live	函数名	未限定名	定义位置	call_like_count	all_occurrences	原始签名	功能签名	前几个命中
present	私有_消费任务调度队列_按请求	私有_消费任务调度队列_按请求	任务模块.管理界面线程.impl.cpp:6623	1	1	void 私有_消费任务调度队列_按请求( 自我类& 自我对象, 任务管理线程协议::结构_任务治理请求& 请求, 任务管理线程协议::结构_任务界面承接结果& 承接, 存在节点类* 任务存在, 时间戳 now, std::size_t 本轮最大消费数, std::uint64_t& 派发工作项数, std::uint64_t& 收到工作结果数) noexc	类别=未分类;输入=有自定义类型;输出=void;副作用=无明显副作用;领域=任务;约束=无显式约束	任务模块.管理界面线程.impl.cpp:6592:  }     return true; }  // 功能：服务所在模块的内部辅助流程。 void 私有_消费任务调度队列_按请求(     自我类& 自我对象,     任务管理线程协议::结构_任务治理请求& 请求,     任务管理线程协议::结构_任务界面承接结果& 承接,
present	设置当前值	设置当前值	基础信息主信息类.h:446	1	1	void 设置当前值(const 特征值& v)	类别=写入;输入=有自定义类型;输出=void;副作用=写项目结构;领域=基础信息;约束=无显式约束	基础信息主信息类.h:372:& 区间->有效(); }      // 功能：设置对象字段、状态或运行参数。     void 设置当前值(const 特征值& v) { 当前值 = v; }      // 功能：比较当前值、目标值或历史基准。     std::int64_t 比较(基础信息基类
present	颜色_at	颜色_at	基础数据类型.h:1285	1	1	[[nodiscard]] inline Color 颜色_at(int u, int v) const noexcept	类别=执行;输入=无自定义类型;输出=其他;副作用=无明显副作用;领域=全局通用候选;约束=noexcept+inline	基础数据类型.h:1126: // 功能：按函数名执行对应处理。     [[nodiscard]] inline Color 颜色_at(int u, int v) const noexcept {         return 有效颜色() ? 颜色[索引(u, v)] : Color{ 255
present	私有_确保当前场景特征值路径宿主_线程侧	私有_确保当前场景特征值路径宿主_线程侧	自我线程模块.impl.cpp:10487	1	1	存在节点类* 私有_确保当前场景特征值路径宿主_线程侧( 自我类& 自我对象, const 需求节点* 来源需求, const char* 路径名, const bool 是OR组宿主) noexcept	类别=未分类;输入=有自定义类型;输出=bool;副作用=无明显副作用;领域=自我;约束=noexcept	自我线程模块.impl.cpp:9928:动态特征词(特征名)); }  // 功能：确保目标结构、状态或前置条件存在并可用。 存在节点类* 私有_确保当前场景特征值路径宿主_线程侧(     自我类& 自我对象,     const 需求节点* 来源需求,     const char* 路径名,     const bool 是OR组宿主
present	私有_创建当前场景特征值逻辑组织子需求_线程侧	私有_创建当前场景特征值逻辑组织子需求_线程侧	自我线程模块.impl.cpp:10525	1	1	需求节点* 私有_创建当前场景特征值逻辑组织子需求_线程侧( 自我类& 自我对象, 需求节点* 父需求, 存在节点类* 目标宿主, const 需求类::枚举_需求获取途径 获取途径, const bool 激活路径, const std::string& 来源因果主键, const 时间戳 now) noexcept	类别=构造;输入=有自定义类型;输出=bool;副作用=无明显副作用;领域=自我;约束=noexcept	自我线程模块.impl.cpp:9966:  名称词,         类型词); }  // 功能：创建并返回或登记对应对象。 需求节点* 私有_创建当前场景特征值逻辑组织子需求_线程侧(     自我类& 自我对象,     需求节点* 父需求,     存在节点类* 目标宿主,     const 需求类::枚举_需求获取途径 获取途径,
present	私有_落线程状态变化到自我内部世界	私有_落线程状态变化到自我内部世界	自我线程模块.impl.cpp:13242	1	1	bool 私有_落线程状态变化到自我内部世界( const 自我线程消息协议::结构_治理消息& 消息) noexcept	类别=未分类;输入=有自定义类型;输出=bool;副作用=无明显副作用;领域=自我;约束=noexcept	自我线程模块.impl.cpp:12638:化);     return 状态节点; }  // 功能：服务所在模块的内部辅助流程。 bool 私有_落线程状态变化到自我内部世界(     const 自我线程消息协议::结构_治理消息& 消息) noexcept {     const auto* 消息段 = 自我线程消息协议::获取线
present	私有_切换线程状态并上报_	私有_切换线程状态并上报_	自我线程模块.impl.cpp:14510	1	1	bool 私有_切换线程状态并上报_( const 结构_线程状态切换上报参数& 参数) noexcept	类别=未分类;输入=有自定义类型;输出=bool;副作用=无明显副作用;领域=自我;约束=noexcept	自我线程模块.impl.cpp:13884:urn 线程存在 != nullptr; }  // 功能：服务所在模块的内部辅助流程。 bool 私有_切换线程状态并上报_(     const 结构_线程状态切换上报参数& 参数) noexcept {     const auto now = 参数.发生时间 == 0 ? 结构体
present	私有_确保安全风险树I64比较_线程侧	私有_确保安全风险树I64比较_线程侧	自我线程模块.impl.cpp:6390	1	1	二次特征节点类* 私有_确保安全风险树I64比较_线程侧( 自我类& 自我对象, 基础信息节点类* 主体, const char* 特征名, I64 当前值, I64 目标值, 时间戳 now) noexcept	类别=比较;输入=有自定义类型;输出=整数/时间;副作用=无明显副作用;领域=自我;约束=noexcept	自我线程模块.impl.cpp:6167:态) noexcept;  // 功能：确保目标结构、状态或前置条件存在并可用。 二次特征节点类* 私有_确保安全风险树I64比较_线程侧(     自我类& 自我对象,     基础信息节点类* 主体,     const char* 特征名,     I64 当前值,     I64 目标值,
present	私有_追加安全风险树缺口消息_线程侧	私有_追加安全风险树缺口消息_线程侧	自我线程模块.impl.cpp:6936	1	1	void 私有_追加安全风险树缺口消息_线程侧( 结构_安全因果风险树线程维护结果& 结果, const 任务节点* 任务头, const 需求节点* 来源需求, 因果节点类* 来源因果, 基础信息节点类* 目标主体, const 语素入口节点类* 目标特征, 状态节点类* 当前状态, 状态节点类* 目标状态,	类别=写入;输入=有自定义类型;输出=void;副作用=无明显副作用;领域=自我;约束=无显式约束	自我线程模块.impl.cpp:6711:(消息);     return 消息; }  // 功能：服务所在模块的内部辅助流程。 void 私有_追加安全风险树缺口消息_线程侧(     结构_安全因果风险树线程维护结果& 结果,     const 任务节点* 任务头,     const 需求节点* 来源需求,     因果节点类*
present	私有_按需求创建任务头_任务管理新链	私有_按需求创建任务头_任务管理新链	自我线程模块.impl.cpp:8289	1	1	任务节点* 私有_按需求创建任务头_任务管理新链( 自我类& 自我对象, 需求节点* 需求节点, 时间戳 now) noexcept	类别=构造;输入=有自定义类型;输出=整数/时间;副作用=无明显副作用;领域=自我;约束=noexcept	自我线程模块.impl.cpp:7967:e,         nullptr); }  // 功能：创建并返回或登记对应对象。 任务节点* 私有_按需求创建任务头_任务管理新链(     自我类& 自我对象,     需求节点* 需求节点,     时间戳 now) noexcept {     return 私有_按需求创建任务头_任
present	私有_按需求创建任务头_任务管理提交链	私有_按需求创建任务头_任务管理提交链	自我线程模块.impl.cpp:9033	1	1	任务节点* 私有_按需求创建任务头_任务管理提交链( 自我类& 自我对象, 需求节点* 需求节点, 时间戳 now) noexcept	类别=构造;输入=有自定义类型;输出=整数/时间;副作用=无明显副作用;领域=自我;约束=noexcept	自我线程模块.impl.cpp:8707:);     return 已提交治理; }  // 功能：创建并返回或登记对应对象。 任务节点* 私有_按需求创建任务头_任务管理提交链(     自我类& 自我对象,     需求节点* 需求节点,     时间戳 now) noexcept {     return 私有_按需求创建任务头_任
present	私有_刷新需求列表并确保需求相关任务_任务管理提交链	私有_刷新需求列表并确保需求相关任务_任务管理提交链	自我线程模块.impl.cpp:9045	1	1	void 私有_刷新需求列表并确保需求相关任务_任务管理提交链( 自我类& 自我对象, std::vector<自我线程类::结构_需求列表项>* 服务优先需求列表, std::vector<自我线程类::结构_需求列表项>* 安全优先需求列表, 时间戳 now)	类别=提交;输入=有自定义类型;输出=void;副作用=无明显副作用;领域=自我;约束=无显式约束	自我线程模块.impl.cpp:8719:点,         now); }  // 功能：提交事实、动态、任务状态或运行回执。 void 私有_刷新需求列表并确保需求相关任务_任务管理提交链(     自我类& 自我对象,     std::vector<自我线程类::结构_需求列表项>* 服务优先需求列表,     std::vector<自我线程
present	世界树类::升格实例稳态为抽象区间	升格实例稳态为抽象区间	世界树类.cpp:1401	2	2	抽象特征节点类* 世界树类::升格实例稳态为抽象区间(特征节点类* 实例特征)	类别=执行;输入=有自定义类型;输出=指针/引用/句柄;副作用=无明显副作用;领域=世界;约束=无显式约束	世界树类.cpp:1758:命中抽象特征(实例特征); }  // 功能：按函数名执行对应处理。 抽象特征节点类* 世界树类::升格实例稳态为抽象区间(特征节点类* 实例特征) {     return 特征服务_.升格当前稳态为抽象区间(实例特征); }  // 功能：按函数名执行对应处理。 bool 世界树 | 世界树类.h:150: 抽象特征节点类* 解析实例特征命中抽象特征(特征节点类* 实例特征);     抽象特征节点类* 升格实例稳态为抽象区间(特征节点类* 实例特征);     bool 求值组合抽象特征(         基础信息节点类* 宿主,         抽象特征节点类* 组合抽象特征,
present	世界树类::刷新存在比较二次特征	刷新存在比较二次特征	世界树类.cpp:1877	2	2	std::vector<二次特征节点类*> 世界树类::刷新存在比较二次特征( 存在节点类* 左存在, 存在节点类* 右存在, const 集合比较参数& 参数)	类别=比较;输入=有自定义类型;输出=指针/引用/句柄;副作用=无明显副作用;领域=世界;约束=无显式约束	世界树类.cpp:3191:// 功能：比较当前值、目标值或历史基准。 std::vector<二次特征节点类*> 世界树类::刷新存在比较二次特征(     存在节点类* 左存在,     存在节点类* 右存在,     const 集合比较参数& 参数) {     if (!左存在 || !右存在 || | 世界树类.h:610:数& 参数 = {}     ) const;     std::vector<二次特征节点类*> 刷新存在比较二次特征(         存在节点类* 左存在,         存在节点类* 右存在,         const 集合比较参数& 参数 = {});      场景
present	世界树类::写入存在观测位置	写入存在观测位置	世界树类.cpp:2147	2	2	bool 世界树类::写入存在观测位置(存在节点类* 节点, const Vector3D& 位置_mm)	类别=写入;输入=有自定义类型;输出=bool;副作用=无明显副作用;领域=世界;约束=无显式约束	世界树类.cpp:3356:turn true; }  // 功能：把处理结果写入指定对象、场景或日志。 bool 世界树类::写入存在观测位置(存在节点类* 节点, const Vector3D& 位置_mm) {     if (!节点) return false;     if (!存在服务_.写入 | 世界树类.h:642:标表,         时间戳 now = 结构体_时间戳::当前_微秒());     bool 写入存在观测位置(存在节点类* 节点, const Vector3D& 位置_mm);  public:     场景节点类* 现实世界 = nullptr;     场景节点类
present	二次特征生成模块::绑定世界树	绑定世界树	二次特征应用模块.ixx:2161	2	2	void 二次特征生成模块::绑定世界树(世界树类* 世界树) noexcept	类别=生成;输入=有自定义类型;输出=void;副作用=无明显副作用;领域=特征;约束=noexcept	二次特征应用模块.ixx:428:二次特征生成模块(世界树类* 世界树 = nullptr) noexcept;      void 绑定世界树(世界树类* 世界树) noexcept;      二次特征节点类* 创建任务结果方向二次特征(         场景节点类* 场景,         状态节点 | 二次特征应用模块.ixx:2219:) { }  // 功能：建立对象、任务、方法或因果之间的绑定关系。 void 二次特征生成模块::绑定世界树(世界树类* 世界树) noexcept {     世界树_ = 世界树; }  // 功能：创建并返回或登记对应对象。 二次特征节点类* 二次特征生成模块::
present	二次特征生成模块::创建任务结果方向二次特征	创建任务结果方向二次特征	二次特征应用模块.ixx:2167	2	2	二次特征节点类* 二次特征生成模块::创建任务结果方向二次特征( 场景节点类* 场景, 状态节点类* 当前状态, 状态节点类* 结果状态, 基础信息节点类* 任务主体)	类别=生成;输入=有自定义类型;输出=指针/引用/句柄;副作用=无明显副作用;领域=特征;约束=无显式约束	二次特征应用模块.ixx:430:    void 绑定世界树(世界树类* 世界树) noexcept;      二次特征节点类* 创建任务结果方向二次特征(         场景节点类* 场景,         状态节点类* 当前状态,         状态节点类* 结果状态,         基础信息节点类* 任 | 二次特征应用模块.ixx:2225: = 世界树; }  // 功能：创建并返回或登记对应对象。 二次特征节点类* 二次特征生成模块::创建任务结果方向二次特征(     场景节点类* 场景,     状态节点类* 当前状态,     状态节点类* 结果状态,     基础信息节点类* 任务主体) {     if (!
present	二次特征生成模块::读取场景二次特征标量	读取场景二次特征标量	二次特征应用模块.ixx:2487	2	2	std::optional<I64> 二次特征生成模块::读取场景二次特征标量( 场景节点类* 场景, const std::string& 概念名称, const 基础信息节点类* 主体, const std::optional<枚举_二次特征域>& 域) const noexcept	类别=读取;输入=有自定义类型;输出=整数/时间;副作用=无明显副作用;领域=特征;约束=noexcept	二次特征应用模块.ixx:461:::nullopt) const noexcept;     std::optional<I64> 读取场景二次特征标量(         场景节点类* 场景,         const 基础信息节点类* 特征节点,         方向掩码 方向约束 = 0,          | 二次特征应用模块.ixx:2557: // 功能：从指定来源读取数据或状态。 std::optional<I64> 二次特征生成模块::读取场景二次特征标量(     场景节点类* 场景,     const 基础信息节点类* 特征节点,     方向掩码 方向约束,     const 基础信息节点类* 主体,
present	二次特征生成模块::取或创建场景条件二次特征_布尔	取或创建场景条件二次特征_布尔	二次特征应用模块.ixx:2501	2	2	二次特征节点类* 二次特征生成模块::取或创建场景条件二次特征_布尔( 场景节点类* 条件场景, const std::string& 度量签名_链键, const char* 概念文本)	类别=生成;输入=有自定义类型;输出=文本;副作用=无明显副作用;领域=特征;约束=无显式约束	二次特征应用模块.ixx:467:>& 域 = std::nullopt) const noexcept;     二次特征节点类* 取或创建场景条件二次特征_布尔(         场景节点类* 条件场景,         const std::string& 度量签名_链键,         const char* 概念 | 二次特征应用模块.ixx:2577:息->标量值; }  // 功能：创建并返回或登记对应对象。 二次特征节点类* 二次特征生成模块::取或创建场景条件二次特征_布尔(     场景节点类* 条件场景,     const std::string& 度量签名_链键,     const char* 概念文本) {     if
present	二次特征生成模块::由状态比较生成二次特征	由状态比较生成二次特征	二次特征应用模块.ixx:2601	2	2	二次特征节点类* 二次特征生成模块::由状态比较生成二次特征( 状态节点类* 左状态, 状态节点类* 右状态)	类别=比较;输入=有自定义类型;输出=指针/引用/句柄;副作用=无明显副作用;领域=特征;约束=无显式约束	二次特征应用模块.ixx:484:    const 语素入口节点类* 概念入口 = nullptr);      二次特征节点类* 由状态比较生成二次特征(         状态节点类* 左状态,         状态节点类* 右状态);     std::vector<二次特征节点类*> 获取动态二次特征(    | 二次特征应用模块.ixx:2668:  // 功能：根据当前输入生成目标数据、场景、动态或回执。 二次特征节点类* 二次特征生成模块::由状态比较生成二次特征(     状态节点类* 左状态,     状态节点类* 右状态) {     if (!世界树_ || !左状态 || !右状态) return nullptr
present	二次特征类::注册概念小区间	注册概念小区间	二次特征类.cpp:594	2	2	二次特征节点类* 二次特征类::注册概念小区间( 二次特征节点类* 任意域节点或链根, const I64区间& 区间, const 语素入口节点类* 概念名称)	类别=未分类;输入=有自定义类型;输出=整数/时间;副作用=无明显副作用;领域=特征;约束=无显式约束	二次特征类.cpp:843:urn 链根; }  // 功能：注册方法、模板、对象或运行入口。 二次特征节点类* 二次特征类::注册概念小区间(     二次特征节点类* 任意域节点或链根,     const I64区间& 区间,     const 语素入口节点类* 概念名称) {     if ( | 二次特征类.h:116:枚举_二次特征种类 种类 = 枚举_二次特征种类::未定义     );     二次特征节点类* 注册概念小区间(         二次特征节点类* 任意域节点或链根,         const I64区间& 区间,         const 语素入口节点类* 概念名称
present	二次特征类::按差值命中概念节点	按差值命中概念节点	二次特征类.cpp:642	2	2	二次特征节点类* 二次特征类::按差值命中概念节点(二次特征节点类* 链根, I64 差值)	类别=比较;输入=有自定义类型;输出=整数/时间;副作用=无明显副作用;领域=特征;约束=无显式约束	二次特征类.cpp:891:特征(链根, 主信息); }  // 功能：按函数名执行对应处理。 二次特征节点类* 二次特征类::按差值命中概念节点(二次特征节点类* 链根, I64 差值) {     if (!基础信息_ || !链根) return nullptr;     私有_确保默认概念刻度(链根 | 二次特征类.h:121:,         const 语素入口节点类* 概念名称     );     二次特征节点类* 按差值命中概念节点(二次特征节点类* 链根, I64 差值);     二次特征节点类* 用概念名称反查节点(二次特征节点类* 链根, const 语素入口节点类* 概念名称);
present	二次特征类::用概念名称反查节点	用概念名称反查节点	二次特征类.cpp:678	2	2	二次特征节点类* 二次特征类::用概念名称反查节点(二次特征节点类* 链根, const 语素入口节点类* 概念名称)	类别=执行;输入=有自定义类型;输出=指针/引用/句柄;副作用=无明显副作用;领域=特征;约束=无显式约束	二次特征类.cpp:927:return 最佳节点; }  // 功能：按函数名执行对应处理。 二次特征节点类* 二次特征类::用概念名称反查节点(二次特征节点类* 链根, const 语素入口节点类* 概念名称) {     if (!基础信息_ || !链根 || !概念名称) return nullp | 二次特征类.h:122:节点类* 按差值命中概念节点(二次特征节点类* 链根, I64 差值);     二次特征节点类* 用概念名称反查节点(二次特征节点类* 链根, const 语素入口节点类* 概念名称);     bool 删除二次特征(二次特征节点类* 节点);      std::vecto
present	任务类::写入任务根实体特征	写入任务根实体特征	任务类.cpp:1303	2	2	bool 任务类::写入任务根实体特征( 节点类* 任务头结点, std::uint64_t 任务根ID, std::uintptr_t 来源需求指针, std::uintptr_t 世界任务根指针, std::uintptr_t 父任务指针, std::uintptr_t 管理对象任务指针, I64 初始授权等级, bool 只读,	类别=写入;输入=有自定义类型;输出=bool;副作用=无明显副作用;领域=任务;约束=无显式约束	任务类.cpp:1365:      now); }  // 功能：把处理结果写入指定对象、场景或日志。 bool 任务类::写入任务根实体特征(     节点类* 任务头结点,     std::uint64_t 任务根ID,     std::uintptr_t 来源需求指针,     std::ui | 任务类.h:48:     const char* 来源原因) noexcept;      static bool 写入任务根实体特征(         节点类* 任务头结点,         std::uint64_t 任务根ID,         std::uintptr_t 来源需求指针,
present	任务类::写入任务控制实体特征	写入任务控制实体特征	任务类.cpp:1331	2	2	bool 任务类::写入任务控制实体特征( 节点类* 任务头结点, std::uint64_t 任务根ID, I64 队列状态值, I64 全局优先级, I64 解阻加权, I64 时间预算_ms, I64 资源预算, std::uint64_t 绑定工作线程ID,	类别=写入;输入=有自定义类型;输出=bool;副作用=无明显副作用;领域=任务;约束=无显式约束	任务类.cpp:1393:return 已写入; }  // 功能：把处理结果写入指定对象、场景或日志。 bool 任务类::写入任务控制实体特征(     节点类* 任务头结点,     std::uint64_t 任务根ID,     I64 队列状态值,     I64 全局优先级,     I64  | 任务类.h:60:    时间戳 now = 结构体_时间戳::当前_微秒());      static bool 写入任务控制实体特征(         节点类* 任务头结点,         std::uint64_t 任务根ID,         I64 队列状态值,         I64
present	任务类::写入任务局部运行实体特征	写入任务局部运行实体特征	任务类.cpp:1371	2	2	bool 任务类::写入任务局部运行实体特征( 节点类* 任务头结点, std::uint64_t 任务根ID, I64 当前状态值, std::uintptr_t 当前步骤前沿, std::uintptr_t 最近局部结果, I64 局部完成度, 场景节点类* 承载场景, 时间戳 now)	类别=写入;输入=有自定义类型;输出=bool;副作用=无明显副作用;领域=任务;约束=无显式约束	任务类.cpp:1433:return 已写入; }  // 功能：把处理结果写入指定对象、场景或日志。 bool 任务类::写入任务局部运行实体特征(     节点类* 任务头结点,     std::uint64_t 任务根ID,     I64 当前状态值,     std::uintptr_t 当前步骤 | 任务类.h:78:    时间戳 now = 结构体_时间戳::当前_微秒());      static bool 写入任务局部运行实体特征(         节点类* 任务头结点,         std::uint64_t 任务根ID,         I64 当前状态值,         std
present	任务类::任务管理对象指向	任务管理对象指向	任务类.cpp:1681	2	2	bool 任务类::任务管理对象指向(const 节点类* 任务节点, const 节点类* 目标任务) noexcept	类别=执行;输入=有自定义类型;输出=bool;副作用=无明显副作用;领域=任务;约束=noexcept	任务类.cpp:1773: }     return 头结点; }  // 功能：按函数名执行对应处理。 bool 任务类::任务管理对象指向(const 节点类* 任务节点, const 节点类* 目标任务) noexcept {     if (!任务节点 || !目标任务) {         r | 任务类.h:153: 读取任务管理对象或自身(节点类* 任务节点) noexcept;     static bool 任务管理对象指向(const 节点类* 任务节点, const 节点类* 目标任务) noexcept;     static bool 写入任务管理对象任务(
present	任务类::写入任务管理对象任务	写入任务管理对象任务	任务类.cpp:1698	2	2	bool 任务类::写入任务管理对象任务( 节点类* 任务节点, 节点类* 管理对象任务, 场景节点类* 承载场景, 时间戳 now) noexcept	类别=写入;输入=有自定义类型;输出=bool;副作用=无明显副作用;领域=任务;约束=noexcept	任务类.cpp:1790:务->获取主键()); }  // 功能：把处理结果写入指定对象、场景或日志。 bool 任务类::写入任务管理对象任务(     节点类* 任务节点,     节点类* 管理对象任务,     场景节点类* 承载场景,     时间戳 now) noexcept {     au | 任务类.h:154: 任务节点, const 节点类* 目标任务) noexcept;     static bool 写入任务管理对象任务(         节点类* 任务节点,         节点类* 管理对象任务,         场景节点类* 承载场景 = nullptr,
present	任务类::写入任务局部优先级偏移	写入任务局部优先级偏移	任务类.cpp:1994	2	2	bool 任务类::写入任务局部优先级偏移(节点类* 任务头结点, I64 值, 场景节点类* 承载场景, 时间戳 now)	类别=写入;输入=有自定义类型;输出=bool;副作用=无明显副作用;领域=任务;约束=无显式约束	任务类.cpp:2082:默认值, 承载场景); }  // 功能：把处理结果写入指定对象、场景或日志。 bool 任务类::写入任务局部优先级偏移(节点类* 任务头结点, I64 值, 场景节点类* 承载场景, 时间戳 now) {     return 私有_写入任务I64特征(任务头结点, 私有_特征_ | 任务类.h:214: 默认值 = 0, 场景节点类* 承载场景 = nullptr);     static bool 写入任务局部优先级偏移(节点类* 任务头结点, I64 值, 场景节点类* 承载场景 = nullptr, 时间戳 now = 结构体_时间戳::当前_微秒());     stati
present	任务类::写入任务运行次数	写入任务运行次数	任务类.cpp:2090	2	2	bool 任务类::写入任务运行次数(节点类* 任务头结点, I64 值, 场景节点类* 承载场景, 时间戳 now)	类别=写入;输入=有自定义类型;输出=bool;副作用=无明显副作用;领域=任务;约束=无显式约束	任务类.cpp:2178:默认值, 承载场景); }  // 功能：把处理结果写入指定对象、场景或日志。 bool 任务类::写入任务运行次数(节点类* 任务头结点, I64 值, 场景节点类* 承载场景, 时间戳 now) {     return 私有_写入任务I64特征(任务头结点, 私有_特征_ | 任务类.h:230: 默认值 = 0, 场景节点类* 承载场景 = nullptr);     static bool 写入任务运行次数(节点类* 任务头结点, I64 值, 场景节点类* 承载场景 = nullptr, 时间戳 now = 结构体_时间戳::当前_微秒());     stati
present	任务类::写入任务成功次数	写入任务成功次数	任务类.cpp:2102	2	2	bool 任务类::写入任务成功次数(节点类* 任务头结点, I64 值, 场景节点类* 承载场景, 时间戳 now)	类别=写入;输入=有自定义类型;输出=bool;副作用=无明显副作用;领域=任务;约束=无显式约束	任务类.cpp:2190:默认值, 承载场景); }  // 功能：把处理结果写入指定对象、场景或日志。 bool 任务类::写入任务成功次数(节点类* 任务头结点, I64 值, 场景节点类* 承载场景, 时间戳 now) {     return 私有_写入任务I64特征(任务头结点, 私有_特征_ | 任务类.h:232: 默认值 = 0, 场景节点类* 承载场景 = nullptr);     static bool 写入任务成功次数(节点类* 任务头结点, I64 值, 场景节点类* 承载场景 = nullptr, 时间戳 now = 结构体_时间戳::当前_微秒());     stati
present	任务类::写入任务失败次数	写入任务失败次数	任务类.cpp:2114	2	2	bool 任务类::写入任务失败次数(节点类* 任务头结点, I64 值, 场景节点类* 承载场景, 时间戳 now)	类别=写入;输入=有自定义类型;输出=bool;副作用=无明显副作用;领域=任务;约束=无显式约束	任务类.cpp:2202:默认值, 承载场景); }  // 功能：把处理结果写入指定对象、场景或日志。 bool 任务类::写入任务失败次数(节点类* 任务头结点, I64 值, 场景节点类* 承载场景, 时间戳 now) {     return 私有_写入任务I64特征(任务头结点, 私有_特征_ | 任务类.h:234: 默认值 = 0, 场景节点类* 承载场景 = nullptr);     static bool 写入任务失败次数(节点类* 任务头结点, I64 值, 场景节点类* 承载场景 = nullptr, 时间戳 now = 结构体_时间戳::当前_微秒());     stati
present	任务类::写入任务连续失败次数	写入任务连续失败次数	任务类.cpp:2126	2	2	bool 任务类::写入任务连续失败次数(节点类* 任务头结点, I64 值, 场景节点类* 承载场景, 时间戳 now)	类别=写入;输入=有自定义类型;输出=bool;副作用=无明显副作用;领域=任务;约束=无显式约束	任务类.cpp:2214:默认值, 承载场景); }  // 功能：把处理结果写入指定对象、场景或日志。 bool 任务类::写入任务连续失败次数(节点类* 任务头结点, I64 值, 场景节点类* 承载场景, 时间戳 now) {     return 私有_写入任务I64特征(任务头结点, 私有_特征_ | 任务类.h:236: 默认值 = 0, 场景节点类* 承载场景 = nullptr);     static bool 写入任务连续失败次数(节点类* 任务头结点, I64 值, 场景节点类* 承载场景 = nullptr, 时间戳 now = 结构体_时间戳::当前_微秒());     stati
present	任务类::写入任务转入缺口需求次数	写入任务转入缺口需求次数	任务类.cpp:2138	2	2	bool 任务类::写入任务转入缺口需求次数(节点类* 任务头结点, I64 值, 场景节点类* 承载场景, 时间戳 now)	类别=写入;输入=有自定义类型;输出=bool;副作用=无明显副作用;领域=任务;约束=无显式约束	任务类.cpp:2226:默认值, 承载场景); }  // 功能：把处理结果写入指定对象、场景或日志。 bool 任务类::写入任务转入缺口需求次数(节点类* 任务头结点, I64 值, 场景节点类* 承载场景, 时间戳 now) {     return 私有_写入任务I64特征(任务头结点, 私有_特征_ | 任务类.h:238: 默认值 = 0, 场景节点类* 承载场景 = nullptr);     static bool 写入任务转入缺口需求次数(节点类* 任务头结点, I64 值, 场景节点类* 承载场景 = nullptr, 时间戳 now = 结构体_时间戳::当前_微秒());     stati
present	任务类::写入任务最近错误码	写入任务最近错误码	任务类.cpp:2150	2	2	bool 任务类::写入任务最近错误码(节点类* 任务头结点, I64 值, 场景节点类* 承载场景, 时间戳 now)	类别=写入;输入=有自定义类型;输出=bool;副作用=无明显副作用;领域=任务;约束=无显式约束	任务类.cpp:2238:默认值, 承载场景); }  // 功能：把处理结果写入指定对象、场景或日志。 bool 任务类::写入任务最近错误码(节点类* 任务头结点, I64 值, 场景节点类* 承载场景, 时间戳 now) {     return 私有_写入任务I64特征(任务头结点, 私有_特征_ | 任务类.h:240: 默认值 = 0, 场景节点类* 承载场景 = nullptr);     static bool 写入任务最近错误码(节点类* 任务头结点, I64 值, 场景节点类* 承载场景 = nullptr, 时间戳 now = 结构体_时间戳::当前_微秒());      stat
present	任务类::同步任务特征使用统计	同步任务特征使用统计	任务类.cpp:2156	2	2	bool 任务类::同步任务特征使用统计( 节点类* 任务头结点, const 结构_特征使用统计& 统计, 枚举_特征生命周期 生命周期, 场景节点类* 承载场景, 时间戳 now)	类别=更新;输入=有自定义类型;输出=bool;副作用=无明显副作用;领域=任务;约束=无显式约束	任务类.cpp:2244:载场景, now); }  // 功能：同步线程、任务、场景或对象之间的状态。 bool 任务类::同步任务特征使用统计(     节点类* 任务头结点,     const 结构_特征使用统计& 统计,     枚举_特征生命周期 生命周期,     场景节点类* 承载场景,   | 任务类.h:242:tr, 时间戳 now = 结构体_时间戳::当前_微秒());      static bool 同步任务特征使用统计(         节点类* 任务头结点,         const 结构_特征使用统计& 统计,         枚举_特征生命周期 生命周期 = 枚举_特征
present	任务类::读取任务特征账本生命周期标准特征	读取任务特征账本生命周期标准特征	任务类.cpp:2175	2	2	I64 任务类::读取任务特征账本生命周期标准特征( 节点类* 任务头结点, I64 默认值, 场景节点类* 承载场景, 时间戳 now)	类别=读取;输入=有自定义类型;输出=整数/时间;副作用=无明显副作用;领域=任务;约束=无显式约束	任务类.cpp:2263:, 统计, 生命周期, now); }  // 功能：从指定来源读取数据或状态。 I64 任务类::读取任务特征账本生命周期标准特征(     节点类* 任务头结点,     I64 默认值,     场景节点类* 承载场景,     时间戳 now) {     auto* 头结点 = 私有 | 任务类.h:249:tr,         时间戳 now = 结构体_时间戳::当前_微秒());      I64 读取任务特征账本生命周期标准特征(         节点类* 任务头结点,         I64 默认值 = 0,         场景节点类* 承载场景 = nullptr,
present	动态类::设置聚合信息	设置聚合信息	动态类.cpp:1208	2	2	bool 动态类::设置聚合信息(动态节点类* 节点, std::uint32_t 动态层级, 枚举_动态聚合方式 聚合方式)	类别=未分类;输入=有自定义类型;输出=bool;副作用=无明显副作用;领域=动态;约束=无显式约束	动态类.cpp:1253:  return true; }  // 功能：设置对象字段、状态或运行参数。 bool 动态类::设置聚合信息(动态节点类* 节点, std::uint32_t 动态层级, 枚举_动态聚合方式 聚合方式) {     auto* 主信息 = 取动态主信息(节点);     | 动态类.h:135:主体特征(动态节点类* 节点, 基础信息节点类* 主体, 特征节点类* 特征);     bool 设置聚合信息(动态节点类* 节点, std::uint32_t 动态层级, 枚举_动态聚合方式 聚合方式);     bool 追加来源低层动态(动态节点类* 节点, 动态节
present	动态类::创建动作动态	创建动作动态	动态类.cpp:750	2	2	动态节点类* 动态类::创建动作动态( 场景节点类* 场景, 基础信息节点类* 动态主体, 特征节点类* 动态特征, 时间戳 开始时间, 时间戳 结束时间)	类别=构造;输入=有自定义类型;输出=整数/时间;副作用=无明显副作用;领域=动态;约束=无显式约束	动态类.cpp:829:结果状态, 0, now); }  // 功能：创建并返回或登记对应对象。 动态节点类* 动态类::创建动作动态(     场景节点类* 场景,     基础信息节点类* 动态主体,     特征节点类* 动态特征,     时间戳 开始时间,     时间戳 结束时间)  | 动态类.h:81:态节点类* 结果状态,         时间戳 now = 0     );     动态节点类* 创建动作动态(         场景节点类* 场景,         基础信息节点类* 动态主体,         特征节点类* 动态特征,         时间戳 开始时间
present	动态类::创建存在动态	创建存在动态	动态类.cpp:832	2	2	动态节点类* 动态类::创建存在动态( 场景节点类* 观察场景, 存在节点类* 被观察存在, 状态节点类* 初始状态, 状态节点类* 结果状态, 动态节点类* 来源低层动态, 时间戳 now)	类别=构造;输入=有自定义类型;输出=整数/时间;副作用=无明显副作用;领域=动态;约束=无显式约束	动态类.cpp:906:创建动态(场景, 主信息); }  // 功能：创建并返回或登记对应对象。 动态节点类* 动态类::创建存在动态(     场景节点类* 观察场景,     存在节点类* 被观察存在,     状态节点类* 初始状态,     状态节点类* 结果状态,     动态节点类* | 动态类.h:103:,         状态节点类* 结果状态 = nullptr     );     动态节点类* 创建存在动态(         场景节点类* 观察场景,         存在节点类* 被观察存在,         状态节点类* 初始状态,         状态节点类*
present	动态类::创建场景动态	创建场景动态	动态类.cpp:880	2	2	动态节点类* 动态类::创建场景动态( 场景节点类* 父场景, 场景节点类* 子场景, 状态节点类* 初始状态, 状态节点类* 结果状态, 动态节点类* 来源低层动态, 时间戳 now)	类别=构造;输入=有自定义类型;输出=整数/时间;副作用=无明显副作用;领域=动态;约束=无显式约束	动态类.cpp:954:  return 动态节点; }  // 功能：创建并返回或登记对应对象。 动态节点类* 动态类::创建场景动态(     场景节点类* 父场景,     场景节点类* 子场景,     状态节点类* 初始状态,     状态节点类* 结果状态,     动态节点类* 来源 | 动态类.h:111: = nullptr,         时间戳 now = 0     );     动态节点类* 创建场景动态(         场景节点类* 父场景,         场景节点类* 子场景,         状态节点类* 初始状态,         状态节点类* 结果状
present	因果类::查询条件相关因果	查询条件相关因果	因果类.cpp:1154	2	2	std::vector<因果模板节点类*> 因果类::查询条件相关因果(特征节点类* 条件特征) const	类别=构造;输入=有自定义类型;输出=指针/引用/句柄;副作用=无明显副作用;领域=因果;约束=无显式约束	因果类.cpp:1721:特征查询抽象因果模板，不创建或修改因果节点。 std::vector<因果模板节点类*> 因果类::查询条件相关因果(特征节点类* 条件特征) const {     std::vector<因果模板节点类*> out;     if (!条件特征) return out;   | 因果类.h:123:件特征查询抽象因果模板，不创建或修改因果节点。     std::vector<因果模板节点类*> 查询条件相关因果(特征节点类* 条件特征) const;      // 功能：按结果特征或结果状态查询抽象因果模板，不创建或修改因果节点。     std::vector<因果
present	因果类::查询结果相关因果	查询结果相关因果	因果类.cpp:1173	2	2	std::vector<因果模板节点类*> 因果类::查询结果相关因果( 特征节点类* 结果特征, 状态节点类* 结果状态) const	类别=构造;输入=有自定义类型;输出=指针/引用/句柄;副作用=无明显副作用;领域=因果;约束=无显式约束	因果类.cpp:1740:状态查询抽象因果模板，不创建或修改因果节点。 std::vector<因果模板节点类*> 因果类::查询结果相关因果(     特征节点类* 结果特征,     状态节点类* 结果状态) const {     std::vector<因果模板节点类*> out;     if | 因果类.h:126:果状态查询抽象因果模板，不创建或修改因果节点。     std::vector<因果模板节点类*> 查询结果相关因果(         特征节点类* 结果特征,         状态节点类* 结果状态 = nullptr) const;      // 功能：按方法模板或动作语
present	因果类::查询动作相关因果	查询动作相关因果	因果类.cpp:1194	2	2	std::vector<因果模板节点类*> 因果类::查询动作相关因果( const 方法节点类* 因方法, const std::string& 动作语义键) const	类别=构造;输入=有自定义类型;输出=文本;副作用=无明显副作用;领域=因果;约束=无显式约束	因果类.cpp:1761:义键查询抽象因果模板，不创建或修改因果节点。 std::vector<因果模板节点类*> 因果类::查询动作相关因果(     const 方法节点类* 因方法,     const std::string& 动作语义键) const {     std::vector<因果模 | 因果类.h:131:语义键查询抽象因果模板，不创建或修改因果节点。     std::vector<因果模板节点类*> 查询动作相关因果(         const 方法节点类* 因方法,         const std::string& 动作语义键 = {}) const;      //
present	场景类::删除场景	删除场景	场景类.cpp:186	2	2	bool 场景类::删除场景(场景节点类* 节点)	类别=清理;输入=有自定义类型;输出=bool;副作用=无明显副作用;领域=场景;约束=无显式约束	场景类.cpp:165:父节点, 名称, 世界类型); }  // 功能：删除指定对象、状态或登记项。 bool 场景类::删除场景(场景节点类* 节点) {     return 基础信息_ ? 基础信息_->删除节点(节点) : false; }  // 功能：按函数名执行对应处理。 st | 场景类.h:49:       枚举_世界类型 世界类型 = 枚举_世界类型::其它     );     bool 删除场景(场景节点类* 节点);      std::vector<场景节点类*> 枚举全部场景() const;     std::vector<场景节点类*> 获取子
present	场景类::枚举全部场景	枚举全部场景	场景类.cpp:192	2	2	std::vector<场景节点类*> 场景类::枚举全部场景() const	类别=执行;输入=有自定义类型;输出=指针/引用/句柄;副作用=无明显副作用;领域=场景;约束=无显式约束	场景类.cpp:171:se; }  // 功能：按函数名执行对应处理。 std::vector<场景节点类*> 场景类::枚举全部场景() const {     std::vector<场景节点类*> out;     if (!基础信息_) return out;      for (aut | 场景类.h:51:   bool 删除场景(场景节点类* 节点);      std::vector<场景节点类*> 枚举全部场景() const;     std::vector<场景节点类*> 获取子场景(const 基础信息节点类* 父节点) const;     std::vecto
present	场景类::绑定来源文章	绑定来源文章	场景类.cpp:263	2	2	bool 场景类::绑定来源文章(场景节点类* 节点, 文章节点类* 来源文章)	类别=未分类;输入=有自定义类型;输出=bool;副作用=无明显副作用;领域=场景;约束=无显式约束	场景类.cpp:362:turn 快照; }  // 功能：建立对象、任务、方法或因果之间的绑定关系。 bool 场景类::绑定来源文章(场景节点类* 节点, 文章节点类* 来源文章) {     auto* 主信息 = 取场景主信息(节点);     if (!主信息) return false | 场景类.h:65:      bool 绑定宿主(场景节点类* 节点, 存在节点类* 宿主存在);     bool 绑定来源文章(场景节点类* 节点, 文章节点类* 来源文章);     存在节点类* 读取场景宿主存在(const 场景节点类* 场景) const noexcept;
present	场景类::追加关系	追加关系	场景类.cpp:306	2	2	bool 场景类::追加关系(场景节点类* 节点, 二次特征节点类* 二次特征节点)	类别=写入;输入=有自定义类型;输出=bool;副作用=无明显副作用;领域=场景;约束=无显式约束	场景类.cpp:464: 索引.size() != 原数量; }  // 功能：按函数名执行对应处理。 bool 场景类::追加关系(场景节点类* 节点, 二次特征节点类* 二次特征节点) {     return 追加二次特征(节点, 二次特征节点); }  // 功能：按函数名执行对应处理 | 场景类.h:76:  bool 移除场景动态索引(场景节点类* 场景, 动态节点类* 动态节点);     bool 追加关系(场景节点类* 节点, 二次特征节点类* 二次特征节点);     bool 追加二次特征(场景节点类* 节点, 二次特征节点类* 二次特征节点);     bo
present	基础信息类::基础信息节点引用语素入口节点	基础信息节点引用语素入口节点	基础信息类.cpp:239	2	2	bool 基础信息类::基础信息节点引用语素入口节点(const 节点类* 节点, const 语素入口节点类* 入口节点) noexcept	类别=执行;输入=有自定义类型;输出=bool;副作用=无明显副作用;领域=基础信息;约束=noexcept	基础信息类.cpp:264:信息->主信息类型 == 类型; }  // 功能：按函数名执行对应处理。 bool 基础信息类::基础信息节点引用语素入口节点(const 节点类* 节点, const 语素入口节点类* 入口节点) noexcept {     return 节点 && 私有_主信息引用语素入口节点(节 | 基础信息类.h:51:t 节点类* 节点, 枚举_主信息类型 类型) noexcept;     static bool 基础信息节点引用语素入口节点(const 节点类* 节点, const 语素入口节点类* 入口节点) noexcept;      template<class T主信息>     T主信息
present	存在类::删除存在	删除存在	存在类.cpp:354	2	2	bool 存在类::删除存在(存在节点类* 节点)	类别=清理;输入=有自定义类型;输出=bool;副作用=无明显副作用;领域=存在;约束=无显式约束	存在类.cpp:584:     return 实例; }  // 功能：删除指定对象、状态或登记项。 bool 存在类::删除存在(存在节点类* 节点) {     if (!基础信息_ || !节点) return false;      基础信息_->释放节点主信息递归(节点);     | 存在类.h:83:   const std::vector<存在节点类*>& 概念集     );     bool 删除存在(存在节点类* 节点);      std::vector<存在节点类*> 枚举全部存在() const;     std::vector<存在节点类*> 获取子
present	存在类::写入名称	写入名称	存在类.cpp:511	2	2	bool 存在类::写入名称(存在节点类* 节点, const 语素入口节点类* 名称)	类别=写入;输入=有自定义类型;输出=bool;副作用=无明显副作用;领域=存在;约束=无显式约束	存在类.cpp:701:return out; }  // 功能：把处理结果写入指定对象、场景或日志。 bool 存在类::写入名称(存在节点类* 节点, const 语素入口节点类* 名称) {     auto* 主信息 = 取存在主信息(节点);     if (!主信息) return | 存在类.h:96:nst 基础信息节点类* 范围根 = nullptr     ) const;      bool 写入名称(存在节点类* 节点, const 语素入口节点类* 名称);     bool 写入类型(存在节点类* 节点, const 语素入口节点类* 类型);
present	存在类::写入类型	写入类型	存在类.cpp:520	2	2	bool 存在类::写入类型(存在节点类* 节点, const 语素入口节点类* 类型)	类别=写入;输入=有自定义类型;输出=bool;副作用=无明显副作用;领域=存在;约束=无显式约束	存在类.cpp:710:eturn true; }  // 功能：把处理结果写入指定对象、场景或日志。 bool 存在类::写入类型(存在节点类* 节点, const 语素入口节点类* 类型) {     auto* 主信息 = 取存在主信息(节点);     if (!主信息) return | 存在类.h:97:bool 写入名称(存在节点类* 节点, const 语素入口节点类* 名称);     bool 写入类型(存在节点类* 节点, const 语素入口节点类* 类型);     bool 绑定概念模板(存在节点类* 节点, 存在节点类* 概念模板);     bool
present	存在类::绑定概念模板	绑定概念模板	存在类.cpp:529	2	2	bool 存在类::绑定概念模板(存在节点类* 节点, 存在节点类* 概念模板)	类别=未分类;输入=有自定义类型;输出=bool;副作用=无明显副作用;领域=存在;约束=无显式约束	存在类.cpp:719:rn true; }  // 功能：建立对象、任务、方法或因果之间的绑定关系。 bool 存在类::绑定概念模板(存在节点类* 节点, 存在节点类* 概念模板) {     auto* 主信息 = 取存在主信息(节点);     if (!主信息) return false | 存在类.h:98:bool 写入类型(存在节点类* 节点, const 语素入口节点类* 类型);     bool 绑定概念模板(存在节点类* 节点, 存在节点类* 概念模板);     bool 添加实例概念(         存在节点类* 实例,         存在节点类* 概念,
present	存在类::标记观测未命中	标记观测未命中	存在类.cpp:641	2	2	bool 存在类::标记观测未命中(存在节点类* 节点)	类别=比较;输入=有自定义类型;输出=bool;副作用=无明显副作用;领域=存在;约束=无显式约束	存在类.cpp:891:考存在,         now); }  // 功能：按函数名执行对应处理。 bool 存在类::标记观测未命中(存在节点类* 节点) {     auto* 主信息 = 取存在主信息(节点);     if (!主信息) return false;      // 未命中 | 存在类.h:122:<结构_存在空间相对坐标项>& 相对坐标表,         时间戳 now);     bool 标记观测未命中(存在节点类* 节点);  private:     基础信息类* 基础信息_ = nullptr; };
present	方法类::注册需求方向方法首节点	注册需求方向方法首节点	方法类.cpp:1582	2	2	方法类::节点类* 方法类::注册需求方向方法首节点( 节点类* 方法根节点, const 语素入口节点类* 主结果特征类型, 二次特征节点类* 结果方向, 枚举_方法来源 来源, 时间戳 now)	类别=未分类;输入=有自定义类型;输出=整数/时间;副作用=无明显副作用;领域=方法;约束=无显式约束	方法类.cpp:2173:turn 节点; }  // 功能：注册方法、模板、对象或运行入口。 方法类::节点类* 方法类::注册需求方向方法首节点(     节点类* 方法根节点,     const 语素入口节点类* 主结果特征类型,     二次特征节点类* 结果方向,     枚举_方法来源 来源,  | 方法类.h:49:    时间戳 now = 结构体_时间戳::当前_微秒());      static 节点类* 注册需求方向方法首节点(         节点类* 方法根节点,         const 语素入口节点类* 主结果特征类型,         二次特征节点类* 结果方向,
present	方法虚拟存在服务类::记录方法运行统计	记录方法运行统计	方法虚拟存在服务类.cpp:813	2	2	bool 方法虚拟存在服务类::记录方法运行统计( 方法类::节点类* 方法首节点, const char* 统计名, I64 增量, 存在节点类* 宿主存在, 时间戳 now)	类别=日志;输入=有自定义类型;输出=bool;副作用=无明显副作用;领域=存在;约束=无显式约束	方法虚拟存在服务类.cpp:800:  now); }  // 功能：记录日志、动态、证据或运行痕迹。 bool 方法虚拟存在服务类::记录方法运行统计(     方法类::节点类* 方法首节点,     const char* 统计名,     I64 增量,     存在节点类* 宿主存在,     时间戳  | 方法虚拟存在服务类.h:63:    时间戳 now = 结构体_时间戳::当前_微秒());      static bool 记录方法运行统计(         方法类::节点类* 方法首节点,         const char* 统计名,         I64 增量 = 1,         存
present	特征类::常用抽象特征已初始化	常用抽象特征已初始化	特征类.cpp:1895	2	2	bool 特征类::常用抽象特征已初始化(const 基础信息节点类* 抽象特征根) const	类别=构造;输入=有自定义类型;输出=bool;副作用=无明显副作用;领域=特征;约束=无显式约束	特征类.cpp:1965:return 全部成功; }  // 功能：初始化相关对象、状态或运行上下文。 bool 特征类::常用抽象特征已初始化(const 基础信息节点类* 抽象特征根) const {     if (!基础信息_ || !抽象特征根) return false;      const | 特征类.h:265:类型);     bool 初始化常用抽象特征(基础信息节点类* 抽象特征根);     bool 常用抽象特征已初始化(const 基础信息节点类* 抽象特征根) const;      特征节点类* 创建特征(基础信息节点类* 宿主, 特征节点主信息类* 主信息);     特
present	特征类::枚举全部特征	枚举全部特征	特征类.cpp:2275	2	2	std::vector<特征节点类*> 特征类::枚举全部特征() const	类别=执行;输入=有自定义类型;输出=指针/引用/句柄;副作用=无明显副作用;领域=特征;约束=无显式约束	特征类.cpp:2338:se; }  // 功能：按函数名执行对应处理。 std::vector<特征节点类*> 特征类::枚举全部特征() const {     std::vector<特征节点类*> out;     if (!基础信息_) return out;      for (aut | 特征类.h:276:   bool 删除特征(特征节点类* 节点);      std::vector<特征节点类*> 枚举全部特征() const;     std::vector<特征节点类*> 获取子特征(const 基础信息节点类* 宿主) const;     特征节点类* 查找子特
present	特征类::清空三维体素特征值	清空三维体素特征值	特征类.cpp:2699	2	2	bool 特征类::清空三维体素特征值(特征节点类* 节点, 时间戳 now)	类别=清理;输入=有自定义类型;输出=bool;副作用=无明显副作用;领域=特征;约束=无显式约束	特征类.cpp:2846:  return true; }  // 功能：清理缓存、临时状态或运行资源。 bool 特征类::清空三维体素特征值(特征节点类* 节点, 时间戳 now) {     auto* 主信息 = 取特征主信息(节点);     if (!主信息) return false;    | 特征类.h:309:特征值(const 特征节点类* 节点, VecU句柄& 输出值) const;     bool 清空三维体素特征值(特征节点类* 节点, 时间戳 now = 结构体_时间戳::当前_微秒());     特征值 读取特征值(const 特征节点类* 节点) const;
present	特征类::设置实例特征局部区间覆盖	设置实例特征局部区间覆盖	特征类.cpp:2784	2	2	bool 特征类::设置实例特征局部区间覆盖(特征节点类* 实例特征, I64区间 区间)	类别=未分类;输入=有自定义类型;输出=bool;副作用=无明显副作用;领域=特征;约束=无显式约束	特征类.cpp:2931:  return 最佳命中; }  // 功能：设置对象字段、状态或运行参数。 bool 特征类::设置实例特征局部区间覆盖(特征节点类* 实例特征, I64区间 区间) {     auto* 主信息 = 取特征主信息(实例特征);     if (!主信息 || !区间.有效()) | 特征类.h:313:     抽象特征节点类* 解析实例特征命中抽象特征(特征节点类* 实例特征);     bool 设置实例特征局部区间覆盖(特征节点类* 实例特征, I64区间 区间);     bool 清除实例特征局部区间覆盖(特征节点类* 实例特征);     抽象特征节点类* 升格当前稳态为
present	特征类::清除实例特征局部区间覆盖	清除实例特征局部区间覆盖	特征类.cpp:2794	2	2	bool 特征类::清除实例特征局部区间覆盖(特征节点类* 实例特征)	类别=执行;输入=有自定义类型;输出=bool;副作用=无明显副作用;领域=特征;约束=无显式约束	特征类.cpp:2941:;     return true; }  // 功能：按函数名执行对应处理。 bool 特征类::清除实例特征局部区间覆盖(特征节点类* 实例特征) {     auto* 主信息 = 取特征主信息(实例特征);     if (!主信息) return false;     主信息 | 特征类.h:314:ool 设置实例特征局部区间覆盖(特征节点类* 实例特征, I64区间 区间);     bool 清除实例特征局部区间覆盖(特征节点类* 实例特征);     抽象特征节点类* 升格当前稳态为抽象区间(特征节点类* 实例特征);     bool 合并抽象区间(抽象特征节点类* 目标
present	特征类::合并抽象区间	合并抽象区间	特征类.cpp:2851	2	2	bool 特征类::合并抽象区间(抽象特征节点类* 目标抽象特征, const 抽象特征节点类* 来源抽象特征)	类别=执行;输入=有自定义类型;输出=bool;副作用=无明显副作用;领域=特征;约束=无显式约束	特征类.cpp:2998:建抽象特征(抽象特征, 新主信息); }  // 功能：按函数名执行对应处理。 bool 特征类::合并抽象区间(抽象特征节点类* 目标抽象特征, const 抽象特征节点类* 来源抽象特征) {     auto* 目标主信息 = 取抽象特征主信息(目标抽象特征);    | 特征类.h:316:;     抽象特征节点类* 升格当前稳态为抽象区间(特征节点类* 实例特征);     bool 合并抽象区间(抽象特征节点类* 目标抽象特征, const 抽象特征节点类* 来源抽象特征);     bool 求值组合抽象特征(         基础信息节点类* 宿主,
present	特征类::写入三维体素长方体占据位	写入三维体素长方体占据位	特征类.cpp:3133	2	2	bool 特征类::写入三维体素长方体占据位( VecIU64& 占据位块, const std::uint32_t 宽度, const std::uint32_t 高度, const std::uint32_t 深度, const std::uint32_t x, const std::uint32_t y, const std::uint32_t z, 	类别=写入;输入=有自定义类型;输出=bool;副作用=无明显副作用;领域=特征;约束=无显式约束	特征类.cpp:3313:位索引)) != 0; }  // 功能：把处理结果写入指定对象、场景或日志。 bool 特征类::写入三维体素长方体占据位(     VecIU64& 占据位块,     const std::uint32_t 宽度,     const std::uint32_t 高度,      | 特征类.h:375:       std::uint32_t z) noexcept;     static bool 写入三维体素长方体占据位(         VecIU64& 占据位块,         std::uint32_t 宽度,         std::uint32_t 高度,
present	特征类::写入三维体素长方体二分层链	写入三维体素长方体二分层链	特征类.cpp:3441	2	2	结构_三维体素链写入结果 特征类::写入三维体素长方体二分层链( 特征值类& 值池, 特征节点类* 节点, const VecIU64& 长方体占据位块, const std::uint32_t 宽度, const std::uint32_t 高度, const std::uint32_t 深度, const std::uint32_t 最小体素边长_mm,	类别=写入;输入=有自定义类型;输出=指针/引用/句柄;副作用=无明显副作用;领域=特征;约束=无显式约束	特征类.cpp:3609: }  // 功能：把长方体输入归一化后写入三维体素二分层链。 结构_三维体素链写入结果 特征类::写入三维体素长方体二分层链(     特征值类& 值池,     特征节点类* 节点,     const VecIU64& 长方体占据位块,     const std::uint32_ | 特征类.h:427:    时间戳 now = 结构体_时间戳::当前_微秒());     结构_三维体素链写入结果 写入三维体素长方体二分层链(         特征值类& 值池,         特征节点类* 节点,         const VecIU64& 长方体占据位块,         st
present	特征类::比较局部轮廓深度图与三维体素链	比较局部轮廓深度图与三维体素链	特征类.cpp:3949	2	2	结构_三维体素局部轮廓相似度结果 特征类::比较局部轮廓深度图与三维体素链( const 特征值类& 值池, VecU句柄 存在体素根句柄, const 结构_三维体素存在空间绑定参数& 存在空间, const std::vector<结构_三维体素轮廓图视角>& 局部视角集合, const 结构_三维体素轮廓融合参数& 局部融合参数, const std:	类别=比较;输入=有自定义类型;输出=指针/引用/句柄;副作用=无明显副作用;领域=特征;约束=无显式约束	特征类.cpp:4088:深度轮廓生成的体素，和已存存在体素链做只读相似度比较。 结构_三维体素局部轮廓相似度结果 特征类::比较局部轮廓深度图与三维体素链(     const 特征值类& 值池,     VecU句柄 存在体素根句柄,     const 结构_三维体素存在空间绑定参数& 存在空间,     co | 特征类.h:454:的体素，和已存存在体素链做只读相似度比较。     static 结构_三维体素局部轮廓相似度结果 比较局部轮廓深度图与三维体素链(         const 特征值类& 值池,         VecU句柄 存在体素根句柄,         const 结构_三维体素存在空间绑定参数&
present	特征类::校验平面轮廓VecI64	校验平面轮廓VecI64	特征类.cpp:3983	2	2	bool 特征类::校验平面轮廓VecI64(const VecI64& 值) noexcept	类别=执行;输入=有自定义类型;输出=bool;副作用=无明显副作用;领域=特征;约束=noexcept	特征类.cpp:4122:ze() % 坐标维度) == 0; }  // 功能：按函数名执行对应处理。 bool 特征类::校验平面轮廓VecI64(const VecI64& 值) noexcept {     return 校验坐标链VecI64(值, 2); }  // 功能：按函数名执行对应处理。 b | 特征类.h:462: 值, std::uint32_t 坐标维度) noexcept;     static bool 校验平面轮廓VecI64(const VecI64& 值) noexcept;     static bool 校验空间极值轮廓VecI64(const VecI64& 值) noexc
present	特征类::校验空间极值轮廓VecI64	校验空间极值轮廓VecI64	特征类.cpp:3989	2	2	bool 特征类::校验空间极值轮廓VecI64(const VecI64& 值) noexcept	类别=执行;输入=有自定义类型;输出=bool;副作用=无明显副作用;领域=特征;约束=noexcept	特征类.cpp:4128:校验坐标链VecI64(值, 2); }  // 功能：按函数名执行对应处理。 bool 特征类::校验空间极值轮廓VecI64(const VecI64& 值) noexcept {     return 校验坐标链VecI64(值, 3); }  // 功能：按函数名执行对应处理。 b | 特征类.h:463:VecI64(const VecI64& 值) noexcept;     static bool 校验空间极值轮廓VecI64(const VecI64& 值) noexcept;     static bool 校验坐标类VecI64_按特征类型(const 语素入口节点类* 特征类型
present	特征类::查找子抽象特征_按名称	查找子抽象特征_按名称	特征类.cpp:659	2	2	抽象特征节点类* 特征类::查找子抽象特征_按名称( const 基础信息节点类* 父抽象特征, const 语素入口节点类* 名称) const	类别=查找;输入=有自定义类型;输出=指针/引用/句柄;副作用=无明显副作用;领域=特征;约束=无显式约束	特征类.cpp:731: nullptr; }  // 功能：按条件查找目标对象、方法或事实。 抽象特征节点类* 特征类::查找子抽象特征_按名称(     const 基础信息节点类* 父抽象特征,     const 语素入口节点类* 名称) const {     if (!基础信息_ || !父抽象 | 特征类.h:257:         const 语素入口节点类* 特征类型) const;     抽象特征节点类* 查找子抽象特征_按名称(         const 基础信息节点类* 父抽象特征,         const 语素入口节点类* 名称) const;     bool 校验抽象特征
present	状态类::获取状态二次特征	获取状态二次特征	状态类.cpp:220	2	2	I64 状态类::获取状态二次特征(const 状态节点主信息类& 状态一, const 状态节点主信息类& 状态二) const noexcept	类别=读取;输入=有自定义类型;输出=整数/时间;副作用=无明显副作用;领域=全局通用候选;约束=noexcept	状态类.cpp:307:return true; }  // 功能：读取并返回指定对象、状态或运行材料。 I64 状态类::获取状态二次特征(const 状态节点主信息类& 状态一, const 状态节点主信息类& 状态二) const noexcept {     if (!状态有效检查(状态一)  | 状态类.h:72:有效检查(const 状态节点主信息类& 主信息) const noexcept;     I64 获取状态二次特征(const 状态节点主信息类& 状态一, const 状态节点主信息类& 状态二) const noexcept;      状态节点类* 创建状态(场景节点类
present	状态类::记录内部状态到场景	记录内部状态到场景	状态类.cpp:427	2	2	bool 状态类::记录内部状态到场景( 场景节点类* 场景, 基础信息节点类* 主体, 特征节点类* 特征, const 特征值& 值, 枚举_存在状态事件 事件, bool 是否变化, 时间戳 now, const 状态后处理回调& 后处理)	类别=日志;输入=有自定义类型;输出=bool;副作用=无明显副作用;领域=全局通用候选;约束=无显式约束	状态类.cpp:481:   return 节点; }  // 功能：记录日志、动态、证据或运行痕迹。 bool 状态类::记录内部状态到场景(     场景节点类* 场景,     基础信息节点类* 主体,     特征节点类* 特征,     const 特征值& 值,     bool 是否变化, | 状态类.h:92:,         const 状态后处理回调& 后处理 = {}     );     bool 记录内部状态到场景(         场景节点类* 场景,         基础信息节点类* 主体,         特征节点类* 特征,         const 特征值& 值
present	状态类::记录世界状态到场景	记录世界状态到场景	状态类.cpp:473	2	2	bool 状态类::记录世界状态到场景( 场景节点类* 场景, 基础信息节点类* 主体, 特征节点类* 特征, const 特征值& 值, 枚举_存在状态事件 事件, bool 是否变化, 时间戳 now, const 状态后处理回调& 后处理)	类别=日志;输入=有自定义类型;输出=bool;副作用=无明显副作用;领域=全局通用候选;约束=无显式约束	状态类.cpp:507:化, now, 后处理); }  // 功能：记录日志、动态、证据或运行痕迹。 bool 状态类::记录世界状态到场景(     场景节点类* 场景,     基础信息节点类* 主体,     特征节点类* 特征,     const 特征值& 值,     bool 是否变化, | 状态类.h:110:,         const 状态后处理回调& 后处理 = {}     );     bool 记录世界状态到场景(         场景节点类* 场景,         基础信息节点类* 主体,         特征节点类* 特征,         const 特征值& 值
present	状态类::记录内部特征状态	记录内部特征状态	状态类.cpp:496	2	2	状态节点类* 状态类::记录内部特征状态( 场景节点类* 场景, 基础信息节点类* 主体, 特征节点类* 特征, const 特征值& 值, 枚举_存在状态事件 事件, bool 是否变化, 时间戳 now, const 状态后处理回调& 后处理)	类别=日志;输入=有自定义类型;输出=bool;副作用=无明显副作用;领域=全局通用候选;约束=无显式约束	状态类.cpp:520:!= nullptr; }  // 功能：记录日志、动态、证据或运行痕迹。 状态节点类* 状态类::记录内部特征状态(     场景节点类* 场景,     基础信息节点类* 主体,     特征节点类* 特征,     const 特征值& 值,     bool 是否变化, | 状态类.h:119:        const 状态后处理回调& 后处理 = {}     );     状态节点类* 记录内部特征状态(         场景节点类* 场景,         基础信息节点类* 主体,         特征节点类* 特征,         const 特征值& 值
present	状态类::枚举全部状态	枚举全部状态	状态类.cpp:533	2	2	std::vector<状态节点类*> 状态类::枚举全部状态() const	类别=执行;输入=有自定义类型;输出=指针/引用/句柄;副作用=无明显副作用;领域=全局通用候选;约束=无显式约束	状态类.cpp:545:点); }  // 功能：按函数名执行对应处理。 std::vector<状态节点类*> 状态类::枚举全部状态() const {     std::vector<状态节点类*> out;     if (!基础信息_) return out;      for (aut | 状态类.h:130:   bool 删除状态(状态节点类* 节点);      std::vector<状态节点类*> 枚举全部状态() const;     std::vector<状态节点类*> 获取场景状态(const 场景节点类* 场景) const;     bool 是否当前活动状
present	状态类::清理超过时间窗口的状态索引	清理超过时间窗口的状态索引	状态类.cpp:717	2	2	std::size_t 状态类::清理超过时间窗口的状态索引( 场景节点类* 场景, 时间戳 最早保留时间, std::size_t 最大清理数量)	类别=未分类;输入=有自定义类型;输出=整数/时间;副作用=无明显副作用;领域=全局通用候选;约束=无显式约束	状态类.cpp:695:size(); }  // 功能：清理缓存、临时状态或运行资源。 std::size_t 状态类::清理超过时间窗口的状态索引(     场景节点类* 场景,     时间戳 最早保留时间,     std::size_t 最大清理数量) {     if (!基础信息_ || !场景  | 状态类.h:141:    std::size_t 最大清理数量 = 0     );     std::size_t 清理超过时间窗口的状态索引(         场景节点类* 场景,         时间戳 最早保留时间,         std::size_t 最大清理数量 = 0     );
present	状态类::按活动状态限量清理	按活动状态限量清理	状态类.cpp:775	2	2	std::size_t 状态类::按活动状态限量清理( 场景节点类* 场景, std::size_t 活动状态上限, std::size_t 最大清理数量)	类别=未分类;输入=有自定义类型;输出=整数/时间;副作用=无明显副作用;领域=全局通用候选;约束=无显式约束	状态类.cpp:738:size(); }  // 功能：清理缓存、临时状态或运行资源。 std::size_t 状态类::按活动状态限量清理(     场景节点类* 场景,     std::size_t 活动状态上限,     std::size_t 最大清理数量) {     if (!基础信息_ | 状态类.h:146:    std::size_t 最大清理数量 = 0     );     std::size_t 按活动状态限量清理(         场景节点类* 场景,         std::size_t 活动状态上限,         std::size_t 最大清理数量 = 0
present	自我类::设置服务时序衰减步长	设置服务时序衰减步长	自我类.cpp:1067	2	2	void 自我类::设置服务时序衰减步长(I64 步长) noexcept	类别=未分类;输入=有自定义类型;输出=void;副作用=无明显副作用;领域=自我;约束=noexcept	自我类.cpp:1027:der_acquire)); }  // 功能：设置对象字段、状态或运行参数。 void 自我类::设置服务时序衰减步长(I64 步长) noexcept {     const I64 新步长 = (std::max<I64>)(1, 步长);     service_decay | 自我类.ixx:149:cept;     I64 服务时序衰减步长() const noexcept;     void 设置服务时序衰减步长(I64 步长) noexcept;      bool 读取自我I64特征当前值(         const 语素入口节点类* 特征类型,         I
present	自我类::获取当前主方法	获取当前主方法	自我类.cpp:1315	2	2	方法类::节点类* 自我类::获取当前主方法() const noexcept	类别=读取;输入=有自定义类型;输出=指针/引用/句柄;副作用=无明显副作用;领域=自我;约束=noexcept	自我类.cpp:1275:(指针值); }  // 功能：读取并返回指定对象、状态或运行材料。 方法类::节点类* 自我类::获取当前主方法() const noexcept {     std::uintptr_t 指针值 = 0;     if (!读取自我指针特征当前值(自我特征定义类::类型_ | 自我类.ixx:196:任务类::节点类* 获取当前主任务() const noexcept;     方法类::节点类* 获取当前主方法() const noexcept;      bool 设置当前主需求(         需求类::节点类* 节点,         时间戳 now = 结构体
present	自我类::设置当前主方法	设置当前主方法	自我类.cpp:1349	2	2	bool 自我类::设置当前主方法(方法类::节点类* 节点, 时间戳 now) noexcept	类别=未分类;输入=有自定义类型;输出=bool;副作用=无明显副作用;领域=自我;约束=noexcept	自我类.cpp:1309:         now); }  // 功能：设置对象字段、状态或运行参数。 bool 自我类::设置当前主方法(方法类::节点类* 节点, 时间戳 now) noexcept {     return 私有_记录自我指针状态(         *this,         | 自我类.ixx:206:戳 now = 结构体_时间戳::当前_微秒()     ) noexcept;     bool 设置当前主方法(         方法类::节点类* 节点,         时间戳 now = 结构体_时间戳::当前_微秒()     ) noexcept;      v
present	自我类::应用服务归零待机保护	应用服务归零待机保护	自我类.cpp:1389	2	2	bool 自我类::应用服务归零待机保护(时间戳 now) noexcept	类别=执行;输入=有自定义类型;输出=bool;副作用=无明显副作用;领域=自我;约束=noexcept	自我类.cpp:1349:elta, 原因类别, 原因说明); }  // 功能：按函数名执行对应处理。 bool 自我类::应用服务归零待机保护(时间戳 now) noexcept {     const bool 旧待机状态 = standby_mode_.load(std::memory_order_ | 自我类.ixx:232: std::string& 原因说明 = {}     ) noexcept;      bool 应用服务归零待机保护(         时间戳 now = 结构体_时间戳::当前_微秒()     ) noexcept;     bool 应用定时衰减服务值(
present	自我类::应用按服务值重算安全增加步长	应用按服务值重算安全增加步长	自我类.cpp:1539	2	2	bool 自我类::应用按服务值重算安全增加步长(时间戳 now) noexcept	类别=执行;输入=有自定义类型;输出=bool;副作用=无明显副作用;领域=自我;约束=noexcept	自我类.cpp:1499:);     return 已变化; }  // 功能：按函数名执行对应处理。 bool 自我类::应用按服务值重算安全增加步长(时间戳 now) noexcept {     const I64 旧步长 = 时序正向步长();     const I64 新步长 = 计算安全增加步长_按 | 自我类.ixx:242:戳 now = 结构体_时间戳::当前_微秒()     ) noexcept;     bool 应用按服务值重算安全增加步长(         时间戳 now = 结构体_时间戳::当前_微秒()     ) noexcept;     bool 应用按服务值重算安全减少步长(
present	自我类::应用按服务值重算安全减少步长	应用按服务值重算安全减少步长	自我类.cpp:1567	2	2	bool 自我类::应用按服务值重算安全减少步长(时间戳 now) noexcept	类别=执行;输入=有自定义类型;输出=bool;副作用=无明显副作用;领域=自我;约束=noexcept	自我类.cpp:1527:);     return 已变化; }  // 功能：按函数名执行对应处理。 bool 自我类::应用按服务值重算安全减少步长(时间戳 now) noexcept {     const I64 旧步长 = 时序反向步长();     const I64 新步长 = 计算安全减少步长_按 | 自我类.ixx:245:戳 now = 结构体_时间戳::当前_微秒()     ) noexcept;     bool 应用按服务值重算安全减少步长(         时间戳 now = 结构体_时间戳::当前_微秒()     ) noexcept;     bool 应用安全低位回升(         I
present	自我类::应用安全低位回升	应用安全低位回升	自我类.cpp:1595	2	2	bool 自我类::应用安全低位回升(I64 delta, 时间戳 now) noexcept	类别=执行;输入=有自定义类型;输出=bool;副作用=无明显副作用;领域=自我;约束=noexcept	自我类.cpp:1555:);     return 已变化; }  // 功能：按函数名执行对应处理。 bool 自我类::应用安全低位回升(I64 delta, 时间戳 now) noexcept {     const I64 旧安全值 = 获取安全值();     const I64 目标安全值 | 自我类.ixx:248:戳 now = 结构体_时间戳::当前_微秒()     ) noexcept;     bool 应用安全低位回升(         I64 delta = 0,         时间戳 now = 结构体_时间戳::当前_微秒()     ) noexcept;     b
present	自我类::应用安全高位回落	应用安全高位回落	自我类.cpp:1633	2	2	bool 自我类::应用安全高位回落(I64 delta, 时间戳 now) noexcept	类别=执行;输入=有自定义类型;输出=bool;副作用=无明显副作用;领域=自我;约束=noexcept	自我类.cpp:1593:);     return 已变化; }  // 功能：按函数名执行对应处理。 bool 自我类::应用安全高位回落(I64 delta, 时间戳 now) noexcept {     const I64 旧安全值 = 获取安全值();     const I64 目标安全值 | 自我类.ixx:252:戳 now = 结构体_时间戳::当前_微秒()     ) noexcept;     bool 应用安全高位回落(         I64 delta = 0,         时间戳 now = 结构体_时间戳::当前_微秒()     ) noexcept;     b
present	自我类::应用风险安全回归	应用风险安全回归	自我类.cpp:1671	2	2	bool 自我类::应用风险安全回归(I64 delta, 时间戳 now) noexcept	类别=执行;输入=有自定义类型;输出=bool;副作用=无明显副作用;领域=自我;约束=noexcept	自我类.cpp:1631:);     return 已变化; }  // 功能：按函数名执行对应处理。 bool 自我类::应用风险安全回归(I64 delta, 时间戳 now) noexcept {     delta = (std::max<I64>)(1, delta);      const | 自我类.ixx:256:戳 now = 结构体_时间戳::当前_微秒()     ) noexcept;     bool 应用风险安全回归(         I64 delta = 1,         时间戳 now = 结构体_时间戳::当前_微秒()     ) noexcept;     b
present	自我类::确保根任务_	确保根任务_	自我类.cpp:2339	2	2	任务类::节点类* 自我类::确保根任务_( 存在节点类* 自我存在, const 语素入口节点类* 任务名称, const 语素入口节点类* 任务类型, 需求类::节点类* 来源需求) noexcept	类别=未分类;输入=有自定义类型;输出=指针/引用/句柄;副作用=无明显副作用;领域=自我;约束=noexcept	自我类.cpp:2298:求节点; }  // 功能：确保目标结构、状态或前置条件存在并可用。 任务类::节点类* 自我类::确保根任务_(     存在节点类* 自我存在,     const 语素入口节点类* 任务名称,     const 语素入口节点类* 任务类型,     需求类::节点类 | 自我类.ixx:320:型,         I64 默认权重     ) noexcept;     任务类::节点类* 确保根任务_(         存在节点类* 自我存在,         const 语素入口节点类* 任务名称,         const 语素入口节点类* 任务类型,
present	自我线程类::尝试抢占落账观察事实承接	尝试抢占落账观察事实承接	自我线程模块.impl.cpp:16544	2	2	bool 自我线程类::尝试抢占落账观察事实承接( const char* 来源, 时间戳 now, std::size_t 最大承接数量)	类别=执行;输入=有自定义类型;输出=bool;副作用=无明显副作用;领域=自我;约束=无显式约束	自我线程模块.impl.cpp:15866:件镜像_已加锁();     } }  // 功能：按函数名执行对应处理。 bool 自我线程类::尝试抢占落账观察事实承接(     const char* 来源,     时间戳 now,     std::size_t 最大承接数量) {     结构_主循环骨架上下文 上下文{ | 自我线程模块.ixx:603:   结构_自检报告修复治理快照 读取最近自检报告修复治理快照() const;     bool 尝试抢占落账观察事实承接(         const char* 来源,         时间戳 now = 结构体_时间戳::当前_微秒(),         std::size_t
present	语素类::添加二次特征词	添加二次特征词	语素类.cpp:1027	2	2	词节点类* 语素类::添加二次特征词(语素节点类* 参照物, 语素节点类* 比较对象, 语素节点类* 比较类型)	类别=执行;输入=有自定义类型;输出=指针/引用/句柄;副作用=无明显副作用;领域=语素;约束=无显式约束	语素类.cpp:1284:() ? 场景结果 : 全部结果; }  // 功能：按函数名执行对应处理。 词节点类* 语素类::添加二次特征词(语素节点类* 参照物, 语素节点类* 比较对象, 语素节点类* 比较类型) {     const std::string 参照词 = 私有_获取语素节点显示词 | 语素类.h:124:const 枚举_词性* 词性 = nullptr     ) const;      词节点类* 添加二次特征词(语素节点类* 参照物, 语素节点类* 比较对象, 语素节点类* 比较类型);     std::int64_t 添加对应基础信息(const 语素入口节点类*
present	枚举_词性_工厂::批量添加动态映射	批量添加动态映射	语素类.cpp:1261	2	2	void 枚举_词性_工厂::批量添加动态映射(const std::vector<std::pair<枚举_词性, std::string>>& 映射列表)	类别=执行;输入=有自定义类型;输出=void;副作用=无明显副作用;领域=语素;约束=无显式约束	语素类.cpp:1532:[词性值] = 文本描述; }  // 功能：按函数名执行对应处理。 void 枚举_词性_工厂::批量添加动态映射(const std::vector<std::pair<枚举_词性, std::string>>& 映射列表) {     for (const auto& 项 | 语素类.h:146:词性 词性值, const std::string& 文本描述);     static void 批量添加动态映射(const std::vector<std::pair<枚举_词性, std::string>>& 映射列表);     static void 清除动态映射(
present	枚举_词性_工厂::清除动态映射	清除动态映射	语素类.cpp:1269	2	2	void 枚举_词性_工厂::清除动态映射()	类别=执行;输入=有自定义类型;输出=void;副作用=无明显副作用;领域=语素;约束=无显式约束	语素类.cpp:1540:econd);     } }  // 功能：按函数名执行对应处理。 void 枚举_词性_工厂::清除动态映射() {     auto& 动态映射 = 私有_枚举到文本动态映射表();     动态映射.clear();     for (const auto& 项 : | 语素类.h:147:pair<枚举_词性, std::string>>& 映射列表);     static void 清除动态映射(); };  extern 语素类 语素集;
present	语素类::生成语素节点	生成语素节点	语素类.cpp:691	2	2	语素入口节点类* 语素类::生成语素节点(结构体_分词 分词信息)	类别=生成;输入=有自定义类型;输出=指针/引用/句柄;副作用=无明显副作用;领域=语素;约束=无显式约束	语素类.cpp:756:se; }  // 功能：根据当前输入生成目标数据、场景、动态或回执。 语素入口节点类* 语素类::生成语素节点(结构体_分词 分词信息) {     return 添加词性词(std::move(分词信息)); }  // 功能：按函数名执行对应处理。 词节点类* 语素类 | 语素类.h:44:=(语素类&&) = delete;      void 初始化();      语素入口节点类* 生成语素节点(结构体_分词 分词信息);      词节点类* 添加词(const std::string& 词字符串);     词节点类* 查找词节点(const std
present	语素类::获取词节点指针	获取词节点指针	语素类.cpp:753	2	2	词节点类* 语素类::获取词节点指针(const std::string& 词字符串) const	类别=读取;输入=有自定义类型;输出=文本;副作用=无明显副作用;领域=语素;约束=无显式约束	语素类.cpp:818:已加锁(词字符串); }  // 功能：读取并返回指定对象、状态或运行材料。 词节点类* 语素类::获取词节点指针(const std::string& 词字符串) const {     if (词字符串.empty()) return nullptr;      读锁守卫 | 语素类.h:48:* 查找词节点(const std::string& 词字符串) const;     词节点类* 获取词节点指针(const std::string& 词字符串) const;     const 语素节点类* 获取语素树根节点() const noexcept;
present	语素类::确保信息入口对应基础信息	确保信息入口对应基础信息	语素类.cpp:930	2	2	基础信息节点类* 语素类::确保信息入口对应基础信息(const std::string& 词值, 枚举_信息入口类型 信息入口类型, 基础信息类* 基础信息仓库, 基础信息节点类* 父节点)	类别=未分类;输入=有自定义类型;输出=文本;副作用=无明显副作用;领域=语素;约束=无显式约束	语素类.cpp:1111:父节点); }  // 功能：确保目标结构、状态或前置条件存在并可用。 基础信息节点类* 语素类::确保信息入口对应基础信息(const std::string& 词值, 枚举_信息入口类型 信息入口类型, 基础信息类* 基础信息仓库, 基础信息节点类* 父节点) {     auto | 语素类.h:89:       基础信息节点类* 父节点 = nullptr     );     基础信息节点类* 确保信息入口对应基础信息(         const std::string& 词值,         枚举_信息入口类型 信息入口类型,         基础信息类* 基础信息仓库
present	语素类::查找语素入口对应基础信息	查找语素入口对应基础信息	语素类.cpp:937	2	2	基础信息节点类* 语素类::查找语素入口对应基础信息(const 语素入口节点类* 入口节点) const	类别=查找;输入=有自定义类型;输出=指针/引用/句柄;副作用=无明显副作用;领域=语素;约束=无显式约束	语素类.cpp:1118:仓库, 父节点); }  // 功能：按条件查找目标对象、方法或事实。 基础信息节点类* 语素类::查找语素入口对应基础信息(const 语素入口节点类* 入口节点) const {     if (!入口节点) return nullptr;     读锁守卫 lk(链表锁);    | 语素类.h:95:       基础信息节点类* 父节点 = nullptr     );     基础信息节点类* 查找语素入口对应基础信息(const 语素入口节点类* 入口节点) const;     bool 是语素入口节点(const 语素入口节点类* 入口节点) const noexcept
present	语素类::通过词和场景查找基础信息	通过词和场景查找基础信息	语素类.cpp:993	2	2	std::vector<基础信息节点类*> 语素类::通过词和场景查找基础信息( const std::string& 词字符串, 场景节点类* 当前场景, const 枚举_词性* 词性 ) const	类别=查找;输入=有自定义类型;输出=文本;副作用=无明显副作用;领域=语素;约束=无显式约束	语素类.cpp:1249:// 功能：按条件查找目标对象、方法或事实。 std::vector<基础信息节点类*> 语素类::通过词和场景查找基础信息(     const std::string& 词字符串,     场景节点类* 当前场景,     const 枚举_词性* 词性 ) const {     | 语素类.h:118:基础信息节点类* 基础信息节点     );      std::vector<基础信息节点类*> 通过词和场景查找基础信息(         const std::string& 词字符串,         场景节点类* 当前场景,         const 枚举_词性* 词性 =
present	语言类::新建文章	新建文章	语言类.cpp:39	2	2	文章节点类* 语言类::新建文章(const std::string& 标题, const std::string& 原文)	类别=执行;输入=有自定义类型;输出=文本;副作用=无明显副作用;领域=语言;约束=无显式约束	语言类.cpp:39:oid 语言类::初始化() { }  // 功能：按函数名执行对应处理。 文章节点类* 语言类::新建文章(const std::string& 标题, const std::string& 原文) {     auto* 名称词 = 语素集.添加信息入口词(标题,  | 语言类.h:26: 生成二次特征自然语言(const 二次特征节点类* 节点) const;      文章节点类* 新建文章(const std::string& 标题, const std::string& 原文);     段落节点类* 添加段落(文章节点类* 文章节点, std:
present	需求类::逻辑组织目标语义文本	逻辑组织目标语义文本	需求类.cpp:1045	2	2	const char* 需求类::逻辑组织目标语义文本( const 语素入口节点类* 目标特征类型) noexcept	类别=执行;输入=有自定义类型;输出=文本;副作用=无明显副作用;领域=需求;约束=noexcept	需求类.cpp:1078:织需求类型::未定义; }  // 功能：按函数名执行对应处理。 const char* 需求类::逻辑组织目标语义文本(     const 语素入口节点类* 目标特征类型) noexcept {     switch (逻辑组织需求类型_按目标特征类型(目标特征类型)) {   | 需求类.h:285:素入口节点类* 目标特征类型) noexcept;      static const char* 逻辑组织目标语义文本(         const 语素入口节点类* 目标特征类型) noexcept;      static 枚举_需求目标语义 需求目标语义_按目标特征类型(
present	需求类::需求方向同向	需求方向同向	需求类.cpp:1406	2	2	bool 需求类::需求方向同向( const 二次特征节点类* 左, const 二次特征节点类* 右) noexcept	类别=执行;输入=有自定义类型;输出=bool;副作用=无明显副作用;领域=需求;约束=noexcept	需求类.cpp:1661:     生成需求方向签名(右)); }  // 功能：按函数名执行对应处理。 bool 需求类::需求方向同向(     const 二次特征节点类* 左,     const 二次特征节点类* 右) noexcept {     return 比较需求方向(左, 右)  | 需求类.h:424:     const 二次特征节点类* 右) noexcept;      static bool 需求方向同向(         const 二次特征节点类* 左,         const 二次特征节点类* 右) noexcept;      static bool
present	需求类::需求方向反向	需求方向反向	需求类.cpp:1414	2	2	bool 需求类::需求方向反向( const 二次特征节点类* 左, const 二次特征节点类* 右) noexcept	类别=执行;输入=有自定义类型;输出=bool;副作用=无明显副作用;领域=需求;约束=noexcept	需求类.cpp:1669:= 枚举_需求方向比较结果::同向; }  // 功能：按函数名执行对应处理。 bool 需求类::需求方向反向(     const 二次特征节点类* 左,     const 二次特征节点类* 右) noexcept {     return 比较需求方向(左, 右)  | 需求类.h:428:     const 二次特征节点类* 右) noexcept;      static bool 需求方向反向(         const 二次特征节点类* 左,         const 二次特征节点类* 右) noexcept;      static bool
present	需求类::目标特征类型可进入普通候选方法筹办	目标特征类型可进入普通候选方法筹办	需求类.cpp:1422	2	2	bool 需求类::目标特征类型可进入普通候选方法筹办( const 语素入口节点类* 目标特征类型) noexcept	类别=未分类;输入=有自定义类型;输出=bool;副作用=无明显副作用;领域=需求;约束=noexcept	需求类.cpp:1677:比较结果::反向; }  // 功能：推进任务筹办，形成候选、缺口或就绪回执。 bool 需求类::目标特征类型可进入普通候选方法筹办(     const 语素入口节点类* 目标特征类型) noexcept {     return 需求目标语义视图(目标特征类型).可进入普通候选方法筹办;  | 需求类.h:432:     const 二次特征节点类* 右) noexcept;      static bool 目标特征类型可进入普通候选方法筹办(         const 语素入口节点类* 目标特征类型) noexcept;      static const char* 普通候选方法筹办禁止原因(
present	需求类::构造AND组需求更新指令	构造AND组需求更新指令	需求类.cpp:1567	2	2	结构_需求树更新指令 需求类::构造AND组需求更新指令( const 结构_逻辑组织需求更新输入& 输入) noexcept	类别=更新;输入=有自定义类型;输出=指针/引用/句柄;副作用=无明显副作用;领域=需求;约束=noexcept	需求类.cpp:2034:辑组织类型); }  // 功能：更新已有对象、状态、索引或缓存。 结构_需求树更新指令 需求类::构造AND组需求更新指令(     const 结构_逻辑组织需求更新输入& 输入) noexcept {     return 构造逻辑组织需求更新指令(         输入,    | 需求类.h:452:   枚举_需求获取途径 途径) noexcept;      static 结构_需求树更新指令 构造AND组需求更新指令(         const 结构_逻辑组织需求更新输入& 输入) noexcept;      static 结构_需求树更新指令 构造OR组需求更新指令(
present	需求类::构造OR组需求更新指令	构造OR组需求更新指令	需求类.cpp:1576	2	2	结构_需求树更新指令 需求类::构造OR组需求更新指令( const 结构_逻辑组织需求更新输入& 输入) noexcept	类别=更新;输入=有自定义类型;输出=指针/引用/句柄;副作用=无明显副作用;领域=需求;约束=noexcept	需求类.cpp:2043::AND组); }  // 功能：更新已有对象、状态、索引或缓存。 结构_需求树更新指令 需求类::构造OR组需求更新指令(     const 结构_逻辑组织需求更新输入& 输入) noexcept {     return 构造逻辑组织需求更新指令(         输入,    | 需求类.h:455:_逻辑组织需求更新输入& 输入) noexcept;      static 结构_需求树更新指令 构造OR组需求更新指令(         const 结构_逻辑组织需求更新输入& 输入) noexcept;      static 结构_需求树更新指令 构造方法路径组需求更新指令
present	需求类::构造方法路径组需求更新指令	构造方法路径组需求更新指令	需求类.cpp:1585	2	2	结构_需求树更新指令 需求类::构造方法路径组需求更新指令( const 结构_逻辑组织需求更新输入& 输入) noexcept	类别=更新;输入=有自定义类型;输出=指针/引用/句柄;副作用=无明显副作用;领域=需求;约束=noexcept	需求类.cpp:2052:::OR组); }  // 功能：更新已有对象、状态、索引或缓存。 结构_需求树更新指令 需求类::构造方法路径组需求更新指令(     const 结构_逻辑组织需求更新输入& 输入) noexcept {     return 构造逻辑组织需求更新指令(         输入,    | 需求类.h:458:_逻辑组织需求更新输入& 输入) noexcept;      static 结构_需求树更新指令 构造方法路径组需求更新指令(         const 结构_逻辑组织需求更新输入& 输入) noexcept;      static 结构_需求树更新指令 构造因果子链支撑需求更新指
present	需求类::构造因果子链支撑需求更新指令	构造因果子链支撑需求更新指令	需求类.cpp:1594	2	2	结构_需求树更新指令 需求类::构造因果子链支撑需求更新指令( const 结构_逻辑组织需求更新输入& 输入) noexcept	类别=更新;输入=有自定义类型;输出=指针/引用/句柄;副作用=无明显副作用;领域=需求;约束=noexcept	需求类.cpp:2061:方法路径组); }  // 功能：更新已有对象、状态、索引或缓存。 结构_需求树更新指令 需求类::构造因果子链支撑需求更新指令(     const 结构_逻辑组织需求更新输入& 输入) noexcept {     return 构造逻辑组织需求更新指令(         输入,    | 需求类.h:461:_逻辑组织需求更新输入& 输入) noexcept;      static 结构_需求树更新指令 构造因果子链支撑需求更新指令(         const 结构_逻辑组织需求更新输入& 输入) noexcept;      // 功能：构造满足需求更新指令，不直接修改需求树。
present	需求类::生成任务初始化上下文	生成任务初始化上下文	需求类.cpp:1824	2	2	需求类::结构_任务初始化上下文 需求类::生成任务初始化上下文( 节点类* 需求) noexcept	类别=生成;输入=有自定义类型;输出=指针/引用/句柄;副作用=无明显副作用;领域=需求;约束=noexcept	需求类.cpp:2293: }  // 功能：初始化相关对象、状态或运行上下文。 需求类::结构_任务初始化上下文 需求类::生成任务初始化上下文(     节点类* 需求) noexcept {     结构_任务初始化上下文 输出{};     if (!需求) {         return 输出; | 需求类.h:625:nst char* 来源原因) noexcept;      static 结构_任务初始化上下文 生成任务初始化上下文(节点类* 需求) noexcept;      static const char* 枚举目标生产者分级文本(         枚举_枚举目标生产者分级 分级)
present	二次特征类::删除二次特征	删除二次特征	二次特征类.cpp:705	2	3	bool 二次特征类::删除二次特征(二次特征节点类* 节点)	类别=清理;输入=有自定义类型;输出=bool;副作用=无明显副作用;领域=特征;约束=无显式约束	二次特征类.cpp:954:turn nullptr; }  // 功能：删除指定对象、状态或登记项。 bool 二次特征类::删除二次特征(二次特征节点类* 节点) {     if (!基础信息_ || !节点) return false;      auto* 父节点 = static_cast | 二次特征类.h:123:称反查节点(二次特征节点类* 链根, const 语素入口节点类* 概念名称);     bool 删除二次特征(二次特征节点类* 节点);      std::vector<二次特征节点类*> 枚举全部二次特征() const;     std::vector<二次特征节
present	动态类::删除动态	删除动态	动态类.cpp:983	2	3	bool 动态类::删除动态(动态节点类* 节点)	类别=清理;输入=有自定义类型;输出=bool;副作用=无明显副作用;领域=动态;约束=无显式约束	动态类.cpp:1057:有可执行动作入口(来源动作); }  // 功能：删除指定对象、状态或登记项。 bool 动态类::删除动态(动态节点类* 节点) {     if (!基础信息_ || !节点) return false;      auto* 父节点 = static_cast<基 | 动态类.h:123:法动作动态(const 方法节点类* 来源动作) const noexcept;     bool 删除动态(动态节点类* 节点);      std::vector<动态节点类*> 枚举全部动态() const;     std::vector<动态节点类*> 获取场
present	自我类::安全值增加	安全值增加	自我类.cpp:1361	2	3	void 自我类::安全值增加(I64 delta, const std::string& 原因类别, const std::string& 原因说明) noexcept	类别=执行;输入=有自定义类型;输出=void;副作用=无明显副作用;领域=自我;约束=noexcept	"自我类.cpp:1321:切换"",         now); }  // 功能：按函数名执行对应处理。 void 自我类::安全值增加(I64 delta, const std::string& 原因类别, const std::string& 原因说明) noexcept {     if ( | 自我类.ixx:211: now = 结构体_时间戳::当前_微秒()     ) noexcept;      void 安全值增加(         I64 delta,         const std::string& 原因类别 = ""安全值增加"",         const std"
present	自我类::安全值减少	安全值减少	自我类.cpp:1368	2	3	void 自我类::安全值减少(I64 delta, const std::string& 原因类别, const std::string& 原因说明) noexcept	类别=执行;输入=有自定义类型;输出=void;副作用=无明显副作用;领域=自我;约束=noexcept	"自我类.cpp:1328:elta, 原因类别, 原因说明); }  // 功能：按函数名执行对应处理。 void 自我类::安全值减少(I64 delta, const std::string& 原因类别, const std::string& 原因说明) noexcept {     if ( | 自我类.ixx:216:t std::string& 原因说明 = {}     ) noexcept;     void 安全值减少(         I64 delta,         const std::string& 原因类别 = ""安全值减少"",         const std"
present	自我类::服务值减少	服务值减少	自我类.cpp:1382	2	3	void 自我类::服务值减少(I64 delta, const std::string& 原因类别, const std::string& 原因说明) noexcept	类别=执行;输入=有自定义类型;输出=void;副作用=无明显副作用;领域=自我;约束=noexcept	"自我类.cpp:1342:elta, 原因类别, 原因说明); }  // 功能：按函数名执行对应处理。 void 自我类::服务值减少(I64 delta, const std::string& 原因类别, const std::string& 原因说明) noexcept {     if ( | 自我类.ixx:226:t std::string& 原因说明 = {}     ) noexcept;     void 服务值减少(         I64 delta,         const std::string& 原因类别 = ""服务值减少"",         const std"
present	基础信息类::更新主信息	更新主信息	基础信息类.cpp:67	2	4	bool 基础信息类::更新主信息(节点类* 节点, 基础信息基类* 主信息)	类别=更新;输入=有自定义类型;输出=bool;副作用=无明显副作用;领域=基础信息;约束=无显式约束	"基础信息类.cpp:95:eturn true; }  // 功能：更新已有对象、状态、索引或缓存。 bool 基础信息类::更新主信息(节点类* 节点, 基础信息基类* 主信息) {     if (鱼巢_不允许空指(节点, ""基础信息类/更新主信息/节点缺失"")) return false;  | 基础信息类.h:28:类* 节点) noexcept;     bool 删除节点(节点类* 节点);     bool 更新主信息(节点类* 节点, 基础信息基类* 主信息);      std::vector<节点类*> 枚举全部节点() const;     std::string 获取"
present	状态类::删除状态	删除状态	状态类.cpp:513	2	4	bool 状态类::删除状态(状态节点类* 节点)	类别=清理;输入=有自定义类型;输出=bool;副作用=无明显副作用;领域=全局通用候选;约束=无显式约束	状态类.cpp:533:否变化, now, 后处理); }  // 功能：删除指定对象、状态或登记项。 bool 状态类::删除状态(状态节点类* 节点) {     if (!基础信息_ || !节点) return false;      auto* 父节点 = static_cast<基 | 状态类.h:128:,         const 状态后处理回调& 后处理 = {}     );     bool 删除状态(状态节点类* 节点);      std::vector<状态节点类*> 枚举全部状态() const;     std::vector<状态节点类*> 获取场
present	自我类::更新待处理方法数量	更新待处理方法数量	自我类.cpp:1708	2	5	bool 自我类::更新待处理方法数量(I64 数量, 时间戳 now) noexcept	类别=更新;输入=有自定义类型;输出=bool;副作用=无明显副作用;领域=自我;约束=noexcept	自我类.cpp:1668:  return 已变化; }  // 功能：更新已有对象、状态、索引或缓存。 bool 自我类::更新待处理方法数量(I64 数量, 时间戳 now) noexcept {     if (数量 < 0) {         数量 = 0;     }      I64 旧值  | 自我类.ixx:260:戳 now = 结构体_时间戳::当前_微秒()     ) noexcept;     bool 更新待处理方法数量(         I64 数量,         时间戳 now = 结构体_时间戳::当前_微秒()     ) noexcept;     bool 增加可
present	自我类::更新方法补齐状态	更新方法补齐状态	自我类.cpp:1820	2	5	bool 自我类::更新方法补齐状态(bool 正在方法补齐, 时间戳 now) noexcept	类别=更新;输入=有自定义类型;输出=bool;副作用=无明显副作用;领域=自我;约束=noexcept	自我类.cpp:1780:  return 已变化; }  // 功能：更新已有对象、状态、索引或缓存。 bool 自我类::更新方法补齐状态(bool 正在方法补齐, 时间戳 now) noexcept {     I64 旧值 = 0;     (void)读取自我I64特征当前值(         | 自我类.ixx:273:戳 now = 结构体_时间戳::当前_微秒()     ) noexcept;     bool 更新方法补齐状态(         bool 正在方法补齐,         时间戳 now = 结构体_时间戳::当前_微秒()     ) noexcept;      结构
present	特征类::生成度量签名	生成度量签名	特征类.cpp:4228	2	6	std::string 特征类::生成度量签名(const 特征节点类* 节点) const	类别=生成;输入=有自定义类型;输出=文本;副作用=无明显副作用;领域=特征;约束=无显式约束	特征类.cpp:4369: }  // 功能：根据当前输入生成目标数据、场景、动态或回执。 std::string 特征类::生成度量签名(const 特征节点类* 节点) const {     const auto* 主信息 = 取特征主信息(节点);     std::ostringstrea | 特征类.h:480: B, const 集合比较参数& 参数 = {}) const;     std::string 生成度量签名(const 特征节点类* 节点) const;  private:     基础信息类* 基础信息_ = nullptr;     差异度函数 差异度函数_{}
present	自我类::服务值增加	服务值增加	自我类.cpp:1375	2	6	void 自我类::服务值增加(I64 delta, const std::string& 原因类别, const std::string& 原因说明) noexcept	类别=执行;输入=有自定义类型;输出=void;副作用=无明显副作用;领域=自我;约束=noexcept	"自我类.cpp:1335:elta, 原因类别, 原因说明); }  // 功能：按函数名执行对应处理。 void 自我类::服务值增加(I64 delta, const std::string& 原因类别, const std::string& 原因说明) noexcept {     if ( | 自我类.ixx:221:t std::string& 原因说明 = {}     ) noexcept;     void 服务值增加(         I64 delta,         const std::string& 原因类别 = ""服务值增加"",         const std"
present	自我特征定义类::类型_自检_结构存在状态	类型_自检_结构存在状态	自我类.特征定义.cpp:469	2	6	const 语素入口节点类* 自我特征定义类::类型_自检_结构存在状态() noexcept	类别=执行;输入=有自定义类型;输出=指针/引用/句柄;副作用=无明显副作用;领域=特征;约束=noexcept	自我类.特征定义.cpp:469:成需求; }  // 功能：按函数名执行对应处理。 const 语素入口节点类* 自我特征定义类::类型_自检_结构存在状态() noexcept { 初始化依赖语素(); return g_类型_自检_结构存在状态; }  // 功能：按函数名执行对应处理。 const 语素入口节点 | 自我类.特征定义.ixx:80:自检_是否建议生成需求() noexcept;     static const 语素入口节点类* 类型_自检_结构存在状态() noexcept;     static const 语素入口节点类* 类型_自检_需求根存在状态() noexcept;     static const
present	自我特征定义类::类型_自检_需求根存在状态	类型_自检_需求根存在状态	自我类.特征定义.cpp:472	2	6	const 语素入口节点类* 自我特征定义类::类型_自检_需求根存在状态() noexcept	类别=执行;输入=有自定义类型;输出=指针/引用/句柄;副作用=无明显副作用;领域=特征;约束=noexcept	自我类.特征定义.cpp:472:在状态; }  // 功能：按函数名执行对应处理。 const 语素入口节点类* 自我特征定义类::类型_自检_需求根存在状态() noexcept { 初始化依赖语素(); return g_类型_自检_需求根存在状态; }  // 功能：按函数名执行对应处理。 const 语素入口节 | 自我类.特征定义.ixx:81:型_自检_结构存在状态() noexcept;     static const 语素入口节点类* 类型_自检_需求根存在状态() noexcept;     static const 语素入口节点类* 类型_自检_任务根存在状态() noexcept;     static const
present	自我特征定义类::类型_自检_任务根存在状态	类型_自检_任务根存在状态	自我类.特征定义.cpp:475	2	6	const 语素入口节点类* 自我特征定义类::类型_自检_任务根存在状态() noexcept	类别=执行;输入=有自定义类型;输出=指针/引用/句柄;副作用=无明显副作用;领域=特征;约束=noexcept	自我类.特征定义.cpp:475:在状态; }  // 功能：按函数名执行对应处理。 const 语素入口节点类* 自我特征定义类::类型_自检_任务根存在状态() noexcept { 初始化依赖语素(); return g_类型_自检_任务根存在状态; }  // 功能：按函数名执行对应处理。 const 语素入口节 | 自我类.特征定义.ixx:82:_自检_需求根存在状态() noexcept;     static const 语素入口节点类* 类型_自检_任务根存在状态() noexcept;     static const 语素入口节点类* 类型_自检_方法根存在状态() noexcept;     static const
present	自我特征定义类::类型_自检_方法根存在状态	类型_自检_方法根存在状态	自我类.特征定义.cpp:478	2	6	const 语素入口节点类* 自我特征定义类::类型_自检_方法根存在状态() noexcept	类别=执行;输入=有自定义类型;输出=指针/引用/句柄;副作用=无明显副作用;领域=特征;约束=noexcept	自我类.特征定义.cpp:478:在状态; }  // 功能：按函数名执行对应处理。 const 语素入口节点类* 自我特征定义类::类型_自检_方法根存在状态() noexcept { 初始化依赖语素(); return g_类型_自检_方法根存在状态; }  // 功能：按函数名执行对应处理。 const 语素入口节 | 自我类.特征定义.ixx:83:_自检_任务根存在状态() noexcept;     static const 语素入口节点类* 类型_自检_方法根存在状态() noexcept;     static const 语素入口节点类* 类型_自检_内部世界存在状态() noexcept;     static cons
present	自我特征定义类::类型_自检_内部世界存在状态	类型_自检_内部世界存在状态	自我类.特征定义.cpp:481	2	6	const 语素入口节点类* 自我特征定义类::类型_自检_内部世界存在状态() noexcept	类别=执行;输入=有自定义类型;输出=指针/引用/句柄;副作用=无明显副作用;领域=特征;约束=noexcept	自我类.特征定义.cpp:481:在状态; }  // 功能：按函数名执行对应处理。 const 语素入口节点类* 自我特征定义类::类型_自检_内部世界存在状态() noexcept { 初始化依赖语素(); return g_类型_自检_内部世界存在状态; }  // 功能：按函数名执行对应处理。 const 语素入口 | 自我类.特征定义.ixx:84:_自检_方法根存在状态() noexcept;     static const 语素入口节点类* 类型_自检_内部世界存在状态() noexcept;     static const 语素入口节点类* 类型_自检_核心状态可读写状态() noexcept;     static con
present	自我特征定义类::类型_自检_核心状态可读写状态	类型_自检_核心状态可读写状态	自我类.特征定义.cpp:484	2	6	const 语素入口节点类* 自我特征定义类::类型_自检_核心状态可读写状态() noexcept	类别=执行;输入=有自定义类型;输出=指针/引用/句柄;副作用=无明显副作用;领域=特征;约束=noexcept	自我类.特征定义.cpp:484:在状态; }  // 功能：按函数名执行对应处理。 const 语素入口节点类* 自我特征定义类::类型_自检_核心状态可读写状态() noexcept { 初始化依赖语素(); return g_类型_自检_核心状态可读写状态; }  // 功能：建立对象、任务、方法或因果之间的绑定关系。 | 自我类.特征定义.ixx:85:自检_内部世界存在状态() noexcept;     static const 语素入口节点类* 类型_自检_核心状态可读写状态() noexcept;     static const 语素入口节点类* 类型_自检_任务虚拟存在绑定状态() noexcept;      static c
present	自我特征定义类::类型_自检_任务虚拟存在绑定状态	类型_自检_任务虚拟存在绑定状态	自我类.特征定义.cpp:487	2	6	const 语素入口节点类* 自我特征定义类::类型_自检_任务虚拟存在绑定状态() noexcept	类别=未分类;输入=有自定义类型;输出=指针/引用/句柄;副作用=无明显副作用;领域=特征;约束=noexcept	自我类.特征定义.cpp:487: 功能：建立对象、任务、方法或因果之间的绑定关系。 const 语素入口节点类* 自我特征定义类::类型_自检_任务虚拟存在绑定状态() noexcept { 初始化依赖语素(); return g_类型_自检_任务虚拟存在绑定状态; }  // 功能：按函数名执行对应处理。 const 语素 | 自我类.特征定义.ixx:86:检_核心状态可读写状态() noexcept;     static const 语素入口节点类* 类型_自检_任务虚拟存在绑定状态() noexcept;      static const 语素入口节点类* 类型_学习_目标状态() noexcept;     static const 语
present	自我类::增加可用方法数量	增加可用方法数量	自我类.cpp:1740	2	7	bool 自我类::增加可用方法数量(I64 增量, 时间戳 now) noexcept	类别=执行;输入=有自定义类型;输出=bool;副作用=无明显副作用;领域=自我;约束=noexcept	自我类.cpp:1700:);     return 已变化; }  // 功能：按函数名执行对应处理。 bool 自我类::增加可用方法数量(I64 增量, 时间戳 now) noexcept {     if (增量 <= 0) {         增量 = 1;     }      I64 旧值 | 自我类.ixx:264:戳 now = 结构体_时间戳::当前_微秒()     ) noexcept;     bool 增加可用方法数量(         I64 增量 = 1,         时间戳 now = 结构体_时间戳::当前_微秒()     ) noexcept;     I64
present	世界树类::初始化核心概念默认特征槽	初始化核心概念默认特征槽	世界树类.cpp:1149	3	3	bool 世界树类::初始化核心概念默认特征槽()	类别=构造;输入=有自定义类型;输出=bool;副作用=无明显副作用;领域=世界;约束=无显式约束	世界树类.cpp:1481:eturn 全部成功; }  // 功能：初始化相关对象、状态或运行上下文。 bool 世界树类::初始化核心概念默认特征槽() {     bool 全部成功 = 初始化核心存在概念树();     全部成功 = 私有_确保概念特征槽集合(         *this,        | 世界树类.cpp:1634: 特征服务_.初始化常用抽象特征(取或创建抽象特征根()) && 全部成功;     全部成功 = 初始化核心概念默认特征槽() && 全部成功;     全部成功 = 绑定核心概念语素() && 全部成功;     return 全部成功; }  // 功能：创建并返回或登记对应对象 | 世界树类.h:120:节点类* 确保核心概念_规则();     bool 初始化核心存在概念树();     bool 初始化核心概念默认特征槽();     bool 绑定核心概念语素();     bool 初始化存在概念系统();      基础信息节点类* 取或创建抽象特征根();     抽象特
present	世界树类::比较轮廓特征_按特征类型	比较轮廓特征_按特征类型	世界树类.cpp:1771	3	3	结构_轮廓比较结果 世界树类::比较轮廓特征_按特征类型( const 语素入口节点类* 特征类型, const 特征节点类* 左特征, const 特征节点类* 右特征) const	类别=比较;输入=有自定义类型;输出=指针/引用/句柄;副作用=无明显副作用;领域=世界;约束=无显式约束	世界树类.cpp:3158:rn true; }  // 功能：比较当前值、目标值或历史基准。 结构_轮廓比较结果 世界树类::比较轮廓特征_按特征类型(     const 语素入口节点类* 特征类型,     const 特征节点类* 左特征,     const 特征节点类* 右特征) const {    | 世界树类.h:601: // 从现有 VecIU64 值池只读解码后比较轮廓，不写二次特征。     结构_轮廓比较结果 比较轮廓特征_按特征类型(         const 语素入口节点类* 特征类型,         const 特征节点类* 左特征,         const 特征节点类* 右特征 | 自我动作实现.外设模块.ixx:7602:   ++汇总.比较特征数量;             const auto 比较结果 = 世界树.比较轮廓特征_按特征类型(特征类型, 左特征, 右特征);             if (比较结果.可比较()) {                 ++汇总.可比较特征数量;
present	世界树类::默认特征差异度	默认特征差异度	世界树类.cpp:2165	3	3	I64 世界树类::默认特征差异度(const 特征值& 左值, const 特征值& 右值) const	类别=执行;输入=有自定义类型;输出=整数/时间;副作用=无明显副作用;领域=世界;约束=无显式约束	世界树类.cpp:1115:t 特征值& 左值, const 特征值& 右值) -> I64 {         return 默认特征差异度(左值, 右值);     }); }  世界树类::~世界树类() = default;  // 功能：初始化相关对象、状态或运行上下文。 void 世界树类: | 世界树类.cpp:3374:}     return true; }  // 功能：按函数名执行对应处理。 I64 世界树类::默认特征差异度(const 特征值& 左值, const 特征值& 右值) const {     if (左值.index() != 右值.index()) return 1 | 世界树类.h:668:状态类 状态服务_;     动态类 动态服务_;     因果类 因果服务_;      I64 默认特征差异度(const 特征值& 左值, const 特征值& 右值) const; };  extern 世界树类& 世界树;
present	世界树类::重写世界树SQL投影	重写世界树SQL投影	世界树类.cpp:962	3	3	bool 世界树类::重写世界树SQL投影(const char* 来源原因) const noexcept	类别=未分类;输入=有自定义类型;输出=bool;副作用=无明显副作用;领域=世界;约束=noexcept	"世界树类.cpp:1295: }  // 功能：把当前世界树本体重写到 SQL Server 查询投影。 bool 世界树类::重写世界树SQL投影(const char* 来源原因) const noexcept {     std::lock_guard<std::mutex> SQL锁{ 私有_世界树S | 世界树类.h:102:;     // 功能：把当前世界树本体重写到 SQL Server 查询投影。     bool 重写世界树SQL投影(const char* 来源原因) const noexcept;      存在节点类* 取或创建存在概念根();     bool 是存在概念(const  | 鱼巢.cpp:1190:        : ""程序退出最终重写"";         const bool 成功 = 世界树.重写世界树SQL投影(来源原因.c_str());         if (仅首次 && 成功) {             启动已成功写入 = true;         }   "
present	二次特征生成模块::确保二次特征具备默认值	确保二次特征具备默认值	二次特征应用模块.ixx:2363	3	3	bool 二次特征生成模块::确保二次特征具备默认值( 二次特征节点类* 条件特征, const char* 默认离散语义键) noexcept	类别=生成;输入=有自定义类型;输出=bool;副作用=无明显副作用;领域=特征;约束=noexcept	"二次特征应用模块.ixx:439:& 请求,         二次特征节点类** 输出节点 = nullptr);     bool 确保二次特征具备默认值(         二次特征节点类* 条件特征,         const char* 默认离散语义键 = ""待填充"") noexcept;     void  | 二次特征应用模块.ixx:2421:rue; }  // 功能：确保目标结构、状态或前置条件存在并可用。 bool 二次特征生成模块::确保二次特征具备默认值(     二次特征节点类* 条件特征,     const char* 默认离散语义键) noexcept {     if (!世界树_ || !条件特征)  | 二次特征应用模块.ixx:2468:    for (const auto& 条件引用 : 条件索引) {         (void)确保二次特征具备默认值(条件引用.指针, 默认离散语义键);     } }  // 功能：按条件查找目标对象、方法或事实。 二次特征节点类* 二次特征生成模块::查找场景二次特征_按"
present	二次特征生成模块::查找场景二次特征_按签名	查找场景二次特征_按签名	二次特征应用模块.ixx:2414	3	3	二次特征节点类* 二次特征生成模块::查找场景二次特征_按签名( 场景节点类* 场景, const std::string& 度量签名_链键) const noexcept	类别=查找;输入=有自定义类型;输出=文本;副作用=无明显副作用;领域=特征;约束=noexcept	"二次特征应用模块.ixx:445:nst char* 默认离散语义键 = ""待填充"") noexcept;     二次特征节点类* 查找场景二次特征_按签名(         场景节点类* 场景,         const std::string& 度量签名_链键) const noexcept;     cons | 二次特征应用模块.ixx:2276:lptr;     if (!请求.度量签名_链键.empty()) {         节点 = 查找场景二次特征_按签名(场景, 请求.度量签名_链键);         if (!节点) {             节点 = 世界树_->创建二次特征_按度量(           | 二次特征应用模块.ixx:2473:   } }  // 功能：按条件查找目标对象、方法或事实。 二次特征节点类* 二次特征生成模块::查找场景二次特征_按签名(     场景节点类* 场景,     const std::string& 度量签名_链键) const noexcept {     if (!世界树_ |"
present	二次特征生成模块::由存在比较结果生成二次特征	由存在比较结果生成二次特征	二次特征应用模块.ixx:2841	3	3	std::vector<二次特征节点类*> 二次特征生成模块::由存在比较结果生成二次特征( 场景节点类* 场景, 存在节点类* 左存在, 存在节点类* 右存在, const 存在比较结果& 比较结果)	类别=比较;输入=有自定义类型;输出=指针/引用/句柄;副作用=无明显副作用;领域=特征;约束=无显式约束	世界树类.cpp:3205: 比较结果 = 比较存在(左存在, 右存在, 参数);     return 二次特征生成服务_->由存在比较结果生成二次特征(         所属场景,         左存在,         右存在,         比较结果); }  // 功能：创建并返回或登记对应对象。 场 | 二次特征应用模块.ixx:495:(场景节点类* 场景, 动态节点类* 动态);     std::vector<二次特征节点类*> 由存在比较结果生成二次特征(         场景节点类* 场景,         存在节点类* 左存在,         存在节点类* 右存在,         const 存在比较结果 | 二次特征应用模块.ixx:2916:入生成目标数据、场景、动态或回执。 std::vector<二次特征节点类*> 二次特征生成模块::由存在比较结果生成二次特征(     场景节点类* 场景,     存在节点类* 左存在,     存在节点类* 右存在,     const 存在比较结果& 比较结果) {     st
present	二次特征类::获取或创建概念树根	获取或创建概念树根	二次特征类.cpp:539	3	3	二次特征节点类* 二次特征类::获取或创建概念树根()	类别=构造;输入=有自定义类型;输出=指针/引用/句柄;副作用=无明显副作用;领域=特征;约束=无显式约束	二次特征类.cpp:788:eturn 新节点; }  // 功能：创建并返回或登记对应对象。 二次特征节点类* 二次特征类::获取或创建概念树根() {     if (!基础信息_) return nullptr;      for (auto* 节点 : 私有_直接基础信息子节点_按类型<二次特征主信 | 二次特征类.cpp:817:量签名_链键.empty()) return nullptr;      auto* 概念树根 = 获取或创建概念树根();     if (!概念树根) return nullptr;      for (auto* 节点 : 获取子二次特征(概念树根)) {          | 二次特征类.h:111:类* 父节点,         const 二次特征主信息类& 模板);     二次特征节点类* 获取或创建概念树根();     二次特征节点类* 获取或创建度量链根(         const std::string& 度量签名_链键,         枚举_二次特征种类
present	二次特征类::获取或创建度量链根	获取或创建度量链根	二次特征类.cpp:562	3	3	二次特征节点类* 二次特征类::获取或创建度量链根( const std::string& 度量签名_链键, 枚举_二次特征种类 种类)	类别=构造;输入=有自定义类型;输出=文本;副作用=无明显副作用;领域=特征;约束=无显式约束	二次特征类.cpp:811:ptr, 主信息); }  // 功能：创建并返回或登记对应对象。 二次特征节点类* 二次特征类::获取或创建度量链根(     const std::string& 度量签名_链键,     枚举_二次特征种类 种类) {     if (!基础信息_ || 度量签名_链键.e | 二次特征类.cpp:1667:t auto 度量链根获取开始 = 私有_二次特征类阶段时间点();     auto* 链根 = 获取或创建度量链根(主信息->度量签名_链键, 主信息->种类);     度量链根获取耗时微秒 = 私有_二次特征类阶段耗时微秒(         度量链根获取开始,       | 二次特征类.h:112:主信息类& 模板);     二次特征节点类* 获取或创建概念树根();     二次特征节点类* 获取或创建度量链根(         const std::string& 度量签名_链键,         枚举_二次特征种类 种类 = 枚举_二次特征种类::未定义     )
present	二次特征类::枚举全部二次特征	枚举全部二次特征	二次特征类.cpp:723	3	3	std::vector<二次特征节点类*> 二次特征类::枚举全部二次特征() const	类别=执行;输入=有自定义类型;输出=指针/引用/句柄;副作用=无明显副作用;领域=特征;约束=无显式约束	二次特征类.cpp:971:}  // 功能：按函数名执行对应处理。 std::vector<二次特征节点类*> 二次特征类::枚举全部二次特征() const {     std::vector<二次特征节点类*> out;     if (!基础信息_) return out;      for (a | 二次特征类.h:125:l 删除二次特征(二次特征节点类* 节点);      std::vector<二次特征节点类*> 枚举全部二次特征() const;     std::vector<二次特征节点类*> 获取子二次特征(const 基础信息节点类* 父节点) const;      bool  | 因果类.cpp:2115:    二次特征类 二次特征服务(base);     for (auto* n : 二次特征服务.枚举全部二次特征()) {         if (!二次特征服务.是状态迁移二次特征(n)) continue;          状态节点类* 起始状态 = nullptr;
present	二次特征类::设置左右对象	设置左右对象	二次特征类.cpp:973	3	3	bool 二次特征类::设置左右对象(二次特征节点类* 节点, 基础信息节点类* 左对象, 基础信息节点类* 右对象)	类别=未分类;输入=有自定义类型;输出=bool;副作用=无明显副作用;领域=特征;约束=无显式约束	世界树类.cpp:2286: 基础信息节点类* 左对象, 基础信息节点类* 右对象) {     return 二次特征服务_.设置左右对象(节点, 左对象, 右对象); }  // 功能：写入二次特征差值比较结果。 bool 世界树类::写入二次特征差值结果(二次特征节点类* 节点, I64 左值, | 二次特征类.cpp:1189:return true; }  // 功能：设置对象字段、状态或运行参数。 bool 二次特征类::设置左右对象(二次特征节点类* 节点, 基础信息节点类* 左对象, 基础信息节点类* 右对象) {     auto* 主信息 = 取二次特征主信息(节点);     if  | 二次特征类.h:152:(二次特征节点类* 节点, 基础信息节点类* 主体, 基础信息节点类* 客体);     bool 设置左右对象(二次特征节点类* 节点, 基础信息节点类* 左对象, 基础信息节点类* 右对象);     bool 写入差值结果(二次特征节点类* 节点, I64 左值, I
present	二次特征类::写入差值结果	写入差值结果	二次特征类.cpp:985	3	3	bool 二次特征类::写入差值结果(二次特征节点类* 节点, I64 左值, I64 右值)	类别=写入;输入=有自定义类型;输出=bool;副作用=无明显副作用;领域=特征;约束=无显式约束	世界树类.cpp:2292:二次特征节点类* 节点, I64 左值, I64 右值) {     return 二次特征服务_.写入差值结果(节点, 左值, 右值); }  // 功能：写入二次特征标量值和满足状态。 bool 世界树类::写入二次特征标量值(二次特征节点类* 节点, I64 标量值, | 二次特征类.cpp:1201:urn true; }  // 功能：把处理结果写入指定对象、场景或日志。 bool 二次特征类::写入差值结果(二次特征节点类* 节点, I64 左值, I64 右值) {     auto* 主信息 = 取二次特征主信息(节点);     if (!主信息) retur | 二次特征类.h:153:次特征节点类* 节点, 基础信息节点类* 左对象, 基础信息节点类* 右对象);     bool 写入差值结果(二次特征节点类* 节点, I64 左值, I64 右值);     bool 写入标量值(二次特征节点类* 节点, I64 标量值, bool 是否满足 = f
present	任务类::创建任务头结点	创建任务头结点	任务类.cpp:2195	3	3	任务类::节点类* 任务类::创建任务头结点( 需求节点类* 来源需求, 节点类* 上级任务节点, 时间戳 now)	类别=构造;输入=有自定义类型;输出=整数/时间;副作用=无明显副作用;领域=任务;约束=无显式约束	任务模块.管理界面线程.impl.cpp:1989:服务.根指针;     任务服务.根指针 = 世界任务根;     auto* 任务 = 任务服务.创建任务头结点(         reinterpret_cast<需求节点类*>(需求),         上级任务,         now);     任务服务.根指针  | 任务类.cpp:2283:return 默认值; }  // 功能：创建并返回或登记对应对象。 任务类::节点类* 任务类::创建任务头结点(     需求节点类* 来源需求,     节点类* 上级任务节点,     时间戳 now) {     if (!来源需求) {         retur | 任务类.h:256:,         时间戳 now = 结构体_时间戳::当前_微秒());       节点类* 创建任务头结点(         需求节点类* 来源需求,         节点类* 上级任务节点 = nullptr,         时间戳 now = 结构体_时间戳::
present	动态类::枚举全部动态	枚举全部动态	动态类.cpp:1003	3	3	std::vector<动态节点类*> 动态类::枚举全部动态() const	类别=执行;输入=有自定义类型;输出=指针/引用/句柄;副作用=无明显副作用;领域=动态;约束=无显式约束	动态类.cpp:1069:点); }  // 功能：按函数名执行对应处理。 std::vector<动态节点类*> 动态类::枚举全部动态() const {     std::vector<动态节点类*> out;     if (!基础信息_) return out;      for (aut | 动态类.h:125:   bool 删除动态(动态节点类* 节点);      std::vector<动态节点类*> 枚举全部动态() const;     std::vector<动态节点类*> 获取场景动态(const 场景节点类* 场景) const;     状态节点类* 查找相邻前 | 因果类.cpp:1092: };      动态类 动态服务(base);     for (auto* 动态 : 动态服务.枚举全部动态()) {         状态节点类* 初始状态 = nullptr;         状态节点类* 结果状态 = nullptr;         方法节点类
present	动态类::查找相邻前状态	查找相邻前状态	动态类.cpp:1036	3	3	状态节点类* 动态类::查找相邻前状态(场景节点类* 场景, 状态节点类* 新状态) const	类别=查找;输入=有自定义类型;输出=指针/引用/句柄;副作用=无明显副作用;领域=动态;约束=无显式约束	动态类.cpp:1096:return out; }  // 功能：按条件查找目标对象、方法或事实。 状态节点类* 动态类::查找相邻前状态(场景节点类* 场景, 状态节点类* 新状态) const {     if (!基础信息_ || !场景 || !新状态) return nullptr;    | 动态类.cpp:1230:景,     状态节点类* 新状态,     时间戳 now) {     auto* 前状态 = 查找相邻前状态(场景, 新状态);     if (!前状态) return nullptr;     return 创建叶子动态(场景, 前状态, 新状态, now); }  | 动态类.h:127:动态节点类*> 获取场景动态(const 场景节点类* 场景) const;     状态节点类* 查找相邻前状态(场景节点类* 场景, 状态节点类* 新状态) const;     动态节点类* 状态记录后刷新动态(         场景节点类* 场景,         状
present	动态类::创建叶子动态	创建叶子动态	动态类.cpp:740	3	3	动态节点类* 动态类::创建叶子动态( 场景节点类* 场景, 状态节点类* 初始状态, 状态节点类* 结果状态, 时间戳 now)	类别=构造;输入=有自定义类型;输出=整数/时间;副作用=无明显副作用;领域=动态;约束=无显式约束	动态类.cpp:819:创建动态(场景, 主信息); }  // 功能：创建并返回或登记对应对象。 动态节点类* 动态类::创建叶子动态(     场景节点类* 场景,     状态节点类* 初始状态,     状态节点类* 结果状态,     时间戳 now) {     return 创建动态 | 动态类.cpp:1232:景, 新状态);     if (!前状态) return nullptr;     return 创建叶子动态(场景, 前状态, 新状态, now); }  // 功能：设置对象字段、状态或运行参数。 bool 动态类::设置主体特征(动态节点类* 节点, 基础信息节点类 | 动态类.h:75:   时间戳 起 = 0,         时间戳 止 = 0     );     动态节点类* 创建叶子动态(         场景节点类* 场景,         状态节点类* 初始状态,         状态节点类* 结果状态,         时间戳 now =
present	动态类::允许生成存在动态	允许生成存在动态	动态类.cpp:939	3	3	bool 动态类::允许生成存在动态( 场景节点类* 观察场景, 存在节点类* 被观察存在, 状态节点类* 初始状态, 状态节点类* 结果状态) const noexcept	类别=生成;输入=有自定义类型;输出=bool;副作用=无明显副作用;领域=动态;约束=noexcept	动态类.cpp:914: 结果状态,     动态节点类* 来源低层动态,     时间戳 now) {     if (!允许生成存在动态(观察场景, 被观察存在, 初始状态, 结果状态)) {         return nullptr;     }     if (auto* 已有动态 = 私 | 动态类.cpp:1013:状态主信息); }  // 功能：根据当前输入生成目标数据、场景、动态或回执。 bool 动态类::允许生成存在动态(     场景节点类* 观察场景,     存在节点类* 被观察存在,     状态节点类* 初始状态,     状态节点类* 结果状态) const noex | 动态类.h:120:态节点类* 初始状态, 状态节点类* 结果状态) const noexcept;     bool 允许生成存在动态(场景节点类* 观察场景, 存在节点类* 被观察存在, 状态节点类* 初始状态, 状态节点类* 结果状态) const noexcept;     bool 允许
present	动态类::允许生成场景动态	允许生成场景动态	动态类.cpp:958	3	3	bool 动态类::允许生成场景动态( 场景节点类* 父场景, 场景节点类* 子场景, 状态节点类* 初始状态, 状态节点类* 结果状态) const noexcept	类别=生成;输入=有自定义类型;输出=bool;副作用=无明显副作用;领域=动态;约束=noexcept	动态类.cpp:962: 结果状态,     动态节点类* 来源低层动态,     时间戳 now) {     if (!允许生成场景动态(父场景, 子场景, 初始状态, 结果状态)) {         return nullptr;     }     if (auto* 已有动态 = 私有_查 | 动态类.cpp:1032:被观察存在); }  // 功能：根据当前输入生成目标数据、场景、动态或回执。 bool 动态类::允许生成场景动态(     场景节点类* 父场景,     场景节点类* 子场景,     状态节点类* 初始状态,     状态节点类* 结果状态) const noexcep | 动态类.h:121:态节点类* 初始状态, 状态节点类* 结果状态) const noexcept;     bool 允许生成场景动态(场景节点类* 父场景, 场景节点类* 子场景, 状态节点类* 初始状态, 状态节点类* 结果状态) const noexcept;     bool 允许生成方
present	因果类::私有_生成因果信息并返回模板	私有_生成因果信息并返回模板	因果类.cpp:1536	3	3	因果模板节点类* 因果类::私有_生成因果信息并返回模板( 场景节点类* 场景, 动态节点类* 动态节点, 基础信息节点类* 动作主体, 基础信息节点类* 动作语义, const std::string& 因动作语义键, bool 设为主结果)	类别=比较;输入=有自定义类型;输出=bool;副作用=无明显副作用;领域=因果;约束=无显式约束	因果类.cpp:2134:  // 功能：内部生成或命中因果模板，并返回公开入口使用的首选模板。 因果模板节点类* 因果类::私有_生成因果信息并返回模板(     场景节点类* 场景,     动态节点类* 动态节点,     基础信息节点类* 动作主体,     基础信息节点类* 动作语义,     const | 因果类.cpp:2473:std::string& 因动作语义键,     bool 设为主结果) {     return 私有_生成因果信息并返回模板(         场景,         动态信息,         动作主体,         动作语义,         因动作语义键,         设 | 因果类.h:199:   // 功能：内部生成或命中因果模板，并返回公开入口使用的首选模板。     因果模板节点类* 私有_生成因果信息并返回模板(         场景节点类* 场景,         动态节点类* 动态节点,         基础信息节点类* 动作主体 = nullptr,
present	因果类::二次特征匹配模板	二次特征匹配模板	因果类.cpp:1902	3	3	bool 因果类::二次特征匹配模板(const 二次特征节点类* 二次特征, const 二次特征节点类* 模板) const noexcept	类别=比较;输入=有自定义类型;输出=bool;副作用=无明显副作用;领域=因果;约束=noexcept	因果类.cpp:2523:}     return true; }  // 功能：按函数名执行对应处理。 bool 因果类::二次特征匹配模板(const 二次特征节点类* 二次特征, const 二次特征节点类* 模板) const noexcept {     auto* base = 基础信息_  | 因果类.cpp:2545:or (auto* c : 结果候选) {         if (m->主果比较模板.指针 && 二次特征匹配模板(c, m->主果比较模板.指针)) {             主果命中 = true;             break;         }     }  | 因果类.h:175: std::vector<std::string>& 缺失证据) const;      bool 二次特征匹配模板(const 二次特征节点类* 二次特征, const 二次特征节点类* 模板) const noexcept;      bool 因果模板匹配二次特征(
present	因果类::因果模板匹配二次特征	因果模板匹配二次特征	因果类.cpp:1911	3	3	bool 因果类::因果模板匹配二次特征( const 因果模板节点类* 模板, const std::vector<二次特征节点类*>&, const std::vector<二次特征节点类*>& 结果候选) const noexcept	类别=比较;输入=有自定义类型;输出=bool;副作用=无明显副作用;领域=因果;约束=noexcept	因果类.cpp:2531:次特征模板匹配(二次特征, 模板); }  // 功能：按函数名执行对应处理。 bool 因果类::因果模板匹配二次特征(     const 因果模板节点类* 模板,     const std::vector<二次特征节点类*>&,     const std::vector< | 因果类.cpp:2566:层级 != 0 && m->适用层级 != 状态层级) continue;         if (因果模板匹配二次特征(n, 条件候选, 结果候选)) out.push_back(n);     }     return out; }  // 功能：把因果模板转换为基础命名显示使 | 因果类.h:177:次特征, const 二次特征节点类* 模板) const noexcept;      bool 因果模板匹配二次特征(         const 因果模板节点类* 模板,         const std::vector<二次特征节点类*>& 条件候选,         c
present	场景类::获取子场景	获取子场景	场景类.cpp:204	3	3	std::vector<场景节点类*> 场景类::获取子场景(const 基础信息节点类* 父节点) const	类别=读取;输入=有自定义类型;输出=指针/引用/句柄;副作用=无明显副作用;领域=场景;约束=无显式约束	场景类.cpp:183:// 功能：读取并返回指定对象、状态或运行材料。 std::vector<场景节点类*> 场景类::获取子场景(const 基础信息节点类* 父节点) const {     std::vector<场景节点类*> out;     if (!基础信息_) return  | 场景类.cpp:229:    if (!名称) return nullptr;      for (auto* 节点 : 获取子场景(父节点)) {         const auto* 主信息 = 取场景主信息(节点);         if (主信息 && 语素入口同一(主信息->名称, | 场景类.h:52:r<场景节点类*> 枚举全部场景() const;     std::vector<场景节点类*> 获取子场景(const 基础信息节点类* 父节点) const;     std::vector<存在节点类*> 获取子存在(const 基础信息节点类* 父节点) con
present	场景类::查找子场景_按名称	查找子场景_按名称	场景类.cpp:240	3	3	场景节点类* 场景类::查找子场景_按名称(const 基础信息节点类* 父节点, const 语素入口节点类* 名称) const	类别=查找;输入=有自定义类型;输出=指针/引用/句柄;副作用=无明显副作用;领域=场景;约束=无显式约束	场景类.cpp:155:入口节点类* 名称,     枚举_世界类型 世界类型) {     if (auto* 命中 = 查找子场景_按名称(父节点, 名称)) {         if (auto* 主信息 = 取场景主信息(命中)) {             主信息->世界类型 = 世界类型;  | 场景类.cpp:225:return out; }  // 功能：按条件查找目标对象、方法或事实。 场景节点类* 场景类::查找子场景_按名称(const 基础信息节点类* 父节点, const 语素入口节点类* 名称) const {     if (!名称) return nullptr;      | 场景类.h:55:节点类*> 获取子特征(const 基础信息节点类* 父节点) const;     场景节点类* 查找子场景_按名称(const 基础信息节点类* 父节点, const 语素入口节点类* 名称) const;     std::vector<结构_场景三维体素轮廓存在比较结果>
present	基础信息类::选择信息入口默认根	选择信息入口默认根	基础信息类.cpp:162	3	3	基础信息类::节点类* 基础信息类::选择信息入口默认根( 枚举_信息入口类型 信息入口类型, 节点类* 上下文节点)	类别=未分类;输入=有自定义类型;输出=指针/引用/句柄;副作用=无明显副作用;领域=基础信息;约束=无显式约束	基础信息类.cpp:152:语素类::读取信息入口存储树(信息入口类型);     auto* 父 = 父节点 ? 父节点 : 选择信息入口默认根(信息入口类型);     if (!父 && 存储树 == 枚举_信息存储树::不入树) {         return nullptr;     }     | 基础信息类.cpp:187:节点; }  // 功能：从候选集中选择当前使用对象或方法。 基础信息类::节点类* 基础信息类::选择信息入口默认根(     枚举_信息入口类型 信息入口类型,     节点类* 上下文节点) {     if (信息入口类型 == 枚举_信息入口类型::未定义) {     | 基础信息类.h:40: 入口节点, 枚举_主信息类型 类型, 节点类* 父节点 = nullptr);     节点类* 选择信息入口默认根(         枚举_信息入口类型 信息入口类型,         节点类* 上下文节点 = nullptr     );     std::vector<节
present	基础信息类::查找引用语素入口节点的基础信息	查找引用语素入口节点的基础信息	基础信息类.cpp:203	3	3	std::vector<基础信息类::节点类*> 基础信息类::查找引用语素入口节点的基础信息( const 语素入口节点类* 入口节点, const 节点类* 范围根 ) const	类别=查找;输入=有自定义类型;输出=指针/引用/句柄;副作用=无明显副作用;领域=基础信息;约束=无显式约束	基础信息类.cpp:163:= 枚举_主信息类型::存在 && !父节点) {         for (auto* 已有 : 查找引用语素入口节点的基础信息(入口节点, 父)) {             if (基础信息节点匹配类型(已有, 类型)) {                 return 已有;     | 基础信息类.cpp:228:：按条件查找目标对象、方法或事实。 std::vector<基础信息类::节点类*> 基础信息类::查找引用语素入口节点的基础信息(     const 语素入口节点类* 入口节点,     const 节点类* 范围根 ) const {     std::vector<节点类*> out | 基础信息类.h:44:节点类* 上下文节点 = nullptr     );     std::vector<节点类*> 查找引用语素入口节点的基础信息(         const 语素入口节点类* 入口节点,         const 节点类* 范围根 = nullptr     ) const;
present	基础信息类::私有_创建语素入口模板主信息	私有_创建语素入口模板主信息	基础信息类.cpp:245	3	3	基础信息基类* 基础信息类::私有_创建语素入口模板主信息(const 语素入口节点类* 入口节点, 枚举_主信息类型 类型)	类别=构造;输入=有自定义类型;输出=指针/引用/句柄;副作用=无明显副作用;领域=基础信息;约束=无显式约束	基础信息类.cpp:175:{         return nullptr;     }      auto* 新主信息 = 私有_创建语素入口模板主信息(入口节点, 类型);     if (!新主信息) return nullptr;      auto* 新节点 = 添加子节点(父, 新主信息);     i | 基础信息类.cpp:270:主信息, 入口节点); }  // 功能：创建并返回或登记对应对象。 基础信息基类* 基础信息类::私有_创建语素入口模板主信息(const 语素入口节点类* 入口节点, 枚举_主信息类型 类型) {     switch (类型) {     case 枚举_主信息类型::指代: {   | 基础信息类.h:83:e:     节点类* 存在概念根_ = nullptr;      static 基础信息基类* 私有_创建语素入口模板主信息(const 语素入口节点类* 入口节点, 枚举_主信息类型 类型);     static bool 私有_主信息引用语素入口节点(const 基础信息基类*
present	基础信息类::查找语素入口模板	查找语素入口模板	基础信息类.cpp:95	3	3	基础信息类::节点类* 基础信息类::查找语素入口模板(const 语素入口节点类* 入口节点, 枚举_主信息类型 类型) const	类别=查找;输入=有自定义类型;输出=指针/引用/句柄;副作用=无明显副作用;领域=基础信息;约束=无显式约束	基础信息类.cpp:123:out; }  // 功能：按条件查找目标对象、方法或事实。 基础信息类::节点类* 基础信息类::查找语素入口模板(const 语素入口节点类* 入口节点, 枚举_主信息类型 类型) const {     if (!入口节点 || 类型 == 枚举_主信息类型::未定义)  | 基础信息类.cpp:168:            }         }     } else if (auto* 已有 = 查找语素入口模板(入口节点, 类型)) {         return 已有;     }     if (!主信息类型是否可由语素入口模板创建(类型)) {          | 基础信息类.h:38:模板节点；     // - 基础信息模板仍放在基础信息树中，语素层只保存引用。     节点类* 查找语素入口模板(const 语素入口节点类* 入口节点, 枚举_主信息类型 类型) const;     节点类* 确保语素入口模板(const 语素入口节点类* 入口节点,
present	存在类::绑定内部世界	绑定内部世界	存在类.cpp:604	3	3	bool 存在类::绑定内部世界(存在节点类* 节点, 场景节点类* 内部世界)	类别=未分类;输入=有自定义类型;输出=bool;副作用=无明显副作用;领域=存在;约束=无显式约束	世界树类.cpp:3270:n nullptr;      场景服务_.绑定宿主(内部世界, 宿主存在);     存在服务_.绑定内部世界(宿主存在, 内部世界);     return 内部世界; }  // 功能：从指定来源读取数据或状态。 bool 世界树类::读取存在场景绝对坐标(const | 存在类.cpp:753:urn 已添加; }  // 功能：建立对象、任务、方法或因果之间的绑定关系。 bool 存在类::绑定内部世界(存在节点类* 节点, 场景节点类* 内部世界) {     auto* 主信息 = 取存在主信息(节点);     if (!主信息) return false | 存在类.h:104:类* 概念,         bool 是否扩充记忆 = true     );     bool 绑定内部世界(存在节点类* 节点, 场景节点类* 内部世界);     // 仅更新存在主信息中的最近观测缓存；正式治理判断应读取空间特征 / 二次特征 / 动态证据。
present	控制面板摘要线程类::读取最新快照	读取最新快照	控制面板摘要线程模块.impl.cpp:711	3	3	结构_控制面板摘要快照 控制面板摘要线程类::读取最新快照() const	类别=读取;输入=有自定义类型;输出=其他;副作用=无明显副作用;领域=控制面板;约束=无显式约束	控制面板摘要线程模块.impl.cpp:710:期_; }  // 功能：从指定来源读取数据或状态。 结构_控制面板摘要快照 控制面板摘要线程类::读取最新快照() const {     std::lock_guard<std::mutex> lock(状态锁_);     return 最新快照_; }  // 功能 | 控制面板摘要线程模块.impl.cpp:833:面板摘要快照 读取最新控制面板摘要快照() {     return 获取全局控制面板摘要线程().读取最新快照(); }  // 功能：按函数名执行对应处理。 const char* 控制面板摘要线程生命周期文本(     枚举_控制面板摘要线程生命周期状态 状态) no | 控制面板摘要线程模块.ixx:88:生命周期状态 读取生命周期状态() const noexcept;     结构_控制面板摘要快照 读取最新快照() const;  private:     void 主循环_();     结构_控制面板摘要快照 采集快照_();     void 写入快照_(结构_控
present	控制面板摘要线程类::采集快照_	采集快照_	控制面板摘要线程模块.impl.cpp:774	3	3	结构_控制面板摘要快照 控制面板摘要线程类::采集快照_()	类别=执行;输入=有自定义类型;输出=其他;副作用=无明显副作用;领域=控制面板;约束=无显式约束	"控制面板摘要线程模块.impl.cpp:736:f (刷新请求_.exchange(false)) {                 写入快照_(采集快照_());             }         } catch (...) {             std::lock_guard<std::mutex | 控制面板摘要线程模块.impl.cpp:773:退出""); }  // 功能：按函数名执行对应处理。 结构_控制面板摘要快照 控制面板摘要线程类::采集快照_() {     结构_控制面板摘要快照 快照{};     快照.采集时间 = 结构体_时间戳::当前_微秒();     快照.世界版本 = 私有_读取世界观 | 控制面板摘要线程模块.ixx:92:const;  private:     void 主循环_();     结构_控制面板摘要快照 采集快照_();     void 写入快照_(结构_控制面板摘要快照 快照);  private:     mutable std::mutex 状态锁_{};     "
present	控制面板摘要线程类::写入快照_	写入快照_	控制面板摘要线程模块.impl.cpp:792	3	3	void 控制面板摘要线程类::写入快照_(结构_控制面板摘要快照 快照)	类别=写入;输入=有自定义类型;输出=void;副作用=无明显副作用;领域=控制面板;约束=无显式约束	控制面板摘要线程模块.impl.cpp:736:     if (刷新请求_.exchange(false)) {                 写入快照_(采集快照_());             }         } catch (...) {             std::lock_guard<std: | 控制面板摘要线程模块.impl.cpp:791:n 快照; }  // 功能：把处理结果写入指定对象、场景或日志。 void 控制面板摘要线程类::写入快照_(结构_控制面板摘要快照 快照) {     std::lock_guard<std::mutex> lock(状态锁_);     快照.生命周期 = 生命周期 | 控制面板摘要线程模块.ixx:93:   void 主循环_();     结构_控制面板摘要快照 采集快照_();     void 写入快照_(结构_控制面板摘要快照 快照);  private:     mutable std::mutex 状态锁_{};     std::condition_var
present	方法虚拟存在服务类::初始化方法虚拟存在基础信息	初始化方法虚拟存在基础信息	方法虚拟存在服务类.cpp:604	3	3	bool 方法虚拟存在服务类::初始化方法虚拟存在基础信息( 方法类::节点类* 方法首节点, 存在节点类* 宿主存在, 时间戳 now)	类别=构造;输入=有自定义类型;输出=bool;副作用=无明显副作用;领域=存在;约束=无显式约束	方法虚拟存在服务类.cpp:590:pty(); }  // 功能：初始化相关对象、状态或运行上下文。 bool 方法虚拟存在服务类::初始化方法虚拟存在基础信息(     方法类::节点类* 方法首节点,     存在节点类* 宿主存在,     时间戳 now) {     auto* 首节点 = 私有_归一到方法首节 | 方法虚拟存在服务类.cpp:746: 私有_同步方法身份与默认特征(首节点, 宿主存在, now) || 已同步;     已同步 = 初始化方法虚拟存在基础信息(首节点, 宿主存在, now) || 已同步;     已同步 = 同步方法首节点结构特征(首节点, 宿主存在, now) || 已同步;     已同步 =  | 方法虚拟存在服务类.h:22:    时间戳 now = 结构体_时间戳::当前_微秒());      static bool 初始化方法虚拟存在基础信息(         方法类::节点类* 方法首节点,         存在节点类* 宿主存在 = nullptr,         时间戳 now = 结构体_时
present	方法虚拟存在服务类::同步方法首节点结构特征	同步方法首节点结构特征	方法虚拟存在服务类.cpp:648	3	3	bool 方法虚拟存在服务类::同步方法首节点结构特征( 方法类::节点类* 方法首节点, 存在节点类* 宿主存在, 时间戳 now)	类别=更新;输入=有自定义类型;输出=bool;副作用=无明显副作用;领域=存在;约束=无显式约束	方法虚拟存在服务类.cpp:634:已写入; }  // 功能：同步线程、任务、场景或对象之间的状态。 bool 方法虚拟存在服务类::同步方法首节点结构特征(     方法类::节点类* 方法首节点,     存在节点类* 宿主存在,     时间戳 now) {     auto* 首节点 = 私有_归一到方法首节 | 方法虚拟存在服务类.cpp:747:= 初始化方法虚拟存在基础信息(首节点, 宿主存在, now) || 已同步;     已同步 = 同步方法首节点结构特征(首节点, 宿主存在, now) || 已同步;     已同步 = 私有_同步方法状态特征(首节点, 宿主存在, now) || 已同步;     已同步 =  | 方法虚拟存在服务类.h:27:    时间戳 now = 结构体_时间戳::当前_微秒());      static bool 同步方法首节点结构特征(         方法类::节点类* 方法首节点,         存在节点类* 宿主存在 = nullptr,         时间戳 now = 结构体_时
present	方法虚拟存在服务类::初始化方法统计特征	初始化方法统计特征	方法虚拟存在服务类.cpp:711	3	3	bool 方法虚拟存在服务类::初始化方法统计特征( 方法类::节点类* 方法首节点, 存在节点类* 宿主存在, 时间戳 now)	类别=构造;输入=有自定义类型;输出=bool;副作用=无明显副作用;领域=存在;约束=无显式约束	方法虚拟存在服务类.cpp:698:n 已写入; }  // 功能：初始化相关对象、状态或运行上下文。 bool 方法虚拟存在服务类::初始化方法统计特征(     方法类::节点类* 方法首节点,     存在节点类* 宿主存在,     时间戳 now) {     auto* 首节点 = 私有_归一到方法首节 | 方法虚拟存在服务类.cpp:749:步 = 私有_同步方法状态特征(首节点, 宿主存在, now) || 已同步;     已同步 = 初始化方法统计特征(首节点, 宿主存在, now) || 已同步;     return 已同步; }  // 功能：记录日志、动态、证据或运行痕迹。 bool 方法虚拟存在服务类 | 方法虚拟存在服务类.h:32:    时间戳 now = 结构体_时间戳::当前_微秒());      static bool 初始化方法统计特征(         方法类::节点类* 方法首节点,         存在节点类* 宿主存在 = nullptr,         时间戳 now = 结构体_时
present	特征类::查找子特征_按名称	查找子特征_按名称	特征类.cpp:2320	3	3	特征节点类* 特征类::查找子特征_按名称(const 基础信息节点类* 宿主, const 语素入口节点类* 名称) const	类别=查找;输入=有自定义类型;输出=指针/引用/句柄;副作用=无明显副作用;领域=特征;约束=无显式约束	特征类.cpp:2383:rn nullptr; }  // 功能：按条件查找目标对象、方法或事实。 特征节点类* 特征类::查找子特征_按名称(const 基础信息节点类* 宿主, const 语素入口节点类* 名称) const {     if (!基础信息_ || !名称) return null | 特征类.cpp:2603:    return false;         }         auto* 实例子节点 = 查找子特征_按名称(实例特征, 抽象子信息->名称);         if (!实例子节点) {             return false;         }      | 特征类.h:279:信息节点类* 宿主, const 语素入口节点类* 特征类型) const;     特征节点类* 查找子特征_按名称(const 基础信息节点类* 宿主, const 语素入口节点类* 名称) const;     特征值 读取子特征值_按类型(const 基础信息节点类* 宿
present	特征类::查找实例特征_按抽象特征	查找实例特征_按抽象特征	特征类.cpp:2468	3	3	特征节点类* 特征类::查找实例特征_按抽象特征( const 基础信息节点类* 宿主, const 抽象特征节点类* 抽象特征) const	类别=查找;输入=有自定义类型;输出=指针/引用/句柄;副作用=无明显副作用;领域=特征;约束=无显式约束	特征类.cpp:2615:eturn true; }  // 功能：按条件查找目标对象、方法或事实。 特征节点类* 特征类::查找实例特征_按抽象特征(     const 基础信息节点类* 宿主,     const 抽象特征节点类* 抽象特征) const {     if (!宿主 || !抽象特征) r | 特征类.cpp:2644:(!宿主 || !抽象特征) return nullptr;     if (auto* 命中 = 查找实例特征_按抽象特征(宿主, 抽象特征)) {         return 命中;     }      const auto* 抽象主信息 = 取抽象特征主信息(抽象特征);   | 特征类.h:295:特征节点类* 抽象特征, const 特征节点类* 实例特征) const;     特征节点类* 查找实例特征_按抽象特征(         const 基础信息节点类* 宿主,         const 抽象特征节点类* 抽象特征) const;     特征节点类* 取或创建实
present	特征类::写入特征值_按参数	写入特征值_按参数	特征类.cpp:2512	3	3	特征写入结果 特征类::写入特征值_按参数(特征节点类* 节点, const 特征值& 值, const 写入参数& 参数)	类别=写入;输入=有自定义类型;输出=指针/引用/句柄;副作用=无明显副作用;领域=特征;约束=无显式约束	特征类.cpp:2659:宿主, 主信息); }  // 功能：把处理结果写入指定对象、场景或日志。 特征写入结果 特征类::写入特征值_按参数(特征节点类* 节点, const 特征值& 值, const 写入参数& 参数) {     特征写入结果 结果{};     结果.特征 = 节点;      | 特征类.cpp:2807:now) {     写入参数 参数{};     参数.ts = now;     return 写入特征值_按参数(节点, 值, 参数).特征 != nullptr && 特征值有效(值); }  // 功能：把处理结果写入指定对象、场景或日志。 bool 特征类::写入特征 | 特征类.h:302: 基础信息节点类* 宿主,         抽象特征节点类* 抽象特征);      特征写入结果 写入特征值_按参数(特征节点类* 节点, const 特征值& 值, const 写入参数& 参数 = {});     bool 写入特征值(特征节点类* 节点, const 特
present	特征类::写入三维体素特征值	写入三维体素特征值	特征类.cpp:2682	3	3	bool 特征类::写入三维体素特征值(特征节点类* 节点, VecU句柄 值, 时间戳 now)	类别=写入;输入=有自定义类型;输出=bool;副作用=无明显副作用;领域=特征;约束=无显式约束	特征类.cpp:2829: 值 }, now); }  // 功能：把处理结果写入指定对象、场景或日志。 bool 特征类::写入三维体素特征值(特征节点类* 节点, VecU句柄 值, 时间戳 now) {     return 值.有效() && 写入特征值_VecU句柄(节点, 值, now); } | 特征类.cpp:3604:层块边长);             }         }     }      结果.成功 = 写入三维体素特征值(节点, 结果.根句柄, now);     return 结果; }  // 功能：把长方体输入归一化后写入三维体素二分层链。 结构_三维体素链写入结果 特征类 | 特征类.h:307:节点, 指针句柄 值, 时间戳 now = 结构体_时间戳::当前_微秒());     bool 写入三维体素特征值(特征节点类* 节点, VecU句柄 值, 时间戳 now = 结构体_时间戳::当前_微秒());     bool 读取三维体素特征值(const 特征节点类
present	特征类::读取三维体素特征值	读取三维体素特征值	特征类.cpp:2688	3	3	bool 特征类::读取三维体素特征值(const 特征节点类* 节点, VecU句柄& 输出值) const	类别=读取;输入=有自定义类型;输出=bool;副作用=无明显副作用;领域=特征;约束=无显式约束	场景类.cpp:261:征类型);         VecU句柄 存在体素根句柄{};         if (!特征服务.读取三维体素特征值(三维体素特征, 存在体素根句柄)) continue;          Vector3D 存在原点{};         if (!存在服务.读取存在场景绝对 | 特征类.cpp:2835:U句柄(节点, 值, now); }  // 功能：从指定来源读取数据或状态。 bool 特征类::读取三维体素特征值(const 特征节点类* 节点, VecU句柄& 输出值) const {     输出值 = {};     const auto 值 = 读取特征值(节点) | 特征类.h:308:, VecU句柄 值, 时间戳 now = 结构体_时间戳::当前_微秒());     bool 读取三维体素特征值(const 特征节点类* 节点, VecU句柄& 输出值) const;     bool 清空三维体素特征值(特征节点类* 节点, 时间戳 now = 结构体
present	特征类::枚举命中抽象状态	枚举命中抽象状态	特征类.cpp:2719	3	3	std::vector<抽象特征节点类*> 特征类::枚举命中抽象状态(const 特征节点类* 实例特征) const	类别=比较;输入=有自定义类型;输出=指针/引用/句柄;副作用=无明显副作用;领域=特征;约束=无显式约束	特征类.cpp:2866:; }  // 功能：按函数名执行对应处理。 std::vector<抽象特征节点类*> 特征类::枚举命中抽象状态(const 特征节点类* 实例特征) const {     std::vector<抽象特征节点类*> 命中{};     if (!基础信息_ || !实例 | 特征类.cpp:2908:f (!实例主信息) return nullptr;      const auto 命中集合 = 枚举命中抽象状态(实例特征);     if (命中集合.empty()) {         实例主信息->当前命中抽象特征.清空();         return null | 特征类.h:311:const 特征节点类* 节点) const;     std::vector<抽象特征节点类*> 枚举命中抽象状态(const 特征节点类* 实例特征) const;     抽象特征节点类* 解析实例特征命中抽象特征(特征节点类* 实例特征);     bool 设置实例特
present	特征类::升格当前稳态为抽象区间	升格当前稳态为抽象区间	特征类.cpp:2804	3	3	抽象特征节点类* 特征类::升格当前稳态为抽象区间(特征节点类* 实例特征)	类别=执行;输入=有自定义类型;输出=指针/引用/句柄;副作用=无明显副作用;领域=特征;约束=无显式约束	世界树类.cpp:1760:世界树类::升格实例稳态为抽象区间(特征节点类* 实例特征) {     return 特征服务_.升格当前稳态为抽象区间(实例特征); }  // 功能：按函数名执行对应处理。 bool 世界树类::求值组合抽象特征(     基础信息节点类* 宿主,     抽象特征节点类* 组 | 特征类.cpp:2951:  return true; }  // 功能：按函数名执行对应处理。 抽象特征节点类* 特征类::升格当前稳态为抽象区间(特征节点类* 实例特征) {     auto* 实例主信息 = 取特征主信息(实例特征);     auto* 抽象特征 = 实例主信息 ? 实例主信息->抽 | 特征类.h:315:     bool 清除实例特征局部区间覆盖(特征节点类* 实例特征);     抽象特征节点类* 升格当前稳态为抽象区间(特征节点类* 实例特征);     bool 合并抽象区间(抽象特征节点类* 目标抽象特征, const 抽象特征节点类* 来源抽象特征);     bool
present	特征类::获取比较方式	获取比较方式	特征类.cpp:2883	3	3	枚举_特征值比较模式 特征类::获取比较方式( const 语素入口节点类*, const 特征值& 左值, const 特征值& 右值) const noexcept	类别=比较;输入=有自定义类型;输出=指针/引用/句柄;副作用=无明显副作用;领域=特征;约束=noexcept	特征类.cpp:3030:alse; }  // 功能：读取并返回指定对象、状态或运行材料。 枚举_特征值比较模式 特征类::获取比较方式(     const 语素入口节点类*,     const 特征值& 左值,     const 特征值& 右值) const noexcept {      | 特征类.cpp:3064:ndex()) {         return 结果;     }      结果.比较方式 = 获取比较方式(特征类型, 左值, 右值);      switch (结果.比较方式) {     case 枚举_特征值比较模式::有序标量: {         cons | 特征类.h:321:      时间戳 now = 结构体_时间戳::当前_微秒());     枚举_特征值比较模式 获取比较方式(         const 语素入口节点类* 特征类型,         const 特征值& 左值,         const 特征值& 右值) cons
present	特征类::VecU解释规则_按特征类型	VecU解释规则_按特征类型	特征类.cpp:2972	3	3	结构_VecU特征解释规则 特征类::VecU解释规则_按特征类型(const 语素入口节点类* 特征类型)	类别=执行;输入=有自定义类型;输出=指针/引用/句柄;副作用=无明显副作用;领域=特征;约束=无显式约束	特征类.cpp:3152: 右特征主信息); }  // 功能：按函数名执行对应处理。 结构_VecU特征解释规则 特征类::VecU解释规则_按特征类型(const 语素入口节点类* 特征类型) {     if (!特征类型) return {};      if (语素入口同一(特征类型, 私有_平面轮廓特征 | 特征类.cpp:4108:_按特征类型(const 语素入口节点类* 特征类型) {     const auto 规则 = VecU解释规则_按特征类型(特征类型);     if (!规则.是坐标链()) return std::nullopt;     return 规则.坐标维度; }  // 功能：按函数 | 特征类.h:337:   const 特征值& 右值) const;     static 结构_VecU特征解释规则 VecU解释规则_按特征类型(const 语素入口节点类* 特征类型);     static std::optional<std::uint32_t> 轮廓坐标维度_按特征类型(const
present	特征类::三维体素包围立方体细分层数	三维体素包围立方体细分层数	特征类.cpp:3011	3	3	std::optional<std::uint32_t> 特征类::三维体素包围立方体细分层数( const std::uint32_t 宽度, const std::uint32_t 高度, const std::uint32_t 深度) noexcept	类别=未分类;输入=有自定义类型;输出=其他;副作用=无明显副作用;领域=特征;约束=noexcept	特征类.cpp:3191:算权重、状态、差值或派生结果。 std::optional<std::uint32_t> 特征类::三维体素包围立方体细分层数(     const std::uint32_t 宽度,     const std::uint32_t 高度,     const std::uint32_t | 特征类.cpp:3352:& 输出细分层数) {     输出细分层数 = 0;     const auto 细分层数 = 三维体素包围立方体细分层数(宽度, 高度, 深度);     if (!细分层数) return {};      const auto 期望块数 = 三维体素长方体占据位块数量(宽度,  | 特征类.h:340:noexcept;     static std::optional<std::uint32_t> 三维体素包围立方体细分层数(         std::uint32_t 宽度,         std::uint32_t 高度,         std::uint32_t 深度) n
present	特征类::创建三维体素占据位块	创建三维体素占据位块	特征类.cpp:3043	3	3	VecIU64 特征类::创建三维体素占据位块(const std::uint32_t 细分层数)	类别=构造;输入=有自定义类型;输出=其他;副作用=无明显副作用;领域=特征;约束=无显式约束	特征类.cpp:3223:ull) / 64ull; }  // 功能：创建并返回或登记对应对象。 VecIU64 特征类::创建三维体素占据位块(const std::uint32_t 细分层数) {     const auto 块数 = 三维体素占据位块数量(细分层数);     if (块数 ==  | 特征类.cpp:3358:占据位块.size() < 期望块数) return {};      auto 标准占据位块 = 创建三维体素占据位块(*细分层数);     if (标准占据位块.empty()) return {};      for (std::uint32_t z = 0; z < 深度 | 特征类.h:349:   std::uint32_t 深度) noexcept;     static VecIU64 创建三维体素占据位块(std::uint32_t 细分层数);     static VecIU64 创建三维体素长方体占据位块(         std::uint32_t 宽度,
present	特征类::创建三维体素长方体占据位块	创建三维体素长方体占据位块	特征类.cpp:3053	3	3	VecIU64 特征类::创建三维体素长方体占据位块( const std::uint32_t 宽度, const std::uint32_t 高度, const std::uint32_t 深度)	类别=构造;输入=有自定义类型;输出=其他;副作用=无明显副作用;领域=特征;约束=无显式约束	"特征类.cpp:3233:e_t>(块数), 0); }  // 功能：创建并返回或登记对应对象。 VecIU64 特征类::创建三维体素长方体占据位块(     const std::uint32_t 宽度,     const std::uint32_t 高度,     const std::uint32_t | 特征类.cpp:3913:高度);             }         }     }      auto 位块 = 创建三维体素长方体占据位块(宽度, 高度, 深度);     if (位块.empty()) return 拒绝(""创建长方体体素位块未完成"");      for (std::size_ | 特征类.h:350:建三维体素占据位块(std::uint32_t 细分层数);     static VecIU64 创建三维体素长方体占据位块(         std::uint32_t 宽度,         std::uint32_t 高度,         std::uint32_t 深度); "
present	特征类::写入三维体素占据位	写入三维体素占据位	特征类.cpp:3084	3	3	bool 特征类::写入三维体素占据位( VecIU64& 占据位块, const std::uint32_t 细分层数, const std::uint32_t x, const std::uint32_t y, const std::uint32_t z, const bool 有存在) noexcept	类别=写入;输入=有自定义类型;输出=bool;副作用=无明显副作用;领域=特征;约束=noexcept	特征类.cpp:3264:位索引)) != 0; }  // 功能：把处理结果写入指定对象、场景或日志。 bool 特征类::写入三维体素占据位(     VecIU64& 占据位块,     const std::uint32_t 细分层数,     const std::uint32_t x,     | 特征类.cpp:3365:占据位块, 宽度, 高度, 深度, x, y, z)) {                     写入三维体素占据位(标准占据位块, *细分层数, x, y, z, true);                 }             }         }     }   | 特征类.h:360:       std::uint32_t z) noexcept;     static bool 写入三维体素占据位(         VecIU64& 占据位块,         std::uint32_t 细分层数,         std::uint32_t x,
present	特征类::归一化三维体素长方体占据位块	归一化三维体素长方体占据位块	特征类.cpp:3164	3	3	VecIU64 特征类::归一化三维体素长方体占据位块( const VecIU64& 长方体占据位块, const std::uint32_t 宽度, const std::uint32_t 高度, const std::uint32_t 深度, std::uint32_t& 输出细分层数)	类别=未分类;输入=有自定义类型;输出=指针/引用/句柄;副作用=无明显副作用;领域=特征;约束=无显式约束	特征类.cpp:3344:  // 功能：把长方体输入归一化到标准包围立方体，填充区保持为空体素。 VecIU64 特征类::归一化三维体素长方体占据位块(     const VecIU64& 长方体占据位块,     const std::uint32_t 宽度,     const std::uint32_t | 特征类.cpp:3620:) {     std::uint32_t 细分层数 = 0;     auto 标准占据位块 = 归一化三维体素长方体占据位块(         长方体占据位块,         宽度,         高度,         深度,         细分层数);     if (标准占 | 特征类.h:384:z,         bool 有存在) noexcept;     static VecIU64 归一化三维体素长方体占据位块(         const VecIU64& 长方体占据位块,         std::uint32_t 宽度,         std::uint32_t
present	特征类::创建三维体素根节点VecU	创建三维体素根节点VecU	特征类.cpp:3196	3	3	VecIU64 特征类::创建三维体素根节点VecU( const std::uint32_t 细分层数, const std::uint32_t 最小体素边长_mm, const std::uint64_t 占据体素数量, const std::uint32_t 原始宽度, const std::uint32_t 原始高度, const std::uint	类别=构造;输入=有自定义类型;输出=整数/时间;副作用=无明显副作用;领域=特征;约束=无显式约束	特征类.cpp:3376:eturn 标准占据位块; }  // 功能：创建并返回或登记对应对象。 VecIU64 特征类::创建三维体素根节点VecU(     const std::uint32_t 细分层数,     const std::uint32_t 最小体素边长_mm,     const std: | 特征类.cpp:3528:计三维体素占据数(占据位块);     auto* 根节点 = 值池.创建值节点(         创建三维体素根节点VecU(             细分层数,             最小体素边长_mm,             占据总数,             原始宽度,    | 特征类.h:390:       std::uint32_t& 输出细分层数);     static VecIU64 创建三维体素根节点VecU(         std::uint32_t 细分层数,         std::uint32_t 最小体素边长_mm,         std::uint6
present	特征类::创建三维体素链节点VecU	创建三维体素链节点VecU	特征类.cpp:3231	3	3	VecIU64 特征类::创建三维体素链节点VecU( const std::uint32_t 层级, const std::uint32_t 最大层级, const std::uint32_t x, const std::uint32_t y, const std::uint32_t z, const std::uint32_t 边长, const 枚举_	类别=构造;输入=有自定义类型;输出=其他;副作用=无明显副作用;领域=特征;约束=无显式约束	特征类.cpp:3411:根原始深度)     }; }  // 功能：创建并返回或登记对应对象。 VecIU64 特征类::创建三维体素链节点VecU(     const std::uint32_t 层级,     const std::uint32_t 最大层级,     const std::uint32 | 特征类.cpp:3552:o* 当前节点 = 值池.创建子值节点(             父节点,             创建三维体素链节点VecU(                 层级,                 细分层数,                 x0,                 y | 特征类.h:397:      std::uint32_t 原始深度 = 0);     static VecIU64 创建三维体素链节点VecU(         std::uint32_t 层级,         std::uint32_t 最大层级,         std::uint32_t x,
present	特征类::查询三维体素二分层链	查询三维体素二分层链	特征类.cpp:3473	3	3	结构_三维体素链查询结果 特征类::查询三维体素二分层链( const 特征值类& 值池, VecU句柄 根句柄, const std::uint32_t x, const std::uint32_t y, const std::uint32_t z, const std::uint32_t 查询层级)	类别=查找;输入=有自定义类型;输出=指针/引用/句柄;副作用=无明显副作用;领域=特征;约束=无显式约束	特征类.cpp:3641:now); }  // 功能：按条件查找目标对象、方法或事实。 结构_三维体素链查询结果 特征类::查询三维体素二分层链(     const 特征值类& 值池,     VecU句柄 根句柄,     const std::uint32_t x,     const std::u | 特征类.cpp:4047:               }                  const auto 查询 = 查询三维体素二分层链(                     值池,                     存在体素根句柄,                     存在X,   | 特征类.h:436: now = 结构体_时间戳::当前_微秒());     static 结构_三维体素链查询结果 查询三维体素二分层链(         const 特征值类& 值池,         VecU句柄 根句柄,         std::uint32_t x,         st
present	特征类::比较平面轮廓VecI64	比较平面轮廓VecI64	特征类.cpp:4051	3	3	结构_轮廓比较结果 特征类::比较平面轮廓VecI64(const VecI64& 左值, const VecI64& 右值) noexcept	类别=比较;输入=有自定义类型;输出=整数/时间;副作用=无明显副作用;领域=特征;约束=noexcept	特征类.cpp:4190:eturn 结果; }  // 功能：比较当前值、目标值或历史基准。 结构_轮廓比较结果 特征类::比较平面轮廓VecI64(const VecI64& 左值, const VecI64& 右值) noexcept {     return 比较坐标轮廓VecI64(左值, 右值, 2 | 特征类.cpp:4214:       return 结果;     }      if (*维度 == 2) return 比较平面轮廓VecI64(左值, 右值);     if (*维度 == 3) return 比较空间极值轮廓VecI64(左值, 右值);      结构_轮廓比较结果 结果{};   | 特征类.h:469:td::uint32_t 坐标维度) noexcept;     static 结构_轮廓比较结果 比较平面轮廓VecI64(const VecI64& 左值, const VecI64& 右值) noexcept;     static 结构_轮廓比较结果 比较空间极值轮廓VecI6
present	特征类::比较空间极值轮廓VecI64	比较空间极值轮廓VecI64	特征类.cpp:4057	3	3	结构_轮廓比较结果 特征类::比较空间极值轮廓VecI64(const VecI64& 左值, const VecI64& 右值) noexcept	类别=比较;输入=有自定义类型;输出=整数/时间;副作用=无明显副作用;领域=特征;约束=noexcept	特征类.cpp:4196:, 右值, 2); }  // 功能：比较当前值、目标值或历史基准。 结构_轮廓比较结果 特征类::比较空间极值轮廓VecI64(const VecI64& 左值, const VecI64& 右值) noexcept {     return 比较坐标轮廓VecI64(左值, 右值, 3 | 特征类.cpp:4215:rn 比较平面轮廓VecI64(左值, 右值);     if (*维度 == 3) return 比较空间极值轮廓VecI64(左值, 右值);      结构_轮廓比较结果 结果{};     结果.坐标维度 = *维度;     结果.状态 = 枚举_轮廓比较状态::维度不支持;   | 特征类.h:470: const VecI64& 右值) noexcept;     static 结构_轮廓比较结果 比较空间极值轮廓VecI64(const VecI64& 左值, const VecI64& 右值) noexcept;     // 按特征类型选择平面或空间轮廓比较规则，未知类型返回不可
present	特征类::比较特征集合	比较特征集合	特征类.cpp:4144	3	3	存在比较结果 特征类::比较特征集合(const 特征集合& A, const 特征集合& B, const 集合比较参数& 参数) const	类别=比较;输入=有自定义类型;输出=指针/引用/句柄;副作用=无明显副作用;领域=特征;约束=无显式约束	世界树类.cpp:3187:t auto 右特征集合 = 特征服务_.获取子特征(右存在);     return 特征服务_.比较特征集合(左特征集合, 右特征集合, 参数); }  // 功能：比较当前值、目标值或历史基准。 std::vector<二次特征节点类*> 世界树类::刷新存在比较二次 | 特征类.cpp:4287:  return 输出; }  // 功能：比较当前值、目标值或历史基准。 存在比较结果 特征类::比较特征集合(const 特征集合& A, const 特征集合& B, const 集合比较参数& 参数) const {     存在比较结果 结果{};      st | 特征类.h:479:前状态,         const 状态节点类* 目标状态) const;     存在比较结果 比较特征集合(const 特征集合& A, const 特征集合& B, const 集合比较参数& 参数 = {}) const;     std::string 生成度量
present	特征类::设置差异度函数	设置差异度函数	特征类.cpp:527	3	3	void 特征类::设置差异度函数(差异度函数 函数) noexcept	类别=未分类;输入=有自定义类型;输出=void;副作用=无明显副作用;领域=特征;约束=noexcept	世界树类.cpp:1114:, 动态服务_(&基础信息链_)     , 因果服务_(&基础信息链_) {     特征服务_.设置差异度函数([this](const 语素入口节点类*, const 特征值& 左值, const 特征值& 右值) -> I64 {         return 默认特 | 特征类.cpp:572: 基础信息_ = 基础信息; }  // 功能：设置对象字段、状态或运行参数。 void 特征类::设置差异度函数(差异度函数 函数) noexcept {     差异度函数_ = std::move(函数); }  // 功能：按函数名执行对应处理。 特征节点主信息类*  | 特征类.h:221:      void 绑定基础信息(基础信息类* 基础信息) noexcept;     void 设置差异度函数(差异度函数 函数) noexcept;      特征节点主信息类* 取特征主信息(特征节点类* 节点) const noexcept;     const 特
present	特征类::取或创建子抽象特征_按类型	取或创建子抽象特征_按类型	特征类.cpp:715	3	3	抽象特征节点类* 特征类::取或创建子抽象特征_按类型( 基础信息节点类* 父抽象特征, const 语素入口节点类* 特征类型)	类别=构造;输入=有自定义类型;输出=指针/引用/句柄;副作用=无明显副作用;领域=特征;约束=无显式约束	世界树类.cpp:1738:抽象特征,     const 语素入口节点类* 特征类型) {     return 特征服务_.取或创建子抽象特征_按类型(         父抽象特征 ? 父抽象特征 : 取或创建抽象特征根(),         特征类型); }  // 功能：创建并返回或登记对应对象。 特征节点 | 特征类.cpp:787:return true; }  // 功能：创建并返回或登记对应对象。 抽象特征节点类* 特征类::取或创建子抽象特征_按类型(     基础信息节点类* 父抽象特征,     const 语素入口节点类* 特征类型) {     if (auto* 命中 = 查找子抽象特征_按类型(父 | 特征类.h:261:抽象特征子链(const 基础信息节点类* 抽象特征节点) const;     抽象特征节点类* 取或创建子抽象特征_按类型(         基础信息节点类* 父抽象特征,         const 语素入口节点类* 特征类型);     bool 初始化常用抽象特征(基础信息节点
present	状态类::创建世界状态	创建世界状态	状态类.cpp:450	3	3	状态节点类* 状态类::创建世界状态( 场景节点类* 场景, 基础信息节点类* 主体, 特征节点类* 特征, const 特征值& 值, 枚举_存在状态事件 事件, bool 是否变化, 时间戳 now, const 状态后处理回调& 后处理)	类别=构造;输入=有自定义类型;输出=bool;副作用=无明显副作用;领域=全局通用候选;约束=无显式约束	状态类.cpp:494:理) != nullptr; }  // 功能：创建并返回或登记对应对象。 状态节点类* 状态类::创建世界状态(     场景节点类* 场景,     基础信息节点类* 主体,     特征节点类* 特征,     const 特征值& 值,     bool 是否变化, | 状态类.cpp:516:    时间戳 now,     const 状态后处理回调& 后处理) {     return 创建世界状态(场景, 主体, 特征, 值, 是否变化, now, 后处理) != nullptr; }  // 功能：记录日志、动态、证据或运行痕迹。 状态节点类* 状态类: | 状态类.h:101:        const 状态后处理回调& 后处理 = {}     );     状态节点类* 创建世界状态(         场景节点类* 场景,         基础信息节点类* 主体,         特征节点类* 特征,         const 特征值& 值
present	状态类::绑定主体特征	绑定主体特征	状态类.cpp:907	3	3	bool 状态类::绑定主体特征(状态节点类* 节点, 基础信息节点类* 主体, 特征节点类* 特征)	类别=未分类;输入=有自定义类型;输出=bool;副作用=无明显副作用;领域=全局通用候选;约束=无显式约束	世界树类.cpp:2556:类* 节点, 基础信息节点类* 主体, 特征节点类* 特征) {     return 状态服务_.绑定主体特征(节点, 主体, 特征); }  // 功能：写入状态节点的状态值和可选时间戳。 bool 世界树类::写入状态值(状态节点类* 节点, const 特征值& 值 | 状态类.cpp:824:题_ = {}; }  // 功能：建立对象、任务、方法或因果之间的绑定关系。 bool 状态类::绑定主体特征(状态节点类* 节点, 基础信息节点类* 主体, 特征节点类* 特征) {     auto* 主信息 = 取状态主信息(节点);     if (!主信息) r | 状态类.h:158:) const;     void 清除最近清理问题快照() noexcept;     bool 绑定主体特征(状态节点类* 节点, 基础信息节点类* 主体, 特征节点类* 特征);     bool 写入状态值(状态节点类* 节点, const 特征值& 值, 时间戳
present	状态类::标记变化	标记变化	状态类.cpp:935	3	3	bool 状态类::标记变化(状态节点类* 节点, bool 是否变化)	类别=执行;输入=有自定义类型;输出=bool;副作用=无明显副作用;领域=全局通用候选;约束=无显式约束	世界树类.cpp:2580:::标记状态变化(状态节点类* 节点, bool 是否变化) {     return 状态服务_.标记变化(节点, 是否变化); }  // 功能：创建并返回或登记对应对象。 动态节点类* 世界树类::创建动态(场景节点类* 场景, 动态节点主信息类* 主信息) {  | 状态类.cpp:851:;     return true; }  // 功能：按函数名执行对应处理。 bool 状态类::标记变化(状态节点类* 节点, bool 是否变化) {     auto* 主信息 = 取状态主信息(节点);     if (!主信息) return false;  | 状态类.h:161:    // 仅写入状态节点上的显示缓存；权威变化关系由动态或二次特征比较生成。     bool 标记变化(状态节点类* 节点, bool 是否变化);  private:     static 时间戳 私有_取状态排序时间(const 状态节点主信息类& 主信息)
present	自我类::设置物理安全值	设置物理安全值	自我类.cpp:1008	3	3	bool 自我类::设置物理安全值(I64 值, 时间戳 now) noexcept	类别=未分类;输入=有自定义类型;输出=bool;副作用=无明显副作用;领域=自我;约束=noexcept	自我类.cpp:968:    生命值上限_()); }  // 功能：设置对象字段、状态或运行参数。 bool 自我类::设置物理安全值(I64 值, 时间戳 now) noexcept {     return 私有_记录自我I64状态(         *this,         自我特征定 | 自我类.cpp:1997:(自我特征定义类::类型_自我_物理安全(), 当前物理安全值)) {         (void)设置物理安全值(默认最大安全值, now);     }     确保自我I64特征已初始化_(自我存在, 自我特征定义类::类型_自我_风险安全(), 默认最大安全值);   | 自我类.ixx:134:xcept;     I64 获取风险安全值() const noexcept;     bool 设置物理安全值(         I64 值,         时间戳 now = 结构体_时间戳::当前_微秒()     ) noexcept;      bool 是否已
present	自我类::根目标服务值	根目标服务值	自我类.cpp:1037	3	3	I64 自我类::根目标服务值() const noexcept	类别=执行;输入=有自定义类型;输出=整数/时间;副作用=无明显副作用;领域=自我;约束=noexcept	自我类.cpp:997:   return 生命值上限_(); }  // 功能：按函数名执行对应处理。 I64 自我类::根目标服务值() const noexcept {     return 生命值上限_(); }  // 功能：按函数名执行对应处理。 I64 自我类::安全根方向差值()  | 自我类.ixx:143:except;      I64 根目标安全值() const noexcept;     I64 根目标服务值() const noexcept;     I64 安全根方向差值() const noexcept;      I64 时序正向步长() const noex | 自我线程模块.impl.cpp:1556:     输入.当前服务值 = 自我对象.获取服务值();     输入.服务值上限 = 自我对象.根目标服务值();     输入.标准服务单位 = 标准服务单位;     输入.非重复系数 = 服务模块::服务评分_满分;     输入.安全调节 = 服务模块::服务评
present	自我类::安全根方向差值	安全根方向差值	自我类.cpp:1043	3	3	I64 自我类::安全根方向差值() const noexcept	类别=执行;输入=有自定义类型;输出=整数/时间;副作用=无明显副作用;领域=自我;约束=noexcept	自我类.cpp:1003:   return 生命值上限_(); }  // 功能：按函数名执行对应处理。 I64 自我类::安全根方向差值() const noexcept {     return 私有_饱和减(根目标安全值(), 获取安全值()); }  // 功能：按函数名执行对应处理。 I6 | 自我类.ixx:144:oexcept;     I64 根目标服务值() const noexcept;     I64 安全根方向差值() const noexcept;      I64 时序正向步长() const noexcept;     I64 时序反向步长() const noexc | 自我线程模块.消息批次执行器.ixx:242:根层重判结果::停止退出边界;     }      const auto 安全差额 = 自我对象.安全根方向差值();     const auto 目标安全值 = 自我对象.根目标安全值();     if (自我对象.获取物理安全值() <= 0 || 自我对象.获取风
present	自我类::写入自我指针特征当前值	写入自我指针特征当前值	自我类.cpp:1126	3	3	bool 自我类::写入自我指针特征当前值( const 语素入口节点类* 特征类型, const void* 指针值, 时间戳 now) noexcept	类别=写入;输入=有自定义类型;输出=bool;副作用=无明显副作用;领域=自我;约束=noexcept	自我类.cpp:1086:eturn true; }  // 功能：把处理结果写入指定对象、场景或日志。 bool 自我类::写入自我指针特征当前值(     const 语素入口节点类* 特征类型,     const void* 指针值,     时间戳 now) noexcept {     auto* | 自我类.cpp:1976:当前值(特征类型, 当前值)) {         return;     }     (void)写入自我指针特征当前值(         特征类型,         reinterpret_cast<const void*>(默认值),         结构体_时间戳::当前_微 | 自我类.ixx:167:d::uintptr_t& 输出值     ) const noexcept;      bool 写入自我指针特征当前值(         const 语素入口节点类* 特征类型,         const void* 指针值,         时间戳 now = 结构体_时间戳
present	自我类::获取服务根任务	获取服务根任务	自我类.cpp:1282	3	3	任务类::节点类* 自我类::获取服务根任务() const noexcept	类别=读取;输入=有自定义类型;输出=指针/引用/句柄;副作用=无明显副作用;领域=自我;约束=noexcept	自我类.cpp:1242:   }); }  // 功能：读取并返回指定对象、状态或运行材料。 任务类::节点类* 自我类::获取服务根任务() const noexcept {     auto* 自我存在 = 世界树.自我指针;     if (!自我存在) return nullptr;     | 自我类.ixx:192:任务类::节点类* 获取安全根任务() const noexcept;     任务类::节点类* 获取服务根任务() const noexcept;      需求类::节点类* 获取当前主需求() const noexcept;     任务类::节点类* 获取当前主任务 | 自我类.初始化.cpp:197:    结果.根任务已就绪 = 自我对象.获取安全根任务() != nullptr && 自我对象.获取服务根任务() != nullptr;         结果.根任务允许延后 = true;         结果.治理任务已就绪 = true;         // 需
present	自我类::应用定时衰减服务值	应用定时衰减服务值	自我类.cpp:1477	3	3	bool 自我类::应用定时衰减服务值(I64 delta, 时间戳 now) noexcept	类别=执行;输入=有自定义类型;输出=bool;副作用=无明显副作用;领域=自我;约束=noexcept	自我类.cpp:1437:待机状态已变化 || 安全值已变化; }  // 功能：按函数名执行对应处理。 bool 自我类::应用定时衰减服务值(I64 delta, 时间戳 now) noexcept {     if (delta <= 0) delta = 服务时序衰减步长();     delta | 自我类.ixx:235:戳 now = 结构体_时间戳::当前_微秒()     ) noexcept;     bool 应用定时衰减服务值(         I64 delta = 0,         时间戳 now = 结构体_时间戳::当前_微秒()     ) noexcept;     b | 自我线程模块.impl.cpp:1884:      if (结果.衰减前服务值 > 0) {             (void)自我对象.应用定时衰减服务值(0, now);         }         结果.衰减后服务值 = 自我对象.获取服务值();         结果.衰减量 = (std::max<
present	自我类::应用按双值重算服务衰减步长	应用按双值重算服务衰减步长	自我类.cpp:1511	3	3	bool 自我类::应用按双值重算服务衰减步长(时间戳 now) noexcept	类别=执行;输入=有自定义类型;输出=bool;副作用=无明显副作用;领域=自我;约束=noexcept	自我类.cpp:1471:);     return 已变化; }  // 功能：按函数名执行对应处理。 bool 自我类::应用按双值重算服务衰减步长(时间戳 now) noexcept {     const I64 旧步长 = 服务时序衰减步长();     const I64 新步长 = 计算服务衰减步长 | 自我类.ixx:239:戳 now = 结构体_时间戳::当前_微秒()     ) noexcept;     bool 应用按双值重算服务衰减步长(         时间戳 now = 结构体_时间戳::当前_微秒()     ) noexcept;     bool 应用按服务值重算安全增加步长(     | 自我线程模块.impl.cpp:1882:     结果.衰减前服务值 = 自我对象.获取服务值();         (void)自我对象.应用按双值重算服务衰减步长(now);         if (结果.衰减前服务值 > 0) {             (void)自我对象.应用定时衰减服务值(0, now);
present	自我类::安全稳定带上限值_	安全稳定带上限值_	自我类.cpp:1942	3	3	constexpr I64 自我类::安全稳定带上限值_() noexcept	类别=执行;输入=有自定义类型;输出=整数/时间;副作用=无明显副作用;领域=自我;约束=noexcept+constexpr	自我类.cpp:1596:  const I64 旧安全值 = 获取安全值();     const I64 目标安全值 = 安全稳定带上限值_();      if (delta <= 0) delta = 时序反向步长();     delta = (std::max<I64>)(1, delta); | 自我类.cpp:1902:_(), 50); }  // 功能：按函数名执行对应处理。 constexpr I64 自我类::安全稳定带上限值_() noexcept {     return 私有_百分比值(生命值上限_(), 80); }  // 功能：按函数名执行对应处理。 constexpr I6 | 自我类.ixx:290:64 安全稳定带下限值_() noexcept;     static constexpr I64 安全稳定带上限值_() noexcept;     static constexpr I64 风险安全回归目标值_() noexcept;      场景节点类* 确保自我现实场景
present	自我类::风险安全回归目标值_	风险安全回归目标值_	自我类.cpp:1948	3	3	constexpr I64 自我类::风险安全回归目标值_() noexcept	类别=执行;输入=有自定义类型;输出=整数/时间;副作用=无明显副作用;领域=自我;约束=noexcept+constexpr	自我类.cpp:1636:t I64 旧风险安全值 = 获取风险安全值();     const I64 目标风险安全值 = 风险安全回归目标值_();     I64 新风险安全值 = 旧风险安全值;     bool 已变化 = false;      if (旧风险安全值 > 目标风险安全值) {   | 自我类.cpp:1908:_(), 80); }  // 功能：按函数名执行对应处理。 constexpr I64 自我类::风险安全回归目标值_() noexcept {     return ((生命值上限_() / 5) * 4) + (((生命值上限_() % 5) * 4) / 5); }  // | 自我类.ixx:291:64 安全稳定带上限值_() noexcept;     static constexpr I64 风险安全回归目标值_() noexcept;      场景节点类* 确保自我现实场景_() noexcept;     场景节点类* 确保自我内部世界_() noexcept;
present	自我类::初始化自我特征与默认值_	初始化自我特征与默认值_	自我类.cpp:2023	3	3	void 自我类::初始化自我特征与默认值_() noexcept	类别=构造;输入=有自定义类型;输出=void;副作用=无明显副作用;领域=自我;约束=noexcept	自我类.cpp:1983:戳::当前_微秒()); }  // 功能：初始化相关对象、状态或运行上下文。 void 自我类::初始化自我特征与默认值_() noexcept {     auto* 自我存在 = 确保自我存在_();     if (!自我存在) return;     const 时间戳 no | 自我类.ixx:310:     std::uintptr_t 默认值     ) noexcept;      void 初始化自我特征与默认值_() noexcept;     void 初始化常用抽象特征_() noexcept;     void 从特征恢复运行态_() noexcept;     v | 自我类.初始化.cpp:303:{             自我对象.初始化常用抽象特征_();             自我对象.初始化自我特征与默认值_();             自我对象.从特征恢复运行态_();             return 自我对象.获取自我存在() != nullptr;
present	自我类::初始化常用抽象特征_	初始化常用抽象特征_	自我类.cpp:2060	3	3	void 自我类::初始化常用抽象特征_() noexcept	类别=构造;输入=有自定义类型;输出=void;副作用=无明显副作用;领域=自我;约束=noexcept	"自我类.cpp:2020:序衰减步长(), 1); }  // 功能：初始化相关对象、状态或运行上下文。 void 自我类::初始化常用抽象特征_() noexcept {     auto* 抽象根 = 世界树.取或创建抽象特征根();     if (!抽象根) return;      (void)世 | 自我类.ixx:311:cept;      void 初始化自我特征与默认值_() noexcept;     void 初始化常用抽象特征_() noexcept;     void 从特征恢复运行态_() noexcept;     void 确保自我根需求与根任务已初始化_() noexcept; | 自我类.初始化.cpp:302:我默认特征"",         [&]() noexcept {             自我对象.初始化常用抽象特征_();             自我对象.初始化自我特征与默认值_();             自我对象.从特征恢复运行态_();             re"
present	自我类::从特征恢复运行态_	从特征恢复运行态_	自我类.cpp:2157	3	3	void 自我类::从特征恢复运行态_() noexcept	类别=执行;输入=有自定义类型;输出=void;副作用=无明显副作用;领域=自我;约束=noexcept	自我类.cpp:2117:征类型);     } }  // 功能：执行对应模块、线程或方法的运行逻辑。 void 自我类::从特征恢复运行态_() noexcept {     I64 当前值 = 0;      if (读取自我I64特征当前值(自我特征定义类::类型_自我_待机状态(), 当前值)) | 自我类.ixx:312:oexcept;     void 初始化常用抽象特征_() noexcept;     void 从特征恢复运行态_() noexcept;     void 确保自我根需求与根任务已初始化_() noexcept;     void 确保主链镜像已初始化_() noexcep | 自我类.初始化.cpp:304:            自我对象.初始化自我特征与默认值_();             自我对象.从特征恢复运行态_();             return 自我对象.获取自我存在() != nullptr;         });      (void)私有_执行初始化步
present	自我类::确保自我根需求与根任务已初始化_	确保自我根需求与根任务已初始化_	自我类.cpp:2191	3	3	void 自我类::确保自我根需求与根任务已初始化_() noexcept	类别=构造;输入=有自定义类型;输出=void;副作用=无明显副作用;领域=自我;约束=noexcept	"自我类.cpp:2151:ease);     } }  // 功能：初始化相关对象、状态或运行上下文。 void 自我类::确保自我根需求与根任务已初始化_() noexcept {     auto* 自我存在 = 确保自我存在_();     if (鱼巢_不允许空指(自我存在, ""自我类/自我根需求与根任务初始 | 自我类.ixx:313:noexcept;     void 从特征恢复运行态_() noexcept;     void 确保自我根需求与根任务已初始化_() noexcept;     void 确保主链镜像已初始化_() noexcept;     需求类::节点类* 确保根需求_(         存在节点类 | 自我类.初始化.cpp:325:根按需入口"",         [&]() noexcept {             自我对象.确保自我根需求与根任务已初始化_();             return 自我对象.获取安全根需求() != nullptr                 && 自我对象.获取服务根需求("
present	自我类::确保主链镜像已初始化_	确保主链镜像已初始化_	自我类.cpp:2243	3	3	void 自我类::确保主链镜像已初始化_() noexcept	类别=构造;输入=有自定义类型;输出=void;副作用=无明显副作用;领域=自我;约束=noexcept	"自我类.cpp:2203:() : ""空""));  }  // 功能：初始化相关对象、状态或运行上下文。 void 自我类::确保主链镜像已初始化_() noexcept {     const 时间戳 now = 结构体_时间戳::当前_微秒();      auto* 当前主需求 = 获取当前主需求(); | 自我类.ixx:314:t;     void 确保自我根需求与根任务已初始化_() noexcept;     void 确保主链镜像已初始化_() noexcept;     需求类::节点类* 确保根需求_(         存在节点类* 自我存在,         const 语素入口节点类* 目标 | 自我类.初始化.cpp:336:主需求镜像"",         [&]() noexcept {             自我对象.确保主链镜像已初始化_();             return 自我对象.获取当前主需求() != nullptr                 || 私有_根特征暂无活动需求缺"
present	自我类::获取物理安全值	获取物理安全值	自我类.cpp:992	3	3	I64 自我类::获取物理安全值() const noexcept	类别=读取;输入=有自定义类型;输出=整数/时间;副作用=无明显副作用;领域=自我;约束=noexcept	自我类.cpp:952:值上限_() / 2); }  // 功能：读取并返回指定对象、状态或运行材料。 I64 自我类::获取物理安全值() const noexcept {     return 读取自我I64特征当前值_(         自我特征定义类::类型_自我_物理安全(),      | 自我类.ixx:132:noexcept;     I64 获取服务值() const noexcept;     I64 获取物理安全值() const noexcept;     I64 获取风险安全值() const noexcept;     bool 设置物理安全值(         I6 | 自我线程模块.消息批次执行器.ixx:244:   const auto 目标安全值 = 自我对象.根目标安全值();     if (自我对象.获取物理安全值() <= 0 || 自我对象.获取风险安全值() <= 0) {         return 枚举_任务管理根层重判结果::收束优先;     }     i
present	自我线程类::读取最近运行阶段	读取最近运行阶段	自我线程模块.impl.cpp:15590	3	3	枚举_自我线程运行阶段 自我线程类::读取最近运行阶段() const noexcept	类别=读取;输入=有自定义类型;输出=其他;副作用=无明显副作用;领域=自我;约束=noexcept	自我线程模块.impl.cpp:14908: 生命周期_; }  // 功能：从指定来源读取数据或状态。 枚举_自我线程运行阶段 自我线程类::读取最近运行阶段() const noexcept {     std::scoped_lock 锁(状态锁_);     if (最近循环结果_.当前运行阶段 != 枚举_自我 | 自我线程模块.ixx:567:生命周期状态 读取生命周期状态() const noexcept;     枚举_自我线程运行阶段 读取最近运行阶段() const noexcept;     枚举_自我线程最终去向 读取最近最终去向() const noexcept;     std::uint64_t 读 | 鱼巢.cpp:698:自我线程.读取生命周期状态();         const auto 最近运行阶段 = 自我线程.读取最近运行阶段();         const auto 最近最终去向 = 自我线程.读取最近最终去向();         const auto 线程Tick计数 = 自我
present	自我线程类::读取最近最终去向	读取最近最终去向	自我线程模块.impl.cpp:15600	3	3	枚举_自我线程最终去向 自我线程类::读取最近最终去向() const noexcept	类别=读取;输入=有自定义类型;输出=其他;副作用=无明显副作用;领域=自我;约束=noexcept	自我线程模块.impl.cpp:14918:段::未定义; }  // 功能：从指定来源读取数据或状态。 枚举_自我线程最终去向 自我线程类::读取最近最终去向() const noexcept {     std::scoped_lock 锁(状态锁_);     return 最近循环结果_.当前最终去向; }  / | 自我线程模块.ixx:568:线程运行阶段 读取最近运行阶段() const noexcept;     枚举_自我线程最终去向 读取最近最终去向() const noexcept;     std::uint64_t 读取Tick计数() const noexcept;     std::uint64_t | 鱼巢.cpp:699:自我线程.读取最近运行阶段();         const auto 最近最终去向 = 自我线程.读取最近最终去向();         const auto 线程Tick计数 = 自我线程.读取Tick计数();         const auto 累计故障次数 = 自我
present	自我线程类::读取Tick计数	读取Tick计数	自我线程模块.impl.cpp:15607	3	3	std::uint64_t 自我线程类::读取Tick计数() const noexcept	类别=读取;输入=有自定义类型;输出=整数/时间;副作用=无明显副作用;领域=自我;约束=noexcept	自我线程模块.impl.cpp:14925:最终去向; }  // 功能：从指定来源读取数据或状态。 std::uint64_t 自我线程类::读取Tick计数() const noexcept {     std::scoped_lock 锁(状态锁_);     return Tick计数_; }  // 功能：从指 | 自我线程模块.ixx:569:最终去向 读取最近最终去向() const noexcept;     std::uint64_t 读取Tick计数() const noexcept;     std::uint64_t 读取累计故障次数() const noexcept;     std::uint64_t | 鱼巢.cpp:700:线程.读取最近最终去向();         const auto 线程Tick计数 = 自我线程.读取Tick计数();         const auto 累计故障次数 = 自我线程.读取累计故障次数();         const auto 累计恢复次数 = 自我线程
present	自我线程类::读取上次故障摘要	读取上次故障摘要	自我线程模块.impl.cpp:15706	3	3	std::string 自我线程类::读取上次故障摘要() const	类别=读取;输入=有自定义类型;输出=文本;副作用=无明显副作用;领域=自我;约束=无显式约束	自我线程模块.impl.cpp:15015:urn 快照; }  // 功能：从指定来源读取数据或状态。 std::string 自我线程类::读取上次故障摘要() const {     return {}; }  // 功能：从指定来源读取数据或状态。 std::string 自我线程类::读取最近恢复摘要() co | 自我线程模块.ixx:573:_自我线程最小状态快照 读取自我线程最小状态快照() const;     std::string 读取上次故障摘要() const;     std::string 读取最近恢复摘要() const;     std::string 读取最近故障摘要() const;     | 鱼巢.cpp:704:自我线程.读取最近运行摘要();         const auto 上次故障摘要 = 自我线程.读取上次故障摘要();         const auto 最近恢复摘要 = 自我线程.读取最近恢复摘要();         const auto 最近故障摘要 = 自我线程
present	自我线程类::读取最近需求与权重治理输出快照	读取最近需求与权重治理输出快照	自我线程模块.impl.cpp:15730	3	3	自我线程类::结构_需求与权重治理输出快照 自我线程类::读取最近需求与权重治理输出快照() const	类别=读取;输入=有自定义类型;输出=其他;副作用=无明显副作用;领域=自我;约束=无显式约束	自我线程模块.impl.cpp:15039: // 功能：从指定来源读取数据或状态。 自我线程类::结构_需求与权重治理输出快照 自我线程类::读取最近需求与权重治理输出快照() const {     std::scoped_lock 锁(状态锁_);     return 最近需求与权重治理输出快照_; }  // 功能：从指定来 | 自我线程模块.ixx:577: std::string 读取最近运行摘要() const;     结构_需求与权重治理输出快照 读取最近需求与权重治理输出快照() const;     结构_主派发输出快照 读取最近主派发输出快照() const;     结构_队列治理输出快照 读取最近队列治理输出快照() cons | 鱼巢.cpp:707:读取最近故障摘要();         const auto 需求与权重治理输出快照 = 自我线程.读取最近需求与权重治理输出快照();         const auto 主派发输出快照 = 自我线程.读取最近主派发输出快照();         const auto 队列治理输出快照
present	自我线程类::读取最近主派发输出快照	读取最近主派发输出快照	自我线程模块.impl.cpp:15737	3	3	自我线程类::结构_主派发输出快照 自我线程类::读取最近主派发输出快照() const	类别=读取;输入=有自定义类型;输出=其他;副作用=无明显副作用;领域=自我;约束=无显式约束	自我线程模块.impl.cpp:15046:; }  // 功能：从指定来源读取数据或状态。 自我线程类::结构_主派发输出快照 自我线程类::读取最近主派发输出快照() const {     std::scoped_lock 锁(状态锁_);     return 最近主派发输出快照_; }  // 功能：从指定来源读取数 | 自我线程模块.ixx:578:与权重治理输出快照 读取最近需求与权重治理输出快照() const;     结构_主派发输出快照 读取最近主派发输出快照() const;     结构_队列治理输出快照 读取最近队列治理输出快照() const;     结构_结算治理输出快照 读取最近结算治理输出快照() co | 鱼巢.cpp:708:近需求与权重治理输出快照();         const auto 主派发输出快照 = 自我线程.读取最近主派发输出快照();         const auto 队列治理输出快照 = 自我线程.读取最近队列治理输出快照();         const auto 结算治理输出快
present	自我线程类::读取最近队列治理输出快照	读取最近队列治理输出快照	自我线程模块.impl.cpp:15744	3	3	自我线程类::结构_队列治理输出快照 自我线程类::读取最近队列治理输出快照() const	类别=读取;输入=有自定义类型;输出=其他;副作用=无明显副作用;领域=自我;约束=无显式约束	自我线程模块.impl.cpp:15053: }  // 功能：从指定来源读取数据或状态。 自我线程类::结构_队列治理输出快照 自我线程类::读取最近队列治理输出快照() const {     std::scoped_lock 锁(状态锁_);     return 最近队列治理输出快照_; }  // 功能：从指定来源读取 | 自我线程模块.ixx:579:  结构_主派发输出快照 读取最近主派发输出快照() const;     结构_队列治理输出快照 读取最近队列治理输出快照() const;     结构_结算治理输出快照 读取最近结算治理输出快照() const;     结构_结算治理输出快照 处理任务满足反馈(         | 鱼巢.cpp:709:读取最近主派发输出快照();         const auto 队列治理输出快照 = 自我线程.读取最近队列治理输出快照();         const auto 结算治理输出快照 = 自我线程.读取最近结算治理输出快照();         const auto 双值结算账快照
present	自我线程类::读取最近结算治理输出快照	读取最近结算治理输出快照	自我线程模块.impl.cpp:15751	3	3	自我线程类::结构_结算治理输出快照 自我线程类::读取最近结算治理输出快照() const	类别=读取;输入=有自定义类型;输出=其他;副作用=无明显副作用;领域=自我;约束=无显式约束	自我线程模块.impl.cpp:15060: }  // 功能：从指定来源读取数据或状态。 自我线程类::结构_结算治理输出快照 自我线程类::读取最近结算治理输出快照() const {     std::scoped_lock 锁(状态锁_);     return 最近结算治理输出快照_; }  // 功能：按函数名执行对 | 自我线程模块.ixx:580:结构_队列治理输出快照 读取最近队列治理输出快照() const;     结构_结算治理输出快照 读取最近结算治理输出快照() const;     结构_结算治理输出快照 处理任务满足反馈(         任务类::节点类* 任务节点,         I64 本次安全满足量 = | 鱼巢.cpp:710:取最近队列治理输出快照();         const auto 结算治理输出快照 = 自我线程.读取最近结算治理输出快照();         const auto 双值结算账快照 = 自我线程.读取最近双值结算账快照();         const auto 缺口恢复接口快照
present	自我线程类::读取最近双值结算账快照	读取最近双值结算账快照	自我线程模块.impl.cpp:15811	3	3	自我线程类::结构_双值结算账快照 自我线程类::读取最近双值结算账快照() const	类别=读取;输入=有自定义类型;输出=其他;副作用=无明显副作用;领域=自我;约束=无显式约束	自我线程模块.impl.cpp:15120:; }  // 功能：从指定来源读取数据或状态。 自我线程类::结构_双值结算账快照 自我线程类::读取最近双值结算账快照() const {     std::scoped_lock 锁(状态锁_);     return 最近结算治理输出快照_.双值结算账; }  // 功能：从 | 自我线程模块.ixx:597:  const std::string& 反馈事件主键 = {});     结构_双值结算账快照 读取最近双值结算账快照() const;     结构_缺口恢复接口快照 读取最近缺口恢复接口快照() const;     std::vector<结构_缺口恢复接口快照::结构_恢 | 鱼巢.cpp:711:读取最近结算治理输出快照();         const auto 双值结算账快照 = 自我线程.读取最近双值结算账快照();         const auto 缺口恢复接口快照 = 自我线程.读取最近缺口恢复接口快照();         const auto 恢复请求分组快
present	自我线程类::读取最近恢复请求分组快照	读取最近恢复请求分组快照	自我线程模块.impl.cpp:15825	3	3	std::vector<自我线程类::结构_缺口恢复接口快照::结构_恢复请求分组快照> 自我线程类::读取最近恢复请求分组快照() const	类别=读取;输入=有自定义类型;输出=其他;副作用=无明显副作用;领域=自我;约束=无显式约束	自我线程模块.impl.cpp:15135:d::vector<自我线程类::结构_缺口恢复接口快照::结构_恢复请求分组快照> 自我线程类::读取最近恢复请求分组快照() const {     std::scoped_lock 锁(状态锁_);     return 最近结算治理输出快照_.缺口恢复接口.恢复请求列表; }  | 自我线程模块.ixx:599: const;     std::vector<结构_缺口恢复接口快照::结构_恢复请求分组快照> 读取最近恢复请求分组快照() const;     std::vector<结构_回流结算快照> 读取最近回流结算列表快照() const;     std::vector<结构_关键中 | 鱼巢.cpp:713:取最近缺口恢复接口快照();         const auto 恢复请求分组快照 = 自我线程.读取最近恢复请求分组快照();         const auto 回流结算列表快照 = 自我线程.读取最近回流结算列表快照();         const auto 关键中间状态分
present	自我线程类::读取最近回流结算列表快照	读取最近回流结算列表快照	自我线程模块.impl.cpp:15833	3	3	std::vector<自我线程类::结构_回流结算快照> 自我线程类::读取最近回流结算列表快照() const	类别=读取;输入=有自定义类型;输出=其他;副作用=无明显副作用;领域=自我;约束=无显式约束	自我线程模块.impl.cpp:15142:指定来源读取数据或状态。 std::vector<自我线程类::结构_回流结算快照> 自我线程类::读取最近回流结算列表快照() const {     std::scoped_lock 锁(状态锁_);     return 最近结算治理输出快照_.回流结算列表; }  // 功能： | 自我线程模块.ixx:600: 读取最近恢复请求分组快照() const;     std::vector<结构_回流结算快照> 读取最近回流结算列表快照() const;     std::vector<结构_关键中间状态分组快照> 读取最近关键中间状态分组快照() const;     结构_自检报告修复治理快 | 鱼巢.cpp:714:取最近恢复请求分组快照();         const auto 回流结算列表快照 = 自我线程.读取最近回流结算列表快照();         const auto 关键中间状态分组快照 = 自我线程.读取最近关键中间状态分组快照();         任务管理工作线程::结构_工
present	自我线程类::读取最近关键中间状态分组快照	读取最近关键中间状态分组快照	自我线程模块.impl.cpp:15840	3	3	std::vector<自我线程类::结构_关键中间状态分组快照> 自我线程类::读取最近关键中间状态分组快照() const	类别=读取;输入=有自定义类型;输出=其他;副作用=无明显副作用;领域=自我;约束=无显式约束	自我线程模块.impl.cpp:15149:读取数据或状态。 std::vector<自我线程类::结构_关键中间状态分组快照> 自我线程类::读取最近关键中间状态分组快照() const {     std::scoped_lock 锁(状态锁_);     return 最近结算治理输出快照_.关键中间状态分组列表; }  // | 自我线程模块.ixx:601:近回流结算列表快照() const;     std::vector<结构_关键中间状态分组快照> 读取最近关键中间状态分组快照() const;     结构_自检报告修复治理快照 读取最近自检报告修复治理快照() const;     bool 尝试抢占落账观察事实承接(        | 鱼巢.cpp:715:近回流结算列表快照();         const auto 关键中间状态分组快照 = 自我线程.读取最近关键中间状态分组快照();         任务管理工作线程::结构_工作线程实例快照 任务管理工作线程快照{};         const bool 有任务管理工作线程快照 =
present	自我线程类::读取最近自检报告修复治理快照	读取最近自检报告修复治理快照	自我线程模块.impl.cpp:15847	3	3	自我线程类::结构_自检报告修复治理快照 自我线程类::读取最近自检报告修复治理快照() const	类别=读取;输入=有自定义类型;输出=其他;副作用=无明显副作用;领域=自我;约束=无显式约束	控制面板类.cpp:9361:>(自我线程最小快照.最近去向值);     const auto 自检报告修复快照 = 自我线程.读取最近自检报告修复治理快照();      快照.自我线程已初始化 = true;     快照.自我线程运行中 =         生命周期 == 枚举_线程生命周期状态::启动中    | 自我线程模块.impl.cpp:15156:  // 功能：从指定来源读取数据或状态。 自我线程类::结构_自检报告修复治理快照 自我线程类::读取最近自检报告修复治理快照() const {     std::scoped_lock 锁(状态锁_);     return 最近自检报告修复治理快照_; }  // 功能：按函数名执 | 自我线程模块.ixx:602:状态分组快照> 读取最近关键中间状态分组快照() const;     结构_自检报告修复治理快照 读取最近自检报告修复治理快照() const;     bool 尝试抢占落账观察事实承接(         const char* 来源,         时间戳 now = 结构体_时间
present	自我线程类::记录自检报告待处理_	记录自检报告待处理_	自我线程模块.impl.cpp:15967	3	3	void 自我线程类::记录自检报告待处理_( const 自我线程消息协议::结构_治理消息& 消息)	类别=日志;输入=有自定义类型;输出=void;副作用=无明显副作用;领域=自我;约束=无显式约束	自我线程模块.impl.cpp:15276:return 配置_; }  // 功能：记录日志、动态、证据或运行痕迹。 void 自我线程类::记录自检报告待处理_(     const 自我线程消息协议::结构_治理消息& 消息) {     if (!消息.附加载荷.自检报告.has_value()) {         | 自我线程模块.impl.cpp:15801:       && 消息.附加载荷.自检报告.has_value()) {             记录自检报告待处理_(消息);             已落账 = 私有_落自检报告到自我内部世界(消息);         } else if (允许继续落账            | 自我线程模块.ixx:1019: now,         std::size_t 最大派生需求数量 = 0);     void 记录自检报告待处理_(         const 自我线程消息协议::结构_治理消息& 消息);     void 执行休眠期自检报告修复门控_(         时间戳 now,
present	自我线程类::执行休眠期自检报告修复门控_	执行休眠期自检报告修复门控_	自我线程模块.impl.cpp:16089	3	3	void 自我线程类::执行休眠期自检报告修复门控_( 时间戳 now, bool 当前允许休眠期修复)	类别=执行;输入=有自定义类型;输出=bool;副作用=无明显副作用;领域=自我;约束=无显式约束	自我线程模块.impl.cpp:15407:= 摘要.str(); }  // 功能：执行任务、方法或动作的主体逻辑。 void 自我线程类::执行休眠期自检报告修复门控_(     时间戳 now,     bool 当前允许休眠期修复) {     std::scoped_lock 锁(状态锁_);     auto& 快照 = | 自我线程模块.impl.cpp:15702:) {         上下文.结果.最近结算摘要 = 服务治理维护.摘要;     }      执行休眠期自检报告修复门控_(         now,         自我.是否待机状态()             || 上下文.结果.当前最终去向 == 枚举_自我线程最终去向::待 | 自我线程模块.ixx:1021:_(         const 自我线程消息协议::结构_治理消息& 消息);     void 执行休眠期自检报告修复门控_(         时间戳 now,         bool 当前允许休眠期修复);     bool 投递治理消息(const 结构_治理消息& 消息);
present	自我线程类::执行主循环一轮_	执行主循环一轮_	自我线程模块.impl.cpp:16262	3	3	自我线程类::结构_循环结果 自我线程类::执行主循环一轮_(const 时间戳 now)	类别=执行;输入=有自定义类型;输出=整数/时间;副作用=无明显副作用;领域=自我;约束=无显式约束	自我线程模块.impl.cpp:15491:前_微秒();         try {             const auto 结果 = 执行主循环一轮_(now);             const auto 摘要 = 私有_运行摘要(结果);             {                 std | 自我线程模块.impl.cpp:15580:; }  // 功能：执行任务、方法或动作的主体逻辑。 自我线程类::结构_循环结果 自我线程类::执行主循环一轮_(const 时间戳 now) {     结构_主循环骨架上下文 上下文{};     上下文.当前时间 = now;     上下文.结果.当前运行阶段 =  | 自我线程模块.ixx:992:协议::结构_自检报告消息& 报告);      void 主循环_();     结构_循环结果 执行主循环一轮_(时间戳 now);     void 步骤_冻结本轮消息批次_(结构_主循环骨架上下文* 上下文);     void 步骤_规范化消息并落一次特征账_(结构_
present	自我线程类::步骤_冻结本轮消息批次_	步骤_冻结本轮消息批次_	自我线程模块.impl.cpp:16393	3	3	void 自我线程类::步骤_冻结本轮消息批次_(结构_主循环骨架上下文* 上下文)	类别=执行;输入=有自定义类型;输出=void;副作用=无明显副作用;领域=自我;约束=无显式约束	"自我线程模块.impl.cpp:15610:        }         }         return 数量;     };     步骤_冻结本轮消息批次_(&上下文);     if (收到停止请求(""冻结消息批次后"")) {         return 上下文.结果;     }     步骤_规范化消息并落一 | 自我线程模块.impl.cpp:15711:  return 上下文.结果; }  // 功能：按函数名执行对应处理。 void 自我线程类::步骤_冻结本轮消息批次_(结构_主循环骨架上下文* 上下文) {     if (!上下文) {         return;     }      {         std::sc | 自我线程模块.ixx:993:d 主循环_();     结构_循环结果 执行主循环一轮_(时间戳 now);     void 步骤_冻结本轮消息批次_(结构_主循环骨架上下文* 上下文);     void 步骤_规范化消息并落一次特征账_(结构_主循环骨架上下文* 上下文);     void 步骤_重算受影"
present	自我线程类::请求观察事实承接轻量唤醒	请求观察事实承接轻量唤醒	自我线程模块.impl.cpp:16565	3	3	bool 自我线程类::请求观察事实承接轻量唤醒(const char* 来源) noexcept	类别=等待;输入=有自定义类型;输出=bool;副作用=无明显副作用;领域=自我;约束=noexcept	"自我线程模块.impl.cpp:14720:         auto& 线程 = 获取全局自我线程();         return 线程.请求观察事实承接轻量唤醒(             来源 ? 来源 : ""任务管理调度让步"");     } catch (const std::exception& 异常) {     | 自我线程模块.impl.cpp:15887: : 最大承接数量); }  // 功能：唤醒等待中的任务、线程或治理链。 bool 自我线程类::请求观察事实承接轻量唤醒(const char* 来源) noexcept {     bool 有待处理 = false;     {         std::scoped_lock | 自我线程模块.ixx:607:前_微秒(),         std::size_t 最大承接数量 = 1);     bool 请求观察事实承接轻量唤醒(const char* 来源 = nullptr) noexcept;     结构_自我线程配置& 配置() noexcept;     const 结构_自"
present	自我线程类::步骤_重算受影响二次特征_	步骤_重算受影响二次特征_	自我线程模块.impl.cpp:16964	3	3	void 自我线程类::步骤_重算受影响二次特征_(结构_主循环骨架上下文* 上下文)	类别=执行;输入=有自定义类型;输出=void;副作用=无明显副作用;领域=自我;约束=无显式约束	"自我线程模块.impl.cpp:15635:下一轮优先冻结治理邮箱=1"");         return 上下文.结果;     }     步骤_重算受影响二次特征_(&上下文);     (void)抢占落账任务管理成功结果_(&上下文, ""二次特征重算后"", now);     (void)抢占落账任务管理派生需求_(&上 | 自我线程模块.impl.cpp:16286:    return true; }  // 功能：按函数名执行对应处理。 void 自我线程类::步骤_重算受影响二次特征_(结构_主循环骨架上下文* 上下文) {     if (!上下文) {         return;     }      上下文->结果.当前运行阶段 =  | 自我线程模块.ixx:995:void 步骤_规范化消息并落一次特征账_(结构_主循环骨架上下文* 上下文);     void 步骤_重算受影响二次特征_(结构_主循环骨架上下文* 上下文);     void 步骤_刷新线程上下文并生成治理帧_(结构_主循环骨架上下文* 上下文);     void 步骤_整理需"
present	自我线程类::步骤_刷新线程上下文并生成治理帧_	步骤_刷新线程上下文并生成治理帧_	自我线程模块.impl.cpp:17463	3	3	void 自我线程类::步骤_刷新线程上下文并生成治理帧_(结构_主循环骨架上下文* 上下文)	类别=生成;输入=有自定义类型;输出=void;副作用=无明显副作用;领域=自我;约束=无显式约束	"自我线程模块.impl.cpp:15642:请求(""二次特征重算后"")) {         return 上下文.结果;     }     步骤_刷新线程上下文并生成治理帧_(&上下文);     (void)抢占落账任务管理成功结果_(&上下文, ""治理帧刷新后"", now);     (void)抢占落账任务管理派生需求_(&上下 | 自我线程模块.impl.cpp:16700:true; }  // 功能：根据当前输入生成目标数据、场景、动态或回执。 void 自我线程类::步骤_刷新线程上下文并生成治理帧_(结构_主循环骨架上下文* 上下文) {     if (!上下文) {         return;     }      上下文->结果.当前运行阶段 =  | 自我线程模块.ixx:996:   void 步骤_重算受影响二次特征_(结构_主循环骨架上下文* 上下文);     void 步骤_刷新线程上下文并生成治理帧_(结构_主循环骨架上下文* 上下文);     void 步骤_整理需求并做根层重判_(结构_主循环骨架上下文* 上下文);     void 步骤_生成并执行主"
present	自我线程类::步骤_整理需求并做根层重判_	步骤_整理需求并做根层重判_	自我线程模块.impl.cpp:17611	3	3	void 自我线程类::步骤_整理需求并做根层重判_(结构_主循环骨架上下文* 上下文)	类别=执行;输入=有自定义类型;输出=void;副作用=无明显副作用;领域=自我;约束=无显式约束	"自我线程模块.impl.cpp:15649:止请求(""治理帧刷新后"")) {         return 上下文.结果;     }     步骤_整理需求并做根层重判_(&上下文);     (void)抢占落账任务管理成功结果_(&上下文, ""需求整理后"", now);     (void)抢占落账任务管理派生需求_(&上下文 | 自我线程模块.impl.cpp:16848:响项摘要 = 摘要.str(); }  // 功能：按函数名执行对应处理。 void 自我线程类::步骤_整理需求并做根层重判_(结构_主循环骨架上下文* 上下文) {     if (!上下文) {         return;     }      上下文->结果.当前运行阶段 =  | 自我线程模块.ixx:997:oid 步骤_刷新线程上下文并生成治理帧_(结构_主循环骨架上下文* 上下文);     void 步骤_整理需求并做根层重判_(结构_主循环骨架上下文* 上下文);     void 步骤_生成并执行主派发决议_(结构_主循环骨架上下文* 上下文);     bool 抢占落账观察事实承"
present	自我线程类::步骤_生成并执行主派发决议_	步骤_生成并执行主派发决议_	自我线程模块.impl.cpp:17842	3	3	void 自我线程类::步骤_生成并执行主派发决议_(结构_主循环骨架上下文* 上下文)	类别=生成;输入=有自定义类型;输出=void;副作用=无明显副作用;领域=自我;约束=无显式约束	"自我线程模块.impl.cpp:15656:停止请求(""需求整理后"")) {         return 上下文.结果;     }     步骤_生成并执行主派发决议_(&上下文);     if (收到停止请求(""主派发后"")) {         return 上下文.结果;     }     (void)抢占落账任务管理 | 自我线程模块.impl.cpp:17074:    } }  // 功能：根据当前输入生成目标数据、场景、动态或回执。 void 自我线程类::步骤_生成并执行主派发决议_(结构_主循环骨架上下文* 上下文) {     if (!上下文) {         return;     }      auto 收到停止请求 = [th | 自我线程模块.ixx:998:  void 步骤_整理需求并做根层重判_(结构_主循环骨架上下文* 上下文);     void 步骤_生成并执行主派发决议_(结构_主循环骨架上下文* 上下文);     bool 抢占落账观察事实承接_(         结构_主循环骨架上下文* 上下文,         const"
present	自我线程类::刷新初始化标记_已加锁	刷新初始化标记_已加锁	自我线程模块.impl.cpp:18172	3	3	void 自我线程类::刷新初始化标记_已加锁() noexcept	类别=构造;输入=有自定义类型;输出=void;副作用=无明显副作用;领域=自我;约束=noexcept+锁约束	自我线程模块.impl.cpp:14643:     }          std::scoped_lock 锁(状态锁_);         刷新初始化标记_已加锁();         健康运行_ = 初始化完成_;         if (初始化完成_) {             最近故障摘要_.clear();    | 自我线程模块.impl.cpp:17404:   return; }  // 功能：初始化相关对象、状态或运行上下文。 void 自我线程类::刷新初始化标记_已加锁() noexcept {     const auto 初始化结果 = 自我初始化模块::读取自我初始化结果(自我);     初始化完成_ = 初始化结果.初 | 自我线程模块.ixx:1025:修复);     bool 投递治理消息(const 结构_治理消息& 消息);     void 刷新初始化标记_已加锁() noexcept;     void 刷新治理恢复事件镜像_已加锁() noexcept;     void 故障收口_已加锁(时间戳 now, const
present	自检线程类::读取摘要	读取摘要	自检线程模块.impl.cpp:1579	3	3	结构_自检线程摘要 自检线程类::读取摘要() const	类别=读取;输入=有自定义类型;输出=其他;副作用=无明显副作用;领域=全局通用候选;约束=无显式约束	自检线程模块.impl.cpp:1501:rn 生命周期_; }  // 功能：从指定来源读取数据或状态。 结构_自检线程摘要 自检线程类::读取摘要() const {     std::lock_guard<std::mutex> 锁(状态锁_);     结构_自检线程摘要 摘要{};     私有_绑定 | 自检线程模块.impl.cpp:2170:或状态。 结构_自检线程摘要 读取自检线程摘要() {     return 获取全局自检线程().读取摘要(); }  | 自检线程模块.ixx:104:线程生命周期状态 读取生命周期状态() const noexcept;     结构_自检线程摘要 读取摘要() const;  private:     void 主循环_();     void 执行运行中自检_(时间戳 now);     void 执行休眠期自检
present	自检线程类::执行运行中自检_	执行运行中自检_	自检线程模块.impl.cpp:1760	3	3	void 自检线程类::执行运行中自检_(时间戳 now)	类别=执行;输入=有自定义类型;输出=void;副作用=无明显副作用;领域=全局通用候选;约束=无显式约束	"自检线程模块.impl.cpp:1603:      }                     }                     执行运行中自检_(now);                 }             }             if (本轮基础信息就绪 && 当前只读观察模式 && 休眠 | 自检线程模块.impl.cpp:1666:"");     } }  // 功能：执行对应模块、线程或方法的运行逻辑。 void 自检线程类::执行运行中自检_(时间戳 now) {     std::size_t 本轮需求型提交 = 0;     std::size_t 本轮报告型提交 = 0;     const a | 自检线程模块.ixx:108:读取摘要() const;  private:     void 主循环_();     void 执行运行中自检_(时间戳 now);     void 执行休眠期自检_(时间戳 now);     void 记录事件_已加锁(时间戳 now, const std::stri"
present	自检线程类::执行休眠期自检_	执行休眠期自检_	自检线程模块.impl.cpp:2075	3	3	void 自检线程类::执行休眠期自检_(时间戳 now)	类别=执行;输入=有自定义类型;输出=void;副作用=无明显副作用;领域=全局通用候选;约束=无显式约束	"自检线程模块.impl.cpp:1634:   }                 } else {                     执行休眠期自检_(now);                 }             }         } catch (const std::exception& 异常) | 自检线程模块.impl.cpp:1990:缺口"");     } }  // 功能：执行任务、方法或动作的主体逻辑。 void 自检线程类::执行休眠期自检_(时间戳 now) {     项目运行日志(""自检线程/休眠期自检 | 开始"");     ++休眠批次号_;     std::size_t 本轮提交 = 0 | 自检线程模块.ixx:109:void 主循环_();     void 执行运行中自检_(时间戳 now);     void 执行休眠期自检_(时间戳 now);     void 记录事件_已加锁(时间戳 now, const std::string& 摘要);  private:     mutab"
present	语素类::重写语素SQL投影	重写语素SQL投影	语素类.cpp:642	3	3	bool 语素类::重写语素SQL投影(const char* 来源原因) const noexcept	类别=未分类;输入=有自定义类型;输出=bool;副作用=无明显副作用;领域=语素;约束=noexcept	"语素类.cpp:707:} }  // 功能：把当前语素树本体重写到 SQL Server 查询投影。 bool 语素类::重写语素SQL投影(const char* 来源原因) const noexcept {     std::lock_guard<std::mutex> SQL锁{ 私有_语素SQ | 语素类.h:130:      // 功能：把当前语素树本体重写到 SQL Server 查询投影。     bool 重写语素SQL投影(const char* 来源原因) const noexcept;  private:     void 私有_清理主信息_已加锁() noexcept;    | 鱼巢.cpp:1164:        : ""程序退出最终重写"";         const bool 成功 = 语素集.重写语素SQL投影(来源原因.c_str());         if (仅首次 && 成功) {             启动已成功写入 = true;         }   "
present	语素类::获取语素入口对应基础信息类型	获取语素入口对应基础信息类型	语素类.cpp:946	3	3	枚举_主信息类型 语素类::获取语素入口对应基础信息类型(const 语素入口节点类* 入口节点) const	类别=读取;输入=有自定义类型;输出=指针/引用/句柄;副作用=无明显副作用;领域=语素;约束=无显式约束	二次特征应用模块.ixx:2344:点类*>(概念词));         if (概念基础信息             && 语素集.获取语素入口对应基础信息类型(概念词) == 枚举_主信息类型::二次特征_修饰) {             主信息->概念模板 = 私有_生成引用(static_cast<二次特征节点类 | 语素类.cpp:1144:性::未定义; }  // 功能：读取并返回指定对象、状态或运行材料。 枚举_主信息类型 语素类::获取语素入口对应基础信息类型(const 语素入口节点类* 入口节点) const {     if (!入口节点) return 枚举_主信息类型::未定义;     读锁守卫 lk(链表 | 语素类.h:98:语素入口人类词性(const 语素入口节点类* 入口节点) const;     枚举_主信息类型 获取语素入口对应基础信息类型(const 语素入口节点类* 入口节点) const;     枚举_主信息类型 获取语素入口显式对应基础信息类型(const 语素入口节点类* 入口节点) c
present	语言类::生成二次特征自然语言	生成二次特征自然语言	语言类_二次特征表达.cpp:425	3	3	std::string 语言类::生成二次特征自然语言(const 二次特征节点类* 节点) const	类别=生成;输入=有自定义类型;输出=文本;副作用=无明显副作用;领域=语言;约束=无显式约束	语言类.h:24:取基础信息名称(const 基础信息节点类* 节点) const;     std::string 生成二次特征自然语言(const 二次特征节点类* 节点) const;      文章节点类* 新建文章(const std::string& 标题, const std::str | 语言类_二次特征表达.cpp:399: }  // 功能：根据当前输入生成目标数据、场景、动态或回执。 std::string 语言类::生成二次特征自然语言(const 二次特征节点类* 节点) const {     const auto* 主信息 = 二次特征主信息_桥接(节点);     if (!主信息) r | 语言类_基础信息命名.cpp:195:主信息 = 二次特征主信息_桥接(节点)) {         const auto 自然语言 = 生成二次特征自然语言(static_cast<const 二次特征节点类*>(节点));         if (!自然语言.empty()) return 自然语言;
present	需求类::需求目标语义_按目标特征类型	需求目标语义_按目标特征类型	需求类.cpp:1064	3	3	需求类::枚举_需求目标语义 需求类::需求目标语义_按目标特征类型( const 语素入口节点类* 目标特征类型) noexcept	类别=执行;输入=有自定义类型;输出=指针/引用/句柄;副作用=无明显副作用;领域=需求;约束=noexcept	"需求类.cpp:1097:"";     } }  // 功能：按函数名执行对应处理。 需求类::枚举_需求目标语义 需求类::需求目标语义_按目标特征类型(     const 语素入口节点类* 目标特征类型) noexcept {     switch (逻辑组织需求类型_按目标特征类型(目标特征类型)) {   | 需求类.cpp:1187:求目标语义视图 视图{};     视图.目标特征类型 = 目标特征类型;     视图.语义 = 需求目标语义_按目标特征类型(目标特征类型);     视图.逻辑组织类型 = 逻辑组织需求类型_按目标特征类型(目标特征类型);     视图.语义名称 = 需求目标语义文本(视图.语义) | 需求类.h:288: 语素入口节点类* 目标特征类型) noexcept;      static 枚举_需求目标语义 需求目标语义_按目标特征类型(         const 语素入口节点类* 目标特征类型) noexcept;      static const char* 需求目标语义文本(     "
present	需求类::需求获取途径文本	需求获取途径文本	需求类.cpp:1114	3	3	const char* 需求类::需求获取途径文本( 枚举_需求获取途径 途径) noexcept	类别=读取;输入=有自定义类型;输出=文本;副作用=无明显副作用;领域=需求;约束=noexcept	需求类.cpp:1147:   } }  // 功能：读取并返回指定对象、状态或运行材料。 const char* 需求类::需求获取途径文本(     枚举_需求获取途径 途径) noexcept {     switch (途径) {     case 枚举_需求获取途径::普通目标直接生成:    | 需求类.cpp:1274:求获取途径语义视图 视图{};     视图.获取途径 = 途径;     视图.获取途径名称 = 需求获取途径文本(途径);     视图.默认目标语义 = 需求目标语义_按获取途径(途径);     视图.默认逻辑组织类型 = 逻辑组织需求类型_按获取途径(途径);     | 需求类.h:294:  枚举_需求目标语义 语义) noexcept;      static const char* 需求获取途径文本(         枚举_需求获取途径 途径) noexcept;      static 结构_需求目标语义视图 需求目标语义视图(         const
present	需求类::需求目标语义_按获取途径	需求目标语义_按获取途径	需求类.cpp:1166	3	3	需求类::枚举_需求目标语义 需求类::需求目标语义_按获取途径( 枚举_需求获取途径 途径) noexcept	类别=读取;输入=有自定义类型;输出=其他;副作用=无明显副作用;领域=需求;约束=noexcept	需求类.cpp:1199:; }  // 功能：读取并返回指定对象、状态或运行材料。 需求类::枚举_需求目标语义 需求类::需求目标语义_按获取途径(     枚举_需求获取途径 途径) noexcept {     switch (途径) {     case 枚举_需求获取途径::普通目标直接生成:    | 需求类.cpp:1275:途径;     视图.获取途径名称 = 需求获取途径文本(途径);     视图.默认目标语义 = 需求目标语义_按获取途径(途径);     视图.默认逻辑组织类型 = 逻辑组织需求类型_按获取途径(途径);     视图.默认目标特征类型 = 需求获取途径默认目标特征类型(途径); | 需求类.h:300: 语素入口节点类* 目标特征类型) noexcept;      static 枚举_需求目标语义 需求目标语义_按获取途径(         枚举_需求获取途径 途径) noexcept;      static 枚举_逻辑组织需求类型 逻辑组织需求类型_按获取途径(
present	需求类::比较需求方向签名	比较需求方向签名	需求类.cpp:1332	3	3	需求类::枚举_需求方向比较结果 需求类::比较需求方向签名( const 结构_需求方向签名& 左, const 结构_需求方向签名& 右) noexcept	类别=比较;输入=有自定义类型;输出=指针/引用/句柄;副作用=无明显副作用;领域=需求;约束=noexcept	需求类.cpp:1587:); }  // 功能：比较当前值、目标值或历史基准。 需求类::枚举_需求方向比较结果 需求类::比较需求方向签名(     const 结构_需求方向签名& 左,     const 结构_需求方向签名& 右) noexcept {     if (!左.有效() || ! | 需求类.cpp:1655:类* 左,     const 二次特征节点类* 右) noexcept {     return 比较需求方向签名(         生成需求方向签名(左),         生成需求方向签名(右)); }  // 功能：按函数名执行对应处理。 bool 需求类::需求方向同 | 需求类.h:416: 二次特征节点类* 比较节点) noexcept;      static 枚举_需求方向比较结果 比较需求方向签名(         const 结构_需求方向签名& 左,         const 结构_需求方向签名& 右) noexcept;      static 枚
present	世界树类::绑定核心概念语素	绑定核心概念语素	世界树类.cpp:1263	3	4	bool 世界树类::绑定核心概念语素()	类别=未分类;输入=有自定义类型;输出=bool;副作用=无明显副作用;领域=世界;约束=无显式约束	世界树类.cpp:1595:n 全部成功; }  // 功能：建立对象、任务、方法或因果之间的绑定关系。 bool 世界树类::绑定核心概念语素() {     bool 全部成功 = 初始化核心存在概念树();     const auto 绑定 = [&](const char* 词, 枚举_信息入口 | 世界树类.cpp:1635:成功;     全部成功 = 初始化核心概念默认特征槽() && 全部成功;     全部成功 = 绑定核心概念语素() && 全部成功;     return 全部成功; }  // 功能：创建并返回或登记对应对象。 基础信息节点类* 世界树类::取或创建抽象特征根() {  | 世界树类.h:121:l 初始化核心存在概念树();     bool 初始化核心概念默认特征槽();     bool 绑定核心概念语素();     bool 初始化存在概念系统();      基础信息节点类* 取或创建抽象特征根();     抽象特征主信息类* 取抽象特征主信息(抽象特征节
present	基础信息类::主信息类型是否可由语素入口模板创建	主信息类型是否可由语素入口模板创建	基础信息类.cpp:225	3	4	bool 基础信息类::主信息类型是否可由语素入口模板创建(枚举_主信息类型 类型) noexcept	类别=构造;输入=有自定义类型;输出=bool;副作用=无明显副作用;领域=基础信息;约束=noexcept	基础信息类.cpp:171:模板(入口节点, 类型)) {         return 已有;     }     if (!主信息类型是否可由语素入口模板创建(类型)) {         return nullptr;     }      auto* 新主信息 = 私有_创建语素入口模板主信息(入口节点, 类型); | 基础信息类.cpp:250:   return out; }  // 功能：创建并返回或登记对应对象。 bool 基础信息类::主信息类型是否可由语素入口模板创建(枚举_主信息类型 类型) noexcept {     return 语素类::基础信息类型可由语素入口模板创建(类型); }  // 功能：按函数名执行对应处 | 基础信息类.h:49: 节点类* 范围根 = nullptr     ) const;      static bool 主信息类型是否可由语素入口模板创建(枚举_主信息类型 类型) noexcept;     static bool 基础信息节点匹配类型(const 节点类* 节点, 枚举_主信息类型 类型) no
present	自我类::选择当前主需求候选_	选择当前主需求候选_	自我类.cpp:2402	3	6	需求类::节点类* 自我类::选择当前主需求候选_() const noexcept	类别=未分类;输入=有自定义类型;输出=指针/引用/句柄;副作用=无明显副作用;领域=自我;约束=noexcept	自我类.cpp:2209:需求 = 获取当前主需求();     if (!当前主需求) {         当前主需求 = 选择当前主需求候选_();         if (当前主需求) {             (void)设置当前主需求(当前主需求, now);         }     }   | 自我类.cpp:2362:n 任务节点; }  // 功能：从候选集中选择当前使用对象或方法。 需求类::节点类* 自我类::选择当前主需求候选_() const noexcept {     const auto 评估 = 评估根需求压力();     if (评估.安全压力 <= 0 && 评估.服务压 | 自我类.ixx:326:     需求类::节点类* 来源需求     ) noexcept;     需求类::节点类* 选择当前主需求候选_() const noexcept;     void 同步运行态特征_() noexcept;     void 重算时序回归步长_按当前双值_() noexc
present	需求类::需求获取途径语义视图	需求获取途径语义视图	需求类.cpp:1236	3	7	需求类::结构_需求获取途径语义视图 需求类::需求获取途径语义视图( 枚举_需求获取途径 途径) noexcept	类别=读取;输入=有自定义类型;输出=其他;副作用=无明显副作用;领域=需求;约束=noexcept	"需求类.cpp:1269: // 功能：读取并返回指定对象、状态或运行材料。 需求类::结构_需求获取途径语义视图 需求类::需求获取途径语义视图(     枚举_需求获取途径 途径) noexcept {     结构_需求获取途径语义视图 视图{};     视图.获取途径 = 途径;     视图.获 | 需求类.cpp:2016:     枚举_需求获取途径 途径) noexcept {     const auto 视图 = 需求获取途径语义视图(途径);     if (!视图.可直接构造逻辑组织需求) {         std::ostringstream 日志;         日志 << ""需求 | 需求类.h:309:枚举_需求获取途径 途径) noexcept;      static 结构_需求获取途径语义视图 需求获取途径语义视图(         枚举_需求获取途径 途径) noexcept;      static const 语素入口节点类* 读取需求目标特征类型(         "
present	状态类::状态写入后整理	状态写入后整理	状态类.cpp:840	3	11	std::size_t 状态类::状态写入后整理( 场景节点类* 场景, 状态节点类* 新状态, std::size_t 最大清理数量)	类别=写入;输入=有自定义类型;输出=整数/时间;副作用=无明显副作用;领域=全局通用候选;约束=无显式约束	状态类.cpp:382:st auto 状态写入后整理开始 = 私有_状态创建阶段时间点();         (void)状态写入后整理(场景, 节点);         状态写入后整理耗时微秒 = 私有_状态创建阶段耗时微秒(             状态写入后整理开始,             | 状态类.cpp:794:已清理; }  // 功能：把处理结果写入指定对象、场景或日志。 std::size_t 状态类::状态写入后整理(     场景节点类* 场景,     状态节点类* 新状态,     std::size_t 最大清理数量) {     const auto* 主信息 =  | 状态类.h:151:    std::size_t 最大清理数量 = 0     );     std::size_t 状态写入后整理(         场景节点类* 场景,         状态节点类* 新状态,         std::size_t 最大清理数量 = 0     );
present	状态类::生成状态	生成状态	状态类.cpp:182	3	16	状态节点主信息类 状态类::生成状态( 基础信息节点类* 主体, 特征节点类* 特征, 特征值 状态值, 时间戳 发生时间, 时间戳 收到时间) const	类别=生成;输入=有自定义类型;输出=整数/时间;副作用=无明显副作用;领域=全局通用候选;约束=无显式约束	状态类.cpp:270: 0; }  // 功能：根据当前输入生成目标数据、场景、动态或回执。 状态节点主信息类 状态类::生成状态(     基础信息节点类* 主体,     特征节点类* 特征,     特征值 状态值,     时间戳 发生时间,     时间戳 收到时间) const  | 状态类.cpp:467:now != 0 ? now : 结构体_时间戳::当前_微秒();     auto 主信息 = 生成状态(主体, 特征, 值, 记录时间, 记录时间);     主信息.对应信息节点 = 特征         ? 私有_生成引用(static_cast<基础信息节点 | 状态类.h:65:时间(const 状态节点类* 状态) const noexcept;      状态节点主信息类 生成状态(         基础信息节点类* 主体,         特征节点类* 特征,         特征值 状态值,         时间戳 发生时间 = 结构体
present	控制面板摘要线程类::请求刷新	请求刷新	控制面板摘要线程模块.impl.cpp:690	3	17	void 控制面板摘要线程类::请求刷新()	类别=执行;输入=有自定义类型;输出=void;副作用=无明显副作用;领域=控制面板;约束=无显式约束	控制面板摘要线程模块.impl.cpp:689:oin();     } }  // 功能：按函数名执行对应处理。 void 控制面板摘要线程类::请求刷新() {     刷新请求_.store(true);     唤醒条件_.notify_all(); }  // 功能：执行对应模块、线程或方法的运行逻辑。 b | 控制面板摘要线程模块.impl.cpp:826:函数名执行对应处理。 bool 请求刷新控制面板摘要() {     获取全局控制面板摘要线程().请求刷新();     return true; }  // 功能：从指定来源读取数据或状态。 结构_控制面板摘要快照 读取最新控制面板摘要快照() {     retu | 控制面板摘要线程模块.ixx:84: 启动();     void 请求停止();     void 等待停止();     void 请求刷新();      bool 是否健康运行() const noexcept;     枚举_控制面板摘要线程生命周期状态 读取生命周期状态() const noe
present	世界树类::比较存在	比较存在	世界树类.cpp:1865	3	37	存在比较结果 世界树类::比较存在( const 存在节点类* 左存在, const 存在节点类* 右存在, const 集合比较参数& 参数) const	类别=比较;输入=有自定义类型;输出=指针/引用/句柄;副作用=无明显副作用;领域=世界;约束=无显式约束	世界树类.cpp:3179:型, 左值, 右值); }  // 功能：比较当前值、目标值或历史基准。 存在比较结果 世界树类::比较存在(     const 存在节点类* 左存在,     const 存在节点类* 右存在,     const 集合比较参数& 参数) const {     i | 世界树类.cpp:3204:to* 所属场景 = 左场景 ? 左场景 : 右场景;     const auto 比较结果 = 比较存在(左存在, 右存在, 参数);     return 二次特征生成服务_->由存在比较结果生成二次特征(         所属场景,         左存在,   | 世界树类.h:605: 左特征,         const 特征节点类* 右特征) const;     存在比较结果 比较存在(         const 存在节点类* 左存在,         const 存在节点类* 右存在,         const 集合比较参数& 参数 =
present	D455_相机实现::获取配置	获取配置	D455相机类.cpp:887	4	4	const D455_相机实现::配置项& D455_相机实现::获取配置() const	类别=读取;输入=无自定义类型;输出=指针/引用/句柄;副作用=无明显副作用;领域=外设;约束=无显式约束	D455相机类.cpp:192:   }      // 功能：读取并返回指定对象、状态或运行材料。     const 配置项& 获取配置() const {         return cfg;     }      // 功能：按函数名执行对应处理。     bool 应用配置(const 配 | D455相机类.cpp:887:并返回指定对象、状态或运行材料。 const D455_相机实现::配置项& D455_相机实现::获取配置() const {     static const 配置项 默认配置{};     return 实现指针 ? 实现指针->获取配置() : 默认配置; }  | D455相机类.cpp:889: static const 配置项 默认配置{};     return 实现指针 ? 实现指针->获取配置() : 默认配置; }  // 功能：按函数名执行对应处理。 bool D455_相机实现::应用配置(const 配置项& 新配置) {     return | D455相机类.ixx:82:ool 采集一帧(结构体_原始场景帧& 输出) override;      const 配置项& 获取配置() const;     bool 应用配置(const 配置项& 新配置);     bool 采集一帧并提取轮廓(结构体_原始场景帧& 输出, std::v
present	D455_相机实现::采集一帧并提取轮廓	采集一帧并提取轮廓	D455相机类.cpp:898	4	4	bool D455_相机实现::采集一帧并提取轮廓(结构体_原始场景帧& 输出, std::vector<结构体_轮廓观测>& out轮廓)	类别=执行;输入=有自定义类型;输出=bool;副作用=无明显副作用;领域=外设;约束=无显式约束	D455相机类.cpp:185:;         }     }      // 功能：按函数名执行对应处理。     bool 采集一帧并提取轮廓(结构体_原始场景帧& 输出, std::vector<结构体_轮廓观测>& out轮廓) {         if (!采集一帧(输出)) return fal | D455相机类.cpp:898:->应用配置(新配置); }  // 功能：按函数名执行对应处理。 bool D455_相机实现::采集一帧并提取轮廓(结构体_原始场景帧& 输出, std::vector<结构体_轮廓观测>& out轮廓) {     return 实现指针 && 实现指针->采集一帧并提取轮 | D455相机类.cpp:899:ctor<结构体_轮廓观测>& out轮廓) {     return 实现指针 && 实现指针->采集一帧并提取轮廓(输出, out轮廓); }  // 功能：读取并返回指定对象、状态或运行材料。 const std::vector<结构体_轮廓观测>& D455_相机实现:: | D455相机类.ixx:84:() const;     bool 应用配置(const 配置项& 新配置);     bool 采集一帧并提取轮廓(结构体_原始场景帧& 输出, std::vector<结构体_轮廓观测>& out轮廓);     const std::vector<结构体_轮廓观测>& 获
present	D455_相机实现::获取最近轮廓观测	获取最近轮廓观测	D455相机类.cpp:903	4	4	const std::vector<结构体_轮廓观测>& D455_相机实现::获取最近轮廓观测() const	类别=读取;输入=有自定义类型;输出=指针/引用/句柄;副作用=无明显副作用;领域=外设;约束=无显式约束	D455相机类.cpp:232:并返回指定对象、状态或运行材料。     const std::vector<结构体_轮廓观测>& 获取最近轮廓观测() const {         return 最近轮廓;     }  private:     bool 已打开 = false;     配置项 cfg | D455相机类.cpp:903:、状态或运行材料。 const std::vector<结构体_轮廓观测>& D455_相机实现::获取最近轮廓观测() const {     static const std::vector<结构体_轮廓观测> 空轮廓;     return 实现指针 ? 实现指针->获取 | D455相机类.cpp:905:td::vector<结构体_轮廓观测> 空轮廓;     return 实现指针 ? 实现指针->获取最近轮廓观测() : 空轮廓; }  | D455相机类.ixx:85:体_轮廓观测>& out轮廓);     const std::vector<结构体_轮廓观测>& 获取最近轮廓观测() const;  private:     class 实现;     std::unique_ptr<实现> 实现指针; };
present	世界树类::确保根概念_实物存在	确保根概念_实物存在	世界树类.cpp:1064	4	4	存在节点类* 世界树类::确保根概念_实物存在()	类别=未分类;输入=有自定义类型;输出=指针/引用/句柄;副作用=无明显副作用;领域=世界;约束=无显式约束	"世界树类.cpp:1396:存在"")); }  // 功能：确保目标结构、状态或前置条件存在并可用。 存在节点类* 世界树类::确保根概念_实物存在() {     return 确保存在概念(私有_存在概念入口性(""实物存在""), 确保根概念_存在()); }  // 功能：确保目标结构、状态或前置条件存在 | 世界树类.cpp:1466: 全部成功 = 确保根概念_存在() != nullptr && 全部成功;     全部成功 = 确保根概念_实物存在() != nullptr && 全部成功;     全部成功 = 确保根概念_虚拟存在() != nullptr && 全部成功;     全部成功 = 确保根 | 世界树类.cpp:1615:&& 全部成功;     全部成功 = 绑定(""实物存在"", 枚举_信息入口类型::存在概念入口, 确保根概念_实物存在()) && 全部成功;     全部成功 = 绑定(""虚拟存在"", 枚举_信息入口类型::存在概念入口, 确保根概念_虚拟存在()) && 全部成功;      | 世界树类.h:108:const noexcept;     存在节点类* 确保根概念_存在();     存在节点类* 确保根概念_实物存在();     存在节点类* 确保根概念_虚拟存在();     存在节点类* 确保根概念_信息存在();     存在节点类* 确保根概念_数字生命();   "
present	世界树类::确保核心概念_需求	确保核心概念_需求	世界树类.cpp:1094	4	4	存在节点类* 世界树类::确保核心概念_需求()	类别=未分类;输入=有自定义类型;输出=指针/引用/句柄;副作用=无明显副作用;领域=世界;约束=无显式约束	"世界树类.cpp:1426:生命()); }  // 功能：确保目标结构、状态或前置条件存在并可用。 存在节点类* 世界树类::确保核心概念_需求() {     return 确保存在概念(语素集.添加信息入口词(""需求"", 枚举_信息入口类型::需求概念入口), 确保根概念_虚拟存在()); }  // | 世界树类.cpp:1471:全部成功 = 确保核心概念_自我() != nullptr && 全部成功;     全部成功 = 确保核心概念_需求() != nullptr && 全部成功;     全部成功 = 确保核心概念_任务() != nullptr && 全部成功;     全部成功 = 确保核心 | 世界树类.cpp:1620:) && 全部成功;     全部成功 = 绑定(""需求"", 枚举_信息入口类型::需求概念入口, 确保核心概念_需求()) && 全部成功;     全部成功 = 绑定(""任务"", 枚举_信息入口类型::任务概念入口, 确保核心概念_任务()) && 全部成功;     全部成 | 世界树类.h:113: 确保根概念_数字生命();     存在节点类* 确保核心概念_自我();     存在节点类* 确保核心概念_需求();     存在节点类* 确保核心概念_任务();     存在节点类* 确保核心概念_方法();     存在节点类* 确保核心概念_状态();     存"
present	世界树类::确保核心概念_状态	确保核心概念_状态	世界树类.cpp:1112	4	4	存在节点类* 世界树类::确保核心概念_状态()	类别=未分类;输入=有自定义类型;输出=指针/引用/句柄;副作用=无明显副作用;领域=世界;约束=无显式约束	"世界树类.cpp:1444:存在()); }  // 功能：确保目标结构、状态或前置条件存在并可用。 存在节点类* 世界树类::确保核心概念_状态() {     return 确保存在概念(私有_存在概念入口性(""状态""), 确保根概念_信息存在()); }  // 功能：确保目标结构、状态或前置条件存在 | 世界树类.cpp:1474:全部成功 = 确保核心概念_方法() != nullptr && 全部成功;     全部成功 = 确保核心概念_状态() != nullptr && 全部成功;     全部成功 = 确保核心概念_事件() != nullptr && 全部成功;     全部成功 = 确保核心 | 世界树类.cpp:1623:) && 全部成功;     全部成功 = 绑定(""状态"", 枚举_信息入口类型::存在概念入口, 确保核心概念_状态()) && 全部成功;     全部成功 = 绑定(""事件"", 枚举_信息入口类型::存在概念入口, 确保核心概念_事件()) && 全部成功;     全部成 | 世界树类.h:116:* 确保核心概念_任务();     存在节点类* 确保核心概念_方法();     存在节点类* 确保核心概念_状态();     存在节点类* 确保核心概念_事件();     存在节点类* 确保核心概念_规则();     bool 初始化核心存在概念树();     bo"
present	世界树类::确保核心概念_事件	确保核心概念_事件	世界树类.cpp:1118	4	4	存在节点类* 世界树类::确保核心概念_事件()	类别=未分类;输入=有自定义类型;输出=指针/引用/句柄;副作用=无明显副作用;领域=世界;约束=无显式约束	"世界树类.cpp:1450:存在()); }  // 功能：确保目标结构、状态或前置条件存在并可用。 存在节点类* 世界树类::确保核心概念_事件() {     return 确保存在概念(私有_存在概念入口性(""事件""), 确保根概念_信息存在()); }  // 功能：确保目标结构、状态或前置条件存在 | 世界树类.cpp:1475:全部成功 = 确保核心概念_状态() != nullptr && 全部成功;     全部成功 = 确保核心概念_事件() != nullptr && 全部成功;     全部成功 = 确保核心概念_规则() != nullptr && 全部成功;     return 全部成功 | 世界树类.cpp:1624:) && 全部成功;     全部成功 = 绑定(""事件"", 枚举_信息入口类型::存在概念入口, 确保核心概念_事件()) && 全部成功;     全部成功 = 绑定(""规则"", 枚举_信息入口类型::存在概念入口, 确保核心概念_规则()) && 全部成功;     ret | 世界树类.h:117:* 确保核心概念_方法();     存在节点类* 确保核心概念_状态();     存在节点类* 确保核心概念_事件();     存在节点类* 确保核心概念_规则();     bool 初始化核心存在概念树();     bool 初始化核心概念默认特征槽();     b"
present	世界树类::确保核心概念_规则	确保核心概念_规则	世界树类.cpp:1124	4	4	存在节点类* 世界树类::确保核心概念_规则()	类别=未分类;输入=有自定义类型;输出=指针/引用/句柄;副作用=无明显副作用;领域=世界;约束=无显式约束	"世界树类.cpp:1456:存在()); }  // 功能：确保目标结构、状态或前置条件存在并可用。 存在节点类* 世界树类::确保核心概念_规则() {     return 确保存在概念(私有_存在概念入口性(""规则""), 确保根概念_信息存在()); }  // 功能：初始化相关对象、状态或运行上下文 | 世界树类.cpp:1476:全部成功 = 确保核心概念_事件() != nullptr && 全部成功;     全部成功 = 确保核心概念_规则() != nullptr && 全部成功;     return 全部成功; }  // 功能：初始化相关对象、状态或运行上下文。 bool 世界树类::初始化 | 世界树类.cpp:1625:) && 全部成功;     全部成功 = 绑定(""规则"", 枚举_信息入口类型::存在概念入口, 确保核心概念_规则()) && 全部成功;     return 全部成功; }  // 功能：初始化相关对象、状态或运行上下文。 bool 世界树类::初始化存在概念系统() { | 世界树类.h:118:* 确保核心概念_状态();     存在节点类* 确保核心概念_事件();     存在节点类* 确保核心概念_规则();     bool 初始化核心存在概念树();     bool 初始化核心概念默认特征槽();     bool 绑定核心概念语素();     bool"
present	世界树类::根据概念扩充实例记忆	根据概念扩充实例记忆	世界树类.cpp:1524	4	4	void 世界树类::根据概念扩充实例记忆( 存在节点类* 实例, const std::vector<存在节点类*>& 概念集)	类别=执行;输入=有自定义类型;输出=void;副作用=无明显副作用;领域=世界;约束=无显式约束	世界树类.cpp:2044:);     auto* 实例 = 存在服务_.创建存在实例(父节点, 名称, 概念集);     根据概念扩充实例记忆(实例, 概念集);     return 实例; }  // 功能：按函数名执行对应处理。 bool 世界树类::添加实例概念(     存在节点类* 实例,  | 世界树类.cpp:2056:.添加实例概念(实例, 概念, false);     if (是否扩充记忆) {         根据概念扩充实例记忆(实例, std::vector<存在节点类*>{ 概念 });     }     return 已添加; }  // 功能：按函数名执行对应处理。 void  | 世界树类.cpp:2062:}     return 已添加; }  // 功能：按函数名执行对应处理。 void 世界树类::根据概念扩充实例记忆(     存在节点类* 实例,     const std::vector<存在节点类*>& 概念集) {     if (!实例) return;       | 世界树类.h:231:类* 概念,         bool 是否扩充记忆 = true     );     void 根据概念扩充实例记忆(         存在节点类* 实例,         const std::vector<存在节点类*>& 概念集     );     bool 存在包含概
present	世界树类::读取特征VecU	读取特征VecU	世界树类.cpp:1735	4	4	const VecIU64* 世界树类::读取特征VecU(const 特征节点类* 节点) const	类别=读取;输入=有自定义类型;输出=指针/引用/句柄;副作用=无明显副作用;领域=世界;约束=无显式约束	世界树类.cpp:3122:alse; }  // 功能：从指定来源读取数据或状态。 const VecIU64* 世界树类::读取特征VecU(const 特征节点类* 节点) const {     const auto 值 = 读取特征快照(节点);     if (const auto* 句柄 = | 世界树类.cpp:3135:值) const {     输出值.clear();     const auto* 原始值 = 读取特征VecU(节点);     if (!原始值) return false;     输出值 = 解码VecIU64为VecI64(*原始值);     return tr | 世界树类.h:597:节点类* 特征类型, void*& 输出指针) const;     const VecIU64* 读取特征VecU(const 特征节点类* 节点) const;     bool 读取特征VecI64(const 特征节点类* 节点, VecI64& 输出值) const; | 自我动作实现.外设模块.ixx:7537:查找子特征(宿主, 特征类型);         const auto* 值 = 特征 ? 世界树.读取特征VecU(特征) : nullptr;         if (!值 || 值->empty()) return false;         const auto 长度
present	二次特征类::私有_写入标量值_已取主信息	私有_写入标量值_已取主信息	二次特征类.cpp:1040	4	4	bool 二次特征类::私有_写入标量值_已取主信息( 二次特征节点类* 节点, 二次特征主信息类* 主信息, I64 标量值, bool 是否满足, I64 置信度, std::uint64_t 主信息读取耗时微秒, 时间戳 观测时间戳, bool 跳过内部采样)	类别=写入;输入=有自定义类型;输出=bool;副作用=无明显副作用;领域=特征;约束=无显式约束	二次特征类.cpp:1223:    主信息读取开始,         私有_二次特征类阶段时间点());     return 私有_写入标量值_已取主信息(         节点,         主信息,         标量值,         是否满足,         置信度,         主信息读取耗 | 二次特征类.cpp:1244:置信度,     时间戳 观测时间戳,     bool 跳过内部采样) {     return 私有_写入标量值_已取主信息(         节点,         主信息,         标量值,         是否满足,         置信度,         0,     | 二次特征类.cpp:1314:  10000); }  // 功能：把处理结果写入指定对象、场景或日志。 bool 二次特征类::私有_写入标量值_已取主信息(     二次特征节点类* 节点,     二次特征主信息类* 主信息,     I64 标量值,     bool 是否满足,     I64 置信度,    | 二次特征类.h:191:     bool 刷新概念模板(二次特征节点类* 节点);  private:     bool 私有_写入标量值_已取主信息(         二次特征节点类* 节点,         二次特征主信息类* 主信息,         I64 标量值,         bool 是否满足,
present	二次特征类::私有_写入离散值_已取主信息	私有_写入离散值_已取主信息	二次特征类.cpp:1199	4	4	bool 二次特征类::私有_写入离散值_已取主信息( 二次特征节点类* 节点, 二次特征主信息类* 主信息, std::int32_t 离散编码, const std::string& 离散语义键, 枚举_二次特征值形态 值形态, I64 置信度, std::uint64_t 主信息读取耗时微秒, 时间戳 观测时间戳,	类别=写入;输入=有自定义类型;输出=bool;副作用=无明显副作用;领域=特征;约束=无显式约束	二次特征类.cpp:1437:    主信息读取开始,         私有_二次特征类阶段时间点());     return 私有_写入离散值_已取主信息(         节点,         主信息,         离散编码,         离散语义键,         值形态,         置信度, | 二次特征类.cpp:1460:置信度,     时间戳 观测时间戳,     bool 跳过内部采样) {     return 私有_写入离散值_已取主信息(         节点,         主信息,         离散编码,         离散语义键,         值形态,         置信度, | 二次特征类.cpp:1473: 跳过内部采样); }  // 功能：把处理结果写入指定对象、场景或日志。 bool 二次特征类::私有_写入离散值_已取主信息(     二次特征节点类* 节点,     二次特征主信息类* 主信息,     std::int32_t 离散编码,     const std::strin | 二次特征类.h:200:        时间戳 观测时间戳,         bool 跳过内部采样);     bool 私有_写入离散值_已取主信息(         二次特征节点类* 节点,         二次特征主信息类* 主信息,         std::int32_t 离散编码,
present	二次特征类::设置生成语义	设置生成语义	二次特征类.cpp:859	4	4	bool 二次特征类::设置生成语义( 二次特征节点类* 节点, 枚举_二次特征域 域, 枚举_二次特征粒度 粒度, 枚举_二次特征基准类型 基准类型, 枚举_时间归一方式 时间归一方式, 枚举_二次特征值形态 值形态)	类别=生成;输入=有自定义类型;输出=bool;副作用=无明显副作用;领域=特征;约束=无显式约束	世界树类.cpp:2244: 时间归一方式,     枚举_二次特征值形态 值形态) {     return 二次特征服务_.设置生成语义(节点, 域, 粒度, 基准类型, 时间归一方式, 值形态); }  // 功能：绑定二次特征来源状态、动态和场景。 bool 世界树类::绑定二次特征来源(   | 二次特征类.cpp:1075:true; }  // 功能：根据当前输入生成目标数据、场景、动态或回执。 bool 二次特征类::设置生成语义(     二次特征节点类* 节点,     枚举_二次特征域 域,     枚举_二次特征粒度 粒度,     枚举_二次特征基准类型 基准类型,     枚举 | 二次特征类.cpp:1289:n false;     }      (void)绑定场景(节点, 场景);     (void)设置生成语义(         节点,         枚举_二次特征域::存在,         枚举_二次特征粒度::当前场景,         枚举_二次特征基准类型: | 二次特征类.h:129:    bool 绑定场景(二次特征节点类* 节点, 场景节点类* 所属场景);     bool 设置生成语义(         二次特征节点类* 节点,         枚举_二次特征域 域,         枚举_二次特征粒度 粒度,         枚举_二次特征基
present	二次特征类::设置主体客体	设置主体客体	二次特征类.cpp:961	4	4	bool 二次特征类::设置主体客体(二次特征节点类* 节点, 基础信息节点类* 主体, 基础信息节点类* 客体)	类别=未分类;输入=有自定义类型;输出=bool;副作用=无明显副作用;领域=特征;约束=无显式约束	世界树类.cpp:2280:点, 基础信息节点类* 主体, 基础信息节点类* 客体) {     return 二次特征服务_.设置主体客体(节点, 主体, 客体); }  // 功能：设置二次特征左右比较对象。 bool 世界树类::设置二次特征左右对象(二次特征节点类* 节点, 基础信息节点类*  | 二次特征类.cpp:1177:return true; }  // 功能：设置对象字段、状态或运行参数。 bool 二次特征类::设置主体客体(二次特征节点类* 节点, 基础信息节点类* 主体, 基础信息节点类* 客体) {     auto* 主信息 = 取二次特征主信息(节点);     if (! | 二次特征类.cpp:1296:       枚举_时间归一方式::无,         主信息->值形态);     (void)设置主体客体(节点, 主体, 客体);     (void)绑定来源(         节点,         nullptr,         nullptr,       | 二次特征类.h:151:时间戳 总时长 = 0,         时间戳 窗口时长 = 0     );     bool 设置主体客体(二次特征节点类* 节点, 基础信息节点类* 主体, 基础信息节点类* 客体);     bool 设置左右对象(二次特征节点类* 节点, 基础信息节点类* 左对
present	动态类::允许生成方法动作动态	允许生成方法动作动态	动态类.cpp:977	4	4	bool 动态类::允许生成方法动作动态(const 方法节点类* 来源动作) const noexcept	类别=生成;输入=有自定义类型;输出=bool;副作用=无明显副作用;领域=动态;约束=noexcept	动态类.cpp:873: 状态节点类* 结果状态) {     if (!场景 || !动态主体 || !动态特征 || !允许生成方法动作动态(来源动作)) {         return nullptr;     }      if (开始时间 == 0 && 结束时间 == 0) {        | 动态类.cpp:1051:, 子场景); }  // 功能：根据当前输入生成目标数据、场景、动态或回执。 bool 动态类::允许生成方法动作动态(const 方法节点类* 来源动作) const noexcept {     return 私有_方法有可执行动作入口(来源动作); }  // 功能：删除指 | 动态类.cpp:1282:名) {     auto* 主信息 = 取动态主信息(节点);     if (!主信息 || !允许生成方法动作动态(来源动作)) return false;      主信息->来源动作.指针 = 来源动作;     const auto* 方法 = reinterpret_ | 动态类.h:122:态节点类* 初始状态, 状态节点类* 结果状态) const noexcept;     bool 允许生成方法动作动态(const 方法节点类* 来源动作) const noexcept;     bool 删除动态(动态节点类* 节点);      std::vector<动态
present	因果类::枚举全部因果	枚举全部因果	因果类.cpp:1864	4	4	std::vector<因果节点类*> 因果类::枚举全部因果() const	类别=执行;输入=有自定义类型;输出=指针/引用/句柄;副作用=无明显副作用;领域=因果;约束=无显式约束	"因果类.cpp:1409:空"");         return;     }      for (auto* 因果节点 : 枚举全部因果()) {         ++因果节点数量;         const auto* 主信息 = 取因果主信息(因果节点);         if (!主信息) | 因果类.cpp:2483:果); }  // 功能：按函数名执行对应处理。 std::vector<因果节点类*> 因果类::枚举全部因果() const {     std::vector<因果节点类*> out;     auto* base = 基础信息_ ? 基础信息_ : const_ca | 因果类.cpp:2498:    std::vector<因果模板节点类*> out;     for (auto* n : 枚举全部因果()) {         if (取因果主信息(n)) out.push_back(reinterpret_cast<因果模板节点类*>(n));     }  | 因果类.h:119:语义键,         bool& 已创建);      std::vector<因果节点类*> 枚举全部因果() const;     std::vector<因果模板节点类*> 枚举因果模板() const;      // 功能：按条件特征查询抽象因果模板，不创建或"
present	场景类::绑定宿主	绑定宿主	场景类.cpp:254	4	4	bool 场景类::绑定宿主(场景节点类* 节点, 存在节点类* 宿主存在)	类别=未分类;输入=有自定义类型;输出=bool;副作用=无明显副作用;领域=场景;约束=无显式约束	世界树类.cpp:2150:绑定场景宿主(场景节点类* 节点, 存在节点类* 宿主存在) {     return 场景服务_.绑定宿主(节点, 宿主存在); }  // 功能：读取场景宿主存在引用，优先返回缓存指针，缺指针时按主键只读解析。 存在节点类* 世界树类::读取场景宿主存在(const | 世界树类.cpp:3269::内部世界);     if (!内部世界) return nullptr;      场景服务_.绑定宿主(内部世界, 宿主存在);     存在服务_.绑定内部世界(宿主存在, 内部世界);     return 内部世界; }  // 功能：从指定来源读取数据或状 | 场景类.cpp:316:rn 结果集合; }  // 功能：建立对象、任务、方法或因果之间的绑定关系。 bool 场景类::绑定宿主(场景节点类* 节点, 存在节点类* 宿主存在) {     auto* 主信息 = 取场景主信息(节点);     if (!主信息) return false | 场景类.h:64: 值池,         const 存在节点类* 存在概念根) const;      bool 绑定宿主(场景节点类* 节点, 存在节点类* 宿主存在);     bool 绑定来源文章(场景节点类* 节点, 文章节点类* 来源文章);     存在节点类* 读取场
present	基础信息类::基础信息节点匹配类型	基础信息节点匹配类型	基础信息类.cpp:231	4	4	bool 基础信息类::基础信息节点匹配类型(const 节点类* 节点, 枚举_主信息类型 类型) noexcept	类别=比较;输入=有自定义类型;输出=bool;副作用=无明显副作用;领域=基础信息;约束=noexcept	基础信息类.cpp:132:   auto* 节点 = static_cast<节点类*>(it);         if (!基础信息节点匹配类型(节点, 类型)) continue;         if (私有_主信息引用语素入口节点(节点->主信息, 入口节点)) {             retu | 基础信息类.cpp:164: 已有 : 查找引用语素入口节点的基础信息(入口节点, 父)) {             if (基础信息节点匹配类型(已有, 类型)) {                 return 已有;             }         }     } else if (aut | 基础信息类.cpp:256:型可由语素入口模板创建(类型); }  // 功能：按函数名执行对应处理。 bool 基础信息类::基础信息节点匹配类型(const 节点类* 节点, 枚举_主信息类型 类型) noexcept {     if (!节点 || !节点->主信息) return false;    | 基础信息类.h:50:可由语素入口模板创建(枚举_主信息类型 类型) noexcept;     static bool 基础信息节点匹配类型(const 节点类* 节点, 枚举_主信息类型 类型) noexcept;     static bool 基础信息节点引用语素入口节点(const 节点类*
present	存在类::根据概念扩充实例记忆	根据概念扩充实例记忆	存在类.cpp:565	4	4	void 存在类::根据概念扩充实例记忆( 存在节点类* 实例, const std::vector<存在节点类*>& 输入概念集)	类别=执行;输入=有自定义类型;输出=void;副作用=无明显副作用;领域=存在;约束=无显式约束	世界树类.cpp:2044:);     auto* 实例 = 存在服务_.创建存在实例(父节点, 名称, 概念集);     根据概念扩充实例记忆(实例, 概念集);     return 实例; }  // 功能：按函数名执行对应处理。 bool 世界树类::添加实例概念(     存在节点类* 实例,  | 世界树类.cpp:2056:.添加实例概念(实例, 概念, false);     if (是否扩充记忆) {         根据概念扩充实例记忆(实例, std::vector<存在节点类*>{ 概念 });     }     return 已添加; }  // 功能：按函数名执行对应处理。 void  | 世界树类.cpp:2062:}     return 已添加; }  // 功能：按函数名执行对应处理。 void 世界树类::根据概念扩充实例记忆(     存在节点类* 实例,     const std::vector<存在节点类*>& 概念集) {     if (!实例) return;       | 世界树类.h:231:类* 概念,         bool 是否扩充记忆 = true     );     void 根据概念扩充实例记忆(         存在节点类* 实例,         const std::vector<存在节点类*>& 概念集     );     bool 存在包含概
present	存在类::写入观测位置	写入观测位置	存在类.cpp:613	4	4	bool 存在类::写入观测位置(存在节点类* 节点, const Vector3D& 位置_mm)	类别=写入;输入=有自定义类型;输出=bool;副作用=无明显副作用;领域=存在;约束=无显式约束	世界树类.cpp:3359:置_mm) {     if (!节点) return false;     if (!存在服务_.写入观测位置(节点, 位置_mm)) {         return false;     }      auto* 父节点 = static_cast<基础信息节点类*> | 存在类.cpp:762:eturn true; }  // 功能：把处理结果写入指定对象、场景或日志。 bool 存在类::写入观测位置(存在节点类* 节点, const Vector3D& 位置_mm) {     auto* 主信息 = 取存在主信息(节点);     if (!主信息) re | 存在类.cpp:817:置信度, now) && 全部成功;      if (全部成功) {         (void)写入观测位置(节点, Vector3D{             static_cast<double>(x),             static_cast<double | 存在类.h:106:主信息中的最近观测缓存；正式治理判断应读取空间特征 / 二次特征 / 动态证据。     bool 写入观测位置(存在节点类* 节点, const Vector3D& 位置_mm);     bool 写入存在场景绝对坐标(         存在节点类* 节点,
present	方法类::初始化方法虚拟存在信息	初始化方法虚拟存在信息	方法类.cpp:1956	4	4	bool 方法类::初始化方法虚拟存在信息( 节点类* 方法首节点, 存在节点类* 宿主存在, 时间戳 now)	类别=构造;输入=有自定义类型;输出=bool;副作用=无明显副作用;领域=方法;约束=无显式约束	方法类.cpp:2545:eturn false; }  // 功能：初始化相关对象、状态或运行上下文。 bool 方法类::初始化方法虚拟存在信息(     节点类* 方法首节点,     存在节点类* 宿主存在,     时间戳 now) {     // 兼容旧调用名；方法虚拟存在的权威同步入口已收口到 | 方法类.h:248:    时间戳 now = 结构体_时间戳::当前_微秒());      static bool 初始化方法虚拟存在信息(         节点类* 方法首节点,         存在节点类* 宿主存在 = nullptr,         时间戳 now = 结构体_时间戳::当 | 方法虚拟存在服务类.cpp:830: now); }  // 功能：初始化相关对象、状态或运行上下文。 bool 方法虚拟存在服务类::初始化方法虚拟存在信息(     方法类::节点类* 方法首节点,     存在节点类* 宿主存在,     时间戳 now) {     return 同步方法节点到虚拟存在(方法首 | 方法虚拟存在服务类.h:70:    时间戳 now = 结构体_时间戳::当前_微秒());      static bool 初始化方法虚拟存在信息(         方法类::节点类* 方法首节点,         存在节点类* 宿主存在 = nullptr,         时间戳 now = 结构体_时
present	方法虚拟存在服务类::补齐方法虚拟存在概念集	补齐方法虚拟存在概念集	方法虚拟存在服务类.cpp:582	4	4	bool 方法虚拟存在服务类::补齐方法虚拟存在概念集( 方法类::节点类* 方法首节点, 存在节点类* 宿主存在, 时间戳 now)	类别=未分类;输入=有自定义类型;输出=bool;副作用=无明显副作用;领域=存在;约束=无显式约束	方法虚拟存在服务类.cpp:553:(首节点, 宿主存在, now);     if (方法虚拟存在) {         (void)补齐方法虚拟存在概念集(首节点, 宿主存在, now);     }     return 方法虚拟存在; }  // 功能：创建并返回或登记对应对象。 存在节点类* 方法虚拟存在服务 | 方法虚拟存在服务类.cpp:568:now); }  // 功能：补齐条件、参数、证据或方法能力缺口。 bool 方法虚拟存在服务类::补齐方法虚拟存在概念集(     方法类::节点类* 方法首节点,     存在节点类* 宿主存在,     时间戳 now) {     auto* 首节点 = 私有_归一到方法首节 | 方法虚拟存在服务类.cpp:744:归属 -> 身份默认值 -> 结构状态 -> 统计槽位”的顺序投影方法首节点。     已同步 = 补齐方法虚拟存在概念集(首节点, 宿主存在, now) || 已同步;     已同步 = 私有_同步方法身份与默认特征(首节点, 宿主存在, now) || 已同步;     已同步 | 方法虚拟存在服务类.h:17:    时间戳 now = 结构体_时间戳::当前_微秒());      static bool 补齐方法虚拟存在概念集(         方法类::节点类* 方法首节点,         存在节点类* 宿主存在 = nullptr,         时间戳 now = 结构体_时
present	特征类::读取子特征值_按类型	读取子特征值_按类型	特征类.cpp:2341	4	4	特征值 特征类::读取子特征值_按类型(const 基础信息节点类* 宿主, const 语素入口节点类* 特征类型) const	类别=读取;输入=有自定义类型;输出=指针/引用/句柄;副作用=无明显副作用;领域=特征;约束=无显式约束	世界树类.cpp:3069:宿主, const 语素入口节点类* 特征类型) const {     return 特征服务_.读取子特征值_按类型(宿主, 特征类型); }  // 功能：从指定来源读取数据或状态。 bool 世界树类::读取特征_I64(const 特征节点类* 节点, I64& 输出值) | 存在类.cpp:112:      I64& 输出值)     {         const auto 值 = 特征服务.读取子特征值_按类型(宿主, 特征类型);         if (const auto* 标量 = std::get_if<I64>(&值)) {             输出值  | 特征类.cpp:2404:  return nullptr; }  // 功能：从指定来源读取数据或状态。 特征值 特征类::读取子特征值_按类型(const 基础信息节点类* 宿主, const 语素入口节点类* 特征类型) const {     if (!基础信息_ || !特征类型) return  | 特征类.h:280:st 基础信息节点类* 宿主, const 语素入口节点类* 名称) const;     特征值 读取子特征值_按类型(const 基础信息节点类* 宿主, const 语素入口节点类* 特征类型) const;     std::size_t 复制子特征到宿主(基础信息节点类*
present	特征类::写入特征值_I64	写入特征值_I64	特征类.cpp:2664	4	4	bool 特征类::写入特征值_I64(特征节点类* 节点, I64 值, 时间戳 now)	类别=写入;输入=有自定义类型;输出=bool;副作用=无明显副作用;领域=特征;约束=无显式约束	世界树类.cpp:2980:I64(特征节点类* 节点, I64 值, 时间戳 now) {     return 特征服务_.写入特征值_I64(节点, 值, now); }  // 功能：把通用特征值写入指定特征节点。 bool 世界树类::写入特征值(特征节点类* 节点, const 特征值& 值,  | 存在类.cpp:129:取或创建子特征_按类型(宿主, 特征类型);         return 特征节点 ? 特征服务.写入特征值_I64(特征节点, 值, now) : false;     }      // 功能：把处理结果写入指定对象、场景或日志。     bool 私有_写入子特征指针(  | 特征类.cpp:2811:& 特征值有效(值); }  // 功能：把处理结果写入指定对象、场景或日志。 bool 特征类::写入特征值_I64(特征节点类* 节点, I64 值, 时间戳 now) {     return 写入特征值(节点, 特征值{ 值 }, now); }  // 功能：把处理结果 | 特征类.h:304:nst 特征值& 值, 时间戳 now = 结构体_时间戳::当前_微秒());     bool 写入特征值_I64(特征节点类* 节点, I64 值, 时间戳 now = 结构体_时间戳::当前_微秒());     bool 写入特征值_VecU句柄(特征节点类* 节点,
present	特征类::写入特征值_VecU句柄	写入特征值_VecU句柄	特征类.cpp:2670	4	4	bool 特征类::写入特征值_VecU句柄(特征节点类* 节点, VecU句柄 值, 时间戳 now)	类别=写入;输入=有自定义类型;输出=bool;副作用=无明显副作用;领域=特征;约束=无显式约束	世界树类.cpp:3023:= 值池_.获取或创建句柄(std::move(值), 维度);     return 特征服务_.写入特征值_VecU句柄(节点, 句柄, now); }  // 功能：把处理结果写入指定对象、场景或日志。 bool 世界树类::写入特征_VecU(     基础信息节点类* 宿主, | 特征类.cpp:2817: 值 }, now); }  // 功能：把处理结果写入指定对象、场景或日志。 bool 特征类::写入特征值_VecU句柄(特征节点类* 节点, VecU句柄 值, 时间戳 now) {     return 写入特征值(节点, 特征值{ 值 }, now); }  // 功能：把处 | 特征类.cpp:2831:点类* 节点, VecU句柄 值, 时间戳 now) {     return 值.有效() && 写入特征值_VecU句柄(节点, 值, now); }  // 功能：从指定来源读取数据或状态。 bool 特征类::读取三维体素特征值(const 特征节点类* 节点, VecU句柄& | 特征类.h:305: 节点, I64 值, 时间戳 now = 结构体_时间戳::当前_微秒());     bool 写入特征值_VecU句柄(特征节点类* 节点, VecU句柄 值, 时间戳 now = 结构体_时间戳::当前_微秒());     bool 写入特征值_指针句柄(特征节点类* 节点,
present	特征类::写入特征值_指针句柄	写入特征值_指针句柄	特征类.cpp:2676	4	4	bool 特征类::写入特征值_指针句柄(特征节点类* 节点, 指针句柄 值, 时间戳 now)	类别=写入;输入=有自定义类型;输出=bool;副作用=无明显副作用;领域=特征;约束=无显式约束	世界树类.cpp:3001:erpret_cast<std::uintptr_t>(指针);     return 特征服务_.写入特征值_指针句柄(节点, 句柄, now); }  // 功能：把处理结果写入指定对象、场景或日志。 bool 世界树类::写入特征_指针(     基础信息节点类* 宿主,   | 存在类.cpp:144:ret_cast<std::uintptr_t>(指针);         return 特征服务.写入特征值_指针句柄(特征节点, 句柄, now);     }      template<class T节点>     可解析引用<T节点> 私有_生成引用(T节点* 节点)   | 特征类.cpp:2823: 值 }, now); }  // 功能：把处理结果写入指定对象、场景或日志。 bool 特征类::写入特征值_指针句柄(特征节点类* 节点, 指针句柄 值, 时间戳 now) {     return 写入特征值(节点, 特征值{ 值 }, now); }  // 功能：把处理结 | 特征类.h:306:, VecU句柄 值, 时间戳 now = 结构体_时间戳::当前_微秒());     bool 写入特征值_指针句柄(特征节点类* 节点, 指针句柄 值, 时间戳 now = 结构体_时间戳::当前_微秒());     bool 写入三维体素特征值(特征节点类* 节点, Ve
present	特征类::三维体素占据位块数量	三维体素占据位块数量	特征类.cpp:3025	4	4	std::uint64_t 特征类::三维体素占据位块数量(const std::uint32_t 细分层数) noexcept	类别=未分类;输入=有自定义类型;输出=整数/时间;副作用=无明显副作用;领域=特征;约束=noexcept	特征类.cpp:3205:opt; }  // 功能：计算权重、状态、差值或派生结果。 std::uint64_t 特征类::三维体素占据位块数量(const std::uint32_t 细分层数) noexcept {     const auto 边长 = 三维体素最终边长(细分层数);     con | 特征类.cpp:3225:块(const std::uint32_t 细分层数) {     const auto 块数 = 三维体素占据位块数量(细分层数);     if (块数 == 0 || 块数 > static_cast<std::uint64_t>((std::numeric_limits<s | 特征类.cpp:3519:auto 最终边长 = 三维体素最终边长(细分层数);     const auto 期望块数 = 三维体素占据位块数量(细分层数);     if (!节点 || 最终边长 == 0 || 期望块数 == 0 || 占据位块.size() < 期望块数         || 原始 | 特征类.h:344:::uint32_t 深度) noexcept;     static std::uint64_t 三维体素占据位块数量(std::uint32_t 细分层数) noexcept;     static std::uint64_t 三维体素长方体占据位块数量(         st
present	特征类::三维体素长方体占据位块数量	三维体素长方体占据位块数量	特征类.cpp:3033	4	4	std::uint64_t 特征类::三维体素长方体占据位块数量( const std::uint32_t 宽度, const std::uint32_t 高度, const std::uint32_t 深度) noexcept	类别=未分类;输入=有自定义类型;输出=整数/时间;副作用=无明显副作用;领域=特征;约束=noexcept	特征类.cpp:3213:ull; }  // 功能：计算权重、状态、差值或派生结果。 std::uint64_t 特征类::三维体素长方体占据位块数量(     const std::uint32_t 宽度,     const std::uint32_t 高度,     const std::uint32_t | 特征类.cpp:3238:    const std::uint32_t 深度) {     const auto 块数 = 三维体素长方体占据位块数量(宽度, 高度, 深度);     if (块数 == 0 || 块数 > static_cast<std::uint64_t>((std::numeric_li | 特征类.cpp:3355:     if (!细分层数) return {};      const auto 期望块数 = 三维体素长方体占据位块数量(宽度, 高度, 深度);     if (期望块数 == 0 || 长方体占据位块.size() < 期望块数) return {};      auto 标准 | 特征类.h:345:uint32_t 细分层数) noexcept;     static std::uint64_t 三维体素长方体占据位块数量(         std::uint32_t 宽度,         std::uint32_t 高度,         std::uint32_t 深度) n
present	特征类::读取三维体素长方体占据位	读取三维体素长方体占据位	特征类.cpp:3111	4	4	bool 特征类::读取三维体素长方体占据位( const VecIU64& 占据位块, const std::uint32_t 宽度, const std::uint32_t 高度, const std::uint32_t 深度, const std::uint32_t x, const std::uint32_t y, const std::uint32	类别=读取;输入=有自定义类型;输出=bool;副作用=无明显副作用;领域=特征;约束=无显式约束	特征类.cpp:3291:    return true; }  // 功能：从指定来源读取数据或状态。 bool 特征类::读取三维体素长方体占据位(     const VecIU64& 占据位块,     const std::uint32_t 宽度,     const std::uint32_t 高度 | 特征类.cpp:3364:int32_t x = 0; x < 宽度; ++x) {                 if (读取三维体素长方体占据位(长方体占据位块, 宽度, 高度, 深度, x, y, z)) {                     写入三维体素占据位(标准占据位块, *细分层数, x, | 特征类.cpp:4026:t x = 0; x < 局部体素.宽度; ++x) {                 if (!读取三维体素长方体占据位(                     局部体素.占据位块,                     局部体素.宽度,                     | 特征类.h:367:_t z,         bool 有存在) noexcept;     static bool 读取三维体素长方体占据位(         const VecIU64& 占据位块,         std::uint32_t 宽度,         std::uint32_t 高度
present	特征类::比较坐标轮廓VecI64	比较坐标轮廓VecI64	特征类.cpp:4002	4	4	结构_轮廓比较结果 特征类::比较坐标轮廓VecI64( const VecI64& 左值, const VecI64& 右值, const std::uint32_t 坐标维度) noexcept	类别=比较;输入=有自定义类型;输出=整数/时间;副作用=无明显副作用;领域=特征;约束=noexcept	特征类.cpp:4141:(值, *维度); }  // 功能：比较当前值、目标值或历史基准。 结构_轮廓比较结果 特征类::比较坐标轮廓VecI64(     const VecI64& 左值,     const VecI64& 右值,     const std::uint32_t 坐标维度) noexc | 特征类.cpp:4192:cI64& 左值, const VecI64& 右值) noexcept {     return 比较坐标轮廓VecI64(左值, 右值, 2); }  // 功能：比较当前值、目标值或历史基准。 结构_轮廓比较结果 特征类::比较空间极值轮廓VecI64(const VecI64& | 特征类.cpp:4198:cI64& 左值, const VecI64& 右值) noexcept {     return 比较坐标轮廓VecI64(左值, 右值, 3); }  // 功能：比较当前值、目标值或历史基准。 结构_轮廓比较结果 特征类::比较轮廓VecI64_按特征类型(     const  | 特征类.h:465:节点类* 特征类型, const VecI64& 值);     static 结构_轮廓比较结果 比较坐标轮廓VecI64(         const VecI64& 左值,         const VecI64& 右值,         std::uint32_t 坐标维度)
present	状态类::可从活动状态链清理	可从活动状态链清理	状态类.cpp:626	4	4	bool 状态类::可从活动状态链清理(const 场景节点类* 场景, const 状态节点类* 节点) const	类别=未分类;输入=有自定义类型;输出=bool;副作用=无明显副作用;领域=全局通用候选;约束=无显式约束	状态类.cpp:623:    return 数量; }  // 功能：清理缓存、临时状态或运行资源。 bool 状态类::可从活动状态链清理(const 场景节点类* 场景, const 状态节点类* 节点) const {     if (!基础信息_ || !场景 || !节点) return f | 状态类.cpp:677:)) {             continue;         }         if (!可从活动状态链清理(场景, 状态节点)) {             continue;         }         待清理引用.push_back(私有_生成引用(状态节 | 状态类.cpp:720:间) {             continue;         }         if (!可从活动状态链清理(场景, 状态节点)) {             continue;         }         待清理引用.push_back(私有_生成引用(状态节 | 状态类.h:134:int64_t 统计状态引用数量(const 状态节点类* 节点) const;     bool 可从活动状态链清理(const 场景节点类* 场景, const 状态节点类* 节点) const;     std::size_t 清理已处理状态索引(         场景节点
present	状态类::清理已处理状态索引	清理已处理状态索引	状态类.cpp:658	4	4	std::size_t 状态类::清理已处理状态索引( 场景节点类* 场景, 基础信息节点类* 主体, 特征节点类* 特征, std::size_t 最大清理数量)	类别=未分类;输入=有自定义类型;输出=整数/时间;副作用=无明显副作用;领域=全局通用候选;约束=无显式约束	状态类.cpp:651: false; }  // 功能：清理缓存、临时状态或运行资源。 std::size_t 状态类::清理已处理状态索引(     场景节点类* 场景,     基础信息节点类* 主体,     特征节点类* 特征,     std::size_t 最大清理数量) {     if | 状态类.cpp:756:      目标清理数量 = 最大清理数量;     }     const auto 已清理 = 清理已处理状态索引(场景, nullptr, nullptr, 目标清理数量);     if (已清理 == 0) {         std::size_t 被引用状态数量 = | 状态类.cpp:802: 取状态主信息(新状态);     if (!主信息) return 0;      return 清理已处理状态索引(         场景,         主信息->状态主体.指针,         主信息->状态特征.指针,         最大清理数量); }  //  | 状态类.h:135:景节点类* 场景, const 状态节点类* 节点) const;     std::size_t 清理已处理状态索引(         场景节点类* 场景,         基础信息节点类* 主体 = nullptr,         特征节点类* 特征 = nullptr,
present	自我类::创建学习I64原子状态	创建学习I64原子状态	自我类.cpp:1190	4	4	状态节点类* 自我类::创建学习I64原子状态( 场景节点类* 场景, 基础信息节点类* 主体, const 语素入口节点类* 特征类型, I64 状态值, 时间戳 now) noexcept	类别=构造;输入=有自定义类型;输出=整数/时间;副作用=无明显副作用;领域=自我;约束=noexcept	任务模块.筹办.ixx:1719:     && 项.派生目标特征类型) {             项.派生当前状态 = 自我对象.创建学习I64原子状态(                 状态场景,                 项.派生目标主体,                 项.派生目标特征类型,     | 任务模块.筹办.ixx:1725:                now);             项.派生目标状态 = 自我对象.创建学习I64原子状态(                 状态场景,                 项.派生目标主体,                 项.派生目标特征类型,     | 自我类.cpp:1150:  return 状态节点; }  // 功能：创建并返回或登记对应对象。 状态节点类* 自我类::创建学习I64原子状态(     场景节点类* 场景,     基础信息节点类* 主体,     const 语素入口节点类* 特征类型,     I64 状态值,     时间戳 n | 自我类.ixx:181:ow = 结构体_时间戳::当前_微秒()     ) noexcept;      状态节点类* 创建学习I64原子状态(         场景节点类* 场景,         基础信息节点类* 主体,         const 语素入口节点类* 特征类型,         I6
present	自我类::安全稳定带下限值_	安全稳定带下限值_	自我类.cpp:1936	4	4	constexpr I64 自我类::安全稳定带下限值_() noexcept	类别=执行;输入=有自定义类型;输出=整数/时间;副作用=无明显副作用;领域=自我;约束=noexcept+constexpr	自我类.cpp:1558:  const I64 旧安全值 = 获取安全值();     const I64 目标安全值 = 安全稳定带下限值_();      if (delta <= 0) delta = 时序正向步长();     delta = (std::max<I64>)(1, delta); | 自我类.cpp:1896:_(), 80); }  // 功能：按函数名执行对应处理。 constexpr I64 自我类::安全稳定带下限值_() noexcept {     return 私有_百分比值(生命值上限_(), 50); }  // 功能：按函数名执行对应处理。 constexpr I6 | 自我类.cpp:2413:服务高位阈值 - 服务值) / 100);     }      const I64 安全下沿 = 安全稳定带下限值_();     if (安全值 < 安全下沿) {         const I64 安全压制值 = 安全下沿 - 安全值;         步长 = 步长 > | 自我类.ixx:289: I64 服务高位阈值_() noexcept;     static constexpr I64 安全稳定带下限值_() noexcept;     static constexpr I64 安全稳定带上限值_() noexcept;     static constexpr
present	自我类::确保自我现实场景_	确保自我现实场景_	自我类.cpp:1954	4	4	场景节点类* 自我类::确保自我现实场景_() noexcept	类别=未分类;输入=有自定义类型;输出=指针/引用/句柄;副作用=无明显副作用;领域=自我;约束=noexcept	自我类.cpp:870:状态或前置条件存在并可用。 场景节点类* 自我类::确保自我现实场景() {     return 确保自我现实场景_(); }  // 功能：确保目标结构、状态或前置条件存在并可用。 场景节点类* 自我类::确保自我内部世界() {     return 确保自我内部世界_() | 自我类.cpp:1914:) / 5); }  // 功能：确保目标结构、状态或前置条件存在并可用。 场景节点类* 自我类::确保自我现实场景_() noexcept {     return 世界树.取或创建自我现实场景(); }  // 功能：确保目标结构、状态或前置条件存在并可用。 场景节点类* 自 | 自我类.ixx:293: constexpr I64 风险安全回归目标值_() noexcept;      场景节点类* 确保自我现实场景_() noexcept;     场景节点类* 确保自我内部世界_() noexcept;     存在节点类* 确保自我存在_() noexcept;      | 自我类.初始化.cpp:289:在 = 自我对象.确保自我存在_();             auto* 现实场景 = 自我对象.确保自我现实场景_();             auto* 内部世界 = 自我对象.确保自我内部世界_();             return 自我存在
present	自我类::确保自我特征_	确保自我特征_	自我类.cpp:1975	4	4	特征节点类* 自我类::确保自我特征_(const 语素入口节点类* 特征类型) noexcept	类别=未分类;输入=有自定义类型;输出=指针/引用/句柄;副作用=无明显副作用;领域=自我;约束=noexcept	自我类.cpp:1059:  I64 值,     时间戳 now) noexcept {     auto* 特征节点 = 确保自我特征_(特征类型);     if (!特征节点) return false;     return 世界树.写入特征_I64(特征节点, 值, now); }  // | 自我类.cpp:1091:id* 指针值,     时间戳 now) noexcept {     auto* 特征节点 = 确保自我特征_(特征类型);     if (!特征节点) return false;     return 世界树.写入特征_指针(特征节点, 指针值, now); }  / | 自我类.cpp:1935:自我存在(); }  // 功能：确保目标结构、状态或前置条件存在并可用。 特征节点类* 自我类::确保自我特征_(const 语素入口节点类* 特征类型) noexcept {     if (!特征类型) return nullptr;      auto* 自我存在 = | 自我类.ixx:296:except;     存在节点类* 确保自我存在_() noexcept;     特征节点类* 确保自我特征_(const 语素入口节点类* 特征类型) noexcept;      void 确保自我I64特征已初始化_(         存在节点类* 自我存在,
present	自我类::确保根需求_	确保根需求_	自我类.cpp:2258	4	4	需求类::节点类* 自我类::确保根需求_( 存在节点类* 自我存在, const 语素入口节点类* 目标特征类型, I64 默认权重) noexcept	类别=未分类;输入=有自定义类型;输出=整数/时间;副作用=无明显副作用;领域=自我;约束=noexcept	自我类.cpp:2175:ullptr);         return;     }      auto* 安全根需求 = 确保根需求_(         自我存在,         自我特征定义类::类型_自我_安全值(),         roots_.安全);     auto* 服务根需求 | 自我类.cpp:2179:型_自我_安全值(),         roots_.安全);     auto* 服务根需求 = 确保根需求_(         自我存在,         自我特征定义类::类型_自我_服务值(),         roots_.服务);      const auto | 自我类.cpp:2218:  }  }  // 功能：确保目标结构、状态或前置条件存在并可用。 需求类::节点类* 自我类::确保根需求_(     存在节点类* 自我存在,     const 语素入口节点类* 目标特征类型,     I64 默认权重) noexcept {     if (!自 | 自我类.ixx:315:t;     void 确保主链镜像已初始化_() noexcept;     需求类::节点类* 确保根需求_(         存在节点类* 自我存在,         const 语素入口节点类* 目标特征类型,         I64 默认权重     ) noex
present	自我类::计算服务衰减步长_按双值_	计算服务衰减步长_按双值_	自我类.cpp:2454	4	4	I64 自我类::计算服务衰减步长_按双值_(I64 服务值, I64 安全值) const noexcept	类别=未分类;输入=有自定义类型;输出=整数/时间;副作用=无明显副作用;领域=自我;约束=noexcept	自我类.cpp:1474:  const I64 旧步长 = 服务时序衰减步长();     const I64 新步长 = 计算服务衰减步长_按双值_(获取服务值(), 获取安全值());      const bool 已变化 = 新步长 != 旧步长;     if (已变化) {         serv | 自我类.cpp:2400:ory_order_release);     service_decay_step_.store(计算服务衰减步长_按双值_(当前服务值, 当前安全值), std::memory_order_release);     同步运行态特征_(); }  // 功能：计算权重、状态、差值或派 | 自我类.cpp:2405:   同步运行态特征_(); }  // 功能：计算权重、状态、差值或派生结果。 I64 自我类::计算服务衰减步长_按双值_(I64 服务值, I64 安全值) const noexcept {     I64 步长 = 1;     const I64 服务高位阈值 = 服务高位阈值 | 自我类.ixx:329:ept;     void 重算时序回归步长_按当前双值_() noexcept;     I64 计算服务衰减步长_按双值_(I64 服务值, I64 安全值) const noexcept;     I64 计算安全增加步长_按服务值_(I64 服务值) const noexcept
present	自我类::计算安全增加步长_按服务值_	计算安全增加步长_按服务值_	自我类.cpp:2472	4	4	I64 自我类::计算安全增加步长_按服务值_(I64 服务值) const noexcept	类别=未分类;输入=有自定义类型;输出=整数/时间;副作用=无明显副作用;领域=自我;约束=noexcept	自我类.cpp:1502:    const I64 旧步长 = 时序正向步长();     const I64 新步长 = 计算安全增加步长_按服务值_(获取服务值());      const bool 已变化 = 新步长 != 旧步长;     if (已变化) {         temporal_forw | 自我类.cpp:2398:当前安全值 = 获取安全值();     temporal_forward_step_.store(计算安全增加步长_按服务值_(当前服务值), std::memory_order_release);     temporal_backward_step_.store(计算安全减少步长_按 | 自我类.cpp:2423:<I64>)(1, 步长); }  // 功能：计算权重、状态、差值或派生结果。 I64 自我类::计算安全增加步长_按服务值_(I64 服务值) const noexcept {     I64 步长 = 1;     const I64 服务高位阈值 = 服务高位阈值_();      | 自我类.ixx:330:步长_按双值_(I64 服务值, I64 安全值) const noexcept;     I64 计算安全增加步长_按服务值_(I64 服务值) const noexcept;     I64 计算安全减少步长_按服务值_(I64 服务值) const noexcept;      I6
present	自我类::计算安全减少步长_按服务值_	计算安全减少步长_按服务值_	自我类.cpp:2487	4	4	I64 自我类::计算安全减少步长_按服务值_(I64 服务值) const noexcept	类别=未分类;输入=有自定义类型;输出=整数/时间;副作用=无明显副作用;领域=自我;约束=noexcept	自我类.cpp:1530:    const I64 旧步长 = 时序反向步长();     const I64 新步长 = 计算安全减少步长_按服务值_(获取服务值());      const bool 已变化 = 新步长 != 旧步长;     if (已变化) {         temporal_back | 自我类.cpp:2399:order_release);     temporal_backward_step_.store(计算安全减少步长_按服务值_(当前服务值), std::memory_order_release);     service_decay_step_.store(计算服务衰减步长_按双值_( | 自我类.cpp:2438:<I64>)(1, 步长); }  // 功能：计算权重、状态、差值或派生结果。 I64 自我类::计算安全减少步长_按服务值_(I64 服务值) const noexcept {     I64 步长 = 1;     if (服务值 < 服务低位阈值_()) {         步长  | 自我类.ixx:331:4 计算安全增加步长_按服务值_(I64 服务值) const noexcept;     I64 计算安全减少步长_按服务值_(I64 服务值) const noexcept;      I64 读取自我I64特征当前值_(         const 语素入口节点类* 特征类型,
present	自我类::安全值_上升_	安全值_上升_	自我类.cpp:2513	4	4	void 自我类::安全值_上升_(I64 delta, const std::string& 原因类别, const std::string& 原因说明) noexcept	类别=执行;输入=有自定义类型;输出=void;副作用=无明显副作用;领域=自我;约束=noexcept	自我类.cpp:1323: std::string& 原因说明) noexcept {     if (delta > 0) 安全值_上升_(delta, 原因类别, 原因说明);     else if (delta < 0) 安全值_下降_(-delta, 原因类别, 原因说明); }  // 功 | 自我类.cpp:1331:值_下降_(delta, 原因类别, 原因说明);     else if (delta < 0) 安全值_上升_(-delta, 原因类别, 原因说明); }  // 功能：按函数名执行对应处理。 void 自我类::服务值增加(I64 delta, const std:: | 自我类.cpp:2464: }     return 缺省值; }  // 功能：按函数名执行对应处理。 void 自我类::安全值_上升_(I64 delta, const std::string& 原因类别, const std::string& 原因说明) noexcept {     cons | 自我类.ixx:338:,         I64 缺省值     ) const noexcept;      void 安全值_上升_(I64 delta, const std::string& 原因类别, const std::string& 原因说明) noexcept;     void
present	自我类::安全值_下降_	安全值_下降_	自我类.cpp:2526	4	4	void 自我类::安全值_下降_(I64 delta, const std::string& 原因类别, const std::string& 原因说明) noexcept	类别=执行;输入=有自定义类型;输出=void;副作用=无明显副作用;领域=自我;约束=noexcept	自我类.cpp:1324:值_上升_(delta, 原因类别, 原因说明);     else if (delta < 0) 安全值_下降_(-delta, 原因类别, 原因说明); }  // 功能：按函数名执行对应处理。 void 自我类::安全值减少(I64 delta, const std:: | 自我类.cpp:1330: std::string& 原因说明) noexcept {     if (delta > 0) 安全值_下降_(delta, 原因类别, 原因说明);     else if (delta < 0) 安全值_上升_(-delta, 原因类别, 原因说明); }  // 功 | 自我类.cpp:2477:别;     (void)原因说明; }  // 功能：按函数名执行对应处理。 void 自我类::安全值_下降_(I64 delta, const std::string& 原因类别, const std::string& 原因说明) noexcept {     cons | 自我类.ixx:339:原因类别, const std::string& 原因说明) noexcept;     void 安全值_下降_(I64 delta, const std::string& 原因类别, const std::string& 原因说明) noexcept;     void
present	自我类::服务值_上升_	服务值_上升_	自我类.cpp:2539	4	4	void 自我类::服务值_上升_(I64 delta, const std::string& 原因类别, const std::string& 原因说明) noexcept	类别=执行;输入=有自定义类型;输出=void;副作用=无明显副作用;领域=自我;约束=noexcept	自我类.cpp:1337: std::string& 原因说明) noexcept {     if (delta > 0) 服务值_上升_(delta, 原因类别, 原因说明);     else if (delta < 0) 服务值_下降_(-delta, 原因类别, 原因说明); }  // 功 | 自我类.cpp:1345:值_下降_(delta, 原因类别, 原因说明);     else if (delta < 0) 服务值_上升_(-delta, 原因类别, 原因说明); }  // 功能：按函数名执行对应处理。 bool 自我类::应用服务归零待机保护(时间戳 now) noexcept | 自我类.cpp:2490:别;     (void)原因说明; }  // 功能：按函数名执行对应处理。 void 自我类::服务值_上升_(I64 delta, const std::string& 原因类别, const std::string& 原因说明) noexcept {     cons | 自我类.ixx:340:原因类别, const std::string& 原因说明) noexcept;     void 服务值_上升_(I64 delta, const std::string& 原因类别, const std::string& 原因说明) noexcept;     void
present	自我类::服务值_下降_	服务值_下降_	自我类.cpp:2552	4	4	void 自我类::服务值_下降_(I64 delta, const std::string& 原因类别, const std::string& 原因说明) noexcept	类别=执行;输入=有自定义类型;输出=void;副作用=无明显副作用;领域=自我;约束=noexcept	自我类.cpp:1338:值_上升_(delta, 原因类别, 原因说明);     else if (delta < 0) 服务值_下降_(-delta, 原因类别, 原因说明); }  // 功能：按函数名执行对应处理。 void 自我类::服务值减少(I64 delta, const std:: | 自我类.cpp:1344: std::string& 原因说明) noexcept {     if (delta > 0) 服务值_下降_(delta, 原因类别, 原因说明);     else if (delta < 0) 服务值_上升_(-delta, 原因类别, 原因说明); }  // 功 | 自我类.cpp:2503:别;     (void)原因说明; }  // 功能：按函数名执行对应处理。 void 自我类::服务值_下降_(I64 delta, const std::string& 原因类别, const std::string& 原因说明) noexcept {     cons | 自我类.ixx:341:原因类别, const std::string& 原因说明) noexcept;     void 服务值_下降_(I64 delta, const std::string& 原因类别, const std::string& 原因说明) noexcept;  private:
present	自我类::确保线程池存在	确保线程池存在	自我类.cpp:926	4	4	存在节点类* 自我类::确保线程池存在( const std::string& 线程池标签, const std::string& 线程池类型) noexcept	类别=未分类;输入=有自定义类型;输出=文本;副作用=无明显副作用;领域=自我;约束=noexcept	"自我类.cpp:886:我存在_(); }  // 功能：确保目标结构、状态或前置条件存在并可用。 存在节点类* 自我类::确保线程池存在(     const std::string& 线程池标签,     const std::string& 线程池类型) noexcept {     auto | 自我类.cpp:907:程 && !参数.所属线程池标签.empty()) {         auto* 线程池存在 = 确保线程池存在(             参数.所属线程池标签,             参数.所属线程池类型.empty() ? ""线程池"" : 参数.所属线程池类型);   | 自我类.ixx:124:景节点类* 确保自我内部世界();     存在节点类* 确保自我存在();     存在节点类* 确保线程池存在(         const std::string& 线程池标签,         const std::string& 线程池类型 = ""线程池"") noe | 自我线程模块.impl.cpp:12551:& !参数.所属线程池标签.empty()) {         auto* 线程池存在 = 自我.确保线程池存在(             参数.所属线程池标签,             参数.所属线程池类型.empty() ? ""线程池"" : 参数.所属线程池类型);  "
present	自我线程类::是否首轮运行已完成	是否首轮运行已完成	自我线程模块.impl.cpp:15569	4	4	bool 自我线程类::是否首轮运行已完成() const noexcept	类别=执行;输入=有自定义类型;输出=bool;副作用=无明显副作用;领域=自我;约束=noexcept	"自我线程模块.impl.cpp:14887:rn 健康运行_; }  // 功能：执行对应模块、线程或方法的运行逻辑。 bool 自我线程类::是否首轮运行已完成() const noexcept {     std::scoped_lock 锁(状态锁_);     return 首轮运行已完成_; }  // 功能：启 | 自我线程模块.ixx:564:xcept;     bool 是否健康运行() const noexcept;     bool 是否首轮运行已完成() const noexcept;     bool 是否本次启动来自故障恢复() const noexcept;     枚举_线程生命周期状态 读取生命周期 | 鱼巢.cpp:772:))                 << "" | 首轮完成="" << 布尔文本_是或否(自我线程.是否首轮运行已完成())                 << "" | 当前阶段="" << 私有_线程运行阶段文本(最近运行阶段)                 << "" | 最 | 鱼巢.cpp:1396: : """")             + "" | 自我首轮完成="" + 布尔文本_是或否(自我线程.是否首轮运行已完成())             + "" | 中间态="" + 布尔文本_是或否(中间态)             + "" | 工作线程=""             "
present	自我线程类::是否本次启动来自故障恢复	是否本次启动来自故障恢复	自我线程模块.impl.cpp:15576	4	4	bool 自我线程类::是否本次启动来自故障恢复() const noexcept	类别=未分类;输入=有自定义类型;输出=bool;副作用=无明显副作用;领域=自我;约束=noexcept	"自我线程模块.impl.cpp:14894:turn 首轮运行已完成_; }  // 功能：启动线程、模块或运行流程。 bool 自我线程类::是否本次启动来自故障恢复() const noexcept {     std::scoped_lock 锁(状态锁_);     return 本次启动来自故障恢复_; }  // 功 | 自我线程模块.ixx:565:pt;     bool 是否首轮运行已完成() const noexcept;     bool 是否本次启动来自故障恢复() const noexcept;     枚举_线程生命周期状态 读取生命周期状态() const noexcept;     枚举_自我线程运行阶段 读取最 | 鱼巢.cpp:775:向)                 << "" | 恢复启动="" << 布尔文本_是或否(自我线程.是否本次启动来自故障恢复())                 << "" | 故障次数="" << 累计故障次数                 << "" | 恢复次数="" << 累计恢复 | 鱼巢.cpp:791:向)                 << "" | 恢复启动="" << 布尔文本_是或否(自我线程.是否本次启动来自故障恢复())                 << "" | 恢复次数="" << 累计恢复次数                 << "" | 根层重判="" << (有最近"
present	自我线程类::读取累计故障次数	读取累计故障次数	自我线程模块.impl.cpp:15614	4	4	std::uint64_t 自我线程类::读取累计故障次数() const noexcept	类别=读取;输入=有自定义类型;输出=整数/时间;副作用=无明显副作用;领域=自我;约束=noexcept	控制面板类.cpp:9375:ick计数值)             : 0;     快照.自我线程累计故障次数 = 自我线程.读取累计故障次数();     快照.自我线程累计恢复次数 = 自我线程.读取累计恢复次数();     快照.自我线程当前阶段 = 私有_线程运行阶段文本(当前阶段);     | 自我线程模块.impl.cpp:14932:k计数_; }  // 功能：从指定来源读取数据或状态。 std::uint64_t 自我线程类::读取累计故障次数() const noexcept {     std::scoped_lock 锁(状态锁_);     return 累计故障次数_; }  // 功能：从指 | 自我线程模块.ixx:570:64_t 读取Tick计数() const noexcept;     std::uint64_t 读取累计故障次数() const noexcept;     std::uint64_t 读取累计恢复次数() const noexcept;     结构_自我线程最小状态快照 | 鱼巢.cpp:701:自我线程.读取Tick计数();         const auto 累计故障次数 = 自我线程.读取累计故障次数();         const auto 累计恢复次数 = 自我线程.读取累计恢复次数();         const auto 最近运行摘要 = 自我线程
present	自我线程类::读取累计恢复次数	读取累计恢复次数	自我线程模块.impl.cpp:15621	4	4	std::uint64_t 自我线程类::读取累计恢复次数() const noexcept	类别=读取;输入=有自定义类型;输出=整数/时间;副作用=无明显副作用;领域=自我;约束=noexcept	控制面板类.cpp:9376:计故障次数 = 自我线程.读取累计故障次数();     快照.自我线程累计恢复次数 = 自我线程.读取累计恢复次数();     快照.自我线程当前阶段 = 私有_线程运行阶段文本(当前阶段);     快照.自我线程当前最终去向 = 私有_线程最终去向文本(当前去向);   | 自我线程模块.impl.cpp:14939:障次数_; }  // 功能：从指定来源读取数据或状态。 std::uint64_t 自我线程类::读取累计恢复次数() const noexcept {     std::scoped_lock 锁(状态锁_);     return 累计恢复次数_; }  // 功能：从指 | 自我线程模块.ixx:571:64_t 读取累计故障次数() const noexcept;     std::uint64_t 读取累计恢复次数() const noexcept;     结构_自我线程最小状态快照 读取自我线程最小状态快照() const;     std::string 读取上次故障 | 鱼巢.cpp:702:自我线程.读取累计故障次数();         const auto 累计恢复次数 = 自我线程.读取累计恢复次数();         const auto 最近运行摘要 = 自我线程.读取最近运行摘要();         const auto 上次故障摘要 = 自我线程
present	自我线程类::读取最近恢复摘要	读取最近恢复摘要	自我线程模块.impl.cpp:15712	4	4	std::string 自我线程类::读取最近恢复摘要() const	类别=读取;输入=有自定义类型;输出=文本;副作用=无明显副作用;领域=自我;约束=无显式约束	控制面板类.cpp:9380:近运行摘要 = 自我线程.读取最近运行摘要();     快照.自我线程最近恢复摘要 = 自我线程.读取最近恢复摘要();     快照.自我线程最近故障摘要 = 自我线程.读取最近故障摘要();      快照.控制面板摘要线程已启动 =         摘要线程生命周期 ! | 自我线程模块.impl.cpp:15021:urn {}; }  // 功能：从指定来源读取数据或状态。 std::string 自我线程类::读取最近恢复摘要() const {     return {}; }  // 功能：从指定来源读取数据或状态。 std::string 自我线程类::读取最近故障摘要() co | 自我线程模块.ixx:574:    std::string 读取上次故障摘要() const;     std::string 读取最近恢复摘要() const;     std::string 读取最近故障摘要() const;     std::string 读取最近运行摘要() const;     | 鱼巢.cpp:705:自我线程.读取上次故障摘要();         const auto 最近恢复摘要 = 自我线程.读取最近恢复摘要();         const auto 最近故障摘要 = 自我线程.读取最近故障摘要();         const auto 需求与权重治理输出快照 =
present	自我线程类::读取最近故障摘要	读取最近故障摘要	自我线程模块.impl.cpp:15718	4	4	std::string 自我线程类::读取最近故障摘要() const	类别=读取;输入=有自定义类型;输出=文本;副作用=无明显副作用;领域=自我;约束=无显式约束	控制面板类.cpp:9381:近恢复摘要 = 自我线程.读取最近恢复摘要();     快照.自我线程最近故障摘要 = 自我线程.读取最近故障摘要();      快照.控制面板摘要线程已启动 =         摘要线程生命周期 != 枚举_控制面板摘要线程生命周期状态::未启动         && 摘 | 自我线程模块.impl.cpp:15027:urn {}; }  // 功能：从指定来源读取数据或状态。 std::string 自我线程类::读取最近故障摘要() const {     return {}; }  // 功能：从指定来源读取数据或状态。 std::string 自我线程类::读取最近运行摘要() co | 自我线程模块.ixx:575:    std::string 读取最近恢复摘要() const;     std::string 读取最近故障摘要() const;     std::string 读取最近运行摘要() const;     结构_需求与权重治理输出快照 读取最近需求与权重治理输出快照()  | 鱼巢.cpp:706:自我线程.读取最近恢复摘要();         const auto 最近故障摘要 = 自我线程.读取最近故障摘要();         const auto 需求与权重治理输出快照 = 自我线程.读取最近需求与权重治理输出快照();         const auto 主
present	自我线程类::读取最近运行摘要	读取最近运行摘要	自我线程模块.impl.cpp:15724	4	4	std::string 自我线程类::读取最近运行摘要() const	类别=读取;输入=有自定义类型;输出=文本;副作用=无明显副作用;领域=自我;约束=无显式约束	控制面板类.cpp:9379:终去向 = 私有_线程最终去向文本(当前去向);     快照.自我线程最近运行摘要 = 自我线程.读取最近运行摘要();     快照.自我线程最近恢复摘要 = 自我线程.读取最近恢复摘要();     快照.自我线程最近故障摘要 = 自我线程.读取最近故障摘要();     | 自我线程模块.impl.cpp:15033:urn {}; }  // 功能：从指定来源读取数据或状态。 std::string 自我线程类::读取最近运行摘要() const {     return {}; }  // 功能：从指定来源读取数据或状态。 自我线程类::结构_需求与权重治理输出快照 自我线程类::读取最 | 自我线程模块.ixx:576:    std::string 读取最近故障摘要() const;     std::string 读取最近运行摘要() const;     结构_需求与权重治理输出快照 读取最近需求与权重治理输出快照() const;     结构_主派发输出快照 读取最近主派发输出快照( | 鱼巢.cpp:703:自我线程.读取累计恢复次数();         const auto 最近运行摘要 = 自我线程.读取最近运行摘要();         const auto 上次故障摘要 = 自我线程.读取上次故障摘要();         const auto 最近恢复摘要 = 自我线程
present	自我线程类::读取最近缺口恢复接口快照	读取最近缺口恢复接口快照	自我线程模块.impl.cpp:15818	4	4	自我线程类::结构_缺口恢复接口快照 自我线程类::读取最近缺口恢复接口快照() const	类别=读取;输入=有自定义类型;输出=其他;副作用=无明显副作用;领域=自我;约束=无显式约束	控制面板类.cpp:9835:我待处理方法数量_控制面板(自我);     const auto 缺口恢复接口快照 = 自我线程.读取最近缺口恢复接口快照();     (void)自我.读取自我I64特征当前值(         自我特征定义类::类型_自我_可用方法数量(),         快照.自我可用方法 | 自我线程模块.impl.cpp:15127: }  // 功能：从指定来源读取数据或状态。 自我线程类::结构_缺口恢复接口快照 自我线程类::读取最近缺口恢复接口快照() const {     std::scoped_lock 锁(状态锁_);     return 最近结算治理输出快照_.缺口恢复接口; }  // 功能： | 自我线程模块.ixx:598:  结构_双值结算账快照 读取最近双值结算账快照() const;     结构_缺口恢复接口快照 读取最近缺口恢复接口快照() const;     std::vector<结构_缺口恢复接口快照::结构_恢复请求分组快照> 读取最近恢复请求分组快照() const;     std | 鱼巢.cpp:712:读取最近双值结算账快照();         const auto 缺口恢复接口快照 = 自我线程.读取最近缺口恢复接口快照();         const auto 恢复请求分组快照 = 自我线程.读取最近恢复请求分组快照();         const auto 回流结算列表快
present	语素类::私有_UTF8字符长度	私有_UTF8字符长度	语素类.cpp:1229	4	4	std::size_t 语素类::私有_UTF8字符长度(unsigned char c) noexcept	类别=未分类;输入=有自定义类型;输出=整数/时间;副作用=无明显副作用;领域=语素;约束=noexcept	语素类.cpp:776:(); ) {         const std::size_t step = std::min(私有_UTF8字符长度(static_cast<unsigned char>(词字符串[i])), 词字符串.size() - i);         前缀.append(词字符串,  | 语素类.cpp:1423:; i < 词字符串.size(); ) {         std::size_t step = 私有_UTF8字符长度(static_cast<unsigned char>(词字符串[i]));         if (i + step > 词字符串.size()) step = | 语素类.cpp:1500:nullptr; }  // 功能：服务所在模块的内部辅助流程。 std::size_t 语素类::私有_UTF8字符长度(unsigned char c) noexcept {     if ((c & 0x80u) == 0) return 1;     if ((c & 0xE | 语素类.h:138: 枚举_信息入口类型 信息入口类型) const;      static std::size_t 私有_UTF8字符长度(unsigned char c) noexcept; };  class 枚举_词性_工厂 { public:     static std::string 根
present	语言类::获取基础信息名称	获取基础信息名称	语言类_基础信息命名.cpp:105	4	4	std::string 语言类::获取基础信息名称(const 基础信息节点类* 节点) const	类别=读取;输入=有自定义类型;输出=文本;副作用=无明显副作用;领域=语言;约束=无显式约束	"基础信息类.cpp:351:基础信息类::获取名称(const 节点类* 节点) const {     return 语言集.获取基础信息名称(节点); }  // 功能：创建并返回或登记对应对象。 存在节点类* 基础信息类::取或创建存在概念根() {     if (存在概念根_ && 取主信息<存 | 语言类.h:23:言类&&) = delete;      void 初始化();      std::string 获取基础信息名称(const 基础信息节点类* 节点) const;     std::string 生成二次特征自然语言(const 二次特征节点类* 节点) const;   | 语言类_基础信息命名.cpp:64: return {};         }         const auto 名称 = 语言集.获取基础信息名称(节点);         return 名称.empty() ? std::string(""节点#"") + 节点->获取主键() : 名称;     }     | 语言类_基础信息命名.cpp:93:   } }  // 功能：读取并返回指定对象、状态或运行材料。 std::string 语言类::获取基础信息名称(const 基础信息节点类* 节点) const {     if (!节点 || !节点->主信息) return ""世界根"";      if (const"
present	需求类::需求目标语义文本	需求目标语义文本	需求类.cpp:1091	4	4	const char* 需求类::需求目标语义文本( 枚举_需求目标语义 语义) noexcept	类别=执行;输入=有自定义类型;输出=文本;副作用=无明显副作用;领域=需求;约束=noexcept	"需求类.cpp:1124:义::目标特征未解析; }  // 功能：按函数名执行对应处理。 const char* 需求类::需求目标语义文本(     枚举_需求目标语义 语义) noexcept {     switch (语义) {     case 枚举_需求目标语义::普通可任务化目标:    | 需求类.cpp:1189:.逻辑组织类型 = 逻辑组织需求类型_按目标特征类型(目标特征类型);     视图.语义名称 = 需求目标语义文本(视图.语义);     视图.是逻辑组织目标 = 视图.逻辑组织类型 != 枚举_逻辑组织需求类型::未定义;     视图.是OR组目标 = 视图.逻辑组织类 | 需求类.cpp:2021:取途径="" << 视图.获取途径名称             << "" | 默认目标语义="" << 需求目标语义文本(视图.默认目标语义)             << "" | 需要目标特征上下文="" << (视图.需要目标特征上下文 ? 1 : 0)              | 需求类.h:291:素入口节点类* 目标特征类型) noexcept;      static const char* 需求目标语义文本(         枚举_需求目标语义 语义) noexcept;      static const char* 需求获取途径文本(         枚举_需求"
present	需求类::逻辑组织需求类型_按获取途径	逻辑组织需求类型_按获取途径	需求类.cpp:1195	4	4	需求类::枚举_逻辑组织需求类型 需求类::逻辑组织需求类型_按获取途径( 枚举_需求获取途径 途径) noexcept	类别=读取;输入=有自定义类型;输出=其他;副作用=无明显副作用;领域=需求;约束=noexcept	需求类.cpp:1228:}  // 功能：读取并返回指定对象、状态或运行材料。 需求类::枚举_逻辑组织需求类型 需求类::逻辑组织需求类型_按获取途径(     枚举_需求获取途径 途径) noexcept {     switch (途径) {     case 枚举_需求获取途径::复合目标AND组生成:  | 需求类.cpp:1258:举_需求获取途径 途径) noexcept {     if (const auto 逻辑类型 = 逻辑组织需求类型_按获取途径(途径);         逻辑类型 != 枚举_逻辑组织需求类型::未定义) {         return 逻辑组织目标特征类型(逻辑类型);     }  | 需求类.cpp:1276:  视图.默认目标语义 = 需求目标语义_按获取途径(途径);     视图.默认逻辑组织类型 = 逻辑组织需求类型_按获取途径(途径);     视图.默认目标特征类型 = 需求获取途径默认目标特征类型(途径);     视图.语义由获取途径确定 = 途径 != 枚举_需求获取途径::未 | 需求类.h:303:  枚举_需求获取途径 途径) noexcept;      static 枚举_逻辑组织需求类型 逻辑组织需求类型_按获取途径(         枚举_需求获取途径 途径) noexcept;      static const 语素入口节点类* 需求获取途径默认目标特征类型(
present	需求类::校验更新指令枚举目标	校验更新指令枚举目标	需求类.cpp:1684	4	4	结构_枚举目标校验结果 需求类::校验更新指令枚举目标( const 结构_需求树更新指令& 指令) noexcept	类别=更新;输入=有自定义类型;输出=指针/引用/句柄;副作用=无明显副作用;领域=需求;约束=noexcept	需求类.cpp:2159:rn 结果; }  // 功能：更新已有对象、状态、索引或缓存。 结构_枚举目标校验结果 需求类::校验更新指令枚举目标(     const 结构_需求树更新指令& 指令) noexcept {     auto* 当前状态 = 私有_解析状态节点_需求校验(         指 | 需求类.h:636:   三向关系掩码 满足关系) noexcept;      static 结构_枚举目标校验结果 校验更新指令枚举目标(         const 结构_需求树更新指令& 指令) noexcept;      // 功能：更新已有对象、状态、索引或缓存。     节点类* 执行 | 需求类.h:1155:const 结构_需求树更新指令& 指令) noexcept     {         if (!校验更新指令枚举目标(指令).合法) {             return nullptr;         }         if (!目标需求) {             | 需求类.h:1175:           return nullptr;         }         if (!校验更新指令枚举目标(指令).合法) {             return nullptr;         }         应用需求归属输入_已加锁(
present	D455_相机实现::应用配置	应用配置	D455相机类.cpp:893	4	5	bool D455_相机实现::应用配置(const 配置项& 新配置)	类别=执行;输入=无自定义类型;输出=bool;副作用=无明显副作用;领域=外设;约束=无显式约束	D455相机类.cpp:197:return cfg;     }      // 功能：按函数名执行对应处理。     bool 应用配置(const 配置项& 新配置) {         const bool 需要重启 =             cfg.深度宽 != 新配置.深度宽 ||    | D455相机类.cpp:893:配置() : 默认配置; }  // 功能：按函数名执行对应处理。 bool D455_相机实现::应用配置(const 配置项& 新配置) {     return 实现指针 && 实现指针->应用配置(新配置); }  // 功能：按函数名执行对应处理。 bool  | D455相机类.cpp:894:::应用配置(const 配置项& 新配置) {     return 实现指针 && 实现指针->应用配置(新配置); }  // 功能：按函数名执行对应处理。 bool D455_相机实现::采集一帧并提取轮廓(结构体_原始场景帧& 输出, std::vector< | D455相机类.ixx:83: override;      const 配置项& 获取配置() const;     bool 应用配置(const 配置项& 新配置);     bool 采集一帧并提取轮廓(结构体_原始场景帧& 输出, std::vector<结构体_轮廓观测>& out轮廓)
present	特征类::读取特征值	读取特征值	特征类.cpp:2710	4	5	特征值 特征类::读取特征值(const 特征节点类* 节点) const	类别=读取;输入=有自定义类型;输出=指针/引用/句柄;副作用=无明显副作用;领域=特征;约束=无显式约束	世界树类.cpp:3063::读取特征快照(const 特征节点类* 节点) const {     return 特征服务_.读取特征值(节点); }  // 功能：从指定来源读取数据或状态。 特征值 世界树类::读取特征快照(const 基础信息节点类* 宿主, const 语素入口节点类* 特 | 特征类.cpp:2838:句柄& 输出值) const {     输出值 = {};     const auto 值 = 读取特征值(节点);     const auto* 句柄 = std::get_if<VecU句柄>(&值);     if (!句柄 || !句柄->有效()) ret | 特征类.cpp:2857:     return true; }  // 功能：从指定来源读取数据或状态。 特征值 特征类::读取特征值(const 特征节点类* 节点) const {     if (!基础信息_) return 特征值{};     auto lk = 基础信息_->获取读锁 | 特征类.h:310:值(特征节点类* 节点, 时间戳 now = 结构体_时间戳::当前_微秒());     特征值 读取特征值(const 特征节点类* 节点) const;     std::vector<抽象特征节点类*> 枚举命中抽象状态(const 特征节点类* 实例特征) co
present	自我类::同步可用方法数量镜像	同步可用方法数量镜像	自我类.cpp:1791	4	6	bool 自我类::同步可用方法数量镜像(I64 统计数量, 时间戳 now) noexcept	类别=更新;输入=有自定义类型;输出=bool;副作用=无明显副作用;领域=自我;约束=noexcept	自我类.cpp:1751:return 数量; }  // 功能：同步线程、任务、场景或对象之间的状态。 bool 自我类::同步可用方法数量镜像(I64 统计数量, 时间戳 now) noexcept {     if (统计数量 < 0) {         统计数量 = 0;     }      I | 自我类.ixx:269:pt;     I64 统计结构可用方法数量() const noexcept;     bool 同步可用方法数量镜像(         I64 统计数量,         时间戳 now = 结构体_时间戳::当前_微秒()     ) noexcept;     bool 更 | 自我类.初始化.cpp:314:)本能方法类::注册默认自我本能方法集(自我对象);             (void)自我对象.同步可用方法数量镜像(                 自我对象.统计结构可用方法数量(),                 结构体_时间戳::当前_微秒());           | 自检线程模块.impl.cpp:2069:  && 当前可用方法数量 != 统计可用方法数量) {             (void)自我.同步可用方法数量镜像(统计可用方法数量, now);             I64 同步后可用方法数量 = 当前可用方法数量;             if (自我.读取自我I64
present	场景类::追加动态	追加动态	场景类.cpp:293	4	14	bool 场景类::追加动态(场景节点类* 节点, 动态节点类* 动态节点)	类别=写入;输入=有自定义类型;输出=bool;副作用=无明显副作用;领域=场景;约束=无显式约束	动态类.cpp:734: auto 追加动态索引开始 = 私有_动态阶段时间点();         (void)场景服务.追加动态(场景, 节点);         追加动态索引耗时微秒 = 私有_动态阶段耗时微秒(             追加动态索引开始,             私有_ | 场景类.cpp:423: 索引.size() != 原数量; }  // 功能：按函数名执行对应处理。 bool 场景类::追加动态(场景节点类* 节点, 动态节点类* 动态节点) {     auto* 主信息 = 取场景主信息(节点);     if (!主信息 || !动态节点) ret | 场景类.h:74:引用(场景节点类* 场景, const 可解析引用<状态节点类>& 状态引用);     bool 追加动态(场景节点类* 节点, 动态节点类* 动态节点);     bool 移除场景动态索引(场景节点类* 场景, 动态节点类* 动态节点);     bool 追加关 | 语素类.cpp:261:        case 枚举_主信息类型::动态:             (void)场景服务.追加动态(场景, static_cast<动态节点类*>(基础信息节点));             break;         case 枚举_主信息类型::二次特征
present	场景类::追加状态	追加状态	场景类.cpp:272	4	16	bool 场景类::追加状态(场景节点类* 节点, 状态节点类* 状态节点)	类别=写入;输入=有自定义类型;输出=bool;副作用=无明显副作用;领域=场景;约束=无显式约束	场景类.cpp:371:;     return true; }  // 功能：按函数名执行对应处理。 bool 场景类::追加状态(场景节点类* 节点, 状态节点类* 状态节点) {     auto* 主信息 = 取场景主信息(节点);     if (!主信息 || !状态节点) ret | 场景类.h:71:景动态索引快照(         const 场景节点类* 场景) const;     bool 追加状态(场景节点类* 节点, 状态节点类* 状态节点);     bool 移除场景状态索引(场景节点类* 场景, 状态节点类* 状态节点);     bool 移除场 | 状态类.cpp:368:私有_状态创建阶段时间点();         const bool 已追加状态索引 = 场景服务.追加状态(场景, 节点);         追加状态索引耗时微秒 = 私有_状态创建阶段耗时微秒(             追加状态索引开始,             私 | 语素类.cpp:258:        case 枚举_主信息类型::状态:             (void)场景服务.追加状态(场景, static_cast<状态节点类*>(基础信息节点));             break;         case 枚举_主信息类型::动态:
present	二次特征类::绑定来源	绑定来源	二次特征类.cpp:882	4	22	bool 二次特征类::绑定来源( 二次特征节点类* 节点, 状态节点类* 来源起始状态, 状态节点类* 来源结果状态, 动态节点类* 来源动态, 场景节点类* 来源场景, std::uint32_t 来源动态层级, std::uint64_t 来源动态路径签名, 枚举_二次特征来源类型 来源类型,	类别=未分类;输入=有自定义类型;输出=bool;副作用=无明显副作用;领域=特征;约束=无显式约束	世界树类.cpp:2262:,     时间戳 总时长,     时间戳 窗口时长) {     return 二次特征服务_.绑定来源(         节点,         来源起始状态,         来源结果状态,         来源动态,         来源场景,         | 二次特征类.cpp:1098: true; }  // 功能：建立对象、任务、方法或因果之间的绑定关系。 bool 二次特征类::绑定来源(     二次特征节点类* 节点,     状态节点类* 来源起始状态,     状态节点类* 来源结果状态,     动态节点类* 来源动态,     场景节 | 二次特征类.cpp:1297:信息->值形态);     (void)设置主体客体(节点, 主体, 客体);     (void)绑定来源(         节点,         nullptr,         nullptr,         来源动态,         场景,         | 二次特征类.h:137: 枚举_二次特征值形态 值形态 = 枚举_二次特征值形态::未定义     );     bool 绑定来源(         二次特征节点类* 节点,         状态节点类* 来源起始状态,         状态节点类* 来源结果状态,         动态节点
present	世界树类::初始化核心存在概念树	初始化核心存在概念树	世界树类.cpp:1130	5	5	bool 世界树类::初始化核心存在概念树()	类别=构造;输入=有自定义类型;输出=bool;副作用=无明显副作用;领域=世界;约束=无显式约束	世界树类.cpp:1462:概念_信息存在()); }  // 功能：初始化相关对象、状态或运行上下文。 bool 世界树类::初始化核心存在概念树() {     bool 全部成功 = 取或创建存在概念根() != nullptr;     全部成功 = 确保根概念_存在() != nullptr &&  | 世界树类.cpp:1483:行上下文。 bool 世界树类::初始化核心概念默认特征槽() {     bool 全部成功 = 初始化核心存在概念树();     全部成功 = 私有_确保概念特征槽集合(         *this,         确保根概念_存在(),         {         | 世界树类.cpp:1597:果之间的绑定关系。 bool 世界树类::绑定核心概念语素() {     bool 全部成功 = 初始化核心存在概念树();     const auto 绑定 = [&](const char* 词, 枚举_信息入口类型 信息入口类型, 存在节点类* 概念) noexcept  | 世界树类.cpp:1632:态或运行上下文。 bool 世界树类::初始化存在概念系统() {     bool 全部成功 = 初始化核心存在概念树();     全部成功 = 特征服务_.初始化常用抽象特征(取或创建抽象特征根()) && 全部成功;     全部成功 = 初始化核心概念默认特征槽() && | 世界树类.h:119:点类* 确保核心概念_事件();     存在节点类* 确保核心概念_规则();     bool 初始化核心存在概念树();     bool 初始化核心概念默认特征槽();     bool 绑定核心概念语素();     bool 初始化存在概念系统();      基础信息
present	世界树类::创建叶子抽象特征	创建叶子抽象特征	世界树类.cpp:1339	5	5	抽象特征节点类* 世界树类::创建叶子抽象特征( 基础信息节点类* 父抽象特征, const 语素入口节点类* 名称, const 语素入口节点类* 类型, 特征值域 值域)	类别=构造;输入=有自定义类型;输出=指针/引用/句柄;副作用=无明显副作用;领域=世界;约束=无显式约束	世界树类.cpp:1682:征根(), 主信息); }  // 功能：创建并返回或登记对应对象。 抽象特征节点类* 世界树类::创建叶子抽象特征(     基础信息节点类* 父抽象特征,     const 语素入口节点类* 名称,     const 语素入口节点类* 类型,     特征值域 值域)  | 世界树类.cpp:1688:onst 语素入口节点类* 类型,     特征值域 值域) {     return 特征服务_.创建叶子抽象特征(         父抽象特征 ? 父抽象特征 : 取或创建抽象特征根(),         名称,         类型,         std::move( | 世界树类.h:128:抽象特征(基础信息节点类* 父抽象特征, 抽象特征主信息类* 主信息);     抽象特征节点类* 创建叶子抽象特征(         基础信息节点类* 父抽象特征,         const 语素入口节点类* 名称,         const 语素入口节点类* 类型,   | 特征类.cpp:651:抽象特征, 主信息)); }  // 功能：创建并返回或登记对应对象。 抽象特征节点类* 特征类::创建叶子抽象特征(     基础信息节点类* 父抽象特征,     const 语素入口节点类* 名称,     const 语素入口节点类* 类型,     特征值域 值域)  | 特征类.h:240:抽象特征(基础信息节点类* 父抽象特征, 抽象特征主信息类* 主信息);     抽象特征节点类* 创建叶子抽象特征(         基础信息节点类* 父抽象特征,         const 语素入口节点类* 名称,         const 语素入口节点类* 类型,
present	世界树类::创建复合抽象特征	创建复合抽象特征	世界树类.cpp:1353	5	5	抽象特征节点类* 世界树类::创建复合抽象特征( 基础信息节点类* 父抽象特征, const 语素入口节点类* 名称, const 语素入口节点类* 类型)	类别=构造;输入=有自定义类型;输出=指针/引用/句柄;副作用=无明显副作用;领域=世界;约束=无显式约束	世界树类.cpp:1696::move(值域)); }  // 功能：创建并返回或登记对应对象。 抽象特征节点类* 世界树类::创建复合抽象特征(     基础信息节点类* 父抽象特征,     const 语素入口节点类* 名称,     const 语素入口节点类* 类型) {     return  | 世界树类.cpp:1701:点类* 名称,     const 语素入口节点类* 类型) {     return 特征服务_.创建复合抽象特征(         父抽象特征 ? 父抽象特征 : 取或创建抽象特征根(),         名称,         类型); }  // 功能：按类型查找抽象特 | 世界树类.h:133:const 语素入口节点类* 类型,         特征值域 值域);     抽象特征节点类* 创建复合抽象特征(         基础信息节点类* 父抽象特征,         const 语素入口节点类* 名称,         const 语素入口节点类* 类型);  | 特征类.cpp:679:父抽象特征, 主信息); }  // 功能：创建并返回或登记对应对象。 抽象特征节点类* 特征类::创建复合抽象特征(     基础信息节点类* 父抽象特征,     const 语素入口节点类* 名称,     const 语素入口节点类* 类型) {     if (!名称 | 特征类.h:245:const 语素入口节点类* 类型,         特征值域 值域);     抽象特征节点类* 创建复合抽象特征(         基础信息节点类* 父抽象特征,         const 语素入口节点类* 名称,         const 语素入口节点类* 类型);
present	世界树类::求值组合抽象特征	求值组合抽象特征	世界树类.cpp:1407	5	5	bool 世界树类::求值组合抽象特征( 基础信息节点类* 宿主, 抽象特征节点类* 组合抽象特征, 时间戳 now)	类别=执行;输入=有自定义类型;输出=bool;副作用=无明显副作用;领域=世界;约束=无显式约束	世界树类.cpp:1764:格当前稳态为抽象区间(实例特征); }  // 功能：按函数名执行对应处理。 bool 世界树类::求值组合抽象特征(     基础信息节点类* 宿主,     抽象特征节点类* 组合抽象特征,     时间戳 now) {     return 特征服务_.求值组合抽象特征( | 世界树类.cpp:1769: 抽象特征节点类* 组合抽象特征,     时间戳 now) {     return 特征服务_.求值组合抽象特征(宿主, 组合抽象特征, now); }  // 功能：创建并返回或登记对应对象。 特征节点类* 世界树类::创建特征(基础信息节点类* 宿主, 特征节点主信息类 | 世界树类.h:151:;     抽象特征节点类* 升格实例稳态为抽象区间(特征节点类* 实例特征);     bool 求值组合抽象特征(         基础信息节点类* 宿主,         抽象特征节点类* 组合抽象特征,         时间戳 now = 结构体_时间戳::当前_微秒( | 特征类.cpp:3017:;     return true; }  // 功能：按函数名执行对应处理。 bool 特征类::求值组合抽象特征(     基础信息节点类* 宿主,     抽象特征节点类* 组合抽象特征,     时间戳 now) {     (void)宿主;     (void)组合 | 特征类.h:317:抽象特征节点类* 目标抽象特征, const 抽象特征节点类* 来源抽象特征);     bool 求值组合抽象特征(         基础信息节点类* 宿主,         抽象特征节点类* 组合抽象特征,         时间戳 now = 结构体_时间戳::当前_微秒(
present	世界树类::创建存在实例	创建存在实例	世界树类.cpp:1505	5	5	存在节点类* 世界树类::创建存在实例( const 语素入口节点类* 名称, const std::vector<存在节点类*>& 概念集, 场景节点类* 所属场景)	类别=构造;输入=有自定义类型;输出=指针/引用/句柄;副作用=无明显副作用;领域=世界;约束=无显式约束	世界树类.cpp:2037:   return 概念; }  // 功能：创建并返回或登记对应对象。 存在节点类* 世界树类::创建存在实例(     const 语素入口节点类* 名称,     const std::vector<存在节点类*>& 概念集,     场景节点类* 所属场景) {   | 世界树类.cpp:2043:现实世界 ? 现实世界 : 取或创建自我现实场景());     auto* 实例 = 存在服务_.创建存在实例(父节点, 名称, 概念集);     根据概念扩充实例记忆(实例, 概念集);     return 实例; }  // 功能：按函数名执行对应处理。 bool | 世界树类.h:221:称,         存在节点类* 父概念 = nullptr     );     存在节点类* 创建存在实例(         const 语素入口节点类* 名称,         const std::vector<存在节点类*>& 概念集,         场景节点 | 存在类.cpp:564: 名称, nullptr); }  // 功能：创建并返回或登记对应对象。 存在节点类* 存在类::创建存在实例(     基础信息节点类* 父节点,     const 语素入口节点类* 名称,     const std::vector<存在节点类*>& 输入概念集)  | 存在类.h:78:念父节点,         const 语素入口节点类* 名称     );     存在节点类* 创建存在实例(         基础信息节点类* 父节点,         const 语素入口节点类* 名称,         const std::vector<存在节点
present	世界树类::查找实例_按概念	查找实例_按概念	世界树类.cpp:1538	5	5	std::vector<存在节点类*> 世界树类::查找实例_按概念( const 存在节点类* 概念, const 基础信息节点类* 范围根) const	类别=查找;输入=有自定义类型;输出=指针/引用/句柄;副作用=无明显副作用;领域=世界;约束=无显式约束	世界树类.cpp:2116: // 功能：按条件查找目标对象、方法或事实。 std::vector<存在节点类*> 世界树类::查找实例_按概念(     const 存在节点类* 概念,     const 基础信息节点类* 范围根) const {     return 存在服务_.查找实例_按概念( | 世界树类.cpp:2120:     const 基础信息节点类* 范围根) const {     return 存在服务_.查找实例_按概念(概念, 范围根); }  // 功能：创建并返回或登记对应对象。 场景节点类* 世界树类::创建场景(基础信息节点类* 父节点, 场景节点主信息类* 主信息)  | 世界树类.h:238:r<存在节点类*> 枚举全部存在() const;     std::vector<存在节点类*> 查找实例_按概念(         const 存在节点类* 概念,         const 基础信息节点类* 范围根 = nullptr     ) const;      | 存在类.cpp:683:  // 功能：按条件查找目标对象、方法或事实。 std::vector<存在节点类*> 存在类::查找实例_按概念(     const 存在节点类* 概念,     const 基础信息节点类* 范围根) const {     std::vector<存在节点类*> ou | 存在类.h:91:在节点类* 概念) const noexcept;     std::vector<存在节点类*> 查找实例_按概念(         const 存在节点类* 概念,         const 基础信息节点类* 范围根 = nullptr     ) const;
present	世界树类::取或创建自我存在	取或创建自我存在	世界树类.cpp:1916	5	5	存在节点类* 世界树类::取或创建自我存在()	类别=构造;输入=有自定义类型;输出=指针/引用/句柄;副作用=无明显副作用;领域=世界;约束=无显式约束	世界树类.cpp:3230:eturn 自我所在场景; }  // 功能：创建并返回或登记对应对象。 存在节点类* 世界树类::取或创建自我存在() {     auto* 当前场景 = 自我所在场景 ? 自我所在场景 : 取或创建自我现实场景();     const auto* 名称词 = 语素集.添 | 世界树类.h:617:举_世界类型 世界类型);     场景节点类* 取或创建自我现实场景();     存在节点类* 取或创建自我存在();     场景节点类* 取存在内部世界(const 存在节点类* 宿主存在) const noexcept;     场景节点类* 取或创建存在内部世界(存 | 任务模块.执行.ixx:127:         : 世界树.取或创建自我现实场景();     auto* 自我存在 = 世界树.取或创建自我存在();     if (!自我场景 || !自我存在) {         return nullptr;     }      auto* 动作特征 = 世界树 | 任务类.cpp:713:        }         }          if (auto* 自我存在 = 世界树.取或创建自我存在()) {             if (auto* 自我内部世界 = 世界树.取或创建存在内部世界(自我存在)) {                 retu | 自我类.cpp:1931:。 存在节点类* 自我类::确保自我存在_() noexcept {     return 世界树.取或创建自我存在(); }  // 功能：确保目标结构、状态或前置条件存在并可用。 特征节点类* 自我类::确保自我特征_(const 语素入口节点类* 特征类型) noexce
present	世界树类::写入存在场景绝对坐标_由参考存在相对坐标	写入存在场景绝对坐标_由参考存在相对坐标	世界树类.cpp:2064	5	5	bool 世界树类::写入存在场景绝对坐标_由参考存在相对坐标( 存在节点类* 目标存在, const 存在节点类* 参考存在, const Vector3D& 相对坐标_mm, 时间戳 now, I64 置信度)	类别=写入;输入=有自定义类型;输出=bool;副作用=无明显副作用;领域=世界;约束=无显式约束	世界树类.cpp:3310:出绝对坐标_mm); }  // 功能：把处理结果写入指定对象、场景或日志。 bool 世界树类::写入存在场景绝对坐标_由参考存在相对坐标(     存在节点类* 目标存在,     const 存在节点类* 参考存在,     const Vector3D& 相对坐标_mm,     时间戳 no | 世界树类.cpp:3317:坐标_mm,     时间戳 now,     I64 置信度) {     if (!存在服务_.写入存在场景绝对坐标_由参考存在相对坐标(         目标存在,         参考存在,         相对坐标_mm,         now,         置信度)) {       | 世界树类.h:630:_mm,         Vector3D& 输出绝对坐标_mm) const;     bool 写入存在场景绝对坐标_由参考存在相对坐标(         存在节点类* 目标存在,         const 存在节点类* 参考存在,         const Vector3D& 相对坐标_mm | 存在类.cpp:827:功; }  // 功能：按参考存在相对坐标写入目标存在场景绝对坐标和坐标来源。 bool 存在类::写入存在场景绝对坐标_由参考存在相对坐标(     存在节点类* 目标存在,     const 存在节点类* 参考存在,     const Vector3D& 相对坐标_mm,     时间戳 no | 存在类.h:112:标_mm,         时间戳 now,         I64 置信度);     bool 写入存在场景绝对坐标_由参考存在相对坐标(         存在节点类* 目标存在,         const 存在节点类* 参考存在,         const Vector3D& 相对坐标_mm
present	基础信息类::私有_主信息引用语素入口节点	私有_主信息引用语素入口节点	基础信息类.cpp:295	5	5	bool 基础信息类::私有_主信息引用语素入口节点(const 基础信息基类* 主信息, const 语素入口节点类* 入口节点) noexcept	类别=未分类;输入=有自定义类型;输出=bool;副作用=无明显副作用;领域=基础信息;约束=noexcept	基础信息类.cpp:133:   if (!基础信息节点匹配类型(节点, 类型)) continue;         if (私有_主信息引用语素入口节点(节点->主信息, 入口节点)) {             return 节点;         }     }     return nullptr; }   | 基础信息类.cpp:242:   if (!私有_节点在范围内(范围根, 节点)) continue;         if (私有_主信息引用语素入口节点(节点->主信息, 入口节点)) {             out.push_back(节点);         }     }     return out; | 基础信息类.cpp:266: const 语素入口节点类* 入口节点) noexcept {     return 节点 && 私有_主信息引用语素入口节点(节点->主信息, 入口节点); }  // 功能：创建并返回或登记对应对象。 基础信息基类* 基础信息类::私有_创建语素入口模板主信息(const 语素入口节 | 基础信息类.cpp:316:ullptr;     } }  // 功能：服务所在模块的内部辅助流程。 bool 基础信息类::私有_主信息引用语素入口节点(const 基础信息基类* 主信息, const 语素入口节点类* 入口节点) noexcept {     if (!主信息 || !入口节点) return | 基础信息类.h:84:onst 语素入口节点类* 入口节点, 枚举_主信息类型 类型);     static bool 私有_主信息引用语素入口节点(const 基础信息基类* 主信息, const 语素入口节点类* 入口节点) noexcept;     static bool 私有_节点在范围内(cons
present	基础信息类::枚举全部节点	枚举全部节点	基础信息类.cpp:82	5	5	std::vector<基础信息类::节点类*> 基础信息类::枚举全部节点() const	类别=执行;输入=有自定义类型;输出=指针/引用/句柄;副作用=无明显副作用;领域=基础信息;约束=无显式约束	世界树类.cpp:1272:::size_t 世界树类::统计全部节点() const {     return 基础信息链_.枚举全部节点().size(); }  // 功能：判断基础信息节点指针是否属于当前世界树。 bool 世界树类::基础节点属于当前世界树(const 基础信息节点类* 节点 | 世界树类.cpp:1280:()) return true;     for (const auto* 当前 : 基础信息链_.枚举全部节点()) {         if (当前 == 节点) {             return true;         }     }     return | 基础信息类.cpp:110:// 功能：按函数名执行对应处理。 std::vector<基础信息类::节点类*> 基础信息类::枚举全部节点() const {     std::vector<节点类*> out;     auto lk = 获取读锁();     if (!根指针) return  | 基础信息类.h:30:主信息(节点类* 节点, 基础信息基类* 主信息);      std::vector<节点类*> 枚举全部节点() const;     std::string 获取名称(const 节点类* 节点) const;     存在节点类* 取或创建存在概念根();      | 特征类.cpp:2545:& 基础信息_) {                 for (auto* 节点 : 基础信息_->枚举全部节点()) {                     if (节点 && 节点->获取主键() == 抽象引用.主键) {
present	存在类::创建存在实例	创建存在实例	存在类.cpp:331	5	5	存在节点类* 存在类::创建存在实例( 基础信息节点类* 父节点, const 语素入口节点类* 名称, const std::vector<存在节点类*>& 输入概念集)	类别=构造;输入=有自定义类型;输出=指针/引用/句柄;副作用=无明显副作用;领域=存在;约束=无显式约束	世界树类.cpp:2037:   return 概念; }  // 功能：创建并返回或登记对应对象。 存在节点类* 世界树类::创建存在实例(     const 语素入口节点类* 名称,     const std::vector<存在节点类*>& 概念集,     场景节点类* 所属场景) {   | 世界树类.cpp:2043:现实世界 ? 现实世界 : 取或创建自我现实场景());     auto* 实例 = 存在服务_.创建存在实例(父节点, 名称, 概念集);     根据概念扩充实例记忆(实例, 概念集);     return 实例; }  // 功能：按函数名执行对应处理。 bool | 世界树类.h:221:称,         存在节点类* 父概念 = nullptr     );     存在节点类* 创建存在实例(         const 语素入口节点类* 名称,         const std::vector<存在节点类*>& 概念集,         场景节点 | 存在类.cpp:564: 名称, nullptr); }  // 功能：创建并返回或登记对应对象。 存在节点类* 存在类::创建存在实例(     基础信息节点类* 父节点,     const 语素入口节点类* 名称,     const std::vector<存在节点类*>& 输入概念集)  | 存在类.h:78:念父节点,         const 语素入口节点类* 名称     );     存在节点类* 创建存在实例(         基础信息节点类* 父节点,         const 语素入口节点类* 名称,         const std::vector<存在节点
present	存在类::查找实例_按概念	查找实例_按概念	存在类.cpp:453	5	5	std::vector<存在节点类*> 存在类::查找实例_按概念( const 存在节点类* 概念, const 基础信息节点类* 范围根) const	类别=查找;输入=有自定义类型;输出=指针/引用/句柄;副作用=无明显副作用;领域=存在;约束=无显式约束	世界树类.cpp:2116: // 功能：按条件查找目标对象、方法或事实。 std::vector<存在节点类*> 世界树类::查找实例_按概念(     const 存在节点类* 概念,     const 基础信息节点类* 范围根) const {     return 存在服务_.查找实例_按概念( | 世界树类.cpp:2120:     const 基础信息节点类* 范围根) const {     return 存在服务_.查找实例_按概念(概念, 范围根); }  // 功能：创建并返回或登记对应对象。 场景节点类* 世界树类::创建场景(基础信息节点类* 父节点, 场景节点主信息类* 主信息)  | 世界树类.h:238:r<存在节点类*> 枚举全部存在() const;     std::vector<存在节点类*> 查找实例_按概念(         const 存在节点类* 概念,         const 基础信息节点类* 范围根 = nullptr     ) const;      | 存在类.cpp:683:  // 功能：按条件查找目标对象、方法或事实。 std::vector<存在节点类*> 存在类::查找实例_按概念(     const 存在节点类* 概念,     const 基础信息节点类* 范围根) const {     std::vector<存在节点类*> ou | 存在类.h:91:在节点类* 概念) const noexcept;     std::vector<存在节点类*> 查找实例_按概念(         const 存在节点类* 概念,         const 基础信息节点类* 范围根 = nullptr     ) const;
present	特征类::求值组合抽象特征	求值组合抽象特征	特征类.cpp:2870	5	5	bool 特征类::求值组合抽象特征( 基础信息节点类* 宿主, 抽象特征节点类* 组合抽象特征, 时间戳 now)	类别=执行;输入=有自定义类型;输出=bool;副作用=无明显副作用;领域=特征;约束=无显式约束	世界树类.cpp:1764:格当前稳态为抽象区间(实例特征); }  // 功能：按函数名执行对应处理。 bool 世界树类::求值组合抽象特征(     基础信息节点类* 宿主,     抽象特征节点类* 组合抽象特征,     时间戳 now) {     return 特征服务_.求值组合抽象特征( | 世界树类.cpp:1769: 抽象特征节点类* 组合抽象特征,     时间戳 now) {     return 特征服务_.求值组合抽象特征(宿主, 组合抽象特征, now); }  // 功能：创建并返回或登记对应对象。 特征节点类* 世界树类::创建特征(基础信息节点类* 宿主, 特征节点主信息类 | 世界树类.h:151:;     抽象特征节点类* 升格实例稳态为抽象区间(特征节点类* 实例特征);     bool 求值组合抽象特征(         基础信息节点类* 宿主,         抽象特征节点类* 组合抽象特征,         时间戳 now = 结构体_时间戳::当前_微秒( | 特征类.cpp:3017:;     return true; }  // 功能：按函数名执行对应处理。 bool 特征类::求值组合抽象特征(     基础信息节点类* 宿主,     抽象特征节点类* 组合抽象特征,     时间戳 now) {     (void)宿主;     (void)组合 | 特征类.h:317:抽象特征节点类* 目标抽象特征, const 抽象特征节点类* 来源抽象特征);     bool 求值组合抽象特征(         基础信息节点类* 宿主,         抽象特征节点类* 组合抽象特征,         时间戳 now = 结构体_时间戳::当前_微秒(
present	特征类::创建叶子抽象特征	创建叶子抽象特征	特征类.cpp:579	5	5	抽象特征节点类* 特征类::创建叶子抽象特征( 基础信息节点类* 父抽象特征, const 语素入口节点类* 名称, const 语素入口节点类* 类型, 特征值域 值域)	类别=构造;输入=有自定义类型;输出=指针/引用/句柄;副作用=无明显副作用;领域=特征;约束=无显式约束	世界树类.cpp:1682:征根(), 主信息); }  // 功能：创建并返回或登记对应对象。 抽象特征节点类* 世界树类::创建叶子抽象特征(     基础信息节点类* 父抽象特征,     const 语素入口节点类* 名称,     const 语素入口节点类* 类型,     特征值域 值域)  | 世界树类.cpp:1688:onst 语素入口节点类* 类型,     特征值域 值域) {     return 特征服务_.创建叶子抽象特征(         父抽象特征 ? 父抽象特征 : 取或创建抽象特征根(),         名称,         类型,         std::move( | 世界树类.h:128:抽象特征(基础信息节点类* 父抽象特征, 抽象特征主信息类* 主信息);     抽象特征节点类* 创建叶子抽象特征(         基础信息节点类* 父抽象特征,         const 语素入口节点类* 名称,         const 语素入口节点类* 类型,   | 特征类.cpp:651:抽象特征, 主信息)); }  // 功能：创建并返回或登记对应对象。 抽象特征节点类* 特征类::创建叶子抽象特征(     基础信息节点类* 父抽象特征,     const 语素入口节点类* 名称,     const 语素入口节点类* 类型,     特征值域 值域)  | 特征类.h:240:抽象特征(基础信息节点类* 父抽象特征, 抽象特征主信息类* 主信息);     抽象特征节点类* 创建叶子抽象特征(         基础信息节点类* 父抽象特征,         const 语素入口节点类* 名称,         const 语素入口节点类* 类型,
present	特征类::创建复合抽象特征	创建复合抽象特征	特征类.cpp:607	5	5	抽象特征节点类* 特征类::创建复合抽象特征( 基础信息节点类* 父抽象特征, const 语素入口节点类* 名称, const 语素入口节点类* 类型)	类别=构造;输入=有自定义类型;输出=指针/引用/句柄;副作用=无明显副作用;领域=特征;约束=无显式约束	世界树类.cpp:1696::move(值域)); }  // 功能：创建并返回或登记对应对象。 抽象特征节点类* 世界树类::创建复合抽象特征(     基础信息节点类* 父抽象特征,     const 语素入口节点类* 名称,     const 语素入口节点类* 类型) {     return  | 世界树类.cpp:1701:点类* 名称,     const 语素入口节点类* 类型) {     return 特征服务_.创建复合抽象特征(         父抽象特征 ? 父抽象特征 : 取或创建抽象特征根(),         名称,         类型); }  // 功能：按类型查找抽象特 | 世界树类.h:133:const 语素入口节点类* 类型,         特征值域 值域);     抽象特征节点类* 创建复合抽象特征(         基础信息节点类* 父抽象特征,         const 语素入口节点类* 名称,         const 语素入口节点类* 类型);  | 特征类.cpp:679:父抽象特征, 主信息); }  // 功能：创建并返回或登记对应对象。 抽象特征节点类* 特征类::创建复合抽象特征(     基础信息节点类* 父抽象特征,     const 语素入口节点类* 名称,     const 语素入口节点类* 类型) {     if (!名称 | 特征类.h:245:const 语素入口节点类* 类型,         特征值域 值域);     抽象特征节点类* 创建复合抽象特征(         基础信息节点类* 父抽象特征,         const 语素入口节点类* 名称,         const 语素入口节点类* 类型);
present	状态类::私有_取状态排序时间	私有_取状态排序时间	状态类.cpp:959	5	5	时间戳 状态类::私有_取状态排序时间(const 状态节点主信息类& 主信息) noexcept	类别=未分类;输入=有自定义类型;输出=整数/时间;副作用=无明显副作用;领域=全局通用候选;约束=noexcept	状态类.cpp:266:   const auto* 主信息 = 取状态主信息(状态);     return 主信息 ? 私有_取状态排序时间(*主信息) : 0; }  // 功能：根据当前输入生成目标数据、场景、动态或回执。 状态节点主信息类 状态类::生成状态(     基础信息节点类* 主体,  | 状态类.cpp:570:右主信息 = 取状态主信息(右);         const auto 左时间 = 左主信息 ? 私有_取状态排序时间(*左主信息) : 0;         const auto 右时间 = 右主信息 ? 私有_取状态排序时间(*右主信息) : 0;         if (左 | 状态类.cpp:571:态排序时间(*左主信息) : 0;         const auto 右时间 = 右主信息 ? 私有_取状态排序时间(*右主信息) : 0;         if (左时间 != 右时间) return 左时间 < 右时间;         if (!左 || !右) retu | 状态类.cpp:862:    return true; }  // 功能：服务所在模块的内部辅助流程。 时间戳 状态类::私有_取状态排序时间(const 状态节点主信息类& 主信息) noexcept {     return 主信息.发生时间 != 0 ? 主信息.发生时间 : 主信息.收到时间;  | 状态类.h:164:化(状态节点类* 节点, bool 是否变化);  private:     static 时间戳 私有_取状态排序时间(const 状态节点主信息类& 主信息) noexcept;  private:     基础信息类* 基础信息_ = nullptr;     mutable
present	自我类::获取风险安全值	获取风险安全值	自我类.cpp:1000	5	5	I64 自我类::获取风险安全值() const noexcept	类别=读取;输入=有自定义类型;输出=整数/时间;副作用=无明显副作用;领域=自我;约束=noexcept	控制面板类.cpp:9337:);     快照.自我服务值 = 自我.获取服务值();     快照.自我风险安全值 = 自我.获取风险安全值();      auto& 自我线程 = 获取全局自我线程();     (void)启动控制面板摘要线程();     (void)请求刷新控制面板摘要(); | 自我类.cpp:960:  生命值上限_()); }  // 功能：读取并返回指定对象、状态或运行材料。 I64 自我类::获取风险安全值() const noexcept {     return 读取自我I64特征当前值_(         自我特征定义类::类型_自我_风险安全(),      | 自我类.cpp:1635:std::max<I64>)(1, delta);      const I64 旧风险安全值 = 获取风险安全值();     const I64 目标风险安全值 = 风险安全回归目标值_();     I64 新风险安全值 = 旧风险安全值;     bool 已变化 = | 自我类.ixx:133:except;     I64 获取物理安全值() const noexcept;     I64 获取风险安全值() const noexcept;     bool 设置物理安全值(         I64 值,         时间戳 now = 结构体_时间戳::当前 | 自我线程模块.消息批次执行器.ixx:244:我对象.根目标安全值();     if (自我对象.获取物理安全值() <= 0 || 自我对象.获取风险安全值() <= 0) {         return 枚举_任务管理根层重判结果::收束优先;     }     if (目标安全值 > 0 && 安全差额 >
present	自我类::是否已消亡	是否已消亡	自我类.cpp:1019	5	5	bool 自我类::是否已消亡() const noexcept	类别=执行;输入=有自定义类型;输出=bool;副作用=无明显副作用;领域=自我;约束=noexcept	"自我类.cpp:979:更新"",         now); }  // 功能：按函数名执行对应处理。 bool 自我类::是否已消亡() const noexcept {     return 获取安全值() == 0; }  // 功能：按函数名执行对应处理。 bool 自我类::是否待机状 | 自我类.ixx:139: now = 结构体_时间戳::当前_微秒()     ) noexcept;      bool 是否已消亡() const noexcept;     bool 是否待机状态() const noexcept;      I64 根目标安全值() const noex | 自我线程模块.消息批次执行器.ixx:238:计算根层重判结果(const 自我类& 自我对象) noexcept {     if (自我对象.是否已消亡()) {         return 枚举_任务管理根层重判结果::停止退出边界;     }      const auto 安全差额 = 自我对象.安全根 | 自我线程模块.消息批次执行器.ixx:279:     const 枚举_任务管理执行前门控结果 执行前门控结果) {     if (自我对象.是否已消亡()         || 根层重判结果 == 枚举_任务管理根层重判结果::停止退出边界         || 执行前门控结果 == 枚举_任务管理执行前门控结 | 自我线程模块.消息批次执行器.ixx:361:| 执行前门控结果 == 枚举_任务管理执行前门控结果::禁止继续         || 自我对象.是否已消亡()) {         return 枚举_批次执行去向::停止;     }      if (根层重判结果 == 枚举_任务管理根层重判结果::收束优先 "
present	自我类::设置当前主任务	设置当前主任务	自我类.cpp:1337	5	5	bool 自我类::设置当前主任务(任务类::节点类* 节点, 时间戳 now) noexcept	类别=未分类;输入=有自定义类型;输出=bool;副作用=无明显副作用;领域=自我;约束=noexcept	自我类.cpp:1297:         now); }  // 功能：设置对象字段、状态或运行参数。 bool 自我类::设置当前主任务(任务类::节点类* 节点, 时间戳 now) noexcept {     return 私有_记录自我指针状态(         *this,         | 自我类.ixx:202:戳 now = 结构体_时间戳::当前_微秒()     ) noexcept;     bool 设置当前主任务(         任务类::节点类* 节点,         时间戳 now = 结构体_时间戳::当前_微秒()     ) noexcept;     bo | 自我线程模块.impl.cpp:14636: now);                 }                 (void)自我.设置当前主任务(                     当前主任务,                     now);             }         }    | 自我线程模块.impl.cpp:17184:   }     if (当前主任务 && 当前主需求有效) {         (void)自我.设置当前主任务(             当前主任务,             上下文->当前时间);         上下文->本轮主导任务候选指针 =            | 自我线程模块.impl.cpp:17190:当前主任务);     } else if (!当前主任务) {         (void)自我.设置当前主任务(             nullptr,             上下文->当前时间);     }     auto* 当前任务虚拟存在 = 当前主任务
present	自我类::确保自我指针特征已初始化_	确保自我指针特征已初始化_	自我类.cpp:2006	5	5	void 自我类::确保自我指针特征已初始化_( 存在节点类* 自我存在, const 语素入口节点类* 特征类型, std::uintptr_t 默认值) noexcept	类别=构造;输入=有自定义类型;输出=void;副作用=无明显副作用;领域=自我;约束=noexcept	自我类.cpp:1966:戳::当前_微秒()); }  // 功能：初始化相关对象、状态或运行上下文。 void 自我类::确保自我指针特征已初始化_(     存在节点类* 自我存在,     const 语素入口节点类* 特征类型,     std::uintptr_t 默认值) noexcept {    | 自我类.cpp:2009:64特征已初始化_(自我存在, 自我特征定义类::类型_自我_方法补齐状态(), 0);      确保自我指针特征已初始化_(自我存在, 自我特征定义类::类型_自我_当前主需求(), 0);     确保自我指针特征已初始化_(自我存在, 自我特征定义类::类型_自我_当前主任务() | 自我类.cpp:2010:自我指针特征已初始化_(自我存在, 自我特征定义类::类型_自我_当前主需求(), 0);     确保自我指针特征已初始化_(自我存在, 自我特征定义类::类型_自我_当前主任务(), 0);     确保自我指针特征已初始化_(自我存在, 自我特征定义类::类型_自我_当前主方法() | 自我类.cpp:2011:自我指针特征已初始化_(自我存在, 自我特征定义类::类型_自我_当前主任务(), 0);     确保自我指针特征已初始化_(自我存在, 自我特征定义类::类型_自我_当前主方法(), 0);      确保自我I64特征已初始化_(自我存在, 自我特征定义类::类型_自我_待机状态( | 自我类.ixx:304:* 特征类型,         I64 默认值     ) noexcept;      void 确保自我指针特征已初始化_(         存在节点类* 自我存在,         const 语素入口节点类* 特征类型,         std::uintptr_t 默认值
present	自我类::同步运行态特征_	同步运行态特征_	自我类.cpp:2412	5	5	void 自我类::同步运行态特征_() noexcept	类别=更新;输入=有自定义类型;输出=void;副作用=无明显副作用;领域=自我;约束=noexcept	自我类.cpp:1406:             }             }         }     }      同步运行态特征_();      if (待机状态已变化 || (!待机状态已变化 && 安全值已变化)) {         const bool 以待机状态为主结果 = 待机 | 自我类.cpp:2372:n 评估.选中需求; }  // 功能：同步线程、任务、场景或对象之间的状态。 void 自我类::同步运行态特征_() noexcept {     const 时间戳 now = 结构体_时间戳::当前_微秒();     (void)写入自我I64特征当前值(       | 自我类.cpp:2401:值_(当前服务值, 当前安全值), std::memory_order_release);     同步运行态特征_(); }  // 功能：计算权重、状态、差值或派生结果。 I64 自我类::计算服务衰减步长_按双值_(I64 服务值, I64 安全值) const noex | 自我类.ixx:327:  需求类::节点类* 选择当前主需求候选_() const noexcept;     void 同步运行态特征_() noexcept;     void 重算时序回归步长_按当前双值_() noexcept;     I64 计算服务衰减步长_按双值_(I64 服务值,  | 自我类.初始化.cpp:347:         自我对象.重算时序回归步长_按当前双值_();             自我对象.同步运行态特征_();             return true;         });      auto 结果 = 私有_计算自我初始化结果(自我对象, false)
present	自我类::确保线程子存在	确保线程子存在	自我类.cpp:940	5	5	存在节点类* 自我类::确保线程子存在( const 结构_线程存在初始化参数& 参数) noexcept	类别=未分类;输入=有自定义类型;输出=指针/引用/句柄;副作用=无明显副作用;领域=自我;约束=noexcept	"自我类.cpp:900:线程池"")); }  // 功能：确保目标结构、状态或前置条件存在并可用。 存在节点类* 自我类::确保线程子存在(     const 结构_线程存在初始化参数& 参数) noexcept {     基础信息节点类* 父节点 = 确保自我内部世界_();     if ( | 自我类.ixx:127: std::string& 线程池类型 = ""线程池"") noexcept;     存在节点类* 确保线程子存在(         const 结构_线程存在初始化参数& 参数) noexcept;      I64 获取安全值() const noexcept;      | 自我线程模块.impl.cpp:12378:线程类型 = ""自我线程"";     参数.是自我线程 = true;     return 自我.确保线程子存在(参数); }  // 功能：服务所在模块的内部辅助流程。 std::uint64_t 私有_存在主键(const 基础信息节点类* 节点) noexcept { | 自我线程模块.impl.cpp:12525:线程) {         return nullptr;     }     return 自我.确保线程子存在(初始化参数); }  // 功能：服务所在模块的内部辅助流程。 const 语素入口节点类* 私有_线程特征类型词(     const 自我线程消息协议::枚 | 自我线程模块.impl.cpp:13876: 输出线程存在 = nullptr) noexcept {     auto* 线程存在 = 自我.确保线程子存在(线程存在初始化);     if (输出线程存在) {         *输出线程存在 = 线程存在;     }     return 线程存在 != nul"
present	自我线程类::是否初始化完成	是否初始化完成	自我线程模块.impl.cpp:15555	5	5	bool 自我线程类::是否初始化完成() const noexcept	类别=构造;输入=有自定义类型;输出=bool;副作用=无明显副作用;领域=自我;约束=noexcept	"自我线程模块.impl.cpp:14873:_acquire); }  // 功能：初始化相关对象、状态或运行上下文。 bool 自我线程类::是否初始化完成() const noexcept {     std::scoped_lock 锁(状态锁_);     return 初始化完成_; }  // 功能：执行对 | 自我线程模块.ixx:562: 停止();      bool 是否运行中() const noexcept;     bool 是否初始化完成() const noexcept;     bool 是否健康运行() const noexcept;     bool 是否首轮运行已完成() const n | 自检线程模块.impl.cpp:148:  追加缺项(""自我线程运行态未成立"");         }         if (!自我线程.是否初始化完成()) {             追加缺项(""自我初始化未完成"");         }          auto* 自我存在 = 自我.获取自我存在();  | 自检线程模块.impl.cpp:202:() ? 1 : 0)             << "" | 自我初始化完成="" << (自我线程.是否初始化完成() ? 1 : 0)             << "" | 安全根需求="" << (安全根需求 ? 安全根需求->获取主键() : std::string(""空 | 鱼巢.cpp:771:)                 << "" | 初始化完成="" << 布尔文本_是或否(自我线程.是否初始化完成())                 << "" | 首轮完成="" << 布尔文本_是或否(自我线程.是否首轮运行已完成())                 <"
present	自我线程类::投递治理消息	投递治理消息	自我线程模块.impl.cpp:15854	5	5	bool 自我线程类::投递治理消息(const 自我线程消息协议::结构_治理消息& 消息)	类别=执行;输入=有自定义类型;输出=bool;副作用=无明显副作用;领域=自我;约束=无显式约束	"自我线程模块.impl.cpp:15163:n 最近自检报告修复治理快照_; }  // 功能：按函数名执行对应处理。 bool 自我线程类::投递治理消息(const 自我线程消息协议::结构_治理消息& 消息) {     std::scoped_lock 锁(状态锁_);     if (停止请求_.load( | 自我线程模块.impl.cpp:17517:摘要.empty() ? ""外部反馈入队"" : 摘要;     return 获取全局自我线程().投递治理消息(消息); }  // 功能：按函数名执行对应处理。 bool 投递自检报告消息(const 自我线程消息协议::结构_自检报告消息& 报告) {     ret | 自我线程模块.impl.cpp:17523: 自我线程消息协议::结构_自检报告消息& 报告) {     return 获取全局自我线程().投递治理消息(         自我线程消息协议::从自检报告消息构造治理消息(报告)); }  // 功能：从指定来源读取数据或状态。 自我线程类::结构_自我线程最小状态 | 自我线程模块.impl.cpp:17544:管理上行消息入队 | 消息="" + 治理消息.摘要);     return 获取全局自我线程().投递治理消息(治理消息); }  | 自我线程模块.ixx:1024:       时间戳 now,         bool 当前允许休眠期修复);     bool 投递治理消息(const 结构_治理消息& 消息);     void 刷新初始化标记_已加锁() noexcept;     void 刷新治理恢复事件镜像_已加锁() n"
present	语素类::查找人类词性入口节点_已加锁	查找人类词性入口节点_已加锁	语素类.cpp:1191	5	5	语素入口节点类* 语素类::查找人类词性入口节点_已加锁(const 链节点类* 词节点, 枚举_词性 词性值) const	类别=查找;输入=有自定义类型;输出=指针/引用/句柄;副作用=无明显副作用;领域=语素;约束=锁约束	语素类.cpp:875:, 枚举_词性 词性值) const {     读锁守卫 lk(链表锁);     return 查找人类词性入口节点_已加锁(词节点, 词性值); }  // 功能：按词值和人类词性只读查找语素入口节点，不隐式创建词或入口。 语素入口节点类* 语素类::查找人类词性入口节点(const | 语素类.cpp:884: lk(链表锁);     auto* 词节点 = 查找词_已加锁(词值);     return 查找人类词性入口节点_已加锁(词节点, 词性值); }  // 功能：按词值和人类词性文本只读查找语素入口节点，不隐式创建词或入口。 语素入口节点类* 语素类::查找人类词性入口节点(con | 语素类.cpp:937:);     }      写锁守卫 lk(链表锁);      if (auto* 已有节点 = 查找人类词性入口节点_已加锁(词节点, 词性)) {         return 已有节点;     }      auto* 新入口节点 = new 语素入口节点类{};     新入口 | 语素类.cpp:1462:>(当前父节点); }  // 功能：按条件查找目标对象、方法或事实。 语素入口节点类* 语素类::查找人类词性入口节点_已加锁(const 链节点类* 词节点, 枚举_词性 词性值) const {     if (!词节点 || !词节点->子) return nullptr;     | 语素类.h:135:_已加锁(const std::string& 词字符串) const;     语素入口节点类* 查找人类词性入口节点_已加锁(const 链节点类* 词节点, 枚举_词性 词性值) const;     语素入口节点类* 查找信息入口节点_已加锁(const 链节点类* 词节点, 枚举
present	枚举_词性_工厂::添加动态映射	添加动态映射	语素类.cpp:1255	5	5	void 枚举_词性_工厂::添加动态映射(枚举_词性 词性值, const std::string& 文本描述)	类别=执行;输入=有自定义类型;输出=void;副作用=无明显副作用;领域=语素;约束=无显式约束	语素类.cpp:1526:: 枚举_词性::未定义; }  // 功能：按函数名执行对应处理。 void 枚举_词性_工厂::添加动态映射(枚举_词性 词性值, const std::string& 文本描述) {     私有_枚举到文本动态映射表()[词性值] = 文本描述; }  // 功能： | 语素类.cpp:1532:性值] = 文本描述; }  // 功能：按函数名执行对应处理。 void 枚举_词性_工厂::批量添加动态映射(const std::vector<std::pair<枚举_词性, std::string>>& 映射列表) {     for (const auto& 项 | 语素类.cpp:1535: 映射列表) {     for (const auto& 项 : 映射列表) {         添加动态映射(项.first, 项.second);     } }  // 功能：按函数名执行对应处理。 void 枚举_词性_工厂::清除动态映射() {     aut | 语素类.h:145:根据文本获取枚举值(const std::string& 文本);     static void 添加动态映射(枚举_词性 词性值, const std::string& 文本描述);     static void 批量添加动态映射(const std::vector< | 语素类.h:146: 词性值, const std::string& 文本描述);     static void 批量添加动态映射(const std::vector<std::pair<枚举_词性, std::string>>& 映射列表);     static void 清除动态映射(
present	语素类::获取语素入口信息入口类型	获取语素入口信息入口类型	语素类.cpp:958	5	5	枚举_信息入口类型 语素类::获取语素入口信息入口类型(const 语素入口节点类* 入口节点) const	类别=读取;输入=有自定义类型;输出=指针/引用/句柄;副作用=无明显副作用;领域=语素;约束=无显式约束	基础信息类.cpp:149:return nullptr;     }     const auto 信息入口类型 = 语素集.获取语素入口信息入口类型(入口节点);      const auto 存储树 = 语素类::读取信息入口存储树(信息入口类型);     auto* 父 = 父节点 ? 父节点 : 选 | 控制面板类.cpp:1147:获取语素入口人类词性(入口节点);         const auto 信息入口类型 = 语素集.获取语素入口信息入口类型(入口节点);         const auto 显式主信息类型 = 语素集.获取语素入口显式对应基础信息类型(入口节点);         const au | 自我线程模块.impl.cpp:10614:(!入口) {         return nullptr;     }     if (语素集.获取语素入口信息入口类型(入口) == 枚举_信息入口类型::存在概念入口) {         return 入口;     }     return 确保         ? 语素集 | 语素类.cpp:1165:::未定义; }  // 功能：读取并返回指定对象、状态或运行材料。 枚举_信息入口类型 语素类::获取语素入口信息入口类型(const 语素入口节点类* 入口节点) const {     if (!入口节点) return 枚举_信息入口类型::未定义;     读锁守卫 lk(链 | 语素类.h:100:应基础信息类型(const 语素入口节点类* 入口节点) const;     枚举_信息入口类型 获取语素入口信息入口类型(const 语素入口节点类* 入口节点) const;     static const 结构_信息入口定义* 读取信息入口定义(枚举_信息入口类型 信息入口类
present	因果类::创建因果模板	创建因果模板	因果类.cpp:1124	5	7	因果模板节点类* 因果类::创建因果模板(基础信息节点类* 父节点, 因果主信息类* 主信息)	类别=构造;输入=有自定义类型;输出=指针/引用/句柄;副作用=无明显副作用;领域=因果;约束=无显式约束	因果类.cpp:1585:因动作名称;     } }  // 功能：创建并返回或登记对应对象。 因果模板节点类* 因果类::创建因果模板(基础信息节点类* 父节点, 因果主信息类* 主信息) {     auto* base = 基础信息_ ? 基础信息_ : &获取基础信息集();     if | 因果类.cpp:1708:pret_cast<特征节点类*>(条件比较)));     }      auto* 新模板 = 创建因果模板(挂载父节点, 新主信息);     if (!新模板) {         delete 新主信息;         return nullptr;     } | 因果类.cpp:2343:  !info->主果比较模板.有效());         }         状态变化关系 = 创建因果模板(reinterpret_cast<基础信息节点类*>(场景), info);         创建了状态变化关系 = 状态变化关系 != nullptr;    | 因果类.cpp:2406:>主果比较模板.有效());             }             动作致变关系 = 创建因果模板(reinterpret_cast<基础信息节点类*>(场景), info);             创建了动作致变关系 = 动作致变关系 != nullptr | 因果类.h:193:// 功能：创建内部因果模板节点；外部新增因果信息统一使用生成因果信息。     因果模板节点类* 创建因果模板(基础信息节点类* 父节点, 因果主信息类* 主信息);      // 功能：为生成因果信息命中的现有模板追加证据动态。     bool 追加证据动态样本(因
present	场景类::追加二次特征	追加二次特征	场景类.cpp:312	5	9	bool 场景类::追加二次特征(场景节点类* 节点, 二次特征节点类* 二次特征节点)	类别=写入;输入=有自定义类型;输出=bool;副作用=无明显副作用;领域=场景;约束=无显式约束	二次特征类.cpp:1065:auto 索引追加开始 = 私有_二次特征类阶段时间点();         (void)场景服务.追加二次特征(所属场景, 节点);         索引追加耗时微秒 = 私有_二次特征类阶段耗时微秒(             索引追加开始,             私有 | 场景类.cpp:466:景类::追加关系(场景节点类* 节点, 二次特征节点类* 二次特征节点) {     return 追加二次特征(节点, 二次特征节点); }  // 功能：按函数名执行对应处理。 bool 场景类::追加二次特征(场景节点类* 节点, 二次特征节点类* 二次特征节点) { | 场景类.cpp:470:加二次特征(节点, 二次特征节点); }  // 功能：按函数名执行对应处理。 bool 场景类::追加二次特征(场景节点类* 节点, 二次特征节点类* 二次特征节点) {     auto* 主信息 = 取场景主信息(节点);     if (!主信息 || !二次特征节 | 场景类.h:77:  bool 追加关系(场景节点类* 节点, 二次特征节点类* 二次特征节点);     bool 追加二次特征(场景节点类* 节点, 二次特征节点类* 二次特征节点);     bool 移除场景二次特征索引(场景节点类* 场景, 二次特征节点类* 二次特征节点);    | 语素类.cpp:266:      case 枚举_主信息类型::关系信息:             (void)场景服务.追加二次特征(场景, static_cast<二次特征节点类*>(基础信息节点));             break;         default:
present	状态类::状态有效检查	状态有效检查	状态类.cpp:205	5	13	bool 状态类::状态有效检查(const 状态节点主信息类& 主信息) const noexcept	类别=校验;输入=有自定义类型;输出=bool;副作用=无明显副作用;领域=全局通用候选;约束=noexcept	状态类.cpp:292:  return 主信息; }  // 功能：检查状态、条件、缺口或运行约束。 bool 状态类::状态有效检查(const 状态节点主信息类& 主信息) const noexcept {     if (!主信息.状态主体.有效()) return false;      | 状态类.cpp:309:一, const 状态节点主信息类& 状态二) const noexcept {     if (!状态有效检查(状态一) || !状态有效检查(状态二)) return 0;     const auto* 左值 = std::get_if<I64>(&状态一.状态值); | 状态类.cpp:309:类& 状态二) const noexcept {     if (!状态有效检查(状态一) || !状态有效检查(状态二)) return 0;     const auto* 左值 = std::get_if<I64>(&状态一.状态值);     const auto* | 状态类.cpp:342: 状态有效检查开始 = 私有_状态创建阶段时间点();     const bool 状态有效 = 状态有效检查(*主信息);     状态有效检查耗时微秒 = 私有_状态创建阶段耗时微秒(         状态有效检查开始,         私有_状态创建阶段时间点()) | 状态类.h:71:     时间戳 收到时间 = 结构体_时间戳::当前_微秒()) const;     bool 状态有效检查(const 状态节点主信息类& 主信息) const noexcept;     I64 获取状态二次特征(const 状态节点主信息类& 状态一, const
present	世界树类::是存在概念	是存在概念	世界树类.cpp:1044	6	6	bool 世界树类::是存在概念(const 存在节点类* 节点) const noexcept	类别=执行;输入=有自定义类型;输出=bool;副作用=无明显副作用;领域=世界;约束=noexcept	世界树类.cpp:1378:    return 存在概念根; }  // 功能：按函数名执行对应处理。 bool 世界树类::是存在概念(const 存在节点类* 节点) const noexcept {     return 存在服务_.是存在概念(节点, 存在概念根); }  // 功能：按函 | 世界树类.cpp:1380:onst 存在节点类* 节点) const noexcept {     return 存在服务_.是存在概念(节点, 存在概念根); }  // 功能：按函数名执行对应处理。 bool 世界树类::是实例存在(const 存在节点类* 节点) const noexcep | 世界树类.h:105:const noexcept;      存在节点类* 取或创建存在概念根();     bool 是存在概念(const 存在节点类* 节点) const noexcept;     bool 是实例存在(const 存在节点类* 节点) const noexcept; | 存在类.cpp:289:; }  // 功能：判断存在节点是否位于存在概念根子树内，不创建或修改节点。 bool 存在类::是存在概念(const 存在节点类* 节点, const 存在节点类* 存在概念根) const noexcept {     return 节点         && 存 | 存在类.cpp:303: {     return 节点         && 是存在节点(节点)         && !是存在概念(节点, 存在概念根); }  // 功能：读取存在名称入口，不创建或补齐任何结构。 const 语素入口节点类* 存在类::读取存在名称(const 存在节点类 | 存在类.h:35:点(const std::string& 主键) const noexcept;     bool 是存在概念(const 存在节点类* 节点, const 存在节点类* 存在概念根) const noexcept;     bool 是实例存在(const 存在节点类*
present	世界树类::是实例存在	是实例存在	世界树类.cpp:1050	6	6	bool 世界树类::是实例存在(const 存在节点类* 节点) const noexcept	类别=执行;输入=有自定义类型;输出=bool;副作用=无明显副作用;领域=世界;约束=noexcept	世界树类.cpp:1384:是存在概念(节点, 存在概念根); }  // 功能：按函数名执行对应处理。 bool 世界树类::是实例存在(const 存在节点类* 节点) const noexcept {     return 存在服务_.是实例存在(节点, 存在概念根); }  // 功能：确保 | 世界树类.cpp:1386:onst 存在节点类* 节点) const noexcept {     return 存在服务_.是实例存在(节点, 存在概念根); }  // 功能：确保目标结构、状态或前置条件存在并可用。 存在节点类* 世界树类::确保根概念_存在() {     return 确 | 世界树类.h:106:l 是存在概念(const 存在节点类* 节点) const noexcept;     bool 是实例存在(const 存在节点类* 节点) const noexcept;     存在节点类* 确保根概念_存在();     存在节点类* 确保根概念_实物存在(); | 场景类.cpp:257:o* 候选存在 : 获取子存在(场景)) {         if (!候选存在 || !存在服务.是实例存在(候选存在, 存在概念根)) continue;          auto* 三维体素特征 = 特征服务.查找子特征_按类型(候选存在, 参数.三维体素特征类型 | 存在类.cpp:299:, 节点); }  // 功能：判断存在节点是否为实例存在，不创建或修改节点。 bool 存在类::是实例存在(const 存在节点类* 节点, const 存在节点类* 存在概念根) const noexcept {     return 节点         && 是 | 存在类.h:36: 节点, const 存在节点类* 存在概念根) const noexcept;     bool 是实例存在(const 存在节点类* 节点, const 存在节点类* 存在概念根) const noexcept;     const 语素入口节点类* 读取存在名称(c
present	世界树类::确保核心概念_任务	确保核心概念_任务	世界树类.cpp:1100	6	6	存在节点类* 世界树类::确保核心概念_任务()	类别=未分类;输入=有自定义类型;输出=指针/引用/句柄;副作用=无明显副作用;领域=世界;约束=无显式约束	"世界树类.cpp:1432:存在()); }  // 功能：确保目标结构、状态或前置条件存在并可用。 存在节点类* 世界树类::确保核心概念_任务() {     return 确保存在概念(语素集.添加信息入口词(""任务"", 枚举_信息入口类型::任务概念入口), 确保根概念_虚拟存在()); }  // | 世界树类.cpp:1472:全部成功 = 确保核心概念_需求() != nullptr && 全部成功;     全部成功 = 确保核心概念_任务() != nullptr && 全部成功;     全部成功 = 确保核心概念_方法() != nullptr && 全部成功;     全部成功 = 确保核心 | 世界树类.cpp:1500:      全部成功 = 私有_确保概念特征槽集合(         *this,         确保核心概念_任务(),         {             ""发起存在"",             ""作用对象"",             ""任务目标"",         | 世界树类.cpp:1621:) && 全部成功;     全部成功 = 绑定(""任务"", 枚举_信息入口类型::任务概念入口, 确保核心概念_任务()) && 全部成功;     全部成功 = 绑定(""方法"", 枚举_信息入口类型::方法概念入口, 确保核心概念_方法()) && 全部成功;     全部成 | 世界树类.h:114:* 确保核心概念_自我();     存在节点类* 确保核心概念_需求();     存在节点类* 确保核心概念_任务();     存在节点类* 确保核心概念_方法();     存在节点类* 确保核心概念_状态();     存在节点类* 确保核心概念_事件();     存 | 任务类.cpp:120:d::vector<存在节点类*> 概念集{};         auto* 任务概念 = 世界树.确保核心概念_任务();          (void)私有_追加唯一存在节点(概念集, 世界树.确保根概念_存在());         (void)私有_追加唯一存在节点(概念"
present	世界树类::确保核心概念_方法	确保核心概念_方法	世界树类.cpp:1106	6	6	存在节点类* 世界树类::确保核心概念_方法()	类别=未分类;输入=有自定义类型;输出=指针/引用/句柄;副作用=无明显副作用;领域=世界;约束=无显式约束	"世界树类.cpp:1438:存在()); }  // 功能：确保目标结构、状态或前置条件存在并可用。 存在节点类* 世界树类::确保核心概念_方法() {     return 确保存在概念(语素集.添加信息入口词(""方法"", 枚举_信息入口类型::方法概念入口), 确保根概念_虚拟存在()); }  // | 世界树类.cpp:1473:全部成功 = 确保核心概念_任务() != nullptr && 全部成功;     全部成功 = 确保核心概念_方法() != nullptr && 全部成功;     全部成功 = 确保核心概念_状态() != nullptr && 全部成功;     全部成功 = 确保核心 | 世界树类.cpp:1514:      全部成功 = 私有_确保概念特征槽集合(         *this,         确保核心概念_方法(),         {             ""方法类型"",             ""方法来源"",             ""方法状态"",         | 世界树类.cpp:1622:) && 全部成功;     全部成功 = 绑定(""方法"", 枚举_信息入口类型::方法概念入口, 确保核心概念_方法()) && 全部成功;     全部成功 = 绑定(""状态"", 枚举_信息入口类型::存在概念入口, 确保核心概念_状态()) && 全部成功;     全部成 | 世界树类.h:115:* 确保核心概念_需求();     存在节点类* 确保核心概念_任务();     存在节点类* 确保核心概念_方法();     存在节点类* 确保核心概念_状态();     存在节点类* 确保核心概念_事件();     存在节点类* 确保核心概念_规则();     b | 方法虚拟存在服务类.cpp:200:sh_back(概念);         };          auto* 方法概念 = 世界树.确保核心概念_方法();         追加概念(世界树.确保根概念_存在());         追加概念(世界树.确保根概念_虚拟存在());         追加概念(方法"
present	世界树类::初始化存在概念系统	初始化存在概念系统	世界树类.cpp:1298	6	6	bool 世界树类::初始化存在概念系统()	类别=构造;输入=有自定义类型;输出=bool;副作用=无明显副作用;领域=世界;约束=无显式约束	"世界树类.cpp:1140:虚拟世界 = 取或创建默认世界(""虚拟世界"", 枚举_世界类型::虚拟世界);     (void)初始化存在概念系统(); }  // 功能：按函数名执行对应处理。 基础信息类& 世界树类::基础信息() noexcept { return 基础信息链_; }  // 功能：按 | 世界树类.cpp:1630:eturn 全部成功; }  // 功能：初始化相关对象、状态或运行上下文。 bool 世界树类::初始化存在概念系统() {     bool 全部成功 = 初始化核心存在概念树();     全部成功 = 特征服务_.初始化常用抽象特征(取或创建抽象特征根()) && 全部成 | 世界树类.h:122:ool 初始化核心概念默认特征槽();     bool 绑定核心概念语素();     bool 初始化存在概念系统();      基础信息节点类* 取或创建抽象特征根();     抽象特征主信息类* 取抽象特征主信息(抽象特征节点类* 节点) const noexcept | 自我类.初始化.cpp:129:* 自我存在 = 自我对象.确保自我存在();         if (!自我存在 || !世界树.初始化存在概念系统()) {             return false;         }          auto* 概念_存在 = 世界树.确保根概念_存在();  | 自我类.初始化.cpp:160:类型_自我_当前主需求() != nullptr;         结果.概念层已就绪 = 世界树.初始化存在概念系统()             && 私有_当前自我概念集已就绪(自我对象);         结果.当前活动自我已就绪 = 自我类::当前活动自我() == &自 | 自我类.初始化.cpp:279:,         [&]() noexcept {             return 世界树.初始化存在概念系统();         });      (void)私有_执行初始化步骤(         阶段轨迹,         枚举_自我初始化阶段::自我锚点,   "
present	世界树类::计算场景绝对坐标_由相对坐标表	计算场景绝对坐标_由相对坐标表	世界树类.cpp:2094	6	6	场景绝对坐标换算结果 世界树类::计算场景绝对坐标_由相对坐标表( const std::vector<场景相对坐标项>& 相对坐标表) const	类别=未分类;输入=有自定义类型;输出=指针/引用/句柄;副作用=无明显副作用;领域=世界;约束=无显式约束	世界树类.cpp:3333:; }  // 功能：计算权重、状态、差值或派生结果。 结构_存在空间绝对坐标换算结果 世界树类::计算场景绝对坐标_由相对坐标表(     const std::vector<结构_存在空间相对坐标项>& 相对坐标表) const {     return 存在服务_.计算场景绝对坐标_由 | 世界树类.cpp:3336:or<结构_存在空间相对坐标项>& 相对坐标表) const {     return 存在服务_.计算场景绝对坐标_由相对坐标表(相对坐标表); }  // 功能：把处理结果写入指定对象、场景或日志。 bool 世界树类::写入存在场景绝对坐标_由相对坐标表(     存在节点类* 目标存 | 世界树类.h:636:(),         I64 置信度 = 10000);     结构_存在空间绝对坐标换算结果 计算场景绝对坐标_由相对坐标表(         const std::vector<结构_存在空间相对坐标项>& 相对坐标表) const;     bool 写入存在场景绝对坐标_由相对坐 | 存在类.cpp:408:功能：按相对坐标表选择第一条可用参考并换算场景绝对坐标。 结构_存在空间绝对坐标换算结果 存在类::计算场景绝对坐标_由相对坐标表(     const std::vector<结构_存在空间相对坐标项>& 相对坐标表) const {     结构_存在空间绝对坐标换算结果 结果{};   | 存在类.cpp:866:存在空间相对坐标项>& 相对坐标表,     时间戳 now) {     auto 换算结果 = 计算场景绝对坐标_由相对坐标表(相对坐标表);     if (!换算结果.成功 || !换算结果.参考存在) {         return false;     }      auto* | 存在类.h:47:  Vector3D& 输出绝对坐标_mm) const;     结构_存在空间绝对坐标换算结果 计算场景绝对坐标_由相对坐标表(         const std::vector<结构_存在空间相对坐标项>& 相对坐标表) const;     bool 读取最近观测位置缓存(cons
present	世界树类::写入存在场景绝对坐标_由相对坐标表	写入存在场景绝对坐标_由相对坐标表	世界树类.cpp:2119	6	6	bool 世界树类::写入存在场景绝对坐标_由相对坐标表( 存在节点类* 目标存在, const std::vector<场景相对坐标项>& 相对坐标表, 时间戳 now)	类别=写入;输入=有自定义类型;输出=bool;副作用=无明显副作用;领域=世界;约束=无显式约束	世界树类.cpp:3340:标表(相对坐标表); }  // 功能：把处理结果写入指定对象、场景或日志。 bool 世界树类::写入存在场景绝对坐标_由相对坐标表(     存在节点类* 目标存在,     const std::vector<结构_存在空间相对坐标项>& 相对坐标表,     时间戳 now) {     | 世界树类.cpp:3345:_存在空间相对坐标项>& 相对坐标表,     时间戳 now) {     if (!存在服务_.写入存在场景绝对坐标_由相对坐标表(目标存在, 相对坐标表, now)) {         return false;     }      if (auto* 目标场景 = 私有_取存在所在场 | 世界树类.h:638:std::vector<结构_存在空间相对坐标项>& 相对坐标表) const;     bool 写入存在场景绝对坐标_由相对坐标表(         存在节点类* 目标存在,         const std::vector<结构_存在空间相对坐标项>& 相对坐标表,         时间 | 存在类.cpp:861:now); }  // 功能：按相对坐标表写入目标存在场景绝对坐标和坐标来源。 bool 存在类::写入存在场景绝对坐标_由相对坐标表(     存在节点类* 目标存在,     const std::vector<结构_存在空间相对坐标项>& 相对坐标表,     时间戳 now) {     | 存在类.h:118:标_mm,         时间戳 now,         I64 置信度);     bool 写入存在场景绝对坐标_由相对坐标表(         存在节点类* 目标存在,         const std::vector<结构_存在空间相对坐标项>& 相对坐标表,         时间 | 自我动作实现.外设模块.ixx:23146: 已提交项.坐标置信度);             const bool 坐标写入成功 = 世界树.写入存在场景绝对坐标_由相对坐标表(                 已提交项.观察存在,                 相对坐标表,                 now);
present	世界树类::获取名称	获取名称	世界树类.cpp:956	6	6	std::string 世界树类::获取名称(const 基础信息节点类* 节点) const	类别=读取;输入=有自定义类型;输出=文本;副作用=无明显副作用;领域=世界;约束=无显式约束	世界树类.cpp:1289:se; }  // 功能：读取并返回指定对象、状态或运行材料。 std::string 世界树类::获取名称(const 基础信息节点类* 节点) const {     return 基础信息链_.获取名称(节点); }  // 功能：把当前世界树本体重写到 SQL  | 世界树类.cpp:1291:获取名称(const 基础信息节点类* 节点) const {     return 基础信息链_.获取名称(节点); }  // 功能：把当前世界树本体重写到 SQL Server 查询投影。 bool 世界树类::重写世界树SQL投影(const char* 来源原 | 世界树类.h:100:链_.枚举节点_按类型<T主信息>().size();     }     std::string 获取名称(const 基础信息节点类* 节点) const;     // 功能：把当前世界树本体重写到 SQL Server 查询投影。     bool 重写世界树S | 基础信息类.cpp:349:e; }  // 功能：读取并返回指定对象、状态或运行材料。 std::string 基础信息类::获取名称(const 节点类* 节点) const {     return 语言集.获取基础信息名称(节点); }  // 功能：创建并返回或登记对应对象。 存在节点类 | 基础信息类.h:31:std::vector<节点类*> 枚举全部节点() const;     std::string 获取名称(const 节点类* 节点) const;     存在节点类* 取或创建存在概念根();      // 语素/基础信息整合入口：     // - 一个语素 | 自我线程模块.impl.cpp:14995:;                 }                 auto 名称 = 世界树.获取名称(reinterpret_cast<基础信息节点类*>(概念集[i]));                 if (名称.empty() && 概念集[i]) {
present	二次特征生成模块::生成相邻动态协同二次特征	生成相邻动态协同二次特征	二次特征应用模块.ixx:2731	6	6	二次特征节点类* 二次特征生成模块::生成相邻动态协同二次特征( 场景节点类* 场景, 动态节点类* 动态, 时间戳 时间窗口)	类别=生成;输入=有自定义类型;输出=整数/时间;副作用=无明显副作用;领域=特征;约束=无显式约束	世界树类.cpp:2458:态二次特征(动态); }  // 功能：为相邻动态生成协同二次特征。 二次特征节点类* 世界树类::生成相邻动态协同二次特征(     场景节点类* 场景,     动态节点类* 动态,     时间戳 时间窗口) {     return 二次特征生成服务_->生成相邻动态协同二次特 | 世界树类.cpp:2463: 动态节点类* 动态,     时间戳 时间窗口) {     return 二次特征生成服务_->生成相邻动态协同二次特征(场景, 动态, 时间窗口); }  // 功能：尝试按连续同向规则生成聚合动态。 动态节点类* 世界树类::尝试生成连续同向聚合动态(场景节点类* 场景, 动态 | 世界树类.h:360:二次特征节点类*> 获取动态二次特征(const 动态节点类& 动态);     二次特征节点类* 生成相邻动态协同二次特征(         场景节点类* 场景,         动态节点类* 动态,         时间戳 时间窗口 = 1000000);     动态节点类* 尝 | 二次特征应用模块.ixx:489: 获取动态二次特征(         const 动态节点类& 动态);     二次特征节点类* 生成相邻动态协同二次特征(         场景节点类* 场景,         动态节点类* 动态,         时间戳 时间窗口 = 1000000);     动态节点类* 尝 | 二次特征应用模块.ixx:2797:  // 功能：根据当前输入生成目标数据、场景、动态或回执。 二次特征节点类* 二次特征生成模块::生成相邻动态协同二次特征(     场景节点类* 场景,     动态节点类* 动态,     时间戳 时间窗口) {     if (!世界树_ || !场景 || !动态) retu | 动态类.cpp:749:to 相邻动态协同开始 = 私有_动态阶段时间点();             (void)世界树.生成相邻动态协同二次特征(场景, 节点);             相邻动态协同耗时微秒 = 私有_动态阶段耗时微秒(                 相邻动态协同开始,
present	二次特征生成模块::写入轮廓比较二次特征	写入轮廓比较二次特征	二次特征应用模块.ixx:3007	6	6	bool 二次特征生成模块::写入轮廓比较二次特征( 基础信息节点类* 父节点, const 语素入口节点类* 特征类型, const 结构_轮廓比较结果& 比较结果, 特征节点类* 左特征, 特征节点类* 右特征, 场景节点类* 来源场景, 动态节点类* 来源动态)	类别=比较;输入=有自定义类型;输出=bool;副作用=无明显副作用;领域=特征;约束=无显式约束	世界树类.cpp:2479:合动态(场景, 动态); }  // 功能：把轮廓比较结果写入二次特征材料。 bool 世界树类::写入轮廓比较二次特征(     基础信息节点类* 父节点,     const 语素入口节点类* 特征类型,     const 结构_轮廓比较结果& 比较结果,     特征节点类 | 世界树类.cpp:2488:类* 来源场景,     动态节点类* 来源动态) {     return 二次特征生成服务_->写入轮廓比较二次特征(         父节点,         特征类型,         比较结果,         左特征,         右特征,         来源场景 | 世界树类.h:366:点类* 尝试生成同类事件段聚合动态(场景节点类* 场景, 动态节点类* 动态);     bool 写入轮廓比较二次特征(         基础信息节点类* 父节点,         const 语素入口节点类* 特征类型,         const 结构_轮廓比较结果& 比较结 | 二次特征应用模块.ixx:501:  // 将轮廓运行期比较结果转成二次特征材料；不判断识别、扫描或跟踪业务成立。     bool 写入轮廓比较二次特征(         基础信息节点类* 父节点,         const 语素入口节点类* 特征类型,         const 结构_轮廓比较结果& 比较结 | 二次特征应用模块.ixx:3006:rn 结果; }  // 功能：把处理结果写入指定对象、场景或日志。 bool 二次特征生成模块::写入轮廓比较二次特征(     基础信息节点类* 父节点,     const 语素入口节点类* 特征类型,     const 结构_轮廓比较结果& 比较结果,     特征节点类 | 自我动作实现.外设模块.ixx:7611: (写入二次特征) {                 const bool 写入成功 = 世界树.写入轮廓比较二次特征(                     二次特征父节点 ? 二次特征父节点 : 左宿主,                     特征类型,
present	二次特征生成模块::尝试生成连续同向聚合动态	尝试生成连续同向聚合动态	二次特征应用模块.ixx:3119	6	6	动态节点类* 二次特征生成模块::尝试生成连续同向聚合动态( 场景节点类* 场景, 动态节点类* 动态)	类别=生成;输入=有自定义类型;输出=指针/引用/句柄;副作用=无明显副作用;领域=特征;约束=无显式约束	世界树类.cpp:2467:动态, 时间窗口); }  // 功能：尝试按连续同向规则生成聚合动态。 动态节点类* 世界树类::尝试生成连续同向聚合动态(场景节点类* 场景, 动态节点类* 动态) {     return 二次特征生成服务_->尝试生成连续同向聚合动态(场景, 动态); }  // 功能：尝试按 | 世界树类.cpp:2469:合动态(场景节点类* 场景, 动态节点类* 动态) {     return 二次特征生成服务_->尝试生成连续同向聚合动态(场景, 动态); }  // 功能：尝试按同类事件段规则生成聚合动态。 动态节点类* 世界树类::尝试生成同类事件段聚合动态(场景节点类* 场景, 动态节点类* | 世界树类.h:364:态节点类* 动态,         时间戳 时间窗口 = 1000000);     动态节点类* 尝试生成连续同向聚合动态(场景节点类* 场景, 动态节点类* 动态);     动态节点类* 尝试生成同类事件段聚合动态(场景节点类* 场景, 动态节点类* 动态);     bool  | 二次特征应用模块.ixx:493:态节点类* 动态,         时间戳 时间窗口 = 1000000);     动态节点类* 尝试生成连续同向聚合动态(场景节点类* 场景, 动态节点类* 动态);     动态节点类* 尝试生成同类事件段聚合动态(场景节点类* 场景, 动态节点类* 动态);     std:: | 二次特征应用模块.ixx:3124: }  // 功能：根据当前输入生成目标数据、场景、动态或回执。 动态节点类* 二次特征生成模块::尝试生成连续同向聚合动态(     场景节点类* 场景,     动态节点类* 动态) {     if (!世界树_ || !场景 || !动态) return nullptr;    | 动态类.cpp:756:to 连续同向聚合开始 = 私有_动态阶段时间点();             (void)世界树.尝试生成连续同向聚合动态(场景, 节点);             连续同向聚合耗时微秒 = 私有_动态阶段耗时微秒(                 连续同向聚合开始,
present	二次特征生成模块::尝试生成同类事件段聚合动态	尝试生成同类事件段聚合动态	二次特征应用模块.ixx:3233	6	6	动态节点类* 二次特征生成模块::尝试生成同类事件段聚合动态( 场景节点类* 场景, 动态节点类* 动态)	类别=生成;输入=有自定义类型;输出=指针/引用/句柄;副作用=无明显副作用;领域=特征;约束=无显式约束	世界树类.cpp:2473:(场景, 动态); }  // 功能：尝试按同类事件段规则生成聚合动态。 动态节点类* 世界树类::尝试生成同类事件段聚合动态(场景节点类* 场景, 动态节点类* 动态) {     return 二次特征生成服务_->尝试生成同类事件段聚合动态(场景, 动态); }  // 功能：把轮 | 世界树类.cpp:2475:合动态(场景节点类* 场景, 动态节点类* 动态) {     return 二次特征生成服务_->尝试生成同类事件段聚合动态(场景, 动态); }  // 功能：把轮廓比较结果写入二次特征材料。 bool 世界树类::写入轮廓比较二次特征(     基础信息节点类* 父节点,      | 世界树类.h:365:类* 尝试生成连续同向聚合动态(场景节点类* 场景, 动态节点类* 动态);     动态节点类* 尝试生成同类事件段聚合动态(场景节点类* 场景, 动态节点类* 动态);     bool 写入轮廓比较二次特征(         基础信息节点类* 父节点,         const  | 二次特征应用模块.ixx:494:类* 尝试生成连续同向聚合动态(场景节点类* 场景, 动态节点类* 动态);     动态节点类* 尝试生成同类事件段聚合动态(场景节点类* 场景, 动态节点类* 动态);     std::vector<二次特征节点类*> 由存在比较结果生成二次特征(         场景节点类* 场 | 二次特征应用模块.ixx:3253: }  // 功能：根据当前输入生成目标数据、场景、动态或回执。 动态节点类* 二次特征生成模块::尝试生成同类事件段聚合动态(     场景节点类* 场景,     动态节点类* 动态) {     const auto 聚合开始 = 私有_二次特征阶段时间点();     std:: | 动态类.cpp:763:o 同类事件段聚合开始 = 私有_动态阶段时间点();             (void)世界树.尝试生成同类事件段聚合动态(场景, 节点);             同类事件段聚合耗时微秒 = 私有_动态阶段耗时微秒(                 同类事件段聚合开始,
present	二次特征生成模块::刷新场景存在型基础二次特征	刷新场景存在型基础二次特征	二次特征应用模块.ixx:3480	6	6	std::vector<二次特征节点类*> 二次特征生成模块::刷新场景存在型基础二次特征( 场景节点类* 场景, std::int64_t 接近阈值_mm, std::int64_t 冲突阈值_mm)	类别=生成;输入=有自定义类型;输出=整数/时间;副作用=无明显副作用;领域=特征;约束=无显式约束	世界树类.cpp:3292:有_取存在所在场景(基础信息链_, 节点)) {         (void)二次特征生成服务_->刷新场景存在型基础二次特征(所属场景);     }     return true; }  // 功能：计算权重、状态、差值或派生结果。 bool 世界树类::计算场景绝对坐标_由参考存 | 世界树类.cpp:3327:取存在所在场景(基础信息链_, 目标存在)) {         (void)二次特征生成服务_->刷新场景存在型基础二次特征(目标场景);     }     return true; }  // 功能：计算权重、状态、差值或派生结果。 结构_存在空间绝对坐标换算结果 世界树类::计算 | 世界树类.cpp:3350:取存在所在场景(基础信息链_, 目标存在)) {         (void)二次特征生成服务_->刷新场景存在型基础二次特征(目标场景);     }     return true; }  // 功能：把处理结果写入指定对象、场景或日志。 bool 世界树类::写入存在观测位置(存在 | 世界树类.cpp:3368:nullptr;     if (场景节点) {         (void)二次特征生成服务_->刷新场景存在型基础二次特征(场景节点);     }     return true; }  // 功能：按函数名执行对应处理。 I64 世界树类::默认特征差异度(const 特征值&  | 二次特征应用模块.ixx:510:         动态节点类* 来源动态);      std::vector<二次特征节点类*> 刷新场景存在型基础二次特征(         场景节点类* 场景,         std::int64_t 接近阈值_mm = 1000,         std::int64_t 冲突 | 二次特征应用模块.ixx:3515:// 功能：按函数名执行对应处理。 std::vector<二次特征节点类*> 二次特征生成模块::刷新场景存在型基础二次特征(     场景节点类* 场景,     std::int64_t 接近阈值_mm,     std::int64_t 冲突阈值_mm) {     std::v
present	二次特征类::创建二次特征_按度量	创建二次特征_按度量	二次特征类.cpp:354	6	6	二次特征节点类* 二次特征类::创建二次特征_按度量( 基础信息节点类* 父节点, 枚举_二次特征种类 种类, const std::string& 度量签名_链键)	类别=构造;输入=有自定义类型;输出=文本;副作用=无明显副作用;领域=特征;约束=无显式约束	世界树类.cpp:2195:父节点, 主信息); }  // 功能：按度量签名创建二次特征节点。 二次特征节点类* 世界树类::创建二次特征_按度量(     基础信息节点类* 父节点,     枚举_二次特征种类 种类,     const std::string& 度量签名_链键) {     retur | 世界树类.cpp:2200: const std::string& 度量签名_链键) {     return 二次特征服务_.创建二次特征_按度量(父节点, 种类, 度量签名_链键); }  // 功能：读取父节点下的直接子二次特征，不创建或修改节点。 std::vector<二次特征节点类*> 世界树类: | 世界树类.h:264:创建二次特征(基础信息节点类* 父节点, 二次特征主信息类* 主信息);     二次特征节点类* 创建二次特征_按度量(         基础信息节点类* 父节点,         枚举_二次特征种类 种类,         const std::string& 度量签名_链键) | 二次特征应用模块.ixx:2278:签名_链键);         if (!节点) {             节点 = 世界树_->创建二次特征_按度量(                 reinterpret_cast<基础信息节点类*>(场景),                 请求.种类,          | 二次特征类.cpp:603:eturn 新节点; }  // 功能：创建并返回或登记对应对象。 二次特征节点类* 二次特征类::创建二次特征_按度量(     基础信息节点类* 父节点,     枚举_二次特征种类 种类,     const std::string& 度量签名_链键) {     auto* | 二次特征类.h:103:创建二次特征(基础信息节点类* 父节点, 二次特征主信息类* 主信息);     二次特征节点类* 创建二次特征_按度量(         基础信息节点类* 父节点,         枚举_二次特征种类 种类,         const std::string& 度量签名_链键
present	动态类::状态记录后刷新动态	状态记录后刷新动态	动态类.cpp:1172	6	6	动态节点类* 动态类::状态记录后刷新动态( 场景节点类* 场景, 状态节点类* 新状态, 时间戳 now)	类别=日志;输入=有自定义类型;输出=整数/时间;副作用=无明显副作用;领域=动态;约束=无显式约束	世界树类.cpp:2704:获取场景动态(场景); }  // 功能：记录状态后刷新或创建相邻动态。 动态节点类* 世界树类::状态记录后刷新动态(     场景节点类* 场景,     状态节点类* 新状态,     时间戳 now) {     return 动态服务_.状态记录后刷新动态(场景, 新状 | 世界树类.cpp:2709:,     状态节点类* 新状态,     时间戳 now) {     return 动态服务_.状态记录后刷新动态(场景, 新状态, now); }  // 功能：设置动态主体和特征。 bool 世界树类::设置主体特征(动态节点类* 节点, 基础信息节点类* 主体, 特征节 | 世界树类.h:451:动态节点类*> 获取场景动态(const 场景节点类* 场景) const;     动态节点类* 状态记录后刷新动态(         场景节点类* 场景,         状态节点类* 新状态,         时间戳 now = 0     );     bool 设置主体 | 动态类.cpp:1225:rn nullptr; }  // 功能：记录日志、动态、证据或运行痕迹。 动态节点类* 动态类::状态记录后刷新动态(     场景节点类* 场景,     状态节点类* 新状态,     时间戳 now) {     auto* 前状态 = 查找相邻前状态(场景, 新状态); | 动态类.h:128: 查找相邻前状态(场景节点类* 场景, 状态节点类* 新状态) const;     动态节点类* 状态记录后刷新动态(         场景节点类* 场景,         状态节点类* 新状态,         时间戳 now = 0     );      bool 设置主 | 状态类.cpp:377:auto 状态动态刷新开始 = 私有_状态创建阶段时间点();         (void)世界树.状态记录后刷新动态(场景, 节点, 刷新时间);         状态动态刷新耗时微秒 = 私有_状态创建阶段耗时微秒(             状态动态刷新开始,
present	动态类::绑定来源方法	绑定来源方法	动态类.cpp:1231	6	6	bool 动态类::绑定来源方法( 动态节点类* 节点, 方法节点类* 来源动作, const 语素入口节点类* 来源动作名, 枚举_动作事件相位 相位)	类别=未分类;输入=有自定义类型;输出=bool;副作用=无明显副作用;领域=动态;约束=无显式约束	世界树类.cpp:2719:设置主体特征(节点, 主体, 特征); }  // 功能：绑定动态来源方法。 bool 世界树类::绑定来源方法(     动态节点类* 节点,     方法节点类* 来源动作,     const 语素入口节点类* 来源动作名) {     return 动态服务_.绑定 | 世界树类.cpp:2724:源动作,     const 语素入口节点类* 来源动作名) {     return 动态服务_.绑定来源方法(节点, 来源动作, 来源动作名); }  // 功能：绑定动态来源输入和输出场景。 bool 世界树类::绑定来源场景(动态节点类* 节点, 场景节点类* 输入 | 世界树类.h:457:主体特征(动态节点类* 节点, 基础信息节点类* 主体, 特征节点类* 特征);     bool 绑定来源方法(         动态节点类* 节点,         方法节点类* 来源动作,         const 语素入口节点类* 来源动作名 = nullptr  | 动态类.cpp:1276:rn true; }  // 功能：建立对象、任务、方法或因果之间的绑定关系。 bool 动态类::绑定来源方法(     动态节点类* 节点,     方法节点类* 来源动作,     const 语素入口节点类* 来源动作名) {     auto* 主信息 = 取动态 | 动态类.h:137:bool 追加来源低层动态(动态节点类* 节点, 动态节点类* 来源低层动态);     bool 绑定来源方法(         动态节点类* 节点,         方法节点类* 来源动作,         const 语素入口节点类* 来源动作名 = nullptr  | 自我类.cpp:564:私有_查找本能方法首节点(自我对象, 本能ID)) {             (void)世界树.绑定来源方法(                 动态节点,                 reinterpret_cast<方法节点类*>(来源方法),
present	动态类::允许生成状态动态	允许生成状态动态	动态类.cpp:928	6	6	bool 动态类::允许生成状态动态(场景节点类* 场景, 状态节点类* 初始状态, 状态节点类* 结果状态) const noexcept	类别=生成;输入=有自定义类型;输出=bool;副作用=无明显副作用;领域=动态;约束=noexcept	动态类.cpp:675:法检查开始 = 私有_动态阶段时间点();         const bool 状态动态允许 = 允许生成状态动态(场景, 初始状态, 结果状态);         const auto* 初始状态主信息 = 基础信息_->取主信息<状态节点主信息类>(初始状态);      | 动态类.cpp:786:果状态主信息)) {         return nullptr;     }     if (!允许生成状态动态(场景, 初始状态, 结果状态)) {         return nullptr;     }     if (私有_特征值相等(初始状态主信息->状态值,  | 动态类.cpp:1002:n 动态节点; }  // 功能：根据当前输入生成目标数据、场景、动态或回执。 bool 动态类::允许生成状态动态(场景节点类* 场景, 状态节点类* 初始状态, 状态节点类* 结果状态) const noexcept {     const auto* 初始状态主信息 =  | 动态类.cpp:1022:景, 被观察存在)) {         return false;     }     if (!允许生成状态动态(观察场景, 初始状态, 结果状态)) {         return false;     }     const auto* 初始状态主信息 = 基础信息_ | 动态类.cpp:1041:父场景, 子场景)) {         return false;     }     if (!允许生成状态动态(父场景, 初始状态, 结果状态)) {         return false;     }     const auto* 初始状态主信息 = 基础信息_- | 动态类.h:119:动态 = nullptr,         时间戳 now = 0     );     bool 允许生成状态动态(场景节点类* 场景, 状态节点类* 初始状态, 状态节点类* 结果状态) const noexcept;     bool 允许生成存在动态(场景节点类* 观察
present	因果类::查询因果链	查询因果链	因果类.cpp:1211	6	6	void 因果类::查询因果链( 状态节点类* 目标结果状态, 特征节点类* 目标结果特征, std::uint32_t 最大深度输入, bool 包含未验证路径, std::size_t& 边数量, std::vector<因果模板节点类*>& 来源因果模板, std::vector<std::string>& 缺失证据) const	类别=转换;输入=有自定义类型;输出=bool;副作用=无明显副作用;领域=因果;约束=无显式约束	世界树类.cpp:2908:); }  // 功能：从目标结果状态或目标结果特征回溯现有状态转换因果边。 void 世界树类::查询因果链(     状态节点类* 目标结果状态,     特征节点类* 目标结果特征,     std::uint32_t 最大深度,     bool 包含未验证路径, | 世界树类.cpp:2917:std::vector<std::string>& 缺失证据) const {     因果服务_.查询因果链(         目标结果状态,         目标结果特征,         最大深度,         包含未验证路径,         边数量,     | 世界树类.h:520: std::string& 动作语义键,         bool& 已创建);     void 查询因果链(         状态节点类* 目标结果状态,         特征节点类* 目标结果特征,         std::uint32_t 最大深度,       | 因果类.cpp:1778:ut; }  // 功能：从目标结果状态或目标结果特征回溯现有状态转换因果边。 void 因果类::查询因果链(     状态节点类* 目标结果状态,     特征节点类* 目标结果特征,     std::uint32_t 最大深度输入,     bool 包含未验证路 | 因果类.h:137:状态或目标结果特征回溯现有状态转换因果边，填充调用方提供的只读结果，不写世界树。     void 查询因果链(         状态节点类* 目标结果状态,         特征节点类* 目标结果特征,         std::uint32_t 最大深度,       | 自我线程模块.impl.cpp:9203:;     std::vector<std::string> 因果链缺失证据{};     世界树.查询因果链(         目标状态,         投影目标特征类型,         因果链最大深度,         允许未验证路径,         因果链边数
present	因果类::查询叶子任务目标投影层级	查询叶子任务目标投影层级	因果类.cpp:1319	6	6	结构_叶子任务因果投影预判 因果类::查询叶子任务目标投影层级( const 结构_叶子任务因果投影输入& 输入) const	类别=执行;输入=有自定义类型;输出=指针/引用/句柄;副作用=无明显副作用;领域=因果;约束=无显式约束	"世界树类.cpp:2928:缺失证据); }  // 功能：查询叶子任务目标可能落入的结算贡献投影层级。 void 世界树类::查询叶子任务目标投影层级(     任务节点类* 叶子任务,     需求节点类* 来源需求,     基础信息节点类* 目标宿主,     特征节点类* 目标特征类型,     boo | 世界树类.cpp:2940:ing>& 缺失证据,     bool& 是否允许形成D0) const {     因果服务_.查询叶子任务目标投影层级(         叶子任务,         来源需求,         目标宿主,         目标特征类型,         允许未验证路径,      | 世界树类.h:528:  std::vector<std::string>& 缺失证据) const;     void 查询叶子任务目标投影层级(         任务节点类* 叶子任务,         需求节点类* 来源需求,         基础信息节点类* 目标宿主,         特征节点类* | 因果类.cpp:1886:到命中目标的因果链"");     } }  // 功能：按函数名执行对应处理。 void 因果类::查询叶子任务目标投影层级(     任务节点类* 叶子任务,     需求节点类* 来源需求,     基础信息节点类* 目标宿主,     特征节点类* 目标特征类型,     boo | 因果类.h:149:// 对应哪个结算贡献层级。本函数只给出候选数量、层级集和缺失证据，不执行结算。     void 查询叶子任务目标投影层级(         任务节点类* 叶子任务,         需求节点类* 来源需求,         基础信息节点类* 目标宿主,         特征节点类* | 自我线程模块.impl.cpp:2915:   auto* 目标特征类型 = 私有_需求目标特征节点_线程侧(来源需求);      世界树.查询叶子任务目标投影层级(         reinterpret_cast<任务节点类*>(任务头),         reinterpret_cast<需求节点类*>(来源需求), "
present	因果类::查询自检原子目标投影	查询自检原子目标投影	因果类.cpp:1401	6	6	结构_自检原子目标因果投影结果 因果类::查询自检原子目标投影( const 结构_自检原子目标因果投影输入& 输入) const	类别=执行;输入=有自定义类型;输出=指针/引用/句柄;副作用=无明显副作用;领域=因果;约束=无显式约束	世界树类.cpp:2954: }  // 功能：查询自检原子目标的状态转换因果投影、来源因果和缺失证据。 void 世界树类::查询自检原子目标投影(     任务节点类* 固定来源任务,     需求节点类* 固定来源需求,     基础信息节点类* 目标宿主,     特征节点类* 目标特征类型,     | 世界树类.cpp:2965:std::vector<std::string>& 缺失证据) const {     因果服务_.查询自检原子目标投影(         固定来源任务,         固定来源需求,         目标宿主,         目标特征类型,         目标特征类型词,  | 世界树类.h:539:g>& 缺失证据,         bool& 是否允许形成D0) const;     void 查询自检原子目标投影(         任务节点类* 固定来源任务,         需求节点类* 固定来源需求,         基础信息节点类* 目标宿主,         特征 | 因果类.cpp:1979: }         }     } }  // 功能：按函数名执行对应处理。 void 因果类::查询自检原子目标投影(     任务节点类* 固定来源任务,     需求节点类* 固定来源需求,     基础信息节点类* 目标宿主,     特征节点类* 目标特征类型,     | 因果类.h:164:     // 只按固定来源和原子目标查询状态转换因果投影、来源因果和缺失证据。     void 查询自检原子目标投影(         任务节点类* 固定来源任务,         需求节点类* 固定来源需求,         基础信息节点类* 目标宿主,         特征 | 自我线程模块.impl.cpp:9190:     std::vector<std::string> 自检投影缺失证据{};     世界树.查询自检原子目标投影(         固定来源任务,         固定来源需求,         目标宿主,         投影目标特征类型,         目标特征类型,
present	因果类::追加证据动态样本	追加证据动态样本	因果类.cpp:1886	6	6	bool 因果类::追加证据动态样本(因果模板节点类* 节点, 动态节点类* 证据动态)	类别=比较;输入=有自定义类型;输出=bool;副作用=无明显副作用;领域=因果;约束=无显式约束	因果类.cpp:1694:;         }         if (证据动态) {             (void)追加证据动态样本(模板节点, 证据动态);         }         return 模板节点;     }      auto* 新主信息 = new 因果主信息类() | 因果类.cpp:1715:  }     已创建 = true;     if (证据动态) {         (void)追加证据动态样本(新模板, 证据动态);     }     return 新模板; }  // 功能：按条件特征查询抽象因果模板，不创建或修改因果节点。 std::vector | 因果类.cpp:2349:to 状态证据动态追加开始 = 私有_因果阶段当前时间点();         已追加证据动态 = 追加证据动态样本(状态变化关系, 动态节点) || 已追加证据动态;             if (auto* 模板信息 = 取模板主信息(状态变化关系)) {         | 因果类.cpp:2412:作证据动态追加开始 = 私有_因果阶段当前时间点();             已追加证据动态 = 追加证据动态样本(动作致变关系, 动态节点) || 已追加证据动态;             if (auto* 模板信息 = 取模板主信息(动作致变关系)) {         | 因果类.cpp:2505:urn out; }  // 功能：为生成因果信息命中的现有模板追加证据动态。 bool 因果类::追加证据动态样本(因果模板节点类* 节点, 动态节点类* 证据动态) {     auto* m = 取模板主信息(节点);     if (!m || !证据动态) retur | 因果类.h:196:* 主信息);      // 功能：为生成因果信息命中的现有模板追加证据动态。     bool 追加证据动态样本(因果模板节点类* 节点, 动态节点类* 证据动态);      // 功能：内部生成或命中因果模板，并返回公开入口使用的首选模板。     因果模板节点类* 私
present	因果类::查找匹配因果模板	查找匹配因果模板	因果类.cpp:1934	6	6	std::vector<因果模板节点类*> 因果类::查找匹配因果模板( 枚举_因果锚点类型 锚点类型, std::uint32_t 状态层级, const std::vector<二次特征节点类*>& 条件候选, const std::vector<二次特征节点类*>& 结果候选) const	类别=比较;输入=有自定义类型;输出=指针/引用/句柄;副作用=无明显副作用;领域=因果;约束=无显式约束	世界树类.cpp:2812:二次特征条件和结果候选查找匹配的因果模板。 std::vector<因果模板节点类*> 世界树类::查找匹配因果模板(     枚举_因果锚点类型 锚点类型,     std::uint32_t 状态层级,     const std::vector<二次特征节点类*>& 条件 | 世界树类.cpp:2818::vector<二次特征节点类*>& 结果候选) const {     return 因果服务_.查找匹配因果模板(锚点类型, 状态层级, 条件候选, 结果候选); }  // 功能：读取因果动作来源的方法模板和动作语义，不创建或修改节点。 void 世界树类::查询因果动作 | 世界树类.h:480:nst 因果模板节点类* 模板) const;     std::vector<因果模板节点类*> 查找匹配因果模板(         枚举_因果锚点类型 锚点类型,         std::uint32_t 状态层级,         const std::vector<二 | 二次特征应用模块.ixx:2087:有_二次特征阶段时间点();             const auto 命中模板 = 世界树->查找匹配因果模板(                 枚举_因果锚点类型::场景,                 匹配来源动态层级,                 条件候选,  | 因果类.cpp:2554:// 功能：按条件查找目标对象、方法或事实。 std::vector<因果模板节点类*> 因果类::查找匹配因果模板(     枚举_因果锚点类型 锚点类型,     std::uint32_t 状态层级,     const std::vector<二次特征节点类*>& 条件 | 因果类.h:182: 结果候选) const noexcept;      std::vector<因果模板节点类*> 查找匹配因果模板(         枚举_因果锚点类型 锚点类型,         std::uint32_t 状态层级,         const std::vector<二
present	因果类::生成抽象因果自然语言	生成抽象因果自然语言	因果类.cpp:1952	6	6	std::string 因果类::生成抽象因果自然语言(const 因果模板节点类* 节点) const	类别=生成;输入=有自定义类型;输出=文本;副作用=无明显副作用;领域=因果;约束=无显式约束	"世界树类.cpp:2806:}  // 功能：把因果模板转换为基础命名显示使用的自然语言。 std::string 世界树类::生成抽象因果自然语言(const 因果模板节点类* 模板) const {     return 因果服务_.生成抽象因果自然语言(模板); }  // 功能：按二次特征条件和结果候 | 世界树类.cpp:2808:果自然语言(const 因果模板节点类* 模板) const {     return 因果服务_.生成抽象因果自然语言(模板); }  // 功能：按二次特征条件和结果候选查找匹配的因果模板。 std::vector<因果模板节点类*> 世界树类::查找匹配因果模板(     枚 | 世界树类.h:479:onst 基础信息节点类* 节点) const noexcept;     std::string 生成抽象因果自然语言(const 因果模板节点类* 模板) const;     std::vector<因果模板节点类*> 查找匹配因果模板(         枚举_因果锚点类型  | 因果类.cpp:2572: }  // 功能：把因果模板转换为基础命名显示使用的自然语言。 std::string 因果类::生成抽象因果自然语言(const 因果模板节点类* 节点) const {     auto* m = 取模板主信息(节点);     if (!m) return {};      | 因果类.h:189:     // 功能：把因果模板转换为基础命名显示使用的自然语言。     std::string 生成抽象因果自然语言(const 因果模板节点类* 节点) const;  private:     // 功能：创建内部因果模板节点；外部新增因果信息统一使用生成因果信息。     | 语言类_基础信息命名.cpp:207:""因果信息"") return 名称;          const auto 自然语言 = 世界树.生成抽象因果自然语言(static_cast<const 因果模板节点类*>(节点));         if (!自然语言.empty()) return 自然语言;       "
present	基础信息类::私有_节点在范围内	私有_节点在范围内	基础信息类.cpp:318	6	6	bool 基础信息类::私有_节点在范围内(const 节点类* 范围根, const 节点类* 候选节点) noexcept	类别=未分类;输入=有自定义类型;输出=bool;副作用=无明显副作用;领域=基础信息;约束=noexcept	基础信息类.cpp:241:   auto* 节点 = static_cast<节点类*>(it);         if (!私有_节点在范围内(范围根, 节点)) continue;         if (私有_主信息引用语素入口节点(节点->主信息, 入口节点)) {             out | 基础信息类.cpp:339:return false; }  // 功能：服务所在模块的内部辅助流程。 bool 基础信息类::私有_节点在范围内(const 节点类* 范围根, const 节点类* 候选节点) noexcept {     if (!范围根) return true;     for ( | 基础信息类.h:85:息, const 语素入口节点类* 入口节点) noexcept;     static bool 私有_节点在范围内(const 节点类* 范围根, const 节点类* 候选节点) noexcept;      void 私有_清理主信息_已加锁() noexcept; }; | 存在类.cpp:199:turn 结果;     }      // 功能：服务所在模块的内部辅助流程。     bool 私有_节点在范围内(const 基础信息节点类* 范围根, const 基础信息节点类* 候选节点) noexcept     {         if (!范围根) return | 存在类.cpp:295:  && 是存在节点(节点)         && 是存在节点(存在概念根)         && 私有_节点在范围内(存在概念根, 节点); }  // 功能：判断存在节点是否为实例存在，不创建或修改节点。 bool 存在类::是实例存在(const 存在节点类* 节点, co | 存在类.cpp:690: 候选 : 枚举全部存在()) {         if (!候选 || 候选 == 概念 || !私有_节点在范围内(范围根, 候选)) {             continue;         }         if (存在包含概念(候选, 概念)) {
present	基础信息类::获取名称	获取名称	基础信息类.cpp:328	6	6	std::string 基础信息类::获取名称(const 节点类* 节点) const	类别=读取;输入=有自定义类型;输出=文本;副作用=无明显副作用;领域=基础信息;约束=无显式约束	世界树类.cpp:1289:se; }  // 功能：读取并返回指定对象、状态或运行材料。 std::string 世界树类::获取名称(const 基础信息节点类* 节点) const {     return 基础信息链_.获取名称(节点); }  // 功能：把当前世界树本体重写到 SQL  | 世界树类.cpp:1291:获取名称(const 基础信息节点类* 节点) const {     return 基础信息链_.获取名称(节点); }  // 功能：把当前世界树本体重写到 SQL Server 查询投影。 bool 世界树类::重写世界树SQL投影(const char* 来源原 | 世界树类.h:100:链_.枚举节点_按类型<T主信息>().size();     }     std::string 获取名称(const 基础信息节点类* 节点) const;     // 功能：把当前世界树本体重写到 SQL Server 查询投影。     bool 重写世界树S | 基础信息类.cpp:349:e; }  // 功能：读取并返回指定对象、状态或运行材料。 std::string 基础信息类::获取名称(const 节点类* 节点) const {     return 语言集.获取基础信息名称(节点); }  // 功能：创建并返回或登记对应对象。 存在节点类 | 基础信息类.h:31:std::vector<节点类*> 枚举全部节点() const;     std::string 获取名称(const 节点类* 节点) const;     存在节点类* 取或创建存在概念根();      // 语素/基础信息整合入口：     // - 一个语素 | 自我线程模块.impl.cpp:14995:;                 }                 auto 名称 = 世界树.获取名称(reinterpret_cast<基础信息节点类*>(概念集[i]));                 if (名称.empty() && 概念集[i]) {
present	状态类::是否当前活动状态	是否当前活动状态	状态类.cpp:573	6	6	bool 状态类::是否当前活动状态(const 场景节点类* 场景, const 状态节点类* 节点) const	类别=执行;输入=有自定义类型;输出=bool;副作用=无明显副作用;领域=全局通用候选;约束=无显式约束	世界树类.cpp:2536:}  // 功能：判断指定状态是否仍是场景中同主体同特征口径的当前活动状态。 bool 世界树类::是否当前活动状态(const 场景节点类* 场景, const 状态节点类* 节点) const {     return 状态服务_.是否当前活动状态(场景, 节点); }   | 世界树类.cpp:2538:点类* 场景, const 状态节点类* 节点) const {     return 状态服务_.是否当前活动状态(场景, 节点); }  // 功能：读取状态清理最近问题快照，不修改状态索引。 结构_状态清理问题快照 世界树类::读取最近清理问题快照() const {   | 世界树类.h:393:r<状态节点类*> 获取场景状态(const 场景节点类* 场景) const;     bool 是否当前活动状态(const 场景节点类* 场景, const 状态节点类* 节点) const;     结构_状态清理问题快照 读取最近清理问题快照() const;     | 任务模块.管理工作线程.ixx:1476:             continue;         }         if (!世界树.是否当前活动状态(场景, 状态)) {             continue;         }         return 状态;     }     return n | 状态类.cpp:580:);     return out; }  // 功能：按函数名执行对应处理。 bool 状态类::是否当前活动状态(const 场景节点类* 场景, const 状态节点类* 节点) const {     if (!基础信息_ || !场景 || !节点) return f | 状态类.h:132:r<状态节点类*> 获取场景状态(const 场景节点类* 场景) const;     bool 是否当前活动状态(const 场景节点类* 场景, const 状态节点类* 节点) const;     std::uint64_t 统计状态引用数量(const 状态节点类*
present	状态类::统计状态引用数量	统计状态引用数量	状态类.cpp:603	6	6	std::uint64_t 状态类::统计状态引用数量(const 状态节点类* 节点) const	类别=执行;输入=有自定义类型;输出=整数/时间;副作用=无明显副作用;领域=全局通用候选;约束=无显式约束	二次特征类.cpp:441:; }  // 功能：统计二次特征中引用指定状态的次数。 std::uint64_t 二次特征类::统计状态引用数量(const 状态节点类* 状态) const noexcept {     if (!基础信息_ || !状态) return 0;      std::uin | 二次特征类.h:76:t;      // 功能：统计二次特征中引用指定状态的次数。     std::uint64_t 统计状态引用数量(const 状态节点类* 状态) const noexcept;      // 功能：读取二次特征差值，不创建或修改节点。     static bool 读 | 状态类.cpp:606:n 在活动索引中; }  // 功能：按函数名执行对应处理。 std::uint64_t 状态类::统计状态引用数量(const 状态节点类* 节点) const {     if (!基础信息_ || !节点) return 0;      std::uint64_t 数量  | 状态类.cpp:618:;     }     二次特征类 二次特征服务(基础信息_);     数量 += 二次特征服务.统计状态引用数量(节点);     return 数量; }  // 功能：清理缓存、临时状态或运行资源。 bool 状态类::可从活动状态链清理(const 场景节点类* 场景 | 状态类.cpp:762:节点 = 私有_解析状态引用(基础信息_, 项);             if (状态节点 && 统计状态引用数量(状态节点) > 0) {                 ++被引用状态数量;             }         }          std::os | 状态类.h:133:点类* 场景, const 状态节点类* 节点) const;     std::uint64_t 统计状态引用数量(const 状态节点类* 节点) const;     bool 可从活动状态链清理(const 场景节点类* 场景, const 状态节点类* 节点) con
present	状态类::读取最近清理问题快照	读取最近清理问题快照	状态类.cpp:856	6	6	结构_状态清理问题快照 状态类::读取最近清理问题快照() const	类别=读取;输入=有自定义类型;输出=其他;副作用=无明显副作用;领域=全局通用候选;约束=无显式约束	世界树类.cpp:2542: }  // 功能：读取状态清理最近问题快照，不修改状态索引。 结构_状态清理问题快照 世界树类::读取最近清理问题快照() const {     return 状态服务_.读取最近清理问题快照(); }  // 功能：清除状态清理最近问题快照。 void 世界树类::清除最近清 | 世界树类.cpp:2544:理问题快照 世界树类::读取最近清理问题快照() const {     return 状态服务_.读取最近清理问题快照(); }  // 功能：清除状态清理最近问题快照。 void 世界树类::清除最近清理问题快照() noexcept {     状态服务_.清除最近清理问题快 | 世界树类.h:394:景节点类* 场景, const 状态节点类* 节点) const;     结构_状态清理问题快照 读取最近清理问题快照() const;     void 清除最近清理问题快照() noexcept;     bool 绑定状态主体特征(状态节点类* 节点, 基础信息节点类* 主 | 状态类.cpp:810: 最大清理数量); }  // 功能：从指定来源读取数据或状态。 结构_状态清理问题快照 状态类::读取最近清理问题快照() const {     std::lock_guard<std::mutex> 锁(清理问题锁_);     return 最近清理问题_; }  // 功 | 状态类.h:156:    std::size_t 最大清理数量 = 0     );     结构_状态清理问题快照 读取最近清理问题快照() const;     void 清除最近清理问题快照() noexcept;     bool 绑定主体特征(状态节点类* 节点, 基础信息节点类* 主体, | 自检线程模块.impl.cpp:1935:    return;         }         const auto 快照 = 世界树.读取最近清理问题快照();         if (快照.需要自检报告) {             const std::string 场景键 = !快照.场景.主键.empty(
present	状态类::清除最近清理问题快照	清除最近清理问题快照	状态类.cpp:863	6	6	void 状态类::清除最近清理问题快照() noexcept	类别=未分类;输入=有自定义类型;输出=void;副作用=无明显副作用;领域=全局通用候选;约束=noexcept	世界树类.cpp:2548:_.读取最近清理问题快照(); }  // 功能：清除状态清理最近问题快照。 void 世界树类::清除最近清理问题快照() noexcept {     状态服务_.清除最近清理问题快照(); }  // 功能：绑定状态节点的主体和特征引用。 bool 世界树类::绑定状态主体特 | 世界树类.cpp:2550:题快照。 void 世界树类::清除最近清理问题快照() noexcept {     状态服务_.清除最近清理问题快照(); }  // 功能：绑定状态节点的主体和特征引用。 bool 世界树类::绑定状态主体特征(状态节点类* 节点, 基础信息节点类* 主体, 特征节点类* 特 | 世界树类.h:395:nst;     结构_状态清理问题快照 读取最近清理问题快照() const;     void 清除最近清理问题快照() noexcept;     bool 绑定状态主体特征(状态节点类* 节点, 基础信息节点类* 主体, 特征节点类* 特征);     bool 写入状态值 | 状态类.cpp:817:eturn 最近清理问题_; }  // 功能：清理缓存、临时状态或运行资源。 void 状态类::清除最近清理问题快照() noexcept {     std::lock_guard<std::mutex> 锁(清理问题锁_);     最近清理问题_ = {}; }  //  | 状态类.h:157:  );     结构_状态清理问题快照 读取最近清理问题快照() const;     void 清除最近清理问题快照() noexcept;     bool 绑定主体特征(状态节点类* 节点, 基础信息节点类* 主体, 特征节点类* 特征);     bool 写入状态值(状 | 自检线程模块.impl.cpp:1966:               ++本轮报告型提交;                     世界树.清除最近清理问题快照();                     {                         std::lock_guard<std::mutex> 锁(状
present	状态类::写入状态值	写入状态值	状态类.cpp:922	6	6	bool 状态类::写入状态值(状态节点类* 节点, const 特征值& 值, 时间戳 发生时间, 时间戳 收到时间)	类别=写入;输入=有自定义类型;输出=bool;副作用=无明显副作用;领域=全局通用候选;约束=无显式约束	世界树类.cpp:2560:点, 主体, 特征); }  // 功能：写入状态节点的状态值和可选时间戳。 bool 世界树类::写入状态值(状态节点类* 节点, const 特征值& 值, 时间戳 发生时间, 时间戳 收到时间) {     return 状态服务_.写入状态值(节点, 值, 发生时 | 世界树类.cpp:2562:st 特征值& 值, 时间戳 发生时间, 时间戳 收到时间) {     return 状态服务_.写入状态值(节点, 值, 发生时间, 收到时间); }  // 功能：读取状态节点主信息，不创建或修改节点。 状态节点主信息类* 世界树类::取状态主信息(状态节点类* 节 | 世界树类.h:397:主体特征(状态节点类* 节点, 基础信息节点类* 主体, 特征节点类* 特征);     bool 写入状态值(         状态节点类* 节点,         const 特征值& 值,         时间戳 发生时间 = 0,         时间戳 收到时间 | 状态类.cpp:838:eturn true; }  // 功能：把处理结果写入指定对象、场景或日志。 bool 状态类::写入状态值(状态节点类* 节点, const 特征值& 值, 时间戳 发生时间, 时间戳 收到时间) {     auto* 主信息 = 取状态主信息(节点);     i | 状态类.h:159:主体特征(状态节点类* 节点, 基础信息节点类* 主体, 特征节点类* 特征);     bool 写入状态值(状态节点类* 节点, const 特征值& 值, 时间戳 发生时间 = 0, 时间戳 收到时间 = 0);     // 仅写入状态节点上的显示缓存；权威变化关 | 自我线程模块.impl.cpp:10268:oid)世界树.绑定状态主体特征(状态节点, 自我存在, 特征节点);     (void)世界树.写入状态值(状态节点, 特征值{ 状态值 }, now, now);     (void)世界树.标记状态变化(状态节点, 已变化 && !是否目标状态);     con
present	自我类::根目标安全值	根目标安全值	自我类.cpp:1031	6	6	I64 自我类::根目标安全值() const noexcept	类别=执行;输入=有自定义类型;输出=整数/时间;副作用=无明显副作用;领域=自我;约束=noexcept	自我动作实现模块.ixx:12570:成度百万分比);             if (安全增量 > 0 && 旧安全值 < 自我对象->根目标安全值()) {                 新安全值 = (std::min<I64>)(旧安全值 + 安全增量, 自我对象->根目标安全值());        | 自我动作实现模块.ixx:12571:        新安全值 = (std::min<I64>)(旧安全值 + 安全增量, 自我对象->根目标安全值());                 if (新安全值 != 旧安全值                     && 自我对象->写入自我I64特征当前值(特 | 自我类.cpp:991:ory_order_acquire); }  // 功能：按函数名执行对应处理。 I64 自我类::根目标安全值() const noexcept {     return 生命值上限_(); }  // 功能：按函数名执行对应处理。 I64 自我类::根目标服务值() c | 自我类.cpp:1005:自我类::安全根方向差值() const noexcept {     return 私有_饱和减(根目标安全值(), 获取安全值()); }  // 功能：按函数名执行对应处理。 I64 自我类::时序正向步长() const noexcept {     return  | 自我类.ixx:142:xcept;     bool 是否待机状态() const noexcept;      I64 根目标安全值() const noexcept;     I64 根目标服务值() const noexcept;     I64 安全根方向差值() const noexc | 自我线程模块.消息批次执行器.ixx:243:全差额 = 自我对象.安全根方向差值();     const auto 目标安全值 = 自我对象.根目标安全值();     if (自我对象.获取物理安全值() <= 0 || 自我对象.获取风险安全值() <= 0) {         return 枚举_任务管理根
present	自我类::创建自检I64原子状态	创建自检I64原子状态	自我类.cpp:1137	6	6	状态节点类* 自我类::创建自检I64原子状态( 场景节点类* 场景, 基础信息节点类* 主体, const 语素入口节点类* 特征类型, I64 状态值, 时间戳 now) noexcept	类别=构造;输入=有自定义类型;输出=整数/时间;副作用=无明显副作用;领域=自我;约束=noexcept	自我类.cpp:1097:节点, 指针值, now); }  // 功能：创建并返回或登记对应对象。 状态节点类* 自我类::创建自检I64原子状态(     场景节点类* 场景,     基础信息节点类* 主体,     const 语素入口节点类* 特征类型,     I64 状态值,     时间戳 n | 自我类.ixx:173:ow = 结构体_时间戳::当前_微秒()     ) noexcept;      状态节点类* 创建自检I64原子状态(         场景节点类* 场景,         基础信息节点类* 主体,         const 语素入口节点类* 特征类型,         I6 | 自检线程模块.impl.cpp:817:now : 结构体_时间戳::当前_微秒();         auto* 当前状态节点 = 自我.创建自检I64原子状态(             自检场景,             reinterpret_cast<基础信息节点类*>(结果.自我存在),              | 自检线程模块.impl.cpp:826:      return;         }         auto* 目标状态节点 = 自我.创建自检I64原子状态(             自检场景,             reinterpret_cast<基础信息节点类*>(结果.自我存在),              | 自检线程模块.impl.cpp:1154:now : 结构体_时间戳::当前_微秒();         auto* 当前状态节点 = 自我.创建自检I64原子状态(             自检场景,             reinterpret_cast<基础信息节点类*>(方法虚拟存在),             特 | 自检线程模块.impl.cpp:1160:  当前值,             状态时间);         auto* 目标状态 = 自我.创建自检I64原子状态(             自检场景,             reinterpret_cast<基础信息节点类*>(方法虚拟存在),             特
present	自我类::获取安全根任务	获取安全根任务	自我类.cpp:1269	6	6	任务类::节点类* 自我类::获取安全根任务() const noexcept	类别=读取;输入=有自定义类型;输出=指针/引用/句柄;副作用=无明显副作用;领域=自我;约束=noexcept	"自我类.cpp:1229:   }); }  // 功能：读取并返回指定对象、状态或运行材料。 任务类::节点类* 自我类::获取安全根任务() const noexcept {     auto* 自我存在 = 世界树.自我指针;     if (!自我存在) return nullptr;     | 自我类.ixx:191:需求类::节点类* 获取服务根需求() const noexcept;     任务类::节点类* 获取安全根任务() const noexcept;     任务类::节点类* 获取服务根任务() const noexcept;      需求类::节点类* 获取当前主需求 | 自我类.初始化.cpp:197:对象.获取服务根需求() != nullptr;         结果.根任务已就绪 = 自我对象.获取安全根任务() != nullptr && 自我对象.获取服务根任务() != nullptr;         结果.根任务允许延后 = true;         结果 | 自我线程模块.impl.cpp:6748:auto* 来源需求 = 自我对象.获取安全根需求();     auto* 任务头 = 自我对象.获取安全根任务();     auto 记录跳过 = [&](const std::string& 原因) noexcept {         结果.已跳过 = true;  | 自我线程模块.impl.cpp:9178:候选局部来源线索_线程侧(自我对象, 候选);     auto* 固定来源任务节点 = 自我对象.获取安全根任务();     auto* 固定来源任务 = reinterpret_cast<任务节点类*>(固定来源任务节点);     auto* 固定来源需求 = 自我对 | 自检线程模块.impl.cpp:164:(""安全根需求已截止"");         }          auto* 安全根任务 = 自我.获取安全根任务();         if (!安全根任务) {             追加缺项(""安全根任务来源锚点不可读"");         } else if (安全"
present	自我类::设置当前主需求	设置当前主需求	自我类.cpp:1325	6	6	bool 自我类::设置当前主需求(需求类::节点类* 节点, 时间戳 now) noexcept	类别=未分类;输入=有自定义类型;输出=bool;副作用=无明显副作用;领域=自我;约束=noexcept	自我类.cpp:1285:类::节点类*>(指针值); }  // 功能：设置对象字段、状态或运行参数。 bool 自我类::设置当前主需求(需求类::节点类* 节点, 时间戳 now) noexcept {     return 私有_记录自我指针状态(         *this,         | 自我类.cpp:2211:前主需求候选_();         if (当前主需求) {             (void)设置当前主需求(当前主需求, now);         }     }  }  // 功能：确保目标结构、状态或前置条件存在并可用。 需求类::节点类* 自我类::确保根需求 | 自我类.ixx:198:    方法类::节点类* 获取当前主方法() const noexcept;      bool 设置当前主需求(         需求类::节点类* 节点,         时间戳 now = 结构体_时间戳::当前_微秒()     ) noexcept;     bo | 自我线程模块.impl.cpp:14632:任务来源需求_线程侧(当前主任务)) {                     (void)自我.设置当前主需求(                         当前主需求,                         now);                 }  | 自我线程模块.impl.cpp:17175:     }     }      if (当前主需求有效) {         (void)自我.设置当前主需求(             当前主需求,             上下文->当前时间);     } else {         (void)自我.设置当前主需 | 自我线程模块.impl.cpp:17179:        上下文->当前时间);     } else {         (void)自我.设置当前主需求(             nullptr,             上下文->当前时间);     }     if (当前主任务 && 当前主需求有效) {
present	自我类::统计结构可用方法数量	统计结构可用方法数量	自我类.cpp:1764	6	6	I64 自我类::统计结构可用方法数量() const noexcept	类别=执行;输入=有自定义类型;输出=整数/时间;副作用=无明显副作用;领域=自我;约束=noexcept	自我类.cpp:1724:态链。     return 已变化; }  // 功能：按函数名执行对应处理。 I64 自我类::统计结构可用方法数量() const noexcept {     auto* 自我存在 = const_cast<存在节点类*>(获取自我存在());     auto* 方法根节 | 自我类.ixx:268:间戳 now = 结构体_时间戳::当前_微秒()     ) noexcept;     I64 统计结构可用方法数量() const noexcept;     bool 同步可用方法数量镜像(         I64 统计数量,         时间戳 now = 结构体_时 | 自我类.初始化.cpp:315:      (void)自我对象.同步可用方法数量镜像(                 自我对象.统计结构可用方法数量(),                 结构体_时间戳::当前_微秒());             return 本能方法类::默认自我本能方法已注册(自我对象 | 自检线程模块.impl.cpp:1096:取主键();     }      // 功能：服务所在模块的内部辅助流程。     I64 私有_统计结构可用方法数量() noexcept     {         return 自我.统计结构可用方法数量();     }      // 功能：服务所在模块的内部辅助流程。 | 自检线程模块.impl.cpp:1098: 私有_统计结构可用方法数量() noexcept     {         return 自我.统计结构可用方法数量();     }      // 功能：服务所在模块的内部辅助流程。     bool 私有_是否去重抑制中(         std::unordered_m | 自检线程模块.impl.cpp:2064:I64 当前可用方法数量 = 0;         const I64 统计可用方法数量 = 私有_统计结构可用方法数量();         if (自我.读取自我I64特征当前值(                 自我特征定义类::类型_自我_可用方法数量(),
present	自我类::评估根需求压力	评估根需求压力	自我类.cpp:1861	6	6	结构_自我根需求压力评估 自我类::评估根需求压力() const noexcept	类别=未分类;输入=有自定义类型;输出=其他;副作用=无明显副作用;领域=自我;约束=noexcept	自我类.cpp:1821:s_; }  // 功能：评估状态、风险、质量、权重或完成度。 结构_自我根需求压力评估 自我类::评估根需求压力() const noexcept {     const auto 饱和压力 = [](I64 差值, I64 权重) noexcept -> I64 {    | 自我类.cpp:2364:选择当前主需求候选_() const noexcept {     const auto 评估 = 评估根需求压力();     if (评估.安全压力 <= 0 && 评估.服务压力 <= 0) {         return nullptr;     }     ret | 自我类.ixx:281:_根任务权重& 根任务权重() const noexcept;      结构_自我根需求压力评估 评估根需求压力() const noexcept;      static 自我类* 当前活动自我() noexcept;  private:     static const | 自我类.初始化.cpp:56:我对象) noexcept     {         const auto 根压力 = 自我对象.评估根需求压力();         return 根压力.安全压力 <= 0 && 根压力.服务压力 <= 0;     }      template<class T函数> | 自我线程模块.impl.cpp:11834:_记录抽象根特征定义读取快照_线程侧();     const auto 根压力评估 = 自我对象.评估根需求压力();     auto* 安全根需求 = 自我对象.获取安全根需求();     auto* 服务根需求 = 自我对象.获取服务根需求();     auto* | 自我线程模块.impl.cpp:12045:t 自我类& 自我对象) noexcept {     const auto 根压力 = 自我对象.评估根需求压力();     if (根压力.安全压力 <= 0 && 根压力.服务压力 <= 0) {         return nullptr;     }     r
present	自我类::服务低位阈值_	服务低位阈值_	自我类.cpp:1924	6	6	constexpr I64 自我类::服务低位阈值_() noexcept	类别=执行;输入=有自定义类型;输出=整数/时间;副作用=无明显副作用;领域=自我;约束=noexcept+constexpr	自我类.cpp:1884:::max)(); }  // 功能：按函数名执行对应处理。 constexpr I64 自我类::服务低位阈值_() noexcept {     return 私有_百分比值(生命值上限_(), 50); }  // 功能：按函数名执行对应处理。 constexpr I6 | 自我类.cpp:2430:有_饱和加(步长, 服务值 - 服务高位阈值);     }     else if (服务值 < 服务低位阈值_()) {         const I64 压制值 = 服务低位阈值_() - 服务值;         步长 = 步长 > 压制值 ? (步长 - 压制值) | 自我类.cpp:2431:se if (服务值 < 服务低位阈值_()) {         const I64 压制值 = 服务低位阈值_() - 服务值;         步长 = 步长 > 压制值 ? (步长 - 压制值) : 1;     }     return (std::max<I64> | 自我类.cpp:2441:值) const noexcept {     I64 步长 = 1;     if (服务值 < 服务低位阈值_()) {         步长 = 私有_饱和加(步长, 服务低位阈值_() - 服务值);     }     else if (服务值 > 服务高位阈值_( | 自我类.cpp:2442:   if (服务值 < 服务低位阈值_()) {         步长 = 私有_饱和加(步长, 服务低位阈值_() - 服务值);     }     else if (服务值 > 服务高位阈值_()) {         const I64 压制值 = 服务值 - 服务 | 自我类.ixx:287:r I64 生命值上限_() noexcept;     static constexpr I64 服务低位阈值_() noexcept;     static constexpr I64 服务高位阈值_() noexcept;     static constexpr I6
present	自我类::服务高位阈值_	服务高位阈值_	自我类.cpp:1930	6	6	constexpr I64 自我类::服务高位阈值_() noexcept	类别=执行;输入=有自定义类型;输出=整数/时间;副作用=无明显副作用;领域=自我;约束=noexcept+constexpr	自我类.cpp:1890:_(), 50); }  // 功能：按函数名执行对应处理。 constexpr I64 自我类::服务高位阈值_() noexcept {     return 私有_百分比值(生命值上限_(), 80); }  // 功能：按函数名执行对应处理。 constexpr I6 | 自我类.cpp:2408:noexcept {     I64 步长 = 1;     const I64 服务高位阈值 = 服务高位阈值_();     if (服务值 < 服务高位阈值) {         步长 = 私有_饱和加(步长, (服务高位阈值 - 服务值) / 100);     }  | 自我类.cpp:2426:noexcept {     I64 步长 = 1;     const I64 服务高位阈值 = 服务高位阈值_();     if (服务值 > 服务高位阈值) {         步长 = 私有_饱和加(步长, 服务值 - 服务高位阈值);     }     else | 自我类.cpp:2444:和加(步长, 服务低位阈值_() - 服务值);     }     else if (服务值 > 服务高位阈值_()) {         const I64 压制值 = 服务值 - 服务高位阈值_();         步长 = 步长 > 压制值 ? (步长 - 压制值) | 自我类.cpp:2445:(服务值 > 服务高位阈值_()) {         const I64 压制值 = 服务值 - 服务高位阈值_();         步长 = 步长 > 压制值 ? (步长 - 压制值) : 1;     }     return (std::max<I64>)(1, 步 | 自我类.ixx:288: I64 服务低位阈值_() noexcept;     static constexpr I64 服务高位阈值_() noexcept;     static constexpr I64 安全稳定带下限值_() noexcept;     static constexpr
present	自我类::读取自我I64特征当前值_	读取自我I64特征当前值_	自我类.cpp:2501	6	6	I64 自我类::读取自我I64特征当前值_( const 语素入口节点类* 特征类型, I64 缺省值) const noexcept	类别=读取;输入=有自定义类型;输出=整数/时间;副作用=无明显副作用;领域=自我;约束=noexcept	自我类.cpp:938:行材料。 I64 自我类::获取安全值() const noexcept {     return 读取自我I64特征当前值_(         自我特征定义类::类型_自我_安全值(),         生命值上限_() / 4); }  // 功能：读取并返回指定对象、状态或运行材料 | 自我类.cpp:946:行材料。 I64 自我类::获取服务值() const noexcept {     return 读取自我I64特征当前值_(         自我特征定义类::类型_自我_服务值(),         生命值上限_() / 2); }  // 功能：读取并返回指定对象、状态或运行材料 | 自我类.cpp:954:料。 I64 自我类::获取物理安全值() const noexcept {     return 读取自我I64特征当前值_(         自我特征定义类::类型_自我_物理安全(),         生命值上限_()); }  // 功能：读取并返回指定对象、状态或运行材料。 I | 自我类.cpp:962:料。 I64 自我类::获取风险安全值() const noexcept {     return 读取自我I64特征当前值_(         自我特征定义类::类型_自我_风险安全(),         生命值上限_()); }  // 功能：设置对象字段、状态或运行参数。 bool | 自我类.cpp:2452:max<I64>)(1, 步长); }  // 功能：从指定来源读取数据或状态。 I64 自我类::读取自我I64特征当前值_(     const 语素入口节点类* 特征类型,     I64 缺省值) const noexcept {     I64 当前值 = 0;     if  | 自我类.ixx:333: 计算安全减少步长_按服务值_(I64 服务值) const noexcept;      I64 读取自我I64特征当前值_(         const 语素入口节点类* 特征类型,         I64 缺省值     ) const noexcept;      void 安全
present	自我线程类::故障收口_已加锁	故障收口_已加锁	自我线程模块.impl.cpp:18208	6	6	void 自我线程类::故障收口_已加锁(const 时间戳 now, const std::string& 摘要)	类别=执行;输入=有自定义类型;输出=void;副作用=无明显副作用;领域=自我;约束=锁约束	自我线程模块.impl.cpp:14663:k 锁(状态锁_);             旧生命周期 = 生命周期_;             故障收口_已加锁(now, 异常.what());         }         (void)私有_切换自我线程生命周期并上报(             旧生命周期,    | 自我线程模块.impl.cpp:14682:k 锁(状态锁_);             旧生命周期 = 生命周期_;             故障收口_已加锁(now, 摘要);         }         (void)私有_切换自我线程生命周期并上报(             旧生命周期,           | 自我线程模块.impl.cpp:15508:                 捕获前生命周期 = 生命周期_;                 故障收口_已加锁(now, 异常.what());             }             (void)私有_切换自我线程生命周期并上报(               | 自我线程模块.impl.cpp:15527:                 捕获前生命周期 = 生命周期_;                 故障收口_已加锁(now, 摘要);             }             (void)私有_切换自我线程生命周期并上报(                 捕获前生 | 自我线程模块.impl.cpp:17440:     (void)镜像列表; }  // 功能：按函数名执行对应处理。 void 自我线程类::故障收口_已加锁(const 时间戳 now, const std::string& 摘要) {     生命周期_ = 枚举_线程生命周期状态::故障;     健康运行_ = | 自我线程模块.ixx:1027:ept;     void 刷新治理恢复事件镜像_已加锁() noexcept;     void 故障收口_已加锁(时间戳 now, const std::string& 摘要);  private:     mutable std::mutex 状态锁_{};     st
present	语素类::查找信息入口节点_已加锁	查找信息入口节点_已加锁	语素类.cpp:1210	6	6	语素入口节点类* 语素类::查找信息入口节点_已加锁(const 链节点类* 词节点, 枚举_信息入口类型 信息入口类型) const	类别=查找;输入=有自定义类型;输出=指针/引用/句柄;副作用=无明显副作用;领域=语素;约束=锁约束	语素类.cpp:911:入口类型 信息入口类型) const {     读锁守卫 lk(链表锁);     return 查找信息入口节点_已加锁(词节点, 信息入口类型); }  // 功能：按词值和信息入口类型只读查找语素入口节点，不隐式创建词或入口。 语素入口节点类* 语素类::查找信息入口节点(co | 语素类.cpp:920: lk(链表锁);     auto* 词节点 = 查找词_已加锁(词值);     return 查找信息入口节点_已加锁(词节点, 信息入口类型); }  // 功能：按函数名执行对应处理。 语素入口节点类* 语素类::添加词性词(词节点类* 词节点, 枚举_词性 词性) {    | 语素类.cpp:988:);     }      写锁守卫 lk(链表锁);      if (auto* 已有节点 = 查找信息入口节点_已加锁(词节点, 信息入口类型)) {         return 已有节点;     }      auto* 新入口节点 = new 语素入口节点类{};     | 语素类.cpp:1030:主信息)) {         return nullptr;     }      return 查找信息入口节点_已加锁(词节点, 信息入口类型); }  // 功能：根据已有语素入口所属词，取或创建同词下指定信息入口类型。 语素入口节点类* 语素类::取或创建同词信息入口(    | 语素类.cpp:1481: nullptr; }  // 功能：按条件查找目标对象、方法或事实。 语素入口节点类* 语素类::查找信息入口节点_已加锁(const 链节点类* 词节点, 枚举_信息入口类型 信息入口类型) const {     if (!词节点 || !词节点->子 || 信息入口类型 ==  | 语素类.h:136:锁(const 链节点类* 词节点, 枚举_词性 词性值) const;     语素入口节点类* 查找信息入口节点_已加锁(const 链节点类* 词节点, 枚举_信息入口类型 信息入口类型) const;      static std::size_t 私有_UTF8字符长度(un
present	需求类::逻辑组织需求类型_按目标特征类型	逻辑组织需求类型_按目标特征类型	需求类.cpp:1007	6	6	需求类::枚举_逻辑组织需求类型 需求类::逻辑组织需求类型_按目标特征类型( const 语素入口节点类* 目标特征类型) noexcept	类别=执行;输入=有自定义类型;输出=指针/引用/句柄;副作用=无明显副作用;领域=需求;约束=noexcept	"需求类.cpp:1037:模板入口); }  // 功能：按函数名执行对应处理。 需求类::枚举_逻辑组织需求类型 需求类::逻辑组织需求类型_按目标特征类型(     const 语素入口节点类* 目标特征类型) noexcept {     if (!目标特征类型) {         return 枚举_逻辑组织 | 需求类.cpp:1073:     const 语素入口节点类* 目标特征类型) noexcept {     return 逻辑组织需求类型_按目标特征类型(目标特征类型)         != 枚举_逻辑组织需求类型::未定义; }  // 功能：按函数名执行对应处理。 const char* 需求类::逻辑组织目 | 需求类.cpp:1081:    const 语素入口节点类* 目标特征类型) noexcept {     switch (逻辑组织需求类型_按目标特征类型(目标特征类型)) {     case 枚举_逻辑组织需求类型::AND组:         return ""AND组满足状态"";     case 枚举_逻辑 | 需求类.cpp:1100:    const 语素入口节点类* 目标特征类型) noexcept {     switch (逻辑组织需求类型_按目标特征类型(目标特征类型)) {     case 枚举_逻辑组织需求类型::AND组:         return 枚举_需求目标语义::AND组满足;     cas | 需求类.cpp:1188:  视图.语义 = 需求目标语义_按目标特征类型(目标特征类型);     视图.逻辑组织类型 = 逻辑组织需求类型_按目标特征类型(目标特征类型);     视图.语义名称 = 需求目标语义文本(视图.语义);     视图.是逻辑组织目标 = 视图.逻辑组织类型 != 枚举_逻辑组织需求类 | 需求类.h:279:OR组结算令牌目标特征类型() noexcept;      static 枚举_逻辑组织需求类型 逻辑组织需求类型_按目标特征类型(         const 语素入口节点类* 目标特征类型) noexcept;      static bool 目标特征类型是逻辑组织目标(       "
present	需求类::获取需求方向	获取需求方向	需求类.cpp:1872	6	6	二次特征节点类* 需求类::获取需求方向(节点类* 需求节点) const noexcept	类别=读取;输入=有自定义类型;输出=指针/引用/句柄;副作用=无明显副作用;领域=需求;约束=noexcept	"任务模块.筹办.ixx:490: }          需求类 需求服务{};         auto* 方向节点 = 需求服务.获取需求方向(const_cast<需求节点*>(来源需求));         std::int32_t 编码 = 0;         return 二次特征类::读取方 | 任务模块.筹办.ixx:2101:    }          需求类 需求服务{};         结果.目标比较 = 需求服务.获取需求方向(             const_cast<需求节点*>(来源需求));         结果.目标比较已构造 = 结果.目标比较 != nullptr;  | 任务模块.筹办.ixx:4326:    需求类 需求服务{};             if (auto* 目标比较 = 需求服务.获取需求方向(来源需求)) {                 if (auto* 因果 = 查找安全因果风险树来源因果_筹办查询(目标比较)) {              | 自我线程模块.impl.cpp:6789: 结果;     }      需求类 需求服务{};     auto* 目标比较 = 需求服务.获取需求方向(来源需求);     if (!目标比较) {         记录跳过(""目标比较未构造"");         return 结果;     }      s | 需求类.cpp:2338:urn 输出; }  // 功能：读取并返回指定对象、状态或运行材料。 二次特征节点类* 需求类::获取需求方向(节点类* 需求节点) const noexcept {     if (!需求节点) {         return nullptr;     }       | 需求类.h:672:向 = 结果状态 - 初始状态，这里对应 需求状态 - 被需求当前状态。     二次特征节点类* 获取需求方向(节点类* 需求节点) const noexcept;  private:     // 功能：读取并返回指定对象、状态或运行材料。     static 节点类"
present	世界树类::取存在内部世界	取存在内部世界	世界树类.cpp:1937	6	7	场景节点类* 世界树类::取存在内部世界(const 存在节点类* 宿主存在) const noexcept	类别=执行;输入=有自定义类型;输出=指针/引用/句柄;副作用=无明显副作用;领域=世界;约束=noexcept	世界树类.cpp:3251:   return 自我指针; }  // 功能：按函数名执行对应处理。 场景节点类* 世界树类::取存在内部世界(const 存在节点类* 宿主存在) const noexcept {     return 存在服务_.读取内部世界(宿主存在); }  // 功能：创建并返 | 世界树类.cpp:3261:   if (!宿主存在) return nullptr;      if (auto* 现有 = 取存在内部世界(宿主存在)) {         return 现有;     }      const auto* 名称词 = 场景名称 ? 场景名称 : 语素集.添加信息入 | 世界树类.h:618:* 取或创建自我现实场景();     存在节点类* 取或创建自我存在();     场景节点类* 取存在内部世界(const 存在节点类* 宿主存在) const noexcept;     场景节点类* 取或创建存在内部世界(存在节点类* 宿主存在, const 语素入口 | 方法虚拟存在服务类.cpp:364:return nullptr;         }          auto* 场景 = 世界树.取存在内部世界(方法虚拟存在);         if (!场景) {             return nullptr;         }          auto* | 自我动作实现.外设模块.ixx:14069:树.取或创建存在内部世界(目标存在, 名称_存在内部世界())             : 世界树.取存在内部世界(目标存在);          上下文.外设观察报告ID = 读取I64或0(目标节点, 特征_外设观察报告ID());         上下文.外设观察像素簇 | 自我类.cpp:858:* 自我类::获取自我内部世界() const noexcept {     return 世界树.取存在内部世界(世界树.自我指针); }  // 功能：读取并返回指定对象、状态或运行材料。 存在节点类* 自我类::获取自我存在() const noexcept {
present	自我类::获取当前主任务	获取当前主任务	自我类.cpp:1305	6	8	任务类::节点类* 自我类::获取当前主任务() const noexcept	类别=读取;输入=有自定义类型;输出=指针/引用/句柄;副作用=无明显副作用;领域=自我;约束=noexcept	自我类.cpp:1265:(指针值); }  // 功能：读取并返回指定对象、状态或运行材料。 任务类::节点类* 自我类::获取当前主任务() const noexcept {     std::uintptr_t 指针值 = 0;     if (!读取自我指针特征当前值(自我特征定义类::类型_ | 自我类.ixx:195:需求类::节点类* 获取当前主需求() const noexcept;     任务类::节点类* 获取当前主任务() const noexcept;     方法类::节点类* 获取当前主方法() const noexcept;      bool 设置当前主需求(     | 自我线程模块.impl.cpp:3377: {     auto* 当前主任务 = reinterpret_cast<任务节点*>(自我对象.获取当前主任务());     auto* 自我存在 = 自我对象.获取自我存在();     auto* 任务根节点 = 自我存在 ? reinterpret_cast<任务 | 自我线程模块.impl.cpp:14983:  快照.当前任务指针 = reinterpret_cast<std::uintptr_t>(自我.获取当前主任务());     if (auto* 当前任务 = reinterpret_cast<任务节点*>(自我.获取当前主任务())) {         if (au | 自我线程模块.impl.cpp:14984:;     if (auto* 当前任务 = reinterpret_cast<任务节点*>(自我.获取当前主任务())) {         if (auto* 任务虚拟存在 = 私有_取任务虚拟存在_任务管理新链(当前任务)) {             快照.当前任务虚 | 自我线程模块.消息批次执行器.ixx:316:o* 当前主需求 = 自我对象.获取当前主需求();     auto* 当前主任务 = 自我对象.获取当前主任务();      根节点.任务根ID = 当前主任务         ? static_cast<std::uint64_t>(reinterpret_cast<
present	基础信息类::添加节点	添加节点	基础信息类.cpp:43	6	15	基础信息类::节点类* 基础信息类::添加节点(节点类* 位置节点, 基础信息基类* 主信息)	类别=执行;输入=有自定义类型;输出=指针/引用/句柄;副作用=无明显副作用;领域=基础信息;约束=无显式约束	"双向链表模板核心.h:277:return 新节点;     }      // 功能：按函数名执行对应处理。     节点类* 添加节点(节点类* 位置节点, 节点类* 新节点)     {         写锁守卫 lock(链表锁);         return 添加节点_已加锁(位置节点, | 双向链表模板核心.h:292:位置节点, 新节点);     }      // 功能：按函数名执行对应处理。     节点类* 添加节点(节点类* 位置节点, 主信息类型 主信息)     {         写锁守卫 lock(链表锁);         return 添加节点_已加锁(位置节点 | 基础信息类.cpp:64:类*>(根指针); }  // 功能：按函数名执行对应处理。 基础信息类::节点类* 基础信息类::添加节点(节点类* 位置节点, 基础信息基类* 主信息) {     if (鱼巢_不允许空指(主信息, ""基础信息类/添加节点/主信息缺失"")) return null | 基础信息类.cpp:68: ? 位置节点 : 世界根();     return static_cast<节点类*>(基类::添加节点(pos, 主信息)); }  // 功能：按函数名执行对应处理。 基础信息类::节点类* 基础信息类::添加子节点(节点类* 父节点, 基础信息基类* 主信息) | 基础信息类.h:24:d 初始化();      节点类* 世界根() const noexcept;     节点类* 添加节点(节点类* 位置节点, 基础信息基类* 主信息);     节点类* 添加子节点(节点类* 父节点, 基础信息基类* 主信息);     void 释放节点主信息 | 语言类.cpp:52:  文章节点->主信息 = 主信息;     return static_cast<文章节点类*>(添加节点(根指针, 文章节点)); }  // 功能：按函数名执行对应处理。 段落节点类* 语言类::添加段落(文章节点类* 文章节点, std::size_t 在文章中"
present	世界树类::创建场景	创建场景	世界树类.cpp:1546	6	32	场景节点类* 世界树类::创建场景(基础信息节点类* 父节点, 场景节点主信息类* 主信息)	类别=构造;输入=有自定义类型;输出=指针/引用/句柄;副作用=无明显副作用;领域=世界;约束=无显式约束	世界树类.cpp:2124:按概念(概念, 范围根); }  // 功能：创建并返回或登记对应对象。 场景节点类* 世界树类::创建场景(基础信息节点类* 父节点, 场景节点主信息类* 主信息) {     return 场景服务_.创建场景(父节点, 主信息); }  // 功能：按名称创建场景 | 世界树类.cpp:2126:景(基础信息节点类* 父节点, 场景节点主信息类* 主信息) {     return 场景服务_.创建场景(父节点, 主信息); }  // 功能：按名称创建场景节点，由世界树入口承接基础信息子节点创建。 场景节点类* 世界树类::创建场景_按名称(     基础信息 | 世界树类.h:242:st 基础信息节点类* 范围根 = nullptr     ) const;     场景节点类* 创建场景(基础信息节点类* 父节点, 场景节点主信息类* 主信息);     场景节点类* 创建场景_按名称(         基础信息节点类* 父节点,         | 场景类.cpp:131:    : nullptr; }  // 功能：创建并返回或登记对应对象。 场景节点类* 场景类::创建场景(基础信息节点类* 父节点, 场景节点主信息类* 主信息) {     if (!基础信息_ || !主信息) return nullptr;     retur | 场景类.cpp:146:   主信息->名称 = 名称;     主信息->世界类型 = 世界类型;     return 创建场景(父节点, 主信息); }  // 功能：创建并返回或登记对应对象。 场景节点类* 场景类::取或创建子场景_按名称(     基础信息节点类* 父节点,     | 场景类.h:38:onst std::string& 主键) const noexcept;      场景节点类* 创建场景(基础信息节点类* 父节点, 场景节点主信息类* 主信息);     场景节点类* 创建场景_按名称(         基础信息节点类* 父节点,
present	世界树类::世界树类	世界树类	世界树类.cpp:844	6	304	世界树类::世界树类() : 特征服务_(&基础信息链_) , 存在服务_(&基础信息链_) , 场景服务_(&基础信息链_) , 二次特征服务_(&基础信息链_) , 二次特征生成服务_(std::make_unique<二次特征生成模块>(this)) , 状态服务_(&基础信息链_) , 动态服务_(&基础信息链_) , 因果服务_(&基础信息链_)	类别=构造;输入=有自定义类型;输出=指针/引用/句柄;副作用=无明显副作用;领域=世界;约束=无显式约束	"世界树类.cpp:1104:}  世界树类& 世界树 = *new 世界树类{};  // 功能：初始化对象实例。 世界树类::世界树类()     : 特征服务_(&基础信息链_)     , 存在服务_(&基础信息链_)     , 场景服务_(&基础信息链_)     , 二次特征服务_(& | 世界树类.cpp:1119:        return 默认特征差异度(左值, 右值);     }); }  世界树类::~世界树类() = default;  // 功能：初始化相关对象、状态或运行上下文。 void 世界树类::初始化() {     基础信息链_.初始化();     值 | 世界树类.h:23:因果类.h""  class 二次特征生成模块;  class 世界树类 { public:     世界树类();     ~世界树类();      世界树类(const 世界树类&) = delete;     世界树类& operator=(const 世界树类& | 世界树类.h:24: 二次特征生成模块;  class 世界树类 { public:     世界树类();     ~世界树类();      世界树类(const 世界树类&) = delete;     世界树类& operator=(const 世界树类&) = delete;   | 世界树类.h:26:lass 世界树类 { public:     世界树类();     ~世界树类();      世界树类(const 世界树类&) = delete;     世界树类& operator=(const 世界树类&) = delete;     世界树类(世界树类& | 世界树类.h:28:e;     世界树类& operator=(const 世界树类&) = delete;     世界树类(世界树类&&) = delete;     世界树类& operator=(世界树类&&) = delete;      void 初始化();     voi"
present	世界树类::确保根概念_信息存在	确保根概念_信息存在	世界树类.cpp:1076	7	7	存在节点类* 世界树类::确保根概念_信息存在()	类别=未分类;输入=有自定义类型;输出=指针/引用/句柄;副作用=无明显副作用;领域=世界;约束=无显式约束	"世界树类.cpp:1408:存在()); }  // 功能：确保目标结构、状态或前置条件存在并可用。 存在节点类* 世界树类::确保根概念_信息存在() {     return 确保存在概念(私有_存在概念入口性(""信息存在""), 确保根概念_存在()); }  // 功能：确保目标结构、状态或前置条件存在 | 世界树类.cpp:1446:确保核心概念_状态() {     return 确保存在概念(私有_存在概念入口性(""状态""), 确保根概念_信息存在()); }  // 功能：确保目标结构、状态或前置条件存在并可用。 存在节点类* 世界树类::确保核心概念_事件() {     return 确保存在概念(私 | 世界树类.cpp:1452:确保核心概念_事件() {     return 确保存在概念(私有_存在概念入口性(""事件""), 确保根概念_信息存在()); }  // 功能：确保目标结构、状态或前置条件存在并可用。 存在节点类* 世界树类::确保核心概念_规则() {     return 确保存在概念(私 | 世界树类.cpp:1458:确保核心概念_规则() {     return 确保存在概念(私有_存在概念入口性(""规则""), 确保根概念_信息存在()); }  // 功能：初始化相关对象、状态或运行上下文。 bool 世界树类::初始化核心存在概念树() {     bool 全部成功 = 取或创建存在概 | 世界树类.cpp:1468:部成功 = 确保根概念_虚拟存在() != nullptr && 全部成功;     全部成功 = 确保根概念_信息存在() != nullptr && 全部成功;     全部成功 = 确保根概念_数字生命() != nullptr && 全部成功;     全部成功 = 确保核 | 世界树类.cpp:1617:&& 全部成功;     全部成功 = 绑定(""信息存在"", 枚举_信息入口类型::存在概念入口, 确保根概念_信息存在()) && 全部成功;     全部成功 = 绑定(""数字生命"", 枚举_信息入口类型::存在概念入口, 确保根概念_数字生命()) && 全部成功;      | 世界树类.h:110:确保根概念_实物存在();     存在节点类* 确保根概念_虚拟存在();     存在节点类* 确保根概念_信息存在();     存在节点类* 确保根概念_数字生命();     存在节点类* 确保核心概念_自我();     存在节点类* 确保核心概念_需求();     "
present	世界树类::确保根概念_数字生命	确保根概念_数字生命	世界树类.cpp:1082	7	7	存在节点类* 世界树类::确保根概念_数字生命()	类别=未分类;输入=有自定义类型;输出=指针/引用/句柄;副作用=无明显副作用;领域=世界;约束=无显式约束	"世界树类.cpp:1414:存在()); }  // 功能：确保目标结构、状态或前置条件存在并可用。 存在节点类* 世界树类::确保根概念_数字生命() {     return 确保存在概念(私有_存在概念入口性(""数字生命""), 确保根概念_存在()); }  // 功能：确保目标结构、状态或前置条件存在 | 世界树类.cpp:1422:确保核心概念_自我() {     return 确保存在概念(私有_存在概念入口性(""自我""), 确保根概念_数字生命()); }  // 功能：确保目标结构、状态或前置条件存在并可用。 存在节点类* 世界树类::确保核心概念_需求() {     return 确保存在概念(语 | 世界树类.cpp:1469:部成功 = 确保根概念_信息存在() != nullptr && 全部成功;     全部成功 = 确保根概念_数字生命() != nullptr && 全部成功;     全部成功 = 确保核心概念_自我() != nullptr && 全部成功;     全部成功 = 确保核心 | 世界树类.cpp:1618:&& 全部成功;     全部成功 = 绑定(""数字生命"", 枚举_信息入口类型::存在概念入口, 确保根概念_数字生命()) && 全部成功;     全部成功 = 绑定(""自我"", 枚举_信息入口类型::存在概念入口, 确保核心概念_自我()) && 全部成功;     全部成 | 世界树类.h:111:确保根概念_虚拟存在();     存在节点类* 确保根概念_信息存在();     存在节点类* 确保根概念_数字生命();     存在节点类* 确保核心概念_自我();     存在节点类* 确保核心概念_需求();     存在节点类* 确保核心概念_任务();     存 | 自我类.初始化.cpp:115:_存在 = 世界树.确保根概念_存在();         auto* 概念_数字生命 = 世界树.确保根概念_数字生命();         auto* 概念_自我 = 世界树.确保核心概念_自我();         return 概念_存在             && 概念 | 自我类.初始化.cpp:134:_存在 = 世界树.确保根概念_存在();         auto* 概念_数字生命 = 世界树.确保根概念_数字生命();         auto* 概念_自我 = 世界树.确保核心概念_自我();         if (!概念_存在 || !概念_数字生命 || !概念_"
present	世界树类::确保核心概念_自我	确保核心概念_自我	世界树类.cpp:1088	7	7	存在节点类* 世界树类::确保核心概念_自我()	类别=未分类;输入=有自定义类型;输出=指针/引用/句柄;副作用=无明显副作用;领域=世界;约束=无显式约束	"世界树类.cpp:1420:存在()); }  // 功能：确保目标结构、状态或前置条件存在并可用。 存在节点类* 世界树类::确保核心概念_自我() {     return 确保存在概念(私有_存在概念入口性(""自我""), 确保根概念_数字生命()); }  // 功能：确保目标结构、状态或前置条件存在 | 世界树类.cpp:1470:部成功 = 确保根概念_数字生命() != nullptr && 全部成功;     全部成功 = 确保核心概念_自我() != nullptr && 全部成功;     全部成功 = 确保核心概念_需求() != nullptr && 全部成功;     全部成功 = 确保核心 | 世界树类.cpp:1581:      全部成功 = 私有_确保概念特征槽集合(         *this,         确保核心概念_自我(),         {             ""安全值"",             ""服务值"",             ""风险安全值"",          | 世界树类.cpp:1619:) && 全部成功;     全部成功 = 绑定(""自我"", 枚举_信息入口类型::存在概念入口, 确保核心概念_自我()) && 全部成功;     全部成功 = 绑定(""需求"", 枚举_信息入口类型::需求概念入口, 确保核心概念_需求()) && 全部成功;     全部成 | 世界树类.h:112:确保根概念_信息存在();     存在节点类* 确保根概念_数字生命();     存在节点类* 确保核心概念_自我();     存在节点类* 确保核心概念_需求();     存在节点类* 确保核心概念_任务();     存在节点类* 确保核心概念_方法();     存 | 自我类.初始化.cpp:116:字生命 = 世界树.确保根概念_数字生命();         auto* 概念_自我 = 世界树.确保核心概念_自我();         return 概念_存在             && 概念_数字生命             && 概念_自我              | 自我类.初始化.cpp:135:字生命 = 世界树.确保根概念_数字生命();         auto* 概念_自我 = 世界树.确保核心概念_自我();         if (!概念_存在 || !概念_数字生命 || !概念_自我) {             return false;        "
present	世界树类::校验抽象特征子链	校验抽象特征子链	世界树类.cpp:1365	7	7	bool 世界树类::校验抽象特征子链(const 基础信息节点类* 抽象特征节点) const	类别=执行;输入=有自定义类型;输出=bool;副作用=无明显副作用;领域=世界;约束=无显式约束	世界树类.cpp:1716:按类型(父抽象特征, 特征类型); }  // 功能：按函数名执行对应处理。 bool 世界树类::校验抽象特征子链(const 基础信息节点类* 抽象特征节点) const {     return 特征服务_.校验抽象特征子链(抽象特征节点); }  // 功能：按函数名执 | 世界树类.cpp:1718:链(const 基础信息节点类* 抽象特征节点) const {     return 特征服务_.校验抽象特征子链(抽象特征节点); }  // 功能：按函数名执行对应处理。 bool 世界树类::匹配抽象特征(const 抽象特征节点类* 抽象特征, const 特征节点类 | 世界树类.h:140:象特征,         const 语素入口节点类* 特征类型) const;     bool 校验抽象特征子链(const 基础信息节点类* 抽象特征节点) const;     bool 匹配抽象特征(const 抽象特征节点类* 抽象特征, const 特征节点类*  | 特征类.cpp:747:   return nullptr; }  // 功能：按函数名执行对应处理。 bool 特征类::校验抽象特征子链(const 基础信息节点类* 抽象特征节点) const {     if (!基础信息_ || !抽象特征节点) return false;      con | 特征类.cpp:778: }         已见名称.push_back(子信息->名称);          if (!校验抽象特征子链(static_cast<const 抽象特征节点类*>(子节点))) {             return false;         }     }   | 特征类.cpp:2594:_value()) {         return false;     }      if (!校验抽象特征子链(抽象特征)) {         return false;     }      for (auto* 抽象子节点 : 私有_直接抽象特征子节点(*基础信息_ | 特征类.h:260:父抽象特征,         const 语素入口节点类* 名称) const;     bool 校验抽象特征子链(const 基础信息节点类* 抽象特征节点) const;     抽象特征节点类* 取或创建子抽象特征_按类型(         基础信息节点类* 父抽象特征
present	世界树类::取或创建实例特征_按抽象特征	取或创建实例特征_按抽象特征	世界树类.cpp:1387	7	7	特征节点类* 世界树类::取或创建实例特征_按抽象特征( 基础信息节点类* 宿主, 抽象特征节点类* 抽象特征)	类别=构造;输入=有自定义类型;输出=指针/引用/句柄;副作用=无明显副作用;领域=世界;约束=无显式约束	世界树类.cpp:158:    return false;         }          return 世界树对象.取或创建实例特征_按抽象特征(概念, 抽象特征) != nullptr;     }      // 功能：确保目标结构、状态或前置条件存在并可用。     bool 私有_确保概念特征槽集 | 世界树类.cpp:1744:       特征类型); }  // 功能：创建并返回或登记对应对象。 特征节点类* 世界树类::取或创建实例特征_按抽象特征(     基础信息节点类* 宿主,     抽象特征节点类* 抽象特征) {     return 特征服务_.取或创建实例特征_按抽象特征(宿主, 抽象特征) | 世界树类.cpp:1748:础信息节点类* 宿主,     抽象特征节点类* 抽象特征) {     return 特征服务_.取或创建实例特征_按抽象特征(宿主, 抽象特征); }  // 功能：解析输入文本、消息、场景或运行包。 抽象特征节点类* 世界树类::解析实例特征命中抽象特征(特征节点类* 实例特征) { | 世界树类.h:146:* 父抽象特征,         const 语素入口节点类* 特征类型);     特征节点类* 取或创建实例特征_按抽象特征(         基础信息节点类* 宿主,         抽象特征节点类* 抽象特征);     抽象特征节点类* 解析实例特征命中抽象特征(特征节点类* 实 | 特征类.cpp:2639:eturn nullptr; }  // 功能：创建并返回或登记对应对象。 特征节点类* 特征类::取或创建实例特征_按抽象特征(     基础信息节点类* 宿主,     抽象特征节点类* 抽象特征) {     if (!宿主 || !抽象特征) return nullptr;     | 特征类.h:298:主,         const 抽象特征节点类* 抽象特征) const;     特征节点类* 取或创建实例特征_按抽象特征(         基础信息节点类* 宿主,         抽象特征节点类* 抽象特征);      特征写入结果 写入特征值_按参数(特征节点类* 节点, c | 自我动作实现模块.ixx:3270:|| !节点) return nullptr;          auto* 实例特征 = 世界树.取或创建实例特征_按抽象特征(             reinterpret_cast<基础信息节点类*>(虚拟存在),             抽象特征);         if (!实
present	世界树类::计算场景绝对坐标_由参考存在相对坐标	计算场景绝对坐标_由参考存在相对坐标	世界树类.cpp:2030	7	7	bool 世界树类::计算场景绝对坐标_由参考存在相对坐标( const 存在节点类* 参考存在, const Vector3D& 相对坐标_mm, Vector3D& 输出绝对坐标_mm) const	类别=未分类;输入=有自定义类型;输出=bool;副作用=无明显副作用;领域=世界;约束=无显式约束	世界树类.cpp:3298:return true; }  // 功能：计算权重、状态、差值或派生结果。 bool 世界树类::计算场景绝对坐标_由参考存在相对坐标(     const 存在节点类* 参考存在,     const Vector3D& 相对坐标_mm,     Vector3D& 输出绝对坐标_mm) co | 世界树类.cpp:3303:    Vector3D& 输出绝对坐标_mm) const {     return 存在服务_.计算场景绝对坐标_由参考存在相对坐标(         参考存在,         相对坐标_mm,         输出绝对坐标_mm); }  // 功能：把处理结果写入指定对象、场景或日志。  | 世界树类.h:626:_时间戳::当前_微秒(),         I64 置信度 = 10000);     bool 计算场景绝对坐标_由参考存在相对坐标(         const 存在节点类* 参考存在,         const Vector3D& 相对坐标_mm,         Vector3D& 输 | 存在类.cpp:374:true; }  // 功能：按参考存在绝对坐标和相对坐标计算同场景绝对坐标。 bool 存在类::计算场景绝对坐标_由参考存在相对坐标(     const 存在节点类* 参考存在,     const Vector3D& 相对坐标_mm,     Vector3D& 输出绝对坐标_mm) co | 存在类.cpp:415:tor3D 绝对坐标{};         if (!项.参考存在             || !计算场景绝对坐标_由参考存在相对坐标(                 项.参考存在,                 项.相对坐标_mm,                 绝对坐标)) {     | 存在类.cpp:843:eturn false;     }      Vector3D 绝对坐标{};     if (!计算场景绝对坐标_由参考存在相对坐标(参考存在, 相对坐标_mm, 绝对坐标)) {         return false;     }      if (!写入存在场景绝对坐标(目标存在, 绝 | 存在类.h:43:nst 存在节点类* 节点, Vector3D& 输出坐标_mm) const;     bool 计算场景绝对坐标_由参考存在相对坐标(         const 存在节点类* 参考存在,         const Vector3D& 相对坐标_mm,         Vector3D& 输
present	世界树类::初始化默认世界	初始化默认世界	世界树类.cpp:872	7	7	void 世界树类::初始化默认世界()	类别=构造;输入=有自定义类型;输出=void;副作用=无明显副作用;领域=世界;约束=无显式约束	"世界树类.cpp:1132:或创建抽象特征根(); }  // 功能：初始化相关对象、状态或运行上下文。 void 世界树类::初始化默认世界() {     现实世界 = 取或创建默认世界(""现实世界"", 枚举_世界类型::现实世界);     文本世界 = 取或创建默认世界(""文本世界"", 枚举_世 | 世界树类.cpp:3222:记对应对象。 场景节点类* 世界树类::取或创建自我现实场景() {     if (!现实世界) 初始化默认世界();      const auto* 场景名称 = 语素集.添加信息入口词(""自我初始场景"", 枚举_信息入口类型::场景实例入口);     自我所在场景  | 世界树类.h:32:ator=(世界树类&&) = delete;      void 初始化();     void 初始化默认世界();      基础信息类& 基础信息() noexcept;     const 基础信息类& 基础信息() const noexcept;     特征值类 | 任务类.cpp:690:  if (!世界树.自我所在场景 && !世界树.虚拟世界) {             世界树.初始化默认世界();         }         if (世界树.自我所在场景) {             return 世界树.自我所在场景;         }  | 任务类.cpp:720:      }          if (!世界树.虚拟世界) {             世界树.初始化默认世界();         }         return 世界树.虚拟世界;     }      // 功能：服务所在模块的内部辅助流程。     I64 私有 | 方法类.cpp:2405:!承载世界) {         if (!世界树.虚拟世界) {             世界树.初始化默认世界();         }         承载世界 = 世界树.虚拟世界;     }     if (!承载世界) return nullptr;       | 自我类.初始化.cpp:259:noexcept {             世界树.初始化();             世界树.初始化默认世界();             return 世界树.世界根() != nullptr;         });      (void)私有_执行初始化步骤(  "
present	二次特征生成模块::确保二次特征列表具备默认值	确保二次特征列表具备默认值	二次特征应用模块.ixx:2404	7	7	void 二次特征生成模块::确保二次特征列表具备默认值( const std::vector<可解析引用<二次特征节点类>>& 条件索引, const char* 默认离散语义键) noexcept	类别=生成;输入=有自定义类型;输出=void;副作用=无明显副作用;领域=特征;约束=noexcept	"世界树类.cpp:2370:板(节点); }  // 功能：确保二次特征引用列表中的条件节点具备默认值。 void 世界树类::确保二次特征列表具备默认值(     const std::vector<可解析引用<二次特征节点类>>& 条件索引,     const char* 默认离散语义键) noexcept  | 世界树类.cpp:2374:   const char* 默认离散语义键) noexcept {     二次特征生成服务_->确保二次特征列表具备默认值(条件索引, 默认离散语义键); }  // 功能：按场景、特征节点、方向、主体和领域查找二次特征主信息，不创建节点。 const 二次特征主信息类* 世界树类: | 世界树类.h:326:alse);     bool 刷新二次特征概念模板(二次特征节点类* 节点);     void 确保二次特征列表具备默认值(         const std::vector<可解析引用<二次特征节点类>>& 条件索引,         const char* 默认离散语义键 =  | 二次特征应用模块.ixx:442:  const char* 默认离散语义键 = ""待填充"") noexcept;     void 确保二次特征列表具备默认值(         const std::vector<可解析引用<二次特征节点类>>& 条件索引,         const char* 默认离散语义键 =  | 二次特征应用模块.ixx:2463:rue; }  // 功能：确保目标结构、状态或前置条件存在并可用。 void 二次特征生成模块::确保二次特征列表具备默认值(     const std::vector<可解析引用<二次特征节点类>>& 条件索引,     const char* 默认离散语义键) noexcept  | 方法类.cpp:2588:        条件索引 = 私有_场景二次特征索引(条件场景模板);     }     世界树.确保二次特征列表具备默认值(条件索引);      auto* 已有节点 = 私有_查找直接子方法节点_按谓词(方法首节点, [&](const 方法节点* 节点) {         i | 方法类.cpp:2625:       私有_吸收引用列表(条件信息->条件判定索引, 条件索引);         世界树.确保二次特征列表具备默认值(条件信息->条件判定索引);         if (时间起 != 0 && (条件信息->时间起 == 0 || 时间起 < 条件信息->时间起)) {   "
present	二次特征类::写入标量值_已取主信息	写入标量值_已取主信息	二次特征类.cpp:1019	7	7	bool 二次特征类::写入标量值_已取主信息( 二次特征节点类* 节点, 二次特征主信息类* 主信息, I64 标量值, bool 是否满足, I64 置信度, 时间戳 观测时间戳, bool 跳过内部采样)	类别=写入;输入=有自定义类型;输出=bool;副作用=无明显副作用;领域=特征;约束=无显式约束	世界树类.cpp:2331: 时间戳 观测时间戳,     bool 跳过内部采样) {     return 二次特征服务_.写入标量值_已取主信息(         节点,         主信息,         标量值,         是否满足,         置信度,         观测时间戳, | 二次特征类.cpp:1223: 主信息读取开始,         私有_二次特征类阶段时间点());     return 私有_写入标量值_已取主信息(         节点,         主信息,         标量值,         是否满足,         置信度,         主信息读取耗 | 二次特征类.cpp:1235:  false); }  // 功能：把处理结果写入指定对象、场景或日志。 bool 二次特征类::写入标量值_已取主信息(     二次特征节点类* 节点,     二次特征主信息类* 主信息,     I64 标量值,     bool 是否满足,     I64 置信度,    | 二次特征类.cpp:1244:,     时间戳 观测时间戳,     bool 跳过内部采样) {     return 私有_写入标量值_已取主信息(         节点,         主信息,         标量值,         是否满足,         置信度,         0,     | 二次特征类.cpp:1314:0000); }  // 功能：把处理结果写入指定对象、场景或日志。 bool 二次特征类::私有_写入标量值_已取主信息(     二次特征节点类* 节点,     二次特征主信息类* 主信息,     I64 标量值,     bool 是否满足,     I64 置信度,    | 二次特征类.h:155:64 标量值, bool 是否满足 = false, I64 置信度 = 0);     bool 写入标量值_已取主信息(         二次特征节点类* 节点,         二次特征主信息类* 主信息,         I64 标量值,         bool 是否满足  | 二次特征类.h:191:  bool 刷新概念模板(二次特征节点类* 节点);  private:     bool 私有_写入标量值_已取主信息(         二次特征节点类* 节点,         二次特征主信息类* 主信息,         I64 标量值,         bool 是否满足,
present	二次特征类::写入离散值_已取主信息	写入离散值_已取主信息	二次特征类.cpp:1176	7	7	bool 二次特征类::写入离散值_已取主信息( 二次特征节点类* 节点, 二次特征主信息类* 主信息, std::int32_t 离散编码, const std::string& 离散语义键, 枚举_二次特征值形态 值形态, I64 置信度, 时间戳 观测时间戳, bool 跳过内部采样)	类别=写入;输入=有自定义类型;输出=bool;副作用=无明显副作用;领域=特征;约束=无显式约束	世界树类.cpp:2352: 时间戳 观测时间戳,     bool 跳过内部采样) {     return 二次特征服务_.写入离散值_已取主信息(         节点,         主信息,         离散编码,         离散语义键,         值形态,         置信度, | 二次特征类.cpp:1437: 主信息读取开始,         私有_二次特征类阶段时间点());     return 私有_写入离散值_已取主信息(         节点,         主信息,         离散编码,         离散语义键,         值形态,         置信度, | 二次特征类.cpp:1450:  false); }  // 功能：把处理结果写入指定对象、场景或日志。 bool 二次特征类::写入离散值_已取主信息(     二次特征节点类* 节点,     二次特征主信息类* 主信息,     std::int32_t 离散编码,     const std::strin | 二次特征类.cpp:1460:,     时间戳 观测时间戳,     bool 跳过内部采样) {     return 私有_写入离散值_已取主信息(         节点,         主信息,         离散编码,         离散语义键,         值形态,         置信度, | 二次特征类.cpp:1473:内部采样); }  // 功能：把处理结果写入指定对象、场景或日志。 bool 二次特征类::私有_写入离散值_已取主信息(     二次特征节点类* 节点,     二次特征主信息类* 主信息,     std::int32_t 离散编码,     const std::strin | 二次特征类.h:178:_二次特征值形态::枚举,         I64 置信度 = 0     );     bool 写入离散值_已取主信息(         二次特征节点类* 节点,         二次特征主信息类* 主信息,         std::int32_t 离散编码,          | 二次特征类.h:200:     时间戳 观测时间戳,         bool 跳过内部采样);     bool 私有_写入离散值_已取主信息(         二次特征节点类* 节点,         二次特征主信息类* 主信息,         std::int32_t 离散编码,
present	二次特征类::私有_确保默认概念刻度	私有_确保默认概念刻度	二次特征类.cpp:1509	7	7	void 二次特征类::私有_确保默认概念刻度(二次特征节点类* 链根)	类别=未分类;输入=有自定义类型;输出=void;副作用=无明显副作用;领域=特征;约束=无显式约束	二次特征类.cpp:826:   if (主信息->度量签名_链键 != 度量签名_链键) continue;         私有_确保默认概念刻度(节点);         return 节点;     }      auto* 主信息 = new 二次特征主信息类{};     主信息->形态 = 二次特 | 二次特征类.cpp:838:区间层级::未定义;      auto* 链根 = 创建二次特征(概念树根, 主信息);     私有_确保默认概念刻度(链根);     return 链根; }  // 功能：注册方法、模板、对象或运行入口。 二次特征节点类* 二次特征类::注册概念小区间(     二次特征节 | 二次特征类.cpp:863:>(链根->父);     }     if (!链根) return nullptr;      私有_确保默认概念刻度(链根);      for (auto* 节点 : 获取子二次特征(链根)) {         const auto* 主信息 = 取二次特征主信息(节点); | 二次特征类.cpp:894: 差值) {     if (!基础信息_ || !链根) return nullptr;     私有_确保默认概念刻度(链根);      二次特征节点类* 最佳节点 = nullptr;     I64 最佳宽度 = I64_MAX;     bool 最佳是小区间 = fal | 二次特征类.cpp:930:  if (!基础信息_ || !链根 || !概念名称) return nullptr;     私有_确保默认概念刻度(链根);      for (auto* 节点 : 获取子二次特征(链根)) {         const auto* 主信息 = 取二次特征主信息(节点); | 二次特征类.cpp:1783:n true; }  // 功能：确保目标结构、状态或前置条件存在并可用。 void 二次特征类::私有_确保默认概念刻度(二次特征节点类* 链根) {     if (!基础信息_ || !链根) return;      const auto* 链根主信息 = 取二次特征主信息( | 二次特征类.h:210:        时间戳 观测时间戳,         bool 跳过内部采样);     void 私有_确保默认概念刻度(二次特征节点类* 链根);     std::unordered_map<std::string, 二次特征节点类*> 签名父节点索引_{};     std:
present	任务类::补齐任务虚拟存在概念集	补齐任务虚拟存在概念集	任务类.cpp:1252	7	7	bool 任务类::补齐任务虚拟存在概念集( 节点类* 任务头结点, 场景节点类* 承载场景, 时间戳 now)	类别=未分类;输入=有自定义类型;输出=bool;副作用=无明显副作用;领域=任务;约束=无显式约束	任务类.cpp:159:;     }      // 功能：补齐条件、参数、证据或方法能力缺口。     bool 私有_补齐任务虚拟存在概念集(         任务节点* 任务头结点,         存在节点类* 任务虚拟存在) noexcept     {         if (!任务头结点 | | 任务类.cpp:1217:头结点, 承载场景);     if (!已有任务虚拟存在) {         (void)私有_补齐任务虚拟存在概念集(头结点, 任务虚拟存在);     }     return 任务虚拟存在; }  // 功能：记录日志、动态、证据或运行痕迹。 bool 任务类::记录任务虚 | 任务类.cpp:1270:载场景);     if (!任务虚拟存在) return false;     (void)私有_补齐任务虚拟存在概念集(头结点, 任务虚拟存在);      (void)私有_确保I64特征已初始化(任务虚拟存在, 私有_特征_任务特征账本生命周期(), static_cast< | 任务类.cpp:1314:eturn true; }  // 功能：补齐条件、参数、证据或方法能力缺口。 bool 任务类::补齐任务虚拟存在概念集(     节点类* 任务头结点,     场景节点类* 承载场景,     时间戳 now) {     (void)now;     auto* 头结点 =  | 任务类.cpp:1324:务虚拟存在 = 私有_创建并初始化任务虚拟存在(头结点, 承载场景);     return 私有_补齐任务虚拟存在概念集(头结点, 任务虚拟存在); }  // 功能：同步线程、任务、场景或对象之间的状态。 bool 任务类::同步任务节点到虚拟存在(     节点类* 任务头结点 | 任务类.cpp:1338:务虚拟存在的通用概念、账本和运行镜像统一在任务类内维护；界面线程只负责承接。     return 补齐任务虚拟存在概念集(头结点, 承载场景, now)         && 初始化任务虚拟存在信息(头结点, 承载场景, now)         && 同步任务运行镜像特征(头结点 | 任务类.h:29:    时间戳 now = 结构体_时间戳::当前_微秒());      static bool 补齐任务虚拟存在概念集(         节点类* 任务头结点,         场景节点类* 承载场景 = nullptr,         时间戳 now = 结构体_时间戳::当
present	存在类::枚举全部存在	枚举全部存在	存在类.cpp:363	7	7	std::vector<存在节点类*> 存在类::枚举全部存在() const	类别=执行;输入=有自定义类型;输出=指针/引用/句柄;副作用=无明显副作用;领域=存在;约束=无显式约束	世界树类.cpp:2110:枚举世界树中的全部存在节点，不创建或修改节点。 std::vector<存在节点类*> 世界树类::枚举全部存在() const {     return 存在服务_.枚举全部存在(); }  // 功能：按条件查找目标对象、方法或事实。 std::vector<存在节点类 | 世界树类.cpp:2112:r<存在节点类*> 世界树类::枚举全部存在() const {     return 存在服务_.枚举全部存在(); }  // 功能：按条件查找目标对象、方法或事实。 std::vector<存在节点类*> 世界树类::查找实例_按概念(     const 存在节点类 | 世界树类.h:237:onst 基础信息节点类* 父节点) const;     std::vector<存在节点类*> 枚举全部存在() const;     std::vector<存在节点类*> 查找实例_按概念(         const 存在节点类* 概念,         cons | 存在类.cpp:593:点); }  // 功能：按函数名执行对应处理。 std::vector<存在节点类*> 存在类::枚举全部存在() const {     std::vector<存在节点类*> out;     if (!基础信息_) return out;      for (aut | 存在类.cpp:689:out;     if (!概念) return out;     for (auto* 候选 : 枚举全部存在()) {         if (!候选 || 候选 == 概念 || !私有_节点在范围内(范围根, 候选)) {             continue; | 存在类.h:85:   bool 删除存在(存在节点类* 节点);      std::vector<存在节点类*> 枚举全部存在() const;     std::vector<存在节点类*> 获取子存在(const 基础信息节点类* 父节点) const;     存在节点类* 查找子 | 方法类.cpp:843:根) return nullptr;          for (auto* 存在节点 : 世界树.枚举全部存在()) {             if (世界树.获取方法根节点(存在节点) == 独立根) {                 return 存在节点;
present	存在类::查找子存在_按名称	查找子存在_按名称	存在类.cpp:387	7	7	存在节点类* 存在类::查找子存在_按名称(const 基础信息节点类* 父节点, const 语素入口节点类* 名称) const	类别=查找;输入=有自定义类型;输出=指针/引用/句柄;副作用=无明显副作用;领域=存在;约束=无显式约束	世界树类.cpp:1930:; }  // 功能：按名称查找父节点下的直接子存在，不创建或修改节点。 存在节点类* 世界树类::查找子存在_按名称(     const 基础信息节点类* 父节点,     const 语素入口节点类* 名称) const {     return 存在服务_.查找子存在_按 | 世界树类.cpp:1934:,     const 语素入口节点类* 名称) const {     return 存在服务_.查找子存在_按名称(父节点, 名称); }  // 功能：按类型查找父节点下的直接子存在，不创建或修改节点。 存在节点类* 世界树类::查找子存在_按类型(     const 基 | 世界树类.h:197:_按类型(基础信息节点类* 父节点, const 语素入口节点类* 类型);     存在节点类* 查找子存在_按名称(         const 基础信息节点类* 父节点,         const 语素入口节点类* 名称     ) const;     存在节点类* 查 | 存在类.cpp:557:!概念父节点 || !名称) return nullptr;     if (auto* 命中 = 查找子存在_按名称(概念父节点, 名称)) {         return 命中;     }     return 创建存在_按名称类型(概念父节点, 名称, nullptr) | 存在类.cpp:617:return out; }  // 功能：按条件查找目标对象、方法或事实。 存在节点类* 存在类::查找子存在_按名称(const 基础信息节点类* 父节点, const 语素入口节点类* 名称) const {     if (!名称) return nullptr;      | 存在类.h:87:节点类*> 获取子存在(const 基础信息节点类* 父节点) const;     存在节点类* 查找子存在_按名称(const 基础信息节点类* 父节点, const 语素入口节点类* 名称) const;     存在节点类* 查找子存在_按类型(const 基础信息节点类 | 自我线程模块.impl.cpp:10655:,             宿主词);     }     if (auto* 按名称 = 世界树.查找子存在_按名称(内部世界, 宿主词)) {         return 按名称;     }     return 世界树.查找子存在_按类型(内部世界, 宿主词); }
present	存在类::获取概念集	获取概念集	存在类.cpp:415	7	7	std::vector<存在节点类*> 存在类::获取概念集(const 存在节点类* 节点) const	类别=读取;输入=有自定义类型;输出=指针/引用/句柄;副作用=无明显副作用;领域=存在;约束=无显式约束	世界树类.cpp:1887:/ 功能：读取并返回指定对象、状态或运行材料。 std::vector<存在节点类*> 世界树类::获取概念集(const 存在节点类* 节点) const {     return 存在服务_.获取概念集(节点); }  // 功能：读取最近观测位置缓存；缓存只作为特征 | 世界树类.cpp:1889:::获取概念集(const 存在节点类* 节点) const {     return 存在服务_.获取概念集(节点); }  // 功能：读取最近观测位置缓存；缓存只作为特征化或显示输入。 bool 世界树类::读取最近观测位置缓存(const 存在节点类* 节点, V | 世界树类.cpp:2081:收集, 概念)) return;          for (auto* 上位概念 : 存在服务_.获取概念集(概念)) {             self(self, 上位概念);         }         扩充顺序.push_back(概念);     } | 世界树类.h:187:在节点类* 节点) const noexcept;     std::vector<存在节点类*> 获取概念集(const 存在节点类* 节点) const;     bool 读取最近观测位置缓存(const 存在节点类* 节点, Vector3D& 输出位置_mm)  | 存在类.cpp:645:// 功能：读取并返回指定对象、状态或运行材料。 std::vector<存在节点类*> 存在类::获取概念集(const 存在节点类* 节点) const {     std::vector<存在节点类*> out;     const auto* 主信息 = 取存在主 | 存在类.h:89:const 语素入口节点类* 类型) const;     std::vector<存在节点类*> 获取概念集(const 存在节点类* 节点) const;     bool 存在包含概念(const 存在节点类* 实例, const 存在节点类* 概念) const  | 自我线程模块.impl.cpp:14989: 任务虚拟存在->获取主键();             const auto 概念集 = 世界树.获取概念集(任务虚拟存在);             std::ostringstream 概念摘要;             for (std::size_t i = 0
present	特征类::特征值命中值域	特征值命中值域	特征类.cpp:2362	7	7	bool 特征类::特征值命中值域(const 特征值& 值, const 特征值域& 值域) const	类别=比较;输入=有自定义类型;输出=bool;副作用=无明显副作用;领域=特征;约束=无显式约束	特征类.cpp:2493:      && 子主信息->值域.has_value()             && 特征服务.特征值命中值域(值, 子主信息->值域.value())) {             return true;         }     }     if (有子状态) { | 特征类.cpp:2505:         && 抽象主信息->值域.has_value()         && 特征服务.特征值命中值域(值, 抽象主信息->值域.value()); }  // 功能：按函数名执行对应处理。 bool 特征类::特征值命中值域(const 特征值& 值, cons | 特征类.cpp:2509:象主信息->值域.value()); }  // 功能：按函数名执行对应处理。 bool 特征类::特征值命中值域(const 特征值& 值, const 特征值域& 值域) const {     if (std::holds_alternative<空集合值域>(值域)) | 特征类.cpp:2587:nst auto* 值域 = 抽象主信息->取值域();         return 值域 && 特征值命中值域(实例主信息->当前值, *值域);     }      if (!抽象主信息->是复合特征() || 抽象主信息->值域.has_value()) {     | 特征类.cpp:2886:息->是叶子特征() && 子主信息->值域.has_value()             && 特征值命中值域(实例主信息->当前值, 子主信息->值域.value())) {             命中.push_back(static_cast<抽象特征节点类*>( | 特征类.cpp:2894:->是叶子特征() && 抽象主信息->值域.has_value()             && 特征值命中值域(实例主信息->当前值, 抽象主信息->值域.value())) {             命中.push_back(static_cast<抽象特征节点类*> | 特征类.h:282:到宿主(基础信息节点类* 目标宿主, const 基础信息节点类* 来源宿主);     bool 特征值命中值域(const 特征值& 值, const 特征值域& 值域) const;      // 功能：判断抽象特征是否由两个以上 I64 点值叶子状态组成。
present	特征类::取或创建实例特征_按抽象特征	取或创建实例特征_按抽象特征	特征类.cpp:2492	7	7	特征节点类* 特征类::取或创建实例特征_按抽象特征( 基础信息节点类* 宿主, 抽象特征节点类* 抽象特征)	类别=构造;输入=有自定义类型;输出=指针/引用/句柄;副作用=无明显副作用;领域=特征;约束=无显式约束	世界树类.cpp:158:    return false;         }          return 世界树对象.取或创建实例特征_按抽象特征(概念, 抽象特征) != nullptr;     }      // 功能：确保目标结构、状态或前置条件存在并可用。     bool 私有_确保概念特征槽集 | 世界树类.cpp:1744:       特征类型); }  // 功能：创建并返回或登记对应对象。 特征节点类* 世界树类::取或创建实例特征_按抽象特征(     基础信息节点类* 宿主,     抽象特征节点类* 抽象特征) {     return 特征服务_.取或创建实例特征_按抽象特征(宿主, 抽象特征) | 世界树类.cpp:1748:础信息节点类* 宿主,     抽象特征节点类* 抽象特征) {     return 特征服务_.取或创建实例特征_按抽象特征(宿主, 抽象特征); }  // 功能：解析输入文本、消息、场景或运行包。 抽象特征节点类* 世界树类::解析实例特征命中抽象特征(特征节点类* 实例特征) { | 世界树类.h:146:* 父抽象特征,         const 语素入口节点类* 特征类型);     特征节点类* 取或创建实例特征_按抽象特征(         基础信息节点类* 宿主,         抽象特征节点类* 抽象特征);     抽象特征节点类* 解析实例特征命中抽象特征(特征节点类* 实 | 特征类.cpp:2639:eturn nullptr; }  // 功能：创建并返回或登记对应对象。 特征节点类* 特征类::取或创建实例特征_按抽象特征(     基础信息节点类* 宿主,     抽象特征节点类* 抽象特征) {     if (!宿主 || !抽象特征) return nullptr;     | 特征类.h:298:主,         const 抽象特征节点类* 抽象特征) const;     特征节点类* 取或创建实例特征_按抽象特征(         基础信息节点类* 宿主,         抽象特征节点类* 抽象特征);      特征写入结果 写入特征值_按参数(特征节点类* 节点, c | 自我动作实现模块.ixx:3270:|| !节点) return nullptr;          auto* 实例特征 = 世界树.取或创建实例特征_按抽象特征(             reinterpret_cast<基础信息节点类*>(虚拟存在),             抽象特征);         if (!实
present	特征类::校验坐标链VecI64	校验坐标链VecI64	特征类.cpp:3975	7	7	bool 特征类::校验坐标链VecI64(const VecI64& 值, const std::uint32_t 坐标维度) noexcept	类别=执行;输入=有自定义类型;输出=bool;副作用=无明显副作用;领域=特征;约束=noexcept	特征类.cpp:4114:   return 规则.坐标维度; }  // 功能：按函数名执行对应处理。 bool 特征类::校验坐标链VecI64(const VecI64& 值, const std::uint32_t 坐标维度) noexcept {     return 坐标维度 != 0       | 特征类.cpp:4124:平面轮廓VecI64(const VecI64& 值) noexcept {     return 校验坐标链VecI64(值, 2); }  // 功能：按函数名执行对应处理。 bool 特征类::校验空间极值轮廓VecI64(const VecI64& 值) noexcept { | 特征类.cpp:4130:极值轮廓VecI64(const VecI64& 值) noexcept {     return 校验坐标链VecI64(值, 3); }  // 功能：按函数名执行对应处理。 bool 特征类::校验坐标类VecI64_按特征类型(const 语素入口节点类* 特征类型, con | 特征类.cpp:4137: 轮廓坐标维度_按特征类型(特征类型);     return 维度.has_value() && 校验坐标链VecI64(值, *维度); }  // 功能：比较当前值、目标值或历史基准。 结构_轮廓比较结果 特征类::比较坐标轮廓VecI64(     const VecI64& | 特征类.cpp:4154:轮廓比较状态::维度不支持;         return 结果;     }      if (!校验坐标链VecI64(左值, 坐标维度) || !校验坐标链VecI64(右值, 坐标维度)) {         结果.状态 = 枚举_轮廓比较状态::格式非法;          | 特征类.cpp:4154:urn 结果;     }      if (!校验坐标链VecI64(左值, 坐标维度) || !校验坐标链VecI64(右值, 坐标维度)) {         结果.状态 = 枚举_轮廓比较状态::格式非法;         return 结果;     }      cons | 特征类.h:461:合参数,         std::uint32_t 查询层级);     static bool 校验坐标链VecI64(const VecI64& 值, std::uint32_t 坐标维度) noexcept;     static bool 校验平面轮廓VecI64(cons
present	特征类::校验抽象特征子链	校验抽象特征子链	特征类.cpp:675	7	7	bool 特征类::校验抽象特征子链(const 基础信息节点类* 抽象特征节点) const	类别=执行;输入=有自定义类型;输出=bool;副作用=无明显副作用;领域=特征;约束=无显式约束	世界树类.cpp:1716:按类型(父抽象特征, 特征类型); }  // 功能：按函数名执行对应处理。 bool 世界树类::校验抽象特征子链(const 基础信息节点类* 抽象特征节点) const {     return 特征服务_.校验抽象特征子链(抽象特征节点); }  // 功能：按函数名执 | 世界树类.cpp:1718:链(const 基础信息节点类* 抽象特征节点) const {     return 特征服务_.校验抽象特征子链(抽象特征节点); }  // 功能：按函数名执行对应处理。 bool 世界树类::匹配抽象特征(const 抽象特征节点类* 抽象特征, const 特征节点类 | 世界树类.h:140:象特征,         const 语素入口节点类* 特征类型) const;     bool 校验抽象特征子链(const 基础信息节点类* 抽象特征节点) const;     bool 匹配抽象特征(const 抽象特征节点类* 抽象特征, const 特征节点类*  | 特征类.cpp:747:   return nullptr; }  // 功能：按函数名执行对应处理。 bool 特征类::校验抽象特征子链(const 基础信息节点类* 抽象特征节点) const {     if (!基础信息_ || !抽象特征节点) return false;      con | 特征类.cpp:778: }         已见名称.push_back(子信息->名称);          if (!校验抽象特征子链(static_cast<const 抽象特征节点类*>(子节点))) {             return false;         }     }   | 特征类.cpp:2594:_value()) {         return false;     }      if (!校验抽象特征子链(抽象特征)) {         return false;     }      for (auto* 抽象子节点 : 私有_直接抽象特征子节点(*基础信息_ | 特征类.h:260:父抽象特征,         const 语素入口节点类* 名称) const;     bool 校验抽象特征子链(const 基础信息节点类* 抽象特征节点) const;     抽象特征节点类* 取或创建子抽象特征_按类型(         基础信息节点类* 父抽象特征
present	自我类::是否待机状态	是否待机状态	自我类.cpp:1025	7	7	bool 自我类::是否待机状态() const noexcept	类别=执行;输入=有自定义类型;输出=bool;副作用=无明显副作用;领域=自我;约束=noexcept	"控制面板类.cpp:9334:建立 = 自我.获取自我内部世界() != nullptr;     快照.自我待机状态 = 自我.是否待机状态();     快照.自我安全值 = 自我.获取安全值();     快照.自我服务值 = 自我.获取服务值();     快照.自我风险安全值 = 自我.获取风 | 自我类.cpp:985:turn 获取安全值() == 0; }  // 功能：按函数名执行对应处理。 bool 自我类::是否待机状态() const noexcept {     return standby_mode_.load(std::memory_order_acquire); }   | 自我类.ixx:140:xcept;      bool 是否已消亡() const noexcept;     bool 是否待机状态() const noexcept;      I64 根目标安全值() const noexcept;     I64 根目标服务值() const noexc | 自我线程模块.impl.cpp:15704:   }      执行休眠期自检报告修复门控_(         now,         自我.是否待机状态()             || 上下文.结果.当前最终去向 == 枚举_自我线程最终去向::待机);      return 上下文.结果; }  // 功能 | 自我线程模块.消息批次执行器.ixx:250:   return 枚举_任务管理根层重判结果::收束优先;     }     if (自我对象.是否待机状态() || 自我对象.获取服务值() <= 0) {         return 枚举_任务管理根层重判结果::待机保持;     }     return 枚 | 自我线程模块.消息批次执行器.ixx:290: 执行前门控结果 == 枚举_任务管理执行前门控结果::仅允许等待         || 自我对象.是否待机状态()) {         return ""待机"";     }     return ""推进""; }  // 功能：计算权重、状态、差值或派生结果。 inlin | 自我线程模块.消息批次执行器.ixx:374: 执行前门控结果 == 枚举_任务管理执行前门控结果::仅允许等待         || 自我对象.是否待机状态()) {         return 枚举_批次执行去向::待机;     }      if (承接结果.调度动作 == 任务管理线程协议::枚举_任务界面"
present	自我类::读取自我指针特征当前值	读取自我指针特征当前值	自我类.cpp:1105	7	7	bool 自我类::读取自我指针特征当前值( const 语素入口节点类* 特征类型, std::uintptr_t& 输出值) const noexcept	类别=读取;输入=有自定义类型;输出=bool;副作用=无明显副作用;领域=自我;约束=noexcept	自我类.cpp:1065:4(特征节点, 值, now); }  // 功能：从指定来源读取数据或状态。 bool 自我类::读取自我指针特征当前值(     const 语素入口节点类* 特征类型,     std::uintptr_t& 输出值) const noexcept {     if (!特征类 | 自我类.cpp:1258:t noexcept {     std::uintptr_t 指针值 = 0;     if (!读取自我指针特征当前值(自我特征定义类::类型_自我_当前主需求(), 指针值)) {         return nullptr;     }     return reinter | 自我类.cpp:1268:t noexcept {     std::uintptr_t 指针值 = 0;     if (!读取自我指针特征当前值(自我特征定义类::类型_自我_当前主任务(), 指针值)) {         return nullptr;     }     return reinter | 自我类.cpp:1278:t noexcept {     std::uintptr_t 指针值 = 0;     if (!读取自我指针特征当前值(自我特征定义类::类型_自我_当前主方法(), 指针值)) {         return nullptr;     }     return reinter | 自我类.cpp:1973:  (void)自我存在;     std::uintptr_t 当前值 = 0;     if (读取自我指针特征当前值(特征类型, 当前值)) {         return;     }     (void)写入自我指针特征当前值(         特征类型,         | 自我类.ixx:162: now = 结构体_时间戳::当前_微秒()     ) noexcept;      bool 读取自我指针特征当前值(         const 语素入口节点类* 特征类型,         std::uintptr_t& 输出值     ) const noexcept;  | 自我类.初始化.cpp:104:      std::uintptr_t 临时值 = 0;         return 自我对象.读取自我指针特征当前值(特征类型, 临时值);     }      // 功能：服务所在模块的内部辅助流程。     bool 私有_当前自我概念集已就绪(const 自我类& 自我
present	自我类::确保自我内部世界_	确保自我内部世界_	自我类.cpp:1960	7	7	场景节点类* 自我类::确保自我内部世界_() noexcept	类别=未分类;输入=有自定义类型;输出=指针/引用/句柄;副作用=无明显副作用;领域=自我;约束=noexcept	自我类.cpp:876:状态或前置条件存在并可用。 场景节点类* 自我类::确保自我内部世界() {     return 确保自我内部世界_(); }  // 功能：确保目标结构、状态或前置条件存在并可用。 存在节点类* 自我类::确保自我存在() {     return 确保自我存在_(); }  | 自我类.cpp:890:std::string& 线程池类型) noexcept {     auto* 自我内部世界 = 确保自我内部世界_();     if (!自我内部世界) return nullptr;      return 世界树.取或创建子存在_按名称类型(         自我内部世 | 自我类.cpp:903:t 结构_线程存在初始化参数& 参数) noexcept {     基础信息节点类* 父节点 = 确保自我内部世界_();     if (!父节点) return nullptr;      if (参数.是工作线程 && !参数.所属线程池标签.empty()) {     | 自我类.cpp:1920:现实场景(); }  // 功能：确保目标结构、状态或前置条件存在并可用。 场景节点类* 自我类::确保自我内部世界_() noexcept {     auto* 自我存在 = 确保自我存在_();     if (!自我存在) return nullptr;     cons | 自我类.cpp:2262:世界树.自我所在场景             ? 世界树.自我所在场景             : 确保自我内部世界_();         auto* 特征节点 = 私有_确保存在特征节点(             自我存在,             目标特征类型);      | 自我类.ixx:294:ept;      场景节点类* 确保自我现实场景_() noexcept;     场景节点类* 确保自我内部世界_() noexcept;     存在节点类* 确保自我存在_() noexcept;     特征节点类* 确保自我特征_(const 语素入口节点类* 特征类 | 自我类.初始化.cpp:290:= 自我对象.确保自我现实场景_();             auto* 内部世界 = 自我对象.确保自我内部世界_();             return 自我存在                 && 现实场景                 && 内部世界
present	自我类::重算时序回归步长_按当前双值_	重算时序回归步长_按当前双值_	自我类.cpp:2443	7	7	void 自我类::重算时序回归步长_按当前双值_() noexcept	类别=执行;输入=有自定义类型;输出=void;副作用=无明显副作用;领域=自我;约束=noexcept	"自我类.cpp:2394:re),         now); }  // 功能：按函数名执行对应处理。 void 自我类::重算时序回归步长_按当前双值_() noexcept {     const I64 当前服务值 = 获取服务值();     const I64 当前安全值 = 获取安全值();     t | 自我类.cpp:2471:安全值(),         新值,         结构体_时间戳::当前_微秒());     重算时序回归步长_按当前双值_();     (void)原因类别;     (void)原因说明; }  // 功能：按函数名执行对应处理。 void 自我类::安全值_下降_(I64 de | 自我类.cpp:2484:安全值(),         新值,         结构体_时间戳::当前_微秒());     重算时序回归步长_按当前双值_();     (void)原因类别;     (void)原因说明; }  // 功能：按函数名执行对应处理。 void 自我类::服务值_上升_(I64 de | 自我类.cpp:2497:服务值(),         新值,         结构体_时间戳::当前_微秒());     重算时序回归步长_按当前双值_();     (void)原因类别;     (void)原因说明; }  // 功能：按函数名执行对应处理。 void 自我类::服务值_下降_(I64 de | 自我类.cpp:2510:服务值(),         新值,         结构体_时间戳::当前_微秒());     重算时序回归步长_按当前双值_();     (void)原因类别;     (void)原因说明; }   | 自我类.ixx:328: noexcept;     void 同步运行态特征_() noexcept;     void 重算时序回归步长_按当前双值_() noexcept;     I64 计算服务衰减步长_按双值_(I64 服务值, I64 安全值) const noexcept;     I64 计算安全 | 自我类.初始化.cpp:346:与特征同步"",         [&]() noexcept {             自我对象.重算时序回归步长_按当前双值_();             自我对象.同步运行态特征_();             return true;         });      auto 结"
present	自我线程类::步骤_规范化消息并落一次特征账_	步骤_规范化消息并落一次特征账_	自我线程模块.impl.cpp:16417	7	7	void 自我线程类::步骤_规范化消息并落一次特征账_(结构_主循环骨架上下文* 上下文)	类别=执行;输入=有自定义类型;输出=void;副作用=无明显副作用;领域=自我;约束=无显式约束	"自我线程模块.impl.cpp:15614:请求(""冻结消息批次后"")) {         return 上下文.结果;     }     步骤_规范化消息并落一次特征账_(&上下文);     (void)抢占落账任务管理成功结果_(&上下文, ""规范化消息后"", now);     (void)抢占落账任务管理派生需求_(&上下 | 自我线程模块.impl.cpp:15735:线程运行阶段::主循环消息归并; }  // 功能：按函数名执行对应处理。 void 自我线程类::步骤_规范化消息并落一次特征账_(结构_主循环骨架上下文* 上下文) {     if (!上下文) {         return;     }      上下文->结果.当前运行阶段 =  | 自我线程模块.impl.cpp:15974:余mailbox消息数;     抢占上下文.规范化后清空全局冻结批次 = false;      步骤_规范化消息并落一次特征账_(&抢占上下文);      上下文->结果.任务管理治理触发 =         上下文->结果.任务管理治理触发         || 抢占上下文.结果.任务 | 自我线程模块.impl.cpp:16073:余mailbox消息数;     抢占上下文.规范化后清空全局冻结批次 = false;      步骤_规范化消息并落一次特征账_(&抢占上下文);      上下文->结果.任务管理治理触发 =         上下文->结果.任务管理治理触发         || 抢占上下文.结果.任务 | 自我线程模块.impl.cpp:16171:余mailbox消息数;     抢占上下文.规范化后清空全局冻结批次 = false;      步骤_规范化消息并落一次特征账_(&抢占上下文);      上下文->结果.任务管理治理触发 =         上下文->结果.任务管理治理触发         || 抢占上下文.结果.任务 | 自我线程模块.impl.cpp:16261:剩余mailbox消息数;     抢占上下文.规范化后清空全局冻结批次 = false;     步骤_规范化消息并落一次特征账_(&抢占上下文);      上下文->结果.任务管理治理触发 =         上下文->结果.任务管理治理触发         || 抢占上下文.结果.任务 | 自我线程模块.ixx:994:    void 步骤_冻结本轮消息批次_(结构_主循环骨架上下文* 上下文);     void 步骤_规范化消息并落一次特征账_(结构_主循环骨架上下文* 上下文);     void 步骤_重算受影响二次特征_(结构_主循环骨架上下文* 上下文);     void 步骤_刷新线程上下文"
present	自检线程类::请求休眠期自检	请求休眠期自检	自检线程模块.impl.cpp:1554	7	7	void 自检线程类::请求休眠期自检()	类别=执行;输入=有自定义类型;输出=void;副作用=无明显副作用;领域=全局通用候选;约束=无显式约束	"自检线程模块.impl.cpp:1476:程_.join();     } }  // 功能：按函数名执行对应处理。 void 自检线程类::请求休眠期自检() {     休眠期自检请求_.store(true);     {         std::lock_guard<std::mutex> 锁(状态锁_); | 自检线程模块.impl.cpp:2162:.请求停止();     线程.等待停止(); }  // 功能：按函数名执行对应处理。 void 请求休眠期自检() {     获取全局自检线程().请求休眠期自检(); }  // 功能：从指定来源读取数据或状态。 结构_自检线程摘要 读取自检线程摘要() {      | 自检线程模块.impl.cpp:2164:// 功能：按函数名执行对应处理。 void 请求休眠期自检() {     获取全局自检线程().请求休眠期自检(); }  // 功能：从指定来源读取数据或状态。 结构_自检线程摘要 读取自检线程摘要() {     return 获取全局自检线程().读取摘要(); } | 自检线程模块.ixx:100:alse);     void 请求停止();     void 等待停止();     void 请求休眠期自检();      bool 是否健康运行() const noexcept;     枚举_自检线程生命周期状态 读取生命周期状态() const noexcep | 自检线程模块.ixx:146:启动自检线程只读观察模式(); export void 停止自检线程(); export void 请求休眠期自检(); export 结构_自检线程摘要 读取自检线程摘要(); export const char* 自检线程生命周期文本(枚举_自检线程生命周期状态 状态)  | 鱼巢.cpp:2109:  }              if (输入 == ""4"") {                 请求休眠期自检();                 std::this_thread::sleep_for(std::chrono::milliseconds(800));  | 鱼巢.cpp:2168:         自我线程守卫.自检已启动 = true;                     请求休眠期自检();                     const int 等待毫秒 = 私有_解析自检日志等待毫秒(argc, argv);              "
present	需求类::构造逻辑组织需求更新指令	构造逻辑组织需求更新指令	需求类.cpp:1467	7	7	结构_需求树更新指令 需求类::构造逻辑组织需求更新指令( const 结构_逻辑组织需求更新输入& 输入, 枚举_逻辑组织需求类型 类型) noexcept	类别=更新;输入=有自定义类型;输出=指针/引用/句柄;副作用=无明显副作用;领域=需求;约束=noexcept	需求类.cpp:1936:urn 指令; }  // 功能：更新已有对象、状态、索引或缓存。 结构_需求树更新指令 需求类::构造逻辑组织需求更新指令(     const 结构_逻辑组织需求更新输入& 输入,     枚举_逻辑组织需求类型 类型) noexcept {     结构_需求树更新指令 指令{} | 需求类.cpp:2028:日志(日志.str());         return {};     }     return 构造逻辑组织需求更新指令(         输入,         视图.默认逻辑组织类型); }  // 功能：更新已有对象、状态、索引或缓存。 结构_需求树更新指令 需求类::构造A | 需求类.cpp:2037:   const 结构_逻辑组织需求更新输入& 输入) noexcept {     return 构造逻辑组织需求更新指令(         输入,         枚举_逻辑组织需求类型::AND组); }  // 功能：更新已有对象、状态、索引或缓存。 结构_需求树更新指令 需求 | 需求类.cpp:2046:   const 结构_逻辑组织需求更新输入& 输入) noexcept {     return 构造逻辑组织需求更新指令(         输入,         枚举_逻辑组织需求类型::OR组); }  // 功能：更新已有对象、状态、索引或缓存。 结构_需求树更新指令 需求类 | 需求类.cpp:2055:   const 结构_逻辑组织需求更新输入& 输入) noexcept {     return 构造逻辑组织需求更新指令(         输入,         枚举_逻辑组织需求类型::方法路径组); }  // 功能：更新已有对象、状态、索引或缓存。 结构_需求树更新指令 需 | 需求类.cpp:2064:   const 结构_逻辑组织需求更新输入& 输入) noexcept {     return 构造逻辑组织需求更新指令(         输入,         枚举_逻辑组织需求类型::因果子链支撑); }  // 功能：按函数名执行对应处理。 const char* 需求类: | 需求类.h:444:  const 节点类* 需求) noexcept;      static 结构_需求树更新指令 构造逻辑组织需求更新指令(         const 结构_逻辑组织需求更新输入& 输入,         枚举_逻辑组织需求类型 类型) noexcept;      static
present	特征类::删除特征	删除特征	特征类.cpp:2269	7	8	bool 特征类::删除特征(特征节点类* 节点)	类别=清理;输入=有自定义类型;输出=bool;副作用=无明显副作用;领域=特征;约束=无显式约束	世界树类.cpp:1788:前值); }  // 功能：删除特征节点，由世界树入口承接基础信息节点删除。 bool 世界树类::删除特征(特征节点类* 节点) {     return 特征服务_.删除特征(节点); }  // 功能：确保目标结构、状态或前置条件存在并可用。 特征节点类* 世界树 | 世界树类.cpp:1790:删除。 bool 世界树类::删除特征(特征节点类* 节点) {     return 特征服务_.删除特征(节点); }  // 功能：确保目标结构、状态或前置条件存在并可用。 特征节点类* 世界树类::确保特征(基础信息节点类* 宿主, const 语素入口节点类* | 世界树类.h:162:特征类型,         const 特征值& 当前值 = {}     );     bool 删除特征(特征节点类* 节点);     特征节点类* 确保特征(基础信息节点类* 宿主, const 语素入口节点类* 特征类型);     特征节点类* 取或创建子特 | 特征类.cpp:2332:_按类型(宿主, 特征类型); }  // 功能：删除指定对象、状态或登记项。 bool 特征类::删除特征(特征节点类* 节点) {     return 基础信息_ ? 基础信息_->删除节点(节点) : false; }  // 功能：按函数名执行对应处理。 st | 特征类.h:274:征_按类型(基础信息节点类* 宿主, const 语素入口节点类* 特征类型);     bool 删除特征(特征节点类* 节点);      std::vector<特征节点类*> 枚举全部特征() const;     std::vector<特征节点类*> 获取子 | 自我动作实现.外设模块.ixx:7759:* 特征 = 查找子特征(宿主, 特征类型);             if (特征 && 世界树.删除特征(特征)) {                 ++清理数量;             }         };         清理特征(特征_派生需求()); | 自我动作实现模块.ixx:2753:* 特征 = 查找子特征(宿主, 特征类型);             if (特征 && 世界树.删除特征(特征)) {                 ++清理数量;             }         };         清理特征(特征_派生需求());
present	自我线程类::主循环_	主循环_	自我线程模块.impl.cpp:16147	7	9	void 自我线程类::主循环_()	类别=执行;输入=有自定义类型;输出=void;副作用=无明显副作用;领域=自我;约束=无显式约束	"控制面板摘要线程模块.impl.cpp:717:eturn 最新快照_; }  // 功能：按函数名执行对应处理。 void 控制面板摘要线程类::主循环_() {     枚举_控制面板摘要线程生命周期状态 旧状态 =         枚举_控制面板摘要线程生命周期状态::启动中;     {         st | 控制面板摘要线程模块.ixx:91:   结构_控制面板摘要快照 读取最新快照() const;  private:     void 主循环_();     结构_控制面板摘要快照 采集快照_();     void 写入快照_(结构_控制面板摘要快照 快照);  private:     mutabl | 自我线程模块.impl.cpp:14799:理线程恢复"");     }     工作线程_ = std::thread([this]() { 主循环_(); });     项目运行日志(""自我线程/启动 | 工作线程对象已创建"");     return true; }  // 功能：停止线程、模块或运行流程 | 自我线程模块.impl.cpp:15465:照.摘要 = 摘要.str(); }  // 功能：按函数名执行对应处理。 void 自我线程类::主循环_() {     项目运行日志(""自我线程/主循环 | 进入线程函数"");     const auto 运行态建立时间 = 结构体_时间戳::当前_微秒();  | 自我线程模块.ixx:991:        const 自我线程消息协议::结构_自检报告消息& 报告);      void 主循环_();     结构_循环结果 执行主循环一轮_(时间戳 now);     void 步骤_冻结本轮消息批次_(结构_主循环骨架上下文* 上下文);     v | 自检线程模块.impl.cpp:1544:p_front();     } }  // 功能：按函数名执行对应处理。 void 自检线程类::主循环_() {     {         std::lock_guard<std::mutex> 锁(状态锁_);         生命周期_ = 枚举_自检线程生命 | 自检线程模块.ixx:107:t;     结构_自检线程摘要 读取摘要() const;  private:     void 主循环_();     void 执行运行中自检_(时间戳 now);     void 执行休眠期自检_(时间戳 now);     void 记录事件_已加锁(时间戳"
present	特征类::初始化常用抽象特征	初始化常用抽象特征	特征类.cpp:726	7	11	常用抽象特征初始化结果 特征类::初始化常用抽象特征(基础信息节点类* 抽象特征根)	类别=构造;输入=有自定义类型;输出=指针/引用/句柄;副作用=无明显副作用;领域=特征;约束=无显式约束	世界树类.cpp:1633: {     bool 全部成功 = 初始化核心存在概念树();     全部成功 = 特征服务_.初始化常用抽象特征(取或创建抽象特征根()) && 全部成功;     全部成功 = 初始化核心概念默认特征槽() && 全部成功;     全部成功 = 绑定核心概念语素() & | 世界树类.cpp:1728:象特征(抽象特征, 实例特征); }  // 功能：初始化常用抽象特征节点。 bool 世界树类::初始化常用抽象特征(基础信息节点类* 抽象特征根) {     return 特征服务_.初始化常用抽象特征(抽象特征根); }  // 功能：创建并返回或登记对应对象。 抽象特征 | 世界树类.cpp:1730:界树类::初始化常用抽象特征(基础信息节点类* 抽象特征根) {     return 特征服务_.初始化常用抽象特征(抽象特征根); }  // 功能：创建并返回或登记对应对象。 抽象特征节点类* 世界树类::取或创建抽象特征_按类型(     基础信息节点类* 父抽象特征,  | 世界树类.h:142:抽象特征节点类* 抽象特征, const 特征节点类* 实例特征) const;     bool 初始化常用抽象特征(基础信息节点类* 抽象特征根);     抽象特征节点类* 取或创建抽象特征_按类型(         基础信息节点类* 父抽象特征,         cons | 特征类.cpp:798:抽象特征, 特征类型); }  // 功能：初始化相关对象、状态或运行上下文。 bool 特征类::初始化常用抽象特征(基础信息节点类* 抽象特征根) {     bool 全部成功 = 基础信息_ && 抽象特征根;     if (!全部成功) return false;   | 特征类.h:264:点类* 父抽象特征,         const 语素入口节点类* 特征类型);     bool 初始化常用抽象特征(基础信息节点类* 抽象特征根);     bool 常用抽象特征已初始化(const 基础信息节点类* 抽象特征根) const;      特征节点类* 创建 | 自我类.cpp:2025:取或创建抽象特征根();     if (!抽象根) return;      (void)世界树.初始化常用抽象特征(抽象根);     (void)世界树.取或创建抽象特征_按类型(         抽象根,         自我特征定义类::类型_自我_自我能力());
present	二次特征类::绑定场景	绑定场景	二次特征类.cpp:747	7	20	bool 二次特征类::绑定场景(二次特征节点类* 节点, 场景节点类* 所属场景)	类别=未分类;输入=有自定义类型;输出=bool;副作用=无明显副作用;领域=特征;约束=无显式约束	世界树类.cpp:2232:场景(二次特征节点类* 节点, 场景节点类* 所属场景) {     return 二次特征服务_.绑定场景(节点, 所属场景); }  // 功能：设置二次特征生成语义。 bool 世界树类::设置二次特征生成语义(     二次特征节点类* 节点,     枚举_二 | 二次特征应用模块.ixx:676:     // 功能：建立对象、任务、方法或因果之间的绑定关系。     bool 私有_二次特征已绑定场景(const 二次特征主信息类& 主信息, 场景节点类* 场景)     {         return 私有_引用指向节点(主信息.所属场景, 场景);    | 二次特征应用模块.ixx:1673:特征阶段时间点();             const bool 已绑定场景 = 私有_二次特征已绑定场景(*主信息, 场景);             私有_累加二次特征阶段耗时(分步语义场景绑定判断耗时微秒, 语义场景绑定判断开始);             if | 二次特征应用模块.ixx:1850:特征阶段时间点();             const bool 已绑定场景 = 私有_二次特征已绑定场景(*主信息, 场景);             私有_累加二次特征阶段耗时(分步语义场景绑定判断耗时微秒, 语义场景绑定判断开始);             if | 二次特征类.cpp:995:n out; }  // 功能：建立对象、任务、方法或因果之间的绑定关系。 bool 二次特征类::绑定场景(二次特征节点类* 节点, 场景节点类* 所属场景) {     const auto 总开始 = 私有_二次特征类阶段时间点();     std::uint6 | 二次特征类.cpp:1288:elete 主信息;         return false;     }      (void)绑定场景(节点, 场景);     (void)设置生成语义(         节点,         枚举_二次特征域::存在,         枚举_二次特征粒度:: | 二次特征类.h:128:点类*> 获取子二次特征(const 基础信息节点类* 父节点) const;      bool 绑定场景(二次特征节点类* 节点, 场景节点类* 所属场景);     bool 设置生成语义(         二次特征节点类* 节点,         枚举_二次特征
present	二次特征类::刷新概念模板	刷新概念模板	二次特征类.cpp:1310	7	24	bool 二次特征类::刷新概念模板(二次特征节点类* 节点)	类别=执行;输入=有自定义类型;输出=bool;副作用=无明显副作用;领域=特征;约束=无显式约束	世界树类.cpp:2366:界树类::刷新二次特征概念模板(二次特征节点类* 节点) {     return 二次特征服务_.刷新概念模板(节点); }  // 功能：确保二次特征引用列表中的条件节点具备默认值。 void 世界树类::确保二次特征列表具备默认值(     const std::ve | 二次特征类.cpp:1344:_微秒());         if (!概念模板可复用) {             (void)刷新概念模板(节点);         }         return true;     }      const auto 写入开始 = 私有_二次特征类阶段时间点() | 二次特征类.cpp:1382:to 刷新概念模板开始 = 私有_二次特征类阶段时间点();         概念模板刷新结果 = 刷新概念模板(节点);         刷新概念模板耗时微秒 = 私有_二次特征类阶段耗时微秒(             刷新概念模板开始,             私有_二 | 二次特征类.cpp:1499:_微秒());         if (!概念模板可复用) {             (void)刷新概念模板(节点);         }         return true;     }      const auto 写入开始 = 私有_二次特征类阶段时间点() | 二次特征类.cpp:1532:to 刷新概念模板开始 = 私有_二次特征类阶段时间点();         概念模板刷新结果 = 刷新概念模板(节点);         刷新概念模板耗时微秒 = 私有_二次特征类阶段耗时微秒(             刷新概念模板开始,             私有_二 | 二次特征类.cpp:1584:    return true; }  // 功能：按函数名执行对应处理。 bool 二次特征类::刷新概念模板(二次特征节点类* 节点) {     const auto 总开始 = 私有_二次特征类阶段时间点();     std::uint64_t 主信息读取耗时微秒 | 二次特征类.h:188:false);     bool 刷新度量签名_链键(二次特征节点类* 节点);     bool 刷新概念模板(二次特征节点类* 节点);  private:     bool 私有_写入标量值_已取主信息(         二次特征节点类* 节点,         二次
present	世界树类::匹配抽象特征	匹配抽象特征	世界树类.cpp:1371	8	8	bool 世界树类::匹配抽象特征(const 抽象特征节点类* 抽象特征, const 特征节点类* 实例特征) const	类别=比较;输入=有自定义类型;输出=bool;副作用=无明显副作用;领域=世界;约束=无显式约束	世界树类.cpp:1722:校验抽象特征子链(抽象特征节点); }  // 功能：按函数名执行对应处理。 bool 世界树类::匹配抽象特征(const 抽象特征节点类* 抽象特征, const 特征节点类* 实例特征) const {     return 特征服务_.匹配抽象特征(抽象特征, 实例 | 世界树类.cpp:1724:抽象特征, const 特征节点类* 实例特征) const {     return 特征服务_.匹配抽象特征(抽象特征, 实例特征); }  // 功能：初始化常用抽象特征节点。 bool 世界树类::初始化常用抽象特征(基础信息节点类* 抽象特征根) {     re | 世界树类.h:141:l 校验抽象特征子链(const 基础信息节点类* 抽象特征节点) const;     bool 匹配抽象特征(const 抽象特征节点类* 抽象特征, const 特征节点类* 实例特征) const;     bool 初始化常用抽象特征(基础信息节点类* 抽象特征根 | 特征类.cpp:2560:主信息(static_cast<特征节点类*>(具体目标))                 && 匹配抽象特征(                     static_cast<抽象特征节点类*>(抽象目标),                     static_cas | 特征类.cpp:2572:     return false; }  // 功能：按函数名执行对应处理。 bool 特征类::匹配抽象特征(const 抽象特征节点类* 抽象特征, const 特征节点类* 实例特征) const {     const auto* 抽象主信息 = 取抽象特征主信息 | 特征类.cpp:2607:             return false;         }         if (!匹配抽象特征(static_cast<const 抽象特征节点类*>(抽象子节点), 实例子节点)) {             return false;          | 特征类.cpp:2631:     && 语素入口同一(抽象主信息->类型, 主信息->类型)             && 匹配抽象特征(抽象特征, 节点)) {             return 节点;         }     }     return nullptr; }  // 功能 | 特征类.h:294:* 抽象特征,         const 特征值& 值) noexcept;      bool 匹配抽象特征(const 抽象特征节点类* 抽象特征, const 特征节点类* 实例特征) const;     特征节点类* 查找实例特征_按抽象特征(
present	世界树类::取或创建抽象特征_按类型	取或创建抽象特征_按类型	世界树类.cpp:1377	8	8	抽象特征节点类* 世界树类::取或创建抽象特征_按类型( 基础信息节点类* 父抽象特征, const 语素入口节点类* 特征类型)	类别=构造;输入=有自定义类型;输出=指针/引用/句柄;副作用=无明显副作用;领域=世界;约束=无显式约束	世界树类.cpp:1734:象特征(抽象特征根); }  // 功能：创建并返回或登记对应对象。 抽象特征节点类* 世界树类::取或创建抽象特征_按类型(     基础信息节点类* 父抽象特征,     const 语素入口节点类* 特征类型) {     return 特征服务_.取或创建子抽象特征_按类型(  | 世界树类.h:143:     bool 初始化常用抽象特征(基础信息节点类* 抽象特征根);     抽象特征节点类* 取或创建抽象特征_按类型(         基础信息节点类* 父抽象特征,         const 语素入口节点类* 特征类型);     特征节点类* 取或创建实例特征_按抽象特征 | 自我动作实现模块.ixx:3255:根();         return 抽象根 && 特征类型             ? 世界树.取或创建抽象特征_按类型(抽象根, 特征类型)             : nullptr;     }      // 功能：把处理结果写入指定对象、场景或日志。     inline | 自我类.cpp:2026:urn;      (void)世界树.初始化常用抽象特征(抽象根);     (void)世界树.取或创建抽象特征_按类型(         抽象根,         自我特征定义类::类型_自我_自我能力());     (void)世界树.取或创建抽象特征_按类型(        | 自我类.cpp:2029:象根,         自我特征定义类::类型_自我_自我能力());     (void)世界树.取或创建抽象特征_按类型(         抽象根,         自我特征定义类::类型_线程_Tick计数());     (void)世界树.取或创建抽象特征_按类型(      | 自我类.cpp:2032:,         自我特征定义类::类型_线程_Tick计数());     (void)世界树.取或创建抽象特征_按类型(         抽象根,         自我特征定义类::类型_线程_最近Tick时间());     const 语素入口节点类* 自检特征类型集[] = | 自我类.cpp:2042: (const auto* 特征类型 : 自检特征类型集) {         (void)世界树.取或创建抽象特征_按类型(抽象根, 特征类型);     }     const 语素入口节点类* 任务特征类型集[] = {         自我特征定义类::类型_任务_当前阶段() | 自我类.cpp:2112: (const auto* 特征类型 : 任务特征类型集) {         (void)世界树.取或创建抽象特征_按类型(抽象根, 特征类型);     } }  // 功能：执行对应模块、线程或方法的运行逻辑。 void 自我类::从特征恢复运行态_() noexcept {
present	世界树类::取或创建默认世界	取或创建默认世界	世界树类.cpp:1899	8	8	场景节点类* 世界树类::取或创建默认世界(const std::string& 名称, 枚举_世界类型 世界类型)	类别=构造;输入=有自定义类型;输出=文本;副作用=无明显副作用;领域=世界;约束=无显式约束	"世界树类.cpp:1134:化相关对象、状态或运行上下文。 void 世界树类::初始化默认世界() {     现实世界 = 取或创建默认世界(""现实世界"", 枚举_世界类型::现实世界);     文本世界 = 取或创建默认世界(""文本世界"", 枚举_世界类型::文本世界);     想象世界 = 取 | 世界树类.cpp:1135:实世界 = 取或创建默认世界(""现实世界"", 枚举_世界类型::现实世界);     文本世界 = 取或创建默认世界(""文本世界"", 枚举_世界类型::文本世界);     想象世界 = 取或创建默认世界(""想象世界"", 枚举_世界类型::想象世界);     记忆世界 = 取 | 世界树类.cpp:1136:本世界 = 取或创建默认世界(""文本世界"", 枚举_世界类型::文本世界);     想象世界 = 取或创建默认世界(""想象世界"", 枚举_世界类型::想象世界);     记忆世界 = 取或创建默认世界(""记忆世界"", 枚举_世界类型::记忆世界);     推理世界 = 取 | 世界树类.cpp:1137:象世界 = 取或创建默认世界(""想象世界"", 枚举_世界类型::想象世界);     记忆世界 = 取或创建默认世界(""记忆世界"", 枚举_世界类型::记忆世界);     推理世界 = 取或创建默认世界(""推理世界"", 枚举_世界类型::推理世界);     虚拟世界 = 取 | 世界树类.cpp:1138:忆世界 = 取或创建默认世界(""记忆世界"", 枚举_世界类型::记忆世界);     推理世界 = 取或创建默认世界(""推理世界"", 枚举_世界类型::推理世界);     虚拟世界 = 取或创建默认世界(""虚拟世界"", 枚举_世界类型::虚拟世界);     (void)初始 | 世界树类.cpp:1139:理世界 = 取或创建默认世界(""推理世界"", 枚举_世界类型::推理世界);     虚拟世界 = 取或创建默认世界(""虚拟世界"", 枚举_世界类型::虚拟世界);     (void)初始化存在概念系统(); }  // 功能：按函数名执行对应处理。 基础信息类& 世界树类: | 世界树类.cpp:3213:       比较结果); }  // 功能：创建并返回或登记对应对象。 场景节点类* 世界树类::取或创建默认世界(const std::string& 名称, 枚举_世界类型 世界类型) {     const auto* 名称词 = 语素集.添加信息入口词(名称, 枚举_ | 世界树类.h:615: 右存在,         const 集合比较参数& 参数 = {});      场景节点类* 取或创建默认世界(const std::string& 名称, 枚举_世界类型 世界类型);     场景节点类* 取或创建自我现实场景();     存在节点类* 取或创建自我"
present	世界树类::取或创建存在内部世界	取或创建存在内部世界	世界树类.cpp:1944	8	8	场景节点类* 世界树类::取或创建存在内部世界(存在节点类* 宿主存在, const 语素入口节点类* 场景名称)	类别=构造;输入=有自定义类型;输出=指针/引用/句柄;副作用=无明显副作用;领域=世界;约束=无显式约束	"世界树类.cpp:3257:读取内部世界(宿主存在); }  // 功能：创建并返回或登记对应对象。 场景节点类* 世界树类::取或创建存在内部世界(存在节点类* 宿主存在, const 语素入口节点类* 场景名称) {     if (!宿主存在) return nullptr;      if (auto | 世界树类.h:619:部世界(const 存在节点类* 宿主存在) const noexcept;     场景节点类* 取或创建存在内部世界(存在节点类* 宿主存在, const 语素入口节点类* 场景名称 = nullptr);     bool 读取存在场景绝对坐标(const 存在节点类* 节点 | 任务类.cpp:707:主存在(任务场景)) {                 if (auto* 内部世界 = 世界树.取或创建存在内部世界(宿主存在)) {                     return 内部世界;                 }             }        | 任务类.cpp:714:.取或创建自我存在()) {             if (auto* 自我内部世界 = 世界树.取或创建存在内部世界(自我存在)) {                 return 自我内部世界;             }         }          if (!世界 | 任务类.cpp:775:      (void)世界树.取存在主信息(任务虚拟存在);         (void)世界树.取或创建存在内部世界(             任务虚拟存在,             私有_任务虚拟存在内部世界名称词(任务头结点));         return 任务虚拟存在 | 方法类.cpp:2401:载世界 = nullptr;     if (宿主存在) {         承载世界 = 世界树.取或创建存在内部世界(宿主存在);     }     if (!承载世界) {         if (!世界树.虚拟世界) {             世界树.初始化默认世界() | 自我动作实现.外设模块.ixx:14068:标存在);         上下文.内部世界 = 确保内部世界             ? 世界树.取或创建存在内部世界(目标存在, 名称_存在内部世界())             : 世界树.取存在内部世界(目标存在);          上下文.外设观察报告ID = 读取I6 | 自我类.cpp:1925:息入口词(""自我内部世界"", 枚举_信息入口类型::场景实例入口);     return 世界树.取或创建存在内部世界(自我存在, 名称词); }  // 功能：确保目标结构、状态或前置条件存在并可用。 存在节点类* 自我类::确保自我存在_() noexcept {     r"
present	二次特征生成模块::获取动态二次特征	获取动态二次特征	二次特征应用模块.ixx:2717	8	8	std::vector<二次特征节点类*> 二次特征生成模块::获取动态二次特征( const 动态节点类& 动态)	类别=读取;输入=有自定义类型;输出=指针/引用/句柄;副作用=无明显副作用;领域=特征;约束=无显式约束	世界树类.cpp:2452:能：读取或生成指定动态关联的二次特征集合。 std::vector<二次特征节点类*> 世界树类::获取动态二次特征(const 动态节点类& 动态) {     return 二次特征生成服务_->获取动态二次特征(动态); }  // 功能：为相邻动态生成协同二次特征。 二 | 世界树类.cpp:2454:获取动态二次特征(const 动态节点类& 动态) {     return 二次特征生成服务_->获取动态二次特征(动态); }  // 功能：为相邻动态生成协同二次特征。 二次特征节点类* 世界树类::生成相邻动态协同二次特征(     场景节点类* 场景,     动态节 | 世界树类.h:359:征节点类** 输出节点 = nullptr);     std::vector<二次特征节点类*> 获取动态二次特征(const 动态节点类& 动态);     二次特征节点类* 生成相邻动态协同二次特征(         场景节点类* 场景,         动态节点类* 动 | 二次特征应用模块.ixx:487:态,         状态节点类* 右状态);     std::vector<二次特征节点类*> 获取动态二次特征(         const 动态节点类& 动态);     二次特征节点类* 生成相邻动态协同二次特征(         场景节点类* 场景,         | 二次特征应用模块.ixx:1323:能：读取并返回指定对象、状态或运行材料。     std::vector<二次特征节点类*> 私有_获取动态二次特征(         世界树类* 世界树,         场景节点类* 场景,         动态节点类* 动态)     {         std::vec | 二次特征应用模块.ixx:2783:取并返回指定对象、状态或运行材料。 std::vector<二次特征节点类*> 二次特征生成模块::获取动态二次特征(     const 动态节点类& 动态) {     if (!世界树_) return {};      auto* 动态节点 = const_cast<动 | 二次特征应用模块.ixx:2793:ast<场景节点类*>(父节点)         : nullptr;     return 私有_获取动态二次特征(世界树_, 场景, 动态节点); }  // 功能：根据当前输入生成目标数据、场景、动态或回执。 二次特征节点类* 二次特征生成模块::生成相邻动态协同二次特征 | 动态类.cpp:742:to 动态二次特征开始 = 私有_动态阶段时间点();             (void)世界树.获取动态二次特征(*节点);             动态二次特征耗时微秒 = 私有_动态阶段耗时微秒(                 动态二次特征开始,
present	动态类::获取场景动态	获取场景动态	动态类.cpp:1015	8	8	std::vector<动态节点类*> 动态类::获取场景动态(const 场景节点类* 场景) const	类别=读取;输入=有自定义类型;输出=指针/引用/句柄;副作用=无明显副作用;领域=动态;约束=无显式约束	世界树类.cpp:2698: 功能：读取场景动态事实目录中的动态节点快照。 std::vector<动态节点类*> 世界树类::获取场景动态(const 场景节点类* 场景) const {     return 动态服务_.获取场景动态(场景); }  // 功能：记录状态后刷新或创建相邻动态。 动 | 世界树类.cpp:2700::获取场景动态(const 场景节点类* 场景) const {     return 动态服务_.获取场景动态(场景); }  // 功能：记录状态后刷新或创建相邻动态。 动态节点类* 世界树类::状态记录后刷新动态(     场景节点类* 场景,     状态节点类*  | 世界树类.h:450:& 来源动态列表) const noexcept;     std::vector<动态节点类*> 获取场景动态(const 场景节点类* 场景) const;     动态节点类* 状态记录后刷新动态(         场景节点类* 场景,         状态节点类*  | 二次特征应用模块.ixx:2819:return 左 + 右;     };      const auto 场景动态 = 世界树_->获取场景动态(场景);     bool 已遇到当前 = false;     for (auto it = 场景动态.rbegin(); it != 场景动态.rend() | 二次特征应用模块.ixx:3150:     return nullptr;     }      auto 场景动态 = 世界树_->获取场景动态(场景);     if (场景动态.size() < 2) {         return nullptr;     }      std::vector<结 | 二次特征应用模块.ixx:3376: 场景动态快照开始 = 私有_二次特征阶段时间点();     auto 场景动态 = 世界树_->获取场景动态(场景);     场景动态数量 = 场景动态.size();     私有_累加二次特征阶段耗时(场景动态快照耗时微秒, 场景动态快照开始);     if ( | 动态类.cpp:1081:// 功能：读取并返回指定对象、状态或运行材料。 std::vector<动态节点类*> 动态类::获取场景动态(const 场景节点类* 场景) const {     std::vector<动态节点类*> out;     场景类 场景服务(基础信息_);     c | 动态类.h:126:r<动态节点类*> 枚举全部动态() const;     std::vector<动态节点类*> 获取场景动态(const 场景节点类* 场景) const;     状态节点类* 查找相邻前状态(场景节点类* 场景, 状态节点类* 新状态) const;     动态节
present	存在类::创建存在_按名称类型	创建存在_按名称类型	存在类.cpp:242	8	8	存在节点类* 存在类::创建存在_按名称类型( 基础信息节点类* 父节点, const 语素入口节点类* 名称, const 语素入口节点类* 类型)	类别=构造;输入=有自定义类型;输出=指针/引用/句柄;副作用=无明显副作用;领域=存在;约束=无显式约束	世界树类.cpp:1926:型)) {         return 已有存在;     }     return 存在服务_.创建存在_按名称类型(父节点, nullptr, 类型); }  // 功能：按名称查找父节点下的直接子存在，不创建或修改节点。 存在节点类* 世界树类::查找子存在_按名称(    | 世界树类.cpp:2001:turn 存在节点;         }     }      auto* 新存在 = 存在服务_.创建存在_按名称类型(父节点, nullptr, 类型);     if (!新存在) return nullptr;      auto* 特征节点 = 确保特征(新存在, 唯一键 | 存在类.cpp:508:节点(父节点, 主信息)); }  // 功能：创建并返回或登记对应对象。 存在节点类* 存在类::创建存在_按名称类型(     基础信息节点类* 父节点,     const 语素入口节点类* 名称,     const 语素入口节点类* 类型) {     auto* 主信息 | 存在类.cpp:536:           return 节点;         }     }      return 创建存在_按名称类型(父节点, 名称, 类型); }  // 功能：创建并返回或登记对应对象。 存在节点类* 存在类::取或创建子存在_按类型(     基础信息节点类* 父节点,  | 存在类.cpp:548:型(父节点, 类型)) {         return 命中;     }     return 创建存在_按名称类型(父节点, nullptr, 类型); }  // 功能：确保目标结构、状态或前置条件存在并可用。 存在节点类* 存在类::确保存在概念(     基础信息节点类 | 存在类.cpp:560:概念父节点, 名称)) {         return 命中;     }     return 创建存在_按名称类型(概念父节点, 名称, nullptr); }  // 功能：创建并返回或登记对应对象。 存在节点类* 存在类::创建存在实例(     基础信息节点类* 父节点 | 存在类.cpp:570: {     if (!基础信息_) return nullptr;     auto* 实例 = 创建存在_按名称类型(         父节点 ? 父节点 : 基础信息_->世界根(),         名称,         nullptr);     if (!实例) re | 存在类.h:60:点类* 创建存在(基础信息节点类* 父节点, 存在节点主信息类* 主信息);     存在节点类* 创建存在_按名称类型(         基础信息节点类* 父节点,         const 语素入口节点类* 名称 = nullptr,         const 语素入口节点
present	存在类::创建特征_按类型	创建特征_按类型	存在类.cpp:471	8	8	特征节点类* 存在类::创建特征_按类型( 基础信息节点类* 宿主, const 语素入口节点类* 特征类型, const 特征值& 当前值)	类别=构造;输入=有自定义类型;输出=指针/引用/句柄;副作用=无明显副作用;领域=存在;约束=无显式约束	世界树类.cpp:1779:  // 功能：按类型创建特征节点，由世界树入口承接基础信息子节点创建。 特征节点类* 世界树类::创建特征_按类型(     基础信息节点类* 宿主,     const 语素入口节点类* 特征类型,     const 特征值& 当前值) {     return 特征服务 | 世界树类.cpp:1784:节点类* 特征类型,     const 特征值& 当前值) {     return 特征服务_.创建特征_按类型(宿主, 特征类型, 当前值); }  // 功能：删除特征节点，由世界树入口承接基础信息节点删除。 bool 世界树类::删除特征(特征节点类* 节点) {   | 世界树类.h:157:节点类* 创建特征(基础信息节点类* 宿主, 特征节点主信息类* 主信息);     特征节点类* 创建特征_按类型(         基础信息节点类* 宿主,         const 语素入口节点类* 特征类型,         const 特征值& 当前值 = {}   | 任务类.cpp:1907:法；同一特征类型可出现多次，每个值指向一个方法虚拟存在。     auto* 候选特征 = 世界树.创建特征_按类型(         任务虚拟存在,         自我特征定义类::类型_任务_方法候选集());     return 候选特征         && 世界树 | 特征类.cpp:2308:子节点(宿主, 主信息)); }  // 功能：创建并返回或登记对应对象。 特征节点类* 特征类::创建特征_按类型(     基础信息节点类* 宿主,     const 语素入口节点类* 特征类型,     const 特征值& 当前值) {     if (!特征类型)  | 特征类.cpp:2328:(宿主, 特征类型)) {         return 命中;     }     return 创建特征_按类型(宿主, 特征类型); }  // 功能：删除指定对象、状态或登记项。 bool 特征类::删除特征(特征节点类* 节点) {     return 基础信息_  | 特征类.cpp:2434:查找子特征_按类型(目标宿主, 来源主信息->类型)) continue;         if (创建特征_按类型(目标宿主, 来源主信息->类型, 来源主信息->当前值)) {             ++复制数量;         }     }     return 复 | 特征类.h:268:节点类* 创建特征(基础信息节点类* 宿主, 特征节点主信息类* 主信息);     特征节点类* 创建特征_按类型(         基础信息节点类* 宿主,         const 语素入口节点类* 特征类型,         const 特征值& 当前值 = {}
present	特征类::创建特征_按类型	创建特征_按类型	特征类.cpp:2245	8	8	特征节点类* 特征类::创建特征_按类型( 基础信息节点类* 宿主, const 语素入口节点类* 特征类型, const 特征值& 当前值)	类别=构造;输入=有自定义类型;输出=指针/引用/句柄;副作用=无明显副作用;领域=特征;约束=无显式约束	世界树类.cpp:1779:  // 功能：按类型创建特征节点，由世界树入口承接基础信息子节点创建。 特征节点类* 世界树类::创建特征_按类型(     基础信息节点类* 宿主,     const 语素入口节点类* 特征类型,     const 特征值& 当前值) {     return 特征服务 | 世界树类.cpp:1784:节点类* 特征类型,     const 特征值& 当前值) {     return 特征服务_.创建特征_按类型(宿主, 特征类型, 当前值); }  // 功能：删除特征节点，由世界树入口承接基础信息节点删除。 bool 世界树类::删除特征(特征节点类* 节点) {   | 世界树类.h:157:节点类* 创建特征(基础信息节点类* 宿主, 特征节点主信息类* 主信息);     特征节点类* 创建特征_按类型(         基础信息节点类* 宿主,         const 语素入口节点类* 特征类型,         const 特征值& 当前值 = {}   | 任务类.cpp:1907:法；同一特征类型可出现多次，每个值指向一个方法虚拟存在。     auto* 候选特征 = 世界树.创建特征_按类型(         任务虚拟存在,         自我特征定义类::类型_任务_方法候选集());     return 候选特征         && 世界树 | 特征类.cpp:2308:子节点(宿主, 主信息)); }  // 功能：创建并返回或登记对应对象。 特征节点类* 特征类::创建特征_按类型(     基础信息节点类* 宿主,     const 语素入口节点类* 特征类型,     const 特征值& 当前值) {     if (!特征类型)  | 特征类.cpp:2328:(宿主, 特征类型)) {         return 命中;     }     return 创建特征_按类型(宿主, 特征类型); }  // 功能：删除指定对象、状态或登记项。 bool 特征类::删除特征(特征节点类* 节点) {     return 基础信息_  | 特征类.cpp:2434:查找子特征_按类型(目标宿主, 来源主信息->类型)) continue;         if (创建特征_按类型(目标宿主, 来源主信息->类型, 来源主信息->当前值)) {             ++复制数量;         }     }     return 复 | 特征类.h:268:节点类* 创建特征(基础信息节点类* 宿主, 特征节点主信息类* 主信息);     特征节点类* 创建特征_按类型(         基础信息节点类* 宿主,         const 语素入口节点类* 特征类型,         const 特征值& 当前值 = {}
present	特征类::匹配抽象特征	匹配抽象特征	特征类.cpp:2425	8	8	bool 特征类::匹配抽象特征(const 抽象特征节点类* 抽象特征, const 特征节点类* 实例特征) const	类别=比较;输入=有自定义类型;输出=bool;副作用=无明显副作用;领域=特征;约束=无显式约束	世界树类.cpp:1722:校验抽象特征子链(抽象特征节点); }  // 功能：按函数名执行对应处理。 bool 世界树类::匹配抽象特征(const 抽象特征节点类* 抽象特征, const 特征节点类* 实例特征) const {     return 特征服务_.匹配抽象特征(抽象特征, 实例 | 世界树类.cpp:1724:抽象特征, const 特征节点类* 实例特征) const {     return 特征服务_.匹配抽象特征(抽象特征, 实例特征); }  // 功能：初始化常用抽象特征节点。 bool 世界树类::初始化常用抽象特征(基础信息节点类* 抽象特征根) {     re | 世界树类.h:141:l 校验抽象特征子链(const 基础信息节点类* 抽象特征节点) const;     bool 匹配抽象特征(const 抽象特征节点类* 抽象特征, const 特征节点类* 实例特征) const;     bool 初始化常用抽象特征(基础信息节点类* 抽象特征根 | 特征类.cpp:2560:主信息(static_cast<特征节点类*>(具体目标))                 && 匹配抽象特征(                     static_cast<抽象特征节点类*>(抽象目标),                     static_cas | 特征类.cpp:2572:     return false; }  // 功能：按函数名执行对应处理。 bool 特征类::匹配抽象特征(const 抽象特征节点类* 抽象特征, const 特征节点类* 实例特征) const {     const auto* 抽象主信息 = 取抽象特征主信息 | 特征类.cpp:2607:             return false;         }         if (!匹配抽象特征(static_cast<const 抽象特征节点类*>(抽象子节点), 实例子节点)) {             return false;          | 特征类.cpp:2631:     && 语素入口同一(抽象主信息->类型, 主信息->类型)             && 匹配抽象特征(抽象特征, 节点)) {             return 节点;         }     }     return nullptr; }  // 功能 | 特征类.h:294:* 抽象特征,         const 特征值& 值) noexcept;      bool 匹配抽象特征(const 抽象特征节点类* 抽象特征, const 特征节点类* 实例特征) const;     特征节点类* 查找实例特征_按抽象特征(
present	自我类::确保自我存在_	确保自我存在_	自我类.cpp:1969	8	8	存在节点类* 自我类::确保自我存在_() noexcept	类别=未分类;输入=有自定义类型;输出=指针/引用/句柄;副作用=无明显副作用;领域=自我;约束=noexcept	"自我类.cpp:882:构、状态或前置条件存在并可用。 存在节点类* 自我类::确保自我存在() {     return 确保自我存在_(); }  // 功能：确保目标结构、状态或前置条件存在并可用。 存在节点类* 自我类::确保线程池存在(     const std::string& 线程池 | 自我类.cpp:1922:节点类* 自我类::确保自我内部世界_() noexcept {     auto* 自我存在 = 确保自我存在_();     if (!自我存在) return nullptr;     const auto* 名称词 = 语素集.添加信息入口词(""自我内部世界"", 枚举 | 自我类.cpp:1929:, 名称词); }  // 功能：确保目标结构、状态或前置条件存在并可用。 存在节点类* 自我类::确保自我存在_() noexcept {     return 世界树.取或创建自我存在(); }  // 功能：确保目标结构、状态或前置条件存在并可用。 特征节点类* 自我类 | 自我类.cpp:1939:     if (!特征类型) return nullptr;      auto* 自我存在 = 确保自我存在_();     if (!自我存在) return nullptr;      auto* 特征节点 = 世界树.取或创建子特征_按类型(自我存在, 特征类型); | 自我类.cpp:1985:d 自我类::初始化自我特征与默认值_() noexcept {     auto* 自我存在 = 确保自我存在_();     if (!自我存在) return;     const 时间戳 now = 结构体_时间戳::当前_微秒();      const I64 默 | 自我类.cpp:2153:类::确保自我根需求与根任务已初始化_() noexcept {     auto* 自我存在 = 确保自我存在_();     if (鱼巢_不允许空指(自我存在, ""自我类/自我根需求与根任务初始化/自我存在缺失"")) {         私有_报告自我结构根创建失败(n | 自我类.ixx:295:cept;     场景节点类* 确保自我内部世界_() noexcept;     存在节点类* 确保自我存在_() noexcept;     特征节点类* 确保自我特征_(const 语素入口节点类* 特征类型) noexcept;      void 确保自我I64特 | 自我类.初始化.cpp:288:ory_order_release);             auto* 自我存在 = 自我对象.确保自我存在_();             auto* 现实场景 = 自我对象.确保自我现实场景_();             auto* 内部世界 = 自我对象.确保自我"
present	自我线程类::读取自我线程最小状态快照	读取自我线程最小状态快照	自我线程模块.impl.cpp:15635	8	8	自我线程类::结构_自我线程最小状态快照 自我线程类::读取自我线程最小状态快照() const	类别=读取;输入=有自定义类型;输出=其他;副作用=无明显副作用;领域=自我;约束=无显式约束	"控制面板摘要线程模块.impl.cpp:245:法根节点(自我存在) : nullptr;         const auto 自我线程快照 = 读取自我线程最小状态快照();          std::uint64_t 版本 = 1469598103934665603ull;         版本 = 私有_混合世界版本(版本 | 控制面板摘要线程模块.impl.cpp:570:tring 私有_采集自我线程摘要()     {         const auto 快照 = 读取自我线程最小状态快照();         std::ostringstream oss;         oss << ""生命周期="" << 私有_自我线程生命周期文本(      | 控制面板类.cpp:9354:k::now() < 等待截止);     }     const auto 自我线程最小快照 = 读取自我线程最小状态快照();     const auto 生命周期 =         static_cast<枚举_线程生命周期状态>(自我线程最小快照.生命周期值);     c | 自我线程模块.impl.cpp:14946:  // 功能：从指定来源读取数据或状态。 自我线程类::结构_自我线程最小状态快照 自我线程类::读取自我线程最小状态快照() const {     结构_自我线程最小状态快照 快照{};     const auto* 生命周期特征 = 自我特征定义类::类型_线程_生命周期状态 | 自我线程模块.impl.cpp:17528:报告)); }  // 功能：从指定来源读取数据或状态。 自我线程类::结构_自我线程最小状态快照 读取自我线程最小状态快照() {     return 获取全局自我线程().读取自我线程最小状态快照(); }  // 功能：按函数名执行对应处理。 bool 上报任务管理上行消息(c | 自我线程模块.impl.cpp:17530:自我线程最小状态快照 读取自我线程最小状态快照() {     return 获取全局自我线程().读取自我线程最小状态快照(); }  // 功能：按函数名执行对应处理。 bool 上报任务管理上行消息(const 结构_任务管理上行消息& 消息) {     auto 治理消息 = | 自我线程模块.ixx:572:64_t 读取累计恢复次数() const noexcept;     结构_自我线程最小状态快照 读取自我线程最小状态快照() const;     std::string 读取上次故障摘要() const;     std::string 读取最近恢复摘要() const;     | 自我线程模块.ixx:1101:消息协议::结构_自检报告消息& 报告); export 自我线程类::结构_自我线程最小状态快照 读取自我线程最小状态快照(); export bool 投递治理外部反馈事件(     const std::string& 摘要,     const std::string& 来源主"
present	语素类::查找词_已加锁	查找词_已加锁	语素类.cpp:1142	8	8	词节点类* 语素类::查找词_已加锁(const std::string& 词字符串) const	类别=查找;输入=有自定义类型;输出=文本;副作用=无明显副作用;领域=语素;约束=锁约束	"语素类.cpp:780:字符串, i, step);         i += step;          当前节点 = 查找词_已加锁(前缀);         if (当前节点) {             游标 = 当前节点;             continue;         }  | 语素类.cpp:814:- 输入词字符串为空"");     }      读锁守卫 lk(链表锁);     return 查找词_已加锁(词字符串); }  // 功能：读取并返回指定对象、状态或运行材料。 词节点类* 语素类::获取词节点指针(const std::string& 词字符串) c | 语素类.cpp:823:()) return nullptr;      读锁守卫 lk(链表锁);     return 查找词_已加锁(词字符串); }  // 功能：只读返回语素树根节点。 const 语素节点类* 语素类::获取语素树根节点() const noexcept {     读锁 | 语素类.cpp:883:return nullptr;     读锁守卫 lk(链表锁);     auto* 词节点 = 查找词_已加锁(词值);     return 查找人类词性入口节点_已加锁(词节点, 词性值); }  // 功能：按词值和人类词性文本只读查找语素入口节点，不隐式创建词或入 | 语素类.cpp:919:return nullptr;     读锁守卫 lk(链表锁);     auto* 词节点 = 查找词_已加锁(词值);     return 查找信息入口节点_已加锁(词节点, 信息入口类型); }  // 功能：按函数名执行对应处理。 语素入口节点类* 语素类::添加 | 语素类.cpp:1261:；返回的基础信息是否满足任务 / 需求需由特征和二次特征另行判断。     auto* 词节点 = 查找词_已加锁(词字符串);     if (!词节点 || !词节点->子) return 全部结果;      auto* 起点 = 词节点->子;     auto* 游 | 语素类.cpp:1413:llptr;     } }  // 功能：按条件查找目标对象、方法或事实。 词节点类* 语素类::查找词_已加锁(const std::string& 词字符串) const {     if (词字符串.empty() || !根指针 || 根指针->下 == 根指针)  | 语素类.h:134:vate:     void 私有_清理主信息_已加锁() noexcept;     词节点类* 查找词_已加锁(const std::string& 词字符串) const;     语素入口节点类* 查找人类词性入口节点_已加锁(const 链节点类* 词节点, 枚举_"
present	世界树类::创建特征	创建特征	世界树类.cpp:1416	8	18	特征节点类* 世界树类::创建特征(基础信息节点类* 宿主, 特征节点主信息类* 主信息)	类别=构造;输入=有自定义类型;输出=指针/引用/句柄;副作用=无明显副作用;领域=世界;约束=无显式约束	"世界树类.cpp:1773:组合抽象特征, now); }  // 功能：创建并返回或登记对应对象。 特征节点类* 世界树类::创建特征(基础信息节点类* 宿主, 特征节点主信息类* 主信息) {     return 特征服务_.创建特征(宿主, 主信息); }  // 功能：按类型创建特征节点 | 世界树类.cpp:1775:特征(基础信息节点类* 宿主, 特征节点主信息类* 主信息) {     return 特征服务_.创建特征(宿主, 主信息); }  // 功能：按类型创建特征节点，由世界树入口承接基础信息子节点创建。 特征节点类* 世界树类::创建特征_按类型(     基础信息节 | 世界树类.h:156:         时间戳 now = 结构体_时间戳::当前_微秒());      特征节点类* 创建特征(基础信息节点类* 宿主, 特征节点主信息类* 主信息);     特征节点类* 创建特征_按类型(         基础信息节点类* 宿主,         c | 本能动作类.ixx:168:息 = new 特征节点主信息类(类型);             auto* 新节点 = 世界树.创建特征(条件场景, 新主信息);             if (!新节点) {                 delete 新主信息;                | 特征类.cpp:2301:在(""服务时序衰减步长""); }  // 功能：创建并返回或登记对应对象。 特征节点类* 特征类::创建特征(基础信息节点类* 宿主, 特征节点主信息类* 主信息) {     if (!基础信息_ || !主信息) return nullptr;     return | 特征类.cpp:2319:   主信息->类型 = 特征类型;     主信息->当前值 = 当前值;     return 创建特征(宿主, 主信息); }  // 功能：创建并返回或登记对应对象。 特征节点类* 特征类::取或创建子特征_按类型(基础信息节点类* 宿主, const 语素入口 | 特征类.cpp:2655:型 = 抽象主信息->类型;     主信息->抽象特征.绑定(抽象特征);     return 创建特征(宿主, 主信息); }  // 功能：把处理结果写入指定对象、场景或日志。 特征写入结果 特征类::写入特征值_按参数(特征节点类* 节点, const 特征值 | 特征类.h:267:抽象特征已初始化(const 基础信息节点类* 抽象特征根) const;      特征节点类* 创建特征(基础信息节点类* 宿主, 特征节点主信息类* 主信息);     特征节点类* 创建特征_按类型(         基础信息节点类* 宿主,         c"
present	世界树类::取或创建存在概念根	取或创建存在概念根	世界树类.cpp:1037	9	9	存在节点类* 世界树类::取或创建存在概念根()	类别=构造;输入=有自定义类型;输出=指针/引用/句柄;副作用=无明显副作用;领域=世界;约束=无显式约束	世界树类.cpp:1371:return false; }  // 功能：创建并返回或登记对应对象。 存在节点类* 世界树类::取或创建存在概念根() {     存在概念根 = 基础信息链_.取或创建存在概念根();     return 存在概念根; }  // 功能：按函数名执行对应处理。 bool  | 世界树类.cpp:1373:对象。 存在节点类* 世界树类::取或创建存在概念根() {     存在概念根 = 基础信息链_.取或创建存在概念根();     return 存在概念根; }  // 功能：按函数名执行对应处理。 bool 世界树类::是存在概念(const 存在节点类* 节点) cons | 世界树类.cpp:1464:或运行上下文。 bool 世界树类::初始化核心存在概念树() {     bool 全部成功 = 取或创建存在概念根() != nullptr;     全部成功 = 确保根概念_存在() != nullptr && 全部成功;     全部成功 = 确保根概念_实物存在()  | 世界树类.cpp:2017:(!名称) return nullptr;     auto* 父节点 = 父概念 ? 父概念 : 取或创建存在概念根();     auto* 概念 = 存在服务_.确保存在概念(父节点, 名称);     if (!概念) return nullptr;      if (a | 世界树类.h:104:L投影(const char* 来源原因) const noexcept;      存在节点类* 取或创建存在概念根();     bool 是存在概念(const 存在节点类* 节点) const noexcept;     bool 是实例存在(const 存在节点类* 节 | 基础信息类.cpp:160:}     if (!父) {         父 = (类型 == 枚举_主信息类型::存在 ? 取或创建存在概念根() : 世界根());     }     if (类型 == 枚举_主信息类型::存在 && !父节点) {         for (auto* 已有 :  | 基础信息类.cpp:205:       case 枚举_信息入口类型::方法概念入口:             return 取或创建存在概念根();         default:             return 世界根();         }      case 枚举_信息存储树::现实世界 | 基础信息类.cpp:355:取基础信息名称(节点); }  // 功能：创建并返回或登记对应对象。 存在节点类* 基础信息类::取或创建存在概念根() {     if (存在概念根_ && 取主信息<存在节点主信息类>(存在概念根_)) {         return static_cast<存在节点类
present	世界树类::确保根概念_虚拟存在	确保根概念_虚拟存在	世界树类.cpp:1070	9	9	存在节点类* 世界树类::确保根概念_虚拟存在()	类别=未分类;输入=有自定义类型;输出=指针/引用/句柄;副作用=无明显副作用;领域=世界;约束=无显式约束	"世界树类.cpp:1402:存在()); }  // 功能：确保目标结构、状态或前置条件存在并可用。 存在节点类* 世界树类::确保根概念_虚拟存在() {     return 确保存在概念(私有_存在概念入口性(""虚拟存在""), 确保根概念_存在()); }  // 功能：确保目标结构、状态或前置条件存在 | 世界树类.cpp:1428:turn 确保存在概念(语素集.添加信息入口词(""需求"", 枚举_信息入口类型::需求概念入口), 确保根概念_虚拟存在()); }  // 功能：确保目标结构、状态或前置条件存在并可用。 存在节点类* 世界树类::确保核心概念_任务() {     return 确保存在概念(语 | 世界树类.cpp:1434:turn 确保存在概念(语素集.添加信息入口词(""任务"", 枚举_信息入口类型::任务概念入口), 确保根概念_虚拟存在()); }  // 功能：确保目标结构、状态或前置条件存在并可用。 存在节点类* 世界树类::确保核心概念_方法() {     return 确保存在概念(语 | 世界树类.cpp:1440:turn 确保存在概念(语素集.添加信息入口词(""方法"", 枚举_信息入口类型::方法概念入口), 确保根概念_虚拟存在()); }  // 功能：确保目标结构、状态或前置条件存在并可用。 存在节点类* 世界树类::确保核心概念_状态() {     return 确保存在概念(私 | 世界树类.cpp:1467:部成功 = 确保根概念_实物存在() != nullptr && 全部成功;     全部成功 = 确保根概念_虚拟存在() != nullptr && 全部成功;     全部成功 = 确保根概念_信息存在() != nullptr && 全部成功;     全部成功 = 确保根 | 世界树类.cpp:1616:&& 全部成功;     全部成功 = 绑定(""虚拟存在"", 枚举_信息入口类型::存在概念入口, 确保根概念_虚拟存在()) && 全部成功;     全部成功 = 绑定(""信息存在"", 枚举_信息入口类型::存在概念入口, 确保根概念_信息存在()) && 全部成功;      | 世界树类.h:109:* 确保根概念_存在();     存在节点类* 确保根概念_实物存在();     存在节点类* 确保根概念_虚拟存在();     存在节点类* 确保根概念_信息存在();     存在节点类* 确保根概念_数字生命();     存在节点类* 确保核心概念_自我();     | 任务类.cpp:123:树.确保根概念_存在());         (void)私有_追加唯一存在节点(概念集, 世界树.确保根概念_虚拟存在());         (void)私有_追加唯一存在节点(概念集, 任务概念);          const char* 角色概念名 = ""任务实例"";  "
present	世界树类::存在包含概念	存在包含概念	世界树类.cpp:1532	9	9	bool 世界树类::存在包含概念(const 存在节点类* 实例, const 存在节点类* 概念) const noexcept	类别=执行;输入=有自定义类型;输出=bool;副作用=无明显副作用;领域=世界;约束=noexcept	世界树类.cpp:2098:宿主(实例, 概念);     } }  // 功能：按函数名执行对应处理。 bool 世界树类::存在包含概念(const 存在节点类* 实例, const 存在节点类* 概念) const noexcept {     return 存在服务_.存在包含概念(实例, 概 | 世界树类.cpp:2100:onst 存在节点类* 概念) const noexcept {     return 存在服务_.存在包含概念(实例, 概念); }  // 功能：读取父节点下的直接子存在，不创建或修改节点。 std::vector<存在节点类*> 世界树类::获取子存在(const 基 | 世界树类.h:235:   const std::vector<存在节点类*>& 概念集     );     bool 存在包含概念(const 存在节点类* 实例, const 存在节点类* 概念) const noexcept;     std::vector<存在节点类*> 获取子存在( | 存在类.cpp:665:);     return out; }  // 功能：按函数名执行对应处理。 bool 存在类::存在包含概念(const 存在节点类* 实例, const 存在节点类* 概念) const noexcept {     if (!实例 || !概念) return fa | 存在类.cpp:693:选)) {             continue;         }         if (存在包含概念(候选, 概念)) {             out.push_back(候选);         }     }     return out; }  //  | 存在类.h:90:or<存在节点类*> 获取概念集(const 存在节点类* 节点) const;     bool 存在包含概念(const 存在节点类* 实例, const 存在节点类* 概念) const noexcept;     std::vector<存在节点类*> 查找实例_按 | 自我类.初始化.cpp:120:& 概念_数字生命             && 概念_自我             && 世界树.存在包含概念(自我存在, 概念_存在)             && 世界树.存在包含概念(自我存在, 概念_数字生命)             && 世界树.存在包含概念( | 自我类.初始化.cpp:121:    && 世界树.存在包含概念(自我存在, 概念_存在)             && 世界树.存在包含概念(自我存在, 概念_数字生命)             && 世界树.存在包含概念(自我存在, 概念_自我);     }      // 功能：建立对象、任务、
present	基础信息类::取或创建存在概念根	取或创建存在概念根	基础信息类.cpp:334	9	9	存在节点类* 基础信息类::取或创建存在概念根()	类别=构造;输入=有自定义类型;输出=指针/引用/句柄;副作用=无明显副作用;领域=基础信息;约束=无显式约束	世界树类.cpp:1371:return false; }  // 功能：创建并返回或登记对应对象。 存在节点类* 世界树类::取或创建存在概念根() {     存在概念根 = 基础信息链_.取或创建存在概念根();     return 存在概念根; }  // 功能：按函数名执行对应处理。 bool  | 世界树类.cpp:1373:对象。 存在节点类* 世界树类::取或创建存在概念根() {     存在概念根 = 基础信息链_.取或创建存在概念根();     return 存在概念根; }  // 功能：按函数名执行对应处理。 bool 世界树类::是存在概念(const 存在节点类* 节点) cons | 世界树类.cpp:1464:或运行上下文。 bool 世界树类::初始化核心存在概念树() {     bool 全部成功 = 取或创建存在概念根() != nullptr;     全部成功 = 确保根概念_存在() != nullptr && 全部成功;     全部成功 = 确保根概念_实物存在()  | 世界树类.cpp:2017:(!名称) return nullptr;     auto* 父节点 = 父概念 ? 父概念 : 取或创建存在概念根();     auto* 概念 = 存在服务_.确保存在概念(父节点, 名称);     if (!概念) return nullptr;      if (a | 世界树类.h:104:L投影(const char* 来源原因) const noexcept;      存在节点类* 取或创建存在概念根();     bool 是存在概念(const 存在节点类* 节点) const noexcept;     bool 是实例存在(const 存在节点类* 节 | 基础信息类.cpp:160:}     if (!父) {         父 = (类型 == 枚举_主信息类型::存在 ? 取或创建存在概念根() : 世界根());     }     if (类型 == 枚举_主信息类型::存在 && !父节点) {         for (auto* 已有 :  | 基础信息类.cpp:205:       case 枚举_信息入口类型::方法概念入口:             return 取或创建存在概念根();         default:             return 世界根();         }      case 枚举_信息存储树::现实世界 | 基础信息类.cpp:355:取基础信息名称(节点); }  // 功能：创建并返回或登记对应对象。 存在节点类* 基础信息类::取或创建存在概念根() {     if (存在概念根_ && 取主信息<存在节点主信息类>(存在概念根_)) {         return static_cast<存在节点类
present	基础信息类::私有_清理主信息_已加锁	私有_清理主信息_已加锁	基础信息类.cpp:375	9	9	void 基础信息类::私有_清理主信息_已加锁() noexcept	类别=未分类;输入=有自定义类型;输出=void;副作用=无明显副作用;领域=基础信息;约束=noexcept+锁约束	基础信息类.cpp:49:束对象资源。 基础信息类::~基础信息类() {     auto lk = 获取锁();     私有_清理主信息_已加锁(); }  // 功能：初始化相关对象、状态或运行上下文。 void 基础信息类::初始化() { }  // 功能：按函数名执行对应处理。 基础信息类::节点 | 基础信息类.cpp:396:类*>(存在概念根_); }  // 功能：清理缓存、临时状态或运行资源。 void 基础信息类::私有_清理主信息_已加锁() noexcept {     if (!根指针) return;      for (auto* it = 根指针->链下; it && it != 根指针 | 基础信息类.h:87:st 节点类* 范围根, const 节点类* 候选节点) noexcept;      void 私有_清理主信息_已加锁() noexcept; };  基础信息类& 获取基础信息集();  | 语素类.cpp:686:释放或收束对象资源。 语素类::~语素类() {     auto lk = 获取锁();     私有_清理主信息_已加锁(); }  // 功能：初始化相关对象、状态或运行上下文。 void 语素类::初始化() {     static constexpr const char* | 语素类.cpp:1402:turn {};     } }  // 功能：清理缓存、临时状态或运行资源。 void 语素类::私有_清理主信息_已加锁() noexcept {     if (!根指针) return;      for (auto* it = 根指针->链下; it && it != 根指针 | 语素类.h:133:st char* 来源原因) const noexcept;  private:     void 私有_清理主信息_已加锁() noexcept;     词节点类* 查找词_已加锁(const std::string& 词字符串) const;     语素入口节点类* 查找人类词 | 语言类.cpp:30:释放或收束对象资源。 语言类::~语言类() {     auto lk = 获取锁();     私有_清理主信息_已加锁(); }  // 功能：初始化相关对象、状态或运行上下文。 void 语言类::初始化() { }  // 功能：按函数名执行对应处理。 文章节点类* 语言类: | 语言类.cpp:119:自然句节点, 子句节点)); }  // 功能：清理缓存、临时状态或运行资源。 void 语言类::私有_清理主信息_已加锁() noexcept {     if (!根指针) return;      for (auto* it = 根指针->链下; it && it != 根指针
present	存在类::存在包含概念	存在包含概念	存在类.cpp:435	9	9	bool 存在类::存在包含概念(const 存在节点类* 实例, const 存在节点类* 概念) const noexcept	类别=执行;输入=有自定义类型;输出=bool;副作用=无明显副作用;领域=存在;约束=noexcept	世界树类.cpp:2098:宿主(实例, 概念);     } }  // 功能：按函数名执行对应处理。 bool 世界树类::存在包含概念(const 存在节点类* 实例, const 存在节点类* 概念) const noexcept {     return 存在服务_.存在包含概念(实例, 概 | 世界树类.cpp:2100:onst 存在节点类* 概念) const noexcept {     return 存在服务_.存在包含概念(实例, 概念); }  // 功能：读取父节点下的直接子存在，不创建或修改节点。 std::vector<存在节点类*> 世界树类::获取子存在(const 基 | 世界树类.h:235:   const std::vector<存在节点类*>& 概念集     );     bool 存在包含概念(const 存在节点类* 实例, const 存在节点类* 概念) const noexcept;     std::vector<存在节点类*> 获取子存在( | 存在类.cpp:665:);     return out; }  // 功能：按函数名执行对应处理。 bool 存在类::存在包含概念(const 存在节点类* 实例, const 存在节点类* 概念) const noexcept {     if (!实例 || !概念) return fa | 存在类.cpp:693:选)) {             continue;         }         if (存在包含概念(候选, 概念)) {             out.push_back(候选);         }     }     return out; }  //  | 存在类.h:90:or<存在节点类*> 获取概念集(const 存在节点类* 节点) const;     bool 存在包含概念(const 存在节点类* 实例, const 存在节点类* 概念) const noexcept;     std::vector<存在节点类*> 查找实例_按 | 自我类.初始化.cpp:120:& 概念_数字生命             && 概念_自我             && 世界树.存在包含概念(自我存在, 概念_存在)             && 世界树.存在包含概念(自我存在, 概念_数字生命)             && 世界树.存在包含概念( | 自我类.初始化.cpp:121:    && 世界树.存在包含概念(自我存在, 概念_存在)             && 世界树.存在包含概念(自我存在, 概念_数字生命)             && 世界树.存在包含概念(自我存在, 概念_自我);     }      // 功能：建立对象、任务、
present	特征类::三维体素最终边长	三维体素最终边长	特征类.cpp:3004	9	9	std::uint64_t 特征类::三维体素最终边长(const std::uint32_t 细分层数) noexcept	类别=未分类;输入=有自定义类型;输出=整数/时间;副作用=无明显副作用;领域=特征;约束=noexcept	特征类.cpp:3184: {}; }  // 功能：计算权重、状态、差值或派生结果。 std::uint64_t 特征类::三维体素最终边长(const std::uint32_t 细分层数) noexcept {     if (细分层数 > 私有_三维体素最大细分层数) return 0;     | 特征类.cpp:3199: 层数 = 0; 层数 <= 私有_三维体素最大细分层数; ++层数) {         if (三维体素最终边长(层数) >= 最大边长) return 层数;     }     return std::nullopt; }  // 功能：计算权重、状态、差值或派生结果。 | 特征类.cpp:3207:td::uint32_t 细分层数) noexcept {     const auto 边长 = 三维体素最终边长(细分层数);     const auto 总数 = 私有_三维体素总数(边长);     return 总数 == 0 ? 0 : (总数 + 63ull)  | 特征类.cpp:3253:t std::uint32_t z) noexcept {     const auto 边长 = 三维体素最终边长(细分层数);     if (边长 == 0 || x >= 边长 || y >= 边长 || z >= 边长) return false;      cons | 特征类.cpp:3272:   const bool 有存在) noexcept {     const auto 边长 = 三维体素最终边长(细分层数);     if (边长 == 0 || x >= 边长 || y >= 边长 || z >= 边长) return false;      cons | 特征类.cpp:3384:  const std::uint32_t 原始深度) {     const auto 边长 = 三维体素最终边长(细分层数);     const auto 总数 = 私有_三维体素总数(边长);     const auto 根原始宽度 = 原始宽度 == 0 ? 边长  | 特征类.cpp:3489:t 最小体素边长_mm,     时间戳 now) {     const auto 最终边长 = 三维体素最终边长(细分层数);     if (最终边长 == 0 || 最终边长 > static_cast<std::uint64_t>((std::numeric_limi | 特征类.cpp:3518:w) {     结构_三维体素链写入结果 结果{};     const auto 最终边长 = 三维体素最终边长(细分层数);     const auto 期望块数 = 三维体素占据位块数量(细分层数);     if (!节点 || 最终边长 == 0 || 期望块数
present	自我类::获取服务根需求	获取服务根需求	自我类.cpp:1256	9	9	需求类::节点类* 自我类::获取服务根需求() const noexcept	类别=读取;输入=有自定义类型;输出=指针/引用/句柄;副作用=无明显副作用;领域=自我;约束=noexcept	"任务模块.筹办.ixx:1672: == 自我对象.获取安全根需求()             || 视图.来源需求 == 自我对象.获取服务根需求()) {             记录筹办日志(""因果路径筹办学习缺口跳过""                 "" | 原因=根需求缺口必须由根闭环/风险树/服务 | 自我类.cpp:1216:   }); }  // 功能：读取并返回指定对象、状态或运行材料。 需求类::节点类* 自我类::获取服务根需求() const noexcept {     auto* 自我存在 = 世界树.自我指针;     if (!自我存在) return nullptr;     | 自我类.cpp:1840:评估 评估{};     评估.安全根需求 = 获取安全根需求();     评估.服务根需求 = 获取服务根需求();     评估.安全差值 = 私有_自我根特征目标差值_自我类(         枚举_自我根特征类型_自我类::安全,         获取安全值()); | 自我类.ixx:190:需求类::节点类* 获取安全根需求() const noexcept;     需求类::节点类* 获取服务根需求() const noexcept;     任务类::节点类* 获取安全根任务() const noexcept;     任务类::节点类* 获取服务根任务( | 自我类.初始化.cpp:196:    结果.根需求已就绪 = 自我对象.获取安全根需求() != nullptr && 自我对象.获取服务根需求() != nullptr;         结果.根任务已就绪 = 自我对象.获取安全根任务() != nullptr && 自我对象.获取服务根任务() != | 自我类.初始化.cpp:327:自我对象.获取安全根需求() != nullptr                 && 自我对象.获取服务根需求() != nullptr                 && 自我对象.获取自我存在() != nullptr;         });      (void | 自我线程模块.impl.cpp:9136:决.域 = 枚举_自检候选父需求域_线程侧::服务根;         裁决.父需求 = 自我对象.获取服务根需求();         裁决.可入普通需求树 = 裁决.父需求 && !需求类::需求已截止(裁决.父需求);     };     const auto 落局部 | 自我线程模块.impl.cpp:11836:o* 安全根需求 = 自我对象.获取安全根需求();     auto* 服务根需求 = 自我对象.获取服务根需求();     auto* 自我存在 = 自我对象.获取自我存在();     auto* 需求根节点 = 自我存在 ? 世界树.获取需求根节点(自我存在) : "
present	语素类::私有_清理主信息_已加锁	私有_清理主信息_已加锁	语素类.cpp:1131	9	9	void 语素类::私有_清理主信息_已加锁() noexcept	类别=未分类;输入=有自定义类型;输出=void;副作用=无明显副作用;领域=语素;约束=noexcept+锁约束	基础信息类.cpp:49:束对象资源。 基础信息类::~基础信息类() {     auto lk = 获取锁();     私有_清理主信息_已加锁(); }  // 功能：初始化相关对象、状态或运行上下文。 void 基础信息类::初始化() { }  // 功能：按函数名执行对应处理。 基础信息类::节点 | 基础信息类.cpp:396:类*>(存在概念根_); }  // 功能：清理缓存、临时状态或运行资源。 void 基础信息类::私有_清理主信息_已加锁() noexcept {     if (!根指针) return;      for (auto* it = 根指针->链下; it && it != 根指针 | 基础信息类.h:87:st 节点类* 范围根, const 节点类* 候选节点) noexcept;      void 私有_清理主信息_已加锁() noexcept; };  基础信息类& 获取基础信息集();  | 语素类.cpp:686:释放或收束对象资源。 语素类::~语素类() {     auto lk = 获取锁();     私有_清理主信息_已加锁(); }  // 功能：初始化相关对象、状态或运行上下文。 void 语素类::初始化() {     static constexpr const char* | 语素类.cpp:1402:turn {};     } }  // 功能：清理缓存、临时状态或运行资源。 void 语素类::私有_清理主信息_已加锁() noexcept {     if (!根指针) return;      for (auto* it = 根指针->链下; it && it != 根指针 | 语素类.h:133:st char* 来源原因) const noexcept;  private:     void 私有_清理主信息_已加锁() noexcept;     词节点类* 查找词_已加锁(const std::string& 词字符串) const;     语素入口节点类* 查找人类词 | 语言类.cpp:30:释放或收束对象资源。 语言类::~语言类() {     auto lk = 获取锁();     私有_清理主信息_已加锁(); }  // 功能：初始化相关对象、状态或运行上下文。 void 语言类::初始化() { }  // 功能：按函数名执行对应处理。 文章节点类* 语言类: | 语言类.cpp:119:自然句节点, 子句节点)); }  // 功能：清理缓存、临时状态或运行资源。 void 语言类::私有_清理主信息_已加锁() noexcept {     if (!根指针) return;      for (auto* it = 根指针->链下; it && it != 根指针
present	语言类::私有_清理主信息_已加锁	私有_清理主信息_已加锁	语言类.cpp:119	9	9	void 语言类::私有_清理主信息_已加锁() noexcept	类别=未分类;输入=有自定义类型;输出=void;副作用=无明显副作用;领域=语言;约束=noexcept+锁约束	基础信息类.cpp:49:束对象资源。 基础信息类::~基础信息类() {     auto lk = 获取锁();     私有_清理主信息_已加锁(); }  // 功能：初始化相关对象、状态或运行上下文。 void 基础信息类::初始化() { }  // 功能：按函数名执行对应处理。 基础信息类::节点 | 基础信息类.cpp:396:类*>(存在概念根_); }  // 功能：清理缓存、临时状态或运行资源。 void 基础信息类::私有_清理主信息_已加锁() noexcept {     if (!根指针) return;      for (auto* it = 根指针->链下; it && it != 根指针 | 基础信息类.h:87:st 节点类* 范围根, const 节点类* 候选节点) noexcept;      void 私有_清理主信息_已加锁() noexcept; };  基础信息类& 获取基础信息集();  | 语素类.cpp:686:释放或收束对象资源。 语素类::~语素类() {     auto lk = 获取锁();     私有_清理主信息_已加锁(); }  // 功能：初始化相关对象、状态或运行上下文。 void 语素类::初始化() {     static constexpr const char* | 语素类.cpp:1402:turn {};     } }  // 功能：清理缓存、临时状态或运行资源。 void 语素类::私有_清理主信息_已加锁() noexcept {     if (!根指针) return;      for (auto* it = 根指针->链下; it && it != 根指针 | 语素类.h:133:st char* 来源原因) const noexcept;  private:     void 私有_清理主信息_已加锁() noexcept;     词节点类* 查找词_已加锁(const std::string& 词字符串) const;     语素入口节点类* 查找人类词 | 语言类.cpp:30:释放或收束对象资源。 语言类::~语言类() {     auto lk = 获取锁();     私有_清理主信息_已加锁(); }  // 功能：初始化相关对象、状态或运行上下文。 void 语言类::初始化() { }  // 功能：按函数名执行对应处理。 文章节点类* 语言类: | 语言类.cpp:119:自然句节点, 子句节点)); }  // 功能：清理缓存、临时状态或运行资源。 void 语言类::私有_清理主信息_已加锁() noexcept {     if (!根指针) return;      for (auto* it = 根指针->链下; it && it != 根指针
present	二次特征生成模块::读取场景二次特征布尔	读取场景二次特征布尔	二次特征应用模块.ixx:2473	9	10	std::optional<bool> 二次特征生成模块::读取场景二次特征布尔( 场景节点类* 场景, const std::string& 概念名称, const 基础信息节点类* 主体, const std::optional<枚举_二次特征域>& 域) const noexcept	类别=读取;输入=有自定义类型;输出=文本;副作用=无明显副作用;领域=特征;约束=noexcept	"世界树类.cpp:2396:/ 功能：读取场景二次特征布尔值，不创建节点。 std::optional<bool> 世界树类::读取场景二次特征布尔(     场景节点类* 场景,     const 基础信息节点类* 特征节点,     方向掩码 方向约束,     const 基础信息节点类* 主体,   | 世界树类.cpp:2403:二次特征域>& 域) const noexcept {     return 二次特征生成服务_->读取场景二次特征布尔(         场景,         特征节点,         方向约束,         主体,         域); }  // 功能：把自我治理候 | 世界树类.h:336: = false) const noexcept;     std::optional<bool> 读取场景二次特征布尔(         场景节点类* 场景,         const 基础信息节点类* 特征节点,         方向掩码 方向约束 = 方向_大于0,     | 二次特征应用模块.ixx:455: = false) const noexcept;     std::optional<bool> 读取场景二次特征布尔(         场景节点类* 场景,         const 基础信息节点类* 特征节点,         方向掩码 方向约束 = 方向_大于0,     | 二次特征应用模块.ixx:2537:// 功能：从指定来源读取数据或状态。 std::optional<bool> 二次特征生成模块::读取场景二次特征布尔(     场景节点类* 场景,     const 基础信息节点类* 特征节点,     方向掩码 方向约束,     const 基础信息节点类* 主体,   | 自我线程模块.impl.cpp:14351:按类型(主体, 特征词) : nullptr; }  std::optional<bool> 私有_读取场景二次特征布尔(     场景节点类* 场景,     const std::string& 特征标签,     const 基础信息节点类* 主体,     const st | 自我线程模块.impl.cpp:14358:uto* 特征节点 = 私有_查找治理特征节点(主体, 特征标签);     return 世界树.读取场景二次特征布尔(         场景,         特征节点,         方向_大于0,         主体,         域); }  struct 结构_ | 自我线程模块.impl.cpp:16370:_任务管理线程运行状态::已停止;             const auto 旧阻塞 = 私有_读取场景二次特征布尔(                 自我内部世界,                 ""当前任务是否阻塞"",                 主体,        "
present	自我类::获取当前主需求	获取当前主需求	自我类.cpp:1295	9	11	需求类::节点类* 自我类::获取当前主需求() const noexcept	类别=读取;输入=有自定义类型;输出=指针/引用/句柄;副作用=无明显副作用;领域=自我;约束=noexcept	控制面板类.cpp:9759:);     }     if (auto* 当前主需求节点 = 私有_解析当前树节点_可写(自我.获取当前主需求())) {         快照.需求树当前主需求主键 =             私有_节点主键_控制面板(当前主需求节点);         快照.需求树当 | 自我类.cpp:1255:   }); }  // 功能：读取并返回指定对象、状态或运行材料。 需求类::节点类* 自我类::获取当前主需求() const noexcept {     std::uintptr_t 指针值 = 0;     if (!读取自我指针特征当前值(自我特征定义类::类型_ | 自我类.cpp:2207:st 时间戳 now = 结构体_时间戳::当前_微秒();      auto* 当前主需求 = 获取当前主需求();     if (!当前主需求) {         当前主需求 = 选择当前主需求候选_();         if (当前主需求) {          | 自我类.ixx:194:务类::节点类* 获取服务根任务() const noexcept;      需求类::节点类* 获取当前主需求() const noexcept;     任务类::节点类* 获取当前主任务() const noexcept;     方法类::节点类* 获取当前主方法( | 自我类.初始化.cpp:207:满足才需要任务化入口。         结果.当前主链已回填 =             自我对象.获取当前主需求() != nullptr             || 私有_根特征暂无活动需求缺口(自我对象);         结果.运行态特征已同步 = 结果.运行控制承 | 自我类.初始化.cpp:337:      自我对象.确保主链镜像已初始化_();             return 自我对象.获取当前主需求() != nullptr                 || 私有_根特征暂无活动需求缺口(自我对象);         });      (void)私有_ | 自我线程模块.impl.cpp:3361:onst 自我类& 自我对象) noexcept {     auto* 当前主需求 = 自我对象.获取当前主需求();     return 私有_需求节点属于当前需求树_线程侧(当前主需求) ? 当前主需求 : nullptr; }  // 功能：服务所在模块的内部辅助流 | 自我线程模块.impl.cpp:14982:  快照.当前需求指针 = reinterpret_cast<std::uintptr_t>(自我.获取当前主需求());     快照.当前任务指针 = reinterpret_cast<std::uintptr_t>(自我.获取当前主任务());     if (auto
present	存在类::查找子存在_按类型	查找子存在_按类型	存在类.cpp:401	9	13	存在节点类* 存在类::查找子存在_按类型(const 基础信息节点类* 父节点, const 语素入口节点类* 类型) const	类别=查找;输入=有自定义类型;输出=指针/引用/句柄;副作用=无明显副作用;领域=存在;约束=无显式约束	世界树类.cpp:1923: (!类型) return nullptr;     if (auto* 已有存在 = 存在服务_.查找子存在_按类型(父节点, 类型)) {         return 已有存在;     }     return 存在服务_.创建存在_按名称类型(父节点, nullptr, | 世界树类.cpp:1938:; }  // 功能：按类型查找父节点下的直接子存在，不创建或修改节点。 存在节点类* 世界树类::查找子存在_按类型(     const 基础信息节点类* 父节点,     const 语素入口节点类* 类型) const {     return 存在服务_.查找子存在_按 | 世界树类.cpp:1942:,     const 语素入口节点类* 类型) const {     return 存在服务_.查找子存在_按类型(父节点, 类型); }  // 功能：读取需求根节点，不创建或修改节点。 需求类::节点类* 世界树类::获取需求根节点(存在节点类* 节点) const no | 世界树类.h:201:        const 语素入口节点类* 名称     ) const;     存在节点类* 查找子存在_按类型(         const 基础信息节点类* 父节点,         const 语素入口节点类* 类型     ) const;     需求类::节点类 | 存在类.cpp:545:{     if (!类型) return nullptr;     if (auto* 命中 = 查找子存在_按类型(父节点, 类型)) {         return 命中;     }     return 创建存在_按名称类型(父节点, nullptr, 类型); }  | 存在类.cpp:631:rn nullptr; }  // 功能：按条件查找目标对象、方法或事实。 存在节点类* 存在类::查找子存在_按类型(const 基础信息节点类* 父节点, const 语素入口节点类* 类型) const {     if (!类型) return nullptr;      | 存在类.h:88:础信息节点类* 父节点, const 语素入口节点类* 名称) const;     存在节点类* 查找子存在_按类型(const 基础信息节点类* 父节点, const 语素入口节点类* 类型) const;     std::vector<存在节点类*> 获取概念集(cons | 自我动作实现.外设模块.ixx:14121:基础信息节点类*>(上下文.内部世界)) {             上下文.内外接口 = 世界树.查找子存在_按类型(内部节点, 类型_存在内外接口());             上下文.局部切片 = 查找子存在_按类型并按特征I64(                 内部节
present	自我线程类::自我初始化	自我初始化	自我线程模块.impl.cpp:15288	9	104	bool 自我线程类::自我初始化()	类别=构造;输入=有自定义类型;输出=bool;副作用=无明显副作用;领域=自我;约束=无显式约束	自我类.cpp:840:态或运行上下文。 void 自我类::初始化自我() {     (void)自我初始化模块::执行自我初始化(*this, nullptr); }  // 功能：初始化相关对象、状态或运行上下文。 bool 自我类::已初始化() const noexcept {    | 自我类.ixx:74:     std::vector<结构_自我初始化步骤记录> 步骤记录{}; };  bool 执行自我初始化(::自我类& 自我对象, 结构_自我初始化结果* 输出) noexcept; 结构_自我初始化结果 读取自我初始化结果(const ::自我类& 自我对象) n | 自我类.ixx:344:明) noexcept;  private:     friend bool 自我初始化模块::执行自我初始化(         自我类& 自我对象,         自我初始化模块::结构_自我初始化结果* 输出) noexcept;     friend 自我初始化模 | 自我类.初始化.cpp:247:     } }  // 功能：初始化相关对象、状态或运行上下文。 bool 自我初始化模块::执行自我初始化(     自我类& 自我对象,     结构_自我初始化结果* 输出) noexcept {     结构_自我初始化结果 阶段轨迹{};      (void | 自我线程模块.impl.cpp:14606:     停止(); }  // 功能：初始化相关对象、状态或运行上下文。 bool 自我线程类::自我初始化() {     const auto now = 结构体_时间戳::当前_微秒();     {         std::scoped_lock 锁(状态锁_ | 自我线程模块.impl.cpp:14621:化模块::结构_自我初始化结果 初始化结果{};         (void)自我初始化模块::执行自我初始化(自我, &初始化结果);         (void)自我动作实现模块::注册本能函数执行闭环();         (void)自我动作实现模块::确认默认本 | 自我线程模块.impl.cpp:14760:状态锁_);         来自故障恢复 = 待故障恢复启动_;     }      if (!自我初始化()) {         return false;     }      停止请求_.store(false, std::memory_order_relea | 自我线程模块.impl.cpp:17463:、状态或运行上下文。 bool 初始化自我环境() {     return 获取全局自我线程().自我初始化(); }  // 功能：启动线程、模块或运行流程。 bool 启动自我线程() {     return 获取全局自我线程().启动(); }  // 功能：停
present	世界树类::解析实例特征命中抽象特征	解析实例特征命中抽象特征	世界树类.cpp:1395	10	10	抽象特征节点类* 世界树类::解析实例特征命中抽象特征(特征节点类* 实例特征)	类别=比较;输入=有自定义类型;输出=指针/引用/句柄;副作用=无明显副作用;领域=世界;约束=无显式约束	世界树类.cpp:1752: 抽象特征); }  // 功能：解析输入文本、消息、场景或运行包。 抽象特征节点类* 世界树类::解析实例特征命中抽象特征(特征节点类* 实例特征) {     return 特征服务_.解析实例特征命中抽象特征(实例特征); }  // 功能：按函数名执行对应处理。 抽象特征节点类 | 世界树类.cpp:1754:界树类::解析实例特征命中抽象特征(特征节点类* 实例特征) {     return 特征服务_.解析实例特征命中抽象特征(实例特征); }  // 功能：按函数名执行对应处理。 抽象特征节点类* 世界树类::升格实例稳态为抽象区间(特征节点类* 实例特征) {     return | 世界树类.h:149:基础信息节点类* 宿主,         抽象特征节点类* 抽象特征);     抽象特征节点类* 解析实例特征命中抽象特征(特征节点类* 实例特征);     抽象特征节点类* 升格实例稳态为抽象区间(特征节点类* 实例特征);     bool 求值组合抽象特征(          | 特征类.cpp:2672:->近帧候选.push(值);     主信息->近帧时间.push(现在);     (void)解析实例特征命中抽象特征(节点);      if (参数.仅更新当前值) {         return 结果;     }      const auto 计算差异度 = [&]( | 特征类.cpp:2903:turn 命中; }  // 功能：解析输入文本、消息、场景或运行包。 抽象特征节点类* 特征类::解析实例特征命中抽象特征(特征节点类* 实例特征) {     auto* 实例主信息 = 取特征主信息(实例特征);     if (!实例主信息) return nullptr;   | 特征类.cpp:2936:()) return false;     主信息->局部区间覆盖 = 区间;     (void)解析实例特征命中抽象特征(实例特征);     return true; }  // 功能：按函数名执行对应处理。 bool 特征类::清除实例特征局部区间覆盖(特征节点类* 实例特征) | 特征类.cpp:2946: return false;     主信息->局部区间覆盖.reset();     (void)解析实例特征命中抽象特征(实例特征);     return true; }  // 功能：按函数名执行对应处理。 抽象特征节点类* 特征类::升格当前稳态为抽象区间(特征节点类* 实例 | 特征类.h:312:> 枚举命中抽象状态(const 特征节点类* 实例特征) const;     抽象特征节点类* 解析实例特征命中抽象特征(特征节点类* 实例特征);     bool 设置实例特征局部区间覆盖(特征节点类* 实例特征, I64区间 区间);     bool 清除实例特征局部区间覆
present	动态类::设置主体特征	设置主体特征	动态类.cpp:1196	10	10	bool 动态类::设置主体特征(动态节点类* 节点, 基础信息节点类* 主体, 特征节点类* 特征)	类别=未分类;输入=有自定义类型;输出=bool;副作用=无明显副作用;领域=动态;约束=无显式约束	世界树类.cpp:2713:新动态(场景, 新状态, now); }  // 功能：设置动态主体和特征。 bool 世界树类::设置主体特征(动态节点类* 节点, 基础信息节点类* 主体, 特征节点类* 特征) {     return 动态服务_.设置主体特征(节点, 主体, 特征); }  //  | 世界树类.cpp:2715:类* 节点, 基础信息节点类* 主体, 特征节点类* 特征) {     return 动态服务_.设置主体特征(节点, 主体, 特征); }  // 功能：绑定动态来源方法。 bool 世界树类::绑定来源方法(     动态节点类* 节点,     方法节点类* 来源动 | 世界树类.h:456:  状态节点类* 新状态,         时间戳 now = 0     );     bool 设置主体特征(动态节点类* 节点, 基础信息节点类* 主体, 特征节点类* 特征);     bool 绑定来源方法(         动态节点类* 节点,          | 动态类.cpp:1236:状态, 新状态, now); }  // 功能：设置对象字段、状态或运行参数。 bool 动态类::设置主体特征(动态节点类* 节点, 基础信息节点类* 主体, 特征节点类* 特征) {     auto* 主信息 = 取动态主信息(节点);     if (!主信息) r | 动态类.h:134: 状态节点类* 新状态,         时间戳 now = 0     );      bool 设置主体特征(动态节点类* 节点, 基础信息节点类* 主体, 特征节点类* 特征);     bool 设置聚合信息(动态节点类* 节点, std::uint32_t 动态层 | 方法虚拟存在服务类.cpp:407:动态类::推导动态类型(*动态主信息);         }          (void)世界树.设置主体特征(动态, 宿主, 方法状态特征);         (void)世界树.绑定来源场景(动态, 场景, 场景);         (void)世界树.写入特征_指针 | 自我类.cpp:561:动态主信息->来源执行成功 = true;         }         (void)世界树.设置主体特征(动态节点, 自我存在, 特征节点);          if (auto* 来源方法 = 私有_查找本能方法首节点(自我对象, 本能ID)) {         | 自我类.cpp:722:息->类型 = 特征类型;             }             (void)世界树.设置主体特征(动态节点, 自我存在, 特征节点);             (void)世界树.绑定来源场景(动态节点, 自我内部世界, 自我内部世界);         }
present	动态类::绑定来源场景	绑定来源场景	动态类.cpp:1249	10	10	bool 动态类::绑定来源场景(动态节点类* 节点, 场景节点类* 输入场景, 场景节点类* 输出场景)	类别=未分类;输入=有自定义类型;输出=bool;副作用=无明显副作用;领域=动态;约束=无显式约束	"世界树类.cpp:2728: 来源动作, 来源动作名); }  // 功能：绑定动态来源输入和输出场景。 bool 世界树类::绑定来源场景(动态节点类* 节点, 场景节点类* 输入场景, 场景节点类* 输出场景) {     return 动态服务_.绑定来源场景(节点, 输入场景, 输出场景);  | 世界树类.cpp:2730: 节点, 场景节点类* 输入场景, 场景节点类* 输出场景) {     return 动态服务_.绑定来源场景(节点, 输入场景, 输出场景); }  // 功能：按动态信息生成或命中因果信息。 因果模板节点类* 世界树类::生成因果信息(     场景节点类* 场景,  | 世界树类.h:462:   const 语素入口节点类* 来源动作名 = nullptr     );     bool 绑定来源场景(动态节点类* 节点, 场景节点类* 输入场景, 场景节点类* 输出场景);     因果模板节点类* 生成因果信息(         场景节点类* 场景,    | 动态类.cpp:1293:rn true; }  // 功能：建立对象、任务、方法或因果之间的绑定关系。 bool 动态类::绑定来源场景(动态节点类* 节点, 场景节点类* 输入场景, 场景节点类* 输出场景) {     auto* 主信息 = 取动态主信息(节点);     if (!主信息) | 动态类.h:142:   const 语素入口节点类* 来源动作名 = nullptr     );     bool 绑定来源场景(动态节点类* 节点, 场景节点类* 输入场景, 场景节点类* 输出场景);  private:     基础信息类* 基础信息_ = nullptr; };  | 方法虚拟存在服务类.cpp:408:oid)世界树.设置主体特征(动态, 宿主, 方法状态特征);         (void)世界树.绑定来源场景(动态, 场景, 场景);         (void)世界树.写入特征_指针(             宿主,             私有_方法语义特征词("" | 自我类.cpp:569:方法动作名(来源方法) : 因动作名称);         }         (void)世界树.绑定来源场景(动态节点, 自我内部世界, 自我内部世界);         return 动态节点;     }      // 功能：记录日志、动态、证据或运行痕迹。    | 自我类.cpp:723:树.设置主体特征(动态节点, 自我存在, 特征节点);             (void)世界树.绑定来源场景(动态节点, 自我内部世界, 自我内部世界);         }          auto* 因果节点 = 世界树.生成因果信息(             自"
present	控制面板摘要线程类::是否健康运行	是否健康运行	控制面板摘要线程模块.impl.cpp:697	10	10	bool 控制面板摘要线程类::是否健康运行() const noexcept	类别=执行;输入=有自定义类型;输出=bool;副作用=无明显副作用;领域=控制面板;约束=noexcept	"控制面板摘要线程模块.impl.cpp:696:ll(); }  // 功能：执行对应模块、线程或方法的运行逻辑。 bool 控制面板摘要线程类::是否健康运行() const noexcept {     std::lock_guard<std::mutex> lock(状态锁_);     return 健康运行_; | 控制面板摘要线程模块.ixx:86:停止();     void 等待停止();     void 请求刷新();      bool 是否健康运行() const noexcept;     枚举_控制面板摘要线程生命周期状态 读取生命周期状态() const noexcept;     结构_控制面板摘要 | 控制面板类.cpp:9387:已停止;     快照.控制面板摘要线程健康运行 =         获取全局控制面板摘要线程().是否健康运行();     快照.控制面板摘要线程生命周期 =         static_cast<std::uint8_t>(摘要线程生命周期);     快照.控制面 | 自我线程模块.impl.cpp:14880:n 初始化完成_; }  // 功能：执行对应模块、线程或方法的运行逻辑。 bool 自我线程类::是否健康运行() const noexcept {     std::scoped_lock 锁(状态锁_);     return 健康运行_; }  // 功能：执行对应 | 自我线程模块.ixx:563:cept;     bool 是否初始化完成() const noexcept;     bool 是否健康运行() const noexcept;     bool 是否首轮运行已完成() const noexcept;     bool 是否本次启动来自故障恢复() c | 自检线程模块.impl.cpp:145:            || !自我线程.是否运行中()             || !自我线程.是否健康运行()) {             追加缺项(""自我线程运行态未成立"");         }         if (!自我线程.是否初始化完成()) {    | 自检线程模块.impl.cpp:201:中() ? 1 : 0)             << "" | 自我线程健康="" << (自我线程.是否健康运行() ? 1 : 0)             << "" | 自我初始化完成="" << (自我线程.是否初始化完成() ? 1 : 0)              | 自检线程模块.impl.cpp:1487:fy_all(); }  // 功能：执行对应模块、线程或方法的运行逻辑。 bool 自检线程类::是否健康运行() const noexcept {     std::lock_guard<std::mutex> 锁(状态锁_);     return 健康运行_; } "
present	特征类::解析实例特征命中抽象特征	解析实例特征命中抽象特征	特征类.cpp:2756	10	10	抽象特征节点类* 特征类::解析实例特征命中抽象特征(特征节点类* 实例特征)	类别=比较;输入=有自定义类型;输出=指针/引用/句柄;副作用=无明显副作用;领域=特征;约束=无显式约束	世界树类.cpp:1752: 抽象特征); }  // 功能：解析输入文本、消息、场景或运行包。 抽象特征节点类* 世界树类::解析实例特征命中抽象特征(特征节点类* 实例特征) {     return 特征服务_.解析实例特征命中抽象特征(实例特征); }  // 功能：按函数名执行对应处理。 抽象特征节点类 | 世界树类.cpp:1754:界树类::解析实例特征命中抽象特征(特征节点类* 实例特征) {     return 特征服务_.解析实例特征命中抽象特征(实例特征); }  // 功能：按函数名执行对应处理。 抽象特征节点类* 世界树类::升格实例稳态为抽象区间(特征节点类* 实例特征) {     return | 世界树类.h:149:基础信息节点类* 宿主,         抽象特征节点类* 抽象特征);     抽象特征节点类* 解析实例特征命中抽象特征(特征节点类* 实例特征);     抽象特征节点类* 升格实例稳态为抽象区间(特征节点类* 实例特征);     bool 求值组合抽象特征(          | 特征类.cpp:2672:->近帧候选.push(值);     主信息->近帧时间.push(现在);     (void)解析实例特征命中抽象特征(节点);      if (参数.仅更新当前值) {         return 结果;     }      const auto 计算差异度 = [&]( | 特征类.cpp:2903:turn 命中; }  // 功能：解析输入文本、消息、场景或运行包。 抽象特征节点类* 特征类::解析实例特征命中抽象特征(特征节点类* 实例特征) {     auto* 实例主信息 = 取特征主信息(实例特征);     if (!实例主信息) return nullptr;   | 特征类.cpp:2936:()) return false;     主信息->局部区间覆盖 = 区间;     (void)解析实例特征命中抽象特征(实例特征);     return true; }  // 功能：按函数名执行对应处理。 bool 特征类::清除实例特征局部区间覆盖(特征节点类* 实例特征) | 特征类.cpp:2946: return false;     主信息->局部区间覆盖.reset();     (void)解析实例特征命中抽象特征(实例特征);     return true; }  // 功能：按函数名执行对应处理。 抽象特征节点类* 特征类::升格当前稳态为抽象区间(特征节点类* 实例 | 特征类.h:312:> 枚举命中抽象状态(const 特征节点类* 实例特征) const;     抽象特征节点类* 解析实例特征命中抽象特征(特征节点类* 实例特征);     bool 设置实例特征局部区间覆盖(特征节点类* 实例特征, I64区间 区间);     bool 清除实例特征局部区间覆
present	自我线程类::是否运行中	是否运行中	自我线程模块.impl.cpp:15549	10	10	bool 自我线程类::是否运行中() const noexcept	类别=执行;输入=有自定义类型;输出=bool;副作用=无明显副作用;领域=自我;约束=noexcept	"任务模块.管理界面线程.impl.cpp:4302:}      auto& 线程 = 获取全局外设线程_D455深度相机();     if (线程.是否运行中()) {         return;     }      线程.等待停止();     结构_D455深度相机线程配置 配置{};     const b | 动作线程类.ixx:140:  // 功能：执行对应模块、线程或方法的运行逻辑。     [[nodiscard]] bool 是否运行中() const noexcept     {         return 运行中_.load(std::memory_order_acquire);      | 动作线程类.ixx:148:]] bool 运行中() const noexcept     {         return 是否运行中();     }  public:     // 功能：注册方法、模板、对象或运行入口。     void 注册本能(枚举_本能方法ID 动作ID, 最小动作函 | 外设线程_D455深度相机.ixx:127:5深度相机线程生命周期状态 读取生命周期状态() const noexcept;     bool 是否运行中() const noexcept;     结构_D455深度相机线程结果 读取最新结果() const;  private:     std::shared_ | 外设线程_D455深度相机.ixx:3589: }  // 功能：执行对应模块、线程或方法的运行逻辑。 bool 外设线程_D455深度相机类::是否运行中() const noexcept {     const auto 状态 = 读取生命周期状态();     return 状态 == 枚举_D455深度相机线 | 控制面板WebView2.cpp:713:uto& 线程 = 获取全局外设线程_D455深度相机();             if (线程.是否运行中()) {                 消息 = ""正在读取外设线程视频材料"";                 return true;           | 自我线程模块.impl.cpp:14867:界面线程完成""); }  // 功能：执行对应模块、线程或方法的运行逻辑。 bool 自我线程类::是否运行中() const noexcept {     return 运行中_.load(std::memory_order_acquire); }  // 功能：初始化 | 自我线程模块.ixx:561:请求停止();     void 等待停止();     void 停止();      bool 是否运行中() const noexcept;     bool 是否初始化完成() const noexcept;     bool 是否健康运行() const noe"
present	自我线程类::是否健康运行	是否健康运行	自我线程模块.impl.cpp:15562	10	10	bool 自我线程类::是否健康运行() const noexcept	类别=执行;输入=有自定义类型;输出=bool;副作用=无明显副作用;领域=自我;约束=noexcept	"控制面板摘要线程模块.impl.cpp:696:ll(); }  // 功能：执行对应模块、线程或方法的运行逻辑。 bool 控制面板摘要线程类::是否健康运行() const noexcept {     std::lock_guard<std::mutex> lock(状态锁_);     return 健康运行_; | 控制面板摘要线程模块.ixx:86:停止();     void 等待停止();     void 请求刷新();      bool 是否健康运行() const noexcept;     枚举_控制面板摘要线程生命周期状态 读取生命周期状态() const noexcept;     结构_控制面板摘要 | 控制面板类.cpp:9387:已停止;     快照.控制面板摘要线程健康运行 =         获取全局控制面板摘要线程().是否健康运行();     快照.控制面板摘要线程生命周期 =         static_cast<std::uint8_t>(摘要线程生命周期);     快照.控制面 | 自我线程模块.impl.cpp:14880:n 初始化完成_; }  // 功能：执行对应模块、线程或方法的运行逻辑。 bool 自我线程类::是否健康运行() const noexcept {     std::scoped_lock 锁(状态锁_);     return 健康运行_; }  // 功能：执行对应 | 自我线程模块.ixx:563:cept;     bool 是否初始化完成() const noexcept;     bool 是否健康运行() const noexcept;     bool 是否首轮运行已完成() const noexcept;     bool 是否本次启动来自故障恢复() c | 自检线程模块.impl.cpp:145:            || !自我线程.是否运行中()             || !自我线程.是否健康运行()) {             追加缺项(""自我线程运行态未成立"");         }         if (!自我线程.是否初始化完成()) {    | 自检线程模块.impl.cpp:201:中() ? 1 : 0)             << "" | 自我线程健康="" << (自我线程.是否健康运行() ? 1 : 0)             << "" | 自我初始化完成="" << (自我线程.是否初始化完成() ? 1 : 0)              | 自检线程模块.impl.cpp:1487:fy_all(); }  // 功能：执行对应模块、线程或方法的运行逻辑。 bool 自检线程类::是否健康运行() const noexcept {     std::lock_guard<std::mutex> 锁(状态锁_);     return 健康运行_; } "
present	自我线程类::抢占审批执行前许可_	抢占审批执行前许可_	自我线程模块.impl.cpp:16584	10	10	bool 自我线程类::抢占审批执行前许可_( 结构_主循环骨架上下文* 上下文, const char* 来源, const 时间戳 now, std::size_t 最大许可数量)	类别=执行;输入=有自定义类型;输出=bool;副作用=无明显副作用;领域=自我;约束=无显式约束	"自我线程模块.impl.cpp:15618:(void)抢占落账观察事实承接_(&上下文, ""规范化消息后"", now);     (void)抢占审批执行前许可_(&上下文, ""规范化消息后"", now);     if (收到停止请求(""规范化消息后"")) {         return 上下文.结果;     }   | 自我线程模块.impl.cpp:15638:id)抢占落账任务管理派生需求_(&上下文, ""二次特征重算后"", now);     (void)抢占审批执行前许可_(&上下文, ""二次特征重算后"", now);     if (收到停止请求(""二次特征重算后"")) {         return 上下文.结果;     } | 自我线程模块.impl.cpp:15645:oid)抢占落账任务管理派生需求_(&上下文, ""治理帧刷新后"", now);     (void)抢占审批执行前许可_(&上下文, ""治理帧刷新后"", now);     if (收到停止请求(""治理帧刷新后"")) {         return 上下文.结果;     }   | 自我线程模块.impl.cpp:15652:void)抢占落账任务管理派生需求_(&上下文, ""需求整理后"", now);     (void)抢占审批执行前许可_(&上下文, ""需求整理后"", now);     if (收到停止请求(""需求整理后"")) {         return 上下文.结果;     }     | 自我线程模块.impl.cpp:15662:(void)抢占落账任务管理派生需求_(&上下文, ""主派发后"", now);     (void)抢占审批执行前许可_(&上下文, ""主派发后"", now);     (void)抢占落账观察事实承接_(&上下文, ""主派发后"", now);     if (const auto | 自我线程模块.impl.cpp:15679:void)抢占落账任务管理派生需求_(&上下文, ""任务巡检前"", now);     (void)抢占审批执行前许可_(&上下文, ""任务巡检前"", now);     (void)抢占落账观察事实承接_(&上下文, ""任务巡检前"", now);     {         co | 自我线程模块.impl.cpp:15688:理派生需求_(&上下文, ""任务管理后台上行后"", now);             (void)抢占审批执行前许可_(&上下文, ""任务管理后台上行后"", now);             (void)抢占落账观察事实承接_(&上下文, ""任务管理后台上行后"", now);  | 自我线程模块.impl.cpp:15837:"")) {             break;         }          (void)抢占审批执行前许可_(             上下文,             ""规范化消息逐条落账后"",             结构体_时间戳::当前_微秒(),       "
present	自我线程类::抢占落账任务管理成功结果_	抢占落账任务管理成功结果_	自我线程模块.impl.cpp:16677	10	10	bool 自我线程类::抢占落账任务管理成功结果_( 结构_主循环骨架上下文* 上下文, const char* 来源, const 时间戳 now, std::size_t 最大结果数量)	类别=执行;输入=有自定义类型;输出=bool;副作用=无明显副作用;领域=自我;约束=无显式约束	"自我线程模块.impl.cpp:15615:文.结果;     }     步骤_规范化消息并落一次特征账_(&上下文);     (void)抢占落账任务管理成功结果_(&上下文, ""规范化消息后"", now);     (void)抢占落账任务管理派生需求_(&上下文, ""规范化消息后"", now);     (void)抢占 | 自我线程模块.impl.cpp:15636: 上下文.结果;     }     步骤_重算受影响二次特征_(&上下文);     (void)抢占落账任务管理成功结果_(&上下文, ""二次特征重算后"", now);     (void)抢占落账任务管理派生需求_(&上下文, ""二次特征重算后"", now);     (void) | 自我线程模块.impl.cpp:15643:.结果;     }     步骤_刷新线程上下文并生成治理帧_(&上下文);     (void)抢占落账任务管理成功结果_(&上下文, ""治理帧刷新后"", now);     (void)抢占落账任务管理派生需求_(&上下文, ""治理帧刷新后"", now);     (void)抢占 | 自我线程模块.impl.cpp:15650:上下文.结果;     }     步骤_整理需求并做根层重判_(&上下文);     (void)抢占落账任务管理成功结果_(&上下文, ""需求整理后"", now);     (void)抢占落账任务管理派生需求_(&上下文, ""需求整理后"", now);     (void)抢占审批 | 自我线程模块.impl.cpp:15660:""主派发后"")) {         return 上下文.结果;     }     (void)抢占落账任务管理成功结果_(&上下文, ""主派发后"", now);     (void)抢占落账任务管理派生需求_(&上下文, ""主派发后"", now);     (void)抢占审批执行 | 自我线程模块.impl.cpp:15677:结治理邮箱=1"");         return 上下文.结果;     }     (void)抢占落账任务管理成功结果_(&上下文, ""任务巡检前"", now);     (void)抢占落账任务管理派生需求_(&上下文, ""任务巡检前"", now);     (void)抢占审批 | 自我线程模块.impl.cpp:15686:   上下文.结果.治理mailbox待消费数 += 上行数;             (void)抢占落账任务管理成功结果_(&上下文, ""任务管理后台上行后"", now);             (void)抢占落账任务管理派生需求_(&上下文, ""任务管理后台上行后"", now) | 自我线程模块.impl.cpp:15821:"")) {             break;         }          (void)抢占落账任务管理成功结果_(             上下文,             ""规范化消息逐条落账后"",             结构体_时间戳::当前_微秒());      "
present	自我线程类::抢占落账任务管理派生需求_	抢占落账任务管理派生需求_	自我线程模块.impl.cpp:16775	10	10	bool 自我线程类::抢占落账任务管理派生需求_( 结构_主循环骨架上下文* 上下文, const char* 来源, const 时间戳 now, std::size_t 最大派生需求数量)	类别=执行;输入=有自定义类型;输出=bool;副作用=无明显副作用;领域=自我;约束=无显式约束	"自我线程模块.impl.cpp:15616:oid)抢占落账任务管理成功结果_(&上下文, ""规范化消息后"", now);     (void)抢占落账任务管理派生需求_(&上下文, ""规范化消息后"", now);     (void)抢占落账观察事实承接_(&上下文, ""规范化消息后"", now);     (void)抢占审批 | 自我线程模块.impl.cpp:15637:id)抢占落账任务管理成功结果_(&上下文, ""二次特征重算后"", now);     (void)抢占落账任务管理派生需求_(&上下文, ""二次特征重算后"", now);     (void)抢占审批执行前许可_(&上下文, ""二次特征重算后"", now);     if (收到停止请 | 自我线程模块.impl.cpp:15644:oid)抢占落账任务管理成功结果_(&上下文, ""治理帧刷新后"", now);     (void)抢占落账任务管理派生需求_(&上下文, ""治理帧刷新后"", now);     (void)抢占审批执行前许可_(&上下文, ""治理帧刷新后"", now);     if (收到停止请求( | 自我线程模块.impl.cpp:15651:void)抢占落账任务管理成功结果_(&上下文, ""需求整理后"", now);     (void)抢占落账任务管理派生需求_(&上下文, ""需求整理后"", now);     (void)抢占审批执行前许可_(&上下文, ""需求整理后"", now);     if (收到停止请求(""需 | 自我线程模块.impl.cpp:15661:(void)抢占落账任务管理成功结果_(&上下文, ""主派发后"", now);     (void)抢占落账任务管理派生需求_(&上下文, ""主派发后"", now);     (void)抢占审批执行前许可_(&上下文, ""主派发后"", now);     (void)抢占落账观察事实承 | 自我线程模块.impl.cpp:15678:void)抢占落账任务管理成功结果_(&上下文, ""任务巡检前"", now);     (void)抢占落账任务管理派生需求_(&上下文, ""任务巡检前"", now);     (void)抢占审批执行前许可_(&上下文, ""任务巡检前"", now);     (void)抢占落账观察事 | 自我线程模块.impl.cpp:15687:理成功结果_(&上下文, ""任务管理后台上行后"", now);             (void)抢占落账任务管理派生需求_(&上下文, ""任务管理后台上行后"", now);             (void)抢占审批执行前许可_(&上下文, ""任务管理后台上行后"", now);   | 自我线程模块.impl.cpp:15829:"")) {             break;         }          (void)抢占落账任务管理派生需求_(             上下文,             ""规范化消息逐条落账后"",             结构体_时间戳::当前_微秒());      "
present	自我线程类::抢占落账观察事实承接_	抢占落账观察事实承接_	自我线程模块.impl.cpp:16873	10	10	bool 自我线程类::抢占落账观察事实承接_( 结构_主循环骨架上下文* 上下文, const char* 来源, const 时间戳 now, std::size_t 最大承接数量)	类别=执行;输入=有自定义类型;输出=bool;副作用=无明显副作用;领域=自我;约束=无显式约束	"自我线程模块.impl.cpp:15617:oid)抢占落账任务管理派生需求_(&上下文, ""规范化消息后"", now);     (void)抢占落账观察事实承接_(&上下文, ""规范化消息后"", now);     (void)抢占审批执行前许可_(&上下文, ""规范化消息后"", now);     if (收到停止请求( | 自我线程模块.impl.cpp:15663:   (void)抢占审批执行前许可_(&上下文, ""主派发后"", now);     (void)抢占落账观察事实承接_(&上下文, ""主派发后"", now);     if (const auto 待落账派生需求消息数 = 读取待落账派生需求消息数();         待落账派 | 自我线程模块.impl.cpp:15680:  (void)抢占审批执行前许可_(&上下文, ""任务巡检前"", now);     (void)抢占落账观察事实承接_(&上下文, ""任务巡检前"", now);     {         const auto 上行数 = 私有_提取并上报任务管理上行消息_线程侧(""任务管理后台 | 自我线程模块.impl.cpp:15689:执行前许可_(&上下文, ""任务管理后台上行后"", now);             (void)抢占落账观察事实承接_(&上下文, ""任务管理后台上行后"", now);         }     }     if (收到停止请求(""任务管理后台上行后"")) {          | 自我线程模块.impl.cpp:15846:"")) {             break;         }          (void)抢占落账观察事实承接_(             上下文,             ""规范化消息逐条落账后"",             结构体_时间戳::当前_微秒());       | 自我线程模块.impl.cpp:15877:结果.当前最终去向 =         枚举_自我线程最终去向::继续提交;     return 抢占落账观察事实承接_(         &上下文,         来源 ? 来源 : ""任务管理调度让步"",         上下文.当前时间,         最大承接数量 == | 自我线程模块.impl.cpp:16195:    return true; }  // 功能：按函数名执行对应处理。 bool 自我线程类::抢占落账观察事实承接_(     结构_主循环骨架上下文* 上下文,     const char* 来源,     const 时间戳 now,     std::size_t 最大 | 自我线程模块.impl.cpp:17157:      true,             &任务发起承接结果);         (void)抢占落账观察事实承接_(             上下文,             ""主派发任务发起提交后"",             上下文->当前时间);         本轮已提"
present	自我线程类::刷新治理恢复事件镜像_已加锁	刷新治理恢复事件镜像_已加锁	自我线程模块.impl.cpp:18179	10	10	void 自我线程类::刷新治理恢复事件镜像_已加锁() noexcept	类别=执行;输入=有自定义类型;输出=void;副作用=无明显副作用;领域=自我;约束=noexcept+锁约束	自我线程模块.impl.cpp:15251:x_.begin(), 治理mailbox_.end(), 私有_消息排在前面);         刷新治理恢复事件镜像_已加锁();         唤醒条件_.notify_one();         return true;     }      治理mailbox_.push_b | 自我线程模块.impl.cpp:15258:ilbox_.begin(), 治理mailbox_.end(), 私有_消息排在前面);     刷新治理恢复事件镜像_已加锁();     唤醒条件_.notify_one();     return true; }  // 功能：按函数名执行对应处理。 结构_自我线程配置& 自我线程 | 自我线程模块.impl.cpp:15728:下文->结果.治理mailbox待消费数 = 治理mailbox_.size();         刷新治理恢复事件镜像_已加锁();     }      上下文->结果.当前运行阶段 = 枚举_自我线程运行阶段::主循环消息归并; }  // 功能：按函数名执行对应处理。 void 自 | 自我线程模块.impl.cpp:15861:下文->结果.治理mailbox待消费数 = 治理mailbox_.size();         刷新治理恢复事件镜像_已加锁();     } }  // 功能：按函数名执行对应处理。 bool 自我线程类::尝试抢占落账观察事实承接(     const char* 来源,      | 自我线程模块.impl.cpp:15955:ox_.size();         if (待审批许可数 > 0) {             刷新治理恢复事件镜像_已加锁();         }     }     if (待审批许可数 == 0) {         return false;     }      结构_主循 | 自我线程模块.impl.cpp:16048:_.size();         if (待落账成功结果数 > 0) {             刷新治理恢复事件镜像_已加锁();         }     }     if (待落账成功结果数 == 0) {         return false;     }      项目运 | 自我线程模块.impl.cpp:16146:_.size();         if (待落账派生需求数 > 0) {             刷新治理恢复事件镜像_已加锁();         }     }     if (待落账派生需求数 == 0) {         return false;     }      项目运 | 自我线程模块.impl.cpp:16243:ze();         if (待落账观察事实承接消息数 > 0) {             刷新治理恢复事件镜像_已加锁();         }     }     if (待落账观察事实承接消息数 == 0) {         return false;     }
present	自检线程类::是否健康运行	是否健康运行	自检线程模块.impl.cpp:1565	10	10	bool 自检线程类::是否健康运行() const noexcept	类别=执行;输入=有自定义类型;输出=bool;副作用=无明显副作用;领域=全局通用候选;约束=noexcept	"控制面板摘要线程模块.impl.cpp:696:ll(); }  // 功能：执行对应模块、线程或方法的运行逻辑。 bool 控制面板摘要线程类::是否健康运行() const noexcept {     std::lock_guard<std::mutex> lock(状态锁_);     return 健康运行_; | 控制面板摘要线程模块.ixx:86:停止();     void 等待停止();     void 请求刷新();      bool 是否健康运行() const noexcept;     枚举_控制面板摘要线程生命周期状态 读取生命周期状态() const noexcept;     结构_控制面板摘要 | 控制面板类.cpp:9387:已停止;     快照.控制面板摘要线程健康运行 =         获取全局控制面板摘要线程().是否健康运行();     快照.控制面板摘要线程生命周期 =         static_cast<std::uint8_t>(摘要线程生命周期);     快照.控制面 | 自我线程模块.impl.cpp:14880:n 初始化完成_; }  // 功能：执行对应模块、线程或方法的运行逻辑。 bool 自我线程类::是否健康运行() const noexcept {     std::scoped_lock 锁(状态锁_);     return 健康运行_; }  // 功能：执行对应 | 自我线程模块.ixx:563:cept;     bool 是否初始化完成() const noexcept;     bool 是否健康运行() const noexcept;     bool 是否首轮运行已完成() const noexcept;     bool 是否本次启动来自故障恢复() c | 自检线程模块.impl.cpp:145:            || !自我线程.是否运行中()             || !自我线程.是否健康运行()) {             追加缺项(""自我线程运行态未成立"");         }         if (!自我线程.是否初始化完成()) {    | 自检线程模块.impl.cpp:201:中() ? 1 : 0)             << "" | 自我线程健康="" << (自我线程.是否健康运行() ? 1 : 0)             << "" | 自我初始化完成="" << (自我线程.是否初始化完成() ? 1 : 0)              | 自检线程模块.impl.cpp:1487:fy_all(); }  // 功能：执行对应模块、线程或方法的运行逻辑。 bool 自检线程类::是否健康运行() const noexcept {     std::lock_guard<std::mutex> 锁(状态锁_);     return 健康运行_; } "
present	二次特征生成模块::写入场景二次特征	写入场景二次特征	二次特征应用模块.ixx:2207	10	11	bool 二次特征生成模块::写入场景二次特征( 场景节点类* 场景, const 结构_场景二次特征写入请求& 请求, 二次特征节点类** 输出节点)	类别=写入;输入=有自定义类型;输出=bool;副作用=无明显副作用;领域=特征;约束=无显式约束	世界树类.cpp:2448:足 = 是否满足;     请求.置信度 = 置信度;     return 二次特征生成服务_->写入场景二次特征(场景, 请求, 输出节点); }  // 功能：读取或生成指定动态关联的二次特征集合。 std::vector<二次特征节点类*> 世界树类::获取动态二次特征 | 二次特征应用模块.ixx:435: 结果状态,         基础信息节点类* 任务主体 = nullptr);     bool 写入场景二次特征(         场景节点类* 场景,         const 结构_场景二次特征写入请求& 请求,         二次特征节点类** 输出节点 = nu | 二次特征应用模块.ixx:2261: : 10000);      二次特征节点类* 节点 = nullptr;     return 写入场景二次特征(场景, 请求, &节点) ? 节点 : nullptr; }  // 功能：把处理结果写入指定对象、场景或日志。 bool 二次特征生成模块::写入场景二次特征 | 二次特征应用模块.ixx:2265:llptr; }  // 功能：把处理结果写入指定对象、场景或日志。 bool 二次特征生成模块::写入场景二次特征(     场景节点类* 场景,     const 结构_场景二次特征写入请求& 请求,     二次特征节点类** 输出节点) {     if (!世界树_ | 二次特征应用模块.ixx:2601:满足 = true;      二次特征节点类* 节点 = nullptr;     return 写入场景二次特征(条件场景, 请求, &节点) ? 节点 : nullptr; }  // 功能：创建并返回或登记对应对象。 二次特征节点类* 二次特征生成模块::取或创建场景条 | 二次特征应用模块.ixx:2632:满足 = true;      二次特征节点类* 节点 = nullptr;     return 写入场景二次特征(条件场景, 请求, &节点) ? 节点 : nullptr; }  // 功能：创建并返回或登记对应对象。 二次特征节点类* 二次特征生成模块::取或创建场景条 | 二次特征应用模块.ixx:2664:满足 = true;      二次特征节点类* 节点 = nullptr;     return 写入场景二次特征(条件场景, 请求, &节点) ? 节点 : nullptr; }  // 功能：根据当前输入生成目标数据、场景、动态或回执。 二次特征节点类* 二次特征生成模块 | 二次特征应用模块.ixx:2908: : 0;          二次特征节点类* 节点 = nullptr;         if (写入场景二次特征(场景, 请求, &节点)) {             return 节点;         }     }     return nullptr; }  //
present	世界树类::取或创建抽象特征根	取或创建抽象特征根	世界树类.cpp:1309	11	11	基础信息节点类* 世界树类::取或创建抽象特征根()	类别=构造;输入=有自定义类型;输出=指针/引用/句柄;副作用=无明显副作用;领域=世界;约束=无显式约束	"世界树类.cpp:144: 不是孤立同名特征，而能直接命中抽象状态值域。         auto* 抽象根 = 世界树对象.取或创建抽象特征根();         auto* 抽象特征 = 世界树对象.特征().查找子抽象特征_按类型(抽象根, 特征类型);         if (!抽象特征) {  | 世界树类.cpp:1128:初始化();     语素集.初始化();     初始化度量模板注册表();     (void)取或创建抽象特征根(); }  // 功能：初始化相关对象、状态或运行上下文。 void 世界树类::初始化默认世界() {     现实世界 = 取或创建默认世界(""现实世界"", | 世界树类.cpp:1633:l 全部成功 = 初始化核心存在概念树();     全部成功 = 特征服务_.初始化常用抽象特征(取或创建抽象特征根()) && 全部成功;     全部成功 = 初始化核心概念默认特征槽() && 全部成功;     全部成功 = 绑定核心概念语素() && 全部成功;    | 世界树类.cpp:1640:eturn 全部成功; }  // 功能：创建并返回或登记对应对象。 基础信息节点类* 世界树类::取或创建抽象特征根() {     if (抽象特征根 && 基础信息链_.取主信息<抽象特征主信息类>(抽象特征根)) {         return 抽象特征根;     } | 世界树类.cpp:1678:类* 主信息) {     return 特征服务_.创建抽象特征(父抽象特征 ? 父抽象特征 : 取或创建抽象特征根(), 主信息); }  // 功能：创建并返回或登记对应对象。 抽象特征节点类* 世界树类::创建叶子抽象特征(     基础信息节点类* 父抽象特征,     | 世界树类.cpp:1689:   return 特征服务_.创建叶子抽象特征(         父抽象特征 ? 父抽象特征 : 取或创建抽象特征根(),         名称,         类型,         std::move(值域)); }  // 功能：创建并返回或登记对应对象。 抽象特征节点 | 世界树类.cpp:1702:   return 特征服务_.创建复合抽象特征(         父抽象特征 ? 父抽象特征 : 取或创建抽象特征根(),         名称,         类型); }  // 功能：按类型查找抽象特征直接子节点，不创建或修改节点。 抽象特征节点类* 世界树类::查找子 | 世界树类.cpp:1739:turn 特征服务_.取或创建子抽象特征_按类型(         父抽象特征 ? 父抽象特征 : 取或创建抽象特征根(),         特征类型); }  // 功能：创建并返回或登记对应对象。 特征节点类* 世界树类::取或创建实例特征_按抽象特征(     基础信息节点"
present	二次特征生成模块::查找场景二次特征主信息	查找场景二次特征主信息	二次特征应用模块.ixx:2433	11	11	const 二次特征主信息类* 二次特征生成模块::查找场景二次特征主信息( 场景节点类* 场景, const std::string& 概念名称, const 基础信息节点类* 主体, const std::optional<枚举_二次特征域>& 域, bool 取最近观测) const noexcept	类别=查找;输入=有自定义类型;输出=bool;副作用=无明显副作用;领域=特征;约束=noexcept	"世界树类.cpp:2378:节点、方向、主体和领域查找二次特征主信息，不创建节点。 const 二次特征主信息类* 世界树类::查找场景二次特征主信息(     场景节点类* 场景,     const 基础信息节点类* 特征节点,     方向掩码 方向约束,     const 基础信息节点类* 主体,   | 世界树类.cpp:2386:ool 取最近观测) const noexcept {     return 二次特征生成服务_->查找场景二次特征主信息(         场景,         特征节点,         方向约束,         主体,         域,         取最近观测);  | 世界树类.h:329:r* 默认离散语义键 = ""待填充"") noexcept;     const 二次特征主信息类* 查找场景二次特征主信息(         场景节点类* 场景,         const 基础信息节点类* 特征节点,         方向掩码 方向约束 = 0,          | 二次特征应用模块.ixx:448:ing& 度量签名_链键) const noexcept;     const 二次特征主信息类* 查找场景二次特征主信息(         场景节点类* 场景,         const 基础信息节点类* 特征节点,         方向掩码 方向约束 = 0,          | 二次特征应用模块.ixx:2492: // 功能：按条件查找目标对象、方法或事实。 const 二次特征主信息类* 二次特征生成模块::查找场景二次特征主信息(     场景节点类* 场景,     const 基础信息节点类* 特征节点,     方向掩码 方向约束,     const 基础信息节点类* 主体,   | 二次特征应用模块.ixx:2544:二次特征域>& 域) const noexcept {     const auto* 主信息 = 查找场景二次特征主信息(         场景,         特征节点,         方向约束,         主体,         域);     if (!主信息) { | 二次特征应用模块.ixx:2564:二次特征域>& 域) const noexcept {     const auto* 主信息 = 查找场景二次特征主信息(         场景,         特征节点,         方向约束,         主体,         域);     if (!主信息) { | 自我线程模块.impl.cpp:14390:  return 摘要;     }      if (const auto* 主信息 = 世界树.查找场景二次特征主信息(             场景,             私有_查找治理特征节点(主体, ""变化量""),             0,             "
present	因果类::枚举因果模板	枚举因果模板	因果类.cpp:1876	11	11	std::vector<因果模板节点类*> 因果类::枚举因果模板() const	类别=执行;输入=有自定义类型;输出=指针/引用/句柄;副作用=无明显副作用;领域=因果;约束=无显式约束	因果类.cpp:1113:有_构造动态状态转换边(动态));     }      for (auto* 模板节点 : 因果.枚举因果模板()) {         auto* 模板信息 = 因果.取模板主信息(模板节点);         if (!模板信息) continue;          | 因果类.cpp:1363:to 评价时间 = 结构体_时间戳::当前_微秒();     for (auto* 模板节点 : 枚举因果模板()) {         auto* 主信息 = 取模板主信息(模板节点);         if (!主信息 || !私有_因果模板有动作(主信息)) con | 因果类.cpp:1673:));             });     };      for (auto* 模板节点 : 枚举因果模板()) {         auto* 主信息 = 取模板主信息(模板节点);         if (!模板节点 || !主信息) {              | 因果类.cpp:1726:基础信息_ ? 基础信息_ : &获取基础信息集();     for (auto* 模板节点 : 枚举因果模板()) {         auto* 主信息 = 取模板主信息(模板节点);         if (!主信息) continue;         for ( | 因果类.cpp:1750:: 私有_状态结果特征_因果(base, 结果状态);     for (auto* 模板节点 : 枚举因果模板()) {         auto* 主信息 = 取模板主信息(模板节点);         if (!主信息 || !私有_因果模板果侧可用(主信息)) co | 因果类.cpp:1767: 动作语义键.empty()) return out;     for (auto* 模板节点 : 枚举因果模板()) {         auto* 主信息 = 取模板主信息(模板节点);         if (!主信息) continue;         if (因 | 因果类.cpp:2308:d::vector<因果模板节点类*> 状态候选{};     for (auto* 模板节点 : 枚举因果模板()) {         auto* 模板信息 = 取模板主信息(模板节点);         if (!模板信息 || 私有_因果模板有动作(模板信息)) c | 因果类.cpp:2362:ector<因果模板节点类*> 动作候选{};         for (auto* 模板节点 : 枚举因果模板()) {             auto* 模板信息 = 取模板主信息(模板节点);             if (!模板信息 || !私有_因果模板有动作
present	特征类::获取比较方法结果	获取比较方法结果	特征类.cpp:2905	11	11	特征比较方法结果 特征类::获取比较方法结果( const 语素入口节点类* 特征类型, const 特征值& 左值, const 特征值& 右值, const 特征节点主信息类* 左特征主信息, const 特征节点主信息类* 右特征主信息) const	类别=比较;输入=有自定义类型;输出=指针/引用/句柄;副作用=无明显副作用;领域=特征;约束=无显式约束	世界树类.cpp:1840:态, 目标状态); }  // 功能：读取并返回特征值比较方法结果。 特征比较方法结果 世界树类::获取比较方法结果(     const 语素入口节点类* 特征类型,     const 特征值& 左值,     const 特征值& 右值,     const 特征节点主信 | 世界树类.cpp:1847: const 特征节点主信息类* 右特征主信息) const {     return 特征服务_.获取比较方法结果(特征类型, 左值, 右值, 左特征主信息, 右特征主信息); }  // 功能：读取存在节点主信息，不创建或修改节点。 存在节点主信息类* 世界树类::取存在主 | 世界树类.h:175:态,         const 状态节点类* 目标状态) const;     特征比较方法结果 获取比较方法结果(         const 语素入口节点类* 特征类型,         const 特征值& 左值,         const 特征值& 右值,      | 二次特征应用模块.ixx:353:   if (特征类型一致) {         const auto 比较方法结果 = 世界树->获取比较方法结果(             当前特征类型,             当前主信息->状态值,             结果主信息->状态值,             | 二次特征应用模块.ixx:1001:alse;         }          const auto 比较方法结果 = 世界树->获取比较方法结果(             起始特征类型,             起始状态主信息->状态值,             结果状态主信息->状态值,         | 二次特征应用模块.ixx:2684:息(右状态主信息->状态特征.指针);     const auto 比较方法结果 = 世界树_->获取比较方法结果(         左特征类型,         左状态主信息->状态值,         右状态主信息->状态值,         左特征主信息,        | 特征类.cpp:3052:模式::相等; }  // 功能：读取并返回指定对象、状态或运行材料。 特征比较方法结果 特征类::获取比较方法结果(     const 语素入口节点类* 特征类型,     const 特征值& 左值,     const 特征值& 右值,     const 特征节点主信 | 特征类.cpp:3143:型, 右特征类型)) {         return {};     }      return 获取比较方法结果(         左特征类型,         左值,         右值,         左特征主信息,         右特征主信息); }  // 功
present	状态类::获取场景状态	获取场景状态	状态类.cpp:545	11	11	std::vector<状态节点类*> 状态类::获取场景状态(const 场景节点类* 场景) const	类别=读取;输入=有自定义类型;输出=指针/引用/句柄;副作用=无明显副作用;领域=全局通用候选;约束=无显式约束	世界树类.cpp:2530:/ 功能：读取场景状态集合，不创建或修改节点。 std::vector<状态节点类*> 世界树类::获取场景状态(const 场景节点类* 场景) const {     return 状态服务_.获取场景状态(场景); }  // 功能：判断指定状态是否仍是场景中同主体同 | 世界树类.cpp:2532::获取场景状态(const 场景节点类* 场景) const {     return 状态服务_.获取场景状态(场景); }  // 功能：判断指定状态是否仍是场景中同主体同特征口径的当前活动状态。 bool 世界树类::是否当前活动状态(const 场景节点类* 场景, | 世界树类.h:392::状态后处理回调& 后处理 = {}     );     std::vector<状态节点类*> 获取场景状态(const 场景节点类* 场景) const;     bool 是否当前活动状态(const 场景节点类* 场景, const 状态节点类* 节点) cons | 任务模块.管理工作线程.ixx:1463:_cast<const 场景节点类*>(宿主);     const auto 状态集 = 世界树.获取场景状态(场景);     for (auto it = 状态集.rbegin(); it != 状态集.rend(); ++it) {         auto* 状态 | 方法类.cpp:978:征主键 = 状态特征->获取主键();         for (auto* 状态节点 : 世界树.获取场景状态(场景)) {             const auto* 状态主信息 = 世界树.取状态主信息(状态节点);             if (!状态主信息) | 方法类.cpp:1918:!左 || !右) return false;     const auto 左状态集 = 世界树.获取场景状态(左);     const auto 右状态集 = 世界树.获取场景状态(右);     if (左状态集.empty() && 右状态集.empty()) { | 方法类.cpp:1919:o 左状态集 = 世界树.获取场景状态(左);     const auto 右状态集 = 世界树.获取场景状态(右);     if (左状态集.empty() && 右状态集.empty()) {         return 左 == 右 || 左->获取主键() = | 状态类.cpp:557:// 功能：读取并返回指定对象、状态或运行材料。 std::vector<状态节点类*> 状态类::获取场景状态(const 场景节点类* 场景) const {     std::vector<状态节点类*> out;     if (!基础信息_ || !场景) ret
present	世界树类::创建抽象特征	创建抽象特征	世界树类.cpp:1333	11	34	抽象特征节点类* 世界树类::创建抽象特征(基础信息节点类* 父抽象特征, 抽象特征主信息类* 主信息)	类别=构造;输入=有自定义类型;输出=指针/引用/句柄;副作用=无明显副作用;领域=世界;约束=无显式约束	世界树类.cpp:1659:信息->类型 = 根词;     主信息->设为复合特征();     抽象特征根 = 特征服务_.创建抽象特征(世界根(), 主信息);     return 抽象特征根; }  // 功能：读取抽象特征节点主信息，不创建或修改节点。 抽象特征主信息类* 世界树类::取抽 | 世界树类.cpp:1676:象特征主信息(节点); }  // 功能：创建并返回或登记对应对象。 抽象特征节点类* 世界树类::创建抽象特征(基础信息节点类* 父抽象特征, 抽象特征主信息类* 主信息) {     return 特征服务_.创建抽象特征(父抽象特征 ? 父抽象特征 : 取或创建抽象特 | 世界树类.cpp:1678:基础信息节点类* 父抽象特征, 抽象特征主信息类* 主信息) {     return 特征服务_.创建抽象特征(父抽象特征 ? 父抽象特征 : 取或创建抽象特征根(), 主信息); }  // 功能：创建并返回或登记对应对象。 抽象特征节点类* 世界树类::创建叶子抽象特 | 世界树类.h:127:息(const 抽象特征节点类* 节点) const noexcept;     抽象特征节点类* 创建抽象特征(基础信息节点类* 父抽象特征, 抽象特征主信息类* 主信息);     抽象特征节点类* 创建叶子抽象特征(         基础信息节点类* 父抽象特征,   | 特征类.cpp:629:) : nullptr; }  // 功能：创建并返回或登记对应对象。 抽象特征节点类* 特征类::创建抽象特征(基础信息节点类* 父抽象特征, 抽象特征主信息类* 主信息) {     if (!基础信息_ || !主信息) return nullptr;     私有_ | 特征类.cpp:675:  break;             }         }     }     return 创建抽象特征(父抽象特征, 主信息); }  // 功能：创建并返回或登记对应对象。 抽象特征节点类* 特征类::创建复合抽象特征(     基础信息节点类* 父抽象特征,  | 特征类.cpp:690:;     主信息->类型 = 类型;     主信息->设为复合特征();     return 创建抽象特征(父抽象特征, 主信息); }  // 功能：创建并返回或登记对应对象。 抽象特征节点类* 特征类::创建抽象特征_按类型(     基础信息节点类* 父抽象特征 | 特征类.cpp:711:   else {         主信息->设为复合特征();     }     return 创建抽象特征(父抽象特征, 主信息); }  // 功能：按条件查找目标对象、方法或事实。 抽象特征节点类* 特征类::查找子抽象特征_按类型(     const 基础信息
present	基础信息类::删除节点	删除节点	基础信息类.cpp:59	11	39	bool 基础信息类::删除节点(节点类* 节点)	类别=清理;输入=有自定义类型;输出=bool;副作用=无明显副作用;领域=基础信息;约束=无显式约束	二次特征类.cpp:967:_cast<场景节点类*>(父节点), 节点);     }      return 基础信息_->删除节点(节点); }  // 功能：按函数名执行对应处理。 std::vector<二次特征节点类*> 二次特征类::枚举全部二次特征() const {     st | 动态类.cpp:1065:static_cast<场景节点类*>(父节点), 节点);      return 基础信息_->删除节点(节点); }  // 功能：按函数名执行对应处理。 std::vector<动态节点类*> 动态类::枚举全部动态() const {     std::vec | 双向链表模板核心.h:535:e 被删除节点;     }      // 功能：删除指定对象、状态或登记项。     void 删除节点(节点类* 被删除节点)     {         写锁守卫 lock(链表锁);         删除节点_已加锁(被删除节点);     }      // | 场景类.cpp:167: 场景类::删除场景(场景节点类* 节点) {     return 基础信息_ ? 基础信息_->删除节点(节点) : false; }  // 功能：按函数名执行对应处理。 std::vector<场景节点类*> 场景类::枚举全部场景() const {      | 基础信息类.cpp:87:归释放节点主信息(节点); }  // 功能：删除指定对象、状态或登记项。 bool 基础信息类::删除节点(节点类* 节点) {     if (!节点 || 节点 == 世界根()) return false;     基类::删除节点(节点);     retur | 基础信息类.cpp:90:    if (!节点 || 节点 == 世界根()) return false;     基类::删除节点(节点);     return true; }  // 功能：更新已有对象、状态、索引或缓存。 bool 基础信息类::更新主信息(节点类* 节点, 基础信息基 | 基础信息类.h:27:);     void 释放节点主信息递归(节点类* 节点) noexcept;     bool 删除节点(节点类* 节点);     bool 更新主信息(节点类* 节点, 基础信息基类* 主信息);      std::vector<节点类*> 枚举全部节点()  | 存在类.cpp:589:lse;      基础信息_->释放节点主信息递归(节点);     return 基础信息_->删除节点(节点); }  // 功能：按函数名执行对应处理。 std::vector<存在节点类*> 存在类::枚举全部存在() const {     std::vec
present	世界树类::添加实例概念	添加实例概念	世界树类.cpp:1515	12	12	bool 世界树类::添加实例概念( 存在节点类* 实例, 存在节点类* 概念, bool 是否扩充记忆)	类别=执行;输入=有自定义类型;输出=bool;副作用=无明显副作用;领域=世界;约束=无显式约束	世界树类.cpp:2049:);     return 实例; }  // 功能：按函数名执行对应处理。 bool 世界树类::添加实例概念(     存在节点类* 实例,     存在节点类* 概念,     bool 是否扩充记忆) {     const bool 已添加 = 存在服务_.添加实 | 世界树类.cpp:2054:概念,     bool 是否扩充记忆) {     const bool 已添加 = 存在服务_.添加实例概念(实例, 概念, false);     if (是否扩充记忆) {         根据概念扩充实例记忆(实例, std::vector<存在节点类*>{ 概念 | 世界树类.cpp:2092:      for (auto* 概念 : 扩充顺序) {         (void)存在服务_.添加实例概念(实例, 概念, false);         (void)特征服务_.复制子特征到宿主(实例, 概念);     } }  // 功能：按函数名执行对应处理。 | 世界树类.h:226:念集,         场景节点类* 所属场景 = nullptr     );     bool 添加实例概念(         存在节点类* 实例,         存在节点类* 概念,         bool 是否扩充记忆 = true     );     voi | 任务类.cpp:169:: 私有_构建任务虚拟存在概念集(任务头结点)) {             全部成功 = 世界树.添加实例概念(任务虚拟存在, 概念, true) && 全部成功;         }         return 全部成功;     }      // 功能：服务所在模 | 存在类.cpp:578:     if (!概念 || 概念 == 实例) continue;         (void)添加实例概念(实例, 概念, false);     }     return 实例; }  // 功能：删除指定对象、状态或登记项。 bool 存在类::删除存在(存在节点 | 存在类.cpp:731:}     return true; }  // 功能：按函数名执行对应处理。 bool 存在类::添加实例概念(     存在节点类* 实例,     存在节点类* 概念,     bool 是否扩充记忆) {     (void)是否扩充记忆;     if (!实例  | 存在类.h:99:    bool 绑定概念模板(存在节点类* 节点, 存在节点类* 概念模板);     bool 添加实例概念(         存在节点类* 实例,         存在节点类* 概念,         bool 是否扩充记忆 = true     );     boo
present	存在类::添加实例概念	添加实例概念	存在类.cpp:541	12	12	bool 存在类::添加实例概念( 存在节点类* 实例, 存在节点类* 概念, bool 是否扩充记忆)	类别=执行;输入=有自定义类型;输出=bool;副作用=无明显副作用;领域=存在;约束=无显式约束	世界树类.cpp:2049:);     return 实例; }  // 功能：按函数名执行对应处理。 bool 世界树类::添加实例概念(     存在节点类* 实例,     存在节点类* 概念,     bool 是否扩充记忆) {     const bool 已添加 = 存在服务_.添加实 | 世界树类.cpp:2054:概念,     bool 是否扩充记忆) {     const bool 已添加 = 存在服务_.添加实例概念(实例, 概念, false);     if (是否扩充记忆) {         根据概念扩充实例记忆(实例, std::vector<存在节点类*>{ 概念 | 世界树类.cpp:2092:      for (auto* 概念 : 扩充顺序) {         (void)存在服务_.添加实例概念(实例, 概念, false);         (void)特征服务_.复制子特征到宿主(实例, 概念);     } }  // 功能：按函数名执行对应处理。 | 世界树类.h:226:念集,         场景节点类* 所属场景 = nullptr     );     bool 添加实例概念(         存在节点类* 实例,         存在节点类* 概念,         bool 是否扩充记忆 = true     );     voi | 任务类.cpp:169:: 私有_构建任务虚拟存在概念集(任务头结点)) {             全部成功 = 世界树.添加实例概念(任务虚拟存在, 概念, true) && 全部成功;         }         return 全部成功;     }      // 功能：服务所在模 | 存在类.cpp:578:     if (!概念 || 概念 == 实例) continue;         (void)添加实例概念(实例, 概念, false);     }     return 实例; }  // 功能：删除指定对象、状态或登记项。 bool 存在类::删除存在(存在节点 | 存在类.cpp:731:}     return true; }  // 功能：按函数名执行对应处理。 bool 存在类::添加实例概念(     存在节点类* 实例,     存在节点类* 概念,     bool 是否扩充记忆) {     (void)是否扩充记忆;     if (!实例  | 存在类.h:99:    bool 绑定概念模板(存在节点类* 节点, 存在节点类* 概念模板);     bool 添加实例概念(         存在节点类* 实例,         存在节点类* 概念,         bool 是否扩充记忆 = true     );     boo
present	控制面板摘要线程类::读取生命周期状态	读取生命周期状态	控制面板摘要线程模块.impl.cpp:704	12	12	枚举_控制面板摘要线程生命周期状态 控制面板摘要线程类::读取生命周期状态() const noexcept	类别=读取;输入=有自定义类型;输出=其他;副作用=无明显副作用;领域=控制面板;约束=noexcept	外设线程_D455深度相机.ixx:126:rono::milliseconds 等待上限);     枚举_D455深度相机线程生命周期状态 读取生命周期状态() const noexcept;     bool 是否运行中() const noexcept;     结构_D455深度相机线程结果 读取最新结果()  | 外设线程_D455深度相机.ixx:3579:从指定来源读取数据或状态。 枚举_D455深度相机线程生命周期状态 外设线程_D455深度相机类::读取生命周期状态() const noexcept {     if (!状态_) {         return 枚举_D455深度相机线程生命周期状态::未启动;      | 外设线程_D455深度相机.ixx:3591:相机类::是否运行中() const noexcept {     const auto 状态 = 读取生命周期状态();     return 状态 == 枚举_D455深度相机线程生命周期状态::启动中         || 状态 == 枚举_D455深度相机线程生命周期状 | 控制面板摘要线程模块.impl.cpp:703: // 功能：从指定来源读取数据或状态。 枚举_控制面板摘要线程生命周期状态 控制面板摘要线程类::读取生命周期状态() const noexcept {     std::lock_guard<std::mutex> lock(状态锁_);     return 生命周期_; | 控制面板摘要线程模块.ixx:87:ol 是否健康运行() const noexcept;     枚举_控制面板摘要线程生命周期状态 读取生命周期状态() const noexcept;     结构_控制面板摘要快照 读取最新快照() const;  private:     void 主循环_();     | 控制面板类.cpp:9342:制面板摘要();     const auto 摘要线程生命周期 = 获取全局控制面板摘要线程().读取生命周期状态();     auto 摘要线程快照 = 读取最新控制面板摘要快照();     if (摘要线程快照.快照序号 == 0) {         const a | 自我线程模块.impl.cpp:14901:自故障恢复_; }  // 功能：从指定来源读取数据或状态。 枚举_线程生命周期状态 自我线程类::读取生命周期状态() const noexcept {     std::scoped_lock 锁(状态锁_);     return 生命周期_; }  // 功能：从指定来 | 自我线程模块.ixx:566:ol 是否本次启动来自故障恢复() const noexcept;     枚举_线程生命周期状态 读取生命周期状态() const noexcept;     枚举_自我线程运行阶段 读取最近运行阶段() const noexcept;     枚举_自我线程最终去向 读取最
present	特征类::创建抽象特征_按类型	创建抽象特征_按类型	特征类.cpp:622	12	12	抽象特征节点类* 特征类::创建抽象特征_按类型( 基础信息节点类* 父抽象特征, const 语素入口节点类* 特征类型, std::optional<I64区间> 区间)	类别=构造;输入=有自定义类型;输出=整数/时间;副作用=无明显副作用;领域=特征;约束=无显式约束	世界树类.cpp:1734:征(抽象特征根); }  // 功能：创建并返回或登记对应对象。 抽象特征节点类* 世界树类::取或创建抽象特征_按类型(     基础信息节点类* 父抽象特征,     const 语素入口节点类* 特征类型) {     return 特征服务_.取或创建子抽象特征_按类型(  | 世界树类.h:143:   bool 初始化常用抽象特征(基础信息节点类* 抽象特征根);     抽象特征节点类* 取或创建抽象特征_按类型(         基础信息节点类* 父抽象特征,         const 语素入口节点类* 特征类型);     特征节点类* 取或创建实例特征_按抽象特征 | 特征类.cpp:694:父抽象特征, 主信息); }  // 功能：创建并返回或登记对应对象。 抽象特征节点类* 特征类::创建抽象特征_按类型(     基础信息节点类* 父抽象特征,     const 语素入口节点类* 特征类型,     std::optional<I64区间> 区间) {     | 特征类.cpp:794:象特征, 特征类型)) {         return 命中;     }     return 创建抽象特征_按类型(父抽象特征, 特征类型); }  // 功能：初始化相关对象、状态或运行上下文。 bool 特征类::初始化常用抽象特征(基础信息节点类* 抽象特征根) {   | 特征类.cpp:807:_按类型(父, 名称词);         if (!节点) {             节点 = 创建抽象特征_按类型(父, 名称词, 区间);         } else if (auto* 主信息 = 取抽象特征主信息(节点)) {             if (区间.h | 特征类.h:249:节点类* 名称,         const 语素入口节点类* 类型);     抽象特征节点类* 创建抽象特征_按类型(         基础信息节点类* 父抽象特征,         const 语素入口节点类* 特征类型,         std::optional<I64区 | 自我动作实现模块.ixx:3255:);         return 抽象根 && 特征类型             ? 世界树.取或创建抽象特征_按类型(抽象根, 特征类型)             : nullptr;     }      // 功能：把处理结果写入指定对象、场景或日志。     inline | 自我类.cpp:2026:n;      (void)世界树.初始化常用抽象特征(抽象根);     (void)世界树.取或创建抽象特征_按类型(         抽象根,         自我特征定义类::类型_自我_自我能力());     (void)世界树.取或创建抽象特征_按类型(
present	自我线程类::读取生命周期状态	读取生命周期状态	自我线程模块.impl.cpp:15583	12	12	枚举_线程生命周期状态 自我线程类::读取生命周期状态() const noexcept	类别=读取;输入=有自定义类型;输出=其他;副作用=无明显副作用;领域=自我;约束=noexcept	外设线程_D455深度相机.ixx:126:rono::milliseconds 等待上限);     枚举_D455深度相机线程生命周期状态 读取生命周期状态() const noexcept;     bool 是否运行中() const noexcept;     结构_D455深度相机线程结果 读取最新结果()  | 外设线程_D455深度相机.ixx:3579:从指定来源读取数据或状态。 枚举_D455深度相机线程生命周期状态 外设线程_D455深度相机类::读取生命周期状态() const noexcept {     if (!状态_) {         return 枚举_D455深度相机线程生命周期状态::未启动;      | 外设线程_D455深度相机.ixx:3591:相机类::是否运行中() const noexcept {     const auto 状态 = 读取生命周期状态();     return 状态 == 枚举_D455深度相机线程生命周期状态::启动中         || 状态 == 枚举_D455深度相机线程生命周期状 | 控制面板摘要线程模块.impl.cpp:703: // 功能：从指定来源读取数据或状态。 枚举_控制面板摘要线程生命周期状态 控制面板摘要线程类::读取生命周期状态() const noexcept {     std::lock_guard<std::mutex> lock(状态锁_);     return 生命周期_; | 控制面板摘要线程模块.ixx:87:ol 是否健康运行() const noexcept;     枚举_控制面板摘要线程生命周期状态 读取生命周期状态() const noexcept;     结构_控制面板摘要快照 读取最新快照() const;  private:     void 主循环_();     | 控制面板类.cpp:9342:制面板摘要();     const auto 摘要线程生命周期 = 获取全局控制面板摘要线程().读取生命周期状态();     auto 摘要线程快照 = 读取最新控制面板摘要快照();     if (摘要线程快照.快照序号 == 0) {         const a | 自我线程模块.impl.cpp:14901:自故障恢复_; }  // 功能：从指定来源读取数据或状态。 枚举_线程生命周期状态 自我线程类::读取生命周期状态() const noexcept {     std::scoped_lock 锁(状态锁_);     return 生命周期_; }  // 功能：从指定来 | 自我线程模块.ixx:566:ol 是否本次启动来自故障恢复() const noexcept;     枚举_线程生命周期状态 读取生命周期状态() const noexcept;     枚举_自我线程运行阶段 读取最近运行阶段() const noexcept;     枚举_自我线程最终去向 读取最
present	自检线程类::读取生命周期状态	读取生命周期状态	自检线程模块.impl.cpp:1572	12	12	枚举_自检线程生命周期状态 自检线程类::读取生命周期状态() const noexcept	类别=读取;输入=有自定义类型;输出=其他;副作用=无明显副作用;领域=全局通用候选;约束=noexcept	外设线程_D455深度相机.ixx:126:rono::milliseconds 等待上限);     枚举_D455深度相机线程生命周期状态 读取生命周期状态() const noexcept;     bool 是否运行中() const noexcept;     结构_D455深度相机线程结果 读取最新结果()  | 外设线程_D455深度相机.ixx:3579:从指定来源读取数据或状态。 枚举_D455深度相机线程生命周期状态 外设线程_D455深度相机类::读取生命周期状态() const noexcept {     if (!状态_) {         return 枚举_D455深度相机线程生命周期状态::未启动;      | 外设线程_D455深度相机.ixx:3591:相机类::是否运行中() const noexcept {     const auto 状态 = 读取生命周期状态();     return 状态 == 枚举_D455深度相机线程生命周期状态::启动中         || 状态 == 枚举_D455深度相机线程生命周期状 | 控制面板摘要线程模块.impl.cpp:703: // 功能：从指定来源读取数据或状态。 枚举_控制面板摘要线程生命周期状态 控制面板摘要线程类::读取生命周期状态() const noexcept {     std::lock_guard<std::mutex> lock(状态锁_);     return 生命周期_; | 控制面板摘要线程模块.ixx:87:ol 是否健康运行() const noexcept;     枚举_控制面板摘要线程生命周期状态 读取生命周期状态() const noexcept;     结构_控制面板摘要快照 读取最新快照() const;  private:     void 主循环_();     | 控制面板类.cpp:9342:制面板摘要();     const auto 摘要线程生命周期 = 获取全局控制面板摘要线程().读取生命周期状态();     auto 摘要线程快照 = 读取最新控制面板摘要快照();     if (摘要线程快照.快照序号 == 0) {         const a | 自我线程模块.impl.cpp:14901:自故障恢复_; }  // 功能：从指定来源读取数据或状态。 枚举_线程生命周期状态 自我线程类::读取生命周期状态() const noexcept {     std::scoped_lock 锁(状态锁_);     return 生命周期_; }  // 功能：从指定来 | 自我线程模块.ixx:566:ol 是否本次启动来自故障恢复() const noexcept;     枚举_线程生命周期状态 读取生命周期状态() const noexcept;     枚举_自我线程运行阶段 读取最近运行阶段() const noexcept;     枚举_自我线程最终去向 读取最
present	语素类::推断人类词性默认基础信息类型	推断人类词性默认基础信息类型	语素类.cpp:967	12	12	枚举_主信息类型 语素类::推断人类词性默认基础信息类型(枚举_词性 词性) noexcept	类别=执行;输入=有自定义类型;输出=其他;副作用=无明显副作用;领域=语素;约束=noexcept	语素主信息类.h:216:信息入口类型::未定义; }  // 功能：按函数名执行对应处理。 inline 枚举_主信息类型 推断人类词性默认基础信息类型(枚举_词性 词性) noexcept {     const auto 默认入口 = 选择默认信息入口类型(词性);     const auto 入口类型 = | 语素主信息类.h:327:词性, 枚举_主信息类型 类型) noexcept {     const auto 默认类型 = 推断人类词性默认基础信息类型(词性);     if (默认类型 == 类型) return true;      // 抽象特征模板与具体特征实例共享同一个语素入口。     if (默认 | 语素主信息类.h:400:行对应处理。     语素入口主信息类()         : 对应基础信息类型(语素主信息内部::推断人类词性默认基础信息类型(词性)) {         主信息类型 = 枚举_主信息类型::词性;     }      // 功能：按函数名执行对应处理。     explicit 语 | 语素主信息类.h:408:)      //   , 人类词性(v)         , 对应基础信息类型(语素主信息内部::推断人类词性默认基础信息类型(v)) {         主信息类型 = 枚举_主信息类型::词性;     }      // 功能：按函数名执行对应处理。     explicit 语素 | 语素主信息类.h:427:素主信息内部::取信息入口主信息类型(程序)                 : 语素主信息内部::推断人类词性默认基础信息类型(人类)) {         主信息类型 = 枚举_主信息类型::词性;     }      // 功能：建立对象、任务、方法或因果之间的绑定关系。      | 语素类.cpp:1079:         ? 入口主信息->对应基础信息类型             : 语素主信息内部::推断人类词性默认基础信息类型(入口主信息->词性);         已绑定节点 = 入口主信息->对应基础信息.指针;     }      if (目标类型 == 枚举_主信息类型::未 | 语素类.cpp:1152:确定()         ? 入口主信息->对应基础信息类型         : 语素主信息内部::推断人类词性默认基础信息类型(入口主信息->词性); }  // 功能：读取语素入口节点显式绑定的基础信息类型，不做词性默认推断。 枚举_主信息类型 语素类::获取语素入口显式对应基础信息类 | 语素类.cpp:1216:认模板入口(信息入口类型); }  // 功能：按函数名执行对应处理。 枚举_主信息类型 语素类::推断人类词性默认基础信息类型(枚举_词性 词性) noexcept {     return 语素主信息内部::推断人类词性默认基础信息类型(词性); }  // 功能：判断基础信息主信息类
present	世界树类::创建二次特征	创建二次特征	世界树类.cpp:1561	12	19	二次特征节点类* 世界树类::创建二次特征(基础信息节点类* 父节点, 二次特征主信息类* 主信息)	类别=构造;输入=有自定义类型;输出=指针/引用/句柄;副作用=无明显副作用;领域=世界;约束=无显式约束	世界树类.cpp:2189:    存在概念根); }  // 功能：创建并返回或登记对应对象。 二次特征节点类* 世界树类::创建二次特征(基础信息节点类* 父节点, 二次特征主信息类* 主信息) {     return 二次特征服务_.创建二次特征(父节点, 主信息); }  // 功能：按度量 | 世界树类.cpp:2191:基础信息节点类* 父节点, 二次特征主信息类* 主信息) {     return 二次特征服务_.创建二次特征(父节点, 主信息); }  // 功能：按度量签名创建二次特征节点。 二次特征节点类* 世界树类::创建二次特征_按度量(     基础信息节点类* 父节点,  | 世界树类.h:263:,         const 存在节点类* 存在概念根) const;     二次特征节点类* 创建二次特征(基础信息节点类* 父节点, 二次特征主信息类* 主信息);     二次特征节点类* 创建二次特征_按度量(         基础信息节点类* 父节点,     | 二次特征类.cpp:589:配(*模板主信息); }  // 功能：创建并返回或登记对应对象。 二次特征节点类* 二次特征类::创建二次特征(基础信息节点类* 父节点, 二次特征主信息类* 主信息) {     if (!基础信息_ || !主信息) return nullptr;     if (主 | 二次特征类.cpp:614:y()) {         主信息->刷新度量签名_链键();     }     return 创建二次特征(父节点, 主信息); }  // 功能：创建并返回或登记对应对象。 二次特征节点类* 二次特征类::获取或创建子二次特征_按签名(     基础信息节点类* 父 | 二次特征类.cpp:773:st auto 节点创建开始 = 私有_二次特征类阶段时间点();     auto* 新节点 = 创建二次特征(父节点, new 二次特征主信息类(*有效模板));     节点创建耗时微秒 = 私有_二次特征类阶段耗时微秒(         节点创建开始,        | 二次特征类.cpp:807:   主信息->区间层级 = 二次特征主信息类::枚举_区间层级::未定义;     return 创建二次特征(nullptr, 主信息); }  // 功能：创建并返回或登记对应对象。 二次特征节点类* 二次特征类::获取或创建度量链根(     const std:: | 二次特征类.cpp:837:息->区间层级 = 二次特征主信息类::枚举_区间层级::未定义;      auto* 链根 = 创建二次特征(概念树根, 主信息);     私有_确保默认概念刻度(链根);     return 链根; }  // 功能：注册方法、模板、对象或运行入口。 二次特征节点
present	自我类::时序正向步长	时序正向步长	自我类.cpp:1049	12	20	I64 自我类::时序正向步长() const noexcept	类别=执行;输入=有自定义类型;输出=整数/时间;副作用=无明显副作用;领域=自我;约束=noexcept	自我类.cpp:1009:根目标安全值(), 获取安全值()); }  // 功能：按函数名执行对应处理。 I64 自我类::时序正向步长() const noexcept {     return temporal_forward_step_.load(std::memory_order_acqu | 自我类.cpp:1501:值重算安全增加步长(时间戳 now) noexcept {     const I64 旧步长 = 时序正向步长();     const I64 新步长 = 计算安全增加步长_按服务值_(获取服务值());      const bool 已变化 = 新步长 != 旧步长 | 自我类.cpp:1508:   (void)写入自我I64特征当前值(             自我特征定义类::类型_自我_时序正向步长(),             新步长,             now);     }      私有_记录本能动作_I64(         *this,   | 自我类.cpp:1515:记录本能动作_I64(         *this,         自我特征定义类::类型_自我_时序正向步长(),         旧步长,         新步长,         已变化,         枚举_本能方法ID::自我_按服务值重算安全增加步长,    | 自我类.cpp:1560:目标安全值 = 安全稳定带下限值_();      if (delta <= 0) delta = 时序正向步长();     delta = (std::max<I64>)(1, delta);      I64 新安全值 = 旧安全值;     bool 已变化 = f | 自我类.cpp:2014:状态(), 0);     确保自我I64特征已初始化_(自我存在, 自我特征定义类::类型_自我_时序正向步长(), 1);     确保自我I64特征已初始化_(自我存在, 自我特征定义类::类型_自我_时序反向步长(), 1);     确保自我I64特征已初始化_( | 自我类.cpp:2128:ease);     }      if (读取自我I64特征当前值(自我特征定义类::类型_自我_时序正向步长(), 当前值)) {         temporal_forward_step_.store((std::max<I64>)(1, 当前值), std::me | 自我类.cpp:2380:);     (void)写入自我I64特征当前值(         自我特征定义类::类型_自我_时序正向步长(),         temporal_forward_step_.load(std::memory_order_acquire),         now);
present	自我类::时序反向步长	时序反向步长	自我类.cpp:1055	12	20	I64 自我类::时序反向步长() const noexcept	类别=执行;输入=有自定义类型;输出=整数/时间;副作用=无明显副作用;领域=自我;约束=noexcept	自我类.cpp:1015:ory_order_acquire); }  // 功能：按函数名执行对应处理。 I64 自我类::时序反向步长() const noexcept {     return temporal_backward_step_.load(std::memory_order_acq | 自我类.cpp:1529:值重算安全减少步长(时间戳 now) noexcept {     const I64 旧步长 = 时序反向步长();     const I64 新步长 = 计算安全减少步长_按服务值_(获取服务值());      const bool 已变化 = 新步长 != 旧步长 | 自我类.cpp:1536:   (void)写入自我I64特征当前值(             自我特征定义类::类型_自我_时序反向步长(),             新步长,             now);     }      私有_记录本能动作_I64(         *this,   | 自我类.cpp:1543:记录本能动作_I64(         *this,         自我特征定义类::类型_自我_时序反向步长(),         旧步长,         新步长,         已变化,         枚举_本能方法ID::自我_按服务值重算安全减少步长,    | 自我类.cpp:1598:目标安全值 = 安全稳定带上限值_();      if (delta <= 0) delta = 时序反向步长();     delta = (std::max<I64>)(1, delta);      I64 新安全值 = 旧安全值;     bool 已变化 = f | 自我类.cpp:2015:步长(), 1);     确保自我I64特征已初始化_(自我存在, 自我特征定义类::类型_自我_时序反向步长(), 1);     确保自我I64特征已初始化_(自我存在, 自我特征定义类::类型_自我_服务时序衰减步长(), 1); }  // 功能：初始化相关对象、 | 自我类.cpp:2135:ease);     }      if (读取自我I64特征当前值(自我特征定义类::类型_自我_时序反向步长(), 当前值)) {         temporal_backward_step_.store((std::max<I64>)(1, 当前值), std::m | 自我类.cpp:2384:);     (void)写入自我I64特征当前值(         自我特征定义类::类型_自我_时序反向步长(),         temporal_backward_step_.load(std::memory_order_acquire),         now)
present	世界树类::确保根概念_存在	确保根概念_存在	世界树类.cpp:1058	13	13	存在节点类* 世界树类::确保根概念_存在()	类别=未分类;输入=有自定义类型;输出=指针/引用/句柄;副作用=无明显副作用;领域=世界;约束=无显式约束	"世界树类.cpp:1390:在概念根); }  // 功能：确保目标结构、状态或前置条件存在并可用。 存在节点类* 世界树类::确保根概念_存在() {     return 确保存在概念(私有_存在概念入口性(""存在"")); }  // 功能：确保目标结构、状态或前置条件存在并可用。 存在节点类* 世界 | 世界树类.cpp:1398:概念_实物存在() {     return 确保存在概念(私有_存在概念入口性(""实物存在""), 确保根概念_存在()); }  // 功能：确保目标结构、状态或前置条件存在并可用。 存在节点类* 世界树类::确保根概念_虚拟存在() {     return 确保存在概念( | 世界树类.cpp:1404:概念_虚拟存在() {     return 确保存在概念(私有_存在概念入口性(""虚拟存在""), 确保根概念_存在()); }  // 功能：确保目标结构、状态或前置条件存在并可用。 存在节点类* 世界树类::确保根概念_信息存在() {     return 确保存在概念( | 世界树类.cpp:1410:概念_信息存在() {     return 确保存在概念(私有_存在概念入口性(""信息存在""), 确保根概念_存在()); }  // 功能：确保目标结构、状态或前置条件存在并可用。 存在节点类* 世界树类::确保根概念_数字生命() {     return 确保存在概念( | 世界树类.cpp:1416:概念_数字生命() {     return 确保存在概念(私有_存在概念入口性(""数字生命""), 确保根概念_存在()); }  // 功能：确保目标结构、状态或前置条件存在并可用。 存在节点类* 世界树类::确保核心概念_自我() {     return 确保存在概念(私 | 世界树类.cpp:1465:   bool 全部成功 = 取或创建存在概念根() != nullptr;     全部成功 = 确保根概念_存在() != nullptr && 全部成功;     全部成功 = 确保根概念_实物存在() != nullptr && 全部成功;     全部成功 = 确保根 | 世界树类.cpp:1486:;     全部成功 = 私有_确保概念特征槽集合(         *this,         确保根概念_存在(),         {             ""所属上下文"",             ""来源"",             ""存在状态"",          | 世界树类.cpp:1614: }     };      全部成功 = 绑定(""存在"", 枚举_信息入口类型::存在概念入口, 确保根概念_存在()) && 全部成功;     全部成功 = 绑定(""实物存在"", 枚举_信息入口类型::存在概念入口, 确保根概念_实物存在()) && 全部成功;     "
present	世界树类::取或创建子场景_按名称	取或创建子场景_按名称	世界树类.cpp:1552	13	13	场景节点类* 世界树类::取或创建子场景_按名称( 基础信息节点类* 父节点, const 语素入口节点类* 名称, 枚举_世界类型 世界类型)	类别=构造;输入=有自定义类型;输出=指针/引用/句柄;副作用=无明显副作用;领域=世界;约束=无显式约束	"世界树类.cpp:2139:点, 名称, 世界类型); }  // 功能：创建并返回或登记对应对象。 场景节点类* 世界树类::取或创建子场景_按名称(     基础信息节点类* 父节点,     const 语素入口节点类* 名称,     枚举_世界类型 世界类型) {     return 场景服务_.取 | 世界树类.cpp:2144:语素入口节点类* 名称,     枚举_世界类型 世界类型) {     return 场景服务_.取或创建子场景_按名称(父节点, 名称, 世界类型); }  // 功能：建立场景与宿主存在之间的绑定关系。 bool 世界树类::绑定场景宿主(场景节点类* 节点, 存在节点类* 宿 | 世界树类.cpp:3216: = 语素集.添加信息入口词(名称, 枚举_信息入口类型::场景实例入口);     return 取或创建子场景_按名称(nullptr, 名称词, 世界类型); }  // 功能：创建并返回或登记对应对象。 场景节点类* 世界树类::取或创建自我现实场景() {     if ( | 世界树类.cpp:3225:加信息入口词(""自我初始场景"", 枚举_信息入口类型::场景实例入口);     自我所在场景 = 取或创建子场景_按名称(现实世界, 场景名称, 枚举_世界类型::现实世界);     return 自我所在场景; }  // 功能：创建并返回或登记对应对象。 存在节点类* 世界树 | 世界树类.cpp:3266:息入口词(""内部世界"", 枚举_信息入口类型::场景实例入口);     auto* 内部世界 = 取或创建子场景_按名称(宿主存在, 名称词, 枚举_世界类型::内部世界);     if (!内部世界) return nullptr;      场景服务_.绑定宿主(内部世界,  | 世界树类.h:248:     枚举_世界类型 世界类型 = 枚举_世界类型::其它     );     场景节点类* 取或创建子场景_按名称(         基础信息节点类* 父节点,         const 语素入口节点类* 名称,         枚举_世界类型 世界类型 = 枚举_世界类型 | 场景类.cpp:150:建场景(父节点, 主信息); }  // 功能：创建并返回或登记对应对象。 场景节点类* 场景类::取或创建子场景_按名称(     基础信息节点类* 父节点,     const 语素入口节点类* 名称,     枚举_世界类型 世界类型) {     if (auto* 命中 = | 场景类.h:44:     枚举_世界类型 世界类型 = 枚举_世界类型::其它     );     场景节点类* 取或创建子场景_按名称(         基础信息节点类* 父节点,         const 语素入口节点类* 名称,         枚举_世界类型 世界类型 = 枚举_世界类型"
present	场景类::取或创建子场景_按名称	取或创建子场景_按名称	场景类.cpp:171	13	13	场景节点类* 场景类::取或创建子场景_按名称( 基础信息节点类* 父节点, const 语素入口节点类* 名称, 枚举_世界类型 世界类型)	类别=构造;输入=有自定义类型;输出=指针/引用/句柄;副作用=无明显副作用;领域=场景;约束=无显式约束	"世界树类.cpp:2139:点, 名称, 世界类型); }  // 功能：创建并返回或登记对应对象。 场景节点类* 世界树类::取或创建子场景_按名称(     基础信息节点类* 父节点,     const 语素入口节点类* 名称,     枚举_世界类型 世界类型) {     return 场景服务_.取 | 世界树类.cpp:2144:语素入口节点类* 名称,     枚举_世界类型 世界类型) {     return 场景服务_.取或创建子场景_按名称(父节点, 名称, 世界类型); }  // 功能：建立场景与宿主存在之间的绑定关系。 bool 世界树类::绑定场景宿主(场景节点类* 节点, 存在节点类* 宿 | 世界树类.cpp:3216: = 语素集.添加信息入口词(名称, 枚举_信息入口类型::场景实例入口);     return 取或创建子场景_按名称(nullptr, 名称词, 世界类型); }  // 功能：创建并返回或登记对应对象。 场景节点类* 世界树类::取或创建自我现实场景() {     if ( | 世界树类.cpp:3225:加信息入口词(""自我初始场景"", 枚举_信息入口类型::场景实例入口);     自我所在场景 = 取或创建子场景_按名称(现实世界, 场景名称, 枚举_世界类型::现实世界);     return 自我所在场景; }  // 功能：创建并返回或登记对应对象。 存在节点类* 世界树 | 世界树类.cpp:3266:息入口词(""内部世界"", 枚举_信息入口类型::场景实例入口);     auto* 内部世界 = 取或创建子场景_按名称(宿主存在, 名称词, 枚举_世界类型::内部世界);     if (!内部世界) return nullptr;      场景服务_.绑定宿主(内部世界,  | 世界树类.h:248:     枚举_世界类型 世界类型 = 枚举_世界类型::其它     );     场景节点类* 取或创建子场景_按名称(         基础信息节点类* 父节点,         const 语素入口节点类* 名称,         枚举_世界类型 世界类型 = 枚举_世界类型 | 场景类.cpp:150:建场景(父节点, 主信息); }  // 功能：创建并返回或登记对应对象。 场景节点类* 场景类::取或创建子场景_按名称(     基础信息节点类* 父节点,     const 语素入口节点类* 名称,     枚举_世界类型 世界类型) {     if (auto* 命中 = | 场景类.h:44:     枚举_世界类型 世界类型 = 枚举_世界类型::其它     );     场景节点类* 取或创建子场景_按名称(         基础信息节点类* 父节点,         const 语素入口节点类* 名称,         枚举_世界类型 世界类型 = 枚举_世界类型"
present	D455_相机实现::打开	打开	D455相机类.cpp:870	13	157	bool D455_相机实现::打开()	类别=执行;输入=无自定义类型;输出=bool;副作用=无明显副作用;领域=外设;约束=无显式约束	D455相机类.cpp:49:      关闭();     }      // 功能：按函数名执行对应处理。     bool 打开() {         try {             rs2::config c;             c.enable_stream(RS2_STR | D455相机类.cpp:216:  关闭();             cfg = 新配置;             return 打开();         }          cfg = 新配置;         try {             配置传感器(profile.get_dev | D455相机类.cpp:870:ept = default;  // 功能：按函数名执行对应处理。 bool D455_相机实现::打开() {     return 实现指针 && 实现指针->打开(); }  // 功能：按函数名执行对应处理。 void D455_相机实现::关闭() {   | D455相机类.cpp:871:。 bool D455_相机实现::打开() {     return 实现指针 && 实现指针->打开(); }  // 功能：按函数名执行对应处理。 void D455_相机实现::关闭() {     if (实现指针) {         实现指针->关闭( | D455相机类.ixx:78:& operator=(const D455_相机实现&) = delete;      bool 打开() override;     void 关闭() override;     bool 采集一帧(结构体_原始场景帧& 输出) override;       | 双目相机本能适配器.cpp:1277:space 双目相机本能适配器 {      // 功能：按函数名执行对应处理。     调用结果 打开() noexcept     {         std::lock_guard<std::mutex> 锁(g_互斥);         调用结果 结果{}; | 双目相机本能适配器.cpp:1297:       if (!g_相机已打开) {                 if (!g_相机->打开()) {                     g_相机.reset();                     g_相机已打开 = false;      | 双目相机本能适配器.h:203:};         std::size_t 轮廓数量 = 0;     };      调用结果 打开() noexcept;     调用结果 释放() noexcept;     调用结果 检查() noexcept;     调用结果 采集一帧() noex
present	二次特征类::获取或创建子二次特征_按签名	获取或创建子二次特征_按签名	二次特征类.cpp:369	14	14	二次特征节点类* 二次特征类::获取或创建子二次特征_按签名( 基础信息节点类* 父节点, const 二次特征主信息类& 模板)	类别=构造;输入=有自定义类型;输出=指针/引用/句柄;副作用=无明显副作用;领域=特征;约束=无显式约束	"世界树类.cpp:2210:}  // 功能：按二次特征签名读取或显式创建父节点下的子二次特征。 二次特征节点类* 世界树类::获取或创建子二次特征_按签名(     基础信息节点类* 父节点,     const 二次特征主信息类& 模板) {     return 二次特征服务_.获取或创建子二次特征_按签名(父 | 世界树类.cpp:2214:父节点,     const 二次特征主信息类& 模板) {     return 二次特征服务_.获取或创建子二次特征_按签名(父节点, 模板); }  // 功能：读取二次特征节点主信息，不创建或修改节点。 二次特征主信息类* 世界树类::取二次特征主信息(二次特征节点类* 节点) c | 世界树类.h:269:> 获取子二次特征(const 基础信息节点类* 父节点) const;     二次特征节点类* 获取或创建子二次特征_按签名(         基础信息节点类* 父节点,         const 二次特征主信息类& 模板     );     二次特征主信息类* 取二次特征主信息( | 二次特征应用模块.ixx:1627:建开始 = 私有_二次特征阶段时间点();             auto* 节点 = 世界树->获取或创建子二次特征_按签名(                 static_cast<基础信息节点类*>(场景),                 模板);             if  | 二次特征应用模块.ixx:1804:建开始 = 私有_二次特征阶段时间点();             auto* 节点 = 世界树->获取或创建子二次特征_按签名(                 static_cast<基础信息节点类*>(场景),                 模板);             if  | 二次特征应用模块.ixx:2309:态路径签名;         模板.刷新度量签名_链键();         节点 = 世界树_->获取或创建子二次特征_按签名(             reinterpret_cast<基础信息节点类*>(场景),             模板);     }     if (!节点) | 二次特征应用模块.ixx:2730: 来源时间段;     模板.刷新度量签名_链键();      auto* 节点 = 世界树_->获取或创建子二次特征_按签名(         static_cast<基础信息节点类*>(所属场景),         模板);     if (!节点) return nullptr;  | 二次特征应用模块.ixx:2949:|存在比较|"" + 度量后缀;              if (auto* 节点 = 世界树_->获取或创建子二次特征_按签名(                 static_cast<基础信息节点类*>(场景),                 模板)) {              "
present	自我类::获取安全根需求	获取安全根需求	自我类.cpp:1243	14	14	需求类::节点类* 自我类::获取安全根需求() const noexcept	类别=读取;输入=有自定义类型;输出=指针/引用/句柄;副作用=无明显副作用;领域=自我;约束=noexcept	"任务模块.筹办.ixx:1671:    return;         }         if (视图.来源需求 == 自我对象.获取安全根需求()             || 视图.来源需求 == 自我对象.获取服务根需求()) {             记录筹办日志(""因果路径筹办学习缺口跳过""  | 自我类.cpp:1203: 状态节点; }  // 功能：读取并返回指定对象、状态或运行材料。 需求类::节点类* 自我类::获取安全根需求() const noexcept {     auto* 自我存在 = 世界树.自我指针;     if (!自我存在) return nullptr;     | 自我类.cpp:1839:值);     };      结构_自我根需求压力评估 评估{};     评估.安全根需求 = 获取安全根需求();     评估.服务根需求 = 获取服务根需求();     评估.安全差值 = 私有_自我根特征目标差值_自我类(         枚举_自我根特征类型_ | 自我类.ixx:189:= 结构体_时间戳::当前_微秒()     ) noexcept;      需求类::节点类* 获取安全根需求() const noexcept;     需求类::节点类* 获取服务根需求() const noexcept;     任务类::节点类* 获取安全根任务( | 自我类.初始化.cpp:196:定义类::类型_自我_服务时序衰减步长());          结果.根需求已就绪 = 自我对象.获取安全根需求() != nullptr && 自我对象.获取服务根需求() != nullptr;         结果.根任务已就绪 = 自我对象.获取安全根任务() != | 自我类.初始化.cpp:326: 自我对象.确保自我根需求与根任务已初始化_();             return 自我对象.获取安全根需求() != nullptr                 && 自我对象.获取服务根需求() != nullptr                 && 自我对 | 自我线程模块.impl.cpp:6747: = 结构体_时间戳::当前_微秒();     }      auto* 来源需求 = 自我对象.获取安全根需求();     auto* 任务头 = 自我对象.获取安全根任务();     auto 记录跳过 = [&](const std::string& 原因) no | 自我线程模块.impl.cpp:8259:));         return 0;     }      auto* 安全根需求 = 自我.获取安全根需求();     if (来源需求 == 安全根需求) {         项目运行日志(             ""自我线程/观察事实更新来源需求唤醒跳过""   "
present	世界树类::读取存在场景绝对坐标	读取存在场景绝对坐标	世界树类.cpp:1962	15	15	bool 世界树类::读取存在场景绝对坐标(const 存在节点类* 节点, Vector3D& 输出坐标_mm) const	类别=读取;输入=有自定义类型;输出=bool;副作用=无明显副作用;领域=世界;约束=无显式约束	世界树类.cpp:3237: 名称词, 类型词);     Vector3D 已有坐标{};     if (自我指针 && !读取存在场景绝对坐标(自我指针, 已有坐标)) {         const auto now = 结构体_时间戳::当前_微秒();         if (写入存在场景绝对坐标 | 世界树类.cpp:3275:   return 内部世界; }  // 功能：从指定来源读取数据或状态。 bool 世界树类::读取存在场景绝对坐标(const 存在节点类* 节点, Vector3D& 输出坐标_mm) const {     return 存在服务_.读取存在场景绝对坐标(节点, 输出坐标 | 世界树类.cpp:3277:* 节点, Vector3D& 输出坐标_mm) const {     return 存在服务_.读取存在场景绝对坐标(节点, 输出坐标_mm); }  // 功能：把处理结果写入指定对象、场景或日志。 bool 世界树类::写入存在场景绝对坐标(     存在节点类* 节点,  | 世界树类.h:620:类* 宿主存在, const 语素入口节点类* 场景名称 = nullptr);     bool 读取存在场景绝对坐标(const 存在节点类* 节点, Vector3D& 输出坐标_mm) const;     bool 写入存在场景绝对坐标(         存在节点类* 节 | 场景类.cpp:264:inue;          Vector3D 存在原点{};         if (!存在服务.读取存在场景绝对坐标(候选存在, 存在原点)) continue;          I64 原点X = 0;         I64 原点Y = 0;         I64 原点 | 存在类.cpp:342:类>{}; }  // 功能：从存在特征结构读取场景绝对坐标，不创建特征节点。 bool 存在类::读取存在场景绝对坐标(const 存在节点类* 节点, Vector3D& 输出坐标_mm) const {     输出坐标_mm = {};     if (!基础信息_ ||  | 存在类.cpp:383:)) return false;      Vector3D 参考绝对坐标{};     if (!读取存在场景绝对坐标(参考存在, 参考绝对坐标)) {         return false;     }      const Vector3D 候选{         参考绝 | 存在类.h:42:取概念模板引用(const 存在节点类* 节点) const noexcept;     bool 读取存在场景绝对坐标(const 存在节点类* 节点, Vector3D& 输出坐标_mm) const;     bool 计算场景绝对坐标_由参考存在相对坐标(
present	二次特征类::获取子二次特征	获取子二次特征	二次特征类.cpp:735	15	15	std::vector<二次特征节点类*> 二次特征类::获取子二次特征(const 基础信息节点类* 父节点) const	类别=读取;输入=有自定义类型;输出=指针/引用/句柄;副作用=无明显副作用;领域=特征;约束=无显式约束	世界树类.cpp:2204:节点下的直接子二次特征，不创建或修改节点。 std::vector<二次特征节点类*> 世界树类::获取子二次特征(const 基础信息节点类* 父节点) const {     return 二次特征服务_.获取子二次特征(父节点); }  // 功能：按二次特征签名读取或 | 世界树类.cpp:2206:特征(const 基础信息节点类* 父节点) const {     return 二次特征服务_.获取子二次特征(父节点); }  // 功能：按二次特征签名读取或显式创建父节点下的子二次特征。 二次特征节点类* 世界树类::获取或创建子二次特征_按签名(     基础信息 | 世界树类.h:268: std::string& 度量签名_链键);     std::vector<二次特征节点类*> 获取子二次特征(const 基础信息节点类* 父节点) const;     二次特征节点类* 获取或创建子二次特征_按签名(         基础信息节点类* 父节点,    | 二次特征应用模块.ixx:1205:候选枚举开始 = 私有_二次特征阶段时间点();         auto 全部候选 = 世界树->获取子二次特征(场景);         全部候选枚举耗时微秒 = 私有_二次特征阶段耗时微秒(             全部候选枚举开始,             私有_二次 | 二次特征应用模块.ixx:2481: return nullptr;     }      for (auto* 节点 : 世界树_->获取子二次特征(              reinterpret_cast<基础信息节点类*>(场景))) {         const auto* 主信息 = 世界树_- | 二次特征应用模块.ixx:2506:lptr;     时间戳 命中时间 = 0;     for (auto* 节点 : 世界树_->获取子二次特征(场景)) {         const auto* 主信息 = 世界树_->取二次特征主信息(节点);         if (!主信息) {         | 二次特征类.cpp:820:  if (!概念树根) return nullptr;      for (auto* 节点 : 获取子二次特征(概念树根)) {         auto* 主信息 = 取二次特征主信息(节点);         if (!主信息) continue;         i | 二次特征类.cpp:865:llptr;      私有_确保默认概念刻度(链根);      for (auto* 节点 : 获取子二次特征(链根)) {         const auto* 主信息 = 取二次特征主信息(节点);         if (!主信息 || !主信息->标量区间.ha
present	动态类::追加来源低层动态	追加来源低层动态	动态类.cpp:1219	15	15	bool 动态类::追加来源低层动态(动态节点类* 节点, 动态节点类* 来源低层动态)	类别=写入;输入=有自定义类型;输出=bool;副作用=无明显副作用;领域=动态;约束=无显式约束	世界树类.cpp:2642:       结果状态); }  // 功能：向动态来源链追加低层动态引用。 bool 世界树类::追加来源低层动态(动态节点类* 节点, 动态节点类* 来源低层动态) {     return 动态服务_.追加来源低层动态(节点, 来源低层动态); }  // 功能：读取动态 | 世界树类.cpp:2644:低层动态(动态节点类* 节点, 动态节点类* 来源低层动态) {     return 动态服务_.追加来源低层动态(节点, 来源低层动态); }  // 功能：读取动态节点主信息，不创建或修改节点。 动态节点主信息类* 世界树类::取动态主信息(动态节点类* 节点) cons | 世界树类.h:434:tr,         状态节点类* 结果状态 = nullptr     );     bool 追加来源低层动态(动态节点类* 节点, 动态节点类* 来源低层动态);     动态节点主信息类* 取动态主信息(动态节点类* 节点) const noexcept;     c | 动态类.cpp:919:状态, 1)) {         if (来源低层动态) {             (void)追加来源低层动态(已有动态, 来源低层动态);         }         return 已有动态;     }      const auto* 初始状态主信息 = 基 | 动态类.cpp:948:) return nullptr;     if (来源低层动态) {         (void)追加来源低层动态(动态节点, 来源低层动态);     }     return 动态节点; }  // 功能：创建并返回或登记对应对象。 动态节点类* 动态类::创建场景动态( | 动态类.cpp:967:状态, 2)) {         if (来源低层动态) {             (void)追加来源低层动态(已有动态, 来源低层动态);         }         return 已有动态;     }      const auto* 初始状态主信息 = 基 | 动态类.cpp:996:) return nullptr;     if (来源低层动态) {         (void)追加来源低层动态(动态节点, 来源低层动态);     }     return 动态节点; }  // 功能：根据当前输入生成目标数据、场景、动态或回执。 bool 动态类:: | 动态类.cpp:1264:;     return true; }  // 功能：按函数名执行对应处理。 bool 动态类::追加来源低层动态(动态节点类* 节点, 动态节点类* 来源低层动态) {     auto* 主信息 = 取动态主信息(节点);     if (!主信息 || !来源低层动态)
present	场景类::创建场景_按名称	创建场景_按名称	场景类.cpp:159	15	15	场景节点类* 场景类::创建场景_按名称( 基础信息节点类* 父节点, const 语素入口节点类* 名称, 枚举_世界类型 世界类型)	类别=构造;输入=有自定义类型;输出=指针/引用/句柄;副作用=无明显副作用;领域=场景;约束=无显式约束	世界树类.cpp:2130:  // 功能：按名称创建场景节点，由世界树入口承接基础信息子节点创建。 场景节点类* 世界树类::创建场景_按名称(     基础信息节点类* 父节点,     const 语素入口节点类* 名称,     枚举_世界类型 世界类型) {     return 场景服务_.创 | 世界树类.cpp:2135:语素入口节点类* 名称,     枚举_世界类型 世界类型) {     return 场景服务_.创建场景_按名称(父节点, 名称, 世界类型); }  // 功能：创建并返回或登记对应对象。 场景节点类* 世界树类::取或创建子场景_按名称(     基础信息节点类* 父节 | 世界树类.h:243:点类* 创建场景(基础信息节点类* 父节点, 场景节点主信息类* 主信息);     场景节点类* 创建场景_按名称(         基础信息节点类* 父节点,         const 语素入口节点类* 名称,         枚举_世界类型 世界类型 = 枚举_世界类型 | 任务模块.筹办.ixx:3426:           枚举_信息入口类型::场景实例入口);         return 世界树.创建场景_按名称(             reinterpret_cast<基础信息节点类*>(任务场景),             场景名,             枚举_世 | 场景类.cpp:138:节点(父节点, 主信息)); }  // 功能：创建并返回或登记对应对象。 场景节点类* 场景类::创建场景_按名称(     基础信息节点类* 父节点,     const 语素入口节点类* 名称,     枚举_世界类型 世界类型) {     auto* 主信息 = ne | 场景类.cpp:161:类型;         }         return 命中;     }     return 创建场景_按名称(父节点, 名称, 世界类型); }  // 功能：删除指定对象、状态或登记项。 bool 场景类::删除场景(场景节点类* 节点) {     return 基 | 场景类.h:39:点类* 创建场景(基础信息节点类* 父节点, 场景节点主信息类* 主信息);     场景节点类* 创建场景_按名称(         基础信息节点类* 父节点,         const 语素入口节点类* 名称,         枚举_世界类型 世界类型 = 枚举_世界类型 | 自我线程模块.impl.cpp:1603:         枚举_信息入口类型::场景实例入口);     auto* 输入场景 = 世界树.创建场景_按名称(         reinterpret_cast<基础信息节点类*>(自我内部世界),         输入场景名,         枚举_世界类型::内部世
present	存在类::取或创建子存在_按名称类型	取或创建子存在_按名称类型	存在类.cpp:254	15	15	存在节点类* 存在类::取或创建子存在_按名称类型( 基础信息节点类* 父节点, const 语素入口节点类* 名称, const 语素入口节点类* 类型)	类别=构造;输入=有自定义类型;输出=指针/引用/句柄;副作用=无明显副作用;领域=存在;约束=无显式约束	"世界树类.cpp:1911:主信息); }  // 功能：按名称和类型取或创建父节点下的直接子存在。 存在节点类* 世界树类::取或创建子存在_按名称类型(     基础信息节点类* 父节点,     const 语素入口节点类* 名称,     const 语素入口节点类* 类型) {     return 存在 | 世界树类.cpp:1916:点类* 名称,     const 语素入口节点类* 类型) {     return 存在服务_.取或创建子存在_按名称类型(父节点, 名称, 类型); }  // 功能：创建并返回或登记对应对象。 存在节点类* 世界树类::取或创建子存在_按类型(基础信息节点类* 父节点, cons | 世界树类.cpp:3235:息入口词(""自我类型"", 枚举_信息入口类型::存在概念入口);     自我指针 = 存在服务_.取或创建子存在_按名称类型(当前场景, 名称词, 类型词);     Vector3D 已有坐标{};     if (自我指针 && !读取存在场景绝对坐标(自我指针, 已有坐标)) { | 世界树类.h:191:点类* 创建存在(基础信息节点类* 父节点, 存在节点主信息类* 主信息);     存在节点类* 取或创建子存在_按名称类型(         基础信息节点类* 父节点,         const 语素入口节点类* 名称 = nullptr,         const 语素入口节点 | 任务类.cpp:765:rn nullptr;         }          auto* 任务虚拟存在 = 世界树.取或创建子存在_按名称类型(             reinterpret_cast<基础信息节点类*>(承载世界),             私有_任务虚拟存在名称词(任务头结点),  | 存在类.cpp:520:建存在(父节点, 主信息); }  // 功能：创建并返回或登记对应对象。 存在节点类* 存在类::取或创建子存在_按名称类型(     基础信息节点类* 父节点,     const 语素入口节点类* 名称,     const 语素入口节点类* 类型) {     for (auto | 存在类.h:65:    const 语素入口节点类* 类型 = nullptr     );     存在节点类* 取或创建子存在_按名称类型(         基础信息节点类* 父节点,         const 语素入口节点类* 名称 = nullptr,         const 语素入口节点 | 方法类.cpp:2411:f (!承载世界) return nullptr;      auto* 方法虚拟存在 = 世界树.取或创建子存在_按名称类型(         承载世界,         私有_方法虚拟存在名称词(首节点),         私有_方法虚拟存在类型词());     if (!方法虚拟"
present	特征类::查找子抽象特征_按类型	查找子抽象特征_按类型	特征类.cpp:643	15	15	抽象特征节点类* 特征类::查找子抽象特征_按类型( const 基础信息节点类* 父抽象特征, const 语素入口节点类* 特征类型) const	类别=查找;输入=有自定义类型;输出=指针/引用/句柄;副作用=无明显副作用;领域=特征;约束=无显式约束	世界树类.cpp:145:界树对象.取或创建抽象特征根();         auto* 抽象特征 = 世界树对象.特征().查找子抽象特征_按类型(抽象根, 特征类型);         if (!抽象特征) {             return 世界树对象.确保特征(概念, 特征类型) != null | 世界树类.cpp:1708: }  // 功能：按类型查找抽象特征直接子节点，不创建或修改节点。 抽象特征节点类* 世界树类::查找子抽象特征_按类型(     const 基础信息节点类* 父抽象特征,     const 语素入口节点类* 特征类型) const {     return 特征服务_.查找子 | 世界树类.cpp:1712:    const 语素入口节点类* 特征类型) const {     return 特征服务_.查找子抽象特征_按类型(父抽象特征, 特征类型); }  // 功能：按函数名执行对应处理。 bool 世界树类::校验抽象特征子链(const 基础信息节点类* 抽象特征节点) co | 世界树类.h:137:节点类* 名称,         const 语素入口节点类* 类型);     抽象特征节点类* 查找子抽象特征_按类型(         const 基础信息节点类* 父抽象特征,         const 语素入口节点类* 特征类型) const;     bool 校验抽象 | 任务模块.筹办.ixx:2765:     auto* 抽象特征 = 抽象根 && 目标特征类型             ? 世界树.查找子抽象特征_按类型(抽象根, 目标特征类型)             : nullptr;         if (抽象特征) {             递归展开抽象特征子特征( | 特征类.cpp:715:特征, 主信息); }  // 功能：按条件查找目标对象、方法或事实。 抽象特征节点类* 特征类::查找子抽象特征_按类型(     const 基础信息节点类* 父抽象特征,     const 语素入口节点类* 特征类型) const {     if (!基础信息_ || !特 | 特征类.cpp:791:特征,     const 语素入口节点类* 特征类型) {     if (auto* 命中 = 查找子抽象特征_按类型(父抽象特征, 特征类型)) {         return 命中;     }     return 创建抽象特征_按类型(父抽象特征, 特征类型); }   | 特征类.cpp:805:nst auto* 名称词 = 私有_抽象特征名词(名称);         auto* 节点 = 查找子抽象特征_按类型(父, 名称词);         if (!节点) {             节点 = 创建抽象特征_按类型(父, 名称词, 区间);         } e
present	动态类::创建方法动作动态	创建方法动作动态	动态类.cpp:779	15	16	动态节点类* 动态类::创建方法动作动态( 场景节点类* 场景, 基础信息节点类* 动态主体, 特征节点类* 动态特征, 方法节点类* 来源动作, const 语素入口节点类* 来源动作名, 时间戳 开始时间, 时间戳 结束时间, bool 执行成功,	类别=构造;输入=有自定义类型;输出=bool;副作用=无明显副作用;领域=动态;约束=无显式约束	世界树类.cpp:2610:果状态, 起, 止); }  // 功能：创建方法动作动态并登记到场景。 动态节点类* 世界树类::创建方法动作动态(     场景节点类* 场景,     基础信息节点类* 动态主体,     特征节点类* 动态特征,     方法节点类* 来源动作,     const 语 | 世界树类.cpp:2625: 状态节点类* 初始状态,     状态节点类* 结果状态) {     return 动态服务_.创建方法动作动态(         场景,         动态主体,         动态特征,         来源动作,         来源动作名,         开始 | 世界树类.h:419:   时间戳 起 = 0,         时间戳 止 = 0     );     动态节点类* 创建方法动作动态(         场景节点类* 场景,         基础信息节点类* 动态主体,         特征节点类* 动态特征,         方法节点类* 来 | 任务模块.执行.ixx:147:= 私有_方法动作名_执行桥_最小_v0(方法首节点);     auto* 动态节点 = 世界树.创建方法动作动态(         自我场景,         自我存在,         动作特征,         reinterpret_cast<方法节点类*>(方法首节 | 动态类.cpp:858:创建动态(场景, 主信息); }  // 功能：创建并返回或登记对应对象。 动态节点类* 动态类::创建方法动作动态(     场景节点类* 场景,     基础信息节点类* 动态主体,     特征节点类* 动态特征,     方法节点类* 来源动作,     const 语 | 动态类.h:88: 开始时间 = 0,         时间戳 结束时间 = 0     );     动态节点类* 创建方法动作动态(         场景节点类* 场景,         基础信息节点类* 动态主体,         特征节点类* 动态特征,         方法节点类* 来 | 自我动作实现.外设模块.ixx:17612:  true,             now);          auto* 动态 = 世界树.创建方法动作动态(             场景,             宿主,             状态特征,             reinterpret_cast< | 自我动作实现.扫描.ixx:1370:                 now);             auto* 动态 = 世界树.创建方法动作动态(                 动态场景,                 目标宿主,                 变化特征,
present	二次特征类::绑定基础信息	绑定基础信息	二次特征类.cpp:320	15	20	void 二次特征类::绑定基础信息(基础信息类* 基础信息) noexcept	类别=未分类;输入=有自定义类型;输出=void;副作用=无明显副作用;领域=特征;约束=noexcept	二次特征类.cpp:265:础信息) { }  // 功能：建立对象、任务、方法或因果之间的绑定关系。 void 二次特征类::绑定基础信息(基础信息类* 基础信息) noexcept {     基础信息_ = 基础信息;     签名父节点索引_.clear();     签名父节点索引已建立_. | 二次特征类.h:29: 二次特征类(基础信息类* 基础信息 = nullptr) noexcept;      void 绑定基础信息(基础信息类* 基础信息) noexcept;      二次特征主信息类* 取二次特征主信息(二次特征节点类* 节点) const noexcept;      | 动态类.cpp:387:(基础信息) { }  // 功能：建立对象、任务、方法或因果之间的绑定关系。 void 动态类::绑定基础信息(基础信息类* 基础信息) noexcept {     基础信息_ = 基础信息; }  // 功能：按函数名执行对应处理。 动态节点主信息类* 动态类::取动 | 动态类.h:16:it 动态类(基础信息类* 基础信息 = nullptr) noexcept;      void 绑定基础信息(基础信息类* 基础信息) noexcept;      动态节点主信息类* 取动态主信息(动态节点类* 节点) const noexcept;     cons | 因果类.cpp:1161:(基础信息) { }  // 功能：建立对象、任务、方法或因果之间的绑定关系。 void 因果类::绑定基础信息(基础信息类* 基础信息) noexcept {     基础信息_ = 基础信息; }  // 功能：按函数名执行对应处理。 因果主信息类* 因果类::取因果主 | 因果类.h:20:it 因果类(基础信息类* 基础信息 = nullptr) noexcept;      void 绑定基础信息(基础信息类* 基础信息) noexcept;      因果主信息类* 取因果主信息(因果节点类* 节点) const noexcept;     const  | 场景类.cpp:95:(基础信息) { }  // 功能：建立对象、任务、方法或因果之间的绑定关系。 void 场景类::绑定基础信息(基础信息类* 基础信息) noexcept {     基础信息_ = 基础信息; }  // 功能：按函数名执行对应处理。 场景节点主信息类* 场景类::取场 | 场景类.h:27:it 场景类(基础信息类* 基础信息 = nullptr) noexcept;      void 绑定基础信息(基础信息类* 基础信息) noexcept;      场景节点主信息类* 取场景主信息(场景节点类* 节点) const noexcept;     cons
present	动态类::绑定基础信息	绑定基础信息	动态类.cpp:474	15	20	void 动态类::绑定基础信息(基础信息类* 基础信息) noexcept	类别=未分类;输入=有自定义类型;输出=void;副作用=无明显副作用;领域=动态;约束=noexcept	二次特征类.cpp:265:础信息) { }  // 功能：建立对象、任务、方法或因果之间的绑定关系。 void 二次特征类::绑定基础信息(基础信息类* 基础信息) noexcept {     基础信息_ = 基础信息;     签名父节点索引_.clear();     签名父节点索引已建立_. | 二次特征类.h:29: 二次特征类(基础信息类* 基础信息 = nullptr) noexcept;      void 绑定基础信息(基础信息类* 基础信息) noexcept;      二次特征主信息类* 取二次特征主信息(二次特征节点类* 节点) const noexcept;      | 动态类.cpp:387:(基础信息) { }  // 功能：建立对象、任务、方法或因果之间的绑定关系。 void 动态类::绑定基础信息(基础信息类* 基础信息) noexcept {     基础信息_ = 基础信息; }  // 功能：按函数名执行对应处理。 动态节点主信息类* 动态类::取动 | 动态类.h:16:it 动态类(基础信息类* 基础信息 = nullptr) noexcept;      void 绑定基础信息(基础信息类* 基础信息) noexcept;      动态节点主信息类* 取动态主信息(动态节点类* 节点) const noexcept;     cons | 因果类.cpp:1161:(基础信息) { }  // 功能：建立对象、任务、方法或因果之间的绑定关系。 void 因果类::绑定基础信息(基础信息类* 基础信息) noexcept {     基础信息_ = 基础信息; }  // 功能：按函数名执行对应处理。 因果主信息类* 因果类::取因果主 | 因果类.h:20:it 因果类(基础信息类* 基础信息 = nullptr) noexcept;      void 绑定基础信息(基础信息类* 基础信息) noexcept;      因果主信息类* 取因果主信息(因果节点类* 节点) const noexcept;     const  | 场景类.cpp:95:(基础信息) { }  // 功能：建立对象、任务、方法或因果之间的绑定关系。 void 场景类::绑定基础信息(基础信息类* 基础信息) noexcept {     基础信息_ = 基础信息; }  // 功能：按函数名执行对应处理。 场景节点主信息类* 场景类::取场 | 场景类.h:27:it 场景类(基础信息类* 基础信息 = nullptr) noexcept;      void 绑定基础信息(基础信息类* 基础信息) noexcept;      场景节点主信息类* 取场景主信息(场景节点类* 节点) const noexcept;     cons
present	因果类::绑定基础信息	绑定基础信息	因果类.cpp:1094	15	20	void 因果类::绑定基础信息(基础信息类* 基础信息) noexcept	类别=未分类;输入=有自定义类型;输出=void;副作用=无明显副作用;领域=因果;约束=noexcept	二次特征类.cpp:265:础信息) { }  // 功能：建立对象、任务、方法或因果之间的绑定关系。 void 二次特征类::绑定基础信息(基础信息类* 基础信息) noexcept {     基础信息_ = 基础信息;     签名父节点索引_.clear();     签名父节点索引已建立_. | 二次特征类.h:29: 二次特征类(基础信息类* 基础信息 = nullptr) noexcept;      void 绑定基础信息(基础信息类* 基础信息) noexcept;      二次特征主信息类* 取二次特征主信息(二次特征节点类* 节点) const noexcept;      | 动态类.cpp:387:(基础信息) { }  // 功能：建立对象、任务、方法或因果之间的绑定关系。 void 动态类::绑定基础信息(基础信息类* 基础信息) noexcept {     基础信息_ = 基础信息; }  // 功能：按函数名执行对应处理。 动态节点主信息类* 动态类::取动 | 动态类.h:16:it 动态类(基础信息类* 基础信息 = nullptr) noexcept;      void 绑定基础信息(基础信息类* 基础信息) noexcept;      动态节点主信息类* 取动态主信息(动态节点类* 节点) const noexcept;     cons | 因果类.cpp:1161:(基础信息) { }  // 功能：建立对象、任务、方法或因果之间的绑定关系。 void 因果类::绑定基础信息(基础信息类* 基础信息) noexcept {     基础信息_ = 基础信息; }  // 功能：按函数名执行对应处理。 因果主信息类* 因果类::取因果主 | 因果类.h:20:it 因果类(基础信息类* 基础信息 = nullptr) noexcept;      void 绑定基础信息(基础信息类* 基础信息) noexcept;      因果主信息类* 取因果主信息(因果节点类* 节点) const noexcept;     const  | 场景类.cpp:95:(基础信息) { }  // 功能：建立对象、任务、方法或因果之间的绑定关系。 void 场景类::绑定基础信息(基础信息类* 基础信息) noexcept {     基础信息_ = 基础信息; }  // 功能：按函数名执行对应处理。 场景节点主信息类* 场景类::取场 | 场景类.h:27:it 场景类(基础信息类* 基础信息 = nullptr) noexcept;      void 绑定基础信息(基础信息类* 基础信息) noexcept;      场景节点主信息类* 取场景主信息(场景节点类* 节点) const noexcept;     cons
present	场景类::绑定基础信息	绑定基础信息	场景类.cpp:132	15	20	void 场景类::绑定基础信息(基础信息类* 基础信息) noexcept	类别=未分类;输入=有自定义类型;输出=void;副作用=无明显副作用;领域=场景;约束=noexcept	二次特征类.cpp:265:础信息) { }  // 功能：建立对象、任务、方法或因果之间的绑定关系。 void 二次特征类::绑定基础信息(基础信息类* 基础信息) noexcept {     基础信息_ = 基础信息;     签名父节点索引_.clear();     签名父节点索引已建立_. | 二次特征类.h:29: 二次特征类(基础信息类* 基础信息 = nullptr) noexcept;      void 绑定基础信息(基础信息类* 基础信息) noexcept;      二次特征主信息类* 取二次特征主信息(二次特征节点类* 节点) const noexcept;      | 动态类.cpp:387:(基础信息) { }  // 功能：建立对象、任务、方法或因果之间的绑定关系。 void 动态类::绑定基础信息(基础信息类* 基础信息) noexcept {     基础信息_ = 基础信息; }  // 功能：按函数名执行对应处理。 动态节点主信息类* 动态类::取动 | 动态类.h:16:it 动态类(基础信息类* 基础信息 = nullptr) noexcept;      void 绑定基础信息(基础信息类* 基础信息) noexcept;      动态节点主信息类* 取动态主信息(动态节点类* 节点) const noexcept;     cons | 因果类.cpp:1161:(基础信息) { }  // 功能：建立对象、任务、方法或因果之间的绑定关系。 void 因果类::绑定基础信息(基础信息类* 基础信息) noexcept {     基础信息_ = 基础信息; }  // 功能：按函数名执行对应处理。 因果主信息类* 因果类::取因果主 | 因果类.h:20:it 因果类(基础信息类* 基础信息 = nullptr) noexcept;      void 绑定基础信息(基础信息类* 基础信息) noexcept;      因果主信息类* 取因果主信息(因果节点类* 节点) const noexcept;     const  | 场景类.cpp:95:(基础信息) { }  // 功能：建立对象、任务、方法或因果之间的绑定关系。 void 场景类::绑定基础信息(基础信息类* 基础信息) noexcept {     基础信息_ = 基础信息; }  // 功能：按函数名执行对应处理。 场景节点主信息类* 场景类::取场 | 场景类.h:27:it 场景类(基础信息类* 基础信息 = nullptr) noexcept;      void 绑定基础信息(基础信息类* 基础信息) noexcept;      场景节点主信息类* 取场景主信息(场景节点类* 节点) const noexcept;     cons
present	存在类::绑定基础信息	绑定基础信息	存在类.cpp:149	15	20	void 存在类::绑定基础信息(基础信息类* 基础信息) noexcept	类别=未分类;输入=有自定义类型;输出=void;副作用=无明显副作用;领域=存在;约束=noexcept	二次特征类.cpp:265:础信息) { }  // 功能：建立对象、任务、方法或因果之间的绑定关系。 void 二次特征类::绑定基础信息(基础信息类* 基础信息) noexcept {     基础信息_ = 基础信息;     签名父节点索引_.clear();     签名父节点索引已建立_. | 二次特征类.h:29: 二次特征类(基础信息类* 基础信息 = nullptr) noexcept;      void 绑定基础信息(基础信息类* 基础信息) noexcept;      二次特征主信息类* 取二次特征主信息(二次特征节点类* 节点) const noexcept;      | 动态类.cpp:387:(基础信息) { }  // 功能：建立对象、任务、方法或因果之间的绑定关系。 void 动态类::绑定基础信息(基础信息类* 基础信息) noexcept {     基础信息_ = 基础信息; }  // 功能：按函数名执行对应处理。 动态节点主信息类* 动态类::取动 | 动态类.h:16:it 动态类(基础信息类* 基础信息 = nullptr) noexcept;      void 绑定基础信息(基础信息类* 基础信息) noexcept;      动态节点主信息类* 取动态主信息(动态节点类* 节点) const noexcept;     cons | 因果类.cpp:1161:(基础信息) { }  // 功能：建立对象、任务、方法或因果之间的绑定关系。 void 因果类::绑定基础信息(基础信息类* 基础信息) noexcept {     基础信息_ = 基础信息; }  // 功能：按函数名执行对应处理。 因果主信息类* 因果类::取因果主 | 因果类.h:20:it 因果类(基础信息类* 基础信息 = nullptr) noexcept;      void 绑定基础信息(基础信息类* 基础信息) noexcept;      因果主信息类* 取因果主信息(因果节点类* 节点) const noexcept;     const  | 场景类.cpp:95:(基础信息) { }  // 功能：建立对象、任务、方法或因果之间的绑定关系。 void 场景类::绑定基础信息(基础信息类* 基础信息) noexcept {     基础信息_ = 基础信息; }  // 功能：按函数名执行对应处理。 场景节点主信息类* 场景类::取场 | 场景类.h:27:it 场景类(基础信息类* 基础信息 = nullptr) noexcept;      void 绑定基础信息(基础信息类* 基础信息) noexcept;      场景节点主信息类* 取场景主信息(场景节点类* 节点) const noexcept;     cons
present	状态类::绑定基础信息	绑定基础信息	状态类.cpp:164	15	20	void 状态类::绑定基础信息(基础信息类* 基础信息) noexcept	类别=未分类;输入=有自定义类型;输出=void;副作用=无明显副作用;领域=全局通用候选;约束=noexcept	二次特征类.cpp:265:础信息) { }  // 功能：建立对象、任务、方法或因果之间的绑定关系。 void 二次特征类::绑定基础信息(基础信息类* 基础信息) noexcept {     基础信息_ = 基础信息;     签名父节点索引_.clear();     签名父节点索引已建立_. | 二次特征类.h:29: 二次特征类(基础信息类* 基础信息 = nullptr) noexcept;      void 绑定基础信息(基础信息类* 基础信息) noexcept;      二次特征主信息类* 取二次特征主信息(二次特征节点类* 节点) const noexcept;      | 动态类.cpp:387:(基础信息) { }  // 功能：建立对象、任务、方法或因果之间的绑定关系。 void 动态类::绑定基础信息(基础信息类* 基础信息) noexcept {     基础信息_ = 基础信息; }  // 功能：按函数名执行对应处理。 动态节点主信息类* 动态类::取动 | 动态类.h:16:it 动态类(基础信息类* 基础信息 = nullptr) noexcept;      void 绑定基础信息(基础信息类* 基础信息) noexcept;      动态节点主信息类* 取动态主信息(动态节点类* 节点) const noexcept;     cons | 因果类.cpp:1161:(基础信息) { }  // 功能：建立对象、任务、方法或因果之间的绑定关系。 void 因果类::绑定基础信息(基础信息类* 基础信息) noexcept {     基础信息_ = 基础信息; }  // 功能：按函数名执行对应处理。 因果主信息类* 因果类::取因果主 | 因果类.h:20:it 因果类(基础信息类* 基础信息 = nullptr) noexcept;      void 绑定基础信息(基础信息类* 基础信息) noexcept;      因果主信息类* 取因果主信息(因果节点类* 节点) const noexcept;     const  | 场景类.cpp:95:(基础信息) { }  // 功能：建立对象、任务、方法或因果之间的绑定关系。 void 场景类::绑定基础信息(基础信息类* 基础信息) noexcept {     基础信息_ = 基础信息; }  // 功能：按函数名执行对应处理。 场景节点主信息类* 场景类::取场 | 场景类.h:27:it 场景类(基础信息类* 基础信息 = nullptr) noexcept;      void 绑定基础信息(基础信息类* 基础信息) noexcept;      场景节点主信息类* 取场景主信息(场景节点类* 节点) const noexcept;     cons
present	自我类::服务时序衰减步长	服务时序衰减步长	自我类.cpp:1061	15	23	I64 自我类::服务时序衰减步长() const noexcept	类别=执行;输入=有自定义类型;输出=整数/时间;副作用=无明显副作用;领域=自我;约束=noexcept	自我类.cpp:1021:ory_order_acquire); }  // 功能：按函数名执行对应处理。 I64 自我类::服务时序衰减步长() const noexcept {     return (std::max<I64>)(1, service_decay_step_.load(std::m | 自我类.cpp:1027:r_acquire)); }  // 功能：设置对象字段、状态或运行参数。 void 自我类::设置服务时序衰减步长(I64 步长) noexcept {     const I64 新步长 = (std::max<I64>)(1, 步长);     service_decay | 自我类.cpp:1032:);     (void)写入自我I64特征当前值(         自我特征定义类::类型_自我_服务时序衰减步长(),         新步长,         结构体_时间戳::当前_微秒()); }  // 功能：从指定来源读取数据或状态。 bool 自我类::读取自我 | 自我类.cpp:1439:, 时间戳 now) noexcept {     if (delta <= 0) delta = 服务时序衰减步长();     delta = (std::max<I64>)(1, delta);      const I64 旧服务值 = 获取服务值();     con | 自我类.cpp:1473:值重算服务衰减步长(时间戳 now) noexcept {     const I64 旧步长 = 服务时序衰减步长();     const I64 新步长 = 计算服务衰减步长_按双值_(获取服务值(), 获取安全值());      const bool 已变化 = 新步 | 自我类.cpp:1480:   (void)写入自我I64特征当前值(             自我特征定义类::类型_自我_服务时序衰减步长(),             新步长,             now);     }      私有_记录本能动作_I64(         *this,   | 自我类.cpp:1487:记录本能动作_I64(         *this,         自我特征定义类::类型_自我_服务时序衰减步长(),         旧步长,         新步长,         已变化,         枚举_本能方法ID::自我_按双值重算服务衰减步长,     | 自我类.cpp:2016:步长(), 1);     确保自我I64特征已初始化_(自我存在, 自我特征定义类::类型_自我_服务时序衰减步长(), 1); }  // 功能：初始化相关对象、状态或运行上下文。 void 自我类::初始化常用抽象特征_() noexcept {     auto* 抽象
present	世界树类::生成因果信息	生成因果信息	世界树类.cpp:1579	16	36	因果模板节点类* 世界树类::生成因果信息( 场景节点类* 场景, 动态节点类* 动态节点, 基础信息节点类* 动作主体, 基础信息节点类* 动作语义, const std::string& 动作语义键, bool 设为主结果)	类别=比较;输入=有自定义类型;输出=bool;副作用=无明显副作用;领域=世界;约束=无显式约束	世界树类.cpp:2734:景, 输出场景); }  // 功能：按动态信息生成或命中因果信息。 因果模板节点类* 世界树类::生成因果信息(     场景节点类* 场景,     动态节点类* 动态节点,     基础信息节点类* 动作主体,     基础信息节点类* 动作语义,     const | 世界树类.cpp:2742:string& 动作语义键,     bool 设为主结果) {     return 因果服务_.生成因果信息(         场景,         动态节点,         动作主体,         动作语义,         动作语义键,         设为 | 世界树类.h:463:态节点类* 节点, 场景节点类* 输入场景, 场景节点类* 输出场景);     因果模板节点类* 生成因果信息(         场景节点类* 场景,         动态节点类* 动态节点,         基础信息节点类* 动作主体 = nullptr,        | 二次特征应用模块.ixx:1309:生成因果信息开始 = 私有_二次特征阶段时间点();         创建或更新因果 = 世界树->生成因果信息(             场景,             动态,             nullptr,             nullptr,       | 因果类.cpp:1638: (!主果比较) {         if (证据动态) {             return 生成因果信息(                 证据动态,                 nullptr,                 nullptr,         | 因果类.cpp:2439: : 状态变化关系; }  // 功能：按动态信息生成或命中因果信息。 因果模板节点类* 因果类::生成因果信息(     动态节点类* 动态信息,     基础信息节点类* 动作主体,     基础信息节点类* 动作语义,     const std::string& 因 | 因果类.cpp:2455:   if (!场景) {         场景 = 输入场景;     }     return 生成因果信息(         场景,         动态信息,         动作主体,         动作语义,         因动作语义键,         设 | 因果类.cpp:2465:主结果); }  // 功能：按动态信息和指定场景生成或命中因果信息。 因果模板节点类* 因果类::生成因果信息(     场景节点类* 场景,     动态节点类* 动态信息,     基础信息节点类* 动作主体,     基础信息节点类* 动作语义,     const
present	世界树类::取或创建自我现实场景	取或创建自我现实场景	世界树类.cpp:1906	17	17	场景节点类* 世界树类::取或创建自我现实场景()	类别=构造;输入=有自定义类型;输出=指针/引用/句柄;副作用=无明显副作用;领域=世界;约束=无显式约束	"世界树类.cpp:2042:景) {     auto* 父节点 = 所属场景 ? 所属场景 : (现实世界 ? 现实世界 : 取或创建自我现实场景());     auto* 实例 = 存在服务_.创建存在实例(父节点, 名称, 概念集);     根据概念扩充实例记忆(实例, 概念集);     retu | 世界树类.cpp:3220:, 名称词, 世界类型); }  // 功能：创建并返回或登记对应对象。 场景节点类* 世界树类::取或创建自我现实场景() {     if (!现实世界) 初始化默认世界();      const auto* 场景名称 = 语素集.添加信息入口词(""自我初始场景"", 枚举_信 | 世界树类.cpp:3232:::取或创建自我存在() {     auto* 当前场景 = 自我所在场景 ? 自我所在场景 : 取或创建自我现实场景();     const auto* 名称词 = 语素集.添加信息入口词(""自我"", 枚举_信息入口类型::存在实例入口);     const auto* 类 | 世界树类.h:616:(const std::string& 名称, 枚举_世界类型 世界类型);     场景节点类* 取或创建自我现实场景();     存在节点类* 取或创建自我存在();     场景节点类* 取存在内部世界(const 存在节点类* 宿主存在) const noexcept;  | 任务模块.执行.ixx:126:景 = 世界树.自我所在场景         ? 世界树.自我所在场景         : 世界树.取或创建自我现实场景();     auto* 自我存在 = 世界树.取或创建自我存在();     if (!自我场景 || !自我存在) {         return nul | 任务模块.执行.ixx:686:  now);     }     if (!状态场景) {         状态场景 = 世界树.取或创建自我现实场景();     }     if (!状态场景) {         return;     }     结果场景 = 状态场景;      auto* 当前状态 | 自我动作实现.外设模块.ixx:8006:    }         if (!状态场景) {             状态场景 = 世界树.取或创建自我现实场景();         }         if (!状态场景) {             std::ostringstream 输出;             | 自我动作实现.外设模块.ixx:8150:    }         if (!状态场景) {             状态场景 = 世界树.取或创建自我现实场景();         }         if (!状态场景) {             std::ostringstream 输出;            "
present	自我类::生命值上限_	生命值上限_	自我类.cpp:1918	17	17	constexpr I64 自我类::生命值上限_() noexcept	类别=执行;输入=有自定义类型;输出=整数/时间;副作用=无明显副作用;领域=自我;约束=noexcept+constexpr	自我类.cpp:940:我I64特征当前值_(         自我特征定义类::类型_自我_安全值(),         生命值上限_() / 4); }  // 功能：读取并返回指定对象、状态或运行材料。 I64 自我类::获取服务值() const noexcept {     return | 自我类.cpp:948:我I64特征当前值_(         自我特征定义类::类型_自我_服务值(),         生命值上限_() / 2); }  // 功能：读取并返回指定对象、状态或运行材料。 I64 自我类::获取物理安全值() const noexcept {     retu | 自我类.cpp:956:I64特征当前值_(         自我特征定义类::类型_自我_物理安全(),         生命值上限_()); }  // 功能：读取并返回指定对象、状态或运行材料。 I64 自我类::获取风险安全值() const noexcept {     return 读 | 自我类.cpp:964:I64特征当前值_(         自我特征定义类::类型_自我_风险安全(),         生命值上限_()); }  // 功能：设置对象字段、状态或运行参数。 bool 自我类::设置物理安全值(I64 值, 时间戳 now) noexcept {     re | 自我类.cpp:993:处理。 I64 自我类::根目标安全值() const noexcept {     return 生命值上限_(); }  // 功能：按函数名执行对应处理。 I64 自我类::根目标服务值() const noexcept {     return 生命值上限_();  | 自我类.cpp:999:处理。 I64 自我类::根目标服务值() const noexcept {     return 生命值上限_(); }  // 功能：按函数名执行对应处理。 I64 自我类::安全根方向差值() const noexcept {     return 私有_饱和减(根目 | 自我类.cpp:1878:acquire); }  // 功能：按函数名执行对应处理。 constexpr I64 自我类::生命值上限_() noexcept {     return (std::numeric_limits<I64>::max)(); }  // 功能：按函数名执行对应处理。  | 自我类.cpp:1886: I64 自我类::服务低位阈值_() noexcept {     return 私有_百分比值(生命值上限_(), 50); }  // 功能：按函数名执行对应处理。 constexpr I64 自我类::服务高位阈值_() noexcept {     return
present	自我类::确保自我I64特征已初始化_	确保自我I64特征已初始化_	自我类.cpp:1992	17	17	void 自我类::确保自我I64特征已初始化_( 存在节点类* 自我存在, const 语素入口节点类* 特征类型, I64 默认值) noexcept	类别=构造;输入=有自定义类型;输出=void;副作用=无明显副作用;领域=自我;约束=noexcept	自我类.cpp:1952:return 特征节点; }  // 功能：初始化相关对象、状态或运行上下文。 void 自我类::确保自我I64特征已初始化_(     存在节点类* 自我存在,     const 语素入口节点类* 特征类型,     I64 默认值) noexcept {     (void)自我存 | 自我类.cpp:1993:_() / 4;     const I64 默认服务值 = 生命值上限_() / 2;      确保自我I64特征已初始化_(自我存在, 自我特征定义类::类型_自我_安全值(), 默认安全值);     确保自我I64特征已初始化_(自我存在, 自我特征定义类::类型_自我_服务值( | 自我类.cpp:1994:64特征已初始化_(自我存在, 自我特征定义类::类型_自我_安全值(), 默认安全值);     确保自我I64特征已初始化_(自我存在, 自我特征定义类::类型_自我_服务值(), 默认服务值);     I64 当前物理安全值 = 0;     if (!读取自我I64特征当前值(自 | 自我类.cpp:1999: {         (void)设置物理安全值(默认最大安全值, now);     }     确保自我I64特征已初始化_(自我存在, 自我特征定义类::类型_自我_风险安全(), 默认最大安全值);     确保自我I64特征已初始化_(自我存在, 自我特征定义类::类型_自我_情 | 自我类.cpp:2000:征已初始化_(自我存在, 自我特征定义类::类型_自我_风险安全(), 默认最大安全值);     确保自我I64特征已初始化_(自我存在, 自我特征定义类::类型_自我_情绪ID(), 0);     确保自我I64特征已初始化_(自我存在, 自我特征定义类::类型_自我_情绪强度(), | 自我类.cpp:2001:自我I64特征已初始化_(自我存在, 自我特征定义类::类型_自我_情绪ID(), 0);     确保自我I64特征已初始化_(自我存在, 自我特征定义类::类型_自我_情绪强度(), 0);     确保自我I64特征已初始化_(自我存在, 自我特征定义类::类型_自我_外显情绪ID( | 自我类.cpp:2002:自我I64特征已初始化_(自我存在, 自我特征定义类::类型_自我_情绪强度(), 0);     确保自我I64特征已初始化_(自我存在, 自我特征定义类::类型_自我_外显情绪ID(), 0);     确保自我I64特征已初始化_(自我存在, 自我特征定义类::类型_自我_外显情绪强 | 自我类.cpp:2003:I64特征已初始化_(自我存在, 自我特征定义类::类型_自我_外显情绪ID(), 0);     确保自我I64特征已初始化_(自我存在, 自我特征定义类::类型_自我_外显情绪强度(), 0);     确保自我I64特征已初始化_(自我存在, 自我特征定义类::类型_自我_待处理方法
present	自我类::获取自我现实场景	获取自我现实场景	自我类.cpp:890	17	17	场景节点类* 自我类::获取自我现实场景() const noexcept	类别=读取;输入=有自定义类型;输出=指针/引用/句柄;副作用=无明显副作用;领域=自我;约束=noexcept	任务模块.筹办.ixx:1647:我内部世界();         if (!场景) {             场景 = 自我对象.获取自我现实场景();         }         auto* 特征 = 世界树.确保特征(主体, 特征类型);         if (!场景 || !特征) {    | 任务模块.筹办.ixx:1714:界();         if (!状态场景) {             状态场景 = 自我对象.获取自我现实场景();         }         if (状态场景             && 项.派生目标主体             && 项.派生目标特征类型) | 控制面板类.cpp:2032:板快照& 快照) noexcept     {         auto* 自我所在场景 = 自我.获取自我现实场景();         快照.自我所在场景指针 = 私有_地址(自我所在场景);         快照.自我所在场景标题 = 自我所在场景             | 控制面板类.cpp:9251:_地址(自我.获取自我存在());         上下文.自我现实场景指针 = 私有_地址(自我.获取自我现实场景());         上下文.自我内部世界指针 = 私有_地址(自我.获取自我内部世界());         return 上下文;     }       | 控制面板类.cpp:9976:自我存在指针 = 私有_地址(自我存在);     上下文.自我现实场景指针 = 私有_地址(自我.获取自我现实场景());     上下文.自我内部世界指针 = 私有_地址(自我.获取自我内部世界());      快照.线程状态树根 = 私有_构建线程状态树(快照, 界面线 | 自我类.cpp:850:acquire); }  // 功能：读取并返回指定对象、状态或运行材料。 场景节点类* 自我类::获取自我现实场景() const noexcept {     return 世界树.自我所在场景; }  // 功能：读取并返回指定对象、状态或运行材料。 场景节点类* 自我类 | 自我类.ixx:117:自我();     bool 已初始化() const noexcept;      场景节点类* 获取自我现实场景() const noexcept;     场景节点类* 获取自我内部世界() const noexcept;     存在节点类* 获取自我存在() cons | 自我类.初始化.cpp:164:就绪 = 自我存在 != nullptr;         结果.自我现实场景已就绪 = 自我对象.获取自我现实场景() != nullptr;         结果.自我内部世界已就绪 = 自我对象.获取自我内部世界() != nullptr;         结果.自我锚点
present	自我类::获取自我内部世界	获取自我内部世界	自我类.cpp:896	17	17	场景节点类* 自我类::获取自我内部世界() const noexcept	类别=读取;输入=有自定义类型;输出=指针/引用/句柄;副作用=无明显副作用;领域=自我;约束=noexcept	"任务模块.筹办.ixx:1645:return nullptr;         }         auto* 场景 = 自我对象.获取自我内部世界();         if (!场景) {             场景 = 自我对象.获取自我现实场景();         }         auto*  | 任务模块.筹办.ixx:1712:生目标状态值 = 学习原子状态词典::已验证;         auto* 状态场景 = 自我对象.获取自我内部世界();         if (!状态场景) {             状态场景 = 自我对象.获取自我现实场景();         }         if | 控制面板类.cpp:9252:址(自我.获取自我现实场景());         上下文.自我内部世界指针 = 私有_地址(自我.获取自我内部世界());         return 上下文;     }      // 功能：从指定来源读取数据或状态。     void 私有_读取需求列表分页(     | 控制面板类.cpp:9333:信息->方法根节点 != nullptr;     }     快照.自我内部世界已建立 = 自我.获取自我内部世界() != nullptr;     快照.自我待机状态 = 自我.是否待机状态();     快照.自我安全值 = 自我.获取安全值();     快照.自我服 | 控制面板类.cpp:9977:私有_地址(自我.获取自我现实场景());     上下文.自我内部世界指针 = 私有_地址(自我.获取自我内部世界());      快照.线程状态树根 = 私有_构建线程状态树(快照, 界面线程快照, 工作线程快照);     记录快照阶段(""线程状态树构建完成"");    | 自我类.cpp:856:树.自我所在场景; }  // 功能：读取并返回指定对象、状态或运行材料。 场景节点类* 自我类::获取自我内部世界() const noexcept {     return 世界树.取存在内部世界(世界树.自我指针); }  // 功能：读取并返回指定对象、状态或运行材料。 | 自我类.ixx:118:     场景节点类* 获取自我现实场景() const noexcept;     场景节点类* 获取自我内部世界() const noexcept;     存在节点类* 获取自我存在() const noexcept;      场景节点类* 确保自我现实场景();    | 自我类.初始化.cpp:165:取自我现实场景() != nullptr;         结果.自我内部世界已就绪 = 自我对象.获取自我内部世界() != nullptr;         结果.自我锚点已初始化 =             结果.当前活动自我已就绪 &&             结果.自"
present	自我类::获取安全值	获取安全值	自我类.cpp:976	17	17	I64 自我类::获取安全值() const noexcept	类别=读取;输入=有自定义类型;输出=整数/时间;副作用=无明显副作用;领域=自我;约束=noexcept	控制面板类.cpp:9335:r;     快照.自我待机状态 = 自我.是否待机状态();     快照.自我安全值 = 自我.获取安全值();     快照.自我服务值 = 自我.获取服务值();     快照.自我风险安全值 = 自我.获取风险安全值();      auto& 自我线程 = 获 | 自我动作实现模块.ixx:12541:  : 值_执行失败()))));         I64 旧安全值 = 自我对象 ? 自我对象->获取安全值() : 0;         I64 旧服务值 = 自我对象 ? 自我对象->获取服务值() : 0;         I64 新安全值 = 旧安全值;     | 自我类.cpp:936:return 线程存在; }  // 功能：读取并返回指定对象、状态或运行材料。 I64 自我类::获取安全值() const noexcept {     return 读取自我I64特征当前值_(         自我特征定义类::类型_自我_安全值(),       | 自我类.cpp:981:处理。 bool 自我类::是否已消亡() const noexcept {     return 获取安全值() == 0; }  // 功能：按函数名执行对应处理。 bool 自我类::是否待机状态() const noexcept {     return stan | 自我类.cpp:1005:差值() const noexcept {     return 私有_饱和减(根目标安全值(), 获取安全值()); }  // 功能：按函数名执行对应处理。 I64 自我类::时序正向步长() const noexcept {     return temporal_ | 自我类.cpp:1354:  const I64 当前服务值 = 获取服务值();     const I64 旧安全值 = 获取安全值();     constexpr I64 最小非零安全值 = 1;      bool 新待机状态 = false;     I64 新安全值 = 旧安全值;  | 自我类.cpp:1474:减步长();     const I64 新步长 = 计算服务衰减步长_按双值_(获取服务值(), 获取安全值());      const bool 已变化 = 新步长 != 旧步长;     if (已变化) {         service_decay_step_ | 自我类.cpp:1557:4 delta, 时间戳 now) noexcept {     const I64 旧安全值 = 获取安全值();     const I64 目标安全值 = 安全稳定带下限值_();      if (delta <= 0) delta = 时序正向步长();
present	控制面板摘要线程类::等待停止	等待停止	控制面板摘要线程模块.impl.cpp:682	19	19	void 控制面板摘要线程类::等待停止()	类别=等待;输入=有自定义类型;输出=void;副作用=无明显副作用;领域=控制面板;约束=无显式约束	任务模块.执行.ixx:1053:_ = true;     }      // 功能：停止线程、模块或运行流程。     void 等待停止()     {     }      // 功能：按函数名执行对应处理。     void 取消全部()     {         取消请求_ = true; | 任务模块.管理界面线程.impl.cpp:4306:  if (线程.是否运行中()) {         return;     }      线程.等待停止();     结构_D455深度相机线程配置 配置{};     const bool 已启动 = 启动外设线程_D455深度相机(配置);     项目运行日 | 外设线程_D455深度相机.ixx:124:D455深度相机线程配置& 配置 = {});     void 请求停止();     void 等待停止();     结构_D455深度相机线程结果 等待完成(std::chrono::milliseconds 等待上限);     枚举_D455深度相机线程生命 | 外设线程_D455深度相机.ixx:3496:线程_D455深度相机类::~外设线程_D455深度相机类() {     请求停止();     等待停止(); }  // 功能：启动线程、模块或运行流程。 bool 外设线程_D455深度相机类::启动(const 结构_D455深度相机线程配置& 配置) {   | 外设线程_D455深度相机.ixx:3539:ll(); }  // 功能：停止线程、模块或运行流程。 void 外设线程_D455深度相机类::等待停止() {     if (工作线程_.joinable()) {         工作线程_.join();     } }  // 功能：等待线程、任务、外设或 | 外设线程_D455深度相机.ixx:3573:));             return 超时结果;         }     }      等待停止();     return 读取最新结果(); }  // 功能：从指定来源读取数据或状态。 枚举_D455深度相机线程生命周期状态 外设线程_D455深度相机 | 外设线程_D455深度相机.ixx:3625:& 线程 = 获取全局外设线程_D455深度相机();     线程.请求停止();     线程.等待停止(); }  // 功能：从指定来源读取数据或状态。 结构_D455深度相机线程结果 读取外设线程_D455深度相机结果() {     return 获取全局外 | 控制面板WebView2.cpp:718:       return true;             }              线程.等待停止();             结构_D455深度相机线程配置 配置{};             const bool 已启动 = 启动外设线程_D455深度相
present	自我线程类::等待停止	等待停止	自我线程模块.impl.cpp:15517	19	19	void 自我线程类::等待停止()	类别=等待;输入=有自定义类型;输出=void;副作用=无明显副作用;领域=自我;约束=无显式约束	任务模块.执行.ixx:1053:_ = true;     }      // 功能：停止线程、模块或运行流程。     void 等待停止()     {     }      // 功能：按函数名执行对应处理。     void 取消全部()     {         取消请求_ = true; | 任务模块.管理界面线程.impl.cpp:4306:  if (线程.是否运行中()) {         return;     }      线程.等待停止();     结构_D455深度相机线程配置 配置{};     const bool 已启动 = 启动外设线程_D455深度相机(配置);     项目运行日 | 外设线程_D455深度相机.ixx:124:D455深度相机线程配置& 配置 = {});     void 请求停止();     void 等待停止();     结构_D455深度相机线程结果 等待完成(std::chrono::milliseconds 等待上限);     枚举_D455深度相机线程生命 | 外设线程_D455深度相机.ixx:3496:线程_D455深度相机类::~外设线程_D455深度相机类() {     请求停止();     等待停止(); }  // 功能：启动线程、模块或运行流程。 bool 外设线程_D455深度相机类::启动(const 结构_D455深度相机线程配置& 配置) {   | 外设线程_D455深度相机.ixx:3539:ll(); }  // 功能：停止线程、模块或运行流程。 void 外设线程_D455深度相机类::等待停止() {     if (工作线程_.joinable()) {         工作线程_.join();     } }  // 功能：等待线程、任务、外设或 | 外设线程_D455深度相机.ixx:3573:));             return 超时结果;         }     }      等待停止();     return 读取最新结果(); }  // 功能：从指定来源读取数据或状态。 枚举_D455深度相机线程生命周期状态 外设线程_D455深度相机 | 外设线程_D455深度相机.ixx:3625:& 线程 = 获取全局外设线程_D455深度相机();     线程.请求停止();     线程.等待停止(); }  // 功能：从指定来源读取数据或状态。 结构_D455深度相机线程结果 读取外设线程_D455深度相机结果() {     return 获取全局外 | 控制面板WebView2.cpp:718:       return true;             }              线程.等待停止();             结构_D455深度相机线程配置 配置{};             const bool 已启动 = 启动外设线程_D455深度相
present	自检线程类::等待停止	等待停止	自检线程模块.impl.cpp:1546	19	19	void 自检线程类::等待停止()	类别=等待;输入=有自定义类型;输出=void;副作用=无明显副作用;领域=全局通用候选;约束=无显式约束	任务模块.执行.ixx:1053:_ = true;     }      // 功能：停止线程、模块或运行流程。     void 等待停止()     {     }      // 功能：按函数名执行对应处理。     void 取消全部()     {         取消请求_ = true; | 任务模块.管理界面线程.impl.cpp:4306:  if (线程.是否运行中()) {         return;     }      线程.等待停止();     结构_D455深度相机线程配置 配置{};     const bool 已启动 = 启动外设线程_D455深度相机(配置);     项目运行日 | 外设线程_D455深度相机.ixx:124:D455深度相机线程配置& 配置 = {});     void 请求停止();     void 等待停止();     结构_D455深度相机线程结果 等待完成(std::chrono::milliseconds 等待上限);     枚举_D455深度相机线程生命 | 外设线程_D455深度相机.ixx:3496:线程_D455深度相机类::~外设线程_D455深度相机类() {     请求停止();     等待停止(); }  // 功能：启动线程、模块或运行流程。 bool 外设线程_D455深度相机类::启动(const 结构_D455深度相机线程配置& 配置) {   | 外设线程_D455深度相机.ixx:3539:ll(); }  // 功能：停止线程、模块或运行流程。 void 外设线程_D455深度相机类::等待停止() {     if (工作线程_.joinable()) {         工作线程_.join();     } }  // 功能：等待线程、任务、外设或 | 外设线程_D455深度相机.ixx:3573:));             return 超时结果;         }     }      等待停止();     return 读取最新结果(); }  // 功能：从指定来源读取数据或状态。 枚举_D455深度相机线程生命周期状态 外设线程_D455深度相机 | 外设线程_D455深度相机.ixx:3625:& 线程 = 获取全局外设线程_D455深度相机();     线程.请求停止();     线程.等待停止(); }  // 功能：从指定来源读取数据或状态。 结构_D455深度相机线程结果 读取外设线程_D455深度相机结果() {     return 获取全局外 | 控制面板WebView2.cpp:718:       return true;             }              线程.等待停止();             结构_D455深度相机线程配置 配置{};             const bool 已启动 = 启动外设线程_D455深度相
present	控制面板摘要线程类::请求停止	请求停止	控制面板摘要线程模块.impl.cpp:653	19	42	void 控制面板摘要线程类::请求停止()	类别=未分类;输入=有自定义类型;输出=void;副作用=无明显副作用;领域=控制面板;约束=无显式约束	任务模块.执行.ixx:1047: = false;     }      // 功能：停止线程、模块或运行流程。     void 请求停止()     {         停止请求_ = true;     }      // 功能：停止线程、模块或运行流程。     void 等待停止()     | 任务类.cpp:1426:| 已写入;     已写入 = 私有_写入任务I64特征(头结点, 自我特征定义类::类型_任务_请求停止(), 请求停止 ? 1 : 0, 承载场景, now) || 已写入;     已写入 = 私有_写入任务I64特征(头结点, 自我特征定义类::类型_任务_已 | 外设线程_D455深度相机.ixx:123:bool 启动(const 结构_D455深度相机线程配置& 配置 = {});     void 请求停止();     void 等待停止();     结构_D455深度相机线程结果 等待完成(std::chrono::milliseconds 等待上限);    | 外设线程_D455深度相机.ixx:3495:放或收束对象资源。 外设线程_D455深度相机类::~外设线程_D455深度相机类() {     请求停止();     等待停止(); }  // 功能：启动线程、模块或运行流程。 bool 外设线程_D455深度相机类::启动(const 结构_D455深度相机线 | 外设线程_D455深度相机.ixx:3522:true; }  // 功能：停止线程、模块或运行流程。 void 外设线程_D455深度相机类::请求停止() {     if (!状态_) {         return;     }     {         std::lock_guard<std::mut | 外设线程_D455深度相机.ixx:3624:相机() {     auto& 线程 = 获取全局外设线程_D455深度相机();     线程.请求停止();     线程.等待停止(); }  // 功能：从指定来源读取数据或状态。 结构_D455深度相机线程结果 读取外设线程_D455深度相机结果() {   | 控制面板摘要线程模块.impl.cpp:607:;  // 功能：释放或收束对象资源。 控制面板摘要线程类::~控制面板摘要线程类() {     请求停止();     等待停止(); }  // 功能：启动线程、模块或运行流程。 bool 控制面板摘要线程类::启动() {     枚举_控制面板摘要线程生命周期 | 控制面板摘要线程模块.impl.cpp:652:turn true; }  // 功能：停止线程、模块或运行流程。 void 控制面板摘要线程类::请求停止() {     枚举_控制面板摘要线程生命周期状态 旧状态 =         枚举_控制面板摘要线程生命周期状态::未启动;     bool 已切换 = f
present	自我线程类::请求停止	请求停止	自我线程模块.impl.cpp:15487	19	42	void 自我线程类::请求停止()	类别=未分类;输入=有自定义类型;输出=void;副作用=无明显副作用;领域=自我;约束=无显式约束	任务模块.执行.ixx:1047: = false;     }      // 功能：停止线程、模块或运行流程。     void 请求停止()     {         停止请求_ = true;     }      // 功能：停止线程、模块或运行流程。     void 等待停止()     | 任务类.cpp:1426:| 已写入;     已写入 = 私有_写入任务I64特征(头结点, 自我特征定义类::类型_任务_请求停止(), 请求停止 ? 1 : 0, 承载场景, now) || 已写入;     已写入 = 私有_写入任务I64特征(头结点, 自我特征定义类::类型_任务_已 | 外设线程_D455深度相机.ixx:123:bool 启动(const 结构_D455深度相机线程配置& 配置 = {});     void 请求停止();     void 等待停止();     结构_D455深度相机线程结果 等待完成(std::chrono::milliseconds 等待上限);    | 外设线程_D455深度相机.ixx:3495:放或收束对象资源。 外设线程_D455深度相机类::~外设线程_D455深度相机类() {     请求停止();     等待停止(); }  // 功能：启动线程、模块或运行流程。 bool 外设线程_D455深度相机类::启动(const 结构_D455深度相机线 | 外设线程_D455深度相机.ixx:3522:true; }  // 功能：停止线程、模块或运行流程。 void 外设线程_D455深度相机类::请求停止() {     if (!状态_) {         return;     }     {         std::lock_guard<std::mut | 外设线程_D455深度相机.ixx:3624:相机() {     auto& 线程 = 获取全局外设线程_D455深度相机();     线程.请求停止();     线程.等待停止(); }  // 功能：从指定来源读取数据或状态。 结构_D455深度相机线程结果 读取外设线程_D455深度相机结果() {   | 控制面板摘要线程模块.impl.cpp:607:;  // 功能：释放或收束对象资源。 控制面板摘要线程类::~控制面板摘要线程类() {     请求停止();     等待停止(); }  // 功能：启动线程、模块或运行流程。 bool 控制面板摘要线程类::启动() {     枚举_控制面板摘要线程生命周期 | 控制面板摘要线程模块.impl.cpp:652:turn true; }  // 功能：停止线程、模块或运行流程。 void 控制面板摘要线程类::请求停止() {     枚举_控制面板摘要线程生命周期状态 旧状态 =         枚举_控制面板摘要线程生命周期状态::未启动;     bool 已切换 = f
present	自检线程类::请求停止	请求停止	自检线程模块.impl.cpp:1530	19	42	void 自检线程类::请求停止()	类别=未分类;输入=有自定义类型;输出=void;副作用=无明显副作用;领域=全局通用候选;约束=无显式约束	任务模块.执行.ixx:1047: = false;     }      // 功能：停止线程、模块或运行流程。     void 请求停止()     {         停止请求_ = true;     }      // 功能：停止线程、模块或运行流程。     void 等待停止()     | 任务类.cpp:1426:| 已写入;     已写入 = 私有_写入任务I64特征(头结点, 自我特征定义类::类型_任务_请求停止(), 请求停止 ? 1 : 0, 承载场景, now) || 已写入;     已写入 = 私有_写入任务I64特征(头结点, 自我特征定义类::类型_任务_已 | 外设线程_D455深度相机.ixx:123:bool 启动(const 结构_D455深度相机线程配置& 配置 = {});     void 请求停止();     void 等待停止();     结构_D455深度相机线程结果 等待完成(std::chrono::milliseconds 等待上限);    | 外设线程_D455深度相机.ixx:3495:放或收束对象资源。 外设线程_D455深度相机类::~外设线程_D455深度相机类() {     请求停止();     等待停止(); }  // 功能：启动线程、模块或运行流程。 bool 外设线程_D455深度相机类::启动(const 结构_D455深度相机线 | 外设线程_D455深度相机.ixx:3522:true; }  // 功能：停止线程、模块或运行流程。 void 外设线程_D455深度相机类::请求停止() {     if (!状态_) {         return;     }     {         std::lock_guard<std::mut | 外设线程_D455深度相机.ixx:3624:相机() {     auto& 线程 = 获取全局外设线程_D455深度相机();     线程.请求停止();     线程.等待停止(); }  // 功能：从指定来源读取数据或状态。 结构_D455深度相机线程结果 读取外设线程_D455深度相机结果() {   | 控制面板摘要线程模块.impl.cpp:607:;  // 功能：释放或收束对象资源。 控制面板摘要线程类::~控制面板摘要线程类() {     请求停止();     等待停止(); }  // 功能：启动线程、模块或运行流程。 bool 控制面板摘要线程类::启动() {     枚举_控制面板摘要线程生命周期 | 控制面板摘要线程模块.impl.cpp:652:turn true; }  // 功能：停止线程、模块或运行流程。 void 控制面板摘要线程类::请求停止() {     枚举_控制面板摘要线程生命周期状态 旧状态 =         枚举_控制面板摘要线程生命周期状态::未启动;     bool 已切换 = f
present	场景类::获取子特征	获取子特征	场景类.cpp:228	20	20	std::vector<特征节点类*> 场景类::获取子特征(const 基础信息节点类* 父节点) const	类别=读取;输入=有自定义类型;输出=指针/引用/句柄;副作用=无明显副作用;领域=场景;约束=无显式约束	世界树类.cpp:1806:能：读取宿主下的直接子特征，不创建或修改节点。 std::vector<特征节点类*> 世界树类::获取子特征(const 基础信息节点类* 宿主) const {     return 特征服务_.获取子特征(宿主); }  // 功能：按类型查找宿主下的直接子特征，不 | 世界树类.cpp:1808:获取子特征(const 基础信息节点类* 宿主) const {     return 特征服务_.获取子特征(宿主); }  // 功能：按类型查找宿主下的直接子特征，不创建或修改节点。 特征节点类* 世界树类::查找子特征_按类型(     const 基础信息节点类 | 世界树类.cpp:3185: || !右存在) return {};     const auto 左特征集合 = 特征服务_.获取子特征(左存在);     const auto 右特征集合 = 特征服务_.获取子特征(右存在);     return 特征服务_.比较特征集合(左特征集合, 右特 | 世界树类.cpp:3186: = 特征服务_.获取子特征(左存在);     const auto 右特征集合 = 特征服务_.获取子特征(右存在);     return 特征服务_.比较特征集合(左特征集合, 右特征集合, 参数); }  // 功能：比较当前值、目标值或历史基准。 std::v | 世界树类.h:165:宿主, const 语素入口节点类* 特征类型);     std::vector<特征节点类*> 获取子特征(const 基础信息节点类* 宿主) const;     特征节点类* 查找子特征_按类型(         const 基础信息节点类* 宿主,       | 任务模块.筹办.ixx:4086:rn true;         }          for (auto* 形参节点 : 世界树.获取子特征(                  reinterpret_cast<基础信息节点类*>(形参表))) {             if (!形参节点 || ! | 任务模块.筹办.ixx:4145:rn true;         }          for (auto* 形参节点 : 世界树.获取子特征(                  reinterpret_cast<基础信息节点类*>(形参表))) {             if (!形参节点 || ! | 任务模块.筹办.ixx:4689:方法, 上下文.now)) {             for (auto* 形参节点 : 世界树.获取子特征(                      reinterpret_cast<基础信息节点类*>(形参表))) {                 if (!形
present	存在类::获取子特征	获取子特征	存在类.cpp:485	20	20	std::vector<特征节点类*> 存在类::获取子特征(const 基础信息节点类* 宿主) const	类别=读取;输入=有自定义类型;输出=指针/引用/句柄;副作用=无明显副作用;领域=存在;约束=无显式约束	世界树类.cpp:1806:能：读取宿主下的直接子特征，不创建或修改节点。 std::vector<特征节点类*> 世界树类::获取子特征(const 基础信息节点类* 宿主) const {     return 特征服务_.获取子特征(宿主); }  // 功能：按类型查找宿主下的直接子特征，不 | 世界树类.cpp:1808:获取子特征(const 基础信息节点类* 宿主) const {     return 特征服务_.获取子特征(宿主); }  // 功能：按类型查找宿主下的直接子特征，不创建或修改节点。 特征节点类* 世界树类::查找子特征_按类型(     const 基础信息节点类 | 世界树类.cpp:3185: || !右存在) return {};     const auto 左特征集合 = 特征服务_.获取子特征(左存在);     const auto 右特征集合 = 特征服务_.获取子特征(右存在);     return 特征服务_.比较特征集合(左特征集合, 右特 | 世界树类.cpp:3186: = 特征服务_.获取子特征(左存在);     const auto 右特征集合 = 特征服务_.获取子特征(右存在);     return 特征服务_.比较特征集合(左特征集合, 右特征集合, 参数); }  // 功能：比较当前值、目标值或历史基准。 std::v | 世界树类.h:165:宿主, const 语素入口节点类* 特征类型);     std::vector<特征节点类*> 获取子特征(const 基础信息节点类* 宿主) const;     特征节点类* 查找子特征_按类型(         const 基础信息节点类* 宿主,       | 任务模块.筹办.ixx:4086:rn true;         }          for (auto* 形参节点 : 世界树.获取子特征(                  reinterpret_cast<基础信息节点类*>(形参表))) {             if (!形参节点 || ! | 任务模块.筹办.ixx:4145:rn true;         }          for (auto* 形参节点 : 世界树.获取子特征(                  reinterpret_cast<基础信息节点类*>(形参表))) {             if (!形参节点 || ! | 任务模块.筹办.ixx:4689:方法, 上下文.now)) {             for (auto* 形参节点 : 世界树.获取子特征(                      reinterpret_cast<基础信息节点类*>(形参表))) {                 if (!形
present	特征类::获取子特征	获取子特征	特征类.cpp:2287	20	20	std::vector<特征节点类*> 特征类::获取子特征(const 基础信息节点类* 宿主) const	类别=读取;输入=有自定义类型;输出=指针/引用/句柄;副作用=无明显副作用;领域=特征;约束=无显式约束	世界树类.cpp:1806:能：读取宿主下的直接子特征，不创建或修改节点。 std::vector<特征节点类*> 世界树类::获取子特征(const 基础信息节点类* 宿主) const {     return 特征服务_.获取子特征(宿主); }  // 功能：按类型查找宿主下的直接子特征，不 | 世界树类.cpp:1808:获取子特征(const 基础信息节点类* 宿主) const {     return 特征服务_.获取子特征(宿主); }  // 功能：按类型查找宿主下的直接子特征，不创建或修改节点。 特征节点类* 世界树类::查找子特征_按类型(     const 基础信息节点类 | 世界树类.cpp:3185: || !右存在) return {};     const auto 左特征集合 = 特征服务_.获取子特征(左存在);     const auto 右特征集合 = 特征服务_.获取子特征(右存在);     return 特征服务_.比较特征集合(左特征集合, 右特 | 世界树类.cpp:3186: = 特征服务_.获取子特征(左存在);     const auto 右特征集合 = 特征服务_.获取子特征(右存在);     return 特征服务_.比较特征集合(左特征集合, 右特征集合, 参数); }  // 功能：比较当前值、目标值或历史基准。 std::v | 世界树类.h:165:宿主, const 语素入口节点类* 特征类型);     std::vector<特征节点类*> 获取子特征(const 基础信息节点类* 宿主) const;     特征节点类* 查找子特征_按类型(         const 基础信息节点类* 宿主,       | 任务模块.筹办.ixx:4086:rn true;         }          for (auto* 形参节点 : 世界树.获取子特征(                  reinterpret_cast<基础信息节点类*>(形参表))) {             if (!形参节点 || ! | 任务模块.筹办.ixx:4145:rn true;         }          for (auto* 形参节点 : 世界树.获取子特征(                  reinterpret_cast<基础信息节点类*>(形参表))) {             if (!形参节点 || ! | 任务模块.筹办.ixx:4689:方法, 上下文.now)) {             for (auto* 形参节点 : 世界树.获取子特征(                      reinterpret_cast<基础信息节点类*>(形参表))) {                 if (!形
present	世界树类::获取子节点	获取子节点	世界树类.cpp:950	21	25	std::vector<基础信息节点类*> 世界树类::获取子节点(const 基础信息节点类* 父节点) const	类别=读取;输入=有自定义类型;输出=指针/引用/句柄;副作用=无明显副作用;领域=世界;约束=无显式约束	世界树类.cpp:1264:功能：读取并返回指定对象、状态或运行材料。 std::vector<基础信息节点类*> 世界树类::获取子节点(const 基础信息节点类* 父节点) const {     return 私有_直接基础信息子节点(基础信息链_, 父节点); }  // 功能：统计当前世 | 世界树类.h:73:点类* 节点) const noexcept;     std::vector<基础信息节点类*> 获取子节点(const 基础信息节点类* 父节点) const;     std::size_t 统计全部节点() const;     bool 基础节点属于当前世界树( | 世界树类.h:81:td::vector<基础信息节点类*> 输出;         for (auto* 子节点 : 获取子节点(父节点)) {             if (基础信息链_.取主信息<T主信息>(子节点)) {                 输出.push_back(子 | 任务模块.筹办.ixx:2746:  return;         }          for (auto* 子节点 : 世界树.获取子节点(reinterpret_cast<const 基础信息节点类*>(抽象特征))) {             auto* 子抽象 = 子节点 && 世界树.取抽 | 控制面板类.cpp:2612::size_t 已收集 = 0;             for (auto* 子节点 : 世界树.获取子节点(父节点)) {                 if (!子节点) {                     continue;                | 控制面板类.cpp:2647:节点>, 基础信息节点类>) {             for (auto* 子节点 : 世界树.获取子节点(父节点)) {                 if (子节点) {                     回调(static_cast<T节点*>(子节点) | 控制面板类.cpp:2788:节点>, 基础信息节点类>) {             for (auto* 子节点 : 世界树.获取子节点(根节点)) {                 总数 += 私有_计数子树节点(static_cast<const T节点*>(子节点));           | 本能动作管理类.ixx:749: noexcept -> std::size_t {             return 世界树.获取子节点(父).size();         };         auto 节点主键 = [](const 基础信息节点类* 节点) -> std::string {
present	世界树类::确保存在概念	确保存在概念	世界树类.cpp:1480	22	22	存在节点类* 世界树类::确保存在概念( const 语素入口节点类* 名称, 存在节点类* 父概念)	类别=未分类;输入=有自定义类型;输出=指针/引用/句柄;副作用=无明显副作用;领域=世界;约束=无显式约束	"世界树类.cpp:1392:态或前置条件存在并可用。 存在节点类* 世界树类::确保根概念_存在() {     return 确保存在概念(私有_存在概念入口性(""存在"")); }  // 功能：确保目标结构、状态或前置条件存在并可用。 存在节点类* 世界树类::确保根概念_实物存在() {     | 世界树类.cpp:1398:前置条件存在并可用。 存在节点类* 世界树类::确保根概念_实物存在() {     return 确保存在概念(私有_存在概念入口性(""实物存在""), 确保根概念_存在()); }  // 功能：确保目标结构、状态或前置条件存在并可用。 存在节点类* 世界树类::确保根概 | 世界树类.cpp:1404:前置条件存在并可用。 存在节点类* 世界树类::确保根概念_虚拟存在() {     return 确保存在概念(私有_存在概念入口性(""虚拟存在""), 确保根概念_存在()); }  // 功能：确保目标结构、状态或前置条件存在并可用。 存在节点类* 世界树类::确保根概 | 世界树类.cpp:1410:前置条件存在并可用。 存在节点类* 世界树类::确保根概念_信息存在() {     return 确保存在概念(私有_存在概念入口性(""信息存在""), 确保根概念_存在()); }  // 功能：确保目标结构、状态或前置条件存在并可用。 存在节点类* 世界树类::确保根概 | 世界树类.cpp:1416:前置条件存在并可用。 存在节点类* 世界树类::确保根概念_数字生命() {     return 确保存在概念(私有_存在概念入口性(""数字生命""), 确保根概念_存在()); }  // 功能：确保目标结构、状态或前置条件存在并可用。 存在节点类* 世界树类::确保核心 | 世界树类.cpp:1422:或前置条件存在并可用。 存在节点类* 世界树类::确保核心概念_自我() {     return 确保存在概念(私有_存在概念入口性(""自我""), 确保根概念_数字生命()); }  // 功能：确保目标结构、状态或前置条件存在并可用。 存在节点类* 世界树类::确保核心 | 世界树类.cpp:1428:或前置条件存在并可用。 存在节点类* 世界树类::确保核心概念_需求() {     return 确保存在概念(语素集.添加信息入口词(""需求"", 枚举_信息入口类型::需求概念入口), 确保根概念_虚拟存在()); }  // 功能：确保目标结构、状态或前置条件存在并可 | 世界树类.cpp:1434:或前置条件存在并可用。 存在节点类* 世界树类::确保核心概念_任务() {     return 确保存在概念(语素集.添加信息入口词(""任务"", 枚举_信息入口类型::任务概念入口), 确保根概念_虚拟存在()); }  // 功能：确保目标结构、状态或前置条件存在并可"
present	存在类::确保存在概念	确保存在概念	存在类.cpp:319	22	22	存在节点类* 存在类::确保存在概念( 基础信息节点类* 概念父节点, const 语素入口节点类* 名称)	类别=未分类;输入=有自定义类型;输出=指针/引用/句柄;副作用=无明显副作用;领域=存在;约束=无显式约束	"世界树类.cpp:1392:态或前置条件存在并可用。 存在节点类* 世界树类::确保根概念_存在() {     return 确保存在概念(私有_存在概念入口性(""存在"")); }  // 功能：确保目标结构、状态或前置条件存在并可用。 存在节点类* 世界树类::确保根概念_实物存在() {     | 世界树类.cpp:1398:前置条件存在并可用。 存在节点类* 世界树类::确保根概念_实物存在() {     return 确保存在概念(私有_存在概念入口性(""实物存在""), 确保根概念_存在()); }  // 功能：确保目标结构、状态或前置条件存在并可用。 存在节点类* 世界树类::确保根概 | 世界树类.cpp:1404:前置条件存在并可用。 存在节点类* 世界树类::确保根概念_虚拟存在() {     return 确保存在概念(私有_存在概念入口性(""虚拟存在""), 确保根概念_存在()); }  // 功能：确保目标结构、状态或前置条件存在并可用。 存在节点类* 世界树类::确保根概 | 世界树类.cpp:1410:前置条件存在并可用。 存在节点类* 世界树类::确保根概念_信息存在() {     return 确保存在概念(私有_存在概念入口性(""信息存在""), 确保根概念_存在()); }  // 功能：确保目标结构、状态或前置条件存在并可用。 存在节点类* 世界树类::确保根概 | 世界树类.cpp:1416:前置条件存在并可用。 存在节点类* 世界树类::确保根概念_数字生命() {     return 确保存在概念(私有_存在概念入口性(""数字生命""), 确保根概念_存在()); }  // 功能：确保目标结构、状态或前置条件存在并可用。 存在节点类* 世界树类::确保核心 | 世界树类.cpp:1422:或前置条件存在并可用。 存在节点类* 世界树类::确保核心概念_自我() {     return 确保存在概念(私有_存在概念入口性(""自我""), 确保根概念_数字生命()); }  // 功能：确保目标结构、状态或前置条件存在并可用。 存在节点类* 世界树类::确保核心 | 世界树类.cpp:1428:或前置条件存在并可用。 存在节点类* 世界树类::确保核心概念_需求() {     return 确保存在概念(语素集.添加信息入口词(""需求"", 枚举_信息入口类型::需求概念入口), 确保根概念_虚拟存在()); }  // 功能：确保目标结构、状态或前置条件存在并可 | 世界树类.cpp:1434:或前置条件存在并可用。 存在节点类* 世界树类::确保核心概念_任务() {     return 确保存在概念(语素集.添加信息入口词(""任务"", 枚举_信息入口类型::任务概念入口), 确保根概念_虚拟存在()); }  // 功能：确保目标结构、状态或前置条件存在并可"
present	二次特征类::刷新度量签名_链键	刷新度量签名_链键	二次特征类.cpp:1301	23	23	bool 二次特征类::刷新度量签名_链键(二次特征节点类* 节点)	类别=执行;输入=有自定义类型;输出=bool;副作用=无明显副作用;领域=特征;约束=无显式约束	"二次特征应用模块.ixx:1619:           模板.来源动态路径签名 = 来源动态路径签名;             模板.刷新度量签名_链键();             if (正在分步结果生成) {                 分步模板构造耗时微秒 += 私有_二次特征阶段耗时微秒(      | 二次特征应用模块.ixx:1706:o 语义签名刷新开始 = 私有_二次特征阶段时间点();                 主信息->刷新度量签名_链键();                 私有_累加二次特征阶段耗时(分步语义签名刷新耗时微秒, 语义签名刷新开始);             }          | 二次特征应用模块.ixx:1796:           模板.来源动态路径签名 = 来源动态路径签名;             模板.刷新度量签名_链键();             if (正在分步结果生成) {                 分步模板构造耗时微秒 += 私有_二次特征阶段耗时微秒(      | 二次特征应用模块.ixx:1883:o 语义签名刷新开始 = 私有_二次特征阶段时间点();                 主信息->刷新度量签名_链键();                 私有_累加二次特征阶段耗时(分步语义签名刷新耗时微秒, 语义签名刷新开始);             }          | 二次特征应用模块.ixx:2308:层级;         模板.来源动态路径签名 = 请求.来源动态路径签名;         模板.刷新度量签名_链键();         节点 = 世界树_->获取或创建子二次特征_按签名(             reinterpret_cast<基础信息节点类*>(场景) | 二次特征应用模块.ixx:2728:型 = 枚举_二次特征来源类型::状态;     模板.来源时间段 = 来源时间段;     模板.刷新度量签名_链键();      auto* 节点 = 世界树_->获取或创建子二次特征_按签名(         static_cast<基础信息节点类*>(所属场景),    | 二次特征应用模块.ixx:2946:        模板.来源类型 = 枚举_二次特征来源类型::状态;             模板.刷新度量签名_链键();             模板.度量签名_链键 += ""|存在比较|"" + 度量后缀;              if (auto* 节点 = 世界树_-> | 二次特征应用模块.ixx:3559:    模板.来源类型 = 枚举_二次特征来源类型::状态;                 模板.刷新度量签名_链键();                  if (auto* 节点 = 世界树_->获取或创建子二次特征_按签名(                     sta"
present	自我类::获取服务值	获取服务值	自我类.cpp:984	23	23	I64 自我类::获取服务值() const noexcept	类别=读取;输入=有自定义类型;输出=整数/时间;副作用=无明显副作用;领域=自我;约束=noexcept	控制面板类.cpp:9336:态();     快照.自我安全值 = 自我.获取安全值();     快照.自我服务值 = 自我.获取服务值();     快照.自我风险安全值 = 自我.获取风险安全值();      auto& 自我线程 = 获取全局自我线程();     (void)启动控制面板 | 自我动作实现模块.ixx:12542:我对象->获取安全值() : 0;         I64 旧服务值 = 自我对象 ? 自我对象->获取服务值() : 0;         I64 新安全值 = 旧安全值;         I64 新服务值 = 旧服务值;         I64 实际安全增量 = 0; | 自我类.cpp:944:值上限_() / 4); }  // 功能：读取并返回指定对象、状态或运行材料。 I64 自我类::获取服务值() const noexcept {     return 读取自我I64特征当前值_(         自我特征定义类::类型_自我_服务值(),       | 自我类.cpp:1353:t I64 旧待机值 = 旧待机状态 ? 1 : 0;     const I64 当前服务值 = 获取服务值();     const I64 旧安全值 = 获取安全值();     constexpr I64 最小非零安全值 = 1;      bool 新待机状态  | 自我类.cpp:1442: (std::max<I64>)(1, delta);      const I64 旧服务值 = 获取服务值();     const I64 候选服务值 = 私有_饱和减(旧服务值, delta);      bool 已变化 = false;     I64 新服务 | 自我类.cpp:1474:长 = 服务时序衰减步长();     const I64 新步长 = 计算服务衰减步长_按双值_(获取服务值(), 获取安全值());      const bool 已变化 = 新步长 != 旧步长;     if (已变化) {         service_de | 自我类.cpp:1502:步长 = 时序正向步长();     const I64 新步长 = 计算安全增加步长_按服务值_(获取服务值());      const bool 已变化 = 新步长 != 旧步长;     if (已变化) {         temporal_forward_st | 自我类.cpp:1530:步长 = 时序反向步长();     const I64 新步长 = 计算安全减少步长_按服务值_(获取服务值());      const bool 已变化 = 新步长 != 旧步长;     if (已变化) {         temporal_backward_s
present	场景类::获取子存在	获取子存在	场景类.cpp:216	24	24	std::vector<存在节点类*> 场景类::获取子存在(const 基础信息节点类* 父节点) const	类别=读取;输入=有自定义类型;输出=指针/引用/句柄;副作用=无明显副作用;领域=场景;约束=无显式约束	世界树类.cpp:1990:征类型) return nullptr;      for (auto* 存在节点 : 存在服务_.获取子存在(父节点)) {         const auto* 存在类型 = 存在服务_.读取存在类型(存在节点);         if (!语素入口同一(存在类型, | 世界树类.cpp:2104:：读取父节点下的直接子存在，不创建或修改节点。 std::vector<存在节点类*> 世界树类::获取子存在(const 基础信息节点类* 父节点) const {     return 存在服务_.获取子存在(父节点); }  // 功能：枚举世界树中的全部存在节点， | 世界树类.cpp:2106:取子存在(const 基础信息节点类* 父节点) const {     return 存在服务_.获取子存在(父节点); }  // 功能：枚举世界树中的全部存在节点，不创建或修改节点。 std::vector<存在节点类*> 世界树类::枚举全部存在() const  | 世界树类.h:236:在节点类* 概念) const noexcept;     std::vector<存在节点类*> 获取子存在(const 基础信息节点类* 父节点) const;     std::vector<存在节点类*> 枚举全部存在() const;     std::vect | 二次特征应用模块.ixx:3523: (!世界树_ || !场景) return 结果;      auto 存在列表 = 世界树_->获取子存在(场景);     if (存在列表.size() < 2) return 结果;      if (接近阈值_mm < 0) 接近阈值_mm = 0;      | 场景类.cpp:197:// 功能：读取并返回指定对象、状态或运行材料。 std::vector<存在节点类*> 场景类::获取子存在(const 基础信息节点类* 父节点) const {     std::vector<存在节点类*> out;     if (!基础信息_) return  | 场景类.cpp:256:(参数.最低相似度Q10000, 0, 10000);     for (auto* 候选存在 : 获取子存在(场景)) {         if (!候选存在 || !存在服务.是实例存在(候选存在, 存在概念根)) continue;          auto* 三 | 场景类.h:53:onst 基础信息节点类* 父节点) const;     std::vector<存在节点类*> 获取子存在(const 基础信息节点类* 父节点) const;     std::vector<特征节点类*> 获取子特征(const 基础信息节点类* 父节点) con
present	存在类::获取子存在	获取子存在	存在类.cpp:375	24	24	std::vector<存在节点类*> 存在类::获取子存在(const 基础信息节点类* 父节点) const	类别=读取;输入=有自定义类型;输出=指针/引用/句柄;副作用=无明显副作用;领域=存在;约束=无显式约束	世界树类.cpp:1990:征类型) return nullptr;      for (auto* 存在节点 : 存在服务_.获取子存在(父节点)) {         const auto* 存在类型 = 存在服务_.读取存在类型(存在节点);         if (!语素入口同一(存在类型, | 世界树类.cpp:2104:：读取父节点下的直接子存在，不创建或修改节点。 std::vector<存在节点类*> 世界树类::获取子存在(const 基础信息节点类* 父节点) const {     return 存在服务_.获取子存在(父节点); }  // 功能：枚举世界树中的全部存在节点， | 世界树类.cpp:2106:取子存在(const 基础信息节点类* 父节点) const {     return 存在服务_.获取子存在(父节点); }  // 功能：枚举世界树中的全部存在节点，不创建或修改节点。 std::vector<存在节点类*> 世界树类::枚举全部存在() const  | 世界树类.h:236:在节点类* 概念) const noexcept;     std::vector<存在节点类*> 获取子存在(const 基础信息节点类* 父节点) const;     std::vector<存在节点类*> 枚举全部存在() const;     std::vect | 二次特征应用模块.ixx:3523: (!世界树_ || !场景) return 结果;      auto 存在列表 = 世界树_->获取子存在(场景);     if (存在列表.size() < 2) return 结果;      if (接近阈值_mm < 0) 接近阈值_mm = 0;      | 场景类.cpp:197:// 功能：读取并返回指定对象、状态或运行材料。 std::vector<存在节点类*> 场景类::获取子存在(const 基础信息节点类* 父节点) const {     std::vector<存在节点类*> out;     if (!基础信息_) return  | 场景类.cpp:256:(参数.最低相似度Q10000, 0, 10000);     for (auto* 候选存在 : 获取子存在(场景)) {         if (!候选存在 || !存在服务.是实例存在(候选存在, 存在概念根)) continue;          auto* 三 | 场景类.h:53:onst 基础信息节点类* 父节点) const;     std::vector<存在节点类*> 获取子存在(const 基础信息节点类* 父节点) const;     std::vector<特征节点类*> 获取子特征(const 基础信息节点类* 父节点) con
present	自检线程类::记录事件_已加锁	记录事件_已加锁	自检线程模块.impl.cpp:1627	24	24	void 自检线程类::记录事件_已加锁(时间戳 now, const std::string& 摘要)	类别=日志;输入=有自定义类型;输出=void;副作用=无明显副作用;领域=全局通用候选;约束=锁约束	"自检线程模块.impl.cpp:1410:锁(状态锁_);             只读观察模式_ = false;             记录事件_已加锁(                 结构体_时间戳::当前_微秒(),                 ""自检线程切换到运行中模式 | 基础信息由线程内预检闸门等 | 自检线程模块.impl.cpp:1432:止请求_.store(false);         健康运行_ = false;         记录事件_已加锁(             结构体_时间戳::当前_微秒(),             std::string(""自检线程启动请求 | 模式="") + (只读观察 | 自检线程模块.impl.cpp:1445:枚举_自检线程生命周期状态::故障;         健康运行_ = false;         记录事件_已加锁(结构体_时间戳::当前_微秒(), std::string(""自检线程启动失败 | "") + 异常.what());         项目记录异常日志(异常,  | 自检线程模块.impl.cpp:1461:  }         生命周期_ = 枚举_自检线程生命周期状态::停止请求中;         记录事件_已加锁(结构体_时间戳::当前_微秒(), ""自检线程停止请求"");     }     停止请求_.store(true);     唤醒条件_.notify_all | 自检线程模块.impl.cpp:1481:     std::lock_guard<std::mutex> 锁(状态锁_);         记录事件_已加锁(结构体_时间戳::当前_微秒(), ""休眠期自检请求"");     }     唤醒条件_.notify_all(); }  // 功能：执行对应模块、线程或方 | 自检线程模块.impl.cpp:1533: return 摘要; }  // 功能：记录日志、动态、证据或运行痕迹。 void 自检线程类::记录事件_已加锁(时间戳 now, const std::string& 摘要) {     std::ostringstream 输出;     输出 << now << ""  | 自检线程模块.impl.cpp:1550:枚举_自检线程生命周期状态::运行中;         健康运行_ = true;         记录事件_已加锁(结构体_时间戳::当前_微秒(), ""自检线程已启动"");     }      while (!停止请求_.load()) {         const a | 自检线程模块.impl.cpp:1585: 最近基础信息预检记录时间_ = now;                             记录事件_已加锁(                                 now,                                 ""自检线程等待基础信"
present	D455_相机实现::关闭	关闭	D455相机类.cpp:875	25	87	void D455_相机实现::关闭()	类别=执行;输入=无自定义类型;输出=void;副作用=无明显副作用;领域=外设;约束=无显式约束	D455相机类.cpp:45:{     }      // 功能：释放或收束对象资源。     ~实现() {         关闭();     }      // 功能：按函数名执行对应处理。     bool 打开() {         try {             rs2::c | D455相机类.cpp:82:;         }     }      // 功能：按函数名执行对应处理。     void 关闭() {         if (!已打开) return;          try {             管道.stop();         }    | D455相机类.cpp:214: true;         }          if (需要重启) {             关闭();             cfg = 新配置;             return 打开();         }          cfg = 新配置; | D455相机类.cpp:875: 实现指针->打开(); }  // 功能：按函数名执行对应处理。 void D455_相机实现::关闭() {     if (实现指针) {         实现指针->关闭();     } }  // 功能：按函数名执行对应处理。 bool D455_相机实 | D455相机类.cpp:877:d D455_相机实现::关闭() {     if (实现指针) {         实现指针->关闭();     } }  // 功能：按函数名执行对应处理。 bool D455_相机实现::采集一帧(结构体_原始场景帧& 输出) {     return 实 | D455相机类.ixx:79:机实现&) = delete;      bool 打开() override;     void 关闭() override;     bool 采集一帧(结构体_原始场景帧& 输出) override;      const 配置项& 获取配置() const; | 双目相机本能适配器.cpp:1334:y {             if (g_相机) {                 g_相机->关闭();             }             g_相机.reset();             g_相机已打开 = false;          | 控制面板WebView2.cpp:2146:CLOSE, 0, 0);             }         };          请求关闭(私有_相机播放窗口句柄);         请求关闭(私有_自我场景窗口句柄);         请求关闭(私有_窗口句柄);          constex
present	自我类::写入自我I64特征当前值	写入自我I64特征当前值	自我类.cpp:1094	26	26	bool 自我类::写入自我I64特征当前值( const 语素入口节点类* 特征类型, I64 值, 时间戳 now) noexcept	类别=写入;输入=有自定义类型;输出=bool;副作用=无明显副作用;领域=自我;约束=noexcept	自我动作实现模块.ixx:12573:    if (新安全值 != 旧安全值                     && 自我对象->写入自我I64特征当前值(特征_安全值(), 新安全值, now)) {                     实际安全增量 = (std::max<I64>)(0, 新安全值 - 旧 | 自我类.cpp:1031:.store(新步长, std::memory_order_release);     (void)写入自我I64特征当前值(         自我特征定义类::类型_自我_服务时序衰减步长(),         新步长,         结构体_时间戳::当前_微秒()); }  / | 自我类.cpp:1054:特征节点, 输出值); }  // 功能：把处理结果写入指定对象、场景或日志。 bool 自我类::写入自我I64特征当前值(     const 语素入口节点类* 特征类型,     I64 值,     时间戳 now) noexcept {     auto* 特征节点 = 确保 | 自我类.cpp:1372:      if (旧安全值 != 最小非零安全值) {             安全值已变化 = 写入自我I64特征当前值(                 自我特征定义类::类型_自我_安全值(),                 最小非零安全值,                  | 自我类.cpp:1448:务值 = 旧服务值;     if (候选服务值 != 旧服务值) {         已变化 = 写入自我I64特征当前值(             自我特征定义类::类型_自我_服务值(),             候选服务值,             now);          | 自我类.cpp:1479:re(新步长, std::memory_order_release);         (void)写入自我I64特征当前值(             自我特征定义类::类型_自我_服务时序衰减步长(),             新步长,             now);     } | 自我类.cpp:1507:re(新步长, std::memory_order_release);         (void)写入自我I64特征当前值(             自我特征定义类::类型_自我_时序正向步长(),             新步长,             now);     }   | 自我类.cpp:1535:re(新步长, std::memory_order_release);         (void)写入自我I64特征当前值(             自我特征定义类::类型_自我_时序反向步长(),             新步长,             now);     }
present	基础信息类::添加子节点	添加子节点	基础信息类.cpp:51	26	48	基础信息类::节点类* 基础信息类::添加子节点(节点类* 父节点, 基础信息基类* 主信息)	类别=执行;输入=有自定义类型;输出=指针/引用/句柄;副作用=无明显副作用;领域=基础信息;约束=无显式约束	二次特征类.cpp:595:   }     auto* 新节点 = static_cast<二次特征节点类*>(基础信息_->添加子节点(父节点, 主信息));     if (新节点 && !主信息->度量签名_链键.empty()) {         签名父节点索引_[私有_二次特征签名索引 | 任务类.cpp:269:;     }      // 功能：服务所在模块的内部辅助流程。     任务节点* 私有_独立树添加子节点(任务节点* 父节点, const 任务主信息类& 主信息)     {         if (!父节点) return nullptr;          a | 任务类.cpp:280:;         临时树.根指针 = 独立根;          auto* 新节点 = 临时树.添加子节点(父节点, 主信息);          临时树.根指针 = 原临时根;         return static_cast<任务节点*>(新节点);      | 任务类.cpp:2314:) {     }      auto* 新节点 = 上级任务节点         ? 私有_独立树添加子节点(上级任务节点, 主信息)         : static_cast<节点类*>(添加子节点(this->根指针, 主信息));     if (!新节点) { | 任务类.cpp:2315:独立树添加子节点(上级任务节点, 主信息)         : static_cast<节点类*>(添加子节点(this->根指针, 主信息));     if (!新节点) {         return nullptr;     }     (void)任务类::绑 | 动态类.cpp:723:段时间点();     auto* 节点 = static_cast<动态节点类*>(基础信息_->添加子节点(场景, 主信息));     添加动态节点耗时微秒 = 私有_动态阶段耗时微秒(         添加动态节点开始,         私有_动态阶段时间点()) | 双向链表模板核心.h:328:return 子节点;     }      // 功能：按函数名执行对应处理。     节点类* 添加子节点(节点类* 父节点, 节点类* 子节点)     {         写锁守卫 lock(链表锁);         return 添加子节点_已加锁(父节点,  | 双向链表模板核心.h:343:(父节点, 子节点);     }      // 功能：按函数名执行对应处理。     节点类* 添加子节点(节点类* 父节点, 主信息类型 主信息)     {         写锁守卫 lock(链表锁);         return 添加子节点_已加锁(父节点,
present	存在类::查找子特征_按类型	查找子特征_按类型	存在类.cpp:497	27	27	特征节点类* 存在类::查找子特征_按类型(const 基础信息节点类* 宿主, const 语素入口节点类* 特征类型) const	类别=查找;输入=有自定义类型;输出=指针/引用/句柄;副作用=无明显副作用;领域=存在;约束=无显式约束	世界树类.cpp:150:nullptr;         }          if (auto* 既有槽 = 世界树对象.查找子特征_按类型(概念, 特征类型)) {             if (auto* 主信息 = 世界树对象.特征().取特征主信息(既有槽)) {               | 世界树类.cpp:1812:); }  // 功能：按类型查找宿主下的直接子特征，不创建或修改节点。 特征节点类* 世界树类::查找子特征_按类型(     const 基础信息节点类* 宿主,     const 语素入口节点类* 特征类型) const {     return 特征服务_.查找子特征_ | 世界树类.cpp:1816:    const 语素入口节点类* 特征类型) const {     return 特征服务_.查找子特征_按类型(宿主, 特征类型); }  // 功能：读取特征节点主信息，不创建或修改节点。 特征节点主信息类* 世界树类::取特征主信息(特征节点类* 节点) const  | 世界树类.cpp:1994:(存在类型, 类型)) continue;          auto* 特征节点 = 特征服务_.查找子特征_按类型(存在节点, 唯一键特征类型);         I64 当前值 = 0;         if (特征节点 && 读取特征_I64(特征节点, 当前值) &&  | 世界树类.h:166:征节点类*> 获取子特征(const 基础信息节点类* 宿主) const;     特征节点类* 查找子特征_按类型(         const 基础信息节点类* 宿主,         const 语素入口节点类* 特征类型     ) const;     特征节点主信息 | 任务模块.筹办.ixx:3906:return nullptr;         }         auto* 输入包 = 世界树.查找子特征_按类型(             reinterpret_cast<基础信息节点类*>(任务场景),             评分_特征_输入条件包_筹办());    | 任务模块.筹办.ixx:3926:    {         return 宿主 && 特征类型             ? 世界树.查找子特征_按类型(宿主, 特征类型)             : nullptr;     }      // 功能：推进任务筹办，形成候选、缺口或就绪回执。     const | 场景类.cpp:259:在, 存在概念根)) continue;          auto* 三维体素特征 = 特征服务.查找子特征_按类型(候选存在, 参数.三维体素特征类型);         VecU句柄 存在体素根句柄{};         if (!特征服务.读取三维体素特征值(三维体素特征
present	特征类::查找子特征_按类型	查找子特征_按类型	特征类.cpp:2299	27	27	特征节点类* 特征类::查找子特征_按类型(const 基础信息节点类* 宿主, const 语素入口节点类* 特征类型) const	类别=查找;输入=有自定义类型;输出=指针/引用/句柄;副作用=无明显副作用;领域=特征;约束=无显式约束	世界树类.cpp:150:nullptr;         }          if (auto* 既有槽 = 世界树对象.查找子特征_按类型(概念, 特征类型)) {             if (auto* 主信息 = 世界树对象.特征().取特征主信息(既有槽)) {               | 世界树类.cpp:1812:); }  // 功能：按类型查找宿主下的直接子特征，不创建或修改节点。 特征节点类* 世界树类::查找子特征_按类型(     const 基础信息节点类* 宿主,     const 语素入口节点类* 特征类型) const {     return 特征服务_.查找子特征_ | 世界树类.cpp:1816:    const 语素入口节点类* 特征类型) const {     return 特征服务_.查找子特征_按类型(宿主, 特征类型); }  // 功能：读取特征节点主信息，不创建或修改节点。 特征节点主信息类* 世界树类::取特征主信息(特征节点类* 节点) const  | 世界树类.cpp:1994:(存在类型, 类型)) continue;          auto* 特征节点 = 特征服务_.查找子特征_按类型(存在节点, 唯一键特征类型);         I64 当前值 = 0;         if (特征节点 && 读取特征_I64(特征节点, 当前值) &&  | 世界树类.h:166:征节点类*> 获取子特征(const 基础信息节点类* 宿主) const;     特征节点类* 查找子特征_按类型(         const 基础信息节点类* 宿主,         const 语素入口节点类* 特征类型     ) const;     特征节点主信息 | 任务模块.筹办.ixx:3906:return nullptr;         }         auto* 输入包 = 世界树.查找子特征_按类型(             reinterpret_cast<基础信息节点类*>(任务场景),             评分_特征_输入条件包_筹办());    | 任务模块.筹办.ixx:3926:    {         return 宿主 && 特征类型             ? 世界树.查找子特征_按类型(宿主, 特征类型)             : nullptr;     }      // 功能：推进任务筹办，形成候选、缺口或就绪回执。     const | 场景类.cpp:259:在, 存在概念根)) continue;          auto* 三维体素特征 = 特征服务.查找子特征_按类型(候选存在, 参数.三维体素特征类型);         VecU句柄 存在体素根句柄{};         if (!特征服务.读取三维体素特征值(三维体素特征
present	世界树类::创建状态	创建状态	世界树类.cpp:1567	27	49	状态节点类* 世界树类::创建状态(场景节点类* 场景, 状态节点主信息类* 主信息)	类别=构造;输入=有自定义类型;输出=指针/引用/句柄;副作用=无明显副作用;领域=世界;约束=无显式约束	世界树类.cpp:2499:       来源动态); }  // 功能：创建并返回或登记对应对象。 状态节点类* 世界树类::创建状态(场景节点类* 场景, 状态节点主信息类* 主信息) {     return 状态服务_.创建状态(场景, 主信息); }  // 功能：创建并返回或登记对应对 | 世界树类.cpp:2501:创建状态(场景节点类* 场景, 状态节点主信息类* 主信息) {     return 状态服务_.创建状态(场景, 主信息); }  // 功能：创建并返回或登记对应对象。 状态节点类* 世界树类::创建状态(     场景节点类* 场景,     基础信息节点类*  | 世界树类.cpp:2505:建状态(场景, 主信息); }  // 功能：创建并返回或登记对应对象。 状态节点类* 世界树类::创建状态(     场景节点类* 场景,     基础信息节点类* 主体,     特征节点类* 特征,     const 特征值& 状态值,     时间戳 发生时间 | 世界树类.cpp:2513:值,     时间戳 发生时间,     时间戳 收到时间) {     return 状态服务_.创建状态(场景, 主体, 特征, 状态值, 发生时间, 收到时间); }  // 功能：创建内部状态节点并登记到场景。 状态节点类* 世界树类::创建内部状态(      | 世界树类.h:374:    场景节点类* 来源场景,         动态节点类* 来源动态);     状态节点类* 创建状态(场景节点类* 场景, 状态节点主信息类* 主信息);     状态节点类* 创建状态(         场景节点类* 场景,         基础信息节点类*  | 世界树类.h:375:状态节点类* 创建状态(场景节点类* 场景, 状态节点主信息类* 主信息);     状态节点类* 创建状态(         场景节点类* 场景,         基础信息节点类* 主体,         特征节点类* 特征,         const 特征值& 状 | 任务模块.筹办.ixx:1653:     return nullptr;         }         return 世界树.创建状态(             场景,             主体,             特征,             特征值{ 值 },           | 状态类.cpp:317:urn *右值 - *左值; }  // 功能：创建并返回或登记对应对象。 状态节点类* 状态类::创建状态(场景节点类* 场景, 状态节点主信息类* 主信息) {     if (!基础信息_ || !主信息) return nullptr;      const a
present	世界树类::确保特征	确保特征	世界树类.cpp:1422	30	32	特征节点类* 世界树类::确保特征(基础信息节点类* 宿主, const 语素入口节点类* 特征类型)	类别=未分类;输入=有自定义类型;输出=指针/引用/句柄;副作用=无明显副作用;领域=世界;约束=无显式约束	世界树类.cpp:147:型);         if (!抽象特征) {             return 世界树对象.确保特征(概念, 特征类型) != nullptr;         }          if (auto* 既有槽 = 世界树对象.查找子特征_按类型(概念, 特征类 | 世界树类.cpp:1794:征(节点); }  // 功能：确保目标结构、状态或前置条件存在并可用。 特征节点类* 世界树类::确保特征(基础信息节点类* 宿主, const 语素入口节点类* 特征类型) {     return 特征服务_.取或创建子特征_按类型(宿主, 特征类型); }  / | 世界树类.cpp:2004:;     if (!新存在) return nullptr;      auto* 特征节点 = 确保特征(新存在, 唯一键特征类型);     if (!特征节点) return 新存在;      (void)写入特征_I64(特征节点, 唯一键特征值);     | 世界树类.cpp:2992:语素入口节点类* 特征类型, I64 值, 时间戳 now) {     auto* 特征节点 = 确保特征(宿主, 特征类型);     return 特征节点 ? 写入特征_I64(特征节点, 值, now) : false; }  // 功能：把处理结果写入指定对 | 世界树类.cpp:3011:  const void* 指针,     时间戳 now) {     auto* 特征节点 = 确保特征(宿主, 特征类型);     return 特征节点 ? 写入特征_指针(特征节点, 指针, now) : false; }  // 功能：把处理结果写入指定对 | 世界树类.cpp:3034:,     枚举_轮廓维度 维度,     时间戳 now) {     auto* 特征节点 = 确保特征(宿主, 特征类型);     return 特征节点 ? 写入特征_VecU(特征节点, std::move(值), 维度, now) : false; }   | 世界树类.cpp:3056:,     枚举_轮廓维度 维度,     时间戳 now) {     auto* 特征节点 = 确保特征(宿主, 特征类型);     return 特征节点 ? 写入特征_VecI64(特征节点, 值, 维度, now) : false; }  // 功能：从指定 | 世界树类.h:163: = {}     );     bool 删除特征(特征节点类* 节点);     特征节点类* 确保特征(基础信息节点类* 宿主, const 语素入口节点类* 特征类型);     特征节点类* 取或创建子特征_按类型(基础信息节点类* 宿主, const 语素入
present	世界树类::创建动态	创建动态	世界树类.cpp:1573	30	44	动态节点类* 世界树类::创建动态(场景节点类* 场景, 动态节点主信息类* 主信息)	类别=构造;输入=有自定义类型;输出=指针/引用/句柄;副作用=无明显副作用;领域=世界;约束=无显式约束	世界树类.cpp:2584:变化(节点, 是否变化); }  // 功能：创建并返回或登记对应对象。 动态节点类* 世界树类::创建动态(场景节点类* 场景, 动态节点主信息类* 主信息) {     return 动态服务_.创建动态(场景, 主信息); }  // 功能：创建并返回或登记对应对 | 世界树类.cpp:2586:创建动态(场景节点类* 场景, 动态节点主信息类* 主信息) {     return 动态服务_.创建动态(场景, 主信息); }  // 功能：创建并返回或登记对应对象。 动态节点类* 世界树类::创建动态(     场景节点类* 场景,     动态节点主信息类* | 世界树类.cpp:2590:建动态(场景, 主信息); }  // 功能：创建并返回或登记对应对象。 动态节点类* 世界树类::创建动态(     场景节点类* 场景,     动态节点主信息类* 主信息,     const 动态创建后处理选项& 后处理选项) {     return 动态服务 | 世界树类.cpp:2595:息,     const 动态创建后处理选项& 后处理选项) {     return 动态服务_.创建动态(场景, 主信息, 后处理选项); }  // 功能：创建并返回或登记对应对象。 动态节点类* 世界树类::创建动态(     场景节点类* 场景,     状态 | 世界树类.cpp:2599: 主信息, 后处理选项); }  // 功能：创建并返回或登记对应对象。 动态节点类* 世界树类::创建动态(     场景节点类* 场景,     状态节点类* 初始状态,     状态节点类* 结果状态,     时间戳 起,     时间戳 止) {     re | 世界树类.cpp:2606:类* 结果状态,     时间戳 起,     时间戳 止) {     return 动态服务_.创建动态(场景, 初始状态, 结果状态, 起, 止); }  // 功能：创建方法动作动态并登记到场景。 动态节点类* 世界树类::创建方法动作动态(     场景节点类 | 世界树类.h:406:    bool 标记状态变化(状态节点类* 节点, bool 是否变化);     动态节点类* 创建动态(场景节点类* 场景, 动态节点主信息类* 主信息);     动态节点类* 创建动态(         场景节点类* 场景,         动态节点主信息类* | 世界树类.h:407:动态节点类* 创建动态(场景节点类* 场景, 动态节点主信息类* 主信息);     动态节点类* 创建动态(         场景节点类* 场景,         动态节点主信息类* 主信息,         const 动态创建后处理选项& 后处理选项     );
present	特征类::比较状态	比较状态	特征类.cpp:4085	30	58	结构_特征状态比较结果 特征类::比较状态( const 状态节点类* 当前状态, const 状态节点类* 目标状态) const	类别=比较;输入=有自定义类型;输出=指针/引用/句柄;副作用=无明显副作用;领域=特征;约束=无显式约束	世界树类.cpp:1832:息(节点); }  // 功能：比较当前值、目标值或历史基准。 结构_特征状态比较结果 世界树类::比较状态(     const 状态节点类* 当前状态,     const 状态节点类* 目标状态) const {     return 特征服务_.比较状态(当前状 | 世界树类.cpp:1836:,     const 状态节点类* 目标状态) const {     return 特征服务_.比较状态(当前状态, 目标状态); }  // 功能：读取并返回特征值比较方法结果。 特征比较方法结果 世界树类::获取比较方法结果(     const 语素入口节点类 | 世界树类.h:172:(const 特征节点类* 节点) const noexcept;     结构_特征状态比较结果 比较状态(         const 状态节点类* 当前状态,         const 状态节点类* 目标状态) const;     特征比较方法结果 获取比较方 | 任务模块.筹办.ixx:807:状态 && 上下文.目标状态) {             const auto 比较 = 世界树.比较状态(上下文.当前状态, 上下文.目标状态);             结果.已判断 = true;             结果.可比较 = 比较.可比较;     | 任务模块.筹办.ixx:1467:状态 && 项.派生目标状态) {             const auto 比较 = 世界树.比较状态(来源目标状态, 项.派生目标状态);             if (!比较.可比较 || 比较.关系 != 枚举_三向关系::等于) {            | 任务模块.管理工作线程.ixx:1820:      return false;     }     const auto 比较 = 世界树.比较状态(         const_cast<状态节点类*>(左),         const_cast<状态节点类*>(右));     if (比较.可比较)  | 任务模块.管理工作线程.ixx:2109: && VX0目标状态) {             const auto VX0比较 = 世界树.比较状态(VX0实际状态, VX0目标状态);             const bool VX0目标已达成 =                 VX0比较.可比较 & | 任务模块.管理工作线程.ixx:2331:        return 回执;     }      const auto 比较 = 世界树.比较状态(实际状态, 目标状态);     auto* 之前结果状态 = 私有_任务之前结果状态(任务, 需求);     const auto 之前比较 = 之前结果状
present	世界树类::取或创建子存在_按类型并按特征I64	取或创建子存在_按类型并按特征I64	世界树类.cpp:1450	32	32	存在节点类* 世界树类::取或创建子存在_按类型并按特征I64( 基础信息节点类* 父节点, const 语素入口节点类* 类型, const 语素入口节点类* 唯一键特征类型, I64 唯一键特征值)	类别=构造;输入=有自定义类型;输出=整数/时间;副作用=无明显副作用;领域=世界;约束=无显式约束	世界树类.cpp:1982:.获取方法根节点(节点); }  // 功能：创建并返回或登记对应对象。 存在节点类* 世界树类::取或创建子存在_按类型并按特征I64(     基础信息节点类* 父节点,     const 语素入口节点类* 类型,     const 语素入口节点类* 唯一键特征类型,     I64 唯一 | 世界树类.h:211:方法根节点(const 存在节点类* 节点) const noexcept;     存在节点类* 取或创建子存在_按类型并按特征I64(         基础信息节点类* 父节点,         const 语素入口节点类* 类型,         const 语素入口节点类* 唯一键特征类型 | 本能动作管理类.ixx:328:       return nullptr;     }     auto* 运行存在 = 世界树.取或创建子存在_按类型并按特征I64(         宿主,         本能动作运行虚拟存在类型词(),         本能动作运行开始时间特征词(),         static_ca | 自我动作实现.外设模块.ixx:8931:f (!宿主) return nullptr;          auto* 运行存在 = 世界树.取或创建子存在_按类型并按特征I64(             宿主,             类型_运行虚拟存在(),             特征_开始时间(),             sta | 自我动作实现.外设模块.ixx:11884:oexcept     {         return 宿主             ? 世界树.取或创建子存在_按类型并按特征I64(                 宿主,                 类型_空间候选观察事实(),                 特征_空间候选编号(), | 自我动作实现.外设模块.ixx:12059:t     {         auto* 区域存在 = 宿主             ? 世界树.取或创建子存在_按类型并按特征I64(                 宿主,                 类型_观察诊断区域(),                 特征_诊断区域编号(),   | 自我动作实现.外设模块.ixx:13855:o& 条目 : 候选结果.条目集合) {             auto* 候选存在 = 世界树.取或创建子存在_按类型并按特征I64(                 宿主,                 类型_安全因果候选条目(),                 特征_安全因果候选序号( | 自我动作实现.外设模块.ixx:13916: auto& 项 : 结果.项集合) {             auto* 明细存在 = 世界树.取或创建子存在_按类型并按特征I64(                 输出节点,                 类型_当前场景特征值可读材料门项(),                 特征_当前
present	存在类::取或创建子存在_按类型并按特征I64	取或创建子存在_按类型并按特征I64	存在类.cpp:286	32	32	存在节点类* 存在类::取或创建子存在_按类型并按特征I64( 基础信息节点类* 父节点, const 语素入口节点类* 类型, const 语素入口节点类* 唯一键特征类型, I64 唯一键特征值)	类别=构造;输入=有自定义类型;输出=整数/时间;副作用=无明显副作用;领域=存在;约束=无显式约束	世界树类.cpp:1982:.获取方法根节点(节点); }  // 功能：创建并返回或登记对应对象。 存在节点类* 世界树类::取或创建子存在_按类型并按特征I64(     基础信息节点类* 父节点,     const 语素入口节点类* 类型,     const 语素入口节点类* 唯一键特征类型,     I64 唯一 | 世界树类.h:211:方法根节点(const 存在节点类* 节点) const noexcept;     存在节点类* 取或创建子存在_按类型并按特征I64(         基础信息节点类* 父节点,         const 语素入口节点类* 类型,         const 语素入口节点类* 唯一键特征类型 | 本能动作管理类.ixx:328:       return nullptr;     }     auto* 运行存在 = 世界树.取或创建子存在_按类型并按特征I64(         宿主,         本能动作运行虚拟存在类型词(),         本能动作运行开始时间特征词(),         static_ca | 自我动作实现.外设模块.ixx:8931:f (!宿主) return nullptr;          auto* 运行存在 = 世界树.取或创建子存在_按类型并按特征I64(             宿主,             类型_运行虚拟存在(),             特征_开始时间(),             sta | 自我动作实现.外设模块.ixx:11884:oexcept     {         return 宿主             ? 世界树.取或创建子存在_按类型并按特征I64(                 宿主,                 类型_空间候选观察事实(),                 特征_空间候选编号(), | 自我动作实现.外设模块.ixx:12059:t     {         auto* 区域存在 = 宿主             ? 世界树.取或创建子存在_按类型并按特征I64(                 宿主,                 类型_观察诊断区域(),                 特征_诊断区域编号(),   | 自我动作实现.外设模块.ixx:13855:o& 条目 : 候选结果.条目集合) {             auto* 候选存在 = 世界树.取或创建子存在_按类型并按特征I64(                 宿主,                 类型_安全因果候选条目(),                 特征_安全因果候选序号( | 自我动作实现.外设模块.ixx:13916: auto& 项 : 结果.项集合) {             auto* 明细存在 = 世界树.取或创建子存在_按类型并按特征I64(                 输出节点,                 类型_当前场景特征值可读材料门项(),                 特征_当前
present	控制面板摘要线程类::启动	启动	控制面板摘要线程模块.impl.cpp:613	34	747	bool 控制面板摘要线程类::启动()	类别=未分类;输入=有自定义类型;输出=bool;副作用=无明显副作用;领域=控制面板;约束=无显式约束	"任务模块.执行.ixx:1039:任务执行桥类 { public:     // 功能：启动线程、模块或运行流程。     void 启动(std::uint32_t n)     {         工作者数量_ = n == 0 ? 1 : n;         停止请求_ = false;   | 任务模块.管理工作线程.ixx:133:摘要(     const 结构_外设消息承接结果& 结果);  bool 确保任务管理工作线程壳已启动() noexcept;  bool 提交任务工作项(     自我类& 自我对象,     const 任务管理线程协议::结构_任务工作项& 工作项,     | 任务模块.管理工作线程.ixx:468:        + 私有_任务主键(任务));     任务执行桥类 执行桥{};     执行桥.启动(1);     auto 结果 = 执行任务(         执行桥,         任务,         now);     if (输出回执) {   | 任务模块.管理工作线程.ixx:3448:线程 {  // 功能：确保目标结构、状态或前置条件存在并可用。 bool 确保任务管理工作线程壳已启动() noexcept {     auto& 状态 = 私有_壳状态();     std::lock_guard<std::mutex> 锁(状态.锁);   | 任务模块.管理工作线程.ixx:3652:::结构_任务工作结果* 输出) noexcept {     (void)确保任务管理工作线程壳已启动();     const auto now = 私有_时间(工作项.当前时间);     任务管理线程协议::结构_任务工作结果 局部结果{};     aut | 任务模块.管理界面线程.impl.cpp:4291:项.目标外设 == ""双目相机/D455深度相机""; }  void 私有_确保外设观察线程按等待项启动(     const 结构_外设观察等待项& 等待项) noexcept {     if (!私有_等待项目标是D455(等待项)) {         re | 任务模块.管理界面线程.impl.cpp:4371:设等待项.等待项ID = 提交外设观察等待项(外设等待项);     私有_确保外设观察线程按等待项启动(外设等待项);     私有_唤醒外设承接后台线程();     项目运行日志(         ""任务管理界面线程/按当前方法供料要求创建外设观察等待项 |  | 任务模块.管理界面线程.impl.cpp:4499:       continue;         }         私有_确保外设观察线程按等待项启动(外设等待项);         ++提交数量;         if (首个等待项ID == 0) {             首个等待项ID = 外设等待项."
present	自我线程类::启动	启动	自我线程模块.impl.cpp:15417	34	747	bool 自我线程类::启动()	类别=未分类;输入=有自定义类型;输出=bool;副作用=无明显副作用;领域=自我;约束=无显式约束	"任务模块.执行.ixx:1039:任务执行桥类 { public:     // 功能：启动线程、模块或运行流程。     void 启动(std::uint32_t n)     {         工作者数量_ = n == 0 ? 1 : n;         停止请求_ = false;   | 任务模块.管理工作线程.ixx:133:摘要(     const 结构_外设消息承接结果& 结果);  bool 确保任务管理工作线程壳已启动() noexcept;  bool 提交任务工作项(     自我类& 自我对象,     const 任务管理线程协议::结构_任务工作项& 工作项,     | 任务模块.管理工作线程.ixx:468:        + 私有_任务主键(任务));     任务执行桥类 执行桥{};     执行桥.启动(1);     auto 结果 = 执行任务(         执行桥,         任务,         now);     if (输出回执) {   | 任务模块.管理工作线程.ixx:3448:线程 {  // 功能：确保目标结构、状态或前置条件存在并可用。 bool 确保任务管理工作线程壳已启动() noexcept {     auto& 状态 = 私有_壳状态();     std::lock_guard<std::mutex> 锁(状态.锁);   | 任务模块.管理工作线程.ixx:3652:::结构_任务工作结果* 输出) noexcept {     (void)确保任务管理工作线程壳已启动();     const auto now = 私有_时间(工作项.当前时间);     任务管理线程协议::结构_任务工作结果 局部结果{};     aut | 任务模块.管理界面线程.impl.cpp:4291:项.目标外设 == ""双目相机/D455深度相机""; }  void 私有_确保外设观察线程按等待项启动(     const 结构_外设观察等待项& 等待项) noexcept {     if (!私有_等待项目标是D455(等待项)) {         re | 任务模块.管理界面线程.impl.cpp:4371:设等待项.等待项ID = 提交外设观察等待项(外设等待项);     私有_确保外设观察线程按等待项启动(外设等待项);     私有_唤醒外设承接后台线程();     项目运行日志(         ""任务管理界面线程/按当前方法供料要求创建外设观察等待项 |  | 任务模块.管理界面线程.impl.cpp:4499:       continue;         }         私有_确保外设观察线程按等待项启动(外设等待项);         ++提交数量;         if (首个等待项ID == 0) {             首个等待项ID = 外设等待项."
present	自检线程类::启动	启动	自检线程模块.impl.cpp:1466	34	747	bool 自检线程类::启动(bool 只读观察模式)	类别=未分类;输入=有自定义类型;输出=bool;副作用=无明显副作用;领域=全局通用候选;约束=无显式约束	"任务模块.执行.ixx:1039:任务执行桥类 { public:     // 功能：启动线程、模块或运行流程。     void 启动(std::uint32_t n)     {         工作者数量_ = n == 0 ? 1 : n;         停止请求_ = false;   | 任务模块.管理工作线程.ixx:133:摘要(     const 结构_外设消息承接结果& 结果);  bool 确保任务管理工作线程壳已启动() noexcept;  bool 提交任务工作项(     自我类& 自我对象,     const 任务管理线程协议::结构_任务工作项& 工作项,     | 任务模块.管理工作线程.ixx:468:        + 私有_任务主键(任务));     任务执行桥类 执行桥{};     执行桥.启动(1);     auto 结果 = 执行任务(         执行桥,         任务,         now);     if (输出回执) {   | 任务模块.管理工作线程.ixx:3448:线程 {  // 功能：确保目标结构、状态或前置条件存在并可用。 bool 确保任务管理工作线程壳已启动() noexcept {     auto& 状态 = 私有_壳状态();     std::lock_guard<std::mutex> 锁(状态.锁);   | 任务模块.管理工作线程.ixx:3652:::结构_任务工作结果* 输出) noexcept {     (void)确保任务管理工作线程壳已启动();     const auto now = 私有_时间(工作项.当前时间);     任务管理线程协议::结构_任务工作结果 局部结果{};     aut | 任务模块.管理界面线程.impl.cpp:4291:项.目标外设 == ""双目相机/D455深度相机""; }  void 私有_确保外设观察线程按等待项启动(     const 结构_外设观察等待项& 等待项) noexcept {     if (!私有_等待项目标是D455(等待项)) {         re | 任务模块.管理界面线程.impl.cpp:4371:设等待项.等待项ID = 提交外设观察等待项(外设等待项);     私有_确保外设观察线程按等待项启动(外设等待项);     私有_唤醒外设承接后台线程();     项目运行日志(         ""任务管理界面线程/按当前方法供料要求创建外设观察等待项 |  | 任务模块.管理界面线程.impl.cpp:4499:       continue;         }         私有_确保外设观察线程按等待项启动(外设等待项);         ++提交数量;         if (首个等待项ID == 0) {             首个等待项ID = 外设等待项."
present	状态类::创建内部状态	创建内部状态	状态类.cpp:404	35	36	状态节点类* 状态类::创建内部状态( 场景节点类* 场景, 基础信息节点类* 主体, 特征节点类* 特征, const 特征值& 值, 枚举_存在状态事件 事件, bool 是否变化, 时间戳 now, const 状态后处理回调& 后处理)	类别=构造;输入=有自定义类型;输出=bool;副作用=无明显副作用;领域=全局通用候选;约束=无显式约束	世界树类.cpp:2517:生时间, 收到时间); }  // 功能：创建内部状态节点并登记到场景。 状态节点类* 世界树类::创建内部状态(     场景节点类* 场景,     基础信息节点类* 主体,     特征节点类* 特征,     const 特征值& 值,     bool 是否变化, | 世界树类.cpp:2526:,     const 状态类::状态后处理回调& 后处理) {     return 状态服务_.创建内部状态(场景, 主体, 特征, 值, 是否变化, now, 后处理); }  // 功能：读取场景状态集合，不创建或修改节点。 std::vector<状态节点类*>  | 世界树类.h:383:    时间戳 收到时间 = 结构体_时间戳::当前_微秒()     );     状态节点类* 创建内部状态(         场景节点类* 场景,         基础信息节点类* 主体,         特征节点类* 特征,         const 特征值& 值 | 任务模块.执行.ixx:693:urn;     }     结果场景 = 状态场景;      auto* 当前状态 = 世界树.创建内部状态(         状态场景,         目标主体,         状态特征,         当前值,         false,         n | 任务模块.执行.ixx:700:        false,         now);     auto* 目标状态 = 世界树.创建内部状态(         状态场景,         目标主体,         状态特征,         目标值,         当前值 != 目标值,      | 方法类.cpp:1038:       特征类型,             初始值);         return 世界树.创建内部状态(             条件场景,             reinterpret_cast<基础信息节点类*>(方法虚拟存在),             状 | 方法虚拟存在服务类.cpp:370:cast<基础信息节点类*>(方法虚拟存在);         auto* 旧状态节点 = 世界树.创建内部状态(             场景,             宿主,             方法状态特征,             特征值{ 有旧状态 ? 旧状态 | 方法虚拟存在服务类.cpp:377:alse,             now);         auto* 新状态节点 = 世界树.创建内部状态(             场景,             宿主,             方法状态特征,             特征值{ 新状态 },
present	世界树类::世界根	世界根	世界树类.cpp:944	47	58	基础信息节点类* 世界树类::世界根() const noexcept	类别=执行;输入=有自定义类型;输出=指针/引用/句柄;副作用=无明显副作用;领域=世界;约束=noexcept	"世界树类.cpp:102: auto* 父 = 父节点 ? const_cast<基础信息节点类*>(父节点) : 基础信息.世界根();         if (!父 || !父->子) return 结果;          auto* 首节点 = static_cast<基础信息节点类* | 世界树类.cpp:121: auto* 父 = 父节点 ? const_cast<基础信息节点类*>(父节点) : 基础信息.世界根();         if (!父 || !父->子) return 结果;          auto* 首节点 = static_cast<基础信息节点类* | 世界树类.cpp:1210:return 因果服务_; }  // 功能：按函数名执行对应处理。 基础信息节点类* 世界树类::世界根() const noexcept {     return 基础信息链_.世界根(); }  // 功能：按主键解析基础信息世界树节点，不创建或修改节点。 基础 | 世界树类.cpp:1212:类* 世界树类::世界根() const noexcept {     return 基础信息链_.世界根(); }  // 功能：按主键解析基础信息世界树节点，不创建或修改节点。 基础信息节点类* 世界树类::按主键解析节点(const std::string& 主 | 世界树类.cpp:1279: const {     if (!节点) return false;     if (节点 == 世界根()) return true;     for (const auto* 当前 : 基础信息链_.枚举全部节点()) {         if (当前 == 节 | 世界树类.cpp:1310:       根行.同层序号 = 0;             根行.直接子数量 = 基础信息链_.世界根()                 ? static_cast<int>(基础信息链_.世界根()->子节点数量)                 : 0;   | 世界树类.cpp:1311:_.世界根()                 ? static_cast<int>(基础信息链_.世界根()->子节点数量)                 : 0;             根行.路径 = ""WORLD_ROOT"";             根行. | 世界树类.cpp:1318:ack(std::move(根行));              auto* 根 = 基础信息链_.世界根();             if (根 && 根->子) {                 私有_收集世界树SQL同层(                  "
present	基础信息类::世界根	世界根	基础信息类.cpp:37	47	58	基础信息类::节点类* 基础信息类::世界根() const noexcept	类别=执行;输入=有自定义类型;输出=指针/引用/句柄;副作用=无明显副作用;领域=基础信息;约束=noexcept	"世界树类.cpp:102: auto* 父 = 父节点 ? const_cast<基础信息节点类*>(父节点) : 基础信息.世界根();         if (!父 || !父->子) return 结果;          auto* 首节点 = static_cast<基础信息节点类* | 世界树类.cpp:121: auto* 父 = 父节点 ? const_cast<基础信息节点类*>(父节点) : 基础信息.世界根();         if (!父 || !父->子) return 结果;          auto* 首节点 = static_cast<基础信息节点类* | 世界树类.cpp:1210:return 因果服务_; }  // 功能：按函数名执行对应处理。 基础信息节点类* 世界树类::世界根() const noexcept {     return 基础信息链_.世界根(); }  // 功能：按主键解析基础信息世界树节点，不创建或修改节点。 基础 | 世界树类.cpp:1212:类* 世界树类::世界根() const noexcept {     return 基础信息链_.世界根(); }  // 功能：按主键解析基础信息世界树节点，不创建或修改节点。 基础信息节点类* 世界树类::按主键解析节点(const std::string& 主 | 世界树类.cpp:1279: const {     if (!节点) return false;     if (节点 == 世界根()) return true;     for (const auto* 当前 : 基础信息链_.枚举全部节点()) {         if (当前 == 节 | 世界树类.cpp:1310:       根行.同层序号 = 0;             根行.直接子数量 = 基础信息链_.世界根()                 ? static_cast<int>(基础信息链_.世界根()->子节点数量)                 : 0;   | 世界树类.cpp:1311:_.世界根()                 ? static_cast<int>(基础信息链_.世界根()->子节点数量)                 : 0;             根行.路径 = ""WORLD_ROOT"";             根行. | 世界树类.cpp:1318:ack(std::move(根行));              auto* 根 = 基础信息链_.世界根();             if (根 && 根->子) {                 私有_收集世界树SQL同层(                  "
present	自我线程类::停止	停止	自我线程模块.impl.cpp:15529	47	567	void 自我线程类::停止()	类别=未分类;输入=有自定义类型;输出=void;副作用=无明显副作用;领域=自我;约束=无显式约束	任务模块.执行.ixx:1047: false;     }      // 功能：停止线程、模块或运行流程。     void 请求停止()     {         停止请求_ = true;     }      // 功能：停止线程、模块或运行流程。     void 等待停止()     | 任务模块.执行.ixx:1053:= true;     }      // 功能：停止线程、模块或运行流程。     void 等待停止()     {     }      // 功能：按函数名执行对应处理。     void 取消全部()     {         取消请求_ = true; | 任务模块.管理界面线程.impl.cpp:4306:if (线程.是否运行中()) {         return;     }      线程.等待停止();     结构_D455深度相机线程配置 配置{};     const bool 已启动 = 启动外设线程_D455深度相机(配置);     项目运行日 | 任务类.cpp:1426:已写入;     已写入 = 私有_写入任务I64特征(头结点, 自我特征定义类::类型_任务_请求停止(), 请求停止 ? 1 : 0, 承载场景, now) || 已写入;     已写入 = 私有_写入任务I64特征(头结点, 自我特征定义类::类型_任务_已 | 动作线程类.ixx:120:) = default;      // 功能：释放或收束对象资源。     ~动作线程类() { 停止(true); }      动作线程类(const 动作线程类&) = delete;     动作线程类& operator=(const 动作线程类&) = | 动作线程类.ixx:261:;         }         工作线程_.join();     }      void 停止(bool 等待 = true)     {         if (!工作线程_.joinable() && !运行中_.load(std::memory_or | 外设线程_D455深度相机.ixx:123:ol 启动(const 结构_D455深度相机线程配置& 配置 = {});     void 请求停止();     void 等待停止();     结构_D455深度相机线程结果 等待完成(std::chrono::milliseconds 等待上限);    | 外设线程_D455深度相机.ixx:124:55深度相机线程配置& 配置 = {});     void 请求停止();     void 等待停止();     结构_D455深度相机线程结果 等待完成(std::chrono::milliseconds 等待上限);     枚举_D455深度相机线程生命
present	世界树类::取或创建子特征_按类型	取或创建子特征_按类型	世界树类.cpp:1428	49	49	特征节点类* 世界树类::取或创建子特征_按类型(基础信息节点类* 宿主, const 语素入口节点类* 特征类型)	类别=构造;输入=有自定义类型;输出=指针/引用/句柄;副作用=无明显副作用;领域=世界;约束=无显式约束	世界树类.cpp:1796:息节点类* 宿主, const 语素入口节点类* 特征类型) {     return 特征服务_.取或创建子特征_按类型(宿主, 特征类型); }  // 功能：创建并返回或登记对应对象。 特征节点类* 世界树类::取或创建子特征_按类型(基础信息节点类* 宿主, const 语素 | 世界树类.cpp:1800:类型(宿主, 特征类型); }  // 功能：创建并返回或登记对应对象。 特征节点类* 世界树类::取或创建子特征_按类型(基础信息节点类* 宿主, const 语素入口节点类* 特征类型) {     return 特征服务_.取或创建子特征_按类型(宿主, 特征类型); }  / | 世界树类.cpp:1802:息节点类* 宿主, const 语素入口节点类* 特征类型) {     return 特征服务_.取或创建子特征_按类型(宿主, 特征类型); }  // 功能：读取宿主下的直接子特征，不创建或修改节点。 std::vector<特征节点类*> 世界树类::获取子特征(const  | 世界树类.h:164:保特征(基础信息节点类* 宿主, const 语素入口节点类* 特征类型);     特征节点类* 取或创建子特征_按类型(基础信息节点类* 宿主, const 语素入口节点类* 特征类型);     std::vector<特征节点类*> 获取子特征(const 基础信息节点类*  | 任务模块.执行.ixx:132:      return nullptr;     }      auto* 动作特征 = 世界树.取或创建子特征_按类型(         自我存在,         私有_方法调用动作动态特征类型_执行桥_最小_v0());     if (!动作特征) {         re | 存在类.cpp:128:         时间戳 now)     {         auto* 特征节点 = 特征服务.取或创建子特征_按类型(宿主, 特征类型);         return 特征节点 ? 特征服务.写入特征值_I64(特征节点, 值, now) : false;     }     | 存在类.cpp:140:         时间戳 now)     {         auto* 特征节点 = 特征服务.取或创建子特征_按类型(宿主, 特征类型);         if (!特征节点) return false;         指针句柄 句柄{};         句柄.指针 = r | 方法类.cpp:1951:nullptr, now);     auto* 条件根 = 条件场景         ? 世界树.取或创建子特征_按类型(             reinterpret_cast<基础信息节点类*>(条件场景),             私有_方法条件集合特征词())
present	特征类::取或创建子特征_按类型	取或创建子特征_按类型	特征类.cpp:2260	49	49	特征节点类* 特征类::取或创建子特征_按类型(基础信息节点类* 宿主, const 语素入口节点类* 特征类型)	类别=构造;输入=有自定义类型;输出=指针/引用/句柄;副作用=无明显副作用;领域=特征;约束=无显式约束	世界树类.cpp:1796:息节点类* 宿主, const 语素入口节点类* 特征类型) {     return 特征服务_.取或创建子特征_按类型(宿主, 特征类型); }  // 功能：创建并返回或登记对应对象。 特征节点类* 世界树类::取或创建子特征_按类型(基础信息节点类* 宿主, const 语素 | 世界树类.cpp:1800:类型(宿主, 特征类型); }  // 功能：创建并返回或登记对应对象。 特征节点类* 世界树类::取或创建子特征_按类型(基础信息节点类* 宿主, const 语素入口节点类* 特征类型) {     return 特征服务_.取或创建子特征_按类型(宿主, 特征类型); }  / | 世界树类.cpp:1802:息节点类* 宿主, const 语素入口节点类* 特征类型) {     return 特征服务_.取或创建子特征_按类型(宿主, 特征类型); }  // 功能：读取宿主下的直接子特征，不创建或修改节点。 std::vector<特征节点类*> 世界树类::获取子特征(const  | 世界树类.h:164:保特征(基础信息节点类* 宿主, const 语素入口节点类* 特征类型);     特征节点类* 取或创建子特征_按类型(基础信息节点类* 宿主, const 语素入口节点类* 特征类型);     std::vector<特征节点类*> 获取子特征(const 基础信息节点类*  | 任务模块.执行.ixx:132:      return nullptr;     }      auto* 动作特征 = 世界树.取或创建子特征_按类型(         自我存在,         私有_方法调用动作动态特征类型_执行桥_最小_v0());     if (!动作特征) {         re | 存在类.cpp:128:         时间戳 now)     {         auto* 特征节点 = 特征服务.取或创建子特征_按类型(宿主, 特征类型);         return 特征节点 ? 特征服务.写入特征值_I64(特征节点, 值, now) : false;     }     | 存在类.cpp:140:         时间戳 now)     {         auto* 特征节点 = 特征服务.取或创建子特征_按类型(宿主, 特征类型);         if (!特征节点) return false;         指针句柄 句柄{};         句柄.指针 = r | 方法类.cpp:1951:nullptr, now);     auto* 条件根 = 条件场景         ? 世界树.取或创建子特征_按类型(             reinterpret_cast<基础信息节点类*>(条件场景),             私有_方法条件集合特征词())
present	自我类::已初始化	已初始化	自我类.cpp:884	57	167	bool 自我类::已初始化() const noexcept	类别=构造;输入=有自定义类型;输出=bool;副作用=无明显副作用;领域=自我;约束=noexcept	"任务类.cpp:505:}      // 功能：初始化相关对象、状态或运行上下文。     bool 私有_确保I64特征已初始化(         基础信息节点类* 宿主,         const 语素入口节点类* 特征类型,         I64 默认值,         时间戳  | 任务类.cpp:1272:私有_补齐任务虚拟存在概念集(头结点, 任务虚拟存在);      (void)私有_确保I64特征已初始化(任务虚拟存在, 私有_特征_任务特征账本生命周期(), static_cast<I64>(枚举_特征生命周期::候选), now);     (void)私有_ | 任务类.cpp:1273:st<I64>(枚举_特征生命周期::候选), now);     (void)私有_确保I64特征已初始化(任务虚拟存在, 私有_特征_任务特征使用统计(""暴露次数""), 0, now);     (void)私有_确保I64特征已初始化(任务虚拟存在, 私有_特征_ | 任务类.cpp:1274:特征_任务特征使用统计(""暴露次数""), 0, now);     (void)私有_确保I64特征已初始化(任务虚拟存在, 私有_特征_任务特征使用统计(""读取次数""), 0, now);     (void)私有_确保I64特征已初始化(任务虚拟存在, 私有_特征_ | 任务类.cpp:1275:特征_任务特征使用统计(""读取次数""), 0, now);     (void)私有_确保I64特征已初始化(任务虚拟存在, 私有_特征_任务特征使用统计(""有效使用次数""), 0, now);     (void)私有_确保I64特征已初始化(任务虚拟存在, 私有_特 | 任务类.cpp:1276:_任务特征使用统计(""有效使用次数""), 0, now);     (void)私有_确保I64特征已初始化(任务虚拟存在, 私有_特征_任务特征使用统计(""历史使用次数""), 0, now);     (void)私有_确保I64特征已初始化(任务虚拟存在, 私有_特 | 任务类.cpp:1277:_任务特征使用统计(""历史使用次数""), 0, now);     (void)私有_确保I64特征已初始化(任务虚拟存在, 私有_特征_任务特征使用统计(""近期使用次数""), 0, now);     (void)私有_确保I64特征已初始化(任务虚拟存在, 私有_特 | 任务类.cpp:1278:_任务特征使用统计(""近期使用次数""), 0, now);     (void)私有_确保I64特征已初始化(任务虚拟存在, 私有_特征_任务特征使用统计(""作为决策输入次数""), 0, now);     (void)私有_确保I64特征已初始化(任务虚拟存在, 私有"
present	自我类::获取自我存在	获取自我存在	自我类.cpp:902	65	65	存在节点类* 自我类::获取自我存在() const noexcept	类别=读取;输入=有自定义类型;输出=指针/引用/句柄;副作用=无明显副作用;领域=自我;约束=noexcept	任务模块.管理界面线程.impl.cpp:1903:析需求主体(来源需求);     if (!发起存在) {         发起存在 = 自我对象.获取自我存在();     }     auto* 当前状态 = 需求类::解析需求当前状态(来源需求);     auto* 目标状态 = 需求类::解析需求目标状态(来源 | 任务模块.管理界面线程.impl.cpp:1976:      return nullptr;     }     auto* 自我存在 = 自我对象.获取自我存在();     if (!自我存在) {         return nullptr;     }     (void)世界树.确保存在三类根节点(自我存在); | 任务模块.管理界面线程.impl.cpp:4080:       return false;     }      auto* 自我存在 = 自我对象.获取自我存在();     auto* 任务根 = 自我存在         ? reinterpret_cast<任务节点*>(世界树.获取任务根节点(自我存在))     | 任务模块.管理界面线程.impl.cpp:6973:const auto 巡检开始 = 私有_时间(0);     auto* 自我存在 = 自我对象.获取自我存在();     auto* 任务根 = 自我存在         ? reinterpret_cast<任务节点*>(世界树.获取任务根节点(自我存在))     | 任务模块.管理界面线程.impl.cpp:8194:       return false;     }      auto* 自我存在 = 自我对象.获取自我存在();     auto* 任务根 = 自我存在         ? reinterpret_cast<任务节点*>(世界树.获取任务根节点(自我存在))     | 控制面板摘要线程模块.impl.cpp:241:读取世界观测版本() noexcept     {         auto* 自我存在 = 自我.获取自我存在();         auto* 需求根 = 自我存在 ? 世界树.获取需求根节点(自我存在) : nullptr;         auto* 任务根 = 自 | 控制面板摘要线程模块.impl.cpp:309:板摘要快照& 快照) noexcept     {         auto* 自我存在 = 自我.获取自我存在();         auto* 需求根 = 自我存在 ? 世界树.获取需求根节点(自我存在) : nullptr;          std::size_t  | 控制面板摘要线程模块.impl.cpp:369:板摘要快照& 快照) noexcept     {         auto* 自我存在 = 自我.获取自我存在();         auto* 任务根 = 自我存在 ? 世界树.获取任务根节点(自我存在) : nullptr;          std::size_t
present	基础信息类::初始化	初始化	基础信息类.cpp:32	87	849	void 基础信息类::初始化()	类别=构造;输入=有自定义类型;输出=void;副作用=无明显副作用;领域=基础信息;约束=无显式约束	世界树类.cpp:1122:() = default;  // 功能：初始化相关对象、状态或运行上下文。 void 世界树类::初始化() {     基础信息链_.初始化();     值池_.初始化();     语素集.初始化();     初始化度量模板注册表();     (void) | 世界树类.cpp:1124:能：初始化相关对象、状态或运行上下文。 void 世界树类::初始化() {     基础信息链_.初始化();     值池_.初始化();     语素集.初始化();     初始化度量模板注册表();     (void)取或创建抽象特征根(); }  //  | 世界树类.cpp:1125:上下文。 void 世界树类::初始化() {     基础信息链_.初始化();     值池_.初始化();     语素集.初始化();     初始化度量模板注册表();     (void)取或创建抽象特征根(); }  // 功能：初始化相关对象、状态或运 | 世界树类.cpp:1126::初始化() {     基础信息链_.初始化();     值池_.初始化();     语素集.初始化();     初始化度量模板注册表();     (void)取或创建抽象特征根(); }  // 功能：初始化相关对象、状态或运行上下文。 void 世界树类 | 世界树类.h:31:;     世界树类& operator=(世界树类&&) = delete;      void 初始化();     void 初始化默认世界();      基础信息类& 基础信息() noexcept;     const 基础信息类& 基础信息() cons | 任务模块.管理界面线程.impl.cpp:1967:(任务));     任务类::确保任务初始状态(任务); }  任务节点* 私有_按需求创建任务并初始化(     自我类& 自我对象,     需求节点* 需求,     任务节点* 上级任务,     时间戳 now) noexcept {     if (!需 | 任务模块.管理界面线程.impl.cpp:8457: }         if (!任务) {             任务 = 私有_按需求创建任务并初始化(                 自我对象,                 需求,                 reinterpret_cast<任务节点 | 任务类.cpp:505:      // 功能：初始化相关对象、状态或运行上下文。     bool 私有_确保I64特征已初始化(         基础信息节点类* 宿主,         const 语素入口节点类* 特征类型,         I64 默认值,         时间戳
present	语素类::初始化	初始化	语素类.cpp:625	87	849	void 语素类::初始化()	类别=构造;输入=有自定义类型;输出=void;副作用=无明显副作用;领域=语素;约束=无显式约束	世界树类.cpp:1122:() = default;  // 功能：初始化相关对象、状态或运行上下文。 void 世界树类::初始化() {     基础信息链_.初始化();     值池_.初始化();     语素集.初始化();     初始化度量模板注册表();     (void) | 世界树类.cpp:1124:能：初始化相关对象、状态或运行上下文。 void 世界树类::初始化() {     基础信息链_.初始化();     值池_.初始化();     语素集.初始化();     初始化度量模板注册表();     (void)取或创建抽象特征根(); }  //  | 世界树类.cpp:1125:上下文。 void 世界树类::初始化() {     基础信息链_.初始化();     值池_.初始化();     语素集.初始化();     初始化度量模板注册表();     (void)取或创建抽象特征根(); }  // 功能：初始化相关对象、状态或运 | 世界树类.cpp:1126::初始化() {     基础信息链_.初始化();     值池_.初始化();     语素集.初始化();     初始化度量模板注册表();     (void)取或创建抽象特征根(); }  // 功能：初始化相关对象、状态或运行上下文。 void 世界树类 | 世界树类.h:31:;     世界树类& operator=(世界树类&&) = delete;      void 初始化();     void 初始化默认世界();      基础信息类& 基础信息() noexcept;     const 基础信息类& 基础信息() cons | 任务模块.管理界面线程.impl.cpp:1967:(任务));     任务类::确保任务初始状态(任务); }  任务节点* 私有_按需求创建任务并初始化(     自我类& 自我对象,     需求节点* 需求,     任务节点* 上级任务,     时间戳 now) noexcept {     if (!需 | 任务模块.管理界面线程.impl.cpp:8457: }         if (!任务) {             任务 = 私有_按需求创建任务并初始化(                 自我对象,                 需求,                 reinterpret_cast<任务节点 | 任务类.cpp:505:      // 功能：初始化相关对象、状态或运行上下文。     bool 私有_确保I64特征已初始化(         基础信息节点类* 宿主,         const 语素入口节点类* 特征类型,         I64 默认值,         时间戳
present	语言类::初始化	初始化	语言类.cpp:34	87	849	void 语言类::初始化()	类别=构造;输入=有自定义类型;输出=void;副作用=无明显副作用;领域=语言;约束=无显式约束	世界树类.cpp:1122:() = default;  // 功能：初始化相关对象、状态或运行上下文。 void 世界树类::初始化() {     基础信息链_.初始化();     值池_.初始化();     语素集.初始化();     初始化度量模板注册表();     (void) | 世界树类.cpp:1124:能：初始化相关对象、状态或运行上下文。 void 世界树类::初始化() {     基础信息链_.初始化();     值池_.初始化();     语素集.初始化();     初始化度量模板注册表();     (void)取或创建抽象特征根(); }  //  | 世界树类.cpp:1125:上下文。 void 世界树类::初始化() {     基础信息链_.初始化();     值池_.初始化();     语素集.初始化();     初始化度量模板注册表();     (void)取或创建抽象特征根(); }  // 功能：初始化相关对象、状态或运 | 世界树类.cpp:1126::初始化() {     基础信息链_.初始化();     值池_.初始化();     语素集.初始化();     初始化度量模板注册表();     (void)取或创建抽象特征根(); }  // 功能：初始化相关对象、状态或运行上下文。 void 世界树类 | 世界树类.h:31:;     世界树类& operator=(世界树类&&) = delete;      void 初始化();     void 初始化默认世界();      基础信息类& 基础信息() noexcept;     const 基础信息类& 基础信息() cons | 任务模块.管理界面线程.impl.cpp:1967:(任务));     任务类::确保任务初始状态(任务); }  任务节点* 私有_按需求创建任务并初始化(     自我类& 自我对象,     需求节点* 需求,     任务节点* 上级任务,     时间戳 now) noexcept {     if (!需 | 任务模块.管理界面线程.impl.cpp:8457: }         if (!任务) {             任务 = 私有_按需求创建任务并初始化(                 自我对象,                 需求,                 reinterpret_cast<任务节点 | 任务类.cpp:505:      // 功能：初始化相关对象、状态或运行上下文。     bool 私有_确保I64特征已初始化(         基础信息节点类* 宿主,         const 语素入口节点类* 特征类型,         I64 默认值,         时间戳
deleted_or_stale	世界树类::查找场景存在_按深度或彩图轮廓图	查找场景存在_按深度或彩图轮廓图	世界树类.cpp:1792	0	0	std::vector<结构_世界树场景轮廓存在比较结果> 世界树类::查找场景存在_按深度或彩图轮廓图( const 场景节点类* 场景, const std::vector<结构_三维体素轮廓图视角>& 局部视角集合, const 结构_三维体素轮廓融合参数& 局部融合参数, const 结构_世界树场景轮廓查找参数& 参数) const	类别=比较;输入=有自定义类型;输出=指针/引用/句柄;副作用=无明显副作用;领域=世界;约束=无显式约束
deleted_or_stale	任务类::标记任务待重筹办	标记任务待重筹办	任务类.cpp:1569	0	0	void 任务类::标记任务待重筹办(节点类* 任务节点, 时间戳 now) noexcept	类别=未分类;输入=有自定义类型;输出=void;副作用=无明显副作用;领域=任务;约束=noexcept
deleted_or_stale	任务类::标记任务等待	标记任务等待	任务类.cpp:1580	0	0	void 任务类::标记任务等待(节点类* 任务节点, 时间戳 now) noexcept	类别=等待;输入=有自定义类型;输出=void;副作用=无明显副作用;领域=任务;约束=noexcept
deleted_or_stale	任务类::标记任务已承接	标记任务已承接	任务类.cpp:1589	0	0	void 任务类::标记任务已承接(节点类* 任务节点, 时间戳 now) noexcept	类别=执行;输入=有自定义类型;输出=void;副作用=无明显副作用;领域=任务;约束=noexcept
deleted_or_stale	任务类::标记任务已派发	标记任务已派发	任务类.cpp:1604	0	0	void 任务类::标记任务已派发(节点类* 任务节点, 时间戳 now) noexcept	类别=未分类;输入=有自定义类型;输出=void;副作用=无明显副作用;领域=任务;约束=noexcept
deleted_or_stale	任务类::标记任务负载等待	标记任务负载等待	任务类.cpp:1619	0	0	void 任务类::标记任务负载等待(节点类* 任务节点, 时间戳 now) noexcept	类别=等待;输入=有自定义类型;输出=void;副作用=无明显副作用;领域=任务;约束=noexcept
deleted_or_stale	任务类::应用任务状态	应用任务状态	任务类.cpp:1634	0	0	void 任务类::应用任务状态(节点类* 任务节点, 枚举_任务状态 新状态, 时间戳 now) noexcept	类别=执行;输入=有自定义类型;输出=void;副作用=无明显副作用;领域=任务;约束=noexcept
deleted_or_stale	动态类::设置业务语义类型	设置业务语义类型	动态类.cpp:1183	0	0	bool 动态类::设置业务语义类型(动态节点类* 节点, 枚举_动态业务语义类型 类型)	类别=未分类;输入=有自定义类型;输出=bool;副作用=无明显副作用;领域=动态;约束=无显式约束
deleted_or_stale	状态类::记录状态到场景	记录状态到场景	状态类.cpp:395	0	0	bool 状态类::记录状态到场景( 场景节点类* 场景, const 状态创建参数& 参数, const 状态后处理回调& 后处理)	类别=日志;输入=有自定义类型;输出=bool;副作用=无明显副作用;领域=全局通用候选;约束=无显式约束
deleted_or_stale	状态类::比较最近两次I64状态方向	比较最近两次I64状态方向	状态类.cpp:870	0	0	结构_最近两次I64状态方向结果 状态类::比较最近两次I64状态方向( 场景节点类* 场景, 枚举_状态域 状态域, 基础信息节点类* 状态主体, 特征节点类* 状态特征) const	类别=比较;输入=有自定义类型;输出=整数/时间;副作用=无明显副作用;领域=全局通用候选;约束=无显式约束
deleted_or_stale	状态类::私有_推断状态域	私有_推断状态域	状态类.cpp:946	0	0	枚举_状态域 状态类::私有_推断状态域(const 基础信息节点类* 主体) noexcept	类别=未分类;输入=有自定义类型;输出=指针/引用/句柄;副作用=无明显副作用;领域=全局通用候选;约束=noexcept
deleted_or_stale	状态类::私有_按时间追加状态索引	私有_按时间追加状态索引	状态类.cpp:965	0	0	void 状态类::私有_按时间追加状态索引(场景节点主信息类* 场景主信息, 状态节点类* 节点) const	类别=写入;输入=有自定义类型;输出=void;副作用=无明显副作用;领域=全局通用候选;约束=无显式约束
deleted_or_stale	自我类::重置时序步长为默认值_	重置时序步长为默认值_	自我类.cpp:2434	0	0	void 自我类::重置时序步长为默认值_() noexcept	类别=未分类;输入=有自定义类型;输出=void;副作用=无明显副作用;领域=自我;约束=noexcept
deleted_or_stale	自我线程类::读取最近Tick时间	读取最近Tick时间	自我线程模块.impl.cpp:15628	0	0	时间戳 自我线程类::读取最近Tick时间() const noexcept	类别=读取;输入=有自定义类型;输出=整数/时间;副作用=无明显副作用;领域=自我;约束=noexcept
deleted_or_stale	自我线程类::读取上次故障时间	读取上次故障时间	自我线程模块.impl.cpp:15699	0	0	时间戳 自我线程类::读取上次故障时间() const noexcept	类别=读取;输入=有自定义类型;输出=整数/时间;副作用=无明显副作用;领域=自我;约束=noexcept
deleted_or_stale	自检线程类::读取最近事件列表	读取最近事件列表	自检线程模块.impl.cpp:1611	0	0	std::vector<std::string> 自检线程类::读取最近事件列表(std::size_t 上限) const	类别=读取;输入=有自定义类型;输出=整数/时间;副作用=无明显副作用;领域=全局通用候选;约束=无显式约束
deleted_or_stale	语言类::生成二次特征反义词结果	生成二次特征反义词结果	语言类_二次特征表达.cpp:411	0	0	std::string 语言类::生成二次特征反义词结果(const 二次特征节点类* 节点) const	类别=生成;输入=有自定义类型;输出=文本;副作用=无明显副作用;领域=语言;约束=无显式约束
deleted_or_stale	语言类::生成二次特征介词短语	生成二次特征介词短语	语言类_二次特征表达.cpp:418	0	0	std::string 语言类::生成二次特征介词短语(const 二次特征节点类* 节点) const	类别=生成;输入=有自定义类型;输出=文本;副作用=无明显副作用;领域=语言;约束=无显式约束
deleted_or_stale	语言类::生成存在有什么表达	生成存在有什么表达	语言类_存在表达.cpp:104	0	0	std::string 语言类::生成存在有什么表达(const 存在节点类* 节点, std::size_t 上限) const	类别=生成;输入=有自定义类型;输出=整数/时间;副作用=无明显副作用;领域=语言;约束=无显式约束
deleted_or_stale	语言类::生成存在是什么表达	生成存在是什么表达	语言类_存在表达.cpp:142	0	0	std::string 语言类::生成存在是什么表达(const 存在节点类* 节点) const	类别=生成;输入=有自定义类型;输出=文本;副作用=无明显副作用;领域=语言;约束=无显式约束
deleted_or_stale	语言类::生成存在能什么表达	生成存在能什么表达	语言类_存在表达.cpp:174	0	0	std::string 语言类::生成存在能什么表达(const 存在节点类* 节点, std::size_t 上限) const	类别=生成;输入=有自定义类型;输出=整数/时间;副作用=无明显副作用;领域=语言;约束=无显式约束
deleted_or_stale	语言类::生成存在会什么表达	生成存在会什么表达	语言类_存在表达.cpp:190	0	0	std::string 语言类::生成存在会什么表达(const 存在节点类* 节点, std::size_t 上限) const	类别=生成;输入=有自定义类型;输出=整数/时间;副作用=无明显副作用;领域=语言;约束=无显式约束
deleted_or_stale	语言类::生成存在需要什么表达	生成存在需要什么表达	语言类_存在表达.cpp:200	0	0	std::string 语言类::生成存在需要什么表达(const 存在节点类* 节点, std::size_t 上限) const	类别=生成;输入=有自定义类型;输出=整数/时间;副作用=无明显副作用;领域=语言;约束=无显式约束
