"函数名"	"定义位置"	"固定字符串出现次数"	"清单条目数"	"原始签名"	"功能备注"	"功能签名"	"迁移归属建议"	"风险标记"
"绑定环境"	"动作线程类.ixx:146"	"1"	"1"	"void 绑定环境(世界树类* 世界树, 三维场景管理类* 场景管理) noexcept"	"未分类：绑定环境"	"类别=未分类;输入=有自定义类型;输出=void;副作用=无明显副作用;领域=场景;约束=noexcept"	"专用类/对应头文件：场景"	"待复核"
"保存数据_已加锁"	"双向链表模板_序列化.inl:72"	"0"	"2"	"template<typename 主信息类型>"	"写入：保存数据_已加锁"	"类别=写入;输入=有自定义类型;输出=其他;副作用=可能写结构/缓存;领域=全局通用候选;约束=template"	"原地保留/专项审计"	"待复核"
"比较符号"	"基础数据类型.ixx:105"	"2"	"2"	"export inline constexpr std::int8_t 比较符号(const 比较量 r) noexcept"	"比较：比较符号"	"类别=比较;输入=无自定义类型;输出=其他;副作用=无明显副作用;领域=全局通用候选;约束=noexcept+constexpr+inline"	"全局共享函数类.ixx候选"	"待复核"
"比较符号"	"基础数据类型.h:105"	"2"	"2"	"inline constexpr std::int8_t 比较符号(const 比较量 r) noexcept"	"比较：比较符号"	"类别=比较;输入=无自定义类型;输出=其他;副作用=无明显副作用;领域=全局通用候选;约束=noexcept+constexpr+inline"	"全局共享函数类.ixx候选"	"待复核"
"比较量命中三向关系"	"基础数据类型.ixx:125"	"2"	"2"	"export inline constexpr bool 比较量命中三向关系("	"比较：比较量命中三向关系"	"类别=比较;输入=无自定义类型;输出=bool;副作用=无明显副作用;领域=全局通用候选;约束=constexpr+inline"	"全局共享函数类.ixx候选"	"待复核"
"比较量命中三向关系"	"基础数据类型.h:125"	"2"	"2"	"inline constexpr bool 比较量命中三向关系("	"比较：比较量命中三向关系"	"类别=比较;输入=无自定义类型;输出=bool;副作用=无明显副作用;领域=全局通用候选;约束=constexpr+inline"	"全局共享函数类.ixx候选"	"待复核"
"比较U64_三态"	"基础数据类型.h:99"	"2"	"2"	"inline constexpr 比较量 比较U64_三态(const std::uint64_t 左, const std::uint64_t 右) noexcept"	"比较：比较U64_三态"	"类别=比较;输入=无自定义类型;输出=其他;副作用=无明显副作用;领域=全局通用候选;约束=noexcept+constexpr+inline"	"全局共享函数类.ixx候选"	"待复核"
"比较U64_三态"	"基础数据类型.ixx:99"	"2"	"2"	"export inline constexpr 比较量 比较U64_三态(const std::uint64_t 左, const std::uint64_t 右) noexcept"	"比较：比较U64_三态"	"类别=比较;输入=无自定义类型;输出=其他;副作用=无明显副作用;领域=全局通用候选;约束=noexcept+constexpr+inline"	"全局共享函数类.ixx候选"	"待复核"
"编码I64为U64_ZigZag"	"基础数据类型.ixx:724"	"0"	"2"	"export inline constexpr std::uint64_t 编码I64为U64_ZigZag(const I64 值) noexcept"	"转换：编码I64为U64_ZigZag"	"类别=转换;输入=有自定义类型;输出=I64;副作用=无明显副作用;领域=全局通用候选;约束=noexcept+constexpr+inline"	"专用类/对应头文件：全局通用候选"	"待复核"
"编码I64为U64_ZigZag"	"基础数据类型.h:724"	"0"	"2"	"inline constexpr std::uint64_t 编码I64为U64_ZigZag(const I64 值) noexcept"	"转换：编码I64为U64_ZigZag"	"类别=转换;输入=有自定义类型;输出=I64;副作用=无明显副作用;领域=全局通用候选;约束=noexcept+constexpr+inline"	"专用类/对应头文件：全局通用候选"	"待复核"
"编码VecI64为VecIU64_ZigZag"	"基础数据类型.ixx:753"	"0"	"2"	"export inline VecIU64 编码VecI64为VecIU64_ZigZag(const VecI64& 值)"	"转换：编码VecI64为VecIU64_ZigZag"	"类别=转换;输入=有自定义类型;输出=I64;副作用=无明显副作用;领域=全局通用候选;约束=inline"	"专用类/对应头文件：全局通用候选"	"待复核"
"编码VecI64为VecIU64_ZigZag"	"基础数据类型.h:753"	"0"	"2"	"inline VecIU64 编码VecI64为VecIU64_ZigZag(const VecI64& 值)"	"转换：编码VecI64为VecIU64_ZigZag"	"类别=转换;输入=有自定义类型;输出=I64;副作用=无明显副作用;领域=全局通用候选;约束=inline"	"专用类/对应头文件：全局通用候选"	"待复核"
"标量值命中标量区间"	"基础信息主信息类.h:775"	"1"	"1"	"bool 标量值命中标量区间() const noexcept"	"比较：标量值命中标量区间"	"类别=比较;输入=无自定义类型;输出=bool;副作用=无明显副作用;领域=基础信息;约束=noexcept"	"全局共享函数类.ixx候选"	"待复核"
"采集一帧并提取轮廓"	"D455相机类.cpp:185"	"0"	"1"	"bool 采集一帧并提取轮廓(结构体_原始场景帧& 输出, std::vector<结构体_轮廓观测>& out轮廓) {"	"读取：采集一帧并提取轮廓"	"类别=读取;输入=有自定义类型;输出=bool;副作用=无明显副作用;领域=外设;约束=无显式约束"	"专用类/对应头文件：外设"	"待复核"
"参数值类型为I64_筹办"	"任务模块.筹办.ixx:5378"	"0"	"1"	"bool 参数值类型为I64_筹办(特征节点类* 形参节点) noexcept"	"未分类：参数值类型为I64_筹办"	"类别=未分类;输入=有自定义类型;输出=bool;副作用=无明显副作用;领域=特征;约束=noexcept"	"专用类/对应头文件：特征"	"待复核"
"查询_按函数名"	"本能动作管理类.ixx:683"	"1"	"1"	"std::optional<std::pair<枚举_本能动作ID, 结构体_本能动作登记信息>> 查询_按函数名(const std::string& 函数名称) const"	"查找：查询_按函数名"	"类别=查找;输入=有自定义类型;输出=文本;副作用=无明显副作用;领域=方法;约束=无显式约束"	"专用类/对应头文件：方法"	"待复核"
"查询函数名称"	"本能动作管理类.ixx:697"	"1"	"1"	"std::string 查询函数名称(枚举_本能动作ID 动作ID) const"	"查找：查询函数名称"	"类别=查找;输入=有自定义类型;输出=文本;副作用=无明显副作用;领域=方法;约束=无显式约束"	"专用类/对应头文件：方法"	"待复核"
"查找等价结果节点_条件结果对归并"	"自我动作实现模块.ixx:3735"	"1"	"1"	"inline 方法类::节点类* 查找等价结果节点_条件结果对归并("	"查找：查找等价结果节点_条件结果对归并"	"类别=查找;输入=有自定义类型;输出=指针/节点;副作用=无明显副作用;领域=方法;约束=inline"	"专用类/对应头文件：方法"	"待复核"
"查找复现结果节点_条件结果对归并"	"自我动作实现模块.ixx:3758"	"1"	"1"	"inline 方法类::节点类* 查找复现结果节点_条件结果对归并("	"查找：查找复现结果节点_条件结果对归并"	"类别=查找;输入=有自定义类型;输出=指针/节点;副作用=无明显副作用;领域=方法;约束=inline"	"专用类/对应头文件：方法"	"待复核"
"查找节点_当前链_已加锁"	"双向链表模板核心.h:411"	"0"	"1"	"节点类* 查找节点_当前链_已加锁("	"查找：查找节点_当前链_已加锁"	"类别=查找;输入=有自定义类型;输出=指针/节点;副作用=无明显副作用;领域=全局通用候选;约束=锁约束"	"专用类/对应头文件：全局通用候选"	"待复核"
"查找宿主实例特征_按抽象特征"	"自我动作实现模块.ixx:5929"	"1"	"1"	"inline 特征节点类* 查找宿主实例特征_按抽象特征("	"查找：查找宿主实例特征_按抽象特征"	"类别=查找;输入=有自定义类型;输出=指针/节点;副作用=无明显副作用;领域=特征;约束=inline"	"专用类/对应头文件：特征"	"待复核"
"查找直接子需求_按目标重叠_已加锁"	"需求类.h:900"	"0"	"1"	"static 节点类* 查找直接子需求_按目标重叠_已加锁("	"查找：查找直接子需求_按目标重叠_已加锁"	"类别=查找;输入=有自定义类型;输出=指针/节点;副作用=无明显副作用;领域=需求;约束=static+锁约束"	"专用类/对应头文件：需求"	"待复核"
"查找主键_当前链"	"双向链表模板核心.h:404"	"0"	"1"	"节点类* 查找主键_当前链(节点类* 当前节点, const std::string& 主键) const"	"查找：查找主键_当前链"	"类别=查找;输入=有自定义类型;输出=指针/节点;副作用=无明显副作用;领域=全局通用候选;约束=无显式约束"	"专用类/对应头文件：全局通用候选"	"待复核"
"查找主键_当前链_已加锁"	"双向链表模板核心.h:378"	"0"	"1"	"节点类* 查找主键_当前链_已加锁(节点类* 当前节点, const std::string& 主键) const"	"查找：查找主键_当前链_已加锁"	"类别=查找;输入=有自定义类型;输出=指针/节点;副作用=无明显副作用;领域=全局通用候选;约束=锁约束"	"专用类/对应头文件：全局通用候选"	"待复核"
"查找主键_已加锁"	"双向链表模板核心.h:360"	"0"	"1"	"节点类* 查找主键_已加锁(const std::string& 主键) const"	"查找：查找主键_已加锁"	"类别=查找;输入=有自定义类型;输出=指针/节点;副作用=无明显副作用;领域=全局通用候选;约束=锁约束"	"专用类/对应头文件：全局通用候选"	"待复核"
"查找子特征_筹办"	"任务模块.筹办.ixx:5263"	"0"	"1"	"特征节点类* 查找子特征_筹办("	"查找：查找子特征_筹办"	"类别=查找;输入=有自定义类型;输出=指针/节点;副作用=无明显副作用;领域=特征;约束=无显式约束"	"专用类/对应头文件：特征"	"待复核"
"场景等价_条件结果对归并"	"自我动作实现模块.ixx:3748"	"5"	"5"	"结果信息 && 场景等价_条件结果对归并(结果信息->结果场景.指针, 结果场景)) {"	"比较：场景等价_条件结果对归并"	"类别=比较;输入=有自定义类型;输出=指针/节点;副作用=无明显副作用;领域=场景;约束=无显式约束"	"专用类/对应头文件：场景"	"待复核"
"场景等价_条件结果对归并"	"自我动作实现模块.ixx:3499"	"5"	"5"	"条件信息 && 场景等价_条件结果对归并(条件信息->条件场景.指针, 条件场景)) {"	"比较：场景等价_条件结果对归并"	"类别=比较;输入=有自定义类型;输出=指针/节点;副作用=无明显副作用;领域=场景;约束=无显式约束"	"专用类/对应头文件：场景"	"待复核"
"场景等价_条件结果对归并"	"自我动作实现模块.ixx:3402"	"5"	"5"	"inline bool 场景等价_条件结果对归并("	"比较：场景等价_条件结果对归并"	"类别=比较;输入=有自定义类型;输出=bool;副作用=无明显副作用;领域=场景;约束=inline"	"专用类/对应头文件：场景"	"待复核"
"场景等价_条件结果对归并"	"自我动作实现.外设模块.ixx:8841"	"5"	"5"	"条件信息 && 场景等价_条件结果对归并(条件信息->条件场景.指针, 条件场景)) {"	"比较：场景等价_条件结果对归并"	"类别=比较;输入=有自定义类型;输出=指针/节点;副作用=无明显副作用;领域=外设;约束=无显式约束"	"专用类/对应头文件：外设"	"待复核"
"场景等价_条件结果对归并"	"自我动作实现.外设模块.ixx:8798"	"5"	"5"	"inline bool 场景等价_条件结果对归并("	"比较：场景等价_条件结果对归并"	"类别=比较;输入=有自定义类型;输出=bool;副作用=无明显副作用;领域=外设;约束=inline"	"专用类/对应头文件：外设"	"待复核"
"抽象节点可覆盖"	"自我动作实现模块.ixx:5575"	"1"	"1"	"inline 结构_类型匹配结果 抽象节点可覆盖("	"未分类：抽象节点可覆盖"	"类别=未分类;输入=有自定义类型;输出=指针/节点;副作用=无明显副作用;领域=自我;约束=inline"	"专用类/对应头文件：自我"	"待复核"
"初始化全链自环"	"双向链表模板核心.h:74"	"2"	"2"	"void 初始化全链自环()"	"构造：初始化全链自环"	"类别=构造;输入=无自定义类型;输出=void;副作用=可能写结构/缓存;领域=全局通用候选;约束=无显式约束"	"全局共享函数类.ixx候选"	"待复核"
"初始化同层自环"	"双向链表模板核心.h:66"	"2"	"2"	"void 初始化同层自环()"	"构造：初始化同层自环"	"类别=构造;输入=无自定义类型;输出=void;副作用=可能写结构/缓存;领域=全局通用候选;约束=无显式约束"	"全局共享函数类.ixx候选"	"待复核"
"初始化新节点_已加锁"	"双向链表模板核心.h:203"	"3"	"3"	"void 初始化新节点_已加锁(节点类* n)"	"构造：初始化新节点_已加锁"	"类别=构造;输入=有自定义类型;输出=void;副作用=可能写结构/缓存;领域=全局通用候选;约束=锁约束"	"专用类/对应头文件：全局通用候选"	"待复核"
"创建宿主实例特征_按抽象特征"	"自我动作实现模块.ixx:5939"	"1"	"1"	"inline 特征节点类* 创建宿主实例特征_按抽象特征("	"构造：创建宿主实例特征_按抽象特征"	"类别=构造;输入=有自定义类型;输出=指针/节点;副作用=可能写结构/缓存;领域=特征;约束=inline"	"专用类/对应头文件：特征"	"待复核"
"从回执复制指针到任务虚拟存在"	"自我动作实现模块.ixx:11154"	"1"	"1"	"inline bool 从回执复制指针到任务虚拟存在("	"未分类：从回执复制指针到任务虚拟存在"	"类别=未分类;输入=有自定义类型;输出=bool;副作用=无明显副作用;领域=存在;约束=inline"	"专用类/对应头文件：存在"	"待复核"
"从回执复制I64到任务虚拟存在"	"自我动作实现模块.ixx:11168"	"1"	"1"	"inline bool 从回执复制I64到任务虚拟存在("	"未分类：从回执复制I64到任务虚拟存在"	"类别=未分类;输入=有自定义类型;输出=bool;副作用=无明显副作用;领域=存在;约束=inline"	"专用类/对应头文件：存在"	"待复核"
"从目标宿主复制指针实参_筹办"	"任务模块.筹办.ixx:5598"	"1"	"1"	"bool 从目标宿主复制指针实参_筹办("	"未分类：从目标宿主复制指针实参_筹办"	"类别=未分类;输入=无自定义类型;输出=bool;副作用=无明显副作用;领域=任务;约束=无显式约束"	"原地保留/待复核"	"待复核"
"存在有效治理边"	"基础数据类型.h:1927"	"2"	"2"	"bool 存在有效治理边() const noexcept"	"校验：存在有效治理边"	"类别=校验;输入=有自定义类型;输出=bool;副作用=无明显副作用;领域=存在;约束=noexcept"	"专用类/对应头文件：存在"	"待复核"
"存在有效治理边"	"基础数据类型.ixx:1927"	"2"	"2"	"bool 存在有效治理边() const noexcept"	"校验：存在有效治理边"	"类别=校验;输入=有自定义类型;输出=bool;副作用=无明显副作用;领域=存在;约束=noexcept"	"专用类/对应头文件：存在"	"待复核"
"当前_纳秒"	"基础数据类型.h:616"	"2"	"2"	"static 时间戳 当前_纳秒() noexcept {"	"未分类：当前_纳秒"	"类别=未分类;输入=有自定义类型;输出=其他;副作用=无明显副作用;领域=全局通用候选;约束=noexcept+static"	"专用类/对应头文件：全局通用候选"	"待复核"
"当前_纳秒"	"基础数据类型.ixx:616"	"2"	"2"	"static 时间戳 当前_纳秒() noexcept {"	"未分类：当前_纳秒"	"类别=未分类;输入=有自定义类型;输出=其他;副作用=无明显副作用;领域=全局通用候选;约束=noexcept+static"	"专用类/对应头文件：全局通用候选"	"待复核"
"点云_at"	"基础数据类型.h:1290"	"2"	"2"	"[[nodiscard]] inline Vector3D 点云_at(int u, int v) const noexcept {"	"未分类：点云_at"	"类别=未分类;输入=无自定义类型;输出=其他;副作用=无明显副作用;领域=全局通用候选;约束=noexcept+inline"	"原地保留/待复核"	"待复核"
"点云_at"	"基础数据类型.ixx:1290"	"2"	"2"	"[[nodiscard]] inline Vector3D 点云_at(int u, int v) const noexcept {"	"未分类：点云_at"	"类别=未分类;输入=无自定义类型;输出=其他;副作用=无明显副作用;领域=全局通用候选;约束=noexcept+inline"	"原地保留/待复核"	"待复核"
"调试清空缓存"	"特征值类.h:33"	"1"	"1"	"void 调试清空缓存() noexcept {"	"未分类：调试清空缓存"	"类别=未分类;输入=无自定义类型;输出=void;副作用=无明显副作用;领域=特征值;约束=noexcept"	"原地保留/待复核"	"待复核"
"读取包抽象特征引用"	"自我动作实现模块.ixx:5765"	"1"	"1"	"inline 基础信息节点类* 读取包抽象特征引用("	"读取：读取包抽象特征引用"	"类别=读取;输入=有自定义类型;输出=指针/节点;副作用=无明显副作用;领域=基础信息;约束=inline"	"专用类/对应头文件：基础信息"	"待复核"
"读取差值约束区间集合"	"自我动作实现模块.ixx:5900"	"1"	"1"	"inline std::vector<I64区间> 读取差值约束区间集合("	"读取：读取差值约束区间集合"	"类别=读取;输入=有自定义类型;输出=I64;副作用=无明显副作用;领域=自我;约束=inline"	"专用类/对应头文件：自我"	"待复核"
"读取基础节点特征值"	"自我动作实现.外设模块.ixx:7989"	"2"	"2"	"inline bool 读取基础节点特征值("	"读取：读取基础节点特征值"	"类别=读取;输入=有自定义类型;输出=bool;副作用=无明显副作用;领域=外设;约束=inline"	"专用类/对应头文件：外设"	"待复核"
"读取基础节点特征值"	"自我动作实现模块.ixx:2717"	"2"	"2"	"inline bool 读取基础节点特征值("	"读取：读取基础节点特征值"	"类别=读取;输入=有自定义类型;输出=bool;副作用=无明显副作用;领域=特征值;约束=inline"	"专用类/对应头文件：特征值"	"待复核"
"读取基础节点指针_筹办"	"任务模块.筹办.ixx:5533"	"0"	"1"	"bool 读取基础节点指针_筹办("	"读取：读取基础节点指针_筹办"	"类别=读取;输入=无自定义类型;输出=bool;副作用=无明显副作用;领域=任务;约束=无显式约束"	"原地保留/待复核"	"待复核"
"读取基础节点I64_筹办"	"任务模块.筹办.ixx:5521"	"0"	"1"	"bool 读取基础节点I64_筹办("	"读取：读取基础节点I64_筹办"	"类别=读取;输入=有自定义类型;输出=bool;副作用=无明显副作用;领域=任务;约束=无显式约束"	"专用类/对应头文件：任务"	"待复核"
"读取任务层回执宿主"	"自我动作实现模块.ixx:11087"	"1"	"1"	"inline 基础信息节点类* 读取任务层回执宿主("	"读取：读取任务层回执宿主"	"类别=读取;输入=有自定义类型;输出=指针/节点;副作用=无明显副作用;领域=基础信息;约束=inline"	"专用类/对应头文件：基础信息"	"待复核"
"读取任务筹办输入任务"	"自我动作实现模块.ixx:11074"	"1"	"1"	"inline 任务类::节点类* 读取任务筹办输入任务("	"读取：读取任务筹办输入任务"	"类别=读取;输入=有自定义类型;输出=指针/节点;副作用=无明显副作用;领域=任务;约束=inline"	"专用类/对应头文件：任务"	"待复核"
"读取任务虚拟存在宿主"	"自我动作实现.服务模块.ixx:1390"	"0"	"1"	"inline 基础信息节点类* 读取任务虚拟存在宿主(任务类::节点类* 任务节点) noexcept"	"读取：读取任务虚拟存在宿主"	"类别=读取;输入=有自定义类型;输出=指针/节点;副作用=无明显副作用;领域=基础信息;约束=noexcept+inline"	"专用类/对应头文件：基础信息"	"待复核"
"读取实例特征I64"	"自我动作实现模块.ixx:5949"	"1"	"1"	"inline bool 读取实例特征I64(特征节点类* 实例特征, I64& 输出值) noexcept"	"读取：读取实例特征I64"	"类别=读取;输入=有自定义类型;输出=bool;副作用=无明显副作用;领域=特征;约束=noexcept+inline"	"专用类/对应头文件：特征"	"待复核"
"读取数据_已加锁"	"双向链表模板_序列化.inl:152"	"0"	"2"	"template<typename 主信息类型>"	"读取：读取数据_已加锁"	"类别=读取;输入=有自定义类型;输出=其他;副作用=无明显副作用;领域=全局通用候选;约束=template"	"原地保留/专项审计"	"待复核"
"读取条件项列表"	"自我动作实现模块.ixx:5022"	"1"	"1"	"inline std::vector<结构_条件项视图> 读取条件项列表(基础信息节点类* 条件包) noexcept"	"读取：读取条件项列表"	"类别=读取;输入=有自定义类型;输出=指针/节点;副作用=无明显副作用;领域=基础信息;约束=noexcept+inline"	"专用类/对应头文件：基础信息"	"待复核"
"读取I64或0"	"自我动作实现.外设模块.ixx:14461"	"0"	"1"	"inline I64 读取I64或0(基础信息节点类* 节点, const 语素入口节点类* 特征类型) noexcept"	"读取：读取I64或0"	"类别=读取;输入=有自定义类型;输出=I64;副作用=无明显副作用;领域=外设;约束=noexcept+inline"	"专用类/对应头文件：外设"	"待复核"
"队列深度"	"动作线程类.ixx:178"	"1"	"1"	"std::size_t 队列深度()"	"未分类：队列深度"	"类别=未分类;输入=无自定义类型;输出=其他;副作用=无明显副作用;领域=全局通用候选;约束=无显式约束"	"原地保留/待复核"	"待复核"
"分层_登记叶子_已加锁"	"特征值类.h:392"	"2"	"2"	"void 分层_登记叶子_已加锁(枚举_轮廓维度 dim, const std::vector<I64>& tokens, 节点类* leaf) {"	"未分类：分层_登记叶子_已加锁"	"类别=未分类;输入=有自定义类型;输出=void;副作用=无明显副作用;领域=特征值;约束=锁约束"	"专用类/对应头文件：特征值"	"待复核"
"复制包特征当前值"	"自我动作实现模块.ixx:5703"	"1"	"1"	"inline bool 复制包特征当前值("	"未分类：复制包特征当前值"	"类别=未分类;输入=有自定义类型;输出=bool;副作用=无明显副作用;领域=特征;约束=inline"	"专用类/对应头文件：特征"	"待复核"
"复制包指针"	"自我动作实现模块.ixx:5736"	"1"	"1"	"inline bool 复制包指针("	"未分类：复制包指针"	"类别=未分类;输入=无自定义类型;输出=bool;副作用=无明显副作用;领域=自我;约束=inline"	"原地保留/待复核"	"待复核"
"复制包I64"	"自我动作实现模块.ixx:5719"	"1"	"1"	"inline bool 复制包I64("	"未分类：复制包I64"	"类别=未分类;输入=有自定义类型;输出=bool;副作用=无明显副作用;领域=自我;约束=inline"	"专用类/对应头文件：自我"	"待复核"
"构造安全风险树场景影响前置缺口项_筹办查询"	"任务模块.筹办.ixx:2424"	"1"	"1"	"结构_临时因果路径项 构造安全风险树场景影响前置缺口项_筹办查询("	"查找：构造安全风险树场景影响前置缺口项_筹办查询"	"类别=查找;输入=有自定义类型;输出=其他;副作用=无明显副作用;领域=场景;约束=无显式约束"	"原地保留/专项审计"	"待复核"
"构造安全风险树搜索缺口项_筹办查询"	"任务模块.筹办.ixx:2375"	"1"	"1"	"结构_临时因果路径项 构造安全风险树搜索缺口项_筹办查询("	"查找：构造安全风险树搜索缺口项_筹办查询"	"类别=查找;输入=有自定义类型;输出=其他;副作用=无明显副作用;领域=任务;约束=无显式约束"	"原地保留/专项审计"	"待复核"
"关系目标特征类型参数"	"方法主信息类.h:214"	"0"	"1"	"const 语素入口节点类* 关系目标特征类型参数() const noexcept"	"未分类：关系目标特征类型参数"	"类别=未分类;输入=有自定义类型;输出=指针/节点;副作用=无明显副作用;领域=语素;约束=noexcept"	"专用类/对应头文件：语素"	"待复核"
"关系目标特征类型由参数决定"	"方法主信息类.h:208"	"0"	"1"	"bool 关系目标特征类型由参数决定() const noexcept"	"未分类：关系目标特征类型由参数决定"	"类别=未分类;输入=有自定义类型;输出=bool;副作用=无明显副作用;领域=特征;约束=noexcept"	"专用类/对应头文件：特征"	"待复核"
"合并需求主信息_已加锁"	"需求类.h:998"	"2"	"2"	"static void 合并需求主信息_已加锁("	"未分类：合并需求主信息_已加锁"	"类别=未分类;输入=有自定义类型;输出=void;副作用=无明显副作用;领域=需求;约束=static+锁约束"	"专用类/对应头文件：需求"	"待复核"
"回执_拼接诊断"	"本能动作类.ixx:146"	"1"	"1"	"static inline void 回执_拼接诊断(std::string& 输入输出, const std::string& 追加)"	"未分类：回执_拼接诊断"	"类别=未分类;输入=无自定义类型;输出=void;副作用=无明显副作用;领域=方法;约束=inline+static"	"原地保留/待复核"	"待复核"
"基础节点类型词"	"自我动作实现模块.ixx:4767"	"0"	"1"	"inline const 语素入口节点类* 基础节点类型词(const 基础信息节点类* 节点) noexcept"	"未分类：基础节点类型词"	"类别=未分类;输入=有自定义类型;输出=指针/节点;副作用=无明显副作用;领域=语素;约束=noexcept+inline"	"专用类/对应头文件：语素"	"待复核"
"基础节点是已确认观察存在"	"自我动作实现.外设模块.ixx:13982"	"0"	"1"	"inline bool 基础节点是已确认观察存在(基础信息节点类* 节点) noexcept"	"未分类：基础节点是已确认观察存在"	"类别=未分类;输入=有自定义类型;输出=bool;副作用=无明显副作用;领域=外设;约束=noexcept+inline"	"专用类/对应头文件：外设"	"待复核"
"基础节点属于当前世界树"	"自我动作实现.外设模块.ixx:12073"	"0"	"1"	"inline bool 基础节点属于当前世界树(const 基础信息节点类* 节点) noexcept"	"未分类：基础节点属于当前世界树"	"类别=未分类;输入=有自定义类型;输出=bool;副作用=无明显副作用;领域=外设;约束=noexcept+inline"	"专用类/对应头文件：外设"	"待复核"
"计算风险安全第二层投影候选"	"自我动作实现.外设模块.ixx:515"	"1"	"1"	"inline I64 计算风险安全第二层投影候选(I64 风险安全层候选) noexcept"	"未分类：计算风险安全第二层投影候选"	"类别=未分类;输入=有自定义类型;输出=I64;副作用=无明显副作用;领域=外设;约束=noexcept+inline"	"专用类/对应头文件：外设"	"待复核"
"计算枚举布尔目标完成度评分"	"自我动作实现.服务模块.ixx:2908"	"1"	"1"	"inline I64 计算枚举布尔目标完成度评分("	"未分类：计算枚举布尔目标完成度评分"	"类别=未分类;输入=有自定义类型;输出=I64;副作用=无明显副作用;领域=自我;约束=inline"	"专用类/对应头文件：自我"	"待复核"
"计算数值目标完成度评分"	"自我动作实现.服务模块.ixx:2888"	"1"	"1"	"inline I64 计算数值目标完成度评分(I64 服务前值, I64 服务后值, I64 目标值) noexcept"	"未分类：计算数值目标完成度评分"	"类别=未分类;输入=有自定义类型;输出=I64;副作用=无明显副作用;领域=自我;约束=noexcept+inline"	"专用类/对应头文件：自我"	"待复核"
"计算子需求平分权重"	"需求类.h:448"	"2"	"2"	"static 结构_子需求平分权重 计算子需求平分权重("	"未分类：计算子需求平分权重"	"类别=未分类;输入=有自定义类型;输出=其他;副作用=无明显副作用;领域=需求;约束=static"	"专用类/对应头文件：需求"	"待复核"
"计算子需求平分权重"	"需求类.h:462"	"2"	"2"	"static 结构_子需求平分权重 计算子需求平分权重(const 节点类* 父需求) noexcept"	"未分类：计算子需求平分权重"	"类别=未分类;输入=有自定义类型;输出=指针/节点;副作用=无明显副作用;领域=需求;约束=noexcept+static"	"专用类/对应头文件：需求"	"待复核"
"结算叶子任务价值前提具备_筹办"	"任务模块.筹办.ixx:3442"	"0"	"1"	"bool 结算叶子任务价值前提具备_筹办(const 任务节点* 任务头) noexcept"	"未分类：结算叶子任务价值前提具备_筹办"	"类别=未分类;输入=有自定义类型;输出=bool;副作用=无明显副作用;领域=任务;约束=noexcept"	"专用类/对应头文件：任务"	"待复核"
"解码U64为I64_ZigZag"	"基础数据类型.h:732"	"0"	"2"	"inline constexpr I64 解码U64为I64_ZigZag(const std::uint64_t 值) noexcept"	"转换：解码U64为I64_ZigZag"	"类别=转换;输入=有自定义类型;输出=I64;副作用=无明显副作用;领域=全局通用候选;约束=noexcept+constexpr+inline"	"专用类/对应头文件：全局通用候选"	"待复核"
"解码U64为I64_ZigZag"	"基础数据类型.ixx:732"	"0"	"2"	"export inline constexpr I64 解码U64为I64_ZigZag(const std::uint64_t 值) noexcept"	"转换：解码U64为I64_ZigZag"	"类别=转换;输入=有自定义类型;输出=I64;副作用=无明显副作用;领域=全局通用候选;约束=noexcept+constexpr+inline"	"专用类/对应头文件：全局通用候选"	"待复核"
"解码VecIU64为VecI64_ZigZag"	"基础数据类型.h:764"	"0"	"2"	"inline VecI64 解码VecIU64为VecI64_ZigZag(const VecIU64& 值)"	"转换：解码VecIU64为VecI64_ZigZag"	"类别=转换;输入=有自定义类型;输出=I64;副作用=无明显副作用;领域=全局通用候选;约束=inline"	"专用类/对应头文件：全局通用候选"	"待复核"
"解码VecIU64为VecI64_ZigZag"	"基础数据类型.ixx:764"	"0"	"2"	"export inline VecI64 解码VecIU64为VecI64_ZigZag(const VecIU64& 值)"	"转换：解码VecIU64为VecI64_ZigZag"	"类别=转换;输入=有自定义类型;输出=I64;副作用=无明显副作用;领域=全局通用候选;约束=inline"	"专用类/对应头文件：全局通用候选"	"待复核"
"解析查找限制包"	"自我动作实现模块.ixx:5975"	"1"	"1"	"inline bool 解析查找限制包(基础信息节点类* 限制包, 结构_查找限制& 输出限制) noexcept"	"查找：解析查找限制包"	"类别=查找;输入=有自定义类型;输出=bool;副作用=无明显副作用;领域=基础信息;约束=noexcept+inline"	"专用类/对应头文件：基础信息"	"待复核"
"可绑定基础信息类型"	"语素主信息类.h:458"	"1"	"1"	"bool 可绑定基础信息类型(枚举_主信息类型 类型) const noexcept {"	"未分类：可绑定基础信息类型"	"类别=未分类;输入=有自定义类型;输出=bool;副作用=无明显副作用;领域=语素;约束=noexcept"	"专用类/对应头文件：语素"	"待复核"
"类型_参数配对结果存在"	"自我动作实现模块.ixx:1351"	"2"	"2"	"inline const 语素入口节点类* 类型_参数配对结果存在() noexcept"	"未分类：类型_参数配对结果存在"	"类别=未分类;输入=有自定义类型;输出=指针/节点;副作用=无明显副作用;领域=语素;约束=noexcept+inline"	"专用类/对应头文件：语素"	"待复核"
"类型_参数配对结果存在"	"自我动作实现.外设模块.ixx:1858"	"2"	"2"	"inline const 语素入口节点类* 类型_参数配对结果存在() noexcept"	"未分类：类型_参数配对结果存在"	"类别=未分类;输入=有自定义类型;输出=指针/节点;副作用=无明显副作用;领域=外设;约束=noexcept+inline"	"专用类/对应头文件：外设"	"待复核"
"类型_内部世界子存在确认方案"	"自我动作实现.外设模块.ixx:7100"	"0"	"1"	"inline const 语素入口节点类* 类型_内部世界子存在确认方案() noexcept"	"未分类：类型_内部世界子存在确认方案"	"类别=未分类;输入=有自定义类型;输出=指针/节点;副作用=无明显副作用;领域=外设;约束=noexcept+inline"	"专用类/对应头文件：外设"	"待复核"
"类型_需求_确定特征当前值"	"自我动作实现模块.ixx:2569"	"2"	"2"	"inline const 语素入口节点类* 类型_需求_确定特征当前值() noexcept"	"未分类：类型_需求_确定特征当前值"	"类别=未分类;输入=有自定义类型;输出=指针/节点;副作用=无明显副作用;领域=语素;约束=noexcept+inline"	"专用类/对应头文件：语素"	"待复核"
"类型_需求_确定特征当前值"	"自我动作实现.外设模块.ixx:7408"	"2"	"2"	"inline const 语素入口节点类* 类型_需求_确定特征当前值() noexcept"	"未分类：类型_需求_确定特征当前值"	"类别=未分类;输入=有自定义类型;输出=指针/节点;副作用=无明显副作用;领域=外设;约束=noexcept+inline"	"专用类/对应头文件：外设"	"待复核"
"类型_需求_确定执行差值或目标值"	"自我动作实现模块.ixx:2576"	"2"	"2"	"inline const 语素入口节点类* 类型_需求_确定执行差值或目标值() noexcept"	"未分类：类型_需求_确定执行差值或目标值"	"类别=未分类;输入=有自定义类型;输出=指针/节点;副作用=无明显副作用;领域=语素;约束=noexcept+inline"	"专用类/对应头文件：语素"	"待复核"
"类型_需求_确定执行差值或目标值"	"自我动作实现.外设模块.ixx:7415"	"2"	"2"	"inline const 语素入口节点类* 类型_需求_确定执行差值或目标值() noexcept"	"未分类：类型_需求_确定执行差值或目标值"	"类别=未分类;输入=有自定义类型;输出=指针/节点;副作用=无明显副作用;领域=外设;约束=noexcept+inline"	"专用类/对应头文件：外设"	"待复核"
"类型_需求_实例化特征"	"自我动作实现模块.ixx:2562"	"2"	"2"	"inline const 语素入口节点类* 类型_需求_实例化特征() noexcept"	"未分类：类型_需求_实例化特征"	"类别=未分类;输入=有自定义类型;输出=指针/节点;副作用=无明显副作用;领域=语素;约束=noexcept+inline"	"专用类/对应头文件：语素"	"待复核"
"类型_需求_实例化特征"	"自我动作实现.外设模块.ixx:7401"	"2"	"2"	"inline const 语素入口节点类* 类型_需求_实例化特征() noexcept"	"未分类：类型_需求_实例化特征"	"类别=未分类;输入=有自定义类型;输出=指针/节点;副作用=无明显副作用;领域=外设;约束=noexcept+inline"	"专用类/对应头文件：外设"	"待复核"
"类型_需求_修复实例特征写入能力"	"自我动作实现.外设模块.ixx:7429"	"2"	"2"	"inline const 语素入口节点类* 类型_需求_修复实例特征写入能力() noexcept"	"写入：类型_需求_修复实例特征写入能力"	"类别=写入;输入=有自定义类型;输出=指针/节点;副作用=可能写结构/缓存;领域=外设;约束=noexcept+inline"	"专用类/对应头文件：外设"	"待复核"
"类型_需求_修复实例特征写入能力"	"自我动作实现模块.ixx:2590"	"2"	"2"	"inline const 语素入口节点类* 类型_需求_修复实例特征写入能力() noexcept"	"写入：类型_需求_修复实例特征写入能力"	"类别=写入;输入=有自定义类型;输出=指针/节点;副作用=可能写结构/缓存;领域=语素;约束=noexcept+inline"	"专用类/对应头文件：语素"	"待复核"
"类型_需求_重新配对参数或调整目标值"	"自我动作实现.外设模块.ixx:7422"	"2"	"2"	"inline const 语素入口节点类* 类型_需求_重新配对参数或调整目标值() noexcept"	"未分类：类型_需求_重新配对参数或调整目标值"	"类别=未分类;输入=有自定义类型;输出=指针/节点;副作用=无明显副作用;领域=外设;约束=noexcept+inline"	"专用类/对应头文件：外设"	"待复核"
"类型_需求_重新配对参数或调整目标值"	"自我动作实现模块.ixx:2583"	"2"	"2"	"inline const 语素入口节点类* 类型_需求_重新配对参数或调整目标值() noexcept"	"未分类：类型_需求_重新配对参数或调整目标值"	"类别=未分类;输入=有自定义类型;输出=指针/节点;副作用=无明显副作用;领域=语素;约束=noexcept+inline"	"专用类/对应头文件：语素"	"待复核"
"类型_子任务服务摘要"	"自我动作实现.服务模块.ixx:693"	"1"	"1"	"inline const 语素入口节点类* 类型_子任务服务摘要() noexcept"	"未分类：类型_子任务服务摘要"	"类别=未分类;输入=有自定义类型;输出=指针/节点;副作用=无明显副作用;领域=语素;约束=noexcept+inline"	"专用类/对应头文件：语素"	"待复核"
"枚举子节点_只读"	"本能动作类.ixx:82"	"0"	"1"	"inline std::vector<const 基础信息节点类*> 枚举子节点_只读(const 基础信息节点类* 父节点)"	"未分类：枚举子节点_只读"	"类别=未分类;输入=有自定义类型;输出=指针/节点;副作用=无明显副作用;领域=基础信息;约束=inline"	"专用类/对应头文件：基础信息"	"待复核"
"命中差值约束"	"自我动作实现模块.ixx:5916"	"1"	"1"	"inline bool 命中差值约束("	"比较：命中差值约束"	"类别=比较;输入=无自定义类型;输出=bool;副作用=无明显副作用;领域=自我;约束=inline"	"全局共享函数类.ixx候选"	"待复核"
"期望元素数"	"基础数据类型.ixx:1372"	"2"	"2"	"inline std::size_t 期望元素数() const { return (std::size_t)w * (std::size_t)h * (std::size_t)c; }"	"未分类：期望元素数"	"类别=未分类;输入=无自定义类型;输出=指针/节点;副作用=无明显副作用;领域=全局通用候选;约束=inline"	"原地保留/待复核"	"待复核"
"期望元素数"	"基础数据类型.h:1372"	"2"	"2"	"inline std::size_t 期望元素数() const { return (std::size_t)w * (std::size_t)h * (std::size_t)c; }"	"未分类：期望元素数"	"类别=未分类;输入=无自定义类型;输出=指针/节点;副作用=无明显副作用;领域=全局通用候选;约束=inline"	"原地保留/待复核"	"待复核"
"期望字节数"	"基础数据类型.ixx:1354"	"2"	"2"	"inline std::size_t 期望字节数() const {"	"未分类：期望字节数"	"类别=未分类;输入=无自定义类型;输出=其他;副作用=无明显副作用;领域=全局通用候选;约束=inline"	"原地保留/待复核"	"待复核"
"期望字节数"	"基础数据类型.h:1354"	"2"	"2"	"inline std::size_t 期望字节数() const {"	"未分类：期望字节数"	"类别=未分类;输入=无自定义类型;输出=其他;副作用=无明显副作用;领域=全局通用候选;约束=inline"	"原地保留/待复核"	"待复核"
"清空差值结果"	"基础信息主信息类.h:765"	"1"	"1"	"void 清空差值结果() noexcept"	"未分类：清空差值结果"	"类别=未分类;输入=无自定义类型;输出=void;副作用=无明显副作用;领域=基础信息;约束=noexcept"	"原地保留/待复核"	"待复核"
"清理大缓冲"	"基础数据类型.ixx:1479"	"2"	"2"	"inline void 清理大缓冲() {"	"清理：清理大缓冲"	"类别=清理;输入=无自定义类型;输出=void;副作用=可能写结构/缓存;领域=全局通用候选;约束=inline"	"全局共享函数类.ixx候选"	"待复核"
"清理大缓冲"	"基础数据类型.h:1479"	"2"	"2"	"inline void 清理大缓冲() {"	"清理：清理大缓冲"	"类别=清理;输入=无自定义类型;输出=void;副作用=可能写结构/缓存;领域=全局通用候选;约束=inline"	"全局共享函数类.ixx候选"	"待复核"
"取或创建安全因果风险树因素节点_筹办查询"	"任务模块.筹办.ixx:2299"	"1"	"1"	"存在节点类* 取或创建安全因果风险树因素节点_筹办查询("	"查找：取或创建安全因果风险树因素节点_筹办查询"	"类别=查找;输入=有自定义类型;输出=指针/节点;副作用=可能写结构/缓存;领域=存在;约束=无显式约束"	"专用类/对应头文件：存在"	"待复核"
"取可写值域"	"基础信息主信息类.h:367"	"1"	"1"	"特征值域* 取可写值域() noexcept"	"读取：取可写值域"	"类别=读取;输入=有自定义类型;输出=指针/节点;副作用=无明显副作用;领域=基础信息;约束=noexcept"	"专用类/对应头文件：基础信息"	"待复核"
"取能力结果包"	"方法主信息类.h:448"	"1"	"1"	"const 结构_方法结果包* 取能力结果包() const noexcept {"	"读取：取能力结果包"	"类别=读取;输入=有自定义类型;输出=指针/节点;副作用=无明显副作用;领域=方法;约束=noexcept"	"专用类/对应头文件：方法"	"待复核"
"确认承接需求创建任务规格"	"自我动作实现模块.ixx:8233"	"1"	"1"	"inline bool 确认承接需求创建任务规格("	"构造：确认承接需求创建任务规格"	"类别=构造;输入=有自定义类型;输出=bool;副作用=可能写结构/缓存;领域=需求;约束=inline"	"专用类/对应头文件：需求"	"待复核"
"确认登记任务发起意图规格"	"自我动作实现模块.ixx:8218"	"1"	"1"	"inline bool 确认登记任务发起意图规格("	"未分类：确认登记任务发起意图规格"	"类别=未分类;输入=有自定义类型;输出=bool;副作用=无明显副作用;领域=任务;约束=inline"	"专用类/对应头文件：任务"	"待复核"
"确认挂起任务等待子需求规格"	"自我动作实现模块.ixx:8170"	"1"	"1"	"inline bool 确认挂起任务等待子需求规格("	"未分类：确认挂起任务等待子需求规格"	"类别=未分类;输入=有自定义类型;输出=bool;副作用=无明显副作用;领域=需求;约束=inline"	"专用类/对应头文件：需求"	"待复核"
"确认归并子结果到父任务筹办规格"	"自我动作实现模块.ixx:9011"	"1"	"1"	"inline bool 确认归并子结果到父任务筹办规格("	"未分类：确认归并子结果到父任务筹办规格"	"类别=未分类;输入=有自定义类型;输出=bool;副作用=无明显副作用;领域=任务;约束=inline"	"专用类/对应头文件：任务"	"待复核"
"确认唤醒任务重筹办规格"	"自我动作实现模块.ixx:8186"	"1"	"1"	"inline bool 确认唤醒任务重筹办规格("	"未分类：确认唤醒任务重筹办规格"	"类别=未分类;输入=有自定义类型;输出=bool;副作用=无明显副作用;领域=任务;约束=inline"	"专用类/对应头文件：任务"	"待复核"
"确认检查父任务是否可重筹办规格"	"自我动作实现模块.ixx:9026"	"1"	"1"	"inline bool 确认检查父任务是否可重筹办规格("	"未分类：确认检查父任务是否可重筹办规格"	"类别=未分类;输入=有自定义类型;输出=bool;副作用=无明显副作用;领域=任务;约束=inline"	"专用类/对应头文件：任务"	"待复核"
"确认派生需求入树规格"	"自我动作实现模块.ixx:8201"	"1"	"1"	"inline bool 确认派生需求入树规格("	"未分类：确认派生需求入树规格"	"类别=未分类;输入=有自定义类型;输出=bool;副作用=无明显副作用;领域=需求;约束=inline"	"专用类/对应头文件：需求"	"待复核"
"删除节点_已加锁"	"需求类.h:1116"	"0"	"6"	"bool 删除节点_已加锁(节点类* 节点) noexcept"	"清理：删除节点_已加锁"	"类别=清理;输入=有自定义类型;输出=bool;副作用=可能写结构/缓存;领域=需求;约束=noexcept+锁约束"	"专用类/对应头文件：需求"	"待复核"
"删除节点_已加锁"	"双向链表模板核心.h:506"	"0"	"6"	"void 删除节点_已加锁(节点类* 被删除节点)"	"清理：删除节点_已加锁"	"类别=清理;输入=有自定义类型;输出=void;副作用=可能写结构/缓存;领域=全局通用候选;约束=锁约束"	"专用类/对应头文件：全局通用候选"	"待复核"
"删除链表_已加锁"	"双向链表模板核心.h:575"	"0"	"3"	"void 删除链表_已加锁()"	"清理：删除链表_已加锁"	"类别=清理;输入=无自定义类型;输出=void;副作用=可能写结构/缓存;领域=全局通用候选;约束=锁约束"	"全局共享函数类.ixx候选"	"待复核"
"删除子链_已加锁"	"双向链表模板核心.h:548"	"0"	"3"	"void 删除子链_已加锁(节点类* 父节点)"	"清理：删除子链_已加锁"	"类别=清理;输入=有自定义类型;输出=void;副作用=可能写结构/缓存;领域=全局通用候选;约束=锁约束"	"专用类/对应头文件：全局通用候选"	"待复核"
"设置当前值"	"基础信息主信息类.h:453"	"1"	"1"	"void 设置当前值(const 特征值& v) { 当前值 = v; }"	"未分类：设置当前值"	"类别=未分类;输入=有自定义类型;输出=void;副作用=无明显副作用;领域=基础信息;约束=无显式约束"	"专用类/对应头文件：基础信息"	"待复核"
"设置队列上限"	"动作线程类.ixx:153"	"1"	"1"	"void 设置队列上限(std::size_t 上限) noexcept"	"未分类：设置队列上限"	"类别=未分类;输入=无自定义类型;输出=void;副作用=无明显副作用;领域=全局通用候选;约束=noexcept"	"原地保留/待复核"	"待复核"
"深度有效_at"	"基础数据类型.h:1280"	"2"	"2"	"[[nodiscard]] inline bool 深度有效_at(int u, int v) const noexcept {"	"校验：深度有效_at"	"类别=校验;输入=无自定义类型;输出=bool;副作用=无明显副作用;领域=全局通用候选;约束=noexcept+inline"	"全局共享函数类.ixx候选"	"待复核"
"深度有效_at"	"基础数据类型.ixx:1280"	"2"	"2"	"[[nodiscard]] inline bool 深度有效_at(int u, int v) const noexcept {"	"校验：深度有效_at"	"类别=校验;输入=无自定义类型;输出=bool;副作用=无明显副作用;领域=全局通用候选;约束=noexcept+inline"	"全局共享函数类.ixx候选"	"待复核"
"深拷贝树_独立"	"双向链表模板_深拷贝.inl:3"	"0"	"2"	"template<typename 主信息类型>"	"未分类：深拷贝树_独立"	"类别=未分类;输入=有自定义类型;输出=其他;副作用=无明显副作用;领域=全局通用候选;约束=template"	"原地保留/专项审计"	"待复核"
"深拷贝树_已加锁"	"双向链表模板_深拷贝.inl:20"	"0"	"2"	"template<typename 主信息类型>"	"未分类：深拷贝树_已加锁"	"类别=未分类;输入=有自定义类型;输出=其他;副作用=无明显副作用;领域=全局通用候选;约束=template"	"原地保留/专项审计"	"待复核"
"生成链键_存在"	"度量模板注册表类.ixx:133"	"0"	"1"	"[[nodiscard]] std::string 生成链键_存在(枚举_模板族 模板族) const"	"未分类：生成链键_存在"	"类别=未分类;输入=有自定义类型;输出=文本;副作用=无明显副作用;领域=存在;约束=无显式约束"	"专用类/对应头文件：存在"	"待复核"
"生成链键_特征"	"度量模板注册表类.ixx:140"	"0"	"1"	"[[nodiscard]] std::string 生成链键_特征(枚举_模板族 模板族, std::string_view 特征类型主键) const"	"未分类：生成链键_特征"	"类别=未分类;输入=有自定义类型;输出=文本;副作用=无明显副作用;领域=特征;约束=无显式约束"	"专用类/对应头文件：特征"	"待复核"
"声明运行参数"	"自我动作实现.外设模块.ixx:9046"	"2"	"2"	"inline bool 声明运行参数("	"未分类：声明运行参数"	"类别=未分类;输入=无自定义类型;输出=bool;副作用=无明显副作用;领域=外设;约束=inline"	"原地保留/待复核"	"待复核"
"声明运行参数"	"自我动作实现模块.ixx:4121"	"2"	"2"	"inline bool 声明运行参数("	"未分类：声明运行参数"	"类别=未分类;输入=无自定义类型;输出=bool;副作用=无明显副作用;领域=自我;约束=inline"	"原地保留/待复核"	"待复核"
"时间差_微秒_有符号"	"基础数据类型.ixx:634"	"0"	"2"	"static std::int64_t 时间差_微秒_有符号(时间戳 t0, 时间戳 t1) noexcept {"	"未分类：时间差_微秒_有符号"	"类别=未分类;输入=有自定义类型;输出=其他;副作用=无明显副作用;领域=全局通用候选;约束=noexcept+static"	"专用类/对应头文件：全局通用候选"	"待复核"
"时间差_微秒_有符号"	"基础数据类型.h:634"	"0"	"2"	"static std::int64_t 时间差_微秒_有符号(时间戳 t0, 时间戳 t1) noexcept {"	"未分类：时间差_微秒_有符号"	"类别=未分类;输入=有自定义类型;输出=其他;副作用=无明显副作用;领域=全局通用候选;约束=noexcept+static"	"专用类/对应头文件：全局通用候选"	"待复核"
"实际结果场景复现既有结果_条件结果对归并"	"自我动作实现模块.ixx:3771"	"2"	"2"	"结果信息"	"未分类：实际结果场景复现既有结果_条件结果对归并"	"类别=未分类;输入=无自定义类型;输出=其他;副作用=无明显副作用;领域=场景;约束=无显式约束"	"原地保留/待复核"	"待复核"
"实际结果场景复现既有结果_条件结果对归并"	"自我动作实现模块.ixx:3475"	"2"	"2"	"inline bool 实际结果场景复现既有结果_条件结果对归并("	"未分类：实际结果场景复现既有结果_条件结果对归并"	"类别=未分类;输入=有自定义类型;输出=bool;副作用=无明显副作用;领域=场景;约束=inline"	"专用类/对应头文件：场景"	"待复核"
"是否内部世界"	"基础信息主信息类.h:536"	"1"	"1"	"bool 是否内部世界() const noexcept { return 宿主存在.有效(); }"	"未分类：是否内部世界"	"类别=未分类;输入=有自定义类型;输出=bool;副作用=无明显副作用;领域=基础信息;约束=noexcept"	"专用类/对应头文件：基础信息"	"待复核"
"是否同层孤立"	"双向链表模板核心.h:63"	"1"	"1"	"bool 是否同层孤立() const { return 上 == this && 下 == this; }"	"未分类：是否同层孤立"	"类别=未分类;输入=无自定义类型;输出=bool;副作用=无明显副作用;领域=全局通用候选;约束=无显式约束"	"原地保留/待复核"	"待复核"
"是否现实世界"	"基础信息主信息类.h:539"	"1"	"1"	"bool 是否现实世界() const noexcept { return 世界类型 == 枚举_世界类型::现实世界; }"	"未分类：是否现实世界"	"类别=未分类;输入=有自定义类型;输出=bool;副作用=无明显副作用;领域=基础信息;约束=noexcept"	"专用类/对应头文件：基础信息"	"待复核"
"是否叶子"	"双向链表模板核心.h:60"	"1"	"1"	"bool 是否叶子() const { return 子 == nullptr; }"	"未分类：是否叶子"	"类别=未分类;输入=无自定义类型;输出=bool;副作用=无明显副作用;领域=全局通用候选;约束=无显式约束"	"原地保留/待复核"	"待复核"
"是仅结果特征需求位"	"方法主信息类.h:459"	"1"	"1"	"bool 是仅结果特征需求位() const noexcept {"	"未分类：是仅结果特征需求位"	"类别=未分类;输入=有自定义类型;输出=bool;副作用=无明显副作用;领域=特征;约束=noexcept"	"专用类/对应头文件：特征"	"待复核"
"是有效治理边"	"基础数据类型.ixx:1891"	"4"	"4"	"bool 是有效治理边() const noexcept"	"校验：是有效治理边"	"类别=校验;输入=无自定义类型;输出=bool;副作用=无明显副作用;领域=全局通用候选;约束=noexcept"	"全局共享函数类.ixx候选"	"待复核"
"是有效治理边"	"基础数据类型.ixx:1857"	"4"	"4"	"bool 是有效治理边() const noexcept"	"校验：是有效治理边"	"类别=校验;输入=无自定义类型;输出=bool;副作用=无明显副作用;领域=全局通用候选;约束=noexcept"	"全局共享函数类.ixx候选"	"待复核"
"是有效治理边"	"基础数据类型.h:1857"	"4"	"4"	"bool 是有效治理边() const noexcept"	"校验：是有效治理边"	"类别=校验;输入=无自定义类型;输出=bool;副作用=无明显副作用;领域=全局通用候选;约束=noexcept"	"全局共享函数类.ixx候选"	"待复核"
"是有效治理边"	"基础数据类型.h:1891"	"4"	"4"	"bool 是有效治理边() const noexcept"	"校验：是有效治理边"	"类别=校验;输入=无自定义类型;输出=bool;副作用=无明显副作用;领域=全局通用候选;约束=noexcept"	"全局共享函数类.ixx候选"	"待复核"
"释放双目相机适配器"	"自我动作实现.外设模块.ixx:12289"	"0"	"1"	"inline 结构_双目相机调用结果 释放双目相机适配器() noexcept"	"清理：释放双目相机适配器"	"类别=清理;输入=有自定义类型;输出=其他;副作用=可能写结构/缓存;领域=外设;约束=noexcept+inline"	"专用类/对应头文件：外设"	"待复核"
"收集直接子需求目标视图_已加锁"	"需求类.h:930"	"0"	"1"	"static std::vector<结构_需求目标视图项> 收集直接子需求目标视图_已加锁("	"未分类：收集直接子需求目标视图_已加锁"	"类别=未分类;输入=有自定义类型;输出=其他;副作用=无明显副作用;领域=需求;约束=static+锁约束"	"专用类/对应头文件：需求"	"待复核"
"刷新需求结构角色"	"需求类.h:518"	"2"	"2"	"static void 刷新需求结构角色(节点类* 需求) noexcept"	"未分类：刷新需求结构角色"	"类别=未分类;输入=有自定义类型;输出=void;副作用=无明显副作用;领域=需求;约束=noexcept+static"	"专用类/对应头文件：需求"	"待复核"
"刷新子需求权重_已加锁"	"需求类.h:1270"	"0"	"4"	"std::size_t 刷新子需求权重_已加锁(节点类* 父需求) noexcept"	"未分类：刷新子需求权重_已加锁"	"类别=未分类;输入=有自定义类型;输出=指针/节点;副作用=无明显副作用;领域=需求;约束=noexcept+锁约束"	"专用类/对应头文件：需求"	"待复核"
"私有_安全词_自检"	"自检线程模块.impl.cpp:533"	"0"	"1"	"std::string 私有_安全词_自检(const 语素入口节点类* 词) noexcept"	"未分类：私有_安全词_自检"	"类别=未分类;输入=有自定义类型;输出=指针/节点;副作用=无明显副作用;领域=语素;约束=noexcept"	"专用类/对应头文件：语素"	"待复核"
"私有_按需求创建任务头_任务管理提交链"	"自我线程模块.impl.cpp:9033"	"1"	"1"	"任务节点* 私有_按需求创建任务头_任务管理提交链("	"写入：私有_按需求创建任务头_任务管理提交链"	"类别=写入;输入=有自定义类型;输出=指针/节点;副作用=可能写结构/缓存;领域=需求;约束=无显式约束"	"专用类/对应头文件：需求"	"待复核"
"私有_按需求创建任务头_任务管理新链"	"自我线程模块.impl.cpp:8289"	"1"	"1"	"任务节点* 私有_按需求创建任务头_任务管理新链("	"构造：私有_按需求创建任务头_任务管理新链"	"类别=构造;输入=有自定义类型;输出=指针/节点;副作用=可能写结构/缓存;领域=需求;约束=无显式约束"	"专用类/对应头文件：需求"	"待复核"
"私有_包含片段_忽略大小写"	"二次特征类.cpp:212"	"0"	"1"	"bool 私有_包含片段_忽略大小写(const std::string& 文本, const char* 片段)"	"未分类：私有_包含片段_忽略大小写"	"类别=未分类;输入=无自定义类型;输出=bool;副作用=无明显副作用;领域=特征;约束=无显式约束"	"原地保留/待复核"	"待复核"
"私有_抽象特征名词_自我类"	"自我类.cpp:149"	"0"	"1"	"const 语素入口节点类* 私有_抽象特征名词_自我类(const char* 文本)"	"未分类：私有_抽象特征名词_自我类"	"类别=未分类;输入=有自定义类型;输出=指针/节点;副作用=无明显副作用;领域=语素;约束=无显式约束"	"专用类/对应头文件：语素"	"待复核"
"私有_从任务筹办运行存在构造结果"	"任务模块.管理工作线程.ixx:485"	"1"	"1"	"任务模块::筹办::结构_任务筹办结果 私有_从任务筹办运行存在构造结果("	"构造：私有_从任务筹办运行存在构造结果"	"类别=构造;输入=有自定义类型;输出=其他;副作用=无明显副作用;领域=存在;约束=无显式约束"	"原地保留/专项审计"	"待复核"
"私有_从任务推进回执推导任务阶段"	"任务模块.管理工作线程.ixx:930"	"1"	"1"	"枚举_任务阶段 私有_从任务推进回执推导任务阶段("	"未分类：私有_从任务推进回执推导任务阶段"	"类别=未分类;输入=有自定义类型;输出=其他;副作用=无明显副作用;领域=任务;约束=无显式约束"	"专用类/对应头文件：任务"	"待复核"
"私有_从任务执行运行存在构造回执"	"任务模块.管理工作线程.ixx:549"	"1"	"1"	"任务模块::筹办::结构_任务推进回执 私有_从任务执行运行存在构造回执("	"构造：私有_从任务执行运行存在构造回执"	"类别=构造;输入=有自定义类型;输出=其他;副作用=无明显副作用;领域=存在;约束=无显式约束"	"原地保留/专项审计"	"待复核"
"私有_从任务执行运行存在构造结果"	"任务模块.管理工作线程.ixx:630"	"1"	"1"	"结构_执行任务结果 私有_从任务执行运行存在构造结果("	"构造：私有_从任务执行运行存在构造结果"	"类别=构造;输入=有自定义类型;输出=其他;副作用=无明显副作用;领域=存在;约束=无显式约束"	"原地保留/专项审计"	"待复核"
"私有_弹出完成队列项_按工作项"	"任务模块.管理界面线程.impl.cpp:6478"	"0"	"1"	"bool 私有_弹出完成队列项_按工作项("	"未分类：私有_弹出完成队列项_按工作项"	"类别=未分类;输入=无自定义类型;输出=bool;副作用=无明显副作用;领域=任务;约束=无显式约束"	"原地保留/待复核"	"待复核"
"私有_递归释放_独立"	"双向链表模板_深拷贝.inl:112"	"4"	"4"	"template<typename 主信息类型>"	"清理：私有_递归释放_独立"	"类别=清理;输入=有自定义类型;输出=其他;副作用=可能写结构/缓存;领域=全局通用候选;约束=template"	"原地保留/专项审计"	"待复核"
"私有_读取场景复现I64_保留默认"	"控制面板类.cpp:1455"	"0"	"1"	"bool 私有_读取场景复现I64_保留默认("	"读取：私有_读取场景复现I64_保留默认"	"类别=读取;输入=有自定义类型;输出=bool;副作用=无明显副作用;领域=控制面板;约束=无显式约束"	"专用类/对应头文件：控制面板"	"待复核"
"私有_读取任务可执行输入参数场景_执行桥_最小_v0"	"任务模块.执行.ixx:90"	"0"	"1"	"inline 场景节点类* 私有_读取任务可执行输入参数场景_执行桥_最小_v0("	"读取：私有_读取任务可执行输入参数场景_执行桥_最小_v0"	"类别=读取;输入=有自定义类型;输出=指针/节点;副作用=无明显副作用;领域=场景;约束=inline"	"专用类/对应头文件：场景"	"待复核"
"私有_二次特征比较结果编码"	"方法类.cpp:583"	"0"	"1"	"std::int32_t 私有_二次特征比较结果编码(const 二次特征主信息类* 主信息) noexcept"	"比较：私有_二次特征比较结果编码"	"类别=比较;输入=有自定义类型;输出=指针/节点;副作用=无明显副作用;领域=特征;约束=noexcept"	"专用类/对应头文件：特征"	"待复核"
"私有_二次特征比较语义相同"	"方法类.cpp:620"	"0"	"1"	"bool 私有_二次特征比较语义相同("	"比较：私有_二次特征比较语义相同"	"类别=比较;输入=有自定义类型;输出=bool;副作用=无明显副作用;领域=特征;约束=无显式约束"	"专用类/对应头文件：特征"	"待复核"
"私有_解析特征引用_因果"	"因果类.cpp:286"	"0"	"1"	"static 特征节点类* 私有_解析特征引用_因果(基础信息类* 基础信息, const 可解析引用<特征节点类>& 引用) noexcept"	"读取：私有_解析特征引用_因果"	"类别=读取;输入=有自定义类型;输出=指针/节点;副作用=无明显副作用;领域=基础信息;约束=noexcept+static"	"专用类/对应头文件：基础信息"	"待复核"
"私有_轻引用相同"	"特征类.cpp:65"	"1"	"1"	"bool 私有_轻引用相同(const 基础信息节点类* 节点, const 结构_基础信息轻引用& 引用)"	"比较：私有_轻引用相同"	"类别=比较;输入=有自定义类型;输出=bool;副作用=无明显副作用;领域=基础信息;约束=无显式约束"	"专用类/对应头文件：基础信息"	"待复核"
"私有_确保概念特征槽集合"	"世界树类.cpp:161"	"0"	"1"	"bool 私有_确保概念特征槽集合("	"未分类：私有_确保概念特征槽集合"	"类别=未分类;输入=有自定义类型;输出=bool;副作用=无明显副作用;领域=特征;约束=无显式约束"	"专用类/对应头文件：特征"	"待复核"
"私有_确保缓存_已加锁"	"特征值类.h:204"	"10"	"10"	"void 私有_确保缓存_已加锁() const {"	"未分类：私有_确保缓存_已加锁"	"类别=未分类;输入=无自定义类型;输出=void;副作用=无明显副作用;领域=特征值;约束=锁约束"	"原地保留/待复核"	"待复核"
"私有_任务独立树根_任务管理新链"	"自我线程模块.impl.cpp:5212"	"1"	"1"	"任务节点* 私有_任务独立树根_任务管理新链(任务节点* 节点) noexcept"	"未分类：私有_任务独立树根_任务管理新链"	"类别=未分类;输入=有自定义类型;输出=指针/节点;副作用=无明显副作用;领域=任务;约束=noexcept"	"专用类/对应头文件：任务"	"待复核"
"私有_任务管理参数任务或自身"	"自我类.初始化.cpp:189"	"1"	"1"	"任务节点* 私有_任务管理参数任务或自身(任务节点* 任务) noexcept"	"未分类：私有_任务管理参数任务或自身"	"类别=未分类;输入=有自定义类型;输出=指针/节点;副作用=无明显副作用;领域=任务;约束=noexcept"	"专用类/对应头文件：任务"	"待复核"
"私有_任务虚拟存在指针特征主键文本"	"鱼巢.cpp:1843"	"0"	"1"	"std::string 私有_任务虚拟存在指针特征主键文本("	"未分类：私有_任务虚拟存在指针特征主键文本"	"类别=未分类;输入=有自定义类型;输出=指针/节点;副作用=无明显副作用;领域=存在;约束=无显式约束"	"专用类/对应头文件：存在"	"待复核"
"私有_任务追踪特征_输出结果场景"	"鱼巢.cpp:1790"	"1"	"1"	"const 语素入口节点类* 私有_任务追踪特征_输出结果场景() noexcept"	"日志/错误：私有_任务追踪特征_输出结果场景"	"类别=日志/错误;输入=有自定义类型;输出=指针/节点;副作用=日志/错误输出;领域=语素;约束=noexcept"	"专用类/对应头文件：语素"	"待复核"
"私有_设置同层环头"	"双向链表模板核心.h:210"	"3"	"3"	"static void 私有_设置同层环头(节点类* 头)"	"未分类：私有_设置同层环头"	"类别=未分类;输入=有自定义类型;输出=void;副作用=无明显副作用;领域=全局通用候选;约束=static"	"专用类/对应头文件：全局通用候选"	"待复核"
"私有_时间段文本"	"控制面板类.cpp:576"	"0"	"1"	"std::string 私有_时间段文本(const 结构_时间段& 时间段)"	"未分类：私有_时间段文本"	"类别=未分类;输入=有自定义类型;输出=文本;副作用=无明显副作用;领域=控制面板;约束=无显式约束"	"专用类/对应头文件：控制面板"	"待复核"
"私有_时间文本"	"控制面板类.cpp:473"	"0"	"1"	"std::string 私有_时间文本(const 时间戳 时间)"	"未分类：私有_时间文本"	"类别=未分类;输入=有自定义类型;输出=文本;副作用=无明显副作用;领域=控制面板;约束=无显式约束"	"专用类/对应头文件：控制面板"	"待复核"
"私有_刷新需求列表并确保需求相关任务_任务管理提交链"	"自我线程模块.impl.cpp:9045"	"1"	"1"	"void 私有_刷新需求列表并确保需求相关任务_任务管理提交链("	"写入：私有_刷新需求列表并确保需求相关任务_任务管理提交链"	"类别=写入;输入=有自定义类型;输出=void;副作用=可能写结构/缓存;领域=需求;约束=无显式约束"	"专用类/对应头文件：需求"	"待复核"
"私有_特征_任务当前步骤"	"自我类.初始化.cpp:800"	"2"	"2"	"const 语素入口节点类* 私有_特征_任务当前步骤() noexcept"	"未分类：私有_特征_任务当前步骤"	"类别=未分类;输入=有自定义类型;输出=指针/节点;副作用=无明显副作用;领域=语素;约束=noexcept"	"专用类/对应头文件：语素"	"待复核"
"私有_特征_任务当前步骤"	"自我类.初始化.cpp:1038"	"2"	"2"	"(void)任务类::记录任务虚拟存在特征("	"未分类：私有_特征_任务当前步骤"	"类别=未分类;输入=有自定义类型;输出=void;副作用=无明显副作用;领域=存在;约束=无显式约束"	"专用类/对应头文件：存在"	"待复核"
"私有_特征_任务当前阶段"	"自我类.初始化.cpp:848"	"2"	"2"	"const 语素入口节点类* 私有_特征_任务当前阶段() noexcept"	"未分类：私有_特征_任务当前阶段"	"类别=未分类;输入=有自定义类型;输出=指针/节点;副作用=无明显副作用;领域=语素;约束=noexcept"	"专用类/对应头文件：语素"	"待复核"
"私有_特征_任务当前阶段"	"自我类.初始化.cpp:1007"	"2"	"2"	"(void)任务类::记录任务虚拟存在特征("	"未分类：私有_特征_任务当前阶段"	"类别=未分类;输入=有自定义类型;输出=void;副作用=无明显副作用;领域=存在;约束=无显式约束"	"专用类/对应头文件：存在"	"待复核"
"私有_特征_任务缺口类型"	"自我类.初始化.cpp:895"	"3"	"3"	"(void)任务类::记录任务虚拟存在特征("	"未分类：私有_特征_任务缺口类型"	"类别=未分类;输入=有自定义类型;输出=void;副作用=无明显副作用;领域=存在;约束=无显式约束"	"专用类/对应头文件：存在"	"待复核"
"私有_特征_任务缺口类型"	"自我类.初始化.cpp:1015"	"3"	"3"	"(void)任务类::记录任务虚拟存在特征("	"未分类：私有_特征_任务缺口类型"	"类别=未分类;输入=有自定义类型;输出=void;副作用=无明显副作用;领域=存在;约束=无显式约束"	"专用类/对应头文件：存在"	"待复核"
"私有_特征_任务缺口类型"	"自我类.初始化.cpp:862"	"3"	"3"	"const 语素入口节点类* 私有_特征_任务缺口类型() noexcept"	"未分类：私有_特征_任务缺口类型"	"类别=未分类;输入=有自定义类型;输出=指针/节点;副作用=无明显副作用;领域=语素;约束=noexcept"	"专用类/对应头文件：语素"	"待复核"
"私有_特征_任务信息节点"	"任务模块.管理工作线程.ixx:267"	"1"	"1"	"const 语素入口节点类* 私有_特征_任务信息节点() noexcept { return 私有_任务语义特征词(""任务信息节点""); }"	"未分类：私有_特征_任务信息节点"	"类别=未分类;输入=有自定义类型;输出=指针/节点;副作用=无明显副作用;领域=语素;约束=noexcept"	"专用类/对应头文件：语素"	"待复核"
"私有_特征_任务选中自我能力值"	"自我类.初始化.cpp:905"	"3"	"3"	"(void)任务类::记录任务虚拟存在特征("	"未分类：私有_特征_任务选中自我能力值"	"类别=未分类;输入=有自定义类型;输出=void;副作用=无明显副作用;领域=存在;约束=无显式约束"	"专用类/对应头文件：存在"	"待复核"
"私有_特征_任务选中自我能力值"	"自我类.初始化.cpp:855"	"3"	"3"	"const 语素入口节点类* 私有_特征_任务选中自我能力值() noexcept"	"未分类：私有_特征_任务选中自我能力值"	"类别=未分类;输入=有自定义类型;输出=指针/节点;副作用=无明显副作用;领域=语素;约束=noexcept"	"专用类/对应头文件：语素"	"待复核"
"私有_特征_任务选中自我能力值"	"自我类.初始化.cpp:1027"	"3"	"3"	"(void)任务类::记录任务虚拟存在特征("	"未分类：私有_特征_任务选中自我能力值"	"类别=未分类;输入=有自定义类型;输出=void;副作用=无明显副作用;领域=存在;约束=无显式约束"	"专用类/对应头文件：存在"	"待复核"
"私有_特征_输入条件包"	"任务模块.管理工作线程.ixx:264"	"1"	"1"	"const 语素入口节点类* 私有_特征_输入条件包() noexcept { return 私有_任务语义特征词(""输入条件包""); }"	"未分类：私有_特征_输入条件包"	"类别=未分类;输入=有自定义类型;输出=指针/节点;副作用=无明显副作用;领域=语素;约束=noexcept"	"专用类/对应头文件：语素"	"待复核"
"私有_特征_条件结果对命中次数_自检"	"自检线程模块.impl.cpp:85"	"0"	"1"	"const 语素入口节点类* 私有_特征_条件结果对命中次数_自检() noexcept"	"比较：私有_特征_条件结果对命中次数_自检"	"类别=比较;输入=有自定义类型;输出=指针/节点;副作用=无明显副作用;领域=语素;约束=noexcept"	"专用类/对应头文件：语素"	"待复核"
"私有_特征_条件结果对数量_自检"	"自检线程模块.impl.cpp:77"	"0"	"1"	"const 语素入口节点类* 私有_特征_条件结果对数量_自检() noexcept"	"统计：私有_特征_条件结果对数量_自检"	"类别=统计;输入=有自定义类型;输出=指针/节点;副作用=无明显副作用;领域=语素;约束=noexcept"	"专用类/对应头文件：语素"	"待复核"
"私有_特征值类型文本"	"控制面板类.cpp:633"	"1"	"1"	"const char* 私有_特征值类型文本(const 特征值& 值) noexcept"	"未分类：私有_特征值类型文本"	"类别=未分类;输入=有自定义类型;输出=指针/节点;副作用=无明显副作用;领域=控制面板;约束=noexcept"	"专用类/对应头文件：控制面板"	"待复核"
"私有_同步任务执行结果到虚拟存在"	"自我类.初始化.cpp:944"	"1"	"1"	"void 私有_同步任务执行结果到虚拟存在("	"未分类：私有_同步任务执行结果到虚拟存在"	"类别=未分类;输入=有自定义类型;输出=void;副作用=可能写结构/缓存;领域=存在;约束=无显式约束"	"专用类/对应头文件：存在"	"待复核"
"私有_消费任务调度队列_按请求"	"任务模块.管理界面线程.impl.cpp:6623"	"0"	"1"	"void 私有_消费任务调度队列_按请求("	"未分类：私有_消费任务调度队列_按请求"	"类别=未分类;输入=有自定义类型;输出=void;副作用=无明显副作用;领域=任务;约束=无显式约束"	"专用类/对应头文件：任务"	"待复核"
"私有_写基础节点指针特征"	"任务模块.管理工作线程.ixx:385"	"1"	"1"	"bool 私有_写基础节点指针特征("	"未分类：私有_写基础节点指针特征"	"类别=未分类;输入=有自定义类型;输出=bool;副作用=无明显副作用;领域=特征;约束=无显式约束"	"专用类/对应头文件：特征"	"待复核"
"私有_写基础节点I64特征"	"任务模块.管理工作线程.ixx:396"	"1"	"1"	"bool 私有_写基础节点I64特征("	"未分类：私有_写基础节点I64特征"	"类别=未分类;输入=有自定义类型;输出=bool;副作用=无明显副作用;领域=特征;约束=无显式约束"	"专用类/对应头文件：特征"	"待复核"
"私有_写入任务阶段与缺口"	"自我类.初始化.cpp:879"	"1"	"1"	"void 私有_写入任务阶段与缺口("	"写入：私有_写入任务阶段与缺口"	"类别=写入;输入=有自定义类型;输出=void;副作用=可能写结构/缓存;领域=任务;约束=无显式约束"	"专用类/对应头文件：任务"	"待复核"
"私有_需求标题_核心"	"控制面板类.cpp:4131"	"0"	"1"	"std::string 私有_需求标题_核心(const 需求节点* 节点)"	"未分类：私有_需求标题_核心"	"类别=未分类;输入=有自定义类型;输出=指针/节点;副作用=无明显副作用;领域=控制面板;约束=无显式约束"	"专用类/对应头文件：控制面板"	"待复核"
"私有_需求结构标题_核心"	"控制面板类.cpp:4220"	"0"	"1"	"std::string 私有_需求结构标题_核心(const 需求节点* 节点)"	"未分类：私有_需求结构标题_核心"	"类别=未分类;输入=有自定义类型;输出=指针/节点;副作用=无明显副作用;领域=控制面板;约束=无显式约束"	"专用类/对应头文件：控制面板"	"待复核"
"私有_引用指向需求_自检"	"自检线程模块.impl.cpp:144"	"0"	"1"	"bool 私有_引用指向需求_自检("	"未分类：私有_引用指向需求_自检"	"类别=未分类;输入=有自定义类型;输出=bool;副作用=无明显副作用;领域=需求;约束=无显式约束"	"专用类/对应头文件：需求"	"待复核"
"私有_执行输出派生目标等于来源需求目标"	"任务模块.管理工作线程.ixx:2165"	"1"	"1"	"bool 私有_执行输出派生目标等于来源需求目标("	"日志/错误：私有_执行输出派生目标等于来源需求目标"	"类别=日志/错误;输入=有自定义类型;输出=bool;副作用=日志/错误输出;领域=需求;约束=无显式约束"	"专用类/对应头文件：需求"	"待复核"
"私有_执行输出特征_派生需求_执行桥_最小_v0"	"任务模块.执行.ixx:747"	"0"	"1"	"inline const 语素入口节点类* 私有_执行输出特征_派生需求_执行桥_最小_v0() noexcept"	"日志/错误：私有_执行输出特征_派生需求_执行桥_最小_v0"	"类别=日志/错误;输入=有自定义类型;输出=指针/节点;副作用=日志/错误输出;领域=语素;约束=noexcept+inline"	"专用类/对应头文件：语素"	"待复核"
"私有_值_执行缺口_可执行输入参数场景缺失"	"任务模块.管理工作线程.ixx:357"	"1"	"1"	"const 语素入口节点类* 私有_值_执行缺口_可执行输入参数场景缺失() noexcept { return 私有_任务语义状态词(""执行缺口_可执行输入参数场景缺失""); }"	"未分类：私有_值_执行缺口_可执行输入参数场景缺失"	"类别=未分类;输入=有自定义类型;输出=指针/节点;副作用=无明显副作用;领域=语素;约束=noexcept"	"专用类/对应头文件：语素"	"待复核"
"私有_自检候选原子目标完整_本地"	"自检线程模块.impl.cpp:1262"	"0"	"1"	"bool 私有_自检候选原子目标完整_本地("	"未分类：私有_自检候选原子目标完整_本地"	"类别=未分类;输入=无自定义类型;输出=bool;副作用=无明显副作用;领域=全局通用候选;约束=无显式约束"	"原地保留/待复核"	"待复核"
"特征_安全结算增量_筹办"	"任务模块.筹办.ixx:4550"	"0"	"1"	"const 语素入口节点类* 特征_安全结算增量_筹办() noexcept"	"未分类：特征_安全结算增量_筹办"	"类别=未分类;输入=有自定义类型;输出=指针/节点;副作用=无明显副作用;领域=语素;约束=noexcept"	"专用类/对应头文件：语素"	"待复核"
"特征_安全因果层级_筹办"	"任务模块.筹办.ixx:4431"	"0"	"1"	"const 语素入口节点类* 特征_安全因果层级_筹办() noexcept"	"未分类：特征_安全因果层级_筹办"	"类别=未分类;输入=有自定义类型;输出=指针/节点;副作用=无明显副作用;领域=语素;约束=noexcept"	"专用类/对应头文件：语素"	"待复核"
"特征_安全因果层级_风险树筹办查询"	"任务模块.筹办.ixx:2061"	"0"	"1"	"const 语素入口节点类* 特征_安全因果层级_风险树筹办查询() noexcept"	"查找：特征_安全因果层级_风险树筹办查询"	"类别=查找;输入=有自定义类型;输出=指针/节点;副作用=无明显副作用;领域=语素;约束=noexcept"	"专用类/对应头文件：语素"	"待复核"
"特征_安全因果因素材料缺失数量_筹办"	"任务模块.筹办.ixx:4508"	"0"	"1"	"const 语素入口节点类* 特征_安全因果因素材料缺失数量_筹办() noexcept"	"统计：特征_安全因果因素材料缺失数量_筹办"	"类别=统计;输入=有自定义类型;输出=指针/节点;副作用=无明显副作用;领域=语素;约束=noexcept"	"专用类/对应头文件：语素"	"待复核"
"特征_安全因果因素冲突数量_筹办"	"任务模块.筹办.ixx:4515"	"0"	"1"	"const 语素入口节点类* 特征_安全因果因素冲突数量_筹办() noexcept"	"统计：特征_安全因果因素冲突数量_筹办"	"类别=统计;输入=有自定义类型;输出=指针/节点;副作用=无明显副作用;领域=语素;约束=noexcept"	"专用类/对应头文件：语素"	"待复核"
"特征_安全因果因素负向证据数量_筹办"	"任务模块.筹办.ixx:4480"	"0"	"1"	"const 语素入口节点类* 特征_安全因果因素负向证据数量_筹办() noexcept"	"统计：特征_安全因果因素负向证据数量_筹办"	"类别=统计;输入=有自定义类型;输出=指针/节点;副作用=无明显副作用;领域=语素;约束=noexcept"	"专用类/对应头文件：语素"	"待复核"
"特征_安全因果因素归因证据数量_筹办"	"任务模块.筹办.ixx:4501"	"0"	"1"	"const 语素入口节点类* 特征_安全因果因素归因证据数量_筹办() noexcept"	"统计：特征_安全因果因素归因证据数量_筹办"	"类别=统计;输入=有自定义类型;输出=指针/节点;副作用=无明显副作用;领域=语素;约束=noexcept"	"专用类/对应头文件：语素"	"待复核"
"特征_安全因果因素评估值候选_筹办"	"任务模块.筹办.ixx:4529"	"0"	"1"	"const 语素入口节点类* 特征_安全因果因素评估值候选_筹办() noexcept"	"未分类：特征_安全因果因素评估值候选_筹办"	"类别=未分类;输入=有自定义类型;输出=指针/节点;副作用=无明显副作用;领域=语素;约束=noexcept"	"专用类/对应头文件：语素"	"待复核"
"特征_安全因果因素搜索置信度_筹办"	"任务模块.筹办.ixx:4522"	"0"	"1"	"const 语素入口节点类* 特征_安全因果因素搜索置信度_筹办() noexcept"	"查找：特征_安全因果因素搜索置信度_筹办"	"类别=查找;输入=有自定义类型;输出=指针/节点;副作用=无明显副作用;领域=语素;约束=noexcept"	"专用类/对应头文件：语素"	"待复核"
"特征_安全因果因素稳定性证据数量_筹办"	"任务模块.筹办.ixx:4494"	"0"	"1"	"const 语素入口节点类* 特征_安全因果因素稳定性证据数量_筹办() noexcept"	"统计：特征_安全因果因素稳定性证据数量_筹办"	"类别=统计;输入=有自定义类型;输出=指针/节点;副作用=无明显副作用;领域=语素;约束=noexcept"	"专用类/对应头文件：语素"	"待复核"
"特征_安全因果因素正向证据数量_筹办"	"任务模块.筹办.ixx:4487"	"0"	"1"	"const 语素入口节点类* 特征_安全因果因素正向证据数量_筹办() noexcept"	"统计：特征_安全因果因素正向证据数量_筹办"	"类别=统计;输入=有自定义类型;输出=指针/节点;副作用=无明显副作用;领域=语素;约束=noexcept"	"专用类/对应头文件：语素"	"待复核"
"特征_安全因果因素ID_筹办"	"任务模块.筹办.ixx:4445"	"0"	"1"	"const 语素入口节点类* 特征_安全因果因素ID_筹办() noexcept"	"未分类：特征_安全因果因素ID_筹办"	"类别=未分类;输入=有自定义类型;输出=指针/节点;副作用=无明显副作用;领域=语素;约束=noexcept"	"专用类/对应头文件：语素"	"待复核"
"特征_安全因果因素ID_风险树筹办查询"	"任务模块.筹办.ixx:2075"	"0"	"1"	"const 语素入口节点类* 特征_安全因果因素ID_风险树筹办查询() noexcept"	"查找：特征_安全因果因素ID_风险树筹办查询"	"类别=查找;输入=有自定义类型;输出=指针/节点;副作用=无明显副作用;领域=语素;约束=noexcept"	"专用类/对应头文件：语素"	"待复核"
"特征_安全因果证据方向_筹办"	"任务模块.筹办.ixx:4452"	"0"	"1"	"const 语素入口节点类* 特征_安全因果证据方向_筹办() noexcept"	"未分类：特征_安全因果证据方向_筹办"	"类别=未分类;输入=有自定义类型;输出=指针/节点;副作用=无明显副作用;领域=语素;约束=noexcept"	"专用类/对应头文件：语素"	"待复核"
"特征_安全因果证据方向_风险树筹办查询"	"任务模块.筹办.ixx:2082"	"0"	"1"	"const 语素入口节点类* 特征_安全因果证据方向_风险树筹办查询() noexcept"	"查找：特征_安全因果证据方向_风险树筹办查询"	"类别=查找;输入=有自定义类型;输出=指针/节点;副作用=无明显副作用;领域=语素;约束=noexcept"	"专用类/对应头文件：语素"	"待复核"
"特征_安全值_筹办"	"任务模块.筹办.ixx:3396"	"0"	"1"	"const 语素入口节点类* 特征_安全值_筹办() noexcept"	"未分类：特征_安全值_筹办"	"类别=未分类;输入=有自定义类型;输出=指针/节点;副作用=无明显副作用;领域=语素;约束=noexcept"	"专用类/对应头文件：语素"	"待复核"
"特征_必需子任务数"	"自我动作实现.服务模块.ixx:733"	"1"	"1"	"inline const 语素入口节点类* 特征_必需子任务数() noexcept"	"未分类：特征_必需子任务数"	"类别=未分类;输入=有自定义类型;输出=指针/节点;副作用=无明显副作用;领域=语素;约束=noexcept+inline"	"专用类/对应头文件：语素"	"待复核"
"特征_彩图轮廓数量"	"自我动作实现.外设模块.ixx:3153"	"0"	"1"	"inline const 语素入口节点类* 特征_彩图轮廓数量() noexcept"	"统计：特征_彩图轮廓数量"	"类别=统计;输入=有自定义类型;输出=指针/节点;副作用=无明显副作用;领域=外设;约束=noexcept+inline"	"专用类/对应头文件：外设"	"待复核"
"特征_参数配对结果"	"自我动作实现模块.ixx:1344"	"2"	"2"	"inline const 语素入口节点类* 特征_参数配对结果() noexcept"	"未分类：特征_参数配对结果"	"类别=未分类;输入=有自定义类型;输出=指针/节点;副作用=无明显副作用;领域=语素;约束=noexcept+inline"	"专用类/对应头文件：语素"	"待复核"
"特征_参数配对结果"	"自我动作实现.外设模块.ixx:1851"	"2"	"2"	"inline const 语素入口节点类* 特征_参数配对结果() noexcept"	"未分类：特征_参数配对结果"	"类别=未分类;输入=有自定义类型;输出=指针/节点;副作用=无明显副作用;领域=外设;约束=noexcept+inline"	"专用类/对应头文件：外设"	"待复核"
"特征_参数配对情况"	"自我动作实现.外设模块.ixx:1865"	"2"	"2"	"inline const 语素入口节点类* 特征_参数配对情况() noexcept"	"未分类：特征_参数配对情况"	"类别=未分类;输入=有自定义类型;输出=指针/节点;副作用=无明显副作用;领域=外设;约束=noexcept+inline"	"专用类/对应头文件：外设"	"待复核"
"特征_参数配对情况"	"自我动作实现模块.ixx:1358"	"2"	"2"	"inline const 语素入口节点类* 特征_参数配对情况() noexcept"	"未分类：特征_参数配对情况"	"类别=未分类;输入=有自定义类型;输出=指针/节点;副作用=无明显副作用;领域=语素;约束=noexcept+inline"	"专用类/对应头文件：语素"	"待复核"
"特征_参数值类型_筹办"	"任务模块.筹办.ixx:4634"	"0"	"1"	"const 语素入口节点类* 特征_参数值类型_筹办() noexcept"	"未分类：特征_参数值类型_筹办"	"类别=未分类;输入=有自定义类型;输出=指针/节点;副作用=无明显副作用;领域=语素;约束=noexcept"	"专用类/对应头文件：语素"	"待复核"
"特征_查找限制包"	"自我动作实现模块.ixx:1183"	"2"	"2"	"inline const 语素入口节点类* 特征_查找限制包() noexcept"	"查找：特征_查找限制包"	"类别=查找;输入=有自定义类型;输出=指针/节点;副作用=无明显副作用;领域=语素;约束=noexcept+inline"	"专用类/对应头文件：语素"	"待复核"
"特征_查找限制包"	"自我动作实现.外设模块.ixx:1690"	"2"	"2"	"inline const 语素入口节点类* 特征_查找限制包() noexcept"	"查找：特征_查找限制包"	"类别=查找;输入=有自定义类型;输出=指针/节点;副作用=无明显副作用;领域=外设;约束=noexcept+inline"	"专用类/对应头文件：外设"	"待复核"
"特征_成功匹配数量"	"自我动作实现模块.ixx:1505"	"2"	"2"	"inline const 语素入口节点类* 特征_成功匹配数量() noexcept"	"比较：特征_成功匹配数量"	"类别=比较;输入=有自定义类型;输出=指针/节点;副作用=无明显副作用;领域=语素;约束=noexcept+inline"	"专用类/对应头文件：语素"	"待复核"
"特征_成功匹配数量"	"自我动作实现.外设模块.ixx:2012"	"2"	"2"	"inline const 语素入口节点类* 特征_成功匹配数量() noexcept"	"比较：特征_成功匹配数量"	"类别=比较;输入=有自定义类型;输出=指针/节点;副作用=无明显副作用;领域=外设;约束=noexcept+inline"	"专用类/对应头文件：外设"	"待复核"
"特征_筹办_补观察需求建议"	"任务模块.筹办.ixx:302"	"1"	"1"	"const 语素入口节点类* 特征_筹办_补观察需求建议() noexcept"	"未分类：特征_筹办_补观察需求建议"	"类别=未分类;输入=有自定义类型;输出=指针/节点;副作用=无明显副作用;领域=语素;约束=noexcept"	"专用类/对应头文件：语素"	"待复核"
"特征_待配对形参表"	"自我动作实现模块.ixx:1491"	"2"	"2"	"inline const 语素入口节点类* 特征_待配对形参表() noexcept"	"未分类：特征_待配对形参表"	"类别=未分类;输入=有自定义类型;输出=指针/节点;副作用=无明显副作用;领域=语素;约束=noexcept+inline"	"专用类/对应头文件：语素"	"待复核"
"特征_待配对形参表"	"自我动作实现.外设模块.ixx:1998"	"2"	"2"	"inline const 语素入口节点类* 特征_待配对形参表() noexcept"	"未分类：特征_待配对形参表"	"类别=未分类;输入=有自定义类型;输出=指针/节点;副作用=无明显副作用;领域=外设;约束=noexcept+inline"	"专用类/对应头文件：外设"	"待复核"
"特征_待确认子任务数"	"自我动作实现.服务模块.ixx:749"	"1"	"1"	"inline const 语素入口节点类* 特征_待确认子任务数() noexcept"	"未分类：特征_待确认子任务数"	"类别=未分类;输入=有自定义类型;输出=指针/节点;副作用=无明显副作用;领域=语素;约束=noexcept+inline"	"专用类/对应头文件：语素"	"待复核"
"特征_当前观察帧采集时间"	"自我动作实现.外设模块.ixx:2642"	"0"	"1"	"inline const 语素入口节点类* 特征_当前观察帧采集时间() noexcept"	"未分类：特征_当前观察帧采集时间"	"类别=未分类;输入=有自定义类型;输出=指针/节点;副作用=无明显副作用;领域=外设;约束=noexcept+inline"	"专用类/对应头文件：外设"	"待复核"
"特征_当前观察帧存在"	"自我动作实现.外设模块.ixx:2432"	"0"	"1"	"inline const 语素入口节点类* 特征_当前观察帧存在() noexcept"	"未分类：特征_当前观察帧存在"	"类别=未分类;输入=有自定义类型;输出=指针/节点;副作用=无明显副作用;领域=外设;约束=noexcept+inline"	"专用类/对应头文件：外设"	"待复核"
"特征_当前观察帧观察年龄"	"自我动作实现.外设模块.ixx:2649"	"0"	"1"	"inline const 语素入口节点类* 特征_当前观察帧观察年龄() noexcept"	"未分类：特征_当前观察帧观察年龄"	"类别=未分类;输入=有自定义类型;输出=指针/节点;副作用=无明显副作用;领域=外设;约束=noexcept+inline"	"专用类/对应头文件：外设"	"待复核"
"特征_当前命中抽象特征"	"自我动作实现模块.ixx:1841"	"2"	"2"	"inline const 语素入口节点类* 特征_当前命中抽象特征() noexcept"	"比较：特征_当前命中抽象特征"	"类别=比较;输入=有自定义类型;输出=指针/节点;副作用=无明显副作用;领域=语素;约束=noexcept+inline"	"专用类/对应头文件：语素"	"待复核"
"特征_当前命中抽象特征"	"自我动作实现.外设模块.ixx:5589"	"2"	"2"	"inline const 语素入口节点类* 特征_当前命中抽象特征() noexcept"	"比较：特征_当前命中抽象特征"	"类别=比较;输入=有自定义类型;输出=指针/节点;副作用=无明显副作用;领域=外设;约束=noexcept+inline"	"专用类/对应头文件：外设"	"待复核"
"特征_当前值"	"自我动作实现.外设模块.ixx:1099"	"2"	"2"	"inline const 语素入口节点类* 特征_当前值() noexcept"	"未分类：特征_当前值"	"类别=未分类;输入=有自定义类型;输出=指针/节点;副作用=无明显副作用;领域=外设;约束=noexcept+inline"	"专用类/对应头文件：外设"	"待复核"
"特征_当前值"	"自我动作实现模块.ixx:585"	"2"	"2"	"inline const 语素入口节点类* 特征_当前值() noexcept"	"未分类：特征_当前值"	"类别=未分类;输入=有自定义类型;输出=指针/节点;副作用=无明显副作用;领域=语素;约束=noexcept+inline"	"专用类/对应头文件：语素"	"待复核"
"特征_风险安全层候选"	"自我动作实现.外设模块.ixx:6757"	"1"	"1"	"inline const 语素入口节点类* 特征_风险安全层候选() noexcept"	"未分类：特征_风险安全层候选"	"类别=未分类;输入=有自定义类型;输出=指针/节点;副作用=无明显副作用;领域=外设;约束=noexcept+inline"	"专用类/对应头文件：外设"	"待复核"
"特征_风险安全层缺失因素数量"	"自我动作实现.外设模块.ixx:6680"	"1"	"1"	"inline const 语素入口节点类* 特征_风险安全层缺失因素数量() noexcept"	"统计：特征_风险安全层缺失因素数量"	"类别=统计;输入=有自定义类型;输出=指针/节点;副作用=无明显副作用;领域=外设;约束=noexcept+inline"	"专用类/对应头文件：外设"	"待复核"
"特征_风险安全层投影候选"	"自我动作实现.外设模块.ixx:6764"	"1"	"1"	"inline const 语素入口节点类* 特征_风险安全层投影候选() noexcept"	"未分类：特征_风险安全层投影候选"	"类别=未分类;输入=有自定义类型;输出=指针/节点;副作用=无明显副作用;领域=外设;约束=noexcept+inline"	"专用类/对应头文件：外设"	"待复核"
"特征_风险安全层因素集合版本"	"自我动作实现.外设模块.ixx:6666"	"1"	"1"	"inline const 语素入口节点类* 特征_风险安全层因素集合版本() noexcept"	"未分类：特征_风险安全层因素集合版本"	"类别=未分类;输入=有自定义类型;输出=指针/节点;副作用=无明显副作用;领域=外设;约束=noexcept+inline"	"专用类/对应头文件：外设"	"待复核"
"特征_风险安全层因素数量"	"自我动作实现.外设模块.ixx:6673"	"1"	"1"	"inline const 语素入口节点类* 特征_风险安全层因素数量() noexcept"	"统计：特征_风险安全层因素数量"	"类别=统计;输入=有自定义类型;输出=指针/节点;副作用=无明显副作用;领域=外设;约束=noexcept+inline"	"专用类/对应头文件：外设"	"待复核"
"特征_风险因素负向证据掩码"	"自我动作实现.外设模块.ixx:6722"	"1"	"1"	"inline const 语素入口节点类* 特征_风险因素负向证据掩码() noexcept"	"未分类：特征_风险因素负向证据掩码"	"类别=未分类;输入=有自定义类型;输出=指针/节点;副作用=无明显副作用;领域=外设;约束=noexcept+inline"	"专用类/对应头文件：外设"	"待复核"
"特征_风险因素默认满足数量"	"自我动作实现.外设模块.ixx:6750"	"1"	"1"	"inline const 语素入口节点类* 特征_风险因素默认满足数量() noexcept"	"统计：特征_风险因素默认满足数量"	"类别=统计;输入=有自定义类型;输出=指针/节点;副作用=无明显副作用;领域=外设;约束=noexcept+inline"	"专用类/对应头文件：外设"	"待复核"
"特征_风险因素默认满足掩码"	"自我动作实现.外设模块.ixx:6729"	"1"	"1"	"inline const 语素入口节点类* 特征_风险因素默认满足掩码() noexcept"	"未分类：特征_风险因素默认满足掩码"	"类别=未分类;输入=有自定义类型;输出=指针/节点;副作用=无明显副作用;领域=外设;约束=noexcept+inline"	"专用类/对应头文件：外设"	"待复核"
"特征_风险因素搜索缺口掩码"	"自我动作实现.外设模块.ixx:6715"	"1"	"1"	"inline const 语素入口节点类* 特征_风险因素搜索缺口掩码() noexcept"	"查找：特征_风险因素搜索缺口掩码"	"类别=查找;输入=有自定义类型;输出=指针/节点;副作用=无明显副作用;领域=外设;约束=noexcept+inline"	"专用类/对应头文件：外设"	"待复核"
"特征_风险因素未搜索掩码"	"自我动作实现.外设模块.ixx:6708"	"1"	"1"	"inline const 语素入口节点类* 特征_风险因素未搜索掩码() noexcept"	"查找：特征_风险因素未搜索掩码"	"类别=查找;输入=有自定义类型;输出=指针/节点;副作用=无明显副作用;领域=外设;约束=noexcept+inline"	"专用类/对应头文件：外设"	"待复核"
"特征_风险因素已入账掩码"	"自我动作实现.外设模块.ixx:6736"	"1"	"1"	"inline const 语素入口节点类* 特征_风险因素已入账掩码() noexcept"	"未分类：特征_风险因素已入账掩码"	"类别=未分类;输入=有自定义类型;输出=指针/节点;副作用=无明显副作用;领域=外设;约束=noexcept+inline"	"专用类/对应头文件：外设"	"待复核"
"特征_风险因素证据搜索未完成数量"	"自我动作实现.外设模块.ixx:6743"	"1"	"1"	"inline const 语素入口节点类* 特征_风险因素证据搜索未完成数量() noexcept"	"查找：特征_风险因素证据搜索未完成数量"	"类别=查找;输入=有自定义类型;输出=指针/节点;副作用=无明显副作用;领域=外设;约束=noexcept+inline"	"专用类/对应头文件：外设"	"待复核"
"特征_服务结算增量_筹办"	"任务模块.筹办.ixx:4557"	"0"	"1"	"const 语素入口节点类* 特征_服务结算增量_筹办() noexcept"	"未分类：特征_服务结算增量_筹办"	"类别=未分类;输入=有自定义类型;输出=指针/节点;副作用=无明显副作用;领域=语素;约束=noexcept"	"专用类/对应头文件：语素"	"待复核"
"特征_服务值_筹办"	"任务模块.筹办.ixx:3403"	"0"	"1"	"const 语素入口节点类* 特征_服务值_筹办() noexcept"	"未分类：特征_服务值_筹办"	"类别=未分类;输入=有自定义类型;输出=指针/节点;副作用=无明显副作用;领域=语素;约束=noexcept"	"专用类/对应头文件：语素"	"待复核"
"特征_服务值入账增量"	"自我动作实现.服务模块.ixx:661"	"0"	"1"	"inline const 语素入口节点类* 特征_服务值入账增量() noexcept"	"未分类：特征_服务值入账增量"	"类别=未分类;输入=有自定义类型;输出=指针/节点;副作用=无明显副作用;领域=语素;约束=noexcept+inline"	"专用类/对应头文件：语素"	"待复核"
"特征_服务值上限"	"自我动作实现.服务模块.ixx:645"	"0"	"1"	"inline const 语素入口节点类* 特征_服务值上限() noexcept"	"未分类：特征_服务值上限"	"类别=未分类;输入=有自定义类型;输出=指针/节点;副作用=无明显副作用;领域=语素;约束=noexcept+inline"	"专用类/对应头文件：语素"	"待复核"
"特征_改变量"	"自我动作实现模块.ixx:1149"	"2"	"2"	"inline const 语素入口节点类* 特征_改变量() noexcept"	"未分类：特征_改变量"	"类别=未分类;输入=有自定义类型;输出=指针/节点;副作用=无明显副作用;领域=语素;约束=noexcept+inline"	"专用类/对应头文件：语素"	"待复核"
"特征_改变量"	"自我动作实现.外设模块.ixx:1656"	"2"	"2"	"inline const 语素入口节点类* 特征_改变量() noexcept"	"未分类：特征_改变量"	"类别=未分类;输入=有自定义类型;输出=指针/节点;副作用=无明显副作用;领域=外设;约束=noexcept+inline"	"专用类/对应头文件：外设"	"待复核"
"特征_候选扫描数量"	"自我动作实现模块.ixx:1498"	"2"	"2"	"inline const 语素入口节点类* 特征_候选扫描数量() noexcept"	"统计：特征_候选扫描数量"	"类别=统计;输入=有自定义类型;输出=指针/节点;副作用=无明显副作用;领域=语素;约束=noexcept+inline"	"专用类/对应头文件：语素"	"待复核"
"特征_候选扫描数量"	"自我动作实现.外设模块.ixx:2005"	"2"	"2"	"inline const 语素入口节点类* 特征_候选扫描数量() noexcept"	"统计：特征_候选扫描数量"	"类别=统计;输入=有自定义类型;输出=指针/节点;副作用=无明显副作用;领域=外设;约束=noexcept+inline"	"专用类/对应头文件：外设"	"待复核"
"特征_来源任务ID"	"自我动作实现.扫描.ixx:452"	"1"	"1"	"inline const 语素入口节点类* 特征_来源任务ID() noexcept { return 扫描特征词(枚举_扫描特征绑定ID::来源任务ID); }"	"未分类：特征_来源任务ID"	"类别=未分类;输入=有自定义类型;输出=指针/节点;副作用=无明显副作用;领域=语素;约束=noexcept+inline"	"专用类/对应头文件：语素"	"待复核"
"特征_来源需求_筹办"	"任务模块.筹办.ixx:4592"	"0"	"1"	"const 语素入口节点类* 特征_来源需求_筹办() noexcept"	"未分类：特征_来源需求_筹办"	"类别=未分类;输入=有自定义类型;输出=指针/节点;副作用=无明显副作用;领域=语素;约束=noexcept"	"专用类/对应头文件：语素"	"待复核"
"特征_来源需求条件包"	"自我动作实现.外设模块.ixx:1907"	"0"	"2"	"inline const 语素入口节点类* 特征_来源需求条件包() noexcept"	"未分类：特征_来源需求条件包"	"类别=未分类;输入=有自定义类型;输出=指针/节点;副作用=无明显副作用;领域=外设;约束=noexcept+inline"	"专用类/对应头文件：外设"	"待复核"
"特征_来源需求条件包"	"自我动作实现模块.ixx:1400"	"0"	"2"	"inline const 语素入口节点类* 特征_来源需求条件包() noexcept"	"未分类：特征_来源需求条件包"	"类别=未分类;输入=有自定义类型;输出=指针/节点;副作用=无明显副作用;领域=语素;约束=noexcept+inline"	"专用类/对应头文件：语素"	"待复核"
"特征_来源需求ID"	"自我动作实现.扫描.ixx:449"	"0"	"1"	"inline const 语素入口节点类* 特征_来源需求ID() noexcept { return 扫描特征词(枚举_扫描特征绑定ID::来源需求ID); }"	"未分类：特征_来源需求ID"	"类别=未分类;输入=有自定义类型;输出=指针/节点;副作用=无明显副作用;领域=语素;约束=noexcept+inline"	"专用类/对应头文件：语素"	"待复核"
"特征_来源因果信息_筹办"	"任务模块.筹办.ixx:4599"	"0"	"1"	"const 语素入口节点类* 特征_来源因果信息_筹办() noexcept"	"未分类：特征_来源因果信息_筹办"	"类别=未分类;输入=有自定义类型;输出=指针/节点;副作用=无明显副作用;领域=语素;约束=noexcept"	"专用类/对应头文件：语素"	"待复核"
"特征_类型抽象距离"	"自我动作实现模块.ixx:1470"	"2"	"2"	"inline const 语素入口节点类* 特征_类型抽象距离() noexcept"	"未分类：特征_类型抽象距离"	"类别=未分类;输入=有自定义类型;输出=指针/节点;副作用=无明显副作用;领域=语素;约束=noexcept+inline"	"专用类/对应头文件：语素"	"待复核"
"特征_类型抽象距离"	"自我动作实现.外设模块.ixx:1977"	"2"	"2"	"inline const 语素入口节点类* 特征_类型抽象距离() noexcept"	"未分类：特征_类型抽象距离"	"类别=未分类;输入=有自定义类型;输出=指针/节点;副作用=无明显副作用;领域=外设;约束=noexcept+inline"	"专用类/对应头文件：外设"	"待复核"
"特征_累计安全结算"	"自我动作实现.外设模块.ixx:791"	"2"	"2"	"inline const 语素入口节点类* 特征_累计安全结算() noexcept"	"未分类：特征_累计安全结算"	"类别=未分类;输入=有自定义类型;输出=指针/节点;副作用=无明显副作用;领域=外设;约束=noexcept+inline"	"专用类/对应头文件：外设"	"待复核"
"特征_累计安全结算"	"自我动作实现模块.ixx:271"	"2"	"2"	"inline const 语素入口节点类* 特征_累计安全结算() noexcept"	"未分类：特征_累计安全结算"	"类别=未分类;输入=有自定义类型;输出=指针/节点;副作用=无明显副作用;领域=语素;约束=noexcept+inline"	"专用类/对应头文件：语素"	"待复核"
"特征_累计服务结算"	"自我动作实现模块.ixx:278"	"2"	"2"	"inline const 语素入口节点类* 特征_累计服务结算() noexcept"	"未分类：特征_累计服务结算"	"类别=未分类;输入=有自定义类型;输出=指针/节点;副作用=无明显副作用;领域=语素;约束=noexcept+inline"	"专用类/对应头文件：语素"	"待复核"
"特征_累计服务结算"	"自我动作实现.外设模块.ixx:798"	"2"	"2"	"inline const 语素入口节点类* 特征_累计服务结算() noexcept"	"未分类：特征_累计服务结算"	"类别=未分类;输入=有自定义类型;输出=指针/节点;副作用=无明显副作用;领域=外设;约束=noexcept+inline"	"专用类/对应头文件：外设"	"待复核"
"特征_满足子任务数"	"自我动作实现.服务模块.ixx:741"	"1"	"1"	"inline const 语素入口节点类* 特征_满足子任务数() noexcept"	"未分类：特征_满足子任务数"	"类别=未分类;输入=有自定义类型;输出=指针/节点;副作用=无明显副作用;领域=语素;约束=noexcept+inline"	"专用类/对应头文件：语素"	"待复核"
"特征_目标安全因果信息_筹办"	"任务模块.筹办.ixx:4438"	"0"	"1"	"const 语素入口节点类* 特征_目标安全因果信息_筹办() noexcept"	"未分类：特征_目标安全因果信息_筹办"	"类别=未分类;输入=有自定义类型;输出=指针/节点;副作用=无明显副作用;领域=语素;约束=noexcept"	"专用类/对应头文件：语素"	"待复核"
"特征_目标安全因果信息_风险树筹办查询"	"任务模块.筹办.ixx:2068"	"0"	"1"	"const 语素入口节点类* 特征_目标安全因果信息_风险树筹办查询() noexcept"	"查找：特征_目标安全因果信息_风险树筹办查询"	"类别=查找;输入=有自定义类型;输出=指针/节点;副作用=无明显副作用;领域=语素;约束=noexcept"	"专用类/对应头文件：语素"	"待复核"
"特征_目标宿主指针"	"自我动作实现.扫描.ixx:710"	"0"	"1"	"inline const 语素入口节点类* 特征_目标宿主指针() noexcept { return 扫描特征词(枚举_扫描特征绑定ID::目标宿主指针); }"	"未分类：特征_目标宿主指针"	"类别=未分类;输入=有自定义类型;输出=指针/节点;副作用=无明显副作用;领域=语素;约束=noexcept+inline"	"专用类/对应头文件：语素"	"待复核"
"特征_目标特征当前值"	"自我动作实现.外设模块.ixx:4532"	"0"	"1"	"inline const 语素入口节点类* 特征_目标特征当前值() noexcept"	"未分类：特征_目标特征当前值"	"类别=未分类;输入=有自定义类型;输出=指针/节点;副作用=无明显副作用;领域=外设;约束=noexcept+inline"	"专用类/对应头文件：外设"	"待复核"
"特征_目标特征当前值类型"	"自我动作实现.外设模块.ixx:4539"	"0"	"1"	"inline const 语素入口节点类* 特征_目标特征当前值类型() noexcept"	"未分类：特征_目标特征当前值类型"	"类别=未分类;输入=有自定义类型;输出=指针/节点;副作用=无明显副作用;领域=外设;约束=noexcept+inline"	"专用类/对应头文件：外设"	"待复核"
"特征_目标特征类型"	"自我动作实现模块.ixx:571"	"0"	"4"	"inline const 语素入口节点类* 特征_目标特征类型() noexcept"	"未分类：特征_目标特征类型"	"类别=未分类;输入=有自定义类型;输出=指针/节点;副作用=无明显副作用;领域=语素;约束=noexcept+inline"	"专用类/对应头文件：语素"	"待复核"
"特征_目标特征类型"	"自我动作实现.外设模块.ixx:1085"	"0"	"4"	"inline const 语素入口节点类* 特征_目标特征类型() noexcept"	"未分类：特征_目标特征类型"	"类别=未分类;输入=有自定义类型;输出=指针/节点;副作用=无明显副作用;领域=外设;约束=noexcept+inline"	"专用类/对应头文件：外设"	"待复核"
"特征_目标特征类型"	"任务模块.筹办.ixx:4389"	"0"	"4"	"const 语素入口节点类* 特征_目标特征类型() noexcept"	"未分类：特征_目标特征类型"	"类别=未分类;输入=有自定义类型;输出=指针/节点;副作用=无明显副作用;领域=语素;约束=noexcept"	"专用类/对应头文件：语素"	"待复核"
"特征_目标特征类型"	"自我动作实现.服务模块.ixx:181"	"0"	"4"	"inline const 语素入口节点类* 特征_目标特征类型() noexcept"	"未分类：特征_目标特征类型"	"类别=未分类;输入=有自定义类型;输出=指针/节点;副作用=无明显副作用;领域=语素;约束=noexcept+inline"	"专用类/对应头文件：语素"	"待复核"
"特征_目标特征类型指针"	"自我动作实现.扫描.ixx:713"	"0"	"1"	"inline const 语素入口节点类* 特征_目标特征类型指针() noexcept { return 扫描特征词(枚举_扫描特征绑定ID::目标特征类型指针); }"	"未分类：特征_目标特征类型指针"	"类别=未分类;输入=有自定义类型;输出=指针/节点;副作用=无明显副作用;领域=语素;约束=noexcept+inline"	"专用类/对应头文件：语素"	"待复核"
"特征_目标值类型"	"自我动作实现模块.ixx:1750"	"0"	"2"	"inline const 语素入口节点类* 特征_目标值类型() noexcept"	"未分类：特征_目标值类型"	"类别=未分类;输入=有自定义类型;输出=指针/节点;副作用=无明显副作用;领域=语素;约束=noexcept+inline"	"专用类/对应头文件：语素"	"待复核"
"特征_目标值类型"	"自我动作实现.外设模块.ixx:5498"	"0"	"2"	"inline const 语素入口节点类* 特征_目标值类型() noexcept"	"未分类：特征_目标值类型"	"类别=未分类;输入=有自定义类型;输出=指针/节点;副作用=无明显副作用;领域=外设;约束=noexcept+inline"	"专用类/对应头文件：外设"	"待复核"
"特征_内部世界场景类型"	"自我动作实现.外设模块.ixx:3412"	"0"	"1"	"inline const 语素入口节点类* 特征_内部世界场景类型() noexcept"	"未分类：特征_内部世界场景类型"	"类别=未分类;输入=有自定义类型;输出=指针/节点;副作用=无明显副作用;领域=外设;约束=noexcept+inline"	"专用类/对应头文件：外设"	"待复核"
"特征_内部世界当前观察材料"	"自我动作实现.外设模块.ixx:3482"	"0"	"1"	"inline const 语素入口节点类* 特征_内部世界当前观察材料() noexcept"	"未分类：特征_内部世界当前观察材料"	"类别=未分类;输入=有自定义类型;输出=指针/节点;副作用=无明显副作用;领域=外设;约束=noexcept+inline"	"专用类/对应头文件：外设"	"待复核"
"特征_内部世界子存在候选确认方案类型"	"自我动作实现.外设模块.ixx:3524"	"0"	"1"	"inline const 语素入口节点类* 特征_内部世界子存在候选确认方案类型() noexcept"	"未分类：特征_内部世界子存在候选确认方案类型"	"类别=未分类;输入=有自定义类型;输出=指针/节点;副作用=无明显副作用;领域=外设;约束=noexcept+inline"	"专用类/对应头文件：外设"	"待复核"
"特征_内部世界子存在候选确认可提交数量"	"自我动作实现.外设模块.ixx:3552"	"0"	"1"	"inline const 语素入口节点类* 特征_内部世界子存在候选确认可提交数量() noexcept"	"写入：特征_内部世界子存在候选确认可提交数量"	"类别=写入;输入=有自定义类型;输出=指针/节点;副作用=可能写结构/缓存;领域=外设;约束=noexcept+inline"	"专用类/对应头文件：外设"	"待复核"
"特征_内部世界子存在候选确认新建数量"	"自我动作实现.外设模块.ixx:3538"	"0"	"1"	"inline const 语素入口节点类* 特征_内部世界子存在候选确认新建数量() noexcept"	"统计：特征_内部世界子存在候选确认新建数量"	"类别=统计;输入=有自定义类型;输出=指针/节点;副作用=无明显副作用;领域=外设;约束=noexcept+inline"	"专用类/对应头文件：外设"	"待复核"
"特征_内部世界子存在候选确认证据不足数量"	"自我动作实现.外设模块.ixx:3545"	"0"	"1"	"inline const 语素入口节点类* 特征_内部世界子存在候选确认证据不足数量() noexcept"	"统计：特征_内部世界子存在候选确认证据不足数量"	"类别=统计;输入=有自定义类型;输出=指针/节点;副作用=无明显副作用;领域=外设;约束=noexcept+inline"	"专用类/对应头文件：外设"	"待复核"
"特征_内部世界子候选集合"	"自我动作实现.外设模块.ixx:3615"	"0"	"1"	"inline const 语素入口节点类* 特征_内部世界子候选集合() noexcept"	"未分类：特征_内部世界子候选集合"	"类别=未分类;输入=有自定义类型;输出=指针/节点;副作用=无明显副作用;领域=外设;约束=noexcept+inline"	"专用类/对应头文件：外设"	"待复核"
"特征_派生需求提示"	"自我动作实现.外设模块.ixx:1015"	"0"	"2"	"inline const 语素入口节点类* 特征_派生需求提示() noexcept"	"未分类：特征_派生需求提示"	"类别=未分类;输入=有自定义类型;输出=指针/节点;副作用=无明显副作用;领域=外设;约束=noexcept+inline"	"专用类/对应头文件：外设"	"待复核"
"特征_派生需求提示"	"自我动作实现模块.ixx:501"	"0"	"2"	"inline const 语素入口节点类* 特征_派生需求提示() noexcept"	"未分类：特征_派生需求提示"	"类别=未分类;输入=有自定义类型;输出=指针/节点;副作用=无明显副作用;领域=语素;约束=noexcept+inline"	"专用类/对应头文件：语素"	"待复核"
"特征_匹配路径记录"	"自我动作实现模块.ixx:1463"	"2"	"2"	"inline const 语素入口节点类* 特征_匹配路径记录() noexcept"	"比较：特征_匹配路径记录"	"类别=比较;输入=有自定义类型;输出=指针/节点;副作用=可能写结构/缓存;领域=语素;约束=noexcept+inline"	"专用类/对应头文件：语素"	"待复核"
"特征_匹配路径记录"	"自我动作实现.外设模块.ixx:1970"	"2"	"2"	"inline const 语素入口节点类* 特征_匹配路径记录() noexcept"	"比较：特征_匹配路径记录"	"类别=比较;输入=有自定义类型;输出=指针/节点;副作用=可能写结构/缓存;领域=外设;约束=noexcept+inline"	"专用类/对应头文件：外设"	"待复核"
"特征_任务参数包_筹办"	"任务模块.筹办.ixx:4606"	"0"	"1"	"const 语素入口节点类* 特征_任务参数包_筹办() noexcept"	"未分类：特征_任务参数包_筹办"	"类别=未分类;输入=有自定义类型;输出=指针/节点;副作用=无明显副作用;领域=语素;约束=noexcept"	"专用类/对应头文件：语素"	"待复核"
"特征_任务完成度百万分比_筹办"	"任务模块.筹办.ixx:4564"	"0"	"1"	"const 语素入口节点类* 特征_任务完成度百万分比_筹办() noexcept"	"未分类：特征_任务完成度百万分比_筹办"	"类别=未分类;输入=有自定义类型;输出=指针/节点;副作用=无明显副作用;领域=语素;约束=noexcept"	"专用类/对应头文件：语素"	"待复核"
"特征_任务信息节点_筹办"	"任务模块.筹办.ixx:4571"	"0"	"1"	"const 语素入口节点类* 特征_任务信息节点_筹办() noexcept"	"未分类：特征_任务信息节点_筹办"	"类别=未分类;输入=有自定义类型;输出=指针/节点;副作用=无明显副作用;领域=语素;约束=noexcept"	"专用类/对应头文件：语素"	"待复核"
"特征_任务虚拟存在_筹办"	"任务模块.筹办.ixx:4578"	"0"	"1"	"const 语素入口节点类* 特征_任务虚拟存在_筹办() noexcept"	"未分类：特征_任务虚拟存在_筹办"	"类别=未分类;输入=有自定义类型;输出=指针/节点;副作用=无明显副作用;领域=语素;约束=noexcept"	"专用类/对应头文件：语素"	"待复核"
"特征_扫描稳定计数"	"自我动作实现.外设模块.ixx:4714"	"1"	"1"	"inline const 语素入口节点类* 特征_扫描稳定计数() noexcept"	"统计：特征_扫描稳定计数"	"类别=统计;输入=有自定义类型;输出=指针/节点;副作用=无明显副作用;领域=外设;约束=noexcept+inline"	"专用类/对应头文件：外设"	"待复核"
"特征_失败子任务数"	"自我动作实现.服务模块.ixx:757"	"1"	"1"	"inline const 语素入口节点类* 特征_失败子任务数() noexcept"	"未分类：特征_失败子任务数"	"类别=未分类;输入=有自定义类型;输出=指针/节点;副作用=无明显副作用;领域=语素;约束=noexcept+inline"	"专用类/对应头文件：语素"	"待复核"
"特征_实际执行差值"	"自我动作实现模块.ixx:1820"	"2"	"2"	"inline const 语素入口节点类* 特征_实际执行差值() noexcept"	"未分类：特征_实际执行差值"	"类别=未分类;输入=有自定义类型;输出=指针/节点;副作用=无明显副作用;领域=语素;约束=noexcept+inline"	"专用类/对应头文件：语素"	"待复核"
"特征_实际执行差值"	"自我动作实现.外设模块.ixx:5568"	"2"	"2"	"inline const 语素入口节点类* 特征_实际执行差值() noexcept"	"未分类：特征_实际执行差值"	"类别=未分类;输入=有自定义类型;输出=指针/节点;副作用=无明显副作用;领域=外设;约束=noexcept+inline"	"专用类/对应头文件：外设"	"待复核"
"特征_实例缺失策略"	"自我动作实现模块.ixx:1792"	"2"	"2"	"inline const 语素入口节点类* 特征_实例缺失策略() noexcept"	"未分类：特征_实例缺失策略"	"类别=未分类;输入=有自定义类型;输出=指针/节点;副作用=无明显副作用;领域=语素;约束=noexcept+inline"	"专用类/对应头文件：语素"	"待复核"
"特征_实例缺失策略"	"自我动作实现.外设模块.ixx:5540"	"2"	"2"	"inline const 语素入口节点类* 特征_实例缺失策略() noexcept"	"未分类：特征_实例缺失策略"	"类别=未分类;输入=有自定义类型;输出=指针/节点;副作用=无明显副作用;领域=外设;约束=noexcept+inline"	"专用类/对应头文件：外设"	"待复核"
"特征_使用限制包"	"自我动作实现模块.ixx:1407"	"2"	"2"	"inline const 语素入口节点类* 特征_使用限制包() noexcept"	"未分类：特征_使用限制包"	"类别=未分类;输入=有自定义类型;输出=指针/节点;副作用=无明显副作用;领域=语素;约束=noexcept+inline"	"专用类/对应头文件：语素"	"待复核"
"特征_使用限制包"	"自我动作实现.外设模块.ixx:1914"	"2"	"2"	"inline const 语素入口节点类* 特征_使用限制包() noexcept"	"未分类：特征_使用限制包"	"类别=未分类;输入=有自定义类型;输出=指针/节点;副作用=无明显副作用;领域=外设;约束=noexcept+inline"	"专用类/对应头文件：外设"	"待复核"
"特征_是否必需_筹办"	"任务模块.筹办.ixx:4627"	"0"	"1"	"const 语素入口节点类* 特征_是否必需_筹办() noexcept"	"未分类：特征_是否必需_筹办"	"类别=未分类;输入=有自定义类型;输出=指针/节点;副作用=无明显副作用;领域=语素;约束=noexcept"	"专用类/对应头文件：语素"	"待复核"
"特征_是否发生溢出"	"自我动作实现.外设模块.ixx:5582"	"2"	"2"	"inline const 语素入口节点类* 特征_是否发生溢出() noexcept"	"未分类：特征_是否发生溢出"	"类别=未分类;输入=有自定义类型;输出=指针/节点;副作用=无明显副作用;领域=外设;约束=noexcept+inline"	"专用类/对应头文件：外设"	"待复核"
"特征_是否发生溢出"	"自我动作实现模块.ixx:1834"	"2"	"2"	"inline const 语素入口节点类* 特征_是否发生溢出() noexcept"	"未分类：特征_是否发生溢出"	"类别=未分类;输入=有自定义类型;输出=指针/节点;副作用=无明显副作用;领域=语素;约束=noexcept+inline"	"专用类/对应头文件：语素"	"待复核"
"特征_特征类型配对结果"	"自我动作实现.外设模块.ixx:5533"	"0"	"2"	"inline const 语素入口节点类* 特征_特征类型配对结果() noexcept"	"未分类：特征_特征类型配对结果"	"类别=未分类;输入=有自定义类型;输出=指针/节点;副作用=无明显副作用;领域=外设;约束=noexcept+inline"	"专用类/对应头文件：外设"	"待复核"
"特征_特征类型配对结果"	"自我动作实现模块.ixx:1785"	"0"	"2"	"inline const 语素入口节点类* 特征_特征类型配对结果() noexcept"	"未分类：特征_特征类型配对结果"	"类别=未分类;输入=有自定义类型;输出=指针/节点;副作用=无明显副作用;领域=语素;约束=noexcept+inline"	"专用类/对应头文件：语素"	"待复核"
"特征_特征值范围"	"自我动作实现模块.ixx:1225"	"0"	"2"	"inline const 语素入口节点类* 特征_特征值范围() noexcept"	"未分类：特征_特征值范围"	"类别=未分类;输入=有自定义类型;输出=指针/节点;副作用=无明显副作用;领域=语素;约束=noexcept+inline"	"专用类/对应头文件：语素"	"待复核"
"特征_特征值范围"	"自我动作实现.外设模块.ixx:1732"	"0"	"2"	"inline const 语素入口节点类* 特征_特征值范围() noexcept"	"未分类：特征_特征值范围"	"类别=未分类;输入=有自定义类型;输出=指针/节点;副作用=无明显副作用;领域=外设;约束=noexcept+inline"	"专用类/对应头文件：外设"	"待复核"
"特征_条件特征类型数量"	"自我动作实现模块.ixx:75"	"0"	"2"	"inline const 语素入口节点类* 特征_条件特征类型数量() noexcept"	"统计：特征_条件特征类型数量"	"类别=统计;输入=有自定义类型;输出=指针/节点;副作用=无明显副作用;领域=语素;约束=noexcept+inline"	"专用类/对应头文件：语素"	"待复核"
"特征_条件特征类型数量"	"自我动作实现.外设模块.ixx:672"	"0"	"2"	"inline const 语素入口节点类* 特征_条件特征类型数量() noexcept"	"统计：特征_条件特征类型数量"	"类别=统计;输入=有自定义类型;输出=指针/节点;副作用=无明显副作用;领域=外设;约束=noexcept+inline"	"专用类/对应头文件：外设"	"待复核"
"特征_现实场景包_筹办"	"任务模块.筹办.ixx:4613"	"0"	"1"	"const 语素入口节点类* 特征_现实场景包_筹办() noexcept"	"未分类：特征_现实场景包_筹办"	"类别=未分类;输入=有自定义类型;输出=指针/节点;副作用=无明显副作用;领域=语素;约束=noexcept"	"专用类/对应头文件：语素"	"待复核"
"特征_限制包"	"自我动作实现.外设模块.ixx:5554"	"2"	"2"	"inline const 语素入口节点类* 特征_限制包() noexcept"	"未分类：特征_限制包"	"类别=未分类;输入=有自定义类型;输出=指针/节点;副作用=无明显副作用;领域=外设;约束=noexcept+inline"	"专用类/对应头文件：外设"	"待复核"
"特征_限制包"	"自我动作实现模块.ixx:1806"	"2"	"2"	"inline const 语素入口节点类* 特征_限制包() noexcept"	"未分类：特征_限制包"	"类别=未分类;输入=有自定义类型;输出=指针/节点;副作用=无明显副作用;领域=语素;约束=noexcept+inline"	"专用类/对应头文件：语素"	"待复核"
"特征_效果表"	"自我动作实现模块.ixx:145"	"2"	"2"	"inline const 语素入口节点类* 特征_效果表() noexcept"	"未分类：特征_效果表"	"类别=未分类;输入=有自定义类型;输出=指针/节点;副作用=无明显副作用;领域=语素;约束=noexcept+inline"	"专用类/对应头文件：语素"	"待复核"
"特征_效果表"	"自我动作实现.外设模块.ixx:742"	"2"	"2"	"inline const 语素入口节点类* 特征_效果表() noexcept"	"未分类：特征_效果表"	"类别=未分类;输入=有自定义类型;输出=指针/节点;副作用=无明显副作用;领域=外设;约束=noexcept+inline"	"专用类/对应头文件：外设"	"待复核"
"特征_写入事务ID"	"自我动作实现.扫描.ixx:548"	"1"	"1"	"inline const 语素入口节点类* 特征_写入事务ID() noexcept { return 扫描特征词(枚举_扫描特征绑定ID::写入事务ID); }"	"写入：特征_写入事务ID"	"类别=写入;输入=有自定义类型;输出=指针/节点;副作用=可能写结构/缓存;领域=语素;约束=noexcept+inline"	"专用类/对应头文件：语素"	"待复核"
"特征_形参表_筹办"	"任务模块.筹办.ixx:4620"	"0"	"1"	"const 语素入口节点类* 特征_形参表_筹办() noexcept"	"未分类：特征_形参表_筹办"	"类别=未分类;输入=有自定义类型;输出=指针/节点;副作用=无明显副作用;领域=语素;约束=noexcept"	"专用类/对应头文件：语素"	"待复核"
"特征_需求有效截止"	"自我动作实现.外设模块.ixx:784"	"2"	"2"	"inline const 语素入口节点类* 特征_需求有效截止() noexcept"	"校验：特征_需求有效截止"	"类别=校验;输入=有自定义类型;输出=指针/节点;副作用=无明显副作用;领域=外设;约束=noexcept+inline"	"专用类/对应头文件：外设"	"待复核"
"特征_需求有效截止"	"自我动作实现模块.ixx:264"	"2"	"2"	"inline const 语素入口节点类* 特征_需求有效截止() noexcept"	"校验：特征_需求有效截止"	"类别=校验;输入=有自定义类型;输出=指针/节点;副作用=无明显副作用;领域=语素;约束=noexcept+inline"	"专用类/对应头文件：语素"	"待复核"
"特征_已绑定实参表"	"自我动作实现模块.ixx:599"	"2"	"2"	"inline const 语素入口节点类* 特征_已绑定实参表() noexcept"	"未分类：特征_已绑定实参表"	"类别=未分类;输入=有自定义类型;输出=指针/节点;副作用=无明显副作用;领域=语素;约束=noexcept+inline"	"专用类/对应头文件：语素"	"待复核"
"特征_已绑定实参表"	"自我动作实现.外设模块.ixx:1113"	"2"	"2"	"inline const 语素入口节点类* 特征_已绑定实参表() noexcept"	"未分类：特征_已绑定实参表"	"类别=未分类;输入=有自定义类型;输出=指针/节点;副作用=无明显副作用;领域=外设;约束=noexcept+inline"	"专用类/对应头文件：外设"	"待复核"
"特征_已验证观察存在数量"	"自我动作实现.外设模块.ixx:5470"	"0"	"1"	"inline const 语素入口节点类* 特征_已验证观察存在数量() noexcept"	"统计：特征_已验证观察存在数量"	"类别=统计;输入=有自定义类型;输出=指针/节点;副作用=无明显副作用;领域=外设;约束=noexcept+inline"	"专用类/对应头文件：外设"	"待复核"
"特征_溢出策略"	"自我动作实现模块.ixx:1799"	"2"	"2"	"inline const 语素入口节点类* 特征_溢出策略() noexcept"	"未分类：特征_溢出策略"	"类别=未分类;输入=有自定义类型;输出=指针/节点;副作用=无明显副作用;领域=语素;约束=noexcept+inline"	"专用类/对应头文件：语素"	"待复核"
"特征_溢出策略"	"自我动作实现.外设模块.ixx:5547"	"2"	"2"	"inline const 语素入口节点类* 特征_溢出策略() noexcept"	"未分类：特征_溢出策略"	"类别=未分类;输入=有自定义类型;输出=指针/节点;副作用=无明显副作用;领域=外设;约束=noexcept+inline"	"专用类/对应头文件：外设"	"待复核"
"特征_原始需求绑定包"	"自我动作实现.外设模块.ixx:1963"	"2"	"2"	"inline const 语素入口节点类* 特征_原始需求绑定包() noexcept"	"未分类：特征_原始需求绑定包"	"类别=未分类;输入=有自定义类型;输出=指针/节点;副作用=无明显副作用;领域=外设;约束=noexcept+inline"	"专用类/对应头文件：外设"	"待复核"
"特征_原始需求绑定包"	"自我动作实现模块.ixx:1456"	"2"	"2"	"inline const 语素入口节点类* 特征_原始需求绑定包() noexcept"	"未分类：特征_原始需求绑定包"	"类别=未分类;输入=有自定义类型;输出=指针/节点;副作用=无明显副作用;领域=语素;约束=noexcept+inline"	"专用类/对应头文件：语素"	"待复核"
"特征_证据强度达到确认阈值"	"自我动作实现.服务模块.ixx:477"	"0"	"1"	"inline const 语素入口节点类* 特征_证据强度达到确认阈值() noexcept"	"未分类：特征_证据强度达到确认阈值"	"类别=未分类;输入=有自定义类型;输出=指针/节点;副作用=无明显副作用;领域=语素;约束=noexcept+inline"	"专用类/对应头文件：语素"	"待复核"
"特征_执行后值"	"自我动作实现模块.ixx:1115"	"2"	"2"	"inline const 语素入口节点类* 特征_执行后值() noexcept"	"未分类：特征_执行后值"	"类别=未分类;输入=有自定义类型;输出=指针/节点;副作用=无明显副作用;领域=语素;约束=noexcept+inline"	"专用类/对应头文件：语素"	"待复核"
"特征_执行后值"	"自我动作实现.外设模块.ixx:1622"	"2"	"2"	"inline const 语素入口节点类* 特征_执行后值() noexcept"	"未分类：特征_执行后值"	"类别=未分类;输入=有自定义类型;输出=指针/节点;副作用=无明显副作用;领域=外设;约束=noexcept+inline"	"专用类/对应头文件：外设"	"待复核"
"特征_执行前值快照"	"自我动作实现模块.ixx:1778"	"0"	"2"	"inline const 语素入口节点类* 特征_执行前值快照() noexcept"	"未分类：特征_执行前值快照"	"类别=未分类;输入=有自定义类型;输出=指针/节点;副作用=无明显副作用;领域=语素;约束=noexcept+inline"	"专用类/对应头文件：语素"	"待复核"
"特征_执行前值快照"	"自我动作实现.外设模块.ixx:5526"	"0"	"2"	"inline const 语素入口节点类* 特征_执行前值快照() noexcept"	"未分类：特征_执行前值快照"	"类别=未分类;输入=有自定义类型;输出=指针/节点;副作用=无明显副作用;领域=外设;约束=noexcept+inline"	"专用类/对应头文件：外设"	"待复核"
"特征_值域抽象距离"	"自我动作实现模块.ixx:1477"	"2"	"2"	"inline const 语素入口节点类* 特征_值域抽象距离() noexcept"	"未分类：特征_值域抽象距离"	"类别=未分类;输入=有自定义类型;输出=指针/节点;副作用=无明显副作用;领域=语素;约束=noexcept+inline"	"专用类/对应头文件：语素"	"待复核"
"特征_值域抽象距离"	"自我动作实现.外设模块.ixx:1984"	"2"	"2"	"inline const 语素入口节点类* 特征_值域抽象距离() noexcept"	"未分类：特征_值域抽象距离"	"类别=未分类;输入=有自定义类型;输出=指针/节点;副作用=无明显副作用;领域=外设;约束=noexcept+inline"	"专用类/对应头文件：外设"	"待复核"
"特征_子任务必需"	"自我动作实现.服务模块.ixx:717"	"1"	"1"	"inline const 语素入口节点类* 特征_子任务必需() noexcept"	"未分类：特征_子任务必需"	"类别=未分类;输入=有自定义类型;输出=指针/节点;副作用=无明显副作用;领域=语素;约束=noexcept+inline"	"专用类/对应头文件：语素"	"待复核"
"特征_子任务服务摘要"	"自我动作实现.服务模块.ixx:701"	"1"	"1"	"inline const 语素入口节点类* 特征_子任务服务摘要() noexcept"	"未分类：特征_子任务服务摘要"	"类别=未分类;输入=有自定义类型;输出=指针/节点;副作用=无明显副作用;领域=语素;约束=noexcept+inline"	"专用类/对应头文件：语素"	"待复核"
"特征_子任务已达成"	"自我动作实现.服务模块.ixx:725"	"1"	"1"	"inline const 语素入口节点类* 特征_子任务已达成() noexcept"	"未分类：特征_子任务已达成"	"类别=未分类;输入=有自定义类型;输出=指针/节点;副作用=无明显副作用;领域=语素;约束=noexcept+inline"	"专用类/对应头文件：语素"	"待复核"
"特征_子任务指针键"	"自我动作实现.服务模块.ixx:709"	"1"	"1"	"inline const 语素入口节点类* 特征_子任务指针键() noexcept"	"未分类：特征_子任务指针键"	"类别=未分类;输入=有自定义类型;输出=指针/节点;副作用=无明显副作用;领域=语素;约束=noexcept+inline"	"专用类/对应头文件：语素"	"待复核"
"特征_总匹配距离"	"自我动作实现.外设模块.ixx:1991"	"2"	"2"	"inline const 语素入口节点类* 特征_总匹配距离() noexcept"	"比较：特征_总匹配距离"	"类别=比较;输入=有自定义类型;输出=指针/节点;副作用=无明显副作用;领域=外设;约束=noexcept+inline"	"专用类/对应头文件：外设"	"待复核"
"特征_总匹配距离"	"自我动作实现模块.ixx:1484"	"2"	"2"	"inline const 语素入口节点类* 特征_总匹配距离() noexcept"	"比较：特征_总匹配距离"	"类别=比较;输入=有自定义类型;输出=指针/节点;副作用=无明显副作用;领域=语素;约束=noexcept+inline"	"专用类/对应头文件：语素"	"待复核"
"特征_组合输出一致性"	"自我动作实现.服务模块.ixx:765"	"1"	"1"	"inline const 语素入口节点类* 特征_组合输出一致性() noexcept"	"日志/错误：特征_组合输出一致性"	"类别=日志/错误;输入=有自定义类型;输出=指针/节点;副作用=日志/错误输出;领域=语素;约束=noexcept+inline"	"专用类/对应头文件：语素"	"待复核"
"特征_最近结算时间"	"自我动作实现.外设模块.ixx:805"	"2"	"2"	"inline const 语素入口节点类* 特征_最近结算时间() noexcept"	"未分类：特征_最近结算时间"	"类别=未分类;输入=有自定义类型;输出=指针/节点;副作用=无明显副作用;领域=外设;约束=noexcept+inline"	"专用类/对应头文件：外设"	"待复核"
"特征_最近结算时间"	"自我动作实现模块.ixx:285"	"2"	"2"	"inline const 语素入口节点类* 特征_最近结算时间() noexcept"	"未分类：特征_最近结算时间"	"类别=未分类;输入=有自定义类型;输出=指针/节点;副作用=无明显副作用;领域=语素;约束=noexcept+inline"	"专用类/对应头文件：语素"	"待复核"
"特征_最近扫描时间"	"自我动作实现.外设模块.ixx:4707"	"1"	"1"	"inline const 语素入口节点类* 特征_最近扫描时间() noexcept"	"未分类：特征_最近扫描时间"	"类别=未分类;输入=有自定义类型;输出=指针/节点;副作用=无明显副作用;领域=外设;约束=noexcept+inline"	"专用类/对应头文件：外设"	"待复核"
"特征_OR路径已选择"	"自我动作实现.服务模块.ixx:805"	"1"	"1"	"inline const 语素入口节点类* 特征_OR路径已选择() noexcept"	"未分类：特征_OR路径已选择"	"类别=未分类;输入=有自定义类型;输出=指针/节点;副作用=无明显副作用;领域=语素;约束=noexcept+inline"	"专用类/对应头文件：语素"	"待复核"
"特征_OR胜出摘要"	"自我动作实现.服务模块.ixx:789"	"1"	"1"	"inline const 语素入口节点类* 特征_OR胜出摘要() noexcept"	"未分类：特征_OR胜出摘要"	"类别=未分类;输入=有自定义类型;输出=指针/节点;副作用=无明显副作用;领域=语素;约束=noexcept+inline"	"专用类/对应头文件：语素"	"待复核"
"特征_OR胜出子任务"	"自我动作实现.服务模块.ixx:773"	"1"	"1"	"inline const 语素入口节点类* 特征_OR胜出子任务() noexcept"	"未分类：特征_OR胜出子任务"	"类别=未分类;输入=有自定义类型;输出=指针/节点;副作用=无明显副作用;领域=语素;约束=noexcept+inline"	"专用类/对应头文件：语素"	"待复核"
"特征_OR胜出G0"	"自我动作实现.服务模块.ixx:781"	"1"	"1"	"inline const 语素入口节点类* 特征_OR胜出G0() noexcept"	"未分类：特征_OR胜出G0"	"类别=未分类;输入=有自定义类型;输出=指针/节点;副作用=无明显副作用;领域=语素;约束=noexcept+inline"	"专用类/对应头文件：语素"	"待复核"
"特征_OR未选路径数"	"自我动作实现.服务模块.ixx:797"	"1"	"1"	"inline const 语素入口节点类* 特征_OR未选路径数() noexcept"	"未分类：特征_OR未选路径数"	"类别=未分类;输入=有自定义类型;输出=指针/节点;副作用=无明显副作用;领域=语素;约束=noexcept+inline"	"专用类/对应头文件：语素"	"待复核"
"添加节点_已加锁"	"双向链表模板核心.h:290"	"0"	"2"	"节点类* 添加节点_已加锁(节点类* 位置节点, 主信息类型 主信息)"	"未分类：添加节点_已加锁"	"类别=未分类;输入=有自定义类型;输出=指针/节点;副作用=无明显副作用;领域=全局通用候选;约束=锁约束"	"专用类/对应头文件：全局通用候选"	"待复核"
"添加节点_已加锁"	"双向链表模板核心.h:261"	"0"	"2"	"节点类* 添加节点_已加锁(节点类* 位置节点, 节点类* 新节点)"	"未分类：添加节点_已加锁"	"类别=未分类;输入=有自定义类型;输出=指针/节点;副作用=无明显副作用;领域=全局通用候选;约束=锁约束"	"专用类/对应头文件：全局通用候选"	"待复核"
"添加子节点_已加锁"	"双向链表模板核心.h:341"	"0"	"2"	"节点类* 添加子节点_已加锁(节点类* 父节点, 主信息类型 主信息)"	"未分类：添加子节点_已加锁"	"类别=未分类;输入=有自定义类型;输出=指针/节点;副作用=无明显副作用;领域=全局通用候选;约束=锁约束"	"专用类/对应头文件：全局通用候选"	"待复核"
"添加子节点_已加锁"	"双向链表模板核心.h:309"	"0"	"2"	"节点类* 添加子节点_已加锁(节点类* 父节点, 节点类* 子节点)"	"未分类：添加子节点_已加锁"	"类别=未分类;输入=有自定义类型;输出=指针/节点;副作用=无明显副作用;领域=全局通用候选;约束=锁约束"	"专用类/对应头文件：全局通用候选"	"待复核"
"同步任务管理控制请求语义槽"	"任务模块.工作线程消息协议.ixx:371"	"1"	"1"	"inline void 同步任务管理控制请求语义槽(结构_任务管理控制请求& 请求) noexcept"	"未分类：同步任务管理控制请求语义槽"	"类别=未分类;输入=有自定义类型;输出=void;副作用=可能写结构/缓存;领域=任务;约束=noexcept+inline"	"专用类/对应头文件：任务"	"待复核"
"校验结构_已加锁"	"双向链表模板核心.h:606"	"0"	"1"	"bool 校验结构_已加锁() const"	"校验：校验结构_已加锁"	"类别=校验;输入=有自定义类型;输出=bool;副作用=无明显副作用;领域=全局通用候选;约束=锁约束"	"专用类/对应头文件：全局通用候选"	"待复核"
"写入包区间"	"自我动作实现模块.ixx:5803"	"1"	"1"	"inline bool 写入包区间("	"写入：写入包区间"	"类别=写入;输入=无自定义类型;输出=bool;副作用=可能写结构/缓存;领域=自我;约束=inline"	"原地保留/待复核"	"待复核"
"写入参数绑定失败"	"自我动作实现.外设模块.ixx:9018"	"2"	"2"	"inline void 写入参数绑定失败("	"写入：写入参数绑定失败"	"类别=写入;输入=无自定义类型;输出=void;副作用=可能写结构/缓存;领域=外设;约束=inline"	"原地保留/待复核"	"待复核"
"写入参数绑定失败"	"自我动作实现模块.ixx:4094"	"2"	"2"	"inline void 写入参数绑定失败("	"写入：写入参数绑定失败"	"类别=写入;输入=无自定义类型;输出=void;副作用=可能写结构/缓存;领域=自我;约束=inline"	"原地保留/待复核"	"待复核"
"写入单个已确认观察存在"	"自我动作实现.外设模块.ixx:13705"	"1"	"1"	"inline void 写入单个已确认观察存在("	"写入：写入单个已确认观察存在"	"类别=写入;输入=有自定义类型;输出=void;副作用=可能写结构/缓存;领域=外设;约束=inline"	"专用类/对应头文件：外设"	"待复核"
"写入实例特征I64"	"自我动作实现模块.ixx:5956"	"1"	"1"	"inline bool 写入实例特征I64("	"写入：写入实例特征I64"	"类别=写入;输入=有自定义类型;输出=bool;副作用=可能写结构/缓存;领域=特征;约束=inline"	"专用类/对应头文件：特征"	"待复核"
"修改节点信息_已加锁"	"双向链表模板核心.h:478"	"0"	"3"	"void 修改节点信息_已加锁(节点类* 节点, 主信息类型 新信息)"	"未分类：修改节点信息_已加锁"	"类别=未分类;输入=有自定义类型;输出=void;副作用=无明显副作用;领域=全局通用候选;约束=锁约束"	"专用类/对应头文件：全局通用候选"	"待复核"
"需求包有必需条件项"	"自我动作实现模块.ixx:6025"	"1"	"1"	"inline bool 需求包有必需条件项(const std::vector<结构_条件项视图>& 需求项列表) noexcept"	"未分类：需求包有必需条件项"	"类别=未分类;输入=有自定义类型;输出=bool;副作用=无明显副作用;领域=需求;约束=noexcept+inline"	"专用类/对应头文件：需求"	"待复核"
"需求目标要求正值"	"任务模块.筹办.ixx:706"	"1"	"1"	"bool 需求目标要求正值(const 需求节点* 来源需求) noexcept"	"未分类：需求目标要求正值"	"类别=未分类;输入=有自定义类型;输出=bool;副作用=无明显副作用;领域=需求;约束=noexcept"	"专用类/对应头文件：需求"	"待复核"
"需求目标要求至少"	"任务模块.筹办.ixx:726"	"1"	"1"	"bool 需求目标要求至少(const 需求节点* 来源需求, I64 阈值) noexcept"	"未分类：需求目标要求至少"	"类别=未分类;输入=有自定义类型;输出=bool;副作用=无明显副作用;领域=需求;约束=noexcept"	"专用类/对应头文件：需求"	"待复核"
"颜色_at"	"基础数据类型.h:1285"	"2"	"2"	"[[nodiscard]] inline Color 颜色_at(int u, int v) const noexcept {"	"未分类：颜色_at"	"类别=未分类;输入=无自定义类型;输出=其他;副作用=无明显副作用;领域=全局通用候选;约束=noexcept+inline"	"原地保留/待复核"	"待复核"
"颜色_at"	"基础数据类型.ixx:1285"	"2"	"2"	"[[nodiscard]] inline Color 颜色_at(int u, int v) const noexcept {"	"未分类：颜色_at"	"类别=未分类;输入=无自定义类型;输出=其他;副作用=无明显副作用;领域=全局通用候选;约束=noexcept+inline"	"原地保留/待复核"	"待复核"
"已形成闭环事实"	"本能动作管理类.ixx:423"	"1"	"1"	"bool 已形成闭环事实() const noexcept"	"未分类：已形成闭环事实"	"类别=未分类;输入=无自定义类型;输出=bool;副作用=无明显副作用;领域=方法;约束=noexcept"	"原地保留/待复核"	"待复核"
"有方向约束"	"方法主信息类.h:154"	"1"	"1"	"bool 有方向约束() const noexcept"	"未分类：有方向约束"	"类别=未分类;输入=无自定义类型;输出=bool;副作用=无明显副作用;领域=方法;约束=noexcept"	"原地保留/待复核"	"待复核"
"有效前景提示"	"基础数据类型.h:1269"	"2"	"2"	"[[nodiscard]] bool 有效前景提示() const noexcept { return 前景提示.size() == 深度.size(); }"	"校验：有效前景提示"	"类别=校验;输入=无自定义类型;输出=bool;副作用=无明显副作用;领域=全局通用候选;约束=noexcept"	"全局共享函数类.ixx候选"	"待复核"
"有效前景提示"	"基础数据类型.ixx:1269"	"2"	"2"	"[[nodiscard]] bool 有效前景提示() const noexcept { return 前景提示.size() == 深度.size(); }"	"校验：有效前景提示"	"类别=校验;输入=无自定义类型;输出=bool;副作用=无明显副作用;领域=全局通用候选;约束=noexcept"	"全局共享函数类.ixx候选"	"待复核"
"有效深度掩膜"	"基础数据类型.h:1266"	"0"	"2"	"[[nodiscard]] bool 有效深度掩膜() const noexcept { return 深度有效.size() == 深度.size(); }"	"校验：有效深度掩膜"	"类别=校验;输入=无自定义类型;输出=bool;副作用=无明显副作用;领域=全局通用候选;约束=noexcept"	"全局共享函数类.ixx候选"	"待复核"
"有效深度掩膜"	"基础数据类型.ixx:1266"	"0"	"2"	"[[nodiscard]] bool 有效深度掩膜() const noexcept { return 深度有效.size() == 深度.size(); }"	"校验：有效深度掩膜"	"类别=校验;输入=无自定义类型;输出=bool;副作用=无明显副作用;领域=全局通用候选;约束=noexcept"	"全局共享函数类.ixx候选"	"待复核"
"有效性评分"	"自我动作实现.服务模块.ixx:2918"	"1"	"1"	"inline I64 有效性评分(枚举_服务有效性档位 档位) noexcept"	"校验：有效性评分"	"类别=校验;输入=有自定义类型;输出=I64;副作用=无明显副作用;领域=自我;约束=noexcept+inline"	"专用类/对应头文件：自我"	"待复核"
"有最小出生锚点"	"方法主信息类.h:454"	"1"	"1"	"bool 有最小出生锚点() const noexcept {"	"未分类：有最小出生锚点"	"类别=未分类;输入=无自定义类型;输出=bool;副作用=无明显副作用;领域=方法;约束=noexcept"	"原地保留/待复核"	"待复核"
"运行参数已从输入场景匹配"	"自我动作实现模块.ixx:4135"	"2"	"2"	"inline bool 运行参数已从输入场景匹配("	"比较：运行参数已从输入场景匹配"	"类别=比较;输入=有自定义类型;输出=bool;副作用=无明显副作用;领域=场景;约束=inline"	"专用类/对应头文件：场景"	"待复核"
"运行参数已从输入场景匹配"	"自我动作实现.外设模块.ixx:9060"	"2"	"2"	"inline bool 运行参数已从输入场景匹配("	"比较：运行参数已从输入场景匹配"	"类别=比较;输入=有自定义类型;输出=bool;副作用=无明显副作用;领域=外设;约束=inline"	"专用类/对应头文件：外设"	"待复核"
"增加场景I64特征"	"自我动作实现模块.ixx:4076"	"2"	"2"	"inline bool 增加场景I64特征("	"未分类：增加场景I64特征"	"类别=未分类;输入=有自定义类型;输出=bool;副作用=无明显副作用;领域=场景;约束=inline"	"专用类/对应头文件：场景"	"待复核"
"增加场景I64特征"	"自我动作实现.外设模块.ixx:9000"	"2"	"2"	"inline bool 增加场景I64特征("	"未分类：增加场景I64特征"	"类别=未分类;输入=有自定义类型;输出=bool;副作用=无明显副作用;领域=外设;约束=inline"	"专用类/对应头文件：外设"	"待复核"
"摘要语义相同"	"动作验证报告类.h:164"	"2"	"2"	"inline bool 摘要语义相同("	"比较：摘要语义相同"	"类别=比较;输入=无自定义类型;输出=bool;副作用=无明显副作用;领域=全局通用候选;约束=inline"	"全局共享函数类.ixx候选"	"待复核"
"摘要语义相同"	"动作验证报告类.ixx:166"	"2"	"2"	"inline bool 摘要语义相同("	"比较：摘要语义相同"	"类别=比较;输入=无自定义类型;输出=bool;副作用=无明显副作用;领域=全局通用候选;约束=inline"	"全局共享函数类.ixx候选"	"待复核"
"证据强度评分"	"自我动作实现.服务模块.ixx:2924"	"1"	"1"	"inline I64 证据强度评分(枚举_服务证据强度档位 档位) noexcept"	"未分类：证据强度评分"	"类别=未分类;输入=有自定义类型;输出=I64;副作用=无明显副作用;领域=自我;约束=noexcept+inline"	"专用类/对应头文件：自我"	"待复核"
"执行更新指令_已加锁"	"需求类.h:1135"	"0"	"1"	"节点类* 执行更新指令_已加锁("	"未分类：执行更新指令_已加锁"	"类别=未分类;输入=有自定义类型;输出=指针/节点;副作用=可能写结构/缓存;领域=需求;约束=锁约束"	"专用类/对应头文件：需求"	"待复核"
"值_不修改现实场景特征值"	"自我动作实现.外设模块.ixx:2110"	"2"	"2"	"inline const 语素入口节点类* 值_不修改现实场景特征值() noexcept"	"未分类：值_不修改现实场景特征值"	"类别=未分类;输入=有自定义类型;输出=指针/节点;副作用=无明显副作用;领域=外设;约束=noexcept+inline"	"专用类/对应头文件：外设"	"待复核"
"值_不修改现实场景特征值"	"自我动作实现模块.ixx:1603"	"2"	"2"	"inline const 语素入口节点类* 值_不修改现实场景特征值() noexcept"	"未分类：值_不修改现实场景特征值"	"类别=未分类;输入=有自定义类型;输出=指针/节点;副作用=无明显副作用;领域=语素;约束=noexcept+inline"	"专用类/对应头文件：语素"	"待复核"
"值_差值计算溢出"	"自我动作实现模块.ixx:2324"	"2"	"2"	"inline const 语素入口节点类* 值_差值计算溢出() noexcept"	"未分类：值_差值计算溢出"	"类别=未分类;输入=有自定义类型;输出=指针/节点;副作用=无明显副作用;领域=语素;约束=noexcept+inline"	"专用类/对应头文件：语素"	"待复核"
"值_差值计算溢出"	"自我动作实现.外设模块.ixx:7170"	"2"	"2"	"inline const 语素入口节点类* 值_差值计算溢出() noexcept"	"未分类：值_差值计算溢出"	"类别=未分类;输入=有自定义类型;输出=指针/节点;副作用=无明显副作用;领域=外设;约束=noexcept+inline"	"专用类/对应头文件：外设"	"待复核"
"值_差值约束包缺失"	"自我动作实现.外设模块.ixx:7205"	"2"	"2"	"inline const 语素入口节点类* 值_差值约束包缺失() noexcept"	"未分类：值_差值约束包缺失"	"类别=未分类;输入=有自定义类型;输出=指针/节点;副作用=无明显副作用;领域=外设;约束=noexcept+inline"	"专用类/对应头文件：外设"	"待复核"
"值_差值约束包缺失"	"自我动作实现模块.ixx:2359"	"2"	"2"	"inline const 语素入口节点类* 值_差值约束包缺失() noexcept"	"未分类：值_差值约束包缺失"	"类别=未分类;输入=有自定义类型;输出=指针/节点;副作用=无明显副作用;领域=语素;约束=noexcept+inline"	"专用类/对应头文件：语素"	"待复核"
"值_筹办缺口_参数配对失败"	"自我动作实现模块.ixx:947"	"2"	"2"	"inline const 语素入口节点类* 值_筹办缺口_参数配对失败() noexcept"	"未分类：值_筹办缺口_参数配对失败"	"类别=未分类;输入=有自定义类型;输出=指针/节点;副作用=无明显副作用;领域=语素;约束=noexcept+inline"	"专用类/对应头文件：语素"	"待复核"
"值_筹办缺口_参数配对失败"	"自我动作实现.外设模块.ixx:1454"	"2"	"2"	"inline const 语素入口节点类* 值_筹办缺口_参数配对失败() noexcept"	"未分类：值_筹办缺口_参数配对失败"	"类别=未分类;输入=有自定义类型;输出=指针/节点;副作用=无明显副作用;领域=外设;约束=noexcept+inline"	"专用类/对应头文件：外设"	"待复核"
"值_筹办缺口_任务信息缺失"	"自我动作实现.外设模块.ixx:1412"	"2"	"2"	"inline const 语素入口节点类* 值_筹办缺口_任务信息缺失() noexcept"	"未分类：值_筹办缺口_任务信息缺失"	"类别=未分类;输入=有自定义类型;输出=指针/节点;副作用=无明显副作用;领域=外设;约束=noexcept+inline"	"专用类/对应头文件：外设"	"待复核"
"值_筹办缺口_任务信息缺失"	"自我动作实现模块.ixx:905"	"2"	"2"	"inline const 语素入口节点类* 值_筹办缺口_任务信息缺失() noexcept"	"未分类：值_筹办缺口_任务信息缺失"	"类别=未分类;输入=有自定义类型;输出=指针/节点;副作用=无明显副作用;领域=语素;约束=noexcept+inline"	"专用类/对应头文件：语素"	"待复核"
"值_筹办缺口_需求目标不可解析"	"自我动作实现模块.ixx:912"	"2"	"2"	"inline const 语素入口节点类* 值_筹办缺口_需求目标不可解析() noexcept"	"读取：值_筹办缺口_需求目标不可解析"	"类别=读取;输入=有自定义类型;输出=指针/节点;副作用=无明显副作用;领域=语素;约束=noexcept+inline"	"专用类/对应头文件：语素"	"待复核"
"值_筹办缺口_需求目标不可解析"	"自我动作实现.外设模块.ixx:1419"	"2"	"2"	"inline const 语素入口节点类* 值_筹办缺口_需求目标不可解析() noexcept"	"读取：值_筹办缺口_需求目标不可解析"	"类别=读取;输入=有自定义类型;输出=指针/节点;副作用=无明显副作用;领域=外设;约束=noexcept+inline"	"专用类/对应头文件：外设"	"待复核"
"值_来源_目标现实场景"	"自我动作实现.外设模块.ixx:1288"	"2"	"2"	"inline const 语素入口节点类* 值_来源_目标现实场景() noexcept"	"未分类：值_来源_目标现实场景"	"类别=未分类;输入=有自定义类型;输出=指针/节点;副作用=无明显副作用;领域=外设;约束=noexcept+inline"	"专用类/对应头文件：外设"	"待复核"
"值_来源_目标现实场景"	"自我动作实现模块.ixx:781"	"2"	"2"	"inline const 语素入口节点类* 值_来源_目标现实场景() noexcept"	"未分类：值_来源_目标现实场景"	"类别=未分类;输入=有自定义类型;输出=指针/节点;副作用=无明显副作用;领域=语素;约束=noexcept+inline"	"专用类/对应头文件：语素"	"待复核"
"值_来源_输入任务参数包"	"自我动作实现.外设模块.ixx:1267"	"2"	"2"	"inline const 语素入口节点类* 值_来源_输入任务参数包() noexcept"	"未分类：值_来源_输入任务参数包"	"类别=未分类;输入=有自定义类型;输出=指针/节点;副作用=无明显副作用;领域=外设;约束=noexcept+inline"	"专用类/对应头文件：外设"	"待复核"
"值_来源_输入任务参数包"	"自我动作实现模块.ixx:760"	"2"	"2"	"inline const 语素入口节点类* 值_来源_输入任务参数包() noexcept"	"未分类：值_来源_输入任务参数包"	"类别=未分类;输入=有自定义类型;输出=指针/节点;副作用=无明显副作用;领域=语素;约束=noexcept+inline"	"专用类/对应头文件：语素"	"待复核"
"值_来源_输入现实场景包"	"自我动作实现模块.ixx:753"	"2"	"2"	"inline const 语素入口节点类* 值_来源_输入现实场景包() noexcept"	"未分类：值_来源_输入现实场景包"	"类别=未分类;输入=有自定义类型;输出=指针/节点;副作用=无明显副作用;领域=语素;约束=noexcept+inline"	"专用类/对应头文件：语素"	"待复核"
"值_来源_输入现实场景包"	"自我动作实现.外设模块.ixx:1260"	"2"	"2"	"inline const 语素入口节点类* 值_来源_输入现实场景包() noexcept"	"未分类：值_来源_输入现实场景包"	"类别=未分类;输入=有自定义类型;输出=指针/节点;副作用=无明显副作用;领域=外设;约束=noexcept+inline"	"专用类/对应头文件：外设"	"待复核"
"值_目标抽象特征无效"	"自我动作实现.外设模块.ixx:7380"	"2"	"2"	"inline const 语素入口节点类* 值_目标抽象特征无效() noexcept"	"未分类：值_目标抽象特征无效"	"类别=未分类;输入=有自定义类型;输出=指针/节点;副作用=无明显副作用;领域=外设;约束=noexcept+inline"	"专用类/对应头文件：外设"	"待复核"
"值_目标抽象特征无效"	"自我动作实现模块.ixx:2541"	"2"	"2"	"inline const 语素入口节点类* 值_目标抽象特征无效() noexcept"	"未分类：值_目标抽象特征无效"	"类别=未分类;输入=有自定义类型;输出=指针/节点;副作用=无明显副作用;领域=语素;约束=noexcept+inline"	"专用类/对应头文件：语素"	"待复核"
"值_目标实例特征缺失"	"自我动作实现.外设模块.ixx:7142"	"2"	"2"	"inline const 语素入口节点类* 值_目标实例特征缺失() noexcept"	"未分类：值_目标实例特征缺失"	"类别=未分类;输入=有自定义类型;输出=指针/节点;副作用=无明显副作用;领域=外设;约束=noexcept+inline"	"专用类/对应头文件：外设"	"待复核"
"值_目标实例特征缺失"	"自我动作实现模块.ixx:2296"	"2"	"2"	"inline const 语素入口节点类* 值_目标实例特征缺失() noexcept"	"未分类：值_目标实例特征缺失"	"类别=未分类;输入=有自定义类型;输出=指针/节点;副作用=无明显副作用;领域=语素;约束=noexcept+inline"	"专用类/对应头文件：语素"	"待复核"
"值_目标特征写入失败"	"自我动作实现模块.ixx:2352"	"2"	"2"	"inline const 语素入口节点类* 值_目标特征写入失败() noexcept"	"写入：值_目标特征写入失败"	"类别=写入;输入=有自定义类型;输出=指针/节点;副作用=可能写结构/缓存;领域=语素;约束=noexcept+inline"	"专用类/对应头文件：语素"	"待复核"
"值_目标特征写入失败"	"自我动作实现.外设模块.ixx:7198"	"2"	"2"	"inline const 语素入口节点类* 值_目标特征写入失败() noexcept"	"写入：值_目标特征写入失败"	"类别=写入;输入=有自定义类型;输出=指针/节点;副作用=可能写结构/缓存;领域=外设;约束=noexcept+inline"	"专用类/对应头文件：外设"	"待复核"
"值_目标值类型不是I64"	"自我动作实现.外设模块.ixx:7394"	"2"	"2"	"inline const 语素入口节点类* 值_目标值类型不是I64() noexcept"	"未分类：值_目标值类型不是I64"	"类别=未分类;输入=有自定义类型;输出=I64;副作用=无明显副作用;领域=外设;约束=noexcept+inline"	"专用类/对应头文件：外设"	"待复核"
"值_目标值类型不是I64"	"自我动作实现模块.ixx:2555"	"2"	"2"	"inline const 语素入口节点类* 值_目标值类型不是I64() noexcept"	"未分类：值_目标值类型不是I64"	"类别=未分类;输入=有自定义类型;输出=I64;副作用=无明显副作用;领域=语素;约束=noexcept+inline"	"专用类/对应头文件：语素"	"待复核"
"值_派生需求_重新筹办任务"	"自我动作实现.外设模块.ixx:1524"	"2"	"2"	"inline const 语素入口节点类* 值_派生需求_重新筹办任务() noexcept"	"未分类：值_派生需求_重新筹办任务"	"类别=未分类;输入=有自定义类型;输出=指针/节点;副作用=无明显副作用;领域=外设;约束=noexcept+inline"	"专用类/对应头文件：外设"	"待复核"
"值_派生需求_重新筹办任务"	"自我动作实现模块.ixx:1017"	"2"	"2"	"inline const 语素入口节点类* 值_派生需求_重新筹办任务() noexcept"	"未分类：值_派生需求_重新筹办任务"	"类别=未分类;输入=有自定义类型;输出=指针/节点;副作用=无明显副作用;领域=语素;约束=noexcept+inline"	"专用类/对应头文件：语素"	"待复核"
"值_缺少执行差值或目标值"	"自我动作实现.外设模块.ixx:7177"	"2"	"2"	"inline const 语素入口节点类* 值_缺少执行差值或目标值() noexcept"	"未分类：值_缺少执行差值或目标值"	"类别=未分类;输入=有自定义类型;输出=指针/节点;副作用=无明显副作用;领域=外设;约束=noexcept+inline"	"专用类/对应头文件：外设"	"待复核"
"值_缺少执行差值或目标值"	"自我动作实现模块.ixx:2331"	"2"	"2"	"inline const 语素入口节点类* 值_缺少执行差值或目标值() noexcept"	"未分类：值_缺少执行差值或目标值"	"类别=未分类;输入=有自定义类型;输出=指针/节点;副作用=无明显副作用;领域=语素;约束=noexcept+inline"	"专用类/对应头文件：语素"	"待复核"
"值_任务回执_不可推进"	"自我动作实现.外设模块.ixx:1384"	"2"	"2"	"inline const 语素入口节点类* 值_任务回执_不可推进() noexcept"	"未分类：值_任务回执_不可推进"	"类别=未分类;输入=有自定义类型;输出=指针/节点;副作用=无明显副作用;领域=外设;约束=noexcept+inline"	"专用类/对应头文件：外设"	"待复核"
"值_任务回执_不可推进"	"自我动作实现模块.ixx:877"	"2"	"2"	"inline const 语素入口节点类* 值_任务回执_不可推进() noexcept"	"未分类：值_任务回执_不可推进"	"类别=未分类;输入=有自定义类型;输出=指针/节点;副作用=无明显副作用;领域=语素;约束=noexcept+inline"	"专用类/对应头文件：语素"	"待复核"
"值_任务回执_等待补齐"	"自我动作实现.外设模块.ixx:1377"	"2"	"2"	"inline const 语素入口节点类* 值_任务回执_等待补齐() noexcept"	"未分类：值_任务回执_等待补齐"	"类别=未分类;输入=有自定义类型;输出=指针/节点;副作用=无明显副作用;领域=外设;约束=noexcept+inline"	"专用类/对应头文件：外设"	"待复核"
"值_任务回执_等待补齐"	"自我动作实现模块.ixx:870"	"2"	"2"	"inline const 语素入口节点类* 值_任务回执_等待补齐() noexcept"	"未分类：值_任务回执_等待补齐"	"类别=未分类;输入=有自定义类型;输出=指针/节点;副作用=无明显副作用;领域=语素;约束=noexcept+inline"	"专用类/对应头文件：语素"	"待复核"
"值_任务回执_等待学习"	"自我动作实现.外设模块.ixx:1370"	"2"	"2"	"inline const 语素入口节点类* 值_任务回执_等待学习() noexcept"	"未分类：值_任务回执_等待学习"	"类别=未分类;输入=有自定义类型;输出=指针/节点;副作用=无明显副作用;领域=外设;约束=noexcept+inline"	"专用类/对应头文件：外设"	"待复核"
"值_任务回执_等待学习"	"自我动作实现模块.ixx:863"	"2"	"2"	"inline const 语素入口节点类* 值_任务回执_等待学习() noexcept"	"未分类：值_任务回执_等待学习"	"类别=未分类;输入=有自定义类型;输出=指针/节点;副作用=无明显副作用;领域=语素;约束=noexcept+inline"	"专用类/对应头文件：语素"	"待复核"
"值_任务回执_条件不满足"	"自我动作实现模块.ixx:884"	"2"	"2"	"inline const 语素入口节点类* 值_任务回执_条件不满足() noexcept"	"未分类：值_任务回执_条件不满足"	"类别=未分类;输入=有自定义类型;输出=指针/节点;副作用=无明显副作用;领域=语素;约束=noexcept+inline"	"专用类/对应头文件：语素"	"待复核"
"值_任务回执_条件不满足"	"自我动作实现.外设模块.ixx:1391"	"2"	"2"	"inline const 语素入口节点类* 值_任务回执_条件不满足() noexcept"	"未分类：值_任务回执_条件不满足"	"类别=未分类;输入=有自定义类型;输出=指针/节点;副作用=无明显副作用;领域=外设;约束=noexcept+inline"	"专用类/对应头文件：外设"	"待复核"
"值_任务回执_运行成功"	"自我动作实现.外设模块.ixx:1356"	"2"	"2"	"inline const 语素入口节点类* 值_任务回执_运行成功() noexcept"	"未分类：值_任务回执_运行成功"	"类别=未分类;输入=有自定义类型;输出=指针/节点;副作用=无明显副作用;领域=外设;约束=noexcept+inline"	"专用类/对应头文件：外设"	"待复核"
"值_任务回执_运行成功"	"自我动作实现模块.ixx:849"	"2"	"2"	"inline const 语素入口节点类* 值_任务回执_运行成功() noexcept"	"未分类：值_任务回执_运行成功"	"类别=未分类;输入=有自定义类型;输出=指针/节点;副作用=无明显副作用;领域=语素;约束=noexcept+inline"	"专用类/对应头文件：语素"	"待复核"
"值_任务回执_运行失败"	"自我动作实现.外设模块.ixx:1363"	"2"	"2"	"inline const 语素入口节点类* 值_任务回执_运行失败() noexcept"	"未分类：值_任务回执_运行失败"	"类别=未分类;输入=有自定义类型;输出=指针/节点;副作用=无明显副作用;领域=外设;约束=noexcept+inline"	"专用类/对应头文件：外设"	"待复核"
"值_任务回执_运行失败"	"自我动作实现模块.ixx:856"	"2"	"2"	"inline const 语素入口节点类* 值_任务回执_运行失败() noexcept"	"未分类：值_任务回执_运行失败"	"类别=未分类;输入=有自定义类型;输出=指针/节点;副作用=无明显副作用;领域=语素;约束=noexcept+inline"	"专用类/对应头文件：语素"	"待复核"
"值_任务回执_运行未达成目标"	"自我动作实现模块.ixx:891"	"2"	"2"	"inline const 语素入口节点类* 值_任务回执_运行未达成目标() noexcept"	"未分类：值_任务回执_运行未达成目标"	"类别=未分类;输入=有自定义类型;输出=指针/节点;副作用=无明显副作用;领域=语素;约束=noexcept+inline"	"专用类/对应头文件：语素"	"待复核"
"值_任务回执_运行未达成目标"	"自我动作实现.外设模块.ixx:1398"	"2"	"2"	"inline const 语素入口节点类* 值_任务回执_运行未达成目标() noexcept"	"未分类：值_任务回执_运行未达成目标"	"类别=未分类;输入=有自定义类型;输出=指针/节点;副作用=无明显副作用;领域=外设;约束=noexcept+inline"	"专用类/对应头文件：外设"	"待复核"
"值_实际差值未命中约束"	"自我动作实现模块.ixx:2345"	"2"	"2"	"inline const 语素入口节点类* 值_实际差值未命中约束() noexcept"	"比较：值_实际差值未命中约束"	"类别=比较;输入=有自定义类型;输出=指针/节点;副作用=无明显副作用;领域=语素;约束=noexcept+inline"	"专用类/对应头文件：语素"	"待复核"
"值_实际差值未命中约束"	"自我动作实现.外设模块.ixx:7191"	"2"	"2"	"inline const 语素入口节点类* 值_实际差值未命中约束() noexcept"	"比较：值_实际差值未命中约束"	"类别=比较;输入=有自定义类型;输出=指针/节点;副作用=无明显副作用;领域=外设;约束=noexcept+inline"	"专用类/对应头文件：外设"	"待复核"
"值_实例特征未命中抽象特征"	"自我动作实现模块.ixx:2548"	"2"	"2"	"inline const 语素入口节点类* 值_实例特征未命中抽象特征() noexcept"	"比较：值_实例特征未命中抽象特征"	"类别=比较;输入=有自定义类型;输出=指针/节点;副作用=无明显副作用;领域=语素;约束=noexcept+inline"	"专用类/对应头文件：语素"	"待复核"
"值_实例特征未命中抽象特征"	"自我动作实现.外设模块.ixx:7387"	"2"	"2"	"inline const 语素入口节点类* 值_实例特征未命中抽象特征() noexcept"	"比较：值_实例特征未命中抽象特征"	"类别=比较;输入=有自定义类型;输出=指针/节点;副作用=无明显副作用;领域=外设;约束=noexcept+inline"	"专用类/对应头文件：外设"	"待复核"
"值_输入绑定失败"	"自我动作实现.外设模块.ixx:2033"	"2"	"2"	"inline const 语素入口节点类* 值_输入绑定失败() noexcept"	"未分类：值_输入绑定失败"	"类别=未分类;输入=有自定义类型;输出=指针/节点;副作用=无明显副作用;领域=外设;约束=noexcept+inline"	"专用类/对应头文件：外设"	"待复核"
"值_输入绑定失败"	"自我动作实现模块.ixx:1526"	"2"	"2"	"inline const 语素入口节点类* 值_输入绑定失败() noexcept"	"未分类：值_输入绑定失败"	"类别=未分类;输入=有自定义类型;输出=指针/节点;副作用=无明显副作用;领域=语素;约束=noexcept+inline"	"专用类/对应头文件：语素"	"待复核"
"值_输入快照过期"	"自我动作实现.外设模块.ixx:7156"	"2"	"2"	"inline const 语素入口节点类* 值_输入快照过期() noexcept"	"未分类：值_输入快照过期"	"类别=未分类;输入=有自定义类型;输出=指针/节点;副作用=无明显副作用;领域=外设;约束=noexcept+inline"	"专用类/对应头文件：外设"	"待复核"
"值_输入快照过期"	"自我动作实现模块.ixx:2310"	"2"	"2"	"inline const 语素入口节点类* 值_输入快照过期() noexcept"	"未分类：值_输入快照过期"	"类别=未分类;输入=有自定义类型;输出=指针/节点;副作用=无明显副作用;领域=语素;约束=noexcept+inline"	"专用类/对应头文件：语素"	"待复核"
"值_无筹办缺口"	"自我动作实现模块.ixx:898"	"2"	"2"	"inline const 语素入口节点类* 值_无筹办缺口() noexcept"	"未分类：值_无筹办缺口"	"类别=未分类;输入=有自定义类型;输出=指针/节点;副作用=无明显副作用;领域=语素;约束=noexcept+inline"	"专用类/对应头文件：语素"	"待复核"
"值_无筹办缺口"	"自我动作实现.外设模块.ixx:1405"	"2"	"2"	"inline const 语素入口节点类* 值_无筹办缺口() noexcept"	"未分类：值_无筹办缺口"	"类别=未分类;输入=有自定义类型;输出=指针/节点;副作用=无明显副作用;领域=外设;约束=noexcept+inline"	"专用类/对应头文件：外设"	"待复核"
"值_需求满足"	"自我动作实现模块.ixx:2527"	"2"	"2"	"inline const 语素入口节点类* 值_需求满足() noexcept"	"未分类：值_需求满足"	"类别=未分类;输入=有自定义类型;输出=指针/节点;副作用=无明显副作用;领域=语素;约束=noexcept+inline"	"专用类/对应头文件：语素"	"待复核"
"值_需求满足"	"自我动作实现.外设模块.ixx:7366"	"2"	"2"	"inline const 语素入口节点类* 值_需求满足() noexcept"	"未分类：值_需求满足"	"类别=未分类;输入=有自定义类型;输出=指针/节点;副作用=无明显副作用;领域=外设;约束=noexcept+inline"	"专用类/对应头文件：外设"	"待复核"
"值_需求未满足"	"自我动作实现模块.ixx:2534"	"2"	"2"	"inline const 语素入口节点类* 值_需求未满足() noexcept"	"未分类：值_需求未满足"	"类别=未分类;输入=有自定义类型;输出=指针/节点;副作用=无明显副作用;领域=语素;约束=noexcept+inline"	"专用类/对应头文件：语素"	"待复核"
"值_需求未满足"	"自我动作实现.外设模块.ixx:7373"	"2"	"2"	"inline const 语素入口节点类* 值_需求未满足() noexcept"	"未分类：值_需求未满足"	"类别=未分类;输入=有自定义类型;输出=指针/节点;副作用=无明显副作用;领域=外设;约束=noexcept+inline"	"专用类/对应头文件：外设"	"待复核"
"值_因果证据不足"	"自我动作实现.外设模块.ixx:7303"	"2"	"2"	"inline const 语素入口节点类* 值_因果证据不足() noexcept"	"未分类：值_因果证据不足"	"类别=未分类;输入=有自定义类型;输出=指针/节点;副作用=无明显副作用;领域=外设;约束=noexcept+inline"	"专用类/对应头文件：外设"	"待复核"
"值_因果证据不足"	"自我动作实现模块.ixx:2464"	"2"	"2"	"inline const 语素入口节点类* 值_因果证据不足() noexcept"	"未分类：值_因果证据不足"	"类别=未分类;输入=有自定义类型;输出=指针/节点;副作用=无明显副作用;领域=语素;约束=noexcept+inline"	"专用类/对应头文件：语素"	"待复核"
"值_执行差值与目标值冲突"	"自我动作实现模块.ixx:2338"	"2"	"2"	"inline const 语素入口节点类* 值_执行差值与目标值冲突() noexcept"	"未分类：值_执行差值与目标值冲突"	"类别=未分类;输入=有自定义类型;输出=指针/节点;副作用=无明显副作用;领域=语素;约束=noexcept+inline"	"专用类/对应头文件：语素"	"待复核"
"值_执行差值与目标值冲突"	"自我动作实现.外设模块.ixx:7184"	"2"	"2"	"inline const 语素入口节点类* 值_执行差值与目标值冲突() noexcept"	"未分类：值_执行差值与目标值冲突"	"类别=未分类;输入=有自定义类型;输出=指针/节点;副作用=无明显副作用;领域=外设;约束=noexcept+inline"	"专用类/对应头文件：外设"	"待复核"
"值_执行前值缺失"	"自我动作实现模块.ixx:2303"	"2"	"2"	"inline const 语素入口节点类* 值_执行前值缺失() noexcept"	"未分类：值_执行前值缺失"	"类别=未分类;输入=有自定义类型;输出=指针/节点;副作用=无明显副作用;领域=语素;约束=noexcept+inline"	"专用类/对应头文件：语素"	"待复核"
"值_执行前值缺失"	"自我动作实现.外设模块.ixx:7149"	"2"	"2"	"inline const 语素入口节点类* 值_执行前值缺失() noexcept"	"未分类：值_执行前值缺失"	"类别=未分类;输入=有自定义类型;输出=指针/节点;副作用=无明显副作用;领域=外设;约束=noexcept+inline"	"专用类/对应头文件：外设"	"待复核"
"值_执行缺口_输出结果缺失"	"自我动作实现.外设模块.ixx:1510"	"2"	"2"	"inline const 语素入口节点类* 值_执行缺口_输出结果缺失() noexcept"	"日志/错误：值_执行缺口_输出结果缺失"	"类别=日志/错误;输入=有自定义类型;输出=指针/节点;副作用=日志/错误输出;领域=外设;约束=noexcept+inline"	"专用类/对应头文件：外设"	"待复核"
"值_执行缺口_输出结果缺失"	"自我动作实现模块.ixx:1003"	"2"	"2"	"inline const 语素入口节点类* 值_执行缺口_输出结果缺失() noexcept"	"日志/错误：值_执行缺口_输出结果缺失"	"类别=日志/错误;输入=有自定义类型;输出=指针/节点;副作用=日志/错误输出;领域=语素;约束=noexcept+inline"	"专用类/对应头文件：语素"	"待复核"
"值_执行缺口_需求未满足"	"自我动作实现.外设模块.ixx:1517"	"2"	"2"	"inline const 语素入口节点类* 值_执行缺口_需求未满足() noexcept"	"未分类：值_执行缺口_需求未满足"	"类别=未分类;输入=有自定义类型;输出=指针/节点;副作用=无明显副作用;领域=外设;约束=noexcept+inline"	"专用类/对应头文件：外设"	"待复核"
"值_执行缺口_需求未满足"	"自我动作实现模块.ixx:1010"	"2"	"2"	"inline const 语素入口节点类* 值_执行缺口_需求未满足() noexcept"	"未分类：值_执行缺口_需求未满足"	"类别=未分类;输入=有自定义类型;输出=指针/节点;副作用=无明显副作用;领域=语素;约束=noexcept+inline"	"专用类/对应头文件：语素"	"待复核"
"值_I64溢出"	"自我动作实现.外设模块.ixx:7163"	"2"	"2"	"inline const 语素入口节点类* 值_I64溢出() noexcept"	"未分类：值_I64溢出"	"类别=未分类;输入=有自定义类型;输出=I64;副作用=无明显副作用;领域=外设;约束=noexcept+inline"	"专用类/对应头文件：外设"	"待复核"
"值_I64溢出"	"自我动作实现模块.ixx:2317"	"2"	"2"	"inline const 语素入口节点类* 值_I64溢出() noexcept"	"未分类：值_I64溢出"	"类别=未分类;输入=有自定义类型;输出=I64;副作用=无明显副作用;领域=语素;约束=noexcept+inline"	"专用类/对应头文件：语素"	"待复核"
"值类型_场景指针_筹办"	"任务模块.筹办.ixx:4655"	"0"	"1"	"const 语素入口节点类* 值类型_场景指针_筹办() noexcept"	"未分类：值类型_场景指针_筹办"	"类别=未分类;输入=有自定义类型;输出=指针/节点;副作用=无明显副作用;领域=语素;约束=noexcept"	"专用类/对应头文件：语素"	"待复核"
"值类型_类型I64_筹办"	"任务模块.筹办.ixx:4648"	"0"	"1"	"const 语素入口节点类* 值类型_类型I64_筹办() noexcept"	"未分类：值类型_类型I64_筹办"	"类别=未分类;输入=有自定义类型;输出=I64;副作用=无明显副作用;领域=语素;约束=noexcept"	"专用类/对应头文件：语素"	"待复核"
"值类型_特征类型指针_筹办"	"任务模块.筹办.ixx:4662"	"0"	"1"	"const 语素入口节点类* 值类型_特征类型指针_筹办() noexcept"	"未分类：值类型_特征类型指针_筹办"	"类别=未分类;输入=有自定义类型;输出=指针/节点;副作用=无明显副作用;领域=语素;约束=noexcept"	"专用类/对应头文件：语素"	"待复核"
"值类型_I64_筹办"	"任务模块.筹办.ixx:4641"	"0"	"1"	"const 语素入口节点类* 值类型_I64_筹办() noexcept"	"未分类：值类型_I64_筹办"	"类别=未分类;输入=有自定义类型;输出=I64;副作用=无明显副作用;领域=语素;约束=noexcept"	"专用类/对应头文件：语素"	"待复核"
"重新计算距离"	"基础数据类型.h:1476"	"2"	"2"	"inline void 重新计算距离() { 距离 = std::sqrt(中心坐标.x * 中心坐标.x + 中心坐标.y * 中心坐标.y + 中心坐标.z * 中心坐标.z); }"	"未分类：重新计算距离"	"类别=未分类;输入=无自定义类型;输出=void;副作用=无明显副作用;领域=全局通用候选;约束=inline"	"原地保留/待复核"	"待复核"
"重新计算距离"	"基础数据类型.ixx:1476"	"2"	"2"	"inline void 重新计算距离() { 距离 = std::sqrt(中心坐标.x * 中心坐标.x + 中心坐标.y * 中心坐标.y + 中心坐标.z * 中心坐标.z); }"	"未分类：重新计算距离"	"类别=未分类;输入=无自定义类型;输出=void;副作用=无明显副作用;领域=全局通用候选;约束=inline"	"原地保留/待复核"	"待复核"
"注入观察质量父需求依赖裁决_筹办查询"	"任务模块.筹办.ixx:2639"	"1"	"1"	"void 注入观察质量父需求依赖裁决_筹办查询("	"查找：注入观察质量父需求依赖裁决_筹办查询"	"类别=查找;输入=有自定义类型;输出=void;副作用=无明显副作用;领域=需求;约束=无显式约束"	"专用类/对应头文件：需求"	"待复核"
"总耗时_us"	"动作线程类.ixx:75"	"1"	"1"	"[[nodiscard]] std::uint64_t 总耗时_us() const noexcept"	"未分类：总耗时_us"	"类别=未分类;输入=无自定义类型;输出=其他;副作用=无明显副作用;领域=全局通用候选;约束=noexcept"	"原地保留/待复核"	"待复核"
"L5关键成功额外条件成立"	"自我动作实现.服务模块.ixx:2995"	"1"	"1"	"inline bool L5关键成功额外条件成立("	"未分类：L5关键成功额外条件成立"	"类别=未分类;输入=无自定义类型;输出=bool;副作用=无明显副作用;领域=自我;约束=inline"	"原地保留/待复核"	"待复核"
"按方法虚拟存在查找方法_动作模块"	"自我动作实现模块.ixx:5406"	"0"	"1"	"inline 方法类::节点类* 按方法虚拟存在查找方法_动作模块("	"查找：按方法虚拟存在查找方法_动作模块"	"类别=查找;输入=有自定义类型;输出=指针/节点;副作用=无明显副作用;领域=存在;约束=inline"	"专用类/对应头文件：存在"	"入口或证据风险"
"本能动作执行缺口_可执行输入参数场景缺失词"	"本能动作管理类.ixx:159"	"1"	"1"	"const 语素入口节点类* 本能动作执行缺口_可执行输入参数场景缺失词() noexcept"	"未分类：本能动作执行缺口_可执行输入参数场景缺失词"	"类别=未分类;输入=有自定义类型;输出=指针/节点;副作用=无明显副作用;领域=语素;约束=noexcept"	"专用类/对应头文件：语素"	"入口或证据风险"
"本能ID是当前默认自我本能_动作模块"	"自我动作实现.外设模块.ixx:8920"	"0"	"2"	"inline bool 本能ID是当前默认自我本能_动作模块(枚举_本能方法ID 本能ID) noexcept"	"未分类：本能ID是当前默认自我本能_动作模块"	"类别=未分类;输入=有自定义类型;输出=bool;副作用=无明显副作用;领域=外设;约束=noexcept+inline"	"专用类/对应头文件：外设"	"入口或证据风险"
"本能ID是当前默认自我本能_动作模块"	"自我动作实现模块.ixx:3586"	"0"	"2"	"inline bool 本能ID是当前默认自我本能_动作模块(枚举_本能方法ID 本能ID) noexcept"	"未分类：本能ID是当前默认自我本能_动作模块"	"类别=未分类;输入=有自定义类型;输出=bool;副作用=无明显副作用;领域=方法;约束=noexcept+inline"	"专用类/对应头文件：方法"	"入口或证据风险"
"处理治理消息批次"	"自我线程模块.消息处理器.ixx:393"	"0"	"1"	"inline 结构_消息批次处理摘要 处理治理消息批次("	"入口/调度：处理治理消息批次"	"类别=入口/调度;输入=有自定义类型;输出=其他;副作用=无明显副作用;领域=自我;约束=inline"	"专用类/对应头文件：自我"	"入口或证据风险"
"从回执同步候选方法头节点到任务"	"自我动作实现模块.ixx:11182"	"1"	"1"	"inline std::size_t 从回执同步候选方法头节点到任务("	"未分类：从回执同步候选方法头节点到任务"	"类别=未分类;输入=有自定义类型;输出=指针/节点;副作用=可能写结构/缓存;领域=任务;约束=inline"	"专用类/对应头文件：任务"	"入口或证据风险"
"从状态补齐目标主体和特征缓存_已加锁"	"需求类.h:970"	"5"	"5"	"static void 从状态补齐目标主体和特征缓存_已加锁(需求主信息类& 主信息) noexcept"	"未分类：从状态补齐目标主体和特征缓存_已加锁"	"类别=未分类;输入=有自定义类型;输出=void;副作用=无明显副作用;领域=特征;约束=noexcept+static+锁约束"	"专用类/对应头文件：特征"	"入口或证据风险"
"读取包语素入口指针"	"自我动作实现模块.ixx:5829"	"1"	"1"	"inline bool 读取包语素入口指针("	"读取：读取包语素入口指针"	"类别=读取;输入=有自定义类型;输出=bool;副作用=无明显副作用;领域=语素;约束=inline"	"专用类/对应头文件：语素"	"入口或证据风险"
"方法结果能力命中目标特征"	"任务模块.筹办.ixx:4833"	"1"	"1"	"bool 方法结果能力命中目标特征("	"比较：方法结果能力命中目标特征"	"类别=比较;输入=有自定义类型;输出=bool;副作用=无明显副作用;领域=特征;约束=无显式约束"	"专用类/对应头文件：特征"	"入口或证据风险"
"方法结果项承接任务需求_按目标集合"	"任务模块.筹办.ixx:4024"	"0"	"1"	"bool 方法结果项承接任务需求_按目标集合("	"未分类：方法结果项承接任务需求_按目标集合"	"类别=未分类;输入=有自定义类型;输出=bool;副作用=无明显副作用;领域=需求;约束=无显式约束"	"专用类/对应头文件：需求"	"入口或证据风险"
"方法结果项命中目标特征集合"	"任务模块.筹办.ixx:4817"	"0"	"1"	"bool 方法结果项命中目标特征集合("	"比较：方法结果项命中目标特征集合"	"类别=比较;输入=有自定义类型;输出=bool;副作用=无明显副作用;领域=特征;约束=无显式约束"	"专用类/对应头文件：特征"	"入口或证据风险"
"方法结果项目标值适配需求"	"任务模块.筹办.ixx:3953"	"1"	"1"	"bool 方法结果项目标值适配需求("	"未分类：方法结果项目标值适配需求"	"类别=未分类;输入=有自定义类型;输出=bool;副作用=无明显副作用;领域=需求;约束=无显式约束"	"专用类/对应头文件：需求"	"入口或证据风险"
"方法选择评分相同"	"任务模块.筹办.ixx:3827"	"1"	"1"	"bool 方法选择评分相同("	"比较：方法选择评分相同"	"类别=比较;输入=有自定义类型;输出=bool;副作用=无明显副作用;领域=任务;约束=无显式约束"	"专用类/对应头文件：任务"	"入口或证据风险"
"方法已有参数化结果能力"	"任务模块.筹办.ixx:4862"	"1"	"1"	"bool 方法已有参数化结果能力("	"未分类：方法已有参数化结果能力"	"类别=未分类;输入=有自定义类型;输出=bool;副作用=无明显副作用;领域=任务;约束=无显式约束"	"专用类/对应头文件：任务"	"入口或证据风险"
"方法状态_待方法动作"	"自我动作实现模块.ixx:2129"	"2"	"2"	"inline constexpr I64 方法状态_待方法动作() noexcept { return static_cast<I64>(枚举_方法状态::待方法动作); }"	"未分类：方法状态_待方法动作"	"类别=未分类;输入=有自定义类型;输出=I64;副作用=无明显副作用;领域=方法;约束=noexcept+constexpr+inline"	"专用类/对应头文件：方法"	"入口或证据风险"
"方法状态_待方法动作"	"自我动作实现.外设模块.ixx:5856"	"2"	"2"	"inline constexpr I64 方法状态_待方法动作() noexcept { return static_cast<I64>(枚举_方法状态::待方法动作); }"	"未分类：方法状态_待方法动作"	"类别=未分类;输入=有自定义类型;输出=I64;副作用=无明显副作用;领域=外设;约束=noexcept+constexpr+inline"	"专用类/对应头文件：外设"	"入口或证据风险"
"方法状态_待运行账"	"自我动作实现模块.ixx:2147"	"2"	"2"	"inline constexpr I64 方法状态_待运行账() noexcept { return 方法状态_有条件结果(); }"	"未分类：方法状态_待运行账"	"类别=未分类;输入=有自定义类型;输出=I64;副作用=无明显副作用;领域=方法;约束=noexcept+constexpr+inline"	"专用类/对应头文件：方法"	"入口或证据风险"
"方法状态_待运行账"	"自我动作实现.外设模块.ixx:5874"	"2"	"2"	"inline constexpr I64 方法状态_待运行账() noexcept { return 方法状态_有条件结果(); }"	"未分类：方法状态_待运行账"	"类别=未分类;输入=有自定义类型;输出=I64;副作用=无明显副作用;领域=外设;约束=noexcept+constexpr+inline"	"专用类/对应头文件：外设"	"入口或证据风险"
"方法状态_有条件节点"	"自我动作实现模块.ixx:2138"	"2"	"2"	"inline constexpr I64 方法状态_有条件节点() noexcept { return static_cast<I64>(枚举_方法状态::待结果节点); }"	"未分类：方法状态_有条件节点"	"类别=未分类;输入=有自定义类型;输出=I64;副作用=无明显副作用;领域=方法;约束=noexcept+constexpr+inline"	"专用类/对应头文件：方法"	"入口或证据风险"
"方法状态_有条件节点"	"自我动作实现.外设模块.ixx:5865"	"2"	"2"	"inline constexpr I64 方法状态_有条件节点() noexcept { return static_cast<I64>(枚举_方法状态::待结果节点); }"	"未分类：方法状态_有条件节点"	"类别=未分类;输入=有自定义类型;输出=I64;副作用=无明显副作用;领域=外设;约束=noexcept+constexpr+inline"	"专用类/对应头文件：外设"	"入口或证据风险"
"构建观察存在假设_外设簇"	"自我动作实现.外设模块.ixx:11761"	"0"	"1"	"inline 结构_观察存在假设结果 构建观察存在假设_外设簇("	"未分类：构建观察存在假设_外设簇"	"类别=未分类;输入=有自定义类型;输出=其他;副作用=线程或外设交互;领域=外设;约束=inline"	"专用类/对应头文件：外设"	"入口或证据风险"
"基础节点日志文本"	"自我动作实现.外设模块.ixx:12088"	"0"	"1"	"inline std::string 基础节点日志文本(const 基础信息节点类* 节点) noexcept"	"日志/错误：基础节点日志文本"	"类别=日志/错误;输入=有自定义类型;输出=指针/节点;副作用=日志/错误输出;领域=外设;约束=noexcept+inline"	"专用类/对应头文件：外设"	"入口或证据风险"
"记录缺口派生目标状态"	"任务模块.筹办.ixx:464"	"0"	"1"	"void 记录缺口派生目标状态("	"写入：记录缺口派生目标状态"	"类别=写入;输入=无自定义类型;输出=void;副作用=可能写结构/缓存;领域=任务;约束=无显式约束"	"原地保留/待复核"	"入口或证据风险"
"类型_方法配对结果存在"	"自我动作实现.外设模块.ixx:1893"	"2"	"2"	"inline const 语素入口节点类* 类型_方法配对结果存在() noexcept"	"未分类：类型_方法配对结果存在"	"类别=未分类;输入=有自定义类型;输出=指针/节点;副作用=无明显副作用;领域=外设;约束=noexcept+inline"	"专用类/对应头文件：外设"	"入口或证据风险"
"类型_方法配对结果存在"	"自我动作实现模块.ixx:1386"	"2"	"2"	"inline const 语素入口节点类* 类型_方法配对结果存在() noexcept"	"未分类：类型_方法配对结果存在"	"类别=未分类;输入=有自定义类型;输出=指针/节点;副作用=无明显副作用;领域=语素;约束=noexcept+inline"	"专用类/对应头文件：语素"	"入口或证据风险"
"类型_外设提交包组织结果"	"自我动作实现.外设模块.ixx:7093"	"1"	"1"	"inline const 语素入口节点类* 类型_外设提交包组织结果() noexcept"	"写入：类型_外设提交包组织结果"	"类别=写入;输入=有自定义类型;输出=指针/节点;副作用=可能写结构/缓存;领域=外设;约束=noexcept+inline"	"专用类/对应头文件：外设"	"入口或证据风险"
"列出已注册动作"	"动作线程类.ixx:238"	"1"	"1"	"[[nodiscard]] std::vector<枚举_本能方法ID> 列出已注册动作() const"	"入口/调度：列出已注册动作"	"类别=入口/调度;输入=有自定义类型;输出=其他;副作用=无明显副作用;领域=方法;约束=无显式约束"	"专用类/对应头文件：方法"	"入口或证据风险"
"枚举默认本能动作ID"	"本能动作管理类.ixx:1104"	"1"	"1"	"inline std::vector<枚举_本能动作ID> 枚举默认本能动作ID()"	"未分类：枚举默认本能动作ID"	"类别=未分类;输入=有自定义类型;输出=其他;副作用=无明显副作用;领域=方法;约束=inline"	"专用类/对应头文件：方法"	"入口或证据风险"
"描述无条件本能"	"自我动作实现.外设模块.ixx:9087"	"2"	"2"	"inline bool 描述无条件本能("	"未分类：描述无条件本能"	"类别=未分类;输入=有自定义类型;输出=bool;副作用=无明显副作用;领域=外设;约束=inline"	"专用类/对应头文件：外设"	"入口或证据风险"
"描述无条件本能"	"自我动作实现模块.ixx:4162"	"2"	"2"	"inline bool 描述无条件本能("	"未分类：描述无条件本能"	"类别=未分类;输入=有自定义类型;输出=bool;副作用=无明显副作用;领域=方法;约束=inline"	"专用类/对应头文件：方法"	"入口或证据风险"
"评估当前场景特征值材料门项状态"	"自我动作实现.外设模块.ixx:14064"	"0"	"1"	"inline I64 评估当前场景特征值材料门项状态("	"未分类：评估当前场景特征值材料门项状态"	"类别=未分类;输入=有自定义类型;输出=I64;副作用=无明显副作用;领域=外设;约束=inline"	"专用类/对应头文件：外设"	"入口或证据风险"
"启动自检线程只读观察模式"	"自检线程模块.impl.cpp:2233"	"0"	"1"	"bool 启动自检线程只读观察模式()"	"入口/调度：启动自检线程只读观察模式"	"类别=入口/调度;输入=无自定义类型;输出=bool;副作用=线程或外设交互;领域=全局通用候选;约束=无显式约束"	"原地保留/待复核"	"入口或证据风险"
"取或创建本能动作运行结果抽象特征"	"本能动作管理类.ixx:271"	"1"	"1"	"抽象特征节点类* 取或创建本能动作运行结果抽象特征(const char* 语义) noexcept"	"读取：取或创建本能动作运行结果抽象特征"	"类别=读取;输入=有自定义类型;输出=指针/节点;副作用=可能写结构/缓存;领域=特征;约束=noexcept"	"专用类/对应头文件：特征"	"入口或证据风险"
"取消注册"	"动作线程类.ixx:214"	"1"	"1"	"void 取消注册(枚举_本能方法ID 动作ID)"	"读取：取消注册"	"类别=读取;输入=有自定义类型;输出=void;副作用=无明显副作用;领域=方法;约束=无显式约束"	"专用类/对应头文件：方法"	"入口或证据风险"
"确保本能方法抽象条件结果对"	"自我动作实现模块.ixx:4042"	"0"	"1"	"inline bool 确保本能方法抽象条件结果对("	"未分类：确保本能方法抽象条件结果对"	"类别=未分类;输入=有自定义类型;输出=bool;副作用=无明显副作用;领域=方法;约束=inline"	"专用类/对应头文件：方法"	"入口或证据风险"
"确保学习本能自举条件结果对"	"自我动作实现模块.ixx:4017"	"1"	"1"	"inline bool 确保学习本能自举条件结果对("	"未分类：确保学习本能自举条件结果对"	"类别=未分类;输入=有自定义类型;输出=bool;副作用=无明显副作用;领域=方法;约束=inline"	"专用类/对应头文件：方法"	"入口或证据风险"
"是内部变化本能方法"	"自我动作实现.内部模块.ixx:144"	"1"	"1"	"inline bool 是内部变化本能方法(枚举_本能方法ID 方法ID) noexcept"	"未分类：是内部变化本能方法"	"类别=未分类;输入=有自定义类型;输出=bool;副作用=无明显副作用;领域=方法;约束=noexcept+inline"	"专用类/对应头文件：方法"	"入口或证据风险"
"是外部影响本能方法"	"自我动作实现.外部模块.ixx:16"	"1"	"1"	"inline bool 是外部影响本能方法(枚举_本能方法ID 方法ID) noexcept"	"未分类：是外部影响本能方法"	"类别=未分类;输入=有自定义类型;输出=bool;副作用=无明显副作用;领域=方法;约束=noexcept+inline"	"专用类/对应头文件：方法"	"入口或证据风险"
"私有_饱和加I64非负增量_线程侧"	"自我线程模块.impl.cpp:4591"	"0"	"1"	"I64 私有_饱和加I64非负增量_线程侧(I64 左, I64 右) noexcept"	"入口/调度：私有_饱和加I64非负增量_线程侧"	"类别=入口/调度;输入=有自定义类型;输出=I64;副作用=线程或外设交互;领域=自我;约束=noexcept"	"专用类/对应头文件：自我"	"入口或证据风险"
"私有_标记方法已可用"	"自我类.初始化.cpp:211"	"1"	"1"	"bool 私有_标记方法已可用("	"未分类：私有_标记方法已可用"	"类别=未分类;输入=有自定义类型;输出=bool;副作用=无明显副作用;领域=方法;约束=无显式约束"	"专用类/对应头文件：方法"	"入口或证据风险"
"私有_查找直接子需求_按目标特征_线程侧"	"自我线程模块.impl.cpp:10464"	"1"	"1"	"需求节点* 私有_查找直接子需求_按目标特征_线程侧("	"查找：私有_查找直接子需求_按目标特征_线程侧"	"类别=查找;输入=有自定义类型;输出=指针/节点;副作用=线程或外设交互;领域=特征;约束=无显式约束"	"专用类/对应头文件：特征"	"入口或证据风险"
"私有_创建当前场景特征值逻辑组织子需求_线程侧"	"自我线程模块.impl.cpp:10525"	"1"	"1"	"需求节点* 私有_创建当前场景特征值逻辑组织子需求_线程侧("	"入口/调度：私有_创建当前场景特征值逻辑组织子需求_线程侧"	"类别=入口/调度;输入=有自定义类型;输出=指针/节点;副作用=可能写结构/缓存;领域=场景;约束=无显式约束"	"专用类/对应头文件：场景"	"入口或证据风险"
"私有_创建自我I64结果状态"	"自我类.初始化.cpp:132"	"1"	"1"	"状态节点类* 私有_创建自我I64结果状态("	"构造：私有_创建自我I64结果状态"	"类别=构造;输入=有自定义类型;输出=I64;副作用=可能写结构/缓存;领域=自我;约束=无显式约束"	"专用类/对应头文件：自我"	"入口或证据风险"
"私有_登记证据动态样本_已加锁"	"因果类.cpp:171"	"0"	"1"	"static bool 私有_登记证据动态样本_已加锁("	"未分类：私有_登记证据动态样本_已加锁"	"类别=未分类;输入=有自定义类型;输出=bool;副作用=无明显副作用;领域=因果;约束=static+锁约束"	"专用类/对应头文件：因果"	"入口或证据风险"
"私有_读取状态I64值_工作线程"	"任务模块.管理工作线程.ixx:1911"	"0"	"1"	"bool 私有_读取状态I64值_工作线程("	"读取：私有_读取状态I64值_工作线程"	"类别=读取;输入=有自定义类型;输出=bool;副作用=线程或外设交互;领域=任务;约束=无显式约束"	"专用类/对应头文件：任务"	"入口或证据风险"
"私有_读取状态I64值_线程侧"	"自我线程模块.impl.cpp:4564"	"0"	"1"	"bool 私有_读取状态I64值_线程侧("	"读取：私有_读取状态I64值_线程侧"	"类别=读取;输入=有自定义类型;输出=bool;副作用=线程或外设交互;领域=自我;约束=无显式约束"	"专用类/对应头文件：自我"	"入口或证据风险"
"私有_二次特征方向_控制面板"	"控制面板类.cpp:3665"	"1"	"1"	"std::optional<int> 私有_二次特征方向_控制面板(const 二次特征节点类* 二次特征节点) noexcept"	"未分类：私有_二次特征方向_控制面板"	"类别=未分类;输入=有自定义类型;输出=指针/节点;副作用=无明显副作用;领域=控制面板;约束=noexcept"	"专用类/对应头文件：控制面板"	"入口或证据风险"
"私有_方法匹配自我能力值_执行桥_最小_v0"	"任务模块.执行.ixx:207"	"2"	"2"	"inline bool 私有_方法匹配自我能力值_执行桥_最小_v0("	"比较：私有_方法匹配自我能力值_执行桥_最小_v0"	"类别=比较;输入=有自定义类型;输出=bool;副作用=无明显副作用;领域=任务;约束=inline"	"专用类/对应头文件：任务"	"入口或证据风险"
"私有_方法匹配自我能力值_执行桥_最小_v0"	"任务模块.执行.ixx:228"	"2"	"2"	"私有_方法匹配自我能力值_执行桥_最小_v0(方法, 自我能力值)) {"	"比较：私有_方法匹配自我能力值_执行桥_最小_v0"	"类别=比较;输入=有自定义类型;输出=其他;副作用=无明显副作用;领域=任务;约束=无显式约束"	"专用类/对应头文件：任务"	"入口或证据风险"
"私有_方法是练习本能方法"	"自我类.初始化.cpp:195"	"1"	"1"	"bool 私有_方法是练习本能方法(const 方法节点* 方法) noexcept"	"未分类：私有_方法是练习本能方法"	"类别=未分类;输入=有自定义类型;输出=bool;副作用=无明显副作用;领域=方法;约束=noexcept"	"专用类/对应头文件：方法"	"入口或证据风险"
"私有_方法条件结果对数量_执行桥_最小_v0"	"任务模块.执行.ixx:716"	"0"	"1"	"inline I64 私有_方法条件结果对数量_执行桥_最小_v0(const 方法类::节点类* 方法) noexcept"	"统计：私有_方法条件结果对数量_执行桥_最小_v0"	"类别=统计;输入=有自定义类型;输出=I64;副作用=无明显副作用;领域=任务;约束=noexcept+inline"	"专用类/对应头文件：任务"	"入口或证据风险"
"私有_方法条件结果对数量特征类型_执行桥_最小_v0"	"任务模块.执行.ixx:360"	"0"	"1"	"inline const 语素入口节点类* 私有_方法条件结果对数量特征类型_执行桥_最小_v0() noexcept"	"统计：私有_方法条件结果对数量特征类型_执行桥_最小_v0"	"类别=统计;输入=有自定义类型;输出=指针/节点;副作用=无明显副作用;领域=语素;约束=noexcept+inline"	"专用类/对应头文件：语素"	"入口或证据风险"
"私有_方法引用指向节点_线程侧"	"自我线程模块.impl.cpp:2498"	"1"	"1"	"bool 私有_方法引用指向节点_线程侧("	"入口/调度：私有_方法引用指向节点_线程侧"	"类别=入口/调度;输入=有自定义类型;输出=bool;副作用=线程或外设交互;领域=方法;约束=无显式约束"	"专用类/对应头文件：方法"	"入口或证据风险"
"私有_方法状态_待方法动作值_自检"	"自检线程模块.impl.cpp:464"	"0"	"1"	"constexpr I64 私有_方法状态_待方法动作值_自检() noexcept"	"未分类：私有_方法状态_待方法动作值_自检"	"类别=未分类;输入=有自定义类型;输出=I64;副作用=无明显副作用;领域=方法;约束=noexcept+constexpr"	"专用类/对应头文件：方法"	"入口或证据风险"
"私有_方法状态_待结果节点值_自检"	"自检线程模块.impl.cpp:476"	"0"	"1"	"constexpr I64 私有_方法状态_待结果节点值_自检() noexcept"	"未分类：私有_方法状态_待结果节点值_自检"	"类别=未分类;输入=有自定义类型;输出=I64;副作用=无明显副作用;领域=方法;约束=noexcept+constexpr"	"专用类/对应头文件：方法"	"入口或证据风险"
"私有_方法状态_待条件节点值_自检"	"自检线程模块.impl.cpp:470"	"0"	"1"	"constexpr I64 私有_方法状态_待条件节点值_自检() noexcept"	"未分类：私有_方法状态_待条件节点值_自检"	"类别=未分类;输入=有自定义类型;输出=I64;副作用=无明显副作用;领域=方法;约束=noexcept+constexpr"	"专用类/对应头文件：方法"	"入口或证据风险"
"私有_方法状态_待条件结果对值_自检"	"自检线程模块.impl.cpp:482"	"0"	"1"	"constexpr I64 私有_方法状态_待条件结果对值_自检() noexcept"	"未分类：私有_方法状态_待条件结果对值_自检"	"类别=未分类;输入=有自定义类型;输出=I64;副作用=无明显副作用;领域=方法;约束=noexcept+constexpr"	"专用类/对应头文件：方法"	"入口或证据风险"
"私有_方法状态_可用值_自检"	"自检线程模块.impl.cpp:488"	"0"	"1"	"constexpr I64 私有_方法状态_可用值_自检() noexcept"	"未分类：私有_方法状态_可用值_自检"	"类别=未分类;输入=有自定义类型;输出=I64;副作用=无明显副作用;领域=方法;约束=noexcept+constexpr"	"专用类/对应头文件：方法"	"入口或证据风险"
"私有_方法状态特征类型_执行桥_最小_v0"	"任务模块.执行.ixx:262"	"0"	"1"	"inline const 语素入口节点类* 私有_方法状态特征类型_执行桥_最小_v0() noexcept"	"未分类：私有_方法状态特征类型_执行桥_最小_v0"	"类别=未分类;输入=有自定义类型;输出=指针/节点;副作用=无明显副作用;领域=语素;约束=noexcept+inline"	"专用类/对应头文件：语素"	"入口或证据风险"
"私有_方法状态文本"	"控制面板类.cpp:1105"	"1"	"1"	"const char* 私有_方法状态文本(const I64 状态) noexcept"	"未分类：私有_方法状态文本"	"类别=未分类;输入=有自定义类型;输出=I64;副作用=无明显副作用;领域=控制面板;约束=noexcept"	"专用类/对应头文件：控制面板"	"入口或证据风险"
"私有_方法自我能力值_执行桥_最小_v0"	"任务模块.执行.ixx:195"	"0"	"1"	"inline I64 私有_方法自我能力值_执行桥_最小_v0("	"未分类：私有_方法自我能力值_执行桥_最小_v0"	"类别=未分类;输入=有自定义类型;输出=I64;副作用=无明显副作用;领域=任务;约束=inline"	"专用类/对应头文件：任务"	"入口或证据风险"
"私有_根特征抽象目标值或当前值_线程侧"	"自我线程模块.impl.cpp:626"	"1"	"1"	"I64 私有_根特征抽象目标值或当前值_线程侧("	"入口/调度：私有_根特征抽象目标值或当前值_线程侧"	"类别=入口/调度;输入=有自定义类型;输出=I64;副作用=线程或外设交互;领域=特征;约束=无显式约束"	"专用类/对应头文件：特征"	"入口或证据风险"
"私有_解析二次特征引用_线程侧"	"自我线程模块.impl.cpp:6295"	"0"	"1"	"二次特征节点类* 私有_解析二次特征引用_线程侧("	"读取：私有_解析二次特征引用_线程侧"	"类别=读取;输入=有自定义类型;输出=指针/节点;副作用=线程或外设交互;领域=特征;约束=无显式约束"	"专用类/对应头文件：特征"	"入口或证据风险"
"私有_解析方法引用_需求校验"	"需求类.cpp:774"	"0"	"1"	"方法类::节点类* 私有_解析方法引用_需求校验("	"读取：私有_解析方法引用_需求校验"	"类别=读取;输入=有自定义类型;输出=指针/节点;副作用=无明显副作用;领域=需求;约束=无显式约束"	"专用类/对应头文件：需求"	"入口或证据风险"
"私有_解析状态引用_控制命令"	"鱼巢.cpp:1671"	"0"	"1"	"状态节点类* 私有_解析状态引用_控制命令("	"读取：私有_解析状态引用_控制命令"	"类别=读取;输入=有自定义类型;输出=指针/节点;副作用=无明显副作用;领域=全局通用候选;约束=无显式约束"	"专用类/对应头文件：全局通用候选"	"入口或证据风险"
"私有_解析状态引用_因果"	"因果类.cpp:270"	"0"	"1"	"static 状态节点类* 私有_解析状态引用_因果(基础信息类* 基础信息, const 可解析引用<状态节点类>& 引用) noexcept"	"读取：私有_解析状态引用_因果"	"类别=读取;输入=有自定义类型;输出=指针/节点;副作用=无明显副作用;领域=基础信息;约束=noexcept+static"	"专用类/对应头文件：基础信息"	"入口或证据风险"
"私有_落线程状态变化到自我内部世界"	"自我线程模块.impl.cpp:13242"	"1"	"1"	"bool 私有_落线程状态变化到自我内部世界("	"入口/调度：私有_落线程状态变化到自我内部世界"	"类别=入口/调度;输入=无自定义类型;输出=bool;副作用=线程或外设交互;领域=自我;约束=无显式约束"	"原地保留/待复核"	"入口或证据风险"
"私有_枚举主果命中因果信息_线程侧"	"自我线程模块.impl.cpp:6351"	"1"	"1"	"std::vector<因果节点类*> 私有_枚举主果命中因果信息_线程侧("	"比较：私有_枚举主果命中因果信息_线程侧"	"类别=比较;输入=有自定义类型;输出=指针/节点;副作用=线程或外设交互;领域=因果;约束=无显式约束"	"专用类/对应头文件：因果"	"入口或证据风险"
"私有_目标方法已可用"	"自我类.初始化.cpp:922"	"1"	"1"	"bool 私有_目标方法已可用(const 方法节点* 目标方法) noexcept"	"未分类：私有_目标方法已可用"	"类别=未分类;输入=有自定义类型;输出=bool;副作用=无明显副作用;领域=方法;约束=noexcept"	"专用类/对应头文件：方法"	"入口或证据风险"
"私有_切换线程状态并上报_"	"自我线程模块.impl.cpp:14510"	"1"	"1"	"bool 私有_切换线程状态并上报_("	"入口/调度：私有_切换线程状态并上报_"	"类别=入口/调度;输入=无自定义类型;输出=bool;副作用=线程或外设交互;领域=自我;约束=无显式约束"	"原地保留/待复核"	"入口或证据风险"
"私有_取方法节点"	"任务类.cpp:188"	"2"	"2"	"const 方法节点* 私有_取方法节点(const 方法节点类* 节点) noexcept"	"读取：私有_取方法节点"	"类别=读取;输入=有自定义类型;输出=指针/节点;副作用=无明显副作用;领域=任务;约束=noexcept"	"专用类/对应头文件：任务"	"入口或证据风险"
"私有_取方法节点"	"任务类.cpp:59"	"2"	"2"	"方法节点* 私有_取方法节点(方法节点类* 节点) noexcept"	"读取：私有_取方法节点"	"类别=读取;输入=有自定义类型;输出=指针/节点;副作用=无明显副作用;领域=任务;约束=noexcept"	"专用类/对应头文件：任务"	"入口或证据风险"
"私有_取首个有效状态"	"任务类.cpp:217"	"1"	"1"	"状态节点类* 私有_取首个有效状态("	"读取：私有_取首个有效状态"	"类别=读取;输入=有自定义类型;输出=指针/节点;副作用=无明显副作用;领域=任务;约束=无显式约束"	"专用类/对应头文件：任务"	"入口或证据风险"
"私有_确保安全风险树I64比较_线程侧"	"自我线程模块.impl.cpp:6390"	"1"	"1"	"二次特征节点类* 私有_确保安全风险树I64比较_线程侧("	"比较：私有_确保安全风险树I64比较_线程侧"	"类别=比较;输入=有自定义类型;输出=I64;副作用=线程或外设交互;领域=特征;约束=无显式约束"	"专用类/对应头文件：特征"	"入口或证据风险"
"私有_确保本能动作运行时已注册"	"自我类.初始化.cpp:1058"	"1"	"1"	"void 私有_确保本能动作运行时已注册("	"入口/调度：私有_确保本能动作运行时已注册"	"类别=入口/调度;输入=有自定义类型;输出=void;副作用=无明显副作用;领域=方法;约束=无显式约束"	"专用类/对应头文件：方法"	"入口或证据风险"
"私有_确保当前场景特征值路径宿主_线程侧"	"自我线程模块.impl.cpp:10487"	"1"	"1"	"存在节点类* 私有_确保当前场景特征值路径宿主_线程侧("	"入口/调度：私有_确保当前场景特征值路径宿主_线程侧"	"类别=入口/调度;输入=有自定义类型;输出=指针/节点;副作用=线程或外设交互;领域=存在;约束=无显式约束"	"专用类/对应头文件：存在"	"入口或证据风险"
"私有_任务状态是异常终态"	"自我类.初始化.cpp:203"	"1"	"1"	"bool 私有_任务状态是异常终态(const 枚举_任务状态 状态) noexcept"	"未分类：私有_任务状态是异常终态"	"类别=未分类;输入=有自定义类型;输出=bool;副作用=无明显副作用;领域=任务;约束=noexcept"	"专用类/对应头文件：任务"	"入口或证据风险"
"私有_任务追踪特征_动作动态"	"鱼巢.cpp:1783"	"1"	"1"	"const 语素入口节点类* 私有_任务追踪特征_动作动态() noexcept"	"未分类：私有_任务追踪特征_动作动态"	"类别=未分类;输入=有自定义类型;输出=指针/节点;副作用=无明显副作用;领域=语素;约束=noexcept"	"专用类/对应头文件：语素"	"入口或证据风险"
"私有_特征_方法成功次数_控制面板"	"控制面板类.cpp:135"	"1"	"1"	"const 语素入口节点类* 私有_特征_方法成功次数_控制面板() noexcept"	"未分类：私有_特征_方法成功次数_控制面板"	"类别=未分类;输入=有自定义类型;输出=指针/节点;副作用=无明显副作用;领域=控制面板;约束=noexcept"	"专用类/对应头文件：控制面板"	"入口或证据风险"
"私有_特征_方法动作状态_控制面板"	"控制面板类.cpp:119"	"1"	"1"	"const 语素入口节点类* 私有_特征_方法动作状态_控制面板() noexcept"	"未分类：私有_特征_方法动作状态_控制面板"	"类别=未分类;输入=有自定义类型;输出=指针/节点;副作用=无明显副作用;领域=控制面板;约束=noexcept"	"专用类/对应头文件：控制面板"	"入口或证据风险"
"私有_特征_方法运行次数_控制面板"	"控制面板类.cpp:127"	"1"	"1"	"const 语素入口节点类* 私有_特征_方法运行次数_控制面板() noexcept"	"未分类：私有_特征_方法运行次数_控制面板"	"类别=未分类;输入=有自定义类型;输出=指针/节点;副作用=无明显副作用;领域=控制面板;约束=noexcept"	"专用类/对应头文件：控制面板"	"入口或证据风险"
"私有_特征_方法运行次数_自检"	"自检线程模块.impl.cpp:93"	"1"	"1"	"const 语素入口节点类* 私有_特征_方法运行次数_自检() noexcept"	"未分类：私有_特征_方法运行次数_自检"	"类别=未分类;输入=有自定义类型;输出=指针/节点;副作用=无明显副作用;领域=语素;约束=noexcept"	"专用类/对应头文件：语素"	"入口或证据风险"
"私有_特征_方法运行账完整性"	"自我类.初始化.cpp:301"	"1"	"1"	"const 语素入口节点类* 私有_特征_方法运行账完整性() noexcept { return 私有_方法补齐特征词(""方法运行账完整性""); }"	"未分类：私有_特征_方法运行账完整性"	"类别=未分类;输入=有自定义类型;输出=指针/节点;副作用=无明显副作用;领域=语素;约束=noexcept"	"专用类/对应头文件：语素"	"入口或证据风险"
"私有_特征_方法状态_控制面板"	"控制面板类.cpp:111"	"0"	"1"	"const 语素入口节点类* 私有_特征_方法状态_控制面板() noexcept"	"未分类：私有_特征_方法状态_控制面板"	"类别=未分类;输入=有自定义类型;输出=指针/节点;副作用=无明显副作用;领域=控制面板;约束=noexcept"	"专用类/对应头文件：控制面板"	"入口或证据风险"
"私有_特征_方法状态_需求校验"	"需求类.cpp:911"	"0"	"1"	"const 语素入口节点类* 私有_特征_方法状态_需求校验() noexcept"	"校验：私有_特征_方法状态_需求校验"	"类别=校验;输入=有自定义类型;输出=指针/节点;副作用=无明显副作用;领域=语素;约束=noexcept"	"专用类/对应头文件：语素"	"入口或证据风险"
"私有_特征_方法状态_自检"	"自检线程模块.impl.cpp:69"	"0"	"1"	"const 语素入口节点类* 私有_特征_方法状态_自检() noexcept"	"未分类：私有_特征_方法状态_自检"	"类别=未分类;输入=有自定义类型;输出=指针/节点;副作用=无明显副作用;领域=语素;约束=noexcept"	"专用类/对应头文件：语素"	"入口或证据风险"
"私有_特征_方法最近连续成功次数_控制面板"	"控制面板类.cpp:143"	"1"	"1"	"const 语素入口节点类* 私有_特征_方法最近连续成功次数_控制面板() noexcept"	"未分类：私有_特征_方法最近连续成功次数_控制面板"	"类别=未分类;输入=有自定义类型;输出=指针/节点;副作用=无明显副作用;领域=控制面板;约束=noexcept"	"专用类/对应头文件：控制面板"	"入口或证据风险"
"私有_特征_任务执行方法"	"自我类.初始化.cpp:814"	"2"	"2"	"const 语素入口节点类* 私有_特征_任务执行方法() noexcept"	"未分类：私有_特征_任务执行方法"	"类别=未分类;输入=有自定义类型;输出=指针/节点;副作用=无明显副作用;领域=语素;约束=noexcept"	"专用类/对应头文件：语素"	"入口或证据风险"
"私有_特征_任务执行方法"	"自我类.初始化.cpp:1048"	"2"	"2"	"(void)任务类::记录任务虚拟存在特征("	"未分类：私有_特征_任务执行方法"	"类别=未分类;输入=有自定义类型;输出=void;副作用=无明显副作用;领域=存在;约束=无显式约束"	"专用类/对应头文件：存在"	"入口或证据风险"
"私有_特征值非空_线程侧"	"自我线程模块.impl.cpp:1033"	"3"	"3"	"bool 私有_特征值非空_线程侧(const 特征值& 值) noexcept"	"入口/调度：私有_特征值非空_线程侧"	"类别=入口/调度;输入=有自定义类型;输出=bool;副作用=线程或外设交互;领域=特征值;约束=noexcept"	"专用类/对应头文件：特征值"	"入口或证据风险"
"私有_特征值非空_线程侧"	"自我线程模块.impl.cpp:1142"	"3"	"3"	"before主信息 && 私有_特征值非空_线程侧(before主信息->状态值)) {"	"入口/调度：私有_特征值非空_线程侧"	"类别=入口/调度;输入=有自定义类型;输出=其他;副作用=线程或外设交互;领域=特征值;约束=无显式约束"	"专用类/对应头文件：特征值"	"入口或证据风险"
"私有_特征值非空_线程侧"	"自我线程模块.impl.cpp:1153"	"3"	"3"	"actual主信息 && 私有_特征值非空_线程侧(actual主信息->状态值)) {"	"入口/调度：私有_特征值非空_线程侧"	"类别=入口/调度;输入=有自定义类型;输出=其他;副作用=线程或外设交互;领域=特征值;约束=无显式约束"	"专用类/对应头文件：特征值"	"入口或证据风险"
"私有_填充方法可用确认执行结果_执行桥_最小_v0"	"任务模块.执行.ixx:949"	"1"	"1"	"inline 特征节点类* 私有_填充方法可用确认执行结果_执行桥_最小_v0("	"未分类：私有_填充方法可用确认执行结果_执行桥_最小_v0"	"类别=未分类;输入=有自定义类型;输出=指针/节点;副作用=无明显副作用;领域=特征;约束=inline"	"专用类/对应头文件：特征"	"入口或证据风险"
"私有_统计方法条件结果对数量_控制面板"	"控制面板类.cpp:1052"	"1"	"1"	"I64 私有_统计方法条件结果对数量_控制面板(const 方法节点* 方法首节点) noexcept"	"统计：私有_统计方法条件结果对数量_控制面板"	"类别=统计;输入=有自定义类型;输出=I64;副作用=无明显副作用;领域=控制面板;约束=noexcept"	"专用类/对应头文件：控制面板"	"入口或证据风险"
"私有_写入闭环附加I64结果状态"	"自我类.cpp:660"	"1"	"1"	"状态节点类* 私有_写入闭环附加I64结果状态("	"写入：私有_写入闭环附加I64结果状态"	"类别=写入;输入=有自定义类型;输出=I64;副作用=可能写结构/缓存;领域=自我;约束=无显式约束"	"专用类/对应头文件：自我"	"入口或证据风险"
"私有_语素入口主键相等"	"需求类.cpp:401"	"0"	"4"	"bool 私有_语素入口主键相等(const 语素入口节点类* 左, const 语素入口节点类* 右) noexcept"	"入口/调度：私有_语素入口主键相等"	"类别=入口/调度;输入=有自定义类型;输出=bool;副作用=无明显副作用;领域=语素;约束=noexcept"	"专用类/对应头文件：语素"	"入口或证据风险"
"私有_语素入口主键相等"	"方法类.cpp:36"	"0"	"4"	"bool 私有_语素入口主键相等(const 语素入口节点类* 左, const 语素入口节点类* 右) noexcept"	"入口/调度：私有_语素入口主键相等"	"类别=入口/调度;输入=有自定义类型;输出=bool;副作用=无明显副作用;领域=语素;约束=noexcept"	"专用类/对应头文件：语素"	"入口或证据风险"
"私有_语素入口主键相等"	"二次特征应用模块.ixx:705"	"0"	"4"	"bool 私有_语素入口主键相等(const 语素入口节点类* 左, const 语素入口节点类* 右) noexcept"	"入口/调度：私有_语素入口主键相等"	"类别=入口/调度;输入=有自定义类型;输出=bool;副作用=无明显副作用;领域=语素;约束=noexcept"	"专用类/对应头文件：语素"	"入口或证据风险"
"私有_语素入口主键相等"	"二次特征类.cpp:192"	"0"	"4"	"bool 私有_语素入口主键相等(const 语素入口节点类* 左, const 语素入口节点类* 右) noexcept"	"入口/调度：私有_语素入口主键相等"	"类别=入口/调度;输入=有自定义类型;输出=bool;副作用=无明显副作用;领域=语素;约束=noexcept"	"专用类/对应头文件：语素"	"入口或证据风险"
"私有_语素入口主键相等_线程侧"	"自我线程模块.impl.cpp:106"	"0"	"1"	"bool 私有_语素入口主键相等_线程侧(const 语素入口节点类* 左, const 语素入口节点类* 右) noexcept"	"入口/调度：私有_语素入口主键相等_线程侧"	"类别=入口/调度;输入=有自定义类型;输出=bool;副作用=线程或外设交互;领域=语素;约束=noexcept"	"专用类/对应头文件：语素"	"入口或证据风险"
"私有_语素入口主键相等_自检"	"自检线程模块.impl.cpp:128"	"0"	"1"	"bool 私有_语素入口主键相等_自检("	"入口/调度：私有_语素入口主键相等_自检"	"类别=入口/调度;输入=有自定义类型;输出=bool;副作用=无明显副作用;领域=语素;约束=无显式约束"	"专用类/对应头文件：语素"	"入口或证据风险"
"私有_执行输出含缺失参数诊断_工作线程"	"任务模块.管理工作线程.ixx:1605"	"1"	"1"	"bool 私有_执行输出含缺失参数诊断_工作线程("	"日志/错误：私有_执行输出含缺失参数诊断_工作线程"	"类别=日志/错误;输入=无自定义类型;输出=bool;副作用=日志/错误输出;领域=任务;约束=无显式约束"	"原地保留/待复核"	"入口或证据风险"
"私有_执行输出特征_派生需求当前状态"	"任务模块.管理工作线程.ixx:1476"	"0"	"1"	"const 语素入口节点类* 私有_执行输出特征_派生需求当前状态() noexcept"	"日志/错误：私有_执行输出特征_派生需求当前状态"	"类别=日志/错误;输入=有自定义类型;输出=指针/节点;副作用=日志/错误输出;领域=语素;约束=noexcept"	"专用类/对应头文件：语素"	"入口或证据风险"
"私有_执行输出特征_派生需求当前状态_执行桥_最小_v0"	"任务模块.执行.ixx:754"	"0"	"1"	"inline const 语素入口节点类* 私有_执行输出特征_派生需求当前状态_执行桥_最小_v0() noexcept"	"日志/错误：私有_执行输出特征_派生需求当前状态_执行桥_最小_v0"	"类别=日志/错误;输入=有自定义类型;输出=指针/节点;副作用=日志/错误输出;领域=语素;约束=noexcept+inline"	"专用类/对应头文件：语素"	"入口或证据风险"
"私有_执行输出特征_派生需求目标状态"	"任务模块.管理工作线程.ixx:1483"	"0"	"1"	"const 语素入口节点类* 私有_执行输出特征_派生需求目标状态() noexcept"	"日志/错误：私有_执行输出特征_派生需求目标状态"	"类别=日志/错误;输入=有自定义类型;输出=指针/节点;副作用=日志/错误输出;领域=语素;约束=noexcept"	"专用类/对应头文件：语素"	"入口或证据风险"
"私有_执行输出特征_派生需求目标状态_执行桥_最小_v0"	"任务模块.执行.ixx:761"	"0"	"1"	"inline const 语素入口节点类* 私有_执行输出特征_派生需求目标状态_执行桥_最小_v0() noexcept"	"日志/错误：私有_执行输出特征_派生需求目标状态_执行桥_最小_v0"	"类别=日志/错误;输入=有自定义类型;输出=指针/节点;副作用=日志/错误输出;领域=语素;约束=noexcept+inline"	"专用类/对应头文件：语素"	"入口或证据风险"
"私有_直接子需求存在目标特征_线程侧"	"自我线程模块.impl.cpp:10441"	"1"	"1"	"bool 私有_直接子需求存在目标特征_线程侧("	"入口/调度：私有_直接子需求存在目标特征_线程侧"	"类别=入口/调度;输入=有自定义类型;输出=bool;副作用=线程或外设交互;领域=存在;约束=无显式约束"	"专用类/对应头文件：存在"	"入口或证据风险"
"私有_值_执行缺口_当前方法缺失"	"任务模块.管理工作线程.ixx:360"	"1"	"1"	"const 语素入口节点类* 私有_值_执行缺口_当前方法缺失() noexcept { return 私有_任务语义状态词(""执行缺口_当前方法缺失""); }"	"未分类：私有_值_执行缺口_当前方法缺失"	"类别=未分类;输入=有自定义类型;输出=指针/节点;副作用=无明显副作用;领域=语素;约束=noexcept"	"专用类/对应头文件：语素"	"入口或证据风险"
"私有_值_执行缺口_当前方法条件不满足"	"任务模块.管理工作线程.ixx:354"	"1"	"1"	"const 语素入口节点类* 私有_值_执行缺口_当前方法条件不满足() noexcept { return 私有_任务语义状态词(""执行缺口_当前方法条件不满足""); }"	"未分类：私有_值_执行缺口_当前方法条件不满足"	"类别=未分类;输入=有自定义类型;输出=指针/节点;副作用=无明显副作用;领域=语素;约束=noexcept"	"专用类/对应头文件：语素"	"入口或证据风险"
"私有_值_执行缺口_当前方法无执行入口"	"任务模块.管理工作线程.ixx:363"	"1"	"1"	"const 语素入口节点类* 私有_值_执行缺口_当前方法无执行入口() noexcept { return 私有_任务语义状态词(""执行缺口_当前方法无执行入口""); }"	"入口/调度：私有_值_执行缺口_当前方法无执行入口"	"类别=入口/调度;输入=有自定义类型;输出=指针/节点;副作用=无明显副作用;领域=语素;约束=noexcept"	"专用类/对应头文件：语素"	"入口或证据风险"
"私有_制方法节点引用_线程侧"	"自我线程模块.impl.cpp:2489"	"1"	"1"	"可解析引用<方法节点类> 私有_制方法节点引用_线程侧(方法类::节点类* 节点) noexcept"	"入口/调度：私有_制方法节点引用_线程侧"	"类别=入口/调度;输入=有自定义类型;输出=指针/节点;副作用=线程或外设交互;领域=方法;约束=noexcept"	"专用类/对应头文件：方法"	"入口或证据风险"
"私有_状态特征类型_控制面板"	"控制面板类.cpp:3319"	"0"	"1"	"const 语素入口节点类* 私有_状态特征类型_控制面板(const 状态节点类* 状态节点) noexcept"	"未分类：私有_状态特征类型_控制面板"	"类别=未分类;输入=有自定义类型;输出=指针/节点;副作用=无明显副作用;领域=控制面板;约束=noexcept"	"专用类/对应头文件：控制面板"	"入口或证据风险"
"私有_状态特征类型_需求校验"	"需求类.cpp:504"	"0"	"1"	"const 语素入口节点类* 私有_状态特征类型_需求校验("	"校验：私有_状态特征类型_需求校验"	"类别=校验;输入=有自定义类型;输出=指针/节点;副作用=无明显副作用;领域=语素;约束=无显式约束"	"专用类/对应头文件：语素"	"入口或证据风险"
"私有_状态特征类型主键_需求方向"	"需求类.cpp:513"	"0"	"1"	"std::string 私有_状态特征类型主键_需求方向(const 状态节点类* 状态) noexcept"	"未分类：私有_状态特征类型主键_需求方向"	"类别=未分类;输入=有自定义类型;输出=指针/节点;副作用=无明显副作用;领域=特征;约束=noexcept"	"专用类/对应头文件：特征"	"入口或证据风险"
"私有_状态需求条件兼容_线程侧"	"自我线程模块.impl.cpp:2778"	"1"	"1"	"bool 私有_状态需求条件兼容_线程侧("	"入口/调度：私有_状态需求条件兼容_线程侧"	"类别=入口/调度;输入=有自定义类型;输出=bool;副作用=线程或外设交互;领域=需求;约束=无显式约束"	"专用类/对应头文件：需求"	"入口或证据风险"
"私有_追加安全风险树缺口消息_线程侧"	"自我线程模块.impl.cpp:6936"	"1"	"1"	"void 私有_追加安全风险树缺口消息_线程侧("	"入口/调度：私有_追加安全风险树缺口消息_线程侧"	"类别=入口/调度;输入=无自定义类型;输出=void;副作用=可能写结构/缓存;领域=自我;约束=无显式约束"	"原地保留/待复核"	"入口或证据风险"
"私有_自检并补全目标方法候选结构"	"自我类.初始化.cpp:399"	"1"	"1"	"结构_方法自检补全结果 私有_自检并补全目标方法候选结构("	"未分类：私有_自检并补全目标方法候选结构"	"类别=未分类;输入=有自定义类型;输出=其他;副作用=无明显副作用;领域=方法;约束=无显式约束"	"专用类/对应头文件：方法"	"入口或证据风险"
"私有_自检目标方法结构_执行前"	"自我类.初始化.cpp:609"	"1"	"1"	"结构_执行前方法自检结果 私有_自检目标方法结构_执行前("	"未分类：私有_自检目标方法结构_执行前"	"类别=未分类;输入=有自定义类型;输出=其他;副作用=无明显副作用;领域=方法;约束=无显式约束"	"专用类/对应头文件：方法"	"入口或证据风险"
"特征_安全因果候选当前特征值读取状态"	"自我动作实现.外设模块.ixx:6421"	"0"	"1"	"inline const 语素入口节点类* 特征_安全因果候选当前特征值读取状态() noexcept"	"读取：特征_安全因果候选当前特征值读取状态"	"类别=读取;输入=有自定义类型;输出=指针/节点;副作用=无明显副作用;领域=外设;约束=noexcept+inline"	"专用类/对应头文件：外设"	"入口或证据风险"
"特征_安全因果候选构造状态_风险树筹办查询"	"任务模块.筹办.ixx:2103"	"0"	"1"	"const 语素入口节点类* 特征_安全因果候选构造状态_风险树筹办查询() noexcept"	"查找：特征_安全因果候选构造状态_风险树筹办查询"	"类别=查找;输入=有自定义类型;输出=指针/节点;副作用=无明显副作用;领域=语素;约束=noexcept"	"原地保留/专项审计"	"入口或证据风险"
"特征_安全因果候选前一特征值缺口状态"	"自我动作实现.外设模块.ixx:6442"	"0"	"1"	"inline const 语素入口节点类* 特征_安全因果候选前一特征值缺口状态() noexcept"	"未分类：特征_安全因果候选前一特征值缺口状态"	"类别=未分类;输入=有自定义类型;输出=指针/节点;副作用=无明显副作用;领域=外设;约束=noexcept+inline"	"专用类/对应头文件：外设"	"入口或证据风险"
"特征_安全因果搜索时间窗口_筹办"	"任务模块.筹办.ixx:4459"	"0"	"1"	"const 语素入口节点类* 特征_安全因果搜索时间窗口_筹办() noexcept"	"查找：特征_安全因果搜索时间窗口_筹办"	"类别=查找;输入=有自定义类型;输出=指针/节点;副作用=无明显副作用;领域=语素;约束=noexcept"	"专用类/对应头文件：语素"	"入口或证据风险"
"特征_安全因果因素搜索范围完整状态_筹办"	"任务模块.筹办.ixx:4473"	"0"	"1"	"const 语素入口节点类* 特征_安全因果因素搜索范围完整状态_筹办() noexcept"	"查找：特征_安全因果因素搜索范围完整状态_筹办"	"类别=查找;输入=有自定义类型;输出=指针/节点;副作用=无明显副作用;领域=语素;约束=noexcept"	"专用类/对应头文件：语素"	"入口或证据风险"
"特征_安全因果因素证据搜索状态_筹办"	"任务模块.筹办.ixx:4466"	"0"	"1"	"const 语素入口节点类* 特征_安全因果因素证据搜索状态_筹办() noexcept"	"查找：特征_安全因果因素证据搜索状态_筹办"	"类别=查找;输入=有自定义类型;输出=指针/节点;副作用=无明显副作用;领域=语素;约束=noexcept"	"专用类/对应头文件：语素"	"入口或证据风险"
"特征_安全因果因素证据搜索状态_风险树筹办查询"	"任务模块.筹办.ixx:2089"	"0"	"1"	"const 语素入口节点类* 特征_安全因果因素证据搜索状态_风险树筹办查询() noexcept"	"查找：特征_安全因果因素证据搜索状态_风险树筹办查询"	"类别=查找;输入=有自定义类型;输出=指针/节点;副作用=无明显副作用;领域=语素;约束=noexcept"	"专用类/对应头文件：语素"	"入口或证据风险"
"特征_被需求当前状态"	"自我动作实现模块.ixx:257"	"2"	"2"	"inline const 语素入口节点类* 特征_被需求当前状态() noexcept"	"未分类：特征_被需求当前状态"	"类别=未分类;输入=有自定义类型;输出=指针/节点;副作用=无明显副作用;领域=语素;约束=noexcept+inline"	"专用类/对应头文件：语素"	"入口或证据风险"
"特征_被需求当前状态"	"自我动作实现.外设模块.ixx:777"	"2"	"2"	"inline const 语素入口节点类* 特征_被需求当前状态() noexcept"	"未分类：特征_被需求当前状态"	"类别=未分类;输入=有自定义类型;输出=指针/节点;副作用=无明显副作用;领域=外设;约束=noexcept+inline"	"专用类/对应头文件：外设"	"入口或证据风险"
"特征_本轮外设覆盖索引状态"	"自我动作实现.扫描.ixx:524"	"0"	"1"	"inline const 语素入口节点类* 特征_本轮外设覆盖索引状态() noexcept { return 扫描特征词(枚举_扫描特征绑定ID::本轮外设覆盖索引状态); }"	"未分类：特征_本轮外设覆盖索引状态"	"类别=未分类;输入=有自定义类型;输出=指针/节点;副作用=线程或外设交互;领域=外设;约束=noexcept+inline"	"专用类/对应头文件：外设"	"入口或证据风险"
"特征_差值命中状态"	"自我动作实现.外设模块.ixx:5575"	"2"	"2"	"inline const 语素入口节点类* 特征_差值命中状态() noexcept"	"比较：特征_差值命中状态"	"类别=比较;输入=有自定义类型;输出=指针/节点;副作用=无明显副作用;领域=外设;约束=noexcept+inline"	"专用类/对应头文件：外设"	"入口或证据风险"
"特征_差值命中状态"	"自我动作实现模块.ixx:1827"	"2"	"2"	"inline const 语素入口节点类* 特征_差值命中状态() noexcept"	"比较：特征_差值命中状态"	"类别=比较;输入=有自定义类型;输出=指针/节点;副作用=无明显副作用;领域=语素;约束=noexcept+inline"	"专用类/对应头文件：语素"	"入口或证据风险"
"特征_筹办_补观察缺口状态"	"任务模块.筹办.ixx:296"	"1"	"1"	"const 语素入口节点类* 特征_筹办_补观察缺口状态() noexcept"	"未分类：特征_筹办_补观察缺口状态"	"类别=未分类;输入=有自定义类型;输出=指针/节点;副作用=无明显副作用;领域=语素;约束=noexcept"	"专用类/对应头文件：语素"	"入口或证据风险"
"特征_筹办_基础风险判断状态"	"任务模块.筹办.ixx:404"	"1"	"1"	"const 语素入口节点类* 特征_筹办_基础风险判断状态() noexcept"	"校验：特征_筹办_基础风险判断状态"	"类别=校验;输入=有自定义类型;输出=指针/节点;副作用=无明显副作用;领域=语素;约束=noexcept"	"专用类/对应头文件：语素"	"入口或证据风险"
"特征_待处理方法数量"	"自我动作实现.外设模块.ixx:1669"	"2"	"2"	"inline const 语素入口节点类* 特征_待处理方法数量() noexcept"	"统计：特征_待处理方法数量"	"类别=统计;输入=有自定义类型;输出=指针/节点;副作用=无明显副作用;领域=外设;约束=noexcept+inline"	"专用类/对应头文件：外设"	"入口或证据风险"
"特征_待处理方法数量"	"自我动作实现模块.ixx:1162"	"2"	"2"	"inline const 语素入口节点类* 特征_待处理方法数量() noexcept"	"统计：特征_待处理方法数量"	"类别=统计;输入=有自定义类型;输出=指针/节点;副作用=无明显副作用;领域=语素;约束=noexcept+inline"	"专用类/对应头文件：语素"	"入口或证据风险"
"特征_当前场景持续观察需求明确状态_风险树筹办查询"	"任务模块.筹办.ixx:2110"	"0"	"1"	"const 语素入口节点类* 特征_当前场景持续观察需求明确状态_风险树筹办查询() noexcept"	"查找：特征_当前场景持续观察需求明确状态_风险树筹办查询"	"类别=查找;输入=有自定义类型;输出=指针/节点;副作用=无明显副作用;领域=语素;约束=noexcept"	"专用类/对应头文件：语素"	"入口或证据风险"
"特征_当前场景持续观察状态_风险树筹办查询"	"任务模块.筹办.ixx:2117"	"0"	"1"	"const 语素入口节点类* 特征_当前场景持续观察状态_风险树筹办查询() noexcept"	"查找：特征_当前场景持续观察状态_风险树筹办查询"	"类别=查找;输入=有自定义类型;输出=指针/节点;副作用=无明显副作用;领域=语素;约束=noexcept"	"专用类/对应头文件：语素"	"入口或证据风险"
"特征_当前场景最低安全度存在明确状态"	"自我动作实现.外设模块.ixx:6519"	"0"	"1"	"inline const 语素入口节点类* 特征_当前场景最低安全度存在明确状态() noexcept"	"未分类：特征_当前场景最低安全度存在明确状态"	"类别=未分类;输入=有自定义类型;输出=指针/节点;副作用=无明显副作用;领域=外设;约束=noexcept+inline"	"专用类/对应头文件：外设"	"入口或证据风险"
"特征_当前方法执行情况"	"自我动作实现模块.ixx:529"	"2"	"2"	"inline const 语素入口节点类* 特征_当前方法执行情况() noexcept"	"未分类：特征_当前方法执行情况"	"类别=未分类;输入=有自定义类型;输出=指针/节点;副作用=无明显副作用;领域=语素;约束=noexcept+inline"	"专用类/对应头文件：语素"	"入口或证据风险"
"特征_当前方法执行情况"	"自我动作实现.外设模块.ixx:1043"	"2"	"2"	"inline const 语素入口节点类* 特征_当前方法执行情况() noexcept"	"未分类：特征_当前方法执行情况"	"类别=未分类;输入=有自定义类型;输出=指针/节点;副作用=无明显副作用;领域=外设;约束=noexcept+inline"	"专用类/对应头文件：外设"	"入口或证据风险"
"特征_当前服务目标明确状态"	"自我动作实现模块.ixx:2191"	"2"	"2"	"inline const 语素入口节点类* 特征_当前服务目标明确状态() noexcept"	"未分类：特征_当前服务目标明确状态"	"类别=未分类;输入=有自定义类型;输出=指针/节点;副作用=无明显副作用;领域=语素;约束=noexcept+inline"	"专用类/对应头文件：语素"	"入口或证据风险"
"特征_当前服务目标明确状态"	"自我动作实现.外设模块.ixx:5918"	"2"	"2"	"inline const 语素入口节点类* 特征_当前服务目标明确状态() noexcept"	"未分类：特征_当前服务目标明确状态"	"类别=未分类;输入=有自定义类型;输出=指针/节点;副作用=无明显副作用;领域=外设;约束=noexcept+inline"	"专用类/对应头文件：外设"	"入口或证据风险"
"特征_当前观察范围可观测单位存在对应事实提交状态"	"自我动作实现.外设模块.ixx:5113"	"0"	"1"	"inline const 语素入口节点类* 特征_当前观察范围可观测单位存在对应事实提交状态() noexcept"	"写入：特征_当前观察范围可观测单位存在对应事实提交状态"	"类别=写入;输入=有自定义类型;输出=指针/节点;副作用=可能写结构/缓存;领域=外设;约束=noexcept+inline"	"专用类/对应头文件：外设"	"入口或证据风险"
"特征_当前观察特征帧取得状态"	"自我动作实现.外设模块.ixx:2418"	"0"	"1"	"inline const 语素入口节点类* 特征_当前观察特征帧取得状态() noexcept"	"读取：特征_当前观察特征帧取得状态"	"类别=读取;输入=有自定义类型;输出=指针/节点;副作用=无明显副作用;领域=外设;约束=noexcept+inline"	"专用类/对应头文件：外设"	"入口或证据风险"
"特征_当前观察帧存在状态"	"自我动作实现.外设模块.ixx:2439"	"0"	"1"	"inline const 语素入口节点类* 特征_当前观察帧存在状态() noexcept"	"未分类：特征_当前观察帧存在状态"	"类别=未分类;输入=有自定义类型;输出=指针/节点;副作用=无明显副作用;领域=外设;约束=noexcept+inline"	"专用类/对应头文件：外设"	"入口或证据风险"
"特征_当前交互者明确状态"	"自我动作实现模块.ixx:2170"	"2"	"2"	"inline const 语素入口节点类* 特征_当前交互者明确状态() noexcept"	"未分类：特征_当前交互者明确状态"	"类别=未分类;输入=有自定义类型;输出=指针/节点;副作用=无明显副作用;领域=语素;约束=noexcept+inline"	"专用类/对应头文件：语素"	"入口或证据风险"
"特征_当前交互者明确状态"	"自我动作实现.外设模块.ixx:5897"	"2"	"2"	"inline const 语素入口节点类* 特征_当前交互者明确状态() noexcept"	"未分类：特征_当前交互者明确状态"	"类别=未分类;输入=有自定义类型;输出=指针/节点;副作用=无明显副作用;领域=外设;约束=noexcept+inline"	"专用类/对应头文件：外设"	"入口或证据风险"
"特征_当前权限者明确状态"	"自我动作实现模块.ixx:2184"	"2"	"2"	"inline const 语素入口节点类* 特征_当前权限者明确状态() noexcept"	"未分类：特征_当前权限者明确状态"	"类别=未分类;输入=有自定义类型;输出=指针/节点;副作用=无明显副作用;领域=语素;约束=noexcept+inline"	"专用类/对应头文件：语素"	"入口或证据风险"
"特征_当前权限者明确状态"	"自我动作实现.外设模块.ixx:5911"	"2"	"2"	"inline const 语素入口节点类* 特征_当前权限者明确状态() noexcept"	"未分类：特征_当前权限者明确状态"	"类别=未分类;输入=有自定义类型;输出=指针/节点;副作用=无明显副作用;领域=外设;约束=noexcept+inline"	"专用类/对应头文件：外设"	"入口或证据风险"
"特征_当前人类服务对象明确状态"	"自我动作实现.外设模块.ixx:5904"	"2"	"2"	"inline const 语素入口节点类* 特征_当前人类服务对象明确状态() noexcept"	"未分类：特征_当前人类服务对象明确状态"	"类别=未分类;输入=有自定义类型;输出=指针/节点;副作用=无明显副作用;领域=外设;约束=noexcept+inline"	"专用类/对应头文件：外设"	"入口或证据风险"
"特征_当前人类服务对象明确状态"	"自我动作实现模块.ixx:2177"	"2"	"2"	"inline const 语素入口节点类* 特征_当前人类服务对象明确状态() noexcept"	"未分类：特征_当前人类服务对象明确状态"	"类别=未分类;输入=有自定义类型;输出=指针/节点;副作用=无明显副作用;领域=语素;约束=noexcept+inline"	"专用类/对应头文件：语素"	"入口或证据风险"
"特征_动作动态创建状态"	"自我动作实现.扫描.ixx:728"	"0"	"1"	"inline const 语素入口节点类* 特征_动作动态创建状态() noexcept { return 扫描特征词(枚举_扫描特征绑定ID::动作动态创建状态); }"	"构造：特征_动作动态创建状态"	"类别=构造;输入=有自定义类型;输出=指针/节点;副作用=可能写结构/缓存;领域=语素;约束=noexcept+inline"	"专用类/对应头文件：语素"	"入口或证据风险"
"特征_动作动态指针"	"自我动作实现.扫描.ixx:725"	"0"	"1"	"inline const 语素入口节点类* 特征_动作动态指针() noexcept { return 扫描特征词(枚举_扫描特征绑定ID::动作动态指针); }"	"未分类：特征_动作动态指针"	"类别=未分类;输入=有自定义类型;输出=指针/节点;副作用=无明显副作用;领域=语素;约束=noexcept+inline"	"专用类/对应头文件：语素"	"入口或证据风险"
"特征_动作主体替换状态"	"自我动作实现.外设模块.ixx:5798"	"0"	"2"	"inline const 语素入口节点类* 特征_动作主体替换状态() noexcept"	"未分类：特征_动作主体替换状态"	"类别=未分类;输入=有自定义类型;输出=指针/节点;副作用=无明显副作用;领域=外设;约束=noexcept+inline"	"专用类/对应头文件：外设"	"入口或证据风险"
"特征_动作主体替换状态"	"自我动作实现模块.ixx:2050"	"0"	"2"	"inline const 语素入口节点类* 特征_动作主体替换状态() noexcept"	"未分类：特征_动作主体替换状态"	"类别=未分类;输入=有自定义类型;输出=指针/节点;副作用=无明显副作用;领域=语素;约束=noexcept+inline"	"专用类/对应头文件：语素"	"入口或证据风险"
"特征_方法成熟度阶段"	"任务模块.筹办.ixx:4696"	"1"	"1"	"const 语素入口节点类* 特征_方法成熟度阶段() noexcept"	"未分类：特征_方法成熟度阶段"	"类别=未分类;输入=有自定义类型;输出=指针/节点;副作用=无明显副作用;领域=语素;约束=noexcept"	"专用类/对应头文件：语素"	"入口或证据风险"
"特征_方法结构是否完整"	"任务模块.筹办.ixx:4689"	"1"	"1"	"const 语素入口节点类* 特征_方法结构是否完整() noexcept"	"未分类：特征_方法结构是否完整"	"类别=未分类;输入=有自定义类型;输出=指针/节点;副作用=无明显副作用;领域=语素;约束=noexcept"	"专用类/对应头文件：语素"	"入口或证据风险"
"特征_方法路径完成状态_筹办"	"任务模块.筹办.ixx:780"	"1"	"1"	"const 语素入口节点类* 特征_方法路径完成状态_筹办() noexcept"	"未分类：特征_方法路径完成状态_筹办"	"类别=未分类;输入=有自定义类型;输出=指针/节点;副作用=无明显副作用;领域=语素;约束=noexcept"	"专用类/对应头文件：语素"	"入口或证据风险"
"特征_方法配对结果"	"自我动作实现.外设模块.ixx:1844"	"2"	"2"	"inline const 语素入口节点类* 特征_方法配对结果() noexcept"	"未分类：特征_方法配对结果"	"类别=未分类;输入=有自定义类型;输出=指针/节点;副作用=无明显副作用;领域=外设;约束=noexcept+inline"	"专用类/对应头文件：外设"	"入口或证据风险"
"特征_方法配对结果"	"自我动作实现模块.ixx:1337"	"2"	"2"	"inline const 语素入口节点类* 特征_方法配对结果() noexcept"	"未分类：特征_方法配对结果"	"类别=未分类;输入=有自定义类型;输出=指针/节点;副作用=无明显副作用;领域=语素;约束=noexcept+inline"	"专用类/对应头文件：语素"	"入口或证据风险"
"特征_方法搜索根"	"自我动作实现模块.ixx:1197"	"2"	"2"	"inline const 语素入口节点类* 特征_方法搜索根() noexcept"	"查找：特征_方法搜索根"	"类别=查找;输入=有自定义类型;输出=指针/节点;副作用=无明显副作用;领域=语素;约束=noexcept+inline"	"专用类/对应头文件：语素"	"入口或证据风险"
"特征_方法搜索根"	"自我动作实现.外设模块.ixx:1704"	"2"	"2"	"inline const 语素入口节点类* 特征_方法搜索根() noexcept"	"查找：特征_方法搜索根"	"类别=查找;输入=有自定义类型;输出=指针/节点;副作用=无明显副作用;领域=外设;约束=noexcept+inline"	"专用类/对应头文件：外设"	"入口或证据风险"
"特征_方法条件节点数量"	"自我动作实现模块.ixx:2092"	"0"	"1"	"inline const 语素入口节点类* 特征_方法条件节点数量() noexcept"	"统计：特征_方法条件节点数量"	"类别=统计;输入=有自定义类型;输出=指针/节点;副作用=无明显副作用;领域=语素;约束=noexcept+inline"	"专用类/对应头文件：语素"	"入口或证据风险"
"特征_方法允许默认执行"	"任务模块.筹办.ixx:4710"	"1"	"1"	"const 语素入口节点类* 特征_方法允许默认执行() noexcept"	"未分类：特征_方法允许默认执行"	"类别=未分类;输入=有自定义类型;输出=指针/节点;副作用=无明显副作用;领域=语素;约束=noexcept"	"专用类/对应头文件：语素"	"入口或证据风险"
"特征_方法允许自动召回"	"任务模块.筹办.ixx:4703"	"1"	"1"	"const 语素入口节点类* 特征_方法允许自动召回() noexcept"	"未分类：特征_方法允许自动召回"	"类别=未分类;输入=有自定义类型;输出=指针/节点;副作用=无明显副作用;领域=语素;约束=noexcept"	"专用类/对应头文件：语素"	"入口或证据风险"
"特征_方法运行结果状态"	"自我动作实现.外设模块.ixx:1029"	"0"	"2"	"inline const 语素入口节点类* 特征_方法运行结果状态() noexcept"	"未分类：特征_方法运行结果状态"	"类别=未分类;输入=有自定义类型;输出=指针/节点;副作用=无明显副作用;领域=外设;约束=noexcept+inline"	"专用类/对应头文件：外设"	"入口或证据风险"
"特征_方法运行结果状态"	"自我动作实现模块.ixx:515"	"0"	"2"	"inline const 语素入口节点类* 特征_方法运行结果状态() noexcept"	"未分类：特征_方法运行结果状态"	"类别=未分类;输入=有自定义类型;输出=指针/节点;副作用=无明显副作用;领域=语素;约束=noexcept+inline"	"专用类/对应头文件：语素"	"入口或证据风险"
"特征_方法执行情况状态"	"自我动作实现.扫描.ixx:617"	"0"	"1"	"inline const 语素入口节点类* 特征_方法执行情况状态() noexcept { return 扫描特征词(枚举_扫描特征绑定ID::方法执行情况状态); }"	"未分类：特征_方法执行情况状态"	"类别=未分类;输入=有自定义类型;输出=指针/节点;副作用=无明显副作用;领域=语素;约束=noexcept+inline"	"专用类/对应头文件：语素"	"入口或证据风险"
"特征_非必要任务暂停状态"	"自我动作实现模块.ixx:2289"	"2"	"2"	"inline const 语素入口节点类* 特征_非必要任务暂停状态() noexcept"	"未分类：特征_非必要任务暂停状态"	"类别=未分类;输入=有自定义类型;输出=指针/节点;副作用=无明显副作用;领域=语素;约束=noexcept+inline"	"专用类/对应头文件：语素"	"入口或证据风险"
"特征_非必要任务暂停状态"	"自我动作实现.外设模块.ixx:7135"	"2"	"2"	"inline const 语素入口节点类* 特征_非必要任务暂停状态() noexcept"	"未分类：特征_非必要任务暂停状态"	"类别=未分类;输入=有自定义类型;输出=指针/节点;副作用=无明显副作用;领域=外设;约束=noexcept+inline"	"专用类/对应头文件：外设"	"入口或证据风险"
"特征_风险安全层可聚合状态"	"自我动作实现.外设模块.ixx:6694"	"1"	"1"	"inline const 语素入口节点类* 特征_风险安全层可聚合状态() noexcept"	"未分类：特征_风险安全层可聚合状态"	"类别=未分类;输入=有自定义类型;输出=指针/节点;副作用=无明显副作用;领域=外设;约束=noexcept+inline"	"专用类/对应头文件：外设"	"入口或证据风险"
"特征_风险安全层明确状态"	"自我动作实现.外设模块.ixx:6687"	"1"	"1"	"inline const 语素入口节点类* 特征_风险安全层明确状态() noexcept"	"未分类：特征_风险安全层明确状态"	"类别=未分类;输入=有自定义类型;输出=指针/节点;副作用=无明显副作用;领域=外设;约束=noexcept+inline"	"专用类/对应头文件：外设"	"入口或证据风险"
"特征_风险安全层已入账状态"	"自我动作实现.外设模块.ixx:6701"	"1"	"1"	"inline const 语素入口节点类* 特征_风险安全层已入账状态() noexcept"	"未分类：特征_风险安全层已入账状态"	"类别=未分类;输入=有自定义类型;输出=指针/节点;副作用=无明显副作用;领域=外设;约束=noexcept+inline"	"专用类/对应头文件：外设"	"入口或证据风险"
"特征_风险传播阻断状态"	"自我动作实现模块.ixx:2282"	"2"	"2"	"inline const 语素入口节点类* 特征_风险传播阻断状态() noexcept"	"未分类：特征_风险传播阻断状态"	"类别=未分类;输入=有自定义类型;输出=指针/节点;副作用=无明显副作用;领域=语素;约束=noexcept+inline"	"专用类/对应头文件：语素"	"入口或证据风险"
"特征_风险传播阻断状态"	"自我动作实现.外设模块.ixx:7128"	"2"	"2"	"inline const 语素入口节点类* 特征_风险传播阻断状态() noexcept"	"未分类：特征_风险传播阻断状态"	"类别=未分类;输入=有自定义类型;输出=指针/节点;副作用=无明显副作用;领域=外设;约束=noexcept+inline"	"专用类/对应头文件：外设"	"入口或证据风险"
"特征_风险状态可控状态"	"自我动作实现模块.ixx:2254"	"2"	"2"	"inline const 语素入口节点类* 特征_风险状态可控状态() noexcept"	"未分类：特征_风险状态可控状态"	"类别=未分类;输入=有自定义类型;输出=指针/节点;副作用=无明显副作用;领域=语素;约束=noexcept+inline"	"专用类/对应头文件：语素"	"入口或证据风险"
"特征_风险状态可控状态"	"自我动作实现.外设模块.ixx:5981"	"2"	"2"	"inline const 语素入口节点类* 特征_风险状态可控状态() noexcept"	"未分类：特征_风险状态可控状态"	"类别=未分类;输入=有自定义类型;输出=指针/节点;副作用=无明显副作用;领域=外设;约束=noexcept+inline"	"专用类/对应头文件：外设"	"入口或证据风险"
"特征_服务对象反馈信息获取尝试状态"	"自我动作实现模块.ixx:2205"	"0"	"2"	"inline const 语素入口节点类* 特征_服务对象反馈信息获取尝试状态() noexcept"	"读取：特征_服务对象反馈信息获取尝试状态"	"类别=读取;输入=有自定义类型;输出=指针/节点;副作用=无明显副作用;领域=语素;约束=noexcept+inline"	"专用类/对应头文件：语素"	"入口或证据风险"
"特征_服务对象反馈信息获取尝试状态"	"自我动作实现.外设模块.ixx:5932"	"0"	"2"	"inline const 语素入口节点类* 特征_服务对象反馈信息获取尝试状态() noexcept"	"读取：特征_服务对象反馈信息获取尝试状态"	"类别=读取;输入=有自定义类型;输出=指针/节点;副作用=无明显副作用;领域=外设;约束=noexcept+inline"	"专用类/对应头文件：外设"	"入口或证据风险"
"特征_服务对象外在特征状态变化数"	"自我动作实现模块.ixx:320"	"0"	"2"	"inline const 语素入口节点类* 特征_服务对象外在特征状态变化数() noexcept"	"未分类：特征_服务对象外在特征状态变化数"	"类别=未分类;输入=有自定义类型;输出=指针/节点;副作用=无明显副作用;领域=语素;约束=noexcept+inline"	"专用类/对应头文件：语素"	"入口或证据风险"
"特征_服务对象外在特征状态变化数"	"自我动作实现.外设模块.ixx:840"	"0"	"2"	"inline const 语素入口节点类* 特征_服务对象外在特征状态变化数() noexcept"	"未分类：特征_服务对象外在特征状态变化数"	"类别=未分类;输入=有自定义类型;输出=指针/节点;副作用=无明显副作用;领域=外设;约束=noexcept+inline"	"专用类/对应头文件：外设"	"入口或证据风险"
"特征_服务对象外在特征状态改善证据"	"自我动作实现模块.ixx:327"	"0"	"2"	"inline const 语素入口节点类* 特征_服务对象外在特征状态改善证据() noexcept"	"未分类：特征_服务对象外在特征状态改善证据"	"类别=未分类;输入=有自定义类型;输出=指针/节点;副作用=无明显副作用;领域=语素;约束=noexcept+inline"	"专用类/对应头文件：语素"	"入口或证据风险"
"特征_服务对象外在特征状态改善证据"	"自我动作实现.外设模块.ixx:847"	"0"	"2"	"inline const 语素入口节点类* 特征_服务对象外在特征状态改善证据() noexcept"	"未分类：特征_服务对象外在特征状态改善证据"	"类别=未分类;输入=有自定义类型;输出=指针/节点;副作用=无明显副作用;领域=外设;约束=noexcept+inline"	"专用类/对应头文件：外设"	"入口或证据风险"
"特征_服务前状态场景"	"自我动作实现.外设模块.ixx:7107"	"0"	"2"	"inline const 语素入口节点类* 特征_服务前状态场景() noexcept"	"未分类：特征_服务前状态场景"	"类别=未分类;输入=有自定义类型;输出=指针/节点;副作用=无明显副作用;领域=外设;约束=noexcept+inline"	"专用类/对应头文件：外设"	"入口或证据风险"
"特征_服务前状态场景"	"自我动作实现模块.ixx:2261"	"0"	"2"	"inline const 语素入口节点类* 特征_服务前状态场景() noexcept"	"未分类：特征_服务前状态场景"	"类别=未分类;输入=有自定义类型;输出=指针/节点;副作用=无明显副作用;领域=语素;约束=noexcept+inline"	"专用类/对应头文件：语素"	"入口或证据风险"
"特征_服务值结算动作动态"	"自我动作实现.服务模块.ixx:677"	"0"	"1"	"inline const 语素入口节点类* 特征_服务值结算动作动态() noexcept"	"未分类：特征_服务值结算动作动态"	"类别=未分类;输入=有自定义类型;输出=指针/节点;副作用=无明显副作用;领域=语素;约束=noexcept+inline"	"专用类/对应头文件：语素"	"入口或证据风险"
"特征_沟通交流需求明确状态"	"自我动作实现模块.ixx:2198"	"2"	"2"	"inline const 语素入口节点类* 特征_沟通交流需求明确状态() noexcept"	"未分类：特征_沟通交流需求明确状态"	"类别=未分类;输入=有自定义类型;输出=指针/节点;副作用=无明显副作用;领域=语素;约束=noexcept+inline"	"专用类/对应头文件：语素"	"入口或证据风险"
"特征_沟通交流需求明确状态"	"自我动作实现.外设模块.ixx:5925"	"2"	"2"	"inline const 语素入口节点类* 特征_沟通交流需求明确状态() noexcept"	"未分类：特征_沟通交流需求明确状态"	"类别=未分类;输入=有自定义类型;输出=指针/节点;副作用=无明显副作用;领域=外设;约束=noexcept+inline"	"专用类/对应头文件：外设"	"入口或证据风险"
"特征_关键特征变化观察状态_风险树筹办查询"	"任务模块.筹办.ixx:2096"	"0"	"1"	"const 语素入口节点类* 特征_关键特征变化观察状态_风险树筹办查询() noexcept"	"查找：特征_关键特征变化观察状态_风险树筹办查询"	"类别=查找;输入=有自定义类型;输出=指针/节点;副作用=无明显副作用;领域=语素;约束=noexcept"	"专用类/对应头文件：语素"	"入口或证据风险"
"特征_缓存方法虚拟存在"	"自我动作实现.外设模块.ixx:1942"	"2"	"2"	"inline const 语素入口节点类* 特征_缓存方法虚拟存在() noexcept"	"未分类：特征_缓存方法虚拟存在"	"类别=未分类;输入=有自定义类型;输出=指针/节点;副作用=无明显副作用;领域=外设;约束=noexcept+inline"	"专用类/对应头文件：外设"	"入口或证据风险"
"特征_缓存方法虚拟存在"	"自我动作实现模块.ixx:1435"	"2"	"2"	"inline const 语素入口节点类* 特征_缓存方法虚拟存在() noexcept"	"未分类：特征_缓存方法虚拟存在"	"类别=未分类;输入=有自定义类型;输出=指针/节点;副作用=无明显副作用;领域=语素;约束=noexcept+inline"	"专用类/对应头文件：语素"	"入口或证据风险"
"特征_可用方法数量"	"自我动作实现模块.ixx:1169"	"2"	"2"	"inline const 语素入口节点类* 特征_可用方法数量() noexcept"	"统计：特征_可用方法数量"	"类别=统计;输入=有自定义类型;输出=指针/节点;副作用=无明显副作用;领域=语素;约束=noexcept+inline"	"专用类/对应头文件：语素"	"入口或证据风险"
"特征_可用方法数量"	"自我动作实现.外设模块.ixx:1676"	"2"	"2"	"inline const 语素入口节点类* 特征_可用方法数量() noexcept"	"统计：特征_可用方法数量"	"类别=统计;输入=有自定义类型;输出=指针/节点;副作用=无明显副作用;领域=外设;约束=noexcept+inline"	"专用类/对应头文件：外设"	"入口或证据风险"
"特征_空间极值轮廓状态"	"自我动作实现.外设模块.ixx:4280"	"0"	"1"	"inline const 语素入口节点类* 特征_空间极值轮廓状态() noexcept"	"未分类：特征_空间极值轮廓状态"	"类别=未分类;输入=有自定义类型;输出=指针/节点;副作用=无明显副作用;领域=外设;约束=noexcept+inline"	"专用类/对应头文件：外设"	"入口或证据风险"
"特征_来源方法ID"	"自我动作实现.扫描.ixx:455"	"1"	"1"	"inline const 语素入口节点类* 特征_来源方法ID() noexcept { return 扫描特征词(枚举_扫描特征绑定ID::来源方法ID); }"	"未分类：特征_来源方法ID"	"类别=未分类;输入=有自定义类型;输出=指针/节点;副作用=无明显副作用;领域=语素;约束=noexcept+inline"	"专用类/对应头文件：语素"	"入口或证据风险"
"特征_来源外设ID状态"	"自我动作实现.扫描.ixx:473"	"1"	"1"	"inline const 语素入口节点类* 特征_来源外设ID状态() noexcept { return 扫描特征词(枚举_扫描特征绑定ID::来源外设ID状态); }"	"未分类：特征_来源外设ID状态"	"类别=未分类;输入=有自定义类型;输出=指针/节点;副作用=线程或外设交互;领域=外设;约束=noexcept+inline"	"专用类/对应头文件：外设"	"入口或证据风险"
"特征_目标存在丢失动态"	"自我动作实现.外设模块.ixx:4847"	"0"	"1"	"inline const 语素入口节点类* 特征_目标存在丢失动态() noexcept"	"未分类：特征_目标存在丢失动态"	"类别=未分类;输入=有自定义类型;输出=指针/节点;副作用=无明显副作用;领域=外设;约束=noexcept+inline"	"专用类/对应头文件：外设"	"入口或证据风险"
"特征_目标存在丢失状态"	"自我动作实现.外设模块.ixx:4819"	"0"	"1"	"inline const 语素入口节点类* 特征_目标存在丢失状态() noexcept"	"未分类：特征_目标存在丢失状态"	"类别=未分类;输入=有自定义类型;输出=指针/节点;副作用=无明显副作用;领域=外设;约束=noexcept+inline"	"专用类/对应头文件：外设"	"入口或证据风险"
"特征_目标存在跟踪稳定动态"	"自我动作实现.外设模块.ixx:4833"	"0"	"1"	"inline const 语素入口节点类* 特征_目标存在跟踪稳定动态() noexcept"	"未分类：特征_目标存在跟踪稳定动态"	"类别=未分类;输入=有自定义类型;输出=指针/节点;副作用=无明显副作用;领域=外设;约束=noexcept+inline"	"专用类/对应头文件：外设"	"入口或证据风险"
"特征_目标存在跟踪状态"	"自我动作实现.外设模块.ixx:4756"	"0"	"1"	"inline const 语素入口节点类* 特征_目标存在跟踪状态() noexcept"	"未分类：特征_目标存在跟踪状态"	"类别=未分类;输入=有自定义类型;输出=指针/节点;副作用=无明显副作用;领域=外设;约束=noexcept+inline"	"专用类/对应头文件：外设"	"入口或证据风险"
"特征_目标存在区间迁移动态"	"自我动作实现.外设模块.ixx:4840"	"0"	"1"	"inline const 语素入口节点类* 特征_目标存在区间迁移动态() noexcept"	"未分类：特征_目标存在区间迁移动态"	"类别=未分类;输入=有自定义类型;输出=指针/节点;副作用=无明显副作用;领域=外设;约束=noexcept+inline"	"专用类/对应头文件：外设"	"入口或证据风险"
"特征_目标存在特征变化动态"	"自我动作实现.外设模块.ixx:4763"	"0"	"1"	"inline const 语素入口节点类* 特征_目标存在特征变化动态() noexcept"	"未分类：特征_目标存在特征变化动态"	"类别=未分类;输入=有自定义类型;输出=指针/节点;副作用=无明显副作用;领域=外设;约束=noexcept+inline"	"专用类/对应头文件：外设"	"入口或证据风险"
"特征_目标存在特征值域状态"	"自我动作实现.外设模块.ixx:4728"	"0"	"1"	"inline const 语素入口节点类* 特征_目标存在特征值域状态() noexcept"	"未分类：特征_目标存在特征值域状态"	"类别=未分类;输入=有自定义类型;输出=指针/节点;副作用=无明显副作用;领域=外设;约束=noexcept+inline"	"专用类/对应头文件：外设"	"入口或证据风险"
"特征_目标存在预测偏差超限动态"	"自我动作实现.外设模块.ixx:4861"	"0"	"1"	"inline const 语素入口节点类* 特征_目标存在预测偏差超限动态() noexcept"	"未分类：特征_目标存在预测偏差超限动态"	"类别=未分类;输入=有自定义类型;输出=指针/节点;副作用=无明显副作用;领域=外设;约束=noexcept+inline"	"专用类/对应头文件：外设"	"入口或证据风险"
"特征_目标存在重捕获动态"	"自我动作实现.外设模块.ixx:4854"	"0"	"1"	"inline const 语素入口节点类* 特征_目标存在重捕获动态() noexcept"	"未分类：特征_目标存在重捕获动态"	"类别=未分类;输入=有自定义类型;输出=指针/节点;副作用=无明显副作用;领域=外设;约束=noexcept+inline"	"专用类/对应头文件：外设"	"入口或证据风险"
"特征_目标存在重捕获状态"	"自我动作实现.外设模块.ixx:4826"	"0"	"1"	"inline const 语素入口节点类* 特征_目标存在重捕获状态() noexcept"	"未分类：特征_目标存在重捕获状态"	"类别=未分类;输入=有自定义类型;输出=指针/节点;副作用=无明显副作用;领域=外设;约束=noexcept+inline"	"专用类/对应头文件：外设"	"入口或证据风险"
"特征_内部世界局部轮廓材料可回查状态"	"自我动作实现.外设模块.ixx:3496"	"0"	"1"	"inline const 语素入口节点类* 特征_内部世界局部轮廓材料可回查状态() noexcept"	"未分类：特征_内部世界局部轮廓材料可回查状态"	"类别=未分类;输入=有自定义类型;输出=指针/节点;副作用=无明显副作用;领域=外设;约束=noexcept+inline"	"专用类/对应头文件：外设"	"入口或证据风险"
"特征_内部世界细分状态"	"自我动作实现.外设模块.ixx:3643"	"0"	"1"	"inline const 语素入口节点类* 特征_内部世界细分状态() noexcept"	"未分类：特征_内部世界细分状态"	"类别=未分类;输入=有自定义类型;输出=指针/节点;副作用=无明显副作用;领域=外设;约束=noexcept+inline"	"专用类/对应头文件：外设"	"入口或证据风险"
"特征_内部世界状态"	"自我动作实现.外设模块.ixx:3405"	"0"	"1"	"inline const 语素入口节点类* 特征_内部世界状态() noexcept"	"未分类：特征_内部世界状态"	"类别=未分类;输入=有自定义类型;输出=指针/节点;副作用=无明显副作用;领域=外设;约束=noexcept+inline"	"专用类/对应头文件：外设"	"入口或证据风险"
"特征_内部世界子存在候选确认方案取得状态"	"自我动作实现.外设模块.ixx:3517"	"0"	"1"	"inline const 语素入口节点类* 特征_内部世界子存在候选确认方案取得状态() noexcept"	"读取：特征_内部世界子存在候选确认方案取得状态"	"类别=读取;输入=有自定义类型;输出=指针/节点;副作用=无明显副作用;领域=外设;约束=noexcept+inline"	"专用类/对应头文件：外设"	"入口或证据风险"
"特征_内部世界子存在候选确认允许提交状态"	"自我动作实现.外设模块.ixx:3531"	"0"	"1"	"inline const 语素入口节点类* 特征_内部世界子存在候选确认允许提交状态() noexcept"	"写入：特征_内部世界子存在候选确认允许提交状态"	"类别=写入;输入=有自定义类型;输出=指针/节点;副作用=可能写结构/缓存;领域=外设;约束=noexcept+inline"	"专用类/对应头文件：外设"	"入口或证据风险"
"特征_内部世界子存在候选确认状态"	"自我动作实现.外设模块.ixx:3510"	"0"	"1"	"inline const 语素入口节点类* 特征_内部世界子存在候选确认状态() noexcept"	"未分类：特征_内部世界子存在候选确认状态"	"类别=未分类;输入=有自定义类型;输出=指针/节点;副作用=无明显副作用;领域=外设;约束=noexcept+inline"	"专用类/对应头文件：外设"	"入口或证据风险"
"特征_内部世界子存在事实提交状态"	"自我动作实现.外设模块.ixx:3559"	"0"	"1"	"inline const 语素入口节点类* 特征_内部世界子存在事实提交状态() noexcept"	"写入：特征_内部世界子存在事实提交状态"	"类别=写入;输入=有自定义类型;输出=指针/节点;副作用=可能写结构/缓存;领域=外设;约束=noexcept+inline"	"专用类/对应头文件：外设"	"入口或证据风险"
"特征_内部世界子存在与内部世界关联状态"	"自我动作实现.外设模块.ixx:3573"	"0"	"1"	"inline const 语素入口节点类* 特征_内部世界子存在与内部世界关联状态() noexcept"	"未分类：特征_内部世界子存在与内部世界关联状态"	"类别=未分类;输入=有自定义类型;输出=指针/节点;副作用=无明显副作用;领域=外设;约束=noexcept+inline"	"专用类/对应头文件：外设"	"入口或证据风险"
"特征_内部世界子存在原始事实写入状态"	"自我动作实现.外设模块.ixx:3566"	"0"	"1"	"inline const 语素入口节点类* 特征_内部世界子存在原始事实写入状态() noexcept"	"写入：特征_内部世界子存在原始事实写入状态"	"类别=写入;输入=有自定义类型;输出=指针/节点;副作用=可能写结构/缓存;领域=外设;约束=noexcept+inline"	"专用类/对应头文件：外设"	"入口或证据风险"
"特征_内部世界子候选验证状态"	"自我动作实现.外设模块.ixx:3503"	"0"	"1"	"inline const 语素入口节点类* 特征_内部世界子候选验证状态() noexcept"	"校验：特征_内部世界子候选验证状态"	"类别=校验;输入=有自定义类型;输出=指针/节点;副作用=无明显副作用;领域=外设;约束=noexcept+inline"	"专用类/对应头文件：外设"	"入口或证据风险"
"特征_派生需求当前状态"	"自我动作实现模块.ixx:1855"	"0"	"2"	"inline const 语素入口节点类* 特征_派生需求当前状态() noexcept"	"未分类：特征_派生需求当前状态"	"类别=未分类;输入=有自定义类型;输出=指针/节点;副作用=无明显副作用;领域=语素;约束=noexcept+inline"	"专用类/对应头文件：语素"	"入口或证据风险"
"特征_派生需求当前状态"	"自我动作实现.外设模块.ixx:5603"	"0"	"2"	"inline const 语素入口节点类* 特征_派生需求当前状态() noexcept"	"未分类：特征_派生需求当前状态"	"类别=未分类;输入=有自定义类型;输出=指针/节点;副作用=无明显副作用;领域=外设;约束=noexcept+inline"	"专用类/对应头文件：外设"	"入口或证据风险"
"特征_派生需求目标状态"	"自我动作实现.外设模块.ixx:5610"	"0"	"2"	"inline const 语素入口节点类* 特征_派生需求目标状态() noexcept"	"未分类：特征_派生需求目标状态"	"类别=未分类;输入=有自定义类型;输出=指针/节点;副作用=无明显副作用;领域=外设;约束=noexcept+inline"	"专用类/对应头文件：外设"	"入口或证据风险"
"特征_派生需求目标状态"	"自我动作实现模块.ixx:1862"	"0"	"2"	"inline const 语素入口节点类* 特征_派生需求目标状态() noexcept"	"未分类：特征_派生需求目标状态"	"类别=未分类;输入=有自定义类型;输出=指针/节点;副作用=无明显副作用;领域=语素;约束=noexcept+inline"	"专用类/对应头文件：语素"	"入口或证据风险"
"特征_匹配方法能力包"	"自我动作实现.外设模块.ixx:1956"	"2"	"2"	"inline const 语素入口节点类* 特征_匹配方法能力包() noexcept"	"比较：特征_匹配方法能力包"	"类别=比较;输入=有自定义类型;输出=指针/节点;副作用=无明显副作用;领域=外设;约束=noexcept+inline"	"专用类/对应头文件：外设"	"入口或证据风险"
"特征_匹配方法能力包"	"自我动作实现模块.ixx:1449"	"2"	"2"	"inline const 语素入口节点类* 特征_匹配方法能力包() noexcept"	"比较：特征_匹配方法能力包"	"类别=比较;输入=有自定义类型;输出=指针/节点;副作用=无明显副作用;领域=语素;约束=noexcept+inline"	"专用类/对应头文件：语素"	"入口或证据风险"
"特征_平面轮廓状态"	"自我动作实现.外设模块.ixx:4266"	"0"	"1"	"inline const 语素入口节点类* 特征_平面轮廓状态() noexcept"	"未分类：特征_平面轮廓状态"	"类别=未分类;输入=有自定义类型;输出=指针/节点;副作用=无明显副作用;领域=外设;约束=noexcept+inline"	"专用类/对应头文件：外设"	"入口或证据风险"
"特征_权限边界明确状态"	"自我动作实现.外设模块.ixx:5967"	"0"	"2"	"inline const 语素入口节点类* 特征_权限边界明确状态() noexcept"	"未分类：特征_权限边界明确状态"	"类别=未分类;输入=有自定义类型;输出=指针/节点;副作用=无明显副作用;领域=外设;约束=noexcept+inline"	"专用类/对应头文件：外设"	"入口或证据风险"
"特征_权限边界明确状态"	"自我动作实现模块.ixx:2240"	"0"	"2"	"inline const 语素入口节点类* 特征_权限边界明确状态() noexcept"	"未分类：特征_权限边界明确状态"	"类别=未分类;输入=有自定义类型;输出=指针/节点;副作用=无明显副作用;领域=语素;约束=noexcept+inline"	"专用类/对应头文件：语素"	"入口或证据风险"
"特征_任务状态_筹办"	"任务模块.筹办.ixx:4585"	"0"	"1"	"const 语素入口节点类* 特征_任务状态_筹办() noexcept"	"未分类：特征_任务状态_筹办"	"类别=未分类;输入=有自定义类型;输出=指针/节点;副作用=无明显副作用;领域=语素;约束=noexcept"	"专用类/对应头文件：语素"	"入口或证据风险"
"特征_任务状态动作动态"	"自我动作实现模块.ixx:397"	"0"	"3"	"inline const 语素入口节点类* 特征_任务状态动作动态() noexcept"	"未分类：特征_任务状态动作动态"	"类别=未分类;输入=有自定义类型;输出=指针/节点;副作用=无明显副作用;领域=语素;约束=noexcept+inline"	"专用类/对应头文件：语素"	"入口或证据风险"
"特征_任务状态动作动态"	"自我动作实现.服务模块.ixx:405"	"0"	"3"	"inline const 语素入口节点类* 特征_任务状态动作动态() noexcept"	"未分类：特征_任务状态动作动态"	"类别=未分类;输入=有自定义类型;输出=指针/节点;副作用=无明显副作用;领域=语素;约束=noexcept+inline"	"专用类/对应头文件：语素"	"入口或证据风险"
"特征_任务状态动作动态"	"自我动作实现.外设模块.ixx:917"	"0"	"3"	"inline const 语素入口节点类* 特征_任务状态动作动态() noexcept"	"未分类：特征_任务状态动作动态"	"类别=未分类;输入=有自定义类型;输出=指针/节点;副作用=无明显副作用;领域=外设;约束=noexcept+inline"	"专用类/对应头文件：外设"	"入口或证据风险"
"特征_实际结果状态_筹办"	"任务模块.筹办.ixx:4543"	"0"	"1"	"const 语素入口节点类* 特征_实际结果状态_筹办() noexcept"	"未分类：特征_实际结果状态_筹办"	"类别=未分类;输入=有自定义类型;输出=指针/节点;副作用=无明显副作用;领域=语素;约束=noexcept"	"专用类/对应头文件：语素"	"入口或证据风险"
"特征_实际结果状态值"	"自我动作实现.扫描.ixx:722"	"0"	"1"	"inline const 语素入口节点类* 特征_实际结果状态值() noexcept { return 扫描特征词(枚举_扫描特征绑定ID::实际结果状态值); }"	"未分类：特征_实际结果状态值"	"类别=未分类;输入=有自定义类型;输出=指针/节点;副作用=无明显副作用;领域=语素;约束=noexcept+inline"	"专用类/对应头文件：语素"	"入口或证据风险"
"特征_使用默认方法搜索根"	"自我动作实现.外设模块.ixx:2026"	"2"	"2"	"inline const 语素入口节点类* 特征_使用默认方法搜索根() noexcept"	"查找：特征_使用默认方法搜索根"	"类别=查找;输入=有自定义类型;输出=指针/节点;副作用=无明显副作用;领域=外设;约束=noexcept+inline"	"专用类/对应头文件：外设"	"入口或证据风险"
"特征_使用默认方法搜索根"	"自我动作实现模块.ixx:1519"	"2"	"2"	"inline const 语素入口节点类* 特征_使用默认方法搜索根() noexcept"	"查找：特征_使用默认方法搜索根"	"类别=查找;输入=有自定义类型;输出=指针/节点;副作用=无明显副作用;领域=语素;约束=noexcept+inline"	"专用类/对应头文件：语素"	"入口或证据风险"
"特征_输出场景同步状态"	"自我动作实现.扫描.ixx:704"	"0"	"1"	"inline const 语素入口节点类* 特征_输出场景同步状态() noexcept { return 扫描特征词(枚举_扫描特征绑定ID::输出场景同步状态); }"	"日志/错误：特征_输出场景同步状态"	"类别=日志/错误;输入=有自定义类型;输出=指针/节点;副作用=可能写结构/缓存;领域=语素;约束=noexcept+inline"	"专用类/对应头文件：语素"	"入口或证据风险"
"特征_外设跟踪结果场景状态"	"自我动作实现.外设模块.ixx:4651"	"1"	"1"	"inline const 语素入口节点类* 特征_外设跟踪结果场景状态() noexcept"	"未分类：特征_外设跟踪结果场景状态"	"类别=未分类;输入=有自定义类型;输出=指针/节点;副作用=线程或外设交互;领域=外设;约束=noexcept+inline"	"专用类/对应头文件：外设"	"入口或证据风险"
"特征_外设观察报告ID_筹办"	"任务模块.筹办.ixx:4403"	"0"	"1"	"const 语素入口节点类* 特征_外设观察报告ID_筹办() noexcept"	"未分类：特征_外设观察报告ID_筹办"	"类别=未分类;输入=有自定义类型;输出=指针/节点;副作用=线程或外设交互;领域=外设;约束=noexcept"	"专用类/对应头文件：外设"	"入口或证据风险"
"特征_外设识别结果场景状态"	"自我动作实现.外设模块.ixx:4637"	"1"	"1"	"inline const 语素入口节点类* 特征_外设识别结果场景状态() noexcept"	"未分类：特征_外设识别结果场景状态"	"类别=未分类;输入=有自定义类型;输出=指针/节点;副作用=线程或外设交互;领域=外设;约束=noexcept+inline"	"专用类/对应头文件：外设"	"入口或证据风险"
"特征_外设提交包材料句柄数量"	"自我动作实现.外设模块.ixx:4616"	"1"	"1"	"inline const 语素入口节点类* 特征_外设提交包材料句柄数量() noexcept"	"写入：特征_外设提交包材料句柄数量"	"类别=写入;输入=有自定义类型;输出=指针/节点;副作用=可能写结构/缓存;领域=外设;约束=noexcept+inline"	"专用类/对应头文件：外设"	"入口或证据风险"
"特征_外设提交包材料可回查状态"	"自我动作实现.外设模块.ixx:4574"	"1"	"1"	"inline const 语素入口节点类* 特征_外设提交包材料可回查状态() noexcept"	"写入：特征_外设提交包材料可回查状态"	"类别=写入;输入=有自定义类型;输出=指针/节点;副作用=可能写结构/缓存;领域=外设;约束=noexcept+inline"	"专用类/对应头文件：外设"	"入口或证据风险"
"特征_外设提交包过期状态"	"自我动作实现.外设模块.ixx:4581"	"1"	"1"	"inline const 语素入口节点类* 特征_外设提交包过期状态() noexcept"	"写入：特征_外设提交包过期状态"	"类别=写入;输入=有自定义类型;输出=指针/节点;副作用=可能写结构/缓存;领域=外设;约束=noexcept+inline"	"专用类/对应头文件：外设"	"入口或证据风险"
"特征_外设提交包候选事实数量"	"自我动作实现.外设模块.ixx:4630"	"1"	"1"	"inline const 语素入口节点类* 特征_外设提交包候选事实数量() noexcept"	"写入：特征_外设提交包候选事实数量"	"类别=写入;输入=有自定义类型;输出=指针/节点;副作用=可能写结构/缓存;领域=外设;约束=noexcept+inline"	"专用类/对应头文件：外设"	"入口或证据风险"
"特征_外设提交包可比较状态"	"自我动作实现.外设模块.ixx:4595"	"1"	"1"	"inline const 语素入口节点类* 特征_外设提交包可比较状态() noexcept"	"比较：特征_外设提交包可比较状态"	"类别=比较;输入=有自定义类型;输出=指针/节点;副作用=可能写结构/缓存;领域=外设;约束=noexcept+inline"	"专用类/对应头文件：外设"	"入口或证据风险"
"特征_外设提交包类型"	"自我动作实现.外设模块.ixx:4560"	"1"	"1"	"inline const 语素入口节点类* 特征_外设提交包类型() noexcept"	"写入：特征_外设提交包类型"	"类别=写入;输入=有自定义类型;输出=指针/节点;副作用=可能写结构/缓存;领域=外设;约束=noexcept+inline"	"专用类/对应头文件：外设"	"入口或证据风险"
"特征_外设提交包缺失材料数量"	"自我动作实现.外设模块.ixx:4602"	"1"	"1"	"inline const 语素入口节点类* 特征_外设提交包缺失材料数量() noexcept"	"写入：特征_外设提交包缺失材料数量"	"类别=写入;输入=有自定义类型;输出=指针/节点;副作用=可能写结构/缓存;领域=外设;约束=noexcept+inline"	"专用类/对应头文件：外设"	"入口或证据风险"
"特征_外设提交包特征值条目数量"	"自我动作实现.外设模块.ixx:4623"	"1"	"1"	"inline const 语素入口节点类* 特征_外设提交包特征值条目数量() noexcept"	"写入：特征_外设提交包特征值条目数量"	"类别=写入;输入=有自定义类型;输出=指针/节点;副作用=可能写结构/缓存;领域=外设;约束=noexcept+inline"	"专用类/对应头文件：外设"	"入口或证据风险"
"特征_外设提交包质量问题数量"	"自我动作实现.外设模块.ixx:4609"	"1"	"1"	"inline const 语素入口节点类* 特征_外设提交包质量问题数量() noexcept"	"写入：特征_外设提交包质量问题数量"	"类别=写入;输入=有自定义类型;输出=指针/节点;副作用=可能写结构/缓存;领域=外设;约束=noexcept+inline"	"专用类/对应头文件：外设"	"入口或证据风险"
"特征_外设提交包组织状态"	"自我动作实现.外设模块.ixx:4567"	"1"	"1"	"inline const 语素入口节点类* 特征_外设提交包组织状态() noexcept"	"写入：特征_外设提交包组织状态"	"类别=写入;输入=有自定义类型;输出=指针/节点;副作用=可能写结构/缓存;领域=外设;约束=noexcept+inline"	"专用类/对应头文件：外设"	"入口或证据风险"
"特征_外设提交包generation明确状态"	"自我动作实现.外设模块.ixx:4588"	"1"	"1"	"inline const 语素入口节点类* 特征_外设提交包generation明确状态() noexcept"	"写入：特征_外设提交包generation明确状态"	"类别=写入;输入=有自定义类型;输出=指针/节点;副作用=可能写结构/缓存;领域=外设;约束=noexcept+inline"	"专用类/对应头文件：外设"	"入口或证据风险"
"特征_外设提交包ID"	"自我动作实现.外设模块.ixx:4553"	"1"	"1"	"inline const 语素入口节点类* 特征_外设提交包ID() noexcept"	"写入：特征_外设提交包ID"	"类别=写入;输入=有自定义类型;输出=指针/节点;副作用=可能写结构/缓存;领域=外设;约束=noexcept+inline"	"专用类/对应头文件：外设"	"入口或证据风险"
"特征_稳定对应存在数量明确状态"	"自我动作实现.外设模块.ixx:5190"	"0"	"1"	"inline const 语素入口节点类* 特征_稳定对应存在数量明确状态() noexcept"	"统计：特征_稳定对应存在数量明确状态"	"类别=统计;输入=有自定义类型;输出=指针/节点;副作用=无明显副作用;领域=外设;约束=noexcept+inline"	"专用类/对应头文件：外设"	"入口或证据风险"
"特征_选中方法虚拟存在"	"自我动作实现模块.ixx:1442"	"2"	"2"	"inline const 语素入口节点类* 特征_选中方法虚拟存在() noexcept"	"未分类：特征_选中方法虚拟存在"	"类别=未分类;输入=有自定义类型;输出=指针/节点;副作用=无明显副作用;领域=语素;约束=noexcept+inline"	"专用类/对应头文件：语素"	"入口或证据风险"
"特征_选中方法虚拟存在"	"自我动作实现.外设模块.ixx:1949"	"2"	"2"	"inline const 语素入口节点类* 特征_选中方法虚拟存在() noexcept"	"未分类：特征_选中方法虚拟存在"	"类别=未分类;输入=有自定义类型;输出=指针/节点;副作用=无明显副作用;领域=外设;约束=noexcept+inline"	"专用类/对应头文件：外设"	"入口或证据风险"
"特征_已归属存在特征值域冲突状态"	"自我动作实现.外设模块.ixx:4735"	"1"	"1"	"inline const 语素入口节点类* 特征_已归属存在特征值域冲突状态() noexcept"	"未分类：特征_已归属存在特征值域冲突状态"	"类别=未分类;输入=有自定义类型;输出=指针/节点;副作用=无明显副作用;领域=外设;约束=noexcept+inline"	"专用类/对应头文件：外设"	"入口或证据风险"
"特征_因果子链支撑状态_筹办"	"任务模块.筹办.ixx:787"	"1"	"1"	"const 语素入口节点类* 特征_因果子链支撑状态_筹办() noexcept"	"未分类：特征_因果子链支撑状态_筹办"	"类别=未分类;输入=有自定义类型;输出=指针/节点;副作用=无明显副作用;领域=语素;约束=noexcept"	"专用类/对应头文件：语素"	"入口或证据风险"
"特征_资源压力降低状态"	"自我动作实现模块.ixx:2275"	"2"	"2"	"inline const 语素入口节点类* 特征_资源压力降低状态() noexcept"	"未分类：特征_资源压力降低状态"	"类别=未分类;输入=有自定义类型;输出=指针/节点;副作用=无明显副作用;领域=语素;约束=noexcept+inline"	"专用类/对应头文件：语素"	"入口或证据风险"
"特征_资源压力降低状态"	"自我动作实现.外设模块.ixx:7121"	"2"	"2"	"inline const 语素入口节点类* 特征_资源压力降低状态() noexcept"	"未分类：特征_资源压力降低状态"	"类别=未分类;输入=有自定义类型;输出=指针/节点;副作用=无明显副作用;领域=外设;约束=noexcept+inline"	"专用类/对应头文件：外设"	"入口或证据风险"
"特征_资源状态明确状态"	"自我动作实现.外设模块.ixx:5953"	"2"	"2"	"inline const 语素入口节点类* 特征_资源状态明确状态() noexcept"	"未分类：特征_资源状态明确状态"	"类别=未分类;输入=有自定义类型;输出=指针/节点;副作用=无明显副作用;领域=外设;约束=noexcept+inline"	"专用类/对应头文件：外设"	"入口或证据风险"
"特征_资源状态明确状态"	"自我动作实现模块.ixx:2226"	"2"	"2"	"inline const 语素入口节点类* 特征_资源状态明确状态() noexcept"	"未分类：特征_资源状态明确状态"	"类别=未分类;输入=有自定义类型;输出=指针/节点;副作用=无明显副作用;领域=语素;约束=noexcept+inline"	"专用类/对应头文件：语素"	"入口或证据风险"
"特征_资源状态足够状态"	"自我动作实现.外设模块.ixx:5960"	"2"	"2"	"inline const 语素入口节点类* 特征_资源状态足够状态() noexcept"	"未分类：特征_资源状态足够状态"	"类别=未分类;输入=有自定义类型;输出=指针/节点;副作用=无明显副作用;领域=外设;约束=noexcept+inline"	"专用类/对应头文件：外设"	"入口或证据风险"
"特征_资源状态足够状态"	"自我动作实现模块.ixx:2233"	"2"	"2"	"inline const 语素入口节点类* 特征_资源状态足够状态() noexcept"	"未分类：特征_资源状态足够状态"	"类别=未分类;输入=有自定义类型;输出=指针/节点;副作用=无明显副作用;领域=语素;约束=noexcept+inline"	"专用类/对应头文件：语素"	"入口或证据风险"
"特征_自我运行状态明确状态"	"自我动作实现模块.ixx:2212"	"2"	"2"	"inline const 语素入口节点类* 特征_自我运行状态明确状态() noexcept"	"未分类：特征_自我运行状态明确状态"	"类别=未分类;输入=有自定义类型;输出=指针/节点;副作用=无明显副作用;领域=语素;约束=noexcept+inline"	"专用类/对应头文件：语素"	"入口或证据风险"
"特征_自我运行状态明确状态"	"自我动作实现.外设模块.ixx:5939"	"2"	"2"	"inline const 语素入口节点类* 特征_自我运行状态明确状态() noexcept"	"未分类：特征_自我运行状态明确状态"	"类别=未分类;输入=有自定义类型;输出=指针/节点;副作用=无明显副作用;领域=外设;约束=noexcept+inline"	"专用类/对应头文件：外设"	"入口或证据风险"
"特征_自我运行状态正常状态"	"自我动作实现模块.ixx:2219"	"2"	"2"	"inline const 语素入口节点类* 特征_自我运行状态正常状态() noexcept"	"未分类：特征_自我运行状态正常状态"	"类别=未分类;输入=有自定义类型;输出=指针/节点;副作用=无明显副作用;领域=语素;约束=noexcept+inline"	"专用类/对应头文件：语素"	"入口或证据风险"
"特征_自我运行状态正常状态"	"自我动作实现.外设模块.ixx:5946"	"2"	"2"	"inline const 语素入口节点类* 特征_自我运行状态正常状态() noexcept"	"未分类：特征_自我运行状态正常状态"	"类别=未分类;输入=有自定义类型;输出=指针/节点;副作用=无明显副作用;领域=外设;约束=noexcept+inline"	"专用类/对应头文件：外设"	"入口或证据风险"
"特征_AND组满足状态_筹办"	"任务模块.筹办.ixx:766"	"1"	"1"	"const 语素入口节点类* 特征_AND组满足状态_筹办() noexcept"	"未分类：特征_AND组满足状态_筹办"	"类别=未分类;输入=有自定义类型;输出=指针/节点;副作用=无明显副作用;领域=语素;约束=noexcept"	"专用类/对应头文件：语素"	"入口或证据风险"
"特征_OR组结算令牌状态_筹办"	"任务模块.筹办.ixx:794"	"0"	"1"	"const 语素入口节点类* 特征_OR组结算令牌状态_筹办() noexcept"	"未分类：特征_OR组结算令牌状态_筹办"	"类别=未分类;输入=有自定义类型;输出=指针/节点;副作用=无明显副作用;领域=语素;约束=noexcept"	"专用类/对应头文件：语素"	"入口或证据风险"
"特征_OR组满足状态_筹办"	"任务模块.筹办.ixx:773"	"1"	"1"	"const 语素入口节点类* 特征_OR组满足状态_筹办() noexcept"	"未分类：特征_OR组满足状态_筹办"	"类别=未分类;输入=有自定义类型;输出=指针/节点;副作用=无明显副作用;领域=语素;约束=noexcept"	"专用类/对应头文件：语素"	"入口或证据风险"
"维护安全因果风险树同步状态_筹办查询"	"任务模块.筹办.ixx:2222"	"1"	"1"	"bool 维护安全因果风险树同步状态_筹办查询("	"查找：维护安全因果风险树同步状态_筹办查询"	"类别=查找;输入=有自定义类型;输出=bool;副作用=可能写结构/缓存;领域=任务;约束=无显式约束"	"专用类/对应头文件：任务"	"入口或证据风险"
"写入目标方法状态派生需求"	"自我动作实现模块.ixx:2970"	"2"	"2"	"inline void 写入目标方法状态派生需求("	"写入：写入目标方法状态派生需求"	"类别=写入;输入=有自定义类型;输出=void;副作用=可能写结构/缓存;领域=需求;约束=inline"	"专用类/对应头文件：需求"	"入口或证据风险"
"写入目标方法状态派生需求"	"自我动作实现.外设模块.ixx:8333"	"2"	"2"	"inline void 写入目标方法状态派生需求("	"写入：写入目标方法状态派生需求"	"类别=写入;输入=有自定义类型;输出=void;副作用=可能写结构/缓存;领域=外设;约束=inline"	"专用类/对应头文件：外设"	"入口或证据风险"
"写入目标方法I64特征派生需求"	"自我动作实现模块.ixx:2991"	"0"	"2"	"inline void 写入目标方法I64特征派生需求("	"写入：写入目标方法I64特征派生需求"	"类别=写入;输入=有自定义类型;输出=void;副作用=可能写结构/缓存;领域=特征;约束=inline"	"专用类/对应头文件：特征"	"入口或证据风险"
"写入目标方法I64特征派生需求"	"自我动作实现.外设模块.ixx:8354"	"0"	"2"	"inline void 写入目标方法I64特征派生需求("	"写入：写入目标方法I64特征派生需求"	"类别=写入;输入=有自定义类型;输出=void;副作用=可能写结构/缓存;领域=外设;约束=inline"	"专用类/对应头文件：外设"	"入口或证据风险"
"语素_取人类词性信息入口候选"	"语素主信息类.h:199"	"1"	"1"	"inline std::vector<枚举_信息入口类型> 语素_取人类词性信息入口候选(枚举_词性 词性)"	"读取：语素_取人类词性信息入口候选"	"类别=读取;输入=有自定义类型;输出=其他;副作用=无明显副作用;领域=语素;约束=inline"	"专用类/对应头文件：语素"	"入口或证据风险"
"语素_推断人类词性默认信息入口类型"	"语素主信息类.h:226"	"1"	"1"	"inline 枚举_信息入口类型 语素_推断人类词性默认信息入口类型(枚举_词性 词性) noexcept"	"入口/调度：语素_推断人类词性默认信息入口类型"	"类别=入口/调度;输入=有自定义类型;输出=其他;副作用=无明显副作用;领域=语素;约束=noexcept+inline"	"专用类/对应头文件：语素"	"入口或证据风险"
"语素入口可作为特征类型"	"自我动作实现模块.ixx:4870"	"1"	"1"	"inline bool 语素入口可作为特征类型(const 语素入口节点类* 入口) noexcept"	"入口/调度：语素入口可作为特征类型"	"类别=入口/调度;输入=有自定义类型;输出=bool;副作用=无明显副作用;领域=语素;约束=noexcept+inline"	"专用类/对应头文件：语素"	"入口或证据风险"
"值_不执行被查找到的方法"	"自我动作实现.外设模块.ixx:2117"	"2"	"2"	"inline const 语素入口节点类* 值_不执行被查找到的方法() noexcept"	"查找：值_不执行被查找到的方法"	"类别=查找;输入=有自定义类型;输出=指针/节点;副作用=无明显副作用;领域=外设;约束=noexcept+inline"	"专用类/对应头文件：外设"	"入口或证据风险"
"值_不执行被查找到的方法"	"自我动作实现模块.ixx:1610"	"2"	"2"	"inline const 语素入口节点类* 值_不执行被查找到的方法() noexcept"	"查找：值_不执行被查找到的方法"	"类别=查找;输入=有自定义类型;输出=指针/节点;副作用=无明显副作用;领域=语素;约束=noexcept+inline"	"专用类/对应头文件：语素"	"入口或证据风险"
"值_筹办缺口_候选方法不可用"	"自我动作实现.外设模块.ixx:1433"	"2"	"2"	"inline const 语素入口节点类* 值_筹办缺口_候选方法不可用() noexcept"	"未分类：值_筹办缺口_候选方法不可用"	"类别=未分类;输入=有自定义类型;输出=指针/节点;副作用=无明显副作用;领域=外设;约束=noexcept+inline"	"专用类/对应头文件：外设"	"入口或证据风险"
"值_筹办缺口_候选方法不可用"	"自我动作实现模块.ixx:926"	"2"	"2"	"inline const 语素入口节点类* 值_筹办缺口_候选方法不可用() noexcept"	"未分类：值_筹办缺口_候选方法不可用"	"类别=未分类;输入=有自定义类型;输出=指针/节点;副作用=无明显副作用;领域=语素;约束=noexcept+inline"	"专用类/对应头文件：语素"	"入口或证据风险"
"值_筹办缺口_候选方法缺执行入口"	"自我动作实现模块.ixx:933"	"2"	"2"	"inline const 语素入口节点类* 值_筹办缺口_候选方法缺执行入口() noexcept"	"入口/调度：值_筹办缺口_候选方法缺执行入口"	"类别=入口/调度;输入=有自定义类型;输出=指针/节点;副作用=无明显副作用;领域=语素;约束=noexcept+inline"	"专用类/对应头文件：语素"	"入口或证据风险"
"值_筹办缺口_候选方法缺执行入口"	"自我动作实现.外设模块.ixx:1440"	"2"	"2"	"inline const 语素入口节点类* 值_筹办缺口_候选方法缺执行入口() noexcept"	"入口/调度：值_筹办缺口_候选方法缺执行入口"	"类别=入口/调度;输入=有自定义类型;输出=指针/节点;副作用=无明显副作用;领域=外设;约束=noexcept+inline"	"专用类/对应头文件：外设"	"入口或证据风险"
"值_筹办缺口_候选方法条件不满足"	"自我动作实现模块.ixx:940"	"2"	"2"	"inline const 语素入口节点类* 值_筹办缺口_候选方法条件不满足() noexcept"	"未分类：值_筹办缺口_候选方法条件不满足"	"类别=未分类;输入=有自定义类型;输出=指针/节点;副作用=无明显副作用;领域=语素;约束=noexcept+inline"	"专用类/对应头文件：语素"	"入口或证据风险"
"值_筹办缺口_候选方法条件不满足"	"自我动作实现.外设模块.ixx:1447"	"2"	"2"	"inline const 语素入口节点类* 值_筹办缺口_候选方法条件不满足() noexcept"	"未分类：值_筹办缺口_候选方法条件不满足"	"类别=未分类;输入=有自定义类型;输出=指针/节点;副作用=无明显副作用;领域=外设;约束=noexcept+inline"	"专用类/对应头文件：外设"	"入口或证据风险"
"值_筹办缺口_无确定候选方法"	"自我动作实现.外设模块.ixx:1426"	"2"	"2"	"inline const 语素入口节点类* 值_筹办缺口_无确定候选方法() noexcept"	"未分类：值_筹办缺口_无确定候选方法"	"类别=未分类;输入=有自定义类型;输出=指针/节点;副作用=无明显副作用;领域=外设;约束=noexcept+inline"	"专用类/对应头文件：外设"	"入口或证据风险"
"值_筹办缺口_无确定候选方法"	"自我动作实现模块.ixx:919"	"2"	"2"	"inline const 语素入口节点类* 值_筹办缺口_无确定候选方法() noexcept"	"未分类：值_筹办缺口_无确定候选方法"	"类别=未分类;输入=有自定义类型;输出=指针/节点;副作用=无明显副作用;领域=语素;约束=noexcept+inline"	"专用类/对应头文件：语素"	"入口或证据风险"
"值_方法配对结果缺失"	"自我动作实现模块.ixx:2366"	"2"	"2"	"inline const 语素入口节点类* 值_方法配对结果缺失() noexcept"	"未分类：值_方法配对结果缺失"	"类别=未分类;输入=有自定义类型;输出=指针/节点;副作用=无明显副作用;领域=语素;约束=noexcept+inline"	"专用类/对应头文件：语素"	"入口或证据风险"
"值_方法配对结果缺失"	"自我动作实现.外设模块.ixx:7212"	"2"	"2"	"inline const 语素入口节点类* 值_方法配对结果缺失() noexcept"	"未分类：值_方法配对结果缺失"	"类别=未分类;输入=有自定义类型;输出=指针/节点;副作用=无明显副作用;领域=外设;约束=noexcept+inline"	"专用类/对应头文件：外设"	"入口或证据风险"
"值_方法运行结果_筹办成功"	"自我动作实现.外设模块.ixx:1538"	"2"	"2"	"inline const 语素入口节点类* 值_方法运行结果_筹办成功() noexcept"	"未分类：值_方法运行结果_筹办成功"	"类别=未分类;输入=有自定义类型;输出=指针/节点;副作用=无明显副作用;领域=外设;约束=noexcept+inline"	"专用类/对应头文件：外设"	"入口或证据风险"
"值_方法运行结果_筹办成功"	"自我动作实现模块.ixx:1031"	"2"	"2"	"inline const 语素入口节点类* 值_方法运行结果_筹办成功() noexcept"	"未分类：值_方法运行结果_筹办成功"	"类别=未分类;输入=有自定义类型;输出=指针/节点;副作用=无明显副作用;领域=语素;约束=noexcept+inline"	"专用类/对应头文件：语素"	"入口或证据风险"
"值_方法运行结果_筹办失败"	"自我动作实现.外设模块.ixx:1552"	"2"	"2"	"inline const 语素入口节点类* 值_方法运行结果_筹办失败() noexcept"	"未分类：值_方法运行结果_筹办失败"	"类别=未分类;输入=有自定义类型;输出=指针/节点;副作用=无明显副作用;领域=外设;约束=noexcept+inline"	"专用类/对应头文件：外设"	"入口或证据风险"
"值_方法运行结果_筹办失败"	"自我动作实现模块.ixx:1045"	"2"	"2"	"inline const 语素入口节点类* 值_方法运行结果_筹办失败() noexcept"	"未分类：值_方法运行结果_筹办失败"	"类别=未分类;输入=有自定义类型;输出=指针/节点;副作用=无明显副作用;领域=语素;约束=noexcept+inline"	"专用类/对应头文件：语素"	"入口或证据风险"
"值_方法运行结果_筹办未完成"	"自我动作实现模块.ixx:1038"	"2"	"2"	"inline const 语素入口节点类* 值_方法运行结果_筹办未完成() noexcept"	"未分类：值_方法运行结果_筹办未完成"	"类别=未分类;输入=有自定义类型;输出=指针/节点;副作用=无明显副作用;领域=语素;约束=noexcept+inline"	"专用类/对应头文件：语素"	"入口或证据风险"
"值_方法运行结果_筹办未完成"	"自我动作实现.外设模块.ixx:1545"	"2"	"2"	"inline const 语素入口节点类* 值_方法运行结果_筹办未完成() noexcept"	"未分类：值_方法运行结果_筹办未完成"	"类别=未分类;输入=有自定义类型;输出=指针/节点;副作用=无明显副作用;领域=外设;约束=noexcept+inline"	"专用类/对应头文件：外设"	"入口或证据风险"
"值_派生需求_检查当前方法执行入口"	"自我动作实现.外设模块.ixx:1531"	"2"	"2"	"inline const 语素入口节点类* 值_派生需求_检查当前方法执行入口() noexcept"	"入口/调度：值_派生需求_检查当前方法执行入口"	"类别=入口/调度;输入=有自定义类型;输出=指针/节点;副作用=无明显副作用;领域=外设;约束=noexcept+inline"	"专用类/对应头文件：外设"	"入口或证据风险"
"值_派生需求_检查当前方法执行入口"	"自我动作实现模块.ixx:1024"	"2"	"2"	"inline const 语素入口节点类* 值_派生需求_检查当前方法执行入口() noexcept"	"入口/调度：值_派生需求_检查当前方法执行入口"	"类别=入口/调度;输入=有自定义类型;输出=指针/节点;副作用=无明显副作用;领域=语素;约束=noexcept+inline"	"专用类/对应头文件：语素"	"入口或证据风险"
"值_执行缺口_当前方法缺失"	"自我动作实现模块.ixx:968"	"2"	"2"	"inline const 语素入口节点类* 值_执行缺口_当前方法缺失() noexcept"	"未分类：值_执行缺口_当前方法缺失"	"类别=未分类;输入=有自定义类型;输出=指针/节点;副作用=无明显副作用;领域=语素;约束=noexcept+inline"	"专用类/对应头文件：语素"	"入口或证据风险"
"值_执行缺口_当前方法缺失"	"自我动作实现.外设模块.ixx:1475"	"2"	"2"	"inline const 语素入口节点类* 值_执行缺口_当前方法缺失() noexcept"	"未分类：值_执行缺口_当前方法缺失"	"类别=未分类;输入=有自定义类型;输出=指针/节点;副作用=无明显副作用;领域=外设;约束=noexcept+inline"	"专用类/对应头文件：外设"	"入口或证据风险"
"值_执行缺口_当前方法无执行入口"	"自我动作实现模块.ixx:982"	"2"	"2"	"inline const 语素入口节点类* 值_执行缺口_当前方法无执行入口() noexcept"	"入口/调度：值_执行缺口_当前方法无执行入口"	"类别=入口/调度;输入=有自定义类型;输出=指针/节点;副作用=无明显副作用;领域=语素;约束=noexcept+inline"	"专用类/对应头文件：语素"	"入口或证据风险"
"值_执行缺口_当前方法无执行入口"	"自我动作实现.外设模块.ixx:1489"	"2"	"2"	"inline const 语素入口节点类* 值_执行缺口_当前方法无执行入口() noexcept"	"入口/调度：值_执行缺口_当前方法无执行入口"	"类别=入口/调度;输入=有自定义类型;输出=指针/节点;副作用=无明显副作用;领域=外设;约束=noexcept+inline"	"专用类/对应头文件：外设"	"入口或证据风险"
"值_执行缺口_任务状态不允许执行"	"自我动作实现模块.ixx:961"	"2"	"2"	"inline const 语素入口节点类* 值_执行缺口_任务状态不允许执行() noexcept"	"未分类：值_执行缺口_任务状态不允许执行"	"类别=未分类;输入=有自定义类型;输出=指针/节点;副作用=无明显副作用;领域=语素;约束=noexcept+inline"	"专用类/对应头文件：语素"	"入口或证据风险"
"值_执行缺口_任务状态不允许执行"	"自我动作实现.外设模块.ixx:1468"	"2"	"2"	"inline const 语素入口节点类* 值_执行缺口_任务状态不允许执行() noexcept"	"未分类：值_执行缺口_任务状态不允许执行"	"类别=未分类;输入=有自定义类型;输出=指针/节点;副作用=无明显副作用;领域=外设;约束=noexcept+inline"	"专用类/对应头文件：外设"	"入口或证据风险"
"注册本能函数执行闭环"	"自我动作实现模块.ixx:6379"	"0"	"1"	"inline bool 注册本能函数执行闭环() noexcept"	"入口/调度：注册本能函数执行闭环"	"类别=入口/调度;输入=有自定义类型;输出=bool;副作用=无明显副作用;领域=方法;约束=noexcept+inline"	"专用类/对应头文件：方法"	"入口或证据风险"
"状态主信息_已加锁"	"需求类.h:694"	"0"	"1"	"static const 状态节点主信息类* 状态主信息_已加锁(const 状态节点类* 状态) noexcept"	"未分类：状态主信息_已加锁"	"类别=未分类;输入=有自定义类型;输出=指针/节点;副作用=无明显副作用;领域=需求;约束=noexcept+static+锁约束"	"专用类/对应头文件：需求"	"入口或证据风险"
"D455_从逐簇识别报告生成扫描变化报告_带上下文"	"外设线程_D455深度相机.ixx:2217"	"0"	"1"	"结构_外设观察报告队列项 D455_从逐簇识别报告生成扫描变化报告_带上下文("	"未分类：D455_从逐簇识别报告生成扫描变化报告_带上下文"	"类别=未分类;输入=有自定义类型;输出=其他;副作用=线程或外设交互;领域=外设;约束=无显式约束"	"专用类/对应头文件：外设"	"入口或证据风险"
"D455_跟踪稳定缓存锁"	"外设线程_D455深度相机.ixx:226"	"0"	"1"	"std::mutex& D455_跟踪稳定缓存锁() noexcept"	"未分类：D455_跟踪稳定缓存锁"	"类别=未分类;输入=有自定义类型;输出=其他;副作用=线程或外设交互;领域=外设;约束=noexcept+锁约束"	"专用类/对应头文件：外设"	"入口或证据风险"
"D455_跨帧观察簇缓存锁"	"外设线程_D455深度相机.ixx:266"	"0"	"1"	"std::mutex& D455_跨帧观察簇缓存锁() noexcept"	"未分类：D455_跨帧观察簇缓存锁"	"类别=未分类;输入=有自定义类型;输出=其他;副作用=线程或外设交互;领域=外设;约束=noexcept+锁约束"	"专用类/对应头文件：外设"	"入口或证据风险"
