live	函数名	未限定名	定义位置	call_like_count	功能	签名风险标记	命中位置
yes	世界树类::世界树类	世界树类	世界树类.cpp:1521	1	初始化对象实例。		世界树类.cpp:1521
yes	世界树类::初始化	初始化	世界树类.cpp:1539	1	初始化相关对象、状态或运行上下文。		世界树类.cpp:1539
yes	世界树类::初始化默认世界	初始化默认世界	世界树类.cpp:1549	1	初始化相关对象、状态或运行上下文。		世界树类.cpp:1549
yes	世界树类::取VecU只读指针	取VecU只读指针	世界树类.cpp:1573	1	按 VecU 句柄读取值池中的只读向量指针。		世界树类.cpp:1573
yes	世界树类::世界根	世界根	世界树类.cpp:1627	1	按函数名执行对应处理。		世界树类.cpp:1627
yes	世界树类::按主键解析节点	按主键解析节点	世界树类.cpp:1633	1	按主键解析基础信息世界树节点，不创建或修改节点。		世界树类.cpp:1633
yes	世界树类::按主键解析存在节点	按主键解析存在节点	世界树类.cpp:1639	1	按主键解析存在节点，不创建或修改节点。		世界树类.cpp:1639
yes	世界树类::按主键解析场景节点	按主键解析场景节点	世界树类.cpp:1645	1	按主键解析场景节点，不创建或修改节点。		世界树类.cpp:1645
yes	世界树类::按主键解析特征节点	按主键解析特征节点	世界树类.cpp:1651	1	按主键解析特征节点，不创建或修改节点。		世界树类.cpp:1651
yes	世界树类::按主键解析状态节点	按主键解析状态节点	世界树类.cpp:1657	1	按主键解析状态节点，不创建或修改节点。		世界树类.cpp:1657
yes	世界树类::按主键解析动态节点	按主键解析动态节点	世界树类.cpp:1663	1	按主键解析动态节点，不创建或修改节点。		世界树类.cpp:1663
yes	世界树类::按主键解析二次特征节点	按主键解析二次特征节点	世界树类.cpp:1669	1	按主键解析二次特征节点，不创建或修改节点。		世界树类.cpp:1669
yes	世界树类::获取父节点	获取父节点	世界树类.cpp:1675	1	读取世界树节点的父节点，不创建或修改节点。		世界树类.cpp:1675
yes	世界树类::获取子节点	获取子节点	世界树类.cpp:1681	1	读取并返回指定对象、状态或运行材料。		世界树类.cpp:1681
yes	世界树类::统计全部节点	统计全部节点	世界树类.cpp:1687	1	统计当前世界树基础信息节点总数，不返回节点集合。		世界树类.cpp:1687
yes	世界树类::基础节点属于当前世界树	基础节点属于当前世界树	世界树类.cpp:1693	1	判断基础信息节点指针是否属于当前世界树。		世界树类.cpp:1693
yes	世界树类::获取名称	获取名称	世界树类.cpp:1706	1	读取并返回指定对象、状态或运行材料。		世界树类.cpp:1706
yes	世界树类::重写世界树SQL投影	重写世界树SQL投影	世界树类.cpp:1712	1	把当前世界树本体重写到 SQL Server 查询投影。		世界树类.cpp:1712
yes	世界树类::同步SQL控制面板世界显示项	同步SQL控制面板世界显示项	世界树类.cpp:1790	1	把世界树对象节点当前态同步到 SQL 控制面板运行态显示镜像。		世界树类.cpp:1790
yes	世界树类::取或创建存在概念根	取或创建存在概念根	世界树类.cpp:1844	1	创建并返回或登记对应对象。		世界树类.cpp:1844
yes	世界树类::是存在概念	是存在概念	世界树类.cpp:1851	1	按函数名执行对应处理。		世界树类.cpp:1851
yes	世界树类::是实例存在	是实例存在	世界树类.cpp:1857	1	按函数名执行对应处理。		世界树类.cpp:1857
yes	世界树类::确保根概念_存在	确保根概念_存在	世界树类.cpp:1863	1	确保目标结构、状态或前置条件存在并可用。		世界树类.cpp:1863
yes	世界树类::确保根概念_实物存在	确保根概念_实物存在	世界树类.cpp:1869	1	确保目标结构、状态或前置条件存在并可用。		世界树类.cpp:1869
yes	世界树类::确保根概念_虚拟存在	确保根概念_虚拟存在	世界树类.cpp:1875	1	确保目标结构、状态或前置条件存在并可用。		世界树类.cpp:1875
yes	世界树类::确保根概念_信息存在	确保根概念_信息存在	世界树类.cpp:1881	1	确保目标结构、状态或前置条件存在并可用。		世界树类.cpp:1881
yes	世界树类::确保根概念_数字生命	确保根概念_数字生命	世界树类.cpp:1887	1	确保目标结构、状态或前置条件存在并可用。		世界树类.cpp:1887
yes	世界树类::确保核心概念_自我	确保核心概念_自我	世界树类.cpp:1893	1	确保目标结构、状态或前置条件存在并可用。		世界树类.cpp:1893
yes	世界树类::确保核心概念_需求	确保核心概念_需求	世界树类.cpp:1899	1	确保目标结构、状态或前置条件存在并可用。		世界树类.cpp:1899
yes	世界树类::确保核心概念_任务	确保核心概念_任务	世界树类.cpp:1905	1	确保目标结构、状态或前置条件存在并可用。		世界树类.cpp:1905
yes	世界树类::确保核心概念_方法	确保核心概念_方法	世界树类.cpp:1911	1	确保目标结构、状态或前置条件存在并可用。		世界树类.cpp:1911
yes	世界树类::确保核心概念_状态	确保核心概念_状态	世界树类.cpp:1917	1	确保目标结构、状态或前置条件存在并可用。		世界树类.cpp:1917
yes	世界树类::确保核心概念_事件	确保核心概念_事件	世界树类.cpp:1923	1	确保目标结构、状态或前置条件存在并可用。		世界树类.cpp:1923
yes	世界树类::确保核心概念_规则	确保核心概念_规则	世界树类.cpp:1929	1	确保目标结构、状态或前置条件存在并可用。		世界树类.cpp:1929
yes	世界树类::初始化核心存在概念树	初始化核心存在概念树	世界树类.cpp:1935	1	初始化相关对象、状态或运行上下文。		世界树类.cpp:1935
yes	世界树类::初始化核心概念默认特征槽	初始化核心概念默认特征槽	世界树类.cpp:1954	1	初始化相关对象、状态或运行上下文。		世界树类.cpp:1954
yes	世界树类::绑定核心概念语素	绑定核心概念语素	世界树类.cpp:2068	1	建立对象、任务、方法或因果之间的绑定关系。		世界树类.cpp:2068
yes	世界树类::初始化存在概念系统	初始化存在概念系统	世界树类.cpp:2103	1	初始化相关对象、状态或运行上下文。		世界树类.cpp:2103
yes	世界树类::取或创建抽象特征根	取或创建抽象特征根	世界树类.cpp:2113	1	创建并返回或登记对应对象。		世界树类.cpp:2113
yes	世界树类::创建抽象特征	创建抽象特征	世界树类.cpp:2149	1	创建并返回或登记对应对象。		世界树类.cpp:2149
yes	世界树类::创建叶子抽象特征	创建叶子抽象特征	世界树类.cpp:2155	1	创建并返回或登记对应对象。		世界树类.cpp:2155
yes	世界树类::创建复合抽象特征	创建复合抽象特征	世界树类.cpp:2169	1	创建并返回或登记对应对象。		世界树类.cpp:2169
yes	世界树类::查找子抽象特征_按类型	查找子抽象特征_按类型	世界树类.cpp:2181	1	按类型查找抽象特征直接子节点，不创建或修改节点。		世界树类.cpp:2181
yes	世界树类::校验抽象特征子链	校验抽象特征子链	世界树类.cpp:2189	1	按函数名执行对应处理。		世界树类.cpp:2189
yes	世界树类::匹配抽象特征	匹配抽象特征	世界树类.cpp:2195	1	按函数名执行对应处理。		世界树类.cpp:2195
yes	世界树类::初始化常用抽象特征	初始化常用抽象特征	世界树类.cpp:2201	1	初始化常用抽象特征节点。		世界树类.cpp:2201
yes	世界树类::取或创建抽象特征_按类型	取或创建抽象特征_按类型	世界树类.cpp:2207	1	创建并返回或登记对应对象。		世界树类.cpp:2207
yes	世界树类::取或创建实例特征_按抽象特征	取或创建实例特征_按抽象特征	世界树类.cpp:2217	1	创建并返回或登记对应对象。		世界树类.cpp:2217
yes	世界树类::解析实例特征命中抽象特征	解析实例特征命中抽象特征	世界树类.cpp:2225	1	解析输入文本、消息、场景或运行包。		世界树类.cpp:2225
yes	世界树类::升格实例稳态为抽象区间	升格实例稳态为抽象区间	世界树类.cpp:2231	1	按函数名执行对应处理。		世界树类.cpp:2231
yes	世界树类::求值组合抽象特征	求值组合抽象特征	世界树类.cpp:2237	1	按函数名执行对应处理。		世界树类.cpp:2237
yes	世界树类::创建特征	创建特征	世界树类.cpp:2246	1	创建并返回或登记对应对象。		世界树类.cpp:2246
yes	世界树类::创建特征_按类型	创建特征_按类型	世界树类.cpp:2252	1	按类型创建特征节点，由世界树入口承接基础信息子节点创建。		世界树类.cpp:2252
yes	世界树类::删除特征	删除特征	世界树类.cpp:2261	1	删除特征节点，由世界树入口承接基础信息节点删除。		世界树类.cpp:2261
yes	世界树类::确保特征	确保特征	世界树类.cpp:2267	1	确保目标结构、状态或前置条件存在并可用。		世界树类.cpp:2267
yes	世界树类::取或创建子特征_按类型	取或创建子特征_按类型	世界树类.cpp:2273	1	创建并返回或登记对应对象。		世界树类.cpp:2273
yes	世界树类::获取子特征	获取子特征	世界树类.cpp:2279	1	读取宿主下的直接子特征，不创建或修改节点。		世界树类.cpp:2279
yes	世界树类::查找子特征_按类型	查找子特征_按类型	世界树类.cpp:2285	1	按类型查找宿主下的直接子特征，不创建或修改节点。		世界树类.cpp:2285
yes	世界树类::比较状态	比较状态	世界树类.cpp:2305	1	比较当前值、目标值或历史基准。		世界树类.cpp:2305
yes	世界树类::获取比较方法结果	获取比较方法结果	世界树类.cpp:2313	1	读取并返回特征值比较方法结果。		世界树类.cpp:2313
yes	世界树类::是存在节点	是存在节点	世界树类.cpp:2336	1	判断基础信息节点是否承载存在主信息。		世界树类.cpp:2336
yes	世界树类::是场景节点	是场景节点	世界树类.cpp:2342	1	判断基础信息节点是否为场景节点，不创建或修改节点。		世界树类.cpp:2342
yes	世界树类::读取存在名称	读取存在名称	世界树类.cpp:2348	1	读取存在名称入口，不创建或补齐任何结构。		世界树类.cpp:2348
yes	世界树类::读取存在类型	读取存在类型	世界树类.cpp:2354	1	读取存在类型入口，不创建或补齐任何结构。		世界树类.cpp:2354
yes	世界树类::获取概念集	获取概念集	世界树类.cpp:2360	1	读取并返回指定对象、状态或运行材料。		世界树类.cpp:2360
yes	世界树类::读取最近观测位置缓存	读取最近观测位置缓存	世界树类.cpp:2366	1	读取最近观测位置缓存；缓存只作为特征化或显示输入。		世界树类.cpp:2366
yes	世界树类::确保存在三类根节点	确保存在三类根节点	世界树类.cpp:2372	1	确保目标结构、状态或前置条件存在并可用。		世界树类.cpp:2372
yes	世界树类::创建存在	创建存在	世界树类.cpp:2378	1	创建并返回或登记对应对象。		世界树类.cpp:2378
yes	世界树类::取或创建子存在_按名称类型	取或创建子存在_按名称类型	世界树类.cpp:2386	1	按名称和类型取或创建父节点下的直接子存在。		世界树类.cpp:2386
yes	世界树类::取或创建子存在_按类型	取或创建子存在_按类型	世界树类.cpp:2406	1	创建并返回或登记对应对象。		世界树类.cpp:2406
yes	世界树类::查找子存在_按名称	查找子存在_按名称	世界树类.cpp:2422	1	按名称查找父节点下的直接子存在，不创建或修改节点。		世界树类.cpp:2422
yes	世界树类::查找子存在_按类型	查找子存在_按类型	世界树类.cpp:2430	1	按类型查找父节点下的直接子存在，不创建或修改节点。		世界树类.cpp:2430
yes	世界树类::取或创建子存在_按类型并按特征I64	取或创建子存在_按类型并按特征I64	世界树类.cpp:2474	1	创建并返回或登记对应对象。		世界树类.cpp:2474
yes	世界树类::确保存在概念	确保存在概念	世界树类.cpp:2509	1	确保目标结构、状态或前置条件存在并可用。		世界树类.cpp:2509
yes	世界树类::创建存在实例	创建存在实例	世界树类.cpp:2542	1	创建并返回或登记对应对象。		世界树类.cpp:2542
yes	世界树类::添加实例概念	添加实例概念	世界树类.cpp:2555	1	按函数名执行对应处理。		世界树类.cpp:2555
yes	世界树类::根据概念扩充实例记忆	根据概念扩充实例记忆	世界树类.cpp:2568	1	按函数名执行对应处理。		世界树类.cpp:2568
yes	世界树类::存在包含概念	存在包含概念	世界树类.cpp:2604	1	按函数名执行对应处理。		世界树类.cpp:2604
yes	世界树类::获取子存在	获取子存在	世界树类.cpp:2610	1	读取父节点下的直接子存在，不创建或修改节点。		世界树类.cpp:2610
yes	世界树类::枚举全部存在	枚举全部存在	世界树类.cpp:2616	1	枚举世界树中的全部存在节点，不创建或修改节点。		世界树类.cpp:2616
yes	世界树类::查找实例_按概念	查找实例_按概念	世界树类.cpp:2622	1	按条件查找目标对象、方法或事实。		世界树类.cpp:2622
yes	世界树类::创建场景	创建场景	世界树类.cpp:2630	1	创建并返回或登记对应对象。		世界树类.cpp:2630
yes	世界树类::创建场景_按名称	创建场景_按名称	世界树类.cpp:2638	1	按名称创建场景节点，由世界树入口承接基础信息子节点创建。		世界树类.cpp:2638
yes	世界树类::取或创建子场景_按名称	取或创建子场景_按名称	世界树类.cpp:2649	1	创建并返回或登记对应对象。		世界树类.cpp:2649
yes	世界树类::绑定场景宿主	绑定场景宿主	世界树类.cpp:2663	1	建立场景与宿主存在之间的绑定关系。		世界树类.cpp:2663
yes	世界树类::读取场景宿主存在	读取场景宿主存在	世界树类.cpp:2669	1	读取场景宿主存在引用，优先返回缓存指针，缺指针时按主键只读解析。		世界树类.cpp:2669
yes	世界树类::读取场景状态索引快照	读取场景状态索引快照	世界树类.cpp:2675	1	读取场景状态事实目录的引用快照，不解释状态值业务含义。		世界树类.cpp:2675
yes	世界树类::读取场景二次特征索引快照	读取场景二次特征索引快照	世界树类.cpp:2681	1	读取场景二次特征事实目录的引用快照，不解释二次特征业务含义。		世界树类.cpp:2681
yes	世界树类::查找存在_按深度或彩图轮廓图	查找存在_按深度或彩图轮廓图	世界树类.cpp:2687	1	在场景直接子存在中按局部深度/彩图轮廓查找候选存在，只返回比较结果。		世界树类.cpp:2687
yes	世界树类::创建二次特征	创建二次特征	世界树类.cpp:2704	1	创建并返回或登记对应对象。		世界树类.cpp:2704
yes	世界树类::创建二次特征_按度量	创建二次特征_按度量	世界树类.cpp:2710	1	按度量签名创建二次特征节点。		世界树类.cpp:2710
yes	世界树类::获取子二次特征	获取子二次特征	世界树类.cpp:2719	1	读取父节点下的直接子二次特征，不创建或修改节点。		世界树类.cpp:2719
yes	世界树类::获取或创建子二次特征_按签名	获取或创建子二次特征_按签名	世界树类.cpp:2725	1	按二次特征签名读取或显式创建父节点下的子二次特征。		世界树类.cpp:2725
yes	世界树类::绑定二次特征场景	绑定二次特征场景	世界树类.cpp:2745	1	绑定二次特征所属场景。		世界树类.cpp:2745
yes	世界树类::设置二次特征生成语义	设置二次特征生成语义	世界树类.cpp:2751	1	设置二次特征生成语义。		世界树类.cpp:2751
yes	世界树类::绑定二次特征来源	绑定二次特征来源	世界树类.cpp:2763	1	绑定二次特征来源状态、动态和场景。		世界树类.cpp:2763
yes	世界树类::设置二次特征主体客体	设置二次特征主体客体	世界树类.cpp:2793	1	设置二次特征主体和客体。		世界树类.cpp:2793
yes	世界树类::设置二次特征左右对象	设置二次特征左右对象	世界树类.cpp:2799	1	设置二次特征左右比较对象。		世界树类.cpp:2799
yes	世界树类::写入二次特征差值结果	写入二次特征差值结果	世界树类.cpp:2805	1	写入二次特征差值比较结果。		世界树类.cpp:2805
yes	世界树类::写入二次特征标量值	写入二次特征标量值	世界树类.cpp:2811	1	写入二次特征标量值和满足状态。		世界树类.cpp:2811
yes	世界树类::写入观察关系二次特征	写入观察关系二次特征	世界树类.cpp:2817	1	写入观察关系二次特征。		世界树类.cpp:2817
yes	世界树类::写入二次特征标量值_已取主信息	写入二次特征标量值_已取主信息	世界树类.cpp:2837	1	在已读取主信息时写入二次特征标量值和满足状态。		世界树类.cpp:2837
yes	世界树类::写入二次特征离散值_已取主信息	写入二次特征离散值_已取主信息	世界树类.cpp:2857	1	在已读取主信息时写入二次特征离散值。		世界树类.cpp:2857
yes	世界树类::刷新二次特征概念模板	刷新二次特征概念模板	世界树类.cpp:2879	1	根据二次特征当前主信息刷新概念模板引用。		世界树类.cpp:2879
yes	世界树类::确保二次特征列表具备默认值	确保二次特征列表具备默认值	世界树类.cpp:2885	1	确保二次特征引用列表中的条件节点具备默认值。		世界树类.cpp:2885
yes	世界树类::查找场景二次特征主信息	查找场景二次特征主信息	世界树类.cpp:2893	1	按场景、特征节点、方向、主体和领域查找二次特征主信息，不创建节点。		世界树类.cpp:2893
yes	世界树类::读取场景二次特征布尔	读取场景二次特征布尔	世界树类.cpp:2911	1	读取场景二次特征布尔值，不创建节点。		世界树类.cpp:2911
yes	世界树类::写入治理二次特征	写入治理二次特征	世界树类.cpp:2927	1	把自我治理候选事实写入场景二次特征。		世界树类.cpp:2927
yes	世界树类::获取动态二次特征	获取动态二次特征	世界树类.cpp:2966	1	读取或生成指定动态关联的二次特征集合。		世界树类.cpp:2966
yes	世界树类::生成相邻动态协同二次特征	生成相邻动态协同二次特征	世界树类.cpp:2972	1	为相邻动态生成协同二次特征。		世界树类.cpp:2972
yes	世界树类::尝试生成连续同向聚合动态	尝试生成连续同向聚合动态	世界树类.cpp:2981	1	尝试按连续同向规则生成聚合动态。		世界树类.cpp:2981
yes	世界树类::尝试生成同类事件段聚合动态	尝试生成同类事件段聚合动态	世界树类.cpp:2987	1	尝试按同类事件段规则生成聚合动态。		世界树类.cpp:2987
yes	世界树类::写入轮廓比较二次特征	写入轮廓比较二次特征	世界树类.cpp:2993	1	把轮廓比较结果写入二次特征材料。		世界树类.cpp:2993
yes	世界树类::创建内部状态	创建内部状态	世界树类.cpp:3035	1	创建内部状态节点并登记到场景。		世界树类.cpp:3035
yes	世界树类::获取场景状态	获取场景状态	世界树类.cpp:3050	1	读取场景状态集合，不创建或修改节点。		世界树类.cpp:3050
yes	世界树类::是否当前活动状态	是否当前活动状态	世界树类.cpp:3056	1	判断指定状态是否仍是场景中同主体同特征口径的当前活动状态。		世界树类.cpp:3056
yes	世界树类::读取最近清理问题快照	读取最近清理问题快照	世界树类.cpp:3062	1	读取状态清理最近问题快照，不修改状态索引。		世界树类.cpp:3062
yes	世界树类::清除最近清理问题快照	清除最近清理问题快照	世界树类.cpp:3068	1	清除状态清理最近问题快照。		世界树类.cpp:3068
yes	世界树类::绑定状态主体特征	绑定状态主体特征	世界树类.cpp:3074	1	绑定状态节点的主体和特征引用。		世界树类.cpp:3074
yes	世界树类::写入状态值	写入状态值	世界树类.cpp:3084	1	写入状态节点的状态值和可选时间戳。		世界树类.cpp:3084
yes	世界树类::标记状态变化	标记状态变化	世界树类.cpp:3106	1	仅写入状态节点显示缓存；权威变化关系由动态或二次特征比较生成。		世界树类.cpp:3106
yes	世界树类::创建方法动作动态	创建方法动作动态	世界树类.cpp:3142	1	创建方法动作动态并登记到场景。		世界树类.cpp:3142
yes	世界树类::追加来源低层动态	追加来源低层动态	世界树类.cpp:3174	1	向动态来源链追加低层动态引用。		世界树类.cpp:3174
yes	世界树类::读取动态双状态时间段	读取动态双状态时间段	世界树类.cpp:3192	1	读取动态两个状态构成的时间段，不创建或修改节点。		世界树类.cpp:3192
yes	世界树类::动态双状态同源可复算	动态双状态同源可复算	世界树类.cpp:3198	1	按主体、特征和双状态时间段包含判断两个动态是否可复算同源。		世界树类.cpp:3198
yes	世界树类::读取动态聚合信息	读取动态聚合信息	世界树类.cpp:3206	1	读取动态聚合层级、聚合方式和路径签名，不创建或修改节点。		世界树类.cpp:3206
yes	世界树类::是原子相邻动态	是原子相邻动态	世界树类.cpp:3216	1	判断动态是否为原子相邻动态，不创建或修改节点。		世界树类.cpp:3216
yes	世界树类::读取动态来源低层动态	读取动态来源低层动态	世界树类.cpp:3222	1	读取动态来源低层动态引用链，不创建或修改节点。		世界树类.cpp:3222
yes	世界树类::计算动态列表路径签名	计算动态列表路径签名	世界树类.cpp:3230	1	按动态节点列表计算聚合路径签名，用于来源链快速过滤。		世界树类.cpp:3230
yes	世界树类::动态聚合来源链相同	动态聚合来源链相同	世界树类.cpp:3236	1	比较聚合动态的来源低层动态链是否与输入动态列表一致。		世界树类.cpp:3236
yes	世界树类::获取场景动态	获取场景动态	世界树类.cpp:3244	1	读取场景动态事实目录中的动态节点快照。		世界树类.cpp:3244
yes	世界树类::状态记录后刷新动态	状态记录后刷新动态	世界树类.cpp:3250	1	记录状态后刷新或创建相邻动态。		世界树类.cpp:3250
yes	世界树类::设置主体特征	设置主体特征	世界树类.cpp:3259	1	设置动态主体和特征。		世界树类.cpp:3259
yes	世界树类::绑定来源方法	绑定来源方法	世界树类.cpp:3265	1	绑定动态来源方法。		世界树类.cpp:3265
yes	世界树类::绑定来源场景	绑定来源场景	世界树类.cpp:3274	1	绑定动态来源输入和输出场景。		世界树类.cpp:3274
yes	世界树类::生成因果信息	生成因果信息	世界树类.cpp:3280	1	按动态信息生成或命中因果信息。		世界树类.cpp:3280
yes	世界树类::是因果节点	是因果节点	世界树类.cpp:3346	1	判断基础信息节点是否承载因果主信息，不创建或修改节点。		世界树类.cpp:3346
yes	世界树类::生成抽象因果自然语言	生成抽象因果自然语言	世界树类.cpp:3352	1	把因果模板转换为基础命名显示使用的自然语言。		世界树类.cpp:3352
yes	世界树类::查找匹配因果模板	查找匹配因果模板	世界树类.cpp:3358	1	按二次特征条件和结果候选查找匹配的因果模板。		世界树类.cpp:3358
yes	世界树类::查询因果动作来源	查询因果动作来源	世界树类.cpp:3368	1	读取因果动作来源的方法模板和动作语义，不创建或修改节点。		世界树类.cpp:3368
yes	世界树类::读取因果证据状态	读取因果证据状态	世界树类.cpp:3379	1	读取因果证据状态和基础计数判断，不创建或修改节点。		世界树类.cpp:3379
yes	世界树类::存在因果条件模板	存在因果条件模板	世界树类.cpp:3397	1	判断因果节点是否登记了条件模板，不创建或修改节点。		世界树类.cpp:3397
yes	世界树类::枚举因果条件目标状态	枚举因果条件目标状态	世界树类.cpp:3403	1	从因果条件模板和证据动态初始状态枚举条件目标状态，不创建或修改节点。		世界树类.cpp:3403
yes	世界树类::查询主果方向命中因果	查询主果方向命中因果	世界树类.cpp:3412	1	按目标二次特征比较查询主果同向和反向命中的因果节点。		世界树类.cpp:3412
yes	世界树类::确保被动触发初始因果模板	确保被动触发初始因果模板	世界树类.cpp:3432	1	确保被动触发初始因果模板存在，按结构签名命中后追加证据动态。		世界树类.cpp:3432
yes	世界树类::查询因果链	查询因果链	世界树类.cpp:3454	1	从目标结果状态或目标结果特征回溯现有状态转换因果边。		世界树类.cpp:3454
yes	世界树类::查询叶子任务目标投影层级	查询叶子任务目标投影层级	世界树类.cpp:3474	1	查询叶子任务目标可能落入的结算贡献投影层级。		世界树类.cpp:3474
yes	世界树类::查询自检原子目标投影	查询自检原子目标投影	世界树类.cpp:3500	1	查询自检原子目标的状态转换因果投影、来源因果和缺失证据。		世界树类.cpp:3500
yes	世界树类::写入特征值	写入特征值	世界树类.cpp:3530	1	把通用特征值写入指定特征节点。		世界树类.cpp:3530
yes	世界树类::读取特征VecU	读取特征VecU	世界树类.cpp:3668	1	从指定来源读取数据或状态。		世界树类.cpp:3668
yes	世界树类::比较轮廓特征_按特征类型	比较轮廓特征_按特征类型	世界树类.cpp:3704	1	比较当前值、目标值或历史基准。		世界树类.cpp:3704
yes	世界树类::比较存在	比较存在	世界树类.cpp:3725	1	比较当前值、目标值或历史基准。		世界树类.cpp:3725
yes	世界树类::刷新存在比较二次特征	刷新存在比较二次特征	世界树类.cpp:3737	1	比较当前值、目标值或历史基准。		世界树类.cpp:3737
yes	世界树类::取或创建默认世界	取或创建默认世界	世界树类.cpp:3759	1	创建并返回或登记对应对象。		世界树类.cpp:3759
yes	世界树类::取或创建自我现实场景	取或创建自我现实场景	世界树类.cpp:3766	1	创建并返回或登记对应对象。		世界树类.cpp:3766
yes	世界树类::取或创建自我存在	取或创建自我存在	世界树类.cpp:3776	1	创建并返回或登记对应对象。		世界树类.cpp:3776
yes	世界树类::取存在内部世界	取存在内部世界	世界树类.cpp:3806	1	按函数名执行对应处理。		世界树类.cpp:3806
yes	世界树类::取或创建存在内部世界	取或创建存在内部世界	世界树类.cpp:3812	1	创建并返回或登记对应对象。		世界树类.cpp:3812
yes	世界树类::读取存在场景绝对坐标	读取存在场景绝对坐标	世界树类.cpp:3830	1	从指定来源读取数据或状态。		世界树类.cpp:3830
yes	世界树类::写入存在场景绝对坐标	写入存在场景绝对坐标	世界树类.cpp:3836	1	把处理结果写入指定对象、场景或日志。		世界树类.cpp:3836
yes	世界树类::计算场景绝对坐标_由参考存在相对坐标	计算场景绝对坐标_由参考存在相对坐标	世界树类.cpp:3853	1	计算权重、状态、差值或派生结果。		世界树类.cpp:3853
yes	世界树类::写入存在场景绝对坐标_由参考存在相对坐标	写入存在场景绝对坐标_由参考存在相对坐标	世界树类.cpp:3865	1	把处理结果写入指定对象、场景或日志。		世界树类.cpp:3865
yes	世界树类::计算场景绝对坐标_由相对坐标表	计算场景绝对坐标_由相对坐标表	世界树类.cpp:3888	1	计算权重、状态、差值或派生结果。		世界树类.cpp:3888
yes	世界树类::写入存在场景绝对坐标_由相对坐标表	写入存在场景绝对坐标_由相对坐标表	世界树类.cpp:3895	1	把处理结果写入指定对象、场景或日志。		世界树类.cpp:3895
yes	世界树类::写入存在观测位置	写入存在观测位置	世界树类.cpp:3911	1	把处理结果写入指定对象、场景或日志。		世界树类.cpp:3911
yes	世界树类::默认特征差异度	默认特征差异度	世界树类.cpp:3929	1	按函数名执行对应处理。		世界树类.cpp:3929
yes	世界树_	世界树_	二次特征应用模块.ixx:2210	1	按函数名执行对应处理。		二次特征应用模块.ixx:2211
yes	二次特征生成模块::绑定世界树	绑定世界树	二次特征应用模块.ixx:2216	1	建立对象、任务、方法或因果之间的绑定关系。		二次特征应用模块.ixx:2216
yes	二次特征生成模块::创建任务结果方向二次特征	创建任务结果方向二次特征	二次特征应用模块.ixx:2222	1	创建并返回或登记对应对象。		二次特征应用模块.ixx:2222
yes	二次特征生成模块::写入场景二次特征	写入场景二次特征	二次特征应用模块.ixx:2261	1	把处理结果写入指定对象、场景或日志。		二次特征应用模块.ixx:2261
yes	二次特征生成模块::确保二次特征具备默认值	确保二次特征具备默认值	二次特征应用模块.ixx:2411	1	确保目标结构、状态或前置条件存在并可用。		二次特征应用模块.ixx:2411
yes	二次特征生成模块::确保二次特征列表具备默认值	确保二次特征列表具备默认值	二次特征应用模块.ixx:2453	1	确保目标结构、状态或前置条件存在并可用。		二次特征应用模块.ixx:2453
yes	二次特征生成模块::查找场景二次特征_按签名	查找场景二次特征_按签名	二次特征应用模块.ixx:2463	1	按条件查找目标对象、方法或事实。		二次特征应用模块.ixx:2463
yes	二次特征生成模块::查找场景二次特征主信息	查找场景二次特征主信息	二次特征应用模块.ixx:2482	1	按条件查找目标对象、方法或事实。		二次特征应用模块.ixx:2482
yes	二次特征生成模块::读取场景二次特征布尔	读取场景二次特征布尔	二次特征应用模块.ixx:2527	1	从指定来源读取数据或状态。		二次特征应用模块.ixx:2527
yes	二次特征生成模块::读取场景二次特征标量	读取场景二次特征标量	二次特征应用模块.ixx:2547	1	从指定来源读取数据或状态。		二次特征应用模块.ixx:2547
yes	二次特征生成模块::取或创建场景条件二次特征_布尔	取或创建场景条件二次特征_布尔	二次特征应用模块.ixx:2567	1	创建并返回或登记对应对象。		二次特征应用模块.ixx:2567
yes	二次特征生成模块::由状态比较生成二次特征	由状态比较生成二次特征	二次特征应用模块.ixx:2655	1	根据当前输入生成目标数据、场景、动态或回执。		二次特征应用模块.ixx:2655
yes	二次特征生成模块::获取动态二次特征	获取动态二次特征	二次特征应用模块.ixx:2770	1	读取并返回指定对象、状态或运行材料。		二次特征应用模块.ixx:2770
yes	二次特征生成模块::生成相邻动态协同二次特征	生成相邻动态协同二次特征	二次特征应用模块.ixx:2784	1	根据当前输入生成目标数据、场景、动态或回执。		二次特征应用模块.ixx:2784
yes	二次特征生成模块::由存在比较结果生成二次特征	由存在比较结果生成二次特征	二次特征应用模块.ixx:2902	1	根据当前输入生成目标数据、场景、动态或回执。		二次特征应用模块.ixx:2902
yes	二次特征生成模块::写入轮廓比较二次特征	写入轮廓比较二次特征	二次特征应用模块.ixx:2992	1	把处理结果写入指定对象、场景或日志。		二次特征应用模块.ixx:2992
yes	二次特征生成模块::尝试生成连续同向聚合动态	尝试生成连续同向聚合动态	二次特征应用模块.ixx:3110	1	根据当前输入生成目标数据、场景、动态或回执。		二次特征应用模块.ixx:3110
yes	二次特征生成模块::尝试生成同类事件段聚合动态	尝试生成同类事件段聚合动态	二次特征应用模块.ixx:3239	1	根据当前输入生成目标数据、场景、动态或回执。		二次特征应用模块.ixx:3239
yes	二次特征生成模块::刷新场景存在型基础二次特征	刷新场景存在型基础二次特征	二次特征应用模块.ixx:3501	1	按函数名执行对应处理。		二次特征应用模块.ixx:3501
yes	二次特征类::设置生成语义	设置生成语义	二次特征类.cpp:1076	1	根据当前输入生成目标数据、场景、动态或回执。		二次特征类.cpp:1076
yes	二次特征类::绑定来源	绑定来源	二次特征类.cpp:1099	1	建立对象、任务、方法或因果之间的绑定关系。		二次特征类.cpp:1099
yes	二次特征类::设置主体客体	设置主体客体	二次特征类.cpp:1178	1	设置对象字段、状态或运行参数。		二次特征类.cpp:1178
yes	二次特征类::设置左右对象	设置左右对象	二次特征类.cpp:1190	1	设置对象字段、状态或运行参数。		二次特征类.cpp:1190
yes	二次特征类::写入差值结果	写入差值结果	二次特征类.cpp:1202	1	把处理结果写入指定对象、场景或日志。		二次特征类.cpp:1202
yes	二次特征类::写入标量值	写入标量值	二次特征类.cpp:1217	1	把处理结果写入指定对象、场景或日志。		二次特征类.cpp:1217
yes	二次特征类::写入标量值_已取主信息	写入标量值_已取主信息	二次特征类.cpp:1236	1	把处理结果写入指定对象、场景或日志。		二次特征类.cpp:1236
yes	二次特征类::写入观察关系二次特征	写入观察关系二次特征	二次特征类.cpp:1257	1	写入观察关系二次特征。		二次特征类.cpp:1257
yes	二次特征类::私有_写入标量值_已取主信息	私有_写入标量值_已取主信息	二次特征类.cpp:1315	1	把处理结果写入指定对象、场景或日志。		二次特征类.cpp:1315
yes	二次特征类::写入离散值	写入离散值	二次特征类.cpp:1426	1	把处理结果写入指定对象、场景或日志。		二次特征类.cpp:1426
yes	二次特征类::写入离散值_已取主信息	写入离散值_已取主信息	二次特征类.cpp:1451	1	把处理结果写入指定对象、场景或日志。		二次特征类.cpp:1451
yes	二次特征类::私有_写入离散值_已取主信息	私有_写入离散值_已取主信息	二次特征类.cpp:1474	1	把处理结果写入指定对象、场景或日志。		二次特征类.cpp:1474
yes	二次特征类::刷新度量签名_链键	刷新度量签名_链键	二次特征类.cpp:1574	1	按函数名执行对应处理。		二次特征类.cpp:1574
yes	二次特征类::刷新概念模板	刷新概念模板	二次特征类.cpp:1583	1	按函数名执行对应处理。		二次特征类.cpp:1583
yes	二次特征类::私有_确保默认概念刻度	私有_确保默认概念刻度	二次特征类.cpp:1782	1	确保目标结构、状态或前置条件存在并可用。		二次特征类.cpp:1782
yes	二次特征类::绑定基础信息	绑定基础信息	二次特征类.cpp:266	1	建立对象、任务、方法或因果之间的绑定关系。		二次特征类.cpp:266
yes	二次特征类::按主键解析二次特征节点	按主键解析二次特征节点	二次特征类.cpp:286	1	按主键查找并解析二次特征节点，不创建或修改节点。		二次特征类.cpp:286
yes	二次特征类::读取状态迁移来源	读取状态迁移来源	二次特征类.cpp:296	1	读取状态迁移二次特征的来源状态和动态，不创建或修改节点。		二次特征类.cpp:296
yes	二次特征类::是状态迁移二次特征	是状态迁移二次特征	二次特征类.cpp:333	1	判断节点是否为状态迁移二次特征。		二次特征类.cpp:333
yes	二次特征类::读取可融合标量区间	读取可融合标量区间	二次特征类.cpp:340	1	读取可用于因果融合的标量区间，不创建或修改节点。		二次特征类.cpp:340
yes	二次特征类::统计状态引用数量	统计状态引用数量	二次特征类.cpp:442	1	统计二次特征中引用指定状态的次数。		二次特征类.cpp:442
yes	二次特征类::融合同向状态迁移可融合标量区间	融合同向状态迁移可融合标量区间	二次特征类.cpp:534	1	把同向状态迁移候选的可融合标量区间合并到目标二次特征。		二次特征类.cpp:534
yes	二次特征类::二次特征模板匹配	二次特征模板匹配	二次特征类.cpp:580	1	判断二次特征是否命中二次特征模板。		二次特征类.cpp:580
yes	二次特征类::创建二次特征	创建二次特征	二次特征类.cpp:590	1	创建并返回或登记对应对象。		二次特征类.cpp:590
yes	二次特征类::创建二次特征_按度量	创建二次特征_按度量	二次特征类.cpp:604	1	创建并返回或登记对应对象。		二次特征类.cpp:604
yes	二次特征类::获取或创建子二次特征_按签名	获取或创建子二次特征_按签名	二次特征类.cpp:619	1	创建并返回或登记对应对象。		二次特征类.cpp:619
yes	二次特征类::获取或创建概念树根	获取或创建概念树根	二次特征类.cpp:789	1	创建并返回或登记对应对象。		二次特征类.cpp:789
yes	二次特征类::获取或创建度量链根	获取或创建度量链根	二次特征类.cpp:812	1	创建并返回或登记对应对象。		二次特征类.cpp:812
yes	二次特征类::注册概念小区间	注册概念小区间	二次特征类.cpp:844	1	注册方法、模板、对象或运行入口。		二次特征类.cpp:844
yes	二次特征类::按差值命中概念节点	按差值命中概念节点	二次特征类.cpp:892	1	按函数名执行对应处理。		二次特征类.cpp:892
yes	二次特征类::用概念名称反查节点	用概念名称反查节点	二次特征类.cpp:928	1	按函数名执行对应处理。		二次特征类.cpp:928
yes	二次特征类::删除二次特征	删除二次特征	二次特征类.cpp:955	1	删除指定对象、状态或登记项。		二次特征类.cpp:955
yes	二次特征类::枚举全部二次特征	枚举全部二次特征	二次特征类.cpp:972	1	按函数名执行对应处理。		二次特征类.cpp:972
yes	二次特征类::获取子二次特征	获取子二次特征	二次特征类.cpp:984	1	读取并返回指定对象、状态或运行材料。		二次特征类.cpp:984
yes	二次特征类::绑定场景	绑定场景	二次特征类.cpp:996	1	建立对象、任务、方法或因果之间的绑定关系。		二次特征类.cpp:996
yes	私有_后台worker循环	私有_后台worker循环	任务模块.管理界面线程.impl.cpp:6272	1	服务所在模块的内部辅助流程。		任务模块.管理界面线程.impl.cpp:6272
yes	任务类::初始化任务虚拟存在信息	初始化任务虚拟存在信息	任务类.cpp:1485	1	初始化相关对象、状态或运行上下文。		任务类.cpp:1485
yes	任务类::补齐任务虚拟存在概念集	补齐任务虚拟存在概念集	任务类.cpp:1540	1	补齐条件、参数、证据或方法能力缺口。		任务类.cpp:1540
yes	任务类::写入任务根实体特征	写入任务根实体特征	任务类.cpp:1591	1	把处理结果写入指定对象、场景或日志。		任务类.cpp:1591
yes	任务类::写入任务控制实体特征	写入任务控制实体特征	任务类.cpp:1619	1	把处理结果写入指定对象、场景或日志。		任务类.cpp:1619
yes	任务类::写入任务局部运行实体特征	写入任务局部运行实体特征	任务类.cpp:1659	1	把处理结果写入指定对象、场景或日志。		任务类.cpp:1659
yes	任务类::读取任务场景引用	读取任务场景引用	任务类.cpp:1725	1	从指定来源读取数据或状态。		任务类.cpp:1725
yes	任务类::读取任务创建时间	读取任务创建时间	任务类.cpp:1825	1	从指定来源读取数据或状态。		任务类.cpp:1825
yes	任务类::读取任务管理对象或自身	读取任务管理对象或自身	任务类.cpp:1990	1	从指定来源读取数据或状态。		任务类.cpp:1990
yes	任务类::任务管理对象指向	任务管理对象指向	任务类.cpp:2003	1	按函数名执行对应处理。		任务类.cpp:2003
yes	任务类::写入任务管理对象任务	写入任务管理对象任务	任务类.cpp:2020	1	把处理结果写入指定对象、场景或日志。		任务类.cpp:2020
yes	任务类::写入任务局部优先级偏移	写入任务局部优先级偏移	任务类.cpp:2312	1	把处理结果写入指定对象、场景或日志。		任务类.cpp:2312
yes	任务类::写入任务运行次数	写入任务运行次数	任务类.cpp:2408	1	把处理结果写入指定对象、场景或日志。		任务类.cpp:2408
yes	任务类::写入任务成功次数	写入任务成功次数	任务类.cpp:2420	1	把处理结果写入指定对象、场景或日志。		任务类.cpp:2420
yes	任务类::写入任务失败次数	写入任务失败次数	任务类.cpp:2432	1	把处理结果写入指定对象、场景或日志。		任务类.cpp:2432
yes	任务类::写入任务连续失败次数	写入任务连续失败次数	任务类.cpp:2444	1	把处理结果写入指定对象、场景或日志。		任务类.cpp:2444
yes	任务类::写入任务转入缺口需求次数	写入任务转入缺口需求次数	任务类.cpp:2456	1	把处理结果写入指定对象、场景或日志。		任务类.cpp:2456
yes	任务类::写入任务最近错误码	写入任务最近错误码	任务类.cpp:2468	1	把处理结果写入指定对象、场景或日志。		任务类.cpp:2468
yes	任务类::同步任务特征使用统计	同步任务特征使用统计	任务类.cpp:2474	1	同步线程、任务、场景或对象之间的状态。		任务类.cpp:2474
yes	任务类::读取任务特征账本生命周期标准特征	读取任务特征账本生命周期标准特征	任务类.cpp:2493	1	从指定来源读取数据或状态。		任务类.cpp:2493
yes	任务类::创建任务头结点	创建任务头结点	任务类.cpp:2513	1	创建并返回或登记对应对象。		任务类.cpp:2513
yes	队列深度	队列深度	动作线程类.ixx:131	1	按函数名执行对应处理。		动作线程类.ixx:131
yes	运行中	运行中	动作线程类.ixx:143	1	执行对应模块、线程或方法的运行逻辑。		动作线程类.ixx:143
yes	动态类::创建叶子动态	创建叶子动态	动态类.cpp:1012	1	创建并返回或登记对应对象。		动态类.cpp:1012
yes	动态类::创建动作动态	创建动作动态	动态类.cpp:1022	1	创建并返回或登记对应对象。		动态类.cpp:1022
yes	动态类::创建方法动作动态	创建方法动作动态	动态类.cpp:1051	1	创建并返回或登记对应对象。		动态类.cpp:1051
yes	动态类::创建存在动态	创建存在动态	动态类.cpp:1111	1	创建并返回或登记对应对象。		动态类.cpp:1111
yes	动态类::创建场景动态	创建场景动态	动态类.cpp:1159	1	创建并返回或登记对应对象。		动态类.cpp:1159
yes	动态类::允许生成状态动态	允许生成状态动态	动态类.cpp:1207	1	根据当前输入生成目标数据、场景、动态或回执。		动态类.cpp:1207
yes	动态类::允许生成存在动态	允许生成存在动态	动态类.cpp:1218	1	根据当前输入生成目标数据、场景、动态或回执。		动态类.cpp:1218
yes	动态类::允许生成场景动态	允许生成场景动态	动态类.cpp:1237	1	根据当前输入生成目标数据、场景、动态或回执。		动态类.cpp:1237
yes	动态类::允许生成方法动作动态	允许生成方法动作动态	动态类.cpp:1256	1	根据当前输入生成目标数据、场景、动态或回执。		动态类.cpp:1256
yes	动态类::删除动态	删除动态	动态类.cpp:1262	1	删除指定对象、状态或登记项。		动态类.cpp:1262
yes	动态类::枚举全部动态	枚举全部动态	动态类.cpp:1274	1	按函数名执行对应处理。		动态类.cpp:1274
yes	动态类::获取场景动态	获取场景动态	动态类.cpp:1286	1	读取并返回指定对象、状态或运行材料。		动态类.cpp:1286
yes	动态类::查找相邻前状态	查找相邻前状态	动态类.cpp:1301	1	按条件查找目标对象、方法或事实。		动态类.cpp:1301
yes	动态类::状态记录后刷新动态	状态记录后刷新动态	动态类.cpp:1430	1	记录日志、动态、证据或运行痕迹。		动态类.cpp:1430
yes	动态类::设置主体特征	设置主体特征	动态类.cpp:1441	1	设置对象字段、状态或运行参数。		动态类.cpp:1441
yes	动态类::设置聚合信息	设置聚合信息	动态类.cpp:1458	1	设置对象字段、状态或运行参数。		动态类.cpp:1458
yes	动态类::追加来源低层动态	追加来源低层动态	动态类.cpp:1469	1	按函数名执行对应处理。		动态类.cpp:1469
yes	动态类::绑定来源方法	绑定来源方法	动态类.cpp:1481	1	建立对象、任务、方法或因果之间的绑定关系。		动态类.cpp:1481
yes	动态类::绑定来源场景	绑定来源场景	动态类.cpp:1498	1	建立对象、任务、方法或因果之间的绑定关系。		动态类.cpp:1498
yes	动态类::绑定基础信息	绑定基础信息	动态类.cpp:464	1	建立对象、任务、方法或因果之间的绑定关系。		动态类.cpp:464
yes	动态类::推导动态名称	推导动态名称	动态类.cpp:482	1	按动态结构字段推导名称语义入口。		动态类.cpp:482
yes	动态类::按主键解析动态节点	按主键解析动态节点	动态类.cpp:494	1	按主键查找并解析动态节点，不创建或修改节点。		动态类.cpp:494
yes	动态类::读取动态因果生成输入	读取动态因果生成输入	动态类.cpp:504	1	读取动态生成因果所需输入，不创建或修改节点。		动态类.cpp:504
yes	动态类::读取动态来源场景	读取动态来源场景	动态类.cpp:535	1	读取动态来源输入场景和输出场景，不创建或修改节点。		动态类.cpp:535
yes	动态类::读取动态排序时间	读取动态排序时间	动态类.cpp:562	1	读取动态排序时间，不创建或修改节点。		动态类.cpp:562
yes	动态类::读取动态双状态时间段	读取动态双状态时间段	动态类.cpp:569	1	读取动态两个状态构成的时间段，不创建或修改节点。		动态类.cpp:569
yes	动态类::动态双状态同源可复算	动态双状态同源可复算	动态类.cpp:585	1	按主体、特征和双状态时间段包含判断两个动态是否可复算同源。		动态类.cpp:585
yes	动态类::读取动态聚合信息	读取动态聚合信息	动态类.cpp:605	1	读取动态聚合层级、聚合方式和路径签名，不创建或修改节点。		动态类.cpp:605
yes	动态类::是原子相邻动态	是原子相邻动态	动态类.cpp:627	1	判断动态是否为原子相邻动态，不创建或修改节点。		动态类.cpp:627
yes	动态类::读取动态来源低层动态	读取动态来源低层动态	动态类.cpp:638	1	读取动态来源低层动态引用链，不创建或修改节点。		动态类.cpp:638
yes	动态类::计算动态列表路径签名	计算动态列表路径签名	动态类.cpp:663	1	按动态节点列表计算聚合路径签名，用于来源链快速过滤。		动态类.cpp:663
yes	动态类::动态聚合来源链相同	动态聚合来源链相同	动态类.cpp:680	1	比较聚合动态的来源低层动态链是否与输入动态列表一致。		动态类.cpp:680
yes	动态类::同步SQL控制面板动态显示项	同步SQL控制面板动态显示项	动态类.cpp:698	1	把动态节点当前态同步到 SQL 控制面板运行态显示镜像。		动态类.cpp:698
yes	因果类::绑定基础信息	绑定基础信息	因果类.cpp:1265	1	建立对象、任务、方法或因果之间的绑定关系。		因果类.cpp:1265
yes	因果类::是因果节点	是因果节点	因果类.cpp:1295	1	判断基础信息节点是否承载因果主信息，不创建或修改节点。		因果类.cpp:1295
yes	因果类::读取因果证据状态	读取因果证据状态	因果类.cpp:1333	1	读取因果证据状态和基础计数判断，不创建或修改节点。		因果类.cpp:1333
yes	因果类::更新因果证据计数	更新因果证据计数	因果类.cpp:1374	1	更新因果模板基础证据计数，不保存失败动态样本。		因果类.cpp:1374
yes	因果类::验收动作结果因果证据	验收动作结果因果证据	因果类.cpp:1403	1	验收动作动态的预测结果与实际结果，并更新命中因果模板计数。		因果类.cpp:1403
yes	因果类::查询主果方向命中因果	查询主果方向命中因果	因果类.cpp:1506	1	按目标二次特征比较查询主果同向和反向命中的因果节点，不创建或修改节点。		因果类.cpp:1506
yes	因果类::存在因果条件模板	存在因果条件模板	因果类.cpp:1586	1	判断因果节点是否登记了条件模板，不创建或修改节点。		因果类.cpp:1586
yes	因果类::枚举因果条件目标状态	枚举因果条件目标状态	因果类.cpp:1593	1	从因果条件模板和证据动态初始状态枚举条件目标状态，不创建或修改节点。		因果类.cpp:1593
yes	因果类::查询因果动作来源	查询因果动作来源	因果类.cpp:1705	1	读取因果动作来源的方法模板和动作语义，不创建或修改节点。		因果类.cpp:1705
yes	因果类::创建因果模板	创建因果模板	因果类.cpp:1737	1	创建并返回或登记对应对象。		因果类.cpp:1737
yes	因果类::确保被动触发初始因果模板	确保被动触发初始因果模板	因果类.cpp:1767	1	确保被动触发初始因果模板存在，按结构签名命中后追加证据动态。		因果类.cpp:1767
yes	因果类::查询条件相关因果	查询条件相关因果	因果类.cpp:1898	1	按条件特征查询抽象因果模板，不创建或修改因果节点。		因果类.cpp:1898
yes	因果类::查询结果相关因果	查询结果相关因果	因果类.cpp:1917	1	按结果特征或结果状态查询抽象因果模板，不创建或修改因果节点。		因果类.cpp:1917
yes	因果类::查询动作相关因果	查询动作相关因果	因果类.cpp:1938	1	按方法模板或动作语义键查询抽象因果模板，不创建或修改因果节点。		因果类.cpp:1938
yes	因果类::查询因果链	查询因果链	因果类.cpp:1955	1	从目标结果状态或目标结果特征回溯现有状态转换因果边。		因果类.cpp:1955
yes	因果类::查询叶子任务目标投影层级	查询叶子任务目标投影层级	因果类.cpp:2063	1	按函数名执行对应处理。		因果类.cpp:2063
yes	因果类::查询自检原子目标投影	查询自检原子目标投影	因果类.cpp:2149	1	按函数名执行对应处理。		因果类.cpp:2149
yes	因果类::私有_生成因果信息并返回模板	私有_生成因果信息并返回模板	因果类.cpp:2296	1	内部生成或命中因果模板，并返回公开入口使用的首选模板。		因果类.cpp:2296
yes	因果类::枚举全部因果	枚举全部因果	因果类.cpp:2645	1	按函数名执行对应处理。		因果类.cpp:2645
yes	因果类::枚举因果模板	枚举因果模板	因果类.cpp:2657	1	按函数名执行对应处理。		因果类.cpp:2657
yes	因果类::追加证据动态样本	追加证据动态样本	因果类.cpp:2667	1	为生成因果信息命中的现有模板追加证据动态。		因果类.cpp:2667
yes	因果类::二次特征匹配模板	二次特征匹配模板	因果类.cpp:2685	1	按函数名执行对应处理。		因果类.cpp:2685
yes	因果类::因果模板匹配二次特征	因果模板匹配二次特征	因果类.cpp:2693	1	按函数名执行对应处理。		因果类.cpp:2693
yes	因果类::查找匹配因果模板	查找匹配因果模板	因果类.cpp:2716	1	按条件查找目标对象、方法或事实。		因果类.cpp:2716
yes	因果类::生成抽象因果自然语言	生成抽象因果自然语言	因果类.cpp:2734	1	把因果模板转换为基础命名显示使用的自然语言。		因果类.cpp:2734
yes	场景类::按主键解析场景节点	按主键解析场景节点	场景类.cpp:100	1	按主键查找并解析场景节点，不创建或修改节点。		场景类.cpp:100
yes	场景类::创建场景	创建场景	场景类.cpp:112	1	创建并返回或登记对应对象。		场景类.cpp:112
yes	场景类::创建场景_按名称	创建场景_按名称	场景类.cpp:119	1	创建并返回或登记对应对象。		场景类.cpp:119
yes	场景类::取或创建子场景_按名称	取或创建子场景_按名称	场景类.cpp:131	1	创建并返回或登记对应对象。		场景类.cpp:131
yes	场景类::删除场景	删除场景	场景类.cpp:146	1	删除指定对象、状态或登记项。		场景类.cpp:146
yes	场景类::枚举全部场景	枚举全部场景	场景类.cpp:152	1	按函数名执行对应处理。		场景类.cpp:152
yes	场景类::获取子场景	获取子场景	场景类.cpp:164	1	读取并返回指定对象、状态或运行材料。		场景类.cpp:164
yes	场景类::获取子存在	获取子存在	场景类.cpp:178	1	读取并返回指定对象、状态或运行材料。		场景类.cpp:178
yes	场景类::获取子特征	获取子特征	场景类.cpp:192	1	读取并返回指定对象、状态或运行材料。		场景类.cpp:192
yes	场景类::查找子场景_按名称	查找子场景_按名称	场景类.cpp:206	1	按条件查找目标对象、方法或事实。		场景类.cpp:206
yes	场景类::查找存在_按深度或彩图轮廓图	查找存在_按深度或彩图轮廓图	场景类.cpp:220	1	在场景直接子存在中按局部深度/彩图轮廓查找候选存在，只返回比较结果。		场景类.cpp:220
yes	场景类::绑定宿主	绑定宿主	场景类.cpp:297	1	建立对象、任务、方法或因果之间的绑定关系。		场景类.cpp:297
yes	场景类::读取场景宿主存在	读取场景宿主存在	场景类.cpp:306	1	读取场景宿主存在引用，优先返回缓存指针，缺指针时按主键只读解析。		场景类.cpp:306
yes	场景类::读取场景状态索引快照	读取场景状态索引快照	场景类.cpp:317	1	读取场景状态事实目录的引用快照，不解释状态值业务含义。		场景类.cpp:317
yes	场景类::读取场景动态索引快照	读取场景动态索引快照	场景类.cpp:330	1	读取场景动态事实目录的引用快照，不解释动态语义。		场景类.cpp:330
yes	场景类::绑定来源文章	绑定来源文章	场景类.cpp:343	1	建立对象、任务、方法或因果之间的绑定关系。		场景类.cpp:343
yes	场景类::追加状态	追加状态	场景类.cpp:352	1	按函数名执行对应处理。		场景类.cpp:352
yes	场景类::移除场景状态索引	移除场景状态索引	场景类.cpp:372	1	从场景状态事实目录移除指定状态引用，不删除状态节点。		场景类.cpp:372
yes	场景类::移除场景状态索引引用	移除场景状态索引引用	场景类.cpp:383	1	按状态引用从场景状态事实目录移除状态引用，不删除状态节点。		场景类.cpp:383
yes	场景类::追加动态	追加动态	场景类.cpp:404	1	按函数名执行对应处理。		场景类.cpp:404
yes	场景类::移除场景动态索引	移除场景动态索引	场景类.cpp:424	1	从场景动态事实目录移除指定动态引用，不删除动态节点。		场景类.cpp:424
yes	场景类::追加关系	追加关系	场景类.cpp:445	1	按函数名执行对应处理。		场景类.cpp:445
yes	场景类::追加二次特征	追加二次特征	场景类.cpp:451	1	按函数名执行对应处理。		场景类.cpp:451
yes	场景类::移除场景二次特征索引	移除场景二次特征索引	场景类.cpp:461	1	从场景二次特征事实目录移除指定二次特征引用，不删除二次特征节点。		场景类.cpp:461
yes	场景类::读取场景二次特征索引快照	读取场景二次特征索引快照	场景类.cpp:483	1	读取场景二次特征事实目录的引用快照，不解释二次特征业务含义。		场景类.cpp:483
yes	场景类::绑定基础信息	绑定基础信息	场景类.cpp:76	1	建立对象、任务、方法或因果之间的绑定关系。		场景类.cpp:76
yes	场景类::是场景节点	是场景节点	场景类.cpp:94	1	判断基础信息节点是否为场景节点，不创建或修改节点。		场景类.cpp:94
yes	存在节点主信息类::~存在节点主信息类	~存在节点主信息类	基础信息主信息类.cpp:8	1	释放或收束对象资源。		基础信息主信息类.cpp:8
yes	基础信息类::更新主信息	更新主信息	基础信息类.cpp:101	1	更新已有对象、状态、索引或缓存。		基础信息类.cpp:101
yes	基础信息类::枚举全部节点	枚举全部节点	基础信息类.cpp:116	1	按函数名执行对应处理。		基础信息类.cpp:116
yes	基础信息类::查找语素入口模板	查找语素入口模板	基础信息类.cpp:129	1	按条件查找目标对象、方法或事实。		基础信息类.cpp:129
yes	基础信息类::确保语素入口模板	确保语素入口模板	基础信息类.cpp:147	1	确保目标结构、状态或前置条件存在并可用。		基础信息类.cpp:147
yes	基础信息类::选择信息入口默认根	选择信息入口默认根	基础信息类.cpp:193	1	从候选集中选择当前使用对象或方法。		基础信息类.cpp:193
yes	基础信息类::查找引用语素入口节点的基础信息	查找引用语素入口节点的基础信息	基础信息类.cpp:234	1	按条件查找目标对象、方法或事实。		基础信息类.cpp:234
yes	基础信息类::主信息类型是否可由语素入口模板创建	主信息类型是否可由语素入口模板创建	基础信息类.cpp:256	1	创建并返回或登记对应对象。		基础信息类.cpp:256
yes	基础信息类::基础信息节点匹配类型	基础信息节点匹配类型	基础信息类.cpp:262	1	按函数名执行对应处理。		基础信息类.cpp:262
yes	基础信息类::基础信息节点引用语素入口节点	基础信息节点引用语素入口节点	基础信息类.cpp:270	1	按函数名执行对应处理。		基础信息类.cpp:270
yes	基础信息类::私有_创建语素入口模板主信息	私有_创建语素入口模板主信息	基础信息类.cpp:276	1	创建并返回或登记对应对象。		基础信息类.cpp:276
yes	基础信息类::私有_主信息引用语素入口节点	私有_主信息引用语素入口节点	基础信息类.cpp:322	1	服务所在模块的内部辅助流程。		基础信息类.cpp:322
yes	基础信息类::私有_节点在范围内	私有_节点在范围内	基础信息类.cpp:345	1	服务所在模块的内部辅助流程。		基础信息类.cpp:345
yes	基础信息类::获取名称	获取名称	基础信息类.cpp:355	1	读取并返回指定对象、状态或运行材料。		基础信息类.cpp:355
yes	基础信息类::取或创建存在概念根	取或创建存在概念根	基础信息类.cpp:361	1	返回存在类信息最高抽象根；旧“存在概念根”只作迁移查找来源。		基础信息类.cpp:361
yes	基础信息类::私有_清理主信息_已加锁	私有_清理主信息_已加锁	基础信息类.cpp:433	1	清理缓存、临时状态或运行资源。		基础信息类.cpp:433
yes	基础信息类::~基础信息类	~基础信息类	基础信息类.cpp:52	1	释放或收束对象资源。		基础信息类.cpp:52
yes	基础信息类::初始化	初始化	基础信息类.cpp:59	1	初始化相关对象、状态或运行上下文。		基础信息类.cpp:59
yes	基础信息类::世界根	世界根	基础信息类.cpp:64	1	按函数名执行对应处理。		基础信息类.cpp:64
yes	基础信息类::添加节点	添加节点	基础信息类.cpp:70	1	按函数名执行对应处理。		基础信息类.cpp:70
yes	基础信息类::添加子节点	添加子节点	基础信息类.cpp:78	1	按函数名执行对应处理。		基础信息类.cpp:78
yes	基础信息类::释放节点主信息递归	释放节点主信息递归	基础信息类.cpp:86	1	递归释放节点及其子链主信息，不删除节点本身。		基础信息类.cpp:86
yes	基础信息类::删除节点	删除节点	基础信息类.cpp:93	1	删除指定对象、状态或登记项。		基础信息类.cpp:93
yes	外设线程_D455深度相机类::外设线程_D455深度相机类	外设线程_D455深度相机类	外设线程_D455深度相机.ixx:3203	1	初始化对象实例。		外设线程_D455深度相机.ixx:3203
yes	外设线程_D455深度相机类::~外设线程_D455深度相机类	~外设线程_D455深度相机类	外设线程_D455深度相机.ixx:3209	1	释放或收束对象资源。		外设线程_D455深度相机.ixx:3209
yes	外设线程_D455深度相机类::启动	启动	外设线程_D455深度相机.ixx:3216	1	启动线程、模块或运行流程。		外设线程_D455深度相机.ixx:3216
yes	外设线程_D455深度相机类::请求停止	请求停止	外设线程_D455深度相机.ixx:3238	1	停止线程、模块或运行流程。		外设线程_D455深度相机.ixx:3238
yes	外设线程_D455深度相机类::等待停止	等待停止	外设线程_D455深度相机.ixx:3255	1	停止线程、模块或运行流程。		外设线程_D455深度相机.ixx:3255
yes	外设线程_D455深度相机类::等待完成	等待完成	外设线程_D455深度相机.ixx:3263	1	等待线程、任务、外设或条件变化。		外设线程_D455深度相机.ixx:3263
yes	外设线程_D455深度相机类::读取生命周期状态	读取生命周期状态	外设线程_D455深度相机.ixx:3293	1	从指定来源读取数据或状态。		外设线程_D455深度相机.ixx:3294
yes	外设线程_D455深度相机类::是否运行中	是否运行中	外设线程_D455深度相机.ixx:3304	1	执行对应模块、线程或方法的运行逻辑。		外设线程_D455深度相机.ixx:3304
yes	外设线程_D455深度相机类::读取最新结果	读取最新结果	外设线程_D455深度相机.ixx:3313	1	从指定来源读取数据或状态。		外设线程_D455深度相机.ixx:3313
yes	存在类::绑定基础信息	绑定基础信息	存在类.cpp:266	1	建立对象、任务、方法或因果之间的绑定关系。		存在类.cpp:266
yes	存在类::是存在节点	是存在节点	存在类.cpp:284	1	判断基础信息节点是否承载存在主信息。		存在类.cpp:284
yes	存在类::按主键解析存在节点	按主键解析存在节点	存在类.cpp:290	1	按主键查找并解析存在节点，不创建或修改节点。		存在类.cpp:290
yes	存在类::是存在概念	是存在概念	存在类.cpp:300	1	判断存在节点是否位于存在概念根子树内，不创建或修改节点。		存在类.cpp:300
yes	存在类::是实例存在	是实例存在	存在类.cpp:310	1	判断存在节点是否为实例存在，不创建或修改节点。		存在类.cpp:310
yes	存在类::读取存在名称	读取存在名称	存在类.cpp:318	1	读取存在名称入口，不创建或补齐任何结构。		存在类.cpp:318
yes	存在类::读取存在类型	读取存在类型	存在类.cpp:325	1	读取存在类型入口，不创建或补齐任何结构。		存在类.cpp:325
yes	存在类::读取内部世界	读取内部世界	存在类.cpp:332	1	读取存在内部世界引用，不创建内部世界。		存在类.cpp:332
yes	存在类::读取概念集快照	读取概念集快照	存在类.cpp:339	1	读取存在概念集引用快照，不解析或扩充概念。		存在类.cpp:339
yes	存在类::读取概念模板引用	读取概念模板引用	存在类.cpp:346	1	读取存在概念模板引用，不解析或扩充概念。		存在类.cpp:346
yes	存在类::读取存在场景绝对坐标	读取存在场景绝对坐标	存在类.cpp:353	1	从存在特征结构读取场景绝对坐标，不创建特征节点。		存在类.cpp:353
yes	存在类::计算场景绝对坐标_由参考存在相对坐标	计算场景绝对坐标_由参考存在相对坐标	存在类.cpp:385	1	按参考存在绝对坐标和相对坐标计算同场景绝对坐标。		存在类.cpp:385
yes	存在类::计算场景绝对坐标_由相对坐标表	计算场景绝对坐标_由相对坐标表	存在类.cpp:419	1	按相对坐标表选择第一条可用参考并换算场景绝对坐标。		存在类.cpp:419
yes	存在类::读取最近观测位置缓存	读取最近观测位置缓存	存在类.cpp:444	1	读取最近观测位置缓存；缓存只作为特征化或显示输入。		存在类.cpp:444
yes	存在类::读取上次观测位置缓存	读取上次观测位置缓存	存在类.cpp:453	1	读取上次观测位置缓存；缓存只作为特征化或显示输入。		存在类.cpp:453
yes	存在类::确保存在三类根节点	确保存在三类根节点	存在类.cpp:462	1	确保目标结构、状态或前置条件存在并可用。		存在类.cpp:462
yes	存在类::创建存在	创建存在	存在类.cpp:511	1	创建并返回或登记对应对象。		存在类.cpp:511
yes	存在类::创建存在_按名称类型	创建存在_按名称类型	存在类.cpp:519	1	创建并返回或登记对应对象。		存在类.cpp:519
yes	存在类::取或创建子存在_按名称类型	取或创建子存在_按名称类型	存在类.cpp:531	1	创建并返回或登记对应对象。		存在类.cpp:531
yes	存在类::取或创建子存在_按类型	取或创建子存在_按类型	存在类.cpp:551	1	创建并返回或登记对应对象。		存在类.cpp:551
yes	存在类::确保存在概念	确保存在概念	存在类.cpp:563	1	确保目标结构、状态或前置条件存在并可用。		存在类.cpp:563
yes	存在类::创建存在实例	创建存在实例	存在类.cpp:575	1	创建并返回或登记对应对象。		存在类.cpp:575
yes	存在类::删除存在	删除存在	存在类.cpp:595	1	删除指定对象、状态或登记项。		存在类.cpp:595
yes	存在类::枚举全部存在	枚举全部存在	存在类.cpp:604	1	按函数名执行对应处理。		存在类.cpp:604
yes	存在类::获取子存在	获取子存在	存在类.cpp:616	1	读取并返回指定对象、状态或运行材料。		存在类.cpp:616
yes	存在类::查找子存在_按名称	查找子存在_按名称	存在类.cpp:628	1	按条件查找目标对象、方法或事实。		存在类.cpp:628
yes	存在类::查找子存在_按类型	查找子存在_按类型	存在类.cpp:642	1	按条件查找目标对象、方法或事实。		存在类.cpp:642
yes	存在类::获取概念集	获取概念集	存在类.cpp:656	1	读取并返回指定对象、状态或运行材料。		存在类.cpp:656
yes	存在类::存在包含概念	存在包含概念	存在类.cpp:676	1	按函数名执行对应处理。		存在类.cpp:676
yes	存在类::查找实例_按概念	查找实例_按概念	存在类.cpp:694	1	按条件查找目标对象、方法或事实。		存在类.cpp:694
yes	存在类::写入名称	写入名称	存在类.cpp:712	1	把处理结果写入指定对象、场景或日志。		存在类.cpp:712
yes	存在类::写入类型	写入类型	存在类.cpp:721	1	把处理结果写入指定对象、场景或日志。		存在类.cpp:721
yes	存在类::绑定概念模板	绑定概念模板	存在类.cpp:730	1	建立对象、任务、方法或因果之间的绑定关系。		存在类.cpp:730
yes	存在类::添加实例概念	添加实例概念	存在类.cpp:742	1	按函数名执行对应处理。		存在类.cpp:742
yes	存在类::绑定内部世界	绑定内部世界	存在类.cpp:764	1	建立对象、任务、方法或因果之间的绑定关系。		存在类.cpp:764
yes	存在类::写入观测位置	写入观测位置	存在类.cpp:773	1	把处理结果写入指定对象、场景或日志。		存在类.cpp:773
yes	存在类::写入存在场景绝对坐标	写入存在场景绝对坐标	存在类.cpp:801	1	把存在场景绝对坐标写入特征结构，并同步最近观测缓存。		存在类.cpp:801
yes	存在类::写入存在场景绝对坐标_由参考存在相对坐标	写入存在场景绝对坐标_由参考存在相对坐标	存在类.cpp:838	1	按参考存在相对坐标写入目标存在场景绝对坐标和坐标来源。		存在类.cpp:838
yes	存在类::写入存在场景绝对坐标_由相对坐标表	写入存在场景绝对坐标_由相对坐标表	存在类.cpp:872	1	按相对坐标表写入目标存在场景绝对坐标和坐标来源。		存在类.cpp:872
yes	存在类::标记观测未命中	标记观测未命中	存在类.cpp:902	1	按函数名执行对应处理。		存在类.cpp:902
yes	获取或抛	获取或抛	度量模板注册表类.ixx:127	1	读取并返回指定对象、状态或运行材料。		度量模板注册表类.ixx:127
yes	私有_窗口过程	私有_窗口过程	控制面板WebView2.cpp:1595	1	服务所在模块的内部辅助流程。		控制面板WebView2.cpp:1595
yes	私有_独立窗口线程主体	私有_独立窗口线程主体	控制面板WebView2.cpp:1800	1	服务所在模块的内部辅助流程。		控制面板WebView2.cpp:1800
yes	私有_窗口线程主体	私有_窗口线程主体	控制面板WebView2.cpp:1956	1	服务所在模块的内部辅助流程。		控制面板WebView2.cpp:1956
yes	标记指针	标记指针	控制面板WebView2.cpp:87	1	按函数名执行对应处理。		控制面板WebView2.cpp:88
yes	控制面板摘要线程类::~控制面板摘要线程类	~控制面板摘要线程类	控制面板摘要线程模块.impl.cpp:488	1	释放或收束对象资源。		控制面板摘要线程模块.impl.cpp:488
yes	控制面板摘要线程类::启动	启动	控制面板摘要线程模块.impl.cpp:495	1	启动线程、模块或运行流程。		控制面板摘要线程模块.impl.cpp:495
yes	控制面板摘要线程类::请求停止	请求停止	控制面板摘要线程模块.impl.cpp:535	1	停止线程、模块或运行流程。		控制面板摘要线程模块.impl.cpp:535
yes	控制面板摘要线程类::等待停止	等待停止	控制面板摘要线程模块.impl.cpp:564	1	停止线程、模块或运行流程。		控制面板摘要线程模块.impl.cpp:564
yes	控制面板摘要线程类::请求刷新	请求刷新	控制面板摘要线程模块.impl.cpp:572	1	按函数名执行对应处理。		控制面板摘要线程模块.impl.cpp:572
yes	控制面板摘要线程类::是否健康运行	是否健康运行	控制面板摘要线程模块.impl.cpp:579	1	执行对应模块、线程或方法的运行逻辑。		控制面板摘要线程模块.impl.cpp:579
yes	控制面板摘要线程类::读取生命周期状态	读取生命周期状态	控制面板摘要线程模块.impl.cpp:586	1	从指定来源读取数据或状态。		控制面板摘要线程模块.impl.cpp:586
yes	控制面板摘要线程类::读取最新快照	读取最新快照	控制面板摘要线程模块.impl.cpp:593	1	从指定来源读取数据或状态。		控制面板摘要线程模块.impl.cpp:593
yes	控制面板摘要线程类::主循环_	主循环_	控制面板摘要线程模块.impl.cpp:600	1	按函数名执行对应处理。		控制面板摘要线程模块.impl.cpp:600
yes	控制面板摘要线程类::采集快照_	采集快照_	控制面板摘要线程模块.impl.cpp:656	1	按函数名执行对应处理。		控制面板摘要线程模块.impl.cpp:656
yes	控制面板摘要线程类::写入快照_	写入快照_	控制面板摘要线程模块.impl.cpp:674	1	把处理结果写入指定对象、场景或日志。		控制面板摘要线程模块.impl.cpp:674
yes	结构_COM初始化	结构_COM初始化	数据库ADO模块.cpp:126	1	初始化当前线程 COM 环境，兼容已用其他模型初始化的线程。		数据库ADO模块.cpp:126
yes	方法类::方法首节点生产目标特征	方法首节点生产目标特征	方法类.cpp:1697	1	判断方法首节点是否明确生产目标特征类型。		方法类.cpp:1697
yes	方法类::方法指定本能方法	方法指定本能方法	方法类.cpp:1964	1	判断方法首节点是否绑定了有效本能方法。		方法类.cpp:1964
yes	方法类::方法满足可用最低判据	方法满足可用最低判据	方法类.cpp:2079	1	判断方法首节点是否满足可用最低结构判据。		方法类.cpp:2079
yes	方法类::同步SQL控制面板方法显示项	同步SQL控制面板方法显示项	方法类.cpp:2208	1	把方法首节点当前态同步到 SQL 控制面板运行态显示镜像。		方法类.cpp:2208
yes	方法类::注册需求方向方法首节点	注册需求方向方法首节点	方法类.cpp:2388	1	注册方法、模板、对象或运行入口。		方法类.cpp:2388
yes	方法类::是有效本能方法能力值	是有效本能方法能力值	方法类.cpp:2497	1	按函数名执行对应处理。		方法类.cpp:2497
yes	方法类::取或确保本能方法首节点_按能力值	取或确保本能方法首节点_按能力值	方法类.cpp:2509	1	确保目标结构、状态或前置条件存在并可用。		方法类.cpp:2509
yes	方法类::初始化方法虚拟存在信息	初始化方法虚拟存在信息	方法类.cpp:2762	1	初始化相关对象、状态或运行上下文。		方法类.cpp:2762
yes	方法虚拟存在服务类::补齐方法虚拟存在概念集	补齐方法虚拟存在概念集	方法虚拟存在服务类.cpp:568	1	补齐条件、参数、证据或方法能力缺口。		方法虚拟存在服务类.cpp:568
yes	方法虚拟存在服务类::初始化方法虚拟存在基础信息	初始化方法虚拟存在基础信息	方法虚拟存在服务类.cpp:590	1	初始化相关对象、状态或运行上下文。		方法虚拟存在服务类.cpp:590
yes	方法虚拟存在服务类::同步方法首节点结构特征	同步方法首节点结构特征	方法虚拟存在服务类.cpp:634	1	同步线程、任务、场景或对象之间的状态。		方法虚拟存在服务类.cpp:634
yes	方法虚拟存在服务类::初始化方法统计特征	初始化方法统计特征	方法虚拟存在服务类.cpp:698	1	初始化相关对象、状态或运行上下文。		方法虚拟存在服务类.cpp:698
yes	方法虚拟存在服务类::记录方法运行统计	记录方法运行统计	方法虚拟存在服务类.cpp:800	1	记录日志、动态、证据或运行痕迹。		方法虚拟存在服务类.cpp:800
yes	方法虚拟存在服务类::初始化方法虚拟存在信息	初始化方法虚拟存在信息	方法虚拟存在服务类.cpp:830	1	初始化相关对象、状态或运行上下文。		方法虚拟存在服务类.cpp:830
yes	异常	异常	日志模块.ixx:122	1	便捷：异常日志		日志模块.ixx:122
yes	有	有	本能动作管理类.ixx:607	1	按函数名执行对应处理。		本能动作管理类.ixx:607
yes	特征类::常用抽象特征已初始化	常用抽象特征已初始化	特征类.cpp:1894	1	初始化相关对象、状态或运行上下文。		特征类.cpp:1894
yes	特征类::创建特征	创建特征	特征类.cpp:2230	1	创建并返回或登记对应对象。		特征类.cpp:2230
yes	特征类::创建特征_按类型	创建特征_按类型	特征类.cpp:2237	1	创建并返回或登记对应对象。		特征类.cpp:2237
yes	特征类::取或创建子特征_按类型	取或创建子特征_按类型	特征类.cpp:2252	1	创建并返回或登记对应对象。		特征类.cpp:2252
yes	特征类::删除特征	删除特征	特征类.cpp:2261	1	删除指定对象、状态或登记项。		特征类.cpp:2261
yes	特征类::枚举全部特征	枚举全部特征	特征类.cpp:2267	1	按函数名执行对应处理。		特征类.cpp:2267
yes	特征类::获取子特征	获取子特征	特征类.cpp:2279	1	读取并返回指定对象、状态或运行材料。		特征类.cpp:2279
yes	特征类::查找子特征_按类型	查找子特征_按类型	特征类.cpp:2291	1	按条件查找目标对象、方法或事实。		特征类.cpp:2291
yes	特征类::查找子特征_按名称	查找子特征_按名称	特征类.cpp:2312	1	按条件查找目标对象、方法或事实。		特征类.cpp:2312
yes	特征类::读取子特征值_按类型	读取子特征值_按类型	特征类.cpp:2333	1	从指定来源读取数据或状态。		特征类.cpp:2333
yes	特征类::复制子特征到宿主	复制子特征到宿主	特征类.cpp:2354	1	把来源宿主的直接子特征槽位补到目标宿主，不复制当前值。		特征类.cpp:2354
yes	特征类::特征值命中值域	特征值命中值域	特征类.cpp:2438	1	按函数名执行对应处理。		特征类.cpp:2438
yes	特征类::匹配抽象特征	匹配抽象特征	特征类.cpp:2501	1	按函数名执行对应处理。		特征类.cpp:2501
yes	特征类::查找实例特征_按抽象特征	查找实例特征_按抽象特征	特征类.cpp:2544	1	按条件查找目标对象、方法或事实。		特征类.cpp:2544
yes	特征类::取或创建实例特征_按抽象特征	取或创建实例特征_按抽象特征	特征类.cpp:2568	1	创建并返回或登记对应对象。		特征类.cpp:2568
yes	特征类::写入特征值_按参数	写入特征值_按参数	特征类.cpp:2588	1	把处理结果写入指定对象、场景或日志。		特征类.cpp:2588
yes	特征类::写入特征值	写入特征值	特征类.cpp:2732	1	把处理结果写入指定对象、场景或日志。		特征类.cpp:2732
yes	特征类::写入特征值_I64	写入特征值_I64	特征类.cpp:2740	1	把处理结果写入指定对象、场景或日志。		特征类.cpp:2740
yes	特征类::写入特征值_VecU句柄	写入特征值_VecU句柄	特征类.cpp:2746	1	把处理结果写入指定对象、场景或日志。		特征类.cpp:2746
yes	特征类::写入特征值_指针句柄	写入特征值_指针句柄	特征类.cpp:2752	1	把处理结果写入指定对象、场景或日志。		特征类.cpp:2752
yes	特征类::写入三维体素特征值	写入三维体素特征值	特征类.cpp:2758	1	把处理结果写入指定对象、场景或日志。		特征类.cpp:2758
yes	特征类::读取三维体素特征值	读取三维体素特征值	特征类.cpp:2764	1	从指定来源读取数据或状态。		特征类.cpp:2764
yes	特征类::清空三维体素特征值	清空三维体素特征值	特征类.cpp:2775	1	清理缓存、临时状态或运行资源。		特征类.cpp:2775
yes	特征类::读取特征值	读取特征值	特征类.cpp:2786	1	从指定来源读取数据或状态。		特征类.cpp:2786
yes	特征类::枚举命中抽象状态	枚举命中抽象状态	特征类.cpp:2795	1	按函数名执行对应处理。		特征类.cpp:2795
yes	特征类::解析实例特征命中抽象特征	解析实例特征命中抽象特征	特征类.cpp:2832	1	解析输入文本、消息、场景或运行包。		特征类.cpp:2832
yes	特征类::设置实例特征局部区间覆盖	设置实例特征局部区间覆盖	特征类.cpp:2860	1	设置对象字段、状态或运行参数。		特征类.cpp:2860
yes	特征类::清除实例特征局部区间覆盖	清除实例特征局部区间覆盖	特征类.cpp:2870	1	按函数名执行对应处理。		特征类.cpp:2870
yes	特征类::升格当前稳态为抽象区间	升格当前稳态为抽象区间	特征类.cpp:2880	1	按函数名执行对应处理。		特征类.cpp:2880
yes	特征类::合并抽象区间	合并抽象区间	特征类.cpp:2927	1	按函数名执行对应处理。		特征类.cpp:2927
yes	特征类::求值组合抽象特征	求值组合抽象特征	特征类.cpp:2946	1	按函数名执行对应处理。		特征类.cpp:2946
yes	特征类::获取比较方式	获取比较方式	特征类.cpp:2959	1	读取并返回指定对象、状态或运行材料。		特征类.cpp:2959
yes	特征类::获取比较方法结果	获取比较方法结果	特征类.cpp:2981	1	读取并返回指定对象、状态或运行材料。		特征类.cpp:2981
yes	特征类::比较同语义特征值	比较同语义特征值	特征类.cpp:3048	1	按特征引用读取类型和误差区间后比较特征值，不创建或修改节点。		特征类.cpp:3048
yes	特征类::VecU解释规则_按特征类型	VecU解释规则_按特征类型	特征类.cpp:3081	1	按函数名执行对应处理。		特征类.cpp:3081
yes	特征类::三维体素最终边长	三维体素最终边长	特征类.cpp:3113	1	计算权重、状态、差值或派生结果。		特征类.cpp:3113
yes	特征类::三维体素包围立方体细分层数	三维体素包围立方体细分层数	特征类.cpp:3120	1	计算权重、状态、差值或派生结果。		特征类.cpp:3120
yes	特征类::三维体素占据位块数量	三维体素占据位块数量	特征类.cpp:3134	1	计算权重、状态、差值或派生结果。		特征类.cpp:3134
yes	特征类::三维体素长方体占据位块数量	三维体素长方体占据位块数量	特征类.cpp:3142	1	计算权重、状态、差值或派生结果。		特征类.cpp:3142
yes	特征类::创建三维体素占据位块	创建三维体素占据位块	特征类.cpp:3152	1	创建并返回或登记对应对象。		特征类.cpp:3152
yes	特征类::创建三维体素长方体占据位块	创建三维体素长方体占据位块	特征类.cpp:3162	1	创建并返回或登记对应对象。		特征类.cpp:3162
yes	特征类::写入三维体素占据位	写入三维体素占据位	特征类.cpp:3193	1	把处理结果写入指定对象、场景或日志。		特征类.cpp:3193
yes	特征类::读取三维体素长方体占据位	读取三维体素长方体占据位	特征类.cpp:3220	1	从指定来源读取数据或状态。		特征类.cpp:3220
yes	特征类::写入三维体素长方体占据位	写入三维体素长方体占据位	特征类.cpp:3242	1	把处理结果写入指定对象、场景或日志。		特征类.cpp:3242
yes	特征类::归一化三维体素长方体占据位块	归一化三维体素长方体占据位块	特征类.cpp:3273	1	把长方体输入归一化到标准包围立方体，填充区保持为空体素。		特征类.cpp:3273
yes	特征类::创建三维体素根节点VecU	创建三维体素根节点VecU	特征类.cpp:3305	1	创建并返回或登记对应对象。		特征类.cpp:3305
yes	特征类::创建三维体素链节点VecU	创建三维体素链节点VecU	特征类.cpp:3340	1	创建并返回或登记对应对象。		特征类.cpp:3340
yes	特征类::写入三维体素长方体二分层链	写入三维体素长方体二分层链	特征类.cpp:3538	1	把长方体输入归一化后写入三维体素二分层链。		特征类.cpp:3538
yes	特征类::查询三维体素二分层链	查询三维体素二分层链	特征类.cpp:3570	1	按条件查找目标对象、方法或事实。		特征类.cpp:3570
yes	特征类::比较局部轮廓深度图与三维体素链	比较局部轮廓深度图与三维体素链	特征类.cpp:4015	1	根据局部深度轮廓生成的体素，和已存存在体素链做只读相似度比较。		特征类.cpp:4015
yes	特征类::校验坐标链VecI64	校验坐标链VecI64	特征类.cpp:4041	1	按函数名执行对应处理。		特征类.cpp:4041
yes	特征类::校验平面轮廓VecI64	校验平面轮廓VecI64	特征类.cpp:4049	1	按函数名执行对应处理。		特征类.cpp:4049
yes	特征类::校验空间极值轮廓VecI64	校验空间极值轮廓VecI64	特征类.cpp:4055	1	按函数名执行对应处理。		特征类.cpp:4055
yes	特征类::比较坐标轮廓VecI64	比较坐标轮廓VecI64	特征类.cpp:4068	1	比较当前值、目标值或历史基准。		特征类.cpp:4068
yes	特征类::比较平面轮廓VecI64	比较平面轮廓VecI64	特征类.cpp:4117	1	比较当前值、目标值或历史基准。		特征类.cpp:4117
yes	特征类::比较空间极值轮廓VecI64	比较空间极值轮廓VecI64	特征类.cpp:4123	1	比较当前值、目标值或历史基准。		特征类.cpp:4123
yes	特征类::比较状态	比较状态	特征类.cpp:4151	1	比较当前值、目标值或历史基准。		特征类.cpp:4151
yes	特征类::比较特征集合	比较特征集合	特征类.cpp:4205	1	比较当前值、目标值或历史基准。		特征类.cpp:4205
yes	特征类::生成度量签名	生成度量签名	特征类.cpp:4287	1	根据当前输入生成目标数据、场景、动态或回执。		特征类.cpp:4287
yes	特征类::绑定基础信息	绑定基础信息	特征类.cpp:495	1	建立对象、任务、方法或因果之间的绑定关系。		特征类.cpp:495
yes	特征类::设置差异度函数	设置差异度函数	特征类.cpp:501	1	设置对象字段、状态或运行参数。		特征类.cpp:501
yes	特征类::按主键解析特征节点	按主键解析特征节点	特征类.cpp:519	1	按主键查找并解析特征节点，不创建或修改节点。		特征类.cpp:519
yes	特征类::读取特征语义类型	读取特征语义类型	特征类.cpp:529	1	读取特征语义类型，不创建或修改节点。		特征类.cpp:529
yes	特征类::创建抽象特征	创建抽象特征	特征类.cpp:558	1	创建并返回或登记对应对象。		特征类.cpp:558
yes	特征类::创建叶子抽象特征	创建叶子抽象特征	特征类.cpp:580	1	创建并返回或登记对应对象。		特征类.cpp:580
yes	特征类::创建复合抽象特征	创建复合抽象特征	特征类.cpp:608	1	创建并返回或登记对应对象。		特征类.cpp:608
yes	特征类::创建抽象特征_按类型	创建抽象特征_按类型	特征类.cpp:623	1	创建并返回或登记对应对象。		特征类.cpp:623
yes	特征类::查找子抽象特征_按类型	查找子抽象特征_按类型	特征类.cpp:644	1	按条件查找目标对象、方法或事实。		特征类.cpp:644
yes	特征类::查找子抽象特征_按名称	查找子抽象特征_按名称	特征类.cpp:660	1	按条件查找目标对象、方法或事实。		特征类.cpp:660
yes	特征类::校验抽象特征子链	校验抽象特征子链	特征类.cpp:676	1	按函数名执行对应处理。		特征类.cpp:676
yes	特征类::取或创建子抽象特征_按类型	取或创建子抽象特征_按类型	特征类.cpp:716	1	创建并返回或登记对应对象。		特征类.cpp:716
yes	特征类::初始化常用抽象特征	初始化常用抽象特征	特征类.cpp:727	1	初始化相关对象、状态或运行上下文。		特征类.cpp:727
yes	状态类::绑定基础信息	绑定基础信息	状态类.cpp:143	1	建立对象、任务、方法或因果之间的绑定关系。		状态类.cpp:143
yes	状态类::按主键解析状态节点	按主键解析状态节点	状态类.cpp:185	1	按主键查找并解析状态节点，不创建或修改节点。		状态类.cpp:185
yes	状态类::读取状态主体与特征	读取状态主体与特征	状态类.cpp:195	1	读取状态主体和状态特征，不创建或修改节点。		状态类.cpp:195
yes	状态类::读取状态特征	读取状态特征	状态类.cpp:214	1	读取状态特征，不创建或修改节点。		状态类.cpp:214
yes	状态类::读取状态特征和值	读取状态特征和值	状态类.cpp:222	1	读取状态特征和值，不创建或修改节点。		状态类.cpp:222
yes	状态类::读取状态主体	读取状态主体	状态类.cpp:241	1	读取状态主体，不创建或修改节点。		状态类.cpp:241
yes	状态类::读取状态排序时间	读取状态排序时间	状态类.cpp:249	1	读取状态排序时间，不创建或修改节点。		状态类.cpp:249
yes	状态类::生成状态	生成状态	状态类.cpp:256	1	根据当前输入生成目标数据、场景、动态或回执。		状态类.cpp:256
yes	状态类::状态有效检查	状态有效检查	状态类.cpp:278	1	检查状态、条件、缺口或运行约束。		状态类.cpp:278
yes	状态类::获取状态二次特征	获取状态二次特征	状态类.cpp:293	1	读取并返回指定对象、状态或运行材料。		状态类.cpp:293
yes	状态类::创建内部状态	创建内部状态	状态类.cpp:443	1	创建并返回或登记对应对象。		状态类.cpp:443
yes	状态类::记录内部状态到场景	记录内部状态到场景	状态类.cpp:467	1	记录日志、动态、证据或运行痕迹。		状态类.cpp:467
yes	状态类::创建世界状态	创建世界状态	状态类.cpp:480	1	创建并返回或登记对应对象。		状态类.cpp:480
yes	状态类::记录世界状态到场景	记录世界状态到场景	状态类.cpp:493	1	记录日志、动态、证据或运行痕迹。		状态类.cpp:493
yes	状态类::记录内部特征状态	记录内部特征状态	状态类.cpp:506	1	记录日志、动态、证据或运行痕迹。		状态类.cpp:506
yes	状态类::删除状态	删除状态	状态类.cpp:519	1	删除指定对象、状态或登记项。		状态类.cpp:519
yes	状态类::枚举全部状态	枚举全部状态	状态类.cpp:531	1	按函数名执行对应处理。		状态类.cpp:531
yes	状态类::获取场景状态	获取场景状态	状态类.cpp:543	1	读取并返回指定对象、状态或运行材料。		状态类.cpp:543
yes	状态类::是否当前活动状态	是否当前活动状态	状态类.cpp:566	1	按函数名执行对应处理。		状态类.cpp:566
yes	状态类::统计状态引用数量	统计状态引用数量	状态类.cpp:592	1	按函数名执行对应处理。		状态类.cpp:592
yes	状态类::可从活动状态链清理	可从活动状态链清理	状态类.cpp:609	1	清理缓存、临时状态或运行资源。		状态类.cpp:609
yes	状态类::清理已处理状态索引	清理已处理状态索引	状态类.cpp:637	1	清理缓存、临时状态或运行资源。		状态类.cpp:637
yes	状态类::清理超过时间窗口的状态索引	清理超过时间窗口的状态索引	状态类.cpp:681	1	清理缓存、临时状态或运行资源。		状态类.cpp:681
yes	状态类::按活动状态限量清理	按活动状态限量清理	状态类.cpp:724	1	清理缓存、临时状态或运行资源。		状态类.cpp:724
yes	状态类::状态写入后整理	状态写入后整理	状态类.cpp:780	1	把处理结果写入指定对象、场景或日志。		状态类.cpp:780
yes	状态类::读取最近清理问题快照	读取最近清理问题快照	状态类.cpp:796	1	从指定来源读取数据或状态。		状态类.cpp:796
yes	状态类::清除最近清理问题快照	清除最近清理问题快照	状态类.cpp:803	1	清理缓存、临时状态或运行资源。		状态类.cpp:803
yes	状态类::绑定主体特征	绑定主体特征	状态类.cpp:810	1	建立对象、任务、方法或因果之间的绑定关系。		状态类.cpp:810
yes	状态类::写入状态值	写入状态值	状态类.cpp:824	1	把处理结果写入指定对象、场景或日志。		状态类.cpp:824
yes	状态类::标记变化	标记变化	状态类.cpp:837	1	按函数名执行对应处理。		状态类.cpp:837
yes	状态类::私有_取状态排序时间	私有_取状态排序时间	状态类.cpp:848	1	服务所在模块的内部辅助流程。		状态类.cpp:848
yes	自我类::读取自我I64特征当前值	读取自我I64特征当前值	自我类.cpp:1002	1	从指定来源读取数据或状态。		自我类.cpp:1002
yes	自我类::写入自我I64特征当前值	写入自我I64特征当前值	自我类.cpp:1018	1	把处理结果写入指定对象、场景或日志。		自我类.cpp:1018
yes	自我类::读取自我指针特征当前值	读取自我指针特征当前值	自我类.cpp:1029	1	从指定来源读取数据或状态。		自我类.cpp:1029
yes	自我类::写入自我指针特征当前值	写入自我指针特征当前值	自我类.cpp:1050	1	把处理结果写入指定对象、场景或日志。		自我类.cpp:1050
yes	自我类::创建自检I64原子状态	创建自检I64原子状态	自我类.cpp:1061	1	创建并返回或登记对应对象。		自我类.cpp:1061
yes	自我类::创建学习I64原子状态	创建学习I64原子状态	自我类.cpp:1112	1	创建并返回或登记对应对象。		自我类.cpp:1112
yes	自我类::获取安全根需求	获取安全根需求	自我类.cpp:1163	1	读取并返回指定对象、状态或运行材料。		自我类.cpp:1163
yes	自我类::获取服务根需求	获取服务根需求	自我类.cpp:1176	1	读取并返回指定对象、状态或运行材料。		自我类.cpp:1176
yes	自我类::获取安全根任务	获取安全根任务	自我类.cpp:1189	1	读取并返回指定对象、状态或运行材料。		自我类.cpp:1189
yes	自我类::获取服务根任务	获取服务根任务	自我类.cpp:1202	1	读取并返回指定对象、状态或运行材料。		自我类.cpp:1202
yes	自我类::获取当前主需求	获取当前主需求	自我类.cpp:1215	1	读取并返回指定对象、状态或运行材料。		自我类.cpp:1215
yes	自我类::获取当前主任务	获取当前主任务	自我类.cpp:1225	1	读取并返回指定对象、状态或运行材料。		自我类.cpp:1225
yes	自我类::获取当前主方法	获取当前主方法	自我类.cpp:1235	1	读取并返回指定对象、状态或运行材料。		自我类.cpp:1235
yes	自我类::设置当前主需求	设置当前主需求	自我类.cpp:1245	1	设置对象字段、状态或运行参数。		自我类.cpp:1245
yes	自我类::设置当前主任务	设置当前主任务	自我类.cpp:1257	1	设置对象字段、状态或运行参数。		自我类.cpp:1257
yes	自我类::设置当前主方法	设置当前主方法	自我类.cpp:1269	1	设置对象字段、状态或运行参数。		自我类.cpp:1269
yes	自我类::安全值增加	安全值增加	自我类.cpp:1281	1	按函数名执行对应处理。		自我类.cpp:1281
yes	自我类::安全值减少	安全值减少	自我类.cpp:1288	1	按函数名执行对应处理。		自我类.cpp:1288
yes	自我类::服务值增加	服务值增加	自我类.cpp:1295	1	按函数名执行对应处理。		自我类.cpp:1295
yes	自我类::服务值减少	服务值减少	自我类.cpp:1302	1	按函数名执行对应处理。		自我类.cpp:1302
yes	自我类::应用服务归零待机保护	应用服务归零待机保护	自我类.cpp:1309	1	按函数名执行对应处理。		自我类.cpp:1309
yes	自我类::应用定时衰减服务值	应用定时衰减服务值	自我类.cpp:1395	1	按函数名执行对应处理。		自我类.cpp:1395
yes	自我类::应用按双值重算服务衰减步长	应用按双值重算服务衰减步长	自我类.cpp:1429	1	按函数名执行对应处理。		自我类.cpp:1429
yes	自我类::应用按服务值重算安全增加步长	应用按服务值重算安全增加步长	自我类.cpp:1457	1	按函数名执行对应处理。		自我类.cpp:1457
yes	自我类::应用按服务值重算安全减少步长	应用按服务值重算安全减少步长	自我类.cpp:1485	1	按函数名执行对应处理。		自我类.cpp:1485
yes	自我类::应用安全低位回升	应用安全低位回升	自我类.cpp:1513	1	按函数名执行对应处理。		自我类.cpp:1513
yes	自我类::应用安全高位回落	应用安全高位回落	自我类.cpp:1551	1	按函数名执行对应处理。		自我类.cpp:1551
yes	自我类::应用风险安全回归	应用风险安全回归	自我类.cpp:1589	1	按函数名执行对应处理。		自我类.cpp:1589
yes	自我类::更新待处理方法数量	更新待处理方法数量	自我类.cpp:1626	1	更新已有对象、状态、索引或缓存。		自我类.cpp:1626
yes	自我类::增加可用方法数量	增加可用方法数量	自我类.cpp:1658	1	按函数名执行对应处理。		自我类.cpp:1658
yes	自我类::统计结构可用方法数量	统计结构可用方法数量	自我类.cpp:1682	1	按函数名执行对应处理。		自我类.cpp:1682
yes	自我类::同步可用方法数量镜像	同步可用方法数量镜像	自我类.cpp:1709	1	同步线程、任务、场景或对象之间的状态。		自我类.cpp:1709
yes	自我类::更新方法补齐状态	更新方法补齐状态	自我类.cpp:1738	1	更新已有对象、状态、索引或缓存。		自我类.cpp:1738
yes	自我类::评估根需求压力	评估根需求压力	自我类.cpp:1779	1	评估状态、风险、质量、权重或完成度。		自我类.cpp:1779
yes	自我类::生命值上限_	生命值上限_	自我类.cpp:1836	1	按函数名执行对应处理。		自我类.cpp:1836
yes	自我类::服务低位阈值_	服务低位阈值_	自我类.cpp:1842	1	按函数名执行对应处理。		自我类.cpp:1842
yes	自我类::服务高位阈值_	服务高位阈值_	自我类.cpp:1848	1	按函数名执行对应处理。		自我类.cpp:1848
yes	自我类::安全稳定带下限值_	安全稳定带下限值_	自我类.cpp:1854	1	按函数名执行对应处理。		自我类.cpp:1854
yes	自我类::安全稳定带上限值_	安全稳定带上限值_	自我类.cpp:1860	1	按函数名执行对应处理。		自我类.cpp:1860
yes	自我类::风险安全回归目标值_	风险安全回归目标值_	自我类.cpp:1866	1	按函数名执行对应处理。		自我类.cpp:1866
yes	自我类::确保自我现实场景_	确保自我现实场景_	自我类.cpp:1872	1	确保目标结构、状态或前置条件存在并可用。		自我类.cpp:1872
yes	自我类::确保自我内部世界_	确保自我内部世界_	自我类.cpp:1878	1	确保目标结构、状态或前置条件存在并可用。		自我类.cpp:1878
yes	自我类::确保自我存在_	确保自我存在_	自我类.cpp:1887	1	确保目标结构、状态或前置条件存在并可用。		自我类.cpp:1887
yes	自我类::确保自我特征_	确保自我特征_	自我类.cpp:1893	1	确保目标结构、状态或前置条件存在并可用。		自我类.cpp:1893
yes	自我类::确保自我I64特征已初始化_	确保自我I64特征已初始化_	自我类.cpp:1910	1	初始化相关对象、状态或运行上下文。		自我类.cpp:1910
yes	自我类::确保自我指针特征已初始化_	确保自我指针特征已初始化_	自我类.cpp:1924	1	初始化相关对象、状态或运行上下文。		自我类.cpp:1924
yes	自我类::初始化自我特征与默认值_	初始化自我特征与默认值_	自我类.cpp:1941	1	初始化相关对象、状态或运行上下文。		自我类.cpp:1941
yes	自我类::初始化常用抽象特征_	初始化常用抽象特征_	自我类.cpp:1978	1	初始化相关对象、状态或运行上下文。		自我类.cpp:1978
yes	自我类::从特征恢复运行态_	从特征恢复运行态_	自我类.cpp:2075	1	执行对应模块、线程或方法的运行逻辑。		自我类.cpp:2075
yes	自我类::确保自我根需求与根任务已初始化_	确保自我根需求与根任务已初始化_	自我类.cpp:2109	1	初始化相关对象、状态或运行上下文。		自我类.cpp:2109
yes	自我类::确保主链镜像已初始化_	确保主链镜像已初始化_	自我类.cpp:2161	1	初始化相关对象、状态或运行上下文。		自我类.cpp:2161
yes	自我类::确保根需求_	确保根需求_	自我类.cpp:2176	1	确保目标结构、状态或前置条件存在并可用。		自我类.cpp:2176
yes	自我类::确保根任务_	确保根任务_	自我类.cpp:2252	1	确保目标结构、状态或前置条件存在并可用。		自我类.cpp:2252
yes	自我类::选择当前主需求候选_	选择当前主需求候选_	自我类.cpp:2316	1	从候选集中选择当前使用对象或方法。		自我类.cpp:2316
yes	自我类::同步运行态特征_	同步运行态特征_	自我类.cpp:2326	1	同步线程、任务、场景或对象之间的状态。		自我类.cpp:2326
yes	自我类::重算时序回归步长_按当前双值_	重算时序回归步长_按当前双值_	自我类.cpp:2348	1	按函数名执行对应处理。		自我类.cpp:2348
yes	自我类::计算服务衰减步长_按双值_	计算服务衰减步长_按双值_	自我类.cpp:2359	1	计算权重、状态、差值或派生结果。		自我类.cpp:2359
yes	自我类::计算安全增加步长_按服务值_	计算安全增加步长_按服务值_	自我类.cpp:2377	1	计算权重、状态、差值或派生结果。		自我类.cpp:2377
yes	自我类::计算安全减少步长_按服务值_	计算安全减少步长_按服务值_	自我类.cpp:2392	1	计算权重、状态、差值或派生结果。		自我类.cpp:2392
yes	自我类::读取自我I64特征当前值_	读取自我I64特征当前值_	自我类.cpp:2406	1	从指定来源读取数据或状态。		自我类.cpp:2406
yes	自我类::安全值_上升_	安全值_上升_	自我类.cpp:2418	1	按函数名执行对应处理。		自我类.cpp:2418
yes	自我类::安全值_下降_	安全值_下降_	自我类.cpp:2429	1	按函数名执行对应处理。		自我类.cpp:2429
yes	自我类::服务值_上升_	服务值_上升_	自我类.cpp:2440	1	按函数名执行对应处理。		自我类.cpp:2440
yes	自我类::服务值_下降_	服务值_下降_	自我类.cpp:2451	1	按函数名执行对应处理。		自我类.cpp:2451
yes	自我类::~自我类	~自我类	自我类.cpp:794	1	释放或收束对象资源。		自我类.cpp:794
yes	自我类::初始化自我	初始化自我	自我类.cpp:802	1	初始化相关对象、状态或运行上下文。		自我类.cpp:802
yes	自我类::已初始化	已初始化	自我类.cpp:808	1	初始化相关对象、状态或运行上下文。		自我类.cpp:808
yes	自我类::获取自我现实场景	获取自我现实场景	自我类.cpp:814	1	读取并返回指定对象、状态或运行材料。		自我类.cpp:814
yes	自我类::获取自我内部世界	获取自我内部世界	自我类.cpp:820	1	读取并返回指定对象、状态或运行材料。		自我类.cpp:820
yes	自我类::获取自我存在	获取自我存在	自我类.cpp:826	1	读取并返回指定对象、状态或运行材料。		自我类.cpp:826
yes	自我类::确保自我现实场景	确保自我现实场景	自我类.cpp:832	1	确保目标结构、状态或前置条件存在并可用。		自我类.cpp:832
yes	自我类::确保自我内部世界	确保自我内部世界	自我类.cpp:838	1	确保目标结构、状态或前置条件存在并可用。		自我类.cpp:838
yes	自我类::确保自我存在	确保自我存在	自我类.cpp:844	1	确保目标结构、状态或前置条件存在并可用。		自我类.cpp:844
yes	自我类::确保线程池存在	确保线程池存在	自我类.cpp:850	1	确保目标结构、状态或前置条件存在并可用。		自我类.cpp:850
yes	自我类::确保线程子存在	确保线程子存在	自我类.cpp:864	1	确保目标结构、状态或前置条件存在并可用。		自我类.cpp:864
yes	自我类::获取安全值	获取安全值	自我类.cpp:900	1	读取并返回指定对象、状态或运行材料。		自我类.cpp:900
yes	自我类::获取服务值	获取服务值	自我类.cpp:908	1	读取并返回指定对象、状态或运行材料。		自我类.cpp:908
yes	自我类::获取物理安全值	获取物理安全值	自我类.cpp:916	1	读取并返回指定对象、状态或运行材料。		自我类.cpp:916
yes	自我类::获取风险安全值	获取风险安全值	自我类.cpp:924	1	读取并返回指定对象、状态或运行材料。		自我类.cpp:924
yes	自我类::设置物理安全值	设置物理安全值	自我类.cpp:932	1	设置对象字段、状态或运行参数。		自我类.cpp:932
yes	自我类::是否已消亡	是否已消亡	自我类.cpp:943	1	按函数名执行对应处理。		自我类.cpp:943
yes	自我类::是否待机状态	是否待机状态	自我类.cpp:949	1	按函数名执行对应处理。		自我类.cpp:949
yes	自我类::根目标安全值	根目标安全值	自我类.cpp:955	1	按函数名执行对应处理。		自我类.cpp:955
yes	自我类::根目标服务值	根目标服务值	自我类.cpp:961	1	按函数名执行对应处理。		自我类.cpp:961
yes	自我类::安全根方向差值	安全根方向差值	自我类.cpp:967	1	按函数名执行对应处理。		自我类.cpp:967
yes	自我类::时序正向步长	时序正向步长	自我类.cpp:973	1	按函数名执行对应处理。		自我类.cpp:973
yes	自我类::时序反向步长	时序反向步长	自我类.cpp:979	1	按函数名执行对应处理。		自我类.cpp:979
yes	自我类::服务时序衰减步长	服务时序衰减步长	自我类.cpp:985	1	按函数名执行对应处理。		自我类.cpp:985
yes	自我类::设置服务时序衰减步长	设置服务时序衰减步长	自我类.cpp:991	1	设置对象字段、状态或运行参数。		自我类.cpp:991
yes	自我特征定义类::类型_自检_结构存在状态	类型_自检_结构存在状态	自我类.特征定义.cpp:469	1	按函数名执行对应处理。		自我类.特征定义.cpp:469
yes	自我特征定义类::类型_自检_需求根存在状态	类型_自检_需求根存在状态	自我类.特征定义.cpp:472	1	按函数名执行对应处理。		自我类.特征定义.cpp:472
yes	自我特征定义类::类型_自检_任务根存在状态	类型_自检_任务根存在状态	自我类.特征定义.cpp:475	1	按函数名执行对应处理。		自我类.特征定义.cpp:475
yes	自我特征定义类::类型_自检_方法根存在状态	类型_自检_方法根存在状态	自我类.特征定义.cpp:478	1	按函数名执行对应处理。		自我类.特征定义.cpp:478
yes	自我特征定义类::类型_自检_内部世界存在状态	类型_自检_内部世界存在状态	自我类.特征定义.cpp:481	1	按函数名执行对应处理。		自我类.特征定义.cpp:481
yes	自我特征定义类::类型_自检_核心状态可读写状态	类型_自检_核心状态可读写状态	自我类.特征定义.cpp:484	1	按函数名执行对应处理。		自我类.特征定义.cpp:484
yes	自我特征定义类::类型_自检_任务虚拟存在绑定状态	类型_自检_任务虚拟存在绑定状态	自我类.特征定义.cpp:487	1	建立对象、任务、方法或因果之间的绑定关系。		自我类.特征定义.cpp:487
yes	私有_消息排在前面	私有_消息排在前面	自我线程模块.impl.cpp:14024	1	服务所在模块的内部辅助流程。		自我线程模块.impl.cpp:14024
yes	自我线程类::~自我线程类	~自我线程类	自我线程模块.impl.cpp:14535	1	释放或收束对象资源。		自我线程模块.impl.cpp:14535
yes	自我线程类::自我初始化	自我初始化	自我线程模块.impl.cpp:14541	1	初始化相关对象、状态或运行上下文。		自我线程模块.impl.cpp:14541
yes	私有_任务管理上行消息通知回调_线程侧	私有_任务管理上行消息通知回调_线程侧	自我线程模块.impl.cpp:14695	1	服务所在模块的内部辅助流程。		自我线程模块.impl.cpp:14695
yes	私有_任务管理调度让步回调_线程侧	私有_任务管理调度让步回调_线程侧	自我线程模块.impl.cpp:14713	1	服务所在模块的内部辅助流程。		自我线程模块.impl.cpp:14713
yes	自我线程类::启动	启动	自我线程模块.impl.cpp:14732	1	启动线程、模块或运行流程。		自我线程模块.impl.cpp:14732
yes	自我线程类::请求停止	请求停止	自我线程模块.impl.cpp:14798	1	停止线程、模块或运行流程。		自我线程模块.impl.cpp:14798
yes	自我线程类::等待停止	等待停止	自我线程模块.impl.cpp:14827	1	停止线程、模块或运行流程。		自我线程模块.impl.cpp:14827
yes	自我线程类::停止	停止	自我线程模块.impl.cpp:14839	1	停止线程、模块或运行流程。		自我线程模块.impl.cpp:14839
yes	自我线程类::是否运行中	是否运行中	自我线程模块.impl.cpp:14859	1	执行对应模块、线程或方法的运行逻辑。		自我线程模块.impl.cpp:14859
yes	自我线程类::是否初始化完成	是否初始化完成	自我线程模块.impl.cpp:14865	1	初始化相关对象、状态或运行上下文。		自我线程模块.impl.cpp:14865
yes	自我线程类::是否健康运行	是否健康运行	自我线程模块.impl.cpp:14872	1	执行对应模块、线程或方法的运行逻辑。		自我线程模块.impl.cpp:14872
yes	自我线程类::是否首轮运行已完成	是否首轮运行已完成	自我线程模块.impl.cpp:14879	1	执行对应模块、线程或方法的运行逻辑。		自我线程模块.impl.cpp:14879
yes	自我线程类::是否本次启动来自故障恢复	是否本次启动来自故障恢复	自我线程模块.impl.cpp:14886	1	启动线程、模块或运行流程。		自我线程模块.impl.cpp:14886
yes	自我线程类::读取生命周期状态	读取生命周期状态	自我线程模块.impl.cpp:14893	1	从指定来源读取数据或状态。		自我线程模块.impl.cpp:14893
yes	自我线程类::读取最近运行阶段	读取最近运行阶段	自我线程模块.impl.cpp:14900	1	从指定来源读取数据或状态。		自我线程模块.impl.cpp:14900
yes	自我线程类::读取最近最终去向	读取最近最终去向	自我线程模块.impl.cpp:14910	1	从指定来源读取数据或状态。		自我线程模块.impl.cpp:14910
yes	自我线程类::读取Tick计数	读取Tick计数	自我线程模块.impl.cpp:14917	1	从指定来源读取数据或状态。		自我线程模块.impl.cpp:14917
yes	自我线程类::读取累计故障次数	读取累计故障次数	自我线程模块.impl.cpp:14924	1	从指定来源读取数据或状态。		自我线程模块.impl.cpp:14924
yes	自我线程类::读取累计恢复次数	读取累计恢复次数	自我线程模块.impl.cpp:14931	1	从指定来源读取数据或状态。		自我线程模块.impl.cpp:14931
yes	自我线程类::读取最近初始化结果	读取最近初始化结果	自我线程模块.impl.cpp:14938	1	读取最近一次自我初始化结果和阶段耗时明细。		自我线程模块.impl.cpp:14938
yes	自我线程类::读取自我线程最小状态快照	读取自我线程最小状态快照	自我线程模块.impl.cpp:14945	1	从指定来源读取数据或状态。		自我线程模块.impl.cpp:14945
yes	自我线程类::读取最近需求与权重治理输出快照	读取最近需求与权重治理输出快照	自我线程模块.impl.cpp:15001	1	从指定来源读取数据或状态。		自我线程模块.impl.cpp:15001
yes	自我线程类::读取最近主派发输出快照	读取最近主派发输出快照	自我线程模块.impl.cpp:15008	1	从指定来源读取数据或状态。		自我线程模块.impl.cpp:15008
yes	自我线程类::读取最近队列治理输出快照	读取最近队列治理输出快照	自我线程模块.impl.cpp:15015	1	从指定来源读取数据或状态。		自我线程模块.impl.cpp:15015
yes	自我线程类::读取最近结算治理输出快照	读取最近结算治理输出快照	自我线程模块.impl.cpp:15022	1	从指定来源读取数据或状态。		自我线程模块.impl.cpp:15022
yes	自我线程类::读取最近双值结算账快照	读取最近双值结算账快照	自我线程模块.impl.cpp:15082	1	从指定来源读取数据或状态。		自我线程模块.impl.cpp:15082
yes	自我线程类::读取最近缺口恢复接口快照	读取最近缺口恢复接口快照	自我线程模块.impl.cpp:15089	1	从指定来源读取数据或状态。		自我线程模块.impl.cpp:15089
yes	自我线程类::读取最近恢复请求分组快照	读取最近恢复请求分组快照	自我线程模块.impl.cpp:15096	1	从指定来源读取数据或状态。		自我线程模块.impl.cpp:15097
yes	自我线程类::读取最近回流结算列表快照	读取最近回流结算列表快照	自我线程模块.impl.cpp:15104	1	从指定来源读取数据或状态。		自我线程模块.impl.cpp:15104
yes	自我线程类::读取最近关键中间状态分组快照	读取最近关键中间状态分组快照	自我线程模块.impl.cpp:15111	1	从指定来源读取数据或状态。		自我线程模块.impl.cpp:15111
yes	自我线程类::读取最近自检报告修复治理快照	读取最近自检报告修复治理快照	自我线程模块.impl.cpp:15118	1	从指定来源读取数据或状态。		自我线程模块.impl.cpp:15118
yes	自我线程类::投递治理消息	投递治理消息	自我线程模块.impl.cpp:15125	1	按函数名执行对应处理。		自我线程模块.impl.cpp:15125
yes	自我线程类::记录自检报告待处理_	记录自检报告待处理_	自我线程模块.impl.cpp:15235	1	记录日志、动态、证据或运行痕迹。		自我线程模块.impl.cpp:15235
yes	自我线程类::执行休眠期自检报告修复门控_	执行休眠期自检报告修复门控_	自我线程模块.impl.cpp:15360	1	执行任务、方法或动作的主体逻辑。		自我线程模块.impl.cpp:15360
yes	自我线程类::主循环_	主循环_	自我线程模块.impl.cpp:15418	1	按函数名执行对应处理。		自我线程模块.impl.cpp:15418
yes	自我线程类::执行主循环一轮_	执行主循环一轮_	自我线程模块.impl.cpp:15529	1	执行任务、方法或动作的主体逻辑。		自我线程模块.impl.cpp:15529
yes	自我线程类::步骤_冻结本轮消息批次_	步骤_冻结本轮消息批次_	自我线程模块.impl.cpp:15656	1	按函数名执行对应处理。		自我线程模块.impl.cpp:15656
yes	自我线程类::步骤_规范化消息并落一次特征账_	步骤_规范化消息并落一次特征账_	自我线程模块.impl.cpp:15680	1	按函数名执行对应处理。		自我线程模块.impl.cpp:15680
yes	自我线程类::尝试抢占落账观察事实承接	尝试抢占落账观察事实承接	自我线程模块.impl.cpp:15811	1	按函数名执行对应处理。		自我线程模块.impl.cpp:15811
yes	自我线程类::请求观察事实承接轻量唤醒	请求观察事实承接轻量唤醒	自我线程模块.impl.cpp:15832	1	唤醒等待中的任务、线程或治理链。		自我线程模块.impl.cpp:15832
yes	自我线程类::抢占审批执行前许可_	抢占审批执行前许可_	自我线程模块.impl.cpp:15851	1	执行任务、方法或动作的主体逻辑。		自我线程模块.impl.cpp:15851
yes	自我线程类::抢占落账任务管理成功结果_	抢占落账任务管理成功结果_	自我线程模块.impl.cpp:15944	1	按函数名执行对应处理。		自我线程模块.impl.cpp:15944
yes	自我线程类::抢占落账任务管理派生需求_	抢占落账任务管理派生需求_	自我线程模块.impl.cpp:16042	1	按函数名执行对应处理。		自我线程模块.impl.cpp:16042
yes	自我线程类::抢占落账观察事实承接_	抢占落账观察事实承接_	自我线程模块.impl.cpp:16140	1	按函数名执行对应处理。		自我线程模块.impl.cpp:16140
yes	自我线程类::步骤_重算受影响二次特征_	步骤_重算受影响二次特征_	自我线程模块.impl.cpp:16231	1	按函数名执行对应处理。		自我线程模块.impl.cpp:16231
yes	自我线程类::步骤_刷新线程上下文并生成治理帧_	步骤_刷新线程上下文并生成治理帧_	自我线程模块.impl.cpp:16642	1	根据当前输入生成目标数据、场景、动态或回执。		自我线程模块.impl.cpp:16642
yes	自我线程类::步骤_整理需求并做根层重判_	步骤_整理需求并做根层重判_	自我线程模块.impl.cpp:16726	1	按函数名执行对应处理。		自我线程模块.impl.cpp:16726
yes	自我线程类::步骤_生成并执行主派发决议_	步骤_生成并执行主派发决议_	自我线程模块.impl.cpp:16972	1	根据当前输入生成目标数据、场景、动态或回执。		自我线程模块.impl.cpp:16972
yes	自我线程类::刷新初始化标记_已加锁	刷新初始化标记_已加锁	自我线程模块.impl.cpp:17302	1	初始化相关对象、状态或运行上下文。		自我线程模块.impl.cpp:17302
yes	自我线程类::刷新治理恢复事件镜像_已加锁	刷新治理恢复事件镜像_已加锁	自我线程模块.impl.cpp:17309	1	按函数名执行对应处理。		自我线程模块.impl.cpp:17309
yes	自我线程类::故障收口_已加锁	故障收口_已加锁	自我线程模块.impl.cpp:17335	1	按函数名执行对应处理。		自我线程模块.impl.cpp:17335
yes	从控制面板刷新请求构造治理消息	从控制面板刷新请求构造治理消息	自我线程模块.消息协议.ixx:1750	1	按函数名执行对应处理。		自我线程模块.消息协议.ixx:1750
yes	是否存在已确认变化项	是否存在已确认变化项	自我线程模块.消息协议.ixx:803	1	确认候选事实、存在、状态或运行结果。		自我线程模块.消息协议.ixx:803
yes	是否存在关键中间状态变化项	是否存在关键中间状态变化项	自我线程模块.消息协议.ixx:814	1	按函数名执行对应处理。		自我线程模块.消息协议.ixx:814
yes	执行尝试汇总状态文本	执行尝试汇总状态文本	自我线程模块.消息协议.ixx:825	1	执行任务、方法或动作的主体逻辑。		自我线程模块.消息协议.ixx:825
yes	执行尝试验证状态文本	执行尝试验证状态文本	自我线程模块.消息协议.ixx:842	1	执行任务、方法或动作的主体逻辑。		自我线程模块.消息协议.ixx:842
yes	执行尝试对账结论文本	执行尝试对账结论文本	自我线程模块.消息协议.ixx:857	1	执行任务、方法或动作的主体逻辑。		自我线程模块.消息协议.ixx:857
yes	推断任务管理动作主体类型	推断任务管理动作主体类型	自我线程模块.消息协议.ixx:912	1	按函数名执行对应处理。		自我线程模块.消息协议.ixx:912
yes	是否触发需求队列刷新	是否触发需求队列刷新	自我线程模块.消息处理器.ixx:336	1	按函数名执行对应处理。		自我线程模块.消息处理器.ixx:336
yes	处理推进事件批次	处理推进事件批次	自我线程模块.消息处理器.ixx:448	1	按函数名执行对应处理。		自我线程模块.消息处理器.ixx:448
yes	应用需求树变更批次	应用需求树变更批次	自我线程模块.消息处理器.ixx:460	1	按函数名执行对应处理。		自我线程模块.消息处理器.ixx:460
yes	生成冻结批次摘要	生成冻结批次摘要	自我线程模块.消息批次执行器.ixx:190	1	根据当前输入生成目标数据、场景、动态或回执。		自我线程模块.消息批次执行器.ixx:190
yes	存在抢占消息	存在抢占消息	自我线程模块.消息批次执行器.ixx:227	1	按函数名执行对应处理。		自我线程模块.消息批次执行器.ixx:227
yes	根据主导需求创建任务根节点	根据主导需求创建任务根节点	自我线程模块.消息批次执行器.ixx:280	1	创建并返回或登记对应对象。		自我线程模块.消息批次执行器.ixx:280
yes	初始化任务控制态	初始化任务控制态	自我线程模块.消息批次执行器.ixx:302	1	初始化相关对象、状态或运行上下文。		自我线程模块.消息批次执行器.ixx:302
yes	冻结消息批次	冻结消息批次	自我线程模块.消息批次执行器.ixx:42	1	按函数名执行对应处理。		自我线程模块.消息批次执行器.ixx:42
yes	是否需要上浮到自我线程	是否需要上浮到自我线程	自我线程模块.消息路由.ixx:35	1	按函数名执行对应处理。		自我线程模块.消息路由.ixx:35
yes	是否影响全局优先级	是否影响全局优先级	自我线程模块.消息路由.ixx:50	1	按函数名执行对应处理。		自我线程模块.消息路由.ixx:50
yes	是否触发二次特征重算	是否触发二次特征重算	自我线程模块.消息路由.ixx:66	1	按函数名执行对应处理。		自我线程模块.消息路由.ixx:66
yes	自检线程类::~自检线程类	~自检线程类	自检线程模块.impl.cpp:1402	1	释放或收束对象资源。		自检线程模块.impl.cpp:1402
yes	自检线程类::启动	启动	自检线程模块.impl.cpp:1409	1	启动线程、模块或运行流程。		自检线程模块.impl.cpp:1409
yes	自检线程类::请求停止	请求停止	自检线程模块.impl.cpp:1473	1	停止线程、模块或运行流程。		自检线程模块.impl.cpp:1473
yes	自检线程类::等待停止	等待停止	自检线程模块.impl.cpp:1489	1	停止线程、模块或运行流程。		自检线程模块.impl.cpp:1489
yes	自检线程类::请求休眠期自检	请求休眠期自检	自检线程模块.impl.cpp:1497	1	按函数名执行对应处理。		自检线程模块.impl.cpp:1497
yes	自检线程类::是否健康运行	是否健康运行	自检线程模块.impl.cpp:1508	1	执行对应模块、线程或方法的运行逻辑。		自检线程模块.impl.cpp:1508
yes	自检线程类::读取生命周期状态	读取生命周期状态	自检线程模块.impl.cpp:1515	1	从指定来源读取数据或状态。		自检线程模块.impl.cpp:1515
yes	自检线程类::读取摘要	读取摘要	自检线程模块.impl.cpp:1522	1	从指定来源读取数据或状态。		自检线程模块.impl.cpp:1522
yes	自检线程类::记录事件_已加锁	记录事件_已加锁	自检线程模块.impl.cpp:1552	1	记录日志、动态、证据或运行痕迹。		自检线程模块.impl.cpp:1552
yes	自检线程类::主循环_	主循环_	自检线程模块.impl.cpp:1563	1	按函数名执行对应处理。		自检线程模块.impl.cpp:1563
yes	自检线程类::执行运行中自检_	执行运行中自检_	自检线程模块.impl.cpp:1690	1	执行对应模块、线程或方法的运行逻辑。		自检线程模块.impl.cpp:1690
yes	自检线程类::执行休眠期自检_	执行休眠期自检_	自检线程模块.impl.cpp:1959	1	执行任务、方法或动作的主体逻辑。		自检线程模块.impl.cpp:1959
yes	语素类::查找同词信息入口	查找同词信息入口	语素类.cpp:1160	1	根据已有语素入口所属词，只读查找同词下指定信息入口类型。		语素类.cpp:1160
yes	语素类::取或创建同词信息入口	取或创建同词信息入口	语素类.cpp:1181	1	根据已有语素入口所属词，取或创建同词下指定信息入口类型。		语素类.cpp:1181
yes	语素类::确保信息入口对应基础信息	确保信息入口对应基础信息	语素类.cpp:1258	1	确保目标结构、状态或前置条件存在并可用。		语素类.cpp:1258
yes	语素类::查找语素入口对应基础信息	查找语素入口对应基础信息	语素类.cpp:1265	1	按条件查找目标对象、方法或事实。		语素类.cpp:1265
yes	语素类::是语素入口节点	是语素入口节点	语素类.cpp:1274	1	判断节点主信息是否为语素入口主信息。		语素类.cpp:1274
yes	语素类::获取语素入口人类词性	获取语素入口人类词性	语素类.cpp:1282	1	读取语素入口节点的人类词性。		语素类.cpp:1282
yes	语素类::获取语素入口对应基础信息类型	获取语素入口对应基础信息类型	语素类.cpp:1291	1	读取并返回指定对象、状态或运行材料。		语素类.cpp:1291
yes	语素类::获取语素入口显式对应基础信息类型	获取语素入口显式对应基础信息类型	语素类.cpp:1303	1	读取语素入口节点显式绑定的基础信息类型，不做词性默认推断。		语素类.cpp:1303
yes	语素类::获取语素入口信息入口类型	获取语素入口信息入口类型	语素类.cpp:1312	1	读取并返回指定对象、状态或运行材料。		语素类.cpp:1312
yes	语素类::读取信息入口定义	读取信息入口定义	语素类.cpp:1321	1	读取指定信息入口类型的定义项。		语素类.cpp:1321
yes	语素类::读取信息入口默认人类词性	读取信息入口默认人类词性	语素类.cpp:1339	1	读取指定信息入口类型默认映射的人类词性。		语素类.cpp:1339
yes	语素类::推断人类词性默认基础信息类型	推断人类词性默认基础信息类型	语素类.cpp:1363	1	按函数名执行对应处理。		语素类.cpp:1363
yes	语素类::绑定人类词性入口到场景基础信息	绑定人类词性入口到场景基础信息	语素类.cpp:1375	1	建立对象、任务、方法或因果之间的绑定关系。		语素类.cpp:1375
yes	语素类::通过词和场景查找基础信息	通过词和场景查找基础信息	语素类.cpp:1396	1	按条件查找目标对象、方法或事实。		语素类.cpp:1396
yes	语素类::添加二次特征词	添加二次特征词	语素类.cpp:1431	1	按函数名执行对应处理。		语素类.cpp:1431
yes	语素类::添加对应基础信息	添加对应基础信息	语素类.cpp:1457	1	按函数名执行对应处理。		语素类.cpp:1457
yes	语素类::获取词	获取词	语素类.cpp:1516	1	读取并返回指定对象、状态或运行材料。		语素类.cpp:1516
yes	语素类::安全获取词	安全获取词	语素类.cpp:1535	1	安全读取语素入口词面；入口为空或读取异常时返回空文本。		语素类.cpp:1535
yes	语素类::私有_清理主信息_已加锁	私有_清理主信息_已加锁	语素类.cpp:1549	1	清理缓存、临时状态或运行资源。		语素类.cpp:1549
yes	语素类::查找词_已加锁	查找词_已加锁	语素类.cpp:1560	1	按条件查找目标对象、方法或事实。		语素类.cpp:1560
yes	语素类::查找人类词性入口节点_已加锁	查找人类词性入口节点_已加锁	语素类.cpp:1609	1	按条件查找目标对象、方法或事实。		语素类.cpp:1609
yes	语素类::查找信息入口节点_已加锁	查找信息入口节点_已加锁	语素类.cpp:1628	1	按条件查找目标对象、方法或事实。		语素类.cpp:1628
yes	语素类::私有_UTF8字符长度	私有_UTF8字符长度	语素类.cpp:1647	1	服务所在模块的内部辅助流程。		语素类.cpp:1647
yes	枚举_词性_工厂::添加动态映射	添加动态映射	语素类.cpp:1673	1	按函数名执行对应处理。		语素类.cpp:1673
yes	枚举_词性_工厂::批量添加动态映射	批量添加动态映射	语素类.cpp:1679	1	按函数名执行对应处理。		语素类.cpp:1679
yes	枚举_词性_工厂::清除动态映射	清除动态映射	语素类.cpp:1687	1	按函数名执行对应处理。		语素类.cpp:1687
yes	语素类::~语素类	~语素类	语素类.cpp:828	1	释放或收束对象资源。		语素类.cpp:828
yes	语素类::初始化	初始化	语素类.cpp:835	1	初始化相关对象、状态或运行上下文。		语素类.cpp:835
yes	语素类::重写语素SQL投影	重写语素SQL投影	语素类.cpp:852	1	把当前语素树本体重写到 SQL Server 查询投影。		语素类.cpp:852
yes	语素类::生成语素节点	生成语素节点	语素类.cpp:903	1	根据当前输入生成目标数据、场景、动态或回执。		语素类.cpp:903
yes	语素类::添加词	添加词	语素类.cpp:909	1	按函数名执行对应处理。		语素类.cpp:909
yes	语素类::查找词节点	查找词节点	语素类.cpp:954	1	按条件查找目标对象、方法或事实。		语素类.cpp:954
yes	语素类::获取词节点指针	获取词节点指针	语素类.cpp:965	1	读取并返回指定对象、状态或运行材料。		语素类.cpp:965
yes	语素类::获取语素树根节点	获取语素树根节点	语素类.cpp:974	1	只读返回语素树根节点。		语素类.cpp:974
yes	语素类::节点属于语素树	节点属于语素树	语素类.cpp:981	1	判断指定节点是否属于当前语素树。		语素类.cpp:981
yes	语素类::按主键查找语素入口节点	按主键查找语素入口节点	语素类.cpp:999	1	按主键只读查找语素入口节点，不隐式创建节点。		语素类.cpp:999
yes	语言类::私有_清理主信息_已加锁	私有_清理主信息_已加锁	语言类.cpp:119	1	清理缓存、临时状态或运行资源。		语言类.cpp:119
yes	语言类::~语言类	~语言类	语言类.cpp:27	1	释放或收束对象资源。		语言类.cpp:27
yes	语言类::初始化	初始化	语言类.cpp:34	1	初始化相关对象、状态或运行上下文。		语言类.cpp:34
yes	语言类::新建文章	新建文章	语言类.cpp:39	1	按函数名执行对应处理。		语言类.cpp:39
yes	语言类::添加段落	添加段落	语言类.cpp:56	1	按函数名执行对应处理。		语言类.cpp:56
yes	语言类::添加自然句	添加自然句	语言类.cpp:72	1	按函数名执行对应处理。		语言类.cpp:72
yes	语言类::添加子句	添加子句	语言类.cpp:94	1	按函数名执行对应处理。		语言类.cpp:94
yes	语言类::生成二次特征自然语言	生成二次特征自然语言	语言类_二次特征表达.cpp:343	1	根据当前输入生成目标数据、场景、动态或回执。		语言类_二次特征表达.cpp:343
yes	语言类::获取基础信息名称	获取基础信息名称	语言类_基础信息命名.cpp:90	1	读取并返回指定对象、状态或运行材料。		语言类_基础信息命名.cpp:90
yes	需求类::逻辑组织需求类型_按目标特征类型	逻辑组织需求类型_按目标特征类型	需求类.cpp:1250	1	按函数名执行对应处理。		需求类.cpp:1250
yes	需求类::逻辑组织目标语义文本	逻辑组织目标语义文本	需求类.cpp:1291	1	按函数名执行对应处理。		需求类.cpp:1291
yes	需求类::需求目标语义_按目标特征类型	需求目标语义_按目标特征类型	需求类.cpp:1310	1	按函数名执行对应处理。		需求类.cpp:1310
yes	需求类::需求目标语义文本	需求目标语义文本	需求类.cpp:1337	1	按函数名执行对应处理。		需求类.cpp:1337
yes	需求类::需求获取途径文本	需求获取途径文本	需求类.cpp:1360	1	读取并返回指定对象、状态或运行材料。		需求类.cpp:1360
yes	需求类::需求目标语义_按获取途径	需求目标语义_按获取途径	需求类.cpp:1412	1	读取并返回指定对象、状态或运行材料。		需求类.cpp:1412
yes	需求类::逻辑组织需求类型_按获取途径	逻辑组织需求类型_按获取途径	需求类.cpp:1441	1	读取并返回指定对象、状态或运行材料。		需求类.cpp:1441
yes	需求类::需求获取途径默认目标特征类型	需求获取途径默认目标特征类型	需求类.cpp:1468	1	读取并返回指定对象、状态或运行材料。		需求类.cpp:1468
yes	需求类::需求获取途径语义视图	需求获取途径语义视图	需求类.cpp:1482	1	读取并返回指定对象、状态或运行材料。		需求类.cpp:1482
yes	需求类::同步SQL控制面板需求显示项	同步SQL控制面板需求显示项	需求类.cpp:1674	1	把需求节点当前态同步到 SQL 控制面板运行态显示镜像。		需求类.cpp:1674
yes	需求类::同步删除SQL控制面板需求显示项	同步删除SQL控制面板需求显示项	需求类.cpp:1715	1	把需求节点删除变化同步到 SQL 控制面板运行态显示镜像。		需求类.cpp:1715
yes	需求类::生成需求方向签名	生成需求方向签名	需求类.cpp:1865	1	根据当前输入生成目标数据、场景、动态或回执。		需求类.cpp:1865
yes	需求类::比较需求方向签名	比较需求方向签名	需求类.cpp:1876	1	比较当前值、目标值或历史基准。		需求类.cpp:1876
yes	需求类::需求方向同向	需求方向同向	需求类.cpp:1950	1	按函数名执行对应处理。		需求类.cpp:1950
yes	需求类::需求方向反向	需求方向反向	需求类.cpp:1958	1	按函数名执行对应处理。		需求类.cpp:1958
yes	需求类::目标特征类型可进入普通候选方法筹办	目标特征类型可进入普通候选方法筹办	需求类.cpp:1966	1	推进任务筹办，形成候选、缺口或就绪回执。		需求类.cpp:1966
yes	需求类::构造逻辑组织需求更新指令	构造逻辑组织需求更新指令	需求类.cpp:2225	1	更新已有对象、状态、索引或缓存。		需求类.cpp:2225
yes	需求类::构造获取途径逻辑组织需求更新指令	构造获取途径逻辑组织需求更新指令	需求类.cpp:2301	1	读取并返回指定对象、状态或运行材料。		需求类.cpp:2301
yes	需求类::构造AND组需求更新指令	构造AND组需求更新指令	需求类.cpp:2323	1	更新已有对象、状态、索引或缓存。		需求类.cpp:2323
yes	需求类::构造OR组需求更新指令	构造OR组需求更新指令	需求类.cpp:2332	1	更新已有对象、状态、索引或缓存。		需求类.cpp:2332
yes	需求类::构造方法路径组需求更新指令	构造方法路径组需求更新指令	需求类.cpp:2341	1	更新已有对象、状态、索引或缓存。		需求类.cpp:2341
yes	需求类::构造因果子链支撑需求更新指令	构造因果子链支撑需求更新指令	需求类.cpp:2350	1	更新已有对象、状态、索引或缓存。		需求类.cpp:2350
yes	需求类::校验更新指令枚举目标	校验更新指令枚举目标	需求类.cpp:2477	1	更新已有对象、状态、索引或缓存。		需求类.cpp:2477
yes	需求类::生成任务初始化上下文	生成任务初始化上下文	需求类.cpp:2618	1	初始化相关对象、状态或运行上下文。		需求类.cpp:2618
yes	需求类::获取需求方向	获取需求方向	需求类.cpp:2663	1	读取并返回指定对象、状态或运行材料。		需求类.cpp:2663
yes	~实现	~实现	D455相机类.cpp:44	1	释放或收束对象资源。	operator_or_destructor	D455相机类.cpp:44
yes	D455_相机实现::打开	打开	D455相机类.cpp:870	1	按函数名执行对应处理。	constructor_like	D455相机类.cpp:870
yes	D455_相机实现::关闭	关闭	D455相机类.cpp:875	1	按函数名执行对应处理。	constructor_like	D455相机类.cpp:875
yes	D455_相机实现::采集一帧	采集一帧	D455相机类.cpp:882	1	按函数名执行对应处理。	constructor_like	D455相机类.cpp:882
yes	D455_相机实现::获取配置	获取配置	D455相机类.cpp:887	1	读取并返回指定对象、状态或运行材料。	constructor_like	D455相机类.cpp:887
yes	D455_相机实现::应用配置	应用配置	D455相机类.cpp:893	1	按函数名执行对应处理。	constructor_like	D455相机类.cpp:893
yes	D455_相机实现::采集一帧并提取轮廓	采集一帧并提取轮廓	D455相机类.cpp:898	1	按函数名执行对应处理。	constructor_like	D455相机类.cpp:898
yes	D455_相机实现::获取最近轮廓观测	获取最近轮廓观测	D455相机类.cpp:903	1	读取并返回指定对象、状态或运行材料。	constructor_like	D455相机类.cpp:903
yes	~动作线程类	~动作线程类	动作线程类.ixx:117	1	释放或收束对象资源。	operator_or_destructor	动作线程类.ixx:117
yes	链表模板	链表模板	双向链表模板核心.h:150	1	按函数名执行对应处理。	header_definition	双向链表模板核心.h:150
yes	~链表模板	~链表模板	双向链表模板核心.h:160	1	释放或收束对象资源。	operator_or_destructor,header_definition	双向链表模板核心.h:160
yes	查找主键_当前链	查找主键_当前链	双向链表模板核心.h:398	1	按条件查找目标对象、方法或事实。	header_definition	双向链表模板核心.h:398
yes	查找节点_当前链	查找节点_当前链	双向链表模板核心.h:461	1	按条件查找目标对象、方法或事实。	header_definition	双向链表模板核心.h:461
yes	删除子链	删除子链	双向链表模板核心.h:562	1	删除指定对象、状态或登记项。	header_definition	双向链表模板核心.h:562
yes	指代节点主信息类	指代节点主信息类	基础信息主信息类.h:241	1	按函数名执行对应处理。	header_definition	基础信息主信息类.h:241
yes	设置当前值	设置当前值	基础信息主信息类.h:372	1	设置对象字段、状态或运行参数。	header_definition	基础信息主信息类.h:372
yes	动态节点主信息类	动态节点主信息类	基础信息主信息类.h:518	1	按函数名执行对应处理。	header_definition	基础信息主信息类.h:518
yes	语义相同	语义相同	基础信息主信息类.h:672	1	按函数名执行对应处理。	header_definition	基础信息主信息类.h:672
yes	获取	获取	基础数据类型.h:143	1	读取并返回指定对象、状态或运行材料。	header_definition	基础数据类型.h:143
yes	operator T节点*	operator T节点*	基础数据类型.h:147	1	按函数名执行对应处理。	operator_or_destructor,header_definition	基础数据类型.h:147
yes	编码I64为U64	编码I64为U64	基础数据类型.h:640	1	按函数名执行对应处理。	header_definition	基础数据类型.h:640
yes	解码U64为I64	解码U64为I64	基础数据类型.h:646	1	按函数名执行对应处理。	header_definition	基础数据类型.h:646
yes	operator+	operator+	基础数据类型.h:833	1	===== 推荐添加：向量加法/减法 =====	operator_or_destructor,header_definition	基础数据类型.h:833
yes	operator*=	operator*=	基础数据类型.h:845	1	===== 推荐添加：复合赋值运算符 =====	operator_or_destructor,header_definition	基础数据类型.h:845
yes	operator/=	operator/=	基础数据类型.h:851	1	按函数名执行对应处理。	operator_or_destructor,header_definition	基础数据类型.h:851
yes	operator+=	operator+=	基础数据类型.h:859	1	按函数名执行对应处理。	operator_or_destructor,header_definition	基础数据类型.h:859
yes	operator-=	operator-=	基础数据类型.h:865	1	按函数名执行对应处理。	operator_or_destructor,header_definition	基础数据类型.h:865
yes	单位	单位	基础数据类型.h:883	1	按函数名执行对应处理。	header_definition	基础数据类型.h:883
yes	旋转	旋转	基础数据类型.h:913	1	旋转向量：v' = q ⊗ (0,v) ⊗ q* (注意：取决于你对 q 的语义约定；此处提供常用形式)	header_definition	基础数据类型.h:913
yes	~结构_窗口线程运行守卫	~结构_窗口线程运行守卫	控制面板WebView2.cpp:93	1	释放或收束对象资源。	operator_or_destructor	控制面板WebView2.cpp:93
yes	~结构_COM初始化	~结构_COM初始化	数据库ADO模块.cpp:138	1	释放或收束对象资源。	operator_or_destructor	数据库ADO模块.cpp:138
yes	条件节点信息	条件节点信息	方法主信息类.h:343	1	按函数名执行对应处理。	header_definition	方法主信息类.h:343
yes	结果节点信息	结果节点信息	方法主信息类.h:351	1	按函数名执行对应处理。	header_definition	方法主信息类.h:351
yes	绝对相同	绝对相同	特征值主信息类.h:25	1	按函数名执行对应处理。	header_definition	特征值主信息类.h:25
yes	~结构_抢占执行前许可审批守卫	~结构_抢占执行前许可审批守卫	自我线程模块.impl.cpp:15880	1	释放或收束对象资源。	operator_or_destructor	自我线程模块.impl.cpp:15880
yes	~结构_抢占任务管理成功结果守卫	~结构_抢占任务管理成功结果守卫	自我线程模块.impl.cpp:15973	1	释放或收束对象资源。	operator_or_destructor	自我线程模块.impl.cpp:15973
yes	~结构_抢占任务管理派生需求守卫	~结构_抢占任务管理派生需求守卫	自我线程模块.impl.cpp:16071	1	释放或收束对象资源。	operator_or_destructor	自我线程模块.impl.cpp:16071
yes	~结构_抢占观察事实承接落账守卫	~结构_抢占观察事实承接落账守卫	自我线程模块.impl.cpp:16169	1	释放或收束对象资源。	operator_or_destructor	自我线程模块.impl.cpp:16169
yes	已绑定基础信息	已绑定基础信息	语素主信息类.h:437	1	建立对象、任务、方法或因果之间的绑定关系。	header_definition	语素主信息类.h:437
yes	查找直接子需求_按目标重叠	查找直接子需求_按目标重叠	需求类.h:613	1	按条件查找目标对象、方法或事实。	header_definition	需求类.h:613
yes	收集直接子需求目标视图	收集直接子需求目标视图	需求类.h:623	1	按函数名执行对应处理。	header_definition	需求类.h:623
yes	~私有_自我线程守卫	~私有_自我线程守卫	鱼巢.cpp:1060	1	释放或收束对象资源。	operator_or_destructor	鱼巢.cpp:1060
yes	~结构_控制台自动刷新守卫	~结构_控制台自动刷新守卫	鱼巢.cpp:1629	1	释放或收束对象资源。	operator_or_destructor	鱼巢.cpp:1629
yes	转换时间域	转换时间域	D455相机类.cpp:310	2	把输入数据转换为目标类型、语义或结构。		D455相机类.cpp:138;D455相机类.cpp:310
yes	读取对齐彩色	读取对齐彩色	D455相机类.cpp:404	2	从指定来源读取数据或状态。		D455相机类.cpp:164;D455相机类.cpp:404
yes	读取双目红外	读取双目红外	D455相机类.cpp:494	2	从指定来源读取数据或状态。		D455相机类.cpp:166;D455相机类.cpp:494
yes	生成点云	生成点云	D455相机类.cpp:516	2	根据当前输入生成目标数据、场景、动态或回执。		D455相机类.cpp:168;D455相机类.cpp:516
yes	形态学_闭运算	形态学_闭运算	D455相机类.cpp:543	2	按函数名执行对应处理。		D455相机类.cpp:543;D455相机类.cpp:667
yes	生成前景掩膜	生成前景掩膜	D455相机类.cpp:635	2	根据当前输入生成目标数据、场景、动态或回执。		D455相机类.cpp:635;D455相机类.cpp:688
yes	提取轮廓	提取轮廓	D455相机类.cpp:680	2	按函数名执行对应处理。		D455相机类.cpp:172;D455相机类.cpp:680
yes	私有_世界树SQL快照预期字段	私有_世界树SQL快照预期字段	世界树类.cpp:1100	2	服务所在模块的内部辅助流程。		世界树类.cpp:1100;世界树类.cpp:1477
yes	私有_世界树SQL节点字段	私有_世界树SQL节点字段	世界树类.cpp:1115	2	服务所在模块的内部辅助流程。		世界树类.cpp:1115;世界树类.cpp:1146
yes	私有_世界树SQL节点预期字段	私有_世界树SQL节点预期字段	世界树类.cpp:1140	2	服务所在模块的内部辅助流程。		世界树类.cpp:1140;世界树类.cpp:1483
yes	私有_世界树SQL关系字段	私有_世界树SQL关系字段	世界树类.cpp:1151	2	服务所在模块的内部辅助流程。		世界树类.cpp:1151;世界树类.cpp:1173
yes	私有_世界树SQL关系预期字段	私有_世界树SQL关系预期字段	世界树类.cpp:1167	2	服务所在模块的内部辅助流程。		世界树类.cpp:1167;世界树类.cpp:1489
yes	私有_世界树SQL根树节点预期字段	私有_世界树SQL根树节点预期字段	世界树类.cpp:1178	2	服务所在模块的内部辅助流程。		世界树类.cpp:1178;世界树类.cpp:1501
yes	私有_世界树SQL根树主信息预期字段	私有_世界树SQL根树主信息预期字段	世界树类.cpp:1207	2	服务所在模块的内部辅助流程。		世界树类.cpp:1207;世界树类.cpp:1507
yes	私有_世界树SQL根树关系预期字段	私有_世界树SQL根树关系预期字段	世界树类.cpp:1241	2	服务所在模块的内部辅助流程。		世界树类.cpp:1241;世界树类.cpp:1513
yes	私有_世界树SQL根树预期字段	私有_世界树SQL根树预期字段	世界树类.cpp:1280	2	服务所在模块的内部辅助流程。		世界树类.cpp:1280;世界树类.cpp:1495
yes	私有_验证世界树SQL存储字段	私有_验证世界树SQL存储字段	世界树类.cpp:1346	2	服务所在模块的内部辅助流程。		世界树类.cpp:1346;世界树类.cpp:1763
yes	私有_确保概念特征槽	私有_确保概念特征槽	世界树类.cpp:143	2	确保目标结构、状态或前置条件存在并可用。		世界树类.cpp:143;世界树类.cpp:177
yes	世界树类::基础信息	基础信息	世界树类.cpp:1561	2	按函数名执行对应处理。		世界树类.cpp:1561;世界树类.cpp:1564
yes	世界树类::基础信息	基础信息	世界树类.cpp:1564	2	按函数名执行对应处理。		世界树类.cpp:1561;世界树类.cpp:1564
yes	世界树类::值池	值池	世界树类.cpp:1567	2	按函数名执行对应处理。		世界树类.cpp:1567;世界树类.cpp:1570
yes	世界树类::值池	值池	世界树类.cpp:1570	2	按函数名执行对应处理。		世界树类.cpp:1567;世界树类.cpp:1570
yes	世界树类::特征	特征	世界树类.cpp:1579	2	按函数名执行对应处理。		世界树类.cpp:1579;世界树类.cpp:1582
yes	世界树类::特征	特征	世界树类.cpp:1582	2	按函数名执行对应处理。		世界树类.cpp:1579;世界树类.cpp:1582
yes	世界树类::存在	存在	世界树类.cpp:1585	2	按函数名执行对应处理。		世界树类.cpp:1585;世界树类.cpp:1588
yes	世界树类::存在	存在	世界树类.cpp:1588	2	按函数名执行对应处理。		世界树类.cpp:1585;世界树类.cpp:1588
yes	世界树类::场景	场景	世界树类.cpp:1591	2	按函数名执行对应处理。		世界树类.cpp:1591;世界树类.cpp:1594
yes	世界树类::场景	场景	世界树类.cpp:1594	2	按函数名执行对应处理。		世界树类.cpp:1591;世界树类.cpp:1594
yes	世界树类::二次特征	二次特征	世界树类.cpp:1597	2	按函数名执行对应处理。		世界树类.cpp:1597;世界树类.cpp:1600
yes	世界树类::二次特征	二次特征	世界树类.cpp:1600	2	按函数名执行对应处理。		世界树类.cpp:1597;世界树类.cpp:1600
yes	世界树类::二次特征生成	二次特征生成	世界树类.cpp:1603	2	根据当前输入生成目标数据、场景、动态或回执。		世界树类.cpp:1603;世界树类.cpp:1606
yes	世界树类::二次特征生成	二次特征生成	世界树类.cpp:1606	2	根据当前输入生成目标数据、场景、动态或回执。		世界树类.cpp:1603;世界树类.cpp:1606
yes	世界树类::状态	状态	世界树类.cpp:1609	2	按函数名执行对应处理。		世界树类.cpp:1609;世界树类.cpp:1612
yes	世界树类::状态	状态	世界树类.cpp:1612	2	按函数名执行对应处理。		世界树类.cpp:1609;世界树类.cpp:1612
yes	世界树类::动态	动态	世界树类.cpp:1615	2	按函数名执行对应处理。		世界树类.cpp:1615;世界树类.cpp:1618
yes	世界树类::动态	动态	世界树类.cpp:1618	2	按函数名执行对应处理。		世界树类.cpp:1615;世界树类.cpp:1618
yes	世界树类::因果	因果	世界树类.cpp:1621	2	按函数名执行对应处理。		世界树类.cpp:1621;世界树类.cpp:1624
yes	世界树类::因果	因果	世界树类.cpp:1624	2	按函数名执行对应处理。		世界树类.cpp:1621;世界树类.cpp:1624
yes	私有_VecU差异率Q10000	私有_VecU差异率Q10000	世界树类.cpp:183	2	服务所在模块的内部辅助流程。		世界树类.cpp:183;世界树类.cpp:3944
yes	世界树类::取抽象特征主信息	取抽象特征主信息	世界树类.cpp:2137	2	读取抽象特征节点主信息，不创建或修改节点。		世界树类.cpp:2137;世界树类.cpp:2143
yes	世界树类::取抽象特征主信息	取抽象特征主信息	世界树类.cpp:2143	2	读取抽象特征节点主信息，不创建或修改节点。		世界树类.cpp:2137;世界树类.cpp:2143
yes	世界树类::取特征主信息	取特征主信息	世界树类.cpp:2293	2	读取特征节点主信息，不创建或修改节点。		世界树类.cpp:2293;世界树类.cpp:2299
yes	世界树类::取特征主信息	取特征主信息	世界树类.cpp:2299	2	读取特征节点主信息，不创建或修改节点。		世界树类.cpp:2293;世界树类.cpp:2299
yes	世界树类::取存在主信息	取存在主信息	世界树类.cpp:2324	2	读取存在节点主信息，不创建或修改节点。		世界树类.cpp:2324;世界树类.cpp:2330
yes	世界树类::取存在主信息	取存在主信息	世界树类.cpp:2330	2	读取存在节点主信息，不创建或修改节点。		世界树类.cpp:2324;世界树类.cpp:2330
yes	世界树类::获取需求根节点	获取需求根节点	世界树类.cpp:2438	2	读取需求根节点，不创建或修改节点。		世界树类.cpp:2438;世界树类.cpp:2444
yes	世界树类::获取需求根节点	获取需求根节点	世界树类.cpp:2444	2	读取需求根节点，不创建或修改节点。		世界树类.cpp:2438;世界树类.cpp:2444
yes	世界树类::获取任务根节点	获取任务根节点	世界树类.cpp:2450	2	读取任务根节点，不创建或修改节点。		世界树类.cpp:2450;世界树类.cpp:2456
yes	世界树类::获取任务根节点	获取任务根节点	世界树类.cpp:2456	2	读取任务根节点，不创建或修改节点。		世界树类.cpp:2450;世界树类.cpp:2456
yes	世界树类::获取方法根节点	获取方法根节点	世界树类.cpp:2462	2	读取方法根节点，不创建或修改节点。		世界树类.cpp:2462;世界树类.cpp:2468
yes	世界树类::获取方法根节点	获取方法根节点	世界树类.cpp:2468	2	读取方法根节点，不创建或修改节点。		世界树类.cpp:2462;世界树类.cpp:2468
yes	私有_世界树SQL投影互斥	私有_世界树SQL投影互斥	世界树类.cpp:251	2	服务所在模块的内部辅助流程。		世界树类.cpp:251;世界树类.cpp:1714
yes	世界树类::取二次特征主信息	取二次特征主信息	世界树类.cpp:2733	2	读取二次特征节点主信息，不创建或修改节点。		世界树类.cpp:2733;世界树类.cpp:2739
yes	世界树类::取二次特征主信息	取二次特征主信息	世界树类.cpp:2739	2	读取二次特征节点主信息，不创建或修改节点。		世界树类.cpp:2733;世界树类.cpp:2739
yes	世界树类::创建状态	创建状态	世界树类.cpp:3013	2	创建并返回或登记对应对象。		世界树类.cpp:3013;世界树类.cpp:3021
yes	世界树类::创建状态	创建状态	世界树类.cpp:3021	2	创建并返回或登记对应对象。		世界树类.cpp:3013;世界树类.cpp:3021
yes	私有_世界树SQL世界类型文本	私有_世界树SQL世界类型文本	世界树类.cpp:308	2	服务所在模块的内部辅助流程。		世界树类.cpp:308;世界树类.cpp:540
yes	世界树类::取状态主信息	取状态主信息	世界树类.cpp:3094	2	读取状态节点主信息，不创建或修改节点。		世界树类.cpp:3094;世界树类.cpp:3100
yes	世界树类::取状态主信息	取状态主信息	世界树类.cpp:3100	2	读取状态节点主信息，不创建或修改节点。		世界树类.cpp:3094;世界树类.cpp:3100
yes	世界树类::取动态主信息	取动态主信息	世界树类.cpp:3180	2	读取动态节点主信息，不创建或修改节点。		世界树类.cpp:3180;世界树类.cpp:3186
yes	世界树类::取动态主信息	取动态主信息	世界树类.cpp:3186	2	读取动态节点主信息，不创建或修改节点。		世界树类.cpp:3180;世界树类.cpp:3186
yes	世界树类::取因果主信息	取因果主信息	世界树类.cpp:3298	2	读取因果节点主信息，不创建或修改节点。		世界树类.cpp:3298;世界树类.cpp:3304
yes	世界树类::取因果主信息	取因果主信息	世界树类.cpp:3304	2	读取因果节点主信息，不创建或修改节点。		世界树类.cpp:3298;世界树类.cpp:3304
yes	世界树类::取因果模板主信息	取因果模板主信息	世界树类.cpp:3310	2	读取因果模板节点主信息，不创建或修改节点。		世界树类.cpp:3310;世界树类.cpp:3316
yes	世界树类::取因果模板主信息	取因果模板主信息	世界树类.cpp:3316	2	读取因果模板节点主信息，不创建或修改节点。		世界树类.cpp:3310;世界树类.cpp:3316
yes	世界树类::解析因果节点	解析因果节点	世界树类.cpp:3322	2	把基础信息节点解析为因果节点，不创建或修改节点。		世界树类.cpp:3322;世界树类.cpp:3328
yes	世界树类::解析因果节点	解析因果节点	世界树类.cpp:3328	2	把基础信息节点解析为因果节点，不创建或修改节点。		世界树类.cpp:3322;世界树类.cpp:3328
yes	世界树类::按主键解析因果节点	按主键解析因果节点	世界树类.cpp:3334	2	按主键解析因果节点，不创建或修改节点。		世界树类.cpp:3334;世界树类.cpp:3340
yes	世界树类::按主键解析因果节点	按主键解析因果节点	世界树类.cpp:3340	2	按主键解析因果节点，不创建或修改节点。		世界树类.cpp:3334;世界树类.cpp:3340
yes	世界树类::写入特征_I64	写入特征_I64	世界树类.cpp:3524	2	把处理结果写入指定对象、场景或日志。		世界树类.cpp:3524;世界树类.cpp:3536
yes	世界树类::写入特征_I64	写入特征_I64	世界树类.cpp:3536	2	把处理结果写入指定对象、场景或日志。		世界树类.cpp:3524;世界树类.cpp:3536
yes	世界树类::写入特征_指针	写入特征_指针	世界树类.cpp:3543	2	把处理结果写入指定对象、场景或日志。		世界树类.cpp:3543;世界树类.cpp:3551
yes	世界树类::写入特征_指针	写入特征_指针	世界树类.cpp:3551	2	把处理结果写入指定对象、场景或日志。		世界树类.cpp:3543;世界树类.cpp:3551
yes	世界树类::写入特征_VecU	写入特征_VecU	世界树类.cpp:3562	2	把处理结果写入指定对象、场景或日志。		世界树类.cpp:3562;世界树类.cpp:3573
yes	世界树类::写入特征_VecU	写入特征_VecU	世界树类.cpp:3573	2	把处理结果写入指定对象、场景或日志。		世界树类.cpp:3562;世界树类.cpp:3573
yes	世界树类::写入特征_VecI64	写入特征_VecI64	世界树类.cpp:3585	2	把处理结果写入指定对象、场景或日志。		世界树类.cpp:3585;世界树类.cpp:3595
yes	世界树类::写入特征_VecI64	写入特征_VecI64	世界树类.cpp:3595	2	把处理结果写入指定对象、场景或日志。		世界树类.cpp:3585;世界树类.cpp:3595
yes	世界树类::读取特征快照	读取特征快照	世界树类.cpp:3607	2	从指定来源读取数据或状态。		世界树类.cpp:3607;世界树类.cpp:3613
yes	世界树类::读取特征快照	读取特征快照	世界树类.cpp:3613	2	从指定来源读取数据或状态。		世界树类.cpp:3607;世界树类.cpp:3613
yes	世界树类::读取特征_I64	读取特征_I64	世界树类.cpp:3619	2	从指定来源读取数据或状态。		世界树类.cpp:3619;世界树类.cpp:3630
yes	世界树类::读取特征_I64	读取特征_I64	世界树类.cpp:3630	2	从指定来源读取数据或状态。		世界树类.cpp:3619;世界树类.cpp:3630
yes	世界树类::读取特征_指针	读取特征_指针	世界树类.cpp:3641	2	从指定来源读取数据或状态。		世界树类.cpp:3641;世界树类.cpp:3653
yes	世界树类::读取特征_指针	读取特征_指针	世界树类.cpp:3653	2	从指定来源读取数据或状态。		世界树类.cpp:3641;世界树类.cpp:3653
yes	世界树类::读取特征VecI64	读取特征VecI64	世界树类.cpp:3678	2	从指定来源读取数据或状态。		世界树类.cpp:3678;世界树类.cpp:3688
yes	世界树类::读取特征VecI64	读取特征VecI64	世界树类.cpp:3688	2	从指定来源读取数据或状态。		世界树类.cpp:3678;世界树类.cpp:3688
yes	私有_世界树SQL收集关系	私有_世界树SQL收集关系	世界树类.cpp:435	2	服务所在模块的内部辅助流程。		世界树类.cpp:435;世界树类.cpp:635
yes	私有_解析已绑定存在概念	私有_解析已绑定存在概念	世界树类.cpp:47	2	解析已绑定的存在概念入口；不创建新概念。		世界树类.cpp:47;世界树类.cpp:56
yes	私有_世界树SQL填充节点主信息	私有_世界树SQL填充节点主信息	世界树类.cpp:510	2	服务所在模块的内部辅助流程。		世界树类.cpp:510;世界树类.cpp:632
yes	私有_解析世界树SQL关系序号	私有_解析世界树SQL关系序号	世界树类.cpp:650	2	解析输入文本、消息、场景或运行包。		世界树类.cpp:650;世界树类.cpp:1748
yes	私有_世界树SQL建库脚本	私有_世界树SQL建库脚本	世界树类.cpp:670	2	服务所在模块的内部辅助流程。		世界树类.cpp:670;世界树类.cpp:1754
yes	私有_世界树SQL建表脚本	私有_世界树SQL建表脚本	世界树类.cpp:678	2	服务所在模块的内部辅助流程。		世界树类.cpp:678;世界树类.cpp:1755
yes	私有_世界树SQL视图脚本	私有_世界树SQL视图脚本	世界树类.cpp:838	2	服务所在模块的内部辅助流程。		世界树类.cpp:838;世界树类.cpp:1756
yes	私有_构造世界树SQL重写脚本	私有_构造世界树SQL重写脚本	世界树类.cpp:912	2	服务所在模块的内部辅助流程。		世界树类.cpp:912;世界树类.cpp:1760
yes	私有_标准化动态单元列表	私有_标准化动态单元列表	二次特征应用模块.ixx:1078	2	服务所在模块的内部辅助流程。		二次特征应用模块.ixx:1078;二次特征应用模块.ixx:1569
yes	私有_收集条件候选	私有_收集条件候选	二次特征应用模块.ixx:1136	2	服务所在模块的内部辅助流程。		二次特征应用模块.ixx:1136;二次特征应用模块.ixx:2068
yes	私有_回写因果模板命中	私有_回写因果模板命中	二次特征应用模块.ixx:1253	2	服务所在模块的内部辅助流程。		二次特征应用模块.ixx:1253;二次特征应用模块.ixx:2096
yes	私有_获取动态二次特征	私有_获取动态二次特征	二次特征应用模块.ixx:1320	2	读取并返回指定对象、状态或运行材料。		二次特征应用模块.ixx:1320;二次特征应用模块.ixx:2780
yes	私有_取词键	私有_取词键	二次特征应用模块.ixx:2115	2	服务所在模块的内部辅助流程。		二次特征应用模块.ixx:2115;二次特征应用模块.ixx:3018
yes	私有_轮廓比较状态文本	私有_轮廓比较状态文本	二次特征应用模块.ixx:2121	2	比较当前值、目标值或历史基准。		二次特征应用模块.ixx:2121;二次特征应用模块.ixx:3094
yes	私有_同类事件来源流	私有_同类事件来源流	二次特征应用模块.ixx:2134	2	服务所在模块的内部辅助流程。		二次特征应用模块.ixx:2134;二次特征应用模块.ixx:3400
yes	二次特征生成模块::取或创建场景条件二次特征_枚举	取或创建场景条件二次特征_枚举	二次特征应用模块.ixx:2594	2	创建并返回或登记对应对象。		二次特征应用模块.ixx:2594;二次特征应用模块.ixx:2624
yes	二次特征生成模块::取或创建场景条件二次特征_枚举	取或创建场景条件二次特征_枚举	二次特征应用模块.ixx:2624	2	创建并返回或登记对应对象。		二次特征应用模块.ixx:2594;二次特征应用模块.ixx:2624
yes	判断状态结果方向	判断状态结果方向	二次特征应用模块.ixx:318	2	判断条件、状态或业务结果是否成立。		二次特征应用模块.ixx:318;二次特征应用模块.ixx:758
yes	私有_动态二次特征生成采样序号	私有_动态二次特征生成采样序号	二次特征应用模块.ixx:547	2	根据当前输入生成目标数据、场景、动态或回执。		二次特征应用模块.ixx:547;二次特征应用模块.ixx:1379
yes	私有_动态二次特征分步结果采样序号	私有_动态二次特征分步结果采样序号	二次特征应用模块.ixx:561	2	服务所在模块的内部辅助流程。		二次特征应用模块.ixx:561;二次特征应用模块.ixx:1432
yes	私有_动态二次特征条件候选收集采样序号	私有_动态二次特征条件候选收集采样序号	二次特征应用模块.ixx:575	2	服务所在模块的内部辅助流程。		二次特征应用模块.ixx:575;二次特征应用模块.ixx:1158
yes	私有_动态二次特征命中回写因果证据动态采样序号	私有_动态二次特征命中回写因果证据动态采样序号	二次特征应用模块.ixx:589	2	服务所在模块的内部辅助流程。		二次特征应用模块.ixx:589;二次特征应用模块.ixx:1270
yes	私有_同类事件段聚合采样序号	私有_同类事件段聚合采样序号	二次特征应用模块.ixx:603	2	服务所在模块的内部辅助流程。		二次特征应用模块.ixx:603;二次特征应用模块.ixx:3271
yes	私有_二次特征主体匹配	私有_二次特征主体匹配	二次特征应用模块.ixx:701	2	服务所在模块的内部辅助流程。		二次特征应用模块.ixx:701;二次特征应用模块.ixx:2504
yes	私有_二次特征方向命中	私有_二次特征方向命中	二次特征应用模块.ixx:716	2	按二次特征事实值判断是否命中指定方向约束。		二次特征应用模块.ixx:716;二次特征应用模块.ixx:2511
yes	概念模板_弱相等	概念模板_弱相等	二次特征应用模块.ixx:72	2	按函数名执行对应处理。		二次特征应用模块.ixx:72;二次特征应用模块.ixx:124
yes	私有_任务结果方向语义键	私有_任务结果方向语义键	二次特征应用模块.ixx:741	2	服务所在模块的内部辅助流程。		二次特征应用模块.ixx:741;二次特征应用模块.ixx:2233
yes	私有_推导任务结果方向编码	私有_推导任务结果方向编码	二次特征应用模块.ixx:752	2	服务所在模块的内部辅助流程。		二次特征应用模块.ixx:752;二次特征应用模块.ixx:2232
yes	私有_读取来源低层动态数量	私有_读取来源低层动态数量	二次特征应用模块.ixx:787	2	从动态类读取聚合来源链数量，用于日志显示。		二次特征应用模块.ixx:787;二次特征应用模块.ixx:1404
yes	私有_推断状态二次特征类型	私有_推断状态二次特征类型	二次特征应用模块.ixx:862	2	服务所在模块的内部辅助流程。		二次特征应用模块.ixx:862;二次特征应用模块.ixx:2679
yes	私有_状态二次特征类型文本	私有_状态二次特征类型文本	二次特征应用模块.ixx:878	2	服务所在模块的内部辅助流程。		二次特征应用模块.ixx:878;二次特征应用模块.ixx:2732
yes	私有_二次特征绑定场景采样序号	私有_二次特征绑定场景采样序号	二次特征类.cpp:133	2	建立对象、任务、方法或因果之间的绑定关系。		二次特征类.cpp:133;二次特征类.cpp:1010
yes	私有_二次特征概念模板刷新采样序号	私有_二次特征概念模板刷新采样序号	二次特征类.cpp:178	2	服务所在模块的内部辅助流程。		二次特征类.cpp:178;二次特征类.cpp:1600
yes	私有_二次特征签名查找创建采样序号	私有_二次特征签名查找创建采样序号	二次特征类.cpp:192	2	创建并返回或登记对应对象。		二次特征类.cpp:192;二次特征类.cpp:644
yes	私有_推断默认刻度	私有_推断默认刻度	二次特征类.cpp:206	2	服务所在模块的内部辅助流程。		二次特征类.cpp:206;二次特征类.cpp:1791
yes	二次特征类::取二次特征主信息	取二次特征主信息	二次特征类.cpp:274	2	按函数名执行对应处理。		二次特征类.cpp:274;二次特征类.cpp:280
yes	二次特征类::取二次特征主信息	取二次特征主信息	二次特征类.cpp:280	2	按函数名执行对应处理。		二次特征类.cpp:274;二次特征类.cpp:280
yes	二次特征类::读取离散值_直接	读取离散值_直接	二次特征类.cpp:490	2	读取二次特征离散值，不创建或修改节点。		二次特征类.cpp:490;自我线程模块.impl.cpp:14333
yes	二次特征类::创建语素入口概念模板主信息_直接	创建语素入口概念模板主信息_直接	二次特征类.cpp:510	2	创建语素入口对应的二次特征概念模板主信息。		二次特征类.cpp:510;基础信息类.cpp:306
yes	二次特征类::主信息引用概念入口_直接	主信息引用概念入口_直接	二次特征类.cpp:524	2	判断二次特征主信息是否引用指定概念入口。		二次特征类.cpp:524;基础信息类.cpp:334
yes	同步任务管理线程补充特征语义槽	同步任务管理线程补充特征语义槽	任务模块.工作线程消息协议.ixx:330	2	同步线程、任务、场景或对象之间的状态。		任务模块.工作线程消息协议.ixx:330;任务模块.工作线程消息协议.ixx:353
yes	任务管理结果状态文本	任务管理结果状态文本	任务模块.工作线程消息协议.ixx:436	2	按函数名执行对应处理。		任务模块.工作线程消息协议.ixx:436;任务模块.工作线程消息协议.ixx:700
yes	任务管理线程运行状态文本	任务管理线程运行状态文本	任务模块.工作线程消息协议.ixx:452	2	执行对应模块、线程或方法的运行逻辑。		任务模块.工作线程消息协议.ixx:452;任务模块.工作线程消息协议.ixx:604
yes	任务管理线程结束状态文本	任务管理线程结束状态文本	任务模块.工作线程消息协议.ixx:469	2	按函数名执行对应处理。		任务模块.工作线程消息协议.ixx:469;任务模块.工作线程消息协议.ixx:609
yes	任务管理控制意图值文本	任务管理控制意图值文本	任务模块.工作线程消息协议.ixx:485	2	按函数名执行对应处理。		任务模块.工作线程消息协议.ixx:485;任务模块.工作线程消息协议.ixx:616
yes	任务管理控制响应状态文本	任务管理控制响应状态文本	任务模块.工作线程消息协议.ixx:504	2	按函数名执行对应处理。		任务模块.工作线程消息协议.ixx:504;任务模块.工作线程消息协议.ixx:617
yes	任务管理派生需求类型文本	任务管理派生需求类型文本	任务模块.工作线程消息协议.ixx:520	2	按函数名执行对应处理。		任务模块.工作线程消息协议.ixx:520;任务模块.工作线程消息协议.ixx:629
yes	任务管理因果路径生成类型文本	任务管理因果路径生成类型文本	任务模块.工作线程消息协议.ixx:539	2	根据当前输入生成目标数据、场景、动态或回执。		任务模块.工作线程消息协议.ixx:539;任务模块.工作线程消息协议.ixx:659
yes	任务管理阻塞级别文本	任务管理阻塞级别文本	任务模块.工作线程消息协议.ixx:557	2	按函数名执行对应处理。		任务模块.工作线程消息协议.ixx:557;任务模块.工作线程消息协议.ixx:630
yes	构造任务管理线程状态消息文本	构造任务管理线程状态消息文本	任务模块.工作线程消息协议.ixx:599	2	按函数名执行对应处理。		任务模块.工作线程消息协议.ixx:599;自我线程模块.消息协议.ixx:1444
yes	构造任务管理结果状态消息文本	构造任务管理结果状态消息文本	任务模块.工作线程消息协议.ixx:695	2	按函数名执行对应处理。		任务模块.工作线程消息协议.ixx:695;自我线程模块.消息协议.ixx:1599
yes	构造任务管理执行前许可请求文本	构造任务管理执行前许可请求文本	任务模块.工作线程消息协议.ixx:758	2	执行任务、方法或动作的主体逻辑。		任务模块.工作线程消息协议.ixx:758;自我线程模块.消息协议.ixx:1739
yes	取消全部	取消全部	任务模块.执行.ixx:1052	2	按函数名执行对应处理。		任务模块.执行.ixx:1052;任务模块.执行.ixx:1380
yes	私有_方法动作名_执行桥_最小_v0	私有_方法动作名_执行桥_最小_v0	任务模块.执行.ixx:110	2	执行任务、方法或动作的主体逻辑。		任务模块.执行.ixx:110;任务模块.执行.ixx:150
yes	私有_创建方法调用动作动态_执行桥_最小_v0	私有_创建方法调用动作动态_执行桥_最小_v0	任务模块.执行.ixx:119	2	创建并返回或登记对应对象。		任务模块.执行.ixx:119;任务模块.执行.ixx:1341
yes	私有_同步任务执行记录_最小_v0	私有_同步任务执行记录_最小_v0	任务模块.执行.ixx:1402	2	同步线程、任务、场景或对象之间的状态。		任务模块.执行.ixx:1402;任务模块.执行.ixx:1509
yes	私有_取任务执行方法_最小_v0	私有_取任务执行方法_最小_v0	任务模块.执行.ixx:1421	2	执行任务、方法或动作的主体逻辑。		任务模块.执行.ixx:1421;任务模块.执行.ixx:1527
yes	私有_按方法运行结果推导任务状态_最小_v0	私有_按方法运行结果推导任务状态_最小_v0	任务模块.执行.ixx:1438	2	执行对应模块、线程或方法的运行逻辑。		任务模块.执行.ixx:1438;任务模块.执行.ixx:1586
yes	私有_归一到任务头_执行桥_最小_v0	私有_归一到任务头_执行桥_最小_v0	任务模块.执行.ixx:183	2	执行任务、方法或动作的主体逻辑。		任务模块.执行.ixx:183;任务模块.执行.ixx:1472
yes	私有_方法自我能力值_执行桥_最小_v0	私有_方法自我能力值_执行桥_最小_v0	任务模块.执行.ixx:196	2	执行任务、方法或动作的主体逻辑。		任务模块.执行.ixx:196;任务模块.执行.ixx:209
yes	私有_方法匹配自我能力值_执行桥_最小_v0	私有_方法匹配自我能力值_执行桥_最小_v0	任务模块.执行.ixx:204	2	执行任务、方法或动作的主体逻辑。		任务模块.执行.ixx:204;任务模块.执行.ixx:225
yes	私有_方法匹配自我能力值_执行桥_最小_v0	私有_方法匹配自我能力值_执行桥_最小_v0	任务模块.执行.ixx:225	2	执行任务、方法或动作的主体逻辑。		任务模块.执行.ixx:204;任务模块.执行.ixx:225
yes	私有_方法最近连续成功次数特征类型_执行桥_最小_v0	私有_方法最近连续成功次数特征类型_执行桥_最小_v0	任务模块.执行.ixx:262	2	执行任务、方法或动作的主体逻辑。		任务模块.执行.ixx:262;任务模块.筹办.ixx:2568
yes	私有_方法条件特征类型数量_执行桥_最小_v0	私有_方法条件特征类型数量_执行桥_最小_v0	任务模块.执行.ixx:276	2	执行任务、方法或动作的主体逻辑。		任务模块.执行.ixx:276;任务模块.执行.ixx:299
yes	私有_方法必需条件特征类型数量_执行桥_最小_v0	私有_方法必需条件特征类型数量_执行桥_最小_v0	任务模块.执行.ixx:283	2	执行任务、方法或动作的主体逻辑。		任务模块.执行.ixx:283;任务模块.执行.ixx:303
yes	私有_方法条件类型描述为无输入_执行桥_最小_v0	私有_方法条件类型描述为无输入_执行桥_最小_v0	任务模块.执行.ixx:290	2	执行任务、方法或动作的主体逻辑。		任务模块.执行.ixx:290;任务模块.执行.ixx:1259
yes	私有_构造动作验证报告占位_执行桥_最小_v0	私有_构造动作验证报告占位_执行桥_最小_v0	任务模块.执行.ixx:371	2	执行任务、方法或动作的主体逻辑。		任务模块.执行.ixx:371;任务模块.执行.ixx:406
yes	私有_方法当前可用_执行桥_最小_v0	私有_方法当前可用_执行桥_最小_v0	任务模块.执行.ixx:551	2	执行任务、方法或动作的主体逻辑。		任务模块.执行.ixx:551;任务模块.执行.ixx:1236
yes	私有_执行输出特征_派生需求_执行桥_最小_v0	私有_执行输出特征_派生需求_执行桥_最小_v0	任务模块.执行.ixx:632	2	执行任务、方法或动作的主体逻辑。		任务模块.执行.ixx:632;任务模块.执行.ixx:703
yes	私有_方法调用动作动态特征类型_执行桥_最小_v0	私有_方法调用动作动态特征类型_执行桥_最小_v0	任务模块.执行.ixx:80	2	执行任务、方法或动作的主体逻辑。		任务模块.执行.ixx:80;任务模块.执行.ixx:138
yes	私有_填充参数配对缺口执行结果_执行桥_最小_v0	私有_填充参数配对缺口执行结果_执行桥_最小_v0	任务模块.执行.ixx:807	2	执行任务、方法或动作的主体逻辑。		任务模块.执行.ixx:807;任务模块.筹办.ixx:5207
yes	私有_填充方法运行账不足执行结果_执行桥_最小_v0	私有_填充方法运行账不足执行结果_执行桥_最小_v0	任务模块.执行.ixx:832	2	执行对应模块、线程或方法的运行逻辑。		任务模块.执行.ixx:832;任务模块.筹办.ixx:5226
yes	私有_填充方法结果不稳定执行结果_执行桥_最小_v0	私有_填充方法结果不稳定执行结果_执行桥_最小_v0	任务模块.执行.ixx:852	2	执行任务、方法或动作的主体逻辑。		任务模块.执行.ixx:852;任务模块.筹办.ixx:5229
yes	私有_可执行输入参数场景特征_执行桥_最小_v0	私有_可执行输入参数场景特征_执行桥_最小_v0	任务模块.执行.ixx:87	2	执行任务、方法或动作的主体逻辑。		任务模块.执行.ixx:87;任务模块.执行.ixx:102
yes	私有_读取任务可执行输入参数场景_执行桥_最小_v0	私有_读取任务可执行输入参数场景_执行桥_最小_v0	任务模块.执行.ixx:94	2	从指定来源读取数据或状态。		任务模块.执行.ixx:94;任务模块.执行.ixx:1496
yes	私有_记录方法执行条件结果节点_执行桥_最小_v0	私有_记录方法执行条件结果节点_执行桥_最小_v0	任务模块.执行.ixx:972	2	记录日志、动态、证据或运行痕迹。		任务模块.执行.ixx:972;任务模块.执行.ixx:1349
yes	父需求继续策略允许继续_筹办	父需求继续策略允许继续_筹办	任务模块.筹办.ixx:1018	2	判断父需求在派生需求形成后是否仍可继续推进。		任务模块.筹办.ixx:1018;任务模块.筹办.ixx:1770
yes	父需求继续策略文本_筹办日志	父需求继续策略文本_筹办日志	任务模块.筹办.ixx:1024	2	把父需求继续策略渲染为日志文本。		任务模块.筹办.ixx:1024;任务模块.筹办.ixx:1822
yes	路径总数	路径总数	任务模块.筹办.ixx:1080	2	按函数名执行对应处理。		任务模块.筹办.ixx:1080;任务模块.筹办.ixx:1730
yes	推导临时因果根分区_筹办查询	推导临时因果根分区_筹办查询	任务模块.筹办.ixx:1093	2	推进任务筹办，形成候选、缺口或就绪回执。		任务模块.筹办.ixx:1093;任务模块.筹办.ixx:1976
yes	解析特征引用_筹办查询	解析特征引用_筹办查询	任务模块.筹办.ixx:1178	2	解析输入文本、消息、场景或运行包。		任务模块.筹办.ixx:1178;任务模块.筹办.ixx:1400
yes	转换因果路径生成类型_筹办查询	转换因果路径生成类型_筹办查询	任务模块.筹办.ixx:1191	2	根据当前输入生成目标数据、场景、动态或回执。		任务模块.筹办.ixx:1191;任务模块.筹办.ixx:1294
yes	转换派生需求类型_筹办查询	转换派生需求类型_筹办查询	任务模块.筹办.ixx:1216	2	把输入数据转换为目标类型、语义或结构。		任务模块.筹办.ixx:1216;任务模块.筹办.ixx:1293
yes	转换阻塞级别_筹办查询	转换阻塞级别_筹办查询	任务模块.筹办.ixx:1239	2	把输入数据转换为目标类型、语义或结构。		任务模块.筹办.ixx:1239;任务模块.筹办.ixx:1295
yes	派生消息字段完整_筹办查询	派生消息字段完整_筹办查询	任务模块.筹办.ixx:1260	2	推进任务筹办，形成候选、缺口或就绪回执。		任务模块.筹办.ixx:1260;任务模块.筹办.ixx:1891
yes	构造正式派生需求消息草案_筹办查询	构造正式派生需求消息草案_筹办查询	任务模块.筹办.ixx:1279	2	推进任务筹办，形成候选、缺口或就绪回执。		任务模块.筹办.ixx:1279;任务模块.筹办.ixx:1885
yes	因果证据足够_筹办查询	因果证据足够_筹办查询	任务模块.筹办.ixx:1327	2	推进任务筹办，形成候选、缺口或就绪回执。		任务模块.筹办.ixx:1327;任务模块.筹办.ixx:1662
yes	目标化条件目标状态路径项_筹办查询	目标化条件目标状态路径项_筹办查询	任务模块.筹办.ixx:1386	2	比较当前值、目标值或历史基准。		任务模块.筹办.ixx:1386;任务模块.筹办.ixx:1510
yes	因果条件缺口重复来源需求目标_筹办查询	因果条件缺口重复来源需求目标_筹办查询	任务模块.筹办.ixx:1446	2	判断因果条件缺口是否重复当前来源需求目标族。		任务模块.筹办.ixx:1446;任务模块.筹办.ixx:1527
yes	吸收因果方法就绪缺口_筹办查询	吸收因果方法就绪缺口_筹办查询	任务模块.筹办.ixx:1565	2	推进任务筹办，形成候选、缺口或就绪回执。		任务模块.筹办.ixx:1565;任务模块.筹办.ixx:1681
yes	吸收促成因果到临时视图_筹办查询	吸收促成因果到临时视图_筹办查询	任务模块.筹办.ixx:1674	2	推进任务筹办，形成候选、缺口或就绪回执。		任务模块.筹办.ixx:1674;任务模块.筹办.ixx:2026
yes	吸收避免因果到临时视图_筹办查询	吸收避免因果到临时视图_筹办查询	任务模块.筹办.ixx:1686	2	推进任务筹办，形成候选、缺口或就绪回执。		任务模块.筹办.ixx:1686;任务模块.筹办.ixx:2032
yes	确保临时视图学习缺口_筹办查询	确保临时视图学习缺口_筹办查询	任务模块.筹办.ixx:1725	2	确保目标结构、状态或前置条件存在并可用。		任务模块.筹办.ixx:1725;任务模块.筹办.ixx:2050
yes	记录临时因果视图统计_筹办查询	记录临时因果视图统计_筹办查询	任务模块.筹办.ixx:1798	2	记录日志、动态、证据或运行痕迹。		任务模块.筹办.ixx:1798;任务模块.筹办.ixx:2079
yes	是泛化学习信息补齐派生消息	是泛化学习信息补齐派生消息	任务模块.筹办.ixx:194	2	补齐条件、参数、证据或方法能力缺口。		任务模块.筹办.ixx:194;任务模块.筹办.ixx:223
yes	丢弃已绑定方法时的泛化学习缺口	丢弃已绑定方法时的泛化学习缺口	任务模块.筹办.ixx:208	2	建立对象、任务、方法或因果之间的绑定关系。		任务模块.筹办.ixx:208;任务模块.筹办.ixx:5743
yes	尝试准备因果路径筹办入口壳	尝试准备因果路径筹办入口壳	任务模块.筹办.ixx:2128	2	推进任务筹办，形成候选、缺口或就绪回执。		任务模块.筹办.ixx:2128;任务模块.筹办.ixx:2214
yes	筹办_按因果反推必要状态	筹办_按因果反推必要状态	任务模块.筹办.ixx:2208	2	推进任务筹办，形成候选、缺口或就绪回执。		任务模块.筹办.ixx:2208;任务模块.筹办.ixx:5604
yes	特征_安全值_筹办	特征_安全值_筹办	任务模块.筹办.ixx:2302	2	推进任务筹办，形成候选、缺口或就绪回执。		任务模块.筹办.ixx:2302;任务模块.筹办.ixx:2319
yes	特征_服务值_筹办	特征_服务值_筹办	任务模块.筹办.ixx:2309	2	推进任务筹办，形成候选、缺口或就绪回执。		任务模块.筹办.ixx:2309;任务模块.筹办.ixx:2320
yes	方法是运行时空占位方法头	方法是运行时空占位方法头	任务模块.筹办.ixx:2324	2	执行对应模块、线程或方法的运行逻辑。		任务模块.筹办.ixx:2324;任务模块.筹办.ixx:2343
yes	任务应跳过价值目标空占位方法	任务应跳过价值目标空占位方法	任务模块.筹办.ixx:2339	2	按函数名执行对应处理。		任务模块.筹办.ixx:2339;任务模块.筹办.ixx:3570
yes	结算叶子任务价值前提具备_筹办	结算叶子任务价值前提具备_筹办	任务模块.筹办.ixx:2347	2	推进任务筹办，形成候选、缺口或就绪回执。		任务模块.筹办.ixx:2347;任务模块.筹办.ixx:2930
yes	本能方法ID可作为练习目标_筹办	本能方法ID可作为练习目标_筹办	任务模块.筹办.ixx:2427	2	推进任务筹办，形成候选、缺口或就绪回执。		任务模块.筹办.ixx:2427;任务模块.筹办.ixx:2525
yes	方法可作为练习目标_筹办	方法可作为练习目标_筹办	任务模块.筹办.ixx:2523	2	推进任务筹办，形成候选、缺口或就绪回执。		任务模块.筹办.ixx:2523;任务模块.筹办.ixx:4831
yes	方法动作状态已提交	方法动作状态已提交	任务模块.筹办.ixx:2529	2	提交事实、动态、任务状态或运行回执。		任务模块.筹办.ixx:2529;任务模块.筹办.ixx:2549
yes	方法结果项I64目标值	方法结果项I64目标值	任务模块.筹办.ixx:2668	2	按函数名执行对应处理。		任务模块.筹办.ixx:2668;任务模块.筹办.ixx:2838
yes	方法结果项方向适配需求	方法结果项方向适配需求	任务模块.筹办.ixx:2765	2	适配外部接口、模块协议或调用结果。		任务模块.筹办.ixx:2765;任务模块.筹办.ixx:2803
yes	特征_筹办_观察质量改善路径验证状态	特征_筹办_观察质量改善路径验证状态	任务模块.筹办.ixx:278	2	推进任务筹办，形成候选、缺口或就绪回执。		任务模块.筹办.ixx:278;任务模块.筹办.ixx:1771
yes	方法结果能力命中精度	方法结果能力命中精度	任务模块.筹办.ixx:2855	2	按函数名执行对应处理。		任务模块.筹办.ixx:2855;任务模块.筹办.ixx:2944
yes	方法候选评分	方法候选评分	任务模块.筹办.ixx:2902	2	按函数名执行对应处理。		任务模块.筹办.ixx:2902;任务模块.筹办.ixx:3039
yes	从筹办候选集中选择当前方法	从筹办候选集中选择当前方法	任务模块.筹办.ixx:3011	2	从候选集中选择当前使用对象或方法。		任务模块.筹办.ixx:3011;任务模块.筹办.ixx:5117
yes	特征_安全因果搜索时间窗口_筹办	特征_安全因果搜索时间窗口_筹办	任务模块.筹办.ixx:3193	2	在候选范围内搜索目标对象或路径。		任务模块.筹办.ixx:3193;任务模块.筹办.ixx:4362
yes	特征_安全因果因素证据搜索状态_筹办	特征_安全因果因素证据搜索状态_筹办	任务模块.筹办.ixx:3200	2	在候选范围内搜索目标对象或路径。		任务模块.筹办.ixx:3200;任务模块.筹办.ixx:4400
yes	特征_安全因果因素搜索范围完整状态_筹办	特征_安全因果因素搜索范围完整状态_筹办	任务模块.筹办.ixx:3207	2	在候选范围内搜索目标对象或路径。		任务模块.筹办.ixx:3207;任务模块.筹办.ixx:4363
yes	特征_安全因果因素负向证据数量_筹办	特征_安全因果因素负向证据数量_筹办	任务模块.筹办.ixx:3214	2	推进任务筹办，形成候选、缺口或就绪回执。		任务模块.筹办.ixx:3214;任务模块.筹办.ixx:4364
yes	特征_安全因果因素正向证据数量_筹办	特征_安全因果因素正向证据数量_筹办	任务模块.筹办.ixx:3221	2	推进任务筹办，形成候选、缺口或就绪回执。		任务模块.筹办.ixx:3221;任务模块.筹办.ixx:4365
yes	特征_安全因果因素稳定性证据数量_筹办	特征_安全因果因素稳定性证据数量_筹办	任务模块.筹办.ixx:3228	2	推进任务筹办，形成候选、缺口或就绪回执。		任务模块.筹办.ixx:3228;任务模块.筹办.ixx:4366
yes	特征_安全因果因素归因证据数量_筹办	特征_安全因果因素归因证据数量_筹办	任务模块.筹办.ixx:3235	2	推进任务筹办，形成候选、缺口或就绪回执。		任务模块.筹办.ixx:3235;任务模块.筹办.ixx:4367
yes	特征_安全因果因素材料缺失数量_筹办	特征_安全因果因素材料缺失数量_筹办	任务模块.筹办.ixx:3242	2	推进任务筹办，形成候选、缺口或就绪回执。		任务模块.筹办.ixx:3242;任务模块.筹办.ixx:4368
yes	特征_安全因果因素冲突数量_筹办	特征_安全因果因素冲突数量_筹办	任务模块.筹办.ixx:3249	2	推进任务筹办，形成候选、缺口或就绪回执。		任务模块.筹办.ixx:3249;任务模块.筹办.ixx:4369
yes	特征_安全因果因素搜索置信度_筹办	特征_安全因果因素搜索置信度_筹办	任务模块.筹办.ixx:3256	2	在候选范围内搜索目标对象或路径。		任务模块.筹办.ixx:3256;任务模块.筹办.ixx:4370
yes	特征_安全因果因素评估值候选_筹办	特征_安全因果因素评估值候选_筹办	任务模块.筹办.ixx:3263	2	评估状态、风险、质量、权重或完成度。		任务模块.筹办.ixx:3263;任务模块.筹办.ixx:4371
yes	特征_任务参数包_筹办	特征_任务参数包_筹办	任务模块.筹办.ixx:3319	2	推进任务筹办，形成候选、缺口或就绪回执。		任务模块.筹办.ixx:3319;任务模块.筹办.ixx:3968
yes	特征_现实场景包_筹办	特征_现实场景包_筹办	任务模块.筹办.ixx:3326	2	推进任务筹办，形成候选、缺口或就绪回执。		任务模块.筹办.ixx:3326;任务模块.筹办.ixx:3968
yes	特征_形参表_筹办	特征_形参表_筹办	任务模块.筹办.ixx:3333	2	推进任务筹办，形成候选、缺口或就绪回执。		任务模块.筹办.ixx:3333;任务模块.筹办.ixx:4029
yes	特征_是否必需_筹办	特征_是否必需_筹办	任务模块.筹办.ixx:3340	2	推进任务筹办，形成候选、缺口或就绪回执。		任务模块.筹办.ixx:3340;任务模块.筹办.ixx:3985
yes	特征_参数值类型_筹办	特征_参数值类型_筹办	任务模块.筹办.ixx:3347	2	推进任务筹办，形成候选、缺口或就绪回执。		任务模块.筹办.ixx:3347;任务模块.筹办.ixx:3997
yes	值类型_I64_筹办	值类型_I64_筹办	任务模块.筹办.ixx:3354	2	推进任务筹办，形成候选、缺口或就绪回执。		任务模块.筹办.ixx:3354;任务模块.筹办.ixx:4009
yes	值类型_类型I64_筹办	值类型_类型I64_筹办	任务模块.筹办.ixx:3361	2	推进任务筹办，形成候选、缺口或就绪回执。		任务模块.筹办.ixx:3361;任务模块.筹办.ixx:4010
yes	值类型_场景指针_筹办	值类型_场景指针_筹办	任务模块.筹办.ixx:3368	2	推进任务筹办，形成候选、缺口或就绪回执。		任务模块.筹办.ixx:3368;任务模块.筹办.ixx:4017
yes	值类型_特征类型指针_筹办	值类型_特征类型指针_筹办	任务模块.筹办.ixx:3375	2	推进任务筹办，形成候选、缺口或就绪回执。		任务模块.筹办.ixx:3375;任务模块.筹办.ixx:4018
yes	方法结果项命中目标特征	方法结果项命中目标特征	任务模块.筹办.ixx:3494	2	按函数名执行对应处理。		任务模块.筹办.ixx:2756;任务模块.筹办.ixx:3494
yes	填充候选集_按结果能力	填充候选集_按结果能力	任务模块.筹办.ixx:3609	2	按函数名执行对应处理。		任务模块.筹办.ixx:3609;任务模块.筹办.ixx:3739
yes	写入方法候选引用	写入方法候选引用	任务模块.筹办.ixx:362	2	把处理结果写入指定对象、场景或日志。		任务模块.筹办.ixx:362;任务模块.筹办.ixx:5698
yes	填充任务方法候选集	填充任务方法候选集	任务模块.筹办.ixx:3714	2	按函数名执行对应处理。		任务模块.筹办.ixx:3714;任务模块.筹办.ixx:5106
yes	方法结果能力需要目标执行值	方法结果能力需要目标执行值	任务模块.筹办.ixx:3829	2	执行任务、方法或动作的主体逻辑。		任务模块.筹办.ixx:3829;任务模块.筹办.ixx:4919
yes	写入任务节点引用	写入任务节点引用	任务模块.筹办.ixx:383	2	把处理结果写入指定对象、场景或日志。		任务模块.筹办.ixx:383;任务模块.筹办.ixx:5429
yes	评分_特征_输入条件包_筹办	评分_特征_输入条件包_筹办	任务模块.筹办.ixx:3856	2	推进任务筹办，形成候选、缺口或就绪回执。		任务模块.筹办.ixx:3856;任务模块.筹办.ixx:3878
yes	评分_特征_目标方法头节点_筹办	评分_特征_目标方法头节点_筹办	任务模块.筹办.ixx:3863	2	推进任务筹办，形成候选、缺口或就绪回执。		任务模块.筹办.ixx:3863;任务模块.筹办.ixx:3883
yes	写入需求节点引用	写入需求节点引用	任务模块.筹办.ixx:390	2	把处理结果写入指定对象、场景或日志。		任务模块.筹办.ixx:390;任务模块.筹办.ixx:5482
yes	参数值类型为指针_筹办	参数值类型为指针_筹办	任务模块.筹办.ixx:4014	2	推进任务筹办，形成候选、缺口或就绪回执。		任务模块.筹办.ixx:4014;任务模块.筹办.ixx:4710
yes	检查候选方法必需实参	检查候选方法必需实参	任务模块.筹办.ixx:4033	2	检查状态、条件、缺口或运行约束。		任务模块.筹办.ixx:4033;任务模块.筹办.ixx:4790
yes	写入场景节点引用	写入场景节点引用	任务模块.筹办.ixx:404	2	把处理结果写入指定对象、场景或日志。		任务模块.筹办.ixx:404;任务模块.筹办.ixx:4998
yes	练习目标形参可由练习自动生成_筹办	练习目标形参可由练习自动生成_筹办	任务模块.筹办.ixx:4082	2	根据当前输入生成目标数据、场景、动态或回执。		任务模块.筹办.ixx:4082;任务模块.筹办.ixx:4131
yes	检查练习目标方法必需实参_筹办	检查练习目标方法必需实参_筹办	任务模块.筹办.ixx:4090	2	检查状态、条件、缺口或运行约束。		任务模块.筹办.ixx:4090;任务模块.筹办.ixx:4840
yes	归一到任务头结点	归一到任务头结点	任务模块.筹办.ixx:411	2	按函数名执行对应处理。		任务模块.筹办.ixx:411;任务模块.筹办.ixx:5427
yes	从目标宿主复制I64实参_筹办	从目标宿主复制I64实参_筹办	任务模块.筹办.ixx:4206	2	推进任务筹办，形成候选、缺口或就绪回执。		任务模块.筹办.ixx:4206;任务模块.筹办.ixx:4354
yes	补齐外设观察报告ID输入参数_筹办	补齐外设观察报告ID输入参数_筹办	任务模块.筹办.ixx:4224	2	推进任务筹办，形成候选、缺口或就绪回执。		任务模块.筹办.ixx:4224;任务模块.筹办.ixx:4646
yes	解析因果信息节点_筹办	解析因果信息节点_筹办	任务模块.筹办.ixx:4283	2	解析输入文本、消息、场景或运行包。		任务模块.筹办.ixx:4283;任务模块.筹办.ixx:4308
yes	安全因果搜索输入已绑定I64_筹办	安全因果搜索输入已绑定I64_筹办	任务模块.筹办.ixx:4317	2	在候选范围内搜索目标对象或路径。		任务模块.筹办.ixx:4317;任务模块.筹办.ixx:4391
yes	补齐安全因果搜索输入参数_筹办	补齐安全因果搜索输入参数_筹办	任务模块.筹办.ixx:4338	2	在候选范围内搜索目标对象或路径。		任务模块.筹办.ixx:4338;任务模块.筹办.ixx:4638
yes	通用绑定候选方法输入参数_筹办	通用绑定候选方法输入参数_筹办	任务模块.筹办.ixx:4471	2	建立对象、任务、方法或因果之间的绑定关系。		任务模块.筹办.ixx:4471;任务模块.筹办.ixx:4963
yes	状态节点目标特征类型	状态节点目标特征类型	任务模块.筹办.ixx:454	2	按函数名执行对应处理。		任务模块.筹办.ixx:454;任务模块.筹办.ixx:1401
yes	需求目标方向编码	需求目标方向编码	任务模块.筹办.ixx:488	2	按函数名执行对应处理。		任务模块.筹办.ixx:488;任务模块.筹办.ixx:2786
yes	尝试构造候选方法输入参数场景	尝试构造候选方法输入参数场景	任务模块.筹办.ixx:4891	2	按函数名执行对应处理。		任务模块.筹办.ixx:4891;任务模块.筹办.ixx:5874
yes	解析任务目标方法	解析任务目标方法	任务模块.筹办.ixx:5086	2	解析输入文本、消息、场景或运行包。		任务模块.筹办.ixx:5086;任务模块.筹办.ixx:5652
yes	筹办缺口特征类型	筹办缺口特征类型	任务模块.筹办.ixx:5144	2	推进任务筹办，形成候选、缺口或就绪回执。		任务模块.筹办.ixx:5144;任务模块.筹办.ixx:5247
yes	特征_OR组结算令牌状态_筹办	特征_OR组结算令牌状态_筹办	任务模块.筹办.ixx:521	2	推进任务筹办，形成候选、缺口或就绪回执。		任务模块.筹办.ixx:521;任务模块.筹办.ixx:5867
yes	返回方法状态可用性缺口	返回方法状态可用性缺口	任务模块.筹办.ixx:5296	2	按函数名执行对应处理。		任务模块.筹办.ixx:5296;任务模块.筹办.ixx:5817
yes	需求目标语义视图_筹办	需求目标语义视图_筹办	任务模块.筹办.ixx:531	2	推进任务筹办，形成候选、缺口或就绪回执。		任务模块.筹办.ixx:531;任务模块.筹办.ixx:5543
yes	候选方法不可就绪状况	候选方法不可就绪状况	任务模块.筹办.ixx:5367	2	按函数名执行对应处理。		任务模块.筹办.ixx:5367;任务模块.筹办.ixx:5784
yes	筹办任务	筹办任务	任务模块.筹办.ixx:5414	2	推进任务筹办，形成候选、缺口或就绪回执。		任务模块.筹办.ixx:5414;任务模块.管理工作线程.ixx:350
yes	维护安全因果风险树常驻任务	维护安全因果风险树常驻任务	任务模块.筹办.ixx:5930	2	按函数名执行对应处理。		任务模块.筹办.ixx:146;任务模块.筹办.ixx:5930
yes	生成安全因果风险树缺口派生需求消息集	生成安全因果风险树缺口派生需求消息集	任务模块.筹办.ixx:5954	2	根据当前输入生成目标数据、场景、动态或回执。		任务模块.筹办.ixx:150;任务模块.筹办.ixx:5954
yes	返回目标语义非普通筹办等待	返回目标语义非普通筹办等待	任务模块.筹办.ixx:659	2	等待线程、任务、外设或条件变化。		任务模块.筹办.ixx:659;任务模块.筹办.ixx:5544
yes	满足来源文本_筹办	满足来源文本_筹办	任务模块.筹办.ixx:849	2	推进任务筹办，形成候选、缺口或就绪回执。		任务模块.筹办.ixx:849;任务模块.筹办.ixx:937
yes	记录需求满足项追踪_筹办	记录需求满足项追踪_筹办	任务模块.筹办.ixx:866	2	记录日志、动态、证据或运行痕迹。		任务模块.筹办.ixx:866;任务模块.筹办.ixx:5488
yes	存在活动直接子需求	存在活动直接子需求	任务模块.筹办.ixx:972	2	按函数名执行对应处理。		任务模块.筹办.ixx:972;任务模块.筹办.ixx:5505
yes	私有_执行输出特征_派生需求	私有_执行输出特征_派生需求	任务模块.管理工作线程.ixx:1048	2	执行任务、方法或动作的主体逻辑。		任务模块.管理工作线程.ixx:1048;任务模块.管理工作线程.ixx:1539
yes	私有_执行输出特征_失败原因	私有_执行输出特征_失败原因	任务模块.管理工作线程.ixx:1055	2	执行任务、方法或动作的主体逻辑。		任务模块.管理工作线程.ixx:1055;任务模块.管理工作线程.ixx:1552
yes	私有_外设内部材料字段词_工作线程	私有_外设内部材料字段词_工作线程	任务模块.管理工作线程.ixx:1111	2	服务所在模块的内部辅助流程。		任务模块.管理工作线程.ixx:1111;任务模块.管理工作线程.ixx:1152
yes	私有_记录执行目标状态读取	私有_记录执行目标状态读取	任务模块.管理工作线程.ixx:1452	2	从指定来源读取数据或状态。		任务模块.管理工作线程.ixx:1452;任务模块.管理工作线程.ixx:2149
yes	私有_记录执行目标状态比较	私有_记录执行目标状态比较	任务模块.管理工作线程.ixx:1494	2	记录日志、动态、证据或运行痕迹。		任务模块.管理工作线程.ixx:1494;任务模块.管理工作线程.ixx:2216
yes	私有_任务目标特征类型	私有_任务目标特征类型	任务模块.管理工作线程.ixx:1641	2	服务所在模块的内部辅助流程。		任务模块.管理工作线程.ixx:1641;任务模块.管理工作线程.ixx:1973
yes	私有_状态主体同一_工作线程	私有_状态主体同一_工作线程	任务模块.管理工作线程.ixx:1680	2	服务所在模块的内部辅助流程。		任务模块.管理工作线程.ixx:1680;任务模块.管理工作线程.ixx:1705
yes	私有_状态目标同一_工作线程	私有_状态目标同一_工作线程	任务模块.管理工作线程.ixx:1698	2	服务所在模块的内部辅助流程。		任务模块.管理工作线程.ixx:1698;任务模块.管理工作线程.ixx:3092
yes	私有_任务推进状况是学习承接缺口	私有_任务推进状况是学习承接缺口	任务模块.管理工作线程.ixx:1795	2	服务所在模块的内部辅助流程。		任务模块.管理工作线程.ixx:1795;任务模块.管理工作线程.ixx:3111
yes	私有_任务根节点取任务	私有_任务根节点取任务	任务模块.管理工作线程.ixx:184	2	服务所在模块的内部辅助流程。		任务模块.管理工作线程.ixx:184;任务模块.管理工作线程.ixx:2787
yes	私有_任务根节点取管理对象任务	私有_任务根节点取管理对象任务	任务模块.管理工作线程.ixx:196	2	服务所在模块的内部辅助流程。		任务模块.管理工作线程.ixx:196;任务模块.管理工作线程.ixx:3643
yes	私有_写入任务节点引用	私有_写入任务节点引用	任务模块.管理工作线程.ixx:204	2	把处理结果写入指定对象、场景或日志。		任务模块.管理工作线程.ixx:204;任务模块.管理工作线程.ixx:1965
yes	私有_写入方法节点引用	私有_写入方法节点引用	任务模块.管理工作线程.ixx:222	2	把处理结果写入指定对象、场景或日志。		任务模块.管理工作线程.ixx:222;任务模块.管理工作线程.ixx:1972
yes	私有_派生需求来源方法头	私有_派生需求来源方法头	任务模块.管理工作线程.ixx:2421	2	服务所在模块的内部辅助流程。		任务模块.管理工作线程.ixx:2421;任务模块.管理工作线程.ixx:2506
yes	私有_提示执行桥派生需求逻辑错误	私有_提示执行桥派生需求逻辑错误	任务模块.管理工作线程.ixx:2438	2	执行任务、方法或动作的主体逻辑。		任务模块.管理工作线程.ixx:2438;任务模块.管理工作线程.ixx:2654
yes	私有_特征_目标方法头节点	私有_特征_目标方法头节点	任务模块.管理工作线程.ixx:255	2	服务所在模块的内部辅助流程。		任务模块.管理工作线程.ixx:255;任务模块.管理界面线程.impl.cpp:1127
yes	私有_构造结果状态上行消息	私有_构造结果状态上行消息	任务模块.管理工作线程.ixx:2666	2	服务所在模块的内部辅助流程。		任务模块.管理工作线程.ixx:2666;任务模块.管理工作线程.ixx:3325
yes	私有_工作线程执行当前任务方法	私有_工作线程执行当前任务方法	任务模块.管理工作线程.ixx:2777	2	执行任务、方法或动作的主体逻辑。		任务模块.管理工作线程.ixx:2777;任务模块.管理工作线程.ixx:3632
yes	私有_值_执行缺口_当前方法执行失败	私有_值_执行缺口_当前方法执行失败	任务模块.管理工作线程.ixx:294	2	执行任务、方法或动作的主体逻辑。		任务模块.管理工作线程.ixx:294;任务模块.管理工作线程.ixx:302
yes	私有_刷新快照_已加锁	私有_刷新快照_已加锁	任务模块.管理工作线程.ixx:2964	2	服务所在模块的内部辅助流程。		任务模块.管理工作线程.ixx:2964;任务模块.管理工作线程.ixx:3794
yes	私有_值_执行缺口_方法运行回执未闭环	私有_值_执行缺口_方法运行回执未闭环	任务模块.管理工作线程.ixx:297	2	执行对应模块、线程或方法的运行逻辑。		任务模块.管理工作线程.ixx:297;任务模块.管理工作线程.ixx:2094
yes	私有_执行缺口表示动作失败	私有_执行缺口表示动作失败	任务模块.管理工作线程.ixx:300	2	执行任务、方法或动作的主体逻辑。		任务模块.管理工作线程.ixx:300;任务模块.管理工作线程.ixx:2064
yes	私有_补齐工作线程一步结果	私有_补齐工作线程一步结果	任务模块.管理工作线程.ixx:3015	2	补齐条件、参数、证据或方法能力缺口。		任务模块.管理工作线程.ixx:3015;任务模块.管理工作线程.ixx:3640
yes	私有_读基础节点I64特征	私有_读基础节点I64特征	任务模块.管理工作线程.ixx:316	2	服务所在模块的内部辅助流程。		任务模块.管理工作线程.ixx:316;任务模块.管理工作线程.ixx:1170
yes	私有_调用任务筹办普通函数	私有_调用任务筹办普通函数	任务模块.管理工作线程.ixx:333	2	推进任务筹办，形成候选、缺口或就绪回执。		任务模块.管理工作线程.ixx:333;任务模块.管理工作线程.ixx:2800
yes	私有_调用任务执行普通函数	私有_调用任务执行普通函数	任务模块.管理工作线程.ixx:354	2	执行任务、方法或动作的主体逻辑。		任务模块.管理工作线程.ixx:354;任务模块.管理工作线程.ixx:2939
yes	私有_从执行结果推导界面任务状态	私有_从执行结果推导界面任务状态	任务模块.管理工作线程.ixx:412	2	执行任务、方法或动作的主体逻辑。		任务模块.管理工作线程.ixx:412;任务模块.管理工作线程.ixx:584
yes	私有_任务推进阶段文本	私有_任务推进阶段文本	任务模块.管理工作线程.ixx:487	2	服务所在模块的内部辅助流程。		任务模块.管理工作线程.ixx:487;任务模块.管理工作线程.ixx:3001
yes	私有_任务推进回执目标失败	私有_任务推进回执目标失败	任务模块.管理工作线程.ixx:510	2	服务所在模块的内部辅助流程。		任务模块.管理工作线程.ixx:510;任务模块.管理工作线程.ixx:2687
yes	私有_任务推进回执是通用部分推进	私有_任务推进回执是通用部分推进	任务模块.管理工作线程.ixx:519	2	服务所在模块的内部辅助流程。		任务模块.管理工作线程.ixx:519;任务模块.管理工作线程.ixx:538
yes	私有_从任务推进回执推导界面任务状态	私有_从任务推进回执推导界面任务状态	任务模块.管理工作线程.ixx:532	2	服务所在模块的内部辅助流程。		任务模块.管理工作线程.ixx:532;任务模块.管理工作线程.ixx:3230
yes	私有_填充任务层回执到治理结果	私有_填充任务层回执到治理结果	任务模块.管理工作线程.ixx:589	2	服务所在模块的内部辅助流程。		任务模块.管理工作线程.ixx:589;任务模块.管理工作线程.ixx:3243
yes	私有_同步任务回执方法到任务虚拟存在	私有_同步任务回执方法到任务虚拟存在	任务模块.管理工作线程.ixx:627	2	同步线程、任务、场景或对象之间的状态。		任务模块.管理工作线程.ixx:627;任务模块.管理工作线程.ixx:2814
yes	私有_补齐筹办派生需求消息主键槽	私有_补齐筹办派生需求消息主键槽	任务模块.管理工作线程.ixx:688	2	推进任务筹办，形成候选、缺口或就绪回执。		任务模块.管理工作线程.ixx:688;任务模块.管理工作线程.ixx:892
yes	私有_筹办派生需求消息字段完整	私有_筹办派生需求消息字段完整	任务模块.管理工作线程.ixx:722	2	推进任务筹办，形成候选、缺口或就绪回执。		任务模块.管理工作线程.ixx:722;任务模块.管理工作线程.ixx:946
yes	私有_筹办派生需求消息缺失槽位文本	私有_筹办派生需求消息缺失槽位文本	任务模块.管理工作线程.ixx:741	2	推进任务筹办，形成候选、缺口或就绪回执。		任务模块.管理工作线程.ixx:741;任务模块.管理工作线程.ixx:951
yes	私有_最近已上报筹办派生需求稳定键	私有_最近已上报筹办派生需求稳定键	任务模块.管理工作线程.ixx:842	2	推进任务筹办，形成候选、缺口或就绪回执。		任务模块.管理工作线程.ixx:842;任务模块.管理工作线程.ixx:987
yes	私有_记录最近筹办派生需求稳定键	私有_记录最近筹办派生需求稳定键	任务模块.管理工作线程.ixx:853	2	记录日志、动态、证据或运行痕迹。		任务模块.管理工作线程.ixx:853;任务模块.管理工作线程.ixx:1020
yes	私有_规范化筹办派生需求消息	私有_规范化筹办派生需求消息	任务模块.管理工作线程.ixx:871	2	推进任务筹办，形成候选、缺口或就绪回执。		任务模块.管理工作线程.ixx:871;任务模块.管理工作线程.ixx:945
yes	私有_响应已包含派生需求稳定键	私有_响应已包含派生需求稳定键	任务模块.管理工作线程.ixx:912	2	服务所在模块的内部辅助流程。		任务模块.管理工作线程.ixx:912;任务模块.管理工作线程.ixx:983
yes	私有_吸收筹办派生需求消息	私有_吸收筹办派生需求消息	任务模块.管理工作线程.ixx:931	2	推进任务筹办，形成候选、缺口或就绪回执。		任务模块.管理工作线程.ixx:931;任务模块.管理工作线程.ixx:2818
yes	私有_发送执行前许可请求并重排	私有_发送执行前许可请求并重排	任务模块.管理界面线程.impl.cpp:6109	2	执行任务、方法或动作的主体逻辑。		任务模块.管理界面线程.impl.cpp:6109;任务模块.管理界面线程.impl.cpp:6232
yes	私有_构造执行前许可阻断结果	私有_构造执行前许可阻断结果	任务模块.管理界面线程.impl.cpp:6150	2	执行任务、方法或动作的主体逻辑。		任务模块.管理界面线程.impl.cpp:6150;任务模块.管理界面线程.impl.cpp:6255
yes	私有_处理执行前许可门控	私有_处理执行前许可门控	任务模块.管理界面线程.impl.cpp:6186	2	执行任务、方法或动作的主体逻辑。		任务模块.管理界面线程.impl.cpp:6186;任务模块.管理界面线程.impl.cpp:6389
yes	私有_弹出完成队列项	私有_弹出完成队列项	任务模块.管理界面线程.impl.cpp:6599	2	服务所在模块的内部辅助流程。		任务模块.管理界面线程.impl.cpp:6599;任务模块.管理界面线程.impl.cpp:8128
yes	私有_归并完成队列项	私有_归并完成队列项	任务模块.管理界面线程.impl.cpp:6618	2	服务所在模块的内部辅助流程。		任务模块.管理界面线程.impl.cpp:6618;任务模块.管理界面线程.impl.cpp:8136
yes	私有_巡检全部任务状态并入队	私有_巡检全部任务状态并入队	任务模块.管理界面线程.impl.cpp:6716	2	服务所在模块的内部辅助流程。		任务模块.管理界面线程.impl.cpp:6716;任务模块.管理界面线程.impl.cpp:8752
yes	校验结算包	校验结算包	任务模块.运行包.impl.cpp:111	2	结算任务、需求、价值或结果贡献。		任务模块.运行包.impl.cpp:111;任务模块.运行包.ixx:210
yes	私有_校验封口时间	私有_校验封口时间	任务模块.运行包.impl.cpp:18	2	服务所在模块的内部辅助流程。		任务模块.运行包.impl.cpp:18;任务模块.运行包.impl.cpp:63
yes	封口任务包	封口任务包	任务模块.运行包.impl.cpp:190	2	按函数名执行对应处理。		任务模块.运行包.impl.cpp:190;任务模块.运行包.ixx:217
yes	封口结算包	封口结算包	任务模块.运行包.impl.cpp:196	2	结算任务、需求、价值或结果贡献。		任务模块.运行包.impl.cpp:196;任务模块.运行包.ixx:218
yes	包已封口	包已封口	任务模块.运行包.impl.cpp:55	2	按函数名执行对应处理。		任务模块.运行包.impl.cpp:55;任务模块.运行包.ixx:207
yes	校验任务包	校验任务包	任务模块.运行包.impl.cpp:74	2	按函数名执行对应处理。		任务模块.运行包.impl.cpp:74;任务模块.运行包.ixx:209
yes	私有_任务树SQL视图脚本	私有_任务树SQL视图脚本	任务类.cpp:1052	2	服务所在模块的内部辅助流程。		任务类.cpp:1052;任务类.cpp:1404
yes	私有_构造任务树SQL重写脚本	私有_构造任务树SQL重写脚本	任务类.cpp:1099	2	服务所在模块的内部辅助流程。		任务类.cpp:1099;任务类.cpp:1405
yes	私有_任务SQL快照预期字段	私有_任务SQL快照预期字段	任务类.cpp:1218	2	服务所在模块的内部辅助流程。		任务类.cpp:1218;任务类.cpp:1356
yes	私有_构建任务虚拟存在概念集	私有_构建任务虚拟存在概念集	任务类.cpp:122	2	构建运行所需的数据结构或中间结果。		任务类.cpp:122;任务类.cpp:173
yes	私有_任务SQL节点预期字段	私有_任务SQL节点预期字段	任务类.cpp:1233	2	服务所在模块的内部辅助流程。		任务类.cpp:1233;任务类.cpp:1362
yes	私有_任务SQL主信息预期字段	私有_任务SQL主信息预期字段	任务类.cpp:1252	2	服务所在模块的内部辅助流程。		任务类.cpp:1252;任务类.cpp:1368
yes	私有_验证任务SQL存储字段	私有_验证任务SQL存储字段	任务类.cpp:1300	2	服务所在模块的内部辅助流程。		任务类.cpp:1300;任务类.cpp:1406
yes	任务类::同步任务节点到虚拟存在	同步任务节点到虚拟存在	任务类.cpp:1554	2	同步线程、任务、场景或对象之间的状态。		任务模块.管理界面线程.impl.cpp:1882;任务类.cpp:1554
yes	私有_取方法节点	私有_取方法节点	任务类.cpp:180	2	服务所在模块的内部辅助流程。		任务类.cpp:61;任务类.cpp:180
yes	任务类::任务执行方法指向	任务执行方法指向	任务类.cpp:2062	2	执行任务、方法或动作的主体逻辑。		任务模块.管理界面线程.impl.cpp:5252;任务类.cpp:2062
yes	私有_解析需求引用	私有_解析需求引用	任务类.cpp:207	2	解析输入文本、消息、场景或运行包。		任务类.cpp:207;任务类.cpp:1705
yes	任务类::写入任务执行方法	写入任务执行方法	任务类.cpp:2078	2	把处理结果写入指定对象、场景或日志。		任务模块.管理界面线程.impl.cpp:5254;任务类.cpp:2078
yes	任务类::写入任务当前方法虚拟存在	写入任务当前方法虚拟存在	任务类.cpp:2096	2	把处理结果写入指定对象、场景或日志。		任务模块.管理界面线程.impl.cpp:5264;任务类.cpp:2096
yes	任务类::读取任务方法候选虚拟存在集	读取任务方法候选虚拟存在集	任务类.cpp:2145	2	从指定来源读取数据或状态。		任务模块.管理界面线程.impl.cpp:5351;任务类.cpp:2145
yes	任务类::写入任务选中自我能力值	写入任务选中自我能力值	任务类.cpp:2191	2	把处理结果写入指定对象、场景或日志。		任务模块.管理界面线程.impl.cpp:5270;任务类.cpp:2191
yes	任务类::写入任务角色	写入任务角色	任务类.cpp:2220	2	把处理结果写入指定对象、场景或日志。		任务模块.管理界面线程.impl.cpp:2015;任务类.cpp:2220
yes	任务类::写入任务承接安全权重上限	写入任务承接安全权重上限	任务类.cpp:2336	2	把处理结果写入指定对象、场景或日志。		任务模块.管理界面线程.impl.cpp:9277;任务类.cpp:2336
yes	任务类::写入任务承接服务权重上限	写入任务承接服务权重上限	任务类.cpp:2348	2	把处理结果写入指定对象、场景或日志。		任务模块.管理界面线程.impl.cpp:9282;任务类.cpp:2348
yes	任务类::读取任务权重评分	读取任务权重评分	任务类.cpp:2354	2	从指定来源读取数据或状态。		任务类.cpp:2354;自我线程模块.impl.cpp:4932
yes	任务类::写入任务权重评分	写入任务权重评分	任务类.cpp:2360	2	把处理结果写入指定对象、场景或日志。		任务模块.管理界面线程.impl.cpp:9287;任务类.cpp:2360
yes	任务类::写入任务权重版本号	写入任务权重版本号	任务类.cpp:2372	2	把处理结果写入指定对象、场景或日志。		任务模块.管理界面线程.impl.cpp:9292;任务类.cpp:2372
yes	任务类::写入任务已折算安全值	写入任务已折算安全值	任务类.cpp:2384	2	把处理结果写入指定对象、场景或日志。		任务模块.管理界面线程.impl.cpp:9319;任务类.cpp:2384
yes	任务类::写入任务已折算服务值	写入任务已折算服务值	任务类.cpp:2396	2	把处理结果写入指定对象、场景或日志。		任务模块.管理界面线程.impl.cpp:9327;任务类.cpp:2396
yes	私有_取需求目标状态	私有_取需求目标状态	任务类.cpp:240	2	服务所在模块的内部辅助流程。		任务类.cpp:240;任务类.cpp:2534
yes	任务类::读取任务成功次数	读取任务成功次数	任务类.cpp:2414	2	从指定来源读取数据或状态。		任务类.cpp:2414;控制面板类.cpp:5456
yes	任务类::读取任务失败次数	读取任务失败次数	任务类.cpp:2426	2	从指定来源读取数据或状态。		任务类.cpp:2426;控制面板类.cpp:5457
yes	任务类::读取任务连续失败次数	读取任务连续失败次数	任务类.cpp:2438	2	从指定来源读取数据或状态。		任务类.cpp:2438;控制面板类.cpp:5458
yes	任务类::读取任务转入缺口需求次数	读取任务转入缺口需求次数	任务类.cpp:2450	2	从指定来源读取数据或状态。		任务类.cpp:2450;控制面板类.cpp:5459
yes	私有_取需求当前状态	私有_取需求当前状态	任务类.cpp:246	2	服务所在模块的内部辅助流程。		任务类.cpp:246;任务类.cpp:2535
yes	任务类::读取任务最近错误码	读取任务最近错误码	任务类.cpp:2462	2	从指定来源读取数据或状态。		任务类.cpp:2462;控制面板类.cpp:5460
yes	私有_默认任务名称词	私有_默认任务名称词	任务类.cpp:292	2	服务所在模块的内部辅助流程。		任务类.cpp:292;任务类.cpp:2529
yes	私有_默认任务类型词	私有_默认任务类型词	任务类.cpp:308	2	服务所在模块的内部辅助流程。		任务类.cpp:308;任务类.cpp:2530
yes	私有_任务虚拟存在类型词	私有_任务虚拟存在类型词	任务类.cpp:319	2	服务所在模块的内部辅助流程。		任务类.cpp:319;任务类.cpp:773
yes	私有_任务虚拟存在名称词	私有_任务虚拟存在名称词	任务类.cpp:328	2	服务所在模块的内部辅助流程。		任务类.cpp:328;任务类.cpp:772
yes	私有_任务虚拟存在内部世界名称词	私有_任务虚拟存在内部世界名称词	任务类.cpp:339	2	服务所在模块的内部辅助流程。		任务类.cpp:339;任务类.cpp:782
yes	私有_写入任务特征使用统计	私有_写入任务特征使用统计	任务类.cpp:528	2	把处理结果写入指定对象、场景或日志。		任务类.cpp:528;任务类.cpp:2489
yes	私有_取方法节点	私有_取方法节点	任务类.cpp:61	2	服务所在模块的内部辅助流程。		任务类.cpp:61;任务类.cpp:180
yes	私有_读取任务指针特征	私有_读取任务指针特征	任务类.cpp:661	2	从指定来源读取数据或状态。		任务类.cpp:661;任务类.cpp:2047
yes	私有_任务方法候选已存在	私有_任务方法候选已存在	任务类.cpp:67	2	服务所在模块的内部辅助流程。		任务类.cpp:67;任务类.cpp:2132
yes	私有_推导基准优先级	私有_推导基准优先级	任务类.cpp:731	2	服务所在模块的内部辅助流程。		任务类.cpp:731;任务类.cpp:2533
yes	私有_任务树SQL投影互斥	私有_任务树SQL投影互斥	任务类.cpp:810	2	服务所在模块的内部辅助流程。		任务类.cpp:810;任务类.cpp:1384
yes	私有_任务SQL节点种类文本	私有_任务SQL节点种类文本	任务类.cpp:852	2	服务所在模块的内部辅助流程。		任务类.cpp:852;任务类.cpp:949
yes	私有_同步SQL控制面板任务显示项	私有_同步SQL控制面板任务显示项	任务类.cpp:884	2	把任务状态变化同步到 SQL 控制面板运行态显示镜像。		任务类.cpp:884;任务类.cpp:1894
yes	私有_存在节点相同	私有_存在节点相同	任务类.cpp:95	2	服务所在模块的内部辅助流程。		任务类.cpp:95;任务类.cpp:113
yes	私有_任务树SQL建库脚本	私有_任务树SQL建库脚本	任务类.cpp:986	2	服务所在模块的内部辅助流程。		任务类.cpp:986;任务类.cpp:1402
yes	私有_任务树SQL建表脚本	私有_任务树SQL建表脚本	任务类.cpp:994	2	服务所在模块的内部辅助流程。		任务类.cpp:994;任务类.cpp:1403
yes	区间中点	区间中点	全局共享函数类.ixx:161	2	计算两个 I64 边界的中点，避免直接相加导致溢出。		全局共享函数类.ixx:161;全局共享函数类.ixx:840
yes	有效候选预算	有效候选预算	全局共享函数类.ixx:179	2	把候选数量限制为可枚举的安全预算。		全局共享函数类.ixx:179;全局共享函数类.ixx:781
yes	转义键值字段值	转义键值字段值	全局共享函数类.ixx:196	2	转义文本键值文件字段值中的反斜杠、换行、回车和制表符。		全局共享函数类.ixx:196;全局共享函数类.ixx:225
yes	微秒时长文本	微秒时长文本	全局共享函数类.ixx:454	2	把微秒时长格式化为 us 文本，较大时长追加 ms 或 s 辅助显示。		全局共享函数类.ixx:454;全局共享函数类.ixx:475
yes	安全域大小	安全域大小	全局共享函数类.ixx:494	2	计算左右扩展数量合并后的安全域大小，溢出时返回 U64 最大值。		全局共享函数类.ixx:494;全局共享函数类.ixx:780
yes	计算轮廓匹配评分Q10000	计算轮廓匹配评分Q10000	全局共享函数类.ixx:536	2	按中心、平均和最大 L1 误差计算 Q10000 轮廓匹配评分。		全局共享函数类.ixx:536;特征类.cpp:4108
yes	统计三维体素占据数	统计三维体素占据数	全局共享函数类.ixx:725	2	统计 VecIU64 位块中的三维体素占据位数量。		全局共享函数类.ixx:725;特征类.cpp:3455
yes	练习方向转差值	练习方向转差值	全局共享函数类.ixx:742	2	把方向值归一为 -1、0、1 三种练习差值。		全局共享函数类.ixx:742;自我动作实现模块.ixx:6834
yes	生成无目的未出现I64参数	生成无目的未出现I64参数	全局共享函数类.ixx:750	2	根据已生成数量生成无目标 I64 候选值。		全局共享函数类.ixx:750;自我动作实现模块.ixx:6838
yes	生成区间扩展覆盖I64参数	生成区间扩展覆盖I64参数	全局共享函数类.ixx:762	2	从区间中点向两侧扩展生成 I64 候选值。		全局共享函数类.ixx:762;全局共享函数类.ixx:841
yes	生成区间内I64参数	生成区间内I64参数	全局共享函数类.ixx:821	2	在指定区间内生成 I64 候选值，优先中点并按两侧扩展覆盖。		全局共享函数类.ixx:821;自我动作实现模块.ixx:6299
yes	离散集合扩展索引	离散集合扩展索引	全局共享函数类.ixx:851	2	从离散集合中按中点向两侧扩展选择候选索引。		全局共享函数类.ixx:851;自我动作实现模块.ixx:6120
yes	指针句柄显示文本	指针句柄显示文本	全局共享函数类.ixx:936	2	把指针句柄格式化为人类可读显示文本，空句柄显示为空指针。		全局共享函数类.ixx:936;语言类_基础信息命名.cpp:47
yes	取队列深度	取队列深度	动作线程类.ixx:124	2	按函数名执行对应处理。		动作线程类.ixx:124;动作线程类.ixx:133
yes	注册本能	注册本能	动作线程类.ixx:150	2	注册方法、模板、对象或运行入口。		动作线程类.ixx:150;动作线程类.ixx:183
yes	已注册	已注册	动作线程类.ixx:167	2	注册方法、模板、对象或运行入口。		动作线程类.ixx:167;度量模板注册表类.ixx:112
yes	从本能动作管理器注册	从本能动作管理器注册	动作线程类.ixx:175	2	注册方法、模板、对象或运行入口。		动作线程类.ixx:175;动作线程类.ixx:214
yes	请求退出	请求退出	动作线程类.ixx:239	2	按函数名执行对应处理。		动作线程类.ixx:239;动作线程类.ixx:263
yes	取动作函数_	取动作函数_	动作线程类.ixx:356	2	按函数名执行对应处理。		动作线程类.ixx:356;动作线程类.ixx:410
yes	线程函数_	线程函数_	动作线程类.ixx:369	2	按函数名执行对应处理。		动作线程类.ixx:234;动作线程类.ixx:369
yes	私有_补齐动态名称类型	私有_补齐动态名称类型	动态类.cpp:139	2	补齐动态名称语义和动态类别入口。		动态类.cpp:139;动态类.cpp:908
yes	私有_取动态时间	私有_取动态时间	动态类.cpp:209	2	服务所在模块的内部辅助流程。		动态类.cpp:209;动态类.cpp:565
yes	私有_方法有可执行动作入口	私有_方法有可执行动作入口	动态类.cpp:256	2	执行任务、方法或动作的主体逻辑。		动态类.cpp:256;动态类.cpp:1258
yes	私有_自动补齐动态主体基础特征	私有_自动补齐动态主体基础特征	动态类.cpp:425	2	补齐条件、参数、证据或方法能力缺口。		动态类.cpp:425;动态类.cpp:903
yes	动态类::取动态主信息	取动态主信息	动态类.cpp:470	2	按函数名执行对应处理。		动态类.cpp:470;动态类.cpp:476
yes	动态类::取动态主信息	取动态主信息	动态类.cpp:476	2	按函数名执行对应处理。		动态类.cpp:470;动态类.cpp:476
yes	私有_相邻前状态查找采样序号	私有_相邻前状态查找采样序号	动态类.cpp:70	2	按条件查找目标对象、方法或事实。		动态类.cpp:70;动态类.cpp:1330
yes	动态类::创建动态	创建动态	动态类.cpp:769	2	创建并返回或登记对应对象。		动态类.cpp:769;动态类.cpp:967
yes	私有_创建动态采样序号	私有_创建动态采样序号	动态类.cpp:84	2	创建并返回或登记对应对象。		动态类.cpp:84;动态类.cpp:801
yes	动态类::创建动态	创建动态	动态类.cpp:967	2	创建并返回或登记对应对象。		动态类.cpp:769;动态类.cpp:967
yes	私有_来源方法动作名	私有_来源方法动作名	动态类.cpp:98	2	从来源方法读取动作名入口。		动态类.cpp:98;动态类.cpp:110
yes	深拷贝树	深拷贝树	双向链表模板_深拷贝.inl:11	2	按函数名执行对应处理。		双向链表模板_深拷贝.inl:13;双向链表模板核心.h:662
yes	深拷贝树_已加锁	深拷贝树_已加锁	双向链表模板_深拷贝.inl:20	2	按函数名执行对应处理。		双向链表模板_深拷贝.inl:22;双向链表模板核心.h:663
yes	空间邻近	空间邻近	双目相机本能适配器.cpp:132	2	按函数名执行对应处理。		双目相机本能适配器.cpp:132;双目相机本能适配器.cpp:830
yes	建立深度三口径诊断	建立深度三口径诊断	双目相机本能适配器.cpp:189	2	按函数名执行对应处理。		双目相机本能适配器.cpp:189;双目相机本能适配器.cpp:1025
yes	建立静态多帧融合诊断	建立静态多帧融合诊断	双目相机本能适配器.cpp:314	2	按函数名执行对应处理。		双目相机本能适配器.cpp:314;双目相机本能适配器.cpp:1345
yes	收集深度空洞诊断区域	收集深度空洞诊断区域	双目相机本能适配器.cpp:434	2	按函数名执行对应处理。		双目相机本能适配器.cpp:434;双目相机本能适配器.cpp:1063
yes	候选诊断投影有效	候选诊断投影有效	双目相机本能适配器.cpp:527	2	按函数名执行对应处理。		双目相机本能适配器.cpp:527;双目相机本能适配器.cpp:550
yes	追加空间候选诊断区域	追加空间候选诊断区域	双目相机本能适配器.cpp:577	2	按函数名执行对应处理。		双目相机本能适配器.cpp:577;双目相机本能适配器.cpp:1067
yes	模块目录	模块目录	双目相机本能适配器.cpp:59	2	按函数名执行对应处理。		双目相机本能适配器.cpp:59;双目相机本能适配器.cpp:77
yes	点在范围内	点在范围内	双目相机本能适配器.cpp:635	2	按函数名执行对应处理。		双目相机本能适配器.cpp:635;双目相机本能适配器.cpp:690
yes	填充像素归属验证摘要	填充像素归属验证摘要	双目相机本能适配器.cpp:650	2	按函数名执行对应处理。		双目相机本能适配器.cpp:650;双目相机本能适配器.cpp:927
yes	提取空间候选摘要	提取空间候选摘要	双目相机本能适配器.cpp:798	2	按函数名执行对应处理。		双目相机本能适配器.cpp:798;双目相机本能适配器.cpp:1046
yes	从帧生成结果	从帧生成结果	双目相机本能适配器.cpp:958	2	根据当前输入生成目标数据、场景、动态或回执。		双目相机本能适配器.cpp:958;双目相机本能适配器.cpp:1344
yes	私有_从状态转换边生成目标投影路径	私有_从状态转换边生成目标投影路径	因果类.cpp:1056	2	根据当前输入生成目标数据、场景、动态或回执。		因果类.cpp:1056;因果类.cpp:1109
yes	因果类::取因果主信息	取因果主信息	因果类.cpp:1271	2	按函数名执行对应处理。		因果类.cpp:1271;因果类.cpp:1277
yes	因果类::取因果主信息	取因果主信息	因果类.cpp:1277	2	按函数名执行对应处理。		因果类.cpp:1271;因果类.cpp:1277
yes	私有_因果缺失证据相同	私有_因果缺失证据相同	因果类.cpp:128	2	判断两个结构化缺失证据项是否指向同一缺失事实。		因果类.cpp:128;因果类.cpp:156
yes	因果类::取模板主信息	取模板主信息	因果类.cpp:1283	2	按函数名执行对应处理。		因果类.cpp:1283;因果类.cpp:1289
yes	因果类::取模板主信息	取模板主信息	因果类.cpp:1289	2	按函数名执行对应处理。		因果类.cpp:1283;因果类.cpp:1289
yes	因果类::解析因果节点	解析因果节点	因果类.cpp:1301	2	把基础信息节点解析为因果节点，不创建或修改节点。		因果类.cpp:1301;因果类.cpp:1307
yes	因果类::解析因果节点	解析因果节点	因果类.cpp:1307	2	把基础信息节点解析为因果节点，不创建或修改节点。		因果类.cpp:1301;因果类.cpp:1307
yes	因果类::按主键解析因果节点	按主键解析因果节点	因果类.cpp:1313	2	按主键查找并解析因果节点，不创建或修改节点。		因果类.cpp:1313;因果类.cpp:1323
yes	因果类::按主键解析因果节点	按主键解析因果节点	因果类.cpp:1323	2	按主键查找并解析因果节点，不创建或修改节点。		因果类.cpp:1313;因果类.cpp:1323
yes	私有_向量含动态	私有_向量含动态	因果类.cpp:216	2	服务所在模块的内部辅助流程。		因果类.cpp:216;因果类.cpp:250
yes	私有_查找动态果状态迁移模板	私有_查找动态果状态迁移模板	因果类.cpp:2253	2	按条件查找目标对象、方法或事实。		因果类.cpp:2253;因果类.cpp:2404
yes	私有_制动态引用	私有_制动态引用	因果类.cpp:232	2	服务所在模块的内部辅助流程。		因果类.cpp:232;因果类.cpp:260
yes	私有_登记证据动态样本_已加锁	私有_登记证据动态样本_已加锁	因果类.cpp:243	2	登记方法、模板、对象或运行入口。		因果类.cpp:243;因果类.cpp:273
yes	因果类::生成因果信息	生成因果信息	因果类.cpp:2601	2	按动态信息生成或命中因果信息。		因果类.cpp:2601;因果类.cpp:2627
yes	因果类::生成因果信息	生成因果信息	因果类.cpp:2627	2	按动态信息和指定场景生成或命中因果信息。		因果类.cpp:2601;因果类.cpp:2627
yes	私有_登记证据动态样本	私有_登记证据动态样本	因果类.cpp:267	2	登记方法、模板、对象或运行入口。		因果类.cpp:267;因果类.cpp:2672
yes	私有_向量含特征	私有_向量含特征	因果类.cpp:277	2	服务所在模块的内部辅助流程。		因果类.cpp:277;因果类.cpp:402
yes	私有_解析二次特征引用_因果	私有_解析二次特征引用_因果	因果类.cpp:302	2	解析二次特征引用对应的节点。		因果类.cpp:302;因果类.cpp:1564
yes	私有_解析动态引用_因果	私有_解析动态引用_因果	因果类.cpp:312	2	解析动态引用对应的节点。		因果类.cpp:312;因果类.cpp:1657
yes	私有_解析方法引用_因果	私有_解析方法引用_因果	因果类.cpp:322	2	解析方法引用对应的节点。		因果类.cpp:322;因果类.cpp:1725
yes	私有_动态结果命中状态	私有_动态结果命中状态	因果类.cpp:504	2	服务所在模块的内部辅助流程。		因果类.cpp:504;因果类.cpp:552
yes	私有_状态迁移结果命中状态	私有_状态迁移结果命中状态	因果类.cpp:529	2	服务所在模块的内部辅助流程。		因果类.cpp:529;因果类.cpp:557
yes	私有_因果边结果命中查询	私有_因果边结果命中查询	因果类.cpp:598	2	判断因果边结果侧是否命中查询目标。		因果类.cpp:598;因果类.cpp:2024
yes	私有_状态迁移模板命中动态	私有_状态迁移模板命中动态	因果类.cpp:626	2	判断状态迁移二次特征是否来自指定动态的初始状态和结果状态。		因果类.cpp:626;因果类.cpp:722
yes	私有_状态迁移方向相同_因果	私有_状态迁移方向相同_因果	因果类.cpp:673	2	判断两个状态迁移二次特征是否表达同一变化方向。		因果类.cpp:673;因果类.cpp:716
yes	私有_只读查找特征类型词	私有_只读查找特征类型词	因果类.cpp:811	2	按条件查找目标对象、方法或事实。		因果类.cpp:811;因果类.cpp:840
yes	私有_生成因果信息采样序号	私有_生成因果信息采样序号	因果类.cpp:83	2	服务所在模块的内部辅助流程。		因果类.cpp:83;因果类.cpp:2328
yes	私有_特征类型同一	私有_特征类型同一	因果类.cpp:830	2	服务所在模块的内部辅助流程。		因果类.cpp:830;因果类.cpp:2205
yes	私有_目标特征是任务层状态	私有_目标特征是任务层状态	因果类.cpp:873	2	服务所在模块的内部辅助流程。		因果类.cpp:775;因果类.cpp:873
yes	私有_目标特征是方法层状态	私有_目标特征是方法层状态	因果类.cpp:894	2	服务所在模块的内部辅助流程。		因果类.cpp:776;因果类.cpp:894
yes	私有_目标特征是学习层状态	私有_目标特征是学习层状态	因果类.cpp:910	2	服务所在模块的内部辅助流程。		因果类.cpp:777;因果类.cpp:910
yes	私有_追加二次特征引用	私有_追加二次特征引用	场景类.cpp:57	2	服务所在模块的内部辅助流程。		场景类.cpp:57;场景类.cpp:456
yes	场景类::取场景主信息	取场景主信息	场景类.cpp:82	2	按函数名执行对应处理。		场景类.cpp:82;场景类.cpp:88
yes	场景类::取场景主信息	取场景主信息	场景类.cpp:88	2	按函数名执行对应处理。		场景类.cpp:82;场景类.cpp:88
yes	构造D455深度相机观察样本摘要	构造D455深度相机观察样本摘要	外设线程_D455深度相机.ixx:3146	2	按函数名执行对应处理。		外设线程_D455深度相机.ixx:105;外设线程_D455深度相机.ixx:3146
yes	读取外设线程_D455深度相机结果	读取外设线程_D455深度相机结果	外设线程_D455深度相机.ixx:3344	2	从指定来源读取数据或状态。		外设线程_D455深度相机.ixx:136;外设线程_D455深度相机.ixx:3344
yes	外设提交_扫描匹配状态_由簇	外设提交_扫描匹配状态_由簇	外设观察报告队列.ixx:1125	2	提交事实、动态、任务状态或运行回执。		外设观察报告队列.ixx:1125;外设观察报告队列.ixx:2426
yes	外设提交_跟踪状态_由报告	外设提交_跟踪状态_由报告	外设观察报告队列.ixx:1138	2	提交事实、动态、任务状态或运行回执。		外设观察报告队列.ixx:1138;外设观察报告队列.ixx:2489
yes	外设观察报告_容量裁剪保护	外设观察报告_容量裁剪保护	外设观察报告队列.ixx:1196	2	按函数名执行对应处理。		外设观察报告队列.ixx:1196;外设观察报告队列.ixx:1218
yes	外设观察报告_裁剪容量已加锁	外设观察报告_裁剪容量已加锁	外设观察报告队列.ixx:1208	2	按函数名执行对应处理。		外设观察报告队列.ixx:1208;外设观察报告队列.ixx:1244
yes	外设观察_报告满足等待项	外设观察_报告满足等待项	外设观察报告队列.ixx:1645	2	等待线程、任务、外设或条件变化。		外设观察报告队列.ixx:1645;外设观察报告队列.ixx:3292
yes	目标观察约束_有当前值	目标观察约束_有当前值	外设观察报告队列.ixx:1699	2	按函数名执行对应处理。		外设观察报告队列.ixx:1699;外设观察报告队列.ixx:2961
yes	目标观察约束_二维范围有效	目标观察约束_二维范围有效	外设观察报告队列.ixx:1715	2	按函数名执行对应处理。		外设观察报告队列.ixx:1715;外设观察报告队列.ixx:1735
yes	目标观察约束_空间范围有效	目标观察约束_空间范围有效	外设观察报告队列.ixx:1722	2	按函数名执行对应处理。		外设观察报告队列.ixx:1722;外设观察报告队列.ixx:1736
yes	目标观察约束_有定位材料	目标观察约束_有定位材料	外设观察报告队列.ixx:1730	2	按函数名执行对应处理。		外设观察报告队列.ixx:1730;外设观察报告队列.ixx:2964
yes	目标观察约束_有精细材料	目标观察约束_有精细材料	外设观察报告队列.ixx:1740	2	按函数名执行对应处理。		外设观察报告队列.ixx:1740;外设观察报告队列.ixx:2981
yes	目标观察约束_匹配等待项	目标观察约束_匹配等待项	外设观察报告队列.ixx:1748	2	等待线程、任务、外设或条件变化。		外设观察报告队列.ixx:1748;外设观察报告队列.ixx:3032
yes	目标观察约束_修正提交默认值	目标观察约束_修正提交默认值	外设观察报告队列.ixx:1783	2	提交事实、动态、任务状态或运行回执。		外设观察报告队列.ixx:1783;外设观察报告队列.ixx:3000
yes	目标观察约束_应清理	目标观察约束_应清理	外设观察报告队列.ixx:1803	2	清理缓存、临时状态或运行资源。		外设观察报告队列.ixx:1803;外设观察报告队列.ixx:1826
yes	外设提交包类型文本	外设提交包类型文本	外设观察报告队列.ixx:1944	2	提交事实、动态、任务状态或运行回执。		外设观察报告队列.ixx:728;外设观察报告队列.ixx:1944
yes	构造观察材料质量判定摘要	构造观察材料质量判定摘要	外设观察报告队列.ixx:2228	2	按函数名执行对应处理。		外设观察报告队列.ixx:755;外设观察报告队列.ixx:2228
yes	构造外设跟踪提交包_由观察报告	构造外设跟踪提交包_由观察报告	外设观察报告队列.ixx:2476	2	提交事实、动态、任务状态或运行回执。		外设观察报告队列.ixx:735;外设观察报告队列.ixx:2476
yes	撤销目标观察约束特征组	撤销目标观察约束特征组	外设观察报告队列.ixx:3133	2	按函数名执行对应处理。		外设观察报告队列.ixx:775;外设观察报告队列.ixx:3133
yes	清理目标观察约束特征组	清理目标观察约束特征组	外设观察报告队列.ixx:3151	2	清理缓存、临时状态或运行资源。		外设观察报告队列.ixx:776;外设观察报告队列.ixx:3151
yes	构造目标观察约束摘要	构造目标观察约束摘要	外设观察报告队列.ixx:3162	2	按函数名执行对应处理。		外设观察报告队列.ixx:777;外设观察报告队列.ixx:3162
yes	清理外设观察报告队列	清理外设观察报告队列	外设观察报告队列.ixx:3325	2	清理缓存、临时状态或运行资源。		外设观察报告队列.ixx:795;外设观察报告队列.ixx:3325
yes	清空外设观察报告队列	清空外设观察报告队列	外设观察报告队列.ixx:3353	2	按函数名执行对应处理。		外设观察报告队列.ixx:797;外设观察报告队列.ixx:3353
yes	外设观察报告ID计数器	外设观察报告ID计数器	外设观察报告队列.ixx:835	2	按函数名执行对应处理。		外设观察报告队列.ixx:835;外设观察报告队列.ixx:2566
yes	外设观察等待项ID计数器	外设观察等待项ID计数器	外设观察报告队列.ixx:842	2	等待线程、任务、外设或条件变化。		外设观察报告队列.ixx:842;外设观察报告队列.ixx:2901
yes	目标观察约束ID计数器	目标观察约束ID计数器	外设观察报告队列.ixx:849	2	按函数名执行对应处理。		外设观察报告队列.ixx:849;外设观察报告队列.ixx:1786
yes	外设提交_帧ID	外设提交_帧ID	外设观察报告队列.ixx:908	2	提交事实、动态、任务状态或运行回执。		外设观察报告队列.ixx:908;外设观察报告队列.ixx:2273
yes	外设提交_材料页ID	外设提交_材料页ID	外设观察报告队列.ixx:923	2	提交事实、动态、任务状态或运行回执。		外设观察报告队列.ixx:923;外设观察报告队列.ixx:2287
yes	外设提交_generation	外设提交_generation	外设观察报告队列.ixx:934	2	提交事实、动态、任务状态或运行回执。		外设观察报告队列.ixx:934;外设观察报告队列.ixx:2289
yes	外设提交_汇总报告材料	外设提交_汇总报告材料	外设观察报告队列.ixx:957	2	提交事实、动态、任务状态或运行回执。		外设观察报告队列.ixx:957;外设观察报告队列.ixx:2293
yes	外设提交_填充报告缺口	外设提交_填充报告缺口	外设观察报告队列.ixx:975	2	提交事实、动态、任务状态或运行回执。		外设观察报告队列.ixx:975;外设观察报告队列.ixx:2294
yes	私有_直接存在子节点	私有_直接存在子节点	存在类.cpp:189	2	服务所在模块的内部辅助流程。		存在类.cpp:189;存在类.cpp:621
yes	存在类::取存在主信息	取存在主信息	存在类.cpp:272	2	按函数名执行对应处理。		存在类.cpp:272;存在类.cpp:278
yes	存在类::取存在主信息	取存在主信息	存在类.cpp:278	2	按函数名执行对应处理。		存在类.cpp:272;存在类.cpp:278
yes	存在类::获取需求根节点	获取需求根节点	存在类.cpp:469	2	读取并返回指定对象、状态或运行材料。		存在类.cpp:469;存在类.cpp:476
yes	存在类::获取需求根节点	获取需求根节点	存在类.cpp:476	2	读取并返回指定对象、状态或运行材料。		存在类.cpp:469;存在类.cpp:476
yes	存在类::获取任务根节点	获取任务根节点	存在类.cpp:483	2	读取并返回指定对象、状态或运行材料。		存在类.cpp:483;存在类.cpp:490
yes	存在类::获取任务根节点	获取任务根节点	存在类.cpp:490	2	读取并返回指定对象、状态或运行材料。		存在类.cpp:483;存在类.cpp:490
yes	存在类::获取方法根节点	获取方法根节点	存在类.cpp:497	2	读取并返回指定对象、状态或运行材料。		存在类.cpp:497;存在类.cpp:504
yes	存在类::获取方法根节点	获取方法根节点	存在类.cpp:504	2	读取并返回指定对象、状态或运行材料。		存在类.cpp:497;存在类.cpp:504
yes	私有_概念上位归属类型	私有_概念上位归属类型	存在类.cpp:69	2	从父概念推导子概念的上位抽象归属类型。		存在类.cpp:69;存在类.cpp:571
yes	私有_实例主抽象类型	私有_实例主抽象类型	存在类.cpp:80	2	从概念集推导实例存在的主抽象归属类型。		存在类.cpp:80;存在类.cpp:584
yes	私有_桥接刻度语义	私有_桥接刻度语义	度量模板注册表桥接.cpp:7	2	把模块内部刻度语义转为跨翻译单元桥接代码。		度量模板注册表桥接.cpp:7;度量模板注册表桥接.cpp:75
yes	已注册	已注册	度量模板注册表类.ixx:112	2	注册方法、模板、对象或运行入口。		动作线程类.ixx:167;度量模板注册表类.ixx:112
yes	由链键查找	由链键查找	度量模板注册表类.ixx:140	2	按条件查找目标对象、方法或事实。		度量模板注册表类.ixx:140;度量模板注册表类.ixx:155
yes	注册默认模板	注册默认模板	度量模板注册表类.ixx:168	2	注册方法、模板、对象或运行入口。		度量模板注册表桥接.cpp:60;度量模板注册表类.ixx:168
yes	私有_生成页面HTML	私有_生成页面HTML	控制面板WebView2.cpp:1293	2	根据当前输入生成目标数据、场景、动态或回执。		控制面板WebView2.cpp:1293;控制面板WebView2.cpp:1317
yes	私有_刷新页面	私有_刷新页面	控制面板WebView2.cpp:1310	2	服务所在模块的内部辅助流程。		控制面板WebView2.cpp:1310;控制面板WebView2.cpp:1637
yes	私有_初始化WebView2	私有_初始化WebView2	控制面板WebView2.cpp:1351	2	初始化相关对象、状态或运行上下文。		控制面板WebView2.cpp:1351;控制面板WebView2.cpp:1615
yes	私有_窗口句柄槽	私有_窗口句柄槽	控制面板WebView2.cpp:1711	2	服务所在模块的内部辅助流程。		控制面板WebView2.cpp:1711;控制面板WebView2.cpp:1854
yes	私有_文件路径转URI	私有_文件路径转URI	控制面板WebView2.cpp:173	2	把本地 HTML 文件路径转换为 WebView2 可导航的 file URI。		控制面板WebView2.cpp:173;控制面板WebView2.cpp:240
yes	私有_窗口线程运行中槽	私有_窗口线程运行中槽	控制面板WebView2.cpp:1732	2	读取指定窗口用途对应的线程运行标记。		控制面板WebView2.cpp:1732;控制面板WebView2.cpp:1802
yes	私有_窗口标题	私有_窗口标题	控制面板WebView2.cpp:1744	2	服务所在模块的内部辅助流程。		控制面板WebView2.cpp:1744;控制面板WebView2.cpp:1830
yes	私有_窗口尺寸	私有_窗口尺寸	控制面板WebView2.cpp:1756	2	服务所在模块的内部辅助流程。		控制面板WebView2.cpp:1756;控制面板WebView2.cpp:1826
yes	私有_控制面板HTML临时路径	私有_控制面板HTML临时路径	控制面板WebView2.cpp:184	2	生成当前 WebView2 窗口复用的临时 HTML 文件路径。		控制面板WebView2.cpp:184;控制面板WebView2.cpp:227
yes	私有_写入控制面板HTML临时文件	私有_写入控制面板HTML临时文件	控制面板WebView2.cpp:202	2	把 UTF-8 HTML 写入 WebView2 临时文件。		控制面板WebView2.cpp:202;控制面板WebView2.cpp:229
yes	私有_解析详情消息	私有_解析详情消息	控制面板WebView2.cpp:379	2	解析输入文本、消息、场景或运行包。		控制面板WebView2.cpp:379;控制面板WebView2.cpp:1551
yes	私有_URI百分号解码	私有_URI百分号解码	控制面板WebView2.cpp:389	2	解析 URI 百分号编码文本。		控制面板WebView2.cpp:389;控制面板WebView2.cpp:457
yes	私有_解析SQL子链消息	私有_解析SQL子链消息	控制面板WebView2.cpp:422	2	解析 SQL 控制面板树子链读取消息。		控制面板WebView2.cpp:422;控制面板WebView2.cpp:1516
yes	私有_解析线程池大小设置消息	私有_解析线程池大小设置消息	控制面板WebView2.cpp:464	2	设置对象字段、状态或运行参数。		控制面板WebView2.cpp:464;控制面板WebView2.cpp:1491
yes	私有_加载器候选路径	私有_加载器候选路径	控制面板WebView2.cpp:495	2	服务所在模块的内部辅助流程。		控制面板WebView2.cpp:495;控制面板WebView2.cpp:532
yes	私有_加载创建函数	私有_加载创建函数	控制面板WebView2.cpp:528	2	创建并返回或登记对应对象。		控制面板WebView2.cpp:528;控制面板WebView2.cpp:1360
yes	私有_计算相机显示尺寸	私有_计算相机显示尺寸	控制面板WebView2.cpp:609	2	计算权重、状态、差值或派生结果。		控制面板WebView2.cpp:609;控制面板WebView2.cpp:715
yes	私有_确保相机播放外设线程	私有_确保相机播放外设线程	控制面板WebView2.cpp:663	2	确保目标结构、状态或前置条件存在并可用。		控制面板WebView2.cpp:663;控制面板WebView2.cpp:728
yes	私有_构建相机帧JSON数据	私有_构建相机帧JSON数据	控制面板WebView2.cpp:695	2	构建运行所需的数据结构或中间结果。		控制面板WebView2.cpp:695;控制面板WebView2.cpp:734
yes	私有_读取相机帧	私有_读取相机帧	控制面板WebView2.cpp:724	2	从指定来源读取数据或状态。		控制面板WebView2.cpp:724;控制面板WebView2.cpp:1482
yes	私有_相机帧JSON文本	私有_相机帧JSON文本	控制面板WebView2.cpp:777	2	服务所在模块的内部辅助流程。		控制面板WebView2.cpp:777;控制面板WebView2.cpp:816
yes	私有_发送相机窗口状态到页面	私有_发送相机窗口状态到页面	控制面板WebView2.cpp:826	2	服务所在模块的内部辅助流程。		控制面板WebView2.cpp:826;控制面板WebView2.cpp:1467
yes	私有_发送自我场景窗口状态到页面	私有_发送自我场景窗口状态到页面	控制面板WebView2.cpp:847	2	服务所在模块的内部辅助流程。		控制面板WebView2.cpp:847;控制面板WebView2.cpp:1475
yes	私有_生成相机播放HTML	私有_生成相机播放HTML	控制面板WebView2.cpp:899	2	根据当前输入生成目标数据、场景、动态或回执。		控制面板WebView2.cpp:899;控制面板WebView2.cpp:1296
yes	私有_读取世界观测版本	私有_读取世界观测版本	控制面板摘要线程模块.impl.cpp:180	2	从指定来源读取数据或状态。		控制面板摘要线程模块.impl.cpp:180;控制面板摘要线程模块.impl.cpp:660
yes	私有_统计方法直接结构_控制面板摘要	私有_统计方法直接结构_控制面板摘要	控制面板摘要线程模块.impl.cpp:201	2	统计方法首节点下的直接条件和结果结构。		控制面板摘要线程模块.impl.cpp:201;控制面板摘要线程模块.impl.cpp:361
yes	私有_采集需求树摘要	私有_采集需求树摘要	控制面板摘要线程模块.impl.cpp:248	2	服务所在模块的内部辅助流程。		控制面板摘要线程模块.impl.cpp:248;控制面板摘要线程模块.impl.cpp:663
yes	私有_采集任务树摘要	私有_采集任务树摘要	控制面板摘要线程模块.impl.cpp:299	2	服务所在模块的内部辅助流程。		控制面板摘要线程模块.impl.cpp:299;控制面板摘要线程模块.impl.cpp:664
yes	私有_摘要线程消息事件	私有_摘要线程消息事件	控制面板摘要线程模块.impl.cpp:34	2	服务所在模块的内部辅助流程。		控制面板摘要线程模块.impl.cpp:34;控制面板摘要线程模块.impl.cpp:62
yes	私有_采集方法树摘要	私有_采集方法树摘要	控制面板摘要线程模块.impl.cpp:342	2	服务所在模块的内部辅助流程。		控制面板摘要线程模块.impl.cpp:342;控制面板摘要线程模块.impl.cpp:665
yes	私有_采集运行事实状态槽	私有_采集运行事实状态槽	控制面板摘要线程模块.impl.cpp:392	2	执行对应模块、线程或方法的运行逻辑。		控制面板摘要线程模块.impl.cpp:392;控制面板摘要线程模块.impl.cpp:667
yes	私有_采集自我线程状态槽	私有_采集自我线程状态槽	控制面板摘要线程模块.impl.cpp:457	2	服务所在模块的内部辅助流程。		控制面板摘要线程模块.impl.cpp:457;控制面板摘要线程模块.impl.cpp:662
yes	私有_采集自检状态槽	私有_采集自检状态槽	控制面板摘要线程模块.impl.cpp:468	2	服务所在模块的内部辅助流程。		控制面板摘要线程模块.impl.cpp:468;控制面板摘要线程模块.impl.cpp:666
yes	停止控制面板摘要线程	停止控制面板摘要线程	控制面板摘要线程模块.impl.cpp:699	2	停止线程、模块或运行流程。		控制面板摘要线程模块.impl.cpp:699;控制面板摘要线程模块.ixx:130
yes	私有_特征_最近执行时间_摘要	私有_特征_最近执行时间_摘要	控制面板摘要线程模块.impl.cpp:85	2	执行任务、方法或动作的主体逻辑。		控制面板摘要线程模块.impl.cpp:85;控制面板摘要线程模块.impl.cpp:404
yes	私有_特征_最近完成时间_摘要	私有_特征_最近完成时间_摘要	控制面板摘要线程模块.impl.cpp:93	2	服务所在模块的内部辅助流程。		控制面板摘要线程模块.impl.cpp:93;控制面板摘要线程模块.impl.cpp:407
yes	私有_动作句柄类型文本	私有_动作句柄类型文本	控制面板类.cpp:1070	2	服务所在模块的内部辅助流程。		控制面板类.cpp:1070;控制面板类.cpp:1232
yes	私有_动态聚合方式文本	私有_动态聚合方式文本	控制面板类.cpp:1096	2	服务所在模块的内部辅助流程。		控制面板类.cpp:1096;控制面板类.cpp:4815
yes	私有_因果锚点类型文本	私有_因果锚点类型文本	控制面板类.cpp:1107	2	服务所在模块的内部辅助流程。		控制面板类.cpp:1107;控制面板类.cpp:5030
yes	私有_生成控制面板HTML	私有_生成控制面板HTML	控制面板类.cpp:11359	2	根据当前输入生成目标数据、场景、动态或回执。		控制面板类.cpp:11359;控制面板类.cpp:15114
yes	私有_信息存储树文本	私有_信息存储树文本	控制面板类.cpp:1149	2	服务所在模块的内部辅助流程。		控制面板类.cpp:1149;控制面板类.cpp:1221
yes	私有_场景复现存在概念词	私有_场景复现存在概念词	控制面板类.cpp:1312	2	服务所在模块的内部辅助流程。		控制面板类.cpp:1312;控制面板类.cpp:1710
yes	私有_场景复现宿主评分	私有_场景复现宿主评分	控制面板类.cpp:1366	2	服务所在模块的内部辅助流程。		控制面板类.cpp:1366;控制面板类.cpp:1430
yes	私有_选择自我场景复现宿主	私有_选择自我场景复现宿主	控制面板类.cpp:1408	2	从候选集中选择当前使用对象或方法。		控制面板类.cpp:1408;控制面板类.cpp:2101
yes	私有_场景安全评估宿主评分	私有_场景安全评估宿主评分	控制面板类.cpp:1451	2	评估状态、风险、质量、权重或完成度。		控制面板类.cpp:1451;控制面板类.cpp:1518
yes	私有_选择自我场景安全评估宿主	私有_选择自我场景安全评估宿主	控制面板类.cpp:1495	2	从候选集中选择当前使用对象或方法。		控制面板类.cpp:1495;控制面板类.cpp:2106
yes	私有_读取自我场景内容统计	私有_读取自我场景内容统计	控制面板类.cpp:1657	2	从指定来源读取数据或状态。		控制面板类.cpp:1657;控制面板类.cpp:2111
yes	私有_读取自我场景诊断区域列表	私有_读取自我场景诊断区域列表	控制面板类.cpp:1705	2	从指定来源读取数据或状态。		控制面板类.cpp:1705;控制面板类.cpp:2201
yes	私有_读取自我场景存在AABB特征	私有_读取自我场景存在AABB特征	控制面板类.cpp:1801	2	从指定来源读取数据或状态。		控制面板类.cpp:1801;控制面板类.cpp:1895
yes	私有_填充自我场景存在复现项	私有_填充自我场景存在复现项	控制面板类.cpp:1832	2	服务所在模块的内部辅助流程。		控制面板类.cpp:1832;控制面板类.cpp:2016
yes	私有_读取自我场景存在复现项列表	私有_读取自我场景存在复现项列表	控制面板类.cpp:2044	2	从指定来源读取数据或状态。		控制面板类.cpp:2044;控制面板类.cpp:2112
yes	私有_读取自我场景复现快照	私有_读取自我场景复现快照	控制面板类.cpp:2093	2	从指定来源读取数据或状态。		控制面板类.cpp:2093;控制面板类.cpp:9674
yes	私有_读取自我待处理方法数量_控制面板	私有_读取自我待处理方法数量_控制面板	控制面板类.cpp:218	2	读取自我待处理方法数量特征。		控制面板类.cpp:218;控制面板类.cpp:10084
yes	私有_缺口恢复反馈摘要_控制面板	私有_缺口恢复反馈摘要_控制面板	控制面板类.cpp:228	2	读取缺口恢复接口反馈摘要显示文本。		控制面板类.cpp:228;控制面板类.cpp:10098
yes	私有_特征_最近执行时间_控制面板	私有_特征_最近执行时间_控制面板	控制面板类.cpp:235	2	执行任务、方法或动作的主体逻辑。		控制面板类.cpp:235;控制面板类.cpp:5624
yes	私有_特征_最近完成时间_控制面板	私有_特征_最近完成时间_控制面板	控制面板类.cpp:243	2	服务所在模块的内部辅助流程。		控制面板类.cpp:243;控制面板类.cpp:5630
yes	私有_解析方法虚拟存在_控制面板	私有_解析方法虚拟存在_控制面板	控制面板类.cpp:251	2	解析输入文本、消息、场景或运行包。		控制面板类.cpp:251;控制面板类.cpp:268
yes	私有_读取方法I64特征_控制面板	私有_读取方法I64特征_控制面板	控制面板类.cpp:263	2	从指定来源读取数据或状态。		控制面板类.cpp:263;控制面板类.cpp:286
yes	私有_基础信息子层摘要	私有_基础信息子层摘要	控制面板类.cpp:2818	2	服务所在模块的内部辅助流程。		控制面板类.cpp:2818;控制面板类.cpp:2885
yes	私有_需求子层摘要	私有_需求子层摘要	控制面板类.cpp:2828	2	服务所在模块的内部辅助流程。		控制面板类.cpp:2828;控制面板类.cpp:3894
yes	私有_任务子层摘要	私有_任务子层摘要	控制面板类.cpp:2842	2	服务所在模块的内部辅助流程。		控制面板类.cpp:2842;控制面板类.cpp:4024
yes	私有_方法子层摘要	私有_方法子层摘要	控制面板类.cpp:2852	2	服务所在模块的内部辅助流程。		控制面板类.cpp:2852;控制面板类.cpp:4072
yes	私有_OR组令牌记录键_控制面板	私有_OR组令牌记录键_控制面板	控制面板类.cpp:2984	2	记录日志、动态、证据或运行痕迹。		控制面板类.cpp:2984;控制面板类.cpp:3010
yes	私有_查找人类词性入口_控制面板	私有_查找人类词性入口_控制面板	控制面板类.cpp:3096	2	按条件查找目标对象、方法或事实。		控制面板类.cpp:3096;控制面板类.cpp:3109
yes	私有_方法是否可用特征类型_控制面板	私有_方法是否可用特征类型_控制面板	控制面板类.cpp:3107	2	服务所在模块的内部辅助流程。		控制面板类.cpp:3107;控制面板类.cpp:3543
yes	私有_基础主键是存在_控制面板	私有_基础主键是存在_控制面板	控制面板类.cpp:3200	2	服务所在模块的内部辅助流程。		控制面板类.cpp:3200;控制面板类.cpp:9880
yes	私有_解析任务引用_控制面板	私有_解析任务引用_控制面板	控制面板类.cpp:3209	2	解析输入文本、消息、场景或运行包。		控制面板类.cpp:3209;控制面板类.cpp:3240
yes	私有_解析需求引用_控制面板	私有_解析需求引用_控制面板	控制面板类.cpp:3218	2	解析输入文本、消息、场景或运行包。		控制面板类.cpp:3218;控制面板类.cpp:10071
yes	私有_检查需求父子权重_控制面板	私有_检查需求父子权重_控制面板	控制面板类.cpp:3267	2	检查状态、条件、缺口或运行约束。		控制面板类.cpp:3267;控制面板类.cpp:9960
yes	私有_查找需求候选方法_控制面板	私有_查找需求候选方法_控制面板	控制面板类.cpp:3436	2	按条件查找目标对象、方法或事实。		控制面板类.cpp:3436;控制面板类.cpp:3622
yes	私有_允许方向_控制面板	私有_允许方向_控制面板	控制面板类.cpp:3468	2	服务所在模块的内部辅助流程。		控制面板类.cpp:3468;控制面板类.cpp:3499
yes	私有_方法相对需求方向_控制面板	私有_方法相对需求方向_控制面板	控制面板类.cpp:3519	2	服务所在模块的内部辅助流程。		控制面板类.cpp:3519;控制面板类.cpp:3627
yes	私有_方法当前可用_控制面板	私有_方法当前可用_控制面板	控制面板类.cpp:3538	2	服务所在模块的内部辅助流程。		控制面板类.cpp:3538;控制面板类.cpp:3637
yes	私有_任务节点可在普通任务树显示	私有_任务节点可在普通任务树显示	控制面板类.cpp:373	2	服务所在模块的内部辅助流程。		控制面板类.cpp:373;控制面板类.cpp:2745
yes	私有_需求满足情况说明_控制面板	私有_需求满足情况说明_控制面板	控制面板类.cpp:3845	2	服务所在模块的内部辅助流程。		控制面板类.cpp:3845;控制面板类.cpp:4474
yes	私有_需求标题_核心	私有_需求标题_核心	控制面板类.cpp:3874	2	服务所在模块的内部辅助流程。		控制面板类.cpp:3874;控制面板类.cpp:3942
yes	私有_需求结构标题_核心	私有_需求结构标题_核心	控制面板类.cpp:3963	2	服务所在模块的内部辅助流程。		控制面板类.cpp:3963;控制面板类.cpp:3990
yes	私有_需求结构标题	私有_需求结构标题	控制面板类.cpp:3987	2	服务所在模块的内部辅助流程。		控制面板类.cpp:3987;控制面板类.cpp:4207
yes	私有_任务结构标题	私有_任务结构标题	控制面板类.cpp:4031	2	服务所在模块的内部辅助流程。		控制面板类.cpp:4031;控制面板类.cpp:4220
yes	私有_需求列表摘要文本	私有_需求列表摘要文本	控制面板类.cpp:4126	2	服务所在模块的内部辅助流程。		控制面板类.cpp:4126;控制面板类.cpp:4157
yes	私有_三向关系掩码文本	私有_三向关系掩码文本	控制面板类.cpp:4368	2	服务所在模块的内部辅助流程。		控制面板类.cpp:4368;控制面板类.cpp:4438
yes	私有_追加基础信息通用字段	私有_追加基础信息通用字段	控制面板类.cpp:4541	2	服务所在模块的内部辅助流程。		控制面板类.cpp:4541;控制面板类.cpp:5123
yes	私有_追加特征节点字段	私有_追加特征节点字段	控制面板类.cpp:4575	2	服务所在模块的内部辅助流程。		控制面板类.cpp:4575;控制面板类.cpp:5130
yes	私有_追加抽象特征节点字段	私有_追加抽象特征节点字段	控制面板类.cpp:4599	2	服务所在模块的内部辅助流程。		控制面板类.cpp:4599;控制面板类.cpp:5127
yes	私有_追加存在节点字段	私有_追加存在节点字段	控制面板类.cpp:4610	2	服务所在模块的内部辅助流程。		控制面板类.cpp:4610;控制面板类.cpp:5133
yes	私有_追加场景节点字段	私有_追加场景节点字段	控制面板类.cpp:4690	2	服务所在模块的内部辅助流程。		控制面板类.cpp:4690;控制面板类.cpp:5136
yes	私有_追加状态节点字段	私有_追加状态节点字段	控制面板类.cpp:4754	2	服务所在模块的内部辅助流程。		控制面板类.cpp:4754;控制面板类.cpp:5139
yes	私有_追加动态节点字段	私有_追加动态节点字段	控制面板类.cpp:4798	2	服务所在模块的内部辅助流程。		控制面板类.cpp:4798;控制面板类.cpp:5142
yes	私有_追加二次特征字段	私有_追加二次特征字段	控制面板类.cpp:4900	2	服务所在模块的内部辅助流程。		控制面板类.cpp:4900;控制面板类.cpp:5145
yes	私有_追加因果字段	私有_追加因果字段	控制面板类.cpp:5023	2	服务所在模块的内部辅助流程。		控制面板类.cpp:5023;控制面板类.cpp:5148
yes	私有_抽象特征形态文本	私有_抽象特征形态文本	控制面板类.cpp:544	2	服务所在模块的内部辅助流程。		控制面板类.cpp:544;控制面板类.cpp:4603
yes	私有_I64值域文本	私有_I64值域文本	控制面板类.cpp:554	2	服务所在模块的内部辅助流程。		控制面板类.cpp:554;控制面板类.cpp:592
yes	私有_特征值域文本	私有_特征值域文本	控制面板类.cpp:578	2	服务所在模块的内部辅助流程。		控制面板类.cpp:578;控制面板类.cpp:4604
yes	私有_计入线程生命周期统计	私有_计入线程生命周期统计	控制面板类.cpp:5898	2	服务所在模块的内部辅助流程。		控制面板类.cpp:5898;控制面板类.cpp:5991
yes	私有_计入摘要线程生命周期统计	私有_计入摘要线程生命周期统计	控制面板类.cpp:5930	2	服务所在模块的内部辅助流程。		控制面板类.cpp:5930;控制面板类.cpp:6014
yes	私有_计入线程信息项统计	私有_计入线程信息项统计	控制面板类.cpp:6025	2	服务所在模块的内部辅助流程。		控制面板类.cpp:6025;控制面板类.cpp:6085
yes	私有_计算线程信息表统计	私有_计算线程信息表统计	控制面板类.cpp:6076	2	计算权重、状态、差值或派生结果。		控制面板类.cpp:6076;控制面板类.cpp:6311
yes	私有_线程信息项系统线程ID文本	私有_线程信息项系统线程ID文本	控制面板类.cpp:6113	2	服务所在模块的内部辅助流程。		控制面板类.cpp:6113;控制面板类.cpp:6236
yes	私有_线程信息项状态文本	私有_线程信息项状态文本	控制面板类.cpp:6122	2	服务所在模块的内部辅助流程。		控制面板类.cpp:6122;控制面板类.cpp:6213
yes	私有_线程信息项运行状态文本	私有_线程信息项运行状态文本	控制面板类.cpp:6132	2	执行对应模块、线程或方法的运行逻辑。		控制面板类.cpp:6132;控制面板类.cpp:6214
yes	私有_线程信息项最近事件文本	私有_线程信息项最近事件文本	控制面板类.cpp:6174	2	服务所在模块的内部辅助流程。		控制面板类.cpp:6174;控制面板类.cpp:6242
yes	私有_构建线程信息项节点	私有_构建线程信息项节点	控制面板类.cpp:6207	2	构建运行所需的数据结构或中间结果。		控制面板类.cpp:6207;控制面板类.cpp:6357
yes	私有_SQL控制面板因果信息刷新JSON	私有_SQL控制面板因果信息刷新JSON	控制面板类.cpp:7185	2	生成 SQL 控制面板因果信息区段刷新 JSON。		控制面板类.cpp:7185;控制面板类.cpp:7599
yes	私有_SQL控制面板因果链刷新JSON	私有_SQL控制面板因果链刷新JSON	控制面板类.cpp:7201	2	生成 SQL 控制面板因果链查询区段刷新 JSON。		控制面板类.cpp:7201;控制面板类.cpp:7602
yes	私有_SQL控制面板世界树刷新JSON	私有_SQL控制面板世界树刷新JSON	控制面板类.cpp:7215	2	生成 SQL 控制面板世界树区段刷新 JSON。		控制面板类.cpp:7215;控制面板类.cpp:7629
yes	私有_SQL字符串IN列表	私有_SQL字符串IN列表	控制面板类.cpp:7288	2	生成 SQL IN 条件中的字符串列表。		控制面板类.cpp:7288;控制面板类.cpp:7347
yes	私有_SQL控制面板子链JSON	私有_SQL控制面板子链JSON	控制面板类.cpp:7396	2	按 SQL 控制面板树节点读取一层直接子节点。		控制面板类.cpp:7396;控制面板类.cpp:10533
yes	私有_需求状态已达	私有_需求状态已达	控制面板类.cpp:740	2	服务所在模块的内部辅助流程。		控制面板类.cpp:740;控制面板类.cpp:9767
yes	私有_SQL控制面板区段刷新JSON	私有_SQL控制面板区段刷新JSON	控制面板类.cpp:7548	2	按 SQL 控制面板菜单区段生成局部刷新 JSON。		控制面板类.cpp:7548;控制面板类.cpp:10345
yes	私有_是SQL控制面板区段	私有_是SQL控制面板区段	控制面板类.cpp:7652	2	判断页面名是否对应 SQL 控制面板菜单区段。		控制面板类.cpp:7652;控制面板类.cpp:10344
yes	私有_追加自我场景诊断区域数组JSON	私有_追加自我场景诊断区域数组JSON	控制面板类.cpp:9108	2	服务所在模块的内部辅助流程。		控制面板类.cpp:9108;控制面板类.cpp:9329
yes	私有_追加自我场景存在复现项数组JSON	私有_追加自我场景存在复现项数组JSON	控制面板类.cpp:9136	2	服务所在模块的内部辅助流程。		控制面板类.cpp:9136;控制面板类.cpp:9336
yes	私有_自我场景复现JSON	私有_自我场景复现JSON	控制面板类.cpp:9191	2	服务所在模块的内部辅助流程。		控制面板类.cpp:9191;控制面板类.cpp:11372
yes	私有_累计任务状态	私有_累计任务状态	控制面板类.cpp:922	2	服务所在模块的内部辅助流程。		控制面板类.cpp:922;控制面板类.cpp:10067
yes	私有_ADO值转UTF8	私有_ADO值转UTF8	数据库ADO模块.cpp:175	2	把 ADO 字段值转换为 UTF-8 文本。		数据库ADO模块.cpp:175;数据库ADO模块.cpp:666
yes	私有_SQL可空布尔	私有_SQL可空布尔	数据库ADO模块.cpp:251	2	把可空布尔值编码为 SQL Server bit 字面量。		数据库ADO模块.cpp:251;数据库ADO模块.cpp:394
yes	私有_SQL控制面板显示域主键列	私有_SQL控制面板显示域主键列	数据库ADO模块.cpp:298	2	读取 SQL 控制面板显示域对应的主键列名。		数据库ADO模块.cpp:298;数据库ADO模块.cpp:886
yes	私有_SQL任务显示项Upsert脚本	私有_SQL任务显示项Upsert脚本	数据库ADO模块.cpp:367	2	生成任务显示项 upsert 脚本。		数据库ADO模块.cpp:367;数据库ADO模块.cpp:458
yes	私有_SQL需求显示项Upsert脚本	私有_SQL需求显示项Upsert脚本	数据库ADO模块.cpp:385	2	生成需求显示项 upsert 脚本。		数据库ADO模块.cpp:385;数据库ADO模块.cpp:460
yes	私有_SQL方法显示项Upsert脚本	私有_SQL方法显示项Upsert脚本	数据库ADO模块.cpp:403	2	生成方法显示项 upsert 脚本。		数据库ADO模块.cpp:403;数据库ADO模块.cpp:462
yes	私有_SQL世界显示项Upsert脚本	私有_SQL世界显示项Upsert脚本	数据库ADO模块.cpp:420	2	生成世界显示项 upsert 脚本。		数据库ADO模块.cpp:420;数据库ADO模块.cpp:464
yes	私有_SQL动态显示项Upsert脚本	私有_SQL动态显示项Upsert脚本	数据库ADO模块.cpp:437	2	生成动态显示项 upsert 脚本。		数据库ADO模块.cpp:437;数据库ADO模块.cpp:466
yes	私有_SQL控制面板显示项Upsert脚本	私有_SQL控制面板显示项Upsert脚本	数据库ADO模块.cpp:454	2	按显示域生成显示项 upsert 脚本。		数据库ADO模块.cpp:454;数据库ADO模块.cpp:862
yes	私有_SQL控制面板运行态建库脚本	私有_SQL控制面板运行态建库脚本	数据库ADO模块.cpp:488	2	生成控制面板运行态投影库建库脚本。		数据库ADO模块.cpp:488;数据库ADO模块.cpp:819
yes	私有_SQL控制面板运行态建表脚本	私有_SQL控制面板运行态建表脚本	数据库ADO模块.cpp:494	2	生成控制面板运行态显示镜像的最小表结构脚本。		数据库ADO模块.cpp:494;数据库ADO模块.cpp:823
yes	私有_SQL控制面板运行态启动清库脚本	私有_SQL控制面板运行态启动清库脚本	数据库ADO模块.cpp:578	2	生成控制面板运行态启动清库和运行批次写入脚本。		数据库ADO模块.cpp:578;数据库ADO模块.cpp:829
yes	追加SQL控制面板事件流水	追加SQL控制面板事件流水	数据库ADO模块.cpp:914	2	追加一条控制面板运行态事件流水。		数据库ADO模块.cpp:914;数据库ADO模块.ixx:93
yes	私有_确保方法结果初始状态	私有_确保方法结果初始状态	方法类.cpp:1004	2	确保目标结构、状态或前置条件存在并可用。		方法类.cpp:1004;方法类.cpp:2575
yes	私有_方法首节点具备可执行动作条件	私有_方法首节点具备可执行动作条件	方法类.cpp:1054	2	执行任务、方法或动作的主体逻辑。		方法类.cpp:1054;方法类.cpp:2594
yes	私有_方法树SQL投影互斥	私有_方法树SQL投影互斥	方法类.cpp:1100	2	服务所在模块的内部辅助流程。		方法类.cpp:1100;方法类.cpp:2160
yes	私有_方法SQL入口文本	私有_方法SQL入口文本	方法类.cpp:1124	2	服务所在模块的内部辅助流程。		方法类.cpp:1124;方法类.cpp:1202
yes	私有_方法SQL节点种类文本	私有_方法SQL节点种类文本	方法类.cpp:1142	2	服务所在模块的内部辅助流程。		方法类.cpp:1142;方法类.cpp:1256
yes	私有_方法SQL来源文本	私有_方法SQL来源文本	方法类.cpp:1152	2	服务所在模块的内部辅助流程。		方法类.cpp:1152;方法类.cpp:1205
yes	私有_方法SQL动作句柄类型文本	私有_方法SQL动作句柄类型文本	方法类.cpp:1165	2	服务所在模块的内部辅助流程。		方法类.cpp:1165;方法类.cpp:1178
yes	私有_方法SQL动作句柄文本	私有_方法SQL动作句柄文本	方法类.cpp:1175	2	服务所在模块的内部辅助流程。		方法类.cpp:1175;方法类.cpp:1203
yes	私有_填充方法树SQL角色字段	私有_填充方法树SQL角色字段	方法类.cpp:1195	2	服务所在模块的内部辅助流程。		方法类.cpp:1195;方法类.cpp:1257
yes	私有_方法树SQL建库脚本	私有_方法树SQL建库脚本	方法类.cpp:1282	2	服务所在模块的内部辅助流程。		方法类.cpp:1282;方法类.cpp:2178
yes	私有_方法树SQL建表脚本	私有_方法树SQL建表脚本	方法类.cpp:1290	2	服务所在模块的内部辅助流程。		方法类.cpp:1290;方法类.cpp:2179
yes	私有_方法树SQL视图脚本	私有_方法树SQL视图脚本	方法类.cpp:1353	2	服务所在模块的内部辅助流程。		方法类.cpp:1353;方法类.cpp:2180
yes	私有_构造方法树SQL重写脚本	私有_构造方法树SQL重写脚本	方法类.cpp:1406	2	服务所在模块的内部辅助流程。		方法类.cpp:1406;方法类.cpp:2181
yes	私有_方法SQL快照预期字段	私有_方法SQL快照预期字段	方法类.cpp:1514	2	服务所在模块的内部辅助流程。		方法类.cpp:1514;方法类.cpp:1652
yes	私有_方法SQL节点预期字段	私有_方法SQL节点预期字段	方法类.cpp:1529	2	服务所在模块的内部辅助流程。		方法类.cpp:1529;方法类.cpp:1658
yes	私有_方法SQL主信息预期字段	私有_方法SQL主信息预期字段	方法类.cpp:1548	2	服务所在模块的内部辅助流程。		方法类.cpp:1548;方法类.cpp:1664
yes	私有_验证方法SQL存储字段	私有_验证方法SQL存储字段	方法类.cpp:1596	2	服务所在模块的内部辅助流程。		方法类.cpp:1596;方法类.cpp:2182
yes	方法类::方法树存在生产目标特征	方法树存在生产目标特征	方法类.cpp:1725	2	判断方法树中是否存在明确生产目标特征类型的方法首节点。		方法类.cpp:1725;需求类.cpp:1052
yes	方法类::设置方法结果能力查找属性	设置方法结果能力查找属性	方法类.cpp:1803	2	设置方法首节点结果能力是否参与普通查找。		任务模块.筹办.ixx:3523;方法类.cpp:1803
yes	方法类::方法首个条件场景	方法首个条件场景	方法类.cpp:2034	2	读取方法首节点的第一个条件场景。		任务模块.执行.ixx:237;方法类.cpp:2034
yes	方法类::方法最低结构状态值	方法最低结构状态值	方法类.cpp:2058	2	计算方法首节点当前最低结构状态值。		任务模块.筹办.ixx:1597;方法类.cpp:2058
yes	方法类::重写方法树SQL投影	重写方法树SQL投影	方法类.cpp:2150	2	把当前方法树本体重写到 SQL Server 查询投影。		方法类.cpp:2150;鱼巢.cpp:1258
yes	私有_取首个直接结果子节点	私有_取首个直接结果子节点	方法类.cpp:219	2	服务所在模块的内部辅助流程。		方法类.cpp:219;方法类.cpp:249
yes	方法类::查找方法首节点_按动作名	查找方法首节点_按动作名	方法类.cpp:2271	2	按条件查找目标对象、方法或事实。		方法类.cpp:2271;方法类.cpp:2286
yes	方法类::查找方法首节点_按动作名	查找方法首节点_按动作名	方法类.cpp:2286	2	按条件查找目标对象、方法或事实。		方法类.cpp:2271;方法类.cpp:2286
yes	私有_取首个条件下结果子节点	私有_取首个条件下结果子节点	方法类.cpp:229	2	服务所在模块的内部辅助流程。		方法类.cpp:229;方法类.cpp:242
yes	方法类::查找或创建_本能方法首节点	查找或创建_本能方法首节点	方法类.cpp:2458	2	创建并返回或登记对应对象。		方法类.cpp:2458;本能方法类.cpp:231
yes	方法类::补齐本能方法首节点	补齐本能方法首节点	方法类.cpp:2524	2	补齐条件、参数、证据或方法能力缺口。		方法类.cpp:2524;本能方法类.cpp:257
yes	私有_确保结果父条件节点	私有_确保结果父条件节点	方法类.cpp:253	2	确保目标结构、状态或前置条件存在并可用。		方法类.cpp:253;方法类.cpp:2887
yes	方法类::记录方法虚拟存在特征	记录方法虚拟存在特征	方法类.cpp:2729	2	记录日志、动态、证据或运行痕迹。		方法类.cpp:2729;方法虚拟存在服务类.cpp:761
yes	私有_方法虚拟存在类型词	私有_方法虚拟存在类型词	方法类.cpp:293	2	服务所在模块的内部辅助流程。		方法类.cpp:293;方法类.cpp:2631
yes	私有_方法虚拟存在名称词	私有_方法虚拟存在名称词	方法类.cpp:302	2	服务所在模块的内部辅助流程。		方法类.cpp:302;方法类.cpp:2630
yes	私有_方法条件场景名称词	私有_方法条件场景名称词	方法类.cpp:311	2	服务所在模块的内部辅助流程。		方法类.cpp:311;方法类.cpp:2669
yes	私有_方法结果场景名称词	私有_方法结果场景名称词	方法类.cpp:318	2	服务所在模块的内部辅助流程。		方法类.cpp:318;方法类.cpp:2713
yes	私有_方法条件集合特征词	私有_方法条件集合特征词	方法类.cpp:325	2	服务所在模块的内部辅助流程。		方法类.cpp:325;方法类.cpp:2123
yes	私有_方法条件是否必需特征词	私有_方法条件是否必需特征词	方法类.cpp:333	2	服务所在模块的内部辅助流程。		方法类.cpp:333;方法类.cpp:2133
yes	私有_结果变化方向编码	私有_结果变化方向编码	方法类.cpp:348	2	服务所在模块的内部辅助流程。		方法类.cpp:348;方法类.cpp:402
yes	私有_追加结果节点结果项	私有_追加结果节点结果项	方法类.cpp:475	2	服务所在模块的内部辅助流程。		方法类.cpp:475;方法类.cpp:503
yes	私有_查找需求位方法首节点_按主结果特征类型	私有_查找需求位方法首节点_按主结果特征类型	方法类.cpp:508	2	按条件查找目标对象、方法或事实。		方法类.cpp:508;方法类.cpp:2319
yes	私有_解析特征引用	私有_解析特征引用	方法类.cpp:547	2	解析输入文本、消息、场景或运行包。		方法类.cpp:547;方法类.cpp:593
yes	私有_语素入口主键	私有_语素入口主键	方法类.cpp:584	2	服务所在模块的内部辅助流程。		方法类.cpp:584;方法类.cpp:648
yes	私有_二次特征特征类型	私有_二次特征特征类型	方法类.cpp:610	2	服务所在模块的内部辅助流程。		方法类.cpp:610;方法类.cpp:648
yes	私有_二次特征比较语义相同	私有_二次特征比较语义相同	方法类.cpp:654	2	比较当前值、目标值或历史基准。		方法类.cpp:340;方法类.cpp:654
yes	私有_查找需求方向方法首节点	私有_查找需求方向方法首节点	方法类.cpp:681	2	按条件查找目标对象、方法或事实。		方法类.cpp:681;方法类.cpp:2410
yes	私有_查找可执行结果能力方法首节点_按主结果特征类型	私有_查找可执行结果能力方法首节点_按主结果特征类型	方法类.cpp:711	2	按条件查找目标对象、方法或事实。		方法类.cpp:711;方法类.cpp:2418
yes	私有_特征_方法类型	私有_特征_方法类型	方法类.cpp:735	2	服务所在模块的内部辅助流程。		方法类.cpp:735;方法类.cpp:924
yes	私有_特征_方法状态	私有_特征_方法状态	方法类.cpp:742	2	服务所在模块的内部辅助流程。		方法类.cpp:742;方法类.cpp:908
yes	私有_推断宿主存在	私有_推断宿主存在	方法类.cpp:844	2	服务所在模块的内部辅助流程。		方法类.cpp:844;方法类.cpp:2613
yes	私有_写入I64特征	私有_写入I64特征	方法类.cpp:858	2	把处理结果写入指定对象、场景或日志。		方法类.cpp:858;方法类.cpp:906
yes	私有_写入方法类型特征	私有_写入方法类型特征	方法类.cpp:914	2	把处理结果写入指定对象、场景或日志。		方法类.cpp:914;方法类.cpp:2636
yes	私有_二次特征引用相等	私有_二次特征引用相等	方法类.cpp:930	2	服务所在模块的内部辅助流程。		方法类.cpp:930;方法类.cpp:952
yes	私有_二次特征引用集合相等	私有_二次特征引用集合相等	方法类.cpp:943	2	服务所在模块的内部辅助流程。		方法类.cpp:943;方法类.cpp:2823
yes	私有_特征_方法结果初始状态	私有_特征_方法结果初始状态	方法类.cpp:966	2	服务所在模块的内部辅助流程。		方法类.cpp:966;方法类.cpp:1024
yes	私有_查找场景状态_按主体特征	私有_查找场景状态_按主体特征	方法类.cpp:973	2	按条件查找目标对象、方法或事实。		方法类.cpp:973;方法类.cpp:1032
yes	私有_默认允许自动召回	私有_默认允许自动召回	方法虚拟存在服务类.cpp:104	2	服务所在模块的内部辅助流程。		方法虚拟存在服务类.cpp:104;方法虚拟存在服务类.cpp:309
yes	私有_默认允许默认执行	私有_默认允许默认执行	方法虚拟存在服务类.cpp:110	2	执行任务、方法或动作的主体逻辑。		方法虚拟存在服务类.cpp:110;方法虚拟存在服务类.cpp:315
yes	私有_同步方法身份与默认特征	私有_同步方法身份与默认特征	方法虚拟存在服务类.cpp:266	2	同步线程、任务、场景或对象之间的状态。		方法虚拟存在服务类.cpp:266;方法虚拟存在服务类.cpp:745
yes	私有_输出方法状态动作动态	私有_输出方法状态动作动态	方法虚拟存在服务类.cpp:350	2	方法域动作动态生成点： 方法虚拟存在服务层在同步“方法状态”特征时调用本函数， 把目标方法虚拟存在上的方法状态旧值 -&gt; ...		方法虚拟存在服务类.cpp:350;方法虚拟存在服务类.cpp:468
yes	私有_动作名转方法概念词	私有_动作名转方法概念词	方法虚拟存在服务类.cpp:45	2	服务所在模块的内部辅助流程。		方法虚拟存在服务类.cpp:45;方法虚拟存在服务类.cpp:217
yes	私有_取首个条件场景	私有_取首个条件场景	方法虚拟存在服务类.cpp:499	2	服务所在模块的内部辅助流程。		方法虚拟存在服务类.cpp:499;方法虚拟存在服务类.cpp:666
yes	私有_取首个结果场景	私有_取首个结果场景	方法虚拟存在服务类.cpp:520	2	服务所在模块的内部辅助流程。		方法虚拟存在服务类.cpp:520;方法虚拟存在服务类.cpp:669
yes	私有_方法类型概念名	私有_方法类型概念名	方法虚拟存在服务类.cpp:56	2	服务所在模块的内部辅助流程。		方法虚拟存在服务类.cpp:56;方法虚拟存在服务类.cpp:207
yes	私有_方法来源概念名	私有_方法来源概念名	方法虚拟存在服务类.cpp:66	2	服务所在模块的内部辅助流程。		方法虚拟存在服务类.cpp:66;方法虚拟存在服务类.cpp:212
yes	方法虚拟存在服务类::写入方法指针特征	写入方法指针特征	方法虚拟存在服务类.cpp:781	2	把处理结果写入指定对象、场景或日志。		方法虚拟存在服务类.cpp:257;方法虚拟存在服务类.cpp:781
yes	异常_致命	异常_致命	日志模块.ixx:125	2	按函数名执行对应处理。		日志模块.ixx:125;日志模块.ixx:702
yes	utf8_path	utf8_path	日志模块.ixx:181	2	按函数名执行对应处理。		日志模块.ixx:181;日志模块.ixx:301
yes	取日期_YYYYMMDD	取日期_YYYYMMDD	日志模块.ixx:237	2	按函数名执行对应处理。		日志模块.ixx:237;日志模块.ixx:306
yes	取时间戳_YYYYMMDD_hhmmss_mmm	取时间戳_YYYYMMDD_hhmmss_mmm	日志模块.ixx:253	2	按函数名执行对应处理。		日志模块.ixx:253;日志模块.ixx:346
yes	级别字符串	级别字符串	日志模块.ixx:274	2	按函数名执行对应处理。		日志模块.ixx:274;日志模块.ixx:351
yes	生成文件路径	生成文件路径	日志模块.ixx:298	2	根据当前输入生成目标数据、场景、动态或回执。		日志模块.ixx:298;日志模块.ixx:323
yes	确保打开_已加锁	确保打开_已加锁	日志模块.ixx:305	2	确保目标结构、状态或前置条件存在并可用。		日志模块.ixx:305;日志模块.ixx:338
yes	日志输出已启用	日志输出已启用	日志模块.ixx:448	2	按函数名执行对应处理。		日志模块.ixx:448;日志模块.ixx:498
yes	本能动作返回参数信息特征词	本能动作返回参数信息特征词	本能动作管理类.ixx:104	2	按函数名执行对应处理。		本能动作管理类.ixx:104;本能动作管理类.ixx:474
yes	本能动作返回场景信息特征词	本能动作返回场景信息特征词	本能动作管理类.ixx:110	2	按函数名执行对应处理。		本能动作管理类.ixx:110;本能动作管理类.ixx:482
yes	本能动作执行缺口_当前方法缺失词	本能动作执行缺口_当前方法缺失词	本能动作管理类.ixx:134	2	执行任务、方法或动作的主体逻辑。		本能动作管理类.ixx:134;本能动作管理类.ixx:195
yes	本能动作执行缺口_可执行输入参数场景缺失词	本能动作执行缺口_可执行输入参数场景缺失词	本能动作管理类.ixx:140	2	执行任务、方法或动作的主体逻辑。		本能动作管理类.ixx:140;本能动作管理类.ixx:201
yes	本能动作执行缺口_当前方法无执行入口词	本能动作执行缺口_当前方法无执行入口词	本能动作管理类.ixx:146	2	执行任务、方法或动作的主体逻辑。		本能动作管理类.ixx:146;本能动作管理类.ixx:199
yes	本能动作执行缺口_当前方法条件不满足词	本能动作执行缺口_当前方法条件不满足词	本能动作管理类.ixx:152	2	执行任务、方法或动作的主体逻辑。		本能动作管理类.ixx:152;本能动作管理类.ixx:204
yes	本能动作承接_派生需求词	本能动作承接_派生需求词	本能动作管理类.ixx:176	2	按函数名执行对应处理。		本能动作管理类.ixx:176;自我动作实现模块.ixx:5895
yes	本能动作语素入口是执行缺口	本能动作语素入口是执行缺口	本能动作管理类.ixx:391	2	执行任务、方法或动作的主体逻辑。		本能动作管理类.ixx:391;本能动作管理类.ixx:518
yes	本能动作基础节点指针文本	本能动作基础节点指针文本	本能动作管理类.ixx:399	2	按函数名执行对应处理。		本能动作管理类.ixx:399;本能动作管理类.ixx:423
yes	本能动作基础节点属于当前世界树	本能动作基础节点属于当前世界树	本能动作管理类.ixx:407	2	按函数名执行对应处理。		本能动作管理类.ixx:407;本能动作管理类.ixx:447
yes	本能动作记录无效闭环宿主	本能动作记录无效闭环宿主	本能动作管理类.ixx:416	2	记录日志、动态、证据或运行痕迹。		本能动作管理类.ixx:416;本能动作管理类.ixx:448
yes	本能动作运行结果语义词	本能动作运行结果语义词	本能动作管理类.ixx:48	2	执行对应模块、线程或方法的运行逻辑。		本能动作管理类.ixx:48;本能动作管理类.ixx:323
yes	本能动作运行成功	本能动作运行成功	本能动作管理类.ixx:569	2	执行对应模块、线程或方法的运行逻辑。		本能动作管理类.ixx:569;鱼巢.cpp:1930
yes	本能动作运行开始时间特征词	本能动作运行开始时间特征词	本能动作管理类.ixx:62	2	执行对应模块、线程或方法的运行逻辑。		本能动作管理类.ixx:62;本能动作管理类.ixx:311
yes	枚举已注册ID	枚举已注册ID	本能动作管理类.ixx:623	2	注册方法、模板、对象或运行入口。		动作线程类.ixx:210;本能动作管理类.ixx:623
yes	本能动作运行虚拟存在类型词	本能动作运行虚拟存在类型词	本能动作管理类.ixx:68	2	执行对应模块、线程或方法的运行逻辑。		本能动作管理类.ixx:68;本能动作管理类.ixx:310
yes	差值	差值	本能动作类.ixx:202	2	按函数名执行对应处理。		本能动作类.ixx:202;本能动作类.ixx:248
yes	值匹配分	值匹配分	本能动作类.ixx:228	2	按函数名执行对应处理。		本能动作类.ixx:228;本能动作类.ixx:291
yes	递归匹配子节点	递归匹配子节点	本能动作类.ixx:355	2	按函数名执行对应处理。		本能动作类.ixx:343;本能动作类.ixx:355
yes	枚举子节点	枚举子节点	本能动作类.ixx:71	2	按函数名执行对应处理。		本能动作类.ixx:71;本能动作类.ixx:285
yes	是OR组	是OR组	本能动作类.ixx:87	2	按函数名执行对应处理。		本能动作类.ixx:87;本能动作类.ixx:346
yes	私有_查找或创建本能方法首节点	私有_查找或创建本能方法首节点	本能方法类.cpp:274	2	创建并返回或登记对应对象。		本能方法类.cpp:274;本能方法类.cpp:323
yes	本能方法类::注册默认自我本能方法集	注册默认自我本能方法集	本能方法类.cpp:318	2	注册方法、模板、对象或运行入口。		本能方法类.cpp:318;自我类.初始化.cpp:355
yes	私有_区间宽度	私有_区间宽度	特征类.cpp:137	2	服务所在模块的内部辅助流程。		特征类.cpp:137;特征类.cpp:450
yes	私有_计算点链平均最大误差	私有_计算点链平均最大误差	特征类.cpp:164	2	计算权重、状态、差值或派生结果。		特征类.cpp:164;特征类.cpp:4098
yes	私有_点到区间距离	私有_点到区间距离	特征类.cpp:193	2	服务所在模块的内部辅助流程。		特征类.cpp:193;特征类.cpp:2625
yes	私有_平面轮廓特征类型	私有_平面轮廓特征类型	特征类.cpp:237	2	服务所在模块的内部辅助流程。		特征类.cpp:237;特征类.cpp:3085
yes	特征类::抽象特征是离散点枚举	抽象特征是离散点枚举	特征类.cpp:2371	2	判断抽象特征是否由两个以上 I64 点值叶子状态组成。		特征类.cpp:2371;需求类.cpp:2431
yes	特征类::特征值命中抽象特征值域	特征值命中抽象特征值域	特征类.cpp:2404	2	判断特征值是否命中抽象特征或其枚举子状态值域。		特征类.cpp:2404;需求类.cpp:2453
yes	私有_空间极值轮廓特征类型	私有_空间极值轮廓特征类型	特征类.cpp:243	2	服务所在模块的内部辅助流程。		特征类.cpp:243;特征类.cpp:3093
yes	私有_是否三维体素特征类型	私有_是否三维体素特征类型	特征类.cpp:249	2	服务所在模块的内部辅助流程。		特征类.cpp:249;特征类.cpp:3101
yes	私有_统计三维体素块状态	私有_统计三维体素块状态	特征类.cpp:264	2	计算权重、状态、差值或派生结果。		特征类.cpp:264;特征类.cpp:3476
yes	特征类::读取三维体素占据位	读取三维体素占据位	特征类.cpp:3175	2	从指定来源读取数据或状态。		特征类.cpp:280;特征类.cpp:3175
yes	特征类::解析三维体素链节点VecU	解析三维体素链节点VecU	特征类.cpp:3367	2	从指定来源读取数据或状态。		特征类.cpp:307;特征类.cpp:3367
yes	特征类::写入三维体素二分层链	写入三维体素二分层链	特征类.cpp:3410	2	把处理结果写入指定对象、场景或日志。		特征类.cpp:3410;特征类.cpp:3435
yes	特征类::写入三维体素二分层链	写入三维体素二分层链	特征类.cpp:3435	2	把处理结果写入指定对象、场景或日志。		特征类.cpp:3410;特征类.cpp:3435
yes	特征类::从多视角轮廓图生成三维体素	从多视角轮廓图生成三维体素	特征类.cpp:3639	2	根据多视角已对齐轮廓图生成长方体体素占据位块和颜色体素数量。		场景类.cpp:231;特征类.cpp:3639
yes	特征类::比较局部三维体素与三维体素链	比较局部三维体素与三维体素链	特征类.cpp:3867	2	根据已生成的局部三维体素，和已存存在体素链做只读相似度比较。		场景类.cpp:258;特征类.cpp:3867
yes	私有_I64值域项包含	私有_I64值域项包含	特征类.cpp:403	2	服务所在模块的内部辅助流程。		特征类.cpp:403;特征类.cpp:2450
yes	特征类::轮廓坐标维度_按特征类型	轮廓坐标维度_按特征类型	特征类.cpp:4033	2	按函数名执行对应处理。		世界树类.cpp:3709;特征类.cpp:4033
yes	私有_I64值域项宽度	私有_I64值域项宽度	特征类.cpp:444	2	服务所在模块的内部辅助流程。		特征类.cpp:444;特征类.cpp:468
yes	私有_抽象值域宽度	私有_抽象值域宽度	特征类.cpp:456	2	服务所在模块的内部辅助流程。		特征类.cpp:456;特征类.cpp:2848
yes	私有_规范化抽象特征主信息	私有_规范化抽象特征主信息	特征类.cpp:474	2	服务所在模块的内部辅助流程。		特征类.cpp:474;特征类.cpp:561
yes	特征类::取特征主信息	取特征主信息	特征类.cpp:507	2	按函数名执行对应处理。		特征类.cpp:507;特征类.cpp:513
yes	特征类::取特征主信息	取特征主信息	特征类.cpp:513	2	按函数名执行对应处理。		特征类.cpp:507;特征类.cpp:513
yes	特征类::取抽象特征主信息	取抽象特征主信息	特征类.cpp:546	2	按函数名执行对应处理。		特征类.cpp:546;特征类.cpp:552
yes	特征类::取抽象特征主信息	取抽象特征主信息	特征类.cpp:552	2	按函数名执行对应处理。		特征类.cpp:546;特征类.cpp:552
yes	私有_节点引用相同	私有_节点引用相同	特征类.cpp:62	2	服务所在模块的内部辅助流程。		特征类.cpp:62;特征类.cpp:2553
yes	私有_直接特征子节点	私有_直接特征子节点	特征类.cpp:89	2	枚举父节点下直接挂载的特征子节点。		特征类.cpp:89;特征类.cpp:2284
yes	私有_状态在范围内	私有_状态在范围内	状态类.cpp:104	2	服务所在模块的内部辅助流程。		状态类.cpp:104;状态类.cpp:660
yes	状态类::取状态主信息	取状态主信息	状态类.cpp:149	2	按函数名执行对应处理。		状态类.cpp:149;状态类.cpp:155
yes	状态类::取状态主信息	取状态主信息	状态类.cpp:155	2	按函数名执行对应处理。		状态类.cpp:149;状态类.cpp:155
yes	私有_状态创建阶段采样序号	私有_状态创建阶段采样序号	状态类.cpp:22	2	创建并返回或登记对应对象。		状态类.cpp:22;状态类.cpp:377
yes	状态类::创建状态	创建状态	状态类.cpp:303	2	创建并返回或登记对应对象。		状态类.cpp:303;状态类.cpp:424
yes	状态类::创建状态	创建状态	状态类.cpp:424	2	创建并返回或登记对应对象。		状态类.cpp:303;状态类.cpp:424
yes	读取控制面板线程信息表快照	读取控制面板线程信息表快照	线程生命周期消息模块.ixx:1062	2	从指定来源读取数据或状态。		线程生命周期消息模块.ixx:1062;线程生命周期消息模块.ixx:1144
yes	消费并读取控制面板线程信息表	消费并读取控制面板线程信息表	线程生命周期消息模块.ixx:1086	2	从指定来源读取数据或状态。		控制面板类.cpp:6303;线程生命周期消息模块.ixx:1086
yes	私有_反转义字段值	私有_反转义字段值	线程生命周期消息模块.ixx:169	2	服务所在模块的内部辅助流程。		线程生命周期消息模块.ixx:169;线程生命周期消息模块.ixx:271
yes	私有_解析事件类型	私有_解析事件类型	线程生命周期消息模块.ixx:237	2	解析输入文本、消息、场景或运行包。		线程生命周期消息模块.ixx:237;线程生命周期消息模块.ixx:283
yes	私有_事件文件代码	私有_事件文件代码	线程生命周期消息模块.ixx:322	2	服务所在模块的内部辅助流程。		线程生命周期消息模块.ixx:322;线程生命周期消息模块.ixx:1020
yes	私有_从缓存字段构造线程信息项	私有_从缓存字段构造线程信息项	线程生命周期消息模块.ixx:328	2	服务所在模块的内部辅助流程。		线程生命周期消息模块.ixx:328;线程生命周期消息模块.ixx:389
yes	私有_写线程信息表缓存_已持锁	私有_写线程信息表缓存_已持锁	线程生命周期消息模块.ixx:413	2	服务所在模块的内部辅助流程。		线程生命周期消息模块.ixx:413;线程生命周期消息模块.ixx:1136
yes	私有_应用线程生命周期消息_已持锁	私有_应用线程生命周期消息_已持锁	线程生命周期消息模块.ixx:497	2	服务所在模块的内部辅助流程。		线程生命周期消息模块.ixx:497;线程生命周期消息模块.ixx:1133
yes	私有_移动到已消费	私有_移动到已消费	线程生命周期消息模块.ixx:599	2	服务所在模块的内部辅助流程。		线程生命周期消息模块.ixx:599;线程生命周期消息模块.ixx:1140
yes	私有_归档日期文本	私有_归档日期文本	线程生命周期消息模块.ixx:658	2	服务所在模块的内部辅助流程。		线程生命周期消息模块.ixx:658;线程生命周期消息模块.ixx:700
yes	私有_消息值得归档	私有_消息值得归档	线程生命周期消息模块.ixx:680	2	服务所在模块的内部辅助流程。		线程生命周期消息模块.ixx:680;线程生命周期消息模块.ixx:815
yes	私有_归档已消费消息文件	私有_归档已消费消息文件	线程生命周期消息模块.ixx:693	2	服务所在模块的内部辅助流程。		线程生命周期消息模块.ixx:693;线程生命周期消息模块.ixx:816
yes	私有_维护消息中间件根目录	私有_维护消息中间件根目录	线程生命周期消息模块.ixx:735	2	服务所在模块的内部辅助流程。		线程生命周期消息模块.ixx:735;线程生命周期消息模块.ixx:868
yes	私有_维护消息中间件已消费目录	私有_维护消息中间件已消费目录	线程生命周期消息模块.ixx:774	2	服务所在模块的内部辅助流程。		线程生命周期消息模块.ixx:774;线程生命周期消息模块.ixx:872
yes	私有_维护消息中间件归档目录	私有_维护消息中间件归档目录	线程生命周期消息模块.ixx:834	2	服务所在模块的内部辅助流程。		线程生命周期消息模块.ixx:834;线程生命周期消息模块.ixx:879
yes	私有_维护消息中间件文件	私有_维护消息中间件文件	线程生命周期消息模块.ixx:857	2	服务所在模块的内部辅助流程。		线程生命周期消息模块.ixx:857;线程生命周期消息模块.ixx:1142
yes	线程生命周期当前时间_微秒	线程生命周期当前时间_微秒	线程生命周期消息模块.ixx:937	2	按函数名执行对应处理。		线程生命周期消息模块.ixx:937;线程生命周期消息模块.ixx:962
yes	当前系统线程ID_控制面板线程消息	当前系统线程ID_控制面板线程消息	线程生命周期消息模块.ixx:943	2	按函数名执行对应处理。		线程生命周期消息模块.ixx:943;线程生命周期消息模块.ixx:969
yes	注册任务状态被动提交函数	注册任务状态被动提交函数	自我动作实现.内部模块.ixx:130	2	提交事实、动态、任务状态或运行回执。		自我动作实现.内部模块.ixx:130;自我动作实现模块.ixx:5745
yes	注册内部本能函数执行闭环	注册内部本能函数执行闭环	自我动作实现.内部模块.ixx:144	2	注册方法、模板、对象或运行入口。		自我动作实现.内部模块.ixx:144;自我动作实现模块.ixx:5744
yes	空间候选最大范围跨度	空间候选最大范围跨度	自我动作实现.外设模块.ixx:10021	2	按函数名执行对应处理。		自我动作实现.外设模块.ixx:10021;自我动作实现.外设模块.ixx:10087
yes	空间候选存在待合并邻居	空间候选存在待合并邻居	自我动作实现.外设模块.ixx:10050	2	按函数名执行对应处理。		自我动作实现.外设模块.ixx:10050;自我动作实现.外设模块.ixx:10079
yes	计算空间候选中心接近评分	计算空间候选中心接近评分	自我动作实现.外设模块.ixx:10135	2	计算权重、状态、差值或派生结果。		自我动作实现.外设模块.ixx:10135;自我动作实现.外设模块.ixx:10213
yes	空间候选独立状态惩罚	空间候选独立状态惩罚	自我动作实现.外设模块.ixx:10154	2	按函数名执行对应处理。		自我动作实现.外设模块.ixx:10154;自我动作实现.外设模块.ixx:10223
yes	特征_当前方法执行情况	特征_当前方法执行情况	自我动作实现.外设模块.ixx:1018	2	执行任务、方法或动作的主体逻辑。		自我动作实现.外设模块.ixx:1018;自我动作实现模块.ixx:535
yes	查找空间候选摘要	查找空间候选摘要	自我动作实现.外设模块.ixx:10250	2	按条件查找目标对象、方法或事实。		自我动作实现.外设模块.ixx:10250;自我动作实现.外设模块.ixx:10365
yes	计算轮廓支持评分	计算轮廓支持评分	自我动作实现.外设模块.ixx:10272	2	计算权重、状态、差值或派生结果。		自我动作实现.外设模块.ixx:10272;自我动作实现.外设模块.ixx:10391
yes	合并相邻待合并空间候选	合并相邻待合并空间候选	自我动作实现.外设模块.ixx:10283	2	按函数名执行对应处理。		自我动作实现.外设模块.ixx:10283;自我动作实现.外设模块.ixx:10373
yes	特征_候选方法头节点	特征_候选方法头节点	自我动作实现.外设模块.ixx:1032	2	按函数名执行对应处理。		自我动作实现.外设模块.ixx:1032;自我动作实现模块.ixx:549
yes	观察存在空间证据通过	观察存在空间证据通过	自我动作实现.外设模块.ixx:10448	2	按函数名执行对应处理。		自我动作实现.外设模块.ixx:10448;自我动作实现.外设模块.ixx:10476
yes	观察存在归属证据通过	观察存在归属证据通过	自我动作实现.外设模块.ixx:10457	2	按函数名执行对应处理。		自我动作实现.外设模块.ixx:10457;自我动作实现.外设模块.ixx:10477
yes	统计已验证观察存在数量	统计已验证观察存在数量	自我动作实现.外设模块.ixx:10481	2	按函数名执行对应处理。		自我动作实现.外设模块.ixx:10481;自我动作实现.外设模块.ixx:11299
yes	生成已验证观察存在项集合	生成已验证观察存在项集合	自我动作实现.外设模块.ixx:10503	2	根据当前输入生成目标数据、场景、动态或回执。		自我动作实现.外设模块.ixx:10503;自我动作实现.外设模块.ixx:11254
yes	读取已确认观察存在投影ROI	读取已确认观察存在投影ROI	自我动作实现.外设模块.ixx:10606	2	从指定来源读取数据或状态。		自我动作实现.外设模块.ixx:10606;自我动作实现.外设模块.ixx:10921
yes	分区簇与预测ROI匹配分数	分区簇与预测ROI匹配分数	自我动作实现.外设模块.ixx:10633	2	按函数名执行对应处理。		自我动作实现.外设模块.ixx:10633;自我动作实现.外设模块.ixx:10943
yes	指定存在跟踪预测区间有效	指定存在跟踪预测区间有效	自我动作实现.外设模块.ixx:10666	2	执行跟踪相关定位、匹配或结果输出逻辑。		自我动作实现.外设模块.ixx:10666;自我动作实现.外设模块.ixx:10689
yes	计算指定存在跟踪正式结果	计算指定存在跟踪正式结果	自我动作实现.外设模块.ixx:10673	2	计算权重、状态、差值或派生结果。		自我动作实现.外设模块.ixx:10673;自我动作实现.外设模块.ixx:21740
yes	特征_当前值	特征_当前值	自我动作实现.外设模块.ixx:1074	2	按函数名执行对应处理。		自我动作实现.外设模块.ixx:1074;自我动作实现模块.ixx:591
yes	计算当前帧分区项区域归属状态	计算当前帧分区项区域归属状态	自我动作实现.外设模块.ixx:10741	2	计算权重、状态、差值或派生结果。		自我动作实现.外设模块.ixx:10741;自我动作实现.外设模块.ixx:24904
yes	计算当前帧分区结果区域归属状态	计算当前帧分区结果区域归属状态	自我动作实现.外设模块.ixx:10777	2	计算权重、状态、差值或派生结果。		自我动作实现.外设模块.ixx:10777;自我动作实现.外设模块.ixx:24864
yes	计算当前帧分区结果区域归属原因掩码	计算当前帧分区结果区域归属原因掩码	自我动作实现.外设模块.ixx:10808	2	计算权重、状态、差值或派生结果。		自我动作实现.外设模块.ixx:10808;自我动作实现.外设模块.ixx:24865
yes	构造当前帧轮廓分区结果	构造当前帧轮廓分区结果	自我动作实现.外设模块.ixx:10840	2	按函数名执行对应处理。		自我动作实现.外设模块.ixx:10840;自我动作实现.外设模块.ixx:24819
yes	特征_已绑定实参表	特征_已绑定实参表	自我动作实现.外设模块.ixx:1088	2	建立对象、任务、方法或因果之间的绑定关系。		自我动作实现.外设模块.ixx:1088;自我动作实现模块.ixx:605
yes	外设簇材料可交付观察方法	外设簇材料可交付观察方法	自我动作实现.外设模块.ixx:11057	2	按函数名执行对应处理。		自我动作实现.外设模块.ixx:11057;自我动作实现.外设模块.ixx:11096
yes	计算全帧像素归属账本	计算全帧像素归属账本	自我动作实现.外设模块.ixx:11242	2	计算权重、状态、差值或派生结果。		自我动作实现.外设模块.ixx:11242;自我动作实现.外设模块.ixx:26675
yes	确认观察存在结果	确认观察存在结果	自我动作实现.外设模块.ixx:11276	2	确认候选事实、存在、状态或运行结果。		自我动作实现.外设模块.ixx:11276;自我动作实现.外设模块.ixx:26674
yes	双目相机失败原因词	双目相机失败原因词	自我动作实现.外设模块.ixx:11342	2	按函数名执行对应处理。		自我动作实现.外设模块.ixx:11342;自我动作实现.外设模块.ixx:11369
yes	打开双目相机适配器	打开双目相机适配器	自我动作实现.外设模块.ixx:11676	2	适配外部接口、模块协议或调用结果。		自我动作实现.外设模块.ixx:11676;自我动作实现.外设模块.ixx:17535
yes	释放双目相机适配器	释放双目相机适配器	自我动作实现.外设模块.ixx:11684	2	适配外部接口、模块协议或调用结果。		自我动作实现.外设模块.ixx:11684;自我动作实现.外设模块.ixx:17615
yes	检查双目相机适配器状态	检查双目相机适配器状态	自我动作实现.外设模块.ixx:11694	2	检查状态、条件、缺口或运行约束。		自我动作实现.外设模块.ixx:11694;自我动作实现.外设模块.ixx:17686
yes	写入空间候选事实	写入空间候选事实	自我动作实现.外设模块.ixx:11726	2	把处理结果写入指定对象、场景或日志。		自我动作实现.外设模块.ixx:11726;自我动作实现.外设模块.ixx:11793
yes	写入空间候选逐项账本	写入空间候选逐项账本	自我动作实现.外设模块.ixx:11786	2	把处理结果写入指定对象、场景或日志。		自我动作实现.外设模块.ixx:11786;自我动作实现.外设模块.ixx:12107
yes	读取空间候选事实	读取空间候选事实	自我动作实现.外设模块.ixx:11798	2	从指定来源读取数据或状态。		自我动作实现.外设模块.ixx:11798;自我动作实现.外设模块.ixx:11872
yes	取或创建观察诊断区域事实	取或创建观察诊断区域事实	自我动作实现.外设模块.ixx:11886	2	创建并返回或登记对应对象。		自我动作实现.外设模块.ixx:11886;自我动作实现.外设模块.ixx:11915
yes	写入观察诊断区域事实	写入观察诊断区域事实	自我动作实现.外设模块.ixx:11910	2	把处理结果写入指定对象、场景或日志。		自我动作实现.外设模块.ixx:11910;自我动作实现.外设模块.ixx:11938
yes	写入观察诊断区域逐项账本	写入观察诊断区域逐项账本	自我动作实现.外设模块.ixx:11931	2	把处理结果写入指定对象、场景或日志。		自我动作实现.外设模块.ixx:11931;自我动作实现.外设模块.ixx:12108
yes	读取观察诊断区域事实	读取观察诊断区域事实	自我动作实现.外设模块.ixx:11943	2	从指定来源读取数据或状态。		自我动作实现.外设模块.ixx:11943;自我动作实现.外设模块.ixx:11978
yes	写入自我观察帧质量摘要	写入自我观察帧质量摘要	自我动作实现.外设模块.ixx:12182	2	把处理结果写入指定对象、场景或日志。		自我动作实现.外设模块.ixx:12182;自我动作实现.外设模块.ixx:18453
yes	计算外设观察存在多帧派生状态	计算外设观察存在多帧派生状态	自我动作实现.外设模块.ixx:12245	2	计算权重、状态、差值或派生结果。		自我动作实现.外设模块.ixx:12245;自我动作实现.外设模块.ixx:12491
yes	构造正式逐簇报告缺口说明	构造正式逐簇报告缺口说明	自我动作实现.外设模块.ixx:12306	2	按函数名执行对应处理。		自我动作实现.外设模块.ixx:12306;自我动作实现.外设模块.ixx:23306
yes	值_来源_输入现实场景包	值_来源_输入现实场景包	自我动作实现.外设模块.ixx:1235	2	按函数名执行对应处理。		自我动作实现.外设模块.ixx:1235;自我动作实现模块.ixx:759
yes	值_来源_输入任务参数包	值_来源_输入任务参数包	自我动作实现.外设模块.ixx:1242	2	按函数名执行对应处理。		自我动作实现.外设模块.ixx:1242;自我动作实现模块.ixx:766
yes	计算外设逐簇报告候选验证状态	计算外设逐簇报告候选验证状态	自我动作实现.外设模块.ixx:12430	2	计算权重、状态、差值或派生结果。		自我动作实现.外设模块.ixx:12430;自我动作实现.外设模块.ixx:21311
yes	写入自我观察帧接口摘要	写入自我观察帧接口摘要	自我动作实现.外设模块.ixx:12512	2	把处理结果写入指定对象、场景或日志。		自我动作实现.外设模块.ixx:12512;自我动作实现.外设模块.ixx:18051
yes	值_来源_目标现实场景	值_来源_目标现实场景	自我动作实现.外设模块.ixx:1263	2	按函数名执行对应处理。		自我动作实现.外设模块.ixx:1263;自我动作实现模块.ixx:787
yes	已落账像素观察事实索引	已落账像素观察事实索引	自我动作实现.外设模块.ixx:12877	2	按函数名执行对应处理。		自我动作实现.外设模块.ixx:12877;自我动作实现.外设模块.ixx:25437
yes	写入空间候选观察队列逐项账本	写入空间候选观察队列逐项账本	自我动作实现.外设模块.ixx:12892	2	把处理结果写入指定对象、场景或日志。		自我动作实现.外设模块.ixx:12892;自我动作实现.外设模块.ixx:13136
yes	计算场景坐标换算置信度	计算场景坐标换算置信度	自我动作实现.外设模块.ixx:12956	2	计算权重、状态、差值或派生结果。		自我动作实现.外设模块.ixx:12956;自我动作实现.外设模块.ixx:22860
yes	读取观察存在来源中心坐标	读取观察存在来源中心坐标	自我动作实现.外设模块.ixx:12966	2	从指定来源读取数据或状态。		自我动作实现.外设模块.ixx:12966;自我动作实现.外设模块.ixx:13014
yes	构造存在空间相对坐标表_同源观察	构造存在空间相对坐标表_同源观察	自我动作实现.外设模块.ixx:12983	2	按函数名执行对应处理。		自我动作实现.外设模块.ixx:12983;自我动作实现.外设模块.ixx:22965
yes	写入全帧像素归属账本摘要	写入全帧像素归属账本摘要	自我动作实现.外设模块.ixx:13058	2	把处理结果写入指定对象、场景或日志。		自我动作实现.外设模块.ixx:13058;自我动作实现.外设模块.ixx:13239
yes	写入双目相机观察存在确认摘要	写入双目相机观察存在确认摘要	自我动作实现.外设模块.ixx:13220	2	把处理结果写入指定对象、场景或日志。		自我动作实现.外设模块.ixx:13220;自我动作实现.外设模块.ixx:26692
yes	值_任务回执_运行成功	值_任务回执_运行成功	自我动作实现.外设模块.ixx:1331	2	执行对应模块、线程或方法的运行逻辑。		自我动作实现.外设模块.ixx:1331;自我动作实现模块.ixx:855
yes	取存在所在场景	取存在所在场景	自我动作实现.外设模块.ixx:13320	2	按函数名执行对应处理。		自我动作实现.外设模块.ixx:13320;自我动作实现.外设模块.ixx:13881
yes	值_任务回执_运行失败	值_任务回执_运行失败	自我动作实现.外设模块.ixx:1338	2	执行对应模块、线程或方法的运行逻辑。		自我动作实现.外设模块.ixx:1338;自我动作实现模块.ixx:862
yes	评估当前场景特征值材料门项状态	评估当前场景特征值材料门项状态	自我动作实现.外设模块.ixx:13393	2	评估状态、风险、质量、权重或完成度。		自我动作实现.外设模块.ixx:13393;自我动作实现.外设模块.ixx:13527
yes	值_任务回执_等待学习	值_任务回执_等待学习	自我动作实现.外设模块.ixx:1345	2	等待线程、任务、外设或条件变化。		自我动作实现.外设模块.ixx:1345;自我动作实现模块.ixx:869
yes	值_任务回执_等待补齐	值_任务回执_等待补齐	自我动作实现.外设模块.ixx:1352	2	等待线程、任务、外设或条件变化。		自我动作实现.外设模块.ixx:1352;自我动作实现模块.ixx:876
yes	追加安全因果候选条目	追加安全因果候选条目	自我动作实现.外设模块.ixx:13567	2	按函数名执行对应处理。		自我动作实现.外设模块.ixx:13567;自我动作实现.外设模块.ixx:13602
yes	值_任务回执_不可推进	值_任务回执_不可推进	自我动作实现.外设模块.ixx:1359	2	按函数名执行对应处理。		自我动作实现.外设模块.ixx:1359;自我动作实现模块.ixx:883
yes	构造安全因果候选条目_由存在特征值	构造安全因果候选条目_由存在特征值	自我动作实现.外设模块.ixx:13619	2	按函数名执行对应处理。		自我动作实现.外设模块.ixx:13619;自我动作实现.外设模块.ixx:20789
yes	值_任务回执_条件不满足	值_任务回执_条件不满足	自我动作实现.外设模块.ixx:1366	2	按函数名执行对应处理。		自我动作实现.外设模块.ixx:1366;自我动作实现模块.ixx:890
yes	写入安全因果候选条目明细	写入安全因果候选条目明细	自我动作实现.外设模块.ixx:13673	2	把处理结果写入指定对象、场景或日志。		自我动作实现.外设模块.ixx:13673;自我动作实现.外设模块.ixx:20829
yes	值_任务回执_运行未达成目标	值_任务回执_运行未达成目标	自我动作实现.外设模块.ixx:1373	2	执行对应模块、线程或方法的运行逻辑。		自我动作实现.外设模块.ixx:1373;自我动作实现模块.ixx:897
yes	值_无筹办缺口	值_无筹办缺口	自我动作实现.外设模块.ixx:1380	2	推进任务筹办，形成候选、缺口或就绪回执。		自我动作实现.外设模块.ixx:1380;自我动作实现模块.ixx:904
yes	目标特征当前值类型代码	目标特征当前值类型代码	自我动作实现.外设模块.ixx:13806	2	按函数名执行对应处理。		自我动作实现.外设模块.ixx:13806;自我动作实现.外设模块.ixx:21136
yes	目标特征当前值类型文本	目标特征当前值类型文本	自我动作实现.外设模块.ixx:13818	2	按函数名执行对应处理。		自我动作实现.外设模块.ixx:13818;自我动作实现.外设模块.ixx:21180
yes	读取目标特征当前值约束快照	读取目标特征当前值约束快照	自我动作实现.外设模块.ixx:13831	2	从指定来源读取数据或状态。		自我动作实现.外设模块.ixx:13831;自我动作实现.外设模块.ixx:20996
yes	值_筹办缺口_任务信息缺失	值_筹办缺口_任务信息缺失	自我动作实现.外设模块.ixx:1387	2	推进任务筹办，形成候选、缺口或就绪回执。		自我动作实现.外设模块.ixx:1387;自我动作实现模块.ixx:911
yes	值_筹办缺口_需求目标不可解析	值_筹办缺口_需求目标不可解析	自我动作实现.外设模块.ixx:1394	2	解析输入文本、消息、场景或运行包。		自我动作实现.外设模块.ixx:1394;自我动作实现模块.ixx:918
yes	写入内部世界基础摘要	写入内部世界基础摘要	自我动作实现.外设模块.ixx:13965	2	把处理结果写入指定对象、场景或日志。		自我动作实现.外设模块.ixx:13965;自我动作实现.外设模块.ixx:25541
yes	值_筹办缺口_无确定候选方法	值_筹办缺口_无确定候选方法	自我动作实现.外设模块.ixx:1401	2	推进任务筹办，形成候选、缺口或就绪回执。		自我动作实现.外设模块.ixx:1401;自我动作实现模块.ixx:925
yes	值_筹办缺口_候选方法不可用	值_筹办缺口_候选方法不可用	自我动作实现.外设模块.ixx:1408	2	推进任务筹办，形成候选、缺口或就绪回执。		自我动作实现.外设模块.ixx:1408;自我动作实现模块.ixx:932
yes	取或创建内部世界子存在	取或创建内部世界子存在	自我动作实现.外设模块.ixx:14091	2	创建并返回或登记对应对象。		自我动作实现.外设模块.ixx:14091;自我动作实现.外设模块.ixx:25806
yes	值_筹办缺口_候选方法缺执行入口	值_筹办缺口_候选方法缺执行入口	自我动作实现.外设模块.ixx:1415	2	执行任务、方法或动作的主体逻辑。		自我动作实现.外设模块.ixx:1415;自我动作实现模块.ixx:939
yes	值_筹办缺口_候选方法条件不满足	值_筹办缺口_候选方法条件不满足	自我动作实现.外设模块.ixx:1422	2	推进任务筹办，形成候选、缺口或就绪回执。		自我动作实现.外设模块.ixx:1422;自我动作实现模块.ixx:946
yes	值_筹办缺口_参数配对失败	值_筹办缺口_参数配对失败	自我动作实现.外设模块.ixx:1429	2	推进任务筹办，形成候选、缺口或就绪回执。		自我动作实现.外设模块.ixx:1429;自我动作实现模块.ixx:953
yes	解析历史观察存在	解析历史观察存在	自我动作实现.外设模块.ixx:14317	2	解析输入文本、消息、场景或运行包。		自我动作实现.外设模块.ixx:14317;自我动作实现.外设模块.ixx:25981
yes	计算范围坐标重叠率	计算范围坐标重叠率	自我动作实现.外设模块.ixx:14384	2	计算权重、状态、差值或派生结果。		自我动作实现.外设模块.ixx:14384;自我动作实现.外设模块.ixx:14519
yes	计算存在中心坐标差	计算存在中心坐标差	自我动作实现.外设模块.ixx:14395	2	计算权重、状态、差值或派生结果。		自我动作实现.外设模块.ixx:14395;自我动作实现.外设模块.ixx:14518
yes	计算存在尺寸差	计算存在尺寸差	自我动作实现.外设模块.ixx:14406	2	计算权重、状态、差值或派生结果。		自我动作实现.外设模块.ixx:14406;自我动作实现.外设模块.ixx:14520
yes	计算存在轮廓差	计算存在轮廓差	自我动作实现.外设模块.ixx:14417	2	计算权重、状态、差值或派生结果。		自我动作实现.外设模块.ixx:14417;自我动作实现.外设模块.ixx:14535
yes	值_执行缺口_任务状态不允许执行	值_执行缺口_任务状态不允许执行	自我动作实现.外设模块.ixx:1443	2	执行任务、方法或动作的主体逻辑。		自我动作实现.外设模块.ixx:1443;自我动作实现模块.ixx:967
yes	计算匹配置信度	计算匹配置信度	自我动作实现.外设模块.ixx:14437	2	计算权重、状态、差值或派生结果。		自我动作实现.外设模块.ixx:14437;自我动作实现.外设模块.ixx:14536
yes	取或创建观察存在匹配关系	取或创建观察存在匹配关系	自我动作实现.外设模块.ixx:14458	2	创建并返回或登记对应对象。		自我动作实现.外设模块.ixx:14458;自我动作实现.外设模块.ixx:14515
yes	取或创建观察存在变化结果	取或创建观察存在变化结果	自我动作实现.外设模块.ixx:14472	2	创建并返回或登记对应对象。		自我动作实现.外设模块.ixx:14472;自我动作实现.外设模块.ixx:14575
yes	取或创建观察变化事件	取或创建观察变化事件	自我动作实现.外设模块.ixx:14486	2	创建并返回或登记对应对象。		自我动作实现.外设模块.ixx:14486;自我动作实现.外设模块.ixx:14650
yes	值_执行缺口_当前方法缺失	值_执行缺口_当前方法缺失	自我动作实现.外设模块.ixx:1450	2	执行任务、方法或动作的主体逻辑。		自我动作实现.外设模块.ixx:1450;自我动作实现模块.ixx:974
yes	值_执行缺口_当前方法无执行入口	值_执行缺口_当前方法无执行入口	自我动作实现.外设模块.ixx:1464	2	执行任务、方法或动作的主体逻辑。		自我动作实现.外设模块.ixx:1464;自我动作实现模块.ixx:988
yes	计算观察变化事件	计算观察变化事件	自我动作实现.外设模块.ixx:14642	2	计算权重、状态、差值或派生结果。		自我动作实现.外设模块.ixx:14642;自我动作实现.外设模块.ixx:25995
yes	写入观察变化方法结果	写入观察变化方法结果	自我动作实现.外设模块.ixx:14704	2	把处理结果写入指定对象、场景或日志。		自我动作实现.外设模块.ixx:14704;自我动作实现.外设模块.ixx:26028
yes	值_执行缺口_输出结果缺失	值_执行缺口_输出结果缺失	自我动作实现.外设模块.ixx:1485	2	执行任务、方法或动作的主体逻辑。		自我动作实现.外设模块.ixx:1485;自我动作实现模块.ixx:1009
yes	场景复现候选范围有效	场景复现候选范围有效	自我动作实现.外设模块.ixx:14861	2	按函数名执行对应处理。		自我动作实现.外设模块.ixx:14861;自我动作实现.外设模块.ixx:15149
yes	取或创建场景识别快照	取或创建场景识别快照	自我动作实现.外设模块.ixx:14869	2	创建并返回或登记对应对象。		自我动作实现.外设模块.ixx:14869;自我动作实现.外设模块.ixx:26151
yes	取或创建OpenGL复现数据	取或创建OpenGL复现数据	自我动作实现.外设模块.ixx:14875	2	创建并返回或登记对应对象。		自我动作实现.外设模块.ixx:14875;自我动作实现.外设模块.ixx:26160
yes	读取场景复现上下文	读取场景复现上下文	自我动作实现.外设模块.ixx:14881	2	从指定来源读取数据或状态。		自我动作实现.外设模块.ixx:14881;自我动作实现.外设模块.ixx:26147
yes	值_执行缺口_需求未满足	值_执行缺口_需求未满足	自我动作实现.外设模块.ixx:1492	2	执行任务、方法或动作的主体逻辑。		自我动作实现.外设模块.ixx:1492;自我动作实现模块.ixx:1016
yes	值_派生需求_重新筹办任务	值_派生需求_重新筹办任务	自我动作实现.外设模块.ixx:1499	2	推进任务筹办，形成候选、缺口或就绪回执。		自我动作实现.外设模块.ixx:1499;自我动作实现模块.ixx:1023
yes	值_派生需求_检查当前方法执行入口	值_派生需求_检查当前方法执行入口	自我动作实现.外设模块.ixx:1506	2	检查状态、条件、缺口或运行约束。		自我动作实现.外设模块.ixx:1506;自我动作实现模块.ixx:1030
yes	值_方法运行结果_筹办成功	值_方法运行结果_筹办成功	自我动作实现.外设模块.ixx:1513	2	执行对应模块、线程或方法的运行逻辑。		自我动作实现.外设模块.ixx:1513;自我动作实现模块.ixx:1037
yes	写入OpenGL复现数据摘要	写入OpenGL复现数据摘要	自我动作实现.外设模块.ixx:15143	2	把处理结果写入指定对象、场景或日志。		自我动作实现.外设模块.ixx:15143;自我动作实现.外设模块.ixx:26161
yes	写入场景复现方法结果	写入场景复现方法结果	自我动作实现.外设模块.ixx:15170	2	把处理结果写入指定对象、场景或日志。		自我动作实现.外设模块.ixx:15170;自我动作实现.外设模块.ixx:26192
yes	值_方法运行结果_筹办未完成	值_方法运行结果_筹办未完成	自我动作实现.外设模块.ixx:1520	2	执行对应模块、线程或方法的运行逻辑。		自我动作实现.外设模块.ixx:1520;自我动作实现模块.ixx:1044
yes	值_方法运行结果_筹办失败	值_方法运行结果_筹办失败	自我动作实现.外设模块.ixx:1527	2	执行对应模块、线程或方法的运行逻辑。		自我动作实现.外设模块.ixx:1527;自我动作实现模块.ixx:1051
yes	特征_执行前值	特征_执行前值	自我动作实现.外设模块.ixx:1590	2	执行任务、方法或动作的主体逻辑。		自我动作实现.外设模块.ixx:1590;自我动作实现模块.ixx:1114
yes	特征_执行后值	特征_执行后值	自我动作实现.外设模块.ixx:1597	2	执行任务、方法或动作的主体逻辑。		自我动作实现.外设模块.ixx:1597;自我动作实现模块.ixx:1121
yes	特征_改变量	特征_改变量	自我动作实现.外设模块.ixx:1631	2	按函数名执行对应处理。		自我动作实现.外设模块.ixx:1631;自我动作实现模块.ixx:1155
yes	特征_服务值	特征_服务值	自我动作实现.外设模块.ixx:1638	2	按函数名执行对应处理。		自我动作实现.外设模块.ixx:1638;自我动作实现模块.ixx:1162
yes	特征_待处理方法数量	特征_待处理方法数量	自我动作实现.外设模块.ixx:1644	2	按函数名执行对应处理。		自我动作实现.外设模块.ixx:1644;自我动作实现模块.ixx:1168
yes	特征_可用方法数量	特征_可用方法数量	自我动作实现.外设模块.ixx:1651	2	按函数名执行对应处理。		自我动作实现.外设模块.ixx:1651;自我动作实现模块.ixx:1175
yes	特征_需求条件包	特征_需求条件包	自我动作实现.外设模块.ixx:1658	2	按函数名执行对应处理。		自我动作实现.外设模块.ixx:1658;自我动作实现模块.ixx:1182
yes	特征_查找限制包	特征_查找限制包	自我动作实现.外设模块.ixx:1665	2	按条件查找目标对象、方法或事实。		自我动作实现.外设模块.ixx:1665;自我动作实现模块.ixx:1189
yes	特征_方法搜索根	特征_方法搜索根	自我动作实现.外设模块.ixx:1679	2	在候选范围内搜索目标对象或路径。		自我动作实现.外设模块.ixx:1679;自我动作实现模块.ixx:1203
yes	名称_双目相机外设	名称_双目相机外设	自我动作实现.外设模块.ixx:17298	2	按函数名执行对应处理。		自我动作实现.外设模块.ixx:17298;自我动作实现.外设模块.ixx:17336
yes	类型_外设存在	类型_外设存在	自我动作实现.外设模块.ixx:17305	2	按函数名执行对应处理。		自我动作实现.外设模块.ixx:17305;自我动作实现.外设模块.ixx:17337
yes	取或创建双目相机外设存在	取或创建双目相机外设存在	自我动作实现.外设模块.ixx:17327	2	创建并返回或登记对应对象。		自我动作实现.外设模块.ixx:17327;自我动作实现.外设模块.ixx:17357
yes	写入输出结果I64状态	写入输出结果I64状态	自我动作实现.外设模块.ixx:17460	2	把处理结果写入指定对象、场景或日志。		自我动作实现.外设模块.ixx:17460;自我动作实现.外设模块.ixx:18923
yes	特征_最高允许目标特征类型	特征_最高允许目标特征类型	自我动作实现.外设模块.ixx:1749	2	按函数名执行对应处理。		自我动作实现.外设模块.ixx:1749;自我动作实现模块.ixx:1273
yes	特征_最高允许宿主类型	特征_最高允许宿主类型	自我动作实现.外设模块.ixx:1756	2	按函数名执行对应处理。		自我动作实现.外设模块.ixx:1756;自我动作实现模块.ixx:1280
yes	特征_允许值类型	特征_允许值类型	自我动作实现.外设模块.ixx:1763	2	按函数名执行对应处理。		自我动作实现.外设模块.ixx:1763;自我动作实现模块.ixx:1287
yes	特征_最大类型抽象层数	特征_最大类型抽象层数	自我动作实现.外设模块.ixx:1777	2	按函数名执行对应处理。		自我动作实现.外设模块.ixx:1777;自我动作实现模块.ixx:1301
yes	特征_最大值域抽象层数	特征_最大值域抽象层数	自我动作实现.外设模块.ixx:1784	2	按函数名执行对应处理。		自我动作实现.外设模块.ixx:1784;自我动作实现模块.ixx:1308
yes	特征_最大查找递归深度	特征_最大查找递归深度	自我动作实现.外设模块.ixx:1798	2	按条件查找目标对象、方法或事实。		自我动作实现.外设模块.ixx:1798;自我动作实现模块.ixx:1322
yes	特征_是否包含禁用方法	特征_是否包含禁用方法	自我动作实现.外设模块.ixx:1805	2	按函数名执行对应处理。		自我动作实现.外设模块.ixx:1805;自我动作实现模块.ixx:1329
yes	特征_是否允许当前方法自身	特征_是否允许当前方法自身	自我动作实现.外设模块.ixx:1812	2	按函数名执行对应处理。		自我动作实现.外设模块.ixx:1812;自我动作实现模块.ixx:1336
yes	特征_方法配对结果	特征_方法配对结果	自我动作实现.外设模块.ixx:1819	2	按函数名执行对应处理。		自我动作实现.外设模块.ixx:1819;自我动作实现模块.ixx:1343
yes	特征_参数配对结果	特征_参数配对结果	自我动作实现.外设模块.ixx:1826	2	按函数名执行对应处理。		自我动作实现.外设模块.ixx:1826;自我动作实现模块.ixx:1350
yes	类型_参数配对结果存在	类型_参数配对结果存在	自我动作实现.外设模块.ixx:1833	2	按函数名执行对应处理。		自我动作实现.外设模块.ixx:1833;自我动作实现模块.ixx:1357
yes	特征_参数配对情况	特征_参数配对情况	自我动作实现.外设模块.ixx:1840	2	按函数名执行对应处理。		自我动作实现.外设模块.ixx:1840;自我动作实现模块.ixx:1364
yes	类型_方法配对结果存在	类型_方法配对结果存在	自我动作实现.外设模块.ixx:1868	2	按函数名执行对应处理。		自我动作实现.外设模块.ixx:1868;自我动作实现模块.ixx:1392
yes	特征_来源需求条件包	特征_来源需求条件包	自我动作实现.外设模块.ixx:1882	2	按函数名执行对应处理。		自我动作实现.外设模块.ixx:1882;自我动作实现模块.ixx:1406
yes	特征_使用限制包	特征_使用限制包	自我动作实现.外设模块.ixx:1889	2	按函数名执行对应处理。		自我动作实现.外设模块.ixx:1889;自我动作实现模块.ixx:1413
yes	特征_缓存方法虚拟存在	特征_缓存方法虚拟存在	自我动作实现.外设模块.ixx:1917	2	按函数名执行对应处理。		自我动作实现.外设模块.ixx:1917;自我动作实现模块.ixx:1441
yes	特征_选中方法虚拟存在	特征_选中方法虚拟存在	自我动作实现.外设模块.ixx:1924	2	按函数名执行对应处理。		自我动作实现.外设模块.ixx:1924;自我动作实现模块.ixx:1448
yes	特征_匹配方法能力包	特征_匹配方法能力包	自我动作实现.外设模块.ixx:1931	2	按函数名执行对应处理。		自我动作实现.外设模块.ixx:1931;自我动作实现模块.ixx:1455
yes	特征_原始需求绑定包	特征_原始需求绑定包	自我动作实现.外设模块.ixx:1938	2	建立对象、任务、方法或因果之间的绑定关系。		自我动作实现.外设模块.ixx:1938;自我动作实现模块.ixx:1462
yes	特征_匹配路径记录	特征_匹配路径记录	自我动作实现.外设模块.ixx:1945	2	记录日志、动态、证据或运行痕迹。		自我动作实现.外设模块.ixx:1945;自我动作实现模块.ixx:1469
yes	特征_类型抽象距离	特征_类型抽象距离	自我动作实现.外设模块.ixx:1952	2	按函数名执行对应处理。		自我动作实现.外设模块.ixx:1952;自我动作实现模块.ixx:1476
yes	特征_值域抽象距离	特征_值域抽象距离	自我动作实现.外设模块.ixx:1959	2	按函数名执行对应处理。		自我动作实现.外设模块.ixx:1959;自我动作实现模块.ixx:1483
yes	特征_总匹配距离	特征_总匹配距离	自我动作实现.外设模块.ixx:1966	2	按函数名执行对应处理。		自我动作实现.外设模块.ixx:1966;自我动作实现模块.ixx:1490
yes	特征_待配对形参表	特征_待配对形参表	自我动作实现.外设模块.ixx:1973	2	按函数名执行对应处理。		自我动作实现.外设模块.ixx:1973;自我动作实现模块.ixx:1497
yes	特征_候选扫描数量	特征_候选扫描数量	自我动作实现.外设模块.ixx:1980	2	执行扫描相关材料获取、比较或提交逻辑。		自我动作实现.外设模块.ixx:1980;自我动作实现模块.ixx:1504
yes	特征_成功匹配数量	特征_成功匹配数量	自我动作实现.外设模块.ixx:1987	2	按函数名执行对应处理。		自我动作实现.外设模块.ixx:1987;自我动作实现模块.ixx:1511
yes	特征_使用默认方法搜索根	特征_使用默认方法搜索根	自我动作实现.外设模块.ixx:2001	2	在候选范围内搜索目标对象或路径。		自我动作实现.外设模块.ixx:2001;自我动作实现模块.ixx:1525
yes	值_输入绑定失败	值_输入绑定失败	自我动作实现.外设模块.ixx:2008	2	建立对象、任务、方法或因果之间的绑定关系。		自我动作实现.外设模块.ixx:2008;自我动作实现模块.ixx:1532
yes	值_超出限制	值_超出限制	自我动作实现.外设模块.ixx:2015	2	按函数名执行对应处理。		自我动作实现.外设模块.ixx:2015;自我动作实现模块.ixx:1539
yes	值_没有匹配方法	值_没有匹配方法	自我动作实现.外设模块.ixx:2022	2	按函数名执行对应处理。		自我动作实现.外设模块.ixx:2022;自我动作实现模块.ixx:1546
yes	值_不修改现实场景特征值	值_不修改现实场景特征值	自我动作实现.外设模块.ixx:2085	2	按函数名执行对应处理。		自我动作实现.外设模块.ixx:2085;自我动作实现模块.ixx:1609
yes	值_不执行被查找到的方法	值_不执行被查找到的方法	自我动作实现.外设模块.ixx:2092	2	按条件查找目标对象、方法或事实。		自我动作实现.外设模块.ixx:2092;自我动作实现模块.ixx:1616
yes	类型_安全因果候选条目	类型_安全因果候选条目	自我动作实现.外设模块.ixx:2211	2	按函数名执行对应处理。		自我动作实现.外设模块.ixx:2211;自我动作实现.外设模块.ixx:13687
yes	类型_自我边界参照	类型_自我边界参照	自我动作实现.外设模块.ixx:2218	2	按函数名执行对应处理。		自我动作实现.外设模块.ixx:2218;自我动作实现.外设模块.ixx:20374
yes	名称_存在内部世界	名称_存在内部世界	自我动作实现.外设模块.ixx:2225	2	按函数名执行对应处理。		自我动作实现.外设模块.ixx:2225;自我动作实现.外设模块.ixx:13883
yes	类型_观察存在匹配关系	类型_观察存在匹配关系	自我动作实现.外设模块.ixx:2267	2	按函数名执行对应处理。		自我动作实现.外设模块.ixx:2267;自我动作实现.外设模块.ixx:14465
yes	类型_观察存在变化结果	类型_观察存在变化结果	自我动作实现.外设模块.ixx:2274	2	按函数名执行对应处理。		自我动作实现.外设模块.ixx:2274;自我动作实现.外设模块.ixx:14479
yes	类型_当前观察范围可观测单位存在对应事实	类型_当前观察范围可观测单位存在对应事实	自我动作实现.外设模块.ixx:2281	2	按函数名执行对应处理。		自我动作实现.外设模块.ixx:2281;自我动作实现.外设模块.ixx:23189
yes	类型_可观测单位到存在映射表	类型_可观测单位到存在映射表	自我动作实现.外设模块.ixx:2288	2	按函数名执行对应处理。		自我动作实现.外设模块.ixx:2288;自我动作实现.外设模块.ixx:23203
yes	类型_可观测单位到存在映射项	类型_可观测单位到存在映射项	自我动作实现.外设模块.ixx:2295	2	按函数名执行对应处理。		自我动作实现.外设模块.ixx:2295;自我动作实现.外设模块.ixx:23750
yes	类型_观察存在发现事实	类型_观察存在发现事实	自我动作实现.外设模块.ixx:2302	2	按函数名执行对应处理。		自我动作实现.外设模块.ixx:2302;自我动作实现.外设模块.ixx:24272
yes	类型_观察变化事件	类型_观察变化事件	自我动作实现.外设模块.ixx:2309	2	按函数名执行对应处理。		自我动作实现.外设模块.ixx:2309;自我动作实现.外设模块.ixx:14493
yes	类型_当前帧轮廓分区项	类型_当前帧轮廓分区项	自我动作实现.外设模块.ixx:2316	2	按函数名执行对应处理。		自我动作实现.外设模块.ixx:2316;自我动作实现.外设模块.ixx:24875
yes	取或创建当前观察范围对应事实	取或创建当前观察范围对应事实	自我动作实现.外设模块.ixx:23182	2	创建并返回或登记对应对象。		自我动作实现.外设模块.ixx:23182;自我动作实现.外设模块.ixx:23616
yes	取或创建可观测单位映射表	取或创建可观测单位映射表	自我动作实现.外设模块.ixx:23196	2	创建并返回或登记对应对象。		自我动作实现.外设模块.ixx:23196;自我动作实现.外设模块.ixx:23622
yes	类型_当前场景特征值可读材料门项	类型_当前场景特征值可读材料门项	自我动作实现.外设模块.ixx:2323	2	按函数名执行对应处理。		自我动作实现.外设模块.ixx:2323;自我动作实现.外设模块.ixx:13748
yes	类型_场景识别快照	类型_场景识别快照	自我动作实现.外设模块.ixx:2330	2	执行识别相关匹配、确认或结果输出逻辑。		自我动作实现.外设模块.ixx:2330;自我动作实现.外设模块.ixx:14871
yes	类型_OpenGL复现数据	类型_OpenGL复现数据	自我动作实现.外设模块.ixx:2337	2	按函数名执行对应处理。		自我动作实现.外设模块.ixx:2337;自我动作实现.外设模块.ixx:14877
yes	读取像素坐标参数	读取像素坐标参数	自我动作实现.外设模块.ixx:25389	2	从指定来源读取数据或状态。		自我动作实现.外设模块.ixx:25389;自我动作实现.外设模块.ixx:25432
yes	特征_内部世界场景类型	特征_内部世界场景类型	自我动作实现.外设模块.ixx:3387	2	按函数名执行对应处理。		自我动作实现.外设模块.ixx:3387;自我动作实现.外设模块.ixx:13976
yes	特征_父场景	特征_父场景	自我动作实现.外设模块.ixx:3401	2	按函数名执行对应处理。		自我动作实现.外设模块.ixx:3401;自我动作实现.外设模块.ixx:13992
yes	特征_外部场景	特征_外部场景	自我动作实现.外设模块.ixx:3443	2	按函数名执行对应处理。		自我动作实现.外设模块.ixx:3443;自我动作实现.外设模块.ixx:14011
yes	特征_内部场景	特征_内部场景	自我动作实现.外设模块.ixx:3450	2	按函数名执行对应处理。		自我动作实现.外设模块.ixx:3450;自我动作实现.外设模块.ixx:14009
yes	特征_局部像素索引状态	特征_局部像素索引状态	自我动作实现.外设模块.ixx:3583	2	按函数名执行对应处理。		自我动作实现.外设模块.ixx:3583;自我动作实现.外设模块.ixx:14039
yes	特征_不再细分	特征_不再细分	自我动作实现.外设模块.ixx:3632	2	按函数名执行对应处理。		自我动作实现.外设模块.ixx:3632;自我动作实现.外设模块.ixx:14108
yes	特征_可绘制状态	特征_可绘制状态	自我动作实现.外设模块.ixx:3639	2	按函数名执行对应处理。		自我动作实现.外设模块.ixx:3639;自我动作实现.外设模块.ixx:13989
yes	计算场景评估安全值候选	计算场景评估安全值候选	自我动作实现.外设模块.ixx:400	2	评估状态、风险、质量、权重或完成度。		自我动作实现.外设模块.ixx:400;自我动作实现.外设模块.ixx:18771
yes	特征_观察队列排序位次	特征_观察队列排序位次	自我动作实现.外设模块.ixx:4150	2	按函数名执行对应处理。		自我动作实现.外设模块.ixx:4150;自我动作实现.外设模块.ixx:12902
yes	特征_空间候选中心接近评分	特征_空间候选中心接近评分	自我动作实现.外设模块.ixx:4164	2	按函数名执行对应处理。		自我动作实现.外设模块.ixx:4164;自我动作实现.外设模块.ixx:12905
yes	特征_空间候选范围大小评分	特征_空间候选范围大小评分	自我动作实现.外设模块.ixx:4171	2	按函数名执行对应处理。		自我动作实现.外设模块.ixx:4171;自我动作实现.外设模块.ixx:12906
yes	特征_空间候选相对独立状态	特征_空间候选相对独立状态	自我动作实现.外设模块.ixx:4178	2	按函数名执行对应处理。		自我动作实现.外设模块.ixx:4178;自我动作实现.外设模块.ixx:12904
yes	评估存在风险安全值	评估存在风险安全值	自我动作实现.外设模块.ixx:440	2	评估状态、风险、质量、权重或完成度。		自我动作实现.外设模块.ixx:440;自我动作实现.外设模块.ixx:18757
yes	特征_已归属存在当前特征_基准特征差异状态	特征_已归属存在当前特征_基准特征差异状态	自我动作实现.外设模块.ixx:4563	2	按函数名执行对应处理。		自我动作实现.外设模块.ixx:4563;自我动作实现.外设模块.ixx:14632
yes	特征_已归属存在当前特征_基准特征差异值	特征_已归属存在当前特征_基准特征差异值	自我动作实现.外设模块.ixx:4570	2	按函数名执行对应处理。		自我动作实现.外设模块.ixx:4570;自我动作实现.外设模块.ixx:14633
yes	特征_已归属存在特征值域冲突动态	特征_已归属存在特征值域冲突动态	自我动作实现.外设模块.ixx:4584	2	按函数名执行对应处理。		自我动作实现.外设模块.ixx:4584;自我动作实现.外设模块.ixx:23126
yes	平均存在风险压力	平均存在风险压力	自我动作实现.外设模块.ixx:485	2	按函数名执行对应处理。		自我动作实现.外设模块.ixx:485;自我动作实现.外设模块.ixx:18770
yes	搜索安全因果因素证据	搜索安全因果因素证据	自我动作实现.外设模块.ixx:522	2	在候选范围内搜索目标对象或路径。		自我动作实现.外设模块.ixx:522;自我动作实现.外设模块.ixx:19417
yes	特征_来源已确认观察存在	特征_来源已确认观察存在	自我动作实现.外设模块.ixx:5221	2	确认候选事实、存在、状态或运行结果。		自我动作实现.外设模块.ixx:5221;自我动作实现.外设模块.ixx:24881
yes	特征_匹配外设观察像素簇ID	特征_匹配外设观察像素簇ID	自我动作实现.外设模块.ixx:5228	2	按函数名执行对应处理。		自我动作实现.外设模块.ixx:5228;自我动作实现.外设模块.ixx:24887
yes	特征_执行前值快照	特征_执行前值快照	自我动作实现.外设模块.ixx:5368	2	执行任务、方法或动作的主体逻辑。		自我动作实现.外设模块.ixx:5368;自我动作实现模块.ixx:1784
yes	特征_特征类型配对结果	特征_特征类型配对结果	自我动作实现.外设模块.ixx:5375	2	按函数名执行对应处理。		自我动作实现.外设模块.ixx:5375;自我动作实现模块.ixx:1791
yes	特征_实例缺失策略	特征_实例缺失策略	自我动作实现.外设模块.ixx:5382	2	按函数名执行对应处理。		自我动作实现.外设模块.ixx:5382;自我动作实现模块.ixx:1798
yes	特征_溢出策略	特征_溢出策略	自我动作实现.外设模块.ixx:5389	2	按函数名执行对应处理。		自我动作实现.外设模块.ixx:5389;自我动作实现模块.ixx:1805
yes	特征_限制包	特征_限制包	自我动作实现.外设模块.ixx:5396	2	按函数名执行对应处理。		自我动作实现.外设模块.ixx:5396;自我动作实现模块.ixx:1812
yes	特征_实际执行差值	特征_实际执行差值	自我动作实现.外设模块.ixx:5410	2	执行任务、方法或动作的主体逻辑。		自我动作实现.外设模块.ixx:5410;自我动作实现模块.ixx:1826
yes	特征_差值命中状态	特征_差值命中状态	自我动作实现.外设模块.ixx:5417	2	按函数名执行对应处理。		自我动作实现.外设模块.ixx:5417;自我动作实现模块.ixx:1833
yes	特征_是否发生溢出	特征_是否发生溢出	自我动作实现.外设模块.ixx:5424	2	按函数名执行对应处理。		自我动作实现.外设模块.ixx:5424;自我动作实现模块.ixx:1840
yes	特征_当前命中抽象特征	特征_当前命中抽象特征	自我动作实现.外设模块.ixx:5431	2	按函数名执行对应处理。		自我动作实现.外设模块.ixx:5431;自我动作实现模块.ixx:1847
yes	方法状态_待方法动作	方法状态_待方法动作	自我动作实现.外设模块.ixx:5698	2	方法状态必须使用 枚举_方法状态 的连续取值；旧的 10/20/60 阶梯值会破坏需求目标满足判断。		自我动作实现.外设模块.ixx:5698;自我动作实现模块.ixx:2135
yes	方法状态_有条件节点	方法状态_有条件节点	自我动作实现.外设模块.ixx:5707	2	按函数名执行对应处理。		自我动作实现.外设模块.ixx:5707;自我动作实现模块.ixx:2144
yes	方法状态_有条件结果	方法状态_有条件结果	自我动作实现.外设模块.ixx:5713	2	按函数名执行对应处理。		自我动作实现.外设模块.ixx:5713;自我动作实现模块.ixx:2150
yes	特征_当前交互者明确状态	特征_当前交互者明确状态	自我动作实现.外设模块.ixx:5736	2	按函数名执行对应处理。		自我动作实现.外设模块.ixx:5736;自我动作实现模块.ixx:2173
yes	特征_当前人类服务对象明确状态	特征_当前人类服务对象明确状态	自我动作实现.外设模块.ixx:5743	2	按函数名执行对应处理。		自我动作实现.外设模块.ixx:5743;自我动作实现模块.ixx:2180
yes	特征_当前权限者明确状态	特征_当前权限者明确状态	自我动作实现.外设模块.ixx:5750	2	按函数名执行对应处理。		自我动作实现.外设模块.ixx:5750;自我动作实现模块.ixx:2187
yes	特征_当前服务目标明确状态	特征_当前服务目标明确状态	自我动作实现.外设模块.ixx:5757	2	按函数名执行对应处理。		自我动作实现.外设模块.ixx:5757;自我动作实现模块.ixx:2194
yes	特征_沟通交流需求明确状态	特征_沟通交流需求明确状态	自我动作实现.外设模块.ixx:5764	2	按函数名执行对应处理。		自我动作实现.外设模块.ixx:5764;自我动作实现模块.ixx:2201
yes	特征_服务对象反馈信息获取尝试状态	特征_服务对象反馈信息获取尝试状态	自我动作实现.外设模块.ixx:5771	2	读取并返回指定对象、状态或运行材料。		自我动作实现.外设模块.ixx:5771;自我动作实现模块.ixx:2208
yes	特征_自我运行状态明确状态	特征_自我运行状态明确状态	自我动作实现.外设模块.ixx:5778	2	执行对应模块、线程或方法的运行逻辑。		自我动作实现.外设模块.ixx:5778;自我动作实现模块.ixx:2215
yes	特征_自我运行状态正常状态	特征_自我运行状态正常状态	自我动作实现.外设模块.ixx:5785	2	执行对应模块、线程或方法的运行逻辑。		自我动作实现.外设模块.ixx:5785;自我动作实现模块.ixx:2222
yes	特征_资源状态明确状态	特征_资源状态明确状态	自我动作实现.外设模块.ixx:5792	2	按函数名执行对应处理。		自我动作实现.外设模块.ixx:5792;自我动作实现模块.ixx:2229
yes	特征_资源状态足够状态	特征_资源状态足够状态	自我动作实现.外设模块.ixx:5799	2	按函数名执行对应处理。		自我动作实现.外设模块.ixx:5799;自我动作实现模块.ixx:2236
yes	特征_权限边界明确状态	特征_权限边界明确状态	自我动作实现.外设模块.ixx:5806	2	按函数名执行对应处理。		自我动作实现.外设模块.ixx:5806;自我动作实现模块.ixx:2243
yes	特征_风险状态可控状态	特征_风险状态可控状态	自我动作实现.外设模块.ixx:5820	2	按函数名执行对应处理。		自我动作实现.外设模块.ixx:5820;自我动作实现模块.ixx:2257
yes	特征_当前场景特征值材料缺失存在数量	特征_当前场景特征值材料缺失存在数量	自我动作实现.外设模块.ixx:5897	2	按函数名执行对应处理。		自我动作实现.外设模块.ixx:5897;自我动作实现.外设模块.ixx:13728
yes	特征_当前场景特征值材料过期存在数量	特征_当前场景特征值材料过期存在数量	自我动作实现.外设模块.ixx:5904	2	按函数名执行对应处理。		自我动作实现.外设模块.ixx:5904;自我动作实现.外设模块.ixx:13729
yes	特征_当前场景特征值材料冲突存在数量	特征_当前场景特征值材料冲突存在数量	自我动作实现.外设模块.ixx:5911	2	按函数名执行对应处理。		自我动作实现.外设模块.ixx:5911;自我动作实现.外设模块.ixx:13730
yes	特征_来源报告时间戳毫秒	特征_来源报告时间戳毫秒	自我动作实现.外设模块.ixx:5953	2	按函数名执行对应处理。		自我动作实现.外设模块.ixx:5953;自我动作实现.外设模块.ixx:13762
yes	特征_存在_场景绝对坐标X	特征_存在_场景绝对坐标X	自我动作实现.外设模块.ixx:5960	2	按函数名执行对应处理。		自我动作实现.外设模块.ixx:5960;自我动作实现.外设模块.ixx:13470
yes	特征_存在_场景绝对坐标Y	特征_存在_场景绝对坐标Y	自我动作实现.外设模块.ixx:5967	2	按函数名执行对应处理。		自我动作实现.外设模块.ixx:5967;自我动作实现.外设模块.ixx:13471
yes	特征_存在_场景绝对坐标Z	特征_存在_场景绝对坐标Z	自我动作实现.外设模块.ixx:5974	2	按函数名执行对应处理。		自我动作实现.外设模块.ixx:5974;自我动作实现.外设模块.ixx:13472
yes	自我边界坐标转I64三元	自我边界坐标转I64三元	自我动作实现.外设模块.ixx:6072	2	按函数名执行对应处理。		自我动作实现.外设模块.ixx:6072;自我动作实现.外设模块.ixx:6096
yes	特征_安全因果候选存在	特征_安全因果候选存在	自我动作实现.外设模块.ixx:6246	2	按函数名执行对应处理。		自我动作实现.外设模块.ixx:6246;自我动作实现.外设模块.ixx:13694
yes	特征_安全因果候选特征类型	特征_安全因果候选特征类型	自我动作实现.外设模块.ixx:6253	2	按函数名执行对应处理。		自我动作实现.外设模块.ixx:6253;自我动作实现.外设模块.ixx:13695
yes	特征_安全因果候选当前特征值读取状态	特征_安全因果候选当前特征值读取状态	自我动作实现.外设模块.ixx:6260	2	从指定来源读取数据或状态。		自我动作实现.外设模块.ixx:6260;自我动作实现.外设模块.ixx:13696
yes	特征_安全因果候选当前特征值	特征_安全因果候选当前特征值	自我动作实现.外设模块.ixx:6267	2	按函数名执行对应处理。		自我动作实现.外设模块.ixx:6267;自我动作实现.外设模块.ixx:13697
yes	特征_安全因果候选前一特征值	特征_安全因果候选前一特征值	自我动作实现.外设模块.ixx:6274	2	按函数名执行对应处理。		自我动作实现.外设模块.ixx:6274;自我动作实现.外设模块.ixx:13698
yes	特征_安全因果候选前一特征值缺口状态	特征_安全因果候选前一特征值缺口状态	自我动作实现.外设模块.ixx:6281	2	按函数名执行对应处理。		自我动作实现.外设模块.ixx:6281;自我动作实现.外设模块.ixx:13699
yes	特征_安全因果候选变化方向	特征_安全因果候选变化方向	自我动作实现.外设模块.ixx:6288	2	按函数名执行对应处理。		自我动作实现.外设模块.ixx:6288;自我动作实现.外设模块.ixx:13700
yes	特征_安全因果候选时间窗口	特征_安全因果候选时间窗口	自我动作实现.外设模块.ixx:6295	2	按函数名执行对应处理。		自我动作实现.外设模块.ixx:6295;自我动作实现.外设模块.ixx:13701
yes	特征_安全因果候选来源观察报告	特征_安全因果候选来源观察报告	自我动作实现.外设模块.ixx:6302	2	按函数名执行对应处理。		自我动作实现.外设模块.ixx:6302;自我动作实现.外设模块.ixx:13702
yes	特征_安全因果候选相关自我关键特征	特征_安全因果候选相关自我关键特征	自我动作实现.外设模块.ixx:6309	2	按函数名执行对应处理。		自我动作实现.外设模块.ixx:6309;自我动作实现.外设模块.ixx:13706
yes	特征_安全因果候选归因证据状态	特征_安全因果候选归因证据状态	自我动作实现.外设模块.ixx:6316	2	按函数名执行对应处理。		自我动作实现.外设模块.ixx:6316;自我动作实现.外设模块.ixx:13709
yes	特征_安全因果候选负向证据状态	特征_安全因果候选负向证据状态	自我动作实现.外设模块.ixx:6323	2	按函数名执行对应处理。		自我动作实现.外设模块.ixx:6323;自我动作实现.外设模块.ixx:13710
yes	特征_安全因果候选置信度	特征_安全因果候选置信度	自我动作实现.外设模块.ixx:6330	2	按函数名执行对应处理。		自我动作实现.外设模块.ixx:6330;自我动作实现.外设模块.ixx:13711
yes	类型_安全评估存在结果	类型_安全评估存在结果	自我动作实现.外设模块.ixx:6792	2	评估状态、风险、质量、权重或完成度。		自我动作实现.外设模块.ixx:6792;自我动作实现.外设模块.ixx:18953
yes	类型_外设观察像素簇验证结果	类型_外设观察像素簇验证结果	自我动作实现.外设模块.ixx:6799	2	按函数名执行对应处理。		自我动作实现.外设模块.ixx:6799;自我动作实现.外设模块.ixx:22316
yes	特征_服务前状态场景	特征_服务前状态场景	自我动作实现.外设模块.ixx:6813	2	按函数名执行对应处理。		自我动作实现.外设模块.ixx:6813;自我动作实现模块.ixx:2264
yes	特征_条件特征	特征_条件特征	自我动作实现.外设模块.ixx:682	2	按函数名执行对应处理。		自我动作实现.外设模块.ixx:682;自我动作实现模块.ixx:109
yes	特征_资源压力降低状态	特征_资源压力降低状态	自我动作实现.外设模块.ixx:6827	2	按函数名执行对应处理。		自我动作实现.外设模块.ixx:6827;自我动作实现模块.ixx:2278
yes	特征_风险传播阻断状态	特征_风险传播阻断状态	自我动作实现.外设模块.ixx:6834	2	按函数名执行对应处理。		自我动作实现.外设模块.ixx:6834;自我动作实现模块.ixx:2285
yes	特征_非必要任务暂停状态	特征_非必要任务暂停状态	自我动作实现.外设模块.ixx:6841	2	按函数名执行对应处理。		自我动作实现.外设模块.ixx:6841;自我动作实现模块.ixx:2292
yes	值_目标实例特征缺失	值_目标实例特征缺失	自我动作实现.外设模块.ixx:6848	2	按函数名执行对应处理。		自我动作实现.外设模块.ixx:6848;自我动作实现模块.ixx:2299
yes	值_执行前值缺失	值_执行前值缺失	自我动作实现.外设模块.ixx:6855	2	执行任务、方法或动作的主体逻辑。		自我动作实现.外设模块.ixx:6855;自我动作实现模块.ixx:2306
yes	值_输入快照过期	值_输入快照过期	自我动作实现.外设模块.ixx:6862	2	按函数名执行对应处理。		自我动作实现.外设模块.ixx:6862;自我动作实现模块.ixx:2313
yes	值_I64溢出	值_I64溢出	自我动作实现.外设模块.ixx:6869	2	按函数名执行对应处理。		自我动作实现.外设模块.ixx:6869;自我动作实现模块.ixx:2320
yes	值_差值计算溢出	值_差值计算溢出	自我动作实现.外设模块.ixx:6876	2	计算权重、状态、差值或派生结果。		自我动作实现.外设模块.ixx:6876;自我动作实现模块.ixx:2327
yes	值_缺少执行差值或目标值	值_缺少执行差值或目标值	自我动作实现.外设模块.ixx:6883	2	执行任务、方法或动作的主体逻辑。		自我动作实现.外设模块.ixx:6883;自我动作实现模块.ixx:2334
yes	值_执行差值与目标值冲突	值_执行差值与目标值冲突	自我动作实现.外设模块.ixx:6890	2	执行任务、方法或动作的主体逻辑。		自我动作实现.外设模块.ixx:6890;自我动作实现模块.ixx:2341
yes	值_实际差值未命中约束	值_实际差值未命中约束	自我动作实现.外设模块.ixx:6897	2	按函数名执行对应处理。		自我动作实现.外设模块.ixx:6897;自我动作实现模块.ixx:2348
yes	值_目标特征写入失败	值_目标特征写入失败	自我动作实现.外设模块.ixx:6904	2	把处理结果写入指定对象、场景或日志。		自我动作实现.外设模块.ixx:6904;自我动作实现模块.ixx:2355
yes	值_差值约束包缺失	值_差值约束包缺失	自我动作实现.外设模块.ixx:6911	2	按函数名执行对应处理。		自我动作实现.外设模块.ixx:6911;自我动作实现模块.ixx:2362
yes	值_方法配对结果缺失	值_方法配对结果缺失	自我动作实现.外设模块.ixx:6918	2	按函数名执行对应处理。		自我动作实现.外设模块.ixx:6918;自我动作实现模块.ixx:2369
yes	值_因果证据不足	值_因果证据不足	自我动作实现.外设模块.ixx:7009	2	按函数名执行对应处理。		自我动作实现.外设模块.ixx:7009;自我动作实现模块.ixx:2467
yes	值_需求满足	值_需求满足	自我动作实现.外设模块.ixx:7072	2	按函数名执行对应处理。		自我动作实现.外设模块.ixx:7072;自我动作实现模块.ixx:2530
yes	值_需求未满足	值_需求未满足	自我动作实现.外设模块.ixx:7079	2	按函数名执行对应处理。		自我动作实现.外设模块.ixx:7079;自我动作实现模块.ixx:2537
yes	值_目标抽象特征无效	值_目标抽象特征无效	自我动作实现.外设模块.ixx:7086	2	按函数名执行对应处理。		自我动作实现.外设模块.ixx:7086;自我动作实现模块.ixx:2544
yes	值_实例特征未命中抽象特征	值_实例特征未命中抽象特征	自我动作实现.外设模块.ixx:7093	2	按函数名执行对应处理。		自我动作实现.外设模块.ixx:7093;自我动作实现模块.ixx:2551
yes	值_目标值类型不是I64	值_目标值类型不是I64	自我动作实现.外设模块.ixx:7100	2	按函数名执行对应处理。		自我动作实现.外设模块.ixx:7100;自我动作实现模块.ixx:2558
yes	类型_需求_实例化特征	类型_需求_实例化特征	自我动作实现.外设模块.ixx:7107	2	按函数名执行对应处理。		自我动作实现.外设模块.ixx:7107;自我动作实现模块.ixx:2565
yes	类型_需求_确定特征当前值	类型_需求_确定特征当前值	自我动作实现.外设模块.ixx:7114	2	按函数名执行对应处理。		自我动作实现.外设模块.ixx:7114;自我动作实现模块.ixx:2572
yes	类型_需求_确定执行差值或目标值	类型_需求_确定执行差值或目标值	自我动作实现.外设模块.ixx:7121	2	执行任务、方法或动作的主体逻辑。		自我动作实现.外设模块.ixx:7121;自我动作实现模块.ixx:2579
yes	类型_需求_重新配对参数或调整目标值	类型_需求_重新配对参数或调整目标值	自我动作实现.外设模块.ixx:7128	2	按函数名执行对应处理。		自我动作实现.外设模块.ixx:7128;自我动作实现模块.ixx:2586
yes	类型_需求_修复实例特征写入能力	类型_需求_修复实例特征写入能力	自我动作实现.外设模块.ixx:7135	2	把处理结果写入指定对象、场景或日志。		自我动作实现.外设模块.ixx:7135;自我动作实现模块.ixx:2593
yes	特征_效果表	特征_效果表	自我动作实现.外设模块.ixx:724	2	按函数名执行对应处理。		自我动作实现.外设模块.ixx:724;自我动作实现模块.ixx:151
yes	编码UTF8字符串为VecIU64	编码UTF8字符串为VecIU64	自我动作实现.外设模块.ixx:7276	2	按函数名执行对应处理。		自我动作实现.外设模块.ixx:7276;自我动作实现.外设模块.ixx:7300
yes	写入观察簇VecI64轮廓	写入观察簇VecI64轮廓	自我动作实现.外设模块.ixx:7378	2	把处理结果写入指定对象、场景或日志。		自我动作实现.外设模块.ixx:7378;自我动作实现.外设模块.ixx:22334
yes	写入观察簇到存在节点允许轮廓	写入观察簇到存在节点允许轮廓	自我动作实现.外设模块.ixx:7428	2	把处理结果写入指定对象、场景或日志。		自我动作实现.外设模块.ixx:7428;自我动作实现.外设模块.ixx:12948
yes	汇总轮廓比较评分	汇总轮廓比较评分	自我动作实现.外设模块.ixx:7531	2	比较当前值、目标值或历史基准。		自我动作实现.外设模块.ixx:7531;自我动作实现.外设模块.ixx:7577
yes	特征_被需求当前状态	特征_被需求当前状态	自我动作实现.外设模块.ixx:759	2	按函数名执行对应处理。		自我动作实现.外设模块.ixx:759;自我动作实现模块.ixx:263
yes	比较观察簇轮廓与已知存在特征	比较观察簇轮廓与已知存在特征	自我动作实现.外设模块.ixx:7609	2	比较当前值、目标值或历史基准。		自我动作实现.外设模块.ixx:7609;自我动作实现.外设模块.ixx:7651
yes	特征_需求有效截止	特征_需求有效截止	自我动作实现.外设模块.ixx:766	2	按函数名执行对应处理。		自我动作实现.外设模块.ixx:766;自我动作实现模块.ixx:270
yes	读取基础节点特征值	读取基础节点特征值	自我动作实现.外设模块.ixx:7684	2	从指定来源读取数据或状态。		自我动作实现.外设模块.ixx:7684;自我动作实现模块.ixx:2720
yes	特征_累计安全结算	特征_累计安全结算	自我动作实现.外设模块.ixx:773	2	结算任务、需求、价值或结果贡献。		自我动作实现.外设模块.ixx:773;自我动作实现模块.ixx:277
yes	镜像执行输出派生需求标记	镜像执行输出派生需求标记	自我动作实现.外设模块.ixx:7739	2	执行任务、方法或动作的主体逻辑。		自我动作实现.外设模块.ixx:7739;自我动作实现.外设模块.ixx:23565
yes	特征_累计服务结算	特征_累计服务结算	自我动作实现.外设模块.ixx:780	2	结算任务、需求、价值或结果贡献。		自我动作实现.外设模块.ixx:780;自我动作实现模块.ixx:284
yes	特征_最近结算时间	特征_最近结算时间	自我动作实现.外设模块.ixx:787	2	结算任务、需求、价值或结果贡献。		自我动作实现.外设模块.ixx:787;自我动作实现模块.ixx:291
yes	写入目标方法状态派生需求	写入目标方法状态派生需求	自我动作实现.外设模块.ixx:8027	2	把处理结果写入指定对象、场景或日志。		自我动作实现.外设模块.ixx:8027;自我动作实现模块.ixx:2992
yes	抽象条件集合根	抽象条件集合根	自我动作实现.外设模块.ixx:8278	2	按函数名执行对应处理。		自我动作实现.外设模块.ixx:8278;自我动作实现模块.ixx:3157
yes	增加场景I64特征	增加场景I64特征	自我动作实现.外设模块.ixx:8524	2	按函数名执行对应处理。		自我动作实现.外设模块.ixx:8524;自我动作实现模块.ixx:3846
yes	写入参数绑定失败	写入参数绑定失败	自我动作实现.外设模块.ixx:8542	2	把处理结果写入指定对象、场景或日志。		自我动作实现.外设模块.ixx:8542;自我动作实现模块.ixx:3864
yes	声明运行参数	声明运行参数	自我动作实现.外设模块.ixx:8570	2	执行对应模块、线程或方法的运行逻辑。		自我动作实现.外设模块.ixx:8570;自我动作实现模块.ixx:3891
yes	运行参数已从输入场景匹配	运行参数已从输入场景匹配	自我动作实现.外设模块.ixx:8584	2	执行对应模块、线程或方法的运行逻辑。		自我动作实现.外设模块.ixx:8584;自我动作实现模块.ixx:3905
yes	描述无条件本能	描述无条件本能	自我动作实现.外设模块.ixx:8611	2	按函数名执行对应处理。		自我动作实现.外设模块.ixx:8611;自我动作实现模块.ixx:3932
yes	方法首节点已有条件节点	方法首节点已有条件节点	自我动作实现.外设模块.ixx:8652	2	按函数名执行对应处理。		自我动作实现.外设模块.ixx:8652;自我动作实现.外设模块.ixx:8677
yes	特征_任务层执行回执	特征_任务层执行回执	自我动作实现.外设模块.ixx:920	2	执行任务、方法或动作的主体逻辑。		自我动作实现.外设模块.ixx:920;自我动作实现模块.ixx:430
yes	补全当前观察新鲜度状态	补全当前观察新鲜度状态	自我动作实现.外设模块.ixx:9448	2	按函数名执行对应处理。		自我动作实现.外设模块.ixx:9448;自我动作实现.外设模块.ixx:9580
yes	选择基础观察事实首个缺口特征	选择基础观察事实首个缺口特征	自我动作实现.外设模块.ixx:9624	2	从候选集中选择当前使用对象或方法。		自我动作实现.外设模块.ixx:9624;自我动作实现.外设模块.ixx:18552
yes	特征_筹办缺口类型	特征_筹办缺口类型	自我动作实现.外设模块.ixx:976	2	推进任务筹办，形成候选、缺口或就绪回执。		自我动作实现.外设模块.ixx:976;自我动作实现模块.ixx:486
yes	外设观察存在最高同一性评分	外设观察存在最高同一性评分	自我动作实现.外设模块.ixx:9944	2	按函数名执行对应处理。		自我动作实现.外设模块.ixx:9944;自我动作实现.外设模块.ixx:21428
yes	外设观察存在聚合同一性状态	外设观察存在聚合同一性状态	自我动作实现.外设模块.ixx:9955	2	按函数名执行对应处理。		自我动作实现.外设模块.ixx:9955;自我动作实现.外设模块.ixx:21426
yes	特征_方法运行结果	特征_方法运行结果	自我动作实现.外设模块.ixx:997	2	执行对应模块、线程或方法的运行逻辑。		自我动作实现.外设模块.ixx:997;自我动作实现模块.ixx:514
yes	外设观察存在聚合归属状态	外设观察存在聚合归属状态	自我动作实现.外设模块.ixx:9978	2	按函数名执行对应处理。		自我动作实现.外设模块.ixx:9978;自我动作实现.外设模块.ixx:21427
yes	注册外部本能函数执行闭环	注册外部本能函数执行闭环	自我动作实现.外部模块.ixx:1178	2	注册方法、模板、对象或运行入口。		自我动作实现.外部模块.ixx:1178;自我动作实现模块.ixx:5746
yes	判断外设数据项可处理	判断外设数据项可处理	自我动作实现.扫描.ixx:1013	2	判断条件、状态或业务结果是否成立。		自我动作实现.扫描.ixx:1013;自我动作实现.扫描.ixx:1851
yes	记录数据项处理	记录数据项处理	自我动作实现.扫描.ixx:1073	2	记录日志、动态、证据或运行痕迹。		自我动作实现.扫描.ixx:1073;自我动作实现.扫描.ixx:1959
yes	生成本轮扫描关注集合	生成本轮扫描关注集合	自我动作实现.扫描.ixx:1116	2	根据当前输入生成目标数据、场景、动态或回执。		自我动作实现.扫描.ixx:1116;自我动作实现.扫描.ixx:1806
yes	判断外设数据项对应关系	判断外设数据项对应关系	自我动作实现.扫描.ixx:1169	2	判断条件、状态或业务结果是否成立。		自我动作实现.扫描.ixx:1169;自我动作实现.扫描.ixx:1855
yes	创建扫描I64状态	创建扫描I64状态	自我动作实现.扫描.ixx:1262	2	创建并返回或登记对应对象。		自我动作实现.扫描.ixx:1262;自我动作实现.扫描.ixx:1300
yes	写入场景当前特征值_空间位置	写入场景当前特征值_空间位置	自我动作实现.扫描.ixx:1418	2	把处理结果写入指定对象、场景或日志。		自我动作实现.扫描.ixx:1418;自我动作实现.扫描.ixx:1862
yes	记录未覆盖解释	记录未覆盖解释	自我动作实现.扫描.ixx:1497	2	记录日志、动态、证据或运行痕迹。		自我动作实现.扫描.ixx:1497;自我动作实现.扫描.ixx:1969
yes	同步扫描输出结果场景	同步扫描输出结果场景	自我动作实现.扫描.ixx:1516	2	同步线程、任务、场景或对象之间的状态。		自我动作实现.扫描.ixx:1516;自我动作实现.扫描.ixx:2121
yes	追加扫描子特征动作动态	追加扫描子特征动作动态	自我动作实现.扫描.ixx:1671	2	把扫描复合状态的直接子特征落成可查询动作动态和主动因果信息。		自我动作实现.扫描.ixx:1671;自我动作实现.扫描.ixx:2059
yes	扫描特征绑定名称	扫描特征绑定名称	自我动作实现.扫描.ixx:404	2	建立对象、任务、方法或因果之间的绑定关系。		自我动作实现.扫描.ixx:404;自我动作实现.扫描.ixx:424
yes	扫描存在类型绑定名称	扫描存在类型绑定名称	自我动作实现.扫描.ixx:413	2	建立对象、任务、方法或因果之间的绑定关系。		自我动作实现.扫描.ixx:413;自我动作实现.扫描.ixx:430
yes	特征_扫描范围状态	特征_扫描范围状态	自我动作实现.扫描.ixx:452	2	执行扫描相关材料获取、比较或提交逻辑。		自我动作实现.扫描.ixx:452;自我动作实现.扫描.ixx:1762
yes	特征_本轮可忽略存在集合	特征_本轮可忽略存在集合	自我动作实现.扫描.ixx:464	2	按函数名执行对应处理。		自我动作实现.扫描.ixx:464;自我动作实现.扫描.ixx:1814
yes	特征_本轮异常未覆盖存在集合	特征_本轮异常未覆盖存在集合	自我动作实现.扫描.ixx:470	2	按函数名执行对应处理。		自我动作实现.扫描.ixx:470;自我动作实现.扫描.ixx:2042
yes	特征_已取出数据项计数	特征_已取出数据项计数	自我动作实现.扫描.ixx:488	2	按函数名执行对应处理。		自我动作实现.扫描.ixx:488;自我动作实现.扫描.ixx:2010
yes	特征_已成功解析数据项计数	特征_已成功解析数据项计数	自我动作实现.扫描.ixx:491	2	解析输入文本、消息、场景或运行包。		自我动作实现.扫描.ixx:491;自我动作实现.扫描.ixx:2011
yes	特征_本轮外设覆盖索引	特征_本轮外设覆盖索引	自我动作实现.扫描.ixx:497	2	按函数名执行对应处理。		自我动作实现.扫描.ixx:497;自我动作实现.扫描.ixx:2014
yes	特征_本轮外设覆盖索引状态	特征_本轮外设覆盖索引状态	自我动作实现.扫描.ixx:500	2	按函数名执行对应处理。		自我动作实现.扫描.ixx:500;自我动作实现.扫描.ixx:2013
yes	特征_已写入特征数量	特征_已写入特征数量	自我动作实现.扫描.ixx:512	2	把处理结果写入指定对象、场景或日志。		自我动作实现.扫描.ixx:512;自我动作实现.扫描.ixx:2017
yes	特征_写入批次状态	特征_写入批次状态	自我动作实现.扫描.ixx:518	2	把处理结果写入指定对象、场景或日志。		自我动作实现.扫描.ixx:518;自我动作实现.扫描.ixx:2019
yes	特征_写入失败数量	特征_写入失败数量	自我动作实现.扫描.ixx:521	2	把处理结果写入指定对象、场景或日志。		自我动作实现.扫描.ixx:521;自我动作实现.扫描.ixx:2020
yes	特征_值域冲突数量	特征_值域冲突数量	自我动作实现.扫描.ixx:536	2	按函数名执行对应处理。		自我动作实现.扫描.ixx:536;自我动作实现.扫描.ixx:2034
yes	特征_视野外证据数量	特征_视野外证据数量	自我动作实现.扫描.ixx:539	2	按函数名执行对应处理。		自我动作实现.扫描.ixx:539;自我动作实现.扫描.ixx:2035
yes	特征_遮蔽覆盖证据数量	特征_遮蔽覆盖证据数量	自我动作实现.扫描.ixx:542	2	按函数名执行对应处理。		自我动作实现.扫描.ixx:542;自我动作实现.扫描.ixx:2036
yes	特征_信息完备性状态	特征_信息完备性状态	自我动作实现.扫描.ixx:551	2	按函数名执行对应处理。		自我动作实现.扫描.ixx:551;自我动作实现.扫描.ixx:2044
yes	特征_内部信息一致性状态	特征_内部信息一致性状态	自我动作实现.扫描.ixx:554	2	按函数名执行对应处理。		自我动作实现.扫描.ixx:554;自我动作实现.扫描.ixx:2045
yes	特征_缺口类型	特征_缺口类型	自我动作实现.扫描.ixx:563	2	按函数名执行对应处理。		自我动作实现.扫描.ixx:563;自我动作实现.扫描.ixx:1066
yes	特征_缺口目标宿主状态	特征_缺口目标宿主状态	自我动作实现.扫描.ixx:566	2	按函数名执行对应处理。		自我动作实现.扫描.ixx:566;自我动作实现.扫描.ixx:1067
yes	特征_缺口特征类型状态	特征_缺口特征类型状态	自我动作实现.扫描.ixx:569	2	按函数名执行对应处理。		自我动作实现.扫描.ixx:569;自我动作实现.扫描.ixx:1068
yes	特征_建议后续路径状态	特征_建议后续路径状态	自我动作实现.扫描.ixx:572	2	按函数名执行对应处理。		自我动作实现.扫描.ixx:572;自我动作实现.扫描.ixx:1069
yes	特征_数据项类别	特征_数据项类别	自我动作实现.扫描.ixx:578	2	按函数名执行对应处理。		自我动作实现.扫描.ixx:578;自我动作实现.扫描.ixx:1086
yes	特征_外设特征类型ID	特征_外设特征类型ID	自我动作实现.扫描.ixx:581	2	按函数名执行对应处理。		自我动作实现.扫描.ixx:581;自我动作实现.扫描.ixx:1087
yes	特征_已确认存在ID	特征_已确认存在ID	自我动作实现.扫描.ixx:584	2	确认候选事实、存在、状态或运行结果。		自我动作实现.扫描.ixx:584;自我动作实现.扫描.ixx:1088
yes	特征_关注存在指针	特征_关注存在指针	自我动作实现.扫描.ixx:596	2	按函数名执行对应处理。		自我动作实现.扫描.ixx:596;自我动作实现.扫描.ixx:1110
yes	特征_关注集合类别	特征_关注集合类别	自我动作实现.扫描.ixx:599	2	按函数名执行对应处理。		自我动作实现.扫描.ixx:599;自我动作实现.扫描.ixx:1111
yes	特征_关注原因状态	特征_关注原因状态	自我动作实现.扫描.ixx:602	2	按函数名执行对应处理。		自我动作实现.扫描.ixx:602;自我动作实现.扫描.ixx:1112
yes	特征_覆盖数据项ID	特征_覆盖数据项ID	自我动作实现.扫描.ixx:608	2	按函数名执行对应处理。		自我动作实现.扫描.ixx:608;自我动作实现.扫描.ixx:1225
yes	特征_覆盖目标存在指针	特征_覆盖目标存在指针	自我动作实现.扫描.ixx:611	2	按函数名执行对应处理。		自我动作实现.扫描.ixx:611;自我动作实现.扫描.ixx:1226
yes	特征_覆盖判断状态	特征_覆盖判断状态	自我动作实现.扫描.ixx:614	2	判断条件、状态或业务结果是否成立。		自我动作实现.扫描.ixx:614;自我动作实现.扫描.ixx:1227
yes	特征_覆盖候选数量	特征_覆盖候选数量	自我动作实现.扫描.ixx:617	2	按函数名执行对应处理。		自我动作实现.扫描.ixx:617;自我动作实现.扫描.ixx:1228
yes	特征_写入目标存在指针	特征_写入目标存在指针	自我动作实现.扫描.ixx:626	2	把处理结果写入指定对象、场景或日志。		自我动作实现.扫描.ixx:626;自我动作实现.扫描.ixx:1460
yes	特征_写入目标特征类型状态	特征_写入目标特征类型状态	自我动作实现.扫描.ixx:629	2	把处理结果写入指定对象、场景或日志。		自我动作实现.扫描.ixx:629;自我动作实现.扫描.ixx:1461
yes	特征_写入来源数据项ID	特征_写入来源数据项ID	自我动作实现.扫描.ixx:632	2	把处理结果写入指定对象、场景或日志。		自我动作实现.扫描.ixx:632;自我动作实现.扫描.ixx:1462
yes	特征_写入结果状态	特征_写入结果状态	自我动作实现.扫描.ixx:635	2	把处理结果写入指定对象、场景或日志。		自我动作实现.扫描.ixx:635;自我动作实现.扫描.ixx:1463
yes	特征_写入旧值状态	特征_写入旧值状态	自我动作实现.扫描.ixx:638	2	把处理结果写入指定对象、场景或日志。		自我动作实现.扫描.ixx:638;自我动作实现.扫描.ixx:1464
yes	特征_写入旧空间位置X	特征_写入旧空间位置X	自我动作实现.扫描.ixx:641	2	把处理结果写入指定对象、场景或日志。		自我动作实现.扫描.ixx:641;自我动作实现.扫描.ixx:1467
yes	特征_写入旧空间位置Y	特征_写入旧空间位置Y	自我动作实现.扫描.ixx:644	2	把处理结果写入指定对象、场景或日志。		自我动作实现.扫描.ixx:644;自我动作实现.扫描.ixx:1468
yes	特征_写入旧空间位置Z	特征_写入旧空间位置Z	自我动作实现.扫描.ixx:647	2	把处理结果写入指定对象、场景或日志。		自我动作实现.扫描.ixx:647;自我动作实现.扫描.ixx:1469
yes	特征_写入新空间位置X	特征_写入新空间位置X	自我动作实现.扫描.ixx:650	2	把处理结果写入指定对象、场景或日志。		自我动作实现.扫描.ixx:650;自我动作实现.扫描.ixx:1471
yes	特征_写入新空间位置Y	特征_写入新空间位置Y	自我动作实现.扫描.ixx:653	2	把处理结果写入指定对象、场景或日志。		自我动作实现.扫描.ixx:653;自我动作实现.扫描.ixx:1472
yes	特征_写入新空间位置Z	特征_写入新空间位置Z	自我动作实现.扫描.ixx:656	2	把处理结果写入指定对象、场景或日志。		自我动作实现.扫描.ixx:656;自我动作实现.扫描.ixx:1473
yes	特征_未覆盖目标存在指针	特征_未覆盖目标存在指针	自我动作实现.扫描.ixx:662	2	按函数名执行对应处理。		自我动作实现.扫描.ixx:662;自我动作实现.扫描.ixx:1511
yes	特征_未覆盖解释状态	特征_未覆盖解释状态	自我动作实现.扫描.ixx:665	2	按函数名执行对应处理。		自我动作实现.扫描.ixx:665;自我动作实现.扫描.ixx:1512
yes	特征_输出场景同步状态	特征_输出场景同步状态	自我动作实现.扫描.ixx:677	2	同步线程、任务、场景或对象之间的状态。		自我动作实现.扫描.ixx:677;自我动作实现.扫描.ixx:1568
yes	特征_扫描运行存在指针	特征_扫描运行存在指针	自我动作实现.扫描.ixx:680	2	执行对应模块、线程或方法的运行逻辑。		自我动作实现.扫描.ixx:680;自我动作实现.扫描.ixx:1541
yes	特征_目标宿主指针	特征_目标宿主指针	自我动作实现.扫描.ixx:683	2	按函数名执行对应处理。		自我动作实现.扫描.ixx:683;自我动作实现.扫描.ixx:1763
yes	特征_目标特征类型指针	特征_目标特征类型指针	自我动作实现.扫描.ixx:686	2	按函数名执行对应处理。		自我动作实现.扫描.ixx:686;自我动作实现.扫描.ixx:1764
yes	特征_当前状态值	特征_当前状态值	自我动作实现.扫描.ixx:689	2	按函数名执行对应处理。		自我动作实现.扫描.ixx:689;自我动作实现.扫描.ixx:1765
yes	特征_目标状态值	特征_目标状态值	自我动作实现.扫描.ixx:692	2	按函数名执行对应处理。		自我动作实现.扫描.ixx:692;自我动作实现.扫描.ixx:1766
yes	特征_实际结果状态值	特征_实际结果状态值	自我动作实现.扫描.ixx:695	2	按函数名执行对应处理。		自我动作实现.扫描.ixx:695;自我动作实现.扫描.ixx:2049
yes	特征_扫描空间位置变化量	特征_扫描空间位置变化量	自我动作实现.扫描.ixx:731	2	记录日志、动态、证据或运行痕迹。		自我动作实现.扫描.ixx:731;自我动作实现.扫描.ixx:1409
yes	类型_扫描方法运行虚拟存在	类型_扫描方法运行虚拟存在	自我动作实现.扫描.ixx:759	2	执行对应模块、线程或方法的运行逻辑。		自我动作实现.扫描.ixx:759;自我动作实现.扫描.ixx:845
yes	类型_扫描信息缺口	类型_扫描信息缺口	自我动作实现.扫描.ixx:762	2	执行扫描相关材料获取、比较或提交逻辑。		自我动作实现.扫描.ixx:762;自我动作实现.扫描.ixx:1063
yes	类型_扫描数据项处理记录	类型_扫描数据项处理记录	自我动作实现.扫描.ixx:765	2	记录日志、动态、证据或运行痕迹。		自我动作实现.扫描.ixx:765;自我动作实现.扫描.ixx:1081
yes	类型_扫描关注存在记录	类型_扫描关注存在记录	自我动作实现.扫描.ixx:768	2	记录日志、动态、证据或运行痕迹。		自我动作实现.扫描.ixx:768;自我动作实现.扫描.ixx:1105
yes	类型_扫描覆盖索引记录	类型_扫描覆盖索引记录	自我动作实现.扫描.ixx:771	2	记录日志、动态、证据或运行痕迹。		自我动作实现.扫描.ixx:771;自我动作实现.扫描.ixx:1220
yes	类型_扫描场景写入摘要记录	类型_扫描场景写入摘要记录	自我动作实现.扫描.ixx:774	2	把处理结果写入指定对象、场景或日志。		自我动作实现.扫描.ixx:774;自我动作实现.扫描.ixx:1455
yes	类型_扫描未覆盖解释记录	类型_扫描未覆盖解释记录	自我动作实现.扫描.ixx:777	2	记录日志、动态、证据或运行痕迹。		自我动作实现.扫描.ixx:777;自我动作实现.扫描.ixx:1506
yes	外设空间中心有效	外设空间中心有效	自我动作实现.扫描.ixx:817	2	按函数名执行对应处理。		自我动作实现.扫描.ixx:817;自我动作实现.扫描.ixx:945
yes	外设空间范围有效	外设空间范围有效	自我动作实现.扫描.ixx:823	2	按函数名执行对应处理。		自我动作实现.扫描.ixx:823;自我动作实现.扫描.ixx:946
yes	取或创建运行存在	取或创建运行存在	自我动作实现.扫描.ixx:834	2	创建并返回或登记对应对象。		自我动作实现.扫描.ixx:834;自我动作实现.扫描.ixx:1750
yes	读取扫描报告	读取扫描报告	自我动作实现.扫描.ixx:858	2	从指定来源读取数据或状态。		自我动作实现.扫描.ixx:858;自我动作实现.扫描.ixx:1817
yes	展开已合法外设数据项	展开已合法外设数据项	自我动作实现.扫描.ixx:875	2	按函数名执行对应处理。		自我动作实现.扫描.ixx:875;自我动作实现.扫描.ixx:1829
yes	值_D0动作主体非自我	值_D0动作主体非自我	自我动作实现.服务模块.ixx:1005	2	按函数名执行对应处理。		自我动作实现.服务模块.ixx:1005;自我动作实现.服务模块.ixx:2297
yes	特征_安全权限特征集合	特征_安全权限特征集合	自我动作实现.服务模块.ixx:101	2	按函数名执行对应处理。		自我动作实现.服务模块.ixx:101;自我动作实现.服务模块.ixx:1813
yes	值_D0承受主体缺失	值_D0承受主体缺失	自我动作实现.服务模块.ixx:1013	2	按函数名执行对应处理。		自我动作实现.服务模块.ixx:1013;自我动作实现.服务模块.ixx:2298
yes	值_D0来源动作缺失	值_D0来源动作缺失	自我动作实现.服务模块.ixx:1021	2	按函数名执行对应处理。		自我动作实现.服务模块.ixx:1021;自我动作实现.服务模块.ixx:2299
yes	值_D0方法运行存在缺失	值_D0方法运行存在缺失	自我动作实现.服务模块.ixx:1029	2	执行对应模块、线程或方法的运行逻辑。		自我动作实现.服务模块.ixx:1029;自我动作实现.服务模块.ixx:2300
yes	值_D0输入场景缺失	值_D0输入场景缺失	自我动作实现.服务模块.ixx:1037	2	按函数名执行对应处理。		自我动作实现.服务模块.ixx:1037;自我动作实现.服务模块.ixx:2301
yes	值_D0输出场景缺失	值_D0输出场景缺失	自我动作实现.服务模块.ixx:1045	2	按函数名执行对应处理。		自我动作实现.服务模块.ixx:1045;自我动作实现.服务模块.ixx:2302
yes	值_D0目标特征缺失	值_D0目标特征缺失	自我动作实现.服务模块.ixx:1053	2	按函数名执行对应处理。		自我动作实现.服务模块.ixx:1053;自我动作实现.服务模块.ixx:2303
yes	值_D0初始状态缺失	值_D0初始状态缺失	自我动作实现.服务模块.ixx:1061	2	按函数名执行对应处理。		自我动作实现.服务模块.ixx:1061;自我动作实现.服务模块.ixx:2304
yes	值_D0结果状态缺失	值_D0结果状态缺失	自我动作实现.服务模块.ixx:1069	2	按函数名执行对应处理。		自我动作实现.服务模块.ixx:1069;自我动作实现.服务模块.ixx:2305
yes	值_成功服务硬门槛待确认	值_成功服务硬门槛待确认	自我动作实现.服务模块.ixx:1077	2	确认候选事实、存在、状态或运行结果。		自我动作实现.服务模块.ixx:1077;自我动作实现.服务模块.ixx:3187
yes	特征_失败处理特征集合	特征_失败处理特征集合	自我动作实现.服务模块.ixx:109	2	按函数名执行对应处理。		自我动作实现.服务模块.ixx:109;自我动作实现.服务模块.ixx:1821
yes	值_输入字段角色	值_输入字段角色	自我动作实现.服务模块.ixx:1101	2	按函数名执行对应处理。		自我动作实现.服务模块.ixx:1101;自我动作实现.服务模块.ixx:1782
yes	值_输出字段角色	值_输出字段角色	自我动作实现.服务模块.ixx:1109	2	按函数名执行对应处理。		自我动作实现.服务模块.ixx:1109;自我动作实现.服务模块.ixx:1790
yes	值_验证字段角色	值_验证字段角色	自我动作实现.服务模块.ixx:1117	2	按函数名执行对应处理。		自我动作实现.服务模块.ixx:1117;自我动作实现.服务模块.ixx:1798
yes	值_归因字段角色	值_归因字段角色	自我动作实现.服务模块.ixx:1125	2	按函数名执行对应处理。		自我动作实现.服务模块.ixx:1125;自我动作实现.服务模块.ixx:1806
yes	值_安全权限字段角色	值_安全权限字段角色	自我动作实现.服务模块.ixx:1133	2	按函数名执行对应处理。		自我动作实现.服务模块.ixx:1133;自我动作实现.服务模块.ixx:1814
yes	值_失败处理字段角色	值_失败处理字段角色	自我动作实现.服务模块.ixx:1141	2	按函数名执行对应处理。		自我动作实现.服务模块.ixx:1141;自我动作实现.服务模块.ixx:1822
yes	值_服务治理支撑字段角色	值_服务治理支撑字段角色	自我动作实现.服务模块.ixx:1149	2	按函数名执行对应处理。		自我动作实现.服务模块.ixx:1149;自我动作实现.服务模块.ixx:1830
yes	值_激活原因_方法声明	值_激活原因_方法声明	自我动作实现.服务模块.ixx:1157	2	按函数名执行对应处理。		自我动作实现.服务模块.ixx:1157;自我动作实现.服务模块.ixx:1756
yes	特征_服务治理支撑特征集合	特征_服务治理支撑特征集合	自我动作实现.服务模块.ixx:117	2	按函数名执行对应处理。		自我动作实现.服务模块.ixx:117;自我动作实现.服务模块.ixx:1829
yes	读取服务输入任务	读取服务输入任务	自我动作实现.服务模块.ixx:1249	2	从指定来源读取数据或状态。		自我动作实现.服务模块.ixx:1249;自我动作实现.服务模块.ixx:1621
yes	服务任务字段特征类型	服务任务字段特征类型	自我动作实现.服务模块.ixx:1513	2	按函数名执行对应处理。		自我动作实现.服务模块.ixx:1513;自我动作实现.服务模块.ixx:1615
yes	读取调用信息I64	读取调用信息I64	自我动作实现.服务模块.ixx:1565	2	从指定来源读取数据或状态。		自我动作实现.服务模块.ixx:1565;自我动作实现.服务模块.ixx:1604
yes	读取服务字段输入I64	读取服务字段输入I64	自我动作实现.服务模块.ixx:1594	2	从指定来源读取数据或状态。		自我动作实现.服务模块.ixx:1594;自我动作实现.服务模块.ixx:1636
yes	读取声明字段类型	读取声明字段类型	自我动作实现.服务模块.ixx:1690	2	从指定来源读取数据或状态。		自我动作实现.服务模块.ixx:1690;自我动作实现.服务模块.ixx:1737
yes	读取声明字段是否必需	读取声明字段是否必需	自我动作实现.服务模块.ixx:1697	2	从指定来源读取数据或状态。		自我动作实现.服务模块.ixx:1697;自我动作实现.服务模块.ixx:1750
yes	检查服务方法输入字段	检查服务方法输入字段	自我动作实现.服务模块.ixx:1840	2	检查状态、条件、缺口或运行约束。		自我动作实现.服务模块.ixx:1840;自我动作实现.服务模块.ixx:2930
yes	读取任务I64字段	读取任务I64字段	自我动作实现.服务模块.ixx:1987	2	从指定来源读取数据或状态。		自我动作实现.服务模块.ixx:1987;自我动作实现.服务模块.ixx:2942
yes	读取任务目标宿主	读取任务目标宿主	自我动作实现.服务模块.ixx:2000	2	从指定来源读取数据或状态。		自我动作实现.服务模块.ixx:2000;自我动作实现.服务模块.ixx:2039
yes	读取任务目标特征类型	读取任务目标特征类型	自我动作实现.服务模块.ixx:2009	2	从指定来源读取数据或状态。		自我动作实现.服务模块.ixx:2009;自我动作实现.服务模块.ixx:2045
yes	比较服务前后状态	比较服务前后状态	自我动作实现.服务模块.ixx:2094	2	比较当前值、目标值或历史基准。		自我动作实现.服务模块.ixx:2094;自我动作实现.服务模块.ixx:2119
yes	读取任务D0动作动态	读取任务D0动作动态	自我动作实现.服务模块.ixx:2231	2	从指定来源读取数据或状态。		自我动作实现.服务模块.ixx:2231;自我动作实现.服务模块.ixx:2248
yes	读取方法运行D0动作动态	读取方法运行D0动作动态	自我动作实现.服务模块.ixx:2237	2	从指定来源读取数据或状态。		自我动作实现.服务模块.ixx:2237;自我动作实现.服务模块.ixx:2252
yes	推断D0承受主体	推断D0承受主体	自我动作实现.服务模块.ixx:2275	2	按函数名执行对应处理。		自我动作实现.服务模块.ixx:2275;自我动作实现.服务模块.ixx:2360
yes	选择D0第一缺口	选择D0第一缺口	自我动作实现.服务模块.ixx:2292	2	从候选集中选择当前使用对象或方法。		自我动作实现.服务模块.ixx:2292;自我动作实现.服务模块.ixx:2387
yes	候选状态_由硬门槛汇总	候选状态_由硬门槛汇总	自我动作实现.服务模块.ixx:2524	2	按函数名执行对应处理。		自我动作实现.服务模块.ixx:2524;自我动作实现.服务模块.ixx:2692
yes	读取任务G0治理视图	读取任务G0治理视图	自我动作实现.服务模块.ixx:2533	2	从指定来源读取数据或状态。		自我动作实现.服务模块.ixx:2533;自我动作实现.服务模块.ixx:2556
yes	读取G0硬门槛状态	读取G0硬门槛状态	自我动作实现.服务模块.ixx:2645	2	从指定来源读取数据或状态。		自我动作实现.服务模块.ixx:2645;自我动作实现.服务模块.ixx:2666
yes	特征_方法调用动作动态	特征_方法调用动作动态	自我动作实现.服务模块.ixx:277	2	按函数名执行对应处理。		自我动作实现.服务模块.ixx:277;自我动作实现.服务模块.ixx:2207
yes	候选状态_由硬门槛评分与证据	候选状态_由硬门槛评分与证据	自我动作实现.服务模块.ixx:2831	2	按函数名执行对应处理。		自我动作实现.服务模块.ixx:2831;自我动作实现.服务模块.ixx:2862
yes	门槛状态_任务字段有值	门槛状态_任务字段有值	自我动作实现.服务模块.ixx:2926	2	按函数名执行对应处理。		自我动作实现.服务模块.ixx:2926;自我动作实现.服务模块.ixx:2993
yes	门槛状态_D0校验	门槛状态_D0校验	自我动作实现.服务模块.ixx:2951	2	按函数名执行对应处理。		自我动作实现.服务模块.ixx:2951;自我动作实现.服务模块.ixx:3013
yes	写入G0候选基础硬门槛	写入G0候选基础硬门槛	自我动作实现.服务模块.ixx:2965	2	把处理结果写入指定对象、场景或日志。		自我动作实现.服务模块.ixx:2965;自我动作实现.服务模块.ixx:3067
yes	特征_D0基础合法	特征_D0基础合法	自我动作实现.服务模块.ixx:309	2	按函数名执行对应处理。		自我动作实现.服务模块.ixx:309;自我动作实现.服务模块.ixx:2398
yes	特征_D0缺口	特征_D0缺口	自我动作实现.服务模块.ixx:317	2	按函数名执行对应处理。		自我动作实现.服务模块.ixx:317;自我动作实现.服务模块.ixx:2413
yes	推断成功服务候选证据缺口	推断成功服务候选证据缺口	自我动作实现.服务模块.ixx:3178	2	按函数名执行对应处理。		自我动作实现.服务模块.ixx:3178;自我动作实现.服务模块.ixx:3291
yes	写入候选记录基础引用	写入候选记录基础引用	自我动作实现.服务模块.ixx:3193	2	把处理结果写入指定对象、场景或日志。		自我动作实现.服务模块.ixx:3193;自我动作实现.服务模块.ixx:3280
yes	特征_D0动作主体为自我	特征_D0动作主体为自我	自我动作实现.服务模块.ixx:325	2	按函数名执行对应处理。		自我动作实现.服务模块.ixx:325;自我动作实现.服务模块.ixx:2399
yes	特征_D0承受主体存在	特征_D0承受主体存在	自我动作实现.服务模块.ixx:333	2	按函数名执行对应处理。		自我动作实现.服务模块.ixx:333;自我动作实现.服务模块.ixx:2400
yes	候选记录已过期	候选记录已过期	自我动作实现.服务模块.ixx:3341	2	记录日志、动态、证据或运行痕迹。		自我动作实现.服务模块.ixx:3341;自我动作实现.服务模块.ixx:3391
yes	特征_D0来源动作存在	特征_D0来源动作存在	自我动作实现.服务模块.ixx:341	2	按函数名执行对应处理。		自我动作实现.服务模块.ixx:341;自我动作实现.服务模块.ixx:2401
yes	特征_D0方法运行存在	特征_D0方法运行存在	自我动作实现.服务模块.ixx:349	2	执行对应模块、线程或方法的运行逻辑。		自我动作实现.服务模块.ixx:349;自我动作实现.服务模块.ixx:2402
yes	成功服务层级系数	成功服务层级系数	自我动作实现.服务模块.ixx:3494	2	按函数名执行对应处理。		自我动作实现.服务模块.ixx:3494;自我动作实现.服务模块.ixx:3534
yes	候选记录可结算	候选记录可结算	自我动作实现.服务模块.ixx:3514	2	记录日志、动态、证据或运行痕迹。		自我动作实现.服务模块.ixx:3514;自我动作实现.服务模块.ixx:3555
yes	计算成功服务lambda候选	计算成功服务lambda候选	自我动作实现.服务模块.ixx:3522	2	计算权重、状态、差值或派生结果。		自我动作实现.服务模块.ixx:3522;自我动作实现.服务模块.ixx:3569
yes	计算成功服务值饱和入账	计算成功服务值饱和入账	自我动作实现.服务模块.ixx:3544	2	计算权重、状态、差值或派生结果。		自我动作实现.服务模块.ixx:3544;自我线程模块.impl.cpp:1652
yes	特征_D0输入场景存在	特征_D0输入场景存在	自我动作实现.服务模块.ixx:357	2	按函数名执行对应处理。		自我动作实现.服务模块.ixx:357;自我动作实现.服务模块.ixx:2403
yes	特征_D0输出场景存在	特征_D0输出场景存在	自我动作实现.服务模块.ixx:365	2	按函数名执行对应处理。		自我动作实现.服务模块.ixx:365;自我动作实现.服务模块.ixx:2404
yes	特征_D0目标特征存在	特征_D0目标特征存在	自我动作实现.服务模块.ixx:373	2	按函数名执行对应处理。		自我动作实现.服务模块.ixx:373;自我动作实现.服务模块.ixx:2405
yes	特征_D0初始状态存在	特征_D0初始状态存在	自我动作实现.服务模块.ixx:381	2	按函数名执行对应处理。		自我动作实现.服务模块.ixx:381;自我动作实现.服务模块.ixx:2406
yes	特征_D0结果状态存在	特征_D0结果状态存在	自我动作实现.服务模块.ixx:389	2	按函数名执行对应处理。		自我动作实现.服务模块.ixx:389;自我动作实现.服务模块.ixx:2407
yes	类型_成功服务治理视图	类型_成功服务治理视图	自我动作实现.服务模块.ixx:397	2	按函数名执行对应处理。		自我动作实现.服务模块.ixx:397;自我动作实现.服务模块.ixx:2568
yes	特征_服务定义规则版本	特征_服务定义规则版本	自我动作实现.服务模块.ixx:429	2	按函数名执行对应处理。		自我动作实现.服务模块.ixx:429;自我动作实现.服务模块.ixx:2579
yes	特征_基础分	特征_基础分	自我动作实现.服务模块.ixx:477	2	按函数名执行对应处理。		自我动作实现.服务模块.ixx:477;自我动作实现.服务模块.ixx:2787
yes	特征_证据强度达到确认阈值	特征_证据强度达到确认阈值	自我动作实现.服务模块.ixx:485	2	确认候选事实、存在、状态或运行结果。		自我动作实现.服务模块.ixx:485;自我动作实现.服务模块.ixx:2877
yes	特征_L5高级治理确认	特征_L5高级治理确认	自我动作实现.服务模块.ixx:493	2	确认候选事实、存在、状态或运行结果。		自我动作实现.服务模块.ixx:493;自我动作实现.服务模块.ixx:2882
yes	类型_成功服务候选池	类型_成功服务候选池	自我动作实现.服务模块.ixx:501	2	按函数名执行对应处理。		自我动作实现.服务模块.ixx:501;自我动作实现.服务模块.ixx:3134
yes	类型_成功服务候选记录	类型_成功服务候选记录	自我动作实现.服务模块.ixx:509	2	记录日志、动态、证据或运行痕迹。		自我动作实现.服务模块.ixx:509;自我动作实现.服务模块.ixx:3270
yes	特征_候选有效期	特征_候选有效期	自我动作实现.服务模块.ixx:549	2	按函数名执行对应处理。		自我动作实现.服务模块.ixx:549;自我动作实现.服务模块.ixx:3285
yes	特征_反馈窗口	特征_反馈窗口	自我动作实现.服务模块.ixx:565	2	按函数名执行对应处理。		自我动作实现.服务模块.ixx:565;自我动作实现.服务模块.ixx:3289
yes	特征_证据缺口	特征_证据缺口	自我动作实现.服务模块.ixx:573	2	按函数名执行对应处理。		自我动作实现.服务模块.ixx:573;自我动作实现.服务模块.ixx:3292
yes	特征_下一步验证方法	特征_下一步验证方法	自我动作实现.服务模块.ixx:581	2	按函数名执行对应处理。		自我动作实现.服务模块.ixx:581;自我动作实现.服务模块.ixx:3295
yes	特征_候选复核时间	特征_候选复核时间	自我动作实现.服务模块.ixx:589	2	按函数名执行对应处理。		自我动作实现.服务模块.ixx:589;自我动作实现.服务模块.ixx:3363
yes	特征_候选复核结果	特征_候选复核结果	自我动作实现.服务模块.ixx:597	2	按函数名执行对应处理。		自我动作实现.服务模块.ixx:597;自我动作实现.服务模块.ixx:3364
yes	特征_lambda候选	特征_lambda候选	自我动作实现.服务模块.ixx:613	2	按函数名执行对应处理。		自我动作实现.服务模块.ixx:613;自我动作实现.服务模块.ixx:3612
yes	特征_lambda使用	特征_lambda使用	自我动作实现.服务模块.ixx:621	2	按函数名执行对应处理。		自我动作实现.服务模块.ixx:621;自我动作实现.服务模块.ixx:3613
yes	特征_非重复系数	特征_非重复系数	自我动作实现.服务模块.ixx:637	2	按函数名执行对应处理。		自我动作实现.服务模块.ixx:637;自我动作实现.服务模块.ixx:3609
yes	特征_安全调节	特征_安全调节	自我动作实现.服务模块.ixx:645	2	按函数名执行对应处理。		自我动作实现.服务模块.ixx:645;自我动作实现.服务模块.ixx:3610
yes	特征_服务值上限	特征_服务值上限	自我动作实现.服务模块.ixx:653	2	按函数名执行对应处理。		自我动作实现.服务模块.ixx:653;自我动作实现.服务模块.ixx:3611
yes	特征_硬门槛_人类对象成立	特征_硬门槛_人类对象成立	自我动作实现.服务模块.ixx:701	2	按函数名执行对应处理。		自我动作实现.服务模块.ixx:701;自我动作实现.服务模块.ixx:2493
yes	特征_硬门槛_明确需求或利益	特征_硬门槛_明确需求或利益	自我动作实现.服务模块.ixx:709	2	按函数名执行对应处理。		自我动作实现.服务模块.ixx:709;自我动作实现.服务模块.ixx:2495
yes	特征_硬门槛_明确服务目标	特征_硬门槛_明确服务目标	自我动作实现.服务模块.ixx:717	2	按函数名执行对应处理。		自我动作实现.服务模块.ixx:717;自我动作实现.服务模块.ixx:2497
yes	特征_硬门槛_权限边界成立	特征_硬门槛_权限边界成立	自我动作实现.服务模块.ixx:725	2	按函数名执行对应处理。		自我动作实现.服务模块.ixx:725;自我动作实现.服务模块.ixx:2499
yes	特征_硬门槛_安全通过	特征_硬门槛_安全通过	自我动作实现.服务模块.ixx:733	2	按函数名执行对应处理。		自我动作实现.服务模块.ixx:733;自我动作实现.服务模块.ixx:2501
yes	特征_硬门槛_服务已实际交付	特征_硬门槛_服务已实际交付	自我动作实现.服务模块.ixx:741	2	按函数名执行对应处理。		自我动作实现.服务模块.ixx:741;自我动作实现.服务模块.ixx:2503
yes	特征_硬门槛_D0自我服务业务动作存在	特征_硬门槛_D0自我服务业务动作存在	自我动作实现.服务模块.ixx:749	2	按函数名执行对应处理。		自我动作实现.服务模块.ixx:749;自我动作实现.服务模块.ixx:2505
yes	特征_硬门槛_服务前后状态可比较	特征_硬门槛_服务前后状态可比较	自我动作实现.服务模块.ixx:757	2	比较当前值、目标值或历史基准。		自我动作实现.服务模块.ixx:757;自我动作实现.服务模块.ixx:2507
yes	特征_硬门槛_目标特征改善成立	特征_硬门槛_目标特征改善成立	自我动作实现.服务模块.ixx:765	2	按函数名执行对应处理。		自我动作实现.服务模块.ixx:765;自我动作实现.服务模块.ixx:2509
yes	特征_硬门槛_改善结果可验证	特征_硬门槛_改善结果可验证	自我动作实现.服务模块.ixx:773	2	按函数名执行对应处理。		自我动作实现.服务模块.ixx:773;自我动作实现.服务模块.ixx:2511
yes	特征_硬门槛_改善可归因于自我动作	特征_硬门槛_改善可归因于自我动作	自我动作实现.服务模块.ixx:781	2	按函数名执行对应处理。		自我动作实现.服务模块.ixx:781;自我动作实现.服务模块.ixx:2513
yes	特征_硬门槛_非重复服务	特征_硬门槛_非重复服务	自我动作实现.服务模块.ixx:789	2	按函数名执行对应处理。		自我动作实现.服务模块.ixx:789;自我动作实现.服务模块.ixx:2515
yes	特征_硬门槛_闭环回写成立	特征_硬门槛_闭环回写成立	自我动作实现.服务模块.ixx:797	2	按函数名执行对应处理。		自我动作实现.服务模块.ixx:797;自我动作实现.服务模块.ixx:2517
yes	特征_服务字段缺口	特征_服务字段缺口	自我动作实现.服务模块.ixx:837	2	按函数名执行对应处理。		自我动作实现.服务模块.ixx:837;自我动作实现.服务模块.ixx:1886
yes	特征_缺口字段类型	特征_缺口字段类型	自我动作实现.服务模块.ixx:845	2	按函数名执行对应处理。		自我动作实现.服务模块.ixx:845;自我动作实现.服务模块.ixx:1900
yes	特征_验证特征集合	特征_验证特征集合	自我动作实现.服务模块.ixx:85	2	按函数名执行对应处理。		自我动作实现.服务模块.ixx:85;自我动作实现.服务模块.ixx:1797
yes	类型_服务方法运行存在	类型_服务方法运行存在	自我动作实现.服务模块.ixx:853	2	执行对应模块、线程或方法的运行逻辑。		自我动作实现.服务模块.ixx:853;自我动作实现.服务模块.ixx:1921
yes	特征_字段来源方法虚拟存在	特征_字段来源方法虚拟存在	自我动作实现.服务模块.ixx:861	2	按函数名执行对应处理。		自我动作实现.服务模块.ixx:861;自我动作实现.服务模块.ixx:1347
yes	特征_字段来源方法版本	特征_字段来源方法版本	自我动作实现.服务模块.ixx:869	2	按函数名执行对应处理。		自我动作实现.服务模块.ixx:869;自我动作实现.服务模块.ixx:1360
yes	特征_字段角色	特征_字段角色	自我动作实现.服务模块.ixx:877	2	按函数名执行对应处理。		自我动作实现.服务模块.ixx:877;自我动作实现.服务模块.ixx:1377
yes	特征_字段激活阶段	特征_字段激活阶段	自我动作实现.服务模块.ixx:893	2	按函数名执行对应处理。		自我动作实现.服务模块.ixx:893;自我动作实现.服务模块.ixx:1382
yes	特征_字段是否必需	特征_字段是否必需	自我动作实现.服务模块.ixx:901	2	按函数名执行对应处理。		自我动作实现.服务模块.ixx:901;自我动作实现.服务模块.ixx:1383
yes	特征_归因特征集合	特征_归因特征集合	自我动作实现.服务模块.ixx:93	2	按函数名执行对应处理。		自我动作实现.服务模块.ixx:93;自我动作实现.服务模块.ixx:1805
yes	值_服务字段未挂载	值_服务字段未挂载	自我动作实现.服务模块.ixx:949	2	按函数名执行对应处理。		自我动作实现.服务模块.ixx:949;自我动作实现.服务模块.ixx:1865
yes	值_服务目标宿主缺失	值_服务目标宿主缺失	自我动作实现.服务模块.ixx:957	2	按函数名执行对应处理。		自我动作实现.服务模块.ixx:957;自我动作实现.服务模块.ixx:2041
yes	值_服务目标特征类型缺失	值_服务目标特征类型缺失	自我动作实现.服务模块.ixx:965	2	按函数名执行对应处理。		自我动作实现.服务模块.ixx:965;自我动作实现.服务模块.ixx:2047
yes	值_D0动作动态缺失	值_D0动作动态缺失	自我动作实现.服务模块.ixx:981	2	按函数名执行对应处理。		自我动作实现.服务模块.ixx:981;自我动作实现.服务模块.ixx:2294
yes	值_D0主信息缺失	值_D0主信息缺失	自我动作实现.服务模块.ixx:989	2	按函数名执行对应处理。		自我动作实现.服务模块.ixx:989;自我动作实现.服务模块.ixx:2295
yes	值_D0动作主体缺失	值_D0动作主体缺失	自我动作实现.服务模块.ixx:997	2	按函数名执行对应处理。		自我动作实现.服务模块.ixx:997;自我动作实现.服务模块.ixx:2296
yes	值_执行缺口_输出结果缺失	值_执行缺口_输出结果缺失	自我动作实现模块.ixx:1009	2	执行任务、方法或动作的主体逻辑。		自我动作实现.外设模块.ixx:1485;自我动作实现模块.ixx:1009
yes	任务状态动作动态失败原因文本	任务状态动作动态失败原因文本	自我动作实现模块.ixx:10130	2	按函数名执行对应处理。		自我动作实现模块.ixx:10130;自我动作实现模块.ixx:10205
yes	任务状态动作动态失败原因词	任务状态动作动态失败原因词	自我动作实现模块.ixx:10156	2	按函数名执行对应处理。		自我动作实现模块.ixx:10156;自我动作实现模块.ixx:10641
yes	值_执行缺口_需求未满足	值_执行缺口_需求未满足	自我动作实现模块.ixx:1016	2	执行任务、方法或动作的主体逻辑。		自我动作实现.外设模块.ixx:1492;自我动作实现模块.ixx:1016
yes	记录并提示任务状态动作动态逻辑错误	记录并提示任务状态动作动态逻辑错误	自我动作实现模块.ixx:10196	2	记录日志、动态、证据或运行痕迹。		自我动作实现模块.ixx:10196;自我动作实现模块.ixx:10642
yes	输出任务状态提交动作动态	输出任务状态提交动作动态	自我动作实现模块.ixx:10226	2	提交事实、动态、任务状态或运行回执。		自我动作实现模块.ixx:10226;自我动作实现模块.ixx:10828
yes	值_派生需求_重新筹办任务	值_派生需求_重新筹办任务	自我动作实现模块.ixx:1023	2	推进任务筹办，形成候选、缺口或就绪回执。		自我动作实现.外设模块.ixx:1499;自我动作实现模块.ixx:1023
yes	值_派生需求_检查当前方法执行入口	值_派生需求_检查当前方法执行入口	自我动作实现模块.ixx:1030	2	检查状态、条件、缺口或运行约束。		自我动作实现.外设模块.ixx:1506;自我动作实现模块.ixx:1030
yes	值_方法运行结果_筹办成功	值_方法运行结果_筹办成功	自我动作实现模块.ixx:1037	2	执行对应模块、线程或方法的运行逻辑。		自我动作实现.外设模块.ixx:1513;自我动作实现模块.ixx:1037
yes	任务结果达到目标_提交前检查	任务结果达到目标_提交前检查	自我动作实现模块.ixx:10404	2	提交事实、动态、任务状态或运行回执。		自我动作实现模块.ixx:10404;自我动作实现模块.ixx:10805
yes	值_方法运行结果_筹办未完成	值_方法运行结果_筹办未完成	自我动作实现模块.ixx:1044	2	执行对应模块、线程或方法的运行逻辑。		自我动作实现.外设模块.ixx:1520;自我动作实现模块.ixx:1044
yes	任务提交前一结果状态	任务提交前一结果状态	自我动作实现模块.ixx:10459	2	提交事实、动态、任务状态或运行回执。		自我动作实现模块.ixx:10459;自我动作实现模块.ixx:10500
yes	回执宿主已有推进特征_提交路径	回执宿主已有推进特征_提交路径	自我动作实现模块.ixx:10468	2	提交事实、动态、任务状态或运行回执。		自我动作实现模块.ixx:10468;自我动作实现模块.ixx:10794
yes	同步任务推进特征_提交路径	同步任务推进特征_提交路径	自我动作实现模块.ixx:10480	2	同步线程、任务、场景或对象之间的状态。		自我动作实现模块.ixx:10480;自我动作实现模块.ixx:10796
yes	值_方法运行结果_筹办失败	值_方法运行结果_筹办失败	自我动作实现模块.ixx:1051	2	执行对应模块、线程或方法的运行逻辑。		自我动作实现.外设模块.ixx:1527;自我动作实现模块.ixx:1051
yes	确认任务状态被动提交来源规格	确认任务状态被动提交来源规格	自我动作实现模块.ixx:10542	2	提交事实、动态、任务状态或运行回执。		自我动作实现模块.ixx:10542;自我动作实现模块.ixx:10773
yes	任务状态被动提交内部阶段采样序号	任务状态被动提交内部阶段采样序号	自我动作实现模块.ixx:10590	2	提交事实、动态、任务状态或运行回执。		自我动作实现模块.ixx:10590;自我动作实现模块.ixx:10675
yes	提交方法可执行入口	提交方法可执行入口	自我动作实现模块.ixx:10879	2	提交方法可执行入口是方法域提交本能方法：它只把已选定的自我本能能力 写入目标方法的动作句柄，并输出可验收的“方法动作状态=...		自我动作实现模块.ixx:5348;自我动作实现模块.ixx:10879
yes	特征_条件特征	特征_条件特征	自我动作实现模块.ixx:109	2	按函数名执行对应处理。		自我动作实现.外设模块.ixx:682;自我动作实现模块.ixx:109
yes	特征_执行前值	特征_执行前值	自我动作实现模块.ixx:1114	2	执行任务、方法或动作的主体逻辑。		自我动作实现.外设模块.ixx:1590;自我动作实现模块.ixx:1114
yes	特征_执行后值	特征_执行后值	自我动作实现模块.ixx:1121	2	执行任务、方法或动作的主体逻辑。		自我动作实现.外设模块.ixx:1597;自我动作实现模块.ixx:1121
yes	特征_改变量	特征_改变量	自我动作实现模块.ixx:1155	2	按函数名执行对应处理。		自我动作实现.外设模块.ixx:1631;自我动作实现模块.ixx:1155
yes	特征_服务值	特征_服务值	自我动作实现模块.ixx:1162	2	按函数名执行对应处理。		自我动作实现.外设模块.ixx:1638;自我动作实现模块.ixx:1162
yes	特征_待处理方法数量	特征_待处理方法数量	自我动作实现模块.ixx:1168	2	按函数名执行对应处理。		自我动作实现.外设模块.ixx:1644;自我动作实现模块.ixx:1168
yes	特征_可用方法数量	特征_可用方法数量	自我动作实现模块.ixx:1175	2	按函数名执行对应处理。		自我动作实现.外设模块.ixx:1651;自我动作实现模块.ixx:1175
yes	服务绑定任务交互者	服务绑定任务交互者	自我动作实现模块.ixx:11770	2	建立对象、任务、方法或因果之间的绑定关系。		自我动作实现模块.ixx:5632;自我动作实现模块.ixx:11770
yes	服务绑定任务权限者	服务绑定任务权限者	自我动作实现模块.ixx:11786	2	建立对象、任务、方法或因果之间的绑定关系。		自我动作实现模块.ixx:5636;自我动作实现模块.ixx:11786
yes	服务绑定任务服务对象	服务绑定任务服务对象	自我动作实现模块.ixx:11802	2	建立对象、任务、方法或因果之间的绑定关系。		自我动作实现模块.ixx:5640;自我动作实现模块.ixx:11802
yes	服务绑定任务权限边界	服务绑定任务权限边界	自我动作实现模块.ixx:11818	2	建立对象、任务、方法或因果之间的绑定关系。		自我动作实现模块.ixx:5644;自我动作实现模块.ixx:11818
yes	特征_需求条件包	特征_需求条件包	自我动作实现模块.ixx:1182	2	按函数名执行对应处理。		自我动作实现.外设模块.ixx:1658;自我动作实现模块.ixx:1182
yes	服务绑定任务目标宿主	服务绑定任务目标宿主	自我动作实现模块.ixx:11834	2	建立对象、任务、方法或因果之间的绑定关系。		自我动作实现模块.ixx:5648;自我动作实现模块.ixx:11834
yes	服务绑定任务目标特征类型	服务绑定任务目标特征类型	自我动作实现模块.ixx:11850	2	建立对象、任务、方法或因果之间的绑定关系。		自我动作实现模块.ixx:5652;自我动作实现模块.ixx:11850
yes	服务绑定任务目标值	服务绑定任务目标值	自我动作实现模块.ixx:11866	2	建立对象、任务、方法或因果之间的绑定关系。		自我动作实现模块.ixx:5656;自我动作实现模块.ixx:11866
yes	服务绑定任务输入场景	服务绑定任务输入场景	自我动作实现模块.ixx:11882	2	建立对象、任务、方法或因果之间的绑定关系。		自我动作实现模块.ixx:5660;自我动作实现模块.ixx:11882
yes	特征_查找限制包	特征_查找限制包	自我动作实现模块.ixx:1189	2	按条件查找目标对象、方法或事实。		自我动作实现.外设模块.ixx:1665;自我动作实现模块.ixx:1189
yes	建立条件结果对	建立条件结果对	自我动作实现模块.ixx:11898	2	按函数名执行对应处理。		自我动作实现模块.ixx:5352;自我动作实现模块.ixx:11898
yes	提交方法状态变化	提交方法状态变化	自我动作实现模块.ixx:11995	2	提交事实、动态、任务状态或运行回执。		自我动作实现模块.ixx:5356;自我动作实现模块.ixx:11995
yes	特征_方法搜索根	特征_方法搜索根	自我动作实现模块.ixx:1203	2	在候选范围内搜索目标对象或路径。		自我动作实现.外设模块.ixx:1679;自我动作实现模块.ixx:1203
yes	需求路径属于OR组_动作模块	需求路径属于OR组_动作模块	自我动作实现模块.ixx:12098	2	按函数名执行对应处理。		自我动作实现模块.ixx:12098;自我动作实现模块.ixx:12597
yes	取或创建OR组令牌记录_动作模块	取或创建OR组令牌记录_动作模块	自我动作实现模块.ixx:12133	2	创建并返回或登记对应对象。		自我动作实现模块.ixx:12133;自我动作实现模块.ixx:12590
yes	输出OR组令牌动作动态	输出OR组令牌动作动态	自我动作实现模块.ixx:12158	2	按函数名执行对应处理。		自我动作实现模块.ixx:12158;自我动作实现模块.ixx:12622
yes	输出叶子任务价值结算动作动态	输出叶子任务价值结算动作动态	自我动作实现模块.ixx:12210	2	结算任务、需求、价值或结果贡献。		自我动作实现模块.ixx:12210;自我动作实现模块.ixx:12418
yes	结算叶子任务价值	结算叶子任务价值	自我动作实现模块.ixx:12290	2	结算任务、需求、价值或结果贡献。		自我动作实现模块.ixx:5360;自我动作实现模块.ixx:12290
yes	提交领取OR组结算令牌	提交领取OR组结算令牌	自我动作实现模块.ixx:12542	2	提交事实、动态、任务状态或运行回执。		自我动作实现模块.ixx:5492;自我动作实现模块.ixx:12542
yes	特征_最高允许目标特征类型	特征_最高允许目标特征类型	自我动作实现模块.ixx:1273	2	按函数名执行对应处理。		自我动作实现.外设模块.ixx:1749;自我动作实现模块.ixx:1273
yes	特征_最高允许宿主类型	特征_最高允许宿主类型	自我动作实现模块.ixx:1280	2	按函数名执行对应处理。		自我动作实现.外设模块.ixx:1756;自我动作实现模块.ixx:1280
yes	特征_允许值类型	特征_允许值类型	自我动作实现模块.ixx:1287	2	按函数名执行对应处理。		自我动作实现.外设模块.ixx:1763;自我动作实现模块.ixx:1287
yes	特征_最大类型抽象层数	特征_最大类型抽象层数	自我动作实现模块.ixx:1301	2	按函数名执行对应处理。		自我动作实现.外设模块.ixx:1777;自我动作实现模块.ixx:1301
yes	特征_最大值域抽象层数	特征_最大值域抽象层数	自我动作实现模块.ixx:1308	2	按函数名执行对应处理。		自我动作实现.外设模块.ixx:1784;自我动作实现模块.ixx:1308
yes	特征_最大查找递归深度	特征_最大查找递归深度	自我动作实现模块.ixx:1322	2	按条件查找目标对象、方法或事实。		自我动作实现.外设模块.ixx:1798;自我动作实现模块.ixx:1322
yes	特征_是否包含禁用方法	特征_是否包含禁用方法	自我动作实现模块.ixx:1329	2	按函数名执行对应处理。		自我动作实现.外设模块.ixx:1805;自我动作实现模块.ixx:1329
yes	特征_是否允许当前方法自身	特征_是否允许当前方法自身	自我动作实现模块.ixx:1336	2	按函数名执行对应处理。		自我动作实现.外设模块.ixx:1812;自我动作实现模块.ixx:1336
yes	特征_方法配对结果	特征_方法配对结果	自我动作实现模块.ixx:1343	2	按函数名执行对应处理。		自我动作实现.外设模块.ixx:1819;自我动作实现模块.ixx:1343
yes	特征_参数配对结果	特征_参数配对结果	自我动作实现模块.ixx:1350	2	按函数名执行对应处理。		自我动作实现.外设模块.ixx:1826;自我动作实现模块.ixx:1350
yes	类型_参数配对结果存在	类型_参数配对结果存在	自我动作实现模块.ixx:1357	2	按函数名执行对应处理。		自我动作实现.外设模块.ixx:1833;自我动作实现模块.ixx:1357
yes	特征_参数配对情况	特征_参数配对情况	自我动作实现模块.ixx:1364	2	按函数名执行对应处理。		自我动作实现.外设模块.ixx:1840;自我动作实现模块.ixx:1364
yes	类型_方法配对结果存在	类型_方法配对结果存在	自我动作实现模块.ixx:1392	2	按函数名执行对应处理。		自我动作实现.外设模块.ixx:1868;自我动作实现模块.ixx:1392
yes	特征_来源需求条件包	特征_来源需求条件包	自我动作实现模块.ixx:1406	2	按函数名执行对应处理。		自我动作实现.外设模块.ixx:1882;自我动作实现模块.ixx:1406
yes	特征_使用限制包	特征_使用限制包	自我动作实现模块.ixx:1413	2	按函数名执行对应处理。		自我动作实现.外设模块.ixx:1889;自我动作实现模块.ixx:1413
yes	特征_缓存方法虚拟存在	特征_缓存方法虚拟存在	自我动作实现模块.ixx:1441	2	按函数名执行对应处理。		自我动作实现.外设模块.ixx:1917;自我动作实现模块.ixx:1441
yes	特征_选中方法虚拟存在	特征_选中方法虚拟存在	自我动作实现模块.ixx:1448	2	按函数名执行对应处理。		自我动作实现.外设模块.ixx:1924;自我动作实现模块.ixx:1448
yes	特征_匹配方法能力包	特征_匹配方法能力包	自我动作实现模块.ixx:1455	2	按函数名执行对应处理。		自我动作实现.外设模块.ixx:1931;自我动作实现模块.ixx:1455
yes	特征_原始需求绑定包	特征_原始需求绑定包	自我动作实现模块.ixx:1462	2	建立对象、任务、方法或因果之间的绑定关系。		自我动作实现.外设模块.ixx:1938;自我动作实现模块.ixx:1462
yes	特征_匹配路径记录	特征_匹配路径记录	自我动作实现模块.ixx:1469	2	记录日志、动态、证据或运行痕迹。		自我动作实现.外设模块.ixx:1945;自我动作实现模块.ixx:1469
yes	特征_类型抽象距离	特征_类型抽象距离	自我动作实现模块.ixx:1476	2	按函数名执行对应处理。		自我动作实现.外设模块.ixx:1952;自我动作实现模块.ixx:1476
yes	特征_值域抽象距离	特征_值域抽象距离	自我动作实现模块.ixx:1483	2	按函数名执行对应处理。		自我动作实现.外设模块.ixx:1959;自我动作实现模块.ixx:1483
yes	特征_总匹配距离	特征_总匹配距离	自我动作实现模块.ixx:1490	2	按函数名执行对应处理。		自我动作实现.外设模块.ixx:1966;自我动作实现模块.ixx:1490
yes	特征_待配对形参表	特征_待配对形参表	自我动作实现模块.ixx:1497	2	按函数名执行对应处理。		自我动作实现.外设模块.ixx:1973;自我动作实现模块.ixx:1497
yes	特征_候选扫描数量	特征_候选扫描数量	自我动作实现模块.ixx:1504	2	执行扫描相关材料获取、比较或提交逻辑。		自我动作实现.外设模块.ixx:1980;自我动作实现模块.ixx:1504
yes	特征_效果表	特征_效果表	自我动作实现模块.ixx:151	2	按函数名执行对应处理。		自我动作实现.外设模块.ixx:724;自我动作实现模块.ixx:151
yes	特征_成功匹配数量	特征_成功匹配数量	自我动作实现模块.ixx:1511	2	按函数名执行对应处理。		自我动作实现.外设模块.ixx:1987;自我动作实现模块.ixx:1511
yes	特征_使用默认方法搜索根	特征_使用默认方法搜索根	自我动作实现模块.ixx:1525	2	在候选范围内搜索目标对象或路径。		自我动作实现.外设模块.ixx:2001;自我动作实现模块.ixx:1525
yes	值_输入绑定失败	值_输入绑定失败	自我动作实现模块.ixx:1532	2	建立对象、任务、方法或因果之间的绑定关系。		自我动作实现.外设模块.ixx:2008;自我动作实现模块.ixx:1532
yes	值_超出限制	值_超出限制	自我动作实现模块.ixx:1539	2	按函数名执行对应处理。		自我动作实现.外设模块.ixx:2015;自我动作实现模块.ixx:1539
yes	值_没有匹配方法	值_没有匹配方法	自我动作实现模块.ixx:1546	2	按函数名执行对应处理。		自我动作实现.外设模块.ixx:2022;自我动作实现模块.ixx:1546
yes	值_不修改现实场景特征值	值_不修改现实场景特征值	自我动作实现模块.ixx:1609	2	按函数名执行对应处理。		自我动作实现.外设模块.ixx:2085;自我动作实现模块.ixx:1609
yes	值_不执行被查找到的方法	值_不执行被查找到的方法	自我动作实现模块.ixx:1616	2	按条件查找目标对象、方法或事实。		自我动作实现.外设模块.ixx:2092;自我动作实现模块.ixx:1616
yes	特征_执行前值快照	特征_执行前值快照	自我动作实现模块.ixx:1784	2	执行任务、方法或动作的主体逻辑。		自我动作实现.外设模块.ixx:5368;自我动作实现模块.ixx:1784
yes	特征_特征类型配对结果	特征_特征类型配对结果	自我动作实现模块.ixx:1791	2	按函数名执行对应处理。		自我动作实现.外设模块.ixx:5375;自我动作实现模块.ixx:1791
yes	特征_实例缺失策略	特征_实例缺失策略	自我动作实现模块.ixx:1798	2	按函数名执行对应处理。		自我动作实现.外设模块.ixx:5382;自我动作实现模块.ixx:1798
yes	特征_溢出策略	特征_溢出策略	自我动作实现模块.ixx:1805	2	按函数名执行对应处理。		自我动作实现.外设模块.ixx:5389;自我动作实现模块.ixx:1805
yes	特征_限制包	特征_限制包	自我动作实现模块.ixx:1812	2	按函数名执行对应处理。		自我动作实现.外设模块.ixx:5396;自我动作实现模块.ixx:1812
yes	特征_实际执行差值	特征_实际执行差值	自我动作实现模块.ixx:1826	2	执行任务、方法或动作的主体逻辑。		自我动作实现.外设模块.ixx:5410;自我动作实现模块.ixx:1826
yes	特征_差值命中状态	特征_差值命中状态	自我动作实现模块.ixx:1833	2	按函数名执行对应处理。		自我动作实现.外设模块.ixx:5417;自我动作实现模块.ixx:1833
yes	特征_是否发生溢出	特征_是否发生溢出	自我动作实现模块.ixx:1840	2	按函数名执行对应处理。		自我动作实现.外设模块.ixx:5424;自我动作实现模块.ixx:1840
yes	特征_当前命中抽象特征	特征_当前命中抽象特征	自我动作实现模块.ixx:1847	2	按函数名执行对应处理。		自我动作实现.外设模块.ixx:5431;自我动作实现模块.ixx:1847
yes	特征_OR组令牌记录键	特征_OR组令牌记录键	自我动作实现模块.ixx:207	2	记录日志、动态、证据或运行痕迹。		自我动作实现模块.ixx:207;自我动作实现模块.ixx:12148
yes	方法状态_待方法动作	方法状态_待方法动作	自我动作实现模块.ixx:2135	2	方法状态必须使用 枚举_方法状态 的连续取值；旧的 10/20/60 阶梯值会破坏需求目标满足判断。		自我动作实现.外设模块.ixx:5698;自我动作实现模块.ixx:2135
yes	方法状态_有条件节点	方法状态_有条件节点	自我动作实现模块.ixx:2144	2	按函数名执行对应处理。		自我动作实现.外设模块.ixx:5707;自我动作实现模块.ixx:2144
yes	方法状态_有条件结果	方法状态_有条件结果	自我动作实现模块.ixx:2150	2	按函数名执行对应处理。		自我动作实现.外设模块.ixx:5713;自我动作实现模块.ixx:2150
yes	特征_当前交互者明确状态	特征_当前交互者明确状态	自我动作实现模块.ixx:2173	2	按函数名执行对应处理。		自我动作实现.外设模块.ixx:5736;自我动作实现模块.ixx:2173
yes	特征_当前人类服务对象明确状态	特征_当前人类服务对象明确状态	自我动作实现模块.ixx:2180	2	按函数名执行对应处理。		自我动作实现.外设模块.ixx:5743;自我动作实现模块.ixx:2180
yes	特征_当前权限者明确状态	特征_当前权限者明确状态	自我动作实现模块.ixx:2187	2	按函数名执行对应处理。		自我动作实现.外设模块.ixx:5750;自我动作实现模块.ixx:2187
yes	特征_当前服务目标明确状态	特征_当前服务目标明确状态	自我动作实现模块.ixx:2194	2	按函数名执行对应处理。		自我动作实现.外设模块.ixx:5757;自我动作实现模块.ixx:2194
yes	特征_沟通交流需求明确状态	特征_沟通交流需求明确状态	自我动作实现模块.ixx:2201	2	按函数名执行对应处理。		自我动作实现.外设模块.ixx:5764;自我动作实现模块.ixx:2201
yes	特征_服务对象反馈信息获取尝试状态	特征_服务对象反馈信息获取尝试状态	自我动作实现模块.ixx:2208	2	读取并返回指定对象、状态或运行材料。		自我动作实现.外设模块.ixx:5771;自我动作实现模块.ixx:2208
yes	特征_OR组令牌领取任务	特征_OR组令牌领取任务	自我动作实现模块.ixx:221	2	按函数名执行对应处理。		自我动作实现模块.ixx:221;自我动作实现模块.ixx:12619
yes	特征_自我运行状态明确状态	特征_自我运行状态明确状态	自我动作实现模块.ixx:2215	2	执行对应模块、线程或方法的运行逻辑。		自我动作实现.外设模块.ixx:5778;自我动作实现模块.ixx:2215
yes	特征_自我运行状态正常状态	特征_自我运行状态正常状态	自我动作实现模块.ixx:2222	2	执行对应模块、线程或方法的运行逻辑。		自我动作实现.外设模块.ixx:5785;自我动作实现模块.ixx:2222
yes	特征_资源状态明确状态	特征_资源状态明确状态	自我动作实现模块.ixx:2229	2	按函数名执行对应处理。		自我动作实现.外设模块.ixx:5792;自我动作实现模块.ixx:2229
yes	特征_资源状态足够状态	特征_资源状态足够状态	自我动作实现模块.ixx:2236	2	按函数名执行对应处理。		自我动作实现.外设模块.ixx:5799;自我动作实现模块.ixx:2236
yes	特征_权限边界明确状态	特征_权限边界明确状态	自我动作实现模块.ixx:2243	2	按函数名执行对应处理。		自我动作实现.外设模块.ixx:5806;自我动作实现模块.ixx:2243
yes	特征_风险状态可控状态	特征_风险状态可控状态	自我动作实现模块.ixx:2257	2	按函数名执行对应处理。		自我动作实现.外设模块.ixx:5820;自我动作实现模块.ixx:2257
yes	特征_服务前状态场景	特征_服务前状态场景	自我动作实现模块.ixx:2264	2	按函数名执行对应处理。		自我动作实现.外设模块.ixx:6813;自我动作实现模块.ixx:2264
yes	特征_资源压力降低状态	特征_资源压力降低状态	自我动作实现模块.ixx:2278	2	按函数名执行对应处理。		自我动作实现.外设模块.ixx:6827;自我动作实现模块.ixx:2278
yes	特征_风险传播阻断状态	特征_风险传播阻断状态	自我动作实现模块.ixx:2285	2	按函数名执行对应处理。		自我动作实现.外设模块.ixx:6834;自我动作实现模块.ixx:2285
yes	特征_非必要任务暂停状态	特征_非必要任务暂停状态	自我动作实现模块.ixx:2292	2	按函数名执行对应处理。		自我动作实现.外设模块.ixx:6841;自我动作实现模块.ixx:2292
yes	值_目标实例特征缺失	值_目标实例特征缺失	自我动作实现模块.ixx:2299	2	按函数名执行对应处理。		自我动作实现.外设模块.ixx:6848;自我动作实现模块.ixx:2299
yes	值_执行前值缺失	值_执行前值缺失	自我动作实现模块.ixx:2306	2	执行任务、方法或动作的主体逻辑。		自我动作实现.外设模块.ixx:6855;自我动作实现模块.ixx:2306
yes	值_输入快照过期	值_输入快照过期	自我动作实现模块.ixx:2313	2	按函数名执行对应处理。		自我动作实现.外设模块.ixx:6862;自我动作实现模块.ixx:2313
yes	值_I64溢出	值_I64溢出	自我动作实现模块.ixx:2320	2	按函数名执行对应处理。		自我动作实现.外设模块.ixx:6869;自我动作实现模块.ixx:2320
yes	值_差值计算溢出	值_差值计算溢出	自我动作实现模块.ixx:2327	2	计算权重、状态、差值或派生结果。		自我动作实现.外设模块.ixx:6876;自我动作实现模块.ixx:2327
yes	值_缺少执行差值或目标值	值_缺少执行差值或目标值	自我动作实现模块.ixx:2334	2	执行任务、方法或动作的主体逻辑。		自我动作实现.外设模块.ixx:6883;自我动作实现模块.ixx:2334
yes	值_执行差值与目标值冲突	值_执行差值与目标值冲突	自我动作实现模块.ixx:2341	2	执行任务、方法或动作的主体逻辑。		自我动作实现.外设模块.ixx:6890;自我动作实现模块.ixx:2341
yes	值_实际差值未命中约束	值_实际差值未命中约束	自我动作实现模块.ixx:2348	2	按函数名执行对应处理。		自我动作实现.外设模块.ixx:6897;自我动作实现模块.ixx:2348
yes	特征_OR组令牌领取时间	特征_OR组令牌领取时间	自我动作实现模块.ixx:235	2	按函数名执行对应处理。		自我动作实现模块.ixx:235;自我动作实现模块.ixx:12621
yes	值_目标特征写入失败	值_目标特征写入失败	自我动作实现模块.ixx:2355	2	把处理结果写入指定对象、场景或日志。		自我动作实现.外设模块.ixx:6904;自我动作实现模块.ixx:2355
yes	值_差值约束包缺失	值_差值约束包缺失	自我动作实现模块.ixx:2362	2	按函数名执行对应处理。		自我动作实现.外设模块.ixx:6911;自我动作实现模块.ixx:2362
yes	值_方法配对结果缺失	值_方法配对结果缺失	自我动作实现模块.ixx:2369	2	按函数名执行对应处理。		自我动作实现.外设模块.ixx:6918;自我动作实现模块.ixx:2369
yes	值_任务状态动作动态_建议任务状态缺失	值_任务状态动作动态_建议任务状态缺失	自我动作实现模块.ixx:2418	2	按函数名执行对应处理。		自我动作实现模块.ixx:2418;自我动作实现模块.ixx:10165
yes	值_因果证据不足	值_因果证据不足	自我动作实现模块.ixx:2467	2	按函数名执行对应处理。		自我动作实现.外设模块.ixx:7009;自我动作实现模块.ixx:2467
yes	值_需求满足	值_需求满足	自我动作实现模块.ixx:2530	2	按函数名执行对应处理。		自我动作实现.外设模块.ixx:7072;自我动作实现模块.ixx:2530
yes	值_需求未满足	值_需求未满足	自我动作实现模块.ixx:2537	2	按函数名执行对应处理。		自我动作实现.外设模块.ixx:7079;自我动作实现模块.ixx:2537
yes	值_目标抽象特征无效	值_目标抽象特征无效	自我动作实现模块.ixx:2544	2	按函数名执行对应处理。		自我动作实现.外设模块.ixx:7086;自我动作实现模块.ixx:2544
yes	值_实例特征未命中抽象特征	值_实例特征未命中抽象特征	自我动作实现模块.ixx:2551	2	按函数名执行对应处理。		自我动作实现.外设模块.ixx:7093;自我动作实现模块.ixx:2551
yes	值_目标值类型不是I64	值_目标值类型不是I64	自我动作实现模块.ixx:2558	2	按函数名执行对应处理。		自我动作实现.外设模块.ixx:7100;自我动作实现模块.ixx:2558
yes	类型_需求_实例化特征	类型_需求_实例化特征	自我动作实现模块.ixx:2565	2	按函数名执行对应处理。		自我动作实现.外设模块.ixx:7107;自我动作实现模块.ixx:2565
yes	类型_需求_确定特征当前值	类型_需求_确定特征当前值	自我动作实现模块.ixx:2572	2	按函数名执行对应处理。		自我动作实现.外设模块.ixx:7114;自我动作实现模块.ixx:2572
yes	类型_需求_确定执行差值或目标值	类型_需求_确定执行差值或目标值	自我动作实现模块.ixx:2579	2	执行任务、方法或动作的主体逻辑。		自我动作实现.外设模块.ixx:7121;自我动作实现模块.ixx:2579
yes	类型_需求_重新配对参数或调整目标值	类型_需求_重新配对参数或调整目标值	自我动作实现模块.ixx:2586	2	按函数名执行对应处理。		自我动作实现.外设模块.ixx:7128;自我动作实现模块.ixx:2586
yes	类型_需求_修复实例特征写入能力	类型_需求_修复实例特征写入能力	自我动作实现模块.ixx:2593	2	把处理结果写入指定对象、场景或日志。		自我动作实现.外设模块.ixx:7135;自我动作实现模块.ixx:2593
yes	特征_被需求当前状态	特征_被需求当前状态	自我动作实现模块.ixx:263	2	按函数名执行对应处理。		自我动作实现.外设模块.ixx:759;自我动作实现模块.ixx:263
yes	特征_需求有效截止	特征_需求有效截止	自我动作实现模块.ixx:270	2	按函数名执行对应处理。		自我动作实现.外设模块.ixx:766;自我动作实现模块.ixx:270
yes	读取基础节点特征值	读取基础节点特征值	自我动作实现模块.ixx:2720	2	从指定来源读取数据或状态。		自我动作实现.外设模块.ixx:7684;自我动作实现模块.ixx:2720
yes	特征_累计安全结算	特征_累计安全结算	自我动作实现模块.ixx:277	2	结算任务、需求、价值或结果贡献。		自我动作实现.外设模块.ixx:773;自我动作实现模块.ixx:277
yes	特征_累计服务结算	特征_累计服务结算	自我动作实现模块.ixx:284	2	结算任务、需求、价值或结果贡献。		自我动作实现.外设模块.ixx:780;自我动作实现模块.ixx:284
yes	特征_最近结算时间	特征_最近结算时间	自我动作实现模块.ixx:291	2	结算任务、需求、价值或结果贡献。		自我动作实现.外设模块.ixx:787;自我动作实现模块.ixx:291
yes	抽象条件集合根	抽象条件集合根	自我动作实现模块.ixx:3157	2	按函数名执行对应处理。		自我动作实现.外设模块.ixx:8278;自我动作实现模块.ixx:3157
yes	取或创建根下抽象特征	取或创建根下抽象特征	自我动作实现模块.ixx:3281	2	创建并返回或登记对应对象。		自我动作实现模块.ixx:3281;自我动作实现模块.ixx:3298
yes	判定实际结果场景复现既有结果_条件结果对归并	判定实际结果场景复现既有结果_条件结果对归并	自我动作实现模块.ixx:3337	2	按函数名执行对应处理。		自我动作实现模块.ixx:3337;自我动作实现模块.ixx:3603
yes	归并方法条件结果对	归并方法条件结果对	自我动作实现模块.ixx:3629	2	按函数名执行对应处理。		自我动作实现模块.ixx:3629;自我动作实现模块.ixx:3755
yes	记录既有条件结果对练习样本	记录既有条件结果对练习样本	自我动作实现模块.ixx:3763	2	记录日志、动态、证据或运行痕迹。		自我动作实现模块.ixx:3763;自我动作实现模块.ixx:9541
yes	增加场景I64特征	增加场景I64特征	自我动作实现模块.ixx:3846	2	按函数名执行对应处理。		自我动作实现.外设模块.ixx:8524;自我动作实现模块.ixx:3846
yes	写入参数绑定失败	写入参数绑定失败	自我动作实现模块.ixx:3864	2	把处理结果写入指定对象、场景或日志。		自我动作实现.外设模块.ixx:8542;自我动作实现模块.ixx:3864
yes	声明运行参数	声明运行参数	自我动作实现模块.ixx:3891	2	执行对应模块、线程或方法的运行逻辑。		自我动作实现.外设模块.ixx:8570;自我动作实现模块.ixx:3891
yes	运行参数已从输入场景匹配	运行参数已从输入场景匹配	自我动作实现模块.ixx:3905	2	执行对应模块、线程或方法的运行逻辑。		自我动作实现.外设模块.ixx:8584;自我动作实现模块.ixx:3905
yes	描述无条件本能	描述无条件本能	自我动作实现模块.ixx:3932	2	按函数名执行对应处理。		自我动作实现.外设模块.ixx:8611;自我动作实现模块.ixx:3932
yes	特征_任务当前阶段	特征_任务当前阶段	自我动作实现模块.ixx:417	2	按函数名执行对应处理。		自我动作实现模块.ixx:417;自我动作实现模块.ixx:10327
yes	特征_任务层执行回执	特征_任务层执行回执	自我动作实现模块.ixx:430	2	执行任务、方法或动作的主体逻辑。		自我动作实现.外设模块.ixx:920;自我动作实现模块.ixx:430
yes	基础节点类型词	基础节点类型词	自我动作实现模块.ixx:4506	2	按函数名执行对应处理。		自我动作实现模块.ixx:4506;自我动作实现模块.ixx:4539
yes	特征值节点对应特征类型词	特征值节点对应特征类型词	自我动作实现模块.ixx:4521	2	按函数名执行对应处理。		自我动作实现模块.ixx:4521;自我动作实现模块.ixx:4629
yes	吸收条件项指针值	吸收条件项指针值	自我动作实现模块.ixx:4579	2	按函数名执行对应处理。		自我动作实现模块.ixx:4579;自我动作实现模块.ixx:4617
yes	读取条件项特征类型	读取条件项特征类型	自我动作实现模块.ixx:4622	2	从指定来源读取数据或状态。		自我动作实现模块.ixx:4622;自我动作实现模块.ixx:4658
yes	条件项有值约束	条件项有值约束	自我动作实现模块.ixx:4637	2	按函数名执行对应处理。		自我动作实现模块.ixx:4637;自我动作实现模块.ixx:4813
yes	解析条件项视图	解析条件项视图	自我动作实现模块.ixx:4649	2	解析输入文本、消息、场景或运行包。		自我动作实现模块.ixx:4649;自我动作实现模块.ixx:4720
yes	读取条件槽列表	读取条件槽列表	自我动作实现模块.ixx:4715	2	从指定来源读取数据或状态。		自我动作实现模块.ixx:4715;自我动作实现模块.ixx:4887
yes	输入实参满足条件项	输入实参满足条件项	自我动作实现模块.ixx:4800	2	按函数名执行对应处理。		自我动作实现模块.ixx:4800;自我动作实现模块.ixx:4895
yes	方法条件节点匹配输入场景	方法条件节点匹配输入场景	自我动作实现模块.ixx:4855	2	按函数名执行对应处理。		自我动作实现模块.ixx:4855;自我动作实现模块.ixx:5170
yes	特征_筹办缺口类型	特征_筹办缺口类型	自我动作实现模块.ixx:486	2	推进任务筹办，形成候选、缺口或就绪回执。		自我动作实现.外设模块.ixx:976;自我动作实现模块.ixx:486
yes	写入条件匹配结果	写入条件匹配结果	自我动作实现模块.ixx:4912	2	把处理结果写入指定对象、场景或日志。		自我动作实现模块.ixx:4912;自我动作实现模块.ixx:5222
yes	读取条件绑定指针	读取条件绑定指针	自我动作实现模块.ixx:4984	2	从指定来源读取数据或状态。		自我动作实现模块.ixx:4984;自我动作实现模块.ixx:5020
yes	特征_当前阻塞状态	特征_当前阻塞状态	自我动作实现模块.ixx:500	2	等待线程、任务、外设或条件变化。		自我动作实现模块.ixx:500;自我动作实现模块.ixx:7246
yes	方法指针若属于自我方法树	方法指针若属于自我方法树	自我动作实现模块.ixx:5038	2	按函数名执行对应处理。		自我动作实现模块.ixx:5038;自我动作实现模块.ixx:5123
yes	按方法虚拟存在查找方法_动作模块	按方法虚拟存在查找方法_动作模块	自我动作实现模块.ixx:5085	2	按条件查找目标对象、方法或事实。		自我动作实现模块.ixx:5085;自我动作实现模块.ixx:5126
yes	读取条件绑定目标方法头节点	读取条件绑定目标方法头节点	自我动作实现模块.ixx:5132	2	从指定来源读取数据或状态。		自我动作实现模块.ixx:5132;自我动作实现模块.ixx:5187
yes	特征_方法运行结果	特征_方法运行结果	自我动作实现模块.ixx:514	2	执行对应模块、线程或方法的运行逻辑。		自我动作实现.外设模块.ixx:997;自我动作实现模块.ixx:514
yes	读取条件绑定首个基础节点	读取条件绑定首个基础节点	自我动作实现模块.ixx:5150	2	从指定来源读取数据或状态。		自我动作实现模块.ixx:5150;自我动作实现模块.ixx:5193
yes	读取包区间	读取包区间	自我动作实现模块.ixx:5226	2	从指定来源读取数据或状态。		自我动作实现模块.ixx:5226;自我动作实现模块.ixx:5940
yes	读取包基础节点指针	读取包基础节点指针	自我动作实现模块.ixx:5254	2	从指定来源读取数据或状态。		自我动作实现模块.ixx:5254;自我动作实现模块.ixx:5295
yes	复制特征当前标量到宿主	复制特征当前标量到宿主	自我动作实现模块.ixx:5267	2	按函数名执行对应处理。		自我动作实现模块.ixx:5267;自我动作实现模块.ixx:6490
yes	创建子场景_按特征名	创建子场景_按特征名	自我动作实现模块.ixx:5302	2	创建并返回或登记对应对象。		自我动作实现模块.ixx:5302;自我动作实现模块.ixx:6506
yes	读取方法自我能力值	读取方法自我能力值	自我动作实现模块.ixx:5325	2	从指定来源读取数据或状态。		自我动作实现模块.ixx:5325;自我动作实现模块.ixx:9496
yes	特征_当前方法执行情况	特征_当前方法执行情况	自我动作实现模块.ixx:535	2	执行任务、方法或动作的主体逻辑。		自我动作实现.外设模块.ixx:1018;自我动作实现模块.ixx:535
yes	特征_候选方法头节点	特征_候选方法头节点	自我动作实现模块.ixx:549	2	按函数名执行对应处理。		自我动作实现.外设模块.ixx:1032;自我动作实现模块.ixx:549
yes	注册本能函数执行闭环	注册本能函数执行闭环	自我动作实现模块.ixx:5666	2	注册方法、模板、对象或运行入口。		自我动作实现模块.ixx:5666;自我线程模块.impl.cpp:14578
yes	确认练习规格	确认练习规格	自我动作实现模块.ixx:5751	2	确认候选事实、存在、状态或运行结果。		自我动作实现模块.ixx:5751;自我动作实现模块.ixx:8163
yes	练习输入具有目标特征	练习输入具有目标特征	自我动作实现模块.ixx:5837	2	按函数名执行对应处理。		自我动作实现模块.ixx:5837;自我动作实现模块.ixx:5863
yes	练习输入具有方向或目标值	练习输入具有方向或目标值	自我动作实现模块.ixx:5848	2	按函数名执行对应处理。		自我动作实现模块.ixx:5848;自我动作实现模块.ixx:5864
yes	练习输入具有指定参数	练习输入具有指定参数	自我动作实现模块.ixx:5860	2	按函数名执行对应处理。		自我动作实现模块.ixx:5860;自我动作实现模块.ixx:6674
yes	本能方法失败原因需异常承接	本能方法失败原因需异常承接	自我动作实现模块.ixx:5868	2	按函数名执行对应处理。		自我动作实现模块.ixx:5868;自我动作实现模块.ixx:5888
yes	参数值类型为I64	参数值类型为I64	自我动作实现模块.ixx:5902	2	按函数名执行对应处理。		自我动作实现模块.ixx:5902;自我动作实现模块.ixx:6291
yes	特征_当前值	特征_当前值	自我动作实现模块.ixx:591	2	按函数名执行对应处理。		自我动作实现.外设模块.ixx:1074;自我动作实现模块.ixx:591
yes	读取参数允许区间	读取参数允许区间	自我动作实现模块.ixx:5922	2	从指定来源读取数据或状态。		自我动作实现模块.ixx:5922;自我动作实现模块.ixx:6294
yes	读取参数最大候选数量	读取参数最大候选数量	自我动作实现模块.ixx:5956	2	从指定来源读取数据或状态。		自我动作实现模块.ixx:5956;自我动作实现模块.ixx:6297
yes	复制任务参数到候选实参	复制任务参数到候选实参	自我动作实现模块.ixx:5969	2	按函数名执行对应处理。		自我动作实现模块.ixx:5969;自我动作实现模块.ixx:6280
yes	特征_已绑定实参表	特征_已绑定实参表	自我动作实现模块.ixx:605	2	建立对象、任务、方法或因果之间的绑定关系。		自我动作实现.外设模块.ixx:1088;自我动作实现模块.ixx:605
yes	复制输入I64到候选实参	复制输入I64到候选实参	自我动作实现模块.ixx:6090	2	按函数名执行对应处理。		自我动作实现模块.ixx:6090;自我动作实现模块.ixx:6815
yes	子节点数量	子节点数量	自我动作实现模块.ixx:6108	2	按函数名执行对应处理。		自我动作实现模块.ixx:6108;自我动作实现模块.ixx:6118
yes	取离散候选节点	取离散候选节点	自我动作实现模块.ixx:6114	2	按函数名执行对应处理。		自我动作实现模块.ixx:6114;自我动作实现模块.ixx:6224
yes	读取特征当前指针实参	读取特征当前指针实参	自我动作实现模块.ixx:6142	2	从指定来源读取数据或状态。		自我动作实现模块.ixx:6142;自我动作实现模块.ixx:6242
yes	复制固定参数到候选实参	复制固定参数到候选实参	自我动作实现模块.ixx:6183	2	按函数名执行对应处理。		自我动作实现模块.ixx:6183;自我动作实现模块.ixx:6214
yes	生成非I64候选实参	生成非I64候选实参	自我动作实现模块.ixx:6205	2	根据当前输入生成目标数据、场景、动态或回执。		自我动作实现模块.ixx:6205;自我动作实现模块.ixx:6316
yes	生成单个候选实参	生成单个候选实参	自我动作实现模块.ixx:6256	2	根据当前输入生成目标数据、场景、动态或回执。		自我动作实现模块.ixx:6256;自我动作实现模块.ixx:6350
yes	生成形参表候选实参	生成形参表候选实参	自我动作实现模块.ixx:6336	2	根据当前输入生成目标数据、场景、动态或回执。		自我动作实现模块.ixx:6336;自我动作实现模块.ixx:6717
yes	候选实参已具备值	候选实参已具备值	自我动作实现模块.ixx:6364	2	按函数名执行对应处理。		自我动作实现模块.ixx:6364;自我动作实现模块.ixx:6391
yes	复制候选实参到输入包	复制候选实参到输入包	自我动作实现模块.ixx:6477	2	按函数名执行对应处理。		自我动作实现模块.ixx:6477;自我动作实现模块.ixx:6512
yes	读取目标方法形参值类型	读取目标方法形参值类型	自我动作实现模块.ixx:6542	2	从指定来源读取数据或状态。		自我动作实现模块.ixx:6542;自我动作实现模块.ixx:6583
yes	复制条件实参特征到候选实参	复制条件实参特征到候选实参	自我动作实现模块.ixx:6562	2	按函数名执行对应处理。		自我动作实现模块.ixx:6562;自我动作实现模块.ixx:6612
yes	复制条件场景实参到候选实参表	复制条件场景实参到候选实参表	自我动作实现模块.ixx:6624	2	按函数名执行对应处理。		自我动作实现模块.ixx:6624;自我动作实现模块.ixx:6686
yes	生成尝试学习探索实参表	生成尝试学习探索实参表	自我动作实现模块.ixx:6871	2	根据当前输入生成目标数据、场景、动态或回执。		自我动作实现模块.ixx:6871;自我动作实现模块.ixx:8815
yes	生成练习候选实参表	生成练习候选实参表	自我动作实现模块.ixx:6896	2	根据当前输入生成目标数据、场景、动态或回执。		自我动作实现模块.ixx:6896;自我动作实现模块.ixx:9460
yes	构建目标方法结果能力场景	构建目标方法结果能力场景	自我动作实现模块.ixx:6921	2	构建运行所需的数据结构或中间结果。		自我动作实现模块.ixx:6921;自我动作实现模块.ixx:8832
yes	确认尝试学习规格	确认尝试学习规格	自我动作实现模块.ixx:6978	2	确认候选事实、存在、状态或运行结果。		自我动作实现模块.ixx:6978;自我动作实现模块.ixx:8159
yes	确认定向学习规格	确认定向学习规格	自我动作实现模块.ixx:7048	2	确认候选事实、存在、状态或运行结果。		自我动作实现模块.ixx:7048;自我动作实现模块.ixx:8161
yes	确认提交领取OR组结算令牌规格	确认提交领取OR组结算令牌规格	自我动作实现模块.ixx:7134	2	提交事实、动态、任务状态或运行回执。		自我动作实现模块.ixx:7134;自我动作实现模块.ixx:8239
yes	确认结算叶子任务价值规格	确认结算叶子任务价值规格	自我动作实现模块.ixx:7168	2	结算任务、需求、价值或结果贡献。		自我动作实现模块.ixx:7168;自我动作实现模块.ixx:8167
yes	确认建立条件结果对规格	确认建立条件结果对规格	自我动作实现模块.ixx:7254	2	确认候选事实、存在、状态或运行结果。		自我动作实现模块.ixx:7254;自我动作实现模块.ixx:8171
yes	确认提交方法状态变化规格	确认提交方法状态变化规格	自我动作实现模块.ixx:7279	2	提交事实、动态、任务状态或运行回执。		自我动作实现模块.ixx:7279;自我动作实现模块.ixx:8173
yes	确认提交方法可执行入口规格	确认提交方法可执行入口规格	自我动作实现模块.ixx:7302	2	提交事实、动态、任务状态或运行回执。		自我动作实现模块.ixx:7302;自我动作实现模块.ixx:8169
yes	值_来源_输入现实场景包	值_来源_输入现实场景包	自我动作实现模块.ixx:759	2	按函数名执行对应处理。		自我动作实现.外设模块.ixx:1235;自我动作实现模块.ixx:759
yes	值_来源_输入任务参数包	值_来源_输入任务参数包	自我动作实现模块.ixx:766	2	按函数名执行对应处理。		自我动作实现.外设模块.ixx:1242;自我动作实现模块.ixx:766
yes	值_来源_目标现实场景	值_来源_目标现实场景	自我动作实现模块.ixx:787	2	按函数名执行对应处理。		自我动作实现.外设模块.ixx:1263;自我动作实现模块.ixx:787
yes	确认服务绑定任务交互者规格	确认服务绑定任务交互者规格	自我动作实现模块.ixx:8037	2	建立对象、任务、方法或因果之间的绑定关系。		自我动作实现模块.ixx:8037;自我动作实现模块.ixx:8291
yes	确认服务绑定任务权限者规格	确认服务绑定任务权限者规格	自我动作实现模块.ixx:8051	2	建立对象、任务、方法或因果之间的绑定关系。		自我动作实现模块.ixx:8051;自我动作实现模块.ixx:8293
yes	确认服务绑定任务服务对象规格	确认服务绑定任务服务对象规格	自我动作实现模块.ixx:8065	2	建立对象、任务、方法或因果之间的绑定关系。		自我动作实现模块.ixx:8065;自我动作实现模块.ixx:8295
yes	确认服务绑定任务权限边界规格	确认服务绑定任务权限边界规格	自我动作实现模块.ixx:8079	2	建立对象、任务、方法或因果之间的绑定关系。		自我动作实现模块.ixx:8079;自我动作实现模块.ixx:8297
yes	确认服务绑定任务目标宿主规格	确认服务绑定任务目标宿主规格	自我动作实现模块.ixx:8093	2	建立对象、任务、方法或因果之间的绑定关系。		自我动作实现模块.ixx:8093;自我动作实现模块.ixx:8299
yes	确认服务绑定任务目标特征类型规格	确认服务绑定任务目标特征类型规格	自我动作实现模块.ixx:8107	2	建立对象、任务、方法或因果之间的绑定关系。		自我动作实现模块.ixx:8107;自我动作实现模块.ixx:8301
yes	确认服务绑定任务目标值规格	确认服务绑定任务目标值规格	自我动作实现模块.ixx:8121	2	建立对象、任务、方法或因果之间的绑定关系。		自我动作实现模块.ixx:8121;自我动作实现模块.ixx:8303
yes	确认服务绑定任务输入场景规格	确认服务绑定任务输入场景规格	自我动作实现模块.ixx:8135	2	建立对象、任务、方法或因果之间的绑定关系。		自我动作实现模块.ixx:8135;自我动作实现模块.ixx:8305
yes	确保方法域提交本能方法	确保方法域提交本能方法	自我动作实现模块.ixx:8413	2	提交事实、动态、任务状态或运行回执。		自我动作实现模块.ixx:8413;自我动作实现模块.ixx:8838
yes	确保方法域提交输出场景	确保方法域提交输出场景	自我动作实现模块.ixx:8431	2	提交事实、动态、任务状态或运行回执。		自我动作实现模块.ixx:8431;自我动作实现模块.ixx:8517
yes	记录并提示方法域提交动态缺失	记录并提示方法域提交动态缺失	自我动作实现模块.ixx:8449	2	提交事实、动态、任务状态或运行回执。		自我动作实现模块.ixx:8449;自我动作实现模块.ixx:8568
yes	值_任务回执_运行成功	值_任务回执_运行成功	自我动作实现模块.ixx:855	2	执行对应模块、线程或方法的运行逻辑。		自我动作实现.外设模块.ixx:1331;自我动作实现模块.ixx:855
yes	值_任务回执_运行失败	值_任务回执_运行失败	自我动作实现模块.ixx:862	2	执行对应模块、线程或方法的运行逻辑。		自我动作实现.外设模块.ixx:1338;自我动作实现模块.ixx:862
yes	值_任务回执_等待学习	值_任务回执_等待学习	自我动作实现模块.ixx:869	2	等待线程、任务、外设或条件变化。		自我动作实现.外设模块.ixx:1345;自我动作实现模块.ixx:869
yes	尝试学习	尝试学习	自我动作实现模块.ixx:8699	2	按函数名执行对应处理。		自我动作实现模块.ixx:5338;自我动作实现模块.ixx:8699
yes	值_任务回执_等待补齐	值_任务回执_等待补齐	自我动作实现模块.ixx:876	2	等待线程、任务、外设或条件变化。		自我动作实现.外设模块.ixx:1352;自我动作实现模块.ixx:876
yes	值_任务回执_不可推进	值_任务回执_不可推进	自我动作实现模块.ixx:883	2	按函数名执行对应处理。		自我动作实现.外设模块.ixx:1359;自我动作实现模块.ixx:883
yes	值_任务回执_条件不满足	值_任务回执_条件不满足	自我动作实现模块.ixx:890	2	按函数名执行对应处理。		自我动作实现.外设模块.ixx:1366;自我动作实现模块.ixx:890
yes	值_任务回执_运行未达成目标	值_任务回执_运行未达成目标	自我动作实现模块.ixx:897	2	执行对应模块、线程或方法的运行逻辑。		自我动作实现.外设模块.ixx:1373;自我动作实现模块.ixx:897
yes	值_无筹办缺口	值_无筹办缺口	自我动作实现模块.ixx:904	2	推进任务筹办，形成候选、缺口或就绪回执。		自我动作实现.外设模块.ixx:1380;自我动作实现模块.ixx:904
yes	定向学习	定向学习	自我动作实现模块.ixx:9070	2	按函数名执行对应处理。		自我动作实现模块.ixx:5342;自我动作实现模块.ixx:9070
yes	值_筹办缺口_任务信息缺失	值_筹办缺口_任务信息缺失	自我动作实现模块.ixx:911	2	推进任务筹办，形成候选、缺口或就绪回执。		自我动作实现.外设模块.ixx:1387;自我动作实现模块.ixx:911
yes	值_筹办缺口_需求目标不可解析	值_筹办缺口_需求目标不可解析	自我动作实现模块.ixx:918	2	解析输入文本、消息、场景或运行包。		自我动作实现.外设模块.ixx:1394;自我动作实现模块.ixx:918
yes	值_筹办缺口_无确定候选方法	值_筹办缺口_无确定候选方法	自我动作实现模块.ixx:925	2	推进任务筹办，形成候选、缺口或就绪回执。		自我动作实现.外设模块.ixx:1401;自我动作实现模块.ixx:925
yes	值_筹办缺口_候选方法不可用	值_筹办缺口_候选方法不可用	自我动作实现模块.ixx:932	2	推进任务筹办，形成候选、缺口或就绪回执。		自我动作实现.外设模块.ixx:1408;自我动作实现模块.ixx:932
yes	练习	练习	自我动作实现模块.ixx:9340	2	按函数名执行对应处理。		自我动作实现模块.ixx:5334;自我动作实现模块.ixx:9340
yes	值_筹办缺口_候选方法缺执行入口	值_筹办缺口_候选方法缺执行入口	自我动作实现模块.ixx:939	2	执行任务、方法或动作的主体逻辑。		自我动作实现.外设模块.ixx:1415;自我动作实现模块.ixx:939
yes	值_筹办缺口_候选方法条件不满足	值_筹办缺口_候选方法条件不满足	自我动作实现模块.ixx:946	2	推进任务筹办，形成候选、缺口或就绪回执。		自我动作实现.外设模块.ixx:1422;自我动作实现模块.ixx:946
yes	值_筹办缺口_参数配对失败	值_筹办缺口_参数配对失败	自我动作实现模块.ixx:953	2	推进任务筹办，形成候选、缺口或就绪回执。		自我动作实现.外设模块.ixx:1429;自我动作实现模块.ixx:953
yes	值_执行缺口_任务状态不允许执行	值_执行缺口_任务状态不允许执行	自我动作实现模块.ixx:967	2	执行任务、方法或动作的主体逻辑。		自我动作实现.外设模块.ixx:1443;自我动作实现模块.ixx:967
yes	值_执行缺口_当前方法缺失	值_执行缺口_当前方法缺失	自我动作实现模块.ixx:974	2	执行任务、方法或动作的主体逻辑。		自我动作实现.外设模块.ixx:1450;自我动作实现模块.ixx:974
yes	值_执行缺口_当前方法无执行入口	值_执行缺口_当前方法无执行入口	自我动作实现模块.ixx:988	2	执行任务、方法或动作的主体逻辑。		自我动作实现.外设模块.ixx:1464;自我动作实现模块.ixx:988
yes	私有_抽象特征名词_自我类	私有_抽象特征名词_自我类	自我类.cpp:121	2	服务所在模块的内部辅助流程。		自我类.cpp:121;自我类.cpp:213
yes	私有_自我根特征类型词_自我类	私有_自我根特征类型词_自我类	自我类.cpp:129	2	服务所在模块的内部辅助流程。		自我类.cpp:129;自我类.cpp:199
yes	私有_读取抽象特征I64区间_自我类	私有_读取抽象特征I64区间_自我类	自我类.cpp:143	2	从指定来源读取数据或状态。		自我类.cpp:143;自我类.cpp:216
yes	自我类::根任务权重	根任务权重	自我类.cpp:1767	2	按函数名执行对应处理。		自我类.cpp:1767;自我类.cpp:1773
yes	自我类::根任务权重	根任务权重	自我类.cpp:1773	2	按函数名执行对应处理。		自我类.cpp:1767;自我类.cpp:1773
yes	私有_确保存在指针特征已初始化	私有_确保存在指针特征已初始化	自我类.cpp:305	2	初始化相关对象、状态或运行上下文。		自我类.cpp:305;自我类.cpp:370
yes	私有_初始化线程子存在标准特征	私有_初始化线程子存在标准特征	自我类.cpp:322	2	初始化相关对象、状态或运行上下文。		自我类.cpp:322;自我类.cpp:891
yes	私有_方法镜像特征词	私有_方法镜像特征词	自我类.cpp:411	2	服务所在模块的内部辅助流程。		自我类.cpp:411;自我类.cpp:479
yes	私有_统计方法条件结果对数量_镜像	私有_统计方法条件结果对数量_镜像	自我类.cpp:436	2	服务所在模块的内部辅助流程。		自我类.cpp:436;自我类.cpp:485
yes	私有_方法达到可用镜像口径	私有_方法达到可用镜像口径	自我类.cpp:470	2	服务所在模块的内部辅助流程。		自我类.cpp:470;自我类.cpp:1700
yes	私有_创建本能动作动态	私有_创建本能动作动态	自我类.cpp:511	2	创建并返回或登记对应对象。		自我类.cpp:511;自我类.cpp:591
yes	私有_记录自我I64状态	私有_记录自我I64状态	自我类.cpp:711	2	记录日志、动态、证据或运行痕迹。		自我类.cpp:711;自我类.cpp:934
yes	私有_存在概念系统已就绪	私有_存在概念系统已就绪	自我类.初始化.cpp:133	2	只读检查核心存在概念和语素绑定是否已就绪。		自我类.初始化.cpp:133;自我类.初始化.cpp:202
yes	私有_绑定当前自我概念集	私有_绑定当前自我概念集	自我类.初始化.cpp:168	2	建立对象、任务、方法或因果之间的绑定关系。		自我类.初始化.cpp:168;自我类.初始化.cpp:336
yes	自我特征定义类::初始化依赖语素	初始化依赖语素	自我类.特征定义.cpp:168	2	初始化相关对象、状态或运行上下文。		自我类.初始化.cpp:310;自我类.特征定义.cpp:168
yes	自我特征定义类::类型_线程_当前预算	类型_线程_当前预算	自我类.特征定义.cpp:400	2	按函数名执行对应处理。		自我类.cpp:364;自我类.特征定义.cpp:400
yes	自我特征定义类::类型_线程_绑定任务	类型_线程_绑定任务	自我类.特征定义.cpp:403	2	建立对象、任务、方法或因果之间的绑定关系。		自我类.cpp:372;自我类.特征定义.cpp:403
yes	自我特征定义类::类型_线程_阻塞状态	类型_线程_阻塞状态	自我类.特征定义.cpp:406	2	按函数名执行对应处理。		自我类.cpp:377;自我类.特征定义.cpp:406
yes	自我特征定义类::类型_线程_心跳健康	类型_线程_心跳健康	自我类.特征定义.cpp:415	2	按函数名执行对应处理。		自我类.cpp:382;自我类.特征定义.cpp:415
yes	自我特征定义类::类型_自检_范围	类型_自检_范围	自我类.特征定义.cpp:436	2	按函数名执行对应处理。		自我类.特征定义.cpp:436;自我线程模块.消息协议.ixx:553
yes	自我特征定义类::类型_自检_缺口类型	类型_自检_缺口类型	自我类.特征定义.cpp:439	2	按函数名执行对应处理。		自我类.特征定义.cpp:439;自我线程模块.消息协议.ixx:535
yes	自我特征定义类::类型_自检_来源对象类型	类型_自检_来源对象类型	自我类.特征定义.cpp:442	2	按函数名执行对应处理。		自我类.特征定义.cpp:442;自我线程模块.消息协议.ixx:536
yes	自我特征定义类::类型_自检_来源方法能力	类型_自检_来源方法能力	自我类.特征定义.cpp:445	2	按函数名执行对应处理。		自我类.特征定义.cpp:445;自我线程模块.消息协议.ixx:537
yes	自我特征定义类::类型_自检_来源方法头节点	类型_自检_来源方法头节点	自我类.特征定义.cpp:448	2	按函数名执行对应处理。		自我类.特征定义.cpp:448;自我线程模块.消息协议.ixx:538
yes	自我特征定义类::类型_自检_目标特征类型	类型_自检_目标特征类型	自我类.特征定义.cpp:451	2	按函数名执行对应处理。		自我类.特征定义.cpp:451;自我线程模块.消息协议.ixx:539
yes	自我特征定义类::类型_自检_缺失结构类型	类型_自检_缺失结构类型	自我类.特征定义.cpp:454	2	按函数名执行对应处理。		自我类.特征定义.cpp:454;自我线程模块.消息协议.ixx:541
yes	自我特征定义类::类型_自检_建议需求类型	类型_自检_建议需求类型	自我类.特征定义.cpp:457	2	按函数名执行对应处理。		自我类.特征定义.cpp:457;自我线程模块.消息协议.ixx:545
yes	自我特征定义类::类型_自检_证据类型	类型_自检_证据类型	自我类.特征定义.cpp:460	2	按函数名执行对应处理。		自我类.特征定义.cpp:460;自我线程模块.消息协议.ixx:543
yes	自我特征定义类::类型_自检_严重程度	类型_自检_严重程度	自我类.特征定义.cpp:463	2	按函数名执行对应处理。		自我类.特征定义.cpp:463;自我线程模块.消息协议.ixx:544
yes	自我特征定义类::类型_自检_是否建议生成需求	类型_自检_是否建议生成需求	自我类.特征定义.cpp:466	2	根据当前输入生成目标数据、场景、动态或回执。		自我类.特征定义.cpp:466;自我线程模块.消息协议.ixx:546
yes	自我特征定义类::类型_学习_目标状态	类型_学习_目标状态	自我类.特征定义.cpp:490	2	按函数名执行对应处理。		因果类.cpp:902;自我类.特征定义.cpp:490
yes	自我特征定义类::类型_学习_因果验证状态	类型_学习_因果验证状态	自我类.特征定义.cpp:496	2	按函数名执行对应处理。		因果类.cpp:904;自我类.特征定义.cpp:496
yes	自我特征定义类::类型_学习_方法可靠度状态	类型_学习_方法可靠度状态	自我类.特征定义.cpp:499	2	按函数名执行对应处理。		因果类.cpp:905;自我类.特征定义.cpp:499
yes	自我特征定义类::类型_学习_风险评估状态	类型_学习_风险评估状态	自我类.特征定义.cpp:502	2	评估状态、风险、质量、权重或完成度。		因果类.cpp:906;自我类.特征定义.cpp:502
yes	自我特征定义类::类型_任务_来源需求	类型_任务_来源需求	自我类.特征定义.cpp:529	2	按函数名执行对应处理。		任务类.cpp:1609;自我类.特征定义.cpp:529
yes	自我特征定义类::类型_任务_世界任务根	类型_任务_世界任务根	自我类.特征定义.cpp:532	2	按函数名执行对应处理。		任务类.cpp:1610;自我类.特征定义.cpp:532
yes	自我特征定义类::类型_任务_父任务	类型_任务_父任务	自我类.特征定义.cpp:535	2	按函数名执行对应处理。		任务类.cpp:1611;自我类.特征定义.cpp:535
yes	自我特征定义类::类型_任务_初始授权等级	类型_任务_初始授权等级	自我类.特征定义.cpp:550	2	按函数名执行对应处理。		任务类.cpp:1613;自我类.特征定义.cpp:550
yes	自我特征定义类::类型_任务_只读状态	类型_任务_只读状态	自我类.特征定义.cpp:553	2	按函数名执行对应处理。		任务类.cpp:1614;自我类.特征定义.cpp:553
yes	自我特征定义类::类型_任务_全局优先级	类型_任务_全局优先级	自我类.特征定义.cpp:556	2	按函数名执行对应处理。		任务类.cpp:1644;自我类.特征定义.cpp:556
yes	自我特征定义类::类型_任务_解阻加权	类型_任务_解阻加权	自我类.特征定义.cpp:559	2	按函数名执行对应处理。		任务类.cpp:1645;自我类.特征定义.cpp:559
yes	自我特征定义类::类型_任务_时间预算	类型_任务_时间预算	自我类.特征定义.cpp:562	2	按函数名执行对应处理。		任务类.cpp:1646;自我类.特征定义.cpp:562
yes	自我特征定义类::类型_任务_资源预算	类型_任务_资源预算	自我类.特征定义.cpp:565	2	按函数名执行对应处理。		任务类.cpp:1647;自我类.特征定义.cpp:565
yes	自我特征定义类::类型_任务_绑定工作线程	类型_任务_绑定工作线程	自我类.特征定义.cpp:568	2	建立对象、任务、方法或因果之间的绑定关系。		任务类.cpp:1648;自我类.特征定义.cpp:568
yes	自我特征定义类::类型_任务_已派发	类型_任务_已派发	自我类.特征定义.cpp:571	2	派发任务、消息或运行请求。		任务类.cpp:1649;自我类.特征定义.cpp:571
yes	自我特征定义类::类型_任务_等待子结果	类型_任务_等待子结果	自我类.特征定义.cpp:574	2	等待线程、任务、外设或条件变化。		任务类.cpp:1650;自我类.特征定义.cpp:574
yes	自我特征定义类::类型_任务_请求收束	类型_任务_请求收束	自我类.特征定义.cpp:577	2	按函数名执行对应处理。		任务类.cpp:1651;自我类.特征定义.cpp:577
yes	自我特征定义类::类型_任务_请求停止	类型_任务_请求停止	自我类.特征定义.cpp:580	2	停止线程、模块或运行流程。		任务类.cpp:1652;自我类.特征定义.cpp:580
yes	自我特征定义类::类型_任务_已响应控制意图	类型_任务_已响应控制意图	自我类.特征定义.cpp:583	2	按函数名执行对应处理。		任务类.cpp:1653;自我类.特征定义.cpp:583
yes	自我特征定义类::类型_任务_控制请求待确认	类型_任务_控制请求待确认	自我类.特征定义.cpp:586	2	确认候选事实、存在、状态或运行结果。		任务类.cpp:1654;自我类.特征定义.cpp:586
yes	自我特征定义类::类型_任务_当前步骤前沿	类型_任务_当前步骤前沿	自我类.特征定义.cpp:589	2	按函数名执行对应处理。		任务类.cpp:1676;自我类.特征定义.cpp:589
yes	自我特征定义类::类型_任务_最近局部结果	类型_任务_最近局部结果	自我类.特征定义.cpp:592	2	按函数名执行对应处理。		任务类.cpp:1677;自我类.特征定义.cpp:592
yes	自我特征定义类::类型_任务管理_缺口类型	类型_任务管理_缺口类型	自我类.特征定义.cpp:601	2	按函数名执行对应处理。		自我类.cpp:2010;自我类.特征定义.cpp:601
yes	自我特征定义类::类型_任务管理_功能域	类型_任务管理_功能域	自我类.特征定义.cpp:607	2	按函数名执行对应处理。		自我类.cpp:2012;自我类.特征定义.cpp:607
yes	自我特征定义类::类型_任务管理_下一步去向	类型_任务管理_下一步去向	自我类.特征定义.cpp:610	2	按函数名执行对应处理。		自我类.cpp:2013;自我类.特征定义.cpp:610
yes	自我特征定义类::类型_任务管理_治理状态迁移	类型_任务管理_治理状态迁移	自我类.特征定义.cpp:613	2	按函数名执行对应处理。		自我类.cpp:2014;自我类.特征定义.cpp:613
yes	自我特征定义类::类型_任务管理_总控结果	类型_任务管理_总控结果	自我类.特征定义.cpp:619	2	按函数名执行对应处理。		自我类.cpp:2016;自我类.特征定义.cpp:619
yes	自我特征定义类::类型_任务管理_根层重判结果	类型_任务管理_根层重判结果	自我类.特征定义.cpp:622	2	按函数名执行对应处理。		自我类.cpp:2017;自我类.特征定义.cpp:622
yes	自我特征定义类::类型_任务管理_根层重判时机	类型_任务管理_根层重判时机	自我类.特征定义.cpp:625	2	按函数名执行对应处理。		自我类.cpp:2018;自我类.特征定义.cpp:625
yes	自我特征定义类::类型_任务管理_根层结果来源类型	类型_任务管理_根层结果来源类型	自我类.特征定义.cpp:628	2	按函数名执行对应处理。		自我类.cpp:2019;自我类.特征定义.cpp:628
yes	自我特征定义类::类型_任务管理_目标对齐结论	类型_任务管理_目标对齐结论	自我类.特征定义.cpp:631	2	按函数名执行对应处理。		自我类.cpp:2020;自我类.特征定义.cpp:631
yes	自我特征定义类::类型_任务管理_根层禁止原因类型	类型_任务管理_根层禁止原因类型	自我类.特征定义.cpp:634	2	按函数名执行对应处理。		自我类.cpp:2021;自我类.特征定义.cpp:634
yes	自我特征定义类::类型_任务管理_执行前门控结果	类型_任务管理_执行前门控结果	自我类.特征定义.cpp:637	2	执行任务、方法或动作的主体逻辑。		自我类.cpp:2022;自我类.特征定义.cpp:637
yes	自我特征定义类::类型_任务管理_反馈类型	类型_任务管理_反馈类型	自我类.特征定义.cpp:640	2	按函数名执行对应处理。		自我类.cpp:2023;自我类.特征定义.cpp:640
yes	自我特征定义类::类型_任务管理_方法来源	类型_任务管理_方法来源	自我类.特征定义.cpp:643	2	按函数名执行对应处理。		自我类.cpp:2024;自我类.特征定义.cpp:643
yes	自我特征定义类::类型_任务管理_步骤位类型	类型_任务管理_步骤位类型	自我类.特征定义.cpp:646	2	按函数名执行对应处理。		自我类.cpp:2025;自我类.特征定义.cpp:646
yes	自我特征定义类::类型_任务管理_步骤语义类型	类型_任务管理_步骤语义类型	自我类.特征定义.cpp:649	2	按函数名执行对应处理。		自我类.cpp:2026;自我类.特征定义.cpp:649
yes	自我特征定义类::类型_任务管理_双面比较结果	类型_任务管理_双面比较结果	自我类.特征定义.cpp:652	2	比较当前值、目标值或历史基准。		自我类.cpp:2027;自我类.特征定义.cpp:652
yes	自我特征定义类::类型_任务管理_后果治理	类型_任务管理_后果治理	自我类.特征定义.cpp:655	2	按函数名执行对应处理。		自我类.cpp:2028;自我类.特征定义.cpp:655
yes	自我特征定义类::类型_任务管理_分身状态	类型_任务管理_分身状态	自我类.特征定义.cpp:658	2	按函数名执行对应处理。		自我类.cpp:2029;自我类.特征定义.cpp:658
yes	自我特征定义类::类型_任务管理_主体汇总策略	类型_任务管理_主体汇总策略	自我类.特征定义.cpp:661	2	按函数名执行对应处理。		自我类.cpp:2030;自我类.特征定义.cpp:661
yes	自我特征定义类::类型_任务管理_最小原语ID	类型_任务管理_最小原语ID	自我类.特征定义.cpp:664	2	按函数名执行对应处理。		自我类.cpp:2031;自我类.特征定义.cpp:664
yes	自我特征定义类::类型_任务管理_触发事件类型	类型_任务管理_触发事件类型	自我类.特征定义.cpp:667	2	按函数名执行对应处理。		自我类.cpp:2032;自我类.特征定义.cpp:667
yes	自我特征定义类::类型_任务管理_触发来源	类型_任务管理_触发来源	自我类.特征定义.cpp:670	2	按函数名执行对应处理。		自我类.cpp:2033;自我类.特征定义.cpp:670
yes	自我特征定义类::类型_任务管理_缺口承接类型	类型_任务管理_缺口承接类型	自我类.特征定义.cpp:673	2	按函数名执行对应处理。		自我类.cpp:2034;自我类.特征定义.cpp:673
yes	自我特征定义类::类型_任务管理_缺口反馈消费策略	类型_任务管理_缺口反馈消费策略	自我类.特征定义.cpp:676	2	按函数名执行对应处理。		自我类.cpp:2035;自我类.特征定义.cpp:676
yes	自我特征定义类::类型_任务管理_治理恢复事件处理方式	类型_任务管理_治理恢复事件处理方式	自我类.特征定义.cpp:679	2	按函数名执行对应处理。		自我类.cpp:2036;自我类.特征定义.cpp:679
yes	自我特征定义类::类型_任务管理_原语类型	类型_任务管理_原语类型	自我类.特征定义.cpp:712	2	按函数名执行对应处理。		自我类.cpp:2047;自我类.特征定义.cpp:712
yes	自我特征定义类::类型_任务管理_原语候选比较基准类型	类型_任务管理_原语候选比较基准类型	自我类.特征定义.cpp:715	2	比较当前值、目标值或历史基准。		自我类.cpp:2048;自我类.特征定义.cpp:715
yes	自我特征定义类::类型_任务管理_原语候选来源锚点类型	类型_任务管理_原语候选来源锚点类型	自我类.特征定义.cpp:718	2	按函数名执行对应处理。		自我类.cpp:2049;自我类.特征定义.cpp:718
yes	自我特征定义类::类型_消息_结果状态	类型_消息_结果状态	自我类.特征定义.cpp:763	2	按函数名执行对应处理。		自我类.cpp:2064;自我类.特征定义.cpp:763
yes	私有_计算风险安全第二层投影候选_线程侧	私有_计算风险安全第二层投影候选_线程侧	自我线程模块.impl.cpp:1019	2	计算权重、状态、差值或派生结果。		自我线程模块.impl.cpp:1019;自我线程模块.impl.cpp:3943
yes	私有_需求树根_线程侧	私有_需求树根_线程侧	自我线程模块.impl.cpp:10406	2	服务所在模块的内部辅助流程。		自我线程模块.impl.cpp:10406;自我线程模块.impl.cpp:13256
yes	私有_确保当前场景特征值OR路径展开_线程侧	私有_确保当前场景特征值OR路径展开_线程侧	自我线程模块.impl.cpp:10430	2	确保目标结构、状态或前置条件存在并可用。		自我线程模块.impl.cpp:10430;自我线程模块.impl.cpp:10478
yes	私有_需求列表项排序在前	私有_需求列表项排序在前	自我线程模块.impl.cpp:10581	2	服务所在模块的内部辅助流程。		自我线程模块.impl.cpp:10581;自我线程模块.impl.cpp:12406
yes	私有_服务因果链上下文条件集_线程侧	私有_服务因果链上下文条件集_线程侧	自我线程模块.impl.cpp:10923	2	服务所在模块的内部辅助流程。		自我线程模块.impl.cpp:10923;自我线程模块.impl.cpp:10999
yes	私有_间接服务维护条件集_线程侧	私有_间接服务维护条件集_线程侧	自我线程模块.impl.cpp:10971	2	服务所在模块的内部辅助流程。		自我线程模块.impl.cpp:10971;自我线程模块.impl.cpp:11000
yes	私有_存在概念词_线程侧	私有_存在概念词_线程侧	自我线程模块.impl.cpp:11009	2	服务所在模块的内部辅助流程。		自我线程模块.impl.cpp:11009;自我线程模块.impl.cpp:11033
yes	私有_按百万分比计算目标值_线程侧	私有_按百万分比计算目标值_线程侧	自我线程模块.impl.cpp:1101	2	计算权重、状态、差值或派生结果。		自我线程模块.impl.cpp:1101;自我线程模块.impl.cpp:1121
yes	私有_是增量反馈_线程侧	私有_是增量反馈_线程侧	自我线程模块.impl.cpp:1128	2	服务所在模块的内部辅助流程。		自我线程模块.impl.cpp:1128;自我线程模块.impl.cpp:2225
yes	私有_登记增量反馈事件_线程侧	私有_登记增量反馈事件_线程侧	自我线程模块.impl.cpp:1135	2	登记方法、模板、对象或运行入口。		自我线程模块.impl.cpp:1135;自我线程模块.impl.cpp:2226
yes	私有_查找根闭环信息位_线程侧	私有_查找根闭环信息位_线程侧	自我线程模块.impl.cpp:11402	2	按条件查找目标对象、方法或事实。		自我线程模块.impl.cpp:11402;自我线程模块.impl.cpp:11939
yes	私有_清理遗留固定服务子需求_线程侧	私有_清理遗留固定服务子需求_线程侧	自我线程模块.impl.cpp:11554	2	清理缓存、临时状态或运行资源。		自我线程模块.impl.cpp:11554;自我线程模块.impl.cpp:11876
yes	私有_正式结算结果目标键_线程侧	私有_正式结算结果目标键_线程侧	自我线程模块.impl.cpp:1158	2	结算任务、需求、价值或结果贡献。		自我线程模块.impl.cpp:1158;自我线程模块.impl.cpp:2209
yes	私有_清理遗留固定安全子需求_线程侧	私有_清理遗留固定安全子需求_线程侧	自我线程模块.impl.cpp:11649	2	清理缓存、临时状态或运行资源。		自我线程模块.impl.cpp:11649;自我线程模块.impl.cpp:11869
yes	私有_生成根特征必要条件子需求_线程侧	私有_生成根特征必要条件子需求_线程侧	自我线程模块.impl.cpp:11746	2	根据当前输入生成目标数据、场景、动态或回执。		自我线程模块.impl.cpp:11746;自我线程模块.impl.cpp:12062
yes	私有_正式结算结果目标已处理_线程侧	私有_正式结算结果目标已处理_线程侧	自我线程模块.impl.cpp:1186	2	结算任务、需求、价值或结果贡献。		自我线程模块.impl.cpp:1186;自我线程模块.impl.cpp:2213
yes	私有_登记正式结算结果目标_线程侧	私有_登记正式结算结果目标_线程侧	自我线程模块.impl.cpp:1197	2	登记方法、模板、对象或运行入口。		自我线程模块.impl.cpp:1197;自我线程模块.impl.cpp:2480
yes	私有_服务G0百万分比转评分_线程侧	私有_服务G0百万分比转评分_线程侧	自我线程模块.impl.cpp:1227	2	服务所在模块的内部辅助流程。		自我线程模块.impl.cpp:1227;自我线程模块.impl.cpp:1492
yes	私有_服务G0有效性评分_线程侧	私有_服务G0有效性评分_线程侧	自我线程模块.impl.cpp:1234	2	服务所在模块的内部辅助流程。		自我线程模块.impl.cpp:1234;自我线程模块.impl.cpp:1493
yes	私有_服务G0证据强度评分_线程侧	私有_服务G0证据强度评分_线程侧	自我线程模块.impl.cpp:1254	2	服务所在模块的内部辅助流程。		自我线程模块.impl.cpp:1254;自我线程模块.impl.cpp:1495
yes	私有_映射自我线程生命周期消息事件	私有_映射自我线程生命周期消息事件	自我线程模块.impl.cpp:12604	2	服务所在模块的内部辅助流程。		自我线程模块.impl.cpp:12604;自我线程模块.impl.cpp:12634
yes	私有_发送自我线程生命周期控制面板消息	私有_发送自我线程生命周期控制面板消息	自我线程模块.impl.cpp:12625	2	服务所在模块的内部辅助流程。		自我线程模块.impl.cpp:12625;自我线程模块.impl.cpp:13913
yes	私有_映射批次执行去向到线程最终去向	私有_映射批次执行去向到线程最终去向	自我线程模块.impl.cpp:12719	2	执行任务、方法或动作的主体逻辑。		自我线程模块.impl.cpp:12719;自我线程模块.impl.cpp:17266
yes	私有_映射线程最终去向到当前去向文本	私有_映射线程最终去向到当前去向文本	自我线程模块.impl.cpp:12741	2	服务所在模块的内部辅助流程。		自我线程模块.impl.cpp:12741;自我线程模块.impl.cpp:17272
yes	私有_确保自我线程存在	私有_确保自我线程存在	自我线程模块.impl.cpp:12764	2	确保目标结构、状态或前置条件存在并可用。		自我线程模块.impl.cpp:12764;自我线程模块.impl.cpp:14763
yes	私有_治理特征类型文本	私有_治理特征类型文本	自我线程模块.impl.cpp:12815	2	服务所在模块的内部辅助流程。		自我线程模块.impl.cpp:12815;自我线程模块.impl.cpp:12857
yes	私有_治理存在类型词	私有_治理存在类型词	自我线程模块.impl.cpp:12841	2	服务所在模块的内部辅助流程。		自我线程模块.impl.cpp:12841;自我线程模块.impl.cpp:12887
yes	私有_正式结算状态可比较_线程侧	私有_正式结算状态可比较_线程侧	自我线程模块.impl.cpp:1289	2	比较当前值、目标值或历史基准。		自我线程模块.impl.cpp:1289;自我线程模块.impl.cpp:1352
yes	私有_确保治理特征节点	私有_确保治理特征节点	自我线程模块.impl.cpp:12895	2	确保目标结构、状态或前置条件存在并可用。		自我线程模块.impl.cpp:12895;自我线程模块.impl.cpp:13050
yes	私有_写入治理特征值	私有_写入治理特征值	自我线程模块.impl.cpp:12920	2	把处理结果写入指定对象、场景或日志。		自我线程模块.impl.cpp:12920;自我线程模块.impl.cpp:13058
yes	私有_输出自我治理动作动态	私有_输出自我治理动作动态	自我线程模块.impl.cpp:12980	2	需求 / 自我治理域动作动态生成点： 自我线程真实提交治理镜像特征后，用本函数把该特征的旧状态 -&gt; 新状态 落成治理动作...		自我线程模块.impl.cpp:12980;自我线程模块.impl.cpp:13093
yes	私有_正式结算状态发生变化_线程侧	私有_正式结算状态发生变化_线程侧	自我线程模块.impl.cpp:1301	2	比较当前值、目标值或历史基准。		自我线程模块.impl.cpp:1301;自我线程模块.impl.cpp:1399
yes	私有_同步服务状态动态证据到任务_线程侧	私有_同步服务状态动态证据到任务_线程侧	自我线程模块.impl.cpp:1314	2	把服务结算所需的状态证据同步为任务虚拟存在上的门槛特征。		自我线程模块.impl.cpp:1314;自我线程模块.impl.cpp:2268
yes	私有_落任务管理派生需求到自我内部世界	私有_落任务管理派生需求到自我内部世界	自我线程模块.impl.cpp:13140	2	服务所在模块的内部辅助流程。		自我线程模块.impl.cpp:13140;自我线程模块.impl.cpp:15734
yes	私有_目标存在跟踪状态特征_线程侧	私有_目标存在跟踪状态特征_线程侧	自我线程模块.impl.cpp:13176	2	执行跟踪相关定位、匹配或结果输出逻辑。		自我线程模块.impl.cpp:13176;自我线程模块.impl.cpp:13428
yes	私有_确保扫描入账子需求_线程侧	私有_确保扫描入账子需求_线程侧	自我线程模块.impl.cpp:13289	2	确保目标结构、状态或前置条件存在并可用。		自我线程模块.impl.cpp:13289;自我线程模块.impl.cpp:13381
yes	私有_确保跟踪状态子需求_线程侧	私有_确保跟踪状态子需求_线程侧	自我线程模块.impl.cpp:13308	2	确保目标结构、状态或前置条件存在并可用。		自我线程模块.impl.cpp:13308;自我线程模块.impl.cpp:13441
yes	私有_扫描材料承接后确保6146任务主体_线程侧	私有_扫描材料承接后确保6146任务主体_线程侧	自我线程模块.impl.cpp:13327	2	确保目标结构、状态或前置条件存在并可用。		自我线程模块.impl.cpp:13327;自我线程模块.impl.cpp:13802
yes	私有_扫描材料承接后确保6147任务主体_线程侧	私有_扫描材料承接后确保6147任务主体_线程侧	自我线程模块.impl.cpp:13408	2	确保目标结构、状态或前置条件存在并可用。		自我线程模块.impl.cpp:13408;自我线程模块.impl.cpp:13808
yes	私有_审批任务执行前许可请求_线程侧	私有_审批任务执行前许可请求_线程侧	自我线程模块.impl.cpp:13465	2	执行任务、方法或动作的主体逻辑。		自我线程模块.impl.cpp:13465;自我线程模块.impl.cpp:15738
yes	私有_落任务管理观察事实承接请求到自我内部世界	私有_落任务管理观察事实承接请求到自我内部世界	自我线程模块.impl.cpp:13506	2	服务所在模块的内部辅助流程。		自我线程模块.impl.cpp:13506;自我线程模块.impl.cpp:15742
yes	私有_任务管理结果存在未恢复关键中间状态_线程侧	私有_任务管理结果存在未恢复关键中间状态_线程侧	自我线程模块.impl.cpp:1363	2	从任务结果状态判断关键中间状态是否仍未恢复。		自我线程模块.impl.cpp:1363;自我线程模块.impl.cpp:16521
yes	私有_任务管理结果存在已恢复关键中间状态_线程侧	私有_任务管理结果存在已恢复关键中间状态_线程侧	自我线程模块.impl.cpp:1382	2	从任务结果状态判断关键中间状态是否已经恢复。		自我线程模块.impl.cpp:1382;自我线程模块.impl.cpp:16523
yes	私有_落自检报告到自我内部世界	私有_落自检报告到自我内部世界	自我线程模块.impl.cpp:13836	2	服务所在模块的内部辅助流程。		自我线程模块.impl.cpp:13836;自我线程模块.impl.cpp:15747
yes	私有_落任务管理结果到自我内部世界	私有_落任务管理结果到自我内部世界	自我线程模块.impl.cpp:13873	2	服务所在模块的内部辅助流程。		自我线程模块.impl.cpp:13873;自我线程模块.impl.cpp:15750
yes	私有_治理消息处理类型文本	私有_治理消息处理类型文本	自我线程模块.impl.cpp:13924	2	服务所在模块的内部辅助流程。		自我线程模块.impl.cpp:13924;自我线程模块.impl.cpp:15157
yes	私有_评估服务价值结算证据_线程侧	私有_评估服务价值结算证据_线程侧	自我线程模块.impl.cpp:1394	2	评估状态、风险、质量、权重或完成度。		自我线程模块.impl.cpp:1394;自我线程模块.impl.cpp:2272
yes	私有_任务管理去向文本	私有_任务管理去向文本	自我线程模块.impl.cpp:13947	2	服务所在模块的内部辅助流程。		自我线程模块.impl.cpp:13947;自我线程模块.impl.cpp:17269
yes	私有_提取并上报任务管理上行消息_线程侧	私有_提取并上报任务管理上行消息_线程侧	自我线程模块.impl.cpp:13961	2	服务所在模块的内部辅助流程。		自我线程模块.impl.cpp:13961;自我线程模块.impl.cpp:15631
yes	私有_归并治理消息并对账	私有_归并治理消息并对账	自我线程模块.impl.cpp:13982	2	服务所在模块的内部辅助流程。		自我线程模块.impl.cpp:13982;自我线程模块.impl.cpp:15719
yes	私有_是任务管理成功结果消息	私有_是任务管理成功结果消息	自我线程模块.impl.cpp:14072	2	服务所在模块的内部辅助流程。		自我线程模块.impl.cpp:14072;自我线程模块.impl.cpp:14140
yes	私有_写入G0线程侧证据材料	私有_写入G0线程侧证据材料	自我线程模块.impl.cpp:1413	2	把处理结果写入指定对象、场景或日志。		自我线程模块.impl.cpp:1413;自我线程模块.impl.cpp:1522
yes	私有_冻结消息批次_限制观察承接	私有_冻结消息批次_限制观察承接	自我线程模块.impl.cpp:14177	2	服务所在模块的内部辅助流程。		自我线程模块.impl.cpp:14177;自我线程模块.impl.cpp:15665
yes	私有_读取场景最新动态V1摘要	私有_读取场景最新动态V1摘要	自我线程模块.impl.cpp:14305	2	从指定来源读取数据或状态。		自我线程模块.impl.cpp:14305;自我线程模块.impl.cpp:16524
yes	私有_运行摘要	私有_运行摘要	自我线程模块.impl.cpp:14524	2	执行对应模块、线程或方法的运行逻辑。		自我线程模块.impl.cpp:14524;自我线程模块.impl.cpp:15444
yes	私有_生成成功服务G0候选_线程侧	私有_生成成功服务G0候选_线程侧	自我线程模块.impl.cpp:1467	2	根据当前输入生成目标数据、场景、动态或回执。		自我线程模块.impl.cpp:1467;自我线程模块.impl.cpp:2382
yes	自我线程类::处理任务满足反馈	处理任务满足反馈	自我线程模块.impl.cpp:15029	2	按函数名执行对应处理。		自我线程模块.impl.cpp:15029;自我线程模块.impl.cpp:15061
yes	自我线程类::处理任务满足反馈	处理任务满足反馈	自我线程模块.impl.cpp:15061	2	按函数名执行对应处理。		自我线程模块.impl.cpp:15029;自我线程模块.impl.cpp:15061
yes	自我线程类::配置	配置	自我线程模块.impl.cpp:15223	2	按函数名执行对应处理。		自我线程模块.impl.cpp:15223;自我线程模块.impl.cpp:15229
yes	自我线程类::配置	配置	自我线程模块.impl.cpp:15229	2	按函数名执行对应处理。		自我线程模块.impl.cpp:15223;自我线程模块.impl.cpp:15229
yes	私有_读取成功服务候选标准服务单位_线程侧	私有_读取成功服务候选标准服务单位_线程侧	自我线程模块.impl.cpp:1776	2	从指定来源读取数据或状态。		自我线程模块.impl.cpp:1776;自我线程模块.impl.cpp:1908
yes	私有_成功服务候选已结算_线程侧	私有_成功服务候选已结算_线程侧	自我线程模块.impl.cpp:1820	2	结算任务、需求、价值或结果贡献。		自我线程模块.impl.cpp:1820;自我线程模块.impl.cpp:1900
yes	私有_读取任务成功服务候选池_线程侧	私有_读取任务成功服务候选池_线程侧	自我线程模块.impl.cpp:1834	2	从指定来源读取数据或状态。		自我线程模块.impl.cpp:1834;自我线程模块.impl.cpp:1891
yes	私有_收集当前任务树头任务_线程侧	私有_收集当前任务树头任务_线程侧	自我线程模块.impl.cpp:1851	2	服务所在模块的内部辅助流程。		自我线程模块.impl.cpp:1851;自我线程模块.impl.cpp:1885
yes	私有_复核成功服务候选池_线程侧	私有_复核成功服务候选池_线程侧	自我线程模块.impl.cpp:1880	2	服务所在模块的内部辅助流程。		自我线程模块.impl.cpp:1880;自我线程模块.impl.cpp:1961
yes	私有_执行服务治理周期维护_线程侧	私有_执行服务治理周期维护_线程侧	自我线程模块.impl.cpp:1949	2	执行任务、方法或动作的主体逻辑。		自我线程模块.impl.cpp:1949;自我线程模块.impl.cpp:15645
yes	私有_目标特征是外设内部材料字段_线程侧	私有_目标特征是外设内部材料字段_线程侧	自我线程模块.impl.cpp:235	2	服务所在模块的内部辅助流程。		自我线程模块.impl.cpp:235;自我线程模块.impl.cpp:10061
yes	私有_根必要条件目标方法ID_线程侧	私有_根必要条件目标方法ID_线程侧	自我线程模块.impl.cpp:2694	2	服务所在模块的内部辅助流程。		自我线程模块.impl.cpp:2694;自我线程模块.impl.cpp:11305
yes	私有_从状态引用解析状态节点	私有_从状态引用解析状态节点	自我线程模块.impl.cpp:2854	2	解析输入文本、消息、场景或运行包。		自我线程模块.impl.cpp:2854;自我线程模块.impl.cpp:3378
yes	私有_状态特征主信息_线程侧	私有_状态特征主信息_线程侧	自我线程模块.impl.cpp:2866	2	服务所在模块的内部辅助流程。		自我线程模块.impl.cpp:2866;自我线程模块.impl.cpp:2900
yes	私有_状态语义相同_线程侧	私有_状态语义相同_线程侧	自我线程模块.impl.cpp:2921	2	服务所在模块的内部辅助流程。		自我线程模块.impl.cpp:2921;自我线程模块.impl.cpp:10173
yes	私有_从场景查找目标实际状态_线程侧	私有_从场景查找目标实际状态_线程侧	自我线程模块.impl.cpp:3219	2	按条件查找目标对象、方法或事实。		自我线程模块.impl.cpp:3219;自我线程模块.impl.cpp:3393
yes	私有_获取当前主需求_线程侧	私有_获取当前主需求_线程侧	自我线程模块.impl.cpp:3548	2	读取并返回指定对象、状态或运行材料。		自我线程模块.impl.cpp:3548;自我线程模块.impl.cpp:17022
yes	私有_校验需求节点属于当前需求树	私有_校验需求节点属于当前需求树	自我线程模块.impl.cpp:3555	2	服务所在模块的内部辅助流程。		自我线程模块.impl.cpp:3555;自我线程模块.impl.cpp:12573
yes	私有_获取当前主任务_线程侧	私有_获取当前主任务_线程侧	自我线程模块.impl.cpp:3564	2	读取并返回指定对象、状态或运行材料。		自我线程模块.impl.cpp:3564;自我线程模块.impl.cpp:14613
yes	私有_确保任务承接权重已固化_线程侧	私有_确保任务承接权重已固化_线程侧	自我线程模块.impl.cpp:3813	2	确保目标结构、状态或前置条件存在并可用。		自我线程模块.impl.cpp:3813;自我线程模块.impl.cpp:4521
yes	私有_根必要条件是间接服务维护字段_线程侧	私有_根必要条件是间接服务维护字段_线程侧	自我线程模块.impl.cpp:412	2	服务所在模块的内部辅助流程。		自我线程模块.impl.cpp:412;自我线程模块.impl.cpp:11253
yes	私有_风险安全因素兄弟入账掩码_线程侧	私有_风险安全因素兄弟入账掩码_线程侧	自我线程模块.impl.cpp:4214	2	服务所在模块的内部辅助流程。		自我线程模块.impl.cpp:4214;自我线程模块.impl.cpp:4268
yes	私有_查找风险安全场景影响因素宿主_线程侧	私有_查找风险安全场景影响因素宿主_线程侧	自我线程模块.impl.cpp:4247	2	按条件查找目标对象、方法或事实。		自我线程模块.impl.cpp:4247;自我线程模块.impl.cpp:4309
yes	私有_抽象根特征定义读取状态文本_线程侧	私有_抽象根特征定义读取状态文本_线程侧	自我线程模块.impl.cpp:464	2	从指定来源读取数据或状态。		自我线程模块.impl.cpp:464;自我线程模块.impl.cpp:663
yes	私有_夹紧非负长双到I64_线程侧	私有_夹紧非负长双到I64_线程侧	自我线程模块.impl.cpp:4824	2	服务所在模块的内部辅助流程。		自我线程模块.impl.cpp:4824;自我线程模块.impl.cpp:5196
yes	私有_饱和加I64非负增量_线程侧	私有_饱和加I64非负增量_线程侧	自我线程模块.impl.cpp:4837	2	服务所在模块的内部辅助流程。		自我线程模块.impl.cpp:4837;自我线程模块.impl.cpp:5022
yes	私有_按任务管理同口径计算完成度百万分比_线程侧	私有_按任务管理同口径计算完成度百万分比_线程侧	自我线程模块.impl.cpp:4854	2	计算权重、状态、差值或派生结果。		自我线程模块.impl.cpp:4854;自我线程模块.impl.cpp:5326
yes	私有_横向候选任务排序评分_线程侧	私有_横向候选任务排序评分_线程侧	自我线程模块.impl.cpp:4930	2	服务所在模块的内部辅助流程。		自我线程模块.impl.cpp:4930;自我线程模块.impl.cpp:5285
yes	私有_任务状态可进入横向结算_线程侧	私有_任务状态可进入横向结算_线程侧	自我线程模块.impl.cpp:4940	2	结算任务、需求、价值或结果贡献。		自我线程模块.impl.cpp:4940;自我线程模块.impl.cpp:5263
yes	私有_来源实际结果可投向候选需求_线程侧	私有_来源实际结果可投向候选需求_线程侧	自我线程模块.impl.cpp:4948	2	服务所在模块的内部辅助流程。		自我线程模块.impl.cpp:4948;自我线程模块.impl.cpp:5227
yes	私有_横向候选数值拒绝原因文本_线程侧	私有_横向候选数值拒绝原因文本_线程侧	自我线程模块.impl.cpp:4982	2	把横向候选数值拒绝原因转换为日志文本。		自我线程模块.impl.cpp:4982;自我线程模块.impl.cpp:5245
yes	私有_填充横向候选数值_线程侧	私有_填充横向候选数值_线程侧	自我线程模块.impl.cpp:4999	2	服务所在模块的内部辅助流程。		自我线程模块.impl.cpp:4999;自我线程模块.impl.cpp:5234
yes	私有_构造横向候选正式结算证据_线程侧	私有_构造横向候选正式结算证据_线程侧	自我线程模块.impl.cpp:5036	2	结算任务、需求、价值或结果贡献。		自我线程模块.impl.cpp:5036;自我线程模块.impl.cpp:5310
yes	可用任务头	可用任务头	自我线程模块.impl.cpp:5467	2	按函数名执行对应处理。		自我线程模块.impl.cpp:5467;自我线程模块.impl.cpp:5476
yes	可用任务头	可用任务头	自我线程模块.impl.cpp:5476	2	按函数名执行对应处理。		自我线程模块.impl.cpp:5467;自我线程模块.impl.cpp:5476
yes	私有_需求相关任务已终结_线程侧	私有_需求相关任务已终结_线程侧	自我线程模块.impl.cpp:5522	2	服务所在模块的内部辅助流程。		自我线程模块.impl.cpp:5522;自我线程模块.impl.cpp:6049
yes	私有_收束已完成叶需求_线程侧	私有_收束已完成叶需求_线程侧	自我线程模块.impl.cpp:5548	2	服务所在模块的内部辅助流程。		自我线程模块.impl.cpp:5548;自我线程模块.impl.cpp:12365
yes	私有_回查父需求目标_任务管理新链	私有_回查父需求目标_任务管理新链	自我线程模块.impl.cpp:5814	2	服务所在模块的内部辅助流程。		自我线程模块.impl.cpp:5814;自我线程模块.impl.cpp:6071
yes	私有_需求可提交活动任务化意图_线程侧	私有_需求可提交活动任务化意图_线程侧	自我线程模块.impl.cpp:5941	2	提交事实、动态、任务状态或运行回执。		自我线程模块.impl.cpp:5941;自我线程模块.impl.cpp:8100
yes	私有_选择活动叶子需求_任务管理新链	私有_选择活动叶子需求_任务管理新链	自我线程模块.impl.cpp:5986	2	从候选集中选择当前使用对象或方法。		自我线程模块.impl.cpp:5986;自我线程模块.impl.cpp:6024
yes	私有_派生需求已满足或已调度_任务管理新链	私有_派生需求已满足或已调度_任务管理新链	自我线程模块.impl.cpp:6038	2	服务所在模块的内部辅助流程。		自我线程模块.impl.cpp:6038;自我线程模块.impl.cpp:6061
yes	私有_安全风险树节点类型词_线程侧	私有_安全风险树节点类型词_线程侧	自我线程模块.impl.cpp:6250	2	服务所在模块的内部辅助流程。		自我线程模块.impl.cpp:6250;自我线程模块.impl.cpp:6752
yes	私有_计算安全因果风险树输入版本_线程侧	私有_计算安全因果风险树输入版本_线程侧	自我线程模块.impl.cpp:6261	2	计算权重、状态、差值或派生结果。		自我线程模块.impl.cpp:6261;自我线程模块.impl.cpp:6888
yes	私有_安全因果风险树节点键_线程侧	私有_安全因果风险树节点键_线程侧	自我线程模块.impl.cpp:6270	2	服务所在模块的内部辅助流程。		自我线程模块.impl.cpp:6270;自我线程模块.impl.cpp:6749
yes	私有_推导需求根分区_线程侧	私有_推导需求根分区_线程侧	自我线程模块.impl.cpp:6284	2	服务所在模块的内部辅助流程。		自我线程模块.impl.cpp:6284;自我线程模块.impl.cpp:6917
yes	私有_抽象根特征定义摘要_线程侧	私有_抽象根特征定义摘要_线程侧	自我线程模块.impl.cpp:658	2	服务所在模块的内部辅助流程。		自我线程模块.impl.cpp:658;自我线程模块.impl.cpp:676
yes	私有_取或创建安全因果风险树因素节点_线程侧	私有_取或创建安全因果风险树因素节点_线程侧	自我线程模块.impl.cpp:6739	2	创建并返回或登记对应对象。		自我线程模块.impl.cpp:6275;自我线程模块.impl.cpp:6739
yes	私有_维护安全因果风险树_线程侧	私有_维护安全因果风险树_线程侧	自我线程模块.impl.cpp:6815	2	服务所在模块的内部辅助流程。		自我线程模块.impl.cpp:6815;自我线程模块.impl.cpp:16824
yes	私有_记录抽象根特征定义读取快照_线程侧	私有_记录抽象根特征定义读取快照_线程侧	自我线程模块.impl.cpp:694	2	从指定来源读取数据或状态。		自我线程模块.impl.cpp:694;自我线程模块.impl.cpp:12231
yes	私有_写入结算叶子任务价值输入	私有_写入结算叶子任务价值输入	自我线程模块.impl.cpp:7044	2	把处理结果写入指定对象、场景或日志。		自我线程模块.impl.cpp:7044;自我线程模块.impl.cpp:7228
yes	私有_处理共享任务挂接需求满足反馈_线程侧	私有_处理共享任务挂接需求满足反馈_线程侧	自我线程模块.impl.cpp:7309	2	服务所在模块的内部辅助流程。		自我线程模块.impl.cpp:7309;自我线程模块.impl.cpp:7906
yes	私有_成功服务G0候选生成状态文本_线程侧	私有_成功服务G0候选生成状态文本_线程侧	自我线程模块.impl.cpp:733	2	渲染结构化状态供日志显示。		自我线程模块.impl.cpp:733;自我线程模块.impl.cpp:2396
yes	私有_任务节点同一_线程侧	私有_任务节点同一_线程侧	自我线程模块.impl.cpp:7482	2	服务所在模块的内部辅助流程。		自我线程模块.impl.cpp:7482;自我线程模块.impl.cpp:7573
yes	私有_按成功结果满足来源需求并唤醒父任务_任务管理新链	私有_按成功结果满足来源需求并唤醒父任务_任务管理新链	自我线程模块.impl.cpp:7781	2	唤醒等待中的任务、线程或治理链。		自我线程模块.impl.cpp:7781;自我线程模块.impl.cpp:13884
yes	私有_按方法虚拟存在解析方法节点_任务管理新链	私有_按方法虚拟存在解析方法节点_任务管理新链	自我线程模块.impl.cpp:7961	2	解析输入文本、消息、场景或运行包。		自我线程模块.impl.cpp:7961;自我线程模块.impl.cpp:10070
yes	私有_解析存在引用_任务语义	私有_解析存在引用_任务语义	自我线程模块.impl.cpp:7992	2	解析输入文本、消息、场景或运行包。		自我线程模块.impl.cpp:2528;自我线程模块.impl.cpp:7992
yes	私有_解析场景引用_任务语义	私有_解析场景引用_任务语义	自我线程模块.impl.cpp:8005	2	解析输入文本、消息、场景或运行包。		自我线程模块.impl.cpp:2530;自我线程模块.impl.cpp:8005
yes	私有_按任务主键解析任务虚拟存在_任务管理新链	私有_按任务主键解析任务虚拟存在_任务管理新链	自我线程模块.impl.cpp:8025	2	解析输入文本、消息、场景或运行包。		自我线程模块.impl.cpp:8025;自我线程模块.impl.cpp:12871
yes	私有_提交活动需求任务化意图_线程侧	私有_提交活动需求任务化意图_线程侧	自我线程模块.impl.cpp:8084	2	提交事实、动态、任务状态或运行回执。		自我线程模块.impl.cpp:8084;自我线程模块.impl.cpp:16862
yes	私有_提交任务到任务管理界面线程_任务管理新链	私有_提交任务到任务管理界面线程_任务管理新链	自我线程模块.impl.cpp:8190	2	提交事实、动态、任务状态或运行回执。		自我线程模块.impl.cpp:8190;自我线程模块.impl.cpp:17213
yes	私有_观察事实更新后触发来源需求重筹办_线程侧	私有_观察事实更新后触发来源需求重筹办_线程侧	自我线程模块.impl.cpp:8260	2	更新已有对象、状态、索引或缓存。		自我线程模块.impl.cpp:8260;自我线程模块.impl.cpp:13820
yes	私有_观察事实更新后刷新来源需求材料子需求_线程侧	私有_观察事实更新后刷新来源需求材料子需求_线程侧	自我线程模块.impl.cpp:8418	2	更新已有对象、状态、索引或缓存。		自我线程模块.impl.cpp:8418;自我线程模块.impl.cpp:13814
yes	私有_观察事实更新后触发安全根需求重筹办_线程侧	私有_观察事实更新后触发安全根需求重筹办_线程侧	自我线程模块.impl.cpp:8544	2	更新已有对象、状态、索引或缓存。		自我线程模块.impl.cpp:8544;自我线程模块.impl.cpp:13826
yes	私有_派生需求特征类型词	私有_派生需求特征类型词	自我线程模块.impl.cpp:8712	2	服务所在模块的内部辅助流程。		自我线程模块.impl.cpp:8712;自我线程模块.impl.cpp:10043
yes	私有_派生任务类型词	私有_派生任务类型词	自我线程模块.impl.cpp:8726	2	服务所在模块的内部辅助流程。		自我线程模块.impl.cpp:2524;自我线程模块.impl.cpp:8726
yes	私有_自检候选类型文本	私有_自检候选类型文本	自我线程模块.impl.cpp:8741	2	服务所在模块的内部辅助流程。		自我线程模块.impl.cpp:8741;自我线程模块.impl.cpp:8817
yes	私有_写入自检报告休眠处置	私有_写入自检报告休眠处置	自我线程模块.impl.cpp:8756	2	服务所在模块的内部辅助流程。		自我线程模块.impl.cpp:8756;自我线程模块.impl.cpp:15267
yes	私有_自检候选原子目标完整	私有_自检候选原子目标完整	自我线程模块.impl.cpp:8829	2	服务所在模块的内部辅助流程。		自我线程模块.impl.cpp:8829;自我线程模块.impl.cpp:9264
yes	私有_解析自检原子目标宿主	私有_解析自检原子目标宿主	自我线程模块.impl.cpp:8862	2	解析输入文本、消息、场景或运行包。		自我线程模块.impl.cpp:8862;自我线程模块.impl.cpp:9287
yes	私有_自检维护管理目标特征名_线程侧	私有_自检维护管理目标特征名_线程侧	自我线程模块.impl.cpp:8936	2	服务所在模块的内部辅助流程。		自我线程模块.impl.cpp:8936;自我线程模块.impl.cpp:8957
yes	私有_自检维护管理目标特征词_线程侧	私有_自检维护管理目标特征词_线程侧	自我线程模块.impl.cpp:8954	2	服务所在模块的内部辅助流程。		自我线程模块.impl.cpp:8954;自我线程模块.impl.cpp:8974
yes	私有_确保自检维护管理父需求_线程侧	私有_确保自检维护管理父需求_线程侧	自我线程模块.impl.cpp:8962	2	确保目标结构、状态或前置条件存在并可用。		自我线程模块.impl.cpp:8962;自我线程模块.impl.cpp:9125
yes	私有_查询自检候选局部来源线索_线程侧	私有_查询自检候选局部来源线索_线程侧	自我线程模块.impl.cpp:9073	2	服务所在模块的内部辅助流程。		自我线程模块.impl.cpp:9073;自我线程模块.impl.cpp:9148
yes	私有_裁决自检候选父需求_线程侧	私有_裁决自检候选父需求_线程侧	自我线程模块.impl.cpp:9089	2	服务所在模块的内部辅助流程。		自我线程模块.impl.cpp:9089;自我线程模块.impl.cpp:9326
yes	私有_按自检候选生成正式需求节点	私有_按自检候选生成正式需求节点	自我线程模块.impl.cpp:9258	2	根据当前输入生成目标数据、场景、动态或回执。		自我线程模块.impl.cpp:9258;自我线程模块.impl.cpp:13853
yes	私有_映射派生需求入树拒绝原因	私有_映射派生需求入树拒绝原因	自我线程模块.impl.cpp:9448	2	把自我线程已有派生需求入树原因分类映射为任务协议层拒绝原因。		自我线程模块.impl.cpp:9448;自我线程模块.impl.cpp:9891
yes	私有_需求入树拒绝回执需要开发诊断项_线程侧	私有_需求入树拒绝回执需要开发诊断项_线程侧	自我线程模块.impl.cpp:9512	2	判断拒绝回执是否必须进入开发诊断账本。		自我线程模块.impl.cpp:9512;自我线程模块.impl.cpp:9818
yes	私有_登记开发诊断项_线程侧	私有_登记开发诊断项_线程侧	自我线程模块.impl.cpp:9524	2	为代码缺陷型拒绝建立或复用开发诊断项。		自我线程模块.impl.cpp:9524;自我线程模块.impl.cpp:9819
yes	私有_需求入树拒绝回执需要转派项_线程侧	私有_需求入树拒绝回执需要转派项_线程侧	自我线程模块.impl.cpp:9604	2	判断拒绝回执是否需要登记运行期转派项。		自我线程模块.impl.cpp:9604;自我线程模块.impl.cpp:9827
yes	私有_拒绝闭环转派状态_线程侧	私有_拒绝闭环转派状态_线程侧	自我线程模块.impl.cpp:9622	2	把拒绝闭环类型映射为转派账本状态。		自我线程模块.impl.cpp:9622;自我线程模块.impl.cpp:9655
yes	私有_登记拒绝闭环转派项_线程侧	私有_登记拒绝闭环转派项_线程侧	自我线程模块.impl.cpp:9652	2	为可治理拒绝建立或复用运行期转派项。		自我线程模块.impl.cpp:9652;自我线程模块.impl.cpp:9828
yes	私有_需求入树拒绝回执需后续承接_线程侧	私有_需求入树拒绝回执需后续承接_线程侧	自我线程模块.impl.cpp:9723	2	判断拒绝回执终态是否仍需后续模块完成实际承接。		自我线程模块.impl.cpp:9723;自我线程模块.impl.cpp:9817
yes	私有_登记需求入树拒绝回执账本_线程侧	私有_登记需求入树拒绝回执账本_线程侧	自我线程模块.impl.cpp:9743	2	把拒绝回执登记到账本；账本只记录状态和证据，不主动转派。		自我线程模块.impl.cpp:9743;自我线程模块.impl.cpp:9830
yes	私有_处理需求入树拒绝回执_线程侧	私有_处理需求入树拒绝回执_线程侧	自我线程模块.impl.cpp:9761	2	执行拒绝回执治理分类、终态检查和账本登记。		自我线程模块.impl.cpp:9761;自我线程模块.impl.cpp:10517
yes	私有_构造派生需求入树拒绝回执	私有_构造派生需求入树拒绝回执	自我线程模块.impl.cpp:9860	2	根据派生需求入树失败分类构造结构化拒绝回执。		自我线程模块.impl.cpp:9860;自我线程模块.impl.cpp:10511
yes	对账线程状态消息与结果消息	对账线程状态消息与结果消息	自我线程模块.消息协议.ixx:1018	2	按函数名执行对应处理。		自我线程模块.消息协议.ixx:1018;自我线程模块.消息协议.ixx:1088
yes	任务管理结果消息语义相同	任务管理结果消息语义相同	自我线程模块.消息协议.ixx:1055	2	按函数名执行对应处理。 功能：按函数名执行对应处理。		自我线程模块.消息协议.ixx:1055;自我线程模块.消息协议.ixx:1208
yes	从线程状态消息构造执行尝试汇总	从线程状态消息构造执行尝试汇总	自我线程模块.消息协议.ixx:1238	2	执行任务、方法或动作的主体逻辑。		自我线程模块.消息协议.ixx:1238;自我线程模块.消息协议.ixx:1440
yes	从结果消息构造执行尝试汇总	从结果消息构造执行尝试汇总	自我线程模块.消息协议.ixx:1247	2	执行任务、方法或动作的主体逻辑。		自我线程模块.消息协议.ixx:1247;自我线程模块.消息协议.ixx:1595
yes	映射到任务管理触发事件类型	映射到任务管理触发事件类型	自我线程模块.消息协议.ixx:1256	2	按函数名执行对应处理。		自我线程模块.impl.cpp:17316;自我线程模块.消息协议.ixx:1256
yes	映射到任务管理触发来源	映射到任务管理触发来源	自我线程模块.消息协议.ixx:1279	2	按函数名执行对应处理。		自我线程模块.impl.cpp:17317;自我线程模块.消息协议.ixx:1279
yes	计算恢复事件处理方式	计算恢复事件处理方式	自我线程模块.消息协议.ixx:1289	2	计算权重、状态、差值或派生结果。		自我线程模块.impl.cpp:17318;自我线程模块.消息协议.ixx:1289
yes	从任务推进事件构造治理消息	从任务推进事件构造治理消息	自我线程模块.消息协议.ixx:1316	2	按函数名执行对应处理。		自我线程模块.消息协议.ixx:1316;自我线程模块.消息处理器.ixx:454
yes	从任务管理线程状态消息构造治理消息	从任务管理线程状态消息构造治理消息	自我线程模块.消息协议.ixx:1397	2	按函数名执行对应处理。		自我线程模块.消息协议.ixx:1397;自我线程模块.消息协议.ixx:1786
yes	从任务管理派生需求消息构造治理消息	从任务管理派生需求消息构造治理消息	自我线程模块.消息协议.ixx:1452	2	按函数名执行对应处理。		自我线程模块.消息协议.ixx:1452;自我线程模块.消息协议.ixx:1791
yes	从任务管理结果状态消息构造治理消息	从任务管理结果状态消息构造治理消息	自我线程模块.消息协议.ixx:1537	2	按函数名执行对应处理。		自我线程模块.消息协议.ixx:1537;自我线程模块.消息协议.ixx:1796
yes	从自检报告消息构造治理消息	从自检报告消息构造治理消息	自我线程模块.消息协议.ixx:1607	2	按函数名执行对应处理。		自我线程模块.impl.cpp:17420;自我线程模块.消息协议.ixx:1607
yes	从任务管理观察事实承接请求构造治理消息	从任务管理观察事实承接请求构造治理消息	自我线程模块.消息协议.ixx:1643	2	按函数名执行对应处理。		自我线程模块.消息协议.ixx:1643;自我线程模块.消息协议.ixx:1801
yes	从任务管理执行前许可请求构造治理消息	从任务管理执行前许可请求构造治理消息	自我线程模块.消息协议.ixx:1695	2	执行任务、方法或动作的主体逻辑。		自我线程模块.消息协议.ixx:1695;自我线程模块.消息协议.ixx:1806
yes	从任务管理上行消息构造治理消息	从任务管理上行消息构造治理消息	自我线程模块.消息协议.ixx:1777	2	按函数名执行对应处理。		自我线程模块.impl.cpp:17432;自我线程模块.消息协议.ixx:1777
yes	默认动作语义键	默认动作语义键	自我线程模块.消息协议.ixx:419	2	按函数名执行对应处理。		自我线程模块.消息协议.ixx:419;自我线程模块.消息协议.ixx:727
yes	默认仅局部有效	默认仅局部有效	自我线程模块.消息协议.ixx:468	2	按函数名执行对应处理。		自我线程模块.消息协议.ixx:468;自我线程模块.消息协议.ixx:724
yes	同步治理消息语义槽	同步治理消息语义槽	自我线程模块.消息协议.ixx:519	2	同步线程、任务、场景或对象之间的状态。		自我线程模块.消息协议.ixx:519;自我线程模块.消息协议.ixx:729
yes	同步执行尝试汇总语义槽	同步执行尝试汇总语义槽	自我线程模块.消息协议.ixx:576	2	同步线程、任务、场景或对象之间的状态。		自我线程模块.消息协议.ixx:576;自我线程模块.消息协议.ixx:597
yes	线程状态特征文本	线程状态特征文本	自我线程模块.消息协议.ixx:652	2	按函数名执行对应处理。		自我线程模块.消息协议.ixx:652;自我线程模块.消息协议.ixx:699
yes	是否线程状态型特征	是否线程状态型特征	自我线程模块.消息协议.ixx:663	2	按函数名执行对应处理。		自我线程模块.消息协议.ixx:663;自我线程模块.消息协议.ixx:786
yes	是否线程状态变化处理类型	是否线程状态变化处理类型	自我线程模块.消息协议.ixx:683	2	按函数名执行对应处理。		自我线程模块.消息协议.ixx:683;自我线程模块.消息协议.ixx:752
yes	生成线程状态变化摘要	生成线程状态变化摘要	自我线程模块.消息协议.ixx:689	2	根据当前输入生成目标数据、场景、动态或回执。		自我线程模块.消息协议.ixx:689;自我线程模块.消息协议.ixx:798
yes	是否存在线程状态变化消息段	是否存在线程状态变化消息段	自我线程模块.消息协议.ixx:734	2	按函数名执行对应处理。		自我线程模块.消息协议.ixx:734;自我线程模块.消息协议.ixx:753
yes	获取线程状态变化消息段	获取线程状态变化消息段	自我线程模块.消息协议.ixx:740	2	读取并返回指定对象、状态或运行材料。		自我线程模块.消息协议.ixx:740;自我线程模块.消息批次执行器.ixx:127
yes	是否线程状态变化治理消息	是否线程状态变化治理消息	自我线程模块.消息协议.ixx:750	2	按函数名执行对应处理。		自我线程模块.impl.cpp:15729;自我线程模块.消息协议.ixx:750
yes	映射任务管理结果状态	映射任务管理结果状态	自我线程模块.消息协议.ixx:896	2	按函数名执行对应处理。		自我线程模块.消息协议.ixx:896;自我线程模块.消息协议.ixx:1580
yes	是否同一次执行尝试	是否同一次执行尝试	自我线程模块.消息协议.ixx:926	2	判断两个任务管理消息头是否属于同一次执行尝试。		自我线程模块.消息协议.ixx:926;自我线程模块.消息协议.ixx:1023
yes	线程状态与结果状态一致	线程状态与结果状态一致	自我线程模块.消息协议.ixx:985	2	按函数名执行对应处理。		自我线程模块.消息协议.ixx:985;自我线程模块.消息协议.ixx:1041
yes	需求节点是结构根	需求节点是结构根	自我线程模块.消息处理器.ixx:100	2	按函数名执行对应处理。		自我线程模块.消息处理器.ixx:100;自我线程模块.消息处理器.ixx:490
yes	新增需求原子目标缺失项文本	新增需求原子目标缺失项文本	自我线程模块.消息处理器.ixx:120	2	把新增需求原子目标缺失项转换为弹错文本。		自我线程模块.消息处理器.ixx:120;自我线程模块.消息处理器.ixx:499
yes	处理控制域事实消息_	处理控制域事实消息_	自我线程模块.消息处理器.ixx:342	2	按函数名执行对应处理。		自我线程模块.消息处理器.ixx:342;自我线程模块.消息处理器.ixx:398
yes	处理业务域事实消息_	处理业务域事实消息_	自我线程模块.消息处理器.ixx:349	2	按函数名执行对应处理。		自我线程模块.消息处理器.ixx:349;自我线程模块.消息处理器.ixx:400
yes	处理延迟事实消息_	处理延迟事实消息_	自我线程模块.消息处理器.ixx:356	2	按函数名执行对应处理。		自我线程模块.消息处理器.ixx:356;自我线程模块.消息处理器.ixx:402
yes	处理工作线程状态消息_	处理工作线程状态消息_	自我线程模块.消息处理器.ixx:363	2	按函数名执行对应处理。		自我线程模块.消息处理器.ixx:363;自我线程模块.消息处理器.ixx:404
yes	处理任务推进关键事件消息_	处理任务推进关键事件消息_	自我线程模块.消息处理器.ixx:370	2	按函数名执行对应处理。		自我线程模块.消息处理器.ixx:370;自我线程模块.消息处理器.ixx:406
yes	处理派生需求上报消息_	处理派生需求上报消息_	自我线程模块.消息处理器.ixx:377	2	按函数名执行对应处理。		自我线程模块.消息处理器.ixx:377;自我线程模块.消息处理器.ixx:408
yes	处理结果与关键中间状态回流消息_	处理结果与关键中间状态回流消息_	自我线程模块.消息处理器.ixx:384	2	按函数名执行对应处理。		自我线程模块.消息处理器.ixx:384;自我线程模块.消息处理器.ixx:410
yes	处理治理消息	处理治理消息	自我线程模块.消息处理器.ixx:391	2	按函数名执行对应处理。		自我线程模块.消息处理器.ixx:391;自我线程模块.消息处理器.ixx:426
yes	按主键定位需求节点	按主键定位需求节点	自我线程模块.消息处理器.ixx:69	2	按函数名执行对应处理。		自我线程模块.消息处理器.ixx:69;自我线程模块.消息处理器.ixx:96
yes	计算根层重判结果	计算根层重判结果	自我线程模块.消息批次执行器.ixx:233	2	计算权重、状态、差值或派生结果。		自我线程模块.消息批次执行器.ixx:233;自我线程模块.消息批次执行器.ixx:274
yes	计算执行前门控结果	计算执行前门控结果	自我线程模块.消息批次执行器.ixx:254	2	计算权重、状态、差值或派生结果。		自我线程模块.消息批次执行器.ixx:254;自我线程模块.消息批次执行器.ixx:275
yes	计算线程裁决结果	计算线程裁决结果	自我线程模块.消息批次执行器.ixx:271	2	计算权重、状态、差值或派生结果。		自我线程模块.impl.cpp:17097;自我线程模块.消息批次执行器.ixx:271
yes	裁决批次执行去向	裁决批次执行去向	自我线程模块.消息批次执行器.ixx:323	2	执行任务、方法或动作的主体逻辑。		自我线程模块.impl.cpp:17260;自我线程模块.消息批次执行器.ixx:323
yes	生成消息幂等键	生成消息幂等键	自我线程模块.消息批次执行器.ixx:84	2	根据当前输入生成目标数据、场景、动态或回执。		自我线程模块.impl.cpp:15153;自我线程模块.消息批次执行器.ixx:84
yes	判定首收件人	判定首收件人	自我线程模块.消息路由.ixx:19	2	按函数名执行对应处理。		自我线程模块.消息路由.ixx:19;自我线程模块.消息路由.ixx:37
yes	是否需要路由回父任务	是否需要路由回父任务	自我线程模块.消息路由.ixx:41	2	按函数名执行对应处理。		自我线程模块.消息处理器.ixx:233;自我线程模块.消息路由.ixx:41
yes	私有_统计方法直接结构_自检	私有_统计方法直接结构_自检	自检线程模块.impl.cpp:1020	2	统计方法首节点下的直接条件和结果数量。		自检线程模块.impl.cpp:1020;自检线程模块.impl.cpp:1754
yes	私有_统计方法条件结果对_自检	私有_统计方法条件结果对_自检	自检线程模块.impl.cpp:1032	2	统计方法条件结果对数量和命中次数。		自检线程模块.impl.cpp:1032;自检线程模块.impl.cpp:1758
yes	私有_推导方法自检当前状态值_自检	私有_推导方法自检当前状态值_自检	自检线程模块.impl.cpp:1074	2	服务所在模块的内部辅助流程。		自检线程模块.impl.cpp:1074;自检线程模块.impl.cpp:1786
yes	私有_本能方法有对应动作_自检	私有_本能方法有对应动作_自检	自检线程模块.impl.cpp:1096	2	服务所在模块的内部辅助流程。		自检线程模块.impl.cpp:1096;自检线程模块.impl.cpp:1763
yes	私有_统计结构可用方法数量	私有_统计结构可用方法数量	自检线程模块.impl.cpp:1134	2	服务所在模块的内部辅助流程。		自检线程模块.impl.cpp:1134;自检线程模块.impl.cpp:2030
yes	私有_填充方法I64原子目标_自检	私有_填充方法I64原子目标_自检	自检线程模块.impl.cpp:1161	2	服务所在模块的内部辅助流程。		自检线程模块.impl.cpp:1161;自检线程模块.impl.cpp:1263
yes	私有_引用指向需求_自检	私有_引用指向需求_自检	自检线程模块.impl.cpp:120	2	服务所在模块的内部辅助流程。		自检线程模块.impl.cpp:120;自检线程模块.impl.cpp:199
yes	私有_自检候选原子目标完整_本地	私有_自检候选原子目标完整_本地	自检线程模块.impl.cpp:1212	2	服务所在模块的内部辅助流程。		自检线程模块.impl.cpp:1212;自检线程模块.impl.cpp:1272
yes	私有_自检候选是代码缺陷报告	私有_自检候选是代码缺陷报告	自检线程模块.impl.cpp:1300	2	服务所在模块的内部辅助流程。		自检线程模块.impl.cpp:1300;自检线程模块.impl.cpp:1327
yes	启动自检线程只读观察模式	启动自检线程只读观察模式	自检线程模块.impl.cpp:2110	2	启动线程、模块或运行流程。		自检线程模块.impl.cpp:2110;自检线程模块.ixx:142
yes	私有_本能ID可作为练习目标_自检	私有_本能ID可作为练习目标_自检	自检线程模块.impl.cpp:272	2	服务所在模块的内部辅助流程。		自检线程模块.impl.cpp:272;自检线程模块.impl.cpp:381
yes	私有_方法可作为练习目标_自检	私有_方法可作为练习目标_自检	自检线程模块.impl.cpp:375	2	服务所在模块的内部辅助流程。		自检线程模块.impl.cpp:375;自检线程模块.impl.cpp:1769
yes	私有_解析方法虚拟存在_只读	私有_解析方法虚拟存在_只读	自检线程模块.impl.cpp:385	2	解析输入文本、消息、场景或运行包。		自检线程模块.impl.cpp:385;自检线程模块.impl.cpp:1170
yes	私有_绑定自检摘要特征槽	私有_绑定自检摘要特征槽	自检线程模块.impl.cpp:437	2	建立对象、任务、方法或因果之间的绑定关系。		自检线程模块.impl.cpp:437;自检线程模块.impl.cpp:1526
yes	私有_方法状态_待方法动作值_自检	私有_方法状态_待方法动作值_自检	自检线程模块.impl.cpp:465	2	服务所在模块的内部辅助流程。		自检线程模块.impl.cpp:465;自检线程模块.impl.cpp:1081
yes	私有_方法状态_待条件节点值_自检	私有_方法状态_待条件节点值_自检	自检线程模块.impl.cpp:471	2	服务所在模块的内部辅助流程。		自检线程模块.impl.cpp:471;自检线程模块.impl.cpp:1084
yes	私有_方法状态_待结果节点值_自检	私有_方法状态_待结果节点值_自检	自检线程模块.impl.cpp:477	2	服务所在模块的内部辅助流程。		自检线程模块.impl.cpp:477;自检线程模块.impl.cpp:1087
yes	私有_方法状态_待条件结果对值_自检	私有_方法状态_待条件结果对值_自检	自检线程模块.impl.cpp:483	2	服务所在模块的内部辅助流程。		自检线程模块.impl.cpp:483;自检线程模块.impl.cpp:1090
yes	私有_方法状态_可用值_自检	私有_方法状态_可用值_自检	自检线程模块.impl.cpp:489	2	服务所在模块的内部辅助流程。		自检线程模块.impl.cpp:489;自检线程模块.impl.cpp:1092
yes	私有_方法状态_好用值_自检	私有_方法状态_好用值_自检	自检线程模块.impl.cpp:495	2	服务所在模块的内部辅助流程。		自检线程模块.impl.cpp:495;自检线程模块.impl.cpp:1795
yes	私有_特征_最近执行时间_自检	私有_特征_最近执行时间_自检	自检线程模块.impl.cpp:51	2	执行任务、方法或动作的主体逻辑。		自检线程模块.impl.cpp:51;自检线程模块.impl.cpp:1868
yes	私有_安全词_自检	私有_安全词_自检	自检线程模块.impl.cpp:526	2	服务所在模块的内部辅助流程。		自检线程模块.impl.cpp:526;自检线程模块.impl.cpp:820
yes	有缺口	有缺口	自检线程模块.impl.cpp:573	2	按函数名执行对应处理。		自检线程模块.impl.cpp:573;自检线程模块.impl.cpp:959
yes	私有_特征_最近完成时间_自检	私有_特征_最近完成时间_自检	自检线程模块.impl.cpp:59	2	服务所在模块的内部辅助流程。		自检线程模块.impl.cpp:59;自检线程模块.impl.cpp:1871
yes	私有_根特征缺口类型文本_自检	私有_根特征缺口类型文本_自检	自检线程模块.impl.cpp:590	2	服务所在模块的内部辅助流程。		自检线程模块.impl.cpp:590;自检线程模块.impl.cpp:819
yes	私有_自我根特征类型词_自检	私有_自我根特征类型词_自检	自检线程模块.impl.cpp:603	2	服务所在模块的内部辅助流程。		自检线程模块.impl.cpp:603;自检线程模块.impl.cpp:720
yes	私有_根特征缺失结构值_自检	私有_根特征缺失结构值_自检	自检线程模块.impl.cpp:617	2	服务所在模块的内部辅助流程。		自检线程模块.impl.cpp:617;自检线程模块.impl.cpp:916
yes	私有_特征_方法动作状态_自检	私有_特征_方法动作状态_自检	自检线程模块.impl.cpp:67	2	服务所在模块的内部辅助流程。		自检线程模块.impl.cpp:67;自检线程模块.impl.cpp:1779
yes	私有_读取抽象根特征定义_自检	私有_读取抽象根特征定义_自检	自检线程模块.impl.cpp:715	2	从指定来源读取数据或状态。		自检线程模块.impl.cpp:715;自检线程模块.impl.cpp:771
yes	私有_特征_方法状态_自检	私有_特征_方法状态_自检	自检线程模块.impl.cpp:75	2	服务所在模块的内部辅助流程。		自检线程模块.impl.cpp:75;自检线程模块.impl.cpp:1784
yes	私有_自检自我根特征_自检	私有_自检自我根特征_自检	自检线程模块.impl.cpp:766	2	服务所在模块的内部辅助流程。		自检线程模块.impl.cpp:766;自检线程模块.impl.cpp:957
yes	私有_根特征自检结果摘要_自检	私有_根特征自检结果摘要_自检	自检线程模块.impl.cpp:813	2	服务所在模块的内部辅助流程。		自检线程模块.impl.cpp:813;自检线程模块.impl.cpp:958
yes	私有_填充根特征原子目标_自检	私有_填充根特征原子目标_自检	自检线程模块.impl.cpp:833	2	服务所在模块的内部辅助流程。		自检线程模块.impl.cpp:833;自检线程模块.impl.cpp:932
yes	私有_构造根特征自检缺口候选_自检	私有_构造根特征自检缺口候选_自检	自检线程模块.impl.cpp:891	2	服务所在模块的内部辅助流程。		自检线程模块.impl.cpp:891;自检线程模块.impl.cpp:966
yes	语素类::查找信息入口节点	查找信息入口节点	语素类.cpp:1055	2	按条件查找目标对象、方法或事实。		语素类.cpp:1055;语素类.cpp:1062
yes	语素类::查找信息入口节点	查找信息入口节点	语素类.cpp:1062	2	按词值和信息入口类型只读查找语素入口节点，不隐式创建词或入口。		语素类.cpp:1055;语素类.cpp:1062
yes	语素类::添加信息入口词	添加信息入口词	语素类.cpp:1123	2	按函数名执行对应处理。		语素类.cpp:1123;语素类.cpp:1153
yes	语素类::添加信息入口词	添加信息入口词	语素类.cpp:1153	2	按函数名执行对应处理。		语素类.cpp:1123;语素类.cpp:1153
yes	语素类::确保语素入口对应基础信息	确保语素入口对应基础信息	语素类.cpp:1208	2	确保目标结构、状态或前置条件存在并可用。		语素类.cpp:1208;语素类.cpp:1251
yes	语素类::确保语素入口对应基础信息	确保语素入口对应基础信息	语素类.cpp:1251	2	确保目标结构、状态或前置条件存在并可用。		语素类.cpp:1208;语素类.cpp:1251
yes	语素类::读取信息入口主信息类型	读取信息入口主信息类型	语素类.cpp:1327	2	读取指定信息入口类型对应的主信息类型。		控制面板类.cpp:1214;语素类.cpp:1327
yes	语素类::读取信息入口默认根名	读取信息入口默认根名	语素类.cpp:1345	2	读取指定信息入口类型的默认根名称。		控制面板类.cpp:1215;语素类.cpp:1345
yes	语素类::信息入口裸词默认模板入口	信息入口裸词默认模板入口	语素类.cpp:1357	2	判断指定信息入口类型是否允许裸词默认模板入口。		控制面板类.cpp:1224;语素类.cpp:1357
yes	语素类::基础信息类型可由语素入口模板创建	基础信息类型可由语素入口模板创建	语素类.cpp:1369	2	判断基础信息主信息类型是否可由语素入口模板创建。		基础信息类.cpp:258;语素类.cpp:1369
yes	私有_引用指向	私有_引用指向	语素类.cpp:213	2	服务所在模块的内部辅助流程。		语素类.cpp:213;语素类.cpp:243
yes	私有_场景索引包含	私有_场景索引包含	语素类.cpp:233	2	服务所在模块的内部辅助流程。		语素类.cpp:233;语素类.cpp:1419
yes	私有_把基础信息挂入场景索引	私有_把基础信息挂入场景索引	语素类.cpp:254	2	服务所在模块的内部辅助流程。		语素类.cpp:254;语素类.cpp:1391
yes	私有_语素SQL投影互斥	私有_语素SQL投影互斥	语素类.cpp:321	2	服务所在模块的内部辅助流程。		语素类.cpp:321;语素类.cpp:854
yes	私有_语素父词面	私有_语素父词面	语素类.cpp:344	2	服务所在模块的内部辅助流程。		语素类.cpp:344;语素类.cpp:371
yes	私有_填充语素SQL主信息	私有_填充语素SQL主信息	语素类.cpp:353	2	服务所在模块的内部辅助流程。		语素类.cpp:353;语素类.cpp:463
yes	私有_语素SQL建库脚本	私有_语素SQL建库脚本	语素类.cpp:477	2	服务所在模块的内部辅助流程。		语素类.cpp:477;语素类.cpp:874
yes	私有_语素SQL建表脚本	私有_语素SQL建表脚本	语素类.cpp:485	2	服务所在模块的内部辅助流程。		语素类.cpp:485;语素类.cpp:875
yes	私有_语素SQL视图脚本	私有_语素SQL视图脚本	语素类.cpp:546	2	服务所在模块的内部辅助流程。		语素类.cpp:546;语素类.cpp:876
yes	私有_构造语素SQL重写脚本	私有_构造语素SQL重写脚本	语素类.cpp:585	2	服务所在模块的内部辅助流程。		语素类.cpp:585;语素类.cpp:877
yes	私有_语素SQL快照预期字段	私有_语素SQL快照预期字段	语素类.cpp:677	2	服务所在模块的内部辅助流程。		语素类.cpp:677;语素类.cpp:805
yes	私有_语素SQL节点预期字段	私有_语素SQL节点预期字段	语素类.cpp:690	2	服务所在模块的内部辅助流程。		语素类.cpp:690;语素类.cpp:811
yes	私有_语素SQL主信息预期字段	私有_语素SQL主信息预期字段	语素类.cpp:709	2	服务所在模块的内部辅助流程。		语素类.cpp:709;语素类.cpp:817
yes	私有_验证语素SQL存储字段	私有_验证语素SQL存储字段	语素类.cpp:754	2	服务所在模块的内部辅助流程。		语素类.cpp:754;语素类.cpp:878
yes	私有_转换词序列	私有_转换词序列	语言类.cpp:12	2	把输入数据转换为目标类型、语义或结构。		语言类.cpp:12;语言类.cpp:85
yes	私有_二次特征主语名称	私有_二次特征主语名称	语言类_二次特征表达.cpp:100	2	服务所在模块的内部辅助流程。		语言类_二次特征表达.cpp:100;语言类_二次特征表达.cpp:348
yes	私有_二次特征粒度短语	私有_二次特征粒度短语	语言类_二次特征表达.cpp:116	2	服务所在模块的内部辅助流程。		语言类_二次特征表达.cpp:116;语言类_二次特征表达.cpp:237
yes	私有_二次特征基准短语	私有_二次特征基准短语	语言类_二次特征表达.cpp:130	2	服务所在模块的内部辅助流程。		语言类_二次特征表达.cpp:130;语言类_二次特征表达.cpp:241
yes	私有_二次特征时间归一短语	私有_二次特征时间归一短语	语言类_二次特征表达.cpp:145	2	服务所在模块的内部辅助流程。		语言类_二次特征表达.cpp:145;语言类_二次特征表达.cpp:245
yes	私有_连接限定短语	私有_连接限定短语	语言类_二次特征表达.cpp:157	2	服务所在模块的内部辅助流程。		语言类_二次特征表达.cpp:157;语言类_二次特征表达.cpp:260
yes	私有_二次特征单体方向结果	私有_二次特征单体方向结果	语言类_二次特征表达.cpp:171	2	服务所在模块的内部辅助流程。		语言类_二次特征表达.cpp:171;语言类_二次特征表达.cpp:195
yes	私有_二次特征比较结果	私有_二次特征比较结果	语言类_二次特征表达.cpp:182	2	比较当前值、目标值或历史基准。		语言类_二次特征表达.cpp:182;语言类_二次特征表达.cpp:365
yes	私有_二次特征反义词结果_按主信息	私有_二次特征反义词结果_按主信息	语言类_二次特征表达.cpp:203	2	服务所在模块的内部辅助流程。		语言类_二次特征表达.cpp:203;语言类_二次特征表达.cpp:352
yes	私有_二次特征介词短语_按主信息	私有_二次特征介词短语_按主信息	语言类_二次特征表达.cpp:221	2	服务所在模块的内部辅助流程。		语言类_二次特征表达.cpp:221;语言类_二次特征表达.cpp:351
yes	私有_二次特征方向编码	私有_二次特征方向编码	语言类_二次特征表达.cpp:71	2	服务所在模块的内部辅助流程。		语言类_二次特征表达.cpp:71;语言类_二次特征表达.cpp:214
yes	私有_方向掩码反向_需求方向	私有_方向掩码反向_需求方向	需求类.cpp:1010	2	服务所在模块的内部辅助流程。		需求类.cpp:1010;需求类.cpp:1896
yes	私有_方向区间反向_需求方向	私有_方向区间反向_需求方向	需求类.cpp:1022	2	服务所在模块的内部辅助流程。		需求类.cpp:1022;需求类.cpp:1908
yes	私有_方法树存在生产者	私有_方法树存在生产者	需求类.cpp:1044	2	服务所在模块的内部辅助流程。		需求类.cpp:1044;需求类.cpp:1075
yes	私有_目标特征是逻辑流程产物	私有_目标特征是逻辑流程产物	需求类.cpp:1056	2	服务所在模块的内部辅助流程。		需求类.cpp:1056;需求类.cpp:1072
yes	私有_查询枚举目标生产者分级	私有_查询枚举目标生产者分级	需求类.cpp:1066	2	服务所在模块的内部辅助流程。		需求类.cpp:1066;需求类.cpp:2439
yes	私有_生产者分级已有生产者	私有_生产者分级已有生产者	需求类.cpp:1082	2	服务所在模块的内部辅助流程。		需求类.cpp:1082;需求类.cpp:2455
yes	私有_特征_方法状态_需求校验	私有_特征_方法状态_需求校验	需求类.cpp:1091	2	服务所在模块的内部辅助流程。		需求类.cpp:1091;需求类.cpp:1103
yes	私有_枚举目标比较符合法	私有_枚举目标比较符合法	需求类.cpp:1107	2	比较当前值、目标值或历史基准。		需求类.cpp:1107;需求类.cpp:2440
yes	私有_构造枚举目标校验摘要	私有_构造枚举目标校验摘要	需求类.cpp:1124	2	服务所在模块的内部辅助流程。		需求类.cpp:1124;需求类.cpp:2496
yes	私有_需求直接子数量	私有_需求直接子数量	需求类.cpp:114	2	服务所在模块的内部辅助流程。		需求类.cpp:114;需求类.cpp:177
yes	私有_生成需求方向签名_从材料	私有_生成需求方向签名_从材料	需求类.cpp:1140	2	根据二次特征方向签名材料生成需求方向签名。		需求类.cpp:1140;需求类.cpp:1872
yes	私有_刷新父级需求结算摘要_需求类	私有_刷新父级需求结算摘要_需求类	需求类.cpp:1176	2	刷新父级需求结算摘要，不修改需求树结构。		需求类.cpp:1176;需求类.cpp:1825
yes	需求类::逻辑组织需求类型文本	逻辑组织需求类型文本	需求类.cpp:1204	2	按函数名执行对应处理。		需求类.cpp:181;需求类.cpp:1204
yes	需求类::逻辑组织目标特征类型	逻辑组织目标特征类型	需求类.cpp:1219	2	按函数名执行对应处理。		自我动作实现模块.ixx:12078;需求类.cpp:1219
yes	需求类::OR组结算令牌目标特征类型	OR组结算令牌目标特征类型	需求类.cpp:1244	2	结算任务、需求、价值或结果贡献。		需求类.cpp:1062;需求类.cpp:1244
yes	需求类::目标特征类型是逻辑组织目标	目标特征类型是逻辑组织目标	需求类.cpp:1283	2	按函数名执行对应处理。		需求类.cpp:1059;需求类.cpp:1283
yes	需求类::读取需求主体引用	读取需求主体引用	需求类.cpp:1520	2	读取需求主体引用，不修改需求树。		自我线程模块.impl.cpp:10315;需求类.cpp:1520
yes	需求类::需求结构形态文本	需求结构形态文本	需求类.cpp:2001	2	按函数名执行对应处理。		控制面板类.cpp:2971;需求类.cpp:2001
yes	需求类::构造删除需求指令	构造删除需求指令	需求类.cpp:2057	2	构造删除需求更新指令，不直接修改需求树。		自我线程模块.impl.cpp:11528;需求类.cpp:2057
yes	私有_需求树SQL建库脚本	私有_需求树SQL建库脚本	需求类.cpp:232	2	服务所在模块的内部辅助流程。		需求类.cpp:232;需求类.cpp:2554
yes	私有_需求树SQL建表脚本	私有_需求树SQL建表脚本	需求类.cpp:240	2	服务所在模块的内部辅助流程。		需求类.cpp:240;需求类.cpp:2555
yes	需求类::校验枚举目标合法性	校验枚举目标合法性	需求类.cpp:2404	2	按函数名执行对应处理。		任务模块.筹办.ixx:5552;需求类.cpp:2404
yes	私有_需求树SQL视图脚本	私有_需求树SQL视图脚本	需求类.cpp:363	2	服务所在模块的内部辅助流程。		需求类.cpp:363;需求类.cpp:648
yes	私有_需求树SQL当前视图校验脚本	私有_需求树SQL当前视图校验脚本	需求类.cpp:522	2	服务所在模块的内部辅助流程。		需求类.cpp:522;需求类.cpp:655
yes	私有_构造需求树SQL重写脚本	私有_构造需求树SQL重写脚本	需求类.cpp:535	2	服务所在模块的内部辅助流程。		需求类.cpp:535;需求类.cpp:2557
yes	私有_确保需求树SQL当前视图已存在	私有_确保需求树SQL当前视图已存在	需求类.cpp:640	2	确保目标结构、状态或前置条件存在并可用。		需求类.cpp:640;需求类.cpp:2556
yes	私有_需求SQL字段可空父行号	私有_需求SQL字段可空父行号	需求类.cpp:677	2	服务所在模块的内部辅助流程。		需求类.cpp:677;需求类.cpp:707
yes	私有_需求SQL快照预期字段	私有_需求SQL快照预期字段	需求类.cpp:682	2	服务所在模块的内部辅助流程。		需求类.cpp:682;需求类.cpp:842
yes	私有_需求SQL节点预期字段	私有_需求SQL节点预期字段	需求类.cpp:697	2	服务所在模块的内部辅助流程。		需求类.cpp:697;需求类.cpp:848
yes	私有_需求树SQL投影互斥	私有_需求树SQL投影互斥	需求类.cpp:72	2	服务所在模块的内部辅助流程。		需求类.cpp:72;需求类.cpp:2531
yes	私有_需求SQL主信息预期字段	私有_需求SQL主信息预期字段	需求类.cpp:720	2	服务所在模块的内部辅助流程。		需求类.cpp:720;需求类.cpp:854
yes	私有_验证需求SQL存储字段	私有_验证需求SQL存储字段	需求类.cpp:775	2	服务所在模块的内部辅助流程。		需求类.cpp:775;需求类.cpp:2558
yes	私有_目标特征是自检维护管理状态	私有_目标特征是自检维护管理状态	需求类.cpp:903	2	服务所在模块的内部辅助流程。		需求类.cpp:903;需求类.cpp:1276
yes	私有_状态主体主键_需求方向	私有_状态主体主键_需求方向	需求类.cpp:932	2	服务所在模块的内部辅助流程。		需求类.cpp:932;需求类.cpp:1148
yes	私有_解析状态特征节点_需求校验	私有_解析状态特征节点_需求校验	需求类.cpp:978	2	解析输入文本、消息、场景或运行包。		需求类.cpp:978;需求类.cpp:999
yes	私有_控制台刷新摘要文本	私有_控制台刷新摘要文本	鱼巢.cpp:1538	2	生成默认控制台刷新摘要。		鱼巢.cpp:1538;鱼巢.cpp:1565
yes	私有_记录动作验证报告结构日志	私有_记录动作验证报告结构日志	鱼巢.cpp:163	2	记录日志、动态、证据或运行痕迹。		鱼巢.cpp:163;鱼巢.cpp:768
yes	私有_需求树生长离线摘要文本	私有_需求树生长离线摘要文本	鱼巢.cpp:1636	2	服务所在模块的内部辅助流程。		鱼巢.cpp:1636;鱼巢.cpp:2074
yes	私有_语素入口显示文本_控制命令	私有_语素入口显示文本_控制命令	鱼巢.cpp:1721	2	服务所在模块的内部辅助流程。		鱼巢.cpp:1721;鱼巢.cpp:1802
yes	私有_特征值跟踪文本	私有_特征值跟踪文本	鱼巢.cpp:1737	2	执行跟踪相关定位、匹配或结果输出逻辑。		鱼巢.cpp:1737;鱼巢.cpp:1803
yes	私有_任务追踪特征_目标是否达成	私有_任务追踪特征_目标是否达成	鱼巢.cpp:1827	2	服务所在模块的内部辅助流程。		鱼巢.cpp:1827;鱼巢.cpp:1999
yes	私有_任务追踪特征_本轮是否有推进	私有_任务追踪特征_本轮是否有推进	鱼巢.cpp:1834	2	服务所在模块的内部辅助流程。		鱼巢.cpp:1834;鱼巢.cpp:2000
yes	私有_任务追踪特征_本轮推进量	私有_任务追踪特征_本轮推进量	鱼巢.cpp:1841	2	服务所在模块的内部辅助流程。		鱼巢.cpp:1841;鱼巢.cpp:2001
yes	私有_任务追踪特征_剩余差距	私有_任务追踪特征_剩余差距	鱼巢.cpp:1848	2	服务所在模块的内部辅助流程。		鱼巢.cpp:1848;鱼巢.cpp:2002
yes	私有_任务追踪特征_执行结果类型	私有_任务追踪特征_执行结果类型	鱼巢.cpp:1855	2	执行任务、方法或动作的主体逻辑。		鱼巢.cpp:1855;鱼巢.cpp:2003
yes	私有_任务虚拟存在指针特征主键文本	私有_任务虚拟存在指针特征主键文本	鱼巢.cpp:1912	2	服务所在模块的内部辅助流程。		鱼巢.cpp:1912;鱼巢.cpp:2004
yes	私有_任务虚拟存在当前方法运行成功文本	私有_任务虚拟存在当前方法运行成功文本	鱼巢.cpp:1921	2	执行对应模块、线程或方法的运行逻辑。		鱼巢.cpp:1921;鱼巢.cpp:2005
yes	私有_任务虚拟存在主键文本	私有_任务虚拟存在主键文本	鱼巢.cpp:1934	2	服务所在模块的内部辅助流程。		鱼巢.cpp:1934;鱼巢.cpp:1998
yes	私有_渲染完成任务变化跟踪	私有_渲染完成任务变化跟踪	鱼巢.cpp:1948	2	执行跟踪相关定位、匹配或结果输出逻辑。		鱼巢.cpp:1948;鱼巢.cpp:2089
yes	私有_执行需求树生长摘要Live	私有_执行需求树生长摘要Live	鱼巢.cpp:2012	2	执行任务、方法或动作的主体逻辑。		鱼巢.cpp:2012;鱼巢.cpp:2290
yes	私有_运行默认控制台数字菜单	私有_运行默认控制台数字菜单	鱼巢.cpp:2147	2	运行默认控制台数字菜单。		鱼巢.cpp:2147;鱼巢.cpp:2334
yes	私有_解析非负毫秒参数	私有_解析非负毫秒参数	鱼巢.cpp:231	2	解析输入文本、消息、场景或运行包。		鱼巢.cpp:231;鱼巢.cpp:261
yes	私有_解析自检日志等待毫秒	私有_解析自检日志等待毫秒	鱼巢.cpp:252	2	解析输入文本、消息、场景或运行包。		鱼巢.cpp:252;鱼巢.cpp:2256
yes	私有_解析命令行相机命令	私有_解析命令行相机命令	鱼巢.cpp:285	2	解析输入文本、消息、场景或运行包。		鱼巢.cpp:285;鱼巢.cpp:2280
yes	私有_相机失败原因文本	私有_相机失败原因文本	鱼巢.cpp:304	2	服务所在模块的内部辅助流程。		鱼巢.cpp:304;鱼巢.cpp:326
yes	私有_相机调用结果摘要	私有_相机调用结果摘要	鱼巢.cpp:318	2	服务所在模块的内部辅助流程。		鱼巢.cpp:318;鱼巢.cpp:430
yes	私有_执行命令行相机命令	私有_执行命令行相机命令	鱼巢.cpp:436	2	执行任务、方法或动作的主体逻辑。		鱼巢.cpp:436;鱼巢.cpp:2283
yes	私有_任务管理反馈类型文本	私有_任务管理反馈类型文本	鱼巢.cpp:588	2	服务所在模块的内部辅助流程。		鱼巢.cpp:588;鱼巢.cpp:821
yes	私有_拼接片段	私有_拼接片段	鱼巢.cpp:600	2	服务所在模块的内部辅助流程。		鱼巢.cpp:600;鱼巢.cpp:1046
yes	私有_统计任务节点	私有_统计任务节点	鱼巢.cpp:684	2	统计需求任务链中的任务头节点和步骤节点数量。		鱼巢.cpp:684;鱼巢.cpp:764
yes	私有_初始化日志	私有_初始化日志	鱼巢.cpp:717	2	初始化相关对象、状态或运行上下文。		鱼巢.cpp:717;鱼巢.cpp:2238
yes	D455_相机实现::D455_相机实现	D455_相机实现	D455相机类.cpp:861	2	初始化对象实例。	constructor_like	D455相机类.cpp:861;D455相机类.cpp:866
yes	摘要转日志文本	摘要转日志文本	动作验证报告类.h:201	2	按函数名执行对应处理。	header_definition	任务模块.工作线程消息协议.ixx:719;动作验证报告类.h:201
yes	转日志文本	转日志文本	动作验证报告类.h:220	2	按函数名执行对应处理。	header_definition	动作验证报告类.h:220;鱼巢.cpp:182
yes	从全链环摘除	从全链环摘除	双向链表模板核心.h:112	2	按函数名执行对应处理。	header_definition	双向链表模板核心.h:112;双向链表模板核心.h:522
yes	查找主键_当前链_已加锁	查找主键_当前链_已加锁	双向链表模板核心.h:372	2	按条件查找目标对象、方法或事实。	header_definition	双向链表模板核心.h:372;双向链表模板核心.h:401
yes	查找节点_当前链_已加锁	查找节点_当前链_已加锁	双向链表模板核心.h:405	2	按条件查找目标对象、方法或事实。	header_definition	双向链表模板核心.h:405;双向链表模板核心.h:464
yes	修改节点信息	修改节点信息	双向链表模板核心.h:481	2	按函数名执行对应处理。	header_definition	双向链表模板核心.h:481;双向链表模板核心.h:488
yes	修改节点信息	修改节点信息	双向链表模板核心.h:488	2	按函数名执行对应处理。	header_definition	双向链表模板核心.h:481;双向链表模板核心.h:488
yes	设置主键	设置主键	双向链表模板核心.h:57	2	设置对象字段、状态或运行参数。	header_definition	双向链表模板核心.h:57;本能动作类.ixx:166
yes	删除链表	删除链表	双向链表模板核心.h:582	2	删除指定对象、状态或登记项。	header_definition	双向链表模板核心.h:162;双向链表模板核心.h:582
yes	初始化同层自环	初始化同层自环	双向链表模板核心.h:60	2	初始化相关对象、状态或运行上下文。	header_definition	双向链表模板核心.h:60;双向链表模板核心.h:80
yes	校验结构_已加锁	校验结构_已加锁	双向链表模板核心.h:600	2	按函数名执行对应处理。	header_definition	双向链表模板核心.h:596;双向链表模板核心.h:600
yes	初始化全链自环	初始化全链自环	双向链表模板核心.h:68	2	初始化相关对象、状态或运行上下文。	header_definition	双向链表模板核心.h:68;双向链表模板核心.h:81
yes	从同层环摘除	从同层环摘除	双向链表模板核心.h:85	2	按函数名执行对应处理。	header_definition	双向链表模板核心.h:85;双向链表模板核心.h:521
yes	get_from_latest	get_from_latest	基础信息主信息类.h:192	2	0 表示最新，1 表示前一项...	header_definition	基础信息主信息类.h:192;特征类.cpp:2639
yes	有区间	有区间	基础信息主信息类.h:277	2	按函数名执行对应处理。	header_definition	基础信息主信息类.h:277;基础信息主信息类.h:369
yes	取值域	取值域	基础信息主信息类.h:286	2	按函数名执行对应处理。	header_definition	基础信息主信息类.h:286;特征类.cpp:2515
yes	有区间	有区间	基础信息主信息类.h:369	2	按函数名执行对应处理。	header_definition	基础信息主信息类.h:277;基础信息主信息类.h:369
yes	状态节点主信息类	状态节点主信息类	基础信息主信息类.h:489	2	按函数名执行对应处理。	header_definition	基础信息主信息类.h:489;状态类.cpp:459
yes	二次特征主信息类	二次特征主信息类	基础信息主信息类.h:600	2	按函数名执行对应处理。	header_definition	二次特征类.cpp:774;基础信息主信息类.h:600
yes	由比较量判断方向区间	由比较量判断方向区间	基础信息主信息类.h:639	2	判断条件、状态或业务结果是否成立。	header_definition	基础信息主信息类.h:639;基础信息主信息类.h:668
yes	安全计算右减左	安全计算右减左	基础信息主信息类.h:647	2	计算权重、状态、差值或派生结果。	header_definition	基础信息主信息类.h:647;基础信息主信息类.h:665
yes	设置差值结果	设置差值结果	基础信息主信息类.h:659	2	设置对象字段、状态或运行参数。	header_definition	二次特征类.cpp:1207;基础信息主信息类.h:659
yes	模板匹配	模板匹配	基础信息主信息类.h:728	2	按函数名执行对应处理。	header_definition	二次特征类.cpp:586;基础信息主信息类.h:728
yes	点索引	点索引	基础数据类型.h:1127	2	按函数名执行对应处理。	header_definition	基础数据类型.h:1127;基础数据类型.h:1130
yes	点索引	点索引	基础数据类型.h:1130	2	按函数名执行对应处理。	header_definition	基础数据类型.h:1127;基础数据类型.h:1130
yes	结构体_分词	结构体_分词	基础数据类型.h:460	2	保存分词词面和已枚举化的人类词性。	header_definition	基础数据类型.h:457;基础数据类型.h:460
yes	operator-	operator-	基础数据类型.h:475	2	按函数名执行对应处理。	operator_or_destructor,header_definition	基础数据类型.h:475;基础数据类型.h:838
yes	编码VecI64为VecIU64_ZigZag	编码VecI64为VecIU64_ZigZag	基础数据类型.h:652	2	按函数名执行对应处理。	header_definition	基础数据类型.h:652;基础数据类型.h:676
yes	解码VecIU64为VecI64_ZigZag	解码VecIU64为VecI64_ZigZag	基础数据类型.h:663	2	按函数名执行对应处理。	header_definition	基础数据类型.h:663;基础数据类型.h:682
yes	operator/	operator/	基础数据类型.h:825	2	===== 推荐同时添加：标量除法 =====	operator_or_destructor,header_definition	基础数据类型.h:825;基础数据类型.h:944
yes	operator-	operator-	基础数据类型.h:838	2	按函数名执行对应处理。	operator_or_destructor,header_definition	基础数据类型.h:475;基础数据类型.h:838
yes	范数	范数	基础数据类型.h:886	2	按函数名执行对应处理。	header_definition	基础数据类型.h:886;基础数据类型.h:890
yes	归一化	归一化	基础数据类型.h:889	2	按函数名执行对应处理。	header_definition	基础数据类型.h:889;基础数据类型.h:916
yes	共轭	共轭	基础数据类型.h:896	2	按函数名执行对应处理。	header_definition	基础数据类型.h:896;基础数据类型.h:917
yes	operator/	operator/	基础数据类型.h:944	2	按函数名执行对应处理。	operator_or_destructor,header_definition	基础数据类型.h:825;基础数据类型.h:944
yes	比较量转三向关系	比较量转三向关系	基础数据类型.h:97	2	比较当前值、目标值或历史基准。	header_definition	任务模块.筹办.ixx:2848;基础数据类型.h:97
yes	D455_写入簇Tracker轨迹状态	D455_写入簇Tracker轨迹状态	外设线程_D455深度相机.ixx:1073	2	把处理结果写入指定对象、场景或日志。	constructor_like	外设线程_D455深度相机.ixx:1073;外设线程_D455深度相机.ixx:1205
yes	D455_把跨帧采集摘要写入样本	D455_把跨帧采集摘要写入样本	外设线程_D455深度相机.ixx:1294	2	把处理结果写入指定对象、场景或日志。	constructor_like	外设线程_D455深度相机.ixx:1294;外设线程_D455深度相机.ixx:3021
yes	D455_外设帧ID_由报告	D455_外设帧ID_由报告	外设线程_D455深度相机.ixx:1522	2	按函数名执行对应处理。	constructor_like	外设线程_D455深度相机.ixx:1522;外设线程_D455深度相机.ixx:1576
yes	D455_观察像素簇满足稳定子集发布门	D455_观察像素簇满足稳定子集发布门	外设线程_D455深度相机.ixx:1535	2	按函数名执行对应处理。	constructor_like	外设线程_D455深度相机.ixx:1535;外设线程_D455深度相机.ixx:1588
yes	D455_读取最新L1稳定子集报告	D455_读取最新L1稳定子集报告	外设线程_D455深度相机.ixx:1555	2	从指定来源读取数据或状态。	constructor_like	外设线程_D455深度相机.ixx:1555;外设线程_D455深度相机.ixx:2928
yes	D455_从逐簇识别报告生成稳定观察子集报告	D455_从逐簇识别报告生成稳定观察子集报告	外设线程_D455深度相机.ixx:1567	2	根据当前输入生成目标数据、场景、动态或回执。	constructor_like	外设线程_D455深度相机.ixx:1567;外设线程_D455深度相机.ixx:2740
yes	D455_观察像素簇存在明显变化	D455_观察像素簇存在明显变化	外设线程_D455深度相机.ixx:1761	2	按函数名执行对应处理。	constructor_like	外设线程_D455深度相机.ixx:1761;外设线程_D455深度相机.ixx:2122
yes	D455_目标观察约束二维范围有效	D455_目标观察约束二维范围有效	外设线程_D455深度相机.ixx:1786	2	按函数名执行对应处理。	constructor_like	外设线程_D455深度相机.ixx:1786;外设线程_D455深度相机.ixx:1933
yes	D455_目标观察约束空间范围有效	D455_目标观察约束空间范围有效	外设线程_D455深度相机.ixx:1793	2	按函数名执行对应处理。	constructor_like	外设线程_D455深度相机.ixx:1793;外设线程_D455深度相机.ixx:1962
yes	D455_按目标特征估算观察值	D455_按目标特征估算观察值	外设线程_D455深度相机.ixx:1801	2	按函数名执行对应处理。	constructor_like	外设线程_D455深度相机.ixx:1801;外设线程_D455深度相机.ixx:1900
yes	D455_观察簇命中目标约束	D455_观察簇命中目标约束	外设线程_D455深度相机.ixx:1918	2	按函数名执行对应处理。	constructor_like	外设线程_D455深度相机.ixx:1918;外设线程_D455深度相机.ixx:2016
yes	D455_扫描变化等待项前置满足	D455_扫描变化等待项前置满足	外设线程_D455深度相机.ixx:2031	2	等待线程、任务、外设或条件变化。	constructor_like	外设线程_D455深度相机.ixx:2031;外设线程_D455深度相机.ixx:2791
yes	D455_目标跟踪等待项前置满足	D455_目标跟踪等待项前置满足	外设线程_D455深度相机.ixx:2046	2	等待线程、任务、外设或条件变化。	constructor_like	外设线程_D455深度相机.ixx:2046;外设线程_D455深度相机.ixx:2861
yes	D455_从逐簇识别报告生成扫描变化报告	D455_从逐簇识别报告生成扫描变化报告	外设线程_D455深度相机.ixx:2140	2	根据当前输入生成目标数据、场景、动态或回执。	constructor_like	外设线程_D455深度相机.ixx:2140;外设线程_D455深度相机.ixx:2823
yes	D455_从逐簇识别报告生成跟踪报告	D455_从逐簇识别报告生成跟踪报告	外设线程_D455深度相机.ixx:2241	2	根据当前输入生成目标数据、场景、动态或回执。	constructor_like	外设线程_D455深度相机.ixx:2241;外设线程_D455深度相机.ixx:2906
yes	D455_清空跟踪稳定缓存	D455_清空跟踪稳定缓存	外设线程_D455深度相机.ixx:238	2	执行跟踪相关定位、匹配或结果输出逻辑。	constructor_like	外设线程_D455深度相机.ixx:238;外设线程_D455深度相机.ixx:2962
yes	D455_读取结果	D455_读取结果	外设线程_D455深度相机.ixx:2485	2	从指定来源读取数据或状态。	constructor_like	外设线程_D455深度相机.ixx:2485;外设线程_D455深度相机.ixx:3074
yes	D455_构造逐簇稳定性诊断摘要	D455_构造逐簇稳定性诊断摘要	外设线程_D455深度相机.ixx:2519	2	按函数名执行对应处理。	constructor_like	外设线程_D455深度相机.ixx:2519;外设线程_D455深度相机.ixx:2594
yes	D455_读取并分组等待项	D455_读取并分组等待项	外设线程_D455深度相机.ixx:2684	2	从指定来源读取数据或状态。	constructor_like	外设线程_D455深度相机.ixx:2684;外设线程_D455深度相机.ixx:2929
yes	D455_发布本帧逐簇与稳定子集报告	D455_发布本帧逐簇与稳定子集报告	外设线程_D455深度相机.ixx:2703	2	按函数名执行对应处理。	constructor_like	外设线程_D455深度相机.ixx:2703;外设线程_D455深度相机.ixx:2930
yes	D455_发布扫描变化报告	D455_发布扫描变化报告	外设线程_D455深度相机.ixx:2781	2	执行扫描相关材料获取、比较或提交逻辑。	constructor_like	外设线程_D455深度相机.ixx:2781;外设线程_D455深度相机.ixx:2939
yes	D455_清空跨帧观察簇缓存	D455_清空跨帧观察簇缓存	外设线程_D455深度相机.ixx:285	2	按函数名执行对应处理。	constructor_like	外设线程_D455深度相机.ixx:285;外设线程_D455深度相机.ixx:2963
yes	D455_发布目标跟踪报告	D455_发布目标跟踪报告	外设线程_D455深度相机.ixx:2852	2	执行跟踪相关定位、匹配或结果输出逻辑。	constructor_like	外设线程_D455深度相机.ixx:2852;外设线程_D455深度相机.ixx:2947
yes	D455_发布采集成功后的报告编排	D455_发布采集成功后的报告编排	外设线程_D455深度相机.ixx:2919	2	按函数名执行对应处理。	constructor_like	外设线程_D455深度相机.ixx:2919;外设线程_D455深度相机.ixx:3010
yes	D455_线程主循环	D455_线程主循环	外设线程_D455深度相机.ixx:2957	2	按函数名执行对应处理。	constructor_like	外设线程_D455深度相机.ixx:2957;外设线程_D455深度相机.ixx:3232
yes	D455_选择迁移分割深度源	D455_选择迁移分割深度源	外设线程_D455深度相机.ixx:358	2	从候选集中选择当前使用对象或方法。	constructor_like	外设线程_D455深度相机.ixx:358;外设线程_D455深度相机.ixx:595
yes	D455_迁移分割应拒绝触边组件	D455_迁移分割应拒绝触边组件	外设线程_D455深度相机.ixx:397	2	按函数名执行对应处理。	constructor_like	外设线程_D455深度相机.ixx:397;外设线程_D455深度相机.ixx:460
yes	D455_迁移分割组件通过材料门	D455_迁移分割组件通过材料门	外设线程_D455深度相机.ixx:424	2	按函数名执行对应处理。	constructor_like	外设线程_D455深度相机.ixx:424;外设线程_D455深度相机.ixx:710
yes	D455_从迁移分割组件生成空间候选	D455_从迁移分割组件生成空间候选	外设线程_D455深度相机.ixx:476	2	根据当前输入生成目标数据、场景、动态或回执。	constructor_like	外设线程_D455深度相机.ixx:476;外设线程_D455深度相机.ixx:713
yes	D455_提取迁移分割空间候选	D455_提取迁移分割空间候选	外设线程_D455深度相机.ixx:585	2	按函数名执行对应处理。	constructor_like	外设线程_D455深度相机.ixx:585;外设线程_D455深度相机.ixx:742
yes	D455_观察簇投影有效	D455_观察簇投影有效	外设线程_D455深度相机.ixx:849	2	按函数名执行对应处理。	constructor_like	外设线程_D455深度相机.ixx:849;外设线程_D455深度相机.ixx:1492
yes	D455_跨帧簇可匹配	D455_跨帧簇可匹配	外设线程_D455深度相机.ixx:900	2	按函数名执行对应处理。	constructor_like	外设线程_D455深度相机.ixx:900;外设线程_D455深度相机.ixx:1134
yes	D455_候选投影有效	D455_候选投影有效	外设观察报告队列.ixx:1433	2	按函数名执行对应处理。	constructor_like	外设观察报告队列.ixx:1433;外设观察报告队列.ixx:1482
yes	D455_控制面板分割颜色	D455_控制面板分割颜色	外设观察报告队列.ixx:1512	2	按函数名执行对应处理。	constructor_like	外设观察报告队列.ixx:1512;外设观察报告队列.ixx:1570
yes	D455_构造控制面板视频快照_已加锁	D455_构造控制面板视频快照_已加锁	外设观察报告队列.ixx:1531	2	按函数名执行对应处理。	constructor_like	外设观察报告队列.ixx:1531;外设观察报告队列.ixx:2880
yes	声明了执行目标值约束	声明了执行目标值约束	方法主信息类.h:168	2	执行任务、方法或动作的主体逻辑。	header_definition	任务模块.筹办.ixx:3847;方法主信息类.h:168
yes	方法主信息类	方法主信息类	方法主信息类.h:239	2	按函数名执行对应处理。	header_definition	方法主信息类.h:236;方法主信息类.h:239
yes	构造条件节点	构造条件节点	方法主信息类.h:256	2	按函数名执行对应处理。	header_definition	方法主信息类.h:256;方法类.cpp:2853
yes	构造结果节点	构造结果节点	方法主信息类.h:264	2	按函数名执行对应处理。	header_definition	方法主信息类.h:264;方法类.cpp:2945
yes	有结果能力	有结果能力	方法主信息类.h:365	2	按函数名执行对应处理。	header_definition	方法主信息类.h:365;方法类.cpp:1209
yes	I64	I64	本能动作类.ixx:105	2	按函数名执行对应处理。	constructor_like	本能动作类.ixx:105;特征类.h:213
yes	特征值主信息类	特征值主信息类	特征值主信息类.h:22	2	按函数名执行对应处理。	header_definition	特征值主信息类.h:19;特征值主信息类.h:22
yes	私有_比较向量	私有_比较向量	特征值主信息类.h:71	2	比较当前值、目标值或历史基准。	header_definition	特征值主信息类.h:38;特征值主信息类.h:71
yes	创建子值节点	创建子值节点	特征值类.h:100	2	创建并返回或登记对应对象。	header_definition	特征值类.h:100;特征类.cpp:3479
yes	私有_向上取整平方边长	私有_向上取整平方边长	特征值类.h:182	2	服务所在模块的内部辅助流程。	header_definition	特征值类.h:182;特征值类.h:252
yes	私有_向上取整立方边长	私有_向上取整立方边长	特征值类.h:191	2	服务所在模块的内部辅助流程。	header_definition	特征值类.h:191;特征值类.h:306
yes	生成二维轮廓金字塔	生成二维轮廓金字塔	特征值类.h:247	2	根据当前输入生成目标数据、场景、动态或回执。	header_definition	特征值类.h:247;特征值类.h:410
yes	生成三维轮廓金字塔	生成三维轮廓金字塔	特征值类.h:301	2	根据当前输入生成目标数据、场景、动态或回执。	header_definition	特征值类.h:301;特征值类.h:413
yes	分层_取或创建路径_已加锁	分层_取或创建路径_已加锁	特征值类.h:364	2	创建并返回或登记对应对象。	header_definition	特征值类.h:364;特征值类.h:392
yes	分层_登记叶子_已加锁	分层_登记叶子_已加锁	特征值类.h:388	2	登记方法、模板、对象或运行入口。	header_definition	特征值类.h:388;特征值类.h:416
yes	是坐标链	是坐标链	特征类.h:80	2	按函数名执行对应处理。	header_definition	特征类.cpp:4036;特征类.h:80
yes	D455缺报告方法头可跳过补齐	D455缺报告方法头可跳过补齐	自我动作实现.外设模块.ixx:8669	2	补齐条件、参数、证据或方法能力缺口。	constructor_like	自我动作实现.外设模块.ixx:8669;自我动作实现.外设模块.ixx:8821
yes	OR组令牌记录键_动作模块	OR组令牌记录键_动作模块	自我动作实现模块.ixx:12116	2	记录日志、动态、证据或运行痕迹。	constructor_like	自我动作实现模块.ixx:12116;自我动作实现模块.ixx:12149
yes	取信息入口默认根名	取信息入口默认根名	语素主信息类.h:100	2	按函数名执行对应处理。	header_definition	语素主信息类.h:100;语素类.cpp:1347
yes	选择默认信息入口类型	选择默认信息入口类型	语素主信息类.h:206	2	从候选集中选择当前使用对象或方法。	header_definition	语素主信息类.h:206;语素主信息类.h:223
yes	人类词性是否兼容基础信息类型	人类词性是否兼容基础信息类型	语素主信息类.h:330	2	按函数名执行对应处理。	header_definition	语素主信息类.h:330;语素类.cpp:1486
yes	私有_比较基础信息引用	私有_比较基础信息引用	语素主信息类.h:464	2	比较当前值、目标值或历史基准。	header_definition	语素主信息类.h:456;语素主信息类.h:464
yes	取信息入口存储树	取信息入口存储树	语素主信息类.h:86	2	按函数名执行对应处理。	header_definition	语素主信息类.h:86;语素类.cpp:1335
yes	收集直接子需求目标视图_已加锁	收集直接子需求目标视图_已加锁	需求类.h:1023	2	按函数名执行对应处理。	header_definition	需求类.h:627;需求类.h:1023
yes	合并需求主信息_已加锁	合并需求主信息_已加锁	需求类.h:1091	2	按函数名执行对应处理。	header_definition	需求类.h:1091;需求类.h:1169
yes	添加子需求节点_已加锁	添加子需求节点_已加锁	需求类.h:1119	2	按函数名执行对应处理。	header_definition	需求类.h:1119;需求类.h:1205
yes	执行新增需求指令_已加锁	执行新增需求指令_已加锁	需求类.h:1196	2	执行新增需求更新指令，新增或复用直接子需求并刷新父需求权重。	header_definition	需求类.h:1196;需求类.h:1305
yes	执行更新或满足需求指令_已加锁	执行更新或满足需求指令_已加锁	需求类.h:1214	2	执行更新或满足需求指令，更新目标需求字段并按需截止需求。	header_definition	需求类.h:1214;需求类.h:1309
yes	执行删除需求指令_已加锁	执行删除需求指令_已加锁	需求类.h:1270	2	执行删除需求指令，删除目标需求并刷新原父需求权重。	header_definition	需求类.h:1270;需求类.h:1312
yes	执行更新指令_已加锁	执行更新指令_已加锁	需求类.h:1288	2	更新已有对象、状态、索引或缓存。	header_definition	需求类.h:692;需求类.h:1288
yes	刷新直接子需求权重_已加锁	刷新直接子需求权重_已加锁	需求类.h:1341	2	按函数名执行对应处理。	header_definition	需求类.h:1327;需求类.h:1341
yes	有方向信息	有方向信息	需求类.h:159	2	按函数名执行对应处理。	header_definition	需求类.h:159;需求类.h:168
yes	计算子需求平分权重	计算子需求平分权重	需求类.h:570	2	计算权重、状态、差值或派生结果。	header_definition	需求类.h:570;需求类.h:584
yes	计算子需求平分权重	计算子需求平分权重	需求类.h:584	2	计算权重、状态、差值或派生结果。	header_definition	需求类.h:570;需求类.h:584
yes	节点属于独立树_已加锁	节点属于独立树_已加锁	需求类.h:750	2	按函数名执行对应处理。	header_definition	需求类.h:750;需求类.h:779
yes	状态特征类型主键_已加锁	状态特征类型主键_已加锁	需求类.h:787	2	读取状态特征类型主键，不创建或修改节点。	header_definition	需求类.h:787;需求类.h:943
yes	基础引用主键_已加锁	基础引用主键_已加锁	需求类.h:800	2	按函数名执行对应处理。	header_definition	需求类.h:800;需求类.h:941
yes	存在引用主键_已加锁	存在引用主键_已加锁	需求类.h:809	2	按函数名执行对应处理。	header_definition	需求类.h:809;需求类.h:896
yes	采集一帧并提取轮廓	采集一帧并提取轮廓	D455相机类.cpp:185	3	按函数名执行对应处理。		D455相机类.cpp:185;D455相机类.cpp:899;D455相机类.ixx:84
yes	获取配置	获取配置	D455相机类.cpp:192	3	读取并返回指定对象、状态或运行材料。		D455相机类.cpp:192;D455相机类.cpp:889;D455相机类.ixx:82
yes	应用配置	应用配置	D455相机类.cpp:197	3	按函数名执行对应处理。		D455相机类.cpp:197;D455相机类.cpp:894;D455相机类.ixx:83
yes	获取最近轮廓观测	获取最近轮廓观测	D455相机类.cpp:232	3	读取并返回指定对象、状态或运行材料。		D455相机类.cpp:232;D455相机类.cpp:905;D455相机类.ixx:85
yes	配置传感器	配置传感器	D455相机类.cpp:339	3	按函数名执行对应处理。		D455相机类.cpp:70;D455相机类.cpp:221;D455相机类.cpp:339
yes	配置滤波链	配置滤波链	D455相机类.cpp:384	3	按函数名执行对应处理。		D455相机类.cpp:71;D455相机类.cpp:222;D455相机类.cpp:384
yes	复制红外Y8	复制红外Y8	D455相机类.cpp:475	3	按函数名执行对应处理。		D455相机类.cpp:475;D455相机类.cpp:507;D455相机类.cpp:510
yes	更新背景模型	更新背景模型	D455相机类.cpp:593	3	更新已有对象、状态、索引或缓存。		D455相机类.cpp:593;D455相机类.cpp:670;D455相机类.cpp:673
yes	私有_世界树SQL入口主键	私有_世界树SQL入口主键	世界树类.cpp:275	3	服务所在模块的内部辅助流程。		世界树类.cpp:275;世界树类.cpp:522;世界树类.cpp:524
yes	世界树类::创建动态	创建动态	世界树类.cpp:3116	3	创建并返回或登记对应对象。		世界树类.cpp:3116;世界树类.cpp:3122;世界树类.cpp:3131
yes	世界树类::创建动态	创建动态	世界树类.cpp:3122	3	创建并返回或登记对应对象。		世界树类.cpp:3116;世界树类.cpp:3122;世界树类.cpp:3131
yes	世界树类::创建动态	创建动态	世界树类.cpp:3131	3	创建并返回或登记对应对象。		世界树类.cpp:3116;世界树类.cpp:3122;世界树类.cpp:3131
yes	私有_世界树SQL特征值类别	私有_世界树SQL特征值类别	世界树类.cpp:322	3	服务所在模块的内部辅助流程。		世界树类.cpp:322;世界树类.cpp:529;世界树类.cpp:534
yes	私有_收集世界树SQL同层	私有_收集世界树SQL同层	世界树类.cpp:573	3	服务所在模块的内部辅助流程。		世界树类.cpp:573;世界树类.cpp:638;世界树类.cpp:1737
yes	私有_收集世界树SQL节点	私有_收集世界树SQL节点	世界树类.cpp:608	3	服务所在模块的内部辅助流程。		世界树类.cpp:563;世界树类.cpp:593;世界树类.cpp:608
yes	私有_特征_存在坐标时间戳	私有_特征_存在坐标时间戳	世界树类.cpp:91	3	服务所在模块的内部辅助流程。		世界树类.cpp:91;存在类.cpp:94;存在类.cpp:824
yes	私有_特征_存在坐标置信度	私有_特征_存在坐标置信度	世界树类.cpp:97	3	服务所在模块的内部辅助流程。		世界树类.cpp:97;存在类.cpp:100;存在类.cpp:825
yes	私有_推断时长语义	私有_推断时长语义	二次特征应用模块.ixx:1128	3	服务所在模块的内部辅助流程。		二次特征应用模块.ixx:1128;二次特征应用模块.ixx:1943;二次特征应用模块.ixx:2016
yes	私有_同一主体特征流	私有_同一主体特征流	二次特征应用模块.ixx:2108	3	服务所在模块的内部辅助流程。		二次特征应用模块.ixx:2108;二次特征应用模块.ixx:3162;二次特征应用模块.ixx:3396
yes	私有_提取片段动态列表	私有_提取片段动态列表	二次特征应用模块.ixx:2157	3	服务所在模块的内部辅助流程。		二次特征应用模块.ixx:2157;二次特征应用模块.ixx:2173;二次特征应用模块.ixx:2186
yes	私有_计算聚合路径签名	私有_计算聚合路径签名	二次特征应用模块.ixx:2168	3	计算权重、状态、差值或派生结果。		二次特征应用模块.ixx:2168;二次特征应用模块.ixx:3223;二次特征应用模块.ixx:3427
yes	私有_聚合来源链相同	私有_聚合来源链相同	二次特征应用模块.ixx:2178	3	服务所在模块的内部辅助流程。		二次特征应用模块.ixx:2178;二次特征应用模块.ixx:3202;二次特征应用模块.ixx:3455
yes	判断方向是否一致	判断方向是否一致	二次特征应用模块.ixx:285	3	判断条件、状态或业务结果是否成立。		二次特征应用模块.ixx:285;二次特征应用模块.ixx:306;二次特征应用模块.ixx:311
yes	判断方向是否一致	判断方向是否一致	二次特征应用模块.ixx:306	3	判断条件、状态或业务结果是否成立。		二次特征应用模块.ixx:285;二次特征应用模块.ixx:306;二次特征应用模块.ixx:311
yes	点值	点值	二次特征应用模块.ixx:48	3	按函数名执行对应处理。		二次特征应用模块.ixx:48;二次特征应用模块.ixx:150;基础数据类型.h:33
yes	私有_节点键相等	私有_节点键相等	二次特征应用模块.ixx:632	3	服务所在模块的内部辅助流程。		二次特征应用模块.ixx:632;二次特征应用模块.ixx:2110;二次特征应用模块.ixx:2111
yes	私有_二次特征已绑定场景	私有_二次特征已绑定场景	二次特征应用模块.ixx:673	3	建立对象、任务、方法或因果之间的绑定关系。		二次特征应用模块.ixx:673;二次特征应用模块.ixx:1670;二次特征应用模块.ixx:1847
yes	私有_二次特征生成语义已满足	私有_二次特征生成语义已满足	二次特征应用模块.ixx:679	3	根据当前输入生成目标数据、场景、动态或回执。		二次特征应用模块.ixx:679;二次特征应用模块.ixx:1681;二次特征应用模块.ixx:1858
yes	私有_读取状态I64	私有_读取状态I64	二次特征应用模块.ixx:817	3	从指定来源读取数据或状态。		二次特征应用模块.ixx:817;二次特征应用模块.ixx:1045;二次特征应用模块.ixx:1046
yes	私有_取状态特征类型	私有_取状态特征类型	二次特征应用模块.ixx:845	3	服务所在模块的内部辅助流程。		二次特征应用模块.ixx:845;二次特征应用模块.ixx:2665;二次特征应用模块.ixx:2666
yes	私有_推断动态二次特征类型	私有_推断动态二次特征类型	二次特征应用模块.ixx:896	3	服务所在模块的内部辅助流程。		二次特征应用模块.ixx:896;二次特征应用模块.ixx:1945;二次特征应用模块.ixx:2018
yes	私有_动态二次特征类型文本	私有_动态二次特征类型文本	二次特征应用模块.ixx:912	3	服务所在模块的内部辅助流程。		二次特征应用模块.ixx:912;二次特征应用模块.ixx:1958;二次特征应用模块.ixx:2030
yes	私有_动态标量概念名称	私有_动态标量概念名称	二次特征应用模块.ixx:923	3	服务所在模块的内部辅助流程。		二次特征应用模块.ixx:923;二次特征应用模块.ixx:1950;二次特征应用模块.ixx:2023
yes	私有_动态支持方向	私有_动态支持方向	二次特征应用模块.ixx:929	3	服务所在模块的内部辅助流程。		二次特征应用模块.ixx:929;二次特征应用模块.ixx:1974;二次特征应用模块.ixx:2038
yes	私有_转小写ASCII	私有_转小写ASCII	二次特征类.cpp:147	3	服务所在模块的内部辅助流程。		二次特征类.cpp:147;二次特征类.cpp:160;二次特征类.cpp:160
yes	私有_二次特征值写入采样序号	私有_二次特征值写入采样序号	二次特征类.cpp:164	3	把处理结果写入指定对象、场景或日志。		二次特征类.cpp:164;二次特征类.cpp:1392;二次特征类.cpp:1540
yes	二次特征类::读取差值_直接	读取差值_直接	二次特征类.cpp:459	3	读取二次特征差值，不创建或修改节点。		二次特征类.cpp:459;二次特征类.cpp:470;自我线程模块.impl.cpp:6733
yes	二次特征类::读取差值_直接	读取差值_直接	二次特征类.cpp:470	3	读取二次特征差值，不创建或修改节点。		二次特征类.cpp:459;二次特征类.cpp:470;自我线程模块.impl.cpp:6733
yes	私有_状态引用匹配_二次特征类	私有_状态引用匹配_二次特征类	二次特征类.cpp:48	3	服务所在模块的内部辅助流程。		二次特征类.cpp:48;二次特征类.cpp:450;二次特征类.cpp:451
yes	私有_基础引用匹配状态_二次特征类	私有_基础引用匹配状态_二次特征类	二次特征类.cpp:58	3	服务所在模块的内部辅助流程。		二次特征类.cpp:58;二次特征类.cpp:452;二次特征类.cpp:453
yes	私有_节点缓存键	私有_节点缓存键	二次特征类.cpp:68	3	服务所在模块的内部辅助流程。		二次特征类.cpp:68;二次特征类.cpp:83;二次特征类.cpp:712
yes	同步工作线程事件语义槽	同步工作线程事件语义槽	任务模块.工作线程协议.ixx:30	3	同步线程、任务、场景或对象之间的状态。		任务模块.工作线程协议.ixx:30;任务模块.管理工作线程.ixx:3356;任务模块.管理工作线程.ixx:3593
yes	同步任务管理线程状态消息语义槽	同步任务管理线程状态消息语义槽	任务模块.工作线程消息协议.ixx:338	3	同步线程、任务、场景或对象之间的状态。		任务模块.工作线程消息协议.ixx:338;任务模块.工作线程消息协议.ixx:406;自我线程模块.消息协议.ixx:1401
yes	同步任务管理结果状态消息语义槽	同步任务管理结果状态消息语义槽	任务模块.工作线程消息协议.ixx:377	3	同步线程、任务、场景或对象之间的状态。		任务模块.工作线程消息协议.ixx:377;任务模块.工作线程消息协议.ixx:412;自我线程模块.消息协议.ixx:1541
yes	任务管理上行消息类型文本	任务管理上行消息类型文本	任务模块.工作线程消息协议.ixx:423	3	按函数名执行对应处理。		任务模块.工作线程消息协议.ixx:423;任务模块.管理界面线程.impl.cpp:4813;自我线程模块.impl.cpp:17436
yes	私有_解析任务选中自我能力方法_执行桥_最小_v0	私有_解析任务选中自我能力方法_执行桥_最小_v0	任务模块.执行.ixx:213	3	解析输入文本、消息、场景或运行包。		任务模块.执行.ixx:213;任务模块.执行.ixx:1101;任务模块.执行.ixx:1427
yes	私有_真实执行条件场景_执行桥_最小_v0	私有_真实执行条件场景_执行桥_最小_v0	任务模块.执行.ixx:233	3	执行任务、方法或动作的主体逻辑。		任务模块.执行.ixx:233;任务模块.执行.ixx:1257;任务模块.执行.ixx:1563
yes	私有_写入动作验证报告摘要_执行桥_最小_v0	私有_写入动作验证报告摘要_执行桥_最小_v0	任务模块.执行.ixx:402	3	把处理结果写入指定对象、场景或日志。		任务模块.执行.ixx:402;任务模块.执行.ixx:1483;任务模块.执行.ixx:1521
yes	私有_方法状态_待方法动作_执行桥_最小_v0	私有_方法状态_待方法动作_执行桥_最小_v0	任务模块.执行.ixx:436	3	执行任务、方法或动作的主体逻辑。		任务模块.执行.ixx:436;任务模块.执行.ixx:465;任务模块.执行.ixx:506
yes	私有_方法状态_待可执行入口_执行桥_最小_v0	私有_方法状态_待可执行入口_执行桥_最小_v0	任务模块.执行.ixx:439	3	执行任务、方法或动作的主体逻辑。		任务模块.执行.ixx:439;任务模块.执行.ixx:470;任务模块.执行.ixx:509
yes	私有_方法状态_待条件节点_执行桥_最小_v0	私有_方法状态_待条件节点_执行桥_最小_v0	任务模块.执行.ixx:442	3	执行任务、方法或动作的主体逻辑。		任务模块.执行.ixx:442;任务模块.执行.ixx:475;任务模块.执行.ixx:512
yes	私有_方法状态_待结果节点_执行桥_最小_v0	私有_方法状态_待结果节点_执行桥_最小_v0	任务模块.执行.ixx:445	3	执行任务、方法或动作的主体逻辑。		任务模块.执行.ixx:445;任务模块.执行.ixx:480;任务模块.执行.ixx:515
yes	私有_方法允许引导执行_执行桥_最小_v0	私有_方法允许引导执行_执行桥_最小_v0	任务模块.执行.ixx:533	3	执行任务、方法或动作的主体逻辑。		任务模块.执行.ixx:533;任务模块.执行.ixx:1146;任务模块.执行.ixx:1561
yes	私有_本能动作运行时已注册_执行桥_最小_v0	私有_本能动作运行时已注册_执行桥_最小_v0	任务模块.执行.ixx:593	3	注册方法、模板、对象或运行入口。		任务模块.执行.ixx:593;任务模块.执行.ixx:608;任务模块.筹办.ixx:2423
yes	私有_执行输出特征_派生需求当前状态_执行桥_最小_v0	私有_执行输出特征_派生需求当前状态_执行桥_最小_v0	任务模块.执行.ixx:639	3	执行任务、方法或动作的主体逻辑。		任务模块.执行.ixx:639;任务模块.执行.ixx:709;任务模块.筹办.ixx:330
yes	私有_执行输出特征_派生需求目标状态_执行桥_最小_v0	私有_执行输出特征_派生需求目标状态_执行桥_最小_v0	任务模块.执行.ixx:646	3	执行任务、方法或动作的主体逻辑。		任务模块.执行.ixx:646;任务模块.执行.ixx:716;任务模块.筹办.ixx:333
yes	私有_填充方法不可用执行结果_执行桥_最小_v0	私有_填充方法不可用执行结果_执行桥_最小_v0	任务模块.执行.ixx:769	3	执行任务、方法或动作的主体逻辑。		任务模块.执行.ixx:769;任务模块.执行.ixx:1242;任务模块.筹办.ixx:5307
yes	私有_填充缺方法动作执行结果_执行桥_最小_v0	私有_填充缺方法动作执行结果_执行桥_最小_v0	任务模块.执行.ixx:872	3	执行任务、方法或动作的主体逻辑。		任务模块.执行.ixx:872;任务模块.执行.ixx:1153;任务模块.筹办.ixx:5191
yes	私有_填充方法缺结果节点执行结果_执行桥_最小_v0	私有_填充方法缺结果节点执行结果_执行桥_最小_v0	任务模块.执行.ixx:932	3	执行任务、方法或动作的主体逻辑。		任务模块.执行.ixx:932;任务模块.执行.ixx:1206;任务模块.筹办.ixx:5200
yes	私有_填充方法缺条件结果对执行结果_执行桥_最小_v0	私有_填充方法缺条件结果对执行结果_执行桥_最小_v0	任务模块.执行.ixx:952	3	执行任务、方法或动作的主体逻辑。		任务模块.执行.ixx:952;任务模块.执行.ixx:1224;任务模块.筹办.ixx:5203
yes	计算临时因果层级权重_百万分比	计算临时因果层级权重_百万分比	任务模块.筹办.ixx:1122	3	计算权重、状态、差值或派生结果。		任务模块.筹办.ixx:1122;任务模块.筹办.ixx:1358;任务模块.筹办.ixx:1766
yes	吸收因果条件缺口_筹办查询	吸收因果条件缺口_筹办查询	任务模块.筹办.ixx:1479	3	推进任务筹办，形成候选、缺口或就绪回执。		任务模块.筹办.ixx:1479;任务模块.筹办.ixx:1680;任务模块.筹办.ixx:1692
yes	吸收因果证据缺口_筹办查询	吸收因果证据缺口_筹办查询	任务模块.筹办.ixx:1658	3	推进任务筹办，形成候选、缺口或就绪回执。		任务模块.筹办.ixx:1658;任务模块.筹办.ixx:1682;任务模块.筹办.ixx:1693
yes	本能ID是当前默认自我本能	本能ID是当前默认自我本能	任务模块.筹办.ixx:2260	3	按函数名执行对应处理。		任务模块.筹办.ixx:2260;任务模块.筹办.ixx:2274;任务模块.筹办.ixx:2388
yes	任务目标是安全服务值	任务目标是安全服务值	任务模块.筹办.ixx:2316	3	按函数名执行对应处理。		任务模块.筹办.ixx:2316;任务模块.筹办.ixx:2341;任务模块.筹办.ixx:3771
yes	方法是先天特征写入逻辑	方法是先天特征写入逻辑	任务模块.筹办.ixx:2405	3	把处理结果写入指定对象、场景或日志。		任务模块.筹办.ixx:2405;任务模块.筹办.ixx:3538;任务模块.筹办.ixx:5033
yes	本能方法ID可作为可执行入口提交	本能方法ID可作为可执行入口提交	任务模块.筹办.ixx:2411	3	提交事实、动态、任务状态或运行回执。		任务模块.筹办.ixx:2411;任务模块.筹办.ixx:2429;任务模块.筹办.ixx:2548
yes	已有单步本能入口待提交动作状态	已有单步本能入口待提交动作状态	任务模块.筹办.ixx:2545	3	提交事实、动态、任务状态或运行回执。		任务模块.筹办.ixx:2545;任务模块.筹办.ixx:5703;任务模块.筹办.ixx:5750
yes	按方法虚拟存在查找方法	按方法虚拟存在查找方法	任务模块.筹办.ixx:2579	3	按条件查找目标对象、方法或事实。		任务模块.筹办.ixx:2579;任务模块.筹办.ixx:3089;任务模块.筹办.ixx:3103
yes	方法选择评分文本	方法选择评分文本	任务模块.筹办.ixx:2648	3	从候选集中选择当前使用对象或方法。		任务模块.筹办.ixx:2648;任务模块.筹办.ixx:3046;任务模块.筹办.ixx:3069
yes	筹办特征词	筹办特征词	任务模块.筹办.ixx:270	3	推进任务筹办，形成候选、缺口或就绪回执。		任务模块.筹办.ixx:270;任务模块.筹办.ixx:280;任务模块.筹办.ixx:523
yes	追加目标特征类型	追加目标特征类型	任务模块.筹办.ixx:2700	3	将复合目标特征展开为自身和全部子特征，供方法结果能力召回使用。		任务模块.筹办.ixx:2700;任务模块.筹办.ixx:2724;任务模块.筹办.ixx:2745
yes	方法结果项承接任务需求_按目标集合	方法结果项承接任务需求_按目标集合	任务模块.筹办.ixx:2795	3	按函数名执行对应处理。		任务模块.筹办.ixx:2795;任务模块.筹办.ixx:2820;任务模块.筹办.ixx:2868
yes	方法结果能力命中任务需求	方法结果能力命中任务需求	任务模块.筹办.ixx:2807	3	按函数名执行对应处理。		任务模块.筹办.ixx:2807;任务模块.筹办.ixx:3678;任务模块.筹办.ixx:5075
yes	读取派生需求状态_从结果场景	读取派生需求状态_从结果场景	任务模块.筹办.ixx:302	3	从指定来源读取数据或状态。		任务模块.筹办.ixx:302;任务模块.筹办.ixx:328;任务模块.筹办.ixx:331
yes	记录缺口派生目标状态	记录缺口派生目标状态	任务模块.筹办.ixx:320	3	记录日志、动态、证据或运行痕迹。		任务模块.筹办.ixx:320;任务模块.筹办.ixx:5282;任务模块.筹办.ixx:5337
yes	特征_实际结果状态_筹办	特征_实际结果状态_筹办	任务模块.筹办.ixx:3277	3	推进任务筹办，形成候选、缺口或就绪回执。		任务模块.筹办.ixx:3277;任务模块.筹办.ixx:5162;任务模块.筹办.ixx:5845
yes	特征_任务虚拟存在_筹办	特征_任务虚拟存在_筹办	任务模块.筹办.ixx:3291	3	推进任务筹办，形成候选、缺口或就绪回执。		任务模块.筹办.ixx:3291;任务模块.筹办.ixx:4572;任务模块.筹办.ixx:4726
yes	特征_任务状态_筹办	特征_任务状态_筹办	任务模块.筹办.ixx:3298	3	推进任务筹办，形成候选、缺口或就绪回执。		任务模块.筹办.ixx:3298;任务模块.筹办.ixx:3920;任务模块.筹办.ixx:4577
yes	特征_来源因果信息_筹办	特征_来源因果信息_筹办	任务模块.筹办.ixx:3312	3	推进任务筹办，形成候选、缺口或就绪回执。		任务模块.筹办.ixx:3312;任务模块.筹办.ixx:4564;任务模块.筹办.ixx:4724
yes	标记历史特征写入入口为先天逻辑	标记历史特征写入入口为先天逻辑	任务模块.筹办.ixx:3519	3	把处理结果写入指定对象、场景或日志。		任务模块.筹办.ixx:3519;任务模块.筹办.ixx:3539;任务模块.筹办.ixx:5034
yes	追加方法到筹办候选集	追加方法到筹办候选集	任务模块.筹办.ixx:3527	3	推进任务筹办，形成候选、缺口或就绪回执。		任务模块.筹办.ixx:3527;任务模块.筹办.ixx:3679;任务模块.筹办.ixx:3726
yes	写入方法节点引用	写入方法节点引用	任务模块.筹办.ixx:355	3	把处理结果写入指定对象、场景或日志。		任务模块.筹办.ixx:355;任务模块.筹办.ixx:378;任务模块.筹办.ixx:5700
yes	评分_读取任务输入目标方法_筹办	评分_读取任务输入目标方法_筹办	任务模块.筹办.ixx:3870	3	从指定来源读取数据或状态。		任务模块.筹办.ixx:2895;任务模块.筹办.ixx:2996;任务模块.筹办.ixx:3870
yes	形参节点是必需_筹办	形参节点是必需_筹办	任务模块.筹办.ixx:3980	3	推进任务筹办，形成候选、缺口或就绪回执。		任务模块.筹办.ixx:3980;任务模块.筹办.ixx:4058;任务模块.筹办.ixx:4117
yes	形参节点值类型_筹办	形参节点值类型_筹办	任务模块.筹办.ixx:3991	3	推进任务筹办，形成候选、缺口或就绪回执。		任务模块.筹办.ixx:3991;任务模块.筹办.ixx:4008;任务模块.筹办.ixx:4016
yes	参数值类型为I64_筹办	参数值类型为I64_筹办	任务模块.筹办.ixx:4006	3	推进任务筹办，形成候选、缺口或就绪回执。		任务模块.筹办.ixx:4006;任务模块.筹办.ixx:4086;任务模块.筹办.ixx:4691
yes	读取基础节点指针_筹办	读取基础节点指针_筹办	任务模块.筹办.ixx:4159	3	从指定来源读取数据或状态。		任务模块.筹办.ixx:4159;任务模块.筹办.ixx:4304;任务模块.筹办.ixx:4732
yes	输入包写入指针_若缺失_筹办	输入包写入指针_若缺失_筹办	任务模块.筹办.ixx:4189	3	把处理结果写入指定对象、场景或日志。		任务模块.筹办.ixx:4189;任务模块.筹办.ixx:4377;任务模块.筹办.ixx:4742
yes	解析任务来源因果信息_筹办	解析任务来源因果信息_筹办	任务模块.筹办.ixx:4289	3	解析输入文本、消息、场景或运行包。		任务模块.筹办.ixx:4289;任务模块.筹办.ixx:4373;任务模块.筹办.ixx:4559
yes	任务已绑定非治理方法	任务已绑定非治理方法	任务模块.筹办.ixx:5021	3	建立对象、任务、方法或因果之间的绑定关系。		任务模块.筹办.ixx:3708;任务模块.筹办.ixx:3725;任务模块.筹办.ixx:5021
yes	私有_执行输出特征_方法最近连续成功次数	私有_执行输出特征_方法最近连续成功次数	任务模块.管理工作线程.ixx:1076	3	执行任务、方法或动作的主体逻辑。		任务模块.管理工作线程.ixx:1076;任务模块.管理工作线程.ixx:1308;任务模块.管理工作线程.ixx:1773
yes	私有_读取执行输出缺失参数数量_工作线程	私有_读取执行输出缺失参数数量_工作线程	任务模块.管理工作线程.ixx:1164	3	从指定来源读取数据或状态。		任务模块.管理工作线程.ixx:1164;任务模块.管理工作线程.ixx:1581;任务模块.管理工作线程.ixx:2576
yes	私有_提示外设内部材料字段需求化_工作线程	私有_提示外设内部材料字段需求化_工作线程	任务模块.管理工作线程.ixx:1218	3	服务所在模块的内部辅助流程。		任务模块.管理工作线程.ixx:1218;任务模块.管理工作线程.ixx:1591;任务模块.管理工作线程.ixx:2593
yes	私有_从派生需求特征推导推进状况	私有_从派生需求特征推导推进状况	任务模块.管理工作线程.ixx:1244	3	服务所在模块的内部辅助流程。		任务模块.管理工作线程.ixx:1244;任务模块.管理工作线程.ixx:2034;任务模块.管理工作线程.ixx:2118
yes	私有_读取输出语素入口指针	私有_读取输出语素入口指针	任务模块.管理工作线程.ixx:1325	3	从指定来源读取数据或状态。		任务模块.管理工作线程.ixx:1325;任务模块.管理工作线程.ixx:1406;任务模块.管理工作线程.ixx:1413
yes	私有_读取输出场景内状态指针	私有_读取输出场景内状态指针	任务模块.管理工作线程.ixx:1379	3	从指定来源读取数据或状态。		任务模块.管理工作线程.ixx:1379;任务模块.管理工作线程.ixx:1435;任务模块.管理工作线程.ixx:1444
yes	私有_读取执行输出语素入口指针	私有_读取执行输出语素入口指针	任务模块.管理工作线程.ixx:1396	3	从指定来源读取数据或状态。		任务模块.管理工作线程.ixx:1396;任务模块.管理工作线程.ixx:1537;任务模块.管理工作线程.ixx:1550
yes	私有_执行输出需要派生原子需求	私有_执行输出需要派生原子需求	任务模块.管理工作线程.ixx:1560	3	执行任务、方法或动作的主体逻辑。		任务模块.管理工作线程.ixx:1560;任务模块.管理工作线程.ixx:2095;任务模块.管理工作线程.ixx:3107
yes	私有_任务之前结果状态	私有_任务之前结果状态	任务模块.管理工作线程.ixx:1669	3	服务所在模块的内部辅助流程。		任务模块.管理工作线程.ixx:1669;任务模块.管理工作线程.ixx:2002;任务模块.管理工作线程.ixx:2212
yes	私有_计算任务完成度百万分比_工作线程	私有_计算任务完成度百万分比_工作线程	任务模块.管理工作线程.ixx:1896	3	计算权重、状态、差值或派生结果。		任务模块.管理工作线程.ixx:1896;任务模块.管理工作线程.ixx:2012;任务模块.管理工作线程.ixx:2277
yes	私有_写入需求节点引用	私有_写入需求节点引用	任务模块.管理工作线程.ixx:213	3	把处理结果写入指定对象、场景或日志。		任务模块.管理工作线程.ixx:213;任务模块.管理工作线程.ixx:1966;自我线程模块.impl.cpp:2646
yes	私有_派生需求执行输出完整	私有_派生需求执行输出完整	任务模块.管理工作线程.ixx:2466	3	执行任务、方法或动作的主体逻辑。		任务模块.管理工作线程.ixx:2466;任务模块.管理工作线程.ixx:2625;任务模块.管理工作线程.ixx:2628
yes	私有_特征_可执行输入参数场景	私有_特征_可执行输入参数场景	任务模块.管理工作线程.ixx:258	3	执行任务、方法或动作的主体逻辑。		任务模块.管理工作线程.ixx:258;任务模块.管理界面线程.impl.cpp:1142;任务模块.管理界面线程.impl.cpp:5416
yes	私有_特征_目标是否达成	私有_特征_目标是否达成	任务模块.管理工作线程.ixx:261	3	服务所在模块的内部辅助流程。		任务模块.管理工作线程.ixx:261;任务模块.管理界面线程.impl.cpp:1157;任务模块.管理界面线程.impl.cpp:5373
yes	私有_特征_本轮是否有推进	私有_特征_本轮是否有推进	任务模块.管理工作线程.ixx:264	3	服务所在模块的内部辅助流程。		任务模块.管理工作线程.ixx:264;任务模块.管理界面线程.impl.cpp:1162;任务模块.管理界面线程.impl.cpp:5379
yes	私有_特征_本轮推进量	私有_特征_本轮推进量	任务模块.管理工作线程.ixx:267	3	服务所在模块的内部辅助流程。		任务模块.管理工作线程.ixx:267;任务模块.管理界面线程.impl.cpp:1167;任务模块.管理界面线程.impl.cpp:5385
yes	私有_特征_剩余差距	私有_特征_剩余差距	任务模块.管理工作线程.ixx:270	3	服务所在模块的内部辅助流程。		任务模块.管理工作线程.ixx:270;任务模块.管理界面线程.impl.cpp:1172;任务模块.管理界面线程.impl.cpp:5391
yes	私有_特征_执行结果类型	私有_特征_执行结果类型	任务模块.管理工作线程.ixx:273	3	执行任务、方法或动作的主体逻辑。		任务模块.管理工作线程.ixx:273;任务模块.管理界面线程.impl.cpp:1177;任务模块.管理界面线程.impl.cpp:5397
yes	私有_特征_筹办缺口类型	私有_特征_筹办缺口类型	任务模块.管理工作线程.ixx:276	3	推进任务筹办，形成候选、缺口或就绪回执。		任务模块.管理工作线程.ixx:276;任务模块.管理界面线程.impl.cpp:1182;任务模块.管理界面线程.impl.cpp:5424
yes	私有_特征_执行缺口类型	私有_特征_执行缺口类型	任务模块.管理工作线程.ixx:279	3	执行任务、方法或动作的主体逻辑。		任务模块.管理工作线程.ixx:279;任务模块.管理界面线程.impl.cpp:1187;任务模块.管理界面线程.impl.cpp:5404
yes	私有_特征_派生需求提示	私有_特征_派生需求提示	任务模块.管理工作线程.ixx:282	3	服务所在模块的内部辅助流程。		任务模块.管理工作线程.ixx:282;任务模块.管理界面线程.impl.cpp:1192;任务模块.管理界面线程.impl.cpp:5437
yes	私有_特征_当前方法运行存在	私有_特征_当前方法运行存在	任务模块.管理工作线程.ixx:285	3	执行对应模块、线程或方法的运行逻辑。		任务模块.管理工作线程.ixx:285;任务模块.管理界面线程.impl.cpp:1117;任务模块.管理界面线程.impl.cpp:5450
yes	私有_值_无执行缺口	私有_值_无执行缺口	任务模块.管理工作线程.ixx:291	3	执行任务、方法或动作的主体逻辑。		任务模块.管理工作线程.ixx:291;任务模块.管理工作线程.ixx:1572;任务模块.管理工作线程.ixx:1985
yes	私有_任务已有等待承接证据	私有_任务已有等待承接证据	任务模块.管理工作线程.ixx:306	3	等待线程、任务、外设或条件变化。		任务模块.管理工作线程.ixx:306;任务模块.管理工作线程.ixx:420;任务模块.管理工作线程.ixx:2065
yes	确保任务管理工作线程壳已启动	确保任务管理工作线程壳已启动	任务模块.管理工作线程.ixx:3365	3	确保目标结构、状态或前置条件存在并可用。		任务模块.管理工作线程.ixx:138;任务模块.管理工作线程.ixx:3365;任务模块.管理工作线程.ixx:3539
yes	外设消息承接处理状态文本	外设消息承接处理状态文本	任务模块.管理工作线程.ixx:3375	3	按函数名执行对应处理。		任务模块.管理工作线程.ixx:130;任务模块.管理工作线程.ixx:3375;任务模块.管理工作线程.ixx:3399
yes	提交任务工作项	提交任务工作项	任务模块.管理工作线程.ixx:3534	3	提交事实、动态、任务状态或运行回执。		任务模块.管理工作线程.ixx:140;任务模块.管理工作线程.ixx:3534;任务模块.管理界面线程.impl.cpp:2251
yes	停止任务管理工作线程壳	停止任务管理工作线程壳	任务模块.管理工作线程.ixx:3812	3	停止线程、模块或运行流程。		任务模块.管理工作线程.ixx:147;任务模块.管理工作线程.ixx:3812;任务模块.管理界面线程.impl.cpp:7746
yes	私有_回报包含派生需求消息	私有_回报包含派生需求消息	任务模块.管理工作线程.ixx:658	3	服务所在模块的内部辅助流程。		任务模块.管理工作线程.ixx:658;任务模块.管理工作线程.ixx:3294;任务模块.管理工作线程.ixx:3710
yes	私有_填充派生需求父需求字段	私有_填充派生需求父需求字段	任务模块.管理工作线程.ixx:670	3	服务所在模块的内部辅助流程。		任务模块.管理工作线程.ixx:670;任务模块.管理工作线程.ixx:890;任务模块.管理工作线程.ixx:2513
yes	私有_重排同任务执行前许可占用工作项	私有_重排同任务执行前许可占用工作项	任务模块.管理界面线程.impl.cpp:3525	3	执行任务、方法或动作的主体逻辑。		任务模块.管理界面线程.impl.cpp:3525;任务模块.管理界面线程.impl.cpp:6207;任务模块.管理界面线程.impl.cpp:6224
yes	任务类::重写任务树SQL投影	重写任务树SQL投影	任务类.cpp:1374	3	把当前任务树本体重写到 SQL Server 查询投影。		任务模块.管理界面线程.impl.cpp:2002;任务类.cpp:1374;鱼巢.cpp:1218
yes	任务类::读取任务目标状态引用	读取任务目标状态引用	任务类.cpp:1741	3	从指定来源读取数据或状态。		任务模块.管理界面线程.impl.cpp:8308;任务类.cpp:1741;鱼巢.cpp:1975
yes	任务类::写入任务目标状态	写入任务目标状态	任务类.cpp:1757	3	写入指定任务的目标状态引用。		任务模块.管理界面线程.impl.cpp:2025;任务模块.管理界面线程.impl.cpp:8310;任务类.cpp:1757
yes	任务类::读取任务实际结果状态	读取任务实际结果状态	任务类.cpp:1770	3	从指定来源读取数据或状态。		任务模块.管理界面线程.impl.cpp:5615;任务类.cpp:1770;鱼巢.cpp:1978
yes	任务类::绑定对应需求	绑定对应需求	任务类.cpp:1812	3	建立对象、任务、方法或因果之间的绑定关系。		任务模块.管理界面线程.impl.cpp:1965;任务类.cpp:1812;任务类.cpp:2549
yes	任务类::读取任务启动时间	读取任务启动时间	任务类.cpp:1834	3	从指定来源读取数据或状态。		任务模块.管理工作线程.ixx:2758;任务类.cpp:1834;控制面板摘要线程模块.impl.cpp:446
yes	任务类::读取任务完成时间	读取任务完成时间	任务类.cpp:1843	3	从指定来源读取数据或状态。		任务类.cpp:1843;控制面板摘要线程模块.impl.cpp:445;鱼巢.cpp:1991
yes	任务类::写入任务状态	写入任务状态	任务类.cpp:1870	3	把处理结果写入指定对象、场景或日志。		任务类.cpp:1870;任务类.cpp:2553;自我动作实现模块.ixx:10818
yes	任务类::写入任务节点种类	写入任务节点种类	任务类.cpp:1918	3	把处理结果写入指定对象、场景或日志。		任务类.cpp:1918;任务类.cpp:2552;自我类.cpp:2298
yes	任务类::任务允许派发	任务允许派发	任务类.cpp:1940	3	派发任务、消息或运行请求。		任务模块.管理工作线程.ixx:3616;任务类.cpp:1940;自我线程模块.impl.cpp:17172
yes	任务类::确保任务初始状态	确保任务初始状态	任务类.cpp:1957	3	确保目标结构、状态或前置条件存在并可用。		任务模块.管理界面线程.impl.cpp:2032;任务类.cpp:1957;自我类.cpp:2299
yes	任务类::追加任务方法候选虚拟存在	追加任务方法候选虚拟存在	任务类.cpp:2114	3	按函数名执行对应处理。		任务模块.管理界面线程.impl.cpp:5216;任务模块.管理界面线程.impl.cpp:5246;任务类.cpp:2114
yes	任务类::写入任务当前阶段	写入任务当前阶段	任务类.cpp:2254	3	把处理结果写入指定对象、场景或日志。		任务类.cpp:2254;任务类.cpp:2554;自我动作实现模块.ixx:10821
yes	任务类::写入任务等待缺口唤醒	写入任务等待缺口唤醒	任务类.cpp:2279	3	把处理结果写入指定对象、场景或日志。		任务模块.管理界面线程.impl.cpp:5696;任务模块.管理界面线程.impl.cpp:8943;任务类.cpp:2279
yes	任务类::读取任务权重版本号	读取任务权重版本号	任务类.cpp:2366	3	从指定来源读取数据或状态。		任务模块.管理界面线程.impl.cpp:941;任务类.cpp:2366;自我线程模块.impl.cpp:3821
yes	任务类::读取任务已折算安全值	读取任务已折算安全值	任务类.cpp:2378	3	从指定来源读取数据或状态。		任务类.cpp:2378;自我线程模块.impl.cpp:2243;自我线程模块.impl.cpp:4772
yes	任务类::读取任务已折算服务值	读取任务已折算服务值	任务类.cpp:2390	3	从指定来源读取数据或状态。		任务类.cpp:2390;自我线程模块.impl.cpp:2245;自我线程模块.impl.cpp:4774
yes	任务类::读取任务运行次数	读取任务运行次数	任务类.cpp:2402	3	从指定来源读取数据或状态。		任务模块.管理界面线程.impl.cpp:940;任务类.cpp:2402;控制面板类.cpp:5455
yes	私有_独立树添加子节点	私有_独立树添加子节点	任务类.cpp:274	3	服务所在模块的内部辅助流程。		任务类.cpp:274;任务类.cpp:2544;自我类.cpp:98
yes	私有_特征_当前阶段	私有_特征_当前阶段	任务类.cpp:353	3	服务所在模块的内部辅助流程。		任务类.cpp:353;任务类.cpp:587;任务类.cpp:1517
yes	私有_特征_任务节点种类	私有_特征_任务节点种类	任务类.cpp:365	3	服务所在模块的内部辅助流程。		任务类.cpp:365;任务类.cpp:589;任务类.cpp:1527
yes	私有_特征_任务基准优先级	私有_特征_任务基准优先级	任务类.cpp:371	3	服务所在模块的内部辅助流程。		任务类.cpp:371;任务类.cpp:2296;任务类.cpp:2302
yes	私有_特征_任务局部优先级偏移	私有_特征_任务局部优先级偏移	任务类.cpp:378	3	服务所在模块的内部辅助流程。		任务类.cpp:378;任务类.cpp:2308;任务类.cpp:2314
yes	私有_特征_任务调度优先级	私有_特征_任务调度优先级	任务类.cpp:385	3	服务所在模块的内部辅助流程。		任务类.cpp:385;任务类.cpp:2320;任务类.cpp:2326
yes	私有_特征_任务承接安全权重上限	私有_特征_任务承接安全权重上限	任务类.cpp:392	3	服务所在模块的内部辅助流程。		任务类.cpp:392;任务类.cpp:2332;任务类.cpp:2338
yes	私有_特征_任务承接服务权重上限	私有_特征_任务承接服务权重上限	任务类.cpp:399	3	服务所在模块的内部辅助流程。		任务类.cpp:399;任务类.cpp:2344;任务类.cpp:2350
yes	私有_特征_任务权重评分	私有_特征_任务权重评分	任务类.cpp:406	3	服务所在模块的内部辅助流程。		任务类.cpp:406;任务类.cpp:2356;任务类.cpp:2362
yes	私有_特征_任务权重版本号	私有_特征_任务权重版本号	任务类.cpp:413	3	服务所在模块的内部辅助流程。		任务类.cpp:413;任务类.cpp:2368;任务类.cpp:2374
yes	私有_特征_任务已折算安全值	私有_特征_任务已折算安全值	任务类.cpp:420	3	服务所在模块的内部辅助流程。		任务类.cpp:420;任务类.cpp:2380;任务类.cpp:2386
yes	私有_特征_任务已折算服务值	私有_特征_任务已折算服务值	任务类.cpp:427	3	服务所在模块的内部辅助流程。		任务类.cpp:427;任务类.cpp:2392;任务类.cpp:2398
yes	私有_特征_任务运行次数	私有_特征_任务运行次数	任务类.cpp:434	3	执行对应模块、线程或方法的运行逻辑。		任务类.cpp:434;任务类.cpp:2404;任务类.cpp:2410
yes	私有_特征_任务成功次数	私有_特征_任务成功次数	任务类.cpp:441	3	服务所在模块的内部辅助流程。		任务类.cpp:441;任务类.cpp:2416;任务类.cpp:2422
yes	私有_特征_任务失败次数	私有_特征_任务失败次数	任务类.cpp:448	3	服务所在模块的内部辅助流程。		任务类.cpp:448;任务类.cpp:2428;任务类.cpp:2434
yes	私有_特征_任务连续失败次数	私有_特征_任务连续失败次数	任务类.cpp:455	3	服务所在模块的内部辅助流程。		任务类.cpp:455;任务类.cpp:2440;任务类.cpp:2446
yes	私有_特征_任务转入缺口需求次数	私有_特征_任务转入缺口需求次数	任务类.cpp:462	3	服务所在模块的内部辅助流程。		任务类.cpp:462;任务类.cpp:2452;任务类.cpp:2458
yes	私有_特征_任务最近错误码	私有_特征_任务最近错误码	任务类.cpp:469	3	服务所在模块的内部辅助流程。		任务类.cpp:469;任务类.cpp:2464;任务类.cpp:2470
yes	私有_写入任务运行镜像特征	私有_写入任务运行镜像特征	任务类.cpp:571	3	把处理结果写入指定对象、场景或日志。		任务类.cpp:571;任务类.cpp:1530;任务类.cpp:1582
yes	私有_推导任务虚拟存在承载世界	私有_推导任务虚拟存在承载世界	任务类.cpp:704	3	服务所在模块的内部辅助流程。		任务类.cpp:32;任务类.cpp:704;任务类.cpp:765
yes	私有_任务SQL入口文本	私有_任务SQL入口文本	任务类.cpp:834	3	服务所在模块的内部辅助流程。		任务类.cpp:834;任务类.cpp:952;任务类.cpp:953
yes	私有_任务SQL状态文本	私有_任务SQL状态文本	任务类.cpp:861	3	服务所在模块的内部辅助流程。		任务类.cpp:861;任务类.cpp:898;任务类.cpp:951
yes	私有_收集任务树SQL行	私有_收集任务树SQL行	任务类.cpp:922	3	服务所在模块的内部辅助流程。		任务类.cpp:922;任务类.cpp:972;任务类.cpp:1388
yes	文本列表摘要	文本列表摘要	全局共享函数类.ixx:306	3	把字符串列表按中文顿号连接为展示摘要，超出上限时追加总项数。		全局共享函数类.ixx:306;控制面板类.cpp:1698;控制面板类.cpp:1701
yes	有效或当前时间戳_微秒	有效或当前时间戳_微秒	全局共享函数类.ixx:442	3	返回有效微秒时间戳；传入 0 时取当前 steady_clock 微秒时间。		任务模块.管理工作线程.ixx:2786;任务模块.管理工作线程.ixx:3540;全局共享函数类.ixx:442
yes	起止微秒时长文本	起止微秒时长文本	全局共享函数类.ixx:470	3	按起止微秒时间戳格式化时长；缺失或倒序时显示未记录。		全局共享函数类.ixx:470;控制面板类.cpp:6240;控制面板类.cpp:6444
yes	计算比例万分比I64	计算比例万分比I64	全局共享函数类.ixx:512	3	计算 I64 比例的万分比，非法分子或分母返回 0。		全局共享函数类.ixx:512;自我动作实现.外设模块.ixx:10349;自我动作实现.外设模块.ixx:11267
yes	合并基础匹配与VecI64轮廓评分	合并基础匹配与VecI64轮廓评分	全局共享函数类.ixx:525	3	合并基础匹配分数与 VecI64 轮廓匹配分数，结果限制在 Q10000 区间。		全局共享函数类.ixx:525;自我动作实现.外设模块.ixx:10602;自我动作实现.外设模块.ixx:10955
yes	投影尺寸	投影尺寸	全局共享函数类.ixx:581	3	计算投影闭区间尺寸，范围缺失时使用兜底值且最小为 1。		全局共享函数类.ixx:581;自我动作实现.外设模块.ixx:13902;自我动作实现.外设模块.ixx:13903
yes	饱和绝对差I64	饱和绝对差I64	全局共享函数类.ixx:63	3	返回两个 I64 值的饱和绝对差，差值溢出时返回 I64 最大值。		全局共享函数类.ixx:63;本能动作类.ixx:217;本能动作类.ixx:313
yes	计算TTL毫秒	计算TTL毫秒	全局共享函数类.ixx:667	3	计算当前时间到有效截止时间的剩余毫秒数，过期时返回 0。		全局共享函数类.ixx:667;自我动作实现.扫描.ixx:895;自我动作实现.扫描.ixx:916
yes	长双非负转I64	长双非负转I64	全局共享函数类.ixx:675	3	把非负 long double 四舍五入转换为 I64，负数返回 0，超过 I64 上限时饱和。		全局共享函数类.ixx:675;自我动作实现.服务模块.ixx:3540;自我动作实现.服务模块.ixx:3588
yes	等待线程结束	等待线程结束	动作线程类.ixx:246	3	等待线程、任务、外设或条件变化。		动作线程类.ixx:226;动作线程类.ixx:246;动作线程类.ixx:268
yes	立即返回失败_	立即返回失败_	动作线程类.ixx:333	3	按函数名执行对应处理。		动作线程类.ixx:289;动作线程类.ixx:300;动作线程类.ixx:333
yes	私有_节点父子直连	私有_节点父子直连	动态类.cpp:233	3	服务所在模块的内部辅助流程。		动态类.cpp:233;动态类.cpp:1224;动态类.cpp:1243
yes	私有_状态节点在场景下	私有_状态节点在场景下	动态类.cpp:239	3	服务所在模块的内部辅助流程。		动态类.cpp:239;动态类.cpp:1211;动态类.cpp:1211
yes	读取数据_已加锁	读取数据_已加锁	双向链表模板_序列化.inl:152	3	从指定来源读取数据或状态。		双向链表模板_序列化.inl:153;双向链表模板_序列化.inl:246;双向链表模板核心.h:681
yes	_写字符串	_写字符串	双向链表模板_序列化.inl:28	3	按函数名执行对应处理。		双向链表模板_序列化.inl:29;双向链表模板_序列化.inl:97;双向链表模板核心.h:696
yes	_读字符串	_读字符串	双向链表模板_序列化.inl:37	3	按函数名执行对应处理。		双向链表模板_序列化.inl:38;双向链表模板_序列化.inl:177;双向链表模板核心.h:697
yes	保存数据_已加锁	保存数据_已加锁	双向链表模板_序列化.inl:72	3	按函数名执行对应处理。		双向链表模板_序列化.inl:73;双向链表模板_序列化.inl:148;双向链表模板核心.h:675
yes	私有_深拷贝主信息	私有_深拷贝主信息	双向链表模板_深拷贝.inl:37	3	服务所在模块的内部辅助流程。		双向链表模板_深拷贝.inl:38;双向链表模板_深拷贝.inl:71;双向链表模板核心.h:667
yes	确保RealSense运行时	确保RealSense运行时	双目相机本能适配器.cpp:70	3	确保目标结构、状态或前置条件存在并可用。		双目相机本能适配器.cpp:70;双目相机本能适配器.cpp:1227;双目相机本能适配器.cpp:1302
yes	因果缺失证据类型文本	因果缺失证据类型文本	因果类.cpp:1179	3	把结构化因果缺失证据类型转换为日志文本，不作为机器判断依据。		因果类.cpp:1179;因果类.h:64;自我线程模块.impl.cpp:3035
yes	私有_动作名键	私有_动作名键	因果类.cpp:210	3	服务所在模块的内部辅助流程。		因果类.cpp:210;因果类.cpp:764;因果类.cpp:2556
yes	私有_解析特征引用_因果	私有_解析特征引用_因果	因果类.cpp:292	3	解析特征引用对应的节点。		因果类.cpp:292;因果类.cpp:458;因果类.cpp:1650
yes	私有_动态条件特征_因果	私有_动态条件特征_因果	因果类.cpp:362	3	读取动态初始状态携带的条件特征。		因果类.cpp:362;因果类.cpp:1483;因果类.cpp:2429
yes	私有_补入因果结果特征_因果	私有_补入因果结果特征_因果	因果类.cpp:400	3	向因果果比较模板补入结果特征。		因果类.cpp:400;因果类.cpp:418;因果类.cpp:1742
yes	私有_状态结果特征命中目标	私有_状态结果特征命中目标	因果类.cpp:493	3	判断状态节点的结果特征是否命中目标特征。		因果类.cpp:493;因果类.cpp:607;因果类.cpp:2050
yes	私有_因果模板结果命中特征	私有_因果模板结果命中特征	因果类.cpp:571	3	判断因果模板结果侧是否命中目标特征。		因果类.cpp:571;因果类.cpp:706;因果类.cpp:1931
yes	私有_方法引用命中目标	私有_方法引用命中目标	因果类.cpp:614	3	判断方法引用是否命中目标方法。		因果类.cpp:614;因果类.cpp:756;因果类.cpp:1947
yes	私有_因果阶段耗时微秒	私有_因果阶段耗时微秒	因果类.cpp:66	3	服务所在模块的内部辅助流程。		因果类.cpp:66;因果类.cpp:79;因果类.cpp:2325
yes	私有_融合主果状态迁移区间_因果	私有_融合主果状态迁移区间_因果	因果类.cpp:683	3	把同方向状态迁移的标量区间融合到现有主果比较模板。		因果类.cpp:683;因果类.cpp:2513;因果类.cpp:2576
yes	私有_因果模板状态迁移命中动态	私有_因果模板状态迁移命中动态	因果类.cpp:697	3	判断因果模板结果侧是否命中指定动态的状态迁移。		因果类.cpp:697;因果类.cpp:2476;因果类.cpp:2530
yes	私有_因果模板动作命中动态	私有_因果模板动作命中动态	因果类.cpp:729	3	判断动作因果模板是否命中指定动态动作来源。		因果类.cpp:729;因果类.cpp:1488;因果类.cpp:2538
yes	私有_构造动态状态转换边	私有_构造动态状态转换边	因果类.cpp:781	3	把输入数据转换为目标类型、语义或结构。 功能：把输入数据转换为目标类型、语义或结构。		因果类.cpp:781;因果类.cpp:1134;因果类.cpp:1145
yes	私有_目标特征类型是安全账务值	私有_目标特征类型是安全账务值	因果类.cpp:844	3	服务所在模块的内部辅助流程。		因果类.cpp:844;因果类.cpp:920;因果类.cpp:1007
yes	私有_目标特征类型是服务账务值	私有_目标特征类型是服务账务值	因果类.cpp:850	3	服务所在模块的内部辅助流程。		因果类.cpp:850;因果类.cpp:920;因果类.cpp:1019
yes	私有_目标特征类型是直接安全目标	私有_目标特征类型是直接安全目标	因果类.cpp:856	3	服务所在模块的内部辅助流程。		因果类.cpp:856;因果类.cpp:923;因果类.cpp:1032
yes	私有_按目标特征生成规则投影路径	私有_按目标特征生成规则投影路径	因果类.cpp:981	3	根据当前输入生成目标数据、场景、动态或回执。		因果类.cpp:981;因果类.cpp:2114;因果类.cpp:2219
yes	私有_递归释放节点主信息	私有_递归释放节点主信息	基础信息类.cpp:32	3	递归释放节点及其子链主信息，不删除节点本身。		基础信息类.cpp:32;基础信息类.cpp:41;基础信息类.cpp:89
yes	提交D455单帧材料包证据卡	提交D455单帧材料包证据卡	外设线程_D455深度相机.ixx:3087	3	提交事实、动态、任务状态或运行回执。		外设线程_D455深度相机.ixx:107;外设线程_D455深度相机.ixx:3087;鱼巢.cpp:473
yes	构造D455深度相机线程结果摘要	构造D455深度相机线程结果摘要	外设线程_D455深度相机.ixx:3184	3	按函数名执行对应处理。		外设线程_D455深度相机.ixx:106;外设线程_D455深度相机.ixx:3075;外设线程_D455深度相机.ixx:3184
yes	外设提交_簇中心	外设提交_簇中心	外设观察报告队列.ixx:1012	3	提交事实、动态、任务状态或运行回执。		外设观察报告队列.ixx:1012;外设观察报告队列.ixx:2458;外设观察报告队列.ixx:2507
yes	外设提交_簇范围	外设提交_簇范围	外设观察报告队列.ixx:1018	3	提交事实、动态、任务状态或运行回执。		外设观察报告队列.ixx:1018;外设观察报告队列.ixx:2459;外设观察报告队列.ixx:2508
yes	外设观察报告_应清理	外设观察报告_应清理	外设观察报告队列.ixx:1187	3	清理缓存、临时状态或运行资源。		外设观察报告队列.ixx:1187;外设观察报告队列.ixx:1200;外设观察报告队列.ixx:1241
yes	目标观察约束_匹配目标特征	目标观察约束_匹配目标特征	外设观察报告队列.ixx:1768	3	按函数名执行对应处理。		外设观察报告队列.ixx:1768;外设观察报告队列.ixx:3055;外设观察报告队列.ixx:3077
yes	外设提交包类型_由报告类型	外设提交包类型_由报告类型	外设观察报告队列.ixx:2253	3	提交事实、动态、任务状态或运行回执。		外设观察报告队列.ixx:729;外设观察报告队列.ixx:2253;外设观察报告队列.ixx:2274
yes	构造外设识别提交包_由观察报告	构造外设识别提交包_由观察报告	外设观察报告队列.ixx:2299	3	提交事实、动态、任务状态或运行回执。		外设观察报告队列.ixx:731;外设观察报告队列.ixx:2299;外设观察报告队列.ixx:3603
yes	读取D455簇三维体素轮廓视角	读取D455簇三维体素轮廓视角	外设观察报告队列.ixx:2659	3	从 D455 簇句柄对应短期材料页只读重建三维体素轮廓图视角。		外设观察报告队列.ixx:743;外设观察报告队列.ixx:2659;自我动作实现.外设模块.ixx:10876
yes	读取最新D455控制面板视频快照	读取最新D455控制面板视频快照	外设观察报告队列.ixx:2868	3	从指定来源读取数据或状态。		外设观察报告队列.ixx:745;外设观察报告队列.ixx:2868;控制面板WebView2.cpp:734
yes	完成外设观察等待项	完成外设观察等待项	外设观察报告队列.ixx:2908	3	等待线程、任务、外设或条件变化。		任务模块.管理界面线程.impl.cpp:4940;外设观察报告队列.ixx:747;外设观察报告队列.ixx:2908
yes	选择最新可用目标观察约束	选择最新可用目标观察约束	外设观察报告队列.ixx:3063	3	从候选集中选择当前使用对象或方法。		任务模块.管理界面线程.impl.cpp:4171;外设观察报告队列.ixx:763;外设观察报告队列.ixx:3063
yes	读取可用目标观察约束集合_按目标特征	读取可用目标观察约束集合_按目标特征	外设观察报告队列.ixx:3089	3	从指定来源读取数据或状态。		任务模块.管理界面线程.impl.cpp:4551;外设观察报告队列.ixx:767;外设观察报告队列.ixx:3089
yes	读取外设观察报告队列视图	读取外设观察报告队列视图	外设观察报告队列.ixx:3231	3	从指定来源读取数据或状态。		外设观察报告队列.ixx:786;外设观察报告队列.ixx:3231;自我动作实现.外设模块.ixx:12377
yes	按等待项匹配外设观察报告	按等待项匹配外设观察报告	外设观察报告队列.ixx:3281	3	等待线程、任务、外设或条件变化。		任务模块.管理工作线程.ixx:3425;外设观察报告队列.ixx:790;外设观察报告队列.ixx:3281
yes	标记外设观察报告已消费	标记外设观察报告已消费	外设观察报告队列.ixx:3302	3	按函数名执行对应处理。		任务模块.管理工作线程.ixx:3525;外设观察报告队列.ixx:792;外设观察报告队列.ixx:3302
yes	构造D455材料包证据卡摘要	构造D455材料包证据卡摘要	外设观察报告队列.ixx:3499	3	按函数名执行对应处理。		外设线程_D455深度相机.ixx:3122;外设观察报告队列.ixx:799;外设观察报告队列.ixx:3499
yes	构造D455逐簇识别样本卡摘要	构造D455逐簇识别样本卡摘要	外设观察报告队列.ixx:3592	3	执行识别相关匹配、确认或结果输出逻辑。		外设线程_D455深度相机.ixx:3123;外设观察报告队列.ixx:800;外设观察报告队列.ixx:3592
yes	构造外设观察等待项摘要	构造外设观察等待项摘要	外设观察报告队列.ixx:3781	3	等待线程、任务、外设或条件变化。		任务模块.管理界面线程.impl.cpp:4326;外设观察报告队列.ixx:802;外设观察报告队列.ixx:3781
yes	私有_特征_存在坐标置信度	私有_特征_存在坐标置信度	存在类.cpp:100	3	服务所在模块的内部辅助流程。		世界树类.cpp:97;存在类.cpp:100;存在类.cpp:825
yes	私有_写入子特征指针	私有_写入子特征指针	存在类.cpp:144	3	把处理结果写入指定对象、场景或日志。		存在类.cpp:144;存在类.cpp:863;存在类.cpp:893
yes	私有_确保存在具备三类信息根节点	私有_确保存在具备三类信息根节点	存在类.cpp:234	3	确保目标结构、状态或前置条件存在并可用。		存在类.cpp:234;存在类.cpp:465;存在类.cpp:514
yes	私有_特征_存在坐标时间戳	私有_特征_存在坐标时间戳	存在类.cpp:94	3	服务所在模块的内部辅助流程。		世界树类.cpp:91;存在类.cpp:94;存在类.cpp:824
yes	度量刻度语义显示文本	度量刻度语义显示文本	度量模板注册表桥接.cpp:34	3	把刻度语义代码渲染为日志、显示或语素入口名称种子。		二次特征类.cpp:1819;度量模板注册表桥接.cpp:34;度量模板注册表桥接.h:34
yes	初始化度量模板注册表	初始化度量模板注册表	度量模板注册表桥接.cpp:58	3	初始化相关对象、状态或运行上下文。		世界树类.cpp:1544;度量模板注册表桥接.cpp:58;度量模板注册表桥接.h:35
yes	获取度量默认刻度_由链键	获取度量默认刻度_由链键	度量模板注册表桥接.cpp:64	3	读取并返回指定对象、状态或运行材料。		二次特征类.cpp:1789;度量模板注册表桥接.cpp:64;度量模板注册表桥接.h:36
yes	实例	实例	度量模板注册表类.ixx:93	3	按函数名执行对应处理。		度量模板注册表桥接.cpp:60;度量模板注册表桥接.cpp:69;度量模板注册表类.ixx:93
yes	私有_打开自我场景窗口	私有_打开自我场景窗口	控制面板WebView2.cpp:1916	3	服务所在模块的内部辅助流程。		控制面板WebView2.cpp:579;控制面板WebView2.cpp:1474;控制面板WebView2.cpp:1916
yes	启动控制面板WebView2窗口	启动控制面板WebView2窗口	控制面板WebView2.cpp:2051	3	启动线程、模块或运行流程。		控制面板WebView2.cpp:2051;控制面板WebView2.ixx:7;控制面板类.cpp:15175
yes	启动控制面板相机播放窗口	启动控制面板相机播放窗口	控制面板WebView2.cpp:2102	3	启动控制面板相机播放独立窗口。		控制面板WebView2.cpp:2102;控制面板WebView2.ixx:8;控制面板类.cpp:15181
yes	请求关闭控制面板WebView2窗口	请求关闭控制面板WebView2窗口	控制面板WebView2.cpp:2108	3	请求控制面板相关窗口关闭并等待窗口线程收束。		控制面板WebView2.cpp:2108;控制面板WebView2.ixx:9;控制面板类.cpp:15187
yes	等待控制面板WebView2窗口关闭	等待控制面板WebView2窗口关闭	控制面板WebView2.cpp:2156	3	等待线程、任务、外设或条件变化。		控制面板WebView2.cpp:2156;控制面板WebView2.ixx:10;控制面板类.cpp:15193
yes	获取控制面板WebView2启动诊断码	获取控制面板WebView2启动诊断码	控制面板WebView2.cpp:2168	3	读取并返回指定对象、状态或运行材料。		控制面板WebView2.cpp:2168;控制面板WebView2.ixx:11;控制面板类.cpp:15199
yes	私有_用临时HTML文件导航	私有_用临时HTML文件导航	控制面板WebView2.cpp:220	3	在 HTML 过大或内存导航失败时改用临时文件导航。		控制面板WebView2.cpp:220;控制面板WebView2.cpp:1323;控制面板WebView2.cpp:1346
yes	私有_模块目录	私有_模块目录	控制面板WebView2.cpp:484	3	服务所在模块的内部辅助流程。		控制面板WebView2.cpp:484;控制面板WebView2.cpp:498;控制面板WebView2.cpp:1367
yes	私有_Base64编码	私有_Base64编码	控制面板WebView2.cpp:582	3	服务所在模块的内部辅助流程。		控制面板WebView2.cpp:582;控制面板WebView2.cpp:718;控制面板WebView2.cpp:719
yes	私有_缩放RGB	私有_缩放RGB	控制面板WebView2.cpp:628	3	服务所在模块的内部辅助流程。		控制面板WebView2.cpp:628;控制面板WebView2.cpp:716;控制面板WebView2.cpp:717
yes	私有_停止相机播放	私有_停止相机播放	控制面板WebView2.cpp:758	3	停止线程、模块或运行流程。		控制面板WebView2.cpp:758;控制面板WebView2.cpp:1486;控制面板WebView2.cpp:1646
yes	私有_发送相机帧到页面	私有_发送相机帧到页面	控制面板WebView2.cpp:810	3	服务所在模块的内部辅助流程。		控制面板WebView2.cpp:810;控制面板WebView2.cpp:1482;控制面板WebView2.cpp:1486
yes	私有_调整WebView尺寸	私有_调整WebView尺寸	控制面板WebView2.cpp:886	3	服务所在模块的内部辅助流程。		控制面板WebView2.cpp:886;控制面板WebView2.cpp:1574;控制面板WebView2.cpp:1634
yes	私有_读取方法运行账时间_摘要	私有_读取方法运行账时间_摘要	控制面板摘要线程模块.impl.cpp:101	3	从指定来源读取数据或状态。		控制面板摘要线程模块.impl.cpp:101;控制面板摘要线程模块.impl.cpp:402;控制面板摘要线程模块.impl.cpp:405
yes	私有_同步摘要快照数值槽	私有_同步摘要快照数值槽	控制面板摘要线程模块.impl.cpp:122	3	同步线程、任务、场景或对象之间的状态。		控制面板摘要线程模块.impl.cpp:122;控制面板摘要线程模块.impl.cpp:668;控制面板摘要线程模块.impl.cpp:680
yes	启动控制面板摘要线程	启动控制面板摘要线程	控制面板摘要线程模块.impl.cpp:693	3	启动线程、模块或运行流程。		控制面板摘要线程模块.impl.cpp:693;控制面板摘要线程模块.ixx:129;控制面板类.cpp:9593
yes	请求刷新控制面板摘要	请求刷新控制面板摘要	控制面板摘要线程模块.impl.cpp:707	3	按函数名执行对应处理。		控制面板摘要线程模块.impl.cpp:707;控制面板摘要线程模块.ixx:131;控制面板类.cpp:9594
yes	读取控制面板轻量摘要快照	读取控制面板轻量摘要快照	控制面板类.cpp:10336	3	从指定来源读取数据或状态。		控制面板类.cpp:10336;控制面板类.ixx:511;鱼巢.cpp:1496
yes	读取控制面板页面刷新JSON	读取控制面板页面刷新JSON	控制面板类.cpp:10342	3	从指定来源读取数据或状态。		控制面板WebView2.cpp:875;控制面板类.cpp:10342;控制面板类.ixx:547
yes	读取SQL控制面板子链JSON	读取SQL控制面板子链JSON	控制面板类.cpp:10529	3	读取 SQL 控制面板树节点的一层直接子节点 JSON。		控制面板WebView2.cpp:1519;控制面板类.cpp:10529;控制面板类.ixx:550
yes	读取控制面板节点子项JSON	读取控制面板节点子项JSON	控制面板类.cpp:10537	3	从指定来源读取数据或状态。		控制面板WebView2.cpp:1538;控制面板类.cpp:10537;控制面板类.ixx:536
yes	读取控制面板节点详情JSON	读取控制面板节点详情JSON	控制面板类.cpp:10764	3	从指定来源读取数据或状态。		控制面板WebView2.cpp:1558;控制面板类.cpp:10764;控制面板类.ixx:542
yes	渲染任务管理摘要	渲染任务管理摘要	控制面板类.cpp:11115	3	生成展示用文本、界面片段或可视化内容。		控制面板类.cpp:11115;控制面板类.ixx:518;鱼巢.cpp:2051
yes	私有_任务管理总控结果文本	私有_任务管理总控结果文本	控制面板类.cpp:1117	3	服务所在模块的内部辅助流程。		控制面板类.cpp:1117;鱼巢.cpp:573;鱼巢.cpp:820
yes	渲染缺口摘要	渲染缺口摘要	控制面板类.cpp:11194	3	生成展示用文本、界面片段或可视化内容。		控制面板类.cpp:11194;控制面板类.ixx:522;鱼巢.cpp:2066
yes	私有_任务工作线程池参数错误状态文本	私有_任务工作线程池参数错误状态文本	控制面板类.cpp:112	3	把任务工作线程池参数错误状态转换为控制面板显示文本。		控制面板类.cpp:112;控制面板类.cpp:173;控制面板类.cpp:200
yes	渲染需求树生长摘要	渲染需求树生长摘要	控制面板类.cpp:11215	3	生成展示用文本、界面片段或可视化内容。		控制面板类.cpp:11215;控制面板类.ixx:526;鱼巢.cpp:2024
yes	私有_语素入口诊断文本	私有_语素入口诊断文本	控制面板类.cpp:1199	3	服务所在模块的内部辅助流程。		控制面板类.cpp:1199;控制面板类.cpp:4563;控制面板类.cpp:4565
yes	私有_动作句柄文本	私有_动作句柄文本	控制面板类.cpp:1229	3	服务所在模块的内部辅助流程。		控制面板类.cpp:1229;控制面板类.cpp:4286;控制面板类.cpp:5617
yes	私有_场景复现特征词	私有_场景复现特征词	控制面板类.cpp:1298	3	服务所在模块的内部辅助流程。		控制面板类.cpp:1298;控制面板类.cpp:1332;控制面板类.cpp:1359
yes	私有_读取场景复现VecI64	私有_读取场景复现VecI64	控制面板类.cpp:1353	3	从指定来源读取数据或状态。		控制面板类.cpp:1353;控制面板类.cpp:1956;控制面板类.cpp:1962
yes	私有_任务工作线程池参数应用状态文本	私有_任务工作线程池参数应用状态文本	控制面板类.cpp:137	3	把任务工作线程池参数应用状态转换为控制面板显示文本。		控制面板类.cpp:137;控制面板类.cpp:183;控制面板类.cpp:211
yes	生成自我场景独立窗口HTML	生成自我场景独立窗口HTML	控制面板类.cpp:15111	3	根据当前输入生成目标数据、场景、动态或回执。		控制面板WebView2.cpp:1304;控制面板类.cpp:15111;控制面板类.ixx:529
yes	生成SQL控制面板HTML	生成SQL控制面板HTML	控制面板类.cpp:15121	3	从 SQL Server 读模型读取数据并生成控制面板 HTML。		控制面板类.cpp:15121;控制面板类.cpp:15156;控制面板类.ixx:532
yes	生成SQL控制面板启动HTML	生成SQL控制面板启动HTML	控制面板类.cpp:15141	3	生成不预读 SQL 数据的控制面板启动页，后续由页面按区段加载投影数据。		控制面板WebView2.cpp:1306;控制面板类.cpp:15141;控制面板类.ixx:534
yes	保存控制面板HTML	保存控制面板HTML	控制面板类.cpp:15154	3	从 SQL Server 读模型读取数据并保存控制面板 HTML。		控制面板类.cpp:15154;控制面板类.ixx:554;鱼巢.cpp:2104
yes	启动控制面板窗口	启动控制面板窗口	控制面板类.cpp:15173	3	启动线程、模块或运行流程。		控制面板类.cpp:15173;控制面板类.ixx:557;鱼巢.cpp:2128
yes	启动控制面板相机窗口	启动控制面板相机窗口	控制面板类.cpp:15179	3	启动控制面板相机播放独立窗口。		控制面板类.cpp:15179;控制面板类.ixx:558;鱼巢.cpp:2116
yes	请求关闭控制面板窗口	请求关闭控制面板窗口	控制面板类.cpp:15185	3	请求控制面板相关窗口关闭并等待窗口线程收束。		控制面板类.cpp:15185;控制面板类.ixx:559;鱼巢.cpp:1063
yes	等待控制面板窗口关闭	等待控制面板窗口关闭	控制面板类.cpp:15191	3	等待线程、任务、外设或条件变化。		控制面板类.cpp:15191;控制面板类.ixx:560;鱼巢.cpp:2141
yes	获取控制面板启动诊断码	获取控制面板启动诊断码	控制面板类.cpp:15197	3	读取并返回指定对象、状态或运行材料。		控制面板类.cpp:15197;控制面板类.ixx:561;鱼巢.cpp:2129
yes	默认控制面板HTML路径	默认控制面板HTML路径	控制面板类.cpp:15203	3	按函数名执行对应处理。		控制面板类.cpp:15203;控制面板类.ixx:563;鱼巢.cpp:2103
yes	解析控制面板命令行	解析控制面板命令行	控制面板类.cpp:15209	3	解析输入文本、消息、场景或运行包。		控制面板类.cpp:15209;控制面板类.ixx:565;鱼巢.cpp:2293
yes	私有_累计自我场景内容节点	私有_累计自我场景内容节点	控制面板类.cpp:1558	3	服务所在模块的内部辅助流程。		控制面板类.cpp:1558;控制面板类.cpp:1621;控制面板类.cpp:1674
yes	私有_统计自我场景子树内容	私有_统计自我场景子树内容	控制面板类.cpp:1592	3	服务所在模块的内部辅助流程。		控制面板类.cpp:1592;控制面板类.cpp:1677;控制面板类.cpp:1678
yes	私有_自我场景内容类型摘要	私有_自我场景内容类型摘要	控制面板类.cpp:1633	3	服务所在模块的内部辅助流程。		控制面板类.cpp:1633;控制面板类.cpp:1694;控制面板类.cpp:1695
yes	私有_收集自我场景存在复现项	私有_收集自我场景存在复现项	控制面板类.cpp:1987	3	服务所在模块的内部辅助流程。		控制面板类.cpp:1987;控制面板类.cpp:2057;控制面板类.cpp:2062
yes	私有_方法虚拟存在引用_控制面板	私有_方法虚拟存在引用_控制面板	控制面板类.cpp:257	3	构造方法虚拟存在的显示引用，不创建新结构。		控制面板类.cpp:257;控制面板类.cpp:4284;控制面板类.cpp:5653
yes	私有_读取方法运行账时间_控制面板	私有_读取方法运行账时间_控制面板	控制面板类.cpp:278	3	从指定来源读取数据或状态。		控制面板类.cpp:278;控制面板类.cpp:5622;控制面板类.cpp:5628
yes	私有_需求方法可用性状态文本	私有_需求方法可用性状态文本	控制面板类.cpp:2913	3	服务所在模块的内部辅助流程。		控制面板类.cpp:2913;控制面板类.cpp:3924;控制面板类.cpp:5295
yes	私有_方向文本_控制面板	私有_方向文本_控制面板	控制面板类.cpp:2930	3	服务所在模块的内部辅助流程。		控制面板类.cpp:2930;控制面板类.cpp:3928;控制面板类.cpp:5297
yes	私有_普通筹办不可用原因_控制面板	私有_普通筹办不可用原因_控制面板	控制面板类.cpp:2975	3	推进任务筹办，形成候选、缺口或就绪回执。		控制面板类.cpp:2975;控制面板类.cpp:4499;控制面板类.cpp:5292
yes	私有_状态特征类型_控制面板	私有_状态特征类型_控制面板	控制面板类.cpp:3125	3	服务所在模块的内部辅助流程。		控制面板类.cpp:3125;控制面板类.cpp:3358;控制面板类.cpp:3359
yes	私有_需求是根层节点_控制面板	私有_需求是根层节点_控制面板	控制面板类.cpp:3147	3	服务所在模块的内部辅助流程。		控制面板类.cpp:3147;控制面板类.cpp:3156;控制面板类.cpp:3160
yes	私有_状态I64值_控制面板	私有_状态I64值_控制面板	控制面板类.cpp:3337	3	服务所在模块的内部辅助流程。		控制面板类.cpp:3337;控制面板类.cpp:3368;控制面板类.cpp:3369
yes	私有_需求方向_控制面板	私有_需求方向_控制面板	控制面板类.cpp:3351	3	服务所在模块的内部辅助流程。		控制面板类.cpp:3351;控制面板类.cpp:3604;控制面板类.cpp:9940
yes	私有_收集候选方法_按结果特征_控制面板	私有_收集候选方法_按结果特征_控制面板	控制面板类.cpp:3393	3	服务所在模块的内部辅助流程。		控制面板类.cpp:3393;控制面板类.cpp:3429;控制面板类.cpp:3458
yes	私有_收集方法结果方向_控制面板	私有_收集方法结果方向_控制面板	控制面板类.cpp:3477	3	服务所在模块的内部辅助流程。		控制面板类.cpp:3477;控制面板类.cpp:3512;控制面板类.cpp:3527
yes	私有_评估需求方法可用性_控制面板	私有_评估需求方法可用性_控制面板	控制面板类.cpp:3559	3	评估状态、风险、质量、权重或完成度。		控制面板类.cpp:3559;控制面板类.cpp:3909;控制面板类.cpp:5269
yes	私有_需求满足显示状态文本_控制面板	私有_需求满足显示状态文本_控制面板	控制面板类.cpp:3671	3	服务所在模块的内部辅助流程。		控制面板类.cpp:3671;控制面板类.cpp:3869;控制面板类.cpp:4470
yes	私有_任务标题	私有_任务标题	控制面板类.cpp:4011	3	服务所在模块的内部辅助流程。		控制面板类.cpp:1250;控制面板类.cpp:2284;控制面板类.cpp:4011
yes	私有_标记详情默认展开	私有_标记详情默认展开	控制面板类.cpp:4115	3	服务所在模块的内部辅助流程。		控制面板类.cpp:4115;控制面板类.cpp:4121;控制面板类.cpp:4164
yes	私有_构建因果信息树	私有_构建因果信息树	控制面板类.cpp:5171	3	构建运行所需的数据结构或中间结果。		控制面板类.cpp:5171;控制面板类.cpp:10238;控制面板类.cpp:10396
yes	私有_方法虚拟存在引用_控制面板	私有_方法虚拟存在引用_控制面板	控制面板类.cpp:5650	3	服务所在模块的内部辅助流程。		控制面板类.cpp:257;控制面板类.cpp:4284;控制面板类.cpp:5653
yes	方法类::方法来源任务引用	方法来源任务引用	控制面板类.cpp:5680	3	按函数名执行对应处理。		控制面板类.cpp:4288;控制面板类.cpp:5683;方法类.cpp:1929
yes	私有_计入布尔线程统计	私有_计入布尔线程统计	控制面板类.cpp:5961	3	服务所在模块的内部辅助流程。		控制面板类.cpp:5961;控制面板类.cpp:5998;控制面板类.cpp:6006
yes	私有_计算线程状态页统计	私有_计算线程状态页统计	控制面板类.cpp:5983	3	计算权重、状态、差值或派生结果。		控制面板类.cpp:5983;控制面板类.cpp:6320;控制面板类.cpp:11415
yes	私有_时间段文本	私有_时间段文本	控制面板类.cpp:604	3	服务所在模块的内部辅助流程。		控制面板类.cpp:604;控制面板类.cpp:4805;控制面板类.cpp:4919
yes	私有_线程状态统计文本	私有_线程状态统计文本	控制面板类.cpp:6096	3	服务所在模块的内部辅助流程。		控制面板类.cpp:6096;控制面板类.cpp:6328;控制面板类.cpp:11425
yes	私有_向量文本	私有_向量文本	控制面板类.cpp:610	3	服务所在模块的内部辅助流程。		控制面板类.cpp:610;控制面板类.cpp:4682;控制面板类.cpp:4683
yes	私有_构建线程状态树	私有_构建线程状态树	控制面板类.cpp:6297	3	构建运行所需的数据结构或中间结果。		控制面板类.cpp:6297;控制面板类.cpp:10218;控制面板类.cpp:10360
yes	私有_SQL控制面板ADO连接串	私有_SQL控制面板ADO连接串	控制面板类.cpp:6536	3	生成控制面板 SQL 读模型 ADO 连接串。		控制面板类.cpp:6536;控制面板类.cpp:6561;控制面板类.cpp:7258
yes	私有_读取SQL控制面板数据	私有_读取SQL控制面板数据	控制面板类.cpp:6558	3	从 SQL Server 最新投影视图读取控制面板数据。		控制面板类.cpp:6558;控制面板类.cpp:7552;控制面板类.cpp:15125
yes	私有_SQL字符串字面量	私有_SQL字符串字面量	控制面板类.cpp:7067	3	生成 SQL Server Unicode 字符串字面量。		控制面板类.cpp:7067;控制面板类.cpp:7299;控制面板类.cpp:7323
yes	私有_追加SQL控制面板表头JSON	私有_追加SQL控制面板表头JSON	控制面板类.cpp:7126	3	把 SQL 控制面板表头输出为 JSON 字符串数组。		控制面板类.cpp:7126;控制面板类.cpp:7177;控制面板类.cpp:7223
yes	私有_读取SQL控制面板子链行集	私有_读取SQL控制面板子链行集	控制面板类.cpp:7250	3	执行 SQL 控制面板子链查询。		控制面板类.cpp:7250;控制面板类.cpp:7326;控制面板类.cpp:7365
yes	私有_读取SQL世界树关系行集	私有_读取SQL世界树关系行集	控制面板类.cpp:7330	3	按世界树节点键集合读取关系行。		控制面板类.cpp:7330;控制面板类.cpp:7519;控制面板类.cpp:7539
yes	私有_SQL控制面板世界树子链JSON	私有_SQL控制面板世界树子链JSON	控制面板类.cpp:7376	3	生成 SQL 控制面板世界树子链刷新 JSON。		控制面板类.cpp:7376;控制面板类.cpp:7522;控制面板类.cpp:7542
yes	私有_生成SQL控制面板HTML	私有_生成SQL控制面板HTML	控制面板类.cpp:7679	3	根据 SQL 控制面板数据生成静态 HTML。		控制面板类.cpp:7679;控制面板类.cpp:15137;控制面板类.cpp:15150
yes	私有_任务工作线程池参数保存状态文本	私有_任务工作线程池参数保存状态文本	控制面板类.cpp:94	3	把任务工作线程池参数保存状态转换为控制面板显示文本。		控制面板类.cpp:94;控制面板类.cpp:165;控制面板类.cpp:191
yes	私有_读取控制面板快照	私有_读取控制面板快照	控制面板类.cpp:9565	3	从指定来源读取数据或状态。		控制面板类.cpp:9565;控制面板类.cpp:10329;控制面板类.cpp:10338
yes	私有_打开ADO连接	私有_打开ADO连接	数据库ADO模块.cpp:147	3	打开 ADO 数据库连接。		数据库ADO模块.cpp:147;数据库ADO模块.cpp:642;数据库ADO模块.cpp:766
yes	私有_截断字段差异文本	私有_截断字段差异文本	数据库ADO模块.cpp:206	3	截断字段差异文本，避免日志输出整行大字段。		数据库ADO模块.cpp:206;数据库ADO模块.cpp:732;数据库ADO模块.cpp:734
yes	私有_SQL控制面板显示域文本	私有_SQL控制面板显示域文本	数据库ADO模块.cpp:260	3	读取 SQL 控制面板显示域的显示文本。		数据库ADO模块.cpp:260;数据库ADO模块.cpp:355;数据库ADO模块.cpp:926
yes	私有_SQL控制面板显示域表名	私有_SQL控制面板显示域表名	数据库ADO模块.cpp:279	3	读取 SQL 控制面板显示域对应的运行态表名。		数据库ADO模块.cpp:279;数据库ADO模块.cpp:848;数据库ADO模块.cpp:885
yes	初始化SQL控制面板运行态投影	初始化SQL控制面板运行态投影	数据库ADO模块.cpp:792	3	初始化控制面板运行态 SQL 显示镜像，清空本次运行态表并写入运行批次。		数据库ADO模块.cpp:792;数据库ADO模块.ixx:75;鱼巢.cpp:1303
yes	同步删除SQL控制面板显示项	同步删除SQL控制面板显示项	数据库ADO模块.cpp:874	3	同步删除一个控制面板运行态显示项。		数据库ADO模块.cpp:874;数据库ADO模块.ixx:86;需求类.cpp:1725
yes	私有_收集方法树SQL行	私有_收集方法树SQL行	方法类.cpp:1231	3	服务所在模块的内部辅助流程。		方法类.cpp:1231;方法类.cpp:1268;方法类.cpp:2164
yes	方法类::方法来源任务引用	方法来源任务引用	方法类.cpp:1929	3	读取方法首节点的来源任务引用。		控制面板类.cpp:4288;控制面板类.cpp:5683;方法类.cpp:1929
yes	方法类::方法允许自动查找	方法允许自动查找	方法类.cpp:1957	3	读取方法首节点是否允许自动查找。		控制面板类.cpp:4308;方法类.cpp:1957;方法虚拟存在服务类.cpp:627
yes	方法类::场景状态语义等价	场景状态语义等价	方法类.cpp:2085	3	比较两个场景的状态语义是否等价。		方法类.cpp:2085;自我动作实现.外设模块.ixx:8414;自我动作实现模块.ixx:3391
yes	方法类::注册方法首节点	注册方法首节点	方法类.cpp:2294	3	注册方法、模板、对象或运行入口。		方法类.cpp:2294;自我动作实现.外设模块.ixx:8854;自我动作实现模块.ixx:3995
yes	方法类::注册需求位方法首节点	注册需求位方法首节点	方法类.cpp:2368	3	注册方法、模板、对象或运行入口。		方法类.cpp:2368;自我类.cpp:2143;自我类.cpp:2148
yes	私有_取首个结果子节点	私有_取首个结果子节点	方法类.cpp:239	3	服务所在模块的内部辅助流程。		方法类.cpp:239;方法类.cpp:2701;方法类.cpp:2895
yes	方法类::取或创建_方法虚拟存在	取或创建_方法虚拟存在	方法类.cpp:2598	3	创建并返回或登记对应对象。		方法类.cpp:2598;方法虚拟存在服务类.cpp:551;方法虚拟存在服务类.cpp:577
yes	方法类::创建结果节点	创建结果节点	方法类.cpp:2875	3	创建并返回或登记对应对象。		任务模块.执行.ixx:1008;方法类.cpp:2875;自我动作实现模块.ixx:3693
yes	私有_结果项已存在	私有_结果项已存在	方法类.cpp:433	3	服务所在模块的内部辅助流程。		方法类.cpp:433;方法类.cpp:469;方法类.cpp:483
yes	私有_吸收结果节点方向索引	私有_吸收结果节点方向索引	方法类.cpp:489	3	服务所在模块的内部辅助流程。		方法类.cpp:489;方法类.cpp:2937;方法类.cpp:2954
yes	私有_解析基础信息引用	私有_解析基础信息引用	方法类.cpp:571	3	解析输入文本、消息、场景或运行包。		方法类.cpp:571;方法类.cpp:626;方法类.cpp:627
yes	私有_选择一致特征类型	私有_选择一致特征类型	方法类.cpp:599	3	从候选集中选择当前使用对象或方法。		方法类.cpp:599;方法类.cpp:619;方法类.cpp:628
yes	私有_二次特征比较语义	私有_二次特征比较语义	方法类.cpp:642	3	比较当前值、目标值或历史基准。		方法类.cpp:642;方法类.cpp:664;方法类.cpp:669
yes	私有_方法虚拟存在概念集	私有_方法虚拟存在概念集	方法虚拟存在服务类.cpp:185	3	服务所在模块的内部辅助流程。		方法虚拟存在服务类.cpp:185;方法虚拟存在服务类.cpp:583;方法虚拟存在服务类.cpp:586
yes	方法虚拟存在服务类::确保方法虚拟存在	确保方法虚拟存在	方法虚拟存在服务类.cpp:542	3	确保目标结构、状态或前置条件存在并可用。		方法类.cpp:881;方法虚拟存在服务类.cpp:494;方法虚拟存在服务类.cpp:542
yes	方法虚拟存在服务类::记录方法虚拟存在特征	记录方法虚拟存在特征	方法虚拟存在服务类.cpp:754	3	记录日志、动态、证据或运行痕迹。		方法虚拟存在服务类.cpp:754;自我动作实现.外设模块.ixx:7150;自我动作实现模块.ixx:2608
yes	运行	运行	日志模块.ixx:111	3	便捷：运行日志		日志模块.ixx:47;日志模块.ixx:111;日志模块.ixx:574
yes	运行_警告	运行_警告	日志模块.ixx:114	3	执行对应模块、线程或方法的运行逻辑。		日志模块.ixx:49;日志模块.ixx:114;日志模块.ixx:584
yes	项目自检无上级需求日志	项目自检无上级需求日志	日志模块.ixx:660	3	按函数名执行对应处理。		日志接入.h:21;日志模块.ixx:155;日志模块.ixx:660
yes	本能动作执行缺口类型_按码	本能动作执行缺口类型_按码	本能动作管理类.ixx:188	3	执行任务、方法或动作的主体逻辑。		本能动作管理类.ixx:188;本能动作管理类.ixx:329;本能动作管理类.ixx:522
yes	本能动作后续承接方式_按码	本能动作后续承接方式_按码	本能动作管理类.ixx:215	3	按函数名执行对应处理。		本能动作管理类.ixx:215;本能动作管理类.ixx:343;本能动作管理类.ixx:525
yes	本能动作运行结果语义_按码	本能动作运行结果语义_按码	本能动作管理类.ixx:235	3	执行对应模块、线程或方法的运行逻辑。		本能动作管理类.ixx:235;本能动作管理类.ixx:363;自我动作实现模块.ixx:9539
yes	本能动作补读闭环指针事实	本能动作补读闭环指针事实	本能动作管理类.ixx:442	3	按函数名执行对应处理。		本能动作管理类.ixx:442;本能动作管理类.ixx:511;本能动作管理类.ixx:513
yes	本能动作失败原因特征词	本能动作失败原因特征词	本能动作管理类.ixx:80	3	按函数名执行对应处理。		本能动作管理类.ixx:80;本能动作管理类.ixx:338;本能动作管理类.ixx:458
yes	本能动作执行缺口类型特征词	本能动作执行缺口类型特征词	本能动作管理类.ixx:86	3	执行任务、方法或动作的主体逻辑。		本能动作管理类.ixx:86;本能动作管理类.ixx:332;本能动作管理类.ixx:462
yes	本能动作输入参数场景特征词	本能动作输入参数场景特征词	本能动作管理类.ixx:92	3	按函数名执行对应处理。		本能动作管理类.ixx:92;本能动作管理类.ixx:284;本能动作管理类.ixx:470
yes	本能动作输出结果场景特征词	本能动作输出结果场景特征词	本能动作管理类.ixx:98	3	按函数名执行对应处理。		本能动作管理类.ixx:98;本能动作管理类.ixx:291;本能动作管理类.ixx:478
yes	挑选绑定	挑选绑定	本能动作类.ixx:263	3	建立对象、任务、方法或因果之间的绑定关系。		本能动作类.ixx:263;本能动作类.ixx:380;本能动作类.ixx:429
yes	是特征节点	是特征节点	本能动作类.ixx:27	3	按函数名执行对应处理。		本能动作类.ixx:27;本能动作类.ixx:89;本能动作类.ixx:234
yes	特征有值	特征有值	本能动作类.ixx:45	3	按函数名执行对应处理。		本能动作类.ixx:45;本能动作类.ixx:90;本能动作类.ixx:238
yes	取特征值	取特征值	本能动作类.ixx:52	3	按函数名执行对应处理。		本能动作类.ixx:52;本能动作类.ixx:242;本能动作类.ixx:243
yes	取类型	取类型	本能动作类.ixx:59	3	按函数名执行对应处理。		本能动作类.ixx:59;本能动作类.ixx:278;本能动作类.ixx:286
yes	取主键	取主键	本能动作类.ixx:65	3	按函数名执行对应处理。		本能动作类.ixx:65;本能动作类.ixx:306;本能动作类.ixx:306
yes	私有_坐标点L1误差	私有_坐标点L1误差	特征类.cpp:144	3	服务所在模块的内部辅助流程。		特征类.cpp:144;特征类.cpp:183;特征类.cpp:4097
yes	私有_查找三维体素子节点	私有_查找三维体素子节点	特征类.cpp:293	3	按条件查找目标对象、方法或事实。		特征类.cpp:293;特征类.cpp:3591;特征类.cpp:3613
yes	私有_三维体素隐式空查询结果	私有_三维体素隐式空查询结果	特征类.cpp:321	3	按条件查找目标对象、方法或事实。		特征类.cpp:321;特征类.cpp:3593;特征类.cpp:3615
yes	特征类::校验坐标类VecI64_按特征类型	校验坐标类VecI64_按特征类型	特征类.cpp:4061	3	按函数名执行对应处理。		特征类.cpp:4061;自我动作实现.外设模块.ixx:7228;自我动作实现.外设模块.ixx:7263
yes	私有_状态排序晚于	私有_状态排序晚于	状态类.cpp:122	3	服务所在模块的内部辅助流程。		状态类.cpp:122;状态类.cpp:584;状态类.cpp:626
yes	私有_状态引用匹配	私有_状态引用匹配	状态类.cpp:79	3	服务所在模块的内部辅助流程。		状态类.cpp:79;状态类.cpp:600;状态类.cpp:601
yes	私有_状态同主体特征	私有_状态同主体特征	状态类.cpp:87	3	服务所在模块的内部辅助流程。		状态类.cpp:87;状态类.cpp:579;状态类.cpp:622
yes	私有_归档目录	私有_归档目录	线程生命周期消息模块.ixx:135	3	服务所在模块的内部辅助流程。		线程生命周期消息模块.ixx:135;线程生命周期消息模块.ixx:698;线程生命周期消息模块.ixx:838
yes	私有_线程信息表缓存路径	私有_线程信息表缓存路径	线程生命周期消息模块.ixx:141	3	服务所在模块的内部辅助流程。		线程生命周期消息模块.ixx:141;线程生命周期消息模块.ixx:381;线程生命周期消息模块.ixx:418
yes	私有_是终态事件	私有_是终态事件	线程生命周期消息模块.ixx:153	3	服务所在模块的内部辅助流程。		线程生命周期消息模块.ixx:153;线程生命周期消息模块.ixx:504;线程生命周期消息模块.ixx:684
yes	私有_加载线程信息表缓存_已持锁	私有_加载线程信息表缓存_已持锁	线程生命周期消息模块.ixx:373	3	服务所在模块的内部辅助流程。		线程生命周期消息模块.ixx:373;线程生命周期消息模块.ixx:1067;线程生命周期消息模块.ixx:1131
yes	任务状态被动提交函数槽	任务状态被动提交函数槽	自我动作实现.内部模块.ixx:123	3	提交事实、动态、任务状态或运行回执。		自我动作实现.内部模块.ixx:123;自我动作实现.内部模块.ixx:132;自我动作实现.内部模块.ixx:139
yes	计算空间候选分离度评分	计算空间候选分离度评分	自我动作实现.外设模块.ixx:10030	3	计算权重、状态、差值或派生结果。		自我动作实现.外设模块.ixx:10030;自我动作实现.外设模块.ixx:10091;自我动作实现.外设模块.ixx:10111
yes	特征_方法运行结果状态	特征_方法运行结果状态	自我动作实现.外设模块.ixx:1004	3	执行对应模块、线程或方法的运行逻辑。		自我动作实现.外设模块.ixx:1004;自我动作实现模块.ixx:521;自我动作实现模块.ixx:7239
yes	判断单个空间候选独立状态	判断单个空间候选独立状态	自我动作实现.外设模块.ixx:10068	3	判断条件、状态或业务结果是否成立。		自我动作实现.外设模块.ixx:10068;自我动作实现.外设模块.ixx:10108;自我动作实现.外设模块.ixx:10212
yes	空间候选观察状态排序优先级	空间候选观察状态排序优先级	自我动作实现.外设模块.ixx:10173	3	按函数名执行对应处理。		自我动作实现.外设模块.ixx:10173;自我动作实现.外设模块.ixx:10232;自我动作实现.外设模块.ixx:10233
yes	特征_候选方法数量	特征_候选方法数量	自我动作实现.外设模块.ixx:1025	3	按函数名执行对应处理。		自我动作实现.外设模块.ixx:1025;自我动作实现模块.ixx:542;自我动作实现模块.ixx:7241
yes	计算投影轮廓状态	计算投影轮廓状态	自我动作实现.外设模块.ixx:10263	3	计算权重、状态、差值或派生结果。		自我动作实现.外设模块.ixx:10263;自我动作实现.外设模块.ixx:10274;自我动作实现.外设模块.ixx:10383
yes	特征_目标现实场景	特征_目标现实场景	自我动作实现.外设模块.ixx:1053	3	按函数名执行对应处理。		自我动作实现.外设模块.ixx:1053;自我动作实现模块.ixx:570;自我动作实现模块.ixx:6762
yes	外设簇投影面积	外设簇投影面积	自我动作实现.外设模块.ixx:10538	3	按函数名执行对应处理。		自我动作实现.外设模块.ixx:10538;自我动作实现.外设模块.ixx:10553;自我动作实现.外设模块.ixx:10970
yes	外设簇与投影框重叠率	外设簇与投影框重叠率	自我动作实现.外设模块.ixx:10546	3	按函数名执行对应处理。		自我动作实现.外设模块.ixx:10546;自我动作实现.外设模块.ixx:10583;自我动作实现.外设模块.ixx:10641
yes	计算当前帧分区项区域归属原因掩码	计算当前帧分区项区域归属原因掩码	自我动作实现.外设模块.ixx:10759	3	计算权重、状态、差值或派生结果。		自我动作实现.外设模块.ixx:10759;自我动作实现.外设模块.ixx:10824;自我动作实现.外设模块.ixx:24909
yes	构建观察存在假设_外设簇	构建观察存在假设_外设簇	自我动作实现.外设模块.ixx:11171	3	构建运行所需的数据结构或中间结果。		自我动作实现.外设模块.ixx:11171;自我动作实现.外设模块.ixx:22836;自我动作实现.外设模块.ixx:23917
yes	构建像素归属验证_外设簇	构建像素归属验证_外设簇	自我动作实现.外设模块.ixx:11224	3	构建运行所需的数据结构或中间结果。		自我动作实现.外设模块.ixx:11224;自我动作实现.外设模块.ixx:22837;自我动作实现.外设模块.ixx:23918
yes	记录双目相机适配器失败	记录双目相机适配器失败	自我动作实现.外设模块.ixx:11469	3	记录日志、动态、证据或运行痕迹。		自我动作实现.外设模块.ixx:11469;自我动作实现.外设模块.ixx:11679;自我动作实现.外设模块.ixx:11707
yes	记录无效基础节点引用	记录无效基础节点引用	自我动作实现.外设模块.ixx:11498	3	记录日志、动态、证据或运行痕迹。		自我动作实现.外设模块.ixx:11498;自我动作实现.外设模块.ixx:17352;自我动作实现.外设模块.ixx:17371
yes	取或创建空间候选观察事实	取或创建空间候选观察事实	自我动作实现.外设模块.ixx:11712	3	创建并返回或登记对应对象。		自我动作实现.外设模块.ixx:11712;自我动作实现.外设模块.ixx:11731;自我动作实现.外设模块.ixx:12899
yes	写入自我像素观察事实索引摘要	写入自我像素观察事实索引摘要	自我动作实现.外设模块.ixx:12124	3	把处理结果写入指定对象、场景或日志。		自我动作实现.外设模块.ixx:12124;自我动作实现.外设模块.ixx:12156;自我动作实现.外设模块.ixx:18201
yes	写入自我像素特征值承接摘要	写入自我像素特征值承接摘要	自我动作实现.外设模块.ixx:12150	3	把处理结果写入指定对象、场景或日志。		自我动作实现.外设模块.ixx:12150;自我动作实现.外设模块.ixx:12174;自我动作实现.外设模块.ixx:18285
yes	写入自我观察事实完备摘要	写入自我观察事实完备摘要	自我动作实现.外设模块.ixx:12168	3	把处理结果写入指定对象、场景或日志。		自我动作实现.外设模块.ixx:12168;自我动作实现.外设模块.ixx:12188;自我动作实现.外设模块.ixx:18369
yes	写入自我基础观察事实可用摘要	写入自我基础观察事实可用摘要	自我动作实现.外设模块.ixx:12210	3	把处理结果写入指定对象、场景或日志。		自我动作实现.外设模块.ixx:12210;自我动作实现.外设模块.ixx:18544;自我动作实现.外设模块.ixx:18994
yes	外设观察报告匹配正式读取口径	外设观察报告匹配正式读取口径	自我动作实现.外设模块.ixx:12337	3	从指定来源读取数据或状态。		自我动作实现.外设模块.ixx:12337;自我动作实现.外设模块.ixx:12371;自我动作实现.外设模块.ixx:12379
yes	计算外设观察存在报告派生状态	计算外设观察存在报告派生状态	自我动作实现.外设模块.ixx:12387	3	计算权重、状态、差值或派生结果。		自我动作实现.外设模块.ixx:12387;自我动作实现.外设模块.ixx:21266;自我动作实现.外设模块.ixx:22220
yes	写入自我观察帧存在摘要	写入自我观察帧存在摘要	自我动作实现.外设模块.ixx:12485	3	把处理结果写入指定对象、场景或日志。		自我动作实现.外设模块.ixx:12485;自我动作实现.外设模块.ixx:12518;自我动作实现.外设模块.ixx:17984
yes	值_来源_方法固定参数	值_来源_方法固定参数	自我动作实现.外设模块.ixx:1256	3	按函数名执行对应处理。		自我动作实现.外设模块.ixx:1256;自我动作实现模块.ixx:780;自我动作实现模块.ixx:6199
yes	值类型_类型I64	值类型_类型I64	自我动作实现.外设模块.ixx:1277	3	按函数名执行对应处理。		自我动作实现.外设模块.ixx:1277;自我动作实现模块.ixx:801;自我动作实现模块.ixx:5910
yes	取或创建已确认观察存在	取或创建已确认观察存在	自我动作实现.外设模块.ixx:12911	3	创建并返回或登记对应对象。		自我动作实现.外设模块.ixx:12911;自我动作实现.外设模块.ixx:22844;自我动作实现.外设模块.ixx:23925
yes	写入已确认观察存在节点原始事实	写入已确认观察存在节点原始事实	自我动作实现.外设模块.ixx:12926	3	把处理结果写入指定对象、场景或日志。		自我动作实现.外设模块.ixx:12926;自我动作实现.外设模块.ixx:22849;自我动作实现.外设模块.ixx:23934
yes	值类型_特征值	值类型_特征值	自我动作实现.外设模块.ixx:1298	3	按函数名执行对应处理。		自我动作实现.外设模块.ixx:1298;自我动作实现模块.ixx:822;自我动作实现模块.ixx:8130
yes	写入双目相机空间候选摘要	写入双目相机空间候选摘要	自我动作实现.外设模块.ixx:13073	3	把处理结果写入指定对象、场景或日志。		自我动作实现.外设模块.ixx:13073;自我动作实现.外设模块.ixx:13113;自我动作实现.外设模块.ixx:26300
yes	写入双目相机空间候选独立性摘要	写入双目相机空间候选独立性摘要	自我动作实现.外设模块.ixx:13106	3	把处理结果写入指定对象、场景或日志。		自我动作实现.外设模块.ixx:13106;自我动作实现.外设模块.ixx:13133;自我动作实现.外设模块.ixx:26366
yes	写入双目相机空间候选观察队列摘要	写入双目相机空间候选观察队列摘要	自我动作实现.外设模块.ixx:13125	3	把处理结果写入指定对象、场景或日志。		自我动作实现.外设模块.ixx:13125;自我动作实现.外设模块.ixx:13158;自我动作实现.外设模块.ixx:26444
yes	写入双目相机观察存在假设摘要	写入双目相机观察存在假设摘要	自我动作实现.外设模块.ixx:13149	3	把处理结果写入指定对象、场景或日志。		自我动作实现.外设模块.ixx:13149;自我动作实现.外设模块.ixx:13199;自我动作实现.外设模块.ixx:26523
yes	写入双目相机像素归属验证摘要	写入双目相机像素归属验证摘要	自我动作实现.外设模块.ixx:13189	3	把处理结果写入指定对象、场景或日志。		自我动作实现.外设模块.ixx:13189;自我动作实现.外设模块.ixx:13232;自我动作实现.外设模块.ixx:26606
yes	存在类型是	存在类型是	自我动作实现.外设模块.ixx:13279	3	按函数名执行对应处理。		自我动作实现.外设模块.ixx:13279;自我动作实现.外设模块.ixx:13294;自我动作实现.外设模块.ixx:13310
yes	追加已确认观察存在	追加已确认观察存在	自我动作实现.外设模块.ixx:13349	3	确认候选事实、存在、状态或运行结果。		自我动作实现.外设模块.ixx:13349;自我动作实现.外设模块.ixx:13366;自我动作实现.外设模块.ixx:13369
yes	写入当前场景特征值材料门摘要	写入当前场景特征值材料门摘要	自我动作实现.外设模块.ixx:13717	3	把处理结果写入指定对象、场景或日志。		自我动作实现.外设模块.ixx:13717;自我动作实现.外设模块.ixx:19010;自我动作实现.外设模块.ixx:23013
yes	写入当前场景特征值材料门明细	写入当前场景特征值材料门明细	自我动作实现.外设模块.ixx:13738	3	把处理结果写入指定对象、场景或日志。		自我动作实现.外设模块.ixx:13738;自我动作实现.外设模块.ixx:19034;自我动作实现.外设模块.ixx:23018
yes	目标观察约束可用性代码	目标观察约束可用性代码	自我动作实现.外设模块.ixx:13812	3	按函数名执行对应处理。		自我动作实现.外设模块.ixx:13812;自我动作实现.外设模块.ixx:21135;自我动作实现.外设模块.ixx:24010
yes	取或创建内外接口	取或创建内外接口	自我动作实现.外设模块.ixx:13997	3	创建并返回或登记对应对象。		自我动作实现.外设模块.ixx:13997;自我动作实现.外设模块.ixx:25544;自我动作实现.外设模块.ixx:25548
yes	取或创建局部观察切片	取或创建局部观察切片	自我动作实现.外设模块.ixx:14020	3	创建并返回或登记对应对象。		自我动作实现.外设模块.ixx:14020;自我动作实现.外设模块.ixx:25550;自我动作实现.外设模块.ixx:25554
yes	取或创建内部世界子候选	取或创建内部世界子候选	自我动作实现.外设模块.ixx:14056	3	创建并返回或登记对应对象。		自我动作实现.外设模块.ixx:14056;自我动作实现.外设模块.ixx:25556;自我动作实现.外设模块.ixx:25561
yes	构造内部世界子存在确认方案	构造内部世界子存在确认方案	自我动作实现.外设模块.ixx:14136	3	确认候选事实、存在、状态或运行结果。		自我动作实现.外设模块.ixx:14136;自我动作实现.外设模块.ixx:25563;自我动作实现.外设模块.ixx:25796
yes	值_无执行缺口	值_无执行缺口	自我动作实现.外设模块.ixx:1436	3	执行任务、方法或动作的主体逻辑。		自我动作实现.外设模块.ixx:1436;自我动作实现.外设模块.ixx:8393;自我动作实现模块.ixx:960
yes	计算观察存在匹配关系	计算观察存在匹配关系	自我动作实现.外设模块.ixx:14510	3	计算权重、状态、差值或派生结果。		自我动作实现.外设模块.ixx:14510;自我动作实现.外设模块.ixx:14570;自我动作实现.外设模块.ixx:25989
yes	计算观察存在变化结果	计算观察存在变化结果	自我动作实现.外设模块.ixx:14567	3	计算权重、状态、差值或派生结果。		自我动作实现.外设模块.ixx:14567;自我动作实现.外设模块.ixx:14645;自我动作实现.外设模块.ixx:25992
yes	值_执行缺口_可执行输入参数场景缺失	值_执行缺口_可执行输入参数场景缺失	自我动作实现.外设模块.ixx:1457	3	执行任务、方法或动作的主体逻辑。		自我动作实现.外设模块.ixx:1457;自我动作实现.外设模块.ixx:25448;自我动作实现模块.ixx:981
yes	写入场景识别快照摘要	写入场景识别快照摘要	自我动作实现.外设模块.ixx:15013	3	把处理结果写入指定对象、场景或日志。		自我动作实现.外设模块.ixx:15013;自我动作实现.外设模块.ixx:15156;自我动作实现.外设模块.ixx:26152
yes	特征_候选范围包	特征_候选范围包	自我动作实现.外设模块.ixx:1672	3	按函数名执行对应处理。		自我动作实现.外设模块.ixx:1672;自我动作实现模块.ixx:1196;自我动作实现模块.ixx:6223
yes	特征_方法能力包	特征_方法能力包	自我动作实现.外设模块.ixx:1686	3	按函数名执行对应处理。		自我动作实现.外设模块.ixx:1686;自我动作实现模块.ixx:1210;自我动作实现模块.ixx:8689
yes	特征_特征类型	特征_特征类型	自我动作实现.外设模块.ixx:1693	3	按函数名执行对应处理。		自我动作实现.外设模块.ixx:1693;自我动作实现模块.ixx:1217;自我动作实现模块.ixx:4627
yes	确认自我内部世界基础规格	确认自我内部世界基础规格	自我动作实现.外设模块.ixx:16964	3	确认候选事实、存在、状态或运行结果。		自我动作实现.外设模块.ixx:16964;自我动作实现.外设模块.ixx:16997;自我动作实现.外设模块.ixx:17006
yes	特征_特征值	特征_特征值	自我动作实现.外设模块.ixx:1700	3	按函数名执行对应处理。		自我动作实现.外设模块.ixx:1700;自我动作实现模块.ixx:1224;自我动作实现模块.ixx:4668
yes	特征_特征值范围	特征_特征值范围	自我动作实现.外设模块.ixx:1707	3	按函数名执行对应处理。		自我动作实现.外设模块.ixx:1707;自我动作实现模块.ixx:1231;自我动作实现模块.ixx:4673
yes	特征_存在引用	特征_存在引用	自我动作实现.外设模块.ixx:1735	3	按函数名执行对应处理。		自我动作实现.外设模块.ixx:1735;自我动作实现模块.ixx:1259;自我动作实现模块.ixx:4700
yes	特征_场景引用	特征_场景引用	自我动作实现.外设模块.ixx:1742	3	按函数名执行对应处理。		自我动作实现.外设模块.ixx:1742;自我动作实现模块.ixx:1266;自我动作实现模块.ixx:4705
yes	特征_允许执行差值区间	特征_允许执行差值区间	自我动作实现.外设模块.ixx:1770	3	执行任务、方法或动作的主体逻辑。		自我动作实现.外设模块.ixx:1770;自我动作实现模块.ixx:1294;自我动作实现模块.ixx:5940
yes	特征_最大候选数量	特征_最大候选数量	自我动作实现.外设模块.ixx:1791	3	按函数名执行对应处理。		自我动作实现.外设模块.ixx:1791;自我动作实现模块.ixx:1315;自我动作实现模块.ixx:5962
yes	值_候选方法不可用	值_候选方法不可用	自我动作实现.外设模块.ixx:2029	3	按函数名执行对应处理。		自我动作实现.外设模块.ixx:2029;自我动作实现模块.ixx:1553;自我动作实现模块.ixx:10945
yes	值_外设采集失败	值_外设采集失败	自我动作实现.外设模块.ixx:2120	3	按函数名执行对应处理。		自我动作实现.外设模块.ixx:2120;自我动作实现.外设模块.ixx:11356;自我动作实现模块.ixx:1644
yes	类型_空间候选观察事实	类型_空间候选观察事实	自我动作实现.外设模块.ixx:2190	3	按函数名执行对应处理。		自我动作实现.外设模块.ixx:2190;自我动作实现.外设模块.ixx:11719;自我动作实现.外设模块.ixx:11868
yes	类型_观察诊断区域	类型_观察诊断区域	自我动作实现.外设模块.ixx:2197	3	按函数名执行对应处理。		自我动作实现.外设模块.ixx:2197;自我动作实现.外设模块.ixx:11894;自我动作实现.外设模块.ixx:11974
yes	类型_已确认观察存在	类型_已确认观察存在	自我动作实现.外设模块.ixx:2204	3	确认候选事实、存在、状态或运行结果。		自我动作实现.外设模块.ixx:2204;自我动作实现.外设模块.ixx:12922;自我动作实现.外设模块.ixx:13310
yes	类型_存在内外接口	类型_存在内外接口	自我动作实现.外设模块.ixx:2232	3	按函数名执行对应处理。		自我动作实现.外设模块.ixx:2232;自我动作实现.外设模块.ixx:13936;自我动作实现.外设模块.ixx:14001
yes	类型_存在局部观察切片	类型_存在局部观察切片	自我动作实现.外设模块.ixx:2239	3	按函数名执行对应处理。		自我动作实现.外设模块.ixx:2239;自我动作实现.外设模块.ixx:13939;自我动作实现.外设模块.ixx:14026
yes	类型_内部世界子候选	类型_内部世界子候选	自我动作实现.外设模块.ixx:2246	3	按函数名执行对应处理。		自我动作实现.外设模块.ixx:2246;自我动作实现.外设模块.ixx:13944;自我动作实现.外设模块.ixx:14062
yes	类型_内部世界子存在	类型_内部世界子存在	自我动作实现.外设模块.ixx:2253	3	按函数名执行对应处理。		自我动作实现.外设模块.ixx:2253;自我动作实现.外设模块.ixx:13950;自我动作实现.外设模块.ixx:14096
yes	类型_叶子特征块存在	类型_叶子特征块存在	自我动作实现.外设模块.ixx:2260	3	按函数名执行对应处理。		自我动作实现.外设模块.ixx:2260;自我动作实现.外设模块.ixx:13950;自我动作实现.外设模块.ixx:14096
yes	取或创建观察存在发现事实	取或创建观察存在发现事实	自我动作实现.外设模块.ixx:24265	3	创建并返回或登记对应对象。		自我动作实现.外设模块.ixx:20937;自我动作实现.外设模块.ixx:24265;自我动作实现.外设模块.ixx:24359
yes	执行自我场景复现导出动作	执行自我场景复现导出动作	自我动作实现.外设模块.ixx:26120	3	执行任务、方法或动作的主体逻辑。		自我动作实现.外设模块.ixx:26120;自我动作实现.外设模块.ixx:26229;自我动作实现.外设模块.ixx:26247
yes	特征_深度观察质量状态	特征_深度观察质量状态	自我动作实现.外设模块.ixx:2925	3	按函数名执行对应处理。		自我动作实现.外设模块.ixx:2925;自我动作实现.外设模块.ixx:16689;自我动作实现.外设模块.ixx:25254
yes	特征_空间坐标观察质量状态	特征_空间坐标观察质量状态	自我动作实现.外设模块.ixx:2932	3	按函数名执行对应处理。		自我动作实现.外设模块.ixx:2932;自我动作实现.外设模块.ixx:16690;自我动作实现.外设模块.ixx:25255
yes	特征_质量缺口状态	特征_质量缺口状态	自我动作实现.外设模块.ixx:2939	3	按函数名执行对应处理。		自我动作实现.外设模块.ixx:2939;自我动作实现.外设模块.ixx:16691;自我动作实现.外设模块.ixx:25256
yes	特征_质量缺口原因集合	特征_质量缺口原因集合	自我动作实现.外设模块.ixx:2946	3	按函数名执行对应处理。		自我动作实现.外设模块.ixx:2946;自我动作实现.外设模块.ixx:16692;自我动作实现.外设模块.ixx:25257
yes	特征_空间类后续处理适用状态	特征_空间类后续处理适用状态	自我动作实现.外设模块.ixx:2953	3	按函数名执行对应处理。		自我动作实现.外设模块.ixx:2953;自我动作实现.外设模块.ixx:16693;自我动作实现.外设模块.ixx:25258
yes	特征_风险判断适用状态	特征_风险判断适用状态	自我动作实现.外设模块.ixx:2960	3	判断条件、状态或业务结果是否成立。		自我动作实现.外设模块.ixx:2960;自我动作实现.外设模块.ixx:16694;自我动作实现.外设模块.ixx:25259
yes	特征_存在确认适用状态	特征_存在确认适用状态	自我动作实现.外设模块.ixx:2967	3	确认候选事实、存在、状态或运行结果。		自我动作实现.外设模块.ixx:2967;自我动作实现.外设模块.ixx:16695;自我动作实现.外设模块.ixx:25260
yes	特征_观察质量改善线索状态	特征_观察质量改善线索状态	自我动作实现.外设模块.ixx:2974	3	按函数名执行对应处理。		自我动作实现.外设模块.ixx:2974;自我动作实现.外设模块.ixx:16696;自我动作实现.外设模块.ixx:25261
yes	特征_观察质量改善候选线索	特征_观察质量改善候选线索	自我动作实现.外设模块.ixx:2981	3	按函数名执行对应处理。		自我动作实现.外设模块.ixx:2981;自我动作实现.外设模块.ixx:16697;自我动作实现.外设模块.ixx:25262
yes	特征_诊断区域来源候选编号	特征_诊断区域来源候选编号	自我动作实现.外设模块.ixx:3058	3	按函数名执行对应处理。		自我动作实现.外设模块.ixx:3058;自我动作实现.外设模块.ixx:11920;自我动作实现.外设模块.ixx:11954
yes	特征_诊断区域投影最小X	特征_诊断区域投影最小X	自我动作实现.外设模块.ixx:3065	3	按函数名执行对应处理。		自我动作实现.外设模块.ixx:3065;自我动作实现.外设模块.ixx:11921;自我动作实现.外设模块.ixx:11955
yes	特征_诊断区域投影最大X	特征_诊断区域投影最大X	自我动作实现.外设模块.ixx:3072	3	按函数名执行对应处理。		自我动作实现.外设模块.ixx:3072;自我动作实现.外设模块.ixx:11922;自我动作实现.外设模块.ixx:11956
yes	特征_诊断区域投影最小Y	特征_诊断区域投影最小Y	自我动作实现.外设模块.ixx:3079	3	按函数名执行对应处理。		自我动作实现.外设模块.ixx:3079;自我动作实现.外设模块.ixx:11923;自我动作实现.外设模块.ixx:11957
yes	特征_诊断区域投影最大Y	特征_诊断区域投影最大Y	自我动作实现.外设模块.ixx:3086	3	按函数名执行对应处理。		自我动作实现.外设模块.ixx:3086;自我动作实现.外设模块.ixx:11924;自我动作实现.外设模块.ixx:11958
yes	特征_诊断区域像素数量	特征_诊断区域像素数量	自我动作实现.外设模块.ixx:3093	3	按函数名执行对应处理。		自我动作实现.外设模块.ixx:3093;自我动作实现.外设模块.ixx:11925;自我动作实现.外设模块.ixx:11959
yes	特征_诊断区域置信度	特征_诊断区域置信度	自我动作实现.外设模块.ixx:3100	3	按函数名执行对应处理。		自我动作实现.外设模块.ixx:3100;自我动作实现.外设模块.ixx:11926;自我动作实现.外设模块.ixx:11960
yes	特征_空间候选有效点比例	特征_空间候选有效点比例	自我动作实现.外设模块.ixx:3359	3	按函数名执行对应处理。		自我动作实现.外设模块.ixx:3359;自我动作实现.外设模块.ixx:11736;自我动作实现.外设模块.ixx:11809
yes	特征_局部坐标原点X	特征_局部坐标原点X	自我动作实现.外设模块.ixx:3408	3	按函数名执行对应处理。		自我动作实现.外设模块.ixx:3408;自我动作实现.外设模块.ixx:13979;自我动作实现.外设模块.ixx:14005
yes	特征_局部坐标原点Y	特征_局部坐标原点Y	自我动作实现.外设模块.ixx:3415	3	按函数名执行对应处理。		自我动作实现.外设模块.ixx:3415;自我动作实现.外设模块.ixx:13980;自我动作实现.外设模块.ixx:14006
yes	特征_局部坐标原点Z	特征_局部坐标原点Z	自我动作实现.外设模块.ixx:3422	3	按函数名执行对应处理。		自我动作实现.外设模块.ixx:3422;自我动作实现.外设模块.ixx:13981;自我动作实现.外设模块.ixx:14007
yes	特征_内部世界子存在候选确认状态	特征_内部世界子存在候选确认状态	自我动作实现.外设模块.ixx:3485	3	确认候选事实、存在、状态或运行结果。		自我动作实现.外设模块.ixx:3485;自我动作实现.外设模块.ixx:14199;自我动作实现.外设模块.ixx:17065
yes	特征_内部世界子存在候选确认方案类型	特征_内部世界子存在候选确认方案类型	自我动作实现.外设模块.ixx:3499	3	确认候选事实、存在、状态或运行结果。		自我动作实现.外设模块.ixx:3499;自我动作实现.外设模块.ixx:14201;自我动作实现.外设模块.ixx:17067
yes	特征_内部世界子存在候选确认允许提交状态	特征_内部世界子存在候选确认允许提交状态	自我动作实现.外设模块.ixx:3506	3	提交事实、动态、任务状态或运行回执。		自我动作实现.外设模块.ixx:3506;自我动作实现.外设模块.ixx:14202;自我动作实现.外设模块.ixx:17068
yes	特征_内部世界子存在候选确认新建数量	特征_内部世界子存在候选确认新建数量	自我动作实现.外设模块.ixx:3513	3	确认候选事实、存在、状态或运行结果。		自我动作实现.外设模块.ixx:3513;自我动作实现.外设模块.ixx:14203;自我动作实现.外设模块.ixx:17069
yes	特征_内部世界子存在候选确认证据不足数量	特征_内部世界子存在候选确认证据不足数量	自我动作实现.外设模块.ixx:3520	3	确认候选事实、存在、状态或运行结果。		自我动作实现.外设模块.ixx:3520;自我动作实现.外设模块.ixx:14204;自我动作实现.外设模块.ixx:17070
yes	特征_来源局部观察切片	特征_来源局部观察切片	自我动作实现.外设模块.ixx:3562	3	按函数名执行对应处理。		自我动作实现.外设模块.ixx:3562;自我动作实现.外设模块.ixx:14082;自我动作实现.外设模块.ixx:14117
yes	特征_子候选类型	特征_子候选类型	自我动作实现.外设模块.ixx:3597	3	按函数名执行对应处理。		自我动作实现.外设模块.ixx:3597;自我动作实现.外设模块.ixx:14071;自我动作实现.外设模块.ixx:17048
yes	特征_子存在类型	特征_子存在类型	自我动作实现.外设模块.ixx:3611	3	按函数名执行对应处理。		自我动作实现.外设模块.ixx:3611;自我动作实现.外设模块.ixx:14105;自我动作实现.外设模块.ixx:17090
yes	特征_细分层级数	特征_细分层级数	自我动作实现.外设模块.ixx:3625	3	按函数名执行对应处理。		自我动作实现.外设模块.ixx:3625;自我动作实现.外设模块.ixx:17105;自我动作实现.外设模块.ixx:25583
yes	特征_上一观察存在	特征_上一观察存在	自我动作实现.外设模块.ixx:3660	3	按函数名执行对应处理。		自我动作实现.外设模块.ixx:3660;自我动作实现.外设模块.ixx:14351;自我动作实现.外设模块.ixx:14368
yes	特征_中心坐标差	特征_中心坐标差	自我动作实现.外设模块.ixx:3681	3	按函数名执行对应处理。		自我动作实现.外设模块.ixx:3681;自我动作实现.外设模块.ixx:14555;自我动作实现.外设模块.ixx:17134
yes	特征_范围坐标重叠率	特征_范围坐标重叠率	自我动作实现.外设模块.ixx:3688	3	按函数名执行对应处理。		自我动作实现.外设模块.ixx:3688;自我动作实现.外设模块.ixx:14556;自我动作实现.外设模块.ixx:17135
yes	特征_尺寸差	特征_尺寸差	自我动作实现.外设模块.ixx:3695	3	按函数名执行对应处理。		自我动作实现.外设模块.ixx:3695;自我动作实现.外设模块.ixx:14557;自我动作实现.外设模块.ixx:17136
yes	特征_位置变化量	特征_位置变化量	自我动作实现.外设模块.ixx:3723	3	按函数名执行对应处理。		自我动作实现.外设模块.ixx:3723;自我动作实现.外设模块.ixx:14626;自我动作实现.外设模块.ixx:17160
yes	特征_范围变化量	特征_范围变化量	自我动作实现.外设模块.ixx:3730	3	按函数名执行对应处理。		自我动作实现.外设模块.ixx:3730;自我动作实现.外设模块.ixx:14627;自我动作实现.外设模块.ixx:17161
yes	特征_尺寸变化量	特征_尺寸变化量	自我动作实现.外设模块.ixx:3737	3	按函数名执行对应处理。		自我动作实现.外设模块.ixx:3737;自我动作实现.外设模块.ixx:14628;自我动作实现.外设模块.ixx:17162
yes	特征_距离变化量	特征_距离变化量	自我动作实现.外设模块.ixx:3744	3	按函数名执行对应处理。		自我动作实现.外设模块.ixx:3744;自我动作实现.外设模块.ixx:14629;自我动作实现.外设模块.ixx:17163
yes	特征_变化事件置信度	特征_变化事件置信度	自我动作实现.外设模块.ixx:3772	3	按函数名执行对应处理。		自我动作实现.外设模块.ixx:3772;自我动作实现.外设模块.ixx:14688;自我动作实现.外设模块.ixx:17181
yes	特征_像素颜色层	特征_像素颜色层	自我动作实现.外设模块.ixx:3807	3	按函数名执行对应处理。		自我动作实现.外设模块.ixx:3807;自我动作实现.外设模块.ixx:15132;自我动作实现.外设模块.ixx:17204
yes	特征_深度层	特征_深度层	自我动作实现.外设模块.ixx:3814	3	按函数名执行对应处理。		自我动作实现.外设模块.ixx:3814;自我动作实现.外设模块.ixx:15133;自我动作实现.外设模块.ixx:17205
yes	特征_空间点层	特征_空间点层	自我动作实现.外设模块.ixx:3821	3	按函数名执行对应处理。		自我动作实现.外设模块.ixx:3821;自我动作实现.外设模块.ixx:15134;自我动作实现.外设模块.ixx:17206
yes	特征_空间候选层	特征_空间候选层	自我动作实现.外设模块.ixx:3828	3	按函数名执行对应处理。		自我动作实现.外设模块.ixx:3828;自我动作实现.外设模块.ixx:15135;自我动作实现.外设模块.ixx:17207
yes	特征_已确认观察存在层	特征_已确认观察存在层	自我动作实现.外设模块.ixx:3835	3	确认候选事实、存在、状态或运行结果。		自我动作实现.外设模块.ixx:3835;自我动作实现.外设模块.ixx:15136;自我动作实现.外设模块.ixx:17208
yes	特征_存在内部世界展开层	特征_存在内部世界展开层	自我动作实现.外设模块.ixx:3842	3	按函数名执行对应处理。		自我动作实现.外设模块.ixx:3842;自我动作实现.外设模块.ixx:15137;自我动作实现.外设模块.ixx:17209
yes	特征_变化事件层	特征_变化事件层	自我动作实现.外设模块.ixx:3849	3	按函数名执行对应处理。		自我动作实现.外设模块.ixx:3849;自我动作实现.外设模块.ixx:15138;自我动作实现.外设模块.ixx:17210
yes	特征_诊断摘要状态	特征_诊断摘要状态	自我动作实现.外设模块.ixx:3856	3	按函数名执行对应处理。		自我动作实现.外设模块.ixx:3856;自我动作实现.外设模块.ixx:15139;自我动作实现.外设模块.ixx:17211
yes	特征_顶点缓冲	特征_顶点缓冲	自我动作实现.外设模块.ixx:3863	3	按函数名执行对应处理。		自我动作实现.外设模块.ixx:3863;自我动作实现.外设模块.ixx:15159;自我动作实现.外设模块.ixx:17250
yes	特征_颜色缓冲	特征_颜色缓冲	自我动作实现.外设模块.ixx:3870	3	按函数名执行对应处理。		自我动作实现.外设模块.ixx:3870;自我动作实现.外设模块.ixx:15160;自我动作实现.外设模块.ixx:17251
yes	特征_深度缓冲	特征_深度缓冲	自我动作实现.外设模块.ixx:3877	3	按函数名执行对应处理。		自我动作实现.外设模块.ixx:3877;自我动作实现.外设模块.ixx:15161;自我动作实现.外设模块.ixx:17252
yes	特征_存在ID缓冲	特征_存在ID缓冲	自我动作实现.外设模块.ixx:3884	3	按函数名执行对应处理。		自我动作实现.外设模块.ixx:3884;自我动作实现.外设模块.ixx:15162;自我动作实现.外设模块.ixx:17253
yes	特征_AABB绘制状态	特征_AABB绘制状态	自我动作实现.外设模块.ixx:3891	3	按函数名执行对应处理。		自我动作实现.外设模块.ixx:3891;自我动作实现.外设模块.ixx:15163;自我动作实现.外设模块.ixx:17254
yes	特征_绘制顶点数量	特征_绘制顶点数量	自我动作实现.外设模块.ixx:3898	3	按函数名执行对应处理。		自我动作实现.外设模块.ixx:3898;自我动作实现.外设模块.ixx:15166;自我动作实现.外设模块.ixx:17255
yes	特征_绘制线段数量	特征_绘制线段数量	自我动作实现.外设模块.ixx:3905	3	按函数名执行对应处理。		自我动作实现.外设模块.ixx:3905;自我动作实现.外设模块.ixx:15164;自我动作实现.外设模块.ixx:17256
yes	特征_绘制点数量	特征_绘制点数量	自我动作实现.外设模块.ixx:3912	3	按函数名执行对应处理。		自我动作实现.外设模块.ixx:3912;自我动作实现.外设模块.ixx:15165;自我动作实现.外设模块.ixx:17257
yes	特征_相对独立空间候选数量	特征_相对独立空间候选数量	自我动作实现.外设模块.ixx:4052	3	按函数名执行对应处理。		自我动作实现.外设模块.ixx:4052;自我动作实现.外设模块.ixx:13115;自我动作实现.外设模块.ixx:16838
yes	特征_不独立空间候选数量	特征_不独立空间候选数量	自我动作实现.外设模块.ixx:4059	3	按函数名执行对应处理。		自我动作实现.外设模块.ixx:4059;自我动作实现.外设模块.ixx:13116;自我动作实现.外设模块.ixx:16839
yes	特征_待拆分空间候选数量	特征_待拆分空间候选数量	自我动作实现.外设模块.ixx:4066	3	按函数名执行对应处理。		自我动作实现.外设模块.ixx:4066;自我动作实现.外设模块.ixx:13117;自我动作实现.外设模块.ixx:16840
yes	特征_待合并空间候选数量	特征_待合并空间候选数量	自我动作实现.外设模块.ixx:4073	3	按函数名执行对应处理。		自我动作实现.外设模块.ixx:4073;自我动作实现.外设模块.ixx:13118;自我动作实现.外设模块.ixx:16841
yes	特征_不确定空间候选数量	特征_不确定空间候选数量	自我动作实现.外设模块.ixx:4080	3	按函数名执行对应处理。		自我动作实现.外设模块.ixx:4080;自我动作实现.外设模块.ixx:13119;自我动作实现.外设模块.ixx:16842
yes	特征_主空间候选相对独立状态	特征_主空间候选相对独立状态	自我动作实现.外设模块.ixx:4087	3	按函数名执行对应处理。		自我动作实现.外设模块.ixx:4087;自我动作实现.外设模块.ixx:13120;自我动作实现.外设模块.ixx:16843
yes	特征_主空间候选分离度评分	特征_主空间候选分离度评分	自我动作实现.外设模块.ixx:4094	3	按函数名执行对应处理。		自我动作实现.外设模块.ixx:4094;自我动作实现.外设模块.ixx:13121;自我动作实现.外设模块.ixx:16844
yes	特征_观察队列候选数量	特征_观察队列候选数量	自我动作实现.外设模块.ixx:4108	3	按函数名执行对应处理。		自我动作实现.外设模块.ixx:4108;自我动作实现.外设模块.ixx:13135;自我动作实现.外设模块.ixx:16861
yes	特征_首选观察候选编号	特征_首选观察候选编号	自我动作实现.外设模块.ixx:4115	3	按函数名执行对应处理。		自我动作实现.外设模块.ixx:4115;自我动作实现.外设模块.ixx:13141;自我动作实现.外设模块.ixx:16862
yes	特征_首选观察候选优先级评分	特征_首选观察候选优先级评分	自我动作实现.外设模块.ixx:4122	3	按函数名执行对应处理。		自我动作实现.外设模块.ixx:4122;自我动作实现.外设模块.ixx:13142;自我动作实现.外设模块.ixx:16863
yes	特征_首选观察候选相对独立状态	特征_首选观察候选相对独立状态	自我动作实现.外设模块.ixx:4129	3	按函数名执行对应处理。		自我动作实现.外设模块.ixx:4129;自我动作实现.外设模块.ixx:13143;自我动作实现.外设模块.ixx:16864
yes	特征_首选观察候选中心接近评分	特征_首选观察候选中心接近评分	自我动作实现.外设模块.ixx:4136	3	按函数名执行对应处理。		自我动作实现.外设模块.ixx:4136;自我动作实现.外设模块.ixx:13144;自我动作实现.外设模块.ixx:16865
yes	特征_首选观察候选范围大小评分	特征_首选观察候选范围大小评分	自我动作实现.外设模块.ixx:4143	3	按函数名执行对应处理。		自我动作实现.外设模块.ixx:4143;自我动作实现.外设模块.ixx:13145;自我动作实现.外设模块.ixx:16866
yes	特征_彩图	特征_彩图	自我动作实现.外设模块.ixx:4213	3	按函数名执行对应处理。		自我动作实现.外设模块.ixx:4213;自我动作实现.外设模块.ixx:12949;自我动作实现.外设模块.ixx:13447
yes	特征_深度图	特征_深度图	自我动作实现.外设模块.ixx:4220	3	按函数名执行对应处理。		自我动作实现.外设模块.ixx:4220;自我动作实现.外设模块.ixx:12950;自我动作实现.外设模块.ixx:13449
yes	特征_投影轮廓状态	特征_投影轮廓状态	自我动作实现.外设模块.ixx:4227	3	按函数名执行对应处理。		自我动作实现.外设模块.ixx:4227;自我动作实现.外设模块.ixx:13166;自我动作实现.外设模块.ixx:16886
yes	特征_假设方位X	特征_假设方位X	自我动作实现.外设模块.ixx:4290	3	按函数名执行对应处理。		自我动作实现.外设模块.ixx:4290;自我动作实现.外设模块.ixx:13171;自我动作实现.外设模块.ixx:16891
yes	特征_假设方位Y	特征_假设方位Y	自我动作实现.外设模块.ixx:4297	3	按函数名执行对应处理。		自我动作实现.外设模块.ixx:4297;自我动作实现.外设模块.ixx:13172;自我动作实现.外设模块.ixx:16892
yes	特征_轮廓支持评分	特征_轮廓支持评分	自我动作实现.外设模块.ixx:4311	3	按函数名执行对应处理。		自我动作实现.外设模块.ixx:4311;自我动作实现.外设模块.ixx:13174;自我动作实现.外设模块.ixx:16894
yes	特征_轮廓来源类型	特征_轮廓来源类型	自我动作实现.外设模块.ixx:4318	3	按函数名执行对应处理。		自我动作实现.外设模块.ixx:4318;自我动作实现.外设模块.ixx:11764;自我动作实现.外设模块.ixx:11837
yes	特征_轮廓跨越深度断裂	特征_轮廓跨越深度断裂	自我动作实现.外设模块.ixx:4402	3	按函数名执行对应处理。		自我动作实现.外设模块.ixx:4402;自我动作实现.外设模块.ixx:11769;自我动作实现.外设模块.ixx:11842
yes	特征_轮廓穿过深度无效区域	特征_轮廓穿过深度无效区域	自我动作实现.外设模块.ixx:4409	3	按函数名执行对应处理。		自我动作实现.外设模块.ixx:4409;自我动作实现.外设模块.ixx:11770;自我动作实现.外设模块.ixx:11843
yes	特征_轮廓依赖补全深度	特征_轮廓依赖补全深度	自我动作实现.外设模块.ixx:4416	3	按函数名执行对应处理。		自我动作实现.外设模块.ixx:4416;自我动作实现.外设模块.ixx:11771;自我动作实现.外设模块.ixx:11844
yes	特征_轮廓置信度	特征_轮廓置信度	自我动作实现.外设模块.ixx:4423	3	按函数名执行对应处理。		自我动作实现.外设模块.ixx:4423;自我动作实现.外设模块.ixx:11772;自我动作实现.外设模块.ixx:11845
yes	特征_已归属像素数	特征_已归属像素数	自我动作实现.外设模块.ixx:4444	3	按函数名执行对应处理。		自我动作实现.外设模块.ixx:4444;自我动作实现.外设模块.ixx:13066;自我动作实现.外设模块.ixx:16952
yes	特征_像素归属率	特征_像素归属率	自我动作实现.外设模块.ixx:4458	3	按函数名执行对应处理。		自我动作实现.外设模块.ixx:4458;自我动作实现.外设模块.ixx:13069;自我动作实现.外设模块.ixx:16955
yes	特征_目标特征当前值类型	特征_目标特征当前值类型	自我动作实现.外设模块.ixx:4514	3	按函数名执行对应处理。		自我动作实现.外设模块.ixx:4514;自我动作实现.外设模块.ixx:16096;自我动作实现.外设模块.ixx:21151
yes	特征_目标观察约束有效截止时间毫秒	特征_目标观察约束有效截止时间毫秒	自我动作实现.外设模块.ixx:4521	3	按函数名执行对应处理。		自我动作实现.外设模块.ixx:4521;自我动作实现.外设模块.ixx:16097;自我动作实现.外设模块.ixx:21155
yes	特征_扫描基准特征状态	特征_扫描基准特征状态	自我动作实现.外设模块.ixx:4556	3	执行扫描相关材料获取、比较或提交逻辑。		自我动作实现.外设模块.ixx:4556;自我动作实现.外设模块.ixx:14631;自我动作实现.外设模块.ixx:21800
yes	特征_跟踪预测误差值	特征_跟踪预测误差值	自我动作实现.外设模块.ixx:4640	3	执行跟踪相关定位、匹配或结果输出逻辑。		自我动作实现.外设模块.ixx:4640;自我动作实现.外设模块.ixx:16246;自我动作实现.外设模块.ixx:21960
yes	特征_跟踪区间迁移值	特征_跟踪区间迁移值	自我动作实现.外设模块.ixx:4654	3	执行跟踪相关定位、匹配或结果输出逻辑。		自我动作实现.外设模块.ixx:4654;自我动作实现.外设模块.ixx:16248;自我动作实现.外设模块.ixx:21966
yes	特征_外设观察存在候选确认方案类型	特征_外设观察存在候选确认方案类型	自我动作实现.外设模块.ixx:4815	3	确认候选事实、存在、状态或运行结果。		自我动作实现.外设模块.ixx:4815;自我动作实现.外设模块.ixx:21591;自我动作实现.外设模块.ixx:22710
yes	特征_外设观察存在候选确认允许提交状态	特征_外设观察存在候选确认允许提交状态	自我动作实现.外设模块.ixx:4822	3	提交事实、动态、任务状态或运行回执。		自我动作实现.外设模块.ixx:4822;自我动作实现.外设模块.ixx:21592;自我动作实现.外设模块.ixx:22711
yes	特征_目标已确认观察存在	特征_目标已确认观察存在	自我动作实现.外设模块.ixx:4864	3	确认候选事实、存在、状态或运行结果。		自我动作实现.外设模块.ixx:4864;自我动作实现.外设模块.ixx:21612;自我动作实现.外设模块.ixx:22716
yes	特征_外设观察存在归属目标	特征_外设观察存在归属目标	自我动作实现.外设模块.ixx:4920	3	按函数名执行对应处理。		自我动作实现.外设模块.ixx:4920;自我动作实现.外设模块.ixx:16150;自我动作实现.外设模块.ixx:21613
yes	特征_当前观察范围可观测单位存在对应事实	特征_当前观察范围可观测单位存在对应事实	自我动作实现.外设模块.ixx:4948	3	按函数名执行对应处理。		自我动作实现.外设模块.ixx:4948;自我动作实现.外设模块.ixx:16299;自我动作实现.外设模块.ixx:24097
yes	特征_未稳定对应存在可观测单位数量	特征_未稳定对应存在可观测单位数量	自我动作实现.外设模块.ixx:4976	3	按函数名执行对应处理。		自我动作实现.外设模块.ixx:4976;自我动作实现.外设模块.ixx:16303;自我动作实现.外设模块.ixx:24084
yes	特征_可观测单位到存在映射表	特征_可观测单位到存在映射表	自我动作实现.外设模块.ixx:4997	3	按函数名执行对应处理。		自我动作实现.外设模块.ixx:4997;自我动作实现.外设模块.ixx:16306;自我动作实现.外设模块.ixx:24100
yes	特征_映射缺口原因掩码	特征_映射缺口原因掩码	自我动作实现.外设模块.ixx:5011	3	按函数名执行对应处理。		自我动作实现.外设模块.ixx:5011;自我动作实现.外设模块.ixx:16308;自我动作实现.外设模块.ixx:24088
yes	特征_存在当前状态快照	特征_存在当前状态快照	自我动作实现.外设模块.ixx:5088	3	按函数名执行对应处理。		自我动作实现.外设模块.ixx:5088;自我动作实现.外设模块.ixx:16357;自我动作实现.外设模块.ixx:24391
yes	特征_发现来源扫描结果	特征_发现来源扫描结果	自我动作实现.外设模块.ixx:5095	3	执行扫描相关材料获取、比较或提交逻辑。		自我动作实现.外设模块.ixx:5095;自我动作实现.外设模块.ixx:16358;自我动作实现.外设模块.ixx:24394
yes	特征_发现时间	特征_发现时间	自我动作实现.外设模块.ixx:5102	3	按函数名执行对应处理。		自我动作实现.外设模块.ixx:5102;自我动作实现.外设模块.ixx:16359;自我动作实现.外设模块.ixx:24387
yes	特征_已确认观察存在提交入账状态	特征_已确认观察存在提交入账状态	自我动作实现.外设模块.ixx:5109	3	提交事实、动态、任务状态或运行回执。		自我动作实现.外设模块.ixx:5109;自我动作实现.外设模块.ixx:16573;自我动作实现.外设模块.ixx:23003
yes	特征_未知区域识别状态	特征_未知区域识别状态	自我动作实现.外设模块.ixx:5144	3	执行识别相关匹配、确认或结果输出逻辑。		自我动作实现.外设模块.ixx:5144;自我动作实现.外设模块.ixx:16614;自我动作实现.外设模块.ixx:24921
yes	特征_当前帧像素归属闭合状态	特征_当前帧像素归属闭合状态	自我动作实现.外设模块.ixx:5165	3	按函数名执行对应处理。		自我动作实现.外设模块.ixx:5165;自我动作实现.外设模块.ixx:16617;自我动作实现.外设模块.ixx:24924
yes	特征_已知存在扫描区数量	特征_已知存在扫描区数量	自我动作实现.外设模块.ixx:5186	3	执行扫描相关材料获取、比较或提交逻辑。		自我动作实现.外设模块.ixx:5186;自我动作实现.外设模块.ixx:16620;自我动作实现.外设模块.ixx:24928
yes	特征_新识别区数量	特征_新识别区数量	自我动作实现.外设模块.ixx:5193	3	执行识别相关匹配、确认或结果输出逻辑。		自我动作实现.外设模块.ixx:5193;自我动作实现.外设模块.ixx:16621;自我动作实现.外设模块.ixx:24929
yes	特征_冲突区数量	特征_冲突区数量	自我动作实现.外设模块.ixx:5200	3	按函数名执行对应处理。		自我动作实现.外设模块.ixx:5200;自我动作实现.外设模块.ixx:16622;自我动作实现.外设模块.ixx:24930
yes	特征_待重识别区数量	特征_待重识别区数量	自我动作实现.外设模块.ixx:5207	3	执行识别相关匹配、确认或结果输出逻辑。		自我动作实现.外设模块.ixx:5207;自我动作实现.外设模块.ixx:16623;自我动作实现.外设模块.ixx:24931
yes	特征_轮廓分区项序号	特征_轮廓分区项序号	自我动作实现.外设模块.ixx:5214	3	按函数名执行对应处理。		自我动作实现.外设模块.ixx:5214;自我动作实现.外设模块.ixx:24876;自我动作实现.外设模块.ixx:24880
yes	特征_像素残差	特征_像素残差	自我动作实现.外设模块.ixx:5242	3	按函数名执行对应处理。		自我动作实现.外设模块.ixx:5242;自我动作实现.外设模块.ixx:10702;自我动作实现.外设模块.ixx:24895
yes	特征_深度残差	特征_深度残差	自我动作实现.外设模块.ixx:5249	3	按函数名执行对应处理。		自我动作实现.外设模块.ixx:5249;自我动作实现.外设模块.ixx:10703;自我动作实现.外设模块.ixx:24896
yes	特征_像素归属更新	特征_像素归属更新	自我动作实现.外设模块.ixx:5319	3	更新已有对象、状态、索引或缓存。		自我动作实现.外设模块.ixx:5319;自我动作实现.外设模块.ixx:13236;自我动作实现.外设模块.ixx:16948
yes	特征_未解释区域更新	特征_未解释区域更新	自我动作实现.外设模块.ixx:5326	3	更新已有对象、状态、索引或缓存。		自我动作实现.外设模块.ixx:5326;自我动作实现.外设模块.ixx:13237;自我动作实现.外设模块.ixx:16949
yes	特征_目标值类型	特征_目标值类型	自我动作实现.外设模块.ixx:5340	3	按函数名执行对应处理。		自我动作实现.外设模块.ixx:5340;自我动作实现模块.ixx:1756;自我动作实现模块.ixx:6802
yes	特征_差值约束包	特征_差值约束包	自我动作实现.外设模块.ixx:5347	3	按函数名执行对应处理。		自我动作实现.外设模块.ixx:5347;自我动作实现模块.ixx:1763;自我动作实现模块.ixx:6810
yes	特征_目标实例特征	特征_目标实例特征	自我动作实现.外设模块.ixx:5403	3	按函数名执行对应处理。		自我动作实现.外设模块.ixx:5403;自我动作实现模块.ixx:1819;自我动作实现模块.ixx:6794
yes	特征_试运行限制包	特征_试运行限制包	自我动作实现.外设模块.ixx:5501	3	执行对应模块、线程或方法的运行逻辑。		自我动作实现.外设模块.ixx:5501;自我动作实现模块.ixx:1917;自我动作实现模块.ixx:8693
yes	特征_参数生成序号	特征_参数生成序号	自我动作实现.外设模块.ixx:5536	3	根据当前输入生成目标数据、场景、动态或回执。		自我动作实现.外设模块.ixx:5536;自我动作实现模块.ixx:1952;自我动作实现模块.ixx:6681
yes	特征_方法运行账完整性	特征_方法运行账完整性	自我动作实现.外设模块.ixx:5682	3	执行对应模块、线程或方法的运行逻辑。		自我动作实现.外设模块.ixx:5682;自我动作实现模块.ixx:2119;自我动作实现模块.ixx:10009
yes	特征_当前场景存在集合明确状态	特征_当前场景存在集合明确状态	自我动作实现.外设模块.ixx:5841	3	按函数名执行对应处理。		自我动作实现.外设模块.ixx:5841;自我动作实现.外设模块.ixx:16578;自我动作实现.外设模块.ixx:23010
yes	特征_当前场景特征值明确范围类型	特征_当前场景特征值明确范围类型	自我动作实现.外设模块.ixx:5855	3	按函数名执行对应处理。		自我动作实现.外设模块.ixx:5855;自我动作实现.外设模块.ixx:15655;自我动作实现.外设模块.ixx:16580
yes	特征_当前场景特征值缺口可解释状态	特征_当前场景特征值缺口可解释状态	自我动作实现.外设模块.ixx:5862	3	按函数名执行对应处理。		自我动作实现.外设模块.ixx:5862;自我动作实现.外设模块.ixx:15656;自我动作实现.外设模块.ixx:16581
yes	特征_当前场景特征值可读特征类型掩码	特征_当前场景特征值可读特征类型掩码	自我动作实现.外设模块.ixx:5918	3	按函数名执行对应处理。		自我动作实现.外设模块.ixx:5918;自我动作实现.外设模块.ixx:13731;自我动作实现.外设模块.ixx:13756
yes	特征_当前场景特征值材料门序号	特征_当前场景特征值材料门序号	自我动作实现.外设模块.ixx:5946	3	按函数名执行对应处理。		自我动作实现.外设模块.ixx:5946;自我动作实现.外设模块.ixx:13749;自我动作实现.外设模块.ixx:13753
yes	特征_自我边界定义版本	特征_自我边界定义版本	自我动作实现.外设模块.ixx:6002	3	按函数名执行对应处理。		自我动作实现.外设模块.ixx:6002;自我动作实现.外设模块.ixx:15882;自我动作实现.外设模块.ixx:20433
yes	特征_自我_场景绝对坐标X	特征_自我_场景绝对坐标X	自我动作实现.外设模块.ixx:6023	3	按函数名执行对应处理。		自我动作实现.外设模块.ixx:6023;自我动作实现.外设模块.ixx:7473;自我动作实现.外设模块.ixx:20598
yes	特征_自我_场景绝对坐标Y	特征_自我_场景绝对坐标Y	自我动作实现.外设模块.ixx:6030	3	按函数名执行对应处理。		自我动作实现.外设模块.ixx:6030;自我动作实现.外设模块.ixx:7474;自我动作实现.外设模块.ixx:20599
yes	特征_自我_场景绝对坐标Z	特征_自我_场景绝对坐标Z	自我动作实现.外设模块.ixx:6037	3	按函数名执行对应处理。		自我动作实现.外设模块.ixx:6037;自我动作实现.外设模块.ixx:7475;自我动作实现.外设模块.ixx:20600
yes	读取世界树存在场景绝对坐标I64	读取世界树存在场景绝对坐标I64	自我动作实现.外设模块.ixx:6083	3	从指定来源读取数据或状态。		自我动作实现.外设模块.ixx:6083;自我动作实现.外设模块.ixx:6102;自我动作实现.外设模块.ixx:20623
yes	读取世界树自我存在场景绝对坐标I64	读取世界树自我存在场景绝对坐标I64	自我动作实现.外设模块.ixx:6100	3	从指定来源读取数据或状态。		自我动作实现.外设模块.ixx:6100;自我动作实现.外设模块.ixx:20387;自我动作实现.外设模块.ixx:20587
yes	特征_存在_场景绝对空间范围明确状态	特征_存在_场景绝对空间范围明确状态	自我动作实现.外设模块.ixx:6169	3	按函数名执行对应处理。		自我动作实现.外设模块.ixx:6169;自我动作实现.外设模块.ixx:13518;自我动作实现.外设模块.ixx:13766
yes	特征_安全影响因果明确状态	特征_安全影响因果明确状态	自我动作实现.外设模块.ixx:6197	3	按函数名执行对应处理。		自我动作实现.外设模块.ixx:6197;自我动作实现.外设模块.ixx:16060;自我动作实现.外设模块.ixx:20098
yes	特征_安全因果候选序号	特征_安全因果候选序号	自我动作实现.外设模块.ixx:6239	3	按函数名执行对应处理。		自我动作实现.外设模块.ixx:6239;自我动作实现.外设模块.ixx:13688;自我动作实现.外设模块.ixx:13693
yes	特征_安全因果候选搜索未完成数量	特征_安全因果候选搜索未完成数量	自我动作实现.外设模块.ixx:6344	3	在候选范围内搜索目标对象或路径。		自我动作实现.外设模块.ixx:6344;自我动作实现.外设模块.ixx:15959;自我动作实现.外设模块.ixx:20844
yes	特征_当前场景安全度候选	特征_当前场景安全度候选	自我动作实现.外设模块.ixx:6400	3	按函数名执行对应处理。		自我动作实现.外设模块.ixx:6400;自我动作实现.外设模块.ixx:15666;自我动作实现.外设模块.ixx:19013
yes	特征_当前场景评估安全值候选	特征_当前场景评估安全值候选	自我动作实现.外设模块.ixx:6407	3	评估状态、风险、质量、权重或完成度。		自我动作实现.外设模块.ixx:6407;自我动作实现.外设模块.ixx:15667;自我动作实现.外设模块.ixx:19014
yes	特征_当前场景直接伤害可能性候选	特征_当前场景直接伤害可能性候选	自我动作实现.外设模块.ixx:6414	3	按函数名执行对应处理。		自我动作实现.外设模块.ixx:6414;自我动作实现.外设模块.ixx:15668;自我动作实现.外设模块.ixx:19015
yes	特征_风险安全_场景影响部分提交拒绝原因	特征_风险安全_场景影响部分提交拒绝原因	自我动作实现.外设模块.ixx:6491	3	提交事实、动态、任务状态或运行回执。		自我动作实现.外设模块.ixx:6491;自我动作实现.外设模块.ixx:15725;自我动作实现.外设模块.ixx:19287
yes	特征_安全因果搜索时间窗口	特征_安全因果搜索时间窗口	自我动作实现.外设模块.ixx:6519	3	在候选范围内搜索目标对象或路径。		自我动作实现.外设模块.ixx:6519;自我动作实现.外设模块.ixx:15748;自我动作实现.外设模块.ixx:20776
yes	特征_当前场景最低安全度存在	特征_当前场景最低安全度存在	自我动作实现.外设模块.ixx:6631	3	按函数名执行对应处理。		自我动作实现.外设模块.ixx:6631;自我动作实现.外设模块.ixx:15674;自我动作实现.外设模块.ixx:19021
yes	特征_当前场景安全评估置信度	特征_当前场景安全评估置信度	自我动作实现.外设模块.ixx:6638	3	评估状态、风险、质量、权重或完成度。		自我动作实现.外设模块.ixx:6638;自我动作实现.外设模块.ixx:15675;自我动作实现.外设模块.ixx:19022
yes	特征_当前场景安全判定来源	特征_当前场景安全判定来源	自我动作实现.外设模块.ixx:6652	3	按函数名执行对应处理。		自我动作实现.外设模块.ixx:6652;自我动作实现.外设模块.ixx:15677;自我动作实现.外设模块.ixx:19024
yes	特征_存在直接伤害可能性候选	特征_存在直接伤害可能性候选	自我动作实现.外设模块.ixx:6659	3	按函数名执行对应处理。		自我动作实现.外设模块.ixx:6659;自我动作实现.外设模块.ixx:15678;自我动作实现.外设模块.ixx:18977
yes	特征_存在风险安全值候选	特征_存在风险安全值候选	自我动作实现.外设模块.ixx:6666	3	按函数名执行对应处理。		自我动作实现.外设模块.ixx:6666;自我动作实现.外设模块.ixx:15679;自我动作实现.外设模块.ixx:18978
yes	特征_存在安全度候选	特征_存在安全度候选	自我动作实现.外设模块.ixx:6673	3	按函数名执行对应处理。		自我动作实现.外设模块.ixx:6673;自我动作实现.外设模块.ixx:15680;自我动作实现.外设模块.ixx:18979
yes	特征_历史直接伤害归因次数	特征_历史直接伤害归因次数	自我动作实现.外设模块.ixx:6680	3	按函数名执行对应处理。		自我动作实现.外设模块.ixx:6680;自我动作实现.外设模块.ixx:15681;自我动作实现.外设模块.ixx:18980
yes	特征_最近直接伤害归因时间	特征_最近直接伤害归因时间	自我动作实现.外设模块.ixx:6687	3	按函数名执行对应处理。		自我动作实现.外设模块.ixx:6687;自我动作实现.外设模块.ixx:15682;自我动作实现.外设模块.ixx:18981
yes	特征_无伤害共处时长	特征_无伤害共处时长	自我动作实现.外设模块.ixx:6694	3	按函数名执行对应处理。		自我动作实现.外设模块.ixx:6694;自我动作实现.外设模块.ixx:15683;自我动作实现.外设模块.ixx:18982
yes	特征_伤害可能性下界候选	特征_伤害可能性下界候选	自我动作实现.外设模块.ixx:6701	3	按函数名执行对应处理。		自我动作实现.外设模块.ixx:6701;自我动作实现.外设模块.ixx:15684;自我动作实现.外设模块.ixx:18983
yes	特征_存在安全评估置信度	特征_存在安全评估置信度	自我动作实现.外设模块.ixx:6708	3	评估状态、风险、质量、权重或完成度。		自我动作实现.外设模块.ixx:6708;自我动作实现.外设模块.ixx:15685;自我动作实现.外设模块.ixx:18984
yes	特征_存在安全评估证据不足原因	特征_存在安全评估证据不足原因	自我动作实现.外设模块.ixx:6715	3	评估状态、风险、质量、权重或完成度。		自我动作实现.外设模块.ixx:6715;自我动作实现.外设模块.ixx:15686;自我动作实现.外设模块.ixx:18985
yes	特征_存在安全判定状态	特征_存在安全判定状态	自我动作实现.外设模块.ixx:6722	3	按函数名执行对应处理。		自我动作实现.外设模块.ixx:6722;自我动作实现.外设模块.ixx:15687;自我动作实现.外设模块.ixx:18986
yes	特征_存在安全判定来源	特征_存在安全判定来源	自我动作实现.外设模块.ixx:6729	3	按函数名执行对应处理。		自我动作实现.外设模块.ixx:6729;自我动作实现.外设模块.ixx:15688;自我动作实现.外设模块.ixx:18987
yes	特征_安全评估存在序号	特征_安全评估存在序号	自我动作实现.外设模块.ixx:6736	3	评估状态、风险、质量、权重或完成度。		自我动作实现.外设模块.ixx:6736;自我动作实现.外设模块.ixx:18954;自我动作实现.外设模块.ixx:18975
yes	特征_被评估存在	特征_被评估存在	自我动作实现.外设模块.ixx:6743	3	评估状态、风险、质量、权重或完成度。		自我动作实现.外设模块.ixx:6743;自我动作实现.外设模块.ixx:13754;自我动作实现.外设模块.ixx:18976
yes	特征_基础风险未判断因子数量	特征_基础风险未判断因子数量	自我动作实现.外设模块.ixx:6750	3	判断条件、状态或业务结果是否成立。		自我动作实现.外设模块.ixx:6750;自我动作实现.外设模块.ixx:15689;自我动作实现.外设模块.ixx:19025
yes	特征_基础风险证据完整度	特征_基础风险证据完整度	自我动作实现.外设模块.ixx:6757	3	按函数名执行对应处理。		自我动作实现.外设模块.ixx:6757;自我动作实现.外设模块.ixx:15690;自我动作实现.外设模块.ixx:19026
yes	特征_基础风险不确定度	特征_基础风险不确定度	自我动作实现.外设模块.ixx:6764	3	按函数名执行对应处理。		自我动作实现.外设模块.ixx:6764;自我动作实现.外设模块.ixx:15691;自我动作实现.外设模块.ixx:19027
yes	特征_基础风险值计算状态	特征_基础风险值计算状态	自我动作实现.外设模块.ixx:6771	3	计算权重、状态、差值或派生结果。		自我动作实现.外设模块.ixx:6771;自我动作实现.外设模块.ixx:15692;自我动作实现.外设模块.ixx:19028
yes	特征_基础风险评估范围状态	特征_基础风险评估范围状态	自我动作实现.外设模块.ixx:6778	3	评估状态、风险、质量、权重或完成度。		自我动作实现.外设模块.ixx:6778;自我动作实现.外设模块.ixx:15693;自我动作实现.外设模块.ixx:19029
yes	特征_安全评估证据不足原因	特征_安全评估证据不足原因	自我动作实现.外设模块.ixx:6785	3	评估状态、风险、质量、权重或完成度。		自我动作实现.外设模块.ixx:6785;自我动作实现.外设模块.ixx:15694;自我动作实现.外设模块.ixx:19030
yes	类型_外设观察存在候选确认方案	类型_外设观察存在候选确认方案	自我动作实现.外设模块.ixx:6806	3	确认候选事实、存在、状态或运行结果。		自我动作实现.外设模块.ixx:6806;自我动作实现.外设模块.ixx:21583;自我动作实现.外设模块.ixx:22702
yes	值_任务状态动作动态创建失败	值_任务状态动作动态创建失败	自我动作实现.外设模块.ixx:6946	3	创建并返回或登记对应对象。		自我动作实现.外设模块.ixx:6946;自我动作实现模块.ixx:2397;自我动作实现模块.ixx:10177
yes	值_任务状态动作动态_任务节点缺失	值_任务状态动作动态_任务节点缺失	自我动作实现.外设模块.ixx:6960	3	按函数名执行对应处理。		自我动作实现.外设模块.ixx:6960;自我动作实现模块.ixx:2411;自我动作实现模块.ixx:10163
yes	值_任务状态动作动态_任务场景缺失	值_任务状态动作动态_任务场景缺失	自我动作实现.外设模块.ixx:6967	3	按函数名执行对应处理。		自我动作实现.外设模块.ixx:6967;自我动作实现模块.ixx:2425;自我动作实现模块.ixx:10167
yes	值_任务状态动作动态_任务虚拟存在缺失	值_任务状态动作动态_任务虚拟存在缺失	自我动作实现.外设模块.ixx:6974	3	按函数名执行对应处理。		自我动作实现.外设模块.ixx:6974;自我动作实现模块.ixx:2432;自我动作实现模块.ixx:10169
yes	值_任务状态动作动态_任务状态特征缺失	值_任务状态动作动态_任务状态特征缺失	自我动作实现.外设模块.ixx:6981	3	按函数名执行对应处理。		自我动作实现.外设模块.ixx:6981;自我动作实现模块.ixx:2439;自我动作实现模块.ixx:10171
yes	值_任务状态动作动态_动态节点创建失败	值_任务状态动作动态_动态节点创建失败	自我动作实现.外设模块.ixx:6995	3	创建并返回或登记对应对象。		自我动作实现.外设模块.ixx:6995;自我动作实现模块.ixx:2453;自我动作实现模块.ixx:10175
yes	值_目标方法尚未好用	值_目标方法尚未好用	自我动作实现.外设模块.ixx:7030	3	按函数名执行对应处理。		自我动作实现.外设模块.ixx:7030;自我动作实现模块.ixx:2488;自我动作实现模块.ixx:9601
yes	值_目标特征缺失	值_目标特征缺失	自我动作实现.外设模块.ixx:7037	3	按函数名执行对应处理。		自我动作实现.外设模块.ixx:7037;自我动作实现模块.ixx:2495;自我动作实现模块.ixx:9264
yes	值_缺少执行入口	值_缺少执行入口	自我动作实现.外设模块.ixx:7065	3	执行任务、方法或动作的主体逻辑。		自我动作实现.外设模块.ixx:7065;自我动作实现模块.ixx:2523;自我动作实现模块.ixx:9591
yes	特征_固定参数表	特征_固定参数表	自我动作实现.外设模块.ixx:710	3	按函数名执行对应处理。		自我动作实现.外设模块.ixx:710;自我动作实现模块.ixx:137;自我动作实现模块.ixx:6720
yes	写入基础节点VecI64轮廓	写入基础节点VecI64轮廓	自我动作实现.外设模块.ixx:7217	3	把处理结果写入指定对象、场景或日志。		自我动作实现.外设模块.ixx:7217;自我动作实现.外设模块.ixx:7388;自我动作实现.外设模块.ixx:7407
yes	写入基础节点VecI64允许特征	写入基础节点VecI64允许特征	自我动作实现.外设模块.ixx:7253	3	把处理结果写入指定对象、场景或日志。		自我动作实现.外设模块.ixx:7253;自我动作实现.外设模块.ixx:7438;自我动作实现.外设模块.ixx:7450
yes	写入基础节点UTF8句柄VecU	写入基础节点UTF8句柄VecU	自我动作实现.外设模块.ixx:7288	3	把处理结果写入指定对象、场景或日志。		自我动作实现.外设模块.ixx:7288;自我动作实现.外设模块.ixx:12949;自我动作实现.外设模块.ixx:12950
yes	读取基础节点UTF8句柄VecU	读取基础节点UTF8句柄VecU	自我动作实现.外设模块.ixx:7502	3	从指定来源读取数据或状态。		自我动作实现.外设模块.ixx:7502;自我动作实现.外设模块.ixx:13447;自我动作实现.外设模块.ixx:13449
yes	外设簇与已确认观察存在VecI64轮廓匹配评分	外设簇与已确认观察存在VecI64轮廓匹配评分	自我动作实现.外设模块.ixx:7645	3	确认候选事实、存在、状态或运行结果。		自我动作实现.外设模块.ixx:7645;自我动作实现.外设模块.ixx:10598;自我动作实现.外设模块.ixx:10950
yes	本能ID是当前默认自我本能_动作模块	本能ID是当前默认自我本能_动作模块	自我动作实现.外设模块.ixx:8456	3	按函数名执行对应处理。		自我动作实现.外设模块.ixx:8456;自我动作实现模块.ixx:3442;自我动作实现模块.ixx:9506
yes	本能动作可作为练习目标	本能动作可作为练习目标	自我动作实现.外设模块.ixx:8475	3	按函数名执行对应处理。		自我动作实现.外设模块.ixx:8475;自我动作实现模块.ixx:3473;自我动作实现模块.ixx:9510
yes	是D455缺报告环境诊断本能方法	是D455缺报告环境诊断本能方法	自我动作实现.外设模块.ixx:8645	3	按函数名执行对应处理。		自我动作实现.外设模块.ixx:8645;自我动作实现.外设模块.ixx:8673;自我动作实现.外设模块.ixx:9130
yes	提交对应事实方法头已就绪缓存	提交对应事实方法头已就绪缓存	自我动作实现.外设模块.ixx:8687	3	提交事实、动态、任务状态或运行回执。		自我动作实现.外设模块.ixx:8687;自我动作实现.外设模块.ixx:8816;自我动作实现.外设模块.ixx:9297
yes	提交对应事实方法同步已就绪缓存	提交对应事实方法同步已就绪缓存	自我动作实现.外设模块.ixx:8694	3	同步线程、任务、场景或对象之间的状态。		自我动作实现.外设模块.ixx:8694;自我动作实现.外设模块.ixx:9212;自我动作实现.外设模块.ixx:9296
yes	识别材料规格已确认方法首节点缓存	识别材料规格已确认方法首节点缓存	自我动作实现.外设模块.ixx:8701	3	执行识别相关匹配、确认或结果输出逻辑。		自我动作实现.外设模块.ixx:8701;自我动作实现.外设模块.ixx:8765;自我动作实现.外设模块.ixx:8788
yes	识别材料规格已确认方法存在缓存	识别材料规格已确认方法存在缓存	自我动作实现.外设模块.ixx:8708	3	执行识别相关匹配、确认或结果输出逻辑。		自我动作实现.外设模块.ixx:8708;自我动作实现.外设模块.ixx:8766;自我动作实现.外设模块.ixx:8789
yes	提交对应事实规格已确认方法首节点缓存	提交对应事实规格已确认方法首节点缓存	自我动作实现.外设模块.ixx:8715	3	提交事实、动态、任务状态或运行回执。		自我动作实现.外设模块.ixx:8715;自我动作实现.外设模块.ixx:8772;自我动作实现.外设模块.ixx:8796
yes	提交对应事实规格已确认方法存在缓存	提交对应事实规格已确认方法存在缓存	自我动作实现.外设模块.ixx:8722	3	提交事实、动态、任务状态或运行回执。		自我动作实现.外设模块.ixx:8722;自我动作实现.外设模块.ixx:8773;自我动作实现.外设模块.ixx:8797
yes	方法规格确认缓存命中	方法规格确认缓存命中	自我动作实现.外设模块.ixx:8729	3	确认候选事实、存在、状态或运行结果。		自我动作实现.外设模块.ixx:8729;自我动作实现.外设模块.ixx:8764;自我动作实现.外设模块.ixx:8771
yes	记录方法规格确认缓存	记录方法规格确认缓存	自我动作实现.外设模块.ixx:8744	3	记录日志、动态、证据或运行痕迹。		自我动作实现.外设模块.ixx:8744;自我动作实现.外设模块.ixx:8787;自我动作实现.外设模块.ixx:8795
yes	记录D455缺报告规格已确认	记录D455缺报告规格已确认	自我动作实现.外设模块.ixx:8781	3	记录日志、动态、证据或运行痕迹。		自我动作实现.外设模块.ixx:8781;自我动作实现.外设模块.ixx:16212;自我动作实现.外设模块.ixx:16328
yes	特征_需求状态动作动态	特征_需求状态动作动态	自我动作实现.外设模块.ixx:892	3	按函数名执行对应处理。		自我动作实现.外设模块.ixx:892;自我动作实现模块.ixx:396;自我动作实现模块.ixx:7162
yes	基础观察事实失败条件摘要	基础观察事实失败条件摘要	自我动作实现.外设模块.ixx:9602	3	按函数名执行对应处理。		自我动作实现.外设模块.ixx:9602;自我动作实现.外设模块.ixx:11597;自我动作实现.外设模块.ixx:18525
yes	特征_派生需求提示	特征_派生需求提示	自我动作实现.外设模块.ixx:990	3	按函数名执行对应处理。		自我动作实现.外设模块.ixx:990;自我动作实现模块.ixx:507;自我动作实现模块.ixx:7247
yes	外设观察存在同一性状态_由确认方案项	外设观察存在同一性状态_由确认方案项	自我动作实现.外设模块.ixx:9906	3	确认候选事实、存在、状态或运行结果。		自我动作实现.外设模块.ixx:9906;自我动作实现.外设模块.ixx:9964;自我动作实现.外设模块.ixx:21598
yes	外设观察存在归属状态_由确认方案项	外设观察存在归属状态_由确认方案项	自我动作实现.外设模块.ixx:9925	3	确认候选事实、存在、状态或运行结果。		自我动作实现.外设模块.ixx:9925;自我动作实现.外设模块.ixx:9987;自我动作实现.外设模块.ixx:21599
yes	记录关注存在	记录关注存在	自我动作实现.扫描.ixx:1095	3	记录日志、动态、证据或运行痕迹。		自我动作实现.扫描.ixx:1095;自我动作实现.扫描.ixx:1136;自我动作实现.扫描.ixx:1156
yes	记录覆盖索引	记录覆盖索引	自我动作实现.扫描.ixx:1211	3	记录日志、动态、证据或运行痕迹。		自我动作实现.扫描.ixx:1211;自我动作实现.扫描.ixx:1858;自我动作实现.扫描.ixx:1902
yes	指针集合包含	指针集合包含	自我动作实现.扫描.ixx:1491	3	按函数名执行对应处理。		自我动作实现.扫描.ixx:1491;自我动作实现.扫描.ixx:1859;自我动作实现.扫描.ixx:1965
yes	特征_运行ID	特征_运行ID	自我动作实现.扫描.ixx:434	3	执行对应模块、线程或方法的运行逻辑。		自我动作实现.扫描.ixx:434;自我动作实现.扫描.ixx:846;自我动作实现.扫描.ixx:851
yes	特征_当前场景引用	特征_当前场景引用	自我动作实现.扫描.ixx:437	3	按函数名执行对应处理。		自我动作实现.扫描.ixx:437;自我动作实现.扫描.ixx:852;自我动作实现.扫描.ixx:1759
yes	特征_来源帧ID	特征_来源帧ID	自我动作实现.扫描.ixx:449	3	按函数名执行对应处理。		自我动作实现.扫描.ixx:449;自我动作实现.扫描.ixx:1090;自我动作实现.扫描.ixx:1825
yes	特征_本轮应覆盖存在集合	特征_本轮应覆盖存在集合	自我动作实现.扫描.ixx:461	3	按函数名执行对应处理。		自我动作实现.扫描.ixx:461;自我动作实现.扫描.ixx:1813;自我动作实现.扫描.ixx:2072
yes	特征_本轮需补条件存在集合	特征_本轮需补条件存在集合	自我动作实现.扫描.ixx:467	3	按函数名执行对应处理。		自我动作实现.扫描.ixx:467;自我动作实现.扫描.ixx:1815;自我动作实现.扫描.ixx:2073
yes	特征_本轮应覆盖存在数量	特征_本轮应覆盖存在数量	自我动作实现.扫描.ixx:473	3	按函数名执行对应处理。		自我动作实现.扫描.ixx:473;自我动作实现.扫描.ixx:1810;自我动作实现.扫描.ixx:2038
yes	特征_本轮可忽略存在数量	特征_本轮可忽略存在数量	自我动作实现.扫描.ixx:476	3	按函数名执行对应处理。		自我动作实现.扫描.ixx:476;自我动作实现.扫描.ixx:1811;自我动作实现.扫描.ixx:2039
yes	特征_本轮需补条件存在数量	特征_本轮需补条件存在数量	自我动作实现.扫描.ixx:479	3	按函数名执行对应处理。		自我动作实现.扫描.ixx:479;自我动作实现.扫描.ixx:1812;自我动作实现.扫描.ixx:2040
yes	特征_本轮异常未覆盖存在数量	特征_本轮异常未覆盖存在数量	自我动作实现.扫描.ixx:482	3	按函数名执行对应处理。		自我动作实现.扫描.ixx:482;自我动作实现.扫描.ixx:1558;自我动作实现.扫描.ixx:2041
yes	特征_外设数据项总数	特征_外设数据项总数	自我动作实现.扫描.ixx:485	3	按函数名执行对应处理。		自我动作实现.扫描.ixx:485;自我动作实现.扫描.ixx:1552;自我动作实现.扫描.ixx:1848
yes	特征_已闭合处理数据项计数	特征_已闭合处理数据项计数	自我动作实现.扫描.ixx:494	3	按函数名执行对应处理。		自我动作实现.扫描.ixx:494;自我动作实现.扫描.ixx:1553;自我动作实现.扫描.ixx:2012
yes	特征_覆盖冲突数量	特征_覆盖冲突数量	自我动作实现.扫描.ixx:503	3	按函数名执行对应处理。		自我动作实现.扫描.ixx:503;自我动作实现.扫描.ixx:1557;自我动作实现.扫描.ixx:2015
yes	特征_场景写入摘要集合	特征_场景写入摘要集合	自我动作实现.扫描.ixx:506	3	把处理结果写入指定对象、场景或日志。		自我动作实现.扫描.ixx:506;自我动作实现.扫描.ixx:1549;自我动作实现.扫描.ixx:2030
yes	特征_场景写入摘要数量	特征_场景写入摘要数量	自我动作实现.扫描.ixx:509	3	把处理结果写入指定对象、场景或日志。		自我动作实现.扫描.ixx:509;自我动作实现.扫描.ixx:1555;自我动作实现.扫描.ixx:2016
yes	特征_已写入状态动态数量	特征_已写入状态动态数量	自我动作实现.扫描.ixx:515	3	把处理结果写入指定对象、场景或日志。		自我动作实现.扫描.ixx:515;自我动作实现.扫描.ixx:2018;自我动作实现.扫描.ixx:2080
yes	特征_信息缺口数量	特征_信息缺口数量	自我动作实现.扫描.ixx:527	3	按函数名执行对应处理。		自我动作实现.扫描.ixx:527;自我动作实现.扫描.ixx:1554;自我动作实现.扫描.ixx:2021
yes	特征_临时证据集合	特征_临时证据集合	自我动作实现.扫描.ixx:530	3	按函数名执行对应处理。		自我动作实现.扫描.ixx:530;自我动作实现.扫描.ixx:1550;自我动作实现.扫描.ixx:2031
yes	特征_临时证据数量	特征_临时证据数量	自我动作实现.扫描.ixx:533	3	按函数名执行对应处理。		自我动作实现.扫描.ixx:533;自我动作实现.扫描.ixx:1556;自我动作实现.扫描.ixx:2033
yes	特征_消失候选数量	特征_消失候选数量	自我动作实现.扫描.ixx:545	3	按函数名执行对应处理。		自我动作实现.扫描.ixx:545;自我动作实现.扫描.ixx:1559;自我动作实现.扫描.ixx:2037
yes	特征_缺口序号	特征_缺口序号	自我动作实现.扫描.ixx:560	3	按函数名执行对应处理。		自我动作实现.扫描.ixx:560;自我动作实现.扫描.ixx:1063;自我动作实现.扫描.ixx:1065
yes	特征_数据项ID	特征_数据项ID	自我动作实现.扫描.ixx:575	3	按函数名执行对应处理。		自我动作实现.扫描.ixx:575;自我动作实现.扫描.ixx:1082;自我动作实现.扫描.ixx:1085
yes	特征_方法执行情况状态	特征_方法执行情况状态	自我动作实现.扫描.ixx:590	3	执行任务、方法或动作的主体逻辑。		自我动作实现.扫描.ixx:590;自我动作实现.扫描.ixx:2048;自我动作实现.扫描.ixx:2116
yes	特征_关注记录序号	特征_关注记录序号	自我动作实现.扫描.ixx:593	3	记录日志、动态、证据或运行痕迹。		自我动作实现.扫描.ixx:593;自我动作实现.扫描.ixx:1106;自我动作实现.扫描.ixx:1109
yes	特征_覆盖记录序号	特征_覆盖记录序号	自我动作实现.扫描.ixx:605	3	记录日志、动态、证据或运行痕迹。		自我动作实现.扫描.ixx:605;自我动作实现.扫描.ixx:1221;自我动作实现.扫描.ixx:1224
yes	特征_空间位置误差值	特征_空间位置误差值	自我动作实现.扫描.ixx:620	3	按函数名执行对应处理。		自我动作实现.扫描.ixx:620;自我动作实现.扫描.ixx:1229;自我动作实现.扫描.ixx:1465
yes	特征_写入摘要序号	特征_写入摘要序号	自我动作实现.扫描.ixx:623	3	把处理结果写入指定对象、场景或日志。		自我动作实现.扫描.ixx:623;自我动作实现.扫描.ixx:1456;自我动作实现.扫描.ixx:1459
yes	特征_未覆盖记录序号	特征_未覆盖记录序号	自我动作实现.扫描.ixx:659	3	记录日志、动态、证据或运行痕迹。		自我动作实现.扫描.ixx:659;自我动作实现.扫描.ixx:1507;自我动作实现.扫描.ixx:1510
yes	特征_状态信息集合	特征_状态信息集合	自我动作实现.扫描.ixx:668	3	按函数名执行对应处理。		自我动作实现.扫描.ixx:668;自我动作实现.扫描.ixx:1546;自我动作实现.扫描.ixx:2027
yes	特征_空信息状态	特征_空信息状态	自我动作实现.扫描.ixx:671	3	按函数名执行对应处理。		自我动作实现.扫描.ixx:671;自我动作实现.扫描.ixx:1548;自我动作实现.扫描.ixx:2029
yes	特征_需求来源状态	特征_需求来源状态	自我动作实现.扫描.ixx:674	3	按函数名执行对应处理。		自我动作实现.扫描.ixx:674;自我动作实现.扫描.ixx:1560;自我动作实现.扫描.ixx:2032
yes	特征_错误日志证据状态	特征_错误日志证据状态	自我动作实现.扫描.ixx:704	3	按函数名执行对应处理。		自我动作实现.扫描.ixx:704;自我动作实现.扫描.ixx:2111;自我动作实现.扫描.ixx:2115
yes	特征_后续承接入口状态	特征_后续承接入口状态	自我动作实现.扫描.ixx:707	3	按函数名执行对应处理。		自我动作实现.扫描.ixx:707;自我动作实现.扫描.ixx:1561;自我动作实现.扫描.ixx:2050
yes	已合法外设数据项合同满足	已合法外设数据项合同满足	自我动作实现.扫描.ixx:966	3	按函数名执行对应处理。		自我动作实现.扫描.ixx:966;自我动作实现.扫描.ixx:1016;自我动作实现.扫描.ixx:1936
yes	值_成功服务证据强度不足	值_成功服务证据强度不足	自我动作实现.服务模块.ixx:1085	3	按函数名执行对应处理。		自我动作实现.服务模块.ixx:1085;自我动作实现.服务模块.ixx:3183;自我动作实现.服务模块.ixx:3565
yes	读取服务字段输入指针	读取服务字段输入指针	自我动作实现.服务模块.ixx:1578	3	从指定来源读取数据或状态。		自我动作实现.服务模块.ixx:1578;自我动作实现.服务模块.ixx:1634;自我动作实现.服务模块.ixx:1648
yes	读取任务目标当前状态	读取任务目标当前状态	自我动作实现.服务模块.ixx:2031	3	从指定来源读取数据或状态。		自我动作实现.服务模块.ixx:2031;自我动作实现.服务模块.ixx:2075;自我动作实现.服务模块.ixx:2086
yes	服务硬门槛特征类型	服务硬门槛特征类型	自我动作实现.服务模块.ixx:2489	3	按函数名执行对应处理。		自我动作实现.服务模块.ixx:2489;自我动作实现.服务模块.ixx:2633;自我动作实现.服务模块.ixx:2649
yes	计算服务三评分	计算服务三评分	自我动作实现.服务模块.ixx:2761	3	计算权重、状态、差值或派生结果。		自我动作实现.服务模块.ixx:2761;自我动作实现.服务模块.ixx:2804;自我动作实现.服务模块.ixx:3069
yes	映射基础分到普通成功服务层级	映射基础分到普通成功服务层级	自我动作实现.服务模块.ixx:2809	3	按函数名执行对应处理。		自我动作实现.服务模块.ixx:2809;自我动作实现.服务模块.ixx:2823;自我动作实现.服务模块.ixx:2844
yes	门槛状态_任务I64字段	门槛状态_任务I64字段	自我动作实现.服务模块.ixx:2937	3	按函数名执行对应处理。		自我动作实现.服务模块.ixx:2937;自我动作实现.服务模块.ixx:3018;自我动作实现.服务模块.ixx:3023
yes	读取候选记录G0	读取候选记录G0	自我动作实现.服务模块.ixx:3329	3	从指定来源读取数据或状态。		自我动作实现.服务模块.ixx:3329;自我动作实现.服务模块.ixx:3385;自我线程模块.impl.cpp:1903
yes	特征_完成度	特征_完成度	自我动作实现.服务模块.ixx:453	3	按函数名执行对应处理。		自我动作实现.服务模块.ixx:453;自我动作实现.服务模块.ixx:2784;自我动作实现.服务模块.ixx:2800
yes	特征_有效性	特征_有效性	自我动作实现.服务模块.ixx:461	3	按函数名执行对应处理。		自我动作实现.服务模块.ixx:461;自我动作实现.服务模块.ixx:2785;自我动作实现.服务模块.ixx:2801
yes	特征_证据强度	特征_证据强度	自我动作实现.服务模块.ixx:469	3	按函数名执行对应处理。		自我动作实现.服务模块.ixx:469;自我动作实现.服务模块.ixx:2786;自我动作实现.服务模块.ixx:2802
yes	特征_成功服务候选记录	特征_成功服务候选记录	自我动作实现.服务模块.ixx:525	3	记录日志、动态、证据或运行痕迹。		自我动作实现.服务模块.ixx:525;自我动作实现.服务模块.ixx:3255;自我动作实现.服务模块.ixx:3301
yes	特征_候选来源G0	特征_候选来源G0	自我动作实现.服务模块.ixx:533	3	按函数名执行对应处理。		自我动作实现.服务模块.ixx:533;自我动作实现.服务模块.ixx:3201;自我动作实现.服务模块.ixx:3333
yes	特征_候选创建时间	特征_候选创建时间	自我动作实现.服务模块.ixx:541	3	创建并返回或登记对应对象。		自我动作实现.服务模块.ixx:541;自我动作实现.服务模块.ixx:3271;自我动作实现.服务模块.ixx:3281
yes	特征_候选到期时间	特征_候选到期时间	自我动作实现.服务模块.ixx:557	3	按函数名执行对应处理。		自我动作实现.服务模块.ixx:557;自我动作实现.服务模块.ixx:3286;自我动作实现.服务模块.ixx:3345
yes	特征_结算前服务值	特征_结算前服务值	自我动作实现.服务模块.ixx:661	3	结算任务、需求、价值或结果贡献。		自我动作实现.服务模块.ixx:661;自我动作实现.服务模块.ixx:3614;自我动作实现.服务模块.ixx:3678
yes	特征_服务值入账增量	特征_服务值入账增量	自我动作实现.服务模块.ixx:669	3	按函数名执行对应处理。		自我动作实现.服务模块.ixx:669;自我动作实现.服务模块.ixx:3615;自我动作实现.服务模块.ixx:3681
yes	特征_结算后服务值	特征_结算后服务值	自我动作实现.服务模块.ixx:677	3	结算任务、需求、价值或结果贡献。		自我动作实现.服务模块.ixx:677;自我动作实现.服务模块.ixx:3616;自我动作实现.服务模块.ixx:3684
yes	特征_来源治理判断	特征_来源治理判断	自我动作实现.服务模块.ixx:693	3	判断条件、状态或业务结果是否成立。		自我动作实现.服务模块.ixx:693;自我动作实现.服务模块.ixx:3618;自我动作实现.服务模块.ixx:3676
yes	特征_字段激活原因	特征_字段激活原因	自我动作实现.服务模块.ixx:885	3	按函数名执行对应处理。		自我动作实现.服务模块.ixx:885;自我动作实现.服务模块.ixx:1380;自我动作实现.服务模块.ixx:1902
yes	记录任务虚拟存在指针特征	记录任务虚拟存在指针特征	自我动作实现模块.ixx:10075	3	记录日志、动态、证据或运行痕迹。		自我动作实现模块.ixx:10075;自我动作实现模块.ixx:10853;自我动作实现模块.ixx:10859
yes	任务状态提交来源方法可生成动作动态	任务状态提交来源方法可生成动作动态	自我动作实现模块.ixx:10182	3	根据当前输入生成目标数据、场景、动态或回执。		自我动作实现模块.ixx:10182;自我动作实现模块.ixx:10346;自我动作实现模块.ixx:10549
yes	任务状态动作动态创建阶段采样序号	任务状态动作动态创建阶段采样序号	自我动作实现模块.ixx:10605	3	创建并返回或登记对应对象。		自我动作实现模块.ixx:10222;自我动作实现模块.ixx:10263;自我动作实现模块.ixx:10605
yes	特征_候选范围包	特征_候选范围包	自我动作实现模块.ixx:1196	3	按函数名执行对应处理。		自我动作实现.外设模块.ixx:1672;自我动作实现模块.ixx:1196;自我动作实现模块.ixx:6223
yes	需求节点目标是OR组_动作模块	需求节点目标是OR组_动作模块	自我动作实现模块.ixx:12073	3	按函数名执行对应处理。		自我动作实现模块.ixx:12073;自我动作实现模块.ixx:12088;自我动作实现模块.ixx:12596
yes	查找最近OR组祖先_动作模块	查找最近OR组祖先_动作模块	自我动作实现模块.ixx:12082	3	按条件查找目标对象、方法或事实。		自我动作实现模块.ixx:12082;自我动作实现模块.ixx:12581;自我动作实现模块.ixx:12583
yes	特征_方法能力包	特征_方法能力包	自我动作实现模块.ixx:1210	3	按函数名执行对应处理。		自我动作实现.外设模块.ixx:1686;自我动作实现模块.ixx:1210;自我动作实现模块.ixx:8689
yes	特征_特征类型	特征_特征类型	自我动作实现模块.ixx:1217	3	按函数名执行对应处理。		自我动作实现.外设模块.ixx:1693;自我动作实现模块.ixx:1217;自我动作实现模块.ixx:4627
yes	特征_特征值	特征_特征值	自我动作实现模块.ixx:1224	3	按函数名执行对应处理。		自我动作实现.外设模块.ixx:1700;自我动作实现模块.ixx:1224;自我动作实现模块.ixx:4668
yes	合法叶子任务结算增量	合法叶子任务结算增量	自我动作实现模块.ixx:12284	3	结算任务、需求、价值或结果贡献。		自我动作实现模块.ixx:12284;自我动作实现模块.ixx:12362;自我动作实现模块.ixx:12363
yes	特征_特征值范围	特征_特征值范围	自我动作实现模块.ixx:1231	3	按函数名执行对应处理。		自我动作实现.外设模块.ixx:1707;自我动作实现模块.ixx:1231;自我动作实现模块.ixx:4673
yes	特征_存在引用	特征_存在引用	自我动作实现模块.ixx:1259	3	按函数名执行对应处理。		自我动作实现.外设模块.ixx:1735;自我动作实现模块.ixx:1259;自我动作实现模块.ixx:4700
yes	特征_场景引用	特征_场景引用	自我动作实现模块.ixx:1266	3	按函数名执行对应处理。		自我动作实现.外设模块.ixx:1742;自我动作实现模块.ixx:1266;自我动作实现模块.ixx:4705
yes	特征_允许执行差值区间	特征_允许执行差值区间	自我动作实现模块.ixx:1294	3	执行任务、方法或动作的主体逻辑。		自我动作实现.外设模块.ixx:1770;自我动作实现模块.ixx:1294;自我动作实现模块.ixx:5940
yes	特征_最大候选数量	特征_最大候选数量	自我动作实现模块.ixx:1315	3	按函数名执行对应处理。		自我动作实现.外设模块.ixx:1791;自我动作实现模块.ixx:1315;自我动作实现模块.ixx:5962
yes	特征_固定参数表	特征_固定参数表	自我动作实现模块.ixx:137	3	按函数名执行对应处理。		自我动作实现.外设模块.ixx:710;自我动作实现模块.ixx:137;自我动作实现模块.ixx:6720
yes	值_候选方法不可用	值_候选方法不可用	自我动作实现模块.ixx:1553	3	按函数名执行对应处理。		自我动作实现.外设模块.ixx:2029;自我动作实现模块.ixx:1553;自我动作实现模块.ixx:10945
yes	值_外设采集失败	值_外设采集失败	自我动作实现模块.ixx:1644	3	按函数名执行对应处理。		自我动作实现.外设模块.ixx:2120;自我动作实现.外设模块.ixx:11356;自我动作实现模块.ixx:1644
yes	特征_目标值类型	特征_目标值类型	自我动作实现模块.ixx:1756	3	按函数名执行对应处理。		自我动作实现.外设模块.ixx:5340;自我动作实现模块.ixx:1756;自我动作实现模块.ixx:6802
yes	特征_差值约束包	特征_差值约束包	自我动作实现模块.ixx:1763	3	按函数名执行对应处理。		自我动作实现.外设模块.ixx:5347;自我动作实现模块.ixx:1763;自我动作实现模块.ixx:6810
yes	特征_目标实例特征	特征_目标实例特征	自我动作实现模块.ixx:1819	3	按函数名执行对应处理。		自我动作实现.外设模块.ixx:5403;自我动作实现模块.ixx:1819;自我动作实现模块.ixx:6794
yes	特征_试运行限制包	特征_试运行限制包	自我动作实现模块.ixx:1917	3	执行对应模块、线程或方法的运行逻辑。		自我动作实现.外设模块.ixx:5501;自我动作实现模块.ixx:1917;自我动作实现模块.ixx:8693
yes	特征_参数生成序号	特征_参数生成序号	自我动作实现模块.ixx:1952	3	根据当前输入生成目标数据、场景、动态或回执。		自我动作实现.外设模块.ixx:5536;自我动作实现模块.ixx:1952;自我动作实现模块.ixx:6681
yes	特征_OR组结算令牌记录	特征_OR组结算令牌记录	自我动作实现模块.ixx:200	3	记录日志、动态、证据或运行痕迹。		自我动作实现模块.ixx:200;自我动作实现模块.ixx:12147;自我动作实现模块.ixx:12668
yes	特征_方法条件节点数量	特征_方法条件节点数量	自我动作实现模块.ixx:2098	3	按函数名执行对应处理。		自我动作实现模块.ixx:2098;自我动作实现模块.ixx:9815;自我动作实现模块.ixx:9822
yes	特征_方法运行账完整性	特征_方法运行账完整性	自我动作实现模块.ixx:2119	3	执行对应模块、线程或方法的运行逻辑。		自我动作实现.外设模块.ixx:5682;自我动作实现模块.ixx:2119;自我动作实现模块.ixx:10009
yes	特征_OR组令牌领取动作动态	特征_OR组令牌领取动作动态	自我动作实现模块.ixx:228	3	按函数名执行对应处理。		自我动作实现模块.ixx:228;自我动作实现模块.ixx:12200;自我动作实现模块.ixx:12675
yes	值_任务状态动作动态创建失败	值_任务状态动作动态创建失败	自我动作实现模块.ixx:2397	3	创建并返回或登记对应对象。		自我动作实现.外设模块.ixx:6946;自我动作实现模块.ixx:2397;自我动作实现模块.ixx:10177
yes	值_任务状态动作动态_任务节点缺失	值_任务状态动作动态_任务节点缺失	自我动作实现模块.ixx:2411	3	按函数名执行对应处理。		自我动作实现.外设模块.ixx:6960;自我动作实现模块.ixx:2411;自我动作实现模块.ixx:10163
yes	特征_OR组令牌重复领取次数	特征_OR组令牌重复领取次数	自我动作实现模块.ixx:242	3	按函数名执行对应处理。		自我动作实现模块.ixx:242;自我动作实现模块.ixx:12645;自我动作实现模块.ixx:12646
yes	值_任务状态动作动态_任务场景缺失	值_任务状态动作动态_任务场景缺失	自我动作实现模块.ixx:2425	3	按函数名执行对应处理。		自我动作实现.外设模块.ixx:6967;自我动作实现模块.ixx:2425;自我动作实现模块.ixx:10167
yes	值_任务状态动作动态_任务虚拟存在缺失	值_任务状态动作动态_任务虚拟存在缺失	自我动作实现模块.ixx:2432	3	按函数名执行对应处理。		自我动作实现.外设模块.ixx:6974;自我动作实现模块.ixx:2432;自我动作实现模块.ixx:10169
yes	值_任务状态动作动态_任务状态特征缺失	值_任务状态动作动态_任务状态特征缺失	自我动作实现模块.ixx:2439	3	按函数名执行对应处理。		自我动作实现.外设模块.ixx:6981;自我动作实现模块.ixx:2439;自我动作实现模块.ixx:10171
yes	值_任务状态动作动态_动态节点创建失败	值_任务状态动作动态_动态节点创建失败	自我动作实现模块.ixx:2453	3	创建并返回或登记对应对象。		自我动作实现.外设模块.ixx:6995;自我动作实现模块.ixx:2453;自我动作实现模块.ixx:10175
yes	值_目标方法尚未好用	值_目标方法尚未好用	自我动作实现模块.ixx:2488	3	按函数名执行对应处理。		自我动作实现.外设模块.ixx:7030;自我动作实现模块.ixx:2488;自我动作实现模块.ixx:9601
yes	值_目标特征缺失	值_目标特征缺失	自我动作实现模块.ixx:2495	3	按函数名执行对应处理。		自我动作实现.外设模块.ixx:7037;自我动作实现模块.ixx:2495;自我动作实现模块.ixx:9264
yes	值_缺少执行入口	值_缺少执行入口	自我动作实现模块.ixx:2523	3	执行任务、方法或动作的主体逻辑。		自我动作实现.外设模块.ixx:7065;自我动作实现模块.ixx:2523;自我动作实现模块.ixx:9591
yes	特征_OR组令牌提交状态	特征_OR组令牌提交状态	自我动作实现模块.ixx:256	3	提交事实、动态、任务状态或运行回执。		自我动作实现模块.ixx:256;自我动作实现模块.ixx:7159;自我动作实现模块.ixx:12671
yes	写入方法虚拟存在节点实例特征	写入方法虚拟存在节点实例特征	自我动作实现模块.ixx:3291	3	把处理结果写入指定对象、场景或日志。		自我动作实现模块.ixx:3291;自我动作实现模块.ixx:3677;自我动作实现模块.ixx:3717
yes	条件统计宿主_条件结果对归并	条件统计宿主_条件结果对归并	自我动作实现模块.ixx:3419	3	按函数名执行对应处理。		自我动作实现模块.ixx:3419;自我动作实现模块.ixx:3702;自我动作实现模块.ixx:3784
yes	本能ID是当前默认自我本能_动作模块	本能ID是当前默认自我本能_动作模块	自我动作实现模块.ixx:3442	3	按函数名执行对应处理。		自我动作实现.外设模块.ixx:8456;自我动作实现模块.ixx:3442;自我动作实现模块.ixx:9506
yes	本能动作可作为练习目标	本能动作可作为练习目标	自我动作实现模块.ixx:3473	3	按函数名执行对应处理。		自我动作实现.外设模块.ixx:8475;自我动作实现模块.ixx:3473;自我动作实现模块.ixx:9510
yes	查找复现结果节点判定_条件结果对归并	查找复现结果节点判定_条件结果对归并	自我动作实现模块.ixx:3591	3	按条件查找目标对象、方法或事实。		自我动作实现模块.ixx:3591;自我动作实现模块.ixx:3690;自我动作实现模块.ixx:3795
yes	构建方法条件和结果节点	构建方法条件和结果节点	自我动作实现模块.ixx:3749	3	构建运行所需的数据结构或中间结果。		自我动作实现模块.ixx:3749;自我动作实现模块.ixx:3837;自我动作实现模块.ixx:8632
yes	特征_需求状态动作动态	特征_需求状态动作动态	自我动作实现模块.ixx:396	3	按函数名执行对应处理。		自我动作实现.外设模块.ixx:892;自我动作实现模块.ixx:396;自我动作实现模块.ixx:7162
yes	查找包子节点	查找包子节点	自我动作实现模块.ixx:4543	3	按条件查找目标对象、方法或事实。		自我动作实现模块.ixx:4543;自我动作实现模块.ixx:5232;自我动作实现模块.ixx:5298
yes	指针值等于条件引用	指针值等于条件引用	自我动作实现模块.ixx:4785	3	按函数名执行对应处理。		自我动作实现模块.ixx:4785;自我动作实现模块.ixx:4838;自我动作实现模块.ixx:4846
yes	自我方法根节点_动作模块	自我方法根节点_动作模块	自我动作实现模块.ixx:5031	3	按函数名执行对应处理。		自我动作实现模块.ixx:5031;自我动作实现模块.ixx:5041;自我动作实现模块.ixx:5089
yes	特征_派生需求提示	特征_派生需求提示	自我动作实现模块.ixx:507	3	按函数名执行对应处理。		自我动作实现.外设模块.ixx:990;自我动作实现模块.ixx:507;自我动作实现模块.ixx:7247
yes	特征_方法运行结果状态	特征_方法运行结果状态	自我动作实现模块.ixx:521	3	执行对应模块、线程或方法的运行逻辑。		自我动作实现.外设模块.ixx:1004;自我动作实现模块.ixx:521;自我动作实现模块.ixx:7239
yes	读取包基础引用或自身	读取包基础引用或自身	自我动作实现模块.ixx:5290	3	从指定来源读取数据或状态。		自我动作实现模块.ixx:4979;自我动作实现模块.ixx:5026;自我动作实现模块.ixx:5290
yes	特征_候选方法数量	特征_候选方法数量	自我动作实现模块.ixx:542	3	按函数名执行对应处理。		自我动作实现.外设模块.ixx:1025;自我动作实现模块.ixx:542;自我动作实现模块.ixx:7241
yes	特征_目标现实场景	特征_目标现实场景	自我动作实现模块.ixx:570	3	按函数名执行对应处理。		自我动作实现.外设模块.ixx:1053;自我动作实现模块.ixx:570;自我动作实现模块.ixx:6762
yes	读取节点指针实参	读取节点指针实参	自我动作实现模块.ixx:6126	3	从指定来源读取数据或状态。		自我动作实现模块.ixx:6126;自我动作实现模块.ixx:6193;自我动作实现模块.ixx:6228
yes	复核形参候选实参完整性	复核形参候选实参完整性	自我动作实现模块.ixx:6377	3	按函数名执行对应处理。		自我动作实现模块.ixx:6377;自我动作实现模块.ixx:6728;自我动作实现模块.ixx:6850
yes	语素日志文本	语素日志文本	自我动作实现模块.ixx:6401	3	按函数名执行对应处理。		自我动作实现模块.ixx:6401;自我动作实现模块.ixx:6415;自我动作实现模块.ixx:6463
yes	构建练习可执行输入场景	构建练习可执行输入场景	自我动作实现模块.ixx:6501	3	构建运行所需的数据结构或中间结果。		自我动作实现模块.ixx:6501;自我动作实现模块.ixx:8826;自我动作实现模块.ixx:9471
yes	复制条件包实参到候选实参表	复制条件包实参到候选实参表	自我动作实现模块.ixx:6598	3	按函数名执行对应处理。		自我动作实现模块.ixx:6598;自我动作实现模块.ixx:6634;自我动作实现模块.ixx:6641
yes	生成目标方法候选实参表	生成目标方法候选实参表	自我动作实现模块.ixx:6650	3	根据当前输入生成目标数据、场景、动态或回执。		自我动作实现模块.ixx:6650;自我动作实现模块.ixx:6883;自我动作实现模块.ixx:6908
yes	确认提交任务状态变化规格	确认提交任务状态变化规格	自我动作实现模块.ixx:7090	3	提交事实、动态、任务状态或运行回执。		自我动作实现模块.ixx:7090;自我动作实现模块.ixx:8165;自我动作实现模块.ixx:10563
yes	值_来源_方法固定参数	值_来源_方法固定参数	自我动作实现模块.ixx:780	3	按函数名执行对应处理。		自我动作实现.外设模块.ixx:1256;自我动作实现模块.ixx:780;自我动作实现模块.ixx:6199
yes	值类型_类型I64	值类型_类型I64	自我动作实现模块.ixx:801	3	按函数名执行对应处理。		自我动作实现.外设模块.ixx:1277;自我动作实现模块.ixx:801;自我动作实现模块.ixx:5910
yes	值类型_特征值	值类型_特征值	自我动作实现模块.ixx:822	3	按函数名执行对应处理。		自我动作实现.外设模块.ixx:1298;自我动作实现模块.ixx:822;自我动作实现模块.ixx:8130
yes	提交目标方法I64特征_方法域动作	提交目标方法I64特征_方法域动作	自我动作实现模块.ixx:8479	3	提交事实、动态、任务状态或运行回执。		自我动作实现模块.ixx:8479;自我动作实现模块.ixx:8642;自我动作实现模块.ixx:12019
yes	提交目标方法条件结果对_方法域动作	提交目标方法条件结果对_方法域动作	自我动作实现模块.ixx:8612	3	提交事实、动态、任务状态或运行回执。		自我动作实现模块.ixx:8612;自我动作实现模块.ixx:8847;自我动作实现模块.ixx:11935
yes	值_无执行缺口	值_无执行缺口	自我动作实现模块.ixx:960	3	执行任务、方法或动作的主体逻辑。		自我动作实现.外设模块.ixx:1436;自我动作实现.外设模块.ixx:8393;自我动作实现模块.ixx:960
yes	值_执行缺口_可执行输入参数场景缺失	值_执行缺口_可执行输入参数场景缺失	自我动作实现模块.ixx:981	3	执行任务、方法或动作的主体逻辑。		自我动作实现.外设模块.ixx:1457;自我动作实现.外设模块.ixx:25448;自我动作实现模块.ixx:981
yes	私有_读取自我根特征抽象目标值_自我类	私有_读取自我根特征抽象目标值_自我类	自我类.cpp:194	3	从指定来源读取数据或状态。		自我类.cpp:194;自我类.cpp:230;自我类.cpp:2212
yes	私有_自我根特征目标差值_自我类	私有_自我根特征目标差值_自我类	自我类.cpp:225	3	服务所在模块的内部辅助流程。		自我类.cpp:225;自我类.cpp:1799;自我类.cpp:1802
yes	私有_线程名称词	私有_线程名称词	自我类.cpp:260	3	服务所在模块的内部辅助流程。		自我类.cpp:260;自我类.cpp:859;自我类.cpp:887
yes	私有_报告自我结构根创建失败	私有_报告自我结构根创建失败	自我类.cpp:50	3	创建并返回或登记对应对象。		自我类.cpp:50;自我类.cpp:2113;自我类.cpp:2125
yes	私有_当前自我概念集已就绪	私有_当前自我概念集已就绪	自我类.初始化.cpp:150	3	服务所在模块的内部辅助流程。		自我类.初始化.cpp:150;自我类.初始化.cpp:185;自我类.初始化.cpp:203
yes	私有_根特征暂无活动需求缺口	私有_根特征暂无活动需求缺口	自我类.初始化.cpp:57	3	服务所在模块的内部辅助流程。		自我类.初始化.cpp:57;自我类.初始化.cpp:250;自我类.初始化.cpp:380
yes	自我特征定义类::类型_自我_情绪ID	类型_自我_情绪ID	自我类.特征定义.cpp:340	3	按函数名执行对应处理。		自我类.cpp:1958;自我类.初始化.cpp:219;自我类.特征定义.cpp:340
yes	自我特征定义类::类型_自我_情绪强度	类型_自我_情绪强度	自我类.特征定义.cpp:343	3	按函数名执行对应处理。		自我类.cpp:1959;自我类.初始化.cpp:220;自我类.特征定义.cpp:343
yes	自我特征定义类::类型_自我_外显情绪ID	类型_自我_外显情绪ID	自我类.特征定义.cpp:346	3	按函数名执行对应处理。		自我类.cpp:1960;自我类.初始化.cpp:221;自我类.特征定义.cpp:346
yes	自我特征定义类::类型_自我_外显情绪强度	类型_自我_外显情绪强度	自我类.特征定义.cpp:349	3	按函数名执行对应处理。		自我类.cpp:1961;自我类.初始化.cpp:222;自我类.特征定义.cpp:349
yes	自我特征定义类::类型_自我_外设可用性	类型_自我_外设可用性	自我类.特征定义.cpp:367	3	按函数名执行对应处理。		自我类.cpp:1964;自我类.初始化.cpp:224;自我类.特征定义.cpp:367
yes	自我特征定义类::类型_自我_自我能力	类型_自我_自我能力	自我类.特征定义.cpp:373	3	按函数名执行对应处理。		方法虚拟存在服务类.cpp:335;自我类.cpp:1986;自我类.特征定义.cpp:373
yes	自我特征定义类::类型_线程_控制意图	类型_线程_控制意图	自我类.特征定义.cpp:391	3	按函数名执行对应处理。		自我类.cpp:337;自我类.特征定义.cpp:391;自我线程模块.impl.cpp:14950
yes	自我特征定义类::类型_线程_实际运行状态	类型_线程_实际运行状态	自我类.特征定义.cpp:394	3	执行对应模块、线程或方法的运行逻辑。		自我类.cpp:342;自我类.特征定义.cpp:394;自我线程模块.impl.cpp:14949
yes	自我特征定义类::类型_线程_运行模式	类型_线程_运行模式	自我类.特征定义.cpp:409	3	执行对应模块、线程或方法的运行逻辑。		自我类.cpp:354;自我类.特征定义.cpp:409;自检线程模块.impl.cpp:440
yes	自我特征定义类::类型_线程_邮箱深度	类型_线程_邮箱深度	自我类.特征定义.cpp:412	3	按函数名执行对应处理。		自我类.cpp:359;自我类.特征定义.cpp:412;自我线程模块.impl.cpp:14953
yes	自我特征定义类::类型_线程_最近Tick时间	类型_线程_最近Tick时间	自我类.特征定义.cpp:421	3	按函数名执行对应处理。		自我类.cpp:1992;自我类.特征定义.cpp:421;自我线程模块.impl.cpp:14956
yes	自我特征定义类::类型_自检_累计提交需求数	类型_自检_累计提交需求数	自我类.特征定义.cpp:424	3	提交事实、动态、任务状态或运行回执。		自我类.cpp:1994;自我类.特征定义.cpp:424;自检线程模块.impl.cpp:443
yes	自我特征定义类::类型_自检_累计发现问题数	类型_自检_累计发现问题数	自我类.特征定义.cpp:427	3	按函数名执行对应处理。		自我类.cpp:1995;自我类.特征定义.cpp:427;自检线程模块.impl.cpp:444
yes	自我特征定义类::类型_自检_最近检查时间	类型_自检_最近检查时间	自我类.特征定义.cpp:430	3	检查状态、条件、缺口或运行约束。		自我类.cpp:1996;自我类.特征定义.cpp:430;自检线程模块.impl.cpp:445
yes	自我特征定义类::类型_自检_最近提交时间	类型_自检_最近提交时间	自我类.特征定义.cpp:433	3	提交事实、动态、任务状态或运行回执。		自我类.cpp:1997;自我类.特征定义.cpp:433;自检线程模块.impl.cpp:446
yes	自我特征定义类::类型_任务_队列状态	类型_任务_队列状态	自我类.特征定义.cpp:520	3	按函数名执行对应处理。		任务类.cpp:1643;自我类.cpp:2008;自我类.特征定义.cpp:520
yes	自我特征定义类::类型_任务_执行方法	类型_任务_执行方法	自我类.特征定义.cpp:541	3	执行任务、方法或动作的主体逻辑。		任务类.cpp:2049;任务类.cpp:2089;自我类.特征定义.cpp:541
yes	自我特征定义类::类型_任务_当前方法	类型_任务_当前方法	自我类.特征定义.cpp:544	3	按函数名执行对应处理。		任务模块.管理界面线程.impl.cpp:5261;任务类.cpp:2107;自我类.特征定义.cpp:544
yes	自我特征定义类::类型_任务_局部完成度	类型_任务_局部完成度	自我类.特征定义.cpp:595	3	按函数名执行对应处理。		任务类.cpp:1678;因果类.cpp:866;自我类.特征定义.cpp:595
yes	自我特征定义类::类型_任务_等待缺口唤醒	类型_任务_等待缺口唤醒	自我类.特征定义.cpp:598	3	等待线程、任务、外设或条件变化。		任务类.cpp:2273;任务类.cpp:2287;自我类.特征定义.cpp:598
yes	自我特征定义类::类型_任务管理_本能能力缺口类型	类型_任务管理_本能能力缺口类型	自我类.特征定义.cpp:604	3	按函数名执行对应处理。		任务模块.工作线程消息协议.ixx:369;自我类.cpp:2011;自我类.特征定义.cpp:604
yes	自我特征定义类::类型_任务管理_方法需求位	类型_任务管理_方法需求位	自我类.特征定义.cpp:616	3	按函数名执行对应处理。		任务模块.工作线程消息协议.ixx:365;自我类.cpp:2015;自我类.特征定义.cpp:616
yes	自我特征定义类::类型_任务管理_上行消息类型	类型_任务管理_上行消息类型	自我类.特征定义.cpp:685	3	按函数名执行对应处理。		任务模块.工作线程消息协议.ixx:402;自我类.cpp:2038;自我类.特征定义.cpp:685
yes	自我特征定义类::类型_任务管理_线程运行状态	类型_任务管理_线程运行状态	自我类.特征定义.cpp:694	3	执行对应模块、线程或方法的运行逻辑。		任务模块.工作线程消息协议.ixx:341;自我类.cpp:2041;自我类.特征定义.cpp:694
yes	自我特征定义类::类型_任务管理_线程结束状态	类型_任务管理_线程结束状态	自我类.特征定义.cpp:697	3	按函数名执行对应处理。		任务模块.工作线程消息协议.ixx:344;自我类.cpp:2042;自我类.特征定义.cpp:697
yes	自我特征定义类::类型_任务管理_控制响应状态	类型_任务管理_控制响应状态	自我类.特征定义.cpp:700	3	按函数名执行对应处理。		任务模块.工作线程消息协议.ixx:350;自我类.cpp:2043;自我类.特征定义.cpp:700
yes	自我特征定义类::类型_任务管理_派生需求类型	类型_任务管理_派生需求类型	自我类.特征定义.cpp:703	3	按函数名执行对应处理。		任务模块.工作线程消息协议.ixx:361;自我类.cpp:2044;自我类.特征定义.cpp:703
yes	自我特征定义类::类型_任务管理_阻塞级别	类型_任务管理_阻塞级别	自我类.特征定义.cpp:706	3	按函数名执行对应处理。		任务模块.工作线程消息协议.ixx:372;自我类.cpp:2045;自我类.特征定义.cpp:706
yes	自我特征定义类::类型_任务管理_线程补充特征类型	类型_任务管理_线程补充特征类型	自我类.特征定义.cpp:709	3	按函数名执行对应处理。		任务模块.工作线程消息协议.ixx:333;自我类.cpp:2046;自我类.特征定义.cpp:709
yes	自我特征定义类::类型_运行包_包状态	类型_运行包_包状态	自我类.特征定义.cpp:721	3	执行对应模块、线程或方法的运行逻辑。		任务模块.运行包.impl.cpp:132;自我类.cpp:2050;自我类.特征定义.cpp:721
yes	自我特征定义类::类型_运行包_服务子类	类型_运行包_服务子类	自我类.特征定义.cpp:727	3	执行对应模块、线程或方法的运行逻辑。		任务模块.运行包.impl.cpp:141;自我类.cpp:2052;自我类.特征定义.cpp:727
yes	自我特征定义类::类型_运行包_安全子类	类型_运行包_安全子类	自我类.特征定义.cpp:730	3	执行对应模块、线程或方法的运行逻辑。		任务模块.运行包.impl.cpp:143;自我类.cpp:2053;自我类.特征定义.cpp:730
yes	自我特征定义类::类型_运行包_结算结论	类型_运行包_结算结论	自我类.特征定义.cpp:736	3	执行对应模块、线程或方法的运行逻辑。		任务模块.运行包.impl.cpp:182;自我类.cpp:2055;自我类.特征定义.cpp:736
yes	自我特征定义类::类型_运行包_方法沉淀样本类别	类型_运行包_方法沉淀样本类别	自我类.特征定义.cpp:739	3	执行对应模块、线程或方法的运行逻辑。		任务模块.运行包.impl.cpp:161;自我类.cpp:2056;自我类.特征定义.cpp:739
yes	自我特征定义类::类型_工作线程_推进事件类型	类型_工作线程_推进事件类型	自我类.特征定义.cpp:742	3	按函数名执行对应处理。		任务模块.工作线程协议.ixx:32;自我类.cpp:2057;自我类.特征定义.cpp:742
yes	自我特征定义类::类型_消息_来源链	类型_消息_来源链	自我类.特征定义.cpp:745	3	按函数名执行对应处理。		自我类.cpp:2058;自我类.特征定义.cpp:745;自我线程模块.消息协议.ixx:510
yes	自我特征定义类::类型_消息_处理类型	类型_消息_处理类型	自我类.特征定义.cpp:748	3	按函数名执行对应处理。		自我类.cpp:2059;自我类.特征定义.cpp:748;自我线程模块.消息协议.ixx:512
yes	自我特征定义类::类型_消息_优先级	类型_消息_优先级	自我类.特征定义.cpp:751	3	按函数名执行对应处理。		自我类.cpp:2060;自我类.特征定义.cpp:751;自我线程模块.消息协议.ixx:514
yes	自我特征定义类::类型_消息_动作类型	类型_消息_动作类型	自我类.特征定义.cpp:754	3	按函数名执行对应处理。		自我类.cpp:2061;自我类.特征定义.cpp:754;自我线程模块.消息协议.ixx:521
yes	自我特征定义类::类型_消息_存在类型	类型_消息_存在类型	自我类.特征定义.cpp:757	3	按函数名执行对应处理。		自我类.cpp:2062;自我类.特征定义.cpp:757;自我线程模块.消息协议.ixx:562
yes	自我特征定义类::类型_消息_特征类型	类型_消息_特征类型	自我类.特征定义.cpp:760	3	按函数名执行对应处理。		自我类.cpp:2063;自我类.特征定义.cpp:760;自我线程模块.消息协议.ixx:564
yes	自我特征定义类::类型_消息_执行尝试汇总状态	类型_消息_执行尝试汇总状态	自我类.特征定义.cpp:766	3	执行任务、方法或动作的主体逻辑。		自我类.cpp:2065;自我类.特征定义.cpp:766;自我线程模块.消息协议.ixx:580
yes	自我特征定义类::类型_消息_执行尝试验证状态	类型_消息_执行尝试验证状态	自我类.特征定义.cpp:769	3	执行任务、方法或动作的主体逻辑。		自我类.cpp:2066;自我类.特征定义.cpp:769;自我线程模块.消息协议.ixx:578
yes	自我特征定义类::类型_消息_执行尝试对账结论	类型_消息_执行尝试对账结论	自我类.特征定义.cpp:772	3	执行任务、方法或动作的主体逻辑。		自我类.cpp:2067;自我类.特征定义.cpp:772;自我线程模块.消息协议.ixx:571
yes	私有_安全乘除_I64_线程侧	私有_安全乘除_I64_线程侧	自我线程模块.impl.cpp:1029	3	服务所在模块的内部辅助流程。		自我线程模块.impl.cpp:1029;自我线程模块.impl.cpp:1106;自我线程模块.impl.cpp:3799
yes	私有_需求目标特征同名_线程侧	私有_需求目标特征同名_线程侧	自我线程模块.impl.cpp:10416	3	服务所在模块的内部辅助流程。		自我线程模块.impl.cpp:10416;自我线程模块.impl.cpp:10440;自我线程模块.impl.cpp:10443
yes	私有_收到派生需求消息时完善需求树	私有_收到派生需求消息时完善需求树	自我线程模块.impl.cpp:10460	3	服务所在模块的内部辅助流程。		自我线程模块.impl.cpp:10460;自我线程模块.impl.cpp:13152;自我线程模块.impl.cpp:16887
yes	私有_确保自我根需求特征节点_线程侧	私有_确保自我根需求特征节点_线程侧	自我线程模块.impl.cpp:10628	3	确保目标结构、状态或前置条件存在并可用。		自我线程模块.impl.cpp:10628;自我线程模块.impl.cpp:10716;自我线程模块.impl.cpp:11763
yes	私有_刷新根需求状态镜像_线程侧	私有_刷新根需求状态镜像_线程侧	自我线程模块.impl.cpp:10696	3	服务所在模块的内部辅助流程。		自我线程模块.impl.cpp:10696;自我线程模块.impl.cpp:12265;自我线程模块.impl.cpp:12272
yes	私有_根闭环可刷新条件集_线程侧	私有_根闭环可刷新条件集_线程侧	自我线程模块.impl.cpp:10992	3	服务所在模块的内部辅助流程。		自我线程模块.impl.cpp:10992;自我线程模块.impl.cpp:11232;自我线程模块.impl.cpp:11922
yes	私有_计算反馈增量_线程侧	私有_计算反馈增量_线程侧	自我线程模块.impl.cpp:1110	3	计算权重、状态、差值或派生结果。		自我线程模块.impl.cpp:1110;自我线程模块.impl.cpp:2247;自我线程模块.impl.cpp:2252
yes	私有_目标特征是方法维护字段_线程侧	私有_目标特征是方法维护字段_线程侧	自我线程模块.impl.cpp:11196	3	判断自检候选目标是否属于方法维护父域。		自我线程模块.impl.cpp:2638;自我线程模块.impl.cpp:9235;自我线程模块.impl.cpp:11196
yes	私有_服务根闭环触发事实存在_线程侧	私有_服务根闭环触发事实存在_线程侧	自我线程模块.impl.cpp:11205	3	服务所在模块的内部辅助流程。		自我线程模块.impl.cpp:11205;自我线程模块.impl.cpp:11231;自我线程模块.impl.cpp:11883
yes	私有_记录根闭环信息位挂载_线程侧	私有_记录根闭环信息位挂载_线程侧	自我线程模块.impl.cpp:11322	3	记录日志、动态、证据或运行痕迹。		自我线程模块.impl.cpp:11322;自我线程模块.impl.cpp:12312;自我线程模块.impl.cpp:12322
yes	私有_删除遗留根子需求_线程侧	私有_删除遗留根子需求_线程侧	自我线程模块.impl.cpp:11508	3	删除指定对象、状态或登记项。		自我线程模块.impl.cpp:11508;自我线程模块.impl.cpp:11618;自我线程模块.impl.cpp:11714
yes	私有_刷新根特征必要条件子需求_线程侧	私有_刷新根特征必要条件子需求_线程侧	自我线程模块.impl.cpp:11852	3	服务所在模块的内部辅助流程。		自我线程模块.impl.cpp:11852;自我线程模块.impl.cpp:12341;自我线程模块.impl.cpp:12349
yes	私有_停用根需求差距执行子需求_线程侧	私有_停用根需求差距执行子需求_线程侧	自我线程模块.impl.cpp:12144	3	根需求差距不再生成同目标子需求；历史上已生成的差距子需求只保留复盘痕迹， 进入本轮需求整理时统一退出活动集，避免复制根目标...		自我线程模块.impl.cpp:12144;自我线程模块.impl.cpp:12327;自我线程模块.impl.cpp:12334
yes	私有_特征值非空_线程侧	私有_特征值非空_线程侧	自我线程模块.impl.cpp:1221	3	服务所在模块的内部辅助流程。		自我线程模块.impl.cpp:1221;自我线程模块.impl.cpp:1330;自我线程模块.impl.cpp:1341
yes	私有_选择当前主需求候选_按根权重	私有_选择当前主需求候选_按根权重	自我线程模块.impl.cpp:12432	3	从候选集中选择当前使用对象或方法。		自我线程模块.impl.cpp:12432;自我线程模块.impl.cpp:16930;自我线程模块.impl.cpp:17025
yes	私有_需求节点角色文本	私有_需求节点角色文本	自我线程模块.impl.cpp:12566	3	服务所在模块的内部辅助流程。		自我线程模块.impl.cpp:12566;自我线程模块.impl.cpp:16950;自我线程模块.impl.cpp:17277
yes	私有_根层重判结果文本	私有_根层重判结果文本	自我线程模块.impl.cpp:12695	3	服务所在模块的内部辅助流程。		自我线程模块.impl.cpp:12695;鱼巢.cpp:549;鱼巢.cpp:818
yes	私有_执行前门控结果文本	私有_执行前门控结果文本	自我线程模块.impl.cpp:12707	3	执行任务、方法或动作的主体逻辑。		自我线程模块.impl.cpp:12707;鱼巢.cpp:561;鱼巢.cpp:819
yes	私有_治理存在类型文本	私有_治理存在类型文本	自我线程模块.impl.cpp:12789	3	服务所在模块的内部辅助流程。 功能：服务所在模块的内部辅助流程。		自我线程模块.impl.cpp:12789;自我线程模块.impl.cpp:12845;自我线程模块.impl.cpp:12889
yes	私有_按治理主体解析任务虚拟存在_任务管理新链	私有_按治理主体解析任务虚拟存在_任务管理新链	自我线程模块.impl.cpp:12862	3	解析输入文本、消息、场景或运行包。		自我线程模块.impl.cpp:12862;自我线程模块.impl.cpp:13040;自我线程模块.impl.cpp:14248
yes	私有_确保治理主体存在	私有_确保治理主体存在	自我线程模块.impl.cpp:12878	3	确保目标结构、状态或前置条件存在并可用。		自我线程模块.impl.cpp:12878;自我线程模块.impl.cpp:13045;自我线程模块.impl.cpp:14255
yes	私有_创建治理状态节点	私有_创建治理状态节点	自我线程模块.impl.cpp:12941	3	创建并返回或登记对应对象。		自我线程模块.impl.cpp:12941;自我线程模块.impl.cpp:13073;自我线程模块.impl.cpp:13082
yes	私有_已识别区域扫描入账状态特征_线程侧	私有_已识别区域扫描入账状态特征_线程侧	自我线程模块.impl.cpp:13167	3	执行扫描相关材料获取、比较或提交逻辑。		自我线程模块.impl.cpp:13167;自我线程模块.impl.cpp:13360;自我线程模块.impl.cpp:13421
yes	私有_按主键解析正式目标存在_线程侧	私有_按主键解析正式目标存在_线程侧	自我线程模块.impl.cpp:13185	3	解析输入文本、消息、场景或运行包。		自我线程模块.impl.cpp:13185;自我线程模块.impl.cpp:13375;自我线程模块.impl.cpp:13436
yes	私有_需求已有非终结任务_线程侧	私有_需求已有非终结任务_线程侧	自我线程模块.impl.cpp:13195	3	服务所在模块的内部辅助流程。		自我线程模块.impl.cpp:13195;自我线程模块.impl.cpp:13393;自我线程模块.impl.cpp:13452
yes	私有_确保目标I64子需求_线程侧	私有_确保目标I64子需求_线程侧	自我线程模块.impl.cpp:13207	3	确保目标结构、状态或前置条件存在并可用。		自我线程模块.impl.cpp:13207;自我线程模块.impl.cpp:13297;自我线程模块.impl.cpp:13316
yes	私有_特征值非空_线程侧	私有_特征值非空_线程侧	自我线程模块.impl.cpp:1330	3	服务所在模块的内部辅助流程。		自我线程模块.impl.cpp:1221;自我线程模块.impl.cpp:1330;自我线程模块.impl.cpp:1341
yes	私有_特征值非空_线程侧	私有_特征值非空_线程侧	自我线程模块.impl.cpp:1341	3	服务所在模块的内部辅助流程。		自我线程模块.impl.cpp:1221;自我线程模块.impl.cpp:1330;自我线程模块.impl.cpp:1341
yes	私有_执行尝试对账结果允许继续落账	私有_执行尝试对账结果允许继续落账	自我线程模块.impl.cpp:13975	3	执行任务、方法或动作的主体逻辑。		自我线程模块.impl.cpp:13975;自我线程模块.impl.cpp:14000;自我线程模块.impl.cpp:14014
yes	私有_计数观察事实承接消息	私有_计数观察事实承接消息	自我线程模块.impl.cpp:14040	3	服务所在模块的内部辅助流程。		自我线程模块.impl.cpp:14040;自我线程模块.impl.cpp:15838;自我线程模块.impl.cpp:15839
yes	私有_计数执行前许可请求消息	私有_计数执行前许可请求消息	自我线程模块.impl.cpp:14053	3	执行任务、方法或动作的主体逻辑。		自我线程模块.impl.cpp:14053;自我线程模块.impl.cpp:15840;自我线程模块.impl.cpp:15841
yes	私有_尝试G0服务值饱和入账_线程侧	私有_尝试G0服务值饱和入账_线程侧	自我线程模块.impl.cpp:1580	3	服务所在模块的内部辅助流程。		自我线程模块.impl.cpp:1580;自我线程模块.impl.cpp:1932;自我线程模块.impl.cpp:2434
yes	读取最近自我环境初始化结果	读取最近自我环境初始化结果	自我线程模块.impl.cpp:17360	3	读取最近一次自我环境初始化结果和阶段耗时明细。		自我线程模块.impl.cpp:17360;自我线程模块.ixx:780;鱼巢.cpp:1383
yes	启动自我线程	启动自我线程	自我线程模块.impl.cpp:17366	3	启动线程、模块或运行流程。		自我线程模块.impl.cpp:17366;自我线程模块.ixx:781;鱼巢.cpp:1424
yes	停止自我线程	停止自我线程	自我线程模块.impl.cpp:17372	3	停止线程、模块或运行流程。		自我线程模块.impl.cpp:17372;自我线程模块.ixx:782;鱼巢.cpp:1075
yes	上报线程状态变化	上报线程状态变化	自我线程模块.impl.cpp:17378	3	按函数名执行对应处理。		自我线程模块.impl.cpp:17378;自我线程模块.ixx:682;自我线程模块.ixx:783
yes	切换线程状态并上报	切换线程状态并上报	自我线程模块.impl.cpp:17390	3	按函数名执行对应处理。		自我线程模块.impl.cpp:17390;自我线程模块.ixx:685;自我线程模块.ixx:786
yes	投递治理外部反馈事件	投递治理外部反馈事件	自我线程模块.impl.cpp:17400	3	按函数名执行对应处理。		自我线程模块.impl.cpp:17400;自我线程模块.ixx:680;自我线程模块.ixx:793
yes	私有_写入需求节点引用	私有_写入需求节点引用	自我线程模块.impl.cpp:2646	3	把处理结果写入指定对象、场景或日志。		任务模块.管理工作线程.ixx:213;任务模块.管理工作线程.ixx:1966;自我线程模块.impl.cpp:2646
yes	私有_解析入口节点引用	私有_解析入口节点引用	自我线程模块.impl.cpp:2787	3	解析输入文本、消息、场景或运行包。		自我线程模块.impl.cpp:2787;自我线程模块.impl.cpp:9284;自我线程模块.impl.cpp:10046
yes	私有_解析基础信息节点引用_线程侧	私有_解析基础信息节点引用_线程侧	自我线程模块.impl.cpp:2800	3	解析输入文本、消息、场景或运行包。		自我线程模块.impl.cpp:2800;自我线程模块.impl.cpp:2816;自我线程模块.impl.cpp:2832
yes	私有_状态主体存在_线程侧	私有_状态主体存在_线程侧	自我线程模块.impl.cpp:2957	3	服务所在模块的内部辅助流程。		自我线程模块.impl.cpp:2957;自我线程模块.impl.cpp:10340;自我线程模块.impl.cpp:10343
yes	私有_读取基础节点指针特征_线程侧	私有_读取基础节点指针特征_线程侧	自我线程模块.impl.cpp:3172	3	从指定来源读取数据或状态。		自我线程模块.impl.cpp:3172;自我线程模块.impl.cpp:3357;自我线程模块.impl.cpp:3361
yes	私有_读取输出结果场景_线程侧	私有_读取输出结果场景_线程侧	自我线程模块.impl.cpp:3204	3	从指定来源读取数据或状态。		自我线程模块.impl.cpp:3204;自我线程模块.impl.cpp:3364;自我线程模块.impl.cpp:3367
yes	私有_比较关系表示推进_线程侧	私有_比较关系表示推进_线程侧	自我线程模块.impl.cpp:3264	3	比较当前值、目标值或历史基准。		自我线程模块.impl.cpp:3264;自我线程模块.impl.cpp:3434;自我线程模块.impl.cpp:5145
yes	私有_从需求引用解析需求节点	私有_从需求引用解析需求节点	自我线程模块.impl.cpp:3511	3	解析输入文本、消息、场景或运行包。		自我线程模块.impl.cpp:3511;自我线程模块.impl.cpp:3532;自我线程模块.impl.cpp:3575
yes	私有_从需求引用解析需求节点	私有_从需求引用解析需求节点	自我线程模块.impl.cpp:3532	3	解析输入文本、消息、场景或运行包。		自我线程模块.impl.cpp:3511;自我线程模块.impl.cpp:3532;自我线程模块.impl.cpp:3575
yes	私有_任务引用匹配_线程侧	私有_任务引用匹配_线程侧	自我线程模块.impl.cpp:3591	3	服务所在模块的内部辅助流程。		自我线程模块.impl.cpp:3591;自我线程模块.impl.cpp:3634;自我线程模块.impl.cpp:3640
yes	私有_计算任务承接权重上限_线程侧	私有_计算任务承接权重上限_线程侧	自我线程模块.impl.cpp:3760	3	计算权重、状态、差值或派生结果。		自我线程模块.impl.cpp:3760;自我线程模块.impl.cpp:3826;自我线程模块.impl.cpp:3827
yes	私有_尝试提交安全因果因素无负证据默认满足_线程侧	私有_尝试提交安全因果因素无负证据默认满足_线程侧	自我线程模块.impl.cpp:3987	3	提交事实、动态、任务状态或运行回执。		自我线程模块.impl.cpp:3987;自我线程模块.impl.cpp:4633;自我线程模块.impl.cpp:7685
yes	私有_尝试提交风险安全场景影响部分_线程侧	私有_尝试提交风险安全场景影响部分_线程侧	自我线程模块.impl.cpp:4286	3	提交事实、动态、任务状态或运行回执。		自我线程模块.impl.cpp:4286;自我线程模块.impl.cpp:4659;自我线程模块.impl.cpp:7711
yes	私有_根必要条件是固定安全字段_线程侧	私有_根必要条件是固定安全字段_线程侧	自我线程模块.impl.cpp:430	3	服务所在模块的内部辅助流程。		自我线程模块.impl.cpp:430;自我线程模块.impl.cpp:10870;自我线程模块.impl.cpp:11677
yes	私有_根闭环闭合状态文本_线程侧	私有_根闭环闭合状态文本_线程侧	自我线程模块.impl.cpp:479	3	服务所在模块的内部辅助流程。		自我线程模块.impl.cpp:479;自我线程模块.impl.cpp:11379;自我线程模块.impl.cpp:11435
yes	私有_I64区间文本_线程侧	私有_I64区间文本_线程侧	自我线程模块.impl.cpp:513	3	服务所在模块的内部辅助流程。		自我线程模块.impl.cpp:513;自我线程模块.impl.cpp:667;自我线程模块.impl.cpp:669
yes	私有_处理横向任务满足反馈_线程侧	私有_处理横向任务满足反馈_线程侧	自我线程模块.impl.cpp:5153	3	服务所在模块的内部辅助流程。		自我线程模块.impl.cpp:2618;自我线程模块.impl.cpp:5153;自我线程模块.impl.cpp:7921
yes	私有_登记需求相关任务_任务管理新链	私有_登记需求相关任务_任务管理新链	自我线程模块.impl.cpp:5492	3	登记方法、模板、对象或运行入口。		自我线程模块.impl.cpp:5492;自我线程模块.impl.cpp:8107;自我线程模块.impl.cpp:8124
yes	私有_需求目标语义可由直接子需求聚合_线程侧	私有_需求目标语义可由直接子需求聚合_线程侧	自我线程模块.impl.cpp:5788	3	服务所在模块的内部辅助流程。		自我线程模块.impl.cpp:5788;自我线程模块.impl.cpp:5891;自我线程模块.impl.cpp:5957
yes	私有_需求可作为当前候选_任务管理新链	私有_需求可作为当前候选_任务管理新链	自我线程模块.impl.cpp:5934	3	服务所在模块的内部辅助流程。		自我线程模块.impl.cpp:5934;自我线程模块.impl.cpp:6005;自我线程模块.impl.cpp:6032
yes	私有_确保线程I64状态比较_线程侧	私有_确保线程I64状态比较_线程侧	自我线程模块.impl.cpp:6381	3	确保目标结构、状态或前置条件存在并可用。		自我线程模块.impl.cpp:6381;自我线程模块.impl.cpp:6533;自我线程模块.impl.cpp:6540
yes	私有_按动态生成被动触发因果信息_线程侧	私有_按动态生成被动触发因果信息_线程侧	自我线程模块.impl.cpp:6415	3	按被动触发证据动态生成或命中因果信息。		自我线程模块.impl.cpp:6415;自我线程模块.impl.cpp:6481;自我线程模块.impl.cpp:6566
yes	私有_增强任务结算被动因果_线程侧	私有_增强任务结算被动因果_线程侧	自我线程模块.impl.cpp:6471	3	结算任务、需求、价值或结果贡献。		自我线程模块.impl.cpp:2023;自我线程模块.impl.cpp:2453;自我线程模块.impl.cpp:6471
yes	私有_增强父任务重筹办被动因果_线程侧	私有_增强父任务重筹办被动因果_线程侧	自我线程模块.impl.cpp:6501	3	推进任务筹办，形成候选、缺口或就绪回执。		自我线程模块.impl.cpp:2565;自我线程模块.impl.cpp:6160;自我线程模块.impl.cpp:6501
yes	私有_创建安全风险树状态比较_线程侧	私有_创建安全风险树状态比较_线程侧	自我线程模块.impl.cpp:6620	3	创建并返回或登记对应对象。		自我线程模块.impl.cpp:6375;自我线程模块.impl.cpp:6410;自我线程模块.impl.cpp:6620
yes	私有_记录抽象根特征定义读取_线程侧	私有_记录抽象根特征定义读取_线程侧	自我线程模块.impl.cpp:674	3	从指定来源读取数据或状态。		自我线程模块.impl.cpp:674;自我线程模块.impl.cpp:696;自我线程模块.impl.cpp:698
yes	私有_调用结算叶子任务价值本能方法_线程侧	私有_调用结算叶子任务价值本能方法_线程侧	自我线程模块.impl.cpp:7155	3	自我线程只负责决定调用“结算叶子任务价值”本能方法，并读取运行存在中的 实际安全结算结果；服务值增加由 G0 已确认成功服...		自我线程模块.impl.cpp:2010;自我线程模块.impl.cpp:2417;自我线程模块.impl.cpp:7155
yes	私有_刷新需求列表并确保需求相关任务_任务管理新链	私有_刷新需求列表并确保需求相关任务_任务管理新链	自我线程模块.impl.cpp:8171	3	确保目标结构、状态或前置条件存在并可用。		自我线程模块.impl.cpp:8171;自我线程模块.impl.cpp:14600;自我线程模块.impl.cpp:16756
yes	私有_自检父需求域可建维护管理分支_线程侧	私有_自检父需求域可建维护管理分支_线程侧	自我线程模块.impl.cpp:8926	3	服务所在模块的内部辅助流程。		自我线程模块.impl.cpp:8926;自我线程模块.impl.cpp:8969;自我线程模块.impl.cpp:9120
yes	私有_安全因果默认满足提交状态文本_线程侧	私有_安全因果默认满足提交状态文本_线程侧	自我线程模块.impl.cpp:907	3	渲染结构化状态供日志显示。		自我线程模块.impl.cpp:907;自我线程模块.impl.cpp:4644;自我线程模块.impl.cpp:7696
yes	私有_风险安全场景影响提交状态文本_线程侧	私有_风险安全场景影响提交状态文本_线程侧	自我线程模块.impl.cpp:926	3	渲染结构化状态供日志显示。		自我线程模块.impl.cpp:926;自我线程模块.impl.cpp:4669;自我线程模块.impl.cpp:7721
yes	私有_派生需求入树原因分类文本	私有_派生需求入树原因分类文本	自我线程模块.impl.cpp:9426	3	服务所在模块的内部辅助流程。		自我线程模块.impl.cpp:9426;自我线程模块.impl.cpp:9932;自我线程模块.impl.cpp:10555
yes	私有_需求入树拒绝回执合法终态_线程侧	私有_需求入树拒绝回执合法终态_线程侧	自我线程模块.impl.cpp:9700	3	判断拒绝回执处理状态是否已经进入规范允许的闭合终态。		自我线程模块.impl.cpp:9700;自我线程模块.impl.cpp:9806;自我线程模块.impl.cpp:9815
yes	合并线程状态消息到执行尝试汇总	合并线程状态消息到执行尝试汇总	自我线程模块.消息协议.ixx:1140	3	执行任务、方法或动作的主体逻辑。		自我线程模块.impl.cpp:13998;自我线程模块.消息协议.ixx:1140;自我线程模块.消息协议.ixx:1242
yes	合并结果消息到执行尝试汇总	合并结果消息到执行尝试汇总	自我线程模块.消息协议.ixx:1187	3	执行任务、方法或动作的主体逻辑。		自我线程模块.impl.cpp:14010;自我线程模块.消息协议.ixx:1187;自我线程模块.消息协议.ixx:1251
yes	默认消息优先级	默认消息优先级	自我线程模块.消息协议.ixx:438	3	按函数名执行对应处理。		自我线程模块.impl.cpp:15144;自我线程模块.消息协议.ixx:438;自我线程模块.消息协议.ixx:720
yes	默认可抢占	默认可抢占	自我线程模块.消息协议.ixx:462	3	按函数名执行对应处理。		自我线程模块.impl.cpp:15147;自我线程模块.消息协议.ixx:462;自我线程模块.消息协议.ixx:723
yes	从处理类型映射动作类型	从处理类型映射动作类型	自我线程模块.消息协议.ixx:474	3	按函数名执行对应处理。		自我线程模块.消息协议.ixx:474;自我线程模块.消息协议.ixx:726;自我线程模块.消息协议.ixx:779
yes	同步自检报告消息语义槽	同步自检报告消息语义槽	自我线程模块.消息协议.ixx:551	3	同步线程、任务、场景或对象之间的状态。		自我线程模块.消息协议.ixx:551;自我线程模块.消息协议.ixx:1611;自检线程模块.impl.cpp:1350
yes	同步特征变化项语义槽	同步特征变化项语义槽	自我线程模块.消息协议.ixx:560	3	同步线程、任务、场景或对象之间的状态。		自我线程模块.消息协议.ixx:560;自我线程模块.消息协议.ixx:622;自我线程模块.消息协议.ixx:647
yes	同步执行尝试对账结果语义槽	同步执行尝试对账结果语义槽	自我线程模块.消息协议.ixx:569	3	同步线程、任务、场景或对象之间的状态。		自我线程模块.消息协议.ixx:569;自我线程模块.消息协议.ixx:587;自我线程模块.消息协议.ixx:599
yes	建立执行尝试汇总基准	建立执行尝试汇总基准	自我线程模块.消息协议.ixx:948	3	把任务管理消息头同步为执行尝试汇总的数值基准。		自我线程模块.消息协议.ixx:948;自我线程模块.消息协议.ixx:1150;自我线程模块.消息协议.ixx:1197
yes	执行尝试汇总基准可对齐	执行尝试汇总基准可对齐	自我线程模块.消息协议.ixx:963	3	判断任务管理消息头是否可并入现有执行尝试汇总。		自我线程模块.消息协议.ixx:963;自我线程模块.消息协议.ixx:1151;自我线程模块.消息协议.ixx:1198
yes	处理治理消息批次	处理治理消息批次	自我线程模块.消息处理器.ixx:421	3	按函数名执行对应处理。		自我线程模块.impl.cpp:15692;自我线程模块.消息处理器.ixx:421;自我线程模块.消息处理器.ixx:456
yes	定位需求节点	定位需求节点	自我线程模块.消息处理器.ixx:88	3	按函数名执行对应处理。		自我线程模块.消息处理器.ixx:88;自我线程模块.消息处理器.ixx:479;自我线程模块.消息处理器.ixx:504
yes	追加特征值幂等摘要	追加特征值幂等摘要	自我线程模块.消息批次执行器.ixx:57	3	按函数名执行对应处理。		自我线程模块.消息批次执行器.ixx:57;自我线程模块.消息批次执行器.ixx:106;自我线程模块.消息批次执行器.ixx:108
yes	自检线程生命周期文本	自检线程生命周期文本	自检线程模块.impl.cpp:1372	3	按函数名执行对应处理。		自检线程模块.impl.cpp:1372;自检线程模块.ixx:146;鱼巢.cpp:496
yes	自检线程模式文本	自检线程模式文本	自检线程模块.impl.cpp:1386	3	按函数名执行对应处理。		自检线程模块.impl.cpp:1386;自检线程模块.ixx:147;鱼巢.cpp:498
yes	私有_检查自检基础信息_自检	私有_检查自检基础信息_自检	自检线程模块.impl.cpp:158	3	检查状态、条件、缺口或运行约束。		自检线程模块.impl.cpp:158;自检线程模块.impl.cpp:1588;自检线程模块.impl.cpp:1633
yes	启动自检线程	启动自检线程	自检线程模块.impl.cpp:2104	3	启动线程、模块或运行流程。		自检线程模块.impl.cpp:2104;自检线程模块.ixx:141;鱼巢.cpp:1448
yes	停止自检线程	停止自检线程	自检线程模块.impl.cpp:2116	3	停止线程、模块或运行流程。		自检线程模块.impl.cpp:2116;自检线程模块.ixx:143;鱼巢.cpp:1067
yes	私有_自检基础信息预检日志文本_自检	私有_自检基础信息预检日志文本_自检	自检线程模块.impl.cpp:233	3	把自检基础信息预检结构化结果转换为日志文本。		自检线程模块.impl.cpp:233;自检线程模块.impl.cpp:1589;自检线程模块.impl.cpp:1634
yes	私有_读取方法运行账时间_自检	私有_读取方法运行账时间_自检	自检线程模块.impl.cpp:412	3	从指定来源读取数据或状态。		自检线程模块.impl.cpp:412;自检线程模块.impl.cpp:1866;自检线程模块.impl.cpp:1869
yes	私有_根特征类型文本_自检	私有_根特征类型文本_自检	自检线程模块.impl.cpp:580	3	服务所在模块的内部辅助流程。		自检线程模块.impl.cpp:580;自检线程模块.impl.cpp:818;自检线程模块.impl.cpp:905
yes	私有_读取抽象特征I64区间_自检	私有_读取抽象特征I64区间_自检	自检线程模块.impl.cpp:641	3	从指定来源读取数据或状态。		自检线程模块.impl.cpp:641;自检线程模块.impl.cpp:748;自检线程模块.impl.cpp:758
yes	私有_特征_条件结果对数量_自检	私有_特征_条件结果对数量_自检	自检线程模块.impl.cpp:83	3	服务所在模块的内部辅助流程。		自检线程模块.impl.cpp:83;自检线程模块.impl.cpp:1306;自检线程模块.impl.cpp:1776
yes	私有_特征_条件结果对命中次数_自检	私有_特征_条件结果对命中次数_自检	自检线程模块.impl.cpp:91	3	服务所在模块的内部辅助流程。		自检线程模块.impl.cpp:91;自检线程模块.impl.cpp:1307;自检线程模块.impl.cpp:1778
yes	私有_收集根特征自检缺口候选_自检	私有_收集根特征自检缺口候选_自检	自检线程模块.impl.cpp:938	3	服务所在模块的内部辅助流程。		自检线程模块.impl.cpp:938;自检线程模块.impl.cpp:1715;自检线程模块.impl.cpp:1968
yes	私有_文本到枚举映射表	私有_文本到枚举映射表	语素类.cpp:25	3	服务所在模块的内部辅助流程。		语素类.cpp:25;语素类.cpp:1667;语素类.cpp:1691
yes	私有_收集语素SQL同层	私有_收集语素SQL同层	语素类.cpp:407	3	服务所在模块的内部辅助流程。		语素类.cpp:407;语素类.cpp:467;语素类.cpp:860
yes	私有_收集语素SQL节点	私有_收集语素SQL节点	语素类.cpp:438	3	服务所在模块的内部辅助流程。		语素类.cpp:399;语素类.cpp:425;语素类.cpp:438
yes	私有_二次特征维度短语	私有_二次特征维度短语	语言类_二次特征表达.cpp:109	3	服务所在模块的内部辅助流程。		语言类_二次特征表达.cpp:109;语言类_二次特征表达.cpp:233;语言类_二次特征表达.cpp:350
yes	私有_二次特征比较对象名称	私有_二次特征比较对象名称	语言类_二次特征表达.cpp:91	3	比较当前值、目标值或历史基准。		语言类_二次特征表达.cpp:91;语言类_二次特征表达.cpp:250;语言类_二次特征表达.cpp:349
yes	私有_状态特征类型主键_需求方向	私有_状态特征类型主键_需求方向	需求类.cpp:1003	3	服务所在模块的内部辅助流程。		需求类.cpp:1003;需求类.cpp:1149;需求类.cpp:1155
yes	私有_枚举目标允许有序比较	私有_枚举目标允许有序比较	需求类.cpp:1099	3	比较当前值、目标值或历史基准。		需求类.cpp:1099;需求类.cpp:1115;需求类.cpp:2461
yes	私有_收集需求树SQL行	私有_收集需求树SQL行	需求类.cpp:131	3	服务所在模块的内部辅助流程。		需求类.cpp:131;需求类.cpp:217;需求类.cpp:2537
yes	需求类::读取需求场景引用	读取需求场景引用	需求类.cpp:1608	3	读取需求场景引用，不修改需求树。		任务模块.管理界面线程.impl.cpp:3909;自我线程模块.impl.cpp:10325;需求类.cpp:1608
yes	需求类::提交需求结算收束	提交需求结算收束	需求类.cpp:1782	3	提交需求结算摘要和可选目标状态收束，不直接修改需求树结构。		自我动作实现模块.ixx:12632;自我线程模块.impl.cpp:7010;需求类.cpp:1782
yes	需求类::普通候选方法筹办禁止原因	普通候选方法筹办禁止原因	需求类.cpp:1973	3	推进任务筹办，形成候选、缺口或就绪回执。		控制面板类.cpp:2980;需求类.cpp:1973;需求类.cpp:1994
yes	需求类::普通候选方法筹办禁止原因	普通候选方法筹办禁止原因	需求类.cpp:1994	3	推进任务筹办，形成候选、缺口或就绪回执。		控制面板类.cpp:2980;需求类.cpp:1973;需求类.cpp:1994
yes	需求类::构造满足需求指令	构造满足需求指令	需求类.cpp:2011	3	构造满足需求更新指令，不直接修改需求树。		自我线程模块.impl.cpp:11480;自我线程模块.impl.cpp:12191;需求类.cpp:2011
yes	需求类::构造需求目标关系更新指令	构造需求目标关系更新指令	需求类.cpp:2113	3	构造需求目标关系更新指令，不直接修改需求树。		自我线程模块.impl.cpp:8497;自我线程模块.impl.cpp:10113;需求类.cpp:2113
yes	需求类::按主键解析需求节点	按主键解析需求节点	需求类.cpp:2504	3	按主键解析给定需求树根下的需求节点，不创建或修改节点。		任务模块.筹办.ixx:436;任务模块.管理界面线程.impl.cpp:3807;需求类.cpp:2504
yes	需求类::重写需求树SQL投影	重写需求树SQL投影	需求类.cpp:2521	3	建立对象、任务、方法或因果之间的绑定关系。		任务模块.管理界面线程.impl.cpp:1954;需求类.cpp:2521;鱼巢.cpp:1118
yes	私有_解析状态节点_需求校验	私有_解析状态节点_需求校验	需求类.cpp:952	3	解析输入文本、消息、场景或运行包。		需求类.cpp:952;需求类.cpp:2480;需求类.cpp:2483
yes	私有_解析状态引用_控制命令	私有_解析状态引用_控制命令	鱼巢.cpp:1759	3	解析输入文本、消息、场景或运行包。		鱼巢.cpp:1759;鱼巢.cpp:1974;鱼巢.cpp:1977
yes	私有_任务追踪特征_当前方法运行存在	私有_任务追踪特征_当前方法运行存在	鱼巢.cpp:1862	3	执行对应模块、线程或方法的运行逻辑。		鱼巢.cpp:1862;鱼巢.cpp:1926;鱼巢.cpp:2004
yes	私有_任务虚拟存在指针特征	私有_任务虚拟存在指针特征	鱼巢.cpp:1896	3	服务所在模块的内部辅助流程。		鱼巢.cpp:1896;鱼巢.cpp:1916;鱼巢.cpp:1924
yes	main	main	鱼巢.cpp:2231	3	启动项目主流程。		控制面板类.cpp:14408;控制面板类.cpp:14417;鱼巢.cpp:2231
yes	私有_渲染自检线程摘要	私有_渲染自检线程摘要	鱼巢.cpp:488	3	生成展示用文本、界面片段或可视化内容。		鱼巢.cpp:488;鱼巢.cpp:2199;鱼巢.cpp:2262
yes	私有_根层重判结果文本	私有_根层重判结果文本	鱼巢.cpp:549	3	服务所在模块的内部辅助流程。		自我线程模块.impl.cpp:12695;鱼巢.cpp:549;鱼巢.cpp:818
yes	私有_执行前门控结果文本	私有_执行前门控结果文本	鱼巢.cpp:561	3	执行任务、方法或动作的主体逻辑。		自我线程模块.impl.cpp:12707;鱼巢.cpp:561;鱼巢.cpp:819
yes	私有_任务管理总控结果文本	私有_任务管理总控结果文本	鱼巢.cpp:573	3	服务所在模块的内部辅助流程。		控制面板类.cpp:1117;鱼巢.cpp:573;鱼巢.cpp:820
yes	私有_写多行运行日志	私有_写多行运行日志	鱼巢.cpp:618	3	执行对应模块、线程或方法的运行逻辑。		鱼巢.cpp:618;鱼巢.cpp:1052;鱼巢.cpp:2091
yes	私有_枚举任务子节点	私有_枚举任务子节点	鱼巢.cpp:630	3	服务所在模块的内部辅助流程。		鱼巢.cpp:140;鱼巢.cpp:630;鱼巢.cpp:651
yes	私有_输出启动说明	私有_输出启动说明	鱼巢.cpp:82	3	输出控制台启动说明并追加启动项间隔和累计用时。		鱼巢.cpp:69;鱼巢.cpp:73;鱼巢.cpp:82
yes	ROI重叠面积	ROI重叠面积	全局共享函数类.ixx:557	3	计算两个闭合 ROI 的重叠面积。	constructor_like	全局共享函数类.ixx:557;自我动作实现.外设模块.ixx:10971;自我动作实现.外设模块.ixx:11004
yes	提取摘要	提取摘要	动作验证报告类.h:141	3	按函数名执行对应处理。	header_definition	任务模块.执行.ixx:410;任务模块.管理工作线程.ixx:1892;动作验证报告类.h:141
yes	插入到全链尾	插入到全链尾	双向链表模板核心.h:124	3	按函数名执行对应处理。	header_definition	双向链表模板核心.h:124;双向链表模板核心.h:272;双向链表模板核心.h:323
yes	获取新主键	获取新主键	双向链表模板核心.h:173	3	读取并返回指定对象、状态或运行材料。	header_definition	双向链表模板核心.h:173;双向链表模板核心.h:265;双向链表模板核心.h:310
yes	初始化新节点_已加锁	初始化新节点_已加锁	双向链表模板核心.h:197	3	初始化相关对象、状态或运行上下文。	header_definition	双向链表模板核心.h:197;双向链表模板核心.h:260;双向链表模板核心.h:307
yes	私有_设置同层环头	私有_设置同层环头	双向链表模板核心.h:204	3	设置对象字段、状态或运行参数。	header_definition	双向链表模板_深拷贝.inl:105;双向链表模板核心.h:204;双向链表模板核心.h:527
yes	私有_旧比较接口命中	私有_旧比较接口命中	双向链表模板核心.h:235	3	比较当前值、目标值或历史基准。	header_definition	双向链表模板核心.h:235;双向链表模板核心.h:431;双向链表模板核心.h:434
yes	查找主键_已加锁	查找主键_已加锁	双向链表模板核心.h:354	3	=============================================================...	header_definition	双向链表模板核心.h:354;双向链表模板核心.h:368;双向链表模板核心.h:491
yes	修改节点信息_已加锁	修改节点信息_已加锁	双向链表模板核心.h:472	3	=============================================================...	header_definition	双向链表模板核心.h:472;双向链表模板核心.h:484;双向链表模板核心.h:492
yes	删除子链_已加锁	删除子链_已加锁	双向链表模板核心.h:542	3	删除指定对象、状态或登记项。	header_definition	双向链表模板核心.h:509;双向链表模板核心.h:542;双向链表模板核心.h:565
yes	删除链表_已加锁	删除链表_已加锁	双向链表模板核心.h:569	3	删除指定对象、状态或登记项。	header_definition	双向链表模板_序列化.inl:225;双向链表模板核心.h:569;双向链表模板核心.h:585
yes	插入到同层节点后	插入到同层节点后	双向链表模板核心.h:98	3	按函数名执行对应处理。	header_definition	双向链表模板核心.h:98;双向链表模板核心.h:263;双向链表模板核心.h:318
yes	语言记录主信息类	语言记录主信息类	基础信息主信息类.h:138	3	记录日志、动态、证据或运行痕迹。	header_definition	基础信息主信息类.h:138;基础信息主信息类.h:143;基础信息类.cpp:315
yes	语言记录主信息类	语言记录主信息类	基础信息主信息类.h:143	3	记录日志、动态、证据或运行痕迹。	header_definition	基础信息主信息类.h:138;基础信息主信息类.h:143;基础信息类.cpp:315
yes	场景节点主信息类	场景节点主信息类	基础信息主信息类.h:445	3	按函数名执行对应处理。	header_definition	基础信息主信息类.h:445;基础信息主信息类.h:448;基础信息类.cpp:298
yes	场景节点主信息类	场景节点主信息类	基础信息主信息类.h:448	3	按函数名执行对应处理。	header_definition	基础信息主信息类.h:445;基础信息主信息类.h:448;基础信息类.cpp:298
yes	方向区间文本	方向区间文本	基础信息主信息类.h:628	3	按函数名执行对应处理。	header_definition	二次特征应用模块.ixx:1980;二次特征应用模块.ixx:2044;基础信息主信息类.h:628
yes	计算稳定度	计算稳定度	基础信息主信息类.h:943	3	计算权重、状态、差值或派生结果。	header_definition	因果类.cpp:1358;基础信息主信息类.h:943;控制面板类.cpp:5033
yes	比较量方向掩码	比较量方向掩码	基础数据类型.h:105	3	比较当前值、目标值或历史基准。	header_definition	基础信息主信息类.h:664;基础数据类型.h:105;基础数据类型.h:115
yes	有效颜色	有效颜色	基础数据类型.h:1099	3	按函数名执行对应处理。	header_definition	双目相机本能适配器.cpp:976;双目相机本能适配器.cpp:977;基础数据类型.h:1099
yes	有效深度掩膜	有效深度掩膜	基础数据类型.h:1105	3	按函数名执行对应处理。	header_definition	双目相机本能适配器.cpp:119;双目相机本能适配器.cpp:154;基础数据类型.h:1105
yes	特征生命周期仍在试用暴露期	特征生命周期仍在试用暴露期	基础数据类型.h:1226	3	按函数名执行对应处理。	header_definition	基础数据类型.h:1226;基础数据类型.h:1237;基础数据类型.h:1252
yes	可解析引用	可解析引用	基础数据类型.h:134	3	解析输入文本、消息、场景或运行包。	header_definition	基础数据类型.h:131;基础数据类型.h:134;基础数据类型.h:137
yes	可解析引用	可解析引用	基础数据类型.h:137	3	解析输入文本、消息、场景或运行包。	header_definition	基础数据类型.h:131;基础数据类型.h:134;基础数据类型.h:137
yes	清空	清空	基础数据类型.h:173	3	按函数名执行对应处理。	header_definition	二次特征类.cpp:1760;基础数据类型.h:173;特征类.cpp:2839
yes	私有_提取主键	私有_提取主键	基础数据类型.h:189	3	服务所在模块的内部辅助流程。	header_definition	基础数据类型.h:160;基础数据类型.h:169;基础数据类型.h:189
yes	operator==	operator==	基础数据类型.h:233	3	按函数名执行对应处理。	operator_or_destructor,header_definition	基础数据类型.h:233;基础数据类型.h:238;基础数据类型.h:470
yes	operator==	operator==	基础数据类型.h:238	3	按函数名执行对应处理。	operator_or_destructor,header_definition	基础数据类型.h:233;基础数据类型.h:238;基础数据类型.h:470
yes	点值	点值	基础数据类型.h:33	3	按函数名执行对应处理。	header_definition	二次特征应用模块.ixx:48;二次特征应用模块.ixx:150;基础数据类型.h:33
yes	operator==	operator==	基础数据类型.h:470	3	按函数名执行对应处理。	operator_or_destructor,header_definition	基础数据类型.h:233;基础数据类型.h:238;基础数据类型.h:470
yes	解码VecIU64为VecI64	解码VecIU64为VecI64	基础数据类型.h:680	3	按函数名执行对应处理。	header_definition	世界树类.cpp:3683;世界树类.cpp:3699;基础数据类型.h:680
yes	operator*	operator*	基础数据类型.h:818	3	===== 关键：标量乘法（成员函数）=====	operator_or_destructor,header_definition	基础数据类型.h:818;基础数据类型.h:901;基础数据类型.h:939
yes	operator*	operator*	基础数据类型.h:901	3	复合旋转：this ⊗ r	operator_or_destructor,header_definition	基础数据类型.h:818;基础数据类型.h:901;基础数据类型.h:939
yes	operator*	operator*	基础数据类型.h:939	3	===== 额外：非成员函数版本，支持 double * Vector3D（如 0.5 * vec）=====	operator_or_destructor,header_definition	基础数据类型.h:818;基础数据类型.h:901;基础数据类型.h:939
yes	D455_写入跨帧簇缓存项	D455_写入跨帧簇缓存项	外设线程_D455深度相机.ixx:1023	3	把处理结果写入指定对象、场景或日志。	constructor_like	外设线程_D455深度相机.ixx:1023;外设线程_D455深度相机.ixx:1156;外设线程_D455深度相机.ixx:1181
yes	D455_构造Tracker轨迹状态generation	D455_构造Tracker轨迹状态generation	外设线程_D455深度相机.ixx:1059	3	按函数名执行对应处理。	constructor_like	外设线程_D455深度相机.ixx:1059;外设线程_D455深度相机.ixx:1083;外设线程_D455深度相机.ixx:1100
yes	D455_更新逐簇识别报告跨帧采集状态	D455_更新逐簇识别报告跨帧采集状态	外设线程_D455深度相机.ixx:1108	3	更新已有对象、状态、索引或缓存。	constructor_like	外设线程_D455深度相机.ixx:1108;外设线程_D455深度相机.ixx:2712;外设线程_D455深度相机.ixx:3100
yes	D455_从调用结果生成样本	D455_从调用结果生成样本	外设线程_D455深度相机.ixx:1327	3	根据当前输入生成目标数据、场景、动态或回执。	constructor_like	外设线程_D455深度相机.ixx:1327;外设线程_D455深度相机.ixx:2973;外设线程_D455深度相机.ixx:3019
yes	D455_从调用结果生成逐簇识别报告	D455_从调用结果生成逐簇识别报告	外设线程_D455深度相机.ixx:1376	3	根据当前输入生成目标数据、场景、动态或回执。	constructor_like	外设线程_D455深度相机.ixx:1376;外设线程_D455深度相机.ixx:2711;外设线程_D455深度相机.ixx:3099
yes	D455深度相机线程生命周期文本	D455深度相机线程生命周期文本	外设线程_D455深度相机.ixx:139	3	按函数名执行对应处理。	constructor_like	外设线程_D455深度相机.ixx:103;外设线程_D455深度相机.ixx:139;外设线程_D455深度相机.ixx:3188
yes	D455_复制观察报告帧摘要	D455_复制观察报告帧摘要	外设线程_D455深度相机.ixx:1681	3	按函数名执行对应处理。	constructor_like	外设线程_D455深度相机.ixx:1681;外设线程_D455深度相机.ixx:2076;外设线程_D455深度相机.ixx:2251
yes	D455_按跨帧簇ID查找观察像素簇	D455_按跨帧簇ID查找观察像素簇	外设线程_D455深度相机.ixx:1744	3	按条件查找目标对象、方法或事实。	constructor_like	外设线程_D455深度相机.ixx:1744;外设线程_D455深度相机.ixx:2117;外设线程_D455深度相机.ixx:2128
yes	D455_目标约束使用状态_由判定	D455_目标约束使用状态_由判定	外设线程_D455深度相机.ixx:1846	3	按函数名执行对应处理。	constructor_like	外设线程_D455深度相机.ixx:1846;外设线程_D455深度相机.ixx:2080;外设线程_D455深度相机.ixx:2261
yes	D455_写入报告目标观察约束字段	D455_写入报告目标观察约束字段	外设线程_D455深度相机.ixx:1868	3	把处理结果写入指定对象、场景或日志。	constructor_like	外设线程_D455深度相机.ixx:1868;外设线程_D455深度相机.ixx:2082;外设线程_D455深度相机.ixx:2263
yes	D455_选择目标约束命中簇	D455_选择目标约束命中簇	外设线程_D455深度相机.ixx:2007	3	从候选集中选择当前使用对象或方法。	constructor_like	外设线程_D455深度相机.ixx:2007;外设线程_D455深度相机.ixx:2093;外设线程_D455深度相机.ixx:2271
yes	D455_从逐簇识别报告生成扫描变化报告_带上下文	D455_从逐簇识别报告生成扫描变化报告_带上下文	外设线程_D455深度相机.ixx:2061	3	根据当前输入生成目标数据、场景、动态或回执。	constructor_like	外设线程_D455深度相机.ixx:2061;外设线程_D455深度相机.ixx:2149;外设线程_D455深度相机.ixx:3111
yes	D455_记录跟踪成功到缓存	D455_记录跟踪成功到缓存	外设线程_D455深度相机.ixx:2185	3	记录日志、动态、证据或运行痕迹。	constructor_like	外设线程_D455深度相机.ixx:2185;外设线程_D455深度相机.ixx:2294;外设线程_D455深度相机.ixx:2337
yes	D455_跟踪稳定缓存	D455_跟踪稳定缓存	外设线程_D455深度相机.ixx:231	3	执行跟踪相关定位、匹配或结果输出逻辑。	constructor_like	外设线程_D455深度相机.ixx:231;外设线程_D455深度相机.ixx:241;外设线程_D455深度相机.ixx:248
yes	D455_观察候选样本对稳定	D455_观察候选样本对稳定	外设线程_D455深度相机.ixx:2370	3	按函数名执行对应处理。	constructor_like	外设线程_D455深度相机.ixx:2370;外设线程_D455深度相机.ixx:2437;外设线程_D455深度相机.ixx:2446
yes	D455_确保跟踪稳定缓存项_已加锁	D455_确保跟踪稳定缓存项_已加锁	外设线程_D455深度相机.ixx:245	3	确保目标结构、状态或前置条件存在并可用。	constructor_like	外设线程_D455深度相机.ixx:245;外设线程_D455深度相机.ixx:2169;外设线程_D455深度相机.ixx:2195
yes	D455_写入状态结果	D455_写入状态结果	外设线程_D455深度相机.ixx:2461	3	把处理结果写入指定对象、场景或日志。	constructor_like	外设线程_D455深度相机.ixx:2461;外设线程_D455深度相机.ixx:2960;外设线程_D455深度相机.ixx:2985
yes	D455_跨帧观察簇缓存锁	D455_跨帧观察簇缓存锁	外设线程_D455深度相机.ixx:264	3	按函数名执行对应处理。	constructor_like	外设线程_D455深度相机.ixx:264;外设线程_D455深度相机.ixx:287;外设线程_D455深度相机.ixx:1114
yes	D455_跨帧观察簇缓存	D455_跨帧观察簇缓存	外设线程_D455深度相机.ixx:271	3	按函数名执行对应处理。	constructor_like	外设线程_D455深度相机.ixx:271;外设线程_D455深度相机.ixx:288;外设线程_D455深度相机.ixx:1115
yes	D455_下一跨帧观察簇ID	D455_下一跨帧观察簇ID	外设线程_D455深度相机.ixx:278	3	按函数名执行对应处理。	constructor_like	外设线程_D455深度相机.ixx:278;外设线程_D455深度相机.ixx:289;外设线程_D455深度相机.ixx:1147
yes	D455_迁移分割像素在深度切片	D455_迁移分割像素在深度切片	外设线程_D455深度相机.ixx:381	3	按函数名执行对应处理。	constructor_like	外设线程_D455深度相机.ixx:381;外设线程_D455深度相机.ixx:622;外设线程_D455深度相机.ixx:697
yes	D455_写回迁移分割空间候选	D455_写回迁移分割空间候选	外设线程_D455深度相机.ixx:737	3	按函数名执行对应处理。	constructor_like	外设线程_D455深度相机.ixx:737;外设线程_D455深度相机.ixx:3009;外设线程_D455深度相机.ixx:3094
yes	D455_句柄前缀有效	D455_句柄前缀有效	外设观察报告队列.ixx:1251	3	按函数名执行对应处理。	constructor_like	外设观察报告队列.ixx:1251;外设观察报告队列.ixx:1260;外设观察报告队列.ixx:2620
yes	D455_句柄资源类型	D455_句柄资源类型	外设观察报告队列.ixx:1257	3	按函数名执行对应处理。	constructor_like	外设观察报告队列.ixx:1257;外设观察报告队列.ixx:2625;外设观察报告队列.ixx:2841
yes	D455_空间坐标材料有效	D455_空间坐标材料有效	外设观察报告队列.ixx:1298	3	按函数名执行对应处理。	constructor_like	外设观察报告队列.ixx:1298;外设观察报告队列.ixx:1488;外设观察报告队列.ixx:2724
yes	D455_查找材料页空间候选	D455_查找材料页空间候选	外设观察报告队列.ixx:1305	3	按条件查找目标对象、方法或事实。	constructor_like	外设观察报告队列.ixx:1305;外设观察报告队列.ixx:1472;外设观察报告队列.ixx:2853
yes	D455_尝试匹配帧句柄	D455_尝试匹配帧句柄	外设观察报告队列.ixx:1347	3	按函数名执行对应处理。	constructor_like	外设观察报告队列.ixx:1347;外设观察报告队列.ixx:2639;外设观察报告队列.ixx:2647
yes	是否方法首节点	是否方法首节点	方法主信息类.h:277	3	按函数名执行对应处理。	header_definition	方法主信息类.h:277;方法主信息类.h:293;方法主信息类.h:299
yes	是否方法条件节点	是否方法条件节点	方法主信息类.h:282	3	按函数名执行对应处理。	header_definition	方法主信息类.h:282;方法主信息类.h:305;方法主信息类.h:311
yes	是否方法结果节点	是否方法结果节点	方法主信息类.h:287	3	按函数名执行对应处理。	header_definition	方法主信息类.h:287;方法主信息类.h:317;方法主信息类.h:323
yes	私有_比较整数	私有_比较整数	特征值主信息类.h:85	3	比较当前值、目标值或历史基准。	header_definition	特征值主信息类.h:41;特征值主信息类.h:43;特征值主信息类.h:85
yes	私有_重建缓存_已加锁	私有_重建缓存_已加锁	特征值类.h:205	3	服务所在模块的内部辅助流程。	header_definition	特征值类.h:29;特征值类.h:201;特征值类.h:205
yes	FNV1a64_混入64位值	FNV1a64_混入64位值	特征值类.h:224	3	按函数名执行对应处理。	header_definition,constructor_like	特征值类.h:224;特征值类.h:236;特征值类.h:237
yes	私有_哈希层	私有_哈希层	特征值类.h:242	3	服务所在模块的内部辅助流程。	header_definition	特征值类.h:242;特征值类.h:295;特征值类.h:358
yes	取节点	取节点	特征值类.h:81	3	按函数名执行对应处理。	header_definition	特征值类.h:81;特征类.cpp:3579;特征类.cpp:3885
yes	D455观察材料句柄可回查	D455观察材料句柄可回查	自我动作实现.外设模块.ixx:13387	3	按函数名执行对应处理。	constructor_like	自我动作实现.外设模块.ixx:13387;自我动作实现.外设模块.ixx:13448;自我动作实现.外设模块.ixx:13450
yes	信息入口需要上下文限定	信息入口需要上下文限定	语素主信息类.h:107	3	按函数名执行对应处理。	header_definition	语素主信息类.h:107;语素类.cpp:1353;语素类.h:106
yes	信息入口裸词默认模板入口	信息入口裸词默认模板入口	语素主信息类.h:114	3	按函数名执行对应处理。	header_definition	语素主信息类.h:114;语素类.cpp:1359;语素类.h:107
yes	基础信息类型可由语素入口模板创建	基础信息类型可由语素入口模板创建	语素主信息类.h:310	3	创建并返回或登记对应对象。	header_definition	语素主信息类.h:310;语素类.cpp:1371;语素类.h:109
yes	信息入口类型已确定	信息入口类型已确定	语素主信息类.h:443	3	按函数名执行对应处理。	header_definition	语素主信息类.h:443;语素类.cpp:370;语素类.cpp:376
yes	取信息入口默认人类词性	取信息入口默认人类词性	语素主信息类.h:93	3	按函数名执行对应处理。	header_definition	语素主信息类.h:93;语素主信息类.h:419;语素类.cpp:1341
yes	按主键定位节点_已加锁	按主键定位节点_已加锁	需求类.h:721	3	按函数名执行对应处理。	header_definition	需求类.cpp:2517;需求类.h:721;需求类.h:783
yes	查找直接子需求_按目标重叠_已加锁	查找直接子需求_按目标重叠_已加锁	需求类.h:993	3	按条件查找目标对象、方法或事实。	header_definition	需求类.h:619;需求类.h:993;需求类.h:1168
yes	索引	索引	D455相机类.cpp:264	4	按函数名执行对应处理。		D455相机类.cpp:264;D455相机类.cpp:418;D455相机类.cpp:528;基础数据类型.h:1108
yes	复制深度帧毫米	复制深度帧毫米	D455相机类.cpp:274	4	按函数名执行对应处理。		D455相机类.cpp:152;D455相机类.cpp:158;D455相机类.cpp:161;D455相机类.cpp:274
yes	clamp_u8	clamp_u8	D455相机类.cpp:303	4	按函数名执行对应处理。		D455相机类.cpp:303;D455相机类.cpp:333;D455相机类.cpp:334;D455相机类.cpp:335
yes	私有_世界树SQL主信息类型文本	私有_世界树SQL主信息类型文本	世界树类.cpp:289	4	服务所在模块的内部辅助流程。		世界树类.cpp:289;世界树类.cpp:369;世界树类.cpp:520;世界树类.cpp:1817
yes	私有_世界树SQL节点短标题	私有_世界树SQL节点短标题	世界树类.cpp:344	4	服务所在模块的内部辅助流程。		世界树类.cpp:344;世界树类.cpp:411;世界树类.cpp:526;世界树类.cpp:1809
yes	私有_特征_存在场景绝对坐标X	私有_特征_存在场景绝对坐标X	世界树类.cpp:61	4	服务所在模块的内部辅助流程。		世界树类.cpp:61;存在类.cpp:39;存在类.cpp:370;存在类.cpp:820
yes	私有_特征_存在场景绝对坐标Y	私有_特征_存在场景绝对坐标Y	世界树类.cpp:67	4	服务所在模块的内部辅助流程。		世界树类.cpp:67;存在类.cpp:45;存在类.cpp:371;存在类.cpp:821
yes	私有_特征_存在场景绝对坐标Z	私有_特征_存在场景绝对坐标Z	世界树类.cpp:73	4	服务所在模块的内部辅助流程。		世界树类.cpp:73;存在类.cpp:51;存在类.cpp:372;存在类.cpp:822
yes	私有_特征_存在场景绝对坐标明确状态	私有_特征_存在场景绝对坐标明确状态	世界树类.cpp:79	4	服务所在模块的内部辅助流程。		世界树类.cpp:79;存在类.cpp:57;存在类.cpp:362;存在类.cpp:823
yes	私有_追加去重二次特征	私有_追加去重二次特征	二次特征应用模块.ixx:1117	4	服务所在模块的内部辅助流程。		二次特征应用模块.ixx:1117;二次特征应用模块.ixx:1754;二次特征应用模块.ixx:1932;二次特征应用模块.ixx:2962
yes	私有_计算距离_mm	私有_计算距离_mm	二次特征应用模块.ixx:2190	4	计算权重、状态、差值或派生结果。		二次特征应用模块.ixx:2190;二次特征应用模块.ixx:3530;存在类.cpp:22;存在类.cpp:783
yes	私有_规范化左右对象	私有_规范化左右对象	二次特征应用模块.ixx:2199	4	服务所在模块的内部辅助流程。		二次特征应用模块.ixx:2199;二次特征应用模块.ixx:2913;二次特征应用模块.ixx:3008;二次特征应用模块.ixx:3528
yes	区间有效	区间有效	二次特征应用模块.ixx:36	4	按函数名执行对应处理。		二次特征应用模块.ixx:36;二次特征应用模块.ixx:144;二次特征应用模块.ixx:145;二次特征应用模块.ixx:236
yes	主信息	主信息	二次特征应用模块.ixx:42	4	按函数名执行对应处理。		二次特征应用模块.ixx:42;二次特征应用模块.ixx:79;二次特征应用模块.ixx:80;二次特征应用模块.ixx:135
yes	二次特征类::读取方向比较结果编码_直接	读取方向比较结果编码_直接	二次特征类.cpp:400	4	读取方向比较结果编码，不创建或修改节点。		二次特征类.cpp:400;二次特征类.cpp:431;任务模块.筹办.ixx:497;方法类.cpp:638
yes	二次特征类::读取方向比较结果编码_直接	读取方向比较结果编码_直接	二次特征类.cpp:431	4	读取方向比较结果编码，不创建或修改节点。		二次特征类.cpp:400;二次特征类.cpp:431;任务模块.筹办.ixx:497;方法类.cpp:638
yes	二次特征类::读取标量值_直接	读取标量值_直接	二次特征类.cpp:479	4	读取二次特征标量值，不创建或修改节点。		二次特征类.cpp:479;自我线程模块.impl.cpp:14322;自我线程模块.impl.cpp:14344;自我线程模块.impl.cpp:14354
yes	同步任务管理执行前许可请求语义槽	同步任务管理执行前许可请求语义槽	任务模块.工作线程消息协议.ixx:392	4	同步线程、任务、场景或对象之间的状态。		任务模块.工作线程消息协议.ixx:392;任务模块.工作线程消息协议.ixx:418;任务模块.管理界面线程.impl.cpp:5996;自我线程模块.消息协议.ixx:1699
yes	是否线程状态消息表示执行结束	是否线程状态消息表示执行结束	任务模块.工作线程消息协议.ixx:571	4	执行任务、方法或动作的主体逻辑。		任务模块.工作线程消息协议.ixx:571;任务模块.工作线程消息协议.ixx:608;自我线程模块.消息协议.ixx:1029;自我线程模块.消息协议.ixx:1118
yes	任务结果缺条件_最小_v0	任务结果缺条件_最小_v0	任务模块.执行.ixx:175	4	按函数名执行对应处理。		任务模块.执行.ixx:175;任务模块.管理工作线程.ixx:2722;任务模块.管理工作线程.ixx:2727;任务模块.管理工作线程.ixx:3102
yes	私有_执行桥任务主键_最小_v0	私有_执行桥任务主键_最小_v0	任务模块.执行.ixx:359	4	执行任务、方法或动作的主体逻辑。		任务模块.执行.ixx:359;任务模块.执行.ixx:382;任务模块.执行.ixx:423;任务模块.执行.ixx:1320
yes	私有_执行桥方法主键_最小_v0	私有_执行桥方法主键_最小_v0	任务模块.执行.ixx:365	4	执行任务、方法或动作的主体逻辑。		任务模块.执行.ixx:365;任务模块.执行.ixx:384;任务模块.执行.ixx:424;任务模块.执行.ixx:1321
yes	私有_方法状态_待条件结果对_执行桥_最小_v0	私有_方法状态_待条件结果对_执行桥_最小_v0	任务模块.执行.ixx:448	4	执行任务、方法或动作的主体逻辑。		任务模块.执行.ixx:448;任务模块.执行.ixx:485;任务模块.执行.ixx:490;任务模块.执行.ixx:518
yes	私有_方法状态集合当前值_执行桥_最小_v0	私有_方法状态集合当前值_执行桥_最小_v0	任务模块.执行.ixx:454	4	执行任务、方法或动作的主体逻辑。		任务模块.执行.ixx:454;任务模块.执行.ixx:572;任务模块.执行.ixx:747;任务模块.执行.ixx:785
yes	私有_参数配对状态特征类型_执行桥_最小_v0	私有_参数配对状态特征类型_执行桥_最小_v0	任务模块.执行.ixx:526	4	执行任务、方法或动作的主体逻辑。		任务模块.执行.ixx:526;任务模块.执行.ixx:819;任务模块.管理工作线程.ixx:1288;任务模块.管理工作线程.ixx:1767
yes	私有_填充方法缺可执行入口执行结果_执行桥_最小_v0	私有_填充方法缺可执行入口执行结果_执行桥_最小_v0	任务模块.执行.ixx:892	4	执行任务、方法或动作的主体逻辑。		任务模块.执行.ixx:892;任务模块.执行.ixx:1170;任务模块.执行.ixx:1274;任务模块.筹办.ixx:5194
yes	私有_填充方法缺条件节点执行结果_执行桥_最小_v0	私有_填充方法缺条件节点执行结果_执行桥_最小_v0	任务模块.执行.ixx:912	4	执行任务、方法或动作的主体逻辑。		任务模块.执行.ixx:912;任务模块.执行.ixx:1188;任务模块.执行.ixx:1261;任务模块.筹办.ixx:5197
yes	构造临时因果路径项_筹办查询	构造临时因果路径项_筹办查询	任务模块.筹办.ixx:1345	4	推进任务筹办，形成候选、缺口或就绪回执。		任务模块.筹办.ixx:1345;任务模块.筹办.ixx:1504;任务模块.筹办.ixx:1603;任务模块.筹办.ixx:1665
yes	方法挂载非当前本能句柄	方法挂载非当前本能句柄	任务模块.筹办.ixx:2271	4	按函数名执行对应处理。		任务模块.筹办.ixx:2271;任务模块.筹办.ixx:3031;任务模块.筹办.ixx:3546;任务模块.筹办.ixx:5041
yes	方法是结算叶子任务价值方法	方法是结算叶子任务价值方法	任务模块.筹办.ixx:2284	4	结算任务、需求、价值或结果贡献。		任务模块.筹办.ixx:2284;任务模块.筹办.ixx:2292;任务模块.筹办.ixx:2342;任务模块.筹办.ixx:2928
yes	方法是专用提交入口方法	方法是专用提交入口方法	任务模块.筹办.ixx:2296	4	提交事实、动态、任务状态或运行回执。		任务模块.筹办.ixx:2296;任务模块.筹办.ixx:3562;任务模块.筹办.ixx:5055;任务模块.筹办.ixx:5858
yes	方法是筹办过程或协作本能方法	方法是筹办过程或协作本能方法	任务模块.筹办.ixx:2373	4	推进任务筹办，形成候选、缺口或就绪回执。		任务模块.筹办.ixx:2373;任务模块.筹办.ixx:2400;任务模块.筹办.ixx:2926;任务模块.筹办.ixx:5400
yes	方法选择评分更优	方法选择评分更优	任务模块.筹办.ixx:2627	4	从候选集中选择当前使用对象或方法。		任务模块.筹办.ixx:2627;任务模块.筹办.ixx:3049;任务模块.筹办.ixx:3052;任务模块.筹办.ixx:3053
yes	方法结果项目标值一致分	方法结果项目标值一致分	任务模块.筹办.ixx:2828	4	按函数名执行对应处理。		任务模块.筹办.ixx:2828;任务模块.筹办.ixx:2877;任务模块.筹办.ixx:2883;任务模块.筹办.ixx:2889
yes	特征_目标安全因果信息_筹办	特征_目标安全因果信息_筹办	任务模块.筹办.ixx:3179	4	推进任务筹办，形成候选、缺口或就绪回执。		任务模块.筹办.ixx:3179;任务模块.筹办.ixx:4306;任务模块.筹办.ixx:4379;任务模块.筹办.ixx:4413
yes	特征_参数配对状态	特征_参数配对状态	任务模块.筹办.ixx:3270	4	按函数名执行对应处理。		任务模块.筹办.ixx:3270;任务模块.筹办.ixx:4820;任务模块.筹办.ixx:4872;任务模块.筹办.ixx:5160
yes	特征_任务信息节点_筹办	特征_任务信息节点_筹办	任务模块.筹办.ixx:3284	4	推进任务筹办，形成候选、缺口或就绪回执。		任务模块.筹办.ixx:3284;任务模块.筹办.ixx:3440;任务模块.筹办.ixx:4550;任务模块.筹办.ixx:4720
yes	特征_来源需求_筹办	特征_来源需求_筹办	任务模块.筹办.ixx:3305	4	推进任务筹办，形成候选、缺口或就绪回执。		任务模块.筹办.ixx:3305;任务模块.筹办.ixx:3446;任务模块.筹办.ixx:4555;任务模块.筹办.ixx:4722
yes	创建任务可执行输入参数场景	创建任务可执行输入参数场景	任务模块.筹办.ixx:3382	4	创建并返回或登记对应对象。		任务模块.筹办.ixx:3382;任务模块.筹办.ixx:3485;任务模块.筹办.ixx:3811;任务模块.筹办.ixx:4939
yes	写入方法补齐任务输入目标方法	写入方法补齐任务输入目标方法	任务模块.筹办.ixx:3403	4	把处理结果写入指定对象、场景或日志。		任务模块.筹办.ixx:3403;任务模块.筹办.ixx:3480;任务模块.筹办.ixx:3486;任务模块.筹办.ixx:5069
yes	写入方法补齐任务输入目标方法	写入方法补齐任务输入目标方法	任务模块.筹办.ixx:3480	4	把处理结果写入指定对象、场景或日志。		任务模块.筹办.ixx:3403;任务模块.筹办.ixx:3480;任务模块.筹办.ixx:3486;任务模块.筹办.ixx:5069
yes	方法结果项命中目标特征集合	方法结果项命中目标特征集合	任务模块.筹办.ixx:3503	4	按函数名执行对应处理。		任务模块.筹办.ixx:2760;任务模块.筹办.ixx:2800;任务模块.筹办.ixx:3499;任务模块.筹办.ixx:3503
yes	任务参数缺口目标主体	任务参数缺口目标主体	任务模块.筹办.ixx:3789	4	按函数名执行对应处理。		任务模块.筹办.ixx:3789;任务模块.筹办.ixx:5206;任务模块.筹办.ixx:5265;任务模块.筹办.ixx:5327
yes	输入场景包含实参值_筹办	输入场景包含实参值_筹办	任务模块.筹办.ixx:3946	4	推进任务筹办，形成候选、缺口或就绪回执。		任务模块.筹办.ixx:3946;任务模块.筹办.ixx:4068;任务模块.筹办.ixx:4127;任务模块.筹办.ixx:4670
yes	方法形参表_筹办	方法形参表_筹办	任务模块.筹办.ixx:4022	4	推进任务筹办，形成候选、缺口或就绪回执。		任务模块.筹办.ixx:4022;任务模块.筹办.ixx:4051;任务模块.筹办.ixx:4110;任务模块.筹办.ixx:4658
yes	特征是学习信息补齐状态	特征是学习信息补齐状态	任务模块.筹办.ixx:513	4	补齐条件、参数、证据或方法能力缺口。		任务模块.筹办.ixx:513;任务模块.筹办.ixx:1743;任务模块.筹办.ixx:3762;任务模块.筹办.ixx:5663
yes	返回直接子需求聚合筹办结果	返回直接子需求聚合筹办结果	任务模块.筹办.ixx:584	4	推进任务筹办，形成候选、缺口或就绪回执。		任务模块.筹办.ixx:584;任务模块.筹办.ixx:669;任务模块.筹办.ixx:677;任务模块.筹办.ixx:685
yes	筹办_判定需求满足状态	筹办_判定需求满足状态	任务模块.筹办.ixx:802	4	推进任务筹办，形成候选、缺口或就绪回执。		任务模块.筹办.ixx:802;任务模块.筹办.ixx:844;任务模块.筹办.ixx:901;任务模块.筹办.ixx:5487
yes	需求已满足	需求已满足	任务模块.筹办.ixx:842	4	按函数名执行对应处理。		任务模块.筹办.ixx:537;任务模块.筹办.ixx:567;任务模块.筹办.ixx:842;任务模块.筹办.ixx:984
yes	私有_执行输出特征_派生需求当前状态	私有_执行输出特征_派生需求当前状态	任务模块.管理工作线程.ixx:1062	4	执行任务、方法或动作的主体逻辑。		任务模块.管理工作线程.ixx:1062;任务模块.管理工作线程.ixx:2354;任务模块.管理工作线程.ixx:2543;任务模块.管理工作线程.ixx:3085
yes	私有_执行输出特征_派生需求目标状态	私有_执行输出特征_派生需求目标状态	任务模块.管理工作线程.ixx:1069	4	执行任务、方法或动作的主体逻辑。		任务模块.管理工作线程.ixx:1069;任务模块.管理工作线程.ixx:2362;任务模块.管理工作线程.ixx:2551;任务模块.管理工作线程.ixx:3088
yes	私有_任务特征词_工作线程	私有_任务特征词_工作线程	任务模块.管理工作线程.ixx:1103	4	服务所在模块的内部辅助流程。		任务模块.管理工作线程.ixx:1103;任务模块.管理工作线程.ixx:1113;任务模块.管理工作线程.ixx:2388;任务模块.管理工作线程.ixx:2397
yes	私有_读取输出状态指针	私有_读取输出状态指针	任务模块.管理工作线程.ixx:1340	4	从指定来源读取数据或状态。		任务模块.管理工作线程.ixx:1340;任务模块.管理工作线程.ixx:1390;任务模块.管理工作线程.ixx:1431;任务模块.管理工作线程.ixx:1441
yes	私有_任务目标状态	私有_任务目标状态	任务模块.管理工作线程.ixx:1658	4	服务所在模块的内部辅助流程。		任务模块.管理工作线程.ixx:1658;任务模块.管理工作线程.ixx:1990;任务模块.管理工作线程.ixx:2145;任务模块.管理工作线程.ixx:3089
yes	私有_目标特征是学习承接缺口	私有_目标特征是学习承接缺口	任务模块.管理工作线程.ixx:1729	4	服务所在模块的内部辅助流程。		任务模块.管理工作线程.ixx:1729;任务模块.管理工作线程.ixx:2167;任务模块.管理工作线程.ixx:3112;任务模块.管理工作线程.ixx:3115
yes	私有_记录动作成功无可比较目标结果	私有_记录动作成功无可比较目标结果	任务模块.管理工作线程.ixx:1815	4	记录日志、动态、证据或运行痕迹。		任务模块.管理工作线程.ixx:1815;任务模块.管理工作线程.ixx:2172;任务模块.管理工作线程.ixx:2193;任务模块.管理工作线程.ixx:2228
yes	私有_构造执行推进回执	私有_构造执行推进回执	任务模块.管理工作线程.ixx:1957	4	执行任务、方法或动作的主体逻辑。		任务模块.管理工作线程.ixx:327;任务模块.管理工作线程.ixx:370;任务模块.管理工作线程.ixx:1957;任务模块.管理工作线程.ixx:3066
yes	私有_任务语义状态词	私有_任务语义状态词	任务模块.管理工作线程.ixx:246	4	服务所在模块的内部辅助流程。		任务模块.管理工作线程.ixx:246;任务模块.管理工作线程.ixx:291;任务模块.管理工作线程.ixx:294;任务模块.管理工作线程.ixx:297
yes	私有_特征_任务状态	私有_特征_任务状态	任务模块.管理工作线程.ixx:252	4	服务所在模块的内部辅助流程。		任务模块.管理工作线程.ixx:252;任务类.cpp:359;任务类.cpp:588;任务类.cpp:1522
yes	私有_构造线程状态上行消息	私有_构造线程状态上行消息	任务模块.管理工作线程.ixx:2737	4	服务所在模块的内部辅助流程。		任务模块.管理工作线程.ixx:2737;任务模块.管理工作线程.ixx:3051;任务模块.管理工作线程.ixx:3285;任务模块.管理工作线程.ixx:3338
yes	私有_特征_输出结果场景	私有_特征_输出结果场景	任务模块.管理工作线程.ixx:288	4	服务所在模块的内部辅助流程。		任务模块.管理工作线程.ixx:288;任务模块.管理工作线程.ixx:1387;任务模块.管理界面线程.impl.cpp:1197;任务模块.管理界面线程.impl.cpp:5467
yes	任务管理外设消息承接_处理一次	任务管理外设消息承接_处理一次	任务模块.管理工作线程.ixx:3415	4	按函数名执行对应处理。		任务模块.管理工作线程.ixx:132;任务模块.管理工作线程.ixx:3415;任务模块.管理工作线程.ixx:3652;任务模块.管理界面线程.impl.cpp:4903
yes	私有_worker逻辑ID	私有_worker逻辑ID	任务模块.管理界面线程.impl.cpp:103	4	服务所在模块的内部辅助流程。		任务模块.管理界面线程.impl.cpp:103;任务模块.管理界面线程.impl.cpp:6275;任务模块.管理界面线程.impl.cpp:6485;任务模块.管理界面线程.impl.cpp:7925
yes	私有_worker名称	私有_worker名称	任务模块.管理界面线程.impl.cpp:109	4	服务所在模块的内部辅助流程。		任务模块.管理界面线程.impl.cpp:109;任务模块.管理界面线程.impl.cpp:6276;任务模块.管理界面线程.impl.cpp:6486;任务模块.管理界面线程.impl.cpp:7926
yes	校验包头	校验包头	任务模块.运行包.impl.cpp:61	4	按函数名执行对应处理。		任务模块.运行包.impl.cpp:61;任务模块.运行包.impl.cpp:76;任务模块.运行包.impl.cpp:113;任务模块.运行包.ixx:208
yes	私有_执行任务SQL字段恢复比对	私有_执行任务SQL字段恢复比对	任务类.cpp:1280	4	执行任务、方法或动作的主体逻辑。		任务类.cpp:1280;任务类.cpp:1352;任务类.cpp:1358;任务类.cpp:1364
yes	私有_补齐任务虚拟存在概念集	私有_补齐任务虚拟存在概念集	任务类.cpp:164	4	补齐条件、参数、证据或方法能力缺口。		任务类.cpp:164;任务类.cpp:1443;任务类.cpp:1496;任务类.cpp:1550
yes	任务类::读取任务管理对象任务	读取任务管理对象任务	任务类.cpp:1965	4	从指定来源读取数据或状态。		任务模块.管理工作线程.ixx:2926;任务类.cpp:1965;任务类.cpp:1984;自我线程模块.impl.cpp:7569
yes	任务类::读取任务管理对象任务	读取任务管理对象任务	任务类.cpp:1984	4	从指定来源读取数据或状态。		任务模块.管理工作线程.ixx:2926;任务类.cpp:1965;任务类.cpp:1984;自我线程模块.impl.cpp:7569
yes	私有_解析场景引用	私有_解析场景引用	任务类.cpp:227	4	解析输入文本、消息、场景或运行包。		任务类.cpp:227;任务类.cpp:1737;需求类.cpp:883;需求类.cpp:1625
yes	私有_特征_任务特征账本生命周期	私有_特征_任务特征账本生命周期	任务类.cpp:346	4	服务所在模块的内部辅助流程。		任务类.cpp:346;任务类.cpp:564;任务类.cpp:1498;任务类.cpp:2506
yes	私有_特征_任务状态	私有_特征_任务状态	任务类.cpp:359	4	服务所在模块的内部辅助流程。		任务模块.管理工作线程.ixx:252;任务类.cpp:359;任务类.cpp:588;任务类.cpp:1522
yes	私有_推导任务阶段	私有_推导任务阶段	任务类.cpp:476	4	服务所在模块的内部辅助流程。		任务类.cpp:476;任务类.cpp:587;任务类.cpp:1518;任务类.cpp:2250
yes	私有_推导任务场景	私有_推导任务场景	任务类.cpp:684	4	服务所在模块的内部辅助流程。		任务类.cpp:28;任务类.cpp:684;任务类.cpp:760;任务类.cpp:2526
yes	计数容差I64	计数容差I64	全局共享函数类.ixx:133	4	按基准计数计算容差，最小容差为 5，保持原调用点整数语义。		全局共享函数类.ixx:133;外设线程_D455深度相机.ixx:1774;外设线程_D455深度相机.ixx:2389;外设线程_D455深度相机.ixx:2398
yes	正面积U64	正面积U64	全局共享函数类.ixx:140	4	计算正向宽高面积，宽高非正时返回 0，保持原调用点乘法语义。		全局共享函数类.ixx:140;外设线程_D455深度相机.ixx:434;外设线程_D455深度相机.ixx:439;外设线程_D455深度相机.ixx:482
yes	追加文本计数项	追加文本计数项	全局共享函数类.ixx:229	4	追加 `名称=数量` 文本计数项，自动按已写状态追加分隔符。		全局共享函数类.ixx:229;全局共享函数类.ixx:244;控制面板类.cpp:954;控制面板类.cpp:957
yes	范围轴重叠率	范围轴重叠率	全局共享函数类.ixx:596	4	计算两个一维闭区间的重叠率，输出万分比。		全局共享函数类.ixx:596;自我动作实现.外设模块.ixx:14388;自我动作实现.外设模块.ixx:14389;自我动作实现.外设模块.ixx:14390
yes	累加非负I64	累加非负I64	全局共享函数类.ixx:605	4	只累加正数 I64 增量，超过 I64 上限时饱和到最大值。		全局共享函数类.ixx:605;自我动作实现.外设模块.ixx:11256;自我动作实现.外设模块.ixx:11257;自我动作实现.外设模块.ixx:11263
yes	深度差异评分	深度差异评分	全局共享函数类.ixx:648	4	按毫米差异计算 Q10000 深度稳定性评分，5mm 内满分，250mm 及以上为 0。		全局共享函数类.ixx:648;双目相机本能适配器.cpp:242;双目相机本能适配器.cpp:291;双目相机本能适配器.cpp:389
yes	坐标分量转I64	坐标分量转I64	全局共享函数类.ixx:683	4	把有限的坐标分量四舍五入为 I64，越界或非有限值返回 false。		全局共享函数类.ixx:683;全局共享函数类.ixx:697;全局共享函数类.ixx:698;全局共享函数类.ixx:699
yes	坐标转I64三元	坐标转I64三元	全局共享函数类.ixx:695	4	把 Vector3D 三个坐标分量四舍五入为 I64 三元组。		全局共享函数类.ixx:695;场景类.cpp:250;存在类.cpp:406;存在类.cpp:812
yes	三维体素总数	三维体素总数	全局共享函数类.ixx:703	4	计算边长立方体的三维体素总数，溢出或边长为 0 时返回 0。		全局共享函数类.ixx:703;特征类.cpp:274;特征类.cpp:3137;特征类.cpp:3314
yes	区间间隔I64	区间间隔I64	全局共享函数类.ixx:81	4	返回两个闭区间之间的 I64 间隔，区间重叠时返回 0。		全局共享函数类.ixx:81;自我动作实现.外设模块.ixx:10014;自我动作实现.外设模块.ixx:10015;自我动作实现.外设模块.ixx:10016
yes	布尔文本_true或false	布尔文本_true或false	全局共享函数类.ixx:906	4	将布尔值格式化为英文调试文本。		全局共享函数类.ixx:906;自我线程模块.impl.cpp:17192;自我线程模块.impl.cpp:17281;自我线程模块.impl.cpp:17282
yes	提交	提交	动作线程类.ixx:275	4	提交事实、动态、任务状态或运行回执。		动作线程类.ixx:275;动作线程类.ixx:278;动作线程类.ixx:282;动作线程类.ixx:328
yes	提交	提交	动作线程类.ixx:282	4	提交事实、动态、任务状态或运行回执。		动作线程类.ixx:275;动作线程类.ixx:278;动作线程类.ixx:282;动作线程类.ixx:328
yes	私有_特征值相等	私有_特征值相等	动态类.cpp:187	4	服务所在模块的内部辅助流程。		动态类.cpp:187;动态类.cpp:865;动态类.cpp:982;动态类.cpp:1404
yes	私有_可形成基础动态	私有_可形成基础动态	动态类.cpp:215	4	服务所在模块的内部辅助流程。		动态类.cpp:215;动态类.cpp:976;动态类.cpp:1214;动态类.cpp:1411
yes	私有_计算动态路径签名	私有_计算动态路径签名	动态类.cpp:264	4	计算权重、状态、差值或派生结果。		动态类.cpp:264;动态类.cpp:1001;动态类.cpp:1143;动态类.cpp:1191
yes	私有_读取动态双状态材料	私有_读取动态双状态材料	动态类.cpp:352	4	读取一个动态的双状态同源判定材料，不创建或修改节点。		动态类.cpp:352;动态类.cpp:575;动态类.cpp:593;动态类.cpp:594
yes	保存数据	保存数据	双向链表模板_序列化.inl:144	4	按函数名执行对应处理。		双向链表模板_序列化.inl:145;双向链表模板核心.h:676;双向链表模板核心.h:679;双向链表模板核心.h:679
yes	读取数据	读取数据	双向链表模板_序列化.inl:242	4	从指定来源读取数据或状态。		双向链表模板_序列化.inl:243;双向链表模板核心.h:682;双向链表模板核心.h:685;双向链表模板核心.h:685
yes	私有_递归释放_独立	私有_递归释放_独立	双向链表模板_深拷贝.inl:112	4	服务所在模块的内部辅助流程。		双向链表模板_深拷贝.inl:32;双向链表模板_深拷贝.inl:113;双向链表模板_深拷贝.inl:124;双向链表模板核心.h:669
yes	深拷贝树_独立	深拷贝树_独立	双向链表模板_深拷贝.inl:3	4	这是模板分片文件，不单独声明 module，供 双向链表模板核心.ixx 末尾 #include 使用。		双向链表模板_深拷贝.inl:5;双向链表模板_深拷贝.inl:16;双向链表模板_深拷贝.inl:24;双向链表模板核心.h:661
yes	私有_深拷贝树_独立_递归	私有_深拷贝树_独立_递归	双向链表模板_深拷贝.inl:53	4	服务所在模块的内部辅助流程。		双向链表模板_深拷贝.inl:7;双向链表模板_深拷贝.inl:55;双向链表模板_深拷贝.inl:82;双向链表模板核心.h:668
yes	检查	检查	双目相机本能适配器.cpp:1297	4	检查状态、条件、缺口或运行约束。		双目相机本能适配器.cpp:1297;双目相机本能适配器.h:205;自我动作实现.外设模块.ixx:11696;鱼巢.cpp:444
yes	深度向量像素有效	深度向量像素有效	双目相机本能适配器.cpp:161	4	按函数名执行对应处理。		双目相机本能适配器.cpp:161;双目相机本能适配器.cpp:184;双目相机本能适配器.cpp:702;双目相机本能适配器.cpp:704
yes	填充深度毫米结构	填充深度毫米结构	双目相机本能适配器.cpp:176	4	按函数名执行对应处理。		双目相机本能适配器.cpp:176;双目相机本能适配器.cpp:994;双目相机本能适配器.cpp:996;双目相机本能适配器.cpp:999
yes	追加候选诊断区域	追加候选诊断区域	双目相机本能适配器.cpp:539	4	按函数名执行对应处理。		双目相机本能适配器.cpp:539;双目相机本能适配器.cpp:587;双目相机本能适配器.cpp:598;双目相机本能适配器.cpp:612
yes	私有_生成状态转换因果投影_内部	私有_生成状态转换因果投影_内部	因果类.cpp:1085	4	生成内部状态转换因果投影，供因果类内部链路查询使用。		因果类.cpp:1085;因果类.cpp:1978;因果类.cpp:2097;因果类.cpp:2182
yes	私有_动态结果特征_因果	私有_动态结果特征_因果	因果类.cpp:338	4	读取动态结果状态携带的结果特征。		因果类.cpp:338;因果类.cpp:589;因果类.cpp:2414;因果类.cpp:2430
yes	私有_补入因果果侧模板_因果	私有_补入因果果侧模板_因果	因果类.cpp:410	4	向因果主信息补入结果特征和主果迁移方向。		因果类.cpp:410;因果类.cpp:2416;因果类.cpp:2498;因果类.cpp:2561
yes	私有_特征引用命中目标	私有_特征引用命中目标	因果类.cpp:450	4	判断特征引用是否指向目标特征。		因果类.cpp:450;因果类.cpp:475;因果类.cpp:578;因果类.cpp:1907
yes	私有_因果模板条件命中特征	私有_因果模板条件命中特征	因果类.cpp:463	4	判断因果模板条件侧是否与动态条件特征相同。		因果类.cpp:463;因果类.cpp:1492;因果类.cpp:2475;因果类.cpp:2529
yes	私有_因果模板结果命中状态	私有_因果模板结果命中状态	因果类.cpp:544	4	服务所在模块的内部辅助流程。		因果类.cpp:544;因果类.cpp:1489;因果类.cpp:1494;因果类.cpp:1930
yes	私有_目标特征类型是任务层状态	私有_目标特征类型是任务层状态	因果类.cpp:863	4	服务所在模块的内部辅助流程。		因果类.cpp:863;因果类.cpp:875;因果类.cpp:929;因果类.cpp:1037
yes	私有_目标特征类型是方法层状态	私有_目标特征类型是方法层状态	因果类.cpp:879	4	服务所在模块的内部辅助流程。		因果类.cpp:879;因果类.cpp:896;因果类.cpp:932;因果类.cpp:1046
yes	私有_目标特征类型是学习层状态	私有_目标特征类型是学习层状态	因果类.cpp:900	4	服务所在模块的内部辅助流程。		因果类.cpp:900;因果类.cpp:912;因果类.cpp:932;因果类.cpp:1046
yes	私有_构造规则投影路径	私有_构造规则投影路径	因果类.cpp:947	4	服务所在模块的内部辅助流程。		因果类.cpp:947;因果类.cpp:1002;因果类.cpp:1008;因果类.cpp:1020
yes	私有_按目标特征类型生成规则投影路径	私有_按目标特征类型生成规则投影路径	因果类.cpp:994	4	根据当前输入生成目标数据、场景、动态或回执。		因果类.cpp:974;因果类.cpp:986;因果类.cpp:994;因果类.cpp:2223
yes	启动外设线程_D455深度相机	启动外设线程_D455深度相机	外设线程_D455深度相机.ixx:3330	4	启动线程、模块或运行流程。		任务模块.管理界面线程.impl.cpp:4259;外设线程_D455深度相机.ixx:134;外设线程_D455深度相机.ixx:3330;控制面板WebView2.cpp:674
yes	停止外设线程_D455深度相机	停止外设线程_D455深度相机	外设线程_D455深度相机.ixx:3336	4	停止线程、模块或运行流程。		外设线程_D455深度相机.ixx:135;外设线程_D455深度相机.ixx:3336;控制面板WebView2.cpp:766;鱼巢.cpp:1071
yes	外设提交_追加簇基础特征	外设提交_追加簇基础特征	外设观察报告队列.ixx:1063	4	提交事实、动态、任务状态或运行回执。		外设观察报告队列.ixx:1063;外设观察报告队列.ixx:2336;外设观察报告队列.ixx:2433;外设观察报告队列.ixx:2509
yes	构造外设扫描提交包_由观察报告	构造外设扫描提交包_由观察报告	外设观察报告队列.ixx:2360	4	提交事实、动态、任务状态或运行回执。		外设观察报告队列.ixx:733;外设观察报告队列.ixx:2360;外设观察报告队列.ixx:3700;自我动作实现.扫描.ixx:1827
yes	提交D455短期观察材料页	提交D455短期观察材料页	外设观察报告队列.ixx:2581	4	提交事实、动态、任务状态或运行回执。		外设线程_D455深度相机.ixx:2717;外设线程_D455深度相机.ixx:3103;外设观察报告队列.ixx:738;外设观察报告队列.ixx:2581
yes	提交外设观察等待项	提交外设观察等待项	外设观察报告队列.ixx:2889	4	提交事实、动态、任务状态或运行回执。		任务模块.管理界面线程.impl.cpp:4321;任务模块.管理界面线程.impl.cpp:4647;外设观察报告队列.ixx:746;外设观察报告队列.ixx:2889
yes	读取目标观察约束_按目标特征	读取目标观察约束_按目标特征	外设观察报告队列.ixx:3044	4	从指定来源读取数据或状态。		外设观察报告队列.ixx:760;外设观察报告队列.ixx:3044;自我动作实现.外设模块.ixx:21098;自我动作实现.外设模块.ixx:23988
yes	读取外设观察等待项集合	读取外设观察等待项集合	外设观察报告队列.ixx:3259	4	从指定来源读取数据或状态。		任务模块.管理界面线程.impl.cpp:4891;外设线程_D455深度相机.ixx:2687;外设观察报告队列.ixx:783;外设观察报告队列.ixx:3259
yes	读取外设观察队列状态	读取外设观察队列状态	外设观察报告队列.ixx:3336	4	从指定来源读取数据或状态。		任务模块.管理界面线程.impl.cpp:4862;外设观察报告队列.ixx:796;外设观察报告队列.ixx:3336;控制面板WebView2.cpp:764
yes	构造外设观察报告摘要	构造外设观察报告摘要	外设观察报告队列.ixx:3366	4	按函数名执行对应处理。		外设观察报告队列.ixx:798;外设观察报告队列.ixx:3366;自我线程模块.impl.cpp:13567;自我线程模块.impl.cpp:13789
yes	构造D455扫描变化样本卡摘要	构造D455扫描变化样本卡摘要	外设观察报告队列.ixx:3689	4	执行扫描相关材料获取、比较或提交逻辑。		外设线程_D455深度相机.ixx:2838;外设线程_D455深度相机.ixx:3124;外设观察报告队列.ixx:801;外设观察报告队列.ixx:3689
yes	外设提交_正局部ID	外设提交_正局部ID	外设观察报告队列.ixx:866	4	提交事实、动态、任务状态或运行回执。		外设观察报告队列.ixx:866;外设观察报告队列.ixx:2312;外设观察报告队列.ixx:2425;外设观察报告队列.ixx:2500
yes	私有_计算距离_mm	私有_计算距离_mm	存在类.cpp:22	4	计算权重、状态、差值或派生结果。		二次特征应用模块.ixx:2190;二次特征应用模块.ixx:3530;存在类.cpp:22;存在类.cpp:783
yes	私有_特征_存在场景绝对坐标X	私有_特征_存在场景绝对坐标X	存在类.cpp:39	4	服务所在模块的内部辅助流程。		世界树类.cpp:61;存在类.cpp:39;存在类.cpp:370;存在类.cpp:820
yes	私有_特征_存在场景绝对坐标Y	私有_特征_存在场景绝对坐标Y	存在类.cpp:45	4	服务所在模块的内部辅助流程。		世界树类.cpp:67;存在类.cpp:45;存在类.cpp:371;存在类.cpp:821
yes	私有_特征_存在场景绝对坐标Z	私有_特征_存在场景绝对坐标Z	存在类.cpp:51	4	服务所在模块的内部辅助流程。		世界树类.cpp:73;存在类.cpp:51;存在类.cpp:372;存在类.cpp:822
yes	私有_特征_存在场景绝对坐标明确状态	私有_特征_存在场景绝对坐标明确状态	存在类.cpp:57	4	服务所在模块的内部辅助流程。		世界树类.cpp:79;存在类.cpp:57;存在类.cpp:362;存在类.cpp:823
yes	私有_确保窗口类已注册	私有_确保窗口类已注册	控制面板WebView2.cpp:1683	4	注册方法、模板、对象或运行入口。		控制面板WebView2.cpp:577;控制面板WebView2.cpp:1683;控制面板WebView2.cpp:1813;控制面板WebView2.cpp:1967
yes	私有_打开相机播放窗口	私有_打开相机播放窗口	控制面板WebView2.cpp:1878	4	服务所在模块的内部辅助流程。		控制面板WebView2.cpp:578;控制面板WebView2.cpp:1466;控制面板WebView2.cpp:1878;控制面板WebView2.cpp:2104
yes	私有_发送页面刷新到页面	私有_发送页面刷新到页面	控制面板WebView2.cpp:868	4	服务所在模块的内部辅助流程。		控制面板WebView2.cpp:868;控制面板WebView2.cpp:1462;控制面板WebView2.cpp:1500;控制面板WebView2.cpp:1506
yes	私有_方法结构诊断摘要	私有_方法结构诊断摘要	控制面板类.cpp:1034	4	服务所在模块的内部辅助流程。		控制面板类.cpp:1034;控制面板类.cpp:10308;控制面板类.cpp:10467;控制面板类.cpp:11470
yes	私有_方法来源文本	私有_方法来源文本	控制面板类.cpp:1056	4	服务所在模块的内部辅助流程。		控制面板类.cpp:1056;控制面板类.cpp:4069;控制面板类.cpp:4287;控制面板类.cpp:5618
yes	渲染控制面板摘要	渲染控制面板摘要	控制面板类.cpp:11010	4	生成展示用文本、界面片段或可视化内容。		控制面板类.cpp:11010;控制面板类.ixx:513;鱼巢.cpp:1052;鱼巢.cpp:2037
yes	私有_追加统计字段	私有_追加统计字段	控制面板类.cpp:2494	4	服务所在模块的内部辅助流程。		控制面板类.cpp:2494;控制面板类.cpp:4566;控制面板类.cpp:5327;控制面板类.cpp:5637
yes	私有_筛选需求任务链节点	私有_筛选需求任务链节点	控制面板类.cpp:2740	4	服务所在模块的内部辅助流程。		控制面板类.cpp:2740;控制面板类.cpp:5543;控制面板类.cpp:5840;控制面板类.cpp:10694
yes	私有_基础信息类别文本	私有_基础信息类别文本	控制面板类.cpp:2800	4	服务所在模块的内部辅助流程。		控制面板类.cpp:2800;控制面板类.cpp:2822;控制面板类.cpp:2877;控制面板类.cpp:4559
yes	私有_基础信息标题	私有_基础信息标题	控制面板类.cpp:2862	4	服务所在模块的内部辅助流程。		控制面板类.cpp:1252;控制面板类.cpp:1294;控制面板类.cpp:2862;控制面板类.cpp:4084
yes	私有_需求结构形态文本_控制面板	私有_需求结构形态文本_控制面板	控制面板类.cpp:2969	4	服务所在模块的内部辅助流程。		控制面板类.cpp:2969;控制面板类.cpp:4491;控制面板类.cpp:5287;控制面板类.cpp:10039
yes	私有_查找OR组令牌记录_控制面板	私有_查找OR组令牌记录_控制面板	控制面板类.cpp:3001	4	记录日志、动态、证据或运行痕迹。		控制面板类.cpp:3001;控制面板类.cpp:4488;控制面板类.cpp:5284;控制面板类.cpp:10029
yes	私有_OR组令牌状态文本_控制面板	私有_OR组令牌状态文本_控制面板	控制面板类.cpp:3030	4	读取 OR 组令牌状态显示文本。		控制面板类.cpp:3030;控制面板类.cpp:4489;控制面板类.cpp:5285;控制面板类.cpp:10030
yes	私有_OR组令牌当前激活路径文本_控制面板	私有_OR组令牌当前激活路径文本_控制面板	控制面板类.cpp:3066	4	读取 OR 组令牌当前激活路径显示文本。		控制面板类.cpp:3066;控制面板类.cpp:4490;控制面板类.cpp:5286;控制面板类.cpp:10034
yes	私有_状态主体主键_控制面板	私有_状态主体主键_控制面板	控制面板类.cpp:3169	4	服务所在模块的内部辅助流程。		控制面板类.cpp:3169;控制面板类.cpp:3185;控制面板类.cpp:3191;控制面板类.cpp:9818
yes	私有_需求目标宿主主键_控制面板	私有_需求目标宿主主键_控制面板	控制面板类.cpp:3179	4	服务所在模块的内部辅助流程。		控制面板类.cpp:3179;控制面板类.cpp:9799;控制面板类.cpp:9820;控制面板类.cpp:9932
yes	私有_追加唯一方法_控制面板	私有_追加唯一方法_控制面板	控制面板类.cpp:3382	4	服务所在模块的内部辅助流程。		控制面板类.cpp:3382;控制面板类.cpp:3419;控制面板类.cpp:3448;控制面板类.cpp:3452
yes	私有_状态值文本_控制面板	私有_状态值文本_控制面板	控制面板类.cpp:3685	4	服务所在模块的内部辅助流程。		控制面板类.cpp:3685;控制面板类.cpp:4135;控制面板类.cpp:4465;控制面板类.cpp:4466
yes	私有_需求标题	私有_需求标题	控制面板类.cpp:3939	4	服务所在模块的内部辅助流程。		控制面板类.cpp:1249;控制面板类.cpp:2278;控制面板类.cpp:3939;控制面板类.cpp:4107
yes	私有_需求列表详情节点	私有_需求列表详情节点	控制面板类.cpp:4140	4	服务所在模块的内部辅助流程。		控制面板类.cpp:4140;控制面板类.cpp:10277;控制面板类.cpp:10435;控制面板类.cpp:10751
yes	私有_构建方法主信息详情	私有_构建方法主信息详情	控制面板类.cpp:4263	4	构建运行所需的数据结构或中间结果。		控制面板类.cpp:4263;控制面板类.cpp:10637;控制面板类.cpp:10806;控制面板类.cpp:10843
yes	私有_构建任务主信息详情	私有_构建任务主信息详情	控制面板类.cpp:4341	4	构建运行所需的数据结构或中间结果。		控制面板类.cpp:4341;控制面板类.cpp:10629;控制面板类.cpp:10798;控制面板类.cpp:10835
yes	私有_区间文本	私有_区间文本	控制面板类.cpp:532	4	服务所在模块的内部辅助流程。		控制面板类.cpp:532;控制面板类.cpp:540;控制面板类.cpp:568;控制面板类.cpp:4595
yes	方法类::方法父方法引用	方法父方法引用	控制面板类.cpp:5690	4	按函数名执行对应处理。		控制面板类.cpp:4289;控制面板类.cpp:5693;方法类.cpp:1936;方法虚拟存在服务类.cpp:649
yes	方法类::方法前置方法引用	方法前置方法引用	控制面板类.cpp:5700	4	按函数名执行对应处理。		控制面板类.cpp:4290;控制面板类.cpp:5703;方法类.cpp:1943;方法虚拟存在服务类.cpp:655
yes	方法类::方法后续方法引用	方法后续方法引用	控制面板类.cpp:5710	4	按函数名执行对应处理。		控制面板类.cpp:4291;控制面板类.cpp:5713;方法类.cpp:1950;方法虚拟存在服务类.cpp:661
yes	私有_构建基础信息根链骨架	私有_构建基础信息根链骨架	控制面板类.cpp:5761	4	构建基础信息树根层骨架，只预置一层直接子节点。		控制面板类.cpp:323;控制面板类.cpp:5761;控制面板类.cpp:10230;控制面板类.cpp:10377
yes	私有_构建需求根链骨架	私有_构建需求根链骨架	控制面板类.cpp:5795	4	构建需求树根层骨架，只预置一层直接子节点。		控制面板类.cpp:326;控制面板类.cpp:5795;控制面板类.cpp:10251;控制面板类.cpp:10410
yes	私有_构建任务根链骨架	私有_构建任务根链骨架	控制面板类.cpp:5827	4	构建任务树根层骨架，只预置一层直接子节点。		控制面板类.cpp:329;控制面板类.cpp:5827;控制面板类.cpp:10298;控制面板类.cpp:10456
yes	私有_构建方法根链骨架	私有_构建方法根链骨架	控制面板类.cpp:5866	4	构建方法树根层骨架，只预置一层直接子节点。		控制面板类.cpp:332;控制面板类.cpp:5866;控制面板类.cpp:10313;控制面板类.cpp:10471
yes	私有_执行ADO控制面板查询	私有_执行ADO控制面板查询	控制面板类.cpp:6542	4	通过 ADO 执行控制面板 SQL 查询。		控制面板类.cpp:6542;控制面板类.cpp:6683;控制面板类.cpp:7000;控制面板类.cpp:7257
yes	私有_记录需求节点子链数量不一致_控制面板	私有_记录需求节点子链数量不一致_控制面板	控制面板类.cpp:788	4	记录日志、动态、证据或运行痕迹。		控制面板类.cpp:788;控制面板类.cpp:2673;控制面板类.cpp:2703;控制面板类.cpp:2785
yes	私有_记录异常需求节点链路_控制面板	私有_记录异常需求节点链路_控制面板	控制面板类.cpp:818	4	记录日志、动态、证据或运行痕迹。		控制面板类.cpp:818;控制面板类.cpp:872;控制面板类.cpp:886;控制面板类.cpp:894
yes	私有_任务节点主键_控制面板	私有_任务节点主键_控制面板	控制面板类.cpp:916	4	服务所在模块的内部辅助流程。		控制面板类.cpp:916;控制面板类.cpp:2310;控制面板类.cpp:3249;控制面板类.cpp:10075
yes	私有_提取节点字段详情	私有_提取节点字段详情	控制面板类.cpp:9473	4	服务所在模块的内部辅助流程。		控制面板类.cpp:9473;控制面板类.cpp:10613;控制面板类.cpp:10782;控制面板类.cpp:10819
yes	私有_任务状态数量摘要	私有_任务状态数量摘要	控制面板类.cpp:948	4	服务所在模块的内部辅助流程。		控制面板类.cpp:948;控制面板类.cpp:10293;控制面板类.cpp:10452;控制面板类.cpp:11467
yes	私有_创建构建上下文	私有_创建构建上下文	控制面板类.cpp:9499	4	创建并返回或登记对应对象。		控制面板类.cpp:9499;控制面板类.cpp:10353;控制面板类.cpp:10543;控制面板类.cpp:10769
yes	私有_读取需求列表分页	私有_读取需求列表分页	控制面板类.cpp:9510	4	从指定来源读取数据或状态。		控制面板类.cpp:9510;控制面板类.cpp:10268;控制面板类.cpp:10427;控制面板类.cpp:10743
yes	私有_创建需求列表加载更多节点	私有_创建需求列表加载更多节点	控制面板类.cpp:9552	4	创建并返回或登记对应对象。		控制面板类.cpp:9552;控制面板类.cpp:10280;控制面板类.cpp:10438;控制面板类.cpp:10754
yes	私有_需求满足数量摘要	私有_需求满足数量摘要	控制面板类.cpp:977	4	服务所在模块的内部辅助流程。		控制面板类.cpp:977;控制面板类.cpp:10246;控制面板类.cpp:10406;控制面板类.cpp:11456
yes	私有_统计方法直接条件结果_控制面板	私有_统计方法直接条件结果_控制面板	控制面板类.cpp:987	4	统计方法首节点下的直接条件和结果结构。		控制面板类.cpp:987;控制面板类.cpp:4238;控制面板类.cpp:5598;控制面板类.cpp:9722
yes	私有_COM错误文本	私有_COM错误文本	数据库ADO模块.cpp:103	4	把 COM 异常转换为项目错误文本。		数据库ADO模块.cpp:103;数据库ADO模块.cpp:169;数据库ADO模块.cpp:678;数据库ADO模块.cpp:784
yes	私有_SQL可空整数	私有_SQL可空整数	数据库ADO模块.cpp:242	4	把可空整数编码为 SQL Server 字面量。		数据库ADO模块.cpp:242;数据库ADO模块.cpp:375;数据库ADO模块.cpp:393;数据库ADO模块.cpp:411
yes	私有_SQL控制面板事件流水追加片段	私有_SQL控制面板事件流水追加片段	数据库ADO模块.cpp:342	4	生成控制面板事件流水追加 SQL 片段。		数据库ADO模块.cpp:342;数据库ADO模块.cpp:863;数据库ADO模块.cpp:908;数据库ADO模块.cpp:940
yes	私有_BSTR转UTF8	私有_BSTR转UTF8	数据库ADO模块.cpp:94	4	把 BSTR 转换为 UTF-8 文本。		数据库ADO模块.cpp:94;数据库ADO模块.cpp:111;数据库ADO模块.cpp:181;数据库ADO模块.cpp:186
yes	私有_执行方法SQL字段恢复比对	私有_执行方法SQL字段恢复比对	方法类.cpp:1576	4	执行任务、方法或动作的主体逻辑。		方法类.cpp:1576;方法类.cpp:1648;方法类.cpp:1654;方法类.cpp:1660
yes	方法类::按主键解析方法节点	按主键解析方法节点	方法类.cpp:1670	4	按主键查找并解析方法节点，不创建或修改节点。		因果类.cpp:326;方法类.cpp:1670;方法类.cpp:1679;方法类.cpp:1688
yes	方法类::按主键解析方法节点	按主键解析方法节点	方法类.cpp:1679	4	按主键查找并解析方法节点，不创建或修改节点。		因果类.cpp:326;方法类.cpp:1670;方法类.cpp:1679;方法类.cpp:1688
yes	方法类::按主键解析方法节点	按主键解析方法节点	方法类.cpp:1688	4	按基础信息主键查找并解析方法节点，不创建或修改节点。		因果类.cpp:326;方法类.cpp:1670;方法类.cpp:1679;方法类.cpp:1688
yes	方法类::方法首个结果能力特征类型	方法首个结果能力特征类型	方法类.cpp:1783	4	读取方法首节点的首个结果能力特征类型。		控制面板类.cpp:4060;控制面板类.cpp:5635;方法类.cpp:1783;自检线程模块.impl.cpp:1127
yes	方法类::设置方法本能动作入口	设置方法本能动作入口	方法类.cpp:1843	4	设置方法首节点的本能动作入口。		方法类.cpp:1843;本能方法类.cpp:292;本能方法类.cpp:301;自我动作实现模块.ixx:10971
yes	方法类::方法虚拟存在引用	方法虚拟存在引用	方法类.cpp:1909	4	读取方法首节点的方法虚拟存在引用。		控制面板类.cpp:259;方法类.cpp:1909;自我线程模块.impl.cpp:7979;自检线程模块.impl.cpp:1997
yes	方法类::方法父方法引用	方法父方法引用	方法类.cpp:1936	4	读取方法首节点的父方法引用。		控制面板类.cpp:4289;控制面板类.cpp:5693;方法类.cpp:1936;方法虚拟存在服务类.cpp:649
yes	方法类::方法前置方法引用	方法前置方法引用	方法类.cpp:1943	4	读取方法首节点的前置方法引用。		控制面板类.cpp:4290;控制面板类.cpp:5703;方法类.cpp:1943;方法虚拟存在服务类.cpp:655
yes	方法类::方法后续方法引用	方法后续方法引用	方法类.cpp:1950	4	读取方法首节点的后续方法引用。		控制面板类.cpp:4291;控制面板类.cpp:5713;方法类.cpp:1950;方法虚拟存在服务类.cpp:661
yes	方法类::查找方法首节点_按动作句柄	查找方法首节点_按动作句柄	方法类.cpp:2248	4	按条件查找目标对象、方法或事实。		方法类.cpp:2248;方法类.cpp:2263;自我动作实现.外设模块.ixx:8841;自我动作实现模块.ixx:3984
yes	方法类::查找方法首节点_按动作句柄	查找方法首节点_按动作句柄	方法类.cpp:2263	4	按条件查找目标对象、方法或事实。		方法类.cpp:2248;方法类.cpp:2263;自我动作实现.外设模块.ixx:8841;自我动作实现模块.ixx:3984
yes	方法类::创建条件节点	创建条件节点	方法类.cpp:2772	4	创建并返回或登记对应对象。		任务模块.执行.ixx:999;方法类.cpp:265;方法类.cpp:2772;自我动作实现模块.ixx:3658
yes	私有_动作句柄相等	私有_动作句柄相等	方法类.cpp:36	4	服务所在模块的内部辅助流程。		方法主信息类.h:412;方法主信息类.h:430;方法类.cpp:36;方法类.cpp:2258
yes	私有_解析二次特征引用	私有_解析二次特征引用	方法类.cpp:534	4	解析输入文本、消息、场景或运行包。		方法类.cpp:344;方法类.cpp:495;方法类.cpp:534;方法类.cpp:659
yes	私有_二次特征比较结果编码	私有_二次特征比较结果编码	方法类.cpp:635	4	比较当前值、目标值或历史基准。		方法类.cpp:345;方法类.cpp:376;方法类.cpp:635;方法类.cpp:649
yes	私有_默认成熟度阶段	私有_默认成熟度阶段	方法类.cpp:763	4	服务所在模块的内部辅助流程。		方法类.cpp:763;方法类.cpp:2548;方法虚拟存在服务类.cpp:94;方法虚拟存在服务类.cpp:277
yes	私有_方法状态_可用值	私有_方法状态_可用值	方法类.cpp:772	4	服务所在模块的内部辅助流程。		方法类.cpp:772;方法类.cpp:903;方法虚拟存在服务类.cpp:116;方法虚拟存在服务类.cpp:448
yes	私有_方法状态_待方法动作值	私有_方法状态_待方法动作值	方法类.cpp:778	4	服务所在模块的内部辅助流程。		方法类.cpp:778;方法类.cpp:891;方法虚拟存在服务类.cpp:119;方法虚拟存在服务类.cpp:436
yes	私有_方法状态_待可执行入口值	私有_方法状态_待可执行入口值	方法类.cpp:781	4	执行任务、方法或动作的主体逻辑。		方法类.cpp:781;方法类.cpp:893;方法虚拟存在服务类.cpp:122;方法虚拟存在服务类.cpp:438
yes	私有_方法状态_待条件节点值	私有_方法状态_待条件节点值	方法类.cpp:784	4	服务所在模块的内部辅助流程。		方法类.cpp:784;方法类.cpp:895;方法虚拟存在服务类.cpp:125;方法虚拟存在服务类.cpp:440
yes	私有_方法状态_待结果节点值	私有_方法状态_待结果节点值	方法类.cpp:787	4	服务所在模块的内部辅助流程。		方法类.cpp:787;方法类.cpp:898;方法虚拟存在服务类.cpp:128;方法虚拟存在服务类.cpp:443
yes	私有_方法状态_待条件结果对值	私有_方法状态_待条件结果对值	方法类.cpp:790	4	服务所在模块的内部辅助流程。		方法类.cpp:790;方法类.cpp:900;方法虚拟存在服务类.cpp:131;方法虚拟存在服务类.cpp:445
yes	私有_同步方法状态特征	私有_同步方法状态特征	方法类.cpp:872	4	同步线程、任务、场景或对象之间的状态。		方法类.cpp:872;方法类.cpp:2592;方法虚拟存在服务类.cpp:423;方法虚拟存在服务类.cpp:748
yes	私有_场景二次特征索引	私有_场景二次特征索引	方法类.cpp:960	4	服务所在模块的内部辅助流程。		方法类.cpp:960;方法类.cpp:2561;方法类.cpp:2803;方法类.cpp:2905
yes	私有_方法状态_可用值	私有_方法状态_可用值	方法虚拟存在服务类.cpp:116	4	服务所在模块的内部辅助流程。		方法类.cpp:772;方法类.cpp:903;方法虚拟存在服务类.cpp:116;方法虚拟存在服务类.cpp:448
yes	私有_方法状态_待方法动作值	私有_方法状态_待方法动作值	方法虚拟存在服务类.cpp:119	4	服务所在模块的内部辅助流程。		方法类.cpp:778;方法类.cpp:891;方法虚拟存在服务类.cpp:119;方法虚拟存在服务类.cpp:436
yes	私有_方法状态_待可执行入口值	私有_方法状态_待可执行入口值	方法虚拟存在服务类.cpp:122	4	执行任务、方法或动作的主体逻辑。		方法类.cpp:781;方法类.cpp:893;方法虚拟存在服务类.cpp:122;方法虚拟存在服务类.cpp:438
yes	私有_方法状态_待条件节点值	私有_方法状态_待条件节点值	方法虚拟存在服务类.cpp:125	4	服务所在模块的内部辅助流程。		方法类.cpp:784;方法类.cpp:895;方法虚拟存在服务类.cpp:125;方法虚拟存在服务类.cpp:440
yes	私有_方法状态_待结果节点值	私有_方法状态_待结果节点值	方法虚拟存在服务类.cpp:128	4	服务所在模块的内部辅助流程。		方法类.cpp:787;方法类.cpp:898;方法虚拟存在服务类.cpp:128;方法虚拟存在服务类.cpp:443
yes	私有_方法状态_待条件结果对值	私有_方法状态_待条件结果对值	方法虚拟存在服务类.cpp:131	4	服务所在模块的内部辅助流程。		方法类.cpp:790;方法类.cpp:900;方法虚拟存在服务类.cpp:131;方法虚拟存在服务类.cpp:445
yes	私有_同步方法状态特征	私有_同步方法状态特征	方法虚拟存在服务类.cpp:423	4	同步线程、任务、场景或对象之间的状态。		方法类.cpp:872;方法类.cpp:2592;方法虚拟存在服务类.cpp:423;方法虚拟存在服务类.cpp:748
yes	私有_解析方法引用	私有_解析方法引用	方法虚拟存在服务类.cpp:481	4	解析输入文本、消息、场景或运行包。		方法虚拟存在服务类.cpp:481;方法虚拟存在服务类.cpp:649;方法虚拟存在服务类.cpp:655;方法虚拟存在服务类.cpp:661
yes	私有_解析方法虚拟存在引用	私有_解析方法虚拟存在引用	方法虚拟存在服务类.cpp:487	4	解析输入文本、消息、场景或运行包。		方法虚拟存在服务类.cpp:487;方法虚拟存在服务类.cpp:648;方法虚拟存在服务类.cpp:654;方法虚拟存在服务类.cpp:660
yes	私有_默认成熟度阶段	私有_默认成熟度阶段	方法虚拟存在服务类.cpp:94	4	服务所在模块的内部辅助流程。		方法类.cpp:763;方法类.cpp:2548;方法虚拟存在服务类.cpp:94;方法虚拟存在服务类.cpp:277
yes	运行_错误	运行_错误	日志模块.ixx:117	4	执行对应模块、线程或方法的运行逻辑。		日志模块.ixx:117;日志模块.ixx:594;日志模块.ixx:607;日志模块.ixx:618
yes	写一行	写一行	日志模块.ixx:336	4	按函数名执行对应处理。		日志模块.ixx:336;日志模块.ixx:518;日志模块.ixx:521;日志模块.ixx:679
yes	g_run	g_run	日志模块.ixx:406	4	按函数名执行对应处理。		日志模块.ixx:406;日志模块.ixx:461;日志模块.ixx:484;日志模块.ixx:518
yes	g_ex	g_ex	日志模块.ixx:412	4	按函数名执行对应处理。		日志模块.ixx:412;日志模块.ixx:462;日志模块.ixx:485;日志模块.ixx:521
yes	g_selfcheck_orphan	g_selfcheck_orphan	日志模块.ixx:418	4	按函数名执行对应处理。		日志模块.ixx:418;日志模块.ixx:463;日志模块.ixx:486;日志模块.ixx:679
yes	确保初始化_已加锁	确保初始化_已加锁	日志模块.ixx:459	4	初始化相关对象、状态或运行上下文。		日志模块.ixx:459;日志模块.ixx:476;日志模块.ixx:507;日志模块.ixx:671
yes	记录异常	记录异常	日志模块.ixx:533	4	记录日志、动态、证据或运行痕迹。		日志模块.ixx:57;日志模块.ixx:140;日志模块.ixx:533;日志模块.ixx:692
yes	初始化项目日志	初始化项目日志	日志模块.ixx:544	4	初始化相关对象、状态或运行上下文。		日志接入.h:8;日志模块.ixx:143;日志模块.ixx:544;鱼巢.cpp:719
yes	关闭项目日志	关闭项目日志	日志模块.ixx:561	4	按函数名执行对应处理。		日志接入.h:9;日志模块.ixx:144;日志模块.ixx:561;鱼巢.cpp:1090
yes	项目提示不允许空指	项目提示不允许空指	日志模块.ixx:626	4	按函数名执行对应处理。		日志接入.h:15;日志模块.ixx:149;日志模块.ixx:626;预处理开关变量.h:157
yes	本能动作执行缺口_当前方法执行失败词	本能动作执行缺口_当前方法执行失败词	本能动作管理类.ixx:158	4	执行任务、方法或动作的主体逻辑。		任务模块.执行.ixx:179;本能动作管理类.ixx:158;本能动作管理类.ixx:208;本能动作管理类.ixx:210
yes	递归匹配节点	递归匹配节点	本能动作类.ixx:324	4	按函数名执行对应处理。		本能动作类.ixx:187;本能动作类.ixx:324;本能动作类.ixx:394;本能动作类.ixx:446
yes	枚举子节点_只读	枚举子节点_只读	本能动作类.ixx:77	4	按函数名执行对应处理。		本能动作类.ixx:77;本能动作类.ixx:91;本能动作类.ixx:339;本能动作类.ixx:367
yes	私有_动作名称词	私有_动作名称词	本能方法类.cpp:172	4	服务所在模块的内部辅助流程。		本能方法类.cpp:172;本能方法类.cpp:192;本能方法类.cpp:294;本能方法类.cpp:303
yes	私有_区间外有符号差值	私有_区间外有符号差值	特征类.cpp:202	4	服务所在模块的内部辅助流程。		特征类.cpp:202;特征类.cpp:3009;特征类.cpp:3011;特征类.cpp:3013
yes	特征类::比较轮廓VecI64_按特征类型	比较轮廓VecI64_按特征类型	特征类.cpp:4129	4	比较当前值、目标值或历史基准。		世界树类.cpp:3710;世界树类.cpp:3721;特征类.cpp:4129;自我动作实现.外设模块.ixx:7641
yes	私有_状态排序时间	私有_状态排序时间	状态类.cpp:116	4	服务所在模块的内部辅助流程。		状态类.cpp:116;状态类.cpp:129;状态类.cpp:130;状态类.cpp:703
yes	私有_当前时间_微秒	私有_当前时间_微秒	线程生命周期消息模块.ixx:161	4	服务所在模块的内部辅助流程。		线程生命周期消息模块.ixx:161;线程生命周期消息模块.ixx:661;线程生命周期消息模块.ixx:718;线程生命周期消息模块.ixx:939
yes	私有_从字段构造消息	私有_从字段构造消息	线程生命周期消息模块.ixx:277	4	服务所在模块的内部辅助流程。		线程生命周期消息模块.ixx:277;线程生命周期消息模块.ixx:764;线程生命周期消息模块.ixx:806;线程生命周期消息模块.ixx:1103
yes	私有_是正式线程生命周期消息文件	私有_是正式线程生命周期消息文件	线程生命周期消息模块.ixx:585	4	服务所在模块的内部辅助流程。		线程生命周期消息模块.ixx:585;线程生命周期消息模块.ixx:758;线程生命周期消息模块.ixx:800;线程生命周期消息模块.ixx:1098
yes	线程生命周期消息事件文本	线程生命周期消息事件文本	线程生命周期消息模块.ixx:922	4	按函数名执行对应处理。		线程生命周期消息模块.ixx:112;线程生命周期消息模块.ixx:578;线程生命周期消息模块.ixx:922;线程生命周期消息模块.ixx:1021
yes	发送线程生命周期消息	发送线程生命周期消息	线程生命周期消息模块.ixx:954	4	按函数名执行对应处理。		任务模块.管理界面线程.impl.cpp:99;控制面板摘要线程模块.impl.cpp:81;线程生命周期消息模块.ixx:954;自我线程模块.impl.cpp:12655
yes	空间候选范围有效	空间候选范围有效	自我动作实现.外设模块.ixx:10001	4	按函数名执行对应处理。		自我动作实现.外设模块.ixx:10001;自我动作实现.外设模块.ixx:10074;自我动作实现.外设模块.ixx:10475;自我动作实现.外设模块.ixx:11313
yes	空间候选AABB间隔	空间候选AABB间隔	自我动作实现.外设模块.ixx:10010	4	按函数名执行对应处理。		自我动作实现.外设模块.ixx:10010;自我动作实现.外设模块.ixx:10041;自我动作实现.外设模块.ixx:10059;自我动作实现.外设模块.ixx:10299
yes	组合观察存在假设	组合观察存在假设	自我动作实现.外设模块.ixx:10397	4	按函数名执行对应处理。		自我动作实现.外设模块.ixx:10397;自我动作实现.外设模块.ixx:26506;自我动作实现.外设模块.ixx:26588;自我动作实现.外设模块.ixx:26672
yes	特征_读取特征类型	特征_读取特征类型	自我动作实现.外设模块.ixx:1109	4	从指定来源读取数据或状态。		自我动作实现.外设模块.ixx:1109;自我动作实现.外设模块.ixx:8367;自我动作实现模块.ixx:626;自我动作实现模块.ixx:3246
yes	读取空间候选逐项账本	读取空间候选逐项账本	自我动作实现.外设模块.ixx:11860	4	从指定来源读取数据或状态。		自我动作实现.外设模块.ixx:11860;自我动作实现.外设模块.ixx:12841;自我动作实现.外设模块.ixx:12842;自我动作实现.外设模块.ixx:12843
yes	读取观察诊断区域逐项账本	读取观察诊断区域逐项账本	自我动作实现.外设模块.ixx:11966	4	从指定来源读取数据或状态。		自我动作实现.外设模块.ixx:11966;自我动作实现.外设模块.ixx:12854;自我动作实现.外设模块.ixx:12855;自我动作实现.外设模块.ixx:12856
yes	写入双目相机观察帧摘要	写入双目相机观察帧摘要	自我动作实现.外设模块.ixx:11995	4	把处理结果写入指定对象、场景或日志。		自我动作实现.外设模块.ixx:11995;自我动作实现.外设模块.ixx:12118;自我动作实现.外设模块.ixx:17848;自我动作实现.外设模块.ixx:17912
yes	特征_平均运行时长	特征_平均运行时长	自我动作实现.外设模块.ixx:1207	4	执行对应模块、线程或方法的运行逻辑。		自我动作实现.外设模块.ixx:1207;自我动作实现.外设模块.ixx:8985;自我动作实现模块.ixx:731;自我动作实现模块.ixx:4126
yes	写入双目相机像素特征索引摘要	写入双目相机像素特征索引摘要	自我动作实现.外设模块.ixx:12112	4	把处理结果写入指定对象、场景或日志。		自我动作实现.外设模块.ixx:12112;自我动作实现.外设模块.ixx:13079;自我动作实现.外设模块.ixx:18119;自我动作实现.外设模块.ixx:25470
yes	特征_最近执行时间	特征_最近执行时间	自我动作实现.外设模块.ixx:1221	4	执行任务、方法或动作的主体逻辑。		自我动作实现.外设模块.ixx:1221;自我动作实现.外设模块.ixx:8987;自我动作实现模块.ixx:745;自我动作实现模块.ixx:4128
yes	特征_最近完成时间	特征_最近完成时间	自我动作实现.外设模块.ixx:1228	4	按函数名执行对应处理。		自我动作实现.外设模块.ixx:1228;自我动作实现.外设模块.ixx:8988;自我动作实现模块.ixx:752;自我动作实现模块.ixx:4129
yes	查找子存在_按类型并按特征I64	查找子存在_按类型并按特征I64	自我动作实现.外设模块.ixx:13286	4	按条件查找目标对象、方法或事实。		自我动作实现.外设模块.ixx:13286;自我动作实现.外设模块.ixx:13937;自我动作实现.外设模块.ixx:13942;自我动作实现.外设模块.ixx:13948
yes	查找首个已确认观察存在	查找首个已确认观察存在	自我动作实现.外设模块.ixx:13333	4	按条件查找目标对象、方法或事实。		自我动作实现.外设模块.ixx:13333;自我动作实现.外设模块.ixx:13784;自我动作实现.外设模块.ixx:13785;自我动作实现.外设模块.ixx:13786
yes	收集已确认观察存在	收集已确认观察存在	自我动作实现.外设模块.ixx:13360	4	确认候选事实、存在、状态或运行结果。		自我动作实现.外设模块.ixx:13360;自我动作实现.外设模块.ixx:13380;自我动作实现.外设模块.ixx:13381;自我动作实现.外设模块.ixx:13382
yes	评估当前场景特征值材料门	评估当前场景特征值材料门	自我动作实现.外设模块.ixx:13416	4	评估状态、风险、质量、权重或完成度。		自我动作实现.外设模块.ixx:13416;自我动作实现.外设模块.ixx:18918;自我动作实现.外设模块.ixx:20787;自我动作实现.外设模块.ixx:22995
yes	读取内部世界上下文	读取内部世界上下文	自我动作实现.外设模块.ixx:13871	4	从指定来源读取数据或状态。		自我动作实现.外设模块.ixx:13871;自我动作实现.外设模块.ixx:21017;自我动作实现.外设模块.ixx:25538;自我动作实现.外设模块.ixx:25783
yes	观察变化关系键	观察变化关系键	自我动作实现.外设模块.ixx:14500	4	按函数名执行对应处理。		自我动作实现.外设模块.ixx:14500;自我动作实现.外设模块.ixx:14514;自我动作实现.外设模块.ixx:14574;自我动作实现.外设模块.ixx:14649
yes	类型_运行虚拟存在	类型_运行虚拟存在	自我动作实现.外设模块.ixx:1534	4	执行对应模块、线程或方法的运行逻辑。		自我动作实现.外设模块.ixx:1534;自我动作实现.外设模块.ixx:8882;自我动作实现模块.ixx:1058;自我动作实现模块.ixx:4023
yes	特征_返回参数信息	特征_返回参数信息	自我动作实现.外设模块.ixx:1555	4	按函数名执行对应处理。		自我动作实现.外设模块.ixx:1555;自我动作实现.外设模块.ixx:8917;自我动作实现模块.ixx:1079;自我动作实现模块.ixx:4058
yes	特征_返回场景信息	特征_返回场景信息	自我动作实现.外设模块.ixx:1562	4	按函数名执行对应处理。		自我动作实现.外设模块.ixx:1562;自我动作实现.外设模块.ixx:8925;自我动作实现模块.ixx:1086;自我动作实现模块.ixx:4066
yes	特征_方法虚拟存在	特征_方法虚拟存在	自我动作实现.外设模块.ixx:1569	4	按函数名执行对应处理。		自我动作实现.外设模块.ixx:1569;自我动作实现.外设模块.ixx:8888;自我动作实现模块.ixx:1093;自我动作实现模块.ixx:4029
yes	特征_结束时间	特征_结束时间	自我动作实现.外设模块.ixx:1583	4	按函数名执行对应处理。		自我动作实现.外设模块.ixx:1583;自我动作实现.外设模块.ixx:8904;自我动作实现模块.ixx:1107;自我动作实现模块.ixx:4045
yes	特征_抽象特征引用	特征_抽象特征引用	自我动作实现.外设模块.ixx:1728	4	按函数名执行对应处理。		自我动作实现.外设模块.ixx:1728;自我动作实现模块.ixx:1252;自我动作实现模块.ixx:3309;自我动作实现模块.ixx:4695
yes	特征_配对状态	特征_配对状态	自我动作实现.外设模块.ixx:1875	4	按函数名执行对应处理。		自我动作实现.外设模块.ixx:1875;自我动作实现模块.ixx:1399;自我动作实现模块.ixx:9859;自我动作实现模块.ixx:9866
yes	值_本轮运行虚拟存在缺失	值_本轮运行虚拟存在缺失	自我动作实现.外设模块.ixx:2057	4	执行对应模块、线程或方法的运行逻辑。		自我动作实现.外设模块.ixx:2057;自我动作实现.外设模块.ixx:9233;自我动作实现模块.ixx:1581;自我动作实现模块.ixx:4392
yes	值_外设打开失败	值_外设打开失败	自我动作实现.外设模块.ixx:2106	4	按函数名执行对应处理。		自我动作实现.外设模块.ixx:2106;自我动作实现.外设模块.ixx:11352;自我动作实现.外设模块.ixx:11527;自我动作实现模块.ixx:1630
yes	值_外设不可用	值_外设不可用	自我动作实现.外设模块.ixx:2113	4	按函数名执行对应处理。		自我动作实现.外设模块.ixx:2113;自我动作实现.外设模块.ixx:11354;自我动作实现.外设模块.ixx:11528;自我动作实现模块.ixx:1637
yes	特征_候选存在数量	特征_候选存在数量	自我动作实现.外设模块.ixx:2183	4	按函数名执行对应处理。		自我动作实现.外设模块.ixx:2183;自我动作实现.外设模块.ixx:17288;自我动作实现.外设模块.ixx:26787;自我动作实现模块.ixx:1707
yes	特征_当前观察帧存在	特征_当前观察帧存在	自我动作实现.外设模块.ixx:2407	4	按函数名执行对应处理。		自我动作实现.外设模块.ixx:2407;自我动作实现.外设模块.ixx:12493;自我动作实现.外设模块.ixx:15461;自我动作实现.外设模块.ixx:15474
yes	特征_当前观察帧存在状态	特征_当前观察帧存在状态	自我动作实现.外设模块.ixx:2414	4	按函数名执行对应处理。		自我动作实现.外设模块.ixx:2414;自我动作实现.外设模块.ixx:12494;自我动作实现.外设模块.ixx:15462;自我动作实现.外设模块.ixx:15475
yes	特征_外设观察存在基准状态	特征_外设观察存在基准状态	自我动作实现.外设模块.ixx:2428	4	按函数名执行对应处理。		自我动作实现.外设模块.ixx:2428;自我动作实现.外设模块.ixx:12496;自我动作实现.外设模块.ixx:15464;自我动作实现.外设模块.ixx:15477
yes	特征_像素观察存在数量	特征_像素观察存在数量	自我动作实现.外设模块.ixx:2512	4	按函数名执行对应处理。		自我动作实现.外设模块.ixx:2512;自我动作实现.外设模块.ixx:12009;自我动作实现.外设模块.ixx:12141;自我动作实现.外设模块.ixx:15518
yes	特征_缺失像素数量	特征_缺失像素数量	自我动作实现.外设模块.ixx:2519	4	按函数名执行对应处理。		自我动作实现.外设模块.ixx:2519;自我动作实现.外设模块.ixx:12010;自我动作实现.外设模块.ixx:12142;自我动作实现.外设模块.ixx:15519
yes	特征_重复映射数量	特征_重复映射数量	自我动作实现.外设模块.ixx:2526	4	按函数名执行对应处理。		自我动作实现.外设模块.ixx:2526;自我动作实现.外设模块.ixx:12011;自我动作实现.外设模块.ixx:12143;自我动作实现.外设模块.ixx:15520
yes	执行自我变化发现动作	执行自我变化发现动作	自我动作实现.外设模块.ixx:25950	4	执行任务、方法或动作的主体逻辑。		自我动作实现.外设模块.ixx:25950;自我动作实现.外设模块.ixx:26066;自我动作实现.外设模块.ixx:26084;自我动作实现.外设模块.ixx:26102
yes	特征_基础观察事实失败条件数量	特征_基础观察事实失败条件数量	自我动作实现.外设模块.ixx:2673	4	按函数名执行对应处理。		自我动作实现.外设模块.ixx:2673;自我动作实现.外设模块.ixx:12035;自我动作实现.外设模块.ixx:12235;自我动作实现.外设模块.ixx:15623
yes	特征_诊断区域数量	特征_诊断区域数量	自我动作实现.外设模块.ixx:3023	4	按函数名执行对应处理。		自我动作实现.外设模块.ixx:3023;自我动作实现.外设模块.ixx:12103;自我动作实现.外设模块.ixx:12807;自我动作实现.外设模块.ixx:15391
yes	特征_诊断区域集合状态	特征_诊断区域集合状态	自我动作实现.外设模块.ixx:3030	4	按函数名执行对应处理。		自我动作实现.外设模块.ixx:3030;自我动作实现.外设模块.ixx:12104;自我动作实现.外设模块.ixx:12810;自我动作实现.外设模块.ixx:15392
yes	特征_诊断区域编号	特征_诊断区域编号	自我动作实现.外设模块.ixx:3044	4	按函数名执行对应处理。		自我动作实现.外设模块.ixx:3044;自我动作实现.外设模块.ixx:11895;自我动作实现.外设模块.ixx:11918;自我动作实现.外设模块.ixx:11950
yes	特征_诊断区域图层类型	特征_诊断区域图层类型	自我动作实现.外设模块.ixx:3051	4	按函数名执行对应处理。		自我动作实现.外设模块.ixx:3051;自我动作实现.外设模块.ixx:11902;自我动作实现.外设模块.ixx:11919;自我动作实现.外设模块.ixx:11953
yes	特征_主空间候选编号	特征_主空间候选编号	自我动作实现.外设模块.ixx:3331	4	按函数名执行对应处理。		自我动作实现.外设模块.ixx:3331;自我动作实现.外设模块.ixx:13087;自我动作实现.外设模块.ixx:14968;自我动作实现.外设模块.ixx:15100
yes	特征_主空间候选像素数量	特征_主空间候选像素数量	自我动作实现.外设模块.ixx:3338	4	按函数名执行对应处理。		自我动作实现.外设模块.ixx:3338;自我动作实现.外设模块.ixx:13088;自我动作实现.外设模块.ixx:14969;自我动作实现.外设模块.ixx:15101
yes	特征_空间候选编号	特征_空间候选编号	自我动作实现.外设模块.ixx:3345	4	按函数名执行对应处理。		自我动作实现.外设模块.ixx:3345;自我动作实现.外设模块.ixx:11720;自我动作实现.外设模块.ixx:11734;自我动作实现.外设模块.ixx:11805
yes	特征_空间候选像素数量	特征_空间候选像素数量	自我动作实现.外设模块.ixx:3352	4	按函数名执行对应处理。		自我动作实现.外设模块.ixx:3352;自我动作实现.外设模块.ixx:11735;自我动作实现.外设模块.ixx:11808;自我动作实现.外设模块.ixx:22327
yes	特征_内部世界子存在事实提交状态	特征_内部世界子存在事实提交状态	自我动作实现.外设模块.ixx:3534	4	提交事实、动态、任务状态或运行回执。		自我动作实现.外设模块.ixx:3534;自我动作实现.外设模块.ixx:17086;自我动作实现.外设模块.ixx:25824;自我动作实现.外设模块.ixx:25879
yes	特征_内部世界子存在原始事实写入状态	特征_内部世界子存在原始事实写入状态	自我动作实现.外设模块.ixx:3541	4	把处理结果写入指定对象、场景或日志。		自我动作实现.外设模块.ixx:3541;自我动作实现.外设模块.ixx:17087;自我动作实现.外设模块.ixx:25808;自我动作实现.外设模块.ixx:25880
yes	特征_内部世界子存在与内部世界关联状态	特征_内部世界子存在与内部世界关联状态	自我动作实现.外设模块.ixx:3548	4	按函数名执行对应处理。		自我动作实现.外设模块.ixx:3548;自我动作实现.外设模块.ixx:17088;自我动作实现.外设模块.ixx:25809;自我动作实现.外设模块.ixx:25881
yes	特征_局部观察切片	特征_局部观察切片	自我动作实现.外设模块.ixx:3555	4	按函数名执行对应处理。		自我动作实现.外设模块.ixx:3555;自我动作实现.外设模块.ixx:14047;自我动作实现.外设模块.ixx:14190;自我动作实现.外设模块.ixx:17029
yes	特征_匹配置信度	特征_匹配置信度	自我动作实现.外设模块.ixx:3702	4	按函数名执行对应处理。		自我动作实现.外设模块.ixx:3702;自我动作实现.外设模块.ixx:14559;自我动作实现.外设模块.ixx:14731;自我动作实现.外设模块.ixx:17138
yes	特征_观察变化事件类型	特征_观察变化事件类型	自我动作实现.外设模块.ixx:3765	4	按函数名执行对应处理。		自我动作实现.外设模块.ixx:3765;自我动作实现.外设模块.ixx:14687;自我动作实现.外设模块.ixx:14733;自我动作实现.外设模块.ixx:17180
yes	特征_最近深度	特征_最近深度	自我动作实现.外设模块.ixx:4017	4	按函数名执行对应处理。		自我动作实现.外设模块.ixx:4017;自我动作实现.外设模块.ixx:11751;自我动作实现.外设模块.ixx:11824;自我动作实现.外设模块.ixx:13099
yes	特征_最远深度	特征_最远深度	自我动作实现.外设模块.ixx:4024	4	按函数名执行对应处理。		自我动作实现.外设模块.ixx:4024;自我动作实现.外设模块.ixx:11752;自我动作实现.外设模块.ixx:11825;自我动作实现.外设模块.ixx:13100
yes	特征_空间候选优先级评分	特征_空间候选优先级评分	自我动作实现.外设模块.ixx:4157	4	按函数名执行对应处理。		自我动作实现.外设模块.ixx:4157;自我动作实现.外设模块.ixx:12903;自我动作实现.外设模块.ixx:21595;自我动作实现.外设模块.ixx:22714
yes	特征_候选像素掩码状态	特征_候选像素掩码状态	自我动作实现.外设模块.ixx:4206	4	按函数名执行对应处理。		自我动作实现.外设模块.ixx:4206;自我动作实现.外设模块.ixx:13165;自我动作实现.外设模块.ixx:16885;自我动作实现.外设模块.ixx:23939
yes	特征_平面轮廓状态	特征_平面轮廓状态	自我动作实现.外设模块.ixx:4241	4	按函数名执行对应处理。		自我动作实现.外设模块.ixx:4241;自我动作实现.外设模块.ixx:7393;自我动作实现.外设模块.ixx:7396;自我动作实现.外设模块.ixx:22341
yes	特征_空间极值轮廓状态	特征_空间极值轮廓状态	自我动作实现.外设模块.ixx:4255	4	按函数名执行对应处理。		自我动作实现.外设模块.ixx:4255;自我动作实现.外设模块.ixx:7412;自我动作实现.外设模块.ixx:7415;自我动作实现.外设模块.ixx:22342
yes	特征_轮廓闭合度	特征_轮廓闭合度	自我动作实现.外设模块.ixx:4325	4	按函数名执行对应处理。		自我动作实现.外设模块.ixx:4325;自我动作实现.外设模块.ixx:11765;自我动作实现.外设模块.ixx:11838;自我动作实现.外设模块.ixx:14292
yes	特征_全帧像素归属账状态	特征_全帧像素归属账状态	自我动作实现.外设模块.ixx:4465	4	按函数名执行对应处理。		自我动作实现.外设模块.ixx:4465;自我动作实现.外设模块.ixx:13064;自我动作实现.外设模块.ixx:16951;自我动作实现.外设模块.ixx:16959
yes	特征_存在当前特征状态	特征_存在当前特征状态	自我动作实现.外设模块.ixx:4535	4	按函数名执行对应处理。		自我动作实现.外设模块.ixx:4535;自我动作实现.外设模块.ixx:16389;自我动作实现.外设模块.ixx:24388;自我动作实现.外设模块.ixx:24568
yes	特征_存在特征变化动态	特征_存在特征变化动态	自我动作实现.外设模块.ixx:4542	4	按函数名执行对应处理。		自我动作实现.外设模块.ixx:4542;自我动作实现.外设模块.ixx:16390;自我动作实现.外设模块.ixx:23125;自我动作实现.外设模块.ixx:24579
yes	特征_目标存在跟踪稳定动态	特征_目标存在跟踪稳定动态	自我动作实现.外设模块.ixx:4675	4	执行跟踪相关定位、匹配或结果输出逻辑。		自我动作实现.外设模块.ixx:4675;自我动作实现.外设模块.ixx:16251;自我动作实现.外设模块.ixx:21982;自我动作实现.外设模块.ixx:23128
yes	特征_目标存在区间迁移动态	特征_目标存在区间迁移动态	自我动作实现.外设模块.ixx:4682	4	按函数名执行对应处理。		自我动作实现.外设模块.ixx:4682;自我动作实现.外设模块.ixx:16252;自我动作实现.外设模块.ixx:21985;自我动作实现.外设模块.ixx:23129
yes	特征_目标存在丢失动态	特征_目标存在丢失动态	自我动作实现.外设模块.ixx:4689	4	按函数名执行对应处理。		自我动作实现.外设模块.ixx:4689;自我动作实现.外设模块.ixx:16253;自我动作实现.外设模块.ixx:21988;自我动作实现.外设模块.ixx:23130
yes	特征_目标存在重捕获动态	特征_目标存在重捕获动态	自我动作实现.外设模块.ixx:4696	4	按函数名执行对应处理。		自我动作实现.外设模块.ixx:4696;自我动作实现.外设模块.ixx:16254;自我动作实现.外设模块.ixx:21991;自我动作实现.外设模块.ixx:23131
yes	特征_目标存在预测偏差超限动态	特征_目标存在预测偏差超限动态	自我动作实现.外设模块.ixx:4703	4	按函数名执行对应处理。		自我动作实现.外设模块.ixx:4703;自我动作实现.外设模块.ixx:16255;自我动作实现.外设模块.ixx:21994;自我动作实现.外设模块.ixx:23132
yes	特征_当前观察候选存在验证状态	特征_当前观察候选存在验证状态	自我动作实现.外设模块.ixx:4731	4	按函数名执行对应处理。		自我动作实现.外设模块.ixx:4731;自我动作实现.外设模块.ixx:16460;自我动作实现.外设模块.ixx:22409;自我动作实现.外设模块.ixx:22470
yes	特征_已确认观察存在生成条件明确状态	特征_已确认观察存在生成条件明确状态	自我动作实现.外设模块.ixx:4738	4	根据当前输入生成目标数据、场景、动态或回执。		自我动作实现.外设模块.ixx:4738;自我动作实现.外设模块.ixx:16461;自我动作实现.外设模块.ixx:22410;自我动作实现.外设模块.ixx:22477
yes	特征_外设观察验证通过簇数量	特征_外设观察验证通过簇数量	自我动作实现.外设模块.ixx:4766	4	按函数名执行对应处理。		自我动作实现.外设模块.ixx:4766;自我动作实现.外设模块.ixx:16464;自我动作实现.外设模块.ixx:22413;自我动作实现.外设模块.ixx:22498
yes	特征_外设观察验证失败簇数量	特征_外设观察验证失败簇数量	自我动作实现.外设模块.ixx:4773	4	按函数名执行对应处理。		自我动作实现.外设模块.ixx:4773;自我动作实现.外设模块.ixx:16465;自我动作实现.外设模块.ixx:22414;自我动作实现.外设模块.ixx:22505
yes	特征_外设观察验证证据不足簇数量	特征_外设观察验证证据不足簇数量	自我动作实现.外设模块.ixx:4780	4	按函数名执行对应处理。		自我动作实现.外设模块.ixx:4780;自我动作实现.外设模块.ixx:16466;自我动作实现.外设模块.ixx:22415;自我动作实现.外设模块.ixx:22512
yes	特征_外设观察验证缺失材料数量	特征_外设观察验证缺失材料数量	自我动作实现.外设模块.ixx:4787	4	按函数名执行对应处理。		自我动作实现.外设模块.ixx:4787;自我动作实现.外设模块.ixx:16467;自我动作实现.外设模块.ixx:22416;自我动作实现.外设模块.ixx:22519
yes	特征_外设观察存在_自我存在同一性评分	特征_外设观察存在_自我存在同一性评分	自我动作实现.外设模块.ixx:4878	4	按函数名执行对应处理。		自我动作实现.外设模块.ixx:4878;自我动作实现.外设模块.ixx:16144;自我动作实现.外设模块.ixx:21443;自我动作实现.外设模块.ixx:21603
yes	特征_外设观察存在同一性证据帧数	特征_外设观察存在同一性证据帧数	自我动作实现.外设模块.ixx:4885	4	按函数名执行对应处理。		自我动作实现.外设模块.ixx:4885;自我动作实现.外设模块.ixx:16145;自我动作实现.外设模块.ixx:16182;自我动作实现.外设模块.ixx:21606
yes	特征_外设观察存在跨帧匹配状态	特征_外设观察存在跨帧匹配状态	自我动作实现.外设模块.ixx:4892	4	按函数名执行对应处理。		自我动作实现.外设模块.ixx:4892;自我动作实现.外设模块.ixx:16146;自我动作实现.外设模块.ixx:16184;自我动作实现.外设模块.ixx:21607
yes	特征_外设观察存在跨帧连续命中次数	特征_外设观察存在跨帧连续命中次数	自我动作实现.外设模块.ixx:4899	4	按函数名执行对应处理。		自我动作实现.外设模块.ixx:4899;自我动作实现.外设模块.ixx:16147;自我动作实现.外设模块.ixx:16187;自我动作实现.外设模块.ixx:21608
yes	特征_外设观察存在跨帧复现离散度	特征_外设观察存在跨帧复现离散度	自我动作实现.外设模块.ixx:4906	4	按函数名执行对应处理。		自我动作实现.外设模块.ixx:4906;自我动作实现.外设模块.ixx:16148;自我动作实现.外设模块.ixx:16191;自我动作实现.外设模块.ixx:21609
yes	特征_映射稳定性状态	特征_映射稳定性状态	自我动作实现.外设模块.ixx:5004	4	按函数名执行对应处理。		自我动作实现.外设模块.ixx:5004;自我动作实现.外设模块.ixx:16307;自我动作实现.外设模块.ixx:23972;自我动作实现.外设模块.ixx:24087
yes	特征_当前观察范围可观测单位存在对应缺口可解释状态	特征_当前观察范围可观测单位存在对应缺口可解释状态	自我动作实现.外设模块.ixx:5053	4	按函数名执行对应处理。		自我动作实现.外设模块.ixx:5053;自我动作实现.外设模块.ixx:16313;自我动作实现.外设模块.ixx:23541;自我动作实现.外设模块.ixx:24093
yes	特征_观察存在发现来源动作动态	特征_观察存在发现来源动作动态	自我动作实现.外设模块.ixx:5081	4	按函数名执行对应处理。		自我动作实现.外设模块.ixx:5081;自我动作实现.外设模块.ixx:16356;自我动作实现.外设模块.ixx:23124;自我动作实现.外设模块.ixx:24397
yes	特征_已知存在当前帧扫描状态	特征_已知存在当前帧扫描状态	自我动作实现.外设模块.ixx:5137	4	执行扫描相关材料获取、比较或提交逻辑。		自我动作实现.外设模块.ixx:5137;自我动作实现.外设模块.ixx:16613;自我动作实现.外设模块.ixx:24898;自我动作实现.外设模块.ixx:24920
yes	特征_当前帧遮挡判断状态	特征_当前帧遮挡判断状态	自我动作实现.外设模块.ixx:5151	4	判断条件、状态或业务结果是否成立。		自我动作实现.外设模块.ixx:5151;自我动作实现.外设模块.ixx:16615;自我动作实现.外设模块.ixx:24899;自我动作实现.外设模块.ixx:24922
yes	特征_当前帧轮廓冲突区域明确状态	特征_当前帧轮廓冲突区域明确状态	自我动作实现.外设模块.ixx:5158	4	按函数名执行对应处理。		自我动作实现.外设模块.ixx:5158;自我动作实现.外设模块.ixx:16616;自我动作实现.外设模块.ixx:24900;自我动作实现.外设模块.ixx:24923
yes	特征_当前帧区域归属原因掩码	特征_当前帧区域归属原因掩码	自我动作实现.外设模块.ixx:5179	4	按函数名执行对应处理。		自我动作实现.外设模块.ixx:5179;自我动作实现.外设模块.ixx:16619;自我动作实现.外设模块.ixx:24908;自我动作实现.外设模块.ixx:24926
yes	特征_观察确认补偿状态	特征_观察确认补偿状态	自我动作实现.外设模块.ixx:5263	4	确认候选事实、存在、状态或运行结果。		自我动作实现.外设模块.ixx:5263;自我动作实现.外设模块.ixx:11776;自我动作实现.外设模块.ixx:11849;自我动作实现.外设模块.ixx:16923
yes	特征_缺失原因	特征_缺失原因	自我动作实现.外设模块.ixx:5270	4	按函数名执行对应处理。		自我动作实现.外设模块.ixx:5270;自我动作实现.外设模块.ixx:11777;自我动作实现.外设模块.ixx:11850;自我动作实现.外设模块.ixx:16924
yes	特征_未解释区域状态	特征_未解释区域状态	自我动作实现.外设模块.ixx:5277	4	按函数名执行对应处理。		自我动作实现.外设模块.ixx:5277;自我动作实现.外设模块.ixx:11778;自我动作实现.外设模块.ixx:11851;自我动作实现.外设模块.ixx:16925
yes	特征_补全候选状态	特征_补全候选状态	自我动作实现.外设模块.ixx:5284	4	按函数名执行对应处理。		自我动作实现.外设模块.ixx:5284;自我动作实现.外设模块.ixx:11780;自我动作实现.外设模块.ixx:11853;自我动作实现.外设模块.ixx:16927
yes	特征_低置信轮廓状态	特征_低置信轮廓状态	自我动作实现.外设模块.ixx:5291	4	按函数名执行对应处理。		自我动作实现.外设模块.ixx:5291;自我动作实现.外设模块.ixx:11781;自我动作实现.外设模块.ixx:11854;自我动作实现.外设模块.ixx:16928
yes	特征_试运行次数	特征_试运行次数	自我动作实现.外设模块.ixx:5487	4	执行对应模块、线程或方法的运行逻辑。		自我动作实现.外设模块.ixx:5487;自我动作实现模块.ixx:1903;自我动作实现模块.ixx:5781;自我动作实现模块.ixx:10023
yes	特征_参数新颖性状态	特征_参数新颖性状态	自我动作实现.外设模块.ixx:5550	4	按函数名执行对应处理。		自我动作实现.外设模块.ixx:5550;自我动作实现模块.ixx:1966;自我动作实现模块.ixx:5790;自我动作实现模块.ixx:6682
yes	特征_内化状态	特征_内化状态	自我动作实现.外设模块.ixx:5633	4	按函数名执行对应处理。		自我动作实现.外设模块.ixx:5633;自我动作实现模块.ixx:2049;自我动作实现模块.ixx:7002;自我动作实现模块.ixx:9033
yes	特征_动作主体替换状态	特征_动作主体替换状态	自我动作实现.外设模块.ixx:5640	4	按函数名执行对应处理。		自我动作实现.外设模块.ixx:5640;自我动作实现模块.ixx:2056;自我动作实现模块.ixx:7003;自我动作实现模块.ixx:9034
yes	方法状态_待可执行入口	方法状态_待可执行入口	自我动作实现.外设模块.ixx:5701	4	执行任务、方法或动作的主体逻辑。		自我动作实现.外设模块.ixx:5701;自我动作实现.外设模块.ixx:8510;自我动作实现模块.ixx:2138;自我动作实现模块.ixx:3577
yes	特征_满足证据	特征_满足证据	自我动作实现.外设模块.ixx:5729	4	按函数名执行对应处理。		自我动作实现.外设模块.ixx:5729;自我动作实现模块.ixx:2166;自我动作实现模块.ixx:7192;自我动作实现模块.ixx:12328
yes	特征_当前场景特征值可读材料门版本	特征_当前场景特征值可读材料门版本	自我动作实现.外设模块.ixx:5869	4	按函数名执行对应处理。		自我动作实现.外设模块.ixx:5869;自我动作实现.外设模块.ixx:13723;自我动作实现.外设模块.ixx:15657;自我动作实现.外设模块.ixx:16582
yes	特征_当前场景特征值可读存在数量	特征_当前场景特征值可读存在数量	自我动作实现.外设模块.ixx:5876	4	按函数名执行对应处理。		自我动作实现.外设模块.ixx:5876;自我动作实现.外设模块.ixx:13725;自我动作实现.外设模块.ixx:15658;自我动作实现.外设模块.ixx:16583
yes	特征_当前场景特征值部分可读存在数量	特征_当前场景特征值部分可读存在数量	自我动作实现.外设模块.ixx:5883	4	按函数名执行对应处理。		自我动作实现.外设模块.ixx:5883;自我动作实现.外设模块.ixx:13726;自我动作实现.外设模块.ixx:15659;自我动作实现.外设模块.ixx:16584
yes	特征_当前场景特征值证据不足存在数量	特征_当前场景特征值证据不足存在数量	自我动作实现.外设模块.ixx:5890	4	按函数名执行对应处理。		自我动作实现.外设模块.ixx:5890;自我动作实现.外设模块.ixx:13727;自我动作实现.外设模块.ixx:15660;自我动作实现.外设模块.ixx:16585
yes	特征_存在_场景绝对坐标明确状态	特征_存在_场景绝对坐标明确状态	自我动作实现.外设模块.ixx:5981	4	按函数名执行对应处理。		自我动作实现.外设模块.ixx:5981;自我动作实现.外设模块.ixx:13517;自我动作实现.外设模块.ixx:13765;自我动作实现.外设模块.ixx:15920
yes	特征_自我边界参照存在	特征_自我边界参照存在	自我动作实现.外设模块.ixx:5988	4	按函数名执行对应处理。		自我动作实现.外设模块.ixx:5988;自我动作实现.外设模块.ixx:15880;自我动作实现.外设模块.ixx:20426;自我动作实现.外设模块.ixx:20551
yes	特征_自我相对视图坐标系状态	特征_自我相对视图坐标系状态	自我动作实现.外设模块.ixx:6009	4	按函数名执行对应处理。		自我动作实现.外设模块.ixx:6009;自我动作实现.外设模块.ixx:15883;自我动作实现.外设模块.ixx:15898;自我动作实现.外设模块.ixx:20436
yes	特征_自我_场景绝对姿态明确状态	特征_自我_场景绝对姿态明确状态	自我动作实现.外设模块.ixx:6044	4	按函数名执行对应处理。		自我动作实现.外设模块.ixx:6044;自我动作实现.外设模块.ixx:15885;自我动作实现.外设模块.ixx:20386;自我动作实现.外设模块.ixx:20443
yes	自我边界坐标分量转I64	自我边界坐标分量转I64	自我动作实现.外设模块.ixx:6051	4	按函数名执行对应处理。		自我动作实现.外设模块.ixx:6051;自我动作实现.外设模块.ixx:6077;自我动作实现.外设模块.ixx:6078;自我动作实现.外设模块.ixx:6079
yes	特征_自我_近身安全缓冲半径	特征_自我_近身安全缓冲半径	自我动作实现.外设模块.ixx:6106	4	按函数名执行对应处理。		自我动作实现.外设模块.ixx:6106;自我动作实现.外设模块.ixx:15886;自我动作实现.外设模块.ixx:20444;自我动作实现.外设模块.ixx:20585
yes	特征_自我_接触边界半径	特征_自我_接触边界半径	自我动作实现.外设模块.ixx:6113	4	按函数名执行对应处理。		自我动作实现.外设模块.ixx:6113;自我动作实现.外设模块.ixx:15887;自我动作实现.外设模块.ixx:20445;自我动作实现.外设模块.ixx:20586
yes	特征_存在_相对自我边界距离	特征_存在_相对自我边界距离	自我动作实现.外设模块.ixx:6134	4	按函数名执行对应处理。		自我动作实现.外设模块.ixx:6134;自我动作实现.外设模块.ixx:13629;自我动作实现.外设模块.ixx:15924;自我动作实现.外设模块.ixx:20641
yes	特征_安全因果候选数量	特征_安全因果候选数量	自我动作实现.外设模块.ixx:6218	4	按函数名执行对应处理。		自我动作实现.外设模块.ixx:6218;自我动作实现.外设模块.ixx:15955;自我动作实现.外设模块.ixx:18642;自我动作实现.外设模块.ixx:20840
yes	特征_安全因果候选低置信数量	特征_安全因果候选低置信数量	自我动作实现.外设模块.ixx:6225	4	按函数名执行对应处理。		自我动作实现.外设模块.ixx:6225;自我动作实现.外设模块.ixx:15956;自我动作实现.外设模块.ixx:18643;自我动作实现.外设模块.ixx:20841
yes	特征_安全因果候选归因置信度	特征_安全因果候选归因置信度	自我动作实现.外设模块.ixx:6232	4	按函数名执行对应处理。		自我动作实现.外设模块.ixx:6232;自我动作实现.外设模块.ixx:15957;自我动作实现.外设模块.ixx:18644;自我动作实现.外设模块.ixx:20842
yes	特征_安全因果候选材料缺口数量	特征_安全因果候选材料缺口数量	自我动作实现.外设模块.ixx:6337	4	按函数名执行对应处理。		自我动作实现.外设模块.ixx:6337;自我动作实现.外设模块.ixx:15958;自我动作实现.外设模块.ixx:20695;自我动作实现.外设模块.ixx:20843
yes	特征_当前场景持续观察样本数量	特征_当前场景持续观察样本数量	自我动作实现.外设模块.ixx:6386	4	按函数名执行对应处理。		自我动作实现.外设模块.ixx:6386;自我动作实现.外设模块.ixx:16011;自我动作实现.外设模块.ixx:18646;自我动作实现.外设模块.ixx:19909
yes	特征_条件描述状态	特征_条件描述状态	自我动作实现.外设模块.ixx:640	4	按函数名执行对应处理。		自我动作实现.外设模块.ixx:640;自我动作实现.外设模块.ixx:8620;自我动作实现模块.ixx:67;自我动作实现模块.ixx:3941
yes	特征_风险安全_运行影响部分证据搜索状态	特征_风险安全_运行影响部分证据搜索状态	自我动作实现.外设模块.ixx:6449	4	在候选范围内搜索目标对象或路径。		自我动作实现.外设模块.ixx:6449;自我动作实现.外设模块.ixx:15754;自我动作实现.外设模块.ixx:15777;自我动作实现.外设模块.ixx:19373
yes	特征_风险安全_资源影响部分证据搜索状态	特征_风险安全_资源影响部分证据搜索状态	自我动作实现.外设模块.ixx:6456	4	在候选范围内搜索目标对象或路径。		自我动作实现.外设模块.ixx:6456;自我动作实现.外设模块.ixx:15755;自我动作实现.外设模块.ixx:15781;自我动作实现.外设模块.ixx:19374
yes	特征_风险安全_权限影响部分证据搜索状态	特征_风险安全_权限影响部分证据搜索状态	自我动作实现.外设模块.ixx:6463	4	在候选范围内搜索目标对象或路径。		自我动作实现.外设模块.ixx:6463;自我动作实现.外设模块.ixx:15756;自我动作实现.外设模块.ixx:15785;自我动作实现.外设模块.ixx:19375
yes	特征_条件描述时间	特征_条件描述时间	自我动作实现.外设模块.ixx:647	4	按函数名执行对应处理。		自我动作实现.外设模块.ixx:647;自我动作实现.外设模块.ixx:8621;自我动作实现模块.ixx:74;自我动作实现模块.ixx:3942
yes	特征_风险安全_未知影响部分证据搜索状态	特征_风险安全_未知影响部分证据搜索状态	自我动作实现.外设模块.ixx:6470	4	在候选范围内搜索目标对象或路径。		自我动作实现.外设模块.ixx:6470;自我动作实现.外设模块.ixx:15757;自我动作实现.外设模块.ixx:15789;自我动作实现.外设模块.ixx:19376
yes	特征_自我_风险安全_场景影响部分	特征_自我_风险安全_场景影响部分	自我动作实现.外设模块.ixx:6498	4	按函数名执行对应处理。		自我动作实现.外设模块.ixx:6498;自我动作实现.外设模块.ixx:15727;自我动作实现.外设模块.ixx:18847;自我动作实现.外设模块.ixx:19269
yes	特征_安全因果因素搜索范围完整状态	特征_安全因果因素搜索范围完整状态	自我动作实现.外设模块.ixx:6533	4	在候选范围内搜索目标对象或路径。		自我动作实现.外设模块.ixx:6533;自我动作实现.外设模块.ixx:15758;自我动作实现.外设模块.ixx:19382;自我动作实现.外设模块.ixx:19461
yes	特征_安全因果因素正向证据数量	特征_安全因果因素正向证据数量	自我动作实现.外设模块.ixx:6547	4	按函数名执行对应处理。		自我动作实现.外设模块.ixx:6547;自我动作实现.外设模块.ixx:15760;自我动作实现.外设模块.ixx:19384;自我动作实现.外设模块.ixx:19463
yes	特征_安全因果因素稳定性证据数量	特征_安全因果因素稳定性证据数量	自我动作实现.外设模块.ixx:6554	4	按函数名执行对应处理。		自我动作实现.外设模块.ixx:6554;自我动作实现.外设模块.ixx:15761;自我动作实现.外设模块.ixx:19385;自我动作实现.外设模块.ixx:19464
yes	特征_安全因果因素归因证据数量	特征_安全因果因素归因证据数量	自我动作实现.外设模块.ixx:6561	4	按函数名执行对应处理。		自我动作实现.外设模块.ixx:6561;自我动作实现.外设模块.ixx:15762;自我动作实现.外设模块.ixx:19386;自我动作实现.外设模块.ixx:19465
yes	特征_安全因果因素搜索置信度	特征_安全因果因素搜索置信度	自我动作实现.外设模块.ixx:6582	4	在候选范围内搜索目标对象或路径。		自我动作实现.外设模块.ixx:6582;自我动作实现.外设模块.ixx:15765;自我动作实现.外设模块.ixx:19389;自我动作实现.外设模块.ixx:19468
yes	特征_可选条件特征类型数量	特征_可选条件特征类型数量	自我动作实现.外设模块.ixx:668	4	按函数名执行对应处理。		自我动作实现.外设模块.ixx:668;自我动作实现.外设模块.ixx:8624;自我动作实现模块.ixx:95;自我动作实现模块.ixx:3945
yes	值_可执行输入参数场景创建失败	值_可执行输入参数场景创建失败	自我动作实现.外设模块.ixx:6925	4	创建并返回或登记对应对象。		自我动作实现.外设模块.ixx:6925;自我动作实现模块.ixx:2376;自我动作实现模块.ixx:5873;自我动作实现模块.ixx:9597
yes	值_任务状态动作动态_提交方法首节点缺失	值_任务状态动作动态_提交方法首节点缺失	自我动作实现.外设模块.ixx:6953	4	提交事实、动态、任务状态或运行回执。		自我动作实现.外设模块.ixx:6953;自我动作实现模块.ixx:2404;自我动作实现模块.ixx:10161;自我动作实现模块.ixx:10547
yes	值_任务状态动作动态_来源方法入口无效	值_任务状态动作动态_来源方法入口无效	自我动作实现.外设模块.ixx:6988	4	按函数名执行对应处理。		自我动作实现.外设模块.ixx:6988;自我动作实现模块.ixx:2446;自我动作实现模块.ixx:10173;自我动作实现模块.ixx:10550
yes	值_方法域动作动态创建失败	值_方法域动作动态创建失败	自我动作实现.外设模块.ixx:7002	4	创建并返回或登记对应对象。		自我动作实现.外设模块.ixx:7002;自我动作实现模块.ixx:2460;自我动作实现模块.ixx:5874;自我动作实现模块.ixx:8566
yes	值_参数条件缺口	值_参数条件缺口	自我动作实现.外设模块.ixx:7058	4	按函数名执行对应处理。		自我动作实现.外设模块.ixx:7058;自我动作实现模块.ixx:2516;自我动作实现模块.ixx:6330;自我动作实现模块.ixx:9595
yes	观察簇投影可形成平面轮廓	观察簇投影可形成平面轮廓	自我动作实现.外设模块.ixx:7306	4	按函数名执行对应处理。		自我动作实现.外设模块.ixx:7306;自我动作实现.外设模块.ixx:7386;自我动作实现.外设模块.ixx:7436;自我动作实现.外设模块.ixx:7622
yes	观察簇空间范围可形成极值轮廓	观察簇空间范围可形成极值轮廓	自我动作实现.外设模块.ixx:7315	4	按函数名执行对应处理。		自我动作实现.外设模块.ixx:7315;自我动作实现.外设模块.ixx:7405;自我动作实现.外设模块.ixx:7448;自我动作实现.外设模块.ixx:7627
yes	构造观察簇平面轮廓VecI64	构造观察簇平面轮廓VecI64	自我动作实现.外设模块.ixx:7325	4	按函数名执行对应处理。		自我动作实现.外设模块.ixx:7325;自我动作实现.外设模块.ixx:7387;自我动作实现.外设模块.ixx:7437;自我动作实现.外设模块.ixx:7625
yes	构造观察簇空间极值轮廓VecI64	构造观察簇空间极值轮廓VecI64	自我动作实现.外设模块.ixx:7343	4	按函数名执行对应处理。		自我动作实现.外设模块.ixx:7343;自我动作实现.外设模块.ixx:7406;自我动作实现.外设模块.ixx:7449;自我动作实现.外设模块.ixx:7630
yes	写入基础节点特征值	写入基础节点特征值	自我动作实现.外设模块.ixx:7479	4	把处理结果写入指定对象、场景或日志。		自我动作实现.外设模块.ixx:7479;自我动作实现.外设模块.ixx:7957;自我动作实现模块.ixx:2675;自我动作实现模块.ixx:2915
yes	特征_服务结算证据通过	特征_服务结算证据通过	自我动作实现.外设模块.ixx:850	4	结算任务、需求、价值或结果贡献。		自我动作实现.外设模块.ixx:850;自我动作实现模块.ixx:354;自我动作实现模块.ixx:7218;自我动作实现模块.ixx:12495
yes	特征_旧安全值	特征_旧安全值	自我动作实现.外设模块.ixx:857	4	按函数名执行对应处理。		自我动作实现.外设模块.ixx:857;自我动作实现模块.ixx:361;自我动作实现模块.ixx:7219;自我动作实现模块.ixx:12471
yes	方法树根	方法树根	自我动作实现.外设模块.ixx:8629	4	按函数名执行对应处理。		自我动作实现.外设模块.ixx:8629;自我动作实现.外设模块.ixx:8839;自我动作实现模块.ixx:3950;自我动作实现模块.ixx:3982
yes	是提交对应事实本能方法	是提交对应事实本能方法	自我动作实现.外设模块.ixx:8639	4	提交事实、动态、任务状态或运行回执。		自我动作实现.外设模块.ixx:8639;自我动作实现.外设模块.ixx:8648;自我动作实现.外设模块.ixx:8812;自我动作实现.外设模块.ixx:9207
yes	特征_新安全值	特征_新安全值	自我动作实现.外设模块.ixx:864	4	按函数名执行对应处理。		自我动作实现.外设模块.ixx:864;自我动作实现模块.ixx:368;自我动作实现模块.ixx:7220;自我动作实现模块.ixx:12472
yes	特征_旧服务值	特征_旧服务值	自我动作实现.外设模块.ixx:871	4	按函数名执行对应处理。		自我动作实现.外设模块.ixx:871;自我动作实现模块.ixx:375;自我动作实现模块.ixx:7221;自我动作实现模块.ixx:12473
yes	特征_新服务值	特征_新服务值	自我动作实现.外设模块.ixx:878	4	按函数名执行对应处理。		自我动作实现.外设模块.ixx:878;自我动作实现模块.ixx:382;自我动作实现模块.ixx:7222;自我动作实现模块.ixx:12474
yes	外设动作调试日志输出启用	外设动作调试日志输出启用	自我动作实现.外设模块.ixx:90	4	按函数名执行对应处理。		自我动作实现.外设模块.ixx:90;自我动作实现.外设模块.ixx:9126;自我动作实现.外设模块.ixx:23594;自我动作实现.外设模块.ixx:24234
yes	取首个方法条件节点	取首个方法条件节点	自我动作实现.外设模块.ixx:9002	4	按函数名执行对应处理。		自我动作实现.外设模块.ixx:9002;自我动作实现.外设模块.ixx:9027;自我动作实现模块.ixx:4143;自我动作实现模块.ixx:4168
yes	记录本能方法自身环境错误	记录本能方法自身环境错误	自我动作实现.外设模块.ixx:9066	4	记录日志、动态、证据或运行痕迹。		自我动作实现.外设模块.ixx:9066;自我动作实现.外设模块.ixx:9194;自我动作实现模块.ixx:4237;自我动作实现模块.ixx:4359
yes	特征_建议任务阶段	特征_建议任务阶段	自我动作实现.外设模块.ixx:934	4	按函数名执行对应处理。		自我动作实现.外设模块.ixx:934;自我动作实现模块.ixx:444;自我动作实现模块.ixx:7112;自我动作实现模块.ixx:7121
yes	特征_目标是否达成	特征_目标是否达成	自我动作实现.外设模块.ixx:941	4	按函数名执行对应处理。		自我动作实现.外设模块.ixx:941;自我动作实现模块.ixx:451;自我动作实现模块.ixx:10472;自我动作实现模块.ixx:10517
yes	特征_本轮是否有推进	特征_本轮是否有推进	自我动作实现.外设模块.ixx:948	4	按函数名执行对应处理。		自我动作实现.外设模块.ixx:948;自我动作实现模块.ixx:458;自我动作实现模块.ixx:10473;自我动作实现模块.ixx:10518
yes	特征_本轮推进量	特征_本轮推进量	自我动作实现.外设模块.ixx:955	4	按函数名执行对应处理。		自我动作实现.外设模块.ixx:955;自我动作实现模块.ixx:465;自我动作实现模块.ixx:10474;自我动作实现模块.ixx:10519
yes	特征_剩余差距	特征_剩余差距	自我动作实现.外设模块.ixx:962	4	按函数名执行对应处理。		自我动作实现.外设模块.ixx:962;自我动作实现模块.ixx:472;自我动作实现模块.ixx:10475;自我动作实现模块.ixx:10520
yes	特征_执行结果类型	特征_执行结果类型	自我动作实现.外设模块.ixx:969	4	执行任务、方法或动作的主体逻辑。		自我动作实现.外设模块.ixx:969;自我动作实现模块.ixx:479;自我动作实现模块.ixx:10476;自我动作实现模块.ixx:10523
yes	方法动作名	方法动作名	自我动作实现.扫描.ixx:1256	4	记录日志、动态、证据或运行痕迹。		方法类.h:147;自我动作实现.扫描.ixx:1256;自我动作实现.扫描.ixx:1355;自我动作实现.扫描.ixx:1616
yes	记录扫描动作动态创建失败	记录扫描动作动态创建失败	自我动作实现.扫描.ixx:1648	4	创建并返回或登记对应对象。		自我动作实现.扫描.ixx:1648;自我动作实现.扫描.ixx:1701;自我动作实现.扫描.ixx:1880;自我动作实现.扫描.ixx:2113
yes	确认自我扫描当前场景规格	确认自我扫描当前场景规格	自我动作实现.扫描.ixx:1713	4	执行扫描相关材料获取、比较或提交逻辑。		自我动作实现.扫描.ixx:1713;自我动作实现模块.ixx:7632;自我动作实现模块.ixx:7637;自我动作实现模块.ixx:8213
yes	自我扫描当前场景	自我扫描当前场景	自我动作实现.扫描.ixx:1744	4	执行扫描相关材料获取、比较或提交逻辑。		自我动作实现.扫描.ixx:1744;自我动作实现模块.ixx:5440;自我动作实现模块.ixx:11340;自我动作实现模块.ixx:11345
yes	特征_扫描运行状态	特征_扫描运行状态	自我动作实现.扫描.ixx:455	4	执行对应模块、线程或方法的运行逻辑。		自我动作实现.扫描.ixx:455;自我动作实现.扫描.ixx:1723;自我动作实现.扫描.ixx:1761;自我动作实现.扫描.ixx:2094
yes	特征_扫描闭合状态	特征_扫描闭合状态	自我动作实现.扫描.ixx:458	4	执行扫描相关材料获取、比较或提交逻辑。		自我动作实现.扫描.ixx:458;自我动作实现.扫描.ixx:1724;自我动作实现.扫描.ixx:1767;自我动作实现.扫描.ixx:2093
yes	特征_信息缺口集合	特征_信息缺口集合	自我动作实现.扫描.ixx:524	4	按函数名执行对应处理。		自我动作实现.扫描.ixx:524;自我动作实现.扫描.ixx:1547;自我动作实现.扫描.ixx:2028;自我动作实现.扫描.ixx:2077
yes	特征_动作动态指针	特征_动作动态指针	自我动作实现.扫描.ixx:698	4	按函数名执行对应处理。		自我动作实现.扫描.ixx:698;自我动作实现.扫描.ixx:1484;自我动作实现.扫描.ixx:1542;自我动作实现.扫描.ixx:2109
yes	特征_动作动态创建状态	特征_动作动态创建状态	自我动作实现.扫描.ixx:701	4	创建并返回或登记对应对象。		自我动作实现.扫描.ixx:701;自我动作实现.扫描.ixx:1543;自我动作实现.扫描.ixx:2110;自我动作实现.扫描.ixx:2114
yes	读取I64	读取I64	自我动作实现.扫描.ixx:806	4	从指定来源读取数据或状态。		自我动作实现.扫描.ixx:806;自我动作实现.扫描.ixx:865;自我动作实现.扫描.ixx:866;自我动作实现.扫描.ixx:867
yes	取或创建任务字段特征	取或创建任务字段特征	自我动作实现.服务模块.ixx:1285	4	创建并返回或登记对应对象。		自我动作实现.服务模块.ixx:1285;自我动作实现.服务模块.ixx:1311;自我动作实现.服务模块.ixx:1330;自我动作实现.服务模块.ixx:1743
yes	特征_权限者	特征_权限者	自我动作实现.服务模块.ixx:157	4	按函数名执行对应处理。		自我动作实现.服务模块.ixx:157;自我动作实现.服务模块.ixx:1400;自我动作实现.服务模块.ixx:1519;自我动作实现模块.ixx:8059
yes	读取任务方法运行存在	读取任务方法运行存在	自我动作实现.服务模块.ixx:2220	4	从指定来源读取数据或状态。		自我动作实现.服务模块.ixx:2220;自我动作实现.服务模块.ixx:2250;自我动作实现.服务模块.ixx:2316;自我动作实现.服务模块.ixx:2596
yes	读取状态主体	读取状态主体	自我动作实现.服务模块.ixx:2256	4	从指定来源读取数据或状态。		状态类.h:60;自我动作实现.服务模块.ixx:2256;自我动作实现.服务模块.ixx:2287;自我动作实现.服务模块.ixx:2288
yes	读取方法运行场景字段	读取方法运行场景字段	自我动作实现.服务模块.ixx:2263	4	从指定来源读取数据或状态。		自我动作实现.服务模块.ixx:2263;自我动作实现.服务模块.ixx:2338;自我动作实现.服务模块.ixx:2341;自我动作实现.服务模块.ixx:2344
yes	特征_服务前状态	特征_服务前状态	自我动作实现.服务模块.ixx:229	4	按函数名执行对应处理。		自我动作实现.服务模块.ixx:229;自我动作实现.服务模块.ixx:2077;自我动作实现.服务模块.ixx:2117;自我线程模块.impl.cpp:1333
yes	特征_服务后状态	特征_服务后状态	自我动作实现.服务模块.ixx:237	4	按函数名执行对应处理。		自我动作实现.服务模块.ixx:237;自我动作实现.服务模块.ixx:2088;自我动作实现.服务模块.ixx:2118;自我线程模块.impl.cpp:1344
yes	特征_服务前后状态可比较	特征_服务前后状态可比较	自我动作实现.服务模块.ixx:245	4	比较当前值、目标值或历史基准。		自我动作实现.服务模块.ixx:245;自我动作实现.服务模块.ixx:2122;自我动作实现.服务模块.ixx:3018;自我线程模块.impl.cpp:1351
yes	特征_服务前后状态发生变化	特征_服务前后状态发生变化	自我动作实现.服务模块.ixx:253	4	按函数名执行对应处理。		自我动作实现.服务模块.ixx:253;自我动作实现.服务模块.ixx:2127;自我动作实现.服务模块.ixx:3023;自我线程模块.impl.cpp:1356
yes	量化为服务离散评分	量化为服务离散评分	自我动作实现.服务模块.ixx:2744	4	按函数名执行对应处理。		自我动作实现.服务模块.ixx:2744;自我动作实现.服务模块.ixx:2767;自我动作实现.服务模块.ixx:2768;自我动作实现.服务模块.ixx:2769
yes	读取G0候选状态	读取G0候选状态	自我动作实现.服务模块.ixx:3156	4	从指定来源读取数据或状态。		自我动作实现.服务模块.ixx:3156;自我动作实现.服务模块.ixx:3246;自我动作实现.服务模块.ixx:3554;自我线程模块.impl.cpp:1919
yes	特征_成功服务候选池	特征_成功服务候选池	自我动作实现.服务模块.ixx:517	4	按函数名执行对应处理。		自我动作实现.服务模块.ixx:517;自我动作实现.服务模块.ixx:3128;自我动作实现.服务模块.ixx:3147;自我线程模块.impl.cpp:1844
yes	特征_候选可结算	特征_候选可结算	自我动作实现.服务模块.ixx:605	4	结算任务、需求、价值或结果贡献。		自我动作实现.服务模块.ixx:605;自我动作实现.服务模块.ixx:3366;自我动作实现.服务模块.ixx:3370;自我动作实现.服务模块.ixx:3518
yes	值_服务目标状态缺失	值_服务目标状态缺失	自我动作实现.服务模块.ixx:973	4	按函数名执行对应处理。		自我动作实现.服务模块.ixx:973;自我动作实现.服务模块.ixx:2053;自我动作实现.服务模块.ixx:2059;自我动作实现.服务模块.ixx:2066
yes	读取状态I64值_任务提交	读取状态I64值_任务提交	自我动作实现模块.ixx:10445	4	从指定来源读取数据或状态。		自我动作实现模块.ixx:10445;自我动作实现模块.ixx:10497;自我动作实现模块.ixx:10498;自我动作实现模块.ixx:10499
yes	类型_运行虚拟存在	类型_运行虚拟存在	自我动作实现模块.ixx:1058	4	执行对应模块、线程或方法的运行逻辑。		自我动作实现.外设模块.ixx:1534;自我动作实现.外设模块.ixx:8882;自我动作实现模块.ixx:1058;自我动作实现模块.ixx:4023
yes	特征_返回参数信息	特征_返回参数信息	自我动作实现模块.ixx:1079	4	按函数名执行对应处理。		自我动作实现.外设模块.ixx:1555;自我动作实现.外设模块.ixx:8917;自我动作实现模块.ixx:1079;自我动作实现模块.ixx:4058
yes	特征_返回场景信息	特征_返回场景信息	自我动作实现模块.ixx:1086	4	按函数名执行对应处理。		自我动作实现.外设模块.ixx:1562;自我动作实现.外设模块.ixx:8925;自我动作实现模块.ixx:1086;自我动作实现模块.ixx:4066
yes	特征_方法虚拟存在	特征_方法虚拟存在	自我动作实现模块.ixx:1093	4	按函数名执行对应处理。		自我动作实现.外设模块.ixx:1569;自我动作实现.外设模块.ixx:8888;自我动作实现模块.ixx:1093;自我动作实现模块.ixx:4029
yes	特征_结束时间	特征_结束时间	自我动作实现模块.ixx:1107	4	按函数名执行对应处理。		自我动作实现.外设模块.ixx:1583;自我动作实现.外设模块.ixx:8904;自我动作实现模块.ixx:1107;自我动作实现模块.ixx:4045
yes	自我扫描当前场景	自我扫描当前场景	自我动作实现模块.ixx:11340	4	执行扫描相关材料获取、比较或提交逻辑。		自我动作实现.扫描.ixx:1744;自我动作实现模块.ixx:5440;自我动作实现模块.ixx:11340;自我动作实现模块.ixx:11345
yes	特征_抽象特征引用	特征_抽象特征引用	自我动作实现模块.ixx:1252	4	按函数名执行对应处理。		自我动作实现.外设模块.ixx:1728;自我动作实现模块.ixx:1252;自我动作实现模块.ixx:3309;自我动作实现模块.ixx:4695
yes	特征_配对状态	特征_配对状态	自我动作实现模块.ixx:1399	4	按函数名执行对应处理。		自我动作实现.外设模块.ixx:1875;自我动作实现模块.ixx:1399;自我动作实现模块.ixx:9859;自我动作实现模块.ixx:9866
yes	值_本轮运行虚拟存在缺失	值_本轮运行虚拟存在缺失	自我动作实现模块.ixx:1581	4	执行对应模块、线程或方法的运行逻辑。		自我动作实现.外设模块.ixx:2057;自我动作实现.外设模块.ixx:9233;自我动作实现模块.ixx:1581;自我动作实现模块.ixx:4392
yes	值_外设打开失败	值_外设打开失败	自我动作实现模块.ixx:1630	4	按函数名执行对应处理。		自我动作实现.外设模块.ixx:2106;自我动作实现.外设模块.ixx:11352;自我动作实现.外设模块.ixx:11527;自我动作实现模块.ixx:1630
yes	值_外设不可用	值_外设不可用	自我动作实现模块.ixx:1637	4	按函数名执行对应处理。		自我动作实现.外设模块.ixx:2113;自我动作实现.外设模块.ixx:11354;自我动作实现.外设模块.ixx:11528;自我动作实现模块.ixx:1637
yes	特征_候选存在数量	特征_候选存在数量	自我动作实现模块.ixx:1707	4	按函数名执行对应处理。		自我动作实现.外设模块.ixx:2183;自我动作实现.外设模块.ixx:17288;自我动作实现.外设模块.ixx:26787;自我动作实现模块.ixx:1707
yes	特征_试运行次数	特征_试运行次数	自我动作实现模块.ixx:1903	4	执行对应模块、线程或方法的运行逻辑。		自我动作实现.外设模块.ixx:5487;自我动作实现模块.ixx:1903;自我动作实现模块.ixx:5781;自我动作实现模块.ixx:10023
yes	特征_参数新颖性状态	特征_参数新颖性状态	自我动作实现模块.ixx:1966	4	按函数名执行对应处理。		自我动作实现.外设模块.ixx:5550;自我动作实现模块.ixx:1966;自我动作实现模块.ixx:5790;自我动作实现模块.ixx:6682
yes	特征_内化状态	特征_内化状态	自我动作实现模块.ixx:2049	4	按函数名执行对应处理。		自我动作实现.外设模块.ixx:5633;自我动作实现模块.ixx:2049;自我动作实现模块.ixx:7002;自我动作实现模块.ixx:9033
yes	特征_动作主体替换状态	特征_动作主体替换状态	自我动作实现模块.ixx:2056	4	按函数名执行对应处理。		自我动作实现.外设模块.ixx:5640;自我动作实现模块.ixx:2056;自我动作实现模块.ixx:7003;自我动作实现模块.ixx:9034
yes	方法状态_待可执行入口	方法状态_待可执行入口	自我动作实现模块.ixx:2138	4	执行任务、方法或动作的主体逻辑。		自我动作实现.外设模块.ixx:5701;自我动作实现.外设模块.ixx:8510;自我动作实现模块.ixx:2138;自我动作实现模块.ixx:3577
yes	特征_满足证据	特征_满足证据	自我动作实现模块.ixx:2166	4	按函数名执行对应处理。		自我动作实现.外设模块.ixx:5729;自我动作实现模块.ixx:2166;自我动作实现模块.ixx:7192;自我动作实现模块.ixx:12328
yes	值_可执行输入参数场景创建失败	值_可执行输入参数场景创建失败	自我动作实现模块.ixx:2376	4	创建并返回或登记对应对象。		自我动作实现.外设模块.ixx:6925;自我动作实现模块.ixx:2376;自我动作实现模块.ixx:5873;自我动作实现模块.ixx:9597
yes	值_任务状态动作动态_提交方法首节点缺失	值_任务状态动作动态_提交方法首节点缺失	自我动作实现模块.ixx:2404	4	提交事实、动态、任务状态或运行回执。		自我动作实现.外设模块.ixx:6953;自我动作实现模块.ixx:2404;自我动作实现模块.ixx:10161;自我动作实现模块.ixx:10547
yes	值_任务状态动作动态_来源方法入口无效	值_任务状态动作动态_来源方法入口无效	自我动作实现模块.ixx:2446	4	按函数名执行对应处理。		自我动作实现.外设模块.ixx:6988;自我动作实现模块.ixx:2446;自我动作实现模块.ixx:10173;自我动作实现模块.ixx:10550
yes	值_方法域动作动态创建失败	值_方法域动作动态创建失败	自我动作实现模块.ixx:2460	4	创建并返回或登记对应对象。		自我动作实现.外设模块.ixx:7002;自我动作实现模块.ixx:2460;自我动作实现模块.ixx:5874;自我动作实现模块.ixx:8566
yes	特征_OR组令牌重复领取状态	特征_OR组令牌重复领取状态	自我动作实现模块.ixx:249	4	按函数名执行对应处理。		自我动作实现模块.ixx:249;自我动作实现模块.ixx:7160;自我动作实现模块.ixx:12647;自我动作实现模块.ixx:12672
yes	值_参数条件缺口	值_参数条件缺口	自我动作实现模块.ixx:2516	4	按函数名执行对应处理。		自我动作实现.外设模块.ixx:7058;自我动作实现模块.ixx:2516;自我动作实现模块.ixx:6330;自我动作实现模块.ixx:9595
yes	写入基础节点特征值	写入基础节点特征值	自我动作实现模块.ixx:2675	4	把处理结果写入指定对象、场景或日志。		自我动作实现.外设模块.ixx:7479;自我动作实现.外设模块.ixx:7957;自我动作实现模块.ixx:2675;自我动作实现模块.ixx:2915
yes	方法可执行入口数量_动作模块	方法可执行入口数量_动作模块	自我动作实现模块.ixx:3467	4	执行任务、方法或动作的主体逻辑。		自我动作实现模块.ixx:3467;自我动作实现模块.ixx:9130;自我动作实现模块.ixx:9231;自我动作实现模块.ixx:10982
yes	特征_服务结算证据通过	特征_服务结算证据通过	自我动作实现模块.ixx:354	4	结算任务、需求、价值或结果贡献。		自我动作实现.外设模块.ixx:850;自我动作实现模块.ixx:354;自我动作实现模块.ixx:7218;自我动作实现模块.ixx:12495
yes	特征_旧安全值	特征_旧安全值	自我动作实现模块.ixx:361	4	按函数名执行对应处理。		自我动作实现.外设模块.ixx:857;自我动作实现模块.ixx:361;自我动作实现模块.ixx:7219;自我动作实现模块.ixx:12471
yes	特征_新安全值	特征_新安全值	自我动作实现模块.ixx:368	4	按函数名执行对应处理。		自我动作实现.外设模块.ixx:864;自我动作实现模块.ixx:368;自我动作实现模块.ixx:7220;自我动作实现模块.ixx:12472
yes	特征_旧服务值	特征_旧服务值	自我动作实现模块.ixx:375	4	按函数名执行对应处理。		自我动作实现.外设模块.ixx:871;自我动作实现模块.ixx:375;自我动作实现模块.ixx:7221;自我动作实现模块.ixx:12473
yes	特征_新服务值	特征_新服务值	自我动作实现模块.ixx:382	4	按函数名执行对应处理。		自我动作实现.外设模块.ixx:878;自我动作实现模块.ixx:382;自我动作实现模块.ixx:7222;自我动作实现模块.ixx:12474
yes	方法树根	方法树根	自我动作实现模块.ixx:3950	4	按函数名执行对应处理。		自我动作实现.外设模块.ixx:8629;自我动作实现.外设模块.ixx:8839;自我动作实现模块.ixx:3950;自我动作实现模块.ixx:3982
yes	取首个方法条件节点	取首个方法条件节点	自我动作实现模块.ixx:4143	4	按函数名执行对应处理。		自我动作实现.外设模块.ixx:9002;自我动作实现.外设模块.ixx:9027;自我动作实现模块.ixx:4143;自我动作实现模块.ixx:4168
yes	记录本能方法自身环境错误	记录本能方法自身环境错误	自我动作实现模块.ixx:4237	4	记录日志、动态、证据或运行痕迹。		自我动作实现.外设模块.ixx:9066;自我动作实现.外设模块.ixx:9194;自我动作实现模块.ixx:4237;自我动作实现模块.ixx:4359
yes	特征_建议任务阶段	特征_建议任务阶段	自我动作实现模块.ixx:444	4	按函数名执行对应处理。		自我动作实现.外设模块.ixx:934;自我动作实现模块.ixx:444;自我动作实现模块.ixx:7112;自我动作实现模块.ixx:7121
yes	特征_目标是否达成	特征_目标是否达成	自我动作实现模块.ixx:451	4	按函数名执行对应处理。		自我动作实现.外设模块.ixx:941;自我动作实现模块.ixx:451;自我动作实现模块.ixx:10472;自我动作实现模块.ixx:10517
yes	特征_本轮是否有推进	特征_本轮是否有推进	自我动作实现模块.ixx:458	4	按函数名执行对应处理。		自我动作实现.外设模块.ixx:948;自我动作实现模块.ixx:458;自我动作实现模块.ixx:10473;自我动作实现模块.ixx:10518
yes	吸收条件项值	吸收条件项值	自我动作实现模块.ixx:4609	4	按函数名执行对应处理。		自我动作实现模块.ixx:4609;自我动作实现模块.ixx:4665;自我动作实现模块.ixx:4670;自我动作实现模块.ixx:4675
yes	特征_本轮推进量	特征_本轮推进量	自我动作实现模块.ixx:465	4	按函数名执行对应处理。		自我动作实现.外设模块.ixx:955;自我动作实现模块.ixx:465;自我动作实现模块.ixx:10474;自我动作实现模块.ixx:10519
yes	特征_剩余差距	特征_剩余差距	自我动作实现模块.ixx:472	4	按函数名执行对应处理。		自我动作实现.外设模块.ixx:962;自我动作实现模块.ixx:472;自我动作实现模块.ixx:10475;自我动作实现模块.ixx:10520
yes	特征_执行结果类型	特征_执行结果类型	自我动作实现模块.ixx:479	4	执行任务、方法或动作的主体逻辑。		自我动作实现.外设模块.ixx:969;自我动作实现模块.ixx:479;自我动作实现模块.ixx:10476;自我动作实现模块.ixx:10523
yes	条件绑定声明了特征	条件绑定声明了特征	自我动作实现模块.ixx:4965	4	建立对象、任务、方法或因果之间的绑定关系。		自我动作实现模块.ixx:4965;自我动作实现模块.ixx:4990;自我动作实现模块.ixx:5025;自我动作实现模块.ixx:5136
yes	按方法条件节点绑定输入	按方法条件节点绑定输入	自我动作实现模块.ixx:5163	4	建立对象、任务、方法或因果之间的绑定关系。		自我动作实现模块.ixx:5163;自我动作实现模块.ixx:8732;自我动作实现模块.ixx:9103;自我动作实现模块.ixx:9373
yes	自我动作调试日志输出启用	自我动作调试日志输出启用	自我动作实现模块.ixx:53	4	按函数名执行对应处理。		自我动作实现模块.ixx:53;自我动作实现模块.ixx:4294;自我动作实现模块.ixx:10255;自我动作实现模块.ixx:10667
yes	写入候选实参I64	写入候选实参I64	自我动作实现模块.ixx:6023	4	把处理结果写入指定对象、场景或日志。		自我动作实现模块.ixx:6023;自我动作实现模块.ixx:6099;自我动作实现模块.ixx:6574;自我动作实现模块.ixx:6841
yes	写入候选实参指针	写入候选实参指针	自我动作实现模块.ixx:6044	4	把处理结果写入指定对象、场景或日志。		自我动作实现模块.ixx:6044;自我动作实现模块.ixx:6080;自我动作实现模块.ixx:6163;自我动作实现模块.ixx:6586
yes	写入非I64候选实参	写入非I64候选实参	自我动作实现模块.ixx:6154	4	把处理结果写入指定对象、场景或日志。		自我动作实现模块.ixx:6154;自我动作实现模块.ixx:6194;自我动作实现模块.ixx:6230;自我动作实现模块.ixx:6243
yes	特征_读取特征类型	特征_读取特征类型	自我动作实现模块.ixx:626	4	从指定来源读取数据或状态。		自我动作实现.外设模块.ixx:1109;自我动作实现.外设模块.ixx:8367;自我动作实现模块.ixx:626;自我动作实现模块.ixx:3246
yes	指针语素日志文本	指针语素日志文本	自我动作实现模块.ixx:6412	4	按函数名执行对应处理。		自我动作实现模块.ixx:6412;自我动作实现模块.ixx:6466;自我动作实现模块.ixx:6467;自我动作实现模块.ixx:6468
yes	记录练习候选实参明细	记录练习候选实参明细	自我动作实现模块.ixx:6420	4	记录日志、动态、证据或运行痕迹。		自我动作实现模块.ixx:6420;自我动作实现模块.ixx:6701;自我动作实现模块.ixx:6737;自我动作实现模块.ixx:6860
yes	查找首个条件结果对条件场景	查找首个条件结果对条件场景	自我动作实现模块.ixx:6521	4	按条件查找目标对象、方法或事实。		自我动作实现模块.ixx:6521;自我动作实现模块.ixx:6685;自我动作实现模块.ixx:9433;自我动作实现模块.ixx:9543
yes	特征_条件描述状态	特征_条件描述状态	自我动作实现模块.ixx:67	4	按函数名执行对应处理。		自我动作实现.外设模块.ixx:640;自我动作实现.外设模块.ixx:8620;自我动作实现模块.ixx:67;自我动作实现模块.ixx:3941
yes	特征_平均运行时长	特征_平均运行时长	自我动作实现模块.ixx:731	4	执行对应模块、线程或方法的运行逻辑。		自我动作实现.外设模块.ixx:1207;自我动作实现.外设模块.ixx:8985;自我动作实现模块.ixx:731;自我动作实现模块.ixx:4126
yes	特征_条件描述时间	特征_条件描述时间	自我动作实现模块.ixx:74	4	按函数名执行对应处理。		自我动作实现.外设模块.ixx:647;自我动作实现.外设模块.ixx:8621;自我动作实现模块.ixx:74;自我动作实现模块.ixx:3942
yes	特征_最近执行时间	特征_最近执行时间	自我动作实现模块.ixx:745	4	执行任务、方法或动作的主体逻辑。		自我动作实现.外设模块.ixx:1221;自我动作实现.外设模块.ixx:8987;自我动作实现模块.ixx:745;自我动作实现模块.ixx:4128
yes	特征_最近完成时间	特征_最近完成时间	自我动作实现模块.ixx:752	4	按函数名执行对应处理。		自我动作实现.外设模块.ixx:1228;自我动作实现.外设模块.ixx:8988;自我动作实现模块.ixx:752;自我动作实现模块.ixx:4129
yes	确认自我扫描当前场景规格	确认自我扫描当前场景规格	自我动作实现模块.ixx:7632	4	执行扫描相关材料获取、比较或提交逻辑。		自我动作实现.扫描.ixx:1713;自我动作实现模块.ixx:7632;自我动作实现模块.ixx:7637;自我动作实现模块.ixx:8213
yes	确保目标方法候选补齐结构	确保目标方法候选补齐结构	自我动作实现模块.ixx:8672	4	确保目标结构、状态或前置条件存在并可用。		自我动作实现模块.ixx:8672;自我动作实现模块.ixx:8800;自我动作实现模块.ixx:9200;自我动作实现模块.ixx:9451
yes	特征_可选条件特征类型数量	特征_可选条件特征类型数量	自我动作实现模块.ixx:95	4	按函数名执行对应处理。		自我动作实现.外设模块.ixx:668;自我动作实现.外设模块.ixx:8624;自我动作实现模块.ixx:95;自我动作实现模块.ixx:3945
yes	自我类::当前活动自我	当前活动自我	自我类.cpp:1830	4	按函数名执行对应处理。		自我动作实现模块.ixx:12137;自我动作实现模块.ixx:12339;自我类.cpp:1830;自我类.初始化.cpp:204
yes	私有_本能动作名称词	私有_本能动作名称词	自我类.cpp:237	4	服务所在模块的内部辅助流程。		自我类.cpp:237;自我类.cpp:395;自我类.cpp:531;自我类.cpp:603
yes	私有_线程类型词	私有_线程类型词	自我类.cpp:266	4	服务所在模块的内部辅助流程。		自我类.cpp:266;自我类.cpp:860;自我类.cpp:873;自我类.cpp:888
yes	私有_确保存在特征节点	私有_确保存在特征节点	自我类.cpp:272	4	确保目标结构、状态或前置条件存在并可用。		自我类.cpp:272;自我类.cpp:294;自我类.cpp:311;自我类.cpp:2221
yes	私有_需求目标特征相同	私有_需求目标特征相同	自我类.cpp:30	4	服务所在模块的内部辅助流程。		自我类.cpp:30;自我类.cpp:1171;自我类.cpp:1184;自我类.cpp:2187
yes	私有_记录自我指针状态	私有_记录自我指针状态	自我类.cpp:623	4	记录日志、动态、证据或运行痕迹。		自我类.cpp:623;自我类.cpp:1247;自我类.cpp:1259;自我类.cpp:1271
yes	私有_存在指针特征	私有_存在指针特征	自我类.初始化.cpp:118	4	服务所在模块的内部辅助流程。		自我类.初始化.cpp:118;自我类.初始化.cpp:228;自我类.初始化.cpp:229;自我类.初始化.cpp:230
yes	私有_计算自我初始化结果	私有_计算自我初始化结果	自我类.初始化.cpp:189	4	初始化相关对象、状态或运行上下文。		自我类.初始化.cpp:189;自我类.初始化.cpp:393;自我类.初始化.cpp:399;自我类.初始化.cpp:417
yes	自我初始化模块::执行自我初始化	执行自我初始化	自我类.初始化.cpp:289	4	初始化相关对象、状态或运行上下文。		自我类.cpp:804;自我类.ixx:328;自我类.初始化.cpp:289;自我线程模块.impl.cpp:14575
yes	自我特征定义类::类型_线程_健康状态	类型_线程_健康状态	自我类.特征定义.cpp:397	4	按函数名执行对应处理。		自我类.cpp:347;自我类.特征定义.cpp:397;自我线程模块.impl.cpp:14954;自检线程模块.impl.cpp:441
yes	自我特征定义类::类型_线程_Tick计数	类型_线程_Tick计数	自我类.特征定义.cpp:418	4	按函数名执行对应处理。		自我类.cpp:1989;自我类.特征定义.cpp:418;自我线程模块.impl.cpp:14955;自检线程模块.impl.cpp:442
yes	自我特征定义类::类型_学习_信息补齐状态	类型_学习_信息补齐状态	自我类.特征定义.cpp:493	4	补齐条件、参数、证据或方法能力缺口。		任务模块.筹办.ixx:198;任务模块.筹办.ixx:517;因果类.cpp:903;自我类.特征定义.cpp:493
yes	自我特征定义类::类型_任务_选中自我能力	类型_任务_选中自我能力	自我类.特征定义.cpp:508	4	按函数名执行对应处理。		任务类.cpp:2185;任务类.cpp:2199;自我类.cpp:2004;自我类.特征定义.cpp:508
yes	自我特征定义类::类型_任务_角色	类型_任务_角色	自我类.特征定义.cpp:514	4	按函数名执行对应处理。		任务类.cpp:2214;任务类.cpp:2228;自我类.cpp:2006;自我类.特征定义.cpp:514
yes	自我特征定义类::类型_任务_局部运行状态	类型_任务_局部运行状态	自我类.特征定义.cpp:523	4	执行对应模块、线程或方法的运行逻辑。		任务类.cpp:1675;因果类.cpp:867;自我类.cpp:2009;自我类.特征定义.cpp:523
yes	自我特征定义类::类型_任务_根ID	类型_任务_根ID	自我类.特征定义.cpp:526	4	按函数名执行对应处理。		任务类.cpp:1608;任务类.cpp:1642;任务类.cpp:1674;自我类.特征定义.cpp:526
yes	自我特征定义类::类型_任务_管理对象任务	类型_任务_管理对象任务	自我类.特征定义.cpp:538	4	按函数名执行对应处理。		任务类.cpp:1612;任务类.cpp:1976;任务类.cpp:2035;自我类.特征定义.cpp:538
yes	自我特征定义类::类型_任务_方法候选集	类型_任务_方法候选集	自我类.特征定义.cpp:547	4	按函数名执行对应处理。		任务类.cpp:75;任务类.cpp:2139;任务类.cpp:2164;自我类.特征定义.cpp:547
yes	自我特征定义类::类型_任务管理_控制意图	类型_任务管理_控制意图	自我类.特征定义.cpp:682	4	按函数名执行对应处理。		任务模块.工作线程消息协议.ixx:347;任务模块.运行包.impl.cpp:173;自我类.cpp:2037;自我类.特征定义.cpp:682
yes	自我特征定义类::类型_任务管理_结果状态	类型_任务管理_结果状态	自我类.特征定义.cpp:688	4	按函数名执行对应处理。		任务模块.工作线程消息协议.ixx:380;因果类.cpp:868;自我类.cpp:2039;自我类.特征定义.cpp:688
yes	自我特征定义类::类型_任务管理_任务执行记账结果	类型_任务管理_任务执行记账结果	自我类.特征定义.cpp:691	4	执行任务、方法或动作的主体逻辑。		任务模块.执行.ixx:69;因果类.cpp:869;自我类.cpp:2040;自我类.特征定义.cpp:691
yes	自我特征定义类::类型_运行包_需求大类	类型_运行包_需求大类	自我类.特征定义.cpp:724	4	执行对应模块、线程或方法的运行逻辑。		任务模块.运行包.impl.cpp:139;任务模块.运行包.impl.cpp:169;自我类.cpp:2051;自我类.特征定义.cpp:724
yes	自我特征定义类::类型_运行包_动作类型	类型_运行包_动作类型	自我类.特征定义.cpp:733	4	执行对应模块、线程或方法的运行逻辑。		任务模块.运行包.impl.cpp:150;任务模块.运行包.impl.cpp:171;自我类.cpp:2054;自我类.特征定义.cpp:733
yes	私有_夹紧非负上限_线程侧	私有_夹紧非负上限_线程侧	自我线程模块.impl.cpp:1010	4	服务所在模块的内部辅助流程。		自我线程模块.impl.cpp:1010;自我线程模块.impl.cpp:1022;自我线程模块.impl.cpp:1025;自我线程模块.impl.cpp:1124
yes	私有_构造间接服务维护条件_线程侧	私有_构造间接服务维护条件_线程侧	自我线程模块.impl.cpp:10948	4	服务所在模块的内部辅助流程。		自我线程模块.impl.cpp:10948;自我线程模块.impl.cpp:10976;自我线程模块.impl.cpp:10980;自我线程模块.impl.cpp:10984
yes	私有_需求目标特征类型_线程侧	私有_需求目标特征类型_线程侧	自我线程模块.impl.cpp:11131	4	服务所在模块的内部辅助流程。		自我线程模块.impl.cpp:11131;自我线程模块.impl.cpp:11526;自我线程模块.impl.cpp:11605;自我线程模块.impl.cpp:11701
yes	私有_目标特征是服务上下文字段_线程侧	私有_目标特征是服务上下文字段_线程侧	自我线程模块.impl.cpp:11152	4	服务所在模块的内部辅助流程。		自我线程模块.impl.cpp:2632;自我线程模块.impl.cpp:9225;自我线程模块.impl.cpp:11152;自我线程模块.impl.cpp:11606
yes	私有_目标特征是固定安全字段_线程侧	私有_目标特征是固定安全字段_线程侧	自我线程模块.impl.cpp:11167	4	服务所在模块的内部辅助流程。		自我线程模块.impl.cpp:2634;自我线程模块.impl.cpp:9221;自我线程模块.impl.cpp:11167;自我线程模块.impl.cpp:11702
yes	私有_生成根闭环信息位_线程侧	私有_生成根闭环信息位_线程侧	自我线程模块.impl.cpp:11217	4	根据当前输入生成目标数据、场景、动态或回执。		自我线程模块.impl.cpp:11217;自我线程模块.impl.cpp:11928;自我线程模块.impl.cpp:12307;自我线程模块.impl.cpp:12317
yes	私有_记录根闭环缺口准入_线程侧	私有_记录根闭环缺口准入_线程侧	自我线程模块.impl.cpp:11417	4	记录日志、动态、证据或运行痕迹。		自我线程模块.impl.cpp:11417;自我线程模块.impl.cpp:12017;自我线程模块.impl.cpp:12056;自我线程模块.impl.cpp:12075
yes	私有_收束根特征必要条件子需求_线程侧	私有_收束根特征必要条件子需求_线程侧	自我线程模块.impl.cpp:11465	4	服务所在模块的内部辅助流程。		自我线程模块.impl.cpp:11465;自我线程模块.impl.cpp:11959;自我线程模块.impl.cpp:12010;自我线程模块.impl.cpp:12045
yes	私有_需求目标特征匹配_线程侧	私有_需求目标特征匹配_线程侧	自我线程模块.impl.cpp:12118	4	判定需求目标是否落在指定特征类型上。用于停用历史根差距子需求时只处理 原先自动派生出的同目标子需求，避免误截止其他筹办或学...		自我线程模块.impl.cpp:2629;自我线程模块.impl.cpp:11120;自我线程模块.impl.cpp:12118;自我线程模块.impl.cpp:12171
yes	私有_落治理变化项集到自我内部世界	私有_落治理变化项集到自我内部世界	自我线程模块.impl.cpp:13105	4	服务所在模块的内部辅助流程。		自我线程模块.impl.cpp:13105;自我线程模块.impl.cpp:13156;自我线程模块.impl.cpp:13882;自我线程模块.impl.cpp:15753
yes	私有_查找线程补充特征	私有_查找线程补充特征	自我线程模块.impl.cpp:14212	4	按条件查找目标对象、方法或事实。		自我线程模块.impl.cpp:14212;自我线程模块.impl.cpp:14229;自我线程模块.impl.cpp:14238;自我线程模块.impl.cpp:16271
yes	主判断主体	主判断主体	自我线程模块.impl.cpp:14385	4	判断条件、状态或业务结果是否成立。		自我线程模块.impl.cpp:14385;自我线程模块.impl.cpp:16266;自我线程模块.impl.cpp:16419;自我线程模块.impl.cpp:16515
yes	私有_构造治理对象组	私有_构造治理对象组	自我线程模块.impl.cpp:14392	4	服务所在模块的内部辅助流程。		自我线程模块.impl.cpp:14392;自我线程模块.impl.cpp:16262;自我线程模块.impl.cpp:16415;自我线程模块.impl.cpp:16511
yes	私有_构造标量二次特征候选	私有_构造标量二次特征候选	自我线程模块.impl.cpp:14494	4	服务所在模块的内部辅助流程。		自我线程模块.impl.cpp:14494;自我线程模块.impl.cpp:16405;自我线程模块.impl.cpp:16501;自我线程模块.impl.cpp:16626
yes	投递自检报告消息	投递自检报告消息	自我线程模块.impl.cpp:17417	4	按函数名执行对应处理。		自我线程模块.impl.cpp:17417;自我线程模块.ixx:689;自我线程模块.ixx:790;自检线程模块.impl.cpp:1352
yes	私有_结算因果投影预判日志文本_线程侧	私有_结算因果投影预判日志文本_线程侧	自我线程模块.impl.cpp:3065	4	把结算前因果投影预判即时渲染为日志文本，不写回机器判断结构。		自我线程模块.impl.cpp:1210;自我线程模块.impl.cpp:2126;自我线程模块.impl.cpp:3065;自我线程模块.impl.cpp:3114
yes	私有_基础节点语义相同_线程侧	私有_基础节点语义相同_线程侧	自我线程模块.impl.cpp:3119	4	服务所在模块的内部辅助流程。		自我线程模块.impl.cpp:3119;自我线程模块.impl.cpp:3247;自我线程模块.impl.cpp:3383;自我线程模块.impl.cpp:4967
yes	私有_任务虚拟存在基础节点_线程侧	私有_任务虚拟存在基础节点_线程侧	自我线程模块.impl.cpp:3166	4	服务所在模块的内部辅助流程。		自我线程模块.impl.cpp:3166;自我线程模块.impl.cpp:3356;自我线程模块.impl.cpp:6513;自我线程模块.impl.cpp:6514
yes	私有_按任务收集非根需求集_线程侧	私有_按任务收集非根需求集_线程侧	自我线程模块.impl.cpp:3605	4	服务所在模块的内部辅助流程。		自我线程模块.impl.cpp:2576;自我线程模块.impl.cpp:3605;自我线程模块.impl.cpp:3654;自我线程模块.impl.cpp:7328
yes	私有_解析派生需求父需求_线程侧	私有_解析派生需求父需求_线程侧	自我线程模块.impl.cpp:3659	4	解析输入文本、消息、场景或运行包。		自我线程模块.impl.cpp:2641;自我线程模块.impl.cpp:3659;自我线程模块.impl.cpp:9929;自我线程模块.impl.cpp:10466
yes	私有_从需求列表项解析需求节点	私有_从需求列表项解析需求节点	自我线程模块.impl.cpp:3694	4	解析输入文本、消息、场景或运行包。		自我线程模块.impl.cpp:3694;自我线程模块.impl.cpp:5221;自我线程模块.impl.cpp:8095;自我线程模块.impl.cpp:12538
yes	私有_自我根特征类型词_线程侧	私有_自我根特征类型词_线程侧	自我线程模块.impl.cpp:499	4	服务所在模块的内部辅助流程。		自我线程模块.impl.cpp:499;自我线程模块.impl.cpp:597;自我线程模块.impl.cpp:1685;自我线程模块.impl.cpp:1707
yes	私有_读取抽象特征I64区间_线程侧	私有_读取抽象特征I64区间_线程侧	自我线程模块.impl.cpp:519	4	从指定来源读取数据或状态。		自我线程模块.impl.cpp:519;自我线程模块.impl.cpp:633;自我线程模块.impl.cpp:643;自我线程模块.impl.cpp:10845
yes	私有_存在活动直接子需求_任务管理新链	私有_存在活动直接子需求_任务管理新链	自我线程模块.impl.cpp:5764	4	服务所在模块的内部辅助流程。		自我线程模块.impl.cpp:5764;自我线程模块.impl.cpp:5962;自我线程模块.impl.cpp:7429;自我线程模块.impl.cpp:7891
yes	可结算服务值	可结算服务值	自我线程模块.impl.cpp:717	4	结算任务、需求、价值或结果贡献。		自我线程模块.impl.cpp:717;自我线程模块.impl.cpp:1241;自我线程模块.impl.cpp:1244;自我线程模块.impl.cpp:1262
yes	私有_构造结算域判定消息_线程侧	私有_构造结算域判定消息_线程侧	自我线程模块.impl.cpp:7528	4	结算任务、需求、价值或结果贡献。		自我线程模块.impl.cpp:2599;自我线程模块.impl.cpp:5347;自我线程模块.impl.cpp:7369;自我线程模块.impl.cpp:7528
yes	私有_取任务虚拟存在_任务管理新链	私有_取任务虚拟存在_任务管理新链	自我线程模块.impl.cpp:8018	4	服务所在模块的内部辅助流程。		自我线程模块.impl.cpp:8018;自我线程模块.impl.cpp:8036;自我线程模块.impl.cpp:14984;自我线程模块.impl.cpp:17093
yes	私有_归一自检候选类型	私有_归一自检候选类型	自我线程模块.impl.cpp:8800	4	服务所在模块的内部辅助流程。		自我线程模块.impl.cpp:8800;自我线程模块.impl.cpp:8817;自我线程模块.impl.cpp:13849;自我线程模块.impl.cpp:15262
yes	私有_查找需求入树拒绝策略	私有_查找需求入树拒绝策略	自我线程模块.impl.cpp:9484	4	按拒绝原因查找协议层静态拒绝处理策略。		自我线程模块.impl.cpp:9484;自我线程模块.impl.cpp:9776;自我线程模块.impl.cpp:9896;自我线程模块.impl.cpp:9899
yes	同步治理消息头语义槽	同步治理消息头语义槽	自我线程模块.消息协议.ixx:508	4	同步线程、任务、场景或对象之间的状态。		自我线程模块.消息协议.ixx:508;自我线程模块.消息协议.ixx:728;自我线程模块.消息协议.ixx:1656;自我线程模块.消息协议.ixx:1708
yes	提示派生需求逻辑错误	提示派生需求逻辑错误	自我线程模块.消息处理器.ixx:106	4	按函数名执行对应处理。		自我线程模块.消息处理器.ixx:106;自我线程模块.消息处理器.ixx:486;自我线程模块.消息处理器.ixx:491;自我线程模块.消息处理器.ixx:497
yes	收集需求子树快照	收集需求子树快照	自我线程模块.消息处理器.ixx:178	4	按函数名执行对应处理。		自我线程模块.消息处理器.ixx:178;自我线程模块.消息处理器.ixx:203;自我线程模块.消息处理器.ixx:516;自我线程模块.消息处理器.ixx:536
yes	私有_特征模板词_自检	私有_特征模板词_自检	自检线程模块.impl.cpp:114	4	服务所在模块的内部辅助流程。		自检线程模块.impl.cpp:114;自检线程模块.impl.cpp:740;自检线程模块.impl.cpp:744;自检线程模块.impl.cpp:755
yes	读取自检线程摘要	读取自检线程摘要	自检线程模块.impl.cpp:2130	4	从指定来源读取数据或状态。		控制面板摘要线程模块.impl.cpp:470;自检线程模块.impl.cpp:2130;自检线程模块.ixx:145;鱼巢.cpp:490
yes	私有_I64区间文本_自检	私有_I64区间文本_自检	自检线程模块.impl.cpp:635	4	服务所在模块的内部辅助流程。		自检线程模块.impl.cpp:635;自检线程模块.impl.cpp:825;自检线程模块.impl.cpp:828;自检线程模块.impl.cpp:931
yes	私有_查找子抽象特征_按语素入口_自检	私有_查找子抽象特征_按语素入口_自检	自检线程模块.impl.cpp:692	4	按条件查找目标对象、方法或事实。		自检线程模块.impl.cpp:692;自检线程模块.impl.cpp:738;自检线程模块.impl.cpp:742;自检线程模块.impl.cpp:753
yes	私有_枚举方法首节点	私有_枚举方法首节点	自检线程模块.impl.cpp:982	4	服务所在模块的内部辅助流程。		自检线程模块.impl.cpp:982;自检线程模块.impl.cpp:1742;自检线程模块.impl.cpp:1859;自检线程模块.impl.cpp:1993
yes	语素类::添加词性词	添加词性词	语素类.cpp:1071	4	按函数名执行对应处理。		语素类.cpp:1071;语素类.cpp:1103;语素类.cpp:1110;语素类.cpp:1117
yes	语素类::添加词性词	添加词性词	语素类.cpp:1103	4	按函数名执行对应处理。		语素类.cpp:1071;语素类.cpp:1103;语素类.cpp:1110;语素类.cpp:1117
yes	语素类::添加词性词	添加词性词	语素类.cpp:1110	4	按函数名执行对应处理。		语素类.cpp:1071;语素类.cpp:1103;语素类.cpp:1110;语素类.cpp:1117
yes	语素类::添加词性词	添加词性词	语素类.cpp:1117	4	按函数名执行对应处理。		语素类.cpp:1071;语素类.cpp:1103;语素类.cpp:1110;语素类.cpp:1117
yes	语素类::读取信息入口存储树	读取信息入口存储树	语素类.cpp:1333	4	读取指定信息入口类型对应的默认存储树。		基础信息类.cpp:157;基础信息类.cpp:204;控制面板类.cpp:1221;语素类.cpp:1333
yes	语素类::信息入口需要上下文限定	信息入口需要上下文限定	语素类.cpp:1351	4	判断指定信息入口类型是否需要上下文限定。		基础信息类.cpp:162;基础信息类.cpp:200;控制面板类.cpp:1223;语素类.cpp:1351
yes	私有_取基础信息类型	私有_取基础信息类型	语素类.cpp:149	4	服务所在模块的内部辅助流程。		语素类.cpp:149;语素类.cpp:1235;语素类.cpp:1466;语素类.cpp:1492
yes	枚举_词性_工厂::根据文本获取枚举值	根据文本获取枚举值	语素类.cpp:1665	4	读取并返回指定对象、状态或运行材料。		语素类.cpp:1037;语素类.cpp:1043;语素类.cpp:1113;语素类.cpp:1665
yes	私有_执行语素SQL字段恢复比对	私有_执行语素SQL字段恢复比对	语素类.cpp:734	4	执行任务、方法或动作的主体逻辑。		语素类.cpp:734;语素类.cpp:801;语素类.cpp:807;语素类.cpp:813
yes	私有_枚举到文本动态映射表	私有_枚举到文本动态映射表	语素类.cpp:87	4	服务所在模块的内部辅助流程。		语素类.cpp:87;语素类.cpp:1659;语素类.cpp:1675;语素类.cpp:1689
yes	私有_方法节点名称	私有_方法节点名称	语言类_二次特征表达.cpp:64	4	服务所在模块的内部辅助流程。		语言类_二次特征表达.cpp:64;语言类_二次特征表达.cpp:316;语言类_基础信息命名.cpp:66;语言类_基础信息命名.cpp:175
yes	私有_方法节点名称	私有_方法节点名称	语言类_基础信息命名.cpp:66	4	服务所在模块的内部辅助流程。		语言类_二次特征表达.cpp:64;语言类_二次特征表达.cpp:316;语言类_基础信息命名.cpp:66;语言类_基础信息命名.cpp:175
yes	需求类::读取需求有效截止	读取需求有效截止	需求类.cpp:1660	4	读取需求有效截止时间，不修改需求树。		任务模块.筹办.ixx:939;任务模块.管理界面线程.impl.cpp:4020;自我线程模块.impl.cpp:12213;需求类.cpp:1660
yes	需求类::比较需求方向	比较需求方向	需求类.cpp:1940	4	比较当前值、目标值或历史基准。		二次特征类.cpp:550;因果类.cpp:678;因果类.cpp:1576;需求类.cpp:1940
yes	需求类::构造需求权重阻塞更新指令	构造需求权重阻塞更新指令	需求类.cpp:2077	4	构造需求权重和阻塞状态更新指令，不直接修改需求树。		自我线程模块.impl.cpp:5663;自我线程模块.impl.cpp:12081;自我线程模块.impl.cpp:12283;需求类.cpp:2077
yes	需求类::枚举目标生产者分级文本	枚举目标生产者分级文本	需求类.cpp:2359	4	按函数名执行对应处理。		任务模块.筹办.ixx:5563;任务模块.筹办.ixx:5598;需求类.cpp:1133;需求类.cpp:2359
yes	需求类::枚举目标校验结论文本	枚举目标校验结论文本	需求类.cpp:2375	4	把枚举目标校验结论转换为日志文本。		任务模块.筹办.ixx:5568;任务模块.筹办.ixx:5599;需求类.cpp:1135;需求类.cpp:2375
yes	私有_执行需求SQL字段恢复比对	私有_执行需求SQL字段恢复比对	需求类.cpp:755	4	执行任务、方法或动作的主体逻辑。		需求类.cpp:755;需求类.cpp:838;需求类.cpp:844;需求类.cpp:850
yes	私有_解析场景引用	私有_解析场景引用	需求类.cpp:883	4	解析输入文本、消息、场景或运行包。		任务类.cpp:227;任务类.cpp:1737;需求类.cpp:883;需求类.cpp:1625
yes	私有_刷新启动需求树SQL投影	私有_刷新启动需求树SQL投影	鱼巢.cpp:1095	4	初始化相关对象、状态或运行上下文。		鱼巢.cpp:114;鱼巢.cpp:1095;鱼巢.cpp:1346;鱼巢.cpp:1406
yes	私有_刷新语素SQL投影	私有_刷新语素SQL投影	鱼巢.cpp:1135	4	把当前语素树写入 SQL Server 查询投影。		鱼巢.cpp:118;鱼巢.cpp:1082;鱼巢.cpp:1135;鱼巢.cpp:1283
yes	私有_刷新世界树SQL投影	私有_刷新世界树SQL投影	鱼巢.cpp:1165	4	把当前世界树写入 SQL Server 查询投影。		鱼巢.cpp:122;鱼巢.cpp:1079;鱼巢.cpp:1165;鱼巢.cpp:1280
yes	私有_刷新任务树SQL投影	私有_刷新任务树SQL投影	鱼巢.cpp:1195	4	把当前任务树写入 SQL Server 查询投影。		鱼巢.cpp:126;鱼巢.cpp:1080;鱼巢.cpp:1195;鱼巢.cpp:1281
yes	私有_刷新方法树SQL投影	私有_刷新方法树SQL投影	鱼巢.cpp:1235	4	把当前方法树写入 SQL Server 查询投影。		鱼巢.cpp:130;鱼巢.cpp:1081;鱼巢.cpp:1235;鱼巢.cpp:1282
yes	私有_刷新治理SQL投影集	私有_刷新治理SQL投影集	鱼巢.cpp:1275	4	刷新控制面板 SQL 查询所需的治理读模型投影。		鱼巢.cpp:134;鱼巢.cpp:1275;鱼巢.cpp:1345;鱼巢.cpp:1405
yes	私有_确保自检线程已启动	私有_确保自检线程已启动	鱼巢.cpp:1445	4	确保目标结构、状态或前置条件存在并可用。		鱼巢.cpp:1445;鱼巢.cpp:2250;鱼巢.cpp:2309;鱼巢.cpp:2326
yes	私有_摘要快照状态行	私有_摘要快照状态行	鱼巢.cpp:1519	4	服务所在模块的内部辅助流程。		鱼巢.cpp:1519;鱼巢.cpp:2023;鱼巢.cpp:2050;鱼巢.cpp:2065
yes	私有_输出控制台刷新摘要	私有_输出控制台刷新摘要	鱼巢.cpp:1559	4	刷新并输出默认控制台摘要。		鱼巢.cpp:1559;鱼巢.cpp:1605;鱼巢.cpp:2161;鱼巢.cpp:2171
yes	私有_任务虚拟存在_控制命令	私有_任务虚拟存在_控制命令	鱼巢.cpp:1869	4	服务所在模块的内部辅助流程。		鱼巢.cpp:1869;鱼巢.cpp:1885;鱼巢.cpp:1900;鱼巢.cpp:1936
yes	私有_前序遍历任务树	私有_前序遍历任务树	鱼巢.cpp:647	4	服务所在模块的内部辅助流程。		鱼巢.cpp:647;鱼巢.cpp:653;鱼巢.cpp:695;鱼巢.cpp:1954
yes	私有_记录自我实现检查日志	私有_记录自我实现检查日志	鱼巢.cpp:723	4	记录日志、动态、证据或运行痕迹。		鱼巢.cpp:139;鱼巢.cpp:723;鱼巢.cpp:2198;鱼巢.cpp:2261
yes	I64有序编码	I64有序编码	全局共享函数类.ixx:167	4	把 I64 映射为保持有序关系的 U64 编码。	constructor_like	全局共享函数类.ixx:167;全局共享函数类.ixx:771;全局共享函数类.ixx:772;全局共享函数类.ixx:773
yes	计算偏差_实际减基准	计算偏差_实际减基准	动作验证报告类.h:116	4	计算权重、状态、差值或派生结果。	header_definition	动作验证报告类.h:116;动作验证报告类.h:135;动作验证报告类.h:136;动作验证报告类.h:137
yes	刷新偏差	刷新偏差	动作验证报告类.h:133	4	按函数名执行对应处理。	header_definition	任务模块.执行.ixx:397;任务模块.管理工作线程.ixx:1891;动作验证报告类.h:133;鱼巢.cpp:181
yes	已设置值	已设置值	动作验证报告类.h:74	4	设置对象字段、状态或运行参数。	header_definition	任务模块.管理工作线程.ixx:1864;任务模块.管理工作线程.ixx:1867;动作验证报告类.h:74;鱼巢.cpp:173
yes	变更子节点数量	变更子节点数量	双向链表模板核心.h:51	4	按函数名执行对应处理。	header_definition	双向链表模板核心.h:51;双向链表模板核心.h:269;双向链表模板核心.h:322;双向链表模板核心.h:525
yes	保存数据	保存数据	双向链表模板核心.h:679	4	按函数名执行对应处理。	header_definition	双向链表模板_序列化.inl:145;双向链表模板核心.h:676;双向链表模板核心.h:679;双向链表模板核心.h:679
yes	读取数据	读取数据	双向链表模板核心.h:685	4	从指定来源读取数据或状态。	header_definition	双向链表模板_序列化.inl:243;双向链表模板核心.h:682;双向链表模板核心.h:685;双向链表模板核心.h:685
yes	初始化为孤立节点	初始化为孤立节点	双向链表模板核心.h:75	4	初始化相关对象、状态或运行上下文。	header_definition	双向链表模板核心.h:75;双向链表模板核心.h:153;双向链表模板核心.h:200;存在类.cpp:226
yes	抽象特征主信息类	抽象特征主信息类	基础信息主信息类.h:260	4	按函数名执行对应处理。	header_definition	基础信息主信息类.h:260;基础信息主信息类.h:263;基础信息主信息类.h:270;基础信息类.cpp:289
yes	抽象特征主信息类	抽象特征主信息类	基础信息主信息类.h:263	4	按函数名执行对应处理。	header_definition	基础信息主信息类.h:260;基础信息主信息类.h:263;基础信息主信息类.h:270;基础信息类.cpp:289
yes	抽象特征主信息类	抽象特征主信息类	基础信息主信息类.h:270	4	按函数名执行对应处理。	header_definition	基础信息主信息类.h:260;基础信息主信息类.h:263;基础信息主信息类.h:270;基础信息类.cpp:289
yes	私有_比较可选I64	私有_比较可选I64	基础信息主信息类.h:853	4	比较当前值、目标值或历史基准。	header_definition	基础信息主信息类.h:799;基础信息主信息类.h:802;基础信息主信息类.h:805;基础信息主信息类.h:853
yes	私有_生成度量签名_链键	私有_生成度量签名_链键	基础信息主信息类.h:866	4	根据当前输入生成目标数据、场景、动态或回执。	header_definition	基础信息主信息类.h:605;基础信息主信息类.h:789;基础信息主信息类.h:790;基础信息主信息类.h:866
yes	有效深度	有效深度	基础数据类型.h:1093	4	按函数名执行对应处理。	header_definition	双目相机本能适配器.cpp:439;双目相机本能适配器.cpp:802;双目相机本能适配器.cpp:987;基础数据类型.h:1093
yes	索引	索引	基础数据类型.h:1108	4	按函数名执行对应处理。	header_definition	D455相机类.cpp:264;D455相机类.cpp:418;D455相机类.cpp:528;基础数据类型.h:1108
yes	编码VecI64为VecIU64	编码VecI64为VecIU64	基础数据类型.h:674	4	按函数名执行对应处理。	header_definition	世界树类.cpp:3591;基础数据类型.h:674;特征值类.h:57;特征值类.h:68
yes	D455_报告满足L1稳定子集口径	D455_报告满足L1稳定子集口径	外设线程_D455深度相机.ixx:1544	4	按函数名执行对应处理。	constructor_like	外设线程_D455深度相机.ixx:1544;外设线程_D455深度相机.ixx:1560;外设线程_D455深度相机.ixx:2804;外设线程_D455深度相机.ixx:2887
yes	D455_写入目标特征观察值	D455_写入目标特征观察值	外设线程_D455深度相机.ixx:1891	4	把处理结果写入指定对象、场景或日志。	constructor_like	外设线程_D455深度相机.ixx:1891;外设线程_D455深度相机.ixx:2106;外设线程_D455深度相机.ixx:2293;外设线程_D455深度相机.ixx:2336
yes	D455_记录跟踪失败到缓存	D455_记录跟踪失败到缓存	外设线程_D455深度相机.ixx:2160	4	记录日志、动态、证据或运行痕迹。	constructor_like	外设线程_D455深度相机.ixx:2160;外设线程_D455深度相机.ixx:2283;外设线程_D455深度相机.ixx:2307;外设线程_D455深度相机.ixx:2328
yes	D455_跟踪稳定缓存锁	D455_跟踪稳定缓存锁	外设线程_D455深度相机.ixx:224	4	执行跟踪相关定位、匹配或结果输出逻辑。	constructor_like	外设线程_D455深度相机.ixx:224;外设线程_D455深度相机.ixx:240;外设线程_D455深度相机.ixx:2168;外设线程_D455深度相机.ixx:2194
yes	D455_基础采样样本对稳定	D455_基础采样样本对稳定	外设线程_D455深度相机.ixx:2342	4	按函数名执行对应处理。	constructor_like	外设线程_D455深度相机.ixx:2342;外设线程_D455深度相机.ixx:2374;外设线程_D455深度相机.ixx:2433;外设线程_D455深度相机.ixx:2443
yes	D455_尝试匹配簇句柄	D455_尝试匹配簇句柄	外设观察报告队列.ixx:1448	4	按函数名执行对应处理。	constructor_like	外设观察报告队列.ixx:1448;外设观察报告队列.ixx:2640;外设观察报告队列.ixx:2648;外设观察报告队列.ixx:2846
yes	私有_动作句柄相等	私有_动作句柄相等	方法主信息类.h:430	4	服务所在模块的内部辅助流程。	header_definition	方法主信息类.h:412;方法主信息类.h:430;方法类.cpp:36;方法类.cpp:2258
yes	反序列化	反序列化	特征值主信息类.h:108	4	把对象转换为可保存或可传输形式。	header_definition	双向链表模板_序列化.inl:193;双向链表模板_序列化.inl:200;双向链表模板_序列化.inl:201;特征值主信息类.h:108
yes	获取或创建_已加锁	获取或创建_已加锁	特征值类.h:133	4	创建并返回或登记对应对象。	header_definition	特征值类.h:40;特征值类.h:53;特征值类.h:133;特征值类.h:156
yes	获取或创建_已加锁	获取或创建_已加锁	特征值类.h:156	4	创建并返回或登记对应对象。	header_definition	特征值类.h:40;特征值类.h:53;特征值类.h:133;特征值类.h:156
yes	添加_分层_已加锁	添加_分层_已加锁	特征值类.h:397	4	按函数名执行对应处理。	header_definition	特征值类.h:97;特征值类.h:137;特征值类.h:162;特征值类.h:397
yes	生成句柄	生成句柄	特征值类.h:75	4	根据当前输入生成目标数据、场景、动态或回执。	header_definition	特征值类.h:75;特征类.cpp:3466;特征类.cpp:3495;特征类.cpp:3633
yes	D455缺报告规格确认缓存命中	D455缺报告规格确认缓存命中	自我动作实现.外设模块.ixx:8758	4	确认候选事实、存在、状态或运行结果。	constructor_like	自我动作实现.外设模块.ixx:8758;自我动作实现.外设模块.ixx:9245;自我动作实现.外设模块.ixx:16117;自我动作实现.外设模块.ixx:16282
yes	子需求权重采用OR关系	子需求权重采用OR关系	需求类.h:598	4	按函数名执行对应处理。	header_definition	控制面板类.cpp:3290;需求类.h:594;需求类.h:598;需求类.h:1362
yes	获取独立树根_已加锁	获取独立树根_已加锁	需求类.h:712	4	读取并返回指定对象、状态或运行材料。	header_definition	需求类.cpp:2513;需求类.h:676;需求类.h:712;需求类.h:1183
yes	定位节点_已加锁	定位节点_已加锁	需求类.h:772	4	按函数名执行对应处理。	header_definition	需求类.h:686;需求类.h:772;需求类.h:1296;需求类.h:1301
yes	yuv_to_rgb	yuv_to_rgb	D455相机类.cpp:324	5	按函数名执行对应处理。		D455相机类.cpp:324;D455相机类.cpp:445;D455相机类.cpp:448;D455相机类.cpp:463;D455相机类.cpp:466
yes	私有_世界树SQL根节点集	私有_世界树SQL根节点集	世界树类.cpp:1088	5	服务所在模块的内部辅助流程。		世界树类.cpp:1088;世界树类.cpp:1181;世界树类.cpp:1210;世界树类.cpp:1245;世界树类.cpp:1284
yes	私有_确保概念特征槽集合	私有_确保概念特征槽集合	世界树类.cpp:169	5	确保目标结构、状态或前置条件存在并可用。		世界树类.cpp:169;世界树类.cpp:1957;世界树类.cpp:1971;世界树类.cpp:1985;世界树类.cpp:2052
yes	私有_世界树SQL入口文本	私有_世界树SQL入口文本	世界树类.cpp:280	5	服务所在模块的内部辅助流程。		世界树类.cpp:280;世界树类.cpp:350;世界树类.cpp:351;世界树类.cpp:523;世界树类.cpp:525
yes	私有_世界树SQL特征值文本	私有_世界树SQL特征值文本	世界树类.cpp:330	5	服务所在模块的内部辅助流程。		世界树类.cpp:330;世界树类.cpp:362;世界树类.cpp:366;世界树类.cpp:530;世界树类.cpp:535
yes	私有_特征_存在坐标来源	私有_特征_存在坐标来源	世界树类.cpp:85	5	服务所在模块的内部辅助流程。		世界树类.cpp:85;世界树类.cpp:3797;存在类.cpp:63;存在类.cpp:866;存在类.cpp:896
yes	私有_解析动态引用	私有_解析动态引用	二次特征应用模块.ixx:1056	5	解析输入文本、消息、场景或运行包。		二次特征应用模块.ixx:1056;动态类.cpp:283;动态类.cpp:413;动态类.cpp:651;动态类.cpp:1293
yes	私有_值形态不适合同类事件段聚合	私有_值形态不适合同类事件段聚合	二次特征应用模块.ixx:2150	5	服务所在模块的内部辅助流程。		二次特征应用模块.ixx:2150;二次特征应用模块.ixx:3353;二次特征应用模块.ixx:3354;二次特征应用模块.ixx:3391;二次特征应用模块.ixx:3392
yes	对象约束匹配	对象约束匹配	二次特征应用模块.ixx:62	5	按函数名执行对应处理。		二次特征应用模块.ixx:62;二次特征应用模块.ixx:113;二次特征应用模块.ixx:114;二次特征应用模块.ixx:115;二次特征应用模块.ixx:116
yes	私有_读取状态时间	私有_读取状态时间	二次特征应用模块.ixx:828	5	从指定来源读取数据或状态。		二次特征应用模块.ixx:828;二次特征应用模块.ixx:1021;二次特征应用模块.ixx:1022;二次特征应用模块.ixx:2692;二次特征应用模块.ixx:2692
yes	私有_累加二次特征类阶段耗时	私有_累加二次特征类阶段耗时	二次特征类.cpp:123	5	服务所在模块的内部辅助流程。		二次特征类.cpp:123;二次特征类.cpp:719;二次特征类.cpp:726;二次特征类.cpp:730;二次特征类.cpp:782
yes	二次特征类::读取方向签名材料_直接	读取方向签名材料_直接	二次特征类.cpp:363	5	读取方向签名材料，不创建或修改节点。		二次特征类.cpp:363;二次特征类.cpp:389;方法类.cpp:615;需求类.cpp:1869;需求类.cpp:2783
yes	二次特征类::读取方向签名材料_直接	读取方向签名材料_直接	二次特征类.cpp:389	5	读取方向签名材料，不创建或修改节点。		二次特征类.cpp:363;二次特征类.cpp:389;方法类.cpp:615;需求类.cpp:1869;需求类.cpp:2783
yes	私有_二次特征签名索引键	私有_二次特征签名索引键	二次特征类.cpp:79	5	服务所在模块的内部辅助流程。		二次特征类.cpp:79;二次特征类.cpp:598;二次特征类.cpp:713;二次特征类.cpp:755;二次特征类.cpp:961
yes	同步任务管理观察事实承接请求语义槽	同步任务管理观察事实承接请求语义槽	任务模块.工作线程消息协议.ixx:385	5	同步线程、任务、场景或对象之间的状态。		任务模块.工作线程消息协议.ixx:385;任务模块.工作线程消息协议.ixx:415;任务模块.管理工作线程.ixx:3515;任务模块.管理工作线程.ixx:3687;自我线程模块.消息协议.ixx:1647
yes	私有_方法条件结果配对状态特征类型_执行桥_最小_v0	私有_方法条件结果配对状态特征类型_执行桥_最小_v0	任务模块.执行.ixx:346	5	执行任务、方法或动作的主体逻辑。		任务模块.执行.ixx:346;任务模块.执行.ixx:489;任务模块.筹办.ixx:2575;任务模块.管理工作线程.ixx:1278;任务模块.管理工作线程.ixx:1761
yes	私有_方法有已注册本能入口_执行桥_最小_v0	私有_方法有已注册本能入口_执行桥_最小_v0	任务模块.执行.ixx:605	5	注册方法、模板、对象或运行入口。		任务模块.执行.ixx:605;任务模块.执行.ixx:620;任务模块.筹办.ixx:2553;任务模块.筹办.ixx:2915;任务模块.筹办.ixx:5378
yes	私有_填充主体特征需求状态_执行桥_最小_v0	私有_填充主体特征需求状态_执行桥_最小_v0	任务模块.执行.ixx:653	5	执行任务、方法或动作的主体逻辑。		任务模块.执行.ixx:653;任务模块.执行.ixx:758;任务模块.执行.ixx:791;任务模块.执行.ixx:816;任务模块.筹办.ixx:5215
yes	创建筹办I64状态节点	创建筹办I64状态节点	任务模块.筹办.ixx:1697	5	创建并返回或登记对应对象。		任务模块.筹办.ixx:1378;任务模块.筹办.ixx:1422;任务模块.筹办.ixx:1611;任务模块.筹办.ixx:1617;任务模块.筹办.ixx:1697
yes	方法是任务完成后处理方法	方法是任务完成后处理方法	任务模块.筹办.ixx:2290	5	按函数名执行对应处理。		任务模块.筹办.ixx:2290;任务模块.筹办.ixx:2937;任务模块.筹办.ixx:3554;任务模块.筹办.ixx:5048;任务模块.筹办.ixx:5836
yes	方法本能诊断文本	方法本能诊断文本	任务模块.筹办.ixx:2382	5	按函数名执行对应处理。		任务模块.筹办.ixx:2382;任务模块.筹办.ixx:3045;任务模块.筹办.ixx:3068;任务模块.筹办.ixx:3599;任务模块.筹办.ixx:4856
yes	任务目标是方法结构补齐需求	任务目标是方法结构补齐需求	任务模块.筹办.ixx:2562	5	补齐条件、参数、证据或方法能力缺口。		任务模块.筹办.ixx:2562;任务模块.筹办.ixx:2931;任务模块.筹办.ixx:3081;任务模块.筹办.ixx:5063;任务模块.筹办.ixx:5736
yes	目标特征类型集合包含	目标特征类型集合包含	任务模块.筹办.ixx:2684	5	将复合目标特征展开为自身和全部子特征，供方法结果能力召回使用。		任务模块.筹办.ixx:2684;任务模块.筹办.ixx:2704;任务模块.筹办.ixx:2879;任务模块.筹办.ixx:3513;任务模块.筹办.ixx:3846
yes	展开目标特征类型集合_筹办查询	展开目标特征类型集合_筹办查询	任务模块.筹办.ixx:2741	5	将复合目标特征展开为自身和全部子特征，供方法结果能力召回使用。		任务模块.筹办.ixx:2741;任务模块.筹办.ixx:2818;任务模块.筹办.ixx:2866;任务模块.筹办.ixx:3498;任务模块.筹办.ixx:3838
yes	任务方法结构补齐目标方法	任务方法结构补齐目标方法	任务模块.筹办.ixx:3076	5	补齐条件、参数、证据或方法能力缺口。		任务模块.筹办.ixx:2896;任务模块.筹办.ixx:2994;任务模块.筹办.ixx:3076;任务模块.筹办.ixx:5065;任务模块.筹办.ixx:5737
yes	特征_外设观察报告ID_筹办	特征_外设观察报告ID_筹办	任务模块.筹办.ixx:3151	5	推进任务筹办，形成候选、缺口或就绪回执。		任务模块.筹办.ixx:3151;任务模块.筹办.ixx:4241;任务模块.筹办.ixx:4251;任务模块.筹办.ixx:4256;任务模块.筹办.ixx:4263
yes	特征_安全因果证据方向_筹办	特征_安全因果证据方向_筹办	任务模块.筹办.ixx:3186	5	推进任务筹办，形成候选、缺口或就绪回执。		任务模块.筹办.ixx:3186;任务模块.筹办.ixx:4361;任务模块.筹办.ixx:4386;任务模块.筹办.ixx:4394;任务模块.筹办.ixx:4403
yes	特征节点类型_筹办	特征节点类型_筹办	任务模块.筹办.ixx:3901	5	推进任务筹办，形成候选、缺口或就绪回执。		任务模块.筹办.ixx:3901;任务模块.筹办.ixx:3915;任务模块.筹办.ixx:4062;任务模块.筹办.ixx:4121;任务模块.筹办.ixx:4664
yes	状态主信息	状态主信息	任务模块.筹办.ixx:446	5	按函数名执行对应处理。		任务模块.筹办.ixx:446;任务模块.筹办.ixx:456;任务模块.筹办.ixx:468;任务模块.筹办.ixx:476;任务模块.筹办.ixx:1392
yes	需求目标特征类型	需求目标特征类型	任务模块.筹办.ixx:501	5	按函数名执行对应处理。		任务模块.筹办.ixx:501;任务模块.筹办.ixx:509;任务模块.筹办.ixx:1458;任务模块.筹办.ixx:1743;任务模块.筹办.ixx:3449
yes	私有_执行输出特征_缺失参数数量	私有_执行输出特征_缺失参数数量	任务模块.管理工作线程.ixx:1083	5	执行任务、方法或动作的主体逻辑。		任务模块.管理工作线程.ixx:1083;任务模块.管理工作线程.ixx:1093;任务模块.管理工作线程.ixx:1172;任务模块.管理工作线程.ixx:1293;任务模块.管理工作线程.ixx:1770
yes	私有_状态主体节点	私有_状态主体节点	任务模块.管理工作线程.ixx:1632	5	服务所在模块的内部辅助流程。		任务模块.管理工作线程.ixx:1632;任务模块.管理工作线程.ixx:1684;任务模块.管理工作线程.ixx:1685;任务模块.管理工作线程.ixx:2559;任务模块.管理工作线程.ixx:2561
yes	私有_方法是学习承接本能	私有_方法是学习承接本能	任务模块.管理工作线程.ixx:1777	5	服务所在模块的内部辅助流程。		任务模块.管理工作线程.ixx:1556;任务模块.管理工作线程.ixx:1777;任务模块.管理工作线程.ixx:2119;任务模块.管理工作线程.ixx:2166;任务模块.管理工作线程.ixx:3110
yes	私有_写入状态节点引用	私有_写入状态节点引用	任务模块.管理工作线程.ixx:231	5	把处理结果写入指定对象、场景或日志。		任务模块.管理工作线程.ixx:231;任务模块.管理工作线程.ixx:2000;任务模块.管理工作线程.ixx:2159;自我线程模块.impl.cpp:2653;自我线程模块.impl.cpp:10676
yes	构造任务管理外设消息承接结果摘要	构造任务管理外设消息承接结果摘要	任务模块.管理工作线程.ixx:3394	5	按函数名执行对应处理。		任务模块.管理工作线程.ixx:135;任务模块.管理工作线程.ixx:3394;任务模块.管理工作线程.ixx:3429;任务模块.管理工作线程.ixx:3443;任务模块.管理工作线程.ixx:3529
yes	私有_构造任务控制态	私有_构造任务控制态	任务模块.管理工作线程.ixx:379	5	服务所在模块的内部辅助流程。		任务模块.管理工作线程.ixx:379;任务模块.管理工作线程.ixx:2790;任务模块.管理界面线程.impl.cpp:2110;任务模块.管理界面线程.impl.cpp:7020;任务模块.管理界面线程.impl.cpp:8567
yes	私有_构造任务局部运行态	私有_构造任务局部运行态	任务模块.管理工作线程.ixx:396	5	执行对应模块、线程或方法的运行逻辑。		任务模块.管理工作线程.ixx:396;任务模块.管理工作线程.ixx:2791;任务模块.管理界面线程.impl.cpp:2126;任务模块.管理界面线程.impl.cpp:7021;任务模块.管理界面线程.impl.cpp:8568
yes	私有_执行任务树ADO命令	私有_执行任务树ADO命令	任务类.cpp:1194	5	执行任务、方法或动作的主体逻辑。		任务类.cpp:1194;任务类.cpp:1402;任务类.cpp:1403;任务类.cpp:1404;任务类.cpp:1405
yes	任务类::读取任务对应需求引用	读取任务对应需求引用	任务类.cpp:1693	5	从指定来源读取数据或状态。		任务模块.筹办.ixx:429;任务模块.管理界面线程.impl.cpp:3800;任务类.cpp:1693;自我线程模块.impl.cpp:3576;自检线程模块.impl.cpp:200
yes	任务类::解析任务目标状态	解析任务目标状态	任务类.cpp:1750	5	解析输入文本、消息、场景或运行包。		任务模块.管理工作线程.ixx:1648;任务模块.管理工作线程.ixx:1665;任务类.cpp:1750;自我动作实现模块.ixx:10409;自我动作实现模块.ixx:10485
yes	任务类::写入任务实际结果状态	写入任务实际结果状态	任务类.cpp:1786	5	把处理结果写入指定对象、场景或日志。		任务模块.管理界面线程.impl.cpp:2026;任务模块.管理界面线程.impl.cpp:5611;任务模块.管理界面线程.impl.cpp:5613;任务类.cpp:1786;任务类.cpp:1799
yes	任务类::写入任务实际结果状态	写入任务实际结果状态	任务类.cpp:1799	5	把处理结果写入指定对象、场景或日志。		任务模块.管理界面线程.impl.cpp:2026;任务模块.管理界面线程.impl.cpp:5611;任务模块.管理界面线程.impl.cpp:5613;任务类.cpp:1786;任务类.cpp:1799
yes	任务类::读取任务局部优先级偏移	读取任务局部优先级偏移	任务类.cpp:2306	5	从指定来源读取数据或状态。		任务模块.管理界面线程.impl.cpp:2031;任务模块.管理界面线程.impl.cpp:8351;任务类.cpp:2306;控制面板类.cpp:5453;自我线程模块.impl.cpp:12481
yes	私有_来源需求是根目标需求	私有_来源需求是根目标需求	任务类.cpp:41	5	服务所在模块的内部辅助流程。		任务类.cpp:41;任务类.cpp:294;任务类.cpp:297;任务类.cpp:310;任务类.cpp:311
yes	私有_创建并初始化任务虚拟存在	私有_创建并初始化任务虚拟存在	任务类.cpp:747	5	初始化相关对象、状态或运行上下文。		任务类.cpp:36;任务类.cpp:747;任务类.cpp:1441;任务类.cpp:1549;任务类.cpp:1930
yes	累计文本计数	累计文本计数	全局共享函数类.ixx:248	5	累计文本键出现次数，空键统一折叠为 `空`。		全局共享函数类.ixx:248;控制面板类.cpp:2822;控制面板类.cpp:2836;控制面板类.cpp:2846;控制面板类.cpp:2856
yes	文本计数摘要	文本计数摘要	全局共享函数类.ixx:266	5	把文本计数统计排序并格式化为 `键数量/其余数量` 摘要。		全局共享函数类.ixx:266;控制面板类.cpp:2824;控制面板类.cpp:2838;控制面板类.cpp:2848;控制面板类.cpp:2858
yes	索引项字段键	索引项字段键	全局共享函数类.ixx:402	5	生成按索引分组的文本键值字段名，格式为 `项.&lt;索引&gt;.&lt;键&gt;`。		全局共享函数类.ixx:402;全局共享函数类.ixx:421;线程生命周期消息模块.ixx:232;线程生命周期消息模块.ixx:348;线程生命周期消息模块.ixx:357
yes	百分比值	百分比值	全局共享函数类.ixx:519	5	按整数百分比计算 I64 基准值的百分比结果，避免直接相乘先溢出。		全局共享函数类.ixx:519;自我类.cpp:1844;自我类.cpp:1850;自我类.cpp:1856;自我类.cpp:1862
yes	最大3	最大3	全局共享函数类.ixx:590	5	返回三个 I64 值中的最大值。		全局共享函数类.ixx:590;自我动作实现.外设模块.ixx:14399;自我动作实现.外设模块.ixx:14410;自我动作实现.外设模块.ixx:14583;自我动作实现.外设模块.ixx:14614
yes	三维体素长方体总数	三维体素长方体总数	全局共享函数类.ixx:712	5	计算三维长方体体素总数，任一维为 0 或乘法溢出时返回 0。		全局共享函数类.ixx:712;特征类.cpp:3147;特征类.cpp:3231;特征类.cpp:3254;特征类.cpp:3723
yes	私有_推导动态名称	私有_推导动态名称	动态类.cpp:105	5	按动态结构字段推导名称语义入口。		动态类.cpp:105;动态类.cpp:145;动态类.cpp:484;动态类.cpp:1449;动态类.cpp:1492
yes	私有_推导动态类型	私有_推导动态类型	动态类.cpp:125	5	按动态结构字段推导动态类别入口。		动态类.cpp:125;动态类.cpp:148;动态类.cpp:490;动态类.cpp:1452;动态类.cpp:1493
yes	私有_状态主体匹配节点	私有_状态主体匹配节点	动态类.cpp:245	5	服务所在模块的内部辅助流程。		动态类.cpp:245;动态类.cpp:1232;动态类.cpp:1233;动态类.cpp:1251;动态类.cpp:1252
yes	私有_解析动态引用	私有_解析动态引用	动态类.cpp:283	5	解析输入文本、消息、场景或运行包。		二次特征应用模块.ixx:1056;动态类.cpp:283;动态类.cpp:413;动态类.cpp:651;动态类.cpp:1293
yes	私有_查找已有状态动态	私有_查找已有状态动态	动态类.cpp:398	5	按条件查找目标对象、方法或事实。		动态类.cpp:398;动态类.cpp:885;动态类.cpp:985;动态类.cpp:1122;动态类.cpp:1170
yes	释放树_独立	释放树_独立	双向链表模板_深拷贝.inl:28	5	按函数名执行对应处理。		双向链表模板_深拷贝.inl:29;双向链表模板核心.h:664;基础信息主信息类.cpp:10;基础信息主信息类.cpp:11;基础信息主信息类.cpp:12
yes	私有_指针键	私有_指针键	因果类.cpp:192	5	服务所在模块的内部辅助流程。		因果类.cpp:192;因果类.cpp:206;因果类.cpp:212;因果类.cpp:621;因果类.cpp:2553
yes	私有_因果模板有动作	私有_因果模板有动作	因果类.cpp:283	5	服务所在模块的内部辅助流程。		因果类.cpp:283;因果类.cpp:735;因果类.cpp:1487;因果类.cpp:2472;因果类.cpp:2526
yes	私有_状态迁移结果特征_因果	私有_状态迁移结果特征_因果	因果类.cpp:386	5	读取状态迁移二次特征的结果特征。		因果类.cpp:386;因果类.cpp:420;因果类.cpp:583;因果类.cpp:1744;因果类.cpp:1804
yes	私有_按特征语义推断结算贡献层级	私有_按特征语义推断结算贡献层级	因果类.cpp:916	5	结算任务、需求、价值或结果贡献。		因果类.cpp:916;因果类.cpp:939;因果类.cpp:943;因果类.cpp:1051;因果类.cpp:1073
yes	私有_按特征语义推断结算贡献层级	私有_按特征语义推断结算贡献层级	因果类.cpp:939	5	结算任务、需求、价值或结果贡献。		因果类.cpp:916;因果类.cpp:939;因果类.cpp:943;因果类.cpp:1051;因果类.cpp:1073
yes	外设Tracker轨迹状态文本	外设Tracker轨迹状态文本	外设观察报告队列.ixx:1866	5	按函数名执行对应处理。		外设线程_D455深度相机.ixx:2604;外设观察报告队列.ixx:726;外设观察报告队列.ixx:1866;外设观察报告队列.ixx:3469;外设观察报告队列.ixx:3484
yes	判断外设观察材料质量	判断外设观察材料质量	外设观察报告队列.ixx:1976	5	判断条件、状态或业务结果是否成立。		任务模块.管理工作线程.ixx:3439;外设观察报告队列.ixx:752;外设观察报告队列.ixx:1976;自我动作实现.外设模块.ixx:12289;自我动作实现.外设模块.ixx:12350
yes	提交目标观察约束特征组	提交目标观察约束特征组	外设观察报告队列.ixx:2998	5	提交事实、动态、任务状态或运行回执。		外设观察报告队列.ixx:757;外设观察报告队列.ixx:2998;自我动作实现.外设模块.ixx:21097;自我动作实现.外设模块.ixx:23986;自我动作实现.外设模块.ixx:24027
yes	读取最新外设观察报告	读取最新外设观察报告	外设观察报告队列.ixx:3191	5	从指定来源读取数据或状态。		外设线程_D455深度相机.ixx:1557;外设线程_D455深度相机.ixx:3096;外设观察报告队列.ixx:778;外设观察报告队列.ixx:3191;自我动作实现.扫描.ixx:871
yes	外设提交_簇材料句柄集	外设提交_簇材料句柄集	外设观察报告队列.ixx:943	5	提交事实、动态、任务状态或运行回执。		外设观察报告队列.ixx:943;外设观察报告队列.ixx:968;外设观察报告队列.ixx:1071;外设观察报告队列.ixx:2332;外设观察报告队列.ixx:2449
yes	私有_读取子特征I64	私有_读取子特征I64	存在类.cpp:117	5	从指定来源读取数据或状态。		存在类.cpp:117;存在类.cpp:362;存在类.cpp:370;存在类.cpp:371;存在类.cpp:372
yes	私有_特征_存在坐标来源	私有_特征_存在坐标来源	存在类.cpp:63	5	服务所在模块的内部辅助流程。		世界树类.cpp:85;世界树类.cpp:3797;存在类.cpp:63;存在类.cpp:866;存在类.cpp:896
yes	查找	查找	度量模板注册表类.ixx:119	5	按条件查找目标对象、方法或事实。		度量模板注册表类.ixx:119;度量模板注册表类.ixx:129;特征值类.h:33;特征值类.h:34;特征值类.h:44
yes	校验参数	校验参数	度量模板注册表类.ixx:322	5	按函数名执行对应处理。		度量模板注册表类.ixx:85;度量模板注册表类.ixx:322;度量模板注册表类.ixx:358;度量模板注册表类.ixx:384;度量模板注册表类.ixx:421
yes	校验参数	校验参数	度量模板注册表类.ixx:358	5	按函数名执行对应处理。		度量模板注册表类.ixx:85;度量模板注册表类.ixx:322;度量模板注册表类.ixx:358;度量模板注册表类.ixx:384;度量模板注册表类.ixx:421
yes	校验参数	校验参数	度量模板注册表类.ixx:384	5	按函数名执行对应处理。		度量模板注册表类.ixx:85;度量模板注册表类.ixx:322;度量模板注册表类.ixx:358;度量模板注册表类.ixx:384;度量模板注册表类.ixx:421
yes	校验参数	校验参数	度量模板注册表类.ixx:421	5	按函数名执行对应处理。		度量模板注册表类.ixx:85;度量模板注册表类.ixx:322;度量模板注册表类.ixx:358;度量模板注册表类.ixx:384;度量模板注册表类.ixx:421
yes	校验参数	校验参数	度量模板注册表类.ixx:85	5	按函数名执行对应处理。		度量模板注册表类.ixx:85;度量模板注册表类.ixx:322;度量模板注册表类.ixx:358;度量模板注册表类.ixx:384;度量模板注册表类.ixx:421
yes	私有_窗口启动中槽	私有_窗口启动中槽	控制面板WebView2.cpp:1723	5	启动线程、模块或运行流程。		控制面板WebView2.cpp:1723;控制面板WebView2.cpp:1817;控制面板WebView2.cpp:1847;控制面板WebView2.cpp:1855;控制面板WebView2.cpp:1869
yes	私有_独立窗口诊断码	私有_独立窗口诊断码	控制面板WebView2.cpp:1776	5	服务所在模块的内部辅助流程。		控制面板WebView2.cpp:1776;控制面板WebView2.cpp:1808;控制面板WebView2.cpp:1816;控制面板WebView2.cpp:1844;控制面板WebView2.cpp:1868
yes	私有_窗口用途文本	私有_窗口用途文本	控制面板WebView2.cpp:1788	5	服务所在模块的内部辅助流程。		控制面板WebView2.cpp:1788;控制面板WebView2.cpp:1807;控制面板WebView2.cpp:1815;控制面板WebView2.cpp:1843;控制面板WebView2.cpp:1867
yes	读取最新控制面板摘要快照	读取最新控制面板摘要快照	控制面板摘要线程模块.impl.cpp:714	5	从指定来源读取数据或状态。		控制面板摘要线程模块.impl.cpp:714;控制面板摘要线程模块.ixx:132;控制面板类.cpp:9596;控制面板类.cpp:9602;鱼巢.cpp:2073
yes	私有_方法节点种类文本	私有_方法节点种类文本	控制面板类.cpp:1045	5	服务所在模块的内部辅助流程。		控制面板类.cpp:1045;控制面板类.cpp:2856;控制面板类.cpp:4067;控制面板类.cpp:4275;控制面板类.cpp:5615
yes	私有_信息入口类型文本	私有_信息入口类型文本	控制面板类.cpp:1165	5	服务所在模块的内部辅助流程。		控制面板类.cpp:1165;控制面板类.cpp:1219;语素类.cpp:178;语素类.cpp:379;语素类.cpp:1499
yes	私有_读取场景复现I64_保留默认	私有_读取场景复现I64_保留默认	控制面板类.cpp:1339	5	从指定来源读取数据或状态。		控制面板类.cpp:1339;控制面板类.cpp:1717;控制面板类.cpp:1853;控制面板类.cpp:2119;控制面板类.cpp:2123
yes	私有_读取自我场景存在三元特征	私有_读取自我场景存在三元特征	控制面板类.cpp:1777	5	从指定来源读取数据或状态。		控制面板类.cpp:1777;控制面板类.cpp:1860;控制面板类.cpp:1872;控制面板类.cpp:1885;控制面板类.cpp:1896
yes	私有_查找特征模板入口_控制面板	私有_查找特征模板入口_控制面板	控制面板类.cpp:2945	5	按条件查找目标对象、方法或事实。		控制面板类.cpp:2945;控制面板类.cpp:3004;控制面板类.cpp:3005;控制面板类.cpp:3045;控制面板类.cpp:3078
yes	私有_需求目标语义视图_控制面板	私有_需求目标语义视图_控制面板	控制面板类.cpp:2962	5	服务所在模块的内部辅助流程。		控制面板类.cpp:2962;控制面板类.cpp:4487;控制面板类.cpp:5283;控制面板类.cpp:9826;控制面板类.cpp:10028
yes	私有_方法标题	私有_方法标题	控制面板类.cpp:4052	5	服务所在模块的内部辅助流程。		控制面板类.cpp:1251;控制面板类.cpp:2290;控制面板类.cpp:4052;控制面板类.cpp:4232;自检线程模块.impl.cpp:1119
yes	私有_可选区间文本	私有_可选区间文本	控制面板类.cpp:538	5	服务所在模块的内部辅助流程。		控制面板类.cpp:538;控制面板类.cpp:4589;控制面板类.cpp:4590;控制面板类.cpp:4605;控制面板类.cpp:4909
yes	私有_自然句文本	私有_自然句文本	控制面板类.cpp:628	5	服务所在模块的内部辅助流程。		控制面板类.cpp:628;控制面板类.cpp:4274;控制面板类.cpp:4432;控制面板类.cpp:5249;控制面板类.cpp:5614
yes	私有_任务节点种类文本	私有_任务节点种类文本	控制面板类.cpp:707	5	服务所在模块的内部辅助流程。		控制面板类.cpp:707;控制面板类.cpp:2846;控制面板类.cpp:4019;控制面板类.cpp:4041;控制面板类.cpp:5449
yes	私有_SQL控制面板普通树子链JSON	私有_SQL控制面板普通树子链JSON	控制面板类.cpp:7270	5	生成 SQL 控制面板普通树页子链刷新 JSON。		控制面板类.cpp:7270;控制面板类.cpp:7456;控制面板类.cpp:7471;控制面板类.cpp:7487;控制面板类.cpp:7502
yes	私有_移除节点字段子项	私有_移除节点字段子项	控制面板类.cpp:9460	5	服务所在模块的内部辅助流程。		控制面板类.cpp:9460;控制面板类.cpp:10556;控制面板类.cpp:10571;控制面板类.cpp:10585;控制面板类.cpp:10599
yes	私有_读取SQL控制面板当前运行ID	私有_读取SQL控制面板当前运行ID	数据库ADO模块.cpp:317	5	读取当前控制面板运行批次 ID。		数据库ADO模块.cpp:317;数据库ADO模块.cpp:854;数据库ADO模块.cpp:893;数据库ADO模块.cpp:932;数据库ADO模块.cpp:964
yes	私有_执行SQL控制面板写命令	私有_执行SQL控制面板写命令	数据库ADO模块.cpp:473	5	执行 SQL 控制面板运行态写命令。		数据库ADO模块.cpp:473;数据库ADO模块.cpp:870;数据库ADO模块.cpp:910;数据库ADO模块.cpp:942;数据库ADO模块.cpp:985
yes	私有_执行方法树ADO命令	私有_执行方法树ADO命令	方法类.cpp:1495	5	执行任务、方法或动作的主体逻辑。		方法类.cpp:1495;方法类.cpp:2178;方法类.cpp:2179;方法类.cpp:2180;方法类.cpp:2181
yes	方法类::方法成熟度阶段	方法成熟度阶段	方法类.cpp:1769	5	读取方法首节点成熟度阶段。		任务模块.筹办.ixx:2974;任务模块.筹办.ixx:2978;控制面板类.cpp:4307;方法类.cpp:1769;方法虚拟存在服务类.cpp:621
yes	方法类::方法结果能力可被查找命中	方法结果能力可被查找命中	方法类.cpp:1789	5	判断方法首节点结果能力是否参与普通查找。		控制面板类.cpp:3410;控制面板类.cpp:3490;控制面板类.cpp:4302;方法类.cpp:1789;方法虚拟存在服务类.cpp:676
yes	方法类::方法结果能力是根写入原语	方法结果能力是根写入原语	方法类.cpp:1796	5	判断方法首节点结果能力是否为根写入原语。		控制面板类.cpp:3411;控制面板类.cpp:3491;控制面板类.cpp:4306;方法类.cpp:1796;方法虚拟存在服务类.cpp:677
yes	方法类::方法结果节点数量	方法结果节点数量	方法类.cpp:1992	5	统计方法首节点的结果节点数量。		任务模块.执行.ixx:614;任务模块.筹办.ixx:2924;任务模块.筹办.ixx:5359;方法类.cpp:1992;自检线程模块.impl.cpp:1028
yes	方法类::取或创建_方法条件场景	取或创建_方法条件场景	方法类.cpp:2641	5	创建并返回或登记对应对象。		任务模块.执行.ixx:990;方法类.cpp:263;方法类.cpp:2641;自我动作实现.外设模块.ixx:8265;自我动作实现模块.ixx:3144
yes	私有_二次特征方向枚举	私有_二次特征方向枚举	方法类.cpp:374	5	服务所在模块的内部辅助流程。		方法类.cpp:374;方法类.cpp:402;方法类.cpp:497;方法类.cpp:2429;方法类.cpp:2444
yes	私有_推导方法类型	私有_推导方法类型	方法类.cpp:749	5	服务所在模块的内部辅助流程。		方法类.cpp:749;方法类.cpp:2636;方法虚拟存在服务类.cpp:80;方法虚拟存在服务类.cpp:206;方法虚拟存在服务类.cpp:276
yes	私有_推导方法类型	私有_推导方法类型	方法虚拟存在服务类.cpp:80	5	服务所在模块的内部辅助流程。		方法类.cpp:749;方法类.cpp:2636;方法虚拟存在服务类.cpp:80;方法虚拟存在服务类.cpp:206;方法虚拟存在服务类.cpp:276
yes	本能动作承接_无缺口词	本能动作承接_无缺口词	本能动作管理类.ixx:164	5	按函数名执行对应处理。		本能动作管理类.ixx:164;本能动作管理类.ixx:219;本能动作管理类.ixx:230;自我动作实现.外设模块.ixx:8396;自我动作实现模块.ixx:5893
yes	本能动作运行结果码特征词	本能动作运行结果码特征词	本能动作管理类.ixx:56	5	执行对应模块、线程或方法的运行逻辑。		本能动作管理类.ixx:56;本能动作管理类.ixx:318;本能动作管理类.ixx:504;本能动作管理类.ixx:548;本能动作管理类.ixx:904
yes	私有_查询默认种子	私有_查询默认种子	本能方法类.cpp:161	5	服务所在模块的内部辅助流程。		本能方法类.cpp:161;本能方法类.cpp:188;本能方法类.cpp:212;本能方法类.cpp:218;本能方法类.cpp:278
yes	私有_查找本能方法首节点	私有_查找本能方法首节点	本能方法类.cpp:181	5	按条件查找目标对象、方法或事实。		本能方法类.cpp:181;本能方法类.cpp:284;本能方法类.cpp:337;自我类.cpp:389;自我类.cpp:539
yes	本能方法类::枚举默认自我本能方法ID	枚举默认自我本能方法ID	本能方法类.cpp:261	5	按函数名执行对应处理。		本能方法类.cpp:261;特征类.cpp:905;特征类.cpp:2170;自我动作实现模块.ixx:8344;自检线程模块.impl.cpp:218
yes	本能方法类::默认自我本能方法已注册	默认自我本能方法已注册	本能方法类.cpp:333	5	注册方法、模板、对象或运行入口。		本能方法类.cpp:333;自我动作实现模块.ixx:8350;自我类.初始化.cpp:245;自我类.初始化.cpp:359;自我线程模块.impl.cpp:14587
yes	私有_特征值严格相等	私有_特征值严格相等	特征类.cpp:211	5	服务所在模块的内部辅助流程。		特征类.cpp:211;特征类.cpp:2618;特征类.cpp:3025;特征类.cpp:3033;特征类.cpp:4259
yes	私有_抽象值域包含区间	私有_抽象值域包含区间	特征类.cpp:378	5	服务所在模块的内部辅助流程。		特征类.cpp:378;特征类.cpp:743;特征类.cpp:795;特征类.cpp:2160;特征类.cpp:2161
yes	私有_已消费目录	私有_已消费目录	线程生命周期消息模块.ixx:129	5	服务所在模块的内部辅助流程。		线程生命周期消息模块.ixx:129;线程生命周期消息模块.ixx:602;线程生命周期消息模块.ixx:603;线程生命周期消息模块.ixx:606;线程生命周期消息模块.ixx:782
yes	私有_读取字段文件	私有_读取字段文件	线程生命周期消息模块.ixx:251	5	从指定来源读取数据或状态。		线程生命周期消息模块.ixx:251;线程生命周期消息模块.ixx:386;线程生命周期消息模块.ixx:762;线程生命周期消息模块.ixx:804;线程生命周期消息模块.ixx:1101
yes	提交任务状态被动动作	提交任务状态被动动作	自我动作实现.内部模块.ixx:136	5	提交事实、动态、任务状态或运行回执。		任务模块.管理界面线程.impl.cpp:1536;任务模块.管理界面线程.impl.cpp:1742;自我动作实现.内部模块.ixx:136;自我动作实现模块.ixx:5346;自我动作实现模块.ixx:10620
yes	生成空间候选观察队列	生成空间候选观察队列	自我动作实现.外设模块.ixx:10192	5	根据当前输入生成目标数据、场景、动态或回执。		自我动作实现.外设模块.ixx:10192;自我动作实现.外设模块.ixx:26427;自我动作实现.外设模块.ixx:26505;自我动作实现.外设模块.ixx:26587;自我动作实现.外设模块.ixx:26671
yes	构建观察存在假设	构建观察存在假设	自我动作实现.外设模块.ixx:10357	5	构建运行所需的数据结构或中间结果。		自我动作实现.外设模块.ixx:10357;自我动作实现.外设模块.ixx:10410;自我动作实现.外设模块.ixx:10416;自我动作实现.外设模块.ixx:10493;自我动作实现.外设模块.ixx:10517
yes	特征_现实场景包	特征_现实场景包	自我动作实现.外设模块.ixx:1039	5	按函数名执行对应处理。		自我动作实现.外设模块.ixx:1039;自我动作实现.外设模块.ixx:7868;自我动作实现.外设模块.ixx:7893;自我动作实现模块.ixx:556;自我动作实现模块.ixx:4778
yes	组合像素归属验证结果	组合像素归属验证结果	自我动作实现.外设模块.ixx:10420	5	按函数名执行对应处理。		自我动作实现.外设模块.ixx:10420;自我动作实现.外设模块.ixx:10494;自我动作实现.外设模块.ixx:10518;自我动作实现.外设模块.ixx:26589;自我动作实现.外设模块.ixx:26673
yes	观察存在候选已验证	观察存在候选已验证	自我动作实现.外设模块.ixx:10467	5	按函数名执行对应处理。		自我动作实现.外设模块.ixx:10467;自我动作实现.外设模块.ixx:10495;自我动作实现.外设模块.ixx:10519;自我动作实现.外设模块.ixx:10523;自我动作实现.外设模块.ixx:11315
yes	当前帧轮廓分区项ROI有效	当前帧轮廓分区项ROI有效	自我动作实现.外设模块.ixx:10659	5	按函数名执行对应处理。		自我动作实现.外设模块.ixx:10659;自我动作实现.外设模块.ixx:10746;自我动作实现.外设模块.ixx:10765;自我动作实现.外设模块.ixx:10769;自我动作实现.外设模块.ixx:10789
yes	特征_改变方向	特征_改变方向	自我动作实现.外设模块.ixx:1081	5	按函数名执行对应处理。		自我动作实现.外设模块.ixx:1081;自我动作实现模块.ixx:598;自我动作实现模块.ixx:5854;自我动作实现模块.ixx:5947;自我动作实现模块.ixx:6830
yes	转换双目相机调用结果	转换双目相机调用结果	自我动作实现.外设模块.ixx:11363	5	把输入数据转换为目标类型、语义或结构。		自我动作实现.外设模块.ixx:11363;自我动作实现.外设模块.ixx:11678;自我动作实现.外设模块.ixx:11686;自我动作实现.外设模块.ixx:11696;自我动作实现.外设模块.ixx:11706
yes	采集双目相机帧	采集双目相机帧	自我动作实现.外设模块.ixx:11704	5	按函数名执行对应处理。		自我动作实现.外设模块.ixx:11704;自我动作实现.外设模块.ixx:17759;自我动作实现.外设模块.ixx:17831;自我动作实现.外设模块.ixx:17895;自我动作实现.外设模块.ixx:26765
yes	读取提交来源报告	读取提交来源报告	自我动作实现.外设模块.ixx:12297	5	从指定来源读取数据或状态。		自我动作实现.外设模块.ixx:12297;自我动作实现.外设模块.ixx:23296;自我动作实现.外设模块.ixx:24324;自我动作实现.外设模块.ixx:24506;自我动作实现.外设模块.ixx:24690
yes	解析目标观察存在	解析目标观察存在	自我动作实现.外设模块.ixx:13771	5	解析输入文本、消息、场景或运行包。		自我动作实现.外设模块.ixx:13771;自我动作实现.外设模块.ixx:14313;自我动作实现.外设模块.ixx:20975;自我动作实现.外设模块.ixx:25536;自我动作实现.外设模块.ixx:25782
yes	局部区域达到叶子阈值	局部区域达到叶子阈值	自我动作实现.外设模块.ixx:13959	5	按函数名执行对应处理。		自我动作实现.外设模块.ixx:13959;自我动作实现.外设模块.ixx:14067;自我动作实现.外设模块.ixx:14095;自我动作实现.外设模块.ixx:25579;自我动作实现.外设模块.ixx:25619
yes	解析当前观察存在	解析当前观察存在	自我动作实现.外设模块.ixx:14299	5	解析输入文本、消息、场景或运行包。		自我动作实现.外设模块.ixx:14299;自我动作实现.外设模块.ixx:21319;自我动作实现.外设模块.ixx:24300;自我动作实现.外设模块.ixx:24466;自我动作实现.外设模块.ixx:25980
yes	值_执行缺口_当前方法执行失败	值_执行缺口_当前方法执行失败	自我动作实现.外设模块.ixx:1478	5	执行任务、方法或动作的主体逻辑。		自我动作实现.外设模块.ixx:1478;自我动作实现.外设模块.ixx:8394;自我动作实现模块.ixx:1002;自我动作实现模块.ixx:4224;自我动作实现模块.ixx:5891
yes	特征_安全值	特征_安全值	自我动作实现.外设模块.ixx:1625	5	按函数名执行对应处理。		自我动作实现.外设模块.ixx:1625;自我动作实现模块.ixx:1149;自我动作实现模块.ixx:7204;自我动作实现模块.ixx:12416;自我动作实现模块.ixx:12421
yes	确认自我确认观察存在并更新帧解释状态规格	确认自我确认观察存在并更新帧解释状态规格	自我动作实现.外设模块.ixx:16936	5	更新已有对象、状态、索引或缓存。		自我动作实现.外设模块.ixx:16936;自我动作实现.外部模块.ixx:449;自我动作实现.外部模块.ixx:454;自我动作实现模块.ixx:7890;自我动作实现模块.ixx:7895
yes	特征_选中方法首节点	特征_选中方法首节点	自我动作实现.外设模块.ixx:1896	5	按函数名执行对应处理。		自我动作实现.外设模块.ixx:1896;自我动作实现模块.ixx:1420;自我动作实现模块.ixx:5143;自我动作实现模块.ixx:5821;自我动作实现模块.ixx:8744
yes	特征_缓存方法首节点	特征_缓存方法首节点	自我动作实现.外设模块.ixx:1910	5	按函数名执行对应处理。		自我动作实现.外设模块.ixx:1910;自我动作实现模块.ixx:1434;自我动作实现模块.ixx:5142;自我动作实现模块.ixx:5820;自我动作实现模块.ixx:8743
yes	值_方法规格确认失败	值_方法规格确认失败	自我动作实现.外设模块.ixx:2071	5	确认候选事实、存在、状态或运行结果。		自我动作实现.外设模块.ixx:2071;自我动作实现.外设模块.ixx:9268;自我动作实现模块.ixx:1595;自我动作实现模块.ixx:4423;自我动作实现模块.ixx:10564
yes	值_外设运行时缺失	值_外设运行时缺失	自我动作实现.外设模块.ixx:2099	5	执行对应模块、线程或方法的运行逻辑。		自我动作实现.外设模块.ixx:2099;自我动作实现.外设模块.ixx:11350;自我动作实现.外设模块.ixx:11526;自我动作实现.外设模块.ixx:17689;自我动作实现模块.ixx:1623
yes	串接提交入口来源动作动态	串接提交入口来源动作动态	自我动作实现.外设模块.ixx:23169	5	提交事实、动态、任务状态或运行回执。		自我动作实现.外设模块.ixx:23169;自我动作实现.外设模块.ixx:23670;自我动作实现.外设模块.ixx:24378;自我动作实现.外设模块.ixx:24560;自我动作实现.外设模块.ixx:24727
yes	特征_当前观察特征帧	特征_当前观察特征帧	自我动作实现.外设模块.ixx:2386	5	按函数名执行对应处理。		自我动作实现.外设模块.ixx:2386;自我动作实现.外设模块.ixx:12001;自我动作实现.外设模块.ixx:12544;自我动作实现.外设模块.ixx:15350;自我动作实现.外设模块.ixx:15423
yes	特征_观察帧到自我场景接口	特征_观察帧到自我场景接口	自我动作实现.外设模块.ixx:2456	5	按函数名执行对应处理。		自我动作实现.外设模块.ixx:2456;自我动作实现.外设模块.ixx:12519;自我动作实现.外设模块.ixx:15500;自我动作实现.外设模块.ixx:15502;自我动作实现.外设模块.ixx:18041
yes	特征_像素坐标对应像素观察事实	特征_像素坐标对应像素观察事实	自我动作实现.外设模块.ixx:2491	5	按函数名执行对应处理。		自我动作实现.外设模块.ixx:2491;自我动作实现.外设模块.ixx:16773;自我动作实现.外设模块.ixx:16777;自我动作实现.外设模块.ixx:25454;自我动作实现.外设模块.ixx:25472
yes	特征_观察事实完备失败条件数量	特征_观察事实完备失败条件数量	自我动作实现.外设模块.ixx:2589	5	按函数名执行对应处理。		自我动作实现.外设模块.ixx:2589;自我动作实现.外设模块.ixx:12023;自我动作实现.外设模块.ixx:12178;自我动作实现.外设模块.ixx:12223;自我动作实现.外设模块.ixx:15567
yes	特征_当前观察帧观察年龄	特征_当前观察帧观察年龄	自我动作实现.外设模块.ixx:2624	5	按函数名执行对应处理。		自我动作实现.外设模块.ixx:2624;自我动作实现.外设模块.ixx:12027;自我动作实现.外设模块.ixx:12196;自我动作实现.外设模块.ixx:12227;自我动作实现.外设模块.ixx:15615
yes	特征_新鲜度判定时间	特征_新鲜度判定时间	自我动作实现.外设模块.ixx:2638	5	按函数名执行对应处理。		自我动作实现.外设模块.ixx:2638;自我动作实现.外设模块.ixx:12029;自我动作实现.外设模块.ixx:12198;自我动作实现.外设模块.ixx:12229;自我动作实现.外设模块.ixx:15617
yes	特征_新鲜度失败原因	特征_新鲜度失败原因	自我动作实现.外设模块.ixx:2659	5	按函数名执行对应处理。		自我动作实现.外设模块.ixx:2659;自我动作实现.外设模块.ixx:12033;自我动作实现.外设模块.ixx:12202;自我动作实现.外设模块.ixx:12233;自我动作实现.外设模块.ixx:15621
yes	特征_所属父存在	特征_所属父存在	自我动作实现.外设模块.ixx:3394	5	按函数名执行对应处理。		自我动作实现.外设模块.ixx:3394;自我动作实现.外设模块.ixx:13990;自我动作实现.外设模块.ixx:14008;自我动作实现.外设模块.ixx:14042;自我动作实现.外设模块.ixx:14116
yes	特征_接口状态	特征_接口状态	自我动作实现.外设模块.ixx:3436	5	按函数名执行对应处理。		自我动作实现.外设模块.ixx:3436;自我动作实现.外设模块.ixx:14004;自我动作实现.外设模块.ixx:14014;自我动作实现.外设模块.ixx:17010;自我动作实现.外设模块.ixx:17013
yes	特征_内部世界局部轮廓材料可回查状态	特征_内部世界局部轮廓材料可回查状态	自我动作实现.外设模块.ixx:3471	5	按函数名执行对应处理。		自我动作实现.外设模块.ixx:3471;自我动作实现.外设模块.ixx:14036;自我动作实现.外设模块.ixx:14050;自我动作实现.外设模块.ixx:14192;自我动作实现.外设模块.ixx:17028
yes	特征_内部世界子存在候选确认可提交数量	特征_内部世界子存在候选确认可提交数量	自我动作实现.外设模块.ixx:3527	5	提交事实、动态、任务状态或运行回执。		自我动作实现.外设模块.ixx:3527;自我动作实现.外设模块.ixx:14205;自我动作实现.外设模块.ixx:17071;自我动作实现.外设模块.ixx:25794;自我动作实现.外设模块.ixx:25883
yes	特征_局部边界框宽度	特征_局部边界框宽度	自我动作实现.外设模块.ixx:3569	5	按函数名执行对应处理。		自我动作实现.外设模块.ixx:3569;自我动作实现.外设模块.ixx:14037;自我动作实现.外设模块.ixx:14073;自我动作实现.外设模块.ixx:14106;自我动作实现.外设模块.ixx:17030
yes	特征_局部边界框高度	特征_局部边界框高度	自我动作实现.外设模块.ixx:3576	5	按函数名执行对应处理。		自我动作实现.外设模块.ixx:3576;自我动作实现.外设模块.ixx:14038;自我动作实现.外设模块.ixx:14074;自我动作实现.外设模块.ixx:14107;自我动作实现.外设模块.ixx:17031
yes	特征_观察存在匹配关系	特征_观察存在匹配关系	自我动作实现.外设模块.ixx:3674	5	按函数名执行对应处理。		自我动作实现.外设模块.ixx:3674;自我动作实现.外设模块.ixx:14634;自我动作实现.外设模块.ixx:14690;自我动作实现.外设模块.ixx:14722;自我动作实现.外设模块.ixx:17132
yes	特征_轮廓变化量	特征_轮廓变化量	自我动作实现.外设模块.ixx:3751	5	按函数名执行对应处理。		自我动作实现.外设模块.ixx:3751;自我动作实现.外设模块.ixx:14558;自我动作实现.外设模块.ixx:14630;自我动作实现.外设模块.ixx:17137;自我动作实现.外设模块.ixx:17164
yes	特征_空间候选相对独立性判断	特征_空间候选相对独立性判断	自我动作实现.外设模块.ixx:4045	5	判断条件、状态或业务结果是否成立。		自我动作实现.外设模块.ixx:4045;自我动作实现.外设模块.ixx:13114;自我动作实现.外设模块.ixx:16837;自我动作实现.外设模块.ixx:16846;自我动作实现.外设模块.ixx:26356
yes	特征_空间候选观察队列	特征_空间候选观察队列	自我动作实现.外设模块.ixx:4101	5	按函数名执行对应处理。		自我动作实现.外设模块.ixx:4101;自我动作实现.外设模块.ixx:13134;自我动作实现.外设模块.ixx:16860;自我动作实现.外设模块.ixx:16868;自我动作实现.外设模块.ixx:26434
yes	特征_存在假设验证状态	特征_存在假设验证状态	自我动作实现.外设模块.ixx:4199	5	按函数名执行对应处理。		自我动作实现.外设模块.ixx:4199;自我动作实现.外设模块.ixx:13164;自我动作实现.外设模块.ixx:14986;自我动作实现.外设模块.ixx:15115;自我动作实现.外设模块.ixx:16884
yes	特征_假设有效点比例	特征_假设有效点比例	自我动作实现.外设模块.ixx:4304	5	按函数名执行对应处理。		自我动作实现.外设模块.ixx:4304;自我动作实现.外设模块.ixx:13173;自我动作实现.外设模块.ixx:14991;自我动作实现.外设模块.ixx:15120;自我动作实现.外设模块.ixx:16893
yes	特征_像素归属验证结果	特征_像素归属验证结果	自我动作实现.外设模块.ixx:4332	5	按函数名执行对应处理。		自我动作实现.外设模块.ixx:4332;自我动作实现.外设模块.ixx:13200;自我动作实现.外设模块.ixx:16910;自我动作实现.外设模块.ixx:16931;自我动作实现.外设模块.ixx:26596
yes	特征_空间覆盖像素数	特征_空间覆盖像素数	自我动作实现.外设模块.ixx:4339	5	按函数名执行对应处理。		自我动作实现.外设模块.ixx:4339;自我动作实现.外设模块.ixx:11755;自我动作实现.外设模块.ixx:11828;自我动作实现.外设模块.ixx:13205;自我动作实现.外设模块.ixx:16911
yes	特征_空间冲突像素数	特征_空间冲突像素数	自我动作实现.外设模块.ixx:4353	5	按函数名执行对应处理。		自我动作实现.外设模块.ixx:4353;自我动作实现.外设模块.ixx:11757;自我动作实现.外设模块.ixx:11830;自我动作实现.外设模块.ixx:13207;自我动作实现.外设模块.ixx:16913
yes	特征_轮廓支持像素数	特征_轮廓支持像素数	自我动作实现.外设模块.ixx:4360	5	按函数名执行对应处理。		自我动作实现.外设模块.ixx:4360;自我动作实现.外设模块.ixx:11758;自我动作实现.外设模块.ixx:11831;自我动作实现.外设模块.ixx:13208;自我动作实现.外设模块.ixx:16914
yes	特征_轮廓冲突像素数	特征_轮廓冲突像素数	自我动作实现.外设模块.ixx:4367	5	按函数名执行对应处理。		自我动作实现.外设模块.ixx:4367;自我动作实现.外设模块.ixx:11759;自我动作实现.外设模块.ixx:11832;自我动作实现.外设模块.ixx:13209;自我动作实现.外设模块.ixx:16915
yes	特征_遮挡像素数	特征_遮挡像素数	自我动作实现.外设模块.ixx:4430	5	按函数名执行对应处理。		自我动作实现.外设模块.ixx:4430;自我动作实现.外设模块.ixx:11773;自我动作实现.外设模块.ixx:11846;自我动作实现.外设模块.ixx:13214;自我动作实现.外设模块.ixx:16920
yes	特征_归属冲突像素数	特征_归属冲突像素数	自我动作实现.外设模块.ixx:4451	5	按函数名执行对应处理。		自我动作实现.外设模块.ixx:4451;自我动作实现.外设模块.ixx:13068;自我动作实现.外设模块.ixx:16954;自我动作实现.外设模块.ixx:21594;自我动作实现.外设模块.ixx:22713
yes	特征_目标观察约束可用性状态	特征_目标观察约束可用性状态	自我动作实现.外设模块.ixx:4500	5	按函数名执行对应处理。		自我动作实现.外设模块.ixx:4500;自我动作实现.外设模块.ixx:16094;自我动作实现.外设模块.ixx:21150;自我动作实现.外设模块.ixx:24013;自我动作实现.外设模块.ixx:24017
yes	特征_目标特征当前值	特征_目标特征当前值	自我动作实现.外设模块.ixx:4507	5	按函数名执行对应处理。		自我动作实现.外设模块.ixx:4507;自我动作实现.外设模块.ixx:16089;自我动作实现.外设模块.ixx:16095;自我动作实现.外设模块.ixx:21003;自我动作实现.外设模块.ixx:21153
yes	特征_跟踪预测区间状态	特征_跟踪预测区间状态	自我动作实现.外设模块.ixx:4626	5	执行跟踪相关定位、匹配或结果输出逻辑。		自我动作实现.外设模块.ixx:4626;自我动作实现.外设模块.ixx:16244;自我动作实现.外设模块.ixx:16263;自我动作实现.外设模块.ixx:21958;自我动作实现.外设模块.ixx:22036
yes	特征_外设观察验证材料明确状态	特征_外设观察验证材料明确状态	自我动作实现.外设模块.ixx:4745	5	按函数名执行对应处理。		自我动作实现.外设模块.ixx:4745;自我动作实现.外设模块.ixx:16462;自我动作实现.外设模块.ixx:16535;自我动作实现.外设模块.ixx:22411;自我动作实现.外设模块.ixx:22484
yes	特征_外设观察存在归属建立动态	特征_外设观察存在归属建立动态	自我动作实现.外设模块.ixx:4927	5	按函数名执行对应处理。		自我动作实现.外设模块.ixx:4927;自我动作实现.外设模块.ixx:16151;自我动作实现.外设模块.ixx:21456;自我动作实现.外设模块.ixx:21616;自我动作实现.外设模块.ixx:23133
yes	特征_外设观察存在归属冲突动态	特征_外设观察存在归属冲突动态	自我动作实现.外设模块.ixx:4934	5	按函数名执行对应处理。		自我动作实现.外设模块.ixx:4934;自我动作实现.外设模块.ixx:16152;自我动作实现.外设模块.ixx:21458;自我动作实现.外设模块.ixx:21618;自我动作实现.外设模块.ixx:23134
yes	特征_观察存在发现事实提交状态	特征_观察存在发现事实提交状态	自我动作实现.外设模块.ixx:5067	5	提交事实、动态、任务状态或运行回执。		自我动作实现.外设模块.ixx:5067;自我动作实现.外设模块.ixx:16354;自我动作实现.外设模块.ixx:16365;自我动作实现.外设模块.ixx:24371;自我动作实现.外设模块.ixx:24385
yes	特征_观察存在原始事实写入状态	特征_观察存在原始事实写入状态	自我动作实现.外设模块.ixx:5116	5	把处理结果写入指定对象、场景或日志。		自我动作实现.外设模块.ixx:5116;自我动作实现.外设模块.ixx:16574;自我动作实现.外设模块.ixx:16608;自我动作实现.外设模块.ixx:23004;自我动作实现.外设模块.ixx:23940
yes	特征_观察存在与当前场景关联状态	特征_观察存在与当前场景关联状态	自我动作实现.外设模块.ixx:5123	5	按函数名执行对应处理。		自我动作实现.外设模块.ixx:5123;自我动作实现.外设模块.ixx:13763;自我动作实现.外设模块.ixx:16575;自我动作实现.外设模块.ixx:23005;自我动作实现.外设模块.ixx:23941
yes	特征_当前帧区域归属状态	特征_当前帧区域归属状态	自我动作实现.外设模块.ixx:5172	5	按函数名执行对应处理。		自我动作实现.外设模块.ixx:5172;自我动作实现.外设模块.ixx:16618;自我动作实现.外设模块.ixx:16633;自我动作实现.外设模块.ixx:24903;自我动作实现.外设模块.ixx:24925
yes	特征_轮廓匹配分数	特征_轮廓匹配分数	自我动作实现.外设模块.ixx:5235	5	按函数名执行对应处理。		自我动作实现.外设模块.ixx:5235;自我动作实现.外设模块.ixx:10705;自我动作实现.外设模块.ixx:21596;自我动作实现.外设模块.ixx:21962;自我动作实现.外设模块.ixx:24890
yes	特征_轮廓残差	特征_轮廓残差	自我动作实现.外设模块.ixx:5256	5	按函数名执行对应处理。		自我动作实现.外设模块.ixx:5256;自我动作实现.外设模块.ixx:10704;自我动作实现.外设模块.ixx:21597;自我动作实现.外设模块.ixx:21963;自我动作实现.外设模块.ixx:24897
yes	特征_来源缺口	特征_来源缺口	自我动作实现.外设模块.ixx:5466	5	按函数名执行对应处理。		自我动作实现.外设模块.ixx:5466;自我动作实现模块.ixx:1882;自我动作实现模块.ixx:5192;自我动作实现模块.ixx:5760;自我动作实现模块.ixx:5768
yes	特征_候选动作节点	特征_候选动作节点	自我动作实现.外设模块.ixx:5598	5	按函数名执行对应处理。		自我动作实现.外设模块.ixx:5598;自我动作实现模块.ixx:2014;自我动作实现模块.ixx:7073;自我动作实现模块.ixx:9219;自我动作实现模块.ixx:9303
yes	特征_预测状态	特征_预测状态	自我动作实现.外设模块.ixx:5626	5	按函数名执行对应处理。		自我动作实现.外设模块.ixx:5626;自我动作实现模块.ixx:2042;自我动作实现模块.ixx:7074;自我动作实现模块.ixx:9220;自我动作实现模块.ixx:9308
yes	方法状态_待条件节点	方法状态_待条件节点	自我动作实现.外设模块.ixx:5704	5	按函数名执行对应处理。		自我动作实现.外设模块.ixx:5704;自我动作实现.外设模块.ixx:8513;自我动作实现模块.ixx:2141;自我动作实现模块.ixx:3580;自我动作实现模块.ixx:9549
yes	特征_需求满足情况	特征_需求满足情况	自我动作实现.外设模块.ixx:5722	5	按函数名执行对应处理。		自我动作实现.外设模块.ixx:5722;自我动作实现.外设模块.ixx:8231;自我动作实现模块.ixx:2159;自我动作实现模块.ixx:3110;自我动作实现模块.ixx:8547
yes	特征_当前场景特征值缺失原因掩码	特征_当前场景特征值缺失原因掩码	自我动作实现.外设模块.ixx:5925	5	按函数名执行对应处理。		自我动作实现.外设模块.ixx:5925;自我动作实现.外设模块.ixx:13732;自我动作实现.外设模块.ixx:13757;自我动作实现.外设模块.ixx:15661;自我动作实现.外设模块.ixx:16586
yes	特征_当前场景特征值过期原因掩码	特征_当前场景特征值过期原因掩码	自我动作实现.外设模块.ixx:5932	5	按函数名执行对应处理。		自我动作实现.外设模块.ixx:5932;自我动作实现.外设模块.ixx:13733;自我动作实现.外设模块.ixx:13758;自我动作实现.外设模块.ixx:15662;自我动作实现.外设模块.ixx:16587
yes	特征_当前场景特征值冲突原因掩码	特征_当前场景特征值冲突原因掩码	自我动作实现.外设模块.ixx:5939	5	按函数名执行对应处理。		自我动作实现.外设模块.ixx:5939;自我动作实现.外设模块.ixx:13734;自我动作实现.外设模块.ixx:13759;自我动作实现.外设模块.ixx:15663;自我动作实现.外设模块.ixx:16588
yes	特征_存在_进入自我边界缓冲区候选状态	特征_存在_进入自我边界缓冲区候选状态	自我动作实现.外设模块.ixx:6141	5	按函数名执行对应处理。		自我动作实现.外设模块.ixx:6141;自我动作实现.外设模块.ixx:13635;自我动作实现.外设模块.ixx:15925;自我动作实现.外设模块.ixx:20262;自我动作实现.外设模块.ixx:20642
yes	特征_存在_接触自我边界候选状态	特征_存在_接触自我边界候选状态	自我动作实现.外设模块.ixx:6148	5	按函数名执行对应处理。		自我动作实现.外设模块.ixx:6148;自我动作实现.外设模块.ixx:13641;自我动作实现.外设模块.ixx:15926;自我动作实现.外设模块.ixx:20263;自我动作实现.外设模块.ixx:20643
yes	特征_存在_靠近自我候选状态	特征_存在_靠近自我候选状态	自我动作实现.外设模块.ixx:6155	5	按函数名执行对应处理。		自我动作实现.外设模块.ixx:6155;自我动作实现.外设模块.ixx:13647;自我动作实现.外设模块.ixx:15927;自我动作实现.外设模块.ixx:20264;自我动作实现.外设模块.ixx:20644
yes	特征_存在_遮挡关键观察区域候选状态	特征_存在_遮挡关键观察区域候选状态	自我动作实现.外设模块.ixx:6162	5	按函数名执行对应处理。		自我动作实现.外设模块.ixx:6162;自我动作实现.外设模块.ixx:13653;自我动作实现.外设模块.ixx:15928;自我动作实现.外设模块.ixx:20265;自我动作实现.外设模块.ixx:20645
yes	特征_外设_D455到场景绝对坐标变换明确状态	特征_外设_D455到场景绝对坐标变换明确状态	自我动作实现.外设模块.ixx:6176	5	按函数名执行对应处理。		自我动作实现.外设模块.ixx:6176;自我动作实现.外设模块.ixx:16589;自我动作实现.外设模块.ixx:22959;自我动作实现.外设模块.ixx:22979;自我动作实现.外设模块.ixx:23012
yes	特征_关键特征观察样本数量	特征_关键特征观察样本数量	自我动作实现.外设模块.ixx:6204	5	按函数名执行对应处理。		自我动作实现.外设模块.ixx:6204;自我动作实现.外设模块.ixx:15855;自我动作实现.外设模块.ixx:18640;自我动作实现.外设模块.ixx:20302;自我动作实现.外设模块.ixx:20773
yes	特征_关键特征负向变化数量	特征_关键特征负向变化数量	自我动作实现.外设模块.ixx:6211	5	按函数名执行对应处理。		自我动作实现.外设模块.ixx:6211;自我动作实现.外设模块.ixx:15856;自我动作实现.外设模块.ixx:18641;自我动作实现.外设模块.ixx:20303;自我动作实现.外设模块.ixx:20774
yes	词_被动动作	词_被动动作	自我动作实现.外设模块.ixx:632	5	按函数名执行对应处理。		自我动作实现.外设模块.ixx:632;自我动作实现模块.ixx:59;自我动作实现模块.ixx:8556;自我动作实现模块.ixx:10383;自我动作实现模块.ixx:12187
yes	特征_当前场景安全度明确状态	特征_当前场景安全度明确状态	自我动作实现.外设模块.ixx:6351	5	按函数名执行对应处理。		自我动作实现.外设模块.ixx:6351;自我动作实现.外设模块.ixx:15651;自我动作实现.外设模块.ixx:15700;自我动作实现.外设模块.ixx:18935;自我动作实现.外设模块.ixx:19006
yes	特征_当前场景最低安全度存在明确状态	特征_当前场景最低安全度存在明确状态	自我动作实现.外设模块.ixx:6358	5	按函数名执行对应处理。		自我动作实现.外设模块.ixx:6358;自我动作实现.外设模块.ixx:15652;自我动作实现.外设模块.ixx:15701;自我动作实现.外设模块.ixx:18936;自我动作实现.外设模块.ixx:19007
yes	特征_当前场景各存在安全评估明确状态	特征_当前场景各存在安全评估明确状态	自我动作实现.外设模块.ixx:6365	5	评估状态、风险、质量、权重或完成度。		自我动作实现.外设模块.ixx:6365;自我动作实现.外设模块.ixx:15653;自我动作实现.外设模块.ixx:15702;自我动作实现.外设模块.ixx:18937;自我动作实现.外设模块.ixx:19008
yes	特征_风险安全_场景影响部分变化方向	特征_风险安全_场景影响部分变化方向	自我动作实现.外设模块.ixx:6477	5	按函数名执行对应处理。		自我动作实现.外设模块.ixx:6477;自我动作实现.外设模块.ixx:15673;自我动作实现.外设模块.ixx:19020;自我动作实现.外设模块.ixx:19226;自我动作实现.外设模块.ixx:19289
yes	特征_风险安全_场景影响部分提交状态	特征_风险安全_场景影响部分提交状态	自我动作实现.外设模块.ixx:6484	5	提交事实、动态、任务状态或运行回执。		自我动作实现.外设模块.ixx:6484;自我动作实现.外设模块.ixx:15724;自我动作实现.外设模块.ixx:19258;自我动作实现.外设模块.ixx:19286;自我动作实现.外设模块.ixx:19308
yes	特征_目标安全因果信息	特征_目标安全因果信息	自我动作实现.外设模块.ixx:6505	5	按函数名执行对应处理。		自我动作实现.外设模块.ixx:6505;自我动作实现.外设模块.ixx:15747;自我动作实现.外设模块.ixx:15750;自我动作实现.外设模块.ixx:19366;自我动作实现.外设模块.ixx:19455
yes	特征_安全因果证据方向	特征_安全因果证据方向	自我动作实现.外设模块.ixx:6512	5	按函数名执行对应处理。		自我动作实现.外设模块.ixx:6512;自我动作实现.外设模块.ixx:15746;自我动作实现.外设模块.ixx:15749;自我动作实现.外设模块.ixx:19381;自我动作实现.外设模块.ixx:19456
yes	特征_条件特征类型数量	特征_条件特征类型数量	自我动作实现.外设模块.ixx:654	5	按函数名执行对应处理。		自我动作实现.外设模块.ixx:654;自我动作实现.外设模块.ixx:8622;自我动作实现模块.ixx:81;自我动作实现模块.ixx:3943;自我动作实现模块.ixx:4919
yes	特征_安全因果因素负向证据数量	特征_安全因果因素负向证据数量	自我动作实现.外设模块.ixx:6540	5	按函数名执行对应处理。		自我动作实现.外设模块.ixx:6540;自我动作实现.外设模块.ixx:15759;自我动作实现.外设模块.ixx:19383;自我动作实现.外设模块.ixx:19462;自我动作实现.外设模块.ixx:19543
yes	特征_安全因果因素默认满足允许状态	特征_安全因果因素默认满足允许状态	自我动作实现.外设模块.ixx:6589	5	按函数名执行对应处理。		自我动作实现.外设模块.ixx:6589;自我动作实现.外设模块.ixx:15766;自我动作实现.外设模块.ixx:15805;自我动作实现.外设模块.ixx:19469;自我动作实现.外设模块.ixx:19542
yes	特征_安全因果因素默认满足提交状态	特征_安全因果因素默认满足提交状态	自我动作实现.外设模块.ixx:6596	5	提交事实、动态、任务状态或运行回执。		自我动作实现.外设模块.ixx:6596;自我动作实现.外设模块.ixx:15808;自我动作实现.外设模块.ixx:19568;自我动作实现.外设模块.ixx:19583;自我动作实现.外设模块.ixx:19603
yes	特征_必需条件特征类型数量	特征_必需条件特征类型数量	自我动作实现.外设模块.ixx:661	5	按函数名执行对应处理。		自我动作实现.外设模块.ixx:661;自我动作实现.外设模块.ixx:8623;自我动作实现模块.ixx:88;自我动作实现模块.ixx:3944;自我动作实现模块.ixx:4920
yes	特征_安全因果因素评估值提交状态	特征_安全因果因素评估值提交状态	自我动作实现.外设模块.ixx:6610	5	提交事实、动态、任务状态或运行回执。		自我动作实现.外设模块.ixx:6610;自我动作实现.外设模块.ixx:15831;自我动作实现.外设模块.ixx:19679;自我动作实现.外设模块.ixx:19695;自我动作实现.外设模块.ixx:19716
yes	特征_安全因果因素值	特征_安全因果因素值	自我动作实现.外设模块.ixx:6617	5	按函数名执行对应处理。		自我动作实现.外设模块.ixx:6617;自我动作实现.外设模块.ixx:15809;自我动作实现.外设模块.ixx:15832;自我动作实现.外设模块.ixx:19688;自我动作实现.外设模块.ixx:19696
yes	值_自我动作缺失	值_自我动作缺失	自我动作实现.外设模块.ixx:7016	5	按函数名执行对应处理。		自我动作实现.外设模块.ixx:7016;自我动作实现模块.ixx:2474;自我动作实现模块.ixx:8922;自我动作实现模块.ixx:9266;自我动作实现模块.ixx:10943
yes	值_候选动作未验证	值_候选动作未验证	自我动作实现.外设模块.ixx:7023	5	按函数名执行对应处理。		自我动作实现.外设模块.ixx:7023;自我动作实现模块.ixx:2481;自我动作实现模块.ixx:9220;自我动作实现模块.ixx:9308;自我动作实现模块.ixx:9593
yes	比较存在轮廓特征	比较存在轮廓特征	自我动作实现.外设模块.ixx:7550	5	比较当前值、目标值或历史基准。		自我动作实现.外设模块.ixx:7550;自我动作实现.外设模块.ixx:14521;自我动作实现.外设模块.ixx:21395;自我动作实现.外设模块.ixx:21846;自我动作实现.外设模块.ixx:21930
yes	写入目标方法I64特征	写入目标方法I64特征	自我动作实现.外设模块.ixx:7908	5	把处理结果写入指定对象、场景或日志。		自我动作实现.外设模块.ixx:7908;自我动作实现模块.ixx:2864;自我动作实现模块.ixx:8511;自我动作实现模块.ixx:10981;自我动作实现模块.ixx:10983
yes	条件节点已有结果子节点_条件结果对归并	条件节点已有结果子节点_条件结果对归并	自我动作实现.外设模块.ixx:8425	5	按函数名执行对应处理。		自我动作实现.外设模块.ixx:8425;自我动作实现模块.ixx:3402;自我动作实现模块.ixx:3687;自我动作实现模块.ixx:3775;自我动作实现模块.ixx:6530
yes	方法具有本能执行入口	方法具有本能执行入口	自我动作实现.外设模块.ixx:8442	5	执行任务、方法或动作的主体逻辑。		自我动作实现.外设模块.ixx:8442;自我动作实现.外设模块.ixx:8465;自我动作实现模块.ixx:3428;自我动作实现模块.ixx:3451;自我动作实现模块.ixx:9502
yes	方法具有已注册本能执行入口	方法具有已注册本能执行入口	自我动作实现.外设模块.ixx:8463	5	注册方法、模板、对象或运行入口。		自我动作实现.外设模块.ixx:8463;自我动作实现.外设模块.ixx:8509;自我动作实现模块.ixx:3449;自我动作实现模块.ixx:3469;自我动作实现模块.ixx:3576
yes	推导方法状态_结构与运行账	推导方法状态_结构与运行账	自我动作实现.外设模块.ixx:8502	5	执行对应模块、线程或方法的运行逻辑。		自我动作实现.外设模块.ixx:8502;自我动作实现.外设模块.ixx:8989;自我动作实现模块.ixx:3569;自我动作实现模块.ixx:4130;自我动作实现模块.ixx:9561
yes	方法首节点缓存键	方法首节点缓存键	自我动作实现.外设模块.ixx:8681	5	按函数名执行对应处理。		自我动作实现.外设模块.ixx:8681;自我动作实现.外设模块.ixx:8735;自我动作实现.外设模块.ixx:8750;自我动作实现.外设模块.ixx:8817;自我动作实现.外设模块.ixx:9208
yes	确保本能方法	确保本能方法	自我动作实现.外设模块.ixx:8804	5	确保目标结构、状态或前置条件存在并可用。		自我动作实现.外设模块.ixx:8804;自我动作实现.外设模块.ixx:9200;自我动作实现模块.ixx:3960;自我动作实现模块.ixx:4365;自我动作实现模块.ixx:8418
yes	本轮运行虚拟存在	本轮运行虚拟存在	自我动作实现.外设模块.ixx:8866	5	执行对应模块、线程或方法的运行逻辑。		自我动作实现.外设模块.ixx:8866;自我动作实现.外设模块.ixx:9229;自我动作实现模块.ixx:4007;自我动作实现模块.ixx:4388;自我动作实现模块.ixx:8844
yes	解析方法执行条件节点	解析方法执行条件节点	自我动作实现.外设模块.ixx:9017	5	解析输入文本、消息、场景或运行包。		自我动作实现.外设模块.ixx:9017;自我动作实现.外设模块.ixx:9273;自我动作实现模块.ixx:4158;自我动作实现模块.ixx:4428;自我动作实现模块.ixx:4862
yes	特征_建议任务状态	特征_建议任务状态	自我动作实现.外设模块.ixx:927	5	按函数名执行对应处理。		自我动作实现.外设模块.ixx:927;自我动作实现模块.ixx:437;自我动作实现模块.ixx:7111;自我动作实现模块.ixx:7115;自我动作实现模块.ixx:7120
yes	确认自我确认观察存在并更新帧解释状态规格	确认自我确认观察存在并更新帧解释状态规格	自我动作实现.外部模块.ixx:449	5	更新已有对象、状态、索引或缓存。		自我动作实现.外设模块.ixx:16936;自我动作实现.外部模块.ixx:449;自我动作实现.外部模块.ixx:454;自我动作实现模块.ixx:7890;自我动作实现模块.ixx:7895
yes	特征_场景维护结果状态	特征_场景维护结果状态	自我动作实现.扫描.ixx:548	5	按函数名执行对应处理。		自我动作实现.扫描.ixx:548;自我动作实现.扫描.ixx:1545;自我动作实现.扫描.ixx:1731;自我动作实现.扫描.ixx:2043;自我动作实现.扫描.ixx:2075
yes	特征_扫描治理输出状态	特征_扫描治理输出状态	自我动作实现.扫描.ixx:557	5	执行扫描相关材料获取、比较或提交逻辑。		自我动作实现.扫描.ixx:557;自我动作实现.扫描.ixx:1544;自我动作实现.扫描.ixx:1732;自我动作实现.扫描.ixx:2046;自我动作实现.扫描.ixx:2076
yes	特征_处理闭合证据状态	特征_处理闭合证据状态	自我动作实现.扫描.ixx:587	5	按函数名执行对应处理。		自我动作实现.扫描.ixx:587;自我动作实现.扫描.ixx:1091;自我动作实现.扫描.ixx:1551;自我动作实现.扫描.ixx:2047;自我动作实现.扫描.ixx:2074
yes	读取任务来源需求	读取任务来源需求	自我动作实现.服务模块.ixx:1266	5	从指定来源读取数据或状态。		自我动作实现.服务模块.ixx:1266;自我动作实现.服务模块.ixx:2592;自我动作实现.服务模块.ixx:2986;自我动作实现.服务模块.ixx:3207;自我线程模块.impl.cpp:1923
yes	特征_交互者	特征_交互者	自我动作实现.服务模块.ixx:149	5	按函数名执行对应处理。		自我动作实现.服务模块.ixx:149;自我动作实现.服务模块.ixx:1392;自我动作实现.服务模块.ixx:1517;自我动作实现.服务模块.ixx:2973;自我动作实现模块.ixx:8045
yes	特征_权限边界	特征_权限边界	自我动作实现.服务模块.ixx:173	5	按函数名执行对应处理。		自我动作实现.服务模块.ixx:173;自我动作实现.服务模块.ixx:1416;自我动作实现.服务模块.ixx:1523;自我动作实现.服务模块.ixx:3002;自我动作实现模块.ixx:8087
yes	特征_输出场景	特征_输出场景	自我动作实现.服务模块.ixx:213	5	按函数名执行对应处理。		自我动作实现.服务模块.ixx:213;自我动作实现.服务模块.ixx:1464;自我动作实现.服务模块.ixx:2149;自我动作实现.服务模块.ixx:2344;自我动作实现.服务模块.ixx:2354
yes	证据强度达到确认阈值	证据强度达到确认阈值	自我动作实现.服务模块.ixx:2755	5	确认候选事实、存在、状态或运行结果。		自我动作实现.服务模块.ixx:2755;自我动作实现.服务模块.ixx:2841;自我动作实现.服务模块.ixx:2878;自我动作实现.服务模块.ixx:3182;自我动作实现.服务模块.ixx:3432
yes	读取G0服务层级	读取G0服务层级	自我动作实现.服务模块.ixx:3167	5	从指定来源读取数据或状态。		自我动作实现.服务模块.ixx:3167;自我动作实现.服务模块.ixx:3283;自我动作实现.服务模块.ixx:3445;自我动作实现.服务模块.ixx:3568;自我线程模块.impl.cpp:1920
yes	特征_D1任务状态动作动态	特征_D1任务状态动作动态	自我动作实现.服务模块.ixx:421	5	按函数名执行对应处理。		自我动作实现.服务模块.ixx:421;自我动作实现.服务模块.ixx:2614;自我动作实现.服务模块.ixx:3218;自我动作实现.服务模块.ixx:3220;自我线程模块.impl.cpp:1930
yes	特征_服务值结算动作动态	特征_服务值结算动作动态	自我动作实现.服务模块.ixx:685	5	结算任务、需求、价值或结果贡献。		自我动作实现.服务模块.ixx:685;自我动作实现.服务模块.ixx:3677;自我线程模块.impl.cpp:1734;自我线程模块.impl.cpp:1739;自我线程模块.impl.cpp:1828
yes	特征_实现方法虚拟存在	特征_实现方法虚拟存在	自我动作实现.服务模块.ixx:805	5	按函数名执行对应处理。		自我动作实现.服务模块.ixx:805;自我动作实现.服务模块.ixx:1472;自我动作实现.服务模块.ixx:1898;自我动作实现.服务模块.ixx:1948;自我动作实现模块.ixx:8018
yes	值_服务字段绑定字段类型缺失	值_服务字段绑定字段类型缺失	自我动作实现.服务模块.ixx:925	5	建立对象、任务、方法或因果之间的绑定关系。		自我动作实现.服务模块.ixx:925;自我动作实现.服务模块.ixx:1293;自我动作实现.服务模块.ixx:1617;自我动作实现.服务模块.ixx:1725;自我动作实现.服务模块.ixx:1858
yes	值_服务字段绑定字段值缺失	值_服务字段绑定字段值缺失	自我动作实现.服务模块.ixx:933	5	建立对象、任务、方法或因果之间的绑定关系。		自我动作实现.服务模块.ixx:933;自我动作实现.服务模块.ixx:1315;自我动作实现.服务模块.ixx:1637;自我动作实现.服务模块.ixx:1649;自我动作实现.服务模块.ixx:1872
yes	值_执行缺口_当前方法执行失败	值_执行缺口_当前方法执行失败	自我动作实现模块.ixx:1002	5	执行任务、方法或动作的主体逻辑。		自我动作实现.外设模块.ixx:1478;自我动作实现.外设模块.ixx:8394;自我动作实现模块.ixx:1002;自我动作实现模块.ixx:4224;自我动作实现模块.ixx:5891
yes	提交任务状态被动动作	提交任务状态被动动作	自我动作实现模块.ixx:10620	5	提交事实、动态、任务状态或运行回执。		任务模块.管理界面线程.impl.cpp:1536;任务模块.管理界面线程.impl.cpp:1742;自我动作实现.内部模块.ixx:136;自我动作实现模块.ixx:5346;自我动作实现模块.ixx:10620
yes	特征_安全值	特征_安全值	自我动作实现模块.ixx:1149	5	按函数名执行对应处理。		自我动作实现.外设模块.ixx:1625;自我动作实现模块.ixx:1149;自我动作实现模块.ixx:7204;自我动作实现模块.ixx:12416;自我动作实现模块.ixx:12421
yes	特征_选中方法首节点	特征_选中方法首节点	自我动作实现模块.ixx:1420	5	按函数名执行对应处理。		自我动作实现.外设模块.ixx:1896;自我动作实现模块.ixx:1420;自我动作实现模块.ixx:5143;自我动作实现模块.ixx:5821;自我动作实现模块.ixx:8744
yes	特征_缓存方法首节点	特征_缓存方法首节点	自我动作实现模块.ixx:1434	5	按函数名执行对应处理。		自我动作实现.外设模块.ixx:1910;自我动作实现模块.ixx:1434;自我动作实现模块.ixx:5142;自我动作实现模块.ixx:5820;自我动作实现模块.ixx:8743
yes	值_方法规格确认失败	值_方法规格确认失败	自我动作实现模块.ixx:1595	5	确认候选事实、存在、状态或运行结果。		自我动作实现.外设模块.ixx:2071;自我动作实现.外设模块.ixx:9268;自我动作实现模块.ixx:1595;自我动作实现模块.ixx:4423;自我动作实现模块.ixx:10564
yes	值_外设运行时缺失	值_外设运行时缺失	自我动作实现模块.ixx:1623	5	执行对应模块、线程或方法的运行逻辑。		自我动作实现.外设模块.ixx:2099;自我动作实现.外设模块.ixx:11350;自我动作实现.外设模块.ixx:11526;自我动作实现.外设模块.ixx:17689;自我动作实现模块.ixx:1623
yes	特征_来源缺口	特征_来源缺口	自我动作实现模块.ixx:1882	5	按函数名执行对应处理。		自我动作实现.外设模块.ixx:5466;自我动作实现模块.ixx:1882;自我动作实现模块.ixx:5192;自我动作实现模块.ixx:5760;自我动作实现模块.ixx:5768
yes	特征_候选动作节点	特征_候选动作节点	自我动作实现模块.ixx:2014	5	按函数名执行对应处理。		自我动作实现.外设模块.ixx:5598;自我动作实现模块.ixx:2014;自我动作实现模块.ixx:7073;自我动作实现模块.ixx:9219;自我动作实现模块.ixx:9303
yes	特征_预测状态	特征_预测状态	自我动作实现模块.ixx:2042	5	按函数名执行对应处理。		自我动作实现.外设模块.ixx:5626;自我动作实现模块.ixx:2042;自我动作实现模块.ixx:7074;自我动作实现模块.ixx:9220;自我动作实现模块.ixx:9308
yes	方法状态_待条件节点	方法状态_待条件节点	自我动作实现模块.ixx:2141	5	按函数名执行对应处理。		自我动作实现.外设模块.ixx:5704;自我动作实现.外设模块.ixx:8513;自我动作实现模块.ixx:2141;自我动作实现模块.ixx:3580;自我动作实现模块.ixx:9549
yes	特征_需求满足情况	特征_需求满足情况	自我动作实现模块.ixx:2159	5	按函数名执行对应处理。		自我动作实现.外设模块.ixx:5722;自我动作实现.外设模块.ixx:8231;自我动作实现模块.ixx:2159;自我动作实现模块.ixx:3110;自我动作实现模块.ixx:8547
yes	值_自我动作缺失	值_自我动作缺失	自我动作实现模块.ixx:2474	5	按函数名执行对应处理。		自我动作实现.外设模块.ixx:7016;自我动作实现模块.ixx:2474;自我动作实现模块.ixx:8922;自我动作实现模块.ixx:9266;自我动作实现模块.ixx:10943
yes	值_候选动作未验证	值_候选动作未验证	自我动作实现模块.ixx:2481	5	按函数名执行对应处理。		自我动作实现.外设模块.ixx:7023;自我动作实现模块.ixx:2481;自我动作实现模块.ixx:9220;自我动作实现模块.ixx:9308;自我动作实现模块.ixx:9593
yes	写入目标方法I64特征	写入目标方法I64特征	自我动作实现模块.ixx:2864	5	把处理结果写入指定对象、场景或日志。		自我动作实现.外设模块.ixx:7908;自我动作实现模块.ixx:2864;自我动作实现模块.ixx:8511;自我动作实现模块.ixx:10981;自我动作实现模块.ixx:10983
yes	条件节点已有结果子节点_条件结果对归并	条件节点已有结果子节点_条件结果对归并	自我动作实现模块.ixx:3402	5	按函数名执行对应处理。		自我动作实现.外设模块.ixx:8425;自我动作实现模块.ixx:3402;自我动作实现模块.ixx:3687;自我动作实现模块.ixx:3775;自我动作实现模块.ixx:6530
yes	方法具有本能执行入口	方法具有本能执行入口	自我动作实现模块.ixx:3428	5	按函数名执行对应处理。 功能：执行任务、方法或动作的主体逻辑。		自我动作实现.外设模块.ixx:8442;自我动作实现.外设模块.ixx:8465;自我动作实现模块.ixx:3428;自我动作实现模块.ixx:3451;自我动作实现模块.ixx:9502
yes	方法具有已注册本能执行入口	方法具有已注册本能执行入口	自我动作实现模块.ixx:3449	5	注册方法、模板、对象或运行入口。		自我动作实现.外设模块.ixx:8463;自我动作实现.外设模块.ixx:8509;自我动作实现模块.ixx:3449;自我动作实现模块.ixx:3469;自我动作实现模块.ixx:3576
yes	方法动作数量_动作模块	方法动作数量_动作模块	自我动作实现模块.ixx:3461	5	按函数名执行对应处理。		自我动作实现模块.ixx:3461;自我动作实现模块.ixx:8963;自我动作实现模块.ixx:9029;自我动作实现模块.ixx:9131;自我动作实现模块.ixx:9230
yes	推导方法状态_结构与运行账	推导方法状态_结构与运行账	自我动作实现模块.ixx:3569	5	执行对应模块、线程或方法的运行逻辑。		自我动作实现.外设模块.ixx:8502;自我动作实现.外设模块.ixx:8989;自我动作实现模块.ixx:3569;自我动作实现模块.ixx:4130;自我动作实现模块.ixx:9561
yes	确保本能方法	确保本能方法	自我动作实现模块.ixx:3960	5	确保目标结构、状态或前置条件存在并可用。		自我动作实现.外设模块.ixx:8804;自我动作实现.外设模块.ixx:9200;自我动作实现模块.ixx:3960;自我动作实现模块.ixx:4365;自我动作实现模块.ixx:8418
yes	本轮运行虚拟存在	本轮运行虚拟存在	自我动作实现模块.ixx:4007	5	执行对应模块、线程或方法的运行逻辑。		自我动作实现.外设模块.ixx:8866;自我动作实现.外设模块.ixx:9229;自我动作实现模块.ixx:4007;自我动作实现模块.ixx:4388;自我动作实现模块.ixx:8844
yes	解析方法执行条件节点	解析方法执行条件节点	自我动作实现模块.ixx:4158	5	解析输入文本、消息、场景或运行包。		自我动作实现.外设模块.ixx:9017;自我动作实现.外设模块.ixx:9273;自我动作实现模块.ixx:4158;自我动作实现模块.ixx:4428;自我动作实现模块.ixx:4862
yes	任务状态提交诊断日志启用	任务状态提交诊断日志启用	自我动作实现模块.ixx:4193	5	提交事实、动态、任务状态或运行回执。		自我动作实现模块.ixx:4193;自我动作实现模块.ixx:4298;自我动作实现模块.ixx:10424;自我动作实现模块.ixx:10528;自我动作实现模块.ixx:10755
yes	特征_建议任务状态	特征_建议任务状态	自我动作实现模块.ixx:437	5	按函数名执行对应处理。		自我动作实现.外设模块.ixx:927;自我动作实现模块.ixx:437;自我动作实现模块.ixx:7111;自我动作实现模块.ixx:7115;自我动作实现模块.ixx:7120
yes	特征_现实场景包	特征_现实场景包	自我动作实现模块.ixx:556	5	按函数名执行对应处理。		自我动作实现.外设模块.ixx:1039;自我动作实现.外设模块.ixx:7868;自我动作实现.外设模块.ixx:7893;自我动作实现模块.ixx:556;自我动作实现模块.ixx:4778
yes	词_被动动作	词_被动动作	自我动作实现模块.ixx:59	5	按函数名执行对应处理。		自我动作实现.外设模块.ixx:632;自我动作实现模块.ixx:59;自我动作实现模块.ixx:8556;自我动作实现模块.ixx:10383;自我动作实现模块.ixx:12187
yes	形参为必需	形参为必需	自我动作实现模块.ixx:5914	5	按函数名执行对应处理。		自我动作实现模块.ixx:5914;自我动作实现模块.ixx:6328;自我动作实现模块.ixx:6332;自我动作实现模块.ixx:6394;自我动作实现模块.ixx:6464
yes	特征_改变方向	特征_改变方向	自我动作实现模块.ixx:598	5	按函数名执行对应处理。		自我动作实现.外设模块.ixx:1081;自我动作实现模块.ixx:598;自我动作实现模块.ixx:5854;自我动作实现模块.ixx:5947;自我动作实现模块.ixx:6830
yes	确认筹办协作回执槽	确认筹办协作回执槽	自我动作实现模块.ixx:7231	5	推进任务筹办，形成候选、缺口或就绪回执。		自我动作实现模块.ixx:7231;自我动作实现模块.ixx:7265;自我动作实现模块.ixx:7289;自我动作实现模块.ixx:7342;自我动作实现模块.ixx:8032
yes	确认自我确认观察存在并更新帧解释状态规格	确认自我确认观察存在并更新帧解释状态规格	自我动作实现模块.ixx:7890	5	更新已有对象、状态、索引或缓存。		自我动作实现.外设模块.ixx:16936;自我动作实现.外部模块.ixx:449;自我动作实现.外部模块.ixx:454;自我动作实现模块.ixx:7890;自我动作实现模块.ixx:7895
yes	特征_条件特征类型数量	特征_条件特征类型数量	自我动作实现模块.ixx:81	5	按函数名执行对应处理。		自我动作实现.外设模块.ixx:654;自我动作实现.外设模块.ixx:8622;自我动作实现模块.ixx:81;自我动作实现模块.ixx:3943;自我动作实现模块.ixx:4919
yes	特征_必需条件特征类型数量	特征_必需条件特征类型数量	自我动作实现模块.ixx:88	5	按函数名执行对应处理。		自我动作实现.外设模块.ixx:661;自我动作实现.外设模块.ixx:8623;自我动作实现模块.ixx:88;自我动作实现模块.ixx:3944;自我动作实现模块.ixx:4920
yes	私有_查找本能方法首节点	私有_查找本能方法首节点	自我类.cpp:389	5	按条件查找目标对象、方法或事实。		本能方法类.cpp:181;本能方法类.cpp:284;本能方法类.cpp:337;自我类.cpp:389;自我类.cpp:539
yes	私有_自我初始化阶段文本	私有_自我初始化阶段文本	自我类.初始化.cpp:21	5	初始化相关对象、状态或运行上下文。		自我类.初始化.cpp:21;自我类.初始化.cpp:70;自我类.初始化.cpp:78;自我类.初始化.cpp:90;自我类.初始化.cpp:102
yes	自我特征定义类::类型_自我_当前主方法	类型_自我_当前主方法	自我类.特征定义.cpp:364	5	按函数名执行对应处理。		自我类.cpp:1238;自我类.cpp:1273;自我类.cpp:1969;自我类.初始化.cpp:230;自我类.特征定义.cpp:364
yes	自我特征定义类::类型_线程_生命周期状态	类型_线程_生命周期状态	自我类.特征定义.cpp:388	5	按函数名执行对应处理。		自我类.cpp:332;自我类.特征定义.cpp:388;自我线程模块.impl.cpp:14948;自检线程模块.impl.cpp:214;自检线程模块.impl.cpp:439
yes	自我特征定义类::类型_任务_节点种类	类型_任务_节点种类	自我类.特征定义.cpp:517	5	按函数名执行对应处理。		任务类.cpp:367;任务类.cpp:1912;任务类.cpp:1934;自我类.cpp:2007;自我类.特征定义.cpp:517
yes	私有_刷新根需求状态引用_线程侧	私有_刷新根需求状态引用_线程侧	自我线程模块.impl.cpp:10649	5	服务所在模块的内部辅助流程。		自我线程模块.impl.cpp:10649;自我线程模块.impl.cpp:10753;自我线程模块.impl.cpp:10761;自我线程模块.impl.cpp:11776;自我线程模块.impl.cpp:11784
yes	私有_抽象子节点类型词_线程侧	私有_抽象子节点类型词_线程侧	自我线程模块.impl.cpp:10772	5	服务所在模块的内部辅助流程。		自我线程模块.impl.cpp:10772;自我线程模块.impl.cpp:10833;自我线程模块.impl.cpp:10834;自我线程模块.impl.cpp:10835;自我线程模块.impl.cpp:10836
yes	私有_构造服务因果链上下文条件_线程侧	私有_构造服务因果链上下文条件_线程侧	自我线程模块.impl.cpp:10900	5	服务所在模块的内部辅助流程。		自我线程模块.impl.cpp:10900;自我线程模块.impl.cpp:10928;自我线程模块.impl.cpp:10932;自我线程模块.impl.cpp:10936;自我线程模块.impl.cpp:10940
yes	私有_目标特征是根层遗留学习字段_线程侧	私有_目标特征是根层遗留学习字段_线程侧	自我线程模块.impl.cpp:11187	5	服务所在模块的内部辅助流程。		自我线程模块.impl.cpp:2636;自我线程模块.impl.cpp:9229;自我线程模块.impl.cpp:11187;自我线程模块.impl.cpp:11607;自我线程模块.impl.cpp:11703
yes	私有_选择当前主任务候选_按任务优先级	私有_选择当前主任务候选_按任务优先级	自我线程模块.impl.cpp:12443	5	从候选集中选择当前使用对象或方法。		自我线程模块.impl.cpp:12443;自我线程模块.impl.cpp:14614;自我线程模块.impl.cpp:16931;自我线程模块.impl.cpp:17014;自我线程模块.impl.cpp:17062
yes	私有_服务G0门槛_待确认或成立_线程侧	私有_服务G0门槛_待确认或成立_线程侧	自我线程模块.impl.cpp:1281	5	确认候选事实、存在、状态或运行结果。		自我线程模块.impl.cpp:1281;自我线程模块.impl.cpp:1497;自我线程模块.impl.cpp:1499;自我线程模块.impl.cpp:1501;自我线程模块.impl.cpp:1502
yes	私有_治理消息优先级值	私有_治理消息优先级值	自我线程模块.impl.cpp:13940	5	服务所在模块的内部辅助流程。		自我线程模块.impl.cpp:13940;自我线程模块.impl.cpp:14028;自我线程模块.impl.cpp:14029;自我线程模块.impl.cpp:15165;自我线程模块.impl.cpp:15165
yes	私有_确保治理存在节点	私有_确保治理存在节点	自我线程模块.impl.cpp:14243	5	确保目标结构、状态或前置条件存在并可用。		自我线程模块.impl.cpp:14243;自我线程模块.impl.cpp:14398;自我线程模块.impl.cpp:14402;自我线程模块.impl.cpp:14406;自我线程模块.impl.cpp:14411
yes	初始化自我环境	初始化自我环境	自我线程模块.impl.cpp:17354	5	初始化相关对象、状态或运行上下文。		控制面板WebView2.cpp:1301;自我线程模块.impl.cpp:17354;自我线程模块.ixx:779;鱼巢.cpp:1332;鱼巢.cpp:1373
yes	私有_写入状态节点引用	私有_写入状态节点引用	自我线程模块.impl.cpp:2653	5	把处理结果写入指定对象、场景或日志。		任务模块.管理工作线程.ixx:231;任务模块.管理工作线程.ixx:2000;任务模块.管理工作线程.ixx:2159;自我线程模块.impl.cpp:2653;自我线程模块.impl.cpp:10676
yes	私有_特征节点语义相同_线程侧	私有_特征节点语义相同_线程侧	自我线程模块.impl.cpp:3135	5	服务所在模块的内部辅助流程。		自我线程模块.impl.cpp:3135;自我线程模块.impl.cpp:3242;自我线程模块.impl.cpp:3387;自我线程模块.impl.cpp:3420;自我线程模块.impl.cpp:4963
yes	私有_叶子任务正式结算证据日志文本_线程侧	私有_叶子任务正式结算证据日志文本_线程侧	自我线程模块.impl.cpp:3315	5	把叶子任务正式结算证据即时渲染为日志文本，不写回机器判断结构。		自我线程模块.impl.cpp:1214;自我线程模块.impl.cpp:2128;自我线程模块.impl.cpp:3315;自我线程模块.impl.cpp:4543;自我线程模块.impl.cpp:4627
yes	私有_按任务查找非根需求_线程侧	私有_按任务查找非根需求_线程侧	自我线程模块.impl.cpp:3652	5	按条件查找目标对象、方法或事实。		自我线程模块.impl.cpp:2577;自我线程模块.impl.cpp:3582;自我线程模块.impl.cpp:3652;自我线程模块.impl.cpp:3684;自我线程模块.impl.cpp:4514
yes	私有_任务权重评分_线程侧	私有_任务权重评分_线程侧	自我线程模块.impl.cpp:3749	5	服务所在模块的内部辅助流程。		自我线程模块.impl.cpp:3749;自我线程模块.impl.cpp:3786;自我线程模块.impl.cpp:3801;自我线程模块.impl.cpp:3828;自我线程模块.impl.cpp:4936
yes	私有_尝试更新风险安全层聚合候选_线程侧	私有_尝试更新风险安全层聚合候选_线程侧	自我线程模块.impl.cpp:3861	5	更新已有对象、状态、索引或缓存。		自我线程模块.impl.cpp:3861;自我线程模块.impl.cpp:4063;自我线程模块.impl.cpp:4205;自我线程模块.impl.cpp:4346;自我线程模块.impl.cpp:4455
yes	私有_根必要条件是服务上下文字段_线程侧	私有_根必要条件是服务上下文字段_线程侧	自我线程模块.impl.cpp:393	5	服务所在模块的内部辅助流程。		自我线程模块.impl.cpp:393;自我线程模块.impl.cpp:10864;自我线程模块.impl.cpp:11252;自我线程模块.impl.cpp:11581;自我线程模块.impl.cpp:11943
yes	私有_读取抽象根特征定义_线程侧	私有_读取抽象根特征定义_线程侧	自我线程模块.impl.cpp:592	5	从指定来源读取数据或状态。		自我线程模块.impl.cpp:592;自我线程模块.impl.cpp:697;自我线程模块.impl.cpp:699;自我线程模块.impl.cpp:12249;自我线程模块.impl.cpp:12251
yes	私有_收束来源需求_任务价值反馈后处理_线程侧	私有_收束来源需求_任务价值反馈后处理_线程侧	自我线程模块.impl.cpp:6996	5	服务所在模块的内部辅助流程。		自我线程模块.impl.cpp:3852;自我线程模块.impl.cpp:4610;自我线程模块.impl.cpp:5609;自我线程模块.impl.cpp:6996;自我线程模块.impl.cpp:7665
yes	私有_判定任务结算域_线程侧	私有_判定任务结算域_线程侧	自我线程模块.impl.cpp:7543	5	结算任务、需求、价值或结果贡献。		自我线程模块.impl.cpp:2603;自我线程模块.impl.cpp:5351;自我线程模块.impl.cpp:7373;自我线程模块.impl.cpp:7543;自我线程模块.impl.cpp:7848
yes	私有_处理非核心结算闭账_任务管理新链	私有_处理非核心结算闭账_任务管理新链	自我线程模块.impl.cpp:7612	5	结算任务、需求、价值或结果贡献。		自我线程模块.impl.cpp:2609;自我线程模块.impl.cpp:5374;自我线程模块.impl.cpp:7397;自我线程模块.impl.cpp:7612;自我线程模块.impl.cpp:7870
yes	私有_按主键解析方法节点_任务管理新链	私有_按主键解析方法节点_任务管理新链	自我线程模块.impl.cpp:7936	5	解析输入文本、消息、场景或运行包。		自我线程模块.impl.cpp:2532;自我线程模块.impl.cpp:7936;自我线程模块.impl.cpp:9078;自我线程模块.impl.cpp:9886;自我线程模块.impl.cpp:10066
yes	私有_安全词	私有_安全词	自我线程模块.impl.cpp:81	5	服务所在模块的内部辅助流程。		自我线程模块.impl.cpp:81;自我线程模块.impl.cpp:97;自我线程模块.impl.cpp:9098;自我线程模块.impl.cpp:10812;自我线程模块.impl.cpp:10814
yes	私有_提示自检需求入树逻辑错误	私有_提示自检需求入树逻辑错误	自我线程模块.impl.cpp:8875	5	服务所在模块的内部辅助流程。		自我线程模块.impl.cpp:8875;自我线程模块.impl.cpp:9265;自我线程模块.impl.cpp:9310;自我线程模块.impl.cpp:9320;自我线程模块.impl.cpp:9340
yes	刷新执行尝试汇总状态	刷新执行尝试汇总状态	自我线程模块.消息协议.ixx:1079	5	执行任务、方法或动作的主体逻辑。		自我线程模块.消息协议.ixx:1079;自我线程模块.消息协议.ixx:1183;自我线程模块.消息协议.ixx:1234;自我线程模块.消息协议.ixx:1441;自我线程模块.消息协议.ixx:1596
yes	同步自检缺口候选消息语义槽	同步自检缺口候选消息语义槽	自我线程模块.消息协议.ixx:526	5	同步线程、任务、场景或对象之间的状态。		自我线程模块.消息协议.ixx:526;自我线程模块.消息协议.ixx:555;自检线程模块.impl.cpp:933;自检线程模块.impl.cpp:1279;自检线程模块.impl.cpp:1348
yes	任务管理消息头执行尝试主键值	任务管理消息头执行尝试主键值	自我线程模块.消息协议.ixx:920	5	从任务管理消息头生成内部执行尝试数值键。		自我线程模块.消息协议.ixx:920;自我线程模块.消息协议.ixx:930;自我线程模块.消息协议.ixx:930;自我线程模块.消息协议.ixx:953;自我线程模块.消息协议.ixx:967
yes	私有_方法标题	私有_方法标题	自检线程模块.impl.cpp:1119	5	服务所在模块的内部辅助流程。		控制面板类.cpp:1251;控制面板类.cpp:2290;控制面板类.cpp:4052;控制面板类.cpp:4232;自检线程模块.impl.cpp:1119
yes	私有_提示自检代码缺陷报告	私有_提示自检代码缺陷报告	自检线程模块.impl.cpp:1324	5	服务所在模块的内部辅助流程。		自检线程模块.impl.cpp:1324;自检线程模块.impl.cpp:1903;自检线程模块.impl.cpp:1945;自检线程模块.impl.cpp:2024;自检线程模块.impl.cpp:2080
yes	私有_到期	私有_到期	自检线程模块.impl.cpp:1356	5	服务所在模块的内部辅助流程。		自检线程模块.impl.cpp:1356;自检线程模块.impl.cpp:1711;自检线程模块.impl.cpp:1741;自检线程模块.impl.cpp:1858;自检线程模块.impl.cpp:1909
yes	语素类::查找人类词性入口节点	查找人类词性入口节点	语素类.cpp:1019	5	按条件查找目标对象、方法或事实。		语素类.cpp:1019;语素类.cpp:1026;语素类.cpp:1035;语素类.cpp:1041;语素类.cpp:1047
yes	语素类::查找人类词性入口节点	查找人类词性入口节点	语素类.cpp:1026	5	按词值和人类词性只读查找语素入口节点，不隐式创建词或入口。		语素类.cpp:1019;语素类.cpp:1026;语素类.cpp:1035;语素类.cpp:1041;语素类.cpp:1047
yes	语素类::查找人类词性入口节点	查找人类词性入口节点	语素类.cpp:1035	5	按词值和人类词性文本只读查找语素入口节点，不隐式创建词或入口。		语素类.cpp:1019;语素类.cpp:1026;语素类.cpp:1035;语素类.cpp:1041;语素类.cpp:1047
yes	语素类::查找人类词性入口节点	查找人类词性入口节点	语素类.cpp:1041	5	按条件查找目标对象、方法或事实。		语素类.cpp:1019;语素类.cpp:1026;语素类.cpp:1035;语素类.cpp:1041;语素类.cpp:1047
yes	语素类::查找人类词性入口节点	查找人类词性入口节点	语素类.cpp:1047	5	按条件查找目标对象、方法或事实。		语素类.cpp:1019;语素类.cpp:1026;语素类.cpp:1035;语素类.cpp:1041;语素类.cpp:1047
yes	枚举_词性_工厂::根据枚举类型获取文本	根据枚举类型获取文本	语素类.cpp:1657	5	读取并返回指定对象、状态或运行材料。		控制面板类.cpp:1218;语素类.cpp:292;语素类.cpp:375;语素类.cpp:1498;语素类.cpp:1657
yes	私有_信息入口类型文本	私有_信息入口类型文本	语素类.cpp:178	5	服务所在模块的内部辅助流程。		控制面板类.cpp:1165;控制面板类.cpp:1219;语素类.cpp:178;语素类.cpp:379;语素类.cpp:1499
yes	私有_执行语素ADO命令	私有_执行语素ADO命令	语素类.cpp:663	5	执行任务、方法或动作的主体逻辑。		语素类.cpp:663;语素类.cpp:874;语素类.cpp:875;语素类.cpp:876;语素类.cpp:877
yes	私有_基础节点短名	私有_基础节点短名	语言类_基础信息命名.cpp:56	5	服务所在模块的内部辅助流程。		语言类_基础信息命名.cpp:56;语言类_基础信息命名.cpp:97;语言类_基础信息命名.cpp:101;语言类_基础信息命名.cpp:146;语言类_基础信息命名.cpp:170
yes	私有_I64符号_需求方向	私有_I64符号_需求方向	需求类.cpp:1032	5	服务所在模块的内部辅助流程。		需求类.cpp:1032;需求类.cpp:1915;需求类.cpp:1916;需求类.cpp:1927;需求类.cpp:1928
yes	私有_自检维护管理状态词	私有_自检维护管理状态词	需求类.cpp:895	5	服务所在模块的内部辅助流程。		需求类.cpp:895;需求类.cpp:910;需求类.cpp:913;需求类.cpp:916;需求类.cpp:919
yes	私有_确保自我线程已启动	私有_确保自我线程已启动	鱼巢.cpp:1364	5	确保目标结构、状态或前置条件存在并可用。		鱼巢.cpp:110;鱼巢.cpp:1364;鱼巢.cpp:2244;鱼巢.cpp:2303;鱼巢.cpp:2320
yes	私有_读取状态变化跟踪项	私有_读取状态变化跟踪项	鱼巢.cpp:1778	5	从指定来源读取数据或状态。		鱼巢.cpp:1778;鱼巢.cpp:1973;鱼巢.cpp:1976;鱼巢.cpp:1980;鱼巢.cpp:1984
yes	私有_状态变化跟踪行	私有_状态变化跟踪行	鱼巢.cpp:1808	5	执行跟踪相关定位、匹配或结果输出逻辑。		鱼巢.cpp:1808;鱼巢.cpp:1993;鱼巢.cpp:1994;鱼巢.cpp:1995;鱼巢.cpp:1996
yes	I64由有序编码	I64由有序编码	全局共享函数类.ixx:173	5	把保持有序关系的 U64 编码还原为 I64。	constructor_like	全局共享函数类.ixx:173;全局共享函数类.ixx:807;全局共享函数类.ixx:809;全局共享函数类.ixx:815;全局共享函数类.ixx:817
yes	值转文本	值转文本	动作验证报告类.h:163	5	按函数名执行对应处理。	header_definition	动作验证报告类.h:163;动作验证报告类.h:227;动作验证报告类.h:228;动作验证报告类.h:229;动作验证报告类.h:230
yes	添加节点	添加节点	双向链表模板核心.h:277	5	按函数名执行对应处理。	header_definition	双向链表模板核心.h:277;双向链表模板核心.h:292;基础信息类.cpp:74;基础信息类.h:29;语言类.cpp:52
yes	添加节点	添加节点	双向链表模板核心.h:292	5	按函数名执行对应处理。	header_definition	双向链表模板核心.h:277;双向链表模板核心.h:292;基础信息类.cpp:74;基础信息类.h:29;语言类.cpp:52
yes	特征节点主信息类	特征节点主信息类	基础信息主信息类.h:353	5	按函数名执行对应处理。	header_definition	基础信息主信息类.h:353;基础信息主信息类.h:356;基础信息主信息类.h:361;基础信息类.cpp:291;本能动作类.ixx:158
yes	特征节点主信息类	特征节点主信息类	基础信息主信息类.h:356	5	按函数名执行对应处理。	header_definition	基础信息主信息类.h:353;基础信息主信息类.h:356;基础信息主信息类.h:361;基础信息类.cpp:291;本能动作类.ixx:158
yes	特征节点主信息类	特征节点主信息类	基础信息主信息类.h:361	5	按函数名执行对应处理。	header_definition	基础信息主信息类.h:353;基础信息主信息类.h:356;基础信息主信息类.h:361;基础信息类.cpp:291;本能动作类.ixx:158
yes	存在节点主信息类	存在节点主信息类	基础信息主信息类.h:401	5	按函数名执行对应处理。	header_definition	基础信息主信息类.h:401;基础信息主信息类.h:402;基础信息主信息类.h:405;基础信息类.cpp:287;基础信息类.cpp:422
yes	因果主信息类	因果主信息类	基础信息主信息类.h:939	5	按函数名执行对应处理。	header_definition	因果类.cpp:1876;因果类.cpp:2491;因果类.cpp:2548;基础信息主信息类.h:939;基础信息类.cpp:309
yes	有效点云	有效点云	基础数据类型.h:1102	5	按函数名执行对应处理。	header_definition	双目相机本能适配器.cpp:125;双目相机本能适配器.cpp:802;双目相机本能适配器.cpp:1007;双目相机本能适配器.cpp:1037;基础数据类型.h:1102
yes	解码U64为I64_ZigZag	解码U64为I64_ZigZag	基础数据类型.h:631	5	按函数名执行对应处理。	header_definition	基础数据类型.h:631;基础数据类型.h:648;基础数据类型.h:668;基础数据类型.h:690;基础数据类型.h:691
yes	比较I64_三态	比较I64_三态	基础数据类型.h:91	5	有符号比较量规则工具： 比较函数可返回任意负数、0、任意正数；基础逻辑只读取符号。	header_definition	任务模块.筹办.ixx:2782;任务模块.筹办.ixx:2843;基础信息主信息类.h:663;基础信息主信息类.h:740;基础数据类型.h:91
yes	D455_当前时间毫秒	D455_当前时间毫秒	外设线程_D455深度相机.ixx:1779	5	按函数名执行对应处理。	constructor_like	外设线程_D455深度相机.ixx:1779;外设线程_D455深度相机.ixx:2038;外设线程_D455深度相机.ixx:2053;外设线程_D455深度相机.ixx:2147;外设线程_D455深度相机.ixx:2258
yes	D455_评估稳定性	D455_评估稳定性	外设线程_D455深度相机.ixx:2415	5	评估状态、风险、质量、权重或完成度。	constructor_like	外设线程_D455深度相机.ixx:2415;外设线程_D455深度相机.ixx:2467;外设线程_D455深度相机.ixx:2479;外设线程_D455深度相机.ixx:3037;外设线程_D455深度相机.ixx:3275
yes	D455_设置结束	D455_设置结束	外设线程_D455深度相机.ixx:2471	5	设置对象字段、状态或运行参数。	constructor_like	外设线程_D455深度相机.ixx:2471;外设线程_D455深度相机.ixx:2980;外设线程_D455深度相机.ixx:3073;外设线程_D455深度相机.ixx:3078;外设线程_D455深度相机.ixx:3081
yes	D455_投影中心X	D455_投影中心X	外设线程_D455深度相机.ixx:837	5	按函数名执行对应处理。	constructor_like	外设线程_D455深度相机.ixx:837;外设线程_D455深度相机.ixx:925;外设线程_D455深度相机.ixx:1032;外设线程_D455深度相机.ixx:1813;外设线程_D455深度相机.ixx:1952
yes	D455_投影中心Y	D455_投影中心Y	外设线程_D455深度相机.ixx:843	5	按函数名执行对应处理。	constructor_like	外设线程_D455深度相机.ixx:843;外设线程_D455深度相机.ixx:928;外设线程_D455深度相机.ixx:1033;外设线程_D455深度相机.ixx:1817;外设线程_D455深度相机.ixx:1953
yes	D455_深度帧材料有效	D455_深度帧材料有效	外设观察报告队列.ixx:1288	5	按函数名执行对应处理。	constructor_like	外设观察报告队列.ixx:1288;外设观察报告队列.ixx:1372;外设观察报告队列.ixx:1393;外设观察报告队列.ixx:1494;外设观察报告队列.ixx:2721
yes	序列化	序列化	特征值主信息类.h:92	5	把对象转换为可保存或可传输形式。	header_definition	双向链表模板_序列化.inl:116;双向链表模板_序列化.inl:119;双向链表模板_序列化.inl:120;双向链表模板_序列化.inl:123;特征值主信息类.h:92
yes	查找	查找	特征值类.h:33	5	按条件查找目标对象、方法或事实。	header_definition	度量模板注册表类.ixx:119;度量模板注册表类.ixx:129;特征值类.h:33;特征值类.h:34;特征值类.h:44
yes	查找	查找	特征值类.h:44	5	按条件查找目标对象、方法或事实。	header_definition	度量模板注册表类.ixx:119;度量模板注册表类.ixx:129;特征值类.h:33;特征值类.h:34;特征值类.h:44
yes	基础信息类型已确定	基础信息类型已确定	语素主信息类.h:440	5	按函数名执行对应处理。	header_definition	语素主信息类.h:440;语素类.cpp:381;语素类.cpp:1224;语素类.cpp:1297;语素类.cpp:1479
yes	取信息入口主信息类型	取信息入口主信息类型	语素主信息类.h:79	5	按函数名执行对应处理。	header_definition	语素主信息类.h:79;语素主信息类.h:224;语素主信息类.h:421;语素主信息类.h:431;语素类.cpp:1329
yes	从状态补齐目标主体和特征缓存_已加锁	从状态补齐目标主体和特征缓存_已加锁	需求类.h:1063	5	补齐条件、参数、证据或方法能力缺口。	header_definition	需求类.h:1041;需求类.h:1063;需求类.h:1160;需求类.h:1162;需求类.h:1261
yes	计算子需求权重	计算子需求权重	需求类.h:539	5	计算权重、状态、差值或派生结果。	header_definition	控制面板类.cpp:3301;需求类.h:539;需求类.h:575;需求类.h:589;需求类.h:1371
yes	需求目标重叠_已加锁	需求目标重叠_已加锁	需求类.h:953	5	按函数名执行对应处理。	header_definition	需求类.h:953;需求类.h:983;需求类.h:987;需求类.h:1011;需求类.h:1164
yes	需求目标重叠_已加锁	需求目标重叠_已加锁	需求类.h:983	5	按函数名执行对应处理。	header_definition	需求类.h:953;需求类.h:983;需求类.h:987;需求类.h:1011;需求类.h:1164
yes	私有_世界树SQL路径属于根	私有_世界树SQL路径属于根	世界树类.cpp:1079	6	服务所在模块的内部辅助流程。		世界树类.cpp:1079;世界树类.cpp:1188;世界树类.cpp:1217;世界树类.cpp:1260;世界树类.cpp:1297;世界树类.cpp:1307
yes	私有_补齐类型概念集	私有_补齐类型概念集	世界树类.cpp:54	6	把已绑定类型概念补入运行存在概念集。		世界树类.cpp:54;世界树类.cpp:2395;世界树类.cpp:2410;世界树类.cpp:2416;世界树类.cpp:2489;世界树类.cpp:2498
yes	判断二次特征方向	判断二次特征方向	二次特征应用模块.ixx:207	6	判断条件、状态或业务结果是否成立。		二次特征应用模块.ixx:207;二次特征应用模块.ixx:277;二次特征应用模块.ixx:281;二次特征应用模块.ixx:292;二次特征应用模块.ixx:292;二次特征应用模块.ixx:732
yes	判断二次特征方向	判断二次特征方向	二次特征应用模块.ixx:277	6	判断条件、状态或业务结果是否成立。		二次特征应用模块.ixx:207;二次特征应用模块.ixx:277;二次特征应用模块.ixx:281;二次特征应用模块.ixx:292;二次特征应用模块.ixx:292;二次特征应用模块.ixx:732
yes	私有_取所属场景	私有_取所属场景	二次特征应用模块.ixx:835	6	服务所在模块的内部辅助流程。		二次特征应用模块.ixx:835;二次特征应用模块.ixx:2684;二次特征应用模块.ixx:2685;需求类.cpp:943;需求类.cpp:2703;需求类.cpp:2705
yes	同步任务管理派生需求消息语义槽	同步任务管理派生需求消息语义槽	任务模块.工作线程消息协议.ixx:358	6	同步线程、任务、场景或对象之间的状态。		任务模块.工作线程消息协议.ixx:358;任务模块.工作线程消息协议.ixx:409;任务模块.筹办.ixx:1322;任务模块.管理工作线程.ixx:901;任务模块.管理界面线程.impl.cpp:4513;自我线程模块.消息协议.ixx:1456
yes	执行方法_同步等待	执行方法_同步等待	任务模块.执行.ixx:1058	6	同步线程、任务、场景或对象之间的状态。		任务模块.执行.ixx:1058;任务模块.执行.ixx:1064;任务模块.执行.ixx:1074;任务模块.执行.ixx:1081;任务模块.执行.ixx:1091;任务模块.执行.ixx:1567
yes	执行方法_同步等待	执行方法_同步等待	任务模块.执行.ixx:1074	6	同步线程、任务、场景或对象之间的状态。		任务模块.执行.ixx:1058;任务模块.执行.ixx:1064;任务模块.执行.ixx:1074;任务模块.执行.ixx:1081;任务模块.执行.ixx:1091;任务模块.执行.ixx:1567
yes	执行方法_同步等待	执行方法_同步等待	任务模块.执行.ixx:1091	6	同步线程、任务、场景或对象之间的状态。		任务模块.执行.ixx:1058;任务模块.执行.ixx:1064;任务模块.执行.ixx:1074;任务模块.执行.ixx:1081;任务模块.执行.ixx:1091;任务模块.执行.ixx:1567
yes	私有_方法动作数量特征类型_执行桥_最小_v0	私有_方法动作数量特征类型_执行桥_最小_v0	任务模块.执行.ixx:311	6	执行任务、方法或动作的主体逻辑。		任务模块.执行.ixx:311;任务模块.执行.ixx:879;任务模块.筹办.ixx:2570;任务模块.筹办.ixx:5150;任务模块.管理工作线程.ixx:1258;任务模块.管理工作线程.ixx:1749
yes	私有_方法动作状态特征类型_执行桥_最小_v0	私有_方法动作状态特征类型_执行桥_最小_v0	任务模块.执行.ixx:318	6	执行任务、方法或动作的主体逻辑。		任务模块.执行.ixx:318;任务模块.执行.ixx:464;任务模块.筹办.ixx:2539;任务模块.筹办.ixx:2569;任务模块.管理工作线程.ixx:1253;任务模块.管理工作线程.ixx:1746
yes	私有_方法条件节点数量_执行桥_最小_v0	私有_方法条件节点数量_执行桥_最小_v0	任务模块.执行.ixx:581	6	执行任务、方法或动作的主体逻辑。		任务模块.执行.ixx:354;任务模块.执行.ixx:429;任务模块.执行.ixx:511;任务模块.执行.ixx:581;任务模块.执行.ixx:920;任务模块.执行.ixx:1182
yes	私有_方法动作数量_执行桥_最小_v0	私有_方法动作数量_执行桥_最小_v0	任务模块.执行.ixx:587	6	执行任务、方法或动作的主体逻辑。		任务模块.执行.ixx:352;任务模块.执行.ixx:427;任务模块.执行.ixx:505;任务模块.执行.ixx:587;任务模块.执行.ixx:880;任务模块.执行.ixx:1147
yes	私有_方法结果节点数量_执行桥_最小_v0	私有_方法结果节点数量_执行桥_最小_v0	任务模块.执行.ixx:612	6	执行任务、方法或动作的主体逻辑。		任务模块.执行.ixx:355;任务模块.执行.ixx:430;任务模块.执行.ixx:514;任务模块.执行.ixx:612;任务模块.执行.ixx:940;任务模块.执行.ixx:1200
yes	私有_方法可执行入口数量_执行桥_最小_v0	私有_方法可执行入口数量_执行桥_最小_v0	任务模块.执行.ixx:618	6	执行任务、方法或动作的主体逻辑。		任务模块.执行.ixx:353;任务模块.执行.ixx:428;任务模块.执行.ixx:508;任务模块.执行.ixx:618;任务模块.执行.ixx:900;任务模块.执行.ixx:1164
yes	同步执行桥语义槽	同步执行桥语义槽	任务模块.执行.ixx:66	6	同步线程、任务、场景或对象之间的状态。		任务模块.执行.ixx:66;任务模块.执行.ixx:74;任务模块.执行.ixx:76;任务模块.执行.ixx:1486;任务模块.执行.ixx:1524;任务模块.管理工作线程.ixx:2873
yes	同步执行桥语义槽	同步执行桥语义槽	任务模块.执行.ixx:74	6	同步线程、任务、场景或对象之间的状态。		任务模块.执行.ixx:66;任务模块.执行.ixx:74;任务模块.执行.ixx:76;任务模块.执行.ixx:1486;任务模块.执行.ixx:1524;任务模块.管理工作线程.ixx:2873
yes	方法本能ID	方法本能ID	任务模块.筹办.ixx:2241	6	按函数名执行对应处理。		任务模块.筹办.ixx:2241;任务模块.筹办.ixx:2280;任务模块.筹办.ixx:2366;任务模块.筹办.ixx:2375;方法类.cpp:1966;方法类.h:153
yes	方法是本能方法	方法是本能方法	任务模块.筹办.ixx:2278	6	按函数名执行对应处理。		任务模块.筹办.ixx:2278;任务模块.筹办.ixx:2286;任务模块.筹办.ixx:2298;任务模块.筹办.ixx:2933;任务模块.筹办.ixx:4347;任务模块.筹办.ixx:4828
yes	方法是学习补齐本能方法	方法是学习补齐本能方法	任务模块.筹办.ixx:2364	6	补齐条件、参数、证据或方法能力缺口。		任务模块.筹办.ixx:2364;任务模块.筹办.ixx:2399;任务模块.筹办.ixx:2927;任务模块.筹办.ixx:5064;任务模块.筹办.ixx:5397;任务模块.筹办.ixx:5702
yes	特征已有真实值_筹办	特征已有真实值_筹办	任务模块.筹办.ixx:3908	6	推进任务筹办，形成候选、缺口或就绪回执。		任务模块.筹办.ixx:3908;任务模块.筹办.ixx:3941;任务模块.筹办.ixx:4500;任务模块.筹办.ixx:4518;任务模块.筹办.ixx:4532;任务模块.筹办.ixx:4611
yes	写入基础节点引用	写入基础节点引用	任务模块.筹办.ixx:397	6	把处理结果写入指定对象、场景或日志。		任务模块.筹办.ixx:397;任务模块.筹办.ixx:5262;任务模块.筹办.ixx:5268;任务模块.筹办.ixx:5276;任务模块.筹办.ixx:5328;任务模块.筹办.ixx:5333
yes	输入包写入I64_若缺失_筹办	输入包写入I64_若缺失_筹办	任务模块.筹办.ixx:4172	6	把处理结果写入指定对象、场景或日志。		任务模块.筹办.ixx:4172;任务模块.筹办.ixx:4216;任务模块.筹办.ixx:4261;任务模块.筹办.ixx:4384;任务模块.筹办.ixx:4401;任务模块.筹办.ixx:4697
yes	私有_执行输出失败原因词	私有_执行输出失败原因词	任务模块.管理工作线程.ixx:1544	6	执行任务、方法或动作的主体逻辑。		任务模块.管理工作线程.ixx:1544;任务模块.管理工作线程.ixx:1604;任务模块.管理工作线程.ixx:2062;任务模块.管理工作线程.ixx:2099;任务模块.管理工作线程.ixx:2331;任务模块.管理工作线程.ixx:3082
yes	私有_生成VX0动作验证报告摘要_工作线程	私有_生成VX0动作验证报告摘要_工作线程	任务模块.管理工作线程.ixx:1836	6	根据当前输入生成目标数据、场景、动态或回执。		任务模块.管理工作线程.ixx:1836;任务模块.管理工作线程.ixx:2004;任务模块.管理工作线程.ixx:2179;任务模块.管理工作线程.ixx:2200;任务模块.管理工作线程.ixx:2235;任务模块.管理工作线程.ixx:2267
yes	私有_任务推进回执目标成功	私有_任务推进回执目标成功	任务模块.管理工作线程.ixx:501	6	服务所在模块的内部辅助流程。		任务模块.管理工作线程.ixx:501;任务模块.管理工作线程.ixx:542;任务模块.管理工作线程.ixx:2686;任务模块.管理工作线程.ixx:3101;任务模块.管理工作线程.ixx:3174;任务模块.管理工作线程.ixx:3193
yes	私有_方法自我能力值	私有_方法自我能力值	任务模块.管理工作线程.ixx:616	6	服务所在模块的内部辅助流程。		任务模块.管理工作线程.ixx:516;任务模块.管理工作线程.ixx:616;任务模块.管理界面线程.impl.cpp:985;任务模块.管理界面线程.impl.cpp:4534;任务模块.管理界面线程.impl.cpp:5161;任务模块.管理界面线程.impl.cpp:5269
yes	私有_停止任务管理工作线程池	私有_停止任务管理工作线程池	任务模块.管理界面线程.impl.cpp:6508	6	停止线程、模块或运行流程。		任务模块.管理界面线程.impl.cpp:6508;任务模块.管理界面线程.impl.cpp:7723;任务模块.管理界面线程.impl.cpp:7999;任务模块.管理界面线程.impl.cpp:8020;任务模块.管理界面线程.impl.cpp:8080;任务模块.管理界面线程.impl.cpp:8113
yes	任务类::同步任务运行镜像特征	同步任务运行镜像特征	任务类.cpp:1570	6	同步线程、任务、场景或对象之间的状态。		任务模块.管理界面线程.impl.cpp:1747;任务模块.管理界面线程.impl.cpp:5704;任务模块.管理界面线程.impl.cpp:8948;任务模块.管理界面线程.impl.cpp:9297;任务模块.管理界面线程.impl.cpp:9335;任务类.cpp:1570
yes	任务类::解析任务对应需求	解析任务对应需求	任务类.cpp:1702	6	解析输入文本、消息、场景或运行包。		任务模块.管理工作线程.ixx:372;任务模块.管理工作线程.ixx:675;任务类.cpp:1702;自我动作实现.服务模块.ixx:1268;自我动作实现模块.ixx:10463;鱼巢.cpp:1972
yes	私有_解析存在引用	私有_解析存在引用	任务类.cpp:214	6	解析输入文本、消息、场景或运行包。		任务模块.管理界面线程.impl.cpp:1256;任务类.cpp:214;任务类.cpp:1721;需求类.cpp:871;需求类.cpp:1550;需求类.cpp:1559
yes	任务类::读取任务选中自我能力值	读取任务选中自我能力值	任务类.cpp:2181	6	从指定来源读取数据或状态。		任务模块.执行.ixx:217;任务模块.执行.ixx:1100;任务模块.执行.ixx:1426;任务模块.筹办.ixx:4596;任务模块.管理工作线程.ixx:2928;任务类.cpp:2181
yes	任务类::读取任务角色	读取任务角色	任务类.cpp:2206	6	从指定来源读取数据或状态。		任务模块.管理工作线程.ixx:2935;任务模块.管理工作线程.ixx:2936;任务模块.管理界面线程.impl.cpp:2014;任务类.cpp:132;任务类.cpp:2206;自我线程模块.impl.cpp:7566
yes	任务类::写入任务基准优先级	写入任务基准优先级	任务类.cpp:2300	6	把处理结果写入指定对象、场景或日志。		任务模块.管理界面线程.impl.cpp:2028;任务模块.管理界面线程.impl.cpp:8348;任务类.cpp:2300;任务类.cpp:2555;自我类.cpp:2286;自我类.cpp:2304
yes	任务类::写入任务调度优先级	写入任务调度优先级	任务类.cpp:2324	6	把处理结果写入指定对象、场景或日志。		任务模块.管理界面线程.impl.cpp:2029;任务模块.管理界面线程.impl.cpp:8349;任务类.cpp:2324;任务类.cpp:2556;自我类.cpp:2287;自我类.cpp:2307
yes	任务类::读取任务承接安全权重上限	读取任务承接安全权重上限	任务类.cpp:2330	6	从指定来源读取数据或状态。		任务模块.筹办.ixx:2356;任务模块.筹办.ixx:5852;任务类.cpp:2330;自我线程模块.impl.cpp:2230;自我线程模块.impl.cpp:4768;自我线程模块.impl.cpp:7592
yes	任务类::读取任务承接服务权重上限	读取任务承接服务权重上限	任务类.cpp:2342	6	从指定来源读取数据或状态。		任务模块.筹办.ixx:2357;任务模块.筹办.ixx:5853;任务类.cpp:2342;自我线程模块.impl.cpp:2236;自我线程模块.impl.cpp:4770;自我线程模块.impl.cpp:7593
yes	区间端点最大差I64	区间端点最大差I64	全局共享函数类.ixx:106	6	返回两个 I64 闭区间对应端点绝对差中的较大值。		全局共享函数类.ixx:106;外设线程_D455深度相机.ixx:929;外设线程_D455深度相机.ixx:934;外设线程_D455深度相机.ixx:939;外设线程_D455深度相机.ixx:944;外设线程_D455深度相机.ixx:949
yes	区间跨度容差I64	区间跨度容差I64	全局共享函数类.ixx:118	6	按两个 I64 闭区间跨度的一半计算容差，并受最小容差保护。		全局共享函数类.ixx:118;外设线程_D455深度相机.ixx:966;外设线程_D455深度相机.ixx:974;外设线程_D455深度相机.ixx:982;外设线程_D455深度相机.ixx:990;外设线程_D455深度相机.ixx:998
yes	混合U64版本	混合U64版本	全局共享函数类.ixx:735	6	把一个 U64 值混入累计版本号，混合结果为 0 时返回 1。		全局共享函数类.ixx:735;控制面板摘要线程模块.impl.cpp:189;控制面板摘要线程模块.impl.cpp:190;控制面板摘要线程模块.impl.cpp:191;控制面板摘要线程模块.impl.cpp:193;控制面板摘要线程模块.impl.cpp:195
yes	闭区间重叠I64	闭区间重叠I64	全局共享函数类.ixx:89	6	判断两个 I64 闭区间是否重叠，并可输出闭区间重叠长度。		全局共享函数类.ixx:89;外设线程_D455深度相机.ixx:1936;外设线程_D455深度相机.ixx:1942;外设线程_D455深度相机.ixx:1966;外设线程_D455深度相机.ixx:1972;外设线程_D455深度相机.ixx:1978
yes	动态类::推导动态类型	推导动态类型	动态类.cpp:488	6	按动态结构字段推导动态类别入口。		二次特征应用模块.ixx:2141;二次特征应用模块.ixx:2142;动态类.cpp:488;控制面板类.cpp:4809;方法虚拟存在服务类.cpp:404;自我线程模块.impl.cpp:13013
yes	帧像素有有效空间点	帧像素有有效空间点	双目相机本能适配器.cpp:114	6	按函数名执行对应处理。		双目相机本能适配器.cpp:114;双目相机本能适配器.cpp:685;双目相机本能适配器.cpp:811;双目相机本能适配器.cpp:830;双目相机本能适配器.cpp:841;双目相机本能适配器.cpp:1010
yes	释放	释放	双目相机本能适配器.cpp:1273	6	按函数名执行对应处理。		双目相机本能适配器.cpp:1273;双目相机本能适配器.h:204;外设线程_D455深度相机.ixx:3070;自我动作实现.外设模块.ixx:11686;鱼巢.cpp:458;鱼巢.cpp:481
yes	帧像素深度有效	帧像素深度有效	双目相机本能适配器.cpp:149	6	按函数名执行对应处理。		双目相机本能适配器.cpp:149;双目相机本能适配器.cpp:456;双目相机本能适配器.cpp:464;双目相机本能适配器.cpp:705;双目相机本能适配器.cpp:1003;双目相机本能适配器.cpp:1031
yes	私有_特征节点命中目标	私有_特征节点命中目标	因果类.cpp:441	6	判断两个特征节点是否指向同一特征。		因果类.cpp:441;因果类.cpp:457;因果类.cpp:498;因果类.cpp:582;因果类.cpp:588;因果类.cpp:1681
yes	外设分割处理模式文本	外设分割处理模式文本	外设观察报告队列.ixx:1851	6	按函数名执行对应处理。		外设线程_D455深度相机.ixx:2600;外设线程_D455深度相机.ixx:2629;外设观察报告队列.ixx:725;外设观察报告队列.ixx:1851;外设观察报告队列.ixx:3406;外设观察报告队列.ixx:3789
yes	外设材料能力等级文本	外设材料能力等级文本	外设观察报告队列.ixx:1906	6	按函数名执行对应处理。		外设线程_D455深度相机.ixx:2577;外设观察报告队列.ixx:749;外设观察报告队列.ixx:1906;外设观察报告队列.ixx:2239;外设观察报告队列.ixx:3441;外设观察报告队列.ixx:3557
yes	外设坐标对齐状态文本	外设坐标对齐状态文本	外设观察报告队列.ixx:1919	6	按函数名执行对应处理。		外设观察报告队列.ixx:750;外设观察报告队列.ixx:1919;外设观察报告队列.ixx:3436;外设观察报告队列.ixx:3437;外设观察报告队列.ixx:3438;外设观察报告队列.ixx:3439
yes	外设坐标系一致性状态文本	外设坐标系一致性状态文本	外设观察报告队列.ixx:1932	6	按函数名执行对应处理。		外设线程_D455深度相机.ixx:2573;外设观察报告队列.ixx:751;外设观察报告队列.ixx:1932;外设观察报告队列.ixx:2240;外设观察报告队列.ixx:3435;外设观察报告队列.ixx:3556
yes	目标观察约束可用性文本	目标观察约束可用性文本	外设观察报告队列.ixx:1956	6	按函数名执行对应处理。		外设观察报告队列.ixx:756;外设观察报告队列.ixx:1956;外设观察报告队列.ixx:3184;自我动作实现.外设模块.ixx:21113;自我动作实现.外设模块.ixx:21184;自我动作实现.外设模块.ixx:23737
yes	构造外设提交包头_由观察报告	构造外设提交包头_由观察报告	外设观察报告队列.ixx:2269	6	提交事实、动态、任务状态或运行回执。		外设观察报告队列.ixx:730;外设观察报告队列.ixx:2269;外设观察报告队列.ixx:2307;外设观察报告队列.ixx:2368;外设观察报告队列.ixx:2484;外设观察报告队列.ixx:3501
yes	读取目标观察约束_按等待项	读取目标观察约束_按等待项	外设观察报告队列.ixx:3022	6	从指定来源读取数据或状态。		外设线程_D455深度相机.ixx:2034;外设线程_D455深度相机.ixx:2049;外设线程_D455深度相机.ixx:2145;外设线程_D455深度相机.ixx:2256;外设观察报告队列.ixx:758;外设观察报告队列.ixx:3022
yes	私有_节点在范围内	私有_节点在范围内	存在类.cpp:210	6	服务所在模块的内部辅助流程。		基础信息类.cpp:247;基础信息类.cpp:413;基础信息类.h:90;存在类.cpp:210;存在类.cpp:306;存在类.cpp:701
yes	私有_任务头绑定需求	私有_任务头绑定需求	控制面板摘要线程模块.impl.cpp:154	6	建立对象、任务、方法或因果之间的绑定关系。		控制面板摘要线程模块.impl.cpp:154;控制面板摘要线程模块.impl.cpp:170;控制面板类.cpp:347;控制面板类.cpp:363;鱼巢.cpp:658;鱼巢.cpp:674
yes	私有_世界类型文本	私有_世界类型文本	控制面板类.cpp:1081	6	服务所在模块的内部辅助流程。		控制面板类.cpp:1081;控制面板类.cpp:4707;语言类_二次特征表达.cpp:22;语言类_二次特征表达.cpp:281;语言类_基础信息命名.cpp:26;语言类_基础信息命名.cpp:108
yes	私有_需求显示名_控制面板	私有_需求显示名_控制面板	控制面板类.cpp:3153	6	服务所在模块的内部辅助流程。		控制面板类.cpp:69;控制面板类.cpp:2832;控制面板类.cpp:3153;控制面板类.cpp:3886;控制面板类.cpp:3977;控制面板类.cpp:4433
yes	私有_任务头绑定需求	私有_任务头绑定需求	控制面板类.cpp:347	6	建立对象、任务、方法或因果之间的绑定关系。		控制面板摘要线程模块.impl.cpp:154;控制面板摘要线程模块.impl.cpp:170;控制面板类.cpp:347;控制面板类.cpp:363;鱼巢.cpp:658;鱼巢.cpp:674
yes	私有_构建需求主信息详情	私有_构建需求主信息详情	控制面板类.cpp:4418	6	构建运行所需的数据结构或中间结果。		控制面板类.cpp:335;控制面板类.cpp:4162;控制面板类.cpp:4418;控制面板类.cpp:10621;控制面板类.cpp:10790;控制面板类.cpp:10827
yes	私有_构建需求树节点	私有_构建需求树节点	控制面板类.cpp:5222	6	构建运行所需的数据结构或中间结果。		控制面板类.cpp:307;控制面板类.cpp:4657;控制面板类.cpp:5222;控制面板类.cpp:5337;控制面板类.cpp:5503;控制面板类.cpp:10565
yes	私有_线程运行阶段文本	私有_线程运行阶段文本	控制面板类.cpp:671	6	执行对应模块、线程或方法的运行逻辑。		控制面板类.cpp:671;控制面板类.cpp:9630;自我线程模块.impl.cpp:12659;鱼巢.cpp:513;鱼巢.cpp:802;鱼巢.cpp:1675
yes	私有_关闭ADO连接	私有_关闭ADO连接	数据库ADO模块.cpp:194	6	关闭 ADO 连接并吞掉关闭异常。		数据库ADO模块.cpp:194;数据库ADO模块.cpp:654;数据库ADO模块.cpp:674;数据库ADO模块.cpp:679;数据库ADO模块.cpp:780;数据库ADO模块.cpp:785
yes	执行ADO查询	执行ADO查询	数据库ADO模块.cpp:626	6	通过 ADO 执行 SQL 查询并返回文本化结果集。		控制面板类.cpp:6550;数据库ADO模块.cpp:325;数据库ADO模块.cpp:626;数据库ADO模块.cpp:696;数据库ADO模块.cpp:810;数据库ADO模块.ixx:53
yes	私有_取首个条件子节点	私有_取首个条件子节点	方法类.cpp:209	6	服务所在模块的内部辅助流程。		方法类.cpp:209;方法类.cpp:241;方法类.cpp:256;方法类.cpp:2657;方法类.cpp:2784;方法类.cpp:2796
yes	私有_追加首节点结果项	私有_追加首节点结果项	方法类.cpp:454	6	服务所在模块的内部辅助流程。		方法类.cpp:454;方法类.cpp:1834;方法类.cpp:2327;方法类.cpp:2350;方法类.cpp:2433;方法类.cpp:2448
yes	私有_写入指针特征	私有_写入指针特征	方法虚拟存在服务类.cpp:247	6	把处理结果写入指定对象、场景或日志。		方法虚拟存在服务类.cpp:247;方法虚拟存在服务类.cpp:652;方法虚拟存在服务类.cpp:658;方法虚拟存在服务类.cpp:664;方法虚拟存在服务类.cpp:667;方法虚拟存在服务类.cpp:670
yes	配置	配置	日志模块.ixx:286	6	按函数名执行对应处理。		日志模块.ixx:286;日志模块.ixx:461;日志模块.ixx:462;日志模块.ixx:463;自我线程模块.ixx:531;自我线程模块.ixx:532
yes	项目致命日志	项目致命日志	日志模块.ixx:699	6	按函数名执行对应处理。		日志接入.h:24;日志模块.ixx:157;日志模块.ixx:699;自检线程模块.impl.cpp:1668;鱼巢.cpp:1613;鱼巢.cpp:2342
yes	本能动作执行成功词	本能动作执行成功词	本能动作管理类.ixx:122	6	执行任务、方法或动作的主体逻辑。		本能动作管理类.ixx:122;本能动作管理类.ixx:322;本能动作管理类.ixx:529;本能动作管理类.ixx:561;自我动作实现.外设模块.ixx:1320;自我动作实现模块.ixx:844
yes	本能动作无执行缺口词	本能动作无执行缺口词	本能动作管理类.ixx:128	6	执行任务、方法或动作的主体逻辑。		本能动作管理类.ixx:128;本能动作管理类.ixx:192;本能动作管理类.ixx:210;本能动作管理类.ixx:335;本能动作管理类.ixx:385;自我动作实现模块.ixx:5890
yes	本能动作承接_异常处理词	本能动作承接_异常处理词	本能动作管理类.ixx:182	6	按函数名执行对应处理。		任务模块.执行.ixx:1447;本能动作管理类.ixx:182;本能动作管理类.ixx:230;自我动作实现.外设模块.ixx:8397;自我动作实现模块.ixx:4229;自我动作实现模块.ixx:5896
yes	本能动作方法执行情况特征词	本能动作方法执行情况特征词	本能动作管理类.ixx:74	6	执行任务、方法或动作的主体逻辑。		本能动作管理类.ixx:74;本能动作管理类.ixx:326;本能动作管理类.ixx:453;本能动作管理类.ixx:559;自我动作实现.外设模块.ixx:1307;自我动作实现模块.ixx:831
yes	私有_抽象特征名词	私有_抽象特征名词	特征类.cpp:231	6	服务所在模块的内部辅助流程。		特征类.cpp:231;特征类.cpp:733;特征类.cpp:765;特征类.cpp:813;特征类.cpp:885;特征类.cpp:1899
yes	私有_抽象区间符合	私有_抽象区间符合	特征类.cpp:349	6	服务所在模块的内部辅助流程。		特征类.cpp:349;特征类.cpp:749;特征类.cpp:806;特征类.cpp:1906;特征类.cpp:1943;特征类.cpp:1986
yes	特征类::读取特征语义类型_直接	读取特征语义类型_直接	特征类.cpp:536	6	读取特征语义类型，不创建或修改节点。		特征类.cpp:536;需求类.cpp:991;需求类.cpp:998;需求类.cpp:2655;需求类.h:790;需求类.h:1086
yes	计算空间候选独立性判断	计算空间候选独立性判断	自我动作实现.外设模块.ixx:10102	6	判断条件、状态或业务结果是否成立。		自我动作实现.外设模块.ixx:10102;自我动作实现.外设模块.ixx:26349;自我动作实现.外设模块.ixx:26426;自我动作实现.外设模块.ixx:26504;自我动作实现.外设模块.ixx:26586;自我动作实现.外设模块.ixx:26670
yes	特征_运行次数	特征_运行次数	自我动作实现.外设模块.ixx:1130	6	执行对应模块、线程或方法的运行逻辑。		自我动作实现.外设模块.ixx:1130;自我动作实现.外设模块.ixx:8951;自我动作实现.外设模块.ixx:8978;自我动作实现模块.ixx:647;自我动作实现模块.ixx:4092;自我动作实现模块.ixx:4119
yes	特征_最近样本时间	特征_最近样本时间	自我动作实现.外设模块.ixx:1144	6	按函数名执行对应处理。		自我动作实现.外设模块.ixx:1144;自我动作实现模块.ixx:661;自我动作实现模块.ixx:3711;自我动作实现模块.ixx:3715;自我动作实现模块.ixx:3803;自我动作实现模块.ixx:3808
yes	特征_结果符合次数	特征_结果符合次数	自我动作实现.外设模块.ixx:1151	6	按函数名执行对应处理。		自我动作实现.外设模块.ixx:1151;自我动作实现模块.ixx:668;自我动作实现模块.ixx:3704;自我动作实现模块.ixx:3797;自我动作实现模块.ixx:9443;自我动作实现模块.ixx:10019
yes	特征_结果不符合次数	特征_结果不符合次数	自我动作实现.外设模块.ixx:1158	6	按函数名执行对应处理。		自我动作实现.外设模块.ixx:1158;自我动作实现模块.ixx:675;自我动作实现模块.ixx:3706;自我动作实现模块.ixx:3799;自我动作实现模块.ixx:9444;自我动作实现模块.ixx:10020
yes	特征_动作执行成功次数	特征_动作执行成功次数	自我动作实现.外设模块.ixx:1165	6	执行任务、方法或动作的主体逻辑。		自我动作实现.外设模块.ixx:1165;自我动作实现.外设模块.ixx:8952;自我动作实现.外设模块.ixx:8979;自我动作实现模块.ixx:689;自我动作实现模块.ixx:4093;自我动作实现模块.ixx:4120
yes	特征_动作执行失败次数	特征_动作执行失败次数	自我动作实现.外设模块.ixx:1172	6	执行任务、方法或动作的主体逻辑。		自我动作实现.外设模块.ixx:1172;自我动作实现.外设模块.ixx:8953;自我动作实现.外设模块.ixx:8980;自我动作实现模块.ixx:696;自我动作实现模块.ixx:4094;自我动作实现模块.ixx:4121
yes	特征_累计运行时长	特征_累计运行时长	自我动作实现.外设模块.ixx:1200	6	执行对应模块、线程或方法的运行逻辑。		自我动作实现.外设模块.ixx:1200;自我动作实现.外设模块.ixx:8957;自我动作实现.外设模块.ixx:8984;自我动作实现模块.ixx:724;自我动作实现模块.ixx:4098;自我动作实现模块.ixx:4125
yes	特征_最近运行虚拟存在	特征_最近运行虚拟存在	自我动作实现.外设模块.ixx:1214	6	执行对应模块、线程或方法的运行逻辑。		自我动作实现.外设模块.ixx:1214;自我动作实现.外设模块.ixx:8997;自我动作实现模块.ixx:738;自我动作实现模块.ixx:4138;自我动作实现模块.ixx:5789;自我动作实现模块.ixx:10036
yes	特征_方法执行情况	特征_方法执行情况	自我动作实现.外设模块.ixx:1305	6	执行任务、方法或动作的主体逻辑。		自我动作实现.外设模块.ixx:1305;自我动作实现.外设模块.ixx:8380;自我动作实现模块.ixx:829;自我动作实现模块.ixx:3259;自我动作实现模块.ixx:7238;自我动作实现模块.ixx:8025
yes	尝试追加安全因果候选_正式I64特征	尝试追加安全因果候选_正式I64特征	自我动作实现.外设模块.ixx:13592	6	按函数名执行对应处理。		自我动作实现.外设模块.ixx:13592;自我动作实现.外设模块.ixx:13626;自我动作实现.外设模块.ixx:13632;自我动作实现.外设模块.ixx:13638;自我动作实现.外设模块.ixx:13644;自我动作实现.外设模块.ixx:13650
yes	确认双目相机检查运行状态规格	确认双目相机检查运行状态规格	自我动作实现.外设模块.ixx:15237	6	检查状态、条件、缺口或运行约束。		自我动作实现.外设模块.ixx:15237;自我动作实现.外部模块.ixx:26;自我动作实现.外部模块.ixx:31;自我动作实现模块.ixx:7357;自我动作实现模块.ixx:7362;自我动作实现模块.ixx:8311
yes	确认双目相机刷新当前观察场景规格	确认双目相机刷新当前观察场景规格	自我动作实现.外设模块.ixx:15265	6	确认候选事实、存在、状态或运行结果。		自我动作实现.外设模块.ixx:15265;自我动作实现.外部模块.ixx:35;自我动作实现.外部模块.ixx:40;自我动作实现模块.ixx:7366;自我动作实现模块.ixx:7371;自我动作实现模块.ixx:8313
yes	确认双目相机建立当前帧像素特征索引规格	确认双目相机建立当前帧像素特征索引规格	自我动作实现.外设模块.ixx:15433	6	确认候选事实、存在、状态或运行结果。		自我动作实现.外设模块.ixx:15433;自我动作实现.外部模块.ixx:71;自我动作实现.外部模块.ixx:76;自我动作实现模块.ixx:7402;自我动作实现模块.ixx:7407;自我动作实现模块.ixx:8319
yes	确认自我建立观察帧到自我场景接口规格	确认自我建立观察帧到自我场景接口规格	自我动作实现.外设模块.ixx:15491	6	确认候选事实、存在、状态或运行结果。		自我动作实现.外设模块.ixx:15491;自我动作实现.外部模块.ixx:89;自我动作实现.外部模块.ixx:94;自我动作实现模块.ixx:7420;自我动作实现模块.ixx:7425;自我动作实现模块.ixx:8177
yes	确认自我判断基础观察事实可用性规格	确认自我判断基础观察事实可用性规格	自我动作实现.外设模块.ixx:15599	6	判断条件、状态或业务结果是否成立。		自我动作实现.外设模块.ixx:15599;自我动作实现.外部模块.ixx:143;自我动作实现.外部模块.ixx:148;自我动作实现模块.ixx:7474;自我动作实现模块.ixx:7479;自我动作实现模块.ixx:8189
yes	确认安全评估当前场景安全性规格	确认安全评估当前场景安全性规格	自我动作实现.外设模块.ixx:15630	6	评估状态、风险、质量、权重或完成度。		自我动作实现.外设模块.ixx:15630;自我动作实现.外部模块.ixx:152;自我动作实现.外部模块.ixx:157;自我动作实现模块.ixx:7489;自我动作实现模块.ixx:7494;自我动作实现模块.ixx:8191
yes	确认提交风险安全场景影响部分状态变化规格	确认提交风险安全场景影响部分状态变化规格	自我动作实现.外设模块.ixx:15709	6	提交事实、动态、任务状态或运行回执。		自我动作实现.外设模块.ixx:15709;自我动作实现.外部模块.ixx:305;自我动作实现.外部模块.ixx:310;自我动作实现模块.ixx:7729;自我动作实现模块.ixx:7734;自我动作实现模块.ixx:8231
yes	确认安全搜索安全因果因素证据规格	确认安全搜索安全因果因素证据规格	自我动作实现.外设模块.ixx:15735	6	在候选范围内搜索目标对象或路径。		自我动作实现.外设模块.ixx:15735;自我动作实现.外部模块.ixx:521;自我动作实现.外部模块.ixx:526;自我动作实现模块.ixx:7738;自我动作实现模块.ixx:7743;自我动作实现模块.ixx:8233
yes	确认提交安全因果因素无负证据默认满足规格	确认提交安全因果因素无负证据默认满足规格	自我动作实现.外设模块.ixx:15795	6	提交事实、动态、任务状态或运行回执。		自我动作实现.外设模块.ixx:15795;自我动作实现.外部模块.ixx:530;自我动作实现.外部模块.ixx:535;自我动作实现模块.ixx:7751;自我动作实现模块.ixx:7756;自我动作实现模块.ixx:8235
yes	确认提交安全因果因素证据评估值规格	确认提交安全因果因素证据评估值规格	自我动作实现.外设模块.ixx:15818	6	提交事实、动态、任务状态或运行回执。		自我动作实现.外设模块.ixx:15818;自我动作实现.外部模块.ixx:539;自我动作实现.外部模块.ixx:544;自我动作实现模块.ixx:7760;自我动作实现模块.ixx:7765;自我动作实现模块.ixx:8237
yes	确认自我读取自我关键特征变化规格	确认自我读取自我关键特征变化规格	自我动作实现.外设模块.ixx:15841	6	从指定来源读取数据或状态。		自我动作实现.外设模块.ixx:15841;自我动作实现.外部模块.ixx:161;自我动作实现.外部模块.ixx:166;自我动作实现模块.ixx:7502;自我动作实现模块.ixx:7507;自我动作实现模块.ixx:8193
yes	确认自我建立最小自我边界参照规格	确认自我建立最小自我边界参照规格	自我动作实现.外设模块.ixx:15868	6	确认候选事实、存在、状态或运行结果。		自我动作实现.外设模块.ixx:15868;自我动作实现.外部模块.ixx:323;自我动作实现.外部模块.ixx:328;自我动作实现模块.ixx:7515;自我动作实现模块.ixx:7520;自我动作实现模块.ixx:8195
yes	确认自我生成存在自我相对安全特征规格	确认自我生成存在自我相对安全特征规格	自我动作实现.外设模块.ixx:15908	6	根据当前输入生成目标数据、场景、动态或回执。		自我动作实现.外设模块.ixx:15908;自我动作实现.外部模块.ixx:332;自我动作实现.外部模块.ixx:337;自我动作实现模块.ixx:7528;自我动作实现模块.ixx:7533;自我动作实现模块.ixx:8197
yes	确认安全构造场景影响因果候选规格	确认安全构造场景影响因果候选规格	自我动作实现.外设模块.ixx:15940	6	确认候选事实、存在、状态或运行结果。		自我动作实现.外设模块.ixx:15940;自我动作实现.外部模块.ixx:170;自我动作实现.外部模块.ixx:175;自我动作实现模块.ixx:7541;自我动作实现模块.ixx:7546;自我动作实现模块.ixx:8199
yes	确认自我明确当前场景持续观察需求规格	确认自我明确当前场景持续观察需求规格	自我动作实现.外设模块.ixx:15971	6	确认候选事实、存在、状态或运行结果。		自我动作实现.外设模块.ixx:15971;自我动作实现.外部模块.ixx:179;自我动作实现.外部模块.ixx:184;自我动作实现模块.ixx:7554;自我动作实现模块.ixx:7559;自我动作实现模块.ixx:8201
yes	确认安全持续观察当前场景规格	确认安全持续观察当前场景规格	自我动作实现.外设模块.ixx:15996	6	确认候选事实、存在、状态或运行结果。		自我动作实现.外设模块.ixx:15996;自我动作实现.外部模块.ixx:188;自我动作实现.外部模块.ixx:193;自我动作实现模块.ixx:7567;自我动作实现模块.ixx:7572;自我动作实现模块.ixx:8203
yes	确认自我明确负向影响处置需求规格	确认自我明确负向影响处置需求规格	自我动作实现.外设模块.ixx:16023	6	确认候选事实、存在、状态或运行结果。		自我动作实现.外设模块.ixx:16023;自我动作实现.外部模块.ixx:197;自我动作实现.外部模块.ixx:202;自我动作实现模块.ixx:7580;自我动作实现模块.ixx:7585;自我动作实现模块.ixx:8205
yes	确认安全执行降级保护规格	确认安全执行降级保护规格	自我动作实现.外设模块.ixx:16049	6	执行任务、方法或动作的主体逻辑。		自我动作实现.外设模块.ixx:16049;自我动作实现.外部模块.ixx:206;自我动作实现.外部模块.ixx:211;自我动作实现模块.ixx:7593;自我动作实现模块.ixx:7598;自我动作实现模块.ixx:8207
yes	确认自我提交目标观察约束特征组规格	确认自我提交目标观察约束特征组规格	自我动作实现.外设模块.ixx:16075	6	提交事实、动态、任务状态或运行回执。		自我动作实现.外设模块.ixx:16075;自我动作实现.外部模块.ixx:242;自我动作实现.外部模块.ixx:247;自我动作实现模块.ixx:7658;自我动作实现模块.ixx:7663;自我动作实现模块.ixx:8217
yes	确认自我识别外设观察材料规格	确认自我识别外设观察材料规格	自我动作实现.外设模块.ixx:16111	6	执行识别相关匹配、确认或结果输出逻辑。		自我动作实现.外设模块.ixx:16111;自我动作实现.外部模块.ixx:224;自我动作实现.外部模块.ixx:229;自我动作实现模块.ixx:7619;自我动作实现模块.ixx:7624;自我动作实现模块.ixx:8211
yes	确认自我跟踪指定存在规格	确认自我跟踪指定存在规格	自我动作实现.外设模块.ixx:16221	6	执行跟踪相关定位、匹配或结果输出逻辑。		自我动作实现.外设模块.ixx:16221;自我动作实现.外部模块.ixx:233;自我动作实现.外部模块.ixx:238;自我动作实现模块.ixx:7645;自我动作实现模块.ixx:7650;自我动作实现模块.ixx:8215
yes	确认提交当前观察范围可观测单位存在对应事实规格	确认提交当前观察范围可观测单位存在对应事实规格	自我动作实现.外设模块.ixx:16276	6	提交事实、动态、任务状态或运行回执。		自我动作实现.外设模块.ixx:16276;自我动作实现.外部模块.ixx:287;自我动作实现.外部模块.ixx:292;自我动作实现模块.ixx:7711;自我动作实现模块.ixx:7716;自我动作实现模块.ixx:8227
yes	确认提交观察存在发现事实规格	确认提交观察存在发现事实规格	自我动作实现.外设模块.ixx:16337	6	提交事实、动态、任务状态或运行回执。		自我动作实现.外设模块.ixx:16337;自我动作实现.外部模块.ixx:296;自我动作实现.外部模块.ixx:301;自我动作实现模块.ixx:7720;自我动作实现模块.ixx:7725;自我动作实现模块.ixx:8229
yes	确认提交观察存在特征值变化事实规格	确认提交观察存在特征值变化事实规格	自我动作实现.外设模块.ixx:16371	6	提交事实、动态、任务状态或运行回执。		自我动作实现.外设模块.ixx:16371;自我动作实现.外部模块.ixx:269;自我动作实现.外部模块.ixx:274;自我动作实现模块.ixx:7693;自我动作实现模块.ixx:7698;自我动作实现模块.ixx:8223
yes	确认提交指定存在跟踪事实规格	确认提交指定存在跟踪事实规格	自我动作实现.外设模块.ixx:16406	6	提交事实、动态、任务状态或运行回执。		自我动作实现.外设模块.ixx:16406;自我动作实现.外部模块.ixx:278;自我动作实现.外部模块.ixx:283;自我动作实现模块.ixx:7702;自我动作实现模块.ixx:7707;自我动作实现模块.ixx:8225
yes	确认自我验证外设观察像素簇候选规格	确认自我验证外设观察像素簇候选规格	自我动作实现.外设模块.ixx:16438	6	确认候选事实、存在、状态或运行结果。		自我动作实现.外设模块.ixx:16438;自我动作实现.外部模块.ixx:215;自我动作实现.外部模块.ixx:220;自我动作实现模块.ixx:7606;自我动作实现模块.ixx:7611;自我动作实现模块.ixx:8209
yes	确认自我确认外设观察存在候选规格	确认自我确认外设观察存在候选规格	自我动作实现.外设模块.ixx:16523	6	确认候选事实、存在、状态或运行结果。		自我动作实现.外设模块.ixx:16523;自我动作实现.外部模块.ixx:251;自我动作实现.外部模块.ixx:256;自我动作实现模块.ixx:7671;自我动作实现模块.ixx:7676;自我动作实现模块.ixx:8219
yes	确认提交确认观察存在事实规格	确认提交确认观察存在事实规格	自我动作实现.外设模块.ixx:16558	6	提交事实、动态、任务状态或运行回执。		自我动作实现.外设模块.ixx:16558;自我动作实现.外部模块.ixx:260;自我动作实现.外部模块.ixx:265;自我动作实现模块.ixx:7684;自我动作实现模块.ixx:7689;自我动作实现模块.ixx:8221
yes	确认自我按已确认轮廓分区当前帧规格	确认自我按已确认轮廓分区当前帧规格	自我动作实现.外设模块.ixx:16597	6	确认候选事实、存在、状态或运行结果。		自我动作实现.外设模块.ixx:16597;自我动作实现.外部模块.ixx:314;自我动作实现.外部模块.ixx:319;自我动作实现模块.ixx:7769;自我动作实现模块.ixx:7774;自我动作实现模块.ixx:8241
yes	确认自我诊断观察质量缺口并派生补观察需求规格	确认自我诊断观察质量缺口并派生补观察需求规格	自我动作实现.外设模块.ixx:16668	6	确认候选事实、存在、状态或运行结果。		自我动作实现.外设模块.ixx:16668;自我动作实现.外部模块.ixx:134;自我动作实现.外部模块.ixx:139;自我动作实现模块.ixx:7465;自我动作实现模块.ixx:7470;自我动作实现模块.ixx:8187
yes	确认自我调整相机参数并重采样规格	确认自我调整相机参数并重采样规格	自我动作实现.外设模块.ixx:16706	6	确认候选事实、存在、状态或运行结果。		自我动作实现.外设模块.ixx:16706;自我动作实现.外部模块.ixx:341;自我动作实现.外部模块.ixx:346;自我动作实现模块.ixx:7782;自我动作实现模块.ixx:7787;自我动作实现模块.ixx:8243
yes	确认自我按ROI重算观察质量规格	确认自我按ROI重算观察质量规格	自我动作实现.外设模块.ixx:16715	6	确认候选事实、存在、状态或运行结果。		自我动作实现.外设模块.ixx:16715;自我动作实现.外部模块.ixx:350;自我动作实现.外部模块.ixx:355;自我动作实现模块.ixx:7791;自我动作实现模块.ixx:7796;自我动作实现模块.ixx:8245
yes	确认自我执行多帧重采样并择优规格	确认自我执行多帧重采样并择优规格	自我动作实现.外设模块.ixx:16724	6	执行任务、方法或动作的主体逻辑。		自我动作实现.外设模块.ixx:16724;自我动作实现.外部模块.ixx:359;自我动作实现.外部模块.ixx:364;自我动作实现模块.ixx:7800;自我动作实现模块.ixx:7805;自我动作实现模块.ixx:8247
yes	确认自我生成低置信补偿观察候选规格	确认自我生成低置信补偿观察候选规格	自我动作实现.外设模块.ixx:16733	6	根据当前输入生成目标数据、场景、动态或回执。		自我动作实现.外设模块.ixx:16733;自我动作实现.外部模块.ixx:368;自我动作实现.外部模块.ixx:373;自我动作实现模块.ixx:7809;自我动作实现模块.ixx:7814;自我动作实现模块.ixx:8249
yes	确认自我调整外设观察姿态规格	确认自我调整外设观察姿态规格	自我动作实现.外设模块.ixx:16742	6	确认候选事实、存在、状态或运行结果。		自我动作实现.外设模块.ixx:16742;自我动作实现.外部模块.ixx:377;自我动作实现.外部模块.ixx:382;自我动作实现模块.ixx:7818;自我动作实现模块.ixx:7823;自我动作实现模块.ixx:8251
yes	确认自我调整观察位置规格	确认自我调整观察位置规格	自我动作实现.外设模块.ixx:16751	6	确认候选事实、存在、状态或运行结果。		自我动作实现.外设模块.ixx:16751;自我动作实现.外部模块.ixx:386;自我动作实现.外部模块.ixx:391;自我动作实现模块.ixx:7827;自我动作实现模块.ixx:7832;自我动作实现模块.ixx:8253
yes	确认自我按像素坐标回查观察事实规格	确认自我按像素坐标回查观察事实规格	自我动作实现.外设模块.ixx:16760	6	确认候选事实、存在、状态或运行结果。		自我动作实现.外设模块.ixx:16760;自我动作实现.外部模块.ixx:395;自我动作实现.外部模块.ixx:400;自我动作实现模块.ixx:7836;自我动作实现模块.ixx:7841;自我动作实现模块.ixx:8255
yes	确认自我确保存在内部世界规格	确认自我确保存在内部世界规格	自我动作实现.外设模块.ixx:16992	6	确保目标结构、状态或前置条件存在并可用。		自我动作实现.外设模块.ixx:16992;自我动作实现.外部模块.ixx:458;自我动作实现.外部模块.ixx:463;自我动作实现模块.ixx:7899;自我动作实现模块.ixx:7904;自我动作实现模块.ixx:8267
yes	确认自我递归细分存在内部世界规格	确认自我递归细分存在内部世界规格	自我动作实现.外设模块.ixx:17096	6	确认候选事实、存在、状态或运行结果。		自我动作实现.外设模块.ixx:17096;自我动作实现.外部模块.ixx:512;自我动作实现.外部模块.ixx:517;自我动作实现模块.ixx:7953;自我动作实现模块.ixx:7958;自我动作实现模块.ixx:8279
yes	特征_区间下界	特征_区间下界	自我动作实现.外设模块.ixx:1714	6	按函数名执行对应处理。		自我动作实现.外设模块.ixx:1714;自我动作实现模块.ixx:1238;自我动作实现模块.ixx:4681;自我动作实现模块.ixx:5236;自我动作实现模块.ixx:5933;自我动作实现模块.ixx:6309
yes	确认自我生成观察变化事件规格	确认自我生成观察变化事件规格	自我动作实现.外设模块.ixx:17171	6	根据当前输入生成目标数据、场景、动态或回执。		自我动作实现.外设模块.ixx:17171;自我动作实现.外部模块.ixx:566;自我动作实现.外部模块.ixx:571;自我动作实现模块.ixx:7980;自我动作实现模块.ixx:7985;自我动作实现模块.ixx:8285
yes	特征_区间上界	特征_区间上界	自我动作实现.外设模块.ixx:1721	6	按函数名执行对应处理。		自我动作实现.外设模块.ixx:1721;自我动作实现模块.ixx:1245;自我动作实现模块.ixx:4682;自我动作实现模块.ixx:5237;自我动作实现模块.ixx:5934;自我动作实现模块.ixx:6310
yes	确认自我导出OpenGL复现数据规格	确认自我导出OpenGL复现数据规格	自我动作实现.外设模块.ixx:17240	6	确认候选事实、存在、状态或运行结果。		自我动作实现.外设模块.ixx:17240;自我动作实现.外部模块.ixx:584;自我动作实现.外部模块.ixx:589;自我动作实现模块.ixx:7998;自我动作实现模块.ixx:8003;自我动作实现模块.ixx:8289
yes	确认双目相机发现候选存在规格	确认双目相机发现候选存在规格	自我动作实现.外设模块.ixx:17265	6	确认候选事实、存在、状态或运行结果。		自我动作实现.外设模块.ixx:17265;自我动作实现.外部模块.ixx:44;自我动作实现.外部模块.ixx:49;自我动作实现模块.ixx:7375;自我动作实现模块.ixx:7380;自我动作实现模块.ixx:8315
yes	使双目相机达到可用状态	使双目相机达到可用状态	自我动作实现.外设模块.ixx:17513	6	按函数名执行对应处理。		自我动作实现.外设模块.ixx:17513;自我动作实现.外部模块.ixx:593;自我动作实现.外部模块.ixx:598;自我动作实现模块.ixx:5580;自我动作实现模块.ixx:11097;自我动作实现模块.ixx:11102
yes	释放双目相机	释放双目相机	自我动作实现.外设模块.ixx:17593	6	按函数名执行对应处理。		自我动作实现.外设模块.ixx:17593;自我动作实现.外部模块.ixx:602;自我动作实现.外部模块.ixx:607;自我动作实现模块.ixx:5584;自我动作实现模块.ixx:11106;自我动作实现模块.ixx:11111
yes	检查双目相机运行状态	检查双目相机运行状态	自我动作实现.外设模块.ixx:17666	6	检查状态、条件、缺口或运行约束。		自我动作实现.外设模块.ixx:17666;自我动作实现.外部模块.ixx:611;自我动作实现.外部模块.ixx:616;自我动作实现模块.ixx:5588;自我动作实现模块.ixx:11115;自我动作实现模块.ixx:11120
yes	用双目相机刷新当前观察场景	用双目相机刷新当前观察场景	自我动作实现.外设模块.ixx:17737	6	按函数名执行对应处理。		自我动作实现.外设模块.ixx:17737;自我动作实现.外部模块.ixx:620;自我动作实现.外部模块.ixx:625;自我动作实现模块.ixx:5592;自我动作实现模块.ixx:11124;自我动作实现模块.ixx:11129
yes	用双目相机取得当前观察帧	用双目相机取得当前观察帧	自我动作实现.外设模块.ixx:17809	6	取得指定对象、状态或运行材料。		自我动作实现.外设模块.ixx:17809;自我动作实现.外部模块.ixx:638;自我动作实现.外部模块.ixx:643;自我动作实现模块.ixx:5600;自我动作实现模块.ixx:11142;自我动作实现模块.ixx:11147
yes	用双目相机取得当前观察特征帧	用双目相机取得当前观察特征帧	自我动作实现.外设模块.ixx:17873	6	取得指定对象、状态或运行材料。		自我动作实现.外设模块.ixx:17873;自我动作实现.外部模块.ixx:647;自我动作实现.外部模块.ixx:652;自我动作实现模块.ixx:5604;自我动作实现模块.ixx:11151;自我动作实现模块.ixx:11156
yes	自我建立观察帧存在	自我建立观察帧存在	自我动作实现.外设模块.ixx:17939	6	按函数名执行对应处理。		自我动作实现.外设模块.ixx:17939;自我动作实现.外部模块.ixx:665;自我动作实现.外部模块.ixx:670;自我动作实现模块.ixx:5364;自我动作实现模块.ixx:11169;自我动作实现模块.ixx:11174
yes	自我建立观察帧到自我场景接口	自我建立观察帧到自我场景接口	自我动作实现.外设模块.ixx:18011	6	按函数名执行对应处理。		自我动作实现.外设模块.ixx:18011;自我动作实现.外部模块.ixx:674;自我动作实现.外部模块.ixx:679;自我动作实现模块.ixx:5368;自我动作实现模块.ixx:11178;自我动作实现模块.ixx:11183
yes	用双目相机建立当前帧像素特征索引	用双目相机建立当前帧像素特征索引	自我动作实现.外设模块.ixx:18076	6	按函数名执行对应处理。		自我动作实现.外设模块.ixx:18076;自我动作实现.外部模块.ixx:656;自我动作实现.外部模块.ixx:661;自我动作实现模块.ixx:5608;自我动作实现模块.ixx:11160;自我动作实现模块.ixx:11165
yes	自我建立像素观察事实索引	自我建立像素观察事实索引	自我动作实现.外设模块.ixx:18147	6	按函数名执行对应处理。		自我动作实现.外设模块.ixx:18147;自我动作实现.外部模块.ixx:683;自我动作实现.外部模块.ixx:688;自我动作实现模块.ixx:5372;自我动作实现模块.ixx:11187;自我动作实现模块.ixx:11192
yes	自我承接像素特征值	自我承接像素特征值	自我动作实现.外设模块.ixx:18230	6	按函数名执行对应处理。		自我动作实现.外设模块.ixx:18230;自我动作实现.外部模块.ixx:692;自我动作实现.外部模块.ixx:697;自我动作实现模块.ixx:5376;自我动作实现模块.ixx:11196;自我动作实现模块.ixx:11201
yes	自我校验观察事实完备性	自我校验观察事实完备性	自我动作实现.外设模块.ixx:18314	6	按函数名执行对应处理。		自我动作实现.外设模块.ixx:18314;自我动作实现.外部模块.ixx:701;自我动作实现.外部模块.ixx:706;自我动作实现模块.ixx:5380;自我动作实现模块.ixx:11205;自我动作实现模块.ixx:11210
yes	自我评估观察帧质量	自我评估观察帧质量	自我动作实现.外设模块.ixx:18398	6	评估状态、风险、质量、权重或完成度。		自我动作实现.外设模块.ixx:18398;自我动作实现.外部模块.ixx:710;自我动作实现.外部模块.ixx:715;自我动作实现模块.ixx:5384;自我动作实现模块.ixx:11214;自我动作实现模块.ixx:11219
yes	自我判断基础观察事实可用性	自我判断基础观察事实可用性	自我动作实现.外设模块.ixx:18482	6	判断条件、状态或业务结果是否成立。		自我动作实现.外设模块.ixx:18482;自我动作实现.外部模块.ixx:728;自我动作实现.外部模块.ixx:733;自我动作实现模块.ixx:5392;自我动作实现模块.ixx:11232;自我动作实现模块.ixx:11237
yes	安全评估当前场景安全性	安全评估当前场景安全性	自我动作实现.外设模块.ixx:18590	6	评估状态、风险、质量、权重或完成度。		自我动作实现.外设模块.ixx:18590;自我动作实现.外部模块.ixx:737;自我动作实现.外部模块.ixx:742;自我动作实现模块.ixx:5396;自我动作实现模块.ixx:11241;自我动作实现模块.ixx:11246
yes	提交风险安全场景影响部分状态变化	提交风险安全场景影响部分状态变化	自我动作实现.外设模块.ixx:19181	6	提交事实、动态、任务状态或运行回执。		自我动作实现.外设模块.ixx:19181;自我动作实现.外部模块.ixx:890;自我动作实现.外部模块.ixx:895;自我动作实现模块.ixx:5476;自我动作实现模块.ixx:11421;自我动作实现模块.ixx:11426
yes	安全搜索安全因果因素证据	安全搜索安全因果因素证据	自我动作实现.外设模块.ixx:19333	6	在候选范围内搜索目标对象或路径。		自我动作实现.外设模块.ixx:19333;自我动作实现.外部模块.ixx:1097;自我动作实现.外部模块.ixx:1102;自我动作实现模块.ixx:5480;自我动作实现模块.ixx:11430;自我动作实现模块.ixx:11435
yes	提交安全因果因素无负证据默认满足	提交安全因果因素无负证据默认满足	自我动作实现.外设模块.ixx:19515	6	提交事实、动态、任务状态或运行回执。		自我动作实现.外设模块.ixx:19515;自我动作实现.外部模块.ixx:1106;自我动作实现.外部模块.ixx:1111;自我动作实现模块.ixx:5484;自我动作实现模块.ixx:11439;自我动作实现模块.ixx:11444
yes	提交安全因果因素证据评估值	提交安全因果因素证据评估值	自我动作实现.外设模块.ixx:19627	6	提交事实、动态、任务状态或运行回执。		自我动作实现.外设模块.ixx:19627;自我动作实现.外部模块.ixx:1115;自我动作实现.外部模块.ixx:1120;自我动作实现模块.ixx:5488;自我动作实现模块.ixx:11448;自我动作实现模块.ixx:11453
yes	自我明确当前场景持续观察需求	自我明确当前场景持续观察需求	自我动作实现.外设模块.ixx:19739	6	按函数名执行对应处理。		自我动作实现.外设模块.ixx:19739;自我动作实现.外部模块.ixx:764;自我动作实现.外部模块.ixx:769;自我动作实现模块.ixx:5416;自我动作实现模块.ixx:11286;自我动作实现模块.ixx:11291
yes	安全持续观察当前场景	安全持续观察当前场景	自我动作实现.外设模块.ixx:19842	6	按函数名执行对应处理。		自我动作实现.外设模块.ixx:19842;自我动作实现.外部模块.ixx:773;自我动作实现.外部模块.ixx:778;自我动作实现模块.ixx:5420;自我动作实现模块.ixx:11295;自我动作实现模块.ixx:11300
yes	自我明确负向影响处置需求	自我明确负向影响处置需求	自我动作实现.外设模块.ixx:19953	6	按函数名执行对应处理。		自我动作实现.外设模块.ixx:19953;自我动作实现.外部模块.ixx:782;自我动作实现.外部模块.ixx:787;自我动作实现模块.ixx:5424;自我动作实现模块.ixx:11304;自我动作实现模块.ixx:11309
yes	安全执行降级保护	安全执行降级保护	自我动作实现.外设模块.ixx:20067	6	执行任务、方法或动作的主体逻辑。		自我动作实现.外设模块.ixx:20067;自我动作实现.外部模块.ixx:791;自我动作实现.外部模块.ixx:796;自我动作实现模块.ixx:5428;自我动作实现模块.ixx:11313;自我动作实现模块.ixx:11318
yes	自我读取自我关键特征变化	自我读取自我关键特征变化	自我动作实现.外设模块.ixx:20182	6	从指定来源读取数据或状态。		自我动作实现.外设模块.ixx:20182;自我动作实现.外部模块.ixx:746;自我动作实现.外部模块.ixx:751;自我动作实现模块.ixx:5400;自我动作实现模块.ixx:11250;自我动作实现模块.ixx:11255
yes	自我建立最小自我边界参照	自我建立最小自我边界参照	自我动作实现.外设模块.ixx:20349	6	按函数名执行对应处理。		自我动作实现.外设模块.ixx:20349;自我动作实现.外部模块.ixx:971;自我动作实现.外部模块.ixx:976;自我动作实现模块.ixx:5404;自我动作实现模块.ixx:11259;自我动作实现模块.ixx:11264
yes	值_自身方法头节点缺失	值_自身方法头节点缺失	自我动作实现.外设模块.ixx:2050	6	按函数名执行对应处理。		自我动作实现.外设模块.ixx:2050;自我动作实现.外设模块.ixx:9204;自我动作实现模块.ixx:1574;自我动作实现模块.ixx:4369;自我动作实现模块.ixx:8498;自我动作实现模块.ixx:8624
yes	自我生成存在自我相对安全特征	自我生成存在自我相对安全特征	自我动作实现.外设模块.ixx:20522	6	根据当前输入生成目标数据、场景、动态或回执。		自我动作实现.外设模块.ixx:20522;自我动作实现.外部模块.ixx:980;自我动作实现.外部模块.ixx:985;自我动作实现模块.ixx:5408;自我动作实现模块.ixx:11268;自我动作实现模块.ixx:11273
yes	安全构造场景影响因果候选	安全构造场景影响因果候选	自我动作实现.外设模块.ixx:20744	6	按函数名执行对应处理。		自我动作实现.外设模块.ixx:20744;自我动作实现.外部模块.ixx:755;自我动作实现.外部模块.ixx:760;自我动作实现模块.ixx:5412;自我动作实现模块.ixx:11277;自我动作实现模块.ixx:11282
yes	自我提交目标观察约束特征组	自我提交目标观察约束特征组	自我动作实现.外设模块.ixx:20942	6	提交事实、动态、任务状态或运行回执。		自我动作实现.外设模块.ixx:20942;自我动作实现.外部模块.ixx:827;自我动作实现.外部模块.ixx:832;自我动作实现模块.ixx:5448;自我动作实现模块.ixx:11358;自我动作实现模块.ixx:11363
yes	自我识别外设观察材料	自我识别外设观察材料	自我动作实现.外设模块.ixx:21210	6	执行识别相关匹配、确认或结果输出逻辑。		自我动作实现.外设模块.ixx:21210;自我动作实现.外部模块.ixx:809;自我动作实现.外部模块.ixx:814;自我动作实现模块.ixx:5436;自我动作实现模块.ixx:11331;自我动作实现模块.ixx:11336
yes	特征_占用状态	特征_占用状态	自我动作实现.外设模块.ixx:2162	6	按函数名执行对应处理。		自我动作实现.外设模块.ixx:2162;自我动作实现.外设模块.ixx:15220;自我动作实现.外设模块.ixx:15229;自我动作实现.外设模块.ixx:17622;自我动作实现.外设模块.ixx:17639;自我动作实现模块.ixx:1686
yes	特征_当前观察场景	特征_当前观察场景	自我动作实现.外设模块.ixx:2169	6	按函数名执行对应处理。		自我动作实现.外设模块.ixx:2169;自我动作实现.外设模块.ixx:15287;自我动作实现.外设模块.ixx:15295;自我动作实现.外设模块.ixx:17766;自我动作实现.外设模块.ixx:17777;自我动作实现模块.ixx:1693
yes	自我跟踪指定存在	自我跟踪指定存在	自我动作实现.外设模块.ixx:21707	6	执行跟踪相关定位、匹配或结果输出逻辑。		自我动作实现.外设模块.ixx:21707;自我动作实现.外部模块.ixx:818;自我动作实现.外部模块.ixx:823;自我动作实现模块.ixx:5444;自我动作实现模块.ixx:11349;自我动作实现模块.ixx:11354
yes	特征_候选存在集合	特征_候选存在集合	自我动作实现.外设模块.ixx:2176	6	按函数名执行对应处理。		自我动作实现.外设模块.ixx:2176;自我动作实现.外设模块.ixx:17287;自我动作实现.外设模块.ixx:17293;自我动作实现.外设模块.ixx:26775;自我动作实现.外设模块.ixx:26786;自我动作实现模块.ixx:1700
yes	自我验证外设观察像素簇候选	自我验证外设观察像素簇候选	自我动作实现.外设模块.ixx:22160	6	按函数名执行对应处理。		自我动作实现.外设模块.ixx:22160;自我动作实现.外部模块.ixx:800;自我动作实现.外部模块.ixx:805;自我动作实现模块.ixx:5432;自我动作实现模块.ixx:11322;自我动作实现模块.ixx:11327
yes	自我确认外设观察存在候选	自我确认外设观察存在候选	自我动作实现.外设模块.ixx:22591	6	确认候选事实、存在、状态或运行结果。		自我动作实现.外设模块.ixx:22591;自我动作实现.外部模块.ixx:836;自我动作实现.外部模块.ixx:841;自我动作实现模块.ixx:5452;自我动作实现模块.ixx:11367;自我动作实现模块.ixx:11372
yes	提交确认观察存在事实	提交确认观察存在事实	自我动作实现.外设模块.ixx:22772	6	提交事实、动态、任务状态或运行回执。		自我动作实现.外设模块.ixx:22772;自我动作实现.外部模块.ixx:845;自我动作实现.外部模块.ixx:850;自我动作实现模块.ixx:5456;自我动作实现模块.ixx:11376;自我动作实现模块.ixx:11381
yes	提交当前观察范围可观测单位存在对应事实	提交当前观察范围可观测单位存在对应事实	自我动作实现.外设模块.ixx:23210	6	提交事实、动态、任务状态或运行回执。		自我动作实现.外设模块.ixx:23210;自我动作实现.外部模块.ixx:872;自我动作实现.外部模块.ixx:877;自我动作实现模块.ixx:5468;自我动作实现模块.ixx:11403;自我动作实现模块.ixx:11408
yes	特征_当前观察材料集取得状态	特征_当前观察材料集取得状态	自我动作实现.外设模块.ixx:2400	6	取得指定对象、状态或运行材料。		自我动作实现.外设模块.ixx:2400;自我动作实现.外设模块.ixx:12017;自我动作实现.外设模块.ixx:15352;自我动作实现.外设模块.ixx:15425;自我动作实现.外设模块.ixx:17902;自我动作实现.外设模块.ixx:17932
yes	提交观察存在发现事实	提交观察存在发现事实	自我动作实现.外设模块.ixx:24279	6	提交事实、动态、任务状态或运行回执。		自我动作实现.外设模块.ixx:24279;自我动作实现.外部模块.ixx:881;自我动作实现.外部模块.ixx:886;自我动作实现模块.ixx:5472;自我动作实现模块.ixx:11412;自我动作实现模块.ixx:11417
yes	提交观察存在特征值变化事实	提交观察存在特征值变化事实	自我动作实现.外设模块.ixx:24445	6	提交事实、动态、任务状态或运行回执。		自我动作实现.外设模块.ixx:24445;自我动作实现.外部模块.ixx:854;自我动作实现.外部模块.ixx:859;自我动作实现模块.ixx:5460;自我动作实现模块.ixx:11385;自我动作实现模块.ixx:11390
yes	提交指定存在跟踪事实	提交指定存在跟踪事实	自我动作实现.外设模块.ixx:24630	6	提交事实、动态、任务状态或运行回执。		自我动作实现.外设模块.ixx:24630;自我动作实现.外部模块.ixx:863;自我动作实现.外部模块.ixx:868;自我动作实现模块.ixx:5464;自我动作实现模块.ixx:11394;自我动作实现模块.ixx:11399
yes	特征_像素观察事实索引	特征_像素观察事实索引	自我动作实现.外设模块.ixx:2470	6	按函数名执行对应处理。		自我动作实现.外设模块.ixx:2470;自我动作实现.外设模块.ixx:12120;自我动作实现.外设模块.ixx:12132;自我动作实现.外设模块.ixx:12883;自我动作实现.外设模块.ixx:15517;自我动作实现.外设模块.ixx:15526
yes	自我按已确认轮廓分区当前帧	自我按已确认轮廓分区当前帧	自我动作实现.外设模块.ixx:24786	6	确认候选事实、存在、状态或运行结果。		自我动作实现.外设模块.ixx:24786;自我动作实现.外部模块.ixx:899;自我动作实现.外部模块.ixx:904;自我动作实现模块.ixx:5496;自我动作实现模块.ixx:11457;自我动作实现模块.ixx:11462
yes	自我诊断观察质量缺口并派生补观察需求	自我诊断观察质量缺口并派生补观察需求	自我动作实现.外设模块.ixx:25062	6	按函数名执行对应处理。		自我动作实现.外设模块.ixx:25062;自我动作实现.外部模块.ixx:719;自我动作实现.外部模块.ixx:724;自我动作实现模块.ixx:5388;自我动作实现模块.ixx:11223;自我动作实现模块.ixx:11228
yes	自我调整相机参数并重采样	自我调整相机参数并重采样	自我动作实现.外设模块.ixx:25299	6	按函数名执行对应处理。		自我动作实现.外设模块.ixx:25299;自我动作实现.外部模块.ixx:908;自我动作实现.外部模块.ixx:913;自我动作实现模块.ixx:5500;自我动作实现模块.ixx:11466;自我动作实现模块.ixx:11471
yes	自我按ROI重算观察质量	自我按ROI重算观察质量	自我动作实现.外设模块.ixx:25314	6	按函数名执行对应处理。		自我动作实现.外设模块.ixx:25314;自我动作实现.外部模块.ixx:917;自我动作实现.外部模块.ixx:922;自我动作实现模块.ixx:5504;自我动作实现模块.ixx:11475;自我动作实现模块.ixx:11480
yes	自我执行多帧重采样并择优	自我执行多帧重采样并择优	自我动作实现.外设模块.ixx:25329	6	执行任务、方法或动作的主体逻辑。		自我动作实现.外设模块.ixx:25329;自我动作实现.外部模块.ixx:926;自我动作实现.外部模块.ixx:931;自我动作实现模块.ixx:5508;自我动作实现模块.ixx:11484;自我动作实现模块.ixx:11489
yes	自我生成低置信补偿观察候选	自我生成低置信补偿观察候选	自我动作实现.外设模块.ixx:25344	6	根据当前输入生成目标数据、场景、动态或回执。		自我动作实现.外设模块.ixx:25344;自我动作实现.外部模块.ixx:935;自我动作实现.外部模块.ixx:940;自我动作实现模块.ixx:5512;自我动作实现模块.ixx:11493;自我动作实现模块.ixx:11498
yes	自我调整外设观察姿态	自我调整外设观察姿态	自我动作实现.外设模块.ixx:25359	6	按函数名执行对应处理。		自我动作实现.外设模块.ixx:25359;自我动作实现.外部模块.ixx:944;自我动作实现.外部模块.ixx:949;自我动作实现模块.ixx:5516;自我动作实现模块.ixx:11502;自我动作实现模块.ixx:11507
yes	自我调整观察位置	自我调整观察位置	自我动作实现.外设模块.ixx:25374	6	按函数名执行对应处理。		自我动作实现.外设模块.ixx:25374;自我动作实现.外部模块.ixx:953;自我动作实现.外部模块.ixx:958;自我动作实现模块.ixx:5520;自我动作实现模块.ixx:11511;自我动作实现模块.ixx:11516
yes	自我按像素坐标回查观察事实	自我按像素坐标回查观察事实	自我动作实现.外设模块.ixx:25408	6	按函数名执行对应处理。		自我动作实现.外设模块.ixx:25408;自我动作实现.外部模块.ixx:962;自我动作实现.外部模块.ixx:967;自我动作实现模块.ixx:5524;自我动作实现模块.ixx:11520;自我动作实现模块.ixx:11525
yes	自我确保存在内部世界	自我确保存在内部世界	自我动作实现.外设模块.ixx:25671	6	确保目标结构、状态或前置条件存在并可用。		自我动作实现.外设模块.ixx:25671;自我动作实现.外部模块.ixx:1043;自我动作实现.外部模块.ixx:1048;自我动作实现模块.ixx:5552;自我动作实现模块.ixx:11583;自我动作实现模块.ixx:11588
yes	自我建立存在内外场景接口	自我建立存在内外场景接口	自我动作实现.外设模块.ixx:25689	6	按函数名执行对应处理。		自我动作实现.外设模块.ixx:25689;自我动作实现.外部模块.ixx:1052;自我动作实现.外部模块.ixx:1057;自我动作实现模块.ixx:5556;自我动作实现模块.ixx:11592;自我动作实现模块.ixx:11597
yes	自我将存在局部观察切片映射到内部世界	自我将存在局部观察切片映射到内部世界	自我动作实现.外设模块.ixx:25707	6	按函数名执行对应处理。		自我动作实现.外设模块.ixx:25707;自我动作实现.外部模块.ixx:1061;自我动作实现.外部模块.ixx:1066;自我动作实现模块.ixx:5560;自我动作实现模块.ixx:11601;自我动作实现模块.ixx:11606
yes	自我在内部世界提取子候选	自我在内部世界提取子候选	自我动作实现.外设模块.ixx:25725	6	按函数名执行对应处理。		自我动作实现.外设模块.ixx:25725;自我动作实现.外部模块.ixx:1070;自我动作实现.外部模块.ixx:1075;自我动作实现模块.ixx:5564;自我动作实现模块.ixx:11610;自我动作实现模块.ixx:11615
yes	自我确认内部世界子存在	自我确认内部世界子存在	自我动作实现.外设模块.ixx:25743	6	确认候选事实、存在、状态或运行结果。		自我动作实现.外设模块.ixx:25743;自我动作实现.外部模块.ixx:1079;自我动作实现.外部模块.ixx:1084;自我动作实现模块.ixx:5568;自我动作实现模块.ixx:11619;自我动作实现模块.ixx:11624
yes	提交确认内部世界子存在事实	提交确认内部世界子存在事实	自我动作实现.外设模块.ixx:25761	6	提交事实、动态、任务状态或运行回执。		自我动作实现.外设模块.ixx:25761;自我动作实现.外部模块.ixx:1088;自我动作实现.外部模块.ixx:1093;自我动作实现模块.ixx:5572;自我动作实现模块.ixx:11628;自我动作实现模块.ixx:11633
yes	自我递归细分存在内部世界	自我递归细分存在内部世界	自我动作实现.外设模块.ixx:25926	6	按函数名执行对应处理。		自我动作实现.外设模块.ixx:25926;自我动作实现.外部模块.ixx:1124;自我动作实现.外部模块.ixx:1129;自我动作实现模块.ixx:5576;自我动作实现模块.ixx:11637;自我动作实现模块.ixx:11642
yes	自我匹配当前观察存在与历史观察存在	自我匹配当前观察存在与历史观察存在	自我动作实现.外设模块.ixx:26061	6	按函数名执行对应处理。		自我动作实现.外设模块.ixx:26061;自我动作实现.外部模块.ixx:1133;自我动作实现.外部模块.ixx:1138;自我动作实现模块.ixx:5612;自我动作实现模块.ixx:11646;自我动作实现模块.ixx:11651
yes	自我比较存在特征变化	自我比较存在特征变化	自我动作实现.外设模块.ixx:26079	6	比较当前值、目标值或历史基准。		自我动作实现.外设模块.ixx:26079;自我动作实现.外部模块.ixx:1142;自我动作实现.外部模块.ixx:1147;自我动作实现模块.ixx:5616;自我动作实现模块.ixx:11655;自我动作实现模块.ixx:11660
yes	自我生成观察变化事件	自我生成观察变化事件	自我动作实现.外设模块.ixx:26097	6	根据当前输入生成目标数据、场景、动态或回执。		自我动作实现.外设模块.ixx:26097;自我动作实现.外部模块.ixx:1151;自我动作实现.外部模块.ixx:1156;自我动作实现模块.ixx:5620;自我动作实现模块.ixx:11664;自我动作实现模块.ixx:11669
yes	特征_当前观察新鲜度状态	特征_当前观察新鲜度状态	自我动作实现.外设模块.ixx:2610	6	按函数名执行对应处理。		自我动作实现.外设模块.ixx:2610;自我动作实现.外设模块.ixx:9662;自我动作实现.外设模块.ixx:12032;自我动作实现.外设模块.ixx:12201;自我动作实现.外设模块.ixx:12232;自我动作实现.外设模块.ixx:15620
yes	自我导出当前场景识别快照	自我导出当前场景识别快照	自我动作实现.外设模块.ixx:26224	6	执行识别相关匹配、确认或结果输出逻辑。		自我动作实现.外设模块.ixx:26224;自我动作实现.外部模块.ixx:1160;自我动作实现.外部模块.ixx:1165;自我动作实现模块.ixx:5624;自我动作实现模块.ixx:11673;自我动作实现模块.ixx:11678
yes	自我导出OpenGL复现数据	自我导出OpenGL复现数据	自我动作实现.外设模块.ixx:26242	6	导出数据、文档、状态或可视化内容。		自我动作实现.外设模块.ixx:26242;自我动作实现.外部模块.ixx:1169;自我动作实现.外部模块.ixx:1174;自我动作实现模块.ixx:5628;自我动作实现模块.ixx:11682;自我动作实现模块.ixx:11687
yes	自我提取空间候选	自我提取空间候选	自我动作实现.外设模块.ixx:26260	6	按函数名执行对应处理。		自我动作实现.外设模块.ixx:26260;自我动作实现.外部模块.ixx:989;自我动作实现.外部模块.ixx:994;自我动作实现模块.ixx:5528;自我动作实现模块.ixx:11529;自我动作实现模块.ixx:11534
yes	自我判断空间候选相对独立性	自我判断空间候选相对独立性	自我动作实现.外设模块.ixx:26325	6	判断条件、状态或业务结果是否成立。		自我动作实现.外设模块.ixx:26325;自我动作实现.外部模块.ixx:998;自我动作实现.外部模块.ixx:1003;自我动作实现模块.ixx:5532;自我动作实现模块.ixx:11538;自我动作实现模块.ixx:11543
yes	自我生成空间候选观察队列	自我生成空间候选观察队列	自我动作实现.外设模块.ixx:26402	6	根据当前输入生成目标数据、场景、动态或回执。		自我动作实现.外设模块.ixx:26402;自我动作实现.外部模块.ixx:1007;自我动作实现.外部模块.ixx:1012;自我动作实现模块.ixx:5536;自我动作实现模块.ixx:11547;自我动作实现模块.ixx:11552
yes	自我观察单个空间候选并组合存在假设	自我观察单个空间候选并组合存在假设	自我动作实现.外设模块.ixx:26480	6	按函数名执行对应处理。		自我动作实现.外设模块.ixx:26480;自我动作实现.外部模块.ixx:1016;自我动作实现.外部模块.ixx:1021;自我动作实现模块.ixx:5540;自我动作实现模块.ixx:11556;自我动作实现模块.ixx:11561
yes	自我用空间范围投影覆盖原帧验证像素归属	自我用空间范围投影覆盖原帧验证像素归属	自我动作实现.外设模块.ixx:26562	6	按函数名执行对应处理。		自我动作实现.外设模块.ixx:26562;自我动作实现.外部模块.ixx:1025;自我动作实现.外部模块.ixx:1030;自我动作实现模块.ixx:5544;自我动作实现模块.ixx:11565;自我动作实现模块.ixx:11570
yes	自我确认观察存在并更新帧解释状态	自我确认观察存在并更新帧解释状态	自我动作实现.外设模块.ixx:26646	6	更新已有对象、状态、索引或缓存。		自我动作实现.外设模块.ixx:26646;自我动作实现.外部模块.ixx:1034;自我动作实现.外部模块.ixx:1039;自我动作实现模块.ixx:5548;自我动作实现模块.ixx:11574;自我动作实现模块.ixx:11579
yes	用双目相机发现候选存在	用双目相机发现候选存在	自我动作实现.外设模块.ixx:26743	6	按函数名执行对应处理。		自我动作实现.外设模块.ixx:26743;自我动作实现.外部模块.ixx:629;自我动作实现.外部模块.ixx:634;自我动作实现模块.ixx:5596;自我动作实现模块.ixx:11133;自我动作实现模块.ixx:11138
yes	特征_滤波深度毫米结构状态	特征_滤波深度毫米结构状态	自我动作实现.外设模块.ixx:2701	6	按函数名执行对应处理。		自我动作实现.外设模块.ixx:2701;自我动作实现.外设模块.ixx:12039;自我动作实现.外设模块.ixx:12615;自我动作实现.外设模块.ixx:14902;自我动作实现.外设模块.ixx:15034;自我动作实现.外设模块.ixx:15355
yes	特征_补全深度毫米结构状态	特征_补全深度毫米结构状态	自我动作实现.外设模块.ixx:2708	6	按函数名执行对应处理。		自我动作实现.外设模块.ixx:2708;自我动作实现.外设模块.ixx:12040;自我动作实现.外设模块.ixx:12618;自我动作实现.外设模块.ixx:14903;自我动作实现.外设模块.ixx:15035;自我动作实现.外设模块.ixx:15356
yes	特征_深度来源结构状态	特征_深度来源结构状态	自我动作实现.外设模块.ixx:2722	6	按函数名执行对应处理。		自我动作实现.外设模块.ixx:2722;自我动作实现.外设模块.ixx:12042;自我动作实现.外设模块.ixx:12624;自我动作实现.外设模块.ixx:14905;自我动作实现.外设模块.ixx:15037;自我动作实现.外设模块.ixx:15358
yes	特征_深度稳定性结构状态	特征_深度稳定性结构状态	自我动作实现.外设模块.ixx:2729	6	按函数名执行对应处理。		自我动作实现.外设模块.ixx:2729;自我动作实现.外设模块.ixx:12043;自我动作实现.外设模块.ixx:12627;自我动作实现.外设模块.ixx:14906;自我动作实现.外设模块.ixx:15038;自我动作实现.外设模块.ixx:15359
yes	特征_深度邻域一致性结构状态	特征_深度邻域一致性结构状态	自我动作实现.外设模块.ixx:2736	6	按函数名执行对应处理。		自我动作实现.外设模块.ixx:2736;自我动作实现.外设模块.ixx:12044;自我动作实现.外设模块.ixx:12630;自我动作实现.外设模块.ixx:14907;自我动作实现.外设模块.ixx:15039;自我动作实现.外设模块.ixx:15360
yes	特征_原始深度来源像素数量	特征_原始深度来源像素数量	自我动作实现.外设模块.ixx:2750	6	按函数名执行对应处理。		自我动作实现.外设模块.ixx:2750;自我动作实现.外设模块.ixx:12050;自我动作实现.外设模块.ixx:12648;自我动作实现.外设模块.ixx:14913;自我动作实现.外设模块.ixx:15045;自我动作实现.外设模块.ixx:15375
yes	特征_滤波深度来源像素数量	特征_滤波深度来源像素数量	自我动作实现.外设模块.ixx:2757	6	按函数名执行对应处理。		自我动作实现.外设模块.ixx:2757;自我动作实现.外设模块.ixx:12051;自我动作实现.外设模块.ixx:12651;自我动作实现.外设模块.ixx:14914;自我动作实现.外设模块.ixx:15046;自我动作实现.外设模块.ixx:15376
yes	特征_补全深度来源像素数量	特征_补全深度来源像素数量	自我动作实现.外设模块.ixx:2764	6	按函数名执行对应处理。		自我动作实现.外设模块.ixx:2764;自我动作实现.外设模块.ixx:12052;自我动作实现.外设模块.ixx:12654;自我动作实现.外设模块.ixx:14915;自我动作实现.外设模块.ixx:15047;自我动作实现.外设模块.ixx:15377
yes	特征_无有效深度来源像素数量	特征_无有效深度来源像素数量	自我动作实现.外设模块.ixx:2771	6	按函数名执行对应处理。		自我动作实现.外设模块.ixx:2771;自我动作实现.外设模块.ixx:12053;自我动作实现.外设模块.ixx:12657;自我动作实现.外设模块.ixx:14916;自我动作实现.外设模块.ixx:15048;自我动作实现.外设模块.ixx:15378
yes	特征_补全深度低置信像素数量	特征_补全深度低置信像素数量	自我动作实现.外设模块.ixx:2778	6	按函数名执行对应处理。		自我动作实现.外设模块.ixx:2778;自我动作实现.外设模块.ixx:12054;自我动作实现.外设模块.ixx:12660;自我动作实现.外设模块.ixx:14917;自我动作实现.外设模块.ixx:15049;自我动作实现.外设模块.ixx:15379
yes	特征_深度稳定性平均值	特征_深度稳定性平均值	自我动作实现.外设模块.ixx:2785	6	按函数名执行对应处理。		自我动作实现.外设模块.ixx:2785;自我动作实现.外设模块.ixx:12055;自我动作实现.外设模块.ixx:12663;自我动作实现.外设模块.ixx:14918;自我动作实现.外设模块.ixx:15050;自我动作实现.外设模块.ixx:15380
yes	特征_深度邻域一致性平均值	特征_深度邻域一致性平均值	自我动作实现.外设模块.ixx:2792	6	按函数名执行对应处理。		自我动作实现.外设模块.ixx:2792;自我动作实现.外设模块.ixx:12056;自我动作实现.外设模块.ixx:12666;自我动作实现.外设模块.ixx:14919;自我动作实现.外设模块.ixx:15051;自我动作实现.外设模块.ixx:15381
yes	特征_观察帧组帧数	特征_观察帧组帧数	自我动作实现.外设模块.ixx:2806	6	按函数名执行对应处理。		自我动作实现.外设模块.ixx:2806;自我动作实现.外设模块.ixx:12058;自我动作实现.外设模块.ixx:12672;自我动作实现.外设模块.ixx:14921;自我动作实现.外设模块.ixx:15053;自我动作实现.外设模块.ixx:15362
yes	特征_融合依据帧集合状态	特征_融合依据帧集合状态	自我动作实现.外设模块.ixx:2813	6	按函数名执行对应处理。		自我动作实现.外设模块.ixx:2813;自我动作实现.外设模块.ixx:12059;自我动作实现.外设模块.ixx:12675;自我动作实现.外设模块.ixx:14922;自我动作实现.外设模块.ixx:15054;自我动作实现.外设模块.ixx:15363
yes	特征_融合深度有效性结构状态	特征_融合深度有效性结构状态	自我动作实现.外设模块.ixx:2827	6	按函数名执行对应处理。		自我动作实现.外设模块.ixx:2827;自我动作实现.外设模块.ixx:12046;自我动作实现.外设模块.ixx:12636;自我动作实现.外设模块.ixx:14909;自我动作实现.外设模块.ixx:15041;自我动作实现.外设模块.ixx:15365
yes	特征_多帧深度稳定性结构状态	特征_多帧深度稳定性结构状态	自我动作实现.外设模块.ixx:2834	6	按函数名执行对应处理。		自我动作实现.外设模块.ixx:2834;自我动作实现.外设模块.ixx:12047;自我动作实现.外设模块.ixx:12639;自我动作实现.外设模块.ixx:14910;自我动作实现.外设模块.ixx:15042;自我动作实现.外设模块.ixx:15366
yes	特征_每像素深度方差结构状态	特征_每像素深度方差结构状态	自我动作实现.外设模块.ixx:2841	6	按函数名执行对应处理。		自我动作实现.外设模块.ixx:2841;自我动作实现.外设模块.ixx:12048;自我动作实现.外设模块.ixx:12642;自我动作实现.外设模块.ixx:14911;自我动作实现.外设模块.ixx:15043;自我动作实现.外设模块.ixx:15367
yes	特征_融合深度有效像素数量	特征_融合深度有效像素数量	自我动作实现.外设模块.ixx:2848	6	按函数名执行对应处理。		自我动作实现.外设模块.ixx:2848;自我动作实现.外设模块.ixx:12060;自我动作实现.外设模块.ixx:12678;自我动作实现.外设模块.ixx:14923;自我动作实现.外设模块.ixx:15055;自我动作实现.外设模块.ixx:15368
yes	特征_融合补偿深度空洞像素数量	特征_融合补偿深度空洞像素数量	自我动作实现.外设模块.ixx:2862	6	按函数名执行对应处理。		自我动作实现.外设模块.ixx:2862;自我动作实现.外设模块.ixx:12062;自我动作实现.外设模块.ixx:12684;自我动作实现.外设模块.ixx:14925;自我动作实现.外设模块.ixx:15057;自我动作实现.外设模块.ixx:15370
yes	特征_融合低稳定像素数量	特征_融合低稳定像素数量	自我动作实现.外设模块.ixx:2869	6	按函数名执行对应处理。		自我动作实现.外设模块.ixx:2869;自我动作实现.外设模块.ixx:12063;自我动作实现.外设模块.ixx:12687;自我动作实现.外设模块.ixx:14926;自我动作实现.外设模块.ixx:15058;自我动作实现.外设模块.ixx:15371
yes	特征_融合深度稳定性平均值	特征_融合深度稳定性平均值	自我动作实现.外设模块.ixx:2876	6	按函数名执行对应处理。		自我动作实现.外设模块.ixx:2876;自我动作实现.外设模块.ixx:12064;自我动作实现.外设模块.ixx:12690;自我动作实现.外设模块.ixx:14927;自我动作实现.外设模块.ixx:15059;自我动作实现.外设模块.ixx:15372
yes	特征_融合深度平均方差	特征_融合深度平均方差	自我动作实现.外设模块.ixx:2883	6	按函数名执行对应处理。		自我动作实现.外设模块.ixx:2883;自我动作实现.外设模块.ixx:12065;自我动作实现.外设模块.ixx:12693;自我动作实现.外设模块.ixx:14928;自我动作实现.外设模块.ixx:15060;自我动作实现.外设模块.ixx:15373
yes	特征_彩色深度已对齐	特征_彩色深度已对齐	自我动作实现.外设模块.ixx:2890	6	按函数名执行对应处理。		自我动作实现.外设模块.ixx:2890;自我动作实现.外设模块.ixx:12066;自我动作实现.外设模块.ixx:12696;自我动作实现.外设模块.ixx:14929;自我动作实现.外设模块.ixx:15061;自我动作实现.外设模块.ixx:15382
yes	特征_对齐目标	特征_对齐目标	自我动作实现.外设模块.ixx:2897	6	按函数名执行对应处理。		自我动作实现.外设模块.ixx:2897;自我动作实现.外设模块.ixx:12067;自我动作实现.外设模块.ixx:12699;自我动作实现.外设模块.ixx:14930;自我动作实现.外设模块.ixx:15062;自我动作实现.外设模块.ixx:15383
yes	特征_质量诊断状态	特征_质量诊断状态	自我动作实现.外设模块.ixx:2918	6	按函数名执行对应处理。		自我动作实现.外设模块.ixx:2918;自我动作实现.外设模块.ixx:16686;自我动作实现.外设模块.ixx:16701;自我动作实现.外设模块.ixx:25240;自我动作实现.外设模块.ixx:25251;自我动作实现.外设模块.ixx:25285
yes	特征_深度空洞区域集合	特征_深度空洞区域集合	自我动作实现.外设模块.ixx:3016	6	按函数名执行对应处理。		自我动作实现.外设模块.ixx:3016;自我动作实现.外设模块.ixx:12074;自我动作实现.外设模块.ixx:12720;自我动作实现.外设模块.ixx:14937;自我动作实现.外设模块.ixx:15069;自我动作实现.外设模块.ixx:15390
yes	特征_诊断区域掩码状态	特征_诊断区域掩码状态	自我动作实现.外设模块.ixx:3037	6	按函数名执行对应处理。		自我动作实现.外设模块.ixx:3037;自我动作实现.外设模块.ixx:11927;自我动作实现.外设模块.ixx:11961;自我动作实现.外设模块.ixx:12105;自我动作实现.外设模块.ixx:12813;自我动作实现.外设模块.ixx:15393
yes	特征_彩色深度对齐状态	特征_彩色深度对齐状态	自我动作实现.外设模块.ixx:3107	6	按函数名执行对应处理。		自我动作实现.外设模块.ixx:3107;自我动作实现.外设模块.ixx:12075;自我动作实现.外设模块.ixx:12723;自我动作实现.外设模块.ixx:14938;自我动作实现.外设模块.ixx:15070;自我动作实现.外设模块.ixx:15394
yes	特征_轮廓断裂数量	特征_轮廓断裂数量	自我动作实现.外设模块.ixx:3121	6	按函数名执行对应处理。		自我动作实现.外设模块.ixx:3121;自我动作实现.外设模块.ixx:12077;自我动作实现.外设模块.ixx:12729;自我动作实现.外设模块.ixx:14940;自我动作实现.外设模块.ixx:15072;自我动作实现.外设模块.ixx:15396
yes	特征_彩图轮廓数量	特征_彩图轮廓数量	自我动作实现.外设模块.ixx:3128	6	按函数名执行对应处理。		自我动作实现.外设模块.ixx:3128;自我动作实现.外设模块.ixx:12078;自我动作实现.外设模块.ixx:12732;自我动作实现.外设模块.ixx:14941;自我动作实现.外设模块.ixx:15073;自我动作实现.外设模块.ixx:15397
yes	特征_深度轮廓数量	特征_深度轮廓数量	自我动作实现.外设模块.ixx:3135	6	按函数名执行对应处理。		自我动作实现.外设模块.ixx:3135;自我动作实现.外设模块.ixx:12079;自我动作实现.外设模块.ixx:12735;自我动作实现.外设模块.ixx:14942;自我动作实现.外设模块.ixx:15074;自我动作实现.外设模块.ixx:15398
yes	特征_空间投影轮廓数量	特征_空间投影轮廓数量	自我动作实现.外设模块.ixx:3142	6	按函数名执行对应处理。		自我动作实现.外设模块.ixx:3142;自我动作实现.外设模块.ixx:12080;自我动作实现.外设模块.ixx:12738;自我动作实现.外设模块.ixx:14943;自我动作实现.外设模块.ixx:15075;自我动作实现.外设模块.ixx:15399
yes	特征_融合轮廓数量	特征_融合轮廓数量	自我动作实现.外设模块.ixx:3149	6	按函数名执行对应处理。		自我动作实现.外设模块.ixx:3149;自我动作实现.外设模块.ixx:12081;自我动作实现.外设模块.ixx:12741;自我动作实现.外设模块.ixx:14944;自我动作实现.外设模块.ixx:15076;自我动作实现.外设模块.ixx:15400
yes	特征_轮廓来源分层状态	特征_轮廓来源分层状态	自我动作实现.外设模块.ixx:3156	6	按函数名执行对应处理。		自我动作实现.外设模块.ixx:3156;自我动作实现.外设模块.ixx:12082;自我动作实现.外设模块.ixx:12744;自我动作实现.外设模块.ixx:14945;自我动作实现.外设模块.ixx:15077;自我动作实现.外设模块.ixx:15401
yes	特征_融合轮廓置信度	特征_融合轮廓置信度	自我动作实现.外设模块.ixx:3184	6	按函数名执行对应处理。		自我动作实现.外设模块.ixx:3184;自我动作实现.外设模块.ixx:12086;自我动作实现.外设模块.ixx:12756;自我动作实现.外设模块.ixx:14949;自我动作实现.外设模块.ixx:15081;自我动作实现.外设模块.ixx:15405
yes	特征_跨越深度断裂轮廓数量	特征_跨越深度断裂轮廓数量	自我动作实现.外设模块.ixx:3191	6	按函数名执行对应处理。		自我动作实现.外设模块.ixx:3191;自我动作实现.外设模块.ixx:12087;自我动作实现.外设模块.ixx:12759;自我动作实现.外设模块.ixx:14950;自我动作实现.外设模块.ixx:15082;自我动作实现.外设模块.ixx:15406
yes	特征_穿过深度无效区域轮廓数量	特征_穿过深度无效区域轮廓数量	自我动作实现.外设模块.ixx:3198	6	按函数名执行对应处理。		自我动作实现.外设模块.ixx:3198;自我动作实现.外设模块.ixx:12088;自我动作实现.外设模块.ixx:12762;自我动作实现.外设模块.ixx:14951;自我动作实现.外设模块.ixx:15083;自我动作实现.外设模块.ixx:15407
yes	特征_依赖补全深度轮廓数量	特征_依赖补全深度轮廓数量	自我动作实现.外设模块.ixx:3205	6	按函数名执行对应处理。		自我动作实现.外设模块.ixx:3205;自我动作实现.外设模块.ixx:12089;自我动作实现.外设模块.ixx:12765;自我动作实现.外设模块.ixx:14952;自我动作实现.外设模块.ixx:15084;自我动作实现.外设模块.ixx:15408
yes	特征_空间点有效率	特征_空间点有效率	自我动作实现.外设模块.ixx:3212	6	按函数名执行对应处理。		自我动作实现.外设模块.ixx:3212;自我动作实现.外设模块.ixx:12090;自我动作实现.外设模块.ixx:12768;自我动作实现.外设模块.ixx:14953;自我动作实现.外设模块.ixx:15085;自我动作实现.外设模块.ixx:15409
yes	特征_空间候选集合	特征_空间候选集合	自我动作实现.外设模块.ixx:3310	6	按函数名执行对应处理。		自我动作实现.外设模块.ixx:3310;自我动作实现.外设模块.ixx:13080;自我动作实现.外设模块.ixx:16452;自我动作实现.外设模块.ixx:16806;自我动作实现.外设模块.ixx:16823;自我动作实现.外设模块.ixx:26290
yes	特征_空间候选数量	特征_空间候选数量	自我动作实现.外设模块.ixx:3317	6	按函数名执行对应处理。		自我动作实现.外设模块.ixx:3317;自我动作实现.外设模块.ixx:12816;自我动作实现.外设模块.ixx:13081;自我动作实现.外设模块.ixx:14966;自我动作实现.外设模块.ixx:15098;自我动作实现.外设模块.ixx:16807
yes	特征_空间候选有效点数量	特征_空间候选有效点数量	自我动作实现.外设模块.ixx:3324	6	按函数名执行对应处理。		自我动作实现.外设模块.ixx:3324;自我动作实现.外设模块.ixx:12819;自我动作实现.外设模块.ixx:13082;自我动作实现.外设模块.ixx:14967;自我动作实现.外设模块.ixx:15099;自我动作实现.外设模块.ixx:16808
yes	特征_内部世界当前观察材料	特征_内部世界当前观察材料	自我动作实现.外设模块.ixx:3457	6	按函数名执行对应处理。		自我动作实现.外设模块.ixx:3457;自我动作实现.外设模块.ixx:14034;自我动作实现.外设模块.ixx:14048;自我动作实现.外设模块.ixx:17026;自我动作实现.外设模块.ixx:17033;自我动作实现.外设模块.ixx:25720
yes	特征_存在内部世界局部材料建立状态	特征_存在内部世界局部材料建立状态	自我动作实现.外设模块.ixx:3464	6	按函数名执行对应处理。		自我动作实现.外设模块.ixx:3464;自我动作实现.外设模块.ixx:14035;自我动作实现.外设模块.ixx:14049;自我动作实现.外设模块.ixx:14191;自我动作实现.外设模块.ixx:17027;自我动作实现.外设模块.ixx:17034
yes	特征_内部世界子存在候选确认方案取得状态	特征_内部世界子存在候选确认方案取得状态	自我动作实现.外设模块.ixx:3492	6	取得指定对象、状态或运行材料。		自我动作实现.外设模块.ixx:3492;自我动作实现.外设模块.ixx:14200;自我动作实现.外设模块.ixx:17066;自我动作实现.外设模块.ixx:17073;自我动作实现.外设模块.ixx:25756;自我动作实现.外设模块.ixx:25793
yes	特征_内部世界子候选集合	特征_内部世界子候选集合	自我动作实现.外设模块.ixx:3590	6	按函数名执行对应处理。		自我动作实现.外设模块.ixx:3590;自我动作实现.外设模块.ixx:14084;自我动作实现.外设模块.ixx:14195;自我动作实现.外设模块.ixx:17047;自我动作实现.外设模块.ixx:17051;自我动作实现.外设模块.ixx:25738
yes	特征_成员存在集合	特征_成员存在集合	自我动作实现.外设模块.ixx:3604	6	按函数名执行对应处理。		自我动作实现.外设模块.ixx:3604;自我动作实现.外设模块.ixx:14119;自我动作实现.外设模块.ixx:14208;自我动作实现.外设模块.ixx:17089;自我动作实现.外设模块.ixx:25877;自我动作实现.外设模块.ixx:25882
yes	特征_快照状态	特征_快照状态	自我动作实现.外设模块.ixx:3786	6	按函数名执行对应处理。		自我动作实现.外设模块.ixx:3786;自我动作实现.外设模块.ixx:15020;自我动作实现.外设模块.ixx:15183;自我动作实现.外设模块.ixx:17203;自我动作实现.外设模块.ixx:17235;自我动作实现.外设模块.ixx:26157
yes	特征_复现数据状态	特征_复现数据状态	自我动作实现.外设模块.ixx:3800	6	按函数名执行对应处理。		自我动作实现.外设模块.ixx:3800;自我动作实现.外设模块.ixx:15158;自我动作实现.外设模块.ixx:15187;自我动作实现.外设模块.ixx:17249;自我动作实现.外设模块.ixx:17260;自我动作实现.外设模块.ixx:26166
yes	特征_假设尺寸X	特征_假设尺寸X	自我动作实现.外设模块.ixx:4269	6	按函数名执行对应处理。		自我动作实现.外设模块.ixx:4269;自我动作实现.外设模块.ixx:12944;自我动作实现.外设模块.ixx:13168;自我动作实现.外设模块.ixx:14988;自我动作实现.外设模块.ixx:15117;自我动作实现.外设模块.ixx:16888
yes	特征_假设尺寸Y	特征_假设尺寸Y	自我动作实现.外设模块.ixx:4276	6	按函数名执行对应处理。		自我动作实现.外设模块.ixx:4276;自我动作实现.外设模块.ixx:12945;自我动作实现.外设模块.ixx:13169;自我动作实现.外设模块.ixx:14989;自我动作实现.外设模块.ixx:15118;自我动作实现.外设模块.ixx:16889
yes	特征_假设尺寸Z	特征_假设尺寸Z	自我动作实现.外设模块.ixx:4283	6	按函数名执行对应处理。		自我动作实现.外设模块.ixx:4283;自我动作实现.外设模块.ixx:12946;自我动作实现.外设模块.ixx:13170;自我动作实现.外设模块.ixx:14990;自我动作实现.外设模块.ixx:15119;自我动作实现.外设模块.ixx:16890
yes	特征_空间匹配像素数	特征_空间匹配像素数	自我动作实现.外设模块.ixx:4346	6	按函数名执行对应处理。		自我动作实现.外设模块.ixx:4346;自我动作实现.外设模块.ixx:11756;自我动作实现.外设模块.ixx:11829;自我动作实现.外设模块.ixx:13206;自我动作实现.外设模块.ixx:13905;自我动作实现.外设模块.ixx:16912
yes	特征_目标观察约束ID	特征_目标观察约束ID	自我动作实现.外设模块.ixx:4493	6	按函数名执行对应处理。		自我动作实现.外设模块.ixx:4493;自我动作实现.外设模块.ixx:16093;自我动作实现.外设模块.ixx:21149;自我动作实现.外设模块.ixx:24012;自我动作实现.外设模块.ixx:24016;自我动作实现.外设模块.ixx:24037
yes	特征_观察存在特征值变化事实提交状态	特征_观察存在特征值变化事实提交状态	自我动作实现.外设模块.ixx:4528	6	提交事实、动态、任务状态或运行回执。		自我动作实现.外设模块.ixx:4528;自我动作实现.外设模块.ixx:16388;自我动作实现.外设模块.ixx:16400;自我动作实现.外设模块.ixx:18651;自我动作实现.外设模块.ixx:24553;自我动作实现.外设模块.ixx:24566
yes	特征_指定存在跟踪事实提交状态	特征_指定存在跟踪事实提交状态	自我动作实现.外设模块.ixx:4591	6	提交事实、动态、任务状态或运行回执。		自我动作实现.外设模块.ixx:4591;自我动作实现.外设模块.ixx:16421;自我动作实现.外设模块.ixx:16432;自我动作实现.外设模块.ixx:18655;自我动作实现.外设模块.ixx:24720;自我动作实现.外设模块.ixx:24733
yes	特征_目标存在特征变化动态	特征_目标存在特征变化动态	自我动作实现.外设模块.ixx:4605	6	按函数名执行对应处理。		自我动作实现.外设模块.ixx:4605;自我动作实现.外设模块.ixx:16241;自我动作实现.外设模块.ixx:16423;自我动作实现.外设模块.ixx:21979;自我动作实现.外设模块.ixx:23127;自我动作实现.外设模块.ixx:24741
yes	特征_跟踪预测误差状态	特征_跟踪预测误差状态	自我动作实现.外设模块.ixx:4633	6	执行跟踪相关定位、匹配或结果输出逻辑。		自我动作实现.外设模块.ixx:4633;自我动作实现.外设模块.ixx:16245;自我动作实现.外设模块.ixx:16264;自我动作实现.外设模块.ixx:16265;自我动作实现.外设模块.ixx:21959;自我动作实现.外设模块.ixx:22043
yes	特征_跟踪区间迁移状态	特征_跟踪区间迁移状态	自我动作实现.外设模块.ixx:4647	6	执行跟踪相关定位、匹配或结果输出逻辑。		自我动作实现.外设模块.ixx:4647;自我动作实现.外设模块.ixx:16247;自我动作实现.外设模块.ixx:16266;自我动作实现.外设模块.ixx:16267;自我动作实现.外设模块.ixx:21965;自我动作实现.外设模块.ixx:22050
yes	特征_目标存在重捕获状态	特征_目标存在重捕获状态	自我动作实现.外设模块.ixx:4668	6	按函数名执行对应处理。		自我动作实现.外设模块.ixx:4668;自我动作实现.外设模块.ixx:16250;自我动作实现.外设模块.ixx:16270;自我动作实现.外设模块.ixx:16271;自我动作实现.外设模块.ixx:21968;自我动作实现.外设模块.ixx:22064
yes	特征_当前观察范围有效可观测单位数量	特征_当前观察范围有效可观测单位数量	自我动作实现.外设模块.ixx:4962	6	按函数名执行对应处理。		自我动作实现.外设模块.ixx:4962;自我动作实现.外设模块.ixx:16153;自我动作实现.外设模块.ixx:16301;自我动作实现.外设模块.ixx:21445;自我动作实现.外设模块.ixx:21545;自我动作实现.外设模块.ixx:24082
yes	特征_多重对应冲突可观测单位数量	特征_多重对应冲突可观测单位数量	自我动作实现.外设模块.ixx:4983	6	按函数名执行对应处理。		自我动作实现.外设模块.ixx:4983;自我动作实现.外设模块.ixx:16155;自我动作实现.外设模块.ixx:16304;自我动作实现.外设模块.ixx:21448;自我动作实现.外设模块.ixx:21559;自我动作实现.外设模块.ixx:24085
yes	特征_稳定对应存在数量	特征_稳定对应存在数量	自我动作实现.外设模块.ixx:4990	6	按函数名执行对应处理。		自我动作实现.外设模块.ixx:4990;自我动作实现.外设模块.ixx:16156;自我动作实现.外设模块.ixx:16305;自我动作实现.外设模块.ixx:21449;自我动作实现.外设模块.ixx:21566;自我动作实现.外设模块.ixx:24086
yes	特征_当前观察范围有效可观测单位计数事实取得状态	特征_当前观察范围有效可观测单位计数事实取得状态	自我动作实现.外设模块.ixx:5018	6	取得指定对象、状态或运行材料。		自我动作实现.外设模块.ixx:5018;自我动作实现.外设模块.ixx:16309;自我动作实现.外设模块.ixx:16321;自我动作实现.外设模块.ixx:23537;自我动作实现.外设模块.ixx:24089;自我动作实现.外设模块.ixx:24126
yes	特征_当前观察范围可观测单位存在对应闭合状态	特征_当前观察范围可观测单位存在对应闭合状态	自我动作实现.外设模块.ixx:5039	6	按函数名执行对应处理。		自我动作实现.外设模块.ixx:5039;自我动作实现.外设模块.ixx:16312;自我动作实现.外设模块.ixx:16324;自我动作实现.外设模块.ixx:23540;自我动作实现.外设模块.ixx:24092;自我动作实现.外设模块.ixx:24147
yes	特征_当前场景特征值明确状态	特征_当前场景特征值明确状态	自我动作实现.外设模块.ixx:5060	6	按函数名执行对应处理。		自我动作实现.外设模块.ixx:5060;自我动作实现.外设模块.ixx:16315;自我动作实现.外设模块.ixx:16326;自我动作实现.外设模块.ixx:23543;自我动作实现.外设模块.ixx:24095;自我动作实现.外设模块.ixx:24161
yes	特征_当前帧轮廓分区状态	特征_当前帧轮廓分区状态	自我动作实现.外设模块.ixx:5130	6	按函数名执行对应处理。		自我动作实现.外设模块.ixx:5130;自我动作实现.外设模块.ixx:16612;自我动作实现.外设模块.ixx:16629;自我动作实现.外设模块.ixx:24844;自我动作实现.外设模块.ixx:24919;自我动作实现.外设模块.ixx:24952
yes	特征_观察存在确认状态	特征_观察存在确认状态	自我动作实现.外设模块.ixx:5305	6	确认候选事实、存在、状态或运行结果。		自我动作实现.外设模块.ixx:5305;自我动作实现.外设模块.ixx:13234;自我动作实现.外设模块.ixx:13314;自我动作实现.外设模块.ixx:14998;自我动作实现.外设模块.ixx:15127;自我动作实现.外设模块.ixx:16946
yes	特征_方法补齐尝试结果	特征_方法补齐尝试结果	自我动作实现.外设模块.ixx:5473	6	补齐条件、参数、证据或方法能力缺口。		自我动作实现.外设模块.ixx:5473;自我动作实现模块.ixx:1889;自我动作实现模块.ixx:5778;自我动作实现模块.ixx:7001;自我动作实现模块.ixx:9043;自我动作实现模块.ixx:10029
yes	特征_实参生成策略	特征_实参生成策略	自我动作实现.外设模块.ixx:5543	6	根据当前输入生成目标数据、场景、动态或回执。		自我动作实现.外设模块.ixx:5543;自我动作实现模块.ixx:1959;自我动作实现模块.ixx:6175;自我动作实现模块.ixx:6311;自我动作实现模块.ixx:6680;自我动作实现模块.ixx:6696
yes	特征_方法稳定状态	特征_方法稳定状态	自我动作实现.外设模块.ixx:5689	6	按函数名执行对应处理。		自我动作实现.外设模块.ixx:5689;自我动作实现.外设模块.ixx:8993;自我动作实现模块.ixx:2126;自我动作实现模块.ixx:4134;自我动作实现模块.ixx:9939;自我动作实现模块.ixx:10010
yes	方法状态_可用	方法状态_可用	自我动作实现.外设模块.ixx:5716	6	按函数名执行对应处理。		自我动作实现.外设模块.ixx:5716;自我动作实现.外设模块.ixx:8520;自我动作实现模块.ixx:2153;自我动作实现模块.ixx:3587;自我动作实现模块.ixx:7041;自我动作实现模块.ixx:9550
yes	特征_风险状态明确状态	特征_风险状态明确状态	自我动作实现.外设模块.ixx:5813	6	按函数名执行对应处理。		自我动作实现.外设模块.ixx:5813;自我动作实现.外设模块.ixx:15650;自我动作实现.外设模块.ixx:15699;自我动作实现.外设模块.ixx:18934;自我动作实现.外设模块.ixx:19005;自我动作实现模块.ixx:2250
yes	特征_基础风险判断状态	特征_基础风险判断状态	自我动作实现.外设模块.ixx:5827	6	判断条件、状态或业务结果是否成立。		自我动作实现.外设模块.ixx:5827;自我动作实现.外设模块.ixx:15649;自我动作实现.外设模块.ixx:15698;自我动作实现.外设模块.ixx:18833;自我动作实现.外设模块.ixx:19004;自我动作实现.外设模块.ixx:19082
yes	特征_风险安全_场景影响部分候选	特征_风险安全_场景影响部分候选	自我动作实现.外设模块.ixx:6421	6	按函数名执行对应处理。		自我动作实现.外设模块.ixx:6421;自我动作实现.外设模块.ixx:15669;自我动作实现.外设模块.ixx:15719;自我动作实现.外设模块.ixx:19016;自我动作实现.外设模块.ixx:19210;自我动作实现.外设模块.ixx:19283
yes	特征_安全因果因素材料缺失数量	特征_安全因果因素材料缺失数量	自我动作实现.外设模块.ixx:6568	6	按函数名执行对应处理。		自我动作实现.外设模块.ixx:6568;自我动作实现.外设模块.ixx:15763;自我动作实现.外设模块.ixx:19387;自我动作实现.外设模块.ixx:19466;自我动作实现.外设模块.ixx:19544;自我动作实现.外设模块.ixx:19654
yes	特征_安全因果因素冲突数量	特征_安全因果因素冲突数量	自我动作实现.外设模块.ixx:6575	6	按函数名执行对应处理。		自我动作实现.外设模块.ixx:6575;自我动作实现.外设模块.ixx:15764;自我动作实现.外设模块.ixx:19388;自我动作实现.外设模块.ixx:19467;自我动作实现.外设模块.ixx:19545;自我动作实现.外设模块.ixx:19655
yes	特征_安全因果因素评估值候选	特征_安全因果因素评估值候选	自我动作实现.外设模块.ixx:6603	6	评估状态、风险、质量、权重或完成度。		自我动作实现.外设模块.ixx:6603;自我动作实现.外设模块.ixx:15767;自我动作实现.外设模块.ixx:15828;自我动作实现.外设模块.ixx:19390;自我动作实现.外设模块.ixx:19470;自我动作实现.外设模块.ixx:19653
yes	特征_当前场景安全判定状态	特征_当前场景安全判定状态	自我动作实现.外设模块.ixx:6645	6	按函数名执行对应处理。		自我动作实现.外设模块.ixx:6645;自我动作实现.外设模块.ixx:15676;自我动作实现.外设模块.ixx:15703;自我动作实现.外设模块.ixx:15704;自我动作实现.外设模块.ixx:18941;自我动作实现.外设模块.ixx:19023
yes	写入自我场景绝对坐标摘要	写入自我场景绝对坐标摘要	自我动作实现.外设模块.ixx:7464	6	把处理结果写入指定对象、场景或日志。		自我动作实现.外设模块.ixx:7464;自我动作实现.外设模块.ixx:20441;自我动作实现.外设模块.ixx:20590;自我动作实现.外设模块.ixx:20591;自我动作实现.外设模块.ixx:20592;自我动作实现.外设模块.ixx:20593
yes	读取场景I64特征	读取场景I64特征	自我动作实现.外设模块.ixx:7771	6	从指定来源读取数据或状态。		自我动作实现.外设模块.ixx:7771;自我动作实现.外设模块.ixx:12531;自我动作实现.外设模块.ixx:12532;自我动作实现.外设模块.ixx:25395;自我动作实现.外设模块.ixx:25400;自我动作实现模块.ixx:2777
yes	写入目标方法特征派生需求	写入目标方法特征派生需求	自我动作实现.外设模块.ixx:7924	6	把处理结果写入指定对象、场景或日志。		自我动作实现.外设模块.ixx:7924;自我动作实现.外设模块.ixx:8037;自我动作实现.外设模块.ixx:8057;自我动作实现模块.ixx:2880;自我动作实现模块.ixx:3004;自我动作实现模块.ixx:3028
yes	特征_服务结算增量	特征_服务结算增量	自我动作实现.外设模块.ixx:801	6	结算任务、需求、价值或结果贡献。		自我动作实现.外设模块.ixx:801;自我动作实现模块.ixx:305;自我动作实现模块.ixx:7184;自我动作实现模块.ixx:7224;自我动作实现模块.ixx:12332;自我动作实现模块.ixx:12476
yes	运行参数根	运行参数根	自我动作实现.外设模块.ixx:8247	6	执行对应模块、线程或方法的运行逻辑。		自我动作实现.外设模块.ixx:8247;自我动作实现.外设模块.ixx:8575;自我动作实现.外设模块.ixx:8590;自我动作实现模块.ixx:3126;自我动作实现模块.ixx:3896;自我动作实现模块.ixx:3911
yes	抽象结果场景	抽象结果场景	自我动作实现.外设模块.ixx:8269	6	按函数名执行对应处理。		自我动作实现.外设模块.ixx:8269;自我动作实现.外设模块.ixx:9252;自我动作实现模块.ixx:3148;自我动作实现模块.ixx:3652;自我动作实现模块.ixx:3836;自我动作实现模块.ixx:4407
yes	查找等价条件节点_条件结果对归并	查找等价条件节点_条件结果对归并	自我动作实现.外设模块.ixx:8403	6	按条件查找目标对象、方法或事实。		自我动作实现.外设模块.ixx:8403;自我动作实现.外设模块.ixx:9023;自我动作实现模块.ixx:3380;自我动作实现模块.ixx:3655;自我动作实现模块.ixx:3774;自我动作实现模块.ixx:4164
yes	特征_执行回执表	特征_执行回执表	自我动作实现.外设模块.ixx:913	6	执行任务、方法或动作的主体逻辑。		自我动作实现.外设模块.ixx:913;自我动作实现模块.ixx:423;自我动作实现模块.ixx:7117;自我动作实现模块.ixx:7154;自我动作实现模块.ixx:7206;自我动作实现模块.ixx:7236
yes	自我生成空间候选观察队列	自我生成空间候选观察队列	自我动作实现.外部模块.ixx:1007	6	根据当前输入生成目标数据、场景、动态或回执。		自我动作实现.外设模块.ixx:26402;自我动作实现.外部模块.ixx:1007;自我动作实现.外部模块.ixx:1012;自我动作实现模块.ixx:5536;自我动作实现模块.ixx:11547;自我动作实现模块.ixx:11552
yes	自我观察单个空间候选并组合存在假设	自我观察单个空间候选并组合存在假设	自我动作实现.外部模块.ixx:1016	6	按函数名执行对应处理。		自我动作实现.外设模块.ixx:26480;自我动作实现.外部模块.ixx:1016;自我动作实现.外部模块.ixx:1021;自我动作实现模块.ixx:5540;自我动作实现模块.ixx:11556;自我动作实现模块.ixx:11561
yes	自我用空间范围投影覆盖原帧验证像素归属	自我用空间范围投影覆盖原帧验证像素归属	自我动作实现.外部模块.ixx:1025	6	按函数名执行对应处理。		自我动作实现.外设模块.ixx:26562;自我动作实现.外部模块.ixx:1025;自我动作实现.外部模块.ixx:1030;自我动作实现模块.ixx:5544;自我动作实现模块.ixx:11565;自我动作实现模块.ixx:11570
yes	自我确认观察存在并更新帧解释状态	自我确认观察存在并更新帧解释状态	自我动作实现.外部模块.ixx:1034	6	更新已有对象、状态、索引或缓存。		自我动作实现.外设模块.ixx:26646;自我动作实现.外部模块.ixx:1034;自我动作实现.外部模块.ixx:1039;自我动作实现模块.ixx:5548;自我动作实现模块.ixx:11574;自我动作实现模块.ixx:11579
yes	自我确保存在内部世界	自我确保存在内部世界	自我动作实现.外部模块.ixx:1043	6	确保目标结构、状态或前置条件存在并可用。		自我动作实现.外设模块.ixx:25671;自我动作实现.外部模块.ixx:1043;自我动作实现.外部模块.ixx:1048;自我动作实现模块.ixx:5552;自我动作实现模块.ixx:11583;自我动作实现模块.ixx:11588
yes	自我建立存在内外场景接口	自我建立存在内外场景接口	自我动作实现.外部模块.ixx:1052	6	按函数名执行对应处理。		自我动作实现.外设模块.ixx:25689;自我动作实现.外部模块.ixx:1052;自我动作实现.外部模块.ixx:1057;自我动作实现模块.ixx:5556;自我动作实现模块.ixx:11592;自我动作实现模块.ixx:11597
yes	自我将存在局部观察切片映射到内部世界	自我将存在局部观察切片映射到内部世界	自我动作实现.外部模块.ixx:1061	6	按函数名执行对应处理。		自我动作实现.外设模块.ixx:25707;自我动作实现.外部模块.ixx:1061;自我动作实现.外部模块.ixx:1066;自我动作实现模块.ixx:5560;自我动作实现模块.ixx:11601;自我动作实现模块.ixx:11606
yes	自我在内部世界提取子候选	自我在内部世界提取子候选	自我动作实现.外部模块.ixx:1070	6	按函数名执行对应处理。		自我动作实现.外设模块.ixx:25725;自我动作实现.外部模块.ixx:1070;自我动作实现.外部模块.ixx:1075;自我动作实现模块.ixx:5564;自我动作实现模块.ixx:11610;自我动作实现模块.ixx:11615
yes	自我确认内部世界子存在	自我确认内部世界子存在	自我动作实现.外部模块.ixx:1079	6	确认候选事实、存在、状态或运行结果。		自我动作实现.外设模块.ixx:25743;自我动作实现.外部模块.ixx:1079;自我动作实现.外部模块.ixx:1084;自我动作实现模块.ixx:5568;自我动作实现模块.ixx:11619;自我动作实现模块.ixx:11624
yes	提交确认内部世界子存在事实	提交确认内部世界子存在事实	自我动作实现.外部模块.ixx:1088	6	提交事实、动态、任务状态或运行回执。		自我动作实现.外设模块.ixx:25761;自我动作实现.外部模块.ixx:1088;自我动作实现.外部模块.ixx:1093;自我动作实现模块.ixx:5572;自我动作实现模块.ixx:11628;自我动作实现模块.ixx:11633
yes	安全搜索安全因果因素证据	安全搜索安全因果因素证据	自我动作实现.外部模块.ixx:1097	6	在候选范围内搜索目标对象或路径。		自我动作实现.外设模块.ixx:19333;自我动作实现.外部模块.ixx:1097;自我动作实现.外部模块.ixx:1102;自我动作实现模块.ixx:5480;自我动作实现模块.ixx:11430;自我动作实现模块.ixx:11435
yes	提交安全因果因素无负证据默认满足	提交安全因果因素无负证据默认满足	自我动作实现.外部模块.ixx:1106	6	提交事实、动态、任务状态或运行回执。		自我动作实现.外设模块.ixx:19515;自我动作实现.外部模块.ixx:1106;自我动作实现.外部模块.ixx:1111;自我动作实现模块.ixx:5484;自我动作实现模块.ixx:11439;自我动作实现模块.ixx:11444
yes	提交安全因果因素证据评估值	提交安全因果因素证据评估值	自我动作实现.外部模块.ixx:1115	6	提交事实、动态、任务状态或运行回执。		自我动作实现.外设模块.ixx:19627;自我动作实现.外部模块.ixx:1115;自我动作实现.外部模块.ixx:1120;自我动作实现模块.ixx:5488;自我动作实现模块.ixx:11448;自我动作实现模块.ixx:11453
yes	自我递归细分存在内部世界	自我递归细分存在内部世界	自我动作实现.外部模块.ixx:1124	6	按函数名执行对应处理。		自我动作实现.外设模块.ixx:25926;自我动作实现.外部模块.ixx:1124;自我动作实现.外部模块.ixx:1129;自我动作实现模块.ixx:5576;自我动作实现模块.ixx:11637;自我动作实现模块.ixx:11642
yes	自我匹配当前观察存在与历史观察存在	自我匹配当前观察存在与历史观察存在	自我动作实现.外部模块.ixx:1133	6	按函数名执行对应处理。		自我动作实现.外设模块.ixx:26061;自我动作实现.外部模块.ixx:1133;自我动作实现.外部模块.ixx:1138;自我动作实现模块.ixx:5612;自我动作实现模块.ixx:11646;自我动作实现模块.ixx:11651
yes	自我比较存在特征变化	自我比较存在特征变化	自我动作实现.外部模块.ixx:1142	6	比较当前值、目标值或历史基准。		自我动作实现.外设模块.ixx:26079;自我动作实现.外部模块.ixx:1142;自我动作实现.外部模块.ixx:1147;自我动作实现模块.ixx:5616;自我动作实现模块.ixx:11655;自我动作实现模块.ixx:11660
yes	自我生成观察变化事件	自我生成观察变化事件	自我动作实现.外部模块.ixx:1151	6	根据当前输入生成目标数据、场景、动态或回执。		自我动作实现.外设模块.ixx:26097;自我动作实现.外部模块.ixx:1151;自我动作实现.外部模块.ixx:1156;自我动作实现模块.ixx:5620;自我动作实现模块.ixx:11664;自我动作实现模块.ixx:11669
yes	自我导出当前场景识别快照	自我导出当前场景识别快照	自我动作实现.外部模块.ixx:1160	6	执行识别相关匹配、确认或结果输出逻辑。		自我动作实现.外设模块.ixx:26224;自我动作实现.外部模块.ixx:1160;自我动作实现.外部模块.ixx:1165;自我动作实现模块.ixx:5624;自我动作实现模块.ixx:11673;自我动作实现模块.ixx:11678
yes	自我导出OpenGL复现数据	自我导出OpenGL复现数据	自我动作实现.外部模块.ixx:1169	6	导出数据、文档、状态或可视化内容。		自我动作实现.外设模块.ixx:26242;自我动作实现.外部模块.ixx:1169;自我动作实现.外部模块.ixx:1174;自我动作实现模块.ixx:5628;自我动作实现模块.ixx:11682;自我动作实现模块.ixx:11687
yes	确认自我诊断观察质量缺口并派生补观察需求规格	确认自我诊断观察质量缺口并派生补观察需求规格	自我动作实现.外部模块.ixx:134	6	确认候选事实、存在、状态或运行结果。		自我动作实现.外设模块.ixx:16668;自我动作实现.外部模块.ixx:134;自我动作实现.外部模块.ixx:139;自我动作实现模块.ixx:7465;自我动作实现模块.ixx:7470;自我动作实现模块.ixx:8187
yes	确认自我判断基础观察事实可用性规格	确认自我判断基础观察事实可用性规格	自我动作实现.外部模块.ixx:143	6	判断条件、状态或业务结果是否成立。		自我动作实现.外设模块.ixx:15599;自我动作实现.外部模块.ixx:143;自我动作实现.外部模块.ixx:148;自我动作实现模块.ixx:7474;自我动作实现模块.ixx:7479;自我动作实现模块.ixx:8189
yes	确认安全评估当前场景安全性规格	确认安全评估当前场景安全性规格	自我动作实现.外部模块.ixx:152	6	评估状态、风险、质量、权重或完成度。		自我动作实现.外设模块.ixx:15630;自我动作实现.外部模块.ixx:152;自我动作实现.外部模块.ixx:157;自我动作实现模块.ixx:7489;自我动作实现模块.ixx:7494;自我动作实现模块.ixx:8191
yes	确认自我读取自我关键特征变化规格	确认自我读取自我关键特征变化规格	自我动作实现.外部模块.ixx:161	6	从指定来源读取数据或状态。		自我动作实现.外设模块.ixx:15841;自我动作实现.外部模块.ixx:161;自我动作实现.外部模块.ixx:166;自我动作实现模块.ixx:7502;自我动作实现模块.ixx:7507;自我动作实现模块.ixx:8193
yes	确认安全构造场景影响因果候选规格	确认安全构造场景影响因果候选规格	自我动作实现.外部模块.ixx:170	6	确认候选事实、存在、状态或运行结果。		自我动作实现.外设模块.ixx:15940;自我动作实现.外部模块.ixx:170;自我动作实现.外部模块.ixx:175;自我动作实现模块.ixx:7541;自我动作实现模块.ixx:7546;自我动作实现模块.ixx:8199
yes	确认自我明确当前场景持续观察需求规格	确认自我明确当前场景持续观察需求规格	自我动作实现.外部模块.ixx:179	6	确认候选事实、存在、状态或运行结果。		自我动作实现.外设模块.ixx:15971;自我动作实现.外部模块.ixx:179;自我动作实现.外部模块.ixx:184;自我动作实现模块.ixx:7554;自我动作实现模块.ixx:7559;自我动作实现模块.ixx:8201
yes	确认安全持续观察当前场景规格	确认安全持续观察当前场景规格	自我动作实现.外部模块.ixx:188	6	确认候选事实、存在、状态或运行结果。		自我动作实现.外设模块.ixx:15996;自我动作实现.外部模块.ixx:188;自我动作实现.外部模块.ixx:193;自我动作实现模块.ixx:7567;自我动作实现模块.ixx:7572;自我动作实现模块.ixx:8203
yes	确认自我明确负向影响处置需求规格	确认自我明确负向影响处置需求规格	自我动作实现.外部模块.ixx:197	6	确认候选事实、存在、状态或运行结果。		自我动作实现.外设模块.ixx:16023;自我动作实现.外部模块.ixx:197;自我动作实现.外部模块.ixx:202;自我动作实现模块.ixx:7580;自我动作实现模块.ixx:7585;自我动作实现模块.ixx:8205
yes	确认安全执行降级保护规格	确认安全执行降级保护规格	自我动作实现.外部模块.ixx:206	6	执行任务、方法或动作的主体逻辑。		自我动作实现.外设模块.ixx:16049;自我动作实现.外部模块.ixx:206;自我动作实现.外部模块.ixx:211;自我动作实现模块.ixx:7593;自我动作实现模块.ixx:7598;自我动作实现模块.ixx:8207
yes	确认自我验证外设观察像素簇候选规格	确认自我验证外设观察像素簇候选规格	自我动作实现.外部模块.ixx:215	6	确认候选事实、存在、状态或运行结果。		自我动作实现.外设模块.ixx:16438;自我动作实现.外部模块.ixx:215;自我动作实现.外部模块.ixx:220;自我动作实现模块.ixx:7606;自我动作实现模块.ixx:7611;自我动作实现模块.ixx:8209
yes	确认自我识别外设观察材料规格	确认自我识别外设观察材料规格	自我动作实现.外部模块.ixx:224	6	执行识别相关匹配、确认或结果输出逻辑。		自我动作实现.外设模块.ixx:16111;自我动作实现.外部模块.ixx:224;自我动作实现.外部模块.ixx:229;自我动作实现模块.ixx:7619;自我动作实现模块.ixx:7624;自我动作实现模块.ixx:8211
yes	确认自我跟踪指定存在规格	确认自我跟踪指定存在规格	自我动作实现.外部模块.ixx:233	6	执行跟踪相关定位、匹配或结果输出逻辑。		自我动作实现.外设模块.ixx:16221;自我动作实现.外部模块.ixx:233;自我动作实现.外部模块.ixx:238;自我动作实现模块.ixx:7645;自我动作实现模块.ixx:7650;自我动作实现模块.ixx:8215
yes	确认自我提交目标观察约束特征组规格	确认自我提交目标观察约束特征组规格	自我动作实现.外部模块.ixx:242	6	提交事实、动态、任务状态或运行回执。		自我动作实现.外设模块.ixx:16075;自我动作实现.外部模块.ixx:242;自我动作实现.外部模块.ixx:247;自我动作实现模块.ixx:7658;自我动作实现模块.ixx:7663;自我动作实现模块.ixx:8217
yes	确认自我确认外设观察存在候选规格	确认自我确认外设观察存在候选规格	自我动作实现.外部模块.ixx:251	6	确认候选事实、存在、状态或运行结果。		自我动作实现.外设模块.ixx:16523;自我动作实现.外部模块.ixx:251;自我动作实现.外部模块.ixx:256;自我动作实现模块.ixx:7671;自我动作实现模块.ixx:7676;自我动作实现模块.ixx:8219
yes	确认双目相机检查运行状态规格	确认双目相机检查运行状态规格	自我动作实现.外部模块.ixx:26	6	检查状态、条件、缺口或运行约束。		自我动作实现.外设模块.ixx:15237;自我动作实现.外部模块.ixx:26;自我动作实现.外部模块.ixx:31;自我动作实现模块.ixx:7357;自我动作实现模块.ixx:7362;自我动作实现模块.ixx:8311
yes	确认提交确认观察存在事实规格	确认提交确认观察存在事实规格	自我动作实现.外部模块.ixx:260	6	提交事实、动态、任务状态或运行回执。		自我动作实现.外设模块.ixx:16558;自我动作实现.外部模块.ixx:260;自我动作实现.外部模块.ixx:265;自我动作实现模块.ixx:7684;自我动作实现模块.ixx:7689;自我动作实现模块.ixx:8221
yes	确认提交观察存在特征值变化事实规格	确认提交观察存在特征值变化事实规格	自我动作实现.外部模块.ixx:269	6	提交事实、动态、任务状态或运行回执。		自我动作实现.外设模块.ixx:16371;自我动作实现.外部模块.ixx:269;自我动作实现.外部模块.ixx:274;自我动作实现模块.ixx:7693;自我动作实现模块.ixx:7698;自我动作实现模块.ixx:8223
yes	确认提交指定存在跟踪事实规格	确认提交指定存在跟踪事实规格	自我动作实现.外部模块.ixx:278	6	提交事实、动态、任务状态或运行回执。		自我动作实现.外设模块.ixx:16406;自我动作实现.外部模块.ixx:278;自我动作实现.外部模块.ixx:283;自我动作实现模块.ixx:7702;自我动作实现模块.ixx:7707;自我动作实现模块.ixx:8225
yes	确认提交当前观察范围可观测单位存在对应事实规格	确认提交当前观察范围可观测单位存在对应事实规格	自我动作实现.外部模块.ixx:287	6	提交事实、动态、任务状态或运行回执。		自我动作实现.外设模块.ixx:16276;自我动作实现.外部模块.ixx:287;自我动作实现.外部模块.ixx:292;自我动作实现模块.ixx:7711;自我动作实现模块.ixx:7716;自我动作实现模块.ixx:8227
yes	确认提交观察存在发现事实规格	确认提交观察存在发现事实规格	自我动作实现.外部模块.ixx:296	6	提交事实、动态、任务状态或运行回执。		自我动作实现.外设模块.ixx:16337;自我动作实现.外部模块.ixx:296;自我动作实现.外部模块.ixx:301;自我动作实现模块.ixx:7720;自我动作实现模块.ixx:7725;自我动作实现模块.ixx:8229
yes	确认提交风险安全场景影响部分状态变化规格	确认提交风险安全场景影响部分状态变化规格	自我动作实现.外部模块.ixx:305	6	提交事实、动态、任务状态或运行回执。		自我动作实现.外设模块.ixx:15709;自我动作实现.外部模块.ixx:305;自我动作实现.外部模块.ixx:310;自我动作实现模块.ixx:7729;自我动作实现模块.ixx:7734;自我动作实现模块.ixx:8231
yes	确认自我按已确认轮廓分区当前帧规格	确认自我按已确认轮廓分区当前帧规格	自我动作实现.外部模块.ixx:314	6	确认候选事实、存在、状态或运行结果。		自我动作实现.外设模块.ixx:16597;自我动作实现.外部模块.ixx:314;自我动作实现.外部模块.ixx:319;自我动作实现模块.ixx:7769;自我动作实现模块.ixx:7774;自我动作实现模块.ixx:8241
yes	确认自我建立最小自我边界参照规格	确认自我建立最小自我边界参照规格	自我动作实现.外部模块.ixx:323	6	确认候选事实、存在、状态或运行结果。		自我动作实现.外设模块.ixx:15868;自我动作实现.外部模块.ixx:323;自我动作实现.外部模块.ixx:328;自我动作实现模块.ixx:7515;自我动作实现模块.ixx:7520;自我动作实现模块.ixx:8195
yes	确认自我生成存在自我相对安全特征规格	确认自我生成存在自我相对安全特征规格	自我动作实现.外部模块.ixx:332	6	根据当前输入生成目标数据、场景、动态或回执。		自我动作实现.外设模块.ixx:15908;自我动作实现.外部模块.ixx:332;自我动作实现.外部模块.ixx:337;自我动作实现模块.ixx:7528;自我动作实现模块.ixx:7533;自我动作实现模块.ixx:8197
yes	确认自我调整相机参数并重采样规格	确认自我调整相机参数并重采样规格	自我动作实现.外部模块.ixx:341	6	确认候选事实、存在、状态或运行结果。		自我动作实现.外设模块.ixx:16706;自我动作实现.外部模块.ixx:341;自我动作实现.外部模块.ixx:346;自我动作实现模块.ixx:7782;自我动作实现模块.ixx:7787;自我动作实现模块.ixx:8243
yes	确认双目相机刷新当前观察场景规格	确认双目相机刷新当前观察场景规格	自我动作实现.外部模块.ixx:35	6	确认候选事实、存在、状态或运行结果。		自我动作实现.外设模块.ixx:15265;自我动作实现.外部模块.ixx:35;自我动作实现.外部模块.ixx:40;自我动作实现模块.ixx:7366;自我动作实现模块.ixx:7371;自我动作实现模块.ixx:8313
yes	确认自我按ROI重算观察质量规格	确认自我按ROI重算观察质量规格	自我动作实现.外部模块.ixx:350	6	确认候选事实、存在、状态或运行结果。		自我动作实现.外设模块.ixx:16715;自我动作实现.外部模块.ixx:350;自我动作实现.外部模块.ixx:355;自我动作实现模块.ixx:7791;自我动作实现模块.ixx:7796;自我动作实现模块.ixx:8245
yes	确认自我执行多帧重采样并择优规格	确认自我执行多帧重采样并择优规格	自我动作实现.外部模块.ixx:359	6	执行任务、方法或动作的主体逻辑。		自我动作实现.外设模块.ixx:16724;自我动作实现.外部模块.ixx:359;自我动作实现.外部模块.ixx:364;自我动作实现模块.ixx:7800;自我动作实现模块.ixx:7805;自我动作实现模块.ixx:8247
yes	确认自我生成低置信补偿观察候选规格	确认自我生成低置信补偿观察候选规格	自我动作实现.外部模块.ixx:368	6	根据当前输入生成目标数据、场景、动态或回执。		自我动作实现.外设模块.ixx:16733;自我动作实现.外部模块.ixx:368;自我动作实现.外部模块.ixx:373;自我动作实现模块.ixx:7809;自我动作实现模块.ixx:7814;自我动作实现模块.ixx:8249
yes	确认自我调整外设观察姿态规格	确认自我调整外设观察姿态规格	自我动作实现.外部模块.ixx:377	6	确认候选事实、存在、状态或运行结果。		自我动作实现.外设模块.ixx:16742;自我动作实现.外部模块.ixx:377;自我动作实现.外部模块.ixx:382;自我动作实现模块.ixx:7818;自我动作实现模块.ixx:7823;自我动作实现模块.ixx:8251
yes	确认自我调整观察位置规格	确认自我调整观察位置规格	自我动作实现.外部模块.ixx:386	6	确认候选事实、存在、状态或运行结果。		自我动作实现.外设模块.ixx:16751;自我动作实现.外部模块.ixx:386;自我动作实现.外部模块.ixx:391;自我动作实现模块.ixx:7827;自我动作实现模块.ixx:7832;自我动作实现模块.ixx:8253
yes	确认自我按像素坐标回查观察事实规格	确认自我按像素坐标回查观察事实规格	自我动作实现.外部模块.ixx:395	6	确认候选事实、存在、状态或运行结果。		自我动作实现.外设模块.ixx:16760;自我动作实现.外部模块.ixx:395;自我动作实现.外部模块.ixx:400;自我动作实现模块.ixx:7836;自我动作实现模块.ixx:7841;自我动作实现模块.ixx:8255
yes	确认双目相机发现候选存在规格	确认双目相机发现候选存在规格	自我动作实现.外部模块.ixx:44	6	确认候选事实、存在、状态或运行结果。		自我动作实现.外设模块.ixx:17265;自我动作实现.外部模块.ixx:44;自我动作实现.外部模块.ixx:49;自我动作实现模块.ixx:7375;自我动作实现模块.ixx:7380;自我动作实现模块.ixx:8315
yes	确认自我确保存在内部世界规格	确认自我确保存在内部世界规格	自我动作实现.外部模块.ixx:458	6	确保目标结构、状态或前置条件存在并可用。		自我动作实现.外设模块.ixx:16992;自我动作实现.外部模块.ixx:458;自我动作实现.外部模块.ixx:463;自我动作实现模块.ixx:7899;自我动作实现模块.ixx:7904;自我动作实现模块.ixx:8267
yes	确认自我递归细分存在内部世界规格	确认自我递归细分存在内部世界规格	自我动作实现.外部模块.ixx:512	6	确认候选事实、存在、状态或运行结果。		自我动作实现.外设模块.ixx:17096;自我动作实现.外部模块.ixx:512;自我动作实现.外部模块.ixx:517;自我动作实现模块.ixx:7953;自我动作实现模块.ixx:7958;自我动作实现模块.ixx:8279
yes	确认安全搜索安全因果因素证据规格	确认安全搜索安全因果因素证据规格	自我动作实现.外部模块.ixx:521	6	在候选范围内搜索目标对象或路径。		自我动作实现.外设模块.ixx:15735;自我动作实现.外部模块.ixx:521;自我动作实现.外部模块.ixx:526;自我动作实现模块.ixx:7738;自我动作实现模块.ixx:7743;自我动作实现模块.ixx:8233
yes	确认提交安全因果因素无负证据默认满足规格	确认提交安全因果因素无负证据默认满足规格	自我动作实现.外部模块.ixx:530	6	提交事实、动态、任务状态或运行回执。		自我动作实现.外设模块.ixx:15795;自我动作实现.外部模块.ixx:530;自我动作实现.外部模块.ixx:535;自我动作实现模块.ixx:7751;自我动作实现模块.ixx:7756;自我动作实现模块.ixx:8235
yes	确认提交安全因果因素证据评估值规格	确认提交安全因果因素证据评估值规格	自我动作实现.外部模块.ixx:539	6	提交事实、动态、任务状态或运行回执。		自我动作实现.外设模块.ixx:15818;自我动作实现.外部模块.ixx:539;自我动作实现.外部模块.ixx:544;自我动作实现模块.ixx:7760;自我动作实现模块.ixx:7765;自我动作实现模块.ixx:8237
yes	确认自我生成观察变化事件规格	确认自我生成观察变化事件规格	自我动作实现.外部模块.ixx:566	6	根据当前输入生成目标数据、场景、动态或回执。		自我动作实现.外设模块.ixx:17171;自我动作实现.外部模块.ixx:566;自我动作实现.外部模块.ixx:571;自我动作实现模块.ixx:7980;自我动作实现模块.ixx:7985;自我动作实现模块.ixx:8285
yes	确认自我导出OpenGL复现数据规格	确认自我导出OpenGL复现数据规格	自我动作实现.外部模块.ixx:584	6	确认候选事实、存在、状态或运行结果。		自我动作实现.外设模块.ixx:17240;自我动作实现.外部模块.ixx:584;自我动作实现.外部模块.ixx:589;自我动作实现模块.ixx:7998;自我动作实现模块.ixx:8003;自我动作实现模块.ixx:8289
yes	使双目相机达到可用状态	使双目相机达到可用状态	自我动作实现.外部模块.ixx:593	6	按函数名执行对应处理。		自我动作实现.外设模块.ixx:17513;自我动作实现.外部模块.ixx:593;自我动作实现.外部模块.ixx:598;自我动作实现模块.ixx:5580;自我动作实现模块.ixx:11097;自我动作实现模块.ixx:11102
yes	释放双目相机	释放双目相机	自我动作实现.外部模块.ixx:602	6	按函数名执行对应处理。		自我动作实现.外设模块.ixx:17593;自我动作实现.外部模块.ixx:602;自我动作实现.外部模块.ixx:607;自我动作实现模块.ixx:5584;自我动作实现模块.ixx:11106;自我动作实现模块.ixx:11111
yes	检查双目相机运行状态	检查双目相机运行状态	自我动作实现.外部模块.ixx:611	6	检查状态、条件、缺口或运行约束。		自我动作实现.外设模块.ixx:17666;自我动作实现.外部模块.ixx:611;自我动作实现.外部模块.ixx:616;自我动作实现模块.ixx:5588;自我动作实现模块.ixx:11115;自我动作实现模块.ixx:11120
yes	用双目相机刷新当前观察场景	用双目相机刷新当前观察场景	自我动作实现.外部模块.ixx:620	6	按函数名执行对应处理。		自我动作实现.外设模块.ixx:17737;自我动作实现.外部模块.ixx:620;自我动作实现.外部模块.ixx:625;自我动作实现模块.ixx:5592;自我动作实现模块.ixx:11124;自我动作实现模块.ixx:11129
yes	用双目相机发现候选存在	用双目相机发现候选存在	自我动作实现.外部模块.ixx:629	6	按函数名执行对应处理。		自我动作实现.外设模块.ixx:26743;自我动作实现.外部模块.ixx:629;自我动作实现.外部模块.ixx:634;自我动作实现模块.ixx:5596;自我动作实现模块.ixx:11133;自我动作实现模块.ixx:11138
yes	用双目相机取得当前观察帧	用双目相机取得当前观察帧	自我动作实现.外部模块.ixx:638	6	取得指定对象、状态或运行材料。		自我动作实现.外设模块.ixx:17809;自我动作实现.外部模块.ixx:638;自我动作实现.外部模块.ixx:643;自我动作实现模块.ixx:5600;自我动作实现模块.ixx:11142;自我动作实现模块.ixx:11147
yes	用双目相机取得当前观察特征帧	用双目相机取得当前观察特征帧	自我动作实现.外部模块.ixx:647	6	取得指定对象、状态或运行材料。		自我动作实现.外设模块.ixx:17873;自我动作实现.外部模块.ixx:647;自我动作实现.外部模块.ixx:652;自我动作实现模块.ixx:5604;自我动作实现模块.ixx:11151;自我动作实现模块.ixx:11156
yes	用双目相机建立当前帧像素特征索引	用双目相机建立当前帧像素特征索引	自我动作实现.外部模块.ixx:656	6	按函数名执行对应处理。		自我动作实现.外设模块.ixx:18076;自我动作实现.外部模块.ixx:656;自我动作实现.外部模块.ixx:661;自我动作实现模块.ixx:5608;自我动作实现模块.ixx:11160;自我动作实现模块.ixx:11165
yes	自我建立观察帧存在	自我建立观察帧存在	自我动作实现.外部模块.ixx:665	6	按函数名执行对应处理。		自我动作实现.外设模块.ixx:17939;自我动作实现.外部模块.ixx:665;自我动作实现.外部模块.ixx:670;自我动作实现模块.ixx:5364;自我动作实现模块.ixx:11169;自我动作实现模块.ixx:11174
yes	自我建立观察帧到自我场景接口	自我建立观察帧到自我场景接口	自我动作实现.外部模块.ixx:674	6	按函数名执行对应处理。		自我动作实现.外设模块.ixx:18011;自我动作实现.外部模块.ixx:674;自我动作实现.外部模块.ixx:679;自我动作实现模块.ixx:5368;自我动作实现模块.ixx:11178;自我动作实现模块.ixx:11183
yes	自我建立像素观察事实索引	自我建立像素观察事实索引	自我动作实现.外部模块.ixx:683	6	按函数名执行对应处理。		自我动作实现.外设模块.ixx:18147;自我动作实现.外部模块.ixx:683;自我动作实现.外部模块.ixx:688;自我动作实现模块.ixx:5372;自我动作实现模块.ixx:11187;自我动作实现模块.ixx:11192
yes	自我承接像素特征值	自我承接像素特征值	自我动作实现.外部模块.ixx:692	6	按函数名执行对应处理。		自我动作实现.外设模块.ixx:18230;自我动作实现.外部模块.ixx:692;自我动作实现.外部模块.ixx:697;自我动作实现模块.ixx:5376;自我动作实现模块.ixx:11196;自我动作实现模块.ixx:11201
yes	自我校验观察事实完备性	自我校验观察事实完备性	自我动作实现.外部模块.ixx:701	6	按函数名执行对应处理。		自我动作实现.外设模块.ixx:18314;自我动作实现.外部模块.ixx:701;自我动作实现.外部模块.ixx:706;自我动作实现模块.ixx:5380;自我动作实现模块.ixx:11205;自我动作实现模块.ixx:11210
yes	确认双目相机建立当前帧像素特征索引规格	确认双目相机建立当前帧像素特征索引规格	自我动作实现.外部模块.ixx:71	6	确认候选事实、存在、状态或运行结果。		自我动作实现.外设模块.ixx:15433;自我动作实现.外部模块.ixx:71;自我动作实现.外部模块.ixx:76;自我动作实现模块.ixx:7402;自我动作实现模块.ixx:7407;自我动作实现模块.ixx:8319
yes	自我评估观察帧质量	自我评估观察帧质量	自我动作实现.外部模块.ixx:710	6	评估状态、风险、质量、权重或完成度。		自我动作实现.外设模块.ixx:18398;自我动作实现.外部模块.ixx:710;自我动作实现.外部模块.ixx:715;自我动作实现模块.ixx:5384;自我动作实现模块.ixx:11214;自我动作实现模块.ixx:11219
yes	自我诊断观察质量缺口并派生补观察需求	自我诊断观察质量缺口并派生补观察需求	自我动作实现.外部模块.ixx:719	6	按函数名执行对应处理。		自我动作实现.外设模块.ixx:25062;自我动作实现.外部模块.ixx:719;自我动作实现.外部模块.ixx:724;自我动作实现模块.ixx:5388;自我动作实现模块.ixx:11223;自我动作实现模块.ixx:11228
yes	自我判断基础观察事实可用性	自我判断基础观察事实可用性	自我动作实现.外部模块.ixx:728	6	判断条件、状态或业务结果是否成立。		自我动作实现.外设模块.ixx:18482;自我动作实现.外部模块.ixx:728;自我动作实现.外部模块.ixx:733;自我动作实现模块.ixx:5392;自我动作实现模块.ixx:11232;自我动作实现模块.ixx:11237
yes	安全评估当前场景安全性	安全评估当前场景安全性	自我动作实现.外部模块.ixx:737	6	评估状态、风险、质量、权重或完成度。		自我动作实现.外设模块.ixx:18590;自我动作实现.外部模块.ixx:737;自我动作实现.外部模块.ixx:742;自我动作实现模块.ixx:5396;自我动作实现模块.ixx:11241;自我动作实现模块.ixx:11246
yes	自我读取自我关键特征变化	自我读取自我关键特征变化	自我动作实现.外部模块.ixx:746	6	从指定来源读取数据或状态。		自我动作实现.外设模块.ixx:20182;自我动作实现.外部模块.ixx:746;自我动作实现.外部模块.ixx:751;自我动作实现模块.ixx:5400;自我动作实现模块.ixx:11250;自我动作实现模块.ixx:11255
yes	安全构造场景影响因果候选	安全构造场景影响因果候选	自我动作实现.外部模块.ixx:755	6	按函数名执行对应处理。		自我动作实现.外设模块.ixx:20744;自我动作实现.外部模块.ixx:755;自我动作实现.外部模块.ixx:760;自我动作实现模块.ixx:5412;自我动作实现模块.ixx:11277;自我动作实现模块.ixx:11282
yes	自我明确当前场景持续观察需求	自我明确当前场景持续观察需求	自我动作实现.外部模块.ixx:764	6	按函数名执行对应处理。		自我动作实现.外设模块.ixx:19739;自我动作实现.外部模块.ixx:764;自我动作实现.外部模块.ixx:769;自我动作实现模块.ixx:5416;自我动作实现模块.ixx:11286;自我动作实现模块.ixx:11291
yes	安全持续观察当前场景	安全持续观察当前场景	自我动作实现.外部模块.ixx:773	6	按函数名执行对应处理。		自我动作实现.外设模块.ixx:19842;自我动作实现.外部模块.ixx:773;自我动作实现.外部模块.ixx:778;自我动作实现模块.ixx:5420;自我动作实现模块.ixx:11295;自我动作实现模块.ixx:11300
yes	自我明确负向影响处置需求	自我明确负向影响处置需求	自我动作实现.外部模块.ixx:782	6	按函数名执行对应处理。		自我动作实现.外设模块.ixx:19953;自我动作实现.外部模块.ixx:782;自我动作实现.外部模块.ixx:787;自我动作实现模块.ixx:5424;自我动作实现模块.ixx:11304;自我动作实现模块.ixx:11309
yes	安全执行降级保护	安全执行降级保护	自我动作实现.外部模块.ixx:791	6	执行任务、方法或动作的主体逻辑。		自我动作实现.外设模块.ixx:20067;自我动作实现.外部模块.ixx:791;自我动作实现.外部模块.ixx:796;自我动作实现模块.ixx:5428;自我动作实现模块.ixx:11313;自我动作实现模块.ixx:11318
yes	自我验证外设观察像素簇候选	自我验证外设观察像素簇候选	自我动作实现.外部模块.ixx:800	6	按函数名执行对应处理。		自我动作实现.外设模块.ixx:22160;自我动作实现.外部模块.ixx:800;自我动作实现.外部模块.ixx:805;自我动作实现模块.ixx:5432;自我动作实现模块.ixx:11322;自我动作实现模块.ixx:11327
yes	自我识别外设观察材料	自我识别外设观察材料	自我动作实现.外部模块.ixx:809	6	执行识别相关匹配、确认或结果输出逻辑。		自我动作实现.外设模块.ixx:21210;自我动作实现.外部模块.ixx:809;自我动作实现.外部模块.ixx:814;自我动作实现模块.ixx:5436;自我动作实现模块.ixx:11331;自我动作实现模块.ixx:11336
yes	自我跟踪指定存在	自我跟踪指定存在	自我动作实现.外部模块.ixx:818	6	执行跟踪相关定位、匹配或结果输出逻辑。		自我动作实现.外设模块.ixx:21707;自我动作实现.外部模块.ixx:818;自我动作实现.外部模块.ixx:823;自我动作实现模块.ixx:5444;自我动作实现模块.ixx:11349;自我动作实现模块.ixx:11354
yes	自我提交目标观察约束特征组	自我提交目标观察约束特征组	自我动作实现.外部模块.ixx:827	6	提交事实、动态、任务状态或运行回执。		自我动作实现.外设模块.ixx:20942;自我动作实现.外部模块.ixx:827;自我动作实现.外部模块.ixx:832;自我动作实现模块.ixx:5448;自我动作实现模块.ixx:11358;自我动作实现模块.ixx:11363
yes	自我确认外设观察存在候选	自我确认外设观察存在候选	自我动作实现.外部模块.ixx:836	6	确认候选事实、存在、状态或运行结果。		自我动作实现.外设模块.ixx:22591;自我动作实现.外部模块.ixx:836;自我动作实现.外部模块.ixx:841;自我动作实现模块.ixx:5452;自我动作实现模块.ixx:11367;自我动作实现模块.ixx:11372
yes	提交确认观察存在事实	提交确认观察存在事实	自我动作实现.外部模块.ixx:845	6	提交事实、动态、任务状态或运行回执。		自我动作实现.外设模块.ixx:22772;自我动作实现.外部模块.ixx:845;自我动作实现.外部模块.ixx:850;自我动作实现模块.ixx:5456;自我动作实现模块.ixx:11376;自我动作实现模块.ixx:11381
yes	提交观察存在特征值变化事实	提交观察存在特征值变化事实	自我动作实现.外部模块.ixx:854	6	提交事实、动态、任务状态或运行回执。		自我动作实现.外设模块.ixx:24445;自我动作实现.外部模块.ixx:854;自我动作实现.外部模块.ixx:859;自我动作实现模块.ixx:5460;自我动作实现模块.ixx:11385;自我动作实现模块.ixx:11390
yes	提交指定存在跟踪事实	提交指定存在跟踪事实	自我动作实现.外部模块.ixx:863	6	提交事实、动态、任务状态或运行回执。		自我动作实现.外设模块.ixx:24630;自我动作实现.外部模块.ixx:863;自我动作实现.外部模块.ixx:868;自我动作实现模块.ixx:5464;自我动作实现模块.ixx:11394;自我动作实现模块.ixx:11399
yes	提交当前观察范围可观测单位存在对应事实	提交当前观察范围可观测单位存在对应事实	自我动作实现.外部模块.ixx:872	6	提交事实、动态、任务状态或运行回执。		自我动作实现.外设模块.ixx:23210;自我动作实现.外部模块.ixx:872;自我动作实现.外部模块.ixx:877;自我动作实现模块.ixx:5468;自我动作实现模块.ixx:11403;自我动作实现模块.ixx:11408
yes	提交观察存在发现事实	提交观察存在发现事实	自我动作实现.外部模块.ixx:881	6	提交事实、动态、任务状态或运行回执。		自我动作实现.外设模块.ixx:24279;自我动作实现.外部模块.ixx:881;自我动作实现.外部模块.ixx:886;自我动作实现模块.ixx:5472;自我动作实现模块.ixx:11412;自我动作实现模块.ixx:11417
yes	确认自我建立观察帧到自我场景接口规格	确认自我建立观察帧到自我场景接口规格	自我动作实现.外部模块.ixx:89	6	确认候选事实、存在、状态或运行结果。		自我动作实现.外设模块.ixx:15491;自我动作实现.外部模块.ixx:89;自我动作实现.外部模块.ixx:94;自我动作实现模块.ixx:7420;自我动作实现模块.ixx:7425;自我动作实现模块.ixx:8177
yes	提交风险安全场景影响部分状态变化	提交风险安全场景影响部分状态变化	自我动作实现.外部模块.ixx:890	6	提交事实、动态、任务状态或运行回执。		自我动作实现.外设模块.ixx:19181;自我动作实现.外部模块.ixx:890;自我动作实现.外部模块.ixx:895;自我动作实现模块.ixx:5476;自我动作实现模块.ixx:11421;自我动作实现模块.ixx:11426
yes	自我按已确认轮廓分区当前帧	自我按已确认轮廓分区当前帧	自我动作实现.外部模块.ixx:899	6	确认候选事实、存在、状态或运行结果。		自我动作实现.外设模块.ixx:24786;自我动作实现.外部模块.ixx:899;自我动作实现.外部模块.ixx:904;自我动作实现模块.ixx:5496;自我动作实现模块.ixx:11457;自我动作实现模块.ixx:11462
yes	自我调整相机参数并重采样	自我调整相机参数并重采样	自我动作实现.外部模块.ixx:908	6	按函数名执行对应处理。		自我动作实现.外设模块.ixx:25299;自我动作实现.外部模块.ixx:908;自我动作实现.外部模块.ixx:913;自我动作实现模块.ixx:5500;自我动作实现模块.ixx:11466;自我动作实现模块.ixx:11471
yes	自我按ROI重算观察质量	自我按ROI重算观察质量	自我动作实现.外部模块.ixx:917	6	按函数名执行对应处理。		自我动作实现.外设模块.ixx:25314;自我动作实现.外部模块.ixx:917;自我动作实现.外部模块.ixx:922;自我动作实现模块.ixx:5504;自我动作实现模块.ixx:11475;自我动作实现模块.ixx:11480
yes	自我执行多帧重采样并择优	自我执行多帧重采样并择优	自我动作实现.外部模块.ixx:926	6	执行任务、方法或动作的主体逻辑。		自我动作实现.外设模块.ixx:25329;自我动作实现.外部模块.ixx:926;自我动作实现.外部模块.ixx:931;自我动作实现模块.ixx:5508;自我动作实现模块.ixx:11484;自我动作实现模块.ixx:11489
yes	自我生成低置信补偿观察候选	自我生成低置信补偿观察候选	自我动作实现.外部模块.ixx:935	6	根据当前输入生成目标数据、场景、动态或回执。		自我动作实现.外设模块.ixx:25344;自我动作实现.外部模块.ixx:935;自我动作实现.外部模块.ixx:940;自我动作实现模块.ixx:5512;自我动作实现模块.ixx:11493;自我动作实现模块.ixx:11498
yes	自我调整外设观察姿态	自我调整外设观察姿态	自我动作实现.外部模块.ixx:944	6	按函数名执行对应处理。		自我动作实现.外设模块.ixx:25359;自我动作实现.外部模块.ixx:944;自我动作实现.外部模块.ixx:949;自我动作实现模块.ixx:5516;自我动作实现模块.ixx:11502;自我动作实现模块.ixx:11507
yes	自我调整观察位置	自我调整观察位置	自我动作实现.外部模块.ixx:953	6	按函数名执行对应处理。		自我动作实现.外设模块.ixx:25374;自我动作实现.外部模块.ixx:953;自我动作实现.外部模块.ixx:958;自我动作实现模块.ixx:5520;自我动作实现模块.ixx:11511;自我动作实现模块.ixx:11516
yes	自我按像素坐标回查观察事实	自我按像素坐标回查观察事实	自我动作实现.外部模块.ixx:962	6	按函数名执行对应处理。		自我动作实现.外设模块.ixx:25408;自我动作实现.外部模块.ixx:962;自我动作实现.外部模块.ixx:967;自我动作实现模块.ixx:5524;自我动作实现模块.ixx:11520;自我动作实现模块.ixx:11525
yes	自我建立最小自我边界参照	自我建立最小自我边界参照	自我动作实现.外部模块.ixx:971	6	按函数名执行对应处理。		自我动作实现.外设模块.ixx:20349;自我动作实现.外部模块.ixx:971;自我动作实现.外部模块.ixx:976;自我动作实现模块.ixx:5404;自我动作实现模块.ixx:11259;自我动作实现模块.ixx:11264
yes	自我生成存在自我相对安全特征	自我生成存在自我相对安全特征	自我动作实现.外部模块.ixx:980	6	根据当前输入生成目标数据、场景、动态或回执。		自我动作实现.外设模块.ixx:20522;自我动作实现.外部模块.ixx:980;自我动作实现.外部模块.ixx:985;自我动作实现模块.ixx:5408;自我动作实现模块.ixx:11268;自我动作实现模块.ixx:11273
yes	自我提取空间候选	自我提取空间候选	自我动作实现.外部模块.ixx:989	6	按函数名执行对应处理。		自我动作实现.外设模块.ixx:26260;自我动作实现.外部模块.ixx:989;自我动作实现.外部模块.ixx:994;自我动作实现模块.ixx:5528;自我动作实现模块.ixx:11529;自我动作实现模块.ixx:11534
yes	自我判断空间候选相对独立性	自我判断空间候选相对独立性	自我动作实现.外部模块.ixx:998	6	判断条件、状态或业务结果是否成立。		自我动作实现.外设模块.ixx:26325;自我动作实现.外部模块.ixx:998;自我动作实现.外部模块.ixx:1003;自我动作实现模块.ixx:5532;自我动作实现模块.ixx:11538;自我动作实现模块.ixx:11543
yes	特征_扫描状态变化动作动态数量	特征_扫描状态变化动作动态数量	自我动作实现.扫描.ixx:738	6	记录日志、动态、证据或运行痕迹。		自我动作实现.扫描.ixx:738;自我动作实现.扫描.ixx:1565;自我动作实现.扫描.ixx:1728;自我动作实现.扫描.ixx:1771;自我动作实现.扫描.ixx:2084;自我动作实现.扫描.ixx:2090
yes	特征_服务对象	特征_服务对象	自我动作实现.服务模块.ixx:165	6	按函数名执行对应处理。		自我动作实现.服务模块.ixx:165;自我动作实现.服务模块.ixx:1408;自我动作实现.服务模块.ixx:1521;自我动作实现.服务模块.ixx:2280;自我动作实现.服务模块.ixx:2975;自我动作实现模块.ixx:8073
yes	特征_目标值	特征_目标值	自我动作实现.服务模块.ixx:197	6	按函数名执行对应处理。		自我动作实现.服务模块.ixx:197;自我动作实现.服务模块.ixx:1440;自我动作实现.服务模块.ixx:1448;自我动作实现.服务模块.ixx:1529;自我动作实现.服务模块.ixx:2993;自我动作实现模块.ixx:8129
yes	特征_输入场景	特征_输入场景	自我动作实现.服务模块.ixx:205	6	按函数名执行对应处理。		自我动作实现.服务模块.ixx:205;自我动作实现.服务模块.ixx:1456;自我动作实现.服务模块.ixx:1531;自我动作实现.服务模块.ixx:2338;自我动作实现.服务模块.ixx:2348;自我动作实现模块.ixx:8143
yes	归一D0动作动态指针	归一D0动作动态指针	自我动作实现.服务模块.ixx:2189	6	按函数名执行对应处理。		自我动作实现.服务模块.ixx:2189;自我动作实现.服务模块.ixx:2202;自我动作实现.服务模块.ixx:2205;自我动作实现.服务模块.ixx:2208;自我动作实现.服务模块.ixx:2211;自我动作实现.服务模块.ixx:2214
yes	特征_服务业务动作动态	特征_服务业务动作动态	自我动作实现.服务模块.ixx:261	6	按函数名执行对应处理。		自我动作实现.服务模块.ixx:261;自我动作实现.服务模块.ixx:2201;自我动作实现.服务模块.ixx:2410;自我动作实现.服务模块.ixx:2611;自我动作实现.服务模块.ixx:3214;自我线程模块.impl.cpp:1927
yes	汇总G0硬门槛状态	汇总G0硬门槛状态	自我动作实现.服务模块.ixx:2661	6	按函数名执行对应处理。		自我动作实现.服务模块.ixx:2661;自我动作实现.服务模块.ixx:2691;自我动作实现.服务模块.ixx:2860;自我动作实现.服务模块.ixx:3083;自我动作实现.服务模块.ixx:3185;自我动作实现.服务模块.ixx:3404
yes	读取G0三评分	读取G0三评分	自我动作实现.服务模块.ixx:2792	6	从指定来源读取数据或状态。		自我动作实现.服务模块.ixx:2792;自我动作实现.服务模块.ixx:2857;自我动作实现.服务模块.ixx:3181;自我动作实现.服务模块.ixx:3298;自我动作实现.服务模块.ixx:3431;自我动作实现.服务模块.ixx:3564
yes	门槛状态_指针字段存在	门槛状态_指针字段存在	自我动作实现.服务模块.ixx:2915	6	按函数名执行对应处理。		自我动作实现.服务模块.ixx:2915;自我动作实现.服务模块.ixx:2973;自我动作实现.服务模块.ixx:2975;自我动作实现.服务模块.ixx:2991;自我动作实现.服务模块.ixx:2992;自我动作实现.服务模块.ixx:3002
yes	特征_成功服务治理视图	特征_成功服务治理视图	自我动作实现.服务模块.ixx:405	6	按函数名执行对应处理。		自我动作实现.服务模块.ixx:405;自我动作实现.服务模块.ixx:2536;自我动作实现.服务模块.ixx:2602;自我动作实现.服务模块.ixx:2619;自我动作实现.服务模块.ixx:3202;自我动作实现.服务模块.ixx:3334
yes	特征_成功服务层级	特征_成功服务层级	自我动作实现.服务模块.ixx:445	6	按函数名执行对应处理。		自我动作实现.服务模块.ixx:445;自我动作实现.服务模块.ixx:2587;自我动作实现.服务模块.ixx:2867;自我动作实现.服务模块.ixx:3094;自我动作实现.服务模块.ixx:3171;自我动作实现.服务模块.ixx:3283
yes	特征_标准服务单位	特征_标准服务单位	自我动作实现.服务模块.ixx:629	6	按函数名执行对应处理。		自我动作实现.服务模块.ixx:629;自我动作实现.服务模块.ixx:3608;自我线程模块.impl.cpp:1535;自我线程模块.impl.cpp:1553;自我线程模块.impl.cpp:1784;自我线程模块.impl.cpp:1792
yes	特征_方法运行存在	特征_方法运行存在	自我动作实现.服务模块.ixx:813	6	执行对应模块、线程或方法的运行逻辑。		自我动作实现.服务模块.ixx:813;自我动作实现.服务模块.ixx:1480;自我动作实现.服务模块.ixx:2223;自我动作实现.服务模块.ixx:2599;自我动作实现.服务模块.ixx:3223;自我动作实现.服务模块.ixx:3224
yes	记录任务虚拟存在I64特征	记录任务虚拟存在I64特征	自我动作实现模块.ixx:10094	6	记录日志、动态、证据或运行痕迹。		自我动作实现模块.ixx:10094;自我动作实现模块.ixx:10517;自我动作实现模块.ixx:10518;自我动作实现模块.ixx:10519;自我动作实现模块.ixx:10520;自我动作实现模块.ixx:10521
yes	使双目相机达到可用状态	使双目相机达到可用状态	自我动作实现模块.ixx:11097	6	按函数名执行对应处理。		自我动作实现.外设模块.ixx:17513;自我动作实现.外部模块.ixx:593;自我动作实现.外部模块.ixx:598;自我动作实现模块.ixx:5580;自我动作实现模块.ixx:11097;自我动作实现模块.ixx:11102
yes	释放双目相机	释放双目相机	自我动作实现模块.ixx:11106	6	按函数名执行对应处理。		自我动作实现.外设模块.ixx:17593;自我动作实现.外部模块.ixx:602;自我动作实现.外部模块.ixx:607;自我动作实现模块.ixx:5584;自我动作实现模块.ixx:11106;自我动作实现模块.ixx:11111
yes	检查双目相机运行状态	检查双目相机运行状态	自我动作实现模块.ixx:11115	6	检查状态、条件、缺口或运行约束。		自我动作实现.外设模块.ixx:17666;自我动作实现.外部模块.ixx:611;自我动作实现.外部模块.ixx:616;自我动作实现模块.ixx:5588;自我动作实现模块.ixx:11115;自我动作实现模块.ixx:11120
yes	用双目相机刷新当前观察场景	用双目相机刷新当前观察场景	自我动作实现模块.ixx:11124	6	按函数名执行对应处理。		自我动作实现.外设模块.ixx:17737;自我动作实现.外部模块.ixx:620;自我动作实现.外部模块.ixx:625;自我动作实现模块.ixx:5592;自我动作实现模块.ixx:11124;自我动作实现模块.ixx:11129
yes	用双目相机发现候选存在	用双目相机发现候选存在	自我动作实现模块.ixx:11133	6	按函数名执行对应处理。		自我动作实现.外设模块.ixx:26743;自我动作实现.外部模块.ixx:629;自我动作实现.外部模块.ixx:634;自我动作实现模块.ixx:5596;自我动作实现模块.ixx:11133;自我动作实现模块.ixx:11138
yes	用双目相机取得当前观察帧	用双目相机取得当前观察帧	自我动作实现模块.ixx:11142	6	取得指定对象、状态或运行材料。		自我动作实现.外设模块.ixx:17809;自我动作实现.外部模块.ixx:638;自我动作实现.外部模块.ixx:643;自我动作实现模块.ixx:5600;自我动作实现模块.ixx:11142;自我动作实现模块.ixx:11147
yes	用双目相机取得当前观察特征帧	用双目相机取得当前观察特征帧	自我动作实现模块.ixx:11151	6	取得指定对象、状态或运行材料。		自我动作实现.外设模块.ixx:17873;自我动作实现.外部模块.ixx:647;自我动作实现.外部模块.ixx:652;自我动作实现模块.ixx:5604;自我动作实现模块.ixx:11151;自我动作实现模块.ixx:11156
yes	用双目相机建立当前帧像素特征索引	用双目相机建立当前帧像素特征索引	自我动作实现模块.ixx:11160	6	按函数名执行对应处理。		自我动作实现.外设模块.ixx:18076;自我动作实现.外部模块.ixx:656;自我动作实现.外部模块.ixx:661;自我动作实现模块.ixx:5608;自我动作实现模块.ixx:11160;自我动作实现模块.ixx:11165
yes	自我建立观察帧存在	自我建立观察帧存在	自我动作实现模块.ixx:11169	6	按函数名执行对应处理。		自我动作实现.外设模块.ixx:17939;自我动作实现.外部模块.ixx:665;自我动作实现.外部模块.ixx:670;自我动作实现模块.ixx:5364;自我动作实现模块.ixx:11169;自我动作实现模块.ixx:11174
yes	自我建立观察帧到自我场景接口	自我建立观察帧到自我场景接口	自我动作实现模块.ixx:11178	6	按函数名执行对应处理。		自我动作实现.外设模块.ixx:18011;自我动作实现.外部模块.ixx:674;自我动作实现.外部模块.ixx:679;自我动作实现模块.ixx:5368;自我动作实现模块.ixx:11178;自我动作实现模块.ixx:11183
yes	自我建立像素观察事实索引	自我建立像素观察事实索引	自我动作实现模块.ixx:11187	6	按函数名执行对应处理。		自我动作实现.外设模块.ixx:18147;自我动作实现.外部模块.ixx:683;自我动作实现.外部模块.ixx:688;自我动作实现模块.ixx:5372;自我动作实现模块.ixx:11187;自我动作实现模块.ixx:11192
yes	自我承接像素特征值	自我承接像素特征值	自我动作实现模块.ixx:11196	6	按函数名执行对应处理。		自我动作实现.外设模块.ixx:18230;自我动作实现.外部模块.ixx:692;自我动作实现.外部模块.ixx:697;自我动作实现模块.ixx:5376;自我动作实现模块.ixx:11196;自我动作实现模块.ixx:11201
yes	自我校验观察事实完备性	自我校验观察事实完备性	自我动作实现模块.ixx:11205	6	按函数名执行对应处理。		自我动作实现.外设模块.ixx:18314;自我动作实现.外部模块.ixx:701;自我动作实现.外部模块.ixx:706;自我动作实现模块.ixx:5380;自我动作实现模块.ixx:11205;自我动作实现模块.ixx:11210
yes	自我评估观察帧质量	自我评估观察帧质量	自我动作实现模块.ixx:11214	6	评估状态、风险、质量、权重或完成度。		自我动作实现.外设模块.ixx:18398;自我动作实现.外部模块.ixx:710;自我动作实现.外部模块.ixx:715;自我动作实现模块.ixx:5384;自我动作实现模块.ixx:11214;自我动作实现模块.ixx:11219
yes	自我诊断观察质量缺口并派生补观察需求	自我诊断观察质量缺口并派生补观察需求	自我动作实现模块.ixx:11223	6	按函数名执行对应处理。		自我动作实现.外设模块.ixx:25062;自我动作实现.外部模块.ixx:719;自我动作实现.外部模块.ixx:724;自我动作实现模块.ixx:5388;自我动作实现模块.ixx:11223;自我动作实现模块.ixx:11228
yes	自我判断基础观察事实可用性	自我判断基础观察事实可用性	自我动作实现模块.ixx:11232	6	判断条件、状态或业务结果是否成立。		自我动作实现.外设模块.ixx:18482;自我动作实现.外部模块.ixx:728;自我动作实现.外部模块.ixx:733;自我动作实现模块.ixx:5392;自我动作实现模块.ixx:11232;自我动作实现模块.ixx:11237
yes	安全评估当前场景安全性	安全评估当前场景安全性	自我动作实现模块.ixx:11241	6	评估状态、风险、质量、权重或完成度。		自我动作实现.外设模块.ixx:18590;自我动作实现.外部模块.ixx:737;自我动作实现.外部模块.ixx:742;自我动作实现模块.ixx:5396;自我动作实现模块.ixx:11241;自我动作实现模块.ixx:11246
yes	自我读取自我关键特征变化	自我读取自我关键特征变化	自我动作实现模块.ixx:11250	6	从指定来源读取数据或状态。		自我动作实现.外设模块.ixx:20182;自我动作实现.外部模块.ixx:746;自我动作实现.外部模块.ixx:751;自我动作实现模块.ixx:5400;自我动作实现模块.ixx:11250;自我动作实现模块.ixx:11255
yes	自我建立最小自我边界参照	自我建立最小自我边界参照	自我动作实现模块.ixx:11259	6	按函数名执行对应处理。		自我动作实现.外设模块.ixx:20349;自我动作实现.外部模块.ixx:971;自我动作实现.外部模块.ixx:976;自我动作实现模块.ixx:5404;自我动作实现模块.ixx:11259;自我动作实现模块.ixx:11264
yes	自我生成存在自我相对安全特征	自我生成存在自我相对安全特征	自我动作实现模块.ixx:11268	6	根据当前输入生成目标数据、场景、动态或回执。		自我动作实现.外设模块.ixx:20522;自我动作实现.外部模块.ixx:980;自我动作实现.外部模块.ixx:985;自我动作实现模块.ixx:5408;自我动作实现模块.ixx:11268;自我动作实现模块.ixx:11273
yes	安全构造场景影响因果候选	安全构造场景影响因果候选	自我动作实现模块.ixx:11277	6	按函数名执行对应处理。		自我动作实现.外设模块.ixx:20744;自我动作实现.外部模块.ixx:755;自我动作实现.外部模块.ixx:760;自我动作实现模块.ixx:5412;自我动作实现模块.ixx:11277;自我动作实现模块.ixx:11282
yes	自我明确当前场景持续观察需求	自我明确当前场景持续观察需求	自我动作实现模块.ixx:11286	6	按函数名执行对应处理。		自我动作实现.外设模块.ixx:19739;自我动作实现.外部模块.ixx:764;自我动作实现.外部模块.ixx:769;自我动作实现模块.ixx:5416;自我动作实现模块.ixx:11286;自我动作实现模块.ixx:11291
yes	安全持续观察当前场景	安全持续观察当前场景	自我动作实现模块.ixx:11295	6	按函数名执行对应处理。		自我动作实现.外设模块.ixx:19842;自我动作实现.外部模块.ixx:773;自我动作实现.外部模块.ixx:778;自我动作实现模块.ixx:5420;自我动作实现模块.ixx:11295;自我动作实现模块.ixx:11300
yes	自我明确负向影响处置需求	自我明确负向影响处置需求	自我动作实现模块.ixx:11304	6	按函数名执行对应处理。		自我动作实现.外设模块.ixx:19953;自我动作实现.外部模块.ixx:782;自我动作实现.外部模块.ixx:787;自我动作实现模块.ixx:5424;自我动作实现模块.ixx:11304;自我动作实现模块.ixx:11309
yes	安全执行降级保护	安全执行降级保护	自我动作实现模块.ixx:11313	6	执行任务、方法或动作的主体逻辑。		自我动作实现.外设模块.ixx:20067;自我动作实现.外部模块.ixx:791;自我动作实现.外部模块.ixx:796;自我动作实现模块.ixx:5428;自我动作实现模块.ixx:11313;自我动作实现模块.ixx:11318
yes	自我验证外设观察像素簇候选	自我验证外设观察像素簇候选	自我动作实现模块.ixx:11322	6	按函数名执行对应处理。		自我动作实现.外设模块.ixx:22160;自我动作实现.外部模块.ixx:800;自我动作实现.外部模块.ixx:805;自我动作实现模块.ixx:5432;自我动作实现模块.ixx:11322;自我动作实现模块.ixx:11327
yes	自我识别外设观察材料	自我识别外设观察材料	自我动作实现模块.ixx:11331	6	执行识别相关匹配、确认或结果输出逻辑。		自我动作实现.外设模块.ixx:21210;自我动作实现.外部模块.ixx:809;自我动作实现.外部模块.ixx:814;自我动作实现模块.ixx:5436;自我动作实现模块.ixx:11331;自我动作实现模块.ixx:11336
yes	自我跟踪指定存在	自我跟踪指定存在	自我动作实现模块.ixx:11349	6	执行跟踪相关定位、匹配或结果输出逻辑。		自我动作实现.外设模块.ixx:21707;自我动作实现.外部模块.ixx:818;自我动作实现.外部模块.ixx:823;自我动作实现模块.ixx:5444;自我动作实现模块.ixx:11349;自我动作实现模块.ixx:11354
yes	自我提交目标观察约束特征组	自我提交目标观察约束特征组	自我动作实现模块.ixx:11358	6	提交事实、动态、任务状态或运行回执。		自我动作实现.外设模块.ixx:20942;自我动作实现.外部模块.ixx:827;自我动作实现.外部模块.ixx:832;自我动作实现模块.ixx:5448;自我动作实现模块.ixx:11358;自我动作实现模块.ixx:11363
yes	自我确认外设观察存在候选	自我确认外设观察存在候选	自我动作实现模块.ixx:11367	6	确认候选事实、存在、状态或运行结果。		自我动作实现.外设模块.ixx:22591;自我动作实现.外部模块.ixx:836;自我动作实现.外部模块.ixx:841;自我动作实现模块.ixx:5452;自我动作实现模块.ixx:11367;自我动作实现模块.ixx:11372
yes	提交确认观察存在事实	提交确认观察存在事实	自我动作实现模块.ixx:11376	6	提交事实、动态、任务状态或运行回执。		自我动作实现.外设模块.ixx:22772;自我动作实现.外部模块.ixx:845;自我动作实现.外部模块.ixx:850;自我动作实现模块.ixx:5456;自我动作实现模块.ixx:11376;自我动作实现模块.ixx:11381
yes	提交观察存在特征值变化事实	提交观察存在特征值变化事实	自我动作实现模块.ixx:11385	6	提交事实、动态、任务状态或运行回执。		自我动作实现.外设模块.ixx:24445;自我动作实现.外部模块.ixx:854;自我动作实现.外部模块.ixx:859;自我动作实现模块.ixx:5460;自我动作实现模块.ixx:11385;自我动作实现模块.ixx:11390
yes	提交指定存在跟踪事实	提交指定存在跟踪事实	自我动作实现模块.ixx:11394	6	提交事实、动态、任务状态或运行回执。		自我动作实现.外设模块.ixx:24630;自我动作实现.外部模块.ixx:863;自我动作实现.外部模块.ixx:868;自我动作实现模块.ixx:5464;自我动作实现模块.ixx:11394;自我动作实现模块.ixx:11399
yes	提交当前观察范围可观测单位存在对应事实	提交当前观察范围可观测单位存在对应事实	自我动作实现模块.ixx:11403	6	提交事实、动态、任务状态或运行回执。		自我动作实现.外设模块.ixx:23210;自我动作实现.外部模块.ixx:872;自我动作实现.外部模块.ixx:877;自我动作实现模块.ixx:5468;自我动作实现模块.ixx:11403;自我动作实现模块.ixx:11408
yes	提交观察存在发现事实	提交观察存在发现事实	自我动作实现模块.ixx:11412	6	提交事实、动态、任务状态或运行回执。		自我动作实现.外设模块.ixx:24279;自我动作实现.外部模块.ixx:881;自我动作实现.外部模块.ixx:886;自我动作实现模块.ixx:5472;自我动作实现模块.ixx:11412;自我动作实现模块.ixx:11417
yes	提交风险安全场景影响部分状态变化	提交风险安全场景影响部分状态变化	自我动作实现模块.ixx:11421	6	提交事实、动态、任务状态或运行回执。		自我动作实现.外设模块.ixx:19181;自我动作实现.外部模块.ixx:890;自我动作实现.外部模块.ixx:895;自我动作实现模块.ixx:5476;自我动作实现模块.ixx:11421;自我动作实现模块.ixx:11426
yes	安全搜索安全因果因素证据	安全搜索安全因果因素证据	自我动作实现模块.ixx:11430	6	在候选范围内搜索目标对象或路径。		自我动作实现.外设模块.ixx:19333;自我动作实现.外部模块.ixx:1097;自我动作实现.外部模块.ixx:1102;自我动作实现模块.ixx:5480;自我动作实现模块.ixx:11430;自我动作实现模块.ixx:11435
yes	提交安全因果因素无负证据默认满足	提交安全因果因素无负证据默认满足	自我动作实现模块.ixx:11439	6	提交事实、动态、任务状态或运行回执。		自我动作实现.外设模块.ixx:19515;自我动作实现.外部模块.ixx:1106;自我动作实现.外部模块.ixx:1111;自我动作实现模块.ixx:5484;自我动作实现模块.ixx:11439;自我动作实现模块.ixx:11444
yes	提交安全因果因素证据评估值	提交安全因果因素证据评估值	自我动作实现模块.ixx:11448	6	提交事实、动态、任务状态或运行回执。		自我动作实现.外设模块.ixx:19627;自我动作实现.外部模块.ixx:1115;自我动作实现.外部模块.ixx:1120;自我动作实现模块.ixx:5488;自我动作实现模块.ixx:11448;自我动作实现模块.ixx:11453
yes	自我按已确认轮廓分区当前帧	自我按已确认轮廓分区当前帧	自我动作实现模块.ixx:11457	6	确认候选事实、存在、状态或运行结果。		自我动作实现.外设模块.ixx:24786;自我动作实现.外部模块.ixx:899;自我动作实现.外部模块.ixx:904;自我动作实现模块.ixx:5496;自我动作实现模块.ixx:11457;自我动作实现模块.ixx:11462
yes	自我调整相机参数并重采样	自我调整相机参数并重采样	自我动作实现模块.ixx:11466	6	按函数名执行对应处理。		自我动作实现.外设模块.ixx:25299;自我动作实现.外部模块.ixx:908;自我动作实现.外部模块.ixx:913;自我动作实现模块.ixx:5500;自我动作实现模块.ixx:11466;自我动作实现模块.ixx:11471
yes	自我按ROI重算观察质量	自我按ROI重算观察质量	自我动作实现模块.ixx:11475	6	按函数名执行对应处理。		自我动作实现.外设模块.ixx:25314;自我动作实现.外部模块.ixx:917;自我动作实现.外部模块.ixx:922;自我动作实现模块.ixx:5504;自我动作实现模块.ixx:11475;自我动作实现模块.ixx:11480
yes	自我执行多帧重采样并择优	自我执行多帧重采样并择优	自我动作实现模块.ixx:11484	6	执行任务、方法或动作的主体逻辑。		自我动作实现.外设模块.ixx:25329;自我动作实现.外部模块.ixx:926;自我动作实现.外部模块.ixx:931;自我动作实现模块.ixx:5508;自我动作实现模块.ixx:11484;自我动作实现模块.ixx:11489
yes	自我生成低置信补偿观察候选	自我生成低置信补偿观察候选	自我动作实现模块.ixx:11493	6	根据当前输入生成目标数据、场景、动态或回执。		自我动作实现.外设模块.ixx:25344;自我动作实现.外部模块.ixx:935;自我动作实现.外部模块.ixx:940;自我动作实现模块.ixx:5512;自我动作实现模块.ixx:11493;自我动作实现模块.ixx:11498
yes	自我调整外设观察姿态	自我调整外设观察姿态	自我动作实现模块.ixx:11502	6	按函数名执行对应处理。		自我动作实现.外设模块.ixx:25359;自我动作实现.外部模块.ixx:944;自我动作实现.外部模块.ixx:949;自我动作实现模块.ixx:5516;自我动作实现模块.ixx:11502;自我动作实现模块.ixx:11507
yes	自我调整观察位置	自我调整观察位置	自我动作实现模块.ixx:11511	6	按函数名执行对应处理。		自我动作实现.外设模块.ixx:25374;自我动作实现.外部模块.ixx:953;自我动作实现.外部模块.ixx:958;自我动作实现模块.ixx:5520;自我动作实现模块.ixx:11511;自我动作实现模块.ixx:11516
yes	自我按像素坐标回查观察事实	自我按像素坐标回查观察事实	自我动作实现模块.ixx:11520	6	按函数名执行对应处理。		自我动作实现.外设模块.ixx:25408;自我动作实现.外部模块.ixx:962;自我动作实现.外部模块.ixx:967;自我动作实现模块.ixx:5524;自我动作实现模块.ixx:11520;自我动作实现模块.ixx:11525
yes	自我提取空间候选	自我提取空间候选	自我动作实现模块.ixx:11529	6	按函数名执行对应处理。		自我动作实现.外设模块.ixx:26260;自我动作实现.外部模块.ixx:989;自我动作实现.外部模块.ixx:994;自我动作实现模块.ixx:5528;自我动作实现模块.ixx:11529;自我动作实现模块.ixx:11534
yes	自我判断空间候选相对独立性	自我判断空间候选相对独立性	自我动作实现模块.ixx:11538	6	判断条件、状态或业务结果是否成立。		自我动作实现.外设模块.ixx:26325;自我动作实现.外部模块.ixx:998;自我动作实现.外部模块.ixx:1003;自我动作实现模块.ixx:5532;自我动作实现模块.ixx:11538;自我动作实现模块.ixx:11543
yes	自我生成空间候选观察队列	自我生成空间候选观察队列	自我动作实现模块.ixx:11547	6	根据当前输入生成目标数据、场景、动态或回执。		自我动作实现.外设模块.ixx:26402;自我动作实现.外部模块.ixx:1007;自我动作实现.外部模块.ixx:1012;自我动作实现模块.ixx:5536;自我动作实现模块.ixx:11547;自我动作实现模块.ixx:11552
yes	自我观察单个空间候选并组合存在假设	自我观察单个空间候选并组合存在假设	自我动作实现模块.ixx:11556	6	按函数名执行对应处理。		自我动作实现.外设模块.ixx:26480;自我动作实现.外部模块.ixx:1016;自我动作实现.外部模块.ixx:1021;自我动作实现模块.ixx:5540;自我动作实现模块.ixx:11556;自我动作实现模块.ixx:11561
yes	自我用空间范围投影覆盖原帧验证像素归属	自我用空间范围投影覆盖原帧验证像素归属	自我动作实现模块.ixx:11565	6	按函数名执行对应处理。		自我动作实现.外设模块.ixx:26562;自我动作实现.外部模块.ixx:1025;自我动作实现.外部模块.ixx:1030;自我动作实现模块.ixx:5544;自我动作实现模块.ixx:11565;自我动作实现模块.ixx:11570
yes	自我确认观察存在并更新帧解释状态	自我确认观察存在并更新帧解释状态	自我动作实现模块.ixx:11574	6	更新已有对象、状态、索引或缓存。		自我动作实现.外设模块.ixx:26646;自我动作实现.外部模块.ixx:1034;自我动作实现.外部模块.ixx:1039;自我动作实现模块.ixx:5548;自我动作实现模块.ixx:11574;自我动作实现模块.ixx:11579
yes	自我确保存在内部世界	自我确保存在内部世界	自我动作实现模块.ixx:11583	6	确保目标结构、状态或前置条件存在并可用。		自我动作实现.外设模块.ixx:25671;自我动作实现.外部模块.ixx:1043;自我动作实现.外部模块.ixx:1048;自我动作实现模块.ixx:5552;自我动作实现模块.ixx:11583;自我动作实现模块.ixx:11588
yes	自我建立存在内外场景接口	自我建立存在内外场景接口	自我动作实现模块.ixx:11592	6	按函数名执行对应处理。		自我动作实现.外设模块.ixx:25689;自我动作实现.外部模块.ixx:1052;自我动作实现.外部模块.ixx:1057;自我动作实现模块.ixx:5556;自我动作实现模块.ixx:11592;自我动作实现模块.ixx:11597
yes	自我将存在局部观察切片映射到内部世界	自我将存在局部观察切片映射到内部世界	自我动作实现模块.ixx:11601	6	按函数名执行对应处理。		自我动作实现.外设模块.ixx:25707;自我动作实现.外部模块.ixx:1061;自我动作实现.外部模块.ixx:1066;自我动作实现模块.ixx:5560;自我动作实现模块.ixx:11601;自我动作实现模块.ixx:11606
yes	自我在内部世界提取子候选	自我在内部世界提取子候选	自我动作实现模块.ixx:11610	6	按函数名执行对应处理。		自我动作实现.外设模块.ixx:25725;自我动作实现.外部模块.ixx:1070;自我动作实现.外部模块.ixx:1075;自我动作实现模块.ixx:5564;自我动作实现模块.ixx:11610;自我动作实现模块.ixx:11615
yes	自我确认内部世界子存在	自我确认内部世界子存在	自我动作实现模块.ixx:11619	6	确认候选事实、存在、状态或运行结果。		自我动作实现.外设模块.ixx:25743;自我动作实现.外部模块.ixx:1079;自我动作实现.外部模块.ixx:1084;自我动作实现模块.ixx:5568;自我动作实现模块.ixx:11619;自我动作实现模块.ixx:11624
yes	提交确认内部世界子存在事实	提交确认内部世界子存在事实	自我动作实现模块.ixx:11628	6	提交事实、动态、任务状态或运行回执。		自我动作实现.外设模块.ixx:25761;自我动作实现.外部模块.ixx:1088;自我动作实现.外部模块.ixx:1093;自我动作实现模块.ixx:5572;自我动作实现模块.ixx:11628;自我动作实现模块.ixx:11633
yes	自我递归细分存在内部世界	自我递归细分存在内部世界	自我动作实现模块.ixx:11637	6	按函数名执行对应处理。		自我动作实现.外设模块.ixx:25926;自我动作实现.外部模块.ixx:1124;自我动作实现.外部模块.ixx:1129;自我动作实现模块.ixx:5576;自我动作实现模块.ixx:11637;自我动作实现模块.ixx:11642
yes	自我匹配当前观察存在与历史观察存在	自我匹配当前观察存在与历史观察存在	自我动作实现模块.ixx:11646	6	按函数名执行对应处理。		自我动作实现.外设模块.ixx:26061;自我动作实现.外部模块.ixx:1133;自我动作实现.外部模块.ixx:1138;自我动作实现模块.ixx:5612;自我动作实现模块.ixx:11646;自我动作实现模块.ixx:11651
yes	自我比较存在特征变化	自我比较存在特征变化	自我动作实现模块.ixx:11655	6	比较当前值、目标值或历史基准。		自我动作实现.外设模块.ixx:26079;自我动作实现.外部模块.ixx:1142;自我动作实现.外部模块.ixx:1147;自我动作实现模块.ixx:5616;自我动作实现模块.ixx:11655;自我动作实现模块.ixx:11660
yes	自我生成观察变化事件	自我生成观察变化事件	自我动作实现模块.ixx:11664	6	根据当前输入生成目标数据、场景、动态或回执。		自我动作实现.外设模块.ixx:26097;自我动作实现.外部模块.ixx:1151;自我动作实现.外部模块.ixx:1156;自我动作实现模块.ixx:5620;自我动作实现模块.ixx:11664;自我动作实现模块.ixx:11669
yes	自我导出当前场景识别快照	自我导出当前场景识别快照	自我动作实现模块.ixx:11673	6	执行识别相关匹配、确认或结果输出逻辑。		自我动作实现.外设模块.ixx:26224;自我动作实现.外部模块.ixx:1160;自我动作实现.外部模块.ixx:1165;自我动作实现模块.ixx:5624;自我动作实现模块.ixx:11673;自我动作实现模块.ixx:11678
yes	自我导出OpenGL复现数据	自我导出OpenGL复现数据	自我动作实现模块.ixx:11682	6	导出数据、文档、状态或可视化内容。		自我动作实现.外设模块.ixx:26242;自我动作实现.外部模块.ixx:1169;自我动作实现.外部模块.ixx:1174;自我动作实现模块.ixx:5628;自我动作实现模块.ixx:11682;自我动作实现模块.ixx:11687
yes	特征_区间下界	特征_区间下界	自我动作实现模块.ixx:1238	6	按函数名执行对应处理。		自我动作实现.外设模块.ixx:1714;自我动作实现模块.ixx:1238;自我动作实现模块.ixx:4681;自我动作实现模块.ixx:5236;自我动作实现模块.ixx:5933;自我动作实现模块.ixx:6309
yes	特征_区间上界	特征_区间上界	自我动作实现模块.ixx:1245	6	按函数名执行对应处理。		自我动作实现.外设模块.ixx:1721;自我动作实现模块.ixx:1245;自我动作实现模块.ixx:4682;自我动作实现模块.ixx:5237;自我动作实现模块.ixx:5934;自我动作实现模块.ixx:6310
yes	值_自身方法头节点缺失	值_自身方法头节点缺失	自我动作实现模块.ixx:1574	6	按函数名执行对应处理。		自我动作实现.外设模块.ixx:2050;自我动作实现.外设模块.ixx:9204;自我动作实现模块.ixx:1574;自我动作实现模块.ixx:4369;自我动作实现模块.ixx:8498;自我动作实现模块.ixx:8624
yes	特征_占用状态	特征_占用状态	自我动作实现模块.ixx:1686	6	按函数名执行对应处理。		自我动作实现.外设模块.ixx:2162;自我动作实现.外设模块.ixx:15220;自我动作实现.外设模块.ixx:15229;自我动作实现.外设模块.ixx:17622;自我动作实现.外设模块.ixx:17639;自我动作实现模块.ixx:1686
yes	特征_当前观察场景	特征_当前观察场景	自我动作实现模块.ixx:1693	6	按函数名执行对应处理。		自我动作实现.外设模块.ixx:2169;自我动作实现.外设模块.ixx:15287;自我动作实现.外设模块.ixx:15295;自我动作实现.外设模块.ixx:17766;自我动作实现.外设模块.ixx:17777;自我动作实现模块.ixx:1693
yes	特征_候选存在集合	特征_候选存在集合	自我动作实现模块.ixx:1700	6	按函数名执行对应处理。		自我动作实现.外设模块.ixx:2176;自我动作实现.外设模块.ixx:17287;自我动作实现.外设模块.ixx:17293;自我动作实现.外设模块.ixx:26775;自我动作实现.外设模块.ixx:26786;自我动作实现模块.ixx:1700
yes	特征_方法补齐尝试结果	特征_方法补齐尝试结果	自我动作实现模块.ixx:1889	6	补齐条件、参数、证据或方法能力缺口。		自我动作实现.外设模块.ixx:5473;自我动作实现模块.ixx:1889;自我动作实现模块.ixx:5778;自我动作实现模块.ixx:7001;自我动作实现模块.ixx:9043;自我动作实现模块.ixx:10029
yes	特征_实参生成策略	特征_实参生成策略	自我动作实现模块.ixx:1959	6	根据当前输入生成目标数据、场景、动态或回执。		自我动作实现.外设模块.ixx:5543;自我动作实现模块.ixx:1959;自我动作实现模块.ixx:6175;自我动作实现模块.ixx:6311;自我动作实现模块.ixx:6680;自我动作实现模块.ixx:6696
yes	特征_方法稳定状态	特征_方法稳定状态	自我动作实现模块.ixx:2126	6	按函数名执行对应处理。		自我动作实现.外设模块.ixx:5689;自我动作实现.外设模块.ixx:8993;自我动作实现模块.ixx:2126;自我动作实现模块.ixx:4134;自我动作实现模块.ixx:9939;自我动作实现模块.ixx:10010
yes	方法状态_可用	方法状态_可用	自我动作实现模块.ixx:2153	6	按函数名执行对应处理。		自我动作实现.外设模块.ixx:5716;自我动作实现.外设模块.ixx:8520;自我动作实现模块.ixx:2153;自我动作实现模块.ixx:3587;自我动作实现模块.ixx:7041;自我动作实现模块.ixx:9550
yes	特征_风险状态明确状态	特征_风险状态明确状态	自我动作实现模块.ixx:2250	6	按函数名执行对应处理。		自我动作实现.外设模块.ixx:5813;自我动作实现.外设模块.ixx:15650;自我动作实现.外设模块.ixx:15699;自我动作实现.外设模块.ixx:18934;自我动作实现.外设模块.ixx:19005;自我动作实现模块.ixx:2250
yes	读取场景I64特征	读取场景I64特征	自我动作实现模块.ixx:2777	6	从指定来源读取数据或状态。		自我动作实现.外设模块.ixx:7771;自我动作实现.外设模块.ixx:12531;自我动作实现.外设模块.ixx:12532;自我动作实现.外设模块.ixx:25395;自我动作实现.外设模块.ixx:25400;自我动作实现模块.ixx:2777
yes	特征_服务结算增量	特征_服务结算增量	自我动作实现模块.ixx:305	6	结算任务、需求、价值或结果贡献。		自我动作实现.外设模块.ixx:801;自我动作实现模块.ixx:305;自我动作实现模块.ixx:7184;自我动作实现模块.ixx:7224;自我动作实现模块.ixx:12332;自我动作实现模块.ixx:12476
yes	运行参数根	运行参数根	自我动作实现模块.ixx:3126	6	执行对应模块、线程或方法的运行逻辑。		自我动作实现.外设模块.ixx:8247;自我动作实现.外设模块.ixx:8575;自我动作实现.外设模块.ixx:8590;自我动作实现模块.ixx:3126;自我动作实现模块.ixx:3896;自我动作实现模块.ixx:3911
yes	抽象结果场景	抽象结果场景	自我动作实现模块.ixx:3148	6	按函数名执行对应处理。		自我动作实现.外设模块.ixx:8269;自我动作实现.外设模块.ixx:9252;自我动作实现模块.ixx:3148;自我动作实现模块.ixx:3652;自我动作实现模块.ixx:3836;自我动作实现模块.ixx:4407
yes	查找等价条件节点_条件结果对归并	查找等价条件节点_条件结果对归并	自我动作实现模块.ixx:3380	6	按条件查找目标对象、方法或事实。		自我动作实现.外设模块.ixx:8403;自我动作实现.外设模块.ixx:9023;自我动作实现模块.ixx:3380;自我动作实现模块.ixx:3655;自我动作实现模块.ixx:3774;自我动作实现模块.ixx:4164
yes	特征_执行回执表	特征_执行回执表	自我动作实现模块.ixx:423	6	执行任务、方法或动作的主体逻辑。		自我动作实现.外设模块.ixx:913;自我动作实现模块.ixx:423;自我动作实现模块.ixx:7117;自我动作实现模块.ixx:7154;自我动作实现模块.ixx:7206;自我动作实现模块.ixx:7236
yes	读取特征当前值	读取特征当前值	自我动作实现模块.ixx:4571	6	从指定来源读取数据或状态。		自我动作实现模块.ixx:4571;自我动作实现模块.ixx:4664;自我动作实现模块.ixx:4669;自我动作实现模块.ixx:4674;自我动作实现模块.ixx:4836;自我动作实现模块.ixx:5000
yes	读取目标方法头节点	读取目标方法头节点	自我动作实现模块.ixx:5814	6	从指定来源读取数据或状态。		自我动作实现模块.ixx:5814;自我动作实现模块.ixx:5828;自我动作实现模块.ixx:5831;自我动作实现模块.ixx:9109;自我动作实现模块.ixx:11916;自我动作实现模块.ixx:12013
yes	读取目标方法头节点	读取目标方法头节点	自我动作实现模块.ixx:5828	6	从指定来源读取数据或状态。		自我动作实现模块.ixx:5814;自我动作实现模块.ixx:5828;自我动作实现模块.ixx:5831;自我动作实现模块.ixx:9109;自我动作实现模块.ixx:11916;自我动作实现模块.ixx:12013
yes	特征_运行次数	特征_运行次数	自我动作实现模块.ixx:647	6	执行对应模块、线程或方法的运行逻辑。		自我动作实现.外设模块.ixx:1130;自我动作实现.外设模块.ixx:8951;自我动作实现.外设模块.ixx:8978;自我动作实现模块.ixx:647;自我动作实现模块.ixx:4092;自我动作实现模块.ixx:4119
yes	特征_最近样本时间	特征_最近样本时间	自我动作实现模块.ixx:661	6	按函数名执行对应处理。		自我动作实现.外设模块.ixx:1144;自我动作实现模块.ixx:661;自我动作实现模块.ixx:3711;自我动作实现模块.ixx:3715;自我动作实现模块.ixx:3803;自我动作实现模块.ixx:3808
yes	特征_结果符合次数	特征_结果符合次数	自我动作实现模块.ixx:668	6	按函数名执行对应处理。		自我动作实现.外设模块.ixx:1151;自我动作实现模块.ixx:668;自我动作实现模块.ixx:3704;自我动作实现模块.ixx:3797;自我动作实现模块.ixx:9443;自我动作实现模块.ixx:10019
yes	特征_结果不符合次数	特征_结果不符合次数	自我动作实现模块.ixx:675	6	按函数名执行对应处理。		自我动作实现.外设模块.ixx:1158;自我动作实现模块.ixx:675;自我动作实现模块.ixx:3706;自我动作实现模块.ixx:3799;自我动作实现模块.ixx:9444;自我动作实现模块.ixx:10020
yes	特征_新结果分支数量	特征_新结果分支数量	自我动作实现模块.ixx:682	6	按函数名执行对应处理。		自我动作实现模块.ixx:682;自我动作实现模块.ixx:3707;自我动作实现模块.ixx:3800;自我动作实现模块.ixx:9445;自我动作实现模块.ixx:9909;自我动作实现模块.ixx:10021
yes	特征_动作执行成功次数	特征_动作执行成功次数	自我动作实现模块.ixx:689	6	执行任务、方法或动作的主体逻辑。		自我动作实现.外设模块.ixx:1165;自我动作实现.外设模块.ixx:8952;自我动作实现.外设模块.ixx:8979;自我动作实现模块.ixx:689;自我动作实现模块.ixx:4093;自我动作实现模块.ixx:4120
yes	特征_动作执行失败次数	特征_动作执行失败次数	自我动作实现模块.ixx:696	6	执行任务、方法或动作的主体逻辑。		自我动作实现.外设模块.ixx:1172;自我动作实现.外设模块.ixx:8953;自我动作实现.外设模块.ixx:8980;自我动作实现模块.ixx:696;自我动作实现模块.ixx:4094;自我动作实现模块.ixx:4121
yes	特征_累计运行时长	特征_累计运行时长	自我动作实现模块.ixx:724	6	执行对应模块、线程或方法的运行逻辑。		自我动作实现.外设模块.ixx:1200;自我动作实现.外设模块.ixx:8957;自我动作实现.外设模块.ixx:8984;自我动作实现模块.ixx:724;自我动作实现模块.ixx:4098;自我动作实现模块.ixx:4125
yes	确认双目相机检查运行状态规格	确认双目相机检查运行状态规格	自我动作实现模块.ixx:7357	6	检查状态、条件、缺口或运行约束。		自我动作实现.外设模块.ixx:15237;自我动作实现.外部模块.ixx:26;自我动作实现.外部模块.ixx:31;自我动作实现模块.ixx:7357;自我动作实现模块.ixx:7362;自我动作实现模块.ixx:8311
yes	确认双目相机刷新当前观察场景规格	确认双目相机刷新当前观察场景规格	自我动作实现模块.ixx:7366	6	确认候选事实、存在、状态或运行结果。		自我动作实现.外设模块.ixx:15265;自我动作实现.外部模块.ixx:35;自我动作实现.外部模块.ixx:40;自我动作实现模块.ixx:7366;自我动作实现模块.ixx:7371;自我动作实现模块.ixx:8313
yes	确认双目相机发现候选存在规格	确认双目相机发现候选存在规格	自我动作实现模块.ixx:7375	6	确认候选事实、存在、状态或运行结果。		自我动作实现.外设模块.ixx:17265;自我动作实现.外部模块.ixx:44;自我动作实现.外部模块.ixx:49;自我动作实现模块.ixx:7375;自我动作实现模块.ixx:7380;自我动作实现模块.ixx:8315
yes	特征_最近运行虚拟存在	特征_最近运行虚拟存在	自我动作实现模块.ixx:738	6	执行对应模块、线程或方法的运行逻辑。		自我动作实现.外设模块.ixx:1214;自我动作实现.外设模块.ixx:8997;自我动作实现模块.ixx:738;自我动作实现模块.ixx:4138;自我动作实现模块.ixx:5789;自我动作实现模块.ixx:10036
yes	确认双目相机建立当前帧像素特征索引规格	确认双目相机建立当前帧像素特征索引规格	自我动作实现模块.ixx:7402	6	确认候选事实、存在、状态或运行结果。		自我动作实现.外设模块.ixx:15433;自我动作实现.外部模块.ixx:71;自我动作实现.外部模块.ixx:76;自我动作实现模块.ixx:7402;自我动作实现模块.ixx:7407;自我动作实现模块.ixx:8319
yes	确认自我建立观察帧到自我场景接口规格	确认自我建立观察帧到自我场景接口规格	自我动作实现模块.ixx:7420	6	确认候选事实、存在、状态或运行结果。		自我动作实现.外设模块.ixx:15491;自我动作实现.外部模块.ixx:89;自我动作实现.外部模块.ixx:94;自我动作实现模块.ixx:7420;自我动作实现模块.ixx:7425;自我动作实现模块.ixx:8177
yes	确认自我诊断观察质量缺口并派生补观察需求规格	确认自我诊断观察质量缺口并派生补观察需求规格	自我动作实现模块.ixx:7465	6	确认候选事实、存在、状态或运行结果。		自我动作实现.外设模块.ixx:16668;自我动作实现.外部模块.ixx:134;自我动作实现.外部模块.ixx:139;自我动作实现模块.ixx:7465;自我动作实现模块.ixx:7470;自我动作实现模块.ixx:8187
yes	确认自我判断基础观察事实可用性规格	确认自我判断基础观察事实可用性规格	自我动作实现模块.ixx:7474	6	判断条件、状态或业务结果是否成立。		自我动作实现.外设模块.ixx:15599;自我动作实现.外部模块.ixx:143;自我动作实现.外部模块.ixx:148;自我动作实现模块.ixx:7474;自我动作实现模块.ixx:7479;自我动作实现模块.ixx:8189
yes	确认安全评估当前场景安全性规格	确认安全评估当前场景安全性规格	自我动作实现模块.ixx:7489	6	评估状态、风险、质量、权重或完成度。		自我动作实现.外设模块.ixx:15630;自我动作实现.外部模块.ixx:152;自我动作实现.外部模块.ixx:157;自我动作实现模块.ixx:7489;自我动作实现模块.ixx:7494;自我动作实现模块.ixx:8191
yes	确认自我读取自我关键特征变化规格	确认自我读取自我关键特征变化规格	自我动作实现模块.ixx:7502	6	从指定来源读取数据或状态。		自我动作实现.外设模块.ixx:15841;自我动作实现.外部模块.ixx:161;自我动作实现.外部模块.ixx:166;自我动作实现模块.ixx:7502;自我动作实现模块.ixx:7507;自我动作实现模块.ixx:8193
yes	确认自我建立最小自我边界参照规格	确认自我建立最小自我边界参照规格	自我动作实现模块.ixx:7515	6	确认候选事实、存在、状态或运行结果。		自我动作实现.外设模块.ixx:15868;自我动作实现.外部模块.ixx:323;自我动作实现.外部模块.ixx:328;自我动作实现模块.ixx:7515;自我动作实现模块.ixx:7520;自我动作实现模块.ixx:8195
yes	确认自我生成存在自我相对安全特征规格	确认自我生成存在自我相对安全特征规格	自我动作实现模块.ixx:7528	6	根据当前输入生成目标数据、场景、动态或回执。		自我动作实现.外设模块.ixx:15908;自我动作实现.外部模块.ixx:332;自我动作实现.外部模块.ixx:337;自我动作实现模块.ixx:7528;自我动作实现模块.ixx:7533;自我动作实现模块.ixx:8197
yes	确认安全构造场景影响因果候选规格	确认安全构造场景影响因果候选规格	自我动作实现模块.ixx:7541	6	确认候选事实、存在、状态或运行结果。		自我动作实现.外设模块.ixx:15940;自我动作实现.外部模块.ixx:170;自我动作实现.外部模块.ixx:175;自我动作实现模块.ixx:7541;自我动作实现模块.ixx:7546;自我动作实现模块.ixx:8199
yes	确认自我明确当前场景持续观察需求规格	确认自我明确当前场景持续观察需求规格	自我动作实现模块.ixx:7554	6	确认候选事实、存在、状态或运行结果。		自我动作实现.外设模块.ixx:15971;自我动作实现.外部模块.ixx:179;自我动作实现.外部模块.ixx:184;自我动作实现模块.ixx:7554;自我动作实现模块.ixx:7559;自我动作实现模块.ixx:8201
yes	确认安全持续观察当前场景规格	确认安全持续观察当前场景规格	自我动作实现模块.ixx:7567	6	确认候选事实、存在、状态或运行结果。		自我动作实现.外设模块.ixx:15996;自我动作实现.外部模块.ixx:188;自我动作实现.外部模块.ixx:193;自我动作实现模块.ixx:7567;自我动作实现模块.ixx:7572;自我动作实现模块.ixx:8203
yes	确认自我明确负向影响处置需求规格	确认自我明确负向影响处置需求规格	自我动作实现模块.ixx:7580	6	确认候选事实、存在、状态或运行结果。		自我动作实现.外设模块.ixx:16023;自我动作实现.外部模块.ixx:197;自我动作实现.外部模块.ixx:202;自我动作实现模块.ixx:7580;自我动作实现模块.ixx:7585;自我动作实现模块.ixx:8205
yes	确认安全执行降级保护规格	确认安全执行降级保护规格	自我动作实现模块.ixx:7593	6	执行任务、方法或动作的主体逻辑。		自我动作实现.外设模块.ixx:16049;自我动作实现.外部模块.ixx:206;自我动作实现.外部模块.ixx:211;自我动作实现模块.ixx:7593;自我动作实现模块.ixx:7598;自我动作实现模块.ixx:8207
yes	确认自我验证外设观察像素簇候选规格	确认自我验证外设观察像素簇候选规格	自我动作实现模块.ixx:7606	6	确认候选事实、存在、状态或运行结果。		自我动作实现.外设模块.ixx:16438;自我动作实现.外部模块.ixx:215;自我动作实现.外部模块.ixx:220;自我动作实现模块.ixx:7606;自我动作实现模块.ixx:7611;自我动作实现模块.ixx:8209
yes	确认自我识别外设观察材料规格	确认自我识别外设观察材料规格	自我动作实现模块.ixx:7619	6	执行识别相关匹配、确认或结果输出逻辑。		自我动作实现.外设模块.ixx:16111;自我动作实现.外部模块.ixx:224;自我动作实现.外部模块.ixx:229;自我动作实现模块.ixx:7619;自我动作实现模块.ixx:7624;自我动作实现模块.ixx:8211
yes	确认自我跟踪指定存在规格	确认自我跟踪指定存在规格	自我动作实现模块.ixx:7645	6	执行跟踪相关定位、匹配或结果输出逻辑。		自我动作实现.外设模块.ixx:16221;自我动作实现.外部模块.ixx:233;自我动作实现.外部模块.ixx:238;自我动作实现模块.ixx:7645;自我动作实现模块.ixx:7650;自我动作实现模块.ixx:8215
yes	确认自我提交目标观察约束特征组规格	确认自我提交目标观察约束特征组规格	自我动作实现模块.ixx:7658	6	提交事实、动态、任务状态或运行回执。		自我动作实现.外设模块.ixx:16075;自我动作实现.外部模块.ixx:242;自我动作实现.外部模块.ixx:247;自我动作实现模块.ixx:7658;自我动作实现模块.ixx:7663;自我动作实现模块.ixx:8217
yes	确认自我确认外设观察存在候选规格	确认自我确认外设观察存在候选规格	自我动作实现模块.ixx:7671	6	确认候选事实、存在、状态或运行结果。		自我动作实现.外设模块.ixx:16523;自我动作实现.外部模块.ixx:251;自我动作实现.外部模块.ixx:256;自我动作实现模块.ixx:7671;自我动作实现模块.ixx:7676;自我动作实现模块.ixx:8219
yes	确认提交确认观察存在事实规格	确认提交确认观察存在事实规格	自我动作实现模块.ixx:7684	6	提交事实、动态、任务状态或运行回执。		自我动作实现.外设模块.ixx:16558;自我动作实现.外部模块.ixx:260;自我动作实现.外部模块.ixx:265;自我动作实现模块.ixx:7684;自我动作实现模块.ixx:7689;自我动作实现模块.ixx:8221
yes	确认提交观察存在特征值变化事实规格	确认提交观察存在特征值变化事实规格	自我动作实现模块.ixx:7693	6	提交事实、动态、任务状态或运行回执。		自我动作实现.外设模块.ixx:16371;自我动作实现.外部模块.ixx:269;自我动作实现.外部模块.ixx:274;自我动作实现模块.ixx:7693;自我动作实现模块.ixx:7698;自我动作实现模块.ixx:8223
yes	确认提交指定存在跟踪事实规格	确认提交指定存在跟踪事实规格	自我动作实现模块.ixx:7702	6	提交事实、动态、任务状态或运行回执。		自我动作实现.外设模块.ixx:16406;自我动作实现.外部模块.ixx:278;自我动作实现.外部模块.ixx:283;自我动作实现模块.ixx:7702;自我动作实现模块.ixx:7707;自我动作实现模块.ixx:8225
yes	确认提交当前观察范围可观测单位存在对应事实规格	确认提交当前观察范围可观测单位存在对应事实规格	自我动作实现模块.ixx:7711	6	提交事实、动态、任务状态或运行回执。		自我动作实现.外设模块.ixx:16276;自我动作实现.外部模块.ixx:287;自我动作实现.外部模块.ixx:292;自我动作实现模块.ixx:7711;自我动作实现模块.ixx:7716;自我动作实现模块.ixx:8227
yes	确认提交观察存在发现事实规格	确认提交观察存在发现事实规格	自我动作实现模块.ixx:7720	6	提交事实、动态、任务状态或运行回执。		自我动作实现.外设模块.ixx:16337;自我动作实现.外部模块.ixx:296;自我动作实现.外部模块.ixx:301;自我动作实现模块.ixx:7720;自我动作实现模块.ixx:7725;自我动作实现模块.ixx:8229
yes	确认提交风险安全场景影响部分状态变化规格	确认提交风险安全场景影响部分状态变化规格	自我动作实现模块.ixx:7729	6	提交事实、动态、任务状态或运行回执。		自我动作实现.外设模块.ixx:15709;自我动作实现.外部模块.ixx:305;自我动作实现.外部模块.ixx:310;自我动作实现模块.ixx:7729;自我动作实现模块.ixx:7734;自我动作实现模块.ixx:8231
yes	确认安全搜索安全因果因素证据规格	确认安全搜索安全因果因素证据规格	自我动作实现模块.ixx:7738	6	在候选范围内搜索目标对象或路径。		自我动作实现.外设模块.ixx:15735;自我动作实现.外部模块.ixx:521;自我动作实现.外部模块.ixx:526;自我动作实现模块.ixx:7738;自我动作实现模块.ixx:7743;自我动作实现模块.ixx:8233
yes	确认提交安全因果因素无负证据默认满足规格	确认提交安全因果因素无负证据默认满足规格	自我动作实现模块.ixx:7751	6	提交事实、动态、任务状态或运行回执。		自我动作实现.外设模块.ixx:15795;自我动作实现.外部模块.ixx:530;自我动作实现.外部模块.ixx:535;自我动作实现模块.ixx:7751;自我动作实现模块.ixx:7756;自我动作实现模块.ixx:8235
yes	确认提交安全因果因素证据评估值规格	确认提交安全因果因素证据评估值规格	自我动作实现模块.ixx:7760	6	提交事实、动态、任务状态或运行回执。		自我动作实现.外设模块.ixx:15818;自我动作实现.外部模块.ixx:539;自我动作实现.外部模块.ixx:544;自我动作实现模块.ixx:7760;自我动作实现模块.ixx:7765;自我动作实现模块.ixx:8237
yes	确认自我按已确认轮廓分区当前帧规格	确认自我按已确认轮廓分区当前帧规格	自我动作实现模块.ixx:7769	6	确认候选事实、存在、状态或运行结果。		自我动作实现.外设模块.ixx:16597;自我动作实现.外部模块.ixx:314;自我动作实现.外部模块.ixx:319;自我动作实现模块.ixx:7769;自我动作实现模块.ixx:7774;自我动作实现模块.ixx:8241
yes	确认自我调整相机参数并重采样规格	确认自我调整相机参数并重采样规格	自我动作实现模块.ixx:7782	6	确认候选事实、存在、状态或运行结果。		自我动作实现.外设模块.ixx:16706;自我动作实现.外部模块.ixx:341;自我动作实现.外部模块.ixx:346;自我动作实现模块.ixx:7782;自我动作实现模块.ixx:7787;自我动作实现模块.ixx:8243
yes	确认自我按ROI重算观察质量规格	确认自我按ROI重算观察质量规格	自我动作实现模块.ixx:7791	6	确认候选事实、存在、状态或运行结果。		自我动作实现.外设模块.ixx:16715;自我动作实现.外部模块.ixx:350;自我动作实现.外部模块.ixx:355;自我动作实现模块.ixx:7791;自我动作实现模块.ixx:7796;自我动作实现模块.ixx:8245
yes	确认自我执行多帧重采样并择优规格	确认自我执行多帧重采样并择优规格	自我动作实现模块.ixx:7800	6	执行任务、方法或动作的主体逻辑。		自我动作实现.外设模块.ixx:16724;自我动作实现.外部模块.ixx:359;自我动作实现.外部模块.ixx:364;自我动作实现模块.ixx:7800;自我动作实现模块.ixx:7805;自我动作实现模块.ixx:8247
yes	确认自我生成低置信补偿观察候选规格	确认自我生成低置信补偿观察候选规格	自我动作实现模块.ixx:7809	6	根据当前输入生成目标数据、场景、动态或回执。		自我动作实现.外设模块.ixx:16733;自我动作实现.外部模块.ixx:368;自我动作实现.外部模块.ixx:373;自我动作实现模块.ixx:7809;自我动作实现模块.ixx:7814;自我动作实现模块.ixx:8249
yes	确认自我调整外设观察姿态规格	确认自我调整外设观察姿态规格	自我动作实现模块.ixx:7818	6	确认候选事实、存在、状态或运行结果。		自我动作实现.外设模块.ixx:16742;自我动作实现.外部模块.ixx:377;自我动作实现.外部模块.ixx:382;自我动作实现模块.ixx:7818;自我动作实现模块.ixx:7823;自我动作实现模块.ixx:8251
yes	确认自我调整观察位置规格	确认自我调整观察位置规格	自我动作实现模块.ixx:7827	6	确认候选事实、存在、状态或运行结果。		自我动作实现.外设模块.ixx:16751;自我动作实现.外部模块.ixx:386;自我动作实现.外部模块.ixx:391;自我动作实现模块.ixx:7827;自我动作实现模块.ixx:7832;自我动作实现模块.ixx:8253
yes	确认自我按像素坐标回查观察事实规格	确认自我按像素坐标回查观察事实规格	自我动作实现模块.ixx:7836	6	确认候选事实、存在、状态或运行结果。		自我动作实现.外设模块.ixx:16760;自我动作实现.外部模块.ixx:395;自我动作实现.外部模块.ixx:400;自我动作实现模块.ixx:7836;自我动作实现模块.ixx:7841;自我动作实现模块.ixx:8255
yes	确认自我确保存在内部世界规格	确认自我确保存在内部世界规格	自我动作实现模块.ixx:7899	6	确保目标结构、状态或前置条件存在并可用。		自我动作实现.外设模块.ixx:16992;自我动作实现.外部模块.ixx:458;自我动作实现.外部模块.ixx:463;自我动作实现模块.ixx:7899;自我动作实现模块.ixx:7904;自我动作实现模块.ixx:8267
yes	确认自我递归细分存在内部世界规格	确认自我递归细分存在内部世界规格	自我动作实现模块.ixx:7953	6	确认候选事实、存在、状态或运行结果。		自我动作实现.外设模块.ixx:17096;自我动作实现.外部模块.ixx:512;自我动作实现.外部模块.ixx:517;自我动作实现模块.ixx:7953;自我动作实现模块.ixx:7958;自我动作实现模块.ixx:8279
yes	确认自我生成观察变化事件规格	确认自我生成观察变化事件规格	自我动作实现模块.ixx:7980	6	根据当前输入生成目标数据、场景、动态或回执。		自我动作实现.外设模块.ixx:17171;自我动作实现.外部模块.ixx:566;自我动作实现.外部模块.ixx:571;自我动作实现模块.ixx:7980;自我动作实现模块.ixx:7985;自我动作实现模块.ixx:8285
yes	确认自我导出OpenGL复现数据规格	确认自我导出OpenGL复现数据规格	自我动作实现模块.ixx:7998	6	确认候选事实、存在、状态或运行结果。		自我动作实现.外设模块.ixx:17240;自我动作实现.外部模块.ixx:584;自我动作实现.外部模块.ixx:589;自我动作实现模块.ixx:7998;自我动作实现模块.ixx:8003;自我动作实现模块.ixx:8289
yes	确认本能方法专属规格	确认本能方法专属规格	自我动作实现模块.ixx:8151	6	差异点集中到专属规格分发，避免每个本能函数手写规格确认链。		自我动作实现模块.ixx:8151;自我动作实现模块.ixx:8375;自我动作实现模块.ixx:8421;自我动作实现模块.ixx:8713;自我动作实现模块.ixx:9084;自我动作实现模块.ixx:9354
yes	特征_方法执行情况	特征_方法执行情况	自我动作实现模块.ixx:829	6	执行任务、方法或动作的主体逻辑。		自我动作实现.外设模块.ixx:1305;自我动作实现.外设模块.ixx:8380;自我动作实现模块.ixx:829;自我动作实现模块.ixx:3259;自我动作实现模块.ixx:7238;自我动作实现模块.ixx:8025
yes	自我特征定义类::类型_自我_物理安全	类型_自我_物理安全	自我类.特征定义.cpp:334	6	按函数名执行对应处理。		因果类.cpp:858;自我类.cpp:919;自我类.cpp:936;自我类.cpp:1954;自我类.初始化.cpp:217;自我类.特征定义.cpp:334
yes	自我特征定义类::类型_自我_当前主任务	类型_自我_当前主任务	自我类.特征定义.cpp:361	6	按函数名执行对应处理。		自我类.cpp:1228;自我类.cpp:1261;自我类.cpp:1968;自我类.初始化.cpp:229;自我类.特征定义.cpp:361;自我线程模块.impl.cpp:14952
yes	自我特征定义类::类型_自我_方法补齐状态	类型_自我_方法补齐状态	自我类.特征定义.cpp:370	6	补齐条件、参数、证据或方法能力缺口。		自我类.cpp:1742;自我类.cpp:1748;自我类.cpp:1755;自我类.cpp:1965;自我类.初始化.cpp:225;自我类.特征定义.cpp:370
yes	自我特征定义类::类型_任务_当前阶段	类型_任务_当前阶段	自我类.特征定义.cpp:505	6	按函数名执行对应处理。		任务类.cpp:355;任务类.cpp:2243;任务类.cpp:2262;自我动作实现模块.ixx:419;自我类.cpp:2003;自我类.特征定义.cpp:505
yes	自我特征定义类::类型_任务_状态	类型_任务_状态	自我类.特征定义.cpp:511	6	按函数名执行对应处理。		任务类.cpp:361;任务类.cpp:1864;任务类.cpp:1889;因果类.cpp:865;自我类.cpp:2005;自我类.特征定义.cpp:511
yes	私有_线程运行阶段文本	私有_线程运行阶段文本	自我线程模块.impl.cpp:12659	6	执行对应模块、线程或方法的运行逻辑。		控制面板类.cpp:671;控制面板类.cpp:9630;自我线程模块.impl.cpp:12659;鱼巢.cpp:513;鱼巢.cpp:802;鱼巢.cpp:1675
yes	私有_查找治理特征节点	私有_查找治理特征节点	自我线程模块.impl.cpp:14263	6	按治理特征标签读取已存在的特征节点，不创建语素或特征结构。		自我线程模块.impl.cpp:14263;自我线程模块.impl.cpp:14282;自我线程模块.impl.cpp:14316;自我线程模块.impl.cpp:14326;自我线程模块.impl.cpp:14338;自我线程模块.impl.cpp:14348
yes	私有_读取任务状态动作动态_线程侧	私有_读取任务状态动作动态_线程侧	自我线程模块.impl.cpp:2033	6	从指定来源读取数据或状态。		自我线程模块.impl.cpp:2033;自我线程模块.impl.cpp:2340;自我线程模块.impl.cpp:5104;自我线程模块.impl.cpp:5644;自我线程模块.impl.cpp:6070;自我线程模块.impl.cpp:7748
yes	私有_提交任务已结算状态_线程侧	私有_提交任务已结算状态_线程侧	自我线程模块.impl.cpp:2050	6	提交事实、动态、任务状态或运行回执。		自我线程模块.impl.cpp:2050;自我线程模块.impl.cpp:2331;自我线程模块.impl.cpp:4691;自我线程模块.impl.cpp:4715;自我线程模块.impl.cpp:5631;自我线程模块.impl.cpp:7736
yes	私有_读取动作动态_线程侧	私有_读取动作动态_线程侧	自我线程模块.impl.cpp:3189	6	从指定来源读取数据或状态。		自我线程模块.impl.cpp:3189;自我线程模块.impl.cpp:3363;自我线程模块.impl.cpp:3371;自我线程模块.impl.cpp:4185;自我线程模块.impl.cpp:4448;自我线程模块.impl.cpp:7281
yes	私有_收集需求承接任务头_线程侧	私有_收集需求承接任务头_线程侧	自我线程模块.impl.cpp:3717	6	服务所在模块的内部辅助流程。		自我线程模块.impl.cpp:3717;自我线程模块.impl.cpp:3776;自我线程模块.impl.cpp:5249;自我线程模块.impl.cpp:8323;自我线程模块.impl.cpp:8608;自我线程模块.impl.cpp:13197
yes	私有_任务状态已终结_任务管理新链	私有_任务状态已终结_任务管理新链	自我线程模块.impl.cpp:5506	6	服务所在模块的内部辅助流程。		自我线程模块.impl.cpp:2526;自我线程模块.impl.cpp:5506;自我线程模块.impl.cpp:5534;自我线程模块.impl.cpp:12467;自我线程模块.impl.cpp:13199;自我线程模块.impl.cpp:17034
yes	同步后返回执行尝试对账结果	同步后返回执行尝试对账结果	自我线程模块.消息协议.ixx:585	6	同步线程、任务、场景或对象之间的状态。		自我线程模块.消息协议.ixx:585;自我线程模块.消息协议.ixx:1026;自我线程模块.消息协议.ixx:1031;自我线程模块.消息协议.ixx:1038;自我线程模块.消息协议.ixx:1044;自我线程模块.消息协议.ixx:1050
yes	拆分冻结治理邮箱批次	拆分冻结治理邮箱批次	自我线程模块.消息批次执行器.ixx:205	6	按函数名执行对应处理。		自我线程模块.impl.cpp:15671;自我线程模块.impl.cpp:15914;自我线程模块.impl.cpp:16013;自我线程模块.impl.cpp:16111;自我线程模块.impl.cpp:16202;自我线程模块.消息批次执行器.ixx:205
yes	请求休眠期自检	请求休眠期自检	自检线程模块.impl.cpp:2124	6	按函数名执行对应处理。		自检线程模块.impl.cpp:2124;自检线程模块.impl.cpp:2126;自检线程模块.ixx:98;自检线程模块.ixx:144;鱼巢.cpp:2196;鱼巢.cpp:2255
yes	私有_世界类型文本	私有_世界类型文本	语言类_二次特征表达.cpp:22	6	服务所在模块的内部辅助流程。		控制面板类.cpp:1081;控制面板类.cpp:4707;语言类_二次特征表达.cpp:22;语言类_二次特征表达.cpp:281;语言类_基础信息命名.cpp:26;语言类_基础信息命名.cpp:108
yes	私有_二次特征种类文本	私有_二次特征种类文本	语言类_二次特征表达.cpp:37	6	服务所在模块的内部辅助流程。		语言类_二次特征表达.cpp:37;语言类_二次特征表达.cpp:112;语言类_二次特征表达.cpp:327;语言类_二次特征表达.cpp:381;语言类_基础信息命名.cpp:75;语言类_基础信息命名.cpp:197
yes	私有_世界类型文本	私有_世界类型文本	语言类_基础信息命名.cpp:26	6	服务所在模块的内部辅助流程。		控制面板类.cpp:1081;控制面板类.cpp:4707;语言类_二次特征表达.cpp:22;语言类_二次特征表达.cpp:281;语言类_基础信息命名.cpp:26;语言类_基础信息命名.cpp:108
yes	私有_二次特征种类文本	私有_二次特征种类文本	语言类_基础信息命名.cpp:75	6	服务所在模块的内部辅助流程。		语言类_二次特征表达.cpp:37;语言类_二次特征表达.cpp:112;语言类_二次特征表达.cpp:327;语言类_二次特征表达.cpp:381;语言类_基础信息命名.cpp:75;语言类_基础信息命名.cpp:197
yes	需求类::读取需求目标宿主引用	读取需求目标宿主引用	需求类.cpp:1533	6	读取需求目标宿主引用，不修改需求树。		任务模块.管理界面线程.impl.cpp:3908;任务模块.管理界面线程.impl.cpp:4159;自我线程模块.impl.cpp:5974;自我线程模块.impl.cpp:10197;自我线程模块.impl.cpp:11111;需求类.cpp:1533
yes	需求类::读取需求综合权重	读取需求综合权重	需求类.cpp:1772	6	读取需求综合权重，不修改需求树。		任务模块.管理界面线程.impl.cpp:1921;任务模块.管理界面线程.impl.cpp:2027;任务模块.管理界面线程.impl.cpp:8345;自我线程模块.impl.cpp:8148;自我线程模块.impl.cpp:12483;需求类.cpp:1772
yes	需求类::构造新增原子需求指令	构造新增原子需求指令	需求类.cpp:2155	6	构造新增原子需求指令，不直接修改需求树。		自我线程模块.impl.cpp:9030;自我线程模块.impl.cpp:9359;自我线程模块.impl.cpp:10375;自我线程模块.impl.cpp:11805;自我线程模块.impl.cpp:13266;需求类.cpp:2155
yes	需求类::绑定对应任务	绑定对应任务	需求类.cpp:2584	6	建立对象、任务、方法或因果之间的绑定关系。		任务模块.管理界面线程.impl.cpp:1968;任务模块.管理界面线程.impl.cpp:8311;任务模块.管理界面线程.impl.cpp:8506;任务类.cpp:2558;自我线程模块.impl.cpp:5500;需求类.cpp:2584
yes	私有_执行需求树ADO命令	私有_执行需求树ADO命令	需求类.cpp:626	6	执行任务、方法或动作的主体逻辑。		需求类.cpp:626;需求类.cpp:645;需求类.cpp:652;需求类.cpp:2554;需求类.cpp:2555;需求类.cpp:2557
yes	私有_解析存在引用	私有_解析存在引用	需求类.cpp:871	6	解析输入文本、消息、场景或运行包。		任务模块.管理界面线程.impl.cpp:1256;任务类.cpp:214;任务类.cpp:1721;需求类.cpp:871;需求类.cpp:1550;需求类.cpp:1559
yes	私有_取所属场景	私有_取所属场景	需求类.cpp:943	6	服务所在模块的内部辅助流程。		二次特征应用模块.ixx:835;二次特征应用模块.ixx:2684;二次特征应用模块.ixx:2685;需求类.cpp:943;需求类.cpp:2703;需求类.cpp:2705
yes	私有_状态特征类型_需求校验	私有_状态特征类型_需求校验	需求类.cpp:995	6	服务所在模块的内部辅助流程。		需求类.cpp:995;需求类.cpp:1005;需求类.cpp:1512;需求类.cpp:1516;需求类.cpp:2415;需求类.cpp:2418
yes	私有_初始化控制面板运行态SQL投影	私有_初始化控制面板运行态SQL投影	鱼巢.cpp:1287	6	启动时初始化控制面板运行态 SQL 显示镜像。		鱼巢.cpp:138;鱼巢.cpp:1287;鱼巢.cpp:1330;鱼巢.cpp:1341;鱼巢.cpp:1371;鱼巢.cpp:1401
yes	私有_记录任务管理摘要即时状态	私有_记录任务管理摘要即时状态	鱼巢.cpp:1452	6	记录日志、动态、证据或运行痕迹。		鱼巢.cpp:1452;鱼巢.cpp:1562;鱼巢.cpp:2019;鱼巢.cpp:2047;鱼巢.cpp:2062;鱼巢.cpp:2088
yes	私有_任务虚拟存在I64特征文本	私有_任务虚拟存在I64特征文本	鱼巢.cpp:1881	6	服务所在模块的内部辅助流程。		鱼巢.cpp:1881;鱼巢.cpp:1999;鱼巢.cpp:2000;鱼巢.cpp:2001;鱼巢.cpp:2002;鱼巢.cpp:2003
yes	私有_命令行包含参数	私有_命令行包含参数	鱼巢.cpp:191	6	服务所在模块的内部辅助流程。		鱼巢.cpp:191;鱼巢.cpp:2268;鱼巢.cpp:2269;鱼巢.cpp:2286;鱼巢.cpp:2287;鱼巢.cpp:2288
yes	私有_线程运行阶段文本	私有_线程运行阶段文本	鱼巢.cpp:513	6	执行对应模块、线程或方法的运行逻辑。		控制面板类.cpp:671;控制面板类.cpp:9630;自我线程模块.impl.cpp:12659;鱼巢.cpp:513;鱼巢.cpp:802;鱼巢.cpp:1675
yes	私有_任务头绑定需求	私有_任务头绑定需求	鱼巢.cpp:658	6	建立对象、任务、方法或因果之间的绑定关系。		控制面板摘要线程模块.impl.cpp:154;控制面板摘要线程模块.impl.cpp:170;控制面板类.cpp:347;控制面板类.cpp:363;鱼巢.cpp:658;鱼巢.cpp:674
yes	U32十六进制8位文本	U32十六进制8位文本	全局共享函数类.ixx:389	6	把 U32 输出为固定宽度大写十六进制文本，格式为 `0xXXXXXXXX`。	constructor_like	全局共享函数类.ixx:389;控制面板WebView2.cpp:138;数据库ADO模块.cpp:107;数据库ADO模块.cpp:155;数据库ADO模块.cpp:637;数据库ADO模块.cpp:761
yes	ROI面积	ROI面积	全局共享函数类.ixx:550	6	计算闭合 ROI 的像素面积，范围反向时返回 0。	constructor_like	全局共享函数类.ixx:550;全局共享函数类.ixx:571;自我动作实现.外设模块.ixx:10936;自我动作实现.外设模块.ixx:10969;自我动作实现.外设模块.ixx:11017;自我动作实现.外设模块.ixx:11018
yes	SQL可空整数文本	SQL可空整数文本	全局共享函数类.ixx:918	6	将可空整数格式化为 SQL 写入文本；无值时返回 NULL。	constructor_like	世界树类.cpp:977;世界树类.cpp:997;全局共享函数类.ixx:918;语素类.cpp:642;语素类.cpp:644;语素类.cpp:646
yes	校验结构	校验结构	双向链表模板核心.h:593	6	=============================================================...	header_definition	双向链表模板核心.h:593;基础信息主信息类.h:307;特征类.cpp:562;特征类.cpp:681;特征类.cpp:697;特征类.cpp:2505
yes	是复合特征	是复合特征	基础信息主信息类.h:283	6	按函数名执行对应处理。	header_definition	任务模块.筹办.ixx:2725;基础信息主信息类.h:283;基础信息主信息类.h:311;特征类.cpp:566;特征类.cpp:799;特征类.cpp:2519
yes	校验结构	校验结构	基础信息主信息类.h:307	6	按函数名执行对应处理。	header_definition	双向链表模板核心.h:593;基础信息主信息类.h:307;特征类.cpp:562;特征类.cpp:681;特征类.cpp:697;特征类.cpp:2505
yes	比较量命中方向	比较量命中方向	基础数据类型.h:111	6	比较当前值、目标值或历史基准。	header_definition	二次特征应用模块.ixx:737;任务模块.筹办.ixx:2781;任务模块.筹办.ixx:2788;基础信息主信息类.h:741;基础数据类型.h:111;方法类.cpp:405
yes	D455_万分比	D455_万分比	外设线程_D455深度相机.ixx:348	6	按函数名执行对应处理。	constructor_like	外设线程_D455深度相机.ixx:348;外设线程_D455深度相机.ixx:486;外设线程_D455深度相机.ixx:489;外设线程_D455深度相机.ixx:497;外设线程_D455深度相机.ixx:812;外设线程_D455深度相机.ixx:816
yes	D455_清理短期材料页_已加锁	D455_清理短期材料页_已加锁	外设观察报告队列.ixx:1171	6	清理缓存、临时状态或运行资源。	constructor_like	外设观察报告队列.ixx:1171;外设观察报告队列.ixx:2603;外设观察报告队列.ixx:2608;外设观察报告队列.ixx:2634;外设观察报告队列.ixx:2834;外设观察报告队列.ixx:2873
yes	取节点VecU只读指针	取节点VecU只读指针	特征值类.h:122	6	读取特征值节点中的 VecU 值，不创建或修改节点。	header_definition	特征值类.h:122;特征类.cpp:305;特征类.cpp:3583;特征类.cpp:3604;特征类.cpp:3626;特征类.cpp:3889
yes	查找_已加锁	查找_已加锁	特征值类.h:127	6	按条件查找目标对象、方法或事实。	header_definition	特征值类.h:47;特征值类.h:127;特征值类.h:129;特征值类.h:136;特征值类.h:141;特征值类.h:158
yes	查找_已加锁	查找_已加锁	特征值类.h:141	6	按条件查找目标对象、方法或事实。	header_definition	特征值类.h:47;特征值类.h:127;特征值类.h:129;特征值类.h:136;特征值类.h:141;特征值类.h:158
yes	可比较	可比较	特征类.h:104	6	比较当前值、目标值或历史基准。	header_definition	二次特征应用模块.ixx:3078;二次特征应用模块.ixx:3083;特征类.h:104;自我动作实现.外设模块.ixx:7536;自我动作实现.外设模块.ixx:7575;自我动作实现.外设模块.ixx:7652
yes	语素入口主信息类	语素入口主信息类	语素主信息类.h:404	6	按函数名执行对应处理。	header_definition	语素主信息类.h:404;语素主信息类.h:410;语素主信息类.h:418;语素主信息类.h:425;语素类.cpp:1089;语素类.cpp:1140
yes	语素入口主信息类	语素入口主信息类	语素主信息类.h:410	6	按函数名执行对应处理。	header_definition	语素主信息类.h:404;语素主信息类.h:410;语素主信息类.h:418;语素主信息类.h:425;语素类.cpp:1089;语素类.cpp:1140
yes	语素入口主信息类	语素入口主信息类	语素主信息类.h:418	6	按函数名执行对应处理。	header_definition	语素主信息类.h:404;语素主信息类.h:410;语素主信息类.h:418;语素主信息类.h:425;语素类.cpp:1089;语素类.cpp:1140
yes	刷新子需求权重_已加锁	刷新子需求权重_已加锁	需求类.h:1321	6	按函数名执行对应处理。	header_definition	需求类.h:609;需求类.h:1208;需求类.h:1265;需求类.h:1282;需求类.h:1321;需求类.h:1333
yes	生成需求目标键_已加锁	生成需求目标键_已加锁	需求类.h:891	6	根据当前输入生成目标数据、场景、动态或回执。	header_definition	需求类.h:891;需求类.h:988;需求类.h:989;需求类.h:1001;需求类.h:1012;需求类.h:1042
yes	在范围内	在范围内	D455相机类.cpp:269	7	按函数名执行对应处理。		D455相机类.cpp:269;D455相机类.cpp:556;D455相机类.cpp:559;D455相机类.cpp:575;D455相机类.cpp:581;D455相机类.cpp:754;D455相机类.cpp:754
yes	基础信息_	基础信息_	二次特征类.cpp:260	7	按函数名执行对应处理。		二次特征类.cpp:261;动态类.cpp:459;因果类.cpp:1260;场景类.cpp:71;存在类.cpp:261;特征类.cpp:490;状态类.cpp:138
yes	私有_方法稳定状态特征类型_执行桥_最小_v0	私有_方法稳定状态特征类型_执行桥_最小_v0	任务模块.执行.ixx:248	7	执行任务、方法或动作的主体逻辑。		任务模块.执行.ixx:248;任务模块.执行.ixx:499;任务模块.执行.ixx:859;任务模块.筹办.ixx:2566;任务模块.筹办.ixx:5166;任务模块.管理工作线程.ixx:1318;任务模块.管理工作线程.ixx:1740
yes	私有_方法运行账完整性特征类型_执行桥_最小_v0	私有_方法运行账完整性特征类型_执行桥_最小_v0	任务模块.执行.ixx:255	7	执行对应模块、线程或方法的运行逻辑。		任务模块.执行.ixx:255;任务模块.执行.ixx:494;任务模块.执行.ixx:839;任务模块.筹办.ixx:2567;任务模块.筹办.ixx:5164;任务模块.管理工作线程.ixx:1313;任务模块.管理工作线程.ixx:1743
yes	私有_方法条件节点数量特征类型_执行桥_最小_v0	私有_方法条件节点数量特征类型_执行桥_最小_v0	任务模块.执行.ixx:269	7	执行任务、方法或动作的主体逻辑。		任务模块.执行.ixx:269;任务模块.执行.ixx:474;任务模块.执行.ixx:919;任务模块.筹办.ixx:2572;任务模块.筹办.ixx:5154;任务模块.管理工作线程.ixx:1268;任务模块.管理工作线程.ixx:1755
yes	私有_方法结果节点数量特征类型_执行桥_最小_v0	私有_方法结果节点数量特征类型_执行桥_最小_v0	任务模块.执行.ixx:325	7	执行任务、方法或动作的主体逻辑。		任务模块.执行.ixx:325;任务模块.执行.ixx:479;任务模块.执行.ixx:939;任务模块.筹办.ixx:2573;任务模块.筹办.ixx:5156;任务模块.管理工作线程.ixx:1273;任务模块.管理工作线程.ixx:1758
yes	私有_方法条件结果对数量特征类型_执行桥_最小_v0	私有_方法条件结果对数量特征类型_执行桥_最小_v0	任务模块.执行.ixx:339	7	执行任务、方法或动作的主体逻辑。		任务模块.执行.ixx:339;任务模块.执行.ixx:484;任务模块.执行.ixx:959;任务模块.筹办.ixx:2574;任务模块.筹办.ixx:5158;任务模块.管理工作线程.ixx:1283;任务模块.管理工作线程.ixx:1764
yes	私有_记录执行桥方法缺口_最小_v0	私有_记录执行桥方法缺口_最小_v0	任务模块.执行.ixx:414	7	记录日志、动态、证据或运行痕迹。		任务模块.执行.ixx:414;任务模块.执行.ixx:1148;任务模块.执行.ixx:1165;任务模块.执行.ixx:1183;任务模块.执行.ixx:1201;任务模块.执行.ixx:1219;任务模块.执行.ixx:1237
yes	私有_方法条件结果对数量_执行桥_最小_v0	私有_方法条件结果对数量_执行桥_最小_v0	任务模块.执行.ixx:626	7	执行任务、方法或动作的主体逻辑。		任务模块.执行.ixx:356;任务模块.执行.ixx:431;任务模块.执行.ixx:517;任务模块.执行.ixx:570;任务模块.执行.ixx:626;任务模块.执行.ixx:960;任务模块.执行.ixx:1218
yes	输入宿主包含实参值_筹办	输入宿主包含实参值_筹办	任务模块.筹办.ixx:3937	7	推进任务筹办，形成候选、缺口或就绪回执。		任务模块.筹办.ixx:3937;任务模块.筹办.ixx:3959;任务模块.筹办.ixx:3962;任务模块.筹办.ixx:3970;任务模块.筹办.ixx:4182;任务模块.筹办.ixx:4199;任务模块.筹办.ixx:4411
yes	读取基础节点I64_筹办	读取基础节点I64_筹办	任务模块.筹办.ixx:4147	7	从指定来源读取数据或状态。		任务模块.筹办.ixx:4147;任务模块.筹办.ixx:4213;任务模块.筹办.ixx:4239;任务模块.筹办.ixx:4249;任务模块.筹办.ixx:4328;任务模块.筹办.ixx:4331;任务模块.筹办.ixx:4693
yes	状态节点主体	状态节点主体	任务模块.筹办.ixx:466	7	按函数名执行对应处理。		任务模块.筹办.ixx:466;任务模块.筹办.ixx:774;任务模块.筹办.ixx:776;任务模块.筹办.ixx:1463;任务模块.筹办.ixx:1465;任务模块.筹办.ixx:3099;任务模块.筹办.ixx:3101
yes	状态节点I64值	状态节点I64值	任务模块.筹办.ixx:473	7	按函数名执行对应处理。		任务模块.筹办.ixx:473;任务模块.筹办.ixx:1406;任务模块.筹办.ixx:2779;任务模块.筹办.ixx:2780;任务模块.筹办.ixx:2839;任务模块.筹办.ixx:4626;任务模块.筹办.ixx:4923
yes	筹办_构造需求生命周期上下文	筹办_构造需求生命周期上下文	任务模块.筹办.ixx:748	7	推进任务筹办，形成候选、缺口或就绪回执。		任务模块.筹办.ixx:748;任务模块.筹办.ixx:793;任务模块.筹办.ixx:796;任务模块.筹办.ixx:845;任务模块.筹办.ixx:900;任务模块.筹办.ixx:947;任务模块.筹办.ixx:5436
yes	筹办_构造需求生命周期上下文	筹办_构造需求生命周期上下文	任务模块.筹办.ixx:793	7	推进任务筹办，形成候选、缺口或就绪回执。		任务模块.筹办.ixx:748;任务模块.筹办.ixx:793;任务模块.筹办.ixx:796;任务模块.筹办.ixx:845;任务模块.筹办.ixx:900;任务模块.筹办.ixx:947;任务模块.筹办.ixx:5436
yes	私有_执行输出派生需求词	私有_执行输出派生需求词	任务模块.管理工作线程.ixx:1529	7	执行任务、方法或动作的主体逻辑。		任务模块.管理工作线程.ixx:1529;任务模块.管理工作线程.ixx:1563;任务模块.管理工作线程.ixx:2033;任务模块.管理工作线程.ixx:2117;任务模块.管理工作线程.ixx:2330;任务模块.管理工作线程.ixx:2631;任务模块.管理工作线程.ixx:3081
yes	读取任务管理工作线程快照	读取任务管理工作线程快照	任务模块.管理工作线程.ixx:3800	7	从指定来源读取数据或状态。		任务模块.管理工作线程.ixx:145;任务模块.管理工作线程.ixx:3800;控制面板类.cpp:10101;控制面板类.cpp:10357;控制面板类.cpp:10851;鱼巢.cpp:747;鱼巢.cpp:1457
yes	私有_筹办派生需求消息稳定键	私有_筹办派生需求消息稳定键	任务模块.管理工作线程.ixx:817	7	推进任务筹办，形成候选、缺口或就绪回执。		任务模块.管理工作线程.ixx:817;任务模块.管理工作线程.ixx:893;任务模块.管理工作线程.ixx:926;任务模块.管理工作线程.ixx:948;任务模块.管理工作线程.ixx:967;任务模块.管理工作线程.ixx:968;任务模块.管理工作线程.ixx:979
yes	私有_追加唯一存在节点	私有_追加唯一存在节点	任务类.cpp:107	7	服务所在模块的内部辅助流程。		任务类.cpp:107;任务类.cpp:127;任务类.cpp:128;任务类.cpp:129;任务类.cpp:145;任务类.cpp:156;任务类.cpp:2172
yes	任务类::读取任务虚拟存在引用	读取任务虚拟存在引用	任务类.cpp:1709	7	从指定来源读取数据或状态。		任务模块.管理界面线程.impl.cpp:3819;任务模块.管理界面线程.impl.cpp:8519;任务类.cpp:1709;自我动作实现模块.ixx:12350;自我线程模块.impl.cpp:14989;鱼巢.cpp:1872;鱼巢.cpp:1940
yes	折叠字符串主键	折叠字符串主键	全局共享函数类.ixx:425	7	把稳定主键文本折叠为 U64；仅用于主键/标识压缩，不用于自由文本业务判断。		全局共享函数类.ixx:425;自检线程模块.impl.cpp:915;自检线程模块.impl.cpp:917;自检线程模块.impl.cpp:1244;自检线程模块.impl.cpp:1246;自检线程模块.impl.cpp:1248;自检线程模块.impl.cpp:1346
yes	饱和绝对值I64	饱和绝对值I64	全局共享函数类.ixx:54	7	返回 I64 的饱和绝对值，I64 最小值返回 I64 最大值。		世界树类.cpp:3935;全局共享函数类.ixx:54;全局共享函数类.ixx:65;特征类.cpp:158;特征类.cpp:2613;特征类.cpp:4090;特征类.cpp:4254
yes	绝对差F64I64	绝对差F64I64	全局共享函数类.ixx:660	7	计算 double 与 I64 的非饱和绝对差，返回 I64 截断结果。		全局共享函数类.ixx:660;自我动作实现.扫描.ixx:1187;自我动作实现.扫描.ixx:1188;自我动作实现.扫描.ixx:1189;自我动作实现.扫描.ixx:1439;自我动作实现.扫描.ixx:1440;自我动作实现.扫描.ixx:1441
yes	是否运行中	是否运行中	动作线程类.ixx:137	7	执行对应模块、线程或方法的运行逻辑。		任务模块.管理界面线程.impl.cpp:4253;动作线程类.ixx:137;动作线程类.ixx:145;外设线程_D455深度相机.ixx:125;控制面板WebView2.cpp:667;自我线程模块.ixx:487;自检线程模块.impl.cpp:168
yes	基础信息_	基础信息_	动态类.cpp:458	7	按函数名执行对应处理。		二次特征类.cpp:261;动态类.cpp:459;因果类.cpp:1260;场景类.cpp:71;存在类.cpp:261;特征类.cpp:490;状态类.cpp:138
yes	基础信息_	基础信息_	因果类.cpp:1259	7	按函数名执行对应处理。		二次特征类.cpp:261;动态类.cpp:459;因果类.cpp:1260;场景类.cpp:71;存在类.cpp:261;特征类.cpp:490;状态类.cpp:138
yes	私有_因果模板果侧可用	私有_因果模板果侧可用	因果类.cpp:429	7	服务所在模块的内部辅助流程。		因果类.cpp:429;因果类.cpp:705;因果类.cpp:1140;因果类.cpp:1754;因果类.cpp:1929;因果类.cpp:2671;因果类.cpp:2700
yes	基础信息_	基础信息_	场景类.cpp:70	7	按函数名执行对应处理。		二次特征类.cpp:261;动态类.cpp:459;因果类.cpp:1260;场景类.cpp:71;存在类.cpp:261;特征类.cpp:490;状态类.cpp:138
yes	获取全局外设线程_D455深度相机	获取全局外设线程_D455深度相机	外设线程_D455深度相机.ixx:3323	7	读取并返回指定对象、状态或运行材料。		任务模块.管理界面线程.impl.cpp:4252;外设线程_D455深度相机.ixx:133;外设线程_D455深度相机.ixx:3323;外设线程_D455深度相机.ixx:3332;外设线程_D455深度相机.ixx:3338;外设线程_D455深度相机.ixx:3346;控制面板WebView2.cpp:666
yes	私有_写入子特征I64	私有_写入子特征I64	存在类.cpp:132	7	把处理结果写入指定对象、场景或日志。		存在类.cpp:132;存在类.cpp:820;存在类.cpp:821;存在类.cpp:822;存在类.cpp:823;存在类.cpp:824;存在类.cpp:825
yes	基础信息_	基础信息_	存在类.cpp:260	7	按函数名执行对应处理。		二次特征类.cpp:261;动态类.cpp:459;因果类.cpp:1260;场景类.cpp:71;存在类.cpp:261;特征类.cpp:490;状态类.cpp:138
yes	私有_发送摘要线程生命周期消息	私有_发送摘要线程生命周期消息	控制面板摘要线程模块.impl.cpp:55	7	服务所在模块的内部辅助流程。		控制面板摘要线程模块.impl.cpp:55;控制面板摘要线程模块.impl.cpp:511;控制面板摘要线程模块.impl.cpp:523;控制面板摘要线程模块.impl.cpp:554;控制面板摘要线程模块.impl.cpp:610;控制面板摘要线程模块.impl.cpp:626;控制面板摘要线程模块.impl.cpp:648
yes	私有_任务工作线程池最近参数保存文本	私有_任务工作线程池最近参数保存文本	控制面板类.cpp:162	7	服务所在模块的内部辅助流程。		控制面板类.cpp:162;控制面板类.cpp:188;控制面板类.cpp:10500;控制面板类.cpp:10919;控制面板类.cpp:11393;控制面板类.cpp:11520;控制面板类.cpp:13034
yes	私有_任务工作线程池最近参数保存文本	私有_任务工作线程池最近参数保存文本	控制面板类.cpp:188	7	服务所在模块的内部辅助流程。		控制面板类.cpp:162;控制面板类.cpp:188;控制面板类.cpp:10500;控制面板类.cpp:10919;控制面板类.cpp:11393;控制面板类.cpp:11520;控制面板类.cpp:13034
yes	私有_字段显示文本	私有_字段显示文本	控制面板类.cpp:2412	7	服务所在模块的内部辅助流程。		控制面板类.cpp:2412;控制面板类.cpp:2444;控制面板类.cpp:2462;控制面板类.cpp:2471;控制面板类.cpp:2480;控制面板类.cpp:2490;控制面板类.cpp:2521
yes	私有_构建任务树节点	私有_构建任务树节点	控制面板类.cpp:5421	7	构建运行所需的数据结构或中间结果。		控制面板类.cpp:313;控制面板类.cpp:4668;控制面板类.cpp:5387;控制面板类.cpp:5421;控制面板类.cpp:5473;控制面板类.cpp:5688;控制面板类.cpp:10580
yes	私有_特征值文本	私有_特征值文本	控制面板类.cpp:638	7	服务所在模块的内部辅助流程。		控制面板类.cpp:638;控制面板类.cpp:3690;控制面板类.cpp:4587;控制面板类.cpp:4763;语言类_基础信息命名.cpp:41;语言类_基础信息命名.cpp:138;语言类_基础信息命名.cpp:153
yes	私有_线程最终去向文本	私有_线程最终去向文本	控制面板类.cpp:693	7	服务所在模块的内部辅助流程。		控制面板类.cpp:693;控制面板类.cpp:9631;自我线程模块.impl.cpp:12681;鱼巢.cpp:535;鱼巢.cpp:803;鱼巢.cpp:815;鱼巢.cpp:1678
yes	私有_读取SQL树直接子层	私有_读取SQL树直接子层	控制面板类.cpp:7305	7	按父节点键读取 SQL 树直接子节点层。		控制面板类.cpp:7305;控制面板类.cpp:7453;控制面板类.cpp:7468;控制面板类.cpp:7484;控制面板类.cpp:7499;控制面板类.cpp:7515;控制面板类.cpp:7535
yes	私有_追加树节点JSON	私有_追加树节点JSON	控制面板类.cpp:9043	7	服务所在模块的内部辅助流程。		控制面板类.cpp:9043;控制面板类.cpp:9063;控制面板类.cpp:9072;控制面板类.cpp:9082;控制面板类.cpp:9097;控制面板类.cpp:9433;控制面板类.cpp:9448
yes	执行ADO字段恢复比对	执行ADO字段恢复比对	数据库ADO模块.cpp:685	7	从 SQL Server 恢复字段行集并与原始字段值逐项比较。		世界树类.cpp:1335;任务类.cpp:1289;数据库ADO模块.cpp:685;数据库ADO模块.ixx:60;方法类.cpp:1585;语素类.cpp:743;需求类.cpp:764
yes	同步写入SQL控制面板显示项	同步写入SQL控制面板显示项	数据库ADO模块.cpp:839	7	同步新增或更新一个控制面板运行态显示项。		世界树类.cpp:1823;任务类.cpp:902;动态类.cpp:748;数据库ADO模块.cpp:839;数据库ADO模块.ixx:81;方法类.cpp:2227;需求类.cpp:1694
yes	方法类::声明方法结果能力	声明方法结果能力	方法类.cpp:1818	7	向方法首节点声明一个结果能力项。		方法类.cpp:1818;自我动作实现.外设模块.ixx:8305;自我动作实现.外设模块.ixx:8327;自我动作实现.扫描.ixx:1248;自我动作实现模块.ixx:3184;自我动作实现模块.ixx:3206;自我动作实现模块.ixx:7332
yes	方法类::方法动作数量	方法动作数量	方法类.cpp:1970	7	统计方法首节点的动作数量。		任务模块.执行.ixx:589;任务模块.筹办.ixx:2332;任务模块.筹办.ixx:2919;任务模块.筹办.ixx:5256;任务模块.筹办.ixx:5356;任务模块.筹办.ixx:5382;方法类.cpp:1970
yes	方法类::方法可执行入口数量	方法可执行入口数量	方法类.cpp:1977	7	统计方法首节点的结构化可执行入口数量。		任务模块.筹办.ixx:2333;任务模块.筹办.ixx:2554;任务模块.筹办.ixx:2922;任务模块.筹办.ixx:5257;任务模块.筹办.ixx:5357;任务模块.筹办.ixx:5389;方法类.cpp:1977
yes	私有_独立树添加方法子节点	私有_独立树添加方法子节点	方法类.cpp:275	7	服务所在模块的内部辅助流程。		方法类.cpp:275;方法类.cpp:2336;方法类.cpp:2434;方法类.cpp:2867;方法类.cpp:2959;本能方法类.cpp:143;本能方法类.cpp:290
yes	私有_方法直接子节点数量	私有_方法直接子节点数量	方法类.cpp:793	7	服务所在模块的内部辅助流程。		方法类.cpp:793;方法类.cpp:894;方法类.cpp:896;方法类.cpp:1986;方法虚拟存在服务类.cpp:134;方法虚拟存在服务类.cpp:439;方法虚拟存在服务类.cpp:441
yes	私有_方法条件结果对数量	私有_方法条件结果对数量	方法类.cpp:813	7	服务所在模块的内部辅助流程。		方法类.cpp:813;方法类.cpp:897;方法类.cpp:899;方法类.cpp:2029;方法虚拟存在服务类.cpp:154;方法虚拟存在服务类.cpp:442;方法虚拟存在服务类.cpp:444
yes	私有_方法直接子节点数量	私有_方法直接子节点数量	方法虚拟存在服务类.cpp:134	7	服务所在模块的内部辅助流程。		方法类.cpp:793;方法类.cpp:894;方法类.cpp:896;方法类.cpp:1986;方法虚拟存在服务类.cpp:134;方法虚拟存在服务类.cpp:439;方法虚拟存在服务类.cpp:441
yes	私有_方法条件结果对数量	私有_方法条件结果对数量	方法虚拟存在服务类.cpp:154	7	服务所在模块的内部辅助流程。		方法类.cpp:813;方法类.cpp:897;方法类.cpp:899;方法类.cpp:2029;方法虚拟存在服务类.cpp:154;方法虚拟存在服务类.cpp:442;方法虚拟存在服务类.cpp:444
yes	utf8_to_wide_lossy	utf8_to_wide_lossy	日志模块.ixx:166	7	按函数名执行对应处理。		日志模块.ixx:166;日志模块.ixx:182;日志模块.ixx:204;日志模块.ixx:205;日志模块.ixx:375;日志模块.ixx:610;日志模块.ixx:611
yes	g_init_mtx	g_init_mtx	日志模块.ixx:424	7	按函数名执行对应处理。		日志模块.ixx:424;日志模块.ixx:472;日志模块.ixx:481;日志模块.ixx:505;日志模块.ixx:509;日志模块.ixx:668;日志模块.ixx:673
yes	g_shutdown	g_shutdown	日志模块.ixx:436	7	按函数名执行对应处理。		日志模块.ixx:436;日志模块.ixx:474;日志模块.ixx:482;日志模块.ixx:495;日志模块.ixx:506;日志模块.ixx:664;日志模块.ixx:669
yes	本能动作承接_重筹办词	本能动作承接_重筹办词	本能动作管理类.ixx:170	7	推进任务筹办，形成候选、缺口或就绪回执。		任务模块.执行.ixx:1452;本能动作管理类.ixx:170;本能动作管理类.ixx:228;自我动作实现.外设模块.ixx:8397;自我动作实现模块.ixx:3883;自我动作实现模块.ixx:5220;自我动作实现模块.ixx:5896
yes	执行功能函数	执行功能函数	本能动作管理类.ixx:749	7	执行任务、方法或动作的主体逻辑。		任务模块.执行.ixx:1306;动作线程类.ixx:189;本能动作管理类.ixx:749;自我动作实现模块.ixx:9527;自我线程模块.impl.cpp:4167;自我线程模块.impl.cpp:4427;自我线程模块.impl.cpp:7245
yes	私有_独立树添加方法子节点	私有_独立树添加方法子节点	本能方法类.cpp:143	7	服务所在模块的内部辅助流程。		方法类.cpp:275;方法类.cpp:2336;方法类.cpp:2434;方法类.cpp:2867;方法类.cpp:2959;本能方法类.cpp:143;本能方法类.cpp:290
yes	本能方法类::补齐本能方法首节点	补齐本能方法首节点	本能方法类.cpp:246	7	补齐条件、参数、证据或方法能力缺口。		本能方法类.cpp:246;自我动作实现.外设模块.ixx:8834;自我动作实现.外设模块.ixx:8845;自我动作实现.外设模块.ixx:8861;自我动作实现模块.ixx:3978;自我动作实现模块.ixx:3987;自我动作实现模块.ixx:4002
yes	基础信息_	基础信息_	特征类.cpp:489	7	按函数名执行对应处理。		二次特征类.cpp:261;动态类.cpp:459;因果类.cpp:1260;场景类.cpp:71;存在类.cpp:261;特征类.cpp:490;状态类.cpp:138
yes	基础信息_	基础信息_	状态类.cpp:137	7	按函数名执行对应处理。		二次特征类.cpp:261;动态类.cpp:459;因果类.cpp:1260;场景类.cpp:71;存在类.cpp:261;特征类.cpp:490;状态类.cpp:138
yes	读取指定或最新正式外设观察报告	读取指定或最新正式外设观察报告	自我动作实现.外设模块.ixx:12356	7	从指定来源读取数据或状态。		自我动作实现.外设模块.ixx:12356;自我动作实现.外设模块.ixx:21256;自我动作实现.外设模块.ixx:21742;自我动作实现.外设模块.ixx:22184;自我动作实现.外设模块.ixx:22615;自我动作实现.外设模块.ixx:22803;自我动作实现.外设模块.ixx:24808
yes	读取已落账空间候选集合	读取已落账空间候选集合	自我动作实现.外设模块.ixx:12830	7	从指定来源读取数据或状态。		自我动作实现.外设模块.ixx:12830;自我动作实现.外设模块.ixx:26283;自我动作实现.外设模块.ixx:26348;自我动作实现.外设模块.ixx:26425;自我动作实现.外设模块.ixx:26503;自我动作实现.外设模块.ixx:26585;自我动作实现.外设模块.ixx:26669
yes	写入观察存在提交关系二次特征	写入观察存在提交关系二次特征	自我动作实现.外设模块.ixx:13037	7	把处理结果写入指定对象、场景或日志。		自我动作实现.外设模块.ixx:13037;自我动作实现.外设模块.ixx:22897;自我动作实现.外设模块.ixx:22907;自我动作实现.外设模块.ixx:22917;自我动作实现.外设模块.ixx:25834;自我动作实现.外设模块.ixx:25844;自我动作实现.外设模块.ixx:25854
yes	读取观察存在摘要	读取观察存在摘要	自我动作实现.外设模块.ixx:14271	7	从指定来源读取数据或状态。		自我动作实现.外设模块.ixx:14271;自我动作实现.外设模块.ixx:14512;自我动作实现.外设模块.ixx:14513;自我动作实现.外设模块.ixx:14572;自我动作实现.外设模块.ixx:14573;自我动作实现.外设模块.ixx:14647;自我动作实现.外设模块.ixx:14648
yes	确认双目相机取得当前观察特征帧规格	确认双目相机取得当前观察特征帧规格	自我动作实现.外设模块.ixx:15341	7	取得指定对象、状态或运行材料。		自我动作实现.外设模块.ixx:15341;自我动作实现.外设模块.ixx:15458;自我动作实现.外部模块.ixx:62;自我动作实现.外部模块.ixx:67;自我动作实现模块.ixx:7393;自我动作实现模块.ixx:7398;自我动作实现模块.ixx:8321
yes	特征_输入参数场景	特征_输入参数场景	自我动作实现.外设模块.ixx:1541	7	按函数名执行对应处理。		自我动作实现.外设模块.ixx:1541;自我动作实现.外设模块.ixx:8916;自我动作实现.外设模块.ixx:17453;自我动作实现.扫描.ixx:440;自我动作实现.扫描.ixx:1757;自我动作实现模块.ixx:1065;自我动作实现模块.ixx:4057
yes	确认自我承接像素特征值规格	确认自我承接像素特征值规格	自我动作实现.外设模块.ixx:15534	7	确认候选事实、存在、状态或运行结果。		自我动作实现.外设模块.ixx:15534;自我动作实现.外设模块.ixx:15563;自我动作实现.外部模块.ixx:107;自我动作实现.外部模块.ixx:112;自我动作实现模块.ixx:7438;自我动作实现模块.ixx:7443;自我动作实现模块.ixx:8181
yes	确认自我校验观察事实完备性规格	确认自我校验观察事实完备性规格	自我动作实现.外设模块.ixx:15557	7	确认候选事实、存在、状态或运行结果。		自我动作实现.外设模块.ixx:15557;自我动作实现.外设模块.ixx:15580;自我动作实现.外部模块.ixx:116;自我动作实现.外部模块.ixx:121;自我动作实现模块.ixx:7447;自我动作实现模块.ixx:7452;自我动作实现模块.ixx:8183
yes	确认自我评估观察帧质量规格	确认自我评估观察帧质量规格	自我动作实现.外设模块.ixx:15574	7	评估状态、风险、质量、权重或完成度。		自我动作实现.外设模块.ixx:15574;自我动作实现.外设模块.ixx:15605;自我动作实现.外部模块.ixx:125;自我动作实现.外部模块.ixx:130;自我动作实现模块.ixx:7456;自我动作实现模块.ixx:7461;自我动作实现模块.ixx:8185
yes	确认自我补观察质量占位规格	确认自我补观察质量占位规格	自我动作实现.外设模块.ixx:16639	7	确认候选事实、存在、状态或运行结果。		自我动作实现.外设模块.ixx:16639;自我动作实现.外设模块.ixx:16711;自我动作实现.外设模块.ixx:16720;自我动作实现.外设模块.ixx:16729;自我动作实现.外设模块.ixx:16738;自我动作实现.外设模块.ixx:16747;自我动作实现.外设模块.ixx:16756
yes	确认自我提取空间候选规格	确认自我提取空间候选规格	自我动作实现.外设模块.ixx:16782	7	确认候选事实、存在、状态或运行结果。		自我动作实现.外设模块.ixx:16782;自我动作实现.外设模块.ixx:16834;自我动作实现.外部模块.ixx:404;自我动作实现.外部模块.ixx:409;自我动作实现模块.ixx:7845;自我动作实现模块.ixx:7850;自我动作实现模块.ixx:8257
yes	确认自我判断空间候选相对独立性规格	确认自我判断空间候选相对独立性规格	自我动作实现.外设模块.ixx:16828	7	判断条件、状态或业务结果是否成立。		自我动作实现.外设模块.ixx:16828;自我动作实现.外设模块.ixx:16857;自我动作实现.外部模块.ixx:413;自我动作实现.外部模块.ixx:418;自我动作实现模块.ixx:7854;自我动作实现模块.ixx:7859;自我动作实现模块.ixx:8259
yes	确认自我生成空间候选观察队列规格	确认自我生成空间候选观察队列规格	自我动作实现.外设模块.ixx:16851	7	根据当前输入生成目标数据、场景、动态或回执。		自我动作实现.外设模块.ixx:16851;自我动作实现.外设模块.ixx:16879;自我动作实现.外部模块.ixx:422;自我动作实现.外部模块.ixx:427;自我动作实现模块.ixx:7863;自我动作实现模块.ixx:7868;自我动作实现模块.ixx:8261
yes	确认自我观察单个空间候选并组合存在假设规格	确认自我观察单个空间候选并组合存在假设规格	自我动作实现.外设模块.ixx:16873	7	确认候选事实、存在、状态或运行结果。		自我动作实现.外设模块.ixx:16873;自我动作实现.外设模块.ixx:16907;自我动作实现.外部模块.ixx:431;自我动作实现.外部模块.ixx:436;自我动作实现模块.ixx:7872;自我动作实现模块.ixx:7877;自我动作实现模块.ixx:8263
yes	确认自我用空间范围投影覆盖原帧验证像素归属规格	确认自我用空间范围投影覆盖原帧验证像素归属规格	自我动作实现.外设模块.ixx:16901	7	确认候选事实、存在、状态或运行结果。		自我动作实现.外设模块.ixx:16901;自我动作实现.外设模块.ixx:16942;自我动作实现.外部模块.ixx:440;自我动作实现.外部模块.ixx:445;自我动作实现模块.ixx:7881;自我动作实现模块.ixx:7886;自我动作实现模块.ixx:8265
yes	确认自我建立存在内外场景接口规格	确认自我建立存在内外场景接口规格	自我动作实现.外设模块.ixx:17001	7	确认候选事实、存在、状态或运行结果。		自我动作实现.外设模块.ixx:17001;自我动作实现.外设模块.ixx:17023;自我动作实现.外部模块.ixx:467;自我动作实现.外部模块.ixx:472;自我动作实现模块.ixx:7908;自我动作实现模块.ixx:7913;自我动作实现模块.ixx:8269
yes	确认自我将存在局部观察切片映射到内部世界规格	确认自我将存在局部观察切片映射到内部世界规格	自我动作实现.外设模块.ixx:17018	7	确认候选事实、存在、状态或运行结果。		自我动作实现.外设模块.ixx:17018;自我动作实现.外设模块.ixx:17044;自我动作实现.外部模块.ixx:476;自我动作实现.外部模块.ixx:481;自我动作实现模块.ixx:7917;自我动作实现模块.ixx:7922;自我动作实现模块.ixx:8271
yes	确认自我在内部世界提取子候选规格	确认自我在内部世界提取子候选规格	自我动作实现.外设模块.ixx:17039	7	确认候选事实、存在、状态或运行结果。		自我动作实现.外设模块.ixx:17039;自我动作实现.外设模块.ixx:17062;自我动作实现.外部模块.ixx:485;自我动作实现.外部模块.ixx:490;自我动作实现模块.ixx:7926;自我动作实现模块.ixx:7931;自我动作实现模块.ixx:8273
yes	确认自我确认内部世界子存在规格	确认自我确认内部世界子存在规格	自我动作实现.外设模块.ixx:17057	7	确认候选事实、存在、状态或运行结果。		自我动作实现.外设模块.ixx:17057;自我动作实现.外设模块.ixx:17083;自我动作实现.外部模块.ixx:494;自我动作实现.外部模块.ixx:499;自我动作实现模块.ixx:7935;自我动作实现模块.ixx:7940;自我动作实现模块.ixx:8275
yes	确认提交确认内部世界子存在事实规格	确认提交确认内部世界子存在事实规格	自我动作实现.外设模块.ixx:17078	7	提交事实、动态、任务状态或运行回执。		自我动作实现.外设模块.ixx:17078;自我动作实现.外设模块.ixx:17101;自我动作实现.外部模块.ixx:503;自我动作实现.外部模块.ixx:508;自我动作实现模块.ixx:7944;自我动作实现模块.ixx:7949;自我动作实现模块.ixx:8277
yes	确认自我匹配当前观察存在与历史观察存在规格	确认自我匹配当前观察存在与历史观察存在规格	自我动作实现.外设模块.ixx:17115	7	确认候选事实、存在、状态或运行结果。		自我动作实现.外设模块.ixx:17115;自我动作实现.外设模块.ixx:17155;自我动作实现.外部模块.ixx:548;自我动作实现.外部模块.ixx:553;自我动作实现模块.ixx:7962;自我动作实现模块.ixx:7967;自我动作实现模块.ixx:8281
yes	确认自我比较存在特征变化规格	确认自我比较存在特征变化规格	自我动作实现.外设模块.ixx:17150	7	比较当前值、目标值或历史基准。		自我动作实现.外设模块.ixx:17150;自我动作实现.外设模块.ixx:17176;自我动作实现.外部模块.ixx:557;自我动作实现.外部模块.ixx:562;自我动作实现模块.ixx:7971;自我动作实现模块.ixx:7976;自我动作实现模块.ixx:8283
yes	确认自我导出当前场景识别快照规格	确认自我导出当前场景识别快照规格	自我动作实现.外设模块.ixx:17188	7	执行识别相关匹配、确认或结果输出逻辑。		自我动作实现.外设模块.ixx:17188;自我动作实现.外设模块.ixx:17245;自我动作实现.外部模块.ixx:575;自我动作实现.外部模块.ixx:580;自我动作实现模块.ixx:7989;自我动作实现模块.ixx:7994;自我动作实现模块.ixx:8287
yes	值_方法配对结果创建失败	值_方法配对结果创建失败	自我动作实现.外设模块.ixx:2078	7	创建并返回或登记对应对象。		自我动作实现.外设模块.ixx:2078;自我动作实现模块.ixx:1602;自我动作实现模块.ixx:5872;自我动作实现模块.ixx:8504;自我动作实现模块.ixx:8520;自我动作实现模块.ixx:8638;自我动作实现模块.ixx:8926
yes	特征_轮廓数量	特征_轮廓数量	自我动作实现.外设模块.ixx:2372	7	按函数名执行对应处理。		自我动作实现.外设模块.ixx:2372;自我动作实现.外设模块.ixx:12822;自我动作实现.外设模块.ixx:14293;自我动作实现.外设模块.ixx:17289;自我动作实现.外设模块.ixx:17783;自我动作实现.外设模块.ixx:26788;自我动作实现模块.ixx:1742
yes	特征_当前观察特征帧取得状态	特征_当前观察特征帧取得状态	自我动作实现.外设模块.ixx:2393	7	取得指定对象、状态或运行材料。		自我动作实现.外设模块.ixx:2393;自我动作实现.外设模块.ixx:9632;自我动作实现.外设模块.ixx:12016;自我动作实现.外设模块.ixx:12216;自我动作实现.外设模块.ixx:15351;自我动作实现.外设模块.ixx:15424;自我动作实现.外设模块.ixx:16450
yes	自我补观察质量占位方法	自我补观察质量占位方法	自我动作实现.外设模块.ixx:24982	7	按函数名执行对应处理。		自我动作实现.外设模块.ixx:24982;自我动作实现.外设模块.ixx:25304;自我动作实现.外设模块.ixx:25319;自我动作实现.外设模块.ixx:25334;自我动作实现.外设模块.ixx:25349;自我动作实现.外设模块.ixx:25364;自我动作实现.外设模块.ixx:25379
yes	特征_颜色像素数量	特征_颜色像素数量	自我动作实现.外设模块.ixx:2533	7	按函数名执行对应处理。		自我动作实现.外设模块.ixx:2533;自我动作实现.外设模块.ixx:12012;自我动作实现.外设模块.ixx:12157;自我动作实现.外设模块.ixx:12594;自我动作实现.外设模块.ixx:15443;自我动作实现.外设模块.ixx:15524;自我动作实现.外设模块.ixx:15543
yes	执行自我内部世界动作	执行自我内部世界动作	自我动作实现.外设模块.ixx:25509	7	执行任务、方法或动作的主体逻辑。		自我动作实现.外设模块.ixx:25509;自我动作实现.外设模块.ixx:25676;自我动作实现.外设模块.ixx:25694;自我动作实现.外设模块.ixx:25712;自我动作实现.外设模块.ixx:25730;自我动作实现.外设模块.ixx:25748;自我动作实现.外设模块.ixx:25931
yes	特征_坐标回查可用状态	特征_坐标回查可用状态	自我动作实现.外设模块.ixx:2568	7	按函数名执行对应处理。		自我动作实现.外设模块.ixx:2568;自我动作实现.外设模块.ixx:12020;自我动作实现.外设模块.ixx:12145;自我动作实现.外设模块.ixx:12175;自我动作实现.外设模块.ixx:12220;自我动作实现.外设模块.ixx:15522;自我动作实现.外设模块.ixx:15528
yes	特征_帧内编号回查可用状态	特征_帧内编号回查可用状态	自我动作实现.外设模块.ixx:2575	7	按函数名执行对应处理。		自我动作实现.外设模块.ixx:2575;自我动作实现.外设模块.ixx:12021;自我动作实现.外设模块.ixx:12146;自我动作实现.外设模块.ixx:12176;自我动作实现.外设模块.ixx:12221;自我动作实现.外设模块.ixx:15523;自我动作实现.外设模块.ixx:15529
yes	特征_质量失败条件数量	特征_质量失败条件数量	自我动作实现.外设模块.ixx:2603	7	按函数名执行对应处理。		自我动作实现.外设模块.ixx:2603;自我动作实现.外设模块.ixx:12025;自我动作实现.外设模块.ixx:12190;自我动作实现.外设模块.ixx:12225;自我动作实现.外设模块.ixx:15584;自我动作实现.外设模块.ixx:16651;自我动作实现.外设模块.ixx:16681
yes	特征_空间坐标单位毫米	特征_空间坐标单位毫米	自我动作实现.外设模块.ixx:2680	7	按函数名执行对应处理。		自我动作实现.外设模块.ixx:2680;自我动作实现.外设模块.ixx:12036;自我动作实现.外设模块.ixx:12606;自我动作实现.外设模块.ixx:13978;自我动作实现.外设模块.ixx:14899;自我动作实现.外设模块.ixx:15031;自我动作实现.外设模块.ixx:15332
yes	特征_观察帧组状态	特征_观察帧组状态	自我动作实现.外设模块.ixx:2799	7	按函数名执行对应处理。		自我动作实现.外设模块.ixx:2799;自我动作实现.外设模块.ixx:12057;自我动作实现.外设模块.ixx:12669;自我动作实现.外设模块.ixx:14920;自我动作实现.外设模块.ixx:15052;自我动作实现.外设模块.ixx:15361;自我动作实现.外设模块.ixx:15427
yes	特征_融合深度毫米结构状态	特征_融合深度毫米结构状态	自我动作实现.外设模块.ixx:2820	7	按函数名执行对应处理。		自我动作实现.外设模块.ixx:2820;自我动作实现.外设模块.ixx:12045;自我动作实现.外设模块.ixx:12633;自我动作实现.外设模块.ixx:14908;自我动作实现.外设模块.ixx:15040;自我动作实现.外设模块.ixx:15364;自我动作实现.外设模块.ixx:15428
yes	特征_深度空洞数量	特征_深度空洞数量	自我动作实现.外设模块.ixx:3002	7	按函数名执行对应处理。		自我动作实现.外设模块.ixx:3002;自我动作实现.外设模块.ixx:12072;自我动作实现.外设模块.ixx:12714;自我动作实现.外设模块.ixx:14935;自我动作实现.外设模块.ixx:15067;自我动作实现.外设模块.ixx:15388;自我动作实现.外设模块.ixx:17216
yes	特征_深度空洞区域数量	特征_深度空洞区域数量	自我动作实现.外设模块.ixx:3009	7	按函数名执行对应处理。		自我动作实现.外设模块.ixx:3009;自我动作实现.外设模块.ixx:12073;自我动作实现.外设模块.ixx:12717;自我动作实现.外设模块.ixx:14936;自我动作实现.外设模块.ixx:15068;自我动作实现.外设模块.ixx:15389;自我动作实现.外设模块.ixx:17217
yes	特征_轮廓闭合率	特征_轮廓闭合率	自我动作实现.外设模块.ixx:3114	7	按函数名执行对应处理。		自我动作实现.外设模块.ixx:3114;自我动作实现.外设模块.ixx:12076;自我动作实现.外设模块.ixx:12726;自我动作实现.外设模块.ixx:14939;自我动作实现.外设模块.ixx:15071;自我动作实现.外设模块.ixx:15395;自我动作实现.外设模块.ixx:17218
yes	特征_边界深度稳定率	特征_边界深度稳定率	自我动作实现.外设模块.ixx:3219	7	按函数名执行对应处理。		自我动作实现.外设模块.ixx:3219;自我动作实现.外设模块.ixx:12091;自我动作实现.外设模块.ixx:12771;自我动作实现.外设模块.ixx:14954;自我动作实现.外设模块.ixx:15086;自我动作实现.外设模块.ixx:15410;自我动作实现.外设模块.ixx:17219
yes	特征_候选存在验证通过率	特征_候选存在验证通过率	自我动作实现.外设模块.ixx:3226	7	按函数名执行对应处理。		自我动作实现.外设模块.ixx:3226;自我动作实现.外设模块.ixx:12092;自我动作实现.外设模块.ixx:12774;自我动作实现.外设模块.ixx:14955;自我动作实现.外设模块.ixx:15087;自我动作实现.外设模块.ixx:15411;自我动作实现.外设模块.ixx:17220
yes	特征_补全候选数量	特征_补全候选数量	自我动作实现.外设模块.ixx:3261	7	按函数名执行对应处理。		自我动作实现.外设模块.ixx:3261;自我动作实现.外设模块.ixx:12097;自我动作实现.外设模块.ixx:12789;自我动作实现.外设模块.ixx:14960;自我动作实现.外设模块.ixx:15092;自我动作实现.外设模块.ixx:15416;自我动作实现.外设模块.ixx:17225
yes	特征_低置信轮廓数量	特征_低置信轮廓数量	自我动作实现.外设模块.ixx:3268	7	按函数名执行对应处理。		自我动作实现.外设模块.ixx:3268;自我动作实现.外设模块.ixx:12098;自我动作实现.外设模块.ixx:12792;自我动作实现.外设模块.ixx:14961;自我动作实现.外设模块.ixx:15093;自我动作实现.外设模块.ixx:15417;自我动作实现.外设模块.ixx:17226
yes	特征_条件不足候选数量	特征_条件不足候选数量	自我动作实现.外设模块.ixx:3275	7	按函数名执行对应处理。		自我动作实现.外设模块.ixx:3275;自我动作实现.外设模块.ixx:12099;自我动作实现.外设模块.ixx:12795;自我动作实现.外设模块.ixx:14962;自我动作实现.外设模块.ixx:15094;自我动作实现.外设模块.ixx:15418;自我动作实现.外设模块.ixx:17227
yes	特征_待验证候选数量	特征_待验证候选数量	自我动作实现.外设模块.ixx:3282	7	按函数名执行对应处理。		自我动作实现.外设模块.ixx:3282;自我动作实现.外设模块.ixx:12100;自我动作实现.外设模块.ixx:12798;自我动作实现.外设模块.ixx:14963;自我动作实现.外设模块.ixx:15095;自我动作实现.外设模块.ixx:15419;自我动作实现.外设模块.ixx:17228
yes	特征_部分确认候选数量	特征_部分确认候选数量	自我动作实现.外设模块.ixx:3289	7	确认候选事实、存在、状态或运行结果。		自我动作实现.外设模块.ixx:3289;自我动作实现.外设模块.ixx:12101;自我动作实现.外设模块.ixx:12801;自我动作实现.外设模块.ixx:14964;自我动作实现.外设模块.ixx:15096;自我动作实现.外设模块.ixx:15420;自我动作实现.外设模块.ixx:17229
yes	特征_存在内外场景接口	特征_存在内外场景接口	自我动作实现.外设模块.ixx:3429	7	按函数名执行对应处理。		自我动作实现.外设模块.ixx:3429;自我动作实现.外设模块.ixx:14013;自我动作实现.外设模块.ixx:14045;自我动作实现.外设模块.ixx:14187;自我动作实现.外设模块.ixx:17009;自我动作实现.外设模块.ixx:17012;自我动作实现.外设模块.ixx:25702
yes	特征_内部世界细分状态	特征_内部世界细分状态	自我动作实现.外设模块.ixx:3618	7	按函数名执行对应处理。		自我动作实现.外设模块.ixx:3618;自我动作实现.外设模块.ixx:13988;自我动作实现.外设模块.ixx:17104;自我动作实现.外设模块.ixx:17109;自我动作实现.外设模块.ixx:25582;自我动作实现.外设模块.ixx:25622;自我动作实现.外设模块.ixx:25939
yes	特征_历史对应状态	特征_历史对应状态	自我动作实现.外设模块.ixx:3667	7	按函数名执行对应处理。		自我动作实现.外设模块.ixx:3667;自我动作实现.外设模块.ixx:14554;自我动作实现.外设模块.ixx:14730;自我动作实现.外设模块.ixx:17133;自我动作实现.外设模块.ixx:17144;自我动作实现.外设模块.ixx:25999;自我动作实现.外设模块.ixx:26074
yes	特征_场景识别快照	特征_场景识别快照	自我动作实现.外设模块.ixx:3779	7	执行识别相关匹配、确认或结果输出逻辑。		自我动作实现.外设模块.ixx:3779;自我动作实现.外设模块.ixx:15019;自我动作实现.外设模块.ixx:15182;自我动作实现.外设模块.ixx:17202;自我动作实现.外设模块.ixx:17234;自我动作实现.外设模块.ixx:26156;自我动作实现.外设模块.ixx:26237
yes	特征_OpenGL复现数据	特征_OpenGL复现数据	自我动作实现.外设模块.ixx:3793	7	按函数名执行对应处理。		自我动作实现.外设模块.ixx:3793;自我动作实现.外设模块.ixx:15157;自我动作实现.外设模块.ixx:15186;自我动作实现.外设模块.ixx:17248;自我动作实现.外设模块.ixx:17259;自我动作实现.外设模块.ixx:26165;自我动作实现.外设模块.ixx:26255
yes	特征_平均深度	特征_平均深度	自我动作实现.外设模块.ixx:4010	7	按函数名执行对应处理。		自我动作实现.外设模块.ixx:4010;自我动作实现.外设模块.ixx:11750;自我动作实现.外设模块.ixx:11823;自我动作实现.外设模块.ixx:13098;自我动作实现.外设模块.ixx:14041;自我动作实现.外设模块.ixx:14081;自我动作实现.外设模块.ixx:14109
yes	特征_观察存在假设	特征_观察存在假设	自我动作实现.外设模块.ixx:4185	7	按函数名执行对应处理。		自我动作实现.外设模块.ixx:4185;自我动作实现.外设模块.ixx:13159;自我动作实现.外设模块.ixx:14981;自我动作实现.外设模块.ixx:15114;自我动作实现.外设模块.ixx:16882;自我动作实现.外设模块.ixx:16896;自我动作实现.外设模块.ixx:26513
yes	特征_平面轮廓	特征_平面轮廓	自我动作实现.外设模块.ixx:4234	7	按函数名执行对应处理。		自我动作实现.外设模块.ixx:4234;自我动作实现.外设模块.ixx:7390;自我动作实现.外设模块.ixx:7440;自我动作实现.外设模块.ixx:7542;自我动作实现.外设模块.ixx:7603;自我动作实现.外设模块.ixx:7621;自我动作实现.外设模块.ixx:7650
yes	特征_空间极值轮廓	特征_空间极值轮廓	自我动作实现.外设模块.ixx:4248	7	按函数名执行对应处理。		自我动作实现.外设模块.ixx:4248;自我动作实现.外设模块.ixx:7409;自我动作实现.外设模块.ixx:7452;自我动作实现.外设模块.ixx:7544;自我动作实现.外设模块.ixx:7604;自我动作实现.外设模块.ixx:7626;自我动作实现.外设模块.ixx:7650
yes	特征_假设距离	特征_假设距离	自我动作实现.外设模块.ixx:4262	7	按函数名执行对应处理。		自我动作实现.外设模块.ixx:4262;自我动作实现.外设模块.ixx:13167;自我动作实现.外设模块.ixx:13904;自我动作实现.外设模块.ixx:14290;自我动作实现.外设模块.ixx:14987;自我动作实现.外设模块.ixx:15116;自我动作实现.外设模块.ixx:16887
yes	特征_深度一致率	特征_深度一致率	自我动作实现.外设模块.ixx:4374	7	按函数名执行对应处理。		自我动作实现.外设模块.ixx:4374;自我动作实现.外设模块.ixx:11760;自我动作实现.外设模块.ixx:11833;自我动作实现.外设模块.ixx:13210;自我动作实现.外设模块.ixx:14993;自我动作实现.外设模块.ixx:15122;自我动作实现.外设模块.ixx:16916
yes	特征_范围内点比例	特征_范围内点比例	自我动作实现.外设模块.ixx:4381	7	按函数名执行对应处理。		自我动作实现.外设模块.ixx:4381;自我动作实现.外设模块.ixx:11761;自我动作实现.外设模块.ixx:11834;自我动作实现.外设模块.ixx:13211;自我动作实现.外设模块.ixx:14994;自我动作实现.外设模块.ixx:15123;自我动作实现.外设模块.ixx:16917
yes	特征_投影覆盖率	特征_投影覆盖率	自我动作实现.外设模块.ixx:4388	7	按函数名执行对应处理。		自我动作实现.外设模块.ixx:4388;自我动作实现.外设模块.ixx:11762;自我动作实现.外设模块.ixx:11835;自我动作实现.外设模块.ixx:13212;自我动作实现.外设模块.ixx:14995;自我动作实现.外设模块.ixx:15124;自我动作实现.外设模块.ixx:16918
yes	特征_未解释像素数	特征_未解释像素数	自我动作实现.外设模块.ixx:4437	7	按函数名执行对应处理。		自我动作实现.外设模块.ixx:4437;自我动作实现.外设模块.ixx:11774;自我动作实现.外设模块.ixx:11847;自我动作实现.外设模块.ixx:13067;自我动作实现.外设模块.ixx:13215;自我动作实现.外设模块.ixx:16921;自我动作实现.外设模块.ixx:16953
yes	特征_下一轮扫描基准观察存在	特征_下一轮扫描基准观察存在	自我动作实现.外设模块.ixx:4577	7	执行扫描相关材料获取、比较或提交逻辑。		自我动作实现.外设模块.ixx:4577;自我动作实现.外设模块.ixx:14354;自我动作实现.外设模块.ixx:14359;自我动作实现.外设模块.ixx:14375;自我动作实现.外设模块.ixx:21813;自我动作实现.外设模块.ixx:21827;自我动作实现.外设模块.ixx:21833
yes	特征_外设观察验证候选簇数量	特征_外设观察验证候选簇数量	自我动作实现.外设模块.ixx:4759	7	按函数名执行对应处理。		自我动作实现.外设模块.ixx:4759;自我动作实现.外设模块.ixx:16463;自我动作实现.外设模块.ixx:21436;自我动作实现.外设模块.ixx:21503;自我动作实现.外设模块.ixx:22412;自我动作实现.外设模块.ixx:22491;自我动作实现.外设模块.ixx:22686
yes	特征_外设观察验证缺失材料原因	特征_外设观察验证缺失材料原因	自我动作实现.外设模块.ixx:4794	7	按函数名执行对应处理。		自我动作实现.外设模块.ixx:4794;自我动作实现.外设模块.ixx:16468;自我动作实现.外设模块.ixx:21593;自我动作实现.外设模块.ixx:22326;自我动作实现.外设模块.ixx:22417;自我动作实现.外设模块.ixx:22526;自我动作实现.外设模块.ixx:22712
yes	特征_外设观察存在候选确认新建数量	特征_外设观察存在候选确认新建数量	自我动作实现.外设模块.ixx:4829	7	确认候选事实、存在、状态或运行结果。		自我动作实现.外设模块.ixx:4829;自我动作实现.外设模块.ixx:16138;自我动作实现.外设模块.ixx:16542;自我动作实现.外设模块.ixx:21437;自我动作实现.外设模块.ixx:21510;自我动作实现.外设模块.ixx:22687;自我动作实现.外设模块.ixx:23007
yes	特征_外设观察存在候选确认合并数量	特征_外设观察存在候选确认合并数量	自我动作实现.外设模块.ixx:4836	7	确认候选事实、存在、状态或运行结果。		自我动作实现.外设模块.ixx:4836;自我动作实现.外设模块.ixx:16139;自我动作实现.外设模块.ixx:16543;自我动作实现.外设模块.ixx:21438;自我动作实现.外设模块.ixx:21517;自我动作实现.外设模块.ixx:22688;自我动作实现.外设模块.ixx:23008
yes	特征_外设观察存在事实提交状态	特征_外设观察存在事实提交状态	自我动作实现.外设模块.ixx:4941	7	提交事实、动态、任务状态或运行回执。		自我动作实现.外设模块.ixx:4941;自我动作实现.外设模块.ixx:16296;自我动作实现.外设模块.ixx:16572;自我动作实现.外设模块.ixx:22886;自我动作实现.外设模块.ixx:23002;自我动作实现.外设模块.ixx:23034;自我动作实现.外设模块.ixx:23386
yes	特征_当前观察范围可观测单位存在对应事实提交状态	特征_当前观察范围可观测单位存在对应事实提交状态	自我动作实现.外设模块.ixx:4955	7	提交事实、动态、任务状态或运行回执。		自我动作实现.外设模块.ixx:4955;自我动作实现.外设模块.ixx:16300;自我动作实现.外设模块.ixx:16320;自我动作实现.外设模块.ixx:23536;自我动作实现.外设模块.ixx:23663;自我动作实现.外设模块.ixx:24081;自我动作实现.外设模块.ixx:24119
yes	特征_已稳定对应存在可观测单位数量	特征_已稳定对应存在可观测单位数量	自我动作实现.外设模块.ixx:4969	7	按函数名执行对应处理。		自我动作实现.外设模块.ixx:4969;自我动作实现.外设模块.ixx:16154;自我动作实现.外设模块.ixx:16302;自我动作实现.外设模块.ixx:21447;自我动作实现.外设模块.ixx:21552;自我动作实现.外设模块.ixx:23407;自我动作实现.外设模块.ixx:24083
yes	特征_练习方向	特征_练习方向	自我动作实现.外设模块.ixx:5515	7	按函数名执行对应处理。		自我动作实现.外设模块.ixx:5515;自我动作实现模块.ixx:1931;自我动作实现模块.ixx:5763;自我动作实现模块.ixx:5771;自我动作实现模块.ixx:5853;自我动作实现模块.ixx:5946;自我动作实现模块.ixx:6829
yes	特征_候选实参表	特征_候选实参表	自我动作实现.外设模块.ixx:5522	7	按函数名执行对应处理。		自我动作实现.外设模块.ixx:5522;自我动作实现模块.ixx:1938;自我动作实现模块.ixx:5784;自我动作实现模块.ixx:6667;自我动作实现模块.ixx:9048;自我动作实现模块.ixx:9481;自我动作实现模块.ixx:10034
yes	方法补齐类别值	方法补齐类别值	自我动作实现.外设模块.ixx:5571	7	补齐条件、参数、证据或方法能力缺口。		自我动作实现.外设模块.ixx:5571;自我动作实现模块.ixx:1987;自我动作实现模块.ixx:8872;自我动作实现模块.ixx:9025;自我动作实现模块.ixx:9215;自我动作实现模块.ixx:9287;自我动作实现模块.ixx:10001
yes	特征_自我_场景绝对坐标明确状态	特征_自我_场景绝对坐标明确状态	自我动作实现.外设模块.ixx:6016	7	按函数名执行对应处理。		自我动作实现.外设模块.ixx:6016;自我动作实现.外设模块.ixx:7472;自我动作实现.外设模块.ixx:15884;自我动作实现.外设模块.ixx:15919;自我动作实现.外设模块.ixx:20385;自我动作实现.外设模块.ixx:20439;自我动作实现.外设模块.ixx:20584
yes	特征_自我_边界完整性状态	特征_自我_边界完整性状态	自我动作实现.外设模块.ixx:6120	7	按函数名执行对应处理。		自我动作实现.外设模块.ixx:6120;自我动作实现.外设模块.ixx:15888;自我动作实现.外设模块.ixx:15902;自我动作实现.外设模块.ixx:20218;自我动作实现.外设模块.ixx:20391;自我动作实现.外设模块.ixx:20392;自我动作实现.外设模块.ixx:20446
yes	特征_风险安全_场景影响部分可结算状态	特征_风险安全_场景影响部分可结算状态	自我动作实现.外设模块.ixx:6428	7	结算任务、需求、价值或结果贡献。		自我动作实现.外设模块.ixx:6428;自我动作实现.外设模块.ixx:15670;自我动作实现.外设模块.ixx:15720;自我动作实现.外设模块.ixx:18942;自我动作实现.外设模块.ixx:19017;自我动作实现.外设模块.ixx:19214;自我动作实现.外设模块.ixx:19284
yes	特征_风险安全_场景影响部分不可结算原因	特征_风险安全_场景影响部分不可结算原因	自我动作实现.外设模块.ixx:6435	7	结算任务、需求、价值或结果贡献。		自我动作实现.外设模块.ixx:6435;自我动作实现.外设模块.ixx:15671;自我动作实现.外设模块.ixx:15721;自我动作实现.外设模块.ixx:18943;自我动作实现.外设模块.ixx:19018;自我动作实现.外设模块.ixx:19218;自我动作实现.外设模块.ixx:19285
yes	特征_安全因果因素已入账状态	特征_安全因果因素已入账状态	自我动作实现.外设模块.ixx:6624	7	按函数名执行对应处理。		自我动作实现.外设模块.ixx:6624;自我动作实现.外设模块.ixx:15810;自我动作实现.外设模块.ixx:15833;自我动作实现.外设模块.ixx:19577;自我动作实现.外设模块.ixx:19584;自我动作实现.外设模块.ixx:19689;自我动作实现.外设模块.ixx:19697
yes	特征_降级保护状态	特征_降级保护状态	自我动作实现.外设模块.ixx:6820	7	按函数名执行对应处理。		自我动作实现.外设模块.ixx:6820;自我动作实现.外设模块.ixx:16063;自我动作实现.外设模块.ixx:16069;自我动作实现.外设模块.ixx:20125;自我动作实现.外设模块.ixx:20136;自我动作实现.外设模块.ixx:20158;自我动作实现模块.ixx:2271
yes	值_必需参数缺失	值_必需参数缺失	自我动作实现.外设模块.ixx:6932	7	按函数名执行对应处理。		自我动作实现.外设模块.ixx:6932;自我动作实现模块.ixx:2383;自我动作实现模块.ixx:4906;自我动作实现模块.ixx:5183;自我动作实现模块.ixx:12032;自我动作实现模块.ixx:12380;自我动作实现模块.ixx:12656
yes	值_来源_任务提供参数	值_来源_任务提供参数	自我动作实现.外设模块.ixx:7044	7	按函数名执行对应处理。		自我动作实现.外设模块.ixx:7044;自我动作实现模块.ixx:2502;自我动作实现模块.ixx:5992;自我动作实现模块.ixx:6018;自我动作实现模块.ixx:6085;自我动作实现模块.ixx:6103;自我动作实现模块.ixx:6845
yes	特征_安全结算增量	特征_安全结算增量	自我动作实现.外设模块.ixx:794	7	结算任务、需求、价值或结果贡献。		自我动作实现.外设模块.ixx:794;自我动作实现模块.ixx:298;自我动作实现模块.ixx:7183;自我动作实现模块.ixx:7197;自我动作实现模块.ixx:7223;自我动作实现模块.ixx:12331;自我动作实现模块.ixx:12475
yes	特征_任务完成度百万分比	特征_任务完成度百万分比	自我动作实现.外设模块.ixx:808	7	按函数名执行对应处理。		自我动作实现.外设模块.ixx:808;自我动作实现模块.ixx:312;自我动作实现模块.ixx:7185;自我动作实现模块.ixx:7198;自我动作实现模块.ixx:7212;自我动作实现模块.ixx:12333;自我动作实现模块.ixx:12500
yes	特征_实际结果状态	特征_实际结果状态	自我动作实现.外设模块.ixx:815	7	按函数名执行对应处理。		自我动作实现.外设模块.ixx:815;自我动作实现模块.ixx:319;自我动作实现模块.ixx:7186;自我动作实现模块.ixx:7199;自我动作实现模块.ixx:7213;自我动作实现模块.ixx:12329;自我动作实现模块.ixx:12504
yes	特征_服务对象外在特征状态变化数	特征_服务对象外在特征状态变化数	自我动作实现.外设模块.ixx:822	7	按函数名执行对应处理。		自我动作实现.外设模块.ixx:822;自我动作实现模块.ixx:326;自我动作实现模块.ixx:7187;自我动作实现模块.ixx:7200;自我动作实现模块.ixx:7214;自我动作实现模块.ixx:12334;自我动作实现模块.ixx:12477
yes	特征_服务对象外在特征状态改善证据	特征_服务对象外在特征状态改善证据	自我动作实现.外设模块.ixx:829	7	按函数名执行对应处理。		自我动作实现.外设模块.ixx:829;自我动作实现模块.ixx:333;自我动作实现模块.ixx:7188;自我动作实现模块.ixx:7201;自我动作实现模块.ixx:7215;自我动作实现模块.ixx:12335;自我动作实现模块.ixx:12480
yes	特征_服务结果可验证	特征_服务结果可验证	自我动作实现.外设模块.ixx:836	7	按函数名执行对应处理。		自我动作实现.外设模块.ixx:836;自我动作实现模块.ixx:340;自我动作实现模块.ixx:7189;自我动作实现模块.ixx:7202;自我动作实现模块.ixx:7216;自我动作实现模块.ixx:12336;自我动作实现模块.ixx:12485
yes	特征_服务结果可归因于自我动作	特征_服务结果可归因于自我动作	自我动作实现.外设模块.ixx:843	7	按函数名执行对应处理。		自我动作实现.外设模块.ixx:843;自我动作实现模块.ixx:347;自我动作实现模块.ixx:7190;自我动作实现模块.ixx:7203;自我动作实现模块.ixx:7217;自我动作实现模块.ixx:12337;自我动作实现模块.ixx:12490
yes	写入本能方法自身环境失败	写入本能方法自身环境失败	自我动作实现.外设模块.ixx:9052	7	把处理结果写入指定对象、场景或日志。		自我动作实现.外设模块.ixx:9052;自我动作实现.外设模块.ixx:9189;自我动作实现.外设模块.ixx:9313;自我动作实现模块.ixx:4214;自我动作实现模块.ixx:4354;自我动作实现模块.ixx:4461;自我动作实现模块.ixx:4467
yes	特征_执行缺口类型	特征_执行缺口类型	自我动作实现.外设模块.ixx:983	7	执行任务、方法或动作的主体逻辑。		自我动作实现.外设模块.ixx:983;自我动作实现.外设模块.ixx:8398;自我动作实现模块.ixx:493;自我动作实现模块.ixx:3877;自我动作实现模块.ixx:4223;自我动作实现模块.ixx:5214;自我动作实现模块.ixx:5897
yes	确认自我承接像素特征值规格	确认自我承接像素特征值规格	自我动作实现.外部模块.ixx:107	7	确认候选事实、存在、状态或运行结果。		自我动作实现.外设模块.ixx:15534;自我动作实现.外设模块.ixx:15563;自我动作实现.外部模块.ixx:107;自我动作实现.外部模块.ixx:112;自我动作实现模块.ixx:7438;自我动作实现模块.ixx:7443;自我动作实现模块.ixx:8181
yes	确认自我校验观察事实完备性规格	确认自我校验观察事实完备性规格	自我动作实现.外部模块.ixx:116	7	确认候选事实、存在、状态或运行结果。		自我动作实现.外设模块.ixx:15557;自我动作实现.外设模块.ixx:15580;自我动作实现.外部模块.ixx:116;自我动作实现.外部模块.ixx:121;自我动作实现模块.ixx:7447;自我动作实现模块.ixx:7452;自我动作实现模块.ixx:8183
yes	确认自我评估观察帧质量规格	确认自我评估观察帧质量规格	自我动作实现.外部模块.ixx:125	7	评估状态、风险、质量、权重或完成度。		自我动作实现.外设模块.ixx:15574;自我动作实现.外设模块.ixx:15605;自我动作实现.外部模块.ixx:125;自我动作实现.外部模块.ixx:130;自我动作实现模块.ixx:7456;自我动作实现模块.ixx:7461;自我动作实现模块.ixx:8185
yes	确认自我提取空间候选规格	确认自我提取空间候选规格	自我动作实现.外部模块.ixx:404	7	确认候选事实、存在、状态或运行结果。		自我动作实现.外设模块.ixx:16782;自我动作实现.外设模块.ixx:16834;自我动作实现.外部模块.ixx:404;自我动作实现.外部模块.ixx:409;自我动作实现模块.ixx:7845;自我动作实现模块.ixx:7850;自我动作实现模块.ixx:8257
yes	确认自我判断空间候选相对独立性规格	确认自我判断空间候选相对独立性规格	自我动作实现.外部模块.ixx:413	7	判断条件、状态或业务结果是否成立。		自我动作实现.外设模块.ixx:16828;自我动作实现.外设模块.ixx:16857;自我动作实现.外部模块.ixx:413;自我动作实现.外部模块.ixx:418;自我动作实现模块.ixx:7854;自我动作实现模块.ixx:7859;自我动作实现模块.ixx:8259
yes	确认自我生成空间候选观察队列规格	确认自我生成空间候选观察队列规格	自我动作实现.外部模块.ixx:422	7	根据当前输入生成目标数据、场景、动态或回执。		自我动作实现.外设模块.ixx:16851;自我动作实现.外设模块.ixx:16879;自我动作实现.外部模块.ixx:422;自我动作实现.外部模块.ixx:427;自我动作实现模块.ixx:7863;自我动作实现模块.ixx:7868;自我动作实现模块.ixx:8261
yes	确认自我观察单个空间候选并组合存在假设规格	确认自我观察单个空间候选并组合存在假设规格	自我动作实现.外部模块.ixx:431	7	确认候选事实、存在、状态或运行结果。		自我动作实现.外设模块.ixx:16873;自我动作实现.外设模块.ixx:16907;自我动作实现.外部模块.ixx:431;自我动作实现.外部模块.ixx:436;自我动作实现模块.ixx:7872;自我动作实现模块.ixx:7877;自我动作实现模块.ixx:8263
yes	确认自我用空间范围投影覆盖原帧验证像素归属规格	确认自我用空间范围投影覆盖原帧验证像素归属规格	自我动作实现.外部模块.ixx:440	7	确认候选事实、存在、状态或运行结果。		自我动作实现.外设模块.ixx:16901;自我动作实现.外设模块.ixx:16942;自我动作实现.外部模块.ixx:440;自我动作实现.外部模块.ixx:445;自我动作实现模块.ixx:7881;自我动作实现模块.ixx:7886;自我动作实现模块.ixx:8265
yes	确认自我建立存在内外场景接口规格	确认自我建立存在内外场景接口规格	自我动作实现.外部模块.ixx:467	7	确认候选事实、存在、状态或运行结果。		自我动作实现.外设模块.ixx:17001;自我动作实现.外设模块.ixx:17023;自我动作实现.外部模块.ixx:467;自我动作实现.外部模块.ixx:472;自我动作实现模块.ixx:7908;自我动作实现模块.ixx:7913;自我动作实现模块.ixx:8269
yes	确认自我将存在局部观察切片映射到内部世界规格	确认自我将存在局部观察切片映射到内部世界规格	自我动作实现.外部模块.ixx:476	7	确认候选事实、存在、状态或运行结果。		自我动作实现.外设模块.ixx:17018;自我动作实现.外设模块.ixx:17044;自我动作实现.外部模块.ixx:476;自我动作实现.外部模块.ixx:481;自我动作实现模块.ixx:7917;自我动作实现模块.ixx:7922;自我动作实现模块.ixx:8271
yes	确认自我在内部世界提取子候选规格	确认自我在内部世界提取子候选规格	自我动作实现.外部模块.ixx:485	7	确认候选事实、存在、状态或运行结果。		自我动作实现.外设模块.ixx:17039;自我动作实现.外设模块.ixx:17062;自我动作实现.外部模块.ixx:485;自我动作实现.外部模块.ixx:490;自我动作实现模块.ixx:7926;自我动作实现模块.ixx:7931;自我动作实现模块.ixx:8273
yes	确认自我确认内部世界子存在规格	确认自我确认内部世界子存在规格	自我动作实现.外部模块.ixx:494	7	确认候选事实、存在、状态或运行结果。		自我动作实现.外设模块.ixx:17057;自我动作实现.外设模块.ixx:17083;自我动作实现.外部模块.ixx:494;自我动作实现.外部模块.ixx:499;自我动作实现模块.ixx:7935;自我动作实现模块.ixx:7940;自我动作实现模块.ixx:8275
yes	确认提交确认内部世界子存在事实规格	确认提交确认内部世界子存在事实规格	自我动作实现.外部模块.ixx:503	7	提交事实、动态、任务状态或运行回执。		自我动作实现.外设模块.ixx:17078;自我动作实现.外设模块.ixx:17101;自我动作实现.外部模块.ixx:503;自我动作实现.外部模块.ixx:508;自我动作实现模块.ixx:7944;自我动作实现模块.ixx:7949;自我动作实现模块.ixx:8277
yes	确认自我匹配当前观察存在与历史观察存在规格	确认自我匹配当前观察存在与历史观察存在规格	自我动作实现.外部模块.ixx:548	7	确认候选事实、存在、状态或运行结果。		自我动作实现.外设模块.ixx:17115;自我动作实现.外设模块.ixx:17155;自我动作实现.外部模块.ixx:548;自我动作实现.外部模块.ixx:553;自我动作实现模块.ixx:7962;自我动作实现模块.ixx:7967;自我动作实现模块.ixx:8281
yes	确认自我比较存在特征变化规格	确认自我比较存在特征变化规格	自我动作实现.外部模块.ixx:557	7	比较当前值、目标值或历史基准。		自我动作实现.外设模块.ixx:17150;自我动作实现.外设模块.ixx:17176;自我动作实现.外部模块.ixx:557;自我动作实现.外部模块.ixx:562;自我动作实现模块.ixx:7971;自我动作实现模块.ixx:7976;自我动作实现模块.ixx:8283
yes	确认自我导出当前场景识别快照规格	确认自我导出当前场景识别快照规格	自我动作实现.外部模块.ixx:575	7	执行识别相关匹配、确认或结果输出逻辑。		自我动作实现.外设模块.ixx:17188;自我动作实现.外设模块.ixx:17245;自我动作实现.外部模块.ixx:575;自我动作实现.外部模块.ixx:580;自我动作实现模块.ixx:7989;自我动作实现模块.ixx:7994;自我动作实现模块.ixx:8287
yes	确认双目相机取得当前观察特征帧规格	确认双目相机取得当前观察特征帧规格	自我动作实现.外部模块.ixx:62	7	取得指定对象、状态或运行材料。		自我动作实现.外设模块.ixx:15341;自我动作实现.外设模块.ixx:15458;自我动作实现.外部模块.ixx:62;自我动作实现.外部模块.ixx:67;自我动作实现模块.ixx:7393;自我动作实现模块.ixx:7398;自我动作实现模块.ixx:8321
yes	取或创建记录节点	取或创建记录节点	自我动作实现.扫描.ixx:1042	7	创建并返回或登记对应对象。		自我动作实现.扫描.ixx:1042;自我动作实现.扫描.ixx:1063;自我动作实现.扫描.ixx:1079;自我动作实现.扫描.ixx:1103;自我动作实现.扫描.ixx:1218;自我动作实现.扫描.ixx:1453;自我动作实现.扫描.ixx:1504
yes	写入扫描输出I64状态	写入扫描输出I64状态	自我动作实现.扫描.ixx:1286	7	创建并返回或登记对应对象。		自我动作实现.扫描.ixx:1286;自我动作实现.扫描.ixx:1562;自我动作实现.扫描.ixx:1563;自我动作实现.扫描.ixx:1564;自我动作实现.扫描.ixx:2051;自我动作实现.扫描.ixx:2052;自我动作实现.扫描.ixx:2053
yes	特征_输入参数场景	特征_输入参数场景	自我动作实现.扫描.ixx:440	7	按函数名执行对应处理。		自我动作实现.外设模块.ixx:1541;自我动作实现.外设模块.ixx:8916;自我动作实现.外设模块.ixx:17453;自我动作实现.扫描.ixx:440;自我动作实现.扫描.ixx:1757;自我动作实现模块.ixx:1065;自我动作实现模块.ixx:4057
yes	特征_当前场景扫描组合状态	特征_当前场景扫描组合状态	自我动作实现.扫描.ixx:717	7	执行扫描相关材料获取、比较或提交逻辑。		自我动作实现.扫描.ixx:717;自我动作实现.扫描.ixx:1564;自我动作实现.扫描.ixx:1591;自我动作实现.扫描.ixx:1727;自我动作实现.扫描.ixx:1738;自我动作实现.扫描.ixx:1770;自我动作实现.扫描.ixx:2053
yes	特征_外设扫描结果场景状态	特征_外设扫描结果场景状态	自我动作实现.扫描.ixx:724	7	执行扫描相关材料获取、比较或提交逻辑。		自我动作实现.扫描.ixx:724;自我动作实现.扫描.ixx:1563;自我动作实现.扫描.ixx:1726;自我动作实现.扫描.ixx:1737;自我动作实现.扫描.ixx:1769;自我动作实现.扫描.ixx:2052;自我动作实现.扫描.ixx:2079
yes	特征_扫描主动因果信息数量	特征_扫描主动因果信息数量	自我动作实现.扫描.ixx:745	7	记录日志、动态、证据或运行痕迹。		自我动作实现.扫描.ixx:745;自我动作实现.扫描.ixx:1566;自我动作实现.扫描.ixx:1729;自我动作实现.扫描.ixx:1772;自我动作实现.扫描.ixx:2085;自我动作实现.扫描.ixx:2091;自我动作实现.扫描.ixx:2118
yes	值_成功服务候选不可登记	值_成功服务候选不可登记	自我动作实现.服务模块.ixx:1093	7	登记方法、模板、对象或运行入口。		自我动作实现.服务模块.ixx:1093;自我动作实现.服务模块.ixx:3243;自我动作实现.服务模块.ixx:3249;自我动作实现.服务模块.ixx:3382;自我动作实现.服务模块.ixx:3387;自我动作实现.服务模块.ixx:3551;自我动作实现.服务模块.ixx:3556
yes	特征_D0服务业务动作动态	特征_D0服务业务动作动态	自我动作实现.服务模块.ixx:269	7	按函数名执行对应处理。		自我动作实现.服务模块.ixx:269;自我动作实现.服务模块.ixx:2204;自我动作实现.服务模块.ixx:2409;自我动作实现.服务模块.ixx:2610;自我动作实现.服务模块.ixx:3213;自我动作实现.服务模块.ixx:3215;自我线程模块.impl.cpp:1926
yes	写入候选复核状态	写入候选复核状态	自我动作实现.服务模块.ixx:3352	7	把处理结果写入指定对象、场景或日志。		自我动作实现.服务模块.ixx:3352;自我动作实现.服务模块.ixx:3394;自我动作实现.服务模块.ixx:3408;自我动作实现.服务模块.ixx:3420;自我动作实现.服务模块.ixx:3435;自我动作实现.服务模块.ixx:3449;自我动作实现.服务模块.ixx:3462
yes	值_服务字段绑定任务虚拟存在缺失	值_服务字段绑定任务虚拟存在缺失	自我动作实现.服务模块.ixx:917	7	建立对象、任务、方法或因果之间的绑定关系。		自我动作实现.服务模块.ixx:917;自我动作实现.服务模块.ixx:1298;自我动作实现.服务模块.ixx:1628;自我动作实现.服务模块.ixx:1721;自我动作实现.服务模块.ixx:1854;自我动作实现.服务模块.ixx:2562;自我动作实现.服务模块.ixx:3123
yes	特征_输入参数场景	特征_输入参数场景	自我动作实现模块.ixx:1065	7	按函数名执行对应处理。		自我动作实现.外设模块.ixx:1541;自我动作实现.外设模块.ixx:8916;自我动作实现.外设模块.ixx:17453;自我动作实现.扫描.ixx:440;自我动作实现.扫描.ixx:1757;自我动作实现模块.ixx:1065;自我动作实现模块.ixx:4057
yes	值_方法配对结果创建失败	值_方法配对结果创建失败	自我动作实现模块.ixx:1602	7	创建并返回或登记对应对象。		自我动作实现.外设模块.ixx:2078;自我动作实现模块.ixx:1602;自我动作实现模块.ixx:5872;自我动作实现模块.ixx:8504;自我动作实现模块.ixx:8520;自我动作实现模块.ixx:8638;自我动作实现模块.ixx:8926
yes	特征_轮廓数量	特征_轮廓数量	自我动作实现模块.ixx:1742	7	按函数名执行对应处理。		自我动作实现.外设模块.ixx:2372;自我动作实现.外设模块.ixx:12822;自我动作实现.外设模块.ixx:14293;自我动作实现.外设模块.ixx:17289;自我动作实现.外设模块.ixx:17783;自我动作实现.外设模块.ixx:26788;自我动作实现模块.ixx:1742
yes	特征_练习方向	特征_练习方向	自我动作实现模块.ixx:1931	7	按函数名执行对应处理。		自我动作实现.外设模块.ixx:5515;自我动作实现模块.ixx:1931;自我动作实现模块.ixx:5763;自我动作实现模块.ixx:5771;自我动作实现模块.ixx:5853;自我动作实现模块.ixx:5946;自我动作实现模块.ixx:6829
yes	特征_候选实参表	特征_候选实参表	自我动作实现模块.ixx:1938	7	按函数名执行对应处理。		自我动作实现.外设模块.ixx:5522;自我动作实现模块.ixx:1938;自我动作实现模块.ixx:5784;自我动作实现模块.ixx:6667;自我动作实现模块.ixx:9048;自我动作实现模块.ixx:9481;自我动作实现模块.ixx:10034
yes	方法补齐类别值	方法补齐类别值	自我动作实现模块.ixx:1987	7	补齐条件、参数、证据或方法能力缺口。		自我动作实现.外设模块.ixx:5571;自我动作实现模块.ixx:1987;自我动作实现模块.ixx:8872;自我动作实现模块.ixx:9025;自我动作实现模块.ixx:9215;自我动作实现模块.ixx:9287;自我动作实现模块.ixx:10001
yes	特征_OR组结算令牌状态	特征_OR组结算令牌状态	自我动作实现模块.ixx:214	7	结算任务、需求、价值或结果贡献。		自我动作实现模块.ixx:214;自我动作实现模块.ixx:7151;自我动作实现模块.ixx:7158;自我动作实现模块.ixx:12175;自我动作实现模块.ixx:12604;自我动作实现模块.ixx:12615;自我动作实现模块.ixx:12670
yes	特征_降级保护状态	特征_降级保护状态	自我动作实现模块.ixx:2271	7	按函数名执行对应处理。		自我动作实现.外设模块.ixx:6820;自我动作实现.外设模块.ixx:16063;自我动作实现.外设模块.ixx:16069;自我动作实现.外设模块.ixx:20125;自我动作实现.外设模块.ixx:20136;自我动作实现.外设模块.ixx:20158;自我动作实现模块.ixx:2271
yes	值_必需参数缺失	值_必需参数缺失	自我动作实现模块.ixx:2383	7	按函数名执行对应处理。		自我动作实现.外设模块.ixx:6932;自我动作实现模块.ixx:2383;自我动作实现模块.ixx:4906;自我动作实现模块.ixx:5183;自我动作实现模块.ixx:12032;自我动作实现模块.ixx:12380;自我动作实现模块.ixx:12656
yes	值_来源_任务提供参数	值_来源_任务提供参数	自我动作实现模块.ixx:2502	7	按函数名执行对应处理。		自我动作实现.外设模块.ixx:7044;自我动作实现模块.ixx:2502;自我动作实现模块.ixx:5992;自我动作实现模块.ixx:6018;自我动作实现模块.ixx:6085;自我动作实现模块.ixx:6103;自我动作实现模块.ixx:6845
yes	特征_安全结算增量	特征_安全结算增量	自我动作实现模块.ixx:298	7	结算任务、需求、价值或结果贡献。		自我动作实现.外设模块.ixx:794;自我动作实现模块.ixx:298;自我动作实现模块.ixx:7183;自我动作实现模块.ixx:7197;自我动作实现模块.ixx:7223;自我动作实现模块.ixx:12331;自我动作实现模块.ixx:12475
yes	特征_任务完成度百万分比	特征_任务完成度百万分比	自我动作实现模块.ixx:312	7	按函数名执行对应处理。		自我动作实现.外设模块.ixx:808;自我动作实现模块.ixx:312;自我动作实现模块.ixx:7185;自我动作实现模块.ixx:7198;自我动作实现模块.ixx:7212;自我动作实现模块.ixx:12333;自我动作实现模块.ixx:12500
yes	特征_实际结果状态	特征_实际结果状态	自我动作实现模块.ixx:319	7	按函数名执行对应处理。		自我动作实现.外设模块.ixx:815;自我动作实现模块.ixx:319;自我动作实现模块.ixx:7186;自我动作实现模块.ixx:7199;自我动作实现模块.ixx:7213;自我动作实现模块.ixx:12329;自我动作实现模块.ixx:12504
yes	特征_服务对象外在特征状态变化数	特征_服务对象外在特征状态变化数	自我动作实现模块.ixx:326	7	按函数名执行对应处理。		自我动作实现.外设模块.ixx:822;自我动作实现模块.ixx:326;自我动作实现模块.ixx:7187;自我动作实现模块.ixx:7200;自我动作实现模块.ixx:7214;自我动作实现模块.ixx:12334;自我动作实现模块.ixx:12477
yes	特征_服务对象外在特征状态改善证据	特征_服务对象外在特征状态改善证据	自我动作实现模块.ixx:333	7	按函数名执行对应处理。		自我动作实现.外设模块.ixx:829;自我动作实现模块.ixx:333;自我动作实现模块.ixx:7188;自我动作实现模块.ixx:7201;自我动作实现模块.ixx:7215;自我动作实现模块.ixx:12335;自我动作实现模块.ixx:12480
yes	特征_服务结果可验证	特征_服务结果可验证	自我动作实现模块.ixx:340	7	按函数名执行对应处理。		自我动作实现.外设模块.ixx:836;自我动作实现模块.ixx:340;自我动作实现模块.ixx:7189;自我动作实现模块.ixx:7202;自我动作实现模块.ixx:7216;自我动作实现模块.ixx:12336;自我动作实现模块.ixx:12485
yes	特征_服务结果可归因于自我动作	特征_服务结果可归因于自我动作	自我动作实现模块.ixx:347	7	按函数名执行对应处理。		自我动作实现.外设模块.ixx:843;自我动作实现模块.ixx:347;自我动作实现模块.ixx:7190;自我动作实现模块.ixx:7203;自我动作实现模块.ixx:7217;自我动作实现模块.ixx:12337;自我动作实现模块.ixx:12490
yes	写入本能方法自身环境失败	写入本能方法自身环境失败	自我动作实现模块.ixx:4214	7	把处理结果写入指定对象、场景或日志。		自我动作实现.外设模块.ixx:9052;自我动作实现.外设模块.ixx:9189;自我动作实现.外设模块.ixx:9313;自我动作实现模块.ixx:4214;自我动作实现模块.ixx:4354;自我动作实现模块.ixx:4461;自我动作实现模块.ixx:4467
yes	特征_执行缺口类型	特征_执行缺口类型	自我动作实现模块.ixx:493	7	执行任务、方法或动作的主体逻辑。		自我动作实现.外设模块.ixx:983;自我动作实现.外设模块.ixx:8398;自我动作实现模块.ixx:493;自我动作实现模块.ixx:3877;自我动作实现模块.ixx:4223;自我动作实现模块.ixx:5214;自我动作实现模块.ixx:5897
yes	读取条件绑定基础节点	读取条件绑定基础节点	自我动作实现模块.ixx:5015	7	从指定来源读取数据或状态。		自我动作实现模块.ixx:5015;自我动作实现模块.ixx:5155;自我动作实现模块.ixx:5188;自我动作实现模块.ixx:5189;自我动作实现模块.ixx:5190;自我动作实现模块.ixx:5191;自我动作实现模块.ixx:5192
yes	解析目标方法指针_动作模块	解析目标方法指针_动作模块	自我动作实现模块.ixx:5118	7	解析输入文本、消息、场景或运行包。		自我动作实现模块.ixx:3624;自我动作实现模块.ixx:3637;自我动作实现模块.ixx:5118;自我动作实现模块.ixx:5144;自我动作实现模块.ixx:5822;自我动作实现模块.ixx:8745;自我动作实现模块.ixx:10904
yes	写入方法条件匹配失败回执	写入方法条件匹配失败回执	自我动作实现模块.ixx:5205	7	把处理结果写入指定对象、场景或日志。		自我动作实现模块.ixx:5205;自我动作实现模块.ixx:8757;自我动作实现模块.ixx:8761;自我动作实现模块.ixx:9146;自我动作实现模块.ixx:9150;自我动作实现模块.ixx:9378;自我动作实现模块.ixx:9382
yes	确认双目相机取得当前观察特征帧规格	确认双目相机取得当前观察特征帧规格	自我动作实现模块.ixx:7393	7	取得指定对象、状态或运行材料。		自我动作实现.外设模块.ixx:15341;自我动作实现.外设模块.ixx:15458;自我动作实现.外部模块.ixx:62;自我动作实现.外部模块.ixx:67;自我动作实现模块.ixx:7393;自我动作实现模块.ixx:7398;自我动作实现模块.ixx:8321
yes	确认自我承接像素特征值规格	确认自我承接像素特征值规格	自我动作实现模块.ixx:7438	7	确认候选事实、存在、状态或运行结果。		自我动作实现.外设模块.ixx:15534;自我动作实现.外设模块.ixx:15563;自我动作实现.外部模块.ixx:107;自我动作实现.外部模块.ixx:112;自我动作实现模块.ixx:7438;自我动作实现模块.ixx:7443;自我动作实现模块.ixx:8181
yes	确认自我校验观察事实完备性规格	确认自我校验观察事实完备性规格	自我动作实现模块.ixx:7447	7	确认候选事实、存在、状态或运行结果。		自我动作实现.外设模块.ixx:15557;自我动作实现.外设模块.ixx:15580;自我动作实现.外部模块.ixx:116;自我动作实现.外部模块.ixx:121;自我动作实现模块.ixx:7447;自我动作实现模块.ixx:7452;自我动作实现模块.ixx:8183
yes	确认自我评估观察帧质量规格	确认自我评估观察帧质量规格	自我动作实现模块.ixx:7456	7	评估状态、风险、质量、权重或完成度。		自我动作实现.外设模块.ixx:15574;自我动作实现.外设模块.ixx:15605;自我动作实现.外部模块.ixx:125;自我动作实现.外部模块.ixx:130;自我动作实现模块.ixx:7456;自我动作实现模块.ixx:7461;自我动作实现模块.ixx:8185
yes	确认自我提取空间候选规格	确认自我提取空间候选规格	自我动作实现模块.ixx:7845	7	确认候选事实、存在、状态或运行结果。		自我动作实现.外设模块.ixx:16782;自我动作实现.外设模块.ixx:16834;自我动作实现.外部模块.ixx:404;自我动作实现.外部模块.ixx:409;自我动作实现模块.ixx:7845;自我动作实现模块.ixx:7850;自我动作实现模块.ixx:8257
yes	确认自我判断空间候选相对独立性规格	确认自我判断空间候选相对独立性规格	自我动作实现模块.ixx:7854	7	判断条件、状态或业务结果是否成立。		自我动作实现.外设模块.ixx:16828;自我动作实现.外设模块.ixx:16857;自我动作实现.外部模块.ixx:413;自我动作实现.外部模块.ixx:418;自我动作实现模块.ixx:7854;自我动作实现模块.ixx:7859;自我动作实现模块.ixx:8259
yes	确认自我生成空间候选观察队列规格	确认自我生成空间候选观察队列规格	自我动作实现模块.ixx:7863	7	根据当前输入生成目标数据、场景、动态或回执。		自我动作实现.外设模块.ixx:16851;自我动作实现.外设模块.ixx:16879;自我动作实现.外部模块.ixx:422;自我动作实现.外部模块.ixx:427;自我动作实现模块.ixx:7863;自我动作实现模块.ixx:7868;自我动作实现模块.ixx:8261
yes	确认自我观察单个空间候选并组合存在假设规格	确认自我观察单个空间候选并组合存在假设规格	自我动作实现模块.ixx:7872	7	确认候选事实、存在、状态或运行结果。		自我动作实现.外设模块.ixx:16873;自我动作实现.外设模块.ixx:16907;自我动作实现.外部模块.ixx:431;自我动作实现.外部模块.ixx:436;自我动作实现模块.ixx:7872;自我动作实现模块.ixx:7877;自我动作实现模块.ixx:8263
yes	确认自我用空间范围投影覆盖原帧验证像素归属规格	确认自我用空间范围投影覆盖原帧验证像素归属规格	自我动作实现模块.ixx:7881	7	确认候选事实、存在、状态或运行结果。		自我动作实现.外设模块.ixx:16901;自我动作实现.外设模块.ixx:16942;自我动作实现.外部模块.ixx:440;自我动作实现.外部模块.ixx:445;自我动作实现模块.ixx:7881;自我动作实现模块.ixx:7886;自我动作实现模块.ixx:8265
yes	确认自我建立存在内外场景接口规格	确认自我建立存在内外场景接口规格	自我动作实现模块.ixx:7908	7	确认候选事实、存在、状态或运行结果。		自我动作实现.外设模块.ixx:17001;自我动作实现.外设模块.ixx:17023;自我动作实现.外部模块.ixx:467;自我动作实现.外部模块.ixx:472;自我动作实现模块.ixx:7908;自我动作实现模块.ixx:7913;自我动作实现模块.ixx:8269
yes	确认自我将存在局部观察切片映射到内部世界规格	确认自我将存在局部观察切片映射到内部世界规格	自我动作实现模块.ixx:7917	7	确认候选事实、存在、状态或运行结果。		自我动作实现.外设模块.ixx:17018;自我动作实现.外设模块.ixx:17044;自我动作实现.外部模块.ixx:476;自我动作实现.外部模块.ixx:481;自我动作实现模块.ixx:7917;自我动作实现模块.ixx:7922;自我动作实现模块.ixx:8271
yes	确认自我在内部世界提取子候选规格	确认自我在内部世界提取子候选规格	自我动作实现模块.ixx:7926	7	确认候选事实、存在、状态或运行结果。		自我动作实现.外设模块.ixx:17039;自我动作实现.外设模块.ixx:17062;自我动作实现.外部模块.ixx:485;自我动作实现.外部模块.ixx:490;自我动作实现模块.ixx:7926;自我动作实现模块.ixx:7931;自我动作实现模块.ixx:8273
yes	确认自我确认内部世界子存在规格	确认自我确认内部世界子存在规格	自我动作实现模块.ixx:7935	7	确认候选事实、存在、状态或运行结果。		自我动作实现.外设模块.ixx:17057;自我动作实现.外设模块.ixx:17083;自我动作实现.外部模块.ixx:494;自我动作实现.外部模块.ixx:499;自我动作实现模块.ixx:7935;自我动作实现模块.ixx:7940;自我动作实现模块.ixx:8275
yes	确认提交确认内部世界子存在事实规格	确认提交确认内部世界子存在事实规格	自我动作实现模块.ixx:7944	7	提交事实、动态、任务状态或运行回执。		自我动作实现.外设模块.ixx:17078;自我动作实现.外设模块.ixx:17101;自我动作实现.外部模块.ixx:503;自我动作实现.外部模块.ixx:508;自我动作实现模块.ixx:7944;自我动作实现模块.ixx:7949;自我动作实现模块.ixx:8277
yes	确认自我匹配当前观察存在与历史观察存在规格	确认自我匹配当前观察存在与历史观察存在规格	自我动作实现模块.ixx:7962	7	确认候选事实、存在、状态或运行结果。		自我动作实现.外设模块.ixx:17115;自我动作实现.外设模块.ixx:17155;自我动作实现.外部模块.ixx:548;自我动作实现.外部模块.ixx:553;自我动作实现模块.ixx:7962;自我动作实现模块.ixx:7967;自我动作实现模块.ixx:8281
yes	确认自我比较存在特征变化规格	确认自我比较存在特征变化规格	自我动作实现模块.ixx:7971	7	比较当前值、目标值或历史基准。		自我动作实现.外设模块.ixx:17150;自我动作实现.外设模块.ixx:17176;自我动作实现.外部模块.ixx:557;自我动作实现.外部模块.ixx:562;自我动作实现模块.ixx:7971;自我动作实现模块.ixx:7976;自我动作实现模块.ixx:8283
yes	确认自我导出当前场景识别快照规格	确认自我导出当前场景识别快照规格	自我动作实现模块.ixx:7989	7	执行识别相关匹配、确认或结果输出逻辑。		自我动作实现.外设模块.ixx:17188;自我动作实现.外设模块.ixx:17245;自我动作实现.外部模块.ixx:575;自我动作实现.外部模块.ixx:580;自我动作实现模块.ixx:7989;自我动作实现模块.ixx:7994;自我动作实现模块.ixx:8287
yes	自我初始化模块::读取自我初始化结果	读取自我初始化结果	自我类.初始化.cpp:415	7	初始化相关对象、状态或运行上下文。		自我类.ixx:331;自我类.初始化.cpp:415;自我线程模块.impl.cpp:17304;鱼巢.cpp:725;鱼巢.cpp:1352;鱼巢.cpp:1412;鱼巢.cpp:1433
yes	自我特征定义类::类型_自我_风险安全	类型_自我_风险安全	自我类.特征定义.cpp:337	7	按函数名执行对应处理。		因果类.cpp:859;自我类.cpp:927;自我类.cpp:1603;自我类.cpp:1614;自我类.cpp:1957;自我类.初始化.cpp:218;自我类.特征定义.cpp:337
yes	自我特征定义类::类型_自我_待处理方法数量	类型_自我_待处理方法数量	自我类.特征定义.cpp:352	7	按函数名执行对应处理。		控制面板类.cpp:222;自我类.cpp:1634;自我类.cpp:1639;自我类.cpp:1646;自我类.cpp:1962;自我类.初始化.cpp:223;自我类.特征定义.cpp:352
yes	自我特征定义类::类型_自我_待机状态	类型_自我_待机状态	自我类.特征定义.cpp:376	7	按函数名执行对应处理。		自我类.cpp:1370;自我类.cpp:1382;自我类.cpp:1971;自我类.cpp:2079;自我类.cpp:2330;自我类.初始化.cpp:233;自我类.特征定义.cpp:376
yes	自我特征定义类::类型_自我_时序正向步长	类型_自我_时序正向步长	自我类.特征定义.cpp:379	7	按函数名执行对应处理。		自我类.cpp:1466;自我类.cpp:1473;自我类.cpp:1972;自我类.cpp:2086;自我类.cpp:2334;自我类.初始化.cpp:234;自我类.特征定义.cpp:379
yes	自我特征定义类::类型_自我_时序反向步长	类型_自我_时序反向步长	自我类.特征定义.cpp:382	7	按函数名执行对应处理。		自我类.cpp:1494;自我类.cpp:1501;自我类.cpp:1973;自我类.cpp:2093;自我类.cpp:2338;自我类.初始化.cpp:235;自我类.特征定义.cpp:382
yes	私有_查找根特征必要条件子需求_线程侧	私有_查找根特征必要条件子需求_线程侧	自我线程模块.impl.cpp:11095	7	按条件查找目标对象、方法或事实。		自我线程模块.impl.cpp:11095;自我线程模块.impl.cpp:11590;自我线程模块.impl.cpp:11686;自我线程模块.impl.cpp:11953;自我线程模块.impl.cpp:12004;自我线程模块.impl.cpp:12039;自我线程模块.impl.cpp:13219
yes	私有_线程最终去向文本	私有_线程最终去向文本	自我线程模块.impl.cpp:12681	7	服务所在模块的内部辅助流程。		控制面板类.cpp:693;控制面板类.cpp:9631;自我线程模块.impl.cpp:12681;鱼巢.cpp:535;鱼巢.cpp:803;鱼巢.cpp:815;鱼巢.cpp:1678
yes	读取自我线程最小状态快照	读取自我线程最小状态快照	自我线程模块.impl.cpp:17424	7	从指定来源读取数据或状态。		控制面板摘要线程模块.impl.cpp:186;控制面板摘要线程模块.impl.cpp:459;控制面板类.cpp:9607;自我线程模块.impl.cpp:17424;自我线程模块.impl.cpp:17426;自我线程模块.ixx:499;自我线程模块.ixx:792
yes	私有_按主键解析状态节点	私有_按主键解析状态节点	自我线程模块.impl.cpp:2844	7	解析输入文本、消息、场景或运行包。		自我线程模块.impl.cpp:2844;自我线程模块.impl.cpp:2858;自我线程模块.impl.cpp:9274;自我线程模块.impl.cpp:9278;自我线程模块.impl.cpp:9282;自我线程模块.impl.cpp:10017;自我线程模块.impl.cpp:10022
yes	私有_需求目标宿主基础节点_线程侧	私有_需求目标宿主基础节点_线程侧	自我线程模块.impl.cpp:2986	7	服务所在模块的内部辅助流程。		自我线程模块.impl.cpp:2986;自我线程模块.impl.cpp:3070;自我线程模块.impl.cpp:3097;自我线程模块.impl.cpp:3350;自我线程模块.impl.cpp:4957;自我线程模块.impl.cpp:5101;自我线程模块.impl.cpp:6846
yes	私有_需求目标特征节点_线程侧	私有_需求目标特征节点_线程侧	自我线程模块.impl.cpp:3008	7	服务所在模块的内部辅助流程。		自我线程模块.impl.cpp:3008;自我线程模块.impl.cpp:3071;自我线程模块.impl.cpp:3098;自我线程模块.impl.cpp:3351;自我线程模块.impl.cpp:4958;自我线程模块.impl.cpp:5102;自我线程模块.impl.cpp:6847
yes	私有_查询叶子任务结算前因果投影_线程侧	私有_查询叶子任务结算前因果投影_线程侧	自我线程模块.impl.cpp:3092	7	结算前只读查询叶子任务目标投影，用于把任务 / 需求父链接回世界状态转换因果树。 本函数不写任务、需求、方法或世界事实；缺...		自我线程模块.impl.cpp:997;自我线程模块.impl.cpp:2117;自我线程模块.impl.cpp:3092;自我线程模块.impl.cpp:4529;自我线程模块.impl.cpp:5045;自我线程模块.impl.cpp:7353;自我线程模块.impl.cpp:7835
yes	私有_收集叶子任务正式结算证据_线程侧	私有_收集叶子任务正式结算证据_线程侧	自我线程模块.impl.cpp:3339	7	结算任务、需求、价值或结果贡献。		自我线程模块.impl.cpp:1001;自我线程模块.impl.cpp:2120;自我线程模块.impl.cpp:3339;自我线程模块.impl.cpp:4532;自我线程模块.impl.cpp:5046;自我线程模块.impl.cpp:7354;自我线程模块.impl.cpp:7836
yes	私有_按主键解析任务节点	私有_按主键解析任务节点	自我线程模块.impl.cpp:3443	7	解析输入文本、消息、场景或运行包。		自我线程模块.impl.cpp:3443;自我线程模块.impl.cpp:3467;自我线程模块.impl.cpp:3483;自我线程模块.impl.cpp:7787;自我线程模块.impl.cpp:8032;自我线程模块.impl.cpp:10464;自我线程模块.impl.cpp:15070
yes	私有_动作验证摘要日志文本_线程侧	私有_动作验证摘要日志文本_线程侧	自我线程模块.impl.cpp:7511	7	服务所在模块的内部辅助流程。		自我线程模块.impl.cpp:2082;自我线程模块.impl.cpp:2179;自我线程模块.impl.cpp:2597;自我线程模块.impl.cpp:5372;自我线程模块.impl.cpp:7395;自我线程模块.impl.cpp:7511;自我线程模块.impl.cpp:7868
yes	获取全局自检线程	获取全局自检线程	自检线程模块.impl.cpp:2097	7	读取并返回指定对象、状态或运行材料。		自检线程模块.impl.cpp:2097;自检线程模块.impl.cpp:2106;自检线程模块.impl.cpp:2112;自检线程模块.impl.cpp:2118;自检线程模块.impl.cpp:2126;自检线程模块.impl.cpp:2132;自检线程模块.ixx:140
yes	私有_自检停止请求中_自检	私有_自检停止请求中_自检	自检线程模块.impl.cpp:45	7	停止线程、模块或运行流程。		自检线程模块.impl.cpp:45;自检线程模块.impl.cpp:839;自检线程模块.impl.cpp:853;自检线程模块.impl.cpp:864;自检线程模块.impl.cpp:954;自检线程模块.impl.cpp:962;自检线程模块.impl.cpp:967
yes	私有_获取语素节点显示词	私有_获取语素节点显示词	语素类.cpp:280	7	读取并返回指定对象、状态或运行材料。		语素类.cpp:280;语素类.cpp:372;语素类.cpp:396;语素类.cpp:1433;语素类.cpp:1434;语素类.cpp:1435;语素类.cpp:1496
yes	私有_特征值文本	私有_特征值文本	语言类_基础信息命名.cpp:41	7	服务所在模块的内部辅助流程。		控制面板类.cpp:638;控制面板类.cpp:3690;控制面板类.cpp:4587;控制面板类.cpp:4763;语言类_基础信息命名.cpp:41;语言类_基础信息命名.cpp:138;语言类_基础信息命名.cpp:153
yes	需求类::需求目标语义视图	需求目标语义视图	需求类.cpp:1395	7	按函数名执行对应处理。		任务模块.筹办.ixx:534;控制面板类.cpp:2965;自我线程模块.impl.cpp:5889;自我线程模块.impl.cpp:5955;需求类.cpp:149;需求类.cpp:1395;需求类.cpp:1858
yes	需求类::读取需求当前状态引用	读取需求当前状态引用	需求类.cpp:1564	7	读取需求当前状态引用，不修改需求树。		任务模块.筹办.ixx:761;任务模块.筹办.ixx:825;任务模块.管理界面线程.impl.cpp:2024;自我线程模块.impl.cpp:5725;自我线程模块.impl.cpp:5839;自我线程模块.impl.cpp:10100;需求类.cpp:1564
yes	需求类::需求目标语义视图	需求目标语义视图	需求类.cpp:1858	7	按函数名执行对应处理。		任务模块.筹办.ixx:534;控制面板类.cpp:2965;自我线程模块.impl.cpp:5889;自我线程模块.impl.cpp:5955;需求类.cpp:149;需求类.cpp:1395;需求类.cpp:1858
yes	私有_输出控制台数字菜单	私有_输出控制台数字菜单	鱼巢.cpp:1571	7	输出默认控制台数字菜单。		鱼巢.cpp:1571;鱼巢.cpp:2162;鱼巢.cpp:2181;鱼巢.cpp:2191;鱼巢.cpp:2201;鱼巢.cpp:2209;鱼巢.cpp:2222
yes	私有_输出并记录相机结果	私有_输出并记录相机结果	鱼巢.cpp:426	7	记录日志、动态、证据或运行痕迹。		鱼巢.cpp:426;鱼巢.cpp:445;鱼巢.cpp:452;鱼巢.cpp:459;鱼巢.cpp:465;鱼巢.cpp:471;鱼巢.cpp:482
yes	私有_线程最终去向文本	私有_线程最终去向文本	鱼巢.cpp:535	7	服务所在模块的内部辅助流程。		控制面板类.cpp:693;控制面板类.cpp:9631;自我线程模块.impl.cpp:12681;鱼巢.cpp:535;鱼巢.cpp:803;鱼巢.cpp:815;鱼巢.cpp:1678
yes	向量转文本	向量转文本	动作验证报告类.h:182	7	按函数名执行对应处理。	header_definition	动作验证报告类.h:182;动作验证报告类.h:213;动作验证报告类.h:214;动作验证报告类.h:215;动作验证报告类.h:231;动作验证报告类.h:232;动作验证报告类.h:233
yes	添加节点_已加锁	添加节点_已加锁	双向链表模板核心.h:255	7	=============================================================...	header_definition	双向链表模板核心.h:255;双向链表模板核心.h:280;双向链表模板核心.h:284;双向链表模板核心.h:288;双向链表模板核心.h:295;特征值类.h:400;语素类.cpp:937
yes	添加节点_已加锁	添加节点_已加锁	双向链表模板核心.h:284	7	按函数名执行对应处理。	header_definition	双向链表模板核心.h:255;双向链表模板核心.h:280;双向链表模板核心.h:284;双向链表模板核心.h:288;双向链表模板核心.h:295;特征值类.h:400;语素类.cpp:937
yes	设为复合特征	设为复合特征	基础信息主信息类.h:300	7	按函数名执行对应处理。	header_definition	世界树类.cpp:2131;基础信息主信息类.h:266;基础信息主信息类.h:300;特征类.cpp:618;特征类.cpp:638;特征类.cpp:785;特征类.cpp:801
yes	包含	包含	基础数据类型.h:36	7	按函数名执行对应处理。	header_definition	二次特征类.cpp:908;二次特征类.cpp:1330;二次特征类.cpp:1356;二次特征类.cpp:1738;基础数据类型.h:36;特征类.cpp:409;特征类.cpp:2807
yes	Vector3D	Vector3D	基础数据类型.h:813	7	按函数名执行对应处理。	header_definition,constructor_like	基础数据类型.h:810;基础数据类型.h:813;基础数据类型.h:819;基础数据类型.h:827;基础数据类型.h:834;基础数据类型.h:839;基础数据类型.h:945
yes	D455_构造观察帧资源句柄	D455_构造观察帧资源句柄	外设线程_D455深度相机.ixx:886	7	按函数名执行对应处理。	constructor_like	外设线程_D455深度相机.ixx:886;外设线程_D455深度相机.ixx:1394;外设线程_D455深度相机.ixx:1395;外设线程_D455深度相机.ixx:1396;外设线程_D455深度相机.ixx:1397;外设线程_D455深度相机.ixx:1398;外设线程_D455深度相机.ixx:1399
yes	D455_帧像素数量有效	D455_帧像素数量有效	外设观察报告队列.ixx:1271	7	按函数名执行对应处理。	constructor_like	外设观察报告队列.ixx:1271;外设观察报告队列.ixx:1283;外设观察报告队列.ixx:1290;外设观察报告队列.ixx:1300;外设观察报告队列.ixx:1356;外设观察报告队列.ixx:1422;外设观察报告队列.ixx:2718
yes	D455_颜色帧材料有效	D455_颜色帧材料有效	外设观察报告队列.ixx:1281	7	按函数名执行对应处理。	constructor_like	外设观察报告队列.ixx:1281;外设观察报告队列.ixx:1382;外设观察报告队列.ixx:1392;外设观察报告队列.ixx:1491;外设观察报告队列.ixx:1540;外设观察报告队列.ixx:2773;外设观察报告队列.ixx:2877
yes	关系允许方向	关系允许方向	方法主信息类.h:162	7	按函数名执行对应处理。	header_definition	任务模块.筹办.ixx:2769;控制面板类.cpp:3499;方法主信息类.h:162;方法主信息类.h:173;方法类.cpp:397;方法类.cpp:441;方法类.cpp:441
yes	首个结果能力特征类型	首个结果能力特征类型	方法主信息类.h:372	7	按函数名执行对应处理。	header_definition	方法主信息类.h:372;方法类.cpp:1022;方法类.cpp:1023;方法类.cpp:1211;方法类.cpp:1785;方法类.cpp:2939;方法类.cpp:2956
yes	私有_直接基础信息子节点	私有_直接基础信息子节点	世界树类.cpp:103	8	服务所在模块的内部辅助流程。		世界树类.cpp:103;世界树类.cpp:1683;场景类.cpp:38;场景类.cpp:169;场景类.cpp:183;场景类.cpp:197;特征类.cpp:70;特征类.cpp:684
yes	私有_执行世界树SQL字段恢复比对	私有_执行世界树SQL字段恢复比对	世界树类.cpp:1326	8	执行任务、方法或动作的主体逻辑。		世界树类.cpp:1326;世界树类.cpp:1473;世界树类.cpp:1479;世界树类.cpp:1485;世界树类.cpp:1491;世界树类.cpp:1497;世界树类.cpp:1503;世界树类.cpp:1509
yes	私有_推断动态粒度	私有_推断动态粒度	二次特征应用模块.ixx:796	8	服务所在模块的内部辅助流程。		二次特征应用模块.ixx:796;二次特征应用模块.ixx:1130;二次特征应用模块.ixx:1593;二次特征应用模块.ixx:1678;二次特征应用模块.ixx:1715;二次特征应用模块.ixx:1771;二次特征应用模块.ixx:1855;二次特征应用模块.ixx:1892
yes	私有_填充方法特征需求状态_执行桥_最小_v0	私有_填充方法特征需求状态_执行桥_最小_v0	任务模块.执行.ixx:723	8	执行任务、方法或动作的主体逻辑。		任务模块.执行.ixx:723;任务模块.执行.ixx:837;任务模块.执行.ixx:857;任务模块.执行.ixx:877;任务模块.执行.ixx:897;任务模块.执行.ixx:917;任务模块.执行.ixx:937;任务模块.执行.ixx:957
yes	查找子特征_筹办	查找子特征_筹办	任务模块.筹办.ixx:3891	8	按条件查找目标对象、方法或事实。		任务模块.筹办.ixx:3891;任务模块.筹办.ixx:3942;任务模块.筹办.ixx:3969;任务模块.筹办.ixx:4027;任务模块.筹办.ixx:4499;任务模块.筹办.ixx:4517;任务模块.筹办.ixx:4528;任务模块.筹办.ixx:4601
yes	任务类::取或创建_任务虚拟存在	取或创建_任务虚拟存在	任务类.cpp:1432	8	创建并返回或登记对应对象。		任务模块.筹办.ixx:3798;任务模块.筹办.ixx:4568;任务模块.筹办.ixx:4727;任务模块.管理界面线程.impl.cpp:1878;任务类.cpp:1432;自我动作实现模块.ixx:10313;自我动作实现模块.ixx:10783;自我线程模块.impl.cpp:7071
yes	任务类::读取任务基准优先级	读取任务基准优先级	任务类.cpp:2294	8	从指定来源读取数据或状态。		任务模块.管理界面线程.impl.cpp:8346;任务类.cpp:743;任务类.cpp:2294;控制面板类.cpp:5452;自我类.cpp:2302;自我类.cpp:2309;自我线程模块.impl.cpp:3751;自我线程模块.impl.cpp:12481
yes	任务类::读取任务调度优先级	读取任务调度优先级	任务类.cpp:2318	8	从指定来源读取数据或状态。		任务模块.管理工作线程.ixx:390;任务模块.管理界面线程.impl.cpp:382;任务模块.管理界面线程.impl.cpp:2121;任务类.cpp:2318;控制面板类.cpp:5454;自我类.cpp:2306;自我线程模块.impl.cpp:3755;自我线程模块.impl.cpp:12478
yes	二比一平滑I64	二比一平滑I64	全局共享函数类.ixx:155	8	按旧值二份、新值一份计算 I64 平滑值，未初始化时直接返回新值。		全局共享函数类.ixx:155;外设线程_D455深度相机.ixx:1044;外设线程_D455深度相机.ixx:1045;外设线程_D455深度相机.ixx:1046;外设线程_D455深度相机.ixx:1047;外设线程_D455深度相机.ixx:1049;外设线程_D455深度相机.ixx:1051;外设线程_D455深度相机.ixx:1053
yes	等号字段显示文本	等号字段显示文本	全局共享函数类.ixx:326	8	按 `名称=值 \| 数据类型=类型` 格式生成展示字段文本，空值显示为空。		全局共享函数类.ixx:326;全局共享函数类.ixx:343;全局共享函数类.ixx:345;控制面板类.cpp:2587;控制面板类.cpp:2605;控制面板类.cpp:2618;控制面板类.cpp:2632;控制面板类.cpp:4511
yes	等号字段显示文本	等号字段显示文本	全局共享函数类.ixx:343	8	按默认文本类型生成 `名称=值 \| 数据类型=文本` 展示字段文本。		全局共享函数类.ixx:326;全局共享函数类.ixx:343;全局共享函数类.ixx:345;控制面板类.cpp:2587;控制面板类.cpp:2605;控制面板类.cpp:2618;控制面板类.cpp:2632;控制面板类.cpp:4511
yes	私有_状态结果特征_因果	私有_状态结果特征_因果	因果类.cpp:330	8	读取状态节点携带的结果特征。		因果类.cpp:330;因果类.cpp:358;因果类.cpp:382;因果类.cpp:396;因果类.cpp:499;因果类.cpp:561;因果类.cpp:1926;因果类.cpp:1986
yes	私有_直接基础信息子节点	私有_直接基础信息子节点	场景类.cpp:38	8	服务所在模块的内部辅助流程。		世界树类.cpp:103;世界树类.cpp:1683;场景类.cpp:38;场景类.cpp:169;场景类.cpp:183;场景类.cpp:197;特征类.cpp:70;特征类.cpp:684
yes	目标观察约束_清理已加锁	目标观察约束_清理已加锁	外设观察报告队列.ixx:1816	8	清理缓存、临时状态或运行资源。		外设观察报告队列.ixx:1816;外设观察报告队列.ixx:3010;外设观察报告队列.ixx:3017;外设观察报告队列.ixx:3028;外设观察报告队列.ixx:3051;外设观察报告队列.ixx:3073;外设观察报告队列.ixx:3103;外设观察报告队列.ixx:3158
yes	外设观察运行模式文本	外设观察运行模式文本	外设观察报告队列.ixx:1839	8	执行对应模块、线程或方法的运行逻辑。		任务模块.管理工作线程.ixx:3403;任务模块.管理界面线程.impl.cpp:4265;外设线程_D455深度相机.ixx:2563;外设线程_D455深度相机.ixx:2621;外设观察报告队列.ixx:724;外设观察报告队列.ixx:1839;外设观察报告队列.ixx:3405;外设观察报告队列.ixx:3788
yes	提交外设观察报告	提交外设观察报告	外设观察报告队列.ixx:2562	8	提交事实、动态、任务状态或运行回执。		外设线程_D455深度相机.ixx:2715;外设线程_D455深度相机.ixx:2742;外设线程_D455深度相机.ixx:2827;外设线程_D455深度相机.ixx:2907;外设线程_D455深度相机.ixx:3101;外设线程_D455深度相机.ixx:3119;外设观察报告队列.ixx:737;外设观察报告队列.ixx:2562
yes	读取外设观察报告_按ID	读取外设观察报告_按ID	外设观察报告队列.ixx:3212	8	从指定来源读取数据或状态。		任务模块.管理界面线程.impl.cpp:1361;外设观察报告队列.ixx:781;外设观察报告队列.ixx:3212;自我动作实现.外设模块.ixx:12301;自我动作实现.外设模块.ixx:12369;自我动作实现.外设模块.ixx:13907;自我动作实现.扫描.ixx:869;自我线程模块.impl.cpp:13526
yes	默认刻度	默认刻度	度量模板注册表类.ixx:204	8	按函数名执行对应处理。		度量模板注册表类.ixx:78;度量模板注册表类.ixx:164;度量模板注册表类.ixx:204;度量模板注册表类.ixx:226;度量模板注册表类.ixx:272;度量模板注册表类.ixx:306;度量模板注册表类.ixx:342;度量模板注册表类.ixx:404
yes	默认刻度	默认刻度	度量模板注册表类.ixx:226	8	按函数名执行对应处理。		度量模板注册表类.ixx:78;度量模板注册表类.ixx:164;度量模板注册表类.ixx:204;度量模板注册表类.ixx:226;度量模板注册表类.ixx:272;度量模板注册表类.ixx:306;度量模板注册表类.ixx:342;度量模板注册表类.ixx:404
yes	默认刻度	默认刻度	度量模板注册表类.ixx:272	8	按函数名执行对应处理。		度量模板注册表类.ixx:78;度量模板注册表类.ixx:164;度量模板注册表类.ixx:204;度量模板注册表类.ixx:226;度量模板注册表类.ixx:272;度量模板注册表类.ixx:306;度量模板注册表类.ixx:342;度量模板注册表类.ixx:404
yes	默认刻度	默认刻度	度量模板注册表类.ixx:306	8	按函数名执行对应处理。		度量模板注册表类.ixx:78;度量模板注册表类.ixx:164;度量模板注册表类.ixx:204;度量模板注册表类.ixx:226;度量模板注册表类.ixx:272;度量模板注册表类.ixx:306;度量模板注册表类.ixx:342;度量模板注册表类.ixx:404
yes	默认刻度	默认刻度	度量模板注册表类.ixx:342	8	按函数名执行对应处理。		度量模板注册表类.ixx:78;度量模板注册表类.ixx:164;度量模板注册表类.ixx:204;度量模板注册表类.ixx:226;度量模板注册表类.ixx:272;度量模板注册表类.ixx:306;度量模板注册表类.ixx:342;度量模板注册表类.ixx:404
yes	默认刻度	默认刻度	度量模板注册表类.ixx:404	8	按函数名执行对应处理。		度量模板注册表类.ixx:78;度量模板注册表类.ixx:164;度量模板注册表类.ixx:204;度量模板注册表类.ixx:226;度量模板注册表类.ixx:272;度量模板注册表类.ixx:306;度量模板注册表类.ixx:342;度量模板注册表类.ixx:404
yes	默认刻度	默认刻度	度量模板注册表类.ixx:78	8	按函数名执行对应处理。		度量模板注册表类.ixx:78;度量模板注册表类.ixx:164;度量模板注册表类.ixx:204;度量模板注册表类.ixx:226;度量模板注册表类.ixx:272;度量模板注册表类.ixx:306;度量模板注册表类.ixx:342;度量模板注册表类.ixx:404
yes	私有_宽字串转UTF8	私有_宽字串转UTF8	控制面板WebView2.cpp:270	8	服务所在模块的内部辅助流程。		控制面板WebView2.cpp:270;控制面板WebView2.cpp:343;控制面板WebView2.cpp:453;控制面板WebView2.cpp:458;控制面板WebView2.cpp:1434;数据库ADO模块.cpp:63;数据库ADO模块.cpp:99;数据库ADO模块.cpp:115
yes	私有_任务节点属于需求任务链	私有_任务节点属于需求任务链	控制面板摘要线程模块.impl.cpp:163	8	服务所在模块的内部辅助流程。		控制面板摘要线程模块.impl.cpp:163;控制面板摘要线程模块.impl.cpp:312;控制面板摘要线程模块.impl.cpp:432;控制面板类.cpp:356;控制面板类.cpp:376;控制面板类.cpp:10050;鱼巢.cpp:667;鱼巢.cpp:699
yes	获取全局控制面板摘要线程	获取全局控制面板摘要线程	控制面板摘要线程模块.impl.cpp:686	8	读取并返回指定对象、状态或运行材料。		控制面板摘要线程模块.impl.cpp:686;控制面板摘要线程模块.impl.cpp:695;控制面板摘要线程模块.impl.cpp:701;控制面板摘要线程模块.impl.cpp:709;控制面板摘要线程模块.impl.cpp:716;控制面板摘要线程模块.ixx:128;控制面板类.cpp:9595;控制面板类.cpp:9637
yes	私有_任务工作线程池最近参数错误文本	私有_任务工作线程池最近参数错误文本	控制面板类.cpp:170	8	服务所在模块的内部辅助流程。		控制面板类.cpp:170;控制面板类.cpp:197;控制面板类.cpp:10502;控制面板类.cpp:10920;控制面板类.cpp:11176;控制面板类.cpp:11395;控制面板类.cpp:11521;控制面板类.cpp:13046
yes	私有_任务工作线程池最近参数应用文本	私有_任务工作线程池最近参数应用文本	控制面板类.cpp:180	8	服务所在模块的内部辅助流程。		控制面板类.cpp:180;控制面板类.cpp:208;控制面板类.cpp:10507;控制面板类.cpp:10921;控制面板类.cpp:11175;控制面板类.cpp:11400;控制面板类.cpp:11522;控制面板类.cpp:13040
yes	私有_任务工作线程池最近参数错误文本	私有_任务工作线程池最近参数错误文本	控制面板类.cpp:197	8	服务所在模块的内部辅助流程。		控制面板类.cpp:170;控制面板类.cpp:197;控制面板类.cpp:10502;控制面板类.cpp:10920;控制面板类.cpp:11176;控制面板类.cpp:11395;控制面板类.cpp:11521;控制面板类.cpp:13046
yes	私有_任务工作线程池最近参数应用文本	私有_任务工作线程池最近参数应用文本	控制面板类.cpp:208	8	服务所在模块的内部辅助流程。		控制面板类.cpp:180;控制面板类.cpp:208;控制面板类.cpp:10507;控制面板类.cpp:10921;控制面板类.cpp:11175;控制面板类.cpp:11400;控制面板类.cpp:11522;控制面板类.cpp:13040
yes	私有_任务节点属于需求任务链	私有_任务节点属于需求任务链	控制面板类.cpp:356	8	服务所在模块的内部辅助流程。		控制面板摘要线程模块.impl.cpp:163;控制面板摘要线程模块.impl.cpp:312;控制面板摘要线程模块.impl.cpp:432;控制面板类.cpp:356;控制面板类.cpp:376;控制面板类.cpp:10050;鱼巢.cpp:667;鱼巢.cpp:699
yes	私有_追加线程显示详情	私有_追加线程显示详情	控制面板类.cpp:6265	8	服务所在模块的内部辅助流程。		控制面板类.cpp:6191;控制面板类.cpp:6229;控制面板类.cpp:6265;控制面板类.cpp:6338;控制面板类.cpp:6371;控制面板类.cpp:6400;控制面板类.cpp:6430;控制面板类.cpp:6463
yes	私有_需求节点主键探测_无日志	私有_需求节点主键探测_无日志	控制面板类.cpp:769	8	服务所在模块的内部辅助流程。		控制面板类.cpp:769;控制面板类.cpp:809;控制面板类.cpp:812;控制面板类.cpp:845;控制面板类.cpp:847;控制面板类.cpp:849;控制面板类.cpp:851;控制面板类.cpp:853
yes	私有_宽字串转UTF8	私有_宽字串转UTF8	数据库ADO模块.cpp:63	8	把 Windows 宽字串转换为 UTF-8 文本。		控制面板WebView2.cpp:270;控制面板WebView2.cpp:343;控制面板WebView2.cpp:453;控制面板WebView2.cpp:458;控制面板WebView2.cpp:1434;数据库ADO模块.cpp:63;数据库ADO模块.cpp:99;数据库ADO模块.cpp:115
yes	写入SQL控制面板同步状态	写入SQL控制面板同步状态	数据库ADO模块.cpp:946	8	写入控制面板 SQL 同步状态。		世界树类.cpp:1828;任务类.cpp:907;动态类.cpp:753;数据库ADO模块.cpp:946;数据库ADO模块.ixx:101;方法类.cpp:2232;需求类.cpp:1699;需求类.cpp:1734
yes	方法类::方法来源	方法来源	方法类.cpp:1762	8	读取方法首节点来源枚举。		任务模块.筹办.ixx:2329;控制面板类.cpp:4069;控制面板类.cpp:4287;控制面板类.cpp:5618;方法类.cpp:1762;方法虚拟存在服务类.cpp:212;方法虚拟存在服务类.cpp:291;方法虚拟存在服务类.cpp:609
yes	g_param	g_param	日志模块.ixx:442	8	按函数名执行对应处理。		日志模块.ixx:442;日志模块.ixx:461;日志模块.ixx:462;日志模块.ixx:463;日志模块.ixx:473;日志模块.ixx:487;日志模块.ixx:488;日志模块.ixx:489
yes	项目记录异常日志	项目记录异常日志	日志模块.ixx:689	8	记录日志、动态、证据或运行痕迹。		动作线程类.ixx:451;日志接入.h:23;日志模块.ixx:156;日志模块.ixx:689;自检线程模块.impl.cpp:1467;自检线程模块.impl.cpp:1662;鱼巢.cpp:1610;鱼巢.cpp:2337
yes	本能动作后续承接方式特征词	本能动作后续承接方式特征词	本能动作管理类.ixx:116	8	按函数名执行对应处理。		本能动作管理类.ixx:116;本能动作管理类.ixx:346;本能动作管理类.ixx:466;自我动作实现.外设模块.ixx:8399;自我动作实现模块.ixx:3882;自我动作实现模块.ixx:4228;自我动作实现模块.ixx:5219;自我动作实现模块.ixx:5898
yes	本能方法类::查找或创建本能方法首节点	查找或创建本能方法首节点	本能方法类.cpp:223	8	创建并返回或登记对应对象。		任务模块.管理界面线程.impl.cpp:811;任务模块.管理界面线程.impl.cpp:1501;本能方法类.cpp:223;自我动作实现模块.ixx:8361;自我线程模块.impl.cpp:1679;自我线程模块.impl.cpp:4109;自我线程模块.impl.cpp:4367;自我线程模块.impl.cpp:7198
yes	私有_区间相同	私有_区间相同	特征类.cpp:131	8	服务所在模块的内部辅助流程。		特征类.cpp:131;特征类.cpp:359;特征类.cpp:365;特征类.cpp:374;特征类.cpp:388;特征类.cpp:394;特征类.cpp:2906;特征类.cpp:2912
yes	私有_直接基础信息子节点	私有_直接基础信息子节点	特征类.cpp:70	8	服务所在模块的内部辅助流程。		世界树类.cpp:103;世界树类.cpp:1683;场景类.cpp:38;场景类.cpp:169;场景类.cpp:183;场景类.cpp:197;特征类.cpp:70;特征类.cpp:684
yes	私有_消息目录	私有_消息目录	线程生命周期消息模块.ixx:123	8	服务所在模块的内部辅助流程。		线程生命周期消息模块.ixx:123;线程生命周期消息模块.ixx:131;线程生命周期消息模块.ixx:137;线程生命周期消息模块.ixx:143;线程生命周期消息模块.ixx:416;线程生命周期消息模块.ixx:740;线程生命周期消息模块.ixx:1001;线程生命周期消息模块.ixx:1095
yes	私有_删除文件	私有_删除文件	线程生命周期消息模块.ixx:636	8	删除指定对象、状态或登记项。		线程生命周期消息模块.ixx:636;线程生命周期消息模块.ixx:753;线程生命周期消息模块.ixx:767;线程生命周期消息模块.ixx:795;线程生命周期消息模块.ixx:809;线程生命周期消息模块.ixx:818;线程生命周期消息模块.ixx:827;线程生命周期消息模块.ixx:850
yes	特征_目标特征	特征_目标特征	自我动作实现.外设模块.ixx:1067	8	按函数名执行对应处理。		自我动作实现.外设模块.ixx:1067;自我动作实现.外设模块.ixx:20991;自我动作实现模块.ixx:584;自我动作实现模块.ixx:5198;自我动作实现模块.ixx:5844;自我动作实现模块.ixx:6786;自我动作实现模块.ixx:7059;自我动作实现模块.ixx:7066
yes	特征_是否必需	特征_是否必需	自我动作实现.外设模块.ixx:1116	8	按函数名执行对应处理。		自我动作实现.外设模块.ixx:1116;自我动作实现.外设模块.ixx:8365;自我动作实现.服务模块.ixx:829;自我动作实现.服务模块.ixx:1702;自我动作实现模块.ixx:633;自我动作实现模块.ixx:3244;自我动作实现模块.ixx:4660;自我动作实现模块.ixx:5917
yes	特征_运行时长	特征_运行时长	自我动作实现.外设模块.ixx:1123	8	执行对应模块、线程或方法的运行逻辑。		自我动作实现.外设模块.ixx:1123;自我动作实现.外设模块.ixx:8913;自我动作实现.外设模块.ixx:8961;自我动作实现.外设模块.ixx:8986;自我动作实现模块.ixx:640;自我动作实现模块.ixx:4054;自我动作实现模块.ixx:4102;自我动作实现模块.ixx:4127
yes	基础节点属于当前世界树	基础节点属于当前世界树	自我动作实现.外设模块.ixx:11477	8	按函数名执行对应处理。		世界树类.h:80;本能动作管理类.ixx:412;自我动作实现.外设模块.ixx:11477;自我动作实现.外设模块.ixx:11482;自我动作实现.外设模块.ixx:11491;自我动作实现.外设模块.ixx:17348;自我动作实现.外设模块.ixx:17368;自我动作实现模块.ixx:4517
yes	特征_方法运行次数	特征_方法运行次数	自我动作实现.外设模块.ixx:1179	8	执行对应模块、线程或方法的运行逻辑。		自我动作实现.外设模块.ixx:1179;自我动作实现.外设模块.ixx:8954;自我动作实现.外设模块.ixx:8981;自我动作实现模块.ixx:703;自我动作实现模块.ixx:4095;自我动作实现模块.ixx:4122;自我动作实现模块.ixx:9424;自我动作实现模块.ixx:10011
yes	特征_方法成功次数	特征_方法成功次数	自我动作实现.外设模块.ixx:1186	8	按函数名执行对应处理。		自我动作实现.外设模块.ixx:1186;自我动作实现.外设模块.ixx:8955;自我动作实现.外设模块.ixx:8982;自我动作实现模块.ixx:710;自我动作实现模块.ixx:4096;自我动作实现模块.ixx:4123;自我动作实现模块.ixx:9425;自我动作实现模块.ixx:10012
yes	确认双目相机取得当前观察帧规格	确认双目相机取得当前观察帧规格	自我动作实现.外设模块.ixx:15300	8	取得指定对象、状态或运行材料。		自我动作实现.外设模块.ixx:15300;自我动作实现.外设模块.ixx:15347;自我动作实现.外设模块.ixx:15439;自我动作实现.外部模块.ixx:53;自我动作实现.外部模块.ixx:58;自我动作实现模块.ixx:7384;自我动作实现模块.ixx:7389;自我动作实现模块.ixx:8317
yes	确认自我建立观察帧存在规格	确认自我建立观察帧存在规格	自我动作实现.外设模块.ixx:15452	8	确认候选事实、存在、状态或运行结果。		自我动作实现.外设模块.ixx:15452;自我动作实现.外设模块.ixx:15497;自我动作实现.外设模块.ixx:15513;自我动作实现.外部模块.ixx:80;自我动作实现.外部模块.ixx:85;自我动作实现模块.ixx:7411;自我动作实现模块.ixx:7416;自我动作实现模块.ixx:8175
yes	确认自我建立像素观察事实索引规格	确认自我建立像素观察事实索引规格	自我动作实现.外设模块.ixx:15507	8	确认候选事实、存在、状态或运行结果。		自我动作实现.外设模块.ixx:15507;自我动作实现.外设模块.ixx:15540;自我动作实现.外设模块.ixx:16766;自我动作实现.外部模块.ixx:98;自我动作实现.外部模块.ixx:103;自我动作实现模块.ixx:7429;自我动作实现模块.ixx:7434;自我动作实现模块.ixx:8179
yes	特征_可执行输入参数场景	特征_可执行输入参数场景	自我动作实现.外设模块.ixx:1847	8	执行任务、方法或动作的主体逻辑。		自我动作实现.外设模块.ixx:1847;自我动作实现模块.ixx:1371;自我动作实现模块.ixx:5788;自我动作实现模块.ixx:6506;自我动作实现模块.ixx:7242;自我动作实现模块.ixx:9049;自我动作实现模块.ixx:10035;自我动作实现模块.ixx:11921
yes	值_方法条件结果场景缺失	值_方法条件结果场景缺失	自我动作实现.外设模块.ixx:2064	8	按函数名执行对应处理。		自我动作实现.外设模块.ixx:2064;自我动作实现.外设模块.ixx:9257;自我动作实现.外设模块.ixx:9279;自我动作实现模块.ixx:1588;自我动作实现模块.ixx:4412;自我动作实现模块.ixx:4434;自我动作实现模块.ixx:4867;自我动作实现模块.ixx:4874
yes	特征_像素特征数量	特征_像素特征数量	自我动作实现.外设模块.ixx:2505	8	按函数名执行对应处理。		自我动作实现.外设模块.ixx:2505;自我动作实现.外设模块.ixx:12008;自我动作实现.外设模块.ixx:12140;自我动作实现.外设模块.ixx:12591;自我动作实现.外设模块.ixx:14040;自我动作实现.外设模块.ixx:14895;自我动作实现.外设模块.ixx:15027;自我动作实现.外设模块.ixx:15328
yes	特征_深度有效像素数量	特征_深度有效像素数量	自我动作实现.外设模块.ixx:2540	8	按函数名执行对应处理。		自我动作实现.外设模块.ixx:2540;自我动作实现.外设模块.ixx:12013;自我动作实现.外设模块.ixx:12158;自我动作实现.外设模块.ixx:12597;自我动作实现.外设模块.ixx:14896;自我动作实现.外设模块.ixx:15028;自我动作实现.外设模块.ixx:15329;自我动作实现.外设模块.ixx:15544
yes	特征_点云有效像素数量	特征_点云有效像素数量	自我动作实现.外设模块.ixx:2547	8	按函数名执行对应处理。		自我动作实现.外设模块.ixx:2547;自我动作实现.外设模块.ixx:12014;自我动作实现.外设模块.ixx:12159;自我动作实现.外设模块.ixx:12600;自我动作实现.外设模块.ixx:14897;自我动作实现.外设模块.ixx:15029;自我动作实现.外设模块.ixx:15330;自我动作实现.外设模块.ixx:15545
yes	特征_当前观察帧采集时间	特征_当前观察帧采集时间	自我动作实现.外设模块.ixx:2617	8	按函数名执行对应处理。		自我动作实现.外设模块.ixx:2617;自我动作实现.外设模块.ixx:12026;自我动作实现.外设模块.ixx:12135;自我动作实现.外设模块.ixx:12195;自我动作实现.外设模块.ixx:12226;自我动作实现.外设模块.ixx:12502;自我动作实现.外设模块.ixx:12574;自我动作实现.外设模块.ixx:15614
yes	特征_最大允许观察年龄	特征_最大允许观察年龄	自我动作实现.外设模块.ixx:2631	8	按函数名执行对应处理。		自我动作实现.外设模块.ixx:2631;自我动作实现.外设模块.ixx:12028;自我动作实现.外设模块.ixx:12136;自我动作实现.外设模块.ixx:12197;自我动作实现.外设模块.ixx:12228;自我动作实现.外设模块.ixx:12503;自我动作实现.外设模块.ixx:12577;自我动作实现.外设模块.ixx:15616
yes	特征_观察帧失效状态	特征_观察帧失效状态	自我动作实现.外设模块.ixx:2645	8	按函数名执行对应处理。		自我动作实现.外设模块.ixx:2645;自我动作实现.外设模块.ixx:12030;自我动作实现.外设模块.ixx:12137;自我动作实现.外设模块.ixx:12199;自我动作实现.外设模块.ixx:12230;自我动作实现.外设模块.ixx:12504;自我动作实现.外设模块.ixx:12580;自我动作实现.外设模块.ixx:15618
yes	特征_观察帧来源外设状态	特征_观察帧来源外设状态	自我动作实现.外设模块.ixx:2652	8	按函数名执行对应处理。		自我动作实现.外设模块.ixx:2652;自我动作实现.外设模块.ixx:12031;自我动作实现.外设模块.ixx:12138;自我动作实现.外设模块.ixx:12200;自我动作实现.外设模块.ixx:12231;自我动作实现.外设模块.ixx:12505;自我动作实现.外设模块.ixx:12583;自我动作实现.外设模块.ixx:15619
yes	特征_颜色RGB结构状态	特征_颜色RGB结构状态	自我动作实现.外设模块.ixx:2687	8	按函数名执行对应处理。		自我动作实现.外设模块.ixx:2687;自我动作实现.外设模块.ixx:12037;自我动作实现.外设模块.ixx:12160;自我动作实现.外设模块.ixx:12609;自我动作实现.外设模块.ixx:14900;自我动作实现.外设模块.ixx:15032;自我动作实现.外设模块.ixx:15353;自我动作实现.外设模块.ixx:15546
yes	特征_原始深度毫米结构状态	特征_原始深度毫米结构状态	自我动作实现.外设模块.ixx:2694	8	按函数名执行对应处理。		自我动作实现.外设模块.ixx:2694;自我动作实现.外设模块.ixx:12038;自我动作实现.外设模块.ixx:12161;自我动作实现.外设模块.ixx:12612;自我动作实现.外设模块.ixx:14901;自我动作实现.外设模块.ixx:15033;自我动作实现.外设模块.ixx:15354;自我动作实现.外设模块.ixx:15547
yes	特征_深度有效性Mask状态	特征_深度有效性Mask状态	自我动作实现.外设模块.ixx:2715	8	按函数名执行对应处理。		自我动作实现.外设模块.ixx:2715;自我动作实现.外设模块.ixx:12041;自我动作实现.外设模块.ixx:12162;自我动作实现.外设模块.ixx:12621;自我动作实现.外设模块.ixx:14904;自我动作实现.外设模块.ixx:15036;自我动作实现.外设模块.ixx:15357;自我动作实现.外设模块.ixx:15548
yes	特征_空间坐标毫米XYZ结构状态	特征_空间坐标毫米XYZ结构状态	自我动作实现.外设模块.ixx:2743	8	按函数名执行对应处理。		自我动作实现.外设模块.ixx:2743;自我动作实现.外设模块.ixx:12049;自我动作实现.外设模块.ixx:12163;自我动作实现.外设模块.ixx:12645;自我动作实现.外设模块.ixx:14912;自我动作实现.外设模块.ixx:15044;自我动作实现.外设模块.ixx:15374;自我动作实现.外设模块.ixx:15549
yes	特征_融合深度有效率	特征_融合深度有效率	自我动作实现.外设模块.ixx:2855	8	按函数名执行对应处理。		自我动作实现.外设模块.ixx:2855;自我动作实现.外设模块.ixx:12061;自我动作实现.外设模块.ixx:12203;自我动作实现.外设模块.ixx:12681;自我动作实现.外设模块.ixx:14924;自我动作实现.外设模块.ixx:15056;自我动作实现.外设模块.ixx:15369;自我动作实现.外设模块.ixx:15589
yes	特征_轮廓深度支持率	特征_轮廓深度支持率	自我动作实现.外设模块.ixx:3163	8	按函数名执行对应处理。		自我动作实现.外设模块.ixx:3163;自我动作实现.外设模块.ixx:11766;自我动作实现.外设模块.ixx:11839;自我动作实现.外设模块.ixx:12083;自我动作实现.外设模块.ixx:12747;自我动作实现.外设模块.ixx:14946;自我动作实现.外设模块.ixx:15078;自我动作实现.外设模块.ixx:15402
yes	特征_轮廓颜色支持率	特征_轮廓颜色支持率	自我动作实现.外设模块.ixx:3170	8	按函数名执行对应处理。		自我动作实现.外设模块.ixx:3170;自我动作实现.外设模块.ixx:11767;自我动作实现.外设模块.ixx:11840;自我动作实现.外设模块.ixx:12084;自我动作实现.外设模块.ixx:12750;自我动作实现.外设模块.ixx:14947;自我动作实现.外设模块.ixx:15079;自我动作实现.外设模块.ixx:15403
yes	特征_轮廓空间支持率	特征_轮廓空间支持率	自我动作实现.外设模块.ixx:3177	8	按函数名执行对应处理。		自我动作实现.外设模块.ixx:3177;自我动作实现.外设模块.ixx:11768;自我动作实现.外设模块.ixx:11841;自我动作实现.外设模块.ixx:12085;自我动作实现.外设模块.ixx:12753;自我动作实现.外设模块.ixx:14948;自我动作实现.外设模块.ixx:15080;自我动作实现.外设模块.ixx:15404
yes	特征_内部世界状态	特征_内部世界状态	自我动作实现.外设模块.ixx:3380	8	按函数名执行对应处理。		自我动作实现.外设模块.ixx:3380;自我动作实现.外设模块.ixx:13973;自我动作实现.外设模块.ixx:13977;自我动作实现.外设模块.ixx:14184;自我动作实现.外设模块.ixx:15001;自我动作实现.外设模块.ixx:15130;自我动作实现.外设模块.ixx:16982;自我动作实现.外设模块.ixx:16987
yes	特征_轮廓吻合率	特征_轮廓吻合率	自我动作实现.外设模块.ixx:4395	8	按函数名执行对应处理。		自我动作实现.外设模块.ixx:4395;自我动作实现.外设模块.ixx:11763;自我动作实现.外设模块.ixx:11836;自我动作实现.外设模块.ixx:13213;自我动作实现.外设模块.ixx:14291;自我动作实现.外设模块.ixx:14996;自我动作实现.外设模块.ixx:15125;自我动作实现.外设模块.ixx:16919
yes	特征_目标观察约束写入状态	特征_目标观察约束写入状态	自我动作实现.外设模块.ixx:4486	8	把处理结果写入指定对象、场景或日志。		自我动作实现.外设模块.ixx:4486;自我动作实现.外设模块.ixx:16092;自我动作实现.外设模块.ixx:16105;自我动作实现.外设模块.ixx:21127;自我动作实现.外设模块.ixx:21148;自我动作实现.外设模块.ixx:24011;自我动作实现.外设模块.ixx:24015;自我动作实现.外设模块.ixx:24034
yes	特征_目标存在丢失状态	特征_目标存在丢失状态	自我动作实现.外设模块.ixx:4661	8	按函数名执行对应处理。		自我动作实现.外设模块.ixx:4661;自我动作实现.外设模块.ixx:10731;自我动作实现.外设模块.ixx:16249;自我动作实现.外设模块.ixx:16268;自我动作实现.外设模块.ixx:16269;自我动作实现.外设模块.ixx:21876;自我动作实现.外设模块.ixx:21967;自我动作实现.外设模块.ixx:22057
yes	特征_外设观察存在候选确认状态	特征_外设观察存在候选确认状态	自我动作实现.外设模块.ixx:4801	8	确认候选事实、存在、状态或运行结果。		自我动作实现.外设模块.ixx:4801;自我动作实现.外设模块.ixx:16136;自我动作实现.外设模块.ixx:16295;自我动作实现.外设模块.ixx:16540;自我动作实现.外设模块.ixx:21434;自我动作实现.外设模块.ixx:22684;自我动作实现.外设模块.ixx:23267;自我动作实现.外设模块.ixx:23270
yes	特征_外设观察存在候选确认冲突数量	特征_外设观察存在候选确认冲突数量	自我动作实现.外设模块.ixx:4843	8	确认候选事实、存在、状态或运行结果。		自我动作实现.外设模块.ixx:4843;自我动作实现.外设模块.ixx:16140;自我动作实现.外设模块.ixx:16544;自我动作实现.外设模块.ixx:21439;自我动作实现.外设模块.ixx:21524;自我动作实现.外设模块.ixx:22689;自我动作实现.外设模块.ixx:23355;自我动作实现.外设模块.ixx:23359
yes	特征_外设观察存在候选确认证据不足数量	特征_外设观察存在候选确认证据不足数量	自我动作实现.外设模块.ixx:4850	8	确认候选事实、存在、状态或运行结果。		自我动作实现.外设模块.ixx:4850;自我动作实现.外设模块.ixx:16141;自我动作实现.外设模块.ixx:16545;自我动作实现.外设模块.ixx:21440;自我动作实现.外设模块.ixx:21531;自我动作实现.外设模块.ixx:22690;自我动作实现.外设模块.ixx:23371;自我动作实现.外设模块.ixx:23375
yes	特征_已验证观察存在	特征_已验证观察存在	自我动作实现.外设模块.ixx:5298	8	按函数名执行对应处理。		自我动作实现.外设模块.ixx:5298;自我动作实现.外设模块.ixx:13233;自我动作实现.外设模块.ixx:13778;自我动作实现.外设模块.ixx:14307;自我动作实现.外设模块.ixx:14997;自我动作实现.外设模块.ixx:15126;自我动作实现.外设模块.ixx:16945;自我动作实现.外设模块.ixx:16957
yes	特征_派生需求	特征_派生需求	自我动作实现.外设模块.ixx:5438	8	按函数名执行对应处理。		自我动作实现.外设模块.ixx:5438;自我动作实现.外设模块.ixx:7724;自我动作实现.外设模块.ixx:7755;自我动作实现.外设模块.ixx:7997;自我动作实现.外设模块.ixx:8141;自我动作实现模块.ixx:1854;自我动作实现模块.ixx:2760;自我动作实现模块.ixx:2955
yes	特征_派生需求当前状态	特征_派生需求当前状态	自我动作实现.外设模块.ixx:5445	8	按函数名执行对应处理。		自我动作实现.外设模块.ixx:5445;自我动作实现.外设模块.ixx:7725;自我动作实现.外设模块.ixx:7756;自我动作实现.外设模块.ixx:8008;自我动作实现.外设模块.ixx:8143;自我动作实现模块.ixx:1861;自我动作实现模块.ixx:2761;自我动作实现模块.ixx:2971
yes	特征_派生需求目标状态	特征_派生需求目标状态	自我动作实现.外设模块.ixx:5452	8	按函数名执行对应处理。		自我动作实现.外设模块.ixx:5452;自我动作实现.外设模块.ixx:7726;自我动作实现.外设模块.ixx:7757;自我动作实现.外设模块.ixx:8011;自我动作实现.外设模块.ixx:8146;自我动作实现模块.ixx:1868;自我动作实现模块.ixx:2762;自我动作实现模块.ixx:2974
yes	特征_方法补齐状态	特征_方法补齐状态	自我动作实现.外设模块.ixx:5480	8	补齐条件、参数、证据或方法能力缺口。		自我动作实现.外设模块.ixx:5480;自我动作实现模块.ixx:1896;自我动作实现模块.ixx:5777;自我动作实现模块.ixx:7000;自我动作实现模块.ixx:7072;自我动作实现模块.ixx:9027;自我动作实现模块.ixx:9289;自我动作实现模块.ixx:10003
yes	特征_练习模式	特征_练习模式	自我动作实现.外设模块.ixx:5508	8	按函数名执行对应处理。		自我动作实现.外设模块.ixx:5508;自我动作实现模块.ixx:1924;自我动作实现模块.ixx:5783;自我动作实现模块.ixx:6679;自我动作实现模块.ixx:6695;自我动作实现模块.ixx:9050;自我动作实现模块.ixx:9486;自我动作实现模块.ixx:10024
yes	特征_动作主体	特征_动作主体	自我动作实现.外设模块.ixx:5591	8	按函数名执行对应处理。		自我动作实现.外设模块.ixx:5591;自我动作实现模块.ixx:2007;自我动作实现模块.ixx:5191;自我动作实现模块.ixx:6990;自我动作实现模块.ixx:6996;自我动作实现模块.ixx:7019;自我动作实现模块.ixx:8888;自我动作实现模块.ixx:9055
yes	特征_候选方法能力包	特征_候选方法能力包	自我动作实现.外设模块.ixx:5605	8	按函数名执行对应处理。		自我动作实现.外设模块.ixx:5605;自我动作实现模块.ixx:2021;自我动作实现模块.ixx:5791;自我动作实现模块.ixx:7016;自我动作实现模块.ixx:7080;自我动作实现模块.ixx:9045;自我动作实现模块.ixx:9304;自我动作实现模块.ixx:10031
yes	特征_候选形参包	特征_候选形参包	自我动作实现.外设模块.ixx:5612	8	按函数名执行对应处理。		自我动作实现.外设模块.ixx:5612;自我动作实现模块.ixx:2028;自我动作实现模块.ixx:5792;自我动作实现模块.ixx:7017;自我动作实现模块.ixx:7081;自我动作实现模块.ixx:9046;自我动作实现模块.ixx:9305;自我动作实现模块.ixx:10032
yes	特征_候选结果包	特征_候选结果包	自我动作实现.外设模块.ixx:5619	8	按函数名执行对应处理。		自我动作实现.外设模块.ixx:5619;自我动作实现模块.ixx:2035;自我动作实现模块.ixx:5793;自我动作实现模块.ixx:7018;自我动作实现模块.ixx:7082;自我动作实现模块.ixx:9047;自我动作实现模块.ixx:9306;自我动作实现模块.ixx:10033
yes	特征_方法条件结果配对状态	特征_方法条件结果配对状态	自我动作实现.外设模块.ixx:5675	8	按函数名执行对应处理。		自我动作实现.外设模块.ixx:5675;自我动作实现模块.ixx:2105;自我动作实现模块.ixx:7011;自我动作实现模块.ixx:7036;自我动作实现模块.ixx:7270;自我动作实现模块.ixx:8646;自我动作实现模块.ixx:9030;自我动作实现模块.ixx:11954
yes	方法状态_待条件结果对	方法状态_待条件结果对	自我动作实现.外设模块.ixx:5710	8	按函数名执行对应处理。		自我动作实现.外设模块.ixx:5710;自我动作实现.外设模块.ixx:8516;自我动作实现模块.ixx:2147;自我动作实现模块.ixx:3583;自我动作实现模块.ixx:8909;自我动作实现模块.ixx:9032;自我动作实现模块.ixx:9293;自我动作实现模块.ixx:9550
yes	特征_当前场景各存在特征值可读状态	特征_当前场景各存在特征值可读状态	自我动作实现.外设模块.ixx:5848	8	按函数名执行对应处理。		自我动作实现.外设模块.ixx:5848;自我动作实现.外设模块.ixx:13724;自我动作实现.外设模块.ixx:13755;自我动作实现.外设模块.ixx:15654;自我动作实现.外设模块.ixx:16579;自我动作实现.外设模块.ixx:18938;自我动作实现.外设模块.ixx:19009;自我动作实现.外设模块.ixx:23011
yes	特征_自我边界参照状态	特征_自我边界参照状态	自我动作实现.外设模块.ixx:5995	8	按函数名执行对应处理。		自我动作实现.外设模块.ixx:5995;自我动作实现.外设模块.ixx:15881;自我动作实现.外设模块.ixx:15894;自我动作实现.外设模块.ixx:15918;自我动作实现.外设模块.ixx:20414;自我动作实现.外设模块.ixx:20430;自我动作实现.外设模块.ixx:20468;自我动作实现.外设模块.ixx:20583
yes	特征_存在_自我相对安全特征明确状态	特征_存在_自我相对安全特征明确状态	自我动作实现.外设模块.ixx:6127	8	按函数名执行对应处理。		自我动作实现.外设模块.ixx:6127;自我动作实现.外设模块.ixx:15923;自我动作实现.外设模块.ixx:15934;自我动作实现.外设模块.ixx:20650;自我动作实现.外设模块.ixx:20683;自我动作实现.外设模块.ixx:20694;自我动作实现.外设模块.ixx:20715;自我动作实现.外设模块.ixx:20854
yes	特征_风险安全_场景影响部分已入账状态	特征_风险安全_场景影响部分已入账状态	自我动作实现.外设模块.ixx:6442	8	按函数名执行对应处理。		自我动作实现.外设模块.ixx:6442;自我动作实现.外设模块.ixx:15672;自我动作实现.外设模块.ixx:15726;自我动作实现.外设模块.ixx:18944;自我动作实现.外设模块.ixx:19019;自我动作实现.外设模块.ixx:19222;自我动作实现.外设模块.ixx:19274;自我动作实现.外设模块.ixx:19288
yes	值_目标方法头节点缺失	值_目标方法头节点缺失	自我动作实现.外设模块.ixx:6939	8	按函数名执行对应处理。		自我动作实现.外设模块.ixx:6939;自我动作实现模块.ixx:2390;自我动作实现模块.ixx:8500;自我动作实现模块.ixx:8628;自我动作实现模块.ixx:8920;自我动作实现模块.ixx:9262;自我动作实现模块.ixx:9589;自我动作实现模块.ixx:10941
yes	值_来源_练习自动生成	值_来源_练习自动生成	自我动作实现.外设模块.ixx:7051	8	根据当前输入生成目标数据、场景、动态或回执。		自我动作实现.外设模块.ixx:7051;自我动作实现模块.ixx:2509;自我动作实现模块.ixx:6235;自我动作实现模块.ixx:6248;自我动作实现模块.ixx:6308;自我动作实现模块.ixx:6578;自我动作实现模块.ixx:6591;自我动作实现模块.ixx:6845
yes	写入存在I64	写入存在I64	自我动作实现.外设模块.ixx:7159	8	把处理结果写入指定对象、场景或日志。		自我动作实现.外设模块.ixx:7159;自我动作实现.外设模块.ixx:8890;自我动作实现.外设模块.ixx:8904;自我动作实现.外设模块.ixx:8913;自我动作实现模块.ixx:2617;自我动作实现模块.ixx:4031;自我动作实现模块.ixx:4045;自我动作实现模块.ixx:4054
yes	特征_调用信息	特征_调用信息	自我动作实现.外设模块.ixx:731	8	按函数名执行对应处理。		自我动作实现.外设模块.ixx:731;自我动作实现.外设模块.ixx:7842;自我动作实现.外设模块.ixx:7894;自我动作实现.服务模块.ixx:37;自我动作实现.服务模块.ixx:1243;自我动作实现.服务模块.ixx:1572;自我动作实现模块.ixx:158;自我动作实现模块.ixx:2848
yes	读取输入包指针	读取输入包指针	自我动作实现.外设模块.ixx:7810	8	从指定来源读取数据或状态。		自我动作实现.外设模块.ixx:7810;自我动作实现.外设模块.ixx:7840;自我动作实现.外设模块.ixx:7867;自我动作实现.外设模块.ixx:7868;自我动作实现.服务模块.ixx:1221;自我动作实现.服务模块.ixx:1241;自我动作实现模块.ixx:2816;自我动作实现模块.ixx:2846
yes	读取调用信息指针	读取调用信息指针	自我动作实现.外设模块.ixx:7835	8	从指定来源读取数据或状态。		自我动作实现.外设模块.ixx:7835;自我动作实现.外设模块.ixx:7869;自我动作实现.外设模块.ixx:8919;自我动作实现.服务模块.ixx:1236;自我动作实现.服务模块.ixx:1258;自我动作实现.服务模块.ixx:1589;自我动作实现模块.ixx:2841;自我动作实现模块.ixx:4060
yes	本能动作已注册_动作模块	本能动作已注册_动作模块	自我动作实现.外设模块.ixx:8448	8	注册方法、模板、对象或运行入口。		自我动作实现.外设模块.ixx:8448;自我动作实现.外设模块.ixx:8471;自我动作实现.外设模块.ixx:8477;自我动作实现模块.ixx:3434;自我动作实现模块.ixx:3457;自我动作实现模块.ixx:3475;自我动作实现模块.ixx:9508;自我动作实现模块.ixx:10915
yes	特征_任务状态动作动态	特征_任务状态动作动态	自我动作实现.外设模块.ixx:899	8	按函数名执行对应处理。		自我动作实现.外设模块.ixx:899;自我动作实现.服务模块.ixx:413;自我动作实现.服务模块.ixx:2615;自我动作实现.服务模块.ixx:3219;自我动作实现模块.ixx:403;自我动作实现模块.ixx:7122;自我动作实现模块.ixx:10855;自我线程模块.impl.cpp:1931
yes	确认双目相机取得当前观察帧规格	确认双目相机取得当前观察帧规格	自我动作实现.外部模块.ixx:53	8	取得指定对象、状态或运行材料。		自我动作实现.外设模块.ixx:15300;自我动作实现.外设模块.ixx:15347;自我动作实现.外设模块.ixx:15439;自我动作实现.外部模块.ixx:53;自我动作实现.外部模块.ixx:58;自我动作实现模块.ixx:7384;自我动作实现模块.ixx:7389;自我动作实现模块.ixx:8317
yes	确认自我建立观察帧存在规格	确认自我建立观察帧存在规格	自我动作实现.外部模块.ixx:80	8	确认候选事实、存在、状态或运行结果。		自我动作实现.外设模块.ixx:15452;自我动作实现.外设模块.ixx:15497;自我动作实现.外设模块.ixx:15513;自我动作实现.外部模块.ixx:80;自我动作实现.外部模块.ixx:85;自我动作实现模块.ixx:7411;自我动作实现模块.ixx:7416;自我动作实现模块.ixx:8175
yes	确认自我建立像素观察事实索引规格	确认自我建立像素观察事实索引规格	自我动作实现.外部模块.ixx:98	8	确认候选事实、存在、状态或运行结果。		自我动作实现.外设模块.ixx:15507;自我动作实现.外设模块.ixx:15540;自我动作实现.外设模块.ixx:16766;自我动作实现.外部模块.ixx:98;自我动作实现.外部模块.ixx:103;自我动作实现模块.ixx:7429;自我动作实现模块.ixx:7434;自我动作实现模块.ixx:8179
yes	扫描存在类型词	扫描存在类型词	自我动作实现.扫描.ixx:428	8	执行扫描相关材料获取、比较或提交逻辑。		自我动作实现.扫描.ixx:428;自我动作实现.扫描.ixx:759;自我动作实现.扫描.ixx:762;自我动作实现.扫描.ixx:765;自我动作实现.扫描.ixx:768;自我动作实现.扫描.ixx:771;自我动作实现.扫描.ixx:774;自我动作实现.扫描.ixx:777
yes	读取输入包指针	读取输入包指针	自我动作实现.服务模块.ixx:1221	8	从指定来源读取数据或状态。		自我动作实现.外设模块.ixx:7810;自我动作实现.外设模块.ixx:7840;自我动作实现.外设模块.ixx:7867;自我动作实现.外设模块.ixx:7868;自我动作实现.服务模块.ixx:1221;自我动作实现.服务模块.ixx:1241;自我动作实现模块.ixx:2816;自我动作实现模块.ixx:2846
yes	读取调用信息指针	读取调用信息指针	自我动作实现.服务模块.ixx:1236	8	从指定来源读取数据或状态。		自我动作实现.外设模块.ixx:7835;自我动作实现.外设模块.ixx:7869;自我动作实现.外设模块.ixx:8919;自我动作实现.服务模块.ixx:1236;自我动作实现.服务模块.ixx:1258;自我动作实现.服务模块.ixx:1589;自我动作实现模块.ixx:2841;自我动作实现模块.ixx:4060
yes	特征_调用信息	特征_调用信息	自我动作实现.服务模块.ixx:37	8	按函数名执行对应处理。		自我动作实现.外设模块.ixx:731;自我动作实现.外设模块.ixx:7842;自我动作实现.外设模块.ixx:7894;自我动作实现.服务模块.ixx:37;自我动作实现.服务模块.ixx:1243;自我动作实现.服务模块.ixx:1572;自我动作实现模块.ixx:158;自我动作实现模块.ixx:2848
yes	特征_任务状态动作动态	特征_任务状态动作动态	自我动作实现.服务模块.ixx:413	8	按函数名执行对应处理。		自我动作实现.外设模块.ixx:899;自我动作实现.服务模块.ixx:413;自我动作实现.服务模块.ixx:2615;自我动作实现.服务模块.ixx:3219;自我动作实现模块.ixx:403;自我动作实现模块.ixx:7122;自我动作实现模块.ixx:10855;自我线程模块.impl.cpp:1931
yes	特征_是否必需	特征_是否必需	自我动作实现.服务模块.ixx:829	8	按函数名执行对应处理。		自我动作实现.外设模块.ixx:1116;自我动作实现.外设模块.ixx:8365;自我动作实现.服务模块.ixx:829;自我动作实现.服务模块.ixx:1702;自我动作实现模块.ixx:633;自我动作实现模块.ixx:3244;自我动作实现模块.ixx:4660;自我动作实现模块.ixx:5917
yes	特征_可执行输入参数场景	特征_可执行输入参数场景	自我动作实现模块.ixx:1371	8	执行任务、方法或动作的主体逻辑。		自我动作实现.外设模块.ixx:1847;自我动作实现模块.ixx:1371;自我动作实现模块.ixx:5788;自我动作实现模块.ixx:6506;自我动作实现模块.ixx:7242;自我动作实现模块.ixx:9049;自我动作实现模块.ixx:10035;自我动作实现模块.ixx:11921
yes	特征_调用信息	特征_调用信息	自我动作实现模块.ixx:158	8	按函数名执行对应处理。		自我动作实现.外设模块.ixx:731;自我动作实现.外设模块.ixx:7842;自我动作实现.外设模块.ixx:7894;自我动作实现.服务模块.ixx:37;自我动作实现.服务模块.ixx:1243;自我动作实现.服务模块.ixx:1572;自我动作实现模块.ixx:158;自我动作实现模块.ixx:2848
yes	值_方法条件结果场景缺失	值_方法条件结果场景缺失	自我动作实现模块.ixx:1588	8	按函数名执行对应处理。		自我动作实现.外设模块.ixx:2064;自我动作实现.外设模块.ixx:9257;自我动作实现.外设模块.ixx:9279;自我动作实现模块.ixx:1588;自我动作实现模块.ixx:4412;自我动作实现模块.ixx:4434;自我动作实现模块.ixx:4867;自我动作实现模块.ixx:4874
yes	特征_派生需求	特征_派生需求	自我动作实现模块.ixx:1854	8	按函数名执行对应处理。		自我动作实现.外设模块.ixx:5438;自我动作实现.外设模块.ixx:7724;自我动作实现.外设模块.ixx:7755;自我动作实现.外设模块.ixx:7997;自我动作实现.外设模块.ixx:8141;自我动作实现模块.ixx:1854;自我动作实现模块.ixx:2760;自我动作实现模块.ixx:2955
yes	特征_OR组节点	特征_OR组节点	自我动作实现模块.ixx:186	8	按函数名执行对应处理。		自我动作实现模块.ixx:186;自我动作实现模块.ixx:7143;自我动作实现模块.ixx:7156;自我动作实现模块.ixx:12152;自我动作实现模块.ixx:12198;自我动作实现模块.ixx:12567;自我动作实现模块.ixx:12616;自我动作实现模块.ixx:12662
yes	特征_派生需求当前状态	特征_派生需求当前状态	自我动作实现模块.ixx:1861	8	按函数名执行对应处理。		自我动作实现.外设模块.ixx:5445;自我动作实现.外设模块.ixx:7725;自我动作实现.外设模块.ixx:7756;自我动作实现.外设模块.ixx:8008;自我动作实现.外设模块.ixx:8143;自我动作实现模块.ixx:1861;自我动作实现模块.ixx:2761;自我动作实现模块.ixx:2971
yes	特征_派生需求目标状态	特征_派生需求目标状态	自我动作实现模块.ixx:1868	8	按函数名执行对应处理。		自我动作实现.外设模块.ixx:5452;自我动作实现.外设模块.ixx:7726;自我动作实现.外设模块.ixx:7757;自我动作实现.外设模块.ixx:8011;自我动作实现.外设模块.ixx:8146;自我动作实现模块.ixx:1868;自我动作实现模块.ixx:2762;自我动作实现模块.ixx:2974
yes	特征_方法补齐状态	特征_方法补齐状态	自我动作实现模块.ixx:1896	8	补齐条件、参数、证据或方法能力缺口。		自我动作实现.外设模块.ixx:5480;自我动作实现模块.ixx:1896;自我动作实现模块.ixx:5777;自我动作实现模块.ixx:7000;自我动作实现模块.ixx:7072;自我动作实现模块.ixx:9027;自我动作实现模块.ixx:9289;自我动作实现模块.ixx:10003
yes	特征_练习模式	特征_练习模式	自我动作实现模块.ixx:1924	8	按函数名执行对应处理。		自我动作实现.外设模块.ixx:5508;自我动作实现模块.ixx:1924;自我动作实现模块.ixx:5783;自我动作实现模块.ixx:6679;自我动作实现模块.ixx:6695;自我动作实现模块.ixx:9050;自我动作实现模块.ixx:9486;自我动作实现模块.ixx:10024
yes	特征_动作主体	特征_动作主体	自我动作实现模块.ixx:2007	8	按函数名执行对应处理。		自我动作实现.外设模块.ixx:5591;自我动作实现模块.ixx:2007;自我动作实现模块.ixx:5191;自我动作实现模块.ixx:6990;自我动作实现模块.ixx:6996;自我动作实现模块.ixx:7019;自我动作实现模块.ixx:8888;自我动作实现模块.ixx:9055
yes	特征_候选方法能力包	特征_候选方法能力包	自我动作实现模块.ixx:2021	8	按函数名执行对应处理。		自我动作实现.外设模块.ixx:5605;自我动作实现模块.ixx:2021;自我动作实现模块.ixx:5791;自我动作实现模块.ixx:7016;自我动作实现模块.ixx:7080;自我动作实现模块.ixx:9045;自我动作实现模块.ixx:9304;自我动作实现模块.ixx:10031
yes	特征_候选形参包	特征_候选形参包	自我动作实现模块.ixx:2028	8	按函数名执行对应处理。		自我动作实现.外设模块.ixx:5612;自我动作实现模块.ixx:2028;自我动作实现模块.ixx:5792;自我动作实现模块.ixx:7017;自我动作实现模块.ixx:7081;自我动作实现模块.ixx:9046;自我动作实现模块.ixx:9305;自我动作实现模块.ixx:10032
yes	特征_候选结果包	特征_候选结果包	自我动作实现模块.ixx:2035	8	按函数名执行对应处理。		自我动作实现.外设模块.ixx:5619;自我动作实现模块.ixx:2035;自我动作实现模块.ixx:5793;自我动作实现模块.ixx:7018;自我动作实现模块.ixx:7082;自我动作实现模块.ixx:9047;自我动作实现模块.ixx:9306;自我动作实现模块.ixx:10033
yes	特征_方法条件结果配对状态	特征_方法条件结果配对状态	自我动作实现模块.ixx:2105	8	按函数名执行对应处理。		自我动作实现.外设模块.ixx:5675;自我动作实现模块.ixx:2105;自我动作实现模块.ixx:7011;自我动作实现模块.ixx:7036;自我动作实现模块.ixx:7270;自我动作实现模块.ixx:8646;自我动作实现模块.ixx:9030;自我动作实现模块.ixx:11954
yes	特征_方法条件结果对数量	特征_方法条件结果对数量	自我动作实现模块.ixx:2112	8	按函数名执行对应处理。		自我动作实现模块.ixx:2112;自我动作实现模块.ixx:7012;自我动作实现模块.ixx:7032;自我动作实现模块.ixx:8751;自我动作实现模块.ixx:8981;自我动作实现模块.ixx:9031;自我动作实现模块.ixx:9833;自我动作实现模块.ixx:9840
yes	方法状态_待条件结果对	方法状态_待条件结果对	自我动作实现模块.ixx:2147	8	按函数名执行对应处理。		自我动作实现.外设模块.ixx:5710;自我动作实现.外设模块.ixx:8516;自我动作实现模块.ixx:2147;自我动作实现模块.ixx:3583;自我动作实现模块.ixx:8909;自我动作实现模块.ixx:9032;自我动作实现模块.ixx:9293;自我动作实现模块.ixx:9550
yes	值_目标方法头节点缺失	值_目标方法头节点缺失	自我动作实现模块.ixx:2390	8	按函数名执行对应处理。		自我动作实现.外设模块.ixx:6939;自我动作实现模块.ixx:2390;自我动作实现模块.ixx:8500;自我动作实现模块.ixx:8628;自我动作实现模块.ixx:8920;自我动作实现模块.ixx:9262;自我动作实现模块.ixx:9589;自我动作实现模块.ixx:10941
yes	值_来源_练习自动生成	值_来源_练习自动生成	自我动作实现模块.ixx:2509	8	根据当前输入生成目标数据、场景、动态或回执。		自我动作实现.外设模块.ixx:7051;自我动作实现模块.ixx:2509;自我动作实现模块.ixx:6235;自我动作实现模块.ixx:6248;自我动作实现模块.ixx:6308;自我动作实现模块.ixx:6578;自我动作实现模块.ixx:6591;自我动作实现模块.ixx:6845
yes	写入存在I64	写入存在I64	自我动作实现模块.ixx:2617	8	把处理结果写入指定对象、场景或日志。		自我动作实现.外设模块.ixx:7159;自我动作实现.外设模块.ixx:8890;自我动作实现.外设模块.ixx:8904;自我动作实现.外设模块.ixx:8913;自我动作实现模块.ixx:2617;自我动作实现模块.ixx:4031;自我动作实现模块.ixx:4045;自我动作实现模块.ixx:4054
yes	读取输入包指针	读取输入包指针	自我动作实现模块.ixx:2816	8	从指定来源读取数据或状态。		自我动作实现.外设模块.ixx:7810;自我动作实现.外设模块.ixx:7840;自我动作实现.外设模块.ixx:7867;自我动作实现.外设模块.ixx:7868;自我动作实现.服务模块.ixx:1221;自我动作实现.服务模块.ixx:1241;自我动作实现模块.ixx:2816;自我动作实现模块.ixx:2846
yes	读取调用信息指针	读取调用信息指针	自我动作实现模块.ixx:2841	8	从指定来源读取数据或状态。		自我动作实现.外设模块.ixx:7835;自我动作实现.外设模块.ixx:7869;自我动作实现.外设模块.ixx:8919;自我动作实现.服务模块.ixx:1236;自我动作实现.服务模块.ixx:1258;自我动作实现.服务模块.ixx:1589;自我动作实现模块.ixx:2841;自我动作实现模块.ixx:4060
yes	本能动作已注册_动作模块	本能动作已注册_动作模块	自我动作实现模块.ixx:3434	8	注册方法、模板、对象或运行入口。		自我动作实现.外设模块.ixx:8448;自我动作实现.外设模块.ixx:8471;自我动作实现.外设模块.ixx:8477;自我动作实现模块.ixx:3434;自我动作实现模块.ixx:3457;自我动作实现模块.ixx:3475;自我动作实现模块.ixx:9508;自我动作实现模块.ixx:10915
yes	特征_任务状态动作动态	特征_任务状态动作动态	自我动作实现模块.ixx:403	8	按函数名执行对应处理。		自我动作实现.外设模块.ixx:899;自我动作实现.服务模块.ixx:413;自我动作实现.服务模块.ixx:2615;自我动作实现.服务模块.ixx:3219;自我动作实现模块.ixx:403;自我动作实现模块.ixx:7122;自我动作实现模块.ixx:10855;自我线程模块.impl.cpp:1931
yes	解析实例特征命中抽象特征	解析实例特征命中抽象特征	自我动作实现模块.ixx:5315	8	解析输入文本、消息、场景或运行包。		世界树类.cpp:2227;世界树类.h:154;特征类.cpp:2601;特征类.cpp:2865;特征类.cpp:2875;特征类.h:309;自我动作实现模块.ixx:5315;自我动作实现模块.ixx:5321
yes	特征_目标特征	特征_目标特征	自我动作实现模块.ixx:584	8	按函数名执行对应处理。		自我动作实现.外设模块.ixx:1067;自我动作实现.外设模块.ixx:20991;自我动作实现模块.ixx:584;自我动作实现模块.ixx:5198;自我动作实现模块.ixx:5844;自我动作实现模块.ixx:6786;自我动作实现模块.ixx:7059;自我动作实现模块.ixx:7066
yes	特征_是否必需	特征_是否必需	自我动作实现模块.ixx:633	8	按函数名执行对应处理。		自我动作实现.外设模块.ixx:1116;自我动作实现.外设模块.ixx:8365;自我动作实现.服务模块.ixx:829;自我动作实现.服务模块.ixx:1702;自我动作实现模块.ixx:633;自我动作实现模块.ixx:3244;自我动作实现模块.ixx:4660;自我动作实现模块.ixx:5917
yes	特征_运行时长	特征_运行时长	自我动作实现模块.ixx:640	8	执行对应模块、线程或方法的运行逻辑。		自我动作实现.外设模块.ixx:1123;自我动作实现.外设模块.ixx:8913;自我动作实现.外设模块.ixx:8961;自我动作实现.外设模块.ixx:8986;自我动作实现模块.ixx:640;自我动作实现模块.ixx:4054;自我动作实现模块.ixx:4102;自我动作实现模块.ixx:4127
yes	特征_方法运行次数	特征_方法运行次数	自我动作实现模块.ixx:703	8	执行对应模块、线程或方法的运行逻辑。		自我动作实现.外设模块.ixx:1179;自我动作实现.外设模块.ixx:8954;自我动作实现.外设模块.ixx:8981;自我动作实现模块.ixx:703;自我动作实现模块.ixx:4095;自我动作实现模块.ixx:4122;自我动作实现模块.ixx:9424;自我动作实现模块.ixx:10011
yes	特征_方法成功次数	特征_方法成功次数	自我动作实现模块.ixx:710	8	按函数名执行对应处理。		自我动作实现.外设模块.ixx:1186;自我动作实现.外设模块.ixx:8955;自我动作实现.外设模块.ixx:8982;自我动作实现模块.ixx:710;自我动作实现模块.ixx:4096;自我动作实现模块.ixx:4123;自我动作实现模块.ixx:9425;自我动作实现模块.ixx:10012
yes	确认双目相机取得当前观察帧规格	确认双目相机取得当前观察帧规格	自我动作实现模块.ixx:7384	8	取得指定对象、状态或运行材料。		自我动作实现.外设模块.ixx:15300;自我动作实现.外设模块.ixx:15347;自我动作实现.外设模块.ixx:15439;自我动作实现.外部模块.ixx:53;自我动作实现.外部模块.ixx:58;自我动作实现模块.ixx:7384;自我动作实现模块.ixx:7389;自我动作实现模块.ixx:8317
yes	确认自我建立观察帧存在规格	确认自我建立观察帧存在规格	自我动作实现模块.ixx:7411	8	确认候选事实、存在、状态或运行结果。		自我动作实现.外设模块.ixx:15452;自我动作实现.外设模块.ixx:15497;自我动作实现.外设模块.ixx:15513;自我动作实现.外部模块.ixx:80;自我动作实现.外部模块.ixx:85;自我动作实现模块.ixx:7411;自我动作实现模块.ixx:7416;自我动作实现模块.ixx:8175
yes	确认自我建立像素观察事实索引规格	确认自我建立像素观察事实索引规格	自我动作实现模块.ixx:7429	8	确认候选事实、存在、状态或运行结果。		自我动作实现.外设模块.ixx:15507;自我动作实现.外设模块.ixx:15540;自我动作实现.外设模块.ixx:16766;自我动作实现.外部模块.ixx:98;自我动作实现.外部模块.ixx:103;自我动作实现模块.ixx:7429;自我动作实现模块.ixx:7434;自我动作实现模块.ixx:8179
yes	自我特征定义类::类型_自我_当前主需求	类型_自我_当前主需求	自我类.特征定义.cpp:358	8	按函数名执行对应处理。		自我类.cpp:1218;自我类.cpp:1249;自我类.cpp:1967;自我类.初始化.cpp:201;自我类.初始化.cpp:228;自我类.初始化.cpp:313;自我类.特征定义.cpp:358;自我线程模块.impl.cpp:14951
yes	自我特征定义类::类型_自我_服务时序衰减步长	类型_自我_服务时序衰减步长	自我类.特征定义.cpp:385	8	按函数名执行对应处理。		自我类.cpp:996;自我类.cpp:1438;自我类.cpp:1445;自我类.cpp:1974;自我类.cpp:2100;自我类.cpp:2342;自我类.初始化.cpp:236;自我类.特征定义.cpp:385
yes	私有_从需求树构建需求列表	私有_从需求树构建需求列表	自我线程模块.impl.cpp:12227	8	构建运行所需的数据结构或中间结果。		自我线程模块.impl.cpp:2701;自我线程模块.impl.cpp:5206;自我线程模块.impl.cpp:5209;自我线程模块.impl.cpp:8178;自我线程模块.impl.cpp:8179;自我线程模块.impl.cpp:12227;自我线程模块.impl.cpp:12454;自我线程模块.impl.cpp:12455
yes	私有_追加正式结算缺失证据_线程侧	私有_追加正式结算缺失证据_线程侧	自我线程模块.impl.cpp:3285	8	结算任务、需求、价值或结果贡献。		自我线程模块.impl.cpp:3285;自我线程模块.impl.cpp:3403;自我线程模块.impl.cpp:3406;自我线程模块.impl.cpp:3409;自我线程模块.impl.cpp:3412;自我线程模块.impl.cpp:3415;自我线程模块.impl.cpp:3421;自我线程模块.impl.cpp:5122
yes	私有_唤醒派生需求来源任务_任务管理新链	私有_唤醒派生需求来源任务_任务管理新链	自我线程模块.impl.cpp:6053	8	唤醒等待中的任务、线程或治理链。		自我线程模块.impl.cpp:2560;自我线程模块.impl.cpp:5411;自我线程模块.impl.cpp:5688;自我线程模块.impl.cpp:6053;自我线程模块.impl.cpp:7436;自我线程模块.impl.cpp:7755;自我线程模块.impl.cpp:7898;自我线程模块.impl.cpp:10492
yes	私有_创建安全风险树I64状态节点_线程侧	私有_创建安全风险树I64状态节点_线程侧	自我线程模块.impl.cpp:6592	8	创建并返回或登记对应对象。		自我线程模块.impl.cpp:6368;自我线程模块.impl.cpp:6397;自我线程模块.impl.cpp:6403;自我线程模块.impl.cpp:6592;自我线程模块.impl.cpp:9010;自我线程模块.impl.cpp:9016;自我线程模块.impl.cpp:13240;自我线程模块.impl.cpp:13246
yes	私有_提示派生需求逻辑错误	私有_提示派生需求逻辑错误	自我线程模块.impl.cpp:8734	8	服务所在模块的内部辅助流程。		自我线程模块.impl.cpp:8734;自我线程模块.impl.cpp:9955;自我线程模块.impl.cpp:9962;自我线程模块.impl.cpp:9979;自我线程模块.impl.cpp:9994;自我线程模块.impl.cpp:10002;自我线程模块.impl.cpp:10037;自我线程模块.impl.cpp:10056
yes	私有_构造自检候选门控文本	私有_构造自检候选门控文本	自我线程模块.impl.cpp:8812	8	服务所在模块的内部辅助流程。		自我线程模块.impl.cpp:8812;自我线程模块.impl.cpp:9267;自我线程模块.impl.cpp:9293;自我线程模块.impl.cpp:9322;自我线程模块.impl.cpp:9338;自我线程模块.impl.cpp:9386;自我线程模块.impl.cpp:9404;自我线程模块.impl.cpp:13864
yes	私有_是否去重抑制中	私有_是否去重抑制中	自检线程模块.impl.cpp:1140	8	服务所在模块的内部辅助流程。		自检线程模块.impl.cpp:519;自检线程模块.impl.cpp:970;自检线程模块.impl.cpp:1140;自检线程模块.impl.cpp:1823;自检线程模块.impl.cpp:1880;自检线程模块.impl.cpp:1923;自检线程模块.impl.cpp:2001;自检线程模块.impl.cpp:2056
yes	需求类::读取需求对应任务引用	读取需求对应任务引用	需求类.cpp:1630	8	读取需求当前对应任务引用，不修改需求树。		自我线程模块.impl.cpp:3633;自我线程模块.impl.cpp:3737;自我线程模块.impl.cpp:5463;自我线程模块.impl.cpp:5570;自我线程模块.impl.cpp:6204;自我线程模块.impl.cpp:8112;自我线程模块.impl.cpp:12546;需求类.cpp:1630
yes	需求类::读取需求任务列表引用	读取需求任务列表引用	需求类.cpp:1643	8	读取需求关联任务列表引用视图，不修改需求树。		自我线程模块.impl.cpp:3638;自我线程模块.impl.cpp:3740;自我线程模块.impl.cpp:5471;自我线程模块.impl.cpp:5537;自我线程模块.impl.cpp:5577;自我线程模块.impl.cpp:6207;自我线程模块.impl.cpp:12550;需求类.cpp:1643
yes	私有_控制台输出文本	私有_控制台输出文本	鱼巢.cpp:152	8	向默认控制台菜单输出一段文本。		鱼巢.cpp:152;鱼巢.cpp:1567;鱼巢.cpp:1581;鱼巢.cpp:2153;鱼巢.cpp:2156;鱼巢.cpp:2199;鱼巢.cpp:2200;鱼巢.cpp:2220
yes	停止	停止	鱼巢.cpp:1619	8	停止控制台10秒自动刷新循环。		动作线程类.ixx:117;动作线程类.ixx:257;本能线程类.ixx:71;自我线程模块.impl.cpp:14537;自我线程模块.impl.cpp:17374;自我线程模块.ixx:485;鱼巢.cpp:1619;鱼巢.cpp:1631
yes	私有_任务节点属于需求任务链	私有_任务节点属于需求任务链	鱼巢.cpp:667	8	服务所在模块的内部辅助流程。		控制面板摘要线程模块.impl.cpp:163;控制面板摘要线程模块.impl.cpp:312;控制面板摘要线程模块.impl.cpp:432;控制面板类.cpp:356;控制面板类.cpp:376;控制面板类.cpp:10050;鱼巢.cpp:667;鱼巢.cpp:699
yes	U64转I64饱和	U64转I64饱和	全局共享函数类.ixx:878	8	把 U64 转换为 I64，超过 I64 上限时饱和。	constructor_like	全局共享函数类.ixx:878;自我线程模块.impl.cpp:14968;自我线程模块.impl.cpp:14977;自检线程模块.impl.cpp:1534;自检线程模块.impl.cpp:1536;自检线程模块.impl.cpp:1538;自检线程模块.impl.cpp:1540;自检线程模块.impl.cpp:1542
yes	SQL字段可空整数文本	SQL字段可空整数文本	全局共享函数类.ixx:924	8	将可空整数格式化为 SQL 字段恢复比对文本；无值时返回空文本。	constructor_like	世界树类.cpp:1128;世界树类.cpp:1157;世界树类.cpp:1226;世界树类.cpp:1267;全局共享函数类.ixx:924;语素类.cpp:721;语素类.cpp:723;语素类.cpp:725
yes	删除节点_已加锁	删除节点_已加锁	双向链表模板核心.h:500	8	=============================================================...	header_definition	双向链表模板核心.h:500;双向链表模板核心.h:538;双向链表模板核心.h:550;双向链表模板核心.h:556;双向链表模板核心.h:574;需求类.h:1177;需求类.h:1190;需求类.h:1278
yes	D455_构造观察簇资源句柄	D455_构造观察簇资源句柄	外设线程_D455深度相机.ixx:866	8	按函数名执行对应处理。	constructor_like	外设线程_D455深度相机.ixx:866;外设线程_D455深度相机.ixx:1476;外设线程_D455深度相机.ixx:1480;外设线程_D455深度相机.ixx:1484;外设线程_D455深度相机.ixx:1488;外设线程_D455深度相机.ixx:1497;外设线程_D455深度相机.ixx:1501;外设线程_D455深度相机.ixx:1505
yes	D455_填充材料页通用摘要	D455_填充材料页通用摘要	外设观察报告队列.ixx:1318	8	按函数名执行对应处理。	constructor_like	外设观察报告队列.ixx:1318;外设观察报告队列.ixx:1354;外设观察报告队列.ixx:1364;外设观察报告队列.ixx:1380;外设观察报告队列.ixx:1390;外设观察报告队列.ixx:1402;外设观察报告队列.ixx:1412;外设观察报告队列.ixx:1473
yes	D455_标记材料摘要成功	D455_标记材料摘要成功	外设观察报告队列.ixx:1337	8	按函数名执行对应处理。	constructor_like	外设观察报告队列.ixx:1337;外设观察报告队列.ixx:1357;外设观察报告队列.ixx:1373;外设观察报告队列.ixx:1383;外设观察报告队列.ixx:1395;外设观察报告队列.ixx:1405;外设观察报告队列.ixx:1423;外设观察报告队列.ixx:1498
yes	有方法动作	有方法动作	方法主信息类.h:359	8	按函数名执行对应处理。	header_definition	方法主信息类.h:359;方法类.cpp:523;方法类.cpp:697;方法类.cpp:724;方法类.cpp:890;方法类.cpp:1056;方法类.cpp:1208;方法类.cpp:1758
yes	查找信息入口定义	查找信息入口定义	语素主信息类.h:68	8	按条件查找目标对象、方法或事实。	header_definition	语素主信息类.h:68;语素主信息类.h:81;语素主信息类.h:88;语素主信息类.h:95;语素主信息类.h:102;语素主信息类.h:109;语素主信息类.h:116;语素类.cpp:1323
yes	语素入口指针相同	语素入口指针相同	语素类.h:23	8	只比较两个语素入口节点指针是否完全相同，不读取主键或父词节点。	header_definition	自我类.cpp:37;自我类.cpp:406;自我类.cpp:1197;自我类.cpp:1210;自我类.cpp:2207;自我类.cpp:2208;自我类.cpp:2271;语素类.h:23
yes	删除节点_已加锁	删除节点_已加锁	需求类.h:1177	8	删除指定对象、状态或登记项。	header_definition	双向链表模板核心.h:500;双向链表模板核心.h:538;双向链表模板核心.h:550;双向链表模板核心.h:556;双向链表模板核心.h:574;需求类.h:1177;需求类.h:1190;需求类.h:1278
yes	私有_存在概念入口性	私有_存在概念入口性	世界树类.cpp:31	9	服务所在模块的内部辅助流程。		世界树类.cpp:31;世界树类.cpp:1871;世界树类.cpp:1877;世界树类.cpp:1883;世界树类.cpp:1889;世界树类.cpp:1895;世界树类.cpp:1919;世界树类.cpp:1925;世界树类.cpp:1931
yes	二次特征主信息_桥接	二次特征主信息_桥接	二次特征应用模块.ixx:168	9	按函数名执行对应处理。		二次特征应用模块.ixx:168;二次特征应用模块.ixx:197;二次特征应用模块.ixx:198;二次特征应用模块.ixx:281;二次特征应用模块.ixx:312;二次特征应用模块.ixx:313;语言类_二次特征表达.cpp:324;语言类_二次特征表达.cpp:345;语言类_基础信息命名.cpp:191
yes	构造任务管理观察事实承接请求文本	构造任务管理观察事实承接请求文本	任务模块.工作线程消息协议.ixx:725	9	按函数名执行对应处理。		任务模块.工作线程消息协议.ixx:725;任务模块.管理工作线程.ixx:3523;自我线程模块.impl.cpp:13516;自我线程模块.impl.cpp:13522;自我线程模块.impl.cpp:13535;自我线程模块.impl.cpp:13562;自我线程模块.impl.cpp:13580;自我线程模块.impl.cpp:13801;自我线程模块.消息协议.ixx:1687
yes	私有_方法状态_可用_执行桥_最小_v0	私有_方法状态_可用_执行桥_最小_v0	任务模块.执行.ixx:451	9	执行任务、方法或动作的主体逻辑。		任务模块.执行.ixx:451;任务模块.执行.ixx:495;任务模块.执行.ixx:500;任务模块.执行.ixx:520;任务模块.执行.ixx:569;任务模块.执行.ixx:576;任务模块.执行.ixx:577;任务模块.执行.ixx:789;任务模块.执行.ixx:796
yes	方法原始本能ID值	方法原始本能ID值	任务模块.筹办.ixx:2253	9	按函数名执行对应处理。		任务模块.筹办.ixx:2253;任务模块.筹办.ixx:2273;任务模块.筹办.ixx:2384;任务模块.筹办.ixx:2407;任务模块.筹办.ixx:2525;任务模块.筹办.ixx:3035;任务模块.筹办.ixx:3551;任务模块.筹办.ixx:5038;任务模块.筹办.ixx:5045
yes	特征_目标执行后值	特征_目标执行后值	任务模块.筹办.ixx:3172	9	执行任务、方法或动作的主体逻辑。		任务模块.筹办.ixx:3172;任务模块.筹办.ixx:4620;任务模块.筹办.ixx:4935;自我动作实现.外设模块.ixx:5361;自我动作实现模块.ixx:1777;自我动作实现模块.ixx:5765;自我动作实现模块.ixx:5773;自我动作实现模块.ixx:5856;自我动作实现模块.ixx:6818
yes	任务对应需求目标特征类型	任务对应需求目标特征类型	任务模块.筹办.ixx:507	9	按函数名执行对应处理。		任务模块.筹办.ixx:507;任务模块.筹办.ixx:2318;任务模块.筹办.ixx:2564;任务模块.筹办.ixx:2935;任务模块.筹办.ixx:3474;任务模块.筹办.ixx:3575;任务模块.筹办.ixx:3735;任务模块.筹办.ixx:5073;任务模块.筹办.ixx:5137
yes	私有_读取执行输出状态指针	私有_读取执行输出状态指针	任务模块.管理工作线程.ixx:1422	9	从指定来源读取数据或状态。		任务模块.管理工作线程.ixx:1422;任务模块.管理工作线程.ixx:1992;任务模块.管理工作线程.ixx:2147;任务模块.管理工作线程.ixx:2352;任务模块.管理工作线程.ixx:2360;任务模块.管理工作线程.ixx:2541;任务模块.管理工作线程.ixx:2549;任务模块.管理工作线程.ixx:3083;任务模块.管理工作线程.ixx:3086
yes	私有_壳状态	私有_壳状态	任务模块.管理工作线程.ixx:165	9	服务所在模块的内部辅助流程。		任务模块.管理工作线程.ixx:165;任务模块.管理工作线程.ixx:844;任务模块.管理工作线程.ixx:858;任务模块.管理工作线程.ixx:3367;任务模块.管理工作线程.ixx:3561;任务模块.管理工作线程.ixx:3595;任务模块.管理工作线程.ixx:3780;任务模块.管理工作线程.ixx:3805;任务模块.管理工作线程.ixx:3814
yes	私有_调试日志输出启用	私有_调试日志输出启用	任务模块.管理界面线程.impl.cpp:55	9	服务所在模块的内部辅助流程。		任务模块.管理界面线程.impl.cpp:55;任务模块.管理界面线程.impl.cpp:1602;任务模块.管理界面线程.impl.cpp:2193;任务模块.管理界面线程.impl.cpp:2256;任务模块.管理界面线程.impl.cpp:2935;任务模块.管理界面线程.impl.cpp:3027;任务模块.管理界面线程.impl.cpp:5496;任务模块.管理界面线程.impl.cpp:5736;任务模块.管理界面线程.impl.cpp:7159
yes	任务类::记录任务虚拟存在特征	记录任务虚拟存在特征	任务类.cpp:1449	9	记录日志、动态、证据或运行痕迹。		任务模块.管理界面线程.impl.cpp:1280;任务模块.管理界面线程.impl.cpp:1301;任务模块.管理界面线程.impl.cpp:1323;任务模块.管理界面线程.impl.cpp:1344;任务类.cpp:630;任务类.cpp:652;任务类.cpp:1449;自我动作实现模块.ixx:10085;自我动作实现模块.ixx:10103
yes	任务类::任务状态已终结	任务状态已终结	任务类.cpp:1683	9	按函数名执行对应处理。		任务模块.管理工作线程.ixx:387;任务模块.管理工作线程.ixx:404;任务模块.管理界面线程.impl.cpp:1675;任务模块.管理界面线程.impl.cpp:2118;任务模块.管理界面线程.impl.cpp:2134;任务模块.管理界面线程.impl.cpp:6826;任务模块.管理界面线程.impl.cpp:7449;任务模块.管理界面线程.impl.cpp:9026;任务类.cpp:1683
yes	任务类::解析任务虚拟存在	解析任务虚拟存在	任务类.cpp:1718	9	解析输入文本、消息、场景或运行包。		任务模块.执行.ixx:97;任务模块.筹办.ixx:4234;任务模块.管理界面线程.impl.cpp:1225;任务类.cpp:1718;自我动作实现.服务模块.ixx:1274;自我线程模块.impl.cpp:2035;自我线程模块.impl.cpp:3168;自我线程模块.impl.cpp:7808;自我线程模块.impl.cpp:8021
yes	任务类::解析任务实际结果状态	解析任务实际结果状态	任务类.cpp:1779	9	解析输入文本、消息、场景或运行包。		任务模块.筹办.ixx:2352;任务模块.筹办.ixx:5851;任务模块.管理工作线程.ixx:1651;任务模块.管理工作线程.ixx:1673;任务类.cpp:1779;自我动作实现模块.ixx:10408;自我动作实现模块.ixx:10484;自我动作实现模块.ixx:12348;自我线程模块.impl.cpp:3399
yes	私有_取独立树根	私有_取独立树根	任务类.cpp:252	9	服务所在模块的内部辅助流程。		任务类.cpp:252;任务类.cpp:278;方法类.cpp:103;方法类.cpp:279;方法类.cpp:846;方法类.cpp:2254;方法类.cpp:2277;方法类.cpp:2311;方法类.cpp:2409
yes	追加JSON_I64数组3	追加JSON_I64数组3	全局共享函数类.ixx:374	9	按 JSON 数组三元组格式追加三个 I64 值，格式为 `[x,y,z]`。		全局共享函数类.ixx:374;控制面板类.cpp:9160;控制面板类.cpp:9162;控制面板类.cpp:9164;控制面板类.cpp:9166;控制面板类.cpp:9344;控制面板类.cpp:9401;控制面板类.cpp:9407;控制面板类.cpp:9413
yes	路径UTF8文本	路径UTF8文本	全局共享函数类.ixx:380	9	把 filesystem 路径的 UTF-8 视图转换为普通字符串文本。		全局共享函数类.ixx:380;双目相机本能适配器.cpp:82;双目相机本能适配器.cpp:86;双目相机本能适配器.cpp:98;控制面板WebView2.cpp:235;控制面板WebView2.cpp:248;控制面板WebView2.cpp:558;控制面板WebView2.cpp:567;控制面板WebView2.cpp:1587
yes	正范围	正范围	全局共享函数类.ixx:575	9	计算 I64 闭区间长度，范围反向时返回 0。		全局共享函数类.ixx:575;全局共享函数类.ixx:598;全局共享函数类.ixx:599;自我动作实现.外设模块.ixx:13899;自我动作实现.外设模块.ixx:13900;自我动作实现.外设模块.ixx:13901;自我动作实现.外设模块.ixx:14287;自我动作实现.外设模块.ixx:14288;自我动作实现.外设模块.ixx:14289
yes	_索引或空	_索引或空	双向链表模板_序列化.inl:49	9	按函数名执行对应处理。		双向链表模板_序列化.inl:50;双向链表模板_序列化.inl:101;双向链表模板_序列化.inl:102;双向链表模板_序列化.inl:103;双向链表模板_序列化.inl:104;双向链表模板_序列化.inl:105;双向链表模板_序列化.inl:106;双向链表模板_序列化.inl:107;双向链表模板核心.h:698
yes	_由索引取指针	_由索引取指针	双向链表模板_序列化.inl:61	9	按函数名执行对应处理。		双向链表模板_序列化.inl:63;双向链表模板_序列化.inl:216;双向链表模板_序列化.inl:217;双向链表模板_序列化.inl:218;双向链表模板_序列化.inl:219;双向链表模板_序列化.inl:220;双向链表模板_序列化.inl:221;双向链表模板_序列化.inl:222;双向链表模板核心.h:699
yes	私有_累加因果阶段耗时	私有_累加因果阶段耗时	因果类.cpp:75	9	服务所在模块的内部辅助流程。		因果类.cpp:75;因果类.cpp:2486;因果类.cpp:2507;因果类.cpp:2518;因果类.cpp:2543;因果类.cpp:2570;因果类.cpp:2581;因果类.cpp:2588;因果类.cpp:2593
yes	外设观察报告_清理已加锁	外设观察报告_清理已加锁	外设观察报告队列.ixx:1231	9	清理缓存、临时状态或运行资源。		外设观察报告队列.ixx:1231;外设观察报告队列.ixx:2573;外设观察报告队列.ixx:2576;外设观察报告队列.ixx:3198;外设观察报告队列.ixx:3221;外设观察报告队列.ixx:3239;外设观察报告队列.ixx:3287;外设观察报告队列.ixx:3332;外设观察报告队列.ixx:3341
yes	读取控制面板快照	读取控制面板快照	控制面板类.cpp:10325	9	从指定来源读取数据或状态。		控制面板WebView2.cpp:1303;控制面板类.cpp:10325;控制面板类.cpp:10348;控制面板类.cpp:10849;控制面板类.ixx:507;鱼巢.cpp:727;鱼巢.cpp:1497;鱼巢.cpp:1691;鱼巢.cpp:1707
yes	私有_树节点JSON	私有_树节点JSON	控制面板类.cpp:9079	9	服务所在模块的内部辅助流程。		控制面板类.cpp:9079;控制面板类.cpp:11365;控制面板类.cpp:11366;控制面板类.cpp:11367;控制面板类.cpp:11368;控制面板类.cpp:11369;控制面板类.cpp:11370;控制面板类.cpp:11371;控制面板类.cpp:11405
yes	私有_方法SQL字段整数	私有_方法SQL字段整数	方法类.cpp:1509	9	服务所在模块的内部辅助流程。		方法类.cpp:1509;方法类.cpp:1536;方法类.cpp:1539;方法类.cpp:1540;方法类.cpp:1541;方法类.cpp:1556;方法类.cpp:1557;方法类.cpp:1561;方法类.cpp:1567
yes	报告低级错误并终止_	报告低级错误并终止_	日志模块.ixx:186	9	按函数名执行对应处理。		日志模块.ixx:186;日志模块.ixx:314;日志模块.ixx:317;日志模块.ixx:328;日志模块.ixx:331;日志模块.ixx:388;日志模块.ixx:391;日志模块.ixx:525;日志模块.ixx:528
yes	本能动作读指针特征	本能动作读指针特征	本能动作管理类.ixx:429	9	按函数名执行对应处理。		本能动作管理类.ixx:429;本能动作管理类.ixx:453;本能动作管理类.ixx:458;本能动作管理类.ixx:462;本能动作管理类.ixx:466;本能动作管理类.ixx:470;本能动作管理类.ixx:474;本能动作管理类.ixx:478;本能动作管理类.ixx:482
yes	本能动作运行结果值	本能动作运行结果值	本能动作管理类.ixx:540	9	执行对应模块、线程或方法的运行逻辑。		任务模块.执行.ixx:1315;任务模块.管理工作线程.ixx:2688;任务模块.管理工作线程.ixx:3777;动作线程类.ixx:197;本能动作管理类.ixx:540;本能动作管理类.ixx:858;本能动作管理类.ixx:860;本能动作管理类.ixx:900;自我动作实现模块.ixx:9538
yes	本能方法类::是有效本能方法能力值	是有效本能方法能力值	本能方法类.cpp:235	9	按函数名执行对应处理。		任务模块.执行.ixx:200;任务模块.筹办.ixx:2237;任务模块.管理工作线程.ixx:623;任务模块.管理界面线程.impl.cpp:5168;方法类.cpp:2306;方法类.cpp:2540;本能动作管理类.ixx:594;本能方法类.cpp:235;自我动作实现模块.ixx:5328
yes	特征_任务参数包	特征_任务参数包	自我动作实现.外设模块.ixx:1046	9	按函数名执行对应处理。		自我动作实现.外设模块.ixx:1046;自我动作实现.外设模块.ixx:7867;自我动作实现.外设模块.ixx:7892;自我动作实现.外设模块.ixx:8594;自我动作实现.外设模块.ixx:25398;自我动作实现.外设模块.ixx:25403;自我动作实现模块.ixx:563;自我动作实现模块.ixx:3915;自我动作实现模块.ixx:4775
yes	特征_样本次数	特征_样本次数	自我动作实现.外设模块.ixx:1137	9	按函数名执行对应处理。		自我动作实现.外设模块.ixx:1137;自我动作实现模块.ixx:654;自我动作实现模块.ixx:3710;自我动作实现模块.ixx:3714;自我动作实现模块.ixx:3802;自我动作实现模块.ixx:3807;自我动作实现模块.ixx:9442;自我动作实现模块.ixx:9900;自我动作实现模块.ixx:10018
yes	判定自我侧观察材料质量	判定自我侧观察材料质量	自我动作实现.外设模块.ixx:12285	9	按函数名执行对应处理。		自我动作实现.外设模块.ixx:12285;自我动作实现.外设模块.ixx:21262;自我动作实现.外设模块.ixx:21748;自我动作实现.外设模块.ixx:22190;自我动作实现.外设模块.ixx:22809;自我动作实现.外设模块.ixx:23297;自我动作实现.外设模块.ixx:24325;自我动作实现.外设模块.ixx:24507;自我动作实现.外设模块.ixx:24691
yes	值_参数绑定失败	值_参数绑定失败	自我动作实现.外设模块.ixx:1311	9	建立对象、任务、方法或因果之间的绑定关系。		自我动作实现.外设模块.ixx:1311;自我动作实现.外设模块.ixx:8550;自我动作实现.外设模块.ixx:8560;自我动作实现模块.ixx:835;自我动作实现模块.ixx:3873;自我动作实现模块.ixx:5211;自我动作实现模块.ixx:9013;自我动作实现模块.ixx:9275;自我动作实现模块.ixx:9986
yes	确认双目相机控制规格	确认双目相机控制规格	自我动作实现.外设模块.ixx:15202	9	确认候选事实、存在、状态或运行结果。		自我动作实现.外设模块.ixx:15202;自我动作实现.外设模块.ixx:17526;自我动作实现.外设模块.ixx:17606;自我动作实现.外部模块.ixx:16;自我动作实现.外部模块.ixx:22;自我动作实现模块.ixx:7347;自我动作实现模块.ixx:7353;自我动作实现模块.ixx:8307;自我动作实现模块.ixx:8309
yes	特征_启停状态	特征_启停状态	自我动作实现.外设模块.ixx:2155	9	按函数名执行对应处理。		自我动作实现.外设模块.ixx:2155;自我动作实现.外设模块.ixx:15219;自我动作实现.外设模块.ixx:15227;自我动作实现.外设模块.ixx:15230;自我动作实现.外设模块.ixx:17552;自我动作实现.外设模块.ixx:17564;自我动作实现.外设模块.ixx:17632;自我动作实现.外设模块.ixx:17641;自我动作实现模块.ixx:1679
yes	写入提交入口来源动作动态	写入提交入口来源动作动态	自我动作实现.外设模块.ixx:23159	9	把处理结果写入指定对象、场景或日志。		自我动作实现.外设模块.ixx:23159;自我动作实现.外设模块.ixx:23175;自我动作实现.外设模块.ixx:23951;自我动作实现.外设模块.ixx:23981;自我动作实现.外设模块.ixx:24043;自我动作实现.外设模块.ixx:24105;自我动作实现.外设模块.ixx:24400;自我动作实现.外设模块.ixx:24583;自我动作实现.外设模块.ixx:24744
yes	特征_观察帧容器状态	特征_观察帧容器状态	自我动作实现.外设模块.ixx:2421	9	按函数名执行对应处理。		自我动作实现.外设模块.ixx:2421;自我动作实现.外设模块.ixx:9637;自我动作实现.外设模块.ixx:12018;自我动作实现.外设模块.ixx:12217;自我动作实现.外设模块.ixx:12495;自我动作实现.外设模块.ixx:15463;自我动作实现.外设模块.ixx:15476;自我动作实现.外设模块.ixx:17974;自我动作实现.外设模块.ixx:18004
yes	特征_当前帧像素特征索引	特征_当前帧像素特征索引	自我动作实现.外设模块.ixx:2463	9	按函数名执行对应处理。		自我动作实现.外设模块.ixx:2463;自我动作实现.外设模块.ixx:12119;自我动作实现.外设模块.ixx:12131;自我动作实现.外设模块.ixx:12887;自我动作实现.外设模块.ixx:15442;自我动作实现.外设模块.ixx:15446;自我动作实现.外设模块.ixx:15516;自我动作实现.外设模块.ixx:16805;自我动作实现.外设模块.ixx:18109
yes	特征_像素坐标X	特征_像素坐标X	自我动作实现.外设模块.ixx:2477	9	按函数名执行对应处理。		自我动作实现.外设模块.ixx:2477;自我动作实现.外设模块.ixx:16767;自我动作实现.外设模块.ixx:16769;自我动作实现.外设模块.ixx:16774;自我动作实现.外设模块.ixx:25395;自我动作实现.外设模块.ixx:25396;自我动作实现.外设模块.ixx:25397;自我动作实现.外设模块.ixx:25398;自我动作实现.外设模块.ixx:25466
yes	特征_像素坐标Y	特征_像素坐标Y	自我动作实现.外设模块.ixx:2484	9	按函数名执行对应处理。		自我动作实现.外设模块.ixx:2484;自我动作实现.外设模块.ixx:16768;自我动作实现.外设模块.ixx:16770;自我动作实现.外设模块.ixx:16775;自我动作实现.外设模块.ixx:25400;自我动作实现.外设模块.ixx:25401;自我动作实现.外设模块.ixx:25402;自我动作实现.外设模块.ixx:25403;自我动作实现.外设模块.ixx:25467
yes	特征_预期像素数量	特征_预期像素数量	自我动作实现.外设模块.ixx:2498	9	按函数名执行对应处理。		自我动作实现.外设模块.ixx:2498;自我动作实现.外设模块.ixx:12007;自我动作实现.外设模块.ixx:12139;自我动作实现.外设模块.ixx:12508;自我动作实现.外设模块.ixx:12586;自我动作实现.外设模块.ixx:14894;自我动作实现.外设模块.ixx:15026;自我动作实现.外设模块.ixx:15327;自我动作实现.外设模块.ixx:15472
yes	特征_像素特征值承接状态	特征_像素特征值承接状态	自我动作实现.外设模块.ixx:2561	9	按函数名执行对应处理。		自我动作实现.外设模块.ixx:2561;自我动作实现.外设模块.ixx:9647;自我动作实现.外设模块.ixx:12019;自我动作实现.外设模块.ixx:12164;自我动作实现.外设模块.ixx:12219;自我动作实现.外设模块.ixx:15550;自我动作实现.外设模块.ixx:15552;自我动作实现.外设模块.ixx:18275;自我动作实现.外设模块.ixx:18307
yes	特征_观察事实完备状态	特征_观察事实完备状态	自我动作实现.外设模块.ixx:2582	9	按函数名执行对应处理。		自我动作实现.外设模块.ixx:2582;自我动作实现.外设模块.ixx:9652;自我动作实现.外设模块.ixx:12022;自我动作实现.外设模块.ixx:12177;自我动作实现.外设模块.ixx:12222;自我动作实现.外设模块.ixx:15566;自我动作实现.外设模块.ixx:15569;自我动作实现.外设模块.ixx:18359;自我动作实现.外设模块.ixx:18391
yes	特征_帧质量评分	特征_帧质量评分	自我动作实现.外设模块.ixx:2988	9	按函数名执行对应处理。		自我动作实现.外设模块.ixx:2988;自我动作实现.外设模块.ixx:12070;自我动作实现.外设模块.ixx:12192;自我动作实现.外设模块.ixx:12708;自我动作实现.外设模块.ixx:14933;自我动作实现.外设模块.ixx:15065;自我动作实现.外设模块.ixx:15386;自我动作实现.外设模块.ixx:15586;自我动作实现.外设模块.ixx:17214
yes	特征_未解释区域比例	特征_未解释区域比例	自我动作实现.外设模块.ixx:3233	9	按函数名执行对应处理。		自我动作实现.外设模块.ixx:3233;自我动作实现.外设模块.ixx:12093;自我动作实现.外设模块.ixx:12204;自我动作实现.外设模块.ixx:12777;自我动作实现.外设模块.ixx:14956;自我动作实现.外设模块.ixx:15088;自我动作实现.外设模块.ixx:15412;自我动作实现.外设模块.ixx:15590;自我动作实现.外设模块.ixx:17221
yes	特征_帧解释状态	特征_帧解释状态	自我动作实现.外设模块.ixx:3303	9	按函数名执行对应处理。		自我动作实现.外设模块.ixx:3303;自我动作实现.外设模块.ixx:12106;自我动作实现.外设模块.ixx:13238;自我动作实现.外设模块.ixx:15000;自我动作实现.外设模块.ixx:15129;自我动作实现.外设模块.ixx:15444;自我动作实现.外设模块.ixx:16950;自我动作实现.外设模块.ixx:16958;自我动作实现.外设模块.ixx:26682
yes	特征_内部世界子候选验证状态	特征_内部世界子候选验证状态	自我动作实现.外设模块.ixx:3478	9	按函数名执行对应处理。		自我动作实现.外设模块.ixx:3478;自我动作实现.外设模块.ixx:14072;自我动作实现.外设模块.ixx:14085;自我动作实现.外设模块.ixx:14196;自我动作实现.外设模块.ixx:17049;自我动作实现.外设模块.ixx:17052;自我动作实现.外设模块.ixx:25568;自我动作实现.外设模块.ixx:25569;自我动作实现.外设模块.ixx:25810
yes	特征_历史观察存在	特征_历史观察存在	自我动作实现.外设模块.ixx:3653	9	按函数名执行对应处理。		自我动作实现.外设模块.ixx:3653;自我动作实现.外设模块.ixx:14348;自我动作实现.外设模块.ixx:14365;自我动作实现.外设模块.ixx:14562;自我动作实现.外设模块.ixx:14637;自我动作实现.外设模块.ixx:14696;自我动作实现.外设模块.ixx:14719;自我动作实现.外设模块.ixx:17124;自我动作实现.外设模块.ixx:17129
yes	特征_变化状态	特征_变化状态	自我动作实现.外设模块.ixx:3716	9	按函数名执行对应处理。		自我动作实现.外设模块.ixx:3716;自我动作实现.外设模块.ixx:14625;自我动作实现.外设模块.ixx:14689;自我动作实现.外设模块.ixx:14732;自我动作实现.外设模块.ixx:16385;自我动作实现.外设模块.ixx:16393;自我动作实现.外设模块.ixx:17159;自我动作实现.外设模块.ixx:24490;自我动作实现.外设模块.ixx:24570
yes	特征_观察变化事件集合	特征_观察变化事件集合	自我动作实现.外设模块.ixx:3758	9	按函数名执行对应处理。		自我动作实现.外设模块.ixx:3758;自我动作实现.外设模块.ixx:14686;自我动作实现.外设模块.ixx:14699;自我动作实现.外设模块.ixx:14728;自我动作实现.外设模块.ixx:15002;自我动作实现.外设模块.ixx:15131;自我动作实现.外设模块.ixx:17179;自我动作实现.外设模块.ixx:17183;自我动作实现.外设模块.ixx:26110
yes	特征_投影范围最小X	特征_投影范围最小X	自我动作实现.外设模块.ixx:3982	9	按函数名执行对应处理。		自我动作实现.外设模块.ixx:3982;自我动作实现.外设模块.ixx:10577;自我动作实现.外设模块.ixx:10618;自我动作实现.外设模块.ixx:10685;自我动作实现.外设模块.ixx:11746;自我动作实现.外设模块.ixx:11819;自我动作实现.外设模块.ixx:13895;自我动作实现.外设模块.ixx:21970;自我动作实现.外设模块.ixx:24883
yes	特征_投影范围最大X	特征_投影范围最大X	自我动作实现.外设模块.ixx:3989	9	按函数名执行对应处理。		自我动作实现.外设模块.ixx:3989;自我动作实现.外设模块.ixx:10578;自我动作实现.外设模块.ixx:10619;自我动作实现.外设模块.ixx:10686;自我动作实现.外设模块.ixx:11747;自我动作实现.外设模块.ixx:11820;自我动作实现.外设模块.ixx:13896;自我动作实现.外设模块.ixx:21971;自我动作实现.外设模块.ixx:24884
yes	特征_投影范围最小Y	特征_投影范围最小Y	自我动作实现.外设模块.ixx:3996	9	按函数名执行对应处理。		自我动作实现.外设模块.ixx:3996;自我动作实现.外设模块.ixx:10579;自我动作实现.外设模块.ixx:10620;自我动作实现.外设模块.ixx:10687;自我动作实现.外设模块.ixx:11748;自我动作实现.外设模块.ixx:11821;自我动作实现.外设模块.ixx:13897;自我动作实现.外设模块.ixx:21972;自我动作实现.外设模块.ixx:24885
yes	特征_投影范围最大Y	特征_投影范围最大Y	自我动作实现.外设模块.ixx:4003	9	按函数名执行对应处理。		自我动作实现.外设模块.ixx:4003;自我动作实现.外设模块.ixx:10580;自我动作实现.外设模块.ixx:10621;自我动作实现.外设模块.ixx:10688;自我动作实现.外设模块.ixx:11749;自我动作实现.外设模块.ixx:11822;自我动作实现.外设模块.ixx:13898;自我动作实现.外设模块.ixx:21973;自我动作实现.外设模块.ixx:24886
yes	特征_空间连续性评分	特征_空间连续性评分	自我动作实现.外设模块.ixx:4031	9	按函数名执行对应处理。		自我动作实现.外设模块.ixx:4031;自我动作实现.外设模块.ixx:11753;自我动作实现.外设模块.ixx:11826;自我动作实现.外设模块.ixx:13101;自我动作实现.外设模块.ixx:13184;自我动作实现.外设模块.ixx:14979;自我动作实现.外设模块.ixx:15112;自我动作实现.外设模块.ixx:16818;自我动作实现.外设模块.ixx:22330
yes	特征_范围稳定性评分	特征_范围稳定性评分	自我动作实现.外设模块.ixx:4038	9	按函数名执行对应处理。		自我动作实现.外设模块.ixx:4038;自我动作实现.外设模块.ixx:11754;自我动作实现.外设模块.ixx:11827;自我动作实现.外设模块.ixx:13102;自我动作实现.外设模块.ixx:13185;自我动作实现.外设模块.ixx:14980;自我动作实现.外设模块.ixx:15113;自我动作实现.外设模块.ixx:16819;自我动作实现.外设模块.ixx:22331
yes	特征_像素归属验证状态	特征_像素归属验证状态	自我动作实现.外设模块.ixx:4472	9	按函数名执行对应处理。		自我动作实现.外设模块.ixx:4472;自我动作实现.外设模块.ixx:11775;自我动作实现.外设模块.ixx:11848;自我动作实现.外设模块.ixx:13216;自我动作实现.外设模块.ixx:14992;自我动作实现.外设模块.ixx:15121;自我动作实现.外设模块.ixx:16453;自我动作实现.外设模块.ixx:16922;自我动作实现.外设模块.ixx:22332
yes	特征_外设观察存在_自我存在同一性状态	特征_外设观察存在_自我存在同一性状态	自我动作实现.外设模块.ixx:4871	9	按函数名执行对应处理。		自我动作实现.外设模块.ixx:4871;自我动作实现.外设模块.ixx:16143;自我动作实现.外设模块.ixx:16166;自我动作实现.外设模块.ixx:16170;自我动作实现.外设模块.ixx:16174;自我动作实现.外设模块.ixx:16178;自我动作实现.外设模块.ixx:21442;自我动作实现.外设模块.ixx:21475;自我动作实现.外设模块.ixx:21600
yes	特征_稳定对应存在数量明确状态	特征_稳定对应存在数量明确状态	自我动作实现.外设模块.ixx:5032	9	按函数名执行对应处理。		自我动作实现.外设模块.ixx:5032;自我动作实现.外设模块.ixx:16158;自我动作实现.外设模块.ixx:16311;自我动作实现.外设模块.ixx:16323;自我动作实现.外设模块.ixx:21451;自我动作实现.外设模块.ixx:21573;自我动作实现.外设模块.ixx:23539;自我动作实现.外设模块.ixx:24091;自我动作实现.外设模块.ixx:24140
yes	特征_观察存在发现状态	特征_观察存在发现状态	自我动作实现.外设模块.ixx:5074	9	按函数名执行对应处理。		自我动作实现.外设模块.ixx:5074;自我动作实现.外设模块.ixx:8005;自我动作实现.外设模块.ixx:16349;自我动作实现.外设模块.ixx:16355;自我动作实现.外设模块.ixx:16366;自我动作实现.外设模块.ixx:23954;自我动作实现.外设模块.ixx:23955;自我动作实现.外设模块.ixx:24307;自我动作实现.外设模块.ixx:24386
yes	特征_目标执行后值	特征_目标执行后值	自我动作实现.外设模块.ixx:5361	9	执行任务、方法或动作的主体逻辑。		任务模块.筹办.ixx:3172;任务模块.筹办.ixx:4620;任务模块.筹办.ixx:4935;自我动作实现.外设模块.ixx:5361;自我动作实现模块.ixx:1777;自我动作实现模块.ixx:5765;自我动作实现模块.ixx:5773;自我动作实现模块.ixx:5856;自我动作实现模块.ixx:6818
yes	方法状态_好用	方法状态_好用	自我动作实现.外设模块.ixx:5719	9	按函数名执行对应处理。		自我动作实现.外设模块.ixx:5719;自我动作实现.外设模块.ixx:8519;自我动作实现.外设模块.ixx:8994;自我动作实现模块.ixx:2156;自我动作实现模块.ixx:3586;自我动作实现模块.ixx:4135;自我动作实现模块.ixx:5807;自我动作实现模块.ixx:9570;自我动作实现模块.ixx:9919
yes	特征_安全因果候选构造状态	特征_安全因果候选构造状态	自我动作实现.外设模块.ixx:6190	9	按函数名执行对应处理。		自我动作实现.外设模块.ixx:6190;自我动作实现.外设模块.ixx:15646;自我动作实现.外设模块.ixx:15954;自我动作实现.外设模块.ixx:15965;自我动作实现.外设模块.ixx:18639;自我动作实现.外设模块.ixx:19049;自我动作实现.外设模块.ixx:20822;自我动作实现.外设模块.ixx:20839;自我动作实现.外设模块.ixx:20887
yes	特征_当前场景持续观察状态	特征_当前场景持续观察状态	自我动作实现.外设模块.ixx:6379	9	按函数名执行对应处理。		自我动作实现.外设模块.ixx:6379;自我动作实现.外设模块.ixx:16010;自我动作实现.外设模块.ixx:16017;自我动作实现.外设模块.ixx:16034;自我动作实现.外设模块.ixx:18645;自我动作实现.外设模块.ixx:19897;自我动作实现.外设模块.ixx:19908;自我动作实现.外设模块.ixx:19929;自我动作实现.外设模块.ixx:19984
yes	特征_条件集合	特征_条件集合	自我动作实现.外设模块.ixx:689	9	按函数名执行对应处理。		自我动作实现.外设模块.ixx:689;自我动作实现.外设模块.ixx:7830;自我动作实现.外设模块.ixx:8286;自我动作实现.服务模块.ixx:53;自我动作实现.服务模块.ixx:1205;自我动作实现模块.ixx:116;自我动作实现模块.ixx:2836;自我动作实现模块.ixx:3165;自我动作实现模块.ixx:4880
yes	抽象条件场景	抽象条件场景	自我动作实现.外设模块.ixx:8260	9	按函数名执行对应处理。		自我动作实现.外设模块.ixx:8260;自我动作实现.外设模块.ixx:8282;自我动作实现.外设模块.ixx:9251;自我动作实现模块.ixx:3139;自我动作实现模块.ixx:3161;自我动作实现模块.ixx:3649;自我动作实现模块.ixx:3835;自我动作实现模块.ixx:4406;自我动作实现模块.ixx:4864
yes	确认双目相机控制规格	确认双目相机控制规格	自我动作实现.外部模块.ixx:16	9	确认候选事实、存在、状态或运行结果。		自我动作实现.外设模块.ixx:15202;自我动作实现.外设模块.ixx:17526;自我动作实现.外设模块.ixx:17606;自我动作实现.外部模块.ixx:16;自我动作实现.外部模块.ixx:22;自我动作实现模块.ixx:7347;自我动作实现模块.ixx:7353;自我动作实现模块.ixx:8307;自我动作实现模块.ixx:8309
yes	特征_扫描主动因果信息状态	特征_扫描主动因果信息状态	自我动作实现.扫描.ixx:752	9	记录日志、动态、证据或运行痕迹。		自我动作实现.扫描.ixx:752;自我动作实现.扫描.ixx:1485;自我动作实现.扫描.ixx:1567;自我动作实现.扫描.ixx:1730;自我动作实现.扫描.ixx:1739;自我动作实现.扫描.ixx:1773;自我动作实现.扫描.ixx:2086;自我动作实现.扫描.ixx:2092;自我动作实现.扫描.ixx:2119
yes	特征_成功服务候选状态	特征_成功服务候选状态	自我动作实现.服务模块.ixx:437	9	按函数名执行对应处理。		自我动作实现.服务模块.ixx:437;自我动作实现.服务模块.ixx:2582;自我动作实现.服务模块.ixx:2696;自我动作实现.服务模块.ixx:2872;自我动作实现.服务模块.ixx:3087;自我动作实现.服务模块.ixx:3160;自我动作实现.服务模块.ixx:3282;自我动作实现.服务模块.ixx:3365;自我动作实现.服务模块.ixx:3369
yes	特征_条件集合	特征_条件集合	自我动作实现.服务模块.ixx:53	9	按函数名执行对应处理。		自我动作实现.外设模块.ixx:689;自我动作实现.外设模块.ixx:7830;自我动作实现.外设模块.ixx:8286;自我动作实现.服务模块.ixx:53;自我动作实现.服务模块.ixx:1205;自我动作实现模块.ixx:116;自我动作实现模块.ixx:2836;自我动作实现模块.ixx:3165;自我动作实现模块.ixx:4880
yes	值_服务字段绑定任务缺失	值_服务字段绑定任务缺失	自我动作实现.服务模块.ixx:909	9	建立对象、任务、方法或因果之间的绑定关系。		自我动作实现.服务模块.ixx:909;自我动作实现.服务模块.ixx:1290;自我动作实现.服务模块.ixx:1623;自我动作实现.服务模块.ixx:1717;自我动作实现.服务模块.ixx:1847;自我动作实现.服务模块.ixx:2035;自我动作实现.服务模块.ixx:2552;自我动作实现.服务模块.ixx:3118;自我动作实现.服务模块.ixx:3239
yes	特征_条件集合	特征_条件集合	自我动作实现模块.ixx:116	9	按函数名执行对应处理。		自我动作实现.外设模块.ixx:689;自我动作实现.外设模块.ixx:7830;自我动作实现.外设模块.ixx:8286;自我动作实现.服务模块.ixx:53;自我动作实现.服务模块.ixx:1205;自我动作实现模块.ixx:116;自我动作实现模块.ixx:2836;自我动作实现模块.ixx:3165;自我动作实现模块.ixx:4880
yes	执行服务绑定任务字段动作	执行服务绑定任务字段动作	自我动作实现模块.ixx:11694	9	建立对象、任务、方法或因果之间的绑定关系。		自我动作实现模块.ixx:11694;自我动作实现模块.ixx:11775;自我动作实现模块.ixx:11791;自我动作实现模块.ixx:11807;自我动作实现模块.ixx:11823;自我动作实现模块.ixx:11839;自我动作实现模块.ixx:11855;自我动作实现模块.ixx:11871;自我动作实现模块.ixx:11887
yes	特征_启停状态	特征_启停状态	自我动作实现模块.ixx:1679	9	按函数名执行对应处理。		自我动作实现.外设模块.ixx:2155;自我动作实现.外设模块.ixx:15219;自我动作实现.外设模块.ixx:15227;自我动作实现.外设模块.ixx:15230;自我动作实现.外设模块.ixx:17552;自我动作实现.外设模块.ixx:17564;自我动作实现.外设模块.ixx:17632;自我动作实现.外设模块.ixx:17641;自我动作实现模块.ixx:1679
yes	特征_目标执行后值	特征_目标执行后值	自我动作实现模块.ixx:1777	9	执行任务、方法或动作的主体逻辑。		任务模块.筹办.ixx:3172;任务模块.筹办.ixx:4620;任务模块.筹办.ixx:4935;自我动作实现.外设模块.ixx:5361;自我动作实现模块.ixx:1777;自我动作实现模块.ixx:5765;自我动作实现模块.ixx:5773;自我动作实现模块.ixx:5856;自我动作实现模块.ixx:6818
yes	特征_OR组领取路径	特征_OR组领取路径	自我动作实现模块.ixx:193	9	按函数名执行对应处理。		自我动作实现模块.ixx:193;自我动作实现模块.ixx:7144;自我动作实现模块.ixx:7148;自我动作实现模块.ixx:7157;自我动作实现模块.ixx:12199;自我动作实现模块.ixx:12568;自我动作实现模块.ixx:12617;自我动作实现模块.ixx:12648;自我动作实现模块.ixx:12665
yes	方法状态_好用	方法状态_好用	自我动作实现模块.ixx:2156	9	按函数名执行对应处理。		自我动作实现.外设模块.ixx:5719;自我动作实现.外设模块.ixx:8519;自我动作实现.外设模块.ixx:8994;自我动作实现模块.ixx:2156;自我动作实现模块.ixx:3586;自我动作实现模块.ixx:4135;自我动作实现模块.ixx:5807;自我动作实现模块.ixx:9570;自我动作实现模块.ixx:9919
yes	抽象条件场景	抽象条件场景	自我动作实现模块.ixx:3139	9	按函数名执行对应处理。		自我动作实现.外设模块.ixx:8260;自我动作实现.外设模块.ixx:8282;自我动作实现.外设模块.ixx:9251;自我动作实现模块.ixx:3139;自我动作实现模块.ixx:3161;自我动作实现模块.ixx:3649;自我动作实现模块.ixx:3835;自我动作实现模块.ixx:4406;自我动作实现模块.ixx:4864
yes	指针若为基础信息节点	指针若为基础信息节点	自我动作实现模块.ixx:4512	9	按函数名执行对应处理。		自我动作实现模块.ixx:4512;自我动作实现模块.ixx:4552;自我动作实现模块.ixx:4582;自我动作实现模块.ixx:4628;自我动作实现模块.ixx:4696;自我动作实现模块.ixx:4701;自我动作实现模块.ixx:4706;自我动作实现模块.ixx:5021;自我动作实现模块.ixx:5262
yes	特征_任务参数包	特征_任务参数包	自我动作实现模块.ixx:563	9	按函数名执行对应处理。		自我动作实现.外设模块.ixx:1046;自我动作实现.外设模块.ixx:7867;自我动作实现.外设模块.ixx:7892;自我动作实现.外设模块.ixx:8594;自我动作实现.外设模块.ixx:25398;自我动作实现.外设模块.ixx:25403;自我动作实现模块.ixx:563;自我动作实现模块.ixx:3915;自我动作实现模块.ixx:4775
yes	复制输入指针到候选实参	复制输入指针到候选实参	自我动作实现模块.ixx:6070	9	按函数名执行对应处理。		自我动作实现模块.ixx:6070;自我动作实现模块.ixx:6751;自我动作实现模块.ixx:6759;自我动作实现模块.ixx:6767;自我动作实现模块.ixx:6775;自我动作实现模块.ixx:6783;自我动作实现模块.ixx:6791;自我动作实现模块.ixx:6799;自我动作实现模块.ixx:6807
yes	特征_样本次数	特征_样本次数	自我动作实现模块.ixx:654	9	按函数名执行对应处理。		自我动作实现.外设模块.ixx:1137;自我动作实现模块.ixx:654;自我动作实现模块.ixx:3710;自我动作实现模块.ixx:3714;自我动作实现模块.ixx:3802;自我动作实现模块.ixx:3807;自我动作实现模块.ixx:9442;自我动作实现模块.ixx:9900;自我动作实现模块.ixx:10018
yes	确认双目相机控制规格	确认双目相机控制规格	自我动作实现模块.ixx:7347	9	确认候选事实、存在、状态或运行结果。		自我动作实现.外设模块.ixx:15202;自我动作实现.外设模块.ixx:17526;自我动作实现.外设模块.ixx:17606;自我动作实现.外部模块.ixx:16;自我动作实现.外部模块.ixx:22;自我动作实现模块.ixx:7347;自我动作实现模块.ixx:7353;自我动作实现模块.ixx:8307;自我动作实现模块.ixx:8309
yes	确认服务绑定任务字段规格	确认服务绑定任务字段规格	自我动作实现模块.ixx:8007	9	建立对象、任务、方法或因果之间的绑定关系。		自我动作实现模块.ixx:8007;自我动作实现模块.ixx:8042;自我动作实现模块.ixx:8056;自我动作实现模块.ixx:8070;自我动作实现模块.ixx:8084;自我动作实现模块.ixx:8098;自我动作实现模块.ixx:8112;自我动作实现模块.ixx:8126;自我动作实现模块.ixx:8140
yes	值_参数绑定失败	值_参数绑定失败	自我动作实现模块.ixx:835	9	建立对象、任务、方法或因果之间的绑定关系。		自我动作实现.外设模块.ixx:1311;自我动作实现.外设模块.ixx:8550;自我动作实现.外设模块.ixx:8560;自我动作实现模块.ixx:835;自我动作实现模块.ixx:3873;自我动作实现模块.ixx:5211;自我动作实现模块.ixx:9013;自我动作实现模块.ixx:9275;自我动作实现模块.ixx:9986
yes	私有_解析根特征必要条件宿主_线程侧	私有_解析根特征必要条件宿主_线程侧	自我线程模块.impl.cpp:11025	9	解析输入文本、消息、场景或运行包。		自我线程模块.impl.cpp:11025;自我线程模块.impl.cpp:11074;自我线程模块.impl.cpp:11276;自我线程模块.impl.cpp:11585;自我线程模块.impl.cpp:11681;自我线程模块.impl.cpp:11948;自我线程模块.impl.cpp:11999;自我线程模块.impl.cpp:12025;自我线程模块.impl.cpp:12030
yes	私有_切换自我线程生命周期并上报	私有_切换自我线程生命周期并上报	自我线程模块.impl.cpp:13903	9	服务所在模块的内部辅助流程。		自我线程模块.impl.cpp:13903;自我线程模块.impl.cpp:14664;自我线程模块.impl.cpp:14682;自我线程模块.impl.cpp:14775;自我线程模块.impl.cpp:14814;自我线程模块.impl.cpp:15430;自我线程模块.impl.cpp:15462;自我线程模块.impl.cpp:15480;自我线程模块.impl.cpp:15515
yes	私有_状态特征节点_线程侧	私有_状态特征节点_线程侧	自我线程模块.impl.cpp:2882	9	服务所在模块的内部辅助流程。		自我线程模块.impl.cpp:2882;自我线程模块.impl.cpp:3014;自我线程模块.impl.cpp:3019;自我线程模块.impl.cpp:3241;自我线程模块.impl.cpp:3381;自我线程模块.impl.cpp:3419;自我线程模块.impl.cpp:4960;自我线程模块.impl.cpp:5068;自我线程模块.impl.cpp:5070
yes	私有_按主键解析需求节点	私有_按主键解析需求节点	自我线程模块.impl.cpp:3490	9	解析输入文本、消息、场景或运行包。		自我线程模块.impl.cpp:3490;自我线程模块.impl.cpp:3515;自我线程模块.impl.cpp:3536;自我线程模块.impl.cpp:3664;自我线程模块.impl.cpp:3700;自我线程模块.impl.cpp:8289;自我线程模块.impl.cpp:8435;自我线程模块.impl.cpp:13370;自我线程模块.impl.cpp:13432
yes	私有_读取状态I64值_线程侧	私有_读取状态I64值_线程侧	自我线程模块.impl.cpp:4810	9	从指定来源读取数据或状态。		自我线程模块.impl.cpp:4810;自我线程模块.impl.cpp:4869;自我线程模块.impl.cpp:4870;自我线程模块.impl.cpp:4871;自我线程模块.impl.cpp:5016;自我线程模块.impl.cpp:5017;自我线程模块.impl.cpp:5173;自我线程模块.impl.cpp:5174;自我线程模块.impl.cpp:8485
yes	私有_移除正式结算缺失证据_线程侧	私有_移除正式结算缺失证据_线程侧	自我线程模块.impl.cpp:4915	9	结算任务、需求、价值或结果贡献。		自我线程模块.impl.cpp:1216;自我线程模块.impl.cpp:4539;自我线程模块.impl.cpp:4915;自我线程模块.impl.cpp:5110;自我线程模块.impl.cpp:5115;自我线程模块.impl.cpp:5118;自我线程模块.impl.cpp:5127;自我线程模块.impl.cpp:7361;自我线程模块.impl.cpp:7843
yes	私有_构造自检缺口候选文本	私有_构造自检缺口候选文本	自检线程模块.impl.cpp:1284	9	服务所在模块的内部辅助流程。		自检线程模块.impl.cpp:1284;自检线程模块.impl.cpp:1333;自检线程模块.impl.cpp:1735;自检线程模块.impl.cpp:1851;自检线程模块.impl.cpp:1900;自检线程模块.impl.cpp:1942;自检线程模块.impl.cpp:1986;自检线程模块.impl.cpp:2021;自检线程模块.impl.cpp:2074
yes	需求类::解析需求主体	解析需求主体	需求类.cpp:1546	9	解析需求主体，不创建或修改节点。		任务模块.筹办.ixx:766;任务模块.管理界面线程.impl.cpp:1898;自我线程模块.impl.cpp:6110;自我线程模块.impl.cpp:8054;自我线程模块.impl.cpp:8232;自我线程模块.impl.cpp:8372;自我线程模块.impl.cpp:8667;自我线程模块.impl.cpp:13226;需求类.cpp:1546
yes	需求类::读取需求目标状态引用	读取需求目标状态引用	需求类.cpp:1577	9	读取需求目标状态引用，不修改需求树。		任务模块.筹办.ixx:613;任务模块.筹办.ixx:763;任务模块.筹办.ixx:826;任务模块.管理界面线程.impl.cpp:2023;任务模块.管理界面线程.impl.cpp:8297;自我线程模块.impl.cpp:5726;自我线程模块.impl.cpp:5840;自我线程模块.impl.cpp:10101;需求类.cpp:1577
yes	需求类::读取需求安全权重	读取需求安全权重	需求类.cpp:1756	9	读取需求安全权重，不修改需求树。		任务模块.筹办.ixx:941;任务模块.筹办.ixx:1100;任务模块.管理界面线程.impl.cpp:1919;任务类.cpp:738;自我类.cpp:2267;自我线程模块.impl.cpp:3770;自我线程模块.impl.cpp:5745;自我线程模块.impl.cpp:6008;需求类.cpp:1756
yes	需求类::读取需求服务权重	读取需求服务权重	需求类.cpp:1764	9	读取需求服务权重，不修改需求树。		任务模块.筹办.ixx:942;任务模块.筹办.ixx:1101;任务模块.管理界面线程.impl.cpp:1920;任务类.cpp:734;自我类.cpp:2264;自我线程模块.impl.cpp:3771;自我线程模块.impl.cpp:5746;自我线程模块.impl.cpp:6007;需求类.cpp:1764
yes	需求类::来源需求有安全方向	来源需求有安全方向	需求类.cpp:1846	9	判断来源需求是否携带安全方向，不修改需求树。		任务模块.管理界面线程.impl.cpp:4496;因果类.cpp:927;因果类.cpp:1038;因果类.cpp:1047;自我线程模块.impl.cpp:6291;自我线程模块.impl.cpp:9352;自我线程模块.impl.cpp:10366;自我线程模块.impl.cpp:13261;需求类.cpp:1846
yes	需求类::来源需求有服务方向	来源需求有服务方向	需求类.cpp:1852	9	判断来源需求是否携带服务方向，不修改需求树。		任务模块.管理界面线程.impl.cpp:4497;因果类.cpp:928;因果类.cpp:1042;因果类.cpp:1047;自我线程模块.impl.cpp:6292;自我线程模块.impl.cpp:9357;自我线程模块.impl.cpp:10369;自我线程模块.impl.cpp:13262;需求类.cpp:1852
yes	私有_确保自我环境已初始化	私有_确保自我环境已初始化	鱼巢.cpp:1323	9	初始化相关对象、状态或运行上下文。		鱼巢.cpp:106;鱼巢.cpp:1323;鱼巢.cpp:2015;鱼巢.cpp:2032;鱼巢.cpp:2043;鱼巢.cpp:2058;鱼巢.cpp:2084;鱼巢.cpp:2098;鱼巢.cpp:2271
yes	D455_写入报告Tracker轨迹状态	D455_写入报告Tracker轨迹状态	外设线程_D455深度相机.ixx:1091	9	把处理结果写入指定对象、场景或日志。	constructor_like	外设线程_D455深度相机.ixx:1091;外设线程_D455深度相机.ixx:1266;外设线程_D455深度相机.ixx:1271;外设线程_D455深度相机.ixx:1276;外设线程_D455深度相机.ixx:1281;外设线程_D455深度相机.ixx:1286;外设线程_D455深度相机.ixx:2176;外设线程_D455深度相机.ixx:2228;外设线程_D455深度相机.ixx:2233
yes	D455_截断日志文本	D455_截断日志文本	外设线程_D455深度相机.ixx:2506	9	按函数名执行对应处理。	constructor_like	外设线程_D455深度相机.ixx:2506;外设线程_D455深度相机.ixx:2603;外设线程_D455深度相机.ixx:2610;外设线程_D455深度相机.ixx:2623;外设线程_D455深度相机.ixx:2624;外设线程_D455深度相机.ixx:2626;外设线程_D455深度相机.ixx:2627;外设线程_D455深度相机.ixx:2632;外设线程_D455深度相机.ixx:2667
yes	关系目标特征类型参数	关系目标特征类型参数	方法主信息类.h:156	9	按函数名执行对应处理。	header_definition	任务模块.筹办.ixx:2885;任务模块.筹办.ixx:3511;任务模块.筹办.ixx:3840;方法主信息类.h:156;方法类.cpp:389;方法类.cpp:440;方法类.cpp:440;方法类.cpp:463;方法类.cpp:1830
yes	取VecU只读指针	取VecU只读指针	特征值类.h:115	9	按函数名执行对应处理。	header_definition	世界树类.cpp:1575;世界树类.cpp:3672;世界树类.cpp:3697;世界树类.cpp:3941;世界树类.cpp:3942;世界树类.h:43;任务类.cpp:1476;方法类.cpp:2753;特征值类.h:115
yes	哈希VecIU64	哈希VecIU64	特征值类.h:234	9	按函数名执行对应处理。	header_definition	特征值类.h:96;特征值类.h:106;特征值类.h:135;特征值类.h:144;特征值类.h:161;特征值类.h:216;特征值类.h:234;特征值类.h:243;特征值类.h:398
yes	私有_取节点键	私有_取节点键	二次特征应用模块.ixx:626	10	服务所在模块的内部辅助流程。		二次特征应用模块.ixx:626;二次特征应用模块.ixx:2202;二次特征应用模块.ixx:2202;二次特征应用模块.ixx:2687;二次特征应用模块.ixx:2687;二次特征应用模块.ixx:2705;二次特征应用模块.ixx:2705;二次特征应用模块.ixx:2758;二次特征应用模块.ixx:2758;二次特征应用模块.ixx:3011
yes	同步任务管理上行消息语义槽	同步任务管理上行消息语义槽	任务模块.工作线程消息协议.ixx:399	10	同步线程、任务、场景或对象之间的状态。		任务模块.工作线程消息协议.ixx:399;任务模块.管理工作线程.ixx:1018;任务模块.管理工作线程.ixx:2661;任务模块.管理工作线程.ixx:2732;任务模块.管理工作线程.ixx:2772;任务模块.管理工作线程.ixx:3520;任务模块.管理工作线程.ixx:3688;任务模块.管理界面线程.impl.cpp:4518;任务模块.管理界面线程.impl.cpp:6122;自我线程模块.消息协议.ixx:1781
yes	特征_执行差值	特征_执行差值	任务模块.筹办.ixx:3165	10	执行任务、方法或动作的主体逻辑。		任务模块.筹办.ixx:3165;任务模块.筹办.ixx:4632;自我动作实现.外设模块.ixx:5354;自我动作实现模块.ixx:1770;自我动作实现模块.ixx:5764;自我动作实现模块.ixx:5772;自我动作实现模块.ixx:5855;自我动作实现模块.ixx:6828;自我动作实现模块.ixx:6833;自我动作实现模块.ixx:6843
yes	私有_写入任务指针特征	私有_写入任务指针特征	任务类.cpp:639	10	把处理结果写入指定对象、场景或日志。		任务类.cpp:639;任务类.cpp:1609;任务类.cpp:1610;任务类.cpp:1611;任务类.cpp:1612;任务类.cpp:1676;任务类.cpp:1677;任务类.cpp:2033;任务类.cpp:2087;任务类.cpp:2105
yes	稳定时钟耗时微秒	稳定时钟耗时微秒	全局共享函数类.ixx:485	10	计算两个 steady_clock 时间点之间的微秒耗时。		全局共享函数类.ixx:485;状态类.cpp:323;状态类.cpp:329;状态类.cpp:338;状态类.cpp:344;状态类.cpp:349;状态类.cpp:355;状态类.cpp:364;状态类.cpp:369;状态类.cpp:374
yes	私有_特征语义类型	私有_特征语义类型	因果类.cpp:822	10	服务所在模块的内部辅助流程。		因果类.cpp:822;因果类.cpp:832;因果类.cpp:875;因果类.cpp:896;因果类.cpp:912;因果类.cpp:943;因果类.cpp:956;因果类.cpp:989;因果类.cpp:1071;因果类.cpp:2166
yes	私有_主信息类型文本	私有_主信息类型文本	控制面板类.cpp:1132	10	服务所在模块的内部辅助流程。		控制面板类.cpp:1132;控制面板类.cpp:1220;控制面板类.cpp:2814;控制面板类.cpp:4560;语素类.cpp:157;语素类.cpp:384;语素类.cpp:1492;语素类.cpp:1500;语素类.cpp:1501;语素类.cpp:1502
yes	私有_需求目标特征类型_控制面板	私有_需求目标特征类型_控制面板	控制面板类.cpp:3141	10	服务所在模块的内部辅助流程。		控制面板类.cpp:3141;控制面板类.cpp:3155;控制面板类.cpp:3603;控制面板类.cpp:4129;控制面板类.cpp:4441;控制面板类.cpp:5253;控制面板类.cpp:9802;控制面板类.cpp:9823;控制面板类.cpp:9935;控制面板类.cpp:10023
yes	私有_控制面板任务工作线程显示文本	私有_控制面板任务工作线程显示文本	控制面板类.cpp:6154	10	服务所在模块的内部辅助流程。		控制面板类.cpp:6154;控制面板类.cpp:6188;控制面板类.cpp:6211;控制面板类.cpp:6232;控制面板类.cpp:6251;控制面板类.cpp:6257;控制面板类.cpp:6281;控制面板类.cpp:6282;控制面板类.cpp:6291;控制面板类.cpp:6292
yes	私有_追加SQL控制面板行集JSON	私有_追加SQL控制面板行集JSON	控制面板类.cpp:7142	10	把 SQL 控制面板行集输出为 JSON 二维数组。		控制面板类.cpp:7142;控制面板类.cpp:7179;控制面板类.cpp:7193;控制面板类.cpp:7195;控制面板类.cpp:7209;控制面板类.cpp:7225;控制面板类.cpp:7227;控制面板类.cpp:7282;控制面板类.cpp:7388;控制面板类.cpp:7390
yes	私有_树节点子项JSON	私有_树节点子项JSON	控制面板类.cpp:9425	10	服务所在模块的内部辅助流程。		控制面板类.cpp:9425;控制面板类.cpp:10557;控制面板类.cpp:10572;控制面板类.cpp:10586;控制面板类.cpp:10600;控制面板类.cpp:10660;控制面板类.cpp:10685;控制面板类.cpp:10709;控制面板类.cpp:10734;控制面板类.cpp:10757
yes	g_inited	g_inited	日志模块.ixx:430	10	按函数名执行对应处理。		日志模块.ixx:430;日志模块.ixx:460;日志模块.ixx:464;日志模块.ixx:475;日志模块.ixx:483;日志模块.ixx:490;日志模块.ixx:503;日志模块.ixx:506;日志模块.ixx:667;日志模块.ixx:670
yes	查询	查询	本能动作管理类.ixx:614	10	按函数名执行对应处理。		任务模块.执行.ixx:598;动作线程类.ixx:177;本能动作管理类.ixx:614;本能动作管理类.ixx:654;本能动作管理类.ixx:865;自我动作实现.外设模块.ixx:8452;自我动作实现模块.ixx:3438;自检线程模块.impl.cpp:223;自检线程模块.impl.cpp:224;自检线程模块.impl.cpp:1115
yes	特征_绑定参数数量	特征_绑定参数数量	自我动作实现.外设模块.ixx:1854	10	建立对象、任务、方法或因果之间的绑定关系。		自我动作实现.外设模块.ixx:1854;自我动作实现模块.ixx:1378;自我动作实现模块.ixx:4923;自我动作实现模块.ixx:5786;自我动作实现模块.ixx:6697;自我动作实现模块.ixx:6733;自我动作实现模块.ixx:6857;自我动作实现模块.ixx:7244;自我动作实现模块.ixx:9052;自我动作实现模块.ixx:10026
yes	值_输入条件包绑定失败	值_输入条件包绑定失败	自我动作实现.外设模块.ixx:2036	10	建立对象、任务、方法或因果之间的绑定关系。		自我动作实现.外设模块.ixx:2036;自我动作实现模块.ixx:1560;自我动作实现模块.ixx:4906;自我动作实现模块.ixx:8918;自我动作实现模块.ixx:9260;自我动作实现模块.ixx:9587;自我动作实现模块.ixx:10939;自我动作实现模块.ixx:11947;自我动作实现模块.ixx:12031;自我动作实现模块.ixx:12376
yes	读取提交入口上游动作动态	读取提交入口上游动作动态	自我动作实现.外设模块.ixx:23119	10	从指定来源读取数据或状态。		自我动作实现.外设模块.ixx:23119;自我动作实现.外设模块.ixx:23139;自我动作实现.外设模块.ixx:23146;自我动作实现.外设模块.ixx:23151;自我动作实现.外设模块.ixx:23155;自我动作实现.外设模块.ixx:23623;自我动作实现.外设模块.ixx:24360;自我动作实现.外设模块.ixx:24537;自我动作实现.外设模块.ixx:24543;自我动作实现.外设模块.ixx:24710
yes	读取提交入口上游动作动态	读取提交入口上游动作动态	自我动作实现.外设模块.ixx:23139	10	从指定来源读取数据或状态。		自我动作实现.外设模块.ixx:23119;自我动作实现.外设模块.ixx:23139;自我动作实现.外设模块.ixx:23146;自我动作实现.外设模块.ixx:23151;自我动作实现.外设模块.ixx:23155;自我动作实现.外设模块.ixx:23623;自我动作实现.外设模块.ixx:24360;自我动作实现.外设模块.ixx:24537;自我动作实现.外设模块.ixx:24543;自我动作实现.外设模块.ixx:24710
yes	特征_当前观察帧	特征_当前观察帧	自我动作实现.外设模块.ixx:2379	10	按函数名执行对应处理。		自我动作实现.外设模块.ixx:2379;自我动作实现.外设模块.ixx:12002;自我动作实现.外设模块.ixx:12130;自我动作实现.外设模块.ixx:12492;自我动作实现.外设模块.ixx:14889;自我动作实现.外设模块.ixx:15021;自我动作实现.外设模块.ixx:15322;自我动作实现.外设模块.ixx:15336;自我动作实现.外设模块.ixx:16804;自我动作实现.外设模块.ixx:17838
yes	特征_质量可用状态	特征_质量可用状态	自我动作实现.外设模块.ixx:2596	10	按函数名执行对应处理。		自我动作实现.外设模块.ixx:2596;自我动作实现.外设模块.ixx:9657;自我动作实现.外设模块.ixx:12024;自我动作实现.外设模块.ixx:12189;自我动作实现.外设模块.ixx:12224;自我动作实现.外设模块.ixx:15583;自我动作实现.外设模块.ixx:15594;自我动作实现.外设模块.ixx:16650;自我动作实现.外设模块.ixx:18443;自我动作实现.外设模块.ixx:18475
yes	特征_观察帧质量诊断摘要	特征_观察帧质量诊断摘要	自我动作实现.外设模块.ixx:2995	10	按函数名执行对应处理。		自我动作实现.外设模块.ixx:2995;自我动作实现.外设模块.ixx:12071;自我动作实现.外设模块.ixx:12191;自我动作实现.外设模块.ixx:12711;自我动作实现.外设模块.ixx:14934;自我动作实现.外设模块.ixx:15066;自我动作实现.外设模块.ixx:15387;自我动作实现.外设模块.ixx:15426;自我动作实现.外设模块.ixx:15585;自我动作实现.外设模块.ixx:17215
yes	特征_补观察缺失原因	特征_补观察缺失原因	自我动作实现.外设模块.ixx:3247	10	按函数名执行对应处理。		自我动作实现.外设模块.ixx:3247;自我动作实现.外设模块.ixx:12095;自我动作实现.外设模块.ixx:12206;自我动作实现.外设模块.ixx:12783;自我动作实现.外设模块.ixx:14958;自我动作实现.外设模块.ixx:15090;自我动作实现.外设模块.ixx:15414;自我动作实现.外设模块.ixx:15592;自我动作实现.外设模块.ixx:17223;自我动作实现.外设模块.ixx:25264
yes	特征_内部世界	特征_内部世界	自我动作实现.外设模块.ixx:3373	10	按函数名执行对应处理。		自我动作实现.外设模块.ixx:3373;自我动作实现.外设模块.ixx:13972;自我动作实现.外设模块.ixx:14043;自我动作实现.外设模块.ixx:14083;自我动作实现.外设模块.ixx:14118;自我动作实现.外设模块.ixx:14183;自我动作实现.外设模块.ixx:16981;自我动作实现.外设模块.ixx:16986;自我动作实现.外设模块.ixx:25684;自我动作实现.外设模块.ixx:25874
yes	特征_跟踪基准特征状态	特征_跟踪基准特征状态	自我动作实现.外设模块.ixx:4619	10	执行跟踪相关定位、匹配或结果输出逻辑。		自我动作实现.外设模块.ixx:4619;自我动作实现.外设模块.ixx:16235;自我动作实现.外设模块.ixx:16243;自我动作实现.外设模块.ixx:16262;自我动作实现.外设模块.ixx:21792;自我动作实现.外设模块.ixx:21957;自我动作实现.外设模块.ixx:22029;自我动作实现.外设模块.ixx:22101;自我动作实现.外设模块.ixx:23964;自我动作实现.外设模块.ixx:23977
yes	特征_外设观察材料可回查状态	特征_外设观察材料可回查状态	自我动作实现.外设模块.ixx:4752	10	按函数名执行对应处理。		自我动作实现.外设模块.ixx:4752;自我动作实现.外设模块.ixx:13764;自我动作实现.外设模块.ixx:16129;自我动作实现.外设模块.ixx:16457;自我动作实现.外设模块.ixx:16485;自我动作实现.外设模块.ixx:16536;自我动作实现.外设模块.ixx:21627;自我动作实现.外设模块.ixx:22406;自我动作实现.外设模块.ixx:22442;自我动作实现.外设模块.ixx:23553
yes	特征_外设观察存在候选确认可提交数量	特征_外设观察存在候选确认可提交数量	自我动作实现.外设模块.ixx:4857	10	提交事实、动态、任务状态或运行回执。		自我动作实现.外设模块.ixx:4857;自我动作实现.外设模块.ixx:16142;自我动作实现.外设模块.ixx:16546;自我动作实现.外设模块.ixx:16569;自我动作实现.外设模块.ixx:21441;自我动作实现.外设模块.ixx:21538;自我动作实现.外设模块.ixx:21623;自我动作实现.外设模块.ixx:22691;自我动作实现.外设模块.ixx:23339;自我动作实现.外设模块.ixx:23343
yes	特征_当前观察范围可观测单位存在稳定对应事实取得状态	特征_当前观察范围可观测单位存在稳定对应事实取得状态	自我动作实现.外设模块.ixx:5025	10	取得指定对象、状态或运行材料。		自我动作实现.外设模块.ixx:5025;自我动作实现.外设模块.ixx:16157;自我动作实现.外设模块.ixx:16209;自我动作实现.外设模块.ixx:16310;自我动作实现.外设模块.ixx:16322;自我动作实现.外设模块.ixx:21450;自我动作实现.外设模块.ixx:21489;自我动作实现.外设模块.ixx:23538;自我动作实现.外设模块.ixx:24090;自我动作实现.外设模块.ixx:24133
yes	特征_执行差值	特征_执行差值	自我动作实现.外设模块.ixx:5354	10	执行任务、方法或动作的主体逻辑。		任务模块.筹办.ixx:3165;任务模块.筹办.ixx:4632;自我动作实现.外设模块.ixx:5354;自我动作实现模块.ixx:1770;自我动作实现模块.ixx:5764;自我动作实现模块.ixx:5772;自我动作实现模块.ixx:5855;自我动作实现模块.ixx:6828;自我动作实现模块.ixx:6833;自我动作实现模块.ixx:6843
yes	特征_方法补齐类别	特征_方法补齐类别	自我动作实现.外设模块.ixx:5557	10	补齐条件、参数、证据或方法能力缺口。		自我动作实现.外设模块.ixx:5557;自我动作实现模块.ixx:1973;自我动作实现模块.ixx:5776;自我动作实现模块.ixx:6999;自我动作实现模块.ixx:7071;自我动作实现模块.ixx:8871;自我动作实现模块.ixx:9024;自我动作实现模块.ixx:9214;自我动作实现模块.ixx:9286;自我动作实现模块.ixx:10000
yes	特征_场景存在集合明确状态	特征_场景存在集合明确状态	自我动作实现.外设模块.ixx:5834	10	按函数名执行对应处理。		自我动作实现.外设模块.ixx:5834;自我动作实现.外设模块.ixx:15644;自我动作实现.外设模块.ixx:15851;自我动作实现.外设模块.ixx:15950;自我动作实现.外设模块.ixx:16007;自我动作实现.外设模块.ixx:16577;自我动作实现.外设模块.ixx:16607;自我动作实现.外设模块.ixx:18637;自我动作实现.外设模块.ixx:19043;自我动作实现.外设模块.ixx:23009
yes	特征_运行参数	特征_运行参数	自我动作实现.外设模块.ixx:675	10	执行对应模块、线程或方法的运行逻辑。		自我动作实现.外设模块.ixx:675;自我动作实现.外设模块.ixx:7831;自我动作实现.外设模块.ixx:8255;自我动作实现.外设模块.ixx:25397;自我动作实现.外设模块.ixx:25402;自我动作实现.服务模块.ixx:61;自我动作实现.服务模块.ixx:1206;自我动作实现模块.ixx:102;自我动作实现模块.ixx:2837;自我动作实现模块.ixx:3134
yes	特征_形参表	特征_形参表	自我动作实现.外设模块.ixx:703	10	按函数名执行对应处理。		自我动作实现.外设模块.ixx:703;自我动作实现.外设模块.ixx:8355;自我动作实现.服务模块.ixx:69;自我动作实现.服务模块.ixx:1781;自我动作实现模块.ixx:130;自我动作实现模块.ixx:3234;自我动作实现模块.ixx:6547;自我动作实现模块.ixx:6704;自我动作实现模块.ixx:6714;自我动作实现模块.ixx:8690
yes	写入宿主I64特征派生需求	写入宿主I64特征派生需求	自我动作实现.外设模块.ixx:8068	10	把处理结果写入指定对象、场景或日志。		自我动作实现.外设模块.ixx:8068;自我动作实现.外设模块.ixx:18556;自我动作实现.外设模块.ixx:19058;自我动作实现.外设模块.ixx:20851;自我动作实现.外设模块.ixx:20861;自我动作实现.外设模块.ixx:21639;自我动作实现.外设模块.ixx:22075;自我动作实现.外设模块.ixx:22532;自我动作实现.外设模块.ixx:22721;自我动作实现.外设模块.ixx:23550
yes	确保方法结果能力方向	确保方法结果能力方向	自我动作实现.外设模块.ixx:8313	10	确保目标结构、状态或前置条件存在并可用。		自我动作实现.外设模块.ixx:8313;自我动作实现.外设模块.ixx:15257;自我动作实现.外设模块.ixx:16180;自我动作实现.外设模块.ixx:16185;自我动作实现.外设模块.ixx:16189;自我动作实现.外设模块.ixx:17107;自我动作实现.外设模块.ixx:17142;自我动作实现模块.ixx:3192;自我动作实现模块.ixx:7204;自我动作实现模块.ixx:8028
yes	特征_任务状态	特征_任务状态	自我动作实现.外设模块.ixx:906	10	按函数名执行对应处理。		自我动作实现.外设模块.ixx:906;自我动作实现模块.ixx:410;自我动作实现模块.ixx:7119;自我动作实现模块.ixx:7181;自我动作实现模块.ixx:7195;自我动作实现模块.ixx:7210;自我动作实现模块.ixx:10326;自我动作实现模块.ixx:10327;自我动作实现模块.ixx:12330;自我动作实现模块.ixx:12467
yes	观察事实布尔状态	观察事实布尔状态	自我动作实现.外设模块.ixx:9442	10	按函数名执行对应处理。		自我动作实现.外设模块.ixx:9442;自我动作实现.外设模块.ixx:9531;自我动作实现.外设模块.ixx:9532;自我动作实现.外设模块.ixx:9536;自我动作实现.外设模块.ixx:9542;自我动作实现.外设模块.ixx:9545;自我动作实现.外设模块.ixx:9550;自我动作实现.外设模块.ixx:9558;自我动作实现.外设模块.ixx:9569;自我动作实现.外设模块.ixx:9581
yes	读取任务虚拟存在	读取任务虚拟存在	自我动作实现.服务模块.ixx:1272	10	从指定来源读取数据或状态。		自我动作实现.服务模块.ixx:1272;自我动作实现.服务模块.ixx:1280;自我动作实现.服务模块.ixx:1626;自我动作实现.服务模块.ixx:1720;自我动作实现.服务模块.ixx:1894;自我动作实现.服务模块.ixx:1913;自我动作实现.服务模块.ixx:2560;自我动作实现.服务模块.ixx:3121;自我动作实现.服务模块.ixx:3204;自我线程模块.impl.cpp:1836
yes	读取任务虚拟存在宿主	读取任务虚拟存在宿主	自我动作实现.服务模块.ixx:1278	10	从指定来源读取数据或状态。		自我动作实现.服务模块.ixx:1278;自我动作实现.服务模块.ixx:1296;自我动作实现.服务模块.ixx:1851;自我动作实现.服务模块.ixx:1979;自我动作实现.服务模块.ixx:1993;自我动作实现.服务模块.ixx:2023;自我动作实现.服务模块.ixx:2114;自我动作实现.服务模块.ixx:2233;自我动作实现.服务模块.ixx:2426;自我线程模块.impl.cpp:1320
yes	特征_运行参数	特征_运行参数	自我动作实现.服务模块.ixx:61	10	执行对应模块、线程或方法的运行逻辑。		自我动作实现.外设模块.ixx:675;自我动作实现.外设模块.ixx:7831;自我动作实现.外设模块.ixx:8255;自我动作实现.外设模块.ixx:25397;自我动作实现.外设模块.ixx:25402;自我动作实现.服务模块.ixx:61;自我动作实现.服务模块.ixx:1206;自我动作实现模块.ixx:102;自我动作实现模块.ixx:2837;自我动作实现模块.ixx:3134
yes	特征_形参表	特征_形参表	自我动作实现.服务模块.ixx:69	10	按函数名执行对应处理。		自我动作实现.外设模块.ixx:703;自我动作实现.外设模块.ixx:8355;自我动作实现.服务模块.ixx:69;自我动作实现.服务模块.ixx:1781;自我动作实现模块.ixx:130;自我动作实现模块.ixx:3234;自我动作实现模块.ixx:6547;自我动作实现模块.ixx:6704;自我动作实现模块.ixx:6714;自我动作实现模块.ixx:8690
yes	特征_运行参数	特征_运行参数	自我动作实现模块.ixx:102	10	执行对应模块、线程或方法的运行逻辑。		自我动作实现.外设模块.ixx:675;自我动作实现.外设模块.ixx:7831;自我动作实现.外设模块.ixx:8255;自我动作实现.外设模块.ixx:25397;自我动作实现.外设模块.ixx:25402;自我动作实现.服务模块.ixx:61;自我动作实现.服务模块.ixx:1206;自我动作实现模块.ixx:102;自我动作实现模块.ixx:2837;自我动作实现模块.ixx:3134
yes	特征_形参表	特征_形参表	自我动作实现模块.ixx:130	10	按函数名执行对应处理。		自我动作实现.外设模块.ixx:703;自我动作实现.外设模块.ixx:8355;自我动作实现.服务模块.ixx:69;自我动作实现.服务模块.ixx:1781;自我动作实现模块.ixx:130;自我动作实现模块.ixx:3234;自我动作实现模块.ixx:6547;自我动作实现模块.ixx:6704;自我动作实现模块.ixx:6714;自我动作实现模块.ixx:8690
yes	特征_绑定参数数量	特征_绑定参数数量	自我动作实现模块.ixx:1378	10	建立对象、任务、方法或因果之间的绑定关系。		自我动作实现.外设模块.ixx:1854;自我动作实现模块.ixx:1378;自我动作实现模块.ixx:4923;自我动作实现模块.ixx:5786;自我动作实现模块.ixx:6697;自我动作实现模块.ixx:6733;自我动作实现模块.ixx:6857;自我动作实现模块.ixx:7244;自我动作实现模块.ixx:9052;自我动作实现模块.ixx:10026
yes	值_输入条件包绑定失败	值_输入条件包绑定失败	自我动作实现模块.ixx:1560	10	建立对象、任务、方法或因果之间的绑定关系。		自我动作实现.外设模块.ixx:2036;自我动作实现模块.ixx:1560;自我动作实现模块.ixx:4906;自我动作实现模块.ixx:8918;自我动作实现模块.ixx:9260;自我动作实现模块.ixx:9587;自我动作实现模块.ixx:10939;自我动作实现模块.ixx:11947;自我动作实现模块.ixx:12031;自我动作实现模块.ixx:12376
yes	特征_执行差值	特征_执行差值	自我动作实现模块.ixx:1770	10	执行任务、方法或动作的主体逻辑。		任务模块.筹办.ixx:3165;任务模块.筹办.ixx:4632;自我动作实现.外设模块.ixx:5354;自我动作实现模块.ixx:1770;自我动作实现模块.ixx:5764;自我动作实现模块.ixx:5772;自我动作实现模块.ixx:5855;自我动作实现模块.ixx:6828;自我动作实现模块.ixx:6833;自我动作实现模块.ixx:6843
yes	特征_方法补齐类别	特征_方法补齐类别	自我动作实现模块.ixx:1973	10	补齐条件、参数、证据或方法能力缺口。		自我动作实现.外设模块.ixx:5557;自我动作实现模块.ixx:1973;自我动作实现模块.ixx:5776;自我动作实现模块.ixx:6999;自我动作实现模块.ixx:7071;自我动作实现模块.ixx:8871;自我动作实现模块.ixx:9024;自我动作实现模块.ixx:9214;自我动作实现模块.ixx:9286;自我动作实现模块.ixx:10000
yes	特征_方法动作数量	特征_方法动作数量	自我动作实现模块.ixx:2084	10	按函数名执行对应处理。		自我动作实现模块.ixx:2084;自我动作实现模块.ixx:7010;自我动作实现模块.ixx:7024;自我动作实现模块.ixx:8962;自我动作实现模块.ixx:9029;自我动作实现模块.ixx:9116;自我动作实现模块.ixx:9128;自我动作实现模块.ixx:9171;自我动作实现模块.ixx:9291;自我动作实现模块.ixx:9323
yes	确保方法结果能力方向	确保方法结果能力方向	自我动作实现模块.ixx:3192	10	确保目标结构、状态或前置条件存在并可用。		自我动作实现.外设模块.ixx:8313;自我动作实现.外设模块.ixx:15257;自我动作实现.外设模块.ixx:16180;自我动作实现.外设模块.ixx:16185;自我动作实现.外设模块.ixx:16189;自我动作实现.外设模块.ixx:17107;自我动作实现.外设模块.ixx:17142;自我动作实现模块.ixx:3192;自我动作实现模块.ixx:7204;自我动作实现模块.ixx:8028
yes	特征_任务状态	特征_任务状态	自我动作实现模块.ixx:410	10	按函数名执行对应处理。		自我动作实现.外设模块.ixx:906;自我动作实现模块.ixx:410;自我动作实现模块.ixx:7119;自我动作实现模块.ixx:7181;自我动作实现模块.ixx:7195;自我动作实现模块.ixx:7210;自我动作实现模块.ixx:10326;自我动作实现模块.ixx:10327;自我动作实现模块.ixx:12330;自我动作实现模块.ixx:12467
yes	私有_确保存在I64特征已初始化	私有_确保存在I64特征已初始化	自我类.cpp:288	10	初始化相关对象、状态或运行上下文。		自我类.cpp:288;自我类.cpp:330;自我类.cpp:335;自我类.cpp:340;自我类.cpp:345;自我类.cpp:352;自我类.cpp:357;自我类.cpp:362;自我类.cpp:375;自我类.cpp:380
yes	自我特征定义类::类型_自我_可用方法数量	类型_自我_可用方法数量	自我类.特征定义.cpp:355	10	按函数名执行对应处理。		控制面板类.cpp:10087;自我类.cpp:1666;自我类.cpp:1672;自我类.cpp:1717;自我类.cpp:1723;自我类.cpp:1963;自我类.特征定义.cpp:355;自检线程模块.impl.cpp:2032;自检线程模块.impl.cpp:2038;自检线程模块.impl.cpp:2049
yes	上报任务管理上行消息	上报任务管理上行消息	自我线程模块.impl.cpp:17430	10	按函数名执行对应处理。		自我线程模块.impl.cpp:6131;自我线程模块.impl.cpp:8077;自我线程模块.impl.cpp:8253;自我线程模块.impl.cpp:8393;自我线程模块.impl.cpp:8688;自我线程模块.impl.cpp:13968;自我线程模块.impl.cpp:14699;自我线程模块.impl.cpp:17430;自我线程模块.ixx:687;自我线程模块.ixx:788
yes	私有_状态主体基础节点_线程侧	私有_状态主体基础节点_线程侧	自我线程模块.impl.cpp:2970	10	服务所在模块的内部辅助流程。		自我线程模块.impl.cpp:2970;自我线程模块.impl.cpp:2992;自我线程模块.impl.cpp:2997;自我线程模块.impl.cpp:3246;自我线程模块.impl.cpp:3384;自我线程模块.impl.cpp:4959;自我线程模块.impl.cpp:5064;自我线程模块.impl.cpp:5066;自我线程模块.impl.cpp:5975;自我线程模块.impl.cpp:5976
yes	私有_根特征类型文本_线程侧	私有_根特征类型文本_线程侧	自我线程模块.impl.cpp:454	10	服务所在模块的内部辅助流程。		自我线程模块.impl.cpp:454;自我线程模块.impl.cpp:662;自我线程模块.impl.cpp:10853;自我线程模块.impl.cpp:10880;自我线程模块.impl.cpp:11248;自我线程模块.impl.cpp:11251;自我线程模块.impl.cpp:11348;自我线程模块.impl.cpp:11376;自我线程模块.impl.cpp:11431;自我线程模块.impl.cpp:11838
yes	私有_查找子抽象特征_按语素入口_线程侧	私有_查找子抽象特征_按语素入口_线程侧	自我线程模块.impl.cpp:570	10	按条件查找目标对象、方法或事实。		自我线程模块.impl.cpp:570;自我线程模块.impl.cpp:623;自我线程模块.impl.cpp:627;自我线程模块.impl.cpp:638;自我线程模块.impl.cpp:10791;自我线程模块.impl.cpp:10817;自我线程模块.impl.cpp:10820;自我线程模块.impl.cpp:10823;自我线程模块.impl.cpp:10826;自我线程模块.impl.cpp:10829
yes	私有_自检候选父需求域文本_线程侧	私有_自检候选父需求域文本_线程侧	自我线程模块.impl.cpp:8902	10	服务所在模块的内部辅助流程。		自我线程模块.impl.cpp:8902;自我线程模块.impl.cpp:8978;自我线程模块.impl.cpp:8985;自我线程模块.impl.cpp:8992;自我线程模块.impl.cpp:9005;自我线程模块.impl.cpp:9025;自我线程模块.impl.cpp:9052;自我线程模块.impl.cpp:9062;自我线程模块.impl.cpp:9337;自我线程模块.impl.cpp:9395
yes	从动作生成单消息处理结果	从动作生成单消息处理结果	自我线程模块.消息处理器.ixx:209	10	根据当前输入生成目标数据、场景、动态或回执。		自我线程模块.消息处理器.ixx:209;自我线程模块.消息处理器.ixx:338;自我线程模块.消息处理器.ixx:345;自我线程模块.消息处理器.ixx:352;自我线程模块.消息处理器.ixx:359;自我线程模块.消息处理器.ixx:366;自我线程模块.消息处理器.ixx:373;自我线程模块.消息处理器.ixx:380;自我线程模块.消息处理器.ixx:387;自我线程模块.消息处理器.ixx:413
yes	计算消息处理动作	计算消息处理动作	自我线程模块.消息处理器.ixx:228	10	计算权重、状态、差值或派生结果。		自我线程模块.消息处理器.ixx:228;自我线程模块.消息处理器.ixx:338;自我线程模块.消息处理器.ixx:345;自我线程模块.消息处理器.ixx:352;自我线程模块.消息处理器.ixx:359;自我线程模块.消息处理器.ixx:366;自我线程模块.消息处理器.ixx:373;自我线程模块.消息处理器.ixx:380;自我线程模块.消息处理器.ixx:387;自我线程模块.消息处理器.ixx:413
yes	私有_主信息类型文本	私有_主信息类型文本	语素类.cpp:157	10	服务所在模块的内部辅助流程。		控制面板类.cpp:1132;控制面板类.cpp:1220;控制面板类.cpp:2814;控制面板类.cpp:4560;语素类.cpp:157;语素类.cpp:384;语素类.cpp:1492;语素类.cpp:1500;语素类.cpp:1501;语素类.cpp:1502
yes	私有_二次特征基础节点短名	私有_二次特征基础节点短名	语言类_二次特征表达.cpp:264	10	服务所在模块的内部辅助流程。		语言类_二次特征表达.cpp:13;语言类_二次特征表达.cpp:94;语言类_二次特征表达.cpp:95;语言类_二次特征表达.cpp:103;语言类_二次特征表达.cpp:104;语言类_二次特征表达.cpp:227;语言类_二次特征表达.cpp:256;语言类_二次特征表达.cpp:264;语言类_二次特征表达.cpp:301;语言类_二次特征表达.cpp:355
yes	需求类::解析需求场景	解析需求场景	需求类.cpp:1621	10	解析需求场景，不创建或修改节点。		任务模块.管理界面线程.impl.cpp:1214;任务模块.管理界面线程.impl.cpp:1905;任务类.cpp:691;自我线程模块.impl.cpp:6112;自我线程模块.impl.cpp:8056;自我线程模块.impl.cpp:8234;自我线程模块.impl.cpp:8374;自我线程模块.impl.cpp:8669;自我线程模块.impl.cpp:13233;需求类.cpp:1621
yes	需求类::需求阻塞父任务执行	需求阻塞父任务执行	需求类.cpp:1750	10	判断需求是否阻塞父任务执行，不修改需求树。		任务模块.筹办.ixx:893;任务模块.筹办.ixx:940;任务模块.筹办.ixx:983;自我线程模块.impl.cpp:4685;自我线程模块.impl.cpp:5743;自我线程模块.impl.cpp:5776;自我线程模块.impl.cpp:5873;自我线程模块.impl.cpp:6004;自我线程模块.impl.cpp:8449;需求类.cpp:1750
yes	转文本	转文本	动作验证报告类.h:103	10	按函数名执行对应处理。	header_definition	任务模块.管理工作线程.ixx:2026;任务模块.管理工作线程.ixx:2027;任务模块.管理工作线程.ixx:2313;任务模块.管理工作线程.ixx:2314;动作验证报告类.h:80;动作验证报告类.h:103;动作验证报告类.h:210;动作验证报告类.h:211;动作验证报告类.h:235;动作验证报告类.h:236
yes	转文本	转文本	动作验证报告类.h:80	10	按函数名执行对应处理。	header_definition	任务模块.管理工作线程.ixx:2026;任务模块.管理工作线程.ixx:2027;任务模块.管理工作线程.ixx:2313;任务模块.管理工作线程.ixx:2314;动作验证报告类.h:80;动作验证报告类.h:103;动作验证报告类.h:210;动作验证报告类.h:211;动作验证报告类.h:235;动作验证报告类.h:236
yes	获取锁	获取锁	双向链表模板核心.h:166	10	读取并返回指定对象、状态或运行材料。	header_definition	双向链表模板核心.h:166;基础信息类.cpp:54;基础信息类.cpp:88;基础信息类.cpp:107;语素类.cpp:830;语言类.cpp:29;需求类.h:608;需求类.h:618;需求类.h:626;需求类.h:672
yes	添加子节点_已加锁	添加子节点_已加锁	双向链表模板核心.h:303	10	=============================================================...	header_definition	双向链表模板核心.h:303;双向链表模板核心.h:331;双向链表模板核心.h:335;双向链表模板核心.h:339;双向链表模板核心.h:346;特征值类.h:107;语素类.cpp:938;语素类.cpp:1091;语素类.cpp:1142;需求类.h:1173
yes	添加子节点_已加锁	添加子节点_已加锁	双向链表模板核心.h:335	10	按函数名执行对应处理。	header_definition	双向链表模板核心.h:303;双向链表模板核心.h:331;双向链表模板核心.h:335;双向链表模板核心.h:339;双向链表模板核心.h:346;特征值类.h:107;语素类.cpp:938;语素类.cpp:1091;语素类.cpp:1142;需求类.h:1173
yes	删除节点	删除节点	双向链表模板核心.h:535	10	删除指定对象、状态或登记项。	header_definition	二次特征类.cpp:968;动态类.cpp:1270;双向链表模板核心.h:535;场景类.cpp:148;基础信息类.cpp:96;基础信息类.h:32;存在类.cpp:600;特征类.cpp:830;特征类.cpp:2263;状态类.cpp:527
yes	是叶子特征	是叶子特征	基础信息主信息类.h:280	10	按函数名执行对应处理。	header_definition	基础信息主信息类.h:280;基础信息主信息类.h:288;基础信息主信息类.h:310;特征类.cpp:686;特征类.cpp:2388;特征类.cpp:2420;特征类.cpp:2432;特征类.cpp:2514;特征类.cpp:2814;特征类.cpp:2822
yes	有当前值	有当前值	基础信息主信息类.h:366	10	按函数名执行对应处理。	header_definition	基础信息主信息类.h:366;自我动作实现.外设模块.ixx:13842;自我动作实现.服务模块.ixx:1870;自我动作实现.服务模块.ixx:2058;自我动作实现模块.ixx:4574;自我动作实现模块.ixx:5275;自我动作实现模块.ixx:6000;自我动作实现模块.ixx:6373;自我动作实现模块.ixx:6465;自我动作实现模块.ixx:6571
yes	由差值判断方向区间	由差值判断方向区间	基础信息主信息类.h:609	10	判断条件、状态或业务结果是否成立。	header_definition	二次特征应用模块.ixx:228;二次特征应用模块.ixx:360;二次特征应用模块.ixx:1043;二次特征应用模块.ixx:1944;二次特征应用模块.ixx:2017;二次特征类.cpp:414;基础信息主信息类.h:609;基础信息主信息类.h:667;语言类_二次特征表达.cpp:80;需求类.cpp:1165
yes	编码I64为U64_ZigZag	编码I64为U64_ZigZag	基础数据类型.h:623	10	按函数名执行对应处理。	header_definition	基础数据类型.h:623;基础数据类型.h:642;基础数据类型.h:657;基础数据类型.h:685;基础数据类型.h:686;基础数据类型.h:687;基础数据类型.h:688;基础数据类型.h:689;基础数据类型.h:690;基础数据类型.h:691
yes	方法结果变化方向允许方向	方法结果变化方向允许方向	方法主信息类.h:80	10	按函数名执行对应处理。	header_definition	方法主信息类.h:80;方法类.cpp:499;方法类.cpp:2431;方法类.cpp:2446;自我动作实现.外设模块.ixx:8302;自我动作实现.外设模块.ixx:8322;自我动作实现.扫描.ixx:1245;自我动作实现模块.ixx:3181;自我动作实现模块.ixx:3201;自我动作实现模块.ixx:7329
yes	私有_确保缓存_已加锁	私有_确保缓存_已加锁	特征值类.h:200	10	确保目标结构、状态或前置条件存在并可用。	header_definition	特征值类.h:39;特征值类.h:46;特征值类.h:52;特征值类.h:94;特征值类.h:103;特征值类.h:128;特征值类.h:134;特征值类.h:142;特征值类.h:157;特征值类.h:200
yes	私有_方法可执行入口数量特征类型_执行桥_最小_v0	私有_方法可执行入口数量特征类型_执行桥_最小_v0	任务模块.执行.ixx:332	11	执行任务、方法或动作的主体逻辑。		任务模块.执行.ixx:332;任务模块.执行.ixx:469;任务模块.执行.ixx:899;任务模块.筹办.ixx:2571;任务模块.筹办.ixx:5152;任务模块.筹办.ixx:5710;任务模块.筹办.ixx:5726;任务模块.筹办.ixx:5760;任务模块.筹办.ixx:5776;任务模块.管理工作线程.ixx:1263;任务模块.管理工作线程.ixx:1752
yes	方法自我能力值	方法自我能力值	任务模块.筹办.ixx:2234	11	按函数名执行对应处理。		任务模块.筹办.ixx:2234;任务模块.筹办.ixx:2243;任务模块.筹办.ixx:2330;任务模块.筹办.ixx:2385;任务模块.筹办.ixx:2547;任务模块.筹办.ixx:2913;任务模块.筹办.ixx:2998;任务模块.筹办.ixx:4594;任务模块.筹办.ixx:4598;任务模块.筹办.ixx:5355;任务模块.筹办.ixx:5376
yes	成功	成功	任务模块.筹办.ixx:4450	11	按函数名执行对应处理。		任务模块.筹办.ixx:4450;任务模块.筹办.ixx:4984;任务模块.筹办.ixx:5884;自我线程模块.impl.cpp:330;自我线程模块.impl.cpp:685;自我线程模块.impl.cpp:10787;自我线程模块.impl.cpp:11224;自我线程模块.impl.cpp:12253;自我线程模块.impl.cpp:12256;自我线程模块.impl.cpp:12259;自我线程模块.impl.cpp:12262
yes	私有_状态特征类型	私有_状态特征类型	任务模块.管理工作线程.ixx:1620	11	服务所在模块的内部辅助流程。		任务模块.管理工作线程.ixx:1620;任务模块.管理工作线程.ixx:1649;任务模块.管理工作线程.ixx:1652;任务模块.管理工作线程.ixx:1708;任务模块.管理工作线程.ixx:1709;任务模块.管理工作线程.ixx:3090;方法类.cpp:590;方法类.cpp:620;方法类.cpp:621;方法类.cpp:629;方法类.cpp:630
yes	私有_任务推进状况文本	私有_任务推进状况文本	任务模块.管理工作线程.ixx:432	11	服务所在模块的内部辅助流程。		任务模块.管理工作线程.ixx:432;任务模块.管理工作线程.ixx:2051;任务模块.管理工作线程.ixx:2108;任务模块.管理工作线程.ixx:2136;任务模块.管理工作线程.ixx:2495;任务模块.管理工作线程.ixx:2806;任务模块.管理工作线程.ixx:3003;任务模块.管理工作线程.ixx:3151;任务模块.管理工作线程.ixx:3164;任务模块.管理工作线程.ixx:3217;任务模块.管理工作线程.ixx:3318
yes	任务类::读取任务等待缺口唤醒	读取任务等待缺口唤醒	任务类.cpp:2269	11	从指定来源读取数据或状态。		任务模块.管理工作线程.ixx:309;任务模块.管理界面线程.impl.cpp:5686;任务模块.管理界面线程.impl.cpp:5709;任务模块.管理界面线程.impl.cpp:8942;任务模块.管理界面线程.impl.cpp:8975;任务模块.管理界面线程.impl.cpp:9014;任务模块.管理界面线程.impl.cpp:9097;任务模块.管理界面线程.impl.cpp:9198;任务类.cpp:2269;控制面板类.cpp:5540;自我线程模块.impl.cpp:17175
yes	滞回容差I64	滞回容差I64	全局共享函数类.ixx:149	11	按是否启用滞回扩展 I64 容差，启用时增加基础值的一半。		全局共享函数类.ixx:149;外设线程_D455深度相机.ixx:960;外设线程_D455深度相机.ixx:961;外设线程_D455深度相机.ixx:962;外设线程_D455深度相机.ixx:963;外设线程_D455深度相机.ixx:964;外设线程_D455深度相机.ixx:965;外设线程_D455深度相机.ixx:973;外设线程_D455深度相机.ixx:981;外设线程_D455深度相机.ixx:989;外设线程_D455深度相机.ixx:997
yes	限制I64	限制I64	全局共享函数类.ixx:504	11	把 I64 值限制到闭区间范围内。		全局共享函数类.ixx:504;外设线程_D455深度相机.ixx:493;外设线程_D455深度相机.ixx:500;外设线程_D455深度相机.ixx:523;外设线程_D455深度相机.ixx:524;自我动作实现.外设模块.ixx:474;自我动作实现.外设模块.ixx:494;自我动作实现.外设模块.ixx:502;自我动作实现.外设模块.ixx:545;自我动作实现.外设模块.ixx:546;自我动作实现.外设模块.ixx:19656
yes	比例万分比	比例万分比	全局共享函数类.ixx:637	11	计算 size_t 比例的万分比，分母为 0 时返回 0，保持原有未截断比例语义。		全局共享函数类.ixx:637;双目相机本能适配器.cpp:420;双目相机本能适配器.cpp:723;双目相机本能适配器.cpp:724;双目相机本能适配器.cpp:725;双目相机本能适配器.cpp:726;双目相机本能适配器.cpp:1056;双目相机本能适配器.cpp:1057;双目相机本能适配器.cpp:1082;双目相机本能适配器.cpp:1149;双目相机本能适配器.cpp:1154
yes	解析一或零布尔文本	解析一或零布尔文本	全局共享函数类.ixx:900	11	解析数字协议布尔文本；仅文本 `1` 返回 true，其它输入返回 false。		全局共享函数类.ixx:900;线程生命周期消息模块.ixx:309;线程生命周期消息模块.ixx:310;线程生命周期消息模块.ixx:312;线程生命周期消息模块.ixx:313;线程生命周期消息模块.ixx:355;线程生命周期消息模块.ixx:356;线程生命周期消息模块.ixx:358;线程生命周期消息模块.ixx:359;线程生命周期消息模块.ixx:360;线程生命周期消息模块.ixx:361
yes	私有_特征类型词同一_只读词	私有_特征类型词同一_只读词	因果类.cpp:836	11	服务所在模块的内部辅助流程。		因果类.cpp:836;因果类.cpp:881;因果类.cpp:882;因果类.cpp:883;因果类.cpp:884;因果类.cpp:885;因果类.cpp:886;因果类.cpp:887;因果类.cpp:888;因果类.cpp:889;因果类.cpp:890
yes	观察材料等级文本	观察材料等级文本	外设观察报告队列.ixx:1894	11	按函数名执行对应处理。		外设观察报告队列.ixx:748;外设观察报告队列.ixx:1894;外设观察报告队列.ixx:2232;自我动作实现.外设模块.ixx:21692;自我动作实现.外设模块.ixx:22142;自我动作实现.外设模块.ixx:22577;自我动作实现.外设模块.ixx:23065;自我动作实现.外设模块.ixx:24221;自我动作实现.外设模块.ixx:24432;自我动作实现.外设模块.ixx:24617;自我动作实现.外设模块.ixx:24772
yes	控制面板摘要线程生命周期文本	控制面板摘要线程生命周期文本	控制面板摘要线程模块.impl.cpp:720	11	按函数名执行对应处理。		控制面板摘要线程模块.impl.cpp:72;控制面板摘要线程模块.impl.cpp:73;控制面板摘要线程模块.impl.cpp:74;控制面板摘要线程模块.impl.cpp:75;控制面板摘要线程模块.impl.cpp:720;控制面板摘要线程模块.ixx:133;控制面板类.cpp:6454;控制面板类.cpp:6470;控制面板类.cpp:10960;控制面板类.cpp:11037;鱼巢.cpp:1654
yes	私有_SQL控制面板子链错误JSON	私有_SQL控制面板子链错误JSON	控制面板类.cpp:7233	11	生成 SQL 控制面板子链读取失败 JSON。		控制面板类.cpp:7233;控制面板类.cpp:7401;控制面板类.cpp:7454;控制面板类.cpp:7469;控制面板类.cpp:7485;控制面板类.cpp:7500;控制面板类.cpp:7516;控制面板类.cpp:7520;控制面板类.cpp:7536;控制面板类.cpp:7540;控制面板类.cpp:7544
yes	执行ADO命令	执行ADO命令	数据库ADO模块.cpp:744	11	通过 ADO 执行不返回结果集的 SQL 命令。		世界树类.cpp:1072;任务类.cpp:1201;数据库ADO模块.cpp:480;数据库ADO模块.cpp:744;数据库ADO模块.cpp:819;数据库ADO模块.cpp:823;数据库ADO模块.cpp:827;数据库ADO模块.ixx:68;方法类.cpp:1502;语素类.cpp:670;需求类.cpp:633
yes	方法类::方法结果项集	方法结果项集	方法类.cpp:1776	11	读取方法首节点声明的结果能力项集合。		任务模块.筹办.ixx:2812;任务模块.筹办.ixx:2860;任务模块.筹办.ixx:3833;任务模块.管理界面线程.impl.cpp:994;控制面板类.cpp:3407;控制面板类.cpp:3494;控制面板类.cpp:4296;控制面板类.cpp:4297;方法类.cpp:1776;方法虚拟存在服务类.cpp:672;自我动作实现模块.ixx:6938
yes	私有_状态特征类型	私有_状态特征类型	方法类.cpp:590	11	服务所在模块的内部辅助流程。		任务模块.管理工作线程.ixx:1620;任务模块.管理工作线程.ixx:1649;任务模块.管理工作线程.ixx:1652;任务模块.管理工作线程.ixx:1708;任务模块.管理工作线程.ixx:1709;任务模块.管理工作线程.ixx:3090;方法类.cpp:590;方法类.cpp:620;方法类.cpp:621;方法类.cpp:629;方法类.cpp:630
yes	私有_方法统计特征词	私有_方法统计特征词	方法虚拟存在服务类.cpp:36	11	服务所在模块的内部辅助流程。		方法虚拟存在服务类.cpp:36;方法虚拟存在服务类.cpp:714;方法虚拟存在服务类.cpp:715;方法虚拟存在服务类.cpp:716;方法虚拟存在服务类.cpp:717;方法虚拟存在服务类.cpp:718;方法虚拟存在服务类.cpp:719;方法虚拟存在服务类.cpp:720;方法虚拟存在服务类.cpp:721;方法虚拟存在服务类.cpp:722;方法虚拟存在服务类.cpp:816
yes	写	写	日志模块.ixx:494	11	按函数名执行对应处理。		日志模块.ixx:106;日志模块.ixx:111;日志模块.ixx:114;日志模块.ixx:117;日志模块.ixx:122;日志模块.ixx:125;日志模块.ixx:131;日志模块.ixx:136;日志模块.ixx:494;日志模块.ixx:535;日志模块.ixx:538
yes	特征_参数来源	特征_参数来源	自我动作实现.外设模块.ixx:1095	11	按函数名执行对应处理。		自我动作实现.外设模块.ixx:1095;自我动作实现.外设模块.ixx:8364;自我动作实现模块.ixx:612;自我动作实现模块.ixx:3243;自我动作实现模块.ixx:5991;自我动作实现模块.ixx:6018;自我动作实现模块.ixx:6038;自我动作实现模块.ixx:6064;自我动作实现模块.ixx:6308;自我动作实现模块.ixx:6454;自我动作实现模块.ixx:6458
yes	特征_方法结果节点	特征_方法结果节点	自我动作实现.外设模块.ixx:1618	11	按函数名执行对应处理。		自我动作实现.外设模块.ixx:1618;自我动作实现模块.ixx:1142;自我动作实现模块.ixx:3719;自我动作实现模块.ixx:3741;自我动作实现模块.ixx:5795;自我动作实现模块.ixx:7015;自我动作实现模块.ixx:7263;自我动作实现模块.ixx:8658;自我动作实现模块.ixx:8885;自我动作实现模块.ixx:11927;自我动作实现模块.ixx:11962
yes	特征_缺失参数数量	特征_缺失参数数量	自我动作实现.外设模块.ixx:1861	11	按函数名执行对应处理。		自我动作实现.外设模块.ixx:1861;自我动作实现模块.ixx:1385;自我动作实现模块.ixx:4928;自我动作实现模块.ixx:5787;自我动作实现模块.ixx:6698;自我动作实现模块.ixx:6734;自我动作实现模块.ixx:6858;自我动作实现模块.ixx:7245;自我动作实现模块.ixx:9053;自我动作实现模块.ixx:9851;自我动作实现模块.ixx:10027
yes	特征_基础观察事实可用状态	特征_基础观察事实可用状态	自我动作实现.外设模块.ixx:2666	11	按函数名执行对应处理。		自我动作实现.外设模块.ixx:2666;自我动作实现.外设模块.ixx:9666;自我动作实现.外设模块.ixx:12034;自我动作实现.外设模块.ixx:12234;自我动作实现.外设模块.ixx:15622;自我动作实现.外设模块.ixx:15625;自我动作实现.外设模块.ixx:15643;自我动作实现.外设模块.ixx:16451;自我动作实现.外设模块.ixx:18534;自我动作实现.外设模块.ixx:18583;自我动作实现.外设模块.ixx:19040
yes	特征_待补观察区域数量	特征_待补观察区域数量	自我动作实现.外设模块.ixx:3254	11	按函数名执行对应处理。		自我动作实现.外设模块.ixx:3254;自我动作实现.外设模块.ixx:11779;自我动作实现.外设模块.ixx:11852;自我动作实现.外设模块.ixx:12096;自我动作实现.外设模块.ixx:12786;自我动作实现.外设模块.ixx:14959;自我动作实现.外设模块.ixx:15091;自我动作实现.外设模块.ixx:15415;自我动作实现.外设模块.ixx:16926;自我动作实现.外设模块.ixx:17224;自我动作实现.外设模块.ixx:25265
yes	特征_扫描可启动状态	特征_扫描可启动状态	自我动作实现.外设模块.ixx:5046	11	启动线程、模块或运行流程。		自我动作实现.外设模块.ixx:5046;自我动作实现.外设模块.ixx:16159;自我动作实现.外设模块.ixx:16210;自我动作实现.外设模块.ixx:16314;自我动作实现.外设模块.ixx:16325;自我动作实现.外设模块.ixx:21452;自我动作实现.外设模块.ixx:21496;自我动作实现.外设模块.ixx:23542;自我动作实现.外设模块.ixx:23947;自我动作实现.外设模块.ixx:24094;自我动作实现.外设模块.ixx:24154
yes	特征_方法补齐结构状态	特征_方法补齐结构状态	自我动作实现.外设模块.ixx:5647	11	补齐条件、参数、证据或方法能力缺口。		自我动作实现.外设模块.ixx:5647;自我动作实现模块.ixx:2063;自我动作实现模块.ixx:5779;自我动作实现模块.ixx:7004;自我动作实现模块.ixx:7076;自我动作实现模块.ixx:8694;自我动作实现模块.ixx:8874;自我动作实现模块.ixx:9035;自我动作实现模块.ixx:9217;自我动作实现模块.ixx:9294;自我动作实现模块.ixx:10022
yes	特征_方法结果节点	特征_方法结果节点	自我动作实现模块.ixx:1142	11	按函数名执行对应处理。		自我动作实现.外设模块.ixx:1618;自我动作实现模块.ixx:1142;自我动作实现模块.ixx:3719;自我动作实现模块.ixx:3741;自我动作实现模块.ixx:5795;自我动作实现模块.ixx:7015;自我动作实现模块.ixx:7263;自我动作实现模块.ixx:8658;自我动作实现模块.ixx:8885;自我动作实现模块.ixx:11927;自我动作实现模块.ixx:11962
yes	特征_缺失参数数量	特征_缺失参数数量	自我动作实现模块.ixx:1385	11	按函数名执行对应处理。		自我动作实现.外设模块.ixx:1861;自我动作实现模块.ixx:1385;自我动作实现模块.ixx:4928;自我动作实现模块.ixx:5787;自我动作实现模块.ixx:6698;自我动作实现模块.ixx:6734;自我动作实现模块.ixx:6858;自我动作实现模块.ixx:7245;自我动作实现模块.ixx:9053;自我动作实现模块.ixx:9851;自我动作实现模块.ixx:10027
yes	特征_方法补齐结构状态	特征_方法补齐结构状态	自我动作实现模块.ixx:2063	11	补齐条件、参数、证据或方法能力缺口。		自我动作实现.外设模块.ixx:5647;自我动作实现模块.ixx:2063;自我动作实现模块.ixx:5779;自我动作实现模块.ixx:7004;自我动作实现模块.ixx:7076;自我动作实现模块.ixx:8694;自我动作实现模块.ixx:8874;自我动作实现模块.ixx:9035;自我动作实现模块.ixx:9217;自我动作实现模块.ixx:9294;自我动作实现模块.ixx:10022
yes	增加基础节点I64	增加基础节点I64	自我动作实现模块.ixx:3316	11	按函数名执行对应处理。		自我动作实现模块.ixx:3316;自我动作实现模块.ixx:3704;自我动作实现模块.ixx:3706;自我动作实现模块.ixx:3707;自我动作实现模块.ixx:3710;自我动作实现模块.ixx:3714;自我动作实现模块.ixx:3797;自我动作实现模块.ixx:3799;自我动作实现模块.ixx:3800;自我动作实现模块.ixx:3802;自我动作实现模块.ixx:3807
yes	特征_参数来源	特征_参数来源	自我动作实现模块.ixx:612	11	按函数名执行对应处理。		自我动作实现.外设模块.ixx:1095;自我动作实现.外设模块.ixx:8364;自我动作实现模块.ixx:612;自我动作实现模块.ixx:3243;自我动作实现模块.ixx:5991;自我动作实现模块.ixx:6018;自我动作实现模块.ixx:6038;自我动作实现模块.ixx:6064;自我动作实现模块.ixx:6308;自我动作实现模块.ixx:6454;自我动作实现模块.ixx:6458
yes	私有_状态主体主键_线程侧	私有_状态主体主键_线程侧	自我线程模块.impl.cpp:2905	11	服务所在模块的内部辅助流程。		自我线程模块.impl.cpp:2905;自我线程模块.impl.cpp:2947;自我线程模块.impl.cpp:2948;自我线程模块.impl.cpp:10157;自我线程模块.impl.cpp:10158;自我线程模块.impl.cpp:10177;自我线程模块.impl.cpp:10179;自我线程模块.impl.cpp:10208;自我线程模块.impl.cpp:10209;自我线程模块.impl.cpp:10354;自我线程模块.impl.cpp:10357
yes	成功	成功	自我线程模块.impl.cpp:330	11	按函数名执行对应处理。		任务模块.筹办.ixx:4450;任务模块.筹办.ixx:4984;任务模块.筹办.ixx:5884;自我线程模块.impl.cpp:330;自我线程模块.impl.cpp:685;自我线程模块.impl.cpp:10787;自我线程模块.impl.cpp:11224;自我线程模块.impl.cpp:12253;自我线程模块.impl.cpp:12256;自我线程模块.impl.cpp:12259;自我线程模块.impl.cpp:12262
yes	私有_任务来源需求_线程侧	私有_任务来源需求_线程侧	自我线程模块.impl.cpp:3573	11	服务所在模块的内部辅助流程。		自我线程模块.impl.cpp:3573;自我线程模块.impl.cpp:3677;自我线程模块.impl.cpp:4511;自我线程模块.impl.cpp:7802;自我线程模块.impl.cpp:8201;自我线程模块.impl.cpp:12505;自我线程模块.impl.cpp:14615;自我线程模块.impl.cpp:16934;自我线程模块.impl.cpp:17017;自我线程模块.impl.cpp:17031;自我线程模块.impl.cpp:17066
yes	私有_任务结算域文本_线程侧	私有_任务结算域文本_线程侧	自我线程模块.impl.cpp:7470	11	结算任务、需求、价值或结果贡献。		自我线程模块.impl.cpp:2596;自我线程模块.impl.cpp:5362;自我线程模块.impl.cpp:5391;自我线程模块.impl.cpp:7386;自我线程模块.impl.cpp:7415;自我线程模块.impl.cpp:7470;自我线程模块.impl.cpp:7636;自我线程模块.impl.cpp:7659;自我线程模块.impl.cpp:7739;自我线程模块.impl.cpp:7765;自我线程模块.impl.cpp:7858
yes	私有_动作验证摘要允许普通价值结算_线程侧	私有_动作验证摘要允许普通价值结算_线程侧	自我线程模块.impl.cpp:7494	11	结算任务、需求、价值或结果贡献。		自我线程模块.impl.cpp:2080;自我线程模块.impl.cpp:2163;自我线程模块.impl.cpp:4563;自我线程模块.impl.cpp:5369;自我线程模块.impl.cpp:5380;自我线程模块.impl.cpp:7392;自我线程模块.impl.cpp:7403;自我线程模块.impl.cpp:7494;自我线程模块.impl.cpp:7582;自我线程模块.impl.cpp:7865;自我线程模块.impl.cpp:7876
yes	借用场景索引全局互斥	借用场景索引全局互斥	场景索引同步.h:10	11	场景主信息里的状态 / 动态 / 二次特征索引是事实目录缓存， 会被自我线程、自检线程和控制面板读取路径同时触达。 统一保...	header_definition	场景类.cpp:60;场景类.cpp:324;场景类.cpp:337;场景类.cpp:357;场景类.cpp:388;场景类.cpp:409;场景类.cpp:430;场景类.cpp:467;场景类.cpp:490;场景索引同步.h:10;控制面板类.cpp:4713
yes	设为叶子特征	设为叶子特征	基础信息主信息类.h:293	11	按函数名执行对应处理。	header_definition	基础信息主信息类.h:293;特征类.cpp:483;特征类.cpp:591;特征类.cpp:635;特征类.cpp:744;特征类.cpp:782;特征类.cpp:796;特征类.cpp:887;特征类.cpp:2901;特征类.cpp:2921;特征类.cpp:2941
yes	方向区间编码	方向区间编码	基础信息主信息类.h:617	11	按函数名执行对应处理。	header_definition	二次特征应用模块.ixx:218;二次特征应用模块.ixx:227;二次特征应用模块.ixx:359;二次特征应用模块.ixx:1042;二次特征应用模块.ixx:1979;二次特征应用模块.ixx:2043;二次特征类.cpp:409;二次特征类.cpp:413;基础信息主信息类.h:617;语言类_二次特征表达.cpp:75;语言类_二次特征表达.cpp:79
yes	D455_调试日志输出启用	D455_调试日志输出启用	外设线程_D455深度相机.ixx:169	11	按函数名执行对应处理。	constructor_like	外设线程_D455深度相机.ixx:169;外设线程_D455深度相机.ixx:2721;外设线程_D455深度相机.ixx:2757;外设线程_D455深度相机.ixx:2792;外设线程_D455深度相机.ixx:2805;外设线程_D455深度相机.ixx:2834;外设线程_D455深度相机.ixx:2862;外设线程_D455深度相机.ixx:2875;外设线程_D455深度相机.ixx:2888;外设线程_D455深度相机.ixx:3023;外设线程_D455深度相机.ixx:3049
yes	推断人类词性默认基础信息类型	推断人类词性默认基础信息类型	语素主信息类.h:221	11	按函数名执行对应处理。	header_definition	语素主信息类.h:221;语素主信息类.h:332;语素主信息类.h:405;语素主信息类.h:413;语素主信息类.h:432;语素类.cpp:1226;语素类.cpp:1299;语素类.cpp:1365;语素类.cpp:1481;语素类.cpp:1487;语素类.h:108
yes	刷新子需求权重	刷新子需求权重	需求类.h:605	11	按函数名执行对应处理。	header_definition	自我线程模块.impl.cpp:5683;自我线程模块.impl.cpp:8538;自我线程模块.impl.cpp:9059;自我线程模块.impl.cpp:9390;自我线程模块.impl.cpp:12109;自我线程模块.impl.cpp:12221;自我线程模块.impl.cpp:12357;自我线程模块.impl.cpp:12360;需求类.cpp:1829;需求类.cpp:1831;需求类.h:605
yes	打开	打开	D455相机类.cpp:49	12	按函数名执行对应处理。		D455相机类.cpp:49;D455相机类.cpp:216;D455相机类.cpp:871;D455相机类.ixx:78;双目相机本能适配器.cpp:1222;双目相机本能适配器.cpp:1242;双目相机本能适配器.h:203;外设线程_D455深度相机.ixx:2971;相机接口类.ixx:11;自我动作实现.外设模块.ixx:11678;鱼巢.cpp:451;鱼巢.cpp:464
yes	采集一帧	采集一帧	D455相机类.cpp:95	12	按函数名执行对应处理。		D455相机类.cpp:95;D455相机类.cpp:186;D455相机类.cpp:883;D455相机类.ixx:80;双目相机本能适配器.cpp:1316;双目相机本能适配器.cpp:1331;双目相机本能适配器.cpp:1339;双目相机本能适配器.h:206;外设线程_D455深度相机.ixx:3006;相机接口类.ixx:14;自我动作实现.外设模块.ixx:11706;鱼巢.cpp:470
yes	私有_取存在所在场景	私有_取存在所在场景	世界树类.cpp:205	12	服务所在模块的内部辅助流程。		世界树类.cpp:205;世界树类.cpp:3744;世界树类.cpp:3745;世界树类.cpp:3846;世界树类.cpp:3881;世界树类.cpp:3904;存在类.cpp:106;存在类.cpp:391;存在类.cpp:847;存在类.cpp:848;存在类.cpp:882;存在类.cpp:883
yes	任务管理抽象特征指针	任务管理抽象特征指针	任务模块.工作线程消息协议.ixx:324	12	按函数名执行对应处理。		任务模块.工作线程消息协议.ixx:324;任务模块.工作线程消息协议.ixx:333;任务模块.工作线程消息协议.ixx:341;任务模块.工作线程消息协议.ixx:344;任务模块.工作线程消息协议.ixx:347;任务模块.工作线程消息协议.ixx:350;任务模块.工作线程消息协议.ixx:361;任务模块.工作线程消息协议.ixx:365;任务模块.工作线程消息协议.ixx:369;任务模块.工作线程消息协议.ixx:372;任务模块.工作线程消息协议.ixx:380;任务模块.工作线程消息协议.ixx:402
yes	请求停止	请求停止	任务模块.执行.ixx:1041	12	停止线程、模块或运行流程。		任务模块.执行.ixx:1041;外设线程_D455深度相机.ixx:121;外设线程_D455深度相机.ixx:3211;外设线程_D455深度相机.ixx:3339;控制面板摘要线程模块.impl.cpp:490;控制面板摘要线程模块.impl.cpp:702;控制面板摘要线程模块.ixx:100;自我线程模块.impl.cpp:14842;自我线程模块.ixx:483;自检线程模块.impl.cpp:1404;自检线程模块.impl.cpp:2119;自检线程模块.ixx:96
yes	私有_任务SQL字段整数	私有_任务SQL字段整数	任务类.cpp:1208	12	服务所在模块的内部辅助流程。		任务类.cpp:1208;任务类.cpp:1213;任务类.cpp:1240;任务类.cpp:1243;任务类.cpp:1244;任务类.cpp:1245;任务类.cpp:1260;任务类.cpp:1261;任务类.cpp:1263;任务类.cpp:1272;任务类.cpp:1273;任务类.cpp:1274
yes	私有_任务SQL字段整数	私有_任务SQL字段整数	任务类.cpp:1213	12	服务所在模块的内部辅助流程。		任务类.cpp:1208;任务类.cpp:1213;任务类.cpp:1240;任务类.cpp:1243;任务类.cpp:1244;任务类.cpp:1245;任务类.cpp:1260;任务类.cpp:1261;任务类.cpp:1263;任务类.cpp:1272;任务类.cpp:1273;任务类.cpp:1274
yes	写入可选错误文本	写入可选错误文本	全局共享函数类.ixx:188	12	当错误输出指针有效时写入可读错误文本；空文本指针写为空串。		任务模块.运行包.impl.cpp:23;任务模块.运行包.impl.cpp:67;任务模块.运行包.impl.cpp:80;任务模块.运行包.impl.cpp:84;任务模块.运行包.impl.cpp:88;任务模块.运行包.impl.cpp:92;任务模块.运行包.impl.cpp:96;任务模块.运行包.impl.cpp:100;任务模块.运行包.impl.cpp:104;任务模块.运行包.impl.cpp:117;任务模块.运行包.impl.cpp:122;全局共享函数类.ixx:188
yes	打开	打开	双目相机本能适配器.cpp:1222	12	按函数名执行对应处理。		D455相机类.cpp:49;D455相机类.cpp:216;D455相机类.cpp:871;D455相机类.ixx:78;双目相机本能适配器.cpp:1222;双目相机本能适配器.cpp:1242;双目相机本能适配器.h:203;外设线程_D455深度相机.ixx:2971;相机接口类.ixx:11;自我动作实现.外设模块.ixx:11678;鱼巢.cpp:451;鱼巢.cpp:464
yes	采集一帧	采集一帧	双目相机本能适配器.cpp:1316	12	按函数名执行对应处理。		D455相机类.cpp:95;D455相机类.cpp:186;D455相机类.cpp:883;D455相机类.ixx:80;双目相机本能适配器.cpp:1316;双目相机本能适配器.cpp:1331;双目相机本能适配器.cpp:1339;双目相机本能适配器.h:206;外设线程_D455深度相机.ixx:3006;相机接口类.ixx:14;自我动作实现.外设模块.ixx:11706;鱼巢.cpp:470
yes	私有_因果阶段当前时间点	私有_因果阶段当前时间点	因果类.cpp:60	12	服务所在模块的内部辅助流程。		因果类.cpp:60;因果类.cpp:79;因果类.cpp:2309;因果类.cpp:2327;因果类.cpp:2468;因果类.cpp:2490;因果类.cpp:2510;因果类.cpp:2522;因果类.cpp:2547;因果类.cpp:2573;因果类.cpp:2586;因果类.cpp:2591
yes	外设观察报告类型文本	外设观察报告类型文本	外设观察报告队列.ixx:1882	12	按函数名执行对应处理。		任务模块.管理工作线程.ixx:3404;任务模块.管理界面线程.impl.cpp:1379;任务模块.管理界面线程.impl.cpp:1382;外设线程_D455深度相机.ixx:2562;外设线程_D455深度相机.ixx:2622;外设观察报告队列.ixx:727;外设观察报告队列.ixx:1882;外设观察报告队列.ixx:3409;外设观察报告队列.ixx:3533;外设观察报告队列.ixx:3598;外设观察报告队列.ixx:3695;外设观察报告队列.ixx:3792
yes	判断目标观察约束可用性	判断目标观察约束可用性	外设观察报告队列.ixx:2929	12	判断条件、状态或业务结果是否成立。		外设线程_D455深度相机.ixx:2038;外设线程_D455深度相机.ixx:2053;外设线程_D455深度相机.ixx:2147;外设线程_D455深度相机.ixx:2258;外设观察报告队列.ixx:771;外设观察报告队列.ixx:2929;外设观察报告队列.ixx:3035;外设观察报告队列.ixx:3080;外设观察报告队列.ixx:3119;外设观察报告队列.ixx:3164;自我动作实现.外设模块.ixx:21101;自我动作实现.外设模块.ixx:23991
yes	私有_取存在所在场景	私有_取存在所在场景	存在类.cpp:106	12	服务所在模块的内部辅助流程。		世界树类.cpp:205;世界树类.cpp:3744;世界树类.cpp:3745;世界树类.cpp:3846;世界树类.cpp:3881;世界树类.cpp:3904;存在类.cpp:106;存在类.cpp:391;存在类.cpp:847;存在类.cpp:848;存在类.cpp:882;存在类.cpp:883
yes	生成链键	生成链键	度量模板注册表类.ixx:198	12	根据当前输入生成目标数据、场景、动态或回执。		度量模板注册表类.ixx:74;度量模板注册表类.ixx:198;度量模板注册表类.ixx:220;度量模板注册表类.ixx:242;度量模板注册表类.ixx:254;度量模板注册表类.ixx:266;度量模板注册表类.ixx:288;度量模板注册表类.ixx:300;度量模板注册表类.ixx:330;度量模板注册表类.ixx:366;度量模板注册表类.ixx:392;度量模板注册表类.ixx:429
yes	生成链键	生成链键	度量模板注册表类.ixx:220	12	根据当前输入生成目标数据、场景、动态或回执。		度量模板注册表类.ixx:74;度量模板注册表类.ixx:198;度量模板注册表类.ixx:220;度量模板注册表类.ixx:242;度量模板注册表类.ixx:254;度量模板注册表类.ixx:266;度量模板注册表类.ixx:288;度量模板注册表类.ixx:300;度量模板注册表类.ixx:330;度量模板注册表类.ixx:366;度量模板注册表类.ixx:392;度量模板注册表类.ixx:429
yes	生成链键	生成链键	度量模板注册表类.ixx:242	12	根据当前输入生成目标数据、场景、动态或回执。		度量模板注册表类.ixx:74;度量模板注册表类.ixx:198;度量模板注册表类.ixx:220;度量模板注册表类.ixx:242;度量模板注册表类.ixx:254;度量模板注册表类.ixx:266;度量模板注册表类.ixx:288;度量模板注册表类.ixx:300;度量模板注册表类.ixx:330;度量模板注册表类.ixx:366;度量模板注册表类.ixx:392;度量模板注册表类.ixx:429
yes	生成链键	生成链键	度量模板注册表类.ixx:254	12	根据当前输入生成目标数据、场景、动态或回执。		度量模板注册表类.ixx:74;度量模板注册表类.ixx:198;度量模板注册表类.ixx:220;度量模板注册表类.ixx:242;度量模板注册表类.ixx:254;度量模板注册表类.ixx:266;度量模板注册表类.ixx:288;度量模板注册表类.ixx:300;度量模板注册表类.ixx:330;度量模板注册表类.ixx:366;度量模板注册表类.ixx:392;度量模板注册表类.ixx:429
yes	生成链键	生成链键	度量模板注册表类.ixx:266	12	根据当前输入生成目标数据、场景、动态或回执。		度量模板注册表类.ixx:74;度量模板注册表类.ixx:198;度量模板注册表类.ixx:220;度量模板注册表类.ixx:242;度量模板注册表类.ixx:254;度量模板注册表类.ixx:266;度量模板注册表类.ixx:288;度量模板注册表类.ixx:300;度量模板注册表类.ixx:330;度量模板注册表类.ixx:366;度量模板注册表类.ixx:392;度量模板注册表类.ixx:429
yes	生成链键	生成链键	度量模板注册表类.ixx:288	12	根据当前输入生成目标数据、场景、动态或回执。		度量模板注册表类.ixx:74;度量模板注册表类.ixx:198;度量模板注册表类.ixx:220;度量模板注册表类.ixx:242;度量模板注册表类.ixx:254;度量模板注册表类.ixx:266;度量模板注册表类.ixx:288;度量模板注册表类.ixx:300;度量模板注册表类.ixx:330;度量模板注册表类.ixx:366;度量模板注册表类.ixx:392;度量模板注册表类.ixx:429
yes	生成链键	生成链键	度量模板注册表类.ixx:300	12	根据当前输入生成目标数据、场景、动态或回执。		度量模板注册表类.ixx:74;度量模板注册表类.ixx:198;度量模板注册表类.ixx:220;度量模板注册表类.ixx:242;度量模板注册表类.ixx:254;度量模板注册表类.ixx:266;度量模板注册表类.ixx:288;度量模板注册表类.ixx:300;度量模板注册表类.ixx:330;度量模板注册表类.ixx:366;度量模板注册表类.ixx:392;度量模板注册表类.ixx:429
yes	生成链键	生成链键	度量模板注册表类.ixx:330	12	根据当前输入生成目标数据、场景、动态或回执。		度量模板注册表类.ixx:74;度量模板注册表类.ixx:198;度量模板注册表类.ixx:220;度量模板注册表类.ixx:242;度量模板注册表类.ixx:254;度量模板注册表类.ixx:266;度量模板注册表类.ixx:288;度量模板注册表类.ixx:300;度量模板注册表类.ixx:330;度量模板注册表类.ixx:366;度量模板注册表类.ixx:392;度量模板注册表类.ixx:429
yes	生成链键	生成链键	度量模板注册表类.ixx:366	12	根据当前输入生成目标数据、场景、动态或回执。		度量模板注册表类.ixx:74;度量模板注册表类.ixx:198;度量模板注册表类.ixx:220;度量模板注册表类.ixx:242;度量模板注册表类.ixx:254;度量模板注册表类.ixx:266;度量模板注册表类.ixx:288;度量模板注册表类.ixx:300;度量模板注册表类.ixx:330;度量模板注册表类.ixx:366;度量模板注册表类.ixx:392;度量模板注册表类.ixx:429
yes	生成链键	生成链键	度量模板注册表类.ixx:392	12	根据当前输入生成目标数据、场景、动态或回执。		度量模板注册表类.ixx:74;度量模板注册表类.ixx:198;度量模板注册表类.ixx:220;度量模板注册表类.ixx:242;度量模板注册表类.ixx:254;度量模板注册表类.ixx:266;度量模板注册表类.ixx:288;度量模板注册表类.ixx:300;度量模板注册表类.ixx:330;度量模板注册表类.ixx:366;度量模板注册表类.ixx:392;度量模板注册表类.ixx:429
yes	生成链键	生成链键	度量模板注册表类.ixx:429	12	根据当前输入生成目标数据、场景、动态或回执。		度量模板注册表类.ixx:74;度量模板注册表类.ixx:198;度量模板注册表类.ixx:220;度量模板注册表类.ixx:242;度量模板注册表类.ixx:254;度量模板注册表类.ixx:266;度量模板注册表类.ixx:288;度量模板注册表类.ixx:300;度量模板注册表类.ixx:330;度量模板注册表类.ixx:366;度量模板注册表类.ixx:392;度量模板注册表类.ixx:429
yes	私有_构建方法树节点	私有_构建方法树节点	控制面板类.cpp:5567	12	构建运行所需的数据结构或中间结果。		控制面板类.cpp:318;控制面板类.cpp:4679;控制面板类.cpp:4864;控制面板类.cpp:5051;控制面板类.cpp:5319;控制面板类.cpp:5517;控制面板类.cpp:5567;控制面板类.cpp:5648;控制面板类.cpp:5698;控制面板类.cpp:5708;控制面板类.cpp:5718;控制面板类.cpp:10594
yes	方法虚拟存在服务类::写入方法I64特征	写入方法I64特征	方法虚拟存在服务类.cpp:765	12	把处理结果写入指定对象、场景或日志。		方法虚拟存在服务类.cpp:282;方法虚拟存在服务类.cpp:288;方法虚拟存在服务类.cpp:294;方法虚拟存在服务类.cpp:300;方法虚拟存在服务类.cpp:306;方法虚拟存在服务类.cpp:312;方法虚拟存在服务类.cpp:318;方法虚拟存在服务类.cpp:327;方法虚拟存在服务类.cpp:333;方法虚拟存在服务类.cpp:461;方法虚拟存在服务类.cpp:765;自我动作实现模块.ixx:9937
yes	本能方法类::查询默认动作名称	查询默认动作名称	本能方法类.cpp:216	12	按函数名执行对应处理。		任务模块.筹办.ixx:2390;方法类.cpp:1872;方法类.cpp:2466;本能动作管理类.ixx:823;本能方法类.cpp:216;特征类.cpp:910;特征类.cpp:2175;自我动作实现.外设模块.ixx:8850;自我动作实现模块.ixx:3991;自我动作实现模块.ixx:10966;自我类.cpp:239;自检线程模块.impl.cpp:220
yes	私有_直接抽象特征子节点	私有_直接抽象特征子节点	特征类.cpp:110	12	枚举父节点下直接挂载的抽象特征子节点。		特征类.cpp:110;特征类.cpp:567;特征类.cpp:650;特征类.cpp:666;特征类.cpp:683;特征类.cpp:768;特征类.cpp:820;特征类.cpp:2385;特征类.cpp:2415;特征类.cpp:2527;特征类.cpp:2812;特征类.cpp:2910
yes	状态类::读取状态主体特征和值引用	读取状态主体特征和值引用	状态类.cpp:161	12	读取状态主体、状态特征和值引用，不创建或修改节点。		状态类.cpp:161;需求类.cpp:937;需求类.cpp:961;需求类.cpp:972;需求类.cpp:984;需求类.cpp:2448;需求类.cpp:2644;需求类.cpp:2681;需求类.cpp:2686;需求类.h:904;需求类.h:925;需求类.h:1071
yes	特征_方法最近连续成功次数	特征_方法最近连续成功次数	自我动作实现.外设模块.ixx:1193	12	按函数名执行对应处理。		自我动作实现.外设模块.ixx:1193;自我动作实现.外设模块.ixx:8956;自我动作实现.外设模块.ixx:8983;自我动作实现模块.ixx:717;自我动作实现模块.ixx:4097;自我动作实现模块.ixx:4124;自我动作实现模块.ixx:5797;自我动作实现模块.ixx:5802;自我动作实现模块.ixx:9428;自我动作实现模块.ixx:9881;自我动作实现模块.ixx:9888;自我动作实现模块.ixx:10015
yes	特征_输出结果场景	特征_输出结果场景	自我动作实现.外设模块.ixx:1548	12	按函数名执行对应处理。		自我动作实现.外设模块.ixx:1548;自我动作实现.外设模块.ixx:8924;自我动作实现.外设模块.ixx:17454;自我动作实现.扫描.ixx:443;自我动作实现.扫描.ixx:853;自我动作实现.服务模块.ixx:221;自我动作实现.服务模块.ixx:2144;自我动作实现.服务模块.ixx:2341;自我动作实现.服务模块.ixx:2355;自我动作实现模块.ixx:1072;自我动作实现模块.ixx:4065;自我动作实现模块.ixx:11928
yes	特征_相机帧宽度	特征_相机帧宽度	自我动作实现.外设模块.ixx:2344	12	按函数名执行对应处理。		自我动作实现.外设模块.ixx:2344;自我动作实现.外设模块.ixx:12003;自我动作实现.外设模块.ixx:12133;自我动作实现.外设模块.ixx:12500;自我动作实现.外设模块.ixx:12553;自我动作实现.外设模块.ixx:14890;自我动作实现.外设模块.ixx:15022;自我动作实现.外设模块.ixx:15288;自我动作实现.外设模块.ixx:15323;自我动作实现.外设模块.ixx:15468;自我动作实现.外设模块.ixx:17779;自我动作实现模块.ixx:1714
yes	特征_相机帧高度	特征_相机帧高度	自我动作实现.外设模块.ixx:2351	12	按函数名执行对应处理。		自我动作实现.外设模块.ixx:2351;自我动作实现.外设模块.ixx:12004;自我动作实现.外设模块.ixx:12134;自我动作实现.外设模块.ixx:12501;自我动作实现.外设模块.ixx:12554;自我动作实现.外设模块.ixx:14891;自我动作实现.外设模块.ixx:15023;自我动作实现.外设模块.ixx:15289;自我动作实现.外设模块.ixx:15324;自我动作实现.外设模块.ixx:15469;自我动作实现.外设模块.ixx:17780;自我动作实现模块.ixx:1721
yes	特征_深度帧号	特征_深度帧号	自我动作实现.外设模块.ixx:2358	12	按函数名执行对应处理。		自我动作实现.外设模块.ixx:2358;自我动作实现.外设模块.ixx:12005;自我动作实现.外设模块.ixx:12506;自我动作实现.外设模块.ixx:12568;自我动作实现.外设模块.ixx:14892;自我动作实现.外设模块.ixx:15024;自我动作实现.外设模块.ixx:15290;自我动作实现.外设模块.ixx:15325;自我动作实现.外设模块.ixx:15470;自我动作实现.外设模块.ixx:17781;自我动作实现.外设模块.ixx:23937;自我动作实现模块.ixx:1728
yes	特征_彩色帧号	特征_彩色帧号	自我动作实现.外设模块.ixx:2365	12	按函数名执行对应处理。		自我动作实现.外设模块.ixx:2365;自我动作实现.外设模块.ixx:12006;自我动作实现.外设模块.ixx:12507;自我动作实现.外设模块.ixx:12571;自我动作实现.外设模块.ixx:14893;自我动作实现.外设模块.ixx:15025;自我动作实现.外设模块.ixx:15291;自我动作实现.外设模块.ixx:15326;自我动作实现.外设模块.ixx:15471;自我动作实现.外设模块.ixx:17782;自我动作实现.外设模块.ixx:23938;自我动作实现模块.ixx:1735
yes	特征_补观察需求建议	特征_补观察需求建议	自我动作实现.外设模块.ixx:3296	12	按函数名执行对应处理。		自我动作实现.外设模块.ixx:3296;自我动作实现.外设模块.ixx:11782;自我动作实现.外设模块.ixx:11855;自我动作实现.外设模块.ixx:12102;自我动作实现.外设模块.ixx:12804;自我动作实现.外设模块.ixx:14965;自我动作实现.外设模块.ixx:15097;自我动作实现.外设模块.ixx:15421;自我动作实现.外设模块.ixx:16659;自我动作实现.外设模块.ixx:16929;自我动作实现.外设模块.ixx:17230;自我动作实现.外设模块.ixx:25035
yes	特征_中心空间坐标X	特征_中心空间坐标X	自我动作实现.外设模块.ixx:3919	12	按函数名执行对应处理。		自我动作实现.外设模块.ixx:3919;自我动作实现.外设模块.ixx:11737;自我动作实现.外设模块.ixx:11810;自我动作实现.外设模块.ixx:12935;自我动作实现.外设模块.ixx:12977;自我动作实现.外设模块.ixx:13089;自我动作实现.外设模块.ixx:13175;自我动作实现.外设模块.ixx:13463;自我动作实现.外设模块.ixx:14278;自我动作实现.外设模块.ixx:14970;自我动作实现.外设模块.ixx:15103;自我动作实现.外设模块.ixx:16809
yes	特征_中心空间坐标Y	特征_中心空间坐标Y	自我动作实现.外设模块.ixx:3926	12	按函数名执行对应处理。		自我动作实现.外设模块.ixx:3926;自我动作实现.外设模块.ixx:11738;自我动作实现.外设模块.ixx:11811;自我动作实现.外设模块.ixx:12936;自我动作实现.外设模块.ixx:12978;自我动作实现.外设模块.ixx:13090;自我动作实现.外设模块.ixx:13176;自我动作实现.外设模块.ixx:13464;自我动作实现.外设模块.ixx:14279;自我动作实现.外设模块.ixx:14971;自我动作实现.外设模块.ixx:15104;自我动作实现.外设模块.ixx:16810
yes	特征_外设观察像素簇候选已验证状态	特征_外设观察像素簇候选已验证状态	自我动作实现.外设模块.ixx:4717	12	按函数名执行对应处理。		自我动作实现.外设模块.ixx:4717;自我动作实现.外设模块.ixx:16459;自我动作实现.外设模块.ixx:16477;自我动作实现.外设模块.ixx:16534;自我动作实现.外设模块.ixx:21297;自我动作实现.外设模块.ixx:21305;自我动作实现.外设模块.ixx:22325;自我动作实现.外设模块.ixx:22408;自我动作实现.外设模块.ixx:22435;自我动作实现.外设模块.ixx:22624;自我动作实现.外设模块.ixx:22632;自我动作实现.外设模块.ixx:22724
yes	特征_关键特征变化观察状态	特征_关键特征变化观察状态	自我动作实现.外设模块.ixx:6183	12	按函数名执行对应处理。		自我动作实现.外设模块.ixx:6183;自我动作实现.外设模块.ixx:13707;自我动作实现.外设模块.ixx:15645;自我动作实现.外设模块.ixx:15854;自我动作实现.外设模块.ixx:15862;自我动作实现.外设模块.ixx:15951;自我动作实现.外设模块.ixx:18638;自我动作实现.外设模块.ixx:19046;自我动作实现.外设模块.ixx:20290;自我动作实现.外设模块.ixx:20301;自我动作实现.外设模块.ixx:20323;自我动作实现.外设模块.ixx:20770
yes	特征_安全因果因素证据搜索状态	特征_安全因果因素证据搜索状态	自我动作实现.外设模块.ixx:6526	12	在候选范围内搜索目标对象或路径。		自我动作实现.外设模块.ixx:6526;自我动作实现.外设模块.ixx:15753;自我动作实现.外设模块.ixx:15773;自我动作实现.外设模块.ixx:15804;自我动作实现.外设模块.ixx:15827;自我动作实现.外设模块.ixx:19370;自我动作实现.外设模块.ixx:19372;自我动作实现.外设模块.ixx:19457;自我动作实现.外设模块.ixx:19458;自我动作实现.外设模块.ixx:19541;自我动作实现.外设模块.ixx:19652;自我动作实现.外设模块.ixx:20864
yes	写入目标方法I64特征派生需求	写入目标方法I64特征派生需求	自我动作实现.外设模块.ixx:8048	12	把处理结果写入指定对象、场景或日志。		自我动作实现.外设模块.ixx:8048;自我动作实现模块.ixx:3017;自我动作实现模块.ixx:8748;自我动作实现模块.ixx:8959;自我动作实现模块.ixx:8978;自我动作实现模块.ixx:9123;自我动作实现模块.ixx:9318;自我动作实现模块.ixx:9793;自我动作实现模块.ixx:9819;自我动作实现模块.ixx:9837;自我动作实现模块.ixx:9863;自我动作实现模块.ixx:9885
yes	记录缺口	记录缺口	自我动作实现.扫描.ixx:1054	12	记录日志、动态、证据或运行痕迹。		自我动作实现.扫描.ixx:1054;自我动作实现.扫描.ixx:1144;自我动作实现.扫描.ixx:1799;自我动作实现.扫描.ixx:1803;自我动作实现.扫描.ixx:1833;自我动作实现.扫描.ixx:1845;自我动作实现.扫描.ixx:1891;自我动作实现.扫描.ixx:1904;自我动作实现.扫描.ixx:1914;自我动作实现.扫描.ixx:1925;自我动作实现.扫描.ixx:1950;自我动作实现.扫描.ixx:1981
yes	特征_输出结果场景	特征_输出结果场景	自我动作实现.扫描.ixx:443	12	按函数名执行对应处理。		自我动作实现.外设模块.ixx:1548;自我动作实现.外设模块.ixx:8924;自我动作实现.外设模块.ixx:17454;自我动作实现.扫描.ixx:443;自我动作实现.扫描.ixx:853;自我动作实现.服务模块.ixx:221;自我动作实现.服务模块.ixx:2144;自我动作实现.服务模块.ixx:2341;自我动作实现.服务模块.ixx:2355;自我动作实现模块.ixx:1072;自我动作实现模块.ixx:4065;自我动作实现模块.ixx:11928
yes	读取任务指针字段	读取任务指针字段	自我动作实现.服务模块.ixx:1973	12	从指定来源读取数据或状态。		自我动作实现.服务模块.ixx:1973;自我动作实现.服务模块.ixx:2003;自我动作实现.服务模块.ixx:2012;自我动作实现.服务模块.ixx:2223;自我动作实现.服务模块.ixx:2224;自我动作实现.服务模块.ixx:2280;自我动作实现.服务模块.ixx:2283;自我动作实现.服务模块.ixx:2348;自我动作实现.服务模块.ixx:2354;自我动作实现.服务模块.ixx:2355;自我动作实现.服务模块.ixx:2536;自我动作实现.服务模块.ixx:2920
yes	特征_输出结果场景	特征_输出结果场景	自我动作实现.服务模块.ixx:221	12	按函数名执行对应处理。		自我动作实现.外设模块.ixx:1548;自我动作实现.外设模块.ixx:8924;自我动作实现.外设模块.ixx:17454;自我动作实现.扫描.ixx:443;自我动作实现.扫描.ixx:853;自我动作实现.服务模块.ixx:221;自我动作实现.服务模块.ixx:2144;自我动作实现.服务模块.ixx:2341;自我动作实现.服务模块.ixx:2355;自我动作实现模块.ixx:1072;自我动作实现模块.ixx:4065;自我动作实现模块.ixx:11928
yes	约束服务评分	约束服务评分	自我动作实现.服务模块.ixx:2736	12	按函数名执行对应处理。		自我动作实现.服务模块.ixx:2736;自我动作实现.服务模块.ixx:2746;自我动作实现.服务模块.ixx:2757;自我动作实现.服务模块.ixx:2811;自我动作实现.服务模块.ixx:3535;自我动作实现.服务模块.ixx:3536;自我动作实现.服务模块.ixx:3537;自我动作实现.服务模块.ixx:3538;自我动作实现.服务模块.ixx:3540;自我动作实现.服务模块.ixx:3578;自我动作实现.服务模块.ixx:3609;自我动作实现.服务模块.ixx:3610
yes	特征_输出结果场景	特征_输出结果场景	自我动作实现模块.ixx:1072	12	按函数名执行对应处理。		自我动作实现.外设模块.ixx:1548;自我动作实现.外设模块.ixx:8924;自我动作实现.外设模块.ixx:17454;自我动作实现.扫描.ixx:443;自我动作实现.扫描.ixx:853;自我动作实现.服务模块.ixx:221;自我动作实现.服务模块.ixx:2144;自我动作实现.服务模块.ixx:2341;自我动作实现.服务模块.ixx:2355;自我动作实现模块.ixx:1072;自我动作实现模块.ixx:4065;自我动作实现模块.ixx:11928
yes	特征_相机帧宽度	特征_相机帧宽度	自我动作实现模块.ixx:1714	12	按函数名执行对应处理。		自我动作实现.外设模块.ixx:2344;自我动作实现.外设模块.ixx:12003;自我动作实现.外设模块.ixx:12133;自我动作实现.外设模块.ixx:12500;自我动作实现.外设模块.ixx:12553;自我动作实现.外设模块.ixx:14890;自我动作实现.外设模块.ixx:15022;自我动作实现.外设模块.ixx:15288;自我动作实现.外设模块.ixx:15323;自我动作实现.外设模块.ixx:15468;自我动作实现.外设模块.ixx:17779;自我动作实现模块.ixx:1714
yes	特征_相机帧高度	特征_相机帧高度	自我动作实现模块.ixx:1721	12	按函数名执行对应处理。		自我动作实现.外设模块.ixx:2351;自我动作实现.外设模块.ixx:12004;自我动作实现.外设模块.ixx:12134;自我动作实现.外设模块.ixx:12501;自我动作实现.外设模块.ixx:12554;自我动作实现.外设模块.ixx:14891;自我动作实现.外设模块.ixx:15023;自我动作实现.外设模块.ixx:15289;自我动作实现.外设模块.ixx:15324;自我动作实现.外设模块.ixx:15469;自我动作实现.外设模块.ixx:17780;自我动作实现模块.ixx:1721
yes	特征_深度帧号	特征_深度帧号	自我动作实现模块.ixx:1728	12	按函数名执行对应处理。		自我动作实现.外设模块.ixx:2358;自我动作实现.外设模块.ixx:12005;自我动作实现.外设模块.ixx:12506;自我动作实现.外设模块.ixx:12568;自我动作实现.外设模块.ixx:14892;自我动作实现.外设模块.ixx:15024;自我动作实现.外设模块.ixx:15290;自我动作实现.外设模块.ixx:15325;自我动作实现.外设模块.ixx:15470;自我动作实现.外设模块.ixx:17781;自我动作实现.外设模块.ixx:23937;自我动作实现模块.ixx:1728
yes	特征_彩色帧号	特征_彩色帧号	自我动作实现模块.ixx:1735	12	按函数名执行对应处理。		自我动作实现.外设模块.ixx:2365;自我动作实现.外设模块.ixx:12006;自我动作实现.外设模块.ixx:12507;自我动作实现.外设模块.ixx:12571;自我动作实现.外设模块.ixx:14893;自我动作实现.外设模块.ixx:15025;自我动作实现.外设模块.ixx:15291;自我动作实现.外设模块.ixx:15326;自我动作实现.外设模块.ixx:15471;自我动作实现.外设模块.ixx:17782;自我动作实现.外设模块.ixx:23938;自我动作实现模块.ixx:1735
yes	特征_方法最近连续成功次数	特征_方法最近连续成功次数	自我动作实现模块.ixx:717	12	按函数名执行对应处理。		自我动作实现.外设模块.ixx:1193;自我动作实现.外设模块.ixx:8956;自我动作实现.外设模块.ixx:8983;自我动作实现模块.ixx:717;自我动作实现模块.ixx:4097;自我动作实现模块.ixx:4124;自我动作实现模块.ixx:5797;自我动作实现模块.ixx:5802;自我动作实现模块.ixx:9428;自我动作实现模块.ixx:9881;自我动作实现模块.ixx:9888;自我动作实现模块.ixx:10015
yes	私有_创建状态节点	私有_创建状态节点	自我类.cpp:489	12	创建并返回或登记对应对象。		自我类.cpp:489;自我类.cpp:575;自我类.cpp:582;自我类.cpp:663;自我类.cpp:672;自我类.cpp:741;自我类.cpp:750;自我类.cpp:1098;自我类.cpp:1149;自我类.cpp:1351;自我类.cpp:2228;自我类.cpp:2238
yes	私有_记录本能动作_I64	私有_记录本能动作_I64	自我类.cpp:550	12	记录日志、动态、证据或运行痕迹。		自我类.cpp:550;自我类.cpp:1368;自我类.cpp:1380;自我类.cpp:1415;自我类.cpp:1443;自我类.cpp:1471;自我类.cpp:1499;自我类.cpp:1537;自我类.cpp:1575;自我类.cpp:1612;自我类.cpp:1644;自我类.cpp:1753
yes	同步后返回执行尝试汇总对账结果	同步后返回执行尝试汇总对账结果	自我线程模块.消息协议.ixx:592	12	同步线程、任务、场景或对象之间的状态。		自我线程模块.消息协议.ixx:592;自我线程模块.消息协议.ixx:1084;自我线程模块.消息协议.ixx:1114;自我线程模块.消息协议.ixx:1125;自我线程模块.消息协议.ixx:1131;自我线程模块.消息协议.ixx:1136;自我线程模块.消息协议.ixx:1146;自我线程模块.消息协议.ixx:1155;自我线程模块.消息协议.ixx:1162;自我线程模块.消息协议.ixx:1193;自我线程模块.消息协议.ixx:1202;自我线程模块.消息协议.ixx:1211
yes	需求类::解析需求目标宿主	解析需求目标宿主	需求类.cpp:1555	12	解析需求目标宿主，不创建或修改节点。		任务模块.筹办.ixx:768;任务模块.筹办.ixx:1469;任务模块.筹办.ixx:3086;任务模块.管理界面线程.impl.cpp:1904;任务模块.管理界面线程.impl.cpp:4160;自我线程模块.impl.cpp:3001;自我线程模块.impl.cpp:6111;自我线程模块.impl.cpp:8055;自我线程模块.impl.cpp:8233;自我线程模块.impl.cpp:8373;自我线程模块.impl.cpp:8668;需求类.cpp:1555
yes	记录观测	记录观测	基础数据类型.h:202	12	std::int64_t 可信度 = 10000; // Q10000 //不需要	header_definition	二次特征应用模块.ixx:2385;二次特征类.cpp:1343;二次特征类.cpp:1375;二次特征类.cpp:1497;二次特征类.cpp:1523;基础数据类型.h:202;特征类.cpp:2598;特征类.cpp:2781;状态类.cpp:337;状态类.cpp:832;需求类.h:1155;需求类.h:1256
yes	IsWindow	IsWindow	控制面板WebView2.cpp:1883	12	按函数名执行对应处理。	constructor_like	控制面板WebView2.cpp:1883;控制面板WebView2.cpp:1895;控制面板WebView2.cpp:1921;控制面板WebView2.cpp:1934;控制面板WebView2.cpp:1978;控制面板WebView2.cpp:2057;控制面板WebView2.cpp:2069;控制面板WebView2.cpp:2112;控制面板WebView2.cpp:2127;控制面板WebView2.cpp:2130;控制面板WebView2.cpp:2133;控制面板WebView2.cpp:2160
yes	IsWindow	IsWindow	控制面板WebView2.cpp:1895	12	按函数名执行对应处理。	constructor_like	控制面板WebView2.cpp:1883;控制面板WebView2.cpp:1895;控制面板WebView2.cpp:1921;控制面板WebView2.cpp:1934;控制面板WebView2.cpp:1978;控制面板WebView2.cpp:2057;控制面板WebView2.cpp:2069;控制面板WebView2.cpp:2112;控制面板WebView2.cpp:2127;控制面板WebView2.cpp:2130;控制面板WebView2.cpp:2133;控制面板WebView2.cpp:2160
yes	IsWindow	IsWindow	控制面板WebView2.cpp:1921	12	按函数名执行对应处理。	constructor_like	控制面板WebView2.cpp:1883;控制面板WebView2.cpp:1895;控制面板WebView2.cpp:1921;控制面板WebView2.cpp:1934;控制面板WebView2.cpp:1978;控制面板WebView2.cpp:2057;控制面板WebView2.cpp:2069;控制面板WebView2.cpp:2112;控制面板WebView2.cpp:2127;控制面板WebView2.cpp:2130;控制面板WebView2.cpp:2133;控制面板WebView2.cpp:2160
yes	IsWindow	IsWindow	控制面板WebView2.cpp:1934	12	按函数名执行对应处理。	constructor_like	控制面板WebView2.cpp:1883;控制面板WebView2.cpp:1895;控制面板WebView2.cpp:1921;控制面板WebView2.cpp:1934;控制面板WebView2.cpp:1978;控制面板WebView2.cpp:2057;控制面板WebView2.cpp:2069;控制面板WebView2.cpp:2112;控制面板WebView2.cpp:2127;控制面板WebView2.cpp:2130;控制面板WebView2.cpp:2133;控制面板WebView2.cpp:2160
yes	IsWindow	IsWindow	控制面板WebView2.cpp:1978	12	按函数名执行对应处理。	constructor_like	控制面板WebView2.cpp:1883;控制面板WebView2.cpp:1895;控制面板WebView2.cpp:1921;控制面板WebView2.cpp:1934;控制面板WebView2.cpp:1978;控制面板WebView2.cpp:2057;控制面板WebView2.cpp:2069;控制面板WebView2.cpp:2112;控制面板WebView2.cpp:2127;控制面板WebView2.cpp:2130;控制面板WebView2.cpp:2133;控制面板WebView2.cpp:2160
yes	IsWindow	IsWindow	控制面板WebView2.cpp:2057	12	按函数名执行对应处理。	constructor_like	控制面板WebView2.cpp:1883;控制面板WebView2.cpp:1895;控制面板WebView2.cpp:1921;控制面板WebView2.cpp:1934;控制面板WebView2.cpp:1978;控制面板WebView2.cpp:2057;控制面板WebView2.cpp:2069;控制面板WebView2.cpp:2112;控制面板WebView2.cpp:2127;控制面板WebView2.cpp:2130;控制面板WebView2.cpp:2133;控制面板WebView2.cpp:2160
yes	IsWindow	IsWindow	控制面板WebView2.cpp:2069	12	按函数名执行对应处理。	constructor_like	控制面板WebView2.cpp:1883;控制面板WebView2.cpp:1895;控制面板WebView2.cpp:1921;控制面板WebView2.cpp:1934;控制面板WebView2.cpp:1978;控制面板WebView2.cpp:2057;控制面板WebView2.cpp:2069;控制面板WebView2.cpp:2112;控制面板WebView2.cpp:2127;控制面板WebView2.cpp:2130;控制面板WebView2.cpp:2133;控制面板WebView2.cpp:2160
yes	IsWindow	IsWindow	控制面板WebView2.cpp:2112	12	按函数名执行对应处理。	constructor_like	控制面板WebView2.cpp:1883;控制面板WebView2.cpp:1895;控制面板WebView2.cpp:1921;控制面板WebView2.cpp:1934;控制面板WebView2.cpp:1978;控制面板WebView2.cpp:2057;控制面板WebView2.cpp:2069;控制面板WebView2.cpp:2112;控制面板WebView2.cpp:2127;控制面板WebView2.cpp:2130;控制面板WebView2.cpp:2133;控制面板WebView2.cpp:2160
yes	私有_方法状态特征类型_执行桥_最小_v0	私有_方法状态特征类型_执行桥_最小_v0	任务模块.执行.ixx:241	13	执行任务、方法或动作的主体逻辑。		任务模块.执行.ixx:241;任务模块.执行.ixx:504;任务模块.执行.ixx:566;任务模块.执行.ixx:574;任务模块.执行.ixx:743;任务模块.执行.ixx:787;任务模块.执行.ixx:794;任务模块.筹办.ixx:1596;任务模块.筹办.ixx:2565;任务模块.筹办.ixx:5275;任务模块.筹办.ixx:5326;任务模块.管理工作线程.ixx:1303
yes	特征_选中自我能力值	特征_选中自我能力值	任务模块.筹办.ixx:3130	13	按函数名执行对应处理。		任务模块.筹办.ixx:3130;任务模块.筹办.ixx:3916;任务模块.筹办.ixx:4603;任务模块.筹办.ixx:4607;任务模块.筹办.ixx:4613;自我动作实现.外设模块.ixx:1903;自我动作实现模块.ixx:1427;自我动作实现模块.ixx:7313;自我动作实现模块.ixx:7316;自我动作实现模块.ixx:7322;自我动作实现模块.ixx:9498;自我动作实现模块.ixx:10909
yes	私有_读取状态I64值_工作线程	私有_读取状态I64值_工作线程	任务模块.管理工作线程.ixx:1476	13	从指定来源读取数据或状态。		任务模块.管理工作线程.ixx:1476;任务模块.管理工作线程.ixx:1506;任务模块.管理工作线程.ixx:1507;任务模块.管理工作线程.ixx:1721;任务模块.管理工作线程.ixx:1722;任务模块.管理工作线程.ixx:1861;任务模块.管理工作线程.ixx:1862;任务模块.管理工作线程.ixx:1911;任务模块.管理工作线程.ixx:1912;任务模块.管理工作线程.ixx:1913;任务模块.管理工作线程.ixx:2251;任务模块.管理工作线程.ixx:2252
yes	私有_需求主键	私有_需求主键	任务模块.管理工作线程.ixx:178	13	服务所在模块的内部辅助流程。		任务模块.管理工作线程.ixx:178;任务模块.管理工作线程.ixx:684;任务模块.管理工作线程.ixx:1464;任务模块.管理工作线程.ixx:1513;任务模块.管理工作线程.ixx:2024;任务模块.管理工作线程.ixx:2045;任务模块.管理工作线程.ixx:2078;任务模块.管理工作线程.ixx:2103;任务模块.管理工作线程.ixx:2130;任务模块.管理工作线程.ixx:2304;任务模块.管理工作线程.ixx:3123;任务模块.管理工作线程.ixx:3163
yes	任务类::读取任务执行方法	读取任务执行方法	任务类.cpp:2042	13	从指定来源读取数据或状态。		任务模块.执行.ixx:222;任务模块.执行.ixx:1431;任务模块.筹办.ixx:3025;任务模块.筹办.ixx:5029;任务模块.管理工作线程.ixx:1970;任务模块.管理工作线程.ixx:2431;任务模块.管理工作线程.ixx:2866;任务模块.管理工作线程.ixx:2925;任务模块.管理界面线程.impl.cpp:1090;任务模块.管理界面线程.impl.cpp:5938;任务类.cpp:2042;任务类.cpp:2056
yes	任务类::读取任务执行方法	读取任务执行方法	任务类.cpp:2056	13	从指定来源读取数据或状态。		任务模块.执行.ixx:222;任务模块.执行.ixx:1431;任务模块.筹办.ixx:3025;任务模块.筹办.ixx:5029;任务模块.管理工作线程.ixx:1970;任务模块.管理工作线程.ixx:2431;任务模块.管理工作线程.ixx:2866;任务模块.管理工作线程.ixx:2925;任务模块.管理界面线程.impl.cpp:1090;任务模块.管理界面线程.impl.cpp:5938;任务类.cpp:2042;任务类.cpp:2056
yes	模板族	模板族	度量模板注册表类.ixx:195	13	按函数名执行对应处理。		度量模板注册表类.ixx:73;度量模板注册表类.ixx:107;度量模板注册表类.ixx:195;度量模板注册表类.ixx:217;度量模板注册表类.ixx:239;度量模板注册表类.ixx:251;度量模板注册表类.ixx:263;度量模板注册表类.ixx:285;度量模板注册表类.ixx:297;度量模板注册表类.ixx:319;度量模板注册表类.ixx:355;度量模板注册表类.ixx:381
yes	匹配链键	匹配链键	度量模板注册表类.ixx:201	13	按函数名执行对应处理。		度量模板注册表类.ixx:75;度量模板注册表类.ixx:144;度量模板注册表类.ixx:201;度量模板注册表类.ixx:223;度量模板注册表类.ixx:245;度量模板注册表类.ixx:257;度量模板注册表类.ixx:269;度量模板注册表类.ixx:291;度量模板注册表类.ixx:303;度量模板注册表类.ixx:336;度量模板注册表类.ixx:372;度量模板注册表类.ixx:398
yes	模板族	模板族	度量模板注册表类.ixx:217	13	按函数名执行对应处理。		度量模板注册表类.ixx:73;度量模板注册表类.ixx:107;度量模板注册表类.ixx:195;度量模板注册表类.ixx:217;度量模板注册表类.ixx:239;度量模板注册表类.ixx:251;度量模板注册表类.ixx:263;度量模板注册表类.ixx:285;度量模板注册表类.ixx:297;度量模板注册表类.ixx:319;度量模板注册表类.ixx:355;度量模板注册表类.ixx:381
yes	匹配链键	匹配链键	度量模板注册表类.ixx:223	13	按函数名执行对应处理。		度量模板注册表类.ixx:75;度量模板注册表类.ixx:144;度量模板注册表类.ixx:201;度量模板注册表类.ixx:223;度量模板注册表类.ixx:245;度量模板注册表类.ixx:257;度量模板注册表类.ixx:269;度量模板注册表类.ixx:291;度量模板注册表类.ixx:303;度量模板注册表类.ixx:336;度量模板注册表类.ixx:372;度量模板注册表类.ixx:398
yes	模板族	模板族	度量模板注册表类.ixx:239	13	按函数名执行对应处理。		度量模板注册表类.ixx:73;度量模板注册表类.ixx:107;度量模板注册表类.ixx:195;度量模板注册表类.ixx:217;度量模板注册表类.ixx:239;度量模板注册表类.ixx:251;度量模板注册表类.ixx:263;度量模板注册表类.ixx:285;度量模板注册表类.ixx:297;度量模板注册表类.ixx:319;度量模板注册表类.ixx:355;度量模板注册表类.ixx:381
yes	匹配链键	匹配链键	度量模板注册表类.ixx:245	13	按函数名执行对应处理。		度量模板注册表类.ixx:75;度量模板注册表类.ixx:144;度量模板注册表类.ixx:201;度量模板注册表类.ixx:223;度量模板注册表类.ixx:245;度量模板注册表类.ixx:257;度量模板注册表类.ixx:269;度量模板注册表类.ixx:291;度量模板注册表类.ixx:303;度量模板注册表类.ixx:336;度量模板注册表类.ixx:372;度量模板注册表类.ixx:398
yes	模板族	模板族	度量模板注册表类.ixx:251	13	按函数名执行对应处理。		度量模板注册表类.ixx:73;度量模板注册表类.ixx:107;度量模板注册表类.ixx:195;度量模板注册表类.ixx:217;度量模板注册表类.ixx:239;度量模板注册表类.ixx:251;度量模板注册表类.ixx:263;度量模板注册表类.ixx:285;度量模板注册表类.ixx:297;度量模板注册表类.ixx:319;度量模板注册表类.ixx:355;度量模板注册表类.ixx:381
yes	匹配链键	匹配链键	度量模板注册表类.ixx:257	13	按函数名执行对应处理。		度量模板注册表类.ixx:75;度量模板注册表类.ixx:144;度量模板注册表类.ixx:201;度量模板注册表类.ixx:223;度量模板注册表类.ixx:245;度量模板注册表类.ixx:257;度量模板注册表类.ixx:269;度量模板注册表类.ixx:291;度量模板注册表类.ixx:303;度量模板注册表类.ixx:336;度量模板注册表类.ixx:372;度量模板注册表类.ixx:398
yes	模板族	模板族	度量模板注册表类.ixx:263	13	按函数名执行对应处理。		度量模板注册表类.ixx:73;度量模板注册表类.ixx:107;度量模板注册表类.ixx:195;度量模板注册表类.ixx:217;度量模板注册表类.ixx:239;度量模板注册表类.ixx:251;度量模板注册表类.ixx:263;度量模板注册表类.ixx:285;度量模板注册表类.ixx:297;度量模板注册表类.ixx:319;度量模板注册表类.ixx:355;度量模板注册表类.ixx:381
yes	匹配链键	匹配链键	度量模板注册表类.ixx:269	13	按函数名执行对应处理。		度量模板注册表类.ixx:75;度量模板注册表类.ixx:144;度量模板注册表类.ixx:201;度量模板注册表类.ixx:223;度量模板注册表类.ixx:245;度量模板注册表类.ixx:257;度量模板注册表类.ixx:269;度量模板注册表类.ixx:291;度量模板注册表类.ixx:303;度量模板注册表类.ixx:336;度量模板注册表类.ixx:372;度量模板注册表类.ixx:398
yes	模板族	模板族	度量模板注册表类.ixx:285	13	按函数名执行对应处理。		度量模板注册表类.ixx:73;度量模板注册表类.ixx:107;度量模板注册表类.ixx:195;度量模板注册表类.ixx:217;度量模板注册表类.ixx:239;度量模板注册表类.ixx:251;度量模板注册表类.ixx:263;度量模板注册表类.ixx:285;度量模板注册表类.ixx:297;度量模板注册表类.ixx:319;度量模板注册表类.ixx:355;度量模板注册表类.ixx:381
yes	匹配链键	匹配链键	度量模板注册表类.ixx:291	13	按函数名执行对应处理。		度量模板注册表类.ixx:75;度量模板注册表类.ixx:144;度量模板注册表类.ixx:201;度量模板注册表类.ixx:223;度量模板注册表类.ixx:245;度量模板注册表类.ixx:257;度量模板注册表类.ixx:269;度量模板注册表类.ixx:291;度量模板注册表类.ixx:303;度量模板注册表类.ixx:336;度量模板注册表类.ixx:372;度量模板注册表类.ixx:398
yes	模板族	模板族	度量模板注册表类.ixx:297	13	按函数名执行对应处理。		度量模板注册表类.ixx:73;度量模板注册表类.ixx:107;度量模板注册表类.ixx:195;度量模板注册表类.ixx:217;度量模板注册表类.ixx:239;度量模板注册表类.ixx:251;度量模板注册表类.ixx:263;度量模板注册表类.ixx:285;度量模板注册表类.ixx:297;度量模板注册表类.ixx:319;度量模板注册表类.ixx:355;度量模板注册表类.ixx:381
yes	匹配链键	匹配链键	度量模板注册表类.ixx:303	13	按函数名执行对应处理。		度量模板注册表类.ixx:75;度量模板注册表类.ixx:144;度量模板注册表类.ixx:201;度量模板注册表类.ixx:223;度量模板注册表类.ixx:245;度量模板注册表类.ixx:257;度量模板注册表类.ixx:269;度量模板注册表类.ixx:291;度量模板注册表类.ixx:303;度量模板注册表类.ixx:336;度量模板注册表类.ixx:372;度量模板注册表类.ixx:398
yes	模板族	模板族	度量模板注册表类.ixx:319	13	按函数名执行对应处理。		度量模板注册表类.ixx:73;度量模板注册表类.ixx:107;度量模板注册表类.ixx:195;度量模板注册表类.ixx:217;度量模板注册表类.ixx:239;度量模板注册表类.ixx:251;度量模板注册表类.ixx:263;度量模板注册表类.ixx:285;度量模板注册表类.ixx:297;度量模板注册表类.ixx:319;度量模板注册表类.ixx:355;度量模板注册表类.ixx:381
yes	匹配链键	匹配链键	度量模板注册表类.ixx:336	13	按函数名执行对应处理。		度量模板注册表类.ixx:75;度量模板注册表类.ixx:144;度量模板注册表类.ixx:201;度量模板注册表类.ixx:223;度量模板注册表类.ixx:245;度量模板注册表类.ixx:257;度量模板注册表类.ixx:269;度量模板注册表类.ixx:291;度量模板注册表类.ixx:303;度量模板注册表类.ixx:336;度量模板注册表类.ixx:372;度量模板注册表类.ixx:398
yes	模板族	模板族	度量模板注册表类.ixx:355	13	按函数名执行对应处理。		度量模板注册表类.ixx:73;度量模板注册表类.ixx:107;度量模板注册表类.ixx:195;度量模板注册表类.ixx:217;度量模板注册表类.ixx:239;度量模板注册表类.ixx:251;度量模板注册表类.ixx:263;度量模板注册表类.ixx:285;度量模板注册表类.ixx:297;度量模板注册表类.ixx:319;度量模板注册表类.ixx:355;度量模板注册表类.ixx:381
yes	匹配链键	匹配链键	度量模板注册表类.ixx:372	13	按函数名执行对应处理。		度量模板注册表类.ixx:75;度量模板注册表类.ixx:144;度量模板注册表类.ixx:201;度量模板注册表类.ixx:223;度量模板注册表类.ixx:245;度量模板注册表类.ixx:257;度量模板注册表类.ixx:269;度量模板注册表类.ixx:291;度量模板注册表类.ixx:303;度量模板注册表类.ixx:336;度量模板注册表类.ixx:372;度量模板注册表类.ixx:398
yes	模板族	模板族	度量模板注册表类.ixx:381	13	按函数名执行对应处理。		度量模板注册表类.ixx:73;度量模板注册表类.ixx:107;度量模板注册表类.ixx:195;度量模板注册表类.ixx:217;度量模板注册表类.ixx:239;度量模板注册表类.ixx:251;度量模板注册表类.ixx:263;度量模板注册表类.ixx:285;度量模板注册表类.ixx:297;度量模板注册表类.ixx:319;度量模板注册表类.ixx:355;度量模板注册表类.ixx:381
yes	匹配链键	匹配链键	度量模板注册表类.ixx:398	13	按函数名执行对应处理。		度量模板注册表类.ixx:75;度量模板注册表类.ixx:144;度量模板注册表类.ixx:201;度量模板注册表类.ixx:223;度量模板注册表类.ixx:245;度量模板注册表类.ixx:257;度量模板注册表类.ixx:269;度量模板注册表类.ixx:291;度量模板注册表类.ixx:303;度量模板注册表类.ixx:336;度量模板注册表类.ixx:372;度量模板注册表类.ixx:398
yes	模板族	模板族	度量模板注册表类.ixx:418	13	按函数名执行对应处理。		度量模板注册表类.ixx:73;度量模板注册表类.ixx:107;度量模板注册表类.ixx:195;度量模板注册表类.ixx:217;度量模板注册表类.ixx:239;度量模板注册表类.ixx:251;度量模板注册表类.ixx:263;度量模板注册表类.ixx:285;度量模板注册表类.ixx:297;度量模板注册表类.ixx:319;度量模板注册表类.ixx:355;度量模板注册表类.ixx:381
yes	匹配链键	匹配链键	度量模板注册表类.ixx:435	13	按函数名执行对应处理。		度量模板注册表类.ixx:75;度量模板注册表类.ixx:144;度量模板注册表类.ixx:201;度量模板注册表类.ixx:223;度量模板注册表类.ixx:245;度量模板注册表类.ixx:257;度量模板注册表类.ixx:269;度量模板注册表类.ixx:291;度量模板注册表类.ixx:303;度量模板注册表类.ixx:336;度量模板注册表类.ixx:372;度量模板注册表类.ixx:398
yes	私有_UTF8转宽字串	私有_UTF8转宽字串	控制面板WebView2.cpp:153	13	服务所在模块的内部辅助流程。		控制面板WebView2.cpp:153;控制面板WebView2.cpp:817;控制面板WebView2.cpp:837;控制面板WebView2.cpp:858;控制面板WebView2.cpp:876;控制面板WebView2.cpp:1327;控制面板WebView2.cpp:1520;控制面板WebView2.cpp:1539;控制面板WebView2.cpp:1559;数据库ADO模块.cpp:36;数据库ADO模块.cpp:160;数据库ADO模块.cpp:647
yes	私有_创建结构省略节点	私有_创建结构省略节点	控制面板类.cpp:2753	13	创建并返回或登记对应对象。		控制面板类.cpp:2753;控制面板类.cpp:5160;控制面板类.cpp:5409;控制面板类.cpp:5556;控制面板类.cpp:5750;控制面板类.cpp:5785;控制面板类.cpp:5817;控制面板类.cpp:5856;控制面板类.cpp:5888;控制面板类.cpp:10654;控制面板类.cpp:10679;控制面板类.cpp:10703
yes	私有_UTF8转宽字串	私有_UTF8转宽字串	数据库ADO模块.cpp:36	13	把 UTF-8 文本转换为 Windows 宽字串。		控制面板WebView2.cpp:153;控制面板WebView2.cpp:817;控制面板WebView2.cpp:837;控制面板WebView2.cpp:858;控制面板WebView2.cpp:876;控制面板WebView2.cpp:1327;控制面板WebView2.cpp:1520;控制面板WebView2.cpp:1539;控制面板WebView2.cpp:1559;数据库ADO模块.cpp:36;数据库ADO模块.cpp:160;数据库ADO模块.cpp:647
yes	方法类::方法条件节点数量	方法条件节点数量	方法类.cpp:1984	13	统计方法首节点的条件节点数量。		任务模块.执行.ixx:583;任务模块.筹办.ixx:2334;任务模块.筹办.ixx:2923;任务模块.筹办.ixx:4832;任务模块.筹办.ixx:4857;任务模块.筹办.ixx:5358;方法类.cpp:1984;自我动作实现.外设模块.ixx:8512;自我动作实现模块.ixx:3579;自我动作实现模块.ixx:9515;自我动作实现模块.ixx:9816;自我动作实现模块.ixx:9823
yes	初始化	初始化	日志模块.ixx:471	13	初始化相关对象、状态或运行上下文。		世界树类.cpp:1541;世界树类.cpp:1542;世界树类.cpp:1543;世界树类.h:36;基础信息类.h:26;日志模块.ixx:41;日志模块.ixx:102;日志模块.ixx:471;日志模块.ixx:554;特征值类.h:27;自我类.初始化.cpp:300;语素类.h:42
yes	特征_参数值类型	特征_参数值类型	自我动作实现.外设模块.ixx:1102	13	按函数名执行对应处理。		自我动作实现.外设模块.ixx:1102;自我动作实现.外设模块.ixx:8363;自我动作实现模块.ixx:619;自我动作实现模块.ixx:3242;自我动作实现模块.ixx:5905;自我动作实现模块.ixx:5982;自我动作实现模块.ixx:6035;自我动作实现模块.ixx:6059;自我动作实现模块.ixx:6277;自我动作实现模块.ixx:6278;自我动作实现模块.ixx:6453;自我动作实现模块.ixx:6489
yes	读取当前场景已确认存在集合	读取当前场景已确认存在集合	自我动作实现.外设模块.ixx:13374	13	从指定来源读取数据或状态。		自我动作实现.外设模块.ixx:13374;自我动作实现.外设模块.ixx:18657;自我动作实现.外设模块.ixx:19864;自我动作实现.外设模块.ixx:20203;自我动作实现.外设模块.ixx:20603;自我动作实现.外设模块.ixx:20765;自我动作实现.外设模块.ixx:21321;自我动作实现.外设模块.ixx:22639;自我动作实现.外设模块.ixx:22811;自我动作实现.外设模块.ixx:22935;自我动作实现.外设模块.ixx:23632;自我动作实现.外设模块.ixx:23901
yes	特征_方法条件节点	特征_方法条件节点	自我动作实现.外设模块.ixx:1611	13	按函数名执行对应处理。		自我动作实现.外设模块.ixx:1611;自我动作实现模块.ixx:1135;自我动作实现模块.ixx:3679;自我动作实现模块.ixx:3738;自我动作实现模块.ixx:4932;自我动作实现模块.ixx:5794;自我动作实现模块.ixx:7014;自我动作实现模块.ixx:7243;自我动作实现模块.ixx:7262;自我动作实现模块.ixx:8657;自我动作实现模块.ixx:8882;自我动作实现模块.ixx:11920
yes	特征_选中自我能力值	特征_选中自我能力值	自我动作实现.外设模块.ixx:1903	13	按函数名执行对应处理。		任务模块.筹办.ixx:3130;任务模块.筹办.ixx:3916;任务模块.筹办.ixx:4603;任务模块.筹办.ixx:4607;任务模块.筹办.ixx:4613;自我动作实现.外设模块.ixx:1903;自我动作实现模块.ixx:1427;自我动作实现模块.ixx:7313;自我动作实现模块.ixx:7316;自我动作实现模块.ixx:7322;自我动作实现模块.ixx:9498;自我动作实现模块.ixx:10909
yes	值_方法虚拟存在缺失	值_方法虚拟存在缺失	自我动作实现.外设模块.ixx:2043	13	按函数名执行对应处理。		自我动作实现.外设模块.ixx:2043;自我动作实现.外设模块.ixx:9223;自我动作实现.外设模块.ixx:9242;自我动作实现模块.ixx:1567;自我动作实现模块.ixx:4382;自我动作实现模块.ixx:4401;自我动作实现模块.ixx:8502;自我动作实现模块.ixx:8924;自我动作实现模块.ixx:8927;自我动作实现模块.ixx:9267;自我动作实现模块.ixx:9953;自我动作实现模块.ixx:10561
yes	读取提交入口指针	读取提交入口指针	自我动作实现.外设模块.ixx:23092	13	从指定来源读取数据或状态。		自我动作实现.外设模块.ixx:20923;自我动作实现.外设模块.ixx:20967;自我动作实现.外设模块.ixx:20980;自我动作实现.外设模块.ixx:20987;自我动作实现.外设模块.ixx:21732;自我动作实现.外设模块.ixx:21809;自我动作实现.外设模块.ixx:21823;自我动作实现.外设模块.ixx:21829;自我动作实现.外设模块.ixx:23092;自我动作实现.外设模块.ixx:23112;自我动作实现.外设模块.ixx:24470;自我动作实现.外设模块.ixx:24471
yes	读取提交入口动作动态_按特征	读取提交入口动作动态_按特征	自我动作实现.外设模块.ixx:23105	13	从指定来源读取数据或状态。		自我动作实现.外设模块.ixx:23105;自我动作实现.外设模块.ixx:23124;自我动作实现.外设模块.ixx:23125;自我动作实现.外设模块.ixx:23126;自我动作实现.外设模块.ixx:23127;自我动作实现.外设模块.ixx:23128;自我动作实现.外设模块.ixx:23129;自我动作实现.外设模块.ixx:23130;自我动作实现.外设模块.ixx:23131;自我动作实现.外设模块.ixx:23132;自我动作实现.外设模块.ixx:23133;自我动作实现.外设模块.ixx:23134
yes	特征_外设观察存在可复验状态	特征_外设观察存在可复验状态	自我动作实现.外设模块.ixx:2449	13	按函数名执行对应处理。		自我动作实现.外设模块.ixx:2449;自我动作实现.外设模块.ixx:12499;自我动作实现.外设模块.ixx:15467;自我动作实现.外设模块.ixx:15484;自我动作实现.外设模块.ixx:15485;自我动作实现.外设模块.ixx:15486;自我动作实现.外设模块.ixx:16132;自我动作实现.外设模块.ixx:16471;自我动作实现.外设模块.ixx:16513;自我动作实现.外设模块.ixx:16517;自我动作实现.外设模块.ixx:21253;自我动作实现.外设模块.ixx:22420
yes	特征_目标存在跟踪状态	特征_目标存在跟踪状态	自我动作实现.外设模块.ixx:4598	13	执行跟踪相关定位、匹配或结果输出逻辑。		自我动作实现.外设模块.ixx:4598;自我动作实现.外设模块.ixx:16240;自我动作实现.外设模块.ixx:16259;自我动作实现.外设模块.ixx:16417;自我动作实现.外设模块.ixx:16422;自我动作实现.外设模块.ixx:21919;自我动作实现.外设模块.ixx:21954;自我动作实现.外设模块.ixx:22015;自我动作实现.外设模块.ixx:23856;自我动作实现.外设模块.ixx:23962;自我动作实现.外设模块.ixx:23975;自我动作实现.外设模块.ixx:24666
yes	特征_已验证观察存在数量	特征_已验证观察存在数量	自我动作实现.外设模块.ixx:5312	13	按函数名执行对应处理。		自我动作实现.外设模块.ixx:5312;自我动作实现.外设模块.ixx:13065;自我动作实现.外设模块.ixx:13235;自我动作实现.外设模块.ixx:14999;自我动作实现.外设模块.ixx:15128;自我动作实现.外设模块.ixx:16576;自我动作实现.外设模块.ixx:16947;自我动作实现.外设模块.ixx:21446;自我动作实现.外设模块.ixx:23006;自我动作实现.外设模块.ixx:23397;自我动作实现.外设模块.ixx:23401;自我动作实现.外设模块.ixx:24039
yes	特征_候选实参数量	特征_候选实参数量	自我动作实现.外设模块.ixx:5529	13	按函数名执行对应处理。		自我动作实现.外设模块.ixx:5529;自我动作实现模块.ixx:1945;自我动作实现模块.ixx:5785;自我动作实现模块.ixx:6671;自我动作实现模块.ixx:6699;自我动作实现模块.ixx:6700;自我动作实现模块.ixx:6735;自我动作实现模块.ixx:6736;自我动作实现模块.ixx:6856;自我动作实现模块.ixx:6859;自我动作实现模块.ixx:9051;自我动作实现模块.ixx:9491
yes	输入包根	输入包根	自我动作实现.外设模块.ixx:7783	13	按函数名执行对应处理。		自我动作实现.外设模块.ixx:7783;自我动作实现.外设模块.ixx:7801;自我动作实现.外设模块.ixx:7816;自我动作实现.外设模块.ixx:8594;自我动作实现.服务模块.ixx:1188;自我动作实现.服务模块.ixx:1227;自我动作实现.服务模块.ixx:1556;自我动作实现模块.ixx:2789;自我动作实现模块.ixx:2807;自我动作实现模块.ixx:2822;自我动作实现模块.ixx:3915;自我动作实现模块.ixx:4775
yes	读取输入包I64	读取输入包I64	自我动作实现.外设模块.ixx:7795	13	从指定来源读取数据或状态。		自我动作实现.外设模块.ixx:7795;自我动作实现.外设模块.ixx:7892;自我动作实现.外设模块.ixx:7893;自我动作实现.外设模块.ixx:7894;自我动作实现.外设模块.ixx:25396;自我动作实现.外设模块.ixx:25397;自我动作实现.外设模块.ixx:25398;自我动作实现.外设模块.ixx:25401;自我动作实现.外设模块.ixx:25402;自我动作实现.外设模块.ixx:25403;自我动作实现.服务模块.ixx:1550;自我动作实现.服务模块.ixx:1570
yes	输入包根	输入包根	自我动作实现.服务模块.ixx:1188	13	按函数名执行对应处理。		自我动作实现.外设模块.ixx:7783;自我动作实现.外设模块.ixx:7801;自我动作实现.外设模块.ixx:7816;自我动作实现.外设模块.ixx:8594;自我动作实现.服务模块.ixx:1188;自我动作实现.服务模块.ixx:1227;自我动作实现.服务模块.ixx:1556;自我动作实现模块.ixx:2789;自我动作实现模块.ixx:2807;自我动作实现模块.ixx:2822;自我动作实现模块.ixx:3915;自我动作实现模块.ixx:4775
yes	读取输入包I64	读取输入包I64	自我动作实现.服务模块.ixx:1550	13	从指定来源读取数据或状态。		自我动作实现.外设模块.ixx:7795;自我动作实现.外设模块.ixx:7892;自我动作实现.外设模块.ixx:7893;自我动作实现.外设模块.ixx:7894;自我动作实现.外设模块.ixx:25396;自我动作实现.外设模块.ixx:25397;自我动作实现.外设模块.ixx:25398;自我动作实现.外设模块.ixx:25401;自我动作实现.外设模块.ixx:25402;自我动作实现.外设模块.ixx:25403;自我动作实现.服务模块.ixx:1550;自我动作实现.服务模块.ixx:1570
yes	值_服务字段绑定写入失败	值_服务字段绑定写入失败	自我动作实现.服务模块.ixx:941	13	把处理结果写入指定对象、场景或日志。		自我动作实现.服务模块.ixx:941;自我动作实现.服务模块.ixx:1302;自我动作实现.服务模块.ixx:1320;自我动作实现.服务模块.ixx:1334;自我动作实现.服务模块.ixx:1765;自我动作实现.服务模块.ixx:2572;自我动作实现.服务模块.ixx:2621;自我动作实现.服务模块.ixx:3100;自我动作实现.服务模块.ixx:3138;自我动作实现.服务模块.ixx:3149;自我动作实现.服务模块.ixx:3274;自我动作实现.服务模块.ixx:3304
yes	特征_方法条件节点	特征_方法条件节点	自我动作实现模块.ixx:1135	13	按函数名执行对应处理。		自我动作实现.外设模块.ixx:1611;自我动作实现模块.ixx:1135;自我动作实现模块.ixx:3679;自我动作实现模块.ixx:3738;自我动作实现模块.ixx:4932;自我动作实现模块.ixx:5794;自我动作实现模块.ixx:7014;自我动作实现模块.ixx:7243;自我动作实现模块.ixx:7262;自我动作实现模块.ixx:8657;自我动作实现模块.ixx:8882;自我动作实现模块.ixx:11920
yes	特征_选中自我能力值	特征_选中自我能力值	自我动作实现模块.ixx:1427	13	按函数名执行对应处理。		任务模块.筹办.ixx:3130;任务模块.筹办.ixx:3916;任务模块.筹办.ixx:4603;任务模块.筹办.ixx:4607;任务模块.筹办.ixx:4613;自我动作实现.外设模块.ixx:1903;自我动作实现模块.ixx:1427;自我动作实现模块.ixx:7313;自我动作实现模块.ixx:7316;自我动作实现模块.ixx:7322;自我动作实现模块.ixx:9498;自我动作实现模块.ixx:10909
yes	值_方法虚拟存在缺失	值_方法虚拟存在缺失	自我动作实现模块.ixx:1567	13	按函数名执行对应处理。		自我动作实现.外设模块.ixx:2043;自我动作实现.外设模块.ixx:9223;自我动作实现.外设模块.ixx:9242;自我动作实现模块.ixx:1567;自我动作实现模块.ixx:4382;自我动作实现模块.ixx:4401;自我动作实现模块.ixx:8502;自我动作实现模块.ixx:8924;自我动作实现模块.ixx:8927;自我动作实现模块.ixx:9267;自我动作实现模块.ixx:9953;自我动作实现模块.ixx:10561
yes	特征_候选实参数量	特征_候选实参数量	自我动作实现模块.ixx:1945	13	按函数名执行对应处理。		自我动作实现.外设模块.ixx:5529;自我动作实现模块.ixx:1945;自我动作实现模块.ixx:5785;自我动作实现模块.ixx:6671;自我动作实现模块.ixx:6699;自我动作实现模块.ixx:6700;自我动作实现模块.ixx:6735;自我动作实现模块.ixx:6736;自我动作实现模块.ixx:6856;自我动作实现模块.ixx:6859;自我动作实现模块.ixx:9051;自我动作实现模块.ixx:9491
yes	输入包根	输入包根	自我动作实现模块.ixx:2789	13	按函数名执行对应处理。		自我动作实现.外设模块.ixx:7783;自我动作实现.外设模块.ixx:7801;自我动作实现.外设模块.ixx:7816;自我动作实现.外设模块.ixx:8594;自我动作实现.服务模块.ixx:1188;自我动作实现.服务模块.ixx:1227;自我动作实现.服务模块.ixx:1556;自我动作实现模块.ixx:2789;自我动作实现模块.ixx:2807;自我动作实现模块.ixx:2822;自我动作实现模块.ixx:3915;自我动作实现模块.ixx:4775
yes	读取输入包I64	读取输入包I64	自我动作实现模块.ixx:2801	13	从指定来源读取数据或状态。		自我动作实现.外设模块.ixx:7795;自我动作实现.外设模块.ixx:7892;自我动作实现.外设模块.ixx:7893;自我动作实现.外设模块.ixx:7894;自我动作实现.外设模块.ixx:25396;自我动作实现.外设模块.ixx:25397;自我动作实现.外设模块.ixx:25398;自我动作实现.外设模块.ixx:25401;自我动作实现.外设模块.ixx:25402;自我动作实现.外设模块.ixx:25403;自我动作实现.服务模块.ixx:1550;自我动作实现.服务模块.ixx:1570
yes	特征_参数值类型	特征_参数值类型	自我动作实现模块.ixx:619	13	按函数名执行对应处理。		自我动作实现.外设模块.ixx:1102;自我动作实现.外设模块.ixx:8363;自我动作实现模块.ixx:619;自我动作实现模块.ixx:3242;自我动作实现模块.ixx:5905;自我动作实现模块.ixx:5982;自我动作实现模块.ixx:6035;自我动作实现模块.ixx:6059;自我动作实现模块.ixx:6277;自我动作实现模块.ixx:6278;自我动作实现模块.ixx:6453;自我动作实现模块.ixx:6489
yes	私有_落单个治理变化到自我内部世界	私有_落单个治理变化到自我内部世界	自我线程模块.impl.cpp:13022	13	服务所在模块的内部辅助流程。		自我线程模块.impl.cpp:13022;自我线程模块.impl.cpp:13121;自我线程模块.impl.cpp:13589;自我线程模块.impl.cpp:13608;自我线程模块.impl.cpp:13625;自我线程模块.impl.cpp:13643;自我线程模块.impl.cpp:13658;自我线程模块.impl.cpp:13676;自我线程模块.impl.cpp:13691;自我线程模块.impl.cpp:13720;自我线程模块.impl.cpp:13735;自我线程模块.impl.cpp:13750
yes	私有_目标特征类型命中任一_线程侧	私有_目标特征类型命中任一_线程侧	自我线程模块.impl.cpp:219	13	服务所在模块的内部辅助流程。		自我线程模块.impl.cpp:219;自我线程模块.impl.cpp:239;自我线程模块.impl.cpp:401;自我线程模块.impl.cpp:420;自我线程模块.impl.cpp:438;自我线程模块.impl.cpp:3996;自我线程模块.impl.cpp:4712;自我线程模块.impl.cpp:7559;自我线程模块.impl.cpp:8451;自我线程模块.impl.cpp:11156;自我线程模块.impl.cpp:11171;自我线程模块.impl.cpp:11190
yes	私有_需求节点属于当前需求树_线程侧	私有_需求节点属于当前需求树_线程侧	自我线程模块.impl.cpp:2745	13	服务所在模块的内部辅助流程。		自我线程模块.impl.cpp:2745;自我线程模块.impl.cpp:3504;自我线程模块.impl.cpp:3520;自我线程模块.impl.cpp:3528;自我线程模块.impl.cpp:3540;自我线程模块.impl.cpp:3544;自我线程模块.impl.cpp:3551;自我线程模块.impl.cpp:3560;自我线程模块.impl.cpp:3577;自我线程模块.impl.cpp:3583;自我线程模块.impl.cpp:3670;自我线程模块.impl.cpp:4507
yes	私有_从任务引用解析任务节点	私有_从任务引用解析任务节点	自我线程模块.impl.cpp:3463	13	解析输入文本、消息、场景或运行包。		自我线程模块.impl.cpp:3463;自我线程模块.impl.cpp:3479;自我线程模块.impl.cpp:3738;自我线程模块.impl.cpp:3742;自我线程模块.impl.cpp:5464;自我线程模块.impl.cpp:5473;自我线程模块.impl.cpp:5539;自我线程模块.impl.cpp:5572;自我线程模块.impl.cpp:5580;自我线程模块.impl.cpp:6205;自我线程模块.impl.cpp:6209;自我线程模块.impl.cpp:12548
yes	私有_从任务引用解析任务节点	私有_从任务引用解析任务节点	自我线程模块.impl.cpp:3479	13	解析输入文本、消息、场景或运行包。		自我线程模块.impl.cpp:3463;自我线程模块.impl.cpp:3479;自我线程模块.impl.cpp:3738;自我线程模块.impl.cpp:3742;自我线程模块.impl.cpp:5464;自我线程模块.impl.cpp:5473;自我线程模块.impl.cpp:5539;自我线程模块.impl.cpp:5572;自我线程模块.impl.cpp:5580;自我线程模块.impl.cpp:6205;自我线程模块.impl.cpp:6209;自我线程模块.impl.cpp:12548
yes	私有_安全文本	私有_安全文本	语言类_二次特征表达.cpp:16	13	服务所在模块的内部辅助流程。		语言类_二次特征表达.cpp:16;语言类_二次特征表达.cpp:67;语言类_二次特征表达.cpp:272;语言类_二次特征表达.cpp:305;语言类_基础信息命名.cpp:20;语言类_基础信息命名.cpp:71;语言类_基础信息命名.cpp:126;语言类_基础信息命名.cpp:128;语言类_基础信息命名.cpp:132;语言类_基础信息命名.cpp:136;语言类_基础信息命名.cpp:138;语言类_基础信息命名.cpp:140
yes	私有_安全文本	私有_安全文本	语言类_基础信息命名.cpp:20	13	服务所在模块的内部辅助流程。		语言类_二次特征表达.cpp:16;语言类_二次特征表达.cpp:67;语言类_二次特征表达.cpp:272;语言类_二次特征表达.cpp:305;语言类_基础信息命名.cpp:20;语言类_基础信息命名.cpp:71;语言类_基础信息命名.cpp:126;语言类_基础信息命名.cpp:128;语言类_基础信息命名.cpp:132;语言类_基础信息命名.cpp:136;语言类_基础信息命名.cpp:138;语言类_基础信息命名.cpp:140
yes	初始化	初始化	特征值类.h:27	13	初始化相关对象、状态或运行上下文。	header_definition	世界树类.cpp:1541;世界树类.cpp:1542;世界树类.cpp:1543;世界树类.h:36;基础信息类.h:26;日志模块.ixx:41;日志模块.ixx:102;日志模块.ixx:471;日志模块.ixx:554;特征值类.h:27;自我类.初始化.cpp:300;语素类.h:42
yes	借用需求树全局互斥	借用需求树全局互斥	需求类.h:173	13	按函数名执行对应处理。	header_definition	控制面板类.cpp:9742;自我线程模块.impl.cpp:5559;自我线程模块.impl.cpp:5659;自我线程模块.impl.cpp:8442;自我线程模块.impl.cpp:12243;需求类.cpp:2512;需求类.cpp:2536;需求类.cpp:2589;需求类.h:173;需求类.h:607;需求类.h:617;需求类.h:625
yes	私有_取概念名称词	私有_取概念名称词	二次特征应用模块.ixx:695	14	服务所在模块的内部辅助流程。		二次特征应用模块.ixx:695;二次特征应用模块.ixx:1656;二次特征应用模块.ixx:1833;二次特征应用模块.ixx:2237;二次特征应用模块.ixx:2578;二次特征应用模块.ixx:2607;二次特征应用模块.ixx:2856;二次特征应用模块.ixx:2968;二次特征应用模块.ixx:2973;二次特征应用模块.ixx:2978;二次特征应用模块.ixx:2983;二次特征应用模块.ixx:3033
yes	私有_读取动态聚合信息	私有_读取动态聚合信息	二次特征应用模块.ixx:768	14	从动态类读取聚合层级、方式和路径签名，不直接解释动态主信息字段。		二次特征应用模块.ixx:768;二次特征应用模块.ixx:801;二次特征应用模块.ixx:1403;二次特征应用模块.ixx:1457;二次特征应用模块.ixx:1537;二次特征应用模块.ixx:1608;二次特征应用模块.ixx:1785;二次特征应用模块.ixx:2077;二次特征应用模块.ixx:2878;二次特征应用模块.ixx:3050;二次特征应用模块.ixx:3123;二次特征应用模块.ixx:3190
yes	私有_取窗口上下文	私有_取窗口上下文	控制面板WebView2.cpp:572	14	服务所在模块的内部辅助流程。		控制面板WebView2.cpp:572;控制面板WebView2.cpp:812;控制面板WebView2.cpp:828;控制面板WebView2.cpp:849;控制面板WebView2.cpp:870;控制面板WebView2.cpp:888;控制面板WebView2.cpp:1312;控制面板WebView2.cpp:1353;控制面板WebView2.cpp:1387;控制面板WebView2.cpp:1452;控制面板WebView2.cpp:1517;控制面板WebView2.cpp:1532
yes	本能方法类::是默认自我本能方法	是默认自我本能方法	本能方法类.cpp:210	14	按函数名执行对应处理。		任务模块.筹办.ixx:2266;任务模块.筹办.ixx:2421;方法类.cpp:1852;方法类.cpp:2504;本能方法类.cpp:210;自我动作实现.外设模块.ixx:8451;自我动作实现.外设模块.ixx:8459;自我动作实现.外设模块.ixx:8810;自我动作实现模块.ixx:3437;自我动作实现模块.ixx:3445;自我动作实现模块.ixx:3966;自我动作实现模块.ixx:10925
yes	读取已落账观察特征帧摘要	读取已落账观察特征帧摘要	自我动作实现.外设模块.ixx:12536	14	从指定来源读取数据或状态。		自我动作实现.外设模块.ixx:12536;自我动作实现.外设模块.ixx:12836;自我动作实现.外设模块.ixx:17962;自我动作实现.外设模块.ixx:18034;自我动作实现.外设模块.ixx:18099;自我动作实现.外设模块.ixx:18170;自我动作实现.外设模块.ixx:18253;自我动作实现.外设模块.ixx:18337;自我动作实现.外设模块.ixx:18421;自我动作实现.外设模块.ixx:18507;自我动作实现.外设模块.ixx:18665;自我动作实现.外设模块.ixx:25009
yes	已确认观察存在节点	已确认观察存在节点	自我动作实现.外设模块.ixx:13307	14	确认候选事实、存在、状态或运行结果。		自我动作实现.外设模块.ixx:13307;自我动作实现.外设模块.ixx:13337;自我动作实现.外设模块.ixx:13341;自我动作实现.外设模块.ixx:13353;自我动作实现.外设模块.ixx:13432;自我动作实现.外设模块.ixx:13438;自我动作实现.外设模块.ixx:13508;自我动作实现.外设模块.ixx:13780;自我动作实现.外设模块.ixx:14294;自我动作实现.外设模块.ixx:14309;自我动作实现.外设模块.ixx:14328;自我动作实现.外设模块.ixx:20974
yes	特征_外设观察存在稳定复现状态	特征_外设观察存在稳定复现状态	自我动作实现.外设模块.ixx:2435	14	按函数名执行对应处理。		自我动作实现.外设模块.ixx:2435;自我动作实现.外设模块.ixx:12497;自我动作实现.外设模块.ixx:15465;自我动作实现.外设模块.ixx:15478;自我动作实现.外设模块.ixx:15479;自我动作实现.外设模块.ixx:15480;自我动作实现.外设模块.ixx:16130;自我动作实现.外设模块.ixx:16469;自我动作实现.外设模块.ixx:16489;自我动作实现.外设模块.ixx:16493;自我动作实现.外设模块.ixx:16497;自我动作实现.外设模块.ixx:21241
yes	特征_外设观察存在观察完成状态	特征_外设观察存在观察完成状态	自我动作实现.外设模块.ixx:2442	14	按函数名执行对应处理。		自我动作实现.外设模块.ixx:2442;自我动作实现.外设模块.ixx:12498;自我动作实现.外设模块.ixx:15466;自我动作实现.外设模块.ixx:15481;自我动作实现.外设模块.ixx:15482;自我动作实现.外设模块.ixx:15483;自我动作实现.外设模块.ixx:16131;自我动作实现.外设模块.ixx:16470;自我动作实现.外设模块.ixx:16501;自我动作实现.外设模块.ixx:16505;自我动作实现.外设模块.ixx:16509;自我动作实现.外设模块.ixx:21247
yes	特征_像素覆盖状态	特征_像素覆盖状态	自我动作实现.外设模块.ixx:2554	14	按函数名执行对应处理。		自我动作实现.外设模块.ixx:2554;自我动作实现.外设模块.ixx:9642;自我动作实现.外设模块.ixx:12015;自我动作实现.外设模块.ixx:12144;自我动作实现.外设模块.ixx:12218;自我动作实现.外设模块.ixx:12603;自我动作实现.外设模块.ixx:14898;自我动作实现.外设模块.ixx:15030;自我动作实现.外设模块.ixx:15331;自我动作实现.外设模块.ixx:15447;自我动作实现.外设模块.ixx:15521;自我动作实现.外设模块.ixx:15527
yes	特征_深度有效率	特征_深度有效率	自我动作实现.外设模块.ixx:2904	14	按函数名执行对应处理。		自我动作实现.外设模块.ixx:2904;自我动作实现.外设模块.ixx:12068;自我动作实现.外设模块.ixx:12193;自我动作实现.外设模块.ixx:12702;自我动作实现.外设模块.ixx:14931;自我动作实现.外设模块.ixx:15063;自我动作实现.外设模块.ixx:15384;自我动作实现.外设模块.ixx:15587;自我动作实现.外设模块.ixx:16652;自我动作实现.外设模块.ixx:16679;自我动作实现.外设模块.ixx:16687;自我动作实现.外设模块.ixx:17212
yes	特征_空间坐标有效率	特征_空间坐标有效率	自我动作实现.外设模块.ixx:2911	14	按函数名执行对应处理。		自我动作实现.外设模块.ixx:2911;自我动作实现.外设模块.ixx:12069;自我动作实现.外设模块.ixx:12194;自我动作实现.外设模块.ixx:12705;自我动作实现.外设模块.ixx:14932;自我动作实现.外设模块.ixx:15064;自我动作实现.外设模块.ixx:15385;自我动作实现.外设模块.ixx:15588;自我动作实现.外设模块.ixx:16653;自我动作实现.外设模块.ixx:16680;自我动作实现.外设模块.ixx:16688;自我动作实现.外设模块.ixx:17213
yes	特征_当前观察存在	特征_当前观察存在	自我动作实现.外设模块.ixx:3646	14	按函数名执行对应处理。		自我动作实现.外设模块.ixx:3646;自我动作实现.外设模块.ixx:14305;自我动作实现.外设模块.ixx:14560;自我动作实现.外设模块.ixx:14635;自我动作实现.外设模块.ixx:14693;自我动作实现.外设模块.ixx:14716;自我动作实现.外设模块.ixx:16346;自我动作实现.外设模块.ixx:16350;自我动作实现.外设模块.ixx:16360;自我动作实现.外设模块.ixx:16379;自我动作实现.外设模块.ixx:17123;自我动作实现.外设模块.ixx:17128
yes	特征_观察存在变化结果	特征_观察存在变化结果	自我动作实现.外设模块.ixx:3709	14	按函数名执行对应处理。		自我动作实现.外设模块.ixx:3709;自我动作实现.外设模块.ixx:14624;自我动作实现.外设模块.ixx:14691;自我动作实现.外设模块.ixx:14725;自我动作实现.外设模块.ixx:16380;自我动作实现.外设模块.ixx:16384;自我动作实现.外设模块.ixx:16392;自我动作实现.外设模块.ixx:17158;自我动作实现.外设模块.ixx:17166;自我动作实现.外设模块.ixx:24470;自我动作实现.外设模块.ixx:24471;自我动作实现.外设模块.ixx:24485
yes	特征_中心空间坐标Z	特征_中心空间坐标Z	自我动作实现.外设模块.ixx:3933	14	按函数名执行对应处理。		自我动作实现.外设模块.ixx:3933;自我动作实现.外设模块.ixx:10592;自我动作实现.外设模块.ixx:10919;自我动作实现.外设模块.ixx:11739;自我动作实现.外设模块.ixx:11812;自我动作实现.外设模块.ixx:12937;自我动作实现.外设模块.ixx:12979;自我动作实现.外设模块.ixx:13091;自我动作实现.外设模块.ixx:13177;自我动作实现.外设模块.ixx:13465;自我动作实现.外设模块.ixx:14280;自我动作实现.外设模块.ixx:14972
yes	特征_目标观察窗口状态	特征_目标观察窗口状态	自我动作实现.外设模块.ixx:4612	14	按函数名执行对应处理。		自我动作实现.外设模块.ixx:4612;自我动作实现.外设模块.ixx:16234;自我动作实现.外设模块.ixx:16242;自我动作实现.外设模块.ixx:16261;自我动作实现.外设模块.ixx:16424;自我动作实现.外设模块.ixx:21776;自我动作实现.外设模块.ixx:21783;自我动作实现.外设模块.ixx:21955;自我动作实现.外设模块.ixx:22022;自我动作实现.外设模块.ixx:22095;自我动作实现.外设模块.ixx:23963;自我动作实现.外设模块.ixx:23976
yes	特征_条件结果对	特征_条件结果对	自我动作实现.外设模块.ixx:5494	14	按函数名执行对应处理。		自我动作实现.外设模块.ixx:5494;自我动作实现模块.ixx:1910;自我动作实现模块.ixx:5190;自我动作实现模块.ixx:5782;自我动作实现模块.ixx:6989;自我动作实现模块.ixx:6995;自我动作实现模块.ixx:7008;自我动作实现模块.ixx:7264;自我动作实现模块.ixx:7271;自我动作实现模块.ixx:8692;自我动作实现模块.ixx:9044;自我动作实现模块.ixx:9307
yes	特征_当前场景持续观察需求明确状态	特征_当前场景持续观察需求明确状态	自我动作实现.外设模块.ixx:6372	14	按函数名执行对应处理。		自我动作实现.外设模块.ixx:6372;自我动作实现.外设模块.ixx:15664;自我动作实现.外设模块.ixx:15981;自我动作实现.外设模块.ixx:15984;自我动作实现.外设模块.ixx:15990;自我动作实现.外设模块.ixx:16006;自我动作实现.外设模块.ixx:18939;自我动作实现.外设模块.ixx:19011;自我动作实现.外设模块.ixx:19052;自我动作实现.外设模块.ixx:19765;自我动作实现.外设模块.ixx:19786;自我动作实现.外设模块.ixx:19799
yes	特征_负向影响处置需求明确状态	特征_负向影响处置需求明确状态	自我动作实现.外设模块.ixx:6393	14	按函数名执行对应处理。		自我动作实现.外设模块.ixx:6393;自我动作实现.外设模块.ixx:15665;自我动作实现.外设模块.ixx:16033;自我动作实现.外设模块.ixx:16037;自我动作实现.外设模块.ixx:16043;自我动作实现.外设模块.ixx:16059;自我动作实现.外设模块.ixx:18940;自我动作实现.外设模块.ixx:19012;自我动作实现.外设模块.ixx:19055;自我动作实现.外设模块.ixx:19980;自我动作实现.外设模块.ixx:20009;自我动作实现.外设模块.ixx:20022
yes	写入存在指针	写入存在指针	自我动作实现.外设模块.ixx:7175	14	把处理结果写入指定对象、场景或日志。		自我动作实现.外设模块.ixx:7175;自我动作实现.外设模块.ixx:8888;自我动作实现.外设模块.ixx:8916;自我动作实现.外设模块.ixx:8917;自我动作实现.外设模块.ixx:8920;自我动作实现.外设模块.ixx:8924;自我动作实现.外设模块.ixx:8925;自我动作实现模块.ixx:2633;自我动作实现模块.ixx:4029;自我动作实现模块.ixx:4057;自我动作实现模块.ixx:4058;自我动作实现模块.ixx:4061
yes	特征_条件结果对	特征_条件结果对	自我动作实现模块.ixx:1910	14	按函数名执行对应处理。		自我动作实现.外设模块.ixx:5494;自我动作实现模块.ixx:1910;自我动作实现模块.ixx:5190;自我动作实现模块.ixx:5782;自我动作实现模块.ixx:6989;自我动作实现模块.ixx:6995;自我动作实现模块.ixx:7008;自我动作实现模块.ixx:7264;自我动作实现模块.ixx:7271;自我动作实现模块.ixx:8692;自我动作实现模块.ixx:9044;自我动作实现模块.ixx:9307
yes	写入存在指针	写入存在指针	自我动作实现模块.ixx:2633	14	把处理结果写入指定对象、场景或日志。		自我动作实现.外设模块.ixx:7175;自我动作实现.外设模块.ixx:8888;自我动作实现.外设模块.ixx:8916;自我动作实现.外设模块.ixx:8917;自我动作实现.外设模块.ixx:8920;自我动作实现.外设模块.ixx:8924;自我动作实现.外设模块.ixx:8925;自我动作实现模块.ixx:2633;自我动作实现模块.ixx:4029;自我动作实现模块.ixx:4057;自我动作实现模块.ixx:4058;自我动作实现模块.ixx:4061
yes	私有_需求节点是结构根_线程侧	私有_需求节点是结构根_线程侧	自我线程模块.impl.cpp:2519	14	服务所在模块的内部辅助流程。		自我线程模块.impl.cpp:2519;自我线程模块.impl.cpp:3499;自我线程模块.impl.cpp:3505;自我线程模块.impl.cpp:3578;自我线程模块.impl.cpp:3629;自我线程模块.impl.cpp:3667;自我线程模块.impl.cpp:3671;自我线程模块.impl.cpp:3676;自我线程模块.impl.cpp:3678;自我线程模块.impl.cpp:3683;自我线程模块.impl.cpp:5225;自我线程模块.impl.cpp:5947
yes	私有_需求状态已满足_任务管理新链	私有_需求状态已满足_任务管理新链	自我线程模块.impl.cpp:5708	14	服务所在模块的内部辅助流程。		自我线程模块.impl.cpp:2527;自我线程模块.impl.cpp:4557;自我线程模块.impl.cpp:5519;自我线程模块.impl.cpp:5708;自我线程模块.impl.cpp:5749;自我线程模块.impl.cpp:5777;自我线程模块.impl.cpp:5824;自我线程模块.impl.cpp:5862;自我线程模块.impl.cpp:5938;自我线程模块.impl.cpp:5958;自我线程模块.impl.cpp:6046;自我线程模块.impl.cpp:6074
yes	关闭	关闭	D455相机类.cpp:82	15	按函数名执行对应处理。		D455相机类.cpp:45;D455相机类.cpp:82;D455相机类.cpp:214;D455相机类.cpp:877;D455相机类.ixx:79;双目相机本能适配器.cpp:1279;日志模块.ixx:63;日志模块.ixx:103;日志模块.ixx:382;日志模块.ixx:480;日志模块.ixx:484;日志模块.ixx:485
yes	构造任务管理执行尝试键	构造任务管理执行尝试键	任务模块.工作线程消息协议.ixx:582	15	执行任务、方法或动作的主体逻辑。		任务模块.工作线程消息协议.ixx:582;任务模块.工作线程消息协议.ixx:603;任务模块.工作线程消息协议.ixx:628;任务模块.工作线程消息协议.ixx:699;任务模块.管理工作线程.ixx:953;自我线程模块.impl.cpp:9879;自我线程模块.impl.cpp:10273;自我线程模块.impl.cpp:10540;自我线程模块.impl.cpp:13996;自我线程模块.impl.cpp:14008;自我线程模块.消息协议.ixx:922;自我线程模块.消息批次执行器.ixx:142
yes	私有_补写运行场景事实_执行桥_最小_v0	私有_补写运行场景事实_执行桥_最小_v0	任务模块.执行.ixx:1016	15	执行对应模块、线程或方法的运行逻辑。		任务模块.执行.ixx:1016;任务模块.执行.ixx:1112;任务模块.执行.ixx:1126;任务模块.执行.ixx:1157;任务模块.执行.ixx:1174;任务模块.执行.ixx:1192;任务模块.执行.ixx:1210;任务模块.执行.ixx:1228;任务模块.执行.ixx:1246;任务模块.执行.ixx:1265;任务模块.执行.ixx:1278;任务模块.执行.ixx:1293
yes	启动	启动	任务模块.执行.ixx:1033	15	启动线程、模块或运行流程。		任务模块.执行.ixx:1033;任务模块.管理工作线程.ixx:364;动作线程类.ixx:223;外设线程_D455深度相机.ixx:120;外设线程_D455深度相机.ixx:3332;控制面板摘要线程模块.impl.cpp:695;控制面板摘要线程模块.ixx:99;本能线程类.ixx:70;自我线程模块.impl.cpp:17368;自我线程模块.ixx:482;自检线程模块.impl.cpp:2106;自检线程模块.impl.cpp:2112
yes	等待停止	等待停止	任务模块.执行.ixx:1047	15	停止线程、模块或运行流程。		任务模块.执行.ixx:1047;任务模块.管理界面线程.impl.cpp:4257;外设线程_D455深度相机.ixx:122;外设线程_D455深度相机.ixx:3212;外设线程_D455深度相机.ixx:3288;外设线程_D455深度相机.ixx:3340;控制面板WebView2.cpp:672;控制面板摘要线程模块.impl.cpp:491;控制面板摘要线程模块.impl.cpp:703;控制面板摘要线程模块.ixx:101;自我线程模块.impl.cpp:14851;自我线程模块.ixx:484
yes	可空U64键可对齐	可空U64键可对齐	全局共享函数类.ixx:436	15	判断两个可空 U64 键是否可对齐；任一方为 0 时视为未限定。		全局共享函数类.ixx:436;自我线程模块.消息协议.ixx:930;自我线程模块.消息协议.ixx:931;自我线程模块.消息协议.ixx:934;自我线程模块.消息协议.ixx:937;自我线程模块.消息协议.ixx:940;自我线程模块.消息协议.ixx:943;自我线程模块.消息协议.ixx:944;自我线程模块.消息协议.ixx:967;自我线程模块.消息协议.ixx:968;自我线程模块.消息协议.ixx:971;自我线程模块.消息协议.ixx:974
yes	正差I64	正差I64	全局共享函数类.ixx:75	15	返回两个 I64 边界值的非负正向差，反向时返回 0。		全局共享函数类.ixx:75;自我动作实现.外设模块.ixx:10023;自我动作实现.外设模块.ixx:10024;自我动作实现.外设模块.ixx:10025;自我动作实现.外设模块.ixx:10083;自我动作实现.外设模块.ixx:10275;自我动作实现.外设模块.ixx:10276;自我动作实现.外设模块.ixx:10346;自我动作实现.外设模块.ixx:10347;自我动作实现.外设模块.ixx:10385;自我动作实现.外设模块.ixx:10386;自我动作实现.外设模块.ixx:10387
yes	启动	启动	动作线程类.ixx:223	15	启动线程、模块或运行流程。		任务模块.执行.ixx:1033;任务模块.管理工作线程.ixx:364;动作线程类.ixx:223;外设线程_D455深度相机.ixx:120;外设线程_D455深度相机.ixx:3332;控制面板摘要线程模块.impl.cpp:695;控制面板摘要线程模块.ixx:99;本能线程类.ixx:70;自我线程模块.impl.cpp:17368;自我线程模块.ixx:482;自检线程模块.impl.cpp:2106;自检线程模块.impl.cpp:2112
yes	私有_取状态时间	私有_取状态时间	动态类.cpp:203	15	服务所在模块的内部辅助流程。		动态类.cpp:203;动态类.cpp:229;动态类.cpp:229;动态类.cpp:275;动态类.cpp:276;动态类.cpp:381;动态类.cpp:382;动态类.cpp:989;动态类.cpp:990;动态类.cpp:1088;动态类.cpp:1089;动态类.cpp:1131
yes	私有_树节点列表JSON	私有_树节点列表JSON	控制面板类.cpp:9440	15	服务所在模块的内部辅助流程。		控制面板类.cpp:9440;控制面板类.cpp:9456;控制面板类.cpp:10613;控制面板类.cpp:10621;控制面板类.cpp:10629;控制面板类.cpp:10637;控制面板类.cpp:10782;控制面板类.cpp:10790;控制面板类.cpp:10798;控制面板类.cpp:10806;控制面板类.cpp:10819;控制面板类.cpp:10827
yes	关闭	关闭	日志模块.ixx:382	15	按函数名执行对应处理。		D455相机类.cpp:45;D455相机类.cpp:82;D455相机类.cpp:214;D455相机类.cpp:877;D455相机类.ixx:79;双目相机本能适配器.cpp:1279;日志模块.ixx:63;日志模块.ixx:103;日志模块.ixx:382;日志模块.ixx:480;日志模块.ixx:484;日志模块.ixx:485
yes	关闭	关闭	日志模块.ixx:480	15	按函数名执行对应处理。		D455相机类.cpp:45;D455相机类.cpp:82;D455相机类.cpp:214;D455相机类.cpp:877;D455相机类.ixx:79;双目相机本能适配器.cpp:1279;日志模块.ixx:63;日志模块.ixx:103;日志模块.ixx:382;日志模块.ixx:480;日志模块.ixx:484;日志模块.ixx:485
yes	有执行缺口	有执行缺口	本能动作管理类.ixx:383	15	执行任务、方法或动作的主体逻辑。		任务模块.执行.ixx:178;任务模块.执行.ixx:1334;任务模块.执行.ixx:1347;任务模块.执行.ixx:1444;任务模块.执行.ixx:1578;任务模块.执行.ixx:1580;任务模块.管理工作线程.ixx:419;任务模块.管理工作线程.ixx:1575;任务模块.管理工作线程.ixx:1988;任务模块.管理工作线程.ixx:3127;动作线程类.ixx:199;本能动作管理类.ixx:383
yes	值类型_特征类型指针	值类型_特征类型指针	自我动作实现.外设模块.ixx:1291	15	按函数名执行对应处理。		自我动作实现.外设模块.ixx:1291;自我动作实现.外设模块.ixx:15745;自我动作实现.外设模块.ixx:16084;自我动作实现模块.ixx:815;自我动作实现模块.ixx:5761;自我动作实现模块.ixx:5762;自我动作实现模块.ixx:6771;自我动作实现模块.ixx:6779;自我动作实现模块.ixx:6787;自我动作实现模块.ixx:6795;自我动作实现模块.ixx:6803;自我动作实现模块.ixx:7057
yes	特征_开始时间	特征_开始时间	自我动作实现.外设模块.ixx:1576	15	按函数名执行对应处理。		自我动作实现.外设模块.ixx:1576;自我动作实现.外设模块.ixx:8883;自我动作实现.外设模块.ixx:8890;自我动作实现.外设模块.ixx:8908;自我动作实现.服务模块.ixx:821;自我动作实现.服务模块.ixx:1922;自我动作实现.服务模块.ixx:1928;自我动作实现.服务模块.ixx:2569;自我动作实现.服务模块.ixx:2578;自我动作实现.服务模块.ixx:3135;自我动作实现.服务模块.ixx:3144;自我动作实现模块.ixx:1100
yes	特征_补观察缺口状态	特征_补观察缺口状态	自我动作实现.外设模块.ixx:3240	15	按函数名执行对应处理。		自我动作实现.外设模块.ixx:3240;自我动作实现.外设模块.ixx:12094;自我动作实现.外设模块.ixx:12205;自我动作实现.外设模块.ixx:12780;自我动作实现.外设模块.ixx:14957;自我动作实现.外设模块.ixx:15089;自我动作实现.外设模块.ixx:15413;自我动作实现.外设模块.ixx:15591;自我动作实现.外设模块.ixx:16658;自我动作实现.外设模块.ixx:16663;自我动作实现.外设模块.ixx:17222;自我动作实现.外设模块.ixx:25023
yes	特征_范围坐标AABB最小X	特征_范围坐标AABB最小X	自我动作实现.外设模块.ixx:3940	15	按函数名执行对应处理。		自我动作实现.外设模块.ixx:3940;自我动作实现.外设模块.ixx:11740;自我动作实现.外设模块.ixx:11813;自我动作实现.外设模块.ixx:12938;自我动作实现.外设模块.ixx:13092;自我动作实现.外设模块.ixx:13178;自我动作实现.外设模块.ixx:13481;自我动作实现.外设模块.ixx:13889;自我动作实现.外设模块.ixx:13982;自我动作实现.外设模块.ixx:14075;自我动作实现.外设模块.ixx:14110;自我动作实现.外设模块.ixx:14281
yes	特征_范围坐标AABB最大X	特征_范围坐标AABB最大X	自我动作实现.外设模块.ixx:3947	15	按函数名执行对应处理。		自我动作实现.外设模块.ixx:3947;自我动作实现.外设模块.ixx:11741;自我动作实现.外设模块.ixx:11814;自我动作实现.外设模块.ixx:12939;自我动作实现.外设模块.ixx:13093;自我动作实现.外设模块.ixx:13179;自我动作实现.外设模块.ixx:13482;自我动作实现.外设模块.ixx:13890;自我动作实现.外设模块.ixx:13985;自我动作实现.外设模块.ixx:14078;自我动作实现.外设模块.ixx:14113;自我动作实现.外设模块.ixx:14282
yes	特征_范围坐标AABB最小Y	特征_范围坐标AABB最小Y	自我动作实现.外设模块.ixx:3954	15	按函数名执行对应处理。		自我动作实现.外设模块.ixx:3954;自我动作实现.外设模块.ixx:11742;自我动作实现.外设模块.ixx:11815;自我动作实现.外设模块.ixx:12940;自我动作实现.外设模块.ixx:13094;自我动作实现.外设模块.ixx:13180;自我动作实现.外设模块.ixx:13483;自我动作实现.外设模块.ixx:13891;自我动作实现.外设模块.ixx:13983;自我动作实现.外设模块.ixx:14076;自我动作实现.外设模块.ixx:14111;自我动作实现.外设模块.ixx:14283
yes	特征_范围坐标AABB最大Y	特征_范围坐标AABB最大Y	自我动作实现.外设模块.ixx:3961	15	按函数名执行对应处理。		自我动作实现.外设模块.ixx:3961;自我动作实现.外设模块.ixx:11743;自我动作实现.外设模块.ixx:11816;自我动作实现.外设模块.ixx:12941;自我动作实现.外设模块.ixx:13095;自我动作实现.外设模块.ixx:13181;自我动作实现.外设模块.ixx:13484;自我动作实现.外设模块.ixx:13892;自我动作实现.外设模块.ixx:13986;自我动作实现.外设模块.ixx:14079;自我动作实现.外设模块.ixx:14114;自我动作实现.外设模块.ixx:14284
yes	特征_范围坐标AABB最小Z	特征_范围坐标AABB最小Z	自我动作实现.外设模块.ixx:3968	15	按函数名执行对应处理。		自我动作实现.外设模块.ixx:3968;自我动作实现.外设模块.ixx:11744;自我动作实现.外设模块.ixx:11817;自我动作实现.外设模块.ixx:12942;自我动作实现.外设模块.ixx:13096;自我动作实现.外设模块.ixx:13182;自我动作实现.外设模块.ixx:13485;自我动作实现.外设模块.ixx:13893;自我动作实现.外设模块.ixx:13984;自我动作实现.外设模块.ixx:14077;自我动作实现.外设模块.ixx:14112;自我动作实现.外设模块.ixx:14285
yes	特征_范围坐标AABB最大Z	特征_范围坐标AABB最大Z	自我动作实现.外设模块.ixx:3975	15	按函数名执行对应处理。		自我动作实现.外设模块.ixx:3975;自我动作实现.外设模块.ixx:11745;自我动作实现.外设模块.ixx:11818;自我动作实现.外设模块.ixx:12943;自我动作实现.外设模块.ixx:13097;自我动作实现.外设模块.ixx:13183;自我动作实现.外设模块.ixx:13486;自我动作实现.外设模块.ixx:13894;自我动作实现.外设模块.ixx:13987;自我动作实现.外设模块.ixx:14080;自我动作实现.外设模块.ixx:14115;自我动作实现.外设模块.ixx:14286
yes	特征_外设观察像素簇ID	特征_外设观察像素簇ID	自我动作实现.外设模块.ixx:4710	15	按函数名执行对应处理。		自我动作实现.外设模块.ixx:4710;自我动作实现.外设模块.ixx:13761;自我动作实现.外设模块.ixx:13887;自我动作实现.外设模块.ixx:14032;自我动作实现.外设模块.ixx:14069;自我动作实现.外设模块.ixx:21584;自我动作实现.外设模块.ixx:21589;自我动作实现.外设模块.ixx:22317;自我动作实现.外设模块.ixx:22322;自我动作实现.外设模块.ixx:22703;自我动作实现.外设模块.ixx:22708;自我动作实现.外设模块.ixx:23751
yes	特征_方法动作状态	特征_方法动作状态	自我动作实现.外设模块.ixx:5661	15	按函数名执行对应处理。		自我动作实现.外设模块.ixx:5661;自我动作实现模块.ixx:2077;自我动作实现模块.ixx:7009;自我动作实现模块.ixx:7028;自我动作实现模块.ixx:7319;自我动作实现模块.ixx:7328;自我动作实现模块.ixx:9028;自我动作实现模块.ixx:9117;自我动作实现模块.ixx:9172;自我动作实现模块.ixx:9290;自我动作实现模块.ixx:10957;自我动作实现模块.ixx:10981
yes	特征_方法可执行入口数量	特征_方法可执行入口数量	自我动作实现.外设模块.ixx:5668	15	执行任务、方法或动作的主体逻辑。		自我动作实现.外设模块.ixx:5668;自我动作实现模块.ixx:2091;自我动作实现模块.ixx:7320;自我动作实现模块.ixx:7340;自我动作实现模块.ixx:9119;自我动作实现模块.ixx:9127;自我动作实现模块.ixx:9174;自我动作实现模块.ixx:9292;自我动作实现模块.ixx:9322;自我动作实现模块.ixx:9789;自我动作实现模块.ixx:9796;自我动作实现模块.ixx:10958
yes	特征_来源需求	特征_来源需求	自我动作实现.外设模块.ixx:752	15	按函数名执行对应处理。		自我动作实现.外设模块.ixx:752;自我动作实现.外设模块.ixx:15640;自我动作实现.外设模块.ixx:18617;自我动作实现.外设模块.ixx:18996;自我动作实现.服务模块.ixx:141;自我动作实现.服务模块.ixx:2593;自我动作实现.服务模块.ixx:3208;自我动作实现模块.ixx:179;自我动作实现模块.ixx:7145;自我动作实现模块.ixx:7182;自我动作实现模块.ixx:7196;自我动作实现模块.ixx:7211
yes	读取输入参数指针	读取输入参数指针	自我动作实现.外设模块.ixx:7848	15	从指定来源读取数据或状态。		自我动作实现.外设模块.ixx:7848;自我动作实现.外设模块.ixx:13777;自我动作实现.外设模块.ixx:13778;自我动作实现.外设模块.ixx:14305;自我动作实现.外设模块.ixx:14306;自我动作实现.外设模块.ixx:14307;自我动作实现.外设模块.ixx:14335;自我动作实现.外设模块.ixx:17346;自我动作实现.外设模块.ixx:17366;自我动作实现.外设模块.ixx:18617;自我动作实现.外设模块.ixx:18620;自我动作实现.外设模块.ixx:18623
yes	读取输入参数I64	读取输入参数I64	自我动作实现.外设模块.ixx:7873	15	从指定来源读取数据或状态。		自我动作实现.外设模块.ixx:7873;自我动作实现.外设模块.ixx:12365;自我动作实现.外设模块.ixx:19381;自我动作实现.外设模块.ixx:19382;自我动作实现.外设模块.ixx:19383;自我动作实现.外设模块.ixx:19384;自我动作实现.外设模块.ixx:19385;自我动作实现.外设模块.ixx:19386;自我动作实现.外设模块.ixx:19387;自我动作实现.外设模块.ixx:19388;自我动作实现.外设模块.ixx:19389;自我动作实现.外设模块.ixx:19390
yes	特征_来源动作动态	特征_来源动作动态	自我动作实现.外设模块.ixx:885	15	按函数名执行对应处理。		自我动作实现.外设模块.ixx:885;自我动作实现.外设模块.ixx:13703;自我动作实现.外设模块.ixx:16317;自我动作实现.外设模块.ixx:16362;自我动作实现.外设模块.ixx:16395;自我动作实现.外设模块.ixx:16427;自我动作实现.外设模块.ixx:23165;自我动作实现.服务模块.ixx:293;自我动作实现.服务模块.ixx:2210;自我动作实现模块.ixx:389;自我动作实现模块.ixx:7147;自我动作实现模块.ixx:7191
yes	写入指针	写入指针	自我动作实现.扫描.ixx:796	15	把处理结果写入指定对象、场景或日志。		自我动作实现.扫描.ixx:796;自我动作实现.扫描.ixx:852;自我动作实现.扫描.ixx:853;自我动作实现.扫描.ixx:1110;自我动作实现.扫描.ixx:1226;自我动作实现.扫描.ixx:1460;自我动作实现.扫描.ixx:1484;自我动作实现.扫描.ixx:1511;自我动作实现.扫描.ixx:1541;自我动作实现.扫描.ixx:1542;自我动作实现.扫描.ixx:1757;自我动作实现.扫描.ixx:1759
yes	特征_来源需求	特征_来源需求	自我动作实现.服务模块.ixx:141	15	按函数名执行对应处理。		自我动作实现.外设模块.ixx:752;自我动作实现.外设模块.ixx:15640;自我动作实现.外设模块.ixx:18617;自我动作实现.外设模块.ixx:18996;自我动作实现.服务模块.ixx:141;自我动作实现.服务模块.ixx:2593;自我动作实现.服务模块.ixx:3208;自我动作实现模块.ixx:179;自我动作实现模块.ixx:7145;自我动作实现模块.ixx:7182;自我动作实现模块.ixx:7196;自我动作实现模块.ixx:7211
yes	特征_来源动作动态	特征_来源动作动态	自我动作实现.服务模块.ixx:293	15	按函数名执行对应处理。		自我动作实现.外设模块.ixx:885;自我动作实现.外设模块.ixx:13703;自我动作实现.外设模块.ixx:16317;自我动作实现.外设模块.ixx:16362;自我动作实现.外设模块.ixx:16395;自我动作实现.外设模块.ixx:16427;自我动作实现.外设模块.ixx:23165;自我动作实现.服务模块.ixx:293;自我动作实现.服务模块.ixx:2210;自我动作实现模块.ixx:389;自我动作实现模块.ixx:7147;自我动作实现模块.ixx:7191
yes	特征_开始时间	特征_开始时间	自我动作实现.服务模块.ixx:821	15	按函数名执行对应处理。		自我动作实现.外设模块.ixx:1576;自我动作实现.外设模块.ixx:8883;自我动作实现.外设模块.ixx:8890;自我动作实现.外设模块.ixx:8908;自我动作实现.服务模块.ixx:821;自我动作实现.服务模块.ixx:1922;自我动作实现.服务模块.ixx:1928;自我动作实现.服务模块.ixx:2569;自我动作实现.服务模块.ixx:2578;自我动作实现.服务模块.ixx:3135;自我动作实现.服务模块.ixx:3144;自我动作实现模块.ixx:1100
yes	特征_开始时间	特征_开始时间	自我动作实现模块.ixx:1100	15	按函数名执行对应处理。		自我动作实现.外设模块.ixx:1576;自我动作实现.外设模块.ixx:8883;自我动作实现.外设模块.ixx:8890;自我动作实现.外设模块.ixx:8908;自我动作实现.服务模块.ixx:821;自我动作实现.服务模块.ixx:1922;自我动作实现.服务模块.ixx:1928;自我动作实现.服务模块.ixx:2569;自我动作实现.服务模块.ixx:2578;自我动作实现.服务模块.ixx:3135;自我动作实现.服务模块.ixx:3144;自我动作实现模块.ixx:1100
yes	特征_来源需求	特征_来源需求	自我动作实现模块.ixx:179	15	按函数名执行对应处理。		自我动作实现.外设模块.ixx:752;自我动作实现.外设模块.ixx:15640;自我动作实现.外设模块.ixx:18617;自我动作实现.外设模块.ixx:18996;自我动作实现.服务模块.ixx:141;自我动作实现.服务模块.ixx:2593;自我动作实现.服务模块.ixx:3208;自我动作实现模块.ixx:179;自我动作实现模块.ixx:7145;自我动作实现模块.ixx:7182;自我动作实现模块.ixx:7196;自我动作实现模块.ixx:7211
yes	特征_方法动作状态	特征_方法动作状态	自我动作实现模块.ixx:2077	15	按函数名执行对应处理。		自我动作实现.外设模块.ixx:5661;自我动作实现模块.ixx:2077;自我动作实现模块.ixx:7009;自我动作实现模块.ixx:7028;自我动作实现模块.ixx:7319;自我动作实现模块.ixx:7328;自我动作实现模块.ixx:9028;自我动作实现模块.ixx:9117;自我动作实现模块.ixx:9172;自我动作实现模块.ixx:9290;自我动作实现模块.ixx:10957;自我动作实现模块.ixx:10981
yes	特征_方法可执行入口数量	特征_方法可执行入口数量	自我动作实现模块.ixx:2091	15	执行任务、方法或动作的主体逻辑。		自我动作实现.外设模块.ixx:5668;自我动作实现模块.ixx:2091;自我动作实现模块.ixx:7320;自我动作实现模块.ixx:7340;自我动作实现模块.ixx:9119;自我动作实现模块.ixx:9127;自我动作实现模块.ixx:9174;自我动作实现模块.ixx:9292;自我动作实现模块.ixx:9322;自我动作实现模块.ixx:9789;自我动作实现模块.ixx:9796;自我动作实现模块.ixx:10958
yes	特征_来源动作动态	特征_来源动作动态	自我动作实现模块.ixx:389	15	按函数名执行对应处理。		自我动作实现.外设模块.ixx:885;自我动作实现.外设模块.ixx:13703;自我动作实现.外设模块.ixx:16317;自我动作实现.外设模块.ixx:16362;自我动作实现.外设模块.ixx:16395;自我动作实现.外设模块.ixx:16427;自我动作实现.外设模块.ixx:23165;自我动作实现.服务模块.ixx:293;自我动作实现.服务模块.ixx:2210;自我动作实现模块.ixx:389;自我动作实现模块.ixx:7147;自我动作实现模块.ixx:7191
yes	值类型_特征类型指针	值类型_特征类型指针	自我动作实现模块.ixx:815	15	按函数名执行对应处理。		自我动作实现.外设模块.ixx:1291;自我动作实现.外设模块.ixx:15745;自我动作实现.外设模块.ixx:16084;自我动作实现模块.ixx:815;自我动作实现模块.ixx:5761;自我动作实现模块.ixx:5762;自我动作实现模块.ixx:6771;自我动作实现模块.ixx:6779;自我动作实现模块.ixx:6787;自我动作实现模块.ixx:6795;自我动作实现模块.ixx:6803;自我动作实现模块.ixx:7057
yes	私有_线程侧特征入口集	私有_线程侧特征入口集	自我线程模块.impl.cpp:160	15	集中注册线程侧机器判断使用的特征入口。		自我线程模块.impl.cpp:160;自我线程模块.impl.cpp:238;自我线程模块.impl.cpp:400;自我线程模块.impl.cpp:419;自我线程模块.impl.cpp:437;自我线程模块.impl.cpp:3998;自我线程模块.impl.cpp:4714;自我线程模块.impl.cpp:7561;自我线程模块.impl.cpp:8453;自我线程模块.impl.cpp:10927;自我线程模块.impl.cpp:10975;自我线程模块.impl.cpp:11155
yes	获取全局自我线程	获取全局自我线程	自我线程模块.impl.cpp:17347	15	读取并返回指定对象、状态或运行材料。		控制面板类.cpp:9592;自我线程模块.impl.cpp:14716;自我线程模块.impl.cpp:17347;自我线程模块.impl.cpp:17356;自我线程模块.impl.cpp:17362;自我线程模块.impl.cpp:17368;自我线程模块.impl.cpp:17374;自我线程模块.impl.cpp:17413;自我线程模块.impl.cpp:17419;自我线程模块.impl.cpp:17426;自我线程模块.impl.cpp:17439;自我线程模块.ixx:778
yes	启动	启动	鱼巢.cpp:1590	15	启动控制台10秒自动刷新循环；默认关闭，只在用户手动打开后输出。		任务模块.执行.ixx:1033;任务模块.管理工作线程.ixx:364;动作线程类.ixx:223;外设线程_D455深度相机.ixx:120;外设线程_D455深度相机.ixx:3332;控制面板摘要线程模块.impl.cpp:695;控制面板摘要线程模块.ixx:99;本能线程类.ixx:70;自我线程模块.impl.cpp:17368;自我线程模块.ixx:482;自检线程模块.impl.cpp:2106;自检线程模块.impl.cpp:2112
yes	执行更新指令	执行更新指令	需求类.h:663	15	更新已有对象、状态、索引或缓存。	header_definition	自我线程模块.impl.cpp:5677;自我线程模块.impl.cpp:8509;自我线程模块.impl.cpp:9048;自我线程模块.impl.cpp:9382;自我线程模块.impl.cpp:10131;自我线程模块.impl.cpp:10395;自我线程模块.impl.cpp:11487;自我线程模块.impl.cpp:11531;自我线程模块.impl.cpp:11823;自我线程模块.impl.cpp:12096;自我线程模块.impl.cpp:12197;自我线程模块.impl.cpp:12293
yes	特征_目标抽象特征	特征_目标抽象特征	任务模块.筹办.ixx:3158	16	按函数名执行对应处理。		任务模块.筹办.ixx:3158;任务模块.筹办.ixx:3459;任务模块.筹办.ixx:4546;任务模块.筹办.ixx:4718;自我动作实现.外设模块.ixx:5333;自我动作实现模块.ixx:1749;自我动作实现模块.ixx:5196;自我动作实现模块.ixx:5762;自我动作实现模块.ixx:5770;自我动作实现模块.ixx:5843;自我动作实现模块.ixx:6778;自我动作实现模块.ixx:7058
yes	追加非零文本计数项	追加非零文本计数项	全局共享函数类.ixx:239	16	数量非零时追加 `名称=数量` 文本计数项，自动按已写状态追加分隔符。		全局共享函数类.ixx:239;控制面板类.cpp:952;控制面板类.cpp:953;控制面板类.cpp:955;控制面板类.cpp:960;控制面板类.cpp:962;控制面板类.cpp:963;控制面板类.cpp:964;控制面板类.cpp:965;控制面板类.cpp:966;控制面板类.cpp:967;控制面板类.cpp:968
yes	私有_状态节点命中目标	私有_状态节点命中目标	因果类.cpp:479	16	判断状态节点是否命中目标状态。		因果类.cpp:479;因果类.cpp:525;因果类.cpp:540;因果类.cpp:604;因果类.cpp:668;因果类.cpp:669;因果类.cpp:1102;因果类.cpp:1103;因果类.cpp:1461;因果类.cpp:1635;因果类.cpp:2006;因果类.cpp:2007
yes	解析D455观察材料句柄	解析D455观察材料句柄	外设观察报告队列.ixx:2613	16	解析输入文本、消息、场景或运行包。		外设观察报告队列.ixx:742;外设观察报告队列.ixx:2613;自我动作实现.外设模块.ixx:11062;自我动作实现.外设模块.ixx:12440;自我动作实现.外设模块.ixx:12441;自我动作实现.外设模块.ixx:12442;自我动作实现.外设模块.ixx:12443;自我动作实现.外设模块.ixx:12450;自我动作实现.外设模块.ixx:12451;自我动作实现.外设模块.ixx:12452;自我动作实现.外设模块.ixx:12455;自我动作实现.外设模块.ixx:12458
yes	方法类::方法有动作	方法有动作	方法类.cpp:1756	16	判断方法首节点是否声明了动作入口。		任务模块.筹办.ixx:2331;任务模块.筹办.ixx:2918;任务模块.筹办.ixx:3470;任务模块.筹办.ixx:5255;任务模块.筹办.ixx:5354;任务模块.筹办.ixx:5381;控制面板摘要线程模块.impl.cpp:373;控制面板类.cpp:3409;控制面板类.cpp:3624;方法类.cpp:1756;方法虚拟存在服务类.cpp:435;本能动作管理类.ixx:667
yes	方法类::取或创建_方法结果场景	取或创建_方法结果场景	方法类.cpp:2685	16	创建并返回或登记对应对象。		任务模块.执行.ixx:674;任务模块.执行.ixx:984;任务模块.执行.ixx:994;任务模块.执行.ixx:1135;方法类.cpp:2685;自我动作实现.外设模块.ixx:7961;自我动作实现.外设模块.ixx:8105;自我动作实现.外设模块.ixx:8199;自我动作实现.外设模块.ixx:8274;自我动作实现.外设模块.ixx:17320;自我动作实现模块.ixx:2919;自我动作实现模块.ixx:3078
yes	特征_外设像素簇候选验证状态	特征_外设像素簇候选验证状态	自我动作实现.外设模块.ixx:4724	16	按函数名执行对应处理。		自我动作实现.外设模块.ixx:4724;自我动作实现.外设模块.ixx:16128;自我动作实现.外设模块.ixx:16458;自我动作实现.外设模块.ixx:16481;自我动作实现.外设模块.ixx:16533;自我动作实现.外设模块.ixx:21296;自我动作实现.外设模块.ixx:21300;自我动作实现.外设模块.ixx:21631;自我动作实现.外设模块.ixx:22324;自我动作实现.外设模块.ixx:22394;自我动作实现.外设模块.ixx:22407;自我动作实现.外设模块.ixx:22428
yes	特征_目标抽象特征	特征_目标抽象特征	自我动作实现.外设模块.ixx:5333	16	按函数名执行对应处理。		任务模块.筹办.ixx:3158;任务模块.筹办.ixx:3459;任务模块.筹办.ixx:4546;任务模块.筹办.ixx:4718;自我动作实现.外设模块.ixx:5333;自我动作实现模块.ixx:1749;自我动作实现模块.ixx:5196;自我动作实现模块.ixx:5762;自我动作实现模块.ixx:5770;自我动作实现模块.ixx:5843;自我动作实现模块.ixx:6778;自我动作实现模块.ixx:7058
yes	特征_来源观察动态	特征_来源观察动态	自我动作实现.外设模块.ixx:5584	16	按函数名执行对应处理。		自我动作实现.外设模块.ixx:5584;自我动作实现模块.ixx:2000;自我动作实现模块.ixx:2764;自我动作实现模块.ixx:2966;自我动作实现模块.ixx:5189;自我动作实现模块.ixx:6988;自我动作实现模块.ixx:6994;自我动作实现模块.ixx:7007;自我动作实现模块.ixx:7061;自我动作实现模块.ixx:7068;自我动作实现模块.ixx:7079;自我动作实现模块.ixx:8879
yes	特征_目标抽象特征	特征_目标抽象特征	自我动作实现模块.ixx:1749	16	按函数名执行对应处理。		任务模块.筹办.ixx:3158;任务模块.筹办.ixx:3459;任务模块.筹办.ixx:4546;任务模块.筹办.ixx:4718;自我动作实现.外设模块.ixx:5333;自我动作实现模块.ixx:1749;自我动作实现模块.ixx:5196;自我动作实现模块.ixx:5762;自我动作实现模块.ixx:5770;自我动作实现模块.ixx:5843;自我动作实现模块.ixx:6778;自我动作实现模块.ixx:7058
yes	特征_来源观察动态	特征_来源观察动态	自我动作实现模块.ixx:2000	16	按函数名执行对应处理。		自我动作实现.外设模块.ixx:5584;自我动作实现模块.ixx:2000;自我动作实现模块.ixx:2764;自我动作实现模块.ixx:2966;自我动作实现模块.ixx:5189;自我动作实现模块.ixx:6988;自我动作实现模块.ixx:6994;自我动作实现模块.ixx:7007;自我动作实现模块.ixx:7061;自我动作实现模块.ixx:7068;自我动作实现模块.ixx:7079;自我动作实现模块.ixx:8879
yes	私有_存在I64特征	私有_存在I64特征	自我类.初始化.cpp:111	16	服务所在模块的内部辅助流程。		自我类.初始化.cpp:111;自我类.初始化.cpp:215;自我类.初始化.cpp:216;自我类.初始化.cpp:217;自我类.初始化.cpp:218;自我类.初始化.cpp:219;自我类.初始化.cpp:220;自我类.初始化.cpp:221;自我类.初始化.cpp:222;自我类.初始化.cpp:223;自我类.初始化.cpp:224;自我类.初始化.cpp:225
yes	私有_查找已绑定存在概念	私有_查找已绑定存在概念	自我类.初始化.cpp:125	16	只读解析已绑定概念节点，不创建语素或基础信息。		自我类.初始化.cpp:125;自我类.初始化.cpp:135;自我类.初始化.cpp:136;自我类.初始化.cpp:137;自我类.初始化.cpp:138;自我类.初始化.cpp:139;自我类.初始化.cpp:140;自我类.初始化.cpp:141;自我类.初始化.cpp:142;自我类.初始化.cpp:143;自我类.初始化.cpp:144;自我类.初始化.cpp:145
yes	私有_需求类型标题	私有_需求类型标题	自我线程模块.impl.cpp:95	16	服务所在模块的内部辅助流程。		自我线程模块.impl.cpp:95;自我线程模块.impl.cpp:664;自我线程模块.impl.cpp:8152;自我线程模块.impl.cpp:8525;自我线程模块.impl.cpp:10553;自我线程模块.impl.cpp:10855;自我线程模块.impl.cpp:10856;自我线程模块.impl.cpp:10857;自我线程模块.impl.cpp:11244;自我线程模块.impl.cpp:11502;自我线程模块.impl.cpp:11525;自我线程模块.impl.cpp:11830
yes	私有_比较入口指针	私有_比较入口指针	任务主信息类.h:118	16	比较当前值、目标值或历史基准。	header_definition	任务主信息类.h:98;任务主信息类.h:100;任务主信息类.h:118;基础信息主信息类.h:154;基础信息主信息类.h:157;基础信息主信息类.h:159;基础信息主信息类.h:165;基础信息主信息类.h:414;基础信息主信息类.h:417;基础信息主信息类.h:426;基础信息主信息类.h:460;基础信息主信息类.h:463
yes	私有_比较入口指针	私有_比较入口指针	基础信息主信息类.h:165	16	比较当前值、目标值或历史基准。	header_definition	任务主信息类.h:98;任务主信息类.h:100;任务主信息类.h:118;基础信息主信息类.h:154;基础信息主信息类.h:157;基础信息主信息类.h:159;基础信息主信息类.h:165;基础信息主信息类.h:414;基础信息主信息类.h:417;基础信息主信息类.h:426;基础信息主信息类.h:460;基础信息主信息类.h:463
yes	私有_比较入口指针	私有_比较入口指针	基础信息主信息类.h:426	16	比较当前值、目标值或历史基准。	header_definition	任务主信息类.h:98;任务主信息类.h:100;任务主信息类.h:118;基础信息主信息类.h:154;基础信息主信息类.h:157;基础信息主信息类.h:159;基础信息主信息类.h:165;基础信息主信息类.h:414;基础信息主信息类.h:417;基础信息主信息类.h:426;基础信息主信息类.h:460;基础信息主信息类.h:463
yes	私有_比较入口指针	私有_比较入口指针	基础信息主信息类.h:471	16	比较当前值、目标值或历史基准。	header_definition	任务主信息类.h:98;任务主信息类.h:100;任务主信息类.h:118;基础信息主信息类.h:154;基础信息主信息类.h:157;基础信息主信息类.h:159;基础信息主信息类.h:165;基础信息主信息类.h:414;基础信息主信息类.h:417;基础信息主信息类.h:426;基础信息主信息类.h:460;基础信息主信息类.h:463
yes	私有_比较入口指针	私有_比较入口指针	方法主信息类.h:438	16	比较当前值、目标值或历史基准。	header_definition	任务主信息类.h:98;任务主信息类.h:100;任务主信息类.h:118;基础信息主信息类.h:154;基础信息主信息类.h:157;基础信息主信息类.h:159;基础信息主信息类.h:165;基础信息主信息类.h:414;基础信息主信息类.h:417;基础信息主信息类.h:426;基础信息主信息类.h:460;基础信息主信息类.h:463
yes	私有_比较入口指针	私有_比较入口指针	需求主信息类.h:99	16	比较当前值、目标值或历史基准。	header_definition	任务主信息类.h:98;任务主信息类.h:100;任务主信息类.h:118;基础信息主信息类.h:154;基础信息主信息类.h:157;基础信息主信息类.h:159;基础信息主信息类.h:165;基础信息主信息类.h:414;基础信息主信息类.h:417;基础信息主信息类.h:426;基础信息主信息类.h:460;基础信息主信息类.h:463
yes	私有_特征模板入口性	私有_特征模板入口性	世界树类.cpp:39	17	服务所在模块的内部辅助流程。		世界树类.cpp:39;世界树类.cpp:63;世界树类.cpp:69;世界树类.cpp:75;世界树类.cpp:81;世界树类.cpp:87;世界树类.cpp:93;世界树类.cpp:99;世界树类.cpp:146;存在类.cpp:31;存在类.cpp:41;存在类.cpp:47
yes	私有_包含片段_忽略大小写	私有_包含片段_忽略大小写	二次特征类.cpp:157	17	服务所在模块的内部辅助流程。		二次特征类.cpp:157;二次特征类.cpp:209;二次特征类.cpp:210;二次特征类.cpp:219;二次特征类.cpp:220;二次特征类.cpp:221;二次特征类.cpp:222;二次特征类.cpp:223;二次特征类.cpp:224;二次特征类.cpp:225;二次特征类.cpp:233;二次特征类.cpp:234
yes	任务来源需求	任务来源需求	任务模块.筹办.ixx:424	17	按函数名执行对应处理。		任务模块.筹办.ixx:424;任务模块.筹办.ixx:509;任务模块.筹办.ixx:796;任务模块.筹办.ixx:2351;任务模块.筹办.ixx:2817;任务模块.筹办.ixx:2934;任务模块.筹办.ixx:3084;任务模块.筹办.ixx:3443;任务模块.筹办.ixx:3753;任务模块.筹办.ixx:3765;任务模块.筹办.ixx:3774;任务模块.筹办.ixx:3782
yes	转换毫米	转换毫米	全局共享函数类.ixx:620	17	把浮点毫米值四舍五入转换为 I64，非有限值返回 0，越界时饱和。		全局共享函数类.ixx:620;双目相机本能适配器.cpp:184;双目相机本能适配器.cpp:357;双目相机本能适配器.cpp:900;双目相机本能适配器.cpp:901;双目相机本能适配器.cpp:902;双目相机本能适配器.cpp:903;双目相机本能适配器.cpp:904;双目相机本能适配器.cpp:905;双目相机本能适配器.cpp:906;双目相机本能适配器.cpp:907;双目相机本能适配器.cpp:908
yes	私有_特征模板入口性	私有_特征模板入口性	存在类.cpp:31	17	服务所在模块的内部辅助流程。		世界树类.cpp:39;世界树类.cpp:63;世界树类.cpp:69;世界树类.cpp:75;世界树类.cpp:81;世界树类.cpp:87;世界树类.cpp:93;世界树类.cpp:99;世界树类.cpp:146;存在类.cpp:31;存在类.cpp:41;存在类.cpp:47
yes	私有_SQL可空字符串	私有_SQL可空字符串	数据库ADO模块.cpp:233	17	把可空文本编码为 SQL Server 字面量。		数据库ADO模块.cpp:233;数据库ADO模块.cpp:359;数据库ADO模块.cpp:361;数据库ADO模块.cpp:374;数据库ADO模块.cpp:376;数据库ADO模块.cpp:377;数据库ADO模块.cpp:392;数据库ADO模块.cpp:395;数据库ADO模块.cpp:410;数据库ADO模块.cpp:412;数据库ADO模块.cpp:427;数据库ADO模块.cpp:428
yes	生成SQLServerWindows认证ADO连接串	生成SQLServerWindows认证ADO连接串	数据库ADO模块.cpp:613	17	生成 SQL Server Windows 身份认证 ADO 连接串。		世界树类.cpp:1751;世界树类.cpp:1752;任务类.cpp:1399;任务类.cpp:1400;控制面板类.cpp:6538;数据库ADO模块.cpp:322;数据库ADO模块.cpp:478;数据库ADO模块.cpp:613;数据库ADO模块.cpp:805;数据库ADO模块.cpp:806;数据库ADO模块.ixx:48;方法类.cpp:2175
yes	方法类::方法虚拟存在只读	方法虚拟存在只读	方法类.cpp:1916	17	只读解析方法首节点绑定的方法虚拟存在。		任务模块.管理工作线程.ixx:2514;任务模块.管理工作线程.ixx:2566;任务模块.管理工作线程.ixx:2682;任务模块.管理界面线程.impl.cpp:5178;控制面板摘要线程模块.impl.cpp:108;控制面板摘要线程模块.impl.cpp:367;控制面板类.cpp:253;控制面板类.cpp:3548;方法类.cpp:1916;方法虚拟存在服务类.cpp:451;本能动作管理类.ixx:261;自我动作实现.外设模块.ixx:7901
yes	清理执行输出派生需求标记	清理执行输出派生需求标记	自我动作实现.外设模块.ixx:7710	17	清理缓存、临时状态或运行资源。		自我动作实现.外设模块.ixx:7710;自我动作实现.外设模块.ixx:18500;自我动作实现.外设模块.ixx:18608;自我动作实现.外设模块.ixx:19757;自我动作实现.外设模块.ixx:19860;自我动作实现.外设模块.ixx:19971;自我动作实现.外设模块.ixx:20085;自我动作实现.外设模块.ixx:20960;自我动作实现.外设模块.ixx:21228;自我动作实现.外设模块.ixx:21725;自我动作实现.外设模块.ixx:22178;自我动作实现.外设模块.ixx:22609
yes	输入条件包根	输入条件包根	自我动作实现.外设模块.ixx:7825	17	按函数名执行对应处理。		自我动作实现.外设模块.ixx:7825;自我动作实现.外设模块.ixx:7859;自我动作实现.外设模块.ixx:7884;自我动作实现.服务模块.ixx:1200;自我动作实现.服务模块.ixx:1255;自我动作实现.服务模块.ixx:1587;自我动作实现.服务模块.ixx:1602;自我动作实现模块.ixx:2831;自我动作实现模块.ixx:4766;自我动作实现模块.ixx:4772;自我动作实现模块.ixx:5175;自我动作实现模块.ixx:9108
yes	输入条件包根	输入条件包根	自我动作实现.服务模块.ixx:1200	17	按函数名执行对应处理。		自我动作实现.外设模块.ixx:7825;自我动作实现.外设模块.ixx:7859;自我动作实现.外设模块.ixx:7884;自我动作实现.服务模块.ixx:1200;自我动作实现.服务模块.ixx:1255;自我动作实现.服务模块.ixx:1587;自我动作实现.服务模块.ixx:1602;自我动作实现模块.ixx:2831;自我动作实现模块.ixx:4766;自我动作实现模块.ixx:4772;自我动作实现模块.ixx:5175;自我动作实现模块.ixx:9108
yes	清理执行输出派生需求标记	清理执行输出派生需求标记	自我动作实现模块.ixx:2746	17	清理缓存、临时状态或运行资源。		自我动作实现.外设模块.ixx:7710;自我动作实现.外设模块.ixx:18500;自我动作实现.外设模块.ixx:18608;自我动作实现.外设模块.ixx:19757;自我动作实现.外设模块.ixx:19860;自我动作实现.外设模块.ixx:19971;自我动作实现.外设模块.ixx:20085;自我动作实现.外设模块.ixx:20960;自我动作实现.外设模块.ixx:21228;自我动作实现.外设模块.ixx:21725;自我动作实现.外设模块.ixx:22178;自我动作实现.外设模块.ixx:22609
yes	输入条件包根	输入条件包根	自我动作实现模块.ixx:2831	17	按函数名执行对应处理。		自我动作实现.外设模块.ixx:7825;自我动作实现.外设模块.ixx:7859;自我动作实现.外设模块.ixx:7884;自我动作实现.服务模块.ixx:1200;自我动作实现.服务模块.ixx:1255;自我动作实现.服务模块.ixx:1587;自我动作实现.服务模块.ixx:1602;自我动作实现模块.ixx:2831;自我动作实现模块.ixx:4766;自我动作实现模块.ixx:4772;自我动作实现模块.ixx:5175;自我动作实现模块.ixx:9108
yes	关系目标特征类型	关系目标特征类型	方法主信息类.h:144	17	按函数名执行对应处理。	header_definition	任务模块.筹办.ixx:2873;任务模块.筹办.ixx:2879;任务模块.筹办.ixx:3515;任务模块.筹办.ixx:3846;任务模块.管理界面线程.impl.cpp:999;控制面板类.cpp:3417;方法主信息类.h:144;方法主信息类.h:376;方法主信息类.h:377;方法类.cpp:390;方法类.cpp:439;方法类.cpp:439
yes	关系目标特征类型由参数决定	关系目标特征类型由参数决定	方法主信息类.h:150	17	按函数名执行对应处理。	header_definition	任务模块.筹办.ixx:2872;任务模块.筹办.ixx:2878;任务模块.筹办.ixx:2884;任务模块.筹办.ixx:3510;任务模块.筹办.ixx:3840;任务模块.筹办.ixx:3845;方法主信息类.h:150;方法类.cpp:388;方法类.cpp:398;方法类.cpp:438;方法类.cpp:438;方法类.cpp:462
yes	私有_特征_任务特征使用统计	私有_特征_任务特征使用统计	任务类.cpp:504	18	服务所在模块的内部辅助流程。		任务类.cpp:504;任务类.cpp:540;任务类.cpp:1499;任务类.cpp:1500;任务类.cpp:1501;任务类.cpp:1502;任务类.cpp:1503;任务类.cpp:1504;任务类.cpp:1505;任务类.cpp:1506;任务类.cpp:1507;任务类.cpp:1508
yes	私有_线程生命周期文本	私有_线程生命周期文本	控制面板类.cpp:656	18	服务所在模块的内部辅助流程。		控制面板类.cpp:656;控制面板类.cpp:6364;控制面板类.cpp:6378;控制面板类.cpp:6478;控制面板类.cpp:10858;控制面板类.cpp:10969;控制面板类.cpp:11029;控制面板类.cpp:11533;自我线程模块.impl.cpp:12589;自我线程模块.impl.cpp:12646;自我线程模块.impl.cpp:12648;自我线程模块.impl.cpp:12649
yes	方法虚拟存在服务类::同步方法节点到虚拟存在	同步方法节点到虚拟存在	方法虚拟存在服务类.cpp:727	18	同步线程、任务、场景或对象之间的状态。		任务模块.筹办.ixx:1594;任务模块.管理界面线程.impl.cpp:5186;方法类.cpp:1880;方法类.cpp:2362;方法类.cpp:2452;方法类.cpp:2552;方法类.cpp:2768;方法虚拟存在服务类.cpp:727;自我动作实现.外设模块.ixx:9218;自我动作实现.外设模块.ixx:9287;自我动作实现模块.ixx:4377;自我动作实现模块.ixx:4440
yes	特征_外设观察存在自我归属状态	特征_外设观察存在自我归属状态	自我动作实现.外设模块.ixx:4913	18	按函数名执行对应处理。		自我动作实现.外设模块.ixx:4913;自我动作实现.外设模块.ixx:16149;自我动作实现.外设模块.ixx:16195;自我动作实现.外设模块.ixx:16199;自我动作实现.外设模块.ixx:16203;自我动作实现.外设模块.ixx:16207;自我动作实现.外设模块.ixx:16233;自我动作实现.外设模块.ixx:16239;自我动作实现.外设模块.ixx:16260;自我动作实现.外设模块.ixx:21444;自我动作实现.外设模块.ixx:21482;自我动作实现.外设模块.ixx:21610
yes	特征_来源因果信息	特征_来源因果信息	自我动作实现.外设模块.ixx:5577	18	按函数名执行对应处理。		自我动作实现.外设模块.ixx:5577;自我动作实现.外设模块.ixx:15642;自我动作实现.外设模块.ixx:18623;自我动作实现.外设模块.ixx:19002;自我动作实现模块.ixx:1993;自我动作实现模块.ixx:2763;自我动作实现模块.ixx:2959;自我动作实现模块.ixx:5188;自我动作实现模块.ixx:6987;自我动作实现模块.ixx:6993;自我动作实现模块.ixx:7006;自我动作实现模块.ixx:7060
yes	任务状态被动提交内部阶段耗时微秒	任务状态被动提交内部阶段耗时微秒	自我动作实现模块.ixx:10581	18	提交事实、动态、任务状态或运行回执。		自我动作实现模块.ixx:10219;自我动作实现模块.ixx:10260;自我动作实现模块.ixx:10314;自我动作实现模块.ixx:10338;自我动作实现模块.ixx:10347;自我动作实现模块.ixx:10363;自我动作实现模块.ixx:10374;自我动作实现模块.ixx:10392;自我动作实现模块.ixx:10581;自我动作实现模块.ixx:10672;自我动作实现模块.ixx:10748;自我动作实现模块.ixx:10774
yes	特征_来源因果信息	特征_来源因果信息	自我动作实现模块.ixx:1993	18	按函数名执行对应处理。		自我动作实现.外设模块.ixx:5577;自我动作实现.外设模块.ixx:15642;自我动作实现.外设模块.ixx:18623;自我动作实现.外设模块.ixx:19002;自我动作实现模块.ixx:1993;自我动作实现模块.ixx:2763;自我动作实现模块.ixx:2959;自我动作实现模块.ixx:5188;自我动作实现模块.ixx:6987;自我动作实现模块.ixx:6993;自我动作实现模块.ixx:7006;自我动作实现模块.ixx:7060
yes	私有_线程生命周期文本	私有_线程生命周期文本	自我线程模块.impl.cpp:12589	18	服务所在模块的内部辅助流程。		控制面板类.cpp:656;控制面板类.cpp:6364;控制面板类.cpp:6378;控制面板类.cpp:6478;控制面板类.cpp:10858;控制面板类.cpp:10969;控制面板类.cpp:11029;控制面板类.cpp:11533;自我线程模块.impl.cpp:12589;自我线程模块.impl.cpp:12646;自我线程模块.impl.cpp:12648;自我线程模块.impl.cpp:12649
yes	私有_状态节点特征类型_线程侧	私有_状态节点特征类型_线程侧	自我线程模块.impl.cpp:2898	18	服务所在模块的内部辅助流程。		自我线程模块.impl.cpp:2898;自我线程模块.impl.cpp:2937;自我线程模块.impl.cpp:2938;自我线程模块.impl.cpp:8217;自我线程模块.impl.cpp:8716;自我线程模块.impl.cpp:8719;自我线程模块.impl.cpp:9316;自我线程模块.impl.cpp:9317;自我线程模块.impl.cpp:10141;自我线程模块.impl.cpp:10143;自我线程模块.impl.cpp:10166;自我线程模块.impl.cpp:10168
yes	私有_需求SQL字段整数	私有_需求SQL字段整数	需求类.cpp:662	18	服务所在模块的内部辅助流程。		需求类.cpp:662;需求类.cpp:667;需求类.cpp:672;需求类.cpp:704;需求类.cpp:708;需求类.cpp:709;需求类.cpp:710;需求类.cpp:728;需求类.cpp:730;需求类.cpp:731;需求类.cpp:732;需求类.cpp:742
yes	私有_需求SQL字段整数	私有_需求SQL字段整数	需求类.cpp:667	18	服务所在模块的内部辅助流程。		需求类.cpp:662;需求类.cpp:667;需求类.cpp:672;需求类.cpp:704;需求类.cpp:708;需求类.cpp:709;需求类.cpp:710;需求类.cpp:728;需求类.cpp:730;需求类.cpp:731;需求类.cpp:732;需求类.cpp:742
yes	私有_需求SQL字段整数	私有_需求SQL字段整数	需求类.cpp:672	18	服务所在模块的内部辅助流程。		需求类.cpp:662;需求类.cpp:667;需求类.cpp:672;需求类.cpp:704;需求类.cpp:708;需求类.cpp:709;需求类.cpp:710;需求类.cpp:728;需求类.cpp:730;需求类.cpp:731;需求类.cpp:732;需求类.cpp:742
yes	私有_线程生命周期文本	私有_线程生命周期文本	鱼巢.cpp:208	18	服务所在模块的内部辅助流程。		控制面板类.cpp:656;控制面板类.cpp:6364;控制面板类.cpp:6378;控制面板类.cpp:6478;控制面板类.cpp:10858;控制面板类.cpp:10969;控制面板类.cpp:11029;控制面板类.cpp:11533;自我线程模块.impl.cpp:12589;自我线程模块.impl.cpp:12646;自我线程模块.impl.cpp:12648;自我线程模块.impl.cpp:12649
yes	获取读锁	获取读锁	双向链表模板核心.h:169	18	读取并返回指定对象、状态或运行材料。	header_definition	世界树类.cpp:108;世界树类.cpp:127;世界树类.cpp:1720;二次特征类.cpp:92;双向链表模板核心.h:169;场景类.cpp:43;基础信息类.cpp:119;基础信息类.cpp:133;基础信息类.cpp:242;基础信息类.h:74;存在类.cpp:194;特征类.cpp:75
yes	查找主键	查找主键	双向链表模板核心.h:365	18	按条件查找目标对象、方法或事实。	header_definition	世界树类.cpp:1635;二次特征类.cpp:291;动态类.cpp:294;动态类.cpp:325;动态类.cpp:499;双向链表模板核心.h:365;因果类.cpp:1319;因果类.cpp:1329;场景类.cpp:105;场景类.cpp:313;存在类.cpp:295;存在类.cpp:665
yes	特征值有效	特征值有效	基础数据类型.h:246	18	按函数名执行对应处理。	header_definition	二次特征应用模块.ixx:1052;二次特征应用模块.ixx:1052;基础信息主信息类.h:366;基础数据类型.h:246;本能动作类.ixx:48;特征类.cpp:2408;特征类.cpp:2594;特征类.cpp:2655;特征类.cpp:2736;特征类.cpp:2964;特征类.cpp:2964;特征类.cpp:2989
yes	状态主键_筹办日志	状态主键_筹办日志	任务模块.筹办.ixx:247	19	推进任务筹办，形成候选、缺口或就绪回执。		任务模块.筹办.ixx:247;任务模块.筹办.ixx:341;任务模块.筹办.ixx:342;任务模块.筹办.ixx:931;任务模块.筹办.ixx:932;任务模块.筹办.ixx:1312;任务模块.筹办.ixx:1315;任务模块.筹办.ixx:1535;任务模块.筹办.ixx:2156;任务模块.筹办.ixx:2157;任务模块.筹办.ixx:2173;任务模块.筹办.ixx:2174
yes	同步运行包语义槽	同步运行包语义槽	任务模块.运行包.impl.cpp:130	19	同步线程、任务、场景或对象之间的状态。		任务模块.运行包.impl.cpp:37;任务模块.运行包.impl.cpp:43;任务模块.运行包.impl.cpp:46;任务模块.运行包.impl.cpp:130;任务模块.运行包.impl.cpp:137;任务模块.运行包.impl.cpp:148;任务模块.运行包.impl.cpp:159;任务模块.运行包.impl.cpp:166;任务模块.运行包.impl.cpp:168;任务模块.运行包.impl.cpp:175;任务模块.运行包.impl.cpp:179;任务模块.运行包.impl.cpp:181
yes	同步运行包语义槽	同步运行包语义槽	任务模块.运行包.impl.cpp:137	19	同步线程、任务、场景或对象之间的状态。		任务模块.运行包.impl.cpp:37;任务模块.运行包.impl.cpp:43;任务模块.运行包.impl.cpp:46;任务模块.运行包.impl.cpp:130;任务模块.运行包.impl.cpp:137;任务模块.运行包.impl.cpp:148;任务模块.运行包.impl.cpp:159;任务模块.运行包.impl.cpp:166;任务模块.运行包.impl.cpp:168;任务模块.运行包.impl.cpp:175;任务模块.运行包.impl.cpp:179;任务模块.运行包.impl.cpp:181
yes	同步运行包语义槽	同步运行包语义槽	任务模块.运行包.impl.cpp:148	19	同步线程、任务、场景或对象之间的状态。		任务模块.运行包.impl.cpp:37;任务模块.运行包.impl.cpp:43;任务模块.运行包.impl.cpp:46;任务模块.运行包.impl.cpp:130;任务模块.运行包.impl.cpp:137;任务模块.运行包.impl.cpp:148;任务模块.运行包.impl.cpp:159;任务模块.运行包.impl.cpp:166;任务模块.运行包.impl.cpp:168;任务模块.运行包.impl.cpp:175;任务模块.运行包.impl.cpp:179;任务模块.运行包.impl.cpp:181
yes	同步运行包语义槽	同步运行包语义槽	任务模块.运行包.impl.cpp:159	19	同步线程、任务、场景或对象之间的状态。		任务模块.运行包.impl.cpp:37;任务模块.运行包.impl.cpp:43;任务模块.运行包.impl.cpp:46;任务模块.运行包.impl.cpp:130;任务模块.运行包.impl.cpp:137;任务模块.运行包.impl.cpp:148;任务模块.运行包.impl.cpp:159;任务模块.运行包.impl.cpp:166;任务模块.运行包.impl.cpp:168;任务模块.运行包.impl.cpp:175;任务模块.运行包.impl.cpp:179;任务模块.运行包.impl.cpp:181
yes	同步运行包语义槽	同步运行包语义槽	任务模块.运行包.impl.cpp:166	19	同步线程、任务、场景或对象之间的状态。		任务模块.运行包.impl.cpp:37;任务模块.运行包.impl.cpp:43;任务模块.运行包.impl.cpp:46;任务模块.运行包.impl.cpp:130;任务模块.运行包.impl.cpp:137;任务模块.运行包.impl.cpp:148;任务模块.运行包.impl.cpp:159;任务模块.运行包.impl.cpp:166;任务模块.运行包.impl.cpp:168;任务模块.运行包.impl.cpp:175;任务模块.运行包.impl.cpp:179;任务模块.运行包.impl.cpp:181
yes	同步运行包语义槽	同步运行包语义槽	任务模块.运行包.impl.cpp:179	19	同步线程、任务、场景或对象之间的状态。		任务模块.运行包.impl.cpp:37;任务模块.运行包.impl.cpp:43;任务模块.运行包.impl.cpp:46;任务模块.运行包.impl.cpp:130;任务模块.运行包.impl.cpp:137;任务模块.运行包.impl.cpp:148;任务模块.运行包.impl.cpp:159;任务模块.运行包.impl.cpp:166;任务模块.运行包.impl.cpp:168;任务模块.运行包.impl.cpp:175;任务模块.运行包.impl.cpp:179;任务模块.运行包.impl.cpp:181
yes	饱和减少	饱和减少	全局共享函数类.ixx:45	19	对 I64 执行带上下限保护的饱和减法。		世界树类.cpp:3935;全局共享函数类.ixx:45;全局共享函数类.ixx:65;特征类.cpp:140;特征类.cpp:157;特征类.cpp:205;特征类.cpp:206;特征类.cpp:2613;特征类.cpp:2624;特征类.cpp:3001;特征类.cpp:4090;特征类.cpp:4254
yes	稳定时钟时间点	稳定时钟时间点	全局共享函数类.ixx:479	19	返回 steady_clock 当前时间点，用于内部阶段耗时测量。		全局共享函数类.ixx:479;状态类.cpp:307;状态类.cpp:317;状态类.cpp:325;状态类.cpp:327;状态类.cpp:331;状态类.cpp:336;状态类.cpp:340;状态类.cpp:342;状态类.cpp:346;状态类.cpp:347;状态类.cpp:351
yes	私有_动态阶段耗时微秒	私有_动态阶段耗时微秒	动态类.cpp:61	19	服务所在模块的内部辅助流程。		动态类.cpp:61;动态类.cpp:793;动态类.cpp:798;动态类.cpp:866;动态类.cpp:891;动态类.cpp:904;动态类.cpp:909;动态类.cpp:914;动态类.cpp:919;动态类.cpp:925;动态类.cpp:933;动态类.cpp:940
yes	外设提交_追加非空句柄	外设提交_追加非空句柄	外设观察报告队列.ixx:895	19	提交事实、动态、任务状态或运行回执。		外设观察报告队列.ixx:895;外设观察报告队列.ixx:946;外设观察报告队列.ixx:947;外设观察报告队列.ixx:948;外设观察报告队列.ixx:949;外设观察报告队列.ixx:950;外设观察报告队列.ixx:951;外设观察报告队列.ixx:952;外设观察报告队列.ixx:961;外设观察报告队列.ixx:962;外设观察报告队列.ixx:963;外设观察报告队列.ixx:964
yes	私有_追加SQL控制面板表	私有_追加SQL控制面板表	控制面板类.cpp:7083	19	向 SQL 控制面板 HTML 追加一个数据表区段。		控制面板类.cpp:7083;控制面板类.cpp:7777;控制面板类.cpp:7778;控制面板类.cpp:7779;控制面板类.cpp:7780;控制面板类.cpp:7781;控制面板类.cpp:7782;控制面板类.cpp:7783;控制面板类.cpp:7784;控制面板类.cpp:7785;控制面板类.cpp:7786;控制面板类.cpp:7787
yes	方法类::方法本能ID	方法本能ID	方法类.cpp:1902	19	读取方法首节点绑定的本能方法 ID。		任务模块.执行.ixx:199;任务模块.执行.ixx:425;任务模块.执行.ixx:535;任务模块.执行.ixx:607;任务模块.筹办.ixx:2236;任务模块.筹办.ixx:2255;任务模块.管理工作线程.ixx:2933;方法类.cpp:1902;自我动作实现.外设模块.ixx:8444;自我动作实现.外设模块.ixx:8470;自我动作实现.外设模块.ixx:8676;自我动作实现.外设模块.ixx:8829
yes	特征_外设观察存在候选确认方案取得状态	特征_外设观察存在候选确认方案取得状态	自我动作实现.外设模块.ixx:4808	19	取得指定对象、状态或运行材料。		自我动作实现.外设模块.ixx:4808;自我动作实现.外设模块.ixx:16137;自我动作实现.外设模块.ixx:16163;自我动作实现.外设模块.ixx:16294;自我动作实现.外设模块.ixx:16541;自我动作实现.外设模块.ixx:16552;自我动作实现.外设模块.ixx:16568;自我动作实现.外设模块.ixx:21379;自我动作实现.外设模块.ixx:21435;自我动作实现.外设模块.ixx:21468;自我动作实现.外设模块.ixx:21635;自我动作实现.外设模块.ixx:21664
yes	特征_任务虚拟存在	特征_任务虚拟存在	自我动作实现.外设模块.ixx:738	19	按函数名执行对应处理。		自我动作实现.外设模块.ixx:738;自我动作实现.外设模块.ixx:8919;自我动作实现.外设模块.ixx:8920;自我动作实现.服务模块.ixx:133;自我动作实现.服务模块.ixx:1895;自我动作实现.服务模块.ixx:1941;自我动作实现.服务模块.ixx:2591;自我动作实现.服务模块.ixx:3146;自我动作实现.服务模块.ixx:3205;自我动作实现模块.ixx:165;自我动作实现模块.ixx:4060;自我动作实现模块.ixx:4061
yes	特征_任务虚拟存在	特征_任务虚拟存在	自我动作实现.服务模块.ixx:133	19	按函数名执行对应处理。		自我动作实现.外设模块.ixx:738;自我动作实现.外设模块.ixx:8919;自我动作实现.外设模块.ixx:8920;自我动作实现.服务模块.ixx:133;自我动作实现.服务模块.ixx:1895;自我动作实现.服务模块.ixx:1941;自我动作实现.服务模块.ixx:2591;自我动作实现.服务模块.ixx:3146;自我动作实现.服务模块.ixx:3205;自我动作实现模块.ixx:165;自我动作实现模块.ixx:4060;自我动作实现模块.ixx:4061
yes	特征_任务虚拟存在	特征_任务虚拟存在	自我动作实现模块.ixx:165	19	按函数名执行对应处理。		自我动作实现.外设模块.ixx:738;自我动作实现.外设模块.ixx:8919;自我动作实现.外设模块.ixx:8920;自我动作实现.服务模块.ixx:133;自我动作实现.服务模块.ixx:1895;自我动作实现.服务模块.ixx:1941;自我动作实现.服务模块.ixx:2591;自我动作实现.服务模块.ixx:3146;自我动作实现.服务模块.ixx:3205;自我动作实现模块.ixx:165;自我动作实现模块.ixx:4060;自我动作实现模块.ixx:4061
yes	确保本能方法抽象条件结果对	确保本能方法抽象条件结果对	自我动作实现模块.ixx:3824	19	确保目标结构、状态或前置条件存在并可用。		自我动作实现模块.ixx:3824;自我动作实现模块.ixx:7485;自我动作实现模块.ixx:7498;自我动作实现模块.ixx:7511;自我动作实现模块.ixx:7524;自我动作实现模块.ixx:7537;自我动作实现模块.ixx:7550;自我动作实现模块.ixx:7563;自我动作实现模块.ixx:7576;自我动作实现模块.ixx:7589;自我动作实现模块.ixx:7602;自我动作实现模块.ixx:7615
yes	需求类::读取需求满足关系	读取需求满足关系	需求类.cpp:1650	19	读取需求满足关系，不修改需求树。		任务模块.筹办.ixx:772;任务模块.筹办.ixx:2849;任务模块.筹办.ixx:5484;任务模块.筹办.ixx:5556;任务模块.管理工作线程.ixx:1974;任务模块.管理界面线程.impl.cpp:1918;任务模块.管理界面线程.impl.cpp:3923;自我线程模块.impl.cpp:3428;自我线程模块.impl.cpp:3436;自我线程模块.impl.cpp:5137;自我线程模块.impl.cpp:5147;自我线程模块.impl.cpp:5330
yes	命中比较条件	命中比较条件	任务主信息类.h:107	19	比较当前值、目标值或历史基准。	header_definition	任务主信息类.h:107;任务主信息类.h:108;任务主信息类.h:112;双向链表模板核心.h:226;双向链表模板核心.h:231;双向链表模板核心.h:238;双向链表模板核心.h:424;双向链表模板核心.h:427;基础信息主信息类.h:125;方法主信息类.h:419;方法主信息类.h:420;方法主信息类.h:424
yes	命中比较条件	命中比较条件	任务主信息类.h:112	19	比较当前值、目标值或历史基准。	header_definition	任务主信息类.h:107;任务主信息类.h:108;任务主信息类.h:112;双向链表模板核心.h:226;双向链表模板核心.h:231;双向链表模板核心.h:238;双向链表模板核心.h:424;双向链表模板核心.h:427;基础信息主信息类.h:125;方法主信息类.h:419;方法主信息类.h:420;方法主信息类.h:424
yes	命中比较条件	命中比较条件	基础信息主信息类.h:125	19	比较当前值、目标值或历史基准。	header_definition	任务主信息类.h:107;任务主信息类.h:108;任务主信息类.h:112;双向链表模板核心.h:226;双向链表模板核心.h:231;双向链表模板核心.h:238;双向链表模板核心.h:424;双向链表模板核心.h:427;基础信息主信息类.h:125;方法主信息类.h:419;方法主信息类.h:420;方法主信息类.h:424
yes	命中比较条件	命中比较条件	方法主信息类.h:419	19	比较当前值、目标值或历史基准。	header_definition	任务主信息类.h:107;任务主信息类.h:108;任务主信息类.h:112;双向链表模板核心.h:226;双向链表模板核心.h:231;双向链表模板核心.h:238;双向链表模板核心.h:424;双向链表模板核心.h:427;基础信息主信息类.h:125;方法主信息类.h:419;方法主信息类.h:420;方法主信息类.h:424
yes	命中比较条件	命中比较条件	方法主信息类.h:424	19	比较当前值、目标值或历史基准。	header_definition	任务主信息类.h:107;任务主信息类.h:108;任务主信息类.h:112;双向链表模板核心.h:226;双向链表模板核心.h:231;双向链表模板核心.h:238;双向链表模板核心.h:424;双向链表模板核心.h:427;基础信息主信息类.h:125;方法主信息类.h:419;方法主信息类.h:420;方法主信息类.h:424
yes	命中比较条件	命中比较条件	特征值主信息类.h:60	19	比较当前值、目标值或历史基准。	header_definition	任务主信息类.h:107;任务主信息类.h:108;任务主信息类.h:112;双向链表模板核心.h:226;双向链表模板核心.h:231;双向链表模板核心.h:238;双向链表模板核心.h:424;双向链表模板核心.h:427;基础信息主信息类.h:125;方法主信息类.h:419;方法主信息类.h:420;方法主信息类.h:424
yes	命中比较条件	命中比较条件	特征值主信息类.h:65	19	比较当前值、目标值或历史基准。	header_definition	任务主信息类.h:107;任务主信息类.h:108;任务主信息类.h:112;双向链表模板核心.h:226;双向链表模板核心.h:231;双向链表模板核心.h:238;双向链表模板核心.h:424;双向链表模板核心.h:427;基础信息主信息类.h:125;方法主信息类.h:419;方法主信息类.h:420;方法主信息类.h:424
yes	命中比较条件	命中比较条件	语素主信息类.h:364	19	比较当前值、目标值或历史基准。	header_definition	任务主信息类.h:107;任务主信息类.h:108;任务主信息类.h:112;双向链表模板核心.h:226;双向链表模板核心.h:231;双向链表模板核心.h:238;双向链表模板核心.h:424;双向链表模板核心.h:427;基础信息主信息类.h:125;方法主信息类.h:419;方法主信息类.h:420;方法主信息类.h:424
yes	命中比较条件	命中比较条件	需求主信息类.h:78	19	比较当前值、目标值或历史基准。	header_definition	任务主信息类.h:107;任务主信息类.h:108;任务主信息类.h:112;双向链表模板核心.h:226;双向链表模板核心.h:231;双向链表模板核心.h:238;双向链表模板核心.h:424;双向链表模板核心.h:427;基础信息主信息类.h:125;方法主信息类.h:419;方法主信息类.h:420;方法主信息类.h:424
yes	命中比较条件	命中比较条件	需求主信息类.h:83	19	比较当前值、目标值或历史基准。	header_definition	任务主信息类.h:107;任务主信息类.h:108;任务主信息类.h:112;双向链表模板核心.h:226;双向链表模板核心.h:231;双向链表模板核心.h:238;双向链表模板核心.h:424;双向链表模板核心.h:427;基础信息主信息类.h:125;方法主信息类.h:419;方法主信息类.h:420;方法主信息类.h:424
yes	追加JSON字符串	追加JSON字符串	全局共享函数类.ixx:349	20	按 JSON 字符串规则追加带引号的转义文本。		全局共享函数类.ixx:349;控制面板WebView2.cpp:795;控制面板WebView2.cpp:798;控制面板WebView2.cpp:801;控制面板WebView2.cpp:804;控制面板WebView2.cpp:835;控制面板WebView2.cpp:856;控制面板类.cpp:9049;控制面板类.cpp:9054;控制面板类.cpp:9094;控制面板类.cpp:9101;控制面板类.cpp:9150
yes	外设提交_追加缺口	外设提交_追加缺口	外设观察报告队列.ixx:882	20	提交事实、动态、任务状态或运行回执。		外设观察报告队列.ixx:882;外设观察报告队列.ixx:980;外设观察报告队列.ixx:983;外设观察报告队列.ixx:986;外设观察报告队列.ixx:989;外设观察报告队列.ixx:992;外设观察报告队列.ixx:995;外设观察报告队列.ixx:998;外设观察报告队列.ixx:1001;外设观察报告队列.ixx:1004;外设观察报告队列.ixx:1007;外设观察报告队列.ixx:2334
yes	私有_SQL控制面板表格区段刷新JSON	私有_SQL控制面板表格区段刷新JSON	控制面板类.cpp:7165	20	生成 SQL 控制面板普通表格区段刷新 JSON。		控制面板类.cpp:7165;控制面板类.cpp:7563;控制面板类.cpp:7566;控制面板类.cpp:7569;控制面板类.cpp:7572;控制面板类.cpp:7575;控制面板类.cpp:7578;控制面板类.cpp:7581;控制面板类.cpp:7584;控制面板类.cpp:7587;控制面板类.cpp:7590;控制面板类.cpp:7593
yes	方法类::方法条件结果对数量	方法条件结果对数量	方法类.cpp:2027	20	统计方法首节点的条件结果对数量。		任务模块.执行.ixx:628;任务模块.筹办.ixx:2335;任务模块.筹办.ixx:2925;任务模块.筹办.ixx:2975;任务模块.筹办.ixx:2979;任务模块.筹办.ixx:4833;任务模块.筹办.ixx:4858;任务模块.筹办.ixx:5258;任务模块.筹办.ixx:5360;任务模块.筹办.ixx:5403;方法类.cpp:2027;自我动作实现.外设模块.ixx:8515
yes	特征_已识别区域扫描入账状态	特征_已识别区域扫描入账状态	自我动作实现.外设模块.ixx:4549	20	执行扫描相关材料获取、比较或提交逻辑。		自我动作实现.外设模块.ixx:4549;自我动作实现.外设模块.ixx:8006;自我动作实现.外设模块.ixx:16383;自我动作实现.外设模块.ixx:16391;自我动作实现.外设模块.ixx:23844;自我动作实现.外设模块.ixx:23958;自我动作实现.外设模块.ixx:23959;自我动作实现.外设模块.ixx:23974;自我动作实现.外设模块.ixx:23990;自我动作实现.外设模块.ixx:24315;自我动作实现.外设模块.ixx:24480;自我动作实现.外设模块.ixx:24569
yes	特征_已识别区域扫描入账状态	特征_已识别区域扫描入账状态	自我动作实现.扫描.ixx:710	20	执行扫描相关材料获取、比较或提交逻辑。		自我动作实现.外设模块.ixx:4549;自我动作实现.外设模块.ixx:8006;自我动作实现.外设模块.ixx:16383;自我动作实现.外设模块.ixx:16391;自我动作实现.外设模块.ixx:23844;自我动作实现.外设模块.ixx:23958;自我动作实现.外设模块.ixx:23959;自我动作实现.外设模块.ixx:23974;自我动作实现.外设模块.ixx:23990;自我动作实现.外设模块.ixx:24315;自我动作实现.外设模块.ixx:24480;自我动作实现.外设模块.ixx:24569
yes	基础信息基类	基础信息基类	基础信息主信息类.h:105	20	按函数名执行对应处理。	header_definition	基础信息主信息类.h:102;基础信息主信息类.h:105;基础信息主信息类.h:108;基础信息主信息类.h:139;基础信息主信息类.h:144;基础信息主信息类.h:241;基础信息主信息类.h:260;基础信息主信息类.h:264;基础信息主信息类.h:271;基础信息主信息类.h:353;基础信息主信息类.h:357;基础信息主信息类.h:362
yes	基础信息基类	基础信息基类	基础信息主信息类.h:108	20	按函数名执行对应处理。	header_definition	基础信息主信息类.h:102;基础信息主信息类.h:105;基础信息主信息类.h:108;基础信息主信息类.h:139;基础信息主信息类.h:144;基础信息主信息类.h:241;基础信息主信息类.h:260;基础信息主信息类.h:264;基础信息主信息类.h:271;基础信息主信息类.h:353;基础信息主信息类.h:357;基础信息主信息类.h:362
yes	构造任务管理派生需求消息文本	构造任务管理派生需求消息文本	任务模块.工作线程消息协议.ixx:624	21	按函数名执行对应处理。		任务模块.工作线程消息协议.ixx:624;任务模块.筹办.ixx:1901;任务模块.管理工作线程.ixx:906;任务模块.管理工作线程.ixx:955;任务模块.管理工作线程.ixx:1006;任务模块.管理工作线程.ixx:1026;自我线程模块.impl.cpp:9946;自我线程模块.impl.cpp:9951;自我线程模块.impl.cpp:9964;自我线程模块.impl.cpp:9981;自我线程模块.impl.cpp:9996;自我线程模块.impl.cpp:10004
yes	写入筹办回执任务建议	写入筹办回执任务建议	任务模块.筹办.ixx:284	21	把处理结果写入指定对象、场景或日志。		任务模块.筹办.ixx:284;任务模块.筹办.ixx:616;任务模块.筹办.ixx:626;任务模块.筹办.ixx:636;任务模块.筹办.ixx:698;任务模块.筹办.ixx:5241;任务模块.筹办.ixx:5322;任务模块.筹办.ixx:5498;任务模块.筹办.ixx:5509;任务模块.筹办.ixx:5521;任务模块.筹办.ixx:5536;任务模块.筹办.ixx:5588
yes	任务类::读取任务当前阶段	读取任务当前阶段	任务类.cpp:2235	21	从指定来源读取数据或状态。		任务模块.管理界面线程.impl.cpp:939;任务模块.管理界面线程.impl.cpp:1672;任务模块.管理界面线程.impl.cpp:1758;任务模块.管理界面线程.impl.cpp:7448;任务模块.管理界面线程.impl.cpp:7471;任务模块.管理界面线程.impl.cpp:7492;任务模块.管理界面线程.impl.cpp:7518;任务模块.管理界面线程.impl.cpp:8870;任务模块.管理界面线程.impl.cpp:8933;任务模块.管理界面线程.impl.cpp:8957;任务模块.管理界面线程.impl.cpp:8969;任务模块.管理界面线程.impl.cpp:9003
yes	私有_读取任务I64特征	私有_读取任务I64特征	任务类.cpp:594	21	从指定来源读取数据或状态。		任务类.cpp:594;任务类.cpp:1862;任务类.cpp:2183;任务类.cpp:2212;任务类.cpp:2241;任务类.cpp:2271;任务类.cpp:2296;任务类.cpp:2308;任务类.cpp:2320;任务类.cpp:2332;任务类.cpp:2344;任务类.cpp:2356
yes	私有_引用主键	私有_引用主键	动态类.cpp:27	21	服务所在模块的内部辅助流程。		动态类.cpp:27;动态类.cpp:37;动态类.cpp:368;动态类.cpp:369;动态类.cpp:370;动态类.cpp:371;动态类.cpp:711;动态类.cpp:713;动态类.cpp:716;动态类.cpp:719;动态类.cpp:722;动态类.cpp:725
yes	私有_方法语义特征词	私有_方法语义特征词	方法虚拟存在服务类.cpp:28	21	服务所在模块的内部辅助流程。		方法虚拟存在服务类.cpp:28;方法虚拟存在服务类.cpp:259;方法虚拟存在服务类.cpp:284;方法虚拟存在服务类.cpp:290;方法虚拟存在服务类.cpp:296;方法虚拟存在服务类.cpp:302;方法虚拟存在服务类.cpp:308;方法虚拟存在服务类.cpp:314;方法虚拟存在服务类.cpp:320;方法虚拟存在服务类.cpp:329;方法虚拟存在服务类.cpp:398;方法虚拟存在服务类.cpp:411
yes	方法虚拟存在服务类::取或创建方法虚拟存在	取或创建方法虚拟存在	方法虚拟存在服务类.cpp:559	21	创建并返回或登记对应对象。		任务模块.执行.ixx:558;任务模块.执行.ixx:734;任务模块.执行.ixx:774;任务模块.执行.ixx:1139;任务模块.筹办.ixx:1593;任务模块.筹办.ixx:2534;任务模块.筹办.ixx:2595;任务模块.筹办.ixx:3581;任务模块.筹办.ixx:4025;任务模块.筹办.ixx:5271;任务模块.筹办.ixx:5315;任务模块.管理界面线程.impl.cpp:5181
yes	特征_运行状态	特征_运行状态	自我动作实现.外设模块.ixx:2148	21	执行对应模块、线程或方法的运行逻辑。		自我动作实现.外设模块.ixx:2148;自我动作实现.外设模块.ixx:15221;自我动作实现.外设模块.ixx:15252;自我动作实现.外设模块.ixx:15259;自我动作实现.外设模块.ixx:15274;自我动作实现.外设模块.ixx:15280;自我动作实现.外设模块.ixx:15309;自我动作实现.外设模块.ixx:15315;自我动作实现.外设模块.ixx:15609;自我动作实现.外设模块.ixx:15611;自我动作实现.外设模块.ixx:16791;自我动作实现.外设模块.ixx:16797
yes	基础节点	基础节点	自我动作实现.扫描.ixx:780	21	按函数名执行对应处理。		自我动作实现.扫描.ixx:780;自我动作实现.扫描.ixx:840;自我动作实现.扫描.ixx:840;自我动作实现.扫描.ixx:850;自我动作实现.扫描.ixx:865;自我动作实现.扫描.ixx:866;自我动作实现.扫描.ixx:867;自我动作实现.扫描.ixx:1049;自我动作实现.扫描.ixx:1064;自我动作实现.扫描.ixx:1084;自我动作实现.扫描.ixx:1108;自我动作实现.扫描.ixx:1128
yes	特征_运行状态	特征_运行状态	自我动作实现模块.ixx:1672	21	执行对应模块、线程或方法的运行逻辑。		自我动作实现.外设模块.ixx:2148;自我动作实现.外设模块.ixx:15221;自我动作实现.外设模块.ixx:15252;自我动作实现.外设模块.ixx:15259;自我动作实现.外设模块.ixx:15274;自我动作实现.外设模块.ixx:15280;自我动作实现.外设模块.ixx:15309;自我动作实现.外设模块.ixx:15315;自我动作实现.外设模块.ixx:15609;自我动作实现.外设模块.ixx:15611;自我动作实现.外设模块.ixx:16791;自我动作实现.外设模块.ixx:16797
yes	抽象特征指针值	抽象特征指针值	自我线程模块.消息协议.ixx:502	21	按函数名执行对应处理。		自我线程模块.消息协议.ixx:502;自我线程模块.消息协议.ixx:510;自我线程模块.消息协议.ixx:512;自我线程模块.消息协议.ixx:514;自我线程模块.消息协议.ixx:521;自我线程模块.消息协议.ixx:535;自我线程模块.消息协议.ixx:536;自我线程模块.消息协议.ixx:537;自我线程模块.消息协议.ixx:538;自我线程模块.消息协议.ixx:539;自我线程模块.消息协议.ixx:541;自我线程模块.消息协议.ixx:543
yes	私有_引用主键	私有_引用主键	需求类.cpp:105	21	服务所在模块的内部辅助流程。		动态类.cpp:27;动态类.cpp:37;动态类.cpp:368;动态类.cpp:369;动态类.cpp:370;动态类.cpp:371;动态类.cpp:711;动态类.cpp:713;动态类.cpp:716;动态类.cpp:719;动态类.cpp:722;动态类.cpp:725
yes	取结果节点信息	取结果节点信息	方法主信息类.h:316	21	按函数名执行对应处理。	header_definition	控制面板类.cpp:4281;控制面板类.cpp:5613;方法主信息类.h:316;方法主信息类.h:322;方法主信息类.h:352;方法类.cpp:224;方法类.cpp:234;方法类.cpp:479;方法类.cpp:1223;方法类.cpp:2585;方法类.cpp:2695;方法类.cpp:2702
yes	取结果节点信息	取结果节点信息	方法主信息类.h:322	21	按函数名执行对应处理。	header_definition	控制面板类.cpp:4281;控制面板类.cpp:5613;方法主信息类.h:316;方法主信息类.h:322;方法主信息类.h:352;方法类.cpp:224;方法类.cpp:234;方法类.cpp:479;方法类.cpp:1223;方法类.cpp:2585;方法类.cpp:2695;方法类.cpp:2702
yes	外设提交_百万分值	外设提交_百万分值	外设观察报告队列.ixx:876	22	提交事实、动态、任务状态或运行回执。		外设观察报告队列.ixx:876;外设观察报告队列.ixx:1072;外设观察报告队列.ixx:1073;外设观察报告队列.ixx:2331;外设观察报告队列.ixx:2380;外设观察报告队列.ixx:2381;外设观察报告队列.ixx:2392;外设观察报告队列.ixx:2393;外设观察报告队列.ixx:2404;外设观察报告队列.ixx:2405;外设观察报告队列.ixx:2416;外设观察报告队列.ixx:2417
yes	项目弹窗错误提示	项目弹窗错误提示	日志模块.ixx:601	22	按函数名执行对应处理。		任务模块.管理工作线程.ixx:1210;任务模块.管理工作线程.ixx:2452;任务模块.管理界面线程.impl.cpp:8536;日志接入.h:14;日志模块.ixx:148;日志模块.ixx:601;日志模块.ixx:645;自我动作实现.扫描.ixx:1006;自我动作实现.扫描.ixx:1666;自我动作实现模块.ixx:8471;自我动作实现模块.ixx:9706;自我动作实现模块.ixx:9728
yes	特征_外设可用性	特征_外设可用性	自我动作实现.外设模块.ixx:2141	22	按函数名执行对应处理。		自我动作实现.外设模块.ixx:2141;自我动作实现.外设模块.ixx:15218;自我动作实现.外设模块.ixx:15226;自我动作实现.外设模块.ixx:15231;自我动作实现.外设模块.ixx:15253;自我动作实现.外设模块.ixx:15273;自我动作实现.外设模块.ixx:15279;自我动作实现.外设模块.ixx:15308;自我动作实现.外设模块.ixx:15314;自我动作实现.外设模块.ixx:15608;自我动作实现.外设模块.ixx:15610;自我动作实现.外设模块.ixx:16790
yes	特征_外设可用性	特征_外设可用性	自我动作实现模块.ixx:1665	22	按函数名执行对应处理。		自我动作实现.外设模块.ixx:2141;自我动作实现.外设模块.ixx:15218;自我动作实现.外设模块.ixx:15226;自我动作实现.外设模块.ixx:15231;自我动作实现.外设模块.ixx:15253;自我动作实现.外设模块.ixx:15273;自我动作实现.外设模块.ixx:15279;自我动作实现.外设模块.ixx:15308;自我动作实现.外设模块.ixx:15314;自我动作实现.外设模块.ixx:15608;自我动作实现.外设模块.ixx:15610;自我动作实现.外设模块.ixx:16790
yes	添加子节点	添加子节点	双向链表模板核心.h:328	22	按函数名执行对应处理。	header_definition	二次特征类.cpp:596;任务类.cpp:285;任务类.cpp:2545;动态类.cpp:913;双向链表模板核心.h:328;双向链表模板核心.h:343;因果类.cpp:1763;场景类.cpp:115;基础信息类.cpp:82;基础信息类.cpp:184;基础信息类.cpp:423;基础信息类.h:30
yes	添加子节点	添加子节点	双向链表模板核心.h:343	22	按函数名执行对应处理。	header_definition	二次特征类.cpp:596;任务类.cpp:285;任务类.cpp:2545;动态类.cpp:913;双向链表模板核心.h:328;双向链表模板核心.h:343;因果类.cpp:1763;场景类.cpp:115;基础信息类.cpp:82;基础信息类.cpp:184;基础信息类.cpp:423;基础信息类.h:30
yes	刷新度量签名_链键	刷新度量签名_链键	基础信息主信息类.h:603	22	按函数名执行对应处理。	header_definition	二次特征应用模块.ixx:1616;二次特征应用模块.ixx:1703;二次特征应用模块.ixx:1793;二次特征应用模块.ixx:1880;二次特征应用模块.ixx:2304;二次特征应用模块.ixx:2715;二次特征应用模块.ixx:2932;二次特征应用模块.ixx:3545;二次特征应用模块.ixx:3589;二次特征类.cpp:594;二次特征类.cpp:613;二次特征类.cpp:701
yes	operator=	operator=	基础数据类型.h:150	22	按函数名执行对应处理。	operator_or_destructor,header_definition	D455相机类.cpp:867;D455相机类.ixx:74;D455相机类.ixx:76;世界树类.h:32;世界树类.h:34;动作线程类.ixx:120;基础信息类.h:22;基础信息类.h:24;基础数据类型.h:150;外设线程_D455深度相机.ixx:118;控制面板WebView2.cpp:101;控制面板摘要线程模块.ixx:97
yes	布尔文本_一或零	布尔文本_一或零	全局共享函数类.ixx:894	23	将布尔值格式化为数字协议文本。		全局共享函数类.ixx:894;方法类.cpp:1479;方法类.cpp:1480;方法类.cpp:1481;方法类.cpp:1568;方法类.cpp:1569;方法类.cpp:1570;线程生命周期消息模块.ixx:464;线程生命周期消息模块.ixx:465;线程生命周期消息模块.ixx:466;线程生命周期消息模块.ixx:467;线程生命周期消息模块.ixx:468
yes	值_执行成功	值_执行成功	自我动作实现.外设模块.ixx:1318	23	执行任务、方法或动作的主体逻辑。		自我动作实现.外设模块.ixx:1318;自我动作实现.外设模块.ixx:14177;自我动作实现.外设模块.ixx:14713;自我动作实现.外设模块.ixx:15179;自我动作实现.外设模块.ixx:17496;自我动作实现.外设模块.ixx:21140;自我动作实现.外设模块.ixx:21951;自我动作实现.外设模块.ixx:24078;自我动作实现.外设模块.ixx:24382;自我动作实现.外设模块.ixx:24564;自我动作实现.外设模块.ixx:24731;自我动作实现.外设模块.ixx:25868
yes	值_执行成功	值_执行成功	自我动作实现模块.ixx:842	23	执行任务、方法或动作的主体逻辑。		自我动作实现.外设模块.ixx:1318;自我动作实现.外设模块.ixx:14177;自我动作实现.外设模块.ixx:14713;自我动作实现.外设模块.ixx:15179;自我动作实现.外设模块.ixx:17496;自我动作实现.外设模块.ixx:21140;自我动作实现.外设模块.ixx:21951;自我动作实现.外设模块.ixx:24078;自我动作实现.外设模块.ixx:24382;自我动作实现.外设模块.ixx:24564;自我动作实现.外设模块.ixx:24731;自我动作实现.外设模块.ixx:25868
yes	私有_构造布尔二次特征候选	私有_构造布尔二次特征候选	自我线程模块.impl.cpp:14461	23	服务所在模块的内部辅助流程。		自我线程模块.impl.cpp:14461;自我线程模块.impl.cpp:16327;自我线程模块.impl.cpp:16335;自我线程模块.impl.cpp:16343;自我线程模块.impl.cpp:16352;自我线程模块.impl.cpp:16361;自我线程模块.impl.cpp:16370;自我线程模块.impl.cpp:16378;自我线程模块.impl.cpp:16386;自我线程模块.impl.cpp:16396;自我线程模块.impl.cpp:16449;自我线程模块.impl.cpp:16457
yes	绑定	绑定	基础数据类型.h:157	23	建立对象、任务、方法或因果之间的绑定关系。	header_definition	世界树类.cpp:159;世界树类.cpp:2087;世界树类.cpp:2088;世界树类.cpp:2089;世界树类.cpp:2090;世界树类.cpp:2091;世界树类.cpp:2092;世界树类.cpp:2093;世界树类.cpp:2094;世界树类.cpp:2095;世界树类.cpp:2096;世界树类.cpp:2097
yes	绑定	绑定	基础数据类型.h:164	23	建立对象、任务、方法或因果之间的绑定关系。	header_definition	世界树类.cpp:159;世界树类.cpp:2087;世界树类.cpp:2088;世界树类.cpp:2089;世界树类.cpp:2090;世界树类.cpp:2091;世界树类.cpp:2092;世界树类.cpp:2093;世界树类.cpp:2094;世界树类.cpp:2095;世界树类.cpp:2096;世界树类.cpp:2097
yes	三向关系被接受	三向关系被接受	基础数据类型.h:71	23	按函数名执行对应处理。	header_definition	任务模块.筹办.ixx:817;任务模块.筹办.ixx:834;任务模块.筹办.ixx:2847;任务模块.管理工作线程.ixx:1524;任务模块.管理工作线程.ixx:1872;任务模块.管理工作线程.ixx:1997;任务模块.管理工作线程.ixx:2266;任务模块.管理界面线程.impl.cpp:3957;任务模块.管理界面线程.impl.cpp:3962;基础数据类型.h:71;控制面板类.cpp:750;控制面板类.cpp:756
yes	外设观察队列状态	外设观察队列状态	外设观察报告队列.ixx:828	24	按函数名执行对应处理。		外设观察报告队列.ixx:828;外设观察报告队列.ixx:2564;外设观察报告队列.ixx:2589;外设观察报告队列.ixx:2631;外设观察报告队列.ixx:2831;外设观察报告队列.ixx:2870;外设观察报告队列.ixx:2891;外设观察报告队列.ixx:2914;外设观察报告队列.ixx:3001;外设观察报告队列.ixx:3025;外设观察报告队列.ixx:3048;外设观察报告队列.ixx:3068
yes	外设观察当前时间毫秒	外设观察当前时间毫秒	外设观察报告队列.ixx:856	24	按函数名执行对应处理。		外设观察报告队列.ixx:856;外设观察报告队列.ixx:1789;外设观察报告队列.ixx:1999;外设观察报告队列.ixx:2285;外设观察报告队列.ixx:2569;外设观察报告队列.ixx:2590;外设观察报告队列.ixx:2632;外设观察报告队列.ixx:2832;外设观察报告队列.ixx:2871;外设观察报告队列.ixx:3010;外设观察报告队列.ixx:3017;外设观察报告队列.ixx:3026
yes	私有_读取场景复现I64	私有_读取场景复现I64	控制面板类.cpp:1326	24	从指定来源读取数据或状态。		控制面板类.cpp:1326;控制面板类.cpp:1345;控制面板类.cpp:1375;控制面板类.cpp:1386;控制面板类.cpp:1389;控制面板类.cpp:1392;控制面板类.cpp:1395;控制面板类.cpp:1398;控制面板类.cpp:1401;控制面板类.cpp:1432;控制面板类.cpp:1460;控制面板类.cpp:1521
yes	私有_节点主键_控制面板	私有_节点主键_控制面板	控制面板类.cpp:900	24	服务所在模块的内部辅助流程。		控制面板类.cpp:900;控制面板类.cpp:910;控制面板类.cpp:2305;控制面板类.cpp:2987;控制面板类.cpp:3087;控制面板类.cpp:3317;控制面板类.cpp:3318;控制面板类.cpp:4132;控制面板类.cpp:4430;控制面板类.cpp:5247;控制面板类.cpp:9758;控制面板类.cpp:9795
yes	私有_节点主键_控制面板	私有_节点主键_控制面板	控制面板类.cpp:910	24	服务所在模块的内部辅助流程。		控制面板类.cpp:900;控制面板类.cpp:910;控制面板类.cpp:2305;控制面板类.cpp:2987;控制面板类.cpp:3087;控制面板类.cpp:3317;控制面板类.cpp:3318;控制面板类.cpp:4132;控制面板类.cpp:4430;控制面板类.cpp:5247;控制面板类.cpp:9758;控制面板类.cpp:9795
yes	私有_归一到方法首节点	私有_归一到方法首节点	方法类.cpp:112	24	服务所在模块的内部辅助流程。		方法类.cpp:112;方法类.cpp:877;方法类.cpp:1849;方法类.cpp:2212;方法类.cpp:2529;方法类.cpp:2603;方法类.cpp:2646;方法类.cpp:2690;方法类.cpp:2780;方法类.cpp:2882;方法虚拟存在服务类.cpp:15;方法虚拟存在服务类.cpp:271
yes	方法类::方法动作名	方法动作名	方法类.cpp:1888	24	读取方法首节点的动作名入口。		任务模块.执行.ixx:112;动态类.cpp:101;动态类.cpp:1100;动态类.cpp:1491;控制面板摘要线程模块.impl.cpp:421;控制面板类.cpp:4058;控制面板类.cpp:4285;控制面板类.cpp:5616;方法类.cpp:1888;方法虚拟存在服务类.cpp:217;本能方法类.cpp:203;自我动作实现.外设模块.ixx:17435
yes	私有_归一到方法首节点	私有_归一到方法首节点	方法虚拟存在服务类.cpp:15	24	服务所在模块的内部辅助流程。		方法类.cpp:112;方法类.cpp:877;方法类.cpp:1849;方法类.cpp:2212;方法类.cpp:2529;方法类.cpp:2603;方法类.cpp:2646;方法类.cpp:2690;方法类.cpp:2780;方法类.cpp:2882;方法虚拟存在服务类.cpp:15;方法虚拟存在服务类.cpp:271
yes	特征_目标存在	特征_目标存在	自我动作实现.外设模块.ixx:3366	24	按函数名执行对应处理。		自我动作实现.外设模块.ixx:3366;自我动作实现.外设模块.ixx:13777;自我动作实现.外设模块.ixx:14180;自我动作实现.外设模块.ixx:14306;自我动作实现.外设模块.ixx:16083;自我动作实现.外设模块.ixx:16087;自我动作实现.外设模块.ixx:16098;自我动作实现.外设模块.ixx:16229;自我动作实现.外设模块.ixx:16232;自我动作实现.外设模块.ixx:16238;自我动作实现.外设模块.ixx:16414;自我动作实现.外设模块.ixx:16418
yes	需求类::解析需求当前状态	解析需求当前状态	需求类.cpp:1590	24	解析需求当前状态，不创建或修改节点。		任务模块.筹办.ixx:769;任务模块.筹办.ixx:1465;任务模块.筹办.ixx:2779;任务模块.筹办.ixx:3101;任务模块.管理工作线程.ixx:1676;任务模块.管理界面线程.impl.cpp:1902;任务类.cpp:248;自我动作实现模块.ixx:10464;自我线程模块.impl.cpp:2996;自我线程模块.impl.cpp:3018;自我线程模块.impl.cpp:3352;自我线程模块.impl.cpp:5011
yes	节点种类	节点种类	方法主信息类.h:272	24	按函数名执行对应处理。	header_definition	方法主信息类.h:272;方法类.cpp:213;方法类.cpp:223;方法类.cpp:233;方法类.cpp:803;方法类.cpp:824;方法类.cpp:830;方法类.cpp:1067;方法类.cpp:1246;方法类.cpp:1703;方法类.cpp:1746;方法类.cpp:1752
yes	方法类::方法是首节点	方法是首节点	方法类.cpp:1743	25	判断节点是否为方法首节点。		任务模块.执行.ixx:1120;任务模块.筹办.ixx:1590;任务模块.筹办.ixx:2326;任务模块.筹办.ixx:2594;任务模块.筹办.ixx:2909;任务模块.筹办.ixx:3535;任务模块.筹办.ixx:4024;任务模块.管理界面线程.impl.cpp:990;任务模块.管理界面线程.impl.cpp:1424;动态类.cpp:259;控制面板摘要线程模块.impl.cpp:353;控制面板摘要线程模块.impl.cpp:399
yes	特征_方法状态	特征_方法状态	自我动作实现.外设模块.ixx:5654	25	按函数名执行对应处理。		自我动作实现.外设模块.ixx:5654;自我动作实现.外设模块.ixx:8040;自我动作实现.外设模块.ixx:8990;自我动作实现.外设模块.ixx:20500;自我动作实现.外设模块.ixx:20506;自我动作实现模块.ixx:2070;自我动作实现模块.ixx:3007;自我动作实现模块.ixx:4131;自我动作实现模块.ixx:5796;自我动作实现模块.ixx:5806;自我动作实现模块.ixx:7013;自我动作实现模块.ixx:7040
yes	特征_方法状态	特征_方法状态	自我动作实现.外设模块.ixx:8037	25	按函数名执行对应处理。		自我动作实现.外设模块.ixx:5654;自我动作实现.外设模块.ixx:8040;自我动作实现.外设模块.ixx:8990;自我动作实现.外设模块.ixx:20500;自我动作实现.外设模块.ixx:20506;自我动作实现模块.ixx:2070;自我动作实现模块.ixx:3007;自我动作实现模块.ixx:4131;自我动作实现模块.ixx:5796;自我动作实现模块.ixx:5806;自我动作实现模块.ixx:7013;自我动作实现模块.ixx:7040
yes	特征_方法状态	特征_方法状态	自我动作实现模块.ixx:2070	25	按函数名执行对应处理。		自我动作实现.外设模块.ixx:5654;自我动作实现.外设模块.ixx:8040;自我动作实现.外设模块.ixx:8990;自我动作实现.外设模块.ixx:20500;自我动作实现.外设模块.ixx:20506;自我动作实现模块.ixx:2070;自我动作实现模块.ixx:3007;自我动作实现模块.ixx:4131;自我动作实现模块.ixx:5796;自我动作实现模块.ixx:5806;自我动作实现模块.ixx:7013;自我动作实现模块.ixx:7040
yes	特征_方法状态	特征_方法状态	自我动作实现模块.ixx:3004	25	按函数名执行对应处理。		自我动作实现.外设模块.ixx:5654;自我动作实现.外设模块.ixx:8040;自我动作实现.外设模块.ixx:8990;自我动作实现.外设模块.ixx:20500;自我动作实现.外设模块.ixx:20506;自我动作实现模块.ixx:2070;自我动作实现模块.ixx:3007;自我动作实现模块.ixx:4131;自我动作实现模块.ixx:5796;自我动作实现模块.ixx:5806;自我动作实现模块.ixx:7013;自我动作实现模块.ixx:7040
yes	取条件节点信息	取条件节点信息	方法主信息类.h:304	25	按函数名执行对应处理。	header_definition	控制面板类.cpp:4280;控制面板类.cpp:5612;方法主信息类.h:304;方法主信息类.h:310;方法主信息类.h:344;方法类.cpp:214;方法类.cpp:1068;方法类.cpp:1217;方法类.cpp:2046;方法类.cpp:2651;方法类.cpp:2658;方法类.cpp:2676
yes	取条件节点信息	取条件节点信息	方法主信息类.h:310	25	按函数名执行对应处理。	header_definition	控制面板类.cpp:4280;控制面板类.cpp:5612;方法主信息类.h:304;方法主信息类.h:310;方法主信息类.h:344;方法类.cpp:214;方法类.cpp:1068;方法类.cpp:1217;方法类.cpp:2046;方法类.cpp:2651;方法类.cpp:2658;方法类.cpp:2676
yes	首节点信息	首节点信息	方法主信息类.h:328	25	按函数名执行对应处理。	header_definition	方法主信息类.h:328;方法主信息类.h:335;方法类.cpp:751;方法类.cpp:765;方法类.cpp:766;方法类.cpp:892;方法类.cpp:1860;方法类.cpp:2258;方法类.cpp:2281;方法类.cpp:2334;方法类.cpp:2341;方法类.cpp:2344
yes	首节点信息	首节点信息	方法主信息类.h:335	25	按函数名执行对应处理。	header_definition	方法主信息类.h:328;方法主信息类.h:335;方法类.cpp:751;方法类.cpp:765;方法类.cpp:766;方法类.cpp:892;方法类.cpp:1860;方法类.cpp:2258;方法类.cpp:2281;方法类.cpp:2334;方法类.cpp:2341;方法类.cpp:2344
yes	私有_词文本	私有_词文本	控制面板类.cpp:618	26	服务所在模块的内部辅助流程。		控制面板类.cpp:618;控制面板类.cpp:2873;控制面板类.cpp:2874;控制面板类.cpp:3164;控制面板类.cpp:3926;控制面板类.cpp:4017;控制面板类.cpp:4037;控制面板类.cpp:4058;控制面板类.cpp:4060;控制面板类.cpp:4134;控制面板类.cpp:4285;控制面板类.cpp:4352
yes	特征_任务信息节点	特征_任务信息节点	自我动作实现.外设模块.ixx:745	26	按函数名执行对应处理。		自我动作实现.外设模块.ixx:745;自我动作实现.外设模块.ixx:15641;自我动作实现.外设模块.ixx:18620;自我动作实现.外设模块.ixx:18999;自我动作实现.服务模块.ixx:125;自我动作实现.服务模块.ixx:1257;自我动作实现.服务模块.ixx:1258;自我动作实现.服务模块.ixx:1259;自我动作实现.服务模块.ixx:1892;自我动作实现.服务模块.ixx:1934;自我动作实现.服务模块.ixx:2590;自我动作实现.服务模块.ixx:3145
yes	特征_任务信息节点	特征_任务信息节点	自我动作实现.服务模块.ixx:125	26	按函数名执行对应处理。		自我动作实现.外设模块.ixx:745;自我动作实现.外设模块.ixx:15641;自我动作实现.外设模块.ixx:18620;自我动作实现.外设模块.ixx:18999;自我动作实现.服务模块.ixx:125;自我动作实现.服务模块.ixx:1257;自我动作实现.服务模块.ixx:1258;自我动作实现.服务模块.ixx:1259;自我动作实现.服务模块.ixx:1892;自我动作实现.服务模块.ixx:1934;自我动作实现.服务模块.ixx:2590;自我动作实现.服务模块.ixx:3145
yes	特征_任务信息节点	特征_任务信息节点	自我动作实现模块.ixx:172	26	按函数名执行对应处理。		自我动作实现.外设模块.ixx:745;自我动作实现.外设模块.ixx:15641;自我动作实现.外设模块.ixx:18620;自我动作实现.外设模块.ixx:18999;自我动作实现.服务模块.ixx:125;自我动作实现.服务模块.ixx:1257;自我动作实现.服务模块.ixx:1258;自我动作实现.服务模块.ixx:1259;自我动作实现.服务模块.ixx:1892;自我动作实现.服务模块.ixx:1934;自我动作实现.服务模块.ixx:2590;自我动作实现.服务模块.ixx:3145
yes	生成比较量	生成比较量	任务主信息类.h:90	26	根据当前输入生成目标数据、场景、动态或回执。	header_definition	任务主信息类.h:81;任务主信息类.h:86;任务主信息类.h:90;任务主信息类.h:91;任务主信息类.h:95;任务主信息类.h:113;基础信息主信息类.h:120;基础信息主信息类.h:126;方法主信息类.h:385;方法主信息类.h:390;方法主信息类.h:394;方法主信息类.h:395
yes	生成比较量	生成比较量	任务主信息类.h:95	26	根据当前输入生成目标数据、场景、动态或回执。	header_definition	任务主信息类.h:81;任务主信息类.h:86;任务主信息类.h:90;任务主信息类.h:91;任务主信息类.h:95;任务主信息类.h:113;基础信息主信息类.h:120;基础信息主信息类.h:126;方法主信息类.h:385;方法主信息类.h:390;方法主信息类.h:394;方法主信息类.h:395
yes	生成比较量	生成比较量	基础信息主信息类.h:120	26	新比较协议入口：返回有符号比较量，命中判断只读取其符号。 旧 `比较(...)` 在迁移期仍保留；新查找和关系生成优先调用...	header_definition	任务主信息类.h:81;任务主信息类.h:86;任务主信息类.h:90;任务主信息类.h:91;任务主信息类.h:95;任务主信息类.h:113;基础信息主信息类.h:120;基础信息主信息类.h:126;方法主信息类.h:385;方法主信息类.h:390;方法主信息类.h:394;方法主信息类.h:395
yes	生成比较量	生成比较量	方法主信息类.h:394	26	根据当前输入生成目标数据、场景、动态或回执。	header_definition	任务主信息类.h:81;任务主信息类.h:86;任务主信息类.h:90;任务主信息类.h:91;任务主信息类.h:95;任务主信息类.h:113;基础信息主信息类.h:120;基础信息主信息类.h:126;方法主信息类.h:385;方法主信息类.h:390;方法主信息类.h:394;方法主信息类.h:395
yes	生成比较量	生成比较量	方法主信息类.h:399	26	根据当前输入生成目标数据、场景、动态或回执。	header_definition	任务主信息类.h:81;任务主信息类.h:86;任务主信息类.h:90;任务主信息类.h:91;任务主信息类.h:95;任务主信息类.h:113;基础信息主信息类.h:120;基础信息主信息类.h:126;方法主信息类.h:385;方法主信息类.h:390;方法主信息类.h:394;方法主信息类.h:395
yes	生成比较量	生成比较量	特征值主信息类.h:50	26	根据当前输入生成目标数据、场景、动态或回执。	header_definition	任务主信息类.h:81;任务主信息类.h:86;任务主信息类.h:90;任务主信息类.h:91;任务主信息类.h:95;任务主信息类.h:113;基础信息主信息类.h:120;基础信息主信息类.h:126;方法主信息类.h:385;方法主信息类.h:390;方法主信息类.h:394;方法主信息类.h:395
yes	生成比较量	生成比较量	特征值主信息类.h:55	26	根据当前输入生成目标数据、场景、动态或回执。	header_definition	任务主信息类.h:81;任务主信息类.h:86;任务主信息类.h:90;任务主信息类.h:91;任务主信息类.h:95;任务主信息类.h:113;基础信息主信息类.h:120;基础信息主信息类.h:126;方法主信息类.h:385;方法主信息类.h:390;方法主信息类.h:394;方法主信息类.h:395
yes	生成比较量	生成比较量	语素主信息类.h:359	26	根据当前输入生成目标数据、场景、动态或回执。	header_definition	任务主信息类.h:81;任务主信息类.h:86;任务主信息类.h:90;任务主信息类.h:91;任务主信息类.h:95;任务主信息类.h:113;基础信息主信息类.h:120;基础信息主信息类.h:126;方法主信息类.h:385;方法主信息类.h:390;方法主信息类.h:394;方法主信息类.h:395
yes	生成比较量	生成比较量	需求主信息类.h:59	26	根据当前输入生成目标数据、场景、动态或回执。	header_definition	任务主信息类.h:81;任务主信息类.h:86;任务主信息类.h:90;任务主信息类.h:91;任务主信息类.h:95;任务主信息类.h:113;基础信息主信息类.h:120;基础信息主信息类.h:126;方法主信息类.h:385;方法主信息类.h:390;方法主信息类.h:394;方法主信息类.h:395
yes	生成比较量	生成比较量	需求主信息类.h:64	26	根据当前输入生成目标数据、场景、动态或回执。	header_definition	任务主信息类.h:81;任务主信息类.h:86;任务主信息类.h:90;任务主信息类.h:91;任务主信息类.h:95;任务主信息类.h:113;基础信息主信息类.h:120;基础信息主信息类.h:126;方法主信息类.h:385;方法主信息类.h:390;方法主信息类.h:394;方法主信息类.h:395
yes	私有_解析U64	私有_解析U64	控制面板WebView2.cpp:290	27	解析输入文本、消息、场景或运行包。		控制面板WebView2.cpp:290;控制面板WebView2.cpp:335;控制面板WebView2.cpp:349;控制面板WebView2.cpp:359;控制面板WebView2.cpp:443;控制面板WebView2.cpp:474;线程生命周期消息模块.ixx:203;线程生命周期消息模块.ixx:241;线程生命周期消息模块.ixx:282;线程生命周期消息模块.ixx:286;线程生命周期消息模块.ixx:288;线程生命周期消息模块.ixx:299
yes	私有_解析U64	私有_解析U64	线程生命周期消息模块.ixx:203	27	解析输入文本、消息、场景或运行包。		控制面板WebView2.cpp:290;控制面板WebView2.cpp:335;控制面板WebView2.cpp:349;控制面板WebView2.cpp:359;控制面板WebView2.cpp:443;控制面板WebView2.cpp:474;线程生命周期消息模块.ixx:203;线程生命周期消息模块.ixx:241;线程生命周期消息模块.ixx:282;线程生命周期消息模块.ixx:286;线程生命周期消息模块.ixx:288;线程生命周期消息模块.ixx:299
yes	读取提交入口I64	读取提交入口I64	自我动作实现.外设模块.ixx:23079	27	从指定来源读取数据或状态。		自我动作实现.外设模块.ixx:20930;自我动作实现.外设模块.ixx:20999;自我动作实现.外设模块.ixx:21756;自我动作实现.外设模块.ixx:21763;自我动作实现.外设模块.ixx:21772;自我动作实现.外设模块.ixx:21779;自我动作实现.外设模块.ixx:21788;自我动作实现.外设模块.ixx:21796;自我动作实现.外设模块.ixx:23079;自我动作实现.外设模块.ixx:23263;自我动作实现.外设模块.ixx:23275;自我动作实现.外设模块.ixx:23287
yes	自我特征定义类::类型_自我_服务值	类型_自我_服务值	自我类.特征定义.cpp:331	27	按函数名执行对应处理。		任务类.cpp:297;任务类.cpp:311;因果类.cpp:852;控制面板类.cpp:3161;自我动作实现.外设模块.ixx:1640;自我动作实现模块.ixx:1164;自我类.cpp:136;自我类.cpp:911;自我类.cpp:1182;自我类.cpp:1407;自我类.cpp:1417;自我类.cpp:1952
yes	私有_解析状态引用	私有_解析状态引用	任务类.cpp:194	28	解析输入文本、消息、场景或运行包。		任务模块.管理界面线程.impl.cpp:1261;任务类.cpp:194;任务类.cpp:1753;任务类.cpp:1782;动态类.cpp:314;动态类.cpp:431;动态类.cpp:432;动态类.cpp:791;动态类.cpp:792;动态类.cpp:1389;方法类.cpp:559;方法类.cpp:620
yes	私有_确保I64特征已初始化	私有_确保I64特征已初始化	任务类.cpp:510	28	初始化相关对象、状态或运行上下文。		任务类.cpp:510;任务类.cpp:1498;任务类.cpp:1499;任务类.cpp:1500;任务类.cpp:1501;任务类.cpp:1502;任务类.cpp:1503;任务类.cpp:1504;任务类.cpp:1505;任务类.cpp:1506;任务类.cpp:1507;任务类.cpp:1508
yes	私有_解析状态引用	私有_解析状态引用	动态类.cpp:314	28	解析输入文本、消息、场景或运行包。		任务模块.管理界面线程.impl.cpp:1261;任务类.cpp:194;任务类.cpp:1753;任务类.cpp:1782;动态类.cpp:314;动态类.cpp:431;动态类.cpp:432;动态类.cpp:791;动态类.cpp:792;动态类.cpp:1389;方法类.cpp:559;方法类.cpp:620
yes	方法类::方法动作句柄	方法动作句柄	方法类.cpp:1895	28	读取方法首节点的动作句柄。		任务模块.执行.ixx:1272;任务模块.筹办.ixx:3466;任务模块.管理工作线程.ixx:618;任务模块.管理工作线程.ixx:1780;任务模块.管理界面线程.impl.cpp:1421;任务模块.管理界面线程.impl.cpp:5163;动态类.cpp:260;控制面板类.cpp:4286;控制面板类.cpp:5617;方法类.cpp:1895;方法虚拟存在服务类.cpp:82;方法虚拟存在服务类.cpp:96
yes	私有_解析状态引用	私有_解析状态引用	方法类.cpp:559	28	解析输入文本、消息、场景或运行包。		任务模块.管理界面线程.impl.cpp:1261;任务类.cpp:194;任务类.cpp:1753;任务类.cpp:1782;动态类.cpp:314;动态类.cpp:431;动态类.cpp:432;动态类.cpp:791;动态类.cpp:792;动态类.cpp:1389;方法类.cpp:559;方法类.cpp:620
yes	私有_确保I64特征已初始化	私有_确保I64特征已初始化	方法虚拟存在服务类.cpp:225	28	初始化相关对象、状态或运行上下文。		任务类.cpp:510;任务类.cpp:1498;任务类.cpp:1499;任务类.cpp:1500;任务类.cpp:1501;任务类.cpp:1502;任务类.cpp:1503;任务类.cpp:1504;任务类.cpp:1505;任务类.cpp:1506;任务类.cpp:1507;任务类.cpp:1508
yes	私有_解析状态引用	私有_解析状态引用	状态类.cpp:63	28	解析输入文本、消息、场景或运行包。		任务模块.管理界面线程.impl.cpp:1261;任务类.cpp:194;任务类.cpp:1753;任务类.cpp:1782;动态类.cpp:314;动态类.cpp:431;动态类.cpp:432;动态类.cpp:791;动态类.cpp:792;动态类.cpp:1389;方法类.cpp:559;方法类.cpp:620
yes	特征_目标外设	特征_目标外设	自我动作实现.外设模块.ixx:2134	28	按函数名执行对应处理。		自我动作实现.外设模块.ixx:2134;自我动作实现.外设模块.ixx:15211;自我动作实现.外设模块.ixx:15214;自我动作实现.外设模块.ixx:15217;自我动作实现.外设模块.ixx:15245;自我动作实现.外设模块.ixx:15248;自我动作实现.外设模块.ixx:15251;自我动作实现.外设模块.ixx:15275;自我动作实现.外设模块.ixx:15281;自我动作实现.外设模块.ixx:15285;自我动作实现.外设模块.ixx:15310;自我动作实现.外设模块.ixx:15316
yes	特征_目标外设	特征_目标外设	自我动作实现模块.ixx:1658	28	按函数名执行对应处理。		自我动作实现.外设模块.ixx:2134;自我动作实现.外设模块.ixx:15211;自我动作实现.外设模块.ixx:15214;自我动作实现.外设模块.ixx:15217;自我动作实现.外设模块.ixx:15245;自我动作实现.外设模块.ixx:15248;自我动作实现.外设模块.ixx:15251;自我动作实现.外设模块.ixx:15275;自我动作实现.外设模块.ixx:15281;自我动作实现.外设模块.ixx:15285;自我动作实现.外设模块.ixx:15310;自我动作实现.外设模块.ixx:15316
yes	私有_解析状态引用	私有_解析状态引用	需求类.cpp:859	28	解析输入文本、消息、场景或运行包。		任务模块.管理界面线程.impl.cpp:1261;任务类.cpp:194;任务类.cpp:1753;任务类.cpp:1782;动态类.cpp:314;动态类.cpp:431;动态类.cpp:432;动态类.cpp:791;动态类.cpp:792;动态类.cpp:1389;方法类.cpp:559;方法类.cpp:620
yes	SQL整数文本	SQL整数文本	全局共享函数类.ixx:912	28	将整数格式化为 SQL 字段恢复比对文本。	constructor_like	世界树类.cpp:1119;世界树类.cpp:1122;世界树类.cpp:1123;世界树类.cpp:1124;世界树类.cpp:1155;世界树类.cpp:1156;世界树类.cpp:1163;世界树类.cpp:1193;世界树类.cpp:1194;世界树类.cpp:1197;世界树类.cpp:1198;世界树类.cpp:1199
yes	转换像素计数	转换像素计数	全局共享函数类.ixx:613	29	把 size_t 计数转换为 I64，超过 I64 上限时饱和。		全局共享函数类.ixx:613;双目相机本能适配器.cpp:320;双目相机本能适配器.cpp:333;双目相机本能适配器.cpp:419;双目相机本能适配器.cpp:421;双目相机本能适配器.cpp:422;双目相机本能适配器.cpp:493;双目相机本能适配器.cpp:500;双目相机本能适配器.cpp:718;双目相机本能适配器.cpp:719;双目相机本能适配器.cpp:720;双目相机本能适配器.cpp:721
yes	私有_取字段	私有_取字段	线程生命周期消息模块.ixx:216	29	服务所在模块的内部辅助流程。		线程生命周期消息模块.ixx:216;线程生命周期消息模块.ixx:282;线程生命周期消息模块.ixx:283;线程生命周期消息模块.ixx:286;线程生命周期消息模块.ixx:287;线程生命周期消息模块.ixx:288;线程生命周期消息模块.ixx:289;线程生命周期消息模块.ixx:290;线程生命周期消息模块.ixx:291;线程生命周期消息模块.ixx:292;线程生命周期消息模块.ixx:293;线程生命周期消息模块.ixx:294
yes	特征_来源空间候选编号	特征_来源空间候选编号	自我动作实现.外设模块.ixx:4192	29	按函数名执行对应处理。		自我动作实现.外设模块.ixx:4192;自我动作实现.外设模块.ixx:13163;自我动作实现.外设模块.ixx:13204;自我动作实现.外设模块.ixx:13888;自我动作实现.外设模块.ixx:13940;自我动作实现.外设模块.ixx:13945;自我动作实现.外设模块.ixx:13951;自我动作实现.外设模块.ixx:14027;自我动作实现.外设模块.ixx:14033;自我动作实现.外设模块.ixx:14063;自我动作实现.外设模块.ixx:14070;自我动作实现.外设模块.ixx:14100
yes	需求类::解析需求目标状态	解析需求目标状态	需求类.cpp:1599	29	解析需求目标状态，不创建或修改节点。		任务模块.筹办.ixx:770;任务模块.筹办.ixx:1463;任务模块.筹办.ixx:2780;任务模块.筹办.ixx:2839;任务模块.筹办.ixx:3099;任务模块.管理工作线程.ixx:1662;任务模块.管理界面线程.impl.cpp:1903;任务模块.管理界面线程.impl.cpp:3911;任务模块.管理界面线程.impl.cpp:8298;任务类.cpp:242;自我线程模块.impl.cpp:2991;自我线程模块.impl.cpp:3013
yes	任务类::读取任务节点种类	读取任务节点种类	任务类.cpp:1900	30	从指定来源读取数据或状态。		任务模块.执行.ixx:187;任务模块.筹办.ixx:415;任务模块.管理界面线程.impl.cpp:3784;任务类.cpp:265;任务类.cpp:937;任务类.cpp:1528;任务类.cpp:1534;任务类.cpp:1900;控制面板摘要线程模块.impl.cpp:157;控制面板摘要线程模块.impl.cpp:169;控制面板类.cpp:350;控制面板类.cpp:362
yes	写入方法执行情况	写入方法执行情况	自我动作实现.外设模块.ixx:8373	30	把处理结果写入指定对象、场景或日志。		自我动作实现.外设模块.ixx:8373;自我动作实现.外设模块.ixx:8548;自我动作实现.外设模块.ixx:8558;自我动作实现.外设模块.ixx:9058;自我动作实现.外设模块.ixx:14177;自我动作实现.外设模块.ixx:14713;自我动作实现.外设模块.ixx:15179;自我动作实现.外设模块.ixx:17496;自我动作实现.外设模块.ixx:21140;自我动作实现.外设模块.ixx:21951;自我动作实现.外设模块.ixx:23533;自我动作实现.外设模块.ixx:24078
yes	写入方法执行情况	写入方法执行情况	自我动作实现模块.ixx:3252	30	把处理结果写入指定对象、场景或日志。		自我动作实现.外设模块.ixx:8373;自我动作实现.外设模块.ixx:8548;自我动作实现.外设模块.ixx:8558;自我动作实现.外设模块.ixx:9058;自我动作实现.外设模块.ixx:14177;自我动作实现.外设模块.ixx:14713;自我动作实现.外设模块.ixx:15179;自我动作实现.外设模块.ixx:17496;自我动作实现.外设模块.ixx:21140;自我动作实现.外设模块.ixx:21951;自我动作实现.外设模块.ixx:23533;自我动作实现.外设模块.ixx:24078
yes	取首节点信息	取首节点信息	方法主信息类.h:292	30	按函数名执行对应处理。	header_definition	方法主信息类.h:292;方法主信息类.h:298;方法主信息类.h:329;方法主信息类.h:336;方法主信息类.h:360;方法主信息类.h:366;方法主信息类.h:373;方法主信息类.h:400;方法主信息类.h:401;方法类.cpp:416;方法类.cpp:460;方法类.cpp:1200
yes	取首节点信息	取首节点信息	方法主信息类.h:298	30	按函数名执行对应处理。	header_definition	方法主信息类.h:292;方法主信息类.h:298;方法主信息类.h:329;方法主信息类.h:336;方法主信息类.h:360;方法主信息类.h:366;方法主信息类.h:373;方法主信息类.h:400;方法主信息类.h:401;方法类.cpp:416;方法类.cpp:460;方法类.cpp:1200
yes	私有_二次特征阶段耗时微秒	私有_二次特征阶段耗时微秒	二次特征应用模块.ixx:528	31	服务所在模块的内部辅助流程。		二次特征应用模块.ixx:528;二次特征应用模块.ixx:541;二次特征应用模块.ixx:1155;二次特征应用模块.ixx:1203;二次特征应用模块.ixx:1223;二次特征应用模块.ixx:1246;二次特征应用模块.ixx:1267;二次特征应用模块.ixx:1313;二次特征应用模块.ixx:1376;二次特征应用模块.ixx:1570;二次特征应用模块.ixx:1618;二次特征应用模块.ixx:1628
yes	私有_二次特征类阶段耗时微秒	私有_二次特征类阶段耗时微秒	二次特征类.cpp:114	31	服务所在模块的内部辅助流程。		二次特征类.cpp:114;二次特征类.cpp:127;二次特征类.cpp:641;二次特征类.cpp:704;二次特征类.cpp:745;二次特征类.cpp:760;二次特征类.cpp:764;二次特征类.cpp:775;二次特征类.cpp:1007;二次特征类.cpp:1046;二次特征类.cpp:1051;二次特征类.cpp:1061
yes	基础主键_筹办日志	基础主键_筹办日志	任务模块.筹办.ixx:180	31	推进任务筹办，形成候选、缺口或就绪回执。		任务模块.筹办.ixx:180;任务模块.筹办.ixx:339;任务模块.筹办.ixx:350;任务模块.筹办.ixx:929;任务模块.筹办.ixx:1309;任务模块.筹办.ixx:1531;任务模块.筹办.ixx:1533;任务模块.筹办.ixx:1552;任务模块.筹办.ixx:1646;任务模块.筹办.ixx:1738;任务模块.筹办.ixx:1747;任务模块.筹办.ixx:1756
yes	特征_目标特征类型	特征_目标特征类型	任务模块.筹办.ixx:3137	31	按函数名执行对应处理。		任务模块.筹办.ixx:3137;任务模块.筹办.ixx:3454;任务模块.筹办.ixx:4542;任务模块.筹办.ixx:4717;任务模块.筹办.ixx:4915;自我动作实现.外设模块.ixx:1060;自我动作实现.外设模块.ixx:15745;自我动作实现.外设模块.ixx:16084;自我动作实现.外设模块.ixx:16088;自我动作实现.外设模块.ixx:16099;自我动作实现.外设模块.ixx:17451;自我动作实现.外设模块.ixx:19368
yes	特征_目标特征类型	特征_目标特征类型	自我动作实现.外设模块.ixx:1060	31	按函数名执行对应处理。		任务模块.筹办.ixx:3137;任务模块.筹办.ixx:3454;任务模块.筹办.ixx:4542;任务模块.筹办.ixx:4717;任务模块.筹办.ixx:4915;自我动作实现.外设模块.ixx:1060;自我动作实现.外设模块.ixx:15745;自我动作实现.外设模块.ixx:16084;自我动作实现.外设模块.ixx:16088;自我动作实现.外设模块.ixx:16099;自我动作实现.外设模块.ixx:17451;自我动作实现.外设模块.ixx:19368
yes	特征_目标特征类型	特征_目标特征类型	自我动作实现.服务模块.ixx:189	31	按函数名执行对应处理。		任务模块.筹办.ixx:3137;任务模块.筹办.ixx:3454;任务模块.筹办.ixx:4542;任务模块.筹办.ixx:4717;任务模块.筹办.ixx:4915;自我动作实现.外设模块.ixx:1060;自我动作实现.外设模块.ixx:15745;自我动作实现.外设模块.ixx:16084;自我动作实现.外设模块.ixx:16088;自我动作实现.外设模块.ixx:16099;自我动作实现.外设模块.ixx:17451;自我动作实现.外设模块.ixx:19368
yes	特征_目标特征类型	特征_目标特征类型	自我动作实现模块.ixx:577	31	按函数名执行对应处理。		任务模块.筹办.ixx:3137;任务模块.筹办.ixx:3454;任务模块.筹办.ixx:4542;任务模块.筹办.ixx:4717;任务模块.筹办.ixx:4915;自我动作实现.外设模块.ixx:1060;自我动作实现.外设模块.ixx:15745;自我动作实现.外设模块.ixx:16084;自我动作实现.外设模块.ixx:16088;自我动作实现.外设模块.ixx:16099;自我动作实现.外设模块.ixx:17451;自我动作实现.外设模块.ixx:19368
yes	需求类::读取需求目标特征类型	读取需求目标特征类型	需求类.cpp:1502	31	从指定来源读取数据或状态。		任务模块.筹办.ixx:503;任务模块.筹办.ixx:771;任务模块.管理工作线程.ixx:1645;任务模块.管理界面线程.impl.cpp:3917;任务模块.管理界面线程.impl.cpp:4128;任务类.cpp:49;任务类.cpp:300;控制面板类.cpp:3143;自我动作实现模块.ixx:12077;自我类.cpp:38;自我线程模块.impl.cpp:3997;自我线程模块.impl.cpp:4713
yes	饱和增加	饱和增加	全局共享函数类.ixx:33	32	对 I64 执行带上下限保护的饱和加法。		全局共享函数类.ixx:33;全局共享函数类.ixx:50;全局共享函数类.ixx:541;全局共享函数类.ixx:542;特征类.cpp:158;特征类.cpp:184;特征类.cpp:3018;特征类.cpp:4269;特征类.cpp:4274;自我动作实现.外设模块.ixx:8538;自我动作实现.外设模块.ixx:8965;自我动作实现.外设模块.ixx:8966
yes	写入索引项转义键值字段行	写入索引项转义键值字段行	全局共享函数类.ixx:415	32	按索引项字段名写入一行转义文本键值字段。		全局共享函数类.ixx:415;线程生命周期消息模块.ixx:446;线程生命周期消息模块.ixx:447;线程生命周期消息模块.ixx:448;线程生命周期消息模块.ixx:449;线程生命周期消息模块.ixx:450;线程生命周期消息模块.ixx:451;线程生命周期消息模块.ixx:452;线程生命周期消息模块.ixx:453;线程生命周期消息模块.ixx:454;线程生命周期消息模块.ixx:455;线程生命周期消息模块.ixx:456
yes	私有_取项字段	私有_取项字段	线程生命周期消息模块.ixx:226	32	服务所在模块的内部辅助流程。		线程生命周期消息模块.ixx:226;线程生命周期消息模块.ixx:333;线程生命周期消息模块.ixx:334;线程生命周期消息模块.ixx:335;线程生命周期消息模块.ixx:336;线程生命周期消息模块.ixx:337;线程生命周期消息模块.ixx:338;线程生命周期消息模块.ixx:339;线程生命周期消息模块.ixx:340;线程生命周期消息模块.ixx:341;线程生命周期消息模块.ixx:342;线程生命周期消息模块.ixx:343
yes	自我特征定义类::类型_自我_安全值	类型_自我_安全值	自我类.特征定义.cpp:328	32	按函数名执行对应处理。		任务类.cpp:294;任务类.cpp:310;因果类.cpp:846;控制面板类.cpp:3157;自我动作实现.外设模块.ixx:1627;自我动作实现模块.ixx:1151;自我类.cpp:134;自我类.cpp:903;自我类.cpp:1169;自我类.cpp:1333;自我类.cpp:1349;自我类.cpp:1370
yes	私有_累加二次特征阶段耗时	私有_累加二次特征阶段耗时	二次特征应用模块.ixx:537	33	服务所在模块的内部辅助流程。		二次特征应用模块.ixx:537;二次特征应用模块.ixx:1244;二次特征应用模块.ixx:1654;二次特征应用模块.ixx:1657;二次特征应用模块.ixx:1662;二次特征应用模块.ixx:1668;二次特征应用模块.ixx:1671;二次特征应用模块.ixx:1675;二次特征应用模块.ixx:1679;二次特征应用模块.ixx:1688;二次特征应用模块.ixx:1698;二次特征应用模块.ixx:1704
yes	私有_引用键	私有_引用键	因果类.cpp:201	33	服务所在模块的内部辅助流程。		因果类.cpp:104;因果类.cpp:114;因果类.cpp:201;因果类.cpp:226;因果类.cpp:620;因果类.cpp:1651;因果类.cpp:2741;因果类.cpp:2746;基础信息主信息类.h:692;基础信息主信息类.h:692;基础信息主信息类.h:693;基础信息主信息类.h:693
yes	值_执行失败	值_执行失败	自我动作实现.外设模块.ixx:1324	33	执行任务、方法或动作的主体逻辑。		自我动作实现.外设模块.ixx:1324;自我动作实现.外设模块.ixx:9058;自我动作实现.外设模块.ixx:11358;自我动作实现.外设模块.ixx:14177;自我动作实现.外设模块.ixx:14713;自我动作实现.外设模块.ixx:15179;自我动作实现.外设模块.ixx:17496;自我动作实现.外设模块.ixx:18103;自我动作实现.外设模块.ixx:21140;自我动作实现.外设模块.ixx:21951;自我动作实现.外设模块.ixx:23533;自我动作实现.外设模块.ixx:24078
yes	解析双目相机目标外设	解析双目相机目标外设	自我动作实现.外设模块.ixx:17341	33	解析输入文本、消息、场景或运行包。		自我动作实现.外设模块.ixx:17341;自我动作实现.外设模块.ixx:17533;自我动作实现.外设模块.ixx:17613;自我动作实现.外设模块.ixx:17684;自我动作实现.外设模块.ixx:17755;自我动作实现.外设模块.ixx:17827;自我动作实现.外设模块.ixx:17891;自我动作实现.外设模块.ixx:17957;自我动作实现.外设模块.ixx:18029;自我动作实现.外设模块.ixx:18094;自我动作实现.外设模块.ixx:18165;自我动作实现.外设模块.ixx:18248
yes	任务状态被动提交内部阶段时间点	任务状态被动提交内部阶段时间点	自我动作实现模块.ixx:10575	33	提交事实、动态、任务状态或运行回执。		自我动作实现模块.ixx:10218;自我动作实现模块.ixx:10245;自我动作实现模块.ixx:10262;自我动作实现模块.ixx:10310;自我动作实现模块.ixx:10316;自我动作实现模块.ixx:10334;自我动作实现模块.ixx:10340;自我动作实现模块.ixx:10345;自我动作实现模块.ixx:10349;自我动作实现模块.ixx:10355;自我动作实现模块.ixx:10365;自我动作实现模块.ixx:10366
yes	值_执行失败	值_执行失败	自我动作实现模块.ixx:848	33	执行任务、方法或动作的主体逻辑。		自我动作实现.外设模块.ixx:1324;自我动作实现.外设模块.ixx:9058;自我动作实现.外设模块.ixx:11358;自我动作实现.外设模块.ixx:14177;自我动作实现.外设模块.ixx:14713;自我动作实现.外设模块.ixx:15179;自我动作实现.外设模块.ixx:17496;自我动作实现.外设模块.ixx:18103;自我动作实现.外设模块.ixx:21140;自我动作实现.外设模块.ixx:21951;自我动作实现.外设模块.ixx:23533;自我动作实现.外设模块.ixx:24078
yes	比较	比较	任务主信息类.h:80	34	比较当前值、目标值或历史基准。	header_definition	任务主信息类.h:80;任务主信息类.h:85;双向链表模板核心.h:216;双向链表模板核心.h:221;双向链表模板核心.h:237;双向链表模板核心.h:431;双向链表模板核心.h:434;双向链表模板核心.h:438;基础信息主信息类.h:114;基础信息主信息类.h:117;基础信息主信息类.h:119;基础信息主信息类.h:121
yes	比较	比较	任务主信息类.h:85	34	比较当前值、目标值或历史基准。	header_definition	任务主信息类.h:80;任务主信息类.h:85;双向链表模板核心.h:216;双向链表模板核心.h:221;双向链表模板核心.h:237;双向链表模板核心.h:431;双向链表模板核心.h:434;双向链表模板核心.h:438;基础信息主信息类.h:114;基础信息主信息类.h:117;基础信息主信息类.h:119;基础信息主信息类.h:121
yes	比较	比较	基础信息主信息类.h:148	34	比较当前值、目标值或历史基准。	header_definition	任务主信息类.h:80;任务主信息类.h:85;双向链表模板核心.h:216;双向链表模板核心.h:221;双向链表模板核心.h:237;双向链表模板核心.h:431;双向链表模板核心.h:434;双向链表模板核心.h:438;基础信息主信息类.h:114;基础信息主信息类.h:117;基础信息主信息类.h:119;基础信息主信息类.h:121
yes	比较	比较	基础信息主信息类.h:244	34	比较当前值、目标值或历史基准。	header_definition	任务主信息类.h:80;任务主信息类.h:85;双向链表模板核心.h:216;双向链表模板核心.h:221;双向链表模板核心.h:237;双向链表模板核心.h:431;双向链表模板核心.h:434;双向链表模板核心.h:438;基础信息主信息类.h:114;基础信息主信息类.h:117;基础信息主信息类.h:119;基础信息主信息类.h:121
yes	比较	比较	基础信息主信息类.h:316	34	比较当前值、目标值或历史基准。	header_definition	任务主信息类.h:80;任务主信息类.h:85;双向链表模板核心.h:216;双向链表模板核心.h:221;双向链表模板核心.h:237;双向链表模板核心.h:431;双向链表模板核心.h:434;双向链表模板核心.h:438;基础信息主信息类.h:114;基础信息主信息类.h:117;基础信息主信息类.h:119;基础信息主信息类.h:121
yes	比较	比较	基础信息主信息类.h:375	34	比较当前值、目标值或历史基准。	header_definition	任务主信息类.h:80;任务主信息类.h:85;双向链表模板核心.h:216;双向链表模板核心.h:221;双向链表模板核心.h:237;双向链表模板核心.h:431;双向链表模板核心.h:434;双向链表模板核心.h:438;基础信息主信息类.h:114;基础信息主信息类.h:117;基础信息主信息类.h:119;基础信息主信息类.h:121
yes	比较	比较	基础信息主信息类.h:408	34	比较当前值、目标值或历史基准。	header_definition	任务主信息类.h:80;任务主信息类.h:85;双向链表模板核心.h:216;双向链表模板核心.h:221;双向链表模板核心.h:237;双向链表模板核心.h:431;双向链表模板核心.h:434;双向链表模板核心.h:438;基础信息主信息类.h:114;基础信息主信息类.h:117;基础信息主信息类.h:119;基础信息主信息类.h:121
yes	比较	比较	基础信息主信息类.h:454	34	比较当前值、目标值或历史基准。	header_definition	任务主信息类.h:80;任务主信息类.h:85;双向链表模板核心.h:216;双向链表模板核心.h:221;双向链表模板核心.h:237;双向链表模板核心.h:431;双向链表模板核心.h:434;双向链表模板核心.h:438;基础信息主信息类.h:114;基础信息主信息类.h:117;基础信息主信息类.h:119;基础信息主信息类.h:121
yes	比较	比较	基础信息主信息类.h:492	34	比较当前值、目标值或历史基准。	header_definition	任务主信息类.h:80;任务主信息类.h:85;双向链表模板核心.h:216;双向链表模板核心.h:221;双向链表模板核心.h:237;双向链表模板核心.h:431;双向链表模板核心.h:434;双向链表模板核心.h:438;基础信息主信息类.h:114;基础信息主信息类.h:117;基础信息主信息类.h:119;基础信息主信息类.h:121
yes	比较	比较	基础信息主信息类.h:521	34	比较当前值、目标值或历史基准。	header_definition	任务主信息类.h:80;任务主信息类.h:85;双向链表模板核心.h:216;双向链表模板核心.h:221;双向链表模板核心.h:237;双向链表模板核心.h:431;双向链表模板核心.h:434;双向链表模板核心.h:438;基础信息主信息类.h:114;基础信息主信息类.h:117;基础信息主信息类.h:119;基础信息主信息类.h:121
yes	比较	比较	基础信息主信息类.h:786	34	比较当前值、目标值或历史基准。	header_definition	任务主信息类.h:80;任务主信息类.h:85;双向链表模板核心.h:216;双向链表模板核心.h:221;双向链表模板核心.h:237;双向链表模板核心.h:431;双向链表模板核心.h:434;双向链表模板核心.h:438;基础信息主信息类.h:114;基础信息主信息类.h:117;基础信息主信息类.h:119;基础信息主信息类.h:121
yes	比较	比较	基础信息主信息类.h:949	34	比较当前值、目标值或历史基准。	header_definition	任务主信息类.h:80;任务主信息类.h:85;双向链表模板核心.h:216;双向链表模板核心.h:221;双向链表模板核心.h:237;双向链表模板核心.h:431;双向链表模板核心.h:434;双向链表模板核心.h:438;基础信息主信息类.h:114;基础信息主信息类.h:117;基础信息主信息类.h:119;基础信息主信息类.h:121
yes	比较	比较	方法主信息类.h:384	34	比较当前值、目标值或历史基准。	header_definition	任务主信息类.h:80;任务主信息类.h:85;双向链表模板核心.h:216;双向链表模板核心.h:221;双向链表模板核心.h:237;双向链表模板核心.h:431;双向链表模板核心.h:434;双向链表模板核心.h:438;基础信息主信息类.h:114;基础信息主信息类.h:117;基础信息主信息类.h:119;基础信息主信息类.h:121
yes	比较	比较	方法主信息类.h:389	34	比较当前值、目标值或历史基准。	header_definition	任务主信息类.h:80;任务主信息类.h:85;双向链表模板核心.h:216;双向链表模板核心.h:221;双向链表模板核心.h:237;双向链表模板核心.h:431;双向链表模板核心.h:434;双向链表模板核心.h:438;基础信息主信息类.h:114;基础信息主信息类.h:117;基础信息主信息类.h:119;基础信息主信息类.h:121
yes	比较	比较	特征值主信息类.h:30	34	比较当前值、目标值或历史基准。	header_definition	任务主信息类.h:80;任务主信息类.h:85;双向链表模板核心.h:216;双向链表模板核心.h:221;双向链表模板核心.h:237;双向链表模板核心.h:431;双向链表模板核心.h:434;双向链表模板核心.h:438;基础信息主信息类.h:114;基础信息主信息类.h:117;基础信息主信息类.h:119;基础信息主信息类.h:121
yes	比较	比较	特征值主信息类.h:35	34	比较当前值、目标值或历史基准。	header_definition	任务主信息类.h:80;任务主信息类.h:85;双向链表模板核心.h:216;双向链表模板核心.h:221;双向链表模板核心.h:237;双向链表模板核心.h:431;双向链表模板核心.h:434;双向链表模板核心.h:438;基础信息主信息类.h:114;基础信息主信息类.h:117;基础信息主信息类.h:119;基础信息主信息类.h:121
yes	比较	比较	语素主信息类.h:379	34	比较当前值、目标值或历史基准。	header_definition	任务主信息类.h:80;任务主信息类.h:85;双向链表模板核心.h:216;双向链表模板核心.h:221;双向链表模板核心.h:237;双向链表模板核心.h:431;双向链表模板核心.h:434;双向链表模板核心.h:438;基础信息主信息类.h:114;基础信息主信息类.h:117;基础信息主信息类.h:119;基础信息主信息类.h:121
yes	比较	比较	语素主信息类.h:446	34	比较当前值、目标值或历史基准。	header_definition	任务主信息类.h:80;任务主信息类.h:85;双向链表模板核心.h:216;双向链表模板核心.h:221;双向链表模板核心.h:237;双向链表模板核心.h:431;双向链表模板核心.h:434;双向链表模板核心.h:438;基础信息主信息类.h:114;基础信息主信息类.h:117;基础信息主信息类.h:119;基础信息主信息类.h:121
yes	比较	比较	需求主信息类.h:49	34	比较当前值、目标值或历史基准。	header_definition	任务主信息类.h:80;任务主信息类.h:85;双向链表模板核心.h:216;双向链表模板核心.h:221;双向链表模板核心.h:237;双向链表模板核心.h:431;双向链表模板核心.h:434;双向链表模板核心.h:438;基础信息主信息类.h:114;基础信息主信息类.h:117;基础信息主信息类.h:119;基础信息主信息类.h:121
yes	比较	比较	需求主信息类.h:54	34	比较当前值、目标值或历史基准。	header_definition	任务主信息类.h:80;任务主信息类.h:85;双向链表模板核心.h:216;双向链表模板核心.h:221;双向链表模板核心.h:237;双向链表模板核心.h:431;双向链表模板核心.h:434;双向链表模板核心.h:438;基础信息主信息类.h:114;基础信息主信息类.h:117;基础信息主信息类.h:119;基础信息主信息类.h:121
yes	私有_动态阶段时间点	私有_动态阶段时间点	动态类.cpp:55	36	服务所在模块的内部辅助流程。		动态类.cpp:55;动态类.cpp:776;动态类.cpp:790;动态类.cpp:795;动态类.cpp:800;动态类.cpp:858;动态类.cpp:868;动态类.cpp:884;动态类.cpp:893;动态类.cpp:902;动态类.cpp:906;动态类.cpp:907
yes	私有_任务语义特征词	私有_任务语义特征词	任务模块.管理工作线程.ixx:240	37	服务所在模块的内部辅助流程。		任务模块.管理工作线程.ixx:240;任务模块.管理工作线程.ixx:252;任务模块.管理工作线程.ixx:255;任务模块.管理工作线程.ixx:258;任务模块.管理工作线程.ixx:261;任务模块.管理工作线程.ixx:264;任务模块.管理工作线程.ixx:267;任务模块.管理工作线程.ixx:270;任务模块.管理工作线程.ixx:273;任务模块.管理工作线程.ixx:276;任务模块.管理工作线程.ixx:279;任务模块.管理工作线程.ixx:282
yes	写入转义键值字段行	写入转义键值字段行	全局共享函数类.ixx:223	37	按 `键=转义值` 格式写入一行文本键值字段。		全局共享函数类.ixx:223;全局共享函数类.ixx:421;线程生命周期消息模块.ixx:442;线程生命周期消息模块.ixx:443;线程生命周期消息模块.ixx:716;线程生命周期消息模块.ixx:717;线程生命周期消息模块.ixx:718;线程生命周期消息模块.ixx:719;线程生命周期消息模块.ixx:722;线程生命周期消息模块.ixx:1019;线程生命周期消息模块.ixx:1020;线程生命周期消息模块.ixx:1021
yes	时间戳文本	时间戳文本	全局共享函数类.ixx:448	37	把微秒时间戳格式化为显示文本，0 保持显示为 0。		全局共享函数类.ixx:448;控制面板类.cpp:606;控制面板类.cpp:606;控制面板类.cpp:2497;控制面板类.cpp:2498;控制面板类.cpp:4276;控制面板类.cpp:4277;控制面板类.cpp:4318;控制面板类.cpp:4319;控制面板类.cpp:4354;控制面板类.cpp:4355;控制面板类.cpp:4356
yes	值类型_I64	值类型_I64	自我动作实现.外设模块.ixx:1270	37	按函数名执行对应处理。		自我动作实现.外设模块.ixx:1270;自我动作实现.外设模块.ixx:15273;自我动作实现.外设模块.ixx:15274;自我动作实现.外设模块.ixx:15308;自我动作实现.外设模块.ixx:15309;自我动作实现.外设模块.ixx:15608;自我动作实现.外设模块.ixx:15609;自我动作实现.外设模块.ixx:15746;自我动作实现.外设模块.ixx:15748;自我动作实现.外设模块.ixx:16125;自我动作实现.外设模块.ixx:16291;自我动作实现.外设模块.ixx:16345
yes	读取基础节点指针	读取基础节点指针	自我动作实现.外设模块.ixx:7698	37	从指定来源读取数据或状态。		自我动作实现.外设模块.ixx:7698;自我动作实现.外设模块.ixx:7750;自我动作实现.外设模块.ixx:7818;自我动作实现.外设模块.ixx:7857;自我动作实现.外设模块.ixx:7860;自我动作实现.外设模块.ixx:14342;自我动作实现.外设模块.ixx:20551;自我动作实现.外设模块.ixx:23100;自我动作实现.外设模块.ixx:23101;自我动作实现.服务模块.ixx:1175;自我动作实现.服务模块.ixx:1257;自我动作实现.服务模块.ixx:1588
yes	方法虚拟存在	方法虚拟存在	自我动作实现.外设模块.ixx:7898	37	按函数名执行对应处理。		自我动作实现.外设模块.ixx:7898;自我动作实现.外设模块.ixx:7914;自我动作实现.外设模块.ixx:7933;自我动作实现.外设模块.ixx:8170;自我动作实现.外设模块.ixx:8251;自我动作实现.外设模块.ixx:8340;自我动作实现.外设模块.ixx:8872;自我动作实现.外设模块.ixx:8887;自我动作实现.外设模块.ixx:8938;自我动作实现.外设模块.ixx:9238;自我动作实现.外设模块.ixx:20497;自我动作实现模块.ixx:2854
yes	读取基础节点指针	读取基础节点指针	自我动作实现.服务模块.ixx:1175	37	从指定来源读取数据或状态。		自我动作实现.外设模块.ixx:7698;自我动作实现.外设模块.ixx:7750;自我动作实现.外设模块.ixx:7818;自我动作实现.外设模块.ixx:7857;自我动作实现.外设模块.ixx:7860;自我动作实现.外设模块.ixx:14342;自我动作实现.外设模块.ixx:20551;自我动作实现.外设模块.ixx:23100;自我动作实现.外设模块.ixx:23101;自我动作实现.服务模块.ixx:1175;自我动作实现.服务模块.ixx:1257;自我动作实现.服务模块.ixx:1588
yes	读取基础节点指针	读取基础节点指针	自我动作实现模块.ixx:2734	37	从指定来源读取数据或状态。		自我动作实现.外设模块.ixx:7698;自我动作实现.外设模块.ixx:7750;自我动作实现.外设模块.ixx:7818;自我动作实现.外设模块.ixx:7857;自我动作实现.外设模块.ixx:7860;自我动作实现.外设模块.ixx:14342;自我动作实现.外设模块.ixx:20551;自我动作实现.外设模块.ixx:23100;自我动作实现.外设模块.ixx:23101;自我动作实现.服务模块.ixx:1175;自我动作实现.服务模块.ixx:1257;自我动作实现.服务模块.ixx:1588
yes	方法虚拟存在	方法虚拟存在	自我动作实现模块.ixx:2854	37	按函数名执行对应处理。		自我动作实现.外设模块.ixx:7898;自我动作实现.外设模块.ixx:7914;自我动作实现.外设模块.ixx:7933;自我动作实现.外设模块.ixx:8170;自我动作实现.外设模块.ixx:8251;自我动作实现.外设模块.ixx:8340;自我动作实现.外设模块.ixx:8872;自我动作实现.外设模块.ixx:8887;自我动作实现.外设模块.ixx:8938;自我动作实现.外设模块.ixx:9238;自我动作实现.外设模块.ixx:20497;自我动作实现模块.ixx:2854
yes	值类型_I64	值类型_I64	自我动作实现模块.ixx:794	37	按函数名执行对应处理。		自我动作实现.外设模块.ixx:1270;自我动作实现.外设模块.ixx:15273;自我动作实现.外设模块.ixx:15274;自我动作实现.外设模块.ixx:15308;自我动作实现.外设模块.ixx:15309;自我动作实现.外设模块.ixx:15608;自我动作实现.外设模块.ixx:15609;自我动作实现.外设模块.ixx:15746;自我动作实现.外设模块.ixx:15748;自我动作实现.外设模块.ixx:16125;自我动作实现.外设模块.ixx:16291;自我动作实现.外设模块.ixx:16345
yes	任务类::解析任务场景	解析任务场景	任务类.cpp:1734	38	解析输入文本、消息、场景或运行包。		任务模块.执行.ixx:1494;任务模块.筹办.ixx:3386;任务模块.筹办.ixx:3794;任务模块.筹办.ixx:3872;任务模块.筹办.ixx:4570;任务模块.筹办.ixx:4729;任务模块.筹办.ixx:4902;任务模块.筹办.ixx:5186;任务模块.筹办.ixx:5306;任务模块.管理工作线程.ixx:312;任务模块.管理工作线程.ixx:648;任务模块.管理工作线程.ixx:2870
yes	私有_十六进制指针	私有_十六进制指针	控制面板类.cpp:524	38	服务所在模块的内部辅助流程。		控制面板类.cpp:524;控制面板类.cpp:647;控制面板类.cpp:650;控制面板类.cpp:808;控制面板类.cpp:811;控制面板类.cpp:844;控制面板类.cpp:846;控制面板类.cpp:848;控制面板类.cpp:850;控制面板类.cpp:852;控制面板类.cpp:870;控制面板类.cpp:883
yes	特征_目标方法头节点	特征_目标方法头节点	任务模块.筹办.ixx:3123	39	按函数名执行对应处理。		任务模块.筹办.ixx:3123;任务模块.筹办.ixx:3420;任务模块.筹办.ixx:3805;任务模块.筹办.ixx:3821;任务模块.筹办.ixx:4530;任务模块.筹办.ixx:4534;任务模块.筹办.ixx:4584;任务模块.筹办.ixx:4713;自我动作实现.外设模块.ixx:5459;自我动作实现模块.ixx:1875;自我动作实现模块.ixx:5136;自我动作实现模块.ixx:5141
yes	方法类::方法节点种类	方法节点种类	方法类.cpp:1750	39	读取方法节点种类。		控制面板摘要线程模块.impl.cpp:220;控制面板摘要线程模块.impl.cpp:228;控制面板摘要线程模块.impl.cpp:239;控制面板类.cpp:1005;控制面板类.cpp:1013;控制面板类.cpp:1025;控制面板类.cpp:2856;控制面板类.cpp:4067;控制面板类.cpp:4275;控制面板类.cpp:5615;方法类.cpp:1750;方法虚拟存在服务类.cpp:19
yes	特征_目标方法头节点	特征_目标方法头节点	自我动作实现.外设模块.ixx:5459	39	按函数名执行对应处理。		任务模块.筹办.ixx:3123;任务模块.筹办.ixx:3420;任务模块.筹办.ixx:3805;任务模块.筹办.ixx:3821;任务模块.筹办.ixx:4530;任务模块.筹办.ixx:4534;任务模块.筹办.ixx:4584;任务模块.筹办.ixx:4713;自我动作实现.外设模块.ixx:5459;自我动作实现模块.ixx:1875;自我动作实现模块.ixx:5136;自我动作实现模块.ixx:5141
yes	特征_目标方法头节点	特征_目标方法头节点	自我动作实现模块.ixx:1875	39	按函数名执行对应处理。		任务模块.筹办.ixx:3123;任务模块.筹办.ixx:3420;任务模块.筹办.ixx:3805;任务模块.筹办.ixx:3821;任务模块.筹办.ixx:4530;任务模块.筹办.ixx:4534;任务模块.筹办.ixx:4584;任务模块.筹办.ixx:4713;自我动作实现.外设模块.ixx:5459;自我动作实现模块.ixx:1875;自我动作实现模块.ixx:5136;自我动作实现模块.ixx:5141
yes	私有_写入任务I64特征	私有_写入任务I64特征	任务类.cpp:617	40	把处理结果写入指定对象、场景或日志。		任务类.cpp:617;任务类.cpp:1608;任务类.cpp:1613;任务类.cpp:1614;任务类.cpp:1642;任务类.cpp:1643;任务类.cpp:1644;任务类.cpp:1645;任务类.cpp:1646;任务类.cpp:1647;任务类.cpp:1648;任务类.cpp:1649
yes	私有_转义HTML	私有_转义HTML	控制面板类.cpp:6489	41	服务所在模块的内部辅助流程。		控制面板类.cpp:6489;控制面板类.cpp:7090;控制面板类.cpp:7091;控制面板类.cpp:7092;控制面板类.cpp:7095;控制面板类.cpp:7101;控制面板类.cpp:7720;控制面板类.cpp:7720;控制面板类.cpp:7721;控制面板类.cpp:7757;控制面板类.cpp:7760;控制面板类.cpp:7761
yes	push	push	基础信息主信息类.h:182	41	按函数名执行对应处理。	header_definition	D455相机类.cpp:721;D455相机类.cpp:758;动作线程类.ixx:303;基础信息主信息类.h:182;控制面板类.cpp:7977;控制面板类.cpp:7991;控制面板类.cpp:8215;控制面板类.cpp:8216;控制面板类.cpp:8217;控制面板类.cpp:8218;控制面板类.cpp:8219;控制面板类.cpp:8253
yes	私有_任务主键	私有_任务主键	任务模块.管理工作线程.ixx:172	42	服务所在模块的内部辅助流程。		任务模块.管理工作线程.ixx:172;任务模块.管理工作线程.ixx:349;任务模块.管理工作线程.ixx:362;任务模块.管理工作线程.ixx:876;任务模块.管理工作线程.ixx:952;任务模块.管理工作线程.ixx:1005;任务模块.管理工作线程.ixx:1034;任务模块.管理工作线程.ixx:1185;任务模块.管理工作线程.ixx:1186;任务模块.管理工作线程.ixx:1226;任务模块.管理工作线程.ixx:1227;任务模块.管理工作线程.ixx:1463
yes	获取基础信息集	获取基础信息集	基础信息类.cpp:445	42	读取并返回指定对象、状态或运行材料。		因果类.cpp:295;因果类.cpp:305;因果类.cpp:315;因果类.cpp:332;因果类.cpp:340;因果类.cpp:364;因果类.cpp:388;因果类.cpp:486;因果类.cpp:509;因果类.cpp:534;因果类.cpp:631;因果类.cpp:689
yes	特征_当前方法运行存在	特征_当前方法运行存在	自我动作实现.外设模块.ixx:1011	42	执行对应模块、线程或方法的运行逻辑。		自我动作实现.外设模块.ixx:1011;自我动作实现.外设模块.ixx:15212;自我动作实现.外设模块.ixx:15246;自我动作实现.外设模块.ixx:15277;自我动作实现.外设模块.ixx:15312;自我动作实现.外设模块.ixx:15639;自我动作实现.外设模块.ixx:15718;自我动作实现.外设模块.ixx:15744;自我动作实现.外设模块.ixx:15850;自我动作实现.外设模块.ixx:15877;自我动作实现.外设模块.ixx:15917;自我动作实现.外设模块.ixx:15949
yes	特征_当前方法运行存在	特征_当前方法运行存在	自我动作实现.服务模块.ixx:301	42	执行对应模块、线程或方法的运行逻辑。		自我动作实现.外设模块.ixx:1011;自我动作实现.外设模块.ixx:15212;自我动作实现.外设模块.ixx:15246;自我动作实现.外设模块.ixx:15277;自我动作实现.外设模块.ixx:15312;自我动作实现.外设模块.ixx:15639;自我动作实现.外设模块.ixx:15718;自我动作实现.外设模块.ixx:15744;自我动作实现.外设模块.ixx:15850;自我动作实现.外设模块.ixx:15877;自我动作实现.外设模块.ixx:15917;自我动作实现.外设模块.ixx:15949
yes	特征_当前方法运行存在	特征_当前方法运行存在	自我动作实现模块.ixx:528	42	执行对应模块、线程或方法的运行逻辑。		自我动作实现.外设模块.ixx:1011;自我动作实现.外设模块.ixx:15212;自我动作实现.外设模块.ixx:15246;自我动作实现.外设模块.ixx:15277;自我动作实现.外设模块.ixx:15312;自我动作实现.外设模块.ixx:15639;自我动作实现.外设模块.ixx:15718;自我动作实现.外设模块.ixx:15744;自我动作实现.外设模块.ixx:15850;自我动作实现.外设模块.ixx:15877;自我动作实现.外设模块.ixx:15917;自我动作实现.外设模块.ixx:15949
yes	需求主键_筹办日志	需求主键_筹办日志	任务模块.筹办.ixx:168	43	推进任务筹办，形成候选、缺口或就绪回执。		任务模块.筹办.ixx:168;任务模块.筹办.ixx:238;任务模块.筹办.ixx:645;任务模块.筹办.ixx:705;任务模块.筹办.ixx:926;任务模块.筹办.ixx:928;任务模块.筹办.ixx:962;任务模块.筹办.ixx:1532;任务模块.筹办.ixx:1737;任务模块.筹办.ixx:1746;任务模块.筹办.ixx:1755;任务模块.筹办.ixx:1816
yes	写入双目相机通用结果	写入双目相机通用结果	自我动作实现.外设模块.ixx:17486	43	把处理结果写入指定对象、场景或日志。		自我动作实现.外设模块.ixx:17486;自我动作实现.外设模块.ixx:17561;自我动作实现.外设模块.ixx:17637;自我动作实现.外设模块.ixx:17710;自我动作实现.外设模块.ixx:17775;自我动作实现.外设模块.ixx:17847;自我动作实现.外设模块.ixx:17911;自我动作实现.外设模块.ixx:17983;自我动作实现.外设模块.ixx:18050;自我动作实现.外设模块.ixx:18118;自我动作实现.外设模块.ixx:18200;自我动作实现.外设模块.ixx:18284
yes	入口主键_筹办日志	入口主键_筹办日志	任务模块.筹办.ixx:186	44	推进任务筹办，形成候选、缺口或就绪回执。		任务模块.筹办.ixx:186;任务模块.筹办.ixx:204;任务模块.筹办.ixx:340;任务模块.筹办.ixx:349;任务模块.筹办.ixx:646;任务模块.筹办.ixx:706;任务模块.筹办.ixx:930;任务模块.筹办.ixx:1306;任务模块.筹办.ixx:1534;任务模块.筹办.ixx:2155;任务模块.筹办.ixx:2172;任务模块.筹办.ixx:2223
yes	私有_SQL字段	私有_SQL字段	控制面板类.cpp:7059	44	读取 SQL 控制面板结果行中的指定字段。		控制面板类.cpp:7059;控制面板类.cpp:7101;控制面板类.cpp:7157;控制面板类.cpp:7339;控制面板类.cpp:7681;控制面板类.cpp:7682;控制面板类.cpp:7683;控制面板类.cpp:7684;控制面板类.cpp:7760;控制面板类.cpp:7761;控制面板类.cpp:7762;控制面板类.cpp:7771
yes	读取包指针	读取包指针	自我动作实现.服务模块.ixx:1210	44	从指定来源读取数据或状态。		自我动作实现.服务模块.ixx:1210;自我动作实现.服务模块.ixx:1229;自我动作实现.服务模块.ixx:1259;自我动作实现.服务模块.ixx:1590;自我动作实现模块.ixx:4560;自我动作实现模块.ixx:4627;自我动作实现模块.ixx:4695;自我动作实现模块.ixx:4700;自我动作实现模块.ixx:4705;自我动作实现模块.ixx:5011;自我动作实现模块.ixx:5141;自我动作实现模块.ixx:5142
yes	读取包指针	读取包指针	自我动作实现模块.ixx:4560	44	从指定来源读取数据或状态。		自我动作实现.服务模块.ixx:1210;自我动作实现.服务模块.ixx:1229;自我动作实现.服务模块.ixx:1259;自我动作实现.服务模块.ixx:1590;自我动作实现模块.ixx:4560;自我动作实现模块.ixx:4627;自我动作实现模块.ixx:4695;自我动作实现模块.ixx:4700;自我动作实现模块.ixx:4705;自我动作实现模块.ixx:5011;自我动作实现模块.ixx:5141;自我动作实现模块.ixx:5142
yes	安全解析或散列任务管理主键	安全解析或散列任务管理主键	自我线程模块.消息协议.ixx:875	44	解析输入文本、消息、场景或运行包。		自我线程模块.impl.cpp:14254;自我线程模块.消息协议.ixx:875;自我线程模块.消息协议.ixx:922;自我线程模块.消息协议.ixx:932;自我线程模块.消息协议.ixx:933;自我线程模块.消息协议.ixx:935;自我线程模块.消息协议.ixx:936;自我线程模块.消息协议.ixx:938;自我线程模块.消息协议.ixx:939;自我线程模块.消息协议.ixx:941;自我线程模块.消息协议.ixx:942;自我线程模块.消息协议.ixx:954
yes	需求类::需求已截止	需求已截止	需求类.cpp:1668	44	判断需求是否已经截止，不修改需求树。		任务模块.筹办.ixx:566;任务模块.筹办.ixx:853;任务模块.筹办.ixx:891;任务模块.筹办.ixx:982;自我线程模块.impl.cpp:3354;自我线程模块.impl.cpp:4559;自我线程模块.impl.cpp:4626;自我线程模块.impl.cpp:5226;自我线程模块.impl.cpp:5564;自我线程模块.impl.cpp:5599;自我线程模块.impl.cpp:5656;自我线程模块.impl.cpp:5742
yes	私有_归一到任务头结点	私有_归一到任务头结点	任务类.cpp:261	46	服务所在模块的内部辅助流程。		任务类.cpp:261;任务类.cpp:604;任务类.cpp:668;任务类.cpp:1436;任务类.cpp:1459;任务类.cpp:1490;任务类.cpp:1546;任务类.cpp:1559;任务类.cpp:1575;任务类.cpp:1603;任务类.cpp:1637;任务类.cpp:1669
yes	私有_归一到任务头结点	私有_归一到任务头结点	自我类.cpp:247	46	服务所在模块的内部辅助流程。		任务类.cpp:261;任务类.cpp:604;任务类.cpp:668;任务类.cpp:1436;任务类.cpp:1459;任务类.cpp:1490;任务类.cpp:1546;任务类.cpp:1559;任务类.cpp:1575;任务类.cpp:1603;任务类.cpp:1637;任务类.cpp:1669
yes	私有_归一到任务头结点	私有_归一到任务头结点	自我线程模块.impl.cpp:3704	46	服务所在模块的内部辅助流程。		任务类.cpp:261;任务类.cpp:604;任务类.cpp:668;任务类.cpp:1436;任务类.cpp:1459;任务类.cpp:1490;任务类.cpp:1546;任务类.cpp:1559;任务类.cpp:1575;任务类.cpp:1603;任务类.cpp:1637;任务类.cpp:1669
yes	私有_追加SQL控制面板JSON字符串	私有_追加SQL控制面板JSON字符串	控制面板类.cpp:7109	48	向 SQL 控制面板 HTML 追加 JSON 字符串。		控制面板类.cpp:7109;控制面板类.cpp:7136;控制面板类.cpp:7157;控制面板类.cpp:7173;控制面板类.cpp:7175;控制面板类.cpp:7191;控制面板类.cpp:7207;控制面板类.cpp:7221;控制面板类.cpp:7240;控制面板类.cpp:7242;控制面板类.cpp:7244;控制面板类.cpp:7278
yes	方法主键_筹办日志	方法主键_筹办日志	任务模块.筹办.ixx:174	49	推进任务筹办，形成候选、缺口或就绪回执。		任务模块.筹办.ixx:174;任务模块.筹办.ixx:239;任务模块.筹办.ixx:338;任务模块.筹办.ixx:348;任务模块.筹办.ixx:1647;任务模块.筹办.ixx:3034;任务模块.筹办.ixx:3044;任务模块.筹办.ixx:3067;任务模块.筹办.ixx:3094;任务模块.筹办.ixx:3108;任务模块.筹办.ixx:3469;任务模块.筹办.ixx:3543
yes	私有_任务状态文本	私有_任务状态文本	控制面板类.cpp:717	49	服务所在模块的内部辅助流程。		任务模块.管理界面线程.impl.cpp:292;任务模块.管理界面线程.impl.cpp:626;任务模块.管理界面线程.impl.cpp:672;任务模块.管理界面线程.impl.cpp:1641;任务模块.管理界面线程.impl.cpp:1642;任务模块.管理界面线程.impl.cpp:1680;任务模块.管理界面线程.impl.cpp:1681;任务模块.管理界面线程.impl.cpp:1764;任务模块.管理界面线程.impl.cpp:1765;任务模块.管理界面线程.impl.cpp:2523;任务模块.管理界面线程.impl.cpp:2775;任务模块.管理界面线程.impl.cpp:2796
yes	私有_追加因果缺失证据	私有_追加因果缺失证据	因果类.cpp:145	50	向缺失证据集合追加去重后的结构化证据项。		因果类.cpp:145;因果类.cpp:164;因果类.cpp:188;因果类.cpp:961;因果类.cpp:964;因果类.cpp:967;因果类.cpp:969;因果类.cpp:970;因果类.cpp:1013;因果类.cpp:1025;因果类.cpp:1065;因果类.cpp:1076
yes	解析双目相机目标宿主	解析双目相机目标宿主	自我动作实现.外设模块.ixx:17361	50	解析输入文本、消息、场景或运行包。		自我动作实现.外设模块.ixx:17361;自我动作实现.外设模块.ixx:17756;自我动作实现.外设模块.ixx:17828;自我动作实现.外设模块.ixx:17892;自我动作实现.外设模块.ixx:17958;自我动作实现.外设模块.ixx:18030;自我动作实现.外设模块.ixx:18095;自我动作实现.外设模块.ixx:18166;自我动作实现.外设模块.ixx:18249;自我动作实现.外设模块.ixx:18333;自我动作实现.外设模块.ixx:18417;自我动作实现.外设模块.ixx:18502
yes	私有_构建基础信息树节点	私有_构建基础信息树节点	控制面板类.cpp:5099	51	构建运行所需的数据结构或中间结果。		控制面板类.cpp:302;控制面板类.cpp:4625;控制面板类.cpp:4635;控制面板类.cpp:4646;控制面板类.cpp:4705;控制面板类.cpp:4726;控制面板类.cpp:4737;控制面板类.cpp:4748;控制面板类.cpp:4773;控制面板类.cpp:4783;控制面板类.cpp:4793;控制面板类.cpp:4824
yes	特征_外设观察报告ID	特征_外设观察报告ID	自我动作实现.外设模块.ixx:4479	51	按函数名执行对应处理。		自我动作实现.外设模块.ixx:4479;自我动作实现.外设模块.ixx:8004;自我动作实现.外设模块.ixx:12365;自我动作实现.外设模块.ixx:12366;自我动作实现.外设模块.ixx:12367;自我动作实现.外设模块.ixx:13006;自我动作实现.外设模块.ixx:13760;自我动作实现.外设模块.ixx:13886;自我动作实现.外设模块.ixx:14031;自我动作实现.外设模块.ixx:14068;自我动作实现.外设模块.ixx:16125;自我动作实现.外设模块.ixx:16135
yes	特征_外设观察报告ID	特征_外设观察报告ID	自我动作实现.扫描.ixx:446	51	按函数名执行对应处理。		自我动作实现.外设模块.ixx:4479;自我动作实现.外设模块.ixx:8004;自我动作实现.外设模块.ixx:12365;自我动作实现.外设模块.ixx:12366;自我动作实现.外设模块.ixx:12367;自我动作实现.外设模块.ixx:13006;自我动作实现.外设模块.ixx:13760;自我动作实现.外设模块.ixx:13886;自我动作实现.外设模块.ixx:14031;自我动作实现.外设模块.ixx:14068;自我动作实现.外设模块.ixx:16125;自我动作实现.外设模块.ixx:16135
yes	写入目标方法I64实际结果状态	写入目标方法I64实际结果状态	自我动作实现.外设模块.ixx:8162	52	把处理结果写入指定对象、场景或日志。		自我动作实现.外设模块.ixx:8162;自我动作实现.外设模块.ixx:20503;自我动作实现.外设模块.ixx:21465;自我动作实现.外设模块.ixx:21472;自我动作实现.外设模块.ixx:21479;自我动作实现.外设模块.ixx:21486;自我动作实现.外设模块.ixx:21493;自我动作实现.外设模块.ixx:21500;自我动作实现.外设模块.ixx:21507;自我动作实现.外设模块.ixx:21514;自我动作实现.外设模块.ixx:21521;自我动作实现.外设模块.ixx:21528
yes	写入目标方法I64实际结果状态	写入目标方法I64实际结果状态	自我动作实现模块.ixx:3041	52	把处理结果写入指定对象、场景或日志。		自我动作实现.外设模块.ixx:8162;自我动作实现.外设模块.ixx:20503;自我动作实现.外设模块.ixx:21465;自我动作实现.外设模块.ixx:21472;自我动作实现.外设模块.ixx:21479;自我动作实现.外设模块.ixx:21486;自我动作实现.外设模块.ixx:21493;自我动作实现.外设模块.ixx:21500;自我动作实现.外设模块.ixx:21507;自我动作实现.外设模块.ixx:21514;自我动作实现.外设模块.ixx:21521;自我动作实现.外设模块.ixx:21528
yes	指针日志文本	指针日志文本	全局共享函数类.ixx:930	53	把指针地址格式化为日志文本。		全局共享函数类.ixx:930;自我动作实现.外设模块.ixx:9077;自我动作实现.外设模块.ixx:9079;自我动作实现.外设模块.ixx:9081;自我动作实现.外设模块.ixx:9083;自我动作实现.外设模块.ixx:9085;自我动作实现.外设模块.ixx:9087;自我动作实现.外设模块.ixx:9089;自我动作实现.外设模块.ixx:9091;自我动作实现.外设模块.ixx:11492;自我动作实现.外设模块.ixx:11506;自我动作实现模块.ixx:4248
yes	私有_SQL字符串	私有_SQL字符串	数据库ADO模块.cpp:216	53	把文本编码为 SQL Server Unicode 字符串字面量。		数据库ADO模块.cpp:216;数据库ADO模块.cpp:238;数据库ADO模块.cpp:353;数据库ADO模块.cpp:355;数据库ADO模块.cpp:357;数据库ADO模块.cpp:372;数据库ADO模块.cpp:373;数据库ADO模块.cpp:390;数据库ADO模块.cpp:391;数据库ADO模块.cpp:408;数据库ADO模块.cpp:409;数据库ADO模块.cpp:425
yes	双目相机实际输出场景	双目相机实际输出场景	自我动作实现.外设模块.ixx:17312	53	按函数名执行对应处理。		自我动作实现.外设模块.ixx:17312;自我动作实现.外设模块.ixx:17532;自我动作实现.外设模块.ixx:17612;自我动作实现.外设模块.ixx:17683;自我动作实现.外设模块.ixx:17754;自我动作实现.外设模块.ixx:17826;自我动作实现.外设模块.ixx:17890;自我动作实现.外设模块.ixx:17956;自我动作实现.外设模块.ixx:18028;自我动作实现.外设模块.ixx:18093;自我动作实现.外设模块.ixx:18164;自我动作实现.外设模块.ixx:18247
yes	写入双目相机I64事实与动态	写入双目相机I64事实与动态	自我动作实现.外设模块.ixx:17380	53	把处理结果写入指定对象、场景或日志。		自我动作实现.外设模块.ixx:17380;自我动作实现.外设模块.ixx:17538;自我动作实现.外设模块.ixx:17617;自我动作实现.外设模块.ixx:17692;自我动作实现.外设模块.ixx:17761;自我动作实现.外设模块.ixx:17833;自我动作实现.外设模块.ixx:17897;自我动作实现.外设模块.ixx:17969;自我动作实现.外设模块.ixx:18036;自我动作实现.外设模块.ixx:18104;自我动作实现.外设模块.ixx:18186;自我动作实现.外设模块.ixx:18270
yes	查找子特征	查找子特征	自我动作实现.外设模块.ixx:7492	55	按条件查找目标对象、方法或事实。		自我动作实现.外设模块.ixx:7492;自我动作实现.外设模块.ixx:7508;自我动作实现.外设模块.ixx:7567;自我动作实现.外设模块.ixx:7568;自我动作实现.外设模块.ixx:7615;自我动作实现.外设模块.ixx:7679;自我动作实现.外设模块.ixx:7691;自我动作实现.外设模块.ixx:7705;自我动作实现.外设模块.ixx:7719;自我动作实现.外设模块.ixx:7788;自我动作实现.外设模块.ixx:7829;自我动作实现.外设模块.ixx:7830
yes	查找子特征	查找子特征	自我动作实现.服务模块.ixx:1165	55	按条件查找目标对象、方法或事实。		自我动作实现.外设模块.ixx:7492;自我动作实现.外设模块.ixx:7508;自我动作实现.外设模块.ixx:7567;自我动作实现.外设模块.ixx:7568;自我动作实现.外设模块.ixx:7615;自我动作实现.外设模块.ixx:7679;自我动作实现.外设模块.ixx:7691;自我动作实现.外设模块.ixx:7705;自我动作实现.外设模块.ixx:7719;自我动作实现.外设模块.ixx:7788;自我动作实现.外设模块.ixx:7829;自我动作实现.外设模块.ixx:7830
yes	查找子特征	查找子特征	自我动作实现模块.ixx:2688	55	按条件查找目标对象、方法或事实。		自我动作实现.外设模块.ixx:7492;自我动作实现.外设模块.ixx:7508;自我动作实现.外设模块.ixx:7567;自我动作实现.外设模块.ixx:7568;自我动作实现.外设模块.ixx:7615;自我动作实现.外设模块.ixx:7679;自我动作实现.外设模块.ixx:7691;自我动作实现.外设模块.ixx:7705;自我动作实现.外设模块.ixx:7719;自我动作实现.外设模块.ixx:7788;自我动作实现.外设模块.ixx:7829;自我动作实现.外设模块.ixx:7830
yes	私有_页面摘要	私有_页面摘要	控制面板类.cpp:9485	56	服务所在模块的内部辅助流程。		控制面板类.cpp:9485;控制面板类.cpp:10500;控制面板类.cpp:10502;控制面板类.cpp:10507;控制面板类.cpp:11030;控制面板类.cpp:11031;控制面板类.cpp:11054;控制面板类.cpp:11108;控制面板类.cpp:11121;控制面板类.cpp:11122;控制面板类.cpp:11165;控制面板类.cpp:11166
yes	私有_特征模板词_线程侧	私有_特征模板词_线程侧	自我线程模块.impl.cpp:102	59	服务所在模块的内部辅助流程。		自我线程模块.impl.cpp:102;自我线程模块.impl.cpp:164;自我线程模块.impl.cpp:165;自我线程模块.impl.cpp:166;自我线程模块.impl.cpp:167;自我线程模块.impl.cpp:168;自我线程模块.impl.cpp:169;自我线程模块.impl.cpp:170;自我线程模块.impl.cpp:171;自我线程模块.impl.cpp:172;自我线程模块.impl.cpp:173;自我线程模块.impl.cpp:174
yes	绝对差I64	绝对差I64	全局共享函数类.ixx:69	60	返回两个 I64 值的非饱和绝对差，保持原调用点既有算术语义。		全局共享函数类.ixx:69;全局共享函数类.ixx:113;全局共享函数类.ixx:114;全局共享函数类.ixx:125;全局共享函数类.ixx:126;双目相机本能适配器.cpp:242;双目相机本能适配器.cpp:285;双目相机本能适配器.cpp:369;外设线程_D455深度相机.ixx:492;外设线程_D455深度相机.ixx:920;外设线程_D455深度相机.ixx:921;外设线程_D455深度相机.ixx:922
yes	私有_追加等号字段	私有_追加等号字段	控制面板类.cpp:2582	61	服务所在模块的内部辅助流程。		控制面板类.cpp:2582;控制面板类.cpp:2591;控制面板类.cpp:2596;控制面板类.cpp:2600;控制面板类.cpp:2610;控制面板类.cpp:4273;控制面板类.cpp:4274;控制面板类.cpp:4275;控制面板类.cpp:4276;控制面板类.cpp:4277;控制面板类.cpp:4278;控制面板类.cpp:4285
yes	私有_追加等号字段	私有_追加等号字段	控制面板类.cpp:2591	61	服务所在模块的内部辅助流程。		控制面板类.cpp:2582;控制面板类.cpp:2591;控制面板类.cpp:2596;控制面板类.cpp:2600;控制面板类.cpp:2610;控制面板类.cpp:4273;控制面板类.cpp:4274;控制面板类.cpp:4275;控制面板类.cpp:4276;控制面板类.cpp:4277;控制面板类.cpp:4278;控制面板类.cpp:4285
yes	私有_追加等号字段	私有_追加等号字段	控制面板类.cpp:2600	61	服务所在模块的内部辅助流程。		控制面板类.cpp:2582;控制面板类.cpp:2591;控制面板类.cpp:2596;控制面板类.cpp:2600;控制面板类.cpp:2610;控制面板类.cpp:4273;控制面板类.cpp:4274;控制面板类.cpp:4275;控制面板类.cpp:4276;控制面板类.cpp:4277;控制面板类.cpp:4278;控制面板类.cpp:4285
yes	私有_二次特征类阶段时间点	私有_二次特征类阶段时间点	二次特征类.cpp:108	62	服务所在模块的内部辅助流程。		二次特征类.cpp:108;二次特征类.cpp:129;二次特征类.cpp:623;二次特征类.cpp:643;二次特征类.cpp:698;二次特征类.cpp:706;二次特征类.cpp:716;二次特征类.cpp:739;二次特征类.cpp:742;二次特征类.cpp:747;二次特征类.cpp:749;二次特征类.cpp:762
yes	特征_目标宿主	特征_目标宿主	任务模块.筹办.ixx:3144	63	按函数名执行对应处理。		任务模块.筹办.ixx:3144;任务模块.筹办.ixx:3426;任务模块.筹办.ixx:3434;任务模块.筹办.ixx:4538;任务模块.筹办.ixx:4715;自我动作实现.外设模块.ixx:2127;自我动作实现.外设模块.ixx:15276;自我动作实现.外设模块.ixx:15282;自我动作实现.外设模块.ixx:15286;自我动作实现.外设模块.ixx:15311;自我动作实现.外设模块.ixx:15317;自我动作实现.外设模块.ixx:15321
yes	特征_目标宿主	特征_目标宿主	自我动作实现.外设模块.ixx:2127	63	按函数名执行对应处理。		任务模块.筹办.ixx:3144;任务模块.筹办.ixx:3426;任务模块.筹办.ixx:3434;任务模块.筹办.ixx:4538;任务模块.筹办.ixx:4715;自我动作实现.外设模块.ixx:2127;自我动作实现.外设模块.ixx:15276;自我动作实现.外设模块.ixx:15282;自我动作实现.外设模块.ixx:15286;自我动作实现.外设模块.ixx:15311;自我动作实现.外设模块.ixx:15317;自我动作实现.外设模块.ixx:15321
yes	输出本能方法自身环境失败	输出本能方法自身环境失败	自我动作实现.外设模块.ixx:9306	63	自身环境失败属于非正常逻辑错误，必须留下运行回执和日志。		自我动作实现.外设模块.ixx:9306;自我动作实现.外设模块.ixx:17529;自我动作实现.外设模块.ixx:17609;自我动作实现.外设模块.ixx:17680;自我动作实现.外设模块.ixx:17751;自我动作实现.外设模块.ixx:17823;自我动作实现.外设模块.ixx:17887;自我动作实现.外设模块.ixx:17953;自我动作实现.外设模块.ixx:18025;自我动作实现.外设模块.ixx:18090;自我动作实现.外设模块.ixx:18161;自我动作实现.外设模块.ixx:18244
yes	特征_目标宿主	特征_目标宿主	自我动作实现.服务模块.ixx:181	63	按函数名执行对应处理。		任务模块.筹办.ixx:3144;任务模块.筹办.ixx:3426;任务模块.筹办.ixx:3434;任务模块.筹办.ixx:4538;任务模块.筹办.ixx:4715;自我动作实现.外设模块.ixx:2127;自我动作实现.外设模块.ixx:15276;自我动作实现.外设模块.ixx:15282;自我动作实现.外设模块.ixx:15286;自我动作实现.外设模块.ixx:15311;自我动作实现.外设模块.ixx:15317;自我动作实现.外设模块.ixx:15321
yes	特征_目标宿主	特征_目标宿主	自我动作实现模块.ixx:1651	63	按函数名执行对应处理。		任务模块.筹办.ixx:3144;任务模块.筹办.ixx:3426;任务模块.筹办.ixx:3434;任务模块.筹办.ixx:4538;任务模块.筹办.ixx:4715;自我动作实现.外设模块.ixx:2127;自我动作实现.外设模块.ixx:15276;自我动作实现.外设模块.ixx:15282;自我动作实现.外设模块.ixx:15286;自我动作实现.外设模块.ixx:15311;自我动作实现.外设模块.ixx:15317;自我动作实现.外设模块.ixx:15321
yes	输出本能方法自身环境失败	输出本能方法自身环境失败	自我动作实现模块.ixx:4454	63	自身环境失败属于非正常逻辑错误，必须留下运行回执和日志。		自我动作实现.外设模块.ixx:9306;自我动作实现.外设模块.ixx:17529;自我动作实现.外设模块.ixx:17609;自我动作实现.外设模块.ixx:17680;自我动作实现.外设模块.ixx:17751;自我动作实现.外设模块.ixx:17823;自我动作实现.外设模块.ixx:17887;自我动作实现.外设模块.ixx:17953;自我动作实现.外设模块.ixx:18025;自我动作实现.外设模块.ixx:18090;自我动作实现.外设模块.ixx:18161;自我动作实现.外设模块.ixx:18244
yes	值_执行缺口_当前方法条件不满足	值_执行缺口_当前方法条件不满足	自我动作实现.外设模块.ixx:1471	67	执行任务、方法或动作的主体逻辑。		自我动作实现.外设模块.ixx:1471;自我动作实现.外设模块.ixx:8394;自我动作实现.外设模块.ixx:12546;自我动作实现.外设模块.ixx:12557;自我动作实现.外设模块.ixx:12845;自我动作实现.外设模块.ixx:17966;自我动作实现.外设模块.ixx:18182;自我动作实现.外设模块.ixx:18266;自我动作实现.外设模块.ixx:18347;自我动作实现.外设模块.ixx:18431;自我动作实现.外设模块.ixx:18515;自我动作实现.外设模块.ixx:18523
yes	值_执行缺口_当前方法条件不满足	值_执行缺口_当前方法条件不满足	自我动作实现模块.ixx:995	67	执行任务、方法或动作的主体逻辑。		自我动作实现.外设模块.ixx:1471;自我动作实现.外设模块.ixx:8394;自我动作实现.外设模块.ixx:12546;自我动作实现.外设模块.ixx:12557;自我动作实现.外设模块.ixx:12845;自我动作实现.外设模块.ixx:17966;自我动作实现.外设模块.ixx:18182;自我动作实现.外设模块.ixx:18266;自我动作实现.外设模块.ixx:18347;自我动作实现.外设模块.ixx:18431;自我动作实现.外设模块.ixx:18515;自我动作实现.外设模块.ixx:18523
yes	项目运行警告日志	项目运行警告日志	日志模块.ixx:581	68	执行对应模块、线程或方法的运行逻辑。		世界树类.cpp:1829;世界树类.cpp:1835;任务模块.管理工作线程.ixx:1240;任务模块.管理工作线程.ixx:1832;任务模块.管理工作线程.ixx:2022;任务模块.管理界面线程.impl.cpp:1948;任务模块.管理界面线程.impl.cpp:1996;任务模块.管理界面线程.impl.cpp:7485;任务模块.管理界面线程.impl.cpp:8928;任务类.cpp:908;任务类.cpp:914;任务类.cpp:1380
yes	特征_失败原因	特征_失败原因	自我动作实现.外设模块.ixx:1994	70	按函数名执行对应处理。		自我动作实现.外设模块.ixx:1994;自我动作实现.外设模块.ixx:9061;自我动作实现.外设模块.ixx:14214;自我动作实现.外设模块.ixx:14738;自我动作实现.外设模块.ixx:15193;自我动作实现.外设模块.ixx:15223;自我动作实现.外设模块.ixx:15255;自我动作实现.外设模块.ixx:15293;自我动作实现.外设模块.ixx:15334;自我动作实现.外设模块.ixx:15696;自我动作实现.外设模块.ixx:15729;自我动作实现.外设模块.ixx:15769
yes	输出运行虚拟存在	输出运行虚拟存在	自我动作实现.外设模块.ixx:8895	70	执行对应模块、线程或方法的运行逻辑。		自我动作实现.外设模块.ixx:8895;自我动作实现.外设模块.ixx:9318;自我动作实现.外设模块.ixx:17574;自我动作实现.外设模块.ixx:17647;自我动作实现.外设模块.ixx:17718;自我动作实现.外设模块.ixx:17790;自我动作实现.外设模块.ixx:17854;自我动作实现.外设模块.ixx:17918;自我动作实现.外设模块.ixx:17990;自我动作实现.外设模块.ixx:18057;自我动作实现.外设模块.ixx:18125;自我动作实现.外设模块.ixx:18207
yes	更新方法运行账	更新方法运行账	自我动作实现.外设模块.ixx:8932	70	更新已有对象、状态、索引或缓存。		自我动作实现.外设模块.ixx:8932;自我动作实现.外设模块.ixx:9323;自我动作实现.外设模块.ixx:17588;自我动作实现.外设模块.ixx:17661;自我动作实现.外设模块.ixx:17732;自我动作实现.外设模块.ixx:17804;自我动作实现.外设模块.ixx:17868;自我动作实现.外设模块.ixx:17934;自我动作实现.外设模块.ixx:18006;自我动作实现.外设模块.ixx:18071;自我动作实现.外设模块.ixx:18142;自我动作实现.外设模块.ixx:18225
yes	特征_失败原因	特征_失败原因	自我动作实现模块.ixx:1518	70	按函数名执行对应处理。		自我动作实现.外设模块.ixx:1994;自我动作实现.外设模块.ixx:9061;自我动作实现.外设模块.ixx:14214;自我动作实现.外设模块.ixx:14738;自我动作实现.外设模块.ixx:15193;自我动作实现.外设模块.ixx:15223;自我动作实现.外设模块.ixx:15255;自我动作实现.外设模块.ixx:15293;自我动作实现.外设模块.ixx:15334;自我动作实现.外设模块.ixx:15696;自我动作实现.外设模块.ixx:15729;自我动作实现.外设模块.ixx:15769
yes	输出运行虚拟存在	输出运行虚拟存在	自我动作实现模块.ixx:4036	70	执行对应模块、线程或方法的运行逻辑。		自我动作实现.外设模块.ixx:8895;自我动作实现.外设模块.ixx:9318;自我动作实现.外设模块.ixx:17574;自我动作实现.外设模块.ixx:17647;自我动作实现.外设模块.ixx:17718;自我动作实现.外设模块.ixx:17790;自我动作实现.外设模块.ixx:17854;自我动作实现.外设模块.ixx:17918;自我动作实现.外设模块.ixx:17990;自我动作实现.外设模块.ixx:18057;自我动作实现.外设模块.ixx:18125;自我动作实现.外设模块.ixx:18207
yes	更新方法运行账	更新方法运行账	自我动作实现模块.ixx:4073	70	更新已有对象、状态、索引或缓存。		自我动作实现.外设模块.ixx:8932;自我动作实现.外设模块.ixx:9323;自我动作实现.外设模块.ixx:17588;自我动作实现.外设模块.ixx:17661;自我动作实现.外设模块.ixx:17732;自我动作实现.外设模块.ixx:17804;自我动作实现.外设模块.ixx:17868;自我动作实现.外设模块.ixx:17934;自我动作实现.外设模块.ixx:18006;自我动作实现.外设模块.ixx:18071;自我动作实现.外设模块.ixx:18142;自我动作实现.外设模块.ixx:18225
yes	特征_结果表	特征_结果表	自我动作实现.外设模块.ixx:717	71	按函数名执行对应处理。		自我动作实现.外设模块.ixx:717;自我动作实现.外设模块.ixx:15215;自我动作实现.外设模块.ixx:15249;自我动作实现.外设模块.ixx:15283;自我动作实现.外设模块.ixx:15318;自我动作实现.外设模块.ixx:15348;自我动作实现.外设模块.ixx:15440;自我动作实现.外设模块.ixx:15459;自我动作实现.外设模块.ixx:15498;自我动作实现.外设模块.ixx:15514;自我动作实现.外设模块.ixx:15541;自我动作实现.外设模块.ixx:15564
yes	特征_结果表	特征_结果表	自我动作实现.服务模块.ixx:77	71	按函数名执行对应处理。		自我动作实现.外设模块.ixx:717;自我动作实现.外设模块.ixx:15215;自我动作实现.外设模块.ixx:15249;自我动作实现.外设模块.ixx:15283;自我动作实现.外设模块.ixx:15318;自我动作实现.外设模块.ixx:15348;自我动作实现.外设模块.ixx:15440;自我动作实现.外设模块.ixx:15459;自我动作实现.外设模块.ixx:15498;自我动作实现.外设模块.ixx:15514;自我动作实现.外设模块.ixx:15541;自我动作实现.外设模块.ixx:15564
yes	特征_结果表	特征_结果表	自我动作实现模块.ixx:144	71	按函数名执行对应处理。		自我动作实现.外设模块.ixx:717;自我动作实现.外设模块.ixx:15215;自我动作实现.外设模块.ixx:15249;自我动作实现.外设模块.ixx:15283;自我动作实现.外设模块.ixx:15318;自我动作实现.外设模块.ixx:15348;自我动作实现.外设模块.ixx:15440;自我动作实现.外设模块.ixx:15459;自我动作实现.外设模块.ixx:15498;自我动作实现.外设模块.ixx:15514;自我动作实现.外设模块.ixx:15541;自我动作实现.外设模块.ixx:15564
yes	特征_动作动态	特征_动作动态	自我动作实现.外设模块.ixx:1604	72	按函数名执行对应处理。		自我动作实现.外设模块.ixx:1604;自我动作实现.外设模块.ixx:14211;自我动作实现.外设模块.ixx:14735;自我动作实现.外设模块.ixx:15190;自我动作实现.外设模块.ixx:15222;自我动作实现.外设模块.ixx:15254;自我动作实现.外设模块.ixx:15292;自我动作实现.外设模块.ixx:15333;自我动作实现.外设模块.ixx:15695;自我动作实现.外设模块.ixx:15728;自我动作实现.外设模块.ixx:15768;自我动作实现.外设模块.ixx:15811
yes	特征_动作动态	特征_动作动态	自我动作实现.服务模块.ixx:285	72	按函数名执行对应处理。		自我动作实现.外设模块.ixx:1604;自我动作实现.外设模块.ixx:14211;自我动作实现.外设模块.ixx:14735;自我动作实现.外设模块.ixx:15190;自我动作实现.外设模块.ixx:15222;自我动作实现.外设模块.ixx:15254;自我动作实现.外设模块.ixx:15292;自我动作实现.外设模块.ixx:15333;自我动作实现.外设模块.ixx:15695;自我动作实现.外设模块.ixx:15728;自我动作实现.外设模块.ixx:15768;自我动作实现.外设模块.ixx:15811
yes	特征_动作动态	特征_动作动态	自我动作实现模块.ixx:1128	72	按函数名执行对应处理。		自我动作实现.外设模块.ixx:1604;自我动作实现.外设模块.ixx:14211;自我动作实现.外设模块.ixx:14735;自我动作实现.外设模块.ixx:15190;自我动作实现.外设模块.ixx:15222;自我动作实现.外设模块.ixx:15254;自我动作实现.外设模块.ixx:15292;自我动作实现.外设模块.ixx:15333;自我动作实现.外设模块.ixx:15695;自我动作实现.外设模块.ixx:15728;自我动作实现.外设模块.ixx:15768;自我动作实现.外设模块.ixx:15811
yes	特征_输入条件包	特征_输入条件包	任务模块.筹办.ixx:3116	73	按函数名执行对应处理。		任务模块.筹办.ixx:3116;任务模块.筹办.ixx:3414;任务模块.筹办.ixx:3813;任务模块.筹办.ixx:3954;任务模块.筹办.ixx:4482;任务模块.筹办.ixx:4679;任务模块.筹办.ixx:4681;任务模块.筹办.ixx:4782;任务模块.筹办.ixx:4946;任务模块.筹办.ixx:4952;任务模块.筹办.ixx:4959;自我动作实现.外设模块.ixx:696
yes	特征_输入条件包	特征_输入条件包	自我动作实现.外设模块.ixx:696	73	按函数名执行对应处理。		任务模块.筹办.ixx:3116;任务模块.筹办.ixx:3414;任务模块.筹办.ixx:3813;任务模块.筹办.ixx:3954;任务模块.筹办.ixx:4482;任务模块.筹办.ixx:4679;任务模块.筹办.ixx:4681;任务模块.筹办.ixx:4782;任务模块.筹办.ixx:4946;任务模块.筹办.ixx:4952;任务模块.筹办.ixx:4959;自我动作实现.外设模块.ixx:696
yes	特征_输入条件包	特征_输入条件包	自我动作实现.服务模块.ixx:45	73	按函数名执行对应处理。		任务模块.筹办.ixx:3116;任务模块.筹办.ixx:3414;任务模块.筹办.ixx:3813;任务模块.筹办.ixx:3954;任务模块.筹办.ixx:4482;任务模块.筹办.ixx:4679;任务模块.筹办.ixx:4681;任务模块.筹办.ixx:4782;任务模块.筹办.ixx:4946;任务模块.筹办.ixx:4952;任务模块.筹办.ixx:4959;自我动作实现.外设模块.ixx:696
yes	特征_输入条件包	特征_输入条件包	自我动作实现模块.ixx:123	73	按函数名执行对应处理。		任务模块.筹办.ixx:3116;任务模块.筹办.ixx:3414;任务模块.筹办.ixx:3813;任务模块.筹办.ixx:3954;任务模块.筹办.ixx:4482;任务模块.筹办.ixx:4679;任务模块.筹办.ixx:4681;任务模块.筹办.ixx:4782;任务模块.筹办.ixx:4946;任务模块.筹办.ixx:4952;任务模块.筹办.ixx:4959;自我动作实现.外设模块.ixx:696
yes	方法规格根	方法规格根	自我动作实现.外设模块.ixx:8335	74	按函数名执行对应处理。		自我动作实现.外设模块.ixx:8335;自我动作实现.外设模块.ixx:8355;自我动作实现.外设模块.ixx:15215;自我动作实现.外设模块.ixx:15249;自我动作实现.外设模块.ixx:15283;自我动作实现.外设模块.ixx:15318;自我动作实现.外设模块.ixx:15348;自我动作实现.外设模块.ixx:15440;自我动作实现.外设模块.ixx:15459;自我动作实现.外设模块.ixx:15498;自我动作实现.外设模块.ixx:15514;自我动作实现.外设模块.ixx:15541
yes	方法规格根	方法规格根	自我动作实现模块.ixx:3214	74	按函数名执行对应处理。		自我动作实现.外设模块.ixx:8335;自我动作实现.外设模块.ixx:8355;自我动作实现.外设模块.ixx:15215;自我动作实现.外设模块.ixx:15249;自我动作实现.外设模块.ixx:15283;自我动作实现.外设模块.ixx:15318;自我动作实现.外设模块.ixx:15348;自我动作实现.外设模块.ixx:15440;自我动作实现.外设模块.ixx:15459;自我动作实现.外设模块.ixx:15498;自我动作实现.外设模块.ixx:15514;自我动作实现.外设模块.ixx:15541
yes	基础节点日志文本	基础节点日志文本	自我动作实现.外设模块.ixx:11486	76	按函数名执行对应处理。		自我动作实现.外设模块.ixx:11486;自我动作实现.外设模块.ixx:11507;自我动作实现.外设模块.ixx:11536;自我动作实现.外设模块.ixx:11537;自我动作实现.外设模块.ixx:11539;自我动作实现.外设模块.ixx:11554;自我动作实现.外设模块.ixx:11555;自我动作实现.外设模块.ixx:11556;自我动作实现.外设模块.ixx:11557;自我动作实现.外设模块.ixx:11558;自我动作实现.外设模块.ixx:11560;自我动作实现.外设模块.ixx:19165
yes	取特征主信息	取特征主信息	本能动作类.ixx:33	80	按函数名执行对应处理。		世界树类.cpp:158;世界树类.cpp:2295;世界树类.cpp:2301;世界树类.h:175;世界树类.h:176;二次特征应用模块.ixx:850;二次特征应用模块.ixx:984;二次特征应用模块.ixx:987;二次特征应用模块.ixx:990;二次特征应用模块.ixx:2669;二次特征应用模块.ixx:2670;任务模块.筹办.ixx:3903
yes	取特征主信息	取特征主信息	本能动作类.ixx:39	80	按函数名执行对应处理。		世界树类.cpp:158;世界树类.cpp:2295;世界树类.cpp:2301;世界树类.h:175;世界树类.h:176;二次特征应用模块.ixx:850;二次特征应用模块.ixx:984;二次特征应用模块.ixx:987;二次特征应用模块.ixx:990;二次特征应用模块.ixx:2669;二次特征应用模块.ixx:2670;任务模块.筹办.ixx:3903
yes	任务主键_筹办日志	任务主键_筹办日志	任务模块.筹办.ixx:162	82	推进任务筹办，形成候选、缺口或就绪回执。		任务模块.筹办.ixx:162;任务模块.筹办.ixx:237;任务模块.筹办.ixx:337;任务模块.筹办.ixx:347;任务模块.筹办.ixx:644;任务模块.筹办.ixx:704;任务模块.筹办.ixx:925;任务模块.筹办.ixx:961;任务模块.筹办.ixx:1286;任务模块.筹办.ixx:1815;任务模块.筹办.ixx:1923;任务模块.筹办.ixx:1967
yes	注册	注册	度量模板注册表类.ixx:100	83	注册方法、模板、对象或运行入口。		度量模板注册表类.ixx:100;本能动作管理类.ixx:588;自我动作实现.内部模块.ixx:148;自我动作实现.内部模块.ixx:151;自我动作实现.内部模块.ixx:154;自我动作实现.内部模块.ixx:157;自我动作实现.内部模块.ixx:160;自我动作实现.内部模块.ixx:163;自我动作实现.内部模块.ixx:166;自我动作实现.内部模块.ixx:169;自我动作实现.内部模块.ixx:172;自我动作实现.内部模块.ixx:175
yes	点	点	基础数据类型.h:39	83	按函数名执行对应处理。	header_definition	二次特征类.cpp:352;二次特征类.cpp:356;基础数据类型.h:39;特征类.cpp:365;特征类.cpp:394;特征类.cpp:599;特征类.cpp:848;特征类.cpp:900;特征类.cpp:914;特征类.cpp:931;特征类.cpp:932;特征类.cpp:1227
yes	私有_二次特征阶段时间点	私有_二次特征阶段时间点	二次特征应用模块.ixx:522	88	服务所在模块的内部辅助流程。		二次特征应用模块.ixx:522;二次特征应用模块.ixx:543;二次特征应用模块.ixx:1142;二次特征应用模块.ixx:1157;二次特征应用模块.ixx:1201;二次特征应用模块.ixx:1205;二次特征应用模块.ixx:1208;二次特征应用模块.ixx:1225;二次特征应用模块.ixx:1227;二次特征应用模块.ixx:1242;二次特征应用模块.ixx:1248;二次特征应用模块.ixx:1260
yes	任务类::读取任务状态	读取任务状态	任务类.cpp:1852	88	从指定来源读取数据或状态。		任务模块.筹办.ixx:2350;任务模块.筹办.ixx:4578;任务模块.筹办.ixx:5849;任务模块.管理工作线程.ixx:387;任务模块.管理工作线程.ixx:404;任务模块.管理工作线程.ixx:604;任务模块.管理界面线程.impl.cpp:938;任务模块.管理界面线程.impl.cpp:1671;任务模块.管理界面线程.impl.cpp:1757;任务模块.管理界面线程.impl.cpp:1922;任务模块.管理界面线程.impl.cpp:2118;任务模块.管理界面线程.impl.cpp:2134
yes	记录筹办日志	记录筹办日志	任务模块.筹办.ixx:296	91	记录日志、动态、证据或运行痕迹。		任务模块.筹办.ixx:191;任务模块.筹办.ixx:235;任务模块.筹办.ixx:296;任务模块.筹办.ixx:343;任务模块.筹办.ixx:346;任务模块.筹办.ixx:654;任务模块.筹办.ixx:714;任务模块.筹办.ixx:944;任务模块.筹办.ixx:968;任务模块.筹办.ixx:1540;任务模块.筹办.ixx:1560;任务模块.筹办.ixx:1654
yes	扫描特征词	扫描特征词	自我动作实现.扫描.ixx:422	93	执行扫描相关材料获取、比较或提交逻辑。		自我动作实现.扫描.ixx:422;自我动作实现.扫描.ixx:434;自我动作实现.扫描.ixx:437;自我动作实现.扫描.ixx:440;自我动作实现.扫描.ixx:443;自我动作实现.扫描.ixx:446;自我动作实现.扫描.ixx:449;自我动作实现.扫描.ixx:452;自我动作实现.扫描.ixx:455;自我动作实现.扫描.ixx:458;自我动作实现.扫描.ixx:461;自我动作实现.扫描.ixx:464
yes	读取观察摘要I64	读取观察摘要I64	自我动作实现.外设模块.ixx:12523	94	从指定来源读取数据或状态。		自我动作实现.外设模块.ixx:12523;自我动作实现.外设模块.ixx:12544;自我动作实现.外设模块.ixx:12553;自我动作实现.外设模块.ixx:12554;自我动作实现.外设模块.ixx:12568;自我动作实现.外设模块.ixx:12571;自我动作实现.外设模块.ixx:12574;自我动作实现.外设模块.ixx:12577;自我动作实现.外设模块.ixx:12580;自我动作实现.外设模块.ixx:12583;自我动作实现.外设模块.ixx:12586;自我动作实现.外设模块.ixx:12591
yes	取本能动作集	取本能动作集	本能动作管理类.ixx:978	96	按函数名执行对应处理。		任务模块.执行.ixx:598;任务模块.执行.ixx:1306;动作线程类.ixx:177;动作线程类.ixx:189;动作线程类.ixx:210;本能动作管理类.ixx:978;自我动作实现.内部模块.ixx:148;自我动作实现.内部模块.ixx:151;自我动作实现.内部模块.ixx:154;自我动作实现.内部模块.ixx:157;自我动作实现.内部模块.ixx:160;自我动作实现.内部模块.ixx:163
yes	clear	clear	基础信息主信息类.h:179	104	按函数名执行对应处理。	header_definition	D455相机类.cpp:170;D455相机类.cpp:280;D455相机类.cpp:281;D455相机类.cpp:476;D455相机类.cpp:495;D455相机类.cpp:496;D455相机类.cpp:681;世界树类.cpp:3680;世界树类.cpp:3693;二次特征类.cpp:269;二次特征类.cpp:270;二次特征类.cpp:497
yes	私有_需求动作动态特征词	私有_需求动作动态特征词	自我线程模块.impl.cpp:6244	105	服务所在模块的内部辅助流程。		自我线程模块.impl.cpp:1007;自我线程模块.impl.cpp:1427;自我线程模块.impl.cpp:1434;自我线程模块.impl.cpp:1444;自我线程模块.impl.cpp:1449;自我线程模块.impl.cpp:1454;自我线程模块.impl.cpp:1459;自我线程模块.impl.cpp:2030;自我线程模块.impl.cpp:2042;自我线程模块.impl.cpp:2525;自我线程模块.impl.cpp:3182;自我线程模块.impl.cpp:3197
yes	布尔文本_是或否	布尔文本_是或否	全局共享函数类.ixx:888	130	将布尔值格式化为中文显示文本。		全局共享函数类.ixx:888;控制面板类.cpp:2480;控制面板类.cpp:2605;控制面板类.cpp:3860;控制面板类.cpp:3862;控制面板类.cpp:6389;控制面板类.cpp:6390;控制面板类.cpp:6420;控制面板类.cpp:6421;控制面板类.cpp:6457;控制面板类.cpp:11017;控制面板类.cpp:11018
yes	读取I64或0	读取I64或0	自我动作实现.外设模块.ixx:13790	141	从指定来源读取数据或状态。		自我动作实现.外设模块.ixx:13790;自我动作实现.外设模块.ixx:13886;自我动作实现.外设模块.ixx:13887;自我动作实现.外设模块.ixx:13888;自我动作实现.外设模块.ixx:13889;自我动作实现.外设模块.ixx:13890;自我动作实现.外设模块.ixx:13891;自我动作实现.外设模块.ixx:13892;自我动作实现.外设模块.ixx:13893;自我动作实现.外设模块.ixx:13894;自我动作实现.外设模块.ixx:13895;自我动作实现.外设模块.ixx:13896
yes	方法类::声明条件特征	声明条件特征	方法类.cpp:2113	148	在方法条件集合中声明条件特征并记录是否必需。		方法类.cpp:2113;方法类.cpp:2141;自我动作实现.外设模块.ixx:15213;自我动作实现.外设模块.ixx:15214;自我动作实现.外设模块.ixx:15247;自我动作实现.外设模块.ixx:15248;自我动作实现.外设模块.ixx:15278;自我动作实现.外设模块.ixx:15279;自我动作实现.外设模块.ixx:15280;自我动作实现.外设模块.ixx:15281;自我动作实现.外设模块.ixx:15282;自我动作实现.外设模块.ixx:15313
yes	方法类::声明条件特征	声明条件特征	方法类.cpp:2141	148	在方法条件集合中声明必需条件特征。		方法类.cpp:2113;方法类.cpp:2141;自我动作实现.外设模块.ixx:15213;自我动作实现.外设模块.ixx:15214;自我动作实现.外设模块.ixx:15247;自我动作实现.外设模块.ixx:15248;自我动作实现.外设模块.ixx:15278;自我动作实现.外设模块.ixx:15279;自我动作实现.外设模块.ixx:15280;自我动作实现.外设模块.ixx:15281;自我动作实现.外设模块.ixx:15282;自我动作实现.外设模块.ixx:15313
yes	写入I64	写入I64	自我动作实现.外设模块.ixx:7142	151	把处理结果写入指定对象、场景或日志。		自我动作实现.外设模块.ixx:7142;自我动作实现.外设模块.ixx:8620;自我动作实现.外设模块.ixx:8621;自我动作实现.外设模块.ixx:8622;自我动作实现.外设模块.ixx:8623;自我动作实现.外设模块.ixx:8624;自我动作实现.扫描.ixx:786;自我动作实现.扫描.ixx:851;自我动作实现.扫描.ixx:1065;自我动作实现.扫描.ixx:1066;自我动作实现.扫描.ixx:1067;自我动作实现.扫描.ixx:1068
yes	写入I64	写入I64	自我动作实现.扫描.ixx:786	151	把处理结果写入指定对象、场景或日志。		自我动作实现.外设模块.ixx:7142;自我动作实现.外设模块.ixx:8620;自我动作实现.外设模块.ixx:8621;自我动作实现.外设模块.ixx:8622;自我动作实现.外设模块.ixx:8623;自我动作实现.外设模块.ixx:8624;自我动作实现.扫描.ixx:786;自我动作实现.扫描.ixx:851;自我动作实现.扫描.ixx:1065;自我动作实现.扫描.ixx:1066;自我动作实现.扫描.ixx:1067;自我动作实现.扫描.ixx:1068
yes	写入I64	写入I64	自我动作实现模块.ixx:2600	151	把处理结果写入指定对象、场景或日志。		自我动作实现.外设模块.ixx:7142;自我动作实现.外设模块.ixx:8620;自我动作实现.外设模块.ixx:8621;自我动作实现.外设模块.ixx:8622;自我动作实现.外设模块.ixx:8623;自我动作实现.外设模块.ixx:8624;自我动作实现.扫描.ixx:786;自我动作实现.扫描.ixx:851;自我动作实现.扫描.ixx:1065;自我动作实现.扫描.ixx:1066;自我动作实现.扫描.ixx:1067;自我动作实现.扫描.ixx:1068
yes	值类型_场景指针	值类型_场景指针	自我动作实现.外设模块.ixx:1284	173	按函数名执行对应处理。		自我动作实现.外设模块.ixx:1284;自我动作实现.外设模块.ixx:15210;自我动作实现.外设模块.ixx:15211;自我动作实现.外设模块.ixx:15212;自我动作实现.外设模块.ixx:15244;自我动作实现.外设模块.ixx:15245;自我动作实现.外设模块.ixx:15246;自我动作实现.外设模块.ixx:15272;自我动作实现.外设模块.ixx:15275;自我动作实现.外设模块.ixx:15276;自我动作实现.外设模块.ixx:15277;自我动作实现.外设模块.ixx:15307
yes	值类型_场景指针	值类型_场景指针	自我动作实现模块.ixx:808	173	按函数名执行对应处理。		自我动作实现.外设模块.ixx:1284;自我动作实现.外设模块.ixx:15210;自我动作实现.外设模块.ixx:15211;自我动作实现.外设模块.ixx:15212;自我动作实现.外设模块.ixx:15244;自我动作实现.外设模块.ixx:15245;自我动作实现.外设模块.ixx:15246;自我动作实现.外设模块.ixx:15272;自我动作实现.外设模块.ixx:15275;自我动作实现.外设模块.ixx:15276;自我动作实现.外设模块.ixx:15277;自我动作实现.外设模块.ixx:15307
yes	有效	有效	自我线程模块.impl.cpp:347	193	按函数名执行对应处理。		世界树类.cpp:3647;世界树类.cpp:3662;二次特征应用模块.ixx:38;二次特征应用模块.ixx:119;二次特征类.cpp:347;二次特征类.cpp:558;二次特征类.cpp:572;二次特征类.cpp:849;二次特征类.cpp:903;二次特征类.cpp:1329;二次特征类.cpp:1336;二次特征类.cpp:1355
yes	有效	有效	基础数据类型.h:1218	193	按函数名执行对应处理。	header_definition	世界树类.cpp:3647;世界树类.cpp:3662;二次特征应用模块.ixx:38;二次特征应用模块.ixx:119;二次特征类.cpp:347;二次特征类.cpp:558;二次特征类.cpp:572;二次特征类.cpp:849;二次特征类.cpp:903;二次特征类.cpp:1329;二次特征类.cpp:1336;二次特征类.cpp:1355
yes	有效	有效	基础数据类型.h:140	193	按函数名执行对应处理。	header_definition	世界树类.cpp:3647;世界树类.cpp:3662;二次特征应用模块.ixx:38;二次特征应用模块.ixx:119;二次特征类.cpp:347;二次特征类.cpp:558;二次特征类.cpp:572;二次特征类.cpp:849;二次特征类.cpp:903;二次特征类.cpp:1329;二次特征类.cpp:1336;二次特征类.cpp:1355
yes	有效	有效	基础数据类型.h:222	193	按函数名执行对应处理。	header_definition	世界树类.cpp:3647;世界树类.cpp:3662;二次特征应用模块.ixx:38;二次特征应用模块.ixx:119;二次特征类.cpp:347;二次特征类.cpp:558;二次特征类.cpp:572;二次特征类.cpp:849;二次特征类.cpp:903;二次特征类.cpp:1329;二次特征类.cpp:1336;二次特征类.cpp:1355
yes	有效	有效	基础数据类型.h:229	193	按函数名执行对应处理。	header_definition	世界树类.cpp:3647;世界树类.cpp:3662;二次特征应用模块.ixx:38;二次特征应用模块.ixx:119;二次特征类.cpp:347;二次特征类.cpp:558;二次特征类.cpp:572;二次特征类.cpp:849;二次特征类.cpp:903;二次特征类.cpp:1329;二次特征类.cpp:1336;二次特征类.cpp:1355
yes	有效	有效	基础数据类型.h:30	193	按函数名执行对应处理。	header_definition	世界树类.cpp:3647;世界树类.cpp:3662;二次特征应用模块.ixx:38;二次特征应用模块.ixx:119;二次特征类.cpp:347;二次特征类.cpp:558;二次特征类.cpp:572;二次特征类.cpp:849;二次特征类.cpp:903;二次特征类.cpp:1329;二次特征类.cpp:1336;二次特征类.cpp:1355
yes	有效	有效	方法主信息类.h:113	193	按函数名执行对应处理。	header_definition	世界树类.cpp:3647;世界树类.cpp:3662;二次特征应用模块.ixx:38;二次特征应用模块.ixx:119;二次特征类.cpp:347;二次特征类.cpp:558;二次特征类.cpp:572;二次特征类.cpp:849;二次特征类.cpp:903;二次特征类.cpp:1329;二次特征类.cpp:1336;二次特征类.cpp:1355
yes	有效	有效	特征类.h:77	193	按函数名执行对应处理。	header_definition	世界树类.cpp:3647;世界树类.cpp:3662;二次特征应用模块.ixx:38;二次特征应用模块.ixx:119;二次特征类.cpp:347;二次特征类.cpp:558;二次特征类.cpp:572;二次特征类.cpp:849;二次特征类.cpp:903;二次特征类.cpp:1329;二次特征类.cpp:1336;二次特征类.cpp:1355
yes	有效	有效	需求类.h:132	193	按函数名执行对应处理。	header_definition	世界树类.cpp:3647;世界树类.cpp:3662;二次特征应用模块.ixx:38;二次特征应用模块.ixx:119;二次特征类.cpp:347;二次特征类.cpp:558;二次特征类.cpp:572;二次特征类.cpp:849;二次特征类.cpp:903;二次特征类.cpp:1329;二次特征类.cpp:1336;二次特征类.cpp:1355
yes	有效	有效	需求类.h:167	193	按函数名执行对应处理。	header_definition	世界树类.cpp:3647;世界树类.cpp:3662;二次特征应用模块.ixx:38;二次特征应用模块.ixx:119;二次特征类.cpp:347;二次特征类.cpp:558;二次特征类.cpp:572;二次特征类.cpp:849;二次特征类.cpp:903;二次特征类.cpp:1329;二次特征类.cpp:1336;二次特征类.cpp:1355
yes	有效	有效	需求类.h:196	193	按函数名执行对应处理。	header_definition	世界树类.cpp:3647;世界树类.cpp:3662;二次特征应用模块.ixx:38;二次特征应用模块.ixx:119;二次特征类.cpp:347;二次特征类.cpp:558;二次特征类.cpp:572;二次特征类.cpp:849;二次特征类.cpp:903;二次特征类.cpp:1329;二次特征类.cpp:1336;二次特征类.cpp:1355
yes	有效	有效	需求类.h:885	193	按函数名执行对应处理。	header_definition	世界树类.cpp:3647;世界树类.cpp:3662;二次特征应用模块.ixx:38;二次特征应用模块.ixx:119;二次特征类.cpp:347;二次特征类.cpp:558;二次特征类.cpp:572;二次特征类.cpp:849;二次特征类.cpp:903;二次特征类.cpp:1329;二次特征类.cpp:1336;二次特征类.cpp:1355
yes	值_来源_输入条件包	值_来源_输入条件包	自我动作实现.外设模块.ixx:1249	202	按函数名执行对应处理。		自我动作实现.外设模块.ixx:1249;自我动作实现.外设模块.ixx:15210;自我动作实现.外设模块.ixx:15211;自我动作实现.外设模块.ixx:15212;自我动作实现.外设模块.ixx:15244;自我动作实现.外设模块.ixx:15245;自我动作实现.外设模块.ixx:15246;自我动作实现.外设模块.ixx:15272;自我动作实现.外设模块.ixx:15273;自我动作实现.外设模块.ixx:15274;自我动作实现.外设模块.ixx:15275;自我动作实现.外设模块.ixx:15276
yes	值_来源_输入条件包	值_来源_输入条件包	自我动作实现模块.ixx:773	202	按函数名执行对应处理。		自我动作实现.外设模块.ixx:1249;自我动作实现.外设模块.ixx:15210;自我动作实现.外设模块.ixx:15211;自我动作实现.外设模块.ixx:15212;自我动作实现.外设模块.ixx:15244;自我动作实现.外设模块.ixx:15245;自我动作实现.外设模块.ixx:15246;自我动作实现.外设模块.ixx:15272;自我动作实现.外设模块.ixx:15273;自我动作实现.外设模块.ixx:15274;自我动作实现.外设模块.ixx:15275;自我动作实现.外设模块.ixx:15276
yes	语素入口同一	语素入口同一	语素类.h:10	215	比较两个语素入口节点是否指向同一入口；先比较指针，指针不同再比较非空主键。	header_definition	世界树类.cpp:2484;世界树类.cpp:2527;世界树类.cpp:3784;二次特征应用模块.ixx:84;二次特征应用模块.ixx:131;二次特征应用模块.ixx:137;二次特征应用模块.ixx:994;二次特征应用模块.ixx:1659;二次特征应用模块.ixx:1836;二次特征应用模块.ixx:2140;二次特征应用模块.ixx:2144;二次特征应用模块.ixx:2667
yes	项目运行错误日志	项目运行错误日志	日志模块.ixx:591	223	执行对应模块、线程或方法的运行逻辑。		世界树类.cpp:1764;世界树类.cpp:1781;世界树类.cpp:1784;任务模块.管理工作线程.ixx:949;任务模块.管理工作线程.ixx:1206;任务模块.管理工作线程.ixx:1212;任务模块.管理工作线程.ixx:2440;任务模块.管理工作线程.ixx:2444;任务模块.管理工作线程.ixx:2455;任务模块.管理工作线程.ixx:2460;任务模块.管理界面线程.impl.cpp:816;任务模块.管理界面线程.impl.cpp:825
yes	写入基础节点指针	写入基础节点指针	自我动作实现.外设模块.ixx:7192	252	把处理结果写入指定对象、场景或日志。		自我动作实现.外设模块.ixx:7192;自我动作实现.外设模块.ixx:7751;自我动作实现.外设模块.ixx:8363;自我动作实现.外设模块.ixx:8364;自我动作实现.外设模块.ixx:8367;自我动作实现.外设模块.ixx:8378;自我动作实现.外设模块.ixx:8398;自我动作实现.外设模块.ixx:8399;自我动作实现.外设模块.ixx:8997;自我动作实现.外设模块.ixx:9061;自我动作实现.外设模块.ixx:13694;自我动作实现.外设模块.ixx:13695
yes	写入基础节点指针	写入基础节点指针	自我动作实现模块.ixx:2650	252	把处理结果写入指定对象、场景或日志。		自我动作实现.外设模块.ixx:7192;自我动作实现.外设模块.ixx:7751;自我动作实现.外设模块.ixx:8363;自我动作实现.外设模块.ixx:8364;自我动作实现.外设模块.ixx:8367;自我动作实现.外设模块.ixx:8378;自我动作实现.外设模块.ixx:8398;自我动作实现.外设模块.ixx:8399;自我动作实现.外设模块.ixx:8997;自我动作实现.外设模块.ixx:9061;自我动作实现.外设模块.ixx:13694;自我动作实现.外设模块.ixx:13695
yes	读取基础节点I64	读取基础节点I64	自我动作实现.外设模块.ixx:7672	258	从指定来源读取数据或状态。		自我动作实现.外设模块.ixx:7672;自我动作实现.外设模块.ixx:7776;自我动作实现.外设模块.ixx:7803;自我动作实现.外设模块.ixx:7882;自我动作实现.外设模块.ixx:7885;自我动作实现.外设模块.ixx:8000;自我动作实现.外设模块.ixx:8906;自我动作实现.外设模块.ixx:8951;自我动作实现.外设模块.ixx:8952;自我动作实现.外设模块.ixx:8953;自我动作实现.外设模块.ixx:8954;自我动作实现.外设模块.ixx:8955
yes	读取基础节点I64	读取基础节点I64	自我动作实现.服务模块.ixx:1538	258	从指定来源读取数据或状态。		自我动作实现.外设模块.ixx:7672;自我动作实现.外设模块.ixx:7776;自我动作实现.外设模块.ixx:7803;自我动作实现.外设模块.ixx:7882;自我动作实现.外设模块.ixx:7885;自我动作实现.外设模块.ixx:8000;自我动作实现.外设模块.ixx:8906;自我动作实现.外设模块.ixx:8951;自我动作实现.外设模块.ixx:8952;自我动作实现.外设模块.ixx:8953;自我动作实现.外设模块.ixx:8954;自我动作实现.外设模块.ixx:8955
yes	读取基础节点I64	读取基础节点I64	自我动作实现模块.ixx:2708	258	从指定来源读取数据或状态。		自我动作实现.外设模块.ixx:7672;自我动作实现.外设模块.ixx:7776;自我动作实现.外设模块.ixx:7803;自我动作实现.外设模块.ixx:7882;自我动作实现.外设模块.ixx:7885;自我动作实现.外设模块.ixx:8000;自我动作实现.外设模块.ixx:8906;自我动作实现.外设模块.ixx:8951;自我动作实现.外设模块.ixx:8952;自我动作实现.外设模块.ixx:8953;自我动作实现.外设模块.ixx:8954;自我动作实现.外设模块.ixx:8955
yes	私有_追加叶字段	私有_追加叶字段	控制面板类.cpp:2439	286	服务所在模块的内部辅助流程。		控制面板类.cpp:2439;控制面板类.cpp:2448;控制面板类.cpp:2453;控制面板类.cpp:2457;控制面板类.cpp:2466;控制面板类.cpp:2475;控制面板类.cpp:2485;控制面板类.cpp:2497;控制面板类.cpp:2498;控制面板类.cpp:2499;控制面板类.cpp:4552;控制面板类.cpp:4553
yes	私有_追加叶字段	私有_追加叶字段	控制面板类.cpp:2448	286	服务所在模块的内部辅助流程。		控制面板类.cpp:2439;控制面板类.cpp:2448;控制面板类.cpp:2453;控制面板类.cpp:2457;控制面板类.cpp:2466;控制面板类.cpp:2475;控制面板类.cpp:2485;控制面板类.cpp:2497;控制面板类.cpp:2498;控制面板类.cpp:2499;控制面板类.cpp:4552;控制面板类.cpp:4553
yes	私有_追加叶字段	私有_追加叶字段	控制面板类.cpp:2457	286	服务所在模块的内部辅助流程。		控制面板类.cpp:2439;控制面板类.cpp:2448;控制面板类.cpp:2453;控制面板类.cpp:2457;控制面板类.cpp:2466;控制面板类.cpp:2475;控制面板类.cpp:2485;控制面板类.cpp:2497;控制面板类.cpp:2498;控制面板类.cpp:2499;控制面板类.cpp:4552;控制面板类.cpp:4553
yes	私有_追加叶字段	私有_追加叶字段	控制面板类.cpp:2466	286	服务所在模块的内部辅助流程。		控制面板类.cpp:2439;控制面板类.cpp:2448;控制面板类.cpp:2453;控制面板类.cpp:2457;控制面板类.cpp:2466;控制面板类.cpp:2475;控制面板类.cpp:2485;控制面板类.cpp:2497;控制面板类.cpp:2498;控制面板类.cpp:2499;控制面板类.cpp:4552;控制面板类.cpp:4553
yes	私有_追加叶字段	私有_追加叶字段	控制面板类.cpp:2475	286	服务所在模块的内部辅助流程。		控制面板类.cpp:2439;控制面板类.cpp:2448;控制面板类.cpp:2453;控制面板类.cpp:2457;控制面板类.cpp:2466;控制面板类.cpp:2475;控制面板类.cpp:2485;控制面板类.cpp:2497;控制面板类.cpp:2498;控制面板类.cpp:2499;控制面板类.cpp:4552;控制面板类.cpp:4553
yes	当前_微秒	当前_微秒	基础数据类型.h:529	389	当前时间戳（微秒）	header_definition	D455相机类.cpp:136;世界树类.cpp:3793;世界树类.h:159;世界树类.h:385;世界树类.h:386;世界树类.h:394;世界树类.h:557;世界树类.h:558;世界树类.h:563;世界树类.h:565;世界树类.h:570;世界树类.h:576
yes	项目运行日志	项目运行日志	日志模块.ixx:571	529	执行对应模块、线程或方法的运行逻辑。		世界树类.cpp:1772;二次特征应用模块.ixx:1196;二次特征应用模块.ixx:1291;二次特征应用模块.ixx:1429;二次特征应用模块.ixx:1484;二次特征应用模块.ixx:1510;二次特征应用模块.ixx:1564;二次特征应用模块.ixx:3324;二次特征类.cpp:688;二次特征类.cpp:1041;二次特征类.cpp:1420;二次特征类.cpp:1568
yes	取或创建子特征	取或创建子特征	自我动作实现.外设模块.ixx:7662	791	创建并返回或登记对应对象。		自我动作实现.外设模块.ixx:7662;自我动作实现.外设模块.ixx:8342;自我动作实现.外设模块.ixx:8357;自我动作实现.外设模块.ixx:15217;自我动作实现.外设模块.ixx:15218;自我动作实现.外设模块.ixx:15219;自我动作实现.外设模块.ixx:15220;自我动作实现.外设模块.ixx:15221;自我动作实现.外设模块.ixx:15222;自我动作实现.外设模块.ixx:15223;自我动作实现.外设模块.ixx:15251;自我动作实现.外设模块.ixx:15252
yes	取或创建子特征	取或创建子特征	自我动作实现模块.ixx:2698	791	创建并返回或登记对应对象。		自我动作实现.外设模块.ixx:7662;自我动作实现.外设模块.ixx:8342;自我动作实现.外设模块.ixx:8357;自我动作实现.外设模块.ixx:15217;自我动作实现.外设模块.ixx:15218;自我动作实现.外设模块.ixx:15219;自我动作实现.外设模块.ixx:15220;自我动作实现.外设模块.ixx:15221;自我动作实现.外设模块.ixx:15222;自我动作实现.外设模块.ixx:15223;自我动作实现.外设模块.ixx:15251;自我动作实现.外设模块.ixx:15252
yes	写入基础节点I64	写入基础节点I64	自我动作实现.外设模块.ixx:7205	1150	把处理结果写入指定对象、场景或日志。		自我动作实现.外设模块.ixx:7205;自我动作实现.外设模块.ixx:7229;自我动作实现.外设模块.ixx:7240;自我动作实现.外设模块.ixx:7396;自我动作实现.外设模块.ixx:7415;自我动作实现.外设模块.ixx:7916;自我动作实现.外设模块.ixx:8101;自我动作实现.外设模块.ixx:8365;自我动作实现.外设模块.ixx:8978;自我动作实现.外设模块.ixx:8979;自我动作实现.外设模块.ixx:8980;自我动作实现.外设模块.ixx:8981
yes	写入基础节点I64	写入基础节点I64	自我动作实现模块.ixx:2663	1150	把处理结果写入指定对象、场景或日志。		自我动作实现.外设模块.ixx:7205;自我动作实现.外设模块.ixx:7229;自我动作实现.外设模块.ixx:7240;自我动作实现.外设模块.ixx:7396;自我动作实现.外设模块.ixx:7415;自我动作实现.外设模块.ixx:7916;自我动作实现.外设模块.ixx:8101;自我动作实现.外设模块.ixx:8365;自我动作实现.外设模块.ixx:8978;自我动作实现.外设模块.ixx:8979;自我动作实现.外设模块.ixx:8980;自我动作实现.外设模块.ixx:8981
yes	获取主键	获取主键	双向链表模板核心.h:244	1188	读取并返回指定对象、状态或运行材料。	header_definition	世界树类.cpp:277;世界树类.cpp:286;世界树类.cpp:371;世界树类.cpp:381;世界树类.cpp:443;世界树类.cpp:621;世界树类.cpp:1813;世界树类.cpp:1815;二次特征应用模块.ixx:32;二次特征应用模块.ixx:349;二次特征应用模块.ixx:350;二次特征应用模块.ixx:350
yes	获取主键	获取主键	双向链表模板核心.h:54	1188	读取并返回指定对象、状态或运行材料。	header_definition	世界树类.cpp:277;世界树类.cpp:286;世界树类.cpp:371;世界树类.cpp:381;世界树类.cpp:443;世界树类.cpp:621;世界树类.cpp:1813;世界树类.cpp:1815;二次特征应用模块.ixx:32;二次特征应用模块.ixx:349;二次特征应用模块.ixx:350;二次特征应用模块.ixx:350
