"函数名"	"条目数"	"定义数"	"声明数"	"功能签名数"	"功能签名摘要"	"迁移归属建议"	"原始签名摘要"	"初步判定"
"比较"	"23"	"23"	"0"	"6"	"10x 类别=比较;输入=有自定义类型;输出=整数/时间;副作用=无明显副作用;领域=基础信息;约束=override || 5x 类别=比较;输入=有自定义类型;输出=整数/时间;副作用=无明显副作用;领域=语素;约束=override || 2x 类别=比较;输入=有自定义类型;输出=整数/时间;副作用=无明显副作用;领域=任务;约束=无显式约束 || 2x 类别=比较;输入=有自定义类型;输出=整数/时间;副作用=无明显副作用;领域=方法;约束=无显式约束"	"10x 专用类/对应头文件：基础信息 || 5x 专用类/对应头文件：语素 || 2x 专用类/对应头文件：任务 || 2x 专用类/对应头文件：方法"	"任务主信息类.h:80: std::int64_t 比较(const 任务主信息类* 对象, 枚举_比较字段 字段) const || 任务主信息类.h:85: std::int64_t 比较(const 任务主信息类& 对象, 枚举_比较字段 字段) const || 基础信息主信息类.h:178: std::int64_t 比较(基础信息基类* 对象, 枚举_比较字段 字段) const override || 基础信息主信息类.h:316: std::int64_t 比较(基础信息基类* 对象, 枚举_比较字段) const override || 基础信息主信息类.h:397: std::int64_t 比较(基础信息基类* 对象, 枚举_比较字段) const override"	"同名不同功能或约束，禁止直接合并"
"追加片段"	"23"	"0"	"23"	"4"	"12x 类别=写入;输入=无自定义类型;输出=其他;副作用=无明显副作用;领域=基础信息;约束=无显式约束 || 4x 类别=写入;输入=无自定义类型;输出=其他;副作用=无明显副作用;领域=基础信息;约束=static || 4x 类别=写入;输入=有自定义类型;输出=其他;副作用=无明显副作用;领域=基础信息;约束=无显式约束 || 3x 类别=写入;输入=有自定义类型;输出=其他;副作用=无明显副作用;领域=基础信息;约束=static"	"23x 专用类/对应头文件：基础信息"	"基础信息主信息类.h:989: 追加片段(std::to_string(static_cast<int>(域))) || 基础信息主信息类.h:990: 追加片段(std::to_string(static_cast<int>(种类))) || 基础信息主信息类.h:991: 追加片段(std::to_string(static_cast<int>(粒度))) || 基础信息主信息类.h:992: 追加片段(std::to_string(static_cast<int>(基准类型))) || 基础信息主信息类.h:993: 追加片段(std::to_string(static_cast<int>(时间归一方式)))"	"同名不同功能或约束，禁止直接合并"
"有效"	"21"	"21"	"0"	"8"	"9x 类别=校验;输入=无自定义类型;输出=bool;副作用=无明显副作用;领域=全局通用候选;约束=noexcept || 4x 类别=校验;输入=无自定义类型;输出=bool;副作用=无明显副作用;领域=需求;约束=noexcept || 2x 类别=校验;输入=无自定义类型;输出=bool;副作用=无明显副作用;领域=基础信息;约束=noexcept || 2x 类别=校验;输入=无自定义类型;输出=bool;副作用=无明显副作用;领域=全局通用候选;约束=inline"	"12x 全局共享函数类.ixx候选 || 4x 专用类/对应头文件：需求 || 2x 专用类/对应头文件：基础信息 || 1x 专用类/对应头文件：方法"	"基础信息主信息类.h:246: bool 有效() const noexcept || 基础信息主信息类.h:261: bool 有效() const noexcept || 基础数据类型.h:29: constexpr bool 有效() const noexcept || 基础数据类型.h:162: bool 有效() const noexcept || 基础数据类型.h:222: bool 有效() const noexcept"	"同名不同功能或约束，禁止直接合并"
"_写POD"	"14"	"0"	"14"	"1"	"14x 类别=执行;输入=无自定义类型;输出=其他;副作用=无明显副作用;领域=全局通用候选;约束=无显式约束"	"14x 全局共享函数类.ixx候选"	"双向链表模板_序列化.inl:32: _写POD(os, n) || 双向链表模板_序列化.inl:79: _写POD(ofs, _存档魔数) || 双向链表模板_序列化.inl:80: _写POD(ofs, ver) || 双向链表模板_序列化.inl:90: _写POD(ofs, count) || 双向链表模板_序列化.inl:99: _写POD(ofs, childCnt)"	"功能签名一致，按专用归属复核"
"lk"	"14"	"0"	"14"	"2"	"7x 类别=执行;输入=无自定义类型;输出=其他;副作用=无明显副作用;领域=全局通用候选;约束=无显式约束 || 7x 类别=执行;输入=无自定义类型;输出=其他;副作用=无明显副作用;领域=特征值;约束=无显式约束"	"7x 全局共享函数类.ixx候选 || 7x 专用类/对应头文件：特征值"	"双向链表模板_序列化.inl:147: 读锁守卫 lk(链表锁) || 双向链表模板_序列化.inl:245: 写锁守卫 lk(链表锁) || 双向链表模板_深拷贝.inl:15: 读锁守卫 lk(链表锁) || 双向链表模板核心.h:373: 读锁守卫 lk(链表锁) || 双向链表模板核心.h:406: 读锁守卫 lk(链表锁)"	"同名不同功能或约束，禁止直接合并"
"匹配链键"	"11"	"11"	"0"	"1"	"11x 类别=比较;输入=无自定义类型;输出=bool;副作用=无明显副作用;领域=全局通用候选;约束=noexcept+override"	"11x 全局共享函数类.ixx候选"	"度量模板注册表类.ixx:199: [[nodiscard]] bool 匹配链键(std::string_view 链键) const noexcept override || 度量模板注册表类.ixx:221: [[nodiscard]] bool 匹配链键(std::string_view 链键) const noexcept override || 度量模板注册表类.ixx:243: [[nodiscard]] bool 匹配链键(std::string_view 链键) const noexcept override || 度量模板注册表类.ixx:255: [[nodiscard]] bool 匹配链键(std::string_view 链键) const noexcept override || 度量模板注册表类.ixx:267: [[nodiscard]] bool 匹配链键(std::string_view 链键) const noexcept override"	"功能签名一致，按专用归属复核"
"模板族"	"11"	"11"	"0"	"1"	"11x 类别=执行;输入=有自定义类型;输出=其他;副作用=无明显副作用;领域=全局通用候选;约束=noexcept+override"	"11x 原地保留/待复核"	"度量模板注册表类.ixx:193: [[nodiscard]] 枚举_模板族 模板族() const noexcept override || 度量模板注册表类.ixx:215: [[nodiscard]] 枚举_模板族 模板族() const noexcept override || 度量模板注册表类.ixx:237: [[nodiscard]] 枚举_模板族 模板族() const noexcept override || 度量模板注册表类.ixx:249: [[nodiscard]] 枚举_模板族 模板族() const noexcept override || 度量模板注册表类.ixx:261: [[nodiscard]] 枚举_模板族 模板族() const noexcept override"	"功能签名一致，按专用归属复核"
"生成链键"	"11"	"11"	"0"	"1"	"11x 类别=生成;输入=有自定义类型;输出=文本;副作用=无明显副作用;领域=全局通用候选;约束=override"	"11x 原地保留/待复核"	"度量模板注册表类.ixx:196: [[nodiscard]] std::string 生成链键(const 结构_模板参数&) const override || 度量模板注册表类.ixx:218: [[nodiscard]] std::string 生成链键(const 结构_模板参数&) const override || 度量模板注册表类.ixx:240: [[nodiscard]] std::string 生成链键(const 结构_模板参数&) const override || 度量模板注册表类.ixx:252: [[nodiscard]] std::string 生成链键(const 结构_模板参数&) const override || 度量模板注册表类.ixx:264: [[nodiscard]] std::string 生成链键(const 结构_模板参数&) const override"	"功能签名一致，按专用归属复核"
"命中比较条件"	"10"	"10"	"0"	"6"	"2x 类别=比较;输入=有自定义类型;输出=bool;副作用=无明显副作用;领域=任务;约束=无显式约束 || 2x 类别=比较;输入=有自定义类型;输出=bool;副作用=无明显副作用;领域=方法;约束=无显式约束 || 2x 类别=比较;输入=有自定义类型;输出=bool;副作用=无明显副作用;领域=特征值;约束=无显式约束 || 2x 类别=比较;输入=有自定义类型;输出=bool;副作用=无明显副作用;领域=需求;约束=无显式约束"	"2x 专用类/对应头文件：任务 || 2x 专用类/对应头文件：方法 || 2x 专用类/对应头文件：特征值 || 2x 专用类/对应头文件：需求"	"任务主信息类.h:107: bool 命中比较条件(const 任务主信息类* 对象, 枚举_比较字段 字段) const || 任务主信息类.h:112: bool 命中比较条件(const 任务主信息类& 对象, 枚举_比较字段 字段) const || 基础信息主信息类.h:155: virtual bool 命中比较条件(基础信息基类* 对象, 枚举_比较字段 字段) const || 方法主信息类.h:499: bool 命中比较条件(const 方法主信息类* 对象, 枚举_比较字段 字段) const || 方法主信息类.h:504: bool 命中比较条件(const 方法主信息类& 对象, 枚举_比较字段 字段) const"	"同名不同功能或约束，禁止直接合并"
"生成比较量"	"10"	"10"	"0"	"6"	"2x 类别=比较;输入=有自定义类型;输出=整数/时间;副作用=无明显副作用;领域=任务;约束=无显式约束 || 2x 类别=比较;输入=有自定义类型;输出=整数/时间;副作用=无明显副作用;领域=方法;约束=无显式约束 || 2x 类别=比较;输入=有自定义类型;输出=整数/时间;副作用=无明显副作用;领域=特征值;约束=无显式约束 || 2x 类别=比较;输入=有自定义类型;输出=整数/时间;副作用=无明显副作用;领域=需求;约束=无显式约束"	"2x 专用类/对应头文件：任务 || 2x 专用类/对应头文件：方法 || 2x 专用类/对应头文件：特征值 || 2x 专用类/对应头文件：需求"	"任务主信息类.h:90: std::int64_t 生成比较量(const 任务主信息类* 对象, 枚举_比较字段 字段) const || 任务主信息类.h:95: std::int64_t 生成比较量(const 任务主信息类& 对象, 枚举_比较字段 字段) const || 基础信息主信息类.h:150: virtual std::int64_t 生成比较量(基础信息基类* 对象, 枚举_比较字段 字段) const || 方法主信息类.h:474: std::int64_t 生成比较量(const 方法主信息类* 对象, 枚举_比较字段 字段) const || 方法主信息类.h:479: std::int64_t 生成比较量(const 方法主信息类& 对象, 枚举_比较字段 字段) const"	"同名不同功能或约束，禁止直接合并"
"私有_确保缓存_已加锁"	"10"	"1"	"9"	"2"	"9x 类别=未分类;输入=无自定义类型;输出=其他;副作用=无明显副作用;领域=特征值;约束=锁约束 || 1x 类别=未分类;输入=无自定义类型;输出=void;副作用=无明显副作用;领域=特征值;约束=锁约束"	"10x 专用类/对应头文件：特征值"	"特征值类.h:48: 私有_确保缓存_已加锁() || 特征值类.h:55: 私有_确保缓存_已加锁() || 特征值类.h:61: 私有_确保缓存_已加锁() || 特征值类.h:103: 私有_确保缓存_已加锁() || 特征值类.h:112: 私有_确保缓存_已加锁()"	"同名不同功能或约束，禁止直接合并"
"lock"	"9"	"0"	"9"	"1"	"9x 类别=执行;输入=无自定义类型;输出=其他;副作用=无明显副作用;领域=全局通用候选;约束=无显式约束"	"9x 全局共享函数类.ixx候选"	"双向链表模板核心.h:285: 写锁守卫 lock(链表锁) || 双向链表模板核心.h:300: 写锁守卫 lock(链表锁) || 双向链表模板核心.h:336: 写锁守卫 lock(链表锁) || 双向链表模板核心.h:351: 写锁守卫 lock(链表锁) || 双向链表模板核心.h:489: 写锁守卫 lock(链表锁)"	"功能签名一致，按专用归属复核"
"operator="	"9"	"1"	"8"	"5"	"2x 类别=执行;输入=有自定义类型;输出=指针/引用/句柄;副作用=无明显副作用;领域=世界;约束=无显式约束 || 2x 类别=执行;输入=有自定义类型;输出=指针/引用/句柄;副作用=无明显副作用;领域=基础信息;约束=无显式约束 || 2x 类别=执行;输入=有自定义类型;输出=指针/引用/句柄;副作用=无明显副作用;领域=语素;约束=无显式约束 || 2x 类别=执行;输入=有自定义类型;输出=指针/引用/句柄;副作用=无明显副作用;领域=语言;约束=无显式约束"	"2x 专用类/对应头文件：世界 || 2x 专用类/对应头文件：基础信息 || 2x 专用类/对应头文件：语素 || 2x 专用类/对应头文件：语言"	"世界树类.h:56: 世界树类& operator=(const 世界树类&) = delete || 世界树类.h:58: 世界树类& operator=(世界树类&&) = delete || 基础信息类.h:17: 基础信息类& operator=(const 基础信息类&) = delete || 基础信息类.h:19: 基础信息类& operator=(基础信息类&&) = delete || 基础数据类型.h:172: 可解析引用& operator=(T节点* 节点)"	"同名不同功能或约束，禁止直接合并"
"IsWindow"	"7"	"7"	"0"	"2"	"5x 类别=执行;输入=无自定义类型;输出=指针/引用/句柄;副作用=无明显副作用;领域=控制面板;约束=无显式约束 || 2x 类别=执行;输入=有自定义类型;输出=指针/引用/句柄;副作用=无明显副作用;领域=控制面板;约束=无显式约束"	"7x 专用类/对应头文件：控制面板"	"控制面板WebView2.cpp:1766: if (auto* 现有窗口 = 私有_相机播放窗口句柄.load() || 控制面板WebView2.cpp:1778: if (auto* 现有窗口 = 私有_相机播放窗口句柄.load() || 控制面板WebView2.cpp:1804: if (auto* 现有窗口 = 私有_自我场景窗口句柄.load() || 控制面板WebView2.cpp:1817: if (auto* 现有窗口 = 私有_自我场景窗口句柄.load() || 控制面板WebView2.cpp:1860: if (auto* 现有窗口 = 私有_窗口句柄.load()"	"同名不同功能或约束，禁止直接合并"
"基础信息_"	"7"	"7"	"0"	"6"	"2x 类别=执行;输入=有自定义类型;输出=指针/引用/句柄;副作用=无明显副作用;领域=特征;约束=noexcept || 1x 类别=执行;输入=有自定义类型;输出=指针/引用/句柄;副作用=无明显副作用;领域=动态;约束=noexcept || 1x 类别=执行;输入=有自定义类型;输出=指针/引用/句柄;副作用=无明显副作用;领域=因果;约束=noexcept || 1x 类别=执行;输入=有自定义类型;输出=指针/引用/句柄;副作用=无明显副作用;领域=场景;约束=noexcept"	"2x 专用类/对应头文件：特征 || 1x 专用类/对应头文件：动态 || 1x 专用类/对应头文件：因果 || 1x 专用类/对应头文件：场景"	"二次特征类.cpp:314: 二次特征类::二次特征类(基础信息类* 基础信息) noexcept : 基础信息_(基础信息) || 动态类.cpp:468: 动态类::动态类(基础信息类* 基础信息) noexcept : 基础信息_(基础信息) || 因果类.cpp:1088: 因果类::因果类(基础信息类* 基础信息) noexcept : 基础信息_(基础信息) || 场景类.cpp:126: 场景类::场景类(基础信息类* 基础信息) noexcept : 基础信息_(基础信息) || 存在类.cpp:143: 存在类::存在类(基础信息类* 基础信息) noexcept : 基础信息_(基础信息)"	"同名不同功能或约束，禁止直接合并"
"绑定基础信息"	"7"	"0"	"7"	"6"	"2x 类别=未分类;输入=有自定义类型;输出=void;副作用=无明显副作用;领域=特征;约束=noexcept || 1x 类别=未分类;输入=有自定义类型;输出=void;副作用=无明显副作用;领域=动态;约束=noexcept || 1x 类别=未分类;输入=有自定义类型;输出=void;副作用=无明显副作用;领域=因果;约束=noexcept || 1x 类别=未分类;输入=有自定义类型;输出=void;副作用=无明显副作用;领域=场景;约束=noexcept"	"2x 专用类/对应头文件：特征 || 1x 专用类/对应头文件：动态 || 1x 专用类/对应头文件：因果 || 1x 专用类/对应头文件：场景"	"二次特征类.h:14: void 绑定基础信息(基础信息类* 基础信息) noexcept || 动态类.h:16: void 绑定基础信息(基础信息类* 基础信息) noexcept || 因果类.h:55: void 绑定基础信息(基础信息类* 基础信息) noexcept || 场景类.h:9: void 绑定基础信息(基础信息类* 基础信息) noexcept || 存在类.h:14: void 绑定基础信息(基础信息类* 基础信息) noexcept"	"同名不同功能或约束，禁止直接合并"
"默认刻度"	"7"	"7"	"0"	"2"	"6x 类别=执行;输入=有自定义类型;输出=指针/引用/句柄;副作用=无明显副作用;领域=全局通用候选;约束=override || 1x 类别=执行;输入=有自定义类型;输出=指针/引用/句柄;副作用=无明显副作用;领域=全局通用候选;约束=virtual"	"7x 原地保留/待复核"	"度量模板注册表类.ixx:58: [[nodiscard]] virtual std::vector<结构_刻度片> 默认刻度(const 结构_模板参数& 参数) const || 度量模板注册表类.ixx:202: [[nodiscard]] std::vector<结构_刻度片> 默认刻度(const 结构_模板参数&) const override || 度量模板注册表类.ixx:224: [[nodiscard]] std::vector<结构_刻度片> 默认刻度(const 结构_模板参数&) const override || 度量模板注册表类.ixx:270: [[nodiscard]] std::vector<结构_刻度片> 默认刻度(const 结构_模板参数&) const override || 度量模板注册表类.ixx:304: [[nodiscard]] std::vector<结构_刻度片> 默认刻度(const 结构_模板参数&) const override"	"同名不同功能或约束，禁止直接合并"
"初始化"	"6"	"2"	"4"	"6"	"1x 类别=构造;输入=无自定义类型;输出=void;副作用=无明显副作用;领域=世界;约束=无显式约束 || 1x 类别=构造;输入=无自定义类型;输出=void;副作用=无明显副作用;领域=基础信息;约束=无显式约束 || 1x 类别=构造;输入=无自定义类型;输出=void;副作用=无明显副作用;领域=日志;约束=inline || 1x 类别=构造;输入=无自定义类型;输出=void;副作用=无明显副作用;领域=特征值;约束=无显式约束"	"1x 专用类/对应头文件：世界 || 1x 专用类/对应头文件：基础信息 || 1x 专用类/对应头文件：日志 || 1x 专用类/对应头文件：特征值"	"世界树类.h:60: void 初始化() || 基础信息类.h:21: void 初始化() || 日志模块.ixx:471: inline void 初始化(const 日志参数& p) || 特征值类.h:27: void 初始化() || 语素类.h:36: void 初始化()"	"同名不同功能或约束，禁止直接合并"
"删除节点_已加锁"	"6"	"2"	"4"	"3"	"4x 类别=清理;输入=有自定义类型;输出=其他;副作用=无明显副作用;领域=全局通用候选;约束=锁约束 || 1x 类别=清理;输入=有自定义类型;输出=void;副作用=无明显副作用;领域=全局通用候选;约束=锁约束 || 1x 类别=清理;输入=有自定义类型;输出=bool;副作用=无明显副作用;领域=需求;约束=noexcept+锁约束"	"5x 原地保留/待复核 || 1x 专用类/对应头文件：需求"	"双向链表模板核心.h:506: void 删除节点_已加锁(节点类* 被删除节点) || 双向链表模板核心.h:544: 删除节点_已加锁(被删除节点) || 双向链表模板核心.h:556: 删除节点_已加锁(当前) || 双向链表模板核心.h:562: 删除节点_已加锁(当前) || 双向链表模板核心.h:580: 删除节点_已加锁(根指针->链下)"	"同名不同功能或约束，禁止直接合并"
"同步运行包语义槽"	"6"	"6"	"0"	"1"	"6x 类别=更新;输入=有自定义类型;输出=void;副作用=无明显副作用;领域=任务;约束=noexcept"	"6x 专用类/对应头文件：任务"	"任务模块.运行包.impl.cpp:132: void 同步运行包语义槽(结构_线程运行包头& 包头) noexcept || 任务模块.运行包.impl.cpp:139: void 同步运行包语义槽(结构_根需求项& 根需求) noexcept || 任务模块.运行包.impl.cpp:150: void 同步运行包语义槽(结构_授权约束段& 授权约束) noexcept || 任务模块.运行包.impl.cpp:161: void 同步运行包语义槽(结构_方法沉淀候选项& 方法沉淀候选) noexcept || 任务模块.运行包.impl.cpp:168: void 同步运行包语义槽(结构_一步治理任务包& 包) noexcept"	"功能签名一致，按专用归属复核"
"私有_安全词"	"2"	"2"	"0"	"2"	"1x 类别=未分类;输入=有自定义类型;输出=文本;副作用=无明显副作用;领域=自我;约束=noexcept || 1x 类别=未分类;输入=有自定义类型;输出=文本;副作用=无明显副作用;领域=语言;约束=无显式约束"	"1x 专用类/对应头文件：自我 || 1x 专用类/对应头文件：语言"	"自我线程模块.impl.cpp:79: std::string 私有_安全词(const 语素入口节点类* 词) noexcept || 语言类_存在表达.cpp:41: std::string 私有_安全词(const 语素入口节点类* 词)"	"同名不同功能或约束，禁止直接合并"
"私有_比较入口指针"	"6"	"6"	"0"	"4"	"3x 类别=比较;输入=有自定义类型;输出=整数/时间;副作用=无明显副作用;领域=基础信息;约束=noexcept+static || 1x 类别=比较;输入=有自定义类型;输出=整数/时间;副作用=无明显副作用;领域=任务;约束=noexcept+static || 1x 类别=比较;输入=有自定义类型;输出=整数/时间;副作用=无明显副作用;领域=方法;约束=noexcept+static || 1x 类别=比较;输入=有自定义类型;输出=整数/时间;副作用=无明显副作用;领域=需求;约束=noexcept+static"	"3x 专用类/对应头文件：基础信息 || 1x 专用类/对应头文件：任务 || 1x 专用类/对应头文件：方法 || 1x 专用类/对应头文件：需求"	"任务主信息类.h:118: static std::int64_t 私有_比较入口指针(const 语素入口节点类* 左, const 语素入口节点类* 右) noexcept || 基础信息主信息类.h:195: static std::int64_t 私有_比较入口指针(const 语素入口节点类* 左, const 语素入口节点类* 右) noexcept || 基础信息主信息类.h:507: static std::int64_t 私有_比较入口指针(const 语素入口节点类* 左, const 语素入口节点类* 右) noexcept || 基础信息主信息类.h:559: static std::int64_t 私有_比较入口指针(const 语素入口节点类* 左, const 语素入口节点类* 右) noexcept || 方法主信息类.h:518: static std::int64_t 私有_比较入口指针(const 语素入口节点类* 左, const 语素入口节点类* 右) noexcept"	"同名不同功能或约束，禁止直接合并"
"从状态补齐目标主体和特征缓存_已加锁"	"5"	"1"	"4"	"2"	"4x 类别=未分类;输入=有自定义类型;输出=其他;副作用=无明显副作用;领域=需求;约束=锁约束 || 1x 类别=未分类;输入=有自定义类型;输出=void;副作用=无明显副作用;领域=需求;约束=noexcept+static+锁约束"	"5x 专用类/对应头文件：需求"	"需求类.h:948: 从状态补齐目标主体和特征缓存_已加锁(当前子节点->主信息) || 需求类.h:970: static void 从状态补齐目标主体和特征缓存_已加锁(需求主信息类& 主信息) noexcept || 需求类.h:1099: 从状态补齐目标主体和特征缓存_已加锁(主信息) || 需求类.h:1101: 从状态补齐目标主体和特征缓存_已加锁(父需求->主信息) || 需求类.h:1241: 从状态补齐目标主体和特征缓存_已加锁(目标需求->主信息)"	"同名不同功能或约束，禁止直接合并"
"刷新需求及祖先结构角色"	"5"	"1"	"4"	"2"	"4x 类别=执行;输入=有自定义类型;输出=其他;副作用=无明显副作用;领域=需求;约束=无显式约束 || 1x 类别=执行;输入=有自定义类型;输出=void;副作用=无明显副作用;领域=需求;约束=noexcept+static"	"5x 专用类/对应头文件：需求"	"需求类.h:529: static void 刷新需求及祖先结构角色(节点类* 需求) noexcept || 需求类.h:1162: 刷新需求及祖先结构角色(目标需求) || 需求类.h:1164: 刷新需求及祖先结构角色(父需求) || 需求类.h:1246: 刷新需求及祖先结构角色(目标需求) || 需求类.h:1259: 刷新需求及祖先结构角色(父需求)"	"同名不同功能或约束，禁止直接合并"
"场景等价_条件结果对归并"	"5"	"5"	"0"	"4"	"2x 类别=执行;输入=有自定义类型;输出=指针/引用/句柄;副作用=无明显副作用;领域=自我;约束=无显式约束 || 1x 类别=执行;输入=有自定义类型;输出=bool;副作用=无明显副作用;领域=外设;约束=noexcept+inline || 1x 类别=执行;输入=有自定义类型;输出=指针/引用/句柄;副作用=无明显副作用;领域=外设;约束=无显式约束 || 1x 类别=执行;输入=有自定义类型;输出=bool;副作用=无明显副作用;领域=自我;约束=noexcept+inline"	"3x 专用类/对应头文件：自我 || 2x 专用类/对应头文件：外设"	"自我动作实现.外设模块.ixx:8798: inline bool 场景等价_条件结果对归并( const 场景节点类* 左, const 场景节点类* 右) noexcept || 自我动作实现.外设模块.ixx:8841: 条件信息 && 场景等价_条件结果对归并(条件信息->条件场景.指针, 条件场景)) || 自我动作实现模块.ixx:3402: inline bool 场景等价_条件结果对归并( const 场景节点类* 左, const 场景节点类* 右) noexcept || 自我动作实现模块.ixx:3499: 条件信息 && 场景等价_条件结果对归并(条件信息->条件场景.指针, 条件场景)) || 自我动作实现模块.ixx:3748: 结果信息 && 场景等价_条件结果对归并(结果信息->结果场景.指针, 结果场景))"	"同名不同功能或约束，禁止直接合并"
"校验参数"	"5"	"5"	"0"	"2"	"4x 类别=执行;输入=有自定义类型;输出=void;副作用=无明显副作用;领域=全局通用候选;约束=override || 1x 类别=执行;输入=有自定义类型;输出=void;副作用=无明显副作用;领域=全局通用候选;约束=virtual"	"5x 原地保留/待复核"	"度量模板注册表类.ixx:65: virtual void 校验参数(const 结构_模板参数& 参数) const || 度量模板注册表类.ixx:320: void 校验参数(const 结构_模板参数& 参数) const override || 度量模板注册表类.ixx:356: void 校验参数(const 结构_模板参数& 参数) const override || 度量模板注册表类.ixx:382: void 校验参数(const 结构_模板参数& 参数) const override || 度量模板注册表类.ixx:419: void 校验参数(const 结构_模板参数& 参数) const override"	"同名不同功能或约束，禁止直接合并"
"私有_解析状态引用"	"5"	"5"	"0"	"5"	"1x 类别=解析;输入=有自定义类型;输出=指针/引用/句柄;副作用=无明显副作用;领域=任务;约束=noexcept || 1x 类别=解析;输入=有自定义类型;输出=指针/引用/句柄;副作用=无明显副作用;领域=动态;约束=无显式约束 || 1x 类别=解析;输入=有自定义类型;输出=指针/引用/句柄;副作用=无明显副作用;领域=方法;约束=noexcept || 1x 类别=解析;输入=有自定义类型;输出=指针/引用/句柄;副作用=无明显副作用;领域=全局通用候选;约束=无显式约束"	"1x 专用类/对应头文件：任务 || 1x 专用类/对应头文件：动态 || 1x 专用类/对应头文件：方法 || 1x 原地保留/待复核"	"任务类.cpp:202: 状态节点类* 私有_解析状态引用( const 可解析引用<状态节点类>& 引用) noexcept || 动态类.cpp:353: 状态节点类* 私有_解析状态引用(基础信息类* 基础信息, const 可解析引用<状态节点类>& 引用) || 方法类.cpp:508: 状态节点类* 私有_解析状态引用(const 可解析引用<状态节点类>& 引用) noexcept || 状态类.cpp:76: 状态节点类* 私有_解析状态引用(基础信息类* 基础信息, const 可解析引用<状态节点类>& 引用) || 需求类.cpp:347: 状态节点类* 私有_解析状态引用(const 可解析引用<状态节点类>& 引用) noexcept"	"同名不同功能或约束，禁止直接合并"
"私有_追加叶字段"	"5"	"5"	"0"	"2"	"4x 类别=写入;输入=有自定义类型;输出=void;副作用=无明显副作用;领域=控制面板;约束=无显式约束 || 1x 类别=写入;输入=有自定义类型;输出=bool;副作用=无明显副作用;领域=控制面板;约束=无显式约束"	"5x 专用类/对应头文件：控制面板"	"控制面板类.cpp:2581: void 私有_追加叶字段( 结构_控制面板树节点& 父节点, const std::string& 名称, const std::string& 值) || 控制面板类.cpp:2590: void 私有_追加叶字段( 结构_控制面板树节点& 父节点, const std::string& 名称, const char* 值) || 控制面板类.cpp:2599: void 私有_追加叶字段( 结构_控制面板树节点& 父节点, const std::string& 名称, const std::int64_t 值) || 控制面板类.cpp:2608: void 私有_追加叶字段( 结构_控制面板树节点& 父节点, const std::string& 名称, const std::uint64_t 值) || 控制面板类.cpp:2617: void 私有_追加叶字段( 结构_控制面板树节点& 父节点, const std::string& 名称, const bool 值)"	"同名不同功能或约束，禁止直接合并"
"绑定"	"5"	"2"	"3"	"4"	"2x 类别=未分类;输入=有自定义类型;输出=void;副作用=无明显副作用;领域=全局通用候选;约束=无显式约束 || 1x 类别=解析;输入=有自定义类型;输出=指针/引用/句柄;副作用=无明显副作用;领域=全局通用候选;约束=无显式约束 || 1x 类别=解析;输入=有自定义类型;输出=文本;副作用=无明显副作用;领域=全局通用候选;约束=无显式约束 || 1x 类别=未分类;输入=有自定义类型;输出=其他;副作用=无明显副作用;领域=全局通用候选;约束=无显式约束"	"5x 原地保留/待复核"	"基础数据类型.h:156: 可解析引用(T节点* 节点) || 基础数据类型.h:159: 可解析引用(T节点* 节点, const std::string& 主键值) || 基础数据类型.h:174: 绑定(节点) || 基础数据类型.h:179: void 绑定(T节点* 节点) || 基础数据类型.h:186: void 绑定(T节点* 节点, const std::string& 主键值)"	"同名不同功能或约束，禁止直接合并"
"刷新子需求权重_已加锁"	"4"	"1"	"3"	"2"	"3x 类别=执行;输入=有自定义类型;输出=其他;副作用=无明显副作用;领域=需求;约束=锁约束 || 1x 类别=执行;输入=有自定义类型;输出=整数/时间;副作用=无明显副作用;领域=需求;约束=noexcept+锁约束"	"4x 专用类/对应头文件：需求"	"需求类.h:1159: (void)刷新子需求权重_已加锁(父需求) || 需求类.h:1245: (void)刷新子需求权重_已加锁(目标需求) || 需求类.h:1258: (void)刷新子需求权重_已加锁(父需求) || 需求类.h:1270: std::size_t 刷新子需求权重_已加锁(节点类* 父需求) noexcept"	"同名不同功能或约束，禁止直接合并"
"声明条件特征"	"4"	"4"	"0"	"2"	"2x 类别=执行;输入=有自定义类型;输出=bool;副作用=无明显副作用;领域=外设;约束=noexcept+inline || 2x 类别=执行;输入=有自定义类型;输出=bool;副作用=无明显副作用;领域=自我;约束=noexcept+inline"	"2x 专用类/对应头文件：外设 || 2x 专用类/对应头文件：自我"	"自我动作实现.外设模块.ixx:8693: inline bool 声明条件特征( 方法类::节点类* 方法首节点, const 语素入口节点类* 特征类型, bool 是否必需, 时间戳 now) noexcept || 自我动作实现.外设模块.ixx:8721: inline bool 声明条件特征( 方法类::节点类* 方法首节点, const 语素入口节点类* 特征类型, 时间戳 now) noexcept || 自我动作实现模块.ixx:3234: inline bool 声明条件特征( 方法类::节点类* 方法首节点, const 语素入口节点类* 特征类型, bool 是否必需, 时间戳 now) noexcept || 自我动作实现模块.ixx:3262: inline bool 声明条件特征( 方法类::节点类* 方法首节点, const 语素入口节点类* 特征类型, 时间戳 now) noexcept"	"同名不同功能或约束，禁止直接合并"
"添加词性词"	"4"	"0"	"4"	"3"	"2x 类别=执行;输入=有自定义类型;输出=文本;副作用=无明显副作用;领域=语素;约束=无显式约束 || 1x 类别=构造;输入=有自定义类型;输出=指针/引用/句柄;副作用=无明显副作用;领域=语素;约束=无显式约束 || 1x 类别=执行;输入=有自定义类型;输出=指针/引用/句柄;副作用=无明显副作用;领域=语素;约束=无显式约束"	"4x 专用类/对应头文件：语素"	"语素类.h:51: 语素入口节点类* 添加词性词(词节点类* 词节点, 枚举_词性 词性) || 语素类.h:52: 语素入口节点类* 添加词性词(const std::string& 词值, 枚举_词性 词性) || 语素类.h:53: 语素入口节点类* 添加词性词(const std::string& 词值, const std::string& 词性值) || 语素类.h:54: 语素入口节点类* 添加词性词(结构体_分词 词信息)"	"同名不同功能或约束，禁止直接合并"
"清空"	"4"	"4"	"0"	"2"	"2x 类别=清理;输入=无自定义类型;输出=void;副作用=无明显副作用;领域=全局通用候选;约束=noexcept || 2x 类别=清理;输入=无自定义类型;输出=void;副作用=无明显副作用;领域=全局通用候选;约束=inline"	"4x 全局共享函数类.ixx候选"	"基础数据类型.h:195: void 清空() noexcept || 基础数据类型.h:238: void 清空() noexcept || 基础数据类型.h:1360: inline void 清空() || 基础数据类型.h:1375: inline void 清空()"	"同名不同功能或约束，禁止直接合并"
"特征_方法状态"	"4"	"4"	"0"	"4"	"1x 类别=执行;输入=有自定义类型;输出=指针/引用/句柄;副作用=无明显副作用;领域=外设;约束=noexcept+inline || 1x 类别=执行;输入=有自定义类型;输出=其他;副作用=无明显副作用;领域=外设;约束=无显式约束 || 1x 类别=执行;输入=有自定义类型;输出=指针/引用/句柄;副作用=无明显副作用;领域=自我;约束=noexcept+inline || 1x 类别=执行;输入=有自定义类型;输出=其他;副作用=无明显副作用;领域=自我;约束=无显式约束"	"2x 专用类/对应头文件：外设 || 2x 专用类/对应头文件：自我"	"自我动作实现.外设模块.ixx:5812: inline const 语素入口节点类* 特征_方法状态() noexcept || 自我动作实现.外设模块.ixx:8343: 写入目标方法特征派生需求( 当前本能方法, 目标方法, 特征_方法状态(), 特征值 || 自我动作实现模块.ixx:2064: inline const 语素入口节点类* 特征_方法状态() noexcept || 自我动作实现模块.ixx:2980: 写入目标方法特征派生需求( 当前本能方法, 目标方法, 特征_方法状态(), 特征值"	"同名不同功能或约束，禁止直接合并"
"特征_目标宿主"	"4"	"4"	"0"	"3"	"2x 类别=执行;输入=有自定义类型;输出=指针/引用/句柄;副作用=无明显副作用;领域=自我;约束=noexcept+inline || 1x 类别=执行;输入=有自定义类型;输出=指针/引用/句柄;副作用=无明显副作用;领域=任务;约束=noexcept || 1x 类别=执行;输入=有自定义类型;输出=指针/引用/句柄;副作用=无明显副作用;领域=外设;约束=noexcept+inline"	"2x 专用类/对应头文件：自我 || 1x 专用类/对应头文件：任务 || 1x 专用类/对应头文件：外设"	"任务模块.筹办.ixx:4396: const 语素入口节点类* 特征_目标宿主() noexcept || 自我动作实现.外设模块.ixx:2152: inline const 语素入口节点类* 特征_目标宿主() noexcept || 自我动作实现.服务模块.ixx:173: inline const 语素入口节点类* 特征_目标宿主() noexcept || 自我动作实现模块.ixx:1645: inline const 语素入口节点类* 特征_目标宿主() noexcept"	"同名不同功能或约束，禁止直接合并"
"特征_目标特征类型"	"4"	"4"	"0"	"3"	"2x 类别=执行;输入=有自定义类型;输出=指针/引用/句柄;副作用=无明显副作用;领域=自我;约束=noexcept+inline || 1x 类别=执行;输入=有自定义类型;输出=指针/引用/句柄;副作用=无明显副作用;领域=任务;约束=noexcept || 1x 类别=执行;输入=有自定义类型;输出=指针/引用/句柄;副作用=无明显副作用;领域=外设;约束=noexcept+inline"	"2x 专用类/对应头文件：自我 || 1x 专用类/对应头文件：任务 || 1x 专用类/对应头文件：外设"	"任务模块.筹办.ixx:4389: const 语素入口节点类* 特征_目标特征类型() noexcept || 自我动作实现.外设模块.ixx:1085: inline const 语素入口节点类* 特征_目标特征类型() noexcept || 自我动作实现.服务模块.ixx:181: inline const 语素入口节点类* 特征_目标特征类型() noexcept || 自我动作实现模块.ixx:571: inline const 语素入口节点类* 特征_目标特征类型() noexcept"	"同名不同功能或约束，禁止直接合并"
"特征_输入条件包"	"4"	"4"	"0"	"3"	"2x 类别=执行;输入=有自定义类型;输出=指针/引用/句柄;副作用=无明显副作用;领域=自我;约束=noexcept+inline || 1x 类别=执行;输入=有自定义类型;输出=指针/引用/句柄;副作用=无明显副作用;领域=任务;约束=noexcept || 1x 类别=执行;输入=有自定义类型;输出=指针/引用/句柄;副作用=无明显副作用;领域=外设;约束=noexcept+inline"	"2x 专用类/对应头文件：自我 || 1x 专用类/对应头文件：任务 || 1x 专用类/对应头文件：外设"	"任务模块.筹办.ixx:4368: const 语素入口节点类* 特征_输入条件包() noexcept || 自我动作实现.外设模块.ixx:714: inline const 语素入口节点类* 特征_输入条件包() noexcept || 自我动作实现.服务模块.ixx:37: inline const 语素入口节点类* 特征_输入条件包() noexcept || 自我动作实现模块.ixx:117: inline const 语素入口节点类* 特征_输入条件包() noexcept"	"同名不同功能或约束，禁止直接合并"
"特征_输出结果场景"	"4"	"4"	"0"	"2"	"3x 类别=执行;输入=有自定义类型;输出=指针/引用/句柄;副作用=无明显副作用;领域=自我;约束=noexcept+inline || 1x 类别=执行;输入=有自定义类型;输出=指针/引用/句柄;副作用=无明显副作用;领域=外设;约束=noexcept+inline"	"3x 专用类/对应头文件：自我 || 1x 专用类/对应头文件：外设"	"自我动作实现.外设模块.ixx:1573: inline const 语素入口节点类* 特征_输出结果场景() noexcept || 自我动作实现.扫描.ixx:464: inline const 语素入口节点类* 特征_输出结果场景() noexcept || 自我动作实现.服务模块.ixx:213: inline const 语素入口节点类* 特征_输出结果场景() noexcept || 自我动作实现模块.ixx:1066: inline const 语素入口节点类* 特征_输出结果场景() noexcept"	"同名不同功能或约束，禁止直接合并"
"私有_归一到任务头结点"	"4"	"4"	"0"	"2"	"3x 类别=未分类;输入=有自定义类型;输出=指针/引用/句柄;副作用=无明显副作用;领域=自我;约束=noexcept || 1x 类别=未分类;输入=有自定义类型;输出=指针/引用/句柄;副作用=无明显副作用;领域=任务;约束=noexcept"	"3x 专用类/对应头文件：自我 || 1x 专用类/对应头文件：任务"	"任务类.cpp:256: 任务节点* 私有_归一到任务头结点(任务节点* 节点) noexcept || 自我类.cpp:275: 任务节点* 私有_归一到任务头结点(任务节点* 节点) noexcept || 自我类.初始化.cpp:165: 任务节点* 私有_归一到任务头结点(任务节点* 节点) noexcept || 自我线程模块.impl.cpp:3499: 任务节点* 私有_归一到任务头结点(任务节点* 节点) noexcept"	"同名不同功能或约束，禁止直接合并"
"私有_特征_任务状态"	"4"	"4"	"0"	"3"	"2x 类别=未分类;输入=有自定义类型;输出=指针/引用/句柄;副作用=无明显副作用;领域=任务;约束=noexcept || 1x 类别=未分类;输入=有自定义类型;输出=指针/引用/句柄;副作用=无明显副作用;领域=自我;约束=noexcept || 1x 类别=未分类;输入=有自定义类型;输出=其他;副作用=无明显副作用;领域=自我;约束=无显式约束"	"2x 专用类/对应头文件：任务 || 2x 专用类/对应头文件：自我"	"任务模块.管理工作线程.ixx:270: const 语素入口节点类* 私有_特征_任务状态() noexcept || 任务类.cpp:367: const 语素入口节点类* 私有_特征_任务状态() noexcept || 自我类.初始化.cpp:793: const 语素入口节点类* 私有_特征_任务状态() noexcept || 自我类.初始化.cpp:959: (void)任务类::记录任务虚拟存在特征( 宿主任务, 私有_特征_任务状态(), 特征值"	"同名不同功能或约束，禁止直接合并"
"私有_语素入口主键相等"	"4"	"4"	"0"	"3"	"2x 类别=未分类;输入=有自定义类型;输出=bool;副作用=无明显副作用;领域=特征;约束=noexcept || 1x 类别=未分类;输入=有自定义类型;输出=bool;副作用=无明显副作用;领域=方法;约束=noexcept || 1x 类别=未分类;输入=有自定义类型;输出=bool;副作用=无明显副作用;领域=需求;约束=noexcept"	"2x 专用类/对应头文件：特征 || 1x 专用类/对应头文件：方法 || 1x 专用类/对应头文件：需求"	"二次特征应用模块.ixx:705: bool 私有_语素入口主键相等(const 语素入口节点类* 左, const 语素入口节点类* 右) noexcept || 二次特征类.cpp:192: bool 私有_语素入口主键相等(const 语素入口节点类* 左, const 语素入口节点类* 右) noexcept || 方法类.cpp:36: bool 私有_语素入口主键相等(const 语素入口节点类* 左, const 语素入口节点类* 右) noexcept || 需求类.cpp:401: bool 私有_语素入口主键相等(const 语素入口节点类* 左, const 语素入口节点类* 右) noexcept"	"同名不同功能或约束，禁止直接合并"
"私有_递归释放_独立"	"4"	"1"	"3"	"3"	"2x 类别=清理;输入=无自定义类型;输出=其他;副作用=无明显副作用;领域=全局通用候选;约束=无显式约束 || 1x 类别=清理;输入=有自定义类型;输出=void;副作用=无明显副作用;领域=全局通用候选;约束=template || 1x 类别=清理;输入=有自定义类型;输出=void;副作用=无明显副作用;领域=全局通用候选;约束=static"	"2x 全局共享函数类.ixx候选 || 2x 原地保留/待复核"	"双向链表模板_深拷贝.inl:32: 私有_递归释放_独立(独立根) || 双向链表模板_深拷贝.inl:112: template<typename 主信息类型> void 链表模板<主信息类型>::私有_递归释放_独立(节点类* n) || 双向链表模板_深拷贝.inl:124: 私有_递归释放_独立(cur) || 双向链表模板核心.h:675: static void 私有_递归释放_独立(节点类* n)"	"同名不同功能或约束，禁止直接合并"
"语素类::添加词性词"	"4"	"4"	"0"	"2"	"2x 类别=执行;输入=有自定义类型;输出=指针/引用/句柄;副作用=无明显副作用;领域=语素;约束=无显式约束 || 2x 类别=执行;输入=有自定义类型;输出=文本;副作用=无明显副作用;领域=语素;约束=无显式约束"	"4x 专用类/对应头文件：语素"	"语素类.cpp:790: 语素入口节点类* 语素类::添加词性词(词节点类* 词节点, 枚举_词性 词性) || 语素类.cpp:822: 语素入口节点类* 语素类::添加词性词(const std::string& 词值, 枚举_词性 词性值) || 语素类.cpp:829: 语素入口节点类* 语素类::添加词性词(const std::string& 词值, const std::string& 词性值) || 语素类.cpp:836: 语素入口节点类* 语素类::添加词性词(结构体_分词 词信息)"	"同名不同功能或约束，禁止直接合并"
"转文本"	"4"	"4"	"0"	"1"	"4x 类别=执行;输入=有自定义类型;输出=文本;副作用=无明显副作用;领域=全局通用候选;约束=noexcept+inline"	"4x 原地保留/待复核"	"动作验证报告类.h:81: inline const char* 转文本(const 枚举_动作验证状态 状态) noexcept || 动作验证报告类.h:104: inline const char* 转文本(const 枚举_事实提交等级 等级) noexcept || 动作验证报告类.ixx:83: inline const char* 转文本(const 枚举_动作验证状态 状态) noexcept || 动作验证报告类.ixx:106: inline const char* 转文本(const 枚举_事实提交等级 等级) noexcept"	"功能签名一致，按专用归属复核"
"mi"	"3"	"0"	"3"	"1"	"3x 类别=执行;输入=有自定义类型;输出=其他;副作用=无明显副作用;领域=特征值;约束=无显式约束"	"3x 专用类/对应头文件：特征值"	"特征值类.h:104: 特征值主信息类 mi(std::move(v)) || 特征值类.h:114: 特征值主信息类 mi(std::move(v)) || 特征值类.h:164: 特征值主信息类 mi(std::move(v))"	"功能签名一致，按专用归属复核"
"operator*"	"3"	"3"	"0"	"2"	"2x 类别=未分类;输入=无自定义类型;输出=指针/引用/句柄;副作用=无明显副作用;领域=全局通用候选;约束=constexpr || 1x 类别=未分类;输入=无自定义类型;输出=指针/引用/句柄;副作用=无明显副作用;领域=全局通用候选;约束=noexcept"	"3x 全局共享函数类.ixx候选"	"基础数据类型.h:963: constexpr Vector3D operator*(double scalar) const || 基础数据类型.h:1046: Quaternion operator*(const Quaternion& r) const noexcept || 基础数据类型.h:1084: constexpr Vector3D operator*(double scalar, const Vector3D& vec)"	"同名不同功能或约束，禁止直接合并"
"operator=="	"3"	"3"	"0"	"2"	"2x 类别=执行;输入=无自定义类型;输出=bool;副作用=无明显副作用;领域=全局通用候选;约束=noexcept+inline || 1x 类别=执行;输入=有自定义类型;输出=bool;副作用=无明显副作用;领域=全局通用候选;约束=无显式约束"	"2x 全局共享函数类.ixx候选 || 1x 原地保留/待复核"	"基础数据类型.h:304: inline bool operator==(const VecU句柄& a, const VecU句柄& b) noexcept || 基础数据类型.h:309: inline bool operator==(const 指针句柄& a, const 指针句柄& b) noexcept || 基础数据类型.h:546: friend bool operator==(const 结构体_空间坐标& a, const 结构体_空间坐标& b)"	"同名不同功能或约束，禁止直接合并"
"世界树类"	"3"	"0"	"3"	"2"	"2x 类别=执行;输入=有自定义类型;输出=指针/引用/句柄;副作用=无明显副作用;领域=世界;约束=无显式约束 || 1x 类别=执行;输入=有自定义类型;输出=其他;副作用=无明显副作用;领域=世界;约束=无显式约束"	"3x 专用类/对应头文件：世界"	"世界树类.h:52: 世界树类() || 世界树类.h:55: 世界树类(const 世界树类&) = delete || 世界树类.h:57: 世界树类(世界树类&&) = delete"	"同名不同功能或约束，禁止直接合并"
"使双目相机达到可用状态"	"3"	"3"	"0"	"2"	"2x 类别=执行;输入=有自定义类型;输出=指针/引用/句柄;副作用=无明显副作用;领域=自我;约束=noexcept+inline || 1x 类别=执行;输入=有自定义类型;输出=指针/引用/句柄;副作用=无明显副作用;领域=外设;约束=noexcept+inline"	"2x 专用类/对应头文件：自我 || 1x 专用类/对应头文件：外设"	"自我动作实现.外设模块.ixx:18194: inline 存在节点类* 使双目相机达到可用状态( 方法类::节点类* 方法首节点, 场景节点类* 输入参数场景, 场景节点类* 输出结果场景) noexcept || 自我动作实现.外部模块.ixx:610: inline 存在节点类* 使双目相机达到可用状态( 方法类::节点类* 方法首节点, 场景节点类* 输入参数场景, 场景节点类* 输出结果场景) noexcept || 自我动作实现模块.ixx:12221: inline 存在节点类* 使双目相机达到可用状态( 方法类::节点类* 方法首节点, 场景节点类* 输入参数场景, 场景节点类* 输出结果场景) noexcept"	"同名不同功能或约束，禁止直接合并"
"保存数据"	"3"	"2"	"1"	"2"	"2x 类别=执行;输入=无自定义类型;输出=bool;副作用=无明显副作用;领域=全局通用候选;约束=无显式约束 || 1x 类别=执行;输入=有自定义类型;输出=bool;副作用=无明显副作用;领域=全局通用候选;约束=template"	"2x 全局共享函数类.ixx候选 || 1x 原地保留/待复核"	"双向链表模板_序列化.inl:144: template<typename 主信息类型> bool 链表模板<主信息类型>::保存数据(const std::string& 文件名) const || 双向链表模板核心.h:682: bool 保存数据(const std::string& 文件名) const || 双向链表模板核心.h:685: bool 保存数据(std::string 文件名) const"	"同名不同功能或约束，禁止直接合并"
"修改节点信息_已加锁"	"3"	"1"	"2"	"2"	"2x 类别=执行;输入=有自定义类型;输出=其他;副作用=无明显副作用;领域=全局通用候选;约束=锁约束 || 1x 类别=未分类;输入=有自定义类型;输出=void;副作用=无明显副作用;领域=全局通用候选;约束=锁约束"	"3x 原地保留/待复核"	"双向链表模板核心.h:478: void 修改节点信息_已加锁(节点类* 节点, 主信息类型 新信息) || 双向链表模板核心.h:490: 修改节点信息_已加锁(节点, 新信息) || 双向链表模板核心.h:498: 修改节点信息_已加锁(节点, 新信息)"	"同名不同功能或约束，禁止直接合并"
"关闭"	"3"	"3"	"0"	"3"	"1x 类别=执行;输入=无自定义类型;输出=void;副作用=无明显副作用;领域=外设;约束=无显式约束 || 1x 类别=执行;输入=无自定义类型;输出=void;副作用=无明显副作用;领域=日志;约束=无显式约束 || 1x 类别=执行;输入=无自定义类型;输出=void;副作用=无明显副作用;领域=日志;约束=inline"	"2x 专用类/对应头文件：日志 || 1x 专用类/对应头文件：外设"	"D455相机类.cpp:82: void 关闭() || 日志模块.ixx:382: void 关闭() || 日志模块.ixx:480: inline void 关闭()"	"同名不同功能或约束，禁止直接合并"
"写入I64"	"3"	"3"	"0"	"2"	"2x 类别=写入;输入=有自定义类型;输出=bool;副作用=无明显副作用;领域=自我;约束=noexcept+inline || 1x 类别=写入;输入=有自定义类型;输出=bool;副作用=无明显副作用;领域=外设;约束=noexcept+inline"	"2x 专用类/对应头文件：自我 || 1x 专用类/对应头文件：外设"	"自我动作实现.外设模块.ixx:7436: inline bool 写入I64( 方法类::节点类* 方法首节点, const 语素入口节点类* 特征类型, I64 值, 时间戳 now) noexcept || 自我动作实现.扫描.ixx:813: inline bool 写入I64( 基础信息节点类* 宿主, const 语素入口节点类* 特征类型, I64 值, 时间戳 now) noexcept || 自我动作实现模块.ixx:2597: inline bool 写入I64( 方法类::节点类* 方法首节点, const 语素入口节点类* 特征类型, I64 值, 时间戳 now) noexcept"	"同名不同功能或约束，禁止直接合并"
"写入引用_来自指令_已加锁"	"3"	"0"	"3"	"1"	"3x 类别=写入;输入=有自定义类型;输出=其他;副作用=无明显副作用;领域=需求;约束=锁约束"	"3x 专用类/对应头文件：需求"	"需求类.h:776: (void)写入引用_来自指令_已加锁( 主信息.需求主体, 指令.需求主体指针, 指令.需求主体主键) || 需求类.h:780: (void)写入引用_来自指令_已加锁( 主信息.需求场景, 指令.需求场景指针, 指令.需求场景主键) || 需求类.h:784: (void)写入引用_来自指令_已加锁( 主信息.被需求存在, 指令.被需求存在指针, 指令.被需求存在主键)"	"功能签名一致，按专用归属复核"
"初始化新节点_已加锁"	"3"	"1"	"2"	"2"	"2x 类别=构造;输入=有自定义类型;输出=其他;副作用=无明显副作用;领域=全局通用候选;约束=锁约束 || 1x 类别=构造;输入=有自定义类型;输出=void;副作用=无明显副作用;领域=全局通用候选;约束=锁约束"	"3x 原地保留/待复核"	"双向链表模板核心.h:203: void 初始化新节点_已加锁(节点类* n) || 双向链表模板核心.h:266: 初始化新节点_已加锁(新节点) || 双向链表模板核心.h:313: 初始化新节点_已加锁(子节点)"	"同名不同功能或约束，禁止直接合并"
"删除子链_已加锁"	"3"	"1"	"2"	"2"	"2x 类别=清理;输入=有自定义类型;输出=其他;副作用=无明显副作用;领域=全局通用候选;约束=锁约束 || 1x 类别=清理;输入=有自定义类型;输出=void;副作用=无明显副作用;领域=全局通用候选;约束=锁约束"	"3x 原地保留/待复核"	"双向链表模板核心.h:515: 删除子链_已加锁(被删除节点) || 双向链表模板核心.h:548: void 删除子链_已加锁(节点类* 父节点) || 双向链表模板核心.h:571: 删除子链_已加锁(父节点)"	"同名不同功能或约束，禁止直接合并"
"删除链表_已加锁"	"3"	"1"	"2"	"2"	"2x 类别=清理;输入=无自定义类型;输出=其他;副作用=无明显副作用;领域=全局通用候选;约束=锁约束 || 1x 类别=清理;输入=无自定义类型;输出=void;副作用=无明显副作用;领域=全局通用候选;约束=锁约束"	"3x 全局共享函数类.ixx候选"	"双向链表模板_序列化.inl:225: 删除链表_已加锁() || 双向链表模板核心.h:575: void 删除链表_已加锁() || 双向链表模板核心.h:591: 删除链表_已加锁()"	"同名不同功能或约束，禁止直接合并"
"可解析引用"	"3"	"2"	"1"	"3"	"1x 类别=解析;输入=无自定义类型;输出=其他;副作用=无明显副作用;领域=全局通用候选;约束=无显式约束 || 1x 类别=解析;输入=有自定义类型;输出=指针/引用/句柄;副作用=无明显副作用;领域=全局通用候选;约束=无显式约束 || 1x 类别=解析;输入=有自定义类型;输出=文本;副作用=无明显副作用;领域=全局通用候选;约束=无显式约束"	"2x 原地保留/待复核 || 1x 全局共享函数类.ixx候选"	"基础数据类型.h:153: 可解析引用() = default || 基础数据类型.h:156: 可解析引用(T节点* 节点) || 基础数据类型.h:159: 可解析引用(T节点* 节点, const std::string& 主键值)"	"同名不同功能或约束，禁止直接合并"
"启动"	"3"	"3"	"0"	"2"	"2x 类别=未分类;输入=无自定义类型;输出=void;副作用=无明显副作用;领域=全局通用候选;约束=无显式约束 || 1x 类别=未分类;输入=无自定义类型;输出=void;副作用=无明显副作用;领域=任务;约束=无显式约束"	"2x 全局共享函数类.ixx候选 || 1x 专用类/对应头文件：任务"	"任务模块.执行.ixx:1170: void 启动(std::uint32_t n) || 动作线程类.ixx:306: void 启动() || 鱼巢.cpp:1511: void 启动()"	"同名不同功能或约束，禁止直接合并"
"基础信息基类"	"3"	"2"	"1"	"2"	"2x 类别=执行;输入=有自定义类型;输出=其他;副作用=无明显副作用;领域=基础信息;约束=无显式约束 || 1x 类别=执行;输入=有自定义类型;输出=指针/引用/句柄;副作用=无明显副作用;领域=基础信息;约束=无显式约束"	"3x 专用类/对应头文件：基础信息"	"基础信息主信息类.h:132: 基础信息基类() = default || 基础信息主信息类.h:135: explicit 基础信息基类(枚举_主信息类型 t) || 基础信息主信息类.h:138: 基础信息基类(const 语素入口节点类* 名, const 语素入口节点类* 型, 枚举_主信息类型 t)"	"同名不同功能或约束，禁止直接合并"
"基础信息类"	"3"	"0"	"3"	"2"	"2x 类别=执行;输入=有自定义类型;输出=指针/引用/句柄;副作用=无明显副作用;领域=基础信息;约束=无显式约束 || 1x 类别=执行;输入=有自定义类型;输出=其他;副作用=无明显副作用;领域=基础信息;约束=无显式约束"	"3x 专用类/对应头文件：基础信息"	"基础信息类.h:13: 基础信息类() || 基础信息类.h:16: 基础信息类(const 基础信息类&) = delete || 基础信息类.h:18: 基础信息类(基础信息类&&) = delete"	"同名不同功能或约束，禁止直接合并"
"安全执行降级保护"	"3"	"3"	"0"	"2"	"2x 类别=执行;输入=有自定义类型;输出=指针/引用/句柄;副作用=无明显副作用;领域=自我;约束=noexcept+inline || 1x 类别=执行;输入=有自定义类型;输出=指针/引用/句柄;副作用=无明显副作用;领域=外设;约束=noexcept+inline"	"2x 专用类/对应头文件：自我 || 1x 专用类/对应头文件：外设"	"自我动作实现.外设模块.ixx:20743: inline 存在节点类* 安全执行降级保护( 方法类::节点类* 方法首节点, 场景节点类* 输入参数场景, 场景节点类* 输出结果场景) noexcept || 自我动作实现.外部模块.ixx:808: inline 存在节点类* 安全执行降级保护( 方法类::节点类* 方法首节点, 场景节点类* 输入参数场景, 场景节点类* 输出结果场景) noexcept || 自我动作实现模块.ixx:12437: inline 存在节点类* 安全执行降级保护( 方法类::节点类* 方法首节点, 场景节点类* 输入参数场景, 场景节点类* 输出结果场景) noexcept"	"同名不同功能或约束，禁止直接合并"
"安全持续观察当前场景"	"3"	"3"	"0"	"2"	"2x 类别=执行;输入=有自定义类型;输出=指针/引用/句柄;副作用=无明显副作用;领域=自我;约束=noexcept+inline || 1x 类别=执行;输入=有自定义类型;输出=指针/引用/句柄;副作用=无明显副作用;领域=外设;约束=noexcept+inline"	"2x 专用类/对应头文件：自我 || 1x 专用类/对应头文件：外设"	"自我动作实现.外设模块.ixx:20518: inline 存在节点类* 安全持续观察当前场景( 方法类::节点类* 方法首节点, 场景节点类* 输入参数场景, 场景节点类* 输出结果场景) noexcept || 自我动作实现.外部模块.ixx:790: inline 存在节点类* 安全持续观察当前场景( 方法类::节点类* 方法首节点, 场景节点类* 输入参数场景, 场景节点类* 输出结果场景) noexcept || 自我动作实现模块.ixx:12419: inline 存在节点类* 安全持续观察当前场景( 方法类::节点类* 方法首节点, 场景节点类* 输入参数场景, 场景节点类* 输出结果场景) noexcept"	"同名不同功能或约束，禁止直接合并"
"安全搜索安全因果因素证据"	"3"	"3"	"0"	"2"	"2x 类别=未分类;输入=有自定义类型;输出=指针/引用/句柄;副作用=无明显副作用;领域=自我;约束=noexcept+inline || 1x 类别=未分类;输入=有自定义类型;输出=指针/引用/句柄;副作用=无明显副作用;领域=外设;约束=noexcept+inline"	"2x 专用类/对应头文件：自我 || 1x 专用类/对应头文件：外设"	"自我动作实现.外设模块.ixx:20009: inline 存在节点类* 安全搜索安全因果因素证据( 方法类::节点类* 方法首节点, 场景节点类* 输入参数场景, 场景节点类* 输出结果场景) noexcept || 自我动作实现.外部模块.ixx:1114: inline 存在节点类* 安全搜索安全因果因素证据( 方法类::节点类* 方法首节点, 场景节点类* 输入参数场景, 场景节点类* 输出结果场景) noexcept || 自我动作实现模块.ixx:12554: inline 存在节点类* 安全搜索安全因果因素证据( 方法类::节点类* 方法首节点, 场景节点类* 输入参数场景, 场景节点类* 输出结果场景) noexcept"	"同名不同功能或约束，禁止直接合并"
"安全构造场景影响因果候选"	"3"	"3"	"0"	"2"	"2x 类别=执行;输入=有自定义类型;输出=指针/引用/句柄;副作用=无明显副作用;领域=自我;约束=noexcept+inline || 1x 类别=执行;输入=有自定义类型;输出=指针/引用/句柄;副作用=无明显副作用;领域=外设;约束=noexcept+inline"	"2x 专用类/对应头文件：自我 || 1x 专用类/对应头文件：外设"	"自我动作实现.外设模块.ixx:21420: inline 存在节点类* 安全构造场景影响因果候选( 方法类::节点类* 方法首节点, 场景节点类* 输入参数场景, 场景节点类* 输出结果场景) noexcept || 自我动作实现.外部模块.ixx:772: inline 存在节点类* 安全构造场景影响因果候选( 方法类::节点类* 方法首节点, 场景节点类* 输入参数场景, 场景节点类* 输出结果场景) noexcept || 自我动作实现模块.ixx:12401: inline 存在节点类* 安全构造场景影响因果候选( 方法类::节点类* 方法首节点, 场景节点类* 输入参数场景, 场景节点类* 输出结果场景) noexcept"	"同名不同功能或约束，禁止直接合并"
"安全评估当前场景安全性"	"3"	"3"	"0"	"2"	"2x 类别=未分类;输入=有自定义类型;输出=指针/引用/句柄;副作用=无明显副作用;领域=自我;约束=noexcept+inline || 1x 类别=未分类;输入=有自定义类型;输出=指针/引用/句柄;副作用=无明显副作用;领域=外设;约束=noexcept+inline"	"2x 专用类/对应头文件：自我 || 1x 专用类/对应头文件：外设"	"自我动作实现.外设模块.ixx:19266: inline 存在节点类* 安全评估当前场景安全性( 方法类::节点类* 方法首节点, 场景节点类* 输入参数场景, 场景节点类* 输出结果场景) noexcept || 自我动作实现.外部模块.ixx:754: inline 存在节点类* 安全评估当前场景安全性( 方法类::节点类* 方法首节点, 场景节点类* 输入参数场景, 场景节点类* 输出结果场景) noexcept || 自我动作实现模块.ixx:12365: inline 存在节点类* 安全评估当前场景安全性( 方法类::节点类* 方法首节点, 场景节点类* 输入参数场景, 场景节点类* 输出结果场景) noexcept"	"同名不同功能或约束，禁止直接合并"
"打开"	"3"	"2"	"1"	"2"	"2x 类别=执行;输入=无自定义类型;输出=其他;副作用=无明显副作用;领域=外设;约束=noexcept || 1x 类别=执行;输入=无自定义类型;输出=bool;副作用=无明显副作用;领域=外设;约束=无显式约束"	"3x 专用类/对应头文件：外设"	"D455相机类.cpp:49: bool 打开() || 双目相机本能适配器.cpp:1280: 调用结果 打开() noexcept || 双目相机本能适配器.h:203: 调用结果 打开() noexcept"	"同名不同功能或约束，禁止直接合并"
"执行方法_同步等待"	"3"	"3"	"0"	"1"	"3x 类别=更新;输入=有自定义类型;输出=整数/时间;副作用=无明显副作用;领域=任务;约束=无显式约束"	"3x 专用类/对应头文件：任务"	"任务模块.执行.ixx:1195: 特征节点类* 执行方法_同步等待( 方法类::节点类* 方法首节点, 场景节点类* 当前场景, 场景节点类* 条件场景, 时间戳 timeoutUs) || 任务模块.执行.ixx:1211: 特征节点类* 执行方法_同步等待( 方法类::节点类* 方法首节点, 场景节点类* 当前场景, 场景节点类* 条件场景, 场景节点类* 结果场景, 时间戳 timeoutUs) || 任务模块.执行.ixx:1228: 特征节点类* 执行方法_同步等待( 方法类::节点类* 方法首节点, 任务类::节点类* 当前任务节点, 场景节点类* 当前场景, 场景节点类* 条件场景, 场景节点类* 结果场景, 时间戳 timeoutUs)"	"功能签名一致，按专用归属复核"
"抽象特征主信息类"	"3"	"3"	"0"	"3"	"1x 类别=执行;输入=有自定义类型;输出=其他;副作用=无明显副作用;领域=基础信息;约束=无显式约束 || 1x 类别=执行;输入=有自定义类型;输出=指针/引用/句柄;副作用=无明显副作用;领域=基础信息;约束=无显式约束 || 1x 类别=执行;输入=有自定义类型;输出=整数/时间;副作用=无明显副作用;领域=基础信息;约束=无显式约束"	"3x 专用类/对应头文件：基础信息"	"基础信息主信息类.h:334: 抽象特征主信息类() : 基础信息基类(枚举_主信息类型::抽象特征) || 基础信息主信息类.h:337: explicit 抽象特征主信息类(const 语素入口节点类* 特征类型) : 基础信息基类(nullptr, 特征类型, 枚举_主信息类型::抽象特征) || 基础信息主信息类.h:344: 抽象特征主信息类(const 语素入口节点类* 特征类型, I64区间 初始区间) : 基础信息基类(nullptr, 特征类型, 枚举_主信息类型::抽象特征), 区间(初始区间)"	"同名不同功能或约束，禁止直接合并"
"提交安全因果因素无负证据默认满足"	"3"	"3"	"0"	"2"	"2x 类别=提交;输入=有自定义类型;输出=指针/引用/句柄;副作用=无明显副作用;领域=自我;约束=noexcept+inline || 1x 类别=提交;输入=有自定义类型;输出=指针/引用/句柄;副作用=无明显副作用;领域=外设;约束=noexcept+inline"	"2x 专用类/对应头文件：自我 || 1x 专用类/对应头文件：外设"	"自我动作实现.外设模块.ixx:20191: inline 存在节点类* 提交安全因果因素无负证据默认满足( 方法类::节点类* 方法首节点, 场景节点类* 输入参数场景, 场景节点类* 输出结果场景) noexcept || 自我动作实现.外部模块.ixx:1123: inline 存在节点类* 提交安全因果因素无负证据默认满足( 方法类::节点类* 方法首节点, 场景节点类* 输入参数场景, 场景节点类* 输出结果场景) noexcept || 自我动作实现模块.ixx:12563: inline 存在节点类* 提交安全因果因素无负证据默认满足( 方法类::节点类* 方法首节点, 场景节点类* 输入参数场景, 场景节点类* 输出结果场景) noexcept"	"同名不同功能或约束，禁止直接合并"
"提交安全因果因素证据评估值"	"3"	"3"	"0"	"2"	"2x 类别=提交;输入=有自定义类型;输出=指针/引用/句柄;副作用=无明显副作用;领域=自我;约束=noexcept+inline || 1x 类别=提交;输入=有自定义类型;输出=指针/引用/句柄;副作用=无明显副作用;领域=外设;约束=noexcept+inline"	"2x 专用类/对应头文件：自我 || 1x 专用类/对应头文件：外设"	"自我动作实现.外设模块.ixx:20303: inline 存在节点类* 提交安全因果因素证据评估值( 方法类::节点类* 方法首节点, 场景节点类* 输入参数场景, 场景节点类* 输出结果场景) noexcept || 自我动作实现.外部模块.ixx:1132: inline 存在节点类* 提交安全因果因素证据评估值( 方法类::节点类* 方法首节点, 场景节点类* 输入参数场景, 场景节点类* 输出结果场景) noexcept || 自我动作实现模块.ixx:12572: inline 存在节点类* 提交安全因果因素证据评估值( 方法类::节点类* 方法首节点, 场景节点类* 输入参数场景, 场景节点类* 输出结果场景) noexcept"	"同名不同功能或约束，禁止直接合并"
"提交当前观察范围可观测单位存在对应事实"	"3"	"3"	"0"	"2"	"2x 类别=提交;输入=有自定义类型;输出=指针/引用/句柄;副作用=无明显副作用;领域=自我;约束=noexcept+inline || 1x 类别=提交;输入=有自定义类型;输出=指针/引用/句柄;副作用=无明显副作用;领域=外设;约束=noexcept+inline"	"2x 专用类/对应头文件：自我 || 1x 专用类/对应头文件：外设"	"自我动作实现.外设模块.ixx:23888: inline 存在节点类* 提交当前观察范围可观测单位存在对应事实( 方法类::节点类* 方法首节点, 场景节点类* 输入参数场景, 场景节点类* 输出结果场景) noexcept || 自我动作实现.外部模块.ixx:889: inline 存在节点类* 提交当前观察范围可观测单位存在对应事实( 方法类::节点类* 方法首节点, 场景节点类* 输入参数场景, 场景节点类* 输出结果场景) noexcept || 自我动作实现模块.ixx:12527: inline 存在节点类* 提交当前观察范围可观测单位存在对应事实( 方法类::节点类* 方法首节点, 场景节点类* 输入参数场景, 场景节点类* 输出结果场景) noexcept"	"同名不同功能或约束，禁止直接合并"
"提交指定存在跟踪事实"	"3"	"3"	"0"	"2"	"2x 类别=提交;输入=有自定义类型;输出=指针/引用/句柄;副作用=无明显副作用;领域=自我;约束=noexcept+inline || 1x 类别=提交;输入=有自定义类型;输出=指针/引用/句柄;副作用=无明显副作用;领域=外设;约束=noexcept+inline"	"2x 专用类/对应头文件：自我 || 1x 专用类/对应头文件：外设"	"自我动作实现.外设模块.ixx:25259: inline 存在节点类* 提交指定存在跟踪事实( 方法类::节点类* 方法首节点, 场景节点类* 输入参数场景, 场景节点类* 输出结果场景) noexcept || 自我动作实现.外部模块.ixx:880: inline 存在节点类* 提交指定存在跟踪事实( 方法类::节点类* 方法首节点, 场景节点类* 输入参数场景, 场景节点类* 输出结果场景) noexcept || 自我动作实现模块.ixx:12518: inline 存在节点类* 提交指定存在跟踪事实( 方法类::节点类* 方法首节点, 场景节点类* 输入参数场景, 场景节点类* 输出结果场景) noexcept"	"同名不同功能或约束，禁止直接合并"
"提交确认内部世界子存在事实"	"3"	"3"	"0"	"2"	"2x 类别=校验;输入=有自定义类型;输出=指针/引用/句柄;副作用=无明显副作用;领域=自我;约束=noexcept+inline || 1x 类别=校验;输入=有自定义类型;输出=指针/引用/句柄;副作用=无明显副作用;领域=外设;约束=noexcept+inline"	"2x 专用类/对应头文件：自我 || 1x 专用类/对应头文件：外设"	"自我动作实现.外设模块.ixx:26391: inline 存在节点类* 提交确认内部世界子存在事实( 方法类::节点类* 方法首节点, 场景节点类* 输入参数场景, 场景节点类* 输出结果场景) noexcept || 自我动作实现.外部模块.ixx:1105: inline 存在节点类* 提交确认内部世界子存在事实( 方法类::节点类* 方法首节点, 场景节点类* 输入参数场景, 场景节点类* 输出结果场景) noexcept || 自我动作实现模块.ixx:12752: inline 存在节点类* 提交确认内部世界子存在事实( 方法类::节点类* 方法首节点, 场景节点类* 输入参数场景, 场景节点类* 输出结果场景) noexcept"	"同名不同功能或约束，禁止直接合并"
"提交确认观察存在事实"	"3"	"3"	"0"	"2"	"2x 类别=校验;输入=有自定义类型;输出=指针/引用/句柄;副作用=无明显副作用;领域=自我;约束=noexcept+inline || 1x 类别=校验;输入=有自定义类型;输出=指针/引用/句柄;副作用=无明显副作用;领域=外设;约束=noexcept+inline"	"2x 专用类/对应头文件：自我 || 1x 专用类/对应头文件：外设"	"自我动作实现.外设模块.ixx:23449: inline 存在节点类* 提交确认观察存在事实( 方法类::节点类* 方法首节点, 场景节点类* 输入参数场景, 场景节点类* 输出结果场景) noexcept || 自我动作实现.外部模块.ixx:862: inline 存在节点类* 提交确认观察存在事实( 方法类::节点类* 方法首节点, 场景节点类* 输入参数场景, 场景节点类* 输出结果场景) noexcept || 自我动作实现模块.ixx:12500: inline 存在节点类* 提交确认观察存在事实( 方法类::节点类* 方法首节点, 场景节点类* 输入参数场景, 场景节点类* 输出结果场景) noexcept"	"同名不同功能或约束，禁止直接合并"
"提交观察存在发现事实"	"3"	"3"	"0"	"2"	"2x 类别=提交;输入=有自定义类型;输出=指针/引用/句柄;副作用=无明显副作用;领域=自我;约束=noexcept+inline || 1x 类别=提交;输入=有自定义类型;输出=指针/引用/句柄;副作用=无明显副作用;领域=外设;约束=noexcept+inline"	"2x 专用类/对应头文件：自我 || 1x 专用类/对应头文件：外设"	"自我动作实现.外设模块.ixx:24906: inline 存在节点类* 提交观察存在发现事实( 方法类::节点类* 方法首节点, 场景节点类* 输入参数场景, 场景节点类* 输出结果场景) noexcept || 自我动作实现.外部模块.ixx:898: inline 存在节点类* 提交观察存在发现事实( 方法类::节点类* 方法首节点, 场景节点类* 输入参数场景, 场景节点类* 输出结果场景) noexcept || 自我动作实现模块.ixx:12536: inline 存在节点类* 提交观察存在发现事实( 方法类::节点类* 方法首节点, 场景节点类* 输入参数场景, 场景节点类* 输出结果场景) noexcept"	"同名不同功能或约束，禁止直接合并"
"提交观察存在特征值变化事实"	"3"	"3"	"0"	"2"	"2x 类别=提交;输入=有自定义类型;输出=指针/引用/句柄;副作用=无明显副作用;领域=自我;约束=noexcept+inline || 1x 类别=提交;输入=有自定义类型;输出=指针/引用/句柄;副作用=无明显副作用;领域=外设;约束=noexcept+inline"	"2x 专用类/对应头文件：自我 || 1x 专用类/对应头文件：外设"	"自我动作实现.外设模块.ixx:25073: inline 存在节点类* 提交观察存在特征值变化事实( 方法类::节点类* 方法首节点, 场景节点类* 输入参数场景, 场景节点类* 输出结果场景) noexcept || 自我动作实现.外部模块.ixx:871: inline 存在节点类* 提交观察存在特征值变化事实( 方法类::节点类* 方法首节点, 场景节点类* 输入参数场景, 场景节点类* 输出结果场景) noexcept || 自我动作实现模块.ixx:12509: inline 存在节点类* 提交观察存在特征值变化事实( 方法类::节点类* 方法首节点, 场景节点类* 输入参数场景, 场景节点类* 输出结果场景) noexcept"	"同名不同功能或约束，禁止直接合并"
"提交风险安全场景影响部分状态变化"	"3"	"3"	"0"	"2"	"2x 类别=提交;输入=有自定义类型;输出=指针/引用/句柄;副作用=无明显副作用;领域=自我;约束=noexcept+inline || 1x 类别=提交;输入=有自定义类型;输出=指针/引用/句柄;副作用=无明显副作用;领域=外设;约束=noexcept+inline"	"2x 专用类/对应头文件：自我 || 1x 专用类/对应头文件：外设"	"自我动作实现.外设模块.ixx:19857: inline 存在节点类* 提交风险安全场景影响部分状态变化( 方法类::节点类* 方法首节点, 场景节点类* 输入参数场景, 场景节点类* 输出结果场景) noexcept || 自我动作实现.外部模块.ixx:907: inline 存在节点类* 提交风险安全场景影响部分状态变化( 方法类::节点类* 方法首节点, 场景节点类* 输入参数场景, 场景节点类* 输出结果场景) noexcept || 自我动作实现模块.ixx:12545: inline 存在节点类* 提交风险安全场景影响部分状态变化( 方法类::节点类* 方法首节点, 场景节点类* 输入参数场景, 场景节点类* 输出结果场景) noexcept"	"同名不同功能或约束，禁止直接合并"
"查找"	"3"	"3"	"0"	"2"	"2x 类别=查找;输入=有自定义类型;输出=指针/引用/句柄;副作用=无明显副作用;领域=特征值;约束=无显式约束 || 1x 类别=查找;输入=有自定义类型;输出=指针/引用/句柄;副作用=无明显副作用;领域=全局通用候选;约束=无显式约束"	"2x 专用类/对应头文件：特征值 || 1x 原地保留/待复核"	"度量模板注册表类.ixx:99: [[nodiscard]] const 模板基类* 查找(枚举_模板族 模板族) const || 特征值类.h:42: 节点类* 查找(const 特征值主信息类& mi) const || 特征值类.h:53: 节点类* 查找(const VecIU64& v) const"	"同名不同功能或约束，禁止直接合并"
"查找人类词性入口节点"	"3"	"0"	"3"	"2"	"2x 类别=查找;输入=有自定义类型;输出=指针/引用/句柄;副作用=无明显副作用;领域=语素;约束=无显式约束 || 1x 类别=查找;输入=有自定义类型;输出=文本;副作用=无明显副作用;领域=语素;约束=无显式约束"	"3x 专用类/对应头文件：语素"	"语素类.h:44: 语素入口节点类* 查找人类词性入口节点(const 词节点类* 词节点, 枚举_词性 词性值) const || 语素类.h:45: 语素入口节点类* 查找人类词性入口节点(const 语素节点类* 词节点, const std::string& 词性值) const || 语素类.h:46: 语素入口节点类* 查找人类词性入口节点(结构体_分词 分词信息) const"	"同名不同功能或约束，禁止直接合并"
"查找子特征"	"3"	"3"	"0"	"2"	"2x 类别=查找;输入=有自定义类型;输出=指针/引用/句柄;副作用=无明显副作用;领域=自我;约束=noexcept+inline || 1x 类别=查找;输入=有自定义类型;输出=指针/引用/句柄;副作用=无明显副作用;领域=外设;约束=noexcept+inline"	"2x 专用类/对应头文件：自我 || 1x 专用类/对应头文件：外设"	"自我动作实现.外设模块.ixx:7786: inline 特征节点类* 查找子特征( 基础信息节点类* 宿主, const 语素入口节点类* 特征类型) noexcept || 自我动作实现.服务模块.ixx:1277: inline 特征节点类* 查找子特征( 基础信息节点类* 宿主, const 语素入口节点类* 特征类型) noexcept || 自我动作实现模块.ixx:2685: inline 特征节点类* 查找子特征( 基础信息节点类* 宿主, const 语素入口节点类* 特征类型) noexcept"	"同名不同功能或约束，禁止直接合并"
"检查双目相机运行状态"	"3"	"3"	"0"	"2"	"2x 类别=未分类;输入=有自定义类型;输出=指针/引用/句柄;副作用=无明显副作用;领域=自我;约束=noexcept+inline || 1x 类别=未分类;输入=有自定义类型;输出=指针/引用/句柄;副作用=无明显副作用;领域=外设;约束=noexcept+inline"	"2x 专用类/对应头文件：自我 || 1x 专用类/对应头文件：外设"	"自我动作实现.外设模块.ixx:18347: inline 存在节点类* 检查双目相机运行状态( 方法类::节点类* 方法首节点, 场景节点类* 输入参数场景, 场景节点类* 输出结果场景) noexcept || 自我动作实现.外部模块.ixx:628: inline 存在节点类* 检查双目相机运行状态( 方法类::节点类* 方法首节点, 场景节点类* 输入参数场景, 场景节点类* 输出结果场景) noexcept || 自我动作实现模块.ixx:12239: inline 存在节点类* 检查双目相机运行状态( 方法类::节点类* 方法首节点, 场景节点类* 输入参数场景, 场景节点类* 输出结果场景) noexcept"	"同名不同功能或约束，禁止直接合并"
"添加子节点"	"3"	"2"	"1"	"2"	"2x 类别=执行;输入=有自定义类型;输出=指针/引用/句柄;副作用=无明显副作用;领域=全局通用候选;约束=无显式约束 || 1x 类别=执行;输入=有自定义类型;输出=指针/引用/句柄;副作用=无明显副作用;领域=基础信息;约束=无显式约束"	"2x 原地保留/待复核 || 1x 专用类/对应头文件：基础信息"	"双向链表模板核心.h:334: 节点类* 添加子节点(节点类* 父节点, 节点类* 子节点) || 双向链表模板核心.h:349: 节点类* 添加子节点(节点类* 父节点, 主信息类型 主信息) || 基础信息类.h:25: 节点类* 添加子节点(节点类* 父节点, 基础信息基类* 主信息)"	"同名不同功能或约束，禁止直接合并"
"添加节点"	"3"	"2"	"1"	"2"	"2x 类别=执行;输入=有自定义类型;输出=指针/引用/句柄;副作用=无明显副作用;领域=全局通用候选;约束=无显式约束 || 1x 类别=执行;输入=有自定义类型;输出=指针/引用/句柄;副作用=无明显副作用;领域=基础信息;约束=无显式约束"	"2x 原地保留/待复核 || 1x 专用类/对应头文件：基础信息"	"双向链表模板核心.h:283: 节点类* 添加节点(节点类* 位置节点, 节点类* 新节点) || 双向链表模板核心.h:298: 节点类* 添加节点(节点类* 位置节点, 主信息类型 主信息) || 基础信息类.h:24: 节点类* 添加节点(节点类* 位置节点, 基础信息基类* 主信息)"	"同名不同功能或约束，禁止直接合并"
"特征_任务信息节点"	"3"	"3"	"0"	"2"	"2x 类别=执行;输入=有自定义类型;输出=指针/引用/句柄;副作用=无明显副作用;领域=自我;约束=noexcept+inline || 1x 类别=执行;输入=有自定义类型;输出=指针/引用/句柄;副作用=无明显副作用;领域=外设;约束=noexcept+inline"	"2x 专用类/对应头文件：自我 || 1x 专用类/对应头文件：外设"	"自我动作实现.外设模块.ixx:763: inline const 语素入口节点类* 特征_任务信息节点() noexcept || 自我动作实现.服务模块.ixx:117: inline const 语素入口节点类* 特征_任务信息节点() noexcept || 自我动作实现模块.ixx:166: inline const 语素入口节点类* 特征_任务信息节点() noexcept"	"同名不同功能或约束，禁止直接合并"
"特征_任务状态动作动态"	"3"	"3"	"0"	"2"	"2x 类别=执行;输入=有自定义类型;输出=指针/引用/句柄;副作用=无明显副作用;领域=自我;约束=noexcept+inline || 1x 类别=执行;输入=有自定义类型;输出=指针/引用/句柄;副作用=无明显副作用;领域=外设;约束=noexcept+inline"	"2x 专用类/对应头文件：自我 || 1x 专用类/对应头文件：外设"	"自我动作实现.外设模块.ixx:917: inline const 语素入口节点类* 特征_任务状态动作动态() noexcept || 自我动作实现.服务模块.ixx:405: inline const 语素入口节点类* 特征_任务状态动作动态() noexcept || 自我动作实现模块.ixx:397: inline const 语素入口节点类* 特征_任务状态动作动态() noexcept"	"同名不同功能或约束，禁止直接合并"
"特征_任务虚拟存在"	"3"	"3"	"0"	"2"	"2x 类别=执行;输入=有自定义类型;输出=指针/引用/句柄;副作用=无明显副作用;领域=自我;约束=noexcept+inline || 1x 类别=执行;输入=有自定义类型;输出=指针/引用/句柄;副作用=无明显副作用;领域=外设;约束=noexcept+inline"	"2x 专用类/对应头文件：自我 || 1x 专用类/对应头文件：外设"	"自我动作实现.外设模块.ixx:756: inline const 语素入口节点类* 特征_任务虚拟存在() noexcept || 自我动作实现.服务模块.ixx:125: inline const 语素入口节点类* 特征_任务虚拟存在() noexcept || 自我动作实现模块.ixx:159: inline const 语素入口节点类* 特征_任务虚拟存在() noexcept"	"同名不同功能或约束，禁止直接合并"
"特征_动作动态"	"3"	"3"	"0"	"2"	"2x 类别=执行;输入=有自定义类型;输出=指针/引用/句柄;副作用=无明显副作用;领域=自我;约束=noexcept+inline || 1x 类别=执行;输入=有自定义类型;输出=指针/引用/句柄;副作用=无明显副作用;领域=外设;约束=noexcept+inline"	"2x 专用类/对应头文件：自我 || 1x 专用类/对应头文件：外设"	"自我动作实现.外设模块.ixx:1629: inline const 语素入口节点类* 特征_动作动态() noexcept || 自我动作实现.服务模块.ixx:277: inline const 语素入口节点类* 特征_动作动态() noexcept || 自我动作实现模块.ixx:1122: inline const 语素入口节点类* 特征_动作动态() noexcept"	"同名不同功能或约束，禁止直接合并"
"特征_开始时间"	"3"	"3"	"0"	"2"	"2x 类别=执行;输入=有自定义类型;输出=指针/引用/句柄;副作用=无明显副作用;领域=自我;约束=noexcept+inline || 1x 类别=执行;输入=有自定义类型;输出=指针/引用/句柄;副作用=无明显副作用;领域=外设;约束=noexcept+inline"	"2x 专用类/对应头文件：自我 || 1x 专用类/对应头文件：外设"	"自我动作实现.外设模块.ixx:1601: inline const 语素入口节点类* 特征_开始时间() noexcept || 自我动作实现.服务模块.ixx:933: inline const 语素入口节点类* 特征_开始时间() noexcept || 自我动作实现模块.ixx:1094: inline const 语素入口节点类* 特征_开始时间() noexcept"	"同名不同功能或约束，禁止直接合并"
"特征_当前方法运行存在"	"3"	"3"	"0"	"2"	"2x 类别=执行;输入=有自定义类型;输出=指针/引用/句柄;副作用=无明显副作用;领域=自我;约束=noexcept+inline || 1x 类别=执行;输入=有自定义类型;输出=指针/引用/句柄;副作用=无明显副作用;领域=外设;约束=noexcept+inline"	"2x 专用类/对应头文件：自我 || 1x 专用类/对应头文件：外设"	"自我动作实现.外设模块.ixx:1036: inline const 语素入口节点类* 特征_当前方法运行存在() noexcept || 自我动作实现.服务模块.ixx:293: inline const 语素入口节点类* 特征_当前方法运行存在() noexcept || 自我动作实现模块.ixx:522: inline const 语素入口节点类* 特征_当前方法运行存在() noexcept"	"同名不同功能或约束，禁止直接合并"
"特征_形参表"	"3"	"3"	"0"	"2"	"2x 类别=执行;输入=有自定义类型;输出=指针/引用/句柄;副作用=无明显副作用;领域=自我;约束=noexcept+inline || 1x 类别=执行;输入=有自定义类型;输出=指针/引用/句柄;副作用=无明显副作用;领域=外设;约束=noexcept+inline"	"2x 专用类/对应头文件：自我 || 1x 专用类/对应头文件：外设"	"自我动作实现.外设模块.ixx:721: inline const 语素入口节点类* 特征_形参表() noexcept || 自我动作实现.服务模块.ixx:61: inline const 语素入口节点类* 特征_形参表() noexcept || 自我动作实现模块.ixx:124: inline const 语素入口节点类* 特征_形参表() noexcept"	"同名不同功能或约束，禁止直接合并"
"特征_执行差值"	"3"	"3"	"0"	"3"	"1x 类别=执行;输入=有自定义类型;输出=指针/引用/句柄;副作用=无明显副作用;领域=任务;约束=noexcept || 1x 类别=执行;输入=有自定义类型;输出=指针/引用/句柄;副作用=无明显副作用;领域=外设;约束=noexcept+inline || 1x 类别=执行;输入=有自定义类型;输出=指针/引用/句柄;副作用=无明显副作用;领域=自我;约束=noexcept+inline"	"1x 专用类/对应头文件：任务 || 1x 专用类/对应头文件：外设 || 1x 专用类/对应头文件：自我"	"任务模块.筹办.ixx:4417: const 语素入口节点类* 特征_执行差值() noexcept || 自我动作实现.外设模块.ixx:5512: inline const 语素入口节点类* 特征_执行差值() noexcept || 自我动作实现模块.ixx:1764: inline const 语素入口节点类* 特征_执行差值() noexcept"	"同名不同功能或约束，禁止直接合并"
"特征_是否必需"	"3"	"3"	"0"	"2"	"2x 类别=执行;输入=有自定义类型;输出=指针/引用/句柄;副作用=无明显副作用;领域=自我;约束=noexcept+inline || 1x 类别=执行;输入=有自定义类型;输出=指针/引用/句柄;副作用=无明显副作用;领域=外设;约束=noexcept+inline"	"2x 专用类/对应头文件：自我 || 1x 专用类/对应头文件：外设"	"自我动作实现.外设模块.ixx:1141: inline const 语素入口节点类* 特征_是否必需() noexcept || 自我动作实现.服务模块.ixx:941: inline const 语素入口节点类* 特征_是否必需() noexcept || 自我动作实现模块.ixx:627: inline const 语素入口节点类* 特征_是否必需() noexcept"	"同名不同功能或约束，禁止直接合并"
"特征_条件集合"	"3"	"3"	"0"	"2"	"2x 类别=执行;输入=有自定义类型;输出=指针/引用/句柄;副作用=无明显副作用;领域=自我;约束=noexcept+inline || 1x 类别=执行;输入=有自定义类型;输出=指针/引用/句柄;副作用=无明显副作用;领域=外设;约束=noexcept+inline"	"2x 专用类/对应头文件：自我 || 1x 专用类/对应头文件：外设"	"自我动作实现.外设模块.ixx:707: inline const 语素入口节点类* 特征_条件集合() noexcept || 自我动作实现.服务模块.ixx:45: inline const 语素入口节点类* 特征_条件集合() noexcept || 自我动作实现模块.ixx:110: inline const 语素入口节点类* 特征_条件集合() noexcept"	"同名不同功能或约束，禁止直接合并"
"特征_来源动作动态"	"3"	"3"	"0"	"2"	"2x 类别=执行;输入=有自定义类型;输出=指针/引用/句柄;副作用=无明显副作用;领域=自我;约束=noexcept+inline || 1x 类别=执行;输入=有自定义类型;输出=指针/引用/句柄;副作用=无明显副作用;领域=外设;约束=noexcept+inline"	"2x 专用类/对应头文件：自我 || 1x 专用类/对应头文件：外设"	"自我动作实现.外设模块.ixx:903: inline const 语素入口节点类* 特征_来源动作动态() noexcept || 自我动作实现.服务模块.ixx:285: inline const 语素入口节点类* 特征_来源动作动态() noexcept || 自我动作实现模块.ixx:383: inline const 语素入口节点类* 特征_来源动作动态() noexcept"	"同名不同功能或约束，禁止直接合并"
"特征_来源需求"	"3"	"3"	"0"	"2"	"2x 类别=执行;输入=有自定义类型;输出=指针/引用/句柄;副作用=无明显副作用;领域=自我;约束=noexcept+inline || 1x 类别=执行;输入=有自定义类型;输出=指针/引用/句柄;副作用=无明显副作用;领域=外设;约束=noexcept+inline"	"2x 专用类/对应头文件：自我 || 1x 专用类/对应头文件：外设"	"自我动作实现.外设模块.ixx:770: inline const 语素入口节点类* 特征_来源需求() noexcept || 自我动作实现.服务模块.ixx:133: inline const 语素入口节点类* 特征_来源需求() noexcept || 自我动作实现模块.ixx:173: inline const 语素入口节点类* 特征_来源需求() noexcept"	"同名不同功能或约束，禁止直接合并"
"特征_目标执行后值"	"3"	"3"	"0"	"3"	"1x 类别=执行;输入=有自定义类型;输出=指针/引用/句柄;副作用=无明显副作用;领域=任务;约束=noexcept || 1x 类别=执行;输入=有自定义类型;输出=指针/引用/句柄;副作用=无明显副作用;领域=外设;约束=noexcept+inline || 1x 类别=执行;输入=有自定义类型;输出=指针/引用/句柄;副作用=无明显副作用;领域=自我;约束=noexcept+inline"	"1x 专用类/对应头文件：任务 || 1x 专用类/对应头文件：外设 || 1x 专用类/对应头文件：自我"	"任务模块.筹办.ixx:4424: const 语素入口节点类* 特征_目标执行后值() noexcept || 自我动作实现.外设模块.ixx:5519: inline const 语素入口节点类* 特征_目标执行后值() noexcept || 自我动作实现模块.ixx:1771: inline const 语素入口节点类* 特征_目标执行后值() noexcept"	"同名不同功能或约束，禁止直接合并"
"特征_目标抽象特征"	"3"	"3"	"0"	"3"	"1x 类别=执行;输入=有自定义类型;输出=指针/引用/句柄;副作用=无明显副作用;领域=任务;约束=noexcept || 1x 类别=执行;输入=有自定义类型;输出=指针/引用/句柄;副作用=无明显副作用;领域=外设;约束=noexcept+inline || 1x 类别=执行;输入=有自定义类型;输出=指针/引用/句柄;副作用=无明显副作用;领域=自我;约束=noexcept+inline"	"1x 专用类/对应头文件：任务 || 1x 专用类/对应头文件：外设 || 1x 专用类/对应头文件：自我"	"任务模块.筹办.ixx:4410: const 语素入口节点类* 特征_目标抽象特征() noexcept || 自我动作实现.外设模块.ixx:5491: inline const 语素入口节点类* 特征_目标抽象特征() noexcept || 自我动作实现模块.ixx:1743: inline const 语素入口节点类* 特征_目标抽象特征() noexcept"	"同名不同功能或约束，禁止直接合并"
"特征_目标方法头节点"	"3"	"3"	"0"	"3"	"1x 类别=执行;输入=有自定义类型;输出=指针/引用/句柄;副作用=无明显副作用;领域=任务;约束=noexcept || 1x 类别=执行;输入=有自定义类型;输出=指针/引用/句柄;副作用=无明显副作用;领域=外设;约束=noexcept+inline || 1x 类别=执行;输入=有自定义类型;输出=指针/引用/句柄;副作用=无明显副作用;领域=自我;约束=noexcept+inline"	"1x 专用类/对应头文件：任务 || 1x 专用类/对应头文件：外设 || 1x 专用类/对应头文件：自我"	"任务模块.筹办.ixx:4375: const 语素入口节点类* 特征_目标方法头节点() noexcept || 自我动作实现.外设模块.ixx:5617: inline const 语素入口节点类* 特征_目标方法头节点() noexcept || 自我动作实现模块.ixx:1869: inline const 语素入口节点类* 特征_目标方法头节点() noexcept"	"同名不同功能或约束，禁止直接合并"
"特征_结果表"	"3"	"3"	"0"	"2"	"2x 类别=执行;输入=有自定义类型;输出=指针/引用/句柄;副作用=无明显副作用;领域=自我;约束=noexcept+inline || 1x 类别=执行;输入=有自定义类型;输出=指针/引用/句柄;副作用=无明显副作用;领域=外设;约束=noexcept+inline"	"2x 专用类/对应头文件：自我 || 1x 专用类/对应头文件：外设"	"自我动作实现.外设模块.ixx:735: inline const 语素入口节点类* 特征_结果表() noexcept || 自我动作实现.服务模块.ixx:69: inline const 语素入口节点类* 特征_结果表() noexcept || 自我动作实现模块.ixx:138: inline const 语素入口节点类* 特征_结果表() noexcept"	"同名不同功能或约束，禁止直接合并"
"特征_调用信息"	"3"	"3"	"0"	"2"	"2x 类别=执行;输入=有自定义类型;输出=指针/引用/句柄;副作用=无明显副作用;领域=自我;约束=noexcept+inline || 1x 类别=执行;输入=有自定义类型;输出=指针/引用/句柄;副作用=无明显副作用;领域=外设;约束=noexcept+inline"	"2x 专用类/对应头文件：自我 || 1x 专用类/对应头文件：外设"	"自我动作实现.外设模块.ixx:749: inline const 语素入口节点类* 特征_调用信息() noexcept || 自我动作实现.服务模块.ixx:29: inline const 语素入口节点类* 特征_调用信息() noexcept || 自我动作实现模块.ixx:152: inline const 语素入口节点类* 特征_调用信息() noexcept"	"同名不同功能或约束，禁止直接合并"
"特征_输入参数场景"	"3"	"3"	"0"	"2"	"2x 类别=执行;输入=有自定义类型;输出=指针/引用/句柄;副作用=无明显副作用;领域=自我;约束=noexcept+inline || 1x 类别=执行;输入=有自定义类型;输出=指针/引用/句柄;副作用=无明显副作用;领域=外设;约束=noexcept+inline"	"2x 专用类/对应头文件：自我 || 1x 专用类/对应头文件：外设"	"自我动作实现.外设模块.ixx:1566: inline const 语素入口节点类* 特征_输入参数场景() noexcept || 自我动作实现.扫描.ixx:461: inline const 语素入口节点类* 特征_输入参数场景() noexcept || 自我动作实现模块.ixx:1059: inline const 语素入口节点类* 特征_输入参数场景() noexcept"	"同名不同功能或约束，禁止直接合并"
"特征_运行参数"	"3"	"3"	"0"	"2"	"2x 类别=执行;输入=有自定义类型;输出=指针/引用/句柄;副作用=无明显副作用;领域=自我;约束=noexcept+inline || 1x 类别=执行;输入=有自定义类型;输出=指针/引用/句柄;副作用=无明显副作用;领域=外设;约束=noexcept+inline"	"2x 专用类/对应头文件：自我 || 1x 专用类/对应头文件：外设"	"自我动作实现.外设模块.ixx:693: inline const 语素入口节点类* 特征_运行参数() noexcept || 自我动作实现.服务模块.ixx:53: inline const 语素入口节点类* 特征_运行参数() noexcept || 自我动作实现模块.ixx:96: inline const 语素入口节点类* 特征_运行参数() noexcept"	"同名不同功能或约束，禁止直接合并"
"特征_选中自我能力值"	"3"	"3"	"0"	"3"	"1x 类别=执行;输入=有自定义类型;输出=指针/引用/句柄;副作用=无明显副作用;领域=任务;约束=noexcept || 1x 类别=执行;输入=有自定义类型;输出=指针/引用/句柄;副作用=无明显副作用;领域=外设;约束=noexcept+inline || 1x 类别=执行;输入=有自定义类型;输出=指针/引用/句柄;副作用=无明显副作用;领域=自我;约束=noexcept+inline"	"1x 专用类/对应头文件：任务 || 1x 专用类/对应头文件：外设 || 1x 专用类/对应头文件：自我"	"任务模块.筹办.ixx:4382: const 语素入口节点类* 特征_选中自我能力值() noexcept || 自我动作实现.外设模块.ixx:1928: inline const 语素入口节点类* 特征_选中自我能力值() noexcept || 自我动作实现模块.ixx:1421: inline const 语素入口节点类* 特征_选中自我能力值() noexcept"	"同名不同功能或约束，禁止直接合并"
"特征节点主信息类"	"3"	"3"	"0"	"2"	"2x 类别=执行;输入=有自定义类型;输出=指针/引用/句柄;副作用=无明显副作用;领域=基础信息;约束=无显式约束 || 1x 类别=执行;输入=有自定义类型;输出=其他;副作用=无明显副作用;领域=基础信息;约束=无显式约束"	"3x 专用类/对应头文件：基础信息"	"基础信息主信息类.h:434: 特征节点主信息类() : 基础信息基类(枚举_主信息类型::特征) || 基础信息主信息类.h:437: explicit 特征节点主信息类(const 语素入口节点类* 特征类型) : 基础信息基类(nullptr, 特征类型, 枚举_主信息类型::特征) || 基础信息主信息类.h:442: 特征节点主信息类(const 语素入口节点类* 特征类型, const 特征值& v) : 基础信息基类(nullptr, 特征类型, 枚举_主信息类型::特征), 当前值(v)"	"同名不同功能或约束，禁止直接合并"
"状态类::创建状态"	"3"	"3"	"0"	"2"	"2x 类别=构造;输入=有自定义类型;输出=指针/引用/句柄;副作用=无明显副作用;领域=全局通用候选;约束=无显式约束 || 1x 类别=构造;输入=有自定义类型;输出=整数/时间;副作用=无明显副作用;领域=全局通用候选;约束=无显式约束"	"3x 原地保留/待复核"	"状态类.cpp:230: 状态节点类* 状态类::创建状态(场景节点类* 场景, 状态节点主信息类* 主信息) || 状态类.cpp:352: 状态节点类* 状态类::创建状态( 场景节点类* 场景, const 状态创建参数& 参数, const 状态后处理回调& 后处理) || 状态类.cpp:375: 状态节点类* 状态类::创建状态( 场景节点类* 场景, 基础信息节点类* 主体, 特征节点类* 特征, const 特征值& 状态值, 时间戳 发生时间, 时间戳 收到时间)"	"同名不同功能或约束，禁止直接合并"
"用双目相机刷新当前观察场景"	"3"	"3"	"0"	"2"	"2x 类别=执行;输入=有自定义类型;输出=指针/引用/句柄;副作用=无明显副作用;领域=自我;约束=noexcept+inline || 1x 类别=执行;输入=有自定义类型;输出=指针/引用/句柄;副作用=无明显副作用;领域=外设;约束=noexcept+inline"	"2x 专用类/对应头文件：自我 || 1x 专用类/对应头文件：外设"	"自我动作实现.外设模块.ixx:18418: inline 存在节点类* 用双目相机刷新当前观察场景( 方法类::节点类* 方法首节点, 场景节点类* 输入参数场景, 场景节点类* 输出结果场景) noexcept || 自我动作实现.外部模块.ixx:637: inline 存在节点类* 用双目相机刷新当前观察场景( 方法类::节点类* 方法首节点, 场景节点类* 输入参数场景, 场景节点类* 输出结果场景) noexcept || 自我动作实现模块.ixx:12248: inline 存在节点类* 用双目相机刷新当前观察场景( 方法类::节点类* 方法首节点, 场景节点类* 输入参数场景, 场景节点类* 输出结果场景) noexcept"	"同名不同功能或约束，禁止直接合并"
"用双目相机发现候选存在"	"3"	"3"	"0"	"2"	"2x 类别=执行;输入=有自定义类型;输出=指针/引用/句柄;副作用=无明显副作用;领域=自我;约束=noexcept+inline || 1x 类别=执行;输入=有自定义类型;输出=指针/引用/句柄;副作用=无明显副作用;领域=外设;约束=noexcept+inline"	"2x 专用类/对应头文件：自我 || 1x 专用类/对应头文件：外设"	"自我动作实现.外设模块.ixx:27373: inline 存在节点类* 用双目相机发现候选存在( 方法类::节点类* 方法首节点, 场景节点类* 输入参数场景, 场景节点类* 输出结果场景) noexcept || 自我动作实现.外部模块.ixx:646: inline 存在节点类* 用双目相机发现候选存在( 方法类::节点类* 方法首节点, 场景节点类* 输入参数场景, 场景节点类* 输出结果场景) noexcept || 自我动作实现模块.ixx:12257: inline 存在节点类* 用双目相机发现候选存在( 方法类::节点类* 方法首节点, 场景节点类* 输入参数场景, 场景节点类* 输出结果场景) noexcept"	"同名不同功能或约束，禁止直接合并"
"用双目相机取得当前观察帧"	"3"	"3"	"0"	"2"	"2x 类别=未分类;输入=有自定义类型;输出=指针/引用/句柄;副作用=无明显副作用;领域=自我;约束=noexcept+inline || 1x 类别=未分类;输入=有自定义类型;输出=指针/引用/句柄;副作用=无明显副作用;领域=外设;约束=noexcept+inline"	"2x 专用类/对应头文件：自我 || 1x 专用类/对应头文件：外设"	"自我动作实现.外设模块.ixx:18490: inline 存在节点类* 用双目相机取得当前观察帧( 方法类::节点类* 方法首节点, 场景节点类* 输入参数场景, 场景节点类* 输出结果场景) noexcept || 自我动作实现.外部模块.ixx:655: inline 存在节点类* 用双目相机取得当前观察帧( 方法类::节点类* 方法首节点, 场景节点类* 输入参数场景, 场景节点类* 输出结果场景) noexcept || 自我动作实现模块.ixx:12266: inline 存在节点类* 用双目相机取得当前观察帧( 方法类::节点类* 方法首节点, 场景节点类* 输入参数场景, 场景节点类* 输出结果场景) noexcept"	"同名不同功能或约束，禁止直接合并"
"用双目相机取得当前观察特征帧"	"3"	"3"	"0"	"2"	"2x 类别=未分类;输入=有自定义类型;输出=指针/引用/句柄;副作用=无明显副作用;领域=自我;约束=noexcept+inline || 1x 类别=未分类;输入=有自定义类型;输出=指针/引用/句柄;副作用=无明显副作用;领域=外设;约束=noexcept+inline"	"2x 专用类/对应头文件：自我 || 1x 专用类/对应头文件：外设"	"自我动作实现.外设模块.ixx:18554: inline 存在节点类* 用双目相机取得当前观察特征帧( 方法类::节点类* 方法首节点, 场景节点类* 输入参数场景, 场景节点类* 输出结果场景) noexcept || 自我动作实现.外部模块.ixx:664: inline 存在节点类* 用双目相机取得当前观察特征帧( 方法类::节点类* 方法首节点, 场景节点类* 输入参数场景, 场景节点类* 输出结果场景) noexcept || 自我动作实现模块.ixx:12275: inline 存在节点类* 用双目相机取得当前观察特征帧( 方法类::节点类* 方法首节点, 场景节点类* 输入参数场景, 场景节点类* 输出结果场景) noexcept"	"同名不同功能或约束，禁止直接合并"
"用双目相机建立当前帧像素特征索引"	"3"	"3"	"0"	"2"	"2x 类别=执行;输入=有自定义类型;输出=指针/引用/句柄;副作用=无明显副作用;领域=自我;约束=noexcept+inline || 1x 类别=执行;输入=有自定义类型;输出=指针/引用/句柄;副作用=无明显副作用;领域=外设;约束=noexcept+inline"	"2x 专用类/对应头文件：自我 || 1x 专用类/对应头文件：外设"	"自我动作实现.外设模块.ixx:18757: inline 存在节点类* 用双目相机建立当前帧像素特征索引( 方法类::节点类* 方法首节点, 场景节点类* 输入参数场景, 场景节点类* 输出结果场景) noexcept || 自我动作实现.外部模块.ixx:673: inline 存在节点类* 用双目相机建立当前帧像素特征索引( 方法类::节点类* 方法首节点, 场景节点类* 输入参数场景, 场景节点类* 输出结果场景) noexcept || 自我动作实现模块.ixx:12284: inline 存在节点类* 用双目相机建立当前帧像素特征索引( 方法类::节点类* 方法首节点, 场景节点类* 输入参数场景, 场景节点类* 输出结果场景) noexcept"	"同名不同功能或约束，禁止直接合并"
"确认双目相机刷新当前观察场景规格"	"3"	"3"	"0"	"2"	"2x 类别=校验;输入=有自定义类型;输出=bool;副作用=无明显副作用;领域=自我;约束=noexcept+inline || 1x 类别=校验;输入=有自定义类型;输出=bool;副作用=无明显副作用;领域=外设;约束=noexcept+inline"	"2x 专用类/对应头文件：自我 || 1x 专用类/对应头文件：外设"	"自我动作实现.外设模块.ixx:15966: inline bool 确认双目相机刷新当前观察场景规格( 方法类::节点类* 方法首节点, 存在节点类* 方法存在, 时间戳 now) noexcept || 自我动作实现.外部模块.ixx:52: inline bool 确认双目相机刷新当前观察场景规格( 方法类::节点类* 方法首节点, 存在节点类* 方法存在, 时间戳 now) noexcept || 自我动作实现模块.ixx:8370: inline bool 确认双目相机刷新当前观察场景规格( 方法类::节点类* 方法首节点, 存在节点类* 方法存在, 时间戳 now) noexcept"	"同名不同功能或约束，禁止直接合并"
"确认双目相机发现候选存在规格"	"3"	"3"	"0"	"2"	"2x 类别=校验;输入=有自定义类型;输出=bool;副作用=无明显副作用;领域=自我;约束=noexcept+inline || 1x 类别=校验;输入=有自定义类型;输出=bool;副作用=无明显副作用;领域=外设;约束=noexcept+inline"	"2x 专用类/对应头文件：自我 || 1x 专用类/对应头文件：外设"	"自我动作实现.外设模块.ixx:17966: inline bool 确认双目相机发现候选存在规格( 方法类::节点类* 方法首节点, 存在节点类* 方法存在, 时间戳 now) noexcept || 自我动作实现.外部模块.ixx:61: inline bool 确认双目相机发现候选存在规格( 方法类::节点类* 方法首节点, 存在节点类* 方法存在, 时间戳 now) noexcept || 自我动作实现模块.ixx:8379: inline bool 确认双目相机发现候选存在规格( 方法类::节点类* 方法首节点, 存在节点类* 方法存在, 时间戳 now) noexcept"	"同名不同功能或约束，禁止直接合并"
"确认双目相机取得当前观察帧规格"	"3"	"3"	"0"	"2"	"2x 类别=校验;输入=有自定义类型;输出=bool;副作用=无明显副作用;领域=自我;约束=noexcept+inline || 1x 类别=校验;输入=有自定义类型;输出=bool;副作用=无明显副作用;领域=外设;约束=noexcept+inline"	"2x 专用类/对应头文件：自我 || 1x 专用类/对应头文件：外设"	"自我动作实现.外设模块.ixx:16001: inline bool 确认双目相机取得当前观察帧规格( 方法类::节点类* 方法首节点, 存在节点类* 方法存在, 时间戳 now) noexcept || 自我动作实现.外部模块.ixx:70: inline bool 确认双目相机取得当前观察帧规格( 方法类::节点类* 方法首节点, 存在节点类* 方法存在, 时间戳 now) noexcept || 自我动作实现模块.ixx:8388: inline bool 确认双目相机取得当前观察帧规格( 方法类::节点类* 方法首节点, 存在节点类* 方法存在, 时间戳 now) noexcept"	"同名不同功能或约束，禁止直接合并"
"确认双目相机取得当前观察特征帧规格"	"3"	"3"	"0"	"2"	"2x 类别=校验;输入=有自定义类型;输出=bool;副作用=无明显副作用;领域=自我;约束=noexcept+inline || 1x 类别=校验;输入=有自定义类型;输出=bool;副作用=无明显副作用;领域=外设;约束=noexcept+inline"	"2x 专用类/对应头文件：自我 || 1x 专用类/对应头文件：外设"	"自我动作实现.外设模块.ixx:16042: inline bool 确认双目相机取得当前观察特征帧规格( 方法类::节点类* 方法首节点, 存在节点类* 方法存在, 时间戳 now) noexcept || 自我动作实现.外部模块.ixx:79: inline bool 确认双目相机取得当前观察特征帧规格( 方法类::节点类* 方法首节点, 存在节点类* 方法存在, 时间戳 now) noexcept || 自我动作实现模块.ixx:8397: inline bool 确认双目相机取得当前观察特征帧规格( 方法类::节点类* 方法首节点, 存在节点类* 方法存在, 时间戳 now) noexcept"	"同名不同功能或约束，禁止直接合并"
"确认双目相机建立当前帧像素特征索引规格"	"3"	"3"	"0"	"2"	"2x 类别=校验;输入=有自定义类型;输出=bool;副作用=无明显副作用;领域=自我;约束=noexcept+inline || 1x 类别=校验;输入=有自定义类型;输出=bool;副作用=无明显副作用;领域=外设;约束=noexcept+inline"	"2x 专用类/对应头文件：自我 || 1x 专用类/对应头文件：外设"	"自我动作实现.外设模块.ixx:16134: inline bool 确认双目相机建立当前帧像素特征索引规格( 方法类::节点类* 方法首节点, 存在节点类* 方法存在, 时间戳 now) noexcept || 自我动作实现.外部模块.ixx:88: inline bool 确认双目相机建立当前帧像素特征索引规格( 方法类::节点类* 方法首节点, 存在节点类* 方法存在, 时间戳 now) noexcept || 自我动作实现模块.ixx:8406: inline bool 确认双目相机建立当前帧像素特征索引规格( 方法类::节点类* 方法首节点, 存在节点类* 方法存在, 时间戳 now) noexcept"	"同名不同功能或约束，禁止直接合并"
"确认双目相机控制规格"	"3"	"3"	"0"	"2"	"2x 类别=校验;输入=有自定义类型;输出=bool;副作用=无明显副作用;领域=自我;约束=noexcept+inline || 1x 类别=校验;输入=有自定义类型;输出=bool;副作用=无明显副作用;领域=外设;约束=noexcept+inline"	"2x 专用类/对应头文件：自我 || 1x 专用类/对应头文件：外设"	"自我动作实现.外设模块.ixx:15903: inline bool 确认双目相机控制规格( 方法类::节点类* 方法首节点, 存在节点类* 方法存在, 时间戳 now, bool 目标为可用) noexcept || 自我动作实现.外部模块.ixx:33: inline bool 确认双目相机控制规格( 方法类::节点类* 方法首节点, 存在节点类* 方法存在, 时间戳 now, bool 目标为可用) noexcept || 自我动作实现模块.ixx:8351: inline bool 确认双目相机控制规格( 方法类::节点类* 方法首节点, 存在节点类* 方法存在, 时间戳 now, bool 目标为可用) noexcept"	"同名不同功能或约束，禁止直接合并"
"确认双目相机检查运行状态规格"	"3"	"3"	"0"	"2"	"2x 类别=校验;输入=有自定义类型;输出=bool;副作用=无明显副作用;领域=自我;约束=noexcept+inline || 1x 类别=校验;输入=有自定义类型;输出=bool;副作用=无明显副作用;领域=外设;约束=noexcept+inline"	"2x 专用类/对应头文件：自我 || 1x 专用类/对应头文件：外设"	"自我动作实现.外设模块.ixx:15938: inline bool 确认双目相机检查运行状态规格( 方法类::节点类* 方法首节点, 存在节点类* 方法存在, 时间戳 now) noexcept || 自我动作实现.外部模块.ixx:43: inline bool 确认双目相机检查运行状态规格( 方法类::节点类* 方法首节点, 存在节点类* 方法存在, 时间戳 now) noexcept || 自我动作实现模块.ixx:8361: inline bool 确认双目相机检查运行状态规格( 方法类::节点类* 方法首节点, 存在节点类* 方法存在, 时间戳 now) noexcept"	"同名不同功能或约束，禁止直接合并"
"确认安全执行降级保护规格"	"3"	"3"	"0"	"2"	"2x 类别=校验;输入=有自定义类型;输出=bool;副作用=无明显副作用;领域=自我;约束=noexcept+inline || 1x 类别=校验;输入=有自定义类型;输出=bool;副作用=无明显副作用;领域=外设;约束=noexcept+inline"	"2x 专用类/对应头文件：自我 || 1x 专用类/对应头文件：外设"	"自我动作实现.外设模块.ixx:16750: inline bool 确认安全执行降级保护规格( 方法类::节点类* 方法首节点, 存在节点类* 方法存在, 时间戳 now) noexcept || 自我动作实现.外部模块.ixx:223: inline bool 确认安全执行降级保护规格( 方法类::节点类* 方法首节点, 存在节点类* 方法存在, 时间戳 now) noexcept || 自我动作实现模块.ixx:8597: inline bool 确认安全执行降级保护规格( 方法类::节点类* 方法首节点, 存在节点类* 方法存在, 时间戳 now) noexcept"	"同名不同功能或约束，禁止直接合并"
"确认安全持续观察当前场景规格"	"3"	"3"	"0"	"2"	"2x 类别=校验;输入=有自定义类型;输出=bool;副作用=无明显副作用;领域=自我;约束=noexcept+inline || 1x 类别=校验;输入=有自定义类型;输出=bool;副作用=无明显副作用;领域=外设;约束=noexcept+inline"	"2x 专用类/对应头文件：自我 || 1x 专用类/对应头文件：外设"	"自我动作实现.外设模块.ixx:16697: inline bool 确认安全持续观察当前场景规格( 方法类::节点类* 方法首节点, 存在节点类* 方法存在, 时间戳 now) noexcept || 自我动作实现.外部模块.ixx:205: inline bool 确认安全持续观察当前场景规格( 方法类::节点类* 方法首节点, 存在节点类* 方法存在, 时间戳 now) noexcept || 自我动作实现模块.ixx:8571: inline bool 确认安全持续观察当前场景规格( 方法类::节点类* 方法首节点, 存在节点类* 方法存在, 时间戳 now) noexcept"	"同名不同功能或约束，禁止直接合并"
"确认安全搜索安全因果因素证据规格"	"3"	"3"	"0"	"2"	"2x 类别=校验;输入=有自定义类型;输出=bool;副作用=无明显副作用;领域=自我;约束=noexcept+inline || 1x 类别=校验;输入=有自定义类型;输出=bool;副作用=无明显副作用;领域=外设;约束=noexcept+inline"	"2x 专用类/对应头文件：自我 || 1x 专用类/对应头文件：外设"	"自我动作实现.外设模块.ixx:16436: inline bool 确认安全搜索安全因果因素证据规格( 方法类::节点类* 方法首节点, 存在节点类* 方法存在, 时间戳 now) noexcept || 自我动作实现.外部模块.ixx:538: inline bool 确认安全搜索安全因果因素证据规格( 方法类::节点类* 方法首节点, 存在节点类* 方法存在, 时间戳 now) noexcept || 自我动作实现模块.ixx:8742: inline bool 确认安全搜索安全因果因素证据规格( 方法类::节点类* 方法首节点, 存在节点类* 方法存在, 时间戳 now) noexcept"	"同名不同功能或约束，禁止直接合并"
"确认安全构造场景影响因果候选规格"	"3"	"3"	"0"	"2"	"2x 类别=校验;输入=有自定义类型;输出=bool;副作用=无明显副作用;领域=自我;约束=noexcept+inline || 1x 类别=校验;输入=有自定义类型;输出=bool;副作用=无明显副作用;领域=外设;约束=noexcept+inline"	"2x 专用类/对应头文件：自我 || 1x 专用类/对应头文件：外设"	"自我动作实现.外设模块.ixx:16641: inline bool 确认安全构造场景影响因果候选规格( 方法类::节点类* 方法首节点, 存在节点类* 方法存在, 时间戳 now) noexcept || 自我动作实现.外部模块.ixx:187: inline bool 确认安全构造场景影响因果候选规格( 方法类::节点类* 方法首节点, 存在节点类* 方法存在, 时间戳 now) noexcept || 自我动作实现模块.ixx:8545: inline bool 确认安全构造场景影响因果候选规格( 方法类::节点类* 方法首节点, 存在节点类* 方法存在, 时间戳 now) noexcept"	"同名不同功能或约束，禁止直接合并"
"确认安全评估当前场景安全性规格"	"3"	"3"	"0"	"2"	"2x 类别=校验;输入=有自定义类型;输出=bool;副作用=无明显副作用;领域=自我;约束=noexcept+inline || 1x 类别=校验;输入=有自定义类型;输出=bool;副作用=无明显副作用;领域=外设;约束=noexcept+inline"	"2x 专用类/对应头文件：自我 || 1x 专用类/对应头文件：外设"	"自我动作实现.外设模块.ixx:16331: inline bool 确认安全评估当前场景安全性规格( 方法类::节点类* 方法首节点, 存在节点类* 方法存在, 时间戳 now) noexcept || 自我动作实现.外部模块.ixx:169: inline bool 确认安全评估当前场景安全性规格( 方法类::节点类* 方法首节点, 存在节点类* 方法存在, 时间戳 now) noexcept || 自我动作实现模块.ixx:8493: inline bool 确认安全评估当前场景安全性规格( 方法类::节点类* 方法首节点, 存在节点类* 方法存在, 时间戳 now) noexcept"	"同名不同功能或约束，禁止直接合并"
"确认提交安全因果因素无负证据默认满足规格"	"3"	"3"	"0"	"2"	"2x 类别=校验;输入=有自定义类型;输出=bool;副作用=无明显副作用;领域=自我;约束=noexcept+inline || 1x 类别=校验;输入=有自定义类型;输出=bool;副作用=无明显副作用;领域=外设;约束=noexcept+inline"	"2x 专用类/对应头文件：自我 || 1x 专用类/对应头文件：外设"	"自我动作实现.外设模块.ixx:16496: inline bool 确认提交安全因果因素无负证据默认满足规格( 方法类::节点类* 方法首节点, 存在节点类* 方法存在, 时间戳 now) noexcept || 自我动作实现.外部模块.ixx:547: inline bool 确认提交安全因果因素无负证据默认满足规格( 方法类::节点类* 方法首节点, 存在节点类* 方法存在, 时间戳 now) noexcept || 自我动作实现模块.ixx:8755: inline bool 确认提交安全因果因素无负证据默认满足规格( 方法类::节点类* 方法首节点, 存在节点类* 方法存在, 时间戳 now) noexcept"	"同名不同功能或约束，禁止直接合并"
"确认提交安全因果因素证据评估值规格"	"3"	"3"	"0"	"2"	"2x 类别=校验;输入=有自定义类型;输出=bool;副作用=无明显副作用;领域=自我;约束=noexcept+inline || 1x 类别=校验;输入=有自定义类型;输出=bool;副作用=无明显副作用;领域=外设;约束=noexcept+inline"	"2x 专用类/对应头文件：自我 || 1x 专用类/对应头文件：外设"	"自我动作实现.外设模块.ixx:16519: inline bool 确认提交安全因果因素证据评估值规格( 方法类::节点类* 方法首节点, 存在节点类* 方法存在, 时间戳 now) noexcept || 自我动作实现.外部模块.ixx:556: inline bool 确认提交安全因果因素证据评估值规格( 方法类::节点类* 方法首节点, 存在节点类* 方法存在, 时间戳 now) noexcept || 自我动作实现模块.ixx:8764: inline bool 确认提交安全因果因素证据评估值规格( 方法类::节点类* 方法首节点, 存在节点类* 方法存在, 时间戳 now) noexcept"	"同名不同功能或约束，禁止直接合并"
"确认提交当前观察范围可观测单位存在对应事实规格"	"3"	"3"	"0"	"2"	"2x 类别=校验;输入=有自定义类型;输出=bool;副作用=无明显副作用;领域=自我;约束=noexcept+inline || 1x 类别=校验;输入=有自定义类型;输出=bool;副作用=无明显副作用;领域=外设;约束=noexcept+inline"	"2x 专用类/对应头文件：自我 || 1x 专用类/对应头文件：外设"	"自我动作实现.外设模块.ixx:16977: inline bool 确认提交当前观察范围可观测单位存在对应事实规格( 方法类::节点类* 方法首节点, 存在节点类* 方法存在, 时间戳 now) noexcept || 自我动作实现.外部模块.ixx:304: inline bool 确认提交当前观察范围可观测单位存在对应事实规格( 方法类::节点类* 方法首节点, 存在节点类* 方法存在, 时间戳 now) noexcept || 自我动作实现模块.ixx:8715: inline bool 确认提交当前观察范围可观测单位存在对应事实规格( 方法类::节点类* 方法首节点, 存在节点类* 方法存在, 时间戳 now) noexcept"	"同名不同功能或约束，禁止直接合并"
"确认提交指定存在跟踪事实规格"	"3"	"3"	"0"	"2"	"2x 类别=校验;输入=有自定义类型;输出=bool;副作用=无明显副作用;领域=自我;约束=noexcept+inline || 1x 类别=校验;输入=有自定义类型;输出=bool;副作用=无明显副作用;领域=外设;约束=noexcept+inline"	"2x 专用类/对应头文件：自我 || 1x 专用类/对应头文件：外设"	"自我动作实现.外设模块.ixx:17107: inline bool 确认提交指定存在跟踪事实规格( 方法类::节点类* 方法首节点, 存在节点类* 方法存在, 时间戳 now) noexcept || 自我动作实现.外部模块.ixx:295: inline bool 确认提交指定存在跟踪事实规格( 方法类::节点类* 方法首节点, 存在节点类* 方法存在, 时间戳 now) noexcept || 自我动作实现模块.ixx:8706: inline bool 确认提交指定存在跟踪事实规格( 方法类::节点类* 方法首节点, 存在节点类* 方法存在, 时间戳 now) noexcept"	"同名不同功能或约束，禁止直接合并"
"确认提交确认内部世界子存在事实规格"	"3"	"3"	"0"	"2"	"2x 类别=校验;输入=有自定义类型;输出=bool;副作用=无明显副作用;领域=自我;约束=noexcept+inline || 1x 类别=校验;输入=有自定义类型;输出=bool;副作用=无明显副作用;领域=外设;约束=noexcept+inline"	"2x 专用类/对应头文件：自我 || 1x 专用类/对应头文件：外设"	"自我动作实现.外设模块.ixx:17779: inline bool 确认提交确认内部世界子存在事实规格( 方法类::节点类* 方法首节点, 存在节点类* 方法存在, 时间戳 now) noexcept || 自我动作实现.外部模块.ixx:520: inline bool 确认提交确认内部世界子存在事实规格( 方法类::节点类* 方法首节点, 存在节点类* 方法存在, 时间戳 now) noexcept || 自我动作实现模块.ixx:8948: inline bool 确认提交确认内部世界子存在事实规格( 方法类::节点类* 方法首节点, 存在节点类* 方法存在, 时间戳 now) noexcept"	"同名不同功能或约束，禁止直接合并"
"确认提交确认观察存在事实规格"	"3"	"3"	"0"	"2"	"2x 类别=校验;输入=有自定义类型;输出=bool;副作用=无明显副作用;领域=自我;约束=noexcept+inline || 1x 类别=校验;输入=有自定义类型;输出=bool;副作用=无明显副作用;领域=外设;约束=noexcept+inline"	"2x 专用类/对应头文件：自我 || 1x 专用类/对应头文件：外设"	"自我动作实现.外设模块.ixx:17259: inline bool 确认提交确认观察存在事实规格( 方法类::节点类* 方法首节点, 存在节点类* 方法存在, 时间戳 now) noexcept || 自我动作实现.外部模块.ixx:277: inline bool 确认提交确认观察存在事实规格( 方法类::节点类* 方法首节点, 存在节点类* 方法存在, 时间戳 now) noexcept || 自我动作实现模块.ixx:8688: inline bool 确认提交确认观察存在事实规格( 方法类::节点类* 方法首节点, 存在节点类* 方法存在, 时间戳 now) noexcept"	"同名不同功能或约束，禁止直接合并"
"确认提交观察存在发现事实规格"	"3"	"3"	"0"	"2"	"2x 类别=校验;输入=有自定义类型;输出=bool;副作用=无明显副作用;领域=自我;约束=noexcept+inline || 1x 类别=校验;输入=有自定义类型;输出=bool;副作用=无明显副作用;领域=外设;约束=noexcept+inline"	"2x 专用类/对应头文件：自我 || 1x 专用类/对应头文件：外设"	"自我动作实现.外设模块.ixx:17038: inline bool 确认提交观察存在发现事实规格( 方法类::节点类* 方法首节点, 存在节点类* 方法存在, 时间戳 now) noexcept || 自我动作实现.外部模块.ixx:313: inline bool 确认提交观察存在发现事实规格( 方法类::节点类* 方法首节点, 存在节点类* 方法存在, 时间戳 now) noexcept || 自我动作实现模块.ixx:8724: inline bool 确认提交观察存在发现事实规格( 方法类::节点类* 方法首节点, 存在节点类* 方法存在, 时间戳 now) noexcept"	"同名不同功能或约束，禁止直接合并"
"确认提交观察存在特征值变化事实规格"	"3"	"3"	"0"	"2"	"2x 类别=校验;输入=有自定义类型;输出=bool;副作用=无明显副作用;领域=自我;约束=noexcept+inline || 1x 类别=校验;输入=有自定义类型;输出=bool;副作用=无明显副作用;领域=外设;约束=noexcept+inline"	"2x 专用类/对应头文件：自我 || 1x 专用类/对应头文件：外设"	"自我动作实现.外设模块.ixx:17072: inline bool 确认提交观察存在特征值变化事实规格( 方法类::节点类* 方法首节点, 存在节点类* 方法存在, 时间戳 now) noexcept || 自我动作实现.外部模块.ixx:286: inline bool 确认提交观察存在特征值变化事实规格( 方法类::节点类* 方法首节点, 存在节点类* 方法存在, 时间戳 now) noexcept || 自我动作实现模块.ixx:8697: inline bool 确认提交观察存在特征值变化事实规格( 方法类::节点类* 方法首节点, 存在节点类* 方法存在, 时间戳 now) noexcept"	"同名不同功能或约束，禁止直接合并"
"确认提交风险安全场景影响部分状态变化规格"	"3"	"3"	"0"	"2"	"2x 类别=校验;输入=有自定义类型;输出=bool;副作用=无明显副作用;领域=自我;约束=noexcept+inline || 1x 类别=校验;输入=有自定义类型;输出=bool;副作用=无明显副作用;领域=外设;约束=noexcept+inline"	"2x 专用类/对应头文件：自我 || 1x 专用类/对应头文件：外设"	"自我动作实现.外设模块.ixx:16410: inline bool 确认提交风险安全场景影响部分状态变化规格( 方法类::节点类* 方法首节点, 存在节点类* 方法存在, 时间戳 now) noexcept || 自我动作实现.外部模块.ixx:322: inline bool 确认提交风险安全场景影响部分状态变化规格( 方法类::节点类* 方法首节点, 存在节点类* 方法存在, 时间戳 now) noexcept || 自我动作实现模块.ixx:8733: inline bool 确认提交风险安全场景影响部分状态变化规格( 方法类::节点类* 方法首节点, 存在节点类* 方法存在, 时间戳 now) noexcept"	"同名不同功能或约束，禁止直接合并"
"确认自我判断基础观察事实可用性规格"	"3"	"3"	"0"	"2"	"2x 类别=校验;输入=有自定义类型;输出=bool;副作用=无明显副作用;领域=自我;约束=noexcept+inline || 1x 类别=校验;输入=有自定义类型;输出=bool;副作用=无明显副作用;领域=外设;约束=noexcept+inline"	"2x 专用类/对应头文件：自我 || 1x 专用类/对应头文件：外设"	"自我动作实现.外设模块.ixx:16300: inline bool 确认自我判断基础观察事实可用性规格( 方法类::节点类* 方法首节点, 存在节点类* 方法存在, 时间戳 now) noexcept || 自我动作实现.外部模块.ixx:160: inline bool 确认自我判断基础观察事实可用性规格( 方法类::节点类* 方法首节点, 存在节点类* 方法存在, 时间戳 now) noexcept || 自我动作实现模块.ixx:8478: inline bool 确认自我判断基础观察事实可用性规格( 方法类::节点类* 方法首节点, 存在节点类* 方法存在, 时间戳 now) noexcept"	"同名不同功能或约束，禁止直接合并"
"确认自我判断空间候选相对独立性规格"	"3"	"3"	"0"	"2"	"2x 类别=校验;输入=有自定义类型;输出=bool;副作用=无明显副作用;领域=自我;约束=noexcept+inline || 1x 类别=校验;输入=有自定义类型;输出=bool;副作用=无明显副作用;领域=外设;约束=noexcept+inline"	"2x 专用类/对应头文件：自我 || 1x 专用类/对应头文件：外设"	"自我动作实现.外设模块.ixx:17529: inline bool 确认自我判断空间候选相对独立性规格( 方法类::节点类* 方法首节点, 存在节点类* 方法存在, 时间戳 now) noexcept || 自我动作实现.外部模块.ixx:430: inline bool 确认自我判断空间候选相对独立性规格( 方法类::节点类* 方法首节点, 存在节点类* 方法存在, 时间戳 now) noexcept || 自我动作实现模块.ixx:8858: inline bool 确认自我判断空间候选相对独立性规格( 方法类::节点类* 方法首节点, 存在节点类* 方法存在, 时间戳 now) noexcept"	"同名不同功能或约束，禁止直接合并"
"确认自我匹配当前观察存在与历史观察存在规格"	"3"	"3"	"0"	"2"	"2x 类别=比较;输入=有自定义类型;输出=bool;副作用=无明显副作用;领域=自我;约束=noexcept+inline || 1x 类别=比较;输入=有自定义类型;输出=bool;副作用=无明显副作用;领域=外设;约束=noexcept+inline"	"2x 专用类/对应头文件：自我 || 1x 专用类/对应头文件：外设"	"自我动作实现.外设模块.ixx:17816: inline bool 确认自我匹配当前观察存在与历史观察存在规格( 方法类::节点类* 方法首节点, 存在节点类* 方法存在, 时间戳 now) noexcept || 自我动作实现.外部模块.ixx:565: inline bool 确认自我匹配当前观察存在与历史观察存在规格( 方法类::节点类* 方法首节点, 存在节点类* 方法存在, 时间戳 now) noexcept || 自我动作实现模块.ixx:8966: inline bool 确认自我匹配当前观察存在与历史观察存在规格( 方法类::节点类* 方法首节点, 存在节点类* 方法存在, 时间戳 now) noexcept"	"同名不同功能或约束，禁止直接合并"
"确认自我在内部世界提取子候选规格"	"3"	"3"	"0"	"2"	"2x 类别=校验;输入=有自定义类型;输出=bool;副作用=无明显副作用;领域=自我;约束=noexcept+inline || 1x 类别=校验;输入=有自定义类型;输出=bool;副作用=无明显副作用;领域=外设;约束=noexcept+inline"	"2x 专用类/对应头文件：自我 || 1x 专用类/对应头文件：外设"	"自我动作实现.外设模块.ixx:17740: inline bool 确认自我在内部世界提取子候选规格( 方法类::节点类* 方法首节点, 存在节点类* 方法存在, 时间戳 now) noexcept || 自我动作实现.外部模块.ixx:502: inline bool 确认自我在内部世界提取子候选规格( 方法类::节点类* 方法首节点, 存在节点类* 方法存在, 时间戳 now) noexcept || 自我动作实现模块.ixx:8930: inline bool 确认自我在内部世界提取子候选规格( 方法类::节点类* 方法首节点, 存在节点类* 方法存在, 时间戳 now) noexcept"	"同名不同功能或约束，禁止直接合并"
"确认自我导出OpenGL复现数据规格"	"3"	"3"	"0"	"2"	"2x 类别=校验;输入=有自定义类型;输出=bool;副作用=无明显副作用;领域=自我;约束=noexcept+inline || 1x 类别=校验;输入=有自定义类型;输出=bool;副作用=无明显副作用;领域=外设;约束=noexcept+inline"	"2x 专用类/对应头文件：自我 || 1x 专用类/对应头文件：外设"	"自我动作实现.外设模块.ixx:17941: inline bool 确认自我导出OpenGL复现数据规格( 方法类::节点类* 方法首节点, 存在节点类* 方法存在, 时间戳 now) noexcept || 自我动作实现.外部模块.ixx:601: inline bool 确认自我导出OpenGL复现数据规格( 方法类::节点类* 方法首节点, 存在节点类* 方法存在, 时间戳 now) noexcept || 自我动作实现模块.ixx:9002: inline bool 确认自我导出OpenGL复现数据规格( 方法类::节点类* 方法首节点, 存在节点类* 方法存在, 时间戳 now) noexcept"	"同名不同功能或约束，禁止直接合并"
"确认自我导出当前场景识别快照规格"	"3"	"3"	"0"	"2"	"2x 类别=比较;输入=有自定义类型;输出=bool;副作用=无明显副作用;领域=自我;约束=noexcept+inline || 1x 类别=比较;输入=有自定义类型;输出=bool;副作用=无明显副作用;领域=外设;约束=noexcept+inline"	"2x 专用类/对应头文件：自我 || 1x 专用类/对应头文件：外设"	"自我动作实现.外设模块.ixx:17889: inline bool 确认自我导出当前场景识别快照规格( 方法类::节点类* 方法首节点, 存在节点类* 方法存在, 时间戳 now) noexcept || 自我动作实现.外部模块.ixx:592: inline bool 确认自我导出当前场景识别快照规格( 方法类::节点类* 方法首节点, 存在节点类* 方法存在, 时间戳 now) noexcept || 自我动作实现模块.ixx:8993: inline bool 确认自我导出当前场景识别快照规格( 方法类::节点类* 方法首节点, 存在节点类* 方法存在, 时间戳 now) noexcept"	"同名不同功能或约束，禁止直接合并"
"确认自我将存在局部观察切片映射到内部世界规格"	"3"	"3"	"0"	"2"	"2x 类别=校验;输入=有自定义类型;输出=bool;副作用=无明显副作用;领域=自我;约束=noexcept+inline || 1x 类别=校验;输入=有自定义类型;输出=bool;副作用=无明显副作用;领域=外设;约束=noexcept+inline"	"2x 专用类/对应头文件：自我 || 1x 专用类/对应头文件：外设"	"自我动作实现.外设模块.ixx:17719: inline bool 确认自我将存在局部观察切片映射到内部世界规格( 方法类::节点类* 方法首节点, 存在节点类* 方法存在, 时间戳 now) noexcept || 自我动作实现.外部模块.ixx:493: inline bool 确认自我将存在局部观察切片映射到内部世界规格( 方法类::节点类* 方法首节点, 存在节点类* 方法存在, 时间戳 now) noexcept || 自我动作实现模块.ixx:8921: inline bool 确认自我将存在局部观察切片映射到内部世界规格( 方法类::节点类* 方法首节点, 存在节点类* 方法存在, 时间戳 now) noexcept"	"同名不同功能或约束，禁止直接合并"
"确认自我建立像素观察事实索引规格"	"3"	"3"	"0"	"2"	"2x 类别=校验;输入=有自定义类型;输出=bool;副作用=无明显副作用;领域=自我;约束=noexcept+inline || 1x 类别=校验;输入=有自定义类型;输出=bool;副作用=无明显副作用;领域=外设;约束=noexcept+inline"	"2x 专用类/对应头文件：自我 || 1x 专用类/对应头文件：外设"	"自我动作实现.外设模块.ixx:16208: inline bool 确认自我建立像素观察事实索引规格( 方法类::节点类* 方法首节点, 存在节点类* 方法存在, 时间戳 now) noexcept || 自我动作实现.外部模块.ixx:115: inline bool 确认自我建立像素观察事实索引规格( 方法类::节点类* 方法首节点, 存在节点类* 方法存在, 时间戳 now) noexcept || 自我动作实现模块.ixx:8433: inline bool 确认自我建立像素观察事实索引规格( 方法类::节点类* 方法首节点, 存在节点类* 方法存在, 时间戳 now) noexcept"	"同名不同功能或约束，禁止直接合并"
"确认自我建立存在内外场景接口规格"	"3"	"3"	"0"	"2"	"2x 类别=校验;输入=有自定义类型;输出=bool;副作用=无明显副作用;领域=自我;约束=noexcept+inline || 1x 类别=校验;输入=有自定义类型;输出=bool;副作用=无明显副作用;领域=外设;约束=noexcept+inline"	"2x 专用类/对应头文件：自我 || 1x 专用类/对应头文件：外设"	"自我动作实现.外设模块.ixx:17702: inline bool 确认自我建立存在内外场景接口规格( 方法类::节点类* 方法首节点, 存在节点类* 方法存在, 时间戳 now) noexcept || 自我动作实现.外部模块.ixx:484: inline bool 确认自我建立存在内外场景接口规格( 方法类::节点类* 方法首节点, 存在节点类* 方法存在, 时间戳 now) noexcept || 自我动作实现模块.ixx:8912: inline bool 确认自我建立存在内外场景接口规格( 方法类::节点类* 方法首节点, 存在节点类* 方法存在, 时间戳 now) noexcept"	"同名不同功能或约束，禁止直接合并"
"确认自我建立最小自我边界参照规格"	"3"	"3"	"0"	"2"	"2x 类别=校验;输入=有自定义类型;输出=bool;副作用=无明显副作用;领域=自我;约束=noexcept+inline || 1x 类别=校验;输入=有自定义类型;输出=bool;副作用=无明显副作用;领域=外设;约束=noexcept+inline"	"2x 专用类/对应头文件：自我 || 1x 专用类/对应头文件：外设"	"自我动作实现.外设模块.ixx:16569: inline bool 确认自我建立最小自我边界参照规格( 方法类::节点类* 方法首节点, 存在节点类* 方法存在, 时间戳 now) noexcept || 自我动作实现.外部模块.ixx:340: inline bool 确认自我建立最小自我边界参照规格( 方法类::节点类* 方法首节点, 存在节点类* 方法存在, 时间戳 now) noexcept || 自我动作实现模块.ixx:8519: inline bool 确认自我建立最小自我边界参照规格( 方法类::节点类* 方法首节点, 存在节点类* 方法存在, 时间戳 now) noexcept"	"同名不同功能或约束，禁止直接合并"
"确认自我建立观察帧到自我场景接口规格"	"3"	"3"	"0"	"2"	"2x 类别=校验;输入=有自定义类型;输出=bool;副作用=无明显副作用;领域=自我;约束=noexcept+inline || 1x 类别=校验;输入=有自定义类型;输出=bool;副作用=无明显副作用;领域=外设;约束=noexcept+inline"	"2x 专用类/对应头文件：自我 || 1x 专用类/对应头文件：外设"	"自我动作实现.外设模块.ixx:16192: inline bool 确认自我建立观察帧到自我场景接口规格( 方法类::节点类* 方法首节点, 存在节点类* 方法存在, 时间戳 now) noexcept || 自我动作实现.外部模块.ixx:106: inline bool 确认自我建立观察帧到自我场景接口规格( 方法类::节点类* 方法首节点, 存在节点类* 方法存在, 时间戳 now) noexcept || 自我动作实现模块.ixx:8424: inline bool 确认自我建立观察帧到自我场景接口规格( 方法类::节点类* 方法首节点, 存在节点类* 方法存在, 时间戳 now) noexcept"	"同名不同功能或约束，禁止直接合并"
"确认自我建立观察帧存在规格"	"3"	"3"	"0"	"2"	"2x 类别=校验;输入=有自定义类型;输出=bool;副作用=无明显副作用;领域=自我;约束=noexcept+inline || 1x 类别=校验;输入=有自定义类型;输出=bool;副作用=无明显副作用;领域=外设;约束=noexcept+inline"	"2x 专用类/对应头文件：自我 || 1x 专用类/对应头文件：外设"	"自我动作实现.外设模块.ixx:16153: inline bool 确认自我建立观察帧存在规格( 方法类::节点类* 方法首节点, 存在节点类* 方法存在, 时间戳 now) noexcept || 自我动作实现.外部模块.ixx:97: inline bool 确认自我建立观察帧存在规格( 方法类::节点类* 方法首节点, 存在节点类* 方法存在, 时间戳 now) noexcept || 自我动作实现模块.ixx:8415: inline bool 确认自我建立观察帧存在规格( 方法类::节点类* 方法首节点, 存在节点类* 方法存在, 时间戳 now) noexcept"	"同名不同功能或约束，禁止直接合并"
"确认自我执行多帧重采样并择优规格"	"3"	"3"	"0"	"2"	"2x 类别=校验;输入=有自定义类型;输出=bool;副作用=无明显副作用;领域=自我;约束=noexcept+inline || 1x 类别=校验;输入=有自定义类型;输出=bool;副作用=无明显副作用;领域=外设;约束=noexcept+inline"	"2x 专用类/对应头文件：自我 || 1x 专用类/对应头文件：外设"	"自我动作实现.外设模块.ixx:17425: inline bool 确认自我执行多帧重采样并择优规格( 方法类::节点类* 方法首节点, 存在节点类* 方法存在, 时间戳 now) noexcept || 自我动作实现.外部模块.ixx:376: inline bool 确认自我执行多帧重采样并择优规格( 方法类::节点类* 方法首节点, 存在节点类* 方法存在, 时间戳 now) noexcept || 自我动作实现模块.ixx:8804: inline bool 确认自我执行多帧重采样并择优规格( 方法类::节点类* 方法首节点, 存在节点类* 方法存在, 时间戳 now) noexcept"	"同名不同功能或约束，禁止直接合并"
"确认自我承接像素特征值规格"	"3"	"3"	"0"	"2"	"2x 类别=校验;输入=有自定义类型;输出=bool;副作用=无明显副作用;领域=自我;约束=noexcept+inline || 1x 类别=校验;输入=有自定义类型;输出=bool;副作用=无明显副作用;领域=外设;约束=noexcept+inline"	"2x 专用类/对应头文件：自我 || 1x 专用类/对应头文件：外设"	"自我动作实现.外设模块.ixx:16235: inline bool 确认自我承接像素特征值规格( 方法类::节点类* 方法首节点, 存在节点类* 方法存在, 时间戳 now) noexcept || 自我动作实现.外部模块.ixx:124: inline bool 确认自我承接像素特征值规格( 方法类::节点类* 方法首节点, 存在节点类* 方法存在, 时间戳 now) noexcept || 自我动作实现模块.ixx:8442: inline bool 确认自我承接像素特征值规格( 方法类::节点类* 方法首节点, 存在节点类* 方法存在, 时间戳 now) noexcept"	"同名不同功能或约束，禁止直接合并"
"确认自我按ROI重算观察质量规格"	"3"	"3"	"0"	"2"	"2x 类别=校验;输入=有自定义类型;输出=bool;副作用=无明显副作用;领域=自我;约束=noexcept+inline || 1x 类别=校验;输入=有自定义类型;输出=bool;副作用=无明显副作用;领域=外设;约束=noexcept+inline"	"2x 专用类/对应头文件：自我 || 1x 专用类/对应头文件：外设"	"自我动作实现.外设模块.ixx:17416: inline bool 确认自我按ROI重算观察质量规格( 方法类::节点类* 方法首节点, 存在节点类* 方法存在, 时间戳 now) noexcept || 自我动作实现.外部模块.ixx:367: inline bool 确认自我按ROI重算观察质量规格( 方法类::节点类* 方法首节点, 存在节点类* 方法存在, 时间戳 now) noexcept || 自我动作实现模块.ixx:8795: inline bool 确认自我按ROI重算观察质量规格( 方法类::节点类* 方法首节点, 存在节点类* 方法存在, 时间戳 now) noexcept"	"同名不同功能或约束，禁止直接合并"
"确认自我按像素坐标回查观察事实规格"	"3"	"3"	"0"	"2"	"2x 类别=校验;输入=有自定义类型;输出=bool;副作用=无明显副作用;领域=自我;约束=noexcept+inline || 1x 类别=校验;输入=有自定义类型;输出=bool;副作用=无明显副作用;领域=外设;约束=noexcept+inline"	"2x 专用类/对应头文件：自我 || 1x 专用类/对应头文件：外设"	"自我动作实现.外设模块.ixx:17461: inline bool 确认自我按像素坐标回查观察事实规格( 方法类::节点类* 方法首节点, 存在节点类* 方法存在, 时间戳 now) noexcept || 自我动作实现.外部模块.ixx:412: inline bool 确认自我按像素坐标回查观察事实规格( 方法类::节点类* 方法首节点, 存在节点类* 方法存在, 时间戳 now) noexcept || 自我动作实现模块.ixx:8840: inline bool 确认自我按像素坐标回查观察事实规格( 方法类::节点类* 方法首节点, 存在节点类* 方法存在, 时间戳 now) noexcept"	"同名不同功能或约束，禁止直接合并"
"确认自我按已确认轮廓分区当前帧规格"	"3"	"3"	"0"	"2"	"2x 类别=校验;输入=有自定义类型;输出=bool;副作用=无明显副作用;领域=自我;约束=noexcept+inline || 1x 类别=校验;输入=有自定义类型;输出=bool;副作用=无明显副作用;领域=外设;约束=noexcept+inline"	"2x 专用类/对应头文件：自我 || 1x 专用类/对应头文件：外设"	"自我动作实现.外设模块.ixx:17298: inline bool 确认自我按已确认轮廓分区当前帧规格( 方法类::节点类* 方法首节点, 存在节点类* 方法存在, 时间戳 now) noexcept || 自我动作实现.外部模块.ixx:331: inline bool 确认自我按已确认轮廓分区当前帧规格( 方法类::节点类* 方法首节点, 存在节点类* 方法存在, 时间戳 now) noexcept || 自我动作实现模块.ixx:8773: inline bool 确认自我按已确认轮廓分区当前帧规格( 方法类::节点类* 方法首节点, 存在节点类* 方法存在, 时间戳 now) noexcept"	"同名不同功能或约束，禁止直接合并"
"确认自我提交目标观察约束特征组规格"	"3"	"3"	"0"	"2"	"2x 类别=校验;输入=有自定义类型;输出=bool;副作用=无明显副作用;领域=自我;约束=noexcept+inline || 1x 类别=校验;输入=有自定义类型;输出=bool;副作用=无明显副作用;领域=外设;约束=noexcept+inline"	"2x 专用类/对应头文件：自我 || 1x 专用类/对应头文件：外设"	"自我动作实现.外设模块.ixx:16776: inline bool 确认自我提交目标观察约束特征组规格( 方法类::节点类* 方法首节点, 存在节点类* 方法存在, 时间戳 now) noexcept || 自我动作实现.外部模块.ixx:259: inline bool 确认自我提交目标观察约束特征组规格( 方法类::节点类* 方法首节点, 存在节点类* 方法存在, 时间戳 now) noexcept || 自我动作实现模块.ixx:8662: inline bool 确认自我提交目标观察约束特征组规格( 方法类::节点类* 方法首节点, 存在节点类* 方法存在, 时间戳 now) noexcept"	"同名不同功能或约束，禁止直接合并"
"确认自我提取空间候选规格"	"3"	"3"	"0"	"2"	"2x 类别=校验;输入=有自定义类型;输出=bool;副作用=无明显副作用;领域=自我;约束=noexcept+inline || 1x 类别=校验;输入=有自定义类型;输出=bool;副作用=无明显副作用;领域=外设;约束=noexcept+inline"	"2x 专用类/对应头文件：自我 || 1x 专用类/对应头文件：外设"	"自我动作实现.外设模块.ixx:17483: inline bool 确认自我提取空间候选规格( 方法类::节点类* 方法首节点, 存在节点类* 方法存在, 时间戳 now) noexcept || 自我动作实现.外部模块.ixx:421: inline bool 确认自我提取空间候选规格( 方法类::节点类* 方法首节点, 存在节点类* 方法存在, 时间戳 now) noexcept || 自我动作实现模块.ixx:8849: inline bool 确认自我提取空间候选规格( 方法类::节点类* 方法首节点, 存在节点类* 方法存在, 时间戳 now) noexcept"	"同名不同功能或约束，禁止直接合并"
"确认自我明确当前场景持续观察需求规格"	"3"	"3"	"0"	"2"	"2x 类别=校验;输入=有自定义类型;输出=bool;副作用=无明显副作用;领域=自我;约束=noexcept+inline || 1x 类别=校验;输入=有自定义类型;输出=bool;副作用=无明显副作用;领域=外设;约束=noexcept+inline"	"2x 专用类/对应头文件：自我 || 1x 专用类/对应头文件：外设"	"自我动作实现.外设模块.ixx:16672: inline bool 确认自我明确当前场景持续观察需求规格( 方法类::节点类* 方法首节点, 存在节点类* 方法存在, 时间戳 now) noexcept || 自我动作实现.外部模块.ixx:196: inline bool 确认自我明确当前场景持续观察需求规格( 方法类::节点类* 方法首节点, 存在节点类* 方法存在, 时间戳 now) noexcept || 自我动作实现模块.ixx:8558: inline bool 确认自我明确当前场景持续观察需求规格( 方法类::节点类* 方法首节点, 存在节点类* 方法存在, 时间戳 now) noexcept"	"同名不同功能或约束，禁止直接合并"
"确认自我明确负向影响处置需求规格"	"3"	"3"	"0"	"2"	"2x 类别=校验;输入=有自定义类型;输出=bool;副作用=无明显副作用;领域=自我;约束=noexcept+inline || 1x 类别=校验;输入=有自定义类型;输出=bool;副作用=无明显副作用;领域=外设;约束=noexcept+inline"	"2x 专用类/对应头文件：自我 || 1x 专用类/对应头文件：外设"	"自我动作实现.外设模块.ixx:16724: inline bool 确认自我明确负向影响处置需求规格( 方法类::节点类* 方法首节点, 存在节点类* 方法存在, 时间戳 now) noexcept || 自我动作实现.外部模块.ixx:214: inline bool 确认自我明确负向影响处置需求规格( 方法类::节点类* 方法首节点, 存在节点类* 方法存在, 时间戳 now) noexcept || 自我动作实现模块.ixx:8584: inline bool 确认自我明确负向影响处置需求规格( 方法类::节点类* 方法首节点, 存在节点类* 方法存在, 时间戳 now) noexcept"	"同名不同功能或约束，禁止直接合并"
"确认自我校验观察事实完备性规格"	"3"	"3"	"0"	"2"	"2x 类别=校验;输入=有自定义类型;输出=bool;副作用=无明显副作用;领域=自我;约束=noexcept+inline || 1x 类别=校验;输入=有自定义类型;输出=bool;副作用=无明显副作用;领域=外设;约束=noexcept+inline"	"2x 专用类/对应头文件：自我 || 1x 专用类/对应头文件：外设"	"自我动作实现.外设模块.ixx:16258: inline bool 确认自我校验观察事实完备性规格( 方法类::节点类* 方法首节点, 存在节点类* 方法存在, 时间戳 now) noexcept || 自我动作实现.外部模块.ixx:133: inline bool 确认自我校验观察事实完备性规格( 方法类::节点类* 方法首节点, 存在节点类* 方法存在, 时间戳 now) noexcept || 自我动作实现模块.ixx:8451: inline bool 确认自我校验观察事实完备性规格( 方法类::节点类* 方法首节点, 存在节点类* 方法存在, 时间戳 now) noexcept"	"同名不同功能或约束，禁止直接合并"
"确认自我比较存在特征变化规格"	"3"	"3"	"0"	"2"	"2x 类别=比较;输入=有自定义类型;输出=bool;副作用=无明显副作用;领域=自我;约束=noexcept+inline || 1x 类别=比较;输入=有自定义类型;输出=bool;副作用=无明显副作用;领域=外设;约束=noexcept+inline"	"2x 专用类/对应头文件：自我 || 1x 专用类/对应头文件：外设"	"自我动作实现.外设模块.ixx:17851: inline bool 确认自我比较存在特征变化规格( 方法类::节点类* 方法首节点, 存在节点类* 方法存在, 时间戳 now) noexcept || 自我动作实现.外部模块.ixx:574: inline bool 确认自我比较存在特征变化规格( 方法类::节点类* 方法首节点, 存在节点类* 方法存在, 时间戳 now) noexcept || 自我动作实现模块.ixx:8975: inline bool 确认自我比较存在特征变化规格( 方法类::节点类* 方法首节点, 存在节点类* 方法存在, 时间戳 now) noexcept"	"同名不同功能或约束，禁止直接合并"
"确认自我生成低置信补偿观察候选规格"	"3"	"3"	"0"	"2"	"2x 类别=生成;输入=有自定义类型;输出=bool;副作用=无明显副作用;领域=自我;约束=noexcept+inline || 1x 类别=生成;输入=有自定义类型;输出=bool;副作用=无明显副作用;领域=外设;约束=noexcept+inline"	"2x 专用类/对应头文件：自我 || 1x 专用类/对应头文件：外设"	"自我动作实现.外设模块.ixx:17434: inline bool 确认自我生成低置信补偿观察候选规格( 方法类::节点类* 方法首节点, 存在节点类* 方法存在, 时间戳 now) noexcept || 自我动作实现.外部模块.ixx:385: inline bool 确认自我生成低置信补偿观察候选规格( 方法类::节点类* 方法首节点, 存在节点类* 方法存在, 时间戳 now) noexcept || 自我动作实现模块.ixx:8813: inline bool 确认自我生成低置信补偿观察候选规格( 方法类::节点类* 方法首节点, 存在节点类* 方法存在, 时间戳 now) noexcept"	"同名不同功能或约束，禁止直接合并"
"确认自我生成存在自我相对安全特征规格"	"3"	"3"	"0"	"2"	"2x 类别=生成;输入=有自定义类型;输出=bool;副作用=无明显副作用;领域=自我;约束=noexcept+inline || 1x 类别=生成;输入=有自定义类型;输出=bool;副作用=无明显副作用;领域=外设;约束=noexcept+inline"	"2x 专用类/对应头文件：自我 || 1x 专用类/对应头文件：外设"	"自我动作实现.外设模块.ixx:16609: inline bool 确认自我生成存在自我相对安全特征规格( 方法类::节点类* 方法首节点, 存在节点类* 方法存在, 时间戳 now) noexcept || 自我动作实现.外部模块.ixx:349: inline bool 确认自我生成存在自我相对安全特征规格( 方法类::节点类* 方法首节点, 存在节点类* 方法存在, 时间戳 now) noexcept || 自我动作实现模块.ixx:8532: inline bool 确认自我生成存在自我相对安全特征规格( 方法类::节点类* 方法首节点, 存在节点类* 方法存在, 时间戳 now) noexcept"	"同名不同功能或约束，禁止直接合并"
"确认自我生成空间候选观察队列规格"	"3"	"3"	"0"	"2"	"2x 类别=生成;输入=有自定义类型;输出=bool;副作用=无明显副作用;领域=自我;约束=noexcept+inline || 1x 类别=生成;输入=有自定义类型;输出=bool;副作用=无明显副作用;领域=外设;约束=noexcept+inline"	"2x 专用类/对应头文件：自我 || 1x 专用类/对应头文件：外设"	"自我动作实现.外设模块.ixx:17552: inline bool 确认自我生成空间候选观察队列规格( 方法类::节点类* 方法首节点, 存在节点类* 方法存在, 时间戳 now) noexcept || 自我动作实现.外部模块.ixx:439: inline bool 确认自我生成空间候选观察队列规格( 方法类::节点类* 方法首节点, 存在节点类* 方法存在, 时间戳 now) noexcept || 自我动作实现模块.ixx:8867: inline bool 确认自我生成空间候选观察队列规格( 方法类::节点类* 方法首节点, 存在节点类* 方法存在, 时间戳 now) noexcept"	"同名不同功能或约束，禁止直接合并"
"确认自我生成观察变化事件规格"	"3"	"3"	"0"	"2"	"2x 类别=生成;输入=有自定义类型;输出=bool;副作用=无明显副作用;领域=自我;约束=noexcept+inline || 1x 类别=生成;输入=有自定义类型;输出=bool;副作用=无明显副作用;领域=外设;约束=noexcept+inline"	"2x 专用类/对应头文件：自我 || 1x 专用类/对应头文件：外设"	"自我动作实现.外设模块.ixx:17872: inline bool 确认自我生成观察变化事件规格( 方法类::节点类* 方法首节点, 存在节点类* 方法存在, 时间戳 now) noexcept || 自我动作实现.外部模块.ixx:583: inline bool 确认自我生成观察变化事件规格( 方法类::节点类* 方法首节点, 存在节点类* 方法存在, 时间戳 now) noexcept || 自我动作实现模块.ixx:8984: inline bool 确认自我生成观察变化事件规格( 方法类::节点类* 方法首节点, 存在节点类* 方法存在, 时间戳 now) noexcept"	"同名不同功能或约束，禁止直接合并"
"确认自我用空间范围投影覆盖原帧验证像素归属规格"	"3"	"3"	"0"	"2"	"2x 类别=校验;输入=有自定义类型;输出=bool;副作用=无明显副作用;领域=自我;约束=noexcept+inline || 1x 类别=校验;输入=有自定义类型;输出=bool;副作用=无明显副作用;领域=外设;约束=noexcept+inline"	"2x 专用类/对应头文件：自我 || 1x 专用类/对应头文件：外设"	"自我动作实现.外设模块.ixx:17602: inline bool 确认自我用空间范围投影覆盖原帧验证像素归属规格( 方法类::节点类* 方法首节点, 存在节点类* 方法存在, 时间戳 now) noexcept || 自我动作实现.外部模块.ixx:457: inline bool 确认自我用空间范围投影覆盖原帧验证像素归属规格( 方法类::节点类* 方法首节点, 存在节点类* 方法存在, 时间戳 now) noexcept || 自我动作实现模块.ixx:8885: inline bool 确认自我用空间范围投影覆盖原帧验证像素归属规格( 方法类::节点类* 方法首节点, 存在节点类* 方法存在, 时间戳 now) noexcept"	"同名不同功能或约束，禁止直接合并"
"确认自我确保存在内部世界规格"	"3"	"3"	"0"	"2"	"2x 类别=校验;输入=有自定义类型;输出=bool;副作用=无明显副作用;领域=自我;约束=noexcept+inline || 1x 类别=校验;输入=有自定义类型;输出=bool;副作用=无明显副作用;领域=外设;约束=noexcept+inline"	"2x 专用类/对应头文件：自我 || 1x 专用类/对应头文件：外设"	"自我动作实现.外设模块.ixx:17693: inline bool 确认自我确保存在内部世界规格( 方法类::节点类* 方法首节点, 存在节点类* 方法存在, 时间戳 now) noexcept || 自我动作实现.外部模块.ixx:475: inline bool 确认自我确保存在内部世界规格( 方法类::节点类* 方法首节点, 存在节点类* 方法存在, 时间戳 now) noexcept || 自我动作实现模块.ixx:8903: inline bool 确认自我确保存在内部世界规格( 方法类::节点类* 方法首节点, 存在节点类* 方法存在, 时间戳 now) noexcept"	"同名不同功能或约束，禁止直接合并"
"确认自我确认内部世界子存在规格"	"3"	"3"	"0"	"2"	"2x 类别=校验;输入=有自定义类型;输出=bool;副作用=无明显副作用;领域=自我;约束=noexcept+inline || 1x 类别=校验;输入=有自定义类型;输出=bool;副作用=无明显副作用;领域=外设;约束=noexcept+inline"	"2x 专用类/对应头文件：自我 || 1x 专用类/对应头文件：外设"	"自我动作实现.外设模块.ixx:17758: inline bool 确认自我确认内部世界子存在规格( 方法类::节点类* 方法首节点, 存在节点类* 方法存在, 时间戳 now) noexcept || 自我动作实现.外部模块.ixx:511: inline bool 确认自我确认内部世界子存在规格( 方法类::节点类* 方法首节点, 存在节点类* 方法存在, 时间戳 now) noexcept || 自我动作实现模块.ixx:8939: inline bool 确认自我确认内部世界子存在规格( 方法类::节点类* 方法首节点, 存在节点类* 方法存在, 时间戳 now) noexcept"	"同名不同功能或约束，禁止直接合并"
"确认自我确认外设观察存在候选规格"	"3"	"3"	"0"	"2"	"2x 类别=校验;输入=有自定义类型;输出=bool;副作用=无明显副作用;领域=自我;约束=noexcept+inline || 1x 类别=校验;输入=有自定义类型;输出=bool;副作用=无明显副作用;领域=外设;约束=noexcept+inline"	"2x 专用类/对应头文件：自我 || 1x 专用类/对应头文件：外设"	"自我动作实现.外设模块.ixx:17224: inline bool 确认自我确认外设观察存在候选规格( 方法类::节点类* 方法首节点, 存在节点类* 方法存在, 时间戳 now) noexcept || 自我动作实现.外部模块.ixx:268: inline bool 确认自我确认外设观察存在候选规格( 方法类::节点类* 方法首节点, 存在节点类* 方法存在, 时间戳 now) noexcept || 自我动作实现模块.ixx:8675: inline bool 确认自我确认外设观察存在候选规格( 方法类::节点类* 方法首节点, 存在节点类* 方法存在, 时间戳 now) noexcept"	"同名不同功能或约束，禁止直接合并"
"确认自我确认观察存在并更新帧解释状态规格"	"3"	"3"	"0"	"2"	"2x 类别=校验;输入=有自定义类型;输出=bool;副作用=无明显副作用;领域=自我;约束=noexcept+inline || 1x 类别=校验;输入=有自定义类型;输出=bool;副作用=无明显副作用;领域=外设;约束=noexcept+inline"	"2x 专用类/对应头文件：自我 || 1x 专用类/对应头文件：外设"	"自我动作实现.外设模块.ixx:17637: inline bool 确认自我确认观察存在并更新帧解释状态规格( 方法类::节点类* 方法首节点, 存在节点类* 方法存在, 时间戳 now) noexcept || 自我动作实现.外部模块.ixx:466: inline bool 确认自我确认观察存在并更新帧解释状态规格( 方法类::节点类* 方法首节点, 存在节点类* 方法存在, 时间戳 now) noexcept || 自我动作实现模块.ixx:8894: inline bool 确认自我确认观察存在并更新帧解释状态规格( 方法类::节点类* 方法首节点, 存在节点类* 方法存在, 时间戳 now) noexcept"	"同名不同功能或约束，禁止直接合并"
"确认自我观察单个空间候选并组合存在假设规格"	"3"	"3"	"0"	"2"	"2x 类别=校验;输入=有自定义类型;输出=bool;副作用=无明显副作用;领域=自我;约束=noexcept+inline || 1x 类别=校验;输入=有自定义类型;输出=bool;副作用=无明显副作用;领域=外设;约束=noexcept+inline"	"2x 专用类/对应头文件：自我 || 1x 专用类/对应头文件：外设"	"自我动作实现.外设模块.ixx:17574: inline bool 确认自我观察单个空间候选并组合存在假设规格( 方法类::节点类* 方法首节点, 存在节点类* 方法存在, 时间戳 now) noexcept || 自我动作实现.外部模块.ixx:448: inline bool 确认自我观察单个空间候选并组合存在假设规格( 方法类::节点类* 方法首节点, 存在节点类* 方法存在, 时间戳 now) noexcept || 自我动作实现模块.ixx:8876: inline bool 确认自我观察单个空间候选并组合存在假设规格( 方法类::节点类* 方法首节点, 存在节点类* 方法存在, 时间戳 now) noexcept"	"同名不同功能或约束，禁止直接合并"
"确认自我评估观察帧质量规格"	"3"	"3"	"0"	"2"	"2x 类别=校验;输入=有自定义类型;输出=bool;副作用=无明显副作用;领域=自我;约束=noexcept+inline || 1x 类别=校验;输入=有自定义类型;输出=bool;副作用=无明显副作用;领域=外设;约束=noexcept+inline"	"2x 专用类/对应头文件：自我 || 1x 专用类/对应头文件：外设"	"自我动作实现.外设模块.ixx:16275: inline bool 确认自我评估观察帧质量规格( 方法类::节点类* 方法首节点, 存在节点类* 方法存在, 时间戳 now) noexcept || 自我动作实现.外部模块.ixx:142: inline bool 确认自我评估观察帧质量规格( 方法类::节点类* 方法首节点, 存在节点类* 方法存在, 时间戳 now) noexcept || 自我动作实现模块.ixx:8460: inline bool 确认自我评估观察帧质量规格( 方法类::节点类* 方法首节点, 存在节点类* 方法存在, 时间戳 now) noexcept"	"同名不同功能或约束，禁止直接合并"
"确认自我识别外设观察材料规格"	"3"	"3"	"0"	"2"	"2x 类别=比较;输入=有自定义类型;输出=bool;副作用=无明显副作用;领域=自我;约束=noexcept+inline || 1x 类别=比较;输入=有自定义类型;输出=bool;副作用=无明显副作用;领域=外设;约束=noexcept+inline"	"2x 专用类/对应头文件：自我 || 1x 专用类/对应头文件：外设"	"自我动作实现.外设模块.ixx:16812: inline bool 确认自我识别外设观察材料规格( 方法类::节点类* 方法首节点, 存在节点类* 方法存在, 时间戳 now) noexcept || 自我动作实现.外部模块.ixx:241: inline bool 确认自我识别外设观察材料规格( 方法类::节点类* 方法首节点, 存在节点类* 方法存在, 时间戳 now) noexcept || 自我动作实现模块.ixx:8623: inline bool 确认自我识别外设观察材料规格( 方法类::节点类* 方法首节点, 存在节点类* 方法存在, 时间戳 now) noexcept"	"同名不同功能或约束，禁止直接合并"
"确认自我诊断观察质量缺口并派生补观察需求规格"	"3"	"3"	"0"	"2"	"2x 类别=校验;输入=有自定义类型;输出=bool;副作用=无明显副作用;领域=自我;约束=noexcept+inline || 1x 类别=校验;输入=有自定义类型;输出=bool;副作用=无明显副作用;领域=外设;约束=noexcept+inline"	"2x 专用类/对应头文件：自我 || 1x 专用类/对应头文件：外设"	"自我动作实现.外设模块.ixx:17369: inline bool 确认自我诊断观察质量缺口并派生补观察需求规格( 方法类::节点类* 方法首节点, 存在节点类* 方法存在, 时间戳 now) noexcept || 自我动作实现.外部模块.ixx:151: inline bool 确认自我诊断观察质量缺口并派生补观察需求规格( 方法类::节点类* 方法首节点, 存在节点类* 方法存在, 时间戳 now) noexcept || 自我动作实现模块.ixx:8469: inline bool 确认自我诊断观察质量缺口并派生补观察需求规格( 方法类::节点类* 方法首节点, 存在节点类* 方法存在, 时间戳 now) noexcept"	"同名不同功能或约束，禁止直接合并"
"确认自我读取自我关键特征变化规格"	"3"	"3"	"0"	"2"	"2x 类别=读取;输入=有自定义类型;输出=bool;副作用=无明显副作用;领域=自我;约束=noexcept+inline || 1x 类别=读取;输入=有自定义类型;输出=bool;副作用=无明显副作用;领域=外设;约束=noexcept+inline"	"2x 专用类/对应头文件：自我 || 1x 专用类/对应头文件：外设"	"自我动作实现.外设模块.ixx:16542: inline bool 确认自我读取自我关键特征变化规格( 方法类::节点类* 方法首节点, 存在节点类* 方法存在, 时间戳 now) noexcept || 自我动作实现.外部模块.ixx:178: inline bool 确认自我读取自我关键特征变化规格( 方法类::节点类* 方法首节点, 存在节点类* 方法存在, 时间戳 now) noexcept || 自我动作实现模块.ixx:8506: inline bool 确认自我读取自我关键特征变化规格( 方法类::节点类* 方法首节点, 存在节点类* 方法存在, 时间戳 now) noexcept"	"同名不同功能或约束，禁止直接合并"
"确认自我调整外设观察姿态规格"	"3"	"3"	"0"	"2"	"2x 类别=校验;输入=有自定义类型;输出=bool;副作用=无明显副作用;领域=自我;约束=noexcept+inline || 1x 类别=校验;输入=有自定义类型;输出=bool;副作用=无明显副作用;领域=外设;约束=noexcept+inline"	"2x 专用类/对应头文件：自我 || 1x 专用类/对应头文件：外设"	"自我动作实现.外设模块.ixx:17443: inline bool 确认自我调整外设观察姿态规格( 方法类::节点类* 方法首节点, 存在节点类* 方法存在, 时间戳 now) noexcept || 自我动作实现.外部模块.ixx:394: inline bool 确认自我调整外设观察姿态规格( 方法类::节点类* 方法首节点, 存在节点类* 方法存在, 时间戳 now) noexcept || 自我动作实现模块.ixx:8822: inline bool 确认自我调整外设观察姿态规格( 方法类::节点类* 方法首节点, 存在节点类* 方法存在, 时间戳 now) noexcept"	"同名不同功能或约束，禁止直接合并"
"确认自我调整相机参数并重采样规格"	"3"	"3"	"0"	"2"	"2x 类别=校验;输入=有自定义类型;输出=bool;副作用=无明显副作用;领域=自我;约束=noexcept+inline || 1x 类别=校验;输入=有自定义类型;输出=bool;副作用=无明显副作用;领域=外设;约束=noexcept+inline"	"2x 专用类/对应头文件：自我 || 1x 专用类/对应头文件：外设"	"自我动作实现.外设模块.ixx:17407: inline bool 确认自我调整相机参数并重采样规格( 方法类::节点类* 方法首节点, 存在节点类* 方法存在, 时间戳 now) noexcept || 自我动作实现.外部模块.ixx:358: inline bool 确认自我调整相机参数并重采样规格( 方法类::节点类* 方法首节点, 存在节点类* 方法存在, 时间戳 now) noexcept || 自我动作实现模块.ixx:8786: inline bool 确认自我调整相机参数并重采样规格( 方法类::节点类* 方法首节点, 存在节点类* 方法存在, 时间戳 now) noexcept"	"同名不同功能或约束，禁止直接合并"
"确认自我调整观察位置规格"	"3"	"3"	"0"	"2"	"2x 类别=校验;输入=有自定义类型;输出=bool;副作用=无明显副作用;领域=自我;约束=noexcept+inline || 1x 类别=校验;输入=有自定义类型;输出=bool;副作用=无明显副作用;领域=外设;约束=noexcept+inline"	"2x 专用类/对应头文件：自我 || 1x 专用类/对应头文件：外设"	"自我动作实现.外设模块.ixx:17452: inline bool 确认自我调整观察位置规格( 方法类::节点类* 方法首节点, 存在节点类* 方法存在, 时间戳 now) noexcept || 自我动作实现.外部模块.ixx:403: inline bool 确认自我调整观察位置规格( 方法类::节点类* 方法首节点, 存在节点类* 方法存在, 时间戳 now) noexcept || 自我动作实现模块.ixx:8831: inline bool 确认自我调整观察位置规格( 方法类::节点类* 方法首节点, 存在节点类* 方法存在, 时间戳 now) noexcept"	"同名不同功能或约束，禁止直接合并"
"确认自我跟踪指定存在规格"	"3"	"3"	"0"	"2"	"2x 类别=比较;输入=有自定义类型;输出=bool;副作用=无明显副作用;领域=自我;约束=noexcept+inline || 1x 类别=比较;输入=有自定义类型;输出=bool;副作用=无明显副作用;领域=外设;约束=noexcept+inline"	"2x 专用类/对应头文件：自我 || 1x 专用类/对应头文件：外设"	"自我动作实现.外设模块.ixx:16922: inline bool 确认自我跟踪指定存在规格( 方法类::节点类* 方法首节点, 存在节点类* 方法存在, 时间戳 now) noexcept || 自我动作实现.外部模块.ixx:250: inline bool 确认自我跟踪指定存在规格( 方法类::节点类* 方法首节点, 存在节点类* 方法存在, 时间戳 now) noexcept || 自我动作实现模块.ixx:8649: inline bool 确认自我跟踪指定存在规格( 方法类::节点类* 方法首节点, 存在节点类* 方法存在, 时间戳 now) noexcept"	"同名不同功能或约束，禁止直接合并"
"确认自我递归细分存在内部世界规格"	"3"	"3"	"0"	"2"	"2x 类别=校验;输入=有自定义类型;输出=bool;副作用=无明显副作用;领域=自我;约束=noexcept+inline || 1x 类别=校验;输入=有自定义类型;输出=bool;副作用=无明显副作用;领域=外设;约束=noexcept+inline"	"2x 专用类/对应头文件：自我 || 1x 专用类/对应头文件：外设"	"自我动作实现.外设模块.ixx:17797: inline bool 确认自我递归细分存在内部世界规格( 方法类::节点类* 方法首节点, 存在节点类* 方法存在, 时间戳 now) noexcept || 自我动作实现.外部模块.ixx:529: inline bool 确认自我递归细分存在内部世界规格( 方法类::节点类* 方法首节点, 存在节点类* 方法存在, 时间戳 now) noexcept || 自我动作实现模块.ixx:8957: inline bool 确认自我递归细分存在内部世界规格( 方法类::节点类* 方法首节点, 存在节点类* 方法存在, 时间戳 now) noexcept"	"同名不同功能或约束，禁止直接合并"
"确认自我验证外设观察像素簇候选规格"	"3"	"3"	"0"	"2"	"2x 类别=校验;输入=有自定义类型;输出=bool;副作用=无明显副作用;领域=自我;约束=noexcept+inline || 1x 类别=校验;输入=有自定义类型;输出=bool;副作用=无明显副作用;领域=外设;约束=noexcept+inline"	"2x 专用类/对应头文件：自我 || 1x 专用类/对应头文件：外设"	"自我动作实现.外设模块.ixx:17139: inline bool 确认自我验证外设观察像素簇候选规格( 方法类::节点类* 方法首节点, 存在节点类* 方法存在, 时间戳 now) noexcept || 自我动作实现.外部模块.ixx:232: inline bool 确认自我验证外设观察像素簇候选规格( 方法类::节点类* 方法首节点, 存在节点类* 方法存在, 时间戳 now) noexcept || 自我动作实现模块.ixx:8610: inline bool 确认自我验证外设观察像素簇候选规格( 方法类::节点类* 方法首节点, 存在节点类* 方法存在, 时间戳 now) noexcept"	"同名不同功能或约束，禁止直接合并"
"私有_世界类型文本"	"3"	"3"	"0"	"3"	"1x 类别=未分类;输入=有自定义类型;输出=文本;副作用=无明显副作用;领域=控制面板;约束=noexcept || 1x 类别=未分类;输入=有自定义类型;输出=文本;副作用=无明显副作用;领域=语言;约束=无显式约束 || 1x 类别=未分类;输入=有自定义类型;输出=文本;副作用=无明显副作用;领域=语言;约束=noexcept"	"2x 专用类/对应头文件：语言 || 1x 专用类/对应头文件：控制面板"	"控制面板类.cpp:1145: const char* 私有_世界类型文本(const 枚举_世界类型 类型) noexcept || 语言类_二次特征表达.cpp:34: std::string 私有_世界类型文本(枚举_世界类型 世界类型) || 语言类_基础信息命名.cpp:32: const char* 私有_世界类型文本(枚举_世界类型 类型) noexcept"	"同名不同功能或约束，禁止直接合并"
"私有_任务头绑定需求"	"3"	"3"	"0"	"2"	"2x 类别=未分类;输入=有自定义类型;输出=bool;副作用=无明显副作用;领域=控制面板;约束=noexcept || 1x 类别=未分类;输入=有自定义类型;输出=bool;副作用=无明显副作用;领域=全局通用候选;约束=noexcept"	"2x 专用类/对应头文件：控制面板 || 1x 原地保留/待复核"	"控制面板摘要线程模块.impl.cpp:217: bool 私有_任务头绑定需求(const 任务节点* 节点) noexcept || 控制面板类.cpp:261: bool 私有_任务头绑定需求(const 任务节点* 节点) noexcept || 鱼巢.cpp:622: bool 私有_任务头绑定需求(const 任务类::节点类* 节点) noexcept"	"同名不同功能或约束，禁止直接合并"
"私有_任务节点属于需求任务链"	"3"	"3"	"0"	"2"	"2x 类别=未分类;输入=有自定义类型;输出=bool;副作用=无明显副作用;领域=控制面板;约束=noexcept || 1x 类别=未分类;输入=有自定义类型;输出=bool;副作用=无明显副作用;领域=全局通用候选;约束=noexcept"	"2x 专用类/对应头文件：控制面板 || 1x 原地保留/待复核"	"控制面板摘要线程模块.impl.cpp:226: bool 私有_任务节点属于需求任务链(const 任务节点* 节点) noexcept || 控制面板类.cpp:270: bool 私有_任务节点属于需求任务链(const 任务节点* 节点) noexcept || 鱼巢.cpp:631: bool 私有_任务节点属于需求任务链(const 任务类::节点类* 节点) noexcept"	"同名不同功能或约束，禁止直接合并"
"私有_清理主信息_已加锁"	"3"	"0"	"3"	"3"	"1x 类别=未分类;输入=有自定义类型;输出=void;副作用=无明显副作用;领域=基础信息;约束=noexcept+锁约束 || 1x 类别=未分类;输入=有自定义类型;输出=void;副作用=无明显副作用;领域=语素;约束=noexcept+锁约束 || 1x 类别=未分类;输入=有自定义类型;输出=void;副作用=无明显副作用;领域=语言;约束=noexcept+锁约束"	"1x 专用类/对应头文件：基础信息 || 1x 专用类/对应头文件：语素 || 1x 专用类/对应头文件：语言"	"基础信息类.h:86: void 私有_清理主信息_已加锁() noexcept || 语素类.h:103: void 私有_清理主信息_已加锁() noexcept || 语言类.h:44: void 私有_清理主信息_已加锁() noexcept"	"同名不同功能或约束，禁止直接合并"
"私有_特征_任务失败次数"	"3"	"3"	"0"	"3"	"1x 类别=未分类;输入=有自定义类型;输出=指针/引用/句柄;副作用=无明显副作用;领域=任务;约束=noexcept || 1x 类别=未分类;输入=有自定义类型;输出=指针/引用/句柄;副作用=无明显副作用;领域=自我;约束=noexcept || 1x 类别=未分类;输入=有自定义类型;输出=其他;副作用=无明显副作用;领域=自我;约束=无显式约束"	"2x 专用类/对应头文件：自我 || 1x 专用类/对应头文件：任务"	"任务类.cpp:456: const 语素入口节点类* 私有_特征_任务失败次数() noexcept || 自我类.初始化.cpp:834: const 语素入口节点类* 私有_特征_任务失败次数() noexcept || 自我类.初始化.cpp:991: (void)任务类::记录任务虚拟存在特征( 宿主任务, 私有_特征_任务失败次数(), 特征值"	"同名不同功能或约束，禁止直接合并"
"私有_特征_任务成功次数"	"3"	"3"	"0"	"3"	"1x 类别=未分类;输入=有自定义类型;输出=指针/引用/句柄;副作用=无明显副作用;领域=任务;约束=noexcept || 1x 类别=未分类;输入=有自定义类型;输出=指针/引用/句柄;副作用=无明显副作用;领域=自我;约束=noexcept || 1x 类别=未分类;输入=有自定义类型;输出=其他;副作用=无明显副作用;领域=自我;约束=无显式约束"	"2x 专用类/对应头文件：自我 || 1x 专用类/对应头文件：任务"	"任务类.cpp:449: const 语素入口节点类* 私有_特征_任务成功次数() noexcept || 自我类.初始化.cpp:827: const 语素入口节点类* 私有_特征_任务成功次数() noexcept || 自我类.初始化.cpp:983: (void)任务类::记录任务虚拟存在特征( 宿主任务, 私有_特征_任务成功次数(), 特征值"	"同名不同功能或约束，禁止直接合并"
"私有_特征_任务最近错误码"	"3"	"3"	"0"	"3"	"1x 类别=未分类;输入=有自定义类型;输出=指针/引用/句柄;副作用=无明显副作用;领域=任务;约束=noexcept || 1x 类别=未分类;输入=有自定义类型;输出=指针/引用/句柄;副作用=无明显副作用;领域=自我;约束=noexcept || 1x 类别=未分类;输入=有自定义类型;输出=其他;副作用=无明显副作用;领域=自我;约束=无显式约束"	"2x 专用类/对应头文件：自我 || 1x 专用类/对应头文件：任务"	"任务类.cpp:477: const 语素入口节点类* 私有_特征_任务最近错误码() noexcept || 自我类.初始化.cpp:807: const 语素入口节点类* 私有_特征_任务最近错误码() noexcept || 自我类.初始化.cpp:967: (void)任务类::记录任务虚拟存在特征( 宿主任务, 私有_特征_任务最近错误码(), 特征值"	"同名不同功能或约束，禁止直接合并"
"私有_特征_任务缺口类型"	"3"	"3"	"0"	"2"	"2x 类别=未分类;输入=有自定义类型;输出=其他;副作用=无明显副作用;领域=自我;约束=无显式约束 || 1x 类别=未分类;输入=有自定义类型;输出=指针/引用/句柄;副作用=无明显副作用;领域=自我;约束=noexcept"	"3x 专用类/对应头文件：自我"	"自我类.初始化.cpp:862: const 语素入口节点类* 私有_特征_任务缺口类型() noexcept || 自我类.初始化.cpp:895: (void)任务类::记录任务虚拟存在特征( 任务, 私有_特征_任务缺口类型(), 特征值 || 自我类.初始化.cpp:1015: (void)任务类::记录任务虚拟存在特征( 宿主任务, 私有_特征_任务缺口类型(), 特征值"	"同名不同功能或约束，禁止直接合并"
"私有_特征_任务转入缺口需求次数"	"3"	"3"	"0"	"3"	"1x 类别=未分类;输入=有自定义类型;输出=指针/引用/句柄;副作用=无明显副作用;领域=任务;约束=noexcept || 1x 类别=未分类;输入=有自定义类型;输出=指针/引用/句柄;副作用=无明显副作用;领域=自我;约束=noexcept || 1x 类别=未分类;输入=有自定义类型;输出=其他;副作用=无明显副作用;领域=自我;约束=无显式约束"	"2x 专用类/对应头文件：自我 || 1x 专用类/对应头文件：任务"	"任务类.cpp:470: const 语素入口节点类* 私有_特征_任务转入缺口需求次数() noexcept || 自我类.初始化.cpp:841: const 语素入口节点类* 私有_特征_任务转入缺口需求次数() noexcept || 自我类.初始化.cpp:999: (void)任务类::记录任务虚拟存在特征( 宿主任务, 私有_特征_任务转入缺口需求次数(), 特征值"	"同名不同功能或约束，禁止直接合并"
"私有_特征_任务运行次数"	"3"	"3"	"0"	"3"	"1x 类别=执行;输入=有自定义类型;输出=指针/引用/句柄;副作用=无明显副作用;领域=任务;约束=noexcept || 1x 类别=执行;输入=有自定义类型;输出=指针/引用/句柄;副作用=无明显副作用;领域=自我;约束=noexcept || 1x 类别=执行;输入=有自定义类型;输出=其他;副作用=无明显副作用;领域=自我;约束=无显式约束"	"2x 专用类/对应头文件：自我 || 1x 专用类/对应头文件：任务"	"任务类.cpp:442: const 语素入口节点类* 私有_特征_任务运行次数() noexcept || 自我类.初始化.cpp:820: const 语素入口节点类* 私有_特征_任务运行次数() noexcept || 自我类.初始化.cpp:975: (void)任务类::记录任务虚拟存在特征( 宿主任务, 私有_特征_任务运行次数(), 特征值"	"同名不同功能或约束，禁止直接合并"
"私有_特征_任务选中自我能力值"	"3"	"3"	"0"	"2"	"2x 类别=未分类;输入=有自定义类型;输出=其他;副作用=无明显副作用;领域=自我;约束=无显式约束 || 1x 类别=未分类;输入=有自定义类型;输出=指针/引用/句柄;副作用=无明显副作用;领域=自我;约束=noexcept"	"3x 专用类/对应头文件：自我"	"自我类.初始化.cpp:855: const 语素入口节点类* 私有_特征_任务选中自我能力值() noexcept || 自我类.初始化.cpp:905: (void)任务类::记录任务虚拟存在特征( 任务, 私有_特征_任务选中自我能力值(), 特征值 || 自我类.初始化.cpp:1027: (void)任务类::记录任务虚拟存在特征( 宿主任务, 私有_特征_任务选中自我能力值(), 特征值"	"同名不同功能或约束，禁止直接合并"
"私有_特征值非空_线程侧"	"3"	"3"	"0"	"2"	"2x 类别=未分类;输入=有自定义类型;输出=指针/引用/句柄;副作用=无明显副作用;领域=自我;约束=无显式约束 || 1x 类别=未分类;输入=有自定义类型;输出=bool;副作用=无明显副作用;领域=自我;约束=noexcept"	"3x 专用类/对应头文件：自我"	"自我线程模块.impl.cpp:1033: bool 私有_特征值非空_线程侧(const 特征值& 值) noexcept || 自我线程模块.impl.cpp:1142: before主信息 && 私有_特征值非空_线程侧(before主信息->状态值)) || 自我线程模块.impl.cpp:1153: actual主信息 && 私有_特征值非空_线程侧(actual主信息->状态值))"	"同名不同功能或约束，禁止直接合并"
"私有_直接基础信息子节点"	"3"	"3"	"0"	"3"	"1x 类别=未分类;输入=有自定义类型;输出=指针/引用/句柄;副作用=无明显副作用;领域=世界;约束=无显式约束 || 1x 类别=未分类;输入=有自定义类型;输出=指针/引用/句柄;副作用=无明显副作用;领域=特征;约束=无显式约束 || 1x 类别=未分类;输入=有自定义类型;输出=指针/引用/句柄;副作用=无明显副作用;领域=语言;约束=无显式约束"	"1x 专用类/对应头文件：世界 || 1x 专用类/对应头文件：特征 || 1x 专用类/对应头文件：语言"	"世界树类.cpp:95: std::vector<基础信息节点类*> 私有_直接基础信息子节点( const 基础信息类& 基础信息, const 基础信息节点类* 父节点) || 特征类.cpp:73: std::vector<基础信息节点类*> 私有_直接基础信息子节点( const 基础信息类& 基础信息, const 基础信息节点类* 父节点) || 语言类_存在表达.cpp:47: std::vector<基础信息节点类*> 私有_直接基础信息子节点( const 基础信息类& 基础信息, const 基础信息节点类* 父节点)"	"同名不同功能或约束，禁止直接合并"
"私有_线程最终去向文本"	"3"	"3"	"0"	"3"	"1x 类别=未分类;输入=有自定义类型;输出=文本;副作用=无明显副作用;领域=控制面板;约束=noexcept || 1x 类别=未分类;输入=有自定义类型;输出=文本;副作用=无明显副作用;领域=自我;约束=noexcept || 1x 类别=未分类;输入=有自定义类型;输出=文本;副作用=无明显副作用;领域=全局通用候选;约束=noexcept"	"1x 专用类/对应头文件：控制面板 || 1x 专用类/对应头文件：自我 || 1x 原地保留/待复核"	"控制面板类.cpp:688: const char* 私有_线程最终去向文本(const 枚举_自我线程最终去向 去向) noexcept || 自我线程模块.impl.cpp:12895: const char* 私有_线程最终去向文本(枚举_自我线程最终去向 去向) noexcept || 鱼巢.cpp:499: const char* 私有_线程最终去向文本(枚举_自我线程最终去向 去向) noexcept"	"同名不同功能或约束，禁止直接合并"
"私有_线程生命周期文本"	"3"	"3"	"0"	"3"	"1x 类别=未分类;输入=有自定义类型;输出=文本;副作用=无明显副作用;领域=控制面板;约束=noexcept || 1x 类别=未分类;输入=有自定义类型;输出=文本;副作用=无明显副作用;领域=自我;约束=noexcept || 1x 类别=未分类;输入=有自定义类型;输出=文本;副作用=无明显副作用;领域=全局通用候选;约束=noexcept"	"1x 专用类/对应头文件：控制面板 || 1x 专用类/对应头文件：自我 || 1x 原地保留/待复核"	"控制面板类.cpp:651: const char* 私有_线程生命周期文本(const 枚举_线程生命周期状态 状态) noexcept || 自我线程模块.impl.cpp:12805: const char* 私有_线程生命周期文本(枚举_线程生命周期状态 状态) noexcept || 鱼巢.cpp:174: const char* 私有_线程生命周期文本(枚举_线程生命周期状态 状态) noexcept"	"同名不同功能或约束，禁止直接合并"
"私有_线程运行阶段文本"	"3"	"3"	"0"	"3"	"1x 类别=执行;输入=有自定义类型;输出=文本;副作用=无明显副作用;领域=控制面板;约束=noexcept || 1x 类别=执行;输入=有自定义类型;输出=文本;副作用=无明显副作用;领域=自我;约束=noexcept || 1x 类别=执行;输入=有自定义类型;输出=文本;副作用=无明显副作用;领域=全局通用候选;约束=noexcept"	"1x 专用类/对应头文件：控制面板 || 1x 专用类/对应头文件：自我 || 1x 原地保留/待复核"	"控制面板类.cpp:666: const char* 私有_线程运行阶段文本(const 枚举_自我线程运行阶段 阶段) noexcept || 自我线程模块.impl.cpp:12873: const char* 私有_线程运行阶段文本(枚举_自我线程运行阶段 阶段) noexcept || 鱼巢.cpp:477: const char* 私有_线程运行阶段文本(枚举_自我线程运行阶段 阶段) noexcept"	"同名不同功能或约束，禁止直接合并"
"私有_设置同层环头"	"3"	"1"	"2"	"2"	"2x 类别=未分类;输入=无自定义类型;输出=其他;副作用=无明显副作用;领域=全局通用候选;约束=无显式约束 || 1x 类别=未分类;输入=有自定义类型;输出=void;副作用=无明显副作用;领域=全局通用候选;约束=static"	"2x 全局共享函数类.ixx候选 || 1x 原地保留/待复核"	"双向链表模板_深拷贝.inl:105: 私有_设置同层环头(dst_head) || 双向链表模板核心.h:210: static void 私有_设置同层环头(节点类* 头) || 双向链表模板核心.h:533: 私有_设置同层环头(新同层环头)"	"同名不同功能或约束，禁止直接合并"
"私有_追加等号字段"	"3"	"3"	"0"	"2"	"2x 类别=写入;输入=有自定义类型;输出=void;副作用=无明显副作用;领域=控制面板;约束=无显式约束 || 1x 类别=写入;输入=有自定义类型;输出=bool;副作用=无明显副作用;领域=控制面板;约束=无显式约束"	"3x 专用类/对应头文件：控制面板"	"控制面板类.cpp:2724: void 私有_追加等号字段( 结构_控制面板树节点& 父节点, const std::string& 名称, const std::string& 值) || 控制面板类.cpp:2733: void 私有_追加等号字段( 结构_控制面板树节点& 父节点, const std::string& 名称, const char* 值) || 控制面板类.cpp:2742: void 私有_追加等号字段( 结构_控制面板树节点& 父节点, const std::string& 名称, const bool 值)"	"同名不同功能或约束，禁止直接合并"
"私有_饱和减"	"3"	"3"	"0"	"3"	"1x 类别=未分类;输入=无自定义类型;输出=整数/时间;副作用=无明显副作用;领域=世界;约束=noexcept || 1x 类别=未分类;输入=无自定义类型;输出=整数/时间;副作用=无明显副作用;领域=特征;约束=noexcept || 1x 类别=未分类;输入=无自定义类型;输出=整数/时间;副作用=无明显副作用;领域=自我;约束=noexcept"	"1x 专用类/对应头文件：世界 || 1x 专用类/对应头文件：特征 || 1x 专用类/对应头文件：自我"	"世界树类.cpp:175: I64 私有_饱和减(I64 a, I64 b) noexcept || 特征类.cpp:134: I64 私有_饱和减(I64 a, I64 b) noexcept || 自我类.cpp:37: I64 私有_饱和减(I64 a, I64 b) noexcept"	"同名不同功能或约束，禁止直接合并"
"自我判断基础观察事实可用性"	"3"	"3"	"0"	"2"	"2x 类别=未分类;输入=有自定义类型;输出=指针/引用/句柄;副作用=无明显副作用;领域=自我;约束=noexcept+inline || 1x 类别=未分类;输入=有自定义类型;输出=指针/引用/句柄;副作用=无明显副作用;领域=外设;约束=noexcept+inline"	"2x 专用类/对应头文件：自我 || 1x 专用类/对应头文件：外设"	"自我动作实现.外设模块.ixx:19157: inline 存在节点类* 自我判断基础观察事实可用性( 方法类::节点类* 方法首节点, 场景节点类* 输入参数场景, 场景节点类* 输出结果场景) noexcept || 自我动作实现.外部模块.ixx:745: inline 存在节点类* 自我判断基础观察事实可用性( 方法类::节点类* 方法首节点, 场景节点类* 输入参数场景, 场景节点类* 输出结果场景) noexcept || 自我动作实现模块.ixx:12356: inline 存在节点类* 自我判断基础观察事实可用性( 方法类::节点类* 方法首节点, 场景节点类* 输入参数场景, 场景节点类* 输出结果场景) noexcept"	"同名不同功能或约束，禁止直接合并"
"自我判断空间候选相对独立性"	"3"	"3"	"0"	"2"	"2x 类别=未分类;输入=有自定义类型;输出=指针/引用/句柄;副作用=无明显副作用;领域=自我;约束=noexcept+inline || 1x 类别=未分类;输入=有自定义类型;输出=指针/引用/句柄;副作用=无明显副作用;领域=外设;约束=noexcept+inline"	"2x 专用类/对应头文件：自我 || 1x 专用类/对应头文件：外设"	"自我动作实现.外设模块.ixx:26955: inline 存在节点类* 自我判断空间候选相对独立性( 方法类::节点类* 方法首节点, 场景节点类* 输入参数场景, 场景节点类* 输出结果场景) noexcept || 自我动作实现.外部模块.ixx:1015: inline 存在节点类* 自我判断空间候选相对独立性( 方法类::节点类* 方法首节点, 场景节点类* 输入参数场景, 场景节点类* 输出结果场景) noexcept || 自我动作实现模块.ixx:12662: inline 存在节点类* 自我判断空间候选相对独立性( 方法类::节点类* 方法首节点, 场景节点类* 输入参数场景, 场景节点类* 输出结果场景) noexcept"	"同名不同功能或约束，禁止直接合并"
"自我匹配当前观察存在与历史观察存在"	"3"	"3"	"0"	"2"	"2x 类别=比较;输入=有自定义类型;输出=指针/引用/句柄;副作用=无明显副作用;领域=自我;约束=noexcept+inline || 1x 类别=比较;输入=有自定义类型;输出=指针/引用/句柄;副作用=无明显副作用;领域=外设;约束=noexcept+inline"	"2x 专用类/对应头文件：自我 || 1x 专用类/对应头文件：外设"	"自我动作实现.外设模块.ixx:26691: inline 存在节点类* 自我匹配当前观察存在与历史观察存在( 方法类::节点类* 方法首节点, 场景节点类* 输入参数场景, 场景节点类* 输出结果场景) noexcept || 自我动作实现.外部模块.ixx:1150: inline 存在节点类* 自我匹配当前观察存在与历史观察存在( 方法类::节点类* 方法首节点, 场景节点类* 输入参数场景, 场景节点类* 输出结果场景) noexcept || 自我动作实现模块.ixx:12770: inline 存在节点类* 自我匹配当前观察存在与历史观察存在( 方法类::节点类* 方法首节点, 场景节点类* 输入参数场景, 场景节点类* 输出结果场景) noexcept"	"同名不同功能或约束，禁止直接合并"
"自我在内部世界提取子候选"	"3"	"3"	"0"	"2"	"2x 类别=执行;输入=有自定义类型;输出=指针/引用/句柄;副作用=无明显副作用;领域=自我;约束=noexcept+inline || 1x 类别=执行;输入=有自定义类型;输出=指针/引用/句柄;副作用=无明显副作用;领域=外设;约束=noexcept+inline"	"2x 专用类/对应头文件：自我 || 1x 专用类/对应头文件：外设"	"自我动作实现.外设模块.ixx:26355: inline 存在节点类* 自我在内部世界提取子候选( 方法类::节点类* 方法首节点, 场景节点类* 输入参数场景, 场景节点类* 输出结果场景) noexcept || 自我动作实现.外部模块.ixx:1087: inline 存在节点类* 自我在内部世界提取子候选( 方法类::节点类* 方法首节点, 场景节点类* 输入参数场景, 场景节点类* 输出结果场景) noexcept || 自我动作实现模块.ixx:12734: inline 存在节点类* 自我在内部世界提取子候选( 方法类::节点类* 方法首节点, 场景节点类* 输入参数场景, 场景节点类* 输出结果场景) noexcept"	"同名不同功能或约束，禁止直接合并"
"自我导出OpenGL复现数据"	"3"	"3"	"0"	"2"	"2x 类别=未分类;输入=有自定义类型;输出=指针/引用/句柄;副作用=无明显副作用;领域=自我;约束=noexcept+inline || 1x 类别=未分类;输入=有自定义类型;输出=指针/引用/句柄;副作用=无明显副作用;领域=外设;约束=noexcept+inline"	"2x 专用类/对应头文件：自我 || 1x 专用类/对应头文件：外设"	"自我动作实现.外设模块.ixx:26872: inline 存在节点类* 自我导出OpenGL复现数据( 方法类::节点类* 方法首节点, 场景节点类* 输入参数场景, 场景节点类* 输出结果场景) noexcept || 自我动作实现.外部模块.ixx:1186: inline 存在节点类* 自我导出OpenGL复现数据( 方法类::节点类* 方法首节点, 场景节点类* 输入参数场景, 场景节点类* 输出结果场景) noexcept || 自我动作实现模块.ixx:12806: inline 存在节点类* 自我导出OpenGL复现数据( 方法类::节点类* 方法首节点, 场景节点类* 输入参数场景, 场景节点类* 输出结果场景) noexcept"	"同名不同功能或约束，禁止直接合并"
"自我导出当前场景识别快照"	"3"	"3"	"0"	"2"	"2x 类别=比较;输入=有自定义类型;输出=指针/引用/句柄;副作用=无明显副作用;领域=自我;约束=noexcept+inline || 1x 类别=比较;输入=有自定义类型;输出=指针/引用/句柄;副作用=无明显副作用;领域=外设;约束=noexcept+inline"	"2x 专用类/对应头文件：自我 || 1x 专用类/对应头文件：外设"	"自我动作实现.外设模块.ixx:26854: inline 存在节点类* 自我导出当前场景识别快照( 方法类::节点类* 方法首节点, 场景节点类* 输入参数场景, 场景节点类* 输出结果场景) noexcept || 自我动作实现.外部模块.ixx:1177: inline 存在节点类* 自我导出当前场景识别快照( 方法类::节点类* 方法首节点, 场景节点类* 输入参数场景, 场景节点类* 输出结果场景) noexcept || 自我动作实现模块.ixx:12797: inline 存在节点类* 自我导出当前场景识别快照( 方法类::节点类* 方法首节点, 场景节点类* 输入参数场景, 场景节点类* 输出结果场景) noexcept"	"同名不同功能或约束，禁止直接合并"
"自我将存在局部观察切片映射到内部世界"	"3"	"3"	"0"	"2"	"2x 类别=执行;输入=有自定义类型;输出=指针/引用/句柄;副作用=无明显副作用;领域=自我;约束=noexcept+inline || 1x 类别=执行;输入=有自定义类型;输出=指针/引用/句柄;副作用=无明显副作用;领域=外设;约束=noexcept+inline"	"2x 专用类/对应头文件：自我 || 1x 专用类/对应头文件：外设"	"自我动作实现.外设模块.ixx:26337: inline 存在节点类* 自我将存在局部观察切片映射到内部世界( 方法类::节点类* 方法首节点, 场景节点类* 输入参数场景, 场景节点类* 输出结果场景) noexcept || 自我动作实现.外部模块.ixx:1078: inline 存在节点类* 自我将存在局部观察切片映射到内部世界( 方法类::节点类* 方法首节点, 场景节点类* 输入参数场景, 场景节点类* 输出结果场景) noexcept || 自我动作实现模块.ixx:12725: inline 存在节点类* 自我将存在局部观察切片映射到内部世界( 方法类::节点类* 方法首节点, 场景节点类* 输入参数场景, 场景节点类* 输出结果场景) noexcept"	"同名不同功能或约束，禁止直接合并"
"自我建立像素观察事实索引"	"3"	"3"	"0"	"2"	"2x 类别=执行;输入=有自定义类型;输出=指针/引用/句柄;副作用=无明显副作用;领域=自我;约束=noexcept+inline || 1x 类别=执行;输入=有自定义类型;输出=指针/引用/句柄;副作用=无明显副作用;领域=外设;约束=noexcept+inline"	"2x 专用类/对应头文件：自我 || 1x 专用类/对应头文件：外设"	"自我动作实现.外设模块.ixx:18828: inline 存在节点类* 自我建立像素观察事实索引( 方法类::节点类* 方法首节点, 场景节点类* 输入参数场景, 场景节点类* 输出结果场景) noexcept || 自我动作实现.外部模块.ixx:700: inline 存在节点类* 自我建立像素观察事实索引( 方法类::节点类* 方法首节点, 场景节点类* 输入参数场景, 场景节点类* 输出结果场景) noexcept || 自我动作实现模块.ixx:12311: inline 存在节点类* 自我建立像素观察事实索引( 方法类::节点类* 方法首节点, 场景节点类* 输入参数场景, 场景节点类* 输出结果场景) noexcept"	"同名不同功能或约束，禁止直接合并"
"自我建立存在内外场景接口"	"3"	"3"	"0"	"2"	"2x 类别=执行;输入=有自定义类型;输出=指针/引用/句柄;副作用=无明显副作用;领域=自我;约束=noexcept+inline || 1x 类别=执行;输入=有自定义类型;输出=指针/引用/句柄;副作用=无明显副作用;领域=外设;约束=noexcept+inline"	"2x 专用类/对应头文件：自我 || 1x 专用类/对应头文件：外设"	"自我动作实现.外设模块.ixx:26319: inline 存在节点类* 自我建立存在内外场景接口( 方法类::节点类* 方法首节点, 场景节点类* 输入参数场景, 场景节点类* 输出结果场景) noexcept || 自我动作实现.外部模块.ixx:1069: inline 存在节点类* 自我建立存在内外场景接口( 方法类::节点类* 方法首节点, 场景节点类* 输入参数场景, 场景节点类* 输出结果场景) noexcept || 自我动作实现模块.ixx:12716: inline 存在节点类* 自我建立存在内外场景接口( 方法类::节点类* 方法首节点, 场景节点类* 输入参数场景, 场景节点类* 输出结果场景) noexcept"	"同名不同功能或约束，禁止直接合并"
"自我建立最小自我边界参照"	"3"	"3"	"0"	"2"	"2x 类别=执行;输入=有自定义类型;输出=指针/引用/句柄;副作用=无明显副作用;领域=自我;约束=noexcept+inline || 1x 类别=执行;输入=有自定义类型;输出=指针/引用/句柄;副作用=无明显副作用;领域=外设;约束=noexcept+inline"	"2x 专用类/对应头文件：自我 || 1x 专用类/对应头文件：外设"	"自我动作实现.外设模块.ixx:21025: inline 存在节点类* 自我建立最小自我边界参照( 方法类::节点类* 方法首节点, 场景节点类* 输入参数场景, 场景节点类* 输出结果场景) noexcept || 自我动作实现.外部模块.ixx:988: inline 存在节点类* 自我建立最小自我边界参照( 方法类::节点类* 方法首节点, 场景节点类* 输入参数场景, 场景节点类* 输出结果场景) noexcept || 自我动作实现模块.ixx:12383: inline 存在节点类* 自我建立最小自我边界参照( 方法类::节点类* 方法首节点, 场景节点类* 输入参数场景, 场景节点类* 输出结果场景) noexcept"	"同名不同功能或约束，禁止直接合并"
"自我建立观察帧到自我场景接口"	"3"	"3"	"0"	"2"	"2x 类别=执行;输入=有自定义类型;输出=指针/引用/句柄;副作用=无明显副作用;领域=自我;约束=noexcept+inline || 1x 类别=执行;输入=有自定义类型;输出=指针/引用/句柄;副作用=无明显副作用;领域=外设;约束=noexcept+inline"	"2x 专用类/对应头文件：自我 || 1x 专用类/对应头文件：外设"	"自我动作实现.外设模块.ixx:18692: inline 存在节点类* 自我建立观察帧到自我场景接口( 方法类::节点类* 方法首节点, 场景节点类* 输入参数场景, 场景节点类* 输出结果场景) noexcept || 自我动作实现.外部模块.ixx:691: inline 存在节点类* 自我建立观察帧到自我场景接口( 方法类::节点类* 方法首节点, 场景节点类* 输入参数场景, 场景节点类* 输出结果场景) noexcept || 自我动作实现模块.ixx:12302: inline 存在节点类* 自我建立观察帧到自我场景接口( 方法类::节点类* 方法首节点, 场景节点类* 输入参数场景, 场景节点类* 输出结果场景) noexcept"	"同名不同功能或约束，禁止直接合并"
"自我建立观察帧存在"	"3"	"3"	"0"	"2"	"2x 类别=执行;输入=有自定义类型;输出=指针/引用/句柄;副作用=无明显副作用;领域=自我;约束=noexcept+inline || 1x 类别=执行;输入=有自定义类型;输出=指针/引用/句柄;副作用=无明显副作用;领域=外设;约束=noexcept+inline"	"2x 专用类/对应头文件：自我 || 1x 专用类/对应头文件：外设"	"自我动作实现.外设模块.ixx:18620: inline 存在节点类* 自我建立观察帧存在( 方法类::节点类* 方法首节点, 场景节点类* 输入参数场景, 场景节点类* 输出结果场景) noexcept || 自我动作实现.外部模块.ixx:682: inline 存在节点类* 自我建立观察帧存在( 方法类::节点类* 方法首节点, 场景节点类* 输入参数场景, 场景节点类* 输出结果场景) noexcept || 自我动作实现模块.ixx:12293: inline 存在节点类* 自我建立观察帧存在( 方法类::节点类* 方法首节点, 场景节点类* 输入参数场景, 场景节点类* 输出结果场景) noexcept"	"同名不同功能或约束，禁止直接合并"
"自我执行多帧重采样并择优"	"3"	"3"	"0"	"2"	"2x 类别=执行;输入=有自定义类型;输出=指针/引用/句柄;副作用=无明显副作用;领域=自我;约束=noexcept+inline || 1x 类别=执行;输入=有自定义类型;输出=指针/引用/句柄;副作用=无明显副作用;领域=外设;约束=noexcept+inline"	"2x 专用类/对应头文件：自我 || 1x 专用类/对应头文件：外设"	"自我动作实现.外设模块.ixx:25959: inline 存在节点类* 自我执行多帧重采样并择优( 方法类::节点类* 方法首节点, 场景节点类* 输入参数场景, 场景节点类* 输出结果场景) noexcept || 自我动作实现.外部模块.ixx:943: inline 存在节点类* 自我执行多帧重采样并择优( 方法类::节点类* 方法首节点, 场景节点类* 输入参数场景, 场景节点类* 输出结果场景) noexcept || 自我动作实现模块.ixx:12608: inline 存在节点类* 自我执行多帧重采样并择优( 方法类::节点类* 方法首节点, 场景节点类* 输入参数场景, 场景节点类* 输出结果场景) noexcept"	"同名不同功能或约束，禁止直接合并"
"自我承接像素特征值"	"3"	"3"	"0"	"2"	"2x 类别=执行;输入=有自定义类型;输出=指针/引用/句柄;副作用=无明显副作用;领域=自我;约束=noexcept+inline || 1x 类别=执行;输入=有自定义类型;输出=指针/引用/句柄;副作用=无明显副作用;领域=外设;约束=noexcept+inline"	"2x 专用类/对应头文件：自我 || 1x 专用类/对应头文件：外设"	"自我动作实现.外设模块.ixx:18911: inline 存在节点类* 自我承接像素特征值( 方法类::节点类* 方法首节点, 场景节点类* 输入参数场景, 场景节点类* 输出结果场景) noexcept || 自我动作实现.外部模块.ixx:709: inline 存在节点类* 自我承接像素特征值( 方法类::节点类* 方法首节点, 场景节点类* 输入参数场景, 场景节点类* 输出结果场景) noexcept || 自我动作实现模块.ixx:12320: inline 存在节点类* 自我承接像素特征值( 方法类::节点类* 方法首节点, 场景节点类* 输入参数场景, 场景节点类* 输出结果场景) noexcept"	"同名不同功能或约束，禁止直接合并"
"自我按ROI重算观察质量"	"3"	"3"	"0"	"2"	"2x 类别=执行;输入=有自定义类型;输出=指针/引用/句柄;副作用=无明显副作用;领域=自我;约束=noexcept+inline || 1x 类别=执行;输入=有自定义类型;输出=指针/引用/句柄;副作用=无明显副作用;领域=外设;约束=noexcept+inline"	"2x 专用类/对应头文件：自我 || 1x 专用类/对应头文件：外设"	"自我动作实现.外设模块.ixx:25944: inline 存在节点类* 自我按ROI重算观察质量( 方法类::节点类* 方法首节点, 场景节点类* 输入参数场景, 场景节点类* 输出结果场景) noexcept || 自我动作实现.外部模块.ixx:934: inline 存在节点类* 自我按ROI重算观察质量( 方法类::节点类* 方法首节点, 场景节点类* 输入参数场景, 场景节点类* 输出结果场景) noexcept || 自我动作实现模块.ixx:12599: inline 存在节点类* 自我按ROI重算观察质量( 方法类::节点类* 方法首节点, 场景节点类* 输入参数场景, 场景节点类* 输出结果场景) noexcept"	"同名不同功能或约束，禁止直接合并"
"自我按像素坐标回查观察事实"	"3"	"3"	"0"	"2"	"2x 类别=执行;输入=有自定义类型;输出=指针/引用/句柄;副作用=无明显副作用;领域=自我;约束=noexcept+inline || 1x 类别=执行;输入=有自定义类型;输出=指针/引用/句柄;副作用=无明显副作用;领域=外设;约束=noexcept+inline"	"2x 专用类/对应头文件：自我 || 1x 专用类/对应头文件：外设"	"自我动作实现.外设模块.ixx:26038: inline 存在节点类* 自我按像素坐标回查观察事实( 方法类::节点类* 方法首节点, 场景节点类* 输入参数场景, 场景节点类* 输出结果场景) noexcept || 自我动作实现.外部模块.ixx:979: inline 存在节点类* 自我按像素坐标回查观察事实( 方法类::节点类* 方法首节点, 场景节点类* 输入参数场景, 场景节点类* 输出结果场景) noexcept || 自我动作实现模块.ixx:12644: inline 存在节点类* 自我按像素坐标回查观察事实( 方法类::节点类* 方法首节点, 场景节点类* 输入参数场景, 场景节点类* 输出结果场景) noexcept"	"同名不同功能或约束，禁止直接合并"
"自我按已确认轮廓分区当前帧"	"3"	"3"	"0"	"2"	"2x 类别=校验;输入=有自定义类型;输出=指针/引用/句柄;副作用=无明显副作用;领域=自我;约束=noexcept+inline || 1x 类别=校验;输入=有自定义类型;输出=指针/引用/句柄;副作用=无明显副作用;领域=外设;约束=noexcept+inline"	"2x 专用类/对应头文件：自我 || 1x 专用类/对应头文件：外设"	"自我动作实现.外设模块.ixx:25416: inline 存在节点类* 自我按已确认轮廓分区当前帧( 方法类::节点类* 方法首节点, 场景节点类* 输入参数场景, 场景节点类* 输出结果场景) noexcept || 自我动作实现.外部模块.ixx:916: inline 存在节点类* 自我按已确认轮廓分区当前帧( 方法类::节点类* 方法首节点, 场景节点类* 输入参数场景, 场景节点类* 输出结果场景) noexcept || 自我动作实现模块.ixx:12581: inline 存在节点类* 自我按已确认轮廓分区当前帧( 方法类::节点类* 方法首节点, 场景节点类* 输入参数场景, 场景节点类* 输出结果场景) noexcept"	"同名不同功能或约束，禁止直接合并"
"自我提交目标观察约束特征组"	"3"	"3"	"0"	"2"	"2x 类别=提交;输入=有自定义类型;输出=指针/引用/句柄;副作用=无明显副作用;领域=自我;约束=noexcept+inline || 1x 类别=提交;输入=有自定义类型;输出=指针/引用/句柄;副作用=无明显副作用;领域=外设;约束=noexcept+inline"	"2x 专用类/对应头文件：自我 || 1x 专用类/对应头文件：外设"	"自我动作实现.外设模块.ixx:21618: inline 存在节点类* 自我提交目标观察约束特征组( 方法类::节点类* 方法首节点, 场景节点类* 输入参数场景, 场景节点类* 输出结果场景) noexcept || 自我动作实现.外部模块.ixx:844: inline 存在节点类* 自我提交目标观察约束特征组( 方法类::节点类* 方法首节点, 场景节点类* 输入参数场景, 场景节点类* 输出结果场景) noexcept || 自我动作实现模块.ixx:12482: inline 存在节点类* 自我提交目标观察约束特征组( 方法类::节点类* 方法首节点, 场景节点类* 输入参数场景, 场景节点类* 输出结果场景) noexcept"	"同名不同功能或约束，禁止直接合并"
"自我提取空间候选"	"3"	"3"	"0"	"2"	"2x 类别=执行;输入=有自定义类型;输出=指针/引用/句柄;副作用=无明显副作用;领域=自我;约束=noexcept+inline || 1x 类别=执行;输入=有自定义类型;输出=指针/引用/句柄;副作用=无明显副作用;领域=外设;约束=noexcept+inline"	"2x 专用类/对应头文件：自我 || 1x 专用类/对应头文件：外设"	"自我动作实现.外设模块.ixx:26890: inline 存在节点类* 自我提取空间候选( 方法类::节点类* 方法首节点, 场景节点类* 输入参数场景, 场景节点类* 输出结果场景) noexcept || 自我动作实现.外部模块.ixx:1006: inline 存在节点类* 自我提取空间候选( 方法类::节点类* 方法首节点, 场景节点类* 输入参数场景, 场景节点类* 输出结果场景) noexcept || 自我动作实现模块.ixx:12653: inline 存在节点类* 自我提取空间候选( 方法类::节点类* 方法首节点, 场景节点类* 输入参数场景, 场景节点类* 输出结果场景) noexcept"	"同名不同功能或约束，禁止直接合并"
"自我明确当前场景持续观察需求"	"3"	"3"	"0"	"2"	"2x 类别=执行;输入=有自定义类型;输出=指针/引用/句柄;副作用=无明显副作用;领域=自我;约束=noexcept+inline || 1x 类别=执行;输入=有自定义类型;输出=指针/引用/句柄;副作用=无明显副作用;领域=外设;约束=noexcept+inline"	"2x 专用类/对应头文件：自我 || 1x 专用类/对应头文件：外设"	"自我动作实现.外设模块.ixx:20415: inline 存在节点类* 自我明确当前场景持续观察需求( 方法类::节点类* 方法首节点, 场景节点类* 输入参数场景, 场景节点类* 输出结果场景) noexcept || 自我动作实现.外部模块.ixx:781: inline 存在节点类* 自我明确当前场景持续观察需求( 方法类::节点类* 方法首节点, 场景节点类* 输入参数场景, 场景节点类* 输出结果场景) noexcept || 自我动作实现模块.ixx:12410: inline 存在节点类* 自我明确当前场景持续观察需求( 方法类::节点类* 方法首节点, 场景节点类* 输入参数场景, 场景节点类* 输出结果场景) noexcept"	"同名不同功能或约束，禁止直接合并"
"自我明确负向影响处置需求"	"3"	"3"	"0"	"2"	"2x 类别=执行;输入=有自定义类型;输出=指针/引用/句柄;副作用=无明显副作用;领域=自我;约束=noexcept+inline || 1x 类别=执行;输入=有自定义类型;输出=指针/引用/句柄;副作用=无明显副作用;领域=外设;约束=noexcept+inline"	"2x 专用类/对应头文件：自我 || 1x 专用类/对应头文件：外设"	"自我动作实现.外设模块.ixx:20629: inline 存在节点类* 自我明确负向影响处置需求( 方法类::节点类* 方法首节点, 场景节点类* 输入参数场景, 场景节点类* 输出结果场景) noexcept || 自我动作实现.外部模块.ixx:799: inline 存在节点类* 自我明确负向影响处置需求( 方法类::节点类* 方法首节点, 场景节点类* 输入参数场景, 场景节点类* 输出结果场景) noexcept || 自我动作实现模块.ixx:12428: inline 存在节点类* 自我明确负向影响处置需求( 方法类::节点类* 方法首节点, 场景节点类* 输入参数场景, 场景节点类* 输出结果场景) noexcept"	"同名不同功能或约束，禁止直接合并"
"自我校验观察事实完备性"	"3"	"3"	"0"	"2"	"2x 类别=执行;输入=有自定义类型;输出=指针/引用/句柄;副作用=无明显副作用;领域=自我;约束=noexcept+inline || 1x 类别=执行;输入=有自定义类型;输出=指针/引用/句柄;副作用=无明显副作用;领域=外设;约束=noexcept+inline"	"2x 专用类/对应头文件：自我 || 1x 专用类/对应头文件：外设"	"自我动作实现.外设模块.ixx:18995: inline 存在节点类* 自我校验观察事实完备性( 方法类::节点类* 方法首节点, 场景节点类* 输入参数场景, 场景节点类* 输出结果场景) noexcept || 自我动作实现.外部模块.ixx:718: inline 存在节点类* 自我校验观察事实完备性( 方法类::节点类* 方法首节点, 场景节点类* 输入参数场景, 场景节点类* 输出结果场景) noexcept || 自我动作实现模块.ixx:12329: inline 存在节点类* 自我校验观察事实完备性( 方法类::节点类* 方法首节点, 场景节点类* 输入参数场景, 场景节点类* 输出结果场景) noexcept"	"同名不同功能或约束，禁止直接合并"
"自我比较存在特征变化"	"3"	"3"	"0"	"2"	"2x 类别=比较;输入=有自定义类型;输出=指针/引用/句柄;副作用=无明显副作用;领域=自我;约束=noexcept+inline || 1x 类别=比较;输入=有自定义类型;输出=指针/引用/句柄;副作用=无明显副作用;领域=外设;约束=noexcept+inline"	"2x 专用类/对应头文件：自我 || 1x 专用类/对应头文件：外设"	"自我动作实现.外设模块.ixx:26709: inline 存在节点类* 自我比较存在特征变化( 方法类::节点类* 方法首节点, 场景节点类* 输入参数场景, 场景节点类* 输出结果场景) noexcept || 自我动作实现.外部模块.ixx:1159: inline 存在节点类* 自我比较存在特征变化( 方法类::节点类* 方法首节点, 场景节点类* 输入参数场景, 场景节点类* 输出结果场景) noexcept || 自我动作实现模块.ixx:12779: inline 存在节点类* 自我比较存在特征变化( 方法类::节点类* 方法首节点, 场景节点类* 输入参数场景, 场景节点类* 输出结果场景) noexcept"	"同名不同功能或约束，禁止直接合并"
"自我生成低置信补偿观察候选"	"3"	"3"	"0"	"2"	"2x 类别=生成;输入=有自定义类型;输出=指针/引用/句柄;副作用=无明显副作用;领域=自我;约束=noexcept+inline || 1x 类别=生成;输入=有自定义类型;输出=指针/引用/句柄;副作用=无明显副作用;领域=外设;约束=noexcept+inline"	"2x 专用类/对应头文件：自我 || 1x 专用类/对应头文件：外设"	"自我动作实现.外设模块.ixx:25974: inline 存在节点类* 自我生成低置信补偿观察候选( 方法类::节点类* 方法首节点, 场景节点类* 输入参数场景, 场景节点类* 输出结果场景) noexcept || 自我动作实现.外部模块.ixx:952: inline 存在节点类* 自我生成低置信补偿观察候选( 方法类::节点类* 方法首节点, 场景节点类* 输入参数场景, 场景节点类* 输出结果场景) noexcept || 自我动作实现模块.ixx:12617: inline 存在节点类* 自我生成低置信补偿观察候选( 方法类::节点类* 方法首节点, 场景节点类* 输入参数场景, 场景节点类* 输出结果场景) noexcept"	"同名不同功能或约束，禁止直接合并"
"自我生成存在自我相对安全特征"	"3"	"3"	"0"	"2"	"2x 类别=生成;输入=有自定义类型;输出=指针/引用/句柄;副作用=无明显副作用;领域=自我;约束=noexcept+inline || 1x 类别=生成;输入=有自定义类型;输出=指针/引用/句柄;副作用=无明显副作用;领域=外设;约束=noexcept+inline"	"2x 专用类/对应头文件：自我 || 1x 专用类/对应头文件：外设"	"自我动作实现.外设模块.ixx:21198: inline 存在节点类* 自我生成存在自我相对安全特征( 方法类::节点类* 方法首节点, 场景节点类* 输入参数场景, 场景节点类* 输出结果场景) noexcept || 自我动作实现.外部模块.ixx:997: inline 存在节点类* 自我生成存在自我相对安全特征( 方法类::节点类* 方法首节点, 场景节点类* 输入参数场景, 场景节点类* 输出结果场景) noexcept || 自我动作实现模块.ixx:12392: inline 存在节点类* 自我生成存在自我相对安全特征( 方法类::节点类* 方法首节点, 场景节点类* 输入参数场景, 场景节点类* 输出结果场景) noexcept"	"同名不同功能或约束，禁止直接合并"
"自我生成空间候选观察队列"	"3"	"3"	"0"	"2"	"2x 类别=生成;输入=有自定义类型;输出=指针/引用/句柄;副作用=无明显副作用;领域=自我;约束=noexcept+inline || 1x 类别=生成;输入=有自定义类型;输出=指针/引用/句柄;副作用=无明显副作用;领域=外设;约束=noexcept+inline"	"2x 专用类/对应头文件：自我 || 1x 专用类/对应头文件：外设"	"自我动作实现.外设模块.ixx:27032: inline 存在节点类* 自我生成空间候选观察队列( 方法类::节点类* 方法首节点, 场景节点类* 输入参数场景, 场景节点类* 输出结果场景) noexcept || 自我动作实现.外部模块.ixx:1024: inline 存在节点类* 自我生成空间候选观察队列( 方法类::节点类* 方法首节点, 场景节点类* 输入参数场景, 场景节点类* 输出结果场景) noexcept || 自我动作实现模块.ixx:12671: inline 存在节点类* 自我生成空间候选观察队列( 方法类::节点类* 方法首节点, 场景节点类* 输入参数场景, 场景节点类* 输出结果场景) noexcept"	"同名不同功能或约束，禁止直接合并"
"自我生成观察变化事件"	"3"	"3"	"0"	"2"	"2x 类别=生成;输入=有自定义类型;输出=指针/引用/句柄;副作用=无明显副作用;领域=自我;约束=noexcept+inline || 1x 类别=生成;输入=有自定义类型;输出=指针/引用/句柄;副作用=无明显副作用;领域=外设;约束=noexcept+inline"	"2x 专用类/对应头文件：自我 || 1x 专用类/对应头文件：外设"	"自我动作实现.外设模块.ixx:26727: inline 存在节点类* 自我生成观察变化事件( 方法类::节点类* 方法首节点, 场景节点类* 输入参数场景, 场景节点类* 输出结果场景) noexcept || 自我动作实现.外部模块.ixx:1168: inline 存在节点类* 自我生成观察变化事件( 方法类::节点类* 方法首节点, 场景节点类* 输入参数场景, 场景节点类* 输出结果场景) noexcept || 自我动作实现模块.ixx:12788: inline 存在节点类* 自我生成观察变化事件( 方法类::节点类* 方法首节点, 场景节点类* 输入参数场景, 场景节点类* 输出结果场景) noexcept"	"同名不同功能或约束，禁止直接合并"
"自我用空间范围投影覆盖原帧验证像素归属"	"3"	"3"	"0"	"2"	"2x 类别=执行;输入=有自定义类型;输出=指针/引用/句柄;副作用=无明显副作用;领域=自我;约束=noexcept+inline || 1x 类别=执行;输入=有自定义类型;输出=指针/引用/句柄;副作用=无明显副作用;领域=外设;约束=noexcept+inline"	"2x 专用类/对应头文件：自我 || 1x 专用类/对应头文件：外设"	"自我动作实现.外设模块.ixx:27192: inline 存在节点类* 自我用空间范围投影覆盖原帧验证像素归属( 方法类::节点类* 方法首节点, 场景节点类* 输入参数场景, 场景节点类* 输出结果场景) noexcept || 自我动作实现.外部模块.ixx:1042: inline 存在节点类* 自我用空间范围投影覆盖原帧验证像素归属( 方法类::节点类* 方法首节点, 场景节点类* 输入参数场景, 场景节点类* 输出结果场景) noexcept || 自我动作实现模块.ixx:12689: inline 存在节点类* 自我用空间范围投影覆盖原帧验证像素归属( 方法类::节点类* 方法首节点, 场景节点类* 输入参数场景, 场景节点类* 输出结果场景) noexcept"	"同名不同功能或约束，禁止直接合并"
"自我确保存在内部世界"	"3"	"3"	"0"	"2"	"2x 类别=未分类;输入=有自定义类型;输出=指针/引用/句柄;副作用=无明显副作用;领域=自我;约束=noexcept+inline || 1x 类别=未分类;输入=有自定义类型;输出=指针/引用/句柄;副作用=无明显副作用;领域=外设;约束=noexcept+inline"	"2x 专用类/对应头文件：自我 || 1x 专用类/对应头文件：外设"	"自我动作实现.外设模块.ixx:26301: inline 存在节点类* 自我确保存在内部世界( 方法类::节点类* 方法首节点, 场景节点类* 输入参数场景, 场景节点类* 输出结果场景) noexcept || 自我动作实现.外部模块.ixx:1060: inline 存在节点类* 自我确保存在内部世界( 方法类::节点类* 方法首节点, 场景节点类* 输入参数场景, 场景节点类* 输出结果场景) noexcept || 自我动作实现模块.ixx:12707: inline 存在节点类* 自我确保存在内部世界( 方法类::节点类* 方法首节点, 场景节点类* 输入参数场景, 场景节点类* 输出结果场景) noexcept"	"同名不同功能或约束，禁止直接合并"
"自我确认内部世界子存在"	"3"	"3"	"0"	"2"	"2x 类别=校验;输入=有自定义类型;输出=指针/引用/句柄;副作用=无明显副作用;领域=自我;约束=noexcept+inline || 1x 类别=校验;输入=有自定义类型;输出=指针/引用/句柄;副作用=无明显副作用;领域=外设;约束=noexcept+inline"	"2x 专用类/对应头文件：自我 || 1x 专用类/对应头文件：外设"	"自我动作实现.外设模块.ixx:26373: inline 存在节点类* 自我确认内部世界子存在( 方法类::节点类* 方法首节点, 场景节点类* 输入参数场景, 场景节点类* 输出结果场景) noexcept || 自我动作实现.外部模块.ixx:1096: inline 存在节点类* 自我确认内部世界子存在( 方法类::节点类* 方法首节点, 场景节点类* 输入参数场景, 场景节点类* 输出结果场景) noexcept || 自我动作实现模块.ixx:12743: inline 存在节点类* 自我确认内部世界子存在( 方法类::节点类* 方法首节点, 场景节点类* 输入参数场景, 场景节点类* 输出结果场景) noexcept"	"同名不同功能或约束，禁止直接合并"
"自我确认外设观察存在候选"	"3"	"3"	"0"	"2"	"2x 类别=校验;输入=有自定义类型;输出=指针/引用/句柄;副作用=无明显副作用;领域=自我;约束=noexcept+inline || 1x 类别=校验;输入=有自定义类型;输出=指针/引用/句柄;副作用=无明显副作用;领域=外设;约束=noexcept+inline"	"2x 专用类/对应头文件：自我 || 1x 专用类/对应头文件：外设"	"自我动作实现.外设模块.ixx:23268: inline 存在节点类* 自我确认外设观察存在候选( 方法类::节点类* 方法首节点, 场景节点类* 输入参数场景, 场景节点类* 输出结果场景) noexcept || 自我动作实现.外部模块.ixx:853: inline 存在节点类* 自我确认外设观察存在候选( 方法类::节点类* 方法首节点, 场景节点类* 输入参数场景, 场景节点类* 输出结果场景) noexcept || 自我动作实现模块.ixx:12491: inline 存在节点类* 自我确认外设观察存在候选( 方法类::节点类* 方法首节点, 场景节点类* 输入参数场景, 场景节点类* 输出结果场景) noexcept"	"同名不同功能或约束，禁止直接合并"
"自我确认观察存在并更新帧解释状态"	"3"	"3"	"0"	"2"	"2x 类别=校验;输入=有自定义类型;输出=指针/引用/句柄;副作用=无明显副作用;领域=自我;约束=noexcept+inline || 1x 类别=校验;输入=有自定义类型;输出=指针/引用/句柄;副作用=无明显副作用;领域=外设;约束=noexcept+inline"	"2x 专用类/对应头文件：自我 || 1x 专用类/对应头文件：外设"	"自我动作实现.外设模块.ixx:27276: inline 存在节点类* 自我确认观察存在并更新帧解释状态( 方法类::节点类* 方法首节点, 场景节点类* 输入参数场景, 场景节点类* 输出结果场景) noexcept || 自我动作实现.外部模块.ixx:1051: inline 存在节点类* 自我确认观察存在并更新帧解释状态( 方法类::节点类* 方法首节点, 场景节点类* 输入参数场景, 场景节点类* 输出结果场景) noexcept || 自我动作实现模块.ixx:12698: inline 存在节点类* 自我确认观察存在并更新帧解释状态( 方法类::节点类* 方法首节点, 场景节点类* 输入参数场景, 场景节点类* 输出结果场景) noexcept"	"同名不同功能或约束，禁止直接合并"
"自我观察单个空间候选并组合存在假设"	"3"	"3"	"0"	"2"	"2x 类别=执行;输入=有自定义类型;输出=指针/引用/句柄;副作用=无明显副作用;领域=自我;约束=noexcept+inline || 1x 类别=执行;输入=有自定义类型;输出=指针/引用/句柄;副作用=无明显副作用;领域=外设;约束=noexcept+inline"	"2x 专用类/对应头文件：自我 || 1x 专用类/对应头文件：外设"	"自我动作实现.外设模块.ixx:27110: inline 存在节点类* 自我观察单个空间候选并组合存在假设( 方法类::节点类* 方法首节点, 场景节点类* 输入参数场景, 场景节点类* 输出结果场景) noexcept || 自我动作实现.外部模块.ixx:1033: inline 存在节点类* 自我观察单个空间候选并组合存在假设( 方法类::节点类* 方法首节点, 场景节点类* 输入参数场景, 场景节点类* 输出结果场景) noexcept || 自我动作实现模块.ixx:12680: inline 存在节点类* 自我观察单个空间候选并组合存在假设( 方法类::节点类* 方法首节点, 场景节点类* 输入参数场景, 场景节点类* 输出结果场景) noexcept"	"同名不同功能或约束，禁止直接合并"
"自我评估观察帧质量"	"3"	"3"	"0"	"2"	"2x 类别=未分类;输入=有自定义类型;输出=指针/引用/句柄;副作用=无明显副作用;领域=自我;约束=noexcept+inline || 1x 类别=未分类;输入=有自定义类型;输出=指针/引用/句柄;副作用=无明显副作用;领域=外设;约束=noexcept+inline"	"2x 专用类/对应头文件：自我 || 1x 专用类/对应头文件：外设"	"自我动作实现.外设模块.ixx:19076: inline 存在节点类* 自我评估观察帧质量( 方法类::节点类* 方法首节点, 场景节点类* 输入参数场景, 场景节点类* 输出结果场景) noexcept || 自我动作实现.外部模块.ixx:727: inline 存在节点类* 自我评估观察帧质量( 方法类::节点类* 方法首节点, 场景节点类* 输入参数场景, 场景节点类* 输出结果场景) noexcept || 自我动作实现模块.ixx:12338: inline 存在节点类* 自我评估观察帧质量( 方法类::节点类* 方法首节点, 场景节点类* 输入参数场景, 场景节点类* 输出结果场景) noexcept"	"同名不同功能或约束，禁止直接合并"
"自我识别外设观察材料"	"3"	"3"	"0"	"2"	"2x 类别=比较;输入=有自定义类型;输出=指针/引用/句柄;副作用=无明显副作用;领域=自我;约束=noexcept+inline || 1x 类别=比较;输入=有自定义类型;输出=指针/引用/句柄;副作用=无明显副作用;领域=外设;约束=noexcept+inline"	"2x 专用类/对应头文件：自我 || 1x 专用类/对应头文件：外设"	"自我动作实现.外设模块.ixx:21884: inline 存在节点类* 自我识别外设观察材料( 方法类::节点类* 方法首节点, 场景节点类* 输入参数场景, 场景节点类* 输出结果场景) noexcept || 自我动作实现.外部模块.ixx:826: inline 存在节点类* 自我识别外设观察材料( 方法类::节点类* 方法首节点, 场景节点类* 输入参数场景, 场景节点类* 输出结果场景) noexcept || 自我动作实现模块.ixx:12455: inline 存在节点类* 自我识别外设观察材料( 方法类::节点类* 方法首节点, 场景节点类* 输入参数场景, 场景节点类* 输出结果场景) noexcept"	"同名不同功能或约束，禁止直接合并"
"自我诊断观察质量缺口并派生补观察需求"	"3"	"3"	"0"	"2"	"2x 类别=执行;输入=有自定义类型;输出=指针/引用/句柄;副作用=无明显副作用;领域=自我;约束=noexcept+inline || 1x 类别=执行;输入=有自定义类型;输出=指针/引用/句柄;副作用=无明显副作用;领域=外设;约束=noexcept+inline"	"2x 专用类/对应头文件：自我 || 1x 专用类/对应头文件：外设"	"自我动作实现.外设模块.ixx:25692: inline 存在节点类* 自我诊断观察质量缺口并派生补观察需求( 方法类::节点类* 方法首节点, 场景节点类* 输入参数场景, 场景节点类* 输出结果场景) noexcept || 自我动作实现.外部模块.ixx:736: inline 存在节点类* 自我诊断观察质量缺口并派生补观察需求( 方法类::节点类* 方法首节点, 场景节点类* 输入参数场景, 场景节点类* 输出结果场景) noexcept || 自我动作实现模块.ixx:12347: inline 存在节点类* 自我诊断观察质量缺口并派生补观察需求( 方法类::节点类* 方法首节点, 场景节点类* 输入参数场景, 场景节点类* 输出结果场景) noexcept"	"同名不同功能或约束，禁止直接合并"
"自我读取自我关键特征变化"	"3"	"3"	"0"	"2"	"2x 类别=读取;输入=有自定义类型;输出=指针/引用/句柄;副作用=无明显副作用;领域=自我;约束=noexcept+inline || 1x 类别=读取;输入=有自定义类型;输出=指针/引用/句柄;副作用=无明显副作用;领域=外设;约束=noexcept+inline"	"2x 专用类/对应头文件：自我 || 1x 专用类/对应头文件：外设"	"自我动作实现.外设模块.ixx:20858: inline 存在节点类* 自我读取自我关键特征变化( 方法类::节点类* 方法首节点, 场景节点类* 输入参数场景, 场景节点类* 输出结果场景) noexcept || 自我动作实现.外部模块.ixx:763: inline 存在节点类* 自我读取自我关键特征变化( 方法类::节点类* 方法首节点, 场景节点类* 输入参数场景, 场景节点类* 输出结果场景) noexcept || 自我动作实现模块.ixx:12374: inline 存在节点类* 自我读取自我关键特征变化( 方法类::节点类* 方法首节点, 场景节点类* 输入参数场景, 场景节点类* 输出结果场景) noexcept"	"同名不同功能或约束，禁止直接合并"
"自我调整外设观察姿态"	"3"	"3"	"0"	"2"	"2x 类别=执行;输入=有自定义类型;输出=指针/引用/句柄;副作用=无明显副作用;领域=自我;约束=noexcept+inline || 1x 类别=执行;输入=有自定义类型;输出=指针/引用/句柄;副作用=无明显副作用;领域=外设;约束=noexcept+inline"	"2x 专用类/对应头文件：自我 || 1x 专用类/对应头文件：外设"	"自我动作实现.外设模块.ixx:25989: inline 存在节点类* 自我调整外设观察姿态( 方法类::节点类* 方法首节点, 场景节点类* 输入参数场景, 场景节点类* 输出结果场景) noexcept || 自我动作实现.外部模块.ixx:961: inline 存在节点类* 自我调整外设观察姿态( 方法类::节点类* 方法首节点, 场景节点类* 输入参数场景, 场景节点类* 输出结果场景) noexcept || 自我动作实现模块.ixx:12626: inline 存在节点类* 自我调整外设观察姿态( 方法类::节点类* 方法首节点, 场景节点类* 输入参数场景, 场景节点类* 输出结果场景) noexcept"	"同名不同功能或约束，禁止直接合并"
"自我调整相机参数并重采样"	"3"	"3"	"0"	"2"	"2x 类别=执行;输入=有自定义类型;输出=指针/引用/句柄;副作用=无明显副作用;领域=自我;约束=noexcept+inline || 1x 类别=执行;输入=有自定义类型;输出=指针/引用/句柄;副作用=无明显副作用;领域=外设;约束=noexcept+inline"	"2x 专用类/对应头文件：自我 || 1x 专用类/对应头文件：外设"	"自我动作实现.外设模块.ixx:25929: inline 存在节点类* 自我调整相机参数并重采样( 方法类::节点类* 方法首节点, 场景节点类* 输入参数场景, 场景节点类* 输出结果场景) noexcept || 自我动作实现.外部模块.ixx:925: inline 存在节点类* 自我调整相机参数并重采样( 方法类::节点类* 方法首节点, 场景节点类* 输入参数场景, 场景节点类* 输出结果场景) noexcept || 自我动作实现模块.ixx:12590: inline 存在节点类* 自我调整相机参数并重采样( 方法类::节点类* 方法首节点, 场景节点类* 输入参数场景, 场景节点类* 输出结果场景) noexcept"	"同名不同功能或约束，禁止直接合并"
"自我调整观察位置"	"3"	"3"	"0"	"2"	"2x 类别=执行;输入=有自定义类型;输出=指针/引用/句柄;副作用=无明显副作用;领域=自我;约束=noexcept+inline || 1x 类别=执行;输入=有自定义类型;输出=指针/引用/句柄;副作用=无明显副作用;领域=外设;约束=noexcept+inline"	"2x 专用类/对应头文件：自我 || 1x 专用类/对应头文件：外设"	"自我动作实现.外设模块.ixx:26004: inline 存在节点类* 自我调整观察位置( 方法类::节点类* 方法首节点, 场景节点类* 输入参数场景, 场景节点类* 输出结果场景) noexcept || 自我动作实现.外部模块.ixx:970: inline 存在节点类* 自我调整观察位置( 方法类::节点类* 方法首节点, 场景节点类* 输入参数场景, 场景节点类* 输出结果场景) noexcept || 自我动作实现模块.ixx:12635: inline 存在节点类* 自我调整观察位置( 方法类::节点类* 方法首节点, 场景节点类* 输入参数场景, 场景节点类* 输出结果场景) noexcept"	"同名不同功能或约束，禁止直接合并"
"自我跟踪指定存在"	"3"	"3"	"0"	"2"	"2x 类别=比较;输入=有自定义类型;输出=指针/引用/句柄;副作用=无明显副作用;领域=自我;约束=noexcept+inline || 1x 类别=比较;输入=有自定义类型;输出=指针/引用/句柄;副作用=无明显副作用;领域=外设;约束=noexcept+inline"	"2x 专用类/对应头文件：自我 || 1x 专用类/对应头文件：外设"	"自我动作实现.外设模块.ixx:22382: inline 存在节点类* 自我跟踪指定存在( 方法类::节点类* 方法首节点, 场景节点类* 输入参数场景, 场景节点类* 输出结果场景) noexcept || 自我动作实现.外部模块.ixx:835: inline 存在节点类* 自我跟踪指定存在( 方法类::节点类* 方法首节点, 场景节点类* 输入参数场景, 场景节点类* 输出结果场景) noexcept || 自我动作实现模块.ixx:12473: inline 存在节点类* 自我跟踪指定存在( 方法类::节点类* 方法首节点, 场景节点类* 输入参数场景, 场景节点类* 输出结果场景) noexcept"	"同名不同功能或约束，禁止直接合并"
"自我递归细分存在内部世界"	"3"	"3"	"0"	"2"	"2x 类别=执行;输入=有自定义类型;输出=指针/引用/句柄;副作用=无明显副作用;领域=自我;约束=noexcept+inline || 1x 类别=执行;输入=有自定义类型;输出=指针/引用/句柄;副作用=无明显副作用;领域=外设;约束=noexcept+inline"	"2x 专用类/对应头文件：自我 || 1x 专用类/对应头文件：外设"	"自我动作实现.外设模块.ixx:26556: inline 存在节点类* 自我递归细分存在内部世界( 方法类::节点类* 方法首节点, 场景节点类* 输入参数场景, 场景节点类* 输出结果场景) noexcept || 自我动作实现.外部模块.ixx:1141: inline 存在节点类* 自我递归细分存在内部世界( 方法类::节点类* 方法首节点, 场景节点类* 输入参数场景, 场景节点类* 输出结果场景) noexcept || 自我动作实现模块.ixx:12761: inline 存在节点类* 自我递归细分存在内部世界( 方法类::节点类* 方法首节点, 场景节点类* 输入参数场景, 场景节点类* 输出结果场景) noexcept"	"同名不同功能或约束，禁止直接合并"
"自我验证外设观察像素簇候选"	"3"	"3"	"0"	"2"	"2x 类别=执行;输入=有自定义类型;输出=指针/引用/句柄;副作用=无明显副作用;领域=自我;约束=noexcept+inline || 1x 类别=执行;输入=有自定义类型;输出=指针/引用/句柄;副作用=无明显副作用;领域=外设;约束=noexcept+inline"	"2x 专用类/对应头文件：自我 || 1x 专用类/对应头文件：外设"	"自我动作实现.外设模块.ixx:22836: inline 存在节点类* 自我验证外设观察像素簇候选( 方法类::节点类* 方法首节点, 场景节点类* 输入参数场景, 场景节点类* 输出结果场景) noexcept || 自我动作实现.外部模块.ixx:817: inline 存在节点类* 自我验证外设观察像素簇候选( 方法类::节点类* 方法首节点, 场景节点类* 输入参数场景, 场景节点类* 输出结果场景) noexcept || 自我动作实现模块.ixx:12446: inline 存在节点类* 自我验证外设观察像素簇候选( 方法类::节点类* 方法首节点, 场景节点类* 输入参数场景, 场景节点类* 输出结果场景) noexcept"	"同名不同功能或约束，禁止直接合并"
"获取子特征"	"3"	"0"	"3"	"3"	"1x 类别=读取;输入=有自定义类型;输出=指针/引用/句柄;副作用=无明显副作用;领域=场景;约束=无显式约束 || 1x 类别=读取;输入=有自定义类型;输出=指针/引用/句柄;副作用=无明显副作用;领域=存在;约束=无显式约束 || 1x 类别=读取;输入=有自定义类型;输出=指针/引用/句柄;副作用=无明显副作用;领域=特征;约束=无显式约束"	"1x 专用类/对应头文件：场景 || 1x 专用类/对应头文件：存在 || 1x 专用类/对应头文件：特征"	"场景类.h:30: std::vector<特征节点类*> 获取子特征(const 基础信息节点类* 父节点) const || 存在类.h:75: std::vector<特征节点类*> 获取子特征(const 基础信息节点类* 宿主) const || 特征类.h:304: std::vector<特征节点类*> 获取子特征(const 基础信息节点类* 宿主) const"	"同名不同功能或约束，禁止直接合并"
"解析实例特征命中抽象特征"	"3"	"1"	"2"	"3"	"1x 类别=比较;输入=有自定义类型;输出=指针/引用/句柄;副作用=无明显副作用;领域=世界;约束=无显式约束 || 1x 类别=比较;输入=有自定义类型;输出=指针/引用/句柄;副作用=无明显副作用;领域=特征;约束=无显式约束 || 1x 类别=比较;输入=有自定义类型;输出=整数/时间;副作用=无明显副作用;领域=自我;约束=noexcept+inline"	"1x 专用类/对应头文件：世界 || 1x 专用类/对应头文件：特征 || 1x 专用类/对应头文件：自我"	"世界树类.h:129: 抽象特征节点类* 解析实例特征命中抽象特征(特征节点类* 实例特征) || 特征类.h:327: 抽象特征节点类* 解析实例特征命中抽象特征(特征节点类* 实例特征) || 自我动作实现模块.ixx:5965: inline 基础信息节点类* 解析实例特征命中抽象特征( 特征节点类* 实例特征, 时间戳 now) noexcept"	"同名不同功能或约束，禁止直接合并"
"语素入口主信息类"	"3"	"3"	"0"	"1"	"3x 类别=执行;输入=有自定义类型;输出=其他;副作用=无明显副作用;领域=语素;约束=无显式约束"	"3x 专用类/对应头文件：语素"	"语素主信息类.h:413: 语素入口主信息类() : 对应基础信息类型(语素_推断人类词性默认基础信息类型(词性)) || 语素主信息类.h:419: explicit 语素入口主信息类(枚举_词性 v) : 词性(v) , 对应基础信息类型(语素_推断人类词性默认基础信息类型(v)) || 语素主信息类.h:427: explicit 语素入口主信息类(枚举_信息入口类型 v) : 词性(语素_取信息入口默认人类词性(v)) , 信息入口类型(v) , 对应基础信息类型(语素_取信息入口主信息类型(v))"	"功能签名一致，按专用归属复核"
"语素入口主键相同"	"3"	"3"	"0"	"2"	"2x 类别=执行;输入=有自定义类型;输出=bool;副作用=无明显副作用;领域=自我;约束=noexcept+inline || 1x 类别=执行;输入=有自定义类型;输出=bool;副作用=无明显副作用;领域=外设;约束=noexcept+inline"	"2x 专用类/对应头文件：自我 || 1x 专用类/对应头文件：外设"	"自我动作实现.外设模块.ixx:8600: inline bool 语素入口主键相同( const 语素入口节点类* 左, const 语素入口节点类* 右) noexcept || 自我动作实现.扫描.ixx:1296: inline bool 语素入口主键相同( const 语素入口节点类* 左, const 语素入口节点类* 右) noexcept || 自我动作实现模块.ixx:3141: inline bool 语素入口主键相同( const 语素入口节点类* 左, const 语素入口节点类* 右) noexcept"	"同名不同功能或约束，禁止直接合并"
"语素类"	"3"	"0"	"3"	"2"	"2x 类别=执行;输入=有自定义类型;输出=指针/引用/句柄;副作用=无明显副作用;领域=语素;约束=无显式约束 || 1x 类别=执行;输入=有自定义类型;输出=其他;副作用=无明显副作用;领域=语素;约束=无显式约束"	"3x 专用类/对应头文件：语素"	"语素类.h:28: 语素类() || 语素类.h:31: 语素类(const 语素类&) = delete || 语素类.h:33: 语素类(语素类&&) = delete"	"同名不同功能或约束，禁止直接合并"
"语素类::查找人类词性入口节点"	"3"	"3"	"0"	"2"	"2x 类别=查找;输入=有自定义类型;输出=指针/引用/句柄;副作用=无明显副作用;领域=语素;约束=无显式约束 || 1x 类别=查找;输入=有自定义类型;输出=文本;副作用=无明显副作用;领域=语素;约束=无显式约束"	"3x 专用类/对应头文件：语素"	"语素类.cpp:762: 语素入口节点类* 语素类::查找人类词性入口节点(const 词节点类* 词节点, 枚举_词性 词性值) const || 语素类.cpp:769: 语素入口节点类* 语素类::查找人类词性入口节点(const 语素节点类* 词节点, const std::string& 词性值) const || 语素类.cpp:775: 语素入口节点类* 语素类::查找人类词性入口节点(结构体_分词 分词信息) const"	"同名不同功能或约束，禁止直接合并"
"语言类"	"3"	"0"	"3"	"2"	"2x 类别=执行;输入=有自定义类型;输出=指针/引用/句柄;副作用=无明显副作用;领域=语言;约束=无显式约束 || 1x 类别=执行;输入=有自定义类型;输出=其他;副作用=无明显副作用;领域=语言;约束=无显式约束"	"3x 专用类/对应头文件：语言"	"语言类.h:13: 语言类() || 语言类.h:16: 语言类(const 语言类&) = delete || 语言类.h:18: 语言类(语言类&&) = delete"	"同名不同功能或约束，禁止直接合并"
"读取基础节点I64"	"3"	"3"	"0"	"2"	"2x 类别=读取;输入=有自定义类型;输出=bool;副作用=无明显副作用;领域=自我;约束=noexcept+inline || 1x 类别=读取;输入=有自定义类型;输出=bool;副作用=无明显副作用;领域=外设;约束=noexcept+inline"	"2x 专用类/对应头文件：自我 || 1x 专用类/对应头文件：外设"	"自我动作实现.外设模块.ixx:7977: inline bool 读取基础节点I64( 基础信息节点类* 宿主, const 语素入口节点类* 特征类型, I64& 输出值) noexcept || 自我动作实现.服务模块.ixx:1650: inline bool 读取基础节点I64( 基础信息节点类* 宿主, const 语素入口节点类* 特征类型, I64& 输出值) noexcept || 自我动作实现模块.ixx:2705: inline bool 读取基础节点I64( 基础信息节点类* 宿主, const 语素入口节点类* 特征类型, I64& 输出值) noexcept"	"同名不同功能或约束，禁止直接合并"
"读取基础节点指针"	"3"	"3"	"0"	"2"	"2x 类别=读取;输入=有自定义类型;输出=bool;副作用=无明显副作用;领域=自我;约束=noexcept+inline || 1x 类别=读取;输入=有自定义类型;输出=bool;副作用=无明显副作用;领域=外设;约束=noexcept+inline"	"2x 专用类/对应头文件：自我 || 1x 专用类/对应头文件：外设"	"自我动作实现.外设模块.ixx:8003: inline bool 读取基础节点指针( 基础信息节点类* 宿主, const 语素入口节点类* 特征类型, void*& 输出指针) noexcept || 自我动作实现.服务模块.ixx:1287: inline bool 读取基础节点指针( 基础信息节点类* 宿主, const 语素入口节点类* 特征类型, void*& 输出指针) noexcept || 自我动作实现模块.ixx:2731: inline bool 读取基础节点指针( 基础信息节点类* 宿主, const 语素入口节点类* 特征类型, void*& 输出指针) noexcept"	"同名不同功能或约束，禁止直接合并"
"读取数据"	"3"	"2"	"1"	"2"	"2x 类别=读取;输入=无自定义类型;输出=bool;副作用=无明显副作用;领域=全局通用候选;约束=无显式约束 || 1x 类别=读取;输入=有自定义类型;输出=bool;副作用=无明显副作用;领域=全局通用候选;约束=template"	"2x 全局共享函数类.ixx候选 || 1x 原地保留/待复核"	"双向链表模板_序列化.inl:242: template<typename 主信息类型> bool 链表模板<主信息类型>::读取数据(const std::string& 文件名) || 双向链表模板核心.h:688: bool 读取数据(const std::string& 文件名) || 双向链表模板核心.h:691: bool 读取数据(std::string 文件名)"	"同名不同功能或约束，禁止直接合并"
"读取调用信息指针"	"3"	"3"	"0"	"2"	"2x 类别=读取;输入=有自定义类型;输出=bool;副作用=无明显副作用;领域=自我;约束=noexcept+inline || 1x 类别=读取;输入=有自定义类型;输出=bool;副作用=无明显副作用;领域=外设;约束=noexcept+inline"	"2x 专用类/对应头文件：自我 || 1x 专用类/对应头文件：外设"	"自我动作实现.外设模块.ixx:8140: inline bool 读取调用信息指针( 场景节点类* 输入参数场景, const 语素入口节点类* 参数类型, void*& 输出指针) noexcept || 自我动作实现.服务模块.ixx:1348: inline bool 读取调用信息指针( 场景节点类* 输入参数场景, const 语素入口节点类* 参数类型, void*& 输出指针) noexcept || 自我动作实现模块.ixx:2836: inline bool 读取调用信息指针( 场景节点类* 输入参数场景, const 语素入口节点类* 参数类型, void*& 输出指针) noexcept"	"同名不同功能或约束，禁止直接合并"
"读取输入包I64"	"3"	"3"	"0"	"2"	"2x 类别=读取;输入=有自定义类型;输出=bool;副作用=无明显副作用;领域=自我;约束=noexcept+inline || 1x 类别=读取;输入=有自定义类型;输出=bool;副作用=无明显副作用;领域=外设;约束=noexcept+inline"	"2x 专用类/对应头文件：自我 || 1x 专用类/对应头文件：外设"	"自我动作实现.外设模块.ixx:8100: inline bool 读取输入包I64( 场景节点类* 输入参数场景, const 语素入口节点类* 包类型, const 语素入口节点类* 参数类型, I64& 输出值) noexcept || 自我动作实现.服务模块.ixx:1662: inline bool 读取输入包I64( 场景节点类* 输入参数场景, const 语素入口节点类* 包类型, const 语素入口节点类* 参数类型, I64& 输出值) noexcept || 自我动作实现模块.ixx:2796: inline bool 读取输入包I64( 场景节点类* 输入参数场景, const 语素入口节点类* 包类型, const 语素入口节点类* 参数类型, I64& 输出值) noexcept"	"同名不同功能或约束，禁止直接合并"
"读取输入包指针"	"3"	"3"	"0"	"2"	"2x 类别=读取;输入=有自定义类型;输出=bool;副作用=无明显副作用;领域=自我;约束=noexcept+inline || 1x 类别=读取;输入=有自定义类型;输出=bool;副作用=无明显副作用;领域=外设;约束=noexcept+inline"	"2x 专用类/对应头文件：自我 || 1x 专用类/对应头文件：外设"	"自我动作实现.外设模块.ixx:8115: inline bool 读取输入包指针( 场景节点类* 输入参数场景, const 语素入口节点类* 包类型, const 语素入口节点类* 参数类型, void*& 输出指针) noexcept || 自我动作实现.服务模块.ixx:1333: inline bool 读取输入包指针( 场景节点类* 输入参数场景, const 语素入口节点类* 包类型, const 语素入口节点类* 参数类型, void*& 输出指针) noexcept || 自我动作实现模块.ixx:2811: inline bool 读取输入包指针( 场景节点类* 输入参数场景, const 语素入口节点类* 包类型, const 语素入口节点类* 参数类型, void*& 输出指针) noexcept"	"同名不同功能或约束，禁止直接合并"
"输入包根"	"3"	"3"	"0"	"2"	"2x 类别=执行;输入=有自定义类型;输出=指针/引用/句柄;副作用=无明显副作用;领域=自我;约束=noexcept+inline || 1x 类别=执行;输入=有自定义类型;输出=指针/引用/句柄;副作用=无明显副作用;领域=外设;约束=noexcept+inline"	"2x 专用类/对应头文件：自我 || 1x 专用类/对应头文件：外设"	"自我动作实现.外设模块.ixx:8088: inline 特征节点类* 输入包根( 场景节点类* 输入参数场景, const 语素入口节点类* 包类型) noexcept || 自我动作实现.服务模块.ixx:1300: inline 特征节点类* 输入包根( 场景节点类* 输入参数场景, const 语素入口节点类* 包类型) noexcept || 自我动作实现模块.ixx:2784: inline 特征节点类* 输入包根( 场景节点类* 输入参数场景, const 语素入口节点类* 包类型) noexcept"	"同名不同功能或约束，禁止直接合并"
"输入条件包根"	"3"	"3"	"0"	"2"	"2x 类别=执行;输入=有自定义类型;输出=指针/引用/句柄;副作用=无明显副作用;领域=自我;约束=noexcept+inline || 1x 类别=执行;输入=有自定义类型;输出=指针/引用/句柄;副作用=无明显副作用;领域=外设;约束=noexcept+inline"	"2x 专用类/对应头文件：自我 || 1x 专用类/对应头文件：外设"	"自我动作实现.外设模块.ixx:8130: inline 特征节点类* 输入条件包根(场景节点类* 输入参数场景) noexcept || 自我动作实现.服务模块.ixx:1312: inline 特征节点类* 输入条件包根(场景节点类* 输入参数场景) noexcept || 自我动作实现模块.ixx:2826: inline 特征节点类* 输入条件包根(场景节点类* 输入参数场景) noexcept"	"同名不同功能或约束，禁止直接合并"
"采集一帧"	"3"	"2"	"1"	"2"	"2x 类别=执行;输入=无自定义类型;输出=其他;副作用=无明显副作用;领域=外设;约束=noexcept || 1x 类别=执行;输入=有自定义类型;输出=bool;副作用=无明显副作用;领域=外设;约束=无显式约束"	"3x 专用类/对应头文件：外设"	"D455相机类.cpp:95: bool 采集一帧(结构体_原始场景帧& 输出) || 双目相机本能适配器.cpp:1374: 调用结果 采集一帧() noexcept || 双目相机本能适配器.h:206: 调用结果 采集一帧() noexcept"	"同名不同功能或约束，禁止直接合并"
"释放双目相机"	"3"	"3"	"0"	"2"	"2x 类别=清理;输入=有自定义类型;输出=指针/引用/句柄;副作用=无明显副作用;领域=自我;约束=noexcept+inline || 1x 类别=清理;输入=有自定义类型;输出=指针/引用/句柄;副作用=无明显副作用;领域=外设;约束=noexcept+inline"	"2x 专用类/对应头文件：自我 || 1x 专用类/对应头文件：外设"	"自我动作实现.外设模块.ixx:18274: inline 存在节点类* 释放双目相机( 方法类::节点类* 方法首节点, 场景节点类* 输入参数场景, 场景节点类* 输出结果场景) noexcept || 自我动作实现.外部模块.ixx:619: inline 存在节点类* 释放双目相机( 方法类::节点类* 方法首节点, 场景节点类* 输入参数场景, 场景节点类* 输出结果场景) noexcept || 自我动作实现模块.ixx:12230: inline 存在节点类* 释放双目相机( 方法类::节点类* 方法首节点, 场景节点类* 输入参数场景, 场景节点类* 输出结果场景) noexcept"	"同名不同功能或约束，禁止直接合并"
"Vector3D"	"2"	"1"	"1"	"2"	"1x 类别=未分类;输入=无自定义类型;输出=其他;副作用=无明显副作用;领域=全局通用候选;约束=无显式约束 || 1x 类别=执行;输入=无自定义类型;输出=其他;副作用=无明显副作用;领域=全局通用候选;约束=constexpr"	"2x 全局共享函数类.ixx候选"	"基础数据类型.h:955: Vector3D() = default || 基础数据类型.h:958: constexpr Vector3D(double xx, double yy, double zz) : x(xx), y(yy), z(zz)"	"同名不同功能或约束，禁止直接合并"
"_写字符串"	"2"	"1"	"1"	"2"	"1x 类别=执行;输入=有自定义类型;输出=void;副作用=无明显副作用;领域=全局通用候选;约束=inline+template || 1x 类别=执行;输入=无自定义类型;输出=void;副作用=无明显副作用;领域=全局通用候选;约束=inline+static"	"1x 原地保留/待复核 || 1x 全局共享函数类.ixx候选"	"双向链表模板_序列化.inl:28: template<typename 主信息类型> inline void 链表模板<主信息类型>::_写字符串(std::ostream& os, const std::string& s) || 双向链表模板核心.h:702: static inline void _写字符串(std::ostream& os, const std::string& s)"	"同名不同功能或约束，禁止直接合并"
"_由索引取指针"	"2"	"1"	"1"	"2"	"1x 类别=执行;输入=有自定义类型;输出=整数/时间;副作用=无明显副作用;领域=全局通用候选;约束=inline+template || 1x 类别=执行;输入=有自定义类型;输出=整数/时间;副作用=无明显副作用;领域=全局通用候选;约束=inline+static"	"2x 原地保留/待复核"	"双向链表模板_序列化.inl:61: template<typename 主信息类型> inline typename 链表模板<主信息类型>::节点类* 链表模板<主信息类型>::_由索引取指针(const std::vector<节点类*>& vec, std::uint64_t idx) || 双向链表模板核心.h:705: static inline 节点类* _由索引取指针(const std::vector<节点类*>& vec, std::uint64_t idx)"	"同名不同功能或约束，禁止直接合并"
"_索引或空"	"2"	"1"	"1"	"2"	"1x 类别=执行;输入=有自定义类型;输出=整数/时间;副作用=无明显副作用;领域=全局通用候选;约束=inline+template || 1x 类别=执行;输入=有自定义类型;输出=整数/时间;副作用=无明显副作用;领域=全局通用候选;约束=inline+static"	"2x 原地保留/待复核"	"双向链表模板_序列化.inl:49: template<typename 主信息类型> inline std::uint64_t 链表模板<主信息类型>::_索引或空( const std::unordered_map<const 节点类*, std::uint64_t>& mp, const 节点类* p) || 双向链表模板核心.h:704: static inline std::uint64_t _索引或空(const std::unordered_map<const 节点类*, std::uint64_t>& mp, const 节点类* p)"	"同名不同功能或约束，禁止直接合并"
"at"	"2"	"2"	"0"	"1"	"2x 类别=执行;输入=无自定义类型;输出=指针/引用/句柄;副作用=无明显副作用;领域=全局通用候选;约束=无显式约束"	"2x 全局共享函数类.ixx候选"	"基础数据类型.h:1191: T& at(int x, int y) || 基础数据类型.h:1194: const T& at(int x, int y) const"	"功能签名一致，按专用归属复核"
"cur"	"2"	"0"	"2"	"1"	"2x 类别=执行;输入=无自定义类型;输出=指针/引用/句柄;副作用=无明显副作用;领域=特征值;约束=无显式约束"	"2x 专用类/对应头文件：特征值"	"特征值类.h:275: VecIU64 cur(newW * newH, 0) || 特征值类.h:331: VecIU64 cur(newW * newH * newD, 0)"	"功能签名一致，按专用归属复核"
"operator-"	"2"	"2"	"0"	"2"	"1x 类别=执行;输入=有自定义类型;输出=指针/引用/句柄;副作用=无明显副作用;领域=全局通用候选;约束=无显式约束 || 1x 类别=执行;输入=无自定义类型;输出=指针/引用/句柄;副作用=无明显副作用;领域=全局通用候选;约束=constexpr"	"1x 原地保留/待复核 || 1x 全局共享函数类.ixx候选"	"基础数据类型.h:551: 结构体_空间坐标 operator-(const 结构体_空间坐标& o) const || 基础数据类型.h:983: constexpr Vector3D operator-(const Vector3D& other) const"	"同名不同功能或约束，禁止直接合并"
"operator/"	"2"	"2"	"0"	"2"	"1x 类别=未分类;输入=无自定义类型;输出=其他;副作用=无明显副作用;领域=全局通用候选;约束=constexpr || 1x 类别=执行;输入=无自定义类型;输出=指针/引用/句柄;副作用=无明显副作用;领域=全局通用候选;约束=constexpr"	"2x 全局共享函数类.ixx候选"	"基础数据类型.h:970: constexpr Vector3D operator/(double scalar) const || 基础数据类型.h:1089: constexpr Vector3D operator/(double scalar, const Vector3D& vec)"	"同名不同功能或约束，禁止直接合并"
"世界树类::二次特征"	"2"	"2"	"0"	"1"	"2x 类别=执行;输入=有自定义类型;输出=指针/引用/句柄;副作用=无明显副作用;领域=世界;约束=noexcept"	"2x 专用类/对应头文件：世界"	"世界树类.cpp:914: 二次特征类& 世界树类::二次特征() noexcept || 世界树类.cpp:917: const 二次特征类& 世界树类::二次特征() const noexcept"	"功能签名一致，按专用归属复核"
"世界树类::二次特征生成"	"2"	"2"	"0"	"1"	"2x 类别=生成;输入=有自定义类型;输出=指针/引用/句柄;副作用=无明显副作用;领域=世界;约束=noexcept"	"2x 专用类/对应头文件：世界"	"世界树类.cpp:920: 二次特征生成模块& 世界树类::二次特征生成() noexcept || 世界树类.cpp:923: const 二次特征生成模块& 世界树类::二次特征生成() const noexcept"	"功能签名一致，按专用归属复核"
"世界树类::值池"	"2"	"2"	"0"	"1"	"2x 类别=执行;输入=有自定义类型;输出=指针/引用/句柄;副作用=无明显副作用;领域=世界;约束=noexcept"	"2x 专用类/对应头文件：世界"	"世界树类.cpp:890: 特征值类& 世界树类::值池() noexcept || 世界树类.cpp:893: const 特征值类& 世界树类::值池() const noexcept"	"功能签名一致，按专用归属复核"
"世界树类::写入特征_I64"	"2"	"2"	"0"	"1"	"2x 类别=写入;输入=有自定义类型;输出=bool;副作用=无明显副作用;领域=世界;约束=无显式约束"	"2x 专用类/对应头文件：世界"	"世界树类.cpp:1597: bool 世界树类::写入特征_I64(特征节点类* 节点, I64 值, 时间戳 now) || 世界树类.cpp:1603: bool 世界树类::写入特征_I64(基础信息节点类* 宿主, const 语素入口节点类* 特征类型, I64 值, 时间戳 now)"	"功能签名一致，按专用归属复核"
"世界树类::写入特征_VecI64"	"2"	"2"	"0"	"1"	"2x 类别=写入;输入=有自定义类型;输出=bool;副作用=无明显副作用;领域=世界;约束=无显式约束"	"2x 专用类/对应头文件：世界"	"世界树类.cpp:1652: bool 世界树类::写入特征_VecI64( 特征节点类* 节点, const VecI64& 值, 枚举_轮廓维度 维度, 时间戳 now) || 世界树类.cpp:1662: bool 世界树类::写入特征_VecI64( 基础信息节点类* 宿主, const 语素入口节点类* 特征类型, const VecI64& 值, 枚举_轮廓维度 维度, 时间戳 now)"	"功能签名一致，按专用归属复核"
"世界树类::写入特征_VecU"	"2"	"2"	"0"	"1"	"2x 类别=写入;输入=有自定义类型;输出=bool;副作用=无明显副作用;领域=世界;约束=无显式约束"	"2x 专用类/对应头文件：世界"	"世界树类.cpp:1629: bool 世界树类::写入特征_VecU( 特征节点类* 节点, VecIU64 值, 枚举_轮廓维度 维度, 时间戳 now) || 世界树类.cpp:1640: bool 世界树类::写入特征_VecU( 基础信息节点类* 宿主, const 语素入口节点类* 特征类型, VecIU64 值, 枚举_轮廓维度 维度, 时间戳 now)"	"功能签名一致，按专用归属复核"
"世界树类::写入特征_指针"	"2"	"2"	"0"	"1"	"2x 类别=写入;输入=有自定义类型;输出=bool;副作用=无明显副作用;领域=世界;约束=无显式约束"	"2x 专用类/对应头文件：世界"	"世界树类.cpp:1610: bool 世界树类::写入特征_指针(特征节点类* 节点, const void* 指针, 时间戳 now) || 世界树类.cpp:1618: bool 世界树类::写入特征_指针( 基础信息节点类* 宿主, const 语素入口节点类* 特征类型, const void* 指针, 时间戳 now)"	"功能签名一致，按专用归属复核"
"世界树类::动态"	"2"	"2"	"0"	"1"	"2x 类别=执行;输入=有自定义类型;输出=指针/引用/句柄;副作用=无明显副作用;领域=世界;约束=noexcept"	"2x 专用类/对应头文件：世界"	"世界树类.cpp:932: 动态类& 世界树类::动态() noexcept || 世界树类.cpp:935: const 动态类& 世界树类::动态() const noexcept"	"功能签名一致，按专用归属复核"
"世界树类::因果"	"2"	"2"	"0"	"1"	"2x 类别=执行;输入=有自定义类型;输出=指针/引用/句柄;副作用=无明显副作用;领域=世界;约束=noexcept"	"2x 专用类/对应头文件：世界"	"世界树类.cpp:938: 因果类& 世界树类::因果() noexcept || 世界树类.cpp:941: const 因果类& 世界树类::因果() const noexcept"	"功能签名一致，按专用归属复核"
"世界树类::场景"	"2"	"2"	"0"	"1"	"2x 类别=执行;输入=有自定义类型;输出=指针/引用/句柄;副作用=无明显副作用;领域=世界;约束=noexcept"	"2x 专用类/对应头文件：世界"	"世界树类.cpp:908: 场景类& 世界树类::场景() noexcept || 世界树类.cpp:911: const 场景类& 世界树类::场景() const noexcept"	"功能签名一致，按专用归属复核"
"世界树类::基础信息"	"2"	"2"	"0"	"1"	"2x 类别=执行;输入=有自定义类型;输出=指针/引用/句柄;副作用=无明显副作用;领域=世界;约束=noexcept"	"2x 专用类/对应头文件：世界"	"世界树类.cpp:884: 基础信息类& 世界树类::基础信息() noexcept || 世界树类.cpp:887: const 基础信息类& 世界树类::基础信息() const noexcept"	"功能签名一致，按专用归属复核"
"世界树类::存在"	"2"	"2"	"0"	"1"	"2x 类别=执行;输入=有自定义类型;输出=指针/引用/句柄;副作用=无明显副作用;领域=世界;约束=noexcept"	"2x 专用类/对应头文件：世界"	"世界树类.cpp:902: 存在类& 世界树类::存在() noexcept || 世界树类.cpp:905: const 存在类& 世界树类::存在() const noexcept"	"功能签名一致，按专用归属复核"
"世界树类::特征"	"2"	"2"	"0"	"1"	"2x 类别=执行;输入=有自定义类型;输出=指针/引用/句柄;副作用=无明显副作用;领域=世界;约束=noexcept"	"2x 专用类/对应头文件：世界"	"世界树类.cpp:896: 特征类& 世界树类::特征() noexcept || 世界树类.cpp:899: const 特征类& 世界树类::特征() const noexcept"	"功能签名一致，按专用归属复核"
"世界树类::状态"	"2"	"2"	"0"	"1"	"2x 类别=执行;输入=有自定义类型;输出=指针/引用/句柄;副作用=无明显副作用;领域=世界;约束=noexcept"	"2x 专用类/对应头文件：世界"	"世界树类.cpp:926: 状态类& 世界树类::状态() noexcept || 世界树类.cpp:929: const 状态类& 世界树类::状态() const noexcept"	"功能签名一致，按专用归属复核"
"世界树类::读取特征VecI64"	"2"	"2"	"0"	"1"	"2x 类别=读取;输入=有自定义类型;输出=bool;副作用=无明显副作用;领域=世界;约束=无显式约束"	"2x 专用类/对应头文件：世界"	"世界树类.cpp:1745: bool 世界树类::读取特征VecI64(const 特征节点类* 节点, VecI64& 输出值) const || 世界树类.cpp:1755: bool 世界树类::读取特征VecI64( const 基础信息节点类* 宿主, const 语素入口节点类* 特征类型, VecI64& 输出值) const"	"功能签名一致，按专用归属复核"
"世界树类::读取特征_I64"	"2"	"2"	"0"	"1"	"2x 类别=读取;输入=有自定义类型;输出=bool;副作用=无明显副作用;领域=世界;约束=无显式约束"	"2x 专用类/对应头文件：世界"	"世界树类.cpp:1686: bool 世界树类::读取特征_I64(const 特征节点类* 节点, I64& 输出值) const || 世界树类.cpp:1697: bool 世界树类::读取特征_I64(const 基础信息节点类* 宿主, const 语素入口节点类* 特征类型, I64& 输出值) const"	"功能签名一致，按专用归属复核"
"世界树类::读取特征_指针"	"2"	"2"	"0"	"1"	"2x 类别=读取;输入=有自定义类型;输出=bool;副作用=无明显副作用;领域=世界;约束=无显式约束"	"2x 专用类/对应头文件：世界"	"世界树类.cpp:1708: bool 世界树类::读取特征_指针(const 特征节点类* 节点, void*& 输出指针) const || 世界树类.cpp:1720: bool 世界树类::读取特征_指针( const 基础信息节点类* 宿主, const 语素入口节点类* 特征类型, void*& 输出指针) const"	"功能签名一致，按专用归属复核"
"世界树类::读取特征快照"	"2"	"2"	"0"	"1"	"2x 类别=读取;输入=有自定义类型;输出=指针/引用/句柄;副作用=无明显副作用;领域=世界;约束=无显式约束"	"2x 专用类/对应头文件：世界"	"世界树类.cpp:1674: 特征值 世界树类::读取特征快照(const 特征节点类* 节点) const || 世界树类.cpp:1680: 特征值 世界树类::读取特征快照(const 基础信息节点类* 宿主, const 语素入口节点类* 特征类型) const"	"功能签名一致，按专用归属复核"
"二次特征生成模块::取或创建场景条件二次特征_枚举"	"2"	"2"	"0"	"1"	"2x 类别=生成;输入=有自定义类型;输出=整数/时间;副作用=无明显副作用;领域=特征;约束=无显式约束"	"2x 专用类/对应头文件：特征"	"二次特征应用模块.ixx:2529: 二次特征节点类* 二次特征生成模块::取或创建场景条件二次特征_枚举( 场景节点类* 条件场景, const std::string& 度量签名_链键, std::int32_t 离散编码, const char* 离散语义键, const char* 概念文本) || 二次特征应用模块.ixx:2560: 二次特征节点类* 二次特征生成模块::取或创建场景条件二次特征_枚举( 场景节点类* 条件场景, const std::string& 度量签名_链键, std::int32_t 离散编码, const 语素入口节点类* 离散语义入口, const 语素入口节点类* 概念入口)"	"功能签名一致，按专用归属复核"
"二次特征类::取二次特征主信息"	"2"	"2"	"0"	"1"	"2x 类别=执行;输入=有自定义类型;输出=指针/引用/句柄;副作用=无明显副作用;领域=特征;约束=noexcept"	"2x 专用类/对应头文件：特征"	"二次特征类.cpp:328: 二次特征主信息类* 二次特征类::取二次特征主信息(二次特征节点类* 节点) const noexcept || 二次特征类.cpp:334: const 二次特征主信息类* 二次特征类::取二次特征主信息(const 二次特征节点类* 节点) const noexcept"	"功能签名一致，按专用归属复核"
"任务类::写入任务结果状态摘要_兼容"	"2"	"2"	"0"	"1"	"2x 类别=写入;输入=有自定义类型;输出=bool;副作用=无明显副作用;领域=任务;约束=noexcept"	"2x 专用类/对应头文件：任务"	"任务类.cpp:1421: bool 任务类::写入任务结果状态摘要_兼容( 节点类* 任务节点, const 可解析引用<状态节点类>& 状态引用) noexcept || 任务类.cpp:1434: bool 任务类::写入任务结果状态摘要_兼容( 节点类* 任务节点, 状态节点类* 状态节点) noexcept"	"功能签名一致，按专用归属复核"
"任务类::读取任务执行方法"	"2"	"2"	"0"	"1"	"2x 类别=读取;输入=有自定义类型;输出=指针/引用/句柄;副作用=无明显副作用;领域=任务;约束=noexcept"	"2x 专用类/对应头文件：任务"	"任务类.cpp:1720: 方法节点类* 任务类::读取任务执行方法(节点类* 任务节点) noexcept || 任务类.cpp:1734: const 方法节点类* 任务类::读取任务执行方法(const 节点类* 任务节点) noexcept"	"功能签名一致，按专用归属复核"
"任务类::读取任务管理对象任务"	"2"	"2"	"0"	"1"	"2x 类别=读取;输入=有自定义类型;输出=指针/引用/句柄;副作用=无明显副作用;领域=任务;约束=noexcept"	"2x 专用类/对应头文件：任务"	"任务类.cpp:1643: 任务类::节点类* 任务类::读取任务管理对象任务(节点类* 任务节点) noexcept || 任务类.cpp:1662: const 任务类::节点类* 任务类::读取任务管理对象任务(const 节点类* 任务节点) noexcept"	"功能签名一致，按专用归属复核"
"保存控制面板HTML"	"2"	"2"	"0"	"2"	"1x 类别=读取;输入=无自定义类型;输出=bool;副作用=无明显副作用;领域=控制面板;约束=无显式约束 || 1x 类别=执行;输入=有自定义类型;输出=bool;副作用=无明显副作用;领域=控制面板;约束=无显式约束"	"2x 专用类/对应头文件：控制面板"	"控制面板类.cpp:14467: bool 保存控制面板HTML(const std::filesystem::path& 输出路径) || 控制面板类.cpp:14488: bool 保存控制面板HTML( const std::filesystem::path& 输出路径, const 结构_控制面板快照& 快照)"	"同名不同功能或约束，禁止直接合并"
"保存数据_已加锁"	"2"	"1"	"1"	"2"	"1x 类别=执行;输入=有自定义类型;输出=bool;副作用=无明显副作用;领域=全局通用候选;约束=template+锁约束 || 1x 类别=未分类;输入=无自定义类型;输出=bool;副作用=无明显副作用;领域=全局通用候选;约束=锁约束"	"1x 原地保留/待复核 || 1x 全局共享函数类.ixx候选"	"双向链表模板_序列化.inl:72: template<typename 主信息类型> bool 链表模板<主信息类型>::保存数据_已加锁(const std::string& 文件名) const || 双向链表模板核心.h:681: bool 保存数据_已加锁(const std::string& 文件名) const"	"同名不同功能或约束，禁止直接合并"
"修改节点信息"	"2"	"2"	"0"	"1"	"2x 类别=执行;输入=有自定义类型;输出=void;副作用=无明显副作用;领域=全局通用候选;约束=无显式约束"	"2x 原地保留/待复核"	"双向链表模板核心.h:487: void 修改节点信息(节点类* 节点, 主信息类型 新信息) || 双向链表模板核心.h:494: void 修改节点信息(const std::string& 主键, 主信息类型 新信息)"	"功能签名一致，按专用归属复核"
"值_I64溢出"	"2"	"2"	"0"	"2"	"1x 类别=执行;输入=有自定义类型;输出=整数/时间;副作用=无明显副作用;领域=外设;约束=noexcept+inline || 1x 类别=执行;输入=有自定义类型;输出=整数/时间;副作用=无明显副作用;领域=自我;约束=noexcept+inline"	"1x 专用类/对应头文件：外设 || 1x 专用类/对应头文件：自我"	"自我动作实现.外设模块.ixx:7163: inline const 语素入口节点类* 值_I64溢出() noexcept || 自我动作实现模块.ixx:2317: inline const 语素入口节点类* 值_I64溢出() noexcept"	"同名不同功能或约束，禁止直接合并"
"值_不修改现实场景特征值"	"2"	"2"	"0"	"2"	"1x 类别=执行;输入=有自定义类型;输出=指针/引用/句柄;副作用=无明显副作用;领域=外设;约束=noexcept+inline || 1x 类别=执行;输入=有自定义类型;输出=指针/引用/句柄;副作用=无明显副作用;领域=自我;约束=noexcept+inline"	"1x 专用类/对应头文件：外设 || 1x 专用类/对应头文件：自我"	"自我动作实现.外设模块.ixx:2110: inline const 语素入口节点类* 值_不修改现实场景特征值() noexcept || 自我动作实现模块.ixx:1603: inline const 语素入口节点类* 值_不修改现实场景特征值() noexcept"	"同名不同功能或约束，禁止直接合并"
"值_不执行被查找到的方法"	"2"	"2"	"0"	"2"	"1x 类别=查找;输入=有自定义类型;输出=指针/引用/句柄;副作用=无明显副作用;领域=外设;约束=noexcept+inline || 1x 类别=查找;输入=有自定义类型;输出=指针/引用/句柄;副作用=无明显副作用;领域=自我;约束=noexcept+inline"	"1x 专用类/对应头文件：外设 || 1x 专用类/对应头文件：自我"	"自我动作实现.外设模块.ixx:2117: inline const 语素入口节点类* 值_不执行被查找到的方法() noexcept || 自我动作实现模块.ixx:1610: inline const 语素入口节点类* 值_不执行被查找到的方法() noexcept"	"同名不同功能或约束，禁止直接合并"
"值_任务回执_不可推进"	"2"	"2"	"0"	"2"	"1x 类别=执行;输入=有自定义类型;输出=指针/引用/句柄;副作用=无明显副作用;领域=外设;约束=noexcept+inline || 1x 类别=执行;输入=有自定义类型;输出=指针/引用/句柄;副作用=无明显副作用;领域=自我;约束=noexcept+inline"	"1x 专用类/对应头文件：外设 || 1x 专用类/对应头文件：自我"	"自我动作实现.外设模块.ixx:1384: inline const 语素入口节点类* 值_任务回执_不可推进() noexcept || 自我动作实现模块.ixx:877: inline const 语素入口节点类* 值_任务回执_不可推进() noexcept"	"同名不同功能或约束，禁止直接合并"
"值_任务回执_条件不满足"	"2"	"2"	"0"	"2"	"1x 类别=执行;输入=有自定义类型;输出=指针/引用/句柄;副作用=无明显副作用;领域=外设;约束=noexcept+inline || 1x 类别=执行;输入=有自定义类型;输出=指针/引用/句柄;副作用=无明显副作用;领域=自我;约束=noexcept+inline"	"1x 专用类/对应头文件：外设 || 1x 专用类/对应头文件：自我"	"自我动作实现.外设模块.ixx:1391: inline const 语素入口节点类* 值_任务回执_条件不满足() noexcept || 自我动作实现模块.ixx:884: inline const 语素入口节点类* 值_任务回执_条件不满足() noexcept"	"同名不同功能或约束，禁止直接合并"
"值_任务回执_等待学习"	"2"	"2"	"0"	"2"	"1x 类别=等待;输入=有自定义类型;输出=指针/引用/句柄;副作用=无明显副作用;领域=外设;约束=noexcept+inline || 1x 类别=等待;输入=有自定义类型;输出=指针/引用/句柄;副作用=无明显副作用;领域=自我;约束=noexcept+inline"	"1x 专用类/对应头文件：外设 || 1x 专用类/对应头文件：自我"	"自我动作实现.外设模块.ixx:1370: inline const 语素入口节点类* 值_任务回执_等待学习() noexcept || 自我动作实现模块.ixx:863: inline const 语素入口节点类* 值_任务回执_等待学习() noexcept"	"同名不同功能或约束，禁止直接合并"
"值_任务回执_等待补齐"	"2"	"2"	"0"	"2"	"1x 类别=等待;输入=有自定义类型;输出=指针/引用/句柄;副作用=无明显副作用;领域=外设;约束=noexcept+inline || 1x 类别=等待;输入=有自定义类型;输出=指针/引用/句柄;副作用=无明显副作用;领域=自我;约束=noexcept+inline"	"1x 专用类/对应头文件：外设 || 1x 专用类/对应头文件：自我"	"自我动作实现.外设模块.ixx:1377: inline const 语素入口节点类* 值_任务回执_等待补齐() noexcept || 自我动作实现模块.ixx:870: inline const 语素入口节点类* 值_任务回执_等待补齐() noexcept"	"同名不同功能或约束，禁止直接合并"
"值_任务回执_运行失败"	"2"	"2"	"0"	"2"	"1x 类别=执行;输入=有自定义类型;输出=指针/引用/句柄;副作用=无明显副作用;领域=外设;约束=noexcept+inline || 1x 类别=执行;输入=有自定义类型;输出=指针/引用/句柄;副作用=无明显副作用;领域=自我;约束=noexcept+inline"	"1x 专用类/对应头文件：外设 || 1x 专用类/对应头文件：自我"	"自我动作实现.外设模块.ixx:1363: inline const 语素入口节点类* 值_任务回执_运行失败() noexcept || 自我动作实现模块.ixx:856: inline const 语素入口节点类* 值_任务回执_运行失败() noexcept"	"同名不同功能或约束，禁止直接合并"
"值_任务回执_运行成功"	"2"	"2"	"0"	"2"	"1x 类别=执行;输入=有自定义类型;输出=指针/引用/句柄;副作用=无明显副作用;领域=外设;约束=noexcept+inline || 1x 类别=执行;输入=有自定义类型;输出=指针/引用/句柄;副作用=无明显副作用;领域=自我;约束=noexcept+inline"	"1x 专用类/对应头文件：外设 || 1x 专用类/对应头文件：自我"	"自我动作实现.外设模块.ixx:1356: inline const 语素入口节点类* 值_任务回执_运行成功() noexcept || 自我动作实现模块.ixx:849: inline const 语素入口节点类* 值_任务回执_运行成功() noexcept"	"同名不同功能或约束，禁止直接合并"
"值_任务回执_运行未达成目标"	"2"	"2"	"0"	"2"	"1x 类别=执行;输入=有自定义类型;输出=指针/引用/句柄;副作用=无明显副作用;领域=外设;约束=noexcept+inline || 1x 类别=执行;输入=有自定义类型;输出=指针/引用/句柄;副作用=无明显副作用;领域=自我;约束=noexcept+inline"	"1x 专用类/对应头文件：外设 || 1x 专用类/对应头文件：自我"	"自我动作实现.外设模块.ixx:1398: inline const 语素入口节点类* 值_任务回执_运行未达成目标() noexcept || 自我动作实现模块.ixx:891: inline const 语素入口节点类* 值_任务回执_运行未达成目标() noexcept"	"同名不同功能或约束，禁止直接合并"
"值_任务状态动作动态_任务场景缺失"	"2"	"2"	"0"	"2"	"1x 类别=执行;输入=有自定义类型;输出=指针/引用/句柄;副作用=无明显副作用;领域=外设;约束=noexcept+inline || 1x 类别=执行;输入=有自定义类型;输出=指针/引用/句柄;副作用=无明显副作用;领域=自我;约束=noexcept+inline"	"1x 专用类/对应头文件：外设 || 1x 专用类/对应头文件：自我"	"自我动作实现.外设模块.ixx:7261: inline const 语素入口节点类* 值_任务状态动作动态_任务场景缺失() noexcept || 自我动作实现模块.ixx:2422: inline const 语素入口节点类* 值_任务状态动作动态_任务场景缺失() noexcept"	"同名不同功能或约束，禁止直接合并"
"值_任务状态动作动态_任务状态特征缺失"	"2"	"2"	"0"	"2"	"1x 类别=执行;输入=有自定义类型;输出=指针/引用/句柄;副作用=无明显副作用;领域=外设;约束=noexcept+inline || 1x 类别=执行;输入=有自定义类型;输出=指针/引用/句柄;副作用=无明显副作用;领域=自我;约束=noexcept+inline"	"1x 专用类/对应头文件：外设 || 1x 专用类/对应头文件：自我"	"自我动作实现.外设模块.ixx:7275: inline const 语素入口节点类* 值_任务状态动作动态_任务状态特征缺失() noexcept || 自我动作实现模块.ixx:2436: inline const 语素入口节点类* 值_任务状态动作动态_任务状态特征缺失() noexcept"	"同名不同功能或约束，禁止直接合并"
"值_任务状态动作动态_任务节点缺失"	"2"	"2"	"0"	"2"	"1x 类别=执行;输入=有自定义类型;输出=指针/引用/句柄;副作用=无明显副作用;领域=外设;约束=noexcept+inline || 1x 类别=执行;输入=有自定义类型;输出=指针/引用/句柄;副作用=无明显副作用;领域=自我;约束=noexcept+inline"	"1x 专用类/对应头文件：外设 || 1x 专用类/对应头文件：自我"	"自我动作实现.外设模块.ixx:7254: inline const 语素入口节点类* 值_任务状态动作动态_任务节点缺失() noexcept || 自我动作实现模块.ixx:2408: inline const 语素入口节点类* 值_任务状态动作动态_任务节点缺失() noexcept"	"同名不同功能或约束，禁止直接合并"
"值_任务状态动作动态_任务虚拟存在缺失"	"2"	"2"	"0"	"2"	"1x 类别=执行;输入=有自定义类型;输出=指针/引用/句柄;副作用=无明显副作用;领域=外设;约束=noexcept+inline || 1x 类别=执行;输入=有自定义类型;输出=指针/引用/句柄;副作用=无明显副作用;领域=自我;约束=noexcept+inline"	"1x 专用类/对应头文件：外设 || 1x 专用类/对应头文件：自我"	"自我动作实现.外设模块.ixx:7268: inline const 语素入口节点类* 值_任务状态动作动态_任务虚拟存在缺失() noexcept || 自我动作实现模块.ixx:2429: inline const 语素入口节点类* 值_任务状态动作动态_任务虚拟存在缺失() noexcept"	"同名不同功能或约束，禁止直接合并"
"值_任务状态动作动态_动态节点创建失败"	"2"	"2"	"0"	"2"	"1x 类别=构造;输入=有自定义类型;输出=指针/引用/句柄;副作用=无明显副作用;领域=外设;约束=noexcept+inline || 1x 类别=构造;输入=有自定义类型;输出=指针/引用/句柄;副作用=无明显副作用;领域=自我;约束=noexcept+inline"	"1x 专用类/对应头文件：外设 || 1x 专用类/对应头文件：自我"	"自我动作实现.外设模块.ixx:7289: inline const 语素入口节点类* 值_任务状态动作动态_动态节点创建失败() noexcept || 自我动作实现模块.ixx:2450: inline const 语素入口节点类* 值_任务状态动作动态_动态节点创建失败() noexcept"	"同名不同功能或约束，禁止直接合并"
"值_任务状态动作动态_提交方法首节点缺失"	"2"	"2"	"0"	"2"	"1x 类别=提交;输入=有自定义类型;输出=指针/引用/句柄;副作用=无明显副作用;领域=外设;约束=noexcept+inline || 1x 类别=提交;输入=有自定义类型;输出=指针/引用/句柄;副作用=无明显副作用;领域=自我;约束=noexcept+inline"	"1x 专用类/对应头文件：外设 || 1x 专用类/对应头文件：自我"	"自我动作实现.外设模块.ixx:7247: inline const 语素入口节点类* 值_任务状态动作动态_提交方法首节点缺失() noexcept || 自我动作实现模块.ixx:2401: inline const 语素入口节点类* 值_任务状态动作动态_提交方法首节点缺失() noexcept"	"同名不同功能或约束，禁止直接合并"
"值_任务状态动作动态_来源方法入口无效"	"2"	"2"	"0"	"2"	"1x 类别=执行;输入=有自定义类型;输出=指针/引用/句柄;副作用=无明显副作用;领域=外设;约束=noexcept+inline || 1x 类别=执行;输入=有自定义类型;输出=指针/引用/句柄;副作用=无明显副作用;领域=自我;约束=noexcept+inline"	"1x 专用类/对应头文件：外设 || 1x 专用类/对应头文件：自我"	"自我动作实现.外设模块.ixx:7282: inline const 语素入口节点类* 值_任务状态动作动态_来源方法入口无效() noexcept || 自我动作实现模块.ixx:2443: inline const 语素入口节点类* 值_任务状态动作动态_来源方法入口无效() noexcept"	"同名不同功能或约束，禁止直接合并"
"值_任务状态动作动态创建失败"	"2"	"2"	"0"	"2"	"1x 类别=构造;输入=有自定义类型;输出=指针/引用/句柄;副作用=无明显副作用;领域=外设;约束=noexcept+inline || 1x 类别=构造;输入=有自定义类型;输出=指针/引用/句柄;副作用=无明显副作用;领域=自我;约束=noexcept+inline"	"1x 专用类/对应头文件：外设 || 1x 专用类/对应头文件：自我"	"自我动作实现.外设模块.ixx:7240: inline const 语素入口节点类* 值_任务状态动作动态创建失败() noexcept || 自我动作实现模块.ixx:2394: inline const 语素入口节点类* 值_任务状态动作动态创建失败() noexcept"	"同名不同功能或约束，禁止直接合并"
"值_候选动作未验证"	"2"	"2"	"0"	"2"	"1x 类别=执行;输入=有自定义类型;输出=指针/引用/句柄;副作用=无明显副作用;领域=外设;约束=noexcept+inline || 1x 类别=执行;输入=有自定义类型;输出=指针/引用/句柄;副作用=无明显副作用;领域=自我;约束=noexcept+inline"	"1x 专用类/对应头文件：外设 || 1x 专用类/对应头文件：自我"	"自我动作实现.外设模块.ixx:7317: inline const 语素入口节点类* 值_候选动作未验证() noexcept || 自我动作实现模块.ixx:2478: inline const 语素入口节点类* 值_候选动作未验证() noexcept"	"同名不同功能或约束，禁止直接合并"
"值_候选方法不可用"	"2"	"2"	"0"	"2"	"1x 类别=执行;输入=有自定义类型;输出=指针/引用/句柄;副作用=无明显副作用;领域=外设;约束=noexcept+inline || 1x 类别=执行;输入=有自定义类型;输出=指针/引用/句柄;副作用=无明显副作用;领域=自我;约束=noexcept+inline"	"1x 专用类/对应头文件：外设 || 1x 专用类/对应头文件：自我"	"自我动作实现.外设模块.ixx:2054: inline const 语素入口节点类* 值_候选方法不可用() noexcept || 自我动作实现模块.ixx:1547: inline const 语素入口节点类* 值_候选方法不可用() noexcept"	"同名不同功能或约束，禁止直接合并"
"值_参数条件缺口"	"2"	"2"	"0"	"2"	"1x 类别=执行;输入=有自定义类型;输出=指针/引用/句柄;副作用=无明显副作用;领域=外设;约束=noexcept+inline || 1x 类别=执行;输入=有自定义类型;输出=指针/引用/句柄;副作用=无明显副作用;领域=自我;约束=noexcept+inline"	"1x 专用类/对应头文件：外设 || 1x 专用类/对应头文件：自我"	"自我动作实现.外设模块.ixx:7352: inline const 语素入口节点类* 值_参数条件缺口() noexcept || 自我动作实现模块.ixx:2513: inline const 语素入口节点类* 值_参数条件缺口() noexcept"	"同名不同功能或约束，禁止直接合并"
"值_参数绑定失败"	"2"	"2"	"0"	"2"	"1x 类别=未分类;输入=有自定义类型;输出=指针/引用/句柄;副作用=无明显副作用;领域=外设;约束=noexcept+inline || 1x 类别=未分类;输入=有自定义类型;输出=指针/引用/句柄;副作用=无明显副作用;领域=自我;约束=noexcept+inline"	"1x 专用类/对应头文件：外设 || 1x 专用类/对应头文件：自我"	"自我动作实现.外设模块.ixx:1336: inline const 语素入口节点类* 值_参数绑定失败() noexcept || 自我动作实现模块.ixx:829: inline const 语素入口节点类* 值_参数绑定失败() noexcept"	"同名不同功能或约束，禁止直接合并"
"值_可执行输入参数场景创建失败"	"2"	"2"	"0"	"2"	"1x 类别=构造;输入=有自定义类型;输出=指针/引用/句柄;副作用=无明显副作用;领域=外设;约束=noexcept+inline || 1x 类别=构造;输入=有自定义类型;输出=指针/引用/句柄;副作用=无明显副作用;领域=自我;约束=noexcept+inline"	"1x 专用类/对应头文件：外设 || 1x 专用类/对应头文件：自我"	"自我动作实现.外设模块.ixx:7219: inline const 语素入口节点类* 值_可执行输入参数场景创建失败() noexcept || 自我动作实现模块.ixx:2373: inline const 语素入口节点类* 值_可执行输入参数场景创建失败() noexcept"	"同名不同功能或约束，禁止直接合并"
"值_因果证据不足"	"2"	"2"	"0"	"2"	"1x 类别=执行;输入=有自定义类型;输出=指针/引用/句柄;副作用=无明显副作用;领域=外设;约束=noexcept+inline || 1x 类别=执行;输入=有自定义类型;输出=指针/引用/句柄;副作用=无明显副作用;领域=自我;约束=noexcept+inline"	"1x 专用类/对应头文件：外设 || 1x 专用类/对应头文件：自我"	"自我动作实现.外设模块.ixx:7303: inline const 语素入口节点类* 值_因果证据不足() noexcept || 自我动作实现模块.ixx:2464: inline const 语素入口节点类* 值_因果证据不足() noexcept"	"同名不同功能或约束，禁止直接合并"
"值_外设不可用"	"2"	"2"	"0"	"2"	"1x 类别=执行;输入=有自定义类型;输出=指针/引用/句柄;副作用=无明显副作用;领域=外设;约束=noexcept+inline || 1x 类别=执行;输入=有自定义类型;输出=指针/引用/句柄;副作用=无明显副作用;领域=自我;约束=noexcept+inline"	"1x 专用类/对应头文件：外设 || 1x 专用类/对应头文件：自我"	"自我动作实现.外设模块.ixx:2138: inline const 语素入口节点类* 值_外设不可用() noexcept || 自我动作实现模块.ixx:1631: inline const 语素入口节点类* 值_外设不可用() noexcept"	"同名不同功能或约束，禁止直接合并"
"值_外设打开失败"	"2"	"2"	"0"	"2"	"1x 类别=执行;输入=有自定义类型;输出=指针/引用/句柄;副作用=无明显副作用;领域=外设;约束=noexcept+inline || 1x 类别=执行;输入=有自定义类型;输出=指针/引用/句柄;副作用=无明显副作用;领域=自我;约束=noexcept+inline"	"1x 专用类/对应头文件：外设 || 1x 专用类/对应头文件：自我"	"自我动作实现.外设模块.ixx:2131: inline const 语素入口节点类* 值_外设打开失败() noexcept || 自我动作实现模块.ixx:1624: inline const 语素入口节点类* 值_外设打开失败() noexcept"	"同名不同功能或约束，禁止直接合并"
"值_外设运行时缺失"	"2"	"2"	"0"	"2"	"1x 类别=执行;输入=有自定义类型;输出=指针/引用/句柄;副作用=无明显副作用;领域=外设;约束=noexcept+inline || 1x 类别=执行;输入=有自定义类型;输出=指针/引用/句柄;副作用=无明显副作用;领域=自我;约束=noexcept+inline"	"1x 专用类/对应头文件：外设 || 1x 专用类/对应头文件：自我"	"自我动作实现.外设模块.ixx:2124: inline const 语素入口节点类* 值_外设运行时缺失() noexcept || 自我动作实现模块.ixx:1617: inline const 语素入口节点类* 值_外设运行时缺失() noexcept"	"同名不同功能或约束，禁止直接合并"
"值_外设采集失败"	"2"	"2"	"0"	"2"	"1x 类别=执行;输入=有自定义类型;输出=指针/引用/句柄;副作用=无明显副作用;领域=外设;约束=noexcept+inline || 1x 类别=执行;输入=有自定义类型;输出=指针/引用/句柄;副作用=无明显副作用;领域=自我;约束=noexcept+inline"	"1x 专用类/对应头文件：外设 || 1x 专用类/对应头文件：自我"	"自我动作实现.外设模块.ixx:2145: inline const 语素入口节点类* 值_外设采集失败() noexcept || 自我动作实现模块.ixx:1638: inline const 语素入口节点类* 值_外设采集失败() noexcept"	"同名不同功能或约束，禁止直接合并"
"值_实例特征未命中抽象特征"	"2"	"2"	"0"	"2"	"1x 类别=比较;输入=有自定义类型;输出=指针/引用/句柄;副作用=无明显副作用;领域=外设;约束=noexcept+inline || 1x 类别=比较;输入=有自定义类型;输出=指针/引用/句柄;副作用=无明显副作用;领域=自我;约束=noexcept+inline"	"1x 专用类/对应头文件：外设 || 1x 专用类/对应头文件：自我"	"自我动作实现.外设模块.ixx:7387: inline const 语素入口节点类* 值_实例特征未命中抽象特征() noexcept || 自我动作实现模块.ixx:2548: inline const 语素入口节点类* 值_实例特征未命中抽象特征() noexcept"	"同名不同功能或约束，禁止直接合并"
"值_实际差值未命中约束"	"2"	"2"	"0"	"2"	"1x 类别=比较;输入=有自定义类型;输出=指针/引用/句柄;副作用=无明显副作用;领域=外设;约束=noexcept+inline || 1x 类别=比较;输入=有自定义类型;输出=指针/引用/句柄;副作用=无明显副作用;领域=自我;约束=noexcept+inline"	"1x 专用类/对应头文件：外设 || 1x 专用类/对应头文件：自我"	"自我动作实现.外设模块.ixx:7191: inline const 语素入口节点类* 值_实际差值未命中约束() noexcept || 自我动作实现模块.ixx:2345: inline const 语素入口节点类* 值_实际差值未命中约束() noexcept"	"同名不同功能或约束，禁止直接合并"
"值_差值约束包缺失"	"2"	"2"	"0"	"2"	"1x 类别=执行;输入=有自定义类型;输出=指针/引用/句柄;副作用=无明显副作用;领域=外设;约束=noexcept+inline || 1x 类别=执行;输入=有自定义类型;输出=指针/引用/句柄;副作用=无明显副作用;领域=自我;约束=noexcept+inline"	"1x 专用类/对应头文件：外设 || 1x 专用类/对应头文件：自我"	"自我动作实现.外设模块.ixx:7205: inline const 语素入口节点类* 值_差值约束包缺失() noexcept || 自我动作实现模块.ixx:2359: inline const 语素入口节点类* 值_差值约束包缺失() noexcept"	"同名不同功能或约束，禁止直接合并"
"值_差值计算溢出"	"2"	"2"	"0"	"2"	"1x 类别=未分类;输入=有自定义类型;输出=指针/引用/句柄;副作用=无明显副作用;领域=外设;约束=noexcept+inline || 1x 类别=未分类;输入=有自定义类型;输出=指针/引用/句柄;副作用=无明显副作用;领域=自我;约束=noexcept+inline"	"1x 专用类/对应头文件：外设 || 1x 专用类/对应头文件：自我"	"自我动作实现.外设模块.ixx:7170: inline const 语素入口节点类* 值_差值计算溢出() noexcept || 自我动作实现模块.ixx:2324: inline const 语素入口节点类* 值_差值计算溢出() noexcept"	"同名不同功能或约束，禁止直接合并"
"值_必需参数缺失"	"2"	"2"	"0"	"2"	"1x 类别=执行;输入=有自定义类型;输出=指针/引用/句柄;副作用=无明显副作用;领域=外设;约束=noexcept+inline || 1x 类别=执行;输入=有自定义类型;输出=指针/引用/句柄;副作用=无明显副作用;领域=自我;约束=noexcept+inline"	"1x 专用类/对应头文件：外设 || 1x 专用类/对应头文件：自我"	"自我动作实现.外设模块.ixx:7226: inline const 语素入口节点类* 值_必需参数缺失() noexcept || 自我动作实现模块.ixx:2380: inline const 语素入口节点类* 值_必需参数缺失() noexcept"	"同名不同功能或约束，禁止直接合并"
"值_执行前值缺失"	"2"	"2"	"0"	"2"	"1x 类别=执行;输入=有自定义类型;输出=指针/引用/句柄;副作用=无明显副作用;领域=外设;约束=noexcept+inline || 1x 类别=执行;输入=有自定义类型;输出=指针/引用/句柄;副作用=无明显副作用;领域=自我;约束=noexcept+inline"	"1x 专用类/对应头文件：外设 || 1x 专用类/对应头文件：自我"	"自我动作实现.外设模块.ixx:7149: inline const 语素入口节点类* 值_执行前值缺失() noexcept || 自我动作实现模块.ixx:2303: inline const 语素入口节点类* 值_执行前值缺失() noexcept"	"同名不同功能或约束，禁止直接合并"
"值_执行失败"	"2"	"2"	"0"	"2"	"1x 类别=执行;输入=有自定义类型;输出=指针/引用/句柄;副作用=无明显副作用;领域=外设;约束=noexcept+inline || 1x 类别=执行;输入=有自定义类型;输出=指针/引用/句柄;副作用=无明显副作用;领域=自我;约束=noexcept+inline"	"1x 专用类/对应头文件：外设 || 1x 专用类/对应头文件：自我"	"自我动作实现.外设模块.ixx:1349: inline const 语素入口节点类* 值_执行失败() noexcept || 自我动作实现模块.ixx:842: inline const 语素入口节点类* 值_执行失败() noexcept"	"同名不同功能或约束，禁止直接合并"
"值_执行差值与目标值冲突"	"2"	"2"	"0"	"2"	"1x 类别=执行;输入=有自定义类型;输出=指针/引用/句柄;副作用=无明显副作用;领域=外设;约束=noexcept+inline || 1x 类别=执行;输入=有自定义类型;输出=指针/引用/句柄;副作用=无明显副作用;领域=自我;约束=noexcept+inline"	"1x 专用类/对应头文件：外设 || 1x 专用类/对应头文件：自我"	"自我动作实现.外设模块.ixx:7184: inline const 语素入口节点类* 值_执行差值与目标值冲突() noexcept || 自我动作实现模块.ixx:2338: inline const 语素入口节点类* 值_执行差值与目标值冲突() noexcept"	"同名不同功能或约束，禁止直接合并"
"值_执行成功"	"2"	"2"	"0"	"2"	"1x 类别=执行;输入=有自定义类型;输出=指针/引用/句柄;副作用=无明显副作用;领域=外设;约束=noexcept+inline || 1x 类别=执行;输入=有自定义类型;输出=指针/引用/句柄;副作用=无明显副作用;领域=自我;约束=noexcept+inline"	"1x 专用类/对应头文件：外设 || 1x 专用类/对应头文件：自我"	"自我动作实现.外设模块.ixx:1343: inline const 语素入口节点类* 值_执行成功() noexcept || 自我动作实现模块.ixx:836: inline const 语素入口节点类* 值_执行成功() noexcept"	"同名不同功能或约束，禁止直接合并"
"值_执行缺口_任务状态不允许执行"	"2"	"2"	"0"	"2"	"1x 类别=执行;输入=有自定义类型;输出=指针/引用/句柄;副作用=无明显副作用;领域=外设;约束=noexcept+inline || 1x 类别=执行;输入=有自定义类型;输出=指针/引用/句柄;副作用=无明显副作用;领域=自我;约束=noexcept+inline"	"1x 专用类/对应头文件：外设 || 1x 专用类/对应头文件：自我"	"自我动作实现.外设模块.ixx:1468: inline const 语素入口节点类* 值_执行缺口_任务状态不允许执行() noexcept || 自我动作实现模块.ixx:961: inline const 语素入口节点类* 值_执行缺口_任务状态不允许执行() noexcept"	"同名不同功能或约束，禁止直接合并"
"值_执行缺口_可执行输入参数场景缺失"	"2"	"2"	"0"	"2"	"1x 类别=执行;输入=有自定义类型;输出=指针/引用/句柄;副作用=无明显副作用;领域=外设;约束=noexcept+inline || 1x 类别=执行;输入=有自定义类型;输出=指针/引用/句柄;副作用=无明显副作用;领域=自我;约束=noexcept+inline"	"1x 专用类/对应头文件：外设 || 1x 专用类/对应头文件：自我"	"自我动作实现.外设模块.ixx:1482: inline const 语素入口节点类* 值_执行缺口_可执行输入参数场景缺失() noexcept || 自我动作实现模块.ixx:975: inline const 语素入口节点类* 值_执行缺口_可执行输入参数场景缺失() noexcept"	"同名不同功能或约束，禁止直接合并"
"值_执行缺口_当前方法执行失败"	"2"	"2"	"0"	"2"	"1x 类别=执行;输入=有自定义类型;输出=指针/引用/句柄;副作用=无明显副作用;领域=外设;约束=noexcept+inline || 1x 类别=执行;输入=有自定义类型;输出=指针/引用/句柄;副作用=无明显副作用;领域=自我;约束=noexcept+inline"	"1x 专用类/对应头文件：外设 || 1x 专用类/对应头文件：自我"	"自我动作实现.外设模块.ixx:1503: inline const 语素入口节点类* 值_执行缺口_当前方法执行失败() noexcept || 自我动作实现模块.ixx:996: inline const 语素入口节点类* 值_执行缺口_当前方法执行失败() noexcept"	"同名不同功能或约束，禁止直接合并"
"值_执行缺口_当前方法无执行入口"	"2"	"2"	"0"	"2"	"1x 类别=执行;输入=有自定义类型;输出=指针/引用/句柄;副作用=无明显副作用;领域=外设;约束=noexcept+inline || 1x 类别=执行;输入=有自定义类型;输出=指针/引用/句柄;副作用=无明显副作用;领域=自我;约束=noexcept+inline"	"1x 专用类/对应头文件：外设 || 1x 专用类/对应头文件：自我"	"自我动作实现.外设模块.ixx:1489: inline const 语素入口节点类* 值_执行缺口_当前方法无执行入口() noexcept || 自我动作实现模块.ixx:982: inline const 语素入口节点类* 值_执行缺口_当前方法无执行入口() noexcept"	"同名不同功能或约束，禁止直接合并"
"值_执行缺口_当前方法条件不满足"	"2"	"2"	"0"	"2"	"1x 类别=执行;输入=有自定义类型;输出=指针/引用/句柄;副作用=无明显副作用;领域=外设;约束=noexcept+inline || 1x 类别=执行;输入=有自定义类型;输出=指针/引用/句柄;副作用=无明显副作用;领域=自我;约束=noexcept+inline"	"1x 专用类/对应头文件：外设 || 1x 专用类/对应头文件：自我"	"自我动作实现.外设模块.ixx:1496: inline const 语素入口节点类* 值_执行缺口_当前方法条件不满足() noexcept || 自我动作实现模块.ixx:989: inline const 语素入口节点类* 值_执行缺口_当前方法条件不满足() noexcept"	"同名不同功能或约束，禁止直接合并"
"值_执行缺口_当前方法缺失"	"2"	"2"	"0"	"2"	"1x 类别=执行;输入=有自定义类型;输出=指针/引用/句柄;副作用=无明显副作用;领域=外设;约束=noexcept+inline || 1x 类别=执行;输入=有自定义类型;输出=指针/引用/句柄;副作用=无明显副作用;领域=自我;约束=noexcept+inline"	"1x 专用类/对应头文件：外设 || 1x 专用类/对应头文件：自我"	"自我动作实现.外设模块.ixx:1475: inline const 语素入口节点类* 值_执行缺口_当前方法缺失() noexcept || 自我动作实现模块.ixx:968: inline const 语素入口节点类* 值_执行缺口_当前方法缺失() noexcept"	"同名不同功能或约束，禁止直接合并"
"值_执行缺口_输出结果缺失"	"2"	"2"	"0"	"2"	"1x 类别=执行;输入=有自定义类型;输出=指针/引用/句柄;副作用=无明显副作用;领域=外设;约束=noexcept+inline || 1x 类别=执行;输入=有自定义类型;输出=指针/引用/句柄;副作用=无明显副作用;领域=自我;约束=noexcept+inline"	"1x 专用类/对应头文件：外设 || 1x 专用类/对应头文件：自我"	"自我动作实现.外设模块.ixx:1510: inline const 语素入口节点类* 值_执行缺口_输出结果缺失() noexcept || 自我动作实现模块.ixx:1003: inline const 语素入口节点类* 值_执行缺口_输出结果缺失() noexcept"	"同名不同功能或约束，禁止直接合并"
"值_执行缺口_需求未满足"	"2"	"2"	"0"	"2"	"1x 类别=执行;输入=有自定义类型;输出=指针/引用/句柄;副作用=无明显副作用;领域=外设;约束=noexcept+inline || 1x 类别=执行;输入=有自定义类型;输出=指针/引用/句柄;副作用=无明显副作用;领域=自我;约束=noexcept+inline"	"1x 专用类/对应头文件：外设 || 1x 专用类/对应头文件：自我"	"自我动作实现.外设模块.ixx:1517: inline const 语素入口节点类* 值_执行缺口_需求未满足() noexcept || 自我动作实现模块.ixx:1010: inline const 语素入口节点类* 值_执行缺口_需求未满足() noexcept"	"同名不同功能或约束，禁止直接合并"
"值_方法域动作动态创建失败"	"2"	"2"	"0"	"2"	"1x 类别=构造;输入=有自定义类型;输出=指针/引用/句柄;副作用=无明显副作用;领域=外设;约束=noexcept+inline || 1x 类别=构造;输入=有自定义类型;输出=指针/引用/句柄;副作用=无明显副作用;领域=自我;约束=noexcept+inline"	"1x 专用类/对应头文件：外设 || 1x 专用类/对应头文件：自我"	"自我动作实现.外设模块.ixx:7296: inline const 语素入口节点类* 值_方法域动作动态创建失败() noexcept || 自我动作实现模块.ixx:2457: inline const 语素入口节点类* 值_方法域动作动态创建失败() noexcept"	"同名不同功能或约束，禁止直接合并"
"值_方法条件结果场景缺失"	"2"	"2"	"0"	"2"	"1x 类别=执行;输入=有自定义类型;输出=指针/引用/句柄;副作用=无明显副作用;领域=外设;约束=noexcept+inline || 1x 类别=执行;输入=有自定义类型;输出=指针/引用/句柄;副作用=无明显副作用;领域=自我;约束=noexcept+inline"	"1x 专用类/对应头文件：外设 || 1x 专用类/对应头文件：自我"	"自我动作实现.外设模块.ixx:2089: inline const 语素入口节点类* 值_方法条件结果场景缺失() noexcept || 自我动作实现模块.ixx:1582: inline const 语素入口节点类* 值_方法条件结果场景缺失() noexcept"	"同名不同功能或约束，禁止直接合并"
"值_方法虚拟存在缺失"	"2"	"2"	"0"	"2"	"1x 类别=执行;输入=有自定义类型;输出=指针/引用/句柄;副作用=无明显副作用;领域=外设;约束=noexcept+inline || 1x 类别=执行;输入=有自定义类型;输出=指针/引用/句柄;副作用=无明显副作用;领域=自我;约束=noexcept+inline"	"1x 专用类/对应头文件：外设 || 1x 专用类/对应头文件：自我"	"自我动作实现.外设模块.ixx:2068: inline const 语素入口节点类* 值_方法虚拟存在缺失() noexcept || 自我动作实现模块.ixx:1561: inline const 语素入口节点类* 值_方法虚拟存在缺失() noexcept"	"同名不同功能或约束，禁止直接合并"
"值_方法规格确认失败"	"2"	"2"	"0"	"2"	"1x 类别=校验;输入=有自定义类型;输出=指针/引用/句柄;副作用=无明显副作用;领域=外设;约束=noexcept+inline || 1x 类别=校验;输入=有自定义类型;输出=指针/引用/句柄;副作用=无明显副作用;领域=自我;约束=noexcept+inline"	"1x 专用类/对应头文件：外设 || 1x 专用类/对应头文件：自我"	"自我动作实现.外设模块.ixx:2096: inline const 语素入口节点类* 值_方法规格确认失败() noexcept || 自我动作实现模块.ixx:1589: inline const 语素入口节点类* 值_方法规格确认失败() noexcept"	"同名不同功能或约束，禁止直接合并"
"值_方法运行结果_筹办失败"	"2"	"2"	"0"	"2"	"1x 类别=执行;输入=有自定义类型;输出=指针/引用/句柄;副作用=无明显副作用;领域=外设;约束=noexcept+inline || 1x 类别=执行;输入=有自定义类型;输出=指针/引用/句柄;副作用=无明显副作用;领域=自我;约束=noexcept+inline"	"1x 专用类/对应头文件：外设 || 1x 专用类/对应头文件：自我"	"自我动作实现.外设模块.ixx:1552: inline const 语素入口节点类* 值_方法运行结果_筹办失败() noexcept || 自我动作实现模块.ixx:1045: inline const 语素入口节点类* 值_方法运行结果_筹办失败() noexcept"	"同名不同功能或约束，禁止直接合并"
"值_方法运行结果_筹办成功"	"2"	"2"	"0"	"2"	"1x 类别=执行;输入=有自定义类型;输出=指针/引用/句柄;副作用=无明显副作用;领域=外设;约束=noexcept+inline || 1x 类别=执行;输入=有自定义类型;输出=指针/引用/句柄;副作用=无明显副作用;领域=自我;约束=noexcept+inline"	"1x 专用类/对应头文件：外设 || 1x 专用类/对应头文件：自我"	"自我动作实现.外设模块.ixx:1538: inline const 语素入口节点类* 值_方法运行结果_筹办成功() noexcept || 自我动作实现模块.ixx:1031: inline const 语素入口节点类* 值_方法运行结果_筹办成功() noexcept"	"同名不同功能或约束，禁止直接合并"
"值_方法运行结果_筹办未完成"	"2"	"2"	"0"	"2"	"1x 类别=执行;输入=有自定义类型;输出=指针/引用/句柄;副作用=无明显副作用;领域=外设;约束=noexcept+inline || 1x 类别=执行;输入=有自定义类型;输出=指针/引用/句柄;副作用=无明显副作用;领域=自我;约束=noexcept+inline"	"1x 专用类/对应头文件：外设 || 1x 专用类/对应头文件：自我"	"自我动作实现.外设模块.ixx:1545: inline const 语素入口节点类* 值_方法运行结果_筹办未完成() noexcept || 自我动作实现模块.ixx:1038: inline const 语素入口节点类* 值_方法运行结果_筹办未完成() noexcept"	"同名不同功能或约束，禁止直接合并"
"值_方法配对结果创建失败"	"2"	"2"	"0"	"2"	"1x 类别=构造;输入=有自定义类型;输出=指针/引用/句柄;副作用=无明显副作用;领域=外设;约束=noexcept+inline || 1x 类别=构造;输入=有自定义类型;输出=指针/引用/句柄;副作用=无明显副作用;领域=自我;约束=noexcept+inline"	"1x 专用类/对应头文件：外设 || 1x 专用类/对应头文件：自我"	"自我动作实现.外设模块.ixx:2103: inline const 语素入口节点类* 值_方法配对结果创建失败() noexcept || 自我动作实现模块.ixx:1596: inline const 语素入口节点类* 值_方法配对结果创建失败() noexcept"	"同名不同功能或约束，禁止直接合并"
"值_方法配对结果缺失"	"2"	"2"	"0"	"2"	"1x 类别=执行;输入=有自定义类型;输出=指针/引用/句柄;副作用=无明显副作用;领域=外设;约束=noexcept+inline || 1x 类别=执行;输入=有自定义类型;输出=指针/引用/句柄;副作用=无明显副作用;领域=自我;约束=noexcept+inline"	"1x 专用类/对应头文件：外设 || 1x 专用类/对应头文件：自我"	"自我动作实现.外设模块.ixx:7212: inline const 语素入口节点类* 值_方法配对结果缺失() noexcept || 自我动作实现模块.ixx:2366: inline const 语素入口节点类* 值_方法配对结果缺失() noexcept"	"同名不同功能或约束，禁止直接合并"
"值_无执行缺口"	"2"	"2"	"0"	"2"	"1x 类别=执行;输入=有自定义类型;输出=指针/引用/句柄;副作用=无明显副作用;领域=外设;约束=noexcept+inline || 1x 类别=执行;输入=有自定义类型;输出=指针/引用/句柄;副作用=无明显副作用;领域=自我;约束=noexcept+inline"	"1x 专用类/对应头文件：外设 || 1x 专用类/对应头文件：自我"	"自我动作实现.外设模块.ixx:1461: inline const 语素入口节点类* 值_无执行缺口() noexcept || 自我动作实现模块.ixx:954: inline const 语素入口节点类* 值_无执行缺口() noexcept"	"同名不同功能或约束，禁止直接合并"
"值_无筹办缺口"	"2"	"2"	"0"	"2"	"1x 类别=未分类;输入=有自定义类型;输出=指针/引用/句柄;副作用=无明显副作用;领域=外设;约束=noexcept+inline || 1x 类别=未分类;输入=有自定义类型;输出=指针/引用/句柄;副作用=无明显副作用;领域=自我;约束=noexcept+inline"	"1x 专用类/对应头文件：外设 || 1x 专用类/对应头文件：自我"	"自我动作实现.外设模块.ixx:1405: inline const 语素入口节点类* 值_无筹办缺口() noexcept || 自我动作实现模块.ixx:898: inline const 语素入口节点类* 值_无筹办缺口() noexcept"	"同名不同功能或约束，禁止直接合并"
"值_本轮运行虚拟存在缺失"	"2"	"2"	"0"	"2"	"1x 类别=执行;输入=有自定义类型;输出=指针/引用/句柄;副作用=无明显副作用;领域=外设;约束=noexcept+inline || 1x 类别=执行;输入=有自定义类型;输出=指针/引用/句柄;副作用=无明显副作用;领域=自我;约束=noexcept+inline"	"1x 专用类/对应头文件：外设 || 1x 专用类/对应头文件：自我"	"自我动作实现.外设模块.ixx:2082: inline const 语素入口节点类* 值_本轮运行虚拟存在缺失() noexcept || 自我动作实现模块.ixx:1575: inline const 语素入口节点类* 值_本轮运行虚拟存在缺失() noexcept"	"同名不同功能或约束，禁止直接合并"
"值_来源_任务提供参数"	"2"	"2"	"0"	"2"	"1x 类别=执行;输入=有自定义类型;输出=指针/引用/句柄;副作用=无明显副作用;领域=外设;约束=noexcept+inline || 1x 类别=执行;输入=有自定义类型;输出=指针/引用/句柄;副作用=无明显副作用;领域=自我;约束=noexcept+inline"	"1x 专用类/对应头文件：外设 || 1x 专用类/对应头文件：自我"	"自我动作实现.外设模块.ixx:7338: inline const 语素入口节点类* 值_来源_任务提供参数() noexcept || 自我动作实现模块.ixx:2499: inline const 语素入口节点类* 值_来源_任务提供参数() noexcept"	"同名不同功能或约束，禁止直接合并"
"值_来源_方法固定参数"	"2"	"2"	"0"	"2"	"1x 类别=执行;输入=有自定义类型;输出=指针/引用/句柄;副作用=无明显副作用;领域=外设;约束=noexcept+inline || 1x 类别=执行;输入=有自定义类型;输出=指针/引用/句柄;副作用=无明显副作用;领域=自我;约束=noexcept+inline"	"1x 专用类/对应头文件：外设 || 1x 专用类/对应头文件：自我"	"自我动作实现.外设模块.ixx:1281: inline const 语素入口节点类* 值_来源_方法固定参数() noexcept || 自我动作实现模块.ixx:774: inline const 语素入口节点类* 值_来源_方法固定参数() noexcept"	"同名不同功能或约束，禁止直接合并"
"值_来源_目标现实场景"	"2"	"2"	"0"	"2"	"1x 类别=执行;输入=有自定义类型;输出=指针/引用/句柄;副作用=无明显副作用;领域=外设;约束=noexcept+inline || 1x 类别=执行;输入=有自定义类型;输出=指针/引用/句柄;副作用=无明显副作用;领域=自我;约束=noexcept+inline"	"1x 专用类/对应头文件：外设 || 1x 专用类/对应头文件：自我"	"自我动作实现.外设模块.ixx:1288: inline const 语素入口节点类* 值_来源_目标现实场景() noexcept || 自我动作实现模块.ixx:781: inline const 语素入口节点类* 值_来源_目标现实场景() noexcept"	"同名不同功能或约束，禁止直接合并"
"值_来源_练习自动生成"	"2"	"2"	"0"	"2"	"1x 类别=生成;输入=有自定义类型;输出=指针/引用/句柄;副作用=无明显副作用;领域=外设;约束=noexcept+inline || 1x 类别=生成;输入=有自定义类型;输出=指针/引用/句柄;副作用=无明显副作用;领域=自我;约束=noexcept+inline"	"1x 专用类/对应头文件：外设 || 1x 专用类/对应头文件：自我"	"自我动作实现.外设模块.ixx:7345: inline const 语素入口节点类* 值_来源_练习自动生成() noexcept || 自我动作实现模块.ixx:2506: inline const 语素入口节点类* 值_来源_练习自动生成() noexcept"	"同名不同功能或约束，禁止直接合并"
"值_来源_输入任务参数包"	"2"	"2"	"0"	"2"	"1x 类别=执行;输入=有自定义类型;输出=指针/引用/句柄;副作用=无明显副作用;领域=外设;约束=noexcept+inline || 1x 类别=执行;输入=有自定义类型;输出=指针/引用/句柄;副作用=无明显副作用;领域=自我;约束=noexcept+inline"	"1x 专用类/对应头文件：外设 || 1x 专用类/对应头文件：自我"	"自我动作实现.外设模块.ixx:1267: inline const 语素入口节点类* 值_来源_输入任务参数包() noexcept || 自我动作实现模块.ixx:760: inline const 语素入口节点类* 值_来源_输入任务参数包() noexcept"	"同名不同功能或约束，禁止直接合并"
"值_来源_输入条件包"	"2"	"2"	"0"	"2"	"1x 类别=执行;输入=有自定义类型;输出=指针/引用/句柄;副作用=无明显副作用;领域=外设;约束=noexcept+inline || 1x 类别=执行;输入=有自定义类型;输出=指针/引用/句柄;副作用=无明显副作用;领域=自我;约束=noexcept+inline"	"1x 专用类/对应头文件：外设 || 1x 专用类/对应头文件：自我"	"自我动作实现.外设模块.ixx:1274: inline const 语素入口节点类* 值_来源_输入条件包() noexcept || 自我动作实现模块.ixx:767: inline const 语素入口节点类* 值_来源_输入条件包() noexcept"	"同名不同功能或约束，禁止直接合并"
"值_来源_输入现实场景包"	"2"	"2"	"0"	"2"	"1x 类别=执行;输入=有自定义类型;输出=指针/引用/句柄;副作用=无明显副作用;领域=外设;约束=noexcept+inline || 1x 类别=执行;输入=有自定义类型;输出=指针/引用/句柄;副作用=无明显副作用;领域=自我;约束=noexcept+inline"	"1x 专用类/对应头文件：外设 || 1x 专用类/对应头文件：自我"	"自我动作实现.外设模块.ixx:1260: inline const 语素入口节点类* 值_来源_输入现实场景包() noexcept || 自我动作实现模块.ixx:753: inline const 语素入口节点类* 值_来源_输入现实场景包() noexcept"	"同名不同功能或约束，禁止直接合并"
"值_没有匹配方法"	"2"	"2"	"0"	"2"	"1x 类别=比较;输入=有自定义类型;输出=指针/引用/句柄;副作用=无明显副作用;领域=外设;约束=noexcept+inline || 1x 类别=比较;输入=有自定义类型;输出=指针/引用/句柄;副作用=无明显副作用;领域=自我;约束=noexcept+inline"	"1x 专用类/对应头文件：外设 || 1x 专用类/对应头文件：自我"	"自我动作实现.外设模块.ixx:2047: inline const 语素入口节点类* 值_没有匹配方法() noexcept || 自我动作实现模块.ixx:1540: inline const 语素入口节点类* 值_没有匹配方法() noexcept"	"同名不同功能或约束，禁止直接合并"
"值_派生需求_检查当前方法执行入口"	"2"	"2"	"0"	"2"	"1x 类别=执行;输入=有自定义类型;输出=指针/引用/句柄;副作用=无明显副作用;领域=外设;约束=noexcept+inline || 1x 类别=执行;输入=有自定义类型;输出=指针/引用/句柄;副作用=无明显副作用;领域=自我;约束=noexcept+inline"	"1x 专用类/对应头文件：外设 || 1x 专用类/对应头文件：自我"	"自我动作实现.外设模块.ixx:1531: inline const 语素入口节点类* 值_派生需求_检查当前方法执行入口() noexcept || 自我动作实现模块.ixx:1024: inline const 语素入口节点类* 值_派生需求_检查当前方法执行入口() noexcept"	"同名不同功能或约束，禁止直接合并"
"值_派生需求_重新筹办任务"	"2"	"2"	"0"	"2"	"1x 类别=未分类;输入=有自定义类型;输出=指针/引用/句柄;副作用=无明显副作用;领域=外设;约束=noexcept+inline || 1x 类别=未分类;输入=有自定义类型;输出=指针/引用/句柄;副作用=无明显副作用;领域=自我;约束=noexcept+inline"	"1x 专用类/对应头文件：外设 || 1x 专用类/对应头文件：自我"	"自我动作实现.外设模块.ixx:1524: inline const 语素入口节点类* 值_派生需求_重新筹办任务() noexcept || 自我动作实现模块.ixx:1017: inline const 语素入口节点类* 值_派生需求_重新筹办任务() noexcept"	"同名不同功能或约束，禁止直接合并"
"值_目标值类型不是I64"	"2"	"2"	"0"	"2"	"1x 类别=执行;输入=有自定义类型;输出=整数/时间;副作用=无明显副作用;领域=外设;约束=noexcept+inline || 1x 类别=执行;输入=有自定义类型;输出=整数/时间;副作用=无明显副作用;领域=自我;约束=noexcept+inline"	"1x 专用类/对应头文件：外设 || 1x 专用类/对应头文件：自我"	"自我动作实现.外设模块.ixx:7394: inline const 语素入口节点类* 值_目标值类型不是I64() noexcept || 自我动作实现模块.ixx:2555: inline const 语素入口节点类* 值_目标值类型不是I64() noexcept"	"同名不同功能或约束，禁止直接合并"
"值_目标实例特征缺失"	"2"	"2"	"0"	"2"	"1x 类别=执行;输入=有自定义类型;输出=指针/引用/句柄;副作用=无明显副作用;领域=外设;约束=noexcept+inline || 1x 类别=执行;输入=有自定义类型;输出=指针/引用/句柄;副作用=无明显副作用;领域=自我;约束=noexcept+inline"	"1x 专用类/对应头文件：外设 || 1x 专用类/对应头文件：自我"	"自我动作实现.外设模块.ixx:7142: inline const 语素入口节点类* 值_目标实例特征缺失() noexcept || 自我动作实现模块.ixx:2296: inline const 语素入口节点类* 值_目标实例特征缺失() noexcept"	"同名不同功能或约束，禁止直接合并"
"值_目标抽象特征无效"	"2"	"2"	"0"	"2"	"1x 类别=执行;输入=有自定义类型;输出=指针/引用/句柄;副作用=无明显副作用;领域=外设;约束=noexcept+inline || 1x 类别=执行;输入=有自定义类型;输出=指针/引用/句柄;副作用=无明显副作用;领域=自我;约束=noexcept+inline"	"1x 专用类/对应头文件：外设 || 1x 专用类/对应头文件：自我"	"自我动作实现.外设模块.ixx:7380: inline const 语素入口节点类* 值_目标抽象特征无效() noexcept || 自我动作实现模块.ixx:2541: inline const 语素入口节点类* 值_目标抽象特征无效() noexcept"	"同名不同功能或约束，禁止直接合并"
"值_目标方法头节点缺失"	"2"	"2"	"0"	"2"	"1x 类别=执行;输入=有自定义类型;输出=指针/引用/句柄;副作用=无明显副作用;领域=外设;约束=noexcept+inline || 1x 类别=执行;输入=有自定义类型;输出=指针/引用/句柄;副作用=无明显副作用;领域=自我;约束=noexcept+inline"	"1x 专用类/对应头文件：外设 || 1x 专用类/对应头文件：自我"	"自我动作实现.外设模块.ixx:7233: inline const 语素入口节点类* 值_目标方法头节点缺失() noexcept || 自我动作实现模块.ixx:2387: inline const 语素入口节点类* 值_目标方法头节点缺失() noexcept"	"同名不同功能或约束，禁止直接合并"
"值_目标方法尚未好用"	"2"	"2"	"0"	"2"	"1x 类别=执行;输入=有自定义类型;输出=指针/引用/句柄;副作用=无明显副作用;领域=外设;约束=noexcept+inline || 1x 类别=执行;输入=有自定义类型;输出=指针/引用/句柄;副作用=无明显副作用;领域=自我;约束=noexcept+inline"	"1x 专用类/对应头文件：外设 || 1x 专用类/对应头文件：自我"	"自我动作实现.外设模块.ixx:7324: inline const 语素入口节点类* 值_目标方法尚未好用() noexcept || 自我动作实现模块.ixx:2485: inline const 语素入口节点类* 值_目标方法尚未好用() noexcept"	"同名不同功能或约束，禁止直接合并"
"值_目标特征写入失败"	"2"	"2"	"0"	"2"	"1x 类别=写入;输入=有自定义类型;输出=指针/引用/句柄;副作用=无明显副作用;领域=外设;约束=noexcept+inline || 1x 类别=写入;输入=有自定义类型;输出=指针/引用/句柄;副作用=无明显副作用;领域=自我;约束=noexcept+inline"	"1x 专用类/对应头文件：外设 || 1x 专用类/对应头文件：自我"	"自我动作实现.外设模块.ixx:7198: inline const 语素入口节点类* 值_目标特征写入失败() noexcept || 自我动作实现模块.ixx:2352: inline const 语素入口节点类* 值_目标特征写入失败() noexcept"	"同名不同功能或约束，禁止直接合并"
"值_目标特征缺失"	"2"	"2"	"0"	"2"	"1x 类别=执行;输入=有自定义类型;输出=指针/引用/句柄;副作用=无明显副作用;领域=外设;约束=noexcept+inline || 1x 类别=执行;输入=有自定义类型;输出=指针/引用/句柄;副作用=无明显副作用;领域=自我;约束=noexcept+inline"	"1x 专用类/对应头文件：外设 || 1x 专用类/对应头文件：自我"	"自我动作实现.外设模块.ixx:7331: inline const 语素入口节点类* 值_目标特征缺失() noexcept || 自我动作实现模块.ixx:2492: inline const 语素入口节点类* 值_目标特征缺失() noexcept"	"同名不同功能或约束，禁止直接合并"
"值_筹办缺口_任务信息缺失"	"2"	"2"	"0"	"2"	"1x 类别=未分类;输入=有自定义类型;输出=指针/引用/句柄;副作用=无明显副作用;领域=外设;约束=noexcept+inline || 1x 类别=未分类;输入=有自定义类型;输出=指针/引用/句柄;副作用=无明显副作用;领域=自我;约束=noexcept+inline"	"1x 专用类/对应头文件：外设 || 1x 专用类/对应头文件：自我"	"自我动作实现.外设模块.ixx:1412: inline const 语素入口节点类* 值_筹办缺口_任务信息缺失() noexcept || 自我动作实现模块.ixx:905: inline const 语素入口节点类* 值_筹办缺口_任务信息缺失() noexcept"	"同名不同功能或约束，禁止直接合并"
"值_筹办缺口_候选方法不可用"	"2"	"2"	"0"	"2"	"1x 类别=未分类;输入=有自定义类型;输出=指针/引用/句柄;副作用=无明显副作用;领域=外设;约束=noexcept+inline || 1x 类别=未分类;输入=有自定义类型;输出=指针/引用/句柄;副作用=无明显副作用;领域=自我;约束=noexcept+inline"	"1x 专用类/对应头文件：外设 || 1x 专用类/对应头文件：自我"	"自我动作实现.外设模块.ixx:1433: inline const 语素入口节点类* 值_筹办缺口_候选方法不可用() noexcept || 自我动作实现模块.ixx:926: inline const 语素入口节点类* 值_筹办缺口_候选方法不可用() noexcept"	"同名不同功能或约束，禁止直接合并"
"值_筹办缺口_候选方法条件不满足"	"2"	"2"	"0"	"2"	"1x 类别=未分类;输入=有自定义类型;输出=指针/引用/句柄;副作用=无明显副作用;领域=外设;约束=noexcept+inline || 1x 类别=未分类;输入=有自定义类型;输出=指针/引用/句柄;副作用=无明显副作用;领域=自我;约束=noexcept+inline"	"1x 专用类/对应头文件：外设 || 1x 专用类/对应头文件：自我"	"自我动作实现.外设模块.ixx:1447: inline const 语素入口节点类* 值_筹办缺口_候选方法条件不满足() noexcept || 自我动作实现模块.ixx:940: inline const 语素入口节点类* 值_筹办缺口_候选方法条件不满足() noexcept"	"同名不同功能或约束，禁止直接合并"
"值_筹办缺口_候选方法缺执行入口"	"2"	"2"	"0"	"2"	"1x 类别=执行;输入=有自定义类型;输出=指针/引用/句柄;副作用=无明显副作用;领域=外设;约束=noexcept+inline || 1x 类别=执行;输入=有自定义类型;输出=指针/引用/句柄;副作用=无明显副作用;领域=自我;约束=noexcept+inline"	"1x 专用类/对应头文件：外设 || 1x 专用类/对应头文件：自我"	"自我动作实现.外设模块.ixx:1440: inline const 语素入口节点类* 值_筹办缺口_候选方法缺执行入口() noexcept || 自我动作实现模块.ixx:933: inline const 语素入口节点类* 值_筹办缺口_候选方法缺执行入口() noexcept"	"同名不同功能或约束，禁止直接合并"
"值_筹办缺口_参数配对失败"	"2"	"2"	"0"	"2"	"1x 类别=未分类;输入=有自定义类型;输出=指针/引用/句柄;副作用=无明显副作用;领域=外设;约束=noexcept+inline || 1x 类别=未分类;输入=有自定义类型;输出=指针/引用/句柄;副作用=无明显副作用;领域=自我;约束=noexcept+inline"	"1x 专用类/对应头文件：外设 || 1x 专用类/对应头文件：自我"	"自我动作实现.外设模块.ixx:1454: inline const 语素入口节点类* 值_筹办缺口_参数配对失败() noexcept || 自我动作实现模块.ixx:947: inline const 语素入口节点类* 值_筹办缺口_参数配对失败() noexcept"	"同名不同功能或约束，禁止直接合并"
"值_筹办缺口_无确定候选方法"	"2"	"2"	"0"	"2"	"1x 类别=未分类;输入=有自定义类型;输出=指针/引用/句柄;副作用=无明显副作用;领域=外设;约束=noexcept+inline || 1x 类别=未分类;输入=有自定义类型;输出=指针/引用/句柄;副作用=无明显副作用;领域=自我;约束=noexcept+inline"	"1x 专用类/对应头文件：外设 || 1x 专用类/对应头文件：自我"	"自我动作实现.外设模块.ixx:1426: inline const 语素入口节点类* 值_筹办缺口_无确定候选方法() noexcept || 自我动作实现模块.ixx:919: inline const 语素入口节点类* 值_筹办缺口_无确定候选方法() noexcept"	"同名不同功能或约束，禁止直接合并"
"值_筹办缺口_需求目标不可解析"	"2"	"2"	"0"	"2"	"1x 类别=解析;输入=有自定义类型;输出=指针/引用/句柄;副作用=无明显副作用;领域=外设;约束=noexcept+inline || 1x 类别=解析;输入=有自定义类型;输出=指针/引用/句柄;副作用=无明显副作用;领域=自我;约束=noexcept+inline"	"1x 专用类/对应头文件：外设 || 1x 专用类/对应头文件：自我"	"自我动作实现.外设模块.ixx:1419: inline const 语素入口节点类* 值_筹办缺口_需求目标不可解析() noexcept || 自我动作实现模块.ixx:912: inline const 语素入口节点类* 值_筹办缺口_需求目标不可解析() noexcept"	"同名不同功能或约束，禁止直接合并"
"值_缺少执行入口"	"2"	"2"	"0"	"2"	"1x 类别=执行;输入=有自定义类型;输出=指针/引用/句柄;副作用=无明显副作用;领域=外设;约束=noexcept+inline || 1x 类别=执行;输入=有自定义类型;输出=指针/引用/句柄;副作用=无明显副作用;领域=自我;约束=noexcept+inline"	"1x 专用类/对应头文件：外设 || 1x 专用类/对应头文件：自我"	"自我动作实现.外设模块.ixx:7359: inline const 语素入口节点类* 值_缺少执行入口() noexcept || 自我动作实现模块.ixx:2520: inline const 语素入口节点类* 值_缺少执行入口() noexcept"	"同名不同功能或约束，禁止直接合并"
"值_缺少执行差值或目标值"	"2"	"2"	"0"	"2"	"1x 类别=执行;输入=有自定义类型;输出=指针/引用/句柄;副作用=无明显副作用;领域=外设;约束=noexcept+inline || 1x 类别=执行;输入=有自定义类型;输出=指针/引用/句柄;副作用=无明显副作用;领域=自我;约束=noexcept+inline"	"1x 专用类/对应头文件：外设 || 1x 专用类/对应头文件：自我"	"自我动作实现.外设模块.ixx:7177: inline const 语素入口节点类* 值_缺少执行差值或目标值() noexcept || 自我动作实现模块.ixx:2331: inline const 语素入口节点类* 值_缺少执行差值或目标值() noexcept"	"同名不同功能或约束，禁止直接合并"
"值_自我动作缺失"	"2"	"2"	"0"	"2"	"1x 类别=执行;输入=有自定义类型;输出=指针/引用/句柄;副作用=无明显副作用;领域=外设;约束=noexcept+inline || 1x 类别=执行;输入=有自定义类型;输出=指针/引用/句柄;副作用=无明显副作用;领域=自我;约束=noexcept+inline"	"1x 专用类/对应头文件：外设 || 1x 专用类/对应头文件：自我"	"自我动作实现.外设模块.ixx:7310: inline const 语素入口节点类* 值_自我动作缺失() noexcept || 自我动作实现模块.ixx:2471: inline const 语素入口节点类* 值_自我动作缺失() noexcept"	"同名不同功能或约束，禁止直接合并"
"值_自身方法头节点缺失"	"2"	"2"	"0"	"2"	"1x 类别=执行;输入=有自定义类型;输出=指针/引用/句柄;副作用=无明显副作用;领域=外设;约束=noexcept+inline || 1x 类别=执行;输入=有自定义类型;输出=指针/引用/句柄;副作用=无明显副作用;领域=自我;约束=noexcept+inline"	"1x 专用类/对应头文件：外设 || 1x 专用类/对应头文件：自我"	"自我动作实现.外设模块.ixx:2075: inline const 语素入口节点类* 值_自身方法头节点缺失() noexcept || 自我动作实现模块.ixx:1568: inline const 语素入口节点类* 值_自身方法头节点缺失() noexcept"	"同名不同功能或约束，禁止直接合并"
"值_超出限制"	"2"	"2"	"0"	"2"	"1x 类别=执行;输入=有自定义类型;输出=指针/引用/句柄;副作用=无明显副作用;领域=外设;约束=noexcept+inline || 1x 类别=执行;输入=有自定义类型;输出=指针/引用/句柄;副作用=无明显副作用;领域=自我;约束=noexcept+inline"	"1x 专用类/对应头文件：外设 || 1x 专用类/对应头文件：自我"	"自我动作实现.外设模块.ixx:2040: inline const 语素入口节点类* 值_超出限制() noexcept || 自我动作实现模块.ixx:1533: inline const 语素入口节点类* 值_超出限制() noexcept"	"同名不同功能或约束，禁止直接合并"
"值_输入快照过期"	"2"	"2"	"0"	"2"	"1x 类别=执行;输入=有自定义类型;输出=指针/引用/句柄;副作用=无明显副作用;领域=外设;约束=noexcept+inline || 1x 类别=执行;输入=有自定义类型;输出=指针/引用/句柄;副作用=无明显副作用;领域=自我;约束=noexcept+inline"	"1x 专用类/对应头文件：外设 || 1x 专用类/对应头文件：自我"	"自我动作实现.外设模块.ixx:7156: inline const 语素入口节点类* 值_输入快照过期() noexcept || 自我动作实现模块.ixx:2310: inline const 语素入口节点类* 值_输入快照过期() noexcept"	"同名不同功能或约束，禁止直接合并"
"值_输入条件包绑定失败"	"2"	"2"	"0"	"2"	"1x 类别=未分类;输入=有自定义类型;输出=指针/引用/句柄;副作用=无明显副作用;领域=外设;约束=noexcept+inline || 1x 类别=未分类;输入=有自定义类型;输出=指针/引用/句柄;副作用=无明显副作用;领域=自我;约束=noexcept+inline"	"1x 专用类/对应头文件：外设 || 1x 专用类/对应头文件：自我"	"自我动作实现.外设模块.ixx:2061: inline const 语素入口节点类* 值_输入条件包绑定失败() noexcept || 自我动作实现模块.ixx:1554: inline const 语素入口节点类* 值_输入条件包绑定失败() noexcept"	"同名不同功能或约束，禁止直接合并"
"值_输入绑定失败"	"2"	"2"	"0"	"2"	"1x 类别=未分类;输入=有自定义类型;输出=指针/引用/句柄;副作用=无明显副作用;领域=外设;约束=noexcept+inline || 1x 类别=未分类;输入=有自定义类型;输出=指针/引用/句柄;副作用=无明显副作用;领域=自我;约束=noexcept+inline"	"1x 专用类/对应头文件：外设 || 1x 专用类/对应头文件：自我"	"自我动作实现.外设模块.ixx:2033: inline const 语素入口节点类* 值_输入绑定失败() noexcept || 自我动作实现模块.ixx:1526: inline const 语素入口节点类* 值_输入绑定失败() noexcept"	"同名不同功能或约束，禁止直接合并"
"值_需求未满足"	"2"	"2"	"0"	"2"	"1x 类别=执行;输入=有自定义类型;输出=指针/引用/句柄;副作用=无明显副作用;领域=外设;约束=noexcept+inline || 1x 类别=执行;输入=有自定义类型;输出=指针/引用/句柄;副作用=无明显副作用;领域=自我;约束=noexcept+inline"	"1x 专用类/对应头文件：外设 || 1x 专用类/对应头文件：自我"	"自我动作实现.外设模块.ixx:7373: inline const 语素入口节点类* 值_需求未满足() noexcept || 自我动作实现模块.ixx:2534: inline const 语素入口节点类* 值_需求未满足() noexcept"	"同名不同功能或约束，禁止直接合并"
"值_需求满足"	"2"	"2"	"0"	"2"	"1x 类别=执行;输入=有自定义类型;输出=指针/引用/句柄;副作用=无明显副作用;领域=外设;约束=noexcept+inline || 1x 类别=执行;输入=有自定义类型;输出=指针/引用/句柄;副作用=无明显副作用;领域=自我;约束=noexcept+inline"	"1x 专用类/对应头文件：外设 || 1x 专用类/对应头文件：自我"	"自我动作实现.外设模块.ixx:7366: inline const 语素入口节点类* 值_需求满足() noexcept || 自我动作实现模块.ixx:2527: inline const 语素入口节点类* 值_需求满足() noexcept"	"同名不同功能或约束，禁止直接合并"
"值类型_I64"	"2"	"2"	"0"	"2"	"1x 类别=执行;输入=有自定义类型;输出=整数/时间;副作用=无明显副作用;领域=外设;约束=noexcept+inline || 1x 类别=执行;输入=有自定义类型;输出=整数/时间;副作用=无明显副作用;领域=自我;约束=noexcept+inline"	"1x 专用类/对应头文件：外设 || 1x 专用类/对应头文件：自我"	"自我动作实现.外设模块.ixx:1295: inline const 语素入口节点类* 值类型_I64() noexcept || 自我动作实现模块.ixx:788: inline const 语素入口节点类* 值类型_I64() noexcept"	"同名不同功能或约束，禁止直接合并"
"值类型_场景指针"	"2"	"2"	"0"	"2"	"1x 类别=执行;输入=有自定义类型;输出=指针/引用/句柄;副作用=无明显副作用;领域=外设;约束=noexcept+inline || 1x 类别=执行;输入=有自定义类型;输出=指针/引用/句柄;副作用=无明显副作用;领域=自我;约束=noexcept+inline"	"1x 专用类/对应头文件：外设 || 1x 专用类/对应头文件：自我"	"自我动作实现.外设模块.ixx:1309: inline const 语素入口节点类* 值类型_场景指针() noexcept || 自我动作实现模块.ixx:802: inline const 语素入口节点类* 值类型_场景指针() noexcept"	"同名不同功能或约束，禁止直接合并"
"值类型_特征值"	"2"	"2"	"0"	"2"	"1x 类别=执行;输入=有自定义类型;输出=指针/引用/句柄;副作用=无明显副作用;领域=外设;约束=noexcept+inline || 1x 类别=执行;输入=有自定义类型;输出=指针/引用/句柄;副作用=无明显副作用;领域=自我;约束=noexcept+inline"	"1x 专用类/对应头文件：外设 || 1x 专用类/对应头文件：自我"	"自我动作实现.外设模块.ixx:1323: inline const 语素入口节点类* 值类型_特征值() noexcept || 自我动作实现模块.ixx:816: inline const 语素入口节点类* 值类型_特征值() noexcept"	"同名不同功能或约束，禁止直接合并"
"值类型_特征类型指针"	"2"	"2"	"0"	"2"	"1x 类别=执行;输入=有自定义类型;输出=指针/引用/句柄;副作用=无明显副作用;领域=外设;约束=noexcept+inline || 1x 类别=执行;输入=有自定义类型;输出=指针/引用/句柄;副作用=无明显副作用;领域=自我;约束=noexcept+inline"	"1x 专用类/对应头文件：外设 || 1x 专用类/对应头文件：自我"	"自我动作实现.外设模块.ixx:1316: inline const 语素入口节点类* 值类型_特征类型指针() noexcept || 自我动作实现模块.ixx:809: inline const 语素入口节点类* 值类型_特征类型指针() noexcept"	"同名不同功能或约束，禁止直接合并"
"值类型_类型I64"	"2"	"2"	"0"	"2"	"1x 类别=执行;输入=有自定义类型;输出=整数/时间;副作用=无明显副作用;领域=外设;约束=noexcept+inline || 1x 类别=执行;输入=有自定义类型;输出=整数/时间;副作用=无明显副作用;领域=自我;约束=noexcept+inline"	"1x 专用类/对应头文件：外设 || 1x 专用类/对应头文件：自我"	"自我动作实现.外设模块.ixx:1302: inline const 语素入口节点类* 值类型_类型I64() noexcept || 自我动作实现模块.ixx:795: inline const 语素入口节点类* 值类型_类型I64() noexcept"	"同名不同功能或约束，禁止直接合并"
"值转文本"	"2"	"2"	"0"	"1"	"2x 类别=执行;输入=有自定义类型;输出=文本;副作用=无明显副作用;领域=全局通用候选;约束=inline"	"2x 原地保留/待复核"	"动作验证报告类.h:179: inline std::string 值转文本(const 结构_动作验证值& 值) || 动作验证报告类.ixx:181: inline std::string 值转文本(const 结构_动作验证值& 值)"	"功能签名一致，按专用归属复核"
"关闭项目日志"	"2"	"1"	"1"	"1"	"2x 类别=日志;输入=无自定义类型;输出=void;副作用=无明显副作用;领域=日志;约束=noexcept"	"2x 专用类/对应头文件：日志"	"日志接入.h:9: void 关闭项目日志() noexcept || 日志模块.ixx:561: void 关闭项目日志() noexcept"	"功能签名一致，按专用归属复核"
"写入任务结果状态摘要_兼容"	"2"	"0"	"2"	"1"	"2x 类别=写入;输入=有自定义类型;输出=bool;副作用=无明显副作用;领域=任务;约束=noexcept+static"	"2x 专用类/对应头文件：任务"	"任务类.h:93: static bool 写入任务结果状态摘要_兼容( 节点类* 任务节点, const 可解析引用<状态节点类>& 状态引用) noexcept || 任务类.h:96: static bool 写入任务结果状态摘要_兼容( 节点类* 任务节点, 状态节点类* 状态节点) noexcept"	"功能签名一致，按专用归属复核"
"写入参数绑定失败"	"2"	"2"	"0"	"2"	"1x 类别=写入;输入=有自定义类型;输出=void;副作用=无明显副作用;领域=外设;约束=noexcept+inline || 1x 类别=写入;输入=有自定义类型;输出=void;副作用=无明显副作用;领域=自我;约束=noexcept+inline"	"1x 专用类/对应头文件：外设 || 1x 专用类/对应头文件：自我"	"自我动作实现.外设模块.ixx:9018: inline void 写入参数绑定失败( 存在节点类* 运行存在, 场景节点类* 输出结果场景, 时间戳 now) noexcept || 自我动作实现模块.ixx:4094: inline void 写入参数绑定失败( 存在节点类* 运行存在, 场景节点类* 输出结果场景, 时间戳 now) noexcept"	"同名不同功能或约束，禁止直接合并"
"写入基础节点I64"	"2"	"2"	"0"	"2"	"1x 类别=写入;输入=有自定义类型;输出=bool;副作用=无明显副作用;领域=外设;约束=noexcept+inline || 1x 类别=写入;输入=有自定义类型;输出=bool;副作用=无明显副作用;领域=自我;约束=noexcept+inline"	"1x 专用类/对应头文件：外设 || 1x 专用类/对应头文件：自我"	"自我动作实现.外设模块.ixx:7499: inline bool 写入基础节点I64( 基础信息节点类* 宿主, const 语素入口节点类* 特征类型, I64 值, 时间戳 now) noexcept || 自我动作实现模块.ixx:2660: inline bool 写入基础节点I64( 基础信息节点类* 宿主, const 语素入口节点类* 特征类型, I64 值, 时间戳 now) noexcept"	"同名不同功能或约束，禁止直接合并"
"写入基础节点指针"	"2"	"2"	"0"	"2"	"1x 类别=写入;输入=有自定义类型;输出=bool;副作用=无明显副作用;领域=外设;约束=noexcept+inline || 1x 类别=写入;输入=有自定义类型;输出=bool;副作用=无明显副作用;领域=自我;约束=noexcept+inline"	"1x 专用类/对应头文件：外设 || 1x 专用类/对应头文件：自我"	"自我动作实现.外设模块.ixx:7486: inline bool 写入基础节点指针( 基础信息节点类* 宿主, const 语素入口节点类* 特征类型, const void* 指针, 时间戳 now) noexcept || 自我动作实现模块.ixx:2647: inline bool 写入基础节点指针( 基础信息节点类* 宿主, const 语素入口节点类* 特征类型, const void* 指针, 时间戳 now) noexcept"	"同名不同功能或约束，禁止直接合并"
"写入基础节点特征值"	"2"	"2"	"0"	"2"	"1x 类别=写入;输入=有自定义类型;输出=bool;副作用=无明显副作用;领域=外设;约束=noexcept+inline || 1x 类别=写入;输入=有自定义类型;输出=bool;副作用=无明显副作用;领域=自我;约束=noexcept+inline"	"1x 专用类/对应头文件：外设 || 1x 专用类/对应头文件：自我"	"自我动作实现.外设模块.ixx:7773: inline bool 写入基础节点特征值( 基础信息节点类* 宿主, const 语素入口节点类* 特征类型, const 特征值& 值, 时间戳 now) noexcept || 自我动作实现模块.ixx:2672: inline bool 写入基础节点特征值( 基础信息节点类* 宿主, const 语素入口节点类* 特征类型, const 特征值& 值, 时间戳 now) noexcept"	"同名不同功能或约束，禁止直接合并"
"写入存在I64"	"2"	"2"	"0"	"2"	"1x 类别=写入;输入=有自定义类型;输出=bool;副作用=无明显副作用;领域=外设;约束=noexcept+inline || 1x 类别=写入;输入=有自定义类型;输出=bool;副作用=无明显副作用;领域=自我;约束=noexcept+inline"	"1x 专用类/对应头文件：外设 || 1x 专用类/对应头文件：自我"	"自我动作实现.外设模块.ixx:7453: inline bool 写入存在I64( 存在节点类* 存在, const 语素入口节点类* 特征类型, I64 值, 时间戳 now) noexcept || 自我动作实现模块.ixx:2614: inline bool 写入存在I64( 存在节点类* 存在, const 语素入口节点类* 特征类型, I64 值, 时间戳 now) noexcept"	"同名不同功能或约束，禁止直接合并"
"写入存在指针"	"2"	"2"	"0"	"2"	"1x 类别=写入;输入=有自定义类型;输出=bool;副作用=无明显副作用;领域=外设;约束=noexcept+inline || 1x 类别=写入;输入=有自定义类型;输出=bool;副作用=无明显副作用;领域=自我;约束=noexcept+inline"	"1x 专用类/对应头文件：外设 || 1x 专用类/对应头文件：自我"	"自我动作实现.外设模块.ixx:7469: inline bool 写入存在指针( 存在节点类* 存在, const 语素入口节点类* 特征类型, const void* 指针, 时间戳 now) noexcept || 自我动作实现模块.ixx:2630: inline bool 写入存在指针( 存在节点类* 存在, const 语素入口节点类* 特征类型, const void* 指针, 时间戳 now) noexcept"	"同名不同功能或约束，禁止直接合并"
"写入方法执行情况"	"2"	"2"	"0"	"2"	"1x 类别=写入;输入=有自定义类型;输出=bool;副作用=无明显副作用;领域=外设;约束=noexcept+inline || 1x 类别=写入;输入=有自定义类型;输出=bool;副作用=无明显副作用;领域=自我;约束=noexcept+inline"	"1x 专用类/对应头文件：外设 || 1x 专用类/对应头文件：自我"	"自我动作实现.外设模块.ixx:8768: inline bool 写入方法执行情况( 基础信息节点类* 宿主, const 语素入口节点类* 情况, 时间戳 now) noexcept || 自我动作实现模块.ixx:3309: inline bool 写入方法执行情况( 基础信息节点类* 宿主, const 语素入口节点类* 情况, 时间戳 now) noexcept"	"同名不同功能或约束，禁止直接合并"
"写入方法补齐任务输入目标方法"	"2"	"2"	"0"	"1"	"2x 类别=写入;输入=有自定义类型;输出=void;副作用=无明显副作用;领域=任务;约束=noexcept"	"2x 专用类/对应头文件：任务"	"任务模块.筹办.ixx:4717: void 写入方法补齐任务输入目标方法( 任务节点* 任务头, 方法节点* 被补方法, 场景节点类* 输入参数场景, 时间戳 now) noexcept || 任务模块.筹办.ixx:4794: void 写入方法补齐任务输入目标方法( 任务节点* 任务头, 方法节点* 被补方法, 时间戳 now) noexcept"	"功能签名一致，按专用归属复核"
"写入本能方法自身环境失败"	"2"	"2"	"0"	"2"	"1x 类别=写入;输入=有自定义类型;输出=void;副作用=无明显副作用;领域=外设;约束=noexcept+inline || 1x 类别=写入;输入=有自定义类型;输出=void;副作用=无明显副作用;领域=自我;约束=noexcept+inline"	"1x 专用类/对应头文件：外设 || 1x 专用类/对应头文件：自我"	"自我动作实现.外设模块.ixx:9536: inline void 写入本能方法自身环境失败( 基础信息节点类* 宿主, const 语素入口节点类* 失败原因, 时间戳 now) noexcept || 自我动作实现模块.ixx:4451: inline void 写入本能方法自身环境失败( 基础信息节点类* 宿主, const 语素入口节点类* 失败原因, 时间戳 now) noexcept"	"同名不同功能或约束，禁止直接合并"
"写入目标方法I64实际结果状态"	"2"	"2"	"0"	"2"	"1x 类别=写入;输入=有自定义类型;输出=整数/时间;副作用=无明显副作用;领域=外设;约束=noexcept+inline || 1x 类别=写入;输入=有自定义类型;输出=整数/时间;副作用=无明显副作用;领域=自我;约束=noexcept+inline"	"1x 专用类/对应头文件：外设 || 1x 专用类/对应头文件：自我"	"自我动作实现.外设模块.ixx:8470: inline 状态节点类* 写入目标方法I64实际结果状态( 方法类::节点类* 当前本能方法, 方法类::节点类* 目标方法, const 语素入口节点类* 特征类型, I64 实际状态值, 场景节点类*& 输出结果场景, 时间戳 now) noexcept || 自我动作实现模块.ixx:3011: inline 状态节点类* 写入目标方法I64实际结果状态( 方法类::节点类* 当前本能方法, 方法类::节点类* 目标方法, const 语素入口节点类* 特征类型, I64 实际状态值, 场景节点类*& 输出结果场景, 时间戳 now) noexcept"	"同名不同功能或约束，禁止直接合并"
"写入目标方法I64特征"	"2"	"2"	"0"	"2"	"1x 类别=写入;输入=有自定义类型;输出=bool;副作用=无明显副作用;领域=外设;约束=noexcept+inline || 1x 类别=写入;输入=有自定义类型;输出=bool;副作用=无明显副作用;领域=自我;约束=noexcept+inline"	"1x 专用类/对应头文件：外设 || 1x 专用类/对应头文件：自我"	"自我动作实现.外设模块.ixx:8212: inline bool 写入目标方法I64特征( 方法类::节点类* 目标方法, const 语素入口节点类* 特征类型, I64 值, 时间戳 now) noexcept || 自我动作实现模块.ixx:2858: inline bool 写入目标方法I64特征( 方法类::节点类* 目标方法, const 语素入口节点类* 特征类型, I64 值, 时间戳 now) noexcept"	"同名不同功能或约束，禁止直接合并"
"写入目标方法I64特征派生需求"	"2"	"2"	"0"	"2"	"1x 类别=写入;输入=有自定义类型;输出=void;副作用=无明显副作用;领域=外设;约束=noexcept+inline || 1x 类别=写入;输入=有自定义类型;输出=void;副作用=无明显副作用;领域=自我;约束=noexcept+inline"	"1x 专用类/对应头文件：外设 || 1x 专用类/对应头文件：自我"	"自我动作实现.外设模块.ixx:8354: inline void 写入目标方法I64特征派生需求( 方法类::节点类* 当前本能方法, 方法类::节点类* 目标方法, const 语素入口节点类* 特征类型, I64 当前状态值, I64 目标状态值, 场景节点类*& 输出结果场景, 时间戳 now) noexcept || 自我动作实现模块.ixx:2991: inline void 写入目标方法I64特征派生需求( 方法类::节点类* 当前本能方法, 方法类::节点类* 目标方法, const 语素入口节点类* 特征类型, I64 当前状态值, I64 目标状态值, 场景节点类*& 输出结果场景, 时间戳 now) noexcept"	"同名不同功能或约束，禁止直接合并"
"写入目标方法特征派生需求"	"2"	"2"	"0"	"2"	"1x 类别=写入;输入=有自定义类型;输出=void;副作用=无明显副作用;领域=外设;约束=noexcept+inline || 1x 类别=写入;输入=有自定义类型;输出=void;副作用=无明显副作用;领域=自我;约束=noexcept+inline"	"1x 专用类/对应头文件：外设 || 1x 专用类/对应头文件：自我"	"自我动作实现.外设模块.ixx:8228: inline void 写入目标方法特征派生需求( 方法类::节点类* 当前本能方法, 方法类::节点类* 目标方法, const 语素入口节点类* 特征类型, const 特征值& 当前状态值, const 特征值& 目标状态值, 场景节点类*& 输出结果场景, 时间戳 now) noexcept || 自我动作实现模块.ixx:2874: inline void 写入目标方法特征派生需求( 方法类::节点类* 当前本能方法, 方法类::节点类* 目标方法, const 语素入口节点类* 特征类型, const 特征值& 当前状态值, const 特征值& 目标状态值, 场景节点类*& 输出结果场景, 时间戳 now) noexcept"	"同名不同功能或约束，禁止直接合并"
"写入目标方法状态派生需求"	"2"	"2"	"0"	"2"	"1x 类别=写入;输入=有自定义类型;输出=void;副作用=无明显副作用;领域=外设;约束=noexcept+inline || 1x 类别=写入;输入=有自定义类型;输出=void;副作用=无明显副作用;领域=自我;约束=noexcept+inline"	"1x 专用类/对应头文件：外设 || 1x 专用类/对应头文件：自我"	"自我动作实现.外设模块.ixx:8333: inline void 写入目标方法状态派生需求( 方法类::节点类* 当前本能方法, 方法类::节点类* 目标方法, I64 当前状态值, I64 目标状态值, 场景节点类*& 输出结果场景, 时间戳 now) noexcept || 自我动作实现模块.ixx:2970: inline void 写入目标方法状态派生需求( 方法类::节点类* 当前本能方法, 方法类::节点类* 目标方法, I64 当前状态值, I64 目标状态值, 场景节点类*& 输出结果场景, 时间戳 now) noexcept"	"同名不同功能或约束，禁止直接合并"
"分层_登记叶子_已加锁"	"2"	"1"	"1"	"2"	"1x 类别=未分类;输入=有自定义类型;输出=void;副作用=无明显副作用;领域=特征值;约束=锁约束 || 1x 类别=未分类;输入=无自定义类型;输出=其他;副作用=无明显副作用;领域=特征值;约束=锁约束"	"2x 专用类/对应头文件：特征值"	"特征值类.h:392: void 分层_登记叶子_已加锁(枚举_轮廓维度 dim, const std::vector<I64>& tokens, 节点类* leaf) || 特征值类.h:420: 分层_登记叶子_已加锁(dim, tokens, node)"	"同名不同功能或约束，禁止直接合并"
"创建二次特征"	"2"	"0"	"2"	"2"	"1x 类别=构造;输入=有自定义类型;输出=指针/引用/句柄;副作用=无明显副作用;领域=世界;约束=无显式约束 || 1x 类别=构造;输入=有自定义类型;输出=指针/引用/句柄;副作用=无明显副作用;领域=特征;约束=无显式约束"	"1x 专用类/对应头文件：世界 || 1x 专用类/对应头文件：特征"	"世界树类.h:176: 二次特征节点类* 创建二次特征(基础信息节点类* 父节点, 二次特征主信息类* 主信息) || 二次特征类.h:19: 二次特征节点类* 创建二次特征(基础信息节点类* 父节点, 二次特征主信息类* 主信息)"	"同名不同功能或约束，禁止直接合并"
"创建叶子抽象特征"	"2"	"0"	"2"	"2"	"1x 类别=构造;输入=有自定义类型;输出=指针/引用/句柄;副作用=无明显副作用;领域=世界;约束=无显式约束 || 1x 类别=构造;输入=有自定义类型;输出=指针/引用/句柄;副作用=无明显副作用;领域=特征;约束=无显式约束"	"1x 专用类/对应头文件：世界 || 1x 专用类/对应头文件：特征"	"世界树类.h:112: 抽象特征节点类* 创建叶子抽象特征( 基础信息节点类* 父抽象特征, const 语素入口节点类* 名称, const 语素入口节点类* 类型, 特征值域 值域) || 特征类.h:267: 抽象特征节点类* 创建叶子抽象特征( 基础信息节点类* 父抽象特征, const 语素入口节点类* 名称, const 语素入口节点类* 类型, 特征值域 值域)"	"同名不同功能或约束，禁止直接合并"
"创建场景"	"2"	"0"	"2"	"2"	"1x 类别=构造;输入=有自定义类型;输出=指针/引用/句柄;副作用=无明显副作用;领域=世界;约束=无显式约束 || 1x 类别=构造;输入=有自定义类型;输出=指针/引用/句柄;副作用=无明显副作用;领域=场景;约束=无显式约束"	"1x 专用类/对应头文件：世界 || 1x 专用类/对应头文件：场景"	"世界树类.h:170: 场景节点类* 创建场景(基础信息节点类* 父节点, 场景节点主信息类* 主信息) || 场景类.h:14: 场景节点类* 创建场景(基础信息节点类* 父节点, 场景节点主信息类* 主信息)"	"同名不同功能或约束，禁止直接合并"
"创建复合抽象特征"	"2"	"0"	"2"	"2"	"1x 类别=构造;输入=有自定义类型;输出=指针/引用/句柄;副作用=无明显副作用;领域=世界;约束=无显式约束 || 1x 类别=构造;输入=有自定义类型;输出=指针/引用/句柄;副作用=无明显副作用;领域=特征;约束=无显式约束"	"1x 专用类/对应头文件：世界 || 1x 专用类/对应头文件：特征"	"世界树类.h:117: 抽象特征节点类* 创建复合抽象特征( 基础信息节点类* 父抽象特征, const 语素入口节点类* 名称, const 语素入口节点类* 类型) || 特征类.h:272: 抽象特征节点类* 创建复合抽象特征( 基础信息节点类* 父抽象特征, const 语素入口节点类* 名称, const 语素入口节点类* 类型)"	"同名不同功能或约束，禁止直接合并"
"创建存在"	"2"	"0"	"2"	"2"	"1x 类别=构造;输入=有自定义类型;输出=指针/引用/句柄;副作用=无明显副作用;领域=世界;约束=无显式约束 || 1x 类别=构造;输入=有自定义类型;输出=指针/引用/句柄;副作用=无明显副作用;领域=存在;约束=无显式约束"	"1x 专用类/对应头文件：世界 || 1x 专用类/对应头文件：存在"	"世界树类.h:139: 存在节点类* 创建存在(基础信息节点类* 父节点, 存在节点主信息类* 主信息) || 存在类.h:27: 存在节点类* 创建存在(基础信息节点类* 父节点, 存在节点主信息类* 主信息)"	"同名不同功能或约束，禁止直接合并"
"创建抽象特征"	"2"	"0"	"2"	"2"	"1x 类别=构造;输入=有自定义类型;输出=指针/引用/句柄;副作用=无明显副作用;领域=世界;约束=无显式约束 || 1x 类别=构造;输入=有自定义类型;输出=指针/引用/句柄;副作用=无明显副作用;领域=特征;约束=无显式约束"	"1x 专用类/对应头文件：世界 || 1x 专用类/对应头文件：特征"	"世界树类.h:111: 抽象特征节点类* 创建抽象特征(基础信息节点类* 父抽象特征, 抽象特征主信息类* 主信息) || 特征类.h:266: 抽象特征节点类* 创建抽象特征(基础信息节点类* 父抽象特征, 抽象特征主信息类* 主信息)"	"同名不同功能或约束，禁止直接合并"
"创建特征"	"2"	"0"	"2"	"2"	"1x 类别=构造;输入=有自定义类型;输出=指针/引用/句柄;副作用=无明显副作用;领域=世界;约束=无显式约束 || 1x 类别=构造;输入=有自定义类型;输出=指针/引用/句柄;副作用=无明显副作用;领域=特征;约束=无显式约束"	"1x 专用类/对应头文件：世界 || 1x 专用类/对应头文件：特征"	"世界树类.h:136: 特征节点类* 创建特征(基础信息节点类* 宿主, 特征节点主信息类* 主信息) || 特征类.h:294: 特征节点类* 创建特征(基础信息节点类* 宿主, 特征节点主信息类* 主信息)"	"同名不同功能或约束，禁止直接合并"
"创建状态"	"2"	"0"	"2"	"2"	"1x 类别=构造;输入=有自定义类型;输出=指针/引用/句柄;副作用=无明显副作用;领域=世界;约束=无显式约束 || 1x 类别=构造;输入=有自定义类型;输出=指针/引用/句柄;副作用=无明显副作用;领域=全局通用候选;约束=无显式约束"	"1x 专用类/对应头文件：世界 || 1x 原地保留/待复核"	"世界树类.h:177: 状态节点类* 创建状态(场景节点类* 场景, 状态节点主信息类* 主信息) || 状态类.h:71: 状态节点类* 创建状态(场景节点类* 场景, 状态节点主信息类* 主信息)"	"同名不同功能或约束，禁止直接合并"
"初始化全链自环"	"2"	"1"	"1"	"2"	"1x 类别=构造;输入=无自定义类型;输出=void;副作用=无明显副作用;领域=全局通用候选;约束=无显式约束 || 1x 类别=构造;输入=无自定义类型;输出=其他;副作用=无明显副作用;领域=全局通用候选;约束=无显式约束"	"2x 全局共享函数类.ixx候选"	"双向链表模板核心.h:74: void 初始化全链自环() || 双向链表模板核心.h:87: 初始化全链自环()"	"同名不同功能或约束，禁止直接合并"
"初始化同层自环"	"2"	"1"	"1"	"2"	"1x 类别=构造;输入=无自定义类型;输出=void;副作用=无明显副作用;领域=全局通用候选;约束=无显式约束 || 1x 类别=构造;输入=无自定义类型;输出=其他;副作用=无明显副作用;领域=全局通用候选;约束=无显式约束"	"2x 全局共享函数类.ixx候选"	"双向链表模板核心.h:66: void 初始化同层自环() || 双向链表模板核心.h:86: 初始化同层自环()"	"同名不同功能或约束，禁止直接合并"
"初始化度量模板注册表"	"2"	"1"	"1"	"1"	"2x 类别=构造;输入=无自定义类型;输出=void;副作用=无明显副作用;领域=全局通用候选;约束=noexcept"	"2x 全局共享函数类.ixx候选"	"度量模板注册表桥接.cpp:6: void 初始化度量模板注册表() noexcept || 度量模板注册表桥接.h:14: void 初始化度量模板注册表() noexcept"	"功能签名一致，按专用归属复核"
"初始化项目日志"	"2"	"1"	"1"	"1"	"2x 类别=构造;输入=无自定义类型;输出=void;副作用=无明显副作用;领域=日志;约束=noexcept"	"2x 专用类/对应头文件：日志"	"日志接入.h:8: void 初始化项目日志() noexcept || 日志模块.ixx:544: void 初始化项目日志() noexcept"	"功能签名一致，按专用归属复核"
"删除节点"	"2"	"1"	"1"	"2"	"1x 类别=清理;输入=有自定义类型;输出=void;副作用=无明显副作用;领域=全局通用候选;约束=无显式约束 || 1x 类别=清理;输入=有自定义类型;输出=bool;副作用=无明显副作用;领域=基础信息;约束=无显式约束"	"1x 原地保留/待复核 || 1x 专用类/对应头文件：基础信息"	"双向链表模板核心.h:541: void 删除节点(节点类* 被删除节点) || 基础信息类.h:26: bool 删除节点(节点类* 节点)"	"同名不同功能或约束，禁止直接合并"
"删除链表"	"2"	"1"	"1"	"2"	"1x 类别=清理;输入=无自定义类型;输出=其他;副作用=无明显副作用;领域=全局通用候选;约束=无显式约束 || 1x 类别=清理;输入=无自定义类型;输出=void;副作用=无明显副作用;领域=全局通用候选;约束=无显式约束"	"2x 全局共享函数类.ixx候选"	"双向链表模板核心.h:168: 删除链表() || 双向链表模板核心.h:588: void 删除链表()"	"同名不同功能或约束，禁止直接合并"
"判断二次特征方向"	"2"	"2"	"0"	"1"	"2x 类别=未分类;输入=有自定义类型;输出=bool;副作用=无明显副作用;领域=特征;约束=noexcept+inline"	"2x 专用类/对应头文件：特征"	"二次特征应用模块.ixx:218: inline bool 判断二次特征方向( const 二次特征主信息类* 输入, std::int32_t& 输出方向) noexcept || 二次特征应用模块.ixx:288: inline bool 判断二次特征方向( const 二次特征节点类* 输入, std::int32_t& 输出方向) noexcept"	"功能签名一致，按专用归属复核"
"判断方向是否一致"	"2"	"2"	"0"	"1"	"2x 类别=未分类;输入=有自定义类型;输出=bool;副作用=无明显副作用;领域=特征;约束=noexcept+inline"	"2x 专用类/对应头文件：特征"	"二次特征应用模块.ixx:296: inline bool 判断方向是否一致( const 二次特征主信息类* 左, const 二次特征主信息类* 右, std::int32_t& 输出结果) noexcept || 二次特征应用模块.ixx:317: inline bool 判断方向是否一致( const 二次特征节点类* 左, const 二次特征节点类* 右, std::int32_t& 输出结果) noexcept"	"功能签名一致，按专用归属复核"
"刷新偏差"	"2"	"2"	"0"	"1"	"2x 类别=执行;输入=有自定义类型;输出=void;副作用=无明显副作用;领域=全局通用候选;约束=inline"	"2x 原地保留/待复核"	"动作验证报告类.h:134: inline void 刷新偏差(结构_动作验证报告& 报告) || 动作验证报告类.ixx:136: inline void 刷新偏差(结构_动作验证报告& 报告)"	"功能签名一致，按专用归属复核"
"刷新度量签名_链键"	"2"	"1"	"1"	"2"	"1x 类别=执行;输入=有自定义类型;输出=bool;副作用=无明显副作用;领域=特征;约束=无显式约束 || 1x 类别=执行;输入=无自定义类型;输出=void;副作用=无明显副作用;领域=基础信息;约束=无显式约束"	"1x 专用类/对应头文件：特征 || 1x 专用类/对应头文件：基础信息"	"二次特征类.h:96: bool 刷新度量签名_链键(二次特征节点类* 节点) || 基础信息主信息类.h:696: void 刷新度量签名_链键()"	"同名不同功能或约束，禁止直接合并"
"刷新需求结构角色"	"2"	"1"	"1"	"2"	"1x 类别=执行;输入=有自定义类型;输出=void;副作用=无明显副作用;领域=需求;约束=noexcept+static || 1x 类别=执行;输入=有自定义类型;输出=其他;副作用=无明显副作用;领域=需求;约束=无显式约束"	"2x 专用类/对应头文件：需求"	"需求类.h:518: static void 刷新需求结构角色(节点类* 需求) noexcept || 需求类.h:535: 刷新需求结构角色(当前)"	"同名不同功能或约束，禁止直接合并"
"动态类::创建动态"	"2"	"2"	"0"	"2"	"1x 类别=构造;输入=有自定义类型;输出=指针/引用/句柄;副作用=无明显副作用;领域=动态;约束=无显式约束 || 1x 类别=构造;输入=有自定义类型;输出=整数/时间;副作用=无明显副作用;领域=动态;约束=无显式约束"	"2x 专用类/对应头文件：动态"	"动态类.cpp:498: 动态节点类* 动态类::创建动态( 场景节点类* 场景, 动态节点主信息类* 主信息, const 动态创建后处理选项& 后处理选项) || 动态类.cpp:695: 动态节点类* 动态类::创建动态( 场景节点类* 场景, 状态节点类* 初始状态, 状态节点类* 结果状态, 时间戳 起, 时间戳 止)"	"同名不同功能或约束，禁止直接合并"
"动态类::取动态主信息"	"2"	"2"	"0"	"1"	"2x 类别=执行;输入=有自定义类型;输出=指针/引用/句柄;副作用=无明显副作用;领域=动态;约束=noexcept"	"2x 专用类/对应头文件：动态"	"动态类.cpp:480: 动态节点主信息类* 动态类::取动态主信息(动态节点类* 节点) const noexcept || 动态类.cpp:486: const 动态节点主信息类* 动态类::取动态主信息(const 动态节点类* 节点) const noexcept"	"功能签名一致，按专用归属复核"
"匹配抽象特征"	"2"	"0"	"2"	"2"	"1x 类别=比较;输入=有自定义类型;输出=bool;副作用=无明显副作用;领域=世界;约束=无显式约束 || 1x 类别=比较;输入=有自定义类型;输出=bool;副作用=无明显副作用;领域=特征;约束=无显式约束"	"1x 专用类/对应头文件：世界 || 1x 专用类/对应头文件：特征"	"世界树类.h:122: bool 匹配抽象特征(const 抽象特征节点类* 抽象特征, const 特征节点类* 实例特征) const || 特征类.h:309: bool 匹配抽象特征(const 抽象特征节点类* 抽象特征, const 特征节点类* 实例特征) const"	"同名不同功能或约束，禁止直接合并"
"取或创建子存在_按类型"	"2"	"0"	"2"	"2"	"1x 类别=构造;输入=有自定义类型;输出=指针/引用/句柄;副作用=无明显副作用;领域=世界;约束=无显式约束 || 1x 类别=构造;输入=有自定义类型;输出=指针/引用/句柄;副作用=无明显副作用;领域=存在;约束=无显式约束"	"1x 专用类/对应头文件：世界 || 1x 专用类/对应头文件：存在"	"世界树类.h:140: 存在节点类* 取或创建子存在_按类型(基础信息节点类* 父节点, const 语素入口节点类* 类型) || 存在类.h:38: 存在节点类* 取或创建子存在_按类型( 基础信息节点类* 父节点, const 语素入口节点类* 类型 )"	"同名不同功能或约束，禁止直接合并"
"取或创建子存在_按类型并按特征I64"	"2"	"0"	"2"	"2"	"1x 类别=构造;输入=有自定义类型;输出=整数/时间;副作用=无明显副作用;领域=世界;约束=无显式约束 || 1x 类别=构造;输入=有自定义类型;输出=整数/时间;副作用=无明显副作用;领域=存在;约束=无显式约束"	"1x 专用类/对应头文件：世界 || 1x 专用类/对应头文件：存在"	"世界树类.h:141: 存在节点类* 取或创建子存在_按类型并按特征I64( 基础信息节点类* 父节点, const 语素入口节点类* 类型, const 语素入口节点类* 唯一键特征类型, I64 唯一键特征值 ) || 存在类.h:42: 存在节点类* 取或创建子存在_按类型并按特征I64( 基础信息节点类* 父节点, const 语素入口节点类* 类型, const 语素入口节点类* 唯一键特征类型, I64 唯一键特征值 )"	"同名不同功能或约束，禁止直接合并"
"取或创建子特征"	"2"	"2"	"0"	"2"	"1x 类别=构造;输入=有自定义类型;输出=指针/引用/句柄;副作用=无明显副作用;领域=外设;约束=noexcept+inline || 1x 类别=构造;输入=有自定义类型;输出=指针/引用/句柄;副作用=无明显副作用;领域=自我;约束=noexcept+inline"	"1x 专用类/对应头文件：外设 || 1x 专用类/对应头文件：自我"	"自我动作实现.外设模块.ixx:7967: inline 特征节点类* 取或创建子特征( 基础信息节点类* 宿主, const 语素入口节点类* 特征类型) noexcept || 自我动作实现模块.ixx:2695: inline 特征节点类* 取或创建子特征( 基础信息节点类* 宿主, const 语素入口节点类* 特征类型) noexcept"	"同名不同功能或约束，禁止直接合并"
"取或创建子特征_按类型"	"2"	"0"	"2"	"2"	"1x 类别=构造;输入=有自定义类型;输出=指针/引用/句柄;副作用=无明显副作用;领域=世界;约束=无显式约束 || 1x 类别=构造;输入=有自定义类型;输出=指针/引用/句柄;副作用=无明显副作用;领域=特征;约束=无显式约束"	"1x 专用类/对应头文件：世界 || 1x 专用类/对应头文件：特征"	"世界树类.h:138: 特征节点类* 取或创建子特征_按类型(基础信息节点类* 宿主, const 语素入口节点类* 特征类型) || 特征类.h:300: 特征节点类* 取或创建子特征_按类型(基础信息节点类* 宿主, const 语素入口节点类* 特征类型)"	"同名不同功能或约束，禁止直接合并"
"取或创建存在概念根"	"2"	"0"	"2"	"2"	"1x 类别=构造;输入=有自定义类型;输出=指针/引用/句柄;副作用=无明显副作用;领域=世界;约束=无显式约束 || 1x 类别=构造;输入=有自定义类型;输出=指针/引用/句柄;副作用=无明显副作用;领域=基础信息;约束=无显式约束"	"1x 专用类/对应头文件：世界 || 1x 专用类/对应头文件：基础信息"	"世界树类.h:90: 存在节点类* 取或创建存在概念根() || 基础信息类.h:31: 存在节点类* 取或创建存在概念根()"	"同名不同功能或约束，禁止直接合并"
"取或创建实例特征_按抽象特征"	"2"	"0"	"2"	"2"	"1x 类别=构造;输入=有自定义类型;输出=指针/引用/句柄;副作用=无明显副作用;领域=世界;约束=无显式约束 || 1x 类别=构造;输入=有自定义类型;输出=指针/引用/句柄;副作用=无明显副作用;领域=特征;约束=无显式约束"	"1x 专用类/对应头文件：世界 || 1x 专用类/对应头文件：特征"	"世界树类.h:126: 特征节点类* 取或创建实例特征_按抽象特征( 基础信息节点类* 宿主, 抽象特征节点类* 抽象特征) || 特征类.h:313: 特征节点类* 取或创建实例特征_按抽象特征( 基础信息节点类* 宿主, 抽象特征节点类* 抽象特征)"	"同名不同功能或约束，禁止直接合并"
"取条件节点信息"	"2"	"2"	"0"	"1"	"2x 类别=执行;输入=有自定义类型;输出=指针/引用/句柄;副作用=无明显副作用;领域=方法;约束=noexcept"	"2x 专用类/对应头文件：方法"	"方法主信息类.h:368: 结构_方法条件节点信息* 取条件节点信息() noexcept || 方法主信息类.h:374: const 结构_方法条件节点信息* 取条件节点信息() const noexcept"	"功能签名一致，按专用归属复核"
"取特征主信息"	"2"	"2"	"0"	"1"	"2x 类别=执行;输入=有自定义类型;输出=指针/引用/句柄;副作用=无明显副作用;领域=全局通用候选;约束=noexcept+inline"	"2x 原地保留/待复核"	"本能动作类.ixx:26: inline 特征节点主信息类* 取特征主信息(基础信息节点类* 节点) noexcept || 本能动作类.ixx:32: inline const 特征节点主信息类* 取特征主信息(const 基础信息节点类* 节点) noexcept"	"功能签名一致，按专用归属复核"
"取结果节点信息"	"2"	"2"	"0"	"1"	"2x 类别=执行;输入=有自定义类型;输出=指针/引用/句柄;副作用=无明显副作用;领域=方法;约束=noexcept"	"2x 专用类/对应头文件：方法"	"方法主信息类.h:380: 结构_方法结果节点信息* 取结果节点信息() noexcept || 方法主信息类.h:386: const 结构_方法结果节点信息* 取结果节点信息() const noexcept"	"功能签名一致，按专用归属复核"
"取首个方法条件节点"	"2"	"2"	"0"	"2"	"1x 类别=执行;输入=有自定义类型;输出=指针/引用/句柄;副作用=无明显副作用;领域=外设;约束=noexcept+inline || 1x 类别=执行;输入=有自定义类型;输出=指针/引用/句柄;副作用=无明显副作用;领域=自我;约束=noexcept+inline"	"1x 专用类/对应头文件：外设 || 1x 专用类/对应头文件：自我"	"自我动作实现.外设模块.ixx:9480: inline 方法类::节点类* 取首个方法条件节点(方法类::节点类* 方法首节点) noexcept || 自我动作实现模块.ixx:4374: inline 方法类::节点类* 取首个方法条件节点(方法类::节点类* 方法首节点) noexcept"	"同名不同功能或约束，禁止直接合并"
"取首节点信息"	"2"	"2"	"0"	"1"	"2x 类别=执行;输入=有自定义类型;输出=指针/引用/句柄;副作用=无明显副作用;领域=方法;约束=noexcept"	"2x 专用类/对应头文件：方法"	"方法主信息类.h:356: 结构_方法首节点信息* 取首节点信息() noexcept || 方法主信息类.h:362: const 结构_方法首节点信息* 取首节点信息() const noexcept"	"功能签名一致，按专用归属复核"
"可用任务头"	"2"	"2"	"0"	"1"	"2x 类别=执行;输入=有自定义类型;输出=其他;副作用=无明显副作用;领域=自我;约束=无显式约束"	"2x 专用类/对应头文件：自我"	"自我线程模块.impl.cpp:5176: 可用任务头(任务头)) || 自我线程模块.impl.cpp:5183: 可用任务头(任务头))"	"功能签名一致，按专用归属复核"
"合并需求主信息_已加锁"	"2"	"1"	"1"	"2"	"1x 类别=执行;输入=有自定义类型;输出=void;副作用=无明显副作用;领域=需求;约束=noexcept+static+锁约束 || 1x 类别=执行;输入=有自定义类型;输出=其他;副作用=无明显副作用;领域=需求;约束=锁约束"	"2x 专用类/对应头文件：需求"	"需求类.h:998: static void 合并需求主信息_已加锁( 需求主信息类& 目标, const 需求主信息类& 候选) noexcept || 需求类.h:1108: 合并需求主信息_已加锁(已有子需求->主信息, 主信息)"	"同名不同功能或约束，禁止直接合并"
"同步执行桥语义槽"	"2"	"2"	"0"	"1"	"2x 类别=更新;输入=有自定义类型;输出=void;副作用=无明显副作用;领域=任务;约束=noexcept+inline"	"2x 专用类/对应头文件：任务"	"任务模块.执行.ixx:62: inline void 同步执行桥语义槽(结构_任务步骤执行结果_最小& 结果) noexcept || 任务模块.执行.ixx:70: inline void 同步执行桥语义槽(结构_执行任务结果& 结果) noexcept"	"功能签名一致，按专用归属复核"
"向量转文本"	"2"	"2"	"0"	"1"	"2x 类别=执行;输入=无自定义类型;输出=整数/时间;副作用=无明显副作用;领域=全局通用候选;约束=inline"	"2x 全局共享函数类.ixx候选"	"动作验证报告类.h:198: inline std::string 向量转文本(const VecI64& 值) || 动作验证报告类.ixx:200: inline std::string 向量转文本(const VecI64& 值)"	"功能签名一致，按专用归属复核"
"因果类::取因果主信息"	"2"	"2"	"0"	"1"	"2x 类别=执行;输入=有自定义类型;输出=指针/引用/句柄;副作用=无明显副作用;领域=因果;约束=noexcept"	"2x 专用类/对应头文件：因果"	"因果类.cpp:1100: 因果主信息类* 因果类::取因果主信息(因果节点类* 节点) const noexcept || 因果类.cpp:1106: const 因果主信息类* 因果类::取因果主信息(const 因果节点类* 节点) const noexcept"	"功能签名一致，按专用归属复核"
"因果类::取模板主信息"	"2"	"2"	"0"	"1"	"2x 类别=执行;输入=有自定义类型;输出=指针/引用/句柄;副作用=无明显副作用;领域=因果;约束=noexcept"	"2x 专用类/对应头文件：因果"	"因果类.cpp:1112: 因果模板主信息类* 因果类::取模板主信息(因果模板节点类* 节点) const noexcept || 因果类.cpp:1118: const 因果模板主信息类* 因果类::取模板主信息(const 因果模板节点类* 节点) const noexcept"	"功能签名一致，按专用归属复核"
"因果类::生成因果信息"	"2"	"2"	"0"	"1"	"2x 类别=比较;输入=有自定义类型;输出=bool;副作用=无明显副作用;领域=因果;约束=无显式约束"	"2x 专用类/对应头文件：因果"	"因果类.cpp:1821: 因果模板节点类* 因果类::生成因果信息( 动态节点类* 动态信息, 基础信息节点类* 动作主体, 基础信息节点类* 动作语义, const std::string& 因动作语义键, bool 设为主结果) || 因果类.cpp:1846: 因果模板节点类* 因果类::生成因果信息( 场景节点类* 场景, 动态节点类* 动态信息, 基础信息节点类* 动作主体, 基础信息节点类* 动作语义, const std::string& 因动作语义键, bool 设为主结果)"	"功能签名一致，按专用归属复核"
"场景类::取场景主信息"	"2"	"2"	"0"	"1"	"2x 类别=执行;输入=有自定义类型;输出=指针/引用/句柄;副作用=无明显副作用;领域=场景;约束=noexcept"	"2x 专用类/对应头文件：场景"	"场景类.cpp:138: 场景节点主信息类* 场景类::取场景主信息(场景节点类* 节点) const noexcept || 场景类.cpp:144: const 场景节点主信息类* 场景类::取场景主信息(const 场景节点类* 节点) const noexcept"	"功能签名一致，按专用归属复核"
"场景节点主信息类"	"2"	"2"	"0"	"2"	"1x 类别=执行;输入=有自定义类型;输出=其他;副作用=无明显副作用;领域=基础信息;约束=无显式约束 || 1x 类别=执行;输入=有自定义类型;输出=指针/引用/句柄;副作用=无明显副作用;领域=基础信息;约束=无显式约束"	"2x 专用类/对应头文件：基础信息"	"基础信息主信息类.h:527: 场景节点主信息类() : 基础信息基类(nullptr, nullptr, 枚举_主信息类型::场景) || 基础信息主信息类.h:530: explicit 场景节点主信息类(const 语素入口节点类* 名, 枚举_世界类型 t) : 基础信息基类(名, nullptr, 枚举_主信息类型::场景)"	"同名不同功能或约束，禁止直接合并"
"增加场景I64特征"	"2"	"2"	"0"	"2"	"1x 类别=执行;输入=有自定义类型;输出=bool;副作用=无明显副作用;领域=外设;约束=noexcept+inline || 1x 类别=执行;输入=有自定义类型;输出=bool;副作用=无明显副作用;领域=自我;约束=noexcept+inline"	"1x 专用类/对应头文件：外设 || 1x 专用类/对应头文件：自我"	"自我动作实现.外设模块.ixx:9000: inline bool 增加场景I64特征( 场景节点类* 场景, const 语素入口节点类* 特征类型, I64 增量, 时间戳 now) noexcept || 自我动作实现模块.ixx:4076: inline bool 增加场景I64特征( 场景节点类* 场景, const 语素入口节点类* 特征类型, I64 增量, 时间戳 now) noexcept"	"同名不同功能或约束，禁止直接合并"
"声明运行参数"	"2"	"2"	"0"	"2"	"1x 类别=执行;输入=有自定义类型;输出=bool;副作用=无明显副作用;领域=外设;约束=noexcept+inline || 1x 类别=执行;输入=有自定义类型;输出=bool;副作用=无明显副作用;领域=自我;约束=noexcept+inline"	"1x 专用类/对应头文件：外设 || 1x 专用类/对应头文件：自我"	"自我动作实现.外设模块.ixx:9046: inline bool 声明运行参数( 方法类::节点类* 方法首节点, const 语素入口节点类* 参数类型, 时间戳 now) noexcept || 自我动作实现模块.ixx:4121: inline bool 声明运行参数( 方法类::节点类* 方法首节点, const 语素入口节点类* 参数类型, 时间戳 now) noexcept"	"同名不同功能或约束，禁止直接合并"
"存在类::取存在主信息"	"2"	"2"	"0"	"1"	"2x 类别=执行;输入=有自定义类型;输出=指针/引用/句柄;副作用=无明显副作用;领域=存在;约束=noexcept"	"2x 专用类/对应头文件：存在"	"存在类.cpp:155: 存在节点主信息类* 存在类::取存在主信息(存在节点类* 节点) const noexcept || 存在类.cpp:165: const 存在节点主信息类* 存在类::取存在主信息(const 存在节点类* 节点) const noexcept"	"功能签名一致，按专用归属复核"
"存在类::确保存在三类根节点"	"2"	"2"	"0"	"1"	"2x 类别=未分类;输入=有自定义类型;输出=bool;副作用=无明显副作用;领域=存在;约束=noexcept"	"2x 专用类/对应头文件：存在"	"存在类.cpp:176: bool 存在类::确保存在三类根节点(存在节点类* 节点) const noexcept || 存在类.cpp:183: bool 存在类::确保存在三类根节点(const 存在节点类* 节点) const noexcept"	"功能签名一致，按专用归属复核"
"存在类::获取任务根节点"	"2"	"2"	"0"	"1"	"2x 类别=读取;输入=有自定义类型;输出=指针/引用/句柄;副作用=无明显副作用;领域=存在;约束=noexcept"	"2x 专用类/对应头文件：存在"	"存在类.cpp:206: 任务类::节点类* 存在类::获取任务根节点(存在节点类* 节点) const noexcept || 存在类.cpp:213: const 任务类::节点类* 存在类::获取任务根节点(const 存在节点类* 节点) const noexcept"	"功能签名一致，按专用归属复核"
"存在类::获取方法根节点"	"2"	"2"	"0"	"1"	"2x 类别=读取;输入=有自定义类型;输出=指针/引用/句柄;副作用=无明显副作用;领域=存在;约束=noexcept"	"2x 专用类/对应头文件：存在"	"存在类.cpp:220: 方法类::节点类* 存在类::获取方法根节点(存在节点类* 节点) const noexcept || 存在类.cpp:227: const 方法类::节点类* 存在类::获取方法根节点(const 存在节点类* 节点) const noexcept"	"功能签名一致，按专用归属复核"
"存在类::获取需求根节点"	"2"	"2"	"0"	"1"	"2x 类别=读取;输入=有自定义类型;输出=指针/引用/句柄;副作用=无明显副作用;领域=存在;约束=noexcept"	"2x 专用类/对应头文件：存在"	"存在类.cpp:192: 需求类::节点类* 存在类::获取需求根节点(存在节点类* 节点) const noexcept || 存在类.cpp:199: const 需求类::节点类* 存在类::获取需求根节点(const 存在节点类* 节点) const noexcept"	"功能签名一致，按专用归属复核"
"实际结果场景复现既有结果_条件结果对归并"	"2"	"2"	"0"	"2"	"1x 类别=执行;输入=有自定义类型;输出=bool;副作用=无明显副作用;领域=自我;约束=noexcept+inline || 1x 类别=执行;输入=有自定义类型;输出=指针/引用/句柄;副作用=无明显副作用;领域=自我;约束=无显式约束"	"2x 专用类/对应头文件：自我"	"自我动作实现模块.ixx:3475: inline bool 实际结果场景复现既有结果_条件结果对归并( const 场景节点类* 既有结果场景, const 场景节点类* 实际结果场景) noexcept || 自我动作实现模块.ixx:3771: 结果信息 && 实际结果场景复现既有结果_条件结果对归并( 结果信息->结果场景.指针, 实际结果场景))"	"同名不同功能或约束，禁止直接合并"
"已注册"	"2"	"2"	"0"	"1"	"2x 类别=未分类;输入=有自定义类型;输出=bool;副作用=无明显副作用;领域=全局通用候选;约束=无显式约束"	"2x 原地保留/待复核"	"动作线程类.ixx:230: [[nodiscard]] bool 已注册(枚举_本能方法ID 动作ID) const || 度量模板注册表类.ixx:92: [[nodiscard]] bool 已注册(枚举_模板族 模板族) const"	"功能签名一致，按专用归属复核"
"已设置值"	"2"	"2"	"0"	"1"	"2x 类别=未分类;输入=有自定义类型;输出=整数/时间;副作用=无明显副作用;领域=全局通用候选;约束=inline"	"2x 原地保留/待复核"	"动作验证报告类.h:75: inline 结构_动作验证值 已设置值(const VecI64& 值) || 动作验证报告类.ixx:77: inline 结构_动作验证值 已设置值(const VecI64& 值)"	"功能签名一致，按专用归属复核"
"成功"	"2"	"2"	"0"	"2"	"1x 类别=执行;输入=无自定义类型;输出=bool;副作用=无明显副作用;领域=任务;约束=noexcept || 1x 类别=执行;输入=无自定义类型;输出=bool;副作用=无明显副作用;领域=自我;约束=noexcept"	"1x 专用类/对应头文件：任务 || 1x 专用类/对应头文件：自我"	"任务模块.筹办.ixx:5852: bool 成功() const noexcept || 自我线程模块.impl.cpp:238: bool 成功() const noexcept"	"同名不同功能或约束，禁止直接合并"
"抽象条件场景"	"2"	"2"	"0"	"2"	"1x 类别=执行;输入=有自定义类型;输出=整数/时间;副作用=无明显副作用;领域=外设;约束=noexcept+inline || 1x 类别=执行;输入=有自定义类型;输出=整数/时间;副作用=无明显副作用;领域=自我;约束=noexcept+inline"	"1x 专用类/对应头文件：外设 || 1x 专用类/对应头文件：自我"	"自我动作实现.外设模块.ixx:8569: inline 场景节点类* 抽象条件场景( 方法类::节点类* 方法首节点, 时间戳 now) noexcept || 自我动作实现模块.ixx:3110: inline 场景节点类* 抽象条件场景( 方法类::节点类* 方法首节点, 时间戳 now) noexcept"	"同名不同功能或约束，禁止直接合并"
"抽象条件集合根"	"2"	"2"	"0"	"2"	"1x 类别=执行;输入=有自定义类型;输出=整数/时间;副作用=无明显副作用;领域=外设;约束=noexcept+inline || 1x 类别=执行;输入=有自定义类型;输出=整数/时间;副作用=无明显副作用;领域=自我;约束=noexcept+inline"	"1x 专用类/对应头文件：外设 || 1x 专用类/对应头文件：自我"	"自我动作实现.外设模块.ixx:8587: inline 特征节点类* 抽象条件集合根( 方法类::节点类* 方法首节点, 时间戳 now) noexcept || 自我动作实现模块.ixx:3128: inline 特征节点类* 抽象条件集合根( 方法类::节点类* 方法首节点, 时间戳 now) noexcept"	"同名不同功能或约束，禁止直接合并"
"抽象结果场景"	"2"	"2"	"0"	"2"	"1x 类别=执行;输入=有自定义类型;输出=整数/时间;副作用=无明显副作用;领域=外设;约束=noexcept+inline || 1x 类别=执行;输入=有自定义类型;输出=整数/时间;副作用=无明显副作用;领域=自我;约束=noexcept+inline"	"1x 专用类/对应头文件：外设 || 1x 专用类/对应头文件：自我"	"自我动作实现.外设模块.ixx:8578: inline 场景节点类* 抽象结果场景( 方法类::节点类* 方法首节点, 时间戳 now) noexcept || 自我动作实现模块.ixx:3119: inline 场景节点类* 抽象结果场景( 方法类::节点类* 方法首节点, 时间戳 now) noexcept"	"同名不同功能或约束，禁止直接合并"
"指针日志文本"	"2"	"2"	"0"	"2"	"1x 类别=日志;输入=无自定义类型;输出=文本;副作用=无明显副作用;领域=外设;约束=noexcept+inline || 1x 类别=日志;输入=无自定义类型;输出=文本;副作用=无明显副作用;领域=自我;约束=noexcept+inline"	"1x 专用类/对应头文件：外设 || 1x 专用类/对应头文件：自我"	"自我动作实现.外设模块.ixx:9530: inline std::string 指针日志文本(const void* 指针) noexcept || 自我动作实现模块.ixx:4424: inline std::string 指针日志文本(const void* 指针) noexcept"	"同名不同功能或约束，禁止直接合并"
"推导方法状态_结构与运行账"	"2"	"2"	"0"	"2"	"1x 类别=执行;输入=有自定义类型;输出=整数/时间;副作用=无明显副作用;领域=外设;约束=noexcept+inline || 1x 类别=执行;输入=有自定义类型;输出=整数/时间;副作用=无明显副作用;领域=自我;约束=noexcept+inline"	"1x 专用类/对应头文件：外设 || 1x 专用类/对应头文件：自我"	"自我动作实现.外设模块.ixx:8966: inline I64 推导方法状态_结构与运行账( 方法类::节点类* 方法首节点, I64 最近连续成功次数) noexcept || 自我动作实现模块.ixx:3713: inline I64 推导方法状态_结构与运行账( 方法类::节点类* 方法首节点, I64 最近连续成功次数) noexcept"	"同名不同功能或约束，禁止直接合并"
"描述无条件本能"	"2"	"2"	"0"	"2"	"1x 类别=执行;输入=有自定义类型;输出=bool;副作用=无明显副作用;领域=外设;约束=noexcept+inline || 1x 类别=执行;输入=有自定义类型;输出=bool;副作用=无明显副作用;领域=自我;约束=noexcept+inline"	"1x 专用类/对应头文件：外设 || 1x 专用类/对应头文件：自我"	"自我动作实现.外设模块.ixx:9087: inline bool 描述无条件本能( 方法类::节点类* 方法首节点, 时间戳 now) noexcept || 自我动作实现模块.ixx:4162: inline bool 描述无条件本能( 方法类::节点类* 方法首节点, 时间戳 now) noexcept"	"同名不同功能或约束，禁止直接合并"
"提交"	"2"	"2"	"0"	"1"	"2x 类别=提交;输入=有自定义类型;输出=指针/引用/句柄;副作用=无明显副作用;领域=全局通用候选;约束=无显式约束"	"2x 原地保留/待复核"	"动作线程类.ixx:358: std::future<结构_动作执行结果> 提交(const 结构_动作执行请求& 请求) || 动作线程类.ixx:365: std::future<结构_动作执行结果> 提交(结构_动作执行请求&& 请求)"	"功能签名一致，按专用归属复核"
"提交任务状态被动动作"	"2"	"2"	"0"	"1"	"2x 类别=提交;输入=有自定义类型;输出=指针/引用/句柄;副作用=无明显副作用;领域=自我;约束=noexcept+inline"	"2x 专用类/对应头文件：自我"	"自我动作实现.内部模块.ixx:136: inline 结构_任务状态被动提交结果 提交任务状态被动动作( const 结构_任务状态被动提交请求& 请求) noexcept || 自我动作实现模块.ixx:11739: inline 内部模块::结构_任务状态被动提交结果 提交任务状态被动动作( const 内部模块::结构_任务状态被动提交请求& 请求) noexcept"	"功能签名一致，按专用归属复核"
"提取摘要"	"2"	"2"	"0"	"1"	"2x 类别=执行;输入=有自定义类型;输出=指针/引用/句柄;副作用=无明显副作用;领域=全局通用候选;约束=inline"	"2x 原地保留/待复核"	"动作验证报告类.h:142: inline 结构_动作验证报告摘要 提取摘要(const 结构_动作验证报告& 报告) || 动作验证报告类.ixx:144: inline 结构_动作验证报告摘要 提取摘要(const 结构_动作验证报告& 报告)"	"功能签名一致，按专用归属复核"
"摘要语义相同"	"2"	"2"	"0"	"1"	"2x 类别=执行;输入=有自定义类型;输出=bool;副作用=无明显副作用;领域=全局通用候选;约束=inline"	"2x 原地保留/待复核"	"动作验证报告类.h:164: inline bool 摘要语义相同( const 结构_动作验证报告摘要& 左, const 结构_动作验证报告摘要& 右) || 动作验证报告类.ixx:166: inline bool 摘要语义相同( const 结构_动作验证报告摘要& 左, const 结构_动作验证报告摘要& 右)"	"功能签名一致，按专用归属复核"
"摘要转日志文本"	"2"	"2"	"0"	"1"	"2x 类别=日志;输入=有自定义类型;输出=文本;副作用=无明显副作用;领域=全局通用候选;约束=inline"	"2x 原地保留/待复核"	"动作验证报告类.h:217: inline std::string 摘要转日志文本(const 结构_动作验证报告摘要& 摘要) || 动作验证报告类.ixx:219: inline std::string 摘要转日志文本(const 结构_动作验证报告摘要& 摘要)"	"功能签名一致，按专用归属复核"
"方法主信息类"	"2"	"1"	"1"	"2"	"1x 类别=执行;输入=有自定义类型;输出=其他;副作用=无明显副作用;领域=方法;约束=无显式约束 || 1x 类别=执行;输入=有自定义类型;输出=指针/引用/句柄;副作用=无明显副作用;领域=方法;约束=无显式约束"	"2x 专用类/对应头文件：方法"	"方法主信息类.h:300: 方法主信息类() = default || 方法主信息类.h:303: explicit 方法主信息类(const 自然句节点类* 描述)"	"同名不同功能或约束，禁止直接合并"
"方法具有已注册本能执行入口"	"2"	"2"	"0"	"2"	"1x 类别=执行;输入=有自定义类型;输出=bool;副作用=无明显副作用;领域=外设;约束=noexcept+inline || 1x 类别=执行;输入=有自定义类型;输出=bool;副作用=无明显副作用;领域=自我;约束=noexcept+inline"	"1x 专用类/对应头文件：外设 || 1x 专用类/对应头文件：自我"	"自我动作实现.外设模块.ixx:8927: inline bool 方法具有已注册本能执行入口(方法类::节点类* 方法首节点) noexcept || 自我动作实现模块.ixx:3593: inline bool 方法具有已注册本能执行入口(方法类::节点类* 方法首节点) noexcept"	"同名不同功能或约束，禁止直接合并"
"方法具有本能执行入口"	"2"	"2"	"0"	"2"	"1x 类别=执行;输入=有自定义类型;输出=bool;副作用=无明显副作用;领域=外设;约束=noexcept+inline || 1x 类别=执行;输入=有自定义类型;输出=bool;副作用=无明显副作用;领域=自我;约束=noexcept+inline"	"1x 专用类/对应头文件：外设 || 1x 专用类/对应头文件：自我"	"自我动作实现.外设模块.ixx:8904: inline bool 方法具有本能执行入口(方法类::节点类* 方法首节点) noexcept || 自我动作实现模块.ixx:3570: inline bool 方法具有本能执行入口(方法类::节点类* 方法首节点) noexcept"	"同名不同功能或约束，禁止直接合并"
"方法树根"	"2"	"2"	"0"	"2"	"1x 类别=执行;输入=有自定义类型;输出=指针/引用/句柄;副作用=无明显副作用;领域=外设;约束=noexcept+inline || 1x 类别=执行;输入=有自定义类型;输出=指针/引用/句柄;副作用=无明显副作用;领域=自我;约束=noexcept+inline"	"1x 专用类/对应头文件：外设 || 1x 专用类/对应头文件：自我"	"自我动作实现.外设模块.ixx:9105: inline 方法类::节点类* 方法树根(方法类::节点类* 方法节点) noexcept || 自我动作实现模块.ixx:4180: inline 方法类::节点类* 方法树根(方法类::节点类* 方法节点) noexcept"	"同名不同功能或约束，禁止直接合并"
"方法状态_可用"	"2"	"2"	"0"	"2"	"1x 类别=执行;输入=有自定义类型;输出=整数/时间;副作用=无明显副作用;领域=外设;约束=noexcept+constexpr+inline || 1x 类别=执行;输入=有自定义类型;输出=整数/时间;副作用=无明显副作用;领域=自我;约束=noexcept+constexpr+inline"	"1x 专用类/对应头文件：外设 || 1x 专用类/对应头文件：自我"	"自我动作实现.外设模块.ixx:5877: inline constexpr I64 方法状态_可用() noexcept || 自我动作实现模块.ixx:2150: inline constexpr I64 方法状态_可用() noexcept"	"同名不同功能或约束，禁止直接合并"
"方法状态_好用"	"2"	"2"	"0"	"2"	"1x 类别=执行;输入=有自定义类型;输出=整数/时间;副作用=无明显副作用;领域=外设;约束=noexcept+constexpr+inline || 1x 类别=执行;输入=有自定义类型;输出=整数/时间;副作用=无明显副作用;领域=自我;约束=noexcept+constexpr+inline"	"1x 专用类/对应头文件：外设 || 1x 专用类/对应头文件：自我"	"自我动作实现.外设模块.ixx:5880: inline constexpr I64 方法状态_好用() noexcept || 自我动作实现模块.ixx:2153: inline constexpr I64 方法状态_好用() noexcept"	"同名不同功能或约束，禁止直接合并"
"方法状态_待可执行入口"	"2"	"2"	"0"	"2"	"1x 类别=执行;输入=有自定义类型;输出=整数/时间;副作用=无明显副作用;领域=外设;约束=noexcept+constexpr+inline || 1x 类别=执行;输入=有自定义类型;输出=整数/时间;副作用=无明显副作用;领域=自我;约束=noexcept+constexpr+inline"	"1x 专用类/对应头文件：外设 || 1x 专用类/对应头文件：自我"	"自我动作实现.外设模块.ixx:5859: inline constexpr I64 方法状态_待可执行入口() noexcept || 自我动作实现模块.ixx:2132: inline constexpr I64 方法状态_待可执行入口() noexcept"	"同名不同功能或约束，禁止直接合并"
"方法状态_待方法动作"	"2"	"2"	"0"	"2"	"1x 类别=未分类;输入=有自定义类型;输出=整数/时间;副作用=无明显副作用;领域=外设;约束=noexcept+constexpr+inline || 1x 类别=未分类;输入=有自定义类型;输出=整数/时间;副作用=无明显副作用;领域=自我;约束=noexcept+constexpr+inline"	"1x 专用类/对应头文件：外设 || 1x 专用类/对应头文件：自我"	"自我动作实现.外设模块.ixx:5856: inline constexpr I64 方法状态_待方法动作() noexcept || 自我动作实现模块.ixx:2129: inline constexpr I64 方法状态_待方法动作() noexcept"	"同名不同功能或约束，禁止直接合并"
"方法状态_待条件结果对"	"2"	"2"	"0"	"2"	"1x 类别=执行;输入=有自定义类型;输出=整数/时间;副作用=无明显副作用;领域=外设;约束=noexcept+constexpr+inline || 1x 类别=执行;输入=有自定义类型;输出=整数/时间;副作用=无明显副作用;领域=自我;约束=noexcept+constexpr+inline"	"1x 专用类/对应头文件：外设 || 1x 专用类/对应头文件：自我"	"自我动作实现.外设模块.ixx:5868: inline constexpr I64 方法状态_待条件结果对() noexcept || 自我动作实现模块.ixx:2141: inline constexpr I64 方法状态_待条件结果对() noexcept"	"同名不同功能或约束，禁止直接合并"
"方法状态_待条件节点"	"2"	"2"	"0"	"2"	"1x 类别=执行;输入=有自定义类型;输出=整数/时间;副作用=无明显副作用;领域=外设;约束=noexcept+constexpr+inline || 1x 类别=执行;输入=有自定义类型;输出=整数/时间;副作用=无明显副作用;领域=自我;约束=noexcept+constexpr+inline"	"1x 专用类/对应头文件：外设 || 1x 专用类/对应头文件：自我"	"自我动作实现.外设模块.ixx:5862: inline constexpr I64 方法状态_待条件节点() noexcept || 自我动作实现模块.ixx:2135: inline constexpr I64 方法状态_待条件节点() noexcept"	"同名不同功能或约束，禁止直接合并"
"方法状态_待运行账"	"2"	"2"	"0"	"2"	"1x 类别=执行;输入=有自定义类型;输出=整数/时间;副作用=无明显副作用;领域=外设;约束=noexcept+constexpr+inline || 1x 类别=执行;输入=有自定义类型;输出=整数/时间;副作用=无明显副作用;领域=自我;约束=noexcept+constexpr+inline"	"1x 专用类/对应头文件：外设 || 1x 专用类/对应头文件：自我"	"自我动作实现.外设模块.ixx:5874: inline constexpr I64 方法状态_待运行账() noexcept || 自我动作实现模块.ixx:2147: inline constexpr I64 方法状态_待运行账() noexcept"	"同名不同功能或约束，禁止直接合并"
"方法状态_有条件结果"	"2"	"2"	"0"	"2"	"1x 类别=执行;输入=有自定义类型;输出=整数/时间;副作用=无明显副作用;领域=外设;约束=noexcept+constexpr+inline || 1x 类别=执行;输入=有自定义类型;输出=整数/时间;副作用=无明显副作用;领域=自我;约束=noexcept+constexpr+inline"	"1x 专用类/对应头文件：外设 || 1x 专用类/对应头文件：自我"	"自我动作实现.外设模块.ixx:5871: inline constexpr I64 方法状态_有条件结果() noexcept || 自我动作实现模块.ixx:2144: inline constexpr I64 方法状态_有条件结果() noexcept"	"同名不同功能或约束，禁止直接合并"
"方法状态_有条件节点"	"2"	"2"	"0"	"2"	"1x 类别=执行;输入=有自定义类型;输出=整数/时间;副作用=无明显副作用;领域=外设;约束=noexcept+constexpr+inline || 1x 类别=执行;输入=有自定义类型;输出=整数/时间;副作用=无明显副作用;领域=自我;约束=noexcept+constexpr+inline"	"1x 专用类/对应头文件：外设 || 1x 专用类/对应头文件：自我"	"自我动作实现.外设模块.ixx:5865: inline constexpr I64 方法状态_有条件节点() noexcept || 自我动作实现模块.ixx:2138: inline constexpr I64 方法状态_有条件节点() noexcept"	"同名不同功能或约束，禁止直接合并"
"方法真实条件结果对数量"	"2"	"2"	"0"	"2"	"1x 类别=执行;输入=有自定义类型;输出=整数/时间;副作用=无明显副作用;领域=外设;约束=noexcept+inline || 1x 类别=执行;输入=有自定义类型;输出=整数/时间;副作用=无明显副作用;领域=自我;约束=noexcept+inline"	"1x 专用类/对应头文件：外设 || 1x 专用类/对应头文件：自我"	"自我动作实现.外设模块.ixx:8886: inline I64 方法真实条件结果对数量(方法类::节点类* 方法首节点) noexcept || 自我动作实现模块.ixx:3552: inline I64 方法真实条件结果对数量(方法类::节点类* 方法首节点) noexcept"	"同名不同功能或约束，禁止直接合并"
"方法真实条件节点数量"	"2"	"2"	"0"	"2"	"1x 类别=执行;输入=有自定义类型;输出=整数/时间;副作用=无明显副作用;领域=外设;约束=noexcept+inline || 1x 类别=执行;输入=有自定义类型;输出=整数/时间;副作用=无明显副作用;领域=自我;约束=noexcept+inline"	"1x 专用类/对应头文件：外设 || 1x 专用类/对应头文件：自我"	"自我动作实现.外设模块.ixx:8868: inline I64 方法真实条件节点数量(方法类::节点类* 方法首节点) noexcept || 自我动作实现模块.ixx:3534: inline I64 方法真实条件节点数量(方法类::节点类* 方法首节点) noexcept"	"同名不同功能或约束，禁止直接合并"
"方法类::查找方法首节点_按动作句柄"	"2"	"2"	"0"	"1"	"2x 类别=查找;输入=有自定义类型;输出=指针/引用/句柄;副作用=无明显副作用;领域=方法;约束=noexcept"	"2x 专用类/对应头文件：方法"	"方法类.cpp:1444: 方法类::节点类* 方法类::查找方法首节点_按动作句柄( 节点类* 方法根节点, const 结构体_动作句柄& 动作句柄) noexcept || 方法类.cpp:1459: const 方法类::节点类* 方法类::查找方法首节点_按动作句柄( const 节点类* 方法根节点, const 结构体_动作句柄& 动作句柄) noexcept"	"功能签名一致，按专用归属复核"
"方法类::查找方法首节点_按动作名"	"2"	"2"	"0"	"1"	"2x 类别=查找;输入=有自定义类型;输出=指针/引用/句柄;副作用=无明显副作用;领域=方法;约束=noexcept"	"2x 专用类/对应头文件：方法"	"方法类.cpp:1467: 方法类::节点类* 方法类::查找方法首节点_按动作名( 节点类* 方法根节点, const 语素入口节点类* 动作名) noexcept || 方法类.cpp:1482: const 方法类::节点类* 方法类::查找方法首节点_按动作名( const 节点类* 方法根节点, const 语素入口节点类* 动作名) noexcept"	"功能签名一致，按专用归属复核"
"方法虚拟存在"	"2"	"2"	"0"	"2"	"1x 类别=执行;输入=有自定义类型;输出=整数/时间;副作用=无明显副作用;领域=外设;约束=noexcept+inline || 1x 类别=执行;输入=有自定义类型;输出=整数/时间;副作用=无明显副作用;领域=自我;约束=noexcept+inline"	"1x 专用类/对应头文件：外设 || 1x 专用类/对应头文件：自我"	"自我动作实现.外设模块.ixx:8203: inline 存在节点类* 方法虚拟存在(方法类::节点类* 方法首节点, 时间戳 now) noexcept || 自我动作实现模块.ixx:2849: inline 存在节点类* 方法虚拟存在(方法类::节点类* 方法首节点, 时间戳 now) noexcept"	"同名不同功能或约束，禁止直接合并"
"方法补齐类别值"	"2"	"2"	"0"	"2"	"1x 类别=未分类;输入=有自定义类型;输出=整数/时间;副作用=无明显副作用;领域=外设;约束=noexcept+constexpr+inline || 1x 类别=未分类;输入=有自定义类型;输出=整数/时间;副作用=无明显副作用;领域=自我;约束=noexcept+constexpr+inline"	"1x 专用类/对应头文件：外设 || 1x 专用类/对应头文件：自我"	"自我动作实现.外设模块.ixx:5729: inline constexpr I64 方法补齐类别值(枚举_方法补齐类别 类别) noexcept || 自我动作实现模块.ixx:1981: inline constexpr I64 方法补齐类别值(枚举_方法补齐类别 类别) noexcept"	"同名不同功能或约束，禁止直接合并"
"方法规格根"	"2"	"2"	"0"	"2"	"1x 类别=执行;输入=有自定义类型;输出=整数/时间;副作用=无明显副作用;领域=外设;约束=noexcept+inline || 1x 类别=执行;输入=有自定义类型;输出=整数/时间;副作用=无明显副作用;领域=自我;约束=noexcept+inline"	"1x 专用类/对应头文件：外设 || 1x 专用类/对应头文件：自我"	"自我动作实现.外设模块.ixx:8730: inline 特征节点类* 方法规格根( 方法类::节点类* 方法首节点, const 语素入口节点类* 根特征类型, 时间戳 now) noexcept || 自我动作实现模块.ixx:3271: inline 特征节点类* 方法规格根( 方法类::节点类* 方法首节点, const 语素入口节点类* 根特征类型, 时间戳 now) noexcept"	"同名不同功能或约束，禁止直接合并"
"是有效本能方法能力值"	"2"	"0"	"2"	"1"	"2x 类别=校验;输入=有自定义类型;输出=bool;副作用=无明显副作用;领域=方法;约束=noexcept+static"	"2x 专用类/对应头文件：方法"	"方法类.h:83: static bool 是有效本能方法能力值( I64 自我能力值) noexcept || 本能方法类.h:137: static bool 是有效本能方法能力值(I64 自我能力值) noexcept"	"功能签名一致，按专用归属复核"
"是有效治理边"	"2"	"2"	"0"	"1"	"2x 类别=校验;输入=无自定义类型;输出=bool;副作用=无明显副作用;领域=全局通用候选;约束=noexcept"	"2x 全局共享函数类.ixx候选"	"基础数据类型.h:1857: bool 是有效治理边() const noexcept || 基础数据类型.h:1891: bool 是有效治理边() const noexcept"	"功能签名一致，按专用归属复核"
"普通候选方法筹办禁止原因"	"2"	"0"	"2"	"1"	"2x 类别=未分类;输入=有自定义类型;输出=文本;副作用=无明显副作用;领域=需求;约束=noexcept+static"	"2x 专用类/对应头文件：需求"	"需求类.h:387: static const char* 普通候选方法筹办禁止原因( const 结构_需求目标语义视图& 视图) noexcept || 需求类.h:390: static const char* 普通候选方法筹办禁止原因( const 语素入口节点类* 目标特征类型) noexcept"	"功能签名一致，按专用归属复核"
"更新方法运行账"	"2"	"2"	"0"	"2"	"1x 类别=更新;输入=有自定义类型;输出=bool;副作用=无明显副作用;领域=外设;约束=noexcept+inline || 1x 类别=更新;输入=有自定义类型;输出=bool;副作用=无明显副作用;领域=自我;约束=noexcept+inline"	"1x 专用类/对应头文件：外设 || 1x 专用类/对应头文件：自我"	"自我动作实现.外设模块.ixx:9410: inline void 更新方法运行账( 方法类::节点类* 方法首节点, 存在节点类* 运行存在, bool 成功, 时间戳 now) noexcept || 自我动作实现模块.ixx:4304: inline void 更新方法运行账( 方法类::节点类* 方法首节点, 存在节点类* 运行存在, bool 成功, 时间戳 now) noexcept"	"同名不同功能或约束，禁止直接合并"
"有区间"	"2"	"2"	"0"	"1"	"2x 类别=执行;输入=无自定义类型;输出=bool;副作用=无明显副作用;领域=基础信息;约束=noexcept"	"2x 专用类/对应头文件：基础信息"	"基础信息主信息类.h:351: bool 有区间() const noexcept || 基础信息主信息类.h:450: bool 有区间() const noexcept"	"功能签名一致，按专用归属复核"
"本能ID是当前默认自我本能_动作模块"	"2"	"2"	"0"	"2"	"1x 类别=执行;输入=有自定义类型;输出=bool;副作用=无明显副作用;领域=外设;约束=noexcept+inline || 1x 类别=执行;输入=有自定义类型;输出=bool;副作用=无明显副作用;领域=自我;约束=noexcept+inline"	"1x 专用类/对应头文件：外设 || 1x 专用类/对应头文件：自我"	"自我动作实现.外设模块.ixx:8920: inline bool 本能ID是当前默认自我本能_动作模块(枚举_本能方法ID 本能ID) noexcept || 自我动作实现模块.ixx:3586: inline bool 本能ID是当前默认自我本能_动作模块(枚举_本能方法ID 本能ID) noexcept"	"同名不同功能或约束，禁止直接合并"
"本能动作可作为练习目标"	"2"	"2"	"0"	"2"	"1x 类别=执行;输入=有自定义类型;输出=bool;副作用=无明显副作用;领域=外设;约束=noexcept+inline || 1x 类别=执行;输入=有自定义类型;输出=bool;副作用=无明显副作用;领域=自我;约束=noexcept+inline"	"1x 专用类/对应头文件：外设 || 1x 专用类/对应头文件：自我"	"自我动作实现.外设模块.ixx:8939: inline bool 本能动作可作为练习目标(枚举_本能方法ID 本能ID) noexcept || 自我动作实现模块.ixx:3617: inline bool 本能动作可作为练习目标(枚举_本能方法ID 本能ID) noexcept"	"同名不同功能或约束，禁止直接合并"
"本能动作已注册_动作模块"	"2"	"2"	"0"	"2"	"1x 类别=未分类;输入=有自定义类型;输出=bool;副作用=无明显副作用;领域=外设;约束=noexcept+inline || 1x 类别=未分类;输入=有自定义类型;输出=bool;副作用=无明显副作用;领域=自我;约束=noexcept+inline"	"1x 专用类/对应头文件：外设 || 1x 专用类/对应头文件：自我"	"自我动作实现.外设模块.ixx:8912: inline bool 本能动作已注册_动作模块(枚举_本能方法ID 本能ID) noexcept || 自我动作实现模块.ixx:3578: inline bool 本能动作已注册_动作模块(枚举_本能方法ID 本能ID) noexcept"	"同名不同功能或约束，禁止直接合并"
"本轮运行虚拟存在"	"2"	"2"	"0"	"2"	"1x 类别=执行;输入=有自定义类型;输出=整数/时间;副作用=无明显副作用;领域=外设;约束=noexcept+inline || 1x 类别=执行;输入=有自定义类型;输出=整数/时间;副作用=无明显副作用;领域=自我;约束=noexcept+inline"	"1x 专用类/对应头文件：外设 || 1x 专用类/对应头文件：自我"	"自我动作实现.外设模块.ixx:9344: inline 存在节点类* 本轮运行虚拟存在( 方法类::节点类* 方法首节点, 场景节点类* 输出结果场景, 时间戳 now) noexcept || 自我动作实现模块.ixx:4238: inline 存在节点类* 本轮运行虚拟存在( 方法类::节点类* 方法首节点, 场景节点类* 输出结果场景, 时间戳 now) noexcept"	"同名不同功能或约束，禁止直接合并"
"条件节点已有结果子节点_条件结果对归并"	"2"	"2"	"0"	"2"	"1x 类别=执行;输入=有自定义类型;输出=bool;副作用=无明显副作用;领域=外设;约束=noexcept+inline || 1x 类别=执行;输入=有自定义类型;输出=bool;副作用=无明显副作用;领域=自我;约束=noexcept+inline"	"1x 专用类/对应头文件：外设 || 1x 专用类/对应头文件：自我"	"自我动作实现.外设模块.ixx:8851: inline bool 条件节点已有结果子节点_条件结果对归并(方法类::节点类* 条件节点) noexcept || 自我动作实现模块.ixx:3509: inline bool 条件节点已有结果子节点_条件结果对归并(方法类::节点类* 条件节点) noexcept"	"同名不同功能或约束，禁止直接合并"
"查找_已加锁"	"2"	"2"	"0"	"1"	"2x 类别=查找;输入=有自定义类型;输出=指针/引用/句柄;副作用=无明显副作用;领域=特征值;约束=锁约束"	"2x 专用类/对应头文件：特征值"	"特征值类.h:131: 节点类* 查找_已加锁(const 特征值主信息类& mi) const || 特征值类.h:145: 节点类* 查找_已加锁(const VecIU64& v) const"	"功能签名一致，按专用归属复核"
"查找子特征_按类型"	"2"	"0"	"2"	"2"	"1x 类别=查找;输入=有自定义类型;输出=指针/引用/句柄;副作用=无明显副作用;领域=存在;约束=无显式约束 || 1x 类别=查找;输入=有自定义类型;输出=指针/引用/句柄;副作用=无明显副作用;领域=特征;约束=无显式约束"	"1x 专用类/对应头文件：存在 || 1x 专用类/对应头文件：特征"	"存在类.h:76: 特征节点类* 查找子特征_按类型(const 基础信息节点类* 宿主, const 语素入口节点类* 特征类型) const || 特征类.h:305: 特征节点类* 查找子特征_按类型(const 基础信息节点类* 宿主, const 语素入口节点类* 特征类型) const"	"同名不同功能或约束，禁止直接合并"
"查找方法首节点_按动作句柄"	"2"	"0"	"2"	"1"	"2x 类别=查找;输入=有自定义类型;输出=指针/引用/句柄;副作用=无明显副作用;领域=方法;约束=noexcept+static"	"2x 专用类/对应头文件：方法"	"方法类.h:16: static 节点类* 查找方法首节点_按动作句柄( 节点类* 方法根节点, const 结构体_动作句柄& 动作句柄) noexcept || 方法类.h:19: static const 节点类* 查找方法首节点_按动作句柄( const 节点类* 方法根节点, const 结构体_动作句柄& 动作句柄) noexcept"	"功能签名一致，按专用归属复核"
"查找方法首节点_按动作名"	"2"	"0"	"2"	"1"	"2x 类别=查找;输入=有自定义类型;输出=指针/引用/句柄;副作用=无明显副作用;领域=方法;约束=noexcept+static"	"2x 专用类/对应头文件：方法"	"方法类.h:23: static 节点类* 查找方法首节点_按动作名( 节点类* 方法根节点, const 语素入口节点类* 动作名) noexcept || 方法类.h:26: static const 节点类* 查找方法首节点_按动作名( const 节点类* 方法根节点, const 语素入口节点类* 动作名) noexcept"	"功能签名一致，按专用归属复核"
"查找等价条件节点_条件结果对归并"	"2"	"2"	"0"	"2"	"1x 类别=查找;输入=有自定义类型;输出=指针/引用/句柄;副作用=无明显副作用;领域=外设;约束=noexcept+inline || 1x 类别=查找;输入=有自定义类型;输出=指针/引用/句柄;副作用=无明显副作用;领域=自我;约束=noexcept+inline"	"1x 专用类/对应头文件：外设 || 1x 专用类/对应头文件：自我"	"自我动作实现.外设模块.ixx:8828: inline 方法类::节点类* 查找等价条件节点_条件结果对归并( 方法类::节点类* 方法首节点, 场景节点类* 条件场景) noexcept || 自我动作实现模块.ixx:3486: inline 方法类::节点类* 查找等价条件节点_条件结果对归并( 方法类::节点类* 方法首节点, 场景节点类* 条件场景) noexcept"	"同名不同功能或约束，禁止直接合并"
"校验抽象特征子链"	"2"	"0"	"2"	"2"	"1x 类别=执行;输入=有自定义类型;输出=bool;副作用=无明显副作用;领域=世界;约束=无显式约束 || 1x 类别=执行;输入=有自定义类型;输出=bool;副作用=无明显副作用;领域=特征;约束=无显式约束"	"1x 专用类/对应头文件：世界 || 1x 专用类/对应头文件：特征"	"世界树类.h:121: bool 校验抽象特征子链(const 基础信息节点类* 抽象特征节点) const || 特征类.h:287: bool 校验抽象特征子链(const 基础信息节点类* 抽象特征节点) const"	"同名不同功能或约束，禁止直接合并"
"校验结构"	"2"	"2"	"0"	"2"	"1x 类别=未分类;输入=无自定义类型;输出=bool;副作用=无明显副作用;领域=全局通用候选;约束=无显式约束 || 1x 类别=执行;输入=无自定义类型;输出=bool;副作用=无明显副作用;领域=基础信息;约束=noexcept"	"1x 全局共享函数类.ixx候选 || 1x 专用类/对应头文件：基础信息"	"双向链表模板核心.h:599: bool 校验结构() const || 基础信息主信息类.h:388: bool 校验结构() const noexcept"	"同名不同功能或约束，禁止直接合并"
"根据概念扩充实例记忆"	"2"	"0"	"2"	"2"	"1x 类别=执行;输入=有自定义类型;输出=void;副作用=无明显副作用;领域=世界;约束=无显式约束 || 1x 类别=执行;输入=有自定义类型;输出=void;副作用=无明显副作用;领域=存在;约束=无显式约束"	"1x 专用类/对应头文件：世界 || 1x 专用类/对应头文件：存在"	"世界树类.h:161: void 根据概念扩充实例记忆( 存在节点类* 实例, const std::vector<存在节点类*>& 概念集 ) || 存在类.h:86: void 根据概念扩充实例记忆( 存在节点类* 实例, const std::vector<存在节点类*>& 概念集 )"	"同名不同功能或约束，禁止直接合并"
"检查"	"2"	"1"	"1"	"1"	"2x 类别=未分类;输入=无自定义类型;输出=其他;副作用=无明显副作用;领域=外设;约束=noexcept"	"2x 专用类/对应头文件：外设"	"双目相机本能适配器.cpp:1355: 调用结果 检查() noexcept || 双目相机本能适配器.h:205: 调用结果 检查() noexcept"	"功能签名一致，按专用归属复核"
"深拷贝树"	"2"	"1"	"1"	"2"	"1x 类别=执行;输入=有自定义类型;输出=指针/引用/句柄;副作用=无明显副作用;领域=全局通用候选;约束=template || 1x 类别=执行;输入=有自定义类型;输出=指针/引用/句柄;副作用=无明显副作用;领域=全局通用候选;约束=无显式约束"	"2x 原地保留/待复核"	"双向链表模板_深拷贝.inl:11: template<typename 主信息类型> typename 链表模板<主信息类型>::节点类* 链表模板<主信息类型>::深拷贝树(const 节点类* 源根) const || 双向链表模板核心.h:668: 节点类* 深拷贝树(const 节点类* 源根) const"	"同名不同功能或约束，禁止直接合并"
"深拷贝树_已加锁"	"2"	"1"	"1"	"2"	"1x 类别=执行;输入=有自定义类型;输出=指针/引用/句柄;副作用=无明显副作用;领域=全局通用候选;约束=template+锁约束 || 1x 类别=执行;输入=有自定义类型;输出=指针/引用/句柄;副作用=无明显副作用;领域=全局通用候选;约束=锁约束"	"2x 原地保留/待复核"	"双向链表模板_深拷贝.inl:20: template<typename 主信息类型> typename 链表模板<主信息类型>::节点类* 链表模板<主信息类型>::深拷贝树_已加锁(const 节点类* 源根) const || 双向链表模板核心.h:669: 节点类* 深拷贝树_已加锁(const 节点类* 源根) const"	"同名不同功能或约束，禁止直接合并"
"深拷贝树_独立"	"2"	"1"	"1"	"2"	"1x 类别=未分类;输入=有自定义类型;输出=指针/引用/句柄;副作用=无明显副作用;领域=全局通用候选;约束=template || 1x 类别=未分类;输入=有自定义类型;输出=指针/引用/句柄;副作用=无明显副作用;领域=全局通用候选;约束=static"	"2x 原地保留/待复核"	"双向链表模板_深拷贝.inl:3: template<typename 主信息类型> typename 链表模板<主信息类型>::节点类* 链表模板<主信息类型>::深拷贝树_独立(const 节点类* 源根) || 双向链表模板核心.h:667: static 节点类* 深拷贝树_独立(const 节点类* 源根)"	"同名不同功能或约束，禁止直接合并"
"添加信息入口词"	"2"	"0"	"2"	"2"	"1x 类别=构造;输入=有自定义类型;输出=指针/引用/句柄;副作用=无明显副作用;领域=语素;约束=无显式约束 || 1x 类别=执行;输入=有自定义类型;输出=文本;副作用=无明显副作用;领域=语素;约束=无显式约束"	"2x 专用类/对应头文件：语素"	"语素类.h:57: 语素入口节点类* 添加信息入口词(词节点类* 词节点, 枚举_信息入口类型 信息入口类型) || 语素类.h:58: 语素入口节点类* 添加信息入口词(const std::string& 词值, 枚举_信息入口类型 信息入口类型)"	"同名不同功能或约束，禁止直接合并"
"添加子节点_已加锁"	"2"	"2"	"0"	"2"	"1x 类别=未分类;输入=有自定义类型;输出=指针/引用/句柄;副作用=无明显副作用;领域=全局通用候选;约束=锁约束 || 1x 类别=执行;输入=有自定义类型;输出=指针/引用/句柄;副作用=无明显副作用;领域=全局通用候选;约束=锁约束"	"2x 原地保留/待复核"	"双向链表模板核心.h:309: 节点类* 添加子节点_已加锁(节点类* 父节点, 节点类* 子节点) || 双向链表模板核心.h:341: 节点类* 添加子节点_已加锁(节点类* 父节点, 主信息类型 主信息)"	"同名不同功能或约束，禁止直接合并"
"添加节点_已加锁"	"2"	"2"	"0"	"2"	"1x 类别=未分类;输入=有自定义类型;输出=指针/引用/句柄;副作用=无明显副作用;领域=全局通用候选;约束=锁约束 || 1x 类别=执行;输入=有自定义类型;输出=指针/引用/句柄;副作用=无明显副作用;领域=全局通用候选;约束=锁约束"	"2x 原地保留/待复核"	"双向链表模板核心.h:261: 节点类* 添加节点_已加锁(节点类* 位置节点, 节点类* 新节点) || 双向链表模板核心.h:290: 节点类* 添加节点_已加锁(节点类* 位置节点, 主信息类型 主信息)"	"同名不同功能或约束，禁止直接合并"
"清理执行输出派生需求标记"	"2"	"2"	"0"	"2"	"1x 类别=执行;输入=有自定义类型;输出=void;副作用=无明显副作用;领域=外设;约束=noexcept+inline || 1x 类别=执行;输入=有自定义类型;输出=void;副作用=无明显副作用;领域=自我;约束=noexcept+inline"	"1x 专用类/对应头文件：外设 || 1x 专用类/对应头文件：自我"	"自我动作实现.外设模块.ixx:8015: inline void 清理执行输出派生需求标记( 场景节点类* 输出结果场景, const char* 调用方) noexcept || 自我动作实现模块.ixx:2743: inline void 清理执行输出派生需求标记( 场景节点类* 输出结果场景, const char* 调用方) noexcept"	"同名不同功能或约束，禁止直接合并"
"点值"	"2"	"2"	"0"	"2"	"1x 类别=执行;输入=有自定义类型;输出=整数/时间;副作用=无明显副作用;领域=特征;约束=noexcept+inline || 1x 类别=执行;输入=无自定义类型;输出=整数/时间;副作用=无明显副作用;领域=全局通用候选;约束=noexcept+constexpr"	"1x 专用类/对应头文件：特征 || 1x 全局共享函数类.ixx候选"	"二次特征应用模块.ixx:58: inline I64 点值(const 二次特征主信息类& 主信息) noexcept || 基础数据类型.h:35: constexpr std::int64_t 点值() const noexcept"	"同名不同功能或约束，禁止直接合并"
"点索引"	"2"	"2"	"0"	"1"	"2x 类别=执行;输入=无自定义类型;输出=其他;副作用=无明显副作用;领域=全局通用候选;约束=无显式约束"	"2x 全局共享函数类.ixx候选"	"基础数据类型.h:1329: 点索引(int uu, int vv) : u(uu), v(vv) || 基础数据类型.h:1332: 点索引()"	"功能签名一致，按专用归属复核"
"特征_任务参数包"	"2"	"2"	"0"	"2"	"1x 类别=执行;输入=有自定义类型;输出=指针/引用/句柄;副作用=无明显副作用;领域=外设;约束=noexcept+inline || 1x 类别=执行;输入=有自定义类型;输出=指针/引用/句柄;副作用=无明显副作用;领域=自我;约束=noexcept+inline"	"1x 专用类/对应头文件：外设 || 1x 专用类/对应头文件：自我"	"自我动作实现.外设模块.ixx:1071: inline const 语素入口节点类* 特征_任务参数包() noexcept || 自我动作实现模块.ixx:557: inline const 语素入口节点类* 特征_任务参数包() noexcept"	"同名不同功能或约束，禁止直接合并"
"特征_任务完成度百万分比"	"2"	"2"	"0"	"2"	"1x 类别=执行;输入=有自定义类型;输出=指针/引用/句柄;副作用=无明显副作用;领域=外设;约束=noexcept+inline || 1x 类别=执行;输入=有自定义类型;输出=指针/引用/句柄;副作用=无明显副作用;领域=自我;约束=noexcept+inline"	"1x 专用类/对应头文件：外设 || 1x 专用类/对应头文件：自我"	"自我动作实现.外设模块.ixx:826: inline const 语素入口节点类* 特征_任务完成度百万分比() noexcept || 自我动作实现模块.ixx:306: inline const 语素入口节点类* 特征_任务完成度百万分比() noexcept"	"同名不同功能或约束，禁止直接合并"
"特征_任务层执行回执"	"2"	"2"	"0"	"2"	"1x 类别=执行;输入=有自定义类型;输出=指针/引用/句柄;副作用=无明显副作用;领域=外设;约束=noexcept+inline || 1x 类别=执行;输入=有自定义类型;输出=指针/引用/句柄;副作用=无明显副作用;领域=自我;约束=noexcept+inline"	"1x 专用类/对应头文件：外设 || 1x 专用类/对应头文件：自我"	"自我动作实现.外设模块.ixx:938: inline const 语素入口节点类* 特征_任务层执行回执() noexcept || 自我动作实现模块.ixx:424: inline const 语素入口节点类* 特征_任务层执行回执() noexcept"	"同名不同功能或约束，禁止直接合并"
"特征_任务状态"	"2"	"2"	"0"	"2"	"1x 类别=执行;输入=有自定义类型;输出=指针/引用/句柄;副作用=无明显副作用;领域=外设;约束=noexcept+inline || 1x 类别=执行;输入=有自定义类型;输出=指针/引用/句柄;副作用=无明显副作用;领域=自我;约束=noexcept+inline"	"1x 专用类/对应头文件：外设 || 1x 专用类/对应头文件：自我"	"自我动作实现.外设模块.ixx:924: inline const 语素入口节点类* 特征_任务状态() noexcept || 自我动作实现模块.ixx:404: inline const 语素入口节点类* 特征_任务状态() noexcept"	"同名不同功能或约束，禁止直接合并"
"特征_使用限制包"	"2"	"2"	"0"	"2"	"1x 类别=执行;输入=有自定义类型;输出=指针/引用/句柄;副作用=无明显副作用;领域=外设;约束=noexcept+inline || 1x 类别=执行;输入=有自定义类型;输出=指针/引用/句柄;副作用=无明显副作用;领域=自我;约束=noexcept+inline"	"1x 专用类/对应头文件：外设 || 1x 专用类/对应头文件：自我"	"自我动作实现.外设模块.ixx:1914: inline const 语素入口节点类* 特征_使用限制包() noexcept || 自我动作实现模块.ixx:1407: inline const 语素入口节点类* 特征_使用限制包() noexcept"	"同名不同功能或约束，禁止直接合并"
"特征_使用默认方法搜索根"	"2"	"2"	"0"	"2"	"1x 类别=未分类;输入=有自定义类型;输出=指针/引用/句柄;副作用=无明显副作用;领域=外设;约束=noexcept+inline || 1x 类别=未分类;输入=有自定义类型;输出=指针/引用/句柄;副作用=无明显副作用;领域=自我;约束=noexcept+inline"	"1x 专用类/对应头文件：外设 || 1x 专用类/对应头文件：自我"	"自我动作实现.外设模块.ixx:2026: inline const 语素入口节点类* 特征_使用默认方法搜索根() noexcept || 自我动作实现模块.ixx:1519: inline const 语素入口节点类* 特征_使用默认方法搜索根() noexcept"	"同名不同功能或约束，禁止直接合并"
"特征_候选动作节点"	"2"	"2"	"0"	"2"	"1x 类别=执行;输入=有自定义类型;输出=指针/引用/句柄;副作用=无明显副作用;领域=外设;约束=noexcept+inline || 1x 类别=执行;输入=有自定义类型;输出=指针/引用/句柄;副作用=无明显副作用;领域=自我;约束=noexcept+inline"	"1x 专用类/对应头文件：外设 || 1x 专用类/对应头文件：自我"	"自我动作实现.外设模块.ixx:5756: inline const 语素入口节点类* 特征_候选动作节点() noexcept || 自我动作实现模块.ixx:2008: inline const 语素入口节点类* 特征_候选动作节点() noexcept"	"同名不同功能或约束，禁止直接合并"
"特征_候选存在数量"	"2"	"2"	"0"	"2"	"1x 类别=执行;输入=有自定义类型;输出=指针/引用/句柄;副作用=无明显副作用;领域=外设;约束=noexcept+inline || 1x 类别=执行;输入=有自定义类型;输出=指针/引用/句柄;副作用=无明显副作用;领域=自我;约束=noexcept+inline"	"1x 专用类/对应头文件：外设 || 1x 专用类/对应头文件：自我"	"自我动作实现.外设模块.ixx:2208: inline const 语素入口节点类* 特征_候选存在数量() noexcept || 自我动作实现模块.ixx:1701: inline const 语素入口节点类* 特征_候选存在数量() noexcept"	"同名不同功能或约束，禁止直接合并"
"特征_候选存在集合"	"2"	"2"	"0"	"2"	"1x 类别=执行;输入=有自定义类型;输出=指针/引用/句柄;副作用=无明显副作用;领域=外设;约束=noexcept+inline || 1x 类别=执行;输入=有自定义类型;输出=指针/引用/句柄;副作用=无明显副作用;领域=自我;约束=noexcept+inline"	"1x 专用类/对应头文件：外设 || 1x 专用类/对应头文件：自我"	"自我动作实现.外设模块.ixx:2201: inline const 语素入口节点类* 特征_候选存在集合() noexcept || 自我动作实现模块.ixx:1694: inline const 语素入口节点类* 特征_候选存在集合() noexcept"	"同名不同功能或约束，禁止直接合并"
"特征_候选实参数量"	"2"	"2"	"0"	"2"	"1x 类别=执行;输入=有自定义类型;输出=指针/引用/句柄;副作用=无明显副作用;领域=外设;约束=noexcept+inline || 1x 类别=执行;输入=有自定义类型;输出=指针/引用/句柄;副作用=无明显副作用;领域=自我;约束=noexcept+inline"	"1x 专用类/对应头文件：外设 || 1x 专用类/对应头文件：自我"	"自我动作实现.外设模块.ixx:5687: inline const 语素入口节点类* 特征_候选实参数量() noexcept || 自我动作实现模块.ixx:1939: inline const 语素入口节点类* 特征_候选实参数量() noexcept"	"同名不同功能或约束，禁止直接合并"
"特征_候选实参表"	"2"	"2"	"0"	"2"	"1x 类别=执行;输入=有自定义类型;输出=指针/引用/句柄;副作用=无明显副作用;领域=外设;约束=noexcept+inline || 1x 类别=执行;输入=有自定义类型;输出=指针/引用/句柄;副作用=无明显副作用;领域=自我;约束=noexcept+inline"	"1x 专用类/对应头文件：外设 || 1x 专用类/对应头文件：自我"	"自我动作实现.外设模块.ixx:5680: inline const 语素入口节点类* 特征_候选实参表() noexcept || 自我动作实现模块.ixx:1932: inline const 语素入口节点类* 特征_候选实参表() noexcept"	"同名不同功能或约束，禁止直接合并"
"特征_候选形参包"	"2"	"2"	"0"	"2"	"1x 类别=执行;输入=有自定义类型;输出=指针/引用/句柄;副作用=无明显副作用;领域=外设;约束=noexcept+inline || 1x 类别=执行;输入=有自定义类型;输出=指针/引用/句柄;副作用=无明显副作用;领域=自我;约束=noexcept+inline"	"1x 专用类/对应头文件：外设 || 1x 专用类/对应头文件：自我"	"自我动作实现.外设模块.ixx:5770: inline const 语素入口节点类* 特征_候选形参包() noexcept || 自我动作实现模块.ixx:2022: inline const 语素入口节点类* 特征_候选形参包() noexcept"	"同名不同功能或约束，禁止直接合并"
"特征_候选扫描数量"	"2"	"2"	"0"	"2"	"1x 类别=比较;输入=有自定义类型;输出=指针/引用/句柄;副作用=无明显副作用;领域=外设;约束=noexcept+inline || 1x 类别=比较;输入=有自定义类型;输出=指针/引用/句柄;副作用=无明显副作用;领域=自我;约束=noexcept+inline"	"1x 专用类/对应头文件：外设 || 1x 专用类/对应头文件：自我"	"自我动作实现.外设模块.ixx:2005: inline const 语素入口节点类* 特征_候选扫描数量() noexcept || 自我动作实现模块.ixx:1498: inline const 语素入口节点类* 特征_候选扫描数量() noexcept"	"同名不同功能或约束，禁止直接合并"
"特征_候选方法头节点"	"2"	"2"	"0"	"2"	"1x 类别=执行;输入=有自定义类型;输出=指针/引用/句柄;副作用=无明显副作用;领域=外设;约束=noexcept+inline || 1x 类别=执行;输入=有自定义类型;输出=指针/引用/句柄;副作用=无明显副作用;领域=自我;约束=noexcept+inline"	"1x 专用类/对应头文件：外设 || 1x 专用类/对应头文件：自我"	"自我动作实现.外设模块.ixx:1057: inline const 语素入口节点类* 特征_候选方法头节点() noexcept || 自我动作实现模块.ixx:543: inline const 语素入口节点类* 特征_候选方法头节点() noexcept"	"同名不同功能或约束，禁止直接合并"
"特征_候选方法数量"	"2"	"2"	"0"	"2"	"1x 类别=执行;输入=有自定义类型;输出=指针/引用/句柄;副作用=无明显副作用;领域=外设;约束=noexcept+inline || 1x 类别=执行;输入=有自定义类型;输出=指针/引用/句柄;副作用=无明显副作用;领域=自我;约束=noexcept+inline"	"1x 专用类/对应头文件：外设 || 1x 专用类/对应头文件：自我"	"自我动作实现.外设模块.ixx:1050: inline const 语素入口节点类* 特征_候选方法数量() noexcept || 自我动作实现模块.ixx:536: inline const 语素入口节点类* 特征_候选方法数量() noexcept"	"同名不同功能或约束，禁止直接合并"
"特征_候选方法能力包"	"2"	"2"	"0"	"2"	"1x 类别=执行;输入=有自定义类型;输出=指针/引用/句柄;副作用=无明显副作用;领域=外设;约束=noexcept+inline || 1x 类别=执行;输入=有自定义类型;输出=指针/引用/句柄;副作用=无明显副作用;领域=自我;约束=noexcept+inline"	"1x 专用类/对应头文件：外设 || 1x 专用类/对应头文件：自我"	"自我动作实现.外设模块.ixx:5763: inline const 语素入口节点类* 特征_候选方法能力包() noexcept || 自我动作实现模块.ixx:2015: inline const 语素入口节点类* 特征_候选方法能力包() noexcept"	"同名不同功能或约束，禁止直接合并"
"特征_候选结果包"	"2"	"2"	"0"	"2"	"1x 类别=执行;输入=有自定义类型;输出=指针/引用/句柄;副作用=无明显副作用;领域=外设;约束=noexcept+inline || 1x 类别=执行;输入=有自定义类型;输出=指针/引用/句柄;副作用=无明显副作用;领域=自我;约束=noexcept+inline"	"1x 专用类/对应头文件：外设 || 1x 专用类/对应头文件：自我"	"自我动作实现.外设模块.ixx:5777: inline const 语素入口节点类* 特征_候选结果包() noexcept || 自我动作实现模块.ixx:2029: inline const 语素入口节点类* 特征_候选结果包() noexcept"	"同名不同功能或约束，禁止直接合并"
"特征_候选范围包"	"2"	"2"	"0"	"2"	"1x 类别=执行;输入=有自定义类型;输出=指针/引用/句柄;副作用=无明显副作用;领域=外设;约束=noexcept+inline || 1x 类别=执行;输入=有自定义类型;输出=指针/引用/句柄;副作用=无明显副作用;领域=自我;约束=noexcept+inline"	"1x 专用类/对应头文件：外设 || 1x 专用类/对应头文件：自我"	"自我动作实现.外设模块.ixx:1697: inline const 语素入口节点类* 特征_候选范围包() noexcept || 自我动作实现模块.ixx:1190: inline const 语素入口节点类* 特征_候选范围包() noexcept"	"同名不同功能或约束，禁止直接合并"
"特征_值域抽象距离"	"2"	"2"	"0"	"2"	"1x 类别=执行;输入=有自定义类型;输出=指针/引用/句柄;副作用=无明显副作用;领域=外设;约束=noexcept+inline || 1x 类别=执行;输入=有自定义类型;输出=指针/引用/句柄;副作用=无明显副作用;领域=自我;约束=noexcept+inline"	"1x 专用类/对应头文件：外设 || 1x 专用类/对应头文件：自我"	"自我动作实现.外设模块.ixx:1984: inline const 语素入口节点类* 特征_值域抽象距离() noexcept || 自我动作实现模块.ixx:1477: inline const 语素入口节点类* 特征_值域抽象距离() noexcept"	"同名不同功能或约束，禁止直接合并"
"特征_允许值类型"	"2"	"2"	"0"	"2"	"1x 类别=执行;输入=有自定义类型;输出=指针/引用/句柄;副作用=无明显副作用;领域=外设;约束=noexcept+inline || 1x 类别=执行;输入=有自定义类型;输出=指针/引用/句柄;副作用=无明显副作用;领域=自我;约束=noexcept+inline"	"1x 专用类/对应头文件：外设 || 1x 专用类/对应头文件：自我"	"自我动作实现.外设模块.ixx:1788: inline const 语素入口节点类* 特征_允许值类型() noexcept || 自我动作实现模块.ixx:1281: inline const 语素入口节点类* 特征_允许值类型() noexcept"	"同名不同功能或约束，禁止直接合并"
"特征_允许执行差值区间"	"2"	"2"	"0"	"2"	"1x 类别=执行;输入=有自定义类型;输出=指针/引用/句柄;副作用=无明显副作用;领域=外设;约束=noexcept+inline || 1x 类别=执行;输入=有自定义类型;输出=指针/引用/句柄;副作用=无明显副作用;领域=自我;约束=noexcept+inline"	"1x 专用类/对应头文件：外设 || 1x 专用类/对应头文件：自我"	"自我动作实现.外设模块.ixx:1795: inline const 语素入口节点类* 特征_允许执行差值区间() noexcept || 自我动作实现模块.ixx:1288: inline const 语素入口节点类* 特征_允许执行差值区间() noexcept"	"同名不同功能或约束，禁止直接合并"
"特征_内化状态"	"2"	"2"	"0"	"2"	"1x 类别=执行;输入=有自定义类型;输出=指针/引用/句柄;副作用=无明显副作用;领域=外设;约束=noexcept+inline || 1x 类别=执行;输入=有自定义类型;输出=指针/引用/句柄;副作用=无明显副作用;领域=自我;约束=noexcept+inline"	"1x 专用类/对应头文件：外设 || 1x 专用类/对应头文件：自我"	"自我动作实现.外设模块.ixx:5791: inline const 语素入口节点类* 特征_内化状态() noexcept || 自我动作实现模块.ixx:2043: inline const 语素入口节点类* 特征_内化状态() noexcept"	"同名不同功能或约束，禁止直接合并"
"特征_剩余差距"	"2"	"2"	"0"	"2"	"1x 类别=执行;输入=有自定义类型;输出=指针/引用/句柄;副作用=无明显副作用;领域=外设;约束=noexcept+inline || 1x 类别=执行;输入=有自定义类型;输出=指针/引用/句柄;副作用=无明显副作用;领域=自我;约束=noexcept+inline"	"1x 专用类/对应头文件：外设 || 1x 专用类/对应头文件：自我"	"自我动作实现.外设模块.ixx:980: inline const 语素入口节点类* 特征_剩余差距() noexcept || 自我动作实现模块.ixx:466: inline const 语素入口节点类* 特征_剩余差距() noexcept"	"同名不同功能或约束，禁止直接合并"
"特征_动作主体"	"2"	"2"	"0"	"2"	"1x 类别=执行;输入=有自定义类型;输出=指针/引用/句柄;副作用=无明显副作用;领域=外设;约束=noexcept+inline || 1x 类别=执行;输入=有自定义类型;输出=指针/引用/句柄;副作用=无明显副作用;领域=自我;约束=noexcept+inline"	"1x 专用类/对应头文件：外设 || 1x 专用类/对应头文件：自我"	"自我动作实现.外设模块.ixx:5749: inline const 语素入口节点类* 特征_动作主体() noexcept || 自我动作实现模块.ixx:2001: inline const 语素入口节点类* 特征_动作主体() noexcept"	"同名不同功能或约束，禁止直接合并"
"特征_动作主体替换状态"	"2"	"2"	"0"	"2"	"1x 类别=执行;输入=有自定义类型;输出=指针/引用/句柄;副作用=无明显副作用;领域=外设;约束=noexcept+inline || 1x 类别=执行;输入=有自定义类型;输出=指针/引用/句柄;副作用=无明显副作用;领域=自我;约束=noexcept+inline"	"1x 专用类/对应头文件：外设 || 1x 专用类/对应头文件：自我"	"自我动作实现.外设模块.ixx:5798: inline const 语素入口节点类* 特征_动作主体替换状态() noexcept || 自我动作实现模块.ixx:2050: inline const 语素入口节点类* 特征_动作主体替换状态() noexcept"	"同名不同功能或约束，禁止直接合并"
"特征_动作执行失败次数"	"2"	"2"	"0"	"2"	"1x 类别=执行;输入=有自定义类型;输出=指针/引用/句柄;副作用=无明显副作用;领域=外设;约束=noexcept+inline || 1x 类别=执行;输入=有自定义类型;输出=指针/引用/句柄;副作用=无明显副作用;领域=自我;约束=noexcept+inline"	"1x 专用类/对应头文件：外设 || 1x 专用类/对应头文件：自我"	"自我动作实现.外设模块.ixx:1197: inline const 语素入口节点类* 特征_动作执行失败次数() noexcept || 自我动作实现模块.ixx:690: inline const 语素入口节点类* 特征_动作执行失败次数() noexcept"	"同名不同功能或约束，禁止直接合并"
"特征_动作执行成功次数"	"2"	"2"	"0"	"2"	"1x 类别=执行;输入=有自定义类型;输出=指针/引用/句柄;副作用=无明显副作用;领域=外设;约束=noexcept+inline || 1x 类别=执行;输入=有自定义类型;输出=指针/引用/句柄;副作用=无明显副作用;领域=自我;约束=noexcept+inline"	"1x 专用类/对应头文件：外设 || 1x 专用类/对应头文件：自我"	"自我动作实现.外设模块.ixx:1190: inline const 语素入口节点类* 特征_动作执行成功次数() noexcept || 自我动作实现模块.ixx:683: inline const 语素入口节点类* 特征_动作执行成功次数() noexcept"	"同名不同功能或约束，禁止直接合并"
"特征_匹配方法能力包"	"2"	"2"	"0"	"2"	"1x 类别=比较;输入=有自定义类型;输出=指针/引用/句柄;副作用=无明显副作用;领域=外设;约束=noexcept+inline || 1x 类别=比较;输入=有自定义类型;输出=指针/引用/句柄;副作用=无明显副作用;领域=自我;约束=noexcept+inline"	"1x 专用类/对应头文件：外设 || 1x 专用类/对应头文件：自我"	"自我动作实现.外设模块.ixx:1956: inline const 语素入口节点类* 特征_匹配方法能力包() noexcept || 自我动作实现模块.ixx:1449: inline const 语素入口节点类* 特征_匹配方法能力包() noexcept"	"同名不同功能或约束，禁止直接合并"
"特征_匹配路径记录"	"2"	"2"	"0"	"2"	"1x 类别=比较;输入=有自定义类型;输出=指针/引用/句柄;副作用=无明显副作用;领域=外设;约束=noexcept+inline || 1x 类别=比较;输入=有自定义类型;输出=指针/引用/句柄;副作用=无明显副作用;领域=自我;约束=noexcept+inline"	"1x 专用类/对应头文件：外设 || 1x 专用类/对应头文件：自我"	"自我动作实现.外设模块.ixx:1970: inline const 语素入口节点类* 特征_匹配路径记录() noexcept || 自我动作实现模块.ixx:1463: inline const 语素入口节点类* 特征_匹配路径记录() noexcept"	"同名不同功能或约束，禁止直接合并"
"特征_区间上界"	"2"	"2"	"0"	"2"	"1x 类别=执行;输入=有自定义类型;输出=指针/引用/句柄;副作用=无明显副作用;领域=外设;约束=noexcept+inline || 1x 类别=执行;输入=有自定义类型;输出=指针/引用/句柄;副作用=无明显副作用;领域=自我;约束=noexcept+inline"	"1x 专用类/对应头文件：外设 || 1x 专用类/对应头文件：自我"	"自我动作实现.外设模块.ixx:1746: inline const 语素入口节点类* 特征_区间上界() noexcept || 自我动作实现模块.ixx:1239: inline const 语素入口节点类* 特征_区间上界() noexcept"	"同名不同功能或约束，禁止直接合并"
"特征_区间下界"	"2"	"2"	"0"	"2"	"1x 类别=执行;输入=有自定义类型;输出=指针/引用/句柄;副作用=无明显副作用;领域=外设;约束=noexcept+inline || 1x 类别=执行;输入=有自定义类型;输出=指针/引用/句柄;副作用=无明显副作用;领域=自我;约束=noexcept+inline"	"1x 专用类/对应头文件：外设 || 1x 专用类/对应头文件：自我"	"自我动作实现.外设模块.ixx:1739: inline const 语素入口节点类* 特征_区间下界() noexcept || 自我动作实现模块.ixx:1232: inline const 语素入口节点类* 特征_区间下界() noexcept"	"同名不同功能或约束，禁止直接合并"
"特征_占用状态"	"2"	"2"	"0"	"2"	"1x 类别=执行;输入=有自定义类型;输出=指针/引用/句柄;副作用=无明显副作用;领域=外设;约束=noexcept+inline || 1x 类别=执行;输入=有自定义类型;输出=指针/引用/句柄;副作用=无明显副作用;领域=自我;约束=noexcept+inline"	"1x 专用类/对应头文件：外设 || 1x 专用类/对应头文件：自我"	"自我动作实现.外设模块.ixx:2187: inline const 语素入口节点类* 特征_占用状态() noexcept || 自我动作实现模块.ixx:1680: inline const 语素入口节点类* 特征_占用状态() noexcept"	"同名不同功能或约束，禁止直接合并"
"特征_原始需求绑定包"	"2"	"2"	"0"	"2"	"1x 类别=未分类;输入=有自定义类型;输出=指针/引用/句柄;副作用=无明显副作用;领域=外设;约束=noexcept+inline || 1x 类别=未分类;输入=有自定义类型;输出=指针/引用/句柄;副作用=无明显副作用;领域=自我;约束=noexcept+inline"	"1x 专用类/对应头文件：外设 || 1x 专用类/对应头文件：自我"	"自我动作实现.外设模块.ixx:1963: inline const 语素入口节点类* 特征_原始需求绑定包() noexcept || 自我动作实现模块.ixx:1456: inline const 语素入口节点类* 特征_原始需求绑定包() noexcept"	"同名不同功能或约束，禁止直接合并"
"特征_参数值类型"	"2"	"2"	"0"	"2"	"1x 类别=执行;输入=有自定义类型;输出=指针/引用/句柄;副作用=无明显副作用;领域=外设;约束=noexcept+inline || 1x 类别=执行;输入=有自定义类型;输出=指针/引用/句柄;副作用=无明显副作用;领域=自我;约束=noexcept+inline"	"1x 专用类/对应头文件：外设 || 1x 专用类/对应头文件：自我"	"自我动作实现.外设模块.ixx:1127: inline const 语素入口节点类* 特征_参数值类型() noexcept || 自我动作实现模块.ixx:613: inline const 语素入口节点类* 特征_参数值类型() noexcept"	"同名不同功能或约束，禁止直接合并"
"特征_参数新颖性状态"	"2"	"2"	"0"	"2"	"1x 类别=执行;输入=有自定义类型;输出=指针/引用/句柄;副作用=无明显副作用;领域=外设;约束=noexcept+inline || 1x 类别=执行;输入=有自定义类型;输出=指针/引用/句柄;副作用=无明显副作用;领域=自我;约束=noexcept+inline"	"1x 专用类/对应头文件：外设 || 1x 专用类/对应头文件：自我"	"自我动作实现.外设模块.ixx:5708: inline const 语素入口节点类* 特征_参数新颖性状态() noexcept || 自我动作实现模块.ixx:1960: inline const 语素入口节点类* 特征_参数新颖性状态() noexcept"	"同名不同功能或约束，禁止直接合并"
"特征_参数来源"	"2"	"2"	"0"	"2"	"1x 类别=执行;输入=有自定义类型;输出=指针/引用/句柄;副作用=无明显副作用;领域=外设;约束=noexcept+inline || 1x 类别=执行;输入=有自定义类型;输出=指针/引用/句柄;副作用=无明显副作用;领域=自我;约束=noexcept+inline"	"1x 专用类/对应头文件：外设 || 1x 专用类/对应头文件：自我"	"自我动作实现.外设模块.ixx:1120: inline const 语素入口节点类* 特征_参数来源() noexcept || 自我动作实现模块.ixx:606: inline const 语素入口节点类* 特征_参数来源() noexcept"	"同名不同功能或约束，禁止直接合并"
"特征_参数生成序号"	"2"	"2"	"0"	"2"	"1x 类别=生成;输入=有自定义类型;输出=指针/引用/句柄;副作用=无明显副作用;领域=外设;约束=noexcept+inline || 1x 类别=生成;输入=有自定义类型;输出=指针/引用/句柄;副作用=无明显副作用;领域=自我;约束=noexcept+inline"	"1x 专用类/对应头文件：外设 || 1x 专用类/对应头文件：自我"	"自我动作实现.外设模块.ixx:5694: inline const 语素入口节点类* 特征_参数生成序号() noexcept || 自我动作实现模块.ixx:1946: inline const 语素入口节点类* 特征_参数生成序号() noexcept"	"同名不同功能或约束，禁止直接合并"
"特征_参数配对情况"	"2"	"2"	"0"	"2"	"1x 类别=执行;输入=有自定义类型;输出=指针/引用/句柄;副作用=无明显副作用;领域=外设;约束=noexcept+inline || 1x 类别=执行;输入=有自定义类型;输出=指针/引用/句柄;副作用=无明显副作用;领域=自我;约束=noexcept+inline"	"1x 专用类/对应头文件：外设 || 1x 专用类/对应头文件：自我"	"自我动作实现.外设模块.ixx:1865: inline const 语素入口节点类* 特征_参数配对情况() noexcept || 自我动作实现模块.ixx:1358: inline const 语素入口节点类* 特征_参数配对情况() noexcept"	"同名不同功能或约束，禁止直接合并"
"特征_参数配对结果"	"2"	"2"	"0"	"2"	"1x 类别=执行;输入=有自定义类型;输出=指针/引用/句柄;副作用=无明显副作用;领域=外设;约束=noexcept+inline || 1x 类别=执行;输入=有自定义类型;输出=指针/引用/句柄;副作用=无明显副作用;领域=自我;约束=noexcept+inline"	"1x 专用类/对应头文件：外设 || 1x 专用类/对应头文件：自我"	"自我动作实现.外设模块.ixx:1851: inline const 语素入口节点类* 特征_参数配对结果() noexcept || 自我动作实现模块.ixx:1344: inline const 语素入口节点类* 特征_参数配对结果() noexcept"	"同名不同功能或约束，禁止直接合并"
"特征_可执行输入参数场景"	"2"	"2"	"0"	"2"	"1x 类别=执行;输入=有自定义类型;输出=指针/引用/句柄;副作用=无明显副作用;领域=外设;约束=noexcept+inline || 1x 类别=执行;输入=有自定义类型;输出=指针/引用/句柄;副作用=无明显副作用;领域=自我;约束=noexcept+inline"	"1x 专用类/对应头文件：外设 || 1x 专用类/对应头文件：自我"	"自我动作实现.外设模块.ixx:1872: inline const 语素入口节点类* 特征_可执行输入参数场景() noexcept || 自我动作实现模块.ixx:1365: inline const 语素入口节点类* 特征_可执行输入参数场景() noexcept"	"同名不同功能或约束，禁止直接合并"
"特征_可用方法数量"	"2"	"2"	"0"	"2"	"1x 类别=执行;输入=有自定义类型;输出=指针/引用/句柄;副作用=无明显副作用;领域=外设;约束=noexcept+inline || 1x 类别=执行;输入=有自定义类型;输出=指针/引用/句柄;副作用=无明显副作用;领域=自我;约束=noexcept+inline"	"1x 专用类/对应头文件：外设 || 1x 专用类/对应头文件：自我"	"自我动作实现.外设模块.ixx:1676: inline const 语素入口节点类* 特征_可用方法数量() noexcept || 自我动作实现模块.ixx:1169: inline const 语素入口节点类* 特征_可用方法数量() noexcept"	"同名不同功能或约束，禁止直接合并"
"特征_可选条件特征类型数量"	"2"	"2"	"0"	"2"	"1x 类别=执行;输入=有自定义类型;输出=指针/引用/句柄;副作用=无明显副作用;领域=外设;约束=noexcept+inline || 1x 类别=执行;输入=有自定义类型;输出=指针/引用/句柄;副作用=无明显副作用;领域=自我;约束=noexcept+inline"	"1x 专用类/对应头文件：外设 || 1x 专用类/对应头文件：自我"	"自我动作实现.外设模块.ixx:686: inline const 语素入口节点类* 特征_可选条件特征类型数量() noexcept || 自我动作实现模块.ixx:89: inline const 语素入口节点类* 特征_可选条件特征类型数量() noexcept"	"同名不同功能或约束，禁止直接合并"
"特征_启停状态"	"2"	"2"	"0"	"2"	"1x 类别=执行;输入=有自定义类型;输出=指针/引用/句柄;副作用=无明显副作用;领域=外设;约束=noexcept+inline || 1x 类别=执行;输入=有自定义类型;输出=指针/引用/句柄;副作用=无明显副作用;领域=自我;约束=noexcept+inline"	"1x 专用类/对应头文件：外设 || 1x 专用类/对应头文件：自我"	"自我动作实现.外设模块.ixx:2180: inline const 语素入口节点类* 特征_启停状态() noexcept || 自我动作实现模块.ixx:1673: inline const 语素入口节点类* 特征_启停状态() noexcept"	"同名不同功能或约束，禁止直接合并"
"特征_固定参数表"	"2"	"2"	"0"	"2"	"1x 类别=执行;输入=有自定义类型;输出=指针/引用/句柄;副作用=无明显副作用;领域=外设;约束=noexcept+inline || 1x 类别=执行;输入=有自定义类型;输出=指针/引用/句柄;副作用=无明显副作用;领域=自我;约束=noexcept+inline"	"1x 专用类/对应头文件：外设 || 1x 专用类/对应头文件：自我"	"自我动作实现.外设模块.ixx:728: inline const 语素入口节点类* 特征_固定参数表() noexcept || 自我动作实现模块.ixx:131: inline const 语素入口节点类* 特征_固定参数表() noexcept"	"同名不同功能或约束，禁止直接合并"
"特征_场景引用"	"2"	"2"	"0"	"2"	"1x 类别=执行;输入=有自定义类型;输出=指针/引用/句柄;副作用=无明显副作用;领域=外设;约束=noexcept+inline || 1x 类别=执行;输入=有自定义类型;输出=指针/引用/句柄;副作用=无明显副作用;领域=自我;约束=noexcept+inline"	"1x 专用类/对应头文件：外设 || 1x 专用类/对应头文件：自我"	"自我动作实现.外设模块.ixx:1767: inline const 语素入口节点类* 特征_场景引用() noexcept || 自我动作实现模块.ixx:1260: inline const 语素入口节点类* 特征_场景引用() noexcept"	"同名不同功能或约束，禁止直接合并"
"特征_外设可用性"	"2"	"2"	"0"	"2"	"1x 类别=执行;输入=有自定义类型;输出=指针/引用/句柄;副作用=无明显副作用;领域=外设;约束=noexcept+inline || 1x 类别=执行;输入=有自定义类型;输出=指针/引用/句柄;副作用=无明显副作用;领域=自我;约束=noexcept+inline"	"1x 专用类/对应头文件：外设 || 1x 专用类/对应头文件：自我"	"自我动作实现.外设模块.ixx:2166: inline const 语素入口节点类* 特征_外设可用性() noexcept || 自我动作实现模块.ixx:1659: inline const 语素入口节点类* 特征_外设可用性() noexcept"	"同名不同功能或约束，禁止直接合并"
"特征_外设扫描结果场景状态"	"2"	"2"	"0"	"2"	"1x 类别=比较;输入=有自定义类型;输出=指针/引用/句柄;副作用=无明显副作用;领域=外设;约束=noexcept+inline || 1x 类别=比较;输入=有自定义类型;输出=指针/引用/句柄;副作用=无明显副作用;领域=自我;约束=noexcept+inline"	"1x 专用类/对应头文件：外设 || 1x 专用类/对应头文件：自我"	"自我动作实现.外设模块.ixx:4644: inline const 语素入口节点类* 特征_外设扫描结果场景状态() noexcept || 自我动作实现.扫描.ixx:751: inline const 语素入口节点类* 特征_外设扫描结果场景状态() noexcept"	"同名不同功能或约束，禁止直接合并"
"特征_外设观察报告ID"	"2"	"2"	"0"	"2"	"1x 类别=执行;输入=有自定义类型;输出=指针/引用/句柄;副作用=无明显副作用;领域=外设;约束=noexcept+inline || 1x 类别=执行;输入=有自定义类型;输出=指针/引用/句柄;副作用=无明显副作用;领域=自我;约束=noexcept+inline"	"1x 专用类/对应头文件：外设 || 1x 专用类/对应头文件：自我"	"自我动作实现.外设模块.ixx:4504: inline const 语素入口节点类* 特征_外设观察报告ID() noexcept || 自我动作实现.扫描.ixx:467: inline const 语素入口节点类* 特征_外设观察报告ID() noexcept"	"同名不同功能或约束，禁止直接合并"
"特征_失败原因"	"2"	"2"	"0"	"2"	"1x 类别=执行;输入=有自定义类型;输出=指针/引用/句柄;副作用=无明显副作用;领域=外设;约束=noexcept+inline || 1x 类别=执行;输入=有自定义类型;输出=指针/引用/句柄;副作用=无明显副作用;领域=自我;约束=noexcept+inline"	"1x 专用类/对应头文件：外设 || 1x 专用类/对应头文件：自我"	"自我动作实现.外设模块.ixx:2019: inline const 语素入口节点类* 特征_失败原因() noexcept || 自我动作实现模块.ixx:1512: inline const 语素入口节点类* 特征_失败原因() noexcept"	"同名不同功能或约束，禁止直接合并"
"特征_存在引用"	"2"	"2"	"0"	"2"	"1x 类别=执行;输入=有自定义类型;输出=指针/引用/句柄;副作用=无明显副作用;领域=外设;约束=noexcept+inline || 1x 类别=执行;输入=有自定义类型;输出=指针/引用/句柄;副作用=无明显副作用;领域=自我;约束=noexcept+inline"	"1x 专用类/对应头文件：外设 || 1x 专用类/对应头文件：自我"	"自我动作实现.外设模块.ixx:1760: inline const 语素入口节点类* 特征_存在引用() noexcept || 自我动作实现模块.ixx:1253: inline const 语素入口节点类* 特征_存在引用() noexcept"	"同名不同功能或约束，禁止直接合并"
"特征_安全值"	"2"	"2"	"0"	"2"	"1x 类别=执行;输入=有自定义类型;输出=指针/引用/句柄;副作用=无明显副作用;领域=外设;约束=noexcept+inline || 1x 类别=执行;输入=有自定义类型;输出=指针/引用/句柄;副作用=无明显副作用;领域=自我;约束=noexcept+inline"	"1x 专用类/对应头文件：外设 || 1x 专用类/对应头文件：自我"	"自我动作实现.外设模块.ixx:1650: inline const 语素入口节点类* 特征_安全值() noexcept || 自我动作实现模块.ixx:1143: inline const 语素入口节点类* 特征_安全值() noexcept"	"同名不同功能或约束，禁止直接合并"
"特征_安全结算增量"	"2"	"2"	"0"	"2"	"1x 类别=未分类;输入=有自定义类型;输出=指针/引用/句柄;副作用=无明显副作用;领域=外设;约束=noexcept+inline || 1x 类别=未分类;输入=有自定义类型;输出=指针/引用/句柄;副作用=无明显副作用;领域=自我;约束=noexcept+inline"	"1x 专用类/对应头文件：外设 || 1x 专用类/对应头文件：自我"	"自我动作实现.外设模块.ixx:812: inline const 语素入口节点类* 特征_安全结算增量() noexcept || 自我动作实现模块.ixx:292: inline const 语素入口节点类* 特征_安全结算增量() noexcept"	"同名不同功能或约束，禁止直接合并"
"特征_实例缺失策略"	"2"	"2"	"0"	"2"	"1x 类别=执行;输入=有自定义类型;输出=指针/引用/句柄;副作用=无明显副作用;领域=外设;约束=noexcept+inline || 1x 类别=执行;输入=有自定义类型;输出=指针/引用/句柄;副作用=无明显副作用;领域=自我;约束=noexcept+inline"	"1x 专用类/对应头文件：外设 || 1x 专用类/对应头文件：自我"	"自我动作实现.外设模块.ixx:5540: inline const 语素入口节点类* 特征_实例缺失策略() noexcept || 自我动作实现模块.ixx:1792: inline const 语素入口节点类* 特征_实例缺失策略() noexcept"	"同名不同功能或约束，禁止直接合并"
"特征_实参生成策略"	"2"	"2"	"0"	"2"	"1x 类别=生成;输入=有自定义类型;输出=指针/引用/句柄;副作用=无明显副作用;领域=外设;约束=noexcept+inline || 1x 类别=生成;输入=有自定义类型;输出=指针/引用/句柄;副作用=无明显副作用;领域=自我;约束=noexcept+inline"	"1x 专用类/对应头文件：外设 || 1x 专用类/对应头文件：自我"	"自我动作实现.外设模块.ixx:5701: inline const 语素入口节点类* 特征_实参生成策略() noexcept || 自我动作实现模块.ixx:1953: inline const 语素入口节点类* 特征_实参生成策略() noexcept"	"同名不同功能或约束，禁止直接合并"
"特征_实际执行差值"	"2"	"2"	"0"	"2"	"1x 类别=执行;输入=有自定义类型;输出=指针/引用/句柄;副作用=无明显副作用;领域=外设;约束=noexcept+inline || 1x 类别=执行;输入=有自定义类型;输出=指针/引用/句柄;副作用=无明显副作用;领域=自我;约束=noexcept+inline"	"1x 专用类/对应头文件：外设 || 1x 专用类/对应头文件：自我"	"自我动作实现.外设模块.ixx:5568: inline const 语素入口节点类* 特征_实际执行差值() noexcept || 自我动作实现模块.ixx:1820: inline const 语素入口节点类* 特征_实际执行差值() noexcept"	"同名不同功能或约束，禁止直接合并"
"特征_实际结果状态"	"2"	"2"	"0"	"2"	"1x 类别=执行;输入=有自定义类型;输出=指针/引用/句柄;副作用=无明显副作用;领域=外设;约束=noexcept+inline || 1x 类别=执行;输入=有自定义类型;输出=指针/引用/句柄;副作用=无明显副作用;领域=自我;约束=noexcept+inline"	"1x 专用类/对应头文件：外设 || 1x 专用类/对应头文件：自我"	"自我动作实现.外设模块.ixx:833: inline const 语素入口节点类* 特征_实际结果状态() noexcept || 自我动作实现模块.ixx:313: inline const 语素入口节点类* 特征_实际结果状态() noexcept"	"同名不同功能或约束，禁止直接合并"
"特征_差值命中状态"	"2"	"2"	"0"	"2"	"1x 类别=比较;输入=有自定义类型;输出=指针/引用/句柄;副作用=无明显副作用;领域=外设;约束=noexcept+inline || 1x 类别=比较;输入=有自定义类型;输出=指针/引用/句柄;副作用=无明显副作用;领域=自我;约束=noexcept+inline"	"1x 专用类/对应头文件：外设 || 1x 专用类/对应头文件：自我"	"自我动作实现.外设模块.ixx:5575: inline const 语素入口节点类* 特征_差值命中状态() noexcept || 自我动作实现模块.ixx:1827: inline const 语素入口节点类* 特征_差值命中状态() noexcept"	"同名不同功能或约束，禁止直接合并"
"特征_差值约束包"	"2"	"2"	"0"	"2"	"1x 类别=执行;输入=有自定义类型;输出=指针/引用/句柄;副作用=无明显副作用;领域=外设;约束=noexcept+inline || 1x 类别=执行;输入=有自定义类型;输出=指针/引用/句柄;副作用=无明显副作用;领域=自我;约束=noexcept+inline"	"1x 专用类/对应头文件：外设 || 1x 专用类/对应头文件：自我"	"自我动作实现.外设模块.ixx:5505: inline const 语素入口节点类* 特征_差值约束包() noexcept || 自我动作实现模块.ixx:1757: inline const 语素入口节点类* 特征_差值约束包() noexcept"	"同名不同功能或约束，禁止直接合并"
"特征_已绑定实参表"	"2"	"2"	"0"	"2"	"1x 类别=未分类;输入=有自定义类型;输出=指针/引用/句柄;副作用=无明显副作用;领域=外设;约束=noexcept+inline || 1x 类别=未分类;输入=有自定义类型;输出=指针/引用/句柄;副作用=无明显副作用;领域=自我;约束=noexcept+inline"	"1x 专用类/对应头文件：外设 || 1x 专用类/对应头文件：自我"	"自我动作实现.外设模块.ixx:1113: inline const 语素入口节点类* 特征_已绑定实参表() noexcept || 自我动作实现模块.ixx:599: inline const 语素入口节点类* 特征_已绑定实参表() noexcept"	"同名不同功能或约束，禁止直接合并"
"特征_已识别区域扫描入账状态"	"2"	"2"	"0"	"2"	"1x 类别=比较;输入=有自定义类型;输出=指针/引用/句柄;副作用=无明显副作用;领域=外设;约束=noexcept+inline || 1x 类别=比较;输入=有自定义类型;输出=指针/引用/句柄;副作用=无明显副作用;领域=自我;约束=noexcept+inline"	"1x 专用类/对应头文件：外设 || 1x 专用类/对应头文件：自我"	"自我动作实现.外设模块.ixx:4679: inline const 语素入口节点类* 特征_已识别区域扫描入账状态() noexcept || 自我动作实现.扫描.ixx:737: inline const 语素入口节点类* 特征_已识别区域扫描入账状态() noexcept"	"同名不同功能或约束，禁止直接合并"
"特征_平均运行时长"	"2"	"2"	"0"	"2"	"1x 类别=执行;输入=有自定义类型;输出=指针/引用/句柄;副作用=无明显副作用;领域=外设;约束=noexcept+inline || 1x 类别=执行;输入=有自定义类型;输出=指针/引用/句柄;副作用=无明显副作用;领域=自我;约束=noexcept+inline"	"1x 专用类/对应头文件：外设 || 1x 专用类/对应头文件：自我"	"自我动作实现.外设模块.ixx:1232: inline const 语素入口节点类* 特征_平均运行时长() noexcept || 自我动作实现模块.ixx:725: inline const 语素入口节点类* 特征_平均运行时长() noexcept"	"同名不同功能或约束，禁止直接合并"
"特征_建议任务状态"	"2"	"2"	"0"	"2"	"1x 类别=执行;输入=有自定义类型;输出=指针/引用/句柄;副作用=无明显副作用;领域=外设;约束=noexcept+inline || 1x 类别=执行;输入=有自定义类型;输出=指针/引用/句柄;副作用=无明显副作用;领域=自我;约束=noexcept+inline"	"1x 专用类/对应头文件：外设 || 1x 专用类/对应头文件：自我"	"自我动作实现.外设模块.ixx:945: inline const 语素入口节点类* 特征_建议任务状态() noexcept || 自我动作实现模块.ixx:431: inline const 语素入口节点类* 特征_建议任务状态() noexcept"	"同名不同功能或约束，禁止直接合并"
"特征_建议任务阶段"	"2"	"2"	"0"	"2"	"1x 类别=执行;输入=有自定义类型;输出=指针/引用/句柄;副作用=无明显副作用;领域=外设;约束=noexcept+inline || 1x 类别=执行;输入=有自定义类型;输出=指针/引用/句柄;副作用=无明显副作用;领域=自我;约束=noexcept+inline"	"1x 专用类/对应头文件：外设 || 1x 专用类/对应头文件：自我"	"自我动作实现.外设模块.ixx:952: inline const 语素入口节点类* 特征_建议任务阶段() noexcept || 自我动作实现模块.ixx:438: inline const 语素入口节点类* 特征_建议任务阶段() noexcept"	"同名不同功能或约束，禁止直接合并"
"特征_当前交互者明确状态"	"2"	"2"	"0"	"2"	"1x 类别=执行;输入=有自定义类型;输出=指针/引用/句柄;副作用=无明显副作用;领域=外设;约束=noexcept+inline || 1x 类别=执行;输入=有自定义类型;输出=指针/引用/句柄;副作用=无明显副作用;领域=自我;约束=noexcept+inline"	"1x 专用类/对应头文件：外设 || 1x 专用类/对应头文件：自我"	"自我动作实现.外设模块.ixx:5897: inline const 语素入口节点类* 特征_当前交互者明确状态() noexcept || 自我动作实现模块.ixx:2170: inline const 语素入口节点类* 特征_当前交互者明确状态() noexcept"	"同名不同功能或约束，禁止直接合并"
"特征_当前人类服务对象明确状态"	"2"	"2"	"0"	"2"	"1x 类别=执行;输入=有自定义类型;输出=指针/引用/句柄;副作用=无明显副作用;领域=外设;约束=noexcept+inline || 1x 类别=执行;输入=有自定义类型;输出=指针/引用/句柄;副作用=无明显副作用;领域=自我;约束=noexcept+inline"	"1x 专用类/对应头文件：外设 || 1x 专用类/对应头文件：自我"	"自我动作实现.外设模块.ixx:5904: inline const 语素入口节点类* 特征_当前人类服务对象明确状态() noexcept || 自我动作实现模块.ixx:2177: inline const 语素入口节点类* 特征_当前人类服务对象明确状态() noexcept"	"同名不同功能或约束，禁止直接合并"
"特征_当前值"	"2"	"2"	"0"	"2"	"1x 类别=执行;输入=有自定义类型;输出=指针/引用/句柄;副作用=无明显副作用;领域=外设;约束=noexcept+inline || 1x 类别=执行;输入=有自定义类型;输出=指针/引用/句柄;副作用=无明显副作用;领域=自我;约束=noexcept+inline"	"1x 专用类/对应头文件：外设 || 1x 专用类/对应头文件：自我"	"自我动作实现.外设模块.ixx:1099: inline const 语素入口节点类* 特征_当前值() noexcept || 自我动作实现模块.ixx:585: inline const 语素入口节点类* 特征_当前值() noexcept"	"同名不同功能或约束，禁止直接合并"
"特征_当前命中抽象特征"	"2"	"2"	"0"	"2"	"1x 类别=比较;输入=有自定义类型;输出=指针/引用/句柄;副作用=无明显副作用;领域=外设;约束=noexcept+inline || 1x 类别=比较;输入=有自定义类型;输出=指针/引用/句柄;副作用=无明显副作用;领域=自我;约束=noexcept+inline"	"1x 专用类/对应头文件：外设 || 1x 专用类/对应头文件：自我"	"自我动作实现.外设模块.ixx:5589: inline const 语素入口节点类* 特征_当前命中抽象特征() noexcept || 自我动作实现模块.ixx:1841: inline const 语素入口节点类* 特征_当前命中抽象特征() noexcept"	"同名不同功能或约束，禁止直接合并"
"特征_当前方法执行情况"	"2"	"2"	"0"	"2"	"1x 类别=执行;输入=有自定义类型;输出=指针/引用/句柄;副作用=无明显副作用;领域=外设;约束=noexcept+inline || 1x 类别=执行;输入=有自定义类型;输出=指针/引用/句柄;副作用=无明显副作用;领域=自我;约束=noexcept+inline"	"1x 专用类/对应头文件：外设 || 1x 专用类/对应头文件：自我"	"自我动作实现.外设模块.ixx:1043: inline const 语素入口节点类* 特征_当前方法执行情况() noexcept || 自我动作实现模块.ixx:529: inline const 语素入口节点类* 特征_当前方法执行情况() noexcept"	"同名不同功能或约束，禁止直接合并"
"特征_当前服务目标明确状态"	"2"	"2"	"0"	"2"	"1x 类别=执行;输入=有自定义类型;输出=指针/引用/句柄;副作用=无明显副作用;领域=外设;约束=noexcept+inline || 1x 类别=执行;输入=有自定义类型;输出=指针/引用/句柄;副作用=无明显副作用;领域=自我;约束=noexcept+inline"	"1x 专用类/对应头文件：外设 || 1x 专用类/对应头文件：自我"	"自我动作实现.外设模块.ixx:5918: inline const 语素入口节点类* 特征_当前服务目标明确状态() noexcept || 自我动作实现模块.ixx:2191: inline const 语素入口节点类* 特征_当前服务目标明确状态() noexcept"	"同名不同功能或约束，禁止直接合并"
"特征_当前权限者明确状态"	"2"	"2"	"0"	"2"	"1x 类别=执行;输入=有自定义类型;输出=指针/引用/句柄;副作用=无明显副作用;领域=外设;约束=noexcept+inline || 1x 类别=执行;输入=有自定义类型;输出=指针/引用/句柄;副作用=无明显副作用;领域=自我;约束=noexcept+inline"	"1x 专用类/对应头文件：外设 || 1x 专用类/对应头文件：自我"	"自我动作实现.外设模块.ixx:5911: inline const 语素入口节点类* 特征_当前权限者明确状态() noexcept || 自我动作实现模块.ixx:2184: inline const 语素入口节点类* 特征_当前权限者明确状态() noexcept"	"同名不同功能或约束，禁止直接合并"
"特征_当前观察场景"	"2"	"2"	"0"	"2"	"1x 类别=执行;输入=有自定义类型;输出=指针/引用/句柄;副作用=无明显副作用;领域=外设;约束=noexcept+inline || 1x 类别=执行;输入=有自定义类型;输出=指针/引用/句柄;副作用=无明显副作用;领域=自我;约束=noexcept+inline"	"1x 专用类/对应头文件：外设 || 1x 专用类/对应头文件：自我"	"自我动作实现.外设模块.ixx:2194: inline const 语素入口节点类* 特征_当前观察场景() noexcept || 自我动作实现模块.ixx:1687: inline const 语素入口节点类* 特征_当前观察场景() noexcept"	"同名不同功能或约束，禁止直接合并"
"特征_彩色帧号"	"2"	"2"	"0"	"2"	"1x 类别=执行;输入=有自定义类型;输出=指针/引用/句柄;副作用=无明显副作用;领域=外设;约束=noexcept+inline || 1x 类别=执行;输入=有自定义类型;输出=指针/引用/句柄;副作用=无明显副作用;领域=自我;约束=noexcept+inline"	"1x 专用类/对应头文件：外设 || 1x 专用类/对应头文件：自我"	"自我动作实现.外设模块.ixx:2390: inline const 语素入口节点类* 特征_彩色帧号() noexcept || 自我动作实现模块.ixx:1729: inline const 语素入口节点类* 特征_彩色帧号() noexcept"	"同名不同功能或约束，禁止直接合并"
"特征_待处理方法数量"	"2"	"2"	"0"	"2"	"1x 类别=执行;输入=有自定义类型;输出=指针/引用/句柄;副作用=无明显副作用;领域=外设;约束=noexcept+inline || 1x 类别=执行;输入=有自定义类型;输出=指针/引用/句柄;副作用=无明显副作用;领域=自我;约束=noexcept+inline"	"1x 专用类/对应头文件：外设 || 1x 专用类/对应头文件：自我"	"自我动作实现.外设模块.ixx:1669: inline const 语素入口节点类* 特征_待处理方法数量() noexcept || 自我动作实现模块.ixx:1162: inline const 语素入口节点类* 特征_待处理方法数量() noexcept"	"同名不同功能或约束，禁止直接合并"
"特征_待配对形参表"	"2"	"2"	"0"	"2"	"1x 类别=执行;输入=有自定义类型;输出=指针/引用/句柄;副作用=无明显副作用;领域=外设;约束=noexcept+inline || 1x 类别=执行;输入=有自定义类型;输出=指针/引用/句柄;副作用=无明显副作用;领域=自我;约束=noexcept+inline"	"1x 专用类/对应头文件：外设 || 1x 专用类/对应头文件：自我"	"自我动作实现.外设模块.ixx:1998: inline const 语素入口节点类* 特征_待配对形参表() noexcept || 自我动作实现模块.ixx:1491: inline const 语素入口节点类* 特征_待配对形参表() noexcept"	"同名不同功能或约束，禁止直接合并"
"特征_必需条件特征类型数量"	"2"	"2"	"0"	"2"	"1x 类别=执行;输入=有自定义类型;输出=指针/引用/句柄;副作用=无明显副作用;领域=外设;约束=noexcept+inline || 1x 类别=执行;输入=有自定义类型;输出=指针/引用/句柄;副作用=无明显副作用;领域=自我;约束=noexcept+inline"	"1x 专用类/对应头文件：外设 || 1x 专用类/对应头文件：自我"	"自我动作实现.外设模块.ixx:679: inline const 语素入口节点类* 特征_必需条件特征类型数量() noexcept || 自我动作实现模块.ixx:82: inline const 语素入口节点类* 特征_必需条件特征类型数量() noexcept"	"同名不同功能或约束，禁止直接合并"
"特征_总匹配距离"	"2"	"2"	"0"	"2"	"1x 类别=比较;输入=有自定义类型;输出=指针/引用/句柄;副作用=无明显副作用;领域=外设;约束=noexcept+inline || 1x 类别=比较;输入=有自定义类型;输出=指针/引用/句柄;副作用=无明显副作用;领域=自我;约束=noexcept+inline"	"1x 专用类/对应头文件：外设 || 1x 专用类/对应头文件：自我"	"自我动作实现.外设模块.ixx:1991: inline const 语素入口节点类* 特征_总匹配距离() noexcept || 自我动作实现模块.ixx:1484: inline const 语素入口节点类* 特征_总匹配距离() noexcept"	"同名不同功能或约束，禁止直接合并"
"特征_成功匹配数量"	"2"	"2"	"0"	"2"	"1x 类别=比较;输入=有自定义类型;输出=指针/引用/句柄;副作用=无明显副作用;领域=外设;约束=noexcept+inline || 1x 类别=比较;输入=有自定义类型;输出=指针/引用/句柄;副作用=无明显副作用;领域=自我;约束=noexcept+inline"	"1x 专用类/对应头文件：外设 || 1x 专用类/对应头文件：自我"	"自我动作实现.外设模块.ixx:2012: inline const 语素入口节点类* 特征_成功匹配数量() noexcept || 自我动作实现模块.ixx:1505: inline const 语素入口节点类* 特征_成功匹配数量() noexcept"	"同名不同功能或约束，禁止直接合并"
"特征_执行前值"	"2"	"2"	"0"	"2"	"1x 类别=执行;输入=有自定义类型;输出=指针/引用/句柄;副作用=无明显副作用;领域=外设;约束=noexcept+inline || 1x 类别=执行;输入=有自定义类型;输出=指针/引用/句柄;副作用=无明显副作用;领域=自我;约束=noexcept+inline"	"1x 专用类/对应头文件：外设 || 1x 专用类/对应头文件：自我"	"自我动作实现.外设模块.ixx:1615: inline const 语素入口节点类* 特征_执行前值() noexcept || 自我动作实现模块.ixx:1108: inline const 语素入口节点类* 特征_执行前值() noexcept"	"同名不同功能或约束，禁止直接合并"
"特征_执行前值快照"	"2"	"2"	"0"	"2"	"1x 类别=执行;输入=有自定义类型;输出=指针/引用/句柄;副作用=无明显副作用;领域=外设;约束=noexcept+inline || 1x 类别=执行;输入=有自定义类型;输出=指针/引用/句柄;副作用=无明显副作用;领域=自我;约束=noexcept+inline"	"1x 专用类/对应头文件：外设 || 1x 专用类/对应头文件：自我"	"自我动作实现.外设模块.ixx:5526: inline const 语素入口节点类* 特征_执行前值快照() noexcept || 自我动作实现模块.ixx:1778: inline const 语素入口节点类* 特征_执行前值快照() noexcept"	"同名不同功能或约束，禁止直接合并"
"特征_执行后值"	"2"	"2"	"0"	"2"	"1x 类别=执行;输入=有自定义类型;输出=指针/引用/句柄;副作用=无明显副作用;领域=外设;约束=noexcept+inline || 1x 类别=执行;输入=有自定义类型;输出=指针/引用/句柄;副作用=无明显副作用;领域=自我;约束=noexcept+inline"	"1x 专用类/对应头文件：外设 || 1x 专用类/对应头文件：自我"	"自我动作实现.外设模块.ixx:1622: inline const 语素入口节点类* 特征_执行后值() noexcept || 自我动作实现模块.ixx:1115: inline const 语素入口节点类* 特征_执行后值() noexcept"	"同名不同功能或约束，禁止直接合并"
"特征_执行回执表"	"2"	"2"	"0"	"2"	"1x 类别=执行;输入=有自定义类型;输出=指针/引用/句柄;副作用=无明显副作用;领域=外设;约束=noexcept+inline || 1x 类别=执行;输入=有自定义类型;输出=指针/引用/句柄;副作用=无明显副作用;领域=自我;约束=noexcept+inline"	"1x 专用类/对应头文件：外设 || 1x 专用类/对应头文件：自我"	"自我动作实现.外设模块.ixx:931: inline const 语素入口节点类* 特征_执行回执表() noexcept || 自我动作实现模块.ixx:417: inline const 语素入口节点类* 特征_执行回执表() noexcept"	"同名不同功能或约束，禁止直接合并"
"特征_执行结果类型"	"2"	"2"	"0"	"2"	"1x 类别=执行;输入=有自定义类型;输出=指针/引用/句柄;副作用=无明显副作用;领域=外设;约束=noexcept+inline || 1x 类别=执行;输入=有自定义类型;输出=指针/引用/句柄;副作用=无明显副作用;领域=自我;约束=noexcept+inline"	"1x 专用类/对应头文件：外设 || 1x 专用类/对应头文件：自我"	"自我动作实现.外设模块.ixx:987: inline const 语素入口节点类* 特征_执行结果类型() noexcept || 自我动作实现模块.ixx:473: inline const 语素入口节点类* 特征_执行结果类型() noexcept"	"同名不同功能或约束，禁止直接合并"
"特征_执行缺口类型"	"2"	"2"	"0"	"2"	"1x 类别=执行;输入=有自定义类型;输出=指针/引用/句柄;副作用=无明显副作用;领域=外设;约束=noexcept+inline || 1x 类别=执行;输入=有自定义类型;输出=指针/引用/句柄;副作用=无明显副作用;领域=自我;约束=noexcept+inline"	"1x 专用类/对应头文件：外设 || 1x 专用类/对应头文件：自我"	"自我动作实现.外设模块.ixx:1001: inline const 语素入口节点类* 特征_执行缺口类型() noexcept || 自我动作实现模块.ixx:487: inline const 语素入口节点类* 特征_执行缺口类型() noexcept"	"同名不同功能或约束，禁止直接合并"
"特征_抽象特征引用"	"2"	"2"	"0"	"2"	"1x 类别=执行;输入=有自定义类型;输出=指针/引用/句柄;副作用=无明显副作用;领域=外设;约束=noexcept+inline || 1x 类别=执行;输入=有自定义类型;输出=指针/引用/句柄;副作用=无明显副作用;领域=自我;约束=noexcept+inline"	"1x 专用类/对应头文件：外设 || 1x 专用类/对应头文件：自我"	"自我动作实现.外设模块.ixx:1753: inline const 语素入口节点类* 特征_抽象特征引用() noexcept || 自我动作实现模块.ixx:1246: inline const 语素入口节点类* 特征_抽象特征引用() noexcept"	"同名不同功能或约束，禁止直接合并"
"特征_改变方向"	"2"	"2"	"0"	"2"	"1x 类别=执行;输入=有自定义类型;输出=指针/引用/句柄;副作用=无明显副作用;领域=外设;约束=noexcept+inline || 1x 类别=执行;输入=有自定义类型;输出=指针/引用/句柄;副作用=无明显副作用;领域=自我;约束=noexcept+inline"	"1x 专用类/对应头文件：外设 || 1x 专用类/对应头文件：自我"	"自我动作实现.外设模块.ixx:1106: inline const 语素入口节点类* 特征_改变方向() noexcept || 自我动作实现模块.ixx:592: inline const 语素入口节点类* 特征_改变方向() noexcept"	"同名不同功能或约束，禁止直接合并"
"特征_改变量"	"2"	"2"	"0"	"2"	"1x 类别=执行;输入=有自定义类型;输出=指针/引用/句柄;副作用=无明显副作用;领域=外设;约束=noexcept+inline || 1x 类别=执行;输入=有自定义类型;输出=指针/引用/句柄;副作用=无明显副作用;领域=自我;约束=noexcept+inline"	"1x 专用类/对应头文件：外设 || 1x 专用类/对应头文件：自我"	"自我动作实现.外设模块.ixx:1656: inline const 语素入口节点类* 特征_改变量() noexcept || 自我动作实现模块.ixx:1149: inline const 语素入口节点类* 特征_改变量() noexcept"	"同名不同功能或约束，禁止直接合并"
"特征_效果表"	"2"	"2"	"0"	"2"	"1x 类别=执行;输入=有自定义类型;输出=指针/引用/句柄;副作用=无明显副作用;领域=外设;约束=noexcept+inline || 1x 类别=执行;输入=有自定义类型;输出=指针/引用/句柄;副作用=无明显副作用;领域=自我;约束=noexcept+inline"	"1x 专用类/对应头文件：外设 || 1x 专用类/对应头文件：自我"	"自我动作实现.外设模块.ixx:742: inline const 语素入口节点类* 特征_效果表() noexcept || 自我动作实现模块.ixx:145: inline const 语素入口节点类* 特征_效果表() noexcept"	"同名不同功能或约束，禁止直接合并"
"特征_新安全值"	"2"	"2"	"0"	"2"	"1x 类别=执行;输入=有自定义类型;输出=指针/引用/句柄;副作用=无明显副作用;领域=外设;约束=noexcept+inline || 1x 类别=执行;输入=有自定义类型;输出=指针/引用/句柄;副作用=无明显副作用;领域=自我;约束=noexcept+inline"	"1x 专用类/对应头文件：外设 || 1x 专用类/对应头文件：自我"	"自我动作实现.外设模块.ixx:882: inline const 语素入口节点类* 特征_新安全值() noexcept || 自我动作实现模块.ixx:362: inline const 语素入口节点类* 特征_新安全值() noexcept"	"同名不同功能或约束，禁止直接合并"
"特征_新服务值"	"2"	"2"	"0"	"2"	"1x 类别=执行;输入=有自定义类型;输出=指针/引用/句柄;副作用=无明显副作用;领域=外设;约束=noexcept+inline || 1x 类别=执行;输入=有自定义类型;输出=指针/引用/句柄;副作用=无明显副作用;领域=自我;约束=noexcept+inline"	"1x 专用类/对应头文件：外设 || 1x 专用类/对应头文件：自我"	"自我动作实现.外设模块.ixx:896: inline const 语素入口节点类* 特征_新服务值() noexcept || 自我动作实现模块.ixx:376: inline const 语素入口节点类* 特征_新服务值() noexcept"	"同名不同功能或约束，禁止直接合并"
"特征_方法动作状态"	"2"	"2"	"0"	"2"	"1x 类别=执行;输入=有自定义类型;输出=指针/引用/句柄;副作用=无明显副作用;领域=外设;约束=noexcept+inline || 1x 类别=执行;输入=有自定义类型;输出=指针/引用/句柄;副作用=无明显副作用;领域=自我;约束=noexcept+inline"	"1x 专用类/对应头文件：外设 || 1x 专用类/对应头文件：自我"	"自我动作实现.外设模块.ixx:5819: inline const 语素入口节点类* 特征_方法动作状态() noexcept || 自我动作实现模块.ixx:2071: inline const 语素入口节点类* 特征_方法动作状态() noexcept"	"同名不同功能或约束，禁止直接合并"
"特征_方法可执行入口数量"	"2"	"2"	"0"	"2"	"1x 类别=执行;输入=有自定义类型;输出=指针/引用/句柄;副作用=无明显副作用;领域=外设;约束=noexcept+inline || 1x 类别=执行;输入=有自定义类型;输出=指针/引用/句柄;副作用=无明显副作用;领域=自我;约束=noexcept+inline"	"1x 专用类/对应头文件：外设 || 1x 专用类/对应头文件：自我"	"自我动作实现.外设模块.ixx:5826: inline const 语素入口节点类* 特征_方法可执行入口数量() noexcept || 自我动作实现模块.ixx:2085: inline const 语素入口节点类* 特征_方法可执行入口数量() noexcept"	"同名不同功能或约束，禁止直接合并"
"特征_方法成功次数"	"2"	"2"	"0"	"2"	"1x 类别=执行;输入=有自定义类型;输出=指针/引用/句柄;副作用=无明显副作用;领域=外设;约束=noexcept+inline || 1x 类别=执行;输入=有自定义类型;输出=指针/引用/句柄;副作用=无明显副作用;领域=自我;约束=noexcept+inline"	"1x 专用类/对应头文件：外设 || 1x 专用类/对应头文件：自我"	"自我动作实现.外设模块.ixx:1211: inline const 语素入口节点类* 特征_方法成功次数() noexcept || 自我动作实现模块.ixx:704: inline const 语素入口节点类* 特征_方法成功次数() noexcept"	"同名不同功能或约束，禁止直接合并"
"特征_方法执行情况"	"2"	"2"	"0"	"2"	"1x 类别=执行;输入=有自定义类型;输出=指针/引用/句柄;副作用=无明显副作用;领域=外设;约束=noexcept+inline || 1x 类别=执行;输入=有自定义类型;输出=指针/引用/句柄;副作用=无明显副作用;领域=自我;约束=noexcept+inline"	"1x 专用类/对应头文件：外设 || 1x 专用类/对应头文件：自我"	"自我动作实现.外设模块.ixx:1330: inline const 语素入口节点类* 特征_方法执行情况() noexcept || 自我动作实现模块.ixx:823: inline const 语素入口节点类* 特征_方法执行情况() noexcept"	"同名不同功能或约束，禁止直接合并"
"特征_方法搜索根"	"2"	"2"	"0"	"2"	"1x 类别=未分类;输入=有自定义类型;输出=指针/引用/句柄;副作用=无明显副作用;领域=外设;约束=noexcept+inline || 1x 类别=未分类;输入=有自定义类型;输出=指针/引用/句柄;副作用=无明显副作用;领域=自我;约束=noexcept+inline"	"1x 专用类/对应头文件：外设 || 1x 专用类/对应头文件：自我"	"自我动作实现.外设模块.ixx:1704: inline const 语素入口节点类* 特征_方法搜索根() noexcept || 自我动作实现模块.ixx:1197: inline const 语素入口节点类* 特征_方法搜索根() noexcept"	"同名不同功能或约束，禁止直接合并"
"特征_方法最近连续成功次数"	"2"	"2"	"0"	"2"	"1x 类别=执行;输入=有自定义类型;输出=指针/引用/句柄;副作用=无明显副作用;领域=外设;约束=noexcept+inline || 1x 类别=执行;输入=有自定义类型;输出=指针/引用/句柄;副作用=无明显副作用;领域=自我;约束=noexcept+inline"	"1x 专用类/对应头文件：外设 || 1x 专用类/对应头文件：自我"	"自我动作实现.外设模块.ixx:1218: inline const 语素入口节点类* 特征_方法最近连续成功次数() noexcept || 自我动作实现模块.ixx:711: inline const 语素入口节点类* 特征_方法最近连续成功次数() noexcept"	"同名不同功能或约束，禁止直接合并"
"特征_方法条件结果配对状态"	"2"	"2"	"0"	"2"	"1x 类别=执行;输入=有自定义类型;输出=指针/引用/句柄;副作用=无明显副作用;领域=外设;约束=noexcept+inline || 1x 类别=执行;输入=有自定义类型;输出=指针/引用/句柄;副作用=无明显副作用;领域=自我;约束=noexcept+inline"	"1x 专用类/对应头文件：外设 || 1x 专用类/对应头文件：自我"	"自我动作实现.外设模块.ixx:5833: inline const 语素入口节点类* 特征_方法条件结果配对状态() noexcept || 自我动作实现模块.ixx:2099: inline const 语素入口节点类* 特征_方法条件结果配对状态() noexcept"	"同名不同功能或约束，禁止直接合并"
"特征_方法条件节点"	"2"	"2"	"0"	"2"	"1x 类别=执行;输入=有自定义类型;输出=指针/引用/句柄;副作用=无明显副作用;领域=外设;约束=noexcept+inline || 1x 类别=执行;输入=有自定义类型;输出=指针/引用/句柄;副作用=无明显副作用;领域=自我;约束=noexcept+inline"	"1x 专用类/对应头文件：外设 || 1x 专用类/对应头文件：自我"	"自我动作实现.外设模块.ixx:1636: inline const 语素入口节点类* 特征_方法条件节点() noexcept || 自我动作实现模块.ixx:1129: inline const 语素入口节点类* 特征_方法条件节点() noexcept"	"同名不同功能或约束，禁止直接合并"
"特征_方法稳定状态"	"2"	"2"	"0"	"2"	"1x 类别=执行;输入=有自定义类型;输出=指针/引用/句柄;副作用=无明显副作用;领域=外设;约束=noexcept+inline || 1x 类别=执行;输入=有自定义类型;输出=指针/引用/句柄;副作用=无明显副作用;领域=自我;约束=noexcept+inline"	"1x 专用类/对应头文件：外设 || 1x 专用类/对应头文件：自我"	"自我动作实现.外设模块.ixx:5847: inline const 语素入口节点类* 特征_方法稳定状态() noexcept || 自我动作实现模块.ixx:2120: inline const 语素入口节点类* 特征_方法稳定状态() noexcept"	"同名不同功能或约束，禁止直接合并"
"特征_方法结果节点"	"2"	"2"	"0"	"2"	"1x 类别=执行;输入=有自定义类型;输出=指针/引用/句柄;副作用=无明显副作用;领域=外设;约束=noexcept+inline || 1x 类别=执行;输入=有自定义类型;输出=指针/引用/句柄;副作用=无明显副作用;领域=自我;约束=noexcept+inline"	"1x 专用类/对应头文件：外设 || 1x 专用类/对应头文件：自我"	"自我动作实现.外设模块.ixx:1643: inline const 语素入口节点类* 特征_方法结果节点() noexcept || 自我动作实现模块.ixx:1136: inline const 语素入口节点类* 特征_方法结果节点() noexcept"	"同名不同功能或约束，禁止直接合并"
"特征_方法能力包"	"2"	"2"	"0"	"2"	"1x 类别=执行;输入=有自定义类型;输出=指针/引用/句柄;副作用=无明显副作用;领域=外设;约束=noexcept+inline || 1x 类别=执行;输入=有自定义类型;输出=指针/引用/句柄;副作用=无明显副作用;领域=自我;约束=noexcept+inline"	"1x 专用类/对应头文件：外设 || 1x 专用类/对应头文件：自我"	"自我动作实现.外设模块.ixx:1711: inline const 语素入口节点类* 特征_方法能力包() noexcept || 自我动作实现模块.ixx:1204: inline const 语素入口节点类* 特征_方法能力包() noexcept"	"同名不同功能或约束，禁止直接合并"
"特征_方法虚拟存在"	"2"	"2"	"0"	"2"	"1x 类别=执行;输入=有自定义类型;输出=指针/引用/句柄;副作用=无明显副作用;领域=外设;约束=noexcept+inline || 1x 类别=执行;输入=有自定义类型;输出=指针/引用/句柄;副作用=无明显副作用;领域=自我;约束=noexcept+inline"	"1x 专用类/对应头文件：外设 || 1x 专用类/对应头文件：自我"	"自我动作实现.外设模块.ixx:1594: inline const 语素入口节点类* 特征_方法虚拟存在() noexcept || 自我动作实现模块.ixx:1087: inline const 语素入口节点类* 特征_方法虚拟存在() noexcept"	"同名不同功能或约束，禁止直接合并"
"特征_方法补齐尝试结果"	"2"	"2"	"0"	"2"	"1x 类别=未分类;输入=有自定义类型;输出=指针/引用/句柄;副作用=无明显副作用;领域=外设;约束=noexcept+inline || 1x 类别=未分类;输入=有自定义类型;输出=指针/引用/句柄;副作用=无明显副作用;领域=自我;约束=noexcept+inline"	"1x 专用类/对应头文件：外设 || 1x 专用类/对应头文件：自我"	"自我动作实现.外设模块.ixx:5631: inline const 语素入口节点类* 特征_方法补齐尝试结果() noexcept || 自我动作实现模块.ixx:1883: inline const 语素入口节点类* 特征_方法补齐尝试结果() noexcept"	"同名不同功能或约束，禁止直接合并"
"特征_方法补齐状态"	"2"	"2"	"0"	"2"	"1x 类别=未分类;输入=有自定义类型;输出=指针/引用/句柄;副作用=无明显副作用;领域=外设;约束=noexcept+inline || 1x 类别=未分类;输入=有自定义类型;输出=指针/引用/句柄;副作用=无明显副作用;领域=自我;约束=noexcept+inline"	"1x 专用类/对应头文件：外设 || 1x 专用类/对应头文件：自我"	"自我动作实现.外设模块.ixx:5638: inline const 语素入口节点类* 特征_方法补齐状态() noexcept || 自我动作实现模块.ixx:1890: inline const 语素入口节点类* 特征_方法补齐状态() noexcept"	"同名不同功能或约束，禁止直接合并"
"特征_方法补齐类别"	"2"	"2"	"0"	"2"	"1x 类别=未分类;输入=有自定义类型;输出=指针/引用/句柄;副作用=无明显副作用;领域=外设;约束=noexcept+inline || 1x 类别=未分类;输入=有自定义类型;输出=指针/引用/句柄;副作用=无明显副作用;领域=自我;约束=noexcept+inline"	"1x 专用类/对应头文件：外设 || 1x 专用类/对应头文件：自我"	"自我动作实现.外设模块.ixx:5715: inline const 语素入口节点类* 特征_方法补齐类别() noexcept || 自我动作实现模块.ixx:1967: inline const 语素入口节点类* 特征_方法补齐类别() noexcept"	"同名不同功能或约束，禁止直接合并"
"特征_方法补齐结构状态"	"2"	"2"	"0"	"2"	"1x 类别=未分类;输入=有自定义类型;输出=指针/引用/句柄;副作用=无明显副作用;领域=外设;约束=noexcept+inline || 1x 类别=未分类;输入=有自定义类型;输出=指针/引用/句柄;副作用=无明显副作用;领域=自我;约束=noexcept+inline"	"1x 专用类/对应头文件：外设 || 1x 专用类/对应头文件：自我"	"自我动作实现.外设模块.ixx:5805: inline const 语素入口节点类* 特征_方法补齐结构状态() noexcept || 自我动作实现模块.ixx:2057: inline const 语素入口节点类* 特征_方法补齐结构状态() noexcept"	"同名不同功能或约束，禁止直接合并"
"特征_方法运行次数"	"2"	"2"	"0"	"2"	"1x 类别=执行;输入=有自定义类型;输出=指针/引用/句柄;副作用=无明显副作用;领域=外设;约束=noexcept+inline || 1x 类别=执行;输入=有自定义类型;输出=指针/引用/句柄;副作用=无明显副作用;领域=自我;约束=noexcept+inline"	"1x 专用类/对应头文件：外设 || 1x 专用类/对应头文件：自我"	"自我动作实现.外设模块.ixx:1204: inline const 语素入口节点类* 特征_方法运行次数() noexcept || 自我动作实现模块.ixx:697: inline const 语素入口节点类* 特征_方法运行次数() noexcept"	"同名不同功能或约束，禁止直接合并"
"特征_方法运行结果"	"2"	"2"	"0"	"2"	"1x 类别=执行;输入=有自定义类型;输出=指针/引用/句柄;副作用=无明显副作用;领域=外设;约束=noexcept+inline || 1x 类别=执行;输入=有自定义类型;输出=指针/引用/句柄;副作用=无明显副作用;领域=自我;约束=noexcept+inline"	"1x 专用类/对应头文件：外设 || 1x 专用类/对应头文件：自我"	"自我动作实现.外设模块.ixx:1022: inline const 语素入口节点类* 特征_方法运行结果() noexcept || 自我动作实现模块.ixx:508: inline const 语素入口节点类* 特征_方法运行结果() noexcept"	"同名不同功能或约束，禁止直接合并"
"特征_方法运行结果状态"	"2"	"2"	"0"	"2"	"1x 类别=执行;输入=有自定义类型;输出=指针/引用/句柄;副作用=无明显副作用;领域=外设;约束=noexcept+inline || 1x 类别=执行;输入=有自定义类型;输出=指针/引用/句柄;副作用=无明显副作用;领域=自我;约束=noexcept+inline"	"1x 专用类/对应头文件：外设 || 1x 专用类/对应头文件：自我"	"自我动作实现.外设模块.ixx:1029: inline const 语素入口节点类* 特征_方法运行结果状态() noexcept || 自我动作实现模块.ixx:515: inline const 语素入口节点类* 特征_方法运行结果状态() noexcept"	"同名不同功能或约束，禁止直接合并"
"特征_方法运行账完整性"	"2"	"2"	"0"	"2"	"1x 类别=执行;输入=有自定义类型;输出=指针/引用/句柄;副作用=无明显副作用;领域=外设;约束=noexcept+inline || 1x 类别=执行;输入=有自定义类型;输出=指针/引用/句柄;副作用=无明显副作用;领域=自我;约束=noexcept+inline"	"1x 专用类/对应头文件：外设 || 1x 专用类/对应头文件：自我"	"自我动作实现.外设模块.ixx:5840: inline const 语素入口节点类* 特征_方法运行账完整性() noexcept || 自我动作实现模块.ixx:2113: inline const 语素入口节点类* 特征_方法运行账完整性() noexcept"	"同名不同功能或约束，禁止直接合并"
"特征_方法配对结果"	"2"	"2"	"0"	"2"	"1x 类别=执行;输入=有自定义类型;输出=指针/引用/句柄;副作用=无明显副作用;领域=外设;约束=noexcept+inline || 1x 类别=执行;输入=有自定义类型;输出=指针/引用/句柄;副作用=无明显副作用;领域=自我;约束=noexcept+inline"	"1x 专用类/对应头文件：外设 || 1x 专用类/对应头文件：自我"	"自我动作实现.外设模块.ixx:1844: inline const 语素入口节点类* 特征_方法配对结果() noexcept || 自我动作实现模块.ixx:1337: inline const 语素入口节点类* 特征_方法配对结果() noexcept"	"同名不同功能或约束，禁止直接合并"
"特征_旧安全值"	"2"	"2"	"0"	"2"	"1x 类别=执行;输入=有自定义类型;输出=指针/引用/句柄;副作用=无明显副作用;领域=外设;约束=noexcept+inline || 1x 类别=执行;输入=有自定义类型;输出=指针/引用/句柄;副作用=无明显副作用;领域=自我;约束=noexcept+inline"	"1x 专用类/对应头文件：外设 || 1x 专用类/对应头文件：自我"	"自我动作实现.外设模块.ixx:875: inline const 语素入口节点类* 特征_旧安全值() noexcept || 自我动作实现模块.ixx:355: inline const 语素入口节点类* 特征_旧安全值() noexcept"	"同名不同功能或约束，禁止直接合并"
"特征_旧服务值"	"2"	"2"	"0"	"2"	"1x 类别=执行;输入=有自定义类型;输出=指针/引用/句柄;副作用=无明显副作用;领域=外设;约束=noexcept+inline || 1x 类别=执行;输入=有自定义类型;输出=指针/引用/句柄;副作用=无明显副作用;领域=自我;约束=noexcept+inline"	"1x 专用类/对应头文件：外设 || 1x 专用类/对应头文件：自我"	"自我动作实现.外设模块.ixx:889: inline const 语素入口节点类* 特征_旧服务值() noexcept || 自我动作实现模块.ixx:369: inline const 语素入口节点类* 特征_旧服务值() noexcept"	"同名不同功能或约束，禁止直接合并"
"特征_是否允许当前方法自身"	"2"	"2"	"0"	"2"	"1x 类别=执行;输入=有自定义类型;输出=指针/引用/句柄;副作用=无明显副作用;领域=外设;约束=noexcept+inline || 1x 类别=执行;输入=有自定义类型;输出=指针/引用/句柄;副作用=无明显副作用;领域=自我;约束=noexcept+inline"	"1x 专用类/对应头文件：外设 || 1x 专用类/对应头文件：自我"	"自我动作实现.外设模块.ixx:1837: inline const 语素入口节点类* 特征_是否允许当前方法自身() noexcept || 自我动作实现模块.ixx:1330: inline const 语素入口节点类* 特征_是否允许当前方法自身() noexcept"	"同名不同功能或约束，禁止直接合并"
"特征_是否包含禁用方法"	"2"	"2"	"0"	"2"	"1x 类别=执行;输入=有自定义类型;输出=指针/引用/句柄;副作用=无明显副作用;领域=外设;约束=noexcept+inline || 1x 类别=执行;输入=有自定义类型;输出=指针/引用/句柄;副作用=无明显副作用;领域=自我;约束=noexcept+inline"	"1x 专用类/对应头文件：外设 || 1x 专用类/对应头文件：自我"	"自我动作实现.外设模块.ixx:1830: inline const 语素入口节点类* 特征_是否包含禁用方法() noexcept || 自我动作实现模块.ixx:1323: inline const 语素入口节点类* 特征_是否包含禁用方法() noexcept"	"同名不同功能或约束，禁止直接合并"
"特征_是否发生溢出"	"2"	"2"	"0"	"2"	"1x 类别=执行;输入=有自定义类型;输出=指针/引用/句柄;副作用=无明显副作用;领域=外设;约束=noexcept+inline || 1x 类别=执行;输入=有自定义类型;输出=指针/引用/句柄;副作用=无明显副作用;领域=自我;约束=noexcept+inline"	"1x 专用类/对应头文件：外设 || 1x 专用类/对应头文件：自我"	"自我动作实现.外设模块.ixx:5582: inline const 语素入口节点类* 特征_是否发生溢出() noexcept || 自我动作实现模块.ixx:1834: inline const 语素入口节点类* 特征_是否发生溢出() noexcept"	"同名不同功能或约束，禁止直接合并"
"特征_最大候选数量"	"2"	"2"	"0"	"2"	"1x 类别=执行;输入=有自定义类型;输出=指针/引用/句柄;副作用=无明显副作用;领域=外设;约束=noexcept+inline || 1x 类别=执行;输入=有自定义类型;输出=指针/引用/句柄;副作用=无明显副作用;领域=自我;约束=noexcept+inline"	"1x 专用类/对应头文件：外设 || 1x 专用类/对应头文件：自我"	"自我动作实现.外设模块.ixx:1816: inline const 语素入口节点类* 特征_最大候选数量() noexcept || 自我动作实现模块.ixx:1309: inline const 语素入口节点类* 特征_最大候选数量() noexcept"	"同名不同功能或约束，禁止直接合并"
"特征_最大值域抽象层数"	"2"	"2"	"0"	"2"	"1x 类别=执行;输入=有自定义类型;输出=指针/引用/句柄;副作用=无明显副作用;领域=外设;约束=noexcept+inline || 1x 类别=执行;输入=有自定义类型;输出=指针/引用/句柄;副作用=无明显副作用;领域=自我;约束=noexcept+inline"	"1x 专用类/对应头文件：外设 || 1x 专用类/对应头文件：自我"	"自我动作实现.外设模块.ixx:1809: inline const 语素入口节点类* 特征_最大值域抽象层数() noexcept || 自我动作实现模块.ixx:1302: inline const 语素入口节点类* 特征_最大值域抽象层数() noexcept"	"同名不同功能或约束，禁止直接合并"
"特征_最大查找递归深度"	"2"	"2"	"0"	"2"	"1x 类别=查找;输入=有自定义类型;输出=指针/引用/句柄;副作用=无明显副作用;领域=外设;约束=noexcept+inline || 1x 类别=查找;输入=有自定义类型;输出=指针/引用/句柄;副作用=无明显副作用;领域=自我;约束=noexcept+inline"	"1x 专用类/对应头文件：外设 || 1x 专用类/对应头文件：自我"	"自我动作实现.外设模块.ixx:1823: inline const 语素入口节点类* 特征_最大查找递归深度() noexcept || 自我动作实现模块.ixx:1316: inline const 语素入口节点类* 特征_最大查找递归深度() noexcept"	"同名不同功能或约束，禁止直接合并"
"特征_最大类型抽象层数"	"2"	"2"	"0"	"2"	"1x 类别=执行;输入=有自定义类型;输出=指针/引用/句柄;副作用=无明显副作用;领域=外设;约束=noexcept+inline || 1x 类别=执行;输入=有自定义类型;输出=指针/引用/句柄;副作用=无明显副作用;领域=自我;约束=noexcept+inline"	"1x 专用类/对应头文件：外设 || 1x 专用类/对应头文件：自我"	"自我动作实现.外设模块.ixx:1802: inline const 语素入口节点类* 特征_最大类型抽象层数() noexcept || 自我动作实现模块.ixx:1295: inline const 语素入口节点类* 特征_最大类型抽象层数() noexcept"	"同名不同功能或约束，禁止直接合并"
"特征_最近完成时间"	"2"	"2"	"0"	"2"	"1x 类别=执行;输入=有自定义类型;输出=指针/引用/句柄;副作用=无明显副作用;领域=外设;约束=noexcept+inline || 1x 类别=执行;输入=有自定义类型;输出=指针/引用/句柄;副作用=无明显副作用;领域=自我;约束=noexcept+inline"	"1x 专用类/对应头文件：外设 || 1x 专用类/对应头文件：自我"	"自我动作实现.外设模块.ixx:1253: inline const 语素入口节点类* 特征_最近完成时间() noexcept || 自我动作实现模块.ixx:746: inline const 语素入口节点类* 特征_最近完成时间() noexcept"	"同名不同功能或约束，禁止直接合并"
"特征_最近执行时间"	"2"	"2"	"0"	"2"	"1x 类别=执行;输入=有自定义类型;输出=指针/引用/句柄;副作用=无明显副作用;领域=外设;约束=noexcept+inline || 1x 类别=执行;输入=有自定义类型;输出=指针/引用/句柄;副作用=无明显副作用;领域=自我;约束=noexcept+inline"	"1x 专用类/对应头文件：外设 || 1x 专用类/对应头文件：自我"	"自我动作实现.外设模块.ixx:1246: inline const 语素入口节点类* 特征_最近执行时间() noexcept || 自我动作实现模块.ixx:739: inline const 语素入口节点类* 特征_最近执行时间() noexcept"	"同名不同功能或约束，禁止直接合并"
"特征_最近样本时间"	"2"	"2"	"0"	"2"	"1x 类别=执行;输入=有自定义类型;输出=指针/引用/句柄;副作用=无明显副作用;领域=外设;约束=noexcept+inline || 1x 类别=执行;输入=有自定义类型;输出=指针/引用/句柄;副作用=无明显副作用;领域=自我;约束=noexcept+inline"	"1x 专用类/对应头文件：外设 || 1x 专用类/对应头文件：自我"	"自我动作实现.外设模块.ixx:1169: inline const 语素入口节点类* 特征_最近样本时间() noexcept || 自我动作实现模块.ixx:655: inline const 语素入口节点类* 特征_最近样本时间() noexcept"	"同名不同功能或约束，禁止直接合并"
"特征_最近结算时间"	"2"	"2"	"0"	"2"	"1x 类别=未分类;输入=有自定义类型;输出=指针/引用/句柄;副作用=无明显副作用;领域=外设;约束=noexcept+inline || 1x 类别=未分类;输入=有自定义类型;输出=指针/引用/句柄;副作用=无明显副作用;领域=自我;约束=noexcept+inline"	"1x 专用类/对应头文件：外设 || 1x 专用类/对应头文件：自我"	"自我动作实现.外设模块.ixx:805: inline const 语素入口节点类* 特征_最近结算时间() noexcept || 自我动作实现模块.ixx:285: inline const 语素入口节点类* 特征_最近结算时间() noexcept"	"同名不同功能或约束，禁止直接合并"
"特征_最近运行虚拟存在"	"2"	"2"	"0"	"2"	"1x 类别=执行;输入=有自定义类型;输出=指针/引用/句柄;副作用=无明显副作用;领域=外设;约束=noexcept+inline || 1x 类别=执行;输入=有自定义类型;输出=指针/引用/句柄;副作用=无明显副作用;领域=自我;约束=noexcept+inline"	"1x 专用类/对应头文件：外设 || 1x 专用类/对应头文件：自我"	"自我动作实现.外设模块.ixx:1239: inline const 语素入口节点类* 特征_最近运行虚拟存在() noexcept || 自我动作实现模块.ixx:732: inline const 语素入口节点类* 特征_最近运行虚拟存在() noexcept"	"同名不同功能或约束，禁止直接合并"
"特征_最高允许宿主类型"	"2"	"2"	"0"	"2"	"1x 类别=执行;输入=有自定义类型;输出=指针/引用/句柄;副作用=无明显副作用;领域=外设;约束=noexcept+inline || 1x 类别=执行;输入=有自定义类型;输出=指针/引用/句柄;副作用=无明显副作用;领域=自我;约束=noexcept+inline"	"1x 专用类/对应头文件：外设 || 1x 专用类/对应头文件：自我"	"自我动作实现.外设模块.ixx:1781: inline const 语素入口节点类* 特征_最高允许宿主类型() noexcept || 自我动作实现模块.ixx:1274: inline const 语素入口节点类* 特征_最高允许宿主类型() noexcept"	"同名不同功能或约束，禁止直接合并"
"特征_最高允许目标特征类型"	"2"	"2"	"0"	"2"	"1x 类别=执行;输入=有自定义类型;输出=指针/引用/句柄;副作用=无明显副作用;领域=外设;约束=noexcept+inline || 1x 类别=执行;输入=有自定义类型;输出=指针/引用/句柄;副作用=无明显副作用;领域=自我;约束=noexcept+inline"	"1x 专用类/对应头文件：外设 || 1x 专用类/对应头文件：自我"	"自我动作实现.外设模块.ixx:1774: inline const 语素入口节点类* 特征_最高允许目标特征类型() noexcept || 自我动作实现模块.ixx:1267: inline const 语素入口节点类* 特征_最高允许目标特征类型() noexcept"	"同名不同功能或约束，禁止直接合并"
"特征_服务值"	"2"	"2"	"0"	"2"	"1x 类别=执行;输入=有自定义类型;输出=指针/引用/句柄;副作用=无明显副作用;领域=外设;约束=noexcept+inline || 1x 类别=执行;输入=有自定义类型;输出=指针/引用/句柄;副作用=无明显副作用;领域=自我;约束=noexcept+inline"	"1x 专用类/对应头文件：外设 || 1x 专用类/对应头文件：自我"	"自我动作实现.外设模块.ixx:1663: inline const 语素入口节点类* 特征_服务值() noexcept || 自我动作实现模块.ixx:1156: inline const 语素入口节点类* 特征_服务值() noexcept"	"同名不同功能或约束，禁止直接合并"
"特征_服务前状态场景"	"2"	"2"	"0"	"2"	"1x 类别=执行;输入=有自定义类型;输出=指针/引用/句柄;副作用=无明显副作用;领域=外设;约束=noexcept+inline || 1x 类别=执行;输入=有自定义类型;输出=指针/引用/句柄;副作用=无明显副作用;领域=自我;约束=noexcept+inline"	"1x 专用类/对应头文件：外设 || 1x 专用类/对应头文件：自我"	"自我动作实现.外设模块.ixx:7107: inline const 语素入口节点类* 特征_服务前状态场景() noexcept || 自我动作实现模块.ixx:2261: inline const 语素入口节点类* 特征_服务前状态场景() noexcept"	"同名不同功能或约束，禁止直接合并"
"特征_服务对象反馈信息获取尝试状态"	"2"	"2"	"0"	"2"	"1x 类别=读取;输入=有自定义类型;输出=指针/引用/句柄;副作用=无明显副作用;领域=外设;约束=noexcept+inline || 1x 类别=读取;输入=有自定义类型;输出=指针/引用/句柄;副作用=无明显副作用;领域=自我;约束=noexcept+inline"	"1x 专用类/对应头文件：外设 || 1x 专用类/对应头文件：自我"	"自我动作实现.外设模块.ixx:5932: inline const 语素入口节点类* 特征_服务对象反馈信息获取尝试状态() noexcept || 自我动作实现模块.ixx:2205: inline const 语素入口节点类* 特征_服务对象反馈信息获取尝试状态() noexcept"	"同名不同功能或约束，禁止直接合并"
"特征_服务对象外在特征状态变化数"	"2"	"2"	"0"	"2"	"1x 类别=执行;输入=有自定义类型;输出=指针/引用/句柄;副作用=无明显副作用;领域=外设;约束=noexcept+inline || 1x 类别=执行;输入=有自定义类型;输出=指针/引用/句柄;副作用=无明显副作用;领域=自我;约束=noexcept+inline"	"1x 专用类/对应头文件：外设 || 1x 专用类/对应头文件：自我"	"自我动作实现.外设模块.ixx:840: inline const 语素入口节点类* 特征_服务对象外在特征状态变化数() noexcept || 自我动作实现模块.ixx:320: inline const 语素入口节点类* 特征_服务对象外在特征状态变化数() noexcept"	"同名不同功能或约束，禁止直接合并"
"特征_服务对象外在特征状态改善证据"	"2"	"2"	"0"	"2"	"1x 类别=执行;输入=有自定义类型;输出=指针/引用/句柄;副作用=无明显副作用;领域=外设;约束=noexcept+inline || 1x 类别=执行;输入=有自定义类型;输出=指针/引用/句柄;副作用=无明显副作用;领域=自我;约束=noexcept+inline"	"1x 专用类/对应头文件：外设 || 1x 专用类/对应头文件：自我"	"自我动作实现.外设模块.ixx:847: inline const 语素入口节点类* 特征_服务对象外在特征状态改善证据() noexcept || 自我动作实现模块.ixx:327: inline const 语素入口节点类* 特征_服务对象外在特征状态改善证据() noexcept"	"同名不同功能或约束，禁止直接合并"
"特征_服务结果可归因于自我动作"	"2"	"2"	"0"	"2"	"1x 类别=执行;输入=有自定义类型;输出=指针/引用/句柄;副作用=无明显副作用;领域=外设;约束=noexcept+inline || 1x 类别=执行;输入=有自定义类型;输出=指针/引用/句柄;副作用=无明显副作用;领域=自我;约束=noexcept+inline"	"1x 专用类/对应头文件：外设 || 1x 专用类/对应头文件：自我"	"自我动作实现.外设模块.ixx:861: inline const 语素入口节点类* 特征_服务结果可归因于自我动作() noexcept || 自我动作实现模块.ixx:341: inline const 语素入口节点类* 特征_服务结果可归因于自我动作() noexcept"	"同名不同功能或约束，禁止直接合并"
"特征_服务结果可验证"	"2"	"2"	"0"	"2"	"1x 类别=执行;输入=有自定义类型;输出=指针/引用/句柄;副作用=无明显副作用;领域=外设;约束=noexcept+inline || 1x 类别=执行;输入=有自定义类型;输出=指针/引用/句柄;副作用=无明显副作用;领域=自我;约束=noexcept+inline"	"1x 专用类/对应头文件：外设 || 1x 专用类/对应头文件：自我"	"自我动作实现.外设模块.ixx:854: inline const 语素入口节点类* 特征_服务结果可验证() noexcept || 自我动作实现模块.ixx:334: inline const 语素入口节点类* 特征_服务结果可验证() noexcept"	"同名不同功能或约束，禁止直接合并"
"特征_服务结算增量"	"2"	"2"	"0"	"2"	"1x 类别=未分类;输入=有自定义类型;输出=指针/引用/句柄;副作用=无明显副作用;领域=外设;约束=noexcept+inline || 1x 类别=未分类;输入=有自定义类型;输出=指针/引用/句柄;副作用=无明显副作用;领域=自我;约束=noexcept+inline"	"1x 专用类/对应头文件：外设 || 1x 专用类/对应头文件：自我"	"自我动作实现.外设模块.ixx:819: inline const 语素入口节点类* 特征_服务结算增量() noexcept || 自我动作实现模块.ixx:299: inline const 语素入口节点类* 特征_服务结算增量() noexcept"	"同名不同功能或约束，禁止直接合并"
"特征_服务结算证据通过"	"2"	"2"	"0"	"2"	"1x 类别=未分类;输入=有自定义类型;输出=指针/引用/句柄;副作用=无明显副作用;领域=外设;约束=noexcept+inline || 1x 类别=未分类;输入=有自定义类型;输出=指针/引用/句柄;副作用=无明显副作用;领域=自我;约束=noexcept+inline"	"1x 专用类/对应头文件：外设 || 1x 专用类/对应头文件：自我"	"自我动作实现.外设模块.ixx:868: inline const 语素入口节点类* 特征_服务结算证据通过() noexcept || 自我动作实现模块.ixx:348: inline const 语素入口节点类* 特征_服务结算证据通过() noexcept"	"同名不同功能或约束，禁止直接合并"
"特征_本轮推进量"	"2"	"2"	"0"	"2"	"1x 类别=执行;输入=有自定义类型;输出=指针/引用/句柄;副作用=无明显副作用;领域=外设;约束=noexcept+inline || 1x 类别=执行;输入=有自定义类型;输出=指针/引用/句柄;副作用=无明显副作用;领域=自我;约束=noexcept+inline"	"1x 专用类/对应头文件：外设 || 1x 专用类/对应头文件：自我"	"自我动作实现.外设模块.ixx:973: inline const 语素入口节点类* 特征_本轮推进量() noexcept || 自我动作实现模块.ixx:459: inline const 语素入口节点类* 特征_本轮推进量() noexcept"	"同名不同功能或约束，禁止直接合并"
"特征_本轮是否有推进"	"2"	"2"	"0"	"2"	"1x 类别=执行;输入=有自定义类型;输出=指针/引用/句柄;副作用=无明显副作用;领域=外设;约束=noexcept+inline || 1x 类别=执行;输入=有自定义类型;输出=指针/引用/句柄;副作用=无明显副作用;领域=自我;约束=noexcept+inline"	"1x 专用类/对应头文件：外设 || 1x 专用类/对应头文件：自我"	"自我动作实现.外设模块.ixx:966: inline const 语素入口节点类* 特征_本轮是否有推进() noexcept || 自我动作实现模块.ixx:452: inline const 语素入口节点类* 特征_本轮是否有推进() noexcept"	"同名不同功能或约束，禁止直接合并"
"特征_权限边界明确状态"	"2"	"2"	"0"	"2"	"1x 类别=执行;输入=有自定义类型;输出=指针/引用/句柄;副作用=无明显副作用;领域=外设;约束=noexcept+inline || 1x 类别=执行;输入=有自定义类型;输出=指针/引用/句柄;副作用=无明显副作用;领域=自我;约束=noexcept+inline"	"1x 专用类/对应头文件：外设 || 1x 专用类/对应头文件：自我"	"自我动作实现.外设模块.ixx:5967: inline const 语素入口节点类* 特征_权限边界明确状态() noexcept || 自我动作实现模块.ixx:2240: inline const 语素入口节点类* 特征_权限边界明确状态() noexcept"	"同名不同功能或约束，禁止直接合并"
"特征_条件描述时间"	"2"	"2"	"0"	"2"	"1x 类别=执行;输入=有自定义类型;输出=指针/引用/句柄;副作用=无明显副作用;领域=外设;约束=noexcept+inline || 1x 类别=执行;输入=有自定义类型;输出=指针/引用/句柄;副作用=无明显副作用;领域=自我;约束=noexcept+inline"	"1x 专用类/对应头文件：外设 || 1x 专用类/对应头文件：自我"	"自我动作实现.外设模块.ixx:665: inline const 语素入口节点类* 特征_条件描述时间() noexcept || 自我动作实现模块.ixx:68: inline const 语素入口节点类* 特征_条件描述时间() noexcept"	"同名不同功能或约束，禁止直接合并"
"特征_条件描述状态"	"2"	"2"	"0"	"2"	"1x 类别=执行;输入=有自定义类型;输出=指针/引用/句柄;副作用=无明显副作用;领域=外设;约束=noexcept+inline || 1x 类别=执行;输入=有自定义类型;输出=指针/引用/句柄;副作用=无明显副作用;领域=自我;约束=noexcept+inline"	"1x 专用类/对应头文件：外设 || 1x 专用类/对应头文件：自我"	"自我动作实现.外设模块.ixx:658: inline const 语素入口节点类* 特征_条件描述状态() noexcept || 自我动作实现模块.ixx:61: inline const 语素入口节点类* 特征_条件描述状态() noexcept"	"同名不同功能或约束，禁止直接合并"
"特征_条件特征"	"2"	"2"	"0"	"2"	"1x 类别=执行;输入=有自定义类型;输出=指针/引用/句柄;副作用=无明显副作用;领域=外设;约束=noexcept+inline || 1x 类别=执行;输入=有自定义类型;输出=指针/引用/句柄;副作用=无明显副作用;领域=自我;约束=noexcept+inline"	"1x 专用类/对应头文件：外设 || 1x 专用类/对应头文件：自我"	"自我动作实现.外设模块.ixx:700: inline const 语素入口节点类* 特征_条件特征() noexcept || 自我动作实现模块.ixx:103: inline const 语素入口节点类* 特征_条件特征() noexcept"	"同名不同功能或约束，禁止直接合并"
"特征_条件特征类型数量"	"2"	"2"	"0"	"2"	"1x 类别=执行;输入=有自定义类型;输出=指针/引用/句柄;副作用=无明显副作用;领域=外设;约束=noexcept+inline || 1x 类别=执行;输入=有自定义类型;输出=指针/引用/句柄;副作用=无明显副作用;领域=自我;约束=noexcept+inline"	"1x 专用类/对应头文件：外设 || 1x 专用类/对应头文件：自我"	"自我动作实现.外设模块.ixx:672: inline const 语素入口节点类* 特征_条件特征类型数量() noexcept || 自我动作实现模块.ixx:75: inline const 语素入口节点类* 特征_条件特征类型数量() noexcept"	"同名不同功能或约束，禁止直接合并"
"特征_条件结果对"	"2"	"2"	"0"	"2"	"1x 类别=执行;输入=有自定义类型;输出=指针/引用/句柄;副作用=无明显副作用;领域=外设;约束=noexcept+inline || 1x 类别=执行;输入=有自定义类型;输出=指针/引用/句柄;副作用=无明显副作用;领域=自我;约束=noexcept+inline"	"1x 专用类/对应头文件：外设 || 1x 专用类/对应头文件：自我"	"自我动作实现.外设模块.ixx:5652: inline const 语素入口节点类* 特征_条件结果对() noexcept || 自我动作实现模块.ixx:1904: inline const 语素入口节点类* 特征_条件结果对() noexcept"	"同名不同功能或约束，禁止直接合并"
"特征_来源因果信息"	"2"	"2"	"0"	"2"	"1x 类别=执行;输入=有自定义类型;输出=指针/引用/句柄;副作用=无明显副作用;领域=外设;约束=noexcept+inline || 1x 类别=执行;输入=有自定义类型;输出=指针/引用/句柄;副作用=无明显副作用;领域=自我;约束=noexcept+inline"	"1x 专用类/对应头文件：外设 || 1x 专用类/对应头文件：自我"	"自我动作实现.外设模块.ixx:5735: inline const 语素入口节点类* 特征_来源因果信息() noexcept || 自我动作实现模块.ixx:1987: inline const 语素入口节点类* 特征_来源因果信息() noexcept"	"同名不同功能或约束，禁止直接合并"
"特征_来源缺口"	"2"	"2"	"0"	"2"	"1x 类别=执行;输入=有自定义类型;输出=指针/引用/句柄;副作用=无明显副作用;领域=外设;约束=noexcept+inline || 1x 类别=执行;输入=有自定义类型;输出=指针/引用/句柄;副作用=无明显副作用;领域=自我;约束=noexcept+inline"	"1x 专用类/对应头文件：外设 || 1x 专用类/对应头文件：自我"	"自我动作实现.外设模块.ixx:5624: inline const 语素入口节点类* 特征_来源缺口() noexcept || 自我动作实现模块.ixx:1876: inline const 语素入口节点类* 特征_来源缺口() noexcept"	"同名不同功能或约束，禁止直接合并"
"特征_来源观察动态"	"2"	"2"	"0"	"2"	"1x 类别=执行;输入=有自定义类型;输出=指针/引用/句柄;副作用=无明显副作用;领域=外设;约束=noexcept+inline || 1x 类别=执行;输入=有自定义类型;输出=指针/引用/句柄;副作用=无明显副作用;领域=自我;约束=noexcept+inline"	"1x 专用类/对应头文件：外设 || 1x 专用类/对应头文件：自我"	"自我动作实现.外设模块.ixx:5742: inline const 语素入口节点类* 特征_来源观察动态() noexcept || 自我动作实现模块.ixx:1994: inline const 语素入口节点类* 特征_来源观察动态() noexcept"	"同名不同功能或约束，禁止直接合并"
"特征_来源需求条件包"	"2"	"2"	"0"	"2"	"1x 类别=执行;输入=有自定义类型;输出=指针/引用/句柄;副作用=无明显副作用;领域=外设;约束=noexcept+inline || 1x 类别=执行;输入=有自定义类型;输出=指针/引用/句柄;副作用=无明显副作用;领域=自我;约束=noexcept+inline"	"1x 专用类/对应头文件：外设 || 1x 专用类/对应头文件：自我"	"自我动作实现.外设模块.ixx:1907: inline const 语素入口节点类* 特征_来源需求条件包() noexcept || 自我动作实现模块.ixx:1400: inline const 语素入口节点类* 特征_来源需求条件包() noexcept"	"同名不同功能或约束，禁止直接合并"
"特征_查找限制包"	"2"	"2"	"0"	"2"	"1x 类别=查找;输入=有自定义类型;输出=指针/引用/句柄;副作用=无明显副作用;领域=外设;约束=noexcept+inline || 1x 类别=查找;输入=有自定义类型;输出=指针/引用/句柄;副作用=无明显副作用;领域=自我;约束=noexcept+inline"	"1x 专用类/对应头文件：外设 || 1x 专用类/对应头文件：自我"	"自我动作实现.外设模块.ixx:1690: inline const 语素入口节点类* 特征_查找限制包() noexcept || 自我动作实现模块.ixx:1183: inline const 语素入口节点类* 特征_查找限制包() noexcept"	"同名不同功能或约束，禁止直接合并"
"特征_样本次数"	"2"	"2"	"0"	"2"	"1x 类别=执行;输入=有自定义类型;输出=指针/引用/句柄;副作用=无明显副作用;领域=外设;约束=noexcept+inline || 1x 类别=执行;输入=有自定义类型;输出=指针/引用/句柄;副作用=无明显副作用;领域=自我;约束=noexcept+inline"	"1x 专用类/对应头文件：外设 || 1x 专用类/对应头文件：自我"	"自我动作实现.外设模块.ixx:1162: inline const 语素入口节点类* 特征_样本次数() noexcept || 自我动作实现模块.ixx:648: inline const 语素入口节点类* 特征_样本次数() noexcept"	"同名不同功能或约束，禁止直接合并"
"特征_沟通交流需求明确状态"	"2"	"2"	"0"	"2"	"1x 类别=执行;输入=有自定义类型;输出=指针/引用/句柄;副作用=无明显副作用;领域=外设;约束=noexcept+inline || 1x 类别=执行;输入=有自定义类型;输出=指针/引用/句柄;副作用=无明显副作用;领域=自我;约束=noexcept+inline"	"1x 专用类/对应头文件：外设 || 1x 专用类/对应头文件：自我"	"自我动作实现.外设模块.ixx:5925: inline const 语素入口节点类* 特征_沟通交流需求明确状态() noexcept || 自我动作实现模块.ixx:2198: inline const 语素入口节点类* 特征_沟通交流需求明确状态() noexcept"	"同名不同功能或约束，禁止直接合并"
"特征_派生需求"	"2"	"2"	"0"	"2"	"1x 类别=执行;输入=有自定义类型;输出=指针/引用/句柄;副作用=无明显副作用;领域=外设;约束=noexcept+inline || 1x 类别=执行;输入=有自定义类型;输出=指针/引用/句柄;副作用=无明显副作用;领域=自我;约束=noexcept+inline"	"1x 专用类/对应头文件：外设 || 1x 专用类/对应头文件：自我"	"自我动作实现.外设模块.ixx:5596: inline const 语素入口节点类* 特征_派生需求() noexcept || 自我动作实现模块.ixx:1848: inline const 语素入口节点类* 特征_派生需求() noexcept"	"同名不同功能或约束，禁止直接合并"
"特征_派生需求当前状态"	"2"	"2"	"0"	"2"	"1x 类别=执行;输入=有自定义类型;输出=指针/引用/句柄;副作用=无明显副作用;领域=外设;约束=noexcept+inline || 1x 类别=执行;输入=有自定义类型;输出=指针/引用/句柄;副作用=无明显副作用;领域=自我;约束=noexcept+inline"	"1x 专用类/对应头文件：外设 || 1x 专用类/对应头文件：自我"	"自我动作实现.外设模块.ixx:5603: inline const 语素入口节点类* 特征_派生需求当前状态() noexcept || 自我动作实现模块.ixx:1855: inline const 语素入口节点类* 特征_派生需求当前状态() noexcept"	"同名不同功能或约束，禁止直接合并"
"特征_派生需求提示"	"2"	"2"	"0"	"2"	"1x 类别=执行;输入=有自定义类型;输出=指针/引用/句柄;副作用=无明显副作用;领域=外设;约束=noexcept+inline || 1x 类别=执行;输入=有自定义类型;输出=指针/引用/句柄;副作用=无明显副作用;领域=自我;约束=noexcept+inline"	"1x 专用类/对应头文件：外设 || 1x 专用类/对应头文件：自我"	"自我动作实现.外设模块.ixx:1015: inline const 语素入口节点类* 特征_派生需求提示() noexcept || 自我动作实现模块.ixx:501: inline const 语素入口节点类* 特征_派生需求提示() noexcept"	"同名不同功能或约束，禁止直接合并"
"特征_派生需求目标状态"	"2"	"2"	"0"	"2"	"1x 类别=执行;输入=有自定义类型;输出=指针/引用/句柄;副作用=无明显副作用;领域=外设;约束=noexcept+inline || 1x 类别=执行;输入=有自定义类型;输出=指针/引用/句柄;副作用=无明显副作用;领域=自我;约束=noexcept+inline"	"1x 专用类/对应头文件：外设 || 1x 专用类/对应头文件：自我"	"自我动作实现.外设模块.ixx:5610: inline const 语素入口节点类* 特征_派生需求目标状态() noexcept || 自我动作实现模块.ixx:1862: inline const 语素入口节点类* 特征_派生需求目标状态() noexcept"	"同名不同功能或约束，禁止直接合并"
"特征_深度帧号"	"2"	"2"	"0"	"2"	"1x 类别=执行;输入=有自定义类型;输出=指针/引用/句柄;副作用=无明显副作用;领域=外设;约束=noexcept+inline || 1x 类别=执行;输入=有自定义类型;输出=指针/引用/句柄;副作用=无明显副作用;领域=自我;约束=noexcept+inline"	"1x 专用类/对应头文件：外设 || 1x 专用类/对应头文件：自我"	"自我动作实现.外设模块.ixx:2383: inline const 语素入口节点类* 特征_深度帧号() noexcept || 自我动作实现模块.ixx:1722: inline const 语素入口节点类* 特征_深度帧号() noexcept"	"同名不同功能或约束，禁止直接合并"
"特征_溢出策略"	"2"	"2"	"0"	"2"	"1x 类别=执行;输入=有自定义类型;输出=指针/引用/句柄;副作用=无明显副作用;领域=外设;约束=noexcept+inline || 1x 类别=执行;输入=有自定义类型;输出=指针/引用/句柄;副作用=无明显副作用;领域=自我;约束=noexcept+inline"	"1x 专用类/对应头文件：外设 || 1x 专用类/对应头文件：自我"	"自我动作实现.外设模块.ixx:5547: inline const 语素入口节点类* 特征_溢出策略() noexcept || 自我动作实现模块.ixx:1799: inline const 语素入口节点类* 特征_溢出策略() noexcept"	"同名不同功能或约束，禁止直接合并"
"特征_满足证据"	"2"	"2"	"0"	"2"	"1x 类别=执行;输入=有自定义类型;输出=指针/引用/句柄;副作用=无明显副作用;领域=外设;约束=noexcept+inline || 1x 类别=执行;输入=有自定义类型;输出=指针/引用/句柄;副作用=无明显副作用;领域=自我;约束=noexcept+inline"	"1x 专用类/对应头文件：外设 || 1x 专用类/对应头文件：自我"	"自我动作实现.外设模块.ixx:5890: inline const 语素入口节点类* 特征_满足证据() noexcept || 自我动作实现模块.ixx:2163: inline const 语素入口节点类* 特征_满足证据() noexcept"	"同名不同功能或约束，禁止直接合并"
"特征_特征值"	"2"	"2"	"0"	"2"	"1x 类别=执行;输入=有自定义类型;输出=指针/引用/句柄;副作用=无明显副作用;领域=外设;约束=noexcept+inline || 1x 类别=执行;输入=有自定义类型;输出=指针/引用/句柄;副作用=无明显副作用;领域=自我;约束=noexcept+inline"	"1x 专用类/对应头文件：外设 || 1x 专用类/对应头文件：自我"	"自我动作实现.外设模块.ixx:1725: inline const 语素入口节点类* 特征_特征值() noexcept || 自我动作实现模块.ixx:1218: inline const 语素入口节点类* 特征_特征值() noexcept"	"同名不同功能或约束，禁止直接合并"
"特征_特征值范围"	"2"	"2"	"0"	"2"	"1x 类别=执行;输入=有自定义类型;输出=指针/引用/句柄;副作用=无明显副作用;领域=外设;约束=noexcept+inline || 1x 类别=执行;输入=有自定义类型;输出=指针/引用/句柄;副作用=无明显副作用;领域=自我;约束=noexcept+inline"	"1x 专用类/对应头文件：外设 || 1x 专用类/对应头文件：自我"	"自我动作实现.外设模块.ixx:1732: inline const 语素入口节点类* 特征_特征值范围() noexcept || 自我动作实现模块.ixx:1225: inline const 语素入口节点类* 特征_特征值范围() noexcept"	"同名不同功能或约束，禁止直接合并"
"特征_特征类型"	"2"	"2"	"0"	"2"	"1x 类别=执行;输入=有自定义类型;输出=指针/引用/句柄;副作用=无明显副作用;领域=外设;约束=noexcept+inline || 1x 类别=执行;输入=有自定义类型;输出=指针/引用/句柄;副作用=无明显副作用;领域=自我;约束=noexcept+inline"	"1x 专用类/对应头文件：外设 || 1x 专用类/对应头文件：自我"	"自我动作实现.外设模块.ixx:1718: inline const 语素入口节点类* 特征_特征类型() noexcept || 自我动作实现模块.ixx:1211: inline const 语素入口节点类* 特征_特征类型() noexcept"	"同名不同功能或约束，禁止直接合并"
"特征_特征类型配对结果"	"2"	"2"	"0"	"2"	"1x 类别=执行;输入=有自定义类型;输出=指针/引用/句柄;副作用=无明显副作用;领域=外设;约束=noexcept+inline || 1x 类别=执行;输入=有自定义类型;输出=指针/引用/句柄;副作用=无明显副作用;领域=自我;约束=noexcept+inline"	"1x 专用类/对应头文件：外设 || 1x 专用类/对应头文件：自我"	"自我动作实现.外设模块.ixx:5533: inline const 语素入口节点类* 特征_特征类型配对结果() noexcept || 自我动作实现模块.ixx:1785: inline const 语素入口节点类* 特征_特征类型配对结果() noexcept"	"同名不同功能或约束，禁止直接合并"
"特征_现实场景包"	"2"	"2"	"0"	"2"	"1x 类别=执行;输入=有自定义类型;输出=指针/引用/句柄;副作用=无明显副作用;领域=外设;约束=noexcept+inline || 1x 类别=执行;输入=有自定义类型;输出=指针/引用/句柄;副作用=无明显副作用;领域=自我;约束=noexcept+inline"	"1x 专用类/对应头文件：外设 || 1x 专用类/对应头文件：自我"	"自我动作实现.外设模块.ixx:1064: inline const 语素入口节点类* 特征_现实场景包() noexcept || 自我动作实现模块.ixx:550: inline const 语素入口节点类* 特征_现实场景包() noexcept"	"同名不同功能或约束，禁止直接合并"
"特征_目标值类型"	"2"	"2"	"0"	"2"	"1x 类别=执行;输入=有自定义类型;输出=指针/引用/句柄;副作用=无明显副作用;领域=外设;约束=noexcept+inline || 1x 类别=执行;输入=有自定义类型;输出=指针/引用/句柄;副作用=无明显副作用;领域=自我;约束=noexcept+inline"	"1x 专用类/对应头文件：外设 || 1x 专用类/对应头文件：自我"	"自我动作实现.外设模块.ixx:5498: inline const 语素入口节点类* 特征_目标值类型() noexcept || 自我动作实现模块.ixx:1750: inline const 语素入口节点类* 特征_目标值类型() noexcept"	"同名不同功能或约束，禁止直接合并"
"特征_目标外设"	"2"	"2"	"0"	"2"	"1x 类别=执行;输入=有自定义类型;输出=指针/引用/句柄;副作用=无明显副作用;领域=外设;约束=noexcept+inline || 1x 类别=执行;输入=有自定义类型;输出=指针/引用/句柄;副作用=无明显副作用;领域=自我;约束=noexcept+inline"	"1x 专用类/对应头文件：外设 || 1x 专用类/对应头文件：自我"	"自我动作实现.外设模块.ixx:2159: inline const 语素入口节点类* 特征_目标外设() noexcept || 自我动作实现模块.ixx:1652: inline const 语素入口节点类* 特征_目标外设() noexcept"	"同名不同功能或约束，禁止直接合并"
"特征_目标实例特征"	"2"	"2"	"0"	"2"	"1x 类别=执行;输入=有自定义类型;输出=指针/引用/句柄;副作用=无明显副作用;领域=外设;约束=noexcept+inline || 1x 类别=执行;输入=有自定义类型;输出=指针/引用/句柄;副作用=无明显副作用;领域=自我;约束=noexcept+inline"	"1x 专用类/对应头文件：外设 || 1x 专用类/对应头文件：自我"	"自我动作实现.外设模块.ixx:5561: inline const 语素入口节点类* 特征_目标实例特征() noexcept || 自我动作实现模块.ixx:1813: inline const 语素入口节点类* 特征_目标实例特征() noexcept"	"同名不同功能或约束，禁止直接合并"
"特征_目标是否达成"	"2"	"2"	"0"	"2"	"1x 类别=执行;输入=有自定义类型;输出=指针/引用/句柄;副作用=无明显副作用;领域=外设;约束=noexcept+inline || 1x 类别=执行;输入=有自定义类型;输出=指针/引用/句柄;副作用=无明显副作用;领域=自我;约束=noexcept+inline"	"1x 专用类/对应头文件：外设 || 1x 专用类/对应头文件：自我"	"自我动作实现.外设模块.ixx:959: inline const 语素入口节点类* 特征_目标是否达成() noexcept || 自我动作实现模块.ixx:445: inline const 语素入口节点类* 特征_目标是否达成() noexcept"	"同名不同功能或约束，禁止直接合并"
"特征_目标特征"	"2"	"2"	"0"	"2"	"1x 类别=执行;输入=有自定义类型;输出=指针/引用/句柄;副作用=无明显副作用;领域=外设;约束=noexcept+inline || 1x 类别=执行;输入=有自定义类型;输出=指针/引用/句柄;副作用=无明显副作用;领域=自我;约束=noexcept+inline"	"1x 专用类/对应头文件：外设 || 1x 专用类/对应头文件：自我"	"自我动作实现.外设模块.ixx:1092: inline const 语素入口节点类* 特征_目标特征() noexcept || 自我动作实现模块.ixx:578: inline const 语素入口节点类* 特征_目标特征() noexcept"	"同名不同功能或约束，禁止直接合并"
"特征_目标现实场景"	"2"	"2"	"0"	"2"	"1x 类别=执行;输入=有自定义类型;输出=指针/引用/句柄;副作用=无明显副作用;领域=外设;约束=noexcept+inline || 1x 类别=执行;输入=有自定义类型;输出=指针/引用/句柄;副作用=无明显副作用;领域=自我;约束=noexcept+inline"	"1x 专用类/对应头文件：外设 || 1x 专用类/对应头文件：自我"	"自我动作实现.外设模块.ixx:1078: inline const 语素入口节点类* 特征_目标现实场景() noexcept || 自我动作实现模块.ixx:564: inline const 语素入口节点类* 特征_目标现实场景() noexcept"	"同名不同功能或约束，禁止直接合并"
"特征_相机帧宽度"	"2"	"2"	"0"	"2"	"1x 类别=执行;输入=有自定义类型;输出=指针/引用/句柄;副作用=无明显副作用;领域=外设;约束=noexcept+inline || 1x 类别=执行;输入=有自定义类型;输出=指针/引用/句柄;副作用=无明显副作用;领域=自我;约束=noexcept+inline"	"1x 专用类/对应头文件：外设 || 1x 专用类/对应头文件：自我"	"自我动作实现.外设模块.ixx:2369: inline const 语素入口节点类* 特征_相机帧宽度() noexcept || 自我动作实现模块.ixx:1708: inline const 语素入口节点类* 特征_相机帧宽度() noexcept"	"同名不同功能或约束，禁止直接合并"
"特征_相机帧高度"	"2"	"2"	"0"	"2"	"1x 类别=执行;输入=有自定义类型;输出=指针/引用/句柄;副作用=无明显副作用;领域=外设;约束=noexcept+inline || 1x 类别=执行;输入=有自定义类型;输出=指针/引用/句柄;副作用=无明显副作用;领域=自我;约束=noexcept+inline"	"1x 专用类/对应头文件：外设 || 1x 专用类/对应头文件：自我"	"自我动作实现.外设模块.ixx:2376: inline const 语素入口节点类* 特征_相机帧高度() noexcept || 自我动作实现模块.ixx:1715: inline const 语素入口节点类* 特征_相机帧高度() noexcept"	"同名不同功能或约束，禁止直接合并"
"特征_等待原因"	"2"	"2"	"0"	"2"	"1x 类别=等待;输入=有自定义类型;输出=指针/引用/句柄;副作用=无明显副作用;领域=外设;约束=noexcept+inline || 1x 类别=等待;输入=有自定义类型;输出=指针/引用/句柄;副作用=无明显副作用;领域=自我;约束=noexcept+inline"	"1x 专用类/对应头文件：外设 || 1x 专用类/对应头文件：自我"	"自我动作实现.外设模块.ixx:1008: inline const 语素入口节点类* 特征_等待原因() noexcept || 自我动作实现模块.ixx:494: inline const 语素入口节点类* 特征_等待原因() noexcept"	"同名不同功能或约束，禁止直接合并"
"特征_筹办缺口类型"	"2"	"2"	"0"	"2"	"1x 类别=未分类;输入=有自定义类型;输出=指针/引用/句柄;副作用=无明显副作用;领域=外设;约束=noexcept+inline || 1x 类别=未分类;输入=有自定义类型;输出=指针/引用/句柄;副作用=无明显副作用;领域=自我;约束=noexcept+inline"	"1x 专用类/对应头文件：外设 || 1x 专用类/对应头文件：自我"	"自我动作实现.外设模块.ixx:994: inline const 语素入口节点类* 特征_筹办缺口类型() noexcept || 自我动作实现模块.ixx:480: inline const 语素入口节点类* 特征_筹办缺口类型() noexcept"	"同名不同功能或约束，禁止直接合并"
"特征_类型抽象距离"	"2"	"2"	"0"	"2"	"1x 类别=执行;输入=有自定义类型;输出=指针/引用/句柄;副作用=无明显副作用;领域=外设;约束=noexcept+inline || 1x 类别=执行;输入=有自定义类型;输出=指针/引用/句柄;副作用=无明显副作用;领域=自我;约束=noexcept+inline"	"1x 专用类/对应头文件：外设 || 1x 专用类/对应头文件：自我"	"自我动作实现.外设模块.ixx:1977: inline const 语素入口节点类* 特征_类型抽象距离() noexcept || 自我动作实现模块.ixx:1470: inline const 语素入口节点类* 特征_类型抽象距离() noexcept"	"同名不同功能或约束，禁止直接合并"
"特征_累计安全结算"	"2"	"2"	"0"	"2"	"1x 类别=未分类;输入=有自定义类型;输出=指针/引用/句柄;副作用=无明显副作用;领域=外设;约束=noexcept+inline || 1x 类别=未分类;输入=有自定义类型;输出=指针/引用/句柄;副作用=无明显副作用;领域=自我;约束=noexcept+inline"	"1x 专用类/对应头文件：外设 || 1x 专用类/对应头文件：自我"	"自我动作实现.外设模块.ixx:791: inline const 语素入口节点类* 特征_累计安全结算() noexcept || 自我动作实现模块.ixx:271: inline const 语素入口节点类* 特征_累计安全结算() noexcept"	"同名不同功能或约束，禁止直接合并"
"特征_累计服务结算"	"2"	"2"	"0"	"2"	"1x 类别=未分类;输入=有自定义类型;输出=指针/引用/句柄;副作用=无明显副作用;领域=外设;约束=noexcept+inline || 1x 类别=未分类;输入=有自定义类型;输出=指针/引用/句柄;副作用=无明显副作用;领域=自我;约束=noexcept+inline"	"1x 专用类/对应头文件：外设 || 1x 专用类/对应头文件：自我"	"自我动作实现.外设模块.ixx:798: inline const 语素入口节点类* 特征_累计服务结算() noexcept || 自我动作实现模块.ixx:278: inline const 语素入口节点类* 特征_累计服务结算() noexcept"	"同名不同功能或约束，禁止直接合并"
"特征_累计运行时长"	"2"	"2"	"0"	"2"	"1x 类别=执行;输入=有自定义类型;输出=指针/引用/句柄;副作用=无明显副作用;领域=外设;约束=noexcept+inline || 1x 类别=执行;输入=有自定义类型;输出=指针/引用/句柄;副作用=无明显副作用;领域=自我;约束=noexcept+inline"	"1x 专用类/对应头文件：外设 || 1x 专用类/对应头文件：自我"	"自我动作实现.外设模块.ixx:1225: inline const 语素入口节点类* 特征_累计运行时长() noexcept || 自我动作实现模块.ixx:718: inline const 语素入口节点类* 特征_累计运行时长() noexcept"	"同名不同功能或约束，禁止直接合并"
"特征_练习方向"	"2"	"2"	"0"	"2"	"1x 类别=执行;输入=有自定义类型;输出=指针/引用/句柄;副作用=无明显副作用;领域=外设;约束=noexcept+inline || 1x 类别=执行;输入=有自定义类型;输出=指针/引用/句柄;副作用=无明显副作用;领域=自我;约束=noexcept+inline"	"1x 专用类/对应头文件：外设 || 1x 专用类/对应头文件：自我"	"自我动作实现.外设模块.ixx:5673: inline const 语素入口节点类* 特征_练习方向() noexcept || 自我动作实现模块.ixx:1925: inline const 语素入口节点类* 特征_练习方向() noexcept"	"同名不同功能或约束，禁止直接合并"
"特征_练习模式"	"2"	"2"	"0"	"2"	"1x 类别=执行;输入=有自定义类型;输出=指针/引用/句柄;副作用=无明显副作用;领域=外设;约束=noexcept+inline || 1x 类别=执行;输入=有自定义类型;输出=指针/引用/句柄;副作用=无明显副作用;领域=自我;约束=noexcept+inline"	"1x 专用类/对应头文件：外设 || 1x 专用类/对应头文件：自我"	"自我动作实现.外设模块.ixx:5666: inline const 语素入口节点类* 特征_练习模式() noexcept || 自我动作实现模块.ixx:1918: inline const 语素入口节点类* 特征_练习模式() noexcept"	"同名不同功能或约束，禁止直接合并"
"特征_绑定参数数量"	"2"	"2"	"0"	"2"	"1x 类别=未分类;输入=有自定义类型;输出=指针/引用/句柄;副作用=无明显副作用;领域=外设;约束=noexcept+inline || 1x 类别=未分类;输入=有自定义类型;输出=指针/引用/句柄;副作用=无明显副作用;领域=自我;约束=noexcept+inline"	"1x 专用类/对应头文件：外设 || 1x 专用类/对应头文件：自我"	"自我动作实现.外设模块.ixx:1879: inline const 语素入口节点类* 特征_绑定参数数量() noexcept || 自我动作实现模块.ixx:1372: inline const 语素入口节点类* 特征_绑定参数数量() noexcept"	"同名不同功能或约束，禁止直接合并"
"特征_结束时间"	"2"	"2"	"0"	"2"	"1x 类别=执行;输入=有自定义类型;输出=指针/引用/句柄;副作用=无明显副作用;领域=外设;约束=noexcept+inline || 1x 类别=执行;输入=有自定义类型;输出=指针/引用/句柄;副作用=无明显副作用;领域=自我;约束=noexcept+inline"	"1x 专用类/对应头文件：外设 || 1x 专用类/对应头文件：自我"	"自我动作实现.外设模块.ixx:1608: inline const 语素入口节点类* 特征_结束时间() noexcept || 自我动作实现模块.ixx:1101: inline const 语素入口节点类* 特征_结束时间() noexcept"	"同名不同功能或约束，禁止直接合并"
"特征_结果不符合次数"	"2"	"2"	"0"	"2"	"1x 类别=执行;输入=有自定义类型;输出=指针/引用/句柄;副作用=无明显副作用;领域=外设;约束=noexcept+inline || 1x 类别=执行;输入=有自定义类型;输出=指针/引用/句柄;副作用=无明显副作用;领域=自我;约束=noexcept+inline"	"1x 专用类/对应头文件：外设 || 1x 专用类/对应头文件：自我"	"自我动作实现.外设模块.ixx:1183: inline const 语素入口节点类* 特征_结果不符合次数() noexcept || 自我动作实现模块.ixx:669: inline const 语素入口节点类* 特征_结果不符合次数() noexcept"	"同名不同功能或约束，禁止直接合并"
"特征_结果符合次数"	"2"	"2"	"0"	"2"	"1x 类别=执行;输入=有自定义类型;输出=指针/引用/句柄;副作用=无明显副作用;领域=外设;约束=noexcept+inline || 1x 类别=执行;输入=有自定义类型;输出=指针/引用/句柄;副作用=无明显副作用;领域=自我;约束=noexcept+inline"	"1x 专用类/对应头文件：外设 || 1x 专用类/对应头文件：自我"	"自我动作实现.外设模块.ixx:1176: inline const 语素入口节点类* 特征_结果符合次数() noexcept || 自我动作实现模块.ixx:662: inline const 语素入口节点类* 特征_结果符合次数() noexcept"	"同名不同功能或约束，禁止直接合并"
"特征_缓存方法虚拟存在"	"2"	"2"	"0"	"2"	"1x 类别=执行;输入=有自定义类型;输出=指针/引用/句柄;副作用=无明显副作用;领域=外设;约束=noexcept+inline || 1x 类别=执行;输入=有自定义类型;输出=指针/引用/句柄;副作用=无明显副作用;领域=自我;约束=noexcept+inline"	"1x 专用类/对应头文件：外设 || 1x 专用类/对应头文件：自我"	"自我动作实现.外设模块.ixx:1942: inline const 语素入口节点类* 特征_缓存方法虚拟存在() noexcept || 自我动作实现模块.ixx:1435: inline const 语素入口节点类* 特征_缓存方法虚拟存在() noexcept"	"同名不同功能或约束，禁止直接合并"
"特征_缓存方法首节点"	"2"	"2"	"0"	"2"	"1x 类别=执行;输入=有自定义类型;输出=指针/引用/句柄;副作用=无明显副作用;领域=外设;约束=noexcept+inline || 1x 类别=执行;输入=有自定义类型;输出=指针/引用/句柄;副作用=无明显副作用;领域=自我;约束=noexcept+inline"	"1x 专用类/对应头文件：外设 || 1x 专用类/对应头文件：自我"	"自我动作实现.外设模块.ixx:1935: inline const 语素入口节点类* 特征_缓存方法首节点() noexcept || 自我动作实现模块.ixx:1428: inline const 语素入口节点类* 特征_缓存方法首节点() noexcept"	"同名不同功能或约束，禁止直接合并"
"特征_缺失参数数量"	"2"	"2"	"0"	"2"	"1x 类别=执行;输入=有自定义类型;输出=指针/引用/句柄;副作用=无明显副作用;领域=外设;约束=noexcept+inline || 1x 类别=执行;输入=有自定义类型;输出=指针/引用/句柄;副作用=无明显副作用;领域=自我;约束=noexcept+inline"	"1x 专用类/对应头文件：外设 || 1x 专用类/对应头文件：自我"	"自我动作实现.外设模块.ixx:1886: inline const 语素入口节点类* 特征_缺失参数数量() noexcept || 自我动作实现模块.ixx:1379: inline const 语素入口节点类* 特征_缺失参数数量() noexcept"	"同名不同功能或约束，禁止直接合并"
"特征_自我运行状态明确状态"	"2"	"2"	"0"	"2"	"1x 类别=执行;输入=有自定义类型;输出=指针/引用/句柄;副作用=无明显副作用;领域=外设;约束=noexcept+inline || 1x 类别=执行;输入=有自定义类型;输出=指针/引用/句柄;副作用=无明显副作用;领域=自我;约束=noexcept+inline"	"1x 专用类/对应头文件：外设 || 1x 专用类/对应头文件：自我"	"自我动作实现.外设模块.ixx:5939: inline const 语素入口节点类* 特征_自我运行状态明确状态() noexcept || 自我动作实现模块.ixx:2212: inline const 语素入口节点类* 特征_自我运行状态明确状态() noexcept"	"同名不同功能或约束，禁止直接合并"
"特征_自我运行状态正常状态"	"2"	"2"	"0"	"2"	"1x 类别=执行;输入=有自定义类型;输出=指针/引用/句柄;副作用=无明显副作用;领域=外设;约束=noexcept+inline || 1x 类别=执行;输入=有自定义类型;输出=指针/引用/句柄;副作用=无明显副作用;领域=自我;约束=noexcept+inline"	"1x 专用类/对应头文件：外设 || 1x 专用类/对应头文件：自我"	"自我动作实现.外设模块.ixx:5946: inline const 语素入口节点类* 特征_自我运行状态正常状态() noexcept || 自我动作实现模块.ixx:2219: inline const 语素入口节点类* 特征_自我运行状态正常状态() noexcept"	"同名不同功能或约束，禁止直接合并"
"特征_被需求当前状态"	"2"	"2"	"0"	"2"	"1x 类别=执行;输入=有自定义类型;输出=指针/引用/句柄;副作用=无明显副作用;领域=外设;约束=noexcept+inline || 1x 类别=执行;输入=有自定义类型;输出=指针/引用/句柄;副作用=无明显副作用;领域=自我;约束=noexcept+inline"	"1x 专用类/对应头文件：外设 || 1x 专用类/对应头文件：自我"	"自我动作实现.外设模块.ixx:777: inline const 语素入口节点类* 特征_被需求当前状态() noexcept || 自我动作实现模块.ixx:257: inline const 语素入口节点类* 特征_被需求当前状态() noexcept"	"同名不同功能或约束，禁止直接合并"
"特征_试运行次数"	"2"	"2"	"0"	"2"	"1x 类别=执行;输入=有自定义类型;输出=指针/引用/句柄;副作用=无明显副作用;领域=外设;约束=noexcept+inline || 1x 类别=执行;输入=有自定义类型;输出=指针/引用/句柄;副作用=无明显副作用;领域=自我;约束=noexcept+inline"	"1x 专用类/对应头文件：外设 || 1x 专用类/对应头文件：自我"	"自我动作实现.外设模块.ixx:5645: inline const 语素入口节点类* 特征_试运行次数() noexcept || 自我动作实现模块.ixx:1897: inline const 语素入口节点类* 特征_试运行次数() noexcept"	"同名不同功能或约束，禁止直接合并"
"特征_试运行限制包"	"2"	"2"	"0"	"2"	"1x 类别=执行;输入=有自定义类型;输出=指针/引用/句柄;副作用=无明显副作用;领域=外设;约束=noexcept+inline || 1x 类别=执行;输入=有自定义类型;输出=指针/引用/句柄;副作用=无明显副作用;领域=自我;约束=noexcept+inline"	"1x 专用类/对应头文件：外设 || 1x 专用类/对应头文件：自我"	"自我动作实现.外设模块.ixx:5659: inline const 语素入口节点类* 特征_试运行限制包() noexcept || 自我动作实现模块.ixx:1911: inline const 语素入口节点类* 特征_试运行限制包() noexcept"	"同名不同功能或约束，禁止直接合并"
"特征_读取特征类型"	"2"	"2"	"0"	"2"	"1x 类别=读取;输入=有自定义类型;输出=指针/引用/句柄;副作用=无明显副作用;领域=外设;约束=noexcept+inline || 1x 类别=读取;输入=有自定义类型;输出=指针/引用/句柄;副作用=无明显副作用;领域=自我;约束=noexcept+inline"	"1x 专用类/对应头文件：外设 || 1x 专用类/对应头文件：自我"	"自我动作实现.外设模块.ixx:1134: inline const 语素入口节点类* 特征_读取特征类型() noexcept || 自我动作实现模块.ixx:620: inline const 语素入口节点类* 特征_读取特征类型() noexcept"	"同名不同功能或约束，禁止直接合并"
"特征_资源压力降低状态"	"2"	"2"	"0"	"2"	"1x 类别=执行;输入=有自定义类型;输出=指针/引用/句柄;副作用=无明显副作用;领域=外设;约束=noexcept+inline || 1x 类别=执行;输入=有自定义类型;输出=指针/引用/句柄;副作用=无明显副作用;领域=自我;约束=noexcept+inline"	"1x 专用类/对应头文件：外设 || 1x 专用类/对应头文件：自我"	"自我动作实现.外设模块.ixx:7121: inline const 语素入口节点类* 特征_资源压力降低状态() noexcept || 自我动作实现模块.ixx:2275: inline const 语素入口节点类* 特征_资源压力降低状态() noexcept"	"同名不同功能或约束，禁止直接合并"
"特征_资源状态明确状态"	"2"	"2"	"0"	"2"	"1x 类别=执行;输入=有自定义类型;输出=指针/引用/句柄;副作用=无明显副作用;领域=外设;约束=noexcept+inline || 1x 类别=执行;输入=有自定义类型;输出=指针/引用/句柄;副作用=无明显副作用;领域=自我;约束=noexcept+inline"	"1x 专用类/对应头文件：外设 || 1x 专用类/对应头文件：自我"	"自我动作实现.外设模块.ixx:5953: inline const 语素入口节点类* 特征_资源状态明确状态() noexcept || 自我动作实现模块.ixx:2226: inline const 语素入口节点类* 特征_资源状态明确状态() noexcept"	"同名不同功能或约束，禁止直接合并"
"特征_资源状态足够状态"	"2"	"2"	"0"	"2"	"1x 类别=执行;输入=有自定义类型;输出=指针/引用/句柄;副作用=无明显副作用;领域=外设;约束=noexcept+inline || 1x 类别=执行;输入=有自定义类型;输出=指针/引用/句柄;副作用=无明显副作用;领域=自我;约束=noexcept+inline"	"1x 专用类/对应头文件：外设 || 1x 专用类/对应头文件：自我"	"自我动作实现.外设模块.ixx:5960: inline const 语素入口节点类* 特征_资源状态足够状态() noexcept || 自我动作实现模块.ixx:2233: inline const 语素入口节点类* 特征_资源状态足够状态() noexcept"	"同名不同功能或约束，禁止直接合并"
"特征_轮廓数量"	"2"	"2"	"0"	"2"	"1x 类别=执行;输入=有自定义类型;输出=指针/引用/句柄;副作用=无明显副作用;领域=外设;约束=noexcept+inline || 1x 类别=执行;输入=有自定义类型;输出=指针/引用/句柄;副作用=无明显副作用;领域=自我;约束=noexcept+inline"	"1x 专用类/对应头文件：外设 || 1x 专用类/对应头文件：自我"	"自我动作实现.外设模块.ixx:2397: inline const 语素入口节点类* 特征_轮廓数量() noexcept || 自我动作实现模块.ixx:1736: inline const 语素入口节点类* 特征_轮廓数量() noexcept"	"同名不同功能或约束，禁止直接合并"
"特征_运行时长"	"2"	"2"	"0"	"2"	"1x 类别=执行;输入=有自定义类型;输出=指针/引用/句柄;副作用=无明显副作用;领域=外设;约束=noexcept+inline || 1x 类别=执行;输入=有自定义类型;输出=指针/引用/句柄;副作用=无明显副作用;领域=自我;约束=noexcept+inline"	"1x 专用类/对应头文件：外设 || 1x 专用类/对应头文件：自我"	"自我动作实现.外设模块.ixx:1148: inline const 语素入口节点类* 特征_运行时长() noexcept || 自我动作实现模块.ixx:634: inline const 语素入口节点类* 特征_运行时长() noexcept"	"同名不同功能或约束，禁止直接合并"
"特征_运行次数"	"2"	"2"	"0"	"2"	"1x 类别=执行;输入=有自定义类型;输出=指针/引用/句柄;副作用=无明显副作用;领域=外设;约束=noexcept+inline || 1x 类别=执行;输入=有自定义类型;输出=指针/引用/句柄;副作用=无明显副作用;领域=自我;约束=noexcept+inline"	"1x 专用类/对应头文件：外设 || 1x 专用类/对应头文件：自我"	"自我动作实现.外设模块.ixx:1155: inline const 语素入口节点类* 特征_运行次数() noexcept || 自我动作实现模块.ixx:641: inline const 语素入口节点类* 特征_运行次数() noexcept"	"同名不同功能或约束，禁止直接合并"
"特征_运行状态"	"2"	"2"	"0"	"2"	"1x 类别=执行;输入=有自定义类型;输出=指针/引用/句柄;副作用=无明显副作用;领域=外设;约束=noexcept+inline || 1x 类别=执行;输入=有自定义类型;输出=指针/引用/句柄;副作用=无明显副作用;领域=自我;约束=noexcept+inline"	"1x 专用类/对应头文件：外设 || 1x 专用类/对应头文件：自我"	"自我动作实现.外设模块.ixx:2173: inline const 语素入口节点类* 特征_运行状态() noexcept || 自我动作实现模块.ixx:1666: inline const 语素入口节点类* 特征_运行状态() noexcept"	"同名不同功能或约束，禁止直接合并"
"特征_返回参数信息"	"2"	"2"	"0"	"2"	"1x 类别=执行;输入=有自定义类型;输出=指针/引用/句柄;副作用=无明显副作用;领域=外设;约束=noexcept+inline || 1x 类别=执行;输入=有自定义类型;输出=指针/引用/句柄;副作用=无明显副作用;领域=自我;约束=noexcept+inline"	"1x 专用类/对应头文件：外设 || 1x 专用类/对应头文件：自我"	"自我动作实现.外设模块.ixx:1580: inline const 语素入口节点类* 特征_返回参数信息() noexcept || 自我动作实现模块.ixx:1073: inline const 语素入口节点类* 特征_返回参数信息() noexcept"	"同名不同功能或约束，禁止直接合并"
"特征_返回场景信息"	"2"	"2"	"0"	"2"	"1x 类别=执行;输入=有自定义类型;输出=指针/引用/句柄;副作用=无明显副作用;领域=外设;约束=noexcept+inline || 1x 类别=执行;输入=有自定义类型;输出=指针/引用/句柄;副作用=无明显副作用;领域=自我;约束=noexcept+inline"	"1x 专用类/对应头文件：外设 || 1x 专用类/对应头文件：自我"	"自我动作实现.外设模块.ixx:1587: inline const 语素入口节点类* 特征_返回场景信息() noexcept || 自我动作实现模块.ixx:1080: inline const 语素入口节点类* 特征_返回场景信息() noexcept"	"同名不同功能或约束，禁止直接合并"
"特征_选中方法虚拟存在"	"2"	"2"	"0"	"2"	"1x 类别=执行;输入=有自定义类型;输出=指针/引用/句柄;副作用=无明显副作用;领域=外设;约束=noexcept+inline || 1x 类别=执行;输入=有自定义类型;输出=指针/引用/句柄;副作用=无明显副作用;领域=自我;约束=noexcept+inline"	"1x 专用类/对应头文件：外设 || 1x 专用类/对应头文件：自我"	"自我动作实现.外设模块.ixx:1949: inline const 语素入口节点类* 特征_选中方法虚拟存在() noexcept || 自我动作实现模块.ixx:1442: inline const 语素入口节点类* 特征_选中方法虚拟存在() noexcept"	"同名不同功能或约束，禁止直接合并"
"特征_选中方法首节点"	"2"	"2"	"0"	"2"	"1x 类别=执行;输入=有自定义类型;输出=指针/引用/句柄;副作用=无明显副作用;领域=外设;约束=noexcept+inline || 1x 类别=执行;输入=有自定义类型;输出=指针/引用/句柄;副作用=无明显副作用;领域=自我;约束=noexcept+inline"	"1x 专用类/对应头文件：外设 || 1x 专用类/对应头文件：自我"	"自我动作实现.外设模块.ixx:1921: inline const 语素入口节点类* 特征_选中方法首节点() noexcept || 自我动作实现模块.ixx:1414: inline const 语素入口节点类* 特征_选中方法首节点() noexcept"	"同名不同功能或约束，禁止直接合并"
"特征_配对状态"	"2"	"2"	"0"	"2"	"1x 类别=执行;输入=有自定义类型;输出=指针/引用/句柄;副作用=无明显副作用;领域=外设;约束=noexcept+inline || 1x 类别=执行;输入=有自定义类型;输出=指针/引用/句柄;副作用=无明显副作用;领域=自我;约束=noexcept+inline"	"1x 专用类/对应头文件：外设 || 1x 专用类/对应头文件：自我"	"自我动作实现.外设模块.ixx:1900: inline const 语素入口节点类* 特征_配对状态() noexcept || 自我动作实现模块.ixx:1393: inline const 语素入口节点类* 特征_配对状态() noexcept"	"同名不同功能或约束，禁止直接合并"
"特征_降级保护状态"	"2"	"2"	"0"	"2"	"1x 类别=执行;输入=有自定义类型;输出=指针/引用/句柄;副作用=无明显副作用;领域=外设;约束=noexcept+inline || 1x 类别=执行;输入=有自定义类型;输出=指针/引用/句柄;副作用=无明显副作用;领域=自我;约束=noexcept+inline"	"1x 专用类/对应头文件：外设 || 1x 专用类/对应头文件：自我"	"自我动作实现.外设模块.ixx:7114: inline const 语素入口节点类* 特征_降级保护状态() noexcept || 自我动作实现模块.ixx:2268: inline const 语素入口节点类* 特征_降级保护状态() noexcept"	"同名不同功能或约束，禁止直接合并"
"特征_限制包"	"2"	"2"	"0"	"2"	"1x 类别=执行;输入=有自定义类型;输出=指针/引用/句柄;副作用=无明显副作用;领域=外设;约束=noexcept+inline || 1x 类别=执行;输入=有自定义类型;输出=指针/引用/句柄;副作用=无明显副作用;领域=自我;约束=noexcept+inline"	"1x 专用类/对应头文件：外设 || 1x 专用类/对应头文件：自我"	"自我动作实现.外设模块.ixx:5554: inline const 语素入口节点类* 特征_限制包() noexcept || 自我动作实现模块.ixx:1806: inline const 语素入口节点类* 特征_限制包() noexcept"	"同名不同功能或约束，禁止直接合并"
"特征_需求有效截止"	"2"	"2"	"0"	"2"	"1x 类别=校验;输入=有自定义类型;输出=指针/引用/句柄;副作用=无明显副作用;领域=外设;约束=noexcept+inline || 1x 类别=校验;输入=有自定义类型;输出=指针/引用/句柄;副作用=无明显副作用;领域=自我;约束=noexcept+inline"	"1x 专用类/对应头文件：外设 || 1x 专用类/对应头文件：自我"	"自我动作实现.外设模块.ixx:784: inline const 语素入口节点类* 特征_需求有效截止() noexcept || 自我动作实现模块.ixx:264: inline const 语素入口节点类* 特征_需求有效截止() noexcept"	"同名不同功能或约束，禁止直接合并"
"特征_需求条件包"	"2"	"2"	"0"	"2"	"1x 类别=执行;输入=有自定义类型;输出=指针/引用/句柄;副作用=无明显副作用;领域=外设;约束=noexcept+inline || 1x 类别=执行;输入=有自定义类型;输出=指针/引用/句柄;副作用=无明显副作用;领域=自我;约束=noexcept+inline"	"1x 专用类/对应头文件：外设 || 1x 专用类/对应头文件：自我"	"自我动作实现.外设模块.ixx:1683: inline const 语素入口节点类* 特征_需求条件包() noexcept || 自我动作实现模块.ixx:1176: inline const 语素入口节点类* 特征_需求条件包() noexcept"	"同名不同功能或约束，禁止直接合并"
"特征_需求满足情况"	"2"	"2"	"0"	"2"	"1x 类别=执行;输入=有自定义类型;输出=指针/引用/句柄;副作用=无明显副作用;领域=外设;约束=noexcept+inline || 1x 类别=执行;输入=有自定义类型;输出=指针/引用/句柄;副作用=无明显副作用;领域=自我;约束=noexcept+inline"	"1x 专用类/对应头文件：外设 || 1x 专用类/对应头文件：自我"	"自我动作实现.外设模块.ixx:5883: inline const 语素入口节点类* 特征_需求满足情况() noexcept || 自我动作实现模块.ixx:2156: inline const 语素入口节点类* 特征_需求满足情况() noexcept"	"同名不同功能或约束，禁止直接合并"
"特征_需求状态动作动态"	"2"	"2"	"0"	"2"	"1x 类别=执行;输入=有自定义类型;输出=指针/引用/句柄;副作用=无明显副作用;领域=外设;约束=noexcept+inline || 1x 类别=执行;输入=有自定义类型;输出=指针/引用/句柄;副作用=无明显副作用;领域=自我;约束=noexcept+inline"	"1x 专用类/对应头文件：外设 || 1x 专用类/对应头文件：自我"	"自我动作实现.外设模块.ixx:910: inline const 语素入口节点类* 特征_需求状态动作动态() noexcept || 自我动作实现模块.ixx:390: inline const 语素入口节点类* 特征_需求状态动作动态() noexcept"	"同名不同功能或约束，禁止直接合并"
"特征_非必要任务暂停状态"	"2"	"2"	"0"	"2"	"1x 类别=执行;输入=有自定义类型;输出=指针/引用/句柄;副作用=无明显副作用;领域=外设;约束=noexcept+inline || 1x 类别=执行;输入=有自定义类型;输出=指针/引用/句柄;副作用=无明显副作用;领域=自我;约束=noexcept+inline"	"1x 专用类/对应头文件：外设 || 1x 专用类/对应头文件：自我"	"自我动作实现.外设模块.ixx:7135: inline const 语素入口节点类* 特征_非必要任务暂停状态() noexcept || 自我动作实现模块.ixx:2289: inline const 语素入口节点类* 特征_非必要任务暂停状态() noexcept"	"同名不同功能或约束，禁止直接合并"
"特征_预测状态"	"2"	"2"	"0"	"2"	"1x 类别=执行;输入=有自定义类型;输出=指针/引用/句柄;副作用=无明显副作用;领域=外设;约束=noexcept+inline || 1x 类别=执行;输入=有自定义类型;输出=指针/引用/句柄;副作用=无明显副作用;领域=自我;约束=noexcept+inline"	"1x 专用类/对应头文件：外设 || 1x 专用类/对应头文件：自我"	"自我动作实现.外设模块.ixx:5784: inline const 语素入口节点类* 特征_预测状态() noexcept || 自我动作实现模块.ixx:2036: inline const 语素入口节点类* 特征_预测状态() noexcept"	"同名不同功能或约束，禁止直接合并"
"特征_风险传播阻断状态"	"2"	"2"	"0"	"2"	"1x 类别=执行;输入=有自定义类型;输出=指针/引用/句柄;副作用=无明显副作用;领域=外设;约束=noexcept+inline || 1x 类别=执行;输入=有自定义类型;输出=指针/引用/句柄;副作用=无明显副作用;领域=自我;约束=noexcept+inline"	"1x 专用类/对应头文件：外设 || 1x 专用类/对应头文件：自我"	"自我动作实现.外设模块.ixx:7128: inline const 语素入口节点类* 特征_风险传播阻断状态() noexcept || 自我动作实现模块.ixx:2282: inline const 语素入口节点类* 特征_风险传播阻断状态() noexcept"	"同名不同功能或约束，禁止直接合并"
"特征_风险状态可控状态"	"2"	"2"	"0"	"2"	"1x 类别=执行;输入=有自定义类型;输出=指针/引用/句柄;副作用=无明显副作用;领域=外设;约束=noexcept+inline || 1x 类别=执行;输入=有自定义类型;输出=指针/引用/句柄;副作用=无明显副作用;领域=自我;约束=noexcept+inline"	"1x 专用类/对应头文件：外设 || 1x 专用类/对应头文件：自我"	"自我动作实现.外设模块.ixx:5981: inline const 语素入口节点类* 特征_风险状态可控状态() noexcept || 自我动作实现模块.ixx:2254: inline const 语素入口节点类* 特征_风险状态可控状态() noexcept"	"同名不同功能或约束，禁止直接合并"
"特征_风险状态明确状态"	"2"	"2"	"0"	"2"	"1x 类别=执行;输入=有自定义类型;输出=指针/引用/句柄;副作用=无明显副作用;领域=外设;约束=noexcept+inline || 1x 类别=执行;输入=有自定义类型;输出=指针/引用/句柄;副作用=无明显副作用;领域=自我;约束=noexcept+inline"	"1x 专用类/对应头文件：外设 || 1x 专用类/对应头文件：自我"	"自我动作实现.外设模块.ixx:5974: inline const 语素入口节点类* 特征_风险状态明确状态() noexcept || 自我动作实现模块.ixx:2247: inline const 语素入口节点类* 特征_风险状态明确状态() noexcept"	"同名不同功能或约束，禁止直接合并"
"特征值主信息类"	"2"	"1"	"1"	"1"	"2x 类别=执行;输入=有自定义类型;输出=其他;副作用=无明显副作用;领域=特征值;约束=无显式约束"	"2x 专用类/对应头文件：特征值"	"特征值主信息类.h:19: 特征值主信息类() = default || 特征值主信息类.h:22: explicit 特征值主信息类(VecIU64 v) : 值(std::move(v))"	"功能签名一致，按专用归属复核"
"特征类::写入三维体素二分层链"	"2"	"2"	"0"	"2"	"1x 类别=写入;输入=有自定义类型;输出=整数/时间;副作用=无明显副作用;领域=特征;约束=无显式约束 || 1x 类别=写入;输入=有自定义类型;输出=指针/引用/句柄;副作用=无明显副作用;领域=特征;约束=无显式约束"	"2x 专用类/对应头文件：特征"	"特征类.cpp:3301: 结构_三维体素链写入结果 特征类::写入三维体素二分层链( 特征值类& 值池, 特征节点类* 节点, const VecIU64& 占据位块, const std::uint32_t 细分层数, const std::uint32_t 最小体素边长_mm, 时间戳 now) || 特征类.cpp:3326: 结构_三维体素链写入结果 特征类::写入三维体素二分层链( 特征值类& 值池, 特征节点类* 节点, const VecIU64& 占据位块, const std::uint32_t 细分层数, const std::uint32_t 原始宽度, const std::uint32_t 原始高度, const std::uint32_t 原始深度, cons"	"同名不同功能或约束，禁止直接合并"
"特征类::取抽象特征主信息"	"2"	"2"	"0"	"1"	"2x 类别=执行;输入=有自定义类型;输出=指针/引用/句柄;副作用=无明显副作用;领域=特征;约束=noexcept"	"2x 专用类/对应头文件：特征"	"特征类.cpp:545: 抽象特征主信息类* 特征类::取抽象特征主信息(抽象特征节点类* 节点) const noexcept || 特征类.cpp:551: const 抽象特征主信息类* 特征类::取抽象特征主信息(const 抽象特征节点类* 节点) const noexcept"	"功能签名一致，按专用归属复核"
"特征类::取特征主信息"	"2"	"2"	"0"	"1"	"2x 类别=执行;输入=有自定义类型;输出=指针/引用/句柄;副作用=无明显副作用;领域=特征;约束=noexcept"	"2x 专用类/对应头文件：特征"	"特征类.cpp:533: 特征节点主信息类* 特征类::取特征主信息(特征节点类* 节点) const noexcept || 特征类.cpp:539: const 特征节点主信息类* 特征类::取特征主信息(const 特征节点类* 节点) const noexcept"	"功能签名一致，按专用归属复核"
"状态类::取状态主信息"	"2"	"2"	"0"	"1"	"2x 类别=执行;输入=有自定义类型;输出=指针/引用/句柄;副作用=无明显副作用;领域=全局通用候选;约束=noexcept"	"2x 原地保留/待复核"	"状态类.cpp:170: 状态节点主信息类* 状态类::取状态主信息(状态节点类* 节点) const noexcept || 状态类.cpp:176: const 状态节点主信息类* 状态类::取状态主信息(const 状态节点类* 节点) const noexcept"	"功能签名一致，按专用归属复核"
"生成需求方向签名"	"2"	"0"	"2"	"1"	"2x 类别=生成;输入=有自定义类型;输出=指针/引用/句柄;副作用=无明显副作用;领域=需求;约束=noexcept+static"	"2x 专用类/对应头文件：需求"	"需求类.h:362: static 结构_需求方向签名 生成需求方向签名( const 二次特征主信息类* 比较主信息) noexcept || 需求类.h:365: static 结构_需求方向签名 生成需求方向签名( const 二次特征节点类* 比较节点) noexcept"	"功能签名一致，按专用归属复核"
"确保方法结果能力方向"	"2"	"2"	"0"	"2"	"1x 类别=未分类;输入=有自定义类型;输出=bool;副作用=无明显副作用;领域=外设;约束=noexcept+inline || 1x 类别=未分类;输入=有自定义类型;输出=bool;副作用=无明显副作用;领域=自我;约束=noexcept+inline"	"1x 专用类/对应头文件：外设 || 1x 专用类/对应头文件：自我"	"自我动作实现.外设模块.ixx:8655: inline bool 确保方法结果能力方向( 方法类::节点类* 方法首节点, const 语素入口节点类* 目标特征类型, 枚举_结果变化方向 方向) noexcept || 自我动作实现模块.ixx:3196: inline bool 确保方法结果能力方向( 方法类::节点类* 方法首节点, const 语素入口节点类* 目标特征类型, 枚举_结果变化方向 方向) noexcept"	"同名不同功能或约束，禁止直接合并"
"确保本能方法"	"2"	"2"	"0"	"2"	"1x 类别=未分类;输入=有自定义类型;输出=整数/时间;副作用=无明显副作用;领域=外设;约束=noexcept+inline || 1x 类别=未分类;输入=有自定义类型;输出=整数/时间;副作用=无明显副作用;领域=自我;约束=noexcept+inline"	"1x 专用类/对应头文件：外设 || 1x 专用类/对应头文件：自我"	"自我动作实现.外设模块.ixx:9281: inline 方法类::节点类* 确保本能方法( 方法类::节点类* 方法树锚点, 枚举_本能方法ID 本能ID, 时间戳 now) noexcept || 自我动作实现模块.ixx:4190: inline 方法类::节点类* 确保本能方法( 方法类::节点类* 方法树锚点, 枚举_本能方法ID 本能ID, 时间戳 now) noexcept"	"同名不同功能或约束，禁止直接合并"
"确认自我扫描当前场景规格"	"2"	"2"	"0"	"2"	"1x 类别=比较;输入=有自定义类型;输出=bool;副作用=无明显副作用;领域=自我;约束=noexcept || 1x 类别=比较;输入=有自定义类型;输出=bool;副作用=无明显副作用;领域=自我;约束=noexcept+inline"	"2x 专用类/对应头文件：自我"	"自我动作实现.扫描.ixx:1821: export bool 确认自我扫描当前场景规格( 方法类::节点类* 方法首节点, 存在节点类* 方法存在, 时间戳 now) noexcept || 自我动作实现模块.ixx:8636: inline bool 确认自我扫描当前场景规格( 方法类::节点类* 方法首节点, 存在节点类* 方法存在, 时间戳 now) noexcept"	"同名不同功能或约束，禁止直接合并"
"私有_HRESULT文本"	"2"	"2"	"0"	"2"	"1x 类别=未分类;输入=无自定义类型;输出=文本;副作用=无明显副作用;领域=控制面板;约束=无显式约束 || 1x 类别=转换;输入=无自定义类型;输出=文本;副作用=无明显副作用;领域=全局通用候选;约束=无显式约束"	"1x 专用类/对应头文件：控制面板 || 1x 全局共享函数类.ixx候选"	"控制面板WebView2.cpp:97: std::string 私有_HRESULT文本(HRESULT 值) || 数据库ADO模块.cpp:92: std::string 私有_HRESULT文本(const HRESULT 值)"	"同名不同功能或约束，禁止直接合并"
"私有_SQL布尔"	"2"	"2"	"0"	"2"	"1x 类别=未分类;输入=无自定义类型;输出=bool;副作用=无明显副作用;领域=语素;约束=无显式约束 || 1x 类别=未分类;输入=无自定义类型;输出=bool;副作用=无明显副作用;领域=需求;约束=无显式约束"	"1x 专用类/对应头文件：语素 || 1x 专用类/对应头文件：需求"	"语素类.cpp:339: std::string 私有_SQL布尔(const bool 值) || 需求类.cpp:83: std::string 私有_SQL布尔(const bool 值)"	"同名不同功能或约束，禁止直接合并"
"私有_UTF8转宽字串"	"2"	"2"	"0"	"2"	"1x 类别=未分类;输入=无自定义类型;输出=文本;副作用=无明显副作用;领域=控制面板;约束=无显式约束 || 1x 类别=转换;输入=无自定义类型;输出=文本;副作用=无明显副作用;领域=全局通用候选;约束=无显式约束"	"1x 专用类/对应头文件：控制面板 || 1x 全局共享函数类.ixx候选"	"控制面板WebView2.cpp:145: std::wstring 私有_UTF8转宽字串(const std::string& 输入) || 数据库ADO模块.cpp:25: std::wstring 私有_UTF8转宽字串(const std::string_view 输入)"	"同名不同功能或约束，禁止直接合并"
"私有_主信息类型文本"	"2"	"2"	"0"	"2"	"1x 类别=未分类;输入=有自定义类型;输出=文本;副作用=无明显副作用;领域=控制面板;约束=noexcept || 1x 类别=未分类;输入=有自定义类型;输出=文本;副作用=无明显副作用;领域=语素;约束=noexcept"	"1x 专用类/对应头文件：控制面板 || 1x 专用类/对应头文件：语素"	"控制面板类.cpp:1242: const char* 私有_主信息类型文本(const 枚举_主信息类型 类型) noexcept || 语素类.cpp:151: const char* 私有_主信息类型文本(const 枚举_主信息类型 类型) noexcept"	"同名不同功能或约束，禁止直接合并"
"私有_二次特征种类文本"	"2"	"2"	"0"	"2"	"1x 类别=未分类;输入=有自定义类型;输出=文本;副作用=无明显副作用;领域=语言;约束=无显式约束 || 1x 类别=未分类;输入=有自定义类型;输出=文本;副作用=无明显副作用;领域=语言;约束=noexcept"	"2x 专用类/对应头文件：语言"	"语言类_二次特征表达.cpp:49: std::string 私有_二次特征种类文本(枚举_二次特征种类 种类) || 语言类_基础信息命名.cpp:90: std::string 私有_二次特征种类文本(枚举_二次特征种类 种类) noexcept"	"同名不同功能或约束，禁止直接合并"
"私有_从任务引用解析任务节点"	"2"	"2"	"0"	"1"	"2x 类别=解析;输入=有自定义类型;输出=指针/引用/句柄;副作用=无明显副作用;领域=自我;约束=noexcept"	"2x 专用类/对应头文件：自我"	"自我线程模块.impl.cpp:3263: 任务节点* 私有_从任务引用解析任务节点( 可解析引用<任务节点类>& 引用) noexcept || 自我线程模块.impl.cpp:3279: 任务节点* 私有_从任务引用解析任务节点( const 可解析引用<任务节点类>& 引用) noexcept"	"功能签名一致，按专用归属复核"
"私有_从需求引用解析需求节点"	"2"	"2"	"0"	"1"	"2x 类别=解析;输入=有自定义类型;输出=指针/引用/句柄;副作用=无明显副作用;领域=自我;约束=noexcept"	"2x 专用类/对应头文件：自我"	"自我线程模块.impl.cpp:3311: 需求节点* 私有_从需求引用解析需求节点( 可解析引用<需求节点类>& 引用) noexcept || 自我线程模块.impl.cpp:3332: 需求节点* 私有_从需求引用解析需求节点( const 可解析引用<需求节点类>& 引用) noexcept"	"功能签名一致，按专用归属复核"
"私有_任务状态文本"	"2"	"2"	"0"	"2"	"1x 类别=未分类;输入=有自定义类型;输出=文本;副作用=无明显副作用;领域=控制面板;约束=noexcept || 1x 类别=未分类;输入=有自定义类型;输出=文本;副作用=无明显副作用;领域=自我;约束=noexcept"	"1x 专用类/对应头文件：控制面板 || 1x 专用类/对应头文件：自我"	"控制面板类.cpp:712: const char* 私有_任务状态文本(const 枚举_任务状态 状态) noexcept || 自我类.初始化.cpp:770: const char* 私有_任务状态文本(枚举_任务状态 状态) noexcept"	"同名不同功能或约束，禁止直接合并"
"私有_任务管理总控结果文本"	"2"	"2"	"0"	"2"	"1x 类别=未分类;输入=有自定义类型;输出=文本;副作用=无明显副作用;领域=控制面板;约束=noexcept || 1x 类别=未分类;输入=有自定义类型;输出=文本;副作用=无明显副作用;领域=全局通用候选;约束=noexcept"	"1x 专用类/对应头文件：控制面板 || 1x 原地保留/待复核"	"控制面板类.cpp:1227: const char* 私有_任务管理总控结果文本(const 枚举_任务管理总控结果 结果) noexcept || 鱼巢.cpp:537: const char* 私有_任务管理总控结果文本(枚举_任务管理总控结果 结果) noexcept"	"同名不同功能或约束，禁止直接合并"
"私有_信息入口类型文本"	"2"	"2"	"0"	"2"	"1x 类别=未分类;输入=有自定义类型;输出=文本;副作用=无明显副作用;领域=控制面板;约束=noexcept || 1x 类别=未分类;输入=有自定义类型;输出=文本;副作用=无明显副作用;领域=语素;约束=noexcept"	"1x 专用类/对应头文件：控制面板 || 1x 专用类/对应头文件：语素"	"控制面板类.cpp:1275: const char* 私有_信息入口类型文本(const 枚举_信息入口类型 类型) noexcept || 语素类.cpp:172: const char* 私有_信息入口类型文本(const 枚举_信息入口类型 类型) noexcept"	"同名不同功能或约束，禁止直接合并"
"私有_写入方法类型特征"	"2"	"2"	"0"	"2"	"1x 类别=写入;输入=有自定义类型;输出=bool;副作用=无明显副作用;领域=方法;约束=无显式约束 || 1x 类别=写入;输入=有自定义类型;输出=bool;副作用=无明显副作用;领域=方法;约束=noexcept"	"2x 专用类/对应头文件：方法"	"方法类.cpp:880: bool 私有_写入方法类型特征( 存在节点类* 方法虚拟存在, 枚举_方法类型 方法类型, 时间戳 now) || 本能方法类.cpp:217: bool 私有_写入方法类型特征(存在节点类* 方法虚拟存在, 枚举_方法类型 方法类型) noexcept"	"同名不同功能或约束，禁止直接合并"
"私有_写入状态节点引用"	"2"	"2"	"0"	"2"	"1x 类别=写入;输入=有自定义类型;输出=void;副作用=无明显副作用;领域=任务;约束=noexcept || 1x 类别=写入;输入=有自定义类型;输出=void;副作用=无明显副作用;领域=自我;约束=noexcept"	"1x 专用类/对应头文件：任务 || 1x 专用类/对应头文件：自我"	"任务模块.管理工作线程.ixx:243: void 私有_写入状态节点引用( 可解析引用<状态节点类>& 输出, 状态节点类* 节点) noexcept || 自我线程模块.impl.cpp:2448: void 私有_写入状态节点引用(可解析引用<状态节点类>& 输出, 状态节点类* 节点) noexcept"	"同名不同功能或约束，禁止直接合并"
"私有_写入需求节点引用"	"2"	"2"	"0"	"2"	"1x 类别=写入;输入=有自定义类型;输出=void;副作用=无明显副作用;领域=任务;约束=noexcept || 1x 类别=写入;输入=有自定义类型;输出=void;副作用=无明显副作用;领域=自我;约束=noexcept"	"1x 专用类/对应头文件：任务 || 1x 专用类/对应头文件：自我"	"任务模块.管理工作线程.ixx:216: void 私有_写入需求节点引用( 可解析引用<需求节点类>& 输出, 需求节点* 节点) noexcept || 自我线程模块.impl.cpp:2441: void 私有_写入需求节点引用(可解析引用<需求节点类>& 输出, 需求节点* 节点) noexcept"	"同名不同功能或约束，禁止直接合并"
"私有_动作句柄相等"	"2"	"2"	"0"	"2"	"1x 类别=未分类;输入=有自定义类型;输出=bool;副作用=无明显副作用;领域=方法;约束=noexcept+static || 1x 类别=未分类;输入=有自定义类型;输出=bool;副作用=无明显副作用;领域=方法;约束=noexcept"	"2x 专用类/对应头文件：方法"	"方法主信息类.h:510: static bool 私有_动作句柄相等(const 结构体_动作句柄& a, const 结构体_动作句柄& b) noexcept || 方法类.cpp:27: bool 私有_动作句柄相等(const 结构体_动作句柄& 左, const 结构体_动作句柄& 右) noexcept"	"同名不同功能或约束，禁止直接合并"
"私有_包含片段"	"2"	"2"	"0"	"2"	"1x 类别=未分类;输入=无自定义类型;输出=bool;副作用=无明显副作用;领域=动态;约束=无显式约束 || 1x 类别=未分类;输入=无自定义类型;输出=bool;副作用=无明显副作用;领域=全局通用候选;约束=noexcept"	"1x 专用类/对应头文件：动态 || 1x 全局共享函数类.ixx候选"	"动态类.cpp:36: bool 私有_包含片段(const std::string& 文本, const char* 片段) || 鱼巢.cpp:687: bool 私有_包含片段(const std::string& 文本, const std::string& 片段) noexcept"	"同名不同功能或约束，禁止直接合并"
"私有_取所属场景"	"2"	"2"	"0"	"2"	"1x 类别=未分类;输入=有自定义类型;输出=指针/引用/句柄;副作用=无明显副作用;领域=特征;约束=noexcept || 1x 类别=未分类;输入=有自定义类型;输出=指针/引用/句柄;副作用=无明显副作用;领域=需求;约束=noexcept"	"1x 专用类/对应头文件：特征 || 1x 专用类/对应头文件：需求"	"二次特征应用模块.ixx:815: 场景节点类* 私有_取所属场景(const 基础信息类* 基础信息, const 基础信息节点类* 节点) noexcept || 需求类.cpp:458: 场景节点类* 私有_取所属场景(状态节点类* 状态节点) noexcept"	"同名不同功能或约束，禁止直接合并"
"私有_取方法节点"	"2"	"2"	"0"	"1"	"2x 类别=未分类;输入=有自定义类型;输出=指针/引用/句柄;副作用=无明显副作用;领域=任务;约束=noexcept"	"2x 专用类/对应头文件：任务"	"任务类.cpp:59: 方法节点* 私有_取方法节点(方法节点类* 节点) noexcept || 任务类.cpp:188: const 方法节点* 私有_取方法节点(const 方法节点类* 节点) noexcept"	"功能签名一致，按专用归属复核"
"私有_取状态排序时间"	"2"	"1"	"1"	"2"	"1x 类别=未分类;输入=有自定义类型;输出=整数/时间;副作用=无明显副作用;领域=场景;约束=noexcept || 1x 类别=未分类;输入=有自定义类型;输出=整数/时间;副作用=无明显副作用;领域=全局通用候选;约束=noexcept+static"	"1x 专用类/对应头文件：场景 || 1x 原地保留/待复核"	"场景类.cpp:54: 时间戳 私有_取状态排序时间(const 状态节点主信息类& 主信息) noexcept || 状态类.h:183: static 时间戳 私有_取状态排序时间(const 状态节点主信息类& 主信息) noexcept"	"同名不同功能或约束，禁止直接合并"
"私有_同步方法状态特征"	"2"	"2"	"0"	"2"	"1x 类别=更新;输入=有自定义类型;输出=bool;副作用=无明显副作用;领域=方法;约束=无显式约束 || 1x 类别=更新;输入=有自定义类型;输出=bool;副作用=无明显副作用;领域=存在;约束=noexcept"	"1x 专用类/对应头文件：方法 || 1x 专用类/对应头文件：存在"	"方法类.cpp:838: bool 私有_同步方法状态特征( 方法节点* 方法首节点, 存在节点类* 宿主存在, 时间戳 now) || 方法虚拟存在服务类.cpp:438: bool 私有_同步方法状态特征( 方法类::节点类* 方法首节点, 存在节点类* 宿主存在, 时间戳 now) noexcept"	"同名不同功能或约束，禁止直接合并"
"私有_基础节点短名"	"2"	"2"	"0"	"1"	"2x 类别=未分类;输入=有自定义类型;输出=文本;副作用=无明显副作用;领域=语言;约束=无显式约束"	"2x 专用类/对应头文件：语言"	"语言类_二次特征表达.cpp:332: std::string 私有_基础节点短名(const 基础信息类* 基础信息, const 基础信息节点类* 节点) || 语言类_基础信息命名.cpp:71: std::string 私有_基础节点短名(const 基础信息节点类* 节点)"	"功能签名一致，按专用归属复核"
"私有_安全文本"	"2"	"2"	"0"	"1"	"2x 类别=未分类;输入=无自定义类型;输出=文本;副作用=无明显副作用;领域=语言;约束=无显式约束"	"2x 专用类/对应头文件：语言"	"语言类_二次特征表达.cpp:28: std::string 私有_安全文本(std::string 文本, const std::string& 回退) || 语言类_基础信息命名.cpp:26: std::string 私有_安全文本(const std::string& 文本, const std::string& 默认值)"	"功能签名一致，按专用归属复核"
"私有_宽字串转UTF8"	"2"	"2"	"0"	"2"	"1x 类别=未分类;输入=无自定义类型;输出=文本;副作用=无明显副作用;领域=控制面板;约束=无显式约束 || 1x 类别=转换;输入=无自定义类型;输出=文本;副作用=无明显副作用;领域=全局通用候选;约束=无显式约束"	"1x 专用类/对应头文件：控制面板 || 1x 全局共享函数类.ixx候选"	"控制面板WebView2.cpp:262: std::string 私有_宽字串转UTF8(const std::wstring& 输入) || 数据库ADO模块.cpp:52: std::string 私有_宽字串转UTF8(const std::wstring_view 输入)"	"同名不同功能或约束，禁止直接合并"
"私有_归一到方法首节点"	"2"	"2"	"0"	"2"	"1x 类别=未分类;输入=有自定义类型;输出=指针/引用/句柄;副作用=无明显副作用;领域=方法;约束=noexcept || 1x 类别=未分类;输入=有自定义类型;输出=指针/引用/句柄;副作用=无明显副作用;领域=存在;约束=noexcept"	"1x 专用类/对应头文件：方法 || 1x 专用类/对应头文件：存在"	"方法类.cpp:141: 方法节点* 私有_归一到方法首节点(方法节点* 节点) noexcept || 方法虚拟存在服务类.cpp:14: 方法类::节点类* 私有_归一到方法首节点(方法类::节点类* 节点) noexcept"	"同名不同功能或约束，禁止直接合并"
"私有_执行前门控结果文本"	"2"	"2"	"0"	"2"	"1x 类别=执行;输入=有自定义类型;输出=文本;副作用=无明显副作用;领域=自我;约束=noexcept || 1x 类别=执行;输入=有自定义类型;输出=文本;副作用=无明显副作用;领域=全局通用候选;约束=noexcept"	"1x 专用类/对应头文件：自我 || 1x 原地保留/待复核"	"自我线程模块.impl.cpp:12921: const char* 私有_执行前门控结果文本(枚举_任务管理执行前门控结果 结果) noexcept || 鱼巢.cpp:525: const char* 私有_执行前门控结果文本(枚举_任务管理执行前门控结果 结果) noexcept"	"同名不同功能或约束，禁止直接合并"
"私有_按特征语义推断结算贡献层级"	"2"	"2"	"0"	"1"	"2x 类别=未分类;输入=有自定义类型;输出=指针/引用/句柄;副作用=无明显副作用;领域=因果;约束=static"	"2x 专用类/对应头文件：因果"	"因果类.cpp:843: static std::uint32_t 私有_按特征语义推断结算贡献层级( const 语素入口节点类* 特征类型, const 需求节点类* 来源需求) || 因果类.cpp:865: static std::uint32_t 私有_按特征语义推断结算贡献层级( const 特征节点类* 特征, const 需求节点类* 来源需求)"	"功能签名一致，按专用归属复核"
"私有_推导方法类型"	"2"	"2"	"0"	"2"	"1x 类别=未分类;输入=有自定义类型;输出=指针/引用/句柄;副作用=无明显副作用;领域=方法;约束=noexcept || 1x 类别=未分类;输入=有自定义类型;输出=指针/引用/句柄;副作用=无明显副作用;领域=存在;约束=noexcept"	"1x 专用类/对应头文件：方法 || 1x 专用类/对应头文件：存在"	"方法类.cpp:715: 枚举_方法类型 私有_推导方法类型(const 方法主信息类& 主信息) noexcept || 方法虚拟存在服务类.cpp:88: 枚举_方法类型 私有_推导方法类型(const 方法主信息类& 主信息) noexcept"	"同名不同功能或约束，禁止直接合并"
"私有_方法匹配自我能力值_执行桥_最小_v0"	"2"	"2"	"0"	"2"	"1x 类别=比较;输入=有自定义类型;输出=bool;副作用=无明显副作用;领域=任务;约束=noexcept+inline || 1x 类别=比较;输入=有自定义类型;输出=其他;副作用=无明显副作用;领域=任务;约束=无显式约束"	"2x 专用类/对应头文件：任务"	"任务模块.执行.ixx:207: inline bool 私有_方法匹配自我能力值_执行桥_最小_v0( const 方法类::节点类* 方法, I64 自我能力值) noexcept || 任务模块.执行.ixx:228: 私有_方法匹配自我能力值_执行桥_最小_v0(方法, 自我能力值))"	"同名不同功能或约束，禁止直接合并"
"私有_方法条件结果对数量"	"2"	"2"	"0"	"2"	"1x 类别=未分类;输入=有自定义类型;输出=整数/时间;副作用=无明显副作用;领域=方法;约束=noexcept || 1x 类别=未分类;输入=有自定义类型;输出=整数/时间;副作用=无明显副作用;领域=存在;约束=noexcept"	"1x 专用类/对应头文件：方法 || 1x 专用类/对应头文件：存在"	"方法类.cpp:779: I64 私有_方法条件结果对数量(方法节点* 方法) noexcept || 方法虚拟存在服务类.cpp:161: I64 私有_方法条件结果对数量(方法类::节点类* 方法) noexcept"	"同名不同功能或约束，禁止直接合并"
"私有_方法标题"	"2"	"2"	"0"	"2"	"1x 类别=未分类;输入=有自定义类型;输出=文本;副作用=无明显副作用;领域=控制面板;约束=无显式约束 || 1x 类别=未分类;输入=有自定义类型;输出=文本;副作用=无明显副作用;领域=全局通用候选;约束=noexcept"	"1x 专用类/对应头文件：控制面板 || 1x 原地保留/待复核"	"控制面板类.cpp:4309: std::string 私有_方法标题(const 方法节点* 节点) || 自检线程模块.impl.cpp:1158: std::string 私有_方法标题(const 方法节点* 方法) noexcept"	"同名不同功能或约束，禁止直接合并"
"私有_方法状态_可用值"	"2"	"2"	"0"	"2"	"1x 类别=未分类;输入=有自定义类型;输出=整数/时间;副作用=无明显副作用;领域=方法;约束=noexcept+constexpr || 1x 类别=未分类;输入=有自定义类型;输出=整数/时间;副作用=无明显副作用;领域=存在;约束=noexcept+constexpr"	"1x 专用类/对应头文件：方法 || 1x 专用类/对应头文件：存在"	"方法类.cpp:738: constexpr I64 私有_方法状态_可用值() noexcept || 方法虚拟存在服务类.cpp:123: constexpr I64 私有_方法状态_可用值() noexcept"	"同名不同功能或约束，禁止直接合并"
"私有_方法状态_待可执行入口值"	"2"	"2"	"0"	"2"	"1x 类别=执行;输入=有自定义类型;输出=整数/时间;副作用=无明显副作用;领域=方法;约束=noexcept+constexpr || 1x 类别=执行;输入=有自定义类型;输出=整数/时间;副作用=无明显副作用;领域=存在;约束=noexcept+constexpr"	"1x 专用类/对应头文件：方法 || 1x 专用类/对应头文件：存在"	"方法类.cpp:747: constexpr I64 私有_方法状态_待可执行入口值() noexcept || 方法虚拟存在服务类.cpp:129: constexpr I64 私有_方法状态_待可执行入口值() noexcept"	"同名不同功能或约束，禁止直接合并"
"私有_方法状态_待方法动作值"	"2"	"2"	"0"	"2"	"1x 类别=未分类;输入=有自定义类型;输出=整数/时间;副作用=无明显副作用;领域=方法;约束=noexcept+constexpr || 1x 类别=未分类;输入=有自定义类型;输出=整数/时间;副作用=无明显副作用;领域=存在;约束=noexcept+constexpr"	"1x 专用类/对应头文件：方法 || 1x 专用类/对应头文件：存在"	"方法类.cpp:744: constexpr I64 私有_方法状态_待方法动作值() noexcept || 方法虚拟存在服务类.cpp:126: constexpr I64 私有_方法状态_待方法动作值() noexcept"	"同名不同功能或约束，禁止直接合并"
"私有_方法状态_待条件结果对值"	"2"	"2"	"0"	"2"	"1x 类别=未分类;输入=有自定义类型;输出=整数/时间;副作用=无明显副作用;领域=方法;约束=noexcept+constexpr || 1x 类别=未分类;输入=有自定义类型;输出=整数/时间;副作用=无明显副作用;领域=存在;约束=noexcept+constexpr"	"1x 专用类/对应头文件：方法 || 1x 专用类/对应头文件：存在"	"方法类.cpp:756: constexpr I64 私有_方法状态_待条件结果对值() noexcept || 方法虚拟存在服务类.cpp:138: constexpr I64 私有_方法状态_待条件结果对值() noexcept"	"同名不同功能或约束，禁止直接合并"
"私有_方法状态_待条件节点值"	"2"	"2"	"0"	"2"	"1x 类别=未分类;输入=有自定义类型;输出=整数/时间;副作用=无明显副作用;领域=方法;约束=noexcept+constexpr || 1x 类别=未分类;输入=有自定义类型;输出=整数/时间;副作用=无明显副作用;领域=存在;约束=noexcept+constexpr"	"1x 专用类/对应头文件：方法 || 1x 专用类/对应头文件：存在"	"方法类.cpp:750: constexpr I64 私有_方法状态_待条件节点值() noexcept || 方法虚拟存在服务类.cpp:132: constexpr I64 私有_方法状态_待条件节点值() noexcept"	"同名不同功能或约束，禁止直接合并"
"私有_方法状态_待结果节点值"	"2"	"2"	"0"	"2"	"1x 类别=未分类;输入=有自定义类型;输出=整数/时间;副作用=无明显副作用;领域=方法;约束=noexcept+constexpr || 1x 类别=未分类;输入=有自定义类型;输出=整数/时间;副作用=无明显副作用;领域=存在;约束=noexcept+constexpr"	"1x 专用类/对应头文件：方法 || 1x 专用类/对应头文件：存在"	"方法类.cpp:753: constexpr I64 私有_方法状态_待结果节点值() noexcept || 方法虚拟存在服务类.cpp:135: constexpr I64 私有_方法状态_待结果节点值() noexcept"	"同名不同功能或约束，禁止直接合并"
"私有_方法直接子节点数量"	"2"	"2"	"0"	"2"	"1x 类别=未分类;输入=有自定义类型;输出=整数/时间;副作用=无明显副作用;领域=方法;约束=noexcept || 1x 类别=未分类;输入=有自定义类型;输出=整数/时间;副作用=无明显副作用;领域=存在;约束=noexcept"	"1x 专用类/对应头文件：方法 || 1x 专用类/对应头文件：存在"	"方法类.cpp:759: I64 私有_方法直接子节点数量(方法节点* 方法, 枚举_方法节点种类 节点种类) noexcept || 方法虚拟存在服务类.cpp:141: I64 私有_方法直接子节点数量(方法类::节点类* 方法, 枚举_方法节点种类 节点种类) noexcept"	"同名不同功能或约束，禁止直接合并"
"私有_方法自我能力值"	"2"	"2"	"0"	"2"	"1x 类别=未分类;输入=有自定义类型;输出=整数/时间;副作用=无明显副作用;领域=任务;约束=noexcept || 1x 类别=未分类;输入=有自定义类型;输出=整数/时间;副作用=无明显副作用;领域=自我;约束=noexcept"	"1x 专用类/对应头文件：任务 || 1x 专用类/对应头文件：自我"	"任务模块.管理工作线程.ixx:987: I64 私有_方法自我能力值(const 方法类::节点类* 方法) noexcept || 自我类.初始化.cpp:178: I64 私有_方法自我能力值(const 方法节点* 方法) noexcept"	"同名不同功能或约束，禁止直接合并"
"私有_方法节点名称"	"2"	"2"	"0"	"1"	"2x 类别=未分类;输入=有自定义类型;输出=文本;副作用=无明显副作用;领域=语言;约束=无显式约束"	"2x 专用类/对应头文件：语言"	"语言类_二次特征表达.cpp:76: std::string 私有_方法节点名称(const 方法类::节点类* 节点) || 语言类_基础信息命名.cpp:81: std::string 私有_方法节点名称(const 方法类::节点类* 节点)"	"功能签名一致，按专用归属复核"
"私有_方法虚拟存在名称词"	"2"	"2"	"0"	"1"	"2x 类别=未分类;输入=有自定义类型;输出=指针/引用/句柄;副作用=无明显副作用;领域=方法;约束=noexcept"	"2x 专用类/对应头文件：方法"	"方法类.cpp:263: const 语素入口节点类* 私有_方法虚拟存在名称词(const 方法节点* 方法首节点) noexcept || 本能方法类.cpp:176: const 语素入口节点类* 私有_方法虚拟存在名称词(const 结构_默认本能方法种子& 种子) noexcept"	"功能签名一致，按专用归属复核"
"私有_方法虚拟存在类型词"	"2"	"2"	"0"	"1"	"2x 类别=未分类;输入=有自定义类型;输出=指针/引用/句柄;副作用=无明显副作用;领域=方法;约束=noexcept"	"2x 专用类/对应头文件：方法"	"方法类.cpp:254: const 语素入口节点类* 私有_方法虚拟存在类型词() noexcept || 本能方法类.cpp:186: const 语素入口节点类* 私有_方法虚拟存在类型词() noexcept"	"功能签名一致，按专用归属复核"
"私有_查找本能方法首节点"	"2"	"2"	"0"	"2"	"1x 类别=查找;输入=有自定义类型;输出=指针/引用/句柄;副作用=无明显副作用;领域=方法;约束=noexcept || 1x 类别=查找;输入=有自定义类型;输出=指针/引用/句柄;副作用=无明显副作用;领域=自我;约束=noexcept"	"1x 专用类/对应头文件：方法 || 1x 专用类/对应头文件：自我"	"本能方法类.cpp:279: 方法节点* 私有_查找本能方法首节点( 存在节点类* 自我存在, 枚举_本能方法ID 本能ID) noexcept || 自我类.cpp:417: 方法节点* 私有_查找本能方法首节点(const 自我类& 自我对象, 枚举_本能方法ID 本能ID) noexcept"	"同名不同功能或约束，禁止直接合并"
"私有_根层重判结果文本"	"2"	"2"	"0"	"2"	"1x 类别=未分类;输入=有自定义类型;输出=文本;副作用=无明显副作用;领域=自我;约束=noexcept || 1x 类别=未分类;输入=有自定义类型;输出=文本;副作用=无明显副作用;领域=全局通用候选;约束=noexcept"	"1x 专用类/对应头文件：自我 || 1x 原地保留/待复核"	"自我线程模块.impl.cpp:12909: const char* 私有_根层重判结果文本(枚举_任务管理根层重判结果 结果) noexcept || 鱼巢.cpp:513: const char* 私有_根层重判结果文本(枚举_任务管理根层重判结果 结果) noexcept"	"同名不同功能或约束，禁止直接合并"
"私有_比较入口引用"	"2"	"2"	"0"	"1"	"2x 类别=比较;输入=有自定义类型;输出=整数/时间;副作用=无明显副作用;领域=语素;约束=noexcept+static"	"2x 专用类/对应头文件：语素"	"语素主信息类.h:526: static std::int64_t 私有_比较入口引用( const 可解析引用<const 语素入口节点类>& 左, const 可解析引用<const 语素入口节点类>& 右) noexcept || 语素主信息类.h:568: static std::int64_t 私有_比较入口引用( const 可解析引用<const 语素入口节点类>& 左, const 可解析引用<const 语素入口节点类>& 右) noexcept"	"功能签名一致，按专用归属复核"
"私有_深拷贝主信息"	"2"	"1"	"1"	"2"	"1x 类别=未分类;输入=有自定义类型;输出=指针/引用/句柄;副作用=无明显副作用;领域=全局通用候选;约束=template || 1x 类别=未分类;输入=有自定义类型;输出=指针/引用/句柄;副作用=无明显副作用;领域=全局通用候选;约束=static"	"2x 原地保留/待复核"	"双向链表模板_深拷贝.inl:37: template<typename 主信息类型> 主信息类型 链表模板<主信息类型>::私有_深拷贝主信息(const 主信息类型& src) || 双向链表模板核心.h:673: static 主信息类型 私有_深拷贝主信息(const 主信息类型& src)"	"同名不同功能或约束，禁止直接合并"
"私有_深拷贝树_独立_递归"	"2"	"1"	"1"	"2"	"1x 类别=未分类;输入=有自定义类型;输出=指针/引用/句柄;副作用=无明显副作用;领域=全局通用候选;约束=template || 1x 类别=未分类;输入=有自定义类型;输出=指针/引用/句柄;副作用=无明显副作用;领域=全局通用候选;约束=static"	"2x 原地保留/待复核"	"双向链表模板_深拷贝.inl:53: template<typename 主信息类型> typename 链表模板<主信息类型>::节点类* 链表模板<主信息类型>::私有_深拷贝树_独立_递归(const 节点类* src) || 双向链表模板核心.h:674: static 节点类* 私有_深拷贝树_独立_递归(const 节点类* src)"	"同名不同功能或约束，禁止直接合并"
"私有_特征_任务当前步骤"	"2"	"2"	"0"	"2"	"1x 类别=未分类;输入=有自定义类型;输出=指针/引用/句柄;副作用=无明显副作用;领域=自我;约束=noexcept || 1x 类别=未分类;输入=有自定义类型;输出=其他;副作用=无明显副作用;领域=自我;约束=无显式约束"	"2x 专用类/对应头文件：自我"	"自我类.初始化.cpp:800: const 语素入口节点类* 私有_特征_任务当前步骤() noexcept || 自我类.初始化.cpp:1038: (void)任务类::记录任务虚拟存在特征( 宿主任务, 私有_特征_任务当前步骤(), 特征值"	"同名不同功能或约束，禁止直接合并"
"私有_特征_任务当前阶段"	"2"	"2"	"0"	"2"	"1x 类别=未分类;输入=有自定义类型;输出=指针/引用/句柄;副作用=无明显副作用;领域=自我;约束=noexcept || 1x 类别=未分类;输入=有自定义类型;输出=其他;副作用=无明显副作用;领域=自我;约束=无显式约束"	"2x 专用类/对应头文件：自我"	"自我类.初始化.cpp:848: const 语素入口节点类* 私有_特征_任务当前阶段() noexcept || 自我类.初始化.cpp:1007: (void)任务类::记录任务虚拟存在特征( 宿主任务, 私有_特征_任务当前阶段(), 特征值"	"同名不同功能或约束，禁止直接合并"
"私有_特征_任务执行方法"	"2"	"2"	"0"	"2"	"1x 类别=执行;输入=有自定义类型;输出=指针/引用/句柄;副作用=无明显副作用;领域=自我;约束=noexcept || 1x 类别=执行;输入=有自定义类型;输出=其他;副作用=无明显副作用;领域=自我;约束=无显式约束"	"2x 专用类/对应头文件：自我"	"自我类.初始化.cpp:814: const 语素入口节点类* 私有_特征_任务执行方法() noexcept || 自我类.初始化.cpp:1048: (void)任务类::记录任务虚拟存在特征( 宿主任务, 私有_特征_任务执行方法(), 特征值"	"同名不同功能或约束，禁止直接合并"
"私有_特征_目标方法头节点"	"2"	"2"	"0"	"2"	"1x 类别=未分类;输入=有自定义类型;输出=指针/引用/句柄;副作用=无明显副作用;领域=任务;约束=noexcept || 1x 类别=未分类;输入=有自定义类型;输出=指针/引用/句柄;副作用=无明显副作用;领域=自我;约束=noexcept"	"1x 专用类/对应头文件：任务 || 1x 专用类/对应头文件：自我"	"任务模块.管理工作线程.ixx:273: const 语素入口节点类* 私有_特征_目标方法头节点() noexcept || 自我类.初始化.cpp:268: const 语素入口节点类* 私有_特征_目标方法头节点() noexcept"	"同名不同功能或约束，禁止直接合并"
"私有_特征值文本"	"2"	"2"	"0"	"2"	"1x 类别=未分类;输入=有自定义类型;输出=文本;副作用=无明显副作用;领域=控制面板;约束=无显式约束 || 1x 类别=未分类;输入=有自定义类型;输出=文本;副作用=无明显副作用;领域=语言;约束=无显式约束"	"1x 专用类/对应头文件：控制面板 || 1x 专用类/对应头文件：语言"	"控制面板类.cpp:615: std::string 私有_特征值文本(const 特征值& 值) || 语言类_基础信息命名.cpp:56: std::string 私有_特征值文本(const 特征值& 值)"	"同名不同功能或约束，禁止直接合并"
"私有_状态特征类型"	"2"	"2"	"0"	"2"	"1x 类别=未分类;输入=有自定义类型;输出=指针/引用/句柄;副作用=无明显副作用;领域=任务;约束=noexcept || 1x 类别=未分类;输入=有自定义类型;输出=指针/引用/句柄;副作用=无明显副作用;领域=方法;约束=noexcept"	"1x 专用类/对应头文件：任务 || 1x 专用类/对应头文件：方法"	"任务模块.管理工作线程.ixx:2056: const 语素入口节点类* 私有_状态特征类型(const 状态节点类* 状态) noexcept || 方法类.cpp:539: const 语素入口节点类* 私有_状态特征类型(const 状态节点类* 状态) noexcept"	"同名不同功能或约束，禁止直接合并"
"私有_独立树添加方法子节点"	"2"	"2"	"0"	"1"	"2x 类别=未分类;输入=有自定义类型;输出=指针/引用/句柄;副作用=无明显副作用;领域=方法;约束=无显式约束"	"2x 专用类/对应头文件：方法"	"方法类.cpp:236: 方法节点* 私有_独立树添加方法子节点(方法节点* 父节点, const 方法主信息类& 主信息) || 本能方法类.cpp:138: 方法节点* 私有_独立树添加方法子节点(方法节点* 父节点, const 方法主信息类& 主信息)"	"功能签名一致，按专用归属复核"
"私有_确保I64特征已初始化"	"2"	"2"	"0"	"2"	"1x 类别=构造;输入=有自定义类型;输出=bool;副作用=无明显副作用;领域=任务;约束=noexcept || 1x 类别=构造;输入=有自定义类型;输出=bool;副作用=无明显副作用;领域=存在;约束=noexcept"	"1x 专用类/对应头文件：任务 || 1x 专用类/对应头文件：存在"	"任务类.cpp:518: bool 私有_确保I64特征已初始化( 基础信息节点类* 宿主, const 语素入口节点类* 特征类型, I64 默认值, 时间戳 now) noexcept || 方法虚拟存在服务类.cpp:233: bool 私有_确保I64特征已初始化( 基础信息节点类* 宿主, const 语素入口节点类* 特征类型, I64 默认值, 时间戳 now) noexcept"	"同名不同功能或约束，禁止直接合并"
"私有_等号字段显示文本"	"2"	"2"	"0"	"2"	"1x 类别=未分类;输入=有自定义类型;输出=文本;副作用=无明显副作用;领域=控制面板;约束=无显式约束 || 1x 类别=未分类;输入=无自定义类型;输出=文本;副作用=无明显副作用;领域=控制面板;约束=无显式约束"	"2x 专用类/对应头文件：控制面板"	"控制面板类.cpp:2546: std::string 私有_等号字段显示文本( const std::string& 名称, std::string_view 类型, const std::string& 值) || 控制面板类.cpp:2555: std::string 私有_等号字段显示文本( const std::string& 名称, const std::string& 值)"	"同名不同功能或约束，禁止直接合并"
"私有_绝对值饱和"	"2"	"2"	"0"	"2"	"1x 类别=未分类;输入=无自定义类型;输出=整数/时间;副作用=无明显副作用;领域=世界;约束=noexcept || 1x 类别=未分类;输入=无自定义类型;输出=整数/时间;副作用=无明显副作用;领域=特征;约束=noexcept"	"1x 专用类/对应头文件：世界 || 1x 专用类/对应头文件：特征"	"世界树类.cpp:184: I64 私有_绝对值饱和(I64 值) noexcept || 特征类.cpp:141: I64 私有_绝对值饱和(I64 值) noexcept"	"同名不同功能或约束，禁止直接合并"
"私有_节点主键_控制面板"	"2"	"2"	"0"	"1"	"2x 类别=未分类;输入=有自定义类型;输出=文本;副作用=无明显副作用;领域=控制面板;约束=无显式约束"	"2x 专用类/对应头文件：控制面板"	"控制面板类.cpp:895: std::string 私有_节点主键_控制面板(const 需求节点* 节点) || 控制面板类.cpp:905: std::string 私有_节点主键_控制面板(const 语素入口节点类* 节点)"	"功能签名一致，按专用归属复核"
"私有_节点在范围内"	"2"	"1"	"1"	"2"	"1x 类别=未分类;输入=有自定义类型;输出=bool;副作用=无明显副作用;领域=基础信息;约束=noexcept+static || 1x 类别=未分类;输入=有自定义类型;输出=bool;副作用=无明显副作用;领域=存在;约束=noexcept"	"1x 专用类/对应头文件：基础信息 || 1x 专用类/对应头文件：存在"	"基础信息类.h:84: static bool 私有_节点在范围内(const 节点类* 范围根, const 节点类* 候选节点) noexcept || 存在类.cpp:75: bool 私有_节点在范围内(const 基础信息节点类* 范围根, const 基础信息节点类* 候选节点) noexcept"	"同名不同功能或约束，禁止直接合并"
"私有_解析U64"	"2"	"2"	"0"	"2"	"1x 类别=解析;输入=无自定义类型;输出=bool;副作用=无明显副作用;领域=控制面板;约束=noexcept || 1x 类别=解析;输入=无自定义类型;输出=整数/时间;副作用=无明显副作用;领域=全局通用候选;约束=noexcept"	"1x 专用类/对应头文件：控制面板 || 1x 全局共享函数类.ixx候选"	"控制面板WebView2.cpp:282: bool 私有_解析U64(std::wstring_view 文本, std::uint64_t& 输出值) noexcept || 线程生命周期消息模块.ixx:218: std::uint64_t 私有_解析U64(const std::string& 文本) noexcept"	"同名不同功能或约束，禁止直接合并"
"私有_解析动态引用"	"2"	"2"	"0"	"2"	"1x 类别=解析;输入=有自定义类型;输出=指针/引用/句柄;副作用=无明显副作用;领域=特征;约束=无显式约束 || 1x 类别=解析;输入=有自定义类型;输出=指针/引用/句柄;副作用=无明显副作用;领域=动态;约束=无显式约束"	"1x 专用类/对应头文件：特征 || 1x 专用类/对应头文件：动态"	"二次特征应用模块.ixx:1037: 动态节点类* 私有_解析动态引用(世界树类* 世界树, const 可解析引用<动态节点类>& 引用) || 动态类.cpp:322: 动态节点类* 私有_解析动态引用(基础信息类* 基础信息, const 可解析引用<动态节点类>& 引用)"	"同名不同功能或约束，禁止直接合并"
"私有_计算距离_mm"	"2"	"2"	"0"	"2"	"1x 类别=未分类;输入=无自定义类型;输出=整数/时间;副作用=无明显副作用;领域=特征;约束=noexcept || 1x 类别=未分类;输入=无自定义类型;输出=整数/时间;副作用=无明显副作用;领域=存在;约束=noexcept"	"1x 专用类/对应头文件：特征 || 1x 专用类/对应头文件：存在"	"二次特征应用模块.ixx:2135: std::int64_t 私有_计算距离_mm(const Vector3D& 左位置, const Vector3D& 右位置) noexcept || 存在类.cpp:14: std::int64_t 私有_计算距离_mm(const Vector3D& 左位置, const Vector3D& 右位置) noexcept"	"同名不同功能或约束，禁止直接合并"
"私有_语素入口相同"	"2"	"2"	"0"	"2"	"1x 类别=未分类;输入=有自定义类型;输出=bool;副作用=无明显副作用;领域=任务;约束=noexcept || 1x 类别=未分类;输入=有自定义类型;输出=bool;副作用=无明显副作用;领域=自我;约束=noexcept"	"1x 专用类/对应头文件：任务 || 1x 专用类/对应头文件：自我"	"任务类.cpp:65: bool 私有_语素入口相同(const 语素入口节点类* 左, const 语素入口节点类* 右) noexcept || 自我类.cpp:44: bool 私有_语素入口相同(const 语素入口节点类* a, const 语素入口节点类* b) noexcept"	"同名不同功能或约束，禁止直接合并"
"私有_读取状态时间"	"2"	"2"	"0"	"2"	"1x 类别=读取;输入=有自定义类型;输出=整数/时间;副作用=无明显副作用;领域=特征;约束=noexcept || 1x 类别=读取;输入=有自定义类型;输出=整数/时间;副作用=无明显副作用;领域=需求;约束=noexcept"	"1x 专用类/对应头文件：特征 || 1x 专用类/对应头文件：需求"	"二次特征应用模块.ixx:808: 时间戳 私有_读取状态时间(const 状态节点主信息类* 主信息) noexcept || 需求类.cpp:360: 时间戳 私有_读取状态时间(const 状态节点主信息类* 主信息) noexcept"	"同名不同功能或约束，禁止直接合并"
"私有_追加JSON字符串"	"2"	"2"	"0"	"1"	"2x 类别=写入;输入=无自定义类型;输出=void;副作用=无明显副作用;领域=控制面板;约束=无显式约束"	"2x 专用类/对应头文件：控制面板"	"控制面板WebView2.cpp:526: void 私有_追加JSON字符串(std::ostringstream& 输出, std::string_view 文本) || 控制面板类.cpp:8238: void 私有_追加JSON字符串(std::ostringstream& 输出, std::string_view 文本)"	"功能签名一致，按专用归属复核"
"私有_重建缓存_已加锁"	"2"	"1"	"1"	"2"	"1x 类别=未分类;输入=无自定义类型;输出=其他;副作用=无明显副作用;领域=特征值;约束=锁约束 || 1x 类别=未分类;输入=无自定义类型;输出=void;副作用=无明显副作用;领域=特征值;约束=锁约束"	"2x 专用类/对应头文件：特征值"	"特征值类.h:29: 私有_重建缓存_已加锁() || 特征值类.h:209: void 私有_重建缓存_已加锁() const"	"同名不同功能或约束，禁止直接合并"
"私有_需求结构角色文本"	"2"	"2"	"0"	"2"	"1x 类别=未分类;输入=有自定义类型;输出=文本;副作用=无明显副作用;领域=控制面板;约束=noexcept || 1x 类别=未分类;输入=有自定义类型;输出=文本;副作用=无明显副作用;领域=需求;约束=无显式约束"	"1x 专用类/对应头文件：控制面板 || 1x 专用类/对应头文件：需求"	"控制面板类.cpp:4627: const char* 私有_需求结构角色文本(const 枚举_需求结构角色 角色) noexcept || 需求类.cpp:88: std::string 私有_需求结构角色文本(const 枚举_需求结构角色 角色)"	"同名不同功能或约束，禁止直接合并"
"私有_饱和加"	"2"	"2"	"0"	"2"	"1x 类别=未分类;输入=无自定义类型;输出=整数/时间;副作用=无明显副作用;领域=特征;约束=noexcept || 1x 类别=未分类;输入=无自定义类型;输出=整数/时间;副作用=无明显副作用;领域=自我;约束=noexcept"	"1x 专用类/对应头文件：特征 || 1x 专用类/对应头文件：自我"	"特征类.cpp:126: I64 私有_饱和加(I64 a, I64 b) noexcept || 自我类.cpp:29: I64 私有_饱和加(I64 a, I64 b) noexcept"	"同名不同功能或约束，禁止直接合并"
"私有_默认成熟度阶段"	"2"	"2"	"0"	"2"	"1x 类别=未分类;输入=有自定义类型;输出=整数/时间;副作用=无明显副作用;领域=方法;约束=noexcept || 1x 类别=未分类;输入=有自定义类型;输出=整数/时间;副作用=无明显副作用;领域=存在;约束=noexcept"	"1x 专用类/对应头文件：方法 || 1x 专用类/对应头文件：存在"	"方法类.cpp:729: I64 私有_默认成熟度阶段(const 方法主信息类& 主信息) noexcept || 方法虚拟存在服务类.cpp:102: I64 私有_默认成熟度阶段(const 方法主信息类& 主信息) noexcept"	"同名不同功能或约束，禁止直接合并"
"筹办_构造需求生命周期上下文"	"2"	"2"	"0"	"1"	"2x 类别=未分类;输入=有自定义类型;输出=指针/引用/句柄;副作用=无明显副作用;领域=任务;约束=noexcept"	"2x 专用类/对应头文件：任务"	"任务模块.筹办.ixx:1038: 结构_需求生命周期上下文_筹办 筹办_构造需求生命周期上下文( const 需求节点* 来源需求) noexcept || 任务模块.筹办.ixx:1089: 结构_需求生命周期上下文_筹办 筹办_构造需求生命周期上下文( const 任务节点* 任务头) noexcept"	"功能签名一致，按专用归属复核"
"类型_参数配对结果存在"	"2"	"2"	"0"	"2"	"1x 类别=执行;输入=有自定义类型;输出=指针/引用/句柄;副作用=无明显副作用;领域=外设;约束=noexcept+inline || 1x 类别=执行;输入=有自定义类型;输出=指针/引用/句柄;副作用=无明显副作用;领域=自我;约束=noexcept+inline"	"1x 专用类/对应头文件：外设 || 1x 专用类/对应头文件：自我"	"自我动作实现.外设模块.ixx:1858: inline const 语素入口节点类* 类型_参数配对结果存在() noexcept || 自我动作实现模块.ixx:1351: inline const 语素入口节点类* 类型_参数配对结果存在() noexcept"	"同名不同功能或约束，禁止直接合并"
"类型_方法配对结果存在"	"2"	"2"	"0"	"2"	"1x 类别=执行;输入=有自定义类型;输出=指针/引用/句柄;副作用=无明显副作用;领域=外设;约束=noexcept+inline || 1x 类别=执行;输入=有自定义类型;输出=指针/引用/句柄;副作用=无明显副作用;领域=自我;约束=noexcept+inline"	"1x 专用类/对应头文件：外设 || 1x 专用类/对应头文件：自我"	"自我动作实现.外设模块.ixx:1893: inline const 语素入口节点类* 类型_方法配对结果存在() noexcept || 自我动作实现模块.ixx:1386: inline const 语素入口节点类* 类型_方法配对结果存在() noexcept"	"同名不同功能或约束，禁止直接合并"
"类型_运行虚拟存在"	"2"	"2"	"0"	"2"	"1x 类别=执行;输入=有自定义类型;输出=指针/引用/句柄;副作用=无明显副作用;领域=外设;约束=noexcept+inline || 1x 类别=执行;输入=有自定义类型;输出=指针/引用/句柄;副作用=无明显副作用;领域=自我;约束=noexcept+inline"	"1x 专用类/对应头文件：外设 || 1x 专用类/对应头文件：自我"	"自我动作实现.外设模块.ixx:1559: inline const 语素入口节点类* 类型_运行虚拟存在() noexcept || 自我动作实现模块.ixx:1052: inline const 语素入口节点类* 类型_运行虚拟存在() noexcept"	"同名不同功能或约束，禁止直接合并"
"类型_需求_修复实例特征写入能力"	"2"	"2"	"0"	"2"	"1x 类别=写入;输入=有自定义类型;输出=指针/引用/句柄;副作用=无明显副作用;领域=外设;约束=noexcept+inline || 1x 类别=写入;输入=有自定义类型;输出=指针/引用/句柄;副作用=无明显副作用;领域=自我;约束=noexcept+inline"	"1x 专用类/对应头文件：外设 || 1x 专用类/对应头文件：自我"	"自我动作实现.外设模块.ixx:7429: inline const 语素入口节点类* 类型_需求_修复实例特征写入能力() noexcept || 自我动作实现模块.ixx:2590: inline const 语素入口节点类* 类型_需求_修复实例特征写入能力() noexcept"	"同名不同功能或约束，禁止直接合并"
"类型_需求_实例化特征"	"2"	"2"	"0"	"2"	"1x 类别=执行;输入=有自定义类型;输出=指针/引用/句柄;副作用=无明显副作用;领域=外设;约束=noexcept+inline || 1x 类别=执行;输入=有自定义类型;输出=指针/引用/句柄;副作用=无明显副作用;领域=自我;约束=noexcept+inline"	"1x 专用类/对应头文件：外设 || 1x 专用类/对应头文件：自我"	"自我动作实现.外设模块.ixx:7401: inline const 语素入口节点类* 类型_需求_实例化特征() noexcept || 自我动作实现模块.ixx:2562: inline const 语素入口节点类* 类型_需求_实例化特征() noexcept"	"同名不同功能或约束，禁止直接合并"
"类型_需求_确定执行差值或目标值"	"2"	"2"	"0"	"2"	"1x 类别=执行;输入=有自定义类型;输出=指针/引用/句柄;副作用=无明显副作用;领域=外设;约束=noexcept+inline || 1x 类别=执行;输入=有自定义类型;输出=指针/引用/句柄;副作用=无明显副作用;领域=自我;约束=noexcept+inline"	"1x 专用类/对应头文件：外设 || 1x 专用类/对应头文件：自我"	"自我动作实现.外设模块.ixx:7415: inline const 语素入口节点类* 类型_需求_确定执行差值或目标值() noexcept || 自我动作实现模块.ixx:2576: inline const 语素入口节点类* 类型_需求_确定执行差值或目标值() noexcept"	"同名不同功能或约束，禁止直接合并"
"类型_需求_确定特征当前值"	"2"	"2"	"0"	"2"	"1x 类别=执行;输入=有自定义类型;输出=指针/引用/句柄;副作用=无明显副作用;领域=外设;约束=noexcept+inline || 1x 类别=执行;输入=有自定义类型;输出=指针/引用/句柄;副作用=无明显副作用;领域=自我;约束=noexcept+inline"	"1x 专用类/对应头文件：外设 || 1x 专用类/对应头文件：自我"	"自我动作实现.外设模块.ixx:7408: inline const 语素入口节点类* 类型_需求_确定特征当前值() noexcept || 自我动作实现模块.ixx:2569: inline const 语素入口节点类* 类型_需求_确定特征当前值() noexcept"	"同名不同功能或约束，禁止直接合并"
"类型_需求_重新配对参数或调整目标值"	"2"	"2"	"0"	"2"	"1x 类别=执行;输入=有自定义类型;输出=指针/引用/句柄;副作用=无明显副作用;领域=外设;约束=noexcept+inline || 1x 类别=执行;输入=有自定义类型;输出=指针/引用/句柄;副作用=无明显副作用;领域=自我;约束=noexcept+inline"	"1x 专用类/对应头文件：外设 || 1x 专用类/对应头文件：自我"	"自我动作实现.外设模块.ixx:7422: inline const 语素入口节点类* 类型_需求_重新配对参数或调整目标值() noexcept || 自我动作实现模块.ixx:2583: inline const 语素入口节点类* 类型_需求_重新配对参数或调整目标值() noexcept"	"同名不同功能或约束，禁止直接合并"
"索引"	"2"	"2"	"0"	"2"	"1x 类别=执行;输入=无自定义类型;输出=整数/时间;副作用=无明显副作用;领域=外设;约束=inline+static || 1x 类别=执行;输入=无自定义类型;输出=整数/时间;副作用=无明显副作用;领域=全局通用候选;约束=noexcept+inline"	"1x 专用类/对应头文件：外设 || 1x 全局共享函数类.ixx候选"	"D455相机类.cpp:264: static inline std::size_t 索引(int u, int v, int w) || 基础数据类型.h:1272: [[nodiscard]] inline std::size_t 索引(int u, int v) const noexcept"	"同名不同功能或约束，禁止直接合并"
"结构体_分词"	"2"	"1"	"1"	"2"	"1x 类别=执行;输入=有自定义类型;输出=其他;副作用=无明显副作用;领域=全局通用候选;约束=无显式约束 || 1x 类别=执行;输入=有自定义类型;输出=文本;副作用=无明显副作用;领域=全局通用候选;约束=无显式约束"	"2x 原地保留/待复核"	"基础数据类型.h:533: 结构体_分词() = default || 基础数据类型.h:536: 结构体_分词(std::string 词_, std::string 词性_) :词(词_), 词性(词性_)"	"同名不同功能或约束，禁止直接合并"
"绝对差I64"	"2"	"2"	"0"	"2"	"1x 类别=执行;输入=无自定义类型;输出=整数/时间;副作用=无明显副作用;领域=外设;约束=noexcept+inline || 1x 类别=执行;输入=无自定义类型;输出=整数/时间;副作用=无明显副作用;领域=自我;约束=noexcept+inline"	"1x 专用类/对应头文件：外设 || 1x 专用类/对应头文件：自我"	"自我动作实现.外设模块.ixx:10538: inline I64 绝对差I64(I64 a, I64 b) noexcept || 自我动作实现.扫描.ixx:844: inline I64 绝对差I64(I64 左, I64 右) noexcept"	"同名不同功能或约束，禁止直接合并"
"继承缺失引用_已加锁"	"2"	"0"	"2"	"1"	"2x 类别=执行;输入=有自定义类型;输出=其他;副作用=无明显副作用;领域=需求;约束=锁约束"	"2x 专用类/对应头文件：需求"	"需求类.h:790: 继承缺失引用_已加锁(主信息.需求主体, 父主信息->需求主体) || 需求类.h:791: 继承缺失引用_已加锁(主信息.需求场景, 父主信息->需求场景)"	"功能签名一致，按专用归属复核"
"自我扫描当前场景"	"2"	"2"	"0"	"2"	"1x 类别=比较;输入=有自定义类型;输出=指针/引用/句柄;副作用=无明显副作用;领域=自我;约束=noexcept || 1x 类别=比较;输入=有自定义类型;输出=指针/引用/句柄;副作用=无明显副作用;领域=自我;约束=noexcept+inline"	"2x 专用类/对应头文件：自我"	"自我动作实现.扫描.ixx:1852: export 存在节点类* 自我扫描当前场景( 方法类::节点类* 方法首节点, 场景节点类* 输入参数场景, 场景节点类* 输出结果场景) noexcept || 自我动作实现模块.ixx:12464: inline 存在节点类* 自我扫描当前场景( 方法类::节点类* 方法首节点, 场景节点类* 输入参数场景, 场景节点类* 输出结果场景) noexcept"	"同名不同功能或约束，禁止直接合并"
"自我类::根任务权重"	"2"	"2"	"0"	"1"	"2x 类别=执行;输入=有自定义类型;输出=指针/引用/句柄;副作用=无明显副作用;领域=自我;约束=noexcept"	"2x 专用类/对应头文件：自我"	"自我类.cpp:1849: 自我类::结构_根任务权重& 自我类::根任务权重() noexcept || 自我类.cpp:1855: const 自我类::结构_根任务权重& 自我类::根任务权重() const noexcept"	"功能签名一致，按专用归属复核"
"自我线程类::处理任务满足反馈"	"2"	"2"	"0"	"1"	"2x 类别=执行;输入=有自定义类型;输出=整数/时间;副作用=无明显副作用;领域=自我;约束=无显式约束"	"2x 专用类/对应头文件：自我"	"自我线程模块.impl.cpp:15758: 自我线程类::结构_结算治理输出快照 自我线程类::处理任务满足反馈( 任务类::节点类* 任务节点指针, I64 本次安全满足量, I64 本次服务满足量, I64 安全累计比例_百万分比, I64 服务累计比例_百万分比, 时间戳 now, const std::string& 反馈事件主键) || 自我线程模块.impl.cpp:15790: 自我线程类::结构_结算治理输出快照 自我线程类::处理任务满足反馈( const std::string& 任务主键, I64 本次安全满足量, I64 本次服务满足量, I64 安全累计比例_百万分比, I64 服务累计比例_百万分比, 时间戳 now, const std::string& 反馈事件主键)"	"功能签名一致，按专用归属复核"
"自我线程类::配置"	"2"	"2"	"0"	"1"	"2x 类别=执行;输入=有自定义类型;输出=指针/引用/句柄;副作用=无明显副作用;领域=自我;约束=noexcept"	"2x 专用类/对应头文件：自我"	"自我线程模块.impl.cpp:15955: 结构_自我线程配置& 自我线程类::配置() noexcept || 自我线程模块.impl.cpp:15961: const 结构_自我线程配置& 自我线程类::配置() const noexcept"	"功能签名一致，按专用归属复核"
"获取主键"	"2"	"2"	"0"	"2"	"1x 类别=读取;输入=无自定义类型;输出=文本;副作用=无明显副作用;领域=全局通用候选;约束=无显式约束 || 1x 类别=读取;输入=有自定义类型;输出=文本;副作用=无明显副作用;领域=全局通用候选;约束=无显式约束"	"1x 全局共享函数类.ixx候选 || 1x 原地保留/待复核"	"双向链表模板核心.h:54: std::string 获取主键() const || 双向链表模板核心.h:250: std::string 获取主键(节点类* 节点) const"	"同名不同功能或约束，禁止直接合并"
"获取名称"	"2"	"0"	"2"	"2"	"1x 类别=读取;输入=有自定义类型;输出=文本;副作用=无明显副作用;领域=世界;约束=无显式约束 || 1x 类别=读取;输入=有自定义类型;输出=文本;副作用=无明显副作用;领域=基础信息;约束=无显式约束"	"1x 专用类/对应头文件：世界 || 1x 专用类/对应头文件：基础信息"	"世界树类.h:86: std::string 获取名称(const 基础信息节点类* 节点) const || 基础信息类.h:30: std::string 获取名称(const 节点类* 节点) const"	"同名不同功能或约束，禁止直接合并"
"获取基础信息集"	"2"	"1"	"1"	"1"	"2x 类别=读取;输入=有自定义类型;输出=指针/引用/句柄;副作用=无明显副作用;领域=基础信息;约束=无显式约束"	"2x 专用类/对应头文件：基础信息"	"基础信息类.cpp:387: 基础信息类& 获取基础信息集() || 基础信息类.h:89: 基础信息类& 获取基础信息集()"	"功能签名一致，按专用归属复核"
"获取子存在"	"2"	"0"	"2"	"2"	"1x 类别=读取;输入=有自定义类型;输出=指针/引用/句柄;副作用=无明显副作用;领域=场景;约束=无显式约束 || 1x 类别=读取;输入=有自定义类型;输出=指针/引用/句柄;副作用=无明显副作用;领域=存在;约束=无显式约束"	"1x 专用类/对应头文件：场景 || 1x 专用类/对应头文件：存在"	"场景类.h:29: std::vector<存在节点类*> 获取子存在(const 基础信息节点类* 父节点) const || 存在类.h:60: std::vector<存在节点类*> 获取子存在(const 基础信息节点类* 父节点) const"	"同名不同功能或约束，禁止直接合并"
"获取或创建_已加锁"	"2"	"2"	"0"	"1"	"2x 类别=构造;输入=有自定义类型;输出=指针/引用/句柄;副作用=无明显副作用;领域=特征值;约束=锁约束"	"2x 专用类/对应头文件：特征值"	"特征值类.h:137: 节点类* 获取或创建_已加锁(特征值主信息类&& mi, 枚举_轮廓维度 dim) || 特征值类.h:160: 节点类* 获取或创建_已加锁(VecIU64&& v, 枚举_轮廓维度 dim)"	"功能签名一致，按专用归属复核"
"解析方法执行条件节点"	"2"	"2"	"0"	"2"	"1x 类别=执行;输入=有自定义类型;输出=指针/引用/句柄;副作用=无明显副作用;领域=外设;约束=noexcept+inline || 1x 类别=执行;输入=有自定义类型;输出=指针/引用/句柄;副作用=无明显副作用;领域=自我;约束=noexcept+inline"	"1x 专用类/对应头文件：外设 || 1x 专用类/对应头文件：自我"	"自我动作实现.外设模块.ixx:9495: inline 方法类::节点类* 解析方法执行条件节点( 方法类::节点类* 方法首节点, 场景节点类* 条件场景) noexcept || 自我动作实现模块.ixx:4389: inline 方法类::节点类* 解析方法执行条件节点( 方法类::节点类* 方法首节点, 场景节点类* 条件场景) noexcept"	"同名不同功能或约束，禁止直接合并"
"计算偏差_实际减基准"	"2"	"2"	"0"	"1"	"2x 类别=未分类;输入=有自定义类型;输出=整数/时间;副作用=无明显副作用;领域=全局通用候选;约束=inline"	"2x 原地保留/待复核"	"动作验证报告类.h:117: inline VecI64 计算偏差_实际减基准( const 结构_动作验证值& 实际值, const 结构_动作验证值& 基准值) || 动作验证报告类.ixx:119: inline VecI64 计算偏差_实际减基准( const 结构_动作验证值& 实际值, const 结构_动作验证值& 基准值)"	"功能签名一致，按专用归属复核"
"计算子需求平分权重"	"2"	"2"	"0"	"2"	"1x 类别=未分类;输入=有自定义类型;输出=整数/时间;副作用=无明显副作用;领域=需求;约束=noexcept+static || 1x 类别=未分类;输入=有自定义类型;输出=指针/引用/句柄;副作用=无明显副作用;领域=需求;约束=noexcept+static"	"2x 专用类/对应头文件：需求"	"需求类.h:448: static 结构_子需求平分权重 计算子需求平分权重( const std::int64_t 父需求安全权重, const std::int64_t 父需求服务权重, const std::int64_t 子需求数量) noexcept || 需求类.h:462: static 结构_子需求平分权重 计算子需求平分权重(const 节点类* 父需求) noexcept"	"同名不同功能或约束，禁止直接合并"
"记录本能方法自身环境错误"	"2"	"2"	"0"	"2"	"1x 类别=日志;输入=有自定义类型;输出=void;副作用=无明显副作用;领域=外设;约束=noexcept+inline || 1x 类别=日志;输入=有自定义类型;输出=void;副作用=无明显副作用;领域=自我;约束=noexcept+inline"	"1x 专用类/对应头文件：外设 || 1x 专用类/对应头文件：自我"	"自我动作实现.外设模块.ixx:9550: inline void 记录本能方法自身环境错误( const char* 调用方, 枚举_本能方法ID 本能ID, 方法类::节点类* 输入方法首节点, const 结构_本能方法自身环境& 环境) noexcept || 自我动作实现模块.ixx:4474: inline void 记录本能方法自身环境错误( const char* 调用方, 枚举_本能方法ID 本能ID, 方法类::节点类* 输入方法首节点, const 结构_本能方法自身环境& 环境) noexcept"	"同名不同功能或约束，禁止直接合并"
"设为复合特征"	"2"	"1"	"1"	"2"	"1x 类别=执行;输入=有自定义类型;输出=其他;副作用=无明显副作用;领域=基础信息;约束=无显式约束 || 1x 类别=执行;输入=有自定义类型;输出=void;副作用=无明显副作用;领域=基础信息;约束=无显式约束"	"2x 专用类/对应头文件：基础信息"	"基础信息主信息类.h:340: 设为复合特征() || 基础信息主信息类.h:381: void 设为复合特征()"	"同名不同功能或约束，禁止直接合并"
"词_被动动作"	"2"	"2"	"0"	"2"	"1x 类别=执行;输入=有自定义类型;输出=指针/引用/句柄;副作用=无明显副作用;领域=外设;约束=noexcept+inline || 1x 类别=执行;输入=有自定义类型;输出=指针/引用/句柄;副作用=无明显副作用;领域=自我;约束=noexcept+inline"	"1x 专用类/对应头文件：外设 || 1x 专用类/对应头文件：自我"	"自我动作实现.外设模块.ixx:650: inline const 语素入口节点类* 词_被动动作() noexcept || 自我动作实现模块.ixx:53: inline const 语素入口节点类* 词_被动动作() noexcept"	"同名不同功能或约束，禁止直接合并"
"语素类::添加信息入口词"	"2"	"2"	"0"	"2"	"1x 类别=执行;输入=有自定义类型;输出=指针/引用/句柄;副作用=无明显副作用;领域=语素;约束=无显式约束 || 1x 类别=执行;输入=有自定义类型;输出=文本;副作用=无明显副作用;领域=语素;约束=无显式约束"	"2x 专用类/对应头文件：语素"	"语素类.cpp:842: 语素入口节点类* 语素类::添加信息入口词(词节点类* 词节点, 枚举_信息入口类型 信息入口类型) || 语素类.cpp:872: 语素入口节点类* 语素类::添加信息入口词(const std::string& 词值, 枚举_信息入口类型 信息入口类型)"	"同名不同功能或约束，禁止直接合并"
"语素类::确保语素入口对应基础信息"	"2"	"2"	"0"	"2"	"1x 类别=未分类;输入=有自定义类型;输出=指针/引用/句柄;副作用=无明显副作用;领域=语素;约束=无显式约束 || 1x 类别=未分类;输入=有自定义类型;输出=文本;副作用=无明显副作用;领域=语素;约束=无显式约束"	"2x 专用类/对应头文件：语素"	"语素类.cpp:880: 基础信息节点类* 语素类::确保语素入口对应基础信息(语素入口节点类* 入口节点, 基础信息类* 基础信息仓库, 基础信息节点类* 父节点) || 语素类.cpp:923: 基础信息节点类* 语素类::确保语素入口对应基础信息(const std::string& 词值, 枚举_词性 词性, 基础信息类* 基础信息仓库, 基础信息节点类* 父节点)"	"同名不同功能或约束，禁止直接合并"
"语言记录主信息类"	"2"	"2"	"0"	"2"	"1x 类别=日志;输入=有自定义类型;输出=其他;副作用=无明显副作用;领域=基础信息;约束=无显式约束 || 1x 类别=日志;输入=有自定义类型;输出=指针/引用/句柄;副作用=无明显副作用;领域=基础信息;约束=无显式约束"	"2x 专用类/对应头文件：基础信息"	"基础信息主信息类.h:168: 语言记录主信息类() : 基础信息基类(nullptr, nullptr, 枚举_主信息类型::语言信息_仅记录) || 基础信息主信息类.h:173: explicit 语言记录主信息类(const 语素入口节点类* 词性) : 基础信息基类(词性, nullptr, 枚举_主信息类型::语言信息_仅记录), 语言词性(词性)"	"同名不同功能或约束，禁止直接合并"
"读取任务执行方法"	"2"	"0"	"2"	"1"	"2x 类别=读取;输入=有自定义类型;输出=指针/引用/句柄;副作用=无明显副作用;领域=任务;约束=noexcept+static"	"2x 专用类/对应头文件：任务"	"任务类.h:137: static 方法节点类* 读取任务执行方法(节点类* 任务节点) noexcept || 任务类.h:138: static const 方法节点类* 读取任务执行方法(const 节点类* 任务节点) noexcept"	"功能签名一致，按专用归属复核"
"读取任务管理对象任务"	"2"	"0"	"2"	"1"	"2x 类别=读取;输入=有自定义类型;输出=指针/引用/句柄;副作用=无明显副作用;领域=任务;约束=noexcept+static"	"2x 专用类/对应头文件：任务"	"任务类.h:128: static 节点类* 读取任务管理对象任务(节点类* 任务节点) noexcept || 任务类.h:129: static const 节点类* 读取任务管理对象任务(const 节点类* 任务节点) noexcept"	"功能签名一致，按专用归属复核"
"读取包指针"	"2"	"2"	"0"	"1"	"2x 类别=读取;输入=有自定义类型;输出=bool;副作用=无明显副作用;领域=自我;约束=noexcept+inline"	"2x 专用类/对应头文件：自我"	"自我动作实现.服务模块.ixx:1322: inline bool 读取包指针( 基础信息节点类* 包, const 语素入口节点类* 子类型, void*& 输出指针) noexcept || 自我动作实现模块.ixx:4851: inline bool 读取包指针( 基础信息节点类* 包, const 语素入口节点类* 子类型, void*& 输出指针) noexcept"	"功能签名一致，按专用归属复核"
"读取场景I64特征"	"2"	"2"	"0"	"2"	"1x 类别=读取;输入=有自定义类型;输出=bool;副作用=无明显副作用;领域=外设;约束=noexcept+inline || 1x 类别=读取;输入=有自定义类型;输出=bool;副作用=无明显副作用;领域=自我;约束=noexcept+inline"	"1x 专用类/对应头文件：外设 || 1x 专用类/对应头文件：自我"	"自我动作实现.外设模块.ixx:8076: inline bool 读取场景I64特征( 场景节点类* 场景, const 语素入口节点类* 特征类型, I64& 输出值) noexcept || 自我动作实现模块.ixx:2772: inline bool 读取场景I64特征( 场景节点类* 场景, const 语素入口节点类* 特征类型, I64& 输出值) noexcept"	"同名不同功能或约束，禁止直接合并"
"读取基础节点特征值"	"2"	"2"	"0"	"2"	"1x 类别=读取;输入=有自定义类型;输出=bool;副作用=无明显副作用;领域=外设;约束=noexcept+inline || 1x 类别=读取;输入=有自定义类型;输出=bool;副作用=无明显副作用;领域=自我;约束=noexcept+inline"	"1x 专用类/对应头文件：外设 || 1x 专用类/对应头文件：自我"	"自我动作实现.外设模块.ixx:7989: inline bool 读取基础节点特征值( 基础信息节点类* 宿主, const 语素入口节点类* 特征类型, 特征值& 输出值) noexcept || 自我动作实现模块.ixx:2717: inline bool 读取基础节点特征值( 基础信息节点类* 宿主, const 语素入口节点类* 特征类型, 特征值& 输出值) noexcept"	"同名不同功能或约束，禁止直接合并"
"读取提交入口上游动作动态"	"2"	"2"	"0"	"1"	"2x 类别=读取;输入=有自定义类型;输出=指针/引用/句柄;副作用=无明显副作用;领域=外设;约束=noexcept+inline"	"2x 专用类/对应头文件：外设"	"自我动作实现.外设模块.ixx:23797: inline 动态节点类* 读取提交入口上游动作动态( 场景节点类* 输入参数场景, 场景节点类* 输出结果场景, 基础信息节点类* 宿主) noexcept || 自我动作实现.外设模块.ixx:23817: inline 动态节点类* 读取提交入口上游动作动态( 场景节点类* 输入参数场景, 场景节点类* 输出结果场景, 基础信息节点类* 首选宿主, 基础信息节点类* 备选宿主) noexcept"	"功能签名一致，按专用归属复核"
"读取数据_已加锁"	"2"	"1"	"1"	"2"	"1x 类别=读取;输入=有自定义类型;输出=bool;副作用=无明显副作用;领域=全局通用候选;约束=template+锁约束 || 1x 类别=读取;输入=无自定义类型;输出=bool;副作用=无明显副作用;领域=全局通用候选;约束=锁约束"	"1x 原地保留/待复核 || 1x 全局共享函数类.ixx候选"	"双向链表模板_序列化.inl:152: template<typename 主信息类型> bool 链表模板<主信息类型>::读取数据_已加锁(const std::string& 文件名) || 双向链表模板核心.h:687: bool 读取数据_已加锁(const std::string& 文件名)"	"同名不同功能或约束，禁止直接合并"
"读取特征VecI64"	"2"	"0"	"2"	"1"	"2x 类别=读取;输入=有自定义类型;输出=bool;副作用=无明显副作用;领域=世界;约束=无显式约束"	"2x 专用类/对应头文件：世界"	"世界树类.h:234: bool 读取特征VecI64(const 特征节点类* 节点, VecI64& 输出值) const || 世界树类.h:235: bool 读取特征VecI64(const 基础信息节点类* 宿主, const 语素入口节点类* 特征类型, VecI64& 输出值) const"	"功能签名一致，按专用归属复核"
"读取特征_I64"	"2"	"0"	"2"	"1"	"2x 类别=读取;输入=有自定义类型;输出=bool;副作用=无明显副作用;领域=世界;约束=无显式约束"	"2x 专用类/对应头文件：世界"	"世界树类.h:229: bool 读取特征_I64(const 特征节点类* 节点, I64& 输出值) const || 世界树类.h:230: bool 读取特征_I64(const 基础信息节点类* 宿主, const 语素入口节点类* 特征类型, I64& 输出值) const"	"功能签名一致，按专用归属复核"
"读取特征_指针"	"2"	"0"	"2"	"1"	"2x 类别=读取;输入=有自定义类型;输出=bool;副作用=无明显副作用;领域=世界;约束=无显式约束"	"2x 专用类/对应头文件：世界"	"世界树类.h:231: bool 读取特征_指针(const 特征节点类* 节点, void*& 输出指针) const || 世界树类.h:232: bool 读取特征_指针(const 基础信息节点类* 宿主, const 语素入口节点类* 特征类型, void*& 输出指针) const"	"功能签名一致，按专用归属复核"
"读取特征快照"	"2"	"0"	"2"	"1"	"2x 类别=读取;输入=有自定义类型;输出=指针/引用/句柄;副作用=无明显副作用;领域=世界;约束=无显式约束"	"2x 专用类/对应头文件：世界"	"世界树类.h:227: 特征值 读取特征快照(const 特征节点类* 节点) const || 世界树类.h:228: 特征值 读取特征快照(const 基础信息节点类* 宿主, const 语素入口节点类* 特征类型) const"	"功能签名一致，按专用归属复核"
"读取目标方法头节点"	"2"	"2"	"0"	"2"	"1x 类别=读取;输入=有自定义类型;输出=整数/时间;副作用=无明显副作用;领域=自我;约束=noexcept+inline || 1x 类别=读取;输入=有自定义类型;输出=指针/引用/句柄;副作用=无明显副作用;领域=自我;约束=noexcept+inline"	"2x 专用类/对应头文件：自我"	"自我动作实现模块.ixx:6527: inline 方法类::节点类* 读取目标方法头节点( 基础信息节点类* 输入包, 时间戳 now) noexcept || 自我动作实现模块.ixx:6541: inline 方法类::节点类* 读取目标方法头节点( 基础信息节点类* 输入包) noexcept"	"同名不同功能或约束，禁止直接合并"
"转日志文本"	"2"	"2"	"0"	"1"	"2x 类别=日志;输入=有自定义类型;输出=文本;副作用=无明显副作用;领域=全局通用候选;约束=inline"	"2x 原地保留/待复核"	"动作验证报告类.h:236: inline std::string 转日志文本(const 结构_动作验证报告& 报告) || 动作验证报告类.ixx:238: inline std::string 转日志文本(const 结构_动作验证报告& 报告)"	"功能签名一致，按专用归属复核"
"输出本能方法自身环境失败"	"2"	"2"	"0"	"2"	"1x 类别=日志;输入=有自定义类型;输出=整数/时间;副作用=无明显副作用;领域=外设;约束=noexcept+inline || 1x 类别=日志;输入=有自定义类型;输出=整数/时间;副作用=无明显副作用;领域=自我;约束=noexcept+inline"	"1x 专用类/对应头文件：外设 || 1x 专用类/对应头文件：自我"	"自我动作实现.外设模块.ixx:9790: inline 存在节点类* 输出本能方法自身环境失败( const 结构_本能方法自身环境& 环境, 场景节点类* 输入参数场景, 场景节点类* 输出结果场景, 时间戳 now) noexcept || 自我动作实现模块.ixx:4691: inline 存在节点类* 输出本能方法自身环境失败( const 结构_本能方法自身环境& 环境, 场景节点类* 输入参数场景, 场景节点类* 输出结果场景, 时间戳 now) noexcept"	"同名不同功能或约束，禁止直接合并"
"输出运行虚拟存在"	"2"	"2"	"0"	"2"	"1x 类别=执行;输入=有自定义类型;输出=整数/时间;副作用=无明显副作用;领域=外设;约束=noexcept+inline || 1x 类别=执行;输入=有自定义类型;输出=整数/时间;副作用=无明显副作用;领域=自我;约束=noexcept+inline"	"1x 专用类/对应头文件：外设 || 1x 专用类/对应头文件：自我"	"自我动作实现.外设模块.ixx:9373: inline 存在节点类* 输出运行虚拟存在( 存在节点类* 运行存在, 场景节点类* 输入参数场景, 场景节点类* 输出结果场景, 时间戳 now) noexcept || 自我动作实现模块.ixx:4267: inline 存在节点类* 输出运行虚拟存在( 存在节点类* 运行存在, 场景节点类* 输入参数场景, 场景节点类* 输出结果场景, 时间戳 now) noexcept"	"同名不同功能或约束，禁止直接合并"
"运行参数已从输入场景匹配"	"2"	"2"	"0"	"2"	"1x 类别=比较;输入=有自定义类型;输出=bool;副作用=无明显副作用;领域=外设;约束=noexcept+inline || 1x 类别=比较;输入=有自定义类型;输出=bool;副作用=无明显副作用;领域=自我;约束=noexcept+inline"	"1x 专用类/对应头文件：外设 || 1x 专用类/对应头文件：自我"	"自我动作实现.外设模块.ixx:9060: inline bool 运行参数已从输入场景匹配( 方法类::节点类* 方法首节点, 场景节点类* 输入参数场景, 时间戳 now) noexcept || 自我动作实现模块.ixx:4135: inline bool 运行参数已从输入场景匹配( 方法类::节点类* 方法首节点, 场景节点类* 输入参数场景, 时间戳 now) noexcept"	"同名不同功能或约束，禁止直接合并"
"运行参数根"	"2"	"2"	"0"	"2"	"1x 类别=执行;输入=有自定义类型;输出=整数/时间;副作用=无明显副作用;领域=外设;约束=noexcept+inline || 1x 类别=执行;输入=有自定义类型;输出=整数/时间;副作用=无明显副作用;领域=自我;约束=noexcept+inline"	"1x 专用类/对应头文件：外设 || 1x 专用类/对应头文件：自我"	"自我动作实现.外设模块.ixx:8556: inline 特征节点类* 运行参数根( 方法类::节点类* 方法首节点, 时间戳 now) noexcept || 自我动作实现模块.ixx:3097: inline 特征节点类* 运行参数根( 方法类::节点类* 方法首节点, 时间戳 now) noexcept"	"同名不同功能或约束，禁止直接合并"
"释放"	"2"	"1"	"1"	"1"	"2x 类别=清理;输入=无自定义类型;输出=其他;副作用=无明显副作用;领域=外设;约束=noexcept"	"2x 专用类/对应头文件：外设"	"双目相机本能适配器.cpp:1331: 调用结果 释放() noexcept || 双目相机本能适配器.h:204: 调用结果 释放() noexcept"	"功能签名一致，按专用归属复核"
"释放树_独立"	"2"	"1"	"1"	"2"	"1x 类别=清理;输入=有自定义类型;输出=void;副作用=无明显副作用;领域=全局通用候选;约束=template || 1x 类别=清理;输入=有自定义类型;输出=void;副作用=无明显副作用;领域=全局通用候选;约束=static"	"2x 原地保留/待复核"	"双向链表模板_深拷贝.inl:28: template<typename 主信息类型> void 链表模板<主信息类型>::释放树_独立(节点类*& 独立根) || 双向链表模板核心.h:670: static void 释放树_独立(节点类*& 独立根)"	"同名不同功能或约束，禁止直接合并"
"重写需求树SQL投影"	"2"	"0"	"2"	"2"	"1x 类别=未分类;输入=有自定义类型;输出=bool;副作用=无明显副作用;领域=需求;约束=noexcept+static || 1x 类别=执行;输入=有自定义类型;输出=其他;副作用=无明显副作用;领域=需求;约束=无显式约束"	"2x 专用类/对应头文件：需求"	"需求类.h:513: static bool 重写需求树SQL投影( 节点类* 需求根节点, const char* 来源原因) noexcept || 需求类.h:619: (void)重写需求树SQL投影(SQL投影根, ""需求树更新指令成功"")"	"同名不同功能或约束，禁止直接合并"
"需求目标语义视图"	"2"	"0"	"2"	"1"	"2x 类别=执行;输入=有自定义类型;输出=指针/引用/句柄;副作用=无明显副作用;领域=需求;约束=noexcept+static"	"2x 专用类/对应头文件：需求"	"需求类.h:341: static 结构_需求目标语义视图 需求目标语义视图( const 语素入口节点类* 目标特征类型) noexcept || 需求类.h:359: static 结构_需求目标语义视图 需求目标语义视图( const 节点类* 需求) noexcept"	"功能签名一致，按专用归属复核"
"需求目标重叠_已加锁"	"2"	"2"	"0"	"1"	"2x 类别=执行;输入=有自定义类型;输出=bool;副作用=无明显副作用;领域=需求;约束=noexcept+static+锁约束"	"2x 专用类/对应头文件：需求"	"需求类.h:860: static bool 需求目标重叠_已加锁( const 结构_需求目标键& 左, const 结构_需求目标键& 右) noexcept || 需求类.h:890: static bool 需求目标重叠_已加锁( const 需求主信息类& 左, const 需求主信息类& 右) noexcept"	"功能签名一致，按专用归属复核"
"需求类::普通候选方法筹办禁止原因"	"2"	"2"	"0"	"1"	"2x 类别=未分类;输入=有自定义类型;输出=文本;副作用=无明显副作用;领域=需求;约束=noexcept"	"2x 专用类/对应头文件：需求"	"需求类.cpp:1429: const char* 需求类::普通候选方法筹办禁止原因( const 结构_需求目标语义视图& 视图) noexcept || 需求类.cpp:1450: const char* 需求类::普通候选方法筹办禁止原因( const 语素入口节点类* 目标特征类型) noexcept"	"功能签名一致，按专用归属复核"
"需求类::生成需求方向签名"	"2"	"2"	"0"	"1"	"2x 类别=生成;输入=有自定义类型;输出=指针/引用/句柄;副作用=无明显副作用;领域=需求;约束=noexcept"	"2x 专用类/对应头文件：需求"	"需求类.cpp:1281: 需求类::结构_需求方向签名 需求类::生成需求方向签名( const 二次特征主信息类* 比较主信息) noexcept || 需求类.cpp:1322: 需求类::结构_需求方向签名 需求类::生成需求方向签名( const 二次特征节点类* 比较节点) noexcept"	"功能签名一致，按专用归属复核"
"需求类::需求目标语义视图"	"2"	"2"	"0"	"1"	"2x 类别=执行;输入=有自定义类型;输出=指针/引用/句柄;副作用=无明显副作用;领域=需求;约束=noexcept"	"2x 专用类/对应头文件：需求"	"需求类.cpp:1149: 需求类::结构_需求目标语义视图 需求类::需求目标语义视图( const 语素入口节点类* 目标特征类型) noexcept || 需求类.cpp:1274: 需求类::结构_需求目标语义视图 需求类::需求目标语义视图( const 节点类* 需求) noexcept"	"功能签名一致，按专用归属复核"
"项目弹窗错误提示"	"2"	"1"	"1"	"1"	"2x 类别=执行;输入=无自定义类型;输出=void;副作用=无明显副作用;领域=日志;约束=noexcept"	"2x 专用类/对应头文件：日志"	"日志接入.h:14: void 项目弹窗错误提示(const std::string& 标题, const std::string& 文本) noexcept || 日志模块.ixx:601: void 项目弹窗错误提示(const std::string& 标题, const std::string& 文本) noexcept"	"功能签名一致，按专用归属复核"
"项目提示不允许空指"	"2"	"1"	"1"	"1"	"2x 类别=执行;输入=无自定义类型;输出=void;副作用=无明显副作用;领域=日志;约束=noexcept"	"2x 专用类/对应头文件：日志"	"日志接入.h:15: void 项目提示不允许空指( const char* 上下文, const char* 表达式, const char* 文件, int 行, const char* 函数) noexcept || 日志模块.ixx:626: void 项目提示不允许空指( const char* 上下文, const char* 表达式, const char* 文件, int 行, const char* 函数) noexcept"	"功能签名一致，按专用归属复核"
"项目自检无上级需求日志"	"2"	"1"	"1"	"1"	"2x 类别=日志;输入=有自定义类型;输出=void;副作用=无明显副作用;领域=日志;约束=noexcept"	"2x 专用类/对应头文件：日志"	"日志接入.h:21: void 项目自检无上级需求日志(const std::string& 文本) noexcept || 日志模块.ixx:660: void 项目自检无上级需求日志(const std::string& 文本) noexcept"	"功能签名一致，按专用归属复核"
"项目致命日志"	"2"	"1"	"1"	"1"	"2x 类别=日志;输入=无自定义类型;输出=void;副作用=无明显副作用;领域=日志;约束=noexcept"	"2x 专用类/对应头文件：日志"	"日志接入.h:24: void 项目致命日志(const std::string& 文本) noexcept || 日志模块.ixx:699: void 项目致命日志(const std::string& 文本) noexcept"	"功能签名一致，按专用归属复核"
"项目记录异常日志"	"2"	"1"	"1"	"1"	"2x 类别=日志;输入=无自定义类型;输出=void;副作用=无明显副作用;领域=日志;约束=noexcept"	"2x 专用类/对应头文件：日志"	"日志接入.h:23: void 项目记录异常日志(const std::exception& 异常, const std::string& 上下文) noexcept || 日志模块.ixx:689: void 项目记录异常日志(const std::exception& 异常, const std::string& 上下文) noexcept"	"功能签名一致，按专用归属复核"
"项目运行日志"	"2"	"1"	"1"	"1"	"2x 类别=日志;输入=无自定义类型;输出=void;副作用=无明显副作用;领域=日志;约束=noexcept"	"2x 专用类/对应头文件：日志"	"日志接入.h:11: void 项目运行日志(const std::string& 文本) noexcept || 日志模块.ixx:571: void 项目运行日志(const std::string& 文本) noexcept"	"功能签名一致，按专用归属复核"
"项目运行警告日志"	"2"	"1"	"1"	"1"	"2x 类别=日志;输入=无自定义类型;输出=void;副作用=无明显副作用;领域=日志;约束=noexcept"	"2x 专用类/对应头文件：日志"	"日志接入.h:12: void 项目运行警告日志(const std::string& 文本) noexcept || 日志模块.ixx:581: void 项目运行警告日志(const std::string& 文本) noexcept"	"功能签名一致，按专用归属复核"
"项目运行错误日志"	"2"	"1"	"1"	"1"	"2x 类别=日志;输入=无自定义类型;输出=void;副作用=无明显副作用;领域=日志;约束=noexcept"	"2x 专用类/对应头文件：日志"	"日志接入.h:13: void 项目运行错误日志(const std::string& 文本) noexcept || 日志模块.ixx:591: void 项目运行错误日志(const std::string& 文本) noexcept"	"功能签名一致，按专用归属复核"
"饱和增加"	"2"	"2"	"0"	"2"	"1x 类别=执行;输入=无自定义类型;输出=整数/时间;副作用=无明显副作用;领域=外设;约束=noexcept+inline || 1x 类别=执行;输入=无自定义类型;输出=整数/时间;副作用=无明显副作用;领域=自我;约束=noexcept+inline"	"1x 专用类/对应头文件：外设 || 1x 专用类/对应头文件：自我"	"自我动作实现.外设模块.ixx:8988: inline I64 饱和增加(I64 左值, I64 右值) noexcept || 自我动作实现模块.ixx:4064: inline I64 饱和增加(I64 左值, I64 右值) noexcept"	"同名不同功能或约束，禁止直接合并"
"首节点信息"	"2"	"2"	"0"	"1"	"2x 类别=执行;输入=有自定义类型;输出=指针/引用/句柄;副作用=无明显副作用;领域=方法;约束=noexcept"	"2x 专用类/对应头文件：方法"	"方法主信息类.h:392: 结构_方法首节点信息& 首节点信息() noexcept || 方法主信息类.h:399: const 结构_方法首节点信息& 首节点信息() const noexcept"	"功能签名一致，按专用归属复核"
