结构体名	所在文件	行号	字段摘要	是否含文本业务字段	是否含项目结构字段	写入方	读取方	外部读取	初步分类
结构_本能方法运行闭环视图	本能动作管理类.ixx	402	bool 运行存在有效 = false; | bool 方法执行情况已读 = false; | bool 方法执行成功 = false; | bool 方法执行失败 = false; | bool 调试运行码已读 = false; | std::int64_t 调试运行码 = 本能动作运行结果_未知; | const 语素入口节点类* 方法执行情况 = nullptr; | const 语素入口节点类* 失败原因 = nullptr; | ...(+7)	是	是	待P3审计	待P3审计	待P3审计	候选：待引用审计
结构体_本能动作登记信息	本能动作管理类.ixx	635	本能动作函数 动作函数{}; | 方法类::节点类* 方法信息首节点 = nullptr; | std::string 函数名称{}; | };	是	是	待P3审计	待P3审计	待P3审计	候选：待引用审计
结构体_本能回执最小字段	本能动作类.ixx	129	bool 成功 = false; | I64 错误码 = 0; | std::string 诊断{}; | 时间戳 耗时_us = 0; | 时间戳 时间_系统 = 0; | };	是	是	待P3审计	待P3审计	待P3审计	候选：待引用审计
结构体_场景模式匹配参数	本能动作类.ixx	137	I64 I64容忍误差 = 0; | I64 歧义分差阈值 = 50; | std::function<I64(const 语素入口节点类* 类型, const 特征值& 输入值, const 特征值& 模式值)> 差值算法{}; | };	否	是	待P3审计	待P3审计	待P3审计	候选：待引用审计
结构体_场景模式匹配绑定	本能动作类.ixx	145	const 基础信息节点类* 模式节点 = nullptr; | 基础信息节点类* 输入节点 = nullptr; | I64 匹配分 = 0; | };	否	是	待P3审计	待P3审计	待P3审计	候选：待引用审计
结构体_场景模式匹配结果	本能动作类.ixx	151	bool 匹配成功 = false; | bool 有歧义 = false; | I64 总分 = 0; | std::vector<结构体_场景模式匹配绑定> 绑定表{}; | std::vector<const 基础信息节点类*> 未满足模式节点{}; | };	否	是	待P3审计	待P3审计	待P3审计	候选：待引用审计
局部结果	本能动作类.ixx	260	bool ok = true; | bool ambiguous = false; | I64 score = 0; | };	否	是	待P3审计	待P3审计	待P3审计	候选：待引用审计
候选项	本能动作类.ixx	347	基础信息节点类* 节点 = nullptr; | I64 分数 = 0; | };	否	是	待P3审计	待P3审计	待P3审计	候选：待引用审计
结构_默认本能方法种子	本能方法类.cpp	15	枚举_本能方法ID ID = 枚举_本能方法ID::未定义; | 枚举_本能方法分类 分类 = 枚举_本能方法分类::未定义; | const char* 动作名称 = ""; | };	是	否	待P3审计	待P3审计	待P3审计	候选：待引用审计
动态创建后处理选项	动态类.h	5	bool 生成动态二次特征 = true; | bool 生成相邻动态协同 = true; | bool 尝试连续同向聚合 = true; | bool 尝试同类事件段聚合 = true; | };	否	否	待P3审计	待P3审计	待P3审计	候选：待引用审计
动作执行上下文	动作线程类.ixx	35	世界树类* 世界树 = nullptr; | 三维场景管理类* 场景管理 = nullptr; | 任务主信息类* 任务 = nullptr; | void* 任务节点 = nullptr; | 场景节点类* 场景 = nullptr; | 场景节点类* 输入场景 = nullptr; | 场景节点类* 输出场景 = nullptr; | 存在节点类* 目标存在 = nullptr; | ...(+3)	否	是	待P3审计	待P3审计	待P3审计	候选：待引用审计
结构_动作步骤结果	动作线程类.ixx	51	枚举_本能方法ID 动作ID = 枚举_本能方法ID::未定义; | std::int64_t 成功码 = 0; | std::int64_t 质量 = 0; | std::uint64_t 成本_us = 0; | 场景节点类* 结果存在集场景 = nullptr; | 场景节点类* 结果事件集场景 = nullptr; | std::string 备注{}; | };	是	是	待P3审计	待P3审计	待P3审计	候选：待引用审计
结构_动作执行结果	动作线程类.ixx	65	std::uint64_t 请求ID = 0; | std::int64_t 总成功码 = 0; | 时间戳 开始_us = 0; | 时间戳 结束_us = 0; | std::vector<结构_动作步骤结果> 步骤结果{}; | return (结束_us >= 开始_us) ? (结束_us - 开始_us) : 0; | };	否	否	待P3审计	待P3审计	待P3审计	候选：待引用审计
结构_动作执行请求	动作线程类.ixx	83	std::uint64_t 请求ID = 0; | std::vector<枚举_本能方法ID> 执行序列{}; | 场景节点类* 场景 = nullptr; | 场景节点类* 输入场景 = nullptr; | 场景节点类* 输出场景 = nullptr; | 存在节点类* 目标存在 = nullptr; | void* 任务节点 = nullptr; | void* 方法根 = nullptr; | ...(+2)	否	是	待P3审计	待P3审计	待P3审计	候选：待引用审计
队列项	动作线程类.ixx	104	结构_动作执行请求 请求{}; | std::promise<结构_动作执行结果> 承诺{}; | };	否	否	待P3审计	待P3审计	待P3审计	候选：待引用审计
结构_动作验证值	动作验证报告类.h	37	bool 已设置 = false; | VecI64 值{}; | };	否	是	待P3审计	待P3审计	待P3审计	候选：待引用审计
结构_动作验证报告	动作验证报告类.h	42	std::string 动作事务ID{}; | std::uintptr_t 来源任务指针 = 0; | std::string 来源任务主键{}; | std::uintptr_t 来源方法指针 = 0; | std::string 来源方法主键{}; | 结构_动作验证值 目标值{}; | 结构_动作验证值 预测值{}; | 结构_动作验证值 实际值{}; | ...(+9)	是	是	待P3审计	待P3审计	待P3审计	候选：待引用审计
结构_动作验证报告摘要	动作验证报告类.h	63	bool 有报告 = false; | std::string 动作验证报告ID{}; | 枚举_动作验证状态 验证状态 = 枚举_动作验证状态::未开始; | 枚举_事实提交等级 事实提交等级 = 枚举_事实提交等级::未定义; | I64 回读置信度_Q10000 = 0; | VecI64 目标偏差{}; | VecI64 预测偏差{}; | VecI64 报告偏差{}; | ...(+1)	是	是	待P3审计	待P3审计	待P3审计	候选：待引用审计
结构_动作验证值	动作验证报告类.ixx	39	bool 已设置 = false; | VecI64 值{}; | };	否	是	待P3审计	待P3审计	待P3审计	候选：待引用审计
结构_动作验证报告	动作验证报告类.ixx	44	std::string 动作事务ID{}; | std::uintptr_t 来源任务指针 = 0; | std::string 来源任务主键{}; | std::uintptr_t 来源方法指针 = 0; | std::string 来源方法主键{}; | 结构_动作验证值 目标值{}; | 结构_动作验证值 预测值{}; | 结构_动作验证值 实际值{}; | ...(+9)	是	是	待P3审计	待P3审计	待P3审计	候选：待引用审计
结构_动作验证报告摘要	动作验证报告类.ixx	65	bool 有报告 = false; | std::string 动作验证报告ID{}; | 枚举_动作验证状态 验证状态 = 枚举_动作验证状态::未开始; | 枚举_事实提交等级 事实提交等级 = 枚举_事实提交等级::未定义; | I64 回读置信度_Q10000 = 0; | VecI64 目标偏差{}; | VecI64 预测偏差{}; | VecI64 报告偏差{}; | ...(+1)	是	是	待P3审计	待P3审计	待P3审计	候选：待引用审计
结构_刻度片	度量模板注册表类.ixx	40	I64区间 区间{ 0, -1 }; | std::string 名称{}; | bool 是小区间 = false; | };	是	是	待P3审计	待P3审计	待P3审计	候选：待引用审计
结构_模板参数	度量模板注册表类.ixx	46	std::string 特征类型主键{}; | };	是	否	待P3审计	待P3审计	待P3审计	候选：待引用审计
结构_度量刻度片_桥接	度量模板注册表桥接.h	7	std::int64_t 低值 = 0; | std::int64_t 高值 = -1; | std::string 名称{}; | bool 是小区间 = false; | };	是	否	待P3审计	待P3审计	待P3审计	候选：待引用审计
结构_二次特征索引追加阶段耗时	二次特征类.cpp	21	std::uint64_t 节点引用准备耗时微秒 = 0; | std::uint64_t 场景索引锁等待耗时微秒 = 0; | std::uint64_t 关系索引查重耗时微秒 = 0; | std::uint64_t 关系索引追加耗时微秒 = 0; | std::uint64_t 二次特征索引查重耗时微秒 = 0; | std::uint64_t 二次特征索引追加耗时微秒 = 0; | bool 关系索引已存在 = false; | bool 二次特征索引已存在 = false; | ...(+1)	否	否	待P3审计	待P3审计	待P3审计	候选：待引用审计
结构_匹配配置	二次特征应用模块.ixx	109	bool 使用对象绑定 = true; | bool 条件空指针视为通配 = true; | bool 允许用概念名称弱匹配 = true; | };	是	否	待P3审计	待P3审计	待P3审计	候选：待引用审计
结构_匹配结果	二次特征应用模块.ixx	115	I64 命中数 = 0; | I64 摘要数 = 0; | I64 目标数 = 0; | I64 精确率_Q10000 = 0; | I64 召回率_Q10000 = 0; | I64 得分_Q10000 = 0; | };	是	是	待P3审计	待P3审计	待P3审计	候选：待引用审计
二次特征匹配配置_桥接	二次特征应用模块.ixx	191	bool 使用对象绑定 = true; | bool 条件空指针视为通配 = true; | bool 允许用概念名称弱匹配 = true; | };	是	否	待P3审计	待P3审计	待P3审计	候选：待引用审计
二次特征匹配结果_桥接	二次特征应用模块.ixx	197	std::int64_t 命中数 = 0; | std::int64_t 摘要数 = 0; | std::int64_t 目标数 = 0; | std::int64_t 精确率_Q10000 = 0; | std::int64_t 召回率_Q10000 = 0; | std::int64_t 得分_Q10000 = 0; | };	是	否	待P3审计	待P3审计	待P3审计	候选：待引用审计
二次特征生成配置	二次特征应用模块.ixx	420	bool 生成变化量 = true; | bool 生成变化方向 = true; | bool 生成持续时间 = true; | bool 尝试因果模板匹配 = true; | bool 匹配命中回写因果证据动态 = true; | std::uint32_t 生成版本 = 1; | };	否	否	待P3审计	待P3审计	待P3审计	候选：待引用审计
结构_场景二次特征写入请求	二次特征应用模块.ixx	429	std::string 度量签名_链键{}; | std::string 概念名称{}; | const 语素入口节点类* 概念入口 = nullptr; | std::string 概念词性 = "名词"; | std::string 离散语义键{}; | 二次特征主信息类::枚举_形态 形态 = 二次特征主信息类::枚举_形态::未定义; | 枚举_二次特征种类 种类 = 枚举_二次特征种类::未定义; | 枚举_二次特征域 域 = 枚举_二次特征域::未定义; | ...(+25)	是	是	待P3审计	待P3审计	待P3审计	候选：待引用审计
结构_动态视图片段	二次特征应用模块.ixx	945	动态节点类* 动态 = nullptr; | const 动态节点主信息类* 动态主信息 = nullptr; | 状态节点类* 起始状态 = nullptr; | 状态节点类* 结果状态 = nullptr; | const 状态节点主信息类* 起始状态主信息 = nullptr; | const 状态节点主信息类* 结果状态主信息 = nullptr; | 基础信息节点类* 主体 = nullptr; | 特征节点类* 特征 = nullptr; | ...(+14)	否	是	待P3审计	待P3审计	待P3审计	候选：待引用审计
结构_二次特征比较语义	方法类.cpp	606	std::string 特征类型主键{}; | std::int32_t 比较结果 = 2; | return !特征类型主键.empty() && 比较结果 != 2; | };	是	否	待P3审计	待P3审计	待P3审计	候选：待引用审计
结构_方法树SQL行	方法类.cpp	1044	int 行号 = 0; | std::string 节点主键{}; | std::string 父节点主键{}; | int 深度 = 0; | int 同层序号 = 0; | int 直接子数量 = 0; | std::string 路径{}; | int 节点种类值 = 0; | ...(+15)	是	否	待P3审计	待P3审计	待P3审计	候选：待引用审计
结构体_动作句柄	方法主信息类.h	105	枚举_动作句柄类型 类型 = 枚举_动作句柄类型::未设置; | I64 本能ID = 0; | std::string 外部实现主键{}; | std::string 动作序列主键{}; | case 枚举_动作句柄类型::本能函数ID: return 本能ID != 0; | case 枚举_动作句柄类型::外部实现主键: return !外部实现主键.empty(); | case 枚举_动作句柄类型::动作序列主键: return !动作序列主键.empty(); | default: return false; | ...(+1)	是	是	待P3审计	待P3审计	待P3审计	候选：待引用审计
结构_方法条件项	方法主信息类.h	123	const 语素入口节点类* 特征类型 = nullptr; | 特征值 期望值{}; | I64 区间下界 = 0; | I64 区间上界 = 0; | bool 是否必需 = true; | };	否	是	待P3审计	待P3审计	待P3审计	候选：待引用审计
结构_方法条件组	方法主信息类.h	131	std::vector<结构_方法条件项> 条件项集{}; | };	否	否	待P3审计	待P3审计	待P3审计	候选：待引用审计
结构_方法条件面	方法主信息类.h	135	std::vector<结构_方法条件组> 可用条件组集{}; | };	否	否	待P3审计	待P3审计	待P3审计	候选：待引用审计
结构_方法结果关系模板	方法主信息类.h	139	const 语素入口节点类* 目标特征类型 = nullptr; | bool 目标特征类型由参数决定 = false; | const 语素入口节点类* 目标特征类型参数 = nullptr; | std::vector<可解析引用<二次特征节点类>> 结果二次特征模板{}; | 方向掩码 允许方向 = 0; | std::optional<I64区间> 标量区间{}; | bool 有目标值 = false; | 特征值 目标值{}; | ...(+4)	否	是	待P3审计	待P3审计	待P3审计	候选：待引用审计
结构_方法结果项	方法主信息类.h	162	const 语素入口节点类* 特征类型 = nullptr; | bool 特征类型由参数决定 = false; | const 语素入口节点类* 特征类型参数 = nullptr; | 枚举_结果变化方向 方向 = 枚举_结果变化方向::未定义; | 特征值 目标值{}; | I64 最小变化量 = 0; | I64 最大变化量 = 0; | 结构_方法结果关系模板 关系模板{}; | ...(+14)	否	是	待P3审计	待P3审计	待P3审计	候选：待引用审计
结构_方法结果包	方法主信息类.h	242	std::vector<结构_方法结果项> 结果项集{}; | };	否	否	待P3审计	待P3审计	待P3审计	候选：待引用审计
结构_方法首节点能力面	方法主信息类.h	246	结构_方法结果包 结果包{}; | bool 可被方法查找命中 = true; | bool 是否根写入原语 = false; | };	否	否	待P3审计	待P3审计	待P3审计	候选：待引用审计
结构_方法节点公共信息	方法主信息类.h	252	const 自然句节点类* 描述信息 = nullptr; | 枚举_方法节点种类 节点种类 = 枚举_方法节点种类::未定义; | 结构_统计 统计{}; | };	否	否	待P3审计	待P3审计	待P3审计	候选：待引用审计
结构_方法首节点信息	方法主信息类.h	258	可解析引用<存在节点类> 方法虚拟存在{}; | const 语素入口节点类* 动作名 = nullptr; | 结构体_动作句柄 动作句柄{}; | 枚举_方法来源 来源 = 枚举_方法来源::未定义; | 可解析引用<任务节点类> 来源任务{}; | 可解析引用<方法节点类> 父方法{}; | 可解析引用<方法节点类> 前置方法{}; | 可解析引用<方法节点类> 后续方法{}; | ...(+4)	否	是	待P3审计	待P3审计	待P3审计	候选：待引用审计
结构_方法条件节点信息	方法主信息类.h	272	可解析引用<场景节点类> 条件场景{}; | std::string 条件主键{}; | std::string 条件场景模板主键{}; | 结构_方法条件面 条件面{}; | std::vector<可解析引用<二次特征节点类>> 条件判定索引{}; | 时间戳 时间起 = 0; | 时间戳 时间止 = 0; | };	是	是	待P3审计	待P3审计	待P3审计	候选：待引用审计
结构_方法结果节点信息	方法主信息类.h	282	可解析引用<场景节点类> 结果场景{}; | std::string 结果主键{}; | 结构_方法结果包 结果包{}; | std::vector<可解析引用<状态节点类>> 结果初始状态{}; | };	是	是	待P3审计	待P3审计	待P3审计	候选：待引用审计
I64区间	基础数据类型.h	24	std::int64_t 低值 = 0; | std::int64_t 高值 = 0; | constexpr bool 有效() const noexcept { return 低值 <= 高值; } | constexpr bool 是否点() const noexcept { return 低值 == 高值; } | constexpr std::int64_t 点值() const noexcept { return 低值; } | constexpr bool 包含(std::int64_t v) const noexcept { return v >= 低值 && v <= 高值; } | };	否	是	待P3审计	待P3审计	待P3审计	候选：待引用审计
可解析引用	基础数据类型.h	149	T节点* 指针 = nullptr; | std::string 主键{}; | 可解析引用() = default; | 可解析引用(T节点* 节点) { 绑定(节点); } | 可解析引用(T节点* 节点, const std::string& 主键值) { 绑定(节点, 主键值); } | bool 有效() const noexcept { return 指针 != nullptr || !主键.empty(); } | T节点* 获取() const noexcept { return 指针; } | T节点* operator->() const noexcept { return 指针; } | ...(+12)	是	否	待P3审计	待P3审计	待P3审计	候选：待引用审计
结构_基础信息轻引用	基础数据类型.h	217	std::uintptr_t 指针 = 0; | std::string 主键{}; | bool 有效() const noexcept { return 指针 != 0 || !主键.empty(); } | return reinterpret_cast<T节点*>(指针); | 指针 = reinterpret_cast<std::uintptr_t>(节点); | 主键 = 私有_提取主键(节点); | 指针 = 0; | 主键.clear(); | ...(+4)	是	否	待P3审计	待P3审计	待P3审计	候选：待引用审计
结构_统计	基础数据类型.h	266	时间戳 创建时间 = 0; | 时间戳 最后观测时间 = 0; | std::uint64_t 命中次数 = 0; | if (创建时间 == 0 && now != 0) 创建时间 = now; | if (now != 0) 最后观测时间 = now; | ++命中次数; | };	否	否	待P3审计	待P3审计	待P3审计	候选：待引用审计
结构_时间段	基础数据类型.h	280	时间戳 起 = 0; | 时间戳 止 = 0; | };	否	否	待P3审计	待P3审计	待P3审计	候选：待引用审计
VecU句柄	基础数据类型.h	289	std::uintptr_t 主信息指针 = 0; | bool 有效() const noexcept { return 主信息指针 != 0; } | };	否	否	待P3审计	待P3审计	待P3审计	候选：待引用审计
指针句柄	基础数据类型.h	296	std::uintptr_t 指针 = 0; | bool 有效() const noexcept { return 指针 != 0; } | };	否	否	待P3审计	待P3审计	待P3审计	候选：待引用审计
特征稳态	基础数据类型.h	326	特征值 值{}; | std::optional<I64区间> 区间{}; | std::uint64_t 命中次数 = 0; | 时间戳 最后命中 = 0; | };	否	是	待P3审计	待P3审计	待P3审计	候选：待引用审计
结构体_分词	基础数据类型.h	530	std::string 词; | std::string  词性; | 结构体_分词() = default; | };	是	否	待P3审计	待P3审计	待P3审计	候选：待引用审计
结构体_空间坐标	基础数据类型.h	542	long long x = 0, y = 0, z = 0; | return a.x == b.x && a.y == b.y && a.z == b.z; | return { x - o.x, y - o.y, z - o.z }; | };	否	否	待P3审计	待P3审计	待P3审计	候选：待引用审计
结构体_时间戳	基础数据类型.h	599	时间戳 值 = 0; | ); | ); | return (t1 >= t0) ? (t1 - t0) : (t0 - t1); | return static_cast<std::int64_t>(t1) - static_cast<std::int64_t>(t0); | };	否	否	待P3审计	待P3审计	待P3审计	候选：待引用审计
I64多维区间	基础数据类型.h	796	std::vector<I64区间> 维度{}; | if (维度.empty()) return false; | for (const auto& d : 维度) if (d.低值 > d.高值) return false; | return true; | std::size_t 维度数() const noexcept { return 维度.size(); } | };	否	是	待P3审计	待P3审计	待P3审计	候选：待引用审计
点阵图	基础数据类型.h	829	std::int32_t 宽 = 0; | std::int32_t 高 = 0; | std::vector<std::uint64_t> 数据; | };	否	否	待P3审计	待P3审计	待P3审计	候选：待引用审计
结构体_观察统计	基础数据类型.h	921	std::uint32_t 观察次数 = 0; | 时间戳 最近观察时间 = 0; | 时间戳 最近看见时间 = 0; | float 熟悉度 = 0.0f; | float 不确定度 = 1.0f; | float 变化评分 = 0.0f; | std::uint32_t 连续命中帧 = 0; | std::uint32_t 连续丢失帧 = 0; | ...(+1)	否	否	待P3审计	待P3审计	待P3审计	候选：待引用审计
Color	基础数据类型.h	939	uint8_t r = 255, g = 255, b = 255; | };	否	否	待P3审计	待P3审计	待P3审计	候选：待引用审计
颜色_BGR8	基础数据类型.h	942	std::uint8_t b{}, g{}, r{}; | };	否	否	待P3审计	待P3审计	待P3审计	候选：待引用审计
Vector3D	基础数据类型.h	949	double  x = 0.0f; | double  y = 0.0f; | double  z = 0.0f; | Vector3D() = default; | return Vector3D(x * scalar, y * scalar, z * scalar); | if (scalar == 0.0f) return *this; | return Vector3D(x / scalar, y / scalar, z / scalar); | return Vector3D(x + other.x, y + other.y, z + other.z); | ...(+10)	否	否	待P3审计	待P3审计	待P3审计	候选：待引用审计
Quaternion	基础数据类型.h	1021	double w = 1.0; | double x = 0.0; | double y = 0.0; | double z = 0.0; | static Quaternion 单位() noexcept { return {}; } | double 范数() const noexcept { return std::sqrt(w * w + x * x + y * y + z * z); } | const double n = 范数(); | if (n <= 0.0) { w = 1.0; x = y = z = 0.0; return; } | ...(+9)	否	否	待P3审计	待P3审计	待P3审计	候选：待引用审计
结构体_相机状态	基础数据类型.h	1067	时间戳 设备时间_微秒 = 0; | Quaternion 姿态{}; | Vector3D 位置{ 0,0,0 }; | bool 有效 = true; | };	否	否	待P3审计	待P3审计	待P3审计	候选：待引用审计
结构体_轮廓观测	基础数据类型.h	1093	int 帧内序号 = 0; | int x = 0, y = 0, w = 0, h = 0; | std::vector<std::uint8_t> 掩膜; | std::vector<Color> 裁剪颜色; | std::vector<Vector3D> 点云簇; | std::vector<std::int64_t> 边界点; | Vector3D 中心{ 0,0,0 }; | Vector3D 尺寸{ 0,0,0 }; | ...(+7)	否	是	待P3审计	待P3审计	待P3审计	候选：待引用审计
结构体_帧时间戳	基础数据类型.h	1135	std::uint64_t 设备时间_us = 0; | std::uint64_t 系统到达时间_us = 0; | 枚举_时间域 域 = 枚举_时间域::未知; | std::uint32_t 深度帧号 = 0; | std::uint32_t 彩色帧号 = 0; | };	否	否	待P3审计	待P3审计	待P3审计	候选：待引用审计
结构体_帧元数据	基础数据类型.h	1149	bool 有效 = false; | int 曝光_us = -1; | int 增益 = -1; | int 白平衡_K = -1; | int 激光功率 = -1; | double 温度_C = 0.0; | };	否	否	待P3审计	待P3审计	待P3审计	候选：待引用审计
结构体_IMU样本	基础数据类型.h	1163	std::uint64_t 设备时间_us = 0; | Vector3D 加速度_m_s2{}; | Vector3D 角速度_rad_s{}; | };	否	否	待P3审计	待P3审计	待P3审计	候选：待引用审计
结构体_相机内参	基础数据类型.h	1171	double fx = 0.0; | double fy = 0.0; | double cx = 0.0; | double cy = 0.0; | int 宽度 = 0; | int 高度 = 0; | bool 有效 = false; | };	否	否	待P3审计	待P3审计	待P3审计	候选：待引用审计
RawImage	基础数据类型.h	1183	int w = 0, h = 0; | std::vector<T> data; | bool valid() const { return w > 0 && h > 0 && (int)data.size() == w * h; } | T& at(int x, int y) { return data[(size_t)y * (size_t)w + (size_t)x]; } | const T& at(int x, int y) const { return data[(size_t)y * (size_t)w + (size_t)x]; } | };	否	否	待P3审计	待P3审计	待P3审计	候选：待引用审计
结构体_原始场景帧	基础数据类型.h	1197	结构体_帧时间戳 时间戳; | int 宽度 = 0; | int 高度 = 0; | 结构体_相机内参 深度内参; | bool 深度已对齐到彩色 = true; | double 深度单位_mm = 0.0; | std::vector<double> 深度; | std::vector<double> 原始深度; | ...(+27)	否	否	待P3审计	待P3审计	待P3审计	候选：待引用审计
点索引	基础数据类型.h	1324	int u = 0; | int v = 0; | };	否	否	待P3审计	待P3审计	待P3审计	候选：待引用审计
结构体_ROI	基础数据类型.h	1336	int x = 0, y = 0; | int w = 0, h = 0; | };	否	否	待P3审计	待P3审计	待P3审计	候选：待引用审计
结构体_图像缓冲_u8	基础数据类型.h	1343	int w = 0, h = 0, c = 0; | int stride_bytes = 0; | std::vector<std::uint8_t> data; | return w > 0 && h > 0 && c > 0 && !data.empty(); | std::size_t stride = (stride_bytes > 0) ? (std::size_t)stride_bytes : (std::size_t)(w * c); | return stride * (std::size_t)h; | inline void 清空() { w = h = c = stride_bytes = 0; data.clear(); data.shrink_to_fit(); } | };	否	否	待P3审计	待P3审计	待P3审计	候选：待引用审计
结构体_图像缓冲_f32	基础数据类型.h	1364	int w = 0, h = 0, c = 0; | std::vector<float> data; | inline bool 有效() const { return w > 0 && h > 0 && c > 0 && !data.empty(); } | inline std::size_t 期望元素数() const { return (std::size_t)w * (std::size_t)h * (std::size_t)c; } | inline void 清空() { w = h = c = 0; data.clear(); data.shrink_to_fit(); } | };	否	否	待P3审计	待P3审计	待P3审计	候选：待引用审计
结构体_存在观测	基础数据类型.h	1380	bool 轮廓观测有效 = false; | 时间戳   时间 = 0; | 枚举_坐标系 坐标系 = 枚举_坐标系::相机坐标系; | Quaternion 相机_q_world_cam{}; | Vector3D 相机_t_world_cam{}; | bool 相机位姿有效 = false; | std::vector<std::uint8_t> 彩色截图; | std::vector<std::int64_t> 彩色截图元信息; | ...(+61)	是	是	待P3审计	待P3审计	待P3审计	候选：待引用审计
抓取位姿建议	基础数据类型.h	1509	Vector3D        法向量{ 0,0,1 }; | Vector3D        相对中心偏移{ 0,0,0 }; | double          评分 = 0.0; | 枚举_抓取类型   类型 = 枚举_抓取类型::未知; | };	否	否	待P3审计	待P3审计	待P3审计	候选：待引用审计
点簇边界框	基础数据类型.h	1520	int umin = 0, umax = 0; | int vmin = 0, vmax = 0; | };	否	否	待P3审计	待P3审计	待P3审计	候选：待引用审计
点簇结果	基础数据类型.h	1525	点簇        簇; | 点簇边界框  边界; | };	否	否	待P3审计	待P3审计	待P3审计	候选：待引用审计
点簇增强结果	基础数据类型.h	1531	点簇                     簇; | 点簇边界框               边界; | std::vector<Vector3D>    点云簇; | Vector3D                  中心{ 0,0,0 }; | Vector3D                  尺寸{ 0,0,0 }; | Vector3D                  主方向1{ 1,0,0 }; | Vector3D                  主方向2{ 0,1,0 }; | Vector3D                  主方向3{ 0,0,1 }; | ...(+27)	是	是	待P3审计	待P3审计	待P3审计	候选：待引用审计
帧处理结果	基础数据类型.h	1599	std::shared_ptr<结构体_原始场景帧> 原始场景帧; | std::vector<结构体_存在观测> 存在观测列表; | std::vector<点簇增强结果> 点簇增强结果列表; | std::vector<结构体_轮廓观测> 轮廓观测列表; | };	否	否	待P3审计	待P3审计	待P3审计	候选：待引用审计
观测提取参数	基础数据类型.h	1615	std::size_t 最小有效点数 = 80; | bool 使用PCA主轴尺寸 = false; | int 最大轮廓尺度 = 0; | int 最大轮廓边长 = 0; | int 最大轮廓尺度N = 0; | bool 轮廓使用8邻域 = true; | bool 忽略无效点 = true; | bool 要求颜色 = true; | ...(+10)	否	否	待P3审计	待P3审计	待P3审计	候选：待引用审计
结构_评估包	基础数据类型.h	1697	std::int64_t 率_Q10000 = 0; | 枚举_评估阶段 阶段 = 枚举_评估阶段::未知; | std::vector<std::string> 坏因; | std::vector<std::string> 缺口; | std::int64_t 运行次数 = 0; | std::int64_t 成功次数 = 0; | std::int64_t 失败次数 = 0; | };	是	否	待P3审计	待P3审计	待P3审计	候选：待引用审计
结构_抽象特征组合输入	基础数据类型.h	1814	抽象特征引用 来源抽象特征{}; | 抽象特征引用 期望抽象状态{}; | std::optional<I64区间> 期望区间{}; | 枚举_组合输入角色 角色 = 枚举_组合输入角色::主输入; | 枚举_组合缺失策略 缺失策略 = 枚举_组合缺失策略::失败; | I64 默认值 = 0; | I64 权重 = 10000; | std::int32_t 方向 = 1; | ...(+3)	是	是	待P3审计	待P3审计	待P3审计	候选：待引用审计
结构_抽象特征组合输出	基础数据类型.h	1830	枚举_组合输出策略 输出策略 = 枚举_组合输出策略::布尔值; | std::optional<I64区间> 成立区间{}; | I64 成立输出值 = 1; | I64 不成立输出值 = 0; | std::optional<I64区间> 输出值限制{}; | };	否	是	待P3审计	待P3审计	待P3审计	候选：待引用审计
结构_抽象特征组合规则	基础数据类型.h	1838	std::string 规则主键{}; | std::string 规则名称{}; | std::vector<结构_抽象特征组合输入> 输入{}; | 枚举_抽象特征组合方式 组合方式 = 枚举_抽象特征组合方式::未定义; | 结构_抽象特征组合输出 输出{}; | std::uint32_t 最少命中数 = 0; | 结构_基础信息轻引用 计算方法{}; | std::uint32_t 规则版本 = 1; | ...(+7)	是	否	待P3审计	待P3审计	待P3审计	候选：待引用审计
结构_特征使用事件	基础数据类型.h	1859	std::string ID{}; | std::string 特征类型主键{}; | std::string 特征值主键{}; | 枚举_特征使用者 使用者 = 枚举_特征使用者::未定义; | 枚举_特征使用方式 使用方式 = 枚举_特征使用方式::未定义; | std::string 目标实体类型{}; | std::string 目标实体主键{}; | bool 已改变结果 = false; | ...(+5)	是	是	待P3审计	待P3审计	待P3审计	候选：待引用审计
结构_特征暴露事件	基础数据类型.h	1884	std::string 特征类型主键{}; | 枚举_特征使用者 暴露给 = 枚举_特征使用者::未定义; | std::string 机会主键{}; | bool 已被使用 = false; | 时间戳 时间 = 0; | return !特征类型主键.empty() && !机会主键.empty(); | };	是	否	待P3审计	待P3审计	待P3审计	候选：待引用审计
结构_特征使用边	基础数据类型.h	1898	std::string 特征类型主键{}; | std::string 目标种类{}; | std::string 目标主键{}; | 枚举_特征使用方式 使用方式 = 枚举_特征使用方式::未定义; | bool 已改变结果 = false; | return !特征类型主键.empty() && !目标种类.empty(); | return 有效() && 已改变结果; | };	是	否	待P3审计	待P3审计	待P3审计	候选：待引用审计
结构_特征使用统计	基础数据类型.h	1918	std::string 特征类型主键{}; | std::uint64_t 暴露次数 = 0; | std::uint64_t 读取次数 = 0; | std::uint64_t 有效使用次数 = 0; | std::uint64_t 历史使用次数 = 0; | std::uint64_t 近期使用次数 = 0; | std::uint64_t 作为决策输入次数 = 0; | std::uint64_t 作为派生父特征次数 = 0; | ...(+12)	是	否	待P3审计	待P3审计	待P3审计	候选：待引用审计
可解析引用	基础数据类型.ixx	149	T节点* 指针 = nullptr; | std::string 主键{}; | 可解析引用() = default; | 可解析引用(T节点* 节点) { 绑定(节点); } | 可解析引用(T节点* 节点, const std::string& 主键值) { 绑定(节点, 主键值); } | bool 有效() const noexcept { return 指针 != nullptr || !主键.empty(); } | T节点* 获取() const noexcept { return 指针; } | T节点* operator->() const noexcept { return 指针; } | ...(+12)	是	否	待P3审计	待P3审计	待P3审计	候选：待引用审计
RawImage	基础数据类型.ixx	1183	int w = 0, h = 0; | std::vector<T> data; | bool valid() const { return w > 0 && h > 0 && (int)data.size() == w * h; } | T& at(int x, int y) { return data[(size_t)y * (size_t)w + (size_t)x]; } | const T& at(int x, int y) const { return data[(size_t)y * (size_t)w + (size_t)x]; } | };	否	否	待P3审计	待P3审计	待P3审计	候选：待引用审计
环形缓冲	基础信息主信息类.h	202	static_assert(N >= 2); | T data[N]{}; | std::size_t head = 0; | std::size_t size = 0; | void clear() { head = 0; size = 0; } | data[head] = v; | head = (head + 1) % N; | if (size < N) ++size; | ...(+4)	否	否	待P3审计	待P3审计	待P3审计	候选：待引用审计
稳态点原型	基础信息主信息类.h	239	特征快照值 点{}; | std::uint64_t 命中次数 = 0; | 时间戳 最后命中 = 0; | bool 有效() const noexcept { return 特征快照有值(点); } | };	否	是	待P3审计	待P3审计	待P3审计	候选：待引用审计
稳态多维区间原型	基础信息主信息类.h	249	I64多维区间 box{}; | 枚举_区间语义 语义 = 枚举_区间语义::值域; | std::uint64_t 命中次数 = 0; | 时间戳 最后命中 = 0; | std::optional<特征快照值> 代表点{}; | if (!box.有效()) return false; | if (box.维度.size() != 1) return false; | if (语义 == 枚举_区间语义::值域) return true; | ...(+2)	否	是	待P3审计	待P3审计	待P3审计	候选：待引用审计
空值值域	基础信息主信息类.h	277	};	否	否	待P3审计	待P3审计	待P3审计	候选：待引用审计
空集合值域	基础信息主信息类.h	280	};	否	否	待P3审计	待P3审计	待P3审计	候选：待引用审计
I64值域	基础信息主信息类.h	285	std::vector<I64值域项> 项集{}; | };	否	是	待P3审计	待P3审计	待P3审计	候选：待引用审计
VecU句柄值域	基础信息主信息类.h	289	std::vector<VecU句柄> 允许句柄{}; | };	否	是	待P3审计	待P3审计	待P3审计	候选：待引用审计
指针句柄值域	基础信息主信息类.h	293	std::vector<可解析引用<基础信息节点类>> 允许目标抽象{}; | };	否	是	待P3审计	待P3审计	待P3审计	候选：待引用审计
结构_D455线程共享状态	旧_外设线程_D455深度相机.ixx	153	mutable std::mutex 互斥{}; | std::condition_variable 条件{}; | 结构_D455深度相机线程配置 配置{}; | 枚举_D455深度相机线程生命周期状态::未启动; | bool 停止请求 = false; | bool 已结束 = false; | 结构_D455深度相机线程结果 结果{}; | std::vector<结构_D455深度相机观察样本> 样本{}; | ...(+1)	否	否	待P3审计	待P3审计	待P3审计	候选：待引用审计
结构_D455跟踪稳定缓存项	旧_外设线程_D455深度相机.ixx	173	std::uint64_t 等待项ID = 0; | std::string 跟踪种子{}; | bool 有最近中心 = false; | std::int64_t 最近中心X = 0; | std::int64_t 最近中心Y = 0; | std::int64_t 最近中心Z = 0; | std::int64_t 连续成功次数 = 0; | std::int64_t 失败次数 = 0; | ...(+1)	是	否	待P3审计	待P3审计	待P3审计	候选：待引用审计
结构_D455跨帧观察簇缓存项	旧_外设线程_D455深度相机.ixx	184	std::int64_t 跨帧簇ID = -1; | bool 本帧已匹配 = false; | std::int64_t 最近来源空间候选ID = -1; | std::int64_t 最近像素数量 = 0; | std::int64_t 最近中心X = 0; | std::int64_t 最近中心Y = 0; | std::int64_t 最近中心Z = 0; | std::int64_t 最近投影中心X = 0; | ...(+28)	否	否	待P3审计	待P3审计	待P3审计	候选：待引用审计
结构_D455等待项分组	旧_外设线程_D455深度相机.ixx	2323	std::vector<结构_外设观察等待项> 全部等待项{}; | std::vector<结构_外设观察等待项> 扫描变化等待项集合{}; | std::vector<结构_外设观察等待项> 跟踪等待项集合{}; | };	否	否	待P3审计	待P3审计	待P3审计	候选：待引用审计
结构_D455本帧报告组	旧_外设线程_D455深度相机.ixx	2329	std::optional<结构_外设观察报告队列项> 逐簇识别报告{}; | 结构_外设观察报告队列项 稳定子集报告{}; | };	否	否	待P3审计	待P3审计	待P3审计	候选：待引用审计
结构_构建上下文	控制面板类.cpp	199	std::size_t 树深度上限 = 0; | std::size_t 树广度上限 = 0; | std::size_t 引用展开深度上限 = 2; | 路径集合 世界默认展开路径{}; | 路径集合 需求默认展开路径{}; | 路径集合 任务默认展开路径{}; | 路径集合 方法默认展开路径{}; | std::uintptr_t 自我存在指针 = 0; | ...(+6)	否	否	待P3审计	待P3审计	待P3审计	候选：待引用审计
私有_规范节点类型	控制面板类.cpp	293	};	否	否	待P3审计	待P3审计	待P3审计	候选：待引用审计
私有_规范节点类型	控制面板类.cpp	298	};	否	是	待P3审计	待P3审计	待P3审计	候选：待引用审计
私有_规范节点类型	控制面板类.cpp	303	};	否	否	待P3审计	待P3审计	待P3审计	候选：待引用审计
私有_规范节点类型	控制面板类.cpp	308	};	否	是	待P3审计	待P3审计	待P3审计	候选：待引用审计
结构_自我场景内容统计	控制面板类.cpp	1659	I64 节点数 = 0; | I64 存在数 = 0; | I64 场景数 = 0; | I64 特征数 = 0; | I64 状态数 = 0; | I64 动态数 = 0; | I64 二次特征数 = 0; | bool 扫描达到上限 = false; | ...(+2)	是	是	待P3审计	待P3审计	待P3审计	候选：待引用审计
结构_需求方法可用性评估	控制面板类.cpp	3101	const 语素入口节点类* 目标特征类型 = nullptr; | std::vector<方法节点*> 候选方法{}; | std::vector<方法节点*> 可用方法{}; | std::vector<方法节点*> 同向候选方法{}; | std::vector<方法节点*> 可用同向方法{}; | std::size_t 有方法动作候选数 = 0; | std::size_t 方向未明候选数 = 0; | std::size_t 反向候选数 = 0; | ...(+5)	否	是	待P3审计	待P3审计	待P3审计	候选：待引用审计
结构_需求满足情况_控制面板	控制面板类.cpp	3913	bool 当前已截止 = false; | bool 自身状态可比较 = false; | bool 自身状态已满足 = false; | 枚举_三向关系 自身比较关系 = 枚举_三向关系::等于; | std::size_t 直接子总数 = 0; | std::size_t 活动阻塞子数 = 0; | std::size_t 全部满足子数 = 0; | std::size_t 部分满足子数 = 0; | ...(+4)	是	否	待P3审计	待P3审计	待P3审计	候选：待引用审计
结构_线程状态页统计	控制面板类.cpp	6316	std::size_t 已知逻辑线程数 = 0; | std::size_t 当前运行数 = 0; | std::size_t 未启动数 = 0; | std::size_t 已结束数 = 0; | std::size_t 故障数 = 0; | };	否	否	待P3审计	待P3审计	待P3审计	候选：待引用审计
结构_SQL控制面板数据	控制面板类.cpp	6841	std::vector<std::string> 批次{}; | std::vector<std::vector<std::string>> 指标{}; | std::vector<std::vector<std::string>> 线程{}; | std::vector<std::vector<std::string>> 线程事件{}; | std::vector<std::vector<std::string>> 动作动态{}; | std::vector<std::vector<std::string>> 因果边{}; | std::vector<std::vector<std::string>> 因果信息{}; | std::vector<std::vector<std::string>> 因果信息关系{}; | ...(+9)	是	否	待P3审计	待P3审计	待P3审计	候选：待引用审计
结构_SQL控制面板查询	控制面板类.cpp	6860	std::string_view 名称{}; | std::string_view SQL{}; | std::vector<std::vector<std::string>> 结构_SQL控制面板数据::* 目标行集 = nullptr; | };	是	否	待P3审计	待P3审计	待P3审计	候选：待引用审计
结构_需求列表分页结果	控制面板类.cpp	8537	std::vector<需求节点*> 节点集{}; | bool 还有更多 = false; | std::size_t 已遍历数量 = 0; | };	否	是	待P3审计	待P3审计	待P3审计	候选：待引用审计
结构_重复目标诊断	控制面板类.cpp	8772	std::size_t 数量 = 0; | std::vector<std::string> 样本需求主键{}; | };	是	否	待P3审计	待P3审计	待P3审计	候选：待引用审计
结构_控制面板树节点	控制面板类.ixx	14	std::uintptr_t 节点指针 = 0; | std::uintptr_t 附加参数 = 0; | std::string 文本{}; | bool 默认展开 = false; | bool 可延迟展开 = false; | std::string 展开类型{}; | std::vector<结构_控制面板树节点> 子项{}; | std::vector<结构_控制面板树节点> 详情{}; | ...(+1)	是	否	待P3审计	待P3审计	待P3审计	候选：待引用审计
结构_控制面板诊断区域	控制面板类.ixx	25	std::int64_t 区域编号 = 0; | std::int64_t 图层类型 = 0; | std::int64_t 来源候选编号 = -1; | std::int64_t 投影最小X = 0; | std::int64_t 投影最大X = 0; | std::int64_t 投影最小Y = 0; | std::int64_t 投影最大Y = 0; | std::int64_t 像素数量 = 0; | ...(+3)	否	否	待P3审计	待P3审计	待P3审计	候选：待引用审计
结构_控制面板自我场景存在复现项	控制面板类.ixx	38	std::uintptr_t 节点指针 = 0; | std::string 标题{}; | std::string 类型{}; | std::int64_t 来源范围 = 0; | std::int64_t 来源空间候选编号 = -1; | std::int64_t 外设观察报告ID = 0; | std::int64_t 外设观察像素簇ID = 0; | std::int64_t 几何状态 = 0; | ...(+30)	是	否	待P3审计	待P3审计	待P3审计	候选：待引用审计
结构_控制面板快照	控制面板类.ixx	78	bool 世界树已初始化 = false; | bool 自我已初始化 = false; | bool 自我线程已初始化 = false; | bool 自我线程运行中 = false; | bool 自我线程健康运行 = false; | bool 自我存在已建立 = false; | bool 自我内部世界已建立 = false; | bool 自我需求根字段已建立 = false; | ...(+421)	是	否	待P3审计	待P3审计	待P3审计	候选：待引用审计
结构_WebView2窗口上下文	控制面板WebView2.cpp	57	枚举_WebView2窗口用途 用途 = 枚举_WebView2窗口用途::控制面板; | HMODULE 加载器模块 = nullptr; | ComPtr<ICoreWebView2Controller> 控制器{}; | ComPtr<ICoreWebView2> WebView{}; | std::filesystem::path 当前HTML临时路径{}; | };	否	否	待P3审计	待P3审计	待P3审计	候选：待引用审计
结构_相机帧JSON	控制面板WebView2.cpp	77	bool 成功 = false; | bool 已停止 = false; | int 源宽 = 0; | int 源高 = 0; | int 宽 = 0; | int 高 = 0; | std::uint32_t 深度帧号 = 0; | std::uint32_t 彩色帧号 = 0; | ...(+9)	是	否	待P3审计	待P3审计	待P3审计	候选：待引用审计
结构_任务树SQL行	任务类.cpp	800	int 行号 = 0; | std::string 节点主键{}; | std::string 父节点主键{}; | int 深度 = 0; | int 同层序号 = 0; | int 直接子数量 = 0; | std::string 路径{}; | int 节点种类值 = 0; | ...(+14)	是	否	待P3审计	待P3审计	待P3审计	候选：待引用审计
结构_任务推进回执	任务模块.筹办.ixx	77	枚举_任务推进阶段 阶段 = 枚举_任务推进阶段::未定义; | 枚举_任务推进状况 状况 = 枚举_任务推进状况::未定义; | 枚举_任务状态 建议任务状态 = 枚举_任务状态::未定义; | 枚举_任务阶段 建议任务阶段 = 枚举_任务阶段::未定义; | 可解析引用<任务节点类> 当前任务{}; | 可解析引用<需求节点类> 对应需求{}; | 可解析引用<方法节点类> 当前方法{}; | std::vector<可解析引用<方法节点类>> 候选方法集{}; | ...(+23)	是	是	待P3审计	待P3审计	待P3审计	候选：待引用审计
结构_任务筹办结果	任务模块.筹办.ixx	118	bool 已执行筹办 = false; | bool 已绑定方法 = false; | bool 已创建目标方法头 = false; | bool 已建立方法头待重入 = false; | bool 缺少任务 = false; | bool 缺少需求目标 = false; | 特征节点类* 方法运行结果 = nullptr; | 场景节点类* 结果场景 = nullptr; | ...(+4)	是	是	待P3审计	待P3审计	待P3审计	候选：待引用审计
结构_安全因果风险树常驻维护结果	任务模块.筹办.ixx	132	bool 已执行 = false; | bool 已跳过 = false; | bool 已同步 = false; | bool 版本变化 = false; | std::size_t 节点数量 = 0; | std::size_t 搜索缺口数量 = 0; | std::size_t 场景影响前置缺口数量 = 0; | I64 树版本 = 0; | ...(+2)	是	是	待P3审计	待P3审计	待P3审计	候选：待引用审计
结构_直接子需求聚合视图_筹办	任务模块.筹办.ixx	812	bool 已检查 = false; | std::size_t 直接子需求数 = 0; | std::size_t 已满足子需求数 = 0; | std::size_t 未满足子需求数 = 0; | std::string 首个未满足子需求主键{}; | return 已检查 && 直接子需求数 == 0; | return 已检查 && 直接子需求数 > 0 && 未满足子需求数 == 0; | };	是	否	待P3审计	待P3审计	待P3审计	候选：待引用审计
结构_需求生命周期上下文_筹办	任务模块.筹办.ixx	1005	任务节点* 来源任务 = nullptr; | 需求节点* 来源需求 = nullptr; | 基础信息节点类* 需求主体 = nullptr; | 基础信息节点类* 被需求存在 = nullptr; | 基础信息节点类* 目标宿主 = nullptr; | 状态节点类* 当前状态 = nullptr; | 状态节点类* 目标状态 = nullptr; | const 语素入口节点类* 目标特征类型 = nullptr; | ...(+9)	是	是	待P3审计	待P3审计	待P3审计	候选：待引用审计
结构_筹办生命周期判断结果_筹办	任务模块.筹办.ixx	1025	bool 已判断 = false; | bool 可比较 = false; | bool 已满足 = false; | bool 当前状态缺失 = false; | bool 目标状态缺失 = false; | bool 使用主键相等判断 = false; | 枚举_三向关系 比较关系 = 枚举_三向关系::等于; | 三向关系掩码 满足关系 = 关系_等于; | ...(+2)	是	否	待P3审计	待P3审计	待P3审计	候选：待引用审计
结构_待记录满足项	任务模块.筹办.ixx	1172	const 需求节点* 需求 = nullptr; | 结构_需求生命周期上下文_筹办 上下文{}; | 结构_筹办生命周期判断结果_筹办 判断{}; | };	否	是	待P3审计	待P3审计	待P3审计	候选：待引用审计
结构_因果路径筹办入口壳结果	任务模块.筹办.ixx	1292	bool 已检查 = false; | bool 目标表达完整 = false; | bool 目标比较已构造 = false; | 二次特征节点类* 目标比较 = nullptr; | std::vector<结构_任务管理派生需求消息> 派生需求消息集{}; | std::string 拒绝原因{}; | };	是	是	待P3审计	待P3审计	待P3审计	候选：待引用审计
结构_因果路径查询壳统计	任务模块.筹办.ixx	1301	bool 已执行 = false; | std::size_t 因果节点数量 = 0; | std::size_t 有主信息数量 = 0; | std::size_t 因果模板数量 = 0; | std::size_t 初始因果模板数量 = 0; | std::size_t 后天验证因果数量 = 0; | std::size_t 主果模板声明数量 = 0; | std::size_t 主果可解析数量 = 0; | ...(+5)	否	否	待P3审计	待P3审计	待P3审计	候选：待引用审计
结构_临时因果路径项	任务模块.筹办.ixx	1327	因果节点类* 来源因果 = nullptr; | 枚举_临时因果路径角色 角色 = 枚举_临时因果路径角色::未定义; | I64 根分区 = 0; | 二次特征节点类* 子需求目标比较 = nullptr; | std::uint32_t 贡献层级 = 0; | I64 层级权重 = 0; | I64 稳定度 = 0; | bool 条件已满足 = false; | ...(+13)	是	是	待P3审计	待P3审计	待P3审计	候选：待引用审计
结构_临时因果视图	任务模块.筹办.ixx	1350	const 需求节点* 来源需求 = nullptr; | const 二次特征节点类* 目标比较 = nullptr; | I64 根分区 = 0; | bool 观察材料质量目标 = false; | bool 父需求依赖深度空间质量 = false; | bool 父需求可降级继续 = false; | I64 观察材料深度观察质量状态 = 筹办观察质量状态_可用; | I64 观察材料空间坐标观察质量状态 = 筹办观察质量状态_可用; | ...(+16)	是	是	待P3审计	待P3审计	待P3审计	候选：待引用审计
结构_因果路径派生消息草案统计	任务模块.筹办.ixx	1387	bool 已执行 = false; | std::size_t 路径项数量 = 0; | std::size_t 已目标化数量 = 0; | std::size_t 字段完整数量 = 0; | std::size_t 草案数量 = 0; | std::size_t 正式消息数量 = 0; | std::size_t 正式消息字段完整数量 = 0; | std::size_t 状态物化数量 = 0; | ...(+5)	否	否	待P3审计	待P3审计	待P3审计	候选：待引用审计
结构_安全因果风险树展开统计	任务模块.筹办.ixx	2225	bool 已执行 = false; | bool 已跳过 = false; | std::size_t 节点数量 = 0; | std::size_t 搜索缺口数量 = 0; | std::size_t 场景影响前置缺口数量 = 0; | std::size_t 状态物化数量 = 0; | I64 输入版本 = 0; | I64 旧输入版本 = 0; | ...(+4)	是	是	待P3审计	待P3审计	待P3审计	候选：待引用审计
结构_方法选择评分	任务模块.筹办.ixx	3813	I64 直接满足等级 = 0; | I64 结果命中精度 = 0; | I64 禁止项惩罚 = 0; | I64 风险惩罚 = 0; | I64 前置冲突惩罚 = 0; | I64 效率分 = 0; | I64 耗时惩罚 = 0; | I64 能耗惩罚 = 0; | ...(+7)	否	是	待P3审计	待P3审计	待P3审计	候选：待引用审计
结构_必需实参检查结果	任务模块.筹办.ixx	5418	I64 必需参数数量 = 0; | I64 已绑定参数数量 = 0; | I64 缺失参数数量 = 0; | const 语素入口节点类* 首个缺失参数特征类型 = nullptr; | return 缺失参数数量 == 0; | };	否	是	待P3审计	待P3审计	待P3审计	候选：待引用审计
结构_练习目标实参检查结果	任务模块.筹办.ixx	5431	I64 必需参数数量 = 0; | I64 已绑定参数数量 = 0; | I64 练习可生成参数数量 = 0; | I64 缺失参数数量 = 0; | const 语素入口节点类* 首个缺失参数特征类型 = nullptr; | return 缺失参数数量 == 0; | };	否	是	待P3审计	待P3审计	待P3审计	候选：待引用审计
结构_因果搜索输入上下文_筹办	任务模块.筹办.ixx	5708	bool 有效 = false; | I64 证据方向 = 0; | };	否	是	待P3审计	待P3审计	待P3审计	候选：待引用审计
结构_候选方法输入闭合结果	任务模块.筹办.ixx	5898	枚举_候选方法输入闭合状态 状态 = 枚举_候选方法输入闭合状态::已闭合; | const 语素入口节点类* 缺口特征类型 = nullptr; | I64 必需参数数量 = 0; | I64 已绑定参数数量 = 0; | I64 缺失参数数量 = 0; | return 状态 == 枚举_候选方法输入闭合状态::已闭合; | };	否	是	待P3审计	待P3审计	待P3审计	候选：待引用审计
结构_通用参数绑定上下文	任务模块.筹办.ixx	5912	任务节点* 任务头 = nullptr; | 方法节点* 当前方法 = nullptr; | 方法节点* 输入目标方法覆盖 = nullptr; | 基础信息节点类* 目标宿主 = nullptr; | const 语素入口节点类* 目标特征类型 = nullptr; | const 状态节点类* 当前状态 = nullptr; | 场景节点类* 输入参数场景 = nullptr; | 特征节点类* 输入条件包 = nullptr; | ...(+4)	否	是	待P3审计	待P3审计	待P3审计	候选：待引用审计
结构_任务管理消息头	任务模块.工作线程消息协议.ixx	136	std::string 发出者主键{}; | std::string 任务管理任务主键{}; | std::string 任务主键{}; | std::string 父任务主键{}; | std::string 步骤主键{}; | std::string 关联场景主键{}; | 时间戳 产生时间 = 0; | std::uint64_t 回复目标消息主键 = 0; | ...(+7)	是	否	待P3审计	待P3审计	待P3审计	候选：待引用审计
结构_任务管理线程补充特征	任务模块.工作线程消息协议.ixx	153	枚举_任务管理线程补充特征类型 特征类型 = 枚举_任务管理线程补充特征类型::未定义; | std::string 文本值{}; | I64 数值 = 0; | bool 布尔值 = false; | std::uintptr_t 指针值 = 0; | std::uintptr_t 特征类型抽象特征指针 = 0; | I64 特征类型值 = 0; | };	是	是	待P3审计	待P3审计	待P3审计	候选：待引用审计
结构_任务管理控制请求	任务模块.工作线程消息协议.ixx	163	std::string 请求主键{}; | std::string 目标线程主键{}; | std::string 目标任务管理任务主键{}; | std::string 目标任务主键{}; | std::uint64_t 回复目标消息主键 = 0; | 枚举_任务管理控制意图值 控制意图值 = 枚举_任务管理控制意图值::未定义; | std::string 发起者主键{}; | std::string 发起者类型文本{}; | ...(+9)	是	是	待P3审计	待P3审计	待P3审计	候选：待引用审计
结构_任务管理控制响应记录	任务模块.工作线程消息协议.ixx	182	std::string 请求主键{}; | std::string 执行尝试主键{}; | 枚举_任务管理控制意图值 控制意图值 = 枚举_任务管理控制意图值::未定义; | 枚举_任务管理控制响应状态 响应状态 = 枚举_任务管理控制响应状态::未定义; | bool 是否已下发 = false; | bool 是否已响应 = false; | bool 是否已执行完成 = false; | bool 是否超时 = false; | ...(+8)	是	是	待P3审计	待P3审计	待P3审计	候选：待引用审计
结构_任务管理线程状态消息	任务模块.工作线程消息协议.ixx	200	结构_任务管理消息头 消息头{}; | 枚举_任务管理线程运行状态 当前运行状态 = 枚举_任务管理线程运行状态::未定义; | bool 是否执行尝试结束 = false; | 枚举_任务管理线程结束状态 结束状态 = 枚举_任务管理线程结束状态::未定义; | 时间戳 开始时间 = 0; | 时间戳 结束时间 = 0; | bool 是否携带控制请求 = false; | std::string 控制请求主键{}; | ...(+14)	是	是	待P3审计	待P3审计	待P3审计	候选：待引用审计
结构_任务管理派生需求消息	任务模块.工作线程消息协议.ixx	224	结构_任务管理消息头 消息头{}; | std::string 当前方法主键{}; | std::uintptr_t 方法虚拟存在指针 = 0; | std::string 方法虚拟存在主键{}; | std::uintptr_t 来源因果指针 = 0; | std::string 来源因果主键{}; | std::uintptr_t 来源动态指针 = 0; | std::string 来源动态主键{}; | ...(+41)	是	是	待P3审计	待P3审计	待P3审计	候选：待引用审计
结构_任务价值反馈段	任务模块.工作线程消息协议.ixx	276	std::string 反馈事件主键{}; | I64 本次安全满足量 = 0; | I64 本次服务满足量 = 0; | I64 安全累计比例_百万分比 = -1; | I64 服务累计比例_百万分比 = -1; | };	是	是	待P3审计	待P3审计	待P3审计	候选：待引用审计
结构_任务管理结果状态消息	任务模块.工作线程消息协议.ixx	284	结构_任务管理消息头 消息头{}; | std::uintptr_t 方法虚拟存在指针 = 0; | std::string 方法虚拟存在主键{}; | 时间戳 执行开始时间 = 0; | 时间戳 执行结束时间 = 0; | 枚举_任务管理结果状态 结果状态 = 枚举_任务管理结果状态::未定义; | double 完成度 = 0.0; | 特征值 结果值{}; | ...(+15)	是	是	待P3审计	待P3审计	待P3审计	候选：待引用审计
结构_任务管理观察事实承接请求	任务模块.工作线程消息协议.ixx	313	结构_任务管理消息头 消息头{}; | std::uint64_t 等待项ID = 0; | std::uint64_t 报告ID = 0; | std::string 来源需求ID{}; | std::uint64_t 目标观察约束ID = 0; | std::string 目标存在ID{}; | std::string 目标特征类型ID{}; | I64 目标特征当前值 = 0; | ...(+15)	是	是	待P3审计	待P3审计	待P3审计	候选：待引用审计
结构_任务管理执行前许可请求消息	任务模块.工作线程消息协议.ixx	338	结构_任务管理消息头 消息头{}; | std::uint64_t 请求ID = 0; | std::uint64_t 工作项ID = 0; | std::uintptr_t 任务信息节点指针 = 0; | std::uintptr_t 来源需求指针 = 0; | std::uintptr_t 当前方法指针 = 0; | std::string 任务主键{}; | std::string 来源需求主键{}; | ...(+9)	是	是	待P3审计	待P3审计	待P3审计	候选：待引用审计
结构_任务管理上行消息	任务模块.工作线程消息协议.ixx	367	枚举_任务管理上行消息类型 类型 = 枚举_任务管理上行消息类型::未定义; | 任务管理上行消息载荷 载荷{}; | std::uintptr_t 类型抽象特征指针 = 0; | I64 类型值 = 0; | };	否	是	待P3审计	待P3审计	待P3审计	候选：待引用审计
结构_线程消息输入	任务模块.工作线程协议.ixx	45	bool 存在控制请求 = false; | 结构_任务管理控制请求 控制请求{}; | 时间戳 当前时间 = 0; | };	否	否	待P3审计	待P3审计	待P3审计	候选：待引用审计
结构_线程控制消费	任务模块.工作线程协议.ixx	51	bool 已消费控制请求 = false; | 结构_任务管理控制请求 已消费控制请求对象{}; | 结构_任务管理控制响应记录 控制响应{}; | bool 控制阻断执行 = false; | };	否	否	待P3审计	待P3审计	待P3审计	候选：待引用审计
结构_线程状态回报	任务模块.工作线程协议.ixx	58	bool 已生成线程状态消息 = false; | 结构_任务管理线程状态消息 状态消息{}; | };	否	否	待P3审计	待P3审计	待P3审计	候选：待引用审计
结构_线程结果上行	任务模块.工作线程协议.ixx	63	std::vector<结构_任务推进事件> 推进事件列表{}; | std::vector<结构_任务管理上行消息> 上行消息集{}; | };	否	否	待P3审计	待P3审计	待P3审计	候选：待引用审计
结构_线程消息处理合同	任务模块.工作线程协议.ixx	68	结构_线程消息输入 消息输入{}; | 结构_线程控制消费 控制消费{}; | 结构_线程状态回报 状态回报{}; | 结构_线程结果上行 结果上行{}; | };	否	否	待P3审计	待P3审计	待P3审计	候选：待引用审计
结构_工作线程一步结果	任务模块.管理工作线程.ixx	40	std::vector<结构_任务推进事件> 推进事件列表{}; | std::vector<结构_任务管理上行消息> 上行消息集{}; | bool 任务管理上位输入已刷新 = false; | bool 任务管理治理触发 = false; | bool 已执行当前步骤方法 = false; | bool 存在当前步骤方法执行数据 = false; | 结构_任务步骤执行结果_最小 当前步骤方法执行数据{}; | 特征节点类* 当前步骤方法运行结果 = nullptr; | ...(+4)	否	是	待P3审计	待P3审计	待P3审计	候选：待引用审计
结构_工作线程一步响应	任务模块.管理工作线程.ixx	54	bool 推进成功 = false; | 结构_任务控制态 最新任务控制态{}; | 结构_任务局部运行态 最新任务局部运行态{}; | 结构_工作线程一步结果 一步结果{}; | };	否	否	待P3审计	待P3审计	待P3审计	候选：待引用审计
结构_工作线程实例快照	任务模块.管理工作线程.ixx	61	bool 已启动 = false; | bool 正在执行 = false; | bool 已收到请求 = false; | bool 停止请求 = false; | bool 故障 = false; | std::uint64_t 工作线程ID = 1; | std::uint64_t 最近任务根ID = 0; | std::uint64_t 最近请求ID = 0; | ...(+31)	是	否	待P3审计	待P3审计	待P3审计	候选：待引用审计
结构_界面优先级结果	任务模块.管理工作线程.ixx	103	任务类::节点类* 当前最高优先级任务 = nullptr; | std::int64_t 调度优先级 = 0; | bool 是否硬中断任务 = false; | bool 是否可执行 = false; | bool 是否安全方向任务 = false; | bool 是否服务方向任务 = false; | std::int32_t 来源步骤序号 = 0; | bool 来源于前置步骤 = false; | ...(+1)	否	是	待P3审计	待P3审计	待P3审计	候选：待引用审计
结构_外设消息承接结果	任务模块.管理工作线程.ixx	122	枚举_外设消息承接处理状态 处理状态 = 枚举_外设消息承接处理状态::未处理; | bool 已处理 = false; | bool 命中报告 = false; | bool 生成任务回执 = false; | bool 生成观察事实承接请求 = false; | bool 生成稳定特征承接请求 = false; | std::uint64_t 等待项ID = 0; | std::uint64_t 报告ID = 0; | ...(+6)	是	否	待P3审计	待P3审计	待P3审计	候选：待引用审计
结构_工作线程壳状态	任务模块.管理工作线程.ixx	169	std::mutex 锁{}; | 任务管理工作线程::结构_工作线程实例快照 快照{}; | bool 工作线程壳已启动 = false; | std::vector<std::string> 最近筹办派生需求稳定键集{}; | };	是	否	待P3审计	待P3审计	待P3审计	候选：待引用审计
结构_任务界面请求记录	任务模块.管理界面线程.impl.cpp	103	std::uint64_t 请求ID = 0; | std::string 幂等键{}; | 任务管理线程协议::枚举_任务界面请求状态::未定义; | 任务管理线程协议::枚举_任务界面调度动作::未定义; | 任务管理线程协议::结构_任务界面承接结果 最近承接{}; | 时间戳 首次接收时间 = 0; | 时间戳 最近更新时间 = 0; | bool 已完成 = false; | ...(+1)	是	否	待P3审计	待P3审计	待P3审计	候选：待引用审计
结构_任务调度队列项	任务模块.管理界面线程.impl.cpp	116	任务管理线程协议::结构_任务治理请求 请求{}; | 任务管理线程协议::结构_任务界面承接结果 承接{}; | 任务管理线程协议::结构_任务工作项 工作项{}; | 存在节点类* 任务虚拟存在 = nullptr; | 场景节点类* 请求场景 = nullptr; | };	否	是	待P3审计	待P3审计	待P3审计	候选：待引用审计
结构_任务状态提交确认令牌	任务模块.管理界面线程.impl.cpp	124	std::uint64_t 确认ID = 0; | std::uint64_t 工作项ID = 0; | std::string 任务主键{}; | 枚举_任务状态 目标状态 = 枚举_任务状态::未定义; | 枚举_任务阶段 目标阶段 = 枚举_任务阶段::未定义; | 时间戳 请求时间 = 0; | 时间戳 截止时间 = 0; | std::uint32_t 状态提交重试次数 = 0; | ...(+1)	是	否	待P3审计	待P3审计	待P3审计	候选：待引用审计
结构_状态提交待确认项	任务模块.管理界面线程.impl.cpp	135	任务管理线程协议::结构_任务治理请求 请求{}; | 任务管理线程协议::结构_任务界面承接结果 承接{}; | 任务管理线程协议::结构_任务工作项 工作项{}; | 存在节点类* 任务虚拟存在 = nullptr; | 场景节点类* 请求场景 = nullptr; | 任务管理线程协议::枚举_任务调度事件类型::未定义; | std::string 入队原因{}; | 结构_任务状态提交确认令牌 确认令牌{}; | ...(+1)	是	是	待P3审计	待P3审计	待P3审计	候选：待引用审计
结构_任务完成队列项	任务模块.管理界面线程.impl.cpp	147	结构_任务调度队列项 调度项{}; | 任务管理线程协议::结构_任务工作完成项 完成项{}; | };	否	否	待P3审计	待P3审计	待P3审计	候选：待引用审计
结构_在途工作项记录	任务模块.管理界面线程.impl.cpp	152	任务管理线程协议::结构_任务工作项 工作项{}; | 时间戳 派发时间 = 0; | std::string 任务主键{}; | };	是	否	待P3审计	待P3审计	待P3审计	候选：待引用审计
结构_后台worker当前工作快照	任务模块.管理界面线程.impl.cpp	158	std::uint64_t worker序号 = 0; | std::uint64_t 工作项ID = 0; | std::string 任务主键{}; | std::string 工作项类型{}; | std::string 状态{}; | std::string 原因{}; | 时间戳 更新时间 = 0; | };	是	否	待P3审计	待P3审计	待P3审计	候选：待引用审计
结构_调度任务状态快照	任务模块.管理界面线程.impl.cpp	168	std::string 任务主键{}; | 枚举_任务状态 任务状态 = 枚举_任务状态::未定义; | std::uint64_t 状态版本 = 0; | std::uint64_t 最近工作项ID = 0; | 任务管理线程协议::枚举_任务工作项类型::未定义; | bool 存在在途工作项 = false; | 时间戳 更新时间 = 0; | std::string 最近原因{}; | ...(+1)	是	否	待P3审计	待P3审计	待P3审计	候选：待引用审计
结构_等待挂起任务索引记录	任务模块.管理界面线程.impl.cpp	180	std::string 任务主键{}; | 枚举_任务状态 任务状态 = 枚举_任务状态::未定义; | std::uint64_t 状态版本 = 0; | std::uint64_t 最近工作项ID = 0; | 时间戳 更新时间 = 0; | std::string 原因{}; | };	是	否	待P3审计	待P3审计	待P3审计	候选：待引用审计
结构_执行前许可等待记录	任务模块.管理界面线程.impl.cpp	196	std::uint64_t 请求ID = 0; | std::uint64_t 工作项ID = 0; | 时间戳 请求时间 = 0; | std::string 任务主键{}; | std::string 来源需求主键{}; | std::string 当前方法主键{}; | };	是	否	待P3审计	待P3审计	待P3审计	候选：待引用审计
结构_任务界面线程状态	任务模块.管理界面线程.impl.cpp	205	std::mutex 锁{}; | std::condition_variable 工作项条件变量{}; | bool 已启动 = false; | bool 正在处理 = false; | bool 故障 = false; | bool 界面循环已启动 = false; | bool 界面循环停止请求 = false; | std::thread 界面循环线程{}; | ...(+39)	是	否	待P3审计	待P3审计	待P3审计	候选：待引用审计
结构_工作项排序键	任务模块.管理界面线程.impl.cpp	393	bool 已到最早派发时间 = false; | I64 调度优先级 = 0; | int 阶段排序值 = 0; | std::uint32_t 重试次数 = 0; | 时间戳 最早派发时间 = 0; | 时间戳 入队时间 = 0; | std::string 任务排序键{}; | std::uint64_t 工作项ID = 0; | ...(+1)	是	是	待P3审计	待P3审计	待P3审计	候选：待引用审计
结构_任务推进裁决	任务模块.管理界面线程.impl.cpp	2306	任务管理线程协议::枚举_任务工作项类型::未定义; | 任务管理线程协议::枚举_任务调度事件类型::普通推进; | const char* 原因 = "默认状态推进"; | };	是	否	待P3审计	待P3审计	待P3审计	候选：待引用审计
结构_同目标任务签名_任务管理	任务模块.管理界面线程.impl.cpp	3948	std::string 目标宿主主键{}; | std::string 目标特征类型主键{}; | std::string 场景主键{}; | 三向关系掩码 满足关系 = 关系_等于; | 状态节点类* 目标状态 = nullptr; | && 目标状态 != nullptr; | };	是	否	待P3审计	待P3审计	待P3审计	候选：待引用审计
结构_同目标任务复用结果_任务管理	任务模块.管理界面线程.impl.cpp	4087	任务节点* 任务 = nullptr; | 需求节点* 任务来源需求 = nullptr; | 任务节点* 待升级任务 = nullptr; | 需求节点* 待升级来源需求 = nullptr; | 枚举_任务状态 待升级任务状态 = 枚举_任务状态::未定义; | std::string 说明{}; | std::string 升级说明{}; | };	是	是	待P3审计	待P3审计	待P3审计	候选：待引用审计
结构_任务调度消费统计	任务模块.管理界面线程.impl.cpp	5683	std::uint64_t 派发工作项数 = 0; | std::uint64_t 收到工作结果数 = 0; | std::vector<结构_任务推进事件> 推进事件列表{}; | std::vector<结构_任务管理上行消息> 上行消息集{}; | };	否	否	待P3审计	待P3审计	待P3审计	候选：待引用审计
结构_任务治理请求	任务模块.管理线程协议.ixx	96	枚举_任务管理请求类型 请求类型 = 枚举_任务管理请求类型::调度任务; | std::uint64_t 请求ID = 0; | std::string 幂等键{}; | 任务节点类* 任务信息节点 = nullptr; | 任务节点类* 上级任务信息节点 = nullptr; | 需求节点类* 来源需求 = nullptr; | 存在节点类* 发起存在 = nullptr; | 存在节点类* 作用对象 = nullptr; | ...(+15)	是	是	待P3审计	待P3审计	待P3审计	候选：待引用审计
结构_任务状态推进请求	任务模块.管理线程协议.ixx	131	任务节点类* 任务信息节点 = nullptr; | 需求节点类* 来源需求 = nullptr; | 枚举_任务状态 建议任务状态 = 枚举_任务状态::未定义; | 枚举_任务阶段 建议任务阶段 = 枚举_任务阶段::未定义; | bool 写入任务状态 = true; | bool 写入任务阶段 = false; | bool 等待缺口唤醒 = false; | 时间戳 当前时间 = 0; | ...(+1)	否	是	待P3审计	待P3审计	待P3审计	候选：待引用审计
结构_任务状态推进结果	任务模块.管理线程协议.ixx	144	任务节点类* 任务信息节点 = nullptr; | 需求节点类* 来源需求 = nullptr; | 枚举_任务状态 原任务状态 = 枚举_任务状态::未定义; | 枚举_任务状态 新任务状态 = 枚举_任务状态::未定义; | 枚举_任务阶段 原任务阶段 = 枚举_任务阶段::未定义; | 枚举_任务阶段 新任务阶段 = 枚举_任务阶段::未定义; | bool 已提交任务状态 = false; | bool 已提交任务阶段 = false; | ...(+4)	是	是	待P3审计	待P3审计	待P3审计	候选：待引用审计
结构_观察事实更新任务唤醒通知	任务模块.管理线程协议.ixx	158	任务节点类* 任务信息节点 = nullptr; | 需求节点类* 来源需求 = nullptr; | std::uint64_t 报告ID = 0; | std::uint64_t 等待项ID = 0; | bool 安全根路径 = false; | 时间戳 当前时间 = 0; | std::string 事件摘要{}; | };	是	是	待P3审计	待P3审计	待P3审计	候选：待引用审计
结构_父任务等待条件变化通知	任务模块.管理线程协议.ixx	168	任务节点类* 任务信息节点 = nullptr; | 需求节点类* 父需求 = nullptr; | 需求节点类* 子需求 = nullptr; | 任务节点类* 子任务信息节点 = nullptr; | 动态节点类* 子任务状态动作动态 = nullptr; | bool 父需求仍需推进 = false; | bool 子需求已满足 = false; | 时间戳 当前时间 = 0; | ...(+2)	是	是	待P3审计	待P3审计	待P3审计	候选：待引用审计
结构_任务价值结算完成通知	任务模块.管理线程协议.ixx	180	任务节点类* 任务信息节点 = nullptr; | 需求节点类* 来源需求 = nullptr; | 时间戳 当前时间 = 0; | std::string 事件摘要{}; | };	是	是	待P3审计	待P3审计	待P3审计	候选：待引用审计
结构_任务执行前许可请求	任务模块.管理线程协议.ixx	187	任务节点类* 任务信息节点 = nullptr; | 需求节点类* 来源需求 = nullptr; | 方法类::节点类* 当前方法 = nullptr; | std::uint64_t 请求ID = 0; | std::uint64_t 工作项ID = 0; | 时间戳 当前时间 = 0; | I64 预计安全变化量 = 0; | I64 预计服务变化量 = 0; | ...(+6)	是	是	待P3审计	待P3审计	待P3审计	候选：待引用审计
结构_任务执行前许可结果	任务模块.管理线程协议.ixx	204	任务节点类* 任务信息节点 = nullptr; | 需求节点类* 来源需求 = nullptr; | 方法类::节点类* 当前方法 = nullptr; | std::uint64_t 工作项ID = 0; | bool 已审批 = false; | bool 允许执行 = false; | bool 需要等待 = false; | bool 需要收束 = false; | ...(+6)	是	是	待P3审计	待P3审计	待P3审计	候选：待引用审计
结构_任务权重固化请求	任务模块.管理线程协议.ixx	221	任务节点类* 任务信息节点 = nullptr; | 需求节点类* 来源需求 = nullptr; | I64 承接安全权重上限 = 0; | I64 承接服务权重上限 = 0; | I64 任务权重评分 = 0; | I64 任务权重版本号 = 0; | 时间戳 当前时间 = 0; | };	否	是	待P3审计	待P3审计	待P3审计	候选：待引用审计
结构_任务价值结算回执	任务模块.管理线程协议.ixx	231	任务节点类* 任务信息节点 = nullptr; | 需求节点类* 来源需求 = nullptr; | bool 写入已折算安全值 = false; | bool 写入已折算服务值 = false; | I64 已折算安全值 = 0; | I64 已折算服务值 = 0; | 时间戳 当前时间 = 0; | std::string 反馈事件主键{}; | ...(+1)	是	是	待P3审计	待P3审计	待P3审计	候选：待引用审计
结构_派生需求入树回执	任务模块.管理线程协议.ixx	242	任务节点类* 任务信息节点 = nullptr; | 需求节点类* 父需求 = nullptr; | 需求节点类* 派生需求 = nullptr; | 枚举_派生需求入树处理结果::未定义; | bool 是否阻塞父任务推进 = false; | 时间戳 当前时间 = 0; | std::string 原派生消息幂等键{}; | std::string 原派生消息摘要{}; | ...(+2)	是	是	待P3审计	待P3审计	待P3审计	候选：待引用审计
结构_任务调度运行参数	任务模块.管理线程协议.ixx	256	任务管理工作线程池默认大小_常量; | 任务管理工作线程池默认大小_常量; | std::uint64_t 任务管理工作线程池参数版本 = 1; | std::string 最近参数保存结果 = "尚未保存"; | std::string 最近参数错误{}; | std::string 最近参数应用结果 = "尚未应用"; | };	是	否	待P3审计	待P3审计	待P3审计	候选：待引用审计
结构_任务工作项	任务模块.管理线程协议.ixx	267	std::uint64_t 请求ID = 0; | std::uint64_t 工作项ID = 0; | std::string 幂等键{}; | std::uint64_t 状态版本 = 0; | std::uint64_t 来源调度事件ID = 0; | 枚举_任务调度事件类型::未定义; | 时间戳 创建时间 = 0; | 时间戳 入队时间 = 0; | ...(+17)	是	是	待P3审计	待P3审计	待P3审计	候选：待引用审计
结构_任务筹办情况	任务模块.管理线程协议.ixx	302	bool 有效 = false; | bool 已执行筹办 = false; | 任务模块::筹办::结构_任务推进回执 筹办回执{}; | 特征节点类* 方法运行结果 = nullptr; | 场景节点类* 结果场景 = nullptr; | 枚举_任务状态 建议任务状态 = 枚举_任务状态::未定义; | 枚举_任务阶段 建议任务阶段 = 枚举_任务阶段::未定义; | std::string 诊断摘要{}; | ...(+1)	是	是	待P3审计	待P3审计	待P3审计	候选：待引用审计
结构_任务执行情况	任务模块.管理线程协议.ixx	314	bool 有效 = false; | bool 已执行方法 = false; | 任务模块::筹办::结构_任务推进回执 执行回执{}; | 结构_任务步骤执行结果_最小 执行数据{}; | 特征节点类* 方法运行结果 = nullptr; | 场景节点类* 输出结果场景 = nullptr; | 枚举_任务状态 建议任务状态 = 枚举_任务状态::未定义; | 枚举_任务阶段 建议任务阶段 = 枚举_任务阶段::未定义; | ...(+2)	是	是	待P3审计	待P3审计	待P3审计	候选：待引用审计
结构_任务工作结果	任务模块.管理线程协议.ixx	327	std::uint64_t 请求ID = 0; | std::uint64_t 工作项ID = 0; | std::string 幂等键{}; | 任务节点类* 任务信息节点 = nullptr; | 存在节点类* 任务虚拟存在 = nullptr; | 需求节点类* 来源需求 = nullptr; | bool 已处理 = false; | bool 推进成功 = false; | ...(+43)	是	是	待P3审计	待P3审计	待P3审计	候选：待引用审计
结构_任务工作完成项	任务模块.管理线程协议.ixx	399	结构_任务工作项 工作项{}; | 结构_任务工作结果 工作结果{}; | bool 已派发 = false; | 时间戳 派发时间 = 0; | 时间戳 完成时间 = 0; | std::string 完成摘要{}; | };	是	否	待P3审计	待P3审计	待P3审计	候选：待引用审计
结构_任务界面承接结果	任务模块.管理线程协议.ixx	409	std::uint64_t 请求ID = 0; | std::string 幂等键{}; | bool 已接收 = false; | bool 已校验 = false; | bool 已绑定任务虚拟存在 = false; | bool 已初始化任务语义 = false; | bool 已构造工作项 = false; | bool 已派发工作线程 = false; | ...(+18)	是	是	待P3审计	待P3审计	待P3审计	候选：待引用审计
结构_任务界面线程快照	任务模块.管理线程协议.ixx	447	bool 已启动 = false; | bool 正在处理 = false; | bool 故障 = false; | std::uint64_t 累计接收请求数 = 0; | std::uint64_t 累计绑定任务虚拟存在数 = 0; | std::uint64_t 累计派发工作项数 = 0; | std::uint64_t 累计收到工作结果数 = 0; | std::uint64_t 累计上行消息数 = 0; | ...(+75)	是	是	待P3审计	待P3审计	待P3审计	候选：待引用审计
结构_线程运行包头	任务模块.运行包.ixx	68	主键 包主键 = 0; | 主键 线程主键 = 0; | 主键 轮次主键 = 0; | 主键 宿主存在主键 = 0; | 主键 父包主键 = 0; | 时间戳 创建时间 = 0; | 时间戳 封口时间 = 0; | std::uint64_t 追踪签名 = 0; | ...(+4)	是	是	待P3审计	待P3审计	待P3审计	候选：待引用审计
结构_差额值	任务模块.运行包.ixx	82	I64 目标值 = 0; | I64 当前值 = 0; | I64 差额 = 0; | I64 趋势 = 0; | };	否	是	待P3审计	待P3审计	待P3审计	候选：待引用审计
结构_根需求项	任务模块.运行包.ixx	89	主键 需求节点主键 = 0; | 枚举_需求大类 大类 = 枚举_需求大类::服务; | 枚举_服务子类 服务子类 = 枚举_服务子类::无; | 枚举_安全子类 安全子类 = 枚举_安全子类::无; | const 语素入口节点类* 需求大类抽象特征指针 = nullptr; | I64 需求大类值 = static_cast<I64>(枚举_需求大类::服务); | const 语素入口节点类* 服务子类抽象特征指针 = nullptr; | I64 服务子类值 = static_cast<I64>(枚举_服务子类::无); | ...(+6)	是	是	待P3审计	待P3审计	待P3审计	候选：待引用审计
结构_授权约束段	任务模块.运行包.ixx	105	I64 授权等级 = 0; | I64 资源配额 = 0; | I64 时间窗_ms = 0; | I64 并发上限 = 1; | bool 允许真实写回 = false; | bool 允许回滚 = false; | bool 必须人工确认 = false; | std::vector<枚举_动作类型> 动作白名单{}; | ...(+4)	是	是	待P3审计	待P3审计	待P3审计	候选：待引用审计
结构_方法候选项	任务模块.运行包.ixx	119	主键 方法主键 = 0; | I64 置信度 = 0; | std::string 命中原因{}; | };	是	是	待P3审计	待P3审计	待P3审计	候选：待引用审计
结构_状态变化项	任务模块.运行包.ixx	125	主键 主体主键 = 0; | 主键 特征主键 = 0; | I64 变化前 = 0; | I64 变化后 = 0; | std::string 变化原因{}; | };	是	是	待P3审计	待P3审计	待P3审计	候选：待引用审计
结构_方法沉淀候选项	任务模块.运行包.ixx	133	主键 锚点主键 = 0; | 主键 来源任务主键 = 0; | 主键 来源方法主键 = 0; | std::string 动作语义键{}; | I64 置信度 = 0; | 枚举_方法沉淀样本类别 样本类别 = 枚举_方法沉淀样本类别::待验证; | const 语素入口节点类* 方法沉淀样本类别抽象特征指针 = nullptr; | I64 方法沉淀样本类别值 = static_cast<I64>(枚举_方法沉淀样本类别::待验证); | ...(+2)	是	是	待P3审计	待P3审计	待P3审计	候选：待引用审计
结构_一步治理任务包	任务模块.运行包.ixx	145	结构_线程运行包头 包头{}; | 主键 来源需求主键 = 0; | 主键 来源任务主键 = 0; | 枚举_需求大类 来源需求大类 = 枚举_需求大类::服务; | const 语素入口节点类* 来源需求大类抽象特征指针 = nullptr; | I64 来源需求大类值 = static_cast<I64>(枚举_需求大类::服务); | std::string 本轮要缩小的差额说明{}; | 枚举_动作类型 动作类型 = 枚举_动作类型::解释; | ...(+25)	是	是	待P3审计	待P3审计	待P3审计	候选：待引用审计
结构_回流结算包	任务模块.运行包.ixx	180	结构_线程运行包头 包头{}; | 主键 任务包主键 = 0; | 主键 选定方法主键 = 0; | 主键 输入场景主键 = 0; | 主键 输出场景主键 = 0; | bool 执行成功 = false; | bool 被中断 = false; | bool 已超时 = false; | ...(+26)	是	是	待P3审计	待P3审计	待P3审计	候选：待引用审计
结构_方法上下文	任务模块.执行.ixx	37	时间戳 now = 0; | 场景节点类* 输入观测包场景 = nullptr; | 场景节点类* 任务条件场景 = nullptr; | 场景节点类* 调用覆盖场景 = nullptr; | 方法类::节点类* 方法首节点 = nullptr; | const 场景节点类* 当前场景 = nullptr; | const 场景节点类* 条件场景 = nullptr; | };	否	是	待P3审计	待P3审计	待P3审计	候选：待引用审计
结构_任务步骤执行结果_最小	任务模块.执行.ixx	47	bool 有效 = false; | 枚举_任务执行记账结果 记账结果 = 枚举_任务执行记账结果::未定义; | 枚举_任务状态 建议任务状态 = 枚举_任务状态::未定义; | 枚举_任务阶段 建议任务阶段 = 枚举_任务阶段::未定义; | std::uintptr_t 记账结果抽象特征指针 = 0; | I64 记账结果值 = 0; | 任务类::节点类* 主任务 = nullptr; | 任务类::节点类* 当前步骤节点 = nullptr; | ...(+8)	是	是	待P3审计	待P3审计	待P3审计	候选：待引用审计
结构_执行任务结果	任务模块.执行.ixx	65	bool 有效 = false; | 结构_任务步骤执行结果_最小 任务执行结果{}; | 特征节点类* 方法运行结果 = nullptr; | };	否	是	待P3审计	待P3审计	待P3审计	候选：待引用审计
结构_原语判定结果	任务模块.治理协议.ixx	245	枚举_原语类型 类型 = 枚举_原语类型::条件满足; | std::uintptr_t 类型抽象特征指针 = 0; | I64 类型值 = 0; | bool 是否满足 = false; | std::int64_t 满足度_Q10000 = 0; | std::int64_t 置信度_Q10000 = 0; | bool 是否冲突 = false; | bool 需升阶 = false; | ...(+5)	是	是	待P3审计	待P3审计	待P3审计	候选：待引用审计
结构_原语判定汇总	任务模块.治理协议.ixx	260	bool 条件满足 = false; | bool 方向一致 = false; | bool 结果符合 = false; | bool 出现冲突 = false; | bool 因果稳定 = false; | bool 需要升阶 = false; | bool 可等待 = false; | bool 已完成 = false; | ...(+8)	是	否	待P3审计	待P3审计	待P3审计	候选：待引用审计
结构_任务治理二次特征证据	任务模块.治理协议.ixx	278	bool 有证据 = false; | bool 任务条件满足 = false; | bool 目标结果方向一致 = false; | bool 目标结果已落范围 = false; | bool 当前存在显式冲突 = false; | bool 当前动作已启动 = false; | bool 当前动作已完成 = false; | bool 当前动作失败退出 = false; | ...(+24)	是	否	待P3审计	待P3审计	待P3审计	候选：待引用审计
结构_原语候选项	任务模块.治理协议.ixx	329	任务类::节点类* 节点 = nullptr; | std::string 候选角色{}; | std::string 候选主键{}; | bool 是否同向 = false; | 方法类::节点类* 方法节点 = nullptr; | std::string 需求轴键{}; | std::string 比较特征键{}; | 枚举_原语候选比较基准类型 比较基准类型 = 枚举_原语候选比较基准类型::未定义; | ...(+8)	是	是	待P3审计	待P3审计	待P3审计	候选：待引用审计
结构_高阶排序请求	任务模块.治理协议.ixx	347	std::string 需求轴键{}; | std::vector<std::string> 候选主键列表{}; | std::string 候选摘要{}; | std::string 首候选主键{}; | std::string 次候选主键{}; | std::string 比较特征键{}; | 枚举_原语候选比较基准类型 比较基准类型 = 枚举_原语候选比较基准类型::未定义; | std::uintptr_t 比较基准类型抽象特征指针 = 0; | ...(+5)	是	是	待P3审计	待P3审计	待P3审计	候选：待引用审计
结构_高阶排序结果	任务模块.治理协议.ixx	362	std::string 需求轴键{}; | std::vector<std::string> 候选主键列表{}; | std::string 候选摘要{}; | std::string 排序关系{}; | std::string 胜出候选主键{}; | bool 是否等效 = false; | bool 是否过头 = false; | std::int64_t 置信度_Q10000 = 0; | ...(+2)	是	否	待P3审计	待P3审计	待P3审计	候选：待引用审计
结构_高阶胜出绑定	任务模块.治理协议.ixx	374	std::string 需求轴键{}; | std::string 胜出候选主键{}; | std::string 胜出方法主键{}; | 任务类::节点类* 胜出任务结果节点 = nullptr; | 方法类::节点类* 胜出方法结果节点 = nullptr; | 方法类::节点类* 胜出方法节点 = nullptr; | 枚举_原语候选来源锚点类型 来源锚点类型 = 枚举_原语候选来源锚点类型::未定义; | std::uintptr_t 来源锚点类型抽象特征指针 = 0; | ...(+5)	是	是	待P3审计	待P3审计	待P3审计	候选：待引用审计
结构_任务管理显式事件控制	任务模块.治理协议.ixx	416	bool 启用 = false; | 枚举_任务管理触发事件类型 事件类型 = 枚举_任务管理触发事件类型::未定义; | std::uintptr_t 事件类型抽象特征指针 = 0; | I64 事件类型值 = 0; | 枚举_任务管理触发来源 触发来源 = 枚举_任务管理触发来源::自然运行态; | std::uintptr_t 触发来源抽象特征指针 = 0; | I64 触发来源值 = 0; | std::uint64_t 来源最小原语位图 = 0; | ...(+5)	是	是	待P3审计	待P3审计	待P3审计	候选：待引用审计
结构_任务管理控制承接记录	任务模块.治理协议.ixx	431	std::string 控制请求主键{}; | std::string 目标线程主键{}; | std::string 目标任务管理任务主键{}; | std::string 目标任务主键{}; | std::string 对应执行尝试主键{}; | 枚举_任务管理控制意图值 当前控制意图 = 枚举_任务管理控制意图值::未定义; | std::uintptr_t 当前控制意图抽象特征指针 = 0; | I64 当前控制意图值 = 0; | ...(+11)	是	是	待P3审计	待P3审计	待P3审计	候选：待引用审计
结构_任务管理主体虚拟存在	任务模块.治理协议.ixx	455	时间戳 创建时间 = 0; | 时间戳 最近激活时间 = 0; | 时间戳 最近回并时间 = 0; | 时间戳 最近缺口反馈时间 = 0; | 时间戳 最近缺口回流时间 = 0; | std::uint64_t 主体ID = 0; | std::uint32_t 版本号 = 0; | bool 总目标为推进任务完成 = true; | ...(+71)	是	是	待P3审计	待P3审计	待P3审计	候选：待引用审计
结构_任务管理分身继承面	任务模块.治理协议.ixx	543	时间戳 创建时间 = 0; | 时间戳 最近推进时间 = 0; | 时间戳 最近回并时间 = 0; | std::uint64_t 主体ID = 0; | std::uint64_t 分身ID = 0; | std::uint32_t 回并序号 = 0; | 枚举_任务管理分身状态 当前状态 = 枚举_任务管理分身状态::未定义; | std::uintptr_t 当前状态抽象特征指针 = 0; | ...(+35)	是	是	待P3审计	待P3审计	待P3审计	候选：待引用审计
结构_任务管理方法需求位特征面	任务模块.治理协议.ixx	597	枚举_任务管理方法需求位 当前需求位 = 枚举_任务管理方法需求位::未定义; | std::uintptr_t 当前需求位抽象特征指针 = 0; | I64 当前需求位值 = 0; | 枚举_任务管理功能域 当前功能域 = 枚举_任务管理功能域::未定义; | std::uintptr_t 当前功能域抽象特征指针 = 0; | I64 当前功能域值 = 0; | 枚举_任务管理缺口类型 当前缺口类型 = 枚举_任务管理缺口类型::未定义; | std::uintptr_t 当前缺口类型抽象特征指针 = 0; | ...(+47)	是	是	待P3审计	待P3审计	待P3审计	候选：待引用审计
结构_任务管理最小原语签名	任务模块.治理协议.ixx	658	枚举_任务管理最小原语ID 原语ID = 枚举_任务管理最小原语ID::未定义; | std::uintptr_t 原语ID抽象特征指针 = 0; | I64 原语ID值 = 0; | const char* 原语名 = ""; | const char* 输入签名 = ""; | const char* 输出签名 = ""; | const char* 合法承载对象摘要 = ""; | };	是	是	待P3审计	待P3审计	待P3审计	候选：待引用审计
结构_任务管理本能能力缺口面	任务模块.治理协议.ixx	670	枚举_任务管理方法需求位 对应需求位 = 枚举_任务管理方法需求位::未定义; | 枚举_任务管理本能能力缺口类型 当前缺口类型 = 枚举_任务管理本能能力缺口类型::未定义; | std::uintptr_t 当前缺口类型抽象特征指针 = 0; | I64 当前缺口类型值 = 0; | bool 已具备确保单承载存在 = false; | bool 已具备读取单特征当前值 = false; | bool 已具备写入单特征当前值 = false; | bool 已具备写入单挂点指针 = false; | ...(+21)	是	是	待P3审计	待P3审计	待P3审计	候选：待引用审计
结构_任务管理正式原语资产概览	任务模块.治理协议.ixx	706	bool 已具备确保单承载存在 = false; | bool 已具备读取单特征当前值 = false; | bool 已具备写入单特征当前值 = false; | bool 已具备写入单挂点指针 = false; | bool 已具备记录动作开始 = false; | bool 已具备记录动作结束 = false; | std::uint64_t 所需原语位图 = 0; | std::uint64_t 已具备原语位图 = 0; | ...(+6)	是	否	待P3审计	待P3审计	待P3审计	候选：待引用审计
结构_任务管理上下文	任务模块.治理协议.ixx	724	时间戳 当前时间 = 0; | 需求类::节点类* 当前主需求 = nullptr; | 任务类::节点类* 当前管理任务 = nullptr; | 任务类::节点类* 当前宿主任务 = nullptr; | 方法类::节点类* 当前方法 = nullptr; | 任务类::节点类* 当前步骤 = nullptr; | 任务类::节点类* 最近结果 = nullptr; | 枚举_任务管理缺口类型 当前缺口类型 = 枚举_任务管理缺口类型::未定义; | ...(+65)	是	是	待P3审计	待P3审计	待P3审计	候选：待引用审计
结构_任务管理请求	任务模块.治理协议.ixx	800	std::uint64_t 请求ID = 0; | 任务类::节点类* 宿主任务 = nullptr; | 时间戳 提交时间 = 0; | std::uint32_t 提交序号 = 0; | 结构_任务管理上下文 上下文{}; | 枚举_任务管理触发事件类型 触发事件类型 = 枚举_任务管理触发事件类型::未定义; | std::uintptr_t 触发事件类型抽象特征指针 = 0; | I64 触发事件类型值 = 0; | ...(+24)	是	是	待P3审计	待P3审计	待P3审计	候选：待引用审计
结构_任务管理单步决策	任务模块.治理协议.ixx	835	枚举_任务管理功能域 当前功能域 = 枚举_任务管理功能域::未定义; | std::uintptr_t 当前功能域抽象特征指针 = 0; | I64 当前功能域值 = 0; | 枚举_任务管理缺口类型 当前缺口类型 = 枚举_任务管理缺口类型::未定义; | std::uintptr_t 当前缺口类型抽象特征指针 = 0; | I64 当前缺口类型值 = 0; | 枚举_任务管理下一步去向 当前下一步去向 = 枚举_任务管理下一步去向::未定义; | std::uintptr_t 当前下一步去向抽象特征指针 = 0; | ...(+37)	是	是	待P3审计	待P3审计	待P3审计	候选：待引用审计
结构_任务管理写回结果	任务模块.治理协议.ixx	883	任务类::节点类* 当前步骤节点 = nullptr; | 任务类::节点类* 当前业务子任务 = nullptr; | 任务类::节点类* 当前补条件子任务 = nullptr; | 状态节点类* 宿主目标状态 = nullptr; | 状态节点类* 宿主结果状态 = nullptr; | std::string 双面摘要{}; | std::string 结构动作摘要{}; | std::string 主体回并摘要{}; | ...(+1)	是	是	待P3审计	待P3审计	待P3审计	候选：待引用审计
结构_任务管理一步结果	任务模块.治理协议.ixx	895	任务类::节点类* 宿主任务 = nullptr; | std::uint64_t 当前主体ID = 0; | std::uint64_t 当前分身ID = 0; | 枚举_任务管理功能域 当前功能域 = 枚举_任务管理功能域::未定义; | std::uintptr_t 当前功能域抽象特征指针 = 0; | I64 当前功能域值 = 0; | 枚举_任务管理缺口类型 当前缺口类型 = 枚举_任务管理缺口类型::未定义; | std::uintptr_t 当前缺口类型抽象特征指针 = 0; | ...(+45)	是	是	待P3审计	待P3审计	待P3审计	候选：待引用审计
结构_缺口承接决策	任务模块.治理协议.ixx	950	bool 是否触发缺口承接 = false; | 枚举_任务管理缺口承接类型 承接类型 = 枚举_任务管理缺口承接类型::未定义; | std::uintptr_t 承接类型抽象特征指针 = 0; | I64 承接类型值 = 0; | bool 补原语或治理本能 = false; | 任务类::节点类* 来源根任务 = nullptr; | 任务类::节点类* 来源父任务 = nullptr; | 枚举_任务管理功能域 来源功能域 = 枚举_任务管理功能域::未定义; | ...(+38)	是	是	待P3审计	待P3审计	待P3审计	候选：待引用审计
结构_任务管理结果	任务模块.治理协议.ixx	998	bool 已补齐治理任务 = false; | bool 已选中宿主任务 = false; | bool 已绑定方法挂点 = false; | bool 已推进任务状态 = false; | bool 已创建步骤节点 = false; | bool 已命中最近结果 = false; | bool 已复用当前步骤 = false; | bool 已生成治理证据 = false; | ...(+129)	是	是	待P3审计	待P3审计	待P3审计	候选：待引用审计
结构_治理实例堆快照	任务模块.治理协议.ixx	1141	std::size_t 总数 = 0; | std::string 最近摘要{}; | std::vector<结构_任务管理结果> 实例列表{}; | };	是	否	待P3审计	待P3审计	待P3审计	候选：待引用审计
结构_治理恢复事件镜像	任务模块.治理协议.ixx	1154	时间戳 入队时间 = 0; | 枚举_任务管理触发事件类型 事件类型 = 枚举_任务管理触发事件类型::未定义; | std::uintptr_t 事件类型抽象特征指针 = 0; | I64 事件类型值 = 0; | 枚举_任务管理触发来源 触发来源 = 枚举_任务管理触发来源::未定义; | std::uintptr_t 触发来源抽象特征指针 = 0; | I64 触发来源值 = 0; | 枚举_治理恢复事件处理方式 恢复处理方式 = 枚举_治理恢复事件处理方式::未定义; | ...(+8)	是	是	待P3审计	待P3审计	待P3审计	候选：待引用审计
结构_治理恢复快照	任务模块.治理协议.ixx	1172	std::string 快照版本{ "治理恢复_v3" }; | 可解析引用<任务节点类> 宿主任务{}; | 枚举_任务管理根层重判结果 最近根层重判结果 = 枚举_任务管理根层重判结果::未定义; | std::uintptr_t 最近根层重判结果抽象特征指针 = 0; | I64 最近根层重判结果值 = 0; | 枚举_任务管理执行前门控结果 最近执行前门控结果 = 枚举_任务管理执行前门控结果::未定义; | std::uintptr_t 最近执行前门控结果抽象特征指针 = 0; | I64 最近执行前门控结果值 = 0; | ...(+52)	是	是	待P3审计	待P3审计	待P3审计	候选：待引用审计
单文件日志器	日志模块.ixx	223	std::mutex mtx; | std::ofstream ofs; | std::string 当前日期; | std::filesystem::path 根目录; | std::string 文件前缀; | std::string 文件标识; | bool 每条刷新 = true; | bool 错误立即刷新 = true; | ...(+86)	是	否	待P3审计	待P3审计	待P3审计	候选：待引用审计
结构_世界树SQL节点行	世界树类.cpp	243	int 行号 = 0; | std::string 节点主键{}; | std::string 父节点主键{}; | int 深度 = 0; | int 同层序号 = 0; | int 直接子数量 = 0; | std::string 路径{}; | std::string 节点类别{}; | ...(+12)	是	否	待P3审计	待P3审计	待P3审计	候选：待引用审计
结构_世界树SQL关系行	世界树类.cpp	265	int 行号 = 0; | std::string 宿主主键{}; | std::string 关系名{}; | std::string 目标类别{}; | std::string 目标主键{}; | std::string 目标文本{}; | int 序号 = 0; | };	是	否	待P3审计	待P3审计	待P3审计	候选：待引用审计
场景相对坐标项	世界树类.h	21	const 存在节点类* 参考存在 = nullptr; | Vector3D 相对坐标_mm{}; | I64 置信度 = 10000; | };	否	是	待P3审计	待P3审计	待P3审计	候选：待引用审计
场景绝对坐标换算结果	世界树类.h	27	bool 成功 = false; | Vector3D 绝对坐标_mm{}; | const 存在节点类* 参考存在 = nullptr; | I64 使用相对坐标项数量 = 0; | I64 置信度 = 0; | };	否	是	待P3审计	待P3审计	待P3审计	候选：待引用审计
结构_世界树场景轮廓查找参数	世界树类.h	35	const 语素入口节点类* 三维体素特征类型 = nullptr; | std::uint32_t 查询层级 = (std::numeric_limits<std::uint32_t>::max)(); | I64 最低相似度Q10000 = 0; | std::uint32_t 默认存在最小体素边长_mm = 0; | std::uint64_t 最大返回数量 = 0; | };	否	是	待P3审计	待P3审计	待P3审计	候选：待引用审计
结构_世界树场景轮廓存在比较结果	世界树类.h	43	存在节点类* 存在 = nullptr; | 特征节点类* 三维体素特征 = nullptr; | I64 相似度Q10000 = 0; | 结构_三维体素局部轮廓相似度结果 比较结果{}; | };	否	是	待P3审计	待P3审计	待P3审计	候选：待引用审计
结构_COM初始化	数据库ADO模块.cpp	122	bool 需要反初始化 = false; | bool 可继续 = false; | HRESULT 结果 = S_OK; | 结果 = CoInitializeEx(nullptr, COINIT_MULTITHREADED); | 需要反初始化 = true; | 可继续 = true; | 可继续 = true; | CoUninitialize(); | ...(+1)	否	否	待P3审计	待P3审计	待P3审计	候选：待引用审计
深度空洞区域收集结果	双目相机本能适配器.cpp	488	std::size_t 总数量 = 0; | std::vector<双目相机本能适配器::诊断区域摘要> 区域列表{}; | };	是	否	待P3审计	待P3审计	待P3审计	候选：待引用审计
RGB像素	双目相机本能适配器.h	17	std::uint8_t R = 0; | std::uint8_t G = 0; | std::uint8_t B = 0; | };	否	否	待P3审计	待P3审计	待P3审计	候选：待引用审计
空间坐标毫米	双目相机本能适配器.h	23	std::int64_t X = 0; | std::int64_t Y = 0; | std::int64_t Z = 0; | };	否	否	待P3审计	待P3审计	待P3审计	候选：待引用审计
空间候选摘要	双目相机本能适配器.h	29	std::int64_t 候选编号 = 0; | std::int64_t 像素数量 = 0; | std::int64_t 有效点比例 = 0; | std::int64_t 中心X = 0; | std::int64_t 中心Y = 0; | std::int64_t 中心Z = 0; | std::int64_t 范围最小X = 0; | std::int64_t 范围最大X = 0; | ...(+43)	是	否	待P3审计	待P3审计	待P3审计	候选：待引用审计
诊断区域摘要	双目相机本能适配器.h	82	std::int64_t 区域编号 = 0; | std::int64_t 图层类型 = 0; | std::int64_t 来源候选编号 = -1; | std::int64_t 投影最小X = 0; | std::int64_t 投影最大X = 0; | std::int64_t 投影最小Y = 0; | std::int64_t 投影最大Y = 0; | std::int64_t 像素数量 = 0; | ...(+3)	否	否	待P3审计	待P3审计	待P3审计	候选：待引用审计
调用结果	双目相机本能适配器.h	95	bool 成功 = false; | bool 相机已打开 = false; | 失败原因 原因 = 失败原因::无; | std::string 消息{}; | int 宽度 = 0; | int 高度 = 0; | std::uint64_t 系统到达时间_us = 0; | std::uint64_t 设备时间_us = 0; | ...(+97)	是	否	待P3审计	待P3审计	待P3审计	候选：待引用审计
索引包	双向链表模板_序列化.inl	169	无字段或字段需人工复核	否	否	待P3审计	待P3审计	待P3审计	候选：待引用审计
节点类	双向链表模板核心.h	33	节点类* 上 = nullptr; | 节点类* 下 = nullptr; | 节点类* 父 = nullptr; | 节点类* 子 = nullptr; | 节点类* 同层环头 = nullptr; | 节点类* 链上 = nullptr; | 节点类* 链下 = nullptr; | 主信息类型 主信息{}; | ...(+41)	是	否	待P3审计	待P3审计	待P3审计	候选：待引用审计
私有_布尔抽象组	特征类.cpp	903	抽象特征节点类* 壳 = nullptr; | 抽象特征节点类* 否 = nullptr; | 抽象特征节点类* 是 = nullptr; | };	否	是	待P3审计	待P3审计	待P3审计	候选：待引用审计
特征比较明细	特征类.h	13	const 语素入口节点类* 类型 = nullptr; | I64 差异度 = 0; | I64 权重 = 10000; | bool 缺失A = false; | bool 缺失B = false; | };	否	是	待P3审计	待P3审计	待P3审计	候选：待引用审计
存在比较结果	特征类.h	21	I64 总差异度 = 0; | I64 归一化差异度 = 0; | int 命中特征数 = 0; | std::vector<特征比较明细> 明细{}; | };	否	是	待P3审计	待P3审计	待P3审计	候选：待引用审计
稳态策略	特征类.h	28	int 连续N = 5; | I64 阈值_判稳 = 0; | I64 阈值_命中原型 = 0; | int Kmax_points = 32; | 时间戳 淘汰_超时 = 0; | };	否	是	待P3审计	待P3审计	待P3审计	候选：待引用审计
写入参数	特征类.h	36	时间戳 ts = 0; | bool 仅更新当前值 = false; | bool 允许创建稳态 = true; | bool 允许淘汰 = true; | 稳态策略 稳态{}; | };	否	否	待P3审计	待P3审计	待P3审计	候选：待引用审计
特征写入结果	特征类.h	44	特征节点类* 特征 = nullptr; | bool 通过候选门 = false; | bool 稳态发生变化 = false; | };	否	是	待P3审计	待P3审计	待P3审计	候选：待引用审计
集合比较参数	特征类.h	50	bool 输出明细 = true; | I64 缺失惩罚 = 10000; | bool 归一化 = true; | };	否	是	待P3审计	待P3审计	待P3审计	候选：待引用审计
特征比较方法结果	特征类.h	56	bool 可比较 = false; | 枚举_特征值比较模式 比较方式 = 枚举_特征值比较模式::相等; | I64 左比较值 = 0; | I64 右比较值 = 0; | I64 差值 = 0; | };	否	是	待P3审计	待P3审计	待P3审计	候选：待引用审计
结构_特征状态比较结果	特征类.h	64	bool 可比较 = false; | 枚举_三向关系 关系 = 枚举_三向关系::等于; | const 语素入口节点类* 特征类型 = nullptr; | 枚举_特征值比较模式 比较方式 = 枚举_特征值比较模式::相等; | I64 差值 = 0; | std::string 说明{}; | };	是	是	待P3审计	待P3审计	待P3审计	候选：待引用审计
结构_VecU特征解释规则	特征类.h	81	枚举_VecU解释规则 规则 = 枚举_VecU解释规则::未定义; | std::uint32_t 坐标维度 = 0; | bool 需要ZigZag解码 = false; | bool 有效() const noexcept { return 规则 != 枚举_VecU解释规则::未定义; } | bool 是坐标链() const noexcept { return 坐标维度 == 2 || 坐标维度 == 3; } | };	否	否	待P3审计	待P3审计	待P3审计	候选：待引用审计
结构_轮廓比较结果	特征类.h	102	枚举_轮廓比较状态 状态 = 枚举_轮廓比较状态::未定义; | std::uint32_t 坐标维度 = 0; | I64 左点数量 = 0; | I64 右点数量 = 0; | I64 点数量差异 = 0; | I64 中心L1误差 = 0; | I64 点链平均L1误差 = 0; | I64 点链最大L1误差 = 0; | ...(+3)	否	是	待P3审计	待P3审计	待P3审计	候选：待引用审计
结构_三维体素二分层摘要	特征类.h	117	bool 有效 = false; | std::uint32_t 顶层边长 = 4; | std::uint32_t 细分层数 = 0; | std::uint64_t 最终边长 = 0; | std::uint32_t 原始宽度 = 0; | std::uint32_t 原始高度 = 0; | std::uint32_t 原始深度 = 0; | bool 来源为非立方体 = false; | ...(+4)	否	否	待P3审计	待P3审计	待P3审计	候选：待引用审计
结构_三维体素链节点信息	特征类.h	137	bool 有效 = false; | bool 是根 = false; | std::uint32_t 层级 = 0; | std::uint32_t 最大层级 = 0; | std::uint32_t x = 0; | std::uint32_t y = 0; | std::uint32_t z = 0; | std::uint32_t 边长 = 0; | ...(+7)	否	否	待P3审计	待P3审计	待P3审计	候选：待引用审计
结构_三维体素链写入结果	特征类.h	154	bool 成功 = false; | VecU句柄 根句柄{}; | std::vector<VecU句柄> 叶子句柄{}; | 结构_三维体素二分层摘要 摘要{}; | };	是	是	待P3审计	待P3审计	待P3审计	候选：待引用审计
结构_三维体素链查询结果	特征类.h	161	bool 命中 = false; | VecU句柄 节点句柄{}; | 结构_三维体素链节点信息 节点{}; | };	否	是	待P3审计	待P3审计	待P3审计	候选：待引用审计
结构_三维体素空间点毫米	特征类.h	167	I64 x = 0; | I64 y = 0; | I64 z = 0; | };	否	是	待P3审计	待P3审计	待P3审计	候选：待引用审计
结构_三维体素轮廓图视角	特征类.h	173	std::uint32_t 宽度 = 0; | std::uint32_t 高度 = 0; | std::uint32_t 视角序号 = 0; | std::vector<std::uint8_t> 轮廓掩码{}; | std::vector<I64> 深度_mm{}; | std::vector<结构_三维体素空间点毫米> 空间点_mm{}; | std::vector<std::uint32_t> 颜色_RGBA{}; | };	否	是	待P3审计	待P3审计	待P3审计	候选：待引用审计
结构_三维体素轮廓融合参数	特征类.h	183	std::uint32_t 体素边长_mm = 0; | std::uint32_t 互补最大间隔体素 = 1; | std::uint32_t 最小确认视角数 = 1; | std::uint64_t 最大输出体素数 = 2000000; | };	否	否	待P3审计	待P3审计	待P3审计	候选：待引用审计
结构_三维体素颜色项	特征类.h	190	std::uint32_t x = 0; | std::uint32_t y = 0; | std::uint32_t z = 0; | std::uint32_t 颜色_RGBA = 0; | };	否	否	待P3审计	待P3审计	待P3审计	候选：待引用审计
结构_三维体素轮廓融合结果	特征类.h	197	bool 成功 = false; | std::string 失败原因{}; | VecIU64 占据位块{}; | std::vector<结构_三维体素颜色项> 体素颜色{}; | std::uint32_t 宽度 = 0; | std::uint32_t 高度 = 0; | std::uint32_t 深度 = 0; | std::uint32_t 体素边长_mm = 0; | ...(+10)	是	是	待P3审计	待P3审计	待P3审计	候选：待引用审计
结构_三维体素存在空间绑定参数	特征类.h	217	I64 原点X_mm = 0; | I64 原点Y_mm = 0; | I64 原点Z_mm = 0; | std::uint32_t 最小体素边长_mm = 0; | };	否	是	待P3审计	待P3审计	待P3审计	候选：待引用审计
结构_三维体素局部轮廓相似度结果	特征类.h	224	bool 可比较 = false; | std::string 不可比较原因{}; | I64 相似度Q10000 = 0; | I64 命中率Q10000 = 0; | I64 越界惩罚Q10000 = 0; | std::uint32_t 请求查询层级 = 0; | std::uint32_t 实际查询层级 = 0; | std::uint32_t 存在体素网格边长 = 0; | ...(+10)	是	是	待P3审计	待P3审计	待P3审计	候选：待引用审计
常用抽象特征初始化结果	特征类.h	244	std::uint32_t 抽象特征数 = 0; | std::uint32_t 区间状态数 = 0; | bool 成功 = false; | };	否	否	待P3审计	待P3审计	待P3审计	候选：待引用审计
分层索引节点	特征值类.h	174	std::unordered_map<I64, 分层索引节点*> 子{}; | std::vector<节点类*> 叶子{}; | };	否	是	待P3审计	待P3审计	待P3审计	候选：待引用审计
结构_D455短期观察材料页	外设观察报告队列.ixx	817	std::uint64_t 报告ID = 0; | std::int64_t 创建时间毫秒 = 0; | std::int64_t 过期时间毫秒 = 0; | 双目相机本能适配器::调用结果 来源{}; | 结构_外设观察报告队列项 报告{}; | };	否	否	待P3审计	待P3审计	待P3审计	候选：待引用审计
结构_外设观察队列共享状态	外设观察报告队列.ixx	825	std::mutex 互斥{}; | std::deque<结构_外设观察报告队列项> 报告队列{}; | std::deque<结构_D455短期观察材料页> D455材料页队列{}; | std::vector<结构_外设观察等待项> 等待项集合{}; | std::deque<结构_目标观察约束特征组> 目标观察约束缓冲区{}; | std::uint64_t 最新报告ID = 0; | std::uint64_t 最新目标观察约束ID = 0; | std::size_t 队列容量 = 256; | ...(+4)	否	否	待P3审计	待P3审计	待P3审计	候选：待引用审计
结构_D455线程共享状态	外设线程_D455深度相机.ixx	155	mutable std::mutex 互斥{}; | std::condition_variable 条件{}; | 结构_D455深度相机线程配置 配置{}; | 枚举_D455深度相机线程生命周期状态::未启动; | bool 停止请求 = false; | bool 已结束 = false; | 结构_D455深度相机线程结果 结果{}; | std::vector<结构_D455深度相机观察样本> 样本{}; | ...(+1)	否	否	待P3审计	待P3审计	待P3审计	候选：待引用审计
结构_D455跟踪稳定缓存项	外设线程_D455深度相机.ixx	176	std::uint64_t 等待项ID = 0; | std::string 跟踪种子{}; | bool 有最近中心 = false; | std::int64_t 最近中心X = 0; | std::int64_t 最近中心Y = 0; | std::int64_t 最近中心Z = 0; | std::int64_t 连续成功次数 = 0; | std::int64_t 失败次数 = 0; | ...(+1)	是	否	待P3审计	待P3审计	待P3审计	候选：待引用审计
结构_D455跨帧观察簇缓存项	外设线程_D455深度相机.ixx	187	std::int64_t 跨帧簇ID = -1; | bool 本帧已匹配 = false; | std::int64_t 最近来源空间候选ID = -1; | std::int64_t 最近像素数量 = 0; | std::int64_t 最近中心X = 0; | std::int64_t 最近中心Y = 0; | std::int64_t 最近中心Z = 0; | std::int64_t 最近投影中心X = 0; | ...(+28)	否	否	待P3审计	待P3审计	待P3审计	候选：待引用审计
结构_D455迁移分割深度源	外设线程_D455深度相机.ixx	333	const std::vector<std::int64_t>* 深度 = nullptr; | bool 依赖补全或融合 = false; | };	否	否	待P3审计	待P3审计	待P3审计	候选：待引用审计
结构_D455迁移分割组件	外设线程_D455深度相机.ixx	338	std::vector<std::size_t> 像素索引{}; | std::int64_t 切片最小深度 = 0; | std::int64_t 切片最大深度 = 0; | std::int64_t 投影最小X = 0; | std::int64_t 投影最大X = 0; | std::int64_t 投影最小Y = 0; | std::int64_t 投影最大Y = 0; | std::int64_t 深度最小 = 0; | ...(+14)	否	否	待P3审计	待P3审计	待P3审计	候选：待引用审计
结构_D455等待项分组	外设线程_D455深度相机.ixx	2941	std::vector<结构_外设观察等待项> 全部等待项{}; | std::vector<结构_外设观察等待项> 扫描变化等待项集合{}; | std::vector<结构_外设观察等待项> 跟踪等待项集合{}; | };	否	否	待P3审计	待P3审计	待P3审计	候选：待引用审计
结构_D455本帧报告组	外设线程_D455深度相机.ixx	2947	std::optional<结构_外设观察报告队列项> 逐簇识别报告{}; | 结构_外设观察报告队列项 稳定子集报告{}; | };	否	否	待P3审计	待P3审计	待P3审计	候选：待引用审计
结构_消息中间件维护统计	线程生命周期消息模块.ixx	140	std::size_t 归档消息数 = 0; | std::size_t 删除已消费普通消息数 = 0; | std::size_t 删除无效消息数 = 0; | std::size_t 删除临时文件数 = 0; | std::size_t 删除过期归档数 = 0; | std::size_t 归档失败数 = 0; | std::size_t 删除失败数 = 0; | };	否	否	待P3审计	待P3审计	待P3审计	候选：待引用审计
待消费项	线程生命周期消息模块.ixx	1092	std::filesystem::path 路径{}; | 结构_线程生命周期消息 消息{}; | };	否	否	待P3审计	待P3审计	待P3审计	候选：待引用审计
结构_因果补完结果	详细设计\因果类用途接口草案20260516.ixx	59	枚举_因果补完状态 状态 = 枚举_因果补完状态::无状态变化; | 基础信息节点类* 状态变化线索 = nullptr; | 因果模板节点类* 完整因果模板 = nullptr; | 因果实例节点类* 因果实例 = nullptr; | return 完整因果模板 != nullptr; | };	否	是	待P3审计	待P3审计	待P3审计	候选：待引用审计
结构_因果学习诊断输入	详细设计\因果类用途接口草案20260516.ixx	72	std::vector<状态节点类*> 条件状态{}; | std::vector<状态节点类*> 条件模板{}; | 基础信息节点类* 动作语义 = nullptr; | const char* 动作语义键 = nullptr; | 方法节点类* 候选方法 = nullptr; | std::vector<状态节点类*> 结果状态{}; | std::vector<状态节点类*> 结果模板{}; | 因果模板节点类* 来源因果模板 = nullptr; | ...(+3)	是	是	待P3审计	待P3审计	待P3审计	候选：待引用审计
结构_因果学习缺口诊断结果	详细设计\因果类用途接口草案20260516.ixx	85	枚举_因果学习缺口类型 缺口类型 = 枚举_因果学习缺口类型::无缺口; | 因果模板节点类* 来源因果模板 = nullptr; | 基础信息节点类* 来源状态变化线索 = nullptr; | 方法节点类* 相关方法 = nullptr; | 状态节点类* 目标结果状态 = nullptr; | std::int64_t 置信度 = 0; | };	否	是	待P3审计	待P3审计	待P3审计	候选：待引用审计
结构_学习需求候选	详细设计\因果类用途接口草案20260516.ixx	94	枚举_因果学习缺口类型 缺口类型 = 枚举_因果学习缺口类型::无缺口; | 基础信息节点类* 目标宿主 = nullptr; | 基础信息节点类* 目标特征类型 = nullptr; | 状态节点类* 当前状态 = nullptr; | 状态节点类* 目标状态 = nullptr; | 因果模板节点类* 来源因果模板 = nullptr; | 基础信息节点类* 来源状态变化线索 = nullptr; | 方法节点类* 相关方法 = nullptr; | ...(+3)	否	是	待P3审计	待P3审计	待P3审计	候选：待引用审计
结构_学习需求候选结果	详细设计\因果类用途接口草案20260516.ixx	110	std::vector<结构_学习需求候选> 候选{}; | bool 已生成正式需求 = false; | };	否	否	待P3审计	待P3审计	待P3审计	候选：待引用审计
结构_因果解释参数	详细设计\因果类用途接口草案20260516.ixx	115	std::uint32_t 最大反推层数 = 3; | std::uint32_t 最大候选数 = 16; | bool 允许低置信度候选 = false; | };	否	否	待P3审计	待P3审计	待P3审计	候选：待引用审计
结构_因果解释结果	详细设计\因果类用途接口草案20260516.ixx	121	状态节点类* 结果状态 = nullptr; | std::vector<因果模板节点类*> 原因模板链{}; | std::vector<基础信息节点类*> 状态变化线索链{}; | std::int64_t 最高置信度 = 0; | };	是	是	待P3审计	待P3审计	待P3审计	候选：待引用审计
结构_因果预测输入	详细设计\因果类用途接口草案20260516.ixx	128	场景节点类* 当前场景 = nullptr; | 状态节点类* 条件状态 = nullptr; | 方法节点类* 候选方法 = nullptr; | 基础信息节点类* 候选动作语义 = nullptr; | };	否	是	待P3审计	待P3审计	待P3审计	候选：待引用审计
结构_因果预测结果	详细设计\因果类用途接口草案20260516.ixx	135	std::vector<状态节点类*> 预测结果状态{}; | std::vector<状态节点类*> 预测副作用状态{}; | std::vector<因果模板节点类*> 命中模板{}; | std::int64_t 置信度 = 0; | bool 存在硬风险 = false; | };	否	否	待P3审计	待P3审计	待P3审计	候选：待引用审计
结构_因果反推输入	详细设计\因果类用途接口草案20260516.ixx	143	状态节点类* 目标结果状态 = nullptr; | std::uint32_t 最大反推层数 = 3; | std::uint32_t 最大候选数 = 16; | };	否	否	待P3审计	待P3审计	待P3审计	候选：待引用审计
结构_因果反推结果	详细设计\因果类用途接口草案20260516.ixx	149	std::vector<方法节点类*> 候选方法{}; | std::vector<基础信息节点类*> 候选动作语义{}; | std::vector<因果模板节点类*> 支撑模板{}; | std::vector<状态节点类*> 必要条件状态{}; | };	否	是	待P3审计	待P3审计	待P3审计	候选：待引用审计
结构_因果需求投影参数	详细设计\因果类用途接口草案20260516.ixx	156	需求节点类* 默认父需求 = nullptr; | bool 只生成候选 = true; | std::uint32_t 最大投影数 = 8; | };	否	是	待P3审计	待P3审计	待P3审计	候选：待引用审计
结构_因果需求投影结果	详细设计\因果类用途接口草案20260516.ixx	162	std::vector<基础信息节点类*> 需求候选信息{}; | std::vector<因果模板节点类*> 来源因果模板{}; | bool 已生成正式需求 = false; | };	否	是	待P3审计	待P3审计	待P3审计	候选：待引用审计
结构_因果审查输入	详细设计\因果类用途接口草案20260516.ixx	168	任务节点类* 来源任务 = nullptr; | 需求节点类* 来源需求 = nullptr; | 方法节点类* 候选方法 = nullptr; | 场景节点类* 输入参数场景 = nullptr; | };	否	是	待P3审计	待P3审计	待P3审计	候选：待引用审计
结构_因果审查结果	详细设计\因果类用途接口草案20260516.ixx	175	bool 允许执行 = false; | bool 触发硬边界 = false; | std::vector<状态节点类*> 预期收益{}; | std::vector<状态节点类*> 预期风险{}; | std::vector<因果模板节点类*> 审查依据{}; | };	否	否	待P3审计	待P3审计	待P3审计	候选：待引用审计
结构_因果验收输入	详细设计\因果类用途接口草案20260516.ixx	183	任务节点类* 来源任务 = nullptr; | 需求节点类* 来源需求 = nullptr; | 方法节点类* 执行动作方法 = nullptr; | 动态节点类* 动作动态 = nullptr; | 场景节点类* 输出结果场景 = nullptr; | };	否	是	待P3审计	待P3审计	待P3审计	候选：待引用审计
结构_因果验收结果	详细设计\因果类用途接口草案20260516.ixx	191	枚举_因果评价结果 评价 = 枚举_因果评价结果::未定义; | bool 满足来源需求 = false; | std::vector<因果模板节点类*> 命中模板{}; | std::vector<状态节点类*> 实际结果状态{}; | std::vector<状态节点类*> 副作用状态{}; | };	否	否	待P3审计	待P3审计	待P3审计	候选：待引用审计
结构_因果实例评价	详细设计\因果类用途接口草案20260516.ixx	199	因果实例节点类* 因果实例 = nullptr; | 枚举_因果评价结果 评价 = 枚举_因果评价结果::未定义; | std::int64_t 置信度增量 = 0; | };	否	否	待P3审计	待P3审计	待P3审计	候选：待引用审计
结构_因果稳定度更新结果	详细设计\因果类用途接口草案20260516.ixx	205	因果模板节点类* 模板 = nullptr; | std::int64_t 成立次数 = 0; | std::int64_t 失败次数 = 0; | std::int64_t 稳定度 = 0; | bool 已更新 = false; | };	否	否	待P3审计	待P3审计	待P3审计	候选：待引用审计
结构_需求树SQL行	需求类.cpp	29	int 行号 = 0; | std::string 节点主键{}; | std::string 父节点主键{}; | int 深度 = 0; | int 同层序号 = 0; | int 直接子数量 = 0; | std::string 路径{}; | std::string 结构角色{}; | ...(+20)	是	否	待P3审计	待P3审计	待P3审计	候选：待引用审计
结构_枚举目标校验结果	需求类.h	31	bool 已检查 = false; | bool 是枚举目标 = false; | bool 合法 = true; | bool 比较符合法 = true; | bool 目标值属于值域 = true; | bool 有合法生产者 = true; | const 语素入口节点类* 目标特征类型 = nullptr; | 枚举_枚举目标生产者分级::未登记; | ...(+2)	是	是	待P3审计	待P3审计	待P3审计	候选：待引用审计
结构_需求树更新指令	需求类.h	44	枚举_需求树更新指令类型 指令类型 = 枚举_需求树更新指令类型::未定义; | std::uintptr_t 父需求指针 = 0; | std::string 父需求主键{}; | std::uintptr_t 目标需求指针 = 0; | std::string 目标需求主键{}; | std::uintptr_t 需求主体指针 = 0; | std::string 需求主体主键{}; | std::uintptr_t 需求场景指针 = 0; | ...(+29)	是	是	待P3审计	待P3审计	待P3审计	候选：待引用审计
结构_子需求平分权重	需求类.h	90	std::int64_t 安全权重 = 0; | std::int64_t 服务权重 = 0; | };	否	否	待P3审计	待P3审计	待P3审计	候选：待引用审计
结构_需求目标视图项	需求类.h	95	节点类* 需求节点 = nullptr; | 可解析引用<存在节点类> 目标主体{}; | const 语素入口节点类* 目标特征类型 = nullptr; | 可解析引用<状态节点类> 当前状态{}; | 可解析引用<状态节点类> 目标状态{}; | 三向关系掩码 方向掩码 = 0; | bool 是否必需 = true; | && (当前状态.有效() || 目标状态.有效()); | ...(+1)	否	是	待P3审计	待P3审计	待P3审计	候选：待引用审计
结构_需求方向签名	需求类.h	120	std::string 目标主体主键{}; | std::string 目标特征类型主键{}; | 三向关系掩码 方向掩码 = 0; | 二次特征主信息类::枚举_方向区间::未定义; | bool 有差值 = false; | I64 差值 = 0; | bool 有标量值 = false; | I64 标量值 = 0; | ...(+3)	是	是	待P3审计	待P3审计	待P3审计	候选：待引用审计
结构_需求派生归因兼容视图	需求类.h	145	const std::string* 派生来源方法主键 = nullptr; | const std::string* 派生来源因果主键 = nullptr; | std::uintptr_t 派生需求类型抽象特征指针 = 0; | std::int64_t 派生需求类型值 = 0; | std::uintptr_t 派生方法需求位抽象特征指针 = 0; | std::int64_t 派生方法需求位值 = 0; | std::uintptr_t 派生本能能力缺口类型抽象特征指针 = 0; | std::int64_t 派生本能能力缺口类型值 = 0; | ...(+8)	是	否	待P3审计	待P3审计	待P3审计	候选：待引用审计
结构_任务初始化上下文	需求类.h	202	节点类* 来源需求 = nullptr; | 可解析引用<存在节点类> 发起存在{}; | 可解析引用<场景节点类> 所属场景{}; | 可解析引用<存在节点类> 作用对象{}; | 可解析引用<状态节点类> 当前状态{}; | 可解析引用<状态节点类> 目标状态{}; | 三向关系掩码 满足关系 = 关系_等于; | const 语素入口节点类* 目标特征类型 = nullptr; | ...(+4)	否	是	待P3审计	待P3审计	待P3审计	候选：待引用审计
结构_需求目标语义视图	需求类.h	261	枚举_需求目标语义::目标特征未解析; | 枚举_逻辑组织需求类型::未定义; | const 语素入口节点类* 目标特征类型 = nullptr; | const char* 语义名称 = "目标特征未解析"; | bool 可进入普通候选方法筹办 = false; | bool 是逻辑组织目标 = false; | bool 是OR组目标 = false; | bool 是结算令牌目标 = false; | ...(+1)	是	是	待P3审计	待P3审计	待P3审计	候选：待引用审计
结构_需求获取途径语义视图	需求类.h	274	枚举_需求获取途径::未定义; | const char* 获取途径名称 = "未定义"; | 枚举_需求目标语义::目标特征未解析; | 枚举_逻辑组织需求类型::未定义; | const 语素入口节点类* 默认目标特征类型 = nullptr; | bool 语义由获取途径确定 = false; | bool 需要目标特征上下文 = false; | bool 可直接构造逻辑组织需求 = false; | ...(+2)	是	是	待P3审计	待P3审计	待P3审计	候选：待引用审计
结构_逻辑组织需求更新输入	需求类.h	289	节点类* 父需求 = nullptr; | std::string 父需求主键{}; | 存在节点类* 需求主体 = nullptr; | std::string 需求主体主键{}; | 场景节点类* 需求场景 = nullptr; | std::string 需求场景主键{}; | 存在节点类* 目标宿主 = nullptr; | std::string 目标宿主主键{}; | ...(+16)	是	是	待P3审计	待P3审计	待P3审计	候选：待引用审计
结构_需求目标键	需求类.h	795	std::string 目标主体主键{}; | std::string 目标特征类型主键{}; | std::string 目标状态主键{}; | 特征值 目标状态值{}; | bool 目标状态值有效 = false; | 三向关系掩码 方向掩码 = 0; | return !目标特征类型主键.empty() && 方向掩码 != 0; | };	是	是	待P3审计	待P3审计	待P3审计	候选：待引用审计
私有_状态转换因果边	因果类.cpp	28	状态节点类* 原因状态 = nullptr; | 状态节点类* 结果状态 = nullptr; | 动态节点类* 动作动态 = nullptr; | 因果模板节点类* 因果模板 = nullptr; | };	是	否	待P3审计	待P3审计	待P3审计	候选：待引用审计
私有_目标投影路径	因果类.cpp	35	基础信息节点类* 目标宿主 = nullptr; | 特征节点类* 目标特征类型 = nullptr; | const 语素入口节点类* 目标特征类型词 = nullptr; | std::vector<std::string> 缺失证据{}; | std::uint32_t 结算贡献层级 = 0; | std::uint32_t 因果距离层级 = 0; | };	是	是	待P3审计	待P3审计	待P3审计	候选：待引用审计
私有_状态转换因果投影	因果类.cpp	44	std::vector<私有_状态转换因果边> 边{}; | std::vector<私有_目标投影路径> 目标投影路径{}; | std::vector<因果模板节点类*> 目标投影来源因果模板{}; | std::vector<std::string> 缺失证据{}; | };	是	否	待P3审计	待P3审计	待P3审计	候选：待引用审计
结构_叶子任务因果投影输入	因果类.h	16	任务节点类* 叶子任务 = nullptr; | 需求节点类* 来源需求 = nullptr; | 基础信息节点类* 目标宿主 = nullptr; | 特征节点类* 目标特征类型 = nullptr; | std::uint32_t 最大深度 = 8; | bool 允许未验证路径 = true; | };	否	是	待P3审计	待P3审计	待P3审计	候选：待引用审计
结构_叶子任务因果投影预判	因果类.h	25	std::size_t 候选投影数量 = 0; | std::vector<std::uint32_t> 结算贡献层级集{}; | std::vector<std::uint32_t> 因果距离层级集{}; | std::vector<std::string> 缺失证据{}; | bool 是否允许形成D0 = false; | };	是	否	待P3审计	待P3审计	待P3审计	候选：待引用审计
结构_自检原子目标因果投影输入	因果类.h	33	任务节点类* 固定来源任务 = nullptr; | 需求节点类* 固定来源需求 = nullptr; | 基础信息节点类* 目标宿主 = nullptr; | 特征节点类* 目标特征类型 = nullptr; | const 语素入口节点类* 目标特征类型词 = nullptr; | std::uint32_t 最大深度 = 8; | bool 允许未验证路径 = true; | };	否	是	待P3审计	待P3审计	待P3审计	候选：待引用审计
结构_自检原子目标因果投影结果	因果类.h	43	std::size_t 候选投影数量 = 0; | std::vector<std::uint32_t> 结算贡献层级集{}; | std::vector<std::uint32_t> 因果距离层级集{}; | std::vector<std::string> 来源因果主键集{}; | std::vector<std::string> 缺失证据{}; | };	是	否	待P3审计	待P3审计	待P3审计	候选：待引用审计
结构_任务节点统计	鱼巢.cpp	621	std::size_t 头结点数 = 0; | std::size_t 步骤节点数 = 0; | };	否	否	待P3审计	待P3审计	待P3审计	候选：待引用审计
私有_自我线程守卫	鱼巢.cpp	1081	bool 已启动 = false; | bool 自检已启动 = false; | 项目运行日志("程序退出/守卫 | 开始停止自检线程"); | 停止自检线程(); | 项目运行日志("程序退出/守卫 | 自检线程已停止"); | 项目运行日志("程序退出/守卫 | 开始停止D455外设线程"); | 停止外设线程_D455深度相机(); | 项目运行日志("程序退出/守卫 | D455外设线程已停止"); | ...(+10)	是	否	待P3审计	待P3审计	待P3审计	候选：待引用审计
结构_控制台自动刷新守卫	鱼巢.cpp	1502	std::atomic_bool 运行{ false }; | std::atomic_bool 启用{ false }; | std::thread 线程{}; | return; | for (int i = 0; i < 100 && 运行.load(); ++i) { | std::this_thread::sleep_for(std::chrono::milliseconds(100)); | break; | 私有_输出控制台刷新摘要("控制台自动刷新"); | ...(+7)	是	否	待P3审计	待P3审计	待P3审计	候选：待引用审计
结构_状态变化跟踪项	鱼巢.cpp	1678	bool 有状态 = false; | std::string 状态主键{}; | std::string 目标宿主主键{}; | std::string 特征类型文本{}; | std::string 特征类型主键{}; | std::string 特征值文本{}; | };	是	是	待P3审计	待P3审计	待P3审计	候选：待引用审计
结构_语素SQL行	语素类.cpp	292	int 行号 = 0; | std::string 节点主键{}; | std::string 父节点主键{}; | int 深度 = 0; | int 同层序号 = 0; | int 直接子数量 = 0; | std::string 路径{}; | std::string 节点类型{}; | ...(+14)	是	否	待P3审计	待P3审计	待P3审计	候选：待引用审计
结构_信息入口定义	语素主信息类.h	17	枚举_信息入口类型 信息入口类型 = 枚举_信息入口类型::未定义; | 枚举_词性 默认人类词性 = 枚举_词性::未定义; | 枚举_主信息类型 主信息类型 = 枚举_主信息类型::未定义; | 枚举_信息存储树 存储树 = 枚举_信息存储树::未定义; | const char* 默认根名 = nullptr; | bool 需要上下文限定 = false; | bool 裸词默认模板入口 = false; | };	是	否	待P3审计	待P3审计	待P3审计	候选：待引用审计
结构_人类词性到信息入口候选	语素主信息类.h	113	枚举_词性 人类词性 = 枚举_词性::未定义; | 枚举_信息入口类型 信息入口类型 = 枚举_信息入口类型::未定义; | int 优先级 = 0; | };	否	否	待P3审计	待P3审计	待P3审计	候选：待引用审计
结构_二次特征方向模板	语言类_二次特征表达.cpp	82	std::vector<std::string> 关键词{}; | std::string 正向结果{}; | std::string 反向结果{}; | std::string 中性结果{}; | bool 是方位关系 = false; | };	是	否	待P3审计	待P3审计	待P3审计	候选：待引用审计
状态创建参数	状态类.h	18	枚举_状态域 状态域 = 枚举_状态域::未定义; | 枚举_存在状态事件 事件 = 枚举_存在状态事件::未定义; | 基础信息节点类* 状态主体 = nullptr; | 特征节点类* 状态特征 = nullptr; | 特征值 状态值{}; | 基础信息节点类* 对应信息节点 = nullptr; | bool 是否变化 = false; | 时间戳 now = 0; | ...(+1)	否	是	待P3审计	待P3审计	待P3审计	候选：待引用审计
结构_最近两次I64状态方向结果	状态类.h	30	bool 可比较 = false; | I64 方向 = 0; | I64 最新值 = 0; | I64 上次值 = 0; | 时间戳 最新时间 = 0; | 时间戳 上次时间 = 0; | };	否	是	待P3审计	待P3审计	待P3审计	候选：待引用审计
结构_状态清理问题快照	状态类.h	39	bool 需要自检报告 = false; | std::uintptr_t 场景指针 = 0; | std::string 场景主键{}; | std::size_t 活动状态数量 = 0; | std::size_t 活动状态上限 = 0; | std::size_t 目标清理数量 = 0; | std::size_t 已清理数量 = 0; | std::size_t 被引用状态数量 = 0; | ...(+3)	是	否	待P3审计	待P3审计	待P3审计	候选：待引用审计
结构_自检基础信息预检结果	自检线程模块.impl.cpp	36	bool 通过 = false; | std::string 摘要{}; | };	是	否	待P3审计	待P3审计	待P3审计	候选：待引用审计
结构_抽象根特征定义_自检	自检线程模块.impl.cpp	567	枚举_自我根特征类型_自检 根特征类型 = 枚举_自我根特征类型_自检::安全; | const 语素入口节点类* 自我特征类型 = nullptr; | 抽象特征节点类* 抽象定义节点 = nullptr; | 抽象特征节点类* 目标状态节点 = nullptr; | 抽象特征节点类* 最低阈值状态节点 = nullptr; | I64区间 目标区间{ 0, -1 }; | I64区间 最低阈值区间{ 0, -1 }; | bool 目标区间有效 = false; | ...(+2)	否	是	待P3审计	待P3审计	待P3审计	候选：待引用审计
结构_自我根特征自检结果_自检	自检线程模块.impl.cpp	579	枚举_自我根特征类型_自检 根特征类型 = 枚举_自我根特征类型_自检::安全; | 结构_抽象根特征定义_自检 定义{}; | 存在节点类* 自我存在 = nullptr; | 特征节点类* 自我特征节点 = nullptr; | I64 当前值 = 0; | bool 当前值已读取 = false; | bool 当前值满足目标 = false; | 枚举_根特征缺口类型_自检 缺口类型 = 枚举_根特征缺口类型_自检::无缺口; | ...(+2)	否	是	待P3审计	待P3审计	待P3审计	候选：待引用审计
结构_方法结构计数	自检线程模块.impl.cpp	1038	I64 条件数 = 0; | I64 结果数 = 0; | };	否	是	待P3审计	待P3审计	待P3审计	候选：待引用审计
结构_条件结果对自检统计	自检线程模块.impl.cpp	1043	I64 数量 = 0; | I64 命中次数总和 = 0; | I64 最大命中次数 = 0; | };	否	是	待P3审计	待P3审计	待P3审计	候选：待引用审计
服务字段绑定结果	自我动作实现.服务模块.ixx	22	bool 成功 = false; | 特征节点类* 字段特征 = nullptr; | const 语素入口节点类* 失败原因 = nullptr; | };	是	是	待P3审计	待P3审计	待P3审计	候选：待引用审计
服务字段动作结果	自我动作实现.服务模块.ixx	1612	bool 成功 = false; | 任务类::节点类* 任务节点 = nullptr; | 存在节点类* 任务虚拟存在 = nullptr; | const 语素入口节点类* 字段类型 = nullptr; | 特征节点类* 字段特征 = nullptr; | const void* 指针值 = nullptr; | I64 I64值 = 0; | 枚举_服务字段值类型 值类型 = 枚举_服务字段值类型::指针; | ...(+2)	是	是	待P3审计	待P3审计	待P3审计	候选：待引用审计
服务方法声明装配结果	自我动作实现.服务模块.ixx	1783	bool 成功 = false; | std::size_t 已扫描声明根数 = 0; | std::size_t 已扫描字段数 = 0; | std::size_t 已挂载字段数 = 0; | std::size_t 写入失败字段数 = 0; | const 语素入口节点类* 失败原因 = nullptr; | };	是	是	待P3审计	待P3审计	待P3审计	候选：待引用审计
服务字段检查结果	自我动作实现.服务模块.ixx	1792	bool 任务存在 = false; | bool 任务虚拟存在存在 = false; | bool 字段已挂载 = false; | bool 字段有当前值 = false; | 特征节点类* 字段特征 = nullptr; | const 语素入口节点类* 失败原因 = nullptr; | };	是	是	待P3审计	待P3审计	待P3审计	候选：待引用审计
服务状态读取结果	自我动作实现.服务模块.ixx	2067	bool 成功 = false; | 基础信息节点类* 目标宿主 = nullptr; | const 语素入口节点类* 目标特征类型 = nullptr; | 特征节点类* 目标特征 = nullptr; | 特征值 状态值{}; | const 语素入口节点类* 失败原因 = nullptr; | };	是	是	待P3审计	待P3审计	待P3审计	候选：待引用审计
服务前后状态比较结果	自我动作实现.服务模块.ixx	2076	bool 可比较 = false; | bool 发生变化 = false; | bool 相同 = false; | 特征值 服务前值{}; | 特征值 服务后值{}; | };	否	是	待P3审计	待P3审计	待P3审计	候选：待引用审计
服务D0校验结果	自我动作实现.服务模块.ixx	2272	bool 基础合法 = false; | bool D0存在 = false; | bool D0主信息存在 = false; | bool 动作主体存在 = false; | bool 动作主体为自我 = false; | bool 承受主体存在 = false; | bool 来源动作存在 = false; | bool 方法运行存在 = false; | ...(+18)	否	是	待P3审计	待P3审计	待P3审计	候选：待引用审计
服务硬门槛汇总	自我动作实现.服务模块.ixx	2590	bool 有不成立 = false; | bool 有待确认 = false; | bool 全部成立 = false; | std::size_t 已读取数量 = 0; | std::size_t 成立数量 = 0; | std::size_t 待确认数量 = 0; | std::size_t 不成立数量 = 0; | };	否	否	待P3审计	待P3审计	待P3审计	候选：待引用审计
服务G0治理视图结果	自我动作实现.服务模块.ixx	2600	bool 成功 = false; | 存在节点类* 治理视图 = nullptr; | const 语素入口节点类* 失败原因 = nullptr; | };	是	是	待P3审计	待P3审计	待P3审计	候选：待引用审计
服务三评分	自我动作实现.服务模块.ixx	2848	I64 完成度 = 0; | I64 有效性 = 0; | I64 证据强度 = 0; | I64 基础分 = 0; | };	否	是	待P3审计	待P3审计	待P3审计	候选：待引用审计
服务G0候选组装输入	自我动作实现.服务模块.ixx	3082	任务类::节点类* 任务节点 = nullptr; | 存在节点类* 方法运行存在 = nullptr; | 动态节点类* D0 = nullptr; | 动态节点类* D1 = nullptr; | bool 写入评分 = false; | 服务三评分 评分{}; | 枚举_服务硬门槛状态 安全通过 = 枚举_服务硬门槛状态::待确认; | 枚举_服务硬门槛状态 改善结果可验证 = 枚举_服务硬门槛状态::待确认; | ...(+5)	否	是	待P3审计	待P3审计	待P3审计	候选：待引用审计
服务G0候选组装结果	自我动作实现.服务模块.ixx	3097	bool 成功 = false; | 存在节点类* G0治理视图 = nullptr; | 服务D0校验结果 D0校验{}; | 服务硬门槛汇总 硬门槛{}; | 服务三评分 评分{}; | 枚举_成功服务候选状态 候选状态 = 枚举_成功服务候选状态::未形成; | 枚举_成功服务层级 层级 = 枚举_成功服务层级::L0; | const 语素入口节点类* 失败原因 = nullptr; | ...(+1)	是	是	待P3审计	待P3审计	待P3审计	候选：待引用审计
服务候选池结果	自我动作实现.服务模块.ixx	3297	bool 成功 = false; | 存在节点类* 候选池 = nullptr; | const 语素入口节点类* 失败原因 = nullptr; | };	是	是	待P3审计	待P3审计	待P3审计	候选：待引用审计
服务候选记录结果	自我动作实现.服务模块.ixx	3303	bool 成功 = false; | 存在节点类* 候选记录 = nullptr; | const 语素入口节点类* 失败原因 = nullptr; | };	是	是	待P3审计	待P3审计	待P3审计	候选：待引用审计
服务候选复核结果	自我动作实现.服务模块.ixx	3515	bool 成功 = false; | 存在节点类* 候选记录 = nullptr; | 存在节点类* G0治理视图 = nullptr; | 枚举_候选复核结果 复核结果 = 枚举_候选复核结果::未定义; | 枚举_成功服务候选状态 候选状态 = 枚举_成功服务候选状态::未形成; | bool 可结算 = false; | const 语素入口节点类* 失败原因 = nullptr; | };	是	是	待P3审计	待P3审计	待P3审计	候选：待引用审计
服务值结算计算输入	自我动作实现.服务模块.ixx	3669	存在节点类* G0治理视图 = nullptr; | 存在节点类* 候选记录 = nullptr; | I64 当前服务值 = 0; | I64 服务值上限 = 0; | I64 标准服务单位 = 0; | I64 非重复系数 = 服务评分_满分; | I64 安全调节 = 服务评分_满分; | I64 单次lambda上限 = 服务评分_满分; | ...(+1)	否	是	待P3审计	待P3审计	待P3审计	候选：待引用审计
服务值结算计算结果	自我动作实现.服务模块.ixx	3680	bool 可结算 = false; | I64 lambda候选 = 0; | I64 lambda使用 = 0; | I64 结算前服务值 = 0; | I64 服务值入账增量 = 0; | I64 结算后服务值 = 0; | const 语素入口节点类* 失败原因 = nullptr; | };	是	是	待P3审计	待P3审计	待P3审计	候选：待引用审计
子任务服务摘要输入	自我动作实现.服务模块.ixx	3894	任务类::节点类* 父任务 = nullptr; | 任务类::节点类* 子任务 = nullptr; | 存在节点类* G0治理视图 = nullptr; | 动态节点类* D0 = nullptr; | 动态节点类* D1 = nullptr; | bool 是否必需 = true; | bool 已达成 = false; | 枚举_成功服务候选状态 候选状态 = 枚举_成功服务候选状态::未形成; | ...(+2)	否	是	待P3审计	待P3审计	待P3审计	候选：待引用审计
父任务组合汇总输入	自我动作实现.服务模块.ixx	3906	任务类::节点类* 父任务 = nullptr; | I64 必需子任务数 = 0; | I64 满足子任务数 = 0; | I64 待确认子任务数 = 0; | I64 失败子任务数 = 0; | bool 组合输出一致 = false; | };	否	是	待P3审计	待P3审计	待P3审计	候选：待引用审计
子任务服务摘要结果	自我动作实现.服务模块.ixx	3915	bool 成功 = false; | 存在节点类* 摘要存在 = nullptr; | const 语素入口节点类* 失败原因 = nullptr; | };	是	是	待P3审计	待P3审计	待P3审计	候选：待引用审计
OR胜出路径记录输入	自我动作实现.服务模块.ixx	3997	任务类::节点类* 父任务 = nullptr; | 任务类::节点类* 胜出子任务 = nullptr; | 存在节点类* 胜出G0 = nullptr; | 存在节点类* 胜出摘要 = nullptr; | I64 未选路径数 = 0; | bool 组合输出一致 = false; | };	是	是	待P3审计	待P3审计	待P3审计	候选：待引用审计
内部本能函数集	自我动作实现.内部模块.ixx	19	本能动作函数 练习 = nullptr; | 本能动作函数 尝试学习 = nullptr; | 本能动作函数 定向学习 = nullptr; | 本能动作函数 提交方法可执行入口 = nullptr; | 本能动作函数 建立条件结果对 = nullptr; | 本能动作函数 提交方法状态变化 = nullptr; | 本能动作函数 结算叶子任务价值 = nullptr; | 本能动作函数 建立观察帧存在 = nullptr; | ...(+67)	是	是	待P3审计	待P3审计	待P3审计	候选：待引用审计
结构_任务状态被动提交请求	自我动作实现.内部模块.ixx	96	方法类::节点类* 提交方法首节点 = nullptr; | 任务类::节点类* 任务 = nullptr; | bool 写入任务状态 = true; | 枚举_任务状态 建议任务状态 = 枚举_任务状态::未定义; | bool 写入任务阶段 = false; | 枚举_任务阶段 建议任务阶段 = 枚举_任务阶段::未定义; | 场景节点类* 输入参数场景 = nullptr; | 场景节点类* 输出结果场景 = nullptr; | ...(+2)	否	是	待P3审计	待P3审计	待P3审计	候选：待引用审计
结构_任务状态被动提交结果	自我动作实现.内部模块.ixx	108	bool 已处理 = false; | bool 已提交 = false; | 枚举_任务状态 原任务状态 = 枚举_任务状态::未定义; | 枚举_任务状态 新任务状态 = 枚举_任务状态::未定义; | 枚举_任务阶段 原任务阶段 = 枚举_任务阶段::未定义; | 枚举_任务阶段 新任务阶段 = 枚举_任务阶段::未定义; | 动态节点类* 任务状态动作动态 = nullptr; | const 语素入口节点类* 失败原因 = nullptr; | ...(+1)	是	是	待P3审计	待P3审计	待P3审计	候选：待引用审计
结构_扫描判断结果	自我动作实现.扫描.ixx	229	枚举_扫描判断状态 状态 = 枚举_扫描判断状态::未定义; | I64 分值 = 0; | const char* 原因 = ""; | };	是	是	待P3审计	待P3审计	待P3审计	候选：待引用审计
结构_外设特征材料	自我动作实现.扫描.ixx	235	枚举_外设特征类型ID 特征类型 = 枚举_外设特征类型ID::未指定; | 枚举_外设特征值形态 值形态 = 枚举_外设特征值形态::未指定; | I64 当前I64值 = 0; | double 当前F64值 = 0.0; | std::string 当前文本值{}; | std::string 特征值generation{}; | std::vector<std::string> 来源材料句柄{}; | bool 可回查 = false; | ...(+2)	是	是	待P3审计	待P3审计	待P3审计	候选：待引用审计
结构_已合法外设数据项	自我动作实现.扫描.ixx	247	std::uint64_t 数据项ID = 0; | std::uint64_t 来源报告ID = 0; | std::uint64_t 来源帧ID = 0; | std::string 来源外设ID{}; | std::string 来源观察存在ID{}; | std::string 可能归属存在ID{}; | std::uint64_t 约束ID = 0; | std::string 约束generation{}; | ...(+24)	是	是	待P3审计	待P3审计	待P3审计	候选：待引用审计
结构_扫描关注集合	自我动作实现.扫描.ixx	281	std::vector<存在节点类*> 应覆盖存在集合{}; | std::vector<存在节点类*> 可忽略存在集合{}; | std::vector<存在节点类*> 需补条件存在集合{}; | };	否	是	待P3审计	待P3审计	待P3审计	候选：待引用审计
结构_扫描对应结果	自我动作实现.扫描.ixx	287	存在节点类* 目标存在 = nullptr; | 枚举_扫描判断状态 状态 = 枚举_扫描判断状态::未定义; | I64 候选数量 = 0; | I64 空间位置误差值 = 0; | };	否	是	待P3审计	待P3审计	待P3审计	候选：待引用审计
结构_扫描写入结果	自我动作实现.扫描.ixx	294	bool 写入成功 = false; | bool 旧值可读 = false; | bool 首次建立基准 = false; | bool 状态变化成立 = false; | I64 空间位置变化量 = 0; | 动态节点类* 状态变化动态 = nullptr; | 因果模板节点类* 主动因果信息 = nullptr; | bool 主动因果信息已生成 = false; | ...(+1)	否	是	待P3审计	待P3审计	待P3审计	候选：待引用审计
结构_扫描子特征状态项	自我动作实现.扫描.ixx	305	const 语素入口节点类* 特征类型 = nullptr; | I64 初始值 = 0; | I64 结果值 = 0; | };	否	是	待P3审计	待P3审计	待P3审计	候选：待引用审计
结构_扫描子特征动作动态统计	自我动作实现.扫描.ixx	311	I64 动态数量 = 0; | I64 因果数量 = 0; | };	否	是	待P3审计	待P3审计	待P3审计	候选：待引用审计
结构_扫描特征绑定	自我动作实现.扫描.ixx	316	枚举_扫描特征绑定ID ID = 枚举_扫描特征绑定ID::运行ID; | const char* 名称 = ""; | };	是	否	待P3审计	待P3审计	待P3审计	候选：待引用审计
结构_扫描存在类型绑定	自我动作实现.扫描.ixx	321	枚举_扫描存在类型绑定ID ID = 枚举_扫描存在类型绑定ID::扫描方法运行虚拟存在; | const char* 名称 = ""; | };	是	否	待P3审计	待P3审计	待P3审计	候选：待引用审计
结构_安全评估证据视图	自我动作实现.外设模块.ixx	427	bool 自我关键特征观察明确 = false; | bool 场景存在集合明确 = false; | bool 安全因果候选明确 = false; | I64 不足原因 = 0; | };	是	是	待P3审计	待P3审计	待P3审计	候选：待引用审计
结构_存在风险评估结果	自我动作实现.外设模块.ixx	434	存在节点类* 存在 = nullptr; | bool 评估明确 = false; | I64 风险安全值候选 = 0; | I64 存在安全度候选 = 场景绝对安全值; | I64 历史值 = 0; | I64 历史直接伤害次数 = 0; | I64 最近直接伤害时间 = 0; | I64 无伤害共处时长 = 0; | ...(+4)	是	是	待P3审计	待P3审计	待P3审计	候选：待引用审计
结构_安全因果因素证据搜索结果	自我动作实现.外设模块.ixx	523	基础信息节点类* 目标安全因果信息 = nullptr; | I64 证据方向 = 安全因果证据方向_未定义; | I64 搜索状态 = 安全因果因素搜索状态_未执行; | I64 搜索范围完整状态 = 安全因果因素范围完整状态_未明确; | I64 负向证据数量 = 0; | I64 正向证据数量 = 0; | I64 稳定性证据数量 = 0; | I64 归因证据数量 = 0; | ...(+6)	否	是	待P3审计	待P3审计	待P3审计	候选：待引用审计
结构_存在轮廓比较接入结果	自我动作实现.外设模块.ixx	7814	I64 比较特征数量 = 0; | I64 可比较特征数量 = 0; | I64 不可比较特征数量 = 0; | I64 二次特征写入数量 = 0; | I64 最大轮廓变化量 = 0; | I64 平面轮廓匹配评分 = 0; | I64 空间极值轮廓匹配评分 = 0; | };	否	是	待P3审计	待P3审计	待P3审计	候选：待引用审计
结构_本能方法自身环境	自我动作实现.外设模块.ixx	9509	方法类::节点类* 方法首节点 = nullptr; | 方法类::节点类* 方法条件节点 = nullptr; | 存在节点类* 方法虚拟存在 = nullptr; | 存在节点类* 本轮运行虚拟存在 = nullptr; | 场景节点类* 条件场景 = nullptr; | 场景节点类* 结果场景 = nullptr; | bool 方法头已就绪 = false; | bool 方法条件节点已就绪 = false; | ...(+8)	是	是	待P3审计	待P3审计	待P3审计	候选：待引用审计
结构_双目相机调用结果	自我动作实现.外设模块.ixx	9811	bool 成功 = false; | bool 相机已打开 = false; | const 语素入口节点类* 失败原因 = nullptr; | std::string 消息{}; | int 宽度 = 0; | int 高度 = 0; | std::uint32_t 深度帧号 = 0; | std::uint32_t 彩色帧号 = 0; | ...(+107)	是	是	待P3审计	待P3审计	待P3审计	候选：待引用审计
结构_空间候选独立性判断结果	自我动作实现.外设模块.ixx	10200	I64 判断状态 = 0; | I64 相对独立数量 = 0; | I64 不独立数量 = 0; | I64 待拆分数量 = 0; | I64 待合并数量 = 0; | I64 不确定数量 = 0; | I64 主候选状态 = 空间候选独立状态_不确定; | I64 主候选分离度评分 = 0; | ...(+1)	否	是	待P3审计	待P3审计	待P3审计	候选：待引用审计
结构_空间候选观察队列项	自我动作实现.外设模块.ixx	10211	I64 排序位次 = 0; | I64 候选编号 = 0; | I64 优先级评分 = 0; | I64 相对独立状态 = 空间候选独立状态_不确定; | I64 中心接近评分 = 0; | I64 范围大小评分 = 0; | };	否	是	待P3审计	待P3审计	待P3审计	候选：待引用审计
结构_空间候选观察队列结果	自我动作实现.外设模块.ixx	10220	I64 队列状态 = 0; | I64 候选数量 = 0; | std::vector<结构_空间候选观察队列项> 队列{}; | };	否	是	待P3审计	待P3审计	待P3审计	候选：待引用审计
结构_观察存在假设结果	自我动作实现.外设模块.ixx	10226	I64 假设状态 = 观察存在假设状态_未生成; | I64 来源候选编号 = -1; | I64 来源队列位次 = -1; | I64 相对独立状态 = 空间候选独立状态_不确定; | I64 验证状态 = 0; | I64 候选像素掩码状态 = 0; | I64 投影轮廓状态 = 0; | I64 距离 = 0; | ...(+9)	是	是	待P3审计	待P3审计	待P3审计	候选：待引用审计
结构_像素归属验证结果	自我动作实现.外设模块.ixx	10245	I64 结果状态 = 像素归属验证状态_未生成; | I64 来源候选编号 = -1; | I64 空间覆盖像素数 = 0; | I64 空间匹配像素数 = 0; | I64 空间冲突像素数 = 0; | I64 轮廓支持像素数 = 0; | I64 轮廓冲突像素数 = 0; | I64 深度一致率 = 0; | ...(+7)	否	是	待P3审计	待P3审计	待P3审计	候选：待引用审计
结构_观察存在确认结果	自我动作实现.外设模块.ixx	10262	I64 确认状态 = 观察存在确认状态_未确认; | I64 来源候选编号 = -1; | I64 已验证观察存在数量 = 0; | I64 像素归属更新 = 0; | I64 未解释区域更新 = 0; | I64 帧解释状态 = 帧解释状态_未生成; | I64 空间连续性评分 = 0; | I64 范围稳定性评分 = 0; | ...(+5)	否	是	待P3审计	待P3审计	待P3审计	候选：待引用审计
结构_已验证观察存在项	自我动作实现.外设模块.ixx	10277	结构_观察存在假设结果 假设{}; | 结构_像素归属验证结果 验证{}; | };	否	否	待P3审计	待P3审计	待P3审计	候选：待引用审计
结构_外设观察存在确认方案项	自我动作实现.外设模块.ixx	10282	I64 方案类型 = 外设观察存在候选确认方案_无; | I64 来源候选簇ID = 0; | I64 来源空间候选编号 = -1; | I64 允许提交状态 = 0; | I64 匹配分数 = 0; | I64 轮廓匹配分数 = 0; | I64 轮廓残差 = 0; | I64 同一性证据帧数 = 0; | ...(+8)	是	是	待P3审计	待P3审计	待P3审计	候选：待引用审计
结构_外设观察存在确认方案	自我动作实现.外设模块.ixx	10300	I64 确认状态 = 外设观察存在候选确认状态_未确认; | I64 方案取得状态 = 0; | I64 报告ID = 0; | I64 当前帧ID = 0; | I64 候选簇数量 = 0; | I64 新建数量 = 0; | I64 合并数量 = 0; | I64 冲突数量 = 0; | ...(+4)	否	是	待P3审计	待P3审计	待P3审计	候选：待引用审计
结构_当前帧轮廓分区项	自我动作实现.外设模块.ixx	10314	存在节点类* 已确认观察存在 = nullptr; | I64 序号 = 0; | I64 预测最小X = 0; | I64 预测最大X = 0; | I64 预测最小Y = 0; | I64 预测最大Y = 0; | I64 匹配簇ID = 0; | I64 匹配分数 = 0; | ...(+9)	否	是	待P3审计	待P3审计	待P3审计	候选：待引用审计
结构_当前帧轮廓分区结果	自我动作实现.外设模块.ixx	10333	I64 分区状态 = 当前帧轮廓分区状态_未生成; | I64 报告ID = 0; | I64 当前帧ID = 0; | I64 已确认存在数量 = 0; | I64 已知扫描区数量 = 0; | I64 新识别区数量 = 0; | I64 冲突区数量 = 0; | I64 待重识别区数量 = 0; | ...(+3)	否	是	待P3审计	待P3审计	待P3审计	候选：待引用审计
结构_指定存在跟踪正式结果	自我动作实现.外设模块.ixx	10346	I64 预测最小X = 0; | I64 预测最大X = 0; | I64 预测最小Y = 0; | I64 预测最大Y = 0; | I64 预测区间状态 = 跟踪预测区间状态_未建立; | I64 预测误差状态 = 跟踪预测误差状态_未生成; | I64 预测误差值 = 0; | I64 区间迁移状态 = 跟踪区间迁移状态_未生成; | ...(+4)	否	是	待P3审计	待P3审计	待P3审计	候选：待引用审计
结构_当前场景特征值材料门项	自我动作实现.外设模块.ixx	10360	存在节点类* 已确认观察存在 = nullptr; | I64 序号 = 0; | I64 状态 = 当前场景特征值可读状态_证据不足; | I64 可读特征类型掩码 = 0; | I64 缺失原因掩码 = 当前场景特征值缺失原因_无; | I64 过期原因掩码 = 当前场景特征值过期原因_无; | I64 冲突原因掩码 = 当前场景特征值冲突原因_无; | I64 来源报告ID = 0; | ...(+10)	是	是	待P3审计	待P3审计	待P3审计	候选：待引用审计
结构_当前场景特征值材料门结果	自我动作实现.外设模块.ixx	10380	I64 版本 = 当前场景特征值材料门版本_v1; | I64 状态 = 当前场景特征值可读状态_证据不足; | I64 当前场景存在数量 = 0; | I64 可读存在数量 = 0; | I64 部分可读存在数量 = 0; | I64 证据不足存在数量 = 0; | I64 材料缺失存在数量 = 0; | I64 材料过期存在数量 = 0; | ...(+7)	是	是	待P3审计	待P3审计	待P3审计	候选：待引用审计
结构_安全因果候选条目	自我动作实现.外设模块.ixx	10397	I64 序号 = 0; | 存在节点类* 候选存在 = nullptr; | const 语素入口节点类* 特征类型 = nullptr; | I64 当前特征值读取状态 = 安全因果候选当前特征值状态_缺失; | I64 当前特征值 = 0; | I64 前一特征值 = 0; | I64 前一特征值缺口状态 = 1; | I64 变化方向 = 风险安全场景影响变化方向_初始入账; | ...(+7)	否	是	待P3审计	待P3审计	待P3审计	候选：待引用审计
结构_安全因果候选构造结果	自我动作实现.外设模块.ixx	10414	I64 构造状态 = 安全明确状态_未明确; | I64 候选数量 = 0; | I64 低置信数量 = 0; | I64 归因置信度 = 0; | I64 缺当前特征值数量 = 0; | I64 搜索未完成数量 = 0; | I64 候选明细写入数量 = 0; | const 语素入口节点类* 首个缺失特征 = nullptr; | ...(+2)	否	是	待P3审计	待P3审计	待P3审计	候选：待引用审计
结构_全帧像素归属账本结果	自我动作实现.外设模块.ixx	10426	I64 账本状态 = 全帧像素归属账状态_未生成; | I64 已验证观察存在数量 = 0; | I64 预期像素数量 = 0; | I64 已归属像素数 = 0; | I64 未解释像素数 = 0; | I64 归属冲突像素数 = 0; | I64 像素归属率 = 0; | };	否	是	待P3审计	待P3审计	待P3审计	候选：待引用审计
结构_分区簇三维体素查找结果	自我动作实现.外设模块.ixx	11448	I64 簇ID = 0; | std::vector<结构_世界树场景轮廓存在比较结果> 比较集合{}; | };	否	是	待P3审计	待P3审计	待P3审计	候选：待引用审计
结构_外设观察存在多帧派生状态	自我动作实现.外设模块.ixx	12843	I64 稳定复现状态 = 外设观察存在稳定复现状态_待复现; | I64 观察完成状态 = 外设观察存在观察完成状态_未完成; | I64 可复验状态 = 外设观察存在可复验状态_待复验; | };	否	是	待P3审计	待P3审计	待P3审计	候选：待引用审计
结构_内部世界上下文	自我动作实现.外设模块.ixx	13904	存在节点类* 目标存在 = nullptr; | 场景节点类* 外部场景 = nullptr; | 场景节点类* 内部世界 = nullptr; | 存在节点类* 内外接口 = nullptr; | 存在节点类* 局部切片 = nullptr; | 存在节点类* 子候选 = nullptr; | 存在节点类* 子存在 = nullptr; | I64 外设观察报告ID = 0; | ...(+26)	是	是	待P3审计	待P3审计	待P3审计	候选：待引用审计
结构_目标特征当前值约束快照	自我动作实现.外设模块.ixx	14468	bool 已读取 = false; | 枚举_目标特征当前值类型 值类型 = 枚举_目标特征当前值类型::未指定; | I64 I64值 = 0; | std::string 句柄{}; | std::string generation{}; | };	是	是	待P3审计	待P3审计	待P3审计	候选：待引用审计
结构_内部世界子存在确认方案	自我动作实现.外设模块.ixx	14810	I64 确认状态 = 内部世界子存在候选确认状态_未确认; | I64 方案取得状态 = 0; | I64 方案类型 = 内部世界子存在确认方案_无; | I64 允许提交状态 = 0; | I64 新建数量 = 0; | I64 证据不足数量 = 0; | I64 可提交数量 = 0; | I64 证据不足原因 = 0; | ...(+1)	是	是	待P3审计	待P3审计	待P3审计	候选：待引用审计
结构_观察存在摘要	自我动作实现.外设模块.ixx	14904	存在节点类* 存在 = nullptr; | I64 来源候选编号 = 0; | I64 中心X = 0; | I64 中心Y = 0; | I64 中心Z = 0; | I64 最小X = 0; | I64 最大X = 0; | I64 最小Y = 0; | ...(+12)	否	是	待P3审计	待P3审计	待P3审计	候选：待引用审计
结构_观察变化上下文	自我动作实现.外设模块.ixx	14926	基础信息节点类* 宿主 = nullptr; | 存在节点类* 当前存在 = nullptr; | 存在节点类* 历史存在 = nullptr; | 存在节点类* 匹配关系 = nullptr; | 存在节点类* 变化结果 = nullptr; | 存在节点类* 变化事件 = nullptr; | I64 历史对应状态 = 历史对应状态_未匹配; | I64 中心坐标差 = 0; | ...(+20)	否	是	待P3审计	待P3审计	待P3审计	候选：待引用审计
结构_场景复现上下文	自我动作实现.外设模块.ixx	15443	基础信息节点类* 宿主 = nullptr; | 存在节点类* 场景识别快照 = nullptr; | 存在节点类* OpenGL复现数据 = nullptr; | I64 当前观察帧 = 0; | I64 帧宽度 = 0; | I64 帧高度 = 0; | I64 深度帧号 = 0; | I64 彩色帧号 = 0; | ...(+108)	是	是	待P3审计	待P3审计	待P3审计	候选：待引用审计
结构_已提交观察事实项	自我动作实现.外设模块.ixx	23501	存在节点类* 观察存在 = nullptr; | I64 报告ID = 0; | I64 簇ID = 0; | I64 中心X = 0; | I64 中心Y = 0; | I64 中心Z = 0; | I64 坐标置信度 = 0; | };	否	是	待P3审计	待P3审计	待P3审计	候选：待引用审计
结构_稳定子集扫描目标上下文桥结果	自我动作实现.外设模块.ixx	24351	I64 方案项数量 = 0; | I64 允许提交数量 = 0; | I64 冲突数量 = 0; | I64 证据不足数量 = 0; | I64 正式目标存在数量 = 0; | I64 新建数量 = 0; | I64 合并数量 = 0; | I64 映射写入数量 = 0; | ...(+10)	是	是	待P3审计	待P3审计	待P3审计	候选：待引用审计
结构_方法条件结果节点	自我动作实现模块.ixx	3321	方法类::节点类* 条件节点 = nullptr; | 方法类::节点类* 结果节点 = nullptr; | };	否	是	待P3审计	待P3审计	待P3审计	候选：待引用审计
结构_方法条件结果对样本	自我动作实现模块.ixx	3326	方法类::节点类* 来源方法 = nullptr; | 任务节点类* 来源任务 = nullptr; | 场景节点类* 执行前条件场景 = nullptr; | 场景节点类* 执行后实际结果场景 = nullptr; | 时间戳 执行结束时间 = 0; | };	否	是	待P3审计	待P3审计	待P3审计	候选：待引用审计
结构_结果复现判定	自我动作实现模块.ixx	3334	bool 可比较 = false; | bool 复现 = false; | };	否	否	待P3审计	待P3审计	待P3审计	候选：待引用审计
结构_结果节点复现判定	自我动作实现模块.ixx	3339	方法类::节点类* 节点 = nullptr; | bool 可比较 = false; | bool 复现 = false; | };	否	是	待P3审计	待P3审计	待P3审计	候选：待引用审计
结构_本能方法自身环境	自我动作实现模块.ixx	4403	方法类::节点类* 方法首节点 = nullptr; | 方法类::节点类* 方法条件节点 = nullptr; | 存在节点类* 方法虚拟存在 = nullptr; | 存在节点类* 本轮运行虚拟存在 = nullptr; | 场景节点类* 条件场景 = nullptr; | 场景节点类* 结果场景 = nullptr; | bool 方法头已就绪 = false; | bool 方法条件节点已就绪 = false; | ...(+8)	是	是	待P3审计	待P3审计	待P3审计	候选：待引用审计
结构_查找限制	自我动作实现模块.ixx	4727	基础信息节点类* 最高允许目标特征类型 = nullptr; | const 语素入口节点类* 最高允许目标特征类型词 = nullptr; | 基础信息节点类* 最高允许宿主类型 = nullptr; | const 语素入口节点类* 最高允许宿主类型词 = nullptr; | const 语素入口节点类* 允许值类型 = nullptr; | bool 有允许执行差值区间 = true; | I64 允许执行差值下界 = (std::numeric_limits<I64>::min)(); | I64 允许执行差值上界 = (std::numeric_limits<I64>::max)(); | ...(+7)	否	是	待P3审计	待P3审计	待P3审计	候选：待引用审计
结构_条件项视图	自我动作实现模块.ixx	4744	const 语素入口节点类* 条件特征类型 = nullptr; | bool 有I64点值 = false; | I64 I64点值 = 0; | bool 有I64区间 = false; | I64 区间下界 = 0; | I64 区间上界 = 0; | 基础信息节点类* 抽象特征引用 = nullptr; | 基础信息节点类* 存在引用 = nullptr; | ...(+5)	否	是	待P3审计	待P3审计	待P3审计	候选：待引用审计
结构_类型匹配结果	自我动作实现模块.ixx	4759	bool 成功 = false; | I64 抽象距离 = 0; | const 语素入口节点类* 失败原因 = nullptr; | std::vector<基础信息节点类*> 路径{}; | };	是	是	待P3审计	待P3审计	待P3审计	候选：待引用审计
结构_方法条件节点匹配结果	自我动作实现模块.ixx	5049	方法类::节点类* 条件节点 = nullptr; | 场景节点类* 条件场景 = nullptr; | 特征节点类* 条件集合 = nullptr; | I64 条件槽数量 = 0; | I64 必需条件数量 = 0; | I64 已匹配必需条件数量 = 0; | const 语素入口节点类* 失败原因 = nullptr; | const 语素入口节点类* 失败条件特征类型 = nullptr; | ...(+5)	是	是	待P3审计	待P3审计	待P3审计	候选：待引用审计
结构_方法条件绑定结果	自我动作实现模块.ixx	5261	bool 匹配成功 = false; | bool 参数完整 = false; | 方法类::节点类* 条件节点 = nullptr; | 方法类::节点类* 结果节点 = nullptr; | 场景节点类* 输入参数场景 = nullptr; | 基础信息节点类* 输入包 = nullptr; | 方法类::节点类* 目标方法头节点 = nullptr; | 基础信息节点类* 来源因果信息 = nullptr; | ...(+10)	是	是	待P3审计	待P3审计	待P3审计	候选：待引用审计
结构_方法域I64提交结果	自我动作实现模块.ixx	9454	bool 成功 = false; | I64 旧值 = 0; | I64 新值 = 0; | 状态节点类* 实际状态 = nullptr; | 动态节点类* 动态 = nullptr; | const 语素入口节点类* 失败原因 = nullptr; | };	是	是	待P3审计	待P3审计	待P3审计	候选：待引用审计
结构_条件结果对提交结果	自我动作实现模块.ixx	9463	bool 成功 = false; | 结构_方法条件结果节点 节点{}; | 动态节点类* 动态 = nullptr; | const 语素入口节点类* 失败原因 = nullptr; | };	是	是	待P3审计	待P3审计	待P3审计	候选：待引用审计
结构_任务状态动作动态输出结果	自我动作实现模块.ixx	11262	动态节点类* 动态 = nullptr; | 枚举_任务状态动作动态失败原因::无; | };	是	否	待P3审计	待P3审计	待P3审计	候选：待引用审计
结构_方法自检补全结果	自我类.初始化.cpp	383	存在节点类* 方法虚拟存在 = nullptr; | 特征节点类* 方法自检结果 = nullptr; | 特征节点类* 方法补齐问题 = nullptr; | 特征节点类* 方法能力包 = nullptr; | 特征节点类* 形参包 = nullptr; | 特征节点类* 结果包 = nullptr; | 特征节点类* 条件结果对 = nullptr; | 特征节点类* 试运行限制包 = nullptr; | ...(+5)	否	是	待P3审计	待P3审计	待P3审计	候选：待引用审计
结构_执行前方法自检结果	自我类.初始化.cpp	582	存在节点类* 方法虚拟存在 = nullptr; | 特征节点类* 方法自检结果 = nullptr; | 特征节点类* 方法补齐问题 = nullptr; | I64 自我能力值 = 0; | bool 有执行入口 = false; | bool 有自我能力值 = false; | bool 有方法能力包 = false; | bool 有形参包 = false; | ...(+6)	否	是	待P3审计	待P3审计	待P3审计	候选：待引用审计
结构_自我初始化步骤记录	自我类.ixx	33	枚举_自我初始化阶段 阶段 = 枚举_自我初始化阶段::未定义; | std::string 名称{}; | bool 成功 = false; | };	是	否	待P3审计	待P3审计	待P3审计	候选：待引用审计
结构_自我初始化结果	自我类.ixx	39	bool 数据层已初始化 = false; | bool 语素层已就绪 = false; | bool 概念层已就绪 = false; | bool 当前活动自我已就绪 = false; | bool 自我存在已就绪 = false; | bool 自我现实场景已就绪 = false; | bool 自我内部世界已就绪 = false; | bool 自我锚点已初始化 = false; | ...(+22)	是	否	待P3审计	待P3审计	待P3审计	候选：待引用审计
结构_根任务权重	自我类.ixx	101	std::int64_t 安全 = 10000; | std::int64_t 服务 = 10000; | };	否	否	待P3审计	待P3审计	待P3审计	候选：待引用审计
结构_需求分支刷新范围	自我线程模块.消息处理器.ixx	23	std::unordered_set<std::string> 变更前节点主键集合{}; | std::unordered_set<std::string> 当前节点主键集合{}; | std::unordered_set<const 语素入口节点类*> 受影响类型集合{}; | };	是	是	待P3审计	待P3审计	待P3审计	候选：待引用审计
结构_消息处理动作	自我线程模块.消息处理器.ixx	29	bool 更新线程控制态 = false; | bool 更新线程上下文包 = false; | bool 更新需求树或队列 = false; | bool 更新任务控制态 = false; | bool 更新任务局部推进态 = false; | bool 更新工作线程状态表 = false; | bool 更新结果缓存 = false; | bool 重算二次特征 = false; | ...(+10)	是	否	待P3审计	待P3审计	待P3审计	候选：待引用审计
结构_单消息处理结果	自我线程模块.消息处理器.ixx	49	结构_消息处理动作 动作{}; | bool 触发需求队列刷新 = false; | bool 有派生需求待实例化 = false; | bool 有子结果待路由 = false; | };	否	否	待P3审计	待P3审计	待P3审计	候选：待引用审计
结构_消息批次处理摘要	自我线程模块.消息处理器.ixx	56	bool 触发需求队列刷新 = false; | bool 触发根层重判 = false; | bool 触发主派发决议 = false; | bool 可能实例化新任务 = false; | bool 可能触发收束 = false; | bool 可能触发停止 = false; | bool 有派生需求待实例化 = false; | bool 有子结果待路由 = false; | ...(+1)	否	否	待P3审计	待P3审计	待P3审计	候选：待引用审计
结构_需求列表刷新决策	自我线程模块.消息处理器.ixx	67	bool 需要刷新 = false; | bool 可以局部刷新 = false; | };	否	否	待P3审计	待P3审计	待P3审计	候选：待引用审计
结构_治理消息批次	自我线程模块.消息批次执行器.ixx	21	std::vector<自我线程消息协议::结构_治理消息> 全部消息{}; | std::vector<自我线程消息协议::结构_治理消息> 抢占消息{}; | std::vector<自我线程消息协议::结构_治理消息> 普通消息{}; | };	否	否	待P3审计	待P3审计	待P3审计	候选：待引用审计
结构_线程裁决结果	自我线程模块.消息批次执行器.ixx	27	枚举_任务管理根层重判结果 根层重判结果 = 枚举_任务管理根层重判结果::未定义; | 枚举_任务管理执行前门控结果 执行前门控结果 = 枚举_任务管理执行前门控结果::未定义; | std::string 上层反馈摘要{}; | };	是	否	待P3审计	待P3审计	待P3审计	候选：待引用审计
结构_治理消息头	自我线程模块.消息协议.ixx	162	std::uint64_t 消息主键 = 0; | std::uint64_t 回复目标消息主键 = 0; | 枚举_消息来源链 来源链 = 枚举_消息来源链::未定义; | std::uintptr_t 来源链抽象特征指针 = 0; | I64 来源链值 = 0; | 枚举_消息处理类型 处理类型 = 枚举_消息处理类型::未定义; | std::uintptr_t 处理类型抽象特征指针 = 0; | I64 处理类型值 = 0; | ...(+19)	是	是	待P3审计	待P3审计	待P3审计	候选：待引用审计
结构_特征变化项	自我线程模块.消息协议.ixx	191	枚举_存在类型 变化主体类型 = 枚举_存在类型::未定义; | std::uintptr_t 变化主体类型抽象特征指针 = 0; | I64 变化主体类型值 = 0; | std::uint64_t 变化主体主键 = 0; | 枚举_特征类型 特征类型 = 枚举_特征类型::未定义; | std::uintptr_t 特征类型抽象特征指针 = 0; | I64 特征类型值 = 0; | std::uint64_t 特征主键 = 0; | ...(+7)	是	是	待P3审计	待P3审计	待P3审计	候选：待引用审计
结构_关键中间状态变化项	自我线程模块.消息协议.ixx	208	std::uint64_t 动作主体主键 = 0; | std::string 动作语义键{}; | std::uint64_t 变化主体主键 = 0; | std::uint64_t 特征主键 = 0; | 特征值 变化前值{}; | 特征值 变化后值{}; | 时间戳 发生时间 = 0; | bool 已确认生效 = false; | ...(+2)	是	是	待P3审计	待P3审计	待P3审计	候选：待引用审计
结构_结果回流提示段	自我线程模块.消息协议.ixx	220	bool 可能存在反向推进 = false; | bool 可能形成阻塞 = false; | bool 可能影响父任务 = false; | bool 可能形成否定项候选 = false; | };	否	否	待P3审计	待P3审计	待P3审计	候选：待引用审计
结构_任务结果回流消息	自我线程模块.消息协议.ixx	227	std::uint64_t 任务主键 = 0; | std::uint64_t 父任务主键 = 0; | 枚举_结果状态 最终结果状态 = 枚举_结果状态::未定义; | std::uintptr_t 最终结果状态抽象特征指针 = 0; | I64 最终结果状态值 = 0; | 特征值 最终结果值{}; | std::vector<结构_关键中间状态变化项> 关键中间变化集{}; | 结构_结果回流提示段 提示段{}; | ...(+1)	是	是	待P3审计	待P3审计	待P3审计	候选：待引用审计
结构_执行尝试对账结果	自我线程模块.消息协议.ixx	238	枚举_执行尝试对账结论 结论 = 枚举_执行尝试对账结论::未定义; | std::uintptr_t 结论抽象特征指针 = 0; | I64 结论值 = 0; | bool 是否同一次执行尝试 = false; | bool 是否完整 = false; | bool 是否一致 = false; | bool 是否进入待确认池 = false; | std::string 说明{}; | ...(+1)	是	是	待P3审计	待P3审计	待P3审计	候选：待引用审计
结构_执行尝试汇总	自我线程模块.消息协议.ixx	249	bool 已建立执行尝试基准 = false; | std::uint64_t 执行尝试主键 = 0; | std::uint64_t 任务管理任务主键 = 0; | std::uint64_t 任务主键 = 0; | std::uint64_t 父任务主键 = 0; | std::uint64_t 步骤主键 = 0; | std::uint64_t 路径签名 = 0; | std::uint64_t 执行尝试号 = 0; | ...(+33)	是	是	待P3审计	待P3审计	待P3审计	候选：待引用审计
结构_线程状态变化消息段	自我线程模块.消息协议.ixx	298	时间戳 发生时间 = 0; | 枚举_存在类型 决策者类型 = 枚举_存在类型::未定义; | std::uint64_t 决策者主键 = 0; | std::string 决策者标签{}; | std::string 触发动作{}; | std::string 原因键{}; | std::string 原因摘要{}; | std::uint64_t 线程存在主键 = 0; | ...(+13)	是	是	待P3审计	待P3审计	待P3审计	候选：待引用审计
结构_存在动作语义	自我线程模块.消息协议.ixx	322	枚举_存在类型 发出者类型 = 枚举_存在类型::未定义; | std::uint64_t 发出者主键 = 0; | 枚举_存在类型 动作主体类型 = 枚举_存在类型::未定义; | std::uint64_t 动作主体主键 = 0; | 枚举_动作类型 动作类型 = 枚举_动作类型::未定义; | std::uintptr_t 动作类型抽象特征指针 = 0; | I64 动作类型值 = 0; | std::string 动作语义键{}; | ...(+7)	是	是	待P3审计	待P3审计	待P3审计	候选：待引用审计
结构_治理消息来源诊断	自我线程模块.消息协议.ixx	339	std::uint64_t 来源最小原语位图 = 0; | std::string 来源主观察特征{}; | std::string 影子验证状态{}; | bool 允许正式资产提交 = false; | };	是	否	待P3审计	待P3审计	待P3审计	候选：待引用审计
结构_自检缺口候选消息	自我线程模块.消息协议.ixx	346	枚举_自检候选类型 候选类型 = 枚举_自检候选类型::未定义; | I64 候选类型值 = 0; | std::uintptr_t 缺口类型抽象特征指针 = 0; | I64 缺口类型值 = 0; | std::uintptr_t 来源对象类型抽象特征指针 = 0; | I64 来源对象类型值 = 0; | std::uintptr_t 来源方法能力抽象特征指针 = 0; | I64 来源方法能力值 = 0; | ...(+32)	是	是	待P3审计	待P3审计	待P3审计	候选：待引用审计
结构_自检报告消息	自我线程模块.消息协议.ixx	388	std::uint64_t 报告ID = 0; | 时间戳 生成时间 = 0; | std::uint64_t 来源自检线程主键 = 0; | std::uintptr_t 自检范围抽象特征指针 = 0; | I64 自检范围值 = 0; | std::vector<结构_自检缺口候选消息> 缺口候选集{}; | };	是	是	待P3审计	待P3审计	待P3审计	候选：待引用审计
结构_控制面板刷新请求消息	自我线程模块.消息协议.ixx	397	时间戳 请求时间 = 0; | std::uint64_t 来源界面主键 = 0; | std::uintptr_t 刷新原因抽象特征指针 = 0; | I64 刷新原因值 = 0; | bool 强制刷新 = false; | };	是	是	待P3审计	待P3审计	待P3审计	候选：待引用审计
结构_治理消息附加载荷	自我线程模块.消息协议.ixx	405	std::optional<结构_治理恢复快照> 恢复快照{}; | std::optional<结构_需求树更新指令> 需求树更新{}; | std::optional<结构_线程状态变化消息段> 线程状态变化{}; | std::optional<结构_任务管理线程状态消息> 任务管理线程状态{}; | std::optional<结构_任务管理派生需求消息> 任务管理派生需求{}; | std::optional<结构_任务管理结果状态消息> 任务管理结果状态{}; | std::optional<结构_任务管理观察事实承接请求> 任务管理观察事实承接请求{}; | std::optional<结构_任务管理执行前许可请求消息> 任务管理执行前许可请求{}; | ...(+5)	否	否	待P3审计	待P3审计	待P3审计	候选：待引用审计
结构_治理消息轨迹	自我线程模块.消息协议.ixx	420	std::uint32_t 重放代数 = 0; | };	否	否	待P3审计	待P3审计	待P3审计	候选：待引用审计
结构_治理消息	自我线程模块.消息协议.ixx	424	结构_治理消息头 头{}; | 结构_存在动作语义 语义{}; | 结构_治理消息来源诊断 来源{}; | 结构_治理消息附加载荷 附加载荷{}; | 结构_治理消息轨迹 轨迹{}; | std::vector<结构_特征变化项> 变化项集{}; | std::string 载荷键{}; | std::string 摘要{}; | ...(+1)	是	否	待P3审计	待P3审计	待P3审计	候选：待引用审计
结构_抽象根特征定义_线程侧	自我线程模块.impl.cpp	224	枚举_自我根特征类型_线程侧 根特征类型 = 枚举_自我根特征类型_线程侧::安全; | 枚举_抽象根特征定义读取状态_线程侧::抽象特征根缺失; | const 语素入口节点类* 自我特征类型 = nullptr; | 抽象特征节点类* 抽象定义节点 = nullptr; | 抽象特征节点类* 目标状态节点 = nullptr; | 抽象特征节点类* 最低阈值状态节点 = nullptr; | I64区间 目标区间{ 0, -1 }; | I64区间 最低阈值区间{ 0, -1 }; | ...(+4)	否	是	待P3审计	待P3审计	待P3审计	候选：待引用审计
结构_根特征必要条件定义_线程侧	自我线程模块.impl.cpp	244	枚举_自我根特征类型_线程侧 根特征类型 = 枚举_自我根特征类型_线程侧::安全; | std::string 条件键{}; | std::string 检查宿主语义{}; | const 语素入口节点类* 检查特征类型 = nullptr; | std::string 目标状态文本{}; | I64 目标值 = 1; | std::string 缺口需求名称文本{}; | const 语素入口节点类* 缺口需求名称 = nullptr; | ...(+4)	是	是	待P3审计	待P3审计	待P3审计	候选：待引用审计
结构_根闭环信息位_线程侧	自我线程模块.impl.cpp	281	枚举_自我根特征类型_线程侧 根特征类型 = 枚举_自我根特征类型_线程侧::安全; | std::size_t 位置序号 = 0; | std::string 根定义编号{}; | std::string 闭环位置{}; | std::string 事实类型{}; | std::string 目标语义要求{}; | std::string 闭合证据{}; | std::string 缺口类型{}; | ...(+11)	是	是	待P3审计	待P3审计	待P3审计	候选：待引用审计
结构_线程任务价值反馈段	自我线程模块.impl.cpp	637	std::string 反馈事件主键{}; | I64 本次安全满足量 = 0; | I64 本次服务满足量 = 0; | I64 安全累计比例_百万分比 = -1; | I64 服务累计比例_百万分比 = -1; | };	是	是	待P3审计	待P3审计	待P3审计	候选：待引用审计
结构_线程服务价值结算证据摘要	自我线程模块.impl.cpp	645	std::size_t 服务对象外在特征状态变化数 = 0; | bool 有服务对象外在特征状态改善证据 = false; | bool 服务结果可验证 = false; | bool 服务结果可归因于自我动作 = false; | std::vector<std::string> 缺失证据{}; | std::string 摘要{}; | && 服务结果可归因于自我动作; | };	是	否	待P3审计	待P3审计	待P3审计	候选：待引用审计
结构_线程成功服务G0候选结果	自我线程模块.impl.cpp	662	bool 已尝试 = false; | bool 成功 = false; | 存在节点类* G0治理视图 = nullptr; | 存在节点类* 候选记录 = nullptr; | I64 候选状态 = static_cast<I64>(服务模块::枚举_成功服务候选状态::未形成); | I64 服务层级 = static_cast<I64>(服务模块::枚举_成功服务层级::L0); | std::string 摘要{}; | };	是	是	待P3审计	待P3审计	待P3审计	候选：待引用审计
结构_线程G0服务值饱和入账结果	自我线程模块.impl.cpp	672	bool 已尝试 = false; | bool 已结算 = false; | I64 旧服务值 = 0; | I64 新服务值 = 0; | I64 实际服务增量 = 0; | I64 lambda使用 = 0; | 动态节点类* D2_服务值结算动作动态 = nullptr; | std::string 摘要{}; | ...(+1)	是	是	待P3审计	待P3审计	待P3审计	候选：待引用审计
结构_线程服务治理维护结果	自我线程模块.impl.cpp	683	bool 已执行候选复核 = false; | bool 已执行服务衰减 = false; | bool 休眠候选 = false; | std::size_t 扫描任务数 = 0; | std::size_t 复核候选数 = 0; | std::size_t 确认入账数 = 0; | I64 衰减前服务值 = 0; | I64 衰减后服务值 = 0; | ...(+3)	是	是	待P3审计	待P3审计	待P3审计	候选：待引用审计
结构_线程价值结算结果	自我线程模块.impl.cpp	696	bool 成功 = false; | bool 已处理 = false; | bool 已去重 = false; | I64 旧安全值 = 0; | I64 新安全值 = 0; | I64 旧服务值 = 0; | I64 新服务值 = 0; | I64 实际安全增量 = 0; | ...(+4)	是	是	待P3审计	待P3审计	待P3审计	候选：待引用审计
结构_线程结算因果投影预判	自我线程模块.impl.cpp	710	bool 已查询 = false; | bool 缺硬目标证据 = false; | 结构_叶子任务因果投影预判 预判{}; | std::string 摘要{}; | };	是	否	待P3审计	待P3审计	待P3审计	候选：待引用审计
结构_叶子任务正式结算证据	自我线程模块.impl.cpp	717	任务节点* 叶子任务 = nullptr; | 需求节点* 来源需求 = nullptr; | 动态节点类* D0_业务动作动态 = nullptr; | 动态节点类* 任务完成动作动态 = nullptr; | 场景节点类* 输出结果场景 = nullptr; | 状态节点类* before状态 = nullptr; | 状态节点类* target状态 = nullptr; | 状态节点类* actual状态 = nullptr; | ...(+10)	是	是	待P3审计	待P3审计	待P3审计	候选：待引用审计
结构_线程需求收束结果	自我线程模块.impl.cpp	743	bool 成功 = false; | bool 当前状态已回写 = false; | bool 已写结算 = false; | bool 已刷新权重 = false; | std::string 摘要{}; | };	是	否	待P3审计	待P3审计	待P3审计	候选：待引用审计
结构_安全因果默认满足提交结果	自我线程模块.impl.cpp	751	bool 已尝试 = false; | bool 成功 = false; | 存在节点类* 运行存在 = nullptr; | 动态节点类* 提交动作动态 = nullptr; | std::string 摘要{}; | };	是	是	待P3审计	待P3审计	待P3审计	候选：待引用审计
结构_风险安全场景影响提交结果	自我线程模块.impl.cpp	759	bool 已尝试 = false; | bool 成功 = false; | bool 已拒绝 = false; | 基础信息节点类* 因素宿主 = nullptr; | 存在节点类* 运行存在 = nullptr; | 动态节点类* 提交动作动态 = nullptr; | I64 提交状态 = 0; | I64 已入账状态 = 0; | ...(+2)	是	是	待P3审计	待P3审计	待P3审计	候选：待引用审计
结构_风险安全层聚合候选结果	自我线程模块.impl.cpp	771	bool 已尝试 = false; | bool 已更新 = false; | 基础信息节点类* 层宿主 = nullptr; | I64 风险因素已入账掩码 = 0; | I64 风险因素默认满足掩码 = 0; | I64 风险因素未搜索掩码 = 0; | I64 风险安全层缺失因素数量 = 0; | I64 风险安全层可聚合状态 = 0; | ...(+4)	是	是	待P3审计	待P3审计	待P3审计	候选：待引用审计
结构_安全因果风险树线程维护结果	自我线程模块.impl.cpp	785	bool 已执行 = false; | bool 已跳过 = false; | bool 已同步 = false; | bool 版本变化 = false; | std::size_t 节点数量 = 0; | std::size_t 因果前置缺口数量 = 0; | std::size_t 搜索缺口数量 = 0; | std::size_t 场景特征值明确缺口数量 = 0; | ...(+5)	是	是	待P3审计	待P3审计	待P3审计	候选：待引用审计
结构_父任务重筹办唤醒项_线程侧	自我线程模块.impl.cpp	2328	任务节点* 父任务 = nullptr; | 枚举_任务状态 原状态 = 枚举_任务状态::未定义; | 枚举_任务状态 新状态 = 枚举_任务状态::未定义; | 枚举_任务阶段 原阶段 = 枚举_任务阶段::未定义; | 枚举_任务阶段 新阶段 = 枚举_任务阶段::未定义; | 动态节点类* 父任务状态动作动态 = nullptr; | bool 等待缺口唤醒 = false; | bool 父需求整体已满足 = false; | ...(+5)	是	否	待P3审计	待P3审计	待P3审计	候选：待引用审计
结构_父任务重筹办唤醒结果_线程侧	自我线程模块.impl.cpp	2343	需求节点* 子需求 = nullptr; | 需求节点* 父需求 = nullptr; | 任务节点* 子任务 = nullptr; | 动态节点类* 子任务状态动作动态 = nullptr; | std::size_t 已唤醒数量 = 0; | std::size_t 已提交重筹办治理数量 = 0; | std::size_t 已登记重筹办工作项数量 = 0; | std::vector<结构_父任务重筹办唤醒项_线程侧> 唤醒项集{}; | ...(+1)	否	是	待P3审计	待P3审计	待P3审计	候选：待引用审计
结构_任务结算域判定_线程侧	自我线程模块.impl.cpp	2380	枚举_任务结算域_线程侧 域 = 枚举_任务结算域_线程侧::仅闭账; | std::string 原因{}; | };	是	否	待P3审计	待P3审计	待P3审计	候选：待引用审计
结构_非核心结算闭账结果_线程侧	自我线程模块.impl.cpp	2385	bool 成功 = false; | bool 已提交已结算 = false; | 动态节点类* 任务闭账动作动态 = nullptr; | std::string 摘要{}; | };	是	否	待P3审计	待P3审计	待P3审计	候选：待引用审计
结构_横向结算候选_线程侧	自我线程模块.impl.cpp	4549	需求节点* 需求 = nullptr; | 任务节点* 任务 = nullptr; | I64 排序评分 = 0; | I64 外溢量 = 0; | I64 当前值 = 0; | I64 目标值 = 0; | I64 结果值 = 0; | std::string 需求主键{}; | ...(+2)	是	是	待P3审计	待P3审计	待P3审计	候选：待引用审计
结构_学习任务去重签名_线程侧	自我线程模块.impl.cpp	5310	std::string 来源方法主键{}; | std::string 目标主体主键{}; | std::string 目标特征类型主键{}; | std::string 目标状态键{}; | 三向关系掩码 满足关系 = 关系_等于; | && 满足关系 != 0; | };	是	否	待P3审计	待P3审计	待P3审计	候选：待引用审计
结构_父需求目标回查结果_任务管理新链	自我线程模块.impl.cpp	5706	bool 已回查 = false; | bool 父目标已判断 = false; | bool 父目标可比较 = false; | bool 父目标已满足 = false; | bool 使用主键相等判断 = false; | bool 原递归满足判定 = false; | bool 可直接子需求聚合 = false; | bool 直接子需求聚合已满足 = false; | ...(+7)	是	否	待P3审计	待P3审计	待P3审计	候选：待引用审计
结构_被动触发初始因果规则_线程侧	自我线程模块.impl.cpp	6455	基础信息节点类* 父节点 = nullptr; | 二次特征节点类* 条件比较 = nullptr; | 二次特征节点类* 果比较 = nullptr; | std::string 规则名{}; | std::string 被动因描述{}; | std::string 承接条件描述{}; | std::string 自动果描述{}; | std::string 幂等键{}; | ...(+2)	是	是	待P3审计	待P3审计	待P3审计	候选：待引用审计
结构_自检报告休眠处置映射	自我线程模块.impl.cpp	9105	bool 仅休眠期评估 = false; | bool 需要映射确认 = true; | const char* 处置类型 = "待映射确认"; | const char* 休眠期候选动作 = "未授权"; | };	是	否	待P3审计	待P3审计	待P3审计	候选：待引用审计
结构_自检候选父需求裁决_线程侧	自我线程模块.impl.cpp	9231	枚举_自检候选父需求域_线程侧 域 = 枚举_自检候选父需求域_线程侧::未判定; | 需求节点* 父需求 = nullptr; | bool 可入普通需求树 = false; | bool 需要弹错 = false; | std::string 来源因果主键{}; | std::string 原因{}; | };	是	是	待P3审计	待P3审计	待P3审计	候选：待引用审计
结构_自检候选局部来源线索_线程侧	自我线程模块.impl.cpp	9258	方法节点* 目标方法 = nullptr; | 需求节点* 局部来源需求 = nullptr; | 任务节点* 局部来源子任务 = nullptr; | };	否	是	待P3审计	待P3审计	待P3审计	候选：待引用审计
结构_方法维护同被维护方法检查_线程侧	自我线程模块.impl.cpp	9464	需求节点* 首个需求 = nullptr; | std::size_t 命中数量 = 0; | std::string 命中样本{}; | };	是	是	待P3审计	待P3审计	待P3审计	候选：待引用审计
结构_消息归并与对账结果	自我线程模块.impl.cpp	14642	bool 命中执行尝试闭环 = false; | bool 允许继续落账 = true; | };	否	否	待P3审计	待P3审计	待P3审计	候选：待引用审计
结构_动态V1摘要	自我线程模块.impl.cpp	14989	bool 有变化量 = false; | I64 变化量 = 0; | bool 有变化方向 = false; | I64 变化方向 = 0; | std::string 变化方向语义{}; | bool 有持续时间 = false; | I64 持续时间 = 0; | bool 有变化率 = false; | ...(+2)	是	是	待P3审计	待P3审计	待P3审计	候选：待引用审计
结构_治理二次特征候选	自我线程模块.impl.cpp	15054	std::string 概念名称{}; | std::string 原因摘要{}; | 枚举_二次特征种类 种类 = 枚举_二次特征种类::未定义; | 枚举_二次特征域 域 = 枚举_二次特征域::未定义; | 枚举_二次特征粒度 粒度 = 枚举_二次特征粒度::当前场景; | 枚举_二次特征基准类型 基准类型 = 枚举_二次特征基准类型::无; | 枚举_时间归一方式 时间归一方式 = 枚举_时间归一方式::无; | 枚举_二次特征值形态 值形态 = 枚举_二次特征值形态::布尔; | ...(+8)	是	是	待P3审计	待P3审计	待P3审计	候选：待引用审计
结构_治理对象组	自我线程模块.impl.cpp	15073	基础信息节点类* 任务管理任务节点 = nullptr; | 基础信息节点类* 当前任务节点 = nullptr; | 基础信息节点类* 父任务节点 = nullptr; | 基础信息节点类* 方法节点 = nullptr; | return 当前任务节点 ? 当前任务节点 : 任务管理任务节点; | };	否	是	待P3审计	待P3审计	待P3审计	候选：待引用审计
结构_治理影响项	自我线程模块.impl.cpp	15240	基础信息节点类* 主体 = nullptr; | std::string 来源二次特征名称{}; | 枚举_治理影响维度 影响维度 = 枚举_治理影响维度::直接服务; | 枚举_治理影响方向 影响方向 = 枚举_治理影响方向::中性; | I64 影响强度 = 0; | bool 即时生效 = true; | bool 可逆 = true; | I64 置信度 = 0; | ...(+3)	是	是	待P3审计	待P3审计	待P3审计	候选：待引用审计
结构_抢占执行前许可审批守卫	自我线程模块.impl.cpp	16592	bool& 标记; | 标记 = false; | } 抢占守卫{正在抢占执行前许可审批};	否	否	待P3审计	待P3审计	待P3审计	候选：待引用审计
结构_抢占任务管理成功结果守卫	自我线程模块.impl.cpp	16685	bool& 标记; | 标记 = false; | } 抢占守卫{正在抢占任务管理成功结果落账};	否	否	待P3审计	待P3审计	待P3审计	候选：待引用审计
结构_抢占任务管理派生需求守卫	自我线程模块.impl.cpp	16783	bool& 标记; | 标记 = false; | } 抢占守卫{正在抢占任务管理派生需求落账};	否	否	待P3审计	待P3审计	待P3审计	候选：待引用审计
结构_抢占观察事实承接落账守卫	自我线程模块.impl.cpp	16881	bool& 标记; | 标记 = false; | } 抢占守卫{正在抢占观察事实承接落账};	否	否	待P3审计	待P3审计	待P3审计	候选：待引用审计
结构_需求列表项	自我线程模块.ixx	100	const 语素入口节点类* 目标特征类型 = nullptr; | std::string 目标特征名称{}; | std::uintptr_t 需求节点指针 = 0; | std::string 需求节点主键{}; | I64 节点安全权重 = 0; | I64 节点服务权重 = 0; | I64 目标特征安全权重汇总 = 0; | I64 目标特征服务权重汇总 = 0; | ...(+1)	是	是	待P3审计	待P3审计	待P3审计	候选：待引用审计
结构_循环结果	自我线程模块.ixx	112	bool 已补齐初始化 = false; | bool 已回填主链 = false; | bool 任务管理治理触发 = false; | bool 任务管理证据触发 = false; | bool 任务管理上位输入已刷新 = false; | bool 需求树已更新 = false; | bool 有派生需求待实例化 = false; | bool 有子结果待路由 = false; | ...(+11)	是	否	待P3审计	待P3审计	待P3审计	候选：待引用审计
结构_自我线程最小状态快照	自我线程模块.ixx	134	std::uintptr_t Tick计数抽象特征指针 = 0; | I64 Tick计数值 = 0; | std::uintptr_t 最近Tick时间抽象特征指针 = 0; | 时间戳 最近Tick时间值 = 0; | std::uintptr_t 生命周期抽象特征指针 = 0; | I64 生命周期值 = 0; | std::uintptr_t 最近阶段抽象特征指针 = 0; | I64 最近阶段值 = 0; | ...(+14)	是	是	待P3审计	待P3审计	待P3审计	候选：待引用审计
结构_自检报告修复治理快照	自我线程模块.ixx	158	bool 已生成 = false; | std::uint64_t 累计接收报告候选数 = 0; | std::uint64_t 累计越界需求化拒绝数 = 0; | std::uint64_t 待处理报告数 = 0; | std::uint64_t 待休眠修复报告数 = 0; | std::uint64_t 待映射确认报告数 = 0; | std::uint64_t 仅报告保留数 = 0; | std::uint64_t 休眠期评估报告数 = 0; | ...(+8)	是	否	待P3审计	待P3审计	待P3审计	候选：待引用审计
结构_需求候选快照	自我线程模块.ixx	176	std::string 候选类型{}; | std::string 来源消息类型{}; | std::string 当前方法主键{}; | std::uint64_t 关联任务主键 = 0; | bool 建议升格为正式需求 = false; | bool 建议新任务入口 = false; | bool 需要外部支撑 = false; | bool 影响父任务推进 = false; | ...(+2)	是	否	待P3审计	待P3审计	待P3审计	候选：待引用审计
结构_任务权重候选快照	自我线程模块.ixx	188	std::string 对象类型{}; | std::uint64_t 对象主键 = 0; | I64 原值 = 0; | I64 候选值 = 0; | I64 变化量 = 0; | std::string 摘要{}; | };	是	是	待P3审计	待P3审计	待P3审计	候选：待引用审计
结构_父子依赖权重候选快照	自我线程模块.ixx	197	std::uint64_t 父任务主键 = 0; | std::uint64_t 子任务主键 = 0; | I64 候选值 = 0; | I64 变化量 = 0; | bool 需要父任务处理 = false; | std::string 摘要{}; | };	是	是	待P3审计	待P3审计	待P3审计	候选：待引用审计
结构_方法禁止项快照	自我线程模块.ixx	206	std::string 方法主键{}; | std::string 来源消息类型{}; | std::string 禁止项类别{}; | std::string 方向区间{}; | I64 严重级别 = 0; | bool 是否阻断 = false; | bool 是否已验证 = false; | bool 是否建议恢复后解除 = false; | ...(+4)	是	是	待P3审计	待P3审计	待P3审计	候选：待引用审计
结构_需求与权重治理输出快照	自我线程模块.ixx	220	bool 已生成 = false; | bool 已完成需求与权重更新 = false; | std::string 主导需求候选{}; | std::uint64_t 主导任务候选主键 = 0; | I64 最高优先级候选 = 0; | std::string 摘要{}; | std::vector<结构_需求候选快照> 需求候选列表{}; | std::vector<结构_任务权重候选快照> 任务权重候选列表{}; | ...(+3)	是	是	待P3审计	待P3审计	待P3审计	候选：待引用审计
结构_主派发动作快照	自我线程模块.ixx	233	std::string 动作类型{}; | std::uint64_t 任务根ID = 0; | bool 允许并发 = true; | std::uint32_t 并发组 = 0; | std::string 目标队列{}; | std::string 摘要{}; | };	是	否	待P3审计	待P3审计	待P3审计	候选：待引用审计
结构_队列裁决快照	自我线程模块.ixx	242	std::string 队列名称{}; | bool 已命中 = false; | I64 变更数量 = 0; | std::string 裁决{}; | std::string 摘要{}; | };	是	是	待P3审计	待P3审计	待P3审计	候选：待引用审计
结构_队列成员快照	自我线程模块.ixx	250	std::string 成员稳定键{}; | std::uint64_t 任务根ID = 0; | bool 当前在队列 = false; | 时间戳 首次入队时间 = 0; | 时间戳 最近入队时间 = 0; | 时间戳 最近出队时间 = 0; | std::string 来源分类{}; | std::string 来源动作{}; | ...(+3)	是	否	待P3审计	待P3审计	待P3审计	候选：待引用审计
结构_队列成员事件快照	自我线程模块.ixx	263	std::string 成员稳定键{}; | std::uint64_t 任务根ID = 0; | bool 是否入队 = false; | 时间戳 发生时间 = 0; | std::string 来源分类{}; | std::string 来源动作{}; | std::string 摘要{}; | };	是	否	待P3审计	待P3审计	待P3审计	候选：待引用审计
结构_队列治理状态快照	自我线程模块.ixx	273	std::string 队列名称{}; | bool 已命中 = false; | bool 当前活跃 = false; | I64 本轮变更数量 = 0; | std::uint64_t 累计命中次数 = 0; | I64 累计变更数量 = 0; | std::uint64_t 连续活跃轮数 = 0; | std::uint64_t 累计活跃轮数 = 0; | ...(+19)	是	是	待P3审计	待P3审计	待P3审计	候选：待引用审计
结构_队列治理输出快照	自我线程模块.ixx	302	bool 已生成 = false; | std::string 摘要{}; | std::vector<结构_队列治理状态快照> 队列状态列表{}; | };	是	否	待P3审计	待P3审计	待P3审计	候选：待引用审计
结构_派发占用登记快照	自我线程模块.ixx	308	std::size_t 动作序号 = 0; | std::string 动作类型{}; | std::string 占用队列{}; | std::uint64_t 包主键 = 0; | std::uint64_t 任务根ID = 0; | bool 已登记占用 = false; | bool 已下发控制投影 = false; | bool 已释放占用 = false; | ...(+4)	是	否	待P3审计	待P3审计	待P3审计	候选：待引用审计
结构_派发回执快照	自我线程模块.ixx	322	std::size_t 动作序号 = 0; | std::string 动作类型{}; | std::uint64_t 包主键 = 0; | std::uint64_t 任务根ID = 0; | bool 已生成任务包 = false; | bool 已封口任务包 = false; | bool 已实际派发 = false; | bool 已形成回流 = false; | ...(+3)	是	否	待P3审计	待P3审计	待P3审计	候选：待引用审计
结构_主派发输出快照	自我线程模块.ixx	335	bool 已生成 = false; | bool 已生成治理桥预判 = false; | bool 已生成治理桥结果 = false; | bool 有派生需求待实例化 = false; | 自我线程消息批次执行器::枚举_批次执行去向::继续提交; | bool 允许任务入口实例化 = false; | bool 允许工作线程推进 = false; | bool 治理桥允许进入执行链 = false; | ...(+89)	是	是	待P3审计	待P3审计	待P3审计	候选：待引用审计
结构_回流结算快照	自我线程模块.ixx	435	std::uint64_t 包主键 = 0; | std::uint64_t 任务根ID = 0; | std::uint64_t 父任务主键 = 0; | bool 已封口 = false; | bool 是否有效推进 = false; | bool 建议进入收束 = false; | bool 建议重试 = false; | bool 需要父任务协调 = false; | ...(+11)	是	否	待P3审计	待P3审计	待P3审计	候选：待引用审计
结构_否定项快照	自我线程模块.ixx	456	时间戳 发生时间 = 0; | std::uint64_t 目标任务主键 = 0; | I64 风险等级 = 0; | std::string 原因摘要{}; | std::string 摘要{}; | };	是	是	待P3审计	待P3审计	待P3审计	候选：待引用审计
结构_缺口触发快照	自我线程模块.ixx	464	时间戳 发生时间 = 0; | std::uint64_t 锚点主键 = 0; | std::uint64_t 来源任务主键 = 0; | std::uint64_t 来源方法主键 = 0; | I64 置信度 = 0; | std::string 样本类别{}; | std::string 摘要{}; | };	是	是	待P3审计	待P3审计	待P3审计	候选：待引用审计
结构_关键中间状态快照	自我线程模块.ixx	474	时间戳 发生时间 = 0; | std::uint64_t 动作主体主键 = 0; | std::uint64_t 变化主体主键 = 0; | std::uint64_t 特征主键 = 0; | bool 已恢复 = false; | std::string 动作语义键{}; | std::string 特征类型摘要{}; | std::string 特征沉淀键{}; | ...(+4)	是	否	待P3审计	待P3审计	待P3审计	候选：待引用审计
结构_关键中间状态分组快照	自我线程模块.ixx	488	std::string 特征沉淀键{}; | std::string 特征类型摘要{}; | std::string 来源消息类型{}; | std::size_t 条目数 = 0; | std::size_t 未恢复数 = 0; | 时间戳 最近发生时间 = 0; | std::string 最近动作语义键{}; | std::string 最近变化摘要{}; | ...(+2)	是	否	待P3审计	待P3审计	待P3审计	候选：待引用审计
结构_双值结算账快照	自我线程模块.ixx	500	bool 已生成 = false; | I64 直接服务净变化 = 0; | I64 准备性服务净变化 = 0; | I64 服务净变化 = 0; | I64 物理安全净变化 = 0; | I64 风险安全净变化 = 0; | I64 安全净变化 = 0; | std::string 摘要{}; | ...(+1)	是	是	待P3审计	待P3审计	待P3审计	候选：待引用审计
结构_缺口恢复接口快照	自我线程模块.ixx	511	bool 已生成 = false; | bool 应触发缺口承接 = false; | bool 应申请重试恢复 = false; | bool 应申请收束恢复 = false; | bool 应申请低频整理 = false; | std::size_t 缺口触发数 = 0; | std::string 恢复请求摘要{}; | std::string 整理请求摘要{}; | ...(+11)	是	否	待P3审计	待P3审计	待P3审计	候选：待引用审计
结构_恢复请求分组快照	自我线程模块.ixx	521	std::string 请求类型{}; | bool 已触发 = false; | std::size_t 请求数 = 0; | std::uint64_t 首目标任务主键 = 0; | std::uint64_t 首关联包主键 = 0; | std::string 唤醒原因{}; | std::string 摘要{}; | };	是	否	待P3审计	待P3审计	待P3审计	候选：待引用审计
结构_结算治理输出快照	自我线程模块.ixx	533	bool 已生成 = false; | bool 是否有效推进 = false; | bool 已执行固定机制 = false; | I64 服务净变化 = 0; | I64 安全净变化 = 0; | std::string 固定机制摘要{}; | std::string 下一轮唤醒原因{}; | 动态节点类* 任务完成动作动态 = nullptr; | ...(+9)	是	是	待P3审计	待P3审计	待P3审计	候选：待引用审计
结构_根层判定结果	自我线程模块.ixx	651	bool 已生成 = false; | 枚举_任务管理根层重判结果 根层重判结果 = 枚举_任务管理根层重判结果::未定义; | 枚举_任务管理执行前门控结果 执行前门控结果 = 枚举_任务管理执行前门控结果::未定义; | 枚举_自我线程最终去向 当前最终去向 = 枚举_自我线程最终去向::未定义; | std::uintptr_t 主导需求节点 = 0; | std::uintptr_t 主导任务节点 = 0; | I64 最高优先级候选 = 0; | std::size_t 需求候选数 = 0; | ...(+82)	是	是	待P3审计	待P3审计	待P3审计	候选：待引用审计
结构_主派发动作	自我线程模块.ixx	743	bool 已生成 = false; | 枚举_主派发动作类型 动作类型 = 枚举_主派发动作类型::未定义; | std::uint64_t 任务根ID = 0; | std::uintptr_t 主导任务节点 = 0; | bool 允许并发 = true; | std::uint32_t 并发组 = 0; | std::string 目标队列{}; | std::string 摘要{}; | ...(+1)	是	否	待P3审计	待P3审计	待P3审计	候选：待引用审计
结构_队列裁决	自我线程模块.ixx	754	bool 已生成 = false; | 枚举_治理队列类型 队列类型 = 枚举_治理队列类型::未定义; | bool 已命中 = false; | I64 变更数量 = 0; | std::string 队列名称{}; | std::string 裁决{}; | std::string 摘要{}; | };	是	是	待P3审计	待P3审计	待P3审计	候选：待引用审计
结构_派发回执	自我线程模块.ixx	764	bool 已生成 = false; | std::size_t 动作序号 = 0; | 枚举_主派发动作类型 动作类型 = 枚举_主派发动作类型::未定义; | std::uint64_t 包主键 = 0; | std::uint64_t 任务根ID = 0; | bool 已生成任务包 = false; | bool 已封口任务包 = false; | bool 已实际派发 = false; | ...(+4)	是	否	待P3审计	待P3审计	待P3审计	候选：待引用审计
结构_派发占用登记	自我线程模块.ixx	778	bool 已生成 = false; | std::size_t 动作序号 = 0; | 枚举_主派发动作类型 动作类型 = 枚举_主派发动作类型::未定义; | 枚举_治理队列类型 占用队列类型 = 枚举_治理队列类型::未定义; | std::uint64_t 包主键 = 0; | std::uint64_t 任务根ID = 0; | std::uintptr_t 主导任务节点 = 0; | bool 已登记占用 = false; | ...(+6)	是	否	待P3审计	待P3审计	待P3审计	候选：待引用审计
结构_主派发决议	自我线程模块.ixx	794	bool 已生成 = false; | 结构_根层判定结果 根层判定{}; | 自我线程消息批次执行器::枚举_批次执行去向::继续提交; | 枚举_任务管理根层重判结果 根层重判结果 = 枚举_任务管理根层重判结果::未定义; | 枚举_任务管理执行前门控结果 执行前门控结果 = 枚举_任务管理执行前门控结果::未定义; | std::uintptr_t 主导需求节点 = 0; | std::uintptr_t 主导任务节点 = 0; | bool 允许任务入口实例化 = false; | ...(+13)	是	是	待P3审计	待P3审计	待P3审计	候选：待引用审计
结构_队列治理对象	自我线程模块.ixx	818	std::string 成员稳定键{}; | std::uint64_t 任务根ID = 0; | bool 当前在队列 = false; | 时间戳 首次入队时间 = 0; | 时间戳 最近入队时间 = 0; | 时间戳 最近出队时间 = 0; | 枚举_队列成员来源分类 来源分类 = 枚举_队列成员来源分类::未定义; | std::string 来源动作{}; | ...(+32)	是	是	待P3审计	待P3审计	待P3审计	候选：待引用审计
结构_成员对象	自我线程模块.ixx	819	std::string 成员稳定键{}; | std::uint64_t 任务根ID = 0; | bool 当前在队列 = false; | 时间戳 首次入队时间 = 0; | 时间戳 最近入队时间 = 0; | 时间戳 最近出队时间 = 0; | 枚举_队列成员来源分类 来源分类 = 枚举_队列成员来源分类::未定义; | std::string 来源动作{}; | ...(+3)	是	否	待P3审计	待P3审计	待P3审计	候选：待引用审计
结构_结果路由动作	自我线程模块.ixx	862	bool 已生成 = false; | bool 已完成全局判断 = false; | bool 已路由父任务 = false; | bool 已补记父任务影响 = false; | bool 已加入回流队列 = false; | bool 是否最终结果 = false; | bool 是否需要父任务处理 = false; | bool 是否形成否定项候选 = false; | ...(+9)	是	否	待P3审计	待P3审计	待P3审计	候选：待引用审计
结构_回流结算草稿	自我线程模块.ixx	881	bool 已生成 = false; | bool 已封口 = false; | std::uint64_t 包主键 = 0; | std::uint64_t 任务根ID = 0; | std::uint64_t 父任务主键 = 0; | std::uintptr_t 父任务节点 = 0; | std::uintptr_t 结果节点 = 0; | bool 是否有效推进 = false; | ...(+14)	是	否	待P3审计	待P3审计	待P3审计	候选：待引用审计
结构_否定项候选	自我线程模块.ixx	905	时间戳 发生时间 = 0; | std::uint64_t 目标任务主键 = 0; | std::uintptr_t 相关结果节点 = 0; | I64 风险等级 = 0; | std::string 原因摘要{}; | std::string 摘要{}; | };	是	是	待P3审计	待P3审计	待P3审计	候选：待引用审计
结构_缺口触发项	自我线程模块.ixx	914	时间戳 发生时间 = 0; | std::uint64_t 锚点主键 = 0; | std::uint64_t 来源任务主键 = 0; | std::uint64_t 来源方法主键 = 0; | I64 置信度 = 0; | std::string 样本类别{}; | std::string 摘要{}; | };	是	是	待P3审计	待P3审计	待P3审计	候选：待引用审计
结构_关键中间状态沉淀项	自我线程模块.ixx	924	时间戳 发生时间 = 0; | std::uint64_t 动作主体主键 = 0; | std::uint64_t 变化主体主键 = 0; | std::uint64_t 特征主键 = 0; | bool 已恢复 = false; | std::string 动作语义键{}; | std::string 特征类型摘要{}; | std::string 特征沉淀键{}; | ...(+4)	是	否	待P3审计	待P3审计	待P3审计	候选：待引用审计
结构_本轮结算封口	自我线程模块.ixx	938	bool 已生成 = false; | bool 是否有效推进 = false; | bool 已执行固定机制 = false; | bool 已生成否定项候选 = false; | bool 已触发缺口承接 = false; | bool 已生成故障收口摘要 = false; | std::size_t 新增否定项候选数 = 0; | std::size_t 新增缺口触发数 = 0; | ...(+10)	是	是	待P3审计	待P3审计	待P3审计	候选：待引用审计
结构_主循环骨架上下文	自我线程模块.ixx	958	时间戳 当前时间 = 0; | 结构_循环结果 结果{}; | 自我线程消息协议::结构_治理消息 已消费消息{}; | std::deque<结构_治理消息> 本轮冻结消息{}; | 自我线程消息批次执行器::结构_治理消息批次 本轮治理消息批次{}; | 自我线程消息处理器::结构_需求分支刷新范围 需求树变更刷新范围{}; | 自我线程消息批次执行器::结构_线程裁决结果 线程裁决结果{}; | 结构_任务局部运行态 任务局部运行态{}; | ...(+21)	否	是	待P3审计	待P3审计	待P3审计	候选：待引用审计
结构_待处理自检报告项	自我线程模块.ixx	1079	std::uint64_t 报告ID = 0; | std::uint64_t 候选序号 = 0; | 时间戳 生成时间 = 0; | I64 缺口类型值 = 0; | I64 严重程度值 = 0; | bool 仅休眠期修复 = true; | bool 需要映射确认 = true; | std::string 处置类型{}; | ...(+4)	是	是	待P3审计	待P3审计	待P3审计	候选：待引用审计
配置项	D455相机类.ixx	13	int 深度宽 = 640; | int 深度高 = 480; | int 彩色宽 = 640; | int 彩色高 = 480; | int 帧率 = 30; | bool 启用红外双目 = false; | int 红外宽 = 640; | int 红外高 = 480; | ...(+33)	否	否	待P3审计	待P3审计	待P3审计	候选：待引用审计
