live	函数名	未限定名	定义位置	call_like_count	原始签名	功能	签名风险标记	project_item	命中位置
present	~实现	~实现	D455相机类.cpp:44	0	~实现()	释放或收束对象资源。	ctor_dtor	ClCompile
present	~动作线程类	~动作线程类	动作线程类.ixx:117	0	~动作线程类()	释放或收束对象资源。	ctor_dtor	ClCompile
present	~链表模板	~链表模板	双向链表模板核心.h:160	0	~链表模板()	释放或收束对象资源。	ctor_dtor	ClInclude
present	存在节点主信息类::~存在节点主信息类	~存在节点主信息类	基础信息主信息类.cpp:8	0	存在节点主信息类::~存在节点主信息类()	释放或收束对象资源。	ctor_dtor	ClCompile
present	基础信息类::~基础信息类	~基础信息类	基础信息类.cpp:46	0	基础信息类::~基础信息类()	释放或收束对象资源。	ctor_dtor	ClCompile
present	operator T节点*	operator T节点*	基础数据类型.h:146	0	operator T节点* () const noexcept	按函数名执行对应处理。	operator	未在vcxproj登记
present	operator=	operator=	基础数据类型.h:149	0	可解析引用& operator=(T节点* 节点)	按函数名执行对应处理。	operator	未在vcxproj登记
present	operator==	operator==	基础数据类型.h:232	0	inline bool operator==(const VecU句柄& a, const VecU句柄& b) noexcept	按函数名执行对应处理。	operator	未在vcxproj登记
present	operator==	operator==	基础数据类型.h:237	0	inline bool operator==(const 指针句柄& a, const 指针句柄& b) noexcept	按函数名执行对应处理。	operator	未在vcxproj登记
present	operator==	operator==	基础数据类型.h:474	0	friend bool operator==(const 结构体_空间坐标& a, const 结构体_空间坐标& b)	按函数名执行对应处理。	operator	未在vcxproj登记
present	operator-	operator-	基础数据类型.h:479	0	结构体_空间坐标 operator-(const 结构体_空间坐标& o) const	按函数名执行对应处理。	operator	未在vcxproj登记
present	operator*	operator*	基础数据类型.h:828	0	constexpr Vector3D operator*(double scalar) const	===== 关键：标量乘法（成员函数）=====	operator	未在vcxproj登记
present	operator/	operator/	基础数据类型.h:835	0	constexpr Vector3D operator/(double scalar) const	===== 推荐同时添加：标量除法 =====	operator	未在vcxproj登记
present	operator+	operator+	基础数据类型.h:843	0	constexpr Vector3D operator+(const Vector3D& other) const	===== 推荐添加：向量加法/减法 =====	operator	未在vcxproj登记
present	operator-	operator-	基础数据类型.h:848	0	constexpr Vector3D operator-(const Vector3D& other) const	按函数名执行对应处理。	operator	未在vcxproj登记
present	operator*=	operator*=	基础数据类型.h:855	0	Vector3D& operator*=(double scalar)	===== 推荐添加：复合赋值运算符 =====	operator	未在vcxproj登记
present	operator/=	operator/=	基础数据类型.h:861	0	Vector3D& operator/=(double scalar)	按函数名执行对应处理。	operator	未在vcxproj登记
present	operator+=	operator+=	基础数据类型.h:869	0	Vector3D& operator+=(const Vector3D& other)	按函数名执行对应处理。	operator	未在vcxproj登记
present	operator-=	operator-=	基础数据类型.h:875	0	Vector3D& operator-=(const Vector3D& other)	按函数名执行对应处理。	operator	未在vcxproj登记
present	operator*	operator*	基础数据类型.h:911	0	Quaternion operator*(const Quaternion& r) const noexcept	复合旋转：this ⊗ r	operator	未在vcxproj登记
present	operator*	operator*	基础数据类型.h:949	0	constexpr Vector3D operator*(double scalar, const Vector3D& vec)	===== 额外：非成员函数版本，支持 double * Vector3D（如 0.5 * vec）=====	operator	未在vcxproj登记
present	operator/	operator/	基础数据类型.h:954	0	constexpr Vector3D operator/(double scalar, const Vector3D& vec)	按函数名执行对应处理。	operator	未在vcxproj登记
present	外设线程_D455深度相机类::~外设线程_D455深度相机类	~外设线程_D455深度相机类	外设线程_D455深度相机.ixx:3402	0	外设线程_D455深度相机类::~外设线程_D455深度相机类()	释放或收束对象资源。	ctor_dtor	ClCompile
present	~结构_窗口线程运行守卫	~结构_窗口线程运行守卫	控制面板WebView2.cpp:87	0	~结构_窗口线程运行守卫()	释放或收束对象资源。	ctor_dtor	ClCompile
present	控制面板摘要线程类::~控制面板摘要线程类	~控制面板摘要线程类	控制面板摘要线程模块.impl.cpp:494	0	控制面板摘要线程类::~控制面板摘要线程类()	释放或收束对象资源。	ctor_dtor	ClCompile
present	~结构_COM初始化	~结构_COM初始化	数据库ADO模块.cpp:140	0	~结构_COM初始化()	释放或收束对象资源。	ctor_dtor	ClCompile
present	自我类::~自我类	~自我类	自我类.cpp:814	0	自我类::~自我类()	释放或收束对象资源。	ctor_dtor	ClCompile
present	自我线程类::~自我线程类	~自我线程类	自我线程模块.impl.cpp:14390	0	自我线程类::~自我线程类()	释放或收束对象资源。	ctor_dtor	ClCompile
present	~结构_抢占执行前许可审批守卫	~结构_抢占执行前许可审批守卫	自我线程模块.impl.cpp:15677	0	~结构_抢占执行前许可审批守卫() noexcept	释放或收束对象资源。	ctor_dtor	ClCompile
present	~结构_抢占任务管理成功结果守卫	~结构_抢占任务管理成功结果守卫	自我线程模块.impl.cpp:15770	0	~结构_抢占任务管理成功结果守卫() noexcept	释放或收束对象资源。	ctor_dtor	ClCompile
present	~结构_抢占任务管理派生需求守卫	~结构_抢占任务管理派生需求守卫	自我线程模块.impl.cpp:15868	0	~结构_抢占任务管理派生需求守卫() noexcept	释放或收束对象资源。	ctor_dtor	ClCompile
present	~结构_抢占观察事实承接落账守卫	~结构_抢占观察事实承接落账守卫	自我线程模块.impl.cpp:15966	0	~结构_抢占观察事实承接落账守卫() noexcept	释放或收束对象资源。	ctor_dtor	ClCompile
present	自检线程类::~自检线程类	~自检线程类	自检线程模块.impl.cpp:1429	0	自检线程类::~自检线程类()	释放或收束对象资源。	ctor_dtor	ClCompile
present	语素类::~语素类	~语素类	语素类.cpp:683	0	语素类::~语素类()	释放或收束对象资源。	ctor_dtor	ClCompile
present	语言类::~语言类	~语言类	语言类.cpp:27	0	语言类::~语言类()	释放或收束对象资源。	ctor_dtor	ClCompile
present	~私有_自我线程守卫	~私有_自我线程守卫	鱼巢.cpp:1032	0	~私有_自我线程守卫()	释放或收束对象资源。	ctor_dtor	ClCompile
present	~结构_控制台自动刷新守卫	~结构_控制台自动刷新守卫	鱼巢.cpp:1504	0	~结构_控制台自动刷新守卫()	释放或收束对象资源。	ctor_dtor	ClCompile
present	私有_节点在子树	私有_节点在子树	世界树类.cpp:83	1	bool 私有_节点在子树(const 基础信息节点类* 根, const 基础信息节点类* 节点) noexcept	服务所在模块的内部辅助流程。		ClCompile	世界树类.cpp:83
present	解析状态引用_筹办查询	解析状态引用_筹办查询	任务模块.筹办.ixx:1165	1	状态节点类* 解析状态引用_筹办查询( const 可解析引用<状态节点类>& 引用) noexcept	解析输入文本、消息、场景或运行包。		ClCompile	任务模块.筹办.ixx:1165
present	按方法主键查找方法	按方法主键查找方法	任务模块.筹办.ixx:2548	1	方法节点* 按方法主键查找方法( 自我类& 自我对象, const std::string& 方法主键) noexcept	按条件查找目标对象、方法或事实。		ClCompile	任务模块.筹办.ixx:2548
present	方法结果项承接任务需求	方法结果项承接任务需求	任务模块.筹办.ixx:2812	1	bool 方法结果项承接任务需求( const 结构_方法结果项& 结果项, const 语素入口节点类* 目标特征类型, const 需求节点* 来源需求) noexcept	按函数名执行对应处理。		ClCompile	任务模块.筹办.ixx:2812
present	私有_写入场景节点引用	私有_写入场景节点引用	任务模块.管理工作线程.ixx:231	1	void 私有_写入场景节点引用( 可解析引用<场景节点类>& 输出, 场景节点类* 节点) noexcept	把处理结果写入指定对象、场景或日志。		ClCompile	任务模块.管理工作线程.ixx:231
present	私有_特征_建议任务状态	私有_特征_建议任务状态	任务模块.管理工作线程.ixx:270	1	const 语素入口节点类* 私有_特征_建议任务状态() noexcept	服务所在模块的内部辅助流程。		ClCompile	任务模块.管理工作线程.ixx:270
present	私有_特征_建议任务阶段	私有_特征_建议任务阶段	任务模块.管理工作线程.ixx:273	1	const 语素入口节点类* 私有_特征_建议任务阶段() noexcept	服务所在模块的内部辅助流程。		ClCompile	任务模块.管理工作线程.ixx:273
present	私有_特征_方法运行结果	私有_特征_方法运行结果	任务模块.管理工作线程.ixx:306	1	const 语素入口节点类* 私有_特征_方法运行结果() noexcept	执行对应模块、线程或方法的运行逻辑。		ClCompile	任务模块.管理工作线程.ixx:306
present	私有_值_执行缺口_需求未满足	私有_值_执行缺口_需求未满足	任务模块.管理工作线程.ixx:336	1	const 语素入口节点类* 私有_值_执行缺口_需求未满足() noexcept	执行任务、方法或动作的主体逻辑。		ClCompile	任务模块.管理工作线程.ixx:336
present	私有_读取任务可执行输入参数场景	私有_读取任务可执行输入参数场景	任务模块.管理工作线程.ixx:386	1	场景节点类* 私有_读取任务可执行输入参数场景(任务节点* 任务) noexcept	从指定来源读取数据或状态。		ClCompile	任务模块.管理工作线程.ixx:386
present	私有_从筹办运行回执推导状况	私有_从筹办运行回执推导状况	任务模块.管理工作线程.ixx:402	1	任务模块::筹办::枚举_任务推进状况 私有_从筹办运行回执推导状况( 枚举_任务状态 建议状态, const 语素入口节点类* 筹办缺口) noexcept	执行对应模块、线程或方法的运行逻辑。		ClCompile	任务模块.管理工作线程.ixx:402
present	私有_消费任务调度队列_按请求	私有_消费任务调度队列_按请求	任务模块.管理界面线程.impl.cpp:6418	1	void 私有_消费任务调度队列_按请求( 自我类& 自我对象, 任务管理线程协议::结构_任务治理请求& 请求, 任务管理线程协议::结构_任务界面承接结果& 承接, 存在节点类* 任务存在, 时间戳 now, std::size_t 本轮最大消费数, std::uint64_t& 派发工作项数, std::uint64_t& 收到工作结果数) noexcept	服务所在模块的内部辅助流程。		ClCompile	任务模块.管理界面线程.impl.cpp:6418
present	私有_消费任务调度队列	私有_消费任务调度队列	任务模块.管理界面线程.impl.cpp:6584	1	void 私有_消费任务调度队列( 自我类& 自我对象, 时间戳 now, std::size_t 本轮最大消费数, std::uint64_t& 派发工作项数, std::uint64_t& 收到工作结果数) noexcept	服务所在模块的内部辅助流程。		ClCompile	任务模块.管理界面线程.impl.cpp:6584
present	队列深度	队列深度	动作线程类.ixx:131	1	std::size_t 队列深度()	按函数名执行对应处理。		ClCompile	动作线程类.ixx:131
present	摘要语义相同	摘要语义相同	动作验证报告类.h:164	1	inline bool 摘要语义相同( const 结构_动作验证报告摘要& 左, const 结构_动作验证报告摘要& 右)	按函数名执行对应处理。		ClInclude	动作验证报告类.h:164
present	查找主键_当前链	查找主键_当前链	双向链表模板核心.h:398	1	节点类* 查找主键_当前链(节点类* 当前节点, const std::string& 主键) const	按条件查找目标对象、方法或事实。		ClInclude	双向链表模板核心.h:398
present	删除子链	删除子链	双向链表模板核心.h:562	1	void 删除子链(节点类* 父节点)	删除指定对象、状态或登记项。		ClInclude	双向链表模板核心.h:562
present	私有_解析场景引用_因果	私有_解析场景引用_因果	因果类.cpp:234	1	static 场景节点类* 私有_解析场景引用_因果(基础信息类* 基础信息, const 可解析引用<场景节点类>& 引用) noexcept	解析场景引用对应的节点。		ClCompile	因果类.cpp:234
present	私有_状态引用命中目标	私有_状态引用命中目标	因果类.cpp:393	1	static bool 私有_状态引用命中目标( 基础信息类* 基础信息, const 可解析引用<状态节点类>& 状态引用, const 状态节点类* 目标状态)	服务所在模块的内部辅助流程。		ClCompile	因果类.cpp:393
present	私有_状态迁移标量区间_因果	私有_状态迁移标量区间_因果	因果类.cpp:646	1	static std::optional<I64区间> 私有_状态迁移标量区间_因果( 基础信息类* 基础信息, const 二次特征节点类* 二次特征) noexcept	从状态迁移二次特征提取可融合的标量区间。		ClCompile	因果类.cpp:646
present	设置当前值	设置当前值	基础信息主信息类.h:372	1	void 设置当前值(const 特征值& v)	设置对象字段、状态或运行参数。		ClInclude	基础信息主信息类.h:372
present	语义相同	语义相同	基础信息主信息类.h:672	1	bool 语义相同(const 二次特征主信息类& 右) const	按函数名执行对应处理。		ClInclude	基础信息主信息类.h:672
present	深度_at	深度_at	基础数据类型.h:1123	1	[[nodiscard]] inline double 深度_at(int u, int v) const noexcept	按函数名执行对应处理。		未在vcxproj登记	基础数据类型.h:1123
present	颜色_at	颜色_at	基础数据类型.h:1126	1	[[nodiscard]] inline Color 颜色_at(int u, int v) const noexcept	按函数名执行对应处理。		未在vcxproj登记	基础数据类型.h:1126
present	获取	获取	基础数据类型.h:142	1	T节点* 获取() const noexcept	读取并返回指定对象、状态或运行材料。		未在vcxproj登记	基础数据类型.h:142
present	特征快照有值	特征快照有值	基础数据类型.h:250	1	inline bool 特征快照有值(const 特征快照值& v) noexcept	按函数名执行对应处理。		未在vcxproj登记	基础数据类型.h:250
present	时间差_微秒	时间差_微秒	基础数据类型.h:544	1	static 时间戳 时间差_微秒(时间戳 t0, 时间戳 t1) noexcept	计算时间差（微秒，返回无符号；如果担心顺序，提供一个有符号版本更安全）		未在vcxproj登记	基础数据类型.h:544
present	编码I64为U64	编码I64为U64	基础数据类型.h:650	1	inline constexpr std::uint64_t 编码I64为U64(const I64 值) noexcept	按函数名执行对应处理。		未在vcxproj登记	基础数据类型.h:650
present	解码U64为I64	解码U64为I64	基础数据类型.h:656	1	inline constexpr I64 解码U64为I64(const std::uint64_t 值) noexcept	按函数名执行对应处理。		未在vcxproj登记	基础数据类型.h:656
present	旋转	旋转	基础数据类型.h:923	1	Vector3D 旋转(const Vector3D& v) const noexcept	旋转向量：v' = q ⊗ (0,v) ⊗ q* (注意：取决于你对 q 的语义约定；此处提供常用形式)		未在vcxproj登记	基础数据类型.h:923
present	D455_按簇ID查找观察像素簇	D455_按簇ID查找观察像素簇	外设线程_D455深度相机.ixx:1842	1	const 结构_外设观察像素簇摘要* D455_按簇ID查找观察像素簇( const std::vector<结构_外设观察像素簇摘要>& 簇集合, std::int64_t 簇ID) noexcept	按条件查找目标对象、方法或事实。		ClCompile	外设线程_D455深度相机.ixx:1842
present	获取或抛	获取或抛	度量模板注册表类.ixx:107	1	[[nodiscard]] const 模板基类& 获取或抛(枚举_模板族 模板族) const	读取并返回指定对象、状态或运行材料。		ClCompile	度量模板注册表类.ixx:107
present	私有_结果变化方向_控制面板	私有_结果变化方向_控制面板	控制面板类.cpp:3486	1	std::optional<int> 私有_结果变化方向_控制面板(枚举_结果变化方向 方向) noexcept	服务所在模块的内部辅助流程。		ClCompile	控制面板类.cpp:3486
present	私有_追加唯一片段_控制面板	私有_追加唯一片段_控制面板	控制面板类.cpp:4432	1	void 私有_追加唯一片段_控制面板( std::vector<std::string>& 片段集, std::string 片段)	服务所在模块的内部辅助流程。		ClCompile	控制面板类.cpp:4432
present	私有_查找根需求_按目标特征_控制面板	私有_查找根需求_按目标特征_控制面板	控制面板类.cpp:4466	1	const 需求节点* 私有_查找根需求_按目标特征_控制面板( const 语素入口节点类* 目标特征类型) noexcept	按条件查找目标对象、方法或事实。		ClCompile	控制面板类.cpp:4466
present	私有_需求首个任务_控制面板	私有_需求首个任务_控制面板	控制面板类.cpp:4493	1	const 任务节点* 私有_需求首个任务_控制面板(const 需求节点* 需求) noexcept	服务所在模块的内部辅助流程。		ClCompile	控制面板类.cpp:4493
present	私有_需求目标宿主基础节点_控制面板	私有_需求目标宿主基础节点_控制面板	控制面板类.cpp:4510	1	基础信息节点类* 私有_需求目标宿主基础节点_控制面板(const 需求节点* 需求) noexcept	服务所在模块的内部辅助流程。		ClCompile	控制面板类.cpp:4510
present	结果节点信息	结果节点信息	方法主信息类.h:351	1	const 结构_方法结果节点信息& 结果节点信息() const noexcept	按函数名执行对应处理。		ClInclude	方法主信息类.h:351
present	绝对相同	绝对相同	特征值主信息类.h:25	1	bool 绝对相同(const 特征值主信息类& rhs) const noexcept	按函数名执行对应处理。		ClInclude	特征值主信息类.h:25
present	计算风险安全第二层投影候选	计算风险安全第二层投影候选	自我动作实现.外设模块.ixx:508	1	inline I64 计算风险安全第二层投影候选(I64 风险安全层候选) noexcept	计算权重、状态、差值或派生结果。		ClCompile	自我动作实现.外设模块.ixx:508
present	特征_安全因果层级	特征_安全因果层级	自我动作实现.外设模块.ixx:6519	1	inline const 语素入口节点类* 特征_安全因果层级() noexcept	按函数名执行对应处理。		ClCompile	自我动作实现.外设模块.ixx:6519
present	特征_安全因果因素ID	特征_安全因果因素ID	自我动作实现.外设模块.ixx:6533	1	inline const 语素入口节点类* 特征_安全因果因素ID() noexcept	按函数名执行对应处理。		ClCompile	自我动作实现.外设模块.ixx:6533
present	服务绝对差距	服务绝对差距	自我动作实现.服务模块.ixx:2753	1	inline long double 服务绝对差距(I64 左, I64 右) noexcept	按函数名执行对应处理。		ClCompile	自我动作实现.服务模块.ixx:2753
present	有效性评分	有效性评分	自我动作实现.服务模块.ixx:2760	1	inline I64 有效性评分(枚举_服务有效性档位 档位) noexcept	按函数名执行对应处理。		ClCompile	自我动作实现.服务模块.ixx:2760
present	证据强度评分	证据强度评分	自我动作实现.服务模块.ixx:2766	1	inline I64 证据强度评分(枚举_服务证据强度档位 档位) noexcept	按函数名执行对应处理。		ClCompile	自我动作实现.服务模块.ixx:2766
present	实际结果场景复现既有结果_条件结果对归并	实际结果场景复现既有结果_条件结果对归并	自我动作实现模块.ixx:3349	1	inline bool 实际结果场景复现既有结果_条件结果对归并( const 场景节点类* 既有结果场景, const 场景节点类* 实际结果场景) noexcept	按函数名执行对应处理。		ClCompile	自我动作实现模块.ixx:3349
present	查找抽象特征_按类型	查找抽象特征_按类型	自我动作实现模块.ixx:4519	1	inline 抽象特征节点类* 查找抽象特征_按类型(const 语素入口节点类* 特征类型) noexcept	按条件查找目标对象、方法或事实。		ClCompile	自我动作实现模块.ixx:4519
present	抽象节点相同或类型相同	抽象节点相同或类型相同	自我动作实现模块.ixx:4533	1	inline bool 抽象节点相同或类型相同( const 基础信息节点类* 节点, const 基础信息节点类* 目标节点, const 语素入口节点类* 目标类型) noexcept	按函数名执行对应处理。		ClCompile	自我动作实现模块.ixx:4533
present	私有_落线程状态变化到自我内部世界	私有_落线程状态变化到自我内部世界	自我线程模块.impl.cpp:12512	1	bool 私有_落线程状态变化到自我内部世界( const 自我线程消息协议::结构_治理消息& 消息) noexcept	服务所在模块的内部辅助流程。		ClCompile	自我线程模块.impl.cpp:12512
present	私有_切换线程状态并上报_	私有_切换线程状态并上报_	自我线程模块.impl.cpp:13681	1	bool 私有_切换线程状态并上报_( const 结构_线程状态切换上报参数& 参数) noexcept	服务所在模块的内部辅助流程。		ClCompile	自我线程模块.impl.cpp:13681
present	私有_文本或默认	私有_文本或默认	自我线程模块.impl.cpp:14067	1	std::string 私有_文本或默认(const std::string& 文本, const std::string& 默认值)	服务所在模块的内部辅助流程。		ClCompile	自我线程模块.impl.cpp:14067
present	私有_确保安全风险树I64比较_线程侧	私有_确保安全风险树I64比较_线程侧	自我线程模块.impl.cpp:6161	1	二次特征节点类* 私有_确保安全风险树I64比较_线程侧( 自我类& 自我对象, 基础信息节点类* 主体, const char* 特征名, I64 当前值, I64 目标值, 时间戳 now) noexcept	确保目标结构、状态或前置条件存在并可用。		ClCompile	自我线程模块.impl.cpp:6161
present	私有_追加安全风险树缺口消息_线程侧	私有_追加安全风险树缺口消息_线程侧	自我线程模块.impl.cpp:6705	1	void 私有_追加安全风险树缺口消息_线程侧( 结构_安全因果风险树线程维护结果& 结果, const 任务节点* 任务头, const 需求节点* 来源需求, 因果节点类* 来源因果, 基础信息节点类* 目标主体, const 语素入口节点类* 目标特征, 状态节点类* 当前状态, 状态节点类* 目标状态, 时间戳 now) noexcept	服务所在模块的内部辅助流程。		ClCompile	自我线程模块.impl.cpp:6705
present	私有_按需求创建任务头_任务管理新链	私有_按需求创建任务头_任务管理新链	自我线程模块.impl.cpp:7959	1	任务节点* 私有_按需求创建任务头_任务管理新链( 自我类& 自我对象, 需求节点* 需求节点, 时间戳 now) noexcept	创建并返回或登记对应对象。		ClCompile	自我线程模块.impl.cpp:7959
present	私有_按需求创建任务头_任务管理提交链	私有_按需求创建任务头_任务管理提交链	自我线程模块.impl.cpp:8599	1	任务节点* 私有_按需求创建任务头_任务管理提交链( 自我类& 自我对象, 需求节点* 需求节点, 时间戳 now) noexcept	创建并返回或登记对应对象。		ClCompile	自我线程模块.impl.cpp:8599
present	私有_刷新需求列表并确保需求相关任务_任务管理提交链	私有_刷新需求列表并确保需求相关任务_任务管理提交链	自我线程模块.impl.cpp:8611	1	void 私有_刷新需求列表并确保需求相关任务_任务管理提交链( 自我类& 自我对象, std::vector<自我线程类::结构_需求列表项>* 服务优先需求列表, std::vector<自我线程类::结构_需求列表项>* 安全优先需求列表, 时间戳 now)	提交事实、动态、任务状态或运行回执。		ClCompile	自我线程模块.impl.cpp:8611
present	私有_确保当前场景特征值路径宿主_线程侧	私有_确保当前场景特征值路径宿主_线程侧	自我线程模块.impl.cpp:9820	1	存在节点类* 私有_确保当前场景特征值路径宿主_线程侧( 自我类& 自我对象, const 需求节点* 来源需求, const char* 路径名, const bool 是OR组宿主) noexcept	确保目标结构、状态或前置条件存在并可用。		ClCompile	自我线程模块.impl.cpp:9820
present	私有_创建当前场景特征值逻辑组织子需求_线程侧	私有_创建当前场景特征值逻辑组织子需求_线程侧	自我线程模块.impl.cpp:9858	1	需求节点* 私有_创建当前场景特征值逻辑组织子需求_线程侧( 自我类& 自我对象, 需求节点* 父需求, 存在节点类* 目标宿主, const 需求类::枚举_需求获取途径 获取途径, const bool 激活路径, const std::string& 来源因果主键, const 时间戳 now) noexcept	创建并返回或登记对应对象。		ClCompile	自我线程模块.impl.cpp:9858
present	私有_查询来源因果生产者分级	私有_查询来源因果生产者分级	需求类.cpp:817	1	枚举_枚举目标生产者分级 私有_查询来源因果生产者分级( const std::string& 来源因果主键, const 语素入口节点类* 目标特征类型) noexcept	服务所在模块的内部辅助流程。		ClCompile	需求类.cpp:817
present	查找直接子需求_按目标重叠	查找直接子需求_按目标重叠	需求类.h:608	1	节点类* 查找直接子需求_按目标重叠( 节点类* 父需求, const 需求主信息类& 候选主信息) noexcept	按条件查找目标对象、方法或事实。		ClInclude	需求类.h:608
present	收集直接子需求目标视图	收集直接子需求目标视图	需求类.h:618	1	std::vector<结构_需求目标视图项> 收集直接子需求目标视图(节点类* 父需求) noexcept	按函数名执行对应处理。		ClInclude	需求类.h:618
present	私有_包含片段	私有_包含片段	鱼巢.cpp:684	1	bool 私有_包含片段(const std::string& 文本, const std::string& 片段) noexcept	服务所在模块的内部辅助流程。		ClCompile	鱼巢.cpp:684
present	转换时间域	转换时间域	D455相机类.cpp:310	2	static 枚举_时间域 转换时间域(rs2_timestamp_domain domain)	把输入数据转换为目标类型、语义或结构。		ClCompile	D455相机类.cpp:138 | D455相机类.cpp:310
present	读取对齐彩色	读取对齐彩色	D455相机类.cpp:404	2	void 读取对齐彩色(const rs2::video_frame& color, 结构体_原始场景帧& out)	从指定来源读取数据或状态。		ClCompile	D455相机类.cpp:164 | D455相机类.cpp:404
present	读取双目红外	读取双目红外	D455相机类.cpp:494	2	void 读取双目红外(const rs2::frameset& frames, 结构体_原始场景帧& out)	从指定来源读取数据或状态。		ClCompile	D455相机类.cpp:166 | D455相机类.cpp:494
present	生成点云	生成点云	D455相机类.cpp:516	2	void 生成点云(结构体_原始场景帧& 帧)	根据当前输入生成目标数据、场景、动态或回执。		ClCompile	D455相机类.cpp:168 | D455相机类.cpp:516
present	形态学_闭运算	形态学_闭运算	D455相机类.cpp:543	2	static void 形态学_闭运算(std::vector<std::uint8_t>& m, int w, int h, int r)	按函数名执行对应处理。		ClCompile	D455相机类.cpp:543 | D455相机类.cpp:667
present	生成前景掩膜	生成前景掩膜	D455相机类.cpp:635	2	void 生成前景掩膜(const 结构体_原始场景帧& 帧, std::vector<std::uint8_t>& outMask)	根据当前输入生成目标数据、场景、动态或回执。		ClCompile	D455相机类.cpp:635 | D455相机类.cpp:688
present	提取轮廓	提取轮廓	D455相机类.cpp:680	2	void 提取轮廓(结构体_原始场景帧& 帧, std::vector<结构体_轮廓观测>& out)	按函数名执行对应处理。		ClCompile	D455相机类.cpp:172 | D455相机类.cpp:680
present	私有_确保概念特征槽	私有_确保概念特征槽	世界树类.cpp:136	2	bool 私有_确保概念特征槽(世界树类& 世界树对象, 存在节点类* 概念, const char* 特征名) noexcept	确保目标结构、状态或前置条件存在并可用。		ClCompile	世界树类.cpp:136 | 世界树类.cpp:170
present	世界树类::升格实例稳态为抽象区间	升格实例稳态为抽象区间	世界树类.cpp:1758	2	抽象特征节点类* 世界树类::升格实例稳态为抽象区间(特征节点类* 实例特征)	按函数名执行对应处理。		ClCompile	世界树类.cpp:1758 | 世界树类.h:150
present	私有_VecU差异率Q10000	私有_VecU差异率Q10000	世界树类.cpp:192	2	I64 私有_VecU差异率Q10000(const VecIU64& 左值, const VecIU64& 右值) noexcept	服务所在模块的内部辅助流程。		ClCompile	世界树类.cpp:192 | 世界树类.cpp:3389
present	私有_世界树SQL投影互斥	私有_世界树SQL投影互斥	世界树类.cpp:280	2	std::mutex& 私有_世界树SQL投影互斥() noexcept	服务所在模块的内部辅助流程。		ClCompile	世界树类.cpp:280 | 世界树类.cpp:1297
present	世界树类::刷新存在比较二次特征	刷新存在比较二次特征	世界树类.cpp:3191	2	std::vector<二次特征节点类*> 世界树类::刷新存在比较二次特征( 存在节点类* 左存在, 存在节点类* 右存在, const 集合比较参数& 参数)	比较当前值、目标值或历史基准。		ClCompile	世界树类.cpp:3191 | 世界树类.h:610
present	世界树类::写入存在观测位置	写入存在观测位置	世界树类.cpp:3356	2	bool 世界树类::写入存在观测位置(存在节点类* 节点, const Vector3D& 位置_mm)	把处理结果写入指定对象、场景或日志。		ClCompile	世界树类.cpp:3356 | 世界树类.h:642
present	私有_世界树SQL世界类型文本	私有_世界树SQL世界类型文本	世界树类.cpp:342	2	const char* 私有_世界树SQL世界类型文本(const 枚举_世界类型 类型) noexcept	服务所在模块的内部辅助流程。		ClCompile	世界树类.cpp:342 | 世界树类.cpp:574
present	私有_世界树SQL收集关系	私有_世界树SQL收集关系	世界树类.cpp:469	2	void 私有_世界树SQL收集关系( const 基础信息节点类* 节点, const int 宿主行号, std::vector<结构_世界树SQL关系行>& 关系集)	服务所在模块的内部辅助流程。		ClCompile	世界树类.cpp:469 | 世界树类.cpp:669
present	私有_世界树SQL填充节点主信息	私有_世界树SQL填充节点主信息	世界树类.cpp:544	2	void 私有_世界树SQL填充节点主信息(const 基础信息节点类* 节点, 结构_世界树SQL节点行& 行)	服务所在模块的内部辅助流程。		ClCompile	世界树类.cpp:544 | 世界树类.cpp:666
present	私有_解析世界树SQL关系序号	私有_解析世界树SQL关系序号	世界树类.cpp:684	2	void 私有_解析世界树SQL关系序号( const std::vector<结构_世界树SQL节点行>& 节点集, std::vector<结构_世界树SQL关系行>& 关系集)	解析输入文本、消息、场景或运行包。		ClCompile	世界树类.cpp:684 | 世界树类.cpp:1331
present	私有_世界树SQL建库脚本	私有_世界树SQL建库脚本	世界树类.cpp:704	2	std::string 私有_世界树SQL建库脚本()	服务所在模块的内部辅助流程。		ClCompile	世界树类.cpp:704 | 世界树类.cpp:1337
present	私有_世界树SQL建表脚本	私有_世界树SQL建表脚本	世界树类.cpp:712	2	std::string 私有_世界树SQL建表脚本()	服务所在模块的内部辅助流程。		ClCompile	世界树类.cpp:712 | 世界树类.cpp:1338
present	私有_世界树SQL视图脚本	私有_世界树SQL视图脚本	世界树类.cpp:859	2	std::string 私有_世界树SQL视图脚本()	服务所在模块的内部辅助流程。		ClCompile	世界树类.cpp:859 | 世界树类.cpp:1339
present	私有_构造世界树SQL重写脚本	私有_构造世界树SQL重写脚本	世界树类.cpp:933	2	std::string 私有_构造世界树SQL重写脚本( const std::vector<结构_世界树SQL节点行>& 节点集, const std::vector<结构_世界树SQL关系行>& 关系集, const std::string& 来源原因)	服务所在模块的内部辅助流程。		ClCompile	世界树类.cpp:933 | 世界树类.cpp:1343
present	私有_标准化动态单元列表	私有_标准化动态单元列表	二次特征应用模块.ixx:1080	2	std::vector<结构_动态视图片段> 私有_标准化动态单元列表( 世界树类* 世界树, 动态节点类* 动态, 结构_动态视图片段& 整体片段)	服务所在模块的内部辅助流程。		ClCompile	二次特征应用模块.ixx:1080 | 二次特征应用模块.ixx:1571
present	私有_收集条件候选	私有_收集条件候选	二次特征应用模块.ixx:1138	2	void 私有_收集条件候选( 世界树类* 世界树, 场景节点类* 场景, const std::vector<二次特征节点类*>& 结果候选, std::vector<二次特征节点类*>& 条件候选)	服务所在模块的内部辅助流程。		ClCompile	二次特征应用模块.ixx:1138 | 二次特征应用模块.ixx:2070
present	私有_回写因果模板命中	私有_回写因果模板命中	二次特征应用模块.ixx:1255	2	void 私有_回写因果模板命中( 世界树类* 世界树, 场景节点类* 场景, 动态节点类* 动态, const 结构_动态视图片段& 整体片段, const std::vector<因果模板节点类*>& 命中模板)	服务所在模块的内部辅助流程。		ClCompile	二次特征应用模块.ixx:1255 | 二次特征应用模块.ixx:2098
present	私有_获取动态二次特征	私有_获取动态二次特征	二次特征应用模块.ixx:1322	2	std::vector<二次特征节点类*> 私有_获取动态二次特征( 世界树类* 世界树, 场景节点类* 场景, 动态节点类* 动态)	读取并返回指定对象、状态或运行材料。		ClCompile	二次特征应用模块.ixx:1322 | 二次特征应用模块.ixx:2792
present	私有_取词键	私有_取词键	二次特征应用模块.ixx:2117	2	std::string 私有_取词键(const 语素入口节点类* 词)	服务所在模块的内部辅助流程。		ClCompile	二次特征应用模块.ixx:2117 | 二次特征应用模块.ixx:3031
present	私有_轮廓比较状态文本	私有_轮廓比较状态文本	二次特征应用模块.ixx:2123	2	const char* 私有_轮廓比较状态文本(const 枚举_轮廓比较状态 状态) noexcept	比较当前值、目标值或历史基准。		ClCompile	二次特征应用模块.ixx:2123 | 二次特征应用模块.ixx:3107
present	私有_同类事件来源流	私有_同类事件来源流	二次特征应用模块.ixx:2136	2	bool 私有_同类事件来源流(const 结构_动态视图片段& 左, const 结构_动态视图片段& 右) noexcept	服务所在模块的内部辅助流程。		ClCompile	二次特征应用模块.ixx:2136 | 二次特征应用模块.ixx:3413
present	二次特征生成模块::绑定世界树	绑定世界树	二次特征应用模块.ixx:2218	2	void 二次特征生成模块::绑定世界树(世界树类* 世界树) noexcept	建立对象、任务、方法或因果之间的绑定关系。		ClCompile	二次特征应用模块.ixx:427 | 二次特征应用模块.ixx:2218
present	二次特征生成模块::创建任务结果方向二次特征	创建任务结果方向二次特征	二次特征应用模块.ixx:2224	2	二次特征节点类* 二次特征生成模块::创建任务结果方向二次特征( 场景节点类* 场景, 状态节点类* 当前状态, 状态节点类* 结果状态, 基础信息节点类* 任务主体)	创建并返回或登记对应对象。		ClCompile	二次特征应用模块.ixx:429 | 二次特征应用模块.ixx:2224
present	二次特征生成模块::读取场景二次特征标量	读取场景二次特征标量	二次特征应用模块.ixx:2556	2	std::optional<I64> 二次特征生成模块::读取场景二次特征标量( 场景节点类* 场景, const 基础信息节点类* 特征节点, 方向掩码 方向约束, const 基础信息节点类* 主体, const std::optional<枚举_二次特征域>& 域) const noexcept	从指定来源读取数据或状态。		ClCompile	二次特征应用模块.ixx:460 | 二次特征应用模块.ixx:2556
present	二次特征生成模块::取或创建场景条件二次特征_布尔	取或创建场景条件二次特征_布尔	二次特征应用模块.ixx:2576	2	二次特征节点类* 二次特征生成模块::取或创建场景条件二次特征_布尔( 场景节点类* 条件场景, const std::string& 度量签名_链键, const char* 概念文本)	创建并返回或登记对应对象。		ClCompile	二次特征应用模块.ixx:466 | 二次特征应用模块.ixx:2576
present	二次特征生成模块::由状态比较生成二次特征	由状态比较生成二次特征	二次特征应用模块.ixx:2667	2	二次特征节点类* 二次特征生成模块::由状态比较生成二次特征( 状态节点类* 左状态, 状态节点类* 右状态)	根据当前输入生成目标数据、场景、动态或回执。		ClCompile	二次特征应用模块.ixx:483 | 二次特征应用模块.ixx:2667
present	判断状态结果方向	判断状态结果方向	二次特征应用模块.ixx:318	2	inline bool 判断状态结果方向( 世界树类* 世界树, const 状态节点类* 当前状态, const 状态节点类* 结果状态, std::int32_t& 输出方向) noexcept	判断条件、状态或业务结果是否成立。		ClCompile	二次特征应用模块.ixx:318 | 二次特征应用模块.ixx:760
present	私有_动态二次特征生成采样序号	私有_动态二次特征生成采样序号	二次特征应用模块.ixx:549	2	inline std::uint64_t 私有_动态二次特征生成采样序号(std::uint64_t 总耗时微秒) noexcept	根据当前输入生成目标数据、场景、动态或回执。		ClCompile	二次特征应用模块.ixx:549 | 二次特征应用模块.ixx:1381
present	私有_动态二次特征分步结果采样序号	私有_动态二次特征分步结果采样序号	二次特征应用模块.ixx:563	2	inline std::uint64_t 私有_动态二次特征分步结果采样序号(std::uint64_t 总耗时微秒) noexcept	服务所在模块的内部辅助流程。		ClCompile	二次特征应用模块.ixx:563 | 二次特征应用模块.ixx:1434
present	私有_动态二次特征条件候选收集采样序号	私有_动态二次特征条件候选收集采样序号	二次特征应用模块.ixx:577	2	inline std::uint64_t 私有_动态二次特征条件候选收集采样序号(std::uint64_t 总耗时微秒) noexcept	服务所在模块的内部辅助流程。		ClCompile	二次特征应用模块.ixx:577 | 二次特征应用模块.ixx:1160
present	私有_动态二次特征命中回写因果证据动态采样序号	私有_动态二次特征命中回写因果证据动态采样序号	二次特征应用模块.ixx:591	2	inline std::uint64_t 私有_动态二次特征命中回写因果证据动态采样序号(std::uint64_t 总耗时微秒) noexcept	服务所在模块的内部辅助流程。		ClCompile	二次特征应用模块.ixx:591 | 二次特征应用模块.ixx:1272
present	私有_同类事件段聚合采样序号	私有_同类事件段聚合采样序号	二次特征应用模块.ixx:605	2	inline std::uint64_t 私有_同类事件段聚合采样序号(std::uint64_t 总耗时微秒) noexcept	服务所在模块的内部辅助流程。		ClCompile	二次特征应用模块.ixx:605 | 二次特征应用模块.ixx:3284
present	私有_二次特征主体匹配	私有_二次特征主体匹配	二次特征应用模块.ixx:703	2	bool 私有_二次特征主体匹配( const 二次特征主信息类* 主信息, const 基础信息节点类* 主体) noexcept	服务所在模块的内部辅助流程。		ClCompile	二次特征应用模块.ixx:703 | 二次特征应用模块.ixx:2513
present	私有_二次特征方向命中	私有_二次特征方向命中	二次特征应用模块.ixx:718	2	bool 私有_二次特征方向命中( const 二次特征主信息类* 主信息, 方向掩码 方向约束) noexcept	按二次特征事实值判断是否命中指定方向约束。		ClCompile	二次特征应用模块.ixx:718 | 二次特征应用模块.ixx:2520
present	概念模板_弱相等	概念模板_弱相等	二次特征应用模块.ixx:72	2	inline bool 概念模板_弱相等( const 可解析引用<二次特征节点类>& 左, const 可解析引用<二次特征节点类>& 右) noexcept	按函数名执行对应处理。		ClCompile	二次特征应用模块.ixx:72 | 二次特征应用模块.ixx:124
present	私有_任务结果方向语义键	私有_任务结果方向语义键	二次特征应用模块.ixx:743	2	const char* 私有_任务结果方向语义键(std::int32_t 编码) noexcept	服务所在模块的内部辅助流程。		ClCompile	二次特征应用模块.ixx:743 | 二次特征应用模块.ixx:2235
present	私有_推导任务结果方向编码	私有_推导任务结果方向编码	二次特征应用模块.ixx:754	2	std::int32_t 私有_推导任务结果方向编码( 世界树类* 世界树, const 状态节点类* 当前状态, const 状态节点类* 结果状态) noexcept	服务所在模块的内部辅助流程。		ClCompile	二次特征应用模块.ixx:754 | 二次特征应用模块.ixx:2234
present	私有_读取来源低层动态数量	私有_读取来源低层动态数量	二次特征应用模块.ixx:789	2	std::size_t 私有_读取来源低层动态数量(世界树类* 世界树, const 动态节点类* 动态)	从动态类读取聚合来源链数量，用于日志显示。		ClCompile	二次特征应用模块.ixx:789 | 二次特征应用模块.ixx:1406
present	私有_推断状态二次特征类型	私有_推断状态二次特征类型	二次特征应用模块.ixx:864	2	枚举_状态二次特征类型 私有_推断状态二次特征类型( const 枚举_特征值比较模式 比较方式) noexcept	服务所在模块的内部辅助流程。		ClCompile	二次特征应用模块.ixx:864 | 二次特征应用模块.ixx:2691
present	私有_状态二次特征类型文本	私有_状态二次特征类型文本	二次特征应用模块.ixx:880	2	const char* 私有_状态二次特征类型文本(const 枚举_状态二次特征类型 类型) noexcept	服务所在模块的内部辅助流程。		ClCompile	二次特征应用模块.ixx:880 | 二次特征应用模块.ixx:2744
present	私有_二次特征绑定场景采样序号	私有_二次特征绑定场景采样序号	二次特征类.cpp:133	2	std::uint64_t 私有_二次特征绑定场景采样序号(std::uint64_t 总耗时微秒) noexcept	建立对象、任务、方法或因果之间的绑定关系。		ClCompile	二次特征类.cpp:133 | 二次特征类.cpp:1009
present	二次特征类::写入离散值	写入离散值	二次特征类.cpp:1425	2	bool 二次特征类::写入离散值( 二次特征节点类* 节点, std::int32_t 离散编码, const std::string& 离散语义键, 枚举_二次特征值形态 值形态, I64 置信度)	把处理结果写入指定对象、场景或日志。		ClCompile	二次特征类.cpp:1425 | 二次特征类.h:171
present	私有_二次特征概念模板刷新采样序号	私有_二次特征概念模板刷新采样序号	二次特征类.cpp:178	2	std::uint64_t 私有_二次特征概念模板刷新采样序号(std::uint64_t 总耗时微秒) noexcept	服务所在模块的内部辅助流程。		ClCompile	二次特征类.cpp:178 | 二次特征类.cpp:1599
present	私有_二次特征签名查找创建采样序号	私有_二次特征签名查找创建采样序号	二次特征类.cpp:192	2	std::uint64_t 私有_二次特征签名查找创建采样序号(std::uint64_t 总耗时微秒) noexcept	创建并返回或登记对应对象。		ClCompile	二次特征类.cpp:192 | 二次特征类.cpp:643
present	私有_推断默认刻度	私有_推断默认刻度	二次特征类.cpp:206	2	std::vector<结构_度量刻度片_桥接> 私有_推断默认刻度(const std::string& 链键)	服务所在模块的内部辅助流程。		ClCompile	二次特征类.cpp:206 | 二次特征类.cpp:1790
present	二次特征类::注册概念小区间	注册概念小区间	二次特征类.cpp:843	2	二次特征节点类* 二次特征类::注册概念小区间( 二次特征节点类* 任意域节点或链根, const I64区间& 区间, const 语素入口节点类* 概念名称)	注册方法、模板、对象或运行入口。		ClCompile	二次特征类.cpp:843 | 二次特征类.h:116
present	二次特征类::按差值命中概念节点	按差值命中概念节点	二次特征类.cpp:891	2	二次特征节点类* 二次特征类::按差值命中概念节点(二次特征节点类* 链根, I64 差值)	按函数名执行对应处理。		ClCompile	二次特征类.cpp:891 | 二次特征类.h:121
present	二次特征类::用概念名称反查节点	用概念名称反查节点	二次特征类.cpp:927	2	二次特征节点类* 二次特征类::用概念名称反查节点(二次特征节点类* 链根, const 语素入口节点类* 概念名称)	按函数名执行对应处理。		ClCompile	二次特征类.cpp:927 | 二次特征类.h:122
present	二次特征类::删除二次特征	删除二次特征	二次特征类.cpp:954	2	bool 二次特征类::删除二次特征(二次特征节点类* 节点)	删除指定对象、状态或登记项。		ClCompile	二次特征类.cpp:954 | 二次特征类.h:123
present	同步任务管理线程补充特征语义槽	同步任务管理线程补充特征语义槽	任务模块.工作线程消息协议.ixx:335	2	inline void 同步任务管理线程补充特征语义槽(结构_任务管理线程补充特征& 特征) noexcept	同步线程、任务、场景或对象之间的状态。		ClCompile	任务模块.工作线程消息协议.ixx:335 | 任务模块.工作线程消息协议.ixx:358
present	任务管理结果状态文本	任务管理结果状态文本	任务模块.工作线程消息协议.ixx:441	2	inline const char* 任务管理结果状态文本(枚举_任务管理结果状态 状态) noexcept	按函数名执行对应处理。		ClCompile	任务模块.工作线程消息协议.ixx:441 | 任务模块.工作线程消息协议.ixx:705
present	任务管理线程运行状态文本	任务管理线程运行状态文本	任务模块.工作线程消息协议.ixx:457	2	inline const char* 任务管理线程运行状态文本(枚举_任务管理线程运行状态 状态) noexcept	执行对应模块、线程或方法的运行逻辑。		ClCompile	任务模块.工作线程消息协议.ixx:457 | 任务模块.工作线程消息协议.ixx:609
present	任务管理线程结束状态文本	任务管理线程结束状态文本	任务模块.工作线程消息协议.ixx:474	2	inline const char* 任务管理线程结束状态文本(枚举_任务管理线程结束状态 状态) noexcept	按函数名执行对应处理。		ClCompile	任务模块.工作线程消息协议.ixx:474 | 任务模块.工作线程消息协议.ixx:614
present	任务管理控制意图值文本	任务管理控制意图值文本	任务模块.工作线程消息协议.ixx:490	2	inline const char* 任务管理控制意图值文本(枚举_任务管理控制意图值 控制意图) noexcept	按函数名执行对应处理。		ClCompile	任务模块.工作线程消息协议.ixx:490 | 任务模块.工作线程消息协议.ixx:621
present	任务管理控制响应状态文本	任务管理控制响应状态文本	任务模块.工作线程消息协议.ixx:509	2	inline const char* 任务管理控制响应状态文本(枚举_任务管理控制响应状态 状态) noexcept	按函数名执行对应处理。		ClCompile	任务模块.工作线程消息协议.ixx:509 | 任务模块.工作线程消息协议.ixx:622
present	任务管理派生需求类型文本	任务管理派生需求类型文本	任务模块.工作线程消息协议.ixx:525	2	inline const char* 任务管理派生需求类型文本(枚举_任务管理派生需求类型 类型) noexcept	按函数名执行对应处理。		ClCompile	任务模块.工作线程消息协议.ixx:525 | 任务模块.工作线程消息协议.ixx:634
present	任务管理因果路径生成类型文本	任务管理因果路径生成类型文本	任务模块.工作线程消息协议.ixx:544	2	inline const char* 任务管理因果路径生成类型文本(枚举_任务管理因果路径生成类型 类型) noexcept	根据当前输入生成目标数据、场景、动态或回执。		ClCompile	任务模块.工作线程消息协议.ixx:544 | 任务模块.工作线程消息协议.ixx:664
present	任务管理阻塞级别文本	任务管理阻塞级别文本	任务模块.工作线程消息协议.ixx:562	2	inline const char* 任务管理阻塞级别文本(枚举_任务管理阻塞级别 级别) noexcept	按函数名执行对应处理。		ClCompile	任务模块.工作线程消息协议.ixx:562 | 任务模块.工作线程消息协议.ixx:635
present	构造任务管理线程状态消息文本	构造任务管理线程状态消息文本	任务模块.工作线程消息协议.ixx:604	2	inline std::string 构造任务管理线程状态消息文本(const 结构_任务管理线程状态消息& 消息)	按函数名执行对应处理。		ClCompile	任务模块.工作线程消息协议.ixx:604 | 自我线程模块.消息协议.ixx:1436
present	构造任务管理结果状态消息文本	构造任务管理结果状态消息文本	任务模块.工作线程消息协议.ixx:700	2	inline std::string 构造任务管理结果状态消息文本(const 结构_任务管理结果状态消息& 消息)	按函数名执行对应处理。		ClCompile	任务模块.工作线程消息协议.ixx:700 | 自我线程模块.消息协议.ixx:1597
present	构造任务管理执行前许可请求文本	构造任务管理执行前许可请求文本	任务模块.工作线程消息协议.ixx:763	2	inline std::string 构造任务管理执行前许可请求文本( const 结构_任务管理执行前许可请求消息& 消息)	执行任务、方法或动作的主体逻辑。		ClCompile	任务模块.工作线程消息协议.ixx:763 | 自我线程模块.消息协议.ixx:1736
present	私有_方法动作名_执行桥_最小_v0	私有_方法动作名_执行桥_最小_v0	任务模块.执行.ixx:105	2	inline const 语素入口节点类* 私有_方法动作名_执行桥_最小_v0(const 方法类::节点类* 方法首节点) noexcept	执行任务、方法或动作的主体逻辑。		ClCompile	任务模块.执行.ixx:105 | 任务模块.执行.ixx:145
present	取消全部	取消全部	任务模块.执行.ixx:1057	2	void 取消全部()	按函数名执行对应处理。		ClCompile	任务模块.执行.ixx:1057 | 任务模块.执行.ixx:1385
present	私有_创建方法调用动作动态_执行桥_最小_v0	私有_创建方法调用动作动态_执行桥_最小_v0	任务模块.执行.ixx:114	2	inline 动态节点类* 私有_创建方法调用动作动态_执行桥_最小_v0( 方法类::节点类* 方法首节点, 场景节点类* 输入场景, 场景节点类* 输出场景, 时间戳 开始时间, 时间戳 结束时间, bool 执行成功, std::int64_t 错误码) noexcept	创建并返回或登记对应对象。		ClCompile	任务模块.执行.ixx:114 | 任务模块.执行.ixx:1346
present	私有_同步任务执行记录_最小_v0	私有_同步任务执行记录_最小_v0	任务模块.执行.ixx:1407	2	inline void 私有_同步任务执行记录_最小_v0( 任务类::节点类* 任务, 方法类::节点类* 方法, const 特征节点类* 方法运行结果, 枚举_任务执行记账结果 记账结果, 时间戳 开始时间, 时间戳 结束时间) noexcept	同步线程、任务、场景或对象之间的状态。		ClCompile	任务模块.执行.ixx:1407 | 任务模块.执行.ixx:1515
present	私有_取任务执行方法_最小_v0	私有_取任务执行方法_最小_v0	任务模块.执行.ixx:1426	2	inline 方法类::节点类* 私有_取任务执行方法_最小_v0(任务类::节点类* 任务) noexcept	执行任务、方法或动作的主体逻辑。		ClCompile	任务模块.执行.ixx:1426 | 任务模块.执行.ixx:1534
present	私有_按方法运行结果推导任务状态_最小_v0	私有_按方法运行结果推导任务状态_最小_v0	任务模块.执行.ixx:1443	2	inline 枚举_任务状态 私有_按方法运行结果推导任务状态_最小_v0( 方法类::节点类* 当前方法, const 特征节点类* 方法运行结果, 枚举_任务执行记账结果 记账结果) noexcept	执行对应模块、线程或方法的运行逻辑。		ClCompile	任务模块.执行.ixx:1443 | 任务模块.执行.ixx:1593
present	私有_归一到任务头_执行桥_最小_v0	私有_归一到任务头_执行桥_最小_v0	任务模块.执行.ixx:178	2	inline 任务类::节点类* 私有_归一到任务头_执行桥_最小_v0(任务类::节点类* 节点) noexcept	执行任务、方法或动作的主体逻辑。		ClCompile	任务模块.执行.ixx:178 | 任务模块.执行.ixx:1477
present	私有_方法自我能力值_执行桥_最小_v0	私有_方法自我能力值_执行桥_最小_v0	任务模块.执行.ixx:191	2	inline I64 私有_方法自我能力值_执行桥_最小_v0( const 方法类::节点类* 方法) noexcept	执行任务、方法或动作的主体逻辑。		ClCompile	任务模块.执行.ixx:191 | 任务模块.执行.ixx:204
present	私有_方法匹配自我能力值_执行桥_最小_v0	私有_方法匹配自我能力值_执行桥_最小_v0	任务模块.执行.ixx:199	2	inline bool 私有_方法匹配自我能力值_执行桥_最小_v0( const 方法类::节点类* 方法, I64 自我能力值) noexcept	执行任务、方法或动作的主体逻辑。		ClCompile	任务模块.执行.ixx:199 | 任务模块.执行.ixx:220
present	私有_方法匹配自我能力值_执行桥_最小_v0	私有_方法匹配自我能力值_执行桥_最小_v0	任务模块.执行.ixx:220	2	私有_方法匹配自我能力值_执行桥_最小_v0(方法, 自我能力值))	执行任务、方法或动作的主体逻辑。		ClCompile	任务模块.执行.ixx:199 | 任务模块.执行.ixx:220
present	私有_方法最近连续成功次数特征类型_执行桥_最小_v0	私有_方法最近连续成功次数特征类型_执行桥_最小_v0	任务模块.执行.ixx:257	2	inline const 语素入口节点类* 私有_方法最近连续成功次数特征类型_执行桥_最小_v0() noexcept	执行任务、方法或动作的主体逻辑。		ClCompile	任务模块.执行.ixx:257 | 任务模块.筹办.ixx:2506
present	私有_方法条件特征类型数量_执行桥_最小_v0	私有_方法条件特征类型数量_执行桥_最小_v0	任务模块.执行.ixx:271	2	inline const 语素入口节点类* 私有_方法条件特征类型数量_执行桥_最小_v0() noexcept	执行任务、方法或动作的主体逻辑。		ClCompile	任务模块.执行.ixx:271 | 任务模块.执行.ixx:294
present	私有_方法必需条件特征类型数量_执行桥_最小_v0	私有_方法必需条件特征类型数量_执行桥_最小_v0	任务模块.执行.ixx:278	2	inline const 语素入口节点类* 私有_方法必需条件特征类型数量_执行桥_最小_v0() noexcept	执行任务、方法或动作的主体逻辑。		ClCompile	任务模块.执行.ixx:278 | 任务模块.执行.ixx:298
present	私有_方法条件类型描述为无输入_执行桥_最小_v0	私有_方法条件类型描述为无输入_执行桥_最小_v0	任务模块.执行.ixx:285	2	inline bool 私有_方法条件类型描述为无输入_执行桥_最小_v0( const 存在节点类* 方法虚拟存在) noexcept	执行任务、方法或动作的主体逻辑。		ClCompile	任务模块.执行.ixx:285 | 任务模块.执行.ixx:1264
present	私有_构造动作验证报告占位_执行桥_最小_v0	私有_构造动作验证报告占位_执行桥_最小_v0	任务模块.执行.ixx:366	2	inline 动作验证报告::结构_动作验证报告 私有_构造动作验证报告占位_执行桥_最小_v0( const 任务类::节点类* 任务, const 方法类::节点类* 方法, 时间戳 now, const char* 纠偏建议)	执行任务、方法或动作的主体逻辑。		ClCompile	任务模块.执行.ixx:366 | 任务模块.执行.ixx:404
present	私有_方法状态_待运行账_执行桥_最小_v0	私有_方法状态_待运行账_执行桥_最小_v0	任务模块.执行.ixx:453	2	inline constexpr I64 私有_方法状态_待运行账_执行桥_最小_v0() noexcept	执行对应模块、线程或方法的运行逻辑。		ClCompile	任务模块.执行.ixx:453 | 任务模块.执行.ixx:500
present	私有_方法状态_待稳定_执行桥_最小_v0	私有_方法状态_待稳定_执行桥_最小_v0	任务模块.执行.ixx:456	2	inline constexpr I64 私有_方法状态_待稳定_执行桥_最小_v0() noexcept	执行任务、方法或动作的主体逻辑。		ClCompile	任务模块.执行.ixx:456 | 任务模块.执行.ixx:505
present	私有_方法当前可用_执行桥_最小_v0	私有_方法当前可用_执行桥_最小_v0	任务模块.执行.ixx:556	2	inline bool 私有_方法当前可用_执行桥_最小_v0( 方法类::节点类* 方法, 时间戳 now) noexcept	执行任务、方法或动作的主体逻辑。		ClCompile	任务模块.执行.ixx:556 | 任务模块.执行.ixx:1241
present	私有_执行输出特征_派生需求_执行桥_最小_v0	私有_执行输出特征_派生需求_执行桥_最小_v0	任务模块.执行.ixx:637	2	inline const 语素入口节点类* 私有_执行输出特征_派生需求_执行桥_最小_v0() noexcept	执行任务、方法或动作的主体逻辑。		ClCompile	任务模块.执行.ixx:637 | 任务模块.执行.ixx:708
present	私有_方法调用动作动态特征类型_执行桥_最小_v0	私有_方法调用动作动态特征类型_执行桥_最小_v0	任务模块.执行.ixx:75	2	inline const 语素入口节点类* 私有_方法调用动作动态特征类型_执行桥_最小_v0() noexcept	执行任务、方法或动作的主体逻辑。		ClCompile	任务模块.执行.ixx:75 | 任务模块.执行.ixx:133
present	私有_填充参数配对缺口执行结果_执行桥_最小_v0	私有_填充参数配对缺口执行结果_执行桥_最小_v0	任务模块.执行.ixx:812	2	inline 特征节点类* 私有_填充参数配对缺口执行结果_执行桥_最小_v0( 方法类::节点类* 方法, 基础信息节点类* 参数目标主体, 场景节点类*& 结果场景, 时间戳 now) noexcept	执行任务、方法或动作的主体逻辑。		ClCompile	任务模块.执行.ixx:812 | 任务模块.筹办.ixx:5237
present	私有_可执行输入参数场景特征_执行桥_最小_v0	私有_可执行输入参数场景特征_执行桥_最小_v0	任务模块.执行.ixx:82	2	inline const 语素入口节点类* 私有_可执行输入参数场景特征_执行桥_最小_v0() noexcept	执行任务、方法或动作的主体逻辑。		ClCompile	任务模块.执行.ixx:82 | 任务模块.执行.ixx:97
present	私有_填充方法运行账不足执行结果_执行桥_最小_v0	私有_填充方法运行账不足执行结果_执行桥_最小_v0	任务模块.执行.ixx:837	2	inline 特征节点类* 私有_填充方法运行账不足执行结果_执行桥_最小_v0( 方法类::节点类* 方法, 场景节点类*& 结果场景, 时间戳 now) noexcept	执行对应模块、线程或方法的运行逻辑。		ClCompile	任务模块.执行.ixx:837 | 任务模块.筹办.ixx:5256
present	私有_填充方法结果不稳定执行结果_执行桥_最小_v0	私有_填充方法结果不稳定执行结果_执行桥_最小_v0	任务模块.执行.ixx:857	2	inline 特征节点类* 私有_填充方法结果不稳定执行结果_执行桥_最小_v0( 方法类::节点类* 方法, 场景节点类*& 结果场景, 时间戳 now) noexcept	执行任务、方法或动作的主体逻辑。		ClCompile	任务模块.执行.ixx:857 | 任务模块.筹办.ixx:5259
present	私有_读取任务可执行输入参数场景_执行桥_最小_v0	私有_读取任务可执行输入参数场景_执行桥_最小_v0	任务模块.执行.ixx:89	2	inline 场景节点类* 私有_读取任务可执行输入参数场景_执行桥_最小_v0( const 任务类::节点类* 任务) noexcept	从指定来源读取数据或状态。		ClCompile	任务模块.执行.ixx:89 | 任务模块.执行.ixx:1502
present	私有_记录方法执行条件结果节点_执行桥_最小_v0	私有_记录方法执行条件结果节点_执行桥_最小_v0	任务模块.执行.ixx:977	2	inline void 私有_记录方法执行条件结果节点_执行桥_最小_v0( 方法类::节点类* 方法, 场景节点类* 输入场景, 场景节点类*& 输出场景, 时间戳 开始时间, 时间戳 结束时间) noexcept	记录日志、动态、证据或运行痕迹。		ClCompile	任务模块.执行.ixx:977 | 任务模块.执行.ixx:1354
present	路径总数	路径总数	任务模块.筹办.ixx:1054	2	std::size_t 路径总数() const noexcept	按函数名执行对应处理。		ClCompile	任务模块.筹办.ixx:1054 | 任务模块.筹办.ixx:1668
present	推导临时因果根分区_筹办查询	推导临时因果根分区_筹办查询	任务模块.筹办.ixx:1067	2	I64 推导临时因果根分区_筹办查询(const 需求节点* 需求) noexcept	推进任务筹办，形成候选、缺口或就绪回执。		ClCompile	任务模块.筹办.ixx:1067 | 任务模块.筹办.ixx:1914
present	解析特征引用_筹办查询	解析特征引用_筹办查询	任务模块.筹办.ixx:1152	2	特征节点类* 解析特征引用_筹办查询( const 可解析引用<特征节点类>& 引用) noexcept	解析输入文本、消息、场景或运行包。		ClCompile	任务模块.筹办.ixx:1152 | 任务模块.筹办.ixx:1387
present	转换因果路径生成类型_筹办查询	转换因果路径生成类型_筹办查询	任务模块.筹办.ixx:1178	2	枚举_任务管理因果路径生成类型 转换因果路径生成类型_筹办查询( const 枚举_临时因果路径角色 角色) noexcept	根据当前输入生成目标数据、场景、动态或回执。		ClCompile	任务模块.筹办.ixx:1178 | 任务模块.筹办.ixx:1281
present	转换派生需求类型_筹办查询	转换派生需求类型_筹办查询	任务模块.筹办.ixx:1203	2	枚举_任务管理派生需求类型 转换派生需求类型_筹办查询( const 枚举_临时因果路径角色 角色) noexcept	把输入数据转换为目标类型、语义或结构。		ClCompile	任务模块.筹办.ixx:1203 | 任务模块.筹办.ixx:1280
present	转换阻塞级别_筹办查询	转换阻塞级别_筹办查询	任务模块.筹办.ixx:1226	2	枚举_任务管理阻塞级别 转换阻塞级别_筹办查询( const 枚举_临时因果路径角色 角色) noexcept	把输入数据转换为目标类型、语义或结构。		ClCompile	任务模块.筹办.ixx:1226 | 任务模块.筹办.ixx:1282
present	派生消息字段完整_筹办查询	派生消息字段完整_筹办查询	任务模块.筹办.ixx:1247	2	bool 派生消息字段完整_筹办查询( const 结构_任务管理派生需求消息& 消息) noexcept	推进任务筹办，形成候选、缺口或就绪回执。		ClCompile	任务模块.筹办.ixx:1247 | 任务模块.筹办.ixx:1829
present	构造正式派生需求消息草案_筹办查询	构造正式派生需求消息草案_筹办查询	任务模块.筹办.ixx:1266	2	结构_任务管理派生需求消息 构造正式派生需求消息草案_筹办查询( const 任务节点* 任务头, const 需求节点* 来源需求, const 结构_临时因果路径项& 项, const 时间戳 now) noexcept	推进任务筹办，形成候选、缺口或就绪回执。		ClCompile	任务模块.筹办.ixx:1266 | 任务模块.筹办.ixx:1823
present	因果证据足够_筹办查询	因果证据足够_筹办查询	任务模块.筹办.ixx:1314	2	bool 因果证据足够_筹办查询(const 因果节点类* 因果节点) noexcept	推进任务筹办，形成候选、缺口或就绪回执。		ClCompile	任务模块.筹办.ixx:1314 | 任务模块.筹办.ixx:1600
present	目标化条件目标状态路径项_筹办查询	目标化条件目标状态路径项_筹办查询	任务模块.筹办.ixx:1373	2	bool 目标化条件目标状态路径项_筹办查询( ::自我类& 自我对象, 结构_临时因果路径项& 项, 状态节点类* 目标状态, const 时间戳 now) noexcept	比较当前值、目标值或历史基准。		ClCompile	任务模块.筹办.ixx:1373 | 任务模块.筹办.ixx:1516
present	因果条件缺口重复来源需求目标_筹办查询	因果条件缺口重复来源需求目标_筹办查询	任务模块.筹办.ixx:1433	2	bool 因果条件缺口重复来源需求目标_筹办查询( const 结构_临时因果视图& 视图, const 结构_临时因果路径项& 项) noexcept	判断因果条件缺口是否重复当前来源需求目标。		ClCompile	任务模块.筹办.ixx:1433 | 任务模块.筹办.ixx:1533
present	吸收因果方法就绪缺口_筹办查询	吸收因果方法就绪缺口_筹办查询	任务模块.筹办.ixx:1570	2	void 吸收因果方法就绪缺口_筹办查询( 结构_临时因果视图& 视图, 因果节点类* 因果节点)	推进任务筹办，形成候选、缺口或就绪回执。		ClCompile	任务模块.筹办.ixx:1570 | 任务模块.筹办.ixx:1619
present	吸收促成因果到临时视图_筹办查询	吸收促成因果到临时视图_筹办查询	任务模块.筹办.ixx:1612	2	void 吸收促成因果到临时视图_筹办查询( ::自我类& 自我对象, 结构_临时因果视图& 视图, 因果节点类* 因果节点, const 时间戳 now)	推进任务筹办，形成候选、缺口或就绪回执。		ClCompile	任务模块.筹办.ixx:1612 | 任务模块.筹办.ixx:1964
present	吸收避免因果到临时视图_筹办查询	吸收避免因果到临时视图_筹办查询	任务模块.筹办.ixx:1624	2	void 吸收避免因果到临时视图_筹办查询( ::自我类& 自我对象, 结构_临时因果视图& 视图, 因果节点类* 因果节点, const 时间戳 now)	推进任务筹办，形成候选、缺口或就绪回执。		ClCompile	任务模块.筹办.ixx:1624 | 任务模块.筹办.ixx:1970
present	确保临时视图学习缺口_筹办查询	确保临时视图学习缺口_筹办查询	任务模块.筹办.ixx:1663	2	void 确保临时视图学习缺口_筹办查询( ::自我类& 自我对象, 结构_临时因果视图& 视图, const 时间戳 now)	确保目标结构、状态或前置条件存在并可用。		ClCompile	任务模块.筹办.ixx:1663 | 任务模块.筹办.ixx:1988
present	记录临时因果视图统计_筹办查询	记录临时因果视图统计_筹办查询	任务模块.筹办.ixx:1736	2	void 记录临时因果视图统计_筹办查询( const 任务节点* 任务头, const 结构_临时因果视图& 视图)	记录日志、动态、证据或运行痕迹。		ClCompile	任务模块.筹办.ixx:1736 | 任务模块.筹办.ixx:2017
present	是泛化学习信息补齐派生消息	是泛化学习信息补齐派生消息	任务模块.筹办.ixx:189	2	bool 是泛化学习信息补齐派生消息( const 结构_任务管理派生需求消息& 消息) noexcept	补齐条件、参数、证据或方法能力缺口。		ClCompile	任务模块.筹办.ixx:189 | 任务模块.筹办.ixx:218
present	丢弃已绑定方法时的泛化学习缺口	丢弃已绑定方法时的泛化学习缺口	任务模块.筹办.ixx:203	2	void 丢弃已绑定方法时的泛化学习缺口( 任务模块::筹办::结构_任务筹办结果& 结果, const 任务节点* 任务头, const 需求节点* 来源需求, const 方法节点* 目标方法, const char* 原因) noexcept	建立对象、任务、方法或因果之间的绑定关系。		ClCompile	任务模块.筹办.ixx:203 | 任务模块.筹办.ixx:5773
present	尝试准备因果路径筹办入口壳	尝试准备因果路径筹办入口壳	任务模块.筹办.ixx:2066	2	结构_因果路径筹办入口壳结果 尝试准备因果路径筹办入口壳( ::自我类& 自我对象, const 任务节点* 任务头, const 结构_需求生命周期上下文_筹办& 需求上下文, const 时间戳 now) noexcept	推进任务筹办，形成候选、缺口或就绪回执。		ClCompile	任务模块.筹办.ixx:2066 | 任务模块.筹办.ixx:2152
present	特征_安全值_筹办	特征_安全值_筹办	任务模块.筹办.ixx:2240	2	const 语素入口节点类* 特征_安全值_筹办() noexcept	推进任务筹办，形成候选、缺口或就绪回执。		ClCompile	任务模块.筹办.ixx:2240 | 任务模块.筹办.ixx:2257
present	特征_服务值_筹办	特征_服务值_筹办	任务模块.筹办.ixx:2247	2	const 语素入口节点类* 特征_服务值_筹办() noexcept	推进任务筹办，形成候选、缺口或就绪回执。		ClCompile	任务模块.筹办.ixx:2247 | 任务模块.筹办.ixx:2258
present	方法是运行时空占位方法头	方法是运行时空占位方法头	任务模块.筹办.ixx:2262	2	bool 方法是运行时空占位方法头(const 方法节点* 方法) noexcept	执行对应模块、线程或方法的运行逻辑。		ClCompile	任务模块.筹办.ixx:2262 | 任务模块.筹办.ixx:2281
present	任务应跳过价值目标空占位方法	任务应跳过价值目标空占位方法	任务模块.筹办.ixx:2277	2	bool 任务应跳过价值目标空占位方法(const 任务节点* 任务头, const 方法节点* 方法) noexcept	按函数名执行对应处理。		ClCompile	任务模块.筹办.ixx:2277 | 任务模块.筹办.ixx:3600
present	结算叶子任务价值前提具备_筹办	结算叶子任务价值前提具备_筹办	任务模块.筹办.ixx:2285	2	bool 结算叶子任务价值前提具备_筹办(const 任务节点* 任务头) noexcept	推进任务筹办，形成候选、缺口或就绪回执。		ClCompile	任务模块.筹办.ixx:2285 | 任务模块.筹办.ixx:2960
present	本能方法ID可作为练习目标_筹办	本能方法ID可作为练习目标_筹办	任务模块.筹办.ixx:2365	2	bool 本能方法ID可作为练习目标_筹办(I64 本能方法ID) noexcept	推进任务筹办，形成候选、缺口或就绪回执。		ClCompile	任务模块.筹办.ixx:2365 | 任务模块.筹办.ixx:2463
present	方法可作为练习目标_筹办	方法可作为练习目标_筹办	任务模块.筹办.ixx:2461	2	bool 方法可作为练习目标_筹办(const 方法节点* 方法) noexcept	推进任务筹办，形成候选、缺口或就绪回执。		ClCompile	任务模块.筹办.ixx:2461 | 任务模块.筹办.ixx:4861
present	方法动作状态已提交	方法动作状态已提交	任务模块.筹办.ixx:2467	2	bool 方法动作状态已提交(方法节点* 方法, 时间戳 now) noexcept	提交事实、动态、任务状态或运行回执。		ClCompile	任务模块.筹办.ixx:2467 | 任务模块.筹办.ixx:2487
present	方法结果项I64目标值	方法结果项I64目标值	任务模块.筹办.ixx:2685	2	bool 方法结果项I64目标值( const 结构_方法结果项& 结果项, I64& 输出值) noexcept	按函数名执行对应处理。		ClCompile	任务模块.筹办.ixx:2685 | 任务模块.筹办.ixx:2868
present	特征_筹办_观察质量改善路径验证状态	特征_筹办_观察质量改善路径验证状态	任务模块.筹办.ixx:273	2	const 语素入口节点类* 特征_筹办_观察质量改善路径验证状态() noexcept	推进任务筹办，形成候选、缺口或就绪回执。		ClCompile	任务模块.筹办.ixx:273 | 任务模块.筹办.ixx:1709
present	方法结果能力命中精度	方法结果能力命中精度	任务模块.筹办.ixx:2885	2	I64 方法结果能力命中精度( 方法节点* 方法, const 语素入口节点类* 目标特征类型, const 需求节点* 来源需求) noexcept	按函数名执行对应处理。		ClCompile	任务模块.筹办.ixx:2885 | 任务模块.筹办.ixx:2974
present	方法候选评分	方法候选评分	任务模块.筹办.ixx:2932	2	结构_方法选择评分 方法候选评分( 自我类& 自我对象, 任务节点* 任务头, 方法节点* 方法, 时间戳 now) noexcept	按函数名执行对应处理。		ClCompile	任务模块.筹办.ixx:2932 | 任务模块.筹办.ixx:3069
present	从筹办候选集中选择当前方法	从筹办候选集中选择当前方法	任务模块.筹办.ixx:3041	2	方法节点* 从筹办候选集中选择当前方法( 自我类& 自我对象, 任务节点* 任务头, const std::vector<方法节点*>& 候选方法集, 时间戳 now) noexcept	从候选集中选择当前使用对象或方法。		ClCompile	任务模块.筹办.ixx:3041 | 任务模块.筹办.ixx:5147
present	特征_安全因果搜索时间窗口_筹办	特征_安全因果搜索时间窗口_筹办	任务模块.筹办.ixx:3223	2	const 语素入口节点类* 特征_安全因果搜索时间窗口_筹办() noexcept	在候选范围内搜索目标对象或路径。		ClCompile	任务模块.筹办.ixx:3223 | 任务模块.筹办.ixx:4392
present	特征_安全因果因素证据搜索状态_筹办	特征_安全因果因素证据搜索状态_筹办	任务模块.筹办.ixx:3230	2	const 语素入口节点类* 特征_安全因果因素证据搜索状态_筹办() noexcept	在候选范围内搜索目标对象或路径。		ClCompile	任务模块.筹办.ixx:3230 | 任务模块.筹办.ixx:4430
present	特征_安全因果因素搜索范围完整状态_筹办	特征_安全因果因素搜索范围完整状态_筹办	任务模块.筹办.ixx:3237	2	const 语素入口节点类* 特征_安全因果因素搜索范围完整状态_筹办() noexcept	在候选范围内搜索目标对象或路径。		ClCompile	任务模块.筹办.ixx:3237 | 任务模块.筹办.ixx:4393
present	特征_安全因果因素负向证据数量_筹办	特征_安全因果因素负向证据数量_筹办	任务模块.筹办.ixx:3244	2	const 语素入口节点类* 特征_安全因果因素负向证据数量_筹办() noexcept	推进任务筹办，形成候选、缺口或就绪回执。		ClCompile	任务模块.筹办.ixx:3244 | 任务模块.筹办.ixx:4394
present	特征_安全因果因素正向证据数量_筹办	特征_安全因果因素正向证据数量_筹办	任务模块.筹办.ixx:3251	2	const 语素入口节点类* 特征_安全因果因素正向证据数量_筹办() noexcept	推进任务筹办，形成候选、缺口或就绪回执。		ClCompile	任务模块.筹办.ixx:3251 | 任务模块.筹办.ixx:4395
present	特征_安全因果因素稳定性证据数量_筹办	特征_安全因果因素稳定性证据数量_筹办	任务模块.筹办.ixx:3258	2	const 语素入口节点类* 特征_安全因果因素稳定性证据数量_筹办() noexcept	推进任务筹办，形成候选、缺口或就绪回执。		ClCompile	任务模块.筹办.ixx:3258 | 任务模块.筹办.ixx:4396
present	特征_安全因果因素归因证据数量_筹办	特征_安全因果因素归因证据数量_筹办	任务模块.筹办.ixx:3265	2	const 语素入口节点类* 特征_安全因果因素归因证据数量_筹办() noexcept	推进任务筹办，形成候选、缺口或就绪回执。		ClCompile	任务模块.筹办.ixx:3265 | 任务模块.筹办.ixx:4397
present	特征_安全因果因素材料缺失数量_筹办	特征_安全因果因素材料缺失数量_筹办	任务模块.筹办.ixx:3272	2	const 语素入口节点类* 特征_安全因果因素材料缺失数量_筹办() noexcept	推进任务筹办，形成候选、缺口或就绪回执。		ClCompile	任务模块.筹办.ixx:3272 | 任务模块.筹办.ixx:4398
present	特征_安全因果因素冲突数量_筹办	特征_安全因果因素冲突数量_筹办	任务模块.筹办.ixx:3279	2	const 语素入口节点类* 特征_安全因果因素冲突数量_筹办() noexcept	推进任务筹办，形成候选、缺口或就绪回执。		ClCompile	任务模块.筹办.ixx:3279 | 任务模块.筹办.ixx:4399
present	特征_安全因果因素搜索置信度_筹办	特征_安全因果因素搜索置信度_筹办	任务模块.筹办.ixx:3286	2	const 语素入口节点类* 特征_安全因果因素搜索置信度_筹办() noexcept	在候选范围内搜索目标对象或路径。		ClCompile	任务模块.筹办.ixx:3286 | 任务模块.筹办.ixx:4400
present	特征_安全因果因素评估值候选_筹办	特征_安全因果因素评估值候选_筹办	任务模块.筹办.ixx:3293	2	const 语素入口节点类* 特征_安全因果因素评估值候选_筹办() noexcept	评估状态、风险、质量、权重或完成度。		ClCompile	任务模块.筹办.ixx:3293 | 任务模块.筹办.ixx:4401
present	特征_任务参数包_筹办	特征_任务参数包_筹办	任务模块.筹办.ixx:3349	2	const 语素入口节点类* 特征_任务参数包_筹办() noexcept	推进任务筹办，形成候选、缺口或就绪回执。		ClCompile	任务模块.筹办.ixx:3349 | 任务模块.筹办.ixx:3998
present	特征_现实场景包_筹办	特征_现实场景包_筹办	任务模块.筹办.ixx:3356	2	const 语素入口节点类* 特征_现实场景包_筹办() noexcept	推进任务筹办，形成候选、缺口或就绪回执。		ClCompile	任务模块.筹办.ixx:3356 | 任务模块.筹办.ixx:3998
present	特征_形参表_筹办	特征_形参表_筹办	任务模块.筹办.ixx:3363	2	const 语素入口节点类* 特征_形参表_筹办() noexcept	推进任务筹办，形成候选、缺口或就绪回执。		ClCompile	任务模块.筹办.ixx:3363 | 任务模块.筹办.ixx:4059
present	特征_是否必需_筹办	特征_是否必需_筹办	任务模块.筹办.ixx:3370	2	const 语素入口节点类* 特征_是否必需_筹办() noexcept	推进任务筹办，形成候选、缺口或就绪回执。		ClCompile	任务模块.筹办.ixx:3370 | 任务模块.筹办.ixx:4015
present	特征_参数值类型_筹办	特征_参数值类型_筹办	任务模块.筹办.ixx:3377	2	const 语素入口节点类* 特征_参数值类型_筹办() noexcept	推进任务筹办，形成候选、缺口或就绪回执。		ClCompile	任务模块.筹办.ixx:3377 | 任务模块.筹办.ixx:4027
present	值类型_I64_筹办	值类型_I64_筹办	任务模块.筹办.ixx:3384	2	const 语素入口节点类* 值类型_I64_筹办() noexcept	推进任务筹办，形成候选、缺口或就绪回执。		ClCompile	任务模块.筹办.ixx:3384 | 任务模块.筹办.ixx:4039
present	值类型_类型I64_筹办	值类型_类型I64_筹办	任务模块.筹办.ixx:3391	2	const 语素入口节点类* 值类型_类型I64_筹办() noexcept	推进任务筹办，形成候选、缺口或就绪回执。		ClCompile	任务模块.筹办.ixx:3391 | 任务模块.筹办.ixx:4040
present	值类型_场景指针_筹办	值类型_场景指针_筹办	任务模块.筹办.ixx:3398	2	const 语素入口节点类* 值类型_场景指针_筹办() noexcept	推进任务筹办，形成候选、缺口或就绪回执。		ClCompile	任务模块.筹办.ixx:3398 | 任务模块.筹办.ixx:4047
present	值类型_特征类型指针_筹办	值类型_特征类型指针_筹办	任务模块.筹办.ixx:3405	2	const 语素入口节点类* 值类型_特征类型指针_筹办() noexcept	推进任务筹办，形成候选、缺口或就绪回执。		ClCompile	任务模块.筹办.ixx:3405 | 任务模块.筹办.ixx:4048
present	方法结果项命中目标特征	方法结果项命中目标特征	任务模块.筹办.ixx:3524	2	bool 方法结果项命中目标特征( const 结构_方法结果项& 结果项, const 语素入口节点类* 目标特征类型) noexcept	按函数名执行对应处理。		ClCompile	任务模块.筹办.ixx:2773 | 任务模块.筹办.ixx:3524
present	写入方法候选引用	写入方法候选引用	任务模块.筹办.ixx:357	2	void 写入方法候选引用( std::vector<可解析引用<方法节点类>>& 输出, 方法节点* 节点) noexcept	把处理结果写入指定对象、场景或日志。		ClCompile	任务模块.筹办.ixx:357 | 任务模块.筹办.ixx:5728
present	填充候选集_按结果能力	填充候选集_按结果能力	任务模块.筹办.ixx:3639	2	std::size_t 填充候选集_按结果能力( 自我类& 自我对象, 任务节点* 任务头, std::vector<方法节点*>& 候选方法集, 方法节点* 方法根节点, const 语素入口节点类* 目标特征类型, 时间戳 now) noexcept	按函数名执行对应处理。		ClCompile	任务模块.筹办.ixx:3639 | 任务模块.筹办.ixx:3769
present	填充任务方法候选集	填充任务方法候选集	任务模块.筹办.ixx:3744	2	void 填充任务方法候选集( 自我类& 自我对象, 任务节点* 任务头, std::vector<方法节点*>& 候选方法集, 方法节点* 方法根节点, 时间戳 now) noexcept	按函数名执行对应处理。		ClCompile	任务模块.筹办.ixx:3744 | 任务模块.筹办.ixx:5136
present	写入任务节点引用	写入任务节点引用	任务模块.筹办.ixx:378	2	void 写入任务节点引用(可解析引用<任务节点类>& 输出, 任务节点* 节点) noexcept	把处理结果写入指定对象、场景或日志。		ClCompile	任务模块.筹办.ixx:378 | 任务模块.筹办.ixx:5459
present	写入需求节点引用	写入需求节点引用	任务模块.筹办.ixx:385	2	void 写入需求节点引用(可解析引用<需求节点类>& 输出, 需求节点* 节点) noexcept	把处理结果写入指定对象、场景或日志。		ClCompile	任务模块.筹办.ixx:385 | 任务模块.筹办.ixx:5512
present	方法结果能力需要目标执行值	方法结果能力需要目标执行值	任务模块.筹办.ixx:3859	2	bool 方法结果能力需要目标执行值( 方法节点* 方法, const 语素入口节点类* 目标特征类型) noexcept	执行任务、方法或动作的主体逻辑。		ClCompile	任务模块.筹办.ixx:3859 | 任务模块.筹办.ixx:4949
present	评分_特征_输入条件包_筹办	评分_特征_输入条件包_筹办	任务模块.筹办.ixx:3886	2	const 语素入口节点类* 评分_特征_输入条件包_筹办() noexcept	推进任务筹办，形成候选、缺口或就绪回执。		ClCompile	任务模块.筹办.ixx:3886 | 任务模块.筹办.ixx:3908
present	评分_特征_目标方法头节点_筹办	评分_特征_目标方法头节点_筹办	任务模块.筹办.ixx:3893	2	const 语素入口节点类* 评分_特征_目标方法头节点_筹办() noexcept	推进任务筹办，形成候选、缺口或就绪回执。		ClCompile	任务模块.筹办.ixx:3893 | 任务模块.筹办.ixx:3913
present	写入场景节点引用	写入场景节点引用	任务模块.筹办.ixx:399	2	void 写入场景节点引用(可解析引用<场景节点类>& 输出, 场景节点类* 节点) noexcept	把处理结果写入指定对象、场景或日志。		ClCompile	任务模块.筹办.ixx:399 | 任务模块.筹办.ixx:5028
present	参数值类型为指针_筹办	参数值类型为指针_筹办	任务模块.筹办.ixx:4044	2	bool 参数值类型为指针_筹办(特征节点类* 形参节点) noexcept	推进任务筹办，形成候选、缺口或就绪回执。		ClCompile	任务模块.筹办.ixx:4044 | 任务模块.筹办.ixx:4740
present	归一到任务头结点	归一到任务头结点	任务模块.筹办.ixx:406	2	任务节点* 归一到任务头结点(任务节点* 节点) noexcept	按函数名执行对应处理。		ClCompile	任务模块.筹办.ixx:406 | 任务模块.筹办.ixx:5457
present	检查候选方法必需实参	检查候选方法必需实参	任务模块.筹办.ixx:4063	2	bool 检查候选方法必需实参( 方法节点* 目标方法, 场景节点类* 输入参数场景, 特征节点类* 输入条件包, 时间戳 now, I64& 必需参数数量, I64& 已绑定参数数量, I64& 缺失参数数量, const 语素入口节点类*& 首个缺失参数特征类型) noexcept	检查状态、条件、缺口或运行约束。		ClCompile	任务模块.筹办.ixx:4063 | 任务模块.筹办.ixx:4820
present	练习目标形参可由练习自动生成_筹办	练习目标形参可由练习自动生成_筹办	任务模块.筹办.ixx:4112	2	bool 练习目标形参可由练习自动生成_筹办(特征节点类* 形参节点) noexcept	根据当前输入生成目标数据、场景、动态或回执。		ClCompile	任务模块.筹办.ixx:4112 | 任务模块.筹办.ixx:4161
present	检查练习目标方法必需实参_筹办	检查练习目标方法必需实参_筹办	任务模块.筹办.ixx:4120	2	bool 检查练习目标方法必需实参_筹办( 方法节点* 目标方法, 场景节点类* 输入参数场景, 特征节点类* 输入条件包, 时间戳 now, I64& 必需参数数量, I64& 已绑定参数数量, I64& 练习可生成参数数量, I64& 缺失参数数量, const 语素入口节点类*& 首个缺失参数特征类型) noexcept	检查状态、条件、缺口或运行约束。		ClCompile	任务模块.筹办.ixx:4120 | 任务模块.筹办.ixx:4870
present	从目标宿主复制I64实参_筹办	从目标宿主复制I64实参_筹办	任务模块.筹办.ixx:4236	2	bool 从目标宿主复制I64实参_筹办( 基础信息节点类* 目标宿主, 特征节点类* 输入条件包, const 语素入口节点类* 特征类型, 时间戳 now) noexcept	推进任务筹办，形成候选、缺口或就绪回执。		ClCompile	任务模块.筹办.ixx:4236 | 任务模块.筹办.ixx:4384
present	补齐外设观察报告ID输入参数_筹办	补齐外设观察报告ID输入参数_筹办	任务模块.筹办.ixx:4254	2	bool 补齐外设观察报告ID输入参数_筹办( 任务节点* 任务头, 场景节点类* 输入参数场景, 特征节点类* 输入条件包, 时间戳 now) noexcept	推进任务筹办，形成候选、缺口或就绪回执。		ClCompile	任务模块.筹办.ixx:4254 | 任务模块.筹办.ixx:4676
present	解析因果信息节点_筹办	解析因果信息节点_筹办	任务模块.筹办.ixx:4313	2	因果节点类* 解析因果信息节点_筹办(基础信息节点类* 节点) noexcept	解析输入文本、消息、场景或运行包。		ClCompile	任务模块.筹办.ixx:4313 | 任务模块.筹办.ixx:4338
present	安全因果搜索输入已绑定I64_筹办	安全因果搜索输入已绑定I64_筹办	任务模块.筹办.ixx:4347	2	bool 安全因果搜索输入已绑定I64_筹办( 场景节点类* 输入参数场景, 特征节点类* 输入条件包, const 语素入口节点类* 特征类型, I64& 输出值) noexcept	在候选范围内搜索目标对象或路径。		ClCompile	任务模块.筹办.ixx:4347 | 任务模块.筹办.ixx:4421
present	补齐安全因果搜索输入参数_筹办	补齐安全因果搜索输入参数_筹办	任务模块.筹办.ixx:4368	2	bool 补齐安全因果搜索输入参数_筹办( 任务节点* 任务头, 方法节点* 目标方法, 场景节点类* 输入参数场景, 特征节点类* 输入条件包, 基础信息节点类* 目标宿主, const 语素入口节点类* 目标特征类型, 时间戳 now) noexcept	在候选范围内搜索目标对象或路径。		ClCompile	任务模块.筹办.ixx:4368 | 任务模块.筹办.ixx:4668
present	状态节点目标特征类型	状态节点目标特征类型	任务模块.筹办.ixx:449	2	const 语素入口节点类* 状态节点目标特征类型(const 状态节点类* 状态节点) noexcept	按函数名执行对应处理。		ClCompile	任务模块.筹办.ixx:449 | 任务模块.筹办.ixx:1388
present	通用绑定候选方法输入参数_筹办	通用绑定候选方法输入参数_筹办	任务模块.筹办.ixx:4501	2	结构_候选方法输入闭合结果 通用绑定候选方法输入参数_筹办( const 结构_通用参数绑定上下文& 上下文) noexcept	建立对象、任务、方法或因果之间的绑定关系。		ClCompile	任务模块.筹办.ixx:4501 | 任务模块.筹办.ixx:4993
present	需求目标方向编码	需求目标方向编码	任务模块.筹办.ixx:483	2	std::int32_t 需求目标方向编码(const 需求节点* 来源需求) noexcept	按函数名执行对应处理。		ClCompile	任务模块.筹办.ixx:483 | 任务模块.筹办.ixx:2803
present	尝试构造候选方法输入参数场景	尝试构造候选方法输入参数场景	任务模块.筹办.ixx:4921	2	结构_候选方法输入闭合结果 尝试构造候选方法输入参数场景( 任务模块::筹办::结构_任务筹办结果& 结果, 任务节点* 任务头, 方法节点* 目标方法, 方法节点* 输入目标方法覆盖, 基础信息节点类* 目标宿主, const 语素入口节点类* 目标特征类型, const 状态节点类* 当前状态, const 状态节点类* 目标状态, 时间戳 now) noexcept	按函数名执行对应处理。		ClCompile	任务模块.筹办.ixx:4921 | 任务模块.筹办.ixx:5904
present	解析任务目标方法	解析任务目标方法	任务模块.筹办.ixx:5116	2	方法节点* 解析任务目标方法( 自我类& 自我对象, 任务节点* 任务头, 时间戳 now, std::vector<方法节点*>* 输出候选方法集) noexcept	解析输入文本、消息、场景或运行包。		ClCompile	任务模块.筹办.ixx:5116 | 任务模块.筹办.ixx:5682
present	特征_OR组结算令牌状态_筹办	特征_OR组结算令牌状态_筹办	任务模块.筹办.ixx:516	2	const 语素入口节点类* 特征_OR组结算令牌状态_筹办() noexcept	推进任务筹办，形成候选、缺口或就绪回执。		ClCompile	任务模块.筹办.ixx:516 | 任务模块.筹办.ixx:5897
present	筹办缺口特征类型	筹办缺口特征类型	任务模块.筹办.ixx:5174	2	const 语素入口节点类* 筹办缺口特征类型( 任务模块::筹办::枚举_任务推进状况 状况) noexcept	推进任务筹办，形成候选、缺口或就绪回执。		ClCompile	任务模块.筹办.ixx:5174 | 任务模块.筹办.ixx:5277
present	需求目标语义视图_筹办	需求目标语义视图_筹办	任务模块.筹办.ixx:526	2	结构_需求目标语义视图_筹办 需求目标语义视图_筹办( const 语素入口节点类* 目标特征类型) noexcept	推进任务筹办，形成候选、缺口或就绪回执。		ClCompile	任务模块.筹办.ixx:526 | 任务模块.筹办.ixx:5573
present	候选方法不可就绪状况	候选方法不可就绪状况	任务模块.筹办.ixx:5397	2	任务模块::筹办::枚举_任务推进状况 候选方法不可就绪状况( 方法节点* 目标方法, 时间戳 now) noexcept	按函数名执行对应处理。		ClCompile	任务模块.筹办.ixx:5397 | 任务模块.筹办.ixx:5814
present	筹办任务	筹办任务	任务模块.筹办.ixx:5444	2	结构_任务筹办结果 筹办任务( ::自我类& 自我对象, 任务类::节点类* 输入任务, 时间戳 now) noexcept	推进任务筹办，形成候选、缺口或就绪回执。		ClCompile	任务模块.筹办.ixx:5444 | 任务模块.管理工作线程.ixx:453
present	维护安全因果风险树常驻任务	维护安全因果风险树常驻任务	任务模块.筹办.ixx:5960	2	结构_安全因果风险树常驻维护结果 维护安全因果风险树常驻任务( ::自我类& 自我对象, 时间戳 now) noexcept	按函数名执行对应处理。		ClCompile	任务模块.筹办.ixx:141 | 任务模块.筹办.ixx:5960
present	生成安全因果风险树缺口派生需求消息集	生成安全因果风险树缺口派生需求消息集	任务模块.筹办.ixx:5984	2	std::vector<结构_任务管理派生需求消息> 生成安全因果风险树缺口派生需求消息集( ::自我类& 自我对象, 时间戳 now) noexcept	根据当前输入生成目标数据、场景、动态或回执。		ClCompile	任务模块.筹办.ixx:145 | 任务模块.筹办.ixx:5984
present	返回目标语义非普通筹办等待	返回目标语义非普通筹办等待	任务模块.筹办.ixx:654	2	bool 返回目标语义非普通筹办等待( 任务模块::筹办::结构_任务筹办结果& 结果, const 任务节点* 任务头, const 需求节点* 来源需求, const 结构_需求目标语义视图_筹办& 视图) noexcept	等待线程、任务、外设或条件变化。		ClCompile	任务模块.筹办.ixx:654 | 任务模块.筹办.ixx:5574
present	满足来源文本_筹办	满足来源文本_筹办	任务模块.筹办.ixx:844	2	const char* 满足来源文本_筹办( const 需求节点* 需求, const 结构_筹办生命周期判断结果_筹办& 判断) noexcept	推进任务筹办，形成候选、缺口或就绪回执。		ClCompile	任务模块.筹办.ixx:844 | 任务模块.筹办.ixx:932
present	记录需求满足项追踪_筹办	记录需求满足项追踪_筹办	任务模块.筹办.ixx:861	2	void 记录需求满足项追踪_筹办( const 任务节点* 任务头, const 需求节点* 来源需求, const 结构_筹办生命周期判断结果_筹办& 当前需求判断) noexcept	记录日志、动态、证据或运行痕迹。		ClCompile	任务模块.筹办.ixx:861 | 任务模块.筹办.ixx:5518
present	存在活动直接子需求	存在活动直接子需求	任务模块.筹办.ixx:967	2	bool 存在活动直接子需求(const 需求节点* 需求) noexcept	按函数名执行对应处理。		ClCompile	任务模块.筹办.ixx:967 | 任务模块.筹办.ixx:5535
present	私有_响应已包含派生需求稳定键	私有_响应已包含派生需求稳定键	任务模块.管理工作线程.ixx:1015	2	bool 私有_响应已包含派生需求稳定键( const 任务管理工作线程::结构_工作线程一步响应& 响应, const std::string& 稳定键)	服务所在模块的内部辅助流程。		ClCompile	任务模块.管理工作线程.ixx:1015 | 任务模块.管理工作线程.ixx:1086
present	私有_吸收筹办派生需求消息	私有_吸收筹办派生需求消息	任务模块.管理工作线程.ixx:1034	2	void 私有_吸收筹办派生需求消息( 任务管理工作线程::结构_工作线程一步响应& 响应, const std::vector<结构_任务管理派生需求消息>& 消息集, const 任务节点* 任务, const 时间戳 now)	推进任务筹办，形成候选、缺口或就绪回执。		ClCompile	任务模块.管理工作线程.ixx:1034 | 任务模块.管理工作线程.ixx:2889
present	私有_执行输出特征_派生需求	私有_执行输出特征_派生需求	任务模块.管理工作线程.ixx:1151	2	const 语素入口节点类* 私有_执行输出特征_派生需求() noexcept	执行任务、方法或动作的主体逻辑。		ClCompile	任务模块.管理工作线程.ixx:1151 | 任务模块.管理工作线程.ixx:1642
present	私有_执行输出特征_失败原因	私有_执行输出特征_失败原因	任务模块.管理工作线程.ixx:1158	2	const 语素入口节点类* 私有_执行输出特征_失败原因() noexcept	执行任务、方法或动作的主体逻辑。		ClCompile	任务模块.管理工作线程.ixx:1158 | 任务模块.管理工作线程.ixx:1655
present	私有_任务特征词_工作线程	私有_任务特征词_工作线程	任务模块.管理工作线程.ixx:1206	2	const 语素入口节点类* 私有_任务特征词_工作线程(const char* 名称) noexcept	服务所在模块的内部辅助流程。		ClCompile	任务模块.管理工作线程.ixx:1206 | 任务模块.管理工作线程.ixx:1216
present	私有_外设内部材料字段词_工作线程	私有_外设内部材料字段词_工作线程	任务模块.管理工作线程.ixx:1214	2	const 语素入口节点类* 私有_外设内部材料字段词_工作线程(const char* 名称) noexcept	服务所在模块的内部辅助流程。		ClCompile	任务模块.管理工作线程.ixx:1214 | 任务模块.管理工作线程.ixx:1255
present	私有_记录执行目标状态读取	私有_记录执行目标状态读取	任务模块.管理工作线程.ixx:1555	2	void 私有_记录执行目标状态读取( const 任务节点* 任务, const 需求节点* 需求, const 方法节点* 方法, const 结构_执行任务结果& 执行结果, const 语素入口节点类* 特征类型, const 状态节点类* 目标状态, const 状态节点类* 实际状态) noexcept	从指定来源读取数据或状态。		ClCompile	任务模块.管理工作线程.ixx:1555 | 任务模块.管理工作线程.ixx:2261
present	私有_记录执行目标状态比较	私有_记录执行目标状态比较	任务模块.管理工作线程.ixx:1597	2	void 私有_记录执行目标状态比较( const 任务节点* 任务, const 需求节点* 需求, const 方法节点* 方法, const 语素入口节点类* 特征类型, const 状态节点类* 目标状态, const 状态节点类* 实际状态, const 结构_特征状态比较结果& 比较, 三向关系掩码 目标满足关系) noexcept	记录日志、动态、证据或运行痕迹。		ClCompile	任务模块.管理工作线程.ixx:1597 | 任务模块.管理工作线程.ixx:2332
present	私有_任务目标特征类型	私有_任务目标特征类型	任务模块.管理工作线程.ixx:1744	2	const 语素入口节点类* 私有_任务目标特征类型( const 任务节点* 任务, const 需求节点* 需求) noexcept	服务所在模块的内部辅助流程。		ClCompile	任务模块.管理工作线程.ixx:1744 | 任务模块.管理工作线程.ixx:2083
present	私有_状态主体同一_工作线程	私有_状态主体同一_工作线程	任务模块.管理工作线程.ixx:1783	2	bool 私有_状态主体同一_工作线程( const 状态节点类* 左, const 状态节点类* 右) noexcept	服务所在模块的内部辅助流程。		ClCompile	任务模块.管理工作线程.ixx:1783 | 任务模块.管理工作线程.ixx:1808
present	私有_状态目标同一_工作线程	私有_状态目标同一_工作线程	任务模块.管理工作线程.ixx:1801	2	bool 私有_状态目标同一_工作线程( const 状态节点类* 左, const 状态节点类* 右) noexcept	服务所在模块的内部辅助流程。		ClCompile	任务模块.管理工作线程.ixx:1801 | 任务模块.管理工作线程.ixx:3163
present	私有_任务根节点取任务	私有_任务根节点取任务	任务模块.管理工作线程.ixx:184	2	任务节点* 私有_任务根节点取任务(const 结构_任务根节点& 根节点) noexcept	服务所在模块的内部辅助流程。		ClCompile	任务模块.管理工作线程.ixx:184 | 任务模块.管理工作线程.ixx:2858
present	私有_任务推进状况是学习承接缺口	私有_任务推进状况是学习承接缺口	任务模块.管理工作线程.ixx:1898	2	bool 私有_任务推进状况是学习承接缺口( const 任务模块::筹办::枚举_任务推进状况 状况) noexcept	服务所在模块的内部辅助流程。		ClCompile	任务模块.管理工作线程.ixx:1898 | 任务模块.管理工作线程.ixx:3182
present	私有_任务根节点取管理对象任务	私有_任务根节点取管理对象任务	任务模块.管理工作线程.ixx:196	2	任务节点* 私有_任务根节点取管理对象任务(const 结构_任务根节点& 根节点) noexcept	服务所在模块的内部辅助流程。		ClCompile	任务模块.管理工作线程.ixx:196 | 任务模块.管理工作线程.ixx:3714
present	私有_写入任务节点引用	私有_写入任务节点引用	任务模块.管理工作线程.ixx:204	2	void 私有_写入任务节点引用( 可解析引用<任务节点类>& 输出, 任务节点* 节点) noexcept	把处理结果写入指定对象、场景或日志。		ClCompile	任务模块.管理工作线程.ixx:204 | 任务模块.管理工作线程.ixx:2075
present	私有_写入方法节点引用	私有_写入方法节点引用	任务模块.管理工作线程.ixx:222	2	void 私有_写入方法节点引用( 可解析引用<方法节点类>& 输出, 方法类::节点类* 节点) noexcept	把处理结果写入指定对象、场景或日志。		ClCompile	任务模块.管理工作线程.ixx:222 | 任务模块.管理工作线程.ixx:2082
present	私有_派生需求来源方法头	私有_派生需求来源方法头	任务模块.管理工作线程.ixx:2491	2	方法节点* 私有_派生需求来源方法头( const 任务节点* 任务, const 结构_执行任务结果& 执行结果) noexcept	服务所在模块的内部辅助流程。		ClCompile	任务模块.管理工作线程.ixx:2491 | 任务模块.管理工作线程.ixx:2576
present	私有_提示执行桥派生需求逻辑错误	私有_提示执行桥派生需求逻辑错误	任务模块.管理工作线程.ixx:2508	2	void 私有_提示执行桥派生需求逻辑错误(const std::string& 文本) noexcept	执行任务、方法或动作的主体逻辑。		ClCompile	任务模块.管理工作线程.ixx:2508 | 任务模块.管理工作线程.ixx:2724
present	私有_特征_目标方法头节点	私有_特征_目标方法头节点	任务模块.管理工作线程.ixx:264	2	const 语素入口节点类* 私有_特征_目标方法头节点() noexcept	服务所在模块的内部辅助流程。		ClCompile	任务模块.管理工作线程.ixx:264 | 任务模块.管理界面线程.impl.cpp:1118
present	私有_构造结果状态上行消息	私有_构造结果状态上行消息	任务模块.管理工作线程.ixx:2736	2	结构_任务管理上行消息 私有_构造结果状态上行消息( const 任务节点* 任务, const 结构_执行任务结果& 执行结果, const 任务模块::筹办::结构_任务推进回执& 回执, const 时间戳 now) noexcept	服务所在模块的内部辅助流程。		ClCompile	任务模块.管理工作线程.ixx:2736 | 任务模块.管理工作线程.ixx:3396
present	私有_工作线程执行当前任务方法	私有_工作线程执行当前任务方法	任务模块.管理工作线程.ixx:2848	2	任务管理工作线程::结构_工作线程一步响应 私有_工作线程执行当前任务方法( 自我类& 自我对象, bool 本轮执行筹办, bool 本轮执行方法, const 结构_任务根节点& 任务根节点, 结构_任务控制态* 任务控制态, 结构_任务局部运行态* 任务局部运行态, 时间戳 now) noexcept	执行任务、方法或动作的主体逻辑。		ClCompile	任务模块.管理工作线程.ixx:2848 | 任务模块.管理工作线程.ixx:3703
present	私有_刷新快照_已加锁	私有_刷新快照_已加锁	任务模块.管理工作线程.ixx:3035	2	void 私有_刷新快照_已加锁( 结构_工作线程壳状态& 状态, const 任务管理工作线程::结构_工作线程一步响应& 响应, const 任务节点* 任务, const 时间戳 now) noexcept	服务所在模块的内部辅助流程。		ClCompile	任务模块.管理工作线程.ixx:3035 | 任务模块.管理工作线程.ixx:3865
present	私有_补齐工作线程一步结果	私有_补齐工作线程一步结果	任务模块.管理工作线程.ixx:3086	2	void 私有_补齐工作线程一步结果( 任务管理工作线程::结构_工作线程一步响应& 响应, 任务节点* 任务, 任务节点* 管理对象任务, 需求节点* 需求, const 结构_任务根节点& 任务根节点, const 时间戳 now) noexcept	补齐条件、参数、证据或方法能力缺口。		ClCompile	任务模块.管理工作线程.ixx:3086 | 任务模块.管理工作线程.ixx:3711
present	私有_值_无筹办缺口	私有_值_无筹办缺口	任务模块.管理工作线程.ixx:309	2	const 语素入口节点类* 私有_值_无筹办缺口() noexcept	推进任务筹办，形成候选、缺口或就绪回执。		ClCompile	任务模块.管理工作线程.ixx:309 | 任务模块.管理工作线程.ixx:411
present	私有_值_筹办缺口_任务信息缺失	私有_值_筹办缺口_任务信息缺失	任务模块.管理工作线程.ixx:312	2	const 语素入口节点类* 私有_值_筹办缺口_任务信息缺失() noexcept	推进任务筹办，形成候选、缺口或就绪回执。		ClCompile	任务模块.管理工作线程.ixx:312 | 任务模块.管理工作线程.ixx:414
present	私有_值_筹办缺口_需求目标不可解析	私有_值_筹办缺口_需求目标不可解析	任务模块.管理工作线程.ixx:315	2	const 语素入口节点类* 私有_值_筹办缺口_需求目标不可解析() noexcept	解析输入文本、消息、场景或运行包。		ClCompile	任务模块.管理工作线程.ixx:315 | 任务模块.管理工作线程.ixx:415
present	私有_值_筹办缺口_无确定候选方法	私有_值_筹办缺口_无确定候选方法	任务模块.管理工作线程.ixx:318	2	const 语素入口节点类* 私有_值_筹办缺口_无确定候选方法() noexcept	推进任务筹办，形成候选、缺口或就绪回执。		ClCompile	任务模块.管理工作线程.ixx:318 | 任务模块.管理工作线程.ixx:418
present	私有_值_筹办缺口_候选方法不可用	私有_值_筹办缺口_候选方法不可用	任务模块.管理工作线程.ixx:321	2	const 语素入口节点类* 私有_值_筹办缺口_候选方法不可用() noexcept	推进任务筹办，形成候选、缺口或就绪回执。		ClCompile	任务模块.管理工作线程.ixx:321 | 任务模块.管理工作线程.ixx:430
present	私有_值_筹办缺口_候选方法缺执行入口	私有_值_筹办缺口_候选方法缺执行入口	任务模块.管理工作线程.ixx:324	2	const 语素入口节点类* 私有_值_筹办缺口_候选方法缺执行入口() noexcept	执行任务、方法或动作的主体逻辑。		ClCompile	任务模块.管理工作线程.ixx:324 | 任务模块.管理工作线程.ixx:421
present	私有_值_筹办缺口_候选方法条件不满足	私有_值_筹办缺口_候选方法条件不满足	任务模块.管理工作线程.ixx:327	2	const 语素入口节点类* 私有_值_筹办缺口_候选方法条件不满足() noexcept	推进任务筹办，形成候选、缺口或就绪回执。		ClCompile	任务模块.管理工作线程.ixx:327 | 任务模块.管理工作线程.ixx:424
present	私有_值_筹办缺口_参数配对失败	私有_值_筹办缺口_参数配对失败	任务模块.管理工作线程.ixx:330	2	const 语素入口节点类* 私有_值_筹办缺口_参数配对失败() noexcept	推进任务筹办，形成候选、缺口或就绪回执。		ClCompile	任务模块.管理工作线程.ixx:330 | 任务模块.管理工作线程.ixx:427
present	私有_值_执行缺口_当前方法执行失败	私有_值_执行缺口_当前方法执行失败	任务模块.管理工作线程.ixx:339	2	const 语素入口节点类* 私有_值_执行缺口_当前方法执行失败() noexcept	执行任务、方法或动作的主体逻辑。		ClCompile	任务模块.管理工作线程.ixx:339 | 任务模块.管理工作线程.ixx:347
present	私有_值_执行缺口_方法运行回执未闭环	私有_值_执行缺口_方法运行回执未闭环	任务模块.管理工作线程.ixx:342	2	const 语素入口节点类* 私有_值_执行缺口_方法运行回执未闭环() noexcept	执行对应模块、线程或方法的运行逻辑。		ClCompile	任务模块.管理工作线程.ixx:342 | 任务模块.管理工作线程.ixx:2206
present	私有_执行缺口表示动作失败	私有_执行缺口表示动作失败	任务模块.管理工作线程.ixx:345	2	bool 私有_执行缺口表示动作失败(const 语素入口节点类* 缺口类型) noexcept	执行任务、方法或动作的主体逻辑。		ClCompile	任务模块.管理工作线程.ixx:345 | 任务模块.管理工作线程.ixx:2176
present	私有_读基础节点指针特征	私有_读基础节点指针特征	任务模块.管理工作线程.ixx:361	2	bool 私有_读基础节点指针特征( const 基础信息节点类* 宿主, const 语素入口节点类* 特征类型, void*& 输出指针) noexcept	服务所在模块的内部辅助流程。		ClCompile	任务模块.管理工作线程.ixx:361 | 任务模块.管理工作线程.ixx:392
present	私有_读基础节点I64特征	私有_读基础节点I64特征	任务模块.管理工作线程.ixx:374	2	bool 私有_读基础节点I64特征( const 基础信息节点类* 宿主, const 语素入口节点类* 特征类型, I64& 输出值) noexcept	服务所在模块的内部辅助流程。		ClCompile	任务模块.管理工作线程.ixx:374 | 任务模块.管理工作线程.ixx:1273
present	私有_调用任务筹办普通函数	私有_调用任务筹办普通函数	任务模块.管理工作线程.ixx:444	2	任务模块::筹办::结构_任务筹办结果 私有_调用任务筹办普通函数( 自我类& 自我对象, 任务节点* 任务, 时间戳 now) noexcept	推进任务筹办，形成候选、缺口或就绪回执。		ClCompile	任务模块.管理工作线程.ixx:444 | 任务模块.管理工作线程.ixx:2871
present	私有_调用任务执行普通函数	私有_调用任务执行普通函数	任务模块.管理工作线程.ixx:457	2	结构_执行任务结果 私有_调用任务执行普通函数( 任务节点* 任务, 时间戳 now, 任务模块::筹办::结构_任务推进回执* 输出回执) noexcept	执行任务、方法或动作的主体逻辑。		ClCompile	任务模块.管理工作线程.ixx:457 | 任务模块.管理工作线程.ixx:3010
present	私有_从执行结果推导界面任务状态	私有_从执行结果推导界面任务状态	任务模块.管理工作线程.ixx:515	2	枚举_任务状态 私有_从执行结果推导界面任务状态( const 结构_任务步骤执行结果_最小& 任务数据, const 特征节点类* 方法运行结果) noexcept	执行任务、方法或动作的主体逻辑。		ClCompile	任务模块.管理工作线程.ixx:515 | 任务模块.管理工作线程.ixx:687
present	私有_任务推进阶段文本	私有_任务推进阶段文本	任务模块.管理工作线程.ixx:590	2	std::string 私有_任务推进阶段文本( const 任务模块::筹办::枚举_任务推进阶段 阶段)	服务所在模块的内部辅助流程。		ClCompile	任务模块.管理工作线程.ixx:590 | 任务模块.管理工作线程.ixx:3072
present	私有_任务推进回执目标失败	私有_任务推进回执目标失败	任务模块.管理工作线程.ixx:613	2	bool 私有_任务推进回执目标失败( const 任务模块::筹办::结构_任务推进回执& 回执) noexcept	服务所在模块的内部辅助流程。		ClCompile	任务模块.管理工作线程.ixx:613 | 任务模块.管理工作线程.ixx:2757
present	私有_任务推进回执是通用部分推进	私有_任务推进回执是通用部分推进	任务模块.管理工作线程.ixx:622	2	bool 私有_任务推进回执是通用部分推进( const 任务模块::筹办::结构_任务推进回执& 回执) noexcept	服务所在模块的内部辅助流程。		ClCompile	任务模块.管理工作线程.ixx:622 | 任务模块.管理工作线程.ixx:641
present	私有_从任务推进回执推导界面任务状态	私有_从任务推进回执推导界面任务状态	任务模块.管理工作线程.ixx:635	2	枚举_任务状态 私有_从任务推进回执推导界面任务状态( const 任务模块::筹办::结构_任务推进回执& 回执, const 结构_任务步骤执行结果_最小& 任务数据, const 特征节点类* 方法运行结果) noexcept	服务所在模块的内部辅助流程。		ClCompile	任务模块.管理工作线程.ixx:635 | 任务模块.管理工作线程.ixx:3301
present	私有_填充任务层回执到治理结果	私有_填充任务层回执到治理结果	任务模块.管理工作线程.ixx:692	2	void 私有_填充任务层回执到治理结果( 结构_任务管理结果& 治理结果, 任务节点* 任务, const 任务模块::筹办::结构_任务推进回执& 回执, const 枚举_任务状态 任务状态) noexcept	服务所在模块的内部辅助流程。		ClCompile	任务模块.管理工作线程.ixx:692 | 任务模块.管理工作线程.ixx:3314
present	私有_同步任务回执方法到任务虚拟存在	私有_同步任务回执方法到任务虚拟存在	任务模块.管理工作线程.ixx:730	2	void 私有_同步任务回执方法到任务虚拟存在( 任务节点* 任务, const 任务模块::筹办::结构_任务推进回执& 回执, const 时间戳 now) noexcept	同步线程、任务、场景或对象之间的状态。		ClCompile	任务模块.管理工作线程.ixx:730 | 任务模块.管理工作线程.ixx:2885
present	私有_补齐筹办派生需求消息主键槽	私有_补齐筹办派生需求消息主键槽	任务模块.管理工作线程.ixx:791	2	bool 私有_补齐筹办派生需求消息主键槽( 结构_任务管理派生需求消息& 消息) noexcept	推进任务筹办，形成候选、缺口或就绪回执。		ClCompile	任务模块.管理工作线程.ixx:791 | 任务模块.管理工作线程.ixx:995
present	私有_筹办派生需求消息字段完整	私有_筹办派生需求消息字段完整	任务模块.管理工作线程.ixx:825	2	bool 私有_筹办派生需求消息字段完整( const 结构_任务管理派生需求消息& 消息) noexcept	推进任务筹办，形成候选、缺口或就绪回执。		ClCompile	任务模块.管理工作线程.ixx:825 | 任务模块.管理工作线程.ixx:1049
present	私有_筹办派生需求消息缺失槽位文本	私有_筹办派生需求消息缺失槽位文本	任务模块.管理工作线程.ixx:844	2	std::string 私有_筹办派生需求消息缺失槽位文本( const 结构_任务管理派生需求消息& 消息)	推进任务筹办，形成候选、缺口或就绪回执。		ClCompile	任务模块.管理工作线程.ixx:844 | 任务模块.管理工作线程.ixx:1054
present	私有_最近已上报筹办派生需求稳定键	私有_最近已上报筹办派生需求稳定键	任务模块.管理工作线程.ixx:945	2	bool 私有_最近已上报筹办派生需求稳定键(const std::string& 稳定键)	推进任务筹办，形成候选、缺口或就绪回执。		ClCompile	任务模块.管理工作线程.ixx:945 | 任务模块.管理工作线程.ixx:1090
present	私有_记录最近筹办派生需求稳定键	私有_记录最近筹办派生需求稳定键	任务模块.管理工作线程.ixx:956	2	void 私有_记录最近筹办派生需求稳定键(const std::string& 稳定键)	记录日志、动态、证据或运行痕迹。		ClCompile	任务模块.管理工作线程.ixx:956 | 任务模块.管理工作线程.ixx:1123
present	私有_规范化筹办派生需求消息	私有_规范化筹办派生需求消息	任务模块.管理工作线程.ixx:974	2	void 私有_规范化筹办派生需求消息( 结构_任务管理派生需求消息& 消息, const 任务节点* 任务, const 时间戳 now)	推进任务筹办，形成候选、缺口或就绪回执。		ClCompile	任务模块.管理工作线程.ixx:974 | 任务模块.管理工作线程.ixx:1048
present	私有_发送执行前许可请求并重排	私有_发送执行前许可请求并重排	任务模块.管理界面线程.impl.cpp:5787	2	void 私有_发送执行前许可请求并重排( 结构_任务调度队列项 项, 时间戳 now) noexcept	执行任务、方法或动作的主体逻辑。		ClCompile	任务模块.管理界面线程.impl.cpp:5787 | 任务模块.管理界面线程.impl.cpp:5910
present	私有_构造执行前许可阻断结果	私有_构造执行前许可阻断结果	任务模块.管理界面线程.impl.cpp:5828	2	任务管理线程协议::结构_任务工作结果 私有_构造执行前许可阻断结果( const 任务管理线程协议::结构_任务工作项& 工作项, const 任务管理线程协议::结构_任务执行前许可结果& 许可结果) noexcept	执行任务、方法或动作的主体逻辑。		ClCompile	任务模块.管理界面线程.impl.cpp:5828 | 任务模块.管理界面线程.impl.cpp:5933
present	私有_后台worker循环	私有_后台worker循环	任务模块.管理界面线程.impl.cpp:5950	2	void 私有_后台worker循环(std::size_t worker序号) noexcept	服务所在模块的内部辅助流程。		ClCompile	任务模块.管理界面线程.impl.cpp:5950 | 任务模块.管理界面线程.impl.cpp:7683
present	私有_弹出完成队列项	私有_弹出完成队列项	任务模块.管理界面线程.impl.cpp:6303	2	bool 私有_弹出完成队列项(结构_任务完成队列项* 输出) noexcept	服务所在模块的内部辅助流程。		ClCompile	任务模块.管理界面线程.impl.cpp:6303 | 任务模块.管理界面线程.impl.cpp:7867
present	私有_巡检全部任务状态并入队	私有_巡检全部任务状态并入队	任务模块.管理界面线程.impl.cpp:6759	2	std::size_t 私有_巡检全部任务状态并入队( 自我类& 自我对象, 时间戳 now, std::size_t 最大入队数) noexcept	服务所在模块的内部辅助流程。		ClCompile	任务模块.管理界面线程.impl.cpp:6759 | 任务模块.管理界面线程.impl.cpp:8480
present	封口任务包	封口任务包	任务模块.运行包.impl.cpp:192	2	bool 封口任务包(结构_一步治理任务包& 包, 时间戳 封口时间, std::string* 错误) noexcept	按函数名执行对应处理。		ClCompile	任务模块.运行包.impl.cpp:192 | 任务模块.运行包.ixx:219
present	封口结算包	封口结算包	任务模块.运行包.impl.cpp:198	2	bool 封口结算包(结构_回流结算包& 包, 时间戳 封口时间, std::string* 错误) noexcept	结算任务、需求、价值或结果贡献。		ClCompile	任务模块.运行包.impl.cpp:198 | 任务模块.运行包.ixx:220
present	私有_校验封口时间	私有_校验封口时间	任务模块.运行包.impl.cpp:20	2	bool 私有_校验封口时间( const 任务运行包::结构_线程运行包头& 包头, std::string* 错误) noexcept	服务所在模块的内部辅助流程。		ClCompile	任务模块.运行包.impl.cpp:20 | 任务模块.运行包.impl.cpp:65
present	包已封口	包已封口	任务模块.运行包.impl.cpp:57	2	bool 包已封口(const 结构_线程运行包头& 包头) noexcept	按函数名执行对应处理。		ClCompile	任务模块.运行包.impl.cpp:57 | 任务模块.运行包.ixx:209
present	私有_任务树SQL视图脚本	私有_任务树SQL视图脚本	任务类.cpp:1008	2	std::string 私有_任务树SQL视图脚本()	服务所在模块的内部辅助流程。		ClCompile	任务类.cpp:1008 | 任务类.cpp:1180
present	私有_构造任务树SQL重写脚本	私有_构造任务树SQL重写脚本	任务类.cpp:1050	2	std::string 私有_构造任务树SQL重写脚本( const std::vector<结构_任务树SQL行>& 行集, const std::string& 来源原因, const std::string& 根主键)	服务所在模块的内部辅助流程。		ClCompile	任务类.cpp:1050 | 任务类.cpp:1181
present	私有_构建任务虚拟存在概念集	私有_构建任务虚拟存在概念集	任务类.cpp:117	2	std::vector<存在节点类*> 私有_构建任务虚拟存在概念集(const 任务节点* 任务头结点) noexcept	构建运行所需的数据结构或中间结果。		ClCompile	任务类.cpp:117 | 任务类.cpp:168
present	任务类::写入任务根实体特征	写入任务根实体特征	任务类.cpp:1365	2	bool 任务类::写入任务根实体特征( 节点类* 任务头结点, std::uint64_t 任务根ID, std::uintptr_t 来源需求指针, std::uintptr_t 世界任务根指针, std::uintptr_t 父任务指针, std::uintptr_t 管理对象任务指针, I64 初始授权等级, bool 只读, 场景节点类* 承载场景, 时间戳 now)	把处理结果写入指定对象、场景或日志。		ClCompile	任务类.cpp:1365 | 任务类.h:48
present	任务类::写入任务控制实体特征	写入任务控制实体特征	任务类.cpp:1393	2	bool 任务类::写入任务控制实体特征( 节点类* 任务头结点, std::uint64_t 任务根ID, I64 队列状态值, I64 全局优先级, I64 解阻加权, I64 时间预算_ms, I64 资源预算, std::uint64_t 绑定工作线程ID, bool 已派发, bool 等待子结果, bool 请求收束, bool 请求停止, bool 是否已响应控制意图, bool 控制请求待确认, 场景节点类* 承载场景, 时间戳 now)	把处理结果写入指定对象、场景或日志。		ClCompile	任务类.cpp:1393 | 任务类.h:60
present	任务类::写入任务局部运行实体特征	写入任务局部运行实体特征	任务类.cpp:1433	2	bool 任务类::写入任务局部运行实体特征( 节点类* 任务头结点, std::uint64_t 任务根ID, I64 当前状态值, std::uintptr_t 当前步骤前沿, std::uintptr_t 最近局部结果, I64 局部完成度, 场景节点类* 承载场景, 时间戳 now)	把处理结果写入指定对象、场景或日志。		ClCompile	任务类.cpp:1433 | 任务类.h:78
present	任务类::读取任务创建时间	读取任务创建时间	任务类.cpp:1599	2	时间戳 任务类::读取任务创建时间( const 节点类* 任务节点, 时间戳 默认值) noexcept	从指定来源读取数据或状态。		ClCompile	任务类.cpp:1599 | 任务类.h:121
present	私有_取方法节点	私有_取方法节点	任务类.cpp:175	2	const 方法节点* 私有_取方法节点(const 方法节点类* 节点) noexcept	服务所在模块的内部辅助流程。		ClCompile	任务类.cpp:56 | 任务类.cpp:175
present	任务类::读取任务管理对象或自身	读取任务管理对象或自身	任务类.cpp:1760	2	任务类::节点类* 任务类::读取任务管理对象或自身(节点类* 任务节点) noexcept	从指定来源读取数据或状态。		ClCompile	任务类.cpp:1760 | 任务类.h:152
present	任务类::任务管理对象指向	任务管理对象指向	任务类.cpp:1773	2	bool 任务类::任务管理对象指向(const 节点类* 任务节点, const 节点类* 目标任务) noexcept	按函数名执行对应处理。		ClCompile	任务类.cpp:1773 | 任务类.h:153
present	任务类::写入任务管理对象任务	写入任务管理对象任务	任务类.cpp:1790	2	bool 任务类::写入任务管理对象任务( 节点类* 任务节点, 节点类* 管理对象任务, 场景节点类* 承载场景, 时间戳 now) noexcept	把处理结果写入指定对象、场景或日志。		ClCompile	任务类.cpp:1790 | 任务类.h:154
present	私有_解析需求引用	私有_解析需求引用	任务类.cpp:202	2	需求节点类* 私有_解析需求引用( const 可解析引用<需求节点类>& 引用) noexcept	解析输入文本、消息、场景或运行包。		ClCompile	任务类.cpp:202 | 任务类.cpp:1479
present	任务类::写入任务局部优先级偏移	写入任务局部优先级偏移	任务类.cpp:2082	2	bool 任务类::写入任务局部优先级偏移(节点类* 任务头结点, I64 值, 场景节点类* 承载场景, 时间戳 now)	把处理结果写入指定对象、场景或日志。		ClCompile	任务类.cpp:2082 | 任务类.h:214
present	任务类::写入任务运行次数	写入任务运行次数	任务类.cpp:2178	2	bool 任务类::写入任务运行次数(节点类* 任务头结点, I64 值, 场景节点类* 承载场景, 时间戳 now)	把处理结果写入指定对象、场景或日志。		ClCompile	任务类.cpp:2178 | 任务类.h:230
present	任务类::写入任务成功次数	写入任务成功次数	任务类.cpp:2190	2	bool 任务类::写入任务成功次数(节点类* 任务头结点, I64 值, 场景节点类* 承载场景, 时间戳 now)	把处理结果写入指定对象、场景或日志。		ClCompile	任务类.cpp:2190 | 任务类.h:232
present	任务类::写入任务失败次数	写入任务失败次数	任务类.cpp:2202	2	bool 任务类::写入任务失败次数(节点类* 任务头结点, I64 值, 场景节点类* 承载场景, 时间戳 now)	把处理结果写入指定对象、场景或日志。		ClCompile	任务类.cpp:2202 | 任务类.h:234
present	任务类::写入任务连续失败次数	写入任务连续失败次数	任务类.cpp:2214	2	bool 任务类::写入任务连续失败次数(节点类* 任务头结点, I64 值, 场景节点类* 承载场景, 时间戳 now)	把处理结果写入指定对象、场景或日志。		ClCompile	任务类.cpp:2214 | 任务类.h:236
present	任务类::写入任务转入缺口需求次数	写入任务转入缺口需求次数	任务类.cpp:2226	2	bool 任务类::写入任务转入缺口需求次数(节点类* 任务头结点, I64 值, 场景节点类* 承载场景, 时间戳 now)	把处理结果写入指定对象、场景或日志。		ClCompile	任务类.cpp:2226 | 任务类.h:238
present	任务类::写入任务最近错误码	写入任务最近错误码	任务类.cpp:2238	2	bool 任务类::写入任务最近错误码(节点类* 任务头结点, I64 值, 场景节点类* 承载场景, 时间戳 now)	把处理结果写入指定对象、场景或日志。		ClCompile	任务类.cpp:2238 | 任务类.h:240
present	任务类::同步任务特征使用统计	同步任务特征使用统计	任务类.cpp:2244	2	bool 任务类::同步任务特征使用统计( 节点类* 任务头结点, const 结构_特征使用统计& 统计, 枚举_特征生命周期 生命周期, 场景节点类* 承载场景, 时间戳 now)	同步线程、任务、场景或对象之间的状态。		ClCompile	任务类.cpp:2244 | 任务类.h:242
present	任务类::读取任务特征账本生命周期标准特征	读取任务特征账本生命周期标准特征	任务类.cpp:2263	2	I64 任务类::读取任务特征账本生命周期标准特征( 节点类* 任务头结点, I64 默认值, 场景节点类* 承载场景, 时间戳 now)	从指定来源读取数据或状态。		ClCompile	任务类.cpp:2263 | 任务类.h:249
present	私有_取需求目标状态	私有_取需求目标状态	任务类.cpp:235	2	状态节点类* 私有_取需求目标状态(需求节点类* 来源需求) noexcept	服务所在模块的内部辅助流程。		ClCompile	任务类.cpp:235 | 任务类.cpp:2304
present	私有_取需求当前状态	私有_取需求当前状态	任务类.cpp:241	2	状态节点类* 私有_取需求当前状态(需求节点类* 来源需求) noexcept	服务所在模块的内部辅助流程。		ClCompile	任务类.cpp:241 | 任务类.cpp:2305
present	私有_默认任务名称词	私有_默认任务名称词	任务类.cpp:287	2	const 语素入口节点类* 私有_默认任务名称词(需求节点类* 来源需求) noexcept	服务所在模块的内部辅助流程。		ClCompile	任务类.cpp:287 | 任务类.cpp:2299
present	私有_默认任务类型词	私有_默认任务类型词	任务类.cpp:303	2	const 语素入口节点类* 私有_默认任务类型词(需求节点类* 来源需求) noexcept	服务所在模块的内部辅助流程。		ClCompile	任务类.cpp:303 | 任务类.cpp:2300
present	私有_任务虚拟存在类型词	私有_任务虚拟存在类型词	任务类.cpp:314	2	const 语素入口节点类* 私有_任务虚拟存在类型词() noexcept	服务所在模块的内部辅助流程。		ClCompile	任务类.cpp:314 | 任务类.cpp:768
present	私有_任务虚拟存在名称词	私有_任务虚拟存在名称词	任务类.cpp:323	2	const 语素入口节点类* 私有_任务虚拟存在名称词(const 任务节点* 节点) noexcept	服务所在模块的内部辅助流程。		ClCompile	任务类.cpp:323 | 任务类.cpp:767
present	私有_任务虚拟存在内部世界名称词	私有_任务虚拟存在内部世界名称词	任务类.cpp:334	2	const 语素入口节点类* 私有_任务虚拟存在内部世界名称词(const 任务节点* 节点) noexcept	服务所在模块的内部辅助流程。		ClCompile	任务类.cpp:334 | 任务类.cpp:777
present	私有_写入任务特征使用统计	私有_写入任务特征使用统计	任务类.cpp:523	2	bool 私有_写入任务特征使用统计( 存在节点类* 任务虚拟存在, const 结构_特征使用统计& 统计, 枚举_特征生命周期 生命周期, 时间戳 now) noexcept	把处理结果写入指定对象、场景或日志。		ClCompile	任务类.cpp:523 | 任务类.cpp:2259
present	私有_取方法节点	私有_取方法节点	任务类.cpp:56	2	方法节点* 私有_取方法节点(方法节点类* 节点) noexcept	服务所在模块的内部辅助流程。		ClCompile	任务类.cpp:56 | 任务类.cpp:175
present	私有_任务方法候选已存在	私有_任务方法候选已存在	任务类.cpp:62	2	bool 私有_任务方法候选已存在( const 存在节点类* 任务虚拟存在, const 存在节点类* 方法虚拟存在) noexcept	服务所在模块的内部辅助流程。		ClCompile	任务类.cpp:62 | 任务类.cpp:1902
present	私有_读取任务指针特征	私有_读取任务指针特征	任务类.cpp:656	2	void* 私有_读取任务指针特征( const 任务节点* 任务头结点, const 语素入口节点类* 特征类型) noexcept	从指定来源读取数据或状态。		ClCompile	任务类.cpp:656 | 任务类.cpp:1817
present	私有_推导基准优先级	私有_推导基准优先级	任务类.cpp:726	2	I64 私有_推导基准优先级(需求节点类* 来源需求, 任务节点* 父任务头结点) noexcept	服务所在模块的内部辅助流程。		ClCompile	任务类.cpp:726 | 任务类.cpp:2303
present	私有_任务树SQL投影互斥	私有_任务树SQL投影互斥	任务类.cpp:805	2	std::mutex& 私有_任务树SQL投影互斥() noexcept	服务所在模块的内部辅助流程。		ClCompile	任务类.cpp:805 | 任务类.cpp:1160
present	私有_任务SQL节点种类文本	私有_任务SQL节点种类文本	任务类.cpp:847	2	const char* 私有_任务SQL节点种类文本(const 枚举_任务节点种类 种类) noexcept	服务所在模块的内部辅助流程。		ClCompile	任务类.cpp:847 | 任务类.cpp:905
present	私有_任务SQL状态文本	私有_任务SQL状态文本	任务类.cpp:856	2	const char* 私有_任务SQL状态文本(const 枚举_任务状态 状态) noexcept	服务所在模块的内部辅助流程。		ClCompile	任务类.cpp:856 | 任务类.cpp:907
present	私有_存在节点相同	私有_存在节点相同	任务类.cpp:90	2	bool 私有_存在节点相同(const 存在节点类* 左, const 存在节点类* 右) noexcept	服务所在模块的内部辅助流程。		ClCompile	任务类.cpp:90 | 任务类.cpp:108
present	私有_任务树SQL建库脚本	私有_任务树SQL建库脚本	任务类.cpp:942	2	std::string 私有_任务树SQL建库脚本()	服务所在模块的内部辅助流程。		ClCompile	任务类.cpp:942 | 任务类.cpp:1178
present	私有_任务树SQL建表脚本	私有_任务树SQL建表脚本	任务类.cpp:950	2	std::string 私有_任务树SQL建表脚本()	服务所在模块的内部辅助流程。		ClCompile	任务类.cpp:950 | 任务类.cpp:1179
present	取队列深度	取队列深度	动作线程类.ixx:124	2	std::size_t 取队列深度()	按函数名执行对应处理。		ClCompile	动作线程类.ixx:124 | 动作线程类.ixx:133
present	注册本能	注册本能	动作线程类.ixx:150	2	void 注册本能(枚举_本能方法ID 动作ID, 最小动作函数 动作函数)	注册方法、模板、对象或运行入口。		ClCompile	动作线程类.ixx:150 | 动作线程类.ixx:183
present	从本能动作管理器注册	从本能动作管理器注册	动作线程类.ixx:175	2	bool 从本能动作管理器注册(枚举_本能方法ID 动作ID)	注册方法、模板、对象或运行入口。		ClCompile	动作线程类.ixx:175 | 动作线程类.ixx:214
present	请求退出	请求退出	动作线程类.ixx:239	2	void 请求退出() noexcept	按函数名执行对应处理。		ClCompile	动作线程类.ixx:239 | 动作线程类.ixx:263
present	取动作函数_	取动作函数_	动作线程类.ixx:356	2	[[nodiscard]] 函数句柄 取动作函数_(枚举_本能方法ID 动作ID) const	按函数名执行对应处理。		ClCompile	动作线程类.ixx:356 | 动作线程类.ixx:410
present	摘要转日志文本	摘要转日志文本	动作验证报告类.h:217	2	inline std::string 摘要转日志文本(const 结构_动作验证报告摘要& 摘要)	按函数名执行对应处理。		ClInclude	任务模块.工作线程消息协议.ixx:724 | 动作验证报告类.h:217
present	转日志文本	转日志文本	动作验证报告类.h:236	2	inline std::string 转日志文本(const 结构_动作验证报告& 报告)	按函数名执行对应处理。		ClInclude	动作验证报告类.h:236 | 鱼巢.cpp:143
present	动态类::删除动态	删除动态	动态类.cpp:1057	2	bool 动态类::删除动态(动态节点类* 节点)	删除指定对象、状态或登记项。		ClCompile	动态类.cpp:1057 | 动态类.h:123
present	私有_补齐动态名称类型	私有_补齐动态名称类型	动态类.cpp:115	2	void 私有_补齐动态名称类型(动态节点主信息类* 主信息) noexcept	补齐动态名称语义和动态类别入口。		ClCompile	动态类.cpp:115 | 动态类.cpp:718
present	动态类::设置聚合信息	设置聚合信息	动态类.cpp:1253	2	bool 动态类::设置聚合信息(动态节点类* 节点, std::uint32_t 动态层级, 枚举_动态聚合方式 聚合方式)	设置对象字段、状态或运行参数。		ClCompile	动态类.cpp:1253 | 动态类.h:135
present	私有_取动态时间	私有_取动态时间	动态类.cpp:185	2	时间戳 私有_取动态时间(const 动态节点主信息类& 主信息) noexcept	服务所在模块的内部辅助流程。		ClCompile	动态类.cpp:185 | 动态类.cpp:488
present	私有_方法有可执行动作入口	私有_方法有可执行动作入口	动态类.cpp:232	2	bool 私有_方法有可执行动作入口(const 方法节点类* 来源动作) noexcept	执行任务、方法或动作的主体逻辑。		ClCompile	动态类.cpp:232 | 动态类.cpp:1053
present	私有_自动补齐动态主体基础特征	私有_自动补齐动态主体基础特征	动态类.cpp:348	2	void 私有_自动补齐动态主体基础特征(基础信息类* 基础信息, 动态节点主信息类* 主信息) noexcept	补齐条件、参数、证据或方法能力缺口。		ClCompile	动态类.cpp:348 | 动态类.cpp:713
present	动态类::推导动态名称	推导动态名称	动态类.cpp:405	2	const 语素入口节点类* 动态类::推导动态名称(const 动态节点主信息类& 主信息) noexcept	按动态结构字段推导名称语义入口。		ClCompile	动态类.cpp:405 | 动态类.h:21
present	私有_相邻前状态查找采样序号	私有_相邻前状态查找采样序号	动态类.cpp:46	2	std::uint64_t 私有_相邻前状态查找采样序号(std::uint64_t 总耗时微秒) noexcept	按条件查找目标对象、方法或事实。		ClCompile	动态类.cpp:46 | 动态类.cpp:1125
present	私有_创建动态采样序号	私有_创建动态采样序号	动态类.cpp:60	2	std::uint64_t 私有_创建动态采样序号(std::uint64_t 总耗时微秒) noexcept	创建并返回或登记对应对象。		ClCompile	动态类.cpp:60 | 动态类.cpp:617
present	私有_来源方法动作名	私有_来源方法动作名	动态类.cpp:74	2	const 语素入口节点类* 私有_来源方法动作名(const 动态节点主信息类& 主信息) noexcept	从来源方法读取动作名入口。		ClCompile	动态类.cpp:74 | 动态类.cpp:86
present	动态类::创建动作动态	创建动作动态	动态类.cpp:829	2	动态节点类* 动态类::创建动作动态( 场景节点类* 场景, 基础信息节点类* 动态主体, 特征节点类* 动态特征, 时间戳 开始时间, 时间戳 结束时间)	创建并返回或登记对应对象。		ClCompile	动态类.cpp:829 | 动态类.h:81
present	动态类::创建存在动态	创建存在动态	动态类.cpp:906	2	动态节点类* 动态类::创建存在动态( 场景节点类* 观察场景, 存在节点类* 被观察存在, 状态节点类* 初始状态, 状态节点类* 结果状态, 动态节点类* 来源低层动态, 时间戳 now)	创建并返回或登记对应对象。		ClCompile	动态类.cpp:906 | 动态类.h:103
present	动态类::创建场景动态	创建场景动态	动态类.cpp:954	2	动态节点类* 动态类::创建场景动态( 场景节点类* 父场景, 场景节点类* 子场景, 状态节点类* 初始状态, 状态节点类* 结果状态, 动态节点类* 来源低层动态, 时间戳 now)	创建并返回或登记对应对象。		ClCompile	动态类.cpp:954 | 动态类.h:111
present	深拷贝树	深拷贝树	双向链表模板_深拷贝.inl:11	2	template<typename 主信息类型> typename 链表模板<主信息类型>::节点类* 链表模板<主信息类型>::深拷贝树(const 节点类* 源根) const	按函数名执行对应处理。	template	ClInclude	双向链表模板_深拷贝.inl:13 | 双向链表模板核心.h:662
present	深拷贝树_已加锁	深拷贝树_已加锁	双向链表模板_深拷贝.inl:20	2	template<typename 主信息类型> typename 链表模板<主信息类型>::节点类* 链表模板<主信息类型>::深拷贝树_已加锁(const 节点类* 源根) const	按函数名执行对应处理。	template	ClInclude	双向链表模板_深拷贝.inl:22 | 双向链表模板核心.h:663
present	从全链环摘除	从全链环摘除	双向链表模板核心.h:112	2	void 从全链环摘除()	按函数名执行对应处理。		ClInclude	双向链表模板核心.h:112 | 双向链表模板核心.h:522
present	查找主键_当前链_已加锁	查找主键_当前链_已加锁	双向链表模板核心.h:372	2	节点类* 查找主键_当前链_已加锁(节点类* 当前节点, const std::string& 主键) const	按条件查找目标对象、方法或事实。		ClInclude	双向链表模板核心.h:372 | 双向链表模板核心.h:401
present	查找节点_当前链_已加锁	查找节点_当前链_已加锁	双向链表模板核心.h:405	2	节点类* 查找节点_当前链_已加锁( 节点类* 当前节点, 主信息类型 查找内容, 枚举_比较字段 比较字段) const	按条件查找目标对象、方法或事实。		ClInclude	双向链表模板核心.h:405 | 双向链表模板核心.h:464
present	查找节点_当前链	查找节点_当前链	双向链表模板核心.h:461	2	节点类* 查找节点_当前链(节点类* 当前节点, 主信息类型 查找内容, 枚举_比较字段 比较字段) const	按条件查找目标对象、方法或事实。		ClInclude	双向链表模板核心.h:438 | 双向链表模板核心.h:461
present	设置主键	设置主键	双向链表模板核心.h:57	2	void 设置主键(const std::string& 主键_)	设置对象字段、状态或运行参数。		ClInclude	双向链表模板核心.h:57 | 本能动作类.ixx:175
present	删除链表	删除链表	双向链表模板核心.h:582	2	void 删除链表()	删除指定对象、状态或登记项。		ClInclude	双向链表模板核心.h:162 | 双向链表模板核心.h:582
present	初始化同层自环	初始化同层自环	双向链表模板核心.h:60	2	void 初始化同层自环()	初始化相关对象、状态或运行上下文。		ClInclude	双向链表模板核心.h:60 | 双向链表模板核心.h:80
present	校验结构_已加锁	校验结构_已加锁	双向链表模板核心.h:600	2	bool 校验结构_已加锁() const	按函数名执行对应处理。		ClInclude	双向链表模板核心.h:596 | 双向链表模板核心.h:600
present	初始化全链自环	初始化全链自环	双向链表模板核心.h:68	2	void 初始化全链自环()	初始化相关对象、状态或运行上下文。		ClInclude	双向链表模板核心.h:68 | 双向链表模板核心.h:81
present	从同层环摘除	从同层环摘除	双向链表模板核心.h:85	2	void 从同层环摘除()	按函数名执行对应处理。		ClInclude	双向链表模板核心.h:85 | 双向链表模板核心.h:521
present	从帧生成结果	从帧生成结果	双目相机本能适配器.cpp:1013	2	双目相机本能适配器::调用结果 从帧生成结果(const 结构体_原始场景帧& 帧)	根据当前输入生成目标数据、场景、动态或回执。		ClCompile	双目相机本能适配器.cpp:1013 | 双目相机本能适配器.cpp:1399
present	空间邻近	空间邻近	双目相机本能适配器.cpp:158	2	bool 空间邻近(const 结构体_原始场景帧& 帧, std::size_t a, std::size_t b) noexcept	按函数名执行对应处理。		ClCompile	双目相机本能适配器.cpp:158 | 双目相机本能适配器.cpp:885
present	建立深度三口径诊断	建立深度三口径诊断	双目相机本能适配器.cpp:244	2	void 建立深度三口径诊断(双目相机本能适配器::调用结果& 结果) noexcept	按函数名执行对应处理。		ClCompile	双目相机本能适配器.cpp:244 | 双目相机本能适配器.cpp:1080
present	建立静态多帧融合诊断	建立静态多帧融合诊断	双目相机本能适配器.cpp:369	2	void 建立静态多帧融合诊断( 双目相机本能适配器::调用结果& 结果, const std::vector<结构体_原始场景帧>& 帧组) noexcept	按函数名执行对应处理。		ClCompile	双目相机本能适配器.cpp:369 | 双目相机本能适配器.cpp:1400
present	收集深度空洞诊断区域	收集深度空洞诊断区域	双目相机本能适配器.cpp:489	2	std::vector<双目相机本能适配器::诊断区域摘要> 收集深度空洞诊断区域( const 结构体_原始场景帧& 帧, std::size_t& 输出总数量)	按函数名执行对应处理。		ClCompile	双目相机本能适配器.cpp:489 | 双目相机本能适配器.cpp:1118
present	候选诊断投影有效	候选诊断投影有效	双目相机本能适配器.cpp:582	2	bool 候选诊断投影有效( const 双目相机本能适配器::空间候选摘要& 候选, int 宽, int 高) noexcept	按函数名执行对应处理。		ClCompile	双目相机本能适配器.cpp:582 | 双目相机本能适配器.cpp:605
present	追加空间候选诊断区域	追加空间候选诊断区域	双目相机本能适配器.cpp:632	2	void 追加空间候选诊断区域( std::vector<双目相机本能适配器::诊断区域摘要>& 区域列表, const std::vector<双目相机本能适配器::空间候选摘要>& 候选列表, std::int64_t 起始区域编号, int 宽, int 高) noexcept	按函数名执行对应处理。		ClCompile	双目相机本能适配器.cpp:632 | 双目相机本能适配器.cpp:1122
present	点在范围内	点在范围内	双目相机本能适配器.cpp:690	2	bool 点在范围内( const Vector3D& P, double minX, double maxX, double minY, double maxY, double minZ, double maxZ) noexcept	按函数名执行对应处理。		ClCompile	双目相机本能适配器.cpp:690 | 双目相机本能适配器.cpp:745
present	填充像素归属验证摘要	填充像素归属验证摘要	双目相机本能适配器.cpp:705	2	void 填充像素归属验证摘要( const 结构体_原始场景帧& 帧, 双目相机本能适配器::空间候选摘要& 候选, const std::vector<std::size_t>& 候选像素索引, int minPX, int maxPX, int minPY, int maxPY, double minX, double maxX, double minY, double maxY, double minZ, double maxZ) noexcept	按函数名执行对应处理。		ClCompile	双目相机本能适配器.cpp:705 | 双目相机本能适配器.cpp:982
present	提取空间候选摘要	提取空间候选摘要	双目相机本能适配器.cpp:853	2	std::vector<双目相机本能适配器::空间候选摘要> 提取空间候选摘要( const 结构体_原始场景帧& 帧)	按函数名执行对应处理。		ClCompile	双目相机本能适配器.cpp:853 | 双目相机本能适配器.cpp:1101
present	私有_从状态转换边生成目标投影路径	私有_从状态转换边生成目标投影路径	因果类.cpp:1032	2	static 私有_目标投影路径 私有_从状态转换边生成目标投影路径( const 私有_状态转换因果边& 边)	根据当前输入生成目标数据、场景、动态或回执。		ClCompile	因果类.cpp:1032 | 因果类.cpp:1085
present	因果类::验收动作结果因果证据	验收动作结果因果证据	因果类.cpp:1299	2	void 因果类::验收动作结果因果证据( 动态节点类* 动作动态, 状态节点类* 预测结果状态, 状态节点类* 实际结果状态, bool& 命中预测, std::vector<因果模板节点类*>& 更新模板, std::vector<std::string>& 缺失证据)	验收动作动态的预测结果与实际结果，并更新命中因果模板计数。		ClCompile	因果类.cpp:1299 | 因果类.h:56
present	私有_向量含动态	私有_向量含动态	因果类.cpp:148	2	static bool 私有_向量含动态( const std::vector<可解析引用<动态节点类>>& v, const 动态节点类* d, const std::string& 动态主键)	服务所在模块的内部辅助流程。		ClCompile	因果类.cpp:148 | 因果类.cpp:182
present	私有_制动态引用	私有_制动态引用	因果类.cpp:164	2	static 可解析引用<动态节点类> 私有_制动态引用(动态节点类* 节点, const std::string& 动态主键)	服务所在模块的内部辅助流程。		ClCompile	因果类.cpp:164 | 因果类.cpp:192
present	因果类::查询条件相关因果	查询条件相关因果	因果类.cpp:1721	2	std::vector<因果模板节点类*> 因果类::查询条件相关因果(特征节点类* 条件特征) const	按条件特征查询抽象因果模板，不创建或修改因果节点。		ClCompile	因果类.cpp:1721 | 因果类.h:123
present	因果类::查询结果相关因果	查询结果相关因果	因果类.cpp:1740	2	std::vector<因果模板节点类*> 因果类::查询结果相关因果( 特征节点类* 结果特征, 状态节点类* 结果状态) const	按结果特征或结果状态查询抽象因果模板，不创建或修改因果节点。		ClCompile	因果类.cpp:1740 | 因果类.h:126
present	私有_登记证据动态样本_已加锁	私有_登记证据动态样本_已加锁	因果类.cpp:175	2	static bool 私有_登记证据动态样本_已加锁( std::vector<可解析引用<动态节点类>>& v, 动态节点类* d, const std::string& 动态主键)	登记方法、模板、对象或运行入口。		ClCompile	因果类.cpp:175 | 因果类.cpp:205
present	因果类::查询动作相关因果	查询动作相关因果	因果类.cpp:1761	2	std::vector<因果模板节点类*> 因果类::查询动作相关因果( const 方法节点类* 因方法, const std::string& 动作语义键) const	按方法模板或动作语义键查询抽象因果模板，不创建或修改因果节点。		ClCompile	因果类.cpp:1761 | 因果类.h:131
present	私有_登记证据动态样本	私有_登记证据动态样本	因果类.cpp:199	2	static bool 私有_登记证据动态样本(std::vector<可解析引用<动态节点类>>& v, 动态节点类* d)	登记方法、模板、对象或运行入口。		ClCompile	因果类.cpp:199 | 因果类.cpp:2510
present	私有_向量含特征	私有_向量含特征	因果类.cpp:209	2	static bool 私有_向量含特征(const std::vector<可解析引用<特征节点类>>& v, const 特征节点类* n)	服务所在模块的内部辅助流程。		ClCompile	因果类.cpp:209 | 因果类.cpp:354
present	私有_查找动态果状态迁移模板	私有_查找动态果状态迁移模板	因果类.cpp:2091	2	static std::vector<二次特征节点类*> 私有_查找动态果状态迁移模板(基础信息类* base, 动态节点类* d)	按条件查找目标对象、方法或事实。		ClCompile	因果类.cpp:2091 | 因果类.cpp:2242
present	私有_解析状态引用_因果	私有_解析状态引用_因果	因果类.cpp:224	2	static 状态节点类* 私有_解析状态引用_因果(基础信息类* 基础信息, const 可解析引用<状态节点类>& 引用) noexcept	解析状态引用对应的节点。		ClCompile	因果类.cpp:224 | 因果类.cpp:404
present	私有_解析二次特征引用_因果	私有_解析二次特征引用_因果	因果类.cpp:254	2	static 二次特征节点类* 私有_解析二次特征引用_因果(基础信息类* 基础信息, const 可解析引用<二次特征节点类>& 引用) noexcept	解析二次特征引用对应的节点。		ClCompile	因果类.cpp:254 | 因果类.cpp:1437
present	私有_解析动态引用_因果	私有_解析动态引用_因果	因果类.cpp:264	2	static 动态节点类* 私有_解析动态引用_因果(基础信息类* 基础信息, const 可解析引用<动态节点类>& 引用) noexcept	解析动态引用对应的节点。		ClCompile	因果类.cpp:264 | 因果类.cpp:1510
present	私有_解析方法引用_因果	私有_解析方法引用_因果	因果类.cpp:274	2	static 方法节点类* 私有_解析方法引用_因果(基础信息类* 基础信息, const 可解析引用<方法节点类>& 引用) noexcept	解析方法引用对应的节点。		ClCompile	因果类.cpp:274 | 因果类.cpp:1573
present	私有_动态结果命中状态	私有_动态结果命中状态	因果类.cpp:477	2	static bool 私有_动态结果命中状态( 基础信息类* 基础信息, const 动态节点类* 动态, const 状态节点类* 目标状态)	服务所在模块的内部辅助流程。		ClCompile	因果类.cpp:477 | 因果类.cpp:525
present	私有_状态迁移结果命中状态	私有_状态迁移结果命中状态	因果类.cpp:502	2	static bool 私有_状态迁移结果命中状态( 基础信息类* 基础信息, const 二次特征节点类* 迁移, const 状态节点类* 目标状态)	服务所在模块的内部辅助流程。		ClCompile	因果类.cpp:502 | 因果类.cpp:530
present	私有_因果边结果命中查询	私有_因果边结果命中查询	因果类.cpp:571	2	static bool 私有_因果边结果命中查询( 基础信息类* 基础信息, const 私有_状态转换因果边& 边, const 状态节点类* 目标状态, const 特征节点类* 目标特征)	判断因果边结果侧是否命中查询目标。		ClCompile	因果类.cpp:571 | 因果类.cpp:1847
present	私有_状态迁移模板命中动态	私有_状态迁移模板命中动态	因果类.cpp:599	2	static bool 私有_状态迁移模板命中动态( 基础信息类* 基础信息, const 二次特征节点类* 迁移, const 动态节点类* 动态节点)	判断状态迁移二次特征是否来自指定动态的初始状态和结果状态。		ClCompile	因果类.cpp:599 | 因果类.cpp:708
present	私有_状态迁移方向相同_因果	私有_状态迁移方向相同_因果	因果类.cpp:659	2	static bool 私有_状态迁移方向相同_因果( const 二次特征节点类* 左, const 二次特征节点类* 右) noexcept	判断两个状态迁移二次特征是否表达同一变化方向。		ClCompile	因果类.cpp:659 | 因果类.cpp:702
present	私有_生成因果信息采样序号	私有_生成因果信息采样序号	因果类.cpp:79	2	static std::uint64_t 私有_生成因果信息采样序号(std::uint64_t 总耗时微秒) noexcept	服务所在模块的内部辅助流程。		ClCompile	因果类.cpp:79 | 因果类.cpp:2166
present	私有_只读查找特征类型词	私有_只读查找特征类型词	因果类.cpp:797	2	static const 语素入口节点类* 私有_只读查找特征类型词(const char* 词) noexcept	按条件查找目标对象、方法或事实。		ClCompile	因果类.cpp:797 | 因果类.cpp:826
present	私有_特征类型同一	私有_特征类型同一	因果类.cpp:816	2	static bool 私有_特征类型同一(const 特征节点类* 特征, const 语素入口节点类* 期望类型) noexcept	服务所在模块的内部辅助流程。		ClCompile	因果类.cpp:816 | 因果类.cpp:2043
present	私有_目标特征是任务层状态	私有_目标特征是任务层状态	因果类.cpp:859	2	static bool 私有_目标特征是任务层状态(const 特征节点类* 特征) noexcept	服务所在模块的内部辅助流程。		ClCompile	因果类.cpp:761 | 因果类.cpp:859
present	私有_目标特征是方法层状态	私有_目标特征是方法层状态	因果类.cpp:880	2	static bool 私有_目标特征是方法层状态(const 特征节点类* 特征) noexcept	服务所在模块的内部辅助流程。		ClCompile	因果类.cpp:762 | 因果类.cpp:880
present	私有_目标特征是学习层状态	私有_目标特征是学习层状态	因果类.cpp:896	2	static bool 私有_目标特征是学习层状态(const 特征节点类* 特征) noexcept	服务所在模块的内部辅助流程。		ClCompile	因果类.cpp:763 | 因果类.cpp:896
present	场景类::删除场景	删除场景	场景类.cpp:165	2	bool 场景类::删除场景(场景节点类* 节点)	删除指定对象、状态或登记项。		ClCompile	场景类.cpp:165 | 场景类.h:49
present	场景类::枚举全部场景	枚举全部场景	场景类.cpp:171	2	std::vector<场景节点类*> 场景类::枚举全部场景() const	按函数名执行对应处理。		ClCompile	场景类.cpp:171 | 场景类.h:51
present	场景类::绑定来源文章	绑定来源文章	场景类.cpp:362	2	bool 场景类::绑定来源文章(场景节点类* 节点, 文章节点类* 来源文章)	建立对象、任务、方法或因果之间的绑定关系。		ClCompile	场景类.cpp:362 | 场景类.h:65
present	场景类::追加关系	追加关系	场景类.cpp:464	2	bool 场景类::追加关系(场景节点类* 节点, 二次特征节点类* 二次特征节点)	按函数名执行对应处理。		ClCompile	场景类.cpp:464 | 场景类.h:76
present	私有_追加二次特征引用	私有_追加二次特征引用	场景类.cpp:56	2	void 私有_追加二次特征引用(场景节点主信息类* 主信息, 二次特征节点类* 二次特征节点)	服务所在模块的内部辅助流程。		ClCompile	场景类.cpp:56 | 场景类.cpp:475
present	get_from_latest	get_from_latest	基础信息主信息类.h:192	2	const T* get_from_latest(std::size_t i) const	0 表示最新，1 表示前一项...		ClInclude	基础信息主信息类.h:192 | 特征类.cpp:2710
present	有区间	有区间	基础信息主信息类.h:277	2	bool 有区间() const noexcept	按函数名执行对应处理。		ClInclude	基础信息主信息类.h:277 | 基础信息主信息类.h:369
present	取值域	取值域	基础信息主信息类.h:286	2	const 特征值域* 取值域() const noexcept	按函数名执行对应处理。		ClInclude	基础信息主信息类.h:286 | 特征类.cpp:2586
present	有区间	有区间	基础信息主信息类.h:369	2	bool 有区间() const noexcept	按函数名执行对应处理。		ClInclude	基础信息主信息类.h:277 | 基础信息主信息类.h:369
present	由比较量判断方向区间	由比较量判断方向区间	基础信息主信息类.h:639	2	static 枚举_方向区间 由比较量判断方向区间(比较量 r) noexcept	判断条件、状态或业务结果是否成立。		ClInclude	基础信息主信息类.h:639 | 基础信息主信息类.h:668
present	安全计算右减左	安全计算右减左	基础信息主信息类.h:647	2	static std::optional<std::int64_t> 安全计算右减左(std::int64_t 左值, std::int64_t 右值) noexcept	计算权重、状态、差值或派生结果。		ClInclude	基础信息主信息类.h:647 | 基础信息主信息类.h:665
present	设置差值结果	设置差值结果	基础信息主信息类.h:659	2	void 设置差值结果(std::int64_t 左值, std::int64_t 右值) noexcept	设置对象字段、状态或运行参数。		ClInclude	二次特征类.cpp:1206 | 基础信息主信息类.h:659
present	模板匹配	模板匹配	基础信息主信息类.h:728	2	bool 模板匹配(const 二次特征主信息类& 模板) const	按函数名执行对应处理。		ClInclude	二次特征类.cpp:585 | 基础信息主信息类.h:728
present	基础信息类::基础信息节点引用语素入口节点	基础信息节点引用语素入口节点	基础信息类.cpp:264	2	bool 基础信息类::基础信息节点引用语素入口节点(const 节点类* 节点, const 语素入口节点类* 入口节点) noexcept	按函数名执行对应处理。		ClCompile	基础信息类.cpp:264 | 基础信息类.h:51
present	编码VecI64为VecIU64_ZigZag	编码VecI64为VecIU64_ZigZag	基础数据类型.h:662	2	inline VecIU64 编码VecI64为VecIU64_ZigZag(const VecI64& 值)	按函数名执行对应处理。		未在vcxproj登记	基础数据类型.h:662 | 基础数据类型.h:686
present	解码VecIU64为VecI64_ZigZag	解码VecIU64为VecI64_ZigZag	基础数据类型.h:673	2	inline VecI64 解码VecIU64为VecI64_ZigZag(const VecIU64& 值)	按函数名执行对应处理。		未在vcxproj登记	基础数据类型.h:673 | 基础数据类型.h:692
present	范数	范数	基础数据类型.h:896	2	double 范数() const noexcept	按函数名执行对应处理。		未在vcxproj登记	基础数据类型.h:896 | 基础数据类型.h:900
present	共轭	共轭	基础数据类型.h:906	2	Quaternion 共轭() const noexcept	按函数名执行对应处理。		未在vcxproj登记	基础数据类型.h:906 | 基础数据类型.h:927
present	比较量转三向关系	比较量转三向关系	基础数据类型.h:96	2	inline constexpr 枚举_三向关系 比较量转三向关系(const 比较量 r) noexcept	比较当前值、目标值或历史基准。		未在vcxproj登记	任务模块.筹办.ixx:2878 | 基础数据类型.h:96
present	D455_写入簇Tracker轨迹状态	D455_写入簇Tracker轨迹状态	外设线程_D455深度相机.ixx:1138	2	void D455_写入簇Tracker轨迹状态( 结构_外设观察像素簇摘要& 簇, 枚举_外设Tracker轨迹状态 状态, std::int64_t 连续帧数, std::int64_t 时间戳毫秒)	把处理结果写入指定对象、场景或日志。		ClCompile	外设线程_D455深度相机.ixx:1138 | 外设线程_D455深度相机.ixx:1270
present	D455_把跨帧采集摘要写入样本	D455_把跨帧采集摘要写入样本	外设线程_D455深度相机.ixx:1368	2	void D455_把跨帧采集摘要写入样本( const 结构_外设观察报告队列项& 报告, 结构_D455深度相机观察样本* 样本) noexcept	把处理结果写入指定对象、场景或日志。		ClCompile	外设线程_D455深度相机.ixx:1368 | 外设线程_D455深度相机.ixx:3213
present	D455_外设帧ID_由报告	D455_外设帧ID_由报告	外设线程_D455深度相机.ixx:1598	2	std::uint64_t D455_外设帧ID_由报告( const 结构_外设观察报告队列项& 报告) noexcept	按函数名执行对应处理。		ClCompile	外设线程_D455深度相机.ixx:1598 | 外设线程_D455深度相机.ixx:1652
present	D455_观察像素簇满足稳定子集发布门	D455_观察像素簇满足稳定子集发布门	外设线程_D455深度相机.ixx:1611	2	bool D455_观察像素簇满足稳定子集发布门( const 结构_外设观察像素簇摘要& 簇) noexcept	按函数名执行对应处理。		ClCompile	外设线程_D455深度相机.ixx:1611 | 外设线程_D455深度相机.ixx:1667
present	D455_读取最新L1稳定子集报告	D455_读取最新L1稳定子集报告	外设线程_D455深度相机.ixx:1631	2	std::optional<结构_外设观察报告队列项> D455_读取最新L1稳定子集报告()	从指定来源读取数据或状态。		ClCompile	外设线程_D455深度相机.ixx:1631 | 外设线程_D455深度相机.ixx:3120
present	D455_观察像素簇存在明显变化	D455_观察像素簇存在明显变化	外设线程_D455深度相机.ixx:1872	2	bool D455_观察像素簇存在明显变化( const 结构_外设观察像素簇摘要& 当前, const 结构_外设观察像素簇摘要& 基准) noexcept	按函数名执行对应处理。		ClCompile	外设线程_D455深度相机.ixx:1872 | 外设线程_D455深度相机.ixx:2260
present	D455_目标观察约束二维范围有效	D455_目标观察约束二维范围有效	外设线程_D455深度相机.ixx:1897	2	bool D455_目标观察约束二维范围有效(const 结构_目标观察约束特征组& 约束) noexcept	按函数名执行对应处理。		ClCompile	外设线程_D455深度相机.ixx:1897 | 外设线程_D455深度相机.ixx:2061
present	D455_目标观察约束空间范围有效	D455_目标观察约束空间范围有效	外设线程_D455深度相机.ixx:1904	2	bool D455_目标观察约束空间范围有效(const 结构_目标观察约束特征组& 约束) noexcept	按函数名执行对应处理。		ClCompile	外设线程_D455深度相机.ixx:1904 | 外设线程_D455深度相机.ixx:2090
present	D455_按目标特征估算观察值	D455_按目标特征估算观察值	外设线程_D455深度相机.ixx:1929	2	std::optional<std::int64_t> D455_按目标特征估算观察值( const std::string& 目标特征类型ID, const 结构_外设观察像素簇摘要& 簇)	按函数名执行对应处理。		ClCompile	外设线程_D455深度相机.ixx:1929 | 外设线程_D455深度相机.ixx:2028
present	D455_观察簇命中目标约束	D455_观察簇命中目标约束	外设线程_D455深度相机.ixx:2046	2	bool D455_观察簇命中目标约束( const 结构_外设观察像素簇摘要& 簇, const 结构_目标观察约束特征组& 约束, std::int64_t* 输出分值) noexcept	按函数名执行对应处理。		ClCompile	外设线程_D455深度相机.ixx:2046 | 外设线程_D455深度相机.ixx:2144
present	D455_扫描变化等待项前置满足	D455_扫描变化等待项前置满足	外设线程_D455深度相机.ixx:2159	2	bool D455_扫描变化等待项前置满足(const 结构_外设观察等待项& 等待项) noexcept	等待线程、任务、外设或条件变化。		ClCompile	外设线程_D455深度相机.ixx:2159 | 外设线程_D455深度相机.ixx:2983
present	D455_目标跟踪等待项前置满足	D455_目标跟踪等待项前置满足	外设线程_D455深度相机.ixx:2173	2	bool D455_目标跟踪等待项前置满足(const 结构_外设观察等待项& 等待项) noexcept	等待线程、任务、外设或条件变化。		ClCompile	外设线程_D455深度相机.ixx:2173 | 外设线程_D455深度相机.ixx:3053
present	D455_从逐簇识别报告生成扫描变化报告	D455_从逐簇识别报告生成扫描变化报告	外设线程_D455深度相机.ixx:2284	2	结构_外设观察报告队列项 D455_从逐簇识别报告生成扫描变化报告( const 结构_外设观察报告队列项& 当前逐簇识别报告, const std::optional<结构_外设观察报告队列项>& 基准逐簇识别报告, const 结构_外设观察等待项& 等待项)	根据当前输入生成目标数据、场景、动态或回执。		ClCompile	外设线程_D455深度相机.ixx:2284 | 外设线程_D455深度相机.ixx:3015
present	D455_尝试解析跟踪种子簇ID	D455_尝试解析跟踪种子簇ID	外设线程_D455深度相机.ixx:2304	2	bool D455_尝试解析跟踪种子簇ID( const std::string& 文本, std::int64_t* 输出簇ID) noexcept	解析输入文本、消息、场景或运行包。		ClCompile	外设线程_D455深度相机.ixx:2304 | 外设线程_D455深度相机.ixx:2488
present	D455_清空跟踪稳定缓存	D455_清空跟踪稳定缓存	外设线程_D455深度相机.ixx:237	2	void D455_清空跟踪稳定缓存()	执行跟踪相关定位、匹配或结果输出逻辑。		ClCompile	外设线程_D455深度相机.ixx:237 | 外设线程_D455深度相机.ixx:3154
present	D455_从逐簇识别报告生成跟踪报告	D455_从逐簇识别报告生成跟踪报告	外设线程_D455深度相机.ixx:2421	2	结构_外设观察报告队列项 D455_从逐簇识别报告生成跟踪报告( const 结构_外设观察报告队列项& 逐簇识别报告, const 结构_外设观察等待项& 等待项)	根据当前输入生成目标数据、场景、动态或回执。		ClCompile	外设线程_D455深度相机.ixx:2421 | 外设线程_D455深度相机.ixx:3098
present	D455_读取结果	D455_读取结果	外设线程_D455深度相机.ixx:2677	2	结构_D455深度相机线程结果 D455_读取结果( const std::shared_ptr<结构_D455线程共享状态>& 状态)	从指定来源读取数据或状态。		ClCompile	外设线程_D455深度相机.ixx:2677 | 外设线程_D455深度相机.ixx:3266
present	D455_构造逐簇稳定性诊断摘要	D455_构造逐簇稳定性诊断摘要	外设线程_D455深度相机.ixx:2711	2	std::string D455_构造逐簇稳定性诊断摘要(const 结构_外设观察报告队列项& 报告项)	按函数名执行对应处理。		ClCompile	外设线程_D455深度相机.ixx:2711 | 外设线程_D455深度相机.ixx:2786
present	D455_清空跨帧观察簇缓存	D455_清空跨帧观察簇缓存	外设线程_D455深度相机.ixx:284	2	void D455_清空跨帧观察簇缓存()	按函数名执行对应处理。		ClCompile	外设线程_D455深度相机.ixx:284 | 外设线程_D455深度相机.ixx:3155
present	D455_读取并分组等待项	D455_读取并分组等待项	外设线程_D455深度相机.ixx:2876	2	结构_D455等待项分组 D455_读取并分组等待项()	从指定来源读取数据或状态。		ClCompile	外设线程_D455深度相机.ixx:2876 | 外设线程_D455深度相机.ixx:3121
present	D455_发布本帧逐簇与稳定子集报告	D455_发布本帧逐簇与稳定子集报告	外设线程_D455深度相机.ixx:2895	2	结构_D455本帧报告组 D455_发布本帧逐簇与稳定子集报告( const 双目相机本能适配器::调用结果& 采集结果, const 结构_D455等待项分组& 等待项分组, std::uint64_t 序号, std::uint64_t& 逐簇识别报告入队日志抑制条数, std::uint64_t& 稳定子集报告跳过日志抑制条数)	按函数名执行对应处理。		ClCompile	外设线程_D455深度相机.ixx:2895 | 外设线程_D455深度相机.ixx:3122
present	D455_发布扫描变化报告	D455_发布扫描变化报告	外设线程_D455深度相机.ixx:2973	2	void D455_发布扫描变化报告( const 结构_外设观察报告队列项& 逐簇识别报告, const 结构_外设观察报告队列项& 稳定子集报告, const std::optional<结构_外设观察报告队列项>& 上一稳定子集报告, const std::vector<结构_外设观察等待项>& 扫描变化等待项集合, std::uint64_t 序号, std::uint64_t& 扫描跳过日志抑制条数, std::uint64_t& 扫描样本卡日志抑制条数)	执行扫描相关材料获取、比较或提交逻辑。		ClCompile	外设线程_D455深度相机.ixx:2973 | 外设线程_D455深度相机.ixx:3131
present	D455_发布目标跟踪报告	D455_发布目标跟踪报告	外设线程_D455深度相机.ixx:3044	2	void D455_发布目标跟踪报告( const 结构_外设观察报告队列项& 逐簇识别报告, const 结构_外设观察报告队列项& 稳定子集报告, const std::vector<结构_外设观察等待项>& 跟踪等待项集合, std::uint64_t 序号, std::uint64_t& 跟踪跳过日志抑制条数)	执行跟踪相关定位、匹配或结果输出逻辑。		ClCompile	外设线程_D455深度相机.ixx:3044 | 外设线程_D455深度相机.ixx:3139
present	D455_发布采集成功后的报告编排	D455_发布采集成功后的报告编排	外设线程_D455深度相机.ixx:3111	2	std::optional<结构_外设观察报告队列项> D455_发布采集成功后的报告编排( const 双目相机本能适配器::调用结果& 采集结果, std::uint64_t 序号, std::uint64_t& 逐簇识别报告入队日志抑制条数, std::uint64_t& 稳定子集报告跳过日志抑制条数, std::uint64_t& 扫描跳过日志抑制条数, std::uint64_t& 扫描样本卡日志抑制条数, std::uint64_t& 跟踪跳过日志抑制条数)	按函数名执行对应处理。		ClCompile	外设线程_D455深度相机.ixx:3111 | 外设线程_D455深度相机.ixx:3202
present	D455_线程主循环	D455_线程主循环	外设线程_D455深度相机.ixx:3149	2	void D455_线程主循环(std::shared_ptr<结构_D455线程共享状态> 状态) noexcept	按函数名执行对应处理。		ClCompile	外设线程_D455深度相机.ixx:3149 | 外设线程_D455深度相机.ixx:3425
present	构造D455深度相机观察样本摘要	构造D455深度相机观察样本摘要	外设线程_D455深度相机.ixx:3339	2	std::string 构造D455深度相机观察样本摘要(const 结构_D455深度相机观察样本& 样本)	按函数名执行对应处理。		ClCompile	外设线程_D455深度相机.ixx:104 | 外设线程_D455深度相机.ixx:3339
present	外设线程_D455深度相机类::等待完成	等待完成	外设线程_D455深度相机.ixx:3456	2	结构_D455深度相机线程结果 外设线程_D455深度相机类::等待完成( std::chrono::milliseconds 等待上限)	等待线程、任务、外设或条件变化。		ClCompile	外设线程_D455深度相机.ixx:122 | 外设线程_D455深度相机.ixx:3456
present	读取外设线程_D455深度相机结果	读取外设线程_D455深度相机结果	外设线程_D455深度相机.ixx:3537	2	结构_D455深度相机线程结果 读取外设线程_D455深度相机结果()	从指定来源读取数据或状态。		ClCompile	外设线程_D455深度相机.ixx:135 | 外设线程_D455深度相机.ixx:3537
present	D455_选择迁移分割深度源	D455_选择迁移分割深度源	外设线程_D455深度相机.ixx:385	2	结构_D455迁移分割深度源 D455_选择迁移分割深度源( const 双目相机本能适配器::调用结果& 来源, std::size_t 预期像素数) noexcept	从候选集中选择当前使用对象或方法。		ClCompile	外设线程_D455深度相机.ixx:385 | 外设线程_D455深度相机.ixx:618
present	D455_迁移分割应拒绝触边组件	D455_迁移分割应拒绝触边组件	外设线程_D455深度相机.ixx:424	2	bool D455_迁移分割应拒绝触边组件( std::int64_t 投影最小X, std::int64_t 投影最大X, std::int64_t 投影最小Y, std::int64_t 投影最大Y, std::int64_t 面积, std::int64_t 帧宽度, std::int64_t 帧高度, std::int64_t 最大触边面积, bool 近前景) noexcept	按函数名执行对应处理。		ClCompile	外设线程_D455深度相机.ixx:424 | 外设线程_D455深度相机.ixx:487
present	D455_迁移分割组件通过材料门	D455_迁移分割组件通过材料门	外设线程_D455深度相机.ixx:451	2	bool D455_迁移分割组件通过材料门( const 结构_D455迁移分割组件& 组件, std::int64_t 帧宽度, std::int64_t 帧高度) noexcept	按函数名执行对应处理。		ClCompile	外设线程_D455深度相机.ixx:451 | 外设线程_D455深度相机.ixx:733
present	D455_从迁移分割组件生成空间候选	D455_从迁移分割组件生成空间候选	外设线程_D455深度相机.ixx:503	2	双目相机本能适配器::空间候选摘要 D455_从迁移分割组件生成空间候选( const 结构_D455迁移分割组件& 组件, const 双目相机本能适配器::调用结果& 来源)	根据当前输入生成目标数据、场景、动态或回执。		ClCompile	外设线程_D455深度相机.ixx:503 | 外设线程_D455深度相机.ixx:736
present	D455_提取迁移分割空间候选	D455_提取迁移分割空间候选	外设线程_D455深度相机.ixx:608	2	std::vector<双目相机本能适配器::空间候选摘要> D455_提取迁移分割空间候选( const 双目相机本能适配器::调用结果& 来源)	按函数名执行对应处理。		ClCompile	外设线程_D455深度相机.ixx:608 | 外设线程_D455深度相机.ixx:765
present	D455_观察簇投影有效	D455_观察簇投影有效	外设线程_D455深度相机.ixx:914	2	bool D455_观察簇投影有效( const 结构_外设观察像素簇摘要& 簇, std::int64_t 帧宽度, std::int64_t 帧高度) noexcept	按函数名执行对应处理。		ClCompile	外设线程_D455深度相机.ixx:914 | 外设线程_D455深度相机.ixx:1568
present	D455_跨帧簇可匹配	D455_跨帧簇可匹配	外设线程_D455深度相机.ixx:965	2	bool D455_跨帧簇可匹配( const 结构_D455跨帧观察簇缓存项& 缓存项, const 结构_外设观察像素簇摘要& 簇, std::int64_t* 输出分值) noexcept	按函数名执行对应处理。		ClCompile	外设线程_D455深度相机.ixx:965 | 外设线程_D455深度相机.ixx:1199
present	外设提交_扫描匹配状态_由簇	外设提交_扫描匹配状态_由簇	外设观察报告队列.ixx:1151	2	枚举_扫描匹配状态 外设提交_扫描匹配状态_由簇( const 结构_外设观察像素簇摘要& 簇) noexcept	提交事实、动态、任务状态或运行回执。		ClCompile	外设观察报告队列.ixx:1151 | 外设观察报告队列.ixx:2468
present	外设提交_跟踪状态_由报告	外设提交_跟踪状态_由报告	外设观察报告队列.ixx:1164	2	枚举_跟踪状态 外设提交_跟踪状态_由报告( const 结构_外设观察报告队列项& 报告项) noexcept	提交事实、动态、任务状态或运行回执。		ClCompile	外设观察报告队列.ixx:1164 | 外设观察报告队列.ixx:2532
present	外设观察报告_容量裁剪保护	外设观察报告_容量裁剪保护	外设观察报告队列.ixx:1222	2	bool 外设观察报告_容量裁剪保护( const 结构_外设观察报告队列项& 报告项, std::int64_t 当前时间毫秒) noexcept	按函数名执行对应处理。		ClCompile	外设观察报告队列.ixx:1222 | 外设观察报告队列.ixx:1244
present	外设观察报告_裁剪容量已加锁	外设观察报告_裁剪容量已加锁	外设观察报告队列.ixx:1234	2	std::size_t 外设观察报告_裁剪容量已加锁( 结构_外设观察队列共享状态& 状态, std::int64_t 当前时间毫秒)	按函数名执行对应处理。		ClCompile	外设观察报告队列.ixx:1234 | 外设观察报告队列.ixx:1270
present	D455_候选投影有效	D455_候选投影有效	外设观察报告队列.ixx:1466	2	bool D455_候选投影有效( const 结构_外设观察像素簇摘要& 簇, const 结构_D455短期观察材料页& 页) noexcept	按函数名执行对应处理。		ClCompile	外设观察报告队列.ixx:1466 | 外设观察报告队列.ixx:1515
present	D455_控制面板分割颜色	D455_控制面板分割颜色	外设观察报告队列.ixx:1546	2	void D455_控制面板分割颜色( std::size_t 顺序, std::uint8_t& R, std::uint8_t& G, std::uint8_t& B) noexcept	按函数名执行对应处理。		ClCompile	外设观察报告队列.ixx:1546 | 外设观察报告队列.ixx:1604
present	D455_构造控制面板视频快照_已加锁	D455_构造控制面板视频快照_已加锁	外设观察报告队列.ixx:1565	2	结构_D455控制面板视频快照 D455_构造控制面板视频快照_已加锁( const 结构_D455短期观察材料页& 页)	按函数名执行对应处理。		ClCompile	外设观察报告队列.ixx:1565 | 外设观察报告队列.ixx:2899
present	外设观察_报告满足等待项	外设观察_报告满足等待项	外设观察报告队列.ixx:1679	2	bool 外设观察_报告满足等待项( const 结构_外设观察报告队列项& 报告项, const 结构_外设观察等待项& 等待项, std::int64_t 当前时间毫秒) noexcept	等待线程、任务、外设或条件变化。		ClCompile	外设观察报告队列.ixx:1679 | 外设观察报告队列.ixx:3338
present	目标观察约束_有当前值	目标观察约束_有当前值	外设观察报告队列.ixx:1733	2	bool 目标观察约束_有当前值(const 结构_目标观察约束特征组& 约束) noexcept	按函数名执行对应处理。		ClCompile	外设观察报告队列.ixx:1733 | 外设观察报告队列.ixx:2986
present	目标观察约束_二维范围有效	目标观察约束_二维范围有效	外设观察报告队列.ixx:1749	2	bool 目标观察约束_二维范围有效(const 结构_目标观察约束特征组& 约束) noexcept	按函数名执行对应处理。		ClCompile	外设观察报告队列.ixx:1749 | 外设观察报告队列.ixx:1769
present	目标观察约束_空间范围有效	目标观察约束_空间范围有效	外设观察报告队列.ixx:1756	2	bool 目标观察约束_空间范围有效(const 结构_目标观察约束特征组& 约束) noexcept	按函数名执行对应处理。		ClCompile	外设观察报告队列.ixx:1756 | 外设观察报告队列.ixx:1770
present	目标观察约束_有定位材料	目标观察约束_有定位材料	外设观察报告队列.ixx:1764	2	bool 目标观察约束_有定位材料(const 结构_目标观察约束特征组& 约束) noexcept	按函数名执行对应处理。		ClCompile	外设观察报告队列.ixx:1764 | 外设观察报告队列.ixx:2990
present	目标观察约束_有精细材料	目标观察约束_有精细材料	外设观察报告队列.ixx:1774	2	bool 目标观察约束_有精细材料(const 结构_目标观察约束特征组& 约束) noexcept	按函数名执行对应处理。		ClCompile	外设观察报告队列.ixx:1774 | 外设观察报告队列.ixx:3012
present	目标观察约束_匹配等待项	目标观察约束_匹配等待项	外设观察报告队列.ixx:1782	2	bool 目标观察约束_匹配等待项( const 结构_目标观察约束特征组& 约束, const 结构_外设观察等待项& 等待项) noexcept	等待线程、任务、外设或条件变化。		ClCompile	外设观察报告队列.ixx:1782 | 外设观察报告队列.ixx:3077
present	目标观察约束_修正提交默认值	目标观察约束_修正提交默认值	外设观察报告队列.ixx:1821	2	void 目标观察约束_修正提交默认值(结构_目标观察约束特征组& 约束)	提交事实、动态、任务状态或运行回执。		ClCompile	外设观察报告队列.ixx:1821 | 外设观察报告队列.ixx:3045
present	目标观察约束_应清理	目标观察约束_应清理	外设观察报告队列.ixx:1841	2	bool 目标观察约束_应清理( const 结构_目标观察约束特征组& 约束, std::int64_t 当前时间毫秒) noexcept	清理缓存、临时状态或运行资源。		ClCompile	外设观察报告队列.ixx:1841 | 外设观察报告队列.ixx:1864
present	外设提交包类型文本	外设提交包类型文本	外设观察报告队列.ixx:1982	2	const char* 外设提交包类型文本(枚举_外设提交包类型 类型) noexcept	提交事实、动态、任务状态或运行回执。		ClCompile	外设观察报告队列.ixx:736 | 外设观察报告队列.ixx:1982
present	构造观察材料质量判定摘要	构造观察材料质量判定摘要	外设观察报告队列.ixx:2266	2	std::string 构造观察材料质量判定摘要(const 结构_观察材料质量判定& 判定)	按函数名执行对应处理。		ClCompile	外设观察报告队列.ixx:763 | 外设观察报告队列.ixx:2266
present	构造外设跟踪提交包_由观察报告	构造外设跟踪提交包_由观察报告	外设观察报告队列.ixx:2519	2	std::optional<结构_外设跟踪提交包> 构造外设跟踪提交包_由观察报告( const 结构_外设观察报告队列项& 报告项)	提交事实、动态、任务状态或运行回执。		ClCompile	外设观察报告队列.ixx:743 | 外设观察报告队列.ixx:2519
present	撤销目标观察约束特征组	撤销目标观察约束特征组	外设观察报告队列.ixx:3178	2	bool 撤销目标观察约束特征组(std::uint64_t 约束ID)	按函数名执行对应处理。		ClCompile	外设观察报告队列.ixx:783 | 外设观察报告队列.ixx:3178
present	清理目标观察约束特征组	清理目标观察约束特征组	外设观察报告队列.ixx:3196	2	std::size_t 清理目标观察约束特征组(std::int64_t 当前时间毫秒)	清理缓存、临时状态或运行资源。		ClCompile	外设观察报告队列.ixx:784 | 外设观察报告队列.ixx:3196
present	构造目标观察约束摘要	构造目标观察约束摘要	外设观察报告队列.ixx:3207	2	std::string 构造目标观察约束摘要(const 结构_目标观察约束特征组& 约束)	按函数名执行对应处理。		ClCompile	外设观察报告队列.ixx:785 | 外设观察报告队列.ixx:3207
present	清理外设观察报告队列	清理外设观察报告队列	外设观察报告队列.ixx:3371	2	std::size_t 清理外设观察报告队列(std::int64_t 当前时间毫秒)	清理缓存、临时状态或运行资源。		ClCompile	外设观察报告队列.ixx:803 | 外设观察报告队列.ixx:3371
present	清空外设观察报告队列	清空外设观察报告队列	外设观察报告队列.ixx:3399	2	void 清空外设观察报告队列()	按函数名执行对应处理。		ClCompile	外设观察报告队列.ixx:805 | 外设观察报告队列.ixx:3399
present	外设观察报告ID计数器	外设观察报告ID计数器	外设观察报告队列.ixx:843	2	std::atomic<std::uint64_t>& 外设观察报告ID计数器() noexcept	按函数名执行对应处理。		ClCompile	外设观察报告队列.ixx:843 | 外设观察报告队列.ixx:2610
present	外设观察等待项ID计数器	外设观察等待项ID计数器	外设观察报告队列.ixx:850	2	std::atomic<std::uint64_t>& 外设观察等待项ID计数器() noexcept	等待线程、任务、外设或条件变化。		ClCompile	外设观察报告队列.ixx:850 | 外设观察报告队列.ixx:2920
present	目标观察约束ID计数器	目标观察约束ID计数器	外设观察报告队列.ixx:857	2	std::atomic<std::uint64_t>& 目标观察约束ID计数器() noexcept	按函数名执行对应处理。		ClCompile	外设观察报告队列.ixx:857 | 外设观察报告队列.ixx:1824
present	外设提交_帧ID	外设提交_帧ID	外设观察报告队列.ixx:916	2	std::uint64_t 外设提交_帧ID(const 结构_外设观察报告队列项& 报告项) noexcept	提交事实、动态、任务状态或运行回执。		ClCompile	外设观察报告队列.ixx:916 | 外设观察报告队列.ixx:2311
present	外设提交_材料页ID	外设提交_材料页ID	外设观察报告队列.ixx:931	2	std::string 外设提交_材料页ID(const 结构_外设观察报告队列项& 报告项)	提交事实、动态、任务状态或运行回执。		ClCompile	外设观察报告队列.ixx:931 | 外设观察报告队列.ixx:2325
present	外设提交_标定版本	外设提交_标定版本	外设观察报告队列.ixx:942	2	std::string 外设提交_标定版本(const 结构_外设观察报告队列项& 报告项)	提交事实、动态、任务状态或运行回执。		ClCompile	外设观察报告队列.ixx:942 | 外设观察报告队列.ixx:2327
present	外设提交_generation	外设提交_generation	外设观察报告队列.ixx:958	2	std::string 外设提交_generation(const 结构_外设观察报告队列项& 报告项)	提交事实、动态、任务状态或运行回执。		ClCompile	外设观察报告队列.ixx:958 | 外设观察报告队列.ixx:2328
present	外设提交_汇总报告材料	外设提交_汇总报告材料	外设观察报告队列.ixx:981	2	void 外设提交_汇总报告材料( 结构_外设提交包头& 包头, const 结构_外设观察报告队列项& 报告项)	提交事实、动态、任务状态或运行回执。		ClCompile	外设观察报告队列.ixx:981 | 外设观察报告队列.ixx:2332
present	外设提交_填充报告缺口	外设提交_填充报告缺口	外设观察报告队列.ixx:999	2	void 外设提交_填充报告缺口( 结构_外设提交包头& 包头, const 结构_外设观察报告队列项& 报告项)	提交事实、动态、任务状态或运行回执。		ClCompile	外设观察报告队列.ixx:999 | 外设观察报告队列.ixx:2333
present	私有_直接存在子节点	私有_直接存在子节点	存在类.cpp:178	2	std::vector<基础信息节点类*> 私有_直接存在子节点( const 基础信息类& 基础信息, const 基础信息节点类* 父节点)	服务所在模块的内部辅助流程。		ClCompile	存在类.cpp:178 | 存在类.cpp:610
present	存在类::读取概念集快照	读取概念集快照	存在类.cpp:328	2	std::vector<可解析引用<存在节点类>> 存在类::读取概念集快照(const 存在节点类* 节点) const	读取存在概念集引用快照，不解析或扩充概念。		ClCompile	存在类.cpp:328 | 存在类.h:40
present	存在类::读取概念模板引用	读取概念模板引用	存在类.cpp:335	2	可解析引用<存在节点类> 存在类::读取概念模板引用(const 存在节点类* 节点) const noexcept	读取存在概念模板引用，不解析或扩充概念。		ClCompile	存在类.cpp:335 | 存在类.h:41
present	存在类::删除存在	删除存在	存在类.cpp:584	2	bool 存在类::删除存在(存在节点类* 节点)	删除指定对象、状态或登记项。		ClCompile	存在类.cpp:584 | 存在类.h:83
present	存在类::写入名称	写入名称	存在类.cpp:701	2	bool 存在类::写入名称(存在节点类* 节点, const 语素入口节点类* 名称)	把处理结果写入指定对象、场景或日志。		ClCompile	存在类.cpp:701 | 存在类.h:96
present	存在类::写入类型	写入类型	存在类.cpp:710	2	bool 存在类::写入类型(存在节点类* 节点, const 语素入口节点类* 类型)	把处理结果写入指定对象、场景或日志。		ClCompile	存在类.cpp:710 | 存在类.h:97
present	存在类::绑定概念模板	绑定概念模板	存在类.cpp:719	2	bool 存在类::绑定概念模板(存在节点类* 节点, 存在节点类* 概念模板)	建立对象、任务、方法或因果之间的绑定关系。		ClCompile	存在类.cpp:719 | 存在类.h:98
present	存在类::标记观测未命中	标记观测未命中	存在类.cpp:891	2	bool 存在类::标记观测未命中(存在节点类* 节点)	按函数名执行对应处理。		ClCompile	存在类.cpp:891 | 存在类.h:122
present	由链键查找	由链键查找	度量模板注册表类.ixx:120	2	[[nodiscard]] const 模板基类* 由链键查找(std::string_view 链键) const	按条件查找目标对象、方法或事实。		ClCompile	度量模板注册表类.ixx:120 | 度量模板注册表类.ixx:135
present	注册默认模板	注册默认模板	度量模板注册表类.ixx:148	2	void 注册默认模板()	注册方法、模板、对象或运行入口。		ClCompile	度量模板注册表桥接.cpp:8 | 度量模板注册表类.ixx:148
present	私有_生成页面HTML	私有_生成页面HTML	控制面板WebView2.cpp:1339	2	std::string 私有_生成页面HTML(枚举_WebView2窗口用途 用途)	根据当前输入生成目标数据、场景、动态或回执。		ClCompile	控制面板WebView2.cpp:1339 | 控制面板WebView2.cpp:1363
present	私有_刷新页面	私有_刷新页面	控制面板WebView2.cpp:1356	2	void 私有_刷新页面(HWND 窗口) noexcept	服务所在模块的内部辅助流程。		ClCompile	控制面板WebView2.cpp:1356 | 控制面板WebView2.cpp:1683
present	私有_初始化WebView2	私有_初始化WebView2	控制面板WebView2.cpp:1397	2	bool 私有_初始化WebView2(HWND 窗口) noexcept	初始化相关对象、状态或运行上下文。		ClCompile	控制面板WebView2.cpp:1397 | 控制面板WebView2.cpp:1661
present	私有_窗口过程	私有_窗口过程	控制面板WebView2.cpp:1641	2	LRESULT CALLBACK 私有_窗口过程(HWND 窗口, UINT 消息, WPARAM wParam, LPARAM lParam)	服务所在模块的内部辅助流程。	entry_callback_export	ClCompile	控制面板WebView2.cpp:1641 | 控制面板WebView2.cpp:1738
present	私有_窗口句柄槽	私有_窗口句柄槽	控制面板WebView2.cpp:1757	2	std::atomic<HWND>& 私有_窗口句柄槽(枚举_WebView2窗口用途 用途) noexcept	服务所在模块的内部辅助流程。		ClCompile	控制面板WebView2.cpp:1757 | 控制面板WebView2.cpp:1900
present	私有_窗口线程运行中槽	私有_窗口线程运行中槽	控制面板WebView2.cpp:1778	2	std::atomic_bool& 私有_窗口线程运行中槽(枚举_WebView2窗口用途 用途) noexcept	读取指定窗口用途对应的线程运行标记。		ClCompile	控制面板WebView2.cpp:1778 | 控制面板WebView2.cpp:1848
present	私有_窗口标题	私有_窗口标题	控制面板WebView2.cpp:1790	2	const wchar_t* 私有_窗口标题(枚举_WebView2窗口用途 用途) noexcept	服务所在模块的内部辅助流程。		ClCompile	控制面板WebView2.cpp:1790 | 控制面板WebView2.cpp:1876
present	私有_窗口尺寸	私有_窗口尺寸	控制面板WebView2.cpp:1802	2	void 私有_窗口尺寸( 枚举_WebView2窗口用途 用途, int& 宽, int& 高) noexcept	服务所在模块的内部辅助流程。		ClCompile	控制面板WebView2.cpp:1802 | 控制面板WebView2.cpp:1872
present	私有_文件路径转URI	私有_文件路径转URI	控制面板WebView2.cpp:189	2	std::wstring 私有_文件路径转URI(const std::filesystem::path& 路径)	把本地 HTML 文件路径转换为 WebView2 可导航的 file URI。		ClCompile	控制面板WebView2.cpp:189 | 控制面板WebView2.cpp:256
present	私有_控制面板HTML临时路径	私有_控制面板HTML临时路径	控制面板WebView2.cpp:200	2	std::filesystem::path 私有_控制面板HTML临时路径( HWND 窗口, 枚举_WebView2窗口用途 用途)	生成当前 WebView2 窗口复用的临时 HTML 文件路径。		ClCompile	控制面板WebView2.cpp:200 | 控制面板WebView2.cpp:243
present	私有_窗口线程主体	私有_窗口线程主体	控制面板WebView2.cpp:2002	2	void 私有_窗口线程主体(std::promise<bool> 启动结果) noexcept	服务所在模块的内部辅助流程。		ClCompile	控制面板WebView2.cpp:2002 | 控制面板WebView2.cpp:2114
present	私有_写入控制面板HTML临时文件	私有_写入控制面板HTML临时文件	控制面板WebView2.cpp:218	2	bool 私有_写入控制面板HTML临时文件( const std::filesystem::path& 路径, const std::string& HTML) noexcept	把 UTF-8 HTML 写入 WebView2 临时文件。		ClCompile	控制面板WebView2.cpp:218 | 控制面板WebView2.cpp:245
present	私有_解析详情消息	私有_解析详情消息	控制面板WebView2.cpp:395	2	bool 私有_解析详情消息( const std::wstring& 消息, std::uint64_t* 请求号, std::string* 展开类型, std::uintptr_t* 节点指针) noexcept	解析输入文本、消息、场景或运行包。		ClCompile	控制面板WebView2.cpp:395 | 控制面板WebView2.cpp:1597
present	私有_URI百分号解码	私有_URI百分号解码	控制面板WebView2.cpp:405	2	std::string 私有_URI百分号解码(std::string_view 文本)	解析 URI 百分号编码文本。		ClCompile	控制面板WebView2.cpp:405 | 控制面板WebView2.cpp:473
present	私有_解析SQL子链消息	私有_解析SQL子链消息	控制面板WebView2.cpp:438	2	bool 私有_解析SQL子链消息( const std::wstring& 消息, std::uint64_t* 请求号, std::string* 区段ID, std::string* 节点键) noexcept	解析 SQL 控制面板树子链读取消息。		ClCompile	控制面板WebView2.cpp:438 | 控制面板WebView2.cpp:1562
present	私有_解析线程池大小设置消息	私有_解析线程池大小设置消息	控制面板WebView2.cpp:480	2	bool 私有_解析线程池大小设置消息( const std::wstring& 消息, std::uint64_t* worker数量) noexcept	设置对象字段、状态或运行参数。		ClCompile	控制面板WebView2.cpp:480 | 控制面板WebView2.cpp:1537
present	私有_加载器候选路径	私有_加载器候选路径	控制面板WebView2.cpp:511	2	std::vector<std::filesystem::path> 私有_加载器候选路径()	服务所在模块的内部辅助流程。		ClCompile	控制面板WebView2.cpp:511 | 控制面板WebView2.cpp:548
present	私有_加载创建函数	私有_加载创建函数	控制面板WebView2.cpp:544	2	CreateCoreWebView2EnvironmentWithOptionsFn 私有_加载创建函数(HMODULE* 加载器模块) noexcept	创建并返回或登记对应对象。		ClCompile	控制面板WebView2.cpp:544 | 控制面板WebView2.cpp:1406
present	私有_计算相机显示尺寸	私有_计算相机显示尺寸	控制面板WebView2.cpp:655	2	void 私有_计算相机显示尺寸(int 源宽, int 源高, int& 宽, int& 高) noexcept	计算权重、状态、差值或派生结果。		ClCompile	控制面板WebView2.cpp:655 | 控制面板WebView2.cpp:761
present	私有_确保相机播放外设线程	私有_确保相机播放外设线程	控制面板WebView2.cpp:709	2	bool 私有_确保相机播放外设线程(std::string& 消息) noexcept	确保目标结构、状态或前置条件存在并可用。		ClCompile	控制面板WebView2.cpp:709 | 控制面板WebView2.cpp:774
present	私有_构建相机帧JSON数据	私有_构建相机帧JSON数据	控制面板WebView2.cpp:741	2	结构_相机帧JSON 私有_构建相机帧JSON数据(const 结构_D455控制面板视频快照& 快照)	构建运行所需的数据结构或中间结果。		ClCompile	控制面板WebView2.cpp:741 | 控制面板WebView2.cpp:780
present	私有_读取相机帧	私有_读取相机帧	控制面板WebView2.cpp:770	2	结构_相机帧JSON 私有_读取相机帧(bool 确保启动)	从指定来源读取数据或状态。		ClCompile	控制面板WebView2.cpp:770 | 控制面板WebView2.cpp:1528
present	私有_相机帧JSON文本	私有_相机帧JSON文本	控制面板WebView2.cpp:823	2	std::string 私有_相机帧JSON文本(const 结构_相机帧JSON& 帧)	服务所在模块的内部辅助流程。		ClCompile	控制面板WebView2.cpp:823 | 控制面板WebView2.cpp:862
present	私有_发送相机窗口状态到页面	私有_发送相机窗口状态到页面	控制面板WebView2.cpp:872	2	void 私有_发送相机窗口状态到页面(HWND 窗口, bool 成功, std::string_view 消息) noexcept	服务所在模块的内部辅助流程。		ClCompile	控制面板WebView2.cpp:872 | 控制面板WebView2.cpp:1513
present	私有_发送自我场景窗口状态到页面	私有_发送自我场景窗口状态到页面	控制面板WebView2.cpp:893	2	void 私有_发送自我场景窗口状态到页面(HWND 窗口, bool 成功, std::string_view 消息) noexcept	服务所在模块的内部辅助流程。		ClCompile	控制面板WebView2.cpp:893 | 控制面板WebView2.cpp:1521
present	私有_生成相机播放HTML	私有_生成相机播放HTML	控制面板WebView2.cpp:945	2	std::string 私有_生成相机播放HTML()	根据当前输入生成目标数据、场景、动态或回执。		ClCompile	控制面板WebView2.cpp:945 | 控制面板WebView2.cpp:1342
present	私有_读取世界观测版本	私有_读取世界观测版本	控制面板摘要线程模块.impl.cpp:186	2	std::uint64_t 私有_读取世界观测版本() noexcept	从指定来源读取数据或状态。		ClCompile	控制面板摘要线程模块.impl.cpp:186 | 控制面板摘要线程模块.impl.cpp:666
present	私有_统计方法直接结构_控制面板摘要	私有_统计方法直接结构_控制面板摘要	控制面板摘要线程模块.impl.cpp:207	2	void 私有_统计方法直接结构_控制面板摘要( const 方法节点* 方法头, std::size_t& 条件数, std::size_t& 直接结果数, std::size_t& 条件下结果数, std::size_t& 条件无结果数) noexcept	统计方法首节点下的直接条件和结果结构。		ClCompile	控制面板摘要线程模块.impl.cpp:207 | 控制面板摘要线程模块.impl.cpp:367
present	私有_采集需求树摘要	私有_采集需求树摘要	控制面板摘要线程模块.impl.cpp:254	2	void 私有_采集需求树摘要(结构_控制面板摘要快照& 快照) noexcept	服务所在模块的内部辅助流程。		ClCompile	控制面板摘要线程模块.impl.cpp:254 | 控制面板摘要线程模块.impl.cpp:669
present	私有_采集任务树摘要	私有_采集任务树摘要	控制面板摘要线程模块.impl.cpp:305	2	void 私有_采集任务树摘要(结构_控制面板摘要快照& 快照) noexcept	服务所在模块的内部辅助流程。		ClCompile	控制面板摘要线程模块.impl.cpp:305 | 控制面板摘要线程模块.impl.cpp:670
present	私有_摘要线程消息事件	私有_摘要线程消息事件	控制面板摘要线程模块.impl.cpp:33	2	枚举_线程生命周期消息事件 私有_摘要线程消息事件( const 枚举_控制面板摘要线程生命周期状态 旧状态, const 枚举_控制面板摘要线程生命周期状态 新状态) noexcept	服务所在模块的内部辅助流程。		ClCompile	控制面板摘要线程模块.impl.cpp:33 | 控制面板摘要线程模块.impl.cpp:61
present	私有_采集方法树摘要	私有_采集方法树摘要	控制面板摘要线程模块.impl.cpp:348	2	void 私有_采集方法树摘要(结构_控制面板摘要快照& 快照) noexcept	服务所在模块的内部辅助流程。		ClCompile	控制面板摘要线程模块.impl.cpp:348 | 控制面板摘要线程模块.impl.cpp:671
present	私有_采集运行事实状态槽	私有_采集运行事实状态槽	控制面板摘要线程模块.impl.cpp:398	2	void 私有_采集运行事实状态槽(结构_控制面板摘要快照& 快照)	执行对应模块、线程或方法的运行逻辑。		ClCompile	控制面板摘要线程模块.impl.cpp:398 | 控制面板摘要线程模块.impl.cpp:673
present	私有_采集自我线程状态槽	私有_采集自我线程状态槽	控制面板摘要线程模块.impl.cpp:463	2	void 私有_采集自我线程状态槽(结构_控制面板摘要快照& 快照) noexcept	服务所在模块的内部辅助流程。		ClCompile	控制面板摘要线程模块.impl.cpp:463 | 控制面板摘要线程模块.impl.cpp:668
present	私有_采集自检状态槽	私有_采集自检状态槽	控制面板摘要线程模块.impl.cpp:474	2	void 私有_采集自检状态槽(结构_控制面板摘要快照& 快照) noexcept	服务所在模块的内部辅助流程。		ClCompile	控制面板摘要线程模块.impl.cpp:474 | 控制面板摘要线程模块.impl.cpp:672
present	停止控制面板摘要线程	停止控制面板摘要线程	控制面板摘要线程模块.impl.cpp:705	2	void 停止控制面板摘要线程()	停止线程、模块或运行流程。		ClCompile	控制面板摘要线程模块.impl.cpp:705 | 控制面板摘要线程模块.ixx:130
present	私有_特征_最近执行时间_摘要	私有_特征_最近执行时间_摘要	控制面板摘要线程模块.impl.cpp:84	2	const 语素入口节点类* 私有_特征_最近执行时间_摘要() noexcept	执行任务、方法或动作的主体逻辑。		ClCompile	控制面板摘要线程模块.impl.cpp:84 | 控制面板摘要线程模块.impl.cpp:410
present	私有_特征_最近完成时间_摘要	私有_特征_最近完成时间_摘要	控制面板摘要线程模块.impl.cpp:92	2	const 语素入口节点类* 私有_特征_最近完成时间_摘要() noexcept	服务所在模块的内部辅助流程。		ClCompile	控制面板摘要线程模块.impl.cpp:92 | 控制面板摘要线程模块.impl.cpp:413
present	私有_动作句柄类型文本	私有_动作句柄类型文本	控制面板类.cpp:1005	2	const char* 私有_动作句柄类型文本(const 枚举_动作句柄类型 类型) noexcept	服务所在模块的内部辅助流程。		ClCompile	控制面板类.cpp:1005 | 控制面板类.cpp:1167
present	私有_特征_最近完成时间_控制面板	私有_特征_最近完成时间_控制面板	控制面板类.cpp:103	2	const 语素入口节点类* 私有_特征_最近完成时间_控制面板() noexcept	服务所在模块的内部辅助流程。		ClCompile	控制面板类.cpp:103 | 控制面板类.cpp:5740
present	私有_动态聚合方式文本	私有_动态聚合方式文本	控制面板类.cpp:1031	2	const char* 私有_动态聚合方式文本(const 枚举_动态聚合方式 方式) noexcept	服务所在模块的内部辅助流程。		ClCompile	控制面板类.cpp:1031 | 控制面板类.cpp:4929
present	私有_因果锚点类型文本	私有_因果锚点类型文本	控制面板类.cpp:1042	2	const char* 私有_因果锚点类型文本(const 枚举_因果锚点类型 类型) noexcept	服务所在模块的内部辅助流程。		ClCompile	控制面板类.cpp:1042 | 控制面板类.cpp:5144
present	私有_信息存储树文本	私有_信息存储树文本	控制面板类.cpp:1084	2	const char* 私有_信息存储树文本(const 枚举_信息存储树 存储树) noexcept	服务所在模块的内部辅助流程。		ClCompile	控制面板类.cpp:1084 | 控制面板类.cpp:1156
present	私有_解析方法虚拟存在_控制面板	私有_解析方法虚拟存在_控制面板	控制面板类.cpp:111	2	存在节点类* 私有_解析方法虚拟存在_控制面板(const 方法节点* 方法) noexcept	解析输入文本、消息、场景或运行包。		ClCompile	控制面板类.cpp:111 | 控制面板类.cpp:128
present	私有_生成控制面板HTML	私有_生成控制面板HTML	控制面板类.cpp:11118	2	std::string 私有_生成控制面板HTML( const 结构_控制面板快照& 快照, std::size_t, 枚举_控制面板HTML用途 用途)	根据当前输入生成目标数据、场景、动态或回执。		ClCompile	控制面板类.cpp:11118 | 控制面板类.cpp:14876
present	私有_读取方法I64特征_控制面板	私有_读取方法I64特征_控制面板	控制面板类.cpp:123	2	bool 私有_读取方法I64特征_控制面板( const 方法节点* 方法, const 语素入口节点类* 特征类型, I64& 输出) noexcept	从指定来源读取数据或状态。		ClCompile	控制面板类.cpp:123 | 控制面板类.cpp:146
present	私有_场景复现存在概念词	私有_场景复现存在概念词	控制面板类.cpp:1247	2	const 语素入口节点类* 私有_场景复现存在概念词(const char* 名称) noexcept	服务所在模块的内部辅助流程。		ClCompile	控制面板类.cpp:1247 | 控制面板类.cpp:1645
present	私有_场景复现宿主评分	私有_场景复现宿主评分	控制面板类.cpp:1301	2	int 私有_场景复现宿主评分(const 基础信息节点类* 宿主) noexcept	服务所在模块的内部辅助流程。		ClCompile	控制面板类.cpp:1301 | 控制面板类.cpp:1365
present	私有_选择自我场景复现宿主	私有_选择自我场景复现宿主	控制面板类.cpp:1343	2	基础信息节点类* 私有_选择自我场景复现宿主(场景节点类* 自我所在场景) noexcept	从候选集中选择当前使用对象或方法。		ClCompile	控制面板类.cpp:1343 | 控制面板类.cpp:2036
present	私有_场景安全评估宿主评分	私有_场景安全评估宿主评分	控制面板类.cpp:1386	2	int 私有_场景安全评估宿主评分(const 基础信息节点类* 宿主) noexcept	评估状态、风险、质量、权重或完成度。		ClCompile	控制面板类.cpp:1386 | 控制面板类.cpp:1453
present	私有_选择自我场景安全评估宿主	私有_选择自我场景安全评估宿主	控制面板类.cpp:1430	2	基础信息节点类* 私有_选择自我场景安全评估宿主(场景节点类* 自我所在场景) noexcept	从候选集中选择当前使用对象或方法。		ClCompile	控制面板类.cpp:1430 | 控制面板类.cpp:2041
present	私有_读取自我场景内容统计	私有_读取自我场景内容统计	控制面板类.cpp:1592	2	void 私有_读取自我场景内容统计( 结构_控制面板快照& 快照, 场景节点类* 自我所在场景, 基础信息节点类* 复现宿主) noexcept	从指定来源读取数据或状态。		ClCompile	控制面板类.cpp:1592 | 控制面板类.cpp:2046
present	私有_读取自我场景诊断区域列表	私有_读取自我场景诊断区域列表	控制面板类.cpp:1640	2	void 私有_读取自我场景诊断区域列表( 基础信息节点类* 宿主, 结构_控制面板快照& 快照) noexcept	从指定来源读取数据或状态。		ClCompile	控制面板类.cpp:1640 | 控制面板类.cpp:2136
present	私有_读取自我场景存在AABB特征	私有_读取自我场景存在AABB特征	控制面板类.cpp:1736	2	bool 私有_读取自我场景存在AABB特征( const 基础信息节点类* 节点, 结构_控制面板自我场景存在复现项& 项) noexcept	从指定来源读取数据或状态。		ClCompile	控制面板类.cpp:1736 | 控制面板类.cpp:1830
present	私有_填充自我场景存在复现项	私有_填充自我场景存在复现项	控制面板类.cpp:1767	2	bool 私有_填充自我场景存在复现项( const 基础信息节点类* 节点, const std::int64_t 来源范围, 结构_控制面板自我场景存在复现项& 项) noexcept	服务所在模块的内部辅助流程。		ClCompile	控制面板类.cpp:1767 | 控制面板类.cpp:1951
present	私有_读取自我场景存在复现项列表	私有_读取自我场景存在复现项列表	控制面板类.cpp:1979	2	void 私有_读取自我场景存在复现项列表( 场景节点类* 自我所在场景, 基础信息节点类* 复现宿主, 结构_控制面板快照& 快照) noexcept	从指定来源读取数据或状态。		ClCompile	控制面板类.cpp:1979 | 控制面板类.cpp:2047
present	私有_读取自我场景复现快照	私有_读取自我场景复现快照	控制面板类.cpp:2028	2	void 私有_读取自我场景复现快照(结构_控制面板快照& 快照) noexcept	从指定来源读取数据或状态。		ClCompile	控制面板类.cpp:2028 | 控制面板类.cpp:9418
present	私有_任务节点可在普通任务树显示	私有_任务节点可在普通任务树显示	控制面板类.cpp:233	2	bool 私有_任务节点可在普通任务树显示(const 任务节点* 节点) noexcept	服务所在模块的内部辅助流程。		ClCompile	控制面板类.cpp:233 | 控制面板类.cpp:2697
present	私有_基础信息子层摘要	私有_基础信息子层摘要	控制面板类.cpp:2827	2	std::string 私有_基础信息子层摘要(const 基础信息节点类* 节点)	服务所在模块的内部辅助流程。		ClCompile	控制面板类.cpp:2827 | 控制面板类.cpp:2894
present	私有_需求子层摘要	私有_需求子层摘要	控制面板类.cpp:2837	2	std::string 私有_需求子层摘要(const 需求节点* 节点)	服务所在模块的内部辅助流程。		ClCompile	控制面板类.cpp:2837 | 控制面板类.cpp:3929
present	私有_任务子层摘要	私有_任务子层摘要	控制面板类.cpp:2851	2	std::string 私有_任务子层摘要(const 任务节点* 节点)	服务所在模块的内部辅助流程。		ClCompile	控制面板类.cpp:2851 | 控制面板类.cpp:4059
present	私有_方法子层摘要	私有_方法子层摘要	控制面板类.cpp:2861	2	std::string 私有_方法子层摘要(const 方法节点* 节点)	服务所在模块的内部辅助流程。		ClCompile	控制面板类.cpp:2861 | 控制面板类.cpp:4107
present	私有_OR组令牌记录键_控制面板	私有_OR组令牌记录键_控制面板	控制面板类.cpp:2993	2	I64 私有_OR组令牌记录键_控制面板(const 需求节点* OR组) noexcept	记录日志、动态、证据或运行痕迹。		ClCompile	控制面板类.cpp:2993 | 控制面板类.cpp:3019
present	私有_查找人类词性入口_控制面板	私有_查找人类词性入口_控制面板	控制面板类.cpp:3105	2	const 语素入口节点类* 私有_查找人类词性入口_控制面板( const std::string& 词值, const std::string& 词性值) noexcept	按条件查找目标对象、方法或事实。		ClCompile	控制面板类.cpp:3105 | 控制面板类.cpp:3118
present	私有_方法是否可用特征类型_控制面板	私有_方法是否可用特征类型_控制面板	控制面板类.cpp:3116	2	const 语素入口节点类* 私有_方法是否可用特征类型_控制面板() noexcept	服务所在模块的内部辅助流程。		ClCompile	控制面板类.cpp:3116 | 控制面板类.cpp:3578
present	私有_基础主键是存在_控制面板	私有_基础主键是存在_控制面板	控制面板类.cpp:3209	2	bool 私有_基础主键是存在_控制面板(const std::string& 主键) noexcept	服务所在模块的内部辅助流程。		ClCompile	控制面板类.cpp:3209 | 控制面板类.cpp:9624
present	私有_解析需求引用_控制面板	私有_解析需求引用_控制面板	控制面板类.cpp:3227	2	const 需求节点* 私有_解析需求引用_控制面板( const 可解析引用<需求节点类>& 引用) noexcept	解析输入文本、消息、场景或运行包。		ClCompile	控制面板类.cpp:3227 | 控制面板类.cpp:9816
present	私有_检查需求父子权重_控制面板	私有_检查需求父子权重_控制面板	控制面板类.cpp:3276	2	void 私有_检查需求父子权重_控制面板( const 需求节点* 父需求, 结构_控制面板快照& 快照) noexcept	检查状态、条件、缺口或运行约束。		ClCompile	控制面板类.cpp:3276 | 控制面板类.cpp:9704
present	私有_查找需求候选方法_控制面板	私有_查找需求候选方法_控制面板	控制面板类.cpp:3445	2	std::vector<方法节点*> 私有_查找需求候选方法_控制面板( const 需求节点* 需求, const 语素入口节点类* 目标特征类型) noexcept	按条件查找目标对象、方法或事实。		ClCompile	控制面板类.cpp:3445 | 控制面板类.cpp:3657
present	私有_允许方向_控制面板	私有_允许方向_控制面板	控制面板类.cpp:3477	2	std::optional<int> 私有_允许方向_控制面板(方向掩码 允许方向) noexcept	服务所在模块的内部辅助流程。		ClCompile	控制面板类.cpp:3477 | 控制面板类.cpp:3534
present	私有_方法相对需求方向_控制面板	私有_方法相对需求方向_控制面板	控制面板类.cpp:3554	2	int 私有_方法相对需求方向_控制面板(const 方法节点* 方法, const int 需求方向) noexcept	服务所在模块的内部辅助流程。		ClCompile	控制面板类.cpp:3554 | 控制面板类.cpp:3662
present	私有_方法当前可用_控制面板	私有_方法当前可用_控制面板	控制面板类.cpp:3573	2	bool 私有_方法当前可用_控制面板(const 方法节点* 方法) noexcept	服务所在模块的内部辅助流程。		ClCompile	控制面板类.cpp:3573 | 控制面板类.cpp:3672
present	私有_需求满足情况说明_控制面板	私有_需求满足情况说明_控制面板	控制面板类.cpp:3880	2	std::string 私有_需求满足情况说明_控制面板( const 枚举_需求满足显示状态_控制面板 满足状态, const bool 当前已截止, const bool 自身状态可比较, const bool 自身状态已满足, const 枚举_三向关系 自身比较关系, const std::size_t 直接子总数, const std::size_t 活动阻塞子数, const std::size_t 全部满足子数, const std::size_t 部分满足子数, const std::size_t 未满足子数, const std::size_t 已截止子数)	服务所在模块的内部辅助流程。		ClCompile	控制面板类.cpp:3880 | 控制面板类.cpp:4588
present	私有_需求标题_核心	私有_需求标题_核心	控制面板类.cpp:3909	2	std::string 私有_需求标题_核心(const 需求节点* 节点)	服务所在模块的内部辅助流程。		ClCompile	控制面板类.cpp:3909 | 控制面板类.cpp:3977
present	私有_需求结构标题_核心	私有_需求结构标题_核心	控制面板类.cpp:3998	2	std::string 私有_需求结构标题_核心(const 需求节点* 节点)	服务所在模块的内部辅助流程。		ClCompile	控制面板类.cpp:3998 | 控制面板类.cpp:4025
present	私有_需求结构标题	私有_需求结构标题	控制面板类.cpp:4022	2	std::string 私有_需求结构标题(const 需求节点* 节点)	服务所在模块的内部辅助流程。		ClCompile	控制面板类.cpp:4022 | 控制面板类.cpp:4242
present	私有_任务结构标题	私有_任务结构标题	控制面板类.cpp:4066	2	std::string 私有_任务结构标题(const 任务节点* 节点)	服务所在模块的内部辅助流程。		ClCompile	控制面板类.cpp:4066 | 控制面板类.cpp:4255
present	私有_需求列表摘要文本	私有_需求列表摘要文本	控制面板类.cpp:4161	2	std::string 私有_需求列表摘要文本(需求节点* 节点)	服务所在模块的内部辅助流程。		ClCompile	控制面板类.cpp:4161 | 控制面板类.cpp:4192
present	私有_时长文本_微秒	私有_时长文本_微秒	控制面板类.cpp:419	2	std::string 私有_时长文本_微秒(const 时间戳 时长)	服务所在模块的内部辅助流程。		ClCompile	控制面板类.cpp:419 | 控制面板类.cpp:440
present	私有_三向关系掩码文本	私有_三向关系掩码文本	控制面板类.cpp:4403	2	std::string 私有_三向关系掩码文本(const 三向关系掩码 掩码)	服务所在模块的内部辅助流程。		ClCompile	控制面板类.cpp:4403 | 控制面板类.cpp:4552
present	私有_抽象特征形态文本	私有_抽象特征形态文本	控制面板类.cpp:456	2	const char* 私有_抽象特征形态文本(const 枚举_抽象特征形态 形态) noexcept	服务所在模块的内部辅助流程。		ClCompile	控制面板类.cpp:456 | 控制面板类.cpp:4717
present	私有_追加基础信息通用字段	私有_追加基础信息通用字段	控制面板类.cpp:4655	2	void 私有_追加基础信息通用字段( 结构_控制面板树节点& 字段节点, 基础信息节点类* 节点, const 结构_构建上下文& 上下文, const std::size_t 剩余深度, const 路径集合& 路径)	服务所在模块的内部辅助流程。		ClCompile	控制面板类.cpp:4655 | 控制面板类.cpp:5236
present	私有_I64值域文本	私有_I64值域文本	控制面板类.cpp:466	2	std::string 私有_I64值域文本(const I64值域& 值域)	服务所在模块的内部辅助流程。		ClCompile	控制面板类.cpp:466 | 控制面板类.cpp:504
present	私有_追加特征节点字段	私有_追加特征节点字段	控制面板类.cpp:4689	2	void 私有_追加特征节点字段( 结构_控制面板树节点& 字段节点, const 特征节点主信息类& 主信息)	服务所在模块的内部辅助流程。		ClCompile	控制面板类.cpp:4689 | 控制面板类.cpp:5243
present	私有_追加抽象特征节点字段	私有_追加抽象特征节点字段	控制面板类.cpp:4713	2	void 私有_追加抽象特征节点字段( 结构_控制面板树节点& 字段节点, const 抽象特征主信息类& 主信息)	服务所在模块的内部辅助流程。		ClCompile	控制面板类.cpp:4713 | 控制面板类.cpp:5240
present	私有_追加存在节点字段	私有_追加存在节点字段	控制面板类.cpp:4724	2	void 私有_追加存在节点字段( 结构_控制面板树节点& 字段节点, const 存在节点主信息类& 主信息, const 结构_构建上下文& 上下文, const std::size_t 剩余深度, const 路径集合& 路径)	服务所在模块的内部辅助流程。		ClCompile	控制面板类.cpp:4724 | 控制面板类.cpp:5246
present	私有_追加场景节点字段	私有_追加场景节点字段	控制面板类.cpp:4804	2	void 私有_追加场景节点字段( 结构_控制面板树节点& 字段节点, const 场景节点主信息类& 主信息, const 结构_构建上下文& 上下文, const std::size_t 剩余深度, const 路径集合& 路径)	服务所在模块的内部辅助流程。		ClCompile	控制面板类.cpp:4804 | 控制面板类.cpp:5249
present	私有_追加状态节点字段	私有_追加状态节点字段	控制面板类.cpp:4868	2	void 私有_追加状态节点字段( 结构_控制面板树节点& 字段节点, const 状态节点主信息类& 主信息, const 结构_构建上下文& 上下文, const std::size_t 剩余深度, const 路径集合& 路径)	服务所在模块的内部辅助流程。		ClCompile	控制面板类.cpp:4868 | 控制面板类.cpp:5252
present	私有_特征值域文本	私有_特征值域文本	控制面板类.cpp:490	2	std::string 私有_特征值域文本(const std::optional<特征值域>& 值域)	服务所在模块的内部辅助流程。		ClCompile	控制面板类.cpp:490 | 控制面板类.cpp:4718
present	私有_追加动态节点字段	私有_追加动态节点字段	控制面板类.cpp:4912	2	void 私有_追加动态节点字段( 结构_控制面板树节点& 字段节点, const 动态节点主信息类& 主信息, const 结构_构建上下文& 上下文, const std::size_t 剩余深度, const 路径集合& 路径)	服务所在模块的内部辅助流程。		ClCompile	控制面板类.cpp:4912 | 控制面板类.cpp:5255
present	私有_追加二次特征字段	私有_追加二次特征字段	控制面板类.cpp:5014	2	void 私有_追加二次特征字段( 结构_控制面板树节点& 字段节点, const 二次特征主信息类& 主信息, const 结构_构建上下文& 上下文, const std::size_t 剩余深度, const 路径集合& 路径)	服务所在模块的内部辅助流程。		ClCompile	控制面板类.cpp:5014 | 控制面板类.cpp:5258
present	私有_追加因果字段	私有_追加因果字段	控制面板类.cpp:5137	2	void 私有_追加因果字段( 结构_控制面板树节点& 字段节点, const 因果主信息类& 主信息, const 结构_构建上下文& 上下文, const std::size_t 剩余深度, const 路径集合& 路径)	服务所在模块的内部辅助流程。		ClCompile	控制面板类.cpp:5137 | 控制面板类.cpp:5261
present	私有_计入线程生命周期统计	私有_计入线程生命周期统计	控制面板类.cpp:6008	2	void 私有_计入线程生命周期统计( std::size_t& 已知逻辑线程数, std::size_t& 当前运行数, std::size_t& 未启动数, std::size_t& 已结束数, std::size_t& 故障数, const 枚举_线程生命周期状态 状态) noexcept	服务所在模块的内部辅助流程。		ClCompile	控制面板类.cpp:6008 | 控制面板类.cpp:6101
present	私有_计入摘要线程生命周期统计	私有_计入摘要线程生命周期统计	控制面板类.cpp:6040	2	void 私有_计入摘要线程生命周期统计( std::size_t& 已知逻辑线程数, std::size_t& 当前运行数, std::size_t& 未启动数, std::size_t& 已结束数, std::size_t& 故障数, const 枚举_控制面板摘要线程生命周期状态 状态) noexcept	服务所在模块的内部辅助流程。		ClCompile	控制面板类.cpp:6040 | 控制面板类.cpp:6124
present	私有_计入线程信息项统计	私有_计入线程信息项统计	控制面板类.cpp:6135	2	void 私有_计入线程信息项统计( std::size_t& 已知逻辑线程数, std::size_t& 当前运行数, std::size_t& 未启动数, std::size_t& 已结束数, std::size_t& 故障数, const 结构_控制面板线程信息项& 线程) noexcept	服务所在模块的内部辅助流程。		ClCompile	控制面板类.cpp:6135 | 控制面板类.cpp:6171
present	私有_计算线程信息表统计	私有_计算线程信息表统计	控制面板类.cpp:6162	2	void 私有_计算线程信息表统计( const std::vector<结构_控制面板线程信息项>& 线程信息项集, std::size_t& 已知逻辑线程数, std::size_t& 当前运行数, std::size_t& 未启动数, std::size_t& 已结束数, std::size_t& 故障数) noexcept	计算权重、状态、差值或派生结果。		ClCompile	控制面板类.cpp:6162 | 控制面板类.cpp:6397
present	私有_线程信息项系统线程ID文本	私有_线程信息项系统线程ID文本	控制面板类.cpp:6199	2	std::string 私有_线程信息项系统线程ID文本( const 结构_控制面板线程信息项& 线程)	服务所在模块的内部辅助流程。		ClCompile	控制面板类.cpp:6199 | 控制面板类.cpp:6322
present	私有_线程信息项状态文本	私有_线程信息项状态文本	控制面板类.cpp:6208	2	std::string 私有_线程信息项状态文本( const 结构_控制面板线程信息项& 线程)	服务所在模块的内部辅助流程。		ClCompile	控制面板类.cpp:6208 | 控制面板类.cpp:6299
present	私有_线程信息项运行状态文本	私有_线程信息项运行状态文本	控制面板类.cpp:6218	2	std::string 私有_线程信息项运行状态文本( const 结构_控制面板线程信息项& 线程)	执行对应模块、线程或方法的运行逻辑。		ClCompile	控制面板类.cpp:6218 | 控制面板类.cpp:6300
present	私有_线程信息项最近事件文本	私有_线程信息项最近事件文本	控制面板类.cpp:6260	2	std::string 私有_线程信息项最近事件文本( const 结构_控制面板线程信息项& 线程)	服务所在模块的内部辅助流程。		ClCompile	控制面板类.cpp:6260 | 控制面板类.cpp:6328
present	私有_构建线程信息项节点	私有_构建线程信息项节点	控制面板类.cpp:6293	2	结构_控制面板树节点 私有_构建线程信息项节点( const 结构_控制面板线程信息项& 线程, const 时间戳 详情加载时间)	构建运行所需的数据结构或中间结果。		ClCompile	控制面板类.cpp:6293 | 控制面板类.cpp:6443
present	私有_需求状态已达	私有_需求状态已达	控制面板类.cpp:652	2	bool 私有_需求状态已达(const 需求节点* 节点) noexcept	服务所在模块的内部辅助流程。		ClCompile	控制面板类.cpp:652 | 控制面板类.cpp:9511
present	私有_SQL控制面板因果信息刷新JSON	私有_SQL控制面板因果信息刷新JSON	控制面板类.cpp:7095	2	std::string 私有_SQL控制面板因果信息刷新JSON( std::string_view 区段ID, const 结构_SQL控制面板数据& 数据)	生成 SQL 控制面板因果信息区段刷新 JSON。		ClCompile	控制面板类.cpp:7095 | 控制面板类.cpp:7485
present	私有_SQL控制面板因果链刷新JSON	私有_SQL控制面板因果链刷新JSON	控制面板类.cpp:7111	2	std::string 私有_SQL控制面板因果链刷新JSON( std::string_view 区段ID, const 结构_SQL控制面板数据& 数据)	生成 SQL 控制面板因果链查询区段刷新 JSON。		ClCompile	控制面板类.cpp:7111 | 控制面板类.cpp:7488
present	私有_SQL控制面板世界树刷新JSON	私有_SQL控制面板世界树刷新JSON	控制面板类.cpp:7125	2	std::string 私有_SQL控制面板世界树刷新JSON( std::string_view 区段ID, const 结构_SQL控制面板数据& 数据)	生成 SQL 控制面板世界树区段刷新 JSON。		ClCompile	控制面板类.cpp:7125 | 控制面板类.cpp:7515
present	私有_SQL字符串IN列表	私有_SQL字符串IN列表	控制面板类.cpp:7198	2	std::string 私有_SQL字符串IN列表( const std::vector<std::string>& 键列表, const std::size_t 起点, const std::size_t 数量)	生成 SQL IN 条件中的字符串列表。		ClCompile	控制面板类.cpp:7198 | 控制面板类.cpp:7257
present	私有_SQL控制面板子链JSON	私有_SQL控制面板子链JSON	控制面板类.cpp:7306	2	std::string 私有_SQL控制面板子链JSON( std::string_view 区段ID, std::string_view 节点键)	按 SQL 控制面板树节点读取一层直接子节点。		ClCompile	控制面板类.cpp:7306 | 控制面板类.cpp:10281
present	私有_SQL控制面板区段刷新JSON	私有_SQL控制面板区段刷新JSON	控制面板类.cpp:7458	2	std::string 私有_SQL控制面板区段刷新JSON(std::string_view 区段ID)	按 SQL 控制面板菜单区段生成局部刷新 JSON。		ClCompile	控制面板类.cpp:7458 | 控制面板类.cpp:10093
present	私有_是SQL控制面板区段	私有_是SQL控制面板区段	控制面板类.cpp:7538	2	bool 私有_是SQL控制面板区段(std::string_view 区段ID) noexcept	判断页面名是否对应 SQL 控制面板菜单区段。		ClCompile	控制面板类.cpp:7538 | 控制面板类.cpp:10092
present	私有_生成SQL控制面板HTML	私有_生成SQL控制面板HTML	控制面板类.cpp:7557	2	std::string 私有_生成SQL控制面板HTML(const 结构_SQL控制面板数据& 数据)	根据 SQL 控制面板数据生成静态 HTML。		ClCompile	控制面板类.cpp:7557 | 控制面板类.cpp:14897
present	私有_读取自我待处理方法数量_控制面板	私有_读取自我待处理方法数量_控制面板	控制面板类.cpp:78	2	I64 私有_读取自我待处理方法数量_控制面板(const 自我类& 自我) noexcept	读取自我待处理方法数量特征。		ClCompile	控制面板类.cpp:78 | 控制面板类.cpp:9829
present	私有_累计任务状态	私有_累计任务状态	控制面板类.cpp:834	2	void 私有_累计任务状态(结构_控制面板快照& 快照, const 枚举_任务状态 状态) noexcept	服务所在模块的内部辅助流程。		ClCompile	控制面板类.cpp:834 | 控制面板类.cpp:9812
present	私有_缺口恢复反馈摘要_控制面板	私有_缺口恢复反馈摘要_控制面板	控制面板类.cpp:88	2	std::string 私有_缺口恢复反馈摘要_控制面板( const 自我线程类::结构_缺口恢复接口快照& 恢复快照)	读取缺口恢复接口反馈摘要显示文本。		ClCompile	控制面板类.cpp:88 | 控制面板类.cpp:9843
present	私有_追加自我场景诊断区域数组JSON	私有_追加自我场景诊断区域数组JSON	控制面板类.cpp:8851	2	void 私有_追加自我场景诊断区域数组JSON( std::ostringstream& 输出, const std::vector<结构_控制面板诊断区域>& 区域列表)	服务所在模块的内部辅助流程。		ClCompile	控制面板类.cpp:8851 | 控制面板类.cpp:9072
present	私有_追加自我场景存在复现项数组JSON	私有_追加自我场景存在复现项数组JSON	控制面板类.cpp:8879	2	void 私有_追加自我场景存在复现项数组JSON( std::ostringstream& 输出, const std::vector<结构_控制面板自我场景存在复现项>& 存在列表)	服务所在模块的内部辅助流程。		ClCompile	控制面板类.cpp:8879 | 控制面板类.cpp:9079
present	私有_自我场景复现JSON	私有_自我场景复现JSON	控制面板类.cpp:8934	2	std::string 私有_自我场景复现JSON(const 结构_控制面板快照& 快照)	服务所在模块的内部辅助流程。		ClCompile	控制面板类.cpp:8934 | 控制面板类.cpp:11131
present	私有_特征_最近执行时间_控制面板	私有_特征_最近执行时间_控制面板	控制面板类.cpp:95	2	const 语素入口节点类* 私有_特征_最近执行时间_控制面板() noexcept	执行任务、方法或动作的主体逻辑。		ClCompile	控制面板类.cpp:95 | 控制面板类.cpp:5734
present	私有_ADO值转UTF8	私有_ADO值转UTF8	数据库ADO模块.cpp:177	2	std::string 私有_ADO值转UTF8(const _variant_t& 值)	把 ADO 字段值转换为 UTF-8 文本。		ClCompile	数据库ADO模块.cpp:177 | 数据库ADO模块.cpp:267
present	声明了执行目标值约束	声明了执行目标值约束	方法主信息类.h:168	2	bool 声明了执行目标值约束() const noexcept	执行任务、方法或动作的主体逻辑。		ClInclude	任务模块.筹办.ixx:3877 | 方法主信息类.h:168
present	构造条件节点	构造条件节点	方法主信息类.h:256	2	static 方法主信息类 构造条件节点()	按函数名执行对应处理。		ClInclude	方法主信息类.h:256 | 方法类.cpp:2635
present	构造结果节点	构造结果节点	方法主信息类.h:264	2	static 方法主信息类 构造结果节点()	按函数名执行对应处理。		ClInclude	方法主信息类.h:264 | 方法类.cpp:2722
present	私有_方法首节点具备可执行动作条件	私有_方法首节点具备可执行动作条件	方法类.cpp:1048	2	bool 私有_方法首节点具备可执行动作条件(const 方法节点* 方法首节点) noexcept	执行任务、方法或动作的主体逻辑。		ClCompile	方法类.cpp:1048 | 方法类.cpp:2377
present	私有_方法树SQL投影互斥	私有_方法树SQL投影互斥	方法类.cpp:1094	2	std::mutex& 私有_方法树SQL投影互斥() noexcept	服务所在模块的内部辅助流程。		ClCompile	方法类.cpp:1094 | 方法类.cpp:1989
present	私有_方法SQL入口文本	私有_方法SQL入口文本	方法类.cpp:1123	2	std::string 私有_方法SQL入口文本(const 语素入口节点类* 入口)	服务所在模块的内部辅助流程。		ClCompile	方法类.cpp:1123 | 方法类.cpp:1201
present	私有_方法SQL节点种类文本	私有_方法SQL节点种类文本	方法类.cpp:1141	2	const char* 私有_方法SQL节点种类文本(const 枚举_方法节点种类 种类) noexcept	服务所在模块的内部辅助流程。		ClCompile	方法类.cpp:1141 | 方法类.cpp:1255
present	私有_方法SQL来源文本	私有_方法SQL来源文本	方法类.cpp:1151	2	const char* 私有_方法SQL来源文本(const 枚举_方法来源 来源) noexcept	服务所在模块的内部辅助流程。		ClCompile	方法类.cpp:1151 | 方法类.cpp:1204
present	私有_方法SQL动作句柄类型文本	私有_方法SQL动作句柄类型文本	方法类.cpp:1164	2	const char* 私有_方法SQL动作句柄类型文本(const 枚举_动作句柄类型 类型) noexcept	服务所在模块的内部辅助流程。		ClCompile	方法类.cpp:1164 | 方法类.cpp:1177
present	私有_方法SQL动作句柄文本	私有_方法SQL动作句柄文本	方法类.cpp:1174	2	std::string 私有_方法SQL动作句柄文本(const 结构体_动作句柄& 句柄)	服务所在模块的内部辅助流程。		ClCompile	方法类.cpp:1174 | 方法类.cpp:1202
present	私有_填充方法树SQL角色字段	私有_填充方法树SQL角色字段	方法类.cpp:1194	2	void 私有_填充方法树SQL角色字段(const 方法节点* 节点, 结构_方法树SQL行& 行)	服务所在模块的内部辅助流程。		ClCompile	方法类.cpp:1194 | 方法类.cpp:1256
present	私有_方法树SQL建库脚本	私有_方法树SQL建库脚本	方法类.cpp:1281	2	std::string 私有_方法树SQL建库脚本()	服务所在模块的内部辅助流程。		ClCompile	方法类.cpp:1281 | 方法类.cpp:2007
present	私有_方法树SQL建表脚本	私有_方法树SQL建表脚本	方法类.cpp:1289	2	std::string 私有_方法树SQL建表脚本()	服务所在模块的内部辅助流程。		ClCompile	方法类.cpp:1289 | 方法类.cpp:2008
present	私有_方法树SQL视图脚本	私有_方法树SQL视图脚本	方法类.cpp:1347	2	std::string 私有_方法树SQL视图脚本()	服务所在模块的内部辅助流程。		ClCompile	方法类.cpp:1347 | 方法类.cpp:2009
present	私有_构造方法树SQL重写脚本	私有_构造方法树SQL重写脚本	方法类.cpp:1395	2	std::string 私有_构造方法树SQL重写脚本( const std::vector<结构_方法树SQL行>& 行集, const std::string& 来源原因, const std::string& 根主键)	服务所在模块的内部辅助流程。		ClCompile	方法类.cpp:1395 | 方法类.cpp:2010
present	方法类::方法指定本能方法	方法指定本能方法	方法类.cpp:1794	2	bool 方法类::方法指定本能方法(const 节点类* 方法首节点) noexcept	判断方法首节点是否绑定了有效本能方法。		ClCompile	方法类.cpp:1794 | 方法类.h:171
present	方法类::方法满足可用最低判据	方法满足可用最低判据	方法类.cpp:1909	2	bool 方法类::方法满足可用最低判据(const 节点类* 方法首节点) noexcept	判断方法首节点是否满足可用最低结构判据。		ClCompile	方法类.cpp:1909 | 方法类.h:197
present	私有_取首个直接结果子节点	私有_取首个直接结果子节点	方法类.cpp:213	2	方法节点* 私有_取首个直接结果子节点(方法节点* 方法首节点) noexcept	服务所在模块的内部辅助流程。		ClCompile	方法类.cpp:213 | 方法类.cpp:243
present	方法类::注册需求方向方法首节点	注册需求方向方法首节点	方法类.cpp:2173	2	方法类::节点类* 方法类::注册需求方向方法首节点( 节点类* 方法根节点, const 语素入口节点类* 主结果特征类型, 二次特征节点类* 结果方向, 枚举_方法来源 来源, 时间戳 now)	注册方法、模板、对象或运行入口。		ClCompile	方法类.cpp:2173 | 方法类.h:49
present	私有_取首个条件下结果子节点	私有_取首个条件下结果子节点	方法类.cpp:223	2	方法节点* 私有_取首个条件下结果子节点(方法节点* 条件节点) noexcept	服务所在模块的内部辅助流程。		ClCompile	方法类.cpp:223 | 方法类.cpp:236
present	方法类::取或确保本能方法首节点_按能力值	取或确保本能方法首节点_按能力值	方法类.cpp:2293	2	方法类::节点类* 方法类::取或确保本能方法首节点_按能力值( 存在节点类* 宿主存在, I64 自我能力值, 时间戳 now)	确保目标结构、状态或前置条件存在并可用。		ClCompile	方法类.cpp:2293 | 方法类.h:226
present	私有_确保结果父条件节点	私有_确保结果父条件节点	方法类.cpp:247	2	方法节点* 私有_确保结果父条件节点(方法节点* 方法首节点, 时间戳 now)	确保目标结构、状态或前置条件存在并可用。		ClCompile	方法类.cpp:247 | 方法类.cpp:2665
present	私有_方法条件场景名称词	私有_方法条件场景名称词	方法类.cpp:305	2	const 语素入口节点类* 私有_方法条件场景名称词(const 方法主信息类& 主信息) noexcept	服务所在模块的内部辅助流程。		ClCompile	方法类.cpp:305 | 方法类.cpp:2452
present	私有_方法结果场景名称词	私有_方法结果场景名称词	方法类.cpp:312	2	const 语素入口节点类* 私有_方法结果场景名称词(const 方法主信息类& 主信息) noexcept	服务所在模块的内部辅助流程。		ClCompile	方法类.cpp:312 | 方法类.cpp:2496
present	私有_方法条件集合特征词	私有_方法条件集合特征词	方法类.cpp:319	2	const 语素入口节点类* 私有_方法条件集合特征词() noexcept	服务所在模块的内部辅助流程。		ClCompile	方法类.cpp:319 | 方法类.cpp:1953
present	私有_方法条件是否必需特征词	私有_方法条件是否必需特征词	方法类.cpp:327	2	const 语素入口节点类* 私有_方法条件是否必需特征词() noexcept	服务所在模块的内部辅助流程。		ClCompile	方法类.cpp:327 | 方法类.cpp:1963
present	私有_结果变化方向编码	私有_结果变化方向编码	方法类.cpp:342	2	std::int32_t 私有_结果变化方向编码(枚举_结果变化方向 方向) noexcept	服务所在模块的内部辅助流程。		ClCompile	方法类.cpp:342 | 方法类.cpp:396
present	私有_追加结果节点结果项	私有_追加结果节点结果项	方法类.cpp:469	2	void 私有_追加结果节点结果项( 方法主信息类& 主信息, 结构_方法结果项 结果项) noexcept	服务所在模块的内部辅助流程。		ClCompile	方法类.cpp:469 | 方法类.cpp:497
present	私有_查找需求位方法首节点_按主结果特征类型	私有_查找需求位方法首节点_按主结果特征类型	方法类.cpp:502	2	方法节点* 私有_查找需求位方法首节点_按主结果特征类型( 方法节点* 方法根节点, const 语素入口节点类* 主结果特征类型) noexcept	按条件查找目标对象、方法或事实。		ClCompile	方法类.cpp:502 | 方法类.cpp:2106
present	私有_解析特征引用	私有_解析特征引用	方法类.cpp:541	2	特征节点类* 私有_解析特征引用(const 可解析引用<特征节点类>& 引用) noexcept	解析输入文本、消息、场景或运行包。		ClCompile	方法类.cpp:541 | 方法类.cpp:587
present	私有_语素入口主键	私有_语素入口主键	方法类.cpp:578	2	std::string 私有_语素入口主键(const 语素入口节点类* 词) noexcept	服务所在模块的内部辅助流程。		ClCompile	方法类.cpp:578 | 方法类.cpp:642
present	私有_二次特征特征类型	私有_二次特征特征类型	方法类.cpp:604	2	const 语素入口节点类* 私有_二次特征特征类型( const 二次特征节点类* 节点, const 语素入口节点类* 兜底特征类型) noexcept	服务所在模块的内部辅助流程。		ClCompile	方法类.cpp:604 | 方法类.cpp:642
present	私有_二次特征比较语义相同	私有_二次特征比较语义相同	方法类.cpp:648	2	bool 私有_二次特征比较语义相同( const 可解析引用<二次特征节点类>& 引用, const 二次特征节点类* 节点, const 语素入口节点类* 兜底特征类型) noexcept	比较当前值、目标值或历史基准。		ClCompile	方法类.cpp:334 | 方法类.cpp:648
present	私有_查找需求方向方法首节点	私有_查找需求方向方法首节点	方法类.cpp:675	2	方法节点* 私有_查找需求方向方法首节点( 方法节点* 方法根节点, const 语素入口节点类* 主结果特征类型, const 二次特征节点类* 结果方向) noexcept	按条件查找目标对象、方法或事实。		ClCompile	方法类.cpp:675 | 方法类.cpp:2195
present	私有_查找可执行结果能力方法首节点_按主结果特征类型	私有_查找可执行结果能力方法首节点_按主结果特征类型	方法类.cpp:705	2	方法节点* 私有_查找可执行结果能力方法首节点_按主结果特征类型( 方法节点* 方法根节点, const 语素入口节点类* 主结果特征类型) noexcept	按条件查找目标对象、方法或事实。		ClCompile	方法类.cpp:705 | 方法类.cpp:2203
present	私有_特征_方法类型	私有_特征_方法类型	方法类.cpp:729	2	const 语素入口节点类* 私有_特征_方法类型() noexcept	服务所在模块的内部辅助流程。		ClCompile	方法类.cpp:729 | 方法类.cpp:918
present	私有_特征_方法状态	私有_特征_方法状态	方法类.cpp:736	2	const 语素入口节点类* 私有_特征_方法状态() noexcept	服务所在模块的内部辅助流程。		ClCompile	方法类.cpp:736 | 方法类.cpp:902
present	私有_推断宿主存在	私有_推断宿主存在	方法类.cpp:838	2	存在节点类* 私有_推断宿主存在(const 方法节点* 方法首节点) noexcept	服务所在模块的内部辅助流程。		ClCompile	方法类.cpp:838 | 方法类.cpp:2396
present	私有_写入I64特征	私有_写入I64特征	方法类.cpp:852	2	bool 私有_写入I64特征( 基础信息节点类* 宿主, const 语素入口节点类* 特征类型, I64 值, 时间戳 now)	把处理结果写入指定对象、场景或日志。		ClCompile	方法类.cpp:852 | 方法类.cpp:900
present	私有_二次特征引用相等	私有_二次特征引用相等	方法类.cpp:924	2	bool 私有_二次特征引用相等( const 可解析引用<二次特征节点类>& 左, const 可解析引用<二次特征节点类>& 右)	服务所在模块的内部辅助流程。		ClCompile	方法类.cpp:924 | 方法类.cpp:946
present	私有_二次特征引用集合相等	私有_二次特征引用集合相等	方法类.cpp:937	2	bool 私有_二次特征引用集合相等( const std::vector<可解析引用<二次特征节点类>>& 左, const std::vector<可解析引用<二次特征节点类>>& 右)	服务所在模块的内部辅助流程。		ClCompile	方法类.cpp:937 | 方法类.cpp:2606
present	私有_特征_方法结果初始状态	私有_特征_方法结果初始状态	方法类.cpp:960	2	const 语素入口节点类* 私有_特征_方法结果初始状态() noexcept	服务所在模块的内部辅助流程。		ClCompile	方法类.cpp:960 | 方法类.cpp:1018
present	私有_查找场景状态_按主体特征	私有_查找场景状态_按主体特征	方法类.cpp:967	2	状态节点类* 私有_查找场景状态_按主体特征( 场景节点类* 场景, 基础信息节点类* 状态主体, 特征节点类* 状态特征) noexcept	按条件查找目标对象、方法或事实。		ClCompile	方法类.cpp:967 | 方法类.cpp:1026
present	私有_确保方法结果初始状态	私有_确保方法结果初始状态	方法类.cpp:998	2	状态节点类* 私有_确保方法结果初始状态( 方法节点* 方法首节点, 存在节点类* 宿主存在, 场景节点类* 条件场景, 时间戳 now)	确保目标结构、状态或前置条件存在并可用。		ClCompile	方法类.cpp:998 | 方法类.cpp:2359
present	私有_默认允许自动召回	私有_默认允许自动召回	方法虚拟存在服务类.cpp:104	2	I64 私有_默认允许自动召回(I64 成熟度阶段) noexcept	服务所在模块的内部辅助流程。		ClCompile	方法虚拟存在服务类.cpp:104 | 方法虚拟存在服务类.cpp:309
present	私有_默认允许默认执行	私有_默认允许默认执行	方法虚拟存在服务类.cpp:110	2	I64 私有_默认允许默认执行(I64 成熟度阶段) noexcept	执行任务、方法或动作的主体逻辑。		ClCompile	方法虚拟存在服务类.cpp:110 | 方法虚拟存在服务类.cpp:315
present	私有_同步方法身份与默认特征	私有_同步方法身份与默认特征	方法虚拟存在服务类.cpp:266	2	bool 私有_同步方法身份与默认特征( 方法类::节点类* 方法首节点, 存在节点类* 宿主存在, 时间戳 now) noexcept	同步线程、任务、场景或对象之间的状态。		ClCompile	方法虚拟存在服务类.cpp:266 | 方法虚拟存在服务类.cpp:745
present	私有_输出方法状态动作动态	私有_输出方法状态动作动态	方法虚拟存在服务类.cpp:350	2	动态节点类* 私有_输出方法状态动作动态( 方法类::节点类* 方法首节点, 存在节点类* 方法虚拟存在, 特征节点类* 方法状态特征, I64 旧状态, I64 新状态, bool 有旧状态, 时间戳 now) noexcept	方法域动作动态生成点： 方法虚拟存在服务层在同步“方法状态”特征时调用本函数， 把目标方法虚拟存在上的方法状态旧值 -> ...		ClCompile	方法虚拟存在服务类.cpp:350 | 方法虚拟存在服务类.cpp:468
present	私有_动作名转方法概念词	私有_动作名转方法概念词	方法虚拟存在服务类.cpp:45	2	const 语素入口节点类* 私有_动作名转方法概念词(const 语素入口节点类* 动作名) noexcept	服务所在模块的内部辅助流程。		ClCompile	方法虚拟存在服务类.cpp:45 | 方法虚拟存在服务类.cpp:217
present	私有_取首个条件场景	私有_取首个条件场景	方法虚拟存在服务类.cpp:499	2	场景节点类* 私有_取首个条件场景(方法类::节点类* 方法首节点) noexcept	服务所在模块的内部辅助流程。		ClCompile	方法虚拟存在服务类.cpp:499 | 方法虚拟存在服务类.cpp:666
present	私有_取首个结果场景	私有_取首个结果场景	方法虚拟存在服务类.cpp:520	2	场景节点类* 私有_取首个结果场景(方法类::节点类* 方法首节点) noexcept	服务所在模块的内部辅助流程。		ClCompile	方法虚拟存在服务类.cpp:520 | 方法虚拟存在服务类.cpp:669
present	私有_方法类型概念名	私有_方法类型概念名	方法虚拟存在服务类.cpp:56	2	const char* 私有_方法类型概念名(枚举_方法类型 类型) noexcept	服务所在模块的内部辅助流程。		ClCompile	方法虚拟存在服务类.cpp:56 | 方法虚拟存在服务类.cpp:207
present	私有_方法来源概念名	私有_方法来源概念名	方法虚拟存在服务类.cpp:66	2	const char* 私有_方法来源概念名(枚举_方法来源 来源) noexcept	服务所在模块的内部辅助流程。		ClCompile	方法虚拟存在服务类.cpp:66 | 方法虚拟存在服务类.cpp:212
present	方法虚拟存在服务类::记录方法运行统计	记录方法运行统计	方法虚拟存在服务类.cpp:800	2	bool 方法虚拟存在服务类::记录方法运行统计( 方法类::节点类* 方法首节点, const char* 统计名, I64 增量, 存在节点类* 宿主存在, 时间戳 now)	记录日志、动态、证据或运行痕迹。		ClCompile	方法虚拟存在服务类.cpp:800 | 方法虚拟存在服务类.h:63
present	异常_致命	异常_致命	日志模块.ixx:125	2	inline void 异常_致命(std::string_view msg)	按函数名执行对应处理。		ClCompile	日志模块.ixx:125 | 日志模块.ixx:702
present	utf8_path	utf8_path	日志模块.ixx:181	2	inline std::filesystem::path utf8_path(std::string_view text)	按函数名执行对应处理。		ClCompile	日志模块.ixx:181 | 日志模块.ixx:301
present	取日期_YYYYMMDD	取日期_YYYYMMDD	日志模块.ixx:237	2	static std::string 取日期_YYYYMMDD()	按函数名执行对应处理。		ClCompile	日志模块.ixx:237 | 日志模块.ixx:306
present	取时间戳_YYYYMMDD_hhmmss_mmm	取时间戳_YYYYMMDD_hhmmss_mmm	日志模块.ixx:253	2	static std::string 取时间戳_YYYYMMDD_hhmmss_mmm()	按函数名执行对应处理。		ClCompile	日志模块.ixx:253 | 日志模块.ixx:346
present	级别字符串	级别字符串	日志模块.ixx:274	2	static const char* 级别字符串(枚举_日志级别 lv)	按函数名执行对应处理。		ClCompile	日志模块.ixx:274 | 日志模块.ixx:351
present	生成文件路径	生成文件路径	日志模块.ixx:298	2	std::filesystem::path 生成文件路径(const std::string& yyyymmdd) const	根据当前输入生成目标数据、场景、动态或回执。		ClCompile	日志模块.ixx:298 | 日志模块.ixx:323
present	日志输出已启用	日志输出已启用	日志模块.ixx:448	2	inline constexpr bool 日志输出已启用(枚举_日志类别 类别, 枚举_日志级别 级别) noexcept	按函数名执行对应处理。		ClCompile	日志模块.ixx:448 | 日志模块.ixx:498
present	本能动作返回参数信息特征词	本能动作返回参数信息特征词	本能动作管理类.ixx:124	2	const 语素入口节点类* 本能动作返回参数信息特征词() noexcept	按函数名执行对应处理。		ClCompile	本能动作管理类.ixx:124 | 本能动作管理类.ixx:494
present	本能动作返回场景信息特征词	本能动作返回场景信息特征词	本能动作管理类.ixx:130	2	const 语素入口节点类* 本能动作返回场景信息特征词() noexcept	按函数名执行对应处理。		ClCompile	本能动作管理类.ixx:130 | 本能动作管理类.ixx:502
present	本能动作执行缺口_当前方法缺失词	本能动作执行缺口_当前方法缺失词	本能动作管理类.ixx:154	2	const 语素入口节点类* 本能动作执行缺口_当前方法缺失词() noexcept	执行任务、方法或动作的主体逻辑。		ClCompile	本能动作管理类.ixx:154 | 本能动作管理类.ixx:215
present	本能动作执行缺口_可执行输入参数场景缺失词	本能动作执行缺口_可执行输入参数场景缺失词	本能动作管理类.ixx:160	2	const 语素入口节点类* 本能动作执行缺口_可执行输入参数场景缺失词() noexcept	执行任务、方法或动作的主体逻辑。		ClCompile	本能动作管理类.ixx:160 | 本能动作管理类.ixx:221
present	本能动作执行缺口_当前方法无执行入口词	本能动作执行缺口_当前方法无执行入口词	本能动作管理类.ixx:166	2	const 语素入口节点类* 本能动作执行缺口_当前方法无执行入口词() noexcept	执行任务、方法或动作的主体逻辑。		ClCompile	本能动作管理类.ixx:166 | 本能动作管理类.ixx:219
present	本能动作执行缺口_当前方法条件不满足词	本能动作执行缺口_当前方法条件不满足词	本能动作管理类.ixx:172	2	const 语素入口节点类* 本能动作执行缺口_当前方法条件不满足词() noexcept	执行任务、方法或动作的主体逻辑。		ClCompile	本能动作管理类.ixx:172 | 本能动作管理类.ixx:224
present	本能动作承接_派生需求词	本能动作承接_派生需求词	本能动作管理类.ixx:196	2	const 语素入口节点类* 本能动作承接_派生需求词() noexcept	按函数名执行对应处理。		ClCompile	本能动作管理类.ixx:196 | 自我动作实现模块.ixx:5940
present	本能动作语素入口是执行缺口	本能动作语素入口是执行缺口	本能动作管理类.ixx:411	2	inline bool 本能动作语素入口是执行缺口(const 语素入口节点类* 词) noexcept	执行任务、方法或动作的主体逻辑。		ClCompile	本能动作管理类.ixx:411 | 本能动作管理类.ixx:538
present	本能动作基础节点指针文本	本能动作基础节点指针文本	本能动作管理类.ixx:419	2	inline std::string 本能动作基础节点指针文本(const 基础信息节点类* 节点)	按函数名执行对应处理。		ClCompile	本能动作管理类.ixx:419 | 本能动作管理类.ixx:443
present	默认动作ID列表	默认动作ID列表	本能动作管理类.ixx:42	2	inline std::vector<枚举_本能方法ID> 默认动作ID列表()	按函数名执行对应处理。		ClCompile	本能动作管理类.ixx:42 | 本能动作管理类.ixx:662
present	本能动作基础节点属于当前世界树	本能动作基础节点属于当前世界树	本能动作管理类.ixx:427	2	inline bool 本能动作基础节点属于当前世界树(const 基础信息节点类* 节点) noexcept	按函数名执行对应处理。		ClCompile	本能动作管理类.ixx:427 | 本能动作管理类.ixx:467
present	本能动作记录无效闭环宿主	本能动作记录无效闭环宿主	本能动作管理类.ixx:436	2	inline void 本能动作记录无效闭环宿主( const char* 阶段, const 基础信息节点类* 宿主) noexcept	记录日志、动态、证据或运行痕迹。		ClCompile	本能动作管理类.ixx:436 | 本能动作管理类.ixx:468
present	本能动作运行成功	本能动作运行成功	本能动作管理类.ixx:589	2	bool 本能动作运行成功(const 存在节点类* 运行结果存在) noexcept	执行对应模块、线程或方法的运行逻辑。		ClCompile	本能动作管理类.ixx:589 | 鱼巢.cpp:1805
present	查询ID	查询ID	本能动作管理类.ixx:649	2	枚举_本能动作ID 查询ID(const std::string& 函数名称) const	按函数名执行对应处理。		ClCompile	本能动作管理类.ixx:649 | 本能动作管理类.ixx:729
present	枚举已注册ID	枚举已注册ID	本能动作管理类.ixx:671	2	std::vector<枚举_本能动作ID> 枚举已注册ID() const	注册方法、模板、对象或运行入口。		ClCompile	动作线程类.ixx:210 | 本能动作管理类.ixx:671
present	本能动作运行结果语义词	本能动作运行结果语义词	本能动作管理类.ixx:68	2	const 语素入口节点类* 本能动作运行结果语义词(const char* 文本) noexcept	执行对应模块、线程或方法的运行逻辑。		ClCompile	本能动作管理类.ixx:68 | 本能动作管理类.ixx:343
present	本能动作运行开始时间特征词	本能动作运行开始时间特征词	本能动作管理类.ixx:82	2	const 语素入口节点类* 本能动作运行开始时间特征词() noexcept	执行对应模块、线程或方法的运行逻辑。		ClCompile	本能动作管理类.ixx:82 | 本能动作管理类.ixx:331
present	本能动作运行虚拟存在类型词	本能动作运行虚拟存在类型词	本能动作管理类.ixx:88	2	const 语素入口节点类* 本能动作运行虚拟存在类型词() noexcept	执行对应模块、线程或方法的运行逻辑。		ClCompile	本能动作管理类.ixx:88 | 本能动作管理类.ixx:330
present	值匹配分	值匹配分	本能动作类.ixx:237	2	static inline I64 值匹配分( const 结构体_场景模式匹配参数& 参数, const 语素入口节点类* 类型, const 基础信息节点类* 输入节点, const 基础信息节点类* 模式节点)	按函数名执行对应处理。		ClCompile	本能动作类.ixx:237 | 本能动作类.ixx:300
present	递归匹配子节点	递归匹配子节点	本能动作类.ixx:364	2	static inline bool 递归匹配子节点( 基础信息节点类* 输入节点, const 基础信息节点类* 模式父节点, bool OR模式, const 结构体_场景模式匹配参数& 参数, 结构体_场景模式匹配结果& 输入输出, std::vector<基础信息节点类*>& 已绑定输入节点栈, I64& 输出分数, bool& 输出有歧义)	按函数名执行对应处理。		ClCompile	本能动作类.ixx:352 | 本能动作类.ixx:364
present	枚举子节点	枚举子节点	本能动作类.ixx:64	2	inline std::vector<基础信息节点类*> 枚举子节点(基础信息节点类* 父节点)	按函数名执行对应处理。		ClCompile	本能动作类.ixx:64 | 本能动作类.ixx:294
present	是OR组	是OR组	本能动作类.ixx:80	2	inline bool 是OR组(const 基础信息节点类* 模式节点) noexcept	按函数名执行对应处理。		ClCompile	本能动作类.ixx:80 | 本能动作类.ixx:355
present	私有_方法特征_方法类型	私有_方法特征_方法类型	本能方法类.cpp:196	2	const 语素入口节点类* 私有_方法特征_方法类型() noexcept	服务所在模块的内部辅助流程。		ClCompile	本能方法类.cpp:196 | 本能方法类.cpp:226
present	私有_方法特征_本能方法分类	私有_方法特征_本能方法分类	本能方法类.cpp:203	2	const 语素入口节点类* 私有_方法特征_本能方法分类() noexcept	服务所在模块的内部辅助流程。		ClCompile	本能方法类.cpp:203 | 本能方法类.cpp:250
present	私有_推导本能方法类型	私有_推导本能方法类型	本能方法类.cpp:210	2	枚举_方法类型 私有_推导本能方法类型(const 结构_默认本能方法种子& 种子) noexcept	服务所在模块的内部辅助流程。		ClCompile	本能方法类.cpp:210 | 本能方法类.cpp:365
present	私有_写入本能方法分类特征	私有_写入本能方法分类特征	本能方法类.cpp:242	2	bool 私有_写入本能方法分类特征(存在节点类* 方法虚拟存在, 枚举_本能方法分类 分类) noexcept	把处理结果写入指定对象、场景或日志。		ClCompile	本能方法类.cpp:242 | 本能方法类.cpp:366
present	私有_条件场景名称词	私有_条件场景名称词	本能方法类.cpp:266	2	const 语素入口节点类* 私有_条件场景名称词(const 结构_默认本能方法种子& 种子) noexcept	服务所在模块的内部辅助流程。		ClCompile	本能方法类.cpp:266 | 本能方法类.cpp:354
present	私有_结果场景名称词	私有_结果场景名称词	本能方法类.cpp:273	2	const 语素入口节点类* 私有_结果场景名称词(const 结构_默认本能方法种子& 种子) noexcept	服务所在模块的内部辅助流程。		ClCompile	本能方法类.cpp:273 | 本能方法类.cpp:360
present	私有_补齐本能方法结构	私有_补齐本能方法结构	本能方法类.cpp:330	2	void 私有_补齐本能方法结构( 自我类& 自我对象, 方法节点* 方法首节点, const 结构_默认本能方法种子& 种子) noexcept	补齐条件、参数、证据或方法能力缺口。		ClCompile	本能方法类.cpp:330 | 本能方法类.cpp:465
present	私有_查找或创建本能方法首节点	私有_查找或创建本能方法首节点	本能方法类.cpp:439	2	方法类::节点类* 私有_查找或创建本能方法首节点( 自我类& 自我对象, 枚举_本能方法ID 本能ID) noexcept	创建并返回或登记对应对象。		ClCompile	本能方法类.cpp:439 | 本能方法类.cpp:476
present	私有_比较向量	私有_比较向量	特征值主信息类.h:71	2	static std::int64_t 私有_比较向量(const VecIU64& a, const VecIU64& b) noexcept	比较当前值、目标值或历史基准。		ClInclude	特征值主信息类.h:38 | 特征值主信息类.h:71
present	创建子值节点	创建子值节点	特征值类.h:100	2	节点类* 创建子值节点(节点类* 父节点, VecIU64 v)	创建并返回或登记对应对象。		ClInclude	特征值类.h:100 | 特征类.cpp:3550
present	私有_向上取整平方边长	私有_向上取整平方边长	特征值类.h:182	2	static std::size_t 私有_向上取整平方边长(std::size_t x) noexcept	服务所在模块的内部辅助流程。		ClInclude	特征值类.h:182 | 特征值类.h:252
present	私有_向上取整立方边长	私有_向上取整立方边长	特征值类.h:191	2	static std::size_t 私有_向上取整立方边长(std::size_t x) noexcept	服务所在模块的内部辅助流程。		ClInclude	特征值类.h:191 | 特征值类.h:306
present	生成二维轮廓金字塔	生成二维轮廓金字塔	特征值类.h:247	2	static std::vector<I64> 生成二维轮廓金字塔(VecIU64 base, std::vector<VecIU64>& 输出层)	根据当前输入生成目标数据、场景、动态或回执。		ClInclude	特征值类.h:247 | 特征值类.h:410
present	生成三维轮廓金字塔	生成三维轮廓金字塔	特征值类.h:301	2	static std::vector<I64> 生成三维轮廓金字塔(VecIU64 base, std::vector<VecIU64>& 输出层)	根据当前输入生成目标数据、场景、动态或回执。		ClInclude	特征值类.h:301 | 特征值类.h:413
present	分层_取或创建路径_已加锁	分层_取或创建路径_已加锁	特征值类.h:364	2	分层索引节点* 分层_取或创建路径_已加锁(分层索引节点*& root, const std::vector<I64>& tokens)	创建并返回或登记对应对象。		ClInclude	特征值类.h:364 | 特征值类.h:392
present	分层_登记叶子_已加锁	分层_登记叶子_已加锁	特征值类.h:388	2	void 分层_登记叶子_已加锁(枚举_轮廓维度 dim, const std::vector<I64>& tokens, 节点类* leaf)	登记方法、模板、对象或运行入口。		ClInclude	特征值类.h:388 | 特征值类.h:416
present	私有_区间宽度	私有_区间宽度	特征类.cpp:133	2	I64 私有_区间宽度(const I64区间& 区间) noexcept	服务所在模块的内部辅助流程。		ClCompile	特征类.cpp:133 | 特征类.cpp:521
present	私有_计算点链平均最大误差	私有_计算点链平均最大误差	特征类.cpp:189	2	bool 私有_计算点链平均最大误差( const VecI64& 左值, const VecI64& 右值, const std::uint32_t 坐标维度, I64& 输出平均L1误差, I64& 输出最大L1误差) noexcept	计算权重、状态、差值或派生结果。		ClCompile	特征类.cpp:189 | 特征类.cpp:4169
present	特征类::常用抽象特征已初始化	常用抽象特征已初始化	特征类.cpp:1965	2	bool 特征类::常用抽象特征已初始化(const 基础信息节点类* 抽象特征根) const	初始化相关对象、状态或运行上下文。		ClCompile	特征类.cpp:1965 | 特征类.h:262
present	私有_计算轮廓匹配评分Q10000	私有_计算轮廓匹配评分Q10000	特征类.cpp:218	2	I64 私有_计算轮廓匹配评分Q10000( const I64 中心L1误差, const I64 点链平均L1误差, const I64 点链最大L1误差) noexcept	计算权重、状态、差值或派生结果。		ClCompile	特征类.cpp:218 | 特征类.cpp:4179
present	私有_点到区间距离	私有_点到区间距离	特征类.cpp:232	2	I64 私有_点到区间距离(I64 x, const I64区间& 区间) noexcept	服务所在模块的内部辅助流程。		ClCompile	特征类.cpp:232 | 特征类.cpp:2696
present	特征类::枚举全部特征	枚举全部特征	特征类.cpp:2338	2	std::vector<特征节点类*> 特征类::枚举全部特征() const	按函数名执行对应处理。		ClCompile	特征类.cpp:2338 | 特征类.h:273
present	私有_平面轮廓特征类型	私有_平面轮廓特征类型	特征类.cpp:276	2	const 语素入口节点类* 私有_平面轮廓特征类型()	服务所在模块的内部辅助流程。		ClCompile	特征类.cpp:276 | 特征类.cpp:3156
present	私有_空间极值轮廓特征类型	私有_空间极值轮廓特征类型	特征类.cpp:282	2	const 语素入口节点类* 私有_空间极值轮廓特征类型()	服务所在模块的内部辅助流程。		ClCompile	特征类.cpp:282 | 特征类.cpp:3164
present	特征类::清空三维体素特征值	清空三维体素特征值	特征类.cpp:2846	2	bool 特征类::清空三维体素特征值(特征节点类* 节点, 时间戳 now)	清理缓存、临时状态或运行资源。		ClCompile	特征类.cpp:2846 | 特征类.h:306
present	私有_是否三维体素特征类型	私有_是否三维体素特征类型	特征类.cpp:288	2	bool 私有_是否三维体素特征类型(const 语素入口节点类* 特征类型)	服务所在模块的内部辅助流程。		ClCompile	特征类.cpp:288 | 特征类.cpp:3172
present	特征类::设置实例特征局部区间覆盖	设置实例特征局部区间覆盖	特征类.cpp:2931	2	bool 特征类::设置实例特征局部区间覆盖(特征节点类* 实例特征, I64区间 区间)	设置对象字段、状态或运行参数。		ClCompile	特征类.cpp:2931 | 特征类.h:310
present	特征类::清除实例特征局部区间覆盖	清除实例特征局部区间覆盖	特征类.cpp:2941	2	bool 特征类::清除实例特征局部区间覆盖(特征节点类* 实例特征)	按函数名执行对应处理。		ClCompile	特征类.cpp:2941 | 特征类.h:311
present	特征类::合并抽象区间	合并抽象区间	特征类.cpp:2998	2	bool 特征类::合并抽象区间(抽象特征节点类* 目标抽象特征, const 抽象特征节点类* 来源抽象特征)	按函数名执行对应处理。		ClCompile	特征类.cpp:2998 | 特征类.h:313
present	私有_统计三维体素占据数	私有_统计三维体素占据数	特征类.cpp:325	2	std::uint64_t 私有_统计三维体素占据数(const VecIU64& 占据位块) noexcept	计算权重、状态、差值或派生结果。		ClCompile	特征类.cpp:325 | 特征类.cpp:3526
present	特征类::写入三维体素长方体占据位	写入三维体素长方体占据位	特征类.cpp:3313	2	bool 特征类::写入三维体素长方体占据位( VecIU64& 占据位块, const std::uint32_t 宽度, const std::uint32_t 高度, const std::uint32_t 深度, const std::uint32_t x, const std::uint32_t y, const std::uint32_t z, const bool 有存在) noexcept	把处理结果写入指定对象、场景或日志。		ClCompile	特征类.cpp:3313 | 特征类.h:372
present	私有_统计三维体素块状态	私有_统计三维体素块状态	特征类.cpp:335	2	枚举_三维体素链节点状态 私有_统计三维体素块状态( const VecIU64& 占据位块, const std::uint32_t 细分层数, const std::uint32_t x0, const std::uint32_t y0, const std::uint32_t z0, const std::uint32_t 边长, std::uint64_t& 输出占据数) noexcept	计算权重、状态、差值或派生结果。		ClCompile	特征类.cpp:335 | 特征类.cpp:3547
present	特征类::写入三维体素长方体二分层链	写入三维体素长方体二分层链	特征类.cpp:3609	2	结构_三维体素链写入结果 特征类::写入三维体素长方体二分层链( 特征值类& 值池, 特征节点类* 节点, const VecIU64& 长方体占据位块, const std::uint32_t 宽度, const std::uint32_t 高度, const std::uint32_t 深度, const std::uint32_t 最小体素边长_mm, 时间戳 now)	把长方体输入归一化后写入三维体素二分层链。		ClCompile	特征类.cpp:3609 | 特征类.h:424
present	特征类::比较局部轮廓深度图与三维体素链	比较局部轮廓深度图与三维体素链	特征类.cpp:4086	2	结构_三维体素局部轮廓相似度结果 特征类::比较局部轮廓深度图与三维体素链( const 特征值类& 值池, VecU句柄 存在体素根句柄, const 结构_三维体素存在空间绑定参数& 存在空间, const std::vector<结构_三维体素轮廓图视角>& 局部视角集合, const 结构_三维体素轮廓融合参数& 局部融合参数, const std::uint32_t 查询层级)	根据局部深度轮廓生成的体素，和已存存在体素链做只读相似度比较。		ClCompile	特征类.cpp:4086 | 特征类.h:451
present	特征类::校验平面轮廓VecI64	校验平面轮廓VecI64	特征类.cpp:4120	2	bool 特征类::校验平面轮廓VecI64(const VecI64& 值) noexcept	按函数名执行对应处理。		ClCompile	特征类.cpp:4120 | 特征类.h:459
present	特征类::校验空间极值轮廓VecI64	校验空间极值轮廓VecI64	特征类.cpp:4126	2	bool 特征类::校验空间极值轮廓VecI64(const VecI64& 值) noexcept	按函数名执行对应处理。		ClCompile	特征类.cpp:4126 | 特征类.h:460
present	特征类::生成度量签名	生成度量签名	特征类.cpp:4358	2	std::string 特征类::生成度量签名(const 特征节点类* 节点) const	根据当前输入生成目标数据、场景、动态或回执。		ClCompile	特征类.cpp:4358 | 特征类.h:477
present	私有_I64值域项包含	私有_I64值域项包含	特征类.cpp:474	2	bool 私有_I64值域项包含(const I64值域项& 项, const I64 值) noexcept	服务所在模块的内部辅助流程。		ClCompile	特征类.cpp:474 | 特征类.cpp:2521
present	私有_I64值域项宽度	私有_I64值域项宽度	特征类.cpp:515	2	I64 私有_I64值域项宽度(const I64值域项& 项) noexcept	服务所在模块的内部辅助流程。		ClCompile	特征类.cpp:515 | 特征类.cpp:539
present	私有_抽象值域宽度	私有_抽象值域宽度	特征类.cpp:527	2	I64 私有_抽象值域宽度(const 抽象特征主信息类* 主信息) noexcept	服务所在模块的内部辅助流程。		ClCompile	特征类.cpp:527 | 特征类.cpp:2919
present	私有_规范化抽象特征主信息	私有_规范化抽象特征主信息	特征类.cpp:545	2	void 私有_规范化抽象特征主信息(抽象特征主信息类& 主信息)	服务所在模块的内部辅助流程。		ClCompile	特征类.cpp:545 | 特征类.cpp:632
present	私有_节点引用相同	私有_节点引用相同	特征类.cpp:58	2	bool 私有_节点引用相同(const 基础信息节点类* 节点, const 可解析引用<基础信息节点类>& 引用)	服务所在模块的内部辅助流程。		ClCompile	特征类.cpp:58 | 特征类.cpp:2624
present	特征类::查找子抽象特征_按名称	查找子抽象特征_按名称	特征类.cpp:731	2	抽象特征节点类* 特征类::查找子抽象特征_按名称( const 基础信息节点类* 父抽象特征, const 语素入口节点类* 名称) const	按条件查找目标对象、方法或事实。		ClCompile	特征类.cpp:731 | 特征类.h:254
present	私有_直接特征子节点	私有_直接特征子节点	特征类.cpp:85	2	std::vector<基础信息节点类*> 私有_直接特征子节点( const 基础信息类& 基础信息, const 基础信息节点类* 父节点)	枚举父节点下直接挂载的特征子节点。		ClCompile	特征类.cpp:85 | 特征类.cpp:2355
present	是坐标链	是坐标链	特征类.h:80	2	bool 是坐标链() const noexcept	按函数名执行对应处理。		ClInclude	特征类.cpp:4107 | 特征类.h:80
present	私有_状态在范围内	私有_状态在范围内	状态类.cpp:118	2	bool 私有_状态在范围内( const 状态节点主信息类* 主信息, const 基础信息节点类* 主体, const 特征节点类* 特征) noexcept	服务所在模块的内部辅助流程。		ClCompile	状态类.cpp:118 | 状态类.cpp:674
present	状态类::获取状态二次特征	获取状态二次特征	状态类.cpp:307	2	I64 状态类::获取状态二次特征(const 状态节点主信息类& 状态一, const 状态节点主信息类& 状态二) const noexcept	读取并返回指定对象、状态或运行材料。		ClCompile	状态类.cpp:307 | 状态类.h:72
present	私有_状态创建阶段采样序号	私有_状态创建阶段采样序号	状态类.cpp:36	2	std::uint64_t 私有_状态创建阶段采样序号(std::uint64_t 总耗时微秒) noexcept	创建并返回或登记对应对象。		ClCompile	状态类.cpp:36 | 状态类.cpp:391
present	状态类::记录内部状态到场景	记录内部状态到场景	状态类.cpp:481	2	bool 状态类::记录内部状态到场景( 场景节点类* 场景, 基础信息节点类* 主体, 特征节点类* 特征, const 特征值& 值, bool 是否变化, 时间戳 now, const 状态后处理回调& 后处理)	记录日志、动态、证据或运行痕迹。		ClCompile	状态类.cpp:481 | 状态类.h:92
present	状态类::记录世界状态到场景	记录世界状态到场景	状态类.cpp:507	2	bool 状态类::记录世界状态到场景( 场景节点类* 场景, 基础信息节点类* 主体, 特征节点类* 特征, const 特征值& 值, bool 是否变化, 时间戳 now, const 状态后处理回调& 后处理)	记录日志、动态、证据或运行痕迹。		ClCompile	状态类.cpp:507 | 状态类.h:110
present	状态类::记录内部特征状态	记录内部特征状态	状态类.cpp:520	2	状态节点类* 状态类::记录内部特征状态( 场景节点类* 场景, 基础信息节点类* 主体, 特征节点类* 特征, const 特征值& 值, bool 是否变化, 时间戳 now, const 状态后处理回调& 后处理)	记录日志、动态、证据或运行痕迹。		ClCompile	状态类.cpp:520 | 状态类.h:119
present	状态类::删除状态	删除状态	状态类.cpp:533	2	bool 状态类::删除状态(状态节点类* 节点)	删除指定对象、状态或登记项。		ClCompile	状态类.cpp:533 | 状态类.h:128
present	状态类::枚举全部状态	枚举全部状态	状态类.cpp:545	2	std::vector<状态节点类*> 状态类::枚举全部状态() const	按函数名执行对应处理。		ClCompile	状态类.cpp:545 | 状态类.h:130
present	状态类::清理超过时间窗口的状态索引	清理超过时间窗口的状态索引	状态类.cpp:695	2	std::size_t 状态类::清理超过时间窗口的状态索引( 场景节点类* 场景, 时间戳 最早保留时间, std::size_t 最大清理数量)	清理缓存、临时状态或运行资源。		ClCompile	状态类.cpp:695 | 状态类.h:141
present	状态类::按活动状态限量清理	按活动状态限量清理	状态类.cpp:738	2	std::size_t 状态类::按活动状态限量清理( 场景节点类* 场景, std::size_t 活动状态上限, std::size_t 最大清理数量)	清理缓存、临时状态或运行资源。		ClCompile	状态类.cpp:738 | 状态类.h:146
present	读取控制面板线程信息表快照	读取控制面板线程信息表快照	线程生命周期消息模块.ixx:1077	2	export std::vector<结构_控制面板线程信息项> 读取控制面板线程信息表快照()	从指定来源读取数据或状态。		ClCompile	线程生命周期消息模块.ixx:1077 | 线程生命周期消息模块.ixx:1157
present	消费并读取控制面板线程信息表	消费并读取控制面板线程信息表	线程生命周期消息模块.ixx:1101	2	export std::vector<结构_控制面板线程信息项> 消费并读取控制面板线程信息表()	从指定来源读取数据或状态。		ClCompile	控制面板类.cpp:6389 | 线程生命周期消息模块.ixx:1101
present	私有_转义字段值	私有_转义字段值	线程生命周期消息模块.ixx:158	2	std::string 私有_转义字段值(std::string_view 文本)	服务所在模块的内部辅助流程。		ClCompile	线程生命周期消息模块.ixx:158 | 线程生命周期消息模块.ixx:347
present	私有_反转义字段值	私有_反转义字段值	线程生命周期消息模块.ixx:185	2	std::string 私有_反转义字段值(std::string_view 文本)	服务所在模块的内部辅助流程。		ClCompile	线程生命周期消息模块.ixx:185 | 线程生命周期消息模块.ixx:303
present	私有_解析事件类型	私有_解析事件类型	线程生命周期消息模块.ixx:265	2	枚举_线程生命周期消息事件 私有_解析事件类型( const std::string& 文本, const std::string& 代码文本) noexcept	解析输入文本、消息、场景或运行包。		ClCompile	线程生命周期消息模块.ixx:265 | 线程生命周期消息模块.ixx:314
present	私有_事件文件代码	私有_事件文件代码	线程生命周期消息模块.ixx:351	2	std::string 私有_事件文件代码(const 枚举_线程生命周期消息事件 事件)	服务所在模块的内部辅助流程。		ClCompile	线程生命周期消息模块.ixx:351 | 线程生命周期消息模块.ixx:1037
present	私有_从缓存字段构造线程信息项	私有_从缓存字段构造线程信息项	线程生命周期消息模块.ixx:367	2	结构_控制面板线程信息项 私有_从缓存字段构造线程信息项( const std::unordered_map<std::string, std::string>& 字段, const std::size_t 索引)	服务所在模块的内部辅助流程。		ClCompile	线程生命周期消息模块.ixx:367 | 线程生命周期消息模块.ixx:423
present	私有_写线程信息表缓存_已持锁	私有_写线程信息表缓存_已持锁	线程生命周期消息模块.ixx:447	2	void 私有_写线程信息表缓存_已持锁() noexcept	服务所在模块的内部辅助流程。		ClCompile	线程生命周期消息模块.ixx:447 | 线程生命周期消息模块.ixx:1149
present	私有_应用线程生命周期消息_已持锁	私有_应用线程生命周期消息_已持锁	线程生命周期消息模块.ixx:530	2	void 私有_应用线程生命周期消息_已持锁(const 结构_线程生命周期消息& 消息)	服务所在模块的内部辅助流程。		ClCompile	线程生命周期消息模块.ixx:530 | 线程生命周期消息模块.ixx:1146
present	私有_移动到已消费	私有_移动到已消费	线程生命周期消息模块.ixx:623	2	void 私有_移动到已消费(const std::filesystem::path& 源路径) noexcept	服务所在模块的内部辅助流程。		ClCompile	线程生命周期消息模块.ixx:623 | 线程生命周期消息模块.ixx:1153
present	私有_归档日期文本	私有_归档日期文本	线程生命周期消息模块.ixx:682	2	std::string 私有_归档日期文本(const std::uint64_t 发生时间微秒) noexcept	服务所在模块的内部辅助流程。		ClCompile	线程生命周期消息模块.ixx:682 | 线程生命周期消息模块.ixx:724
present	私有_消息值得归档	私有_消息值得归档	线程生命周期消息模块.ixx:704	2	bool 私有_消息值得归档(const 结构_线程生命周期消息& 消息) noexcept	服务所在模块的内部辅助流程。		ClCompile	线程生命周期消息模块.ixx:704 | 线程生命周期消息模块.ixx:837
present	私有_归档已消费消息文件	私有_归档已消费消息文件	线程生命周期消息模块.ixx:717	2	bool 私有_归档已消费消息文件( const std::filesystem::path& 源路径, const 结构_线程生命周期消息& 消息) noexcept	服务所在模块的内部辅助流程。		ClCompile	线程生命周期消息模块.ixx:717 | 线程生命周期消息模块.ixx:838
present	私有_维护消息中间件根目录	私有_维护消息中间件根目录	线程生命周期消息模块.ixx:759	2	void 私有_维护消息中间件根目录( std::size_t& 删除临时文件数, std::size_t& 删除无效消息数, std::size_t& 删除失败数)	服务所在模块的内部辅助流程。		ClCompile	线程生命周期消息模块.ixx:759 | 线程生命周期消息模块.ixx:890
present	私有_维护消息中间件已消费目录	私有_维护消息中间件已消费目录	线程生命周期消息模块.ixx:797	2	void 私有_维护消息中间件已消费目录( std::size_t& 归档消息数, std::size_t& 删除已消费普通消息数, std::size_t& 删除无效消息数, std::size_t& 删除临时文件数, std::size_t& 归档失败数, std::size_t& 删除失败数)	服务所在模块的内部辅助流程。		ClCompile	线程生命周期消息模块.ixx:797 | 线程生命周期消息模块.ixx:894
present	私有_维护消息中间件归档目录	私有_维护消息中间件归档目录	线程生命周期消息模块.ixx:856	2	void 私有_维护消息中间件归档目录( std::size_t& 删除过期归档数, std::size_t& 删除失败数)	服务所在模块的内部辅助流程。		ClCompile	线程生命周期消息模块.ixx:856 | 线程生命周期消息模块.ixx:901
present	私有_维护消息中间件文件	私有_维护消息中间件文件	线程生命周期消息模块.ixx:879	2	void 私有_维护消息中间件文件() noexcept	服务所在模块的内部辅助流程。		ClCompile	线程生命周期消息模块.ixx:879 | 线程生命周期消息模块.ixx:1155
present	线程生命周期当前时间_微秒	线程生命周期当前时间_微秒	线程生命周期消息模块.ixx:959	2	export std::uint64_t 线程生命周期当前时间_微秒() noexcept	按函数名执行对应处理。		ClCompile	线程生命周期消息模块.ixx:959 | 线程生命周期消息模块.ixx:984
present	当前系统线程ID_控制面板线程消息	当前系统线程ID_控制面板线程消息	线程生命周期消息模块.ixx:965	2	export std::uint64_t 当前系统线程ID_控制面板线程消息() noexcept	按函数名执行对应处理。		ClCompile	线程生命周期消息模块.ixx:965 | 线程生命周期消息模块.ixx:991
present	注册任务状态被动提交函数	注册任务状态被动提交函数	自我动作实现.内部模块.ixx:130	2	inline void 注册任务状态被动提交函数(任务状态被动提交函数 函数) noexcept	提交事实、动态、任务状态或运行回执。		ClCompile	自我动作实现.内部模块.ixx:130 | 自我动作实现模块.ixx:5770
present	注册内部本能函数执行闭环	注册内部本能函数执行闭环	自我动作实现.内部模块.ixx:144	2	inline bool 注册内部本能函数执行闭环(const 内部本能函数集& 函数集) noexcept	注册方法、模板、对象或运行入口。		ClCompile	自我动作实现.内部模块.ixx:144 | 自我动作实现模块.ixx:5769
present	外设观察存在最高同一性评分	外设观察存在最高同一性评分	自我动作实现.外设模块.ixx:10001	2	inline I64 外设观察存在最高同一性评分( const 结构_外设观察存在确认方案& 方案) noexcept	按函数名执行对应处理。		ClCompile	自我动作实现.外设模块.ixx:10001 | 自我动作实现.外设模块.ixx:21550
present	外设观察存在聚合同一性状态	外设观察存在聚合同一性状态	自我动作实现.外设模块.ixx:10012	2	inline I64 外设观察存在聚合同一性状态( const 结构_外设观察存在确认方案& 方案) noexcept	按函数名执行对应处理。		ClCompile	自我动作实现.外设模块.ixx:10012 | 自我动作实现.外设模块.ixx:21548
present	外设观察存在聚合归属状态	外设观察存在聚合归属状态	自我动作实现.外设模块.ixx:10035	2	inline I64 外设观察存在聚合归属状态( const 结构_外设观察存在确认方案& 方案) noexcept	按函数名执行对应处理。		ClCompile	自我动作实现.外设模块.ixx:10035 | 自我动作实现.外设模块.ixx:21549
present	特征_方法运行结果	特征_方法运行结果	自我动作实现.外设模块.ixx:1008	2	inline const 语素入口节点类* 特征_方法运行结果() noexcept	执行对应模块、线程或方法的运行逻辑。		ClCompile	自我动作实现.外设模块.ixx:1008 | 自我动作实现模块.ixx:508
present	空间候选最大范围跨度	空间候选最大范围跨度	自我动作实现.外设模块.ixx:10098	2	inline I64 空间候选最大范围跨度(const 双目相机本能适配器::空间候选摘要& 候选) noexcept	按函数名执行对应处理。		ClCompile	自我动作实现.外设模块.ixx:10098 | 自我动作实现.外设模块.ixx:10164
present	空间候选存在待合并邻居	空间候选存在待合并邻居	自我动作实现.外设模块.ixx:10127	2	inline bool 空间候选存在待合并邻居( const std::vector<双目相机本能适配器::空间候选摘要>& 候选集, std::size_t 索引) noexcept	按函数名执行对应处理。		ClCompile	自我动作实现.外设模块.ixx:10127 | 自我动作实现.外设模块.ixx:10156
present	计算空间候选中心接近评分	计算空间候选中心接近评分	自我动作实现.外设模块.ixx:10212	2	inline I64 计算空间候选中心接近评分( const 双目相机本能适配器::空间候选摘要& 候选, int 宽度, int 高度) noexcept	计算权重、状态、差值或派生结果。		ClCompile	自我动作实现.外设模块.ixx:10212 | 自我动作实现.外设模块.ixx:10290
present	空间候选独立状态惩罚	空间候选独立状态惩罚	自我动作实现.外设模块.ixx:10231	2	inline I64 空间候选独立状态惩罚(I64 状态) noexcept	按函数名执行对应处理。		ClCompile	自我动作实现.外设模块.ixx:10231 | 自我动作实现.外设模块.ixx:10300
present	特征_当前方法执行情况	特征_当前方法执行情况	自我动作实现.外设模块.ixx:1029	2	inline const 语素入口节点类* 特征_当前方法执行情况() noexcept	执行任务、方法或动作的主体逻辑。		ClCompile	自我动作实现.外设模块.ixx:1029 | 自我动作实现模块.ixx:529
present	查找空间候选摘要	查找空间候选摘要	自我动作实现.外设模块.ixx:10327	2	inline const 双目相机本能适配器::空间候选摘要* 查找空间候选摘要( const std::vector<双目相机本能适配器::空间候选摘要>& 候选集, I64 候选编号) noexcept	按条件查找目标对象、方法或事实。		ClCompile	自我动作实现.外设模块.ixx:10327 | 自我动作实现.外设模块.ixx:10457
present	计算轮廓支持评分	计算轮廓支持评分	自我动作实现.外设模块.ixx:10349	2	inline I64 计算轮廓支持评分(const 双目相机本能适配器::空间候选摘要& 候选) noexcept	计算权重、状态、差值或派生结果。		ClCompile	自我动作实现.外设模块.ixx:10349 | 自我动作实现.外设模块.ixx:10483
present	合并相邻待合并空间候选	合并相邻待合并空间候选	自我动作实现.外设模块.ixx:10375	2	inline 双目相机本能适配器::空间候选摘要 合并相邻待合并空间候选( const std::vector<双目相机本能适配器::空间候选摘要>& 候选集, const 双目相机本能适配器::空间候选摘要& 基准, bool& 已合并) noexcept	按函数名执行对应处理。		ClCompile	自我动作实现.外设模块.ixx:10375 | 自我动作实现.外设模块.ixx:10465
present	特征_候选方法头节点	特征_候选方法头节点	自我动作实现.外设模块.ixx:1043	2	inline const 语素入口节点类* 特征_候选方法头节点() noexcept	按函数名执行对应处理。		ClCompile	自我动作实现.外设模块.ixx:1043 | 自我动作实现模块.ixx:543
present	观察存在空间证据通过	观察存在空间证据通过	自我动作实现.外设模块.ixx:10540	2	inline bool 观察存在空间证据通过( const 结构_观察存在假设结果& 假设) noexcept	按函数名执行对应处理。		ClCompile	自我动作实现.外设模块.ixx:10540 | 自我动作实现.外设模块.ixx:10568
present	观察存在归属证据通过	观察存在归属证据通过	自我动作实现.外设模块.ixx:10549	2	inline bool 观察存在归属证据通过( const 结构_像素归属验证结果& 验证) noexcept	按函数名执行对应处理。		ClCompile	自我动作实现.外设模块.ixx:10549 | 自我动作实现.外设模块.ixx:10569
present	统计已验证观察存在数量	统计已验证观察存在数量	自我动作实现.外设模块.ixx:10573	2	inline I64 统计已验证观察存在数量( const 结构_双目相机调用结果& 结果, const 结构_空间候选观察队列结果& 队列) noexcept	按函数名执行对应处理。		ClCompile	自我动作实现.外设模块.ixx:10573 | 自我动作实现.外设模块.ixx:11416
present	生成已验证观察存在项集合	生成已验证观察存在项集合	自我动作实现.外设模块.ixx:10595	2	inline std::vector<结构_已验证观察存在项> 生成已验证观察存在项集合( const 结构_双目相机调用结果& 结果, const 结构_空间候选观察队列结果& 队列, const 结构_观察存在假设结果& 主假设, const 结构_像素归属验证结果& 主验证) noexcept	根据当前输入生成目标数据、场景、动态或回执。		ClCompile	自我动作实现.外设模块.ixx:10595 | 自我动作实现.外设模块.ixx:11371
present	读取已确认观察存在投影ROI	读取已确认观察存在投影ROI	自我动作实现.外设模块.ixx:10698	2	inline bool 读取已确认观察存在投影ROI( 存在节点类* 已知存在, I64 帧宽度, I64 帧高度, I64 扩张像素, I64& 最小X, I64& 最大X, I64& 最小Y, I64& 最大Y) noexcept	从指定来源读取数据或状态。		ClCompile	自我动作实现.外设模块.ixx:10698 | 自我动作实现.外设模块.ixx:11038
present	分区簇与预测ROI匹配分数	分区簇与预测ROI匹配分数	自我动作实现.外设模块.ixx:10750	2	inline I64 分区簇与预测ROI匹配分数( const 结构_外设观察像素簇摘要& 簇, I64 最小X, I64 最大X, I64 最小Y, I64 最大Y, I64 已知Z) noexcept	按函数名执行对应处理。		ClCompile	自我动作实现.外设模块.ixx:10750 | 自我动作实现.外设模块.ixx:11060
present	指定存在跟踪预测区间有效	指定存在跟踪预测区间有效	自我动作实现.外设模块.ixx:10783	2	inline bool 指定存在跟踪预测区间有效(const 结构_指定存在跟踪正式结果& 结果) noexcept	执行跟踪相关定位、匹配或结果输出逻辑。		ClCompile	自我动作实现.外设模块.ixx:10783 | 自我动作实现.外设模块.ixx:10806
present	计算指定存在跟踪正式结果	计算指定存在跟踪正式结果	自我动作实现.外设模块.ixx:10790	2	inline 结构_指定存在跟踪正式结果 计算指定存在跟踪正式结果(存在节点类* 目标存在) noexcept	计算权重、状态、差值或派生结果。		ClCompile	自我动作实现.外设模块.ixx:10790 | 自我动作实现.外设模块.ixx:21862
present	特征_当前值	特征_当前值	自我动作实现.外设模块.ixx:1085	2	inline const 语素入口节点类* 特征_当前值() noexcept	按函数名执行对应处理。		ClCompile	自我动作实现.外设模块.ixx:1085 | 自我动作实现模块.ixx:585
present	计算当前帧分区项区域归属状态	计算当前帧分区项区域归属状态	自我动作实现.外设模块.ixx:10858	2	inline I64 计算当前帧分区项区域归属状态(const 结构_当前帧轮廓分区项& 项) noexcept	计算权重、状态、差值或派生结果。		ClCompile	自我动作实现.外设模块.ixx:10858 | 自我动作实现.外设模块.ixx:24974
present	计算当前帧分区结果区域归属状态	计算当前帧分区结果区域归属状态	自我动作实现.外设模块.ixx:10894	2	inline I64 计算当前帧分区结果区域归属状态(const 结构_当前帧轮廓分区结果& 分区) noexcept	计算权重、状态、差值或派生结果。		ClCompile	自我动作实现.外设模块.ixx:10894 | 自我动作实现.外设模块.ixx:24934
present	计算当前帧分区结果区域归属原因掩码	计算当前帧分区结果区域归属原因掩码	自我动作实现.外设模块.ixx:10925	2	inline I64 计算当前帧分区结果区域归属原因掩码( const 结构_当前帧轮廓分区结果& 分区, bool 有报告, bool 有已确认观察存在) noexcept	计算权重、状态、差值或派生结果。		ClCompile	自我动作实现.外设模块.ixx:10925 | 自我动作实现.外设模块.ixx:24935
present	构造当前帧轮廓分区结果	构造当前帧轮廓分区结果	自我动作实现.外设模块.ixx:10957	2	inline 结构_当前帧轮廓分区结果 构造当前帧轮廓分区结果( const 结构_外设观察报告队列项& 报告, const std::vector<存在节点类*>& 已确认观察存在集) noexcept	按函数名执行对应处理。		ClCompile	自我动作实现.外设模块.ixx:10957 | 自我动作实现.外设模块.ixx:24889
present	特征_已绑定实参表	特征_已绑定实参表	自我动作实现.外设模块.ixx:1099	2	inline const 语素入口节点类* 特征_已绑定实参表() noexcept	建立对象、任务、方法或因果之间的绑定关系。		ClCompile	自我动作实现.外设模块.ixx:1099 | 自我动作实现模块.ixx:599
present	外设簇材料可交付观察方法	外设簇材料可交付观察方法	自我动作实现.外设模块.ixx:11174	2	inline bool 外设簇材料可交付观察方法( const 结构_外设观察报告队列项& 报告, const 结构_外设观察像素簇摘要& 簇) noexcept	按函数名执行对应处理。		ClCompile	自我动作实现.外设模块.ixx:11174 | 自我动作实现.外设模块.ixx:11213
present	计算全帧像素归属账本	计算全帧像素归属账本	自我动作实现.外设模块.ixx:11359	2	inline 结构_全帧像素归属账本结果 计算全帧像素归属账本( const 结构_双目相机调用结果& 结果, const 结构_空间候选观察队列结果& 队列, const 结构_观察存在假设结果& 主假设, const 结构_像素归属验证结果& 主验证) noexcept	计算权重、状态、差值或派生结果。		ClCompile	自我动作实现.外设模块.ixx:11359 | 自我动作实现.外设模块.ixx:26745
present	确认观察存在结果	确认观察存在结果	自我动作实现.外设模块.ixx:11393	2	inline 结构_观察存在确认结果 确认观察存在结果( const 结构_双目相机调用结果& 结果, const 结构_观察存在假设结果& 假设, const 结构_像素归属验证结果& 验证, const 结构_空间候选观察队列结果& 队列) noexcept	确认候选事实、存在、状态或运行结果。		ClCompile	自我动作实现.外设模块.ixx:11393 | 自我动作实现.外设模块.ixx:26744
present	双目相机失败原因词	双目相机失败原因词	自我动作实现.外设模块.ixx:11459	2	inline const 语素入口节点类* 双目相机失败原因词( 双目相机本能适配器::失败原因 原因) noexcept	按函数名执行对应处理。		ClCompile	自我动作实现.外设模块.ixx:11459 | 自我动作实现.外设模块.ixx:11486
present	打开双目相机适配器	打开双目相机适配器	自我动作实现.外设模块.ixx:11793	2	inline 结构_双目相机调用结果 打开双目相机适配器() noexcept	适配外部接口、模块协议或调用结果。		ClCompile	自我动作实现.外设模块.ixx:11793 | 自我动作实现.外设模块.ixx:17659
present	释放双目相机适配器	释放双目相机适配器	自我动作实现.外设模块.ixx:11801	2	inline 结构_双目相机调用结果 释放双目相机适配器() noexcept	适配外部接口、模块协议或调用结果。		ClCompile	自我动作实现.外设模块.ixx:11801 | 自我动作实现.外设模块.ixx:17739
present	检查双目相机适配器状态	检查双目相机适配器状态	自我动作实现.外设模块.ixx:11811	2	inline 结构_双目相机调用结果 检查双目相机适配器状态() noexcept	检查状态、条件、缺口或运行约束。		ClCompile	自我动作实现.外设模块.ixx:11811 | 自我动作实现.外设模块.ixx:17810
present	写入空间候选事实	写入空间候选事实	自我动作实现.外设模块.ixx:11843	2	inline void 写入空间候选事实( 基础信息节点类* 宿主, const 双目相机本能适配器::空间候选摘要& 候选, 时间戳 now) noexcept	把处理结果写入指定对象、场景或日志。		ClCompile	自我动作实现.外设模块.ixx:11843 | 自我动作实现.外设模块.ixx:11910
present	写入空间候选逐项账本	写入空间候选逐项账本	自我动作实现.外设模块.ixx:11903	2	inline void 写入空间候选逐项账本( 基础信息节点类* 宿主, const 结构_双目相机调用结果& 结果, 时间戳 now) noexcept	把处理结果写入指定对象、场景或日志。		ClCompile	自我动作实现.外设模块.ixx:11903 | 自我动作实现.外设模块.ixx:12224
present	读取空间候选事实	读取空间候选事实	自我动作实现.外设模块.ixx:11915	2	inline bool 读取空间候选事实( 存在节点类* 候选存在, 双目相机本能适配器::空间候选摘要& 候选) noexcept	从指定来源读取数据或状态。		ClCompile	自我动作实现.外设模块.ixx:11915 | 自我动作实现.外设模块.ixx:11989
present	取或创建观察诊断区域事实	取或创建观察诊断区域事实	自我动作实现.外设模块.ixx:12003	2	inline 存在节点类* 取或创建观察诊断区域事实( 基础信息节点类* 宿主, I64 图层类型, I64 区域编号) noexcept	创建并返回或登记对应对象。		ClCompile	自我动作实现.外设模块.ixx:12003 | 自我动作实现.外设模块.ixx:12032
present	写入观察诊断区域事实	写入观察诊断区域事实	自我动作实现.外设模块.ixx:12027	2	inline void 写入观察诊断区域事实( 基础信息节点类* 宿主, const 双目相机本能适配器::诊断区域摘要& 区域, 时间戳 now) noexcept	把处理结果写入指定对象、场景或日志。		ClCompile	自我动作实现.外设模块.ixx:12027 | 自我动作实现.外设模块.ixx:12055
present	写入观察诊断区域逐项账本	写入观察诊断区域逐项账本	自我动作实现.外设模块.ixx:12048	2	inline void 写入观察诊断区域逐项账本( 基础信息节点类* 宿主, const 结构_双目相机调用结果& 结果, 时间戳 now) noexcept	把处理结果写入指定对象、场景或日志。		ClCompile	自我动作实现.外设模块.ixx:12048 | 自我动作实现.外设模块.ixx:12225
present	读取观察诊断区域事实	读取观察诊断区域事实	自我动作实现.外设模块.ixx:12060	2	inline bool 读取观察诊断区域事实( 存在节点类* 区域存在, 双目相机本能适配器::诊断区域摘要& 区域) noexcept	从指定来源读取数据或状态。		ClCompile	自我动作实现.外设模块.ixx:12060 | 自我动作实现.外设模块.ixx:12095
present	写入自我观察帧质量摘要	写入自我观察帧质量摘要	自我动作实现.外设模块.ixx:12299	2	inline void 写入自我观察帧质量摘要( 基础信息节点类* 宿主, const 结构_双目相机调用结果& 结果, 时间戳 now) noexcept	把处理结果写入指定对象、场景或日志。		ClCompile	自我动作实现.外设模块.ixx:12299 | 自我动作实现.外设模块.ixx:18577
present	计算外设观察存在多帧派生状态	计算外设观察存在多帧派生状态	自我动作实现.外设模块.ixx:12362	2	inline 结构_外设观察存在多帧派生状态 计算外设观察存在多帧派生状态( const 结构_双目相机调用结果& 结果) noexcept	计算权重、状态、差值或派生结果。		ClCompile	自我动作实现.外设模块.ixx:12362 | 自我动作实现.外设模块.ixx:12608
present	构造正式逐簇报告缺口说明	构造正式逐簇报告缺口说明	自我动作实现.外设模块.ixx:12423	2	inline std::string 构造正式逐簇报告缺口说明( I64 报告ID, const std::optional<结构_外设观察报告队列项>& 报告可选, const 结构_观察材料质量判定& 质量判定)	按函数名执行对应处理。		ClCompile	自我动作实现.外设模块.ixx:12423 | 自我动作实现.外设模块.ixx:23428
present	值_来源_输入现实场景包	值_来源_输入现实场景包	自我动作实现.外设模块.ixx:1246	2	inline const 语素入口节点类* 值_来源_输入现实场景包() noexcept	按函数名执行对应处理。		ClCompile	自我动作实现.外设模块.ixx:1246 | 自我动作实现模块.ixx:753
present	值_来源_输入任务参数包	值_来源_输入任务参数包	自我动作实现.外设模块.ixx:1253	2	inline const 语素入口节点类* 值_来源_输入任务参数包() noexcept	按函数名执行对应处理。		ClCompile	自我动作实现.外设模块.ixx:1253 | 自我动作实现模块.ixx:760
present	计算外设逐簇报告候选验证状态	计算外设逐簇报告候选验证状态	自我动作实现.外设模块.ixx:12547	2	inline I64 计算外设逐簇报告候选验证状态( const 结构_外设观察报告队列项& 报告) noexcept	计算权重、状态、差值或派生结果。		ClCompile	自我动作实现.外设模块.ixx:12547 | 自我动作实现.外设模块.ixx:21433
present	写入自我观察帧接口摘要	写入自我观察帧接口摘要	自我动作实现.外设模块.ixx:12629	2	inline void 写入自我观察帧接口摘要( 基础信息节点类* 宿主, const 结构_双目相机调用结果& 结果, 时间戳 now) noexcept	把处理结果写入指定对象、场景或日志。		ClCompile	自我动作实现.外设模块.ixx:12629 | 自我动作实现.外设模块.ixx:18175
present	值_来源_目标现实场景	值_来源_目标现实场景	自我动作实现.外设模块.ixx:1274	2	inline const 语素入口节点类* 值_来源_目标现实场景() noexcept	按函数名执行对应处理。		ClCompile	自我动作实现.外设模块.ixx:1274 | 自我动作实现模块.ixx:781
present	已落账像素观察事实索引	已落账像素观察事实索引	自我动作实现.外设模块.ixx:12994	2	inline bool 已落账像素观察事实索引( 基础信息节点类* 目标宿主, 场景节点类* 输入参数场景, 场景节点类* 输出结果场景) noexcept	按函数名执行对应处理。		ClCompile	自我动作实现.外设模块.ixx:12994 | 自我动作实现.外设模块.ixx:25507
present	写入空间候选观察队列逐项账本	写入空间候选观察队列逐项账本	自我动作实现.外设模块.ixx:13009	2	inline void 写入空间候选观察队列逐项账本( 基础信息节点类* 宿主, const 结构_空间候选观察队列结果& 队列, 时间戳 now) noexcept	把处理结果写入指定对象、场景或日志。		ClCompile	自我动作实现.外设模块.ixx:13009 | 自我动作实现.外设模块.ixx:13253
present	计算场景坐标换算置信度	计算场景坐标换算置信度	自我动作实现.外设模块.ixx:13073	2	inline I64 计算场景坐标换算置信度( const 结构_外设观察存在确认方案项& 项) noexcept	计算权重、状态、差值或派生结果。		ClCompile	自我动作实现.外设模块.ixx:13073 | 自我动作实现.外设模块.ixx:22982
present	读取观察存在来源中心坐标	读取观察存在来源中心坐标	自我动作实现.外设模块.ixx:13083	2	inline bool 读取观察存在来源中心坐标( 存在节点类* 观察存在, I64& x, I64& y, I64& z) noexcept	从指定来源读取数据或状态。		ClCompile	自我动作实现.外设模块.ixx:13083 | 自我动作实现.外设模块.ixx:13131
present	构造存在空间相对坐标表_同源观察	构造存在空间相对坐标表_同源观察	自我动作实现.外设模块.ixx:13100	2	inline std::vector<结构_存在空间相对坐标项> 构造存在空间相对坐标表_同源观察( 存在节点类* 目标存在, I64 目标中心X, I64 目标中心Y, I64 目标中心Z, I64 来源报告ID, const std::vector<存在节点类*>& 当前场景存在集合, I64 置信度) noexcept	按函数名执行对应处理。		ClCompile	自我动作实现.外设模块.ixx:13100 | 自我动作实现.外设模块.ixx:23087
present	写入全帧像素归属账本摘要	写入全帧像素归属账本摘要	自我动作实现.外设模块.ixx:13175	2	inline void 写入全帧像素归属账本摘要( 基础信息节点类* 宿主, const 结构_全帧像素归属账本结果& 账本, 时间戳 now) noexcept	把处理结果写入指定对象、场景或日志。		ClCompile	自我动作实现.外设模块.ixx:13175 | 自我动作实现.外设模块.ixx:13356
present	写入双目相机观察存在确认摘要	写入双目相机观察存在确认摘要	自我动作实现.外设模块.ixx:13337	2	inline void 写入双目相机观察存在确认摘要( 基础信息节点类* 宿主, const 结构_双目相机调用结果& 结果, const 结构_空间候选独立性判断结果& 判断, const 结构_空间候选观察队列结果& 队列, const 结构_观察存在假设结果& 假设, const 结构_像素归属验证结果& 验证, const 结构_观察存在确认结果& 确认, const 结构_全帧像素归属账本结果& 归属账本, 时间戳 now) noexcept	把处理结果写入指定对象、场景或日志。		ClCompile	自我动作实现.外设模块.ixx:13337 | 自我动作实现.外设模块.ixx:26762
present	值_任务回执_运行成功	值_任务回执_运行成功	自我动作实现.外设模块.ixx:1342	2	inline const 语素入口节点类* 值_任务回执_运行成功() noexcept	执行对应模块、线程或方法的运行逻辑。		ClCompile	自我动作实现.外设模块.ixx:1342 | 自我动作实现模块.ixx:849
present	取存在所在场景	取存在所在场景	自我动作实现.外设模块.ixx:13437	2	inline 场景节点类* 取存在所在场景(存在节点类* 节点) noexcept	按函数名执行对应处理。		ClCompile	自我动作实现.外设模块.ixx:13437 | 自我动作实现.外设模块.ixx:14013
present	值_任务回执_运行失败	值_任务回执_运行失败	自我动作实现.外设模块.ixx:1349	2	inline const 语素入口节点类* 值_任务回执_运行失败() noexcept	执行对应模块、线程或方法的运行逻辑。		ClCompile	自我动作实现.外设模块.ixx:1349 | 自我动作实现模块.ixx:856
present	评估当前场景特征值材料门项状态	评估当前场景特征值材料门项状态	自我动作实现.外设模块.ixx:13510	2	inline I64 评估当前场景特征值材料门项状态( I64 可读掩码, I64 缺失掩码, I64 过期掩码, I64 冲突掩码) noexcept	评估状态、风险、质量、权重或完成度。		ClCompile	自我动作实现.外设模块.ixx:13510 | 自我动作实现.外设模块.ixx:13644
present	值_任务回执_等待学习	值_任务回执_等待学习	自我动作实现.外设模块.ixx:1356	2	inline const 语素入口节点类* 值_任务回执_等待学习() noexcept	等待线程、任务、外设或条件变化。		ClCompile	自我动作实现.外设模块.ixx:1356 | 自我动作实现模块.ixx:863
present	值_任务回执_等待补齐	值_任务回执_等待补齐	自我动作实现.外设模块.ixx:1363	2	inline const 语素入口节点类* 值_任务回执_等待补齐() noexcept	等待线程、任务、外设或条件变化。		ClCompile	自我动作实现.外设模块.ixx:1363 | 自我动作实现模块.ixx:870
present	追加安全因果候选条目	追加安全因果候选条目	自我动作实现.外设模块.ixx:13684	2	inline void 追加安全因果候选条目( 结构_安全因果候选构造结果& 结果, 存在节点类* 候选存在, const 语素入口节点类* 特征类型, I64 当前特征值, I64 时间窗口, I64 来源观察报告) noexcept	按函数名执行对应处理。		ClCompile	自我动作实现.外设模块.ixx:13684 | 自我动作实现.外设模块.ixx:13719
present	值_任务回执_不可推进	值_任务回执_不可推进	自我动作实现.外设模块.ixx:1370	2	inline const 语素入口节点类* 值_任务回执_不可推进() noexcept	按函数名执行对应处理。		ClCompile	自我动作实现.外设模块.ixx:1370 | 自我动作实现模块.ixx:877
present	构造安全因果候选条目_由存在特征值	构造安全因果候选条目_由存在特征值	自我动作实现.外设模块.ixx:13736	2	inline 结构_安全因果候选构造结果 构造安全因果候选条目_由存在特征值( const 结构_当前场景特征值材料门结果& 材料门, I64 时间窗口) noexcept	按函数名执行对应处理。		ClCompile	自我动作实现.外设模块.ixx:13736 | 自我动作实现.外设模块.ixx:20913
present	值_任务回执_条件不满足	值_任务回执_条件不满足	自我动作实现.外设模块.ixx:1377	2	inline const 语素入口节点类* 值_任务回执_条件不满足() noexcept	按函数名执行对应处理。		ClCompile	自我动作实现.外设模块.ixx:1377 | 自我动作实现模块.ixx:884
present	写入安全因果候选条目明细	写入安全因果候选条目明细	自我动作实现.外设模块.ixx:13790	2	inline void 写入安全因果候选条目明细( 场景节点类* 场景, const 结构_安全因果候选构造结果& 候选结果, 动态节点类* 来源动态, 时间戳 now, I64& 写入数量) noexcept	把处理结果写入指定对象、场景或日志。		ClCompile	自我动作实现.外设模块.ixx:13790 | 自我动作实现.外设模块.ixx:20953
present	值_任务回执_运行未达成目标	值_任务回执_运行未达成目标	自我动作实现.外设模块.ixx:1384	2	inline const 语素入口节点类* 值_任务回执_运行未达成目标() noexcept	执行对应模块、线程或方法的运行逻辑。		ClCompile	自我动作实现.外设模块.ixx:1384 | 自我动作实现模块.ixx:891
present	值_无筹办缺口	值_无筹办缺口	自我动作实现.外设模块.ixx:1391	2	inline const 语素入口节点类* 值_无筹办缺口() noexcept	推进任务筹办，形成候选、缺口或就绪回执。		ClCompile	自我动作实现.外设模块.ixx:1391 | 自我动作实现模块.ixx:898
present	目标特征当前值类型代码	目标特征当前值类型代码	自我动作实现.外设模块.ixx:13923	2	inline I64 目标特征当前值类型代码(枚举_目标特征当前值类型 类型) noexcept	按函数名执行对应处理。		ClCompile	自我动作实现.外设模块.ixx:13923 | 自我动作实现.外设模块.ixx:21258
present	目标特征当前值类型文本	目标特征当前值类型文本	自我动作实现.外设模块.ixx:13935	2	inline const char* 目标特征当前值类型文本(枚举_目标特征当前值类型 类型) noexcept	按函数名执行对应处理。		ClCompile	自我动作实现.外设模块.ixx:13935 | 自我动作实现.外设模块.ixx:21302
present	读取目标特征当前值约束快照	读取目标特征当前值约束快照	自我动作实现.外设模块.ixx:13948	2	inline 结构_目标特征当前值约束快照 读取目标特征当前值约束快照( 存在节点类* 目标存在, const 语素入口节点类* 目标特征类型, 时间戳 now) noexcept	从指定来源读取数据或状态。		ClCompile	自我动作实现.外设模块.ixx:13948 | 自我动作实现.外设模块.ixx:21120
present	值_筹办缺口_任务信息缺失	值_筹办缺口_任务信息缺失	自我动作实现.外设模块.ixx:1398	2	inline const 语素入口节点类* 值_筹办缺口_任务信息缺失() noexcept	推进任务筹办，形成候选、缺口或就绪回执。		ClCompile	自我动作实现.外设模块.ixx:1398 | 自我动作实现模块.ixx:905
present	值_筹办缺口_需求目标不可解析	值_筹办缺口_需求目标不可解析	自我动作实现.外设模块.ixx:1405	2	inline const 语素入口节点类* 值_筹办缺口_需求目标不可解析() noexcept	解析输入文本、消息、场景或运行包。		ClCompile	自我动作实现.外设模块.ixx:1405 | 自我动作实现模块.ixx:912
present	写入内部世界基础摘要	写入内部世界基础摘要	自我动作实现.外设模块.ixx:14097	2	inline void 写入内部世界基础摘要( const 结构_内部世界上下文& 上下文, 时间戳 now) noexcept	把处理结果写入指定对象、场景或日志。		ClCompile	自我动作实现.外设模块.ixx:14097 | 自我动作实现.外设模块.ixx:25611
present	值_筹办缺口_无确定候选方法	值_筹办缺口_无确定候选方法	自我动作实现.外设模块.ixx:1412	2	inline const 语素入口节点类* 值_筹办缺口_无确定候选方法() noexcept	推进任务筹办，形成候选、缺口或就绪回执。		ClCompile	自我动作实现.外设模块.ixx:1412 | 自我动作实现模块.ixx:919
present	值_筹办缺口_候选方法不可用	值_筹办缺口_候选方法不可用	自我动作实现.外设模块.ixx:1419	2	inline const 语素入口节点类* 值_筹办缺口_候选方法不可用() noexcept	推进任务筹办，形成候选、缺口或就绪回执。		ClCompile	自我动作实现.外设模块.ixx:1419 | 自我动作实现模块.ixx:926
present	取或创建内部世界子存在	取或创建内部世界子存在	自我动作实现.外设模块.ixx:14223	2	inline 存在节点类* 取或创建内部世界子存在(结构_内部世界上下文& 上下文, 时间戳 now) noexcept	创建并返回或登记对应对象。		ClCompile	自我动作实现.外设模块.ixx:14223 | 自我动作实现.外设模块.ixx:25876
present	值_筹办缺口_候选方法缺执行入口	值_筹办缺口_候选方法缺执行入口	自我动作实现.外设模块.ixx:1426	2	inline const 语素入口节点类* 值_筹办缺口_候选方法缺执行入口() noexcept	执行任务、方法或动作的主体逻辑。		ClCompile	自我动作实现.外设模块.ixx:1426 | 自我动作实现模块.ixx:933
present	值_筹办缺口_候选方法条件不满足	值_筹办缺口_候选方法条件不满足	自我动作实现.外设模块.ixx:1433	2	inline const 语素入口节点类* 值_筹办缺口_候选方法条件不满足() noexcept	推进任务筹办，形成候选、缺口或就绪回执。		ClCompile	自我动作实现.外设模块.ixx:1433 | 自我动作实现模块.ixx:940
present	值_筹办缺口_参数配对失败	值_筹办缺口_参数配对失败	自我动作实现.外设模块.ixx:1440	2	inline const 语素入口节点类* 值_筹办缺口_参数配对失败() noexcept	推进任务筹办，形成候选、缺口或就绪回执。		ClCompile	自我动作实现.外设模块.ixx:1440 | 自我动作实现模块.ixx:947
present	解析历史观察存在	解析历史观察存在	自我动作实现.外设模块.ixx:14455	2	inline 存在节点类* 解析历史观察存在( 场景节点类* 输入参数场景, 基础信息节点类* 默认宿主, 场景节点类* 输出结果场景, 存在节点类* 当前存在) noexcept	解析输入文本、消息、场景或运行包。		ClCompile	自我动作实现.外设模块.ixx:14455 | 自我动作实现.外设模块.ixx:26051
present	计算范围坐标重叠率	计算范围坐标重叠率	自我动作实现.外设模块.ixx:14531	2	inline I64 计算范围坐标重叠率( const 结构_观察存在摘要& 当前, const 结构_观察存在摘要& 历史) noexcept	计算权重、状态、差值或派生结果。		ClCompile	自我动作实现.外设模块.ixx:14531 | 自我动作实现.外设模块.ixx:14666
present	值_执行缺口_任务状态不允许执行	值_执行缺口_任务状态不允许执行	自我动作实现.外设模块.ixx:1454	2	inline const 语素入口节点类* 值_执行缺口_任务状态不允许执行() noexcept	执行任务、方法或动作的主体逻辑。		ClCompile	自我动作实现.外设模块.ixx:1454 | 自我动作实现模块.ixx:961
present	计算存在中心坐标差	计算存在中心坐标差	自我动作实现.外设模块.ixx:14542	2	inline I64 计算存在中心坐标差( const 结构_观察存在摘要& 当前, const 结构_观察存在摘要& 历史) noexcept	计算权重、状态、差值或派生结果。		ClCompile	自我动作实现.外设模块.ixx:14542 | 自我动作实现.外设模块.ixx:14665
present	计算存在尺寸差	计算存在尺寸差	自我动作实现.外设模块.ixx:14553	2	inline I64 计算存在尺寸差( const 结构_观察存在摘要& 当前, const 结构_观察存在摘要& 历史) noexcept	计算权重、状态、差值或派生结果。		ClCompile	自我动作实现.外设模块.ixx:14553 | 自我动作实现.外设模块.ixx:14667
present	计算存在轮廓差	计算存在轮廓差	自我动作实现.外设模块.ixx:14564	2	inline I64 计算存在轮廓差( const 结构_观察存在摘要& 当前, const 结构_观察存在摘要& 历史) noexcept	计算权重、状态、差值或派生结果。		ClCompile	自我动作实现.外设模块.ixx:14564 | 自我动作实现.外设模块.ixx:14682
present	计算匹配置信度	计算匹配置信度	自我动作实现.外设模块.ixx:14584	2	inline I64 计算匹配置信度( const 结构_观察存在摘要& 当前, const 结构_观察存在摘要& 历史, I64 中心差, I64 重叠率, I64 尺寸差, I64 轮廓差) noexcept	计算权重、状态、差值或派生结果。		ClCompile	自我动作实现.外设模块.ixx:14584 | 自我动作实现.外设模块.ixx:14683
present	取或创建观察存在匹配关系	取或创建观察存在匹配关系	自我动作实现.外设模块.ixx:14605	2	inline 存在节点类* 取或创建观察存在匹配关系( 基础信息节点类* 宿主, I64 关系键) noexcept	创建并返回或登记对应对象。		ClCompile	自我动作实现.外设模块.ixx:14605 | 自我动作实现.外设模块.ixx:14662
present	值_执行缺口_当前方法缺失	值_执行缺口_当前方法缺失	自我动作实现.外设模块.ixx:1461	2	inline const 语素入口节点类* 值_执行缺口_当前方法缺失() noexcept	执行任务、方法或动作的主体逻辑。		ClCompile	自我动作实现.外设模块.ixx:1461 | 自我动作实现模块.ixx:968
present	取或创建观察存在变化结果	取或创建观察存在变化结果	自我动作实现.外设模块.ixx:14619	2	inline 存在节点类* 取或创建观察存在变化结果( 基础信息节点类* 宿主, I64 关系键) noexcept	创建并返回或登记对应对象。		ClCompile	自我动作实现.外设模块.ixx:14619 | 自我动作实现.外设模块.ixx:14722
present	取或创建观察变化事件	取或创建观察变化事件	自我动作实现.外设模块.ixx:14633	2	inline 存在节点类* 取或创建观察变化事件( 基础信息节点类* 宿主, I64 关系键) noexcept	创建并返回或登记对应对象。		ClCompile	自我动作实现.外设模块.ixx:14633 | 自我动作实现.外设模块.ixx:14797
present	值_执行缺口_当前方法无执行入口	值_执行缺口_当前方法无执行入口	自我动作实现.外设模块.ixx:1475	2	inline const 语素入口节点类* 值_执行缺口_当前方法无执行入口() noexcept	执行任务、方法或动作的主体逻辑。		ClCompile	自我动作实现.外设模块.ixx:1475 | 自我动作实现模块.ixx:982
present	计算观察变化事件	计算观察变化事件	自我动作实现.外设模块.ixx:14789	2	inline void 计算观察变化事件(结构_观察变化上下文& 上下文, 时间戳 now) noexcept	计算权重、状态、差值或派生结果。		ClCompile	自我动作实现.外设模块.ixx:14789 | 自我动作实现.外设模块.ixx:26065
present	写入观察变化方法结果	写入观察变化方法结果	自我动作实现.外设模块.ixx:14851	2	inline void 写入观察变化方法结果( 基础信息节点类* 宿主, bool 成功, const 结构_观察变化上下文& 上下文, 动态节点类* 动态, const 语素入口节点类* 失败原因, 时间戳 now) noexcept	把处理结果写入指定对象、场景或日志。		ClCompile	自我动作实现.外设模块.ixx:14851 | 自我动作实现.外设模块.ixx:26098
present	值_执行缺口_输出结果缺失	值_执行缺口_输出结果缺失	自我动作实现.外设模块.ixx:1496	2	inline const 语素入口节点类* 值_执行缺口_输出结果缺失() noexcept	执行任务、方法或动作的主体逻辑。		ClCompile	自我动作实现.外设模块.ixx:1496 | 自我动作实现模块.ixx:1003
present	场景复现候选范围有效	场景复现候选范围有效	自我动作实现.外设模块.ixx:15008	2	inline bool 场景复现候选范围有效(const 结构_场景复现上下文& 上下文) noexcept	按函数名执行对应处理。		ClCompile	自我动作实现.外设模块.ixx:15008 | 自我动作实现.外设模块.ixx:15296
present	取或创建场景识别快照	取或创建场景识别快照	自我动作实现.外设模块.ixx:15016	2	inline 存在节点类* 取或创建场景识别快照(基础信息节点类* 宿主) noexcept	创建并返回或登记对应对象。		ClCompile	自我动作实现.外设模块.ixx:15016 | 自我动作实现.外设模块.ixx:26221
present	取或创建OpenGL复现数据	取或创建OpenGL复现数据	自我动作实现.外设模块.ixx:15022	2	inline 存在节点类* 取或创建OpenGL复现数据(基础信息节点类* 宿主) noexcept	创建并返回或登记对应对象。		ClCompile	自我动作实现.外设模块.ixx:15022 | 自我动作实现.外设模块.ixx:26230
present	读取场景复现上下文	读取场景复现上下文	自我动作实现.外设模块.ixx:15028	2	inline 结构_场景复现上下文 读取场景复现上下文(基础信息节点类* 宿主) noexcept	从指定来源读取数据或状态。		ClCompile	自我动作实现.外设模块.ixx:15028 | 自我动作实现.外设模块.ixx:26217
present	值_执行缺口_需求未满足	值_执行缺口_需求未满足	自我动作实现.外设模块.ixx:1503	2	inline const 语素入口节点类* 值_执行缺口_需求未满足() noexcept	执行任务、方法或动作的主体逻辑。		ClCompile	自我动作实现.外设模块.ixx:1503 | 自我动作实现模块.ixx:1010
present	值_派生需求_重新筹办任务	值_派生需求_重新筹办任务	自我动作实现.外设模块.ixx:1510	2	inline const 语素入口节点类* 值_派生需求_重新筹办任务() noexcept	推进任务筹办，形成候选、缺口或就绪回执。		ClCompile	自我动作实现.外设模块.ixx:1510 | 自我动作实现模块.ixx:1017
present	值_派生需求_检查当前方法执行入口	值_派生需求_检查当前方法执行入口	自我动作实现.外设模块.ixx:1517	2	inline const 语素入口节点类* 值_派生需求_检查当前方法执行入口() noexcept	检查状态、条件、缺口或运行约束。		ClCompile	自我动作实现.外设模块.ixx:1517 | 自我动作实现模块.ixx:1024
present	值_方法运行结果_筹办成功	值_方法运行结果_筹办成功	自我动作实现.外设模块.ixx:1524	2	inline const 语素入口节点类* 值_方法运行结果_筹办成功() noexcept	执行对应模块、线程或方法的运行逻辑。		ClCompile	自我动作实现.外设模块.ixx:1524 | 自我动作实现模块.ixx:1031
present	写入OpenGL复现数据摘要	写入OpenGL复现数据摘要	自我动作实现.外设模块.ixx:15290	2	inline void 写入OpenGL复现数据摘要( 基础信息节点类* 节点, const 结构_场景复现上下文& 上下文, 时间戳 now) noexcept	把处理结果写入指定对象、场景或日志。		ClCompile	自我动作实现.外设模块.ixx:15290 | 自我动作实现.外设模块.ixx:26231
present	值_方法运行结果_筹办未完成	值_方法运行结果_筹办未完成	自我动作实现.外设模块.ixx:1531	2	inline const 语素入口节点类* 值_方法运行结果_筹办未完成() noexcept	执行对应模块、线程或方法的运行逻辑。		ClCompile	自我动作实现.外设模块.ixx:1531 | 自我动作实现模块.ixx:1038
present	写入场景复现方法结果	写入场景复现方法结果	自我动作实现.外设模块.ixx:15317	2	inline void 写入场景复现方法结果( 基础信息节点类* 宿主, bool 成功, const 结构_场景复现上下文& 上下文, 动态节点类* 动态, const 语素入口节点类* 失败原因, 时间戳 now) noexcept	把处理结果写入指定对象、场景或日志。		ClCompile	自我动作实现.外设模块.ixx:15317 | 自我动作实现.外设模块.ixx:26262
present	值_方法运行结果_筹办失败	值_方法运行结果_筹办失败	自我动作实现.外设模块.ixx:1538	2	inline const 语素入口节点类* 值_方法运行结果_筹办失败() noexcept	执行对应模块、线程或方法的运行逻辑。		ClCompile	自我动作实现.外设模块.ixx:1538 | 自我动作实现模块.ixx:1045
present	特征_执行前值	特征_执行前值	自我动作实现.外设模块.ixx:1601	2	inline const 语素入口节点类* 特征_执行前值() noexcept	执行任务、方法或动作的主体逻辑。		ClCompile	自我动作实现.外设模块.ixx:1601 | 自我动作实现模块.ixx:1108
present	特征_执行后值	特征_执行后值	自我动作实现.外设模块.ixx:1608	2	inline const 语素入口节点类* 特征_执行后值() noexcept	执行任务、方法或动作的主体逻辑。		ClCompile	自我动作实现.外设模块.ixx:1608 | 自我动作实现模块.ixx:1115
present	特征_改变量	特征_改变量	自我动作实现.外设模块.ixx:1642	2	inline const 语素入口节点类* 特征_改变量() noexcept	按函数名执行对应处理。		ClCompile	自我动作实现.外设模块.ixx:1642 | 自我动作实现模块.ixx:1149
present	特征_服务值	特征_服务值	自我动作实现.外设模块.ixx:1649	2	inline const 语素入口节点类* 特征_服务值() noexcept	按函数名执行对应处理。		ClCompile	自我动作实现.外设模块.ixx:1649 | 自我动作实现模块.ixx:1156
present	特征_待处理方法数量	特征_待处理方法数量	自我动作实现.外设模块.ixx:1655	2	inline const 语素入口节点类* 特征_待处理方法数量() noexcept	按函数名执行对应处理。		ClCompile	自我动作实现.外设模块.ixx:1655 | 自我动作实现模块.ixx:1162
present	特征_可用方法数量	特征_可用方法数量	自我动作实现.外设模块.ixx:1662	2	inline const 语素入口节点类* 特征_可用方法数量() noexcept	按函数名执行对应处理。		ClCompile	自我动作实现.外设模块.ixx:1662 | 自我动作实现模块.ixx:1169
present	特征_需求条件包	特征_需求条件包	自我动作实现.外设模块.ixx:1669	2	inline const 语素入口节点类* 特征_需求条件包() noexcept	按函数名执行对应处理。		ClCompile	自我动作实现.外设模块.ixx:1669 | 自我动作实现模块.ixx:1176
present	特征_查找限制包	特征_查找限制包	自我动作实现.外设模块.ixx:1676	2	inline const 语素入口节点类* 特征_查找限制包() noexcept	按条件查找目标对象、方法或事实。		ClCompile	自我动作实现.外设模块.ixx:1676 | 自我动作实现模块.ixx:1183
present	特征_方法搜索根	特征_方法搜索根	自我动作实现.外设模块.ixx:1690	2	inline const 语素入口节点类* 特征_方法搜索根() noexcept	在候选范围内搜索目标对象或路径。		ClCompile	自我动作实现.外设模块.ixx:1690 | 自我动作实现模块.ixx:1197
present	名称_双目相机外设	名称_双目相机外设	自我动作实现.外设模块.ixx:17445	2	inline const 语素入口节点类* 名称_双目相机外设() noexcept	按函数名执行对应处理。		ClCompile	自我动作实现.外设模块.ixx:17445 | 自我动作实现.外设模块.ixx:17483
present	类型_外设存在	类型_外设存在	自我动作实现.外设模块.ixx:17452	2	inline const 语素入口节点类* 类型_外设存在() noexcept	按函数名执行对应处理。		ClCompile	自我动作实现.外设模块.ixx:17452 | 自我动作实现.外设模块.ixx:17484
present	取或创建双目相机外设存在	取或创建双目相机外设存在	自我动作实现.外设模块.ixx:17474	2	inline 存在节点类* 取或创建双目相机外设存在(场景节点类* 场景) noexcept	创建并返回或登记对应对象。		ClCompile	自我动作实现.外设模块.ixx:17474 | 自我动作实现.外设模块.ixx:17504
present	写入输出结果I64状态	写入输出结果I64状态	自我动作实现.外设模块.ixx:17584	2	inline 状态节点类* 写入输出结果I64状态( 场景节点类* 结果场景, 基础信息节点类* 目标宿主, const 语素入口节点类* 特征类型, I64 值, 时间戳 now) noexcept	把处理结果写入指定对象、场景或日志。		ClCompile	自我动作实现.外设模块.ixx:17584 | 自我动作实现.外设模块.ixx:19047
present	特征_最高允许目标特征类型	特征_最高允许目标特征类型	自我动作实现.外设模块.ixx:1760	2	inline const 语素入口节点类* 特征_最高允许目标特征类型() noexcept	按函数名执行对应处理。		ClCompile	自我动作实现.外设模块.ixx:1760 | 自我动作实现模块.ixx:1267
present	特征_最高允许宿主类型	特征_最高允许宿主类型	自我动作实现.外设模块.ixx:1767	2	inline const 语素入口节点类* 特征_最高允许宿主类型() noexcept	按函数名执行对应处理。		ClCompile	自我动作实现.外设模块.ixx:1767 | 自我动作实现模块.ixx:1274
present	特征_允许值类型	特征_允许值类型	自我动作实现.外设模块.ixx:1774	2	inline const 语素入口节点类* 特征_允许值类型() noexcept	按函数名执行对应处理。		ClCompile	自我动作实现.外设模块.ixx:1774 | 自我动作实现模块.ixx:1281
present	特征_最大类型抽象层数	特征_最大类型抽象层数	自我动作实现.外设模块.ixx:1788	2	inline const 语素入口节点类* 特征_最大类型抽象层数() noexcept	按函数名执行对应处理。		ClCompile	自我动作实现.外设模块.ixx:1788 | 自我动作实现模块.ixx:1295
present	特征_最大值域抽象层数	特征_最大值域抽象层数	自我动作实现.外设模块.ixx:1795	2	inline const 语素入口节点类* 特征_最大值域抽象层数() noexcept	按函数名执行对应处理。		ClCompile	自我动作实现.外设模块.ixx:1795 | 自我动作实现模块.ixx:1302
present	特征_最大查找递归深度	特征_最大查找递归深度	自我动作实现.外设模块.ixx:1809	2	inline const 语素入口节点类* 特征_最大查找递归深度() noexcept	按条件查找目标对象、方法或事实。		ClCompile	自我动作实现.外设模块.ixx:1809 | 自我动作实现模块.ixx:1316
present	特征_是否包含禁用方法	特征_是否包含禁用方法	自我动作实现.外设模块.ixx:1816	2	inline const 语素入口节点类* 特征_是否包含禁用方法() noexcept	按函数名执行对应处理。		ClCompile	自我动作实现.外设模块.ixx:1816 | 自我动作实现模块.ixx:1323
present	特征_是否允许当前方法自身	特征_是否允许当前方法自身	自我动作实现.外设模块.ixx:1823	2	inline const 语素入口节点类* 特征_是否允许当前方法自身() noexcept	按函数名执行对应处理。		ClCompile	自我动作实现.外设模块.ixx:1823 | 自我动作实现模块.ixx:1330
present	特征_方法配对结果	特征_方法配对结果	自我动作实现.外设模块.ixx:1830	2	inline const 语素入口节点类* 特征_方法配对结果() noexcept	按函数名执行对应处理。		ClCompile	自我动作实现.外设模块.ixx:1830 | 自我动作实现模块.ixx:1337
present	特征_参数配对结果	特征_参数配对结果	自我动作实现.外设模块.ixx:1837	2	inline const 语素入口节点类* 特征_参数配对结果() noexcept	按函数名执行对应处理。		ClCompile	自我动作实现.外设模块.ixx:1837 | 自我动作实现模块.ixx:1344
present	类型_参数配对结果存在	类型_参数配对结果存在	自我动作实现.外设模块.ixx:1844	2	inline const 语素入口节点类* 类型_参数配对结果存在() noexcept	按函数名执行对应处理。		ClCompile	自我动作实现.外设模块.ixx:1844 | 自我动作实现模块.ixx:1351
present	特征_参数配对情况	特征_参数配对情况	自我动作实现.外设模块.ixx:1851	2	inline const 语素入口节点类* 特征_参数配对情况() noexcept	按函数名执行对应处理。		ClCompile	自我动作实现.外设模块.ixx:1851 | 自我动作实现模块.ixx:1358
present	类型_方法配对结果存在	类型_方法配对结果存在	自我动作实现.外设模块.ixx:1879	2	inline const 语素入口节点类* 类型_方法配对结果存在() noexcept	按函数名执行对应处理。		ClCompile	自我动作实现.外设模块.ixx:1879 | 自我动作实现模块.ixx:1386
present	特征_来源需求条件包	特征_来源需求条件包	自我动作实现.外设模块.ixx:1893	2	inline const 语素入口节点类* 特征_来源需求条件包() noexcept	按函数名执行对应处理。		ClCompile	自我动作实现.外设模块.ixx:1893 | 自我动作实现模块.ixx:1400
present	特征_使用限制包	特征_使用限制包	自我动作实现.外设模块.ixx:1900	2	inline const 语素入口节点类* 特征_使用限制包() noexcept	按函数名执行对应处理。		ClCompile	自我动作实现.外设模块.ixx:1900 | 自我动作实现模块.ixx:1407
present	特征_缓存方法虚拟存在	特征_缓存方法虚拟存在	自我动作实现.外设模块.ixx:1928	2	inline const 语素入口节点类* 特征_缓存方法虚拟存在() noexcept	按函数名执行对应处理。		ClCompile	自我动作实现.外设模块.ixx:1928 | 自我动作实现模块.ixx:1435
present	特征_选中方法虚拟存在	特征_选中方法虚拟存在	自我动作实现.外设模块.ixx:1935	2	inline const 语素入口节点类* 特征_选中方法虚拟存在() noexcept	按函数名执行对应处理。		ClCompile	自我动作实现.外设模块.ixx:1935 | 自我动作实现模块.ixx:1442
present	特征_匹配方法能力包	特征_匹配方法能力包	自我动作实现.外设模块.ixx:1942	2	inline const 语素入口节点类* 特征_匹配方法能力包() noexcept	按函数名执行对应处理。		ClCompile	自我动作实现.外设模块.ixx:1942 | 自我动作实现模块.ixx:1449
present	特征_原始需求绑定包	特征_原始需求绑定包	自我动作实现.外设模块.ixx:1949	2	inline const 语素入口节点类* 特征_原始需求绑定包() noexcept	建立对象、任务、方法或因果之间的绑定关系。		ClCompile	自我动作实现.外设模块.ixx:1949 | 自我动作实现模块.ixx:1456
present	特征_匹配路径记录	特征_匹配路径记录	自我动作实现.外设模块.ixx:1956	2	inline const 语素入口节点类* 特征_匹配路径记录() noexcept	记录日志、动态、证据或运行痕迹。		ClCompile	自我动作实现.外设模块.ixx:1956 | 自我动作实现模块.ixx:1463
present	特征_类型抽象距离	特征_类型抽象距离	自我动作实现.外设模块.ixx:1963	2	inline const 语素入口节点类* 特征_类型抽象距离() noexcept	按函数名执行对应处理。		ClCompile	自我动作实现.外设模块.ixx:1963 | 自我动作实现模块.ixx:1470
present	特征_值域抽象距离	特征_值域抽象距离	自我动作实现.外设模块.ixx:1970	2	inline const 语素入口节点类* 特征_值域抽象距离() noexcept	按函数名执行对应处理。		ClCompile	自我动作实现.外设模块.ixx:1970 | 自我动作实现模块.ixx:1477
present	特征_总匹配距离	特征_总匹配距离	自我动作实现.外设模块.ixx:1977	2	inline const 语素入口节点类* 特征_总匹配距离() noexcept	按函数名执行对应处理。		ClCompile	自我动作实现.外设模块.ixx:1977 | 自我动作实现模块.ixx:1484
present	特征_待配对形参表	特征_待配对形参表	自我动作实现.外设模块.ixx:1984	2	inline const 语素入口节点类* 特征_待配对形参表() noexcept	按函数名执行对应处理。		ClCompile	自我动作实现.外设模块.ixx:1984 | 自我动作实现模块.ixx:1491
present	特征_候选扫描数量	特征_候选扫描数量	自我动作实现.外设模块.ixx:1991	2	inline const 语素入口节点类* 特征_候选扫描数量() noexcept	执行扫描相关材料获取、比较或提交逻辑。		ClCompile	自我动作实现.外设模块.ixx:1991 | 自我动作实现模块.ixx:1498
present	特征_成功匹配数量	特征_成功匹配数量	自我动作实现.外设模块.ixx:1998	2	inline const 语素入口节点类* 特征_成功匹配数量() noexcept	按函数名执行对应处理。		ClCompile	自我动作实现.外设模块.ixx:1998 | 自我动作实现模块.ixx:1505
present	特征_使用默认方法搜索根	特征_使用默认方法搜索根	自我动作实现.外设模块.ixx:2012	2	inline const 语素入口节点类* 特征_使用默认方法搜索根() noexcept	在候选范围内搜索目标对象或路径。		ClCompile	自我动作实现.外设模块.ixx:2012 | 自我动作实现模块.ixx:1519
present	值_输入绑定失败	值_输入绑定失败	自我动作实现.外设模块.ixx:2019	2	inline const 语素入口节点类* 值_输入绑定失败() noexcept	建立对象、任务、方法或因果之间的绑定关系。		ClCompile	自我动作实现.外设模块.ixx:2019 | 自我动作实现模块.ixx:1526
present	值_超出限制	值_超出限制	自我动作实现.外设模块.ixx:2026	2	inline const 语素入口节点类* 值_超出限制() noexcept	按函数名执行对应处理。		ClCompile	自我动作实现.外设模块.ixx:2026 | 自我动作实现模块.ixx:1533
present	值_没有匹配方法	值_没有匹配方法	自我动作实现.外设模块.ixx:2033	2	inline const 语素入口节点类* 值_没有匹配方法() noexcept	按函数名执行对应处理。		ClCompile	自我动作实现.外设模块.ixx:2033 | 自我动作实现模块.ixx:1540
present	值_不修改现实场景特征值	值_不修改现实场景特征值	自我动作实现.外设模块.ixx:2096	2	inline const 语素入口节点类* 值_不修改现实场景特征值() noexcept	按函数名执行对应处理。		ClCompile	自我动作实现.外设模块.ixx:2096 | 自我动作实现模块.ixx:1603
present	值_不执行被查找到的方法	值_不执行被查找到的方法	自我动作实现.外设模块.ixx:2103	2	inline const 语素入口节点类* 值_不执行被查找到的方法() noexcept	按条件查找目标对象、方法或事实。		ClCompile	自我动作实现.外设模块.ixx:2103 | 自我动作实现模块.ixx:1610
present	类型_安全因果候选条目	类型_安全因果候选条目	自我动作实现.外设模块.ixx:2222	2	inline const 语素入口节点类* 类型_安全因果候选条目() noexcept	按函数名执行对应处理。		ClCompile	自我动作实现.外设模块.ixx:2222 | 自我动作实现.外设模块.ixx:13804
present	类型_自我边界参照	类型_自我边界参照	自我动作实现.外设模块.ixx:2229	2	inline const 语素入口节点类* 类型_自我边界参照() noexcept	按函数名执行对应处理。		ClCompile	自我动作实现.外设模块.ixx:2229 | 自我动作实现.外设模块.ixx:20498
present	名称_存在内部世界	名称_存在内部世界	自我动作实现.外设模块.ixx:2236	2	inline const 语素入口节点类* 名称_存在内部世界() noexcept	按函数名执行对应处理。		ClCompile	自我动作实现.外设模块.ixx:2236 | 自我动作实现.外设模块.ixx:14015
present	类型_观察存在匹配关系	类型_观察存在匹配关系	自我动作实现.外设模块.ixx:2278	2	inline const 语素入口节点类* 类型_观察存在匹配关系() noexcept	按函数名执行对应处理。		ClCompile	自我动作实现.外设模块.ixx:2278 | 自我动作实现.外设模块.ixx:14612
present	类型_观察存在变化结果	类型_观察存在变化结果	自我动作实现.外设模块.ixx:2285	2	inline const 语素入口节点类* 类型_观察存在变化结果() noexcept	按函数名执行对应处理。		ClCompile	自我动作实现.外设模块.ixx:2285 | 自我动作实现.外设模块.ixx:14626
present	类型_当前观察范围可观测单位存在对应事实	类型_当前观察范围可观测单位存在对应事实	自我动作实现.外设模块.ixx:2292	2	inline const 语素入口节点类* 类型_当前观察范围可观测单位存在对应事实() noexcept	按函数名执行对应处理。		ClCompile	自我动作实现.外设模块.ixx:2292 | 自我动作实现.外设模块.ixx:23311
present	类型_可观测单位到存在映射表	类型_可观测单位到存在映射表	自我动作实现.外设模块.ixx:2299	2	inline const 语素入口节点类* 类型_可观测单位到存在映射表() noexcept	按函数名执行对应处理。		ClCompile	自我动作实现.外设模块.ixx:2299 | 自我动作实现.外设模块.ixx:23325
present	类型_可观测单位到存在映射项	类型_可观测单位到存在映射项	自我动作实现.外设模块.ixx:2306	2	inline const 语素入口节点类* 类型_可观测单位到存在映射项() noexcept	按函数名执行对应处理。		ClCompile	自我动作实现.外设模块.ixx:2306 | 自我动作实现.外设模块.ixx:23821
present	类型_观察存在发现事实	类型_观察存在发现事实	自我动作实现.外设模块.ixx:2313	2	inline const 语素入口节点类* 类型_观察存在发现事实() noexcept	按函数名执行对应处理。		ClCompile	自我动作实现.外设模块.ixx:2313 | 自我动作实现.外设模块.ixx:24342
present	类型_观察变化事件	类型_观察变化事件	自我动作实现.外设模块.ixx:2320	2	inline const 语素入口节点类* 类型_观察变化事件() noexcept	按函数名执行对应处理。		ClCompile	自我动作实现.外设模块.ixx:2320 | 自我动作实现.外设模块.ixx:14640
present	类型_当前帧轮廓分区项	类型_当前帧轮廓分区项	自我动作实现.外设模块.ixx:2327	2	inline const 语素入口节点类* 类型_当前帧轮廓分区项() noexcept	按函数名执行对应处理。		ClCompile	自我动作实现.外设模块.ixx:2327 | 自我动作实现.外设模块.ixx:24945
present	取或创建当前观察范围对应事实	取或创建当前观察范围对应事实	自我动作实现.外设模块.ixx:23304	2	inline 存在节点类* 取或创建当前观察范围对应事实( 基础信息节点类* 宿主, I64 报告ID) noexcept	创建并返回或登记对应对象。		ClCompile	自我动作实现.外设模块.ixx:23304 | 自我动作实现.外设模块.ixx:23738
present	取或创建可观测单位映射表	取或创建可观测单位映射表	自我动作实现.外设模块.ixx:23318	2	inline 存在节点类* 取或创建可观测单位映射表( 基础信息节点类* 宿主, I64 报告ID) noexcept	创建并返回或登记对应对象。		ClCompile	自我动作实现.外设模块.ixx:23318 | 自我动作实现.外设模块.ixx:23744
present	类型_当前场景特征值可读材料门项	类型_当前场景特征值可读材料门项	自我动作实现.外设模块.ixx:2334	2	inline const 语素入口节点类* 类型_当前场景特征值可读材料门项() noexcept	按函数名执行对应处理。		ClCompile	自我动作实现.外设模块.ixx:2334 | 自我动作实现.外设模块.ixx:13865
present	类型_场景识别快照	类型_场景识别快照	自我动作实现.外设模块.ixx:2341	2	inline const 语素入口节点类* 类型_场景识别快照() noexcept	执行识别相关匹配、确认或结果输出逻辑。		ClCompile	自我动作实现.外设模块.ixx:2341 | 自我动作实现.外设模块.ixx:15018
present	类型_OpenGL复现数据	类型_OpenGL复现数据	自我动作实现.外设模块.ixx:2348	2	inline const 语素入口节点类* 类型_OpenGL复现数据() noexcept	按函数名执行对应处理。		ClCompile	自我动作实现.外设模块.ixx:2348 | 自我动作实现.外设模块.ixx:15024
present	读取像素坐标参数	读取像素坐标参数	自我动作实现.外设模块.ixx:25459	2	inline bool 读取像素坐标参数( 场景节点类* 输入参数场景, I64& 像素X, I64& 像素Y) noexcept	从指定来源读取数据或状态。		ClCompile	自我动作实现.外设模块.ixx:25459 | 自我动作实现.外设模块.ixx:25502
present	特征_内部世界场景类型	特征_内部世界场景类型	自我动作实现.外设模块.ixx:3398	2	inline const 语素入口节点类* 特征_内部世界场景类型() noexcept	按函数名执行对应处理。		ClCompile	自我动作实现.外设模块.ixx:3398 | 自我动作实现.外设模块.ixx:14108
present	特征_父场景	特征_父场景	自我动作实现.外设模块.ixx:3412	2	inline const 语素入口节点类* 特征_父场景() noexcept	按函数名执行对应处理。		ClCompile	自我动作实现.外设模块.ixx:3412 | 自我动作实现.外设模块.ixx:14124
present	特征_外部场景	特征_外部场景	自我动作实现.外设模块.ixx:3454	2	inline const 语素入口节点类* 特征_外部场景() noexcept	按函数名执行对应处理。		ClCompile	自我动作实现.外设模块.ixx:3454 | 自我动作实现.外设模块.ixx:14143
present	特征_内部场景	特征_内部场景	自我动作实现.外设模块.ixx:3461	2	inline const 语素入口节点类* 特征_内部场景() noexcept	按函数名执行对应处理。		ClCompile	自我动作实现.外设模块.ixx:3461 | 自我动作实现.外设模块.ixx:14141
present	特征_局部像素索引状态	特征_局部像素索引状态	自我动作实现.外设模块.ixx:3594	2	inline const 语素入口节点类* 特征_局部像素索引状态() noexcept	按函数名执行对应处理。		ClCompile	自我动作实现.外设模块.ixx:3594 | 自我动作实现.外设模块.ixx:14171
present	特征_不再细分	特征_不再细分	自我动作实现.外设模块.ixx:3643	2	inline const 语素入口节点类* 特征_不再细分() noexcept	按函数名执行对应处理。		ClCompile	自我动作实现.外设模块.ixx:3643 | 自我动作实现.外设模块.ixx:14240
present	特征_可绘制状态	特征_可绘制状态	自我动作实现.外设模块.ixx:3650	2	inline const 语素入口节点类* 特征_可绘制状态() noexcept	按函数名执行对应处理。		ClCompile	自我动作实现.外设模块.ixx:3650 | 自我动作实现.外设模块.ixx:14121
present	计算场景评估安全值候选	计算场景评估安全值候选	自我动作实现.外设模块.ixx:394	2	inline constexpr I64 计算场景评估安全值候选( bool 可生成评估, bool 条件不足, I64 不足原因, bool 存在评估全部明确, I64 场景风险压力平均值) noexcept	评估状态、风险、质量、权重或完成度。		ClCompile	自我动作实现.外设模块.ixx:394 | 自我动作实现.外设模块.ixx:18895
present	特征_观察队列排序位次	特征_观察队列排序位次	自我动作实现.外设模块.ixx:4161	2	inline const 语素入口节点类* 特征_观察队列排序位次() noexcept	按函数名执行对应处理。		ClCompile	自我动作实现.外设模块.ixx:4161 | 自我动作实现.外设模块.ixx:13019
present	特征_空间候选中心接近评分	特征_空间候选中心接近评分	自我动作实现.外设模块.ixx:4175	2	inline const 语素入口节点类* 特征_空间候选中心接近评分() noexcept	按函数名执行对应处理。		ClCompile	自我动作实现.外设模块.ixx:4175 | 自我动作实现.外设模块.ixx:13022
present	特征_空间候选范围大小评分	特征_空间候选范围大小评分	自我动作实现.外设模块.ixx:4182	2	inline const 语素入口节点类* 特征_空间候选范围大小评分() noexcept	按函数名执行对应处理。		ClCompile	自我动作实现.外设模块.ixx:4182 | 自我动作实现.外设模块.ixx:13023
present	特征_空间候选相对独立状态	特征_空间候选相对独立状态	自我动作实现.外设模块.ixx:4189	2	inline const 语素入口节点类* 特征_空间候选相对独立状态() noexcept	按函数名执行对应处理。		ClCompile	自我动作实现.外设模块.ixx:4189 | 自我动作实现.外设模块.ixx:13021
present	评估存在风险安全值	评估存在风险安全值	自我动作实现.外设模块.ixx:442	2	inline 结构_存在风险评估结果 评估存在风险安全值( 存在节点类* 存在, const 结构_安全评估证据视图& 证据) noexcept	评估状态、风险、质量、权重或完成度。		ClCompile	自我动作实现.外设模块.ixx:442 | 自我动作实现.外设模块.ixx:18881
present	特征_已归属存在当前特征_基准特征差异状态	特征_已归属存在当前特征_基准特征差异状态	自我动作实现.外设模块.ixx:4574	2	inline const 语素入口节点类* 特征_已归属存在当前特征_基准特征差异状态() noexcept	按函数名执行对应处理。		ClCompile	自我动作实现.外设模块.ixx:4574 | 自我动作实现.外设模块.ixx:14779
present	特征_已归属存在当前特征_基准特征差异值	特征_已归属存在当前特征_基准特征差异值	自我动作实现.外设模块.ixx:4581	2	inline const 语素入口节点类* 特征_已归属存在当前特征_基准特征差异值() noexcept	按函数名执行对应处理。		ClCompile	自我动作实现.外设模块.ixx:4581 | 自我动作实现.外设模块.ixx:14780
present	特征_已归属存在特征值域冲突动态	特征_已归属存在特征值域冲突动态	自我动作实现.外设模块.ixx:4595	2	inline const 语素入口节点类* 特征_已归属存在特征值域冲突动态() noexcept	按函数名执行对应处理。		ClCompile	自我动作实现.外设模块.ixx:4595 | 自我动作实现.外设模块.ixx:23248
present	平均存在风险压力	平均存在风险压力	自我动作实现.外设模块.ixx:487	2	inline I64 平均存在风险压力( const std::vector<结构_存在风险评估结果>& 存在风险评估集) noexcept	按函数名执行对应处理。		ClCompile	自我动作实现.外设模块.ixx:487 | 自我动作实现.外设模块.ixx:18894
present	特征_来源已确认观察存在	特征_来源已确认观察存在	自我动作实现.外设模块.ixx:5232	2	inline const 语素入口节点类* 特征_来源已确认观察存在() noexcept	确认候选事实、存在、状态或运行结果。		ClCompile	自我动作实现.外设模块.ixx:5232 | 自我动作实现.外设模块.ixx:24951
present	特征_匹配外设观察像素簇ID	特征_匹配外设观察像素簇ID	自我动作实现.外设模块.ixx:5239	2	inline const 语素入口节点类* 特征_匹配外设观察像素簇ID() noexcept	按函数名执行对应处理。		ClCompile	自我动作实现.外设模块.ixx:5239 | 自我动作实现.外设模块.ixx:24957
present	特征_执行前值快照	特征_执行前值快照	自我动作实现.外设模块.ixx:5379	2	inline const 语素入口节点类* 特征_执行前值快照() noexcept	执行任务、方法或动作的主体逻辑。		ClCompile	自我动作实现.外设模块.ixx:5379 | 自我动作实现模块.ixx:1778
present	特征_特征类型配对结果	特征_特征类型配对结果	自我动作实现.外设模块.ixx:5386	2	inline const 语素入口节点类* 特征_特征类型配对结果() noexcept	按函数名执行对应处理。		ClCompile	自我动作实现.外设模块.ixx:5386 | 自我动作实现模块.ixx:1785
present	特征_实例缺失策略	特征_实例缺失策略	自我动作实现.外设模块.ixx:5393	2	inline const 语素入口节点类* 特征_实例缺失策略() noexcept	按函数名执行对应处理。		ClCompile	自我动作实现.外设模块.ixx:5393 | 自我动作实现模块.ixx:1792
present	特征_溢出策略	特征_溢出策略	自我动作实现.外设模块.ixx:5400	2	inline const 语素入口节点类* 特征_溢出策略() noexcept	按函数名执行对应处理。		ClCompile	自我动作实现.外设模块.ixx:5400 | 自我动作实现模块.ixx:1799
present	特征_限制包	特征_限制包	自我动作实现.外设模块.ixx:5407	2	inline const 语素入口节点类* 特征_限制包() noexcept	按函数名执行对应处理。		ClCompile	自我动作实现.外设模块.ixx:5407 | 自我动作实现模块.ixx:1806
present	特征_实际执行差值	特征_实际执行差值	自我动作实现.外设模块.ixx:5421	2	inline const 语素入口节点类* 特征_实际执行差值() noexcept	执行任务、方法或动作的主体逻辑。		ClCompile	自我动作实现.外设模块.ixx:5421 | 自我动作实现模块.ixx:1820
present	特征_差值命中状态	特征_差值命中状态	自我动作实现.外设模块.ixx:5428	2	inline const 语素入口节点类* 特征_差值命中状态() noexcept	按函数名执行对应处理。		ClCompile	自我动作实现.外设模块.ixx:5428 | 自我动作实现模块.ixx:1827
present	特征_是否发生溢出	特征_是否发生溢出	自我动作实现.外设模块.ixx:5435	2	inline const 语素入口节点类* 特征_是否发生溢出() noexcept	按函数名执行对应处理。		ClCompile	自我动作实现.外设模块.ixx:5435 | 自我动作实现模块.ixx:1834
present	特征_当前命中抽象特征	特征_当前命中抽象特征	自我动作实现.外设模块.ixx:5442	2	inline const 语素入口节点类* 特征_当前命中抽象特征() noexcept	按函数名执行对应处理。		ClCompile	自我动作实现.外设模块.ixx:5442 | 自我动作实现模块.ixx:1841
present	方法状态_待方法动作	方法状态_待方法动作	自我动作实现.外设模块.ixx:5709	2	inline constexpr I64 方法状态_待方法动作() noexcept	方法状态必须使用 枚举_方法状态 的连续取值；旧的 10/20/60 阶梯值会破坏需求目标满足判断。		ClCompile	自我动作实现.外设模块.ixx:5709 | 自我动作实现模块.ixx:2129
present	方法状态_有条件节点	方法状态_有条件节点	自我动作实现.外设模块.ixx:5718	2	inline constexpr I64 方法状态_有条件节点() noexcept	按函数名执行对应处理。		ClCompile	自我动作实现.外设模块.ixx:5718 | 自我动作实现模块.ixx:2138
present	方法状态_待运行账	方法状态_待运行账	自我动作实现.外设模块.ixx:5727	2	inline constexpr I64 方法状态_待运行账() noexcept	执行对应模块、线程或方法的运行逻辑。		ClCompile	自我动作实现.外设模块.ixx:5727 | 自我动作实现模块.ixx:2147
present	特征_当前交互者明确状态	特征_当前交互者明确状态	自我动作实现.外设模块.ixx:5750	2	inline const 语素入口节点类* 特征_当前交互者明确状态() noexcept	按函数名执行对应处理。		ClCompile	自我动作实现.外设模块.ixx:5750 | 自我动作实现模块.ixx:2170
present	特征_当前人类服务对象明确状态	特征_当前人类服务对象明确状态	自我动作实现.外设模块.ixx:5757	2	inline const 语素入口节点类* 特征_当前人类服务对象明确状态() noexcept	按函数名执行对应处理。		ClCompile	自我动作实现.外设模块.ixx:5757 | 自我动作实现模块.ixx:2177
present	特征_当前权限者明确状态	特征_当前权限者明确状态	自我动作实现.外设模块.ixx:5764	2	inline const 语素入口节点类* 特征_当前权限者明确状态() noexcept	按函数名执行对应处理。		ClCompile	自我动作实现.外设模块.ixx:5764 | 自我动作实现模块.ixx:2184
present	特征_当前服务目标明确状态	特征_当前服务目标明确状态	自我动作实现.外设模块.ixx:5771	2	inline const 语素入口节点类* 特征_当前服务目标明确状态() noexcept	按函数名执行对应处理。		ClCompile	自我动作实现.外设模块.ixx:5771 | 自我动作实现模块.ixx:2191
present	特征_沟通交流需求明确状态	特征_沟通交流需求明确状态	自我动作实现.外设模块.ixx:5778	2	inline const 语素入口节点类* 特征_沟通交流需求明确状态() noexcept	按函数名执行对应处理。		ClCompile	自我动作实现.外设模块.ixx:5778 | 自我动作实现模块.ixx:2198
present	特征_服务对象反馈信息获取尝试状态	特征_服务对象反馈信息获取尝试状态	自我动作实现.外设模块.ixx:5785	2	inline const 语素入口节点类* 特征_服务对象反馈信息获取尝试状态() noexcept	读取并返回指定对象、状态或运行材料。		ClCompile	自我动作实现.外设模块.ixx:5785 | 自我动作实现模块.ixx:2205
present	特征_自我运行状态明确状态	特征_自我运行状态明确状态	自我动作实现.外设模块.ixx:5792	2	inline const 语素入口节点类* 特征_自我运行状态明确状态() noexcept	执行对应模块、线程或方法的运行逻辑。		ClCompile	自我动作实现.外设模块.ixx:5792 | 自我动作实现模块.ixx:2212
present	特征_自我运行状态正常状态	特征_自我运行状态正常状态	自我动作实现.外设模块.ixx:5799	2	inline const 语素入口节点类* 特征_自我运行状态正常状态() noexcept	执行对应模块、线程或方法的运行逻辑。		ClCompile	自我动作实现.外设模块.ixx:5799 | 自我动作实现模块.ixx:2219
present	特征_资源状态明确状态	特征_资源状态明确状态	自我动作实现.外设模块.ixx:5806	2	inline const 语素入口节点类* 特征_资源状态明确状态() noexcept	按函数名执行对应处理。		ClCompile	自我动作实现.外设模块.ixx:5806 | 自我动作实现模块.ixx:2226
present	特征_资源状态足够状态	特征_资源状态足够状态	自我动作实现.外设模块.ixx:5813	2	inline const 语素入口节点类* 特征_资源状态足够状态() noexcept	按函数名执行对应处理。		ClCompile	自我动作实现.外设模块.ixx:5813 | 自我动作实现模块.ixx:2233
present	特征_权限边界明确状态	特征_权限边界明确状态	自我动作实现.外设模块.ixx:5820	2	inline const 语素入口节点类* 特征_权限边界明确状态() noexcept	按函数名执行对应处理。		ClCompile	自我动作实现.外设模块.ixx:5820 | 自我动作实现模块.ixx:2240
present	特征_风险状态可控状态	特征_风险状态可控状态	自我动作实现.外设模块.ixx:5834	2	inline const 语素入口节点类* 特征_风险状态可控状态() noexcept	按函数名执行对应处理。		ClCompile	自我动作实现.外设模块.ixx:5834 | 自我动作实现模块.ixx:2254
present	特征_当前场景特征值材料缺失存在数量	特征_当前场景特征值材料缺失存在数量	自我动作实现.外设模块.ixx:5911	2	inline const 语素入口节点类* 特征_当前场景特征值材料缺失存在数量() noexcept	按函数名执行对应处理。		ClCompile	自我动作实现.外设模块.ixx:5911 | 自我动作实现.外设模块.ixx:13845
present	特征_当前场景特征值材料过期存在数量	特征_当前场景特征值材料过期存在数量	自我动作实现.外设模块.ixx:5918	2	inline const 语素入口节点类* 特征_当前场景特征值材料过期存在数量() noexcept	按函数名执行对应处理。		ClCompile	自我动作实现.外设模块.ixx:5918 | 自我动作实现.外设模块.ixx:13846
present	特征_当前场景特征值材料冲突存在数量	特征_当前场景特征值材料冲突存在数量	自我动作实现.外设模块.ixx:5925	2	inline const 语素入口节点类* 特征_当前场景特征值材料冲突存在数量() noexcept	按函数名执行对应处理。		ClCompile	自我动作实现.外设模块.ixx:5925 | 自我动作实现.外设模块.ixx:13847
present	特征_来源报告时间戳毫秒	特征_来源报告时间戳毫秒	自我动作实现.外设模块.ixx:5967	2	inline const 语素入口节点类* 特征_来源报告时间戳毫秒() noexcept	按函数名执行对应处理。		ClCompile	自我动作实现.外设模块.ixx:5967 | 自我动作实现.外设模块.ixx:13879
present	特征_存在_场景绝对坐标X	特征_存在_场景绝对坐标X	自我动作实现.外设模块.ixx:5974	2	inline const 语素入口节点类* 特征_存在_场景绝对坐标X() noexcept	按函数名执行对应处理。		ClCompile	自我动作实现.外设模块.ixx:5974 | 自我动作实现.外设模块.ixx:13587
present	特征_存在_场景绝对坐标Y	特征_存在_场景绝对坐标Y	自我动作实现.外设模块.ixx:5981	2	inline const 语素入口节点类* 特征_存在_场景绝对坐标Y() noexcept	按函数名执行对应处理。		ClCompile	自我动作实现.外设模块.ixx:5981 | 自我动作实现.外设模块.ixx:13588
present	特征_存在_场景绝对坐标Z	特征_存在_场景绝对坐标Z	自我动作实现.外设模块.ixx:5988	2	inline const 语素入口节点类* 特征_存在_场景绝对坐标Z() noexcept	按函数名执行对应处理。		ClCompile	自我动作实现.外设模块.ixx:5988 | 自我动作实现.外设模块.ixx:13589
present	自我边界坐标转I64三元	自我边界坐标转I64三元	自我动作实现.外设模块.ixx:6086	2	inline bool 自我边界坐标转I64三元(const Vector3D& 坐标, I64& x, I64& y, I64& z) noexcept	按函数名执行对应处理。		ClCompile	自我动作实现.外设模块.ixx:6086 | 自我动作实现.外设模块.ixx:6110
present	特征_安全因果候选存在	特征_安全因果候选存在	自我动作实现.外设模块.ixx:6260	2	inline const 语素入口节点类* 特征_安全因果候选存在() noexcept	按函数名执行对应处理。		ClCompile	自我动作实现.外设模块.ixx:6260 | 自我动作实现.外设模块.ixx:13811
present	特征_安全因果候选特征类型	特征_安全因果候选特征类型	自我动作实现.外设模块.ixx:6267	2	inline const 语素入口节点类* 特征_安全因果候选特征类型() noexcept	按函数名执行对应处理。		ClCompile	自我动作实现.外设模块.ixx:6267 | 自我动作实现.外设模块.ixx:13812
present	特征_安全因果候选当前特征值读取状态	特征_安全因果候选当前特征值读取状态	自我动作实现.外设模块.ixx:6274	2	inline const 语素入口节点类* 特征_安全因果候选当前特征值读取状态() noexcept	从指定来源读取数据或状态。		ClCompile	自我动作实现.外设模块.ixx:6274 | 自我动作实现.外设模块.ixx:13813
present	特征_安全因果候选当前特征值	特征_安全因果候选当前特征值	自我动作实现.外设模块.ixx:6281	2	inline const 语素入口节点类* 特征_安全因果候选当前特征值() noexcept	按函数名执行对应处理。		ClCompile	自我动作实现.外设模块.ixx:6281 | 自我动作实现.外设模块.ixx:13814
present	特征_安全因果候选前一特征值	特征_安全因果候选前一特征值	自我动作实现.外设模块.ixx:6288	2	inline const 语素入口节点类* 特征_安全因果候选前一特征值() noexcept	按函数名执行对应处理。		ClCompile	自我动作实现.外设模块.ixx:6288 | 自我动作实现.外设模块.ixx:13815
present	特征_安全因果候选前一特征值缺口状态	特征_安全因果候选前一特征值缺口状态	自我动作实现.外设模块.ixx:6295	2	inline const 语素入口节点类* 特征_安全因果候选前一特征值缺口状态() noexcept	按函数名执行对应处理。		ClCompile	自我动作实现.外设模块.ixx:6295 | 自我动作实现.外设模块.ixx:13816
present	特征_安全因果候选变化方向	特征_安全因果候选变化方向	自我动作实现.外设模块.ixx:6302	2	inline const 语素入口节点类* 特征_安全因果候选变化方向() noexcept	按函数名执行对应处理。		ClCompile	自我动作实现.外设模块.ixx:6302 | 自我动作实现.外设模块.ixx:13817
present	特征_安全因果候选时间窗口	特征_安全因果候选时间窗口	自我动作实现.外设模块.ixx:6309	2	inline const 语素入口节点类* 特征_安全因果候选时间窗口() noexcept	按函数名执行对应处理。		ClCompile	自我动作实现.外设模块.ixx:6309 | 自我动作实现.外设模块.ixx:13818
present	特征_安全因果候选来源观察报告	特征_安全因果候选来源观察报告	自我动作实现.外设模块.ixx:6316	2	inline const 语素入口节点类* 特征_安全因果候选来源观察报告() noexcept	按函数名执行对应处理。		ClCompile	自我动作实现.外设模块.ixx:6316 | 自我动作实现.外设模块.ixx:13819
present	特征_安全因果候选相关自我关键特征	特征_安全因果候选相关自我关键特征	自我动作实现.外设模块.ixx:6323	2	inline const 语素入口节点类* 特征_安全因果候选相关自我关键特征() noexcept	按函数名执行对应处理。		ClCompile	自我动作实现.外设模块.ixx:6323 | 自我动作实现.外设模块.ixx:13823
present	特征_安全因果候选归因证据状态	特征_安全因果候选归因证据状态	自我动作实现.外设模块.ixx:6330	2	inline const 语素入口节点类* 特征_安全因果候选归因证据状态() noexcept	按函数名执行对应处理。		ClCompile	自我动作实现.外设模块.ixx:6330 | 自我动作实现.外设模块.ixx:13826
present	特征_安全因果候选负向证据状态	特征_安全因果候选负向证据状态	自我动作实现.外设模块.ixx:6337	2	inline const 语素入口节点类* 特征_安全因果候选负向证据状态() noexcept	按函数名执行对应处理。		ClCompile	自我动作实现.外设模块.ixx:6337 | 自我动作实现.外设模块.ixx:13827
present	特征_安全因果候选置信度	特征_安全因果候选置信度	自我动作实现.外设模块.ixx:6344	2	inline const 语素入口节点类* 特征_安全因果候选置信度() noexcept	按函数名执行对应处理。		ClCompile	自我动作实现.外设模块.ixx:6344 | 自我动作实现.外设模块.ixx:13828
present	类型_安全评估存在结果	类型_安全评估存在结果	自我动作实现.外设模块.ixx:6820	2	inline const 语素入口节点类* 类型_安全评估存在结果() noexcept	评估状态、风险、质量、权重或完成度。		ClCompile	自我动作实现.外设模块.ixx:6820 | 自我动作实现.外设模块.ixx:19077
present	类型_外设观察像素簇验证结果	类型_外设观察像素簇验证结果	自我动作实现.外设模块.ixx:6827	2	inline const 语素入口节点类* 类型_外设观察像素簇验证结果() noexcept	按函数名执行对应处理。		ClCompile	自我动作实现.外设模块.ixx:6827 | 自我动作实现.外设模块.ixx:22438
present	特征_服务前状态场景	特征_服务前状态场景	自我动作实现.外设模块.ixx:6841	2	inline const 语素入口节点类* 特征_服务前状态场景() noexcept	按函数名执行对应处理。		ClCompile	自我动作实现.外设模块.ixx:6841 | 自我动作实现模块.ixx:2261
present	特征_资源压力降低状态	特征_资源压力降低状态	自我动作实现.外设模块.ixx:6855	2	inline const 语素入口节点类* 特征_资源压力降低状态() noexcept	按函数名执行对应处理。		ClCompile	自我动作实现.外设模块.ixx:6855 | 自我动作实现模块.ixx:2275
present	特征_风险传播阻断状态	特征_风险传播阻断状态	自我动作实现.外设模块.ixx:6862	2	inline const 语素入口节点类* 特征_风险传播阻断状态() noexcept	按函数名执行对应处理。		ClCompile	自我动作实现.外设模块.ixx:6862 | 自我动作实现模块.ixx:2282
present	特征_非必要任务暂停状态	特征_非必要任务暂停状态	自我动作实现.外设模块.ixx:6869	2	inline const 语素入口节点类* 特征_非必要任务暂停状态() noexcept	按函数名执行对应处理。		ClCompile	自我动作实现.外设模块.ixx:6869 | 自我动作实现模块.ixx:2289
present	值_目标实例特征缺失	值_目标实例特征缺失	自我动作实现.外设模块.ixx:6876	2	inline const 语素入口节点类* 值_目标实例特征缺失() noexcept	按函数名执行对应处理。		ClCompile	自我动作实现.外设模块.ixx:6876 | 自我动作实现模块.ixx:2296
present	值_执行前值缺失	值_执行前值缺失	自我动作实现.外设模块.ixx:6883	2	inline const 语素入口节点类* 值_执行前值缺失() noexcept	执行任务、方法或动作的主体逻辑。		ClCompile	自我动作实现.外设模块.ixx:6883 | 自我动作实现模块.ixx:2303
present	值_输入快照过期	值_输入快照过期	自我动作实现.外设模块.ixx:6890	2	inline const 语素入口节点类* 值_输入快照过期() noexcept	按函数名执行对应处理。		ClCompile	自我动作实现.外设模块.ixx:6890 | 自我动作实现模块.ixx:2310
present	值_I64溢出	值_I64溢出	自我动作实现.外设模块.ixx:6897	2	inline const 语素入口节点类* 值_I64溢出() noexcept	按函数名执行对应处理。		ClCompile	自我动作实现.外设模块.ixx:6897 | 自我动作实现模块.ixx:2317
present	值_差值计算溢出	值_差值计算溢出	自我动作实现.外设模块.ixx:6904	2	inline const 语素入口节点类* 值_差值计算溢出() noexcept	计算权重、状态、差值或派生结果。		ClCompile	自我动作实现.外设模块.ixx:6904 | 自我动作实现模块.ixx:2324
present	值_缺少执行差值或目标值	值_缺少执行差值或目标值	自我动作实现.外设模块.ixx:6911	2	inline const 语素入口节点类* 值_缺少执行差值或目标值() noexcept	执行任务、方法或动作的主体逻辑。		ClCompile	自我动作实现.外设模块.ixx:6911 | 自我动作实现模块.ixx:2331
present	值_执行差值与目标值冲突	值_执行差值与目标值冲突	自我动作实现.外设模块.ixx:6918	2	inline const 语素入口节点类* 值_执行差值与目标值冲突() noexcept	执行任务、方法或动作的主体逻辑。		ClCompile	自我动作实现.外设模块.ixx:6918 | 自我动作实现模块.ixx:2338
present	值_实际差值未命中约束	值_实际差值未命中约束	自我动作实现.外设模块.ixx:6925	2	inline const 语素入口节点类* 值_实际差值未命中约束() noexcept	按函数名执行对应处理。		ClCompile	自我动作实现.外设模块.ixx:6925 | 自我动作实现模块.ixx:2345
present	特征_条件特征	特征_条件特征	自我动作实现.外设模块.ixx:693	2	inline const 语素入口节点类* 特征_条件特征() noexcept	按函数名执行对应处理。		ClCompile	自我动作实现.外设模块.ixx:693 | 自我动作实现模块.ixx:103
present	值_目标特征写入失败	值_目标特征写入失败	自我动作实现.外设模块.ixx:6932	2	inline const 语素入口节点类* 值_目标特征写入失败() noexcept	把处理结果写入指定对象、场景或日志。		ClCompile	自我动作实现.外设模块.ixx:6932 | 自我动作实现模块.ixx:2352
present	值_差值约束包缺失	值_差值约束包缺失	自我动作实现.外设模块.ixx:6939	2	inline const 语素入口节点类* 值_差值约束包缺失() noexcept	按函数名执行对应处理。		ClCompile	自我动作实现.外设模块.ixx:6939 | 自我动作实现模块.ixx:2359
present	值_方法配对结果缺失	值_方法配对结果缺失	自我动作实现.外设模块.ixx:6946	2	inline const 语素入口节点类* 值_方法配对结果缺失() noexcept	按函数名执行对应处理。		ClCompile	自我动作实现.外设模块.ixx:6946 | 自我动作实现模块.ixx:2366
present	值_因果证据不足	值_因果证据不足	自我动作实现.外设模块.ixx:7037	2	inline const 语素入口节点类* 值_因果证据不足() noexcept	按函数名执行对应处理。		ClCompile	自我动作实现.外设模块.ixx:7037 | 自我动作实现模块.ixx:2464
present	值_需求满足	值_需求满足	自我动作实现.外设模块.ixx:7100	2	inline const 语素入口节点类* 值_需求满足() noexcept	按函数名执行对应处理。		ClCompile	自我动作实现.外设模块.ixx:7100 | 自我动作实现模块.ixx:2527
present	值_需求未满足	值_需求未满足	自我动作实现.外设模块.ixx:7107	2	inline const 语素入口节点类* 值_需求未满足() noexcept	按函数名执行对应处理。		ClCompile	自我动作实现.外设模块.ixx:7107 | 自我动作实现模块.ixx:2534
present	值_目标抽象特征无效	值_目标抽象特征无效	自我动作实现.外设模块.ixx:7114	2	inline const 语素入口节点类* 值_目标抽象特征无效() noexcept	按函数名执行对应处理。		ClCompile	自我动作实现.外设模块.ixx:7114 | 自我动作实现模块.ixx:2541
present	值_实例特征未命中抽象特征	值_实例特征未命中抽象特征	自我动作实现.外设模块.ixx:7121	2	inline const 语素入口节点类* 值_实例特征未命中抽象特征() noexcept	按函数名执行对应处理。		ClCompile	自我动作实现.外设模块.ixx:7121 | 自我动作实现模块.ixx:2548
present	值_目标值类型不是I64	值_目标值类型不是I64	自我动作实现.外设模块.ixx:7128	2	inline const 语素入口节点类* 值_目标值类型不是I64() noexcept	按函数名执行对应处理。		ClCompile	自我动作实现.外设模块.ixx:7128 | 自我动作实现模块.ixx:2555
present	类型_需求_实例化特征	类型_需求_实例化特征	自我动作实现.外设模块.ixx:7135	2	inline const 语素入口节点类* 类型_需求_实例化特征() noexcept	按函数名执行对应处理。		ClCompile	自我动作实现.外设模块.ixx:7135 | 自我动作实现模块.ixx:2562
present	类型_需求_确定特征当前值	类型_需求_确定特征当前值	自我动作实现.外设模块.ixx:7142	2	inline const 语素入口节点类* 类型_需求_确定特征当前值() noexcept	按函数名执行对应处理。		ClCompile	自我动作实现.外设模块.ixx:7142 | 自我动作实现模块.ixx:2569
present	类型_需求_确定执行差值或目标值	类型_需求_确定执行差值或目标值	自我动作实现.外设模块.ixx:7149	2	inline const 语素入口节点类* 类型_需求_确定执行差值或目标值() noexcept	执行任务、方法或动作的主体逻辑。		ClCompile	自我动作实现.外设模块.ixx:7149 | 自我动作实现模块.ixx:2576
present	类型_需求_重新配对参数或调整目标值	类型_需求_重新配对参数或调整目标值	自我动作实现.外设模块.ixx:7156	2	inline const 语素入口节点类* 类型_需求_重新配对参数或调整目标值() noexcept	按函数名执行对应处理。		ClCompile	自我动作实现.外设模块.ixx:7156 | 自我动作实现模块.ixx:2583
present	类型_需求_修复实例特征写入能力	类型_需求_修复实例特征写入能力	自我动作实现.外设模块.ixx:7163	2	inline const 语素入口节点类* 类型_需求_修复实例特征写入能力() noexcept	把处理结果写入指定对象、场景或日志。		ClCompile	自我动作实现.外设模块.ixx:7163 | 自我动作实现模块.ixx:2590
present	编码UTF8字符串为VecIU64	编码UTF8字符串为VecIU64	自我动作实现.外设模块.ixx:7304	2	inline VecIU64 编码UTF8字符串为VecIU64(const std::string& 文本)	按函数名执行对应处理。		ClCompile	自我动作实现.外设模块.ixx:7304 | 自我动作实现.外设模块.ixx:7328
present	特征_效果表	特征_效果表	自我动作实现.外设模块.ixx:735	2	inline const 语素入口节点类* 特征_效果表() noexcept	按函数名执行对应处理。		ClCompile	自我动作实现.外设模块.ixx:735 | 自我动作实现模块.ixx:145
present	写入观察簇VecI64轮廓	写入观察簇VecI64轮廓	自我动作实现.外设模块.ixx:7406	2	inline bool 写入观察簇VecI64轮廓( 基础信息节点类* 宿主, const 结构_外设观察像素簇摘要& 簇, 时间戳 now)	把处理结果写入指定对象、场景或日志。		ClCompile	自我动作实现.外设模块.ixx:7406 | 自我动作实现.外设模块.ixx:22456
present	写入观察簇到存在节点允许轮廓	写入观察簇到存在节点允许轮廓	自我动作实现.外设模块.ixx:7456	2	inline bool 写入观察簇到存在节点允许轮廓( 基础信息节点类* 宿主, const 结构_外设观察像素簇摘要& 簇, 时间戳 now)	把处理结果写入指定对象、场景或日志。		ClCompile	自我动作实现.外设模块.ixx:7456 | 自我动作实现.外设模块.ixx:13065
present	汇总轮廓比较评分	汇总轮廓比较评分	自我动作实现.外设模块.ixx:7559	2	inline void 汇总轮廓比较评分( 结构_存在轮廓比较接入结果& 汇总, const 语素入口节点类* 特征类型, const 结构_轮廓比较结果& 比较结果) noexcept	比较当前值、目标值或历史基准。		ClCompile	自我动作实现.外设模块.ixx:7559 | 自我动作实现.外设模块.ixx:7605
present	比较观察簇轮廓与已知存在特征	比较观察簇轮廓与已知存在特征	自我动作实现.外设模块.ixx:7637	2	inline std::optional<结构_轮廓比较结果> 比较观察簇轮廓与已知存在特征( const 结构_外设观察像素簇摘要& 簇, 存在节点类* 已知存在, const 语素入口节点类* 特征类型) noexcept	比较当前值、目标值或历史基准。		ClCompile	自我动作实现.外设模块.ixx:7637 | 自我动作实现.外设模块.ixx:7679
present	特征_被需求当前状态	特征_被需求当前状态	自我动作实现.外设模块.ixx:770	2	inline const 语素入口节点类* 特征_被需求当前状态() noexcept	按函数名执行对应处理。		ClCompile	自我动作实现.外设模块.ixx:770 | 自我动作实现模块.ixx:257
present	读取基础节点特征值	读取基础节点特征值	自我动作实现.外设模块.ixx:7723	2	inline bool 读取基础节点特征值( 基础信息节点类* 宿主, const 语素入口节点类* 特征类型, 特征值& 输出值) noexcept	从指定来源读取数据或状态。		ClCompile	自我动作实现.外设模块.ixx:7723 | 自我动作实现模块.ixx:2717
present	特征_需求有效截止	特征_需求有效截止	自我动作实现.外设模块.ixx:777	2	inline const 语素入口节点类* 特征_需求有效截止() noexcept	按函数名执行对应处理。		ClCompile	自我动作实现.外设模块.ixx:777 | 自我动作实现模块.ixx:264
present	镜像执行输出派生需求标记	镜像执行输出派生需求标记	自我动作实现.外设模块.ixx:7778	2	inline void 镜像执行输出派生需求标记( 基础信息节点类* 来源宿主, 基础信息节点类* 目标宿主, 时间戳 now, const char* 调用方) noexcept	执行任务、方法或动作的主体逻辑。		ClCompile	自我动作实现.外设模块.ixx:7778 | 自我动作实现.外设模块.ixx:23687
present	特征_累计安全结算	特征_累计安全结算	自我动作实现.外设模块.ixx:784	2	inline const 语素入口节点类* 特征_累计安全结算() noexcept	结算任务、需求、价值或结果贡献。		ClCompile	自我动作实现.外设模块.ixx:784 | 自我动作实现模块.ixx:271
present	特征_累计服务结算	特征_累计服务结算	自我动作实现.外设模块.ixx:791	2	inline const 语素入口节点类* 特征_累计服务结算() noexcept	结算任务、需求、价值或结果贡献。		ClCompile	自我动作实现.外设模块.ixx:791 | 自我动作实现模块.ixx:278
present	特征_最近结算时间	特征_最近结算时间	自我动作实现.外设模块.ixx:798	2	inline const 语素入口节点类* 特征_最近结算时间() noexcept	结算任务、需求、价值或结果贡献。		ClCompile	自我动作实现.外设模块.ixx:798 | 自我动作实现模块.ixx:285
present	写入目标方法状态派生需求	写入目标方法状态派生需求	自我动作实现.外设模块.ixx:8066	2	inline void 写入目标方法状态派生需求( 方法类::节点类* 当前本能方法, 方法类::节点类* 目标方法, I64 当前状态值, I64 目标状态值, 场景节点类*& 输出结果场景, 时间戳 now) noexcept	把处理结果写入指定对象、场景或日志。		ClCompile	自我动作实现.外设模块.ixx:8066 | 自我动作实现模块.ixx:2969
present	抽象条件集合根	抽象条件集合根	自我动作实现.外设模块.ixx:8317	2	inline 特征节点类* 抽象条件集合根( 方法类::节点类* 方法首节点, 时间戳 now) noexcept	按函数名执行对应处理。		ClCompile	自我动作实现.外设模块.ixx:8317 | 自我动作实现模块.ixx:3126
present	增加场景I64特征	增加场景I64特征	自我动作实现.外设模块.ixx:8575	2	inline bool 增加场景I64特征( 场景节点类* 场景, const 语素入口节点类* 特征类型, I64 增量, 时间戳 now) noexcept	按函数名执行对应处理。		ClCompile	自我动作实现.外设模块.ixx:8575 | 自我动作实现模块.ixx:3838
present	写入参数绑定失败	写入参数绑定失败	自我动作实现.外设模块.ixx:8593	2	inline void 写入参数绑定失败( 存在节点类* 运行存在, 场景节点类* 输出结果场景, 时间戳 now) noexcept	把处理结果写入指定对象、场景或日志。		ClCompile	自我动作实现.外设模块.ixx:8593 | 自我动作实现模块.ixx:3856
present	声明运行参数	声明运行参数	自我动作实现.外设模块.ixx:8621	2	inline bool 声明运行参数( 方法类::节点类* 方法首节点, const 语素入口节点类* 参数类型, 时间戳 now) noexcept	执行对应模块、线程或方法的运行逻辑。		ClCompile	自我动作实现.外设模块.ixx:8621 | 自我动作实现模块.ixx:3883
present	运行参数已从输入场景匹配	运行参数已从输入场景匹配	自我动作实现.外设模块.ixx:8635	2	inline bool 运行参数已从输入场景匹配( 方法类::节点类* 方法首节点, 场景节点类* 输入参数场景, 时间戳 now) noexcept	执行对应模块、线程或方法的运行逻辑。		ClCompile	自我动作实现.外设模块.ixx:8635 | 自我动作实现模块.ixx:3897
present	描述无条件本能	描述无条件本能	自我动作实现.外设模块.ixx:8662	2	inline bool 描述无条件本能( 方法类::节点类* 方法首节点, 时间戳 now) noexcept	按函数名执行对应处理。		ClCompile	自我动作实现.外设模块.ixx:8662 | 自我动作实现模块.ixx:3924
present	方法首节点已有条件节点	方法首节点已有条件节点	自我动作实现.外设模块.ixx:8703	2	inline bool 方法首节点已有条件节点(方法类::节点类* 方法首节点) noexcept	按函数名执行对应处理。		ClCompile	自我动作实现.外设模块.ixx:8703 | 自我动作实现.外设模块.ixx:8728
present	D455缺报告方法头可跳过补齐	D455缺报告方法头可跳过补齐	自我动作实现.外设模块.ixx:8720	2	inline bool D455缺报告方法头可跳过补齐( 方法类::节点类* 方法首节点, 枚举_本能方法ID 本能ID) noexcept	补齐条件、参数、证据或方法能力缺口。		ClCompile	自我动作实现.外设模块.ixx:8720 | 自我动作实现.外设模块.ixx:8872
present	特征_任务层执行回执	特征_任务层执行回执	自我动作实现.外设模块.ixx:931	2	inline const 语素入口节点类* 特征_任务层执行回执() noexcept	执行任务、方法或动作的主体逻辑。		ClCompile	自我动作实现.外设模块.ixx:931 | 自我动作实现模块.ixx:424
present	补全当前观察新鲜度状态	补全当前观察新鲜度状态	自我动作实现.外设模块.ixx:9505	2	inline void 补全当前观察新鲜度状态( 结构_双目相机调用结果& 结果, 时间戳 判定时间) noexcept	按函数名执行对应处理。		ClCompile	自我动作实现.外设模块.ixx:9505 | 自我动作实现.外设模块.ixx:9637
present	选择基础观察事实首个缺口特征	选择基础观察事实首个缺口特征	自我动作实现.外设模块.ixx:9681	2	inline const 语素入口节点类* 选择基础观察事实首个缺口特征( const 结构_双目相机调用结果& 结果, I64& 当前状态值, I64& 目标状态值) noexcept	从候选集中选择当前使用对象或方法。		ClCompile	自我动作实现.外设模块.ixx:9681 | 自我动作实现.外设模块.ixx:18676
present	特征_筹办缺口类型	特征_筹办缺口类型	自我动作实现.外设模块.ixx:987	2	inline const 语素入口节点类* 特征_筹办缺口类型() noexcept	推进任务筹办，形成候选、缺口或就绪回执。		ClCompile	自我动作实现.外设模块.ixx:987 | 自我动作实现模块.ixx:480
present	注册外部本能函数执行闭环	注册外部本能函数执行闭环	自我动作实现.外部模块.ixx:1178	2	inline bool 注册外部本能函数执行闭环() noexcept	注册方法、模板、对象或运行入口。		ClCompile	自我动作实现.外部模块.ixx:1178 | 自我动作实现模块.ixx:5771
present	记录数据项处理	记录数据项处理	自我动作实现.扫描.ixx:1093	2	inline void 记录数据项处理( 存在节点类* 运行存在, const 结构_已合法外设数据项& 数据项, const 结构_扫描判断结果& 判断, 时间戳 now) noexcept	记录日志、动态、证据或运行痕迹。		ClCompile	自我动作实现.扫描.ixx:1093 | 自我动作实现.扫描.ixx:1979
present	生成本轮扫描关注集合	生成本轮扫描关注集合	自我动作实现.扫描.ixx:1136	2	inline 结构_扫描关注集合 生成本轮扫描关注集合( 场景节点类* 当前场景, 存在节点类* 运行存在, I64& 缺口数量, 时间戳 now) noexcept	根据当前输入生成目标数据、场景、动态或回执。		ClCompile	自我动作实现.扫描.ixx:1136 | 自我动作实现.扫描.ixx:1826
present	判断外设数据项对应关系	判断外设数据项对应关系	自我动作实现.扫描.ixx:1189	2	inline 结构_扫描对应结果 判断外设数据项对应关系( const 结构_已合法外设数据项& 数据项, const 结构_扫描关注集合& 关注集合) noexcept	判断条件、状态或业务结果是否成立。		ClCompile	自我动作实现.扫描.ixx:1189 | 自我动作实现.扫描.ixx:1875
present	创建扫描I64状态	创建扫描I64状态	自我动作实现.扫描.ixx:1282	2	inline 状态节点类* 创建扫描I64状态( 场景节点类* 场景, 基础信息节点类* 主体, const 语素入口节点类* 特征类型, I64 值, bool 是否变化, 时间戳 now) noexcept	创建并返回或登记对应对象。		ClCompile	自我动作实现.扫描.ixx:1282 | 自我动作实现.扫描.ixx:1320
present	写入场景当前特征值_空间位置	写入场景当前特征值_空间位置	自我动作实现.扫描.ixx:1438	2	inline 结构_扫描写入结果 写入场景当前特征值_空间位置( 方法类::节点类* 方法首节点, 场景节点类* 输入参数场景, 场景节点类* 输出结果场景, 存在节点类* 运行存在, I64 摘要序号, 存在节点类* 目标存在, const 结构_已合法外设数据项& 数据项, 时间戳 now) noexcept	把处理结果写入指定对象、场景或日志。		ClCompile	自我动作实现.扫描.ixx:1438 | 自我动作实现.扫描.ixx:1882
present	记录未覆盖解释	记录未覆盖解释	自我动作实现.扫描.ixx:1517	2	inline void 记录未覆盖解释( 存在节点类* 运行存在, I64 序号, 存在节点类* 目标存在, 枚举_扫描未覆盖解释状态 解释状态, 时间戳 now) noexcept	记录日志、动态、证据或运行痕迹。		ClCompile	自我动作实现.扫描.ixx:1517 | 自我动作实现.扫描.ixx:1989
present	同步扫描输出结果场景	同步扫描输出结果场景	自我动作实现.扫描.ixx:1536	2	inline void 同步扫描输出结果场景( 场景节点类* 输出结果场景, 存在节点类* 运行存在, 动态节点类* 动作动态, 枚举_扫描治理输出状态 输出状态, 枚举_扫描场景维护结果 维护状态, I64 外设数据项总数, I64 已闭合计数, I64 缺口数量, I64 写入摘要数量, I64 临时证据数量, I64 覆盖冲突数量, I64 本轮异常未覆盖存在数量, I64 消失候选数量, I64 扫描入账状态, I64 外设扫描结果场景状态, I64 当前场景扫描组合状态, I64 状态变化动作动态数量, I64 主动因果信息数量, 时间戳 now) noexcept	同步线程、任务、场景或对象之间的状态。		ClCompile	自我动作实现.扫描.ixx:1536 | 自我动作实现.扫描.ixx:2141
present	追加扫描子特征动作动态	追加扫描子特征动作动态	自我动作实现.扫描.ixx:1691	2	inline void 追加扫描子特征动作动态( 方法类::节点类* 方法首节点, 场景节点类* 输入参数场景, 场景节点类* 输出结果场景, 存在节点类* 运行存在, const 语素入口节点类* 特征类型, I64 初始值, I64 结果值, std::vector<动态节点类*>& 输出动态集合, I64& 输出动态数量, I64& 输出因果数量, 时间戳 now) noexcept	把扫描复合状态的直接子特征落成可查询动作动态和主动因果信息。		ClCompile	自我动作实现.扫描.ixx:1691 | 自我动作实现.扫描.ixx:2079
present	扫描特征绑定名称	扫描特征绑定名称	自我动作实现.扫描.ixx:403	2	inline const char* 扫描特征绑定名称(枚举_扫描特征绑定ID ID) noexcept	建立对象、任务、方法或因果之间的绑定关系。		ClCompile	自我动作实现.扫描.ixx:403 | 自我动作实现.扫描.ixx:423
present	扫描存在类型绑定名称	扫描存在类型绑定名称	自我动作实现.扫描.ixx:412	2	inline const char* 扫描存在类型绑定名称(枚举_扫描存在类型绑定ID ID) noexcept	建立对象、任务、方法或因果之间的绑定关系。		ClCompile	自我动作实现.扫描.ixx:412 | 自我动作实现.扫描.ixx:429
present	特征_扫描范围状态	特征_扫描范围状态	自我动作实现.扫描.ixx:451	2	inline const 语素入口节点类* 特征_扫描范围状态() noexcept	执行扫描相关材料获取、比较或提交逻辑。		ClCompile	自我动作实现.扫描.ixx:451 | 自我动作实现.扫描.ixx:1782
present	特征_本轮可忽略存在集合	特征_本轮可忽略存在集合	自我动作实现.扫描.ixx:463	2	inline const 语素入口节点类* 特征_本轮可忽略存在集合() noexcept	按函数名执行对应处理。		ClCompile	自我动作实现.扫描.ixx:463 | 自我动作实现.扫描.ixx:1834
present	特征_本轮异常未覆盖存在集合	特征_本轮异常未覆盖存在集合	自我动作实现.扫描.ixx:469	2	inline const 语素入口节点类* 特征_本轮异常未覆盖存在集合() noexcept	按函数名执行对应处理。		ClCompile	自我动作实现.扫描.ixx:469 | 自我动作实现.扫描.ixx:2062
present	特征_已取出数据项计数	特征_已取出数据项计数	自我动作实现.扫描.ixx:487	2	inline const 语素入口节点类* 特征_已取出数据项计数() noexcept	按函数名执行对应处理。		ClCompile	自我动作实现.扫描.ixx:487 | 自我动作实现.扫描.ixx:2030
present	特征_已成功解析数据项计数	特征_已成功解析数据项计数	自我动作实现.扫描.ixx:490	2	inline const 语素入口节点类* 特征_已成功解析数据项计数() noexcept	解析输入文本、消息、场景或运行包。		ClCompile	自我动作实现.扫描.ixx:490 | 自我动作实现.扫描.ixx:2031
present	特征_本轮外设覆盖索引	特征_本轮外设覆盖索引	自我动作实现.扫描.ixx:496	2	inline const 语素入口节点类* 特征_本轮外设覆盖索引() noexcept	按函数名执行对应处理。		ClCompile	自我动作实现.扫描.ixx:496 | 自我动作实现.扫描.ixx:2034
present	特征_本轮外设覆盖索引状态	特征_本轮外设覆盖索引状态	自我动作实现.扫描.ixx:499	2	inline const 语素入口节点类* 特征_本轮外设覆盖索引状态() noexcept	按函数名执行对应处理。		ClCompile	自我动作实现.扫描.ixx:499 | 自我动作实现.扫描.ixx:2033
present	特征_已写入特征数量	特征_已写入特征数量	自我动作实现.扫描.ixx:511	2	inline const 语素入口节点类* 特征_已写入特征数量() noexcept	把处理结果写入指定对象、场景或日志。		ClCompile	自我动作实现.扫描.ixx:511 | 自我动作实现.扫描.ixx:2037
present	特征_写入批次状态	特征_写入批次状态	自我动作实现.扫描.ixx:517	2	inline const 语素入口节点类* 特征_写入批次状态() noexcept	把处理结果写入指定对象、场景或日志。		ClCompile	自我动作实现.扫描.ixx:517 | 自我动作实现.扫描.ixx:2039
present	特征_写入失败数量	特征_写入失败数量	自我动作实现.扫描.ixx:520	2	inline const 语素入口节点类* 特征_写入失败数量() noexcept	把处理结果写入指定对象、场景或日志。		ClCompile	自我动作实现.扫描.ixx:520 | 自我动作实现.扫描.ixx:2040
present	特征_值域冲突数量	特征_值域冲突数量	自我动作实现.扫描.ixx:535	2	inline const 语素入口节点类* 特征_值域冲突数量() noexcept	按函数名执行对应处理。		ClCompile	自我动作实现.扫描.ixx:535 | 自我动作实现.扫描.ixx:2054
present	特征_视野外证据数量	特征_视野外证据数量	自我动作实现.扫描.ixx:538	2	inline const 语素入口节点类* 特征_视野外证据数量() noexcept	按函数名执行对应处理。		ClCompile	自我动作实现.扫描.ixx:538 | 自我动作实现.扫描.ixx:2055
present	特征_遮蔽覆盖证据数量	特征_遮蔽覆盖证据数量	自我动作实现.扫描.ixx:541	2	inline const 语素入口节点类* 特征_遮蔽覆盖证据数量() noexcept	按函数名执行对应处理。		ClCompile	自我动作实现.扫描.ixx:541 | 自我动作实现.扫描.ixx:2056
present	特征_信息完备性状态	特征_信息完备性状态	自我动作实现.扫描.ixx:550	2	inline const 语素入口节点类* 特征_信息完备性状态() noexcept	按函数名执行对应处理。		ClCompile	自我动作实现.扫描.ixx:550 | 自我动作实现.扫描.ixx:2064
present	特征_内部信息一致性状态	特征_内部信息一致性状态	自我动作实现.扫描.ixx:553	2	inline const 语素入口节点类* 特征_内部信息一致性状态() noexcept	按函数名执行对应处理。		ClCompile	自我动作实现.扫描.ixx:553 | 自我动作实现.扫描.ixx:2065
present	特征_缺口类型	特征_缺口类型	自我动作实现.扫描.ixx:562	2	inline const 语素入口节点类* 特征_缺口类型() noexcept	按函数名执行对应处理。		ClCompile	自我动作实现.扫描.ixx:562 | 自我动作实现.扫描.ixx:1086
present	特征_缺口目标宿主状态	特征_缺口目标宿主状态	自我动作实现.扫描.ixx:565	2	inline const 语素入口节点类* 特征_缺口目标宿主状态() noexcept	按函数名执行对应处理。		ClCompile	自我动作实现.扫描.ixx:565 | 自我动作实现.扫描.ixx:1087
present	特征_缺口特征类型状态	特征_缺口特征类型状态	自我动作实现.扫描.ixx:568	2	inline const 语素入口节点类* 特征_缺口特征类型状态() noexcept	按函数名执行对应处理。		ClCompile	自我动作实现.扫描.ixx:568 | 自我动作实现.扫描.ixx:1088
present	特征_建议后续路径状态	特征_建议后续路径状态	自我动作实现.扫描.ixx:571	2	inline const 语素入口节点类* 特征_建议后续路径状态() noexcept	按函数名执行对应处理。		ClCompile	自我动作实现.扫描.ixx:571 | 自我动作实现.扫描.ixx:1089
present	特征_数据项类别	特征_数据项类别	自我动作实现.扫描.ixx:577	2	inline const 语素入口节点类* 特征_数据项类别() noexcept	按函数名执行对应处理。		ClCompile	自我动作实现.扫描.ixx:577 | 自我动作实现.扫描.ixx:1106
present	特征_外设特征类型ID	特征_外设特征类型ID	自我动作实现.扫描.ixx:580	2	inline const 语素入口节点类* 特征_外设特征类型ID() noexcept	按函数名执行对应处理。		ClCompile	自我动作实现.扫描.ixx:580 | 自我动作实现.扫描.ixx:1107
present	特征_已确认存在ID	特征_已确认存在ID	自我动作实现.扫描.ixx:583	2	inline const 语素入口节点类* 特征_已确认存在ID() noexcept	确认候选事实、存在、状态或运行结果。		ClCompile	自我动作实现.扫描.ixx:583 | 自我动作实现.扫描.ixx:1108
present	特征_关注存在指针	特征_关注存在指针	自我动作实现.扫描.ixx:595	2	inline const 语素入口节点类* 特征_关注存在指针() noexcept	按函数名执行对应处理。		ClCompile	自我动作实现.扫描.ixx:595 | 自我动作实现.扫描.ixx:1130
present	特征_关注集合类别	特征_关注集合类别	自我动作实现.扫描.ixx:598	2	inline const 语素入口节点类* 特征_关注集合类别() noexcept	按函数名执行对应处理。		ClCompile	自我动作实现.扫描.ixx:598 | 自我动作实现.扫描.ixx:1131
present	特征_关注原因状态	特征_关注原因状态	自我动作实现.扫描.ixx:601	2	inline const 语素入口节点类* 特征_关注原因状态() noexcept	按函数名执行对应处理。		ClCompile	自我动作实现.扫描.ixx:601 | 自我动作实现.扫描.ixx:1132
present	特征_覆盖数据项ID	特征_覆盖数据项ID	自我动作实现.扫描.ixx:607	2	inline const 语素入口节点类* 特征_覆盖数据项ID() noexcept	按函数名执行对应处理。		ClCompile	自我动作实现.扫描.ixx:607 | 自我动作实现.扫描.ixx:1245
present	特征_覆盖目标存在指针	特征_覆盖目标存在指针	自我动作实现.扫描.ixx:610	2	inline const 语素入口节点类* 特征_覆盖目标存在指针() noexcept	按函数名执行对应处理。		ClCompile	自我动作实现.扫描.ixx:610 | 自我动作实现.扫描.ixx:1246
present	特征_覆盖判断状态	特征_覆盖判断状态	自我动作实现.扫描.ixx:613	2	inline const 语素入口节点类* 特征_覆盖判断状态() noexcept	判断条件、状态或业务结果是否成立。		ClCompile	自我动作实现.扫描.ixx:613 | 自我动作实现.扫描.ixx:1247
present	特征_覆盖候选数量	特征_覆盖候选数量	自我动作实现.扫描.ixx:616	2	inline const 语素入口节点类* 特征_覆盖候选数量() noexcept	按函数名执行对应处理。		ClCompile	自我动作实现.扫描.ixx:616 | 自我动作实现.扫描.ixx:1248
present	特征_写入目标存在指针	特征_写入目标存在指针	自我动作实现.扫描.ixx:625	2	inline const 语素入口节点类* 特征_写入目标存在指针() noexcept	把处理结果写入指定对象、场景或日志。		ClCompile	自我动作实现.扫描.ixx:625 | 自我动作实现.扫描.ixx:1480
present	特征_写入目标特征类型状态	特征_写入目标特征类型状态	自我动作实现.扫描.ixx:628	2	inline const 语素入口节点类* 特征_写入目标特征类型状态() noexcept	把处理结果写入指定对象、场景或日志。		ClCompile	自我动作实现.扫描.ixx:628 | 自我动作实现.扫描.ixx:1481
present	特征_写入来源数据项ID	特征_写入来源数据项ID	自我动作实现.扫描.ixx:631	2	inline const 语素入口节点类* 特征_写入来源数据项ID() noexcept	把处理结果写入指定对象、场景或日志。		ClCompile	自我动作实现.扫描.ixx:631 | 自我动作实现.扫描.ixx:1482
present	特征_写入结果状态	特征_写入结果状态	自我动作实现.扫描.ixx:634	2	inline const 语素入口节点类* 特征_写入结果状态() noexcept	把处理结果写入指定对象、场景或日志。		ClCompile	自我动作实现.扫描.ixx:634 | 自我动作实现.扫描.ixx:1483
present	特征_写入旧值状态	特征_写入旧值状态	自我动作实现.扫描.ixx:637	2	inline const 语素入口节点类* 特征_写入旧值状态() noexcept	把处理结果写入指定对象、场景或日志。		ClCompile	自我动作实现.扫描.ixx:637 | 自我动作实现.扫描.ixx:1484
present	特征_写入旧空间位置X	特征_写入旧空间位置X	自我动作实现.扫描.ixx:640	2	inline const 语素入口节点类* 特征_写入旧空间位置X() noexcept	把处理结果写入指定对象、场景或日志。		ClCompile	自我动作实现.扫描.ixx:640 | 自我动作实现.扫描.ixx:1487
present	特征_写入旧空间位置Y	特征_写入旧空间位置Y	自我动作实现.扫描.ixx:643	2	inline const 语素入口节点类* 特征_写入旧空间位置Y() noexcept	把处理结果写入指定对象、场景或日志。		ClCompile	自我动作实现.扫描.ixx:643 | 自我动作实现.扫描.ixx:1488
present	特征_写入旧空间位置Z	特征_写入旧空间位置Z	自我动作实现.扫描.ixx:646	2	inline const 语素入口节点类* 特征_写入旧空间位置Z() noexcept	把处理结果写入指定对象、场景或日志。		ClCompile	自我动作实现.扫描.ixx:646 | 自我动作实现.扫描.ixx:1489
present	特征_写入新空间位置X	特征_写入新空间位置X	自我动作实现.扫描.ixx:649	2	inline const 语素入口节点类* 特征_写入新空间位置X() noexcept	把处理结果写入指定对象、场景或日志。		ClCompile	自我动作实现.扫描.ixx:649 | 自我动作实现.扫描.ixx:1491
present	特征_写入新空间位置Y	特征_写入新空间位置Y	自我动作实现.扫描.ixx:652	2	inline const 语素入口节点类* 特征_写入新空间位置Y() noexcept	把处理结果写入指定对象、场景或日志。		ClCompile	自我动作实现.扫描.ixx:652 | 自我动作实现.扫描.ixx:1492
present	特征_写入新空间位置Z	特征_写入新空间位置Z	自我动作实现.扫描.ixx:655	2	inline const 语素入口节点类* 特征_写入新空间位置Z() noexcept	把处理结果写入指定对象、场景或日志。		ClCompile	自我动作实现.扫描.ixx:655 | 自我动作实现.扫描.ixx:1493
present	特征_未覆盖目标存在指针	特征_未覆盖目标存在指针	自我动作实现.扫描.ixx:661	2	inline const 语素入口节点类* 特征_未覆盖目标存在指针() noexcept	按函数名执行对应处理。		ClCompile	自我动作实现.扫描.ixx:661 | 自我动作实现.扫描.ixx:1531
present	特征_未覆盖解释状态	特征_未覆盖解释状态	自我动作实现.扫描.ixx:664	2	inline const 语素入口节点类* 特征_未覆盖解释状态() noexcept	按函数名执行对应处理。		ClCompile	自我动作实现.扫描.ixx:664 | 自我动作实现.扫描.ixx:1532
present	特征_输出场景同步状态	特征_输出场景同步状态	自我动作实现.扫描.ixx:676	2	inline const 语素入口节点类* 特征_输出场景同步状态() noexcept	同步线程、任务、场景或对象之间的状态。		ClCompile	自我动作实现.扫描.ixx:676 | 自我动作实现.扫描.ixx:1588
present	特征_扫描运行存在指针	特征_扫描运行存在指针	自我动作实现.扫描.ixx:679	2	inline const 语素入口节点类* 特征_扫描运行存在指针() noexcept	执行对应模块、线程或方法的运行逻辑。		ClCompile	自我动作实现.扫描.ixx:679 | 自我动作实现.扫描.ixx:1561
present	特征_目标宿主指针	特征_目标宿主指针	自我动作实现.扫描.ixx:682	2	inline const 语素入口节点类* 特征_目标宿主指针() noexcept	按函数名执行对应处理。		ClCompile	自我动作实现.扫描.ixx:682 | 自我动作实现.扫描.ixx:1783
present	特征_目标特征类型指针	特征_目标特征类型指针	自我动作实现.扫描.ixx:685	2	inline const 语素入口节点类* 特征_目标特征类型指针() noexcept	按函数名执行对应处理。		ClCompile	自我动作实现.扫描.ixx:685 | 自我动作实现.扫描.ixx:1784
present	特征_当前状态值	特征_当前状态值	自我动作实现.扫描.ixx:688	2	inline const 语素入口节点类* 特征_当前状态值() noexcept	按函数名执行对应处理。		ClCompile	自我动作实现.扫描.ixx:688 | 自我动作实现.扫描.ixx:1785
present	特征_目标状态值	特征_目标状态值	自我动作实现.扫描.ixx:691	2	inline const 语素入口节点类* 特征_目标状态值() noexcept	按函数名执行对应处理。		ClCompile	自我动作实现.扫描.ixx:691 | 自我动作实现.扫描.ixx:1786
present	特征_实际结果状态值	特征_实际结果状态值	自我动作实现.扫描.ixx:694	2	inline const 语素入口节点类* 特征_实际结果状态值() noexcept	按函数名执行对应处理。		ClCompile	自我动作实现.扫描.ixx:694 | 自我动作实现.扫描.ixx:2069
present	特征_扫描空间位置变化量	特征_扫描空间位置变化量	自我动作实现.扫描.ixx:730	2	inline const 语素入口节点类* 特征_扫描空间位置变化量() noexcept	记录日志、动态、证据或运行痕迹。		ClCompile	自我动作实现.扫描.ixx:730 | 自我动作实现.扫描.ixx:1429
present	类型_扫描方法运行虚拟存在	类型_扫描方法运行虚拟存在	自我动作实现.扫描.ixx:758	2	inline const 语素入口节点类* 类型_扫描方法运行虚拟存在() noexcept	执行对应模块、线程或方法的运行逻辑。		ClCompile	自我动作实现.扫描.ixx:758 | 自我动作实现.扫描.ixx:857
present	类型_扫描信息缺口	类型_扫描信息缺口	自我动作实现.扫描.ixx:761	2	inline const 语素入口节点类* 类型_扫描信息缺口() noexcept	执行扫描相关材料获取、比较或提交逻辑。		ClCompile	自我动作实现.扫描.ixx:761 | 自我动作实现.扫描.ixx:1083
present	类型_扫描数据项处理记录	类型_扫描数据项处理记录	自我动作实现.扫描.ixx:764	2	inline const 语素入口节点类* 类型_扫描数据项处理记录() noexcept	记录日志、动态、证据或运行痕迹。		ClCompile	自我动作实现.扫描.ixx:764 | 自我动作实现.扫描.ixx:1101
present	类型_扫描关注存在记录	类型_扫描关注存在记录	自我动作实现.扫描.ixx:767	2	inline const 语素入口节点类* 类型_扫描关注存在记录() noexcept	记录日志、动态、证据或运行痕迹。		ClCompile	自我动作实现.扫描.ixx:767 | 自我动作实现.扫描.ixx:1125
present	类型_扫描覆盖索引记录	类型_扫描覆盖索引记录	自我动作实现.扫描.ixx:770	2	inline const 语素入口节点类* 类型_扫描覆盖索引记录() noexcept	记录日志、动态、证据或运行痕迹。		ClCompile	自我动作实现.扫描.ixx:770 | 自我动作实现.扫描.ixx:1240
present	类型_扫描场景写入摘要记录	类型_扫描场景写入摘要记录	自我动作实现.扫描.ixx:773	2	inline const 语素入口节点类* 类型_扫描场景写入摘要记录() noexcept	把处理结果写入指定对象、场景或日志。		ClCompile	自我动作实现.扫描.ixx:773 | 自我动作实现.扫描.ixx:1475
present	类型_扫描未覆盖解释记录	类型_扫描未覆盖解释记录	自我动作实现.扫描.ixx:776	2	inline const 语素入口节点类* 类型_扫描未覆盖解释记录() noexcept	记录日志、动态、证据或运行痕迹。		ClCompile	自我动作实现.扫描.ixx:776 | 自我动作实现.扫描.ixx:1526
present	外设空间中心有效	外设空间中心有效	自我动作实现.扫描.ixx:829	2	inline bool 外设空间中心有效(const 结构_外设空间中心& 中心) noexcept	按函数名执行对应处理。		ClCompile	自我动作实现.扫描.ixx:829 | 自我动作实现.扫描.ixx:965
present	外设空间范围有效	外设空间范围有效	自我动作实现.扫描.ixx:835	2	inline bool 外设空间范围有效(const 结构_外设空间范围AABB& 范围) noexcept	按函数名执行对应处理。		ClCompile	自我动作实现.扫描.ixx:835 | 自我动作实现.扫描.ixx:966
present	取或创建运行存在	取或创建运行存在	自我动作实现.扫描.ixx:846	2	inline 存在节点类* 取或创建运行存在( 方法类::节点类* 方法首节点, 场景节点类* 输出结果场景, 时间戳 now) noexcept	创建并返回或登记对应对象。		ClCompile	自我动作实现.扫描.ixx:846 | 自我动作实现.扫描.ixx:1770
present	读取扫描报告	读取扫描报告	自我动作实现.扫描.ixx:870	2	inline std::optional<结构_外设观察报告队列项> 读取扫描报告( 场景节点类* 输入参数场景, 场景节点类* 输出结果场景, 存在节点类* 运行存在) noexcept	从指定来源读取数据或状态。		ClCompile	自我动作实现.扫描.ixx:870 | 自我动作实现.扫描.ixx:1837
present	展开已合法外设数据项	展开已合法外设数据项	自我动作实现.扫描.ixx:895	2	inline std::vector<结构_已合法外设数据项> 展开已合法外设数据项( const 结构_外设观察报告队列项& 报告, const 结构_外设扫描提交包& 包)	按函数名执行对应处理。		ClCompile	自我动作实现.扫描.ixx:895 | 自我动作实现.扫描.ixx:1849
present	值_D0承受主体缺失	值_D0承受主体缺失	自我动作实现.服务模块.ixx:1005	2	inline const 语素入口节点类* 值_D0承受主体缺失() noexcept	按函数名执行对应处理。		ClCompile	自我动作实现.服务模块.ixx:1005 | 自我动作实现.服务模块.ixx:2290
present	特征_失败处理特征集合	特征_失败处理特征集合	自我动作实现.服务模块.ixx:101	2	inline const 语素入口节点类* 特征_失败处理特征集合() noexcept	按函数名执行对应处理。		ClCompile	自我动作实现.服务模块.ixx:101 | 自我动作实现.服务模块.ixx:1813
present	值_D0来源动作缺失	值_D0来源动作缺失	自我动作实现.服务模块.ixx:1013	2	inline const 语素入口节点类* 值_D0来源动作缺失() noexcept	按函数名执行对应处理。		ClCompile	自我动作实现.服务模块.ixx:1013 | 自我动作实现.服务模块.ixx:2291
present	值_D0方法运行存在缺失	值_D0方法运行存在缺失	自我动作实现.服务模块.ixx:1021	2	inline const 语素入口节点类* 值_D0方法运行存在缺失() noexcept	执行对应模块、线程或方法的运行逻辑。		ClCompile	自我动作实现.服务模块.ixx:1021 | 自我动作实现.服务模块.ixx:2292
present	值_D0输入场景缺失	值_D0输入场景缺失	自我动作实现.服务模块.ixx:1029	2	inline const 语素入口节点类* 值_D0输入场景缺失() noexcept	按函数名执行对应处理。		ClCompile	自我动作实现.服务模块.ixx:1029 | 自我动作实现.服务模块.ixx:2293
present	值_D0输出场景缺失	值_D0输出场景缺失	自我动作实现.服务模块.ixx:1037	2	inline const 语素入口节点类* 值_D0输出场景缺失() noexcept	按函数名执行对应处理。		ClCompile	自我动作实现.服务模块.ixx:1037 | 自我动作实现.服务模块.ixx:2294
present	值_D0目标特征缺失	值_D0目标特征缺失	自我动作实现.服务模块.ixx:1045	2	inline const 语素入口节点类* 值_D0目标特征缺失() noexcept	按函数名执行对应处理。		ClCompile	自我动作实现.服务模块.ixx:1045 | 自我动作实现.服务模块.ixx:2295
present	值_D0初始状态缺失	值_D0初始状态缺失	自我动作实现.服务模块.ixx:1053	2	inline const 语素入口节点类* 值_D0初始状态缺失() noexcept	按函数名执行对应处理。		ClCompile	自我动作实现.服务模块.ixx:1053 | 自我动作实现.服务模块.ixx:2296
present	值_D0结果状态缺失	值_D0结果状态缺失	自我动作实现.服务模块.ixx:1061	2	inline const 语素入口节点类* 值_D0结果状态缺失() noexcept	按函数名执行对应处理。		ClCompile	自我动作实现.服务模块.ixx:1061 | 自我动作实现.服务模块.ixx:2297
present	值_成功服务硬门槛待确认	值_成功服务硬门槛待确认	自我动作实现.服务模块.ixx:1069	2	inline const 语素入口节点类* 值_成功服务硬门槛待确认() noexcept	确认候选事实、存在、状态或运行结果。		ClCompile	自我动作实现.服务模块.ixx:1069 | 自我动作实现.服务模块.ixx:3204
present	特征_服务治理支撑特征集合	特征_服务治理支撑特征集合	自我动作实现.服务模块.ixx:109	2	inline const 语素入口节点类* 特征_服务治理支撑特征集合() noexcept	按函数名执行对应处理。		ClCompile	自我动作实现.服务模块.ixx:109 | 自我动作实现.服务模块.ixx:1821
present	值_输入字段角色	值_输入字段角色	自我动作实现.服务模块.ixx:1093	2	inline const 语素入口节点类* 值_输入字段角色() noexcept	按函数名执行对应处理。		ClCompile	自我动作实现.服务模块.ixx:1093 | 自我动作实现.服务模块.ixx:1774
present	值_输出字段角色	值_输出字段角色	自我动作实现.服务模块.ixx:1101	2	inline const 语素入口节点类* 值_输出字段角色() noexcept	按函数名执行对应处理。		ClCompile	自我动作实现.服务模块.ixx:1101 | 自我动作实现.服务模块.ixx:1782
present	值_验证字段角色	值_验证字段角色	自我动作实现.服务模块.ixx:1109	2	inline const 语素入口节点类* 值_验证字段角色() noexcept	按函数名执行对应处理。		ClCompile	自我动作实现.服务模块.ixx:1109 | 自我动作实现.服务模块.ixx:1790
present	值_归因字段角色	值_归因字段角色	自我动作实现.服务模块.ixx:1117	2	inline const 语素入口节点类* 值_归因字段角色() noexcept	按函数名执行对应处理。		ClCompile	自我动作实现.服务模块.ixx:1117 | 自我动作实现.服务模块.ixx:1798
present	值_安全权限字段角色	值_安全权限字段角色	自我动作实现.服务模块.ixx:1125	2	inline const 语素入口节点类* 值_安全权限字段角色() noexcept	按函数名执行对应处理。		ClCompile	自我动作实现.服务模块.ixx:1125 | 自我动作实现.服务模块.ixx:1806
present	值_失败处理字段角色	值_失败处理字段角色	自我动作实现.服务模块.ixx:1133	2	inline const 语素入口节点类* 值_失败处理字段角色() noexcept	按函数名执行对应处理。		ClCompile	自我动作实现.服务模块.ixx:1133 | 自我动作实现.服务模块.ixx:1814
present	值_服务治理支撑字段角色	值_服务治理支撑字段角色	自我动作实现.服务模块.ixx:1141	2	inline const 语素入口节点类* 值_服务治理支撑字段角色() noexcept	按函数名执行对应处理。		ClCompile	自我动作实现.服务模块.ixx:1141 | 自我动作实现.服务模块.ixx:1822
present	值_激活原因_方法声明	值_激活原因_方法声明	自我动作实现.服务模块.ixx:1149	2	inline const 语素入口节点类* 值_激活原因_方法声明() noexcept	按函数名执行对应处理。		ClCompile	自我动作实现.服务模块.ixx:1149 | 自我动作实现.服务模块.ixx:1748
present	读取服务输入任务	读取服务输入任务	自我动作实现.服务模块.ixx:1241	2	inline 任务类::节点类* 读取服务输入任务(场景节点类* 输入参数场景) noexcept	从指定来源读取数据或状态。		ClCompile	自我动作实现.服务模块.ixx:1241 | 自我动作实现.服务模块.ixx:1613
present	服务任务字段特征类型	服务任务字段特征类型	自我动作实现.服务模块.ixx:1505	2	inline const 语素入口节点类* 服务任务字段特征类型(枚举_服务任务字段 字段) noexcept	按函数名执行对应处理。		ClCompile	自我动作实现.服务模块.ixx:1505 | 自我动作实现.服务模块.ixx:1607
present	读取调用信息I64	读取调用信息I64	自我动作实现.服务模块.ixx:1557	2	inline bool 读取调用信息I64( 场景节点类* 输入参数场景, const 语素入口节点类* 参数类型, I64& 输出值) noexcept	从指定来源读取数据或状态。		ClCompile	自我动作实现.服务模块.ixx:1557 | 自我动作实现.服务模块.ixx:1596
present	读取服务字段输入I64	读取服务字段输入I64	自我动作实现.服务模块.ixx:1586	2	inline bool 读取服务字段输入I64( 场景节点类* 输入参数场景, const 语素入口节点类* 字段类型, I64& 输出值) noexcept	从指定来源读取数据或状态。		ClCompile	自我动作实现.服务模块.ixx:1586 | 自我动作实现.服务模块.ixx:1628
present	读取声明字段类型	读取声明字段类型	自我动作实现.服务模块.ixx:1682	2	inline const 语素入口节点类* 读取声明字段类型(特征节点类* 声明字段) noexcept	从指定来源读取数据或状态。		ClCompile	自我动作实现.服务模块.ixx:1682 | 自我动作实现.服务模块.ixx:1729
present	读取声明字段是否必需	读取声明字段是否必需	自我动作实现.服务模块.ixx:1689	2	inline bool 读取声明字段是否必需(特征节点类* 声明字段) noexcept	从指定来源读取数据或状态。		ClCompile	自我动作实现.服务模块.ixx:1689 | 自我动作实现.服务模块.ixx:1742
present	检查服务方法输入字段	检查服务方法输入字段	自我动作实现.服务模块.ixx:1832	2	inline 服务字段检查结果 检查服务方法输入字段( 任务类::节点类* 任务节点, const 语素入口节点类* 字段类型) noexcept	检查状态、条件、缺口或运行约束。		ClCompile	自我动作实现.服务模块.ixx:1832 | 自我动作实现.服务模块.ixx:2947
present	读取任务I64字段	读取任务I64字段	自我动作实现.服务模块.ixx:1979	2	inline bool 读取任务I64字段( 任务类::节点类* 任务节点, const 语素入口节点类* 字段类型, I64& 输出值) noexcept	从指定来源读取数据或状态。		ClCompile	自我动作实现.服务模块.ixx:1979 | 自我动作实现.服务模块.ixx:2959
present	读取任务目标宿主	读取任务目标宿主	自我动作实现.服务模块.ixx:1992	2	inline 基础信息节点类* 读取任务目标宿主(任务类::节点类* 任务节点) noexcept	从指定来源读取数据或状态。		ClCompile	自我动作实现.服务模块.ixx:1992 | 自我动作实现.服务模块.ixx:2031
present	读取任务目标特征类型	读取任务目标特征类型	自我动作实现.服务模块.ixx:2001	2	inline const 语素入口节点类* 读取任务目标特征类型(任务类::节点类* 任务节点) noexcept	从指定来源读取数据或状态。		ClCompile	自我动作实现.服务模块.ixx:2001 | 自我动作实现.服务模块.ixx:2037
present	比较服务前后状态	比较服务前后状态	自我动作实现.服务模块.ixx:2086	2	inline 服务前后状态比较结果 比较服务前后状态( const 特征值& 服务前值, const 特征值& 服务后值) noexcept	比较当前值、目标值或历史基准。		ClCompile	自我动作实现.服务模块.ixx:2086 | 自我动作实现.服务模块.ixx:2111
present	读取任务D0动作动态	读取任务D0动作动态	自我动作实现.服务模块.ixx:2223	2	inline 动态节点类* 读取任务D0动作动态(任务类::节点类* 任务节点) noexcept	从指定来源读取数据或状态。		ClCompile	自我动作实现.服务模块.ixx:2223 | 自我动作实现.服务模块.ixx:2240
present	读取方法运行D0动作动态	读取方法运行D0动作动态	自我动作实现.服务模块.ixx:2229	2	inline 动态节点类* 读取方法运行D0动作动态(存在节点类* 方法运行存在) noexcept	从指定来源读取数据或状态。		ClCompile	自我动作实现.服务模块.ixx:2229 | 自我动作实现.服务模块.ixx:2244
present	推断D0承受主体	推断D0承受主体	自我动作实现.服务模块.ixx:2267	2	inline 基础信息节点类* 推断D0承受主体( 任务类::节点类* 任务节点, const 动态节点主信息类* D0主信息) noexcept	按函数名执行对应处理。		ClCompile	自我动作实现.服务模块.ixx:2267 | 自我动作实现.服务模块.ixx:2352
present	选择D0第一缺口	选择D0第一缺口	自我动作实现.服务模块.ixx:2284	2	inline const 语素入口节点类* 选择D0第一缺口(const 服务D0校验结果& 结果) noexcept	从候选集中选择当前使用对象或方法。		ClCompile	自我动作实现.服务模块.ixx:2284 | 自我动作实现.服务模块.ixx:2379
present	候选状态_由硬门槛汇总	候选状态_由硬门槛汇总	自我动作实现.服务模块.ixx:2516	2	inline 枚举_成功服务候选状态 候选状态_由硬门槛汇总( const 服务硬门槛汇总& 汇总) noexcept	按函数名执行对应处理。		ClCompile	自我动作实现.服务模块.ixx:2516 | 自我动作实现.服务模块.ixx:2684
present	读取任务G0治理视图	读取任务G0治理视图	自我动作实现.服务模块.ixx:2525	2	inline 存在节点类* 读取任务G0治理视图(任务类::节点类* 任务节点) noexcept	从指定来源读取数据或状态。		ClCompile	自我动作实现.服务模块.ixx:2525 | 自我动作实现.服务模块.ixx:2548
present	读取G0硬门槛状态	读取G0硬门槛状态	自我动作实现.服务模块.ixx:2637	2	inline 枚举_服务硬门槛状态 读取G0硬门槛状态( 存在节点类* G0治理视图, 枚举_服务硬门槛 门槛) noexcept	从指定来源读取数据或状态。		ClCompile	自我动作实现.服务模块.ixx:2637 | 自我动作实现.服务模块.ixx:2658
present	特征_方法调用动作动态	特征_方法调用动作动态	自我动作实现.服务模块.ixx:269	2	inline const 语素入口节点类* 特征_方法调用动作动态() noexcept	按函数名执行对应处理。		ClCompile	自我动作实现.服务模块.ixx:269 | 自我动作实现.服务模块.ixx:2199
present	候选状态_由硬门槛评分与证据	候选状态_由硬门槛评分与证据	自我动作实现.服务模块.ixx:2848	2	inline 枚举_成功服务候选状态 候选状态_由硬门槛评分与证据( const 服务硬门槛汇总& 硬门槛, const 服务三评分& 评分) noexcept	按函数名执行对应处理。		ClCompile	自我动作实现.服务模块.ixx:2848 | 自我动作实现.服务模块.ixx:2879
present	门槛状态_任务字段有值	门槛状态_任务字段有值	自我动作实现.服务模块.ixx:2943	2	inline 枚举_服务硬门槛状态 门槛状态_任务字段有值( 任务类::节点类* 任务节点, const 语素入口节点类* 字段类型) noexcept	按函数名执行对应处理。		ClCompile	自我动作实现.服务模块.ixx:2943 | 自我动作实现.服务模块.ixx:3010
present	门槛状态_D0校验	门槛状态_D0校验	自我动作实现.服务模块.ixx:2968	2	inline 枚举_服务硬门槛状态 门槛状态_D0校验(const 服务D0校验结果& D0校验) noexcept	按函数名执行对应处理。		ClCompile	自我动作实现.服务模块.ixx:2968 | 自我动作实现.服务模块.ixx:3030
present	写入G0候选基础硬门槛	写入G0候选基础硬门槛	自我动作实现.服务模块.ixx:2982	2	inline bool 写入G0候选基础硬门槛( 存在节点类* G0治理视图, const 服务G0候选组装输入& 输入, const 服务D0校验结果& D0校验, 时间戳 now) noexcept	把处理结果写入指定对象、场景或日志。		ClCompile	自我动作实现.服务模块.ixx:2982 | 自我动作实现.服务模块.ixx:3084
present	特征_D0基础合法	特征_D0基础合法	自我动作实现.服务模块.ixx:301	2	inline const 语素入口节点类* 特征_D0基础合法() noexcept	按函数名执行对应处理。		ClCompile	自我动作实现.服务模块.ixx:301 | 自我动作实现.服务模块.ixx:2390
present	特征_D0缺口	特征_D0缺口	自我动作实现.服务模块.ixx:309	2	inline const 语素入口节点类* 特征_D0缺口() noexcept	按函数名执行对应处理。		ClCompile	自我动作实现.服务模块.ixx:309 | 自我动作实现.服务模块.ixx:2405
present	特征_D0动作主体为自我	特征_D0动作主体为自我	自我动作实现.服务模块.ixx:317	2	inline const 语素入口节点类* 特征_D0动作主体为自我() noexcept	按函数名执行对应处理。		ClCompile	自我动作实现.服务模块.ixx:317 | 自我动作实现.服务模块.ixx:2391
present	推断成功服务候选证据缺口	推断成功服务候选证据缺口	自我动作实现.服务模块.ixx:3195	2	inline const 语素入口节点类* 推断成功服务候选证据缺口(存在节点类* G0治理视图) noexcept	按函数名执行对应处理。		ClCompile	自我动作实现.服务模块.ixx:3195 | 自我动作实现.服务模块.ixx:3308
present	写入候选记录基础引用	写入候选记录基础引用	自我动作实现.服务模块.ixx:3210	2	inline bool 写入候选记录基础引用( 基础信息节点类* 记录宿主, 任务类::节点类* 任务节点, 存在节点类* G0治理视图, 时间戳 now) noexcept	把处理结果写入指定对象、场景或日志。		ClCompile	自我动作实现.服务模块.ixx:3210 | 自我动作实现.服务模块.ixx:3297
present	特征_D0承受主体存在	特征_D0承受主体存在	自我动作实现.服务模块.ixx:325	2	inline const 语素入口节点类* 特征_D0承受主体存在() noexcept	按函数名执行对应处理。		ClCompile	自我动作实现.服务模块.ixx:325 | 自我动作实现.服务模块.ixx:2392
present	特征_D0来源动作存在	特征_D0来源动作存在	自我动作实现.服务模块.ixx:333	2	inline const 语素入口节点类* 特征_D0来源动作存在() noexcept	按函数名执行对应处理。		ClCompile	自我动作实现.服务模块.ixx:333 | 自我动作实现.服务模块.ixx:2393
present	候选记录已过期	候选记录已过期	自我动作实现.服务模块.ixx:3358	2	inline bool 候选记录已过期(存在节点类* 候选记录, 时间戳 now) noexcept	记录日志、动态、证据或运行痕迹。		ClCompile	自我动作实现.服务模块.ixx:3358 | 自我动作实现.服务模块.ixx:3408
present	特征_D0方法运行存在	特征_D0方法运行存在	自我动作实现.服务模块.ixx:341	2	inline const 语素入口节点类* 特征_D0方法运行存在() noexcept	执行对应模块、线程或方法的运行逻辑。		ClCompile	自我动作实现.服务模块.ixx:341 | 自我动作实现.服务模块.ixx:2394
present	特征_D0输入场景存在	特征_D0输入场景存在	自我动作实现.服务模块.ixx:349	2	inline const 语素入口节点类* 特征_D0输入场景存在() noexcept	按函数名执行对应处理。		ClCompile	自我动作实现.服务模块.ixx:349 | 自我动作实现.服务模块.ixx:2395
present	成功服务层级系数	成功服务层级系数	自我动作实现.服务模块.ixx:3511	2	inline I64 成功服务层级系数(枚举_成功服务层级 层级) noexcept	按函数名执行对应处理。		ClCompile	自我动作实现.服务模块.ixx:3511 | 自我动作实现.服务模块.ixx:3559
present	候选记录可结算	候选记录可结算	自我动作实现.服务模块.ixx:3539	2	inline bool 候选记录可结算(存在节点类* 候选记录) noexcept	记录日志、动态、证据或运行痕迹。		ClCompile	自我动作实现.服务模块.ixx:3539 | 自我动作实现.服务模块.ixx:3580
present	计算成功服务lambda候选	计算成功服务lambda候选	自我动作实现.服务模块.ixx:3547	2	inline I64 计算成功服务lambda候选( I64 标准服务单位, 枚举_成功服务层级 层级, I64 有效性, I64 证据强度, I64 非重复系数, I64 安全调节, I64 服务值上限) noexcept	计算权重、状态、差值或派生结果。		ClCompile	自我动作实现.服务模块.ixx:3547 | 自我动作实现.服务模块.ixx:3594
present	计算成功服务值饱和入账	计算成功服务值饱和入账	自我动作实现.服务模块.ixx:3569	2	inline 服务值结算计算结果 计算成功服务值饱和入账( const 服务值结算计算输入& 输入) noexcept	计算权重、状态、差值或派生结果。		ClCompile	自我动作实现.服务模块.ixx:3569 | 自我线程模块.impl.cpp:1562
present	特征_D0输出场景存在	特征_D0输出场景存在	自我动作实现.服务模块.ixx:357	2	inline const 语素入口节点类* 特征_D0输出场景存在() noexcept	按函数名执行对应处理。		ClCompile	自我动作实现.服务模块.ixx:357 | 自我动作实现.服务模块.ixx:2396
present	特征_D0目标特征存在	特征_D0目标特征存在	自我动作实现.服务模块.ixx:365	2	inline const 语素入口节点类* 特征_D0目标特征存在() noexcept	按函数名执行对应处理。		ClCompile	自我动作实现.服务模块.ixx:365 | 自我动作实现.服务模块.ixx:2397
present	特征_D0初始状态存在	特征_D0初始状态存在	自我动作实现.服务模块.ixx:373	2	inline const 语素入口节点类* 特征_D0初始状态存在() noexcept	按函数名执行对应处理。		ClCompile	自我动作实现.服务模块.ixx:373 | 自我动作实现.服务模块.ixx:2398
present	特征_D0结果状态存在	特征_D0结果状态存在	自我动作实现.服务模块.ixx:381	2	inline const 语素入口节点类* 特征_D0结果状态存在() noexcept	按函数名执行对应处理。		ClCompile	自我动作实现.服务模块.ixx:381 | 自我动作实现.服务模块.ixx:2399
present	类型_成功服务治理视图	类型_成功服务治理视图	自我动作实现.服务模块.ixx:389	2	inline const 语素入口节点类* 类型_成功服务治理视图() noexcept	按函数名执行对应处理。		ClCompile	自我动作实现.服务模块.ixx:389 | 自我动作实现.服务模块.ixx:2560
present	特征_服务定义规则版本	特征_服务定义规则版本	自我动作实现.服务模块.ixx:421	2	inline const 语素入口节点类* 特征_服务定义规则版本() noexcept	按函数名执行对应处理。		ClCompile	自我动作实现.服务模块.ixx:421 | 自我动作实现.服务模块.ixx:2571
present	特征_基础分	特征_基础分	自我动作实现.服务模块.ixx:469	2	inline const 语素入口节点类* 特征_基础分() noexcept	按函数名执行对应处理。		ClCompile	自我动作实现.服务模块.ixx:469 | 自我动作实现.服务模块.ixx:2804
present	特征_证据强度达到确认阈值	特征_证据强度达到确认阈值	自我动作实现.服务模块.ixx:477	2	inline const 语素入口节点类* 特征_证据强度达到确认阈值() noexcept	确认候选事实、存在、状态或运行结果。		ClCompile	自我动作实现.服务模块.ixx:477 | 自我动作实现.服务模块.ixx:2894
present	特征_L5高级治理确认	特征_L5高级治理确认	自我动作实现.服务模块.ixx:485	2	inline const 语素入口节点类* 特征_L5高级治理确认() noexcept	确认候选事实、存在、状态或运行结果。		ClCompile	自我动作实现.服务模块.ixx:485 | 自我动作实现.服务模块.ixx:2899
present	类型_成功服务候选池	类型_成功服务候选池	自我动作实现.服务模块.ixx:493	2	inline const 语素入口节点类* 类型_成功服务候选池() noexcept	按函数名执行对应处理。		ClCompile	自我动作实现.服务模块.ixx:493 | 自我动作实现.服务模块.ixx:3151
present	类型_成功服务候选记录	类型_成功服务候选记录	自我动作实现.服务模块.ixx:501	2	inline const 语素入口节点类* 类型_成功服务候选记录() noexcept	记录日志、动态、证据或运行痕迹。		ClCompile	自我动作实现.服务模块.ixx:501 | 自我动作实现.服务模块.ixx:3287
present	特征_候选有效期	特征_候选有效期	自我动作实现.服务模块.ixx:541	2	inline const 语素入口节点类* 特征_候选有效期() noexcept	按函数名执行对应处理。		ClCompile	自我动作实现.服务模块.ixx:541 | 自我动作实现.服务模块.ixx:3302
present	特征_反馈窗口	特征_反馈窗口	自我动作实现.服务模块.ixx:557	2	inline const 语素入口节点类* 特征_反馈窗口() noexcept	按函数名执行对应处理。		ClCompile	自我动作实现.服务模块.ixx:557 | 自我动作实现.服务模块.ixx:3306
present	特征_证据缺口	特征_证据缺口	自我动作实现.服务模块.ixx:565	2	inline const 语素入口节点类* 特征_证据缺口() noexcept	按函数名执行对应处理。		ClCompile	自我动作实现.服务模块.ixx:565 | 自我动作实现.服务模块.ixx:3309
present	特征_下一步验证方法	特征_下一步验证方法	自我动作实现.服务模块.ixx:573	2	inline const 语素入口节点类* 特征_下一步验证方法() noexcept	按函数名执行对应处理。		ClCompile	自我动作实现.服务模块.ixx:573 | 自我动作实现.服务模块.ixx:3312
present	特征_候选复核时间	特征_候选复核时间	自我动作实现.服务模块.ixx:581	2	inline const 语素入口节点类* 特征_候选复核时间() noexcept	按函数名执行对应处理。		ClCompile	自我动作实现.服务模块.ixx:581 | 自我动作实现.服务模块.ixx:3380
present	特征_候选复核结果	特征_候选复核结果	自我动作实现.服务模块.ixx:589	2	inline const 语素入口节点类* 特征_候选复核结果() noexcept	按函数名执行对应处理。		ClCompile	自我动作实现.服务模块.ixx:589 | 自我动作实现.服务模块.ixx:3381
present	特征_lambda候选	特征_lambda候选	自我动作实现.服务模块.ixx:605	2	inline const 语素入口节点类* 特征_lambda候选() noexcept	按函数名执行对应处理。		ClCompile	自我动作实现.服务模块.ixx:605 | 自我动作实现.服务模块.ixx:3637
present	特征_lambda使用	特征_lambda使用	自我动作实现.服务模块.ixx:613	2	inline const 语素入口节点类* 特征_lambda使用() noexcept	按函数名执行对应处理。		ClCompile	自我动作实现.服务模块.ixx:613 | 自我动作实现.服务模块.ixx:3638
present	特征_非重复系数	特征_非重复系数	自我动作实现.服务模块.ixx:629	2	inline const 语素入口节点类* 特征_非重复系数() noexcept	按函数名执行对应处理。		ClCompile	自我动作实现.服务模块.ixx:629 | 自我动作实现.服务模块.ixx:3634
present	特征_安全调节	特征_安全调节	自我动作实现.服务模块.ixx:637	2	inline const 语素入口节点类* 特征_安全调节() noexcept	按函数名执行对应处理。		ClCompile	自我动作实现.服务模块.ixx:637 | 自我动作实现.服务模块.ixx:3635
present	特征_服务值上限	特征_服务值上限	自我动作实现.服务模块.ixx:645	2	inline const 语素入口节点类* 特征_服务值上限() noexcept	按函数名执行对应处理。		ClCompile	自我动作实现.服务模块.ixx:645 | 自我动作实现.服务模块.ixx:3636
present	特征_硬门槛_人类对象成立	特征_硬门槛_人类对象成立	自我动作实现.服务模块.ixx:693	2	inline const 语素入口节点类* 特征_硬门槛_人类对象成立() noexcept	按函数名执行对应处理。		ClCompile	自我动作实现.服务模块.ixx:693 | 自我动作实现.服务模块.ixx:2485
present	特征_硬门槛_明确需求或利益	特征_硬门槛_明确需求或利益	自我动作实现.服务模块.ixx:701	2	inline const 语素入口节点类* 特征_硬门槛_明确需求或利益() noexcept	按函数名执行对应处理。		ClCompile	自我动作实现.服务模块.ixx:701 | 自我动作实现.服务模块.ixx:2487
present	特征_硬门槛_明确服务目标	特征_硬门槛_明确服务目标	自我动作实现.服务模块.ixx:709	2	inline const 语素入口节点类* 特征_硬门槛_明确服务目标() noexcept	按函数名执行对应处理。		ClCompile	自我动作实现.服务模块.ixx:709 | 自我动作实现.服务模块.ixx:2489
present	特征_硬门槛_权限边界成立	特征_硬门槛_权限边界成立	自我动作实现.服务模块.ixx:717	2	inline const 语素入口节点类* 特征_硬门槛_权限边界成立() noexcept	按函数名执行对应处理。		ClCompile	自我动作实现.服务模块.ixx:717 | 自我动作实现.服务模块.ixx:2491
present	特征_硬门槛_安全通过	特征_硬门槛_安全通过	自我动作实现.服务模块.ixx:725	2	inline const 语素入口节点类* 特征_硬门槛_安全通过() noexcept	按函数名执行对应处理。		ClCompile	自我动作实现.服务模块.ixx:725 | 自我动作实现.服务模块.ixx:2493
present	特征_硬门槛_服务已实际交付	特征_硬门槛_服务已实际交付	自我动作实现.服务模块.ixx:733	2	inline const 语素入口节点类* 特征_硬门槛_服务已实际交付() noexcept	按函数名执行对应处理。		ClCompile	自我动作实现.服务模块.ixx:733 | 自我动作实现.服务模块.ixx:2495
present	特征_硬门槛_D0自我服务业务动作存在	特征_硬门槛_D0自我服务业务动作存在	自我动作实现.服务模块.ixx:741	2	inline const 语素入口节点类* 特征_硬门槛_D0自我服务业务动作存在() noexcept	按函数名执行对应处理。		ClCompile	自我动作实现.服务模块.ixx:741 | 自我动作实现.服务模块.ixx:2497
present	特征_硬门槛_服务前后状态可比较	特征_硬门槛_服务前后状态可比较	自我动作实现.服务模块.ixx:749	2	inline const 语素入口节点类* 特征_硬门槛_服务前后状态可比较() noexcept	比较当前值、目标值或历史基准。		ClCompile	自我动作实现.服务模块.ixx:749 | 自我动作实现.服务模块.ixx:2499
present	特征_硬门槛_目标特征改善成立	特征_硬门槛_目标特征改善成立	自我动作实现.服务模块.ixx:757	2	inline const 语素入口节点类* 特征_硬门槛_目标特征改善成立() noexcept	按函数名执行对应处理。		ClCompile	自我动作实现.服务模块.ixx:757 | 自我动作实现.服务模块.ixx:2501
present	特征_硬门槛_改善结果可验证	特征_硬门槛_改善结果可验证	自我动作实现.服务模块.ixx:765	2	inline const 语素入口节点类* 特征_硬门槛_改善结果可验证() noexcept	按函数名执行对应处理。		ClCompile	自我动作实现.服务模块.ixx:765 | 自我动作实现.服务模块.ixx:2503
present	特征_验证特征集合	特征_验证特征集合	自我动作实现.服务模块.ixx:77	2	inline const 语素入口节点类* 特征_验证特征集合() noexcept	按函数名执行对应处理。		ClCompile	自我动作实现.服务模块.ixx:77 | 自我动作实现.服务模块.ixx:1789
present	特征_硬门槛_改善可归因于自我动作	特征_硬门槛_改善可归因于自我动作	自我动作实现.服务模块.ixx:773	2	inline const 语素入口节点类* 特征_硬门槛_改善可归因于自我动作() noexcept	按函数名执行对应处理。		ClCompile	自我动作实现.服务模块.ixx:773 | 自我动作实现.服务模块.ixx:2505
present	特征_硬门槛_非重复服务	特征_硬门槛_非重复服务	自我动作实现.服务模块.ixx:781	2	inline const 语素入口节点类* 特征_硬门槛_非重复服务() noexcept	按函数名执行对应处理。		ClCompile	自我动作实现.服务模块.ixx:781 | 自我动作实现.服务模块.ixx:2507
present	特征_硬门槛_闭环回写成立	特征_硬门槛_闭环回写成立	自我动作实现.服务模块.ixx:789	2	inline const 语素入口节点类* 特征_硬门槛_闭环回写成立() noexcept	按函数名执行对应处理。		ClCompile	自我动作实现.服务模块.ixx:789 | 自我动作实现.服务模块.ixx:2509
present	特征_服务字段缺口	特征_服务字段缺口	自我动作实现.服务模块.ixx:829	2	inline const 语素入口节点类* 特征_服务字段缺口() noexcept	按函数名执行对应处理。		ClCompile	自我动作实现.服务模块.ixx:829 | 自我动作实现.服务模块.ixx:1878
present	特征_缺口字段类型	特征_缺口字段类型	自我动作实现.服务模块.ixx:837	2	inline const 语素入口节点类* 特征_缺口字段类型() noexcept	按函数名执行对应处理。		ClCompile	自我动作实现.服务模块.ixx:837 | 自我动作实现.服务模块.ixx:1892
present	类型_服务方法运行存在	类型_服务方法运行存在	自我动作实现.服务模块.ixx:845	2	inline const 语素入口节点类* 类型_服务方法运行存在() noexcept	执行对应模块、线程或方法的运行逻辑。		ClCompile	自我动作实现.服务模块.ixx:845 | 自我动作实现.服务模块.ixx:1913
present	特征_归因特征集合	特征_归因特征集合	自我动作实现.服务模块.ixx:85	2	inline const 语素入口节点类* 特征_归因特征集合() noexcept	按函数名执行对应处理。		ClCompile	自我动作实现.服务模块.ixx:85 | 自我动作实现.服务模块.ixx:1797
present	特征_字段来源方法虚拟存在	特征_字段来源方法虚拟存在	自我动作实现.服务模块.ixx:853	2	inline const 语素入口节点类* 特征_字段来源方法虚拟存在() noexcept	按函数名执行对应处理。		ClCompile	自我动作实现.服务模块.ixx:853 | 自我动作实现.服务模块.ixx:1339
present	特征_字段来源方法版本	特征_字段来源方法版本	自我动作实现.服务模块.ixx:861	2	inline const 语素入口节点类* 特征_字段来源方法版本() noexcept	按函数名执行对应处理。		ClCompile	自我动作实现.服务模块.ixx:861 | 自我动作实现.服务模块.ixx:1352
present	特征_字段角色	特征_字段角色	自我动作实现.服务模块.ixx:869	2	inline const 语素入口节点类* 特征_字段角色() noexcept	按函数名执行对应处理。		ClCompile	自我动作实现.服务模块.ixx:869 | 自我动作实现.服务模块.ixx:1369
present	特征_字段激活阶段	特征_字段激活阶段	自我动作实现.服务模块.ixx:885	2	inline const 语素入口节点类* 特征_字段激活阶段() noexcept	按函数名执行对应处理。		ClCompile	自我动作实现.服务模块.ixx:885 | 自我动作实现.服务模块.ixx:1374
present	特征_字段是否必需	特征_字段是否必需	自我动作实现.服务模块.ixx:893	2	inline const 语素入口节点类* 特征_字段是否必需() noexcept	按函数名执行对应处理。		ClCompile	自我动作实现.服务模块.ixx:893 | 自我动作实现.服务模块.ixx:1375
present	特征_安全权限特征集合	特征_安全权限特征集合	自我动作实现.服务模块.ixx:93	2	inline const 语素入口节点类* 特征_安全权限特征集合() noexcept	按函数名执行对应处理。		ClCompile	自我动作实现.服务模块.ixx:93 | 自我动作实现.服务模块.ixx:1805
present	值_服务字段未挂载	值_服务字段未挂载	自我动作实现.服务模块.ixx:941	2	inline const 语素入口节点类* 值_服务字段未挂载() noexcept	按函数名执行对应处理。		ClCompile	自我动作实现.服务模块.ixx:941 | 自我动作实现.服务模块.ixx:1857
present	值_服务目标宿主缺失	值_服务目标宿主缺失	自我动作实现.服务模块.ixx:949	2	inline const 语素入口节点类* 值_服务目标宿主缺失() noexcept	按函数名执行对应处理。		ClCompile	自我动作实现.服务模块.ixx:949 | 自我动作实现.服务模块.ixx:2033
present	值_服务目标特征类型缺失	值_服务目标特征类型缺失	自我动作实现.服务模块.ixx:957	2	inline const 语素入口节点类* 值_服务目标特征类型缺失() noexcept	按函数名执行对应处理。		ClCompile	自我动作实现.服务模块.ixx:957 | 自我动作实现.服务模块.ixx:2039
present	值_D0动作动态缺失	值_D0动作动态缺失	自我动作实现.服务模块.ixx:973	2	inline const 语素入口节点类* 值_D0动作动态缺失() noexcept	按函数名执行对应处理。		ClCompile	自我动作实现.服务模块.ixx:973 | 自我动作实现.服务模块.ixx:2286
present	值_D0主信息缺失	值_D0主信息缺失	自我动作实现.服务模块.ixx:981	2	inline const 语素入口节点类* 值_D0主信息缺失() noexcept	按函数名执行对应处理。		ClCompile	自我动作实现.服务模块.ixx:981 | 自我动作实现.服务模块.ixx:2287
present	值_D0动作主体缺失	值_D0动作主体缺失	自我动作实现.服务模块.ixx:989	2	inline const 语素入口节点类* 值_D0动作主体缺失() noexcept	按函数名执行对应处理。		ClCompile	自我动作实现.服务模块.ixx:989 | 自我动作实现.服务模块.ixx:2288
present	值_D0动作主体非自我	值_D0动作主体非自我	自我动作实现.服务模块.ixx:997	2	inline const 语素入口节点类* 值_D0动作主体非自我() noexcept	按函数名执行对应处理。		ClCompile	自我动作实现.服务模块.ixx:997 | 自我动作实现.服务模块.ixx:2289
present	值_执行缺口_输出结果缺失	值_执行缺口_输出结果缺失	自我动作实现模块.ixx:1003	2	inline const 语素入口节点类* 值_执行缺口_输出结果缺失() noexcept	执行任务、方法或动作的主体逻辑。		ClCompile	自我动作实现.外设模块.ixx:1496 | 自我动作实现模块.ixx:1003
present	值_执行缺口_需求未满足	值_执行缺口_需求未满足	自我动作实现模块.ixx:1010	2	inline const 语素入口节点类* 值_执行缺口_需求未满足() noexcept	执行任务、方法或动作的主体逻辑。		ClCompile	自我动作实现.外设模块.ixx:1503 | 自我动作实现模块.ixx:1010
present	值_派生需求_重新筹办任务	值_派生需求_重新筹办任务	自我动作实现模块.ixx:1017	2	inline const 语素入口节点类* 值_派生需求_重新筹办任务() noexcept	推进任务筹办，形成候选、缺口或就绪回执。		ClCompile	自我动作实现.外设模块.ixx:1510 | 自我动作实现模块.ixx:1017
present	值_派生需求_检查当前方法执行入口	值_派生需求_检查当前方法执行入口	自我动作实现模块.ixx:1024	2	inline const 语素入口节点类* 值_派生需求_检查当前方法执行入口() noexcept	检查状态、条件、缺口或运行约束。		ClCompile	自我动作实现.外设模块.ixx:1517 | 自我动作实现模块.ixx:1024
present	任务状态动作动态失败原因文本	任务状态动作动态失败原因文本	自我动作实现模块.ixx:10289	2	inline const char* 任务状态动作动态失败原因文本( 枚举_任务状态动作动态失败原因 原因) noexcept	按函数名执行对应处理。		ClCompile	自我动作实现模块.ixx:10289 | 自我动作实现模块.ixx:10364
present	特征_条件特征	特征_条件特征	自我动作实现模块.ixx:103	2	inline const 语素入口节点类* 特征_条件特征() noexcept	按函数名执行对应处理。		ClCompile	自我动作实现.外设模块.ixx:693 | 自我动作实现模块.ixx:103
present	值_方法运行结果_筹办成功	值_方法运行结果_筹办成功	自我动作实现模块.ixx:1031	2	inline const 语素入口节点类* 值_方法运行结果_筹办成功() noexcept	执行对应模块、线程或方法的运行逻辑。		ClCompile	自我动作实现.外设模块.ixx:1524 | 自我动作实现模块.ixx:1031
present	任务状态动作动态失败原因词	任务状态动作动态失败原因词	自我动作实现模块.ixx:10315	2	inline const 语素入口节点类* 任务状态动作动态失败原因词( 枚举_任务状态动作动态失败原因 原因) noexcept	按函数名执行对应处理。		ClCompile	自我动作实现模块.ixx:10315 | 自我动作实现模块.ixx:10800
present	记录并提示任务状态动作动态逻辑错误	记录并提示任务状态动作动态逻辑错误	自我动作实现模块.ixx:10355	2	inline void 记录并提示任务状态动作动态逻辑错误( 枚举_任务状态动作动态失败原因 原因, const 方法类::节点类* 提交方法首节点, const 任务类::节点类* 任务, 场景节点类* 场景, 时间戳 now) noexcept	记录日志、动态、证据或运行痕迹。		ClCompile	自我动作实现模块.ixx:10355 | 自我动作实现模块.ixx:10801
present	值_方法运行结果_筹办未完成	值_方法运行结果_筹办未完成	自我动作实现模块.ixx:1038	2	inline const 语素入口节点类* 值_方法运行结果_筹办未完成() noexcept	执行对应模块、线程或方法的运行逻辑。		ClCompile	自我动作实现.外设模块.ixx:1531 | 自我动作实现模块.ixx:1038
present	输出任务状态提交动作动态	输出任务状态提交动作动态	自我动作实现模块.ixx:10385	2	inline 结构_任务状态动作动态输出结果 输出任务状态提交动作动态( 方法类::节点类* 提交方法首节点, 任务类::节点类* 任务, 存在节点类* 已知任务存在, 枚举_任务状态 旧状态, 枚举_任务状态 新状态, 枚举_任务阶段 旧阶段, 枚举_任务阶段 新阶段, 场景节点类* 输入参数场景, 场景节点类* 输出结果场景, 时间戳 now) noexcept	提交事实、动态、任务状态或运行回执。		ClCompile	自我动作实现模块.ixx:10385 | 自我动作实现模块.ixx:10987
present	值_方法运行结果_筹办失败	值_方法运行结果_筹办失败	自我动作实现模块.ixx:1045	2	inline const 语素入口节点类* 值_方法运行结果_筹办失败() noexcept	执行对应模块、线程或方法的运行逻辑。		ClCompile	自我动作实现.外设模块.ixx:1538 | 自我动作实现模块.ixx:1045
present	任务结果达到目标_提交前检查	任务结果达到目标_提交前检查	自我动作实现模块.ixx:10563	2	inline bool 任务结果达到目标_提交前检查( const 任务类::节点类* 任务, 时间戳 now) noexcept	提交事实、动态、任务状态或运行回执。		ClCompile	自我动作实现模块.ixx:10563 | 自我动作实现模块.ixx:10964
present	任务提交前一结果状态	任务提交前一结果状态	自我动作实现模块.ixx:10618	2	inline 状态节点类* 任务提交前一结果状态( const 任务类::节点类* 任务) noexcept	提交事实、动态、任务状态或运行回执。		ClCompile	自我动作实现模块.ixx:10618 | 自我动作实现模块.ixx:10659
present	回执宿主已有推进特征_提交路径	回执宿主已有推进特征_提交路径	自我动作实现模块.ixx:10627	2	inline bool 回执宿主已有推进特征_提交路径( 基础信息节点类* 回执宿主) noexcept	提交事实、动态、任务状态或运行回执。		ClCompile	自我动作实现模块.ixx:10627 | 自我动作实现模块.ixx:10953
present	同步任务推进特征_提交路径	同步任务推进特征_提交路径	自我动作实现模块.ixx:10639	2	inline void 同步任务推进特征_提交路径( 任务类::节点类* 任务, 时间戳 now) noexcept	同步线程、任务、场景或对象之间的状态。		ClCompile	自我动作实现模块.ixx:10639 | 自我动作实现模块.ixx:10955
present	确认任务状态被动提交来源规格	确认任务状态被动提交来源规格	自我动作实现模块.ixx:10701	2	inline const 语素入口节点类* 确认任务状态被动提交来源规格( 方法类::节点类* 方法首节点, 时间戳 now) noexcept	提交事实、动态、任务状态或运行回执。		ClCompile	自我动作实现模块.ixx:10701 | 自我动作实现模块.ixx:10932
present	任务状态被动提交内部阶段采样序号	任务状态被动提交内部阶段采样序号	自我动作实现模块.ixx:10749	2	inline std::uint64_t 任务状态被动提交内部阶段采样序号( std::uint64_t 总耗时微秒) noexcept	提交事实、动态、任务状态或运行回执。		ClCompile	自我动作实现模块.ixx:10749 | 自我动作实现模块.ixx:10834
present	特征_执行前值	特征_执行前值	自我动作实现模块.ixx:1108	2	inline const 语素入口节点类* 特征_执行前值() noexcept	执行任务、方法或动作的主体逻辑。		ClCompile	自我动作实现.外设模块.ixx:1601 | 自我动作实现模块.ixx:1108
present	特征_执行后值	特征_执行后值	自我动作实现模块.ixx:1115	2	inline const 语素入口节点类* 特征_执行后值() noexcept	执行任务、方法或动作的主体逻辑。		ClCompile	自我动作实现.外设模块.ixx:1608 | 自我动作实现模块.ixx:1115
present	特征_改变量	特征_改变量	自我动作实现模块.ixx:1149	2	inline const 语素入口节点类* 特征_改变量() noexcept	按函数名执行对应处理。		ClCompile	自我动作实现.外设模块.ixx:1642 | 自我动作实现模块.ixx:1149
present	特征_服务值	特征_服务值	自我动作实现模块.ixx:1156	2	inline const 语素入口节点类* 特征_服务值() noexcept	按函数名执行对应处理。		ClCompile	自我动作实现.外设模块.ixx:1649 | 自我动作实现模块.ixx:1156
present	特征_待处理方法数量	特征_待处理方法数量	自我动作实现模块.ixx:1162	2	inline const 语素入口节点类* 特征_待处理方法数量() noexcept	按函数名执行对应处理。		ClCompile	自我动作实现.外设模块.ixx:1655 | 自我动作实现模块.ixx:1162
present	特征_可用方法数量	特征_可用方法数量	自我动作实现模块.ixx:1169	2	inline const 语素入口节点类* 特征_可用方法数量() noexcept	按函数名执行对应处理。		ClCompile	自我动作实现.外设模块.ixx:1662 | 自我动作实现模块.ixx:1169
present	特征_需求条件包	特征_需求条件包	自我动作实现模块.ixx:1176	2	inline const 语素入口节点类* 特征_需求条件包() noexcept	按函数名执行对应处理。		ClCompile	自我动作实现.外设模块.ixx:1669 | 自我动作实现模块.ixx:1176
present	特征_查找限制包	特征_查找限制包	自我动作实现模块.ixx:1183	2	inline const 语素入口节点类* 特征_查找限制包() noexcept	按条件查找目标对象、方法或事实。		ClCompile	自我动作实现.外设模块.ixx:1676 | 自我动作实现模块.ixx:1183
present	特征_方法搜索根	特征_方法搜索根	自我动作实现模块.ixx:1197	2	inline const 语素入口节点类* 特征_方法搜索根() noexcept	在候选范围内搜索目标对象或路径。		ClCompile	自我动作实现.外设模块.ixx:1690 | 自我动作实现模块.ixx:1197
present	需求路径属于OR组_动作模块	需求路径属于OR组_动作模块	自我动作实现模块.ixx:12255	2	inline bool 需求路径属于OR组_动作模块( const 需求类::节点类* OR组, const 需求类::节点类* 路径) noexcept	按函数名执行对应处理。		ClCompile	自我动作实现模块.ixx:12255 | 自我动作实现模块.ixx:12754
present	OR组令牌记录键_动作模块	OR组令牌记录键_动作模块	自我动作实现模块.ixx:12273	2	inline I64 OR组令牌记录键_动作模块(const 需求类::节点类* OR组) noexcept	记录日志、动态、证据或运行痕迹。		ClCompile	自我动作实现模块.ixx:12273 | 自我动作实现模块.ixx:12306
present	取或创建OR组令牌记录_动作模块	取或创建OR组令牌记录_动作模块	自我动作实现模块.ixx:12290	2	inline 存在节点类* 取或创建OR组令牌记录_动作模块( 需求类::节点类* OR组, 时间戳 now) noexcept	创建并返回或登记对应对象。		ClCompile	自我动作实现模块.ixx:12290 | 自我动作实现模块.ixx:12747
present	输出OR组令牌动作动态	输出OR组令牌动作动态	自我动作实现模块.ixx:12315	2	inline 动态节点类* 输出OR组令牌动作动态( 方法类::节点类* 提交方法首节点, 存在节点类* 令牌记录, 需求类::节点类* OR组, 需求类::节点类* 领取路径, 动态节点类* 来源动作动态, 场景节点类* 输入参数场景, 场景节点类* 输出结果场景, 时间戳 now) noexcept	按函数名执行对应处理。		ClCompile	自我动作实现模块.ixx:12315 | 自我动作实现模块.ixx:12779
present	输出叶子任务价值结算动作动态	输出叶子任务价值结算动作动态	自我动作实现模块.ixx:12367	2	inline 动态节点类* 输出叶子任务价值结算动作动态( 方法类::节点类* 结算方法首节点, 自我类& 自我对象, const 语素入口节点类* 特征类型, I64 旧值, I64 新值, 动态节点类* 来源动作动态, 动态节点类* 满足证据动态, 场景节点类* 输入参数场景, 场景节点类* 输出结果场景, 时间戳 now) noexcept	结算任务、需求、价值或结果贡献。		ClCompile	自我动作实现模块.ixx:12367 | 自我动作实现模块.ixx:12575
present	特征_最高允许目标特征类型	特征_最高允许目标特征类型	自我动作实现模块.ixx:1267	2	inline const 语素入口节点类* 特征_最高允许目标特征类型() noexcept	按函数名执行对应处理。		ClCompile	自我动作实现.外设模块.ixx:1760 | 自我动作实现模块.ixx:1267
present	特征_最高允许宿主类型	特征_最高允许宿主类型	自我动作实现模块.ixx:1274	2	inline const 语素入口节点类* 特征_最高允许宿主类型() noexcept	按函数名执行对应处理。		ClCompile	自我动作实现.外设模块.ixx:1767 | 自我动作实现模块.ixx:1274
present	特征_允许值类型	特征_允许值类型	自我动作实现模块.ixx:1281	2	inline const 语素入口节点类* 特征_允许值类型() noexcept	按函数名执行对应处理。		ClCompile	自我动作实现.外设模块.ixx:1774 | 自我动作实现模块.ixx:1281
present	特征_最大类型抽象层数	特征_最大类型抽象层数	自我动作实现模块.ixx:1295	2	inline const 语素入口节点类* 特征_最大类型抽象层数() noexcept	按函数名执行对应处理。		ClCompile	自我动作实现.外设模块.ixx:1788 | 自我动作实现模块.ixx:1295
present	特征_最大值域抽象层数	特征_最大值域抽象层数	自我动作实现模块.ixx:1302	2	inline const 语素入口节点类* 特征_最大值域抽象层数() noexcept	按函数名执行对应处理。		ClCompile	自我动作实现.外设模块.ixx:1795 | 自我动作实现模块.ixx:1302
present	特征_最大查找递归深度	特征_最大查找递归深度	自我动作实现模块.ixx:1316	2	inline const 语素入口节点类* 特征_最大查找递归深度() noexcept	按条件查找目标对象、方法或事实。		ClCompile	自我动作实现.外设模块.ixx:1809 | 自我动作实现模块.ixx:1316
present	特征_是否包含禁用方法	特征_是否包含禁用方法	自我动作实现模块.ixx:1323	2	inline const 语素入口节点类* 特征_是否包含禁用方法() noexcept	按函数名执行对应处理。		ClCompile	自我动作实现.外设模块.ixx:1816 | 自我动作实现模块.ixx:1323
present	特征_是否允许当前方法自身	特征_是否允许当前方法自身	自我动作实现模块.ixx:1330	2	inline const 语素入口节点类* 特征_是否允许当前方法自身() noexcept	按函数名执行对应处理。		ClCompile	自我动作实现.外设模块.ixx:1823 | 自我动作实现模块.ixx:1330
present	特征_方法配对结果	特征_方法配对结果	自我动作实现模块.ixx:1337	2	inline const 语素入口节点类* 特征_方法配对结果() noexcept	按函数名执行对应处理。		ClCompile	自我动作实现.外设模块.ixx:1830 | 自我动作实现模块.ixx:1337
present	特征_参数配对结果	特征_参数配对结果	自我动作实现模块.ixx:1344	2	inline const 语素入口节点类* 特征_参数配对结果() noexcept	按函数名执行对应处理。		ClCompile	自我动作实现.外设模块.ixx:1837 | 自我动作实现模块.ixx:1344
present	类型_参数配对结果存在	类型_参数配对结果存在	自我动作实现模块.ixx:1351	2	inline const 语素入口节点类* 类型_参数配对结果存在() noexcept	按函数名执行对应处理。		ClCompile	自我动作实现.外设模块.ixx:1844 | 自我动作实现模块.ixx:1351
present	特征_参数配对情况	特征_参数配对情况	自我动作实现模块.ixx:1358	2	inline const 语素入口节点类* 特征_参数配对情况() noexcept	按函数名执行对应处理。		ClCompile	自我动作实现.外设模块.ixx:1851 | 自我动作实现模块.ixx:1358
present	类型_方法配对结果存在	类型_方法配对结果存在	自我动作实现模块.ixx:1386	2	inline const 语素入口节点类* 类型_方法配对结果存在() noexcept	按函数名执行对应处理。		ClCompile	自我动作实现.外设模块.ixx:1879 | 自我动作实现模块.ixx:1386
present	特征_来源需求条件包	特征_来源需求条件包	自我动作实现模块.ixx:1400	2	inline const 语素入口节点类* 特征_来源需求条件包() noexcept	按函数名执行对应处理。		ClCompile	自我动作实现.外设模块.ixx:1893 | 自我动作实现模块.ixx:1400
present	特征_使用限制包	特征_使用限制包	自我动作实现模块.ixx:1407	2	inline const 语素入口节点类* 特征_使用限制包() noexcept	按函数名执行对应处理。		ClCompile	自我动作实现.外设模块.ixx:1900 | 自我动作实现模块.ixx:1407
present	特征_缓存方法虚拟存在	特征_缓存方法虚拟存在	自我动作实现模块.ixx:1435	2	inline const 语素入口节点类* 特征_缓存方法虚拟存在() noexcept	按函数名执行对应处理。		ClCompile	自我动作实现.外设模块.ixx:1928 | 自我动作实现模块.ixx:1435
present	特征_选中方法虚拟存在	特征_选中方法虚拟存在	自我动作实现模块.ixx:1442	2	inline const 语素入口节点类* 特征_选中方法虚拟存在() noexcept	按函数名执行对应处理。		ClCompile	自我动作实现.外设模块.ixx:1935 | 自我动作实现模块.ixx:1442
present	特征_匹配方法能力包	特征_匹配方法能力包	自我动作实现模块.ixx:1449	2	inline const 语素入口节点类* 特征_匹配方法能力包() noexcept	按函数名执行对应处理。		ClCompile	自我动作实现.外设模块.ixx:1942 | 自我动作实现模块.ixx:1449
present	特征_效果表	特征_效果表	自我动作实现模块.ixx:145	2	inline const 语素入口节点类* 特征_效果表() noexcept	按函数名执行对应处理。		ClCompile	自我动作实现.外设模块.ixx:735 | 自我动作实现模块.ixx:145
present	特征_原始需求绑定包	特征_原始需求绑定包	自我动作实现模块.ixx:1456	2	inline const 语素入口节点类* 特征_原始需求绑定包() noexcept	建立对象、任务、方法或因果之间的绑定关系。		ClCompile	自我动作实现.外设模块.ixx:1949 | 自我动作实现模块.ixx:1456
present	特征_匹配路径记录	特征_匹配路径记录	自我动作实现模块.ixx:1463	2	inline const 语素入口节点类* 特征_匹配路径记录() noexcept	记录日志、动态、证据或运行痕迹。		ClCompile	自我动作实现.外设模块.ixx:1956 | 自我动作实现模块.ixx:1463
present	特征_类型抽象距离	特征_类型抽象距离	自我动作实现模块.ixx:1470	2	inline const 语素入口节点类* 特征_类型抽象距离() noexcept	按函数名执行对应处理。		ClCompile	自我动作实现.外设模块.ixx:1963 | 自我动作实现模块.ixx:1470
present	特征_值域抽象距离	特征_值域抽象距离	自我动作实现模块.ixx:1477	2	inline const 语素入口节点类* 特征_值域抽象距离() noexcept	按函数名执行对应处理。		ClCompile	自我动作实现.外设模块.ixx:1970 | 自我动作实现模块.ixx:1477
present	特征_总匹配距离	特征_总匹配距离	自我动作实现模块.ixx:1484	2	inline const 语素入口节点类* 特征_总匹配距离() noexcept	按函数名执行对应处理。		ClCompile	自我动作实现.外设模块.ixx:1977 | 自我动作实现模块.ixx:1484
present	特征_待配对形参表	特征_待配对形参表	自我动作实现模块.ixx:1491	2	inline const 语素入口节点类* 特征_待配对形参表() noexcept	按函数名执行对应处理。		ClCompile	自我动作实现.外设模块.ixx:1984 | 自我动作实现模块.ixx:1491
present	特征_候选扫描数量	特征_候选扫描数量	自我动作实现模块.ixx:1498	2	inline const 语素入口节点类* 特征_候选扫描数量() noexcept	执行扫描相关材料获取、比较或提交逻辑。		ClCompile	自我动作实现.外设模块.ixx:1991 | 自我动作实现模块.ixx:1498
present	特征_成功匹配数量	特征_成功匹配数量	自我动作实现模块.ixx:1505	2	inline const 语素入口节点类* 特征_成功匹配数量() noexcept	按函数名执行对应处理。		ClCompile	自我动作实现.外设模块.ixx:1998 | 自我动作实现模块.ixx:1505
present	特征_使用默认方法搜索根	特征_使用默认方法搜索根	自我动作实现模块.ixx:1519	2	inline const 语素入口节点类* 特征_使用默认方法搜索根() noexcept	在候选范围内搜索目标对象或路径。		ClCompile	自我动作实现.外设模块.ixx:2012 | 自我动作实现模块.ixx:1519
present	值_输入绑定失败	值_输入绑定失败	自我动作实现模块.ixx:1526	2	inline const 语素入口节点类* 值_输入绑定失败() noexcept	建立对象、任务、方法或因果之间的绑定关系。		ClCompile	自我动作实现.外设模块.ixx:2019 | 自我动作实现模块.ixx:1526
present	值_超出限制	值_超出限制	自我动作实现模块.ixx:1533	2	inline const 语素入口节点类* 值_超出限制() noexcept	按函数名执行对应处理。		ClCompile	自我动作实现.外设模块.ixx:2026 | 自我动作实现模块.ixx:1533
present	值_没有匹配方法	值_没有匹配方法	自我动作实现模块.ixx:1540	2	inline const 语素入口节点类* 值_没有匹配方法() noexcept	按函数名执行对应处理。		ClCompile	自我动作实现.外设模块.ixx:2033 | 自我动作实现模块.ixx:1540
present	值_不修改现实场景特征值	值_不修改现实场景特征值	自我动作实现模块.ixx:1603	2	inline const 语素入口节点类* 值_不修改现实场景特征值() noexcept	按函数名执行对应处理。		ClCompile	自我动作实现.外设模块.ixx:2096 | 自我动作实现模块.ixx:1603
present	值_不执行被查找到的方法	值_不执行被查找到的方法	自我动作实现模块.ixx:1610	2	inline const 语素入口节点类* 值_不执行被查找到的方法() noexcept	按条件查找目标对象、方法或事实。		ClCompile	自我动作实现.外设模块.ixx:2103 | 自我动作实现模块.ixx:1610
present	特征_执行前值快照	特征_执行前值快照	自我动作实现模块.ixx:1778	2	inline const 语素入口节点类* 特征_执行前值快照() noexcept	执行任务、方法或动作的主体逻辑。		ClCompile	自我动作实现.外设模块.ixx:5379 | 自我动作实现模块.ixx:1778
present	特征_特征类型配对结果	特征_特征类型配对结果	自我动作实现模块.ixx:1785	2	inline const 语素入口节点类* 特征_特征类型配对结果() noexcept	按函数名执行对应处理。		ClCompile	自我动作实现.外设模块.ixx:5386 | 自我动作实现模块.ixx:1785
present	特征_实例缺失策略	特征_实例缺失策略	自我动作实现模块.ixx:1792	2	inline const 语素入口节点类* 特征_实例缺失策略() noexcept	按函数名执行对应处理。		ClCompile	自我动作实现.外设模块.ixx:5393 | 自我动作实现模块.ixx:1792
present	特征_溢出策略	特征_溢出策略	自我动作实现模块.ixx:1799	2	inline const 语素入口节点类* 特征_溢出策略() noexcept	按函数名执行对应处理。		ClCompile	自我动作实现.外设模块.ixx:5400 | 自我动作实现模块.ixx:1799
present	特征_限制包	特征_限制包	自我动作实现模块.ixx:1806	2	inline const 语素入口节点类* 特征_限制包() noexcept	按函数名执行对应处理。		ClCompile	自我动作实现.外设模块.ixx:5407 | 自我动作实现模块.ixx:1806
present	特征_实际执行差值	特征_实际执行差值	自我动作实现模块.ixx:1820	2	inline const 语素入口节点类* 特征_实际执行差值() noexcept	执行任务、方法或动作的主体逻辑。		ClCompile	自我动作实现.外设模块.ixx:5421 | 自我动作实现模块.ixx:1820
present	特征_差值命中状态	特征_差值命中状态	自我动作实现模块.ixx:1827	2	inline const 语素入口节点类* 特征_差值命中状态() noexcept	按函数名执行对应处理。		ClCompile	自我动作实现.外设模块.ixx:5428 | 自我动作实现模块.ixx:1827
present	特征_是否发生溢出	特征_是否发生溢出	自我动作实现模块.ixx:1834	2	inline const 语素入口节点类* 特征_是否发生溢出() noexcept	按函数名执行对应处理。		ClCompile	自我动作实现.外设模块.ixx:5435 | 自我动作实现模块.ixx:1834
present	特征_当前命中抽象特征	特征_当前命中抽象特征	自我动作实现模块.ixx:1841	2	inline const 语素入口节点类* 特征_当前命中抽象特征() noexcept	按函数名执行对应处理。		ClCompile	自我动作实现.外设模块.ixx:5442 | 自我动作实现模块.ixx:1841
present	特征_OR组令牌记录键	特征_OR组令牌记录键	自我动作实现模块.ixx:201	2	inline const 语素入口节点类* 特征_OR组令牌记录键() noexcept	记录日志、动态、证据或运行痕迹。		ClCompile	自我动作实现模块.ixx:201 | 自我动作实现模块.ixx:12305
present	方法状态_待方法动作	方法状态_待方法动作	自我动作实现模块.ixx:2129	2	inline constexpr I64 方法状态_待方法动作() noexcept	方法状态必须使用 枚举_方法状态 的连续取值；旧的 10/20/60 阶梯值会破坏需求目标满足判断。		ClCompile	自我动作实现.外设模块.ixx:5709 | 自我动作实现模块.ixx:2129
present	方法状态_有条件节点	方法状态_有条件节点	自我动作实现模块.ixx:2138	2	inline constexpr I64 方法状态_有条件节点() noexcept	按函数名执行对应处理。		ClCompile	自我动作实现.外设模块.ixx:5718 | 自我动作实现模块.ixx:2138
present	方法状态_待运行账	方法状态_待运行账	自我动作实现模块.ixx:2147	2	inline constexpr I64 方法状态_待运行账() noexcept	执行对应模块、线程或方法的运行逻辑。		ClCompile	自我动作实现.外设模块.ixx:5727 | 自我动作实现模块.ixx:2147
present	特征_OR组令牌领取任务	特征_OR组令牌领取任务	自我动作实现模块.ixx:215	2	inline const 语素入口节点类* 特征_OR组令牌领取任务() noexcept	按函数名执行对应处理。		ClCompile	自我动作实现模块.ixx:215 | 自我动作实现模块.ixx:12776
present	特征_当前交互者明确状态	特征_当前交互者明确状态	自我动作实现模块.ixx:2170	2	inline const 语素入口节点类* 特征_当前交互者明确状态() noexcept	按函数名执行对应处理。		ClCompile	自我动作实现.外设模块.ixx:5750 | 自我动作实现模块.ixx:2170
present	特征_当前人类服务对象明确状态	特征_当前人类服务对象明确状态	自我动作实现模块.ixx:2177	2	inline const 语素入口节点类* 特征_当前人类服务对象明确状态() noexcept	按函数名执行对应处理。		ClCompile	自我动作实现.外设模块.ixx:5757 | 自我动作实现模块.ixx:2177
present	特征_当前权限者明确状态	特征_当前权限者明确状态	自我动作实现模块.ixx:2184	2	inline const 语素入口节点类* 特征_当前权限者明确状态() noexcept	按函数名执行对应处理。		ClCompile	自我动作实现.外设模块.ixx:5764 | 自我动作实现模块.ixx:2184
present	特征_当前服务目标明确状态	特征_当前服务目标明确状态	自我动作实现模块.ixx:2191	2	inline const 语素入口节点类* 特征_当前服务目标明确状态() noexcept	按函数名执行对应处理。		ClCompile	自我动作实现.外设模块.ixx:5771 | 自我动作实现模块.ixx:2191
present	特征_沟通交流需求明确状态	特征_沟通交流需求明确状态	自我动作实现模块.ixx:2198	2	inline const 语素入口节点类* 特征_沟通交流需求明确状态() noexcept	按函数名执行对应处理。		ClCompile	自我动作实现.外设模块.ixx:5778 | 自我动作实现模块.ixx:2198
present	特征_服务对象反馈信息获取尝试状态	特征_服务对象反馈信息获取尝试状态	自我动作实现模块.ixx:2205	2	inline const 语素入口节点类* 特征_服务对象反馈信息获取尝试状态() noexcept	读取并返回指定对象、状态或运行材料。		ClCompile	自我动作实现.外设模块.ixx:5785 | 自我动作实现模块.ixx:2205
present	特征_自我运行状态明确状态	特征_自我运行状态明确状态	自我动作实现模块.ixx:2212	2	inline const 语素入口节点类* 特征_自我运行状态明确状态() noexcept	执行对应模块、线程或方法的运行逻辑。		ClCompile	自我动作实现.外设模块.ixx:5792 | 自我动作实现模块.ixx:2212
present	特征_自我运行状态正常状态	特征_自我运行状态正常状态	自我动作实现模块.ixx:2219	2	inline const 语素入口节点类* 特征_自我运行状态正常状态() noexcept	执行对应模块、线程或方法的运行逻辑。		ClCompile	自我动作实现.外设模块.ixx:5799 | 自我动作实现模块.ixx:2219
present	特征_资源状态明确状态	特征_资源状态明确状态	自我动作实现模块.ixx:2226	2	inline const 语素入口节点类* 特征_资源状态明确状态() noexcept	按函数名执行对应处理。		ClCompile	自我动作实现.外设模块.ixx:5806 | 自我动作实现模块.ixx:2226
present	特征_资源状态足够状态	特征_资源状态足够状态	自我动作实现模块.ixx:2233	2	inline const 语素入口节点类* 特征_资源状态足够状态() noexcept	按函数名执行对应处理。		ClCompile	自我动作实现.外设模块.ixx:5813 | 自我动作实现模块.ixx:2233
present	特征_权限边界明确状态	特征_权限边界明确状态	自我动作实现模块.ixx:2240	2	inline const 语素入口节点类* 特征_权限边界明确状态() noexcept	按函数名执行对应处理。		ClCompile	自我动作实现.外设模块.ixx:5820 | 自我动作实现模块.ixx:2240
present	特征_风险状态可控状态	特征_风险状态可控状态	自我动作实现模块.ixx:2254	2	inline const 语素入口节点类* 特征_风险状态可控状态() noexcept	按函数名执行对应处理。		ClCompile	自我动作实现.外设模块.ixx:5834 | 自我动作实现模块.ixx:2254
present	特征_服务前状态场景	特征_服务前状态场景	自我动作实现模块.ixx:2261	2	inline const 语素入口节点类* 特征_服务前状态场景() noexcept	按函数名执行对应处理。		ClCompile	自我动作实现.外设模块.ixx:6841 | 自我动作实现模块.ixx:2261
present	特征_资源压力降低状态	特征_资源压力降低状态	自我动作实现模块.ixx:2275	2	inline const 语素入口节点类* 特征_资源压力降低状态() noexcept	按函数名执行对应处理。		ClCompile	自我动作实现.外设模块.ixx:6855 | 自我动作实现模块.ixx:2275
present	特征_风险传播阻断状态	特征_风险传播阻断状态	自我动作实现模块.ixx:2282	2	inline const 语素入口节点类* 特征_风险传播阻断状态() noexcept	按函数名执行对应处理。		ClCompile	自我动作实现.外设模块.ixx:6862 | 自我动作实现模块.ixx:2282
present	特征_非必要任务暂停状态	特征_非必要任务暂停状态	自我动作实现模块.ixx:2289	2	inline const 语素入口节点类* 特征_非必要任务暂停状态() noexcept	按函数名执行对应处理。		ClCompile	自我动作实现.外设模块.ixx:6869 | 自我动作实现模块.ixx:2289
present	特征_OR组令牌领取时间	特征_OR组令牌领取时间	自我动作实现模块.ixx:229	2	inline const 语素入口节点类* 特征_OR组令牌领取时间() noexcept	按函数名执行对应处理。		ClCompile	自我动作实现模块.ixx:229 | 自我动作实现模块.ixx:12778
present	值_目标实例特征缺失	值_目标实例特征缺失	自我动作实现模块.ixx:2296	2	inline const 语素入口节点类* 值_目标实例特征缺失() noexcept	按函数名执行对应处理。		ClCompile	自我动作实现.外设模块.ixx:6876 | 自我动作实现模块.ixx:2296
present	值_执行前值缺失	值_执行前值缺失	自我动作实现模块.ixx:2303	2	inline const 语素入口节点类* 值_执行前值缺失() noexcept	执行任务、方法或动作的主体逻辑。		ClCompile	自我动作实现.外设模块.ixx:6883 | 自我动作实现模块.ixx:2303
present	值_输入快照过期	值_输入快照过期	自我动作实现模块.ixx:2310	2	inline const 语素入口节点类* 值_输入快照过期() noexcept	按函数名执行对应处理。		ClCompile	自我动作实现.外设模块.ixx:6890 | 自我动作实现模块.ixx:2310
present	值_I64溢出	值_I64溢出	自我动作实现模块.ixx:2317	2	inline const 语素入口节点类* 值_I64溢出() noexcept	按函数名执行对应处理。		ClCompile	自我动作实现.外设模块.ixx:6897 | 自我动作实现模块.ixx:2317
present	值_差值计算溢出	值_差值计算溢出	自我动作实现模块.ixx:2324	2	inline const 语素入口节点类* 值_差值计算溢出() noexcept	计算权重、状态、差值或派生结果。		ClCompile	自我动作实现.外设模块.ixx:6904 | 自我动作实现模块.ixx:2324
present	值_缺少执行差值或目标值	值_缺少执行差值或目标值	自我动作实现模块.ixx:2331	2	inline const 语素入口节点类* 值_缺少执行差值或目标值() noexcept	执行任务、方法或动作的主体逻辑。		ClCompile	自我动作实现.外设模块.ixx:6911 | 自我动作实现模块.ixx:2331
present	值_执行差值与目标值冲突	值_执行差值与目标值冲突	自我动作实现模块.ixx:2338	2	inline const 语素入口节点类* 值_执行差值与目标值冲突() noexcept	执行任务、方法或动作的主体逻辑。		ClCompile	自我动作实现.外设模块.ixx:6918 | 自我动作实现模块.ixx:2338
present	值_实际差值未命中约束	值_实际差值未命中约束	自我动作实现模块.ixx:2345	2	inline const 语素入口节点类* 值_实际差值未命中约束() noexcept	按函数名执行对应处理。		ClCompile	自我动作实现.外设模块.ixx:6925 | 自我动作实现模块.ixx:2345
present	值_目标特征写入失败	值_目标特征写入失败	自我动作实现模块.ixx:2352	2	inline const 语素入口节点类* 值_目标特征写入失败() noexcept	把处理结果写入指定对象、场景或日志。		ClCompile	自我动作实现.外设模块.ixx:6932 | 自我动作实现模块.ixx:2352
present	值_差值约束包缺失	值_差值约束包缺失	自我动作实现模块.ixx:2359	2	inline const 语素入口节点类* 值_差值约束包缺失() noexcept	按函数名执行对应处理。		ClCompile	自我动作实现.外设模块.ixx:6939 | 自我动作实现模块.ixx:2359
present	值_方法配对结果缺失	值_方法配对结果缺失	自我动作实现模块.ixx:2366	2	inline const 语素入口节点类* 值_方法配对结果缺失() noexcept	按函数名执行对应处理。		ClCompile	自我动作实现.外设模块.ixx:6946 | 自我动作实现模块.ixx:2366
present	值_任务状态动作动态_建议任务状态缺失	值_任务状态动作动态_建议任务状态缺失	自我动作实现模块.ixx:2415	2	inline const 语素入口节点类* 值_任务状态动作动态_建议任务状态缺失() noexcept	按函数名执行对应处理。		ClCompile	自我动作实现模块.ixx:2415 | 自我动作实现模块.ixx:10324
present	值_因果证据不足	值_因果证据不足	自我动作实现模块.ixx:2464	2	inline const 语素入口节点类* 值_因果证据不足() noexcept	按函数名执行对应处理。		ClCompile	自我动作实现.外设模块.ixx:7037 | 自我动作实现模块.ixx:2464
present	值_需求满足	值_需求满足	自我动作实现模块.ixx:2527	2	inline const 语素入口节点类* 值_需求满足() noexcept	按函数名执行对应处理。		ClCompile	自我动作实现.外设模块.ixx:7100 | 自我动作实现模块.ixx:2527
present	值_需求未满足	值_需求未满足	自我动作实现模块.ixx:2534	2	inline const 语素入口节点类* 值_需求未满足() noexcept	按函数名执行对应处理。		ClCompile	自我动作实现.外设模块.ixx:7107 | 自我动作实现模块.ixx:2534
present	值_目标抽象特征无效	值_目标抽象特征无效	自我动作实现模块.ixx:2541	2	inline const 语素入口节点类* 值_目标抽象特征无效() noexcept	按函数名执行对应处理。		ClCompile	自我动作实现.外设模块.ixx:7114 | 自我动作实现模块.ixx:2541
present	值_实例特征未命中抽象特征	值_实例特征未命中抽象特征	自我动作实现模块.ixx:2548	2	inline const 语素入口节点类* 值_实例特征未命中抽象特征() noexcept	按函数名执行对应处理。		ClCompile	自我动作实现.外设模块.ixx:7121 | 自我动作实现模块.ixx:2548
present	值_目标值类型不是I64	值_目标值类型不是I64	自我动作实现模块.ixx:2555	2	inline const 语素入口节点类* 值_目标值类型不是I64() noexcept	按函数名执行对应处理。		ClCompile	自我动作实现.外设模块.ixx:7128 | 自我动作实现模块.ixx:2555
present	类型_需求_实例化特征	类型_需求_实例化特征	自我动作实现模块.ixx:2562	2	inline const 语素入口节点类* 类型_需求_实例化特征() noexcept	按函数名执行对应处理。		ClCompile	自我动作实现.外设模块.ixx:7135 | 自我动作实现模块.ixx:2562
present	类型_需求_确定特征当前值	类型_需求_确定特征当前值	自我动作实现模块.ixx:2569	2	inline const 语素入口节点类* 类型_需求_确定特征当前值() noexcept	按函数名执行对应处理。		ClCompile	自我动作实现.外设模块.ixx:7142 | 自我动作实现模块.ixx:2569
present	特征_被需求当前状态	特征_被需求当前状态	自我动作实现模块.ixx:257	2	inline const 语素入口节点类* 特征_被需求当前状态() noexcept	按函数名执行对应处理。		ClCompile	自我动作实现.外设模块.ixx:770 | 自我动作实现模块.ixx:257
present	类型_需求_确定执行差值或目标值	类型_需求_确定执行差值或目标值	自我动作实现模块.ixx:2576	2	inline const 语素入口节点类* 类型_需求_确定执行差值或目标值() noexcept	执行任务、方法或动作的主体逻辑。		ClCompile	自我动作实现.外设模块.ixx:7149 | 自我动作实现模块.ixx:2576
present	类型_需求_重新配对参数或调整目标值	类型_需求_重新配对参数或调整目标值	自我动作实现模块.ixx:2583	2	inline const 语素入口节点类* 类型_需求_重新配对参数或调整目标值() noexcept	按函数名执行对应处理。		ClCompile	自我动作实现.外设模块.ixx:7156 | 自我动作实现模块.ixx:2583
present	类型_需求_修复实例特征写入能力	类型_需求_修复实例特征写入能力	自我动作实现模块.ixx:2590	2	inline const 语素入口节点类* 类型_需求_修复实例特征写入能力() noexcept	把处理结果写入指定对象、场景或日志。		ClCompile	自我动作实现.外设模块.ixx:7163 | 自我动作实现模块.ixx:2590
present	特征_需求有效截止	特征_需求有效截止	自我动作实现模块.ixx:264	2	inline const 语素入口节点类* 特征_需求有效截止() noexcept	按函数名执行对应处理。		ClCompile	自我动作实现.外设模块.ixx:777 | 自我动作实现模块.ixx:264
present	特征_累计安全结算	特征_累计安全结算	自我动作实现模块.ixx:271	2	inline const 语素入口节点类* 特征_累计安全结算() noexcept	结算任务、需求、价值或结果贡献。		ClCompile	自我动作实现.外设模块.ixx:784 | 自我动作实现模块.ixx:271
present	读取基础节点特征值	读取基础节点特征值	自我动作实现模块.ixx:2717	2	inline bool 读取基础节点特征值( 基础信息节点类* 宿主, const 语素入口节点类* 特征类型, 特征值& 输出值) noexcept	从指定来源读取数据或状态。		ClCompile	自我动作实现.外设模块.ixx:7723 | 自我动作实现模块.ixx:2717
present	特征_累计服务结算	特征_累计服务结算	自我动作实现模块.ixx:278	2	inline const 语素入口节点类* 特征_累计服务结算() noexcept	结算任务、需求、价值或结果贡献。		ClCompile	自我动作实现.外设模块.ixx:791 | 自我动作实现模块.ixx:278
present	特征_最近结算时间	特征_最近结算时间	自我动作实现模块.ixx:285	2	inline const 语素入口节点类* 特征_最近结算时间() noexcept	结算任务、需求、价值或结果贡献。		ClCompile	自我动作实现.外设模块.ixx:798 | 自我动作实现模块.ixx:285
present	写入目标方法状态派生需求	写入目标方法状态派生需求	自我动作实现模块.ixx:2969	2	inline void 写入目标方法状态派生需求( 方法类::节点类* 当前本能方法, 方法类::节点类* 目标方法, I64 当前状态值, I64 目标状态值, 场景节点类*& 输出结果场景, 时间戳 now) noexcept	把处理结果写入指定对象、场景或日志。		ClCompile	自我动作实现.外设模块.ixx:8066 | 自我动作实现模块.ixx:2969
present	抽象条件集合根	抽象条件集合根	自我动作实现模块.ixx:3126	2	inline 特征节点类* 抽象条件集合根( 方法类::节点类* 方法首节点, 时间戳 now) noexcept	按函数名执行对应处理。		ClCompile	自我动作实现.外设模块.ixx:8317 | 自我动作实现模块.ixx:3126
present	取或创建根下抽象特征	取或创建根下抽象特征	自我动作实现模块.ixx:3250	2	inline 抽象特征节点类* 取或创建根下抽象特征( const 语素入口节点类* 特征类型) noexcept	创建并返回或登记对应对象。		ClCompile	自我动作实现模块.ixx:3250 | 自我动作实现模块.ixx:3267
present	归并方法条件结果对	归并方法条件结果对	自我动作实现模块.ixx:3609	2	inline 结构_方法条件结果节点 归并方法条件结果对( 方法类::节点类* 方法首节点, 场景节点类* 执行前条件场景, 场景节点类* 执行后实际结果场景, 时间戳 now) noexcept	按函数名执行对应处理。		ClCompile	自我动作实现模块.ixx:3609 | 自我动作实现模块.ixx:3735
present	记录既有条件结果对练习样本	记录既有条件结果对练习样本	自我动作实现模块.ixx:3743	2	inline void 记录既有条件结果对练习样本( 方法类::节点类* 方法首节点, 场景节点类* 条件场景, 场景节点类* 实际结果场景, bool 目标执行成功, 时间戳 now) noexcept	记录日志、动态、证据或运行痕迹。		ClCompile	自我动作实现模块.ixx:3743 | 自我动作实现模块.ixx:9716
present	增加场景I64特征	增加场景I64特征	自我动作实现模块.ixx:3838	2	inline bool 增加场景I64特征( 场景节点类* 场景, const 语素入口节点类* 特征类型, I64 增量, 时间戳 now) noexcept	按函数名执行对应处理。		ClCompile	自我动作实现.外设模块.ixx:8575 | 自我动作实现模块.ixx:3838
present	写入参数绑定失败	写入参数绑定失败	自我动作实现模块.ixx:3856	2	inline void 写入参数绑定失败( 存在节点类* 运行存在, 场景节点类* 输出结果场景, 时间戳 now) noexcept	把处理结果写入指定对象、场景或日志。		ClCompile	自我动作实现.外设模块.ixx:8593 | 自我动作实现模块.ixx:3856
present	声明运行参数	声明运行参数	自我动作实现模块.ixx:3883	2	inline bool 声明运行参数( 方法类::节点类* 方法首节点, const 语素入口节点类* 参数类型, 时间戳 now) noexcept	执行对应模块、线程或方法的运行逻辑。		ClCompile	自我动作实现.外设模块.ixx:8621 | 自我动作实现模块.ixx:3883
present	运行参数已从输入场景匹配	运行参数已从输入场景匹配	自我动作实现模块.ixx:3897	2	inline bool 运行参数已从输入场景匹配( 方法类::节点类* 方法首节点, 场景节点类* 输入参数场景, 时间戳 now) noexcept	执行对应模块、线程或方法的运行逻辑。		ClCompile	自我动作实现.外设模块.ixx:8635 | 自我动作实现模块.ixx:3897
present	描述无条件本能	描述无条件本能	自我动作实现模块.ixx:3924	2	inline bool 描述无条件本能( 方法类::节点类* 方法首节点, 时间戳 now) noexcept	按函数名执行对应处理。		ClCompile	自我动作实现.外设模块.ixx:8662 | 自我动作实现模块.ixx:3924
present	特征_任务当前阶段	特征_任务当前阶段	自我动作实现模块.ixx:411	2	inline const 语素入口节点类* 特征_任务当前阶段() noexcept	按函数名执行对应处理。		ClCompile	自我动作实现模块.ixx:411 | 自我动作实现模块.ixx:10486
present	特征_任务层执行回执	特征_任务层执行回执	自我动作实现模块.ixx:424	2	inline const 语素入口节点类* 特征_任务层执行回执() noexcept	执行任务、方法或动作的主体逻辑。		ClCompile	自我动作实现.外设模块.ixx:931 | 自我动作实现模块.ixx:424
present	基础节点类型词	基础节点类型词	自我动作实现模块.ixx:4504	2	inline const 语素入口节点类* 基础节点类型词(const 基础信息节点类* 节点) noexcept	按函数名执行对应处理。		ClCompile	自我动作实现模块.ixx:4504 | 自我动作实现模块.ixx:4564
present	特征值节点对应特征类型词	特征值节点对应特征类型词	自我动作实现模块.ixx:4546	2	inline const 语素入口节点类* 特征值节点对应特征类型词( const 基础信息节点类* 节点) noexcept	按函数名执行对应处理。		ClCompile	自我动作实现模块.ixx:4546 | 自我动作实现模块.ixx:4654
present	吸收条件项指针值	吸收条件项指针值	自我动作实现模块.ixx:4604	2	inline void 吸收条件项指针值(结构_条件项视图& 项, const void* 指针) noexcept	按函数名执行对应处理。		ClCompile	自我动作实现模块.ixx:4604 | 自我动作实现模块.ixx:4642
present	读取条件项特征类型	读取条件项特征类型	自我动作实现模块.ixx:4647	2	inline const 语素入口节点类* 读取条件项特征类型( 基础信息节点类* 条件项节点, const 语素入口节点类* 默认类型) noexcept	从指定来源读取数据或状态。		ClCompile	自我动作实现模块.ixx:4647 | 自我动作实现模块.ixx:4683
present	条件项有值约束	条件项有值约束	自我动作实现模块.ixx:4662	2	inline bool 条件项有值约束(const 结构_条件项视图& 项) noexcept	按函数名执行对应处理。		ClCompile	自我动作实现模块.ixx:4662 | 自我动作实现模块.ixx:4838
present	解析条件项视图	解析条件项视图	自我动作实现模块.ixx:4674	2	inline 结构_条件项视图 解析条件项视图(特征节点类* 条件项节点) noexcept	解析输入文本、消息、场景或运行包。		ClCompile	自我动作实现模块.ixx:4674 | 自我动作实现模块.ixx:4745
present	读取条件槽列表	读取条件槽列表	自我动作实现模块.ixx:4740	2	inline std::vector<结构_条件项视图> 读取条件槽列表(基础信息节点类* 条件包) noexcept	从指定来源读取数据或状态。		ClCompile	自我动作实现模块.ixx:4740 | 自我动作实现模块.ixx:4912
present	特征_筹办缺口类型	特征_筹办缺口类型	自我动作实现模块.ixx:480	2	inline const 语素入口节点类* 特征_筹办缺口类型() noexcept	推进任务筹办，形成候选、缺口或就绪回执。		ClCompile	自我动作实现.外设模块.ixx:987 | 自我动作实现模块.ixx:480
present	输入实参满足条件项	输入实参满足条件项	自我动作实现模块.ixx:4825	2	inline bool 输入实参满足条件项( 场景节点类* 输入参数场景, const 结构_条件项视图& 条件项) noexcept	按函数名执行对应处理。		ClCompile	自我动作实现模块.ixx:4825 | 自我动作实现模块.ixx:4920
present	方法条件节点匹配输入场景	方法条件节点匹配输入场景	自我动作实现模块.ixx:4880	2	inline 结构_方法条件节点匹配结果 方法条件节点匹配输入场景( 方法类::节点类* 方法首节点, 场景节点类* 输入参数场景, 时间戳 now) noexcept	按函数名执行对应处理。		ClCompile	自我动作实现模块.ixx:4880 | 自我动作实现模块.ixx:5195
present	写入条件匹配结果	写入条件匹配结果	自我动作实现模块.ixx:4937	2	inline bool 写入条件匹配结果( 基础信息节点类* 宿主, const 结构_方法条件节点匹配结果& 匹配, 时间戳 now) noexcept	把处理结果写入指定对象、场景或日志。		ClCompile	自我动作实现模块.ixx:4937 | 自我动作实现模块.ixx:5247
present	特征_当前阻塞状态	特征_当前阻塞状态	自我动作实现模块.ixx:494	2	inline const 语素入口节点类* 特征_当前阻塞状态() noexcept	等待线程、任务、外设或条件变化。		ClCompile	自我动作实现模块.ixx:494 | 自我动作实现模块.ixx:7445
present	读取条件绑定指针	读取条件绑定指针	自我动作实现模块.ixx:5009	2	inline bool 读取条件绑定指针( const 结构_方法条件绑定结果& 绑定, const 语素入口节点类* 特征类型, void*& 输出指针) noexcept	从指定来源读取数据或状态。		ClCompile	自我动作实现模块.ixx:5009 | 自我动作实现模块.ixx:5045
present	方法指针若属于自我方法树	方法指针若属于自我方法树	自我动作实现模块.ixx:5063	2	inline 方法类::节点类* 方法指针若属于自我方法树(void* 指针) noexcept	按函数名执行对应处理。		ClCompile	自我动作实现模块.ixx:5063 | 自我动作实现模块.ixx:5148
present	特征_方法运行结果	特征_方法运行结果	自我动作实现模块.ixx:508	2	inline const 语素入口节点类* 特征_方法运行结果() noexcept	执行对应模块、线程或方法的运行逻辑。		ClCompile	自我动作实现.外设模块.ixx:1008 | 自我动作实现模块.ixx:508
present	按方法虚拟存在查找方法_动作模块	按方法虚拟存在查找方法_动作模块	自我动作实现模块.ixx:5110	2	inline 方法类::节点类* 按方法虚拟存在查找方法_动作模块( 基础信息节点类* 方法虚拟存在, 时间戳 now) noexcept	按条件查找目标对象、方法或事实。		ClCompile	自我动作实现模块.ixx:5110 | 自我动作实现模块.ixx:5151
present	读取条件绑定目标方法头节点	读取条件绑定目标方法头节点	自我动作实现模块.ixx:5157	2	inline 方法类::节点类* 读取条件绑定目标方法头节点( const 结构_方法条件绑定结果& 绑定, 时间戳 now) noexcept	从指定来源读取数据或状态。		ClCompile	自我动作实现模块.ixx:5157 | 自我动作实现模块.ixx:5212
present	读取条件绑定首个基础节点	读取条件绑定首个基础节点	自我动作实现模块.ixx:5175	2	inline 基础信息节点类* 读取条件绑定首个基础节点( const 结构_方法条件绑定结果& 绑定, std::initializer_list<const 语素入口节点类*> 特征集) noexcept	从指定来源读取数据或状态。		ClCompile	自我动作实现模块.ixx:5175 | 自我动作实现模块.ixx:5218
present	读取包区间	读取包区间	自我动作实现模块.ixx:5251	2	inline bool 读取包区间( 基础信息节点类* 包, const 语素入口节点类* 区间特征类型, I64& 输出下界, I64& 输出上界) noexcept	从指定来源读取数据或状态。		ClCompile	自我动作实现模块.ixx:5251 | 自我动作实现模块.ixx:5985
present	读取包基础节点指针	读取包基础节点指针	自我动作实现模块.ixx:5279	2	inline bool 读取包基础节点指针( 基础信息节点类* 包, const 语素入口节点类* 子类型, 基础信息节点类*& 输出节点) noexcept	从指定来源读取数据或状态。		ClCompile	自我动作实现模块.ixx:5279 | 自我动作实现模块.ixx:5320
present	特征_当前方法执行情况	特征_当前方法执行情况	自我动作实现模块.ixx:529	2	inline const 语素入口节点类* 特征_当前方法执行情况() noexcept	执行任务、方法或动作的主体逻辑。		ClCompile	自我动作实现.外设模块.ixx:1029 | 自我动作实现模块.ixx:529
present	复制特征当前标量到宿主	复制特征当前标量到宿主	自我动作实现模块.ixx:5292	2	inline bool 复制特征当前标量到宿主( 特征节点类* 源特征, 基础信息节点类* 目标宿主, const 语素入口节点类* 目标特征类型, 时间戳 now) noexcept	按函数名执行对应处理。		ClCompile	自我动作实现模块.ixx:5292 | 自我动作实现模块.ixx:6689
present	创建子场景_按特征名	创建子场景_按特征名	自我动作实现模块.ixx:5327	2	inline 场景节点类* 创建子场景_按特征名( 基础信息节点类* 宿主, const 语素入口节点类* 场景名) noexcept	创建并返回或登记对应对象。		ClCompile	自我动作实现模块.ixx:5327 | 自我动作实现模块.ixx:6705
present	读取方法自我能力值	读取方法自我能力值	自我动作实现模块.ixx:5350	2	inline I64 读取方法自我能力值(方法类::节点类* 方法首节点) noexcept	从指定来源读取数据或状态。		ClCompile	自我动作实现模块.ixx:5350 | 自我动作实现模块.ixx:9671
present	特征_候选方法头节点	特征_候选方法头节点	自我动作实现模块.ixx:543	2	inline const 语素入口节点类* 特征_候选方法头节点() noexcept	按函数名执行对应处理。		ClCompile	自我动作实现.外设模块.ixx:1043 | 自我动作实现模块.ixx:543
present	注册本能函数执行闭环	注册本能函数执行闭环	自我动作实现模块.ixx:5691	2	inline bool 注册本能函数执行闭环() noexcept	注册方法、模板、对象或运行入口。		ClCompile	自我动作实现模块.ixx:5691 | 自我线程模块.impl.cpp:14412
present	确认练习规格	确认练习规格	自我动作实现模块.ixx:5776	2	inline bool 确认练习规格( 方法类::节点类* 方法首节点, 存在节点类* 方法存在, 时间戳 now) noexcept	确认候选事实、存在、状态或运行结果。		ClCompile	自我动作实现模块.ixx:5776 | 自我动作实现模块.ixx:8362
present	特征_当前值	特征_当前值	自我动作实现模块.ixx:585	2	inline const 语素入口节点类* 特征_当前值() noexcept	按函数名执行对应处理。		ClCompile	自我动作实现.外设模块.ixx:1085 | 自我动作实现模块.ixx:585
present	练习输入具有目标特征	练习输入具有目标特征	自我动作实现模块.ixx:5862	2	inline bool 练习输入具有目标特征( 基础信息节点类* 输入包) noexcept	按函数名执行对应处理。		ClCompile	自我动作实现模块.ixx:5862 | 自我动作实现模块.ixx:5888
present	练习输入具有方向或目标值	练习输入具有方向或目标值	自我动作实现模块.ixx:5873	2	inline bool 练习输入具有方向或目标值( 基础信息节点类* 输入包) noexcept	按函数名执行对应处理。		ClCompile	自我动作实现模块.ixx:5873 | 自我动作实现模块.ixx:5889
present	练习输入具有指定参数	练习输入具有指定参数	自我动作实现模块.ixx:5885	2	inline bool 练习输入具有指定参数( 基础信息节点类* 输入包) noexcept	按函数名执行对应处理。		ClCompile	自我动作实现模块.ixx:5885 | 自我动作实现模块.ixx:6873
present	练习方向转差值	练习方向转差值	自我动作实现模块.ixx:5893	2	inline I64 练习方向转差值(I64 方向) noexcept	按函数名执行对应处理。		ClCompile	自我动作实现模块.ixx:5893 | 自我动作实现模块.ixx:7033
present	生成无目的未出现I64参数	生成无目的未出现I64参数	自我动作实现模块.ixx:5901	2	inline I64 生成无目的未出现I64参数(I64 已生成数量) noexcept	根据当前输入生成目标数据、场景、动态或回执。		ClCompile	自我动作实现模块.ixx:5901 | 自我动作实现模块.ixx:7037
present	本能方法失败原因需异常承接	本能方法失败原因需异常承接	自我动作实现模块.ixx:5913	2	inline bool 本能方法失败原因需异常承接( const 语素入口节点类* 失败原因) noexcept	按函数名执行对应处理。		ClCompile	自我动作实现模块.ixx:5913 | 自我动作实现模块.ixx:5933
present	参数值类型为I64	参数值类型为I64	自我动作实现模块.ixx:5947	2	inline bool 参数值类型为I64(基础信息节点类* 形参节点) noexcept	按函数名执行对应处理。		ClCompile	自我动作实现模块.ixx:5947 | 自我动作实现模块.ixx:6490
present	读取参数允许区间	读取参数允许区间	自我动作实现模块.ixx:5967	2	inline bool 读取参数允许区间( 基础信息节点类* 形参节点, const 语素入口节点类* 参数特征类型, I64& 下界, I64& 上界) noexcept	从指定来源读取数据或状态。		ClCompile	自我动作实现模块.ixx:5967 | 自我动作实现模块.ixx:6493
present	特征_已绑定实参表	特征_已绑定实参表	自我动作实现模块.ixx:599	2	inline const 语素入口节点类* 特征_已绑定实参表() noexcept	建立对象、任务、方法或因果之间的绑定关系。		ClCompile	自我动作实现.外设模块.ixx:1099 | 自我动作实现模块.ixx:599
present	区间中点	区间中点	自我动作实现模块.ixx:6001	2	inline I64 区间中点(I64 下界, I64 上界) noexcept	按函数名执行对应处理。		ClCompile	自我动作实现模块.ixx:6001 | 自我动作实现模块.ixx:6116
present	有效候选预算	有效候选预算	自我动作实现模块.ixx:6019	2	inline std::uint64_t 有效候选预算(I64 最大候选数量) noexcept	按函数名执行对应处理。		ClCompile	自我动作实现模块.ixx:6019 | 自我动作实现模块.ixx:6057
present	安全域大小	安全域大小	自我动作实现模块.ixx:6028	2	inline std::uint64_t 安全域大小(std::uint64_t 左侧数量, std::uint64_t 右侧数量) noexcept	按函数名执行对应处理。		ClCompile	自我动作实现模块.ixx:6028 | 自我动作实现模块.ixx:6056
present	生成区间扩展覆盖I64参数	生成区间扩展覆盖I64参数	自我动作实现模块.ixx:6038	2	inline I64 生成区间扩展覆盖I64参数( I64 已生成数量, I64 下界, I64 上界, I64 中点, I64 最大候选数量, I64& 输出策略) noexcept	根据当前输入生成目标数据、场景、动态或回执。		ClCompile	自我动作实现模块.ixx:6038 | 自我动作实现模块.ixx:6118
present	生成区间内I64参数	生成区间内I64参数	自我动作实现模块.ixx:6097	2	inline I64 生成区间内I64参数( I64 已生成数量, I64 下界, I64 上界, bool 有历史值, I64 历史值, I64 最大候选数量, I64& 输出策略) noexcept	根据当前输入生成目标数据、场景、动态或回执。		ClCompile	自我动作实现模块.ixx:6097 | 自我动作实现模块.ixx:6498
present	读取参数最大候选数量	读取参数最大候选数量	自我动作实现模块.ixx:6128	2	inline I64 读取参数最大候选数量(基础信息节点类* 形参节点) noexcept	从指定来源读取数据或状态。		ClCompile	自我动作实现模块.ixx:6128 | 自我动作实现模块.ixx:6496
present	复制任务参数到候选实参	复制任务参数到候选实参	自我动作实现模块.ixx:6141	2	inline bool 复制任务参数到候选实参( 基础信息节点类* 输入包, const 语素入口节点类* 参数特征类型, 基础信息节点类* 候选参数, 时间戳 now) noexcept	按函数名执行对应处理。		ClCompile	自我动作实现模块.ixx:6141 | 自我动作实现模块.ixx:6479
present	复制输入I64到候选实参	复制输入I64到候选实参	自我动作实现模块.ixx:6262	2	inline bool 复制输入I64到候选实参( 基础信息节点类* 输入包, 基础信息节点类* 实参表宿主, const 语素入口节点类* 参数特征类型, 时间戳 now) noexcept	按函数名执行对应处理。		ClCompile	自我动作实现模块.ixx:6262 | 自我动作实现模块.ixx:7014
present	离散集合扩展索引	离散集合扩展索引	自我动作实现模块.ixx:6286	2	inline std::size_t 离散集合扩展索引(std::size_t 数量, I64 已生成数量) noexcept	按函数名执行对应处理。		ClCompile	自我动作实现模块.ixx:6286 | 自我动作实现模块.ixx:6319
present	取离散候选节点	取离散候选节点	自我动作实现模块.ixx:6313	2	inline 基础信息节点类* 取离散候选节点( 基础信息节点类* 集合, I64 已生成数量) noexcept	按函数名执行对应处理。		ClCompile	自我动作实现模块.ixx:6313 | 自我动作实现模块.ixx:6423
present	读取特征当前指针实参	读取特征当前指针实参	自我动作实现模块.ixx:6341	2	inline bool 读取特征当前指针实参( 基础信息节点类* 节点, void*& 输出指针) noexcept	从指定来源读取数据或状态。		ClCompile	自我动作实现模块.ixx:6341 | 自我动作实现模块.ixx:6441
present	复制固定参数到候选实参	复制固定参数到候选实参	自我动作实现模块.ixx:6382	2	inline bool 复制固定参数到候选实参( 基础信息节点类* 固定参数表, const 语素入口节点类* 参数特征类型, const 语素入口节点类* 参数值类型, 基础信息节点类* 实参表宿主, 时间戳 now) noexcept	按函数名执行对应处理。		ClCompile	自我动作实现模块.ixx:6382 | 自我动作实现模块.ixx:6413
present	生成非I64候选实参	生成非I64候选实参	自我动作实现模块.ixx:6404	2	inline bool 生成非I64候选实参( 基础信息节点类* 形参节点, 基础信息节点类* 固定参数表, 基础信息节点类* 实参表宿主, const 语素入口节点类* 参数特征类型, const 语素入口节点类* 参数值类型, I64 已生成数量, 时间戳 now) noexcept	根据当前输入生成目标数据、场景、动态或回执。		ClCompile	自我动作实现模块.ixx:6404 | 自我动作实现模块.ixx:6515
present	生成单个候选实参	生成单个候选实参	自我动作实现模块.ixx:6455	2	inline bool 生成单个候选实参( 基础信息节点类* 输入包, 基础信息节点类* 形参节点, 基础信息节点类* 固定参数表, 基础信息节点类* 实参表宿主, I64 已生成数量, 时间戳 now, I64& 绑定参数数量, I64& 缺失参数数量) noexcept	根据当前输入生成目标数据、场景、动态或回执。		ClCompile	自我动作实现模块.ixx:6455 | 自我动作实现模块.ixx:6549
present	生成形参表候选实参	生成形参表候选实参	自我动作实现模块.ixx:6535	2	inline bool 生成形参表候选实参( 基础信息节点类* 形参表, 基础信息节点类* 固定参数表, 基础信息节点类* 输入包, 基础信息节点类* 实参表宿主, I64 已生成数量, 时间戳 now, I64& 绑定参数数量, I64& 缺失参数数量) noexcept	根据当前输入生成目标数据、场景、动态或回执。		ClCompile	自我动作实现模块.ixx:6535 | 自我动作实现模块.ixx:6916
present	候选实参已具备值	候选实参已具备值	自我动作实现模块.ixx:6563	2	inline bool 候选实参已具备值( 基础信息节点类* 实参表宿主, const 语素入口节点类* 参数特征类型) noexcept	按函数名执行对应处理。		ClCompile	自我动作实现模块.ixx:6563 | 自我动作实现模块.ixx:6590
present	复制候选实参到输入包	复制候选实参到输入包	自我动作实现模块.ixx:6676	2	inline bool 复制候选实参到输入包( 基础信息节点类* 候选实参表, 基础信息节点类* 输入包, 时间戳 now) noexcept	按函数名执行对应处理。		ClCompile	自我动作实现模块.ixx:6676 | 自我动作实现模块.ixx:6711
present	读取目标方法形参值类型	读取目标方法形参值类型	自我动作实现模块.ixx:6741	2	inline const 语素入口节点类* 读取目标方法形参值类型( 基础信息节点类* 目标方法宿主, const 语素入口节点类* 参数特征类型) noexcept	从指定来源读取数据或状态。		ClCompile	自我动作实现模块.ixx:6741 | 自我动作实现模块.ixx:6782
present	复制条件实参特征到候选实参	复制条件实参特征到候选实参	自我动作实现模块.ixx:6761	2	inline bool 复制条件实参特征到候选实参( 基础信息节点类* 目标方法宿主, 特征节点类* 条件实参, 基础信息节点类* 实参表宿主, 时间戳 now) noexcept	按函数名执行对应处理。		ClCompile	自我动作实现模块.ixx:6761 | 自我动作实现模块.ixx:6811
present	复制条件场景实参到候选实参表	复制条件场景实参到候选实参表	自我动作实现模块.ixx:6823	2	inline I64 复制条件场景实参到候选实参表( 基础信息节点类* 目标方法宿主, 场景节点类* 条件场景, 基础信息节点类* 实参表宿主, 时间戳 now) noexcept	按函数名执行对应处理。		ClCompile	自我动作实现模块.ixx:6823 | 自我动作实现模块.ixx:6885
present	生成尝试学习探索实参表	生成尝试学习探索实参表	自我动作实现模块.ixx:7070	2	inline 特征节点类* 生成尝试学习探索实参表( 方法类::节点类* 目标方法, 基础信息节点类* 目标方法宿主, 基础信息节点类* 输入包, 时间戳 now, I64& 输出练习模式, I64& 输出候选实参数量, I64& 输出绑定参数数量, I64& 输出缺失参数数量) noexcept	根据当前输入生成目标数据、场景、动态或回执。		ClCompile	自我动作实现模块.ixx:7070 | 自我动作实现模块.ixx:9013
present	生成练习候选实参表	生成练习候选实参表	自我动作实现模块.ixx:7095	2	inline 特征节点类* 生成练习候选实参表( 方法类::节点类* 目标方法, 基础信息节点类* 目标方法宿主, 基础信息节点类* 输入包, 时间戳 now, I64& 输出练习模式, I64& 输出候选实参数量, I64& 输出绑定参数数量, I64& 输出缺失参数数量) noexcept	根据当前输入生成目标数据、场景、动态或回执。		ClCompile	自我动作实现模块.ixx:7095 | 自我动作实现模块.ixx:9635
present	构建目标方法结果能力场景	构建目标方法结果能力场景	自我动作实现模块.ixx:7120	2	inline 场景节点类* 构建目标方法结果能力场景( 方法类::节点类* 目标方法, 场景节点类* 备用结果场景, 时间戳 now) noexcept	构建运行所需的数据结构或中间结果。		ClCompile	自我动作实现模块.ixx:7120 | 自我动作实现模块.ixx:9030
present	确认尝试学习规格	确认尝试学习规格	自我动作实现模块.ixx:7177	2	inline bool 确认尝试学习规格( 方法类::节点类* 方法首节点, 存在节点类* 方法存在, 时间戳 now) noexcept	确认候选事实、存在、状态或运行结果。		ClCompile	自我动作实现模块.ixx:7177 | 自我动作实现模块.ixx:8358
present	确认定向学习规格	确认定向学习规格	自我动作实现模块.ixx:7247	2	inline bool 确认定向学习规格( 方法类::节点类* 方法首节点, 存在节点类* 方法存在, 时间戳 now) noexcept	确认候选事实、存在、状态或运行结果。		ClCompile	自我动作实现模块.ixx:7247 | 自我动作实现模块.ixx:8360
present	值_来源_输入现实场景包	值_来源_输入现实场景包	自我动作实现模块.ixx:753	2	inline const 语素入口节点类* 值_来源_输入现实场景包() noexcept	按函数名执行对应处理。		ClCompile	自我动作实现.外设模块.ixx:1246 | 自我动作实现模块.ixx:753
present	值_来源_输入任务参数包	值_来源_输入任务参数包	自我动作实现模块.ixx:760	2	inline const 语素入口节点类* 值_来源_输入任务参数包() noexcept	按函数名执行对应处理。		ClCompile	自我动作实现.外设模块.ixx:1253 | 自我动作实现模块.ixx:760
present	值_来源_目标现实场景	值_来源_目标现实场景	自我动作实现模块.ixx:781	2	inline const 语素入口节点类* 值_来源_目标现实场景() noexcept	按函数名执行对应处理。		ClCompile	自我动作实现.外设模块.ixx:1274 | 自我动作实现模块.ixx:781
present	值_任务回执_运行成功	值_任务回执_运行成功	自我动作实现模块.ixx:849	2	inline const 语素入口节点类* 值_任务回执_运行成功() noexcept	执行对应模块、线程或方法的运行逻辑。		ClCompile	自我动作实现.外设模块.ixx:1342 | 自我动作实现模块.ixx:849
present	值_任务回执_运行失败	值_任务回执_运行失败	自我动作实现模块.ixx:856	2	inline const 语素入口节点类* 值_任务回执_运行失败() noexcept	执行对应模块、线程或方法的运行逻辑。		ClCompile	自我动作实现.外设模块.ixx:1349 | 自我动作实现模块.ixx:856
present	确保方法域提交本能方法	确保方法域提交本能方法	自我动作实现模块.ixx:8612	2	inline 方法类::节点类* 确保方法域提交本能方法( 方法类::节点类* 方法树锚点, 枚举_本能方法ID 本能ID, 时间戳 now) noexcept	提交事实、动态、任务状态或运行回执。		ClCompile	自我动作实现模块.ixx:8612 | 自我动作实现模块.ixx:9036
present	值_任务回执_等待学习	值_任务回执_等待学习	自我动作实现模块.ixx:863	2	inline const 语素入口节点类* 值_任务回执_等待学习() noexcept	等待线程、任务、外设或条件变化。		ClCompile	自我动作实现.外设模块.ixx:1356 | 自我动作实现模块.ixx:863
present	确保方法域提交输出场景	确保方法域提交输出场景	自我动作实现模块.ixx:8630	2	inline 场景节点类* 确保方法域提交输出场景( 方法类::节点类* 提交方法首节点, 场景节点类*& 输出结果场景, 时间戳 now) noexcept	提交事实、动态、任务状态或运行回执。		ClCompile	自我动作实现模块.ixx:8630 | 自我动作实现模块.ixx:8716
present	记录并提示方法域提交动态缺失	记录并提示方法域提交动态缺失	自我动作实现模块.ixx:8648	2	inline void 记录并提示方法域提交动态缺失( const char* 动作名, 方法类::节点类* 提交方法首节点, 方法类::节点类* 目标方法, const 语素入口节点类* 特征类型, I64 旧值, I64 新值) noexcept	提交事实、动态、任务状态或运行回执。		ClCompile	自我动作实现模块.ixx:8648 | 自我动作实现模块.ixx:8765
present	值_任务回执_等待补齐	值_任务回执_等待补齐	自我动作实现模块.ixx:870	2	inline const 语素入口节点类* 值_任务回执_等待补齐() noexcept	等待线程、任务、外设或条件变化。		ClCompile	自我动作实现.外设模块.ixx:1363 | 自我动作实现模块.ixx:870
present	值_任务回执_不可推进	值_任务回执_不可推进	自我动作实现模块.ixx:877	2	inline const 语素入口节点类* 值_任务回执_不可推进() noexcept	按函数名执行对应处理。		ClCompile	自我动作实现.外设模块.ixx:1370 | 自我动作实现模块.ixx:877
present	值_任务回执_条件不满足	值_任务回执_条件不满足	自我动作实现模块.ixx:884	2	inline const 语素入口节点类* 值_任务回执_条件不满足() noexcept	按函数名执行对应处理。		ClCompile	自我动作实现.外设模块.ixx:1377 | 自我动作实现模块.ixx:884
present	值_任务回执_运行未达成目标	值_任务回执_运行未达成目标	自我动作实现模块.ixx:891	2	inline const 语素入口节点类* 值_任务回执_运行未达成目标() noexcept	执行对应模块、线程或方法的运行逻辑。		ClCompile	自我动作实现.外设模块.ixx:1384 | 自我动作实现模块.ixx:891
present	值_无筹办缺口	值_无筹办缺口	自我动作实现模块.ixx:898	2	inline const 语素入口节点类* 值_无筹办缺口() noexcept	推进任务筹办，形成候选、缺口或就绪回执。		ClCompile	自我动作实现.外设模块.ixx:1391 | 自我动作实现模块.ixx:898
present	值_筹办缺口_任务信息缺失	值_筹办缺口_任务信息缺失	自我动作实现模块.ixx:905	2	inline const 语素入口节点类* 值_筹办缺口_任务信息缺失() noexcept	推进任务筹办，形成候选、缺口或就绪回执。		ClCompile	自我动作实现.外设模块.ixx:1398 | 自我动作实现模块.ixx:905
present	值_筹办缺口_需求目标不可解析	值_筹办缺口_需求目标不可解析	自我动作实现模块.ixx:912	2	inline const 语素入口节点类* 值_筹办缺口_需求目标不可解析() noexcept	解析输入文本、消息、场景或运行包。		ClCompile	自我动作实现.外设模块.ixx:1405 | 自我动作实现模块.ixx:912
present	值_筹办缺口_无确定候选方法	值_筹办缺口_无确定候选方法	自我动作实现模块.ixx:919	2	inline const 语素入口节点类* 值_筹办缺口_无确定候选方法() noexcept	推进任务筹办，形成候选、缺口或就绪回执。		ClCompile	自我动作实现.外设模块.ixx:1412 | 自我动作实现模块.ixx:919
present	值_筹办缺口_候选方法不可用	值_筹办缺口_候选方法不可用	自我动作实现模块.ixx:926	2	inline const 语素入口节点类* 值_筹办缺口_候选方法不可用() noexcept	推进任务筹办，形成候选、缺口或就绪回执。		ClCompile	自我动作实现.外设模块.ixx:1419 | 自我动作实现模块.ixx:926
present	值_筹办缺口_候选方法缺执行入口	值_筹办缺口_候选方法缺执行入口	自我动作实现模块.ixx:933	2	inline const 语素入口节点类* 值_筹办缺口_候选方法缺执行入口() noexcept	执行任务、方法或动作的主体逻辑。		ClCompile	自我动作实现.外设模块.ixx:1426 | 自我动作实现模块.ixx:933
present	值_筹办缺口_候选方法条件不满足	值_筹办缺口_候选方法条件不满足	自我动作实现模块.ixx:940	2	inline const 语素入口节点类* 值_筹办缺口_候选方法条件不满足() noexcept	推进任务筹办，形成候选、缺口或就绪回执。		ClCompile	自我动作实现.外设模块.ixx:1433 | 自我动作实现模块.ixx:940
present	值_筹办缺口_参数配对失败	值_筹办缺口_参数配对失败	自我动作实现模块.ixx:947	2	inline const 语素入口节点类* 值_筹办缺口_参数配对失败() noexcept	推进任务筹办，形成候选、缺口或就绪回执。		ClCompile	自我动作实现.外设模块.ixx:1440 | 自我动作实现模块.ixx:947
present	值_执行缺口_任务状态不允许执行	值_执行缺口_任务状态不允许执行	自我动作实现模块.ixx:961	2	inline const 语素入口节点类* 值_执行缺口_任务状态不允许执行() noexcept	执行任务、方法或动作的主体逻辑。		ClCompile	自我动作实现.外设模块.ixx:1454 | 自我动作实现模块.ixx:961
present	值_执行缺口_当前方法缺失	值_执行缺口_当前方法缺失	自我动作实现模块.ixx:968	2	inline const 语素入口节点类* 值_执行缺口_当前方法缺失() noexcept	执行任务、方法或动作的主体逻辑。		ClCompile	自我动作实现.外设模块.ixx:1461 | 自我动作实现模块.ixx:968
present	值_执行缺口_当前方法无执行入口	值_执行缺口_当前方法无执行入口	自我动作实现模块.ixx:982	2	inline const 语素入口节点类* 值_执行缺口_当前方法无执行入口() noexcept	执行任务、方法或动作的主体逻辑。		ClCompile	自我动作实现.外设模块.ixx:1475 | 自我动作实现模块.ixx:982
present	自我类::设置服务时序衰减步长	设置服务时序衰减步长	自我类.cpp:1011	2	void 自我类::设置服务时序衰减步长(I64 步长) noexcept	设置对象字段、状态或运行参数。		ClCompile	自我类.cpp:1011 | 自我类.ixx:149
present	自我类::获取当前主方法	获取当前主方法	自我类.cpp:1255	2	方法类::节点类* 自我类::获取当前主方法() const noexcept	读取并返回指定对象、状态或运行材料。		ClCompile	自我类.cpp:1255 | 自我类.ixx:196
present	自我类::设置当前主方法	设置当前主方法	自我类.cpp:1289	2	bool 自我类::设置当前主方法(方法类::节点类* 节点, 时间戳 now) noexcept	设置对象字段、状态或运行参数。		ClCompile	自我类.cpp:1289 | 自我类.ixx:206
present	自我类::安全值增加	安全值增加	自我类.cpp:1301	2	void 自我类::安全值增加(I64 delta) noexcept	按函数名执行对应处理。		ClCompile	自我类.cpp:1301 | 自我类.ixx:211
present	自我类::安全值减少	安全值减少	自我类.cpp:1308	2	void 自我类::安全值减少(I64 delta) noexcept	按函数名执行对应处理。		ClCompile	自我类.cpp:1308 | 自我类.ixx:212
present	自我类::服务值增加	服务值增加	自我类.cpp:1315	2	void 自我类::服务值增加(I64 delta) noexcept	按函数名执行对应处理。		ClCompile	自我类.cpp:1315 | 自我类.ixx:213
present	自我类::服务值减少	服务值减少	自我类.cpp:1322	2	void 自我类::服务值减少(I64 delta) noexcept	按函数名执行对应处理。		ClCompile	自我类.cpp:1322 | 自我类.ixx:214
present	自我类::应用服务归零待机保护	应用服务归零待机保护	自我类.cpp:1329	2	bool 自我类::应用服务归零待机保护(时间戳 now) noexcept	按函数名执行对应处理。		ClCompile	自我类.cpp:1329 | 自我类.ixx:216
present	私有_抽象特征名词_自我类	私有_抽象特征名词_自我类	自我类.cpp:141	2	const 语素入口节点类* 私有_抽象特征名词_自我类(const char* 文本)	服务所在模块的内部辅助流程。		ClCompile	自我类.cpp:141 | 自我类.cpp:233
present	自我类::应用按服务值重算安全增加步长	应用按服务值重算安全增加步长	自我类.cpp:1477	2	bool 自我类::应用按服务值重算安全增加步长(时间戳 now) noexcept	按函数名执行对应处理。		ClCompile	自我类.cpp:1477 | 自我类.ixx:226
present	私有_自我根特征类型词_自我类	私有_自我根特征类型词_自我类	自我类.cpp:149	2	const 语素入口节点类* 私有_自我根特征类型词_自我类( const 枚举_自我根特征类型_自我类 类型) noexcept	服务所在模块的内部辅助流程。		ClCompile	自我类.cpp:149 | 自我类.cpp:219
present	自我类::应用按服务值重算安全减少步长	应用按服务值重算安全减少步长	自我类.cpp:1505	2	bool 自我类::应用按服务值重算安全减少步长(时间戳 now) noexcept	按函数名执行对应处理。		ClCompile	自我类.cpp:1505 | 自我类.ixx:229
present	自我类::应用安全低位回升	应用安全低位回升	自我类.cpp:1533	2	bool 自我类::应用安全低位回升(I64 delta, 时间戳 now) noexcept	按函数名执行对应处理。		ClCompile	自我类.cpp:1533 | 自我类.ixx:232
present	自我类::应用安全高位回落	应用安全高位回落	自我类.cpp:1571	2	bool 自我类::应用安全高位回落(I64 delta, 时间戳 now) noexcept	按函数名执行对应处理。		ClCompile	自我类.cpp:1571 | 自我类.ixx:236
present	自我类::应用风险安全回归	应用风险安全回归	自我类.cpp:1609	2	bool 自我类::应用风险安全回归(I64 delta, 时间戳 now) noexcept	按函数名执行对应处理。		ClCompile	自我类.cpp:1609 | 自我类.ixx:240
present	私有_读取抽象特征I64区间_自我类	私有_读取抽象特征I64区间_自我类	自我类.cpp:163	2	bool 私有_读取抽象特征I64区间_自我类( const 抽象特征主信息类* 主信息, I64区间& 输出) noexcept	从指定来源读取数据或状态。		ClCompile	自我类.cpp:163 | 自我类.cpp:236
present	自我类::增加可用方法数量	增加可用方法数量	自我类.cpp:1678	2	bool 自我类::增加可用方法数量(I64 增量, 时间戳 now) noexcept	按函数名执行对应处理。		ClCompile	自我类.cpp:1678 | 自我类.ixx:248
present	自我类::确保根任务_	确保根任务_	自我类.cpp:2272	2	任务类::节点类* 自我类::确保根任务_( 存在节点类* 自我存在, const 语素入口节点类* 任务名称, const 语素入口节点类* 任务类型, 需求类::节点类* 来源需求) noexcept	确保目标结构、状态或前置条件存在并可用。		ClCompile	自我类.cpp:2272 | 自我类.ixx:304
present	私有_确保存在指针特征已初始化	私有_确保存在指针特征已初始化	自我类.cpp:325	2	void 私有_确保存在指针特征已初始化( 存在节点类* 宿主存在, const 语素入口节点类* 特征类型, std::uintptr_t 默认值, const 时间戳 now) noexcept	初始化相关对象、状态或运行上下文。		ClCompile	自我类.cpp:325 | 自我类.cpp:390
present	私有_初始化线程子存在标准特征	私有_初始化线程子存在标准特征	自我类.cpp:342	2	void 私有_初始化线程子存在标准特征( 存在节点类* 线程存在, const bool 是工作线程, const bool 是自我线程, const 时间戳 now) noexcept	初始化相关对象、状态或运行上下文。		ClCompile	自我类.cpp:342 | 自我类.cpp:911
present	私有_方法镜像特征词	私有_方法镜像特征词	自我类.cpp:431	2	const 语素入口节点类* 私有_方法镜像特征词(const char* 名称) noexcept	服务所在模块的内部辅助流程。		ClCompile	自我类.cpp:431 | 自我类.cpp:499
present	私有_统计方法条件结果对数量_镜像	私有_统计方法条件结果对数量_镜像	自我类.cpp:456	2	I64 私有_统计方法条件结果对数量_镜像(const 方法节点* 方法头) noexcept	服务所在模块的内部辅助流程。		ClCompile	自我类.cpp:456 | 自我类.cpp:505
present	私有_方法达到可用镜像口径	私有_方法达到可用镜像口径	自我类.cpp:490	2	bool 私有_方法达到可用镜像口径(const 方法节点* 方法头) noexcept	服务所在模块的内部辅助流程。		ClCompile	自我类.cpp:490 | 自我类.cpp:1720
present	私有_创建本能动作动态	私有_创建本能动作动态	自我类.cpp:531	2	动态节点类* 私有_创建本能动作动态( 自我类& 自我对象, 特征节点类* 特征节点, 状态节点类* 条件状态, 状态节点类* 结果状态, 枚举_本能方法ID 本能ID, 时间戳 now) noexcept	创建并返回或登记对应对象。		ClCompile	自我类.cpp:531 | 自我类.cpp:611
present	私有_记录自我I64状态	私有_记录自我I64状态	自我类.cpp:731	2	bool 私有_记录自我I64状态( 自我类& 自我对象, const 语素入口节点类* 特征类型, I64 新值, const std::string& 因动作语义键, 时间戳 now) noexcept	记录日志、动态、证据或运行痕迹。		ClCompile	自我类.cpp:731 | 自我类.cpp:954
present	自我类::初始化自我	初始化自我	自我类.cpp:822	2	void 自我类::初始化自我()	初始化相关对象、状态或运行上下文。		ClCompile	自我类.cpp:822 | 自我类.ixx:114
present	自我类::确保自我现实场景	确保自我现实场景	自我类.cpp:852	2	场景节点类* 自我类::确保自我现实场景()	确保目标结构、状态或前置条件存在并可用。		ClCompile	自我类.cpp:852 | 自我类.ixx:121
present	私有_绑定当前自我概念集	私有_绑定当前自我概念集	自我类.初始化.cpp:126	2	bool 私有_绑定当前自我概念集(自我类& 自我对象) noexcept	建立对象、任务、方法或因果之间的绑定关系。		ClCompile	自我类.初始化.cpp:126 | 自我类.初始化.cpp:294
present	自我特征定义类::类型_自检_结构存在状态	类型_自检_结构存在状态	自我类.特征定义.cpp:469	2	const 语素入口节点类* 自我特征定义类::类型_自检_结构存在状态() noexcept	按函数名执行对应处理。		ClCompile	自我类.特征定义.cpp:469 | 自我类.特征定义.ixx:80
present	自我特征定义类::类型_自检_需求根存在状态	类型_自检_需求根存在状态	自我类.特征定义.cpp:472	2	const 语素入口节点类* 自我特征定义类::类型_自检_需求根存在状态() noexcept	按函数名执行对应处理。		ClCompile	自我类.特征定义.cpp:472 | 自我类.特征定义.ixx:81
present	自我特征定义类::类型_自检_任务根存在状态	类型_自检_任务根存在状态	自我类.特征定义.cpp:475	2	const 语素入口节点类* 自我特征定义类::类型_自检_任务根存在状态() noexcept	按函数名执行对应处理。		ClCompile	自我类.特征定义.cpp:475 | 自我类.特征定义.ixx:82
present	自我特征定义类::类型_自检_方法根存在状态	类型_自检_方法根存在状态	自我类.特征定义.cpp:478	2	const 语素入口节点类* 自我特征定义类::类型_自检_方法根存在状态() noexcept	按函数名执行对应处理。		ClCompile	自我类.特征定义.cpp:478 | 自我类.特征定义.ixx:83
present	自我特征定义类::类型_自检_内部世界存在状态	类型_自检_内部世界存在状态	自我类.特征定义.cpp:481	2	const 语素入口节点类* 自我特征定义类::类型_自检_内部世界存在状态() noexcept	按函数名执行对应处理。		ClCompile	自我类.特征定义.cpp:481 | 自我类.特征定义.ixx:84
present	自我特征定义类::类型_自检_核心状态可读写状态	类型_自检_核心状态可读写状态	自我类.特征定义.cpp:484	2	const 语素入口节点类* 自我特征定义类::类型_自检_核心状态可读写状态() noexcept	按函数名执行对应处理。		ClCompile	自我类.特征定义.cpp:484 | 自我类.特征定义.ixx:85
present	自我特征定义类::类型_自检_任务虚拟存在绑定状态	类型_自检_任务虚拟存在绑定状态	自我类.特征定义.cpp:487	2	const 语素入口节点类* 自我特征定义类::类型_自检_任务虚拟存在绑定状态() noexcept	建立对象、任务、方法或因果之间的绑定关系。		ClCompile	自我类.特征定义.cpp:487 | 自我类.特征定义.ixx:86
present	私有_需求列表项排序在前	私有_需求列表项排序在前	自我线程模块.impl.cpp:10055	2	bool 私有_需求列表项排序在前( const 自我线程类::结构_需求列表项& 左, const 自我线程类::结构_需求列表项& 右, const 枚举_需求列表排序主轴 排序主轴) noexcept	服务所在模块的内部辅助流程。		ClCompile	自我线程模块.impl.cpp:10055 | 自我线程模块.impl.cpp:11906
present	私有_是增量反馈_线程侧	私有_是增量反馈_线程侧	自我线程模块.impl.cpp:1016	2	bool 私有_是增量反馈_线程侧(const 结构_线程任务价值反馈段& 反馈) noexcept	服务所在模块的内部辅助流程。		ClCompile	自我线程模块.impl.cpp:1016 | 自我线程模块.impl.cpp:2104
present	私有_登记增量反馈事件_线程侧	私有_登记增量反馈事件_线程侧	自我线程模块.impl.cpp:1023	2	bool 私有_登记增量反馈事件_线程侧( const std::string& 任务主键, const std::string& 反馈事件主键, 结构_线程价值结算结果& 结果) noexcept	登记方法、模板、对象或运行入口。		ClCompile	自我线程模块.impl.cpp:1023 | 自我线程模块.impl.cpp:2105
present	私有_服务因果链上下文条件集_线程侧	私有_服务因果链上下文条件集_线程侧	自我线程模块.impl.cpp:10411	2	std::vector<结构_根特征必要条件定义_线程侧> 私有_服务因果链上下文条件集_线程侧()	服务所在模块的内部辅助流程。		ClCompile	自我线程模块.impl.cpp:10411 | 自我线程模块.impl.cpp:10488
present	私有_正式结算结果目标键_线程侧	私有_正式结算结果目标键_线程侧	自我线程模块.impl.cpp:1046	2	std::string 私有_正式结算结果目标键_线程侧( const 任务节点* 任务头, const 需求节点* 来源需求, const 结构_叶子任务正式结算证据& 证据)	结算任务、需求、价值或结果贡献。		ClCompile	自我线程模块.impl.cpp:1046 | 自我线程模块.impl.cpp:2090
present	私有_间接服务维护条件集_线程侧	私有_间接服务维护条件集_线程侧	自我线程模块.impl.cpp:10460	2	std::vector<结构_根特征必要条件定义_线程侧> 私有_间接服务维护条件集_线程侧()	服务所在模块的内部辅助流程。		ClCompile	自我线程模块.impl.cpp:10460 | 自我线程模块.impl.cpp:10489
present	私有_存在概念词_线程侧	私有_存在概念词_线程侧	自我线程模块.impl.cpp:10498	2	const 语素入口节点类* 私有_存在概念词_线程侧( const 语素入口节点类* 入口, const bool 确保) noexcept	服务所在模块的内部辅助流程。		ClCompile	自我线程模块.impl.cpp:10498 | 自我线程模块.impl.cpp:10522
present	私有_正式结算结果目标已处理_线程侧	私有_正式结算结果目标已处理_线程侧	自我线程模块.impl.cpp:1074	2	bool 私有_正式结算结果目标已处理_线程侧(const std::string& 去重键) noexcept	结算任务、需求、价值或结果贡献。		ClCompile	自我线程模块.impl.cpp:1074 | 自我线程模块.impl.cpp:2094
present	私有_登记正式结算结果目标_线程侧	私有_登记正式结算结果目标_线程侧	自我线程模块.impl.cpp:1085	2	void 私有_登记正式结算结果目标_线程侧(const std::string& 去重键) noexcept	登记方法、模板、对象或运行入口。		ClCompile	自我线程模块.impl.cpp:1085 | 自我线程模块.impl.cpp:2339
present	私有_查找根闭环信息位_线程侧	私有_查找根闭环信息位_线程侧	自我线程模块.impl.cpp:10893	2	const 结构_根闭环信息位_线程侧* 私有_查找根闭环信息位_线程侧( const std::vector<结构_根闭环信息位_线程侧>& 信息位集, const 结构_根特征必要条件定义_线程侧& 条件) noexcept	按条件查找目标对象、方法或事实。		ClCompile	自我线程模块.impl.cpp:10893 | 自我线程模块.impl.cpp:11432
present	私有_清理遗留固定服务子需求_线程侧	私有_清理遗留固定服务子需求_线程侧	自我线程模块.impl.cpp:11045	2	std::size_t 私有_清理遗留固定服务子需求_线程侧( 自我类& 自我对象, 需求节点* 根需求, const 结构_抽象根特征定义_线程侧& 根定义, const 时间戳 now) noexcept	清理缓存、临时状态或运行资源。		ClCompile	自我线程模块.impl.cpp:11045 | 自我线程模块.impl.cpp:11369
present	私有_服务G0百万分比转评分_线程侧	私有_服务G0百万分比转评分_线程侧	自我线程模块.impl.cpp:1106	2	I64 私有_服务G0百万分比转评分_线程侧(I64 百万分比) noexcept	服务所在模块的内部辅助流程。		ClCompile	自我线程模块.impl.cpp:1106 | 自我线程模块.impl.cpp:1406
present	私有_服务G0有效性评分_线程侧	私有_服务G0有效性评分_线程侧	自我线程模块.impl.cpp:1113	2	I64 私有_服务G0有效性评分_线程侧( const 结构_线程服务价值结算证据摘要* 服务证据摘要, const 结构_叶子任务正式结算证据& 正式结算证据) noexcept	服务所在模块的内部辅助流程。		ClCompile	自我线程模块.impl.cpp:1113 | 自我线程模块.impl.cpp:1407
present	私有_清理遗留固定安全子需求_线程侧	私有_清理遗留固定安全子需求_线程侧	自我线程模块.impl.cpp:11140	2	std::size_t 私有_清理遗留固定安全子需求_线程侧( 自我类& 自我对象, 需求节点* 根需求, const 结构_抽象根特征定义_线程侧& 根定义, const 时间戳 now) noexcept	清理缓存、临时状态或运行资源。		ClCompile	自我线程模块.impl.cpp:11140 | 自我线程模块.impl.cpp:11362
present	私有_生成根特征必要条件子需求_线程侧	私有_生成根特征必要条件子需求_线程侧	自我线程模块.impl.cpp:11237	2	需求节点* 私有_生成根特征必要条件子需求_线程侧( 自我类& 自我对象, 需求节点* 根需求, 存在节点类* 目标宿主, const 结构_根特征必要条件定义_线程侧& 条件, const I64 当前值, const 时间戳 now) noexcept	根据当前输入生成目标数据、场景、动态或回执。		ClCompile	自我线程模块.impl.cpp:11237 | 自我线程模块.impl.cpp:11555
present	私有_服务G0证据强度评分_线程侧	私有_服务G0证据强度评分_线程侧	自我线程模块.impl.cpp:1133	2	I64 私有_服务G0证据强度评分_线程侧( const 结构_线程服务价值结算证据摘要* 服务证据摘要, const 结构_叶子任务正式结算证据& 正式结算证据, 动态节点类* D1任务状态动作动态) noexcept	服务所在模块的内部辅助流程。		ClCompile	自我线程模块.impl.cpp:1133 | 自我线程模块.impl.cpp:1409
present	私有_正式结算状态可比较_线程侧	私有_正式结算状态可比较_线程侧	自我线程模块.impl.cpp:1168	2	bool 私有_正式结算状态可比较_线程侧( const 结构_叶子任务正式结算证据& 正式结算证据) noexcept	比较当前值、目标值或历史基准。		ClCompile	自我线程模块.impl.cpp:1168 | 自我线程模块.impl.cpp:1231
present	私有_正式结算状态发生变化_线程侧	私有_正式结算状态发生变化_线程侧	自我线程模块.impl.cpp:1180	2	bool 私有_正式结算状态发生变化_线程侧( const 结构_叶子任务正式结算证据& 正式结算证据) noexcept	比较当前值、目标值或历史基准。		ClCompile	自我线程模块.impl.cpp:1180 | 自我线程模块.impl.cpp:1290
present	私有_同步服务状态动态证据到任务_线程侧	私有_同步服务状态动态证据到任务_线程侧	自我线程模块.impl.cpp:1193	2	bool 私有_同步服务状态动态证据到任务_线程侧( 任务节点* 任务头, const 结构_叶子任务正式结算证据& 正式结算证据, 时间戳 now) noexcept	把服务结算所需的状态证据同步为任务虚拟存在上的门槛特征。		ClCompile	自我线程模块.impl.cpp:1193 | 自我线程模块.impl.cpp:2147
present	私有_映射自我线程生命周期消息事件	私有_映射自我线程生命周期消息事件	自我线程模块.impl.cpp:12105	2	枚举_线程生命周期消息事件 私有_映射自我线程生命周期消息事件( const 枚举_线程生命周期状态 旧状态, const 枚举_线程生命周期状态 新状态) noexcept	服务所在模块的内部辅助流程。		ClCompile	自我线程模块.impl.cpp:12105 | 自我线程模块.impl.cpp:12135
present	私有_发送自我线程生命周期控制面板消息	私有_发送自我线程生命周期控制面板消息	自我线程模块.impl.cpp:12126	2	void 私有_发送自我线程生命周期控制面板消息( const 枚举_线程生命周期状态 旧状态, const 枚举_线程生命周期状态 新状态, const 时间戳 now, const std::string& 原因键, const std::string& 摘要, const bool 是否故障触发) noexcept	服务所在模块的内部辅助流程。		ClCompile	自我线程模块.impl.cpp:12126 | 自我线程模块.impl.cpp:13768
present	私有_映射批次执行去向到线程最终去向	私有_映射批次执行去向到线程最终去向	自我线程模块.impl.cpp:12218	2	枚举_自我线程最终去向 私有_映射批次执行去向到线程最终去向( const 自我线程消息批次执行器::枚举_批次执行去向 去向) noexcept	执行任务、方法或动作的主体逻辑。		ClCompile	自我线程模块.impl.cpp:12218 | 自我线程模块.impl.cpp:17063
present	私有_映射线程最终去向到当前去向文本	私有_映射线程最终去向到当前去向文本	自我线程模块.impl.cpp:12240	2	std::string 私有_映射线程最终去向到当前去向文本( const 枚举_自我线程最终去向 去向)	服务所在模块的内部辅助流程。		ClCompile	自我线程模块.impl.cpp:12240 | 自我线程模块.impl.cpp:17069
present	私有_确保自我线程存在	私有_确保自我线程存在	自我线程模块.impl.cpp:12263	2	存在节点类* 私有_确保自我线程存在() noexcept	确保目标结构、状态或前置条件存在并可用。		ClCompile	自我线程模块.impl.cpp:12263 | 自我线程模块.impl.cpp:14553
present	私有_推断线程池标签_按消息	私有_推断线程池标签_按消息	自我线程模块.impl.cpp:12322	2	std::string 私有_推断线程池标签_按消息( const 自我线程消息协议::结构_线程状态变化消息段& 消息段)	服务所在模块的内部辅助流程。		ClCompile	自我线程模块.impl.cpp:12322 | 自我线程模块.impl.cpp:12349
present	私有_从线程状态消息推断线程初始化参数	私有_从线程状态消息推断线程初始化参数	自我线程模块.impl.cpp:12336	2	结构_线程存在初始化参数 私有_从线程状态消息推断线程初始化参数( const 自我线程消息协议::结构_线程状态变化消息段& 消息段) noexcept	初始化相关对象、状态或运行上下文。		ClCompile	自我线程模块.impl.cpp:12336 | 自我线程模块.impl.cpp:12409
present	私有_线程存在匹配线程状态消息	私有_线程存在匹配线程状态消息	自我线程模块.impl.cpp:12363	2	bool 私有_线程存在匹配线程状态消息( const 存在节点类* 线程存在, const 自我线程消息协议::结构_线程状态变化消息段& 消息段) noexcept	服务所在模块的内部辅助流程。		ClCompile	自我线程模块.impl.cpp:12363 | 自我线程模块.impl.cpp:12404
present	私有_解析线程状态消息中的线程存在	私有_解析线程状态消息中的线程存在	自我线程模块.impl.cpp:12395	2	存在节点类* 私有_解析线程状态消息中的线程存在( const 自我线程消息协议::结构_线程状态变化消息段& 消息段) noexcept	解析输入文本、消息、场景或运行包。		ClCompile	自我线程模块.impl.cpp:12395 | 自我线程模块.impl.cpp:12522
present	私有_任务管理结果存在未恢复关键中间状态_线程侧	私有_任务管理结果存在未恢复关键中间状态_线程侧	自我线程模块.impl.cpp:1242	2	bool 私有_任务管理结果存在未恢复关键中间状态_线程侧( const 结构_任务管理结果状态消息& 结果消息) noexcept	从任务结果状态判断关键中间状态是否仍未恢复。		ClCompile	自我线程模块.impl.cpp:1242 | 自我线程模块.impl.cpp:16318
present	私有_线程特征类型词	私有_线程特征类型词	自我线程模块.impl.cpp:12420	2	const 语素入口节点类* 私有_线程特征类型词( const 自我线程消息协议::枚举_特征类型 特征类型) noexcept	服务所在模块的内部辅助流程。		ClCompile	自我线程模块.impl.cpp:12420 | 自我线程模块.impl.cpp:12463
present	私有_确保线程直属拥有者主键	私有_确保线程直属拥有者主键	自我线程模块.impl.cpp:12437	2	std::uint64_t 私有_确保线程直属拥有者主键( const 结构_线程存在初始化参数& 参数, 自我线程消息协议::枚举_存在类型* 输出拥有者类型) noexcept	确保目标结构、状态或前置条件存在并可用。		ClCompile	自我线程模块.impl.cpp:12437 | 自我线程模块.impl.cpp:13735
present	私有_确保线程特征节点	私有_确保线程特征节点	自我线程模块.impl.cpp:12459	2	特征节点类* 私有_确保线程特征节点( 存在节点类* 线程存在, const 自我线程消息协议::枚举_特征类型 特征类型) noexcept	确保目标结构、状态或前置条件存在并可用。		ClCompile	自我线程模块.impl.cpp:12459 | 自我线程模块.impl.cpp:12528
present	私有_治理特征类型文本	私有_治理特征类型文本	自我线程模块.impl.cpp:12593	2	const char* 私有_治理特征类型文本( const 自我线程消息协议::枚举_特征类型 特征类型) noexcept	服务所在模块的内部辅助流程。		ClCompile	自我线程模块.impl.cpp:12593 | 自我线程模块.impl.cpp:12635
present	私有_任务管理结果存在已恢复关键中间状态_线程侧	私有_任务管理结果存在已恢复关键中间状态_线程侧	自我线程模块.impl.cpp:1261	2	bool 私有_任务管理结果存在已恢复关键中间状态_线程侧( const 结构_任务管理结果状态消息& 结果消息) noexcept	从任务结果状态判断关键中间状态是否已经恢复。		ClCompile	自我线程模块.impl.cpp:1261 | 自我线程模块.impl.cpp:16320
present	私有_治理存在类型词	私有_治理存在类型词	自我线程模块.impl.cpp:12619	2	const 语素入口节点类* 私有_治理存在类型词( const 自我线程消息协议::枚举_存在类型 类型) noexcept	服务所在模块的内部辅助流程。		ClCompile	自我线程模块.impl.cpp:12619 | 自我线程模块.impl.cpp:12665
present	私有_写入治理特征值	私有_写入治理特征值	自我线程模块.impl.cpp:12698	2	bool 私有_写入治理特征值( 特征节点类* 特征节点, const 特征值& 值, const 时间戳 now) noexcept	把处理结果写入指定对象、场景或日志。		ClCompile	自我线程模块.impl.cpp:12698 | 自我线程模块.impl.cpp:12836
present	私有_输出自我治理动作动态	私有_输出自我治理动作动态	自我线程模块.impl.cpp:12758	2	动态节点类* 私有_输出自我治理动作动态( 场景节点类* 自我内部世界, 存在节点类* 主体存在, 特征节点类* 特征节点, 状态节点类* 旧状态节点, 状态节点类* 新状态节点, const std::string& 动作语义键, const bool 来源成功, const 时间戳 now) noexcept	需求 / 自我治理域动作动态生成点： 自我线程真实提交治理镜像特征后，用本函数把该特征的旧状态 -> 新状态 落成治理动作...		ClCompile	自我线程模块.impl.cpp:12758 | 自我线程模块.impl.cpp:12871
present	私有_评估服务价值结算证据_线程侧	私有_评估服务价值结算证据_线程侧	自我线程模块.impl.cpp:1285	2	结构_线程服务价值结算证据摘要 私有_评估服务价值结算证据_线程侧( const 结构_叶子任务正式结算证据& 正式结算证据)	评估状态、风险、质量、权重或完成度。		ClCompile	自我线程模块.impl.cpp:1285 | 自我线程模块.impl.cpp:2151
present	私有_落任务管理派生需求到自我内部世界	私有_落任务管理派生需求到自我内部世界	自我线程模块.impl.cpp:12918	2	bool 私有_落任务管理派生需求到自我内部世界( const 自我线程消息协议::结构_治理消息& 消息) noexcept	服务所在模块的内部辅助流程。		ClCompile	自我线程模块.impl.cpp:12918 | 自我线程模块.impl.cpp:15531
present	私有_目标存在跟踪状态特征_线程侧	私有_目标存在跟踪状态特征_线程侧	自我线程模块.impl.cpp:12954	2	const 语素入口节点类* 私有_目标存在跟踪状态特征_线程侧() noexcept	执行跟踪相关定位、匹配或结果输出逻辑。		ClCompile	自我线程模块.impl.cpp:12954 | 自我线程模块.impl.cpp:13206
present	私有_确保扫描入账子需求_线程侧	私有_确保扫描入账子需求_线程侧	自我线程模块.impl.cpp:13067	2	需求节点* 私有_确保扫描入账子需求_线程侧( 自我类& 自我对象, 需求节点* 父需求, 存在节点类* 目标存在, const 语素入口节点类* 目标特征, I64 当前值, 时间戳 now) noexcept	确保目标结构、状态或前置条件存在并可用。		ClCompile	自我线程模块.impl.cpp:13067 | 自我线程模块.impl.cpp:13159
present	私有_确保跟踪状态子需求_线程侧	私有_确保跟踪状态子需求_线程侧	自我线程模块.impl.cpp:13086	2	需求节点* 私有_确保跟踪状态子需求_线程侧( 自我类& 自我对象, 需求节点* 父需求, 存在节点类* 目标存在, const 语素入口节点类* 目标特征, I64 当前值, 时间戳 now) noexcept	确保目标结构、状态或前置条件存在并可用。		ClCompile	自我线程模块.impl.cpp:13086 | 自我线程模块.impl.cpp:13219
present	私有_扫描材料承接后确保6146任务主体_线程侧	私有_扫描材料承接后确保6146任务主体_线程侧	自我线程模块.impl.cpp:13105	2	bool 私有_扫描材料承接后确保6146任务主体_线程侧( const 结构_任务管理观察事实承接请求& 请求, const 结构_外设观察报告队列项* 报告, bool 承接成功, bool 报告可回查, 时间戳 now) noexcept	确保目标结构、状态或前置条件存在并可用。		ClCompile	自我线程模块.impl.cpp:13105 | 自我线程模块.impl.cpp:13580
present	私有_扫描材料承接后确保6147任务主体_线程侧	私有_扫描材料承接后确保6147任务主体_线程侧	自我线程模块.impl.cpp:13186	2	bool 私有_扫描材料承接后确保6147任务主体_线程侧( const 结构_任务管理观察事实承接请求& 请求, const 结构_外设观察报告队列项* 报告, bool 承接成功, bool 报告可回查, 时间戳 now) noexcept	确保目标结构、状态或前置条件存在并可用。		ClCompile	自我线程模块.impl.cpp:13186 | 自我线程模块.impl.cpp:13586
present	私有_审批任务执行前许可请求_线程侧	私有_审批任务执行前许可请求_线程侧	自我线程模块.impl.cpp:13243	2	bool 私有_审批任务执行前许可请求_线程侧( const 自我线程消息协议::结构_治理消息& 消息) noexcept	执行任务、方法或动作的主体逻辑。		ClCompile	自我线程模块.impl.cpp:13243 | 自我线程模块.impl.cpp:15535
present	私有_落任务管理观察事实承接请求到自我内部世界	私有_落任务管理观察事实承接请求到自我内部世界	自我线程模块.impl.cpp:13284	2	bool 私有_落任务管理观察事实承接请求到自我内部世界( const 自我线程消息协议::结构_治理消息& 消息) noexcept	服务所在模块的内部辅助流程。		ClCompile	自我线程模块.impl.cpp:13284 | 自我线程模块.impl.cpp:15539
present	私有_写入G0线程侧证据材料	私有_写入G0线程侧证据材料	自我线程模块.impl.cpp:1329	2	bool 私有_写入G0线程侧证据材料( 存在节点类* G0治理视图, const 结构_叶子任务正式结算证据& 正式结算证据, const 结构_线程服务价值结算证据摘要* 服务证据摘要, 时间戳 now) noexcept	把处理结果写入指定对象、场景或日志。		ClCompile	自我线程模块.impl.cpp:1329 | 自我线程模块.impl.cpp:1433
present	私有_落自检报告到自我内部世界	私有_落自检报告到自我内部世界	自我线程模块.impl.cpp:13614	2	bool 私有_落自检报告到自我内部世界( const 自我线程消息协议::结构_治理消息& 消息) noexcept	服务所在模块的内部辅助流程。		ClCompile	自我线程模块.impl.cpp:13614 | 自我线程模块.impl.cpp:15544
present	私有_落任务管理结果到自我内部世界	私有_落任务管理结果到自我内部世界	自我线程模块.impl.cpp:13651	2	bool 私有_落任务管理结果到自我内部世界( const 自我线程消息协议::结构_治理消息& 消息) noexcept	服务所在模块的内部辅助流程。		ClCompile	自我线程模块.impl.cpp:13651 | 自我线程模块.impl.cpp:15547
present	私有_治理消息处理类型文本	私有_治理消息处理类型文本	自我线程模块.impl.cpp:13779	2	const char* 私有_治理消息处理类型文本( 自我线程消息协议::枚举_消息处理类型 处理类型) noexcept	服务所在模块的内部辅助流程。		ClCompile	自我线程模块.impl.cpp:13779 | 自我线程模块.impl.cpp:14942
present	私有_任务管理去向文本	私有_任务管理去向文本	自我线程模块.impl.cpp:13802	2	const char* 私有_任务管理去向文本(枚举_任务管理下一步去向 去向) noexcept	服务所在模块的内部辅助流程。		ClCompile	自我线程模块.impl.cpp:13802 | 自我线程模块.impl.cpp:17066
present	私有_提取并上报任务管理上行消息_线程侧	私有_提取并上报任务管理上行消息_线程侧	自我线程模块.impl.cpp:13816	2	std::size_t 私有_提取并上报任务管理上行消息_线程侧(const char* 来源) noexcept	服务所在模块的内部辅助流程。		ClCompile	自我线程模块.impl.cpp:13816 | 自我线程模块.impl.cpp:15428
present	私有_生成成功服务G0候选_线程侧	私有_生成成功服务G0候选_线程侧	自我线程模块.impl.cpp:1383	2	结构_线程成功服务G0候选结果 私有_生成成功服务G0候选_线程侧( 任务节点* 任务头, 需求节点* 来源需求, const 结构_叶子任务正式结算证据& 正式结算证据, const 结构_线程服务价值结算证据摘要* 服务证据摘要, I64 服务完成度百万分比, I64 标准服务单位, 动态节点类* D1任务状态动作动态, const std::string& 非重复去重键, 时间戳 now) noexcept	根据当前输入生成目标数据、场景、动态或回执。		ClCompile	自我线程模块.impl.cpp:1383 | 自我线程模块.impl.cpp:2253
present	私有_归并治理消息并对账	私有_归并治理消息并对账	自我线程模块.impl.cpp:13837	2	bool 私有_归并治理消息并对账( std::unordered_map<std::string, 自我线程消息协议::结构_执行尝试汇总>* 执行尝试汇总表, 自我线程消息协议::结构_治理消息* 消息, bool& 命中执行尝试闭环)	服务所在模块的内部辅助流程。		ClCompile	自我线程模块.impl.cpp:13837 | 自我线程模块.impl.cpp:15516
present	私有_是任务管理成功结果消息	私有_是任务管理成功结果消息	自我线程模块.impl.cpp:13927	2	bool 私有_是任务管理成功结果消息( const 自我线程消息协议::结构_治理消息& 消息) noexcept	服务所在模块的内部辅助流程。		ClCompile	自我线程模块.impl.cpp:13927 | 自我线程模块.impl.cpp:13995
present	私有_冻结消息批次_限制观察承接	私有_冻结消息批次_限制观察承接	自我线程模块.impl.cpp:14032	2	bool 私有_冻结消息批次_限制观察承接( std::deque<自我线程消息协议::结构_治理消息>* 活邮箱, std::deque<自我线程消息协议::结构_治理消息>* 冻结批次, std::size_t 最大观察承接数量)	服务所在模块的内部辅助流程。		ClCompile	自我线程模块.impl.cpp:14032 | 自我线程模块.impl.cpp:15462
present	私有_读取场景最新动态V1摘要	私有_读取场景最新动态V1摘要	自我线程模块.impl.cpp:14176	2	结构_动态V1摘要 私有_读取场景最新动态V1摘要( 场景节点类* 场景, const 基础信息节点类* 主体) noexcept	从指定来源读取数据或状态。		ClCompile	自我线程模块.impl.cpp:14176 | 自我线程模块.impl.cpp:16321
present	私有_运行摘要	私有_运行摘要	自我线程模块.impl.cpp:14379	2	std::string 私有_运行摘要(const 自我线程类::结构_循环结果& 结果)	执行对应模块、线程或方法的运行逻辑。		ClCompile	自我线程模块.impl.cpp:14379 | 自我线程模块.impl.cpp:15238
present	私有_任务管理上行消息通知回调_线程侧	私有_任务管理上行消息通知回调_线程侧	自我线程模块.impl.cpp:14485	2	bool 私有_任务管理上行消息通知回调_线程侧( const 结构_任务管理上行消息& 消息) noexcept	服务所在模块的内部辅助流程。		ClCompile	自我线程模块.impl.cpp:14485 | 自我线程模块.impl.cpp:14576
present	私有_任务管理调度让步回调_线程侧	私有_任务管理调度让步回调_线程侧	自我线程模块.impl.cpp:14503	2	bool 私有_任务管理调度让步回调_线程侧(const char* 来源) noexcept	服务所在模块的内部辅助流程。		ClCompile	自我线程模块.impl.cpp:14503 | 自我线程模块.impl.cpp:14578
present	自我线程类::尝试抢占落账观察事实承接	尝试抢占落账观察事实承接	自我线程模块.impl.cpp:15608	2	bool 自我线程类::尝试抢占落账观察事实承接( const char* 来源, 时间戳 now, std::size_t 最大承接数量)	按函数名执行对应处理。		ClCompile	自我线程模块.impl.cpp:15608 | 自我线程模块.ixx:555
present	私有_读取成功服务候选标准服务单位_线程侧	私有_读取成功服务候选标准服务单位_线程侧	自我线程模块.impl.cpp:1687	2	I64 私有_读取成功服务候选标准服务单位_线程侧( 存在节点类* G0治理视图, 存在节点类* 候选记录) noexcept	从指定来源读取数据或状态。		ClCompile	自我线程模块.impl.cpp:1687 | 自我线程模块.impl.cpp:1819
present	私有_成功服务候选已结算_线程侧	私有_成功服务候选已结算_线程侧	自我线程模块.impl.cpp:1731	2	bool 私有_成功服务候选已结算_线程侧(存在节点类* 候选记录) noexcept	结算任务、需求、价值或结果贡献。		ClCompile	自我线程模块.impl.cpp:1731 | 自我线程模块.impl.cpp:1811
present	私有_读取任务成功服务候选池_线程侧	私有_读取任务成功服务候选池_线程侧	自我线程模块.impl.cpp:1745	2	存在节点类* 私有_读取任务成功服务候选池_线程侧(任务节点* 任务头) noexcept	从指定来源读取数据或状态。		ClCompile	自我线程模块.impl.cpp:1745 | 自我线程模块.impl.cpp:1802
present	私有_收集当前任务树头任务_线程侧	私有_收集当前任务树头任务_线程侧	自我线程模块.impl.cpp:1762	2	std::vector<任务节点*> 私有_收集当前任务树头任务_线程侧( const 自我类& 自我对象, std::size_t 上限) noexcept	服务所在模块的内部辅助流程。		ClCompile	自我线程模块.impl.cpp:1762 | 自我线程模块.impl.cpp:1796
present	私有_复核成功服务候选池_线程侧	私有_复核成功服务候选池_线程侧	自我线程模块.impl.cpp:1791	2	void 私有_复核成功服务候选池_线程侧( 自我类& 自我对象, 时间戳 now, 结构_线程服务治理维护结果& 结果) noexcept	服务所在模块的内部辅助流程。		ClCompile	自我线程模块.impl.cpp:1791 | 自我线程模块.impl.cpp:1872
present	私有_执行服务治理周期维护_线程侧	私有_执行服务治理周期维护_线程侧	自我线程模块.impl.cpp:1860	2	结构_线程服务治理维护结果 私有_执行服务治理周期维护_线程侧( 自我类& 自我对象, 时间戳 now, std::uint64_t 当前Tick) noexcept	执行任务、方法或动作的主体逻辑。		ClCompile	自我线程模块.impl.cpp:1860 | 自我线程模块.impl.cpp:15442
present	私有_目标特征是外设内部材料字段_线程侧	私有_目标特征是外设内部材料字段_线程侧	自我线程模块.impl.cpp:230	2	bool 私有_目标特征是外设内部材料字段_线程侧( const 语素入口节点类* 目标特征类型) noexcept	服务所在模块的内部辅助流程。		ClCompile	自我线程模块.impl.cpp:230 | 自我线程模块.impl.cpp:9506
present	私有_根必要条件目标方法ID_线程侧	私有_根必要条件目标方法ID_线程侧	自我线程模块.impl.cpp:2553	2	枚举_本能方法ID 私有_根必要条件目标方法ID_线程侧( const 结构_根特征必要条件定义_线程侧& 条件) noexcept	服务所在模块的内部辅助流程。		ClCompile	自我线程模块.impl.cpp:2553 | 自我线程模块.impl.cpp:10796
present	私有_从状态引用解析状态节点	私有_从状态引用解析状态节点	自我线程模块.impl.cpp:2713	2	状态节点类* 私有_从状态引用解析状态节点( const 可解析引用<状态节点类>& 引用) noexcept	解析输入文本、消息、场景或运行包。		ClCompile	自我线程模块.impl.cpp:2713 | 自我线程模块.impl.cpp:3187
present	私有_状态特征主信息_线程侧	私有_状态特征主信息_线程侧	自我线程模块.impl.cpp:2725	2	const 特征节点主信息类* 私有_状态特征主信息_线程侧(const 状态节点类* 状态节点) noexcept	服务所在模块的内部辅助流程。		ClCompile	自我线程模块.impl.cpp:2725 | 自我线程模块.impl.cpp:2759
present	私有_状态语义相同_线程侧	私有_状态语义相同_线程侧	自我线程模块.impl.cpp:2780	2	bool 私有_状态语义相同_线程侧( const 状态节点类* 左, const 状态节点类* 右) noexcept	服务所在模块的内部辅助流程。		ClCompile	自我线程模块.impl.cpp:2780 | 自我线程模块.impl.cpp:9618
present	私有_从场景查找目标实际状态_线程侧	私有_从场景查找目标实际状态_线程侧	自我线程模块.impl.cpp:3046	2	状态节点类* 私有_从场景查找目标实际状态_线程侧( 场景节点类* 输出结果场景, 基础信息节点类* 目标宿主, 特征节点类* 目标特征类型) noexcept	按条件查找目标对象、方法或事实。		ClCompile	自我线程模块.impl.cpp:3046 | 自我线程模块.impl.cpp:3202
present	私有_获取当前主需求_线程侧	私有_获取当前主需求_线程侧	自我线程模块.impl.cpp:3358	2	需求节点* 私有_获取当前主需求_线程侧(const 自我类& 自我对象) noexcept	读取并返回指定对象、状态或运行材料。		ClCompile	自我线程模块.impl.cpp:3358 | 自我线程模块.impl.cpp:16819
present	私有_校验需求节点属于当前需求树	私有_校验需求节点属于当前需求树	自我线程模块.impl.cpp:3365	2	需求节点* 私有_校验需求节点属于当前需求树( const 自我类& 自我对象, 需求节点* 候选节点) noexcept	服务所在模块的内部辅助流程。		ClCompile	自我线程模块.impl.cpp:3365 | 自我线程模块.impl.cpp:12074
present	私有_获取当前主任务_线程侧	私有_获取当前主任务_线程侧	自我线程模块.impl.cpp:3374	2	任务节点* 私有_获取当前主任务_线程侧(const 自我类& 自我对象) noexcept	读取并返回指定对象、状态或运行材料。		ClCompile	自我线程模块.impl.cpp:3374 | 自我线程模块.impl.cpp:14419
present	私有_确保任务承接权重已固化_线程侧	私有_确保任务承接权重已固化_线程侧	自我线程模块.impl.cpp:3623	2	bool 私有_确保任务承接权重已固化_线程侧( 需求节点* 来源需求, 任务节点* 任务头, 时间戳 now) noexcept	确保目标结构、状态或前置条件存在并可用。		ClCompile	自我线程模块.impl.cpp:3623 | 自我线程模块.impl.cpp:4330
present	私有_风险安全因素兄弟入账掩码_线程侧	私有_风险安全因素兄弟入账掩码_线程侧	自我线程模块.impl.cpp:4027	2	I64 私有_风险安全因素兄弟入账掩码_线程侧(基础信息节点类* 层宿主) noexcept	服务所在模块的内部辅助流程。		ClCompile	自我线程模块.impl.cpp:4027 | 自我线程模块.impl.cpp:4081
present	私有_查找风险安全场景影响因素宿主_线程侧	私有_查找风险安全场景影响因素宿主_线程侧	自我线程模块.impl.cpp:4060	2	基础信息节点类* 私有_查找风险安全场景影响因素宿主_线程侧( 基础信息节点类* 搜索根) noexcept	按条件查找目标对象、方法或事实。		ClCompile	自我线程模块.impl.cpp:4060 | 自我线程模块.impl.cpp:4121
present	私有_根必要条件是间接服务维护字段_线程侧	私有_根必要条件是间接服务维护字段_线程侧	自我线程模块.impl.cpp:411	2	bool 私有_根必要条件是间接服务维护字段_线程侧( const 结构_根特征必要条件定义_线程侧& 条件) noexcept	服务所在模块的内部辅助流程。		ClCompile	自我线程模块.impl.cpp:411 | 自我线程模块.impl.cpp:10744
present	私有_夹紧非负长双到I64_线程侧	私有_夹紧非负长双到I64_线程侧	自我线程模块.impl.cpp:4598	2	I64 私有_夹紧非负长双到I64_线程侧(const long double 值) noexcept	服务所在模块的内部辅助流程。		ClCompile	自我线程模块.impl.cpp:4598 | 自我线程模块.impl.cpp:4958
present	私有_饱和加I64非负增量_线程侧	私有_饱和加I64非负增量_线程侧	自我线程模块.impl.cpp:4611	2	I64 私有_饱和加I64非负增量_线程侧(I64 左, I64 右) noexcept	服务所在模块的内部辅助流程。		ClCompile	自我线程模块.impl.cpp:4611 | 自我线程模块.impl.cpp:4791
present	私有_按任务管理同口径计算完成度百万分比_线程侧	私有_按任务管理同口径计算完成度百万分比_线程侧	自我线程模块.impl.cpp:4628	2	I64 私有_按任务管理同口径计算完成度百万分比_线程侧( 状态节点类* 实际状态, 状态节点类* 目标状态, 状态节点类* 之前状态, 三向关系掩码 满足关系, bool 目标已达成) noexcept	计算权重、状态、差值或派生结果。		ClCompile	自我线程模块.impl.cpp:4628 | 自我线程模块.impl.cpp:5088
present	私有_抽象根特征定义读取状态文本_线程侧	私有_抽象根特征定义读取状态文本_线程侧	自我线程模块.impl.cpp:463	2	const char* 私有_抽象根特征定义读取状态文本_线程侧( const 枚举_抽象根特征定义读取状态_线程侧 状态) noexcept	从指定来源读取数据或状态。		ClCompile	自我线程模块.impl.cpp:463 | 自我线程模块.impl.cpp:662
present	私有_横向候选任务排序评分_线程侧	私有_横向候选任务排序评分_线程侧	自我线程模块.impl.cpp:4699	2	I64 私有_横向候选任务排序评分_线程侧(const 任务节点* 任务头) noexcept	服务所在模块的内部辅助流程。		ClCompile	自我线程模块.impl.cpp:4699 | 自我线程模块.impl.cpp:5047
present	私有_任务状态可进入横向结算_线程侧	私有_任务状态可进入横向结算_线程侧	自我线程模块.impl.cpp:4709	2	bool 私有_任务状态可进入横向结算_线程侧(const 任务节点* 任务头) noexcept	结算任务、需求、价值或结果贡献。		ClCompile	自我线程模块.impl.cpp:4709 | 自我线程模块.impl.cpp:5025
present	私有_来源实际结果可投向候选需求_线程侧	私有_来源实际结果可投向候选需求_线程侧	自我线程模块.impl.cpp:4717	2	bool 私有_来源实际结果可投向候选需求_线程侧( 需求节点* 候选需求, const 结构_叶子任务正式结算证据& 来源证据) noexcept	服务所在模块的内部辅助流程。		ClCompile	自我线程模块.impl.cpp:4717 | 自我线程模块.impl.cpp:4989
present	私有_横向候选数值拒绝原因文本_线程侧	私有_横向候选数值拒绝原因文本_线程侧	自我线程模块.impl.cpp:4751	2	const char* 私有_横向候选数值拒绝原因文本_线程侧( const 枚举_横向候选数值拒绝原因_线程侧 原因) noexcept	把横向候选数值拒绝原因转换为日志文本。		ClCompile	自我线程模块.impl.cpp:4751 | 自我线程模块.impl.cpp:5007
present	私有_填充横向候选数值_线程侧	私有_填充横向候选数值_线程侧	自我线程模块.impl.cpp:4768	2	bool 私有_填充横向候选数值_线程侧( 需求节点* 候选需求, I64 外溢量, 结构_横向结算候选_线程侧& 候选, 枚举_横向候选数值拒绝原因_线程侧& 拒绝原因) noexcept	服务所在模块的内部辅助流程。		ClCompile	自我线程模块.impl.cpp:4768 | 自我线程模块.impl.cpp:4996
present	私有_构造横向候选正式结算证据_线程侧	私有_构造横向候选正式结算证据_线程侧	自我线程模块.impl.cpp:4805	2	结构_叶子任务正式结算证据 私有_构造横向候选正式结算证据_线程侧( 自我类& 自我对象, const 结构_横向结算候选_线程侧& 候选, const 结构_叶子任务正式结算证据& 来源证据, 动态节点类* 来源任务动态, 时间戳 now) noexcept	结算任务、需求、价值或结果贡献。		ClCompile	自我线程模块.impl.cpp:4805 | 自我线程模块.impl.cpp:5072
present	私有_需求相关任务已终结_线程侧	私有_需求相关任务已终结_线程侧	自我线程模块.impl.cpp:5278	2	bool 私有_需求相关任务已终结_线程侧(const 需求节点* 需求节点) noexcept	服务所在模块的内部辅助流程。		ClCompile	自我线程模块.impl.cpp:5278 | 自我线程模块.impl.cpp:5799
present	私有_收束已完成叶需求_线程侧	私有_收束已完成叶需求_线程侧	自我线程模块.impl.cpp:5304	2	std::size_t 私有_收束已完成叶需求_线程侧( 自我类& 自我对象, 需求节点* 需求根节点, const 时间戳 now) noexcept	服务所在模块的内部辅助流程。		ClCompile	自我线程模块.impl.cpp:5304 | 自我线程模块.impl.cpp:11858
present	私有_回查父需求目标_任务管理新链	私有_回查父需求目标_任务管理新链	自我线程模块.impl.cpp:5564	2	结构_父需求目标回查结果_任务管理新链 私有_回查父需求目标_任务管理新链( const 需求节点* 子需求, const 需求节点* 父需求) noexcept	服务所在模块的内部辅助流程。		ClCompile	自我线程模块.impl.cpp:5564 | 自我线程模块.impl.cpp:5821
present	私有_需求可提交活动任务化意图_线程侧	私有_需求可提交活动任务化意图_线程侧	自我线程模块.impl.cpp:5691	2	bool 私有_需求可提交活动任务化意图_线程侧( const 需求节点* 需求节点) noexcept	提交事实、动态、任务状态或运行回执。		ClCompile	自我线程模块.impl.cpp:5691 | 自我线程模块.impl.cpp:7987
present	私有_选择活动叶子需求_任务管理新链	私有_选择活动叶子需求_任务管理新链	自我线程模块.impl.cpp:5736	2	需求节点* 私有_选择活动叶子需求_任务管理新链( 需求节点* 起点需求, const bool 服务优先) noexcept	从候选集中选择当前使用对象或方法。		ClCompile	自我线程模块.impl.cpp:5736 | 自我线程模块.impl.cpp:5774
present	私有_派生需求已满足或已调度_任务管理新链	私有_派生需求已满足或已调度_任务管理新链	自我线程模块.impl.cpp:5788	2	bool 私有_派生需求已满足或已调度_任务管理新链(需求节点* 需求节点) noexcept	服务所在模块的内部辅助流程。		ClCompile	自我线程模块.impl.cpp:5788 | 自我线程模块.impl.cpp:5811
present	私有_安全风险树节点类型词_线程侧	私有_安全风险树节点类型词_线程侧	自我线程模块.impl.cpp:6000	2	const 语素入口节点类* 私有_安全风险树节点类型词_线程侧() noexcept	服务所在模块的内部辅助流程。		ClCompile	自我线程模块.impl.cpp:6000 | 自我线程模块.impl.cpp:6566
present	私有_基础主键_线程侧	私有_基础主键_线程侧	自我线程模块.impl.cpp:6008	2	std::string 私有_基础主键_线程侧(const 基础信息节点类* 节点)	服务所在模块的内部辅助流程。		ClCompile	自我线程模块.impl.cpp:6008 | 自我线程模块.impl.cpp:6677
present	私有_入口主键_线程侧	私有_入口主键_线程侧	自我线程模块.impl.cpp:6014	2	std::string 私有_入口主键_线程侧(const 语素入口节点类* 入口)	服务所在模块的内部辅助流程。		ClCompile	自我线程模块.impl.cpp:6014 | 自我线程模块.impl.cpp:6675
present	私有_计算安全因果风险树输入版本_线程侧	私有_计算安全因果风险树输入版本_线程侧	自我线程模块.impl.cpp:6026	2	I64 私有_计算安全因果风险树输入版本_线程侧(因果节点类* 来源因果) noexcept	计算权重、状态、差值或派生结果。		ClCompile	自我线程模块.impl.cpp:6026 | 自我线程模块.impl.cpp:6804
present	私有_安全因果风险树节点键_线程侧	私有_安全因果风险树节点键_线程侧	自我线程模块.impl.cpp:6035	2	I64 私有_安全因果风险树节点键_线程侧(I64 层级, I64 因素ID) noexcept	服务所在模块的内部辅助流程。		ClCompile	自我线程模块.impl.cpp:6035 | 自我线程模块.impl.cpp:6563
present	私有_计算因果层级权重_百万分比_线程侧	私有_计算因果层级权重_百万分比_线程侧	自我线程模块.impl.cpp:6048	2	I64 私有_计算因果层级权重_百万分比_线程侧(std::uint32_t 层级) noexcept	计算权重、状态、差值或派生结果。		ClCompile	自我线程模块.impl.cpp:6048 | 自我线程模块.impl.cpp:6684
present	私有_推导需求根分区_线程侧	私有_推导需求根分区_线程侧	自我线程模块.impl.cpp:6064	2	I64 私有_推导需求根分区_线程侧(const 需求节点* 需求) noexcept	服务所在模块的内部辅助流程。		ClCompile	自我线程模块.impl.cpp:6064 | 自我线程模块.impl.cpp:6833
present	私有_取或创建安全因果风险树因素节点_线程侧	私有_取或创建安全因果风险树因素节点_线程侧	自我线程模块.impl.cpp:6553	2	存在节点类* 私有_取或创建安全因果风险树因素节点_线程侧( 基础信息节点类* 父宿主, 因果节点类* 来源因果, I64 层级, I64 因素ID, 时间戳 now) noexcept	创建并返回或登记对应对象。		ClCompile	自我线程模块.impl.cpp:6040 | 自我线程模块.impl.cpp:6553
present	私有_抽象根特征定义摘要_线程侧	私有_抽象根特征定义摘要_线程侧	自我线程模块.impl.cpp:657	2	std::string 私有_抽象根特征定义摘要_线程侧(const 结构_抽象根特征定义_线程侧& 定义)	服务所在模块的内部辅助流程。		ClCompile	自我线程模块.impl.cpp:657 | 自我线程模块.impl.cpp:675
present	私有_安全风险树派生消息字段完整_线程侧	私有_安全风险树派生消息字段完整_线程侧	自我线程模块.impl.cpp:6629	2	bool 私有_安全风险树派生消息字段完整_线程侧( const 结构_任务管理派生需求消息& 消息) noexcept	服务所在模块的内部辅助流程。		ClCompile	自我线程模块.impl.cpp:6629 | 自我线程模块.impl.cpp:6725
present	私有_构造安全风险树缺口派生消息_线程侧	私有_构造安全风险树缺口派生消息_线程侧	自我线程模块.impl.cpp:6648	2	结构_任务管理派生需求消息 私有_构造安全风险树缺口派生消息_线程侧( const 任务节点* 任务头, const 需求节点* 来源需求, 因果节点类* 来源因果, 基础信息节点类* 目标主体, const 语素入口节点类* 目标特征, 状态节点类* 当前状态, 状态节点类* 目标状态, 时间戳 now) noexcept	服务所在模块的内部辅助流程。		ClCompile	自我线程模块.impl.cpp:6648 | 自我线程模块.impl.cpp:6716
present	私有_维护安全因果风险树_线程侧	私有_维护安全因果风险树_线程侧	自我线程模块.impl.cpp:6731	2	结构_安全因果风险树线程维护结果 私有_维护安全因果风险树_线程侧( 自我类& 自我对象, 时间戳 now) noexcept	服务所在模块的内部辅助流程。		ClCompile	自我线程模块.impl.cpp:6731 | 自我线程模块.impl.cpp:16621
present	私有_记录抽象根特征定义读取快照_线程侧	私有_记录抽象根特征定义读取快照_线程侧	自我线程模块.impl.cpp:693	2	void 私有_记录抽象根特征定义读取快照_线程侧() noexcept	从指定来源读取数据或状态。		ClCompile	自我线程模块.impl.cpp:693 | 自我线程模块.impl.cpp:11724
present	私有_写入结算叶子任务价值输入	私有_写入结算叶子任务价值输入	自我线程模块.impl.cpp:6957	2	bool 私有_写入结算叶子任务价值输入( 基础信息节点类* 输入包, 需求节点* 来源需求, 任务节点* 任务头, I64 安全结算增量, I64 服务结算增量, I64 任务完成度百万分比, 状态节点类* 实际结果状态, const 结构_线程服务价值结算证据摘要* 服务证据摘要, 动态节点类* 来源动作动态, 动态节点类* 满足证据动态, 时间戳 now) noexcept	把处理结果写入指定对象、场景或日志。		ClCompile	自我线程模块.impl.cpp:6957 | 自我线程模块.impl.cpp:7141
present	私有_处理共享任务挂接需求满足反馈_线程侧	私有_处理共享任务挂接需求满足反馈_线程侧	自我线程模块.impl.cpp:7222	2	std::size_t 私有_处理共享任务挂接需求满足反馈_线程侧( 自我类& 自我对象, 任务节点* 来源任务, 需求节点* 来源需求, I64 本次安全满足量, I64 本次服务满足量, I64 安全累计比例_百万分比, I64 服务累计比例_百万分比, bool 任务域已完成, 时间戳 now, const std::string& 反馈事件主键, 动态节点类* 来源任务动态, const 动作验证报告::结构_动作验证报告摘要* 源动作验证报告摘要) noexcept	服务所在模块的内部辅助流程。		ClCompile	自我线程模块.impl.cpp:7222 | 自我线程模块.impl.cpp:7766
present	私有_任务节点同一_线程侧	私有_任务节点同一_线程侧	自我线程模块.impl.cpp:7390	2	bool 私有_任务节点同一_线程侧(const 任务节点* 左, const 任务节点* 右) noexcept	服务所在模块的内部辅助流程。		ClCompile	自我线程模块.impl.cpp:7390 | 自我线程模块.impl.cpp:7482
present	私有_按成功结果满足来源需求并唤醒父任务_任务管理新链	私有_按成功结果满足来源需求并唤醒父任务_任务管理新链	自我线程模块.impl.cpp:7646	2	void 私有_按成功结果满足来源需求并唤醒父任务_任务管理新链( 自我类& 自我对象, const 结构_任务管理结果状态消息& 结果消息, 时间戳 now) noexcept	唤醒等待中的任务、线程或治理链。		ClCompile	自我线程模块.impl.cpp:7646 | 自我线程模块.impl.cpp:13662
present	私有_按方法虚拟存在解析方法节点_任务管理新链	私有_按方法虚拟存在解析方法节点_任务管理新链	自我线程模块.impl.cpp:7821	2	方法节点* 私有_按方法虚拟存在解析方法节点_任务管理新链( 自我类& 自我对象, const 存在节点类* 方法虚拟存在, const std::string& 方法虚拟存在主键) noexcept	解析输入文本、消息、场景或运行包。		ClCompile	自我线程模块.impl.cpp:7821 | 自我线程模块.impl.cpp:9515
present	私有_解析存在引用_任务语义	私有_解析存在引用_任务语义	自我线程模块.impl.cpp:7852	2	存在节点类* 私有_解析存在引用_任务语义( const 可解析引用<存在节点类>& 引用) noexcept	解析输入文本、消息、场景或运行包。		ClCompile	自我线程模块.impl.cpp:2387 | 自我线程模块.impl.cpp:7852
present	私有_解析场景引用_任务语义	私有_解析场景引用_任务语义	自我线程模块.impl.cpp:7865	2	场景节点类* 私有_解析场景引用_任务语义( const 可解析引用<场景节点类>& 引用) noexcept	解析输入文本、消息、场景或运行包。		ClCompile	自我线程模块.impl.cpp:2389 | 自我线程模块.impl.cpp:7865
present	私有_按任务主键解析任务虚拟存在_任务管理新链	私有_按任务主键解析任务虚拟存在_任务管理新链	自我线程模块.impl.cpp:7885	2	存在节点类* 私有_按任务主键解析任务虚拟存在_任务管理新链( 自我类& 自我对象, const std::string& 任务主键, 时间戳 now) noexcept	解析输入文本、消息、场景或运行包。		ClCompile	自我线程模块.impl.cpp:7885 | 自我线程模块.impl.cpp:12649
present	私有_提交活动需求任务化意图_线程侧	私有_提交活动需求任务化意图_线程侧	自我线程模块.impl.cpp:7971	2	std::size_t 私有_提交活动需求任务化意图_线程侧( 自我类& 自我对象, const std::vector<自我线程类::结构_需求列表项>& 服务优先需求列表, const std::vector<自我线程类::结构_需求列表项>& 安全优先需求列表, 时间戳 now) noexcept	提交事实、动态、任务状态或运行回执。		ClCompile	自我线程模块.impl.cpp:7971 | 自我线程模块.impl.cpp:16659
present	私有_提交任务到任务管理界面线程_任务管理新链	私有_提交任务到任务管理界面线程_任务管理新链	自我线程模块.impl.cpp:8077	2	bool 私有_提交任务到任务管理界面线程_任务管理新链( 自我类& 自我对象, 任务节点* 当前主任务, 需求节点* 当前主需求, 时间戳 当前时间, 任务管理线程协议::结构_任务界面承接结果* 输出) noexcept	提交事实、动态、任务状态或运行回执。		ClCompile	自我线程模块.impl.cpp:8077 | 自我线程模块.impl.cpp:17010
present	私有_观察事实更新后触发来源需求重筹办_线程侧	私有_观察事实更新后触发来源需求重筹办_线程侧	自我线程模块.impl.cpp:8147	2	std::size_t 私有_观察事实更新后触发来源需求重筹办_线程侧( const 结构_任务管理观察事实承接请求& 请求, const 结构_外设观察报告队列项* 报告, const bool 承接成功, const bool 报告可回查, 时间戳 now) noexcept	更新已有对象、状态、索引或缓存。		ClCompile	自我线程模块.impl.cpp:8147 | 自我线程模块.impl.cpp:13598
present	私有_观察事实更新后刷新来源需求材料子需求_线程侧	私有_观察事实更新后刷新来源需求材料子需求_线程侧	自我线程模块.impl.cpp:8305	2	std::size_t 私有_观察事实更新后刷新来源需求材料子需求_线程侧( const 结构_任务管理观察事实承接请求& 请求, const 结构_外设观察报告队列项* 报告, const bool 承接成功, const bool 报告可回查, 时间戳 now) noexcept	更新已有对象、状态、索引或缓存。		ClCompile	自我线程模块.impl.cpp:8305 | 自我线程模块.impl.cpp:13592
present	私有_观察事实更新后触发安全根需求重筹办_线程侧	私有_观察事实更新后触发安全根需求重筹办_线程侧	自我线程模块.impl.cpp:8431	2	std::size_t 私有_观察事实更新后触发安全根需求重筹办_线程侧( const 结构_任务管理观察事实承接请求& 请求, const 结构_外设观察报告队列项* 报告, const bool 承接成功, const bool 报告可回查, 时间戳 now) noexcept	更新已有对象、状态、索引或缓存。		ClCompile	自我线程模块.impl.cpp:8431 | 自我线程模块.impl.cpp:13604
present	私有_派生需求特征类型词	私有_派生需求特征类型词	自我线程模块.impl.cpp:8630	2	const 语素入口节点类* 私有_派生需求特征类型词( const 状态节点类* 派生目标状态, const 状态节点类* 派生当前状态) noexcept	服务所在模块的内部辅助流程。		ClCompile	自我线程模块.impl.cpp:8630 | 自我线程模块.impl.cpp:9488
present	私有_派生任务类型词	私有_派生任务类型词	自我线程模块.impl.cpp:8644	2	const 语素入口节点类* 私有_派生任务类型词(const bool 是否前置任务) noexcept	服务所在模块的内部辅助流程。		ClCompile	自我线程模块.impl.cpp:2383 | 自我线程模块.impl.cpp:8644
present	私有_自检候选类型文本	私有_自检候选类型文本	自我线程模块.impl.cpp:8659	2	const char* 私有_自检候选类型文本( const 自我线程消息协议::枚举_自检候选类型 类型) noexcept	服务所在模块的内部辅助流程。		ClCompile	自我线程模块.impl.cpp:8659 | 自我线程模块.impl.cpp:8735
present	私有_写入自检报告休眠处置	私有_写入自检报告休眠处置	自我线程模块.impl.cpp:8674	2	void 私有_写入自检报告休眠处置( const I64 缺口类型值, bool& 仅休眠期评估, bool& 需要映射确认, const char*& 处置类型, const char*& 休眠期候选动作) noexcept	服务所在模块的内部辅助流程。		ClCompile	自我线程模块.impl.cpp:8674 | 自我线程模块.impl.cpp:15057
present	私有_自检候选原子目标完整	私有_自检候选原子目标完整	自我线程模块.impl.cpp:8750	2	bool 私有_自检候选原子目标完整( const 自我线程消息协议::结构_自检缺口候选消息& 候选, std::string* 错误) noexcept	服务所在模块的内部辅助流程。		ClCompile	自我线程模块.impl.cpp:8750 | 自我线程模块.impl.cpp:9185
present	私有_解析自检原子目标宿主	私有_解析自检原子目标宿主	自我线程模块.impl.cpp:8783	2	存在节点类* 私有_解析自检原子目标宿主( const std::uintptr_t 节点指针, const std::string& 主键) noexcept	解析输入文本、消息、场景或运行包。		ClCompile	自我线程模块.impl.cpp:8783 | 自我线程模块.impl.cpp:9208
present	私有_自检维护管理目标特征名_线程侧	私有_自检维护管理目标特征名_线程侧	自我线程模块.impl.cpp:8857	2	const char* 私有_自检维护管理目标特征名_线程侧( const 枚举_自检候选父需求域_线程侧 域) noexcept	服务所在模块的内部辅助流程。		ClCompile	自我线程模块.impl.cpp:8857 | 自我线程模块.impl.cpp:8878
present	私有_自检维护管理目标特征词_线程侧	私有_自检维护管理目标特征词_线程侧	自我线程模块.impl.cpp:8875	2	const 语素入口节点类* 私有_自检维护管理目标特征词_线程侧( const 枚举_自检候选父需求域_线程侧 域) noexcept	服务所在模块的内部辅助流程。		ClCompile	自我线程模块.impl.cpp:8875 | 自我线程模块.impl.cpp:8895
present	私有_确保自检维护管理父需求_线程侧	私有_确保自检维护管理父需求_线程侧	自我线程模块.impl.cpp:8883	2	需求节点* 私有_确保自检维护管理父需求_线程侧( 自我类& 自我对象, const 枚举_自检候选父需求域_线程侧 域, 需求节点* 承接父需求, const 时间戳 now, const std::string& 来源因果主键) noexcept	确保目标结构、状态或前置条件存在并可用。		ClCompile	自我线程模块.impl.cpp:8883 | 自我线程模块.impl.cpp:9046
present	私有_查询自检候选局部来源线索_线程侧	私有_查询自检候选局部来源线索_线程侧	自我线程模块.impl.cpp:8994	2	结构_自检候选局部来源线索_线程侧 私有_查询自检候选局部来源线索_线程侧( 自我类& 自我对象, const 自我线程消息协议::结构_自检缺口候选消息& 候选) noexcept	服务所在模块的内部辅助流程。		ClCompile	自我线程模块.impl.cpp:8994 | 自我线程模块.impl.cpp:9069
present	私有_裁决自检候选父需求_线程侧	私有_裁决自检候选父需求_线程侧	自我线程模块.impl.cpp:9010	2	结构_自检候选父需求裁决_线程侧 私有_裁决自检候选父需求_线程侧( 自我类& 自我对象, const 自我线程消息协议::结构_自检缺口候选消息& 候选, const 语素入口节点类* 目标特征类型, 基础信息节点类* 目标宿主, 状态节点类* 目标状态, 时间戳 now) noexcept	服务所在模块的内部辅助流程。		ClCompile	自我线程模块.impl.cpp:9010 | 自我线程模块.impl.cpp:9247
present	私有_计算风险安全第二层投影候选_线程侧	私有_计算风险安全第二层投影候选_线程侧	自我线程模块.impl.cpp:907	2	I64 私有_计算风险安全第二层投影候选_线程侧(I64 风险安全层候选) noexcept	计算权重、状态、差值或派生结果。		ClCompile	自我线程模块.impl.cpp:907 | 自我线程模块.impl.cpp:3757
present	私有_按自检候选生成正式需求节点	私有_按自检候选生成正式需求节点	自我线程模块.impl.cpp:9179	2	需求节点* 私有_按自检候选生成正式需求节点( 自我类& 自我对象, const 自我线程消息协议::结构_自检缺口候选消息& 候选, 时间戳 now) noexcept	根据当前输入生成目标数据、场景、动态或回执。		ClCompile	自我线程模块.impl.cpp:9179 | 自我线程模块.impl.cpp:13631
present	私有_派生需求入树原因分类文本	私有_派生需求入树原因分类文本	自我线程模块.impl.cpp:9347	2	const char* 私有_派生需求入树原因分类文本( const 枚举_派生需求入树原因分类 原因) noexcept	服务所在模块的内部辅助流程。		ClCompile	自我线程模块.impl.cpp:9347 | 自我线程模块.impl.cpp:9377
present	私有_按百万分比计算目标值_线程侧	私有_按百万分比计算目标值_线程侧	自我线程模块.impl.cpp:989	2	I64 私有_按百万分比计算目标值_线程侧(I64 权重上限, I64 比例_百万分比) noexcept	计算权重、状态、差值或派生结果。		ClCompile	自我线程模块.impl.cpp:989 | 自我线程模块.impl.cpp:1009
present	私有_确保当前场景特征值OR路径展开_线程侧	私有_确保当前场景特征值OR路径展开_线程侧	自我线程模块.impl.cpp:9938	2	bool 私有_确保当前场景特征值OR路径展开_线程侧( 自我类& 自我对象, 需求节点* 当前场景特征值需求, const 结构_任务管理派生需求消息& 派生需求, const 时间戳 now) noexcept	确保目标结构、状态或前置条件存在并可用。		ClCompile	自我线程模块.impl.cpp:9938 | 自我线程模块.impl.cpp:9985
present	任务管理结果消息语义相同	任务管理结果消息语义相同	自我线程模块.消息协议.ixx:1046	2	inline bool 任务管理结果消息语义相同( const 结构_任务管理结果状态消息& 左, const 结构_任务管理结果状态消息& 右) noexcept	按函数名执行对应处理。 功能：按函数名执行对应处理。		ClCompile	自我线程模块.消息协议.ixx:1046 | 自我线程模块.消息协议.ixx:1199
present	从控制面板刷新请求构造治理消息	从控制面板刷新请求构造治理消息	自我线程模块.消息协议.ixx:1747	2	inline 结构_治理消息 从控制面板刷新请求构造治理消息( const 结构_控制面板刷新请求消息& 请求) noexcept	按函数名执行对应处理。		ClCompile	自我线程模块.消息协议.ixx:1747 | 自我线程模块.消息协议.ixx:1887
present	同步治理消息语义槽	同步治理消息语义槽	自我线程模块.消息协议.ixx:515	2	inline void 同步治理消息语义槽(结构_存在动作语义& 语义) noexcept	同步线程、任务、场景或对象之间的状态。		ClCompile	自我线程模块.消息协议.ixx:515 | 自我线程模块.消息协议.ixx:711
present	同步执行尝试汇总语义槽	同步执行尝试汇总语义槽	自我线程模块.消息协议.ixx:572	2	inline void 同步执行尝试汇总语义槽(结构_执行尝试汇总& 汇总) noexcept	同步线程、任务、场景或对象之间的状态。		ClCompile	自我线程模块.消息协议.ixx:572 | 自我线程模块.消息协议.ixx:593
present	是否存在已确认变化项	是否存在已确认变化项	自我线程模块.消息协议.ixx:786	2	inline bool 是否存在已确认变化项(const 结构_治理消息& 消息) noexcept	确认候选事实、存在、状态或运行结果。		ClCompile	自我线程模块.消息协议.ixx:786 | 自我线程模块.消息协议.ixx:1858
present	是否存在关键中间状态变化项	是否存在关键中间状态变化项	自我线程模块.消息协议.ixx:797	2	inline bool 是否存在关键中间状态变化项(const 结构_治理消息& 消息) noexcept	按函数名执行对应处理。		ClCompile	自我线程模块.消息协议.ixx:797 | 自我线程模块.消息协议.ixx:1859
present	执行尝试汇总状态文本	执行尝试汇总状态文本	自我线程模块.消息协议.ixx:808	2	inline const char* 执行尝试汇总状态文本(const 枚举_执行尝试汇总状态 状态) noexcept	执行任务、方法或动作的主体逻辑。		ClCompile	自我线程模块.消息协议.ixx:808 | 自我线程模块.消息协议.ixx:1860
present	执行尝试验证状态文本	执行尝试验证状态文本	自我线程模块.消息协议.ixx:825	2	inline const char* 执行尝试验证状态文本(const 枚举_执行尝试验证状态 状态) noexcept	执行任务、方法或动作的主体逻辑。		ClCompile	自我线程模块.消息协议.ixx:825 | 自我线程模块.消息协议.ixx:1861
present	执行尝试对账结论文本	执行尝试对账结论文本	自我线程模块.消息协议.ixx:840	2	inline const char* 执行尝试对账结论文本(const 枚举_执行尝试对账结论 结论) noexcept	执行任务、方法或动作的主体逻辑。		ClCompile	自我线程模块.消息协议.ixx:840 | 自我线程模块.消息协议.ixx:1862
present	推断任务管理动作主体类型	推断任务管理动作主体类型	自我线程模块.消息协议.ixx:895	2	inline 枚举_存在类型 推断任务管理动作主体类型( const std::string& 类型摘要) noexcept	按函数名执行对应处理。		ClCompile	自我线程模块.消息协议.ixx:895 | 自我线程模块.消息协议.ixx:1865
present	需求节点是结构根	需求节点是结构根	自我线程模块.消息处理器.ixx:100	2	inline bool 需求节点是结构根(const 需求节点* 节点) noexcept	按函数名执行对应处理。		ClCompile	自我线程模块.消息处理器.ixx:100 | 自我线程模块.消息处理器.ixx:490
present	新增需求原子目标缺失项文本	新增需求原子目标缺失项文本	自我线程模块.消息处理器.ixx:120	2	inline const char* 新增需求原子目标缺失项文本( const 枚举_新增需求原子目标缺失项 缺失项) noexcept	把新增需求原子目标缺失项转换为弹错文本。		ClCompile	自我线程模块.消息处理器.ixx:120 | 自我线程模块.消息处理器.ixx:499
present	是否触发需求队列刷新	是否触发需求队列刷新	自我线程模块.消息处理器.ixx:336	2	inline bool 是否触发需求队列刷新(const 自我线程消息协议::结构_治理消息& 消息) noexcept	按函数名执行对应处理。		ClCompile	自我线程模块.消息处理器.ixx:336 | 自我线程模块.消息处理器.ixx:555
present	处理推进事件批次	处理推进事件批次	自我线程模块.消息处理器.ixx:448	2	inline 结构_消息批次处理摘要 处理推进事件批次( const std::vector<结构_任务推进事件>& 推进事件列表) noexcept	按函数名执行对应处理。		ClCompile	自我线程模块.消息处理器.ixx:448 | 自我线程模块.消息处理器.ixx:565
present	应用需求树变更批次	应用需求树变更批次	自我线程模块.消息处理器.ixx:460	2	inline bool 应用需求树变更批次( 自我类& 自我对象, const std::deque<自我线程消息协议::结构_治理消息>& 本轮冻结消息, 结构_需求分支刷新范围* 输出刷新范围) noexcept	按函数名执行对应处理。		ClCompile	自我线程模块.消息处理器.ixx:460 | 自我线程模块.消息处理器.ixx:566
present	按主键定位需求节点	按主键定位需求节点	自我线程模块.消息处理器.ixx:69	2	inline 需求节点* 按主键定位需求节点( 需求节点* 需求根节点, const std::string& 主键) noexcept	按函数名执行对应处理。		ClCompile	自我线程模块.消息处理器.ixx:69 | 自我线程模块.消息处理器.ixx:96
present	生成冻结批次摘要	生成冻结批次摘要	自我线程模块.消息批次执行器.ixx:191	2	inline std::string 生成冻结批次摘要( const std::deque<自我线程消息协议::结构_治理消息>& 批次)	根据当前输入生成目标数据、场景、动态或回执。		ClCompile	自我线程模块.消息批次执行器.ixx:191 | 自我线程模块.消息批次执行器.ixx:409
present	存在抢占消息	存在抢占消息	自我线程模块.消息批次执行器.ixx:228	2	inline bool 存在抢占消息(const 结构_治理消息批次& 批次) noexcept	按函数名执行对应处理。		ClCompile	自我线程模块.消息批次执行器.ixx:228 | 自我线程模块.消息批次执行器.ixx:411
present	根据主导需求创建任务根节点	根据主导需求创建任务根节点	自我线程模块.消息批次执行器.ixx:306	2	inline 结构_任务根节点 根据主导需求创建任务根节点( const 自我类& 自我对象, const 时间戳 now, const 枚举_任务管理根层重判结果 根层重判结果, const std::string& 上层反馈摘要) noexcept	创建并返回或登记对应对象。		ClCompile	自我线程模块.消息批次执行器.ixx:306 | 自我线程模块.消息批次执行器.ixx:416
present	初始化任务控制态	初始化任务控制态	自我线程模块.消息批次执行器.ixx:330	2	inline 结构_任务控制态 初始化任务控制态( const 结构_任务根节点& 根节点, const 自我线程消息协议::结构_治理消息& 已消费消息, const 枚举_任务管理执行前门控结果 执行前门控结果) noexcept	初始化相关对象、状态或运行上下文。		ClCompile	自我线程模块.消息批次执行器.ixx:330 | 自我线程模块.消息批次执行器.ixx:417
present	冻结消息批次	冻结消息批次	自我线程模块.消息批次执行器.ixx:43	2	inline bool 冻结消息批次( std::deque<自我线程消息协议::结构_治理消息>* 活邮箱, std::deque<自我线程消息协议::结构_治理消息>* 冻结批次) noexcept	按函数名执行对应处理。		ClCompile	自我线程模块.消息批次执行器.ixx:43 | 自我线程模块.消息批次执行器.ixx:407
present	私有_统计方法直接结构_自检	私有_统计方法直接结构_自检	自检线程模块.impl.cpp:1030	2	void 私有_统计方法直接结构_自检( const 方法节点* 方法头, I64& 条件数, I64& 结果数) noexcept	统计方法首节点下的直接条件和结果数量。		ClCompile	自检线程模块.impl.cpp:1030 | 自检线程模块.impl.cpp:1781
present	私有_统计方法条件结果对_自检	私有_统计方法条件结果对_自检	自检线程模块.impl.cpp:1042	2	void 私有_统计方法条件结果对_自检( const 方法节点* 方法头, I64& 配对数量, I64& 命中次数总和, I64& 最大命中次数) noexcept	统计方法条件结果对数量和命中次数。		ClCompile	自检线程模块.impl.cpp:1042 | 自检线程模块.impl.cpp:1785
present	私有_推导方法自检当前状态值_自检	私有_推导方法自检当前状态值_自检	自检线程模块.impl.cpp:1084	2	I64 私有_推导方法自检当前状态值_自检( bool 有对应动作, const I64 条件数, const I64 结果数, const I64 条件结果对数量) noexcept	服务所在模块的内部辅助流程。		ClCompile	自检线程模块.impl.cpp:1084 | 自检线程模块.impl.cpp:1813
present	私有_本能方法有对应动作_自检	私有_本能方法有对应动作_自检	自检线程模块.impl.cpp:1106	2	bool 私有_本能方法有对应动作_自检(const 方法节点* 方法) noexcept	服务所在模块的内部辅助流程。		ClCompile	自检线程模块.impl.cpp:1106 | 自检线程模块.impl.cpp:1790
present	私有_统计结构可用方法数量	私有_统计结构可用方法数量	自检线程模块.impl.cpp:1144	2	I64 私有_统计结构可用方法数量() noexcept	服务所在模块的内部辅助流程。		ClCompile	自检线程模块.impl.cpp:1144 | 自检线程模块.impl.cpp:2115
present	私有_引用指向需求_自检	私有_引用指向需求_自检	自检线程模块.impl.cpp:115	2	bool 私有_引用指向需求_自检( const 可解析引用<需求节点类>& 引用, const 需求类::节点类* 需求) noexcept	服务所在模块的内部辅助流程。		ClCompile	自检线程模块.impl.cpp:115 | 自检线程模块.impl.cpp:194
present	私有_填充方法I64原子目标_自检	私有_填充方法I64原子目标_自检	自检线程模块.impl.cpp:1182	2	void 私有_填充方法I64原子目标_自检( 自我线程消息协议::结构_自检缺口候选消息& 候选, const 方法节点* 方法, const 语素入口节点类* 特征类型, I64 当前值, I64 目标值, 三向关系掩码 满足关系, 时间戳 now) noexcept	服务所在模块的内部辅助流程。		ClCompile	自检线程模块.impl.cpp:1182 | 自检线程模块.impl.cpp:1286
present	私有_自检候选原子目标完整_本地	私有_自检候选原子目标完整_本地	自检线程模块.impl.cpp:1233	2	bool 私有_自检候选原子目标完整_本地( const 自我线程消息协议::结构_自检缺口候选消息& 候选) noexcept	服务所在模块的内部辅助流程。		ClCompile	自检线程模块.impl.cpp:1233 | 自检线程模块.impl.cpp:1295
present	私有_自检候选是代码缺陷报告	私有_自检候选是代码缺陷报告	自检线程模块.impl.cpp:1327	2	bool 私有_自检候选是代码缺陷报告( const 自我线程消息协议::结构_自检缺口候选消息& 候选) noexcept	服务所在模块的内部辅助流程。		ClCompile	自检线程模块.impl.cpp:1327 | 自检线程模块.impl.cpp:1354
present	启动自检线程只读观察模式	启动自检线程只读观察模式	自检线程模块.impl.cpp:2199	2	bool 启动自检线程只读观察模式()	启动线程、模块或运行流程。		ClCompile	自检线程模块.impl.cpp:2199 | 自检线程模块.ixx:142
present	私有_本能ID可作为练习目标_自检	私有_本能ID可作为练习目标_自检	自检线程模块.impl.cpp:267	2	bool 私有_本能ID可作为练习目标_自检(I64 本能ID) noexcept	服务所在模块的内部辅助流程。		ClCompile	自检线程模块.impl.cpp:267 | 自检线程模块.impl.cpp:376
present	私有_方法可作为练习目标_自检	私有_方法可作为练习目标_自检	自检线程模块.impl.cpp:370	2	bool 私有_方法可作为练习目标_自检(const 方法节点* 方法) noexcept	服务所在模块的内部辅助流程。		ClCompile	自检线程模块.impl.cpp:370 | 自检线程模块.impl.cpp:1796
present	私有_解析方法虚拟存在_只读	私有_解析方法虚拟存在_只读	自检线程模块.impl.cpp:380	2	存在节点类* 私有_解析方法虚拟存在_只读(const 方法节点* 方法) noexcept	解析输入文本、消息、场景或运行包。		ClCompile	自检线程模块.impl.cpp:380 | 自检线程模块.impl.cpp:1191
present	私有_绑定自检摘要特征槽	私有_绑定自检摘要特征槽	自检线程模块.impl.cpp:442	2	void 私有_绑定自检摘要特征槽(结构_自检线程摘要& 摘要) noexcept	建立对象、任务、方法或因果之间的绑定关系。		ClCompile	自检线程模块.impl.cpp:442 | 自检线程模块.impl.cpp:1553
present	私有_特征_最近执行时间_自检	私有_特征_最近执行时间_自检	自检线程模块.impl.cpp:46	2	const 语素入口节点类* 私有_特征_最近执行时间_自检() noexcept	执行任务、方法或动作的主体逻辑。		ClCompile	自检线程模块.impl.cpp:46 | 自检线程模块.impl.cpp:1935
present	私有_方法状态_待方法动作值_自检	私有_方法状态_待方法动作值_自检	自检线程模块.impl.cpp:470	2	constexpr I64 私有_方法状态_待方法动作值_自检() noexcept	服务所在模块的内部辅助流程。		ClCompile	自检线程模块.impl.cpp:470 | 自检线程模块.impl.cpp:1091
present	私有_方法状态_待条件节点值_自检	私有_方法状态_待条件节点值_自检	自检线程模块.impl.cpp:476	2	constexpr I64 私有_方法状态_待条件节点值_自检() noexcept	服务所在模块的内部辅助流程。		ClCompile	自检线程模块.impl.cpp:476 | 自检线程模块.impl.cpp:1094
present	私有_方法状态_待结果节点值_自检	私有_方法状态_待结果节点值_自检	自检线程模块.impl.cpp:482	2	constexpr I64 私有_方法状态_待结果节点值_自检() noexcept	服务所在模块的内部辅助流程。		ClCompile	自检线程模块.impl.cpp:482 | 自检线程模块.impl.cpp:1097
present	私有_方法状态_待条件结果对值_自检	私有_方法状态_待条件结果对值_自检	自检线程模块.impl.cpp:488	2	constexpr I64 私有_方法状态_待条件结果对值_自检() noexcept	服务所在模块的内部辅助流程。		ClCompile	自检线程模块.impl.cpp:488 | 自检线程模块.impl.cpp:1100
present	私有_方法状态_可用值_自检	私有_方法状态_可用值_自检	自检线程模块.impl.cpp:494	2	constexpr I64 私有_方法状态_可用值_自检() noexcept	服务所在模块的内部辅助流程。		ClCompile	自检线程模块.impl.cpp:494 | 自检线程模块.impl.cpp:1102
present	私有_方法状态_好用值_自检	私有_方法状态_好用值_自检	自检线程模块.impl.cpp:500	2	constexpr I64 私有_方法状态_好用值_自检() noexcept	服务所在模块的内部辅助流程。		ClCompile	自检线程模块.impl.cpp:500 | 自检线程模块.impl.cpp:1822
present	私有_安全词_自检	私有_安全词_自检	自检线程模块.impl.cpp:533	2	std::string 私有_安全词_自检(const 语素入口节点类* 词) noexcept	服务所在模块的内部辅助流程。		ClCompile	自检线程模块.impl.cpp:533 | 自检线程模块.impl.cpp:827
present	私有_特征_最近完成时间_自检	私有_特征_最近完成时间_自检	自检线程模块.impl.cpp:54	2	const 语素入口节点类* 私有_特征_最近完成时间_自检() noexcept	服务所在模块的内部辅助流程。		ClCompile	自检线程模块.impl.cpp:54 | 自检线程模块.impl.cpp:1938
present	有缺口	有缺口	自检线程模块.impl.cpp:580	2	bool 有缺口() const noexcept	按函数名执行对应处理。		ClCompile	自检线程模块.impl.cpp:580 | 自检线程模块.impl.cpp:969
present	私有_根特征缺口类型文本_自检	私有_根特征缺口类型文本_自检	自检线程模块.impl.cpp:597	2	const char* 私有_根特征缺口类型文本_自检(const 枚举_根特征缺口类型_自检 类型) noexcept	服务所在模块的内部辅助流程。		ClCompile	自检线程模块.impl.cpp:597 | 自检线程模块.impl.cpp:826
present	私有_自我根特征类型词_自检	私有_自我根特征类型词_自检	自检线程模块.impl.cpp:610	2	const 语素入口节点类* 私有_自我根特征类型词_自检( const 枚举_自我根特征类型_自检 类型) noexcept	服务所在模块的内部辅助流程。		ClCompile	自检线程模块.impl.cpp:610 | 自检线程模块.impl.cpp:727
present	私有_特征_方法动作状态_自检	私有_特征_方法动作状态_自检	自检线程模块.impl.cpp:62	2	const 语素入口节点类* 私有_特征_方法动作状态_自检() noexcept	服务所在模块的内部辅助流程。		ClCompile	自检线程模块.impl.cpp:62 | 自检线程模块.impl.cpp:1806
present	私有_根特征缺失结构值_自检	私有_根特征缺失结构值_自检	自检线程模块.impl.cpp:624	2	I64 私有_根特征缺失结构值_自检(const 枚举_根特征缺口类型_自检 类型) noexcept	服务所在模块的内部辅助流程。		ClCompile	自检线程模块.impl.cpp:624 | 自检线程模块.impl.cpp:923
present	私有_特征_方法状态_自检	私有_特征_方法状态_自检	自检线程模块.impl.cpp:70	2	const 语素入口节点类* 私有_特征_方法状态_自检() noexcept	服务所在模块的内部辅助流程。		ClCompile	自检线程模块.impl.cpp:70 | 自检线程模块.impl.cpp:1811
present	私有_读取抽象根特征定义_自检	私有_读取抽象根特征定义_自检	自检线程模块.impl.cpp:722	2	结构_抽象根特征定义_自检 私有_读取抽象根特征定义_自检( const 枚举_自我根特征类型_自检 根特征类型) noexcept	从指定来源读取数据或状态。		ClCompile	自检线程模块.impl.cpp:722 | 自检线程模块.impl.cpp:778
present	私有_自检自我根特征_自检	私有_自检自我根特征_自检	自检线程模块.impl.cpp:773	2	结构_自我根特征自检结果_自检 私有_自检自我根特征_自检( const 枚举_自我根特征类型_自检 根特征类型) noexcept	服务所在模块的内部辅助流程。		ClCompile	自检线程模块.impl.cpp:773 | 自检线程模块.impl.cpp:967
present	私有_填充根特征原子目标_自检	私有_填充根特征原子目标_自检	自检线程模块.impl.cpp:840	2	void 私有_填充根特征原子目标_自检( 自我线程消息协议::结构_自检缺口候选消息& 候选, const 结构_自我根特征自检结果_自检& 结果, 时间戳 now, const std::atomic_bool* 停止请求) noexcept	服务所在模块的内部辅助流程。		ClCompile	自检线程模块.impl.cpp:840 | 自检线程模块.impl.cpp:942
present	私有_构造根特征自检缺口候选_自检	私有_构造根特征自检缺口候选_自检	自检线程模块.impl.cpp:898	2	自我线程消息协议::结构_自检缺口候选消息 私有_构造根特征自检缺口候选_自检( const 结构_自我根特征自检结果_自检& 结果, 时间戳 now, const std::atomic_bool* 停止请求) noexcept	服务所在模块的内部辅助流程。		ClCompile	自检线程模块.impl.cpp:898 | 自检线程模块.impl.cpp:976
present	选择默认信息入口类型	选择默认信息入口类型	语素主信息类.h:201	2	inline 枚举_信息入口类型 选择默认信息入口类型(枚举_词性 词性) noexcept	从候选集中选择当前使用对象或方法。		ClInclude	语素主信息类.h:201 | 语素主信息类.h:218
present	人类词性是否兼容基础信息类型	人类词性是否兼容基础信息类型	语素主信息类.h:325	2	inline bool 人类词性是否兼容基础信息类型(枚举_词性 词性, 枚举_主信息类型 类型) noexcept	按函数名执行对应处理。		ClInclude	语素主信息类.h:325 | 语素类.cpp:1339
present	私有_比较基础信息引用	私有_比较基础信息引用	语素主信息类.h:459	2	static std::int64_t 私有_比较基础信息引用( const 可解析引用<基础信息节点类>& 左, const 可解析引用<基础信息节点类>& 右) noexcept	比较当前值、目标值或历史基准。		ClInclude	语素主信息类.h:451 | 语素主信息类.h:459
present	取信息入口存储树	取信息入口存储树	语素主信息类.h:81	2	inline 枚举_信息存储树 取信息入口存储树(枚举_信息入口类型 信息入口类型) noexcept	按函数名执行对应处理。		ClInclude	语素主信息类.h:81 | 语素类.cpp:1188
present	取信息入口默认根名	取信息入口默认根名	语素主信息类.h:95	2	inline const char* 取信息入口默认根名(枚举_信息入口类型 信息入口类型) noexcept	按函数名执行对应处理。		ClInclude	语素主信息类.h:95 | 语素类.cpp:1200
present	语素类::确保信息入口对应基础信息	确保信息入口对应基础信息	语素类.cpp:1111	2	基础信息节点类* 语素类::确保信息入口对应基础信息(const std::string& 词值, 枚举_信息入口类型 信息入口类型, 基础信息类* 基础信息仓库, 基础信息节点类* 父节点)	确保目标结构、状态或前置条件存在并可用。		ClCompile	语素类.cpp:1111 | 语素类.h:89
present	语素类::查找语素入口对应基础信息	查找语素入口对应基础信息	语素类.cpp:1118	2	基础信息节点类* 语素类::查找语素入口对应基础信息(const 语素入口节点类* 入口节点) const	按条件查找目标对象、方法或事实。		ClCompile	语素类.cpp:1118 | 语素类.h:95
present	语素类::读取信息入口定义	读取信息入口定义	语素类.cpp:1174	2	const 结构_信息入口定义* 语素类::读取信息入口定义(枚举_信息入口类型 信息入口类型) noexcept	读取指定信息入口类型的定义项。		ClCompile	语素类.cpp:1174 | 语素类.h:101
present	语素类::读取信息入口默认人类词性	读取信息入口默认人类词性	语素类.cpp:1192	2	枚举_词性 语素类::读取信息入口默认人类词性(枚举_信息入口类型 信息入口类型) noexcept	读取指定信息入口类型默认映射的人类词性。		ClCompile	语素类.cpp:1192 | 语素类.h:104
present	语素类::通过词和场景查找基础信息	通过词和场景查找基础信息	语素类.cpp:1249	2	std::vector<基础信息节点类*> 语素类::通过词和场景查找基础信息( const std::string& 词字符串, 场景节点类* 当前场景, const 枚举_词性* 词性 ) const	按条件查找目标对象、方法或事实。		ClCompile	语素类.cpp:1249 | 语素类.h:118
present	语素类::添加二次特征词	添加二次特征词	语素类.cpp:1284	2	词节点类* 语素类::添加二次特征词(语素节点类* 参照物, 语素节点类* 比较对象, 语素节点类* 比较类型)	按函数名执行对应处理。		ClCompile	语素类.cpp:1284 | 语素类.h:124
present	枚举_词性_工厂::批量添加动态映射	批量添加动态映射	语素类.cpp:1532	2	void 枚举_词性_工厂::批量添加动态映射(const std::vector<std::pair<枚举_词性, std::string>>& 映射列表)	按函数名执行对应处理。		ClCompile	语素类.cpp:1532 | 语素类.h:146
present	枚举_词性_工厂::清除动态映射	清除动态映射	语素类.cpp:1540	2	void 枚举_词性_工厂::清除动态映射()	按函数名执行对应处理。		ClCompile	语素类.cpp:1540 | 语素类.h:147
present	私有_引用指向	私有_引用指向	语素类.cpp:207	2	bool 私有_引用指向(const 可解析引用<基础信息节点类>& 引用, const 基础信息节点类* 节点)	服务所在模块的内部辅助流程。		ClCompile	语素类.cpp:207 | 语素类.cpp:237
present	私有_场景索引包含	私有_场景索引包含	语素类.cpp:227	2	bool 私有_场景索引包含( 基础信息类& 基础信息, const 场景节点类* 场景, const 基础信息节点类* 基础信息节点)	服务所在模块的内部辅助流程。		ClCompile	语素类.cpp:227 | 语素类.cpp:1272
present	私有_把基础信息挂入场景索引	私有_把基础信息挂入场景索引	语素类.cpp:248	2	void 私有_把基础信息挂入场景索引( 基础信息类& 基础信息, 场景节点类* 场景, 基础信息节点类* 基础信息节点)	服务所在模块的内部辅助流程。		ClCompile	语素类.cpp:248 | 语素类.cpp:1244
present	私有_语素SQL投影互斥	私有_语素SQL投影互斥	语素类.cpp:315	2	std::mutex& 私有_语素SQL投影互斥() noexcept	服务所在模块的内部辅助流程。		ClCompile	语素类.cpp:315 | 语素类.cpp:709
present	私有_语素父词面	私有_语素父词面	语素类.cpp:348	2	std::string 私有_语素父词面(const 语素节点类* 节点)	服务所在模块的内部辅助流程。		ClCompile	语素类.cpp:348 | 语素类.cpp:375
present	私有_填充语素SQL主信息	私有_填充语素SQL主信息	语素类.cpp:357	2	void 私有_填充语素SQL主信息( const 语素节点类* 节点, 结构_语素SQL行& 行)	服务所在模块的内部辅助流程。		ClCompile	语素类.cpp:357 | 语素类.cpp:467
present	私有_语素SQL建库脚本	私有_语素SQL建库脚本	语素类.cpp:481	2	std::string 私有_语素SQL建库脚本()	服务所在模块的内部辅助流程。		ClCompile	语素类.cpp:481 | 语素类.cpp:729
present	私有_语素SQL建表脚本	私有_语素SQL建表脚本	语素类.cpp:489	2	std::string 私有_语素SQL建表脚本()	服务所在模块的内部辅助流程。		ClCompile	语素类.cpp:489 | 语素类.cpp:730
present	私有_语素SQL视图脚本	私有_语素SQL视图脚本	语素类.cpp:545	2	std::string 私有_语素SQL视图脚本()	服务所在模块的内部辅助流程。		ClCompile	语素类.cpp:545 | 语素类.cpp:731
present	私有_构造语素SQL重写脚本	私有_构造语素SQL重写脚本	语素类.cpp:584	2	std::string 私有_构造语素SQL重写脚本( const std::vector<结构_语素SQL行>& 行集, const std::string& 来源原因)	服务所在模块的内部辅助流程。		ClCompile	语素类.cpp:584 | 语素类.cpp:732
present	语素类::生成语素节点	生成语素节点	语素类.cpp:756	2	语素入口节点类* 语素类::生成语素节点(结构体_分词 分词信息)	根据当前输入生成目标数据、场景、动态或回执。		ClCompile	语素类.cpp:756 | 语素类.h:44
present	语素类::获取词节点指针	获取词节点指针	语素类.cpp:818	2	词节点类* 语素类::获取词节点指针(const std::string& 词字符串) const	读取并返回指定对象、状态或运行材料。		ClCompile	语素类.cpp:818 | 语素类.h:48
present	私有_转换词序列	私有_转换词序列	语言类.cpp:12	2	std::vector<可解析引用<const 语素入口节点类>> 私有_转换词序列( const std::vector<const 语素入口节点类*>& 词序列)	把输入数据转换为目标类型、语义或结构。		ClCompile	语言类.cpp:12 | 语言类.cpp:85
present	语言类::新建文章	新建文章	语言类.cpp:39	2	文章节点类* 语言类::新建文章(const std::string& 标题, const std::string& 原文)	按函数名执行对应处理。		ClCompile	语言类.cpp:39 | 语言类.h:26
present	私有_二次特征方向模板_按主信息	私有_二次特征方向模板_按主信息	语言类_二次特征表达.cpp:117	2	const 结构_二次特征方向模板* 私有_二次特征方向模板_按主信息(const 二次特征主信息类* 主信息) noexcept	服务所在模块的内部辅助流程。		未在vcxproj登记	语言类_二次特征表达.cpp:117 | 语言类_二次特征表达.cpp:409
present	私有_二次特征主语名称	私有_二次特征主语名称	语言类_二次特征表达.cpp:133	2	std::string 私有_二次特征主语名称(const 二次特征主信息类* 主信息)	服务所在模块的内部辅助流程。		未在vcxproj登记	语言类_二次特征表达.cpp:133 | 语言类_二次特征表达.cpp:404
present	私有_二次特征粒度短语	私有_二次特征粒度短语	语言类_二次特征表达.cpp:151	2	std::string 私有_二次特征粒度短语(const 二次特征主信息类* 主信息)	服务所在模块的内部辅助流程。		未在vcxproj登记	语言类_二次特征表达.cpp:151 | 语言类_二次特征表达.cpp:293
present	私有_二次特征基准短语	私有_二次特征基准短语	语言类_二次特征表达.cpp:165	2	std::string 私有_二次特征基准短语(const 二次特征主信息类* 主信息)	服务所在模块的内部辅助流程。		未在vcxproj登记	语言类_二次特征表达.cpp:165 | 语言类_二次特征表达.cpp:297
present	私有_二次特征时间归一短语	私有_二次特征时间归一短语	语言类_二次特征表达.cpp:180	2	std::string 私有_二次特征时间归一短语(const 二次特征主信息类* 主信息)	服务所在模块的内部辅助流程。		未在vcxproj登记	语言类_二次特征表达.cpp:180 | 语言类_二次特征表达.cpp:301
present	私有_连接限定短语	私有_连接限定短语	语言类_二次特征表达.cpp:192	2	std::string 私有_连接限定短语(const std::vector<std::string>& 短语列表)	服务所在模块的内部辅助流程。		未在vcxproj登记	语言类_二次特征表达.cpp:192 | 语言类_二次特征表达.cpp:316
present	私有_二次特征单体方向结果	私有_二次特征单体方向结果	语言类_二次特征表达.cpp:206	2	std::string 私有_二次特征单体方向结果(std::string 结果)	服务所在模块的内部辅助流程。		未在vcxproj登记	语言类_二次特征表达.cpp:206 | 语言类_二次特征表达.cpp:244
present	私有_二次特征空间关系结果	私有_二次特征空间关系结果	语言类_二次特征表达.cpp:217	2	std::string 私有_二次特征空间关系结果(const std::string& 结果, const std::string& 比较对象)	服务所在模块的内部辅助流程。		未在vcxproj登记	语言类_二次特征表达.cpp:217 | 语言类_二次特征表达.cpp:423
present	私有_二次特征比较结果	私有_二次特征比较结果	语言类_二次特征表达.cpp:231	2	std::string 私有_二次特征比较结果( const std::string& 结果, const std::string& 比较对象, const std::string& 维度短语)	比较当前值、目标值或历史基准。		未在vcxproj登记	语言类_二次特征表达.cpp:231 | 语言类_二次特征表达.cpp:429
present	私有_二次特征反义词结果_按主信息	私有_二次特征反义词结果_按主信息	语言类_二次特征表达.cpp:252	2	std::string 私有_二次特征反义词结果_按主信息(const 二次特征主信息类* 主信息)	服务所在模块的内部辅助流程。		未在vcxproj登记	语言类_二次特征表达.cpp:252 | 语言类_二次特征表达.cpp:408
present	私有_二次特征介词短语_按主信息	私有_二次特征介词短语_按主信息	语言类_二次特征表达.cpp:277	2	std::string 私有_二次特征介词短语_按主信息(const 二次特征主信息类* 主信息)	服务所在模块的内部辅助流程。		未在vcxproj登记	语言类_二次特征表达.cpp:277 | 语言类_二次特征表达.cpp:407
present	私有_指针句柄文本	私有_指针句柄文本	语言类_基础信息命名.cpp:35	2	std::string 私有_指针句柄文本(std::uintptr_t 指针值)	服务所在模块的内部辅助流程。		未在vcxproj登记	语言类_基础信息命名.cpp:35 | 语言类_基础信息命名.cpp:50
present	需求类::逻辑组织目标语义文本	逻辑组织目标语义文本	需求类.cpp:1078	2	const char* 需求类::逻辑组织目标语义文本( const 语素入口节点类* 目标特征类型) noexcept	按函数名执行对应处理。		ClCompile	需求类.cpp:1078 | 需求类.h:299
present	私有_需求直接子数量	私有_需求直接子数量	需求类.cpp:113	2	std::size_t 私有_需求直接子数量(const 需求类::节点类* 节点)	服务所在模块的内部辅助流程。		ClCompile	需求类.cpp:113 | 需求类.cpp:176
present	需求类::需求方向同向	需求方向同向	需求类.cpp:1661	2	bool 需求类::需求方向同向( const 二次特征节点类* 左, const 二次特征节点类* 右) noexcept	按函数名执行对应处理。		ClCompile	需求类.cpp:1661 | 需求类.h:438
present	需求类::需求方向反向	需求方向反向	需求类.cpp:1669	2	bool 需求类::需求方向反向( const 二次特征节点类* 左, const 二次特征节点类* 右) noexcept	按函数名执行对应处理。		ClCompile	需求类.cpp:1669 | 需求类.h:442
present	需求类::目标特征类型可进入普通候选方法筹办	目标特征类型可进入普通候选方法筹办	需求类.cpp:1677	2	bool 需求类::目标特征类型可进入普通候选方法筹办( const 语素入口节点类* 目标特征类型) noexcept	推进任务筹办，形成候选、缺口或就绪回执。		ClCompile	需求类.cpp:1677 | 需求类.h:446
present	需求类::构造AND组需求更新指令	构造AND组需求更新指令	需求类.cpp:2034	2	结构_需求树更新指令 需求类::构造AND组需求更新指令( const 结构_逻辑组织需求更新输入& 输入) noexcept	更新已有对象、状态、索引或缓存。		ClCompile	需求类.cpp:2034 | 需求类.h:466
present	需求类::构造OR组需求更新指令	构造OR组需求更新指令	需求类.cpp:2043	2	结构_需求树更新指令 需求类::构造OR组需求更新指令( const 结构_逻辑组织需求更新输入& 输入) noexcept	更新已有对象、状态、索引或缓存。		ClCompile	需求类.cpp:2043 | 需求类.h:469
present	需求类::构造方法路径组需求更新指令	构造方法路径组需求更新指令	需求类.cpp:2052	2	结构_需求树更新指令 需求类::构造方法路径组需求更新指令( const 结构_逻辑组织需求更新输入& 输入) noexcept	更新已有对象、状态、索引或缓存。		ClCompile	需求类.cpp:2052 | 需求类.h:472
present	需求类::构造因果子链支撑需求更新指令	构造因果子链支撑需求更新指令	需求类.cpp:2061	2	结构_需求树更新指令 需求类::构造因果子链支撑需求更新指令( const 结构_逻辑组织需求更新输入& 输入) noexcept	更新已有对象、状态、索引或缓存。		ClCompile	需求类.cpp:2061 | 需求类.h:475
present	私有_需求树SQL建库脚本	私有_需求树SQL建库脚本	需求类.cpp:231	2	std::string 私有_需求树SQL建库脚本()	服务所在模块的内部辅助流程。		ClCompile	需求类.cpp:231 | 需求类.cpp:2264
present	需求类::生成任务初始化上下文	生成任务初始化上下文	需求类.cpp:2322	2	需求类::结构_任务初始化上下文 需求类::生成任务初始化上下文( 节点类* 需求) noexcept	初始化相关对象、状态或运行上下文。		ClCompile	需求类.cpp:2322 | 需求类.h:639
present	私有_需求树SQL建表脚本	私有_需求树SQL建表脚本	需求类.cpp:239	2	std::string 私有_需求树SQL建表脚本()	服务所在模块的内部辅助流程。		ClCompile	需求类.cpp:239 | 需求类.cpp:2265
present	私有_需求树SQL视图脚本	私有_需求树SQL视图脚本	需求类.cpp:362	2	std::string 私有_需求树SQL视图脚本()	服务所在模块的内部辅助流程。		ClCompile	需求类.cpp:362 | 需求类.cpp:2266
present	私有_构造需求树SQL重写脚本	私有_构造需求树SQL重写脚本	需求类.cpp:514	2	std::string 私有_构造需求树SQL重写脚本( const std::vector<结构_需求树SQL行>& 行集, const std::string& 来源原因, const std::string& 根主键)	服务所在模块的内部辅助流程。		ClCompile	需求类.cpp:514 | 需求类.cpp:2267
present	私有_目标特征是自检维护管理状态	私有_目标特征是自检维护管理状态	需求类.cpp:654	2	bool 私有_目标特征是自检维护管理状态(const 语素入口节点类* 目标特征类型) noexcept	服务所在模块的内部辅助流程。		ClCompile	需求类.cpp:654 | 需求类.cpp:1063
present	私有_需求树SQL投影互斥	私有_需求树SQL投影互斥	需求类.cpp:66	2	std::mutex& 私有_需求树SQL投影互斥() noexcept	服务所在模块的内部辅助流程。		ClCompile	需求类.cpp:66 | 需求类.cpp:2241
present	私有_状态主体主键_需求方向	私有_状态主体主键_需求方向	需求类.cpp:683	2	std::string 私有_状态主体主键_需求方向(const 状态节点类* 状态) noexcept	服务所在模块的内部辅助流程。		ClCompile	需求类.cpp:683 | 需求类.cpp:935
present	私有_解析状态特征节点_需求校验	私有_解析状态特征节点_需求校验	需求类.cpp:729	2	特征节点类* 私有_解析状态特征节点_需求校验( const 状态节点类* 状态) noexcept	解析输入文本、消息、场景或运行包。		ClCompile	需求类.cpp:729 | 需求类.cpp:750
present	私有_方向掩码反向_需求方向	私有_方向掩码反向_需求方向	需求类.cpp:761	2	bool 私有_方向掩码反向_需求方向( const 三向关系掩码 左, const 三向关系掩码 右) noexcept	服务所在模块的内部辅助流程。		ClCompile	需求类.cpp:761 | 需求类.cpp:1607
present	私有_方向区间反向_需求方向	私有_方向区间反向_需求方向	需求类.cpp:773	2	bool 私有_方向区间反向_需求方向( const 二次特征主信息类::枚举_方向区间 左, const 二次特征主信息类::枚举_方向区间 右) noexcept	服务所在模块的内部辅助流程。		ClCompile	需求类.cpp:773 | 需求类.cpp:1619
present	私有_方法树存在生产者	私有_方法树存在生产者	需求类.cpp:795	2	bool 私有_方法树存在生产者( const 语素入口节点类* 目标特征类型) noexcept	服务所在模块的内部辅助流程。		ClCompile	需求类.cpp:795 | 需求类.cpp:862
present	私有_目标特征是逻辑流程产物	私有_目标特征是逻辑流程产物	需求类.cpp:807	2	bool 私有_目标特征是逻辑流程产物( const 语素入口节点类* 目标特征类型) noexcept	服务所在模块的内部辅助流程。		ClCompile	需求类.cpp:807 | 需求类.cpp:859
present	私有_查询枚举目标生产者分级	私有_查询枚举目标生产者分级	需求类.cpp:853	2	枚举_枚举目标生产者分级 私有_查询枚举目标生产者分级( const 语素入口节点类* 目标特征类型) noexcept	服务所在模块的内部辅助流程。		ClCompile	需求类.cpp:853 | 需求类.cpp:2150
present	私有_生产者分级已有生产者	私有_生产者分级已有生产者	需求类.cpp:869	2	bool 私有_生产者分级已有生产者(枚举_枚举目标生产者分级 分级) noexcept	服务所在模块的内部辅助流程。		ClCompile	需求类.cpp:869 | 需求类.cpp:2166
present	私有_特征_方法状态_需求校验	私有_特征_方法状态_需求校验	需求类.cpp:878	2	const 语素入口节点类* 私有_特征_方法状态_需求校验() noexcept	服务所在模块的内部辅助流程。		ClCompile	需求类.cpp:878 | 需求类.cpp:890
present	私有_枚举目标比较符合法	私有_枚举目标比较符合法	需求类.cpp:894	2	bool 私有_枚举目标比较符合法( const 语素入口节点类* 目标特征类型, 三向关系掩码 满足关系) noexcept	比较当前值、目标值或历史基准。		ClCompile	需求类.cpp:894 | 需求类.cpp:2151
present	私有_构造枚举目标校验摘要	私有_构造枚举目标校验摘要	需求类.cpp:911	2	std::string 私有_构造枚举目标校验摘要(const 结构_枚举目标校验结果& 结果)	服务所在模块的内部辅助流程。		ClCompile	需求类.cpp:911 | 需求类.cpp:2207
present	私有_生成需求方向签名_从材料	私有_生成需求方向签名_从材料	需求类.cpp:927	2	需求类::结构_需求方向签名 私有_生成需求方向签名_从材料( const 结构_二次特征方向签名材料& 材料) noexcept	根据二次特征方向签名材料生成需求方向签名。		ClCompile	需求类.cpp:927 | 需求类.cpp:1583
present	私有_刷新父级需求结算摘要_需求类	私有_刷新父级需求结算摘要_需求类	需求类.cpp:963	2	void 私有_刷新父级需求结算摘要_需求类(需求类::节点类* 起点需求) noexcept	刷新父级需求结算摘要，不修改需求树结构。		ClCompile	需求类.cpp:963 | 需求类.cpp:1536
present	合并需求主信息_已加锁	合并需求主信息_已加锁	需求类.h:1062	2	static void 合并需求主信息_已加锁( 需求主信息类& 目标, const 需求主信息类& 候选) noexcept	按函数名执行对应处理。		ClInclude	需求类.h:1062 | 需求类.h:1140
present	添加子需求节点_已加锁	添加子需求节点_已加锁	需求类.h:1090	2	节点类* 添加子需求节点_已加锁( 节点类* 父需求, const 结构_需求树更新指令& 指令) noexcept	按函数名执行对应处理。		ClInclude	需求类.h:1090 | 需求类.h:1176
present	执行新增需求指令_已加锁	执行新增需求指令_已加锁	需求类.h:1167	2	节点类* 执行新增需求指令_已加锁( 节点类* 父需求, 节点类* 目标需求, const 结构_需求树更新指令& 指令) noexcept	执行新增需求更新指令，新增或复用直接子需求并刷新父需求权重。		ClInclude	需求类.h:1167 | 需求类.h:1276
present	执行更新或满足需求指令_已加锁	执行更新或满足需求指令_已加锁	需求类.h:1185	2	节点类* 执行更新或满足需求指令_已加锁( 节点类* 目标需求, const 结构_需求树更新指令& 指令) noexcept	执行更新或满足需求指令，更新目标需求字段并按需截止需求。		ClInclude	需求类.h:1185 | 需求类.h:1280
present	执行删除需求指令_已加锁	执行删除需求指令_已加锁	需求类.h:1241	2	节点类* 执行删除需求指令_已加锁( 节点类* 需求根节点, 节点类* 目标需求) noexcept	执行删除需求指令，删除目标需求并刷新原父需求权重。		ClInclude	需求类.h:1241 | 需求类.h:1283
present	执行更新指令_已加锁	执行更新指令_已加锁	需求类.h:1259	2	节点类* 执行更新指令_已加锁( 节点类* 需求根节点, const 结构_需求树更新指令& 指令) noexcept	更新已有对象、状态、索引或缓存。		ClInclude	需求类.h:678 | 需求类.h:1259
present	刷新直接子需求权重_已加锁	刷新直接子需求权重_已加锁	需求类.h:1312	2	std::size_t 刷新直接子需求权重_已加锁(节点类* 父需求) noexcept	按函数名执行对应处理。		ClInclude	需求类.h:1298 | 需求类.h:1312
present	有方向信息	有方向信息	需求类.h:154	2	bool 有方向信息() const noexcept	按函数名执行对应处理。		ClInclude	需求类.h:154 | 需求类.h:163
present	计算子需求平分权重	计算子需求平分权重	需求类.h:565	2	static 结构_子需求平分权重 计算子需求平分权重( const std::int64_t 父需求安全权重, const std::int64_t 父需求服务权重, const std::int64_t 子需求数量) noexcept	计算权重、状态、差值或派生结果。		ClInclude	需求类.h:565 | 需求类.h:579
present	计算子需求平分权重	计算子需求平分权重	需求类.h:579	2	static 结构_子需求平分权重 计算子需求平分权重(const 节点类* 父需求) noexcept	计算权重、状态、差值或派生结果。		ClInclude	需求类.h:565 | 需求类.h:579
present	节点属于独立树_已加锁	节点属于独立树_已加锁	需求类.h:721	2	static bool 节点属于独立树_已加锁( const 节点类* 需求根节点, const 节点类* 候选节点) noexcept	按函数名执行对应处理。		ClInclude	需求类.h:721 | 需求类.h:750
present	状态特征类型主键_已加锁	状态特征类型主键_已加锁	需求类.h:758	2	static std::string 状态特征类型主键_已加锁( const 可解析引用<特征节点类>& 状态特征) noexcept	读取状态特征类型主键，不创建或修改节点。		ClInclude	需求类.h:758 | 需求类.h:914
present	基础引用主键_已加锁	基础引用主键_已加锁	需求类.h:771	2	static std::string 基础引用主键_已加锁(const 可解析引用<基础信息节点类>& 引用) noexcept	按函数名执行对应处理。		ClInclude	需求类.h:771 | 需求类.h:912
present	存在引用主键_已加锁	存在引用主键_已加锁	需求类.h:780	2	static std::string 存在引用主键_已加锁(const 可解析引用<存在节点类>& 引用) noexcept	按函数名执行对应处理。		ClInclude	需求类.h:780 | 需求类.h:867
present	收集直接子需求目标视图_已加锁	收集直接子需求目标视图_已加锁	需求类.h:994	2	static std::vector<结构_需求目标视图项> 收集直接子需求目标视图_已加锁( 节点类* 父需求) noexcept	按函数名执行对应处理。		ClInclude	需求类.h:622 | 需求类.h:994
present	私有_记录动作验证报告结构日志	私有_记录动作验证报告结构日志	鱼巢.cpp:123	2	void 私有_记录动作验证报告结构日志( const std::uint64_t 线程Tick计数, const std::uint64_t 任务数, const std::uint64_t 需求数)	记录日志、动态、证据或运行痕迹。		ClCompile	鱼巢.cpp:123 | 鱼巢.cpp:735
present	私有_控制台刷新摘要文本	私有_控制台刷新摘要文本	鱼巢.cpp:1413	2	std::string 私有_控制台刷新摘要文本( const 结构_控制面板快照& 快照, std::string_view 来源)	生成默认控制台刷新摘要。		ClCompile	鱼巢.cpp:1413 | 鱼巢.cpp:1440
present	私有_需求树生长离线摘要文本	私有_需求树生长离线摘要文本	鱼巢.cpp:1511	2	std::string 私有_需求树生长离线摘要文本( const 结构_控制面板摘要快照& 快照)	服务所在模块的内部辅助流程。		ClCompile	鱼巢.cpp:1511 | 鱼巢.cpp:1949
present	私有_语素入口显示文本_控制命令	私有_语素入口显示文本_控制命令	鱼巢.cpp:1596	2	std::string 私有_语素入口显示文本_控制命令(const 语素入口节点类* 入口) noexcept	服务所在模块的内部辅助流程。		ClCompile	鱼巢.cpp:1596 | 鱼巢.cpp:1677
present	私有_特征值跟踪文本	私有_特征值跟踪文本	鱼巢.cpp:1612	2	std::string 私有_特征值跟踪文本(const 特征值& 值)	执行跟踪相关定位、匹配或结果输出逻辑。		ClCompile	鱼巢.cpp:1612 | 鱼巢.cpp:1678
present	私有_任务追踪特征_目标是否达成	私有_任务追踪特征_目标是否达成	鱼巢.cpp:1702	2	const 语素入口节点类* 私有_任务追踪特征_目标是否达成() noexcept	服务所在模块的内部辅助流程。		ClCompile	鱼巢.cpp:1702 | 鱼巢.cpp:1874
present	私有_任务追踪特征_本轮是否有推进	私有_任务追踪特征_本轮是否有推进	鱼巢.cpp:1709	2	const 语素入口节点类* 私有_任务追踪特征_本轮是否有推进() noexcept	服务所在模块的内部辅助流程。		ClCompile	鱼巢.cpp:1709 | 鱼巢.cpp:1875
present	私有_任务追踪特征_本轮推进量	私有_任务追踪特征_本轮推进量	鱼巢.cpp:1716	2	const 语素入口节点类* 私有_任务追踪特征_本轮推进量() noexcept	服务所在模块的内部辅助流程。		ClCompile	鱼巢.cpp:1716 | 鱼巢.cpp:1876
present	私有_任务追踪特征_剩余差距	私有_任务追踪特征_剩余差距	鱼巢.cpp:1723	2	const 语素入口节点类* 私有_任务追踪特征_剩余差距() noexcept	服务所在模块的内部辅助流程。		ClCompile	鱼巢.cpp:1723 | 鱼巢.cpp:1877
present	私有_任务追踪特征_执行结果类型	私有_任务追踪特征_执行结果类型	鱼巢.cpp:1730	2	const 语素入口节点类* 私有_任务追踪特征_执行结果类型() noexcept	执行任务、方法或动作的主体逻辑。		ClCompile	鱼巢.cpp:1730 | 鱼巢.cpp:1878
present	私有_任务虚拟存在指针特征主键文本	私有_任务虚拟存在指针特征主键文本	鱼巢.cpp:1787	2	std::string 私有_任务虚拟存在指针特征主键文本( const 任务类::节点类* 任务节点, const 语素入口节点类* 特征类型) noexcept	服务所在模块的内部辅助流程。		ClCompile	鱼巢.cpp:1787 | 鱼巢.cpp:1879
present	私有_任务虚拟存在当前方法运行成功文本	私有_任务虚拟存在当前方法运行成功文本	鱼巢.cpp:1796	2	std::string 私有_任务虚拟存在当前方法运行成功文本( const 任务类::节点类* 任务节点) noexcept	执行对应模块、线程或方法的运行逻辑。		ClCompile	鱼巢.cpp:1796 | 鱼巢.cpp:1880
present	私有_任务虚拟存在主键文本	私有_任务虚拟存在主键文本	鱼巢.cpp:1809	2	std::string 私有_任务虚拟存在主键文本(const 任务类::节点类* 任务节点) noexcept	服务所在模块的内部辅助流程。		ClCompile	鱼巢.cpp:1809 | 鱼巢.cpp:1873
present	私有_渲染完成任务变化跟踪	私有_渲染完成任务变化跟踪	鱼巢.cpp:1823	2	std::string 私有_渲染完成任务变化跟踪()	执行跟踪相关定位、匹配或结果输出逻辑。		ClCompile	鱼巢.cpp:1823 | 鱼巢.cpp:1964
present	私有_执行需求树生长摘要Live	私有_执行需求树生长摘要Live	鱼巢.cpp:1887	2	int 私有_执行需求树生长摘要Live()	执行任务、方法或动作的主体逻辑。		ClCompile	鱼巢.cpp:1887 | 鱼巢.cpp:2166
present	私有_解析非负毫秒参数	私有_解析非负毫秒参数	鱼巢.cpp:192	2	bool 私有_解析非负毫秒参数(std::string_view 文本, int& 输出) noexcept	解析输入文本、消息、场景或运行包。		ClCompile	鱼巢.cpp:192 | 鱼巢.cpp:222
present	私有_运行默认控制台数字菜单	私有_运行默认控制台数字菜单	鱼巢.cpp:2023	2	int 私有_运行默认控制台数字菜单()	运行默认控制台数字菜单。		ClCompile	鱼巢.cpp:2023 | 鱼巢.cpp:2210
present	私有_解析自检日志等待毫秒	私有_解析自检日志等待毫秒	鱼巢.cpp:213	2	int 私有_解析自检日志等待毫秒(int argc, char** argv) noexcept	解析输入文本、消息、场景或运行包。		ClCompile	鱼巢.cpp:213 | 鱼巢.cpp:2132
present	私有_解析命令行相机命令	私有_解析命令行相机命令	鱼巢.cpp:246	2	枚举_命令行相机命令 私有_解析命令行相机命令(int argc, char** argv) noexcept	解析输入文本、消息、场景或运行包。		ClCompile	鱼巢.cpp:246 | 鱼巢.cpp:2156
present	私有_相机失败原因文本	私有_相机失败原因文本	鱼巢.cpp:265	2	const char* 私有_相机失败原因文本(双目相机本能适配器::失败原因 原因) noexcept	服务所在模块的内部辅助流程。		ClCompile	鱼巢.cpp:265 | 鱼巢.cpp:287
present	私有_相机调用结果摘要	私有_相机调用结果摘要	鱼巢.cpp:279	2	std::string 私有_相机调用结果摘要( std::string_view 阶段, const 双目相机本能适配器::调用结果& 结果)	服务所在模块的内部辅助流程。		ClCompile	鱼巢.cpp:279 | 鱼巢.cpp:391
present	私有_执行命令行相机命令	私有_执行命令行相机命令	鱼巢.cpp:397	2	int 私有_执行命令行相机命令(枚举_命令行相机命令 命令)	执行任务、方法或动作的主体逻辑。		ClCompile	鱼巢.cpp:397 | 鱼巢.cpp:2159
present	私有_任务管理反馈类型文本	私有_任务管理反馈类型文本	鱼巢.cpp:549	2	const char* 私有_任务管理反馈类型文本(枚举_任务管理反馈类型 类型) noexcept	服务所在模块的内部辅助流程。		ClCompile	鱼巢.cpp:549 | 鱼巢.cpp:788
present	私有_拼接片段	私有_拼接片段	鱼巢.cpp:561	2	std::string 私有_拼接片段(const std::vector<std::string>& 片段)	服务所在模块的内部辅助流程。		ClCompile	鱼巢.cpp:561 | 鱼巢.cpp:1018
present	私有_统计任务节点	私有_统计任务节点	鱼巢.cpp:645	2	void 私有_统计任务节点( const 任务类::节点类* 任务根节点, std::size_t& 头结点数, std::size_t& 步骤节点数)	统计需求任务链中的任务头节点和步骤节点数量。		ClCompile	鱼巢.cpp:645 | 鱼巢.cpp:731
present	私有_初始化日志	私有_初始化日志	鱼巢.cpp:678	2	void 私有_初始化日志()	初始化相关对象、状态或运行上下文。		ClCompile	鱼巢.cpp:678 | 鱼巢.cpp:2114
