"live"	"函数名"	"未限定名"	"定义位置"	"call_like_count"	"原始签名"	"功能"	"签名风险标记"	"project_item"	"命中位置"
"present"	"默认动作ID列表"	"默认动作ID列表"	"本能动作管理类.ixx:42"	"0"	"inline std::vector<枚举_本能方法ID> 默认动作ID列表()"	"按函数名执行对应处理。"	""	"ClCompile"	""
"present"	"查询ID"	"查询ID"	"本能动作管理类.ixx:649"	"0"	"枚举_本能动作ID 查询ID(const std::string& 函数名称) const"	"按函数名执行对应处理。"	""	"ClCompile"	""
"present"	"~动作线程类"	"~动作线程类"	"动作线程类.ixx:117"	"0"	"~动作线程类()"	"释放或收束对象资源。"	"ctor_dtor"	"ClCompile"	""
"present"	"摘要语义相同"	"摘要语义相同"	"动作验证报告类.h:164"	"0"	"inline bool 摘要语义相同( const 结构_动作验证报告摘要& 左, const 结构_动作验证报告摘要& 右)"	"按函数名执行对应处理。"	""	"ClInclude"	""
"present"	"深度_at"	"深度_at"	"基础数据类型.h:1123"	"0"	"[[nodiscard]] inline double 深度_at(int u, int v) const noexcept"	"按函数名执行对应处理。"	""	"未在vcxproj登记"	""
"present"	"颜色_at"	"颜色_at"	"基础数据类型.h:1126"	"0"	"[[nodiscard]] inline Color 颜色_at(int u, int v) const noexcept"	"按函数名执行对应处理。"	""	"未在vcxproj登记"	""
"present"	"获取"	"获取"	"基础数据类型.h:142"	"0"	"T节点* 获取() const noexcept"	"读取并返回指定对象、状态或运行材料。"	""	"未在vcxproj登记"	""
"present"	"operator T节点*"	"operator T节点*"	"基础数据类型.h:146"	"0"	"operator T节点* () const noexcept"	"按函数名执行对应处理。"	"operator"	"未在vcxproj登记"	""
"present"	"特征快照有值"	"特征快照有值"	"基础数据类型.h:250"	"0"	"inline bool 特征快照有值(const 特征快照值& v) noexcept"	"按函数名执行对应处理。"	""	"未在vcxproj登记"	""
"present"	"时间差_微秒"	"时间差_微秒"	"基础数据类型.h:544"	"0"	"static 时间戳 时间差_微秒(时间戳 t0, 时间戳 t1) noexcept"	"计算时间差（微秒，返回无符号；如果担心顺序，提供一个有符号版本更安全）"	""	"未在vcxproj登记"	""
"present"	"编码I64为U64"	"编码I64为U64"	"基础数据类型.h:650"	"0"	"inline constexpr std::uint64_t 编码I64为U64(const I64 值) noexcept"	"按函数名执行对应处理。"	""	"未在vcxproj登记"	""
"present"	"解码U64为I64"	"解码U64为I64"	"基础数据类型.h:656"	"0"	"inline constexpr I64 解码U64为I64(const std::uint64_t 值) noexcept"	"按函数名执行对应处理。"	""	"未在vcxproj登记"	""
"present"	"operator+"	"operator+"	"基础数据类型.h:843"	"0"	"constexpr Vector3D operator+(const Vector3D& other) const"	"===== 推荐添加：向量加法/减法 ====="	"operator"	"未在vcxproj登记"	""
"present"	"operator*="	"operator*="	"基础数据类型.h:855"	"0"	"Vector3D& operator*=(double scalar)"	"===== 推荐添加：复合赋值运算符 ====="	"operator"	"未在vcxproj登记"	""
"present"	"operator/="	"operator/="	"基础数据类型.h:861"	"0"	"Vector3D& operator/=(double scalar)"	"按函数名执行对应处理。"	"operator"	"未在vcxproj登记"	""
"present"	"operator+="	"operator+="	"基础数据类型.h:869"	"0"	"Vector3D& operator+=(const Vector3D& other)"	"按函数名执行对应处理。"	"operator"	"未在vcxproj登记"	""
"present"	"operator-="	"operator-="	"基础数据类型.h:875"	"0"	"Vector3D& operator-=(const Vector3D& other)"	"按函数名执行对应处理。"	"operator"	"未在vcxproj登记"	""
"present"	"设置当前值"	"设置当前值"	"基础信息主信息类.h:372"	"0"	"void 设置当前值(const 特征值& v)"	"设置对象字段、状态或运行参数。"	""	"ClInclude"	""
"present"	"私有_窗口过程"	"私有_窗口过程"	"控制面板WebView2.cpp:1641"	"0"	"LRESULT CALLBACK 私有_窗口过程(HWND 窗口, UINT 消息, WPARAM wParam, LPARAM lParam)"	"服务所在模块的内部辅助流程。"	"entry_callback_export"	"ClCompile"	""
"present"	"私有_窗口线程主体"	"私有_窗口线程主体"	"控制面板WebView2.cpp:2002"	"0"	"void 私有_窗口线程主体(std::promise<bool> 启动结果) noexcept"	"服务所在模块的内部辅助流程。"	""	"ClCompile"	""
"present"	"~结构_窗口线程运行守卫"	"~结构_窗口线程运行守卫"	"控制面板WebView2.cpp:87"	"0"	"~结构_窗口线程运行守卫()"	"释放或收束对象资源。"	"ctor_dtor"	"ClCompile"	""
"present"	"私有_后台worker循环"	"私有_后台worker循环"	"任务模块.管理界面线程.impl.cpp:5950"	"0"	"void 私有_后台worker循环(std::size_t worker序号) noexcept"	"服务所在模块的内部辅助流程。"	""	"ClCompile"	""
"present"	"私有_消费任务调度队列_按请求"	"私有_消费任务调度队列_按请求"	"任务模块.管理界面线程.impl.cpp:6418"	"0"	"void 私有_消费任务调度队列_按请求( 自我类& 自我对象, 任务管理线程协议::结构_任务治理请求& 请求, 任务管理线程协议::结构_任务界面承接结果& 承接, 存在节点类* 任务存在, 时间戳 now, std::size_t 本轮最大消费数, std::uint64_t& 派发工作项数, std::uint64_t& 收到工作结果数) noexcept"	"服务所在模块的内部辅助流程。"	""	"ClCompile"	""
"present"	"私有_消费任务调度队列"	"私有_消费任务调度队列"	"任务模块.管理界面线程.impl.cpp:6584"	"0"	"void 私有_消费任务调度队列( 自我类& 自我对象, 时间戳 now, std::size_t 本轮最大消费数, std::uint64_t& 派发工作项数, std::uint64_t& 收到工作结果数) noexcept"	"服务所在模块的内部辅助流程。"	""	"ClCompile"	""
"present"	"~结构_COM初始化"	"~结构_COM初始化"	"数据库ADO模块.cpp:140"	"0"	"~结构_COM初始化()"	"释放或收束对象资源。"	"ctor_dtor"	"ClCompile"	""
"present"	"~链表模板"	"~链表模板"	"双向链表模板核心.h:160"	"0"	"~链表模板()"	"释放或收束对象资源。"	"ctor_dtor"	"ClInclude"	""
"present"	"查找主键_当前链"	"查找主键_当前链"	"双向链表模板核心.h:398"	"0"	"节点类* 查找主键_当前链(节点类* 当前节点, const std::string& 主键) const"	"按条件查找目标对象、方法或事实。"	""	"ClInclude"	""
"present"	"查找节点_当前链"	"查找节点_当前链"	"双向链表模板核心.h:461"	"0"	"节点类* 查找节点_当前链(节点类* 当前节点, 主信息类型 查找内容, 枚举_比较字段 比较字段) const"	"按条件查找目标对象、方法或事实。"	""	"ClInclude"	""
"present"	"删除子链"	"删除子链"	"双向链表模板核心.h:562"	"0"	"void 删除子链(节点类* 父节点)"	"删除指定对象、状态或登记项。"	""	"ClInclude"	""
"present"	"绝对相同"	"绝对相同"	"特征值主信息类.h:25"	"0"	"bool 绝对相同(const 特征值主信息类& rhs) const noexcept"	"按函数名执行对应处理。"	""	"ClInclude"	""
"present"	"外设提交_标定版本"	"外设提交_标定版本"	"外设观察报告队列.ixx:942"	"0"	"std::string 外设提交_标定版本(const 结构_外设观察报告队列项& 报告项)"	"提交事实、动态、任务状态或运行回执。"	""	"ClCompile"	""
"present"	"D455_尝试解析跟踪种子簇ID"	"D455_尝试解析跟踪种子簇ID"	"外设线程_D455深度相机.ixx:2291"	"0"	"bool D455_尝试解析跟踪种子簇ID( const std::string& 文本, std::int64_t* 输出簇ID) noexcept"	"解析输入文本、消息、场景或运行包。"	""	"ClCompile"	""
"present"	"查找直接子需求_按目标重叠"	"查找直接子需求_按目标重叠"	"需求类.h:608"	"0"	"节点类* 查找直接子需求_按目标重叠( 节点类* 父需求, const 需求主信息类& 候选主信息) noexcept"	"按条件查找目标对象、方法或事实。"	""	"ClInclude"	""
"present"	"收集直接子需求目标视图"	"收集直接子需求目标视图"	"需求类.h:618"	"0"	"std::vector<结构_需求目标视图项> 收集直接子需求目标视图(节点类* 父需求) noexcept"	"按函数名执行对应处理。"	""	"ClInclude"	""
"present"	"私有_二次特征方向模板_按主信息"	"私有_二次特征方向模板_按主信息"	"语言类_二次特征表达.cpp:117"	"0"	"const 结构_二次特征方向模板* 私有_二次特征方向模板_按主信息(const 二次特征主信息类* 主信息) noexcept"	"服务所在模块的内部辅助流程。"	""	"未在vcxproj登记"	""
"present"	"私有_二次特征空间关系结果"	"私有_二次特征空间关系结果"	"语言类_二次特征表达.cpp:217"	"0"	"std::string 私有_二次特征空间关系结果(const std::string& 结果, const std::string& 比较对象)"	"服务所在模块的内部辅助流程。"	""	"未在vcxproj登记"	""
"present"	"是否触发需求队列刷新"	"是否触发需求队列刷新"	"自我线程模块.消息处理器.ixx:336"	"0"	"inline bool 是否触发需求队列刷新(const 自我线程消息协议::结构_治理消息& 消息) noexcept"	"按函数名执行对应处理。"	""	"ClCompile"	""
"present"	"处理推进事件批次"	"处理推进事件批次"	"自我线程模块.消息处理器.ixx:448"	"0"	"inline 结构_消息批次处理摘要 处理推进事件批次( const std::vector<结构_任务推进事件>& 推进事件列表) noexcept"	"按函数名执行对应处理。"	""	"ClCompile"	""
"present"	"应用需求树变更批次"	"应用需求树变更批次"	"自我线程模块.消息处理器.ixx:460"	"0"	"inline bool 应用需求树变更批次( 自我类& 自我对象, const std::deque<自我线程消息协议::结构_治理消息>& 本轮冻结消息, 结构_需求分支刷新范围* 输出刷新范围) noexcept"	"按函数名执行对应处理。"	""	"ClCompile"	""
"present"	"生成冻结批次摘要"	"生成冻结批次摘要"	"自我线程模块.消息批次执行器.ixx:191"	"0"	"inline std::string 生成冻结批次摘要( const std::deque<自我线程消息协议::结构_治理消息>& 批次)"	"根据当前输入生成目标数据、场景、动态或回执。"	""	"ClCompile"	""
"present"	"存在抢占消息"	"存在抢占消息"	"自我线程模块.消息批次执行器.ixx:228"	"0"	"inline bool 存在抢占消息(const 结构_治理消息批次& 批次) noexcept"	"按函数名执行对应处理。"	""	"ClCompile"	""
"present"	"冻结消息批次"	"冻结消息批次"	"自我线程模块.消息批次执行器.ixx:43"	"0"	"inline bool 冻结消息批次( std::deque<自我线程消息协议::结构_治理消息>* 活邮箱, std::deque<自我线程消息协议::结构_治理消息>* 冻结批次) noexcept"	"按函数名执行对应处理。"	""	"ClCompile"	""
"present"	"私有_推断线程池标签_按消息"	"私有_推断线程池标签_按消息"	"自我线程模块.impl.cpp:12322"	"0"	"std::string 私有_推断线程池标签_按消息( const 自我线程消息协议::结构_线程状态变化消息段& 消息段)"	"服务所在模块的内部辅助流程。"	""	"ClCompile"	""
"present"	"~实现"	"~实现"	"D455相机类.cpp:44"	"0"	"~实现()"	"释放或收束对象资源。"	"ctor_dtor"	"ClCompile"	""
"present"	"值匹配分"	"值匹配分"	"本能动作类.ixx:237"	"1"	"static inline I64 值匹配分( const 结构体_场景模式匹配参数& 参数, const 语素入口节点类* 类型, const 基础信息节点类* 输入节点, const 基础信息节点类* 模式节点)"	"按函数名执行对应处理。"	""	"ClCompile"	"本能动作类.ixx:300:            分数 += 值匹配分(参数, 类型, 输入子节点, 模式子节点);"
"present"	"递归匹配子节点"	"递归匹配子节点"	"本能动作类.ixx:364"	"1"	"static inline bool 递归匹配子节点( 基础信息节点类* 输入节点, const 基础信息节点类* 模式父节点, bool OR模式, const 结构体_场景模式匹配参数& 参数, 结构体_场景模式匹配结果& 输入输出, std::vector<基础信息节点类*>& 已绑定输入节点栈, I64& 输出分数, bool& 输出有歧义)"	"按函数名执行对应处理。"	""	"ClCompile"	"本能动作类.ixx:352:        return 递归匹配子节点("
"present"	"是OR组"	"是OR组"	"本能动作类.ixx:80"	"1"	"inline bool 是OR组(const 基础信息节点类* 模式节点) noexcept"	"按函数名执行对应处理。"	""	"ClCompile"	"本能动作类.ixx:355:            本能动作模块_detail::是OR组(模式节点),"
"present"	"私有_方法特征_方法类型"	"私有_方法特征_方法类型"	"本能方法类.cpp:196"	"1"	"const 语素入口节点类* 私有_方法特征_方法类型() noexcept"	"服务所在模块的内部辅助流程。"	""	"ClCompile"	"本能方法类.cpp:226:            ? 世界树.取或创建子特征_按类型(宿主基础节点, 私有_方法特征_方法类型())"
"present"	"私有_方法特征_本能方法分类"	"私有_方法特征_本能方法分类"	"本能方法类.cpp:203"	"1"	"const 语素入口节点类* 私有_方法特征_本能方法分类() noexcept"	"服务所在模块的内部辅助流程。"	""	"ClCompile"	"本能方法类.cpp:250:            ? 世界树.取或创建子特征_按类型(宿主基础节点, 私有_方法特征_本能方法分类())"
"present"	"私有_推导本能方法类型"	"私有_推导本能方法类型"	"本能方法类.cpp:210"	"1"	"枚举_方法类型 私有_推导本能方法类型(const 结构_默认本能方法种子& 种子) noexcept"	"服务所在模块的内部辅助流程。"	""	"ClCompile"	"本能方法类.cpp:365:        (void)私有_写入方法类型特征(方法虚拟存在, 私有_推导本能方法类型(种子));"
"present"	"私有_写入本能方法分类特征"	"私有_写入本能方法分类特征"	"本能方法类.cpp:242"	"1"	"bool 私有_写入本能方法分类特征(存在节点类* 方法虚拟存在, 枚举_本能方法分类 分类) noexcept"	"把处理结果写入指定对象、场景或日志。"	""	"ClCompile"	"本能方法类.cpp:366:        (void)私有_写入本能方法分类特征(方法虚拟存在, 种子.分类);"
"present"	"私有_条件场景名称词"	"私有_条件场景名称词"	"本能方法类.cpp:266"	"1"	"const 语素入口节点类* 私有_条件场景名称词(const 结构_默认本能方法种子& 种子) noexcept"	"服务所在模块的内部辅助流程。"	""	"ClCompile"	"本能方法类.cpp:354:                私有_条件场景名称词(种子),"
"present"	"私有_结果场景名称词"	"私有_结果场景名称词"	"本能方法类.cpp:273"	"1"	"const 语素入口节点类* 私有_结果场景名称词(const 结构_默认本能方法种子& 种子) noexcept"	"服务所在模块的内部辅助流程。"	""	"ClCompile"	"本能方法类.cpp:360:                私有_结果场景名称词(种子),"
"present"	"私有_补齐本能方法结构"	"私有_补齐本能方法结构"	"本能方法类.cpp:330"	"1"	"void 私有_补齐本能方法结构( 自我类& 自我对象, 方法节点* 方法首节点, const 结构_默认本能方法种子& 种子) noexcept"	"补齐条件、参数、证据或方法能力缺口。"	""	"ClCompile"	"本能方法类.cpp:465:        私有_补齐本能方法结构(自我对象, 已有节点, *种子);"
"present"	"私有_查找或创建本能方法首节点"	"私有_查找或创建本能方法首节点"	"本能方法类.cpp:439"	"1"	"方法类::节点类* 私有_查找或创建本能方法首节点( 自我类& 自我对象, 枚举_本能方法ID 本能ID) noexcept"	"创建并返回或登记对应对象。"	""	"ClCompile"	"本能方法类.cpp:476:        if (私有_查找或创建本能方法首节点("
"present"	"场景类::删除场景"	"删除场景"	"场景类.cpp:165"	"1"	"bool 场景类::删除场景(场景节点类* 节点)"	"删除指定对象、状态或登记项。"	""	"ClCompile"	"场景类.h:49:    bool 删除场景(场景节点类* 节点);"
"present"	"场景类::枚举全部场景"	"枚举全部场景"	"场景类.cpp:171"	"1"	"std::vector<场景节点类*> 场景类::枚举全部场景() const"	"按函数名执行对应处理。"	""	"ClCompile"	"场景类.h:51:    std::vector<场景节点类*> 枚举全部场景() const;"
"present"	"场景类::绑定来源文章"	"绑定来源文章"	"场景类.cpp:362"	"1"	"bool 场景类::绑定来源文章(场景节点类* 节点, 文章节点类* 来源文章)"	"建立对象、任务、方法或因果之间的绑定关系。"	""	"ClCompile"	"场景类.h:65:    bool 绑定来源文章(场景节点类* 节点, 文章节点类* 来源文章);"
"present"	"场景类::追加关系"	"追加关系"	"场景类.cpp:464"	"1"	"bool 场景类::追加关系(场景节点类* 节点, 二次特征节点类* 二次特征节点)"	"按函数名执行对应处理。"	""	"ClCompile"	"场景类.h:76:    bool 追加关系(场景节点类* 节点, 二次特征节点类* 二次特征节点);"
"present"	"私有_追加二次特征引用"	"私有_追加二次特征引用"	"场景类.cpp:56"	"1"	"void 私有_追加二次特征引用(场景节点主信息类* 主信息, 二次特征节点类* 二次特征节点)"	"服务所在模块的内部辅助流程。"	""	"ClCompile"	"场景类.cpp:475:    私有_追加二次特征引用(主信息, 二次特征节点);"
"present"	"私有_直接存在子节点"	"私有_直接存在子节点"	"存在类.cpp:178"	"1"	"std::vector<基础信息节点类*> 私有_直接存在子节点( const 基础信息类& 基础信息, const 基础信息节点类* 父节点)"	"服务所在模块的内部辅助流程。"	""	"ClCompile"	"存在类.cpp:610:    for (auto* 节点 : 私有_直接存在子节点(*基础信息_, 父节点)) {"
"present"	"存在类::读取概念集快照"	"读取概念集快照"	"存在类.cpp:328"	"1"	"std::vector<可解析引用<存在节点类>> 存在类::读取概念集快照(const 存在节点类* 节点) const"	"读取存在概念集引用快照，不解析或扩充概念。"	""	"ClCompile"	"存在类.h:40:    std::vector<可解析引用<存在节点类>> 读取概念集快照(const 存在节点类* 节点) const;"
"present"	"存在类::读取概念模板引用"	"读取概念模板引用"	"存在类.cpp:335"	"1"	"可解析引用<存在节点类> 存在类::读取概念模板引用(const 存在节点类* 节点) const noexcept"	"读取存在概念模板引用，不解析或扩充概念。"	""	"ClCompile"	"存在类.h:41:    可解析引用<存在节点类> 读取概念模板引用(const 存在节点类* 节点) const noexcept;"
"present"	"存在类::删除存在"	"删除存在"	"存在类.cpp:584"	"1"	"bool 存在类::删除存在(存在节点类* 节点)"	"删除指定对象、状态或登记项。"	""	"ClCompile"	"存在类.h:83:    bool 删除存在(存在节点类* 节点);"
"present"	"存在类::写入名称"	"写入名称"	"存在类.cpp:701"	"1"	"bool 存在类::写入名称(存在节点类* 节点, const 语素入口节点类* 名称)"	"把处理结果写入指定对象、场景或日志。"	""	"ClCompile"	"存在类.h:96:    bool 写入名称(存在节点类* 节点, const 语素入口节点类* 名称);"
"present"	"存在类::写入类型"	"写入类型"	"存在类.cpp:710"	"1"	"bool 存在类::写入类型(存在节点类* 节点, const 语素入口节点类* 类型)"	"把处理结果写入指定对象、场景或日志。"	""	"ClCompile"	"存在类.h:97:    bool 写入类型(存在节点类* 节点, const 语素入口节点类* 类型);"
"present"	"存在类::绑定概念模板"	"绑定概念模板"	"存在类.cpp:719"	"1"	"bool 存在类::绑定概念模板(存在节点类* 节点, 存在节点类* 概念模板)"	"建立对象、任务、方法或因果之间的绑定关系。"	""	"ClCompile"	"存在类.h:98:    bool 绑定概念模板(存在节点类* 节点, 存在节点类* 概念模板);"
"present"	"存在类::标记观测未命中"	"标记观测未命中"	"存在类.cpp:891"	"1"	"bool 存在类::标记观测未命中(存在节点类* 节点)"	"按函数名执行对应处理。"	""	"ClCompile"	"存在类.h:122:    bool 标记观测未命中(存在节点类* 节点);"
"present"	"动态类::删除动态"	"删除动态"	"动态类.cpp:1057"	"1"	"bool 动态类::删除动态(动态节点类* 节点)"	"删除指定对象、状态或登记项。"	""	"ClCompile"	"动态类.h:123:    bool 删除动态(动态节点类* 节点);"
"present"	"私有_补齐动态名称类型"	"私有_补齐动态名称类型"	"动态类.cpp:115"	"1"	"void 私有_补齐动态名称类型(动态节点主信息类* 主信息) noexcept"	"补齐动态名称语义和动态类别入口。"	""	"ClCompile"	"动态类.cpp:718:    私有_补齐动态名称类型(主信息);"
"present"	"动态类::设置聚合信息"	"设置聚合信息"	"动态类.cpp:1253"	"1"	"bool 动态类::设置聚合信息(动态节点类* 节点, std::uint32_t 动态层级, 枚举_动态聚合方式 聚合方式)"	"设置对象字段、状态或运行参数。"	""	"ClCompile"	"动态类.h:135:    bool 设置聚合信息(动态节点类* 节点, std::uint32_t 动态层级, 枚举_动态聚合方式 聚合方式);"
"present"	"私有_取动态时间"	"私有_取动态时间"	"动态类.cpp:185"	"1"	"时间戳 私有_取动态时间(const 动态节点主信息类& 主信息) noexcept"	"服务所在模块的内部辅助流程。"	""	"ClCompile"	"动态类.cpp:488:    return 主信息 ? 私有_取动态时间(*主信息) : 0;"
"present"	"私有_方法有可执行动作入口"	"私有_方法有可执行动作入口"	"动态类.cpp:232"	"1"	"bool 私有_方法有可执行动作入口(const 方法节点类* 来源动作) noexcept"	"执行任务、方法或动作的主体逻辑。"	""	"ClCompile"	"动态类.cpp:1053:    return 私有_方法有可执行动作入口(来源动作);"
"present"	"私有_自动补齐动态主体基础特征"	"私有_自动补齐动态主体基础特征"	"动态类.cpp:348"	"1"	"void 私有_自动补齐动态主体基础特征(基础信息类* 基础信息, 动态节点主信息类* 主信息) noexcept"	"补齐条件、参数、证据或方法能力缺口。"	""	"ClCompile"	"动态类.cpp:713:    私有_自动补齐动态主体基础特征(基础信息_, 主信息);"
"present"	"私有_相邻前状态查找采样序号"	"私有_相邻前状态查找采样序号"	"动态类.cpp:46"	"1"	"std::uint64_t 私有_相邻前状态查找采样序号(std::uint64_t 总耗时微秒) noexcept"	"按条件查找目标对象、方法或事实。"	""	"ClCompile"	"动态类.cpp:1125:        const auto 采样序号 = 私有_相邻前状态查找采样序号(总耗时微秒);"
"present"	"私有_创建动态采样序号"	"私有_创建动态采样序号"	"动态类.cpp:60"	"1"	"std::uint64_t 私有_创建动态采样序号(std::uint64_t 总耗时微秒) noexcept"	"创建并返回或登记对应对象。"	""	"ClCompile"	"动态类.cpp:617:        const auto 采样序号 = 私有_创建动态采样序号(总耗时微秒);"
"present"	"私有_来源方法动作名"	"私有_来源方法动作名"	"动态类.cpp:74"	"1"	"const 语素入口节点类* 私有_来源方法动作名(const 动态节点主信息类& 主信息) noexcept"	"从来源方法读取动作名入口。"	""	"ClCompile"	"动态类.cpp:86:        if (const auto* 方法动作名 = 私有_来源方法动作名(主信息)) {"
"present"	"动态类::创建动作动态"	"创建动作动态"	"动态类.cpp:829"	"1"	"动态节点类* 动态类::创建动作动态( 场景节点类* 场景, 基础信息节点类* 动态主体, 特征节点类* 动态特征, 时间戳 开始时间, 时间戳 结束时间)"	"创建并返回或登记对应对象。"	""	"ClCompile"	"动态类.h:81:    动态节点类* 创建动作动态("
"present"	"动态类::创建存在动态"	"创建存在动态"	"动态类.cpp:906"	"1"	"动态节点类* 动态类::创建存在动态( 场景节点类* 观察场景, 存在节点类* 被观察存在, 状态节点类* 初始状态, 状态节点类* 结果状态, 动态节点类* 来源低层动态, 时间戳 now)"	"创建并返回或登记对应对象。"	""	"ClCompile"	"动态类.h:103:    动态节点类* 创建存在动态("
"present"	"动态类::创建场景动态"	"创建场景动态"	"动态类.cpp:954"	"1"	"动态节点类* 动态类::创建场景动态( 场景节点类* 父场景, 场景节点类* 子场景, 状态节点类* 初始状态, 状态节点类* 结果状态, 动态节点类* 来源低层动态, 时间戳 now)"	"创建并返回或登记对应对象。"	""	"ClCompile"	"动态类.h:111:    动态节点类* 创建场景动态("
"present"	"取队列深度"	"取队列深度"	"动作线程类.ixx:124"	"1"	"std::size_t 取队列深度()"	"按函数名执行对应处理。"	""	"ClCompile"	"动作线程类.ixx:133:        return 取队列深度();"
"present"	"队列深度"	"队列深度"	"动作线程类.ixx:131"	"1"	"std::size_t 队列深度()"	"按函数名执行对应处理。"	""	"ClCompile"	"动作线程类.ixx:124:    std::size_t 取队列深度()"
"present"	"注册本能"	"注册本能"	"动作线程类.ixx:150"	"1"	"void 注册本能(枚举_本能方法ID 动作ID, 最小动作函数 动作函数)"	"注册方法、模板、对象或运行入口。"	""	"ClCompile"	"动作线程类.ixx:183:        注册本能(动作ID, [动作ID, 动作上下文 = std::move(动作上下文)](动作执行上下文& 上下文) mutable {"
"present"	"从本能动作管理器注册"	"从本能动作管理器注册"	"动作线程类.ixx:175"	"1"	"bool 从本能动作管理器注册(枚举_本能方法ID 动作ID)"	"注册方法、模板、对象或运行入口。"	""	"ClCompile"	"动作线程类.ixx:214:            if (从本能动作管理器注册(动作ID)) {"
"present"	"请求退出"	"请求退出"	"动作线程类.ixx:239"	"1"	"void 请求退出() noexcept"	"按函数名执行对应处理。"	""	"ClCompile"	"动作线程类.ixx:263:        请求退出();"
"present"	"取动作函数_"	"取动作函数_"	"动作线程类.ixx:356"	"1"	"[[nodiscard]] 函数句柄 取动作函数_(枚举_本能方法ID 动作ID) const"	"按函数名执行对应处理。"	""	"ClCompile"	"动作线程类.ixx:410:                auto 动作函数 = 取动作函数_(动作ID);"
"present"	"摘要转日志文本"	"摘要转日志文本"	"动作验证报告类.h:217"	"1"	"inline std::string 摘要转日志文本(const 结构_动作验证报告摘要& 摘要)"	"按函数名执行对应处理。"	""	"ClInclude"	"任务模块.工作线程消息协议.ixx:719:        输出 << "" | "" << 动作验证报告::摘要转日志文本(消息.动作验证报告摘要);"
"present"	"获取或抛"	"获取或抛"	"度量模板注册表类.ixx:107"	"1"	"[[nodiscard]] const 模板基类& 获取或抛(枚举_模板族 模板族) const"	"读取并返回指定对象、状态或运行材料。"	""	"ClCompile"	"度量模板注册表类.ixx:127:    [[nodiscard]] const 模板基类& 获取或抛(枚举_模板族 模板族) const"
"present"	"私有_二次特征绑定场景采样序号"	"私有_二次特征绑定场景采样序号"	"二次特征类.cpp:133"	"1"	"std::uint64_t 私有_二次特征绑定场景采样序号(std::uint64_t 总耗时微秒) noexcept"	"建立对象、任务、方法或因果之间的绑定关系。"	""	"ClCompile"	"二次特征类.cpp:1010:        const auto 采样序号 = 私有_二次特征绑定场景采样序号(总耗时微秒);"
"present"	"二次特征类::写入离散值"	"写入离散值"	"二次特征类.cpp:1425"	"1"	"bool 二次特征类::写入离散值( 二次特征节点类* 节点, std::int32_t 离散编码, const std::string& 离散语义键, 枚举_二次特征值形态 值形态, I64 置信度)"	"把处理结果写入指定对象、场景或日志。"	""	"ClCompile"	"二次特征类.h:171:    bool 写入离散值("
"present"	"私有_二次特征概念模板刷新采样序号"	"私有_二次特征概念模板刷新采样序号"	"二次特征类.cpp:178"	"1"	"std::uint64_t 私有_二次特征概念模板刷新采样序号(std::uint64_t 总耗时微秒) noexcept"	"服务所在模块的内部辅助流程。"	""	"ClCompile"	"二次特征类.cpp:1600:        const auto 采样序号 = 私有_二次特征概念模板刷新采样序号(总耗时微秒);"
"present"	"私有_二次特征签名查找创建采样序号"	"私有_二次特征签名查找创建采样序号"	"二次特征类.cpp:192"	"1"	"std::uint64_t 私有_二次特征签名查找创建采样序号(std::uint64_t 总耗时微秒) noexcept"	"创建并返回或登记对应对象。"	""	"ClCompile"	"二次特征类.cpp:644:        const auto 采样序号 = 私有_二次特征签名查找创建采样序号(总耗时微秒);"
"present"	"私有_推断默认刻度"	"私有_推断默认刻度"	"二次特征类.cpp:206"	"1"	"std::vector<结构_度量刻度片_桥接> 私有_推断默认刻度(const std::string& 链键)"	"服务所在模块的内部辅助流程。"	""	"ClCompile"	"二次特征类.cpp:1791:        刻度列表 = 私有_推断默认刻度(链根主信息->度量签名_链键);"
"present"	"二次特征类::注册概念小区间"	"注册概念小区间"	"二次特征类.cpp:843"	"1"	"二次特征节点类* 二次特征类::注册概念小区间( 二次特征节点类* 任意域节点或链根, const I64区间& 区间, const 语素入口节点类* 概念名称)"	"注册方法、模板、对象或运行入口。"	""	"ClCompile"	"二次特征类.h:116:    二次特征节点类* 注册概念小区间("
"present"	"二次特征类::按差值命中概念节点"	"按差值命中概念节点"	"二次特征类.cpp:891"	"1"	"二次特征节点类* 二次特征类::按差值命中概念节点(二次特征节点类* 链根, I64 差值)"	"按函数名执行对应处理。"	""	"ClCompile"	"二次特征类.h:121:    二次特征节点类* 按差值命中概念节点(二次特征节点类* 链根, I64 差值);"
"present"	"二次特征类::用概念名称反查节点"	"用概念名称反查节点"	"二次特征类.cpp:927"	"1"	"二次特征节点类* 二次特征类::用概念名称反查节点(二次特征节点类* 链根, const 语素入口节点类* 概念名称)"	"按函数名执行对应处理。"	""	"ClCompile"	"二次特征类.h:122:    二次特征节点类* 用概念名称反查节点(二次特征节点类* 链根, const 语素入口节点类* 概念名称);"
"present"	"二次特征类::删除二次特征"	"删除二次特征"	"二次特征类.cpp:954"	"1"	"bool 二次特征类::删除二次特征(二次特征节点类* 节点)"	"删除指定对象、状态或登记项。"	""	"ClCompile"	"二次特征类.h:123:    bool 删除二次特征(二次特征节点类* 节点);"
"present"	"私有_标准化动态单元列表"	"私有_标准化动态单元列表"	"二次特征应用模块.ixx:1080"	"1"	"std::vector<结构_动态视图片段> 私有_标准化动态单元列表( 世界树类* 世界树, 动态节点类* 动态, 结构_动态视图片段& 整体片段)"	"服务所在模块的内部辅助流程。"	""	"ClCompile"	"二次特征应用模块.ixx:1569:        auto 标准动态单元 = 私有_标准化动态单元列表(世界树, 动态, 整体片段);"
"present"	"私有_收集条件候选"	"私有_收集条件候选"	"二次特征应用模块.ixx:1138"	"1"	"void 私有_收集条件候选( 世界树类* 世界树, 场景节点类* 场景, const std::vector<二次特征节点类*>& 结果候选, std::vector<二次特征节点类*>& 条件候选)"	"服务所在模块的内部辅助流程。"	""	"ClCompile"	"二次特征应用模块.ixx:2068:            私有_收集条件候选(世界树, 场景, 结果, 条件候选);"
"present"	"私有_回写因果模板命中"	"私有_回写因果模板命中"	"二次特征应用模块.ixx:1255"	"1"	"void 私有_回写因果模板命中( 世界树类* 世界树, 场景节点类* 场景, 动态节点类* 动态, const 结构_动态视图片段& 整体片段, const std::vector<因果模板节点类*>& 命中模板)"	"服务所在模块的内部辅助流程。"	""	"ClCompile"	"二次特征应用模块.ixx:2096:                私有_回写因果模板命中(世界树, 场景, 动态, 整体片段, 命中模板);"
"present"	"私有_获取动态二次特征"	"私有_获取动态二次特征"	"二次特征应用模块.ixx:1322"	"1"	"std::vector<二次特征节点类*> 私有_获取动态二次特征( 世界树类* 世界树, 场景节点类* 场景, 动态节点类* 动态)"	"读取并返回指定对象、状态或运行材料。"	""	"ClCompile"	"二次特征应用模块.ixx:2780:    return 私有_获取动态二次特征(世界树_, 场景, 动态节点);"
"present"	"私有_取词键"	"私有_取词键"	"二次特征应用模块.ixx:2117"	"1"	"std::string 私有_取词键(const 语素入口节点类* 词)"	"服务所在模块的内部辅助流程。"	""	"ClCompile"	"二次特征应用模块.ixx:3018:    const auto 特征键 = 私有_取词键(特征类型);"
"present"	"私有_轮廓比较状态文本"	"私有_轮廓比较状态文本"	"二次特征应用模块.ixx:2123"	"1"	"const char* 私有_轮廓比较状态文本(const 枚举_轮廓比较状态 状态) noexcept"	"比较当前值、目标值或历史基准。"	""	"ClCompile"	"二次特征应用模块.ixx:3094:    const auto* 状态文本 = 私有_轮廓比较状态文本(比较结果.状态);"
"present"	"私有_同类事件来源流"	"私有_同类事件来源流"	"二次特征应用模块.ixx:2136"	"1"	"bool 私有_同类事件来源流(const 结构_动态视图片段& 左, const 结构_动态视图片段& 右) noexcept"	"服务所在模块的内部辅助流程。"	""	"ClCompile"	"二次特征应用模块.ixx:3400:        if (!私有_同类事件来源流(当前片段, 候选片段)) {"
"present"	"二次特征生成模块::绑定世界树"	"绑定世界树"	"二次特征应用模块.ixx:2218"	"1"	"void 二次特征生成模块::绑定世界树(世界树类* 世界树) noexcept"	"建立对象、任务、方法或因果之间的绑定关系。"	""	"ClCompile"	"二次特征应用模块.ixx:425:    void 绑定世界树(世界树类* 世界树) noexcept;"
"present"	"二次特征生成模块::创建任务结果方向二次特征"	"创建任务结果方向二次特征"	"二次特征应用模块.ixx:2224"	"1"	"二次特征节点类* 二次特征生成模块::创建任务结果方向二次特征( 场景节点类* 场景, 状态节点类* 当前状态, 状态节点类* 结果状态, 基础信息节点类* 任务主体)"	"创建并返回或登记对应对象。"	""	"ClCompile"	"二次特征应用模块.ixx:427:    二次特征节点类* 创建任务结果方向二次特征("
"present"	"判断状态结果方向"	"判断状态结果方向"	"二次特征应用模块.ixx:318"	"1"	"inline bool 判断状态结果方向( 世界树类* 世界树, const 状态节点类* 当前状态, const 状态节点类* 结果状态, std::int32_t& 输出方向) noexcept"	"判断条件、状态或业务结果是否成立。"	""	"ClCompile"	"二次特征应用模块.ixx:758:        return 二次特征本能判断模块::判断状态结果方向("
"present"	"私有_动态二次特征生成采样序号"	"私有_动态二次特征生成采样序号"	"二次特征应用模块.ixx:549"	"1"	"inline std::uint64_t 私有_动态二次特征生成采样序号(std::uint64_t 总耗时微秒) noexcept"	"根据当前输入生成目标数据、场景、动态或回执。"	""	"ClCompile"	"二次特征应用模块.ixx:1379:            const auto 采样序号 = 私有_动态二次特征生成采样序号(总耗时微秒);"
"present"	"私有_动态二次特征分步结果采样序号"	"私有_动态二次特征分步结果采样序号"	"二次特征应用模块.ixx:563"	"1"	"inline std::uint64_t 私有_动态二次特征分步结果采样序号(std::uint64_t 总耗时微秒) noexcept"	"服务所在模块的内部辅助流程。"	""	"ClCompile"	"二次特征应用模块.ixx:1432:            const auto 采样序号 = 私有_动态二次特征分步结果采样序号(分步结果生成耗时微秒);"
"present"	"私有_动态二次特征条件候选收集采样序号"	"私有_动态二次特征条件候选收集采样序号"	"二次特征应用模块.ixx:577"	"1"	"inline std::uint64_t 私有_动态二次特征条件候选收集采样序号(std::uint64_t 总耗时微秒) noexcept"	"服务所在模块的内部辅助流程。"	""	"ClCompile"	"二次特征应用模块.ixx:1158:            const auto 采样序号 = 私有_动态二次特征条件候选收集采样序号(总耗时微秒);"
"present"	"私有_动态二次特征命中回写因果证据动态采样序号"	"私有_动态二次特征命中回写因果证据动态采样序号"	"二次特征应用模块.ixx:591"	"1"	"inline std::uint64_t 私有_动态二次特征命中回写因果证据动态采样序号(std::uint64_t 总耗时微秒) noexcept"	"服务所在模块的内部辅助流程。"	""	"ClCompile"	"二次特征应用模块.ixx:1270:            const auto 采样序号 = 私有_动态二次特征命中回写因果证据动态采样序号(总耗时微秒);"
"present"	"私有_同类事件段聚合采样序号"	"私有_同类事件段聚合采样序号"	"二次特征应用模块.ixx:605"	"1"	"inline std::uint64_t 私有_同类事件段聚合采样序号(std::uint64_t 总耗时微秒) noexcept"	"服务所在模块的内部辅助流程。"	""	"ClCompile"	"二次特征应用模块.ixx:3271:        const auto 采样序号 = 私有_同类事件段聚合采样序号(总耗时微秒);"
"present"	"私有_二次特征主体匹配"	"私有_二次特征主体匹配"	"二次特征应用模块.ixx:703"	"1"	"bool 私有_二次特征主体匹配( const 二次特征主信息类* 主信息, const 基础信息节点类* 主体) noexcept"	"服务所在模块的内部辅助流程。"	""	"ClCompile"	"二次特征应用模块.ixx:2504:        if (!私有_二次特征主体匹配(主信息, 主体)) {"
"present"	"私有_二次特征方向命中"	"私有_二次特征方向命中"	"二次特征应用模块.ixx:718"	"1"	"bool 私有_二次特征方向命中( const 二次特征主信息类* 主信息, 方向掩码 方向约束) noexcept"	"按二次特征事实值判断是否命中指定方向约束。"	""	"ClCompile"	"二次特征应用模块.ixx:2511:        if (!私有_二次特征方向命中(主信息, 方向约束)) {"
"present"	"概念模板_弱相等"	"概念模板_弱相等"	"二次特征应用模块.ixx:72"	"1"	"inline bool 概念模板_弱相等( const 可解析引用<二次特征节点类>& 左, const 可解析引用<二次特征节点类>& 右) noexcept"	"按函数名执行对应处理。"	""	"ClCompile"	"二次特征应用模块.ixx:124:            && 概念模板_弱相等(条件->概念模板, 状态->概念模板)) {"
"present"	"私有_任务结果方向语义键"	"私有_任务结果方向语义键"	"二次特征应用模块.ixx:743"	"1"	"const char* 私有_任务结果方向语义键(std::int32_t 编码) noexcept"	"服务所在模块的内部辅助流程。"	""	"ClCompile"	"二次特征应用模块.ixx:2233:    const auto* 语义键 = 私有_任务结果方向语义键(编码);"
"present"	"私有_推导任务结果方向编码"	"私有_推导任务结果方向编码"	"二次特征应用模块.ixx:754"	"1"	"std::int32_t 私有_推导任务结果方向编码( 世界树类* 世界树, const 状态节点类* 当前状态, const 状态节点类* 结果状态) noexcept"	"服务所在模块的内部辅助流程。"	""	"ClCompile"	"二次特征应用模块.ixx:2232:    const auto 编码 = 私有_推导任务结果方向编码(世界树_, 当前状态, 结果状态);"
"present"	"私有_读取来源低层动态数量"	"私有_读取来源低层动态数量"	"二次特征应用模块.ixx:789"	"1"	"std::size_t 私有_读取来源低层动态数量(世界树类* 世界树, const 动态节点类* 动态)"	"从动态类读取聚合来源链数量，用于日志显示。"	""	"ClCompile"	"二次特征应用模块.ixx:1404:            const auto 日志来源低层动态数 = 私有_读取来源低层动态数量(世界树, 动态);"
"present"	"私有_推断状态二次特征类型"	"私有_推断状态二次特征类型"	"二次特征应用模块.ixx:864"	"1"	"枚举_状态二次特征类型 私有_推断状态二次特征类型( const 枚举_特征值比较模式 比较方式) noexcept"	"服务所在模块的内部辅助流程。"	""	"ClCompile"	"二次特征应用模块.ixx:2679:    const auto 二次特征类型 = 私有_推断状态二次特征类型(比较方法结果.比较方式);"
"present"	"私有_状态二次特征类型文本"	"私有_状态二次特征类型文本"	"二次特征应用模块.ixx:880"	"1"	"const char* 私有_状态二次特征类型文本(const 枚举_状态二次特征类型 类型) noexcept"	"服务所在模块的内部辅助流程。"	""	"ClCompile"	"二次特征应用模块.ixx:2732:    主信息->离散语义键 = 私有_状态二次特征类型文本(二次特征类型);"
"present"	"私有_方法首节点具备可执行动作条件"	"私有_方法首节点具备可执行动作条件"	"方法类.cpp:1048"	"1"	"bool 私有_方法首节点具备可执行动作条件(const 方法节点* 方法首节点) noexcept"	"执行任务、方法或动作的主体逻辑。"	""	"ClCompile"	"方法类.cpp:2377:    return 私有_方法首节点具备可执行动作条件(首节点);"
"present"	"私有_方法树SQL投影互斥"	"私有_方法树SQL投影互斥"	"方法类.cpp:1094"	"1"	"std::mutex& 私有_方法树SQL投影互斥() noexcept"	"服务所在模块的内部辅助流程。"	""	"ClCompile"	"方法类.cpp:1989:    std::lock_guard<std::mutex> SQL锁{ 私有_方法树SQL投影互斥() };"
"present"	"私有_方法SQL入口文本"	"私有_方法SQL入口文本"	"方法类.cpp:1123"	"1"	"std::string 私有_方法SQL入口文本(const 语素入口节点类* 入口)"	"服务所在模块的内部辅助流程。"	""	"ClCompile"	"方法类.cpp:1201:            行.动作名文本 = 私有_方法SQL入口文本(首节点信息->动作名);"
"present"	"私有_方法SQL节点种类文本"	"私有_方法SQL节点种类文本"	"方法类.cpp:1141"	"1"	"const char* 私有_方法SQL节点种类文本(const 枚举_方法节点种类 种类) noexcept"	"服务所在模块的内部辅助流程。"	""	"ClCompile"	"方法类.cpp:1255:        行.节点种类文本 = 私有_方法SQL节点种类文本(节点种类);"
"present"	"私有_方法SQL来源文本"	"私有_方法SQL来源文本"	"方法类.cpp:1151"	"1"	"const char* 私有_方法SQL来源文本(const 枚举_方法来源 来源) noexcept"	"服务所在模块的内部辅助流程。"	""	"ClCompile"	"方法类.cpp:1204:            行.来源文本 = 私有_方法SQL来源文本(首节点信息->来源);"
"present"	"私有_方法SQL动作句柄类型文本"	"私有_方法SQL动作句柄类型文本"	"方法类.cpp:1164"	"1"	"const char* 私有_方法SQL动作句柄类型文本(const 枚举_动作句柄类型 类型) noexcept"	"服务所在模块的内部辅助流程。"	""	"ClCompile"	"方法类.cpp:1177:        输出 << 私有_方法SQL动作句柄类型文本(句柄.类型);"
"present"	"私有_方法SQL动作句柄文本"	"私有_方法SQL动作句柄文本"	"方法类.cpp:1174"	"1"	"std::string 私有_方法SQL动作句柄文本(const 结构体_动作句柄& 句柄)"	"服务所在模块的内部辅助流程。"	""	"ClCompile"	"方法类.cpp:1202:            行.动作句柄文本 = 私有_方法SQL动作句柄文本(首节点信息->动作句柄);"
"present"	"私有_填充方法树SQL角色字段"	"私有_填充方法树SQL角色字段"	"方法类.cpp:1194"	"1"	"void 私有_填充方法树SQL角色字段(const 方法节点* 节点, 结构_方法树SQL行& 行)"	"服务所在模块的内部辅助流程。"	""	"ClCompile"	"方法类.cpp:1256:        私有_填充方法树SQL角色字段(节点, 行);"
"present"	"私有_方法树SQL建库脚本"	"私有_方法树SQL建库脚本"	"方法类.cpp:1281"	"1"	"std::string 私有_方法树SQL建库脚本()"	"服务所在模块的内部辅助流程。"	""	"ClCompile"	"方法类.cpp:2007:        if (!私有_执行方法树ADO命令(主库连接串, ""方法树SQL投影建库"", 私有_方法树SQL建库脚本(), 错误)"
"present"	"私有_方法树SQL建表脚本"	"私有_方法树SQL建表脚本"	"方法类.cpp:1289"	"1"	"std::string 私有_方法树SQL建表脚本()"	"服务所在模块的内部辅助流程。"	""	"ClCompile"	"方法类.cpp:2008:            || !私有_执行方法树ADO命令(投影库连接串, ""方法树SQL投影建表"", 私有_方法树SQL建表脚本(), 错误)"
"present"	"私有_方法树SQL视图脚本"	"私有_方法树SQL视图脚本"	"方法类.cpp:1347"	"1"	"std::string 私有_方法树SQL视图脚本()"	"服务所在模块的内部辅助流程。"	""	"ClCompile"	"方法类.cpp:2009:            || !私有_执行方法树ADO命令(投影库连接串, ""方法树SQL投影视图"", 私有_方法树SQL视图脚本(), 错误)"
"present"	"私有_构造方法树SQL重写脚本"	"私有_构造方法树SQL重写脚本"	"方法类.cpp:1395"	"1"	"std::string 私有_构造方法树SQL重写脚本( const std::vector<结构_方法树SQL行>& 行集, const std::string& 来源原因, const std::string& 根主键)"	"服务所在模块的内部辅助流程。"	""	"ClCompile"	"方法类.cpp:2010:            || !私有_执行方法树ADO命令(投影库连接串, ""方法树SQL投影重写"", 私有_构造方法树SQL重写脚本(行集, 原因文本, 根主键), 错误)) {"
"present"	"方法类::方法指定本能方法"	"方法指定本能方法"	"方法类.cpp:1794"	"1"	"bool 方法类::方法指定本能方法(const 节点类* 方法首节点) noexcept"	"判断方法首节点是否绑定了有效本能方法。"	""	"ClCompile"	"方法类.h:171:    static bool 方法指定本能方法(const 节点类* 方法首节点) noexcept;"
"present"	"方法类::方法满足可用最低判据"	"方法满足可用最低判据"	"方法类.cpp:1909"	"1"	"bool 方法类::方法满足可用最低判据(const 节点类* 方法首节点) noexcept"	"判断方法首节点是否满足可用最低结构判据。"	""	"ClCompile"	"方法类.h:197:    static bool 方法满足可用最低判据(const 节点类* 方法首节点) noexcept;"
"present"	"私有_取首个直接结果子节点"	"私有_取首个直接结果子节点"	"方法类.cpp:213"	"1"	"方法节点* 私有_取首个直接结果子节点(方法节点* 方法首节点) noexcept"	"服务所在模块的内部辅助流程。"	""	"ClCompile"	"方法类.cpp:243:        return 私有_取首个直接结果子节点(方法首节点);"
"present"	"方法类::注册需求方向方法首节点"	"注册需求方向方法首节点"	"方法类.cpp:2173"	"1"	"方法类::节点类* 方法类::注册需求方向方法首节点( 节点类* 方法根节点, const 语素入口节点类* 主结果特征类型, 二次特征节点类* 结果方向, 枚举_方法来源 来源, 时间戳 now)"	"注册方法、模板、对象或运行入口。"	""	"ClCompile"	"方法类.h:49:    static 节点类* 注册需求方向方法首节点("
"present"	"私有_取首个条件下结果子节点"	"私有_取首个条件下结果子节点"	"方法类.cpp:223"	"1"	"方法节点* 私有_取首个条件下结果子节点(方法节点* 条件节点) noexcept"	"服务所在模块的内部辅助流程。"	""	"ClCompile"	"方法类.cpp:236:            if (auto* 结果节点 = 私有_取首个条件下结果子节点(条件节点)) {"
"present"	"方法类::取或确保本能方法首节点_按能力值"	"取或确保本能方法首节点_按能力值"	"方法类.cpp:2293"	"1"	"方法类::节点类* 方法类::取或确保本能方法首节点_按能力值( 存在节点类* 宿主存在, I64 自我能力值, 时间戳 now)"	"确保目标结构、状态或前置条件存在并可用。"	""	"ClCompile"	"方法类.h:226:    static 节点类* 取或确保本能方法首节点_按能力值("
"present"	"私有_确保结果父条件节点"	"私有_确保结果父条件节点"	"方法类.cpp:247"	"1"	"方法节点* 私有_确保结果父条件节点(方法节点* 方法首节点, 时间戳 now)"	"确保目标结构、状态或前置条件存在并可用。"	""	"ClCompile"	"方法类.cpp:2665:        结果父节点 = 私有_确保结果父条件节点(方法首节点, 0);"
"present"	"私有_方法条件场景名称词"	"私有_方法条件场景名称词"	"方法类.cpp:305"	"1"	"const 语素入口节点类* 私有_方法条件场景名称词(const 方法主信息类& 主信息) noexcept"	"服务所在模块的内部辅助流程。"	""	"ClCompile"	"方法类.cpp:2452:        私有_方法条件场景名称词(首节点->主信息),"
"present"	"私有_方法结果场景名称词"	"私有_方法结果场景名称词"	"方法类.cpp:312"	"1"	"const 语素入口节点类* 私有_方法结果场景名称词(const 方法主信息类& 主信息) noexcept"	"服务所在模块的内部辅助流程。"	""	"ClCompile"	"方法类.cpp:2496:        私有_方法结果场景名称词(首节点->主信息),"
"present"	"私有_方法条件集合特征词"	"私有_方法条件集合特征词"	"方法类.cpp:319"	"1"	"const 语素入口节点类* 私有_方法条件集合特征词() noexcept"	"服务所在模块的内部辅助流程。"	""	"ClCompile"	"方法类.cpp:1953:            私有_方法条件集合特征词())"
"present"	"私有_方法条件是否必需特征词"	"私有_方法条件是否必需特征词"	"方法类.cpp:327"	"1"	"const 语素入口节点类* 私有_方法条件是否必需特征词() noexcept"	"服务所在模块的内部辅助流程。"	""	"ClCompile"	"方法类.cpp:1963:            私有_方法条件是否必需特征词(),"
"present"	"私有_结果变化方向编码"	"私有_结果变化方向编码"	"方法类.cpp:342"	"1"	"std::int32_t 私有_结果变化方向编码(枚举_结果变化方向 方向) noexcept"	"服务所在模块的内部辅助流程。"	""	"ClCompile"	"方法类.cpp:396:        const auto 需求方向 = 私有_结果变化方向编码(私有_二次特征方向枚举(结果方向));"
"present"	"私有_追加结果节点结果项"	"私有_追加结果节点结果项"	"方法类.cpp:469"	"1"	"void 私有_追加结果节点结果项( 方法主信息类& 主信息, 结构_方法结果项 结果项) noexcept"	"服务所在模块的内部辅助流程。"	""	"ClCompile"	"方法类.cpp:497:            私有_追加结果节点结果项(主信息, std::move(结果项));"
"present"	"私有_查找需求位方法首节点_按主结果特征类型"	"私有_查找需求位方法首节点_按主结果特征类型"	"方法类.cpp:502"	"1"	"方法节点* 私有_查找需求位方法首节点_按主结果特征类型( 方法节点* 方法根节点, const 语素入口节点类* 主结果特征类型) noexcept"	"按条件查找目标对象、方法或事实。"	""	"ClCompile"	"方法类.cpp:2106:        已有节点 = 私有_查找需求位方法首节点_按主结果特征类型(根节点, 主结果特征类型);"
"present"	"私有_解析特征引用"	"私有_解析特征引用"	"方法类.cpp:541"	"1"	"特征节点类* 私有_解析特征引用(const 可解析引用<特征节点类>& 引用) noexcept"	"解析输入文本、消息、场景或运行包。"	""	"ClCompile"	"方法类.cpp:587:        auto* 特征节点 = 状态主信息 ? 私有_解析特征引用(状态主信息->状态特征) : nullptr;"
"present"	"私有_语素入口主键"	"私有_语素入口主键"	"方法类.cpp:578"	"1"	"std::string 私有_语素入口主键(const 语素入口节点类* 词) noexcept"	"服务所在模块的内部辅助流程。"	""	"ClCompile"	"方法类.cpp:642:        输出特征类型主键 = 私有_语素入口主键(私有_二次特征特征类型(节点, 兜底特征类型));"
"present"	"私有_二次特征特征类型"	"私有_二次特征特征类型"	"方法类.cpp:604"	"1"	"const 语素入口节点类* 私有_二次特征特征类型( const 二次特征节点类* 节点, const 语素入口节点类* 兜底特征类型) noexcept"	"服务所在模块的内部辅助流程。"	""	"ClCompile"	"方法类.cpp:642:        输出特征类型主键 = 私有_语素入口主键(私有_二次特征特征类型(节点, 兜底特征类型));"
"present"	"私有_二次特征比较语义相同"	"私有_二次特征比较语义相同"	"方法类.cpp:648"	"1"	"bool 私有_二次特征比较语义相同( const 可解析引用<二次特征节点类>& 引用, const 二次特征节点类* 节点, const 语素入口节点类* 兜底特征类型) noexcept"	"比较当前值、目标值或历史基准。"	""	"ClCompile"	"方法类.cpp:334:    bool 私有_二次特征比较语义相同("
"present"	"私有_查找需求方向方法首节点"	"私有_查找需求方向方法首节点"	"方法类.cpp:675"	"1"	"方法节点* 私有_查找需求方向方法首节点( 方法节点* 方法根节点, const 语素入口节点类* 主结果特征类型, const 二次特征节点类* 结果方向) noexcept"	"按条件查找目标对象、方法或事实。"	""	"ClCompile"	"方法类.cpp:2195:    auto* 节点 = 私有_查找需求方向方法首节点("
"present"	"私有_查找可执行结果能力方法首节点_按主结果特征类型"	"私有_查找可执行结果能力方法首节点_按主结果特征类型"	"方法类.cpp:705"	"1"	"方法节点* 私有_查找可执行结果能力方法首节点_按主结果特征类型( 方法节点* 方法根节点, const 语素入口节点类* 主结果特征类型) noexcept"	"按条件查找目标对象、方法或事实。"	""	"ClCompile"	"方法类.cpp:2203:        节点 = 私有_查找可执行结果能力方法首节点_按主结果特征类型("
"present"	"私有_特征_方法类型"	"私有_特征_方法类型"	"方法类.cpp:729"	"1"	"const 语素入口节点类* 私有_特征_方法类型() noexcept"	"服务所在模块的内部辅助流程。"	""	"ClCompile"	"方法类.cpp:918:            私有_特征_方法类型(),"
"present"	"私有_特征_方法状态"	"私有_特征_方法状态"	"方法类.cpp:736"	"1"	"const 语素入口节点类* 私有_特征_方法状态() noexcept"	"服务所在模块的内部辅助流程。"	""	"ClCompile"	"方法类.cpp:902:            私有_特征_方法状态(),"
"present"	"私有_推断宿主存在"	"私有_推断宿主存在"	"方法类.cpp:838"	"1"	"存在节点类* 私有_推断宿主存在(const 方法节点* 方法首节点) noexcept"	"服务所在模块的内部辅助流程。"	""	"ClCompile"	"方法类.cpp:2396:        宿主存在 = 私有_推断宿主存在(首节点);"
"present"	"私有_写入I64特征"	"私有_写入I64特征"	"方法类.cpp:852"	"1"	"bool 私有_写入I64特征( 基础信息节点类* 宿主, const 语素入口节点类* 特征类型, I64 值, 时间戳 now)"	"把处理结果写入指定对象、场景或日志。"	""	"ClCompile"	"方法类.cpp:900:        return 私有_写入I64特征("
"present"	"私有_二次特征引用相等"	"私有_二次特征引用相等"	"方法类.cpp:924"	"1"	"bool 私有_二次特征引用相等( const 可解析引用<二次特征节点类>& 左, const 可解析引用<二次特征节点类>& 右)"	"服务所在模块的内部辅助流程。"	""	"ClCompile"	"方法类.cpp:946:                return 私有_二次特征引用相等(左项, 右项);"
"present"	"私有_二次特征引用集合相等"	"私有_二次特征引用集合相等"	"方法类.cpp:937"	"1"	"bool 私有_二次特征引用集合相等( const std::vector<可解析引用<二次特征节点类>>& 左, const std::vector<可解析引用<二次特征节点类>>& 右)"	"服务所在模块的内部辅助流程。"	""	"ClCompile"	"方法类.cpp:2606:        return !条件索引.empty() && 私有_二次特征引用集合相等(条件信息->条件判定索引, 条件索引);"
"present"	"私有_特征_方法结果初始状态"	"私有_特征_方法结果初始状态"	"方法类.cpp:960"	"1"	"const 语素入口节点类* 私有_特征_方法结果初始状态() noexcept"	"服务所在模块的内部辅助流程。"	""	"ClCompile"	"方法类.cpp:1018:            : 私有_特征_方法结果初始状态();"
"present"	"私有_查找场景状态_按主体特征"	"私有_查找场景状态_按主体特征"	"方法类.cpp:967"	"1"	"状态节点类* 私有_查找场景状态_按主体特征( 场景节点类* 场景, 基础信息节点类* 状态主体, 特征节点类* 状态特征) noexcept"	"按条件查找目标对象、方法或事实。"	""	"ClCompile"	"方法类.cpp:1026:        if (auto* 已有状态 = 私有_查找场景状态_按主体特征("
"present"	"私有_确保方法结果初始状态"	"私有_确保方法结果初始状态"	"方法类.cpp:998"	"1"	"状态节点类* 私有_确保方法结果初始状态( 方法节点* 方法首节点, 存在节点类* 宿主存在, 场景节点类* 条件场景, 时间戳 now)"	"确保目标结构、状态或前置条件存在并可用。"	""	"ClCompile"	"方法类.cpp:2359:    auto* 初始状态 = 私有_确保方法结果初始状态("
"present"	"私有_默认允许自动召回"	"私有_默认允许自动召回"	"方法虚拟存在服务类.cpp:104"	"1"	"I64 私有_默认允许自动召回(I64 成熟度阶段) noexcept"	"服务所在模块的内部辅助流程。"	""	"ClCompile"	"方法虚拟存在服务类.cpp:309:            私有_默认允许自动召回(默认成熟度),"
"present"	"私有_默认允许默认执行"	"私有_默认允许默认执行"	"方法虚拟存在服务类.cpp:110"	"1"	"I64 私有_默认允许默认执行(I64 成熟度阶段) noexcept"	"执行任务、方法或动作的主体逻辑。"	""	"ClCompile"	"方法虚拟存在服务类.cpp:315:            私有_默认允许默认执行(默认成熟度),"
"present"	"私有_同步方法身份与默认特征"	"私有_同步方法身份与默认特征"	"方法虚拟存在服务类.cpp:266"	"1"	"bool 私有_同步方法身份与默认特征( 方法类::节点类* 方法首节点, 存在节点类* 宿主存在, 时间戳 now) noexcept"	"同步线程、任务、场景或对象之间的状态。"	""	"ClCompile"	"方法虚拟存在服务类.cpp:745:    已同步 = 私有_同步方法身份与默认特征(首节点, 宿主存在, now) || 已同步;"
"present"	"私有_输出方法状态动作动态"	"私有_输出方法状态动作动态"	"方法虚拟存在服务类.cpp:350"	"1"	"动态节点类* 私有_输出方法状态动作动态( 方法类::节点类* 方法首节点, 存在节点类* 方法虚拟存在, 特征节点类* 方法状态特征, I64 旧状态, I64 新状态, bool 有旧状态, 时间戳 now) noexcept"	"方法域动作动态生成点： 方法虚拟存在服务层在同步“方法状态”特征时调用本函数， 把目标方法虚拟存在上的方法状态旧值 -> ..."	""	"ClCompile"	"方法虚拟存在服务类.cpp:468:            (void)私有_输出方法状态动作动态("
"present"	"私有_动作名转方法概念词"	"私有_动作名转方法概念词"	"方法虚拟存在服务类.cpp:45"	"1"	"const 语素入口节点类* 私有_动作名转方法概念词(const 语素入口节点类* 动作名) noexcept"	"服务所在模块的内部辅助流程。"	""	"ClCompile"	"方法虚拟存在服务类.cpp:217:            if (auto* 动作方法概念词 = 私有_动作名转方法概念词(方法类::方法动作名(方法首节点))) {"
"present"	"私有_取首个条件场景"	"私有_取首个条件场景"	"方法虚拟存在服务类.cpp:499"	"1"	"场景节点类* 私有_取首个条件场景(方法类::节点类* 方法首节点) noexcept"	"服务所在模块的内部辅助流程。"	""	"ClCompile"	"方法虚拟存在服务类.cpp:666:    if (auto* 条件场景 = 私有_取首个条件场景(首节点)) {"
"present"	"私有_取首个结果场景"	"私有_取首个结果场景"	"方法虚拟存在服务类.cpp:520"	"1"	"场景节点类* 私有_取首个结果场景(方法类::节点类* 方法首节点) noexcept"	"服务所在模块的内部辅助流程。"	""	"ClCompile"	"方法虚拟存在服务类.cpp:669:    if (auto* 结果场景 = 私有_取首个结果场景(首节点)) {"
"present"	"私有_方法类型概念名"	"私有_方法类型概念名"	"方法虚拟存在服务类.cpp:56"	"1"	"const char* 私有_方法类型概念名(枚举_方法类型 类型) noexcept"	"服务所在模块的内部辅助流程。"	""	"ClCompile"	"方法虚拟存在服务类.cpp:207:            if (const auto* 类型概念 = 私有_方法类型概念名(方法类型)) {"
"present"	"私有_方法来源概念名"	"私有_方法来源概念名"	"方法虚拟存在服务类.cpp:66"	"1"	"const char* 私有_方法来源概念名(枚举_方法来源 来源) noexcept"	"服务所在模块的内部辅助流程。"	""	"ClCompile"	"方法虚拟存在服务类.cpp:212:            if (const auto* 来源概念 = 私有_方法来源概念名(方法类::方法来源(方法首节点))) {"
"present"	"方法虚拟存在服务类::记录方法运行统计"	"记录方法运行统计"	"方法虚拟存在服务类.cpp:800"	"1"	"bool 方法虚拟存在服务类::记录方法运行统计( 方法类::节点类* 方法首节点, const char* 统计名, I64 增量, 存在节点类* 宿主存在, 时间戳 now)"	"记录日志、动态、证据或运行痕迹。"	""	"ClCompile"	"方法虚拟存在服务类.h:63:    static bool 记录方法运行统计("
"present"	"声明了执行目标值约束"	"声明了执行目标值约束"	"方法主信息类.h:168"	"1"	"bool 声明了执行目标值约束() const noexcept"	"执行任务、方法或动作的主体逻辑。"	""	"ClInclude"	"任务模块.筹办.ixx:3793:                && 结果项.声明了执行目标值约束()) {"
"present"	"构造条件节点"	"构造条件节点"	"方法主信息类.h:256"	"1"	"static 方法主信息类 构造条件节点()"	"按函数名执行对应处理。"	""	"ClInclude"	"方法类.cpp:2635:    auto 主信息 = 方法主信息类::构造条件节点();"
"present"	"构造结果节点"	"构造结果节点"	"方法主信息类.h:264"	"1"	"static 方法主信息类 构造结果节点()"	"按函数名执行对应处理。"	""	"ClInclude"	"方法类.cpp:2722:    auto 主信息 = 方法主信息类::构造结果节点();"
"present"	"operator-"	"operator-"	"基础数据类型.h:479"	"1"	"结构体_空间坐标 operator-(const 结构体_空间坐标& o) const"	"按函数名执行对应处理。"	"operator"	"未在vcxproj登记"	"基础数据类型.h:849:    constexpr Vector3D operator-(const Vector3D& other) const {"
"present"	"编码VecI64为VecIU64_ZigZag"	"编码VecI64为VecIU64_ZigZag"	"基础数据类型.h:662"	"1"	"inline VecIU64 编码VecI64为VecIU64_ZigZag(const VecI64& 值)"	"按函数名执行对应处理。"	""	"未在vcxproj登记"	"基础数据类型.h:687:    return 编码VecI64为VecIU64_ZigZag(值);"
"present"	"解码VecIU64为VecI64_ZigZag"	"解码VecIU64为VecI64_ZigZag"	"基础数据类型.h:673"	"1"	"inline VecI64 解码VecIU64为VecI64_ZigZag(const VecIU64& 值)"	"按函数名执行对应处理。"	""	"未在vcxproj登记"	"基础数据类型.h:693:    return 解码VecIU64为VecI64_ZigZag(值);"
"present"	"operator/"	"operator/"	"基础数据类型.h:835"	"1"	"constexpr Vector3D operator/(double scalar) const"	"===== 推荐同时添加：标量除法 ====="	"operator"	"未在vcxproj登记"	"基础数据类型.h:955:constexpr Vector3D operator/(double  scalar, const Vector3D& vec) {"
"present"	"operator-"	"operator-"	"基础数据类型.h:848"	"1"	"constexpr Vector3D operator-(const Vector3D& other) const"	"按函数名执行对应处理。"	"operator"	"未在vcxproj登记"	"基础数据类型.h:480:    结构体_空间坐标 operator-(const 结构体_空间坐标& o) const {"
"present"	"范数"	"范数"	"基础数据类型.h:896"	"1"	"double 范数() const noexcept"	"按函数名执行对应处理。"	""	"未在vcxproj登记"	"基础数据类型.h:901:        const double n = 范数();"
"present"	"共轭"	"共轭"	"基础数据类型.h:906"	"1"	"Quaternion 共轭() const noexcept"	"按函数名执行对应处理。"	""	"未在vcxproj登记"	"基础数据类型.h:928:        Quaternion out = (qn * p) * qn.共轭();"
"present"	"旋转"	"旋转"	"基础数据类型.h:923"	"1"	"Vector3D 旋转(const Vector3D& v) const noexcept"	"旋转向量：v' = q ⊗ (0,v) ⊗ q* (注意：取决于你对 q 的语义约定；此处提供常用形式)"	""	"未在vcxproj登记"	"控制面板类.cpp:14713:    function 切换自我场景旋转() {"
"present"	"operator/"	"operator/"	"基础数据类型.h:954"	"1"	"constexpr Vector3D operator/(double scalar, const Vector3D& vec)"	"按函数名执行对应处理。"	"operator"	"未在vcxproj登记"	"基础数据类型.h:836:    constexpr Vector3D operator/(double  scalar) const {"
"present"	"比较量转三向关系"	"比较量转三向关系"	"基础数据类型.h:96"	"1"	"inline constexpr 枚举_三向关系 比较量转三向关系(const 比较量 r) noexcept"	"比较当前值、目标值或历史基准。"	""	"未在vcxproj登记"	"任务模块.筹办.ixx:2794:            比较量转三向关系(比较量),"
"present"	"基础信息类::基础信息节点引用语素入口节点"	"基础信息节点引用语素入口节点"	"基础信息类.cpp:264"	"1"	"bool 基础信息类::基础信息节点引用语素入口节点(const 节点类* 节点, const 语素入口节点类* 入口节点) noexcept"	"按函数名执行对应处理。"	""	"ClCompile"	"基础信息类.h:51:    static bool 基础信息节点引用语素入口节点(const 节点类* 节点, const 语素入口节点类* 入口节点) noexcept;"
"present"	"基础信息类::~基础信息类"	"~基础信息类"	"基础信息类.cpp:46"	"1"	"基础信息类::~基础信息类()"	"释放或收束对象资源。"	"ctor_dtor"	"ClCompile"	"基础信息类.h:14:    ~基础信息类();"
"present"	"存在节点主信息类::~存在节点主信息类"	"~存在节点主信息类"	"基础信息主信息类.cpp:8"	"1"	"存在节点主信息类::~存在节点主信息类()"	"释放或收束对象资源。"	"ctor_dtor"	"ClCompile"	"基础信息主信息类.h:405:    ~存在节点主信息类() override;"
"present"	"get_from_latest"	"get_from_latest"	"基础信息主信息类.h:192"	"1"	"const T* get_from_latest(std::size_t i) const"	"0 表示最新，1 表示前一项..."	""	"ClInclude"	"特征类.cpp:2710:        const auto* 历史值 = 主信息->近帧候选.get_from_latest(static_cast<std::size_t>(i));"
"present"	"有区间"	"有区间"	"基础信息主信息类.h:277"	"1"	"bool 有区间() const noexcept"	"按函数名执行对应处理。"	""	"ClInclude"	"基础信息主信息类.h:369:    bool 有区间() const noexcept { return 区间.has_value() && 区间->有效(); }"
"present"	"取值域"	"取值域"	"基础信息主信息类.h:286"	"1"	"const 特征值域* 取值域() const noexcept"	"按函数名执行对应处理。"	""	"ClInclude"	"特征类.cpp:2586:        const auto* 值域 = 抽象主信息->取值域();"
"present"	"有区间"	"有区间"	"基础信息主信息类.h:369"	"1"	"bool 有区间() const noexcept"	"按函数名执行对应处理。"	""	"ClInclude"	"基础信息主信息类.h:277:    bool 有区间() const noexcept { return 区间.has_value() && 区间->有效(); }"
"present"	"由比较量判断方向区间"	"由比较量判断方向区间"	"基础信息主信息类.h:639"	"1"	"static 枚举_方向区间 由比较量判断方向区间(比较量 r) noexcept"	"判断条件、状态或业务结果是否成立。"	""	"ClInclude"	"基础信息主信息类.h:668:            : 由比较量判断方向区间(比较结果);"
"present"	"安全计算右减左"	"安全计算右减左"	"基础信息主信息类.h:647"	"1"	"static std::optional<std::int64_t> 安全计算右减左(std::int64_t 左值, std::int64_t 右值) noexcept"	"计算权重、状态、差值或派生结果。"	""	"ClInclude"	"基础信息主信息类.h:665:        差值 = 安全计算右减左(左值, 右值);"
"present"	"设置差值结果"	"设置差值结果"	"基础信息主信息类.h:659"	"1"	"void 设置差值结果(std::int64_t 左值, std::int64_t 右值) noexcept"	"设置对象字段、状态或运行参数。"	""	"ClInclude"	"二次特征类.cpp:1207:    主信息->设置差值结果(左值, 右值);"
"present"	"私有_读取世界观测版本"	"私有_读取世界观测版本"	"控制面板摘要线程模块.impl.cpp:186"	"1"	"std::uint64_t 私有_读取世界观测版本() noexcept"	"从指定来源读取数据或状态。"	""	"ClCompile"	"控制面板摘要线程模块.impl.cpp:666:    快照.世界版本 = 私有_读取世界观测版本();"
"present"	"私有_统计方法直接结构_控制面板摘要"	"私有_统计方法直接结构_控制面板摘要"	"控制面板摘要线程模块.impl.cpp:207"	"1"	"void 私有_统计方法直接结构_控制面板摘要( const 方法节点* 方法头, std::size_t& 条件数, std::size_t& 直接结果数, std::size_t& 条件下结果数, std::size_t& 条件无结果数) noexcept"	"统计方法首节点下的直接条件和结果结构。"	""	"ClCompile"	"控制面板摘要线程模块.impl.cpp:367:            私有_统计方法直接结构_控制面板摘要("
"present"	"私有_采集需求树摘要"	"私有_采集需求树摘要"	"控制面板摘要线程模块.impl.cpp:254"	"1"	"void 私有_采集需求树摘要(结构_控制面板摘要快照& 快照) noexcept"	"服务所在模块的内部辅助流程。"	""	"ClCompile"	"控制面板摘要线程模块.impl.cpp:669:    私有_采集需求树摘要(快照);"
"present"	"私有_采集任务树摘要"	"私有_采集任务树摘要"	"控制面板摘要线程模块.impl.cpp:305"	"1"	"void 私有_采集任务树摘要(结构_控制面板摘要快照& 快照) noexcept"	"服务所在模块的内部辅助流程。"	""	"ClCompile"	"控制面板摘要线程模块.impl.cpp:670:    私有_采集任务树摘要(快照);"
"present"	"私有_摘要线程消息事件"	"私有_摘要线程消息事件"	"控制面板摘要线程模块.impl.cpp:33"	"1"	"枚举_线程生命周期消息事件 私有_摘要线程消息事件( const 枚举_控制面板摘要线程生命周期状态 旧状态, const 枚举_控制面板摘要线程生命周期状态 新状态) noexcept"	"服务所在模块的内部辅助流程。"	""	"ClCompile"	"控制面板摘要线程模块.impl.cpp:61:        消息.事件类型 = 私有_摘要线程消息事件(旧状态, 新状态);"
"present"	"私有_采集方法树摘要"	"私有_采集方法树摘要"	"控制面板摘要线程模块.impl.cpp:348"	"1"	"void 私有_采集方法树摘要(结构_控制面板摘要快照& 快照) noexcept"	"服务所在模块的内部辅助流程。"	""	"ClCompile"	"控制面板摘要线程模块.impl.cpp:671:    私有_采集方法树摘要(快照);"
"present"	"私有_采集运行事实状态槽"	"私有_采集运行事实状态槽"	"控制面板摘要线程模块.impl.cpp:398"	"1"	"void 私有_采集运行事实状态槽(结构_控制面板摘要快照& 快照)"	"执行对应模块、线程或方法的运行逻辑。"	""	"ClCompile"	"控制面板摘要线程模块.impl.cpp:673:    私有_采集运行事实状态槽(快照);"
"present"	"私有_采集自我线程状态槽"	"私有_采集自我线程状态槽"	"控制面板摘要线程模块.impl.cpp:463"	"1"	"void 私有_采集自我线程状态槽(结构_控制面板摘要快照& 快照) noexcept"	"服务所在模块的内部辅助流程。"	""	"ClCompile"	"控制面板摘要线程模块.impl.cpp:668:    私有_采集自我线程状态槽(快照);"
"present"	"私有_采集自检状态槽"	"私有_采集自检状态槽"	"控制面板摘要线程模块.impl.cpp:474"	"1"	"void 私有_采集自检状态槽(结构_控制面板摘要快照& 快照) noexcept"	"服务所在模块的内部辅助流程。"	""	"ClCompile"	"控制面板摘要线程模块.impl.cpp:672:    私有_采集自检状态槽(快照);"
"present"	"控制面板摘要线程类::~控制面板摘要线程类"	"~控制面板摘要线程类"	"控制面板摘要线程模块.impl.cpp:494"	"1"	"控制面板摘要线程类::~控制面板摘要线程类()"	"释放或收束对象资源。"	"ctor_dtor"	"ClCompile"	"控制面板摘要线程模块.ixx:94:    ~控制面板摘要线程类();"
"present"	"停止控制面板摘要线程"	"停止控制面板摘要线程"	"控制面板摘要线程模块.impl.cpp:705"	"1"	"void 停止控制面板摘要线程()"	"停止线程、模块或运行流程。"	""	"ClCompile"	"控制面板摘要线程模块.ixx:130:export void 停止控制面板摘要线程();"
"present"	"私有_特征_最近执行时间_摘要"	"私有_特征_最近执行时间_摘要"	"控制面板摘要线程模块.impl.cpp:84"	"1"	"const 语素入口节点类* 私有_特征_最近执行时间_摘要() noexcept"	"执行任务、方法或动作的主体逻辑。"	""	"ClCompile"	"控制面板摘要线程模块.impl.cpp:410:                私有_特征_最近执行时间_摘要());"
"present"	"私有_特征_最近完成时间_摘要"	"私有_特征_最近完成时间_摘要"	"控制面板摘要线程模块.impl.cpp:92"	"1"	"const 语素入口节点类* 私有_特征_最近完成时间_摘要() noexcept"	"服务所在模块的内部辅助流程。"	""	"ClCompile"	"控制面板摘要线程模块.impl.cpp:413:                私有_特征_最近完成时间_摘要());"
"present"	"私有_生成页面HTML"	"私有_生成页面HTML"	"控制面板WebView2.cpp:1339"	"1"	"std::string 私有_生成页面HTML(枚举_WebView2窗口用途 用途)"	"根据当前输入生成目标数据、场景、动态或回执。"	""	"ClCompile"	"控制面板WebView2.cpp:1363:        const auto HTML = 私有_生成页面HTML(上下文->用途);"
"present"	"私有_刷新页面"	"私有_刷新页面"	"控制面板WebView2.cpp:1356"	"1"	"void 私有_刷新页面(HWND 窗口) noexcept"	"服务所在模块的内部辅助流程。"	""	"ClCompile"	"控制面板WebView2.cpp:1683:            私有_刷新页面(窗口);"
"present"	"私有_初始化WebView2"	"私有_初始化WebView2"	"控制面板WebView2.cpp:1397"	"1"	"bool 私有_初始化WebView2(HWND 窗口) noexcept"	"初始化相关对象、状态或运行上下文。"	""	"ClCompile"	"控制面板WebView2.cpp:1661:            if (!私有_初始化WebView2(窗口)) {"
"present"	"私有_窗口句柄槽"	"私有_窗口句柄槽"	"控制面板WebView2.cpp:1757"	"1"	"std::atomic<HWND>& 私有_窗口句柄槽(枚举_WebView2窗口用途 用途) noexcept"	"服务所在模块的内部辅助流程。"	""	"ClCompile"	"控制面板WebView2.cpp:1900:            私有_窗口句柄槽(用途).store(窗口);"
"present"	"私有_窗口线程运行中槽"	"私有_窗口线程运行中槽"	"控制面板WebView2.cpp:1778"	"1"	"std::atomic_bool& 私有_窗口线程运行中槽(枚举_WebView2窗口用途 用途) noexcept"	"读取指定窗口用途对应的线程运行标记。"	""	"ClCompile"	"控制面板WebView2.cpp:1848:        结构_窗口线程运行守卫 运行守卫{ 私有_窗口线程运行中槽(用途) };"
"present"	"私有_窗口标题"	"私有_窗口标题"	"控制面板WebView2.cpp:1790"	"1"	"const wchar_t* 私有_窗口标题(枚举_WebView2窗口用途 用途) noexcept"	"服务所在模块的内部辅助流程。"	""	"ClCompile"	"控制面板WebView2.cpp:1876:                私有_窗口标题(用途),"
"present"	"私有_窗口尺寸"	"私有_窗口尺寸"	"控制面板WebView2.cpp:1802"	"1"	"void 私有_窗口尺寸( 枚举_WebView2窗口用途 用途, int& 宽, int& 高) noexcept"	"服务所在模块的内部辅助流程。"	""	"ClCompile"	"控制面板WebView2.cpp:1872:            私有_窗口尺寸(用途, 宽, 高);"
"present"	"私有_文件路径转URI"	"私有_文件路径转URI"	"控制面板WebView2.cpp:189"	"1"	"std::wstring 私有_文件路径转URI(const std::filesystem::path& 路径)"	"把本地 HTML 文件路径转换为 WebView2 可导航的 file URI。"	""	"ClCompile"	"控制面板WebView2.cpp:256:            const auto URI = 私有_文件路径转URI(上下文.当前HTML临时路径);"
"present"	"私有_控制面板HTML临时路径"	"私有_控制面板HTML临时路径"	"控制面板WebView2.cpp:200"	"1"	"std::filesystem::path 私有_控制面板HTML临时路径( HWND 窗口, 枚举_WebView2窗口用途 用途)"	"生成当前 WebView2 窗口复用的临时 HTML 文件路径。"	""	"ClCompile"	"控制面板WebView2.cpp:243:                上下文.当前HTML临时路径 = 私有_控制面板HTML临时路径(窗口, 上下文.用途);"
"present"	"私有_写入控制面板HTML临时文件"	"私有_写入控制面板HTML临时文件"	"控制面板WebView2.cpp:218"	"1"	"bool 私有_写入控制面板HTML临时文件( const std::filesystem::path& 路径, const std::string& HTML) noexcept"	"把 UTF-8 HTML 写入 WebView2 临时文件。"	""	"ClCompile"	"控制面板WebView2.cpp:245:            if (!私有_写入控制面板HTML临时文件(上下文.当前HTML临时路径, HTML)) {"
"present"	"私有_解析详情消息"	"私有_解析详情消息"	"控制面板WebView2.cpp:395"	"1"	"bool 私有_解析详情消息( const std::wstring& 消息, std::uint64_t* 请求号, std::string* 展开类型, std::uintptr_t* 节点指针) noexcept"	"解析输入文本、消息、场景或运行包。"	""	"ClCompile"	"控制面板WebView2.cpp:1597:                                            if (私有_解析详情消息(消息, &请求号, &展开类型, &节点指针)) {"
"present"	"私有_URI百分号解码"	"私有_URI百分号解码"	"控制面板WebView2.cpp:405"	"1"	"std::string 私有_URI百分号解码(std::string_view 文本)"	"解析 URI 百分号编码文本。"	""	"ClCompile"	"控制面板WebView2.cpp:473:            *节点键 = 私有_URI百分号解码("
"present"	"私有_解析SQL子链消息"	"私有_解析SQL子链消息"	"控制面板WebView2.cpp:438"	"1"	"bool 私有_解析SQL子链消息( const std::wstring& 消息, std::uint64_t* 请求号, std::string* 区段ID, std::string* 节点键) noexcept"	"解析 SQL 控制面板树子链读取消息。"	""	"ClCompile"	"控制面板WebView2.cpp:1562:                                            if (私有_解析SQL子链消息(消息, &请求号, &SQL区段ID, &SQL节点键)) {"
"present"	"私有_解析线程池大小设置消息"	"私有_解析线程池大小设置消息"	"控制面板WebView2.cpp:480"	"1"	"bool 私有_解析线程池大小设置消息( const std::wstring& 消息, std::uint64_t* worker数量) noexcept"	"设置对象字段、状态或运行参数。"	""	"ClCompile"	"控制面板WebView2.cpp:1537:                                            if (私有_解析线程池大小设置消息(消息, &worker数量)) {"
"present"	"私有_加载器候选路径"	"私有_加载器候选路径"	"控制面板WebView2.cpp:511"	"1"	"std::vector<std::filesystem::path> 私有_加载器候选路径()"	"服务所在模块的内部辅助流程。"	""	"ClCompile"	"控制面板WebView2.cpp:548:        for (const auto& 路径 : 私有_加载器候选路径()) {"
"present"	"私有_加载创建函数"	"私有_加载创建函数"	"控制面板WebView2.cpp:544"	"1"	"CreateCoreWebView2EnvironmentWithOptionsFn 私有_加载创建函数(HMODULE* 加载器模块) noexcept"	"创建并返回或登记对应对象。"	""	"ClCompile"	"控制面板WebView2.cpp:1406:        auto* 创建环境 = 私有_加载创建函数(&上下文->加载器模块);"
"present"	"私有_计算相机显示尺寸"	"私有_计算相机显示尺寸"	"控制面板WebView2.cpp:655"	"1"	"void 私有_计算相机显示尺寸(int 源宽, int 源高, int& 宽, int& 高) noexcept"	"计算权重、状态、差值或派生结果。"	""	"ClCompile"	"控制面板WebView2.cpp:761:        私有_计算相机显示尺寸(输出.源宽, 输出.源高, 输出.宽, 输出.高);"
"present"	"私有_确保相机播放外设线程"	"私有_确保相机播放外设线程"	"控制面板WebView2.cpp:709"	"1"	"bool 私有_确保相机播放外设线程(std::string& 消息) noexcept"	"确保目标结构、状态或前置条件存在并可用。"	""	"ClCompile"	"控制面板WebView2.cpp:774:            if (确保启动 && !私有_确保相机播放外设线程(外设线程消息)) {"
"present"	"私有_构建相机帧JSON数据"	"私有_构建相机帧JSON数据"	"控制面板WebView2.cpp:741"	"1"	"结构_相机帧JSON 私有_构建相机帧JSON数据(const 结构_D455控制面板视频快照& 快照)"	"构建运行所需的数据结构或中间结果。"	""	"ClCompile"	"控制面板WebView2.cpp:780:            auto 输出 = 私有_构建相机帧JSON数据(读取最新D455控制面板视频快照());"
"present"	"私有_读取相机帧"	"私有_读取相机帧"	"控制面板WebView2.cpp:770"	"1"	"结构_相机帧JSON 私有_读取相机帧(bool 确保启动)"	"从指定来源读取数据或状态。"	""	"ClCompile"	"控制面板WebView2.cpp:1528:                                                私有_发送相机帧到页面(窗口, 私有_读取相机帧(true));"
"present"	"私有_相机帧JSON文本"	"私有_相机帧JSON文本"	"控制面板WebView2.cpp:823"	"1"	"std::string 私有_相机帧JSON文本(const 结构_相机帧JSON& 帧)"	"服务所在模块的内部辅助流程。"	""	"ClCompile"	"控制面板WebView2.cpp:862:        const auto JSON = 私有_相机帧JSON文本(帧);"
"present"	"私有_发送相机窗口状态到页面"	"私有_发送相机窗口状态到页面"	"控制面板WebView2.cpp:872"	"1"	"void 私有_发送相机窗口状态到页面(HWND 窗口, bool 成功, std::string_view 消息) noexcept"	"服务所在模块的内部辅助流程。"	""	"ClCompile"	"控制面板WebView2.cpp:1513:                                                私有_发送相机窗口状态到页面("
"present"	"私有_发送自我场景窗口状态到页面"	"私有_发送自我场景窗口状态到页面"	"控制面板WebView2.cpp:893"	"1"	"void 私有_发送自我场景窗口状态到页面(HWND 窗口, bool 成功, std::string_view 消息) noexcept"	"服务所在模块的内部辅助流程。"	""	"ClCompile"	"控制面板WebView2.cpp:1521:                                                私有_发送自我场景窗口状态到页面("
"present"	"私有_生成相机播放HTML"	"私有_生成相机播放HTML"	"控制面板WebView2.cpp:945"	"1"	"std::string 私有_生成相机播放HTML()"	"根据当前输入生成目标数据、场景、动态或回执。"	""	"ClCompile"	"控制面板WebView2.cpp:1342:            return 私有_生成相机播放HTML();"
"present"	"私有_任务树SQL视图脚本"	"私有_任务树SQL视图脚本"	"任务类.cpp:1008"	"1"	"std::string 私有_任务树SQL视图脚本()"	"服务所在模块的内部辅助流程。"	""	"ClCompile"	"任务类.cpp:1180:            || !私有_执行任务树ADO命令(投影库连接串, ""任务树SQL投影视图"", 私有_任务树SQL视图脚本(), 错误)"
"present"	"私有_构造任务树SQL重写脚本"	"私有_构造任务树SQL重写脚本"	"任务类.cpp:1050"	"1"	"std::string 私有_构造任务树SQL重写脚本( const std::vector<结构_任务树SQL行>& 行集, const std::string& 来源原因, const std::string& 根主键)"	"服务所在模块的内部辅助流程。"	""	"ClCompile"	"任务类.cpp:1181:            || !私有_执行任务树ADO命令(投影库连接串, ""任务树SQL投影重写"", 私有_构造任务树SQL重写脚本(行集, 原因文本, 根主键), 错误)) {"
"present"	"私有_构建任务虚拟存在概念集"	"私有_构建任务虚拟存在概念集"	"任务类.cpp:117"	"1"	"std::vector<存在节点类*> 私有_构建任务虚拟存在概念集(const 任务节点* 任务头结点) noexcept"	"构建运行所需的数据结构或中间结果。"	""	"ClCompile"	"任务类.cpp:168:        for (auto* 概念 : 私有_构建任务虚拟存在概念集(任务头结点)) {"
"present"	"任务类::写入任务根实体特征"	"写入任务根实体特征"	"任务类.cpp:1365"	"1"	"bool 任务类::写入任务根实体特征( 节点类* 任务头结点, std::uint64_t 任务根ID, std::uintptr_t 来源需求指针, std::uintptr_t 世界任务根指针, std::uintptr_t 父任务指针, std::uintptr_t 管理对象任务指针, I64 初始授权等级, bool 只读, 场景节点类* 承载场景, 时间戳 now)"	"把处理结果写入指定对象、场景或日志。"	""	"ClCompile"	"任务类.h:48:    static bool 写入任务根实体特征("
"present"	"任务类::写入任务控制实体特征"	"写入任务控制实体特征"	"任务类.cpp:1393"	"1"	"bool 任务类::写入任务控制实体特征( 节点类* 任务头结点, std::uint64_t 任务根ID, I64 队列状态值, I64 全局优先级, I64 解阻加权, I64 时间预算_ms, I64 资源预算, std::uint64_t 绑定工作线程ID, bool 已派发, bool 等待子结果, bool 请求收束, bool 请求停止, bool 是否已响应控制意图, bool 控制请求待确认, 场景节点类* 承载场景, 时间戳 now)"	"把处理结果写入指定对象、场景或日志。"	""	"ClCompile"	"任务类.h:60:    static bool 写入任务控制实体特征("
"present"	"任务类::写入任务局部运行实体特征"	"写入任务局部运行实体特征"	"任务类.cpp:1433"	"1"	"bool 任务类::写入任务局部运行实体特征( 节点类* 任务头结点, std::uint64_t 任务根ID, I64 当前状态值, std::uintptr_t 当前步骤前沿, std::uintptr_t 最近局部结果, I64 局部完成度, 场景节点类* 承载场景, 时间戳 now)"	"把处理结果写入指定对象、场景或日志。"	""	"ClCompile"	"任务类.h:78:    static bool 写入任务局部运行实体特征("
"present"	"任务类::读取任务创建时间"	"读取任务创建时间"	"任务类.cpp:1599"	"1"	"时间戳 任务类::读取任务创建时间( const 节点类* 任务节点, 时间戳 默认值) noexcept"	"从指定来源读取数据或状态。"	""	"ClCompile"	"任务类.h:121:    static 时间戳 读取任务创建时间("
"present"	"私有_取方法节点"	"私有_取方法节点"	"任务类.cpp:175"	"1"	"const 方法节点* 私有_取方法节点(const 方法节点类* 节点) noexcept"	"服务所在模块的内部辅助流程。"	""	"ClCompile"	"任务类.cpp:56:    方法节点* 私有_取方法节点(方法节点类* 节点) noexcept"
"present"	"任务类::读取任务管理对象或自身"	"读取任务管理对象或自身"	"任务类.cpp:1760"	"1"	"任务类::节点类* 任务类::读取任务管理对象或自身(节点类* 任务节点) noexcept"	"从指定来源读取数据或状态。"	""	"ClCompile"	"任务类.h:152:    static 节点类* 读取任务管理对象或自身(节点类* 任务节点) noexcept;"
"present"	"任务类::任务管理对象指向"	"任务管理对象指向"	"任务类.cpp:1773"	"1"	"bool 任务类::任务管理对象指向(const 节点类* 任务节点, const 节点类* 目标任务) noexcept"	"按函数名执行对应处理。"	""	"ClCompile"	"任务类.h:153:    static bool 任务管理对象指向(const 节点类* 任务节点, const 节点类* 目标任务) noexcept;"
"present"	"任务类::写入任务管理对象任务"	"写入任务管理对象任务"	"任务类.cpp:1790"	"1"	"bool 任务类::写入任务管理对象任务( 节点类* 任务节点, 节点类* 管理对象任务, 场景节点类* 承载场景, 时间戳 now) noexcept"	"把处理结果写入指定对象、场景或日志。"	""	"ClCompile"	"任务类.h:154:    static bool 写入任务管理对象任务("
"present"	"私有_解析需求引用"	"私有_解析需求引用"	"任务类.cpp:202"	"1"	"需求节点类* 私有_解析需求引用( const 可解析引用<需求节点类>& 引用) noexcept"	"解析输入文本、消息、场景或运行包。"	""	"ClCompile"	"任务类.cpp:1479:    return 私有_解析需求引用(读取任务对应需求引用(任务节点));"
"present"	"任务类::写入任务局部优先级偏移"	"写入任务局部优先级偏移"	"任务类.cpp:2082"	"1"	"bool 任务类::写入任务局部优先级偏移(节点类* 任务头结点, I64 值, 场景节点类* 承载场景, 时间戳 now)"	"把处理结果写入指定对象、场景或日志。"	""	"ClCompile"	"任务类.h:214:    static bool 写入任务局部优先级偏移(节点类* 任务头结点, I64 值, 场景节点类* 承载场景 = nullptr, 时间戳 now = 结构体_时间戳::当前_微秒());"
"present"	"任务类::写入任务运行次数"	"写入任务运行次数"	"任务类.cpp:2178"	"1"	"bool 任务类::写入任务运行次数(节点类* 任务头结点, I64 值, 场景节点类* 承载场景, 时间戳 now)"	"把处理结果写入指定对象、场景或日志。"	""	"ClCompile"	"任务类.h:230:    static bool 写入任务运行次数(节点类* 任务头结点, I64 值, 场景节点类* 承载场景 = nullptr, 时间戳 now = 结构体_时间戳::当前_微秒());"
"present"	"任务类::写入任务成功次数"	"写入任务成功次数"	"任务类.cpp:2190"	"1"	"bool 任务类::写入任务成功次数(节点类* 任务头结点, I64 值, 场景节点类* 承载场景, 时间戳 now)"	"把处理结果写入指定对象、场景或日志。"	""	"ClCompile"	"任务类.h:232:    static bool 写入任务成功次数(节点类* 任务头结点, I64 值, 场景节点类* 承载场景 = nullptr, 时间戳 now = 结构体_时间戳::当前_微秒());"
"present"	"任务类::写入任务失败次数"	"写入任务失败次数"	"任务类.cpp:2202"	"1"	"bool 任务类::写入任务失败次数(节点类* 任务头结点, I64 值, 场景节点类* 承载场景, 时间戳 now)"	"把处理结果写入指定对象、场景或日志。"	""	"ClCompile"	"任务类.h:234:    static bool 写入任务失败次数(节点类* 任务头结点, I64 值, 场景节点类* 承载场景 = nullptr, 时间戳 now = 结构体_时间戳::当前_微秒());"
"present"	"任务类::写入任务连续失败次数"	"写入任务连续失败次数"	"任务类.cpp:2214"	"1"	"bool 任务类::写入任务连续失败次数(节点类* 任务头结点, I64 值, 场景节点类* 承载场景, 时间戳 now)"	"把处理结果写入指定对象、场景或日志。"	""	"ClCompile"	"任务类.h:236:    static bool 写入任务连续失败次数(节点类* 任务头结点, I64 值, 场景节点类* 承载场景 = nullptr, 时间戳 now = 结构体_时间戳::当前_微秒());"
"present"	"任务类::写入任务转入缺口需求次数"	"写入任务转入缺口需求次数"	"任务类.cpp:2226"	"1"	"bool 任务类::写入任务转入缺口需求次数(节点类* 任务头结点, I64 值, 场景节点类* 承载场景, 时间戳 now)"	"把处理结果写入指定对象、场景或日志。"	""	"ClCompile"	"任务类.h:238:    static bool 写入任务转入缺口需求次数(节点类* 任务头结点, I64 值, 场景节点类* 承载场景 = nullptr, 时间戳 now = 结构体_时间戳::当前_微秒());"
"present"	"任务类::写入任务最近错误码"	"写入任务最近错误码"	"任务类.cpp:2238"	"1"	"bool 任务类::写入任务最近错误码(节点类* 任务头结点, I64 值, 场景节点类* 承载场景, 时间戳 now)"	"把处理结果写入指定对象、场景或日志。"	""	"ClCompile"	"任务类.h:240:    static bool 写入任务最近错误码(节点类* 任务头结点, I64 值, 场景节点类* 承载场景 = nullptr, 时间戳 now = 结构体_时间戳::当前_微秒());"
"present"	"任务类::同步任务特征使用统计"	"同步任务特征使用统计"	"任务类.cpp:2244"	"1"	"bool 任务类::同步任务特征使用统计( 节点类* 任务头结点, const 结构_特征使用统计& 统计, 枚举_特征生命周期 生命周期, 场景节点类* 承载场景, 时间戳 now)"	"同步线程、任务、场景或对象之间的状态。"	""	"ClCompile"	"任务类.h:242:    static bool 同步任务特征使用统计("
"present"	"任务类::读取任务特征账本生命周期标准特征"	"读取任务特征账本生命周期标准特征"	"任务类.cpp:2263"	"1"	"I64 任务类::读取任务特征账本生命周期标准特征( 节点类* 任务头结点, I64 默认值, 场景节点类* 承载场景, 时间戳 now)"	"从指定来源读取数据或状态。"	""	"ClCompile"	"任务类.h:249:    I64 读取任务特征账本生命周期标准特征("
"present"	"私有_取需求目标状态"	"私有_取需求目标状态"	"任务类.cpp:235"	"1"	"状态节点类* 私有_取需求目标状态(需求节点类* 来源需求) noexcept"	"服务所在模块的内部辅助流程。"	""	"ClCompile"	"任务类.cpp:2304:    私有_写入引用(主信息.目标状态, 私有_取需求目标状态(来源需求));"
"present"	"私有_取需求当前状态"	"私有_取需求当前状态"	"任务类.cpp:241"	"1"	"状态节点类* 私有_取需求当前状态(需求节点类* 来源需求) noexcept"	"服务所在模块的内部辅助流程。"	""	"ClCompile"	"任务类.cpp:2305:    私有_写入引用(主信息.实际结果状态, 私有_取需求当前状态(来源需求));"
"present"	"私有_默认任务名称词"	"私有_默认任务名称词"	"任务类.cpp:287"	"1"	"const 语素入口节点类* 私有_默认任务名称词(需求节点类* 来源需求) noexcept"	"服务所在模块的内部辅助流程。"	""	"ClCompile"	"任务类.cpp:2299:    主信息.名称 = 私有_默认任务名称词(来源需求);"
"present"	"私有_默认任务类型词"	"私有_默认任务类型词"	"任务类.cpp:303"	"1"	"const 语素入口节点类* 私有_默认任务类型词(需求节点类* 来源需求) noexcept"	"服务所在模块的内部辅助流程。"	""	"ClCompile"	"任务类.cpp:2300:    主信息.类型 = 私有_默认任务类型词(来源需求);"
"present"	"私有_任务虚拟存在类型词"	"私有_任务虚拟存在类型词"	"任务类.cpp:314"	"1"	"const 语素入口节点类* 私有_任务虚拟存在类型词() noexcept"	"服务所在模块的内部辅助流程。"	""	"ClCompile"	"任务类.cpp:768:            私有_任务虚拟存在类型词());"
"present"	"私有_任务虚拟存在名称词"	"私有_任务虚拟存在名称词"	"任务类.cpp:323"	"1"	"const 语素入口节点类* 私有_任务虚拟存在名称词(const 任务节点* 节点) noexcept"	"服务所在模块的内部辅助流程。"	""	"ClCompile"	"任务类.cpp:767:            私有_任务虚拟存在名称词(任务头结点),"
"present"	"私有_任务虚拟存在内部世界名称词"	"私有_任务虚拟存在内部世界名称词"	"任务类.cpp:334"	"1"	"const 语素入口节点类* 私有_任务虚拟存在内部世界名称词(const 任务节点* 节点) noexcept"	"服务所在模块的内部辅助流程。"	""	"ClCompile"	"任务类.cpp:777:            私有_任务虚拟存在内部世界名称词(任务头结点));"
"present"	"私有_写入任务特征使用统计"	"私有_写入任务特征使用统计"	"任务类.cpp:523"	"1"	"bool 私有_写入任务特征使用统计( 存在节点类* 任务虚拟存在, const 结构_特征使用统计& 统计, 枚举_特征生命周期 生命周期, 时间戳 now) noexcept"	"把处理结果写入指定对象、场景或日志。"	""	"ClCompile"	"任务类.cpp:2259:    return 私有_写入任务特征使用统计(任务虚拟存在, 统计, 生命周期, now);"
"present"	"私有_取方法节点"	"私有_取方法节点"	"任务类.cpp:56"	"1"	"方法节点* 私有_取方法节点(方法节点类* 节点) noexcept"	"服务所在模块的内部辅助流程。"	""	"ClCompile"	"任务类.cpp:175:    const 方法节点* 私有_取方法节点(const 方法节点类* 节点) noexcept"
"present"	"私有_任务方法候选已存在"	"私有_任务方法候选已存在"	"任务类.cpp:62"	"1"	"bool 私有_任务方法候选已存在( const 存在节点类* 任务虚拟存在, const 存在节点类* 方法虚拟存在) noexcept"	"服务所在模块的内部辅助流程。"	""	"ClCompile"	"任务类.cpp:1902:    if (私有_任务方法候选已存在(任务虚拟存在, 方法虚拟存在)) {"
"present"	"私有_读取任务指针特征"	"私有_读取任务指针特征"	"任务类.cpp:656"	"1"	"void* 私有_读取任务指针特征( const 任务节点* 任务头结点, const 语素入口节点类* 特征类型) noexcept"	"从指定来源读取数据或状态。"	""	"ClCompile"	"任务类.cpp:1817:    if (auto* 指针 = 私有_读取任务指针特征("
"present"	"私有_推导基准优先级"	"私有_推导基准优先级"	"任务类.cpp:726"	"1"	"I64 私有_推导基准优先级(需求节点类* 来源需求, 任务节点* 父任务头结点) noexcept"	"服务所在模块的内部辅助流程。"	""	"ClCompile"	"任务类.cpp:2303:    const auto 基准优先级 = 私有_推导基准优先级(来源需求, 父任务头结点);"
"present"	"私有_任务树SQL投影互斥"	"私有_任务树SQL投影互斥"	"任务类.cpp:805"	"1"	"std::mutex& 私有_任务树SQL投影互斥() noexcept"	"服务所在模块的内部辅助流程。"	""	"ClCompile"	"任务类.cpp:1160:    std::lock_guard<std::mutex> SQL锁{ 私有_任务树SQL投影互斥() };"
"present"	"私有_任务SQL节点种类文本"	"私有_任务SQL节点种类文本"	"任务类.cpp:847"	"1"	"const char* 私有_任务SQL节点种类文本(const 枚举_任务节点种类 种类) noexcept"	"服务所在模块的内部辅助流程。"	""	"ClCompile"	"任务类.cpp:905:        行.节点种类文本 = 私有_任务SQL节点种类文本(节点种类);"
"present"	"私有_任务SQL状态文本"	"私有_任务SQL状态文本"	"任务类.cpp:856"	"1"	"const char* 私有_任务SQL状态文本(const 枚举_任务状态 状态) noexcept"	"服务所在模块的内部辅助流程。"	""	"ClCompile"	"任务类.cpp:907:        行.任务状态文本 = 私有_任务SQL状态文本(任务状态);"
"present"	"私有_存在节点相同"	"私有_存在节点相同"	"任务类.cpp:90"	"1"	"bool 私有_存在节点相同(const 存在节点类* 左, const 存在节点类* 右) noexcept"	"服务所在模块的内部辅助流程。"	""	"ClCompile"	"任务类.cpp:108:            if (私有_存在节点相同(已有, 节点)) {"
"present"	"私有_任务树SQL建库脚本"	"私有_任务树SQL建库脚本"	"任务类.cpp:942"	"1"	"std::string 私有_任务树SQL建库脚本()"	"服务所在模块的内部辅助流程。"	""	"ClCompile"	"任务类.cpp:1178:        if (!私有_执行任务树ADO命令(主库连接串, ""任务树SQL投影建库"", 私有_任务树SQL建库脚本(), 错误)"
"present"	"私有_任务树SQL建表脚本"	"私有_任务树SQL建表脚本"	"任务类.cpp:950"	"1"	"std::string 私有_任务树SQL建表脚本()"	"服务所在模块的内部辅助流程。"	""	"ClCompile"	"任务类.cpp:1179:            || !私有_执行任务树ADO命令(投影库连接串, ""任务树SQL投影建表"", 私有_任务树SQL建表脚本(), 错误)"
"present"	"是泛化学习信息补齐派生消息"	"是泛化学习信息补齐派生消息"	"任务模块.筹办.ixx:189"	"1"	"bool 是泛化学习信息补齐派生消息( const 结构_任务管理派生需求消息& 消息) noexcept"	"补齐条件、参数、证据或方法能力缺口。"	""	"ClCompile"	"任务模块.筹办.ixx:218:            if (是泛化学习信息补齐派生消息(消息)) {"
"present"	"丢弃已绑定方法时的泛化学习缺口"	"丢弃已绑定方法时的泛化学习缺口"	"任务模块.筹办.ixx:203"	"1"	"void 丢弃已绑定方法时的泛化学习缺口( 任务模块::筹办::结构_任务筹办结果& 结果, const 任务节点* 任务头, const 需求节点* 来源需求, const 方法节点* 目标方法, const char* 原因) noexcept"	"建立对象、任务、方法或因果之间的绑定关系。"	""	"ClCompile"	"任务模块.筹办.ixx:5689:    丢弃已绑定方法时的泛化学习缺口("
"present"	"特征_筹办_观察质量改善路径验证状态"	"特征_筹办_观察质量改善路径验证状态"	"任务模块.筹办.ixx:273"	"1"	"const 语素入口节点类* 特征_筹办_观察质量改善路径验证状态() noexcept"	"推进任务筹办，形成候选、缺口或就绪回执。"	""	"ClCompile"	"任务模块.筹办.ixx:1717:        项.派生目标特征类型 = 特征_筹办_观察质量改善路径验证状态();"
"present"	"写入方法候选引用"	"写入方法候选引用"	"任务模块.筹办.ixx:357"	"1"	"void 写入方法候选引用( std::vector<可解析引用<方法节点类>>& 输出, 方法节点* 节点) noexcept"	"把处理结果写入指定对象、场景或日志。"	""	"ClCompile"	"任务模块.筹办.ixx:5644:        写入方法候选引用(结果.回执.候选方法集, 候选方法);"
"present"	"写入场景节点引用"	"写入场景节点引用"	"任务模块.筹办.ixx:399"	"1"	"void 写入场景节点引用(可解析引用<场景节点类>& 输出, 场景节点类* 节点) noexcept"	"把处理结果写入指定对象、场景或日志。"	""	"ClCompile"	"任务模块.筹办.ixx:4944:        写入场景节点引用("
"present"	"状态节点目标特征类型"	"状态节点目标特征类型"	"任务模块.筹办.ixx:449"	"1"	"const 语素入口节点类* 状态节点目标特征类型(const 状态节点类* 状态节点) noexcept"	"按函数名执行对应处理。"	""	"ClCompile"	"任务模块.筹办.ixx:1396:        const auto* 目标特征类型 = 状态节点目标特征类型(目标状态);"
"present"	"需求目标方向编码"	"需求目标方向编码"	"任务模块.筹办.ixx:483"	"1"	"std::int32_t 需求目标方向编码(const 需求节点* 来源需求) noexcept"	"按函数名执行对应处理。"	""	"ClCompile"	"任务模块.筹办.ixx:2732:        const auto 方向编码 = 需求目标方向编码(来源需求);"
"present"	"特征_OR组结算令牌状态_筹办"	"特征_OR组结算令牌状态_筹办"	"任务模块.筹办.ixx:516"	"1"	"const 语素入口节点类* 特征_OR组结算令牌状态_筹办() noexcept"	"推进任务筹办，形成候选、缺口或就绪回执。"	""	"ClCompile"	"任务模块.筹办.ixx:5813:        结果.回执.缺口特征类型 = 特征_OR组结算令牌状态_筹办();"
"present"	"需求目标语义视图_筹办"	"需求目标语义视图_筹办"	"任务模块.筹办.ixx:526"	"1"	"结构_需求目标语义视图_筹办 需求目标语义视图_筹办( const 语素入口节点类* 目标特征类型) noexcept"	"推进任务筹办，形成候选、缺口或就绪回执。"	""	"ClCompile"	"任务模块.筹办.ixx:5489:    const auto 目标语义视图 = 需求目标语义视图_筹办(目标特征类型);"
"present"	"返回目标语义非普通筹办等待"	"返回目标语义非普通筹办等待"	"任务模块.筹办.ixx:654"	"1"	"bool 返回目标语义非普通筹办等待( 任务模块::筹办::结构_任务筹办结果& 结果, const 任务节点* 任务头, const 需求节点* 来源需求, const 结构_需求目标语义视图_筹办& 视图) noexcept"	"等待线程、任务、外设或条件变化。"	""	"ClCompile"	"任务模块.筹办.ixx:5490:    if (返回目标语义非普通筹办等待("
"present"	"满足来源文本_筹办"	"满足来源文本_筹办"	"任务模块.筹办.ixx:844"	"1"	"const char* 满足来源文本_筹办( const 需求节点* 需求, const 结构_筹办生命周期判断结果_筹办& 判断) noexcept"	"推进任务筹办，形成候选、缺口或就绪回执。"	""	"ClCompile"	"任务模块.筹办.ixx:932:                << "" | 来源="" << 满足来源文本_筹办(需求, 判断);"
"present"	"记录需求满足项追踪_筹办"	"记录需求满足项追踪_筹办"	"任务模块.筹办.ixx:861"	"1"	"void 记录需求满足项追踪_筹办( const 任务节点* 任务头, const 需求节点* 来源需求, const 结构_筹办生命周期判断结果_筹办& 当前需求判断) noexcept"	"记录日志、动态、证据或运行痕迹。"	""	"ClCompile"	"任务模块.筹办.ixx:5434:    记录需求满足项追踪_筹办(任务头, 来源需求, 满足判断);"
"present"	"存在活动直接子需求"	"存在活动直接子需求"	"任务模块.筹办.ixx:967"	"1"	"bool 存在活动直接子需求(const 需求节点* 需求) noexcept"	"按函数名执行对应处理。"	""	"ClCompile"	"任务模块.筹办.ixx:5451:    if (来源需求 && 存在活动直接子需求(来源需求)) {"
"present"	"私有_执行输出特征_派生需求"	"私有_执行输出特征_派生需求"	"任务模块.管理工作线程.ixx:1040"	"1"	"const 语素入口节点类* 私有_执行输出特征_派生需求() noexcept"	"执行任务、方法或动作的主体逻辑。"	""	"ClCompile"	"任务模块.管理工作线程.ixx:1530:        私有_执行输出特征_派生需求(),"
"present"	"私有_执行输出特征_失败原因"	"私有_执行输出特征_失败原因"	"任务模块.管理工作线程.ixx:1047"	"1"	"const 语素入口节点类* 私有_执行输出特征_失败原因() noexcept"	"执行任务、方法或动作的主体逻辑。"	""	"ClCompile"	"任务模块.管理工作线程.ixx:1543:        私有_执行输出特征_失败原因(),"
"present"	"私有_任务特征词_工作线程"	"私有_任务特征词_工作线程"	"任务模块.管理工作线程.ixx:1095"	"1"	"const 语素入口节点类* 私有_任务特征词_工作线程(const char* 名称) noexcept"	"服务所在模块的内部辅助流程。"	""	"ClCompile"	"任务模块.管理工作线程.ixx:1104:    return 私有_任务特征词_工作线程(名称);"
"present"	"私有_外设内部材料字段词_工作线程"	"私有_外设内部材料字段词_工作线程"	"任务模块.管理工作线程.ixx:1103"	"1"	"const 语素入口节点类* 私有_外设内部材料字段词_工作线程(const char* 名称) noexcept"	"服务所在模块的内部辅助流程。"	""	"ClCompile"	"任务模块.管理工作线程.ixx:1143:        const auto* 字段词 = 私有_外设内部材料字段词_工作线程(字段名);"
"present"	"私有_记录执行目标状态读取"	"私有_记录执行目标状态读取"	"任务模块.管理工作线程.ixx:1444"	"1"	"void 私有_记录执行目标状态读取( const 任务节点* 任务, const 需求节点* 需求, const 方法节点* 方法, const 结构_执行任务结果& 执行结果, const 语素入口节点类* 特征类型, const 状态节点类* 目标状态, const 状态节点类* 实际状态) noexcept"	"从指定来源读取数据或状态。"	""	"ClCompile"	"任务模块.管理工作线程.ixx:2140:    私有_记录执行目标状态读取("
"present"	"私有_记录执行目标状态比较"	"私有_记录执行目标状态比较"	"任务模块.管理工作线程.ixx:1486"	"1"	"void 私有_记录执行目标状态比较( const 任务节点* 任务, const 需求节点* 需求, const 方法节点* 方法, const 语素入口节点类* 特征类型, const 状态节点类* 目标状态, const 状态节点类* 实际状态, const 结构_特征状态比较结果& 比较, 三向关系掩码 目标满足关系) noexcept"	"记录日志、动态、证据或运行痕迹。"	""	"ClCompile"	"任务模块.管理工作线程.ixx:2207:    私有_记录执行目标状态比较("
"present"	"私有_任务目标特征类型"	"私有_任务目标特征类型"	"任务模块.管理工作线程.ixx:1633"	"1"	"const 语素入口节点类* 私有_任务目标特征类型( const 任务节点* 任务, const 需求节点* 需求) noexcept"	"服务所在模块的内部辅助流程。"	""	"ClCompile"	"任务模块.管理工作线程.ixx:1964:    回执.目标特征类型 = 私有_任务目标特征类型(任务, 需求);"
"present"	"私有_状态主体同一_工作线程"	"私有_状态主体同一_工作线程"	"任务模块.管理工作线程.ixx:1672"	"1"	"bool 私有_状态主体同一_工作线程( const 状态节点类* 左, const 状态节点类* 右) noexcept"	"服务所在模块的内部辅助流程。"	""	"ClCompile"	"任务模块.管理工作线程.ixx:1696:    if (!私有_状态主体同一_工作线程(左, 右)) {"
"present"	"私有_状态目标同一_工作线程"	"私有_状态目标同一_工作线程"	"任务模块.管理工作线程.ixx:1690"	"1"	"bool 私有_状态目标同一_工作线程( const 状态节点类* 左, const 状态节点类* 右) noexcept"	"服务所在模块的内部辅助流程。"	""	"ClCompile"	"任务模块.管理工作线程.ixx:3033:        私有_状态目标同一_工作线程(派生目标状态, 来源目标状态);"
"present"	"私有_任务推进状况是学习承接缺口"	"私有_任务推进状况是学习承接缺口"	"任务模块.管理工作线程.ixx:1787"	"1"	"bool 私有_任务推进状况是学习承接缺口( const 任务模块::筹办::枚举_任务推进状况 状况) noexcept"	"服务所在模块的内部辅助流程。"	""	"ClCompile"	"任务模块.管理工作线程.ixx:3052:        && 私有_任务推进状况是学习承接缺口(推进回执.状况)"
"present"	"私有_任务根节点取任务"	"私有_任务根节点取任务"	"任务模块.管理工作线程.ixx:184"	"1"	"任务节点* 私有_任务根节点取任务(const 结构_任务根节点& 根节点) noexcept"	"服务所在模块的内部辅助流程。"	""	"ClCompile"	"任务模块.管理工作线程.ixx:2728:    auto* 任务 = 私有_任务根节点取任务(任务根节点);"
"present"	"私有_任务根节点取管理对象任务"	"私有_任务根节点取管理对象任务"	"任务模块.管理工作线程.ixx:196"	"1"	"任务节点* 私有_任务根节点取管理对象任务(const 结构_任务根节点& 根节点) noexcept"	"服务所在模块的内部辅助流程。"	""	"ClCompile"	"任务模块.管理工作线程.ixx:3584:        私有_任务根节点取管理对象任务(根节点),"
"present"	"私有_写入任务节点引用"	"私有_写入任务节点引用"	"任务模块.管理工作线程.ixx:204"	"1"	"void 私有_写入任务节点引用( 可解析引用<任务节点类>& 输出, 任务节点* 节点) noexcept"	"把处理结果写入指定对象、场景或日志。"	""	"ClCompile"	"任务模块.管理工作线程.ixx:1956:    私有_写入任务节点引用(回执.当前任务, const_cast<任务节点*>(任务));"
"present"	"私有_写入方法节点引用"	"私有_写入方法节点引用"	"任务模块.管理工作线程.ixx:222"	"1"	"void 私有_写入方法节点引用( 可解析引用<方法节点类>& 输出, 方法类::节点类* 节点) noexcept"	"把处理结果写入指定对象、场景或日志。"	""	"ClCompile"	"任务模块.管理工作线程.ixx:1963:    私有_写入方法节点引用(回执.当前方法, 回执方法);"
"present"	"私有_特征_目标方法头节点"	"私有_特征_目标方法头节点"	"任务模块.管理工作线程.ixx:255"	"1"	"const 语素入口节点类* 私有_特征_目标方法头节点() noexcept"	"服务所在模块的内部辅助流程。"	""	"ClCompile"	"任务模块.管理界面线程.impl.cpp:1122:const 语素入口节点类* 私有_特征_目标方法头节点() noexcept"
"present"	"私有_值_执行缺口_当前方法执行失败"	"私有_值_执行缺口_当前方法执行失败"	"任务模块.管理工作线程.ixx:294"	"1"	"const 语素入口节点类* 私有_值_执行缺口_当前方法执行失败() noexcept"	"执行任务、方法或动作的主体逻辑。"	""	"ClCompile"	"任务模块.管理工作线程.ixx:301:    return 语素入口同一(缺口类型, 私有_值_执行缺口_当前方法执行失败());"
"present"	"私有_值_执行缺口_方法运行回执未闭环"	"私有_值_执行缺口_方法运行回执未闭环"	"任务模块.管理工作线程.ixx:297"	"1"	"const 语素入口节点类* 私有_值_执行缺口_方法运行回执未闭环() noexcept"	"执行对应模块、线程或方法的运行逻辑。"	""	"ClCompile"	"任务模块.管理工作线程.ixx:2085:            : 私有_值_执行缺口_方法运行回执未闭环();"
"present"	"私有_执行缺口表示动作失败"	"私有_执行缺口表示动作失败"	"任务模块.管理工作线程.ixx:300"	"1"	"bool 私有_执行缺口表示动作失败(const 语素入口节点类* 缺口类型) noexcept"	"执行任务、方法或动作的主体逻辑。"	""	"ClCompile"	"任务模块.管理工作线程.ixx:2055:            && !私有_执行缺口表示动作失败(执行缺口类型)) {"
"present"	"私有_读基础节点I64特征"	"私有_读基础节点I64特征"	"任务模块.管理工作线程.ixx:316"	"1"	"bool 私有_读基础节点I64特征( const 基础信息节点类* 宿主, const 语素入口节点类* 特征类型, I64& 输出值) noexcept"	"服务所在模块的内部辅助流程。"	""	"ClCompile"	"任务模块.管理工作线程.ixx:1161:    return 私有_读基础节点I64特征("
"present"	"私有_调用任务筹办普通函数"	"私有_调用任务筹办普通函数"	"任务模块.管理工作线程.ixx:333"	"1"	"任务模块::筹办::结构_任务筹办结果 私有_调用任务筹办普通函数( 自我类& 自我对象, 任务节点* 任务, 时间戳 now) noexcept"	"推进任务筹办，形成候选、缺口或就绪回执。"	""	"ClCompile"	"任务模块.管理工作线程.ixx:2741:            const auto 筹办结果 = 私有_调用任务筹办普通函数(自我对象, 任务, now);"
"present"	"私有_调用任务执行普通函数"	"私有_调用任务执行普通函数"	"任务模块.管理工作线程.ixx:346"	"1"	"结构_执行任务结果 私有_调用任务执行普通函数( 任务节点* 任务, 时间戳 now, 任务模块::筹办::结构_任务推进回执* 输出回执) noexcept"	"执行任务、方法或动作的主体逻辑。"	""	"ClCompile"	"任务模块.管理工作线程.ixx:2880:            执行结果 = 私有_调用任务执行普通函数(任务, now, &执行回执);"
"present"	"私有_从执行结果推导界面任务状态"	"私有_从执行结果推导界面任务状态"	"任务模块.管理工作线程.ixx:404"	"1"	"枚举_任务状态 私有_从执行结果推导界面任务状态( const 结构_任务步骤执行结果_最小& 任务数据, const 特征节点类* 方法运行结果) noexcept"	"执行任务、方法或动作的主体逻辑。"	""	"ClCompile"	"任务模块.管理工作线程.ixx:575:        return 私有_从执行结果推导界面任务状态(任务数据, 方法运行结果);"
"present"	"私有_任务推进阶段文本"	"私有_任务推进阶段文本"	"任务模块.管理工作线程.ixx:479"	"1"	"std::string 私有_任务推进阶段文本( const 任务模块::筹办::枚举_任务推进阶段 阶段)"	"服务所在模块的内部辅助流程。"	""	"ClCompile"	"任务模块.管理工作线程.ixx:2942:        状态.快照.最近推进阶段 = 私有_任务推进阶段文本("
"present"	"私有_任务推进回执目标失败"	"私有_任务推进回执目标失败"	"任务模块.管理工作线程.ixx:502"	"1"	"bool 私有_任务推进回执目标失败( const 任务模块::筹办::结构_任务推进回执& 回执) noexcept"	"服务所在模块的内部辅助流程。"	""	"ClCompile"	"任务模块.管理工作线程.ixx:2628:    const bool 目标失败 = 私有_任务推进回执目标失败(回执);"
"present"	"私有_任务推进回执是通用部分推进"	"私有_任务推进回执是通用部分推进"	"任务模块.管理工作线程.ixx:511"	"1"	"bool 私有_任务推进回执是通用部分推进( const 任务模块::筹办::结构_任务推进回执& 回执) noexcept"	"服务所在模块的内部辅助流程。"	""	"ClCompile"	"任务模块.管理工作线程.ixx:529:        私有_任务推进回执是通用部分推进(回执);"
"present"	"私有_从任务推进回执推导界面任务状态"	"私有_从任务推进回执推导界面任务状态"	"任务模块.管理工作线程.ixx:524"	"1"	"枚举_任务状态 私有_从任务推进回执推导界面任务状态( const 任务模块::筹办::结构_任务推进回执& 回执, const 结构_任务步骤执行结果_最小& 任务数据, const 特征节点类* 方法运行结果) noexcept"	"服务所在模块的内部辅助流程。"	""	"ClCompile"	"任务模块.管理工作线程.ixx:3171:    auto 推导状态 = 私有_从任务推进回执推导界面任务状态("
"present"	"私有_填充任务层回执到治理结果"	"私有_填充任务层回执到治理结果"	"任务模块.管理工作线程.ixx:581"	"1"	"void 私有_填充任务层回执到治理结果( 结构_任务管理结果& 治理结果, 任务节点* 任务, const 任务模块::筹办::结构_任务推进回执& 回执, const 枚举_任务状态 任务状态) noexcept"	"服务所在模块的内部辅助流程。"	""	"ClCompile"	"任务模块.管理工作线程.ixx:3184:    私有_填充任务层回执到治理结果("
"present"	"私有_同步任务回执方法到任务虚拟存在"	"私有_同步任务回执方法到任务虚拟存在"	"任务模块.管理工作线程.ixx:619"	"1"	"void 私有_同步任务回执方法到任务虚拟存在( 任务节点* 任务, const 任务模块::筹办::结构_任务推进回执& 回执, const 时间戳 now) noexcept"	"同步线程、任务、场景或对象之间的状态。"	""	"ClCompile"	"任务模块.管理工作线程.ixx:2755:            私有_同步任务回执方法到任务虚拟存在("
"present"	"私有_补齐筹办派生需求消息主键槽"	"私有_补齐筹办派生需求消息主键槽"	"任务模块.管理工作线程.ixx:680"	"1"	"bool 私有_补齐筹办派生需求消息主键槽( 结构_任务管理派生需求消息& 消息) noexcept"	"推进任务筹办，形成候选、缺口或就绪回执。"	""	"ClCompile"	"任务模块.管理工作线程.ixx:883:    const bool 主键槽已补齐 = 私有_补齐筹办派生需求消息主键槽(消息);"
"present"	"私有_筹办派生需求消息字段完整"	"私有_筹办派生需求消息字段完整"	"任务模块.管理工作线程.ixx:714"	"1"	"bool 私有_筹办派生需求消息字段完整( const 结构_任务管理派生需求消息& 消息) noexcept"	"推进任务筹办，形成候选、缺口或就绪回执。"	""	"ClCompile"	"任务模块.管理工作线程.ixx:937:        if (!私有_筹办派生需求消息字段完整(消息)) {"
"present"	"私有_筹办派生需求消息缺失槽位文本"	"私有_筹办派生需求消息缺失槽位文本"	"任务模块.管理工作线程.ixx:733"	"1"	"std::string 私有_筹办派生需求消息缺失槽位文本( const 结构_任务管理派生需求消息& 消息)"	"推进任务筹办，形成候选、缺口或就绪回执。"	""	"ClCompile"	"任务模块.管理工作线程.ixx:942:                "" | 缺失槽位="" + 私有_筹办派生需求消息缺失槽位文本(消息)"
"present"	"私有_最近已上报筹办派生需求稳定键"	"私有_最近已上报筹办派生需求稳定键"	"任务模块.管理工作线程.ixx:834"	"1"	"bool 私有_最近已上报筹办派生需求稳定键(const std::string& 稳定键)"	"推进任务筹办，形成候选、缺口或就绪回执。"	""	"ClCompile"	"任务模块.管理工作线程.ixx:978:            && 私有_最近已上报筹办派生需求稳定键(稳定键);"
"present"	"私有_记录最近筹办派生需求稳定键"	"私有_记录最近筹办派生需求稳定键"	"任务模块.管理工作线程.ixx:845"	"1"	"void 私有_记录最近筹办派生需求稳定键(const std::string& 稳定键)"	"记录日志、动态、证据或运行痕迹。"	""	"ClCompile"	"任务模块.管理工作线程.ixx:1011:        私有_记录最近筹办派生需求稳定键(稳定键);"
"present"	"私有_规范化筹办派生需求消息"	"私有_规范化筹办派生需求消息"	"任务模块.管理工作线程.ixx:863"	"1"	"void 私有_规范化筹办派生需求消息( 结构_任务管理派生需求消息& 消息, const 任务节点* 任务, const 时间戳 now)"	"推进任务筹办，形成候选、缺口或就绪回执。"	""	"ClCompile"	"任务模块.管理工作线程.ixx:936:        私有_规范化筹办派生需求消息(消息, 任务, now);"
"present"	"私有_响应已包含派生需求稳定键"	"私有_响应已包含派生需求稳定键"	"任务模块.管理工作线程.ixx:904"	"1"	"bool 私有_响应已包含派生需求稳定键( const 任务管理工作线程::结构_工作线程一步响应& 响应, const std::string& 稳定键)"	"服务所在模块的内部辅助流程。"	""	"ClCompile"	"任务模块.管理工作线程.ixx:974:            && 私有_响应已包含派生需求稳定键(响应, 稳定键);"
"present"	"私有_吸收筹办派生需求消息"	"私有_吸收筹办派生需求消息"	"任务模块.管理工作线程.ixx:923"	"1"	"void 私有_吸收筹办派生需求消息( 任务管理工作线程::结构_工作线程一步响应& 响应, const std::vector<结构_任务管理派生需求消息>& 消息集, const 任务节点* 任务, const 时间戳 now)"	"推进任务筹办，形成候选、缺口或就绪回执。"	""	"ClCompile"	"任务模块.管理工作线程.ixx:2759:            私有_吸收筹办派生需求消息("
"present"	"私有_发送执行前许可请求并重排"	"私有_发送执行前许可请求并重排"	"任务模块.管理界面线程.impl.cpp:5787"	"1"	"void 私有_发送执行前许可请求并重排( 结构_任务调度队列项 项, 时间戳 now) noexcept"	"执行任务、方法或动作的主体逻辑。"	""	"ClCompile"	"任务模块.管理界面线程.impl.cpp:5909:        私有_发送执行前许可请求并重排(std::move(队列项), 派发时刻);"
"present"	"私有_构造执行前许可阻断结果"	"私有_构造执行前许可阻断结果"	"任务模块.管理界面线程.impl.cpp:5828"	"1"	"任务管理线程协议::结构_任务工作结果 私有_构造执行前许可阻断结果( const 任务管理线程协议::结构_任务工作项& 工作项, const 任务管理线程协议::结构_任务执行前许可结果& 许可结果) noexcept"	"执行任务、方法或动作的主体逻辑。"	""	"ClCompile"	"任务模块.管理界面线程.impl.cpp:5932:    auto 工作结果 = 私有_构造执行前许可阻断结果(工作项, 许可结果);"
"present"	"私有_弹出完成队列项"	"私有_弹出完成队列项"	"任务模块.管理界面线程.impl.cpp:6303"	"1"	"bool 私有_弹出完成队列项(结构_任务完成队列项* 输出) noexcept"	"服务所在模块的内部辅助流程。"	""	"ClCompile"	"任务模块.管理界面线程.impl.cpp:7875:        if (!私有_弹出完成队列项(&完成队列项)) {"
"present"	"私有_巡检全部任务状态并入队"	"私有_巡检全部任务状态并入队"	"任务模块.管理界面线程.impl.cpp:6759"	"1"	"std::size_t 私有_巡检全部任务状态并入队( 自我类& 自我对象, 时间戳 now, std::size_t 最大入队数) noexcept"	"服务所在模块的内部辅助流程。"	""	"ClCompile"	"任务模块.管理界面线程.impl.cpp:8488:    const auto 入队数 = 私有_巡检全部任务状态并入队("
"present"	"封口任务包"	"封口任务包"	"任务模块.运行包.impl.cpp:192"	"1"	"bool 封口任务包(结构_一步治理任务包& 包, 时间戳 封口时间, std::string* 错误) noexcept"	"按函数名执行对应处理。"	""	"ClCompile"	"任务模块.运行包.ixx:217:bool 封口任务包(结构_一步治理任务包& 包, 时间戳 封口时间 = 0, std::string* 错误 = nullptr) noexcept;"
"present"	"封口结算包"	"封口结算包"	"任务模块.运行包.impl.cpp:198"	"1"	"bool 封口结算包(结构_回流结算包& 包, 时间戳 封口时间, std::string* 错误) noexcept"	"结算任务、需求、价值或结果贡献。"	""	"ClCompile"	"任务模块.运行包.ixx:218:bool 封口结算包(结构_回流结算包& 包, 时间戳 封口时间 = 0, std::string* 错误 = nullptr) noexcept;"
"present"	"私有_校验封口时间"	"私有_校验封口时间"	"任务模块.运行包.impl.cpp:20"	"1"	"bool 私有_校验封口时间( const 任务运行包::结构_线程运行包头& 包头, std::string* 错误) noexcept"	"服务所在模块的内部辅助流程。"	""	"ClCompile"	"任务模块.运行包.impl.cpp:65:    if (!私有_校验封口时间(包头, 错误)) {"
"present"	"包已封口"	"包已封口"	"任务模块.运行包.impl.cpp:57"	"1"	"bool 包已封口(const 结构_线程运行包头& 包头) noexcept"	"按函数名执行对应处理。"	""	"ClCompile"	"任务模块.运行包.ixx:207:bool 包已封口(const 结构_线程运行包头& 包头) noexcept;"
"present"	"私有_方法动作名_执行桥_最小_v0"	"私有_方法动作名_执行桥_最小_v0"	"任务模块.执行.ixx:105"	"1"	"inline const 语素入口节点类* 私有_方法动作名_执行桥_最小_v0(const 方法类::节点类* 方法首节点) noexcept"	"执行任务、方法或动作的主体逻辑。"	""	"ClCompile"	"任务模块.执行.ixx:145:    const auto* 动作名 = 私有_方法动作名_执行桥_最小_v0(方法首节点);"
"present"	"私有_创建方法调用动作动态_执行桥_最小_v0"	"私有_创建方法调用动作动态_执行桥_最小_v0"	"任务模块.执行.ixx:114"	"1"	"inline 动态节点类* 私有_创建方法调用动作动态_执行桥_最小_v0( 方法类::节点类* 方法首节点, 场景节点类* 输入场景, 场景节点类* 输出场景, 时间戳 开始时间, 时间戳 结束时间, bool 执行成功, std::int64_t 错误码) noexcept"	"创建并返回或登记对应对象。"	""	"ClCompile"	"任务模块.执行.ixx:1342:            (void)私有_创建方法调用动作动态_执行桥_最小_v0("
"present"	"私有_归一到任务头_执行桥_最小_v0"	"私有_归一到任务头_执行桥_最小_v0"	"任务模块.执行.ixx:178"	"1"	"inline 任务类::节点类* 私有_归一到任务头_执行桥_最小_v0(任务类::节点类* 节点) noexcept"	"执行任务、方法或动作的主体逻辑。"	""	"ClCompile"	"任务模块.执行.ixx:1473:    auto* 主任务 = 私有_归一到任务头_执行桥_最小_v0(当前任务节点);"
"present"	"私有_方法自我能力值_执行桥_最小_v0"	"私有_方法自我能力值_执行桥_最小_v0"	"任务模块.执行.ixx:191"	"1"	"inline I64 私有_方法自我能力值_执行桥_最小_v0( const 方法类::节点类* 方法) noexcept"	"执行任务、方法或动作的主体逻辑。"	""	"ClCompile"	"任务模块.执行.ixx:204:        && 私有_方法自我能力值_执行桥_最小_v0(方法) == 自我能力值;"
"present"	"私有_方法匹配自我能力值_执行桥_最小_v0"	"私有_方法匹配自我能力值_执行桥_最小_v0"	"任务模块.执行.ixx:199"	"1"	"inline bool 私有_方法匹配自我能力值_执行桥_最小_v0( const 方法类::节点类* 方法, I64 自我能力值) noexcept"	"执行任务、方法或动作的主体逻辑。"	""	"ClCompile"	"任务模块.执行.ixx:220:        私有_方法匹配自我能力值_执行桥_最小_v0(方法, 自我能力值)) {"
"present"	"私有_方法匹配自我能力值_执行桥_最小_v0"	"私有_方法匹配自我能力值_执行桥_最小_v0"	"任务模块.执行.ixx:220"	"1"	"私有_方法匹配自我能力值_执行桥_最小_v0(方法, 自我能力值))"	"执行任务、方法或动作的主体逻辑。"	""	"ClCompile"	"任务模块.执行.ixx:199:inline bool 私有_方法匹配自我能力值_执行桥_最小_v0("
"present"	"私有_方法最近连续成功次数特征类型_执行桥_最小_v0"	"私有_方法最近连续成功次数特征类型_执行桥_最小_v0"	"任务模块.执行.ixx:257"	"1"	"inline const 语素入口节点类* 私有_方法最近连续成功次数特征类型_执行桥_最小_v0() noexcept"	"执行任务、方法或动作的主体逻辑。"	""	"ClCompile"	"任务模块.筹办.ixx:2514:            || 语素入口同一(目标特征类型, 私有_方法最近连续成功次数特征类型_执行桥_最小_v0())"
"present"	"私有_方法条件特征类型数量_执行桥_最小_v0"	"私有_方法条件特征类型数量_执行桥_最小_v0"	"任务模块.执行.ixx:271"	"1"	"inline const 语素入口节点类* 私有_方法条件特征类型数量_执行桥_最小_v0() noexcept"	"执行任务、方法或动作的主体逻辑。"	""	"ClCompile"	"任务模块.执行.ixx:294:        私有_方法条件特征类型数量_执行桥_最小_v0(),"
"present"	"私有_方法必需条件特征类型数量_执行桥_最小_v0"	"私有_方法必需条件特征类型数量_执行桥_最小_v0"	"任务模块.执行.ixx:278"	"1"	"inline const 语素入口节点类* 私有_方法必需条件特征类型数量_执行桥_最小_v0() noexcept"	"执行任务、方法或动作的主体逻辑。"	""	"ClCompile"	"任务模块.执行.ixx:298:        私有_方法必需条件特征类型数量_执行桥_最小_v0(),"
"present"	"私有_方法条件类型描述为无输入_执行桥_最小_v0"	"私有_方法条件类型描述为无输入_执行桥_最小_v0"	"任务模块.执行.ixx:285"	"1"	"inline bool 私有_方法条件类型描述为无输入_执行桥_最小_v0( const 存在节点类* 方法虚拟存在) noexcept"	"执行任务、方法或动作的主体逻辑。"	""	"ClCompile"	"任务模块.执行.ixx:1260:            私有_方法条件类型描述为无输入_执行桥_最小_v0(默认方法虚拟存在);"
"present"	"私有_构造动作验证报告占位_执行桥_最小_v0"	"私有_构造动作验证报告占位_执行桥_最小_v0"	"任务模块.执行.ixx:366"	"1"	"inline 动作验证报告::结构_动作验证报告 私有_构造动作验证报告占位_执行桥_最小_v0( const 任务类::节点类* 任务, const 方法类::节点类* 方法, 时间戳 now, const char* 纠偏建议)"	"执行任务、方法或动作的主体逻辑。"	""	"ClCompile"	"任务模块.执行.ixx:401:    const auto 报告 = 私有_构造动作验证报告占位_执行桥_最小_v0("
"present"	"私有_方法调用动作动态特征类型_执行桥_最小_v0"	"私有_方法调用动作动态特征类型_执行桥_最小_v0"	"任务模块.执行.ixx:75"	"1"	"inline const 语素入口节点类* 私有_方法调用动作动态特征类型_执行桥_最小_v0() noexcept"	"执行任务、方法或动作的主体逻辑。"	""	"ClCompile"	"任务模块.执行.ixx:133:        私有_方法调用动作动态特征类型_执行桥_最小_v0());"
"present"	"私有_可执行输入参数场景特征_执行桥_最小_v0"	"私有_可执行输入参数场景特征_执行桥_最小_v0"	"任务模块.执行.ixx:82"	"1"	"inline const 语素入口节点类* 私有_可执行输入参数场景特征_执行桥_最小_v0() noexcept"	"执行任务、方法或动作的主体逻辑。"	""	"ClCompile"	"任务模块.执行.ixx:97:            私有_可执行输入参数场景特征_执行桥_最小_v0(),"
"present"	"私有_读取任务可执行输入参数场景_执行桥_最小_v0"	"私有_读取任务可执行输入参数场景_执行桥_最小_v0"	"任务模块.执行.ixx:89"	"1"	"inline 场景节点类* 私有_读取任务可执行输入参数场景_执行桥_最小_v0( const 任务类::节点类* 任务) noexcept"	"从指定来源读取数据或状态。"	""	"ClCompile"	"任务模块.执行.ixx:1497:        私有_读取任务可执行输入参数场景_执行桥_最小_v0(主任务);"
"present"	"异常_致命"	"异常_致命"	"日志模块.ixx:125"	"1"	"inline void 异常_致命(std::string_view msg)"	"按函数名执行对应处理。"	""	"ClCompile"	"日志模块.ixx:702:        日志::异常_致命(文本);"
"present"	"utf8_path"	"utf8_path"	"日志模块.ixx:181"	"1"	"inline std::filesystem::path utf8_path(std::string_view text)"	"按函数名执行对应处理。"	""	"ClCompile"	"日志模块.ixx:301:            return 根目录 / utf8_path(name);"
"present"	"取日期_YYYYMMDD"	"取日期_YYYYMMDD"	"日志模块.ixx:237"	"1"	"static std::string 取日期_YYYYMMDD()"	"按函数名执行对应处理。"	""	"ClCompile"	"日志模块.ixx:306:            const std::string today = 取日期_YYYYMMDD();"
"present"	"取时间戳_YYYYMMDD_hhmmss_mmm"	"取时间戳_YYYYMMDD_hhmmss_mmm"	"日志模块.ixx:253"	"1"	"static std::string 取时间戳_YYYYMMDD_hhmmss_mmm()"	"按函数名执行对应处理。"	""	"ClCompile"	"日志模块.ixx:346:            const std::string ts = 取时间戳_YYYYMMDD_hhmmss_mmm();"
"present"	"级别字符串"	"级别字符串"	"日志模块.ixx:274"	"1"	"static const char* 级别字符串(枚举_日志级别 lv)"	"按函数名执行对应处理。"	""	"ClCompile"	"日志模块.ixx:351:            行文本.append(级别字符串(lv));"
"present"	"生成文件路径"	"生成文件路径"	"日志模块.ixx:298"	"1"	"std::filesystem::path 生成文件路径(const std::string& yyyymmdd) const"	"根据当前输入生成目标数据、场景、动态或回执。"	""	"ClCompile"	"日志模块.ixx:323:                auto path = 生成文件路径(today);"
"present"	"日志输出已启用"	"日志输出已启用"	"日志模块.ixx:448"	"1"	"inline constexpr bool 日志输出已启用(枚举_日志类别 类别, 枚举_日志级别 级别) noexcept"	"按函数名执行对应处理。"	""	"ClCompile"	"日志模块.ixx:498:        if (!detail::日志输出已启用(类别, 级别)) {"
"present"	"私有_确保概念特征槽"	"私有_确保概念特征槽"	"世界树类.cpp:123"	"1"	"bool 私有_确保概念特征槽(世界树类& 世界树对象, 存在节点类* 概念, const char* 特征名) noexcept"	"确保目标结构、状态或前置条件存在并可用。"	""	"ClCompile"	"世界树类.cpp:157:            全部成功 = 私有_确保概念特征槽(世界树对象, 概念, 特征名) && 全部成功;"
"present"	"世界树类::升格实例稳态为抽象区间"	"升格实例稳态为抽象区间"	"世界树类.cpp:1745"	"1"	"抽象特征节点类* 世界树类::升格实例稳态为抽象区间(特征节点类* 实例特征)"	"按函数名执行对应处理。"	""	"ClCompile"	"世界树类.h:150:    抽象特征节点类* 升格实例稳态为抽象区间(特征节点类* 实例特征);"
"present"	"私有_VecU差异率Q10000"	"私有_VecU差异率Q10000"	"世界树类.cpp:179"	"1"	"I64 私有_VecU差异率Q10000(const VecIU64& 左值, const VecIU64& 右值) noexcept"	"服务所在模块的内部辅助流程。"	""	"ClCompile"	"世界树类.cpp:3375:        return 私有_VecU差异率Q10000(*左Vec, *右Vec);"
"present"	"私有_世界树SQL投影互斥"	"私有_世界树SQL投影互斥"	"世界树类.cpp:267"	"1"	"std::mutex& 私有_世界树SQL投影互斥() noexcept"	"服务所在模块的内部辅助流程。"	""	"ClCompile"	"世界树类.cpp:1284:    std::lock_guard<std::mutex> SQL锁{ 私有_世界树SQL投影互斥() };"
"present"	"世界树类::刷新存在比较二次特征"	"刷新存在比较二次特征"	"世界树类.cpp:3178"	"1"	"std::vector<二次特征节点类*> 世界树类::刷新存在比较二次特征( 存在节点类* 左存在, 存在节点类* 右存在, const 集合比较参数& 参数)"	"比较当前值、目标值或历史基准。"	""	"ClCompile"	"世界树类.h:610:    std::vector<二次特征节点类*> 刷新存在比较二次特征("
"present"	"私有_世界树SQL世界类型文本"	"私有_世界树SQL世界类型文本"	"世界树类.cpp:329"	"1"	"const char* 私有_世界树SQL世界类型文本(const 枚举_世界类型 类型) noexcept"	"服务所在模块的内部辅助流程。"	""	"ClCompile"	"世界树类.cpp:561:            行.辅助文本 = ""世界类型="" + std::string(私有_世界树SQL世界类型文本(场景->世界类型))"
"present"	"世界树类::写入存在观测位置"	"写入存在观测位置"	"世界树类.cpp:3343"	"1"	"bool 世界树类::写入存在观测位置(存在节点类* 节点, const Vector3D& 位置_mm)"	"把处理结果写入指定对象、场景或日志。"	""	"ClCompile"	"世界树类.h:642:    bool 写入存在观测位置(存在节点类* 节点, const Vector3D& 位置_mm);"
"present"	"私有_世界树SQL收集关系"	"私有_世界树SQL收集关系"	"世界树类.cpp:456"	"1"	"void 私有_世界树SQL收集关系( const 基础信息节点类* 节点, const int 宿主行号, std::vector<结构_世界树SQL关系行>& 关系集)"	"服务所在模块的内部辅助流程。"	""	"ClCompile"	"世界树类.cpp:656:        私有_世界树SQL收集关系(节点, 当前行号, 关系集);"
"present"	"私有_世界树SQL填充节点主信息"	"私有_世界树SQL填充节点主信息"	"世界树类.cpp:531"	"1"	"void 私有_世界树SQL填充节点主信息(const 基础信息节点类* 节点, 结构_世界树SQL节点行& 行)"	"服务所在模块的内部辅助流程。"	""	"ClCompile"	"世界树类.cpp:653:        私有_世界树SQL填充节点主信息(节点, 行);"
"present"	"私有_解析世界树SQL关系序号"	"私有_解析世界树SQL关系序号"	"世界树类.cpp:671"	"1"	"void 私有_解析世界树SQL关系序号( const std::vector<结构_世界树SQL节点行>& 节点集, std::vector<结构_世界树SQL关系行>& 关系集)"	"解析输入文本、消息、场景或运行包。"	""	"ClCompile"	"世界树类.cpp:1318:        私有_解析世界树SQL关系序号(节点集, 关系集);"
"present"	"私有_世界树SQL建库脚本"	"私有_世界树SQL建库脚本"	"世界树类.cpp:691"	"1"	"std::string 私有_世界树SQL建库脚本()"	"服务所在模块的内部辅助流程。"	""	"ClCompile"	"世界树类.cpp:1324:        if (!私有_执行世界树ADO命令(主库连接串, ""世界树SQL投影建库"", 私有_世界树SQL建库脚本(), 错误)"
"present"	"私有_世界树SQL建表脚本"	"私有_世界树SQL建表脚本"	"世界树类.cpp:699"	"1"	"std::string 私有_世界树SQL建表脚本()"	"服务所在模块的内部辅助流程。"	""	"ClCompile"	"世界树类.cpp:1325:            || !私有_执行世界树ADO命令(投影库连接串, ""世界树SQL投影建表"", 私有_世界树SQL建表脚本(), 错误)"
"present"	"私有_世界树SQL视图脚本"	"私有_世界树SQL视图脚本"	"世界树类.cpp:846"	"1"	"std::string 私有_世界树SQL视图脚本()"	"服务所在模块的内部辅助流程。"	""	"ClCompile"	"世界树类.cpp:1326:            || !私有_执行世界树ADO命令(投影库连接串, ""世界树SQL投影视图"", 私有_世界树SQL视图脚本(), 错误)"
"present"	"私有_构造世界树SQL重写脚本"	"私有_构造世界树SQL重写脚本"	"世界树类.cpp:920"	"1"	"std::string 私有_构造世界树SQL重写脚本( const std::vector<结构_世界树SQL节点行>& 节点集, const std::vector<结构_世界树SQL关系行>& 关系集, const std::string& 来源原因)"	"服务所在模块的内部辅助流程。"	""	"ClCompile"	"世界树类.cpp:1330:                私有_构造世界树SQL重写脚本(节点集, 关系集, 原因文本),"
"present"	"私有_ADO值转UTF8"	"私有_ADO值转UTF8"	"数据库ADO模块.cpp:177"	"1"	"std::string 私有_ADO值转UTF8(const _variant_t& 值)"	"把 ADO 字段值转换为 UTF-8 文本。"	""	"ClCompile"	"数据库ADO模块.cpp:262:                行.push_back(私有_ADO值转UTF8(字段->Value));"
"present"	"从帧生成结果"	"从帧生成结果"	"双目相机本能适配器.cpp:1013"	"1"	"双目相机本能适配器::调用结果 从帧生成结果(const 结构体_原始场景帧& 帧)"	"根据当前输入生成目标数据、场景、动态或回执。"	""	"ClCompile"	"双目相机本能适配器.cpp:1399:            auto 输出 = 从帧生成结果(帧组.back());"
"present"	"空间邻近"	"空间邻近"	"双目相机本能适配器.cpp:158"	"1"	"bool 空间邻近(const 结构体_原始场景帧& 帧, std::size_t a, std::size_t b) noexcept"	"按函数名执行对应处理。"	""	"ClCompile"	"双目相机本能适配器.cpp:885:            if (已访问[ni] || !帧像素有有效空间点(帧, ni) || !空间邻近(帧, 当前, ni)) {"
"present"	"建立深度三口径诊断"	"建立深度三口径诊断"	"双目相机本能适配器.cpp:244"	"1"	"void 建立深度三口径诊断(双目相机本能适配器::调用结果& 结果) noexcept"	"按函数名执行对应处理。"	""	"ClCompile"	"双目相机本能适配器.cpp:1080:        建立深度三口径诊断(结果);"
"present"	"建立静态多帧融合诊断"	"建立静态多帧融合诊断"	"双目相机本能适配器.cpp:369"	"1"	"void 建立静态多帧融合诊断( 双目相机本能适配器::调用结果& 结果, const std::vector<结构体_原始场景帧>& 帧组) noexcept"	"按函数名执行对应处理。"	""	"ClCompile"	"双目相机本能适配器.cpp:1400:            建立静态多帧融合诊断(输出, 帧组);"
"present"	"收集深度空洞诊断区域"	"收集深度空洞诊断区域"	"双目相机本能适配器.cpp:489"	"1"	"std::vector<双目相机本能适配器::诊断区域摘要> 收集深度空洞诊断区域( const 结构体_原始场景帧& 帧, std::size_t& 输出总数量)"	"按函数名执行对应处理。"	""	"ClCompile"	"双目相机本能适配器.cpp:1118:        auto 深度空洞区域列表 = 收集深度空洞诊断区域(帧, 深度空洞区域总数量);"
"present"	"候选诊断投影有效"	"候选诊断投影有效"	"双目相机本能适配器.cpp:582"	"1"	"bool 候选诊断投影有效( const 双目相机本能适配器::空间候选摘要& 候选, int 宽, int 高) noexcept"	"按函数名执行对应处理。"	""	"ClCompile"	"双目相机本能适配器.cpp:605:            || !候选诊断投影有效(候选, 宽, 高)) {"
"present"	"追加空间候选诊断区域"	"追加空间候选诊断区域"	"双目相机本能适配器.cpp:632"	"1"	"void 追加空间候选诊断区域( std::vector<双目相机本能适配器::诊断区域摘要>& 区域列表, const std::vector<双目相机本能适配器::空间候选摘要>& 候选列表, std::int64_t 起始区域编号, int 宽, int 高) noexcept"	"按函数名执行对应处理。"	""	"ClCompile"	"双目相机本能适配器.cpp:1122:        追加空间候选诊断区域("
"present"	"填充像素归属验证摘要"	"填充像素归属验证摘要"	"双目相机本能适配器.cpp:705"	"1"	"void 填充像素归属验证摘要( const 结构体_原始场景帧& 帧, 双目相机本能适配器::空间候选摘要& 候选, const std::vector<std::size_t>& 候选像素索引, int minPX, int maxPX, int minPY, int maxPY, double minX, double maxX, double minY, double maxY, double minZ, double maxZ) noexcept"	"按函数名执行对应处理。"	""	"ClCompile"	"双目相机本能适配器.cpp:982:                填充像素归属验证摘要("
"present"	"提取空间候选摘要"	"提取空间候选摘要"	"双目相机本能适配器.cpp:853"	"1"	"std::vector<双目相机本能适配器::空间候选摘要> 提取空间候选摘要( const 结构体_原始场景帧& 帧)"	"按函数名执行对应处理。"	""	"ClCompile"	"双目相机本能适配器.cpp:1101:        结果.空间候选列表 = 提取空间候选摘要(帧);"
"present"	"深拷贝树"	"深拷贝树"	"双向链表模板_深拷贝.inl:11"	"1"	"template<typename 主信息类型> typename 链表模板<主信息类型>::节点类* 链表模板<主信息类型>::深拷贝树(const 节点类* 源根) const"	"按函数名执行对应处理。"	"template"	"ClInclude"	"双向链表模板核心.h:662:    节点类* 深拷贝树(const 节点类* 源根) const;"
"present"	"深拷贝树_已加锁"	"深拷贝树_已加锁"	"双向链表模板_深拷贝.inl:20"	"1"	"template<typename 主信息类型> typename 链表模板<主信息类型>::节点类* 链表模板<主信息类型>::深拷贝树_已加锁(const 节点类* 源根) const"	"按函数名执行对应处理。"	"template"	"ClInclude"	"双向链表模板核心.h:663:    节点类* 深拷贝树_已加锁(const 节点类* 源根) const;"
"present"	"从全链环摘除"	"从全链环摘除"	"双向链表模板核心.h:112"	"1"	"void 从全链环摘除()"	"按函数名执行对应处理。"	""	"ClInclude"	"双向链表模板核心.h:522:        被删除节点->从全链环摘除();"
"present"	"查找主键_当前链_已加锁"	"查找主键_当前链_已加锁"	"双向链表模板核心.h:372"	"1"	"节点类* 查找主键_当前链_已加锁(节点类* 当前节点, const std::string& 主键) const"	"按条件查找目标对象、方法或事实。"	""	"ClInclude"	"双向链表模板核心.h:401:        return 查找主键_当前链_已加锁(当前节点, 主键);"
"present"	"查找节点_当前链_已加锁"	"查找节点_当前链_已加锁"	"双向链表模板核心.h:405"	"1"	"节点类* 查找节点_当前链_已加锁( 节点类* 当前节点, 主信息类型 查找内容, 枚举_比较字段 比较字段) const"	"按条件查找目标对象、方法或事实。"	""	"ClInclude"	"双向链表模板核心.h:464:        return 查找节点_当前链_已加锁(当前节点, 查找内容, 比较字段);"
"present"	"设置主键"	"设置主键"	"双向链表模板核心.h:57"	"1"	"void 设置主键(const std::string& 主键_)"	"设置对象字段、状态或运行参数。"	""	"ClInclude"	"本能动作类.ixx:175:                新节点->设置主键(std::string(""cond_"") + 类型->获取主键());"
"present"	"删除链表"	"删除链表"	"双向链表模板核心.h:582"	"1"	"void 删除链表()"	"删除指定对象、状态或登记项。"	""	"ClInclude"	"双向链表模板核心.h:162:        删除链表();"
"present"	"初始化同层自环"	"初始化同层自环"	"双向链表模板核心.h:60"	"1"	"void 初始化同层自环()"	"初始化相关对象、状态或运行上下文。"	""	"ClInclude"	"双向链表模板核心.h:80:            初始化同层自环();"
"present"	"校验结构_已加锁"	"校验结构_已加锁"	"双向链表模板核心.h:600"	"1"	"bool 校验结构_已加锁() const"	"按函数名执行对应处理。"	""	"ClInclude"	"双向链表模板核心.h:596:        return 校验结构_已加锁();"
"present"	"初始化全链自环"	"初始化全链自环"	"双向链表模板核心.h:68"	"1"	"void 初始化全链自环()"	"初始化相关对象、状态或运行上下文。"	""	"ClInclude"	"双向链表模板核心.h:81:            初始化全链自环();"
"present"	"从同层环摘除"	"从同层环摘除"	"双向链表模板核心.h:85"	"1"	"void 从同层环摘除()"	"按函数名执行对应处理。"	""	"ClInclude"	"双向链表模板核心.h:521:        被删除节点->从同层环摘除();"
"present"	"私有_区间宽度"	"私有_区间宽度"	"特征类.cpp:133"	"1"	"I64 私有_区间宽度(const I64区间& 区间) noexcept"	"服务所在模块的内部辅助流程。"	""	"ClCompile"	"特征类.cpp:521:            return 私有_区间宽度(*区间);"
"present"	"私有_计算点链平均最大误差"	"私有_计算点链平均最大误差"	"特征类.cpp:189"	"1"	"bool 私有_计算点链平均最大误差( const VecI64& 左值, const VecI64& 右值, const std::uint32_t 坐标维度, I64& 输出平均L1误差, I64& 输出最大L1误差) noexcept"	"计算权重、状态、差值或派生结果。"	""	"ClCompile"	"特征类.cpp:4169:    if (!私有_计算点链平均最大误差("
"present"	"特征类::常用抽象特征已初始化"	"常用抽象特征已初始化"	"特征类.cpp:1965"	"1"	"bool 特征类::常用抽象特征已初始化(const 基础信息节点类* 抽象特征根) const"	"初始化相关对象、状态或运行上下文。"	""	"ClCompile"	"特征类.h:262:    bool 常用抽象特征已初始化(const 基础信息节点类* 抽象特征根) const;"
"present"	"私有_计算轮廓匹配评分Q10000"	"私有_计算轮廓匹配评分Q10000"	"特征类.cpp:218"	"1"	"I64 私有_计算轮廓匹配评分Q10000( const I64 中心L1误差, const I64 点链平均L1误差, const I64 点链最大L1误差) noexcept"	"计算权重、状态、差值或派生结果。"	""	"ClCompile"	"特征类.cpp:4179:    结果.匹配评分Q10000 = 私有_计算轮廓匹配评分Q10000("
"present"	"私有_点到区间距离"	"私有_点到区间距离"	"特征类.cpp:232"	"1"	"I64 私有_点到区间距离(I64 x, const I64区间& 区间) noexcept"	"服务所在模块的内部辅助流程。"	""	"ClCompile"	"特征类.cpp:2696:                return 私有_点到区间距离(delta, 主信息->连续测量误差区间);"
"present"	"特征类::枚举全部特征"	"枚举全部特征"	"特征类.cpp:2338"	"1"	"std::vector<特征节点类*> 特征类::枚举全部特征() const"	"按函数名执行对应处理。"	""	"ClCompile"	"特征类.h:273:    std::vector<特征节点类*> 枚举全部特征() const;"
"present"	"私有_平面轮廓特征类型"	"私有_平面轮廓特征类型"	"特征类.cpp:276"	"1"	"const 语素入口节点类* 私有_平面轮廓特征类型()"	"服务所在模块的内部辅助流程。"	""	"ClCompile"	"特征类.cpp:3156:    if (语素入口同一(特征类型, 私有_平面轮廓特征类型())) {"
"present"	"私有_空间极值轮廓特征类型"	"私有_空间极值轮廓特征类型"	"特征类.cpp:282"	"1"	"const 语素入口节点类* 私有_空间极值轮廓特征类型()"	"服务所在模块的内部辅助流程。"	""	"ClCompile"	"特征类.cpp:3164:    if (语素入口同一(特征类型, 私有_空间极值轮廓特征类型())) {"
"present"	"特征类::清空三维体素特征值"	"清空三维体素特征值"	"特征类.cpp:2846"	"1"	"bool 特征类::清空三维体素特征值(特征节点类* 节点, 时间戳 now)"	"清理缓存、临时状态或运行资源。"	""	"ClCompile"	"特征类.h:306:    bool 清空三维体素特征值(特征节点类* 节点, 时间戳 now = 结构体_时间戳::当前_微秒());"
"present"	"私有_是否三维体素特征类型"	"私有_是否三维体素特征类型"	"特征类.cpp:288"	"1"	"bool 私有_是否三维体素特征类型(const 语素入口节点类* 特征类型)"	"服务所在模块的内部辅助流程。"	""	"ClCompile"	"特征类.cpp:3172:    if (私有_是否三维体素特征类型(特征类型)) {"
"present"	"特征类::设置实例特征局部区间覆盖"	"设置实例特征局部区间覆盖"	"特征类.cpp:2931"	"1"	"bool 特征类::设置实例特征局部区间覆盖(特征节点类* 实例特征, I64区间 区间)"	"设置对象字段、状态或运行参数。"	""	"ClCompile"	"特征类.h:310:    bool 设置实例特征局部区间覆盖(特征节点类* 实例特征, I64区间 区间);"
"present"	"特征类::清除实例特征局部区间覆盖"	"清除实例特征局部区间覆盖"	"特征类.cpp:2941"	"1"	"bool 特征类::清除实例特征局部区间覆盖(特征节点类* 实例特征)"	"按函数名执行对应处理。"	""	"ClCompile"	"特征类.h:311:    bool 清除实例特征局部区间覆盖(特征节点类* 实例特征);"
"present"	"特征类::合并抽象区间"	"合并抽象区间"	"特征类.cpp:2998"	"1"	"bool 特征类::合并抽象区间(抽象特征节点类* 目标抽象特征, const 抽象特征节点类* 来源抽象特征)"	"按函数名执行对应处理。"	""	"ClCompile"	"特征类.h:313:    bool 合并抽象区间(抽象特征节点类* 目标抽象特征, const 抽象特征节点类* 来源抽象特征);"
"present"	"私有_统计三维体素占据数"	"私有_统计三维体素占据数"	"特征类.cpp:325"	"1"	"std::uint64_t 私有_统计三维体素占据数(const VecIU64& 占据位块) noexcept"	"计算权重、状态、差值或派生结果。"	""	"ClCompile"	"特征类.cpp:3526:    const auto 占据总数 = 私有_统计三维体素占据数(占据位块);"
"present"	"特征类::写入三维体素长方体占据位"	"写入三维体素长方体占据位"	"特征类.cpp:3313"	"1"	"bool 特征类::写入三维体素长方体占据位( VecIU64& 占据位块, const std::uint32_t 宽度, const std::uint32_t 高度, const std::uint32_t 深度, const std::uint32_t x, const std::uint32_t y, const std::uint32_t z, const bool 有存在) noexcept"	"把处理结果写入指定对象、场景或日志。"	""	"ClCompile"	"特征类.h:372:    static bool 写入三维体素长方体占据位("
"present"	"私有_统计三维体素块状态"	"私有_统计三维体素块状态"	"特征类.cpp:335"	"1"	"枚举_三维体素链节点状态 私有_统计三维体素块状态( const VecIU64& 占据位块, const std::uint32_t 细分层数, const std::uint32_t x0, const std::uint32_t y0, const std::uint32_t z0, const std::uint32_t 边长, std::uint64_t& 输出占据数) noexcept"	"计算权重、状态、差值或派生结果。"	""	"ClCompile"	"特征类.cpp:3547:        const auto 状态 = 私有_统计三维体素块状态(占据位块, 细分层数, x0, y0, z0, 边长, 当前占据数);"
"present"	"特征类::写入三维体素长方体二分层链"	"写入三维体素长方体二分层链"	"特征类.cpp:3609"	"1"	"结构_三维体素链写入结果 特征类::写入三维体素长方体二分层链( 特征值类& 值池, 特征节点类* 节点, const VecIU64& 长方体占据位块, const std::uint32_t 宽度, const std::uint32_t 高度, const std::uint32_t 深度, const std::uint32_t 最小体素边长_mm, 时间戳 now)"	"把长方体输入归一化后写入三维体素二分层链。"	""	"ClCompile"	"特征类.h:424:    结构_三维体素链写入结果 写入三维体素长方体二分层链("
"present"	"特征类::比较局部轮廓深度图与三维体素链"	"比较局部轮廓深度图与三维体素链"	"特征类.cpp:4086"	"1"	"结构_三维体素局部轮廓相似度结果 特征类::比较局部轮廓深度图与三维体素链( const 特征值类& 值池, VecU句柄 存在体素根句柄, const 结构_三维体素存在空间绑定参数& 存在空间, const std::vector<结构_三维体素轮廓图视角>& 局部视角集合, const 结构_三维体素轮廓融合参数& 局部融合参数, const std::uint32_t 查询层级)"	"根据局部深度轮廓生成的体素，和已存存在体素链做只读相似度比较。"	""	"ClCompile"	"特征类.h:451:    static 结构_三维体素局部轮廓相似度结果 比较局部轮廓深度图与三维体素链("
"present"	"特征类::校验平面轮廓VecI64"	"校验平面轮廓VecI64"	"特征类.cpp:4120"	"1"	"bool 特征类::校验平面轮廓VecI64(const VecI64& 值) noexcept"	"按函数名执行对应处理。"	""	"ClCompile"	"特征类.h:459:    static bool 校验平面轮廓VecI64(const VecI64& 值) noexcept;"
"present"	"特征类::校验空间极值轮廓VecI64"	"校验空间极值轮廓VecI64"	"特征类.cpp:4126"	"1"	"bool 特征类::校验空间极值轮廓VecI64(const VecI64& 值) noexcept"	"按函数名执行对应处理。"	""	"ClCompile"	"特征类.h:460:    static bool 校验空间极值轮廓VecI64(const VecI64& 值) noexcept;"
"present"	"特征类::生成度量签名"	"生成度量签名"	"特征类.cpp:4358"	"1"	"std::string 特征类::生成度量签名(const 特征节点类* 节点) const"	"根据当前输入生成目标数据、场景、动态或回执。"	""	"ClCompile"	"特征类.h:477:    std::string 生成度量签名(const 特征节点类* 节点) const;"
"present"	"私有_I64值域项包含"	"私有_I64值域项包含"	"特征类.cpp:474"	"1"	"bool 私有_I64值域项包含(const I64值域项& 项, const I64 值) noexcept"	"服务所在模块的内部辅助流程。"	""	"ClCompile"	"特征类.cpp:2521:            if (私有_I64值域项包含(项, *标量)) {"
"present"	"私有_I64值域项宽度"	"私有_I64值域项宽度"	"特征类.cpp:515"	"1"	"I64 私有_I64值域项宽度(const I64值域项& 项) noexcept"	"服务所在模块的内部辅助流程。"	""	"ClCompile"	"特征类.cpp:539:            最小宽度 = std::min(最小宽度, 私有_I64值域项宽度(项));"
"present"	"私有_抽象值域宽度"	"私有_抽象值域宽度"	"特征类.cpp:527"	"1"	"I64 私有_抽象值域宽度(const 抽象特征主信息类* 主信息) noexcept"	"服务所在模块的内部辅助流程。"	""	"ClCompile"	"特征类.cpp:2919:        const auto 宽度 = 私有_抽象值域宽度(候选主信息);"
"present"	"私有_规范化抽象特征主信息"	"私有_规范化抽象特征主信息"	"特征类.cpp:545"	"1"	"void 私有_规范化抽象特征主信息(抽象特征主信息类& 主信息)"	"服务所在模块的内部辅助流程。"	""	"ClCompile"	"特征类.cpp:632:    私有_规范化抽象特征主信息(*主信息);"
"present"	"私有_节点引用相同"	"私有_节点引用相同"	"特征类.cpp:58"	"1"	"bool 私有_节点引用相同(const 基础信息节点类* 节点, const 可解析引用<基础信息节点类>& 引用)"	"服务所在模块的内部辅助流程。"	""	"ClCompile"	"特征类.cpp:2624:        if (主信息 && 私有_节点引用相同(抽象特征, 主信息->抽象特征)) {"
"present"	"特征类::查找子抽象特征_按名称"	"查找子抽象特征_按名称"	"特征类.cpp:731"	"1"	"抽象特征节点类* 特征类::查找子抽象特征_按名称( const 基础信息节点类* 父抽象特征, const 语素入口节点类* 名称) const"	"按条件查找目标对象、方法或事实。"	""	"ClCompile"	"特征类.h:254:    抽象特征节点类* 查找子抽象特征_按名称("
"present"	"私有_直接特征子节点"	"私有_直接特征子节点"	"特征类.cpp:85"	"1"	"std::vector<基础信息节点类*> 私有_直接特征子节点( const 基础信息类& 基础信息, const 基础信息节点类* 父节点)"	"枚举父节点下直接挂载的特征子节点。"	""	"ClCompile"	"特征类.cpp:2355:    for (auto* 节点 : 私有_直接特征子节点(*基础信息_, 宿主)) {"
"present"	"是坐标链"	"是坐标链"	"特征类.h:80"	"1"	"bool 是坐标链() const noexcept"	"按函数名执行对应处理。"	""	"ClInclude"	"特征类.cpp:4107:    if (!规则.是坐标链()) return std::nullopt;"
"present"	"创建子值节点"	"创建子值节点"	"特征值类.h:100"	"1"	"节点类* 创建子值节点(节点类* 父节点, VecIU64 v)"	"创建并返回或登记对应对象。"	""	"ClInclude"	"特征类.cpp:3550:        auto* 当前节点 = 值池.创建子值节点("
"present"	"私有_向上取整平方边长"	"私有_向上取整平方边长"	"特征值类.h:182"	"1"	"static std::size_t 私有_向上取整平方边长(std::size_t x) noexcept"	"服务所在模块的内部辅助流程。"	""	"ClInclude"	"特征值类.h:252:        std::size_t side = 私有_向上取整平方边长(base.size());"
"present"	"私有_向上取整立方边长"	"私有_向上取整立方边长"	"特征值类.h:191"	"1"	"static std::size_t 私有_向上取整立方边长(std::size_t x) noexcept"	"服务所在模块的内部辅助流程。"	""	"ClInclude"	"特征值类.h:306:        std::size_t side = 私有_向上取整立方边长(base.size());"
"present"	"生成二维轮廓金字塔"	"生成二维轮廓金字塔"	"特征值类.h:247"	"1"	"static std::vector<I64> 生成二维轮廓金字塔(VecIU64 base, std::vector<VecIU64>& 输出层)"	"根据当前输入生成目标数据、场景、动态或回执。"	""	"ClInclude"	"特征值类.h:410:                tokens = 生成二维轮廓金字塔(node->主信息.值, 层);"
"present"	"生成三维轮廓金字塔"	"生成三维轮廓金字塔"	"特征值类.h:301"	"1"	"static std::vector<I64> 生成三维轮廓金字塔(VecIU64 base, std::vector<VecIU64>& 输出层)"	"根据当前输入生成目标数据、场景、动态或回执。"	""	"ClInclude"	"特征值类.h:413:                tokens = 生成三维轮廓金字塔(node->主信息.值, 层);"
"present"	"分层_取或创建路径_已加锁"	"分层_取或创建路径_已加锁"	"特征值类.h:364"	"1"	"分层索引节点* 分层_取或创建路径_已加锁(分层索引节点*& root, const std::vector<I64>& tokens)"	"创建并返回或登记对应对象。"	""	"ClInclude"	"特征值类.h:392:        auto* path = 分层_取或创建路径_已加锁(root, tokens);"
"present"	"分层_登记叶子_已加锁"	"分层_登记叶子_已加锁"	"特征值类.h:388"	"1"	"void 分层_登记叶子_已加锁(枚举_轮廓维度 dim, const std::vector<I64>& tokens, 节点类* leaf)"	"登记方法、模板、对象或运行入口。"	""	"ClInclude"	"特征值类.h:416:            分层_登记叶子_已加锁(dim, tokens, node);"
"present"	"私有_比较向量"	"私有_比较向量"	"特征值主信息类.h:71"	"1"	"static std::int64_t 私有_比较向量(const VecIU64& a, const VecIU64& b) noexcept"	"比较当前值、目标值或历史基准。"	""	"ClInclude"	"特征值主信息类.h:38:            return 私有_比较向量(值, 对象.值);"
"present"	"D455_写入簇Tracker轨迹状态"	"D455_写入簇Tracker轨迹状态"	"外设线程_D455深度相机.ixx:1138"	"1"	"void D455_写入簇Tracker轨迹状态( 结构_外设观察像素簇摘要& 簇, 枚举_外设Tracker轨迹状态 状态, std::int64_t 连续帧数, std::int64_t 时间戳毫秒)"	"把处理结果写入指定对象、场景或日志。"	""	"ClCompile"	"外设线程_D455深度相机.ixx:1270:            D455_写入簇Tracker轨迹状态("
"present"	"D455_清空跟踪稳定缓存"	"D455_清空跟踪稳定缓存"	"外设线程_D455深度相机.ixx:237"	"1"	"void D455_清空跟踪稳定缓存()"	"执行跟踪相关定位、匹配或结果输出逻辑。"	""	"ClCompile"	"外设线程_D455深度相机.ixx:3044:            D455_清空跟踪稳定缓存();"
"present"	"D455_清空跨帧观察簇缓存"	"D455_清空跨帧观察簇缓存"	"外设线程_D455深度相机.ixx:284"	"1"	"void D455_清空跨帧观察簇缓存()"	"按函数名执行对应处理。"	""	"ClCompile"	"外设线程_D455深度相机.ixx:3045:            D455_清空跨帧观察簇缓存();"
"present"	"D455_发布目标跟踪报告"	"D455_发布目标跟踪报告"	"外设线程_D455深度相机.ixx:3031"	"1"	"void D455_发布目标跟踪报告( const 结构_外设观察报告队列项& 逐簇识别报告, const 结构_外设观察报告队列项& 稳定子集报告, const std::vector<结构_外设观察等待项>& 跟踪等待项集合, std::uint64_t 序号, std::uint64_t& 跟踪跳过日志抑制条数)"	"执行跟踪相关定位、匹配或结果输出逻辑。"	""	"ClCompile"	"外设线程_D455深度相机.ixx:2934:    void D455_发布目标跟踪报告("
"present"	"D455_选择迁移分割深度源"	"D455_选择迁移分割深度源"	"外设线程_D455深度相机.ixx:385"	"1"	"结构_D455迁移分割深度源 D455_选择迁移分割深度源( const 双目相机本能适配器::调用结果& 来源, std::size_t 预期像素数) noexcept"	"从候选集中选择当前使用对象或方法。"	""	"ClCompile"	"外设线程_D455深度相机.ixx:618:        const auto 深度源 = D455_选择迁移分割深度源(来源, 预期像素数);"
"present"	"D455_迁移分割应拒绝触边组件"	"D455_迁移分割应拒绝触边组件"	"外设线程_D455深度相机.ixx:424"	"1"	"bool D455_迁移分割应拒绝触边组件( std::int64_t 投影最小X, std::int64_t 投影最大X, std::int64_t 投影最小Y, std::int64_t 投影最大Y, std::int64_t 面积, std::int64_t 帧宽度, std::int64_t 帧高度, std::int64_t 最大触边面积, bool 近前景) noexcept"	"按函数名执行对应处理。"	""	"ClCompile"	"外设线程_D455深度相机.ixx:487:        if (D455_迁移分割应拒绝触边组件("
"present"	"D455_迁移分割组件通过材料门"	"D455_迁移分割组件通过材料门"	"外设线程_D455深度相机.ixx:451"	"1"	"bool D455_迁移分割组件通过材料门( const 结构_D455迁移分割组件& 组件, std::int64_t 帧宽度, std::int64_t 帧高度) noexcept"	"按函数名执行对应处理。"	""	"ClCompile"	"外设线程_D455深度相机.ixx:733:                    if (!D455_迁移分割组件通过材料门(组件, 宽, 高)) {"
"present"	"D455_从迁移分割组件生成空间候选"	"D455_从迁移分割组件生成空间候选"	"外设线程_D455深度相机.ixx:503"	"1"	"双目相机本能适配器::空间候选摘要 D455_从迁移分割组件生成空间候选( const 结构_D455迁移分割组件& 组件, const 双目相机本能适配器::调用结果& 来源)"	"根据当前输入生成目标数据、场景、动态或回执。"	""	"ClCompile"	"外设线程_D455深度相机.ixx:736:                    输出.push_back(D455_从迁移分割组件生成空间候选(组件, 来源));"
"present"	"D455_提取迁移分割空间候选"	"D455_提取迁移分割空间候选"	"外设线程_D455深度相机.ixx:608"	"1"	"std::vector<双目相机本能适配器::空间候选摘要> D455_提取迁移分割空间候选( const 双目相机本能适配器::调用结果& 来源)"	"按函数名执行对应处理。"	""	"ClCompile"	"外设线程_D455深度相机.ixx:765:        auto 候选列表 = D455_提取迁移分割空间候选(*结果);"
"present"	"D455_观察簇投影有效"	"D455_观察簇投影有效"	"外设线程_D455深度相机.ixx:914"	"1"	"bool D455_观察簇投影有效( const 结构_外设观察像素簇摘要& 簇, std::int64_t 帧宽度, std::int64_t 帧高度) noexcept"	"按函数名执行对应处理。"	""	"ClCompile"	"外设线程_D455深度相机.ixx:1557:            if (D455_观察簇投影有效(簇, 来源.宽度, 来源.高度)) {"
"present"	"D455_跨帧簇可匹配"	"D455_跨帧簇可匹配"	"外设线程_D455深度相机.ixx:965"	"1"	"bool D455_跨帧簇可匹配( const 结构_D455跨帧观察簇缓存项& 缓存项, const 结构_外设观察像素簇摘要& 簇, std::int64_t* 输出分值) noexcept"	"按函数名执行对应处理。"	""	"ClCompile"	"外设线程_D455深度相机.ixx:1199:                if (!D455_跨帧簇可匹配(项, 簇, &分值)) {"
"present"	"需求类::逻辑组织目标语义文本"	"逻辑组织目标语义文本"	"需求类.cpp:1042"	"1"	"const char* 需求类::逻辑组织目标语义文本( const 语素入口节点类* 目标特征类型) noexcept"	"按函数名执行对应处理。"	""	"ClCompile"	"需求类.h:299:    static const char* 逻辑组织目标语义文本("
"present"	"私有_需求直接子数量"	"私有_需求直接子数量"	"需求类.cpp:113"	"1"	"std::size_t 私有_需求直接子数量(const 需求类::节点类* 节点)"	"服务所在模块的内部辅助流程。"	""	"ClCompile"	"需求类.cpp:176:        行.直接子数量 = static_cast<int>(私有_需求直接子数量(节点));"
"present"	"需求类::需求方向同向"	"需求方向同向"	"需求类.cpp:1625"	"1"	"bool 需求类::需求方向同向( const 二次特征节点类* 左, const 二次特征节点类* 右) noexcept"	"按函数名执行对应处理。"	""	"ClCompile"	"需求类.h:438:    static bool 需求方向同向("
"present"	"需求类::需求方向反向"	"需求方向反向"	"需求类.cpp:1633"	"1"	"bool 需求类::需求方向反向( const 二次特征节点类* 左, const 二次特征节点类* 右) noexcept"	"按函数名执行对应处理。"	""	"ClCompile"	"需求类.h:442:    static bool 需求方向反向("
"present"	"需求类::目标特征类型可进入普通候选方法筹办"	"目标特征类型可进入普通候选方法筹办"	"需求类.cpp:1641"	"1"	"bool 需求类::目标特征类型可进入普通候选方法筹办( const 语素入口节点类* 目标特征类型) noexcept"	"推进任务筹办，形成候选、缺口或就绪回执。"	""	"ClCompile"	"需求类.h:446:    static bool 目标特征类型可进入普通候选方法筹办("
"present"	"需求类::构造AND组需求更新指令"	"构造AND组需求更新指令"	"需求类.cpp:1998"	"1"	"结构_需求树更新指令 需求类::构造AND组需求更新指令( const 结构_逻辑组织需求更新输入& 输入) noexcept"	"更新已有对象、状态、索引或缓存。"	""	"ClCompile"	"需求类.h:466:    static 结构_需求树更新指令 构造AND组需求更新指令("
"present"	"需求类::构造OR组需求更新指令"	"构造OR组需求更新指令"	"需求类.cpp:2007"	"1"	"结构_需求树更新指令 需求类::构造OR组需求更新指令( const 结构_逻辑组织需求更新输入& 输入) noexcept"	"更新已有对象、状态、索引或缓存。"	""	"ClCompile"	"需求类.h:469:    static 结构_需求树更新指令 构造OR组需求更新指令("
"present"	"需求类::构造方法路径组需求更新指令"	"构造方法路径组需求更新指令"	"需求类.cpp:2016"	"1"	"结构_需求树更新指令 需求类::构造方法路径组需求更新指令( const 结构_逻辑组织需求更新输入& 输入) noexcept"	"更新已有对象、状态、索引或缓存。"	""	"ClCompile"	"需求类.h:472:    static 结构_需求树更新指令 构造方法路径组需求更新指令("
"present"	"需求类::构造因果子链支撑需求更新指令"	"构造因果子链支撑需求更新指令"	"需求类.cpp:2025"	"1"	"结构_需求树更新指令 需求类::构造因果子链支撑需求更新指令( const 结构_逻辑组织需求更新输入& 输入) noexcept"	"更新已有对象、状态、索引或缓存。"	""	"ClCompile"	"需求类.h:475:    static 结构_需求树更新指令 构造因果子链支撑需求更新指令("
"present"	"需求类::生成任务初始化上下文"	"生成任务初始化上下文"	"需求类.cpp:2286"	"1"	"需求类::结构_任务初始化上下文 需求类::生成任务初始化上下文( 节点类* 需求) noexcept"	"初始化相关对象、状态或运行上下文。"	""	"ClCompile"	"需求类.h:639:    static 结构_任务初始化上下文 生成任务初始化上下文(节点类* 需求) noexcept;"
"present"	"私有_需求树SQL建库脚本"	"私有_需求树SQL建库脚本"	"需求类.cpp:231"	"1"	"std::string 私有_需求树SQL建库脚本()"	"服务所在模块的内部辅助流程。"	""	"ClCompile"	"需求类.cpp:2228:        if (!私有_执行需求树ADO命令(主库连接串, ""需求树SQL投影建库"", 私有_需求树SQL建库脚本(), 错误)"
"present"	"私有_需求树SQL建表脚本"	"私有_需求树SQL建表脚本"	"需求类.cpp:239"	"1"	"std::string 私有_需求树SQL建表脚本()"	"服务所在模块的内部辅助流程。"	""	"ClCompile"	"需求类.cpp:2229:            || !私有_执行需求树ADO命令(投影库连接串, ""需求树SQL投影建表"", 私有_需求树SQL建表脚本(), 错误)"
"present"	"私有_需求树SQL视图脚本"	"私有_需求树SQL视图脚本"	"需求类.cpp:362"	"1"	"std::string 私有_需求树SQL视图脚本()"	"服务所在模块的内部辅助流程。"	""	"ClCompile"	"需求类.cpp:2230:            || !私有_执行需求树ADO命令(投影库连接串, ""需求树SQL投影视图"", 私有_需求树SQL视图脚本(), 错误)"
"present"	"私有_构造需求树SQL重写脚本"	"私有_构造需求树SQL重写脚本"	"需求类.cpp:514"	"1"	"std::string 私有_构造需求树SQL重写脚本( const std::vector<结构_需求树SQL行>& 行集, const std::string& 来源原因, const std::string& 根主键)"	"服务所在模块的内部辅助流程。"	""	"ClCompile"	"需求类.cpp:2231:            || !私有_执行需求树ADO命令(投影库连接串, ""需求树SQL投影重写"", 私有_构造需求树SQL重写脚本(行集, 原因文本, 根主键), 错误)) {"
"present"	"私有_目标特征是自检维护管理状态"	"私有_目标特征是自检维护管理状态"	"需求类.cpp:654"	"1"	"bool 私有_目标特征是自检维护管理状态(const 语素入口节点类* 目标特征类型) noexcept"	"服务所在模块的内部辅助流程。"	""	"ClCompile"	"需求类.cpp:1027:    if (私有_目标特征是自检维护管理状态(目标特征类型)) {"
"present"	"私有_需求树SQL投影互斥"	"私有_需求树SQL投影互斥"	"需求类.cpp:66"	"1"	"std::mutex& 私有_需求树SQL投影互斥() noexcept"	"服务所在模块的内部辅助流程。"	""	"ClCompile"	"需求类.cpp:2205:    std::lock_guard<std::mutex> SQL锁{ 私有_需求树SQL投影互斥() };"
"present"	"私有_状态主体主键_需求方向"	"私有_状态主体主键_需求方向"	"需求类.cpp:683"	"1"	"std::string 私有_状态主体主键_需求方向(const 状态节点类* 状态) noexcept"	"服务所在模块的内部辅助流程。"	""	"ClCompile"	"需求类.cpp:899:            签名.目标主体主键 = 私有_状态主体主键_需求方向(目标状态);"
"present"	"私有_解析状态特征节点_需求校验"	"私有_解析状态特征节点_需求校验"	"需求类.cpp:729"	"1"	"特征节点类* 私有_解析状态特征节点_需求校验( const 状态节点类* 状态) noexcept"	"解析输入文本、消息、场景或运行包。"	""	"ClCompile"	"需求类.cpp:750:            私有_解析状态特征节点_需求校验(状态));"
"present"	"私有_方向掩码反向_需求方向"	"私有_方向掩码反向_需求方向"	"需求类.cpp:761"	"1"	"bool 私有_方向掩码反向_需求方向( const 三向关系掩码 左, const 三向关系掩码 右) noexcept"	"服务所在模块的内部辅助流程。"	""	"ClCompile"	"需求类.cpp:1571:        if (私有_方向掩码反向_需求方向(左.方向掩码, 右.方向掩码)) {"
"present"	"私有_方向区间反向_需求方向"	"私有_方向区间反向_需求方向"	"需求类.cpp:773"	"1"	"bool 私有_方向区间反向_需求方向( const 二次特征主信息类::枚举_方向区间 左, const 二次特征主信息类::枚举_方向区间 右) noexcept"	"服务所在模块的内部辅助流程。"	""	"ClCompile"	"需求类.cpp:1583:        if (私有_方向区间反向_需求方向(左.方向区间, 右.方向区间)) {"
"present"	"私有_方法树存在生产者"	"私有_方法树存在生产者"	"需求类.cpp:795"	"1"	"bool 私有_方法树存在生产者( const 语素入口节点类* 目标特征类型) noexcept"	"服务所在模块的内部辅助流程。"	""	"ClCompile"	"需求类.cpp:826:        if (私有_方法树存在生产者(目标特征类型)) {"
"present"	"私有_目标特征是逻辑流程产物"	"私有_目标特征是逻辑流程产物"	"需求类.cpp:807"	"1"	"bool 私有_目标特征是逻辑流程产物( const 语素入口节点类* 目标特征类型) noexcept"	"服务所在模块的内部辅助流程。"	""	"ClCompile"	"需求类.cpp:823:        if (私有_目标特征是逻辑流程产物(目标特征类型)) {"
"present"	"私有_查询枚举目标生产者分级"	"私有_查询枚举目标生产者分级"	"需求类.cpp:817"	"1"	"枚举_枚举目标生产者分级 私有_查询枚举目标生产者分级( const 语素入口节点类* 目标特征类型) noexcept"	"服务所在模块的内部辅助流程。"	""	"ClCompile"	"需求类.cpp:2114:    结果.生产者分级 = 私有_查询枚举目标生产者分级(结果.目标特征类型);"
"present"	"私有_生产者分级已有生产者"	"私有_生产者分级已有生产者"	"需求类.cpp:833"	"1"	"bool 私有_生产者分级已有生产者(枚举_枚举目标生产者分级 分级) noexcept"	"服务所在模块的内部辅助流程。"	""	"ClCompile"	"需求类.cpp:2130:    结果.有合法生产者 = 私有_生产者分级已有生产者(结果.生产者分级);"
"present"	"私有_特征_方法状态_需求校验"	"私有_特征_方法状态_需求校验"	"需求类.cpp:842"	"1"	"const 语素入口节点类* 私有_特征_方法状态_需求校验() noexcept"	"服务所在模块的内部辅助流程。"	""	"ClCompile"	"需求类.cpp:854:            私有_特征_方法状态_需求校验());"
"present"	"私有_枚举目标比较符合法"	"私有_枚举目标比较符合法"	"需求类.cpp:858"	"1"	"bool 私有_枚举目标比较符合法( const 语素入口节点类* 目标特征类型, 三向关系掩码 满足关系) noexcept"	"比较当前值、目标值或历史基准。"	""	"ClCompile"	"需求类.cpp:2115:    结果.比较符合法 = 私有_枚举目标比较符合法("
"present"	"私有_构造枚举目标校验摘要"	"私有_构造枚举目标校验摘要"	"需求类.cpp:875"	"1"	"std::string 私有_构造枚举目标校验摘要(const 结构_枚举目标校验结果& 结果)"	"服务所在模块的内部辅助流程。"	""	"ClCompile"	"需求类.cpp:2171:            + 私有_构造枚举目标校验摘要(校验)"
"present"	"私有_生成需求方向签名_从材料"	"私有_生成需求方向签名_从材料"	"需求类.cpp:891"	"1"	"需求类::结构_需求方向签名 私有_生成需求方向签名_从材料( const 结构_二次特征方向签名材料& 材料) noexcept"	"根据二次特征方向签名材料生成需求方向签名。"	""	"ClCompile"	"需求类.cpp:1547:    return 私有_生成需求方向签名_从材料(材料);"
"present"	"私有_刷新父级需求结算摘要_需求类"	"私有_刷新父级需求结算摘要_需求类"	"需求类.cpp:927"	"1"	"void 私有_刷新父级需求结算摘要_需求类(需求类::节点类* 起点需求) noexcept"	"刷新父级需求结算摘要，不修改需求树结构。"	""	"ClCompile"	"需求类.cpp:1500:        私有_刷新父级需求结算摘要_需求类(需求);"
"present"	"合并需求主信息_已加锁"	"合并需求主信息_已加锁"	"需求类.h:1062"	"1"	"static void 合并需求主信息_已加锁( 需求主信息类& 目标, const 需求主信息类& 候选) noexcept"	"按函数名执行对应处理。"	""	"ClInclude"	"需求类.h:1140:            合并需求主信息_已加锁(已有子需求->主信息, 主信息);"
"present"	"添加子需求节点_已加锁"	"添加子需求节点_已加锁"	"需求类.h:1090"	"1"	"节点类* 添加子需求节点_已加锁( 节点类* 父需求, const 结构_需求树更新指令& 指令) noexcept"	"按函数名执行对应处理。"	""	"ClInclude"	"需求类.h:1176:            目标需求 = 添加子需求节点_已加锁(父需求, 指令);"
"present"	"执行新增需求指令_已加锁"	"执行新增需求指令_已加锁"	"需求类.h:1167"	"1"	"节点类* 执行新增需求指令_已加锁( 节点类* 父需求, 节点类* 目标需求, const 结构_需求树更新指令& 指令) noexcept"	"执行新增需求更新指令，新增或复用直接子需求并刷新父需求权重。"	""	"ClInclude"	"需求类.h:1276:            return 执行新增需求指令_已加锁(父需求, 目标需求, 指令);"
"present"	"执行更新或满足需求指令_已加锁"	"执行更新或满足需求指令_已加锁"	"需求类.h:1185"	"1"	"节点类* 执行更新或满足需求指令_已加锁( 节点类* 目标需求, const 结构_需求树更新指令& 指令) noexcept"	"执行更新或满足需求指令，更新目标需求字段并按需截止需求。"	""	"ClInclude"	"需求类.h:1280:            return 执行更新或满足需求指令_已加锁(目标需求, 指令);"
"present"	"执行删除需求指令_已加锁"	"执行删除需求指令_已加锁"	"需求类.h:1241"	"1"	"节点类* 执行删除需求指令_已加锁( 节点类* 需求根节点, 节点类* 目标需求) noexcept"	"执行删除需求指令，删除目标需求并刷新原父需求权重。"	""	"ClInclude"	"需求类.h:1283:            return 执行删除需求指令_已加锁(需求根节点, 目标需求);"
"present"	"执行更新指令_已加锁"	"执行更新指令_已加锁"	"需求类.h:1259"	"1"	"节点类* 执行更新指令_已加锁( 节点类* 需求根节点, const 结构_需求树更新指令& 指令) noexcept"	"更新已有对象、状态、索引或缓存。"	""	"ClInclude"	"需求类.h:678:            结果 = 执行更新指令_已加锁(真实根, 指令);"
"present"	"刷新直接子需求权重_已加锁"	"刷新直接子需求权重_已加锁"	"需求类.h:1312"	"1"	"std::size_t 刷新直接子需求权重_已加锁(节点类* 父需求) noexcept"	"按函数名执行对应处理。"	""	"ClInclude"	"需求类.h:1298:        const auto 已刷新直接子节点数 = 刷新直接子需求权重_已加锁(父需求);"
"present"	"有方向信息"	"有方向信息"	"需求类.h:154"	"1"	"bool 有方向信息() const noexcept"	"按函数名执行对应处理。"	""	"ClInclude"	"需求类.h:163:            return !目标特征类型主键.empty() && 有方向信息();"
"present"	"计算子需求平分权重"	"计算子需求平分权重"	"需求类.h:565"	"1"	"static 结构_子需求平分权重 计算子需求平分权重( const std::int64_t 父需求安全权重, const std::int64_t 父需求服务权重, const std::int64_t 子需求数量) noexcept"	"计算权重、状态、差值或派生结果。"	""	"ClInclude"	"需求类.h:579:    static 结构_子需求平分权重 计算子需求平分权重(const 节点类* 父需求) noexcept"
"present"	"计算子需求平分权重"	"计算子需求平分权重"	"需求类.h:579"	"1"	"static 结构_子需求平分权重 计算子需求平分权重(const 节点类* 父需求) noexcept"	"计算权重、状态、差值或派生结果。"	""	"ClInclude"	"需求类.h:565:    static 结构_子需求平分权重 计算子需求平分权重("
"present"	"节点属于独立树_已加锁"	"节点属于独立树_已加锁"	"需求类.h:721"	"1"	"static bool 节点属于独立树_已加锁( const 节点类* 需求根节点, const 节点类* 候选节点) noexcept"	"按函数名执行对应处理。"	""	"ClInclude"	"需求类.h:750:            if (节点属于独立树_已加锁(需求根节点, 候选节点)) {"
"present"	"状态特征类型主键_已加锁"	"状态特征类型主键_已加锁"	"需求类.h:758"	"1"	"static std::string 状态特征类型主键_已加锁( const 可解析引用<特征节点类>& 状态特征) noexcept"	"读取状态特征类型主键，不创建或修改节点。"	""	"ClInclude"	"需求类.h:914:            输出.目标特征类型主键 = 状态特征类型主键_已加锁(目标状态特征);"
"present"	"基础引用主键_已加锁"	"基础引用主键_已加锁"	"需求类.h:771"	"1"	"static std::string 基础引用主键_已加锁(const 可解析引用<基础信息节点类>& 引用) noexcept"	"按函数名执行对应处理。"	""	"ClInclude"	"需求类.h:912:                输出.目标主体主键 = 基础引用主键_已加锁(目标状态主体);"
"present"	"存在引用主键_已加锁"	"存在引用主键_已加锁"	"需求类.h:780"	"1"	"static std::string 存在引用主键_已加锁(const 可解析引用<存在节点类>& 引用) noexcept"	"按函数名执行对应处理。"	""	"ClInclude"	"需求类.h:867:        if (const auto 被需求存在主键 = 存在引用主键_已加锁(主信息.被需求存在);"
"present"	"收集直接子需求目标视图_已加锁"	"收集直接子需求目标视图_已加锁"	"需求类.h:994"	"1"	"static std::vector<结构_需求目标视图项> 收集直接子需求目标视图_已加锁( 节点类* 父需求) noexcept"	"按函数名执行对应处理。"	""	"ClInclude"	"需求类.h:622:        return 收集直接子需求目标视图_已加锁(父需求);"
"present"	"私有_生成因果信息采样序号"	"私有_生成因果信息采样序号"	"因果类.cpp:79"	"1"	"static std::uint64_t 私有_生成因果信息采样序号(std::uint64_t 总耗时微秒) noexcept"	"服务所在模块的内部辅助流程。"	""	"ClCompile"	"因果类.cpp:2299:        const auto 采样序号 = 私有_生成因果信息采样序号(总耗时微秒);"
"present"	"~私有_自我线程守卫"	"~私有_自我线程守卫"	"鱼巢.cpp:1026"	"1"	"~私有_自我线程守卫()"	"释放或收束对象资源。"	"ctor_dtor"	"ClCompile"	"鱼巢.cpp:1020:        ~私有_自我线程守卫()"
"present"	"私有_记录动作验证报告结构日志"	"私有_记录动作验证报告结构日志"	"鱼巢.cpp:123"	"1"	"void 私有_记录动作验证报告结构日志( const std::uint64_t 线程Tick计数, const std::uint64_t 任务数, const std::uint64_t 需求数)"	"记录日志、动态、证据或运行痕迹。"	""	"ClCompile"	"鱼巢.cpp:728:        私有_记录动作验证报告结构日志("
"present"	"~结构_控制台自动刷新守卫"	"~结构_控制台自动刷新守卫"	"鱼巢.cpp:1498"	"1"	"~结构_控制台自动刷新守卫()"	"释放或收束对象资源。"	"ctor_dtor"	"ClCompile"	"鱼巢.cpp:1492:        ~结构_控制台自动刷新守卫()"
"present"	"私有_解析非负毫秒参数"	"私有_解析非负毫秒参数"	"鱼巢.cpp:192"	"1"	"bool 私有_解析非负毫秒参数(std::string_view 文本, int& 输出) noexcept"	"解析输入文本、消息、场景或运行包。"	""	"ClCompile"	"鱼巢.cpp:221:            if (!私有_解析非负毫秒参数(文本, 候选)) {"
"present"	"私有_解析自检日志等待毫秒"	"私有_解析自检日志等待毫秒"	"鱼巢.cpp:213"	"1"	"int 私有_解析自检日志等待毫秒(int argc, char** argv) noexcept"	"解析输入文本、消息、场景或运行包。"	""	"ClCompile"	"鱼巢.cpp:2120:                    const int 等待毫秒 = 私有_解析自检日志等待毫秒(argc, argv);"
"present"	"私有_解析命令行相机命令"	"私有_解析命令行相机命令"	"鱼巢.cpp:246"	"1"	"枚举_命令行相机命令 私有_解析命令行相机命令(int argc, char** argv) noexcept"	"解析输入文本、消息、场景或运行包。"	""	"ClCompile"	"鱼巢.cpp:2144:        const auto 相机命令 = 私有_解析命令行相机命令(argc, argv);"
"present"	"私有_相机失败原因文本"	"私有_相机失败原因文本"	"鱼巢.cpp:265"	"1"	"const char* 私有_相机失败原因文本(双目相机本能适配器::失败原因 原因) noexcept"	"服务所在模块的内部辅助流程。"	""	"ClCompile"	"鱼巢.cpp:286:            << "" | 原因="" << 私有_相机失败原因文本(结果.原因)"
"present"	"私有_相机调用结果摘要"	"私有_相机调用结果摘要"	"鱼巢.cpp:279"	"1"	"std::string 私有_相机调用结果摘要( std::string_view 阶段, const 双目相机本能适配器::调用结果& 结果)"	"服务所在模块的内部辅助流程。"	""	"ClCompile"	"鱼巢.cpp:390:        const auto 文本 = 私有_相机调用结果摘要(阶段, 结果);"
"present"	"私有_执行命令行相机命令"	"私有_执行命令行相机命令"	"鱼巢.cpp:397"	"1"	"int 私有_执行命令行相机命令(枚举_命令行相机命令 命令)"	"执行任务、方法或动作的主体逻辑。"	""	"ClCompile"	"鱼巢.cpp:2147:            return 私有_执行命令行相机命令(相机命令);"
"present"	"私有_任务管理反馈类型文本"	"私有_任务管理反馈类型文本"	"鱼巢.cpp:549"	"1"	"const char* 私有_任务管理反馈类型文本(枚举_任务管理反馈类型 类型) noexcept"	"服务所在模块的内部辅助流程。"	""	"ClCompile"	"鱼巢.cpp:781:                << "" | 反馈="" << (有最近治理结果 ? 私有_任务管理反馈类型文本(最近治理结果.最近反馈类型) : ""空"")"
"present"	"私有_拼接片段"	"私有_拼接片段"	"鱼巢.cpp:561"	"1"	"std::string 私有_拼接片段(const std::vector<std::string>& 片段)"	"服务所在模块的内部辅助流程。"	""	"ClCompile"	"鱼巢.cpp:1006:            项目运行警告日志(""自我实现检查/缺失 | "" + 私有_拼接片段(缺失项));"
"present"	"私有_统计任务节点"	"私有_统计任务节点"	"鱼巢.cpp:645"	"1"	"void 私有_统计任务节点( const 任务类::节点类* 任务根节点, std::size_t& 头结点数, std::size_t& 步骤节点数)"	"统计需求任务链中的任务头节点和步骤节点数量。"	""	"ClCompile"	"鱼巢.cpp:724:        私有_统计任务节点("
"present"	"私有_初始化日志"	"私有_初始化日志"	"鱼巢.cpp:678"	"1"	"void 私有_初始化日志()"	"初始化相关对象、状态或运行上下文。"	""	"ClCompile"	"鱼巢.cpp:2102:        私有_初始化日志();"
"present"	"语素类::确保信息入口对应基础信息"	"确保信息入口对应基础信息"	"语素类.cpp:1111"	"1"	"基础信息节点类* 语素类::确保信息入口对应基础信息(const std::string& 词值, 枚举_信息入口类型 信息入口类型, 基础信息类* 基础信息仓库, 基础信息节点类* 父节点)"	"确保目标结构、状态或前置条件存在并可用。"	""	"ClCompile"	"语素类.h:89:    基础信息节点类* 确保信息入口对应基础信息("
"present"	"语素类::查找语素入口对应基础信息"	"查找语素入口对应基础信息"	"语素类.cpp:1118"	"1"	"基础信息节点类* 语素类::查找语素入口对应基础信息(const 语素入口节点类* 入口节点) const"	"按条件查找目标对象、方法或事实。"	""	"ClCompile"	"语素类.h:95:    基础信息节点类* 查找语素入口对应基础信息(const 语素入口节点类* 入口节点) const;"
"present"	"语素类::读取信息入口定义"	"读取信息入口定义"	"语素类.cpp:1174"	"1"	"const 结构_信息入口定义* 语素类::读取信息入口定义(枚举_信息入口类型 信息入口类型) noexcept"	"读取指定信息入口类型的定义项。"	""	"ClCompile"	"语素类.h:101:    static const 结构_信息入口定义* 读取信息入口定义(枚举_信息入口类型 信息入口类型) noexcept;"
"present"	"语素类::读取信息入口默认人类词性"	"读取信息入口默认人类词性"	"语素类.cpp:1192"	"1"	"枚举_词性 语素类::读取信息入口默认人类词性(枚举_信息入口类型 信息入口类型) noexcept"	"读取指定信息入口类型默认映射的人类词性。"	""	"ClCompile"	"语素类.h:104:    static 枚举_词性 读取信息入口默认人类词性(枚举_信息入口类型 信息入口类型) noexcept;"
"present"	"语素类::通过词和场景查找基础信息"	"通过词和场景查找基础信息"	"语素类.cpp:1249"	"1"	"std::vector<基础信息节点类*> 语素类::通过词和场景查找基础信息( const std::string& 词字符串, 场景节点类* 当前场景, const 枚举_词性* 词性 ) const"	"按条件查找目标对象、方法或事实。"	""	"ClCompile"	"语素类.h:118:    std::vector<基础信息节点类*> 通过词和场景查找基础信息("
"present"	"语素类::添加二次特征词"	"添加二次特征词"	"语素类.cpp:1284"	"1"	"词节点类* 语素类::添加二次特征词(语素节点类* 参照物, 语素节点类* 比较对象, 语素节点类* 比较类型)"	"按函数名执行对应处理。"	""	"ClCompile"	"语素类.h:124:    词节点类* 添加二次特征词(语素节点类* 参照物, 语素节点类* 比较对象, 语素节点类* 比较类型);"
"present"	"枚举_词性_工厂::批量添加动态映射"	"批量添加动态映射"	"语素类.cpp:1532"	"1"	"void 枚举_词性_工厂::批量添加动态映射(const std::vector<std::pair<枚举_词性, std::string>>& 映射列表)"	"按函数名执行对应处理。"	""	"ClCompile"	"语素类.h:146:    static void 批量添加动态映射(const std::vector<std::pair<枚举_词性, std::string>>& 映射列表);"
"present"	"枚举_词性_工厂::清除动态映射"	"清除动态映射"	"语素类.cpp:1540"	"1"	"void 枚举_词性_工厂::清除动态映射()"	"按函数名执行对应处理。"	""	"ClCompile"	"语素类.h:147:    static void 清除动态映射();"
"present"	"私有_引用指向"	"私有_引用指向"	"语素类.cpp:207"	"1"	"bool 私有_引用指向(const 可解析引用<基础信息节点类>& 引用, const 基础信息节点类* 节点)"	"服务所在模块的内部辅助流程。"	""	"ClCompile"	"语素类.cpp:237:                if (私有_引用指向(引用, 基础信息节点)) return true;"
"present"	"私有_场景索引包含"	"私有_场景索引包含"	"语素类.cpp:227"	"1"	"bool 私有_场景索引包含( 基础信息类& 基础信息, const 场景节点类* 场景, const 基础信息节点类* 基础信息节点)"	"服务所在模块的内部辅助流程。"	""	"ClCompile"	"语素类.cpp:1272:                if (当前场景 && 私有_场景索引包含(基础信息, 当前场景, 基础节点)) {"
"present"	"私有_把基础信息挂入场景索引"	"私有_把基础信息挂入场景索引"	"语素类.cpp:248"	"1"	"void 私有_把基础信息挂入场景索引( 基础信息类& 基础信息, 场景节点类* 场景, 基础信息节点类* 基础信息节点)"	"服务所在模块的内部辅助流程。"	""	"ClCompile"	"语素类.cpp:1244:    私有_把基础信息挂入场景索引(基础信息, 场景, 基础信息节点);"
"present"	"私有_语素SQL投影互斥"	"私有_语素SQL投影互斥"	"语素类.cpp:315"	"1"	"std::mutex& 私有_语素SQL投影互斥() noexcept"	"服务所在模块的内部辅助流程。"	""	"ClCompile"	"语素类.cpp:709:    std::lock_guard<std::mutex> SQL锁{ 私有_语素SQL投影互斥() };"
"present"	"私有_语素父词面"	"私有_语素父词面"	"语素类.cpp:348"	"1"	"std::string 私有_语素父词面(const 语素节点类* 节点)"	"服务所在模块的内部辅助流程。"	""	"ClCompile"	"语素类.cpp:375:            行.词面 = 私有_语素父词面(节点);"
"present"	"私有_填充语素SQL主信息"	"私有_填充语素SQL主信息"	"语素类.cpp:357"	"1"	"void 私有_填充语素SQL主信息( const 语素节点类* 节点, 结构_语素SQL行& 行)"	"服务所在模块的内部辅助流程。"	""	"ClCompile"	"语素类.cpp:467:        私有_填充语素SQL主信息(节点, 行);"
"present"	"私有_语素SQL建库脚本"	"私有_语素SQL建库脚本"	"语素类.cpp:481"	"1"	"std::string 私有_语素SQL建库脚本()"	"服务所在模块的内部辅助流程。"	""	"ClCompile"	"语素类.cpp:729:        if (!私有_执行语素ADO命令(主库连接串, ""语素SQL投影建库"", 私有_语素SQL建库脚本(), 错误)"
"present"	"私有_语素SQL建表脚本"	"私有_语素SQL建表脚本"	"语素类.cpp:489"	"1"	"std::string 私有_语素SQL建表脚本()"	"服务所在模块的内部辅助流程。"	""	"ClCompile"	"语素类.cpp:730:            || !私有_执行语素ADO命令(投影库连接串, ""语素SQL投影建表"", 私有_语素SQL建表脚本(), 错误)"
"present"	"私有_语素SQL视图脚本"	"私有_语素SQL视图脚本"	"语素类.cpp:545"	"1"	"std::string 私有_语素SQL视图脚本()"	"服务所在模块的内部辅助流程。"	""	"ClCompile"	"语素类.cpp:731:            || !私有_执行语素ADO命令(投影库连接串, ""语素SQL投影视图"", 私有_语素SQL视图脚本(), 错误)"
"present"	"私有_构造语素SQL重写脚本"	"私有_构造语素SQL重写脚本"	"语素类.cpp:584"	"1"	"std::string 私有_构造语素SQL重写脚本( const std::vector<结构_语素SQL行>& 行集, const std::string& 来源原因)"	"服务所在模块的内部辅助流程。"	""	"ClCompile"	"语素类.cpp:732:            || !私有_执行语素ADO命令(投影库连接串, ""语素SQL投影重写"", 私有_构造语素SQL重写脚本(行集, 原因文本), 错误)) {"
"present"	"语素类::~语素类"	"~语素类"	"语素类.cpp:683"	"1"	"语素类::~语素类()"	"释放或收束对象资源。"	"ctor_dtor"	"ClCompile"	"语素类.h:35:    ~语素类();"
"present"	"语素类::生成语素节点"	"生成语素节点"	"语素类.cpp:756"	"1"	"语素入口节点类* 语素类::生成语素节点(结构体_分词 分词信息)"	"根据当前输入生成目标数据、场景、动态或回执。"	""	"ClCompile"	"语素类.h:44:    语素入口节点类* 生成语素节点(结构体_分词 分词信息);"
"present"	"语素类::获取词节点指针"	"获取词节点指针"	"语素类.cpp:818"	"1"	"词节点类* 语素类::获取词节点指针(const std::string& 词字符串) const"	"读取并返回指定对象、状态或运行材料。"	""	"ClCompile"	"语素类.h:48:    词节点类* 获取词节点指针(const std::string& 词字符串) const;"
"present"	"选择默认信息入口类型"	"选择默认信息入口类型"	"语素主信息类.h:201"	"1"	"inline 枚举_信息入口类型 选择默认信息入口类型(枚举_词性 词性) noexcept"	"从候选集中选择当前使用对象或方法。"	""	"ClInclude"	"语素主信息类.h:218:    const auto 默认入口 = 选择默认信息入口类型(词性);"
"present"	"人类词性是否兼容基础信息类型"	"人类词性是否兼容基础信息类型"	"语素主信息类.h:325"	"1"	"inline bool 人类词性是否兼容基础信息类型(枚举_词性 词性, 枚举_主信息类型 类型) noexcept"	"按函数名执行对应处理。"	""	"ClInclude"	"语素类.cpp:1339:    if (!语素主信息内部::人类词性是否兼容基础信息类型(入口主信息->词性, 实际类型) && 目标类型 != 实际类型) {"
"present"	"私有_比较基础信息引用"	"私有_比较基础信息引用"	"语素主信息类.h:459"	"1"	"static std::int64_t 私有_比较基础信息引用( const 可解析引用<基础信息节点类>& 左, const 可解析引用<基础信息节点类>& 右) noexcept"	"比较当前值、目标值或历史基准。"	""	"ClInclude"	"语素主信息类.h:451:            return 私有_比较基础信息引用(对应基础信息, 右->对应基础信息);"
"present"	"私有_指针句柄文本"	"私有_指针句柄文本"	"语言类_基础信息命名.cpp:35"	"1"	"std::string 私有_指针句柄文本(std::uintptr_t 指针值)"	"服务所在模块的内部辅助流程。"	""	"未在vcxproj登记"	"语言类_基础信息命名.cpp:50:            return 私有_指针句柄文本(std::get<指针句柄>(值).指针);"
"present"	"私有_转换词序列"	"私有_转换词序列"	"语言类.cpp:12"	"1"	"std::vector<可解析引用<const 语素入口节点类>> 私有_转换词序列( const std::vector<const 语素入口节点类*>& 词序列)"	"把输入数据转换为目标类型、语义或结构。"	""	"ClCompile"	"语言类.cpp:85:    主信息->词序列 = 私有_转换词序列(词序列);"
"present"	"语言类::~语言类"	"~语言类"	"语言类.cpp:27"	"1"	"语言类::~语言类()"	"释放或收束对象资源。"	"ctor_dtor"	"ClCompile"	"语言类.h:14:    ~语言类();"
"present"	"语言类::新建文章"	"新建文章"	"语言类.cpp:39"	"1"	"文章节点类* 语言类::新建文章(const std::string& 标题, const std::string& 原文)"	"按函数名执行对应处理。"	""	"ClCompile"	"语言类.h:26:    文章节点类* 新建文章(const std::string& 标题, const std::string& 原文);"
"present"	"私有_状态在范围内"	"私有_状态在范围内"	"状态类.cpp:118"	"1"	"bool 私有_状态在范围内( const 状态节点主信息类* 主信息, const 基础信息节点类* 主体, const 特征节点类* 特征) noexcept"	"服务所在模块的内部辅助流程。"	""	"ClCompile"	"状态类.cpp:674:        if (!私有_状态在范围内(主信息, 主体, 特征)) {"
"present"	"状态类::获取状态二次特征"	"获取状态二次特征"	"状态类.cpp:307"	"1"	"I64 状态类::获取状态二次特征(const 状态节点主信息类& 状态一, const 状态节点主信息类& 状态二) const noexcept"	"读取并返回指定对象、状态或运行材料。"	""	"ClCompile"	"状态类.h:72:    I64 获取状态二次特征(const 状态节点主信息类& 状态一, const 状态节点主信息类& 状态二) const noexcept;"
"present"	"私有_状态创建阶段采样序号"	"私有_状态创建阶段采样序号"	"状态类.cpp:36"	"1"	"std::uint64_t 私有_状态创建阶段采样序号(std::uint64_t 总耗时微秒) noexcept"	"创建并返回或登记对应对象。"	""	"ClCompile"	"状态类.cpp:391:    const auto 采样序号 = 私有_状态创建阶段采样序号(总耗时微秒);"
"present"	"状态类::记录内部状态到场景"	"记录内部状态到场景"	"状态类.cpp:481"	"1"	"bool 状态类::记录内部状态到场景( 场景节点类* 场景, 基础信息节点类* 主体, 特征节点类* 特征, const 特征值& 值, bool 是否变化, 时间戳 now, const 状态后处理回调& 后处理)"	"记录日志、动态、证据或运行痕迹。"	""	"ClCompile"	"状态类.h:92:    bool 记录内部状态到场景("
"present"	"状态类::记录世界状态到场景"	"记录世界状态到场景"	"状态类.cpp:507"	"1"	"bool 状态类::记录世界状态到场景( 场景节点类* 场景, 基础信息节点类* 主体, 特征节点类* 特征, const 特征值& 值, bool 是否变化, 时间戳 now, const 状态后处理回调& 后处理)"	"记录日志、动态、证据或运行痕迹。"	""	"ClCompile"	"状态类.h:110:    bool 记录世界状态到场景("
"present"	"状态类::记录内部特征状态"	"记录内部特征状态"	"状态类.cpp:520"	"1"	"状态节点类* 状态类::记录内部特征状态( 场景节点类* 场景, 基础信息节点类* 主体, 特征节点类* 特征, const 特征值& 值, bool 是否变化, 时间戳 now, const 状态后处理回调& 后处理)"	"记录日志、动态、证据或运行痕迹。"	""	"ClCompile"	"状态类.h:119:    状态节点类* 记录内部特征状态("
"present"	"状态类::删除状态"	"删除状态"	"状态类.cpp:533"	"1"	"bool 状态类::删除状态(状态节点类* 节点)"	"删除指定对象、状态或登记项。"	""	"ClCompile"	"状态类.h:128:    bool 删除状态(状态节点类* 节点);"
"present"	"状态类::枚举全部状态"	"枚举全部状态"	"状态类.cpp:545"	"1"	"std::vector<状态节点类*> 状态类::枚举全部状态() const"	"按函数名执行对应处理。"	""	"ClCompile"	"状态类.h:130:    std::vector<状态节点类*> 枚举全部状态() const;"
"present"	"状态类::清理超过时间窗口的状态索引"	"清理超过时间窗口的状态索引"	"状态类.cpp:695"	"1"	"std::size_t 状态类::清理超过时间窗口的状态索引( 场景节点类* 场景, 时间戳 最早保留时间, std::size_t 最大清理数量)"	"清理缓存、临时状态或运行资源。"	""	"ClCompile"	"状态类.h:141:    std::size_t 清理超过时间窗口的状态索引("
"present"	"状态类::按活动状态限量清理"	"按活动状态限量清理"	"状态类.cpp:738"	"1"	"std::size_t 状态类::按活动状态限量清理( 场景节点类* 场景, std::size_t 活动状态上限, std::size_t 最大清理数量)"	"清理缓存、临时状态或运行资源。"	""	"ClCompile"	"状态类.h:146:    std::size_t 按活动状态限量清理("
"present"	"私有_引用指向需求_自检"	"私有_引用指向需求_自检"	"自检线程模块.impl.cpp:115"	"1"	"bool 私有_引用指向需求_自检( const 可解析引用<需求节点类>& 引用, const 需求类::节点类* 需求) noexcept"	"服务所在模块的内部辅助流程。"	""	"ClCompile"	"自检线程模块.impl.cpp:194:            && !私有_引用指向需求_自检("
"present"	"私有_本能ID可作为练习目标_自检"	"私有_本能ID可作为练习目标_自检"	"自检线程模块.impl.cpp:267"	"1"	"bool 私有_本能ID可作为练习目标_自检(I64 本能ID) noexcept"	"服务所在模块的内部辅助流程。"	""	"ClCompile"	"自检线程模块.impl.cpp:376:        return 私有_本能ID可作为练习目标_自检(动作句柄.本能ID);"
"present"	"私有_方法可作为练习目标_自检"	"私有_方法可作为练习目标_自检"	"自检线程模块.impl.cpp:370"	"1"	"bool 私有_方法可作为练习目标_自检(const 方法节点* 方法) noexcept"	"服务所在模块的内部辅助流程。"	""	"ClCompile"	"自检线程模块.impl.cpp:1787:            const bool 方法可练习 = 私有_方法可作为练习目标_自检(方法);"
"present"	"私有_解析方法虚拟存在_只读"	"私有_解析方法虚拟存在_只读"	"自检线程模块.impl.cpp:380"	"1"	"存在节点类* 私有_解析方法虚拟存在_只读(const 方法节点* 方法) noexcept"	"解析输入文本、消息、场景或运行包。"	""	"ClCompile"	"自检线程模块.impl.cpp:1188:        auto* 方法虚拟存在 = 私有_解析方法虚拟存在_只读(方法);"
"present"	"私有_绑定自检摘要特征槽"	"私有_绑定自检摘要特征槽"	"自检线程模块.impl.cpp:442"	"1"	"void 私有_绑定自检摘要特征槽(结构_自检线程摘要& 摘要) noexcept"	"建立对象、任务、方法或因果之间的绑定关系。"	""	"ClCompile"	"自检线程模块.impl.cpp:1544:    私有_绑定自检摘要特征槽(摘要);"
"present"	"私有_特征_最近执行时间_自检"	"私有_特征_最近执行时间_自检"	"自检线程模块.impl.cpp:46"	"1"	"const 语素入口节点类* 私有_特征_最近执行时间_自检() noexcept"	"执行任务、方法或动作的主体逻辑。"	""	"ClCompile"	"自检线程模块.impl.cpp:1886:                私有_特征_最近执行时间_自检());"
"present"	"私有_方法状态_待方法动作值_自检"	"私有_方法状态_待方法动作值_自检"	"自检线程模块.impl.cpp:470"	"1"	"constexpr I64 私有_方法状态_待方法动作值_自检() noexcept"	"服务所在模块的内部辅助流程。"	""	"ClCompile"	"自检线程模块.impl.cpp:1088:            return 私有_方法状态_待方法动作值_自检();"
"present"	"私有_方法状态_待条件节点值_自检"	"私有_方法状态_待条件节点值_自检"	"自检线程模块.impl.cpp:476"	"1"	"constexpr I64 私有_方法状态_待条件节点值_自检() noexcept"	"服务所在模块的内部辅助流程。"	""	"ClCompile"	"自检线程模块.impl.cpp:1091:            return 私有_方法状态_待条件节点值_自检();"
"present"	"私有_方法状态_待结果节点值_自检"	"私有_方法状态_待结果节点值_自检"	"自检线程模块.impl.cpp:482"	"1"	"constexpr I64 私有_方法状态_待结果节点值_自检() noexcept"	"服务所在模块的内部辅助流程。"	""	"ClCompile"	"自检线程模块.impl.cpp:1094:            return 私有_方法状态_待结果节点值_自检();"
"present"	"私有_方法状态_待条件结果对值_自检"	"私有_方法状态_待条件结果对值_自检"	"自检线程模块.impl.cpp:488"	"1"	"constexpr I64 私有_方法状态_待条件结果对值_自检() noexcept"	"服务所在模块的内部辅助流程。"	""	"ClCompile"	"自检线程模块.impl.cpp:1097:            return 私有_方法状态_待条件结果对值_自检();"
"present"	"私有_方法状态_可用值_自检"	"私有_方法状态_可用值_自检"	"自检线程模块.impl.cpp:494"	"1"	"constexpr I64 私有_方法状态_可用值_自检() noexcept"	"服务所在模块的内部辅助流程。"	""	"ClCompile"	"自检线程模块.impl.cpp:1099:        return 私有_方法状态_可用值_自检();"
"present"	"私有_方法状态_好用值_自检"	"私有_方法状态_好用值_自检"	"自检线程模块.impl.cpp:500"	"1"	"constexpr I64 私有_方法状态_好用值_自检() noexcept"	"服务所在模块的内部辅助流程。"	""	"ClCompile"	"自检线程模块.impl.cpp:1813:                ? 私有_方法状态_好用值_自检()"
"present"	"私有_安全词_自检"	"私有_安全词_自检"	"自检线程模块.impl.cpp:533"	"1"	"std::string 私有_安全词_自检(const 语素入口节点类* 词) noexcept"	"服务所在模块的内部辅助流程。"	""	"ClCompile"	"自检线程模块.impl.cpp:827:            << "" | 自我特征="" << 私有_安全词_自检(结果.定义.自我特征类型)"
"present"	"私有_特征_最近完成时间_自检"	"私有_特征_最近完成时间_自检"	"自检线程模块.impl.cpp:54"	"1"	"const 语素入口节点类* 私有_特征_最近完成时间_自检() noexcept"	"服务所在模块的内部辅助流程。"	""	"ClCompile"	"自检线程模块.impl.cpp:1889:                私有_特征_最近完成时间_自检());"
"present"	"有缺口"	"有缺口"	"自检线程模块.impl.cpp:580"	"1"	"bool 有缺口() const noexcept"	"按函数名执行对应处理。"	""	"ClCompile"	"自检线程模块.impl.cpp:966:            if (!结果.有缺口()) {"
"present"	"私有_根特征缺口类型文本_自检"	"私有_根特征缺口类型文本_自检"	"自检线程模块.impl.cpp:597"	"1"	"const char* 私有_根特征缺口类型文本_自检(const 枚举_根特征缺口类型_自检 类型) noexcept"	"服务所在模块的内部辅助流程。"	""	"ClCompile"	"自检线程模块.impl.cpp:826:            << "" | 缺口="" << 私有_根特征缺口类型文本_自检(结果.缺口类型)"
"present"	"私有_自我根特征类型词_自检"	"私有_自我根特征类型词_自检"	"自检线程模块.impl.cpp:610"	"1"	"const 语素入口节点类* 私有_自我根特征类型词_自检( const 枚举_自我根特征类型_自检 类型) noexcept"	"服务所在模块的内部辅助流程。"	""	"ClCompile"	"自检线程模块.impl.cpp:727:        定义.自我特征类型 = 私有_自我根特征类型词_自检(根特征类型);"
"present"	"私有_特征_方法动作状态_自检"	"私有_特征_方法动作状态_自检"	"自检线程模块.impl.cpp:62"	"1"	"const 语素入口节点类* 私有_特征_方法动作状态_自检() noexcept"	"服务所在模块的内部辅助流程。"	""	"ClCompile"	"自检线程模块.impl.cpp:1797:                    : 私有_特征_方法动作状态_自检());"
"present"	"私有_根特征缺失结构值_自检"	"私有_根特征缺失结构值_自检"	"自检线程模块.impl.cpp:624"	"1"	"I64 私有_根特征缺失结构值_自检(const 枚举_根特征缺口类型_自检 类型) noexcept"	"服务所在模块的内部辅助流程。"	""	"ClCompile"	"自检线程模块.impl.cpp:923:        候选.缺失结构类型值 = 私有_根特征缺失结构值_自检(结果.缺口类型);"
"present"	"私有_特征_方法状态_自检"	"私有_特征_方法状态_自检"	"自检线程模块.impl.cpp:70"	"1"	"const 语素入口节点类* 私有_特征_方法状态_自检() noexcept"	"服务所在模块的内部辅助流程。"	""	"ClCompile"	"自检线程模块.impl.cpp:1802:                ? 私有_特征_方法状态_自检()"
"present"	"私有_读取抽象根特征定义_自检"	"私有_读取抽象根特征定义_自检"	"自检线程模块.impl.cpp:722"	"1"	"结构_抽象根特征定义_自检 私有_读取抽象根特征定义_自检( const 枚举_自我根特征类型_自检 根特征类型) noexcept"	"从指定来源读取数据或状态。"	""	"ClCompile"	"自检线程模块.impl.cpp:778:        结果.定义 = 私有_读取抽象根特征定义_自检(根特征类型);"
"present"	"私有_自检自我根特征_自检"	"私有_自检自我根特征_自检"	"自检线程模块.impl.cpp:773"	"1"	"结构_自我根特征自检结果_自检 私有_自检自我根特征_自检( const 枚举_自我根特征类型_自检 根特征类型) noexcept"	"服务所在模块的内部辅助流程。"	""	"ClCompile"	"自检线程模块.impl.cpp:964:            const auto 结果 = 私有_自检自我根特征_自检(根特征类型);"
"present"	"私有_填充根特征原子目标_自检"	"私有_填充根特征原子目标_自检"	"自检线程模块.impl.cpp:840"	"1"	"void 私有_填充根特征原子目标_自检( 自我线程消息协议::结构_自检缺口候选消息& 候选, const 结构_自我根特征自检结果_自检& 结果, 时间戳 now, const std::atomic_bool* 停止请求) noexcept"	"服务所在模块的内部辅助流程。"	""	"ClCompile"	"自检线程模块.impl.cpp:939:        私有_填充根特征原子目标_自检(候选, 结果, now, 停止请求);"
"present"	"私有_构造根特征自检缺口候选_自检"	"私有_构造根特征自检缺口候选_自检"	"自检线程模块.impl.cpp:898"	"1"	"自我线程消息协议::结构_自检缺口候选消息 私有_构造根特征自检缺口候选_自检( const 结构_自我根特征自检结果_自检& 结果, 时间戳 now, const std::atomic_bool* 停止请求) noexcept"	"服务所在模块的内部辅助流程。"	""	"ClCompile"	"自检线程模块.impl.cpp:973:            auto 候选 = 私有_构造根特征自检缺口候选_自检(结果, now, 停止请求);"
"present"	"值_D0承受主体缺失"	"值_D0承受主体缺失"	"自我动作实现.服务模块.ixx:1005"	"1"	"inline const 语素入口节点类* 值_D0承受主体缺失() noexcept"	"按函数名执行对应处理。"	""	"ClCompile"	"自我动作实现.服务模块.ixx:2290:        if (!结果.承受主体存在) return 值_D0承受主体缺失();"
"present"	"特征_失败处理特征集合"	"特征_失败处理特征集合"	"自我动作实现.服务模块.ixx:101"	"1"	"inline const 语素入口节点类* 特征_失败处理特征集合() noexcept"	"按函数名执行对应处理。"	""	"ClCompile"	"自我动作实现.服务模块.ixx:1813:            特征_失败处理特征集合(),"
"present"	"值_D0来源动作缺失"	"值_D0来源动作缺失"	"自我动作实现.服务模块.ixx:1013"	"1"	"inline const 语素入口节点类* 值_D0来源动作缺失() noexcept"	"按函数名执行对应处理。"	""	"ClCompile"	"自我动作实现.服务模块.ixx:2291:        if (!结果.来源动作存在) return 值_D0来源动作缺失();"
"present"	"值_D0方法运行存在缺失"	"值_D0方法运行存在缺失"	"自我动作实现.服务模块.ixx:1021"	"1"	"inline const 语素入口节点类* 值_D0方法运行存在缺失() noexcept"	"执行对应模块、线程或方法的运行逻辑。"	""	"ClCompile"	"自我动作实现.服务模块.ixx:2292:        if (!结果.方法运行存在) return 值_D0方法运行存在缺失();"
"present"	"值_D0输入场景缺失"	"值_D0输入场景缺失"	"自我动作实现.服务模块.ixx:1029"	"1"	"inline const 语素入口节点类* 值_D0输入场景缺失() noexcept"	"按函数名执行对应处理。"	""	"ClCompile"	"自我动作实现.服务模块.ixx:2293:        if (!结果.输入场景存在) return 值_D0输入场景缺失();"
"present"	"值_D0输出场景缺失"	"值_D0输出场景缺失"	"自我动作实现.服务模块.ixx:1037"	"1"	"inline const 语素入口节点类* 值_D0输出场景缺失() noexcept"	"按函数名执行对应处理。"	""	"ClCompile"	"自我动作实现.服务模块.ixx:2294:        if (!结果.输出场景存在) return 值_D0输出场景缺失();"
"present"	"值_D0目标特征缺失"	"值_D0目标特征缺失"	"自我动作实现.服务模块.ixx:1045"	"1"	"inline const 语素入口节点类* 值_D0目标特征缺失() noexcept"	"按函数名执行对应处理。"	""	"ClCompile"	"自我动作实现.服务模块.ixx:2295:        if (!结果.目标特征存在) return 值_D0目标特征缺失();"
"present"	"值_D0初始状态缺失"	"值_D0初始状态缺失"	"自我动作实现.服务模块.ixx:1053"	"1"	"inline const 语素入口节点类* 值_D0初始状态缺失() noexcept"	"按函数名执行对应处理。"	""	"ClCompile"	"自我动作实现.服务模块.ixx:2296:        if (!结果.初始状态存在) return 值_D0初始状态缺失();"
"present"	"值_D0结果状态缺失"	"值_D0结果状态缺失"	"自我动作实现.服务模块.ixx:1061"	"1"	"inline const 语素入口节点类* 值_D0结果状态缺失() noexcept"	"按函数名执行对应处理。"	""	"ClCompile"	"自我动作实现.服务模块.ixx:2297:        if (!结果.结果状态存在) return 值_D0结果状态缺失();"
"present"	"值_成功服务硬门槛待确认"	"值_成功服务硬门槛待确认"	"自我动作实现.服务模块.ixx:1069"	"1"	"inline const 语素入口节点类* 值_成功服务硬门槛待确认() noexcept"	"确认候选事实、存在、状态或运行结果。"	""	"ClCompile"	"自我动作实现.服务模块.ixx:3185:            return 值_成功服务硬门槛待确认();"
"present"	"特征_服务治理支撑特征集合"	"特征_服务治理支撑特征集合"	"自我动作实现.服务模块.ixx:109"	"1"	"inline const 语素入口节点类* 特征_服务治理支撑特征集合() noexcept"	"按函数名执行对应处理。"	""	"ClCompile"	"自我动作实现.服务模块.ixx:1821:            特征_服务治理支撑特征集合(),"
"present"	"值_输入字段角色"	"值_输入字段角色"	"自我动作实现.服务模块.ixx:1093"	"1"	"inline const 语素入口节点类* 值_输入字段角色() noexcept"	"按函数名执行对应处理。"	""	"ClCompile"	"自我动作实现.服务模块.ixx:1774:            值_输入字段角色(),"
"present"	"值_输出字段角色"	"值_输出字段角色"	"自我动作实现.服务模块.ixx:1101"	"1"	"inline const 语素入口节点类* 值_输出字段角色() noexcept"	"按函数名执行对应处理。"	""	"ClCompile"	"自我动作实现.服务模块.ixx:1782:            值_输出字段角色(),"
"present"	"值_验证字段角色"	"值_验证字段角色"	"自我动作实现.服务模块.ixx:1109"	"1"	"inline const 语素入口节点类* 值_验证字段角色() noexcept"	"按函数名执行对应处理。"	""	"ClCompile"	"自我动作实现.服务模块.ixx:1790:            值_验证字段角色(),"
"present"	"值_归因字段角色"	"值_归因字段角色"	"自我动作实现.服务模块.ixx:1117"	"1"	"inline const 语素入口节点类* 值_归因字段角色() noexcept"	"按函数名执行对应处理。"	""	"ClCompile"	"自我动作实现.服务模块.ixx:1798:            值_归因字段角色(),"
"present"	"值_安全权限字段角色"	"值_安全权限字段角色"	"自我动作实现.服务模块.ixx:1125"	"1"	"inline const 语素入口节点类* 值_安全权限字段角色() noexcept"	"按函数名执行对应处理。"	""	"ClCompile"	"自我动作实现.服务模块.ixx:1806:            值_安全权限字段角色(),"
"present"	"值_失败处理字段角色"	"值_失败处理字段角色"	"自我动作实现.服务模块.ixx:1133"	"1"	"inline const 语素入口节点类* 值_失败处理字段角色() noexcept"	"按函数名执行对应处理。"	""	"ClCompile"	"自我动作实现.服务模块.ixx:1814:            值_失败处理字段角色(),"
"present"	"值_服务治理支撑字段角色"	"值_服务治理支撑字段角色"	"自我动作实现.服务模块.ixx:1141"	"1"	"inline const 语素入口节点类* 值_服务治理支撑字段角色() noexcept"	"按函数名执行对应处理。"	""	"ClCompile"	"自我动作实现.服务模块.ixx:1822:            值_服务治理支撑字段角色(),"
"present"	"值_激活原因_方法声明"	"值_激活原因_方法声明"	"自我动作实现.服务模块.ixx:1149"	"1"	"inline const 语素入口节点类* 值_激活原因_方法声明() noexcept"	"按函数名执行对应处理。"	""	"ClCompile"	"自我动作实现.服务模块.ixx:1748:                值_激活原因_方法声明(),"
"present"	"读取服务输入任务"	"读取服务输入任务"	"自我动作实现.服务模块.ixx:1241"	"1"	"inline 任务类::节点类* 读取服务输入任务(场景节点类* 输入参数场景) noexcept"	"从指定来源读取数据或状态。"	""	"ClCompile"	"自我动作实现.服务模块.ixx:1613:        结果.任务节点 = 读取服务输入任务(输入参数场景);"
"present"	"服务任务字段特征类型"	"服务任务字段特征类型"	"自我动作实现.服务模块.ixx:1505"	"1"	"inline const 语素入口节点类* 服务任务字段特征类型(枚举_服务任务字段 字段) noexcept"	"按函数名执行对应处理。"	""	"ClCompile"	"自我动作实现.服务模块.ixx:1607:        结果.字段类型 = 服务任务字段特征类型(字段);"
"present"	"读取调用信息I64"	"读取调用信息I64"	"自我动作实现.服务模块.ixx:1557"	"1"	"inline bool 读取调用信息I64( 场景节点类* 输入参数场景, const 语素入口节点类* 参数类型, I64& 输出值) noexcept"	"从指定来源读取数据或状态。"	""	"ClCompile"	"自我动作实现.服务模块.ixx:1596:            || 读取调用信息I64(输入参数场景, 字段类型, 输出值)"
"present"	"读取服务字段输入I64"	"读取服务字段输入I64"	"自我动作实现.服务模块.ixx:1586"	"1"	"inline bool 读取服务字段输入I64( 场景节点类* 输入参数场景, const 语素入口节点类* 字段类型, I64& 输出值) noexcept"	"从指定来源读取数据或状态。"	""	"ClCompile"	"自我动作实现.服务模块.ixx:1628:            if (!读取服务字段输入I64(输入参数场景, 结果.字段类型, 值)) {"
"present"	"读取声明字段类型"	"读取声明字段类型"	"自我动作实现.服务模块.ixx:1682"	"1"	"inline const 语素入口节点类* 读取声明字段类型(特征节点类* 声明字段) noexcept"	"从指定来源读取数据或状态。"	""	"ClCompile"	"自我动作实现.服务模块.ixx:1729:            const auto* 字段类型 = 读取声明字段类型(声明字段);"
"present"	"读取声明字段是否必需"	"读取声明字段是否必需"	"自我动作实现.服务模块.ixx:1689"	"1"	"inline bool 读取声明字段是否必需(特征节点类* 声明字段) noexcept"	"从指定来源读取数据或状态。"	""	"ClCompile"	"自我动作实现.服务模块.ixx:1742:            const bool 是否必需 = 读取声明字段是否必需(声明字段);"
"present"	"检查服务方法输入字段"	"检查服务方法输入字段"	"自我动作实现.服务模块.ixx:1832"	"1"	"inline 服务字段检查结果 检查服务方法输入字段( 任务类::节点类* 任务节点, const 语素入口节点类* 字段类型) noexcept"	"检查状态、条件、缺口或运行约束。"	""	"ClCompile"	"自我动作实现.服务模块.ixx:2928:        const auto 检查 = 检查服务方法输入字段(任务节点, 字段类型);"
"present"	"读取任务I64字段"	"读取任务I64字段"	"自我动作实现.服务模块.ixx:1979"	"1"	"inline bool 读取任务I64字段( 任务类::节点类* 任务节点, const 语素入口节点类* 字段类型, I64& 输出值) noexcept"	"从指定来源读取数据或状态。"	""	"ClCompile"	"自我动作实现.服务模块.ixx:2940:        if (!读取任务I64字段(任务节点, 字段类型, 值)) {"
"present"	"读取任务目标宿主"	"读取任务目标宿主"	"自我动作实现.服务模块.ixx:1992"	"1"	"inline 基础信息节点类* 读取任务目标宿主(任务类::节点类* 任务节点) noexcept"	"从指定来源读取数据或状态。"	""	"ClCompile"	"自我动作实现.服务模块.ixx:2031:        结果.目标宿主 = 读取任务目标宿主(任务节点);"
"present"	"读取任务目标特征类型"	"读取任务目标特征类型"	"自我动作实现.服务模块.ixx:2001"	"1"	"inline const 语素入口节点类* 读取任务目标特征类型(任务类::节点类* 任务节点) noexcept"	"从指定来源读取数据或状态。"	""	"ClCompile"	"自我动作实现.服务模块.ixx:2037:        结果.目标特征类型 = 读取任务目标特征类型(任务节点);"
"present"	"比较服务前后状态"	"比较服务前后状态"	"自我动作实现.服务模块.ixx:2086"	"1"	"inline 服务前后状态比较结果 比较服务前后状态( const 特征值& 服务前值, const 特征值& 服务后值) noexcept"	"比较当前值、目标值或历史基准。"	""	"ClCompile"	"自我动作实现.服务模块.ixx:2111:        结果 = 比较服务前后状态(服务前值, 服务后值);"
"present"	"读取任务D0动作动态"	"读取任务D0动作动态"	"自我动作实现.服务模块.ixx:2223"	"1"	"inline 动态节点类* 读取任务D0动作动态(任务类::节点类* 任务节点) noexcept"	"从指定来源读取数据或状态。"	""	"ClCompile"	"自我动作实现.服务模块.ixx:2240:        if (auto* 动态 = 读取任务D0动作动态(任务节点)) return 动态;"
"present"	"读取方法运行D0动作动态"	"读取方法运行D0动作动态"	"自我动作实现.服务模块.ixx:2229"	"1"	"inline 动态节点类* 读取方法运行D0动作动态(存在节点类* 方法运行存在) noexcept"	"从指定来源读取数据或状态。"	""	"ClCompile"	"自我动作实现.服务模块.ixx:2244:        return 读取方法运行D0动作动态(方法运行存在);"
"present"	"推断D0承受主体"	"推断D0承受主体"	"自我动作实现.服务模块.ixx:2267"	"1"	"inline 基础信息节点类* 推断D0承受主体( 任务类::节点类* 任务节点, const 动态节点主信息类* D0主信息) noexcept"	"按函数名执行对应处理。"	""	"ClCompile"	"自我动作实现.服务模块.ixx:2352:        结果.承受主体 = 推断D0承受主体(任务节点, 结果.D0主信息);"
"present"	"选择D0第一缺口"	"选择D0第一缺口"	"自我动作实现.服务模块.ixx:2284"	"1"	"inline const 语素入口节点类* 选择D0第一缺口(const 服务D0校验结果& 结果) noexcept"	"从候选集中选择当前使用对象或方法。"	""	"ClCompile"	"自我动作实现.服务模块.ixx:2379:        结果.第一缺口 = 选择D0第一缺口(结果);"
"present"	"候选状态_由硬门槛汇总"	"候选状态_由硬门槛汇总"	"自我动作实现.服务模块.ixx:2516"	"1"	"inline 枚举_成功服务候选状态 候选状态_由硬门槛汇总( const 服务硬门槛汇总& 汇总) noexcept"	"按函数名执行对应处理。"	""	"ClCompile"	"自我动作实现.服务模块.ixx:2684:        const auto 候选状态 = 候选状态_由硬门槛汇总(汇总);"
"present"	"读取任务G0治理视图"	"读取任务G0治理视图"	"自我动作实现.服务模块.ixx:2525"	"1"	"inline 存在节点类* 读取任务G0治理视图(任务类::节点类* 任务节点) noexcept"	"从指定来源读取数据或状态。"	""	"ClCompile"	"自我动作实现.服务模块.ixx:2548:        if (auto* 已有 = 读取任务G0治理视图(任务节点)) {"
"present"	"读取G0硬门槛状态"	"读取G0硬门槛状态"	"自我动作实现.服务模块.ixx:2637"	"1"	"inline 枚举_服务硬门槛状态 读取G0硬门槛状态( 存在节点类* G0治理视图, 枚举_服务硬门槛 门槛) noexcept"	"从指定来源读取数据或状态。"	""	"ClCompile"	"自我动作实现.服务模块.ixx:2658:            const auto 状态 = 读取G0硬门槛状态("
"present"	"特征_方法调用动作动态"	"特征_方法调用动作动态"	"自我动作实现.服务模块.ixx:269"	"1"	"inline const 语素入口节点类* 特征_方法调用动作动态() noexcept"	"按函数名执行对应处理。"	""	"ClCompile"	"自我动作实现.服务模块.ixx:2199:        if (读取基础节点指针(宿主, 特征_方法调用动作动态(), 指针)) {"
"present"	"候选状态_由硬门槛评分与证据"	"候选状态_由硬门槛评分与证据"	"自我动作实现.服务模块.ixx:2829"	"1"	"inline 枚举_成功服务候选状态 候选状态_由硬门槛评分与证据( const 服务硬门槛汇总& 硬门槛, const 服务三评分& 评分) noexcept"	"按函数名执行对应处理。"	""	"ClCompile"	"自我动作实现.服务模块.ixx:2860:        const auto 候选状态 = 候选状态_由硬门槛评分与证据(硬门槛, 评分);"
"present"	"门槛状态_任务字段有值"	"门槛状态_任务字段有值"	"自我动作实现.服务模块.ixx:2924"	"1"	"inline 枚举_服务硬门槛状态 门槛状态_任务字段有值( 任务类::节点类* 任务节点, const 语素入口节点类* 字段类型) noexcept"	"按函数名执行对应处理。"	""	"ClCompile"	"自我动作实现.服务模块.ixx:2991:            && 门槛状态_任务字段有值(输入.任务节点, 特征_目标值()) == 枚举_服务硬门槛状态::成立;"
"present"	"门槛状态_D0校验"	"门槛状态_D0校验"	"自我动作实现.服务模块.ixx:2949"	"1"	"inline 枚举_服务硬门槛状态 门槛状态_D0校验(const 服务D0校验结果& D0校验) noexcept"	"按函数名执行对应处理。"	""	"ClCompile"	"自我动作实现.服务模块.ixx:3011:            门槛状态_D0校验(D0校验),"
"present"	"写入G0候选基础硬门槛"	"写入G0候选基础硬门槛"	"自我动作实现.服务模块.ixx:2963"	"1"	"inline bool 写入G0候选基础硬门槛( 存在节点类* G0治理视图, const 服务G0候选组装输入& 输入, const 服务D0校验结果& D0校验, 时间戳 now) noexcept"	"把处理结果写入指定对象、场景或日志。"	""	"ClCompile"	"自我动作实现.服务模块.ixx:3065:        ok = 写入G0候选基础硬门槛(结果.G0治理视图, 输入, 结果.D0校验, now) && ok;"
"present"	"特征_D0基础合法"	"特征_D0基础合法"	"自我动作实现.服务模块.ixx:301"	"1"	"inline const 语素入口节点类* 特征_D0基础合法() noexcept"	"按函数名执行对应处理。"	""	"ClCompile"	"自我动作实现.服务模块.ixx:2390:        ok = 世界树.写入特征_I64(宿主, 特征_D0基础合法(), 结果.基础合法 ? 1 : 0, now) && ok;"
"present"	"特征_D0缺口"	"特征_D0缺口"	"自我动作实现.服务模块.ixx:309"	"1"	"inline const 语素入口节点类* 特征_D0缺口() noexcept"	"按函数名执行对应处理。"	""	"ClCompile"	"自我动作实现.服务模块.ixx:2405:            ok = 世界树.写入特征_指针(宿主, 特征_D0缺口(), 结果.第一缺口, now) && ok;"
"present"	"特征_D0动作主体为自我"	"特征_D0动作主体为自我"	"自我动作实现.服务模块.ixx:317"	"1"	"inline const 语素入口节点类* 特征_D0动作主体为自我() noexcept"	"按函数名执行对应处理。"	""	"ClCompile"	"自我动作实现.服务模块.ixx:2391:        ok = 世界树.写入特征_I64(宿主, 特征_D0动作主体为自我(), 结果.动作主体为自我 ? 1 : 0, now) && ok;"
"present"	"推断成功服务候选证据缺口"	"推断成功服务候选证据缺口"	"自我动作实现.服务模块.ixx:3176"	"1"	"inline const 语素入口节点类* 推断成功服务候选证据缺口(存在节点类* G0治理视图) noexcept"	"按函数名执行对应处理。"	""	"ClCompile"	"自我动作实现.服务模块.ixx:3289:        if (auto* 证据缺口 = 推断成功服务候选证据缺口(G0治理视图)) {"
"present"	"写入候选记录基础引用"	"写入候选记录基础引用"	"自我动作实现.服务模块.ixx:3191"	"1"	"inline bool 写入候选记录基础引用( 基础信息节点类* 记录宿主, 任务类::节点类* 任务节点, 存在节点类* G0治理视图, 时间戳 now) noexcept"	"把处理结果写入指定对象、场景或日志。"	""	"ClCompile"	"自我动作实现.服务模块.ixx:3278:        ok = 写入候选记录基础引用(记录宿主, 任务节点, G0治理视图, now) && ok;"
"present"	"特征_D0承受主体存在"	"特征_D0承受主体存在"	"自我动作实现.服务模块.ixx:325"	"1"	"inline const 语素入口节点类* 特征_D0承受主体存在() noexcept"	"按函数名执行对应处理。"	""	"ClCompile"	"自我动作实现.服务模块.ixx:2392:        ok = 世界树.写入特征_I64(宿主, 特征_D0承受主体存在(), 结果.承受主体存在 ? 1 : 0, now) && ok;"
"present"	"特征_D0来源动作存在"	"特征_D0来源动作存在"	"自我动作实现.服务模块.ixx:333"	"1"	"inline const 语素入口节点类* 特征_D0来源动作存在() noexcept"	"按函数名执行对应处理。"	""	"ClCompile"	"自我动作实现.服务模块.ixx:2393:        ok = 世界树.写入特征_I64(宿主, 特征_D0来源动作存在(), 结果.来源动作存在 ? 1 : 0, now) && ok;"
"present"	"候选记录已过期"	"候选记录已过期"	"自我动作实现.服务模块.ixx:3339"	"1"	"inline bool 候选记录已过期(存在节点类* 候选记录, 时间戳 now) noexcept"	"记录日志、动态、证据或运行痕迹。"	""	"ClCompile"	"自我动作实现.服务模块.ixx:3389:        if (候选记录已过期(候选记录, now)) {"
"present"	"特征_D0方法运行存在"	"特征_D0方法运行存在"	"自我动作实现.服务模块.ixx:341"	"1"	"inline const 语素入口节点类* 特征_D0方法运行存在() noexcept"	"执行对应模块、线程或方法的运行逻辑。"	""	"ClCompile"	"自我动作实现.服务模块.ixx:2394:        ok = 世界树.写入特征_I64(宿主, 特征_D0方法运行存在(), 结果.方法运行存在 ? 1 : 0, now) && ok;"
"present"	"特征_D0输入场景存在"	"特征_D0输入场景存在"	"自我动作实现.服务模块.ixx:349"	"1"	"inline const 语素入口节点类* 特征_D0输入场景存在() noexcept"	"按函数名执行对应处理。"	""	"ClCompile"	"自我动作实现.服务模块.ixx:2395:        ok = 世界树.写入特征_I64(宿主, 特征_D0输入场景存在(), 结果.输入场景存在 ? 1 : 0, now) && ok;"
"present"	"成功服务层级系数"	"成功服务层级系数"	"自我动作实现.服务模块.ixx:3492"	"1"	"inline I64 成功服务层级系数(枚举_成功服务层级 层级) noexcept"	"按函数名执行对应处理。"	""	"ClCompile"	"自我动作实现.服务模块.ixx:3540:            * static_cast<long double>(成功服务层级系数(层级)) / 服务评分_满分"
"present"	"候选记录可结算"	"候选记录可结算"	"自我动作实现.服务模块.ixx:3520"	"1"	"inline bool 候选记录可结算(存在节点类* 候选记录) noexcept"	"记录日志、动态、证据或运行痕迹。"	""	"ClCompile"	"自我动作实现.服务模块.ixx:3561:            || !候选记录可结算(输入.候选记录)) {"
"present"	"计算成功服务lambda候选"	"计算成功服务lambda候选"	"自我动作实现.服务模块.ixx:3528"	"1"	"inline I64 计算成功服务lambda候选( I64 标准服务单位, 枚举_成功服务层级 层级, I64 有效性, I64 证据强度, I64 非重复系数, I64 安全调节, I64 服务值上限) noexcept"	"计算权重、状态、差值或派生结果。"	""	"ClCompile"	"自我动作实现.服务模块.ixx:3575:        结果.lambda候选 = 计算成功服务lambda候选("
"present"	"计算成功服务值饱和入账"	"计算成功服务值饱和入账"	"自我动作实现.服务模块.ixx:3550"	"1"	"inline 服务值结算计算结果 计算成功服务值饱和入账( const 服务值结算计算输入& 输入) noexcept"	"计算权重、状态、差值或派生结果。"	""	"ClCompile"	"自我线程模块.impl.cpp:1656:    const auto 计算结果 = 服务模块::计算成功服务值饱和入账(输入);"
"present"	"特征_D0输出场景存在"	"特征_D0输出场景存在"	"自我动作实现.服务模块.ixx:357"	"1"	"inline const 语素入口节点类* 特征_D0输出场景存在() noexcept"	"按函数名执行对应处理。"	""	"ClCompile"	"自我动作实现.服务模块.ixx:2396:        ok = 世界树.写入特征_I64(宿主, 特征_D0输出场景存在(), 结果.输出场景存在 ? 1 : 0, now) && ok;"
"present"	"特征_D0目标特征存在"	"特征_D0目标特征存在"	"自我动作实现.服务模块.ixx:365"	"1"	"inline const 语素入口节点类* 特征_D0目标特征存在() noexcept"	"按函数名执行对应处理。"	""	"ClCompile"	"自我动作实现.服务模块.ixx:2397:        ok = 世界树.写入特征_I64(宿主, 特征_D0目标特征存在(), 结果.目标特征存在 ? 1 : 0, now) && ok;"
"present"	"特征_D0初始状态存在"	"特征_D0初始状态存在"	"自我动作实现.服务模块.ixx:373"	"1"	"inline const 语素入口节点类* 特征_D0初始状态存在() noexcept"	"按函数名执行对应处理。"	""	"ClCompile"	"自我动作实现.服务模块.ixx:2398:        ok = 世界树.写入特征_I64(宿主, 特征_D0初始状态存在(), 结果.初始状态存在 ? 1 : 0, now) && ok;"
"present"	"特征_D0结果状态存在"	"特征_D0结果状态存在"	"自我动作实现.服务模块.ixx:381"	"1"	"inline const 语素入口节点类* 特征_D0结果状态存在() noexcept"	"按函数名执行对应处理。"	""	"ClCompile"	"自我动作实现.服务模块.ixx:2399:        ok = 世界树.写入特征_I64(宿主, 特征_D0结果状态存在(), 结果.结果状态存在 ? 1 : 0, now) && ok;"
"present"	"类型_成功服务治理视图"	"类型_成功服务治理视图"	"自我动作实现.服务模块.ixx:389"	"1"	"inline const 语素入口节点类* 类型_成功服务治理视图() noexcept"	"按函数名执行对应处理。"	""	"ClCompile"	"自我动作实现.服务模块.ixx:2560:            类型_成功服务治理视图(),"
"present"	"特征_服务定义规则版本"	"特征_服务定义规则版本"	"自我动作实现.服务模块.ixx:421"	"1"	"inline const 语素入口节点类* 特征_服务定义规则版本() noexcept"	"按函数名执行对应处理。"	""	"ClCompile"	"自我动作实现.服务模块.ixx:2571:        ok = 世界树.写入特征_I64(宿主, 特征_服务定义规则版本(), 1, now) && ok;"
"present"	"特征_基础分"	"特征_基础分"	"自我动作实现.服务模块.ixx:469"	"1"	"inline const 语素入口节点类* 特征_基础分() noexcept"	"按函数名执行对应处理。"	""	"ClCompile"	"自我动作实现.服务模块.ixx:2785:        ok = 世界树.写入特征_I64(宿主, 特征_基础分(), 评分.基础分, now) && ok;"
"present"	"特征_证据强度达到确认阈值"	"特征_证据强度达到确认阈值"	"自我动作实现.服务模块.ixx:477"	"1"	"inline const 语素入口节点类* 特征_证据强度达到确认阈值() noexcept"	"确认候选事实、存在、状态或运行结果。"	""	"ClCompile"	"自我动作实现.服务模块.ixx:2875:            特征_证据强度达到确认阈值(),"
"present"	"特征_L5高级治理确认"	"特征_L5高级治理确认"	"自我动作实现.服务模块.ixx:485"	"1"	"inline const 语素入口节点类* 特征_L5高级治理确认() noexcept"	"确认候选事实、存在、状态或运行结果。"	""	"ClCompile"	"自我动作实现.服务模块.ixx:2880:            特征_L5高级治理确认(),"
"present"	"类型_成功服务候选池"	"类型_成功服务候选池"	"自我动作实现.服务模块.ixx:493"	"1"	"inline const 语素入口节点类* 类型_成功服务候选池() noexcept"	"按函数名执行对应处理。"	""	"ClCompile"	"自我动作实现.服务模块.ixx:3132:            类型_成功服务候选池(),"
"present"	"类型_成功服务候选记录"	"类型_成功服务候选记录"	"自我动作实现.服务模块.ixx:501"	"1"	"inline const 语素入口节点类* 类型_成功服务候选记录() noexcept"	"记录日志、动态、证据或运行痕迹。"	""	"ClCompile"	"自我动作实现.服务模块.ixx:3268:            类型_成功服务候选记录(),"
"present"	"特征_候选有效期"	"特征_候选有效期"	"自我动作实现.服务模块.ixx:541"	"1"	"inline const 语素入口节点类* 特征_候选有效期() noexcept"	"按函数名执行对应处理。"	""	"ClCompile"	"自我动作实现.服务模块.ixx:3283:            ok = 世界树.写入特征_I64(记录宿主, 特征_候选有效期(), 候选有效期, now) && ok;"
"present"	"特征_反馈窗口"	"特征_反馈窗口"	"自我动作实现.服务模块.ixx:557"	"1"	"inline const 语素入口节点类* 特征_反馈窗口() noexcept"	"按函数名执行对应处理。"	""	"ClCompile"	"自我动作实现.服务模块.ixx:3287:            ok = 世界树.写入特征_I64(记录宿主, 特征_反馈窗口(), 反馈窗口, now) && ok;"
"present"	"特征_证据缺口"	"特征_证据缺口"	"自我动作实现.服务模块.ixx:565"	"1"	"inline const 语素入口节点类* 特征_证据缺口() noexcept"	"按函数名执行对应处理。"	""	"ClCompile"	"自我动作实现.服务模块.ixx:3290:            ok = 世界树.写入特征_指针(记录宿主, 特征_证据缺口(), 证据缺口, now) && ok;"
"present"	"特征_下一步验证方法"	"特征_下一步验证方法"	"自我动作实现.服务模块.ixx:573"	"1"	"inline const 语素入口节点类* 特征_下一步验证方法() noexcept"	"按函数名执行对应处理。"	""	"ClCompile"	"自我动作实现.服务模块.ixx:3293:            ok = 世界树.写入特征_指针(记录宿主, 特征_下一步验证方法(), 下一步验证方法, now) && ok;"
"present"	"特征_候选复核时间"	"特征_候选复核时间"	"自我动作实现.服务模块.ixx:581"	"1"	"inline const 语素入口节点类* 特征_候选复核时间() noexcept"	"按函数名执行对应处理。"	""	"ClCompile"	"自我动作实现.服务模块.ixx:3361:        ok = 世界树.写入特征_I64(记录宿主, 特征_候选复核时间(), static_cast<I64>(now), now) && ok;"
"present"	"特征_候选复核结果"	"特征_候选复核结果"	"自我动作实现.服务模块.ixx:589"	"1"	"inline const 语素入口节点类* 特征_候选复核结果() noexcept"	"按函数名执行对应处理。"	""	"ClCompile"	"自我动作实现.服务模块.ixx:3362:        ok = 世界树.写入特征_I64(记录宿主, 特征_候选复核结果(), static_cast<I64>(复核结果), now) && ok;"
"present"	"特征_lambda候选"	"特征_lambda候选"	"自我动作实现.服务模块.ixx:605"	"1"	"inline const 语素入口节点类* 特征_lambda候选() noexcept"	"按函数名执行对应处理。"	""	"ClCompile"	"自我动作实现.服务模块.ixx:3618:        ok = 世界树.写入特征_I64(宿主, 特征_lambda候选(), 结果.lambda候选, now) && ok;"
"present"	"特征_lambda使用"	"特征_lambda使用"	"自我动作实现.服务模块.ixx:613"	"1"	"inline const 语素入口节点类* 特征_lambda使用() noexcept"	"按函数名执行对应处理。"	""	"ClCompile"	"自我动作实现.服务模块.ixx:3619:        ok = 世界树.写入特征_I64(宿主, 特征_lambda使用(), 结果.lambda使用, now) && ok;"
"present"	"特征_非重复系数"	"特征_非重复系数"	"自我动作实现.服务模块.ixx:629"	"1"	"inline const 语素入口节点类* 特征_非重复系数() noexcept"	"按函数名执行对应处理。"	""	"ClCompile"	"自我动作实现.服务模块.ixx:3615:        ok = 世界树.写入特征_I64(宿主, 特征_非重复系数(), 约束服务评分(输入.非重复系数), now) && ok;"
"present"	"特征_安全调节"	"特征_安全调节"	"自我动作实现.服务模块.ixx:637"	"1"	"inline const 语素入口节点类* 特征_安全调节() noexcept"	"按函数名执行对应处理。"	""	"ClCompile"	"自我动作实现.服务模块.ixx:3616:        ok = 世界树.写入特征_I64(宿主, 特征_安全调节(), 约束服务评分(输入.安全调节), now) && ok;"
"present"	"特征_服务值上限"	"特征_服务值上限"	"自我动作实现.服务模块.ixx:645"	"1"	"inline const 语素入口节点类* 特征_服务值上限() noexcept"	"按函数名执行对应处理。"	""	"ClCompile"	"自我动作实现.服务模块.ixx:3617:        ok = 世界树.写入特征_I64(宿主, 特征_服务值上限(), 输入.服务值上限, now) && ok;"
"present"	"特征_硬门槛_人类对象成立"	"特征_硬门槛_人类对象成立"	"自我动作实现.服务模块.ixx:693"	"1"	"inline const 语素入口节点类* 特征_硬门槛_人类对象成立() noexcept"	"按函数名执行对应处理。"	""	"ClCompile"	"自我动作实现.服务模块.ixx:2485:            return 特征_硬门槛_人类对象成立();"
"present"	"特征_硬门槛_明确需求或利益"	"特征_硬门槛_明确需求或利益"	"自我动作实现.服务模块.ixx:701"	"1"	"inline const 语素入口节点类* 特征_硬门槛_明确需求或利益() noexcept"	"按函数名执行对应处理。"	""	"ClCompile"	"自我动作实现.服务模块.ixx:2487:            return 特征_硬门槛_明确需求或利益();"
"present"	"特征_硬门槛_明确服务目标"	"特征_硬门槛_明确服务目标"	"自我动作实现.服务模块.ixx:709"	"1"	"inline const 语素入口节点类* 特征_硬门槛_明确服务目标() noexcept"	"按函数名执行对应处理。"	""	"ClCompile"	"自我动作实现.服务模块.ixx:2489:            return 特征_硬门槛_明确服务目标();"
"present"	"特征_硬门槛_权限边界成立"	"特征_硬门槛_权限边界成立"	"自我动作实现.服务模块.ixx:717"	"1"	"inline const 语素入口节点类* 特征_硬门槛_权限边界成立() noexcept"	"按函数名执行对应处理。"	""	"ClCompile"	"自我动作实现.服务模块.ixx:2491:            return 特征_硬门槛_权限边界成立();"
"present"	"特征_硬门槛_安全通过"	"特征_硬门槛_安全通过"	"自我动作实现.服务模块.ixx:725"	"1"	"inline const 语素入口节点类* 特征_硬门槛_安全通过() noexcept"	"按函数名执行对应处理。"	""	"ClCompile"	"自我动作实现.服务模块.ixx:2493:            return 特征_硬门槛_安全通过();"
"present"	"特征_硬门槛_服务已实际交付"	"特征_硬门槛_服务已实际交付"	"自我动作实现.服务模块.ixx:733"	"1"	"inline const 语素入口节点类* 特征_硬门槛_服务已实际交付() noexcept"	"按函数名执行对应处理。"	""	"ClCompile"	"自我动作实现.服务模块.ixx:2495:            return 特征_硬门槛_服务已实际交付();"
"present"	"特征_硬门槛_D0自我服务业务动作存在"	"特征_硬门槛_D0自我服务业务动作存在"	"自我动作实现.服务模块.ixx:741"	"1"	"inline const 语素入口节点类* 特征_硬门槛_D0自我服务业务动作存在() noexcept"	"按函数名执行对应处理。"	""	"ClCompile"	"自我动作实现.服务模块.ixx:2497:            return 特征_硬门槛_D0自我服务业务动作存在();"
"present"	"特征_硬门槛_服务前后状态可比较"	"特征_硬门槛_服务前后状态可比较"	"自我动作实现.服务模块.ixx:749"	"1"	"inline const 语素入口节点类* 特征_硬门槛_服务前后状态可比较() noexcept"	"比较当前值、目标值或历史基准。"	""	"ClCompile"	"自我动作实现.服务模块.ixx:2499:            return 特征_硬门槛_服务前后状态可比较();"
"present"	"特征_硬门槛_目标特征改善成立"	"特征_硬门槛_目标特征改善成立"	"自我动作实现.服务模块.ixx:757"	"1"	"inline const 语素入口节点类* 特征_硬门槛_目标特征改善成立() noexcept"	"按函数名执行对应处理。"	""	"ClCompile"	"自我动作实现.服务模块.ixx:2501:            return 特征_硬门槛_目标特征改善成立();"
"present"	"特征_硬门槛_改善结果可验证"	"特征_硬门槛_改善结果可验证"	"自我动作实现.服务模块.ixx:765"	"1"	"inline const 语素入口节点类* 特征_硬门槛_改善结果可验证() noexcept"	"按函数名执行对应处理。"	""	"ClCompile"	"自我动作实现.服务模块.ixx:2503:            return 特征_硬门槛_改善结果可验证();"
"present"	"特征_验证特征集合"	"特征_验证特征集合"	"自我动作实现.服务模块.ixx:77"	"1"	"inline const 语素入口节点类* 特征_验证特征集合() noexcept"	"按函数名执行对应处理。"	""	"ClCompile"	"自我动作实现.服务模块.ixx:1789:            特征_验证特征集合(),"
"present"	"特征_硬门槛_改善可归因于自我动作"	"特征_硬门槛_改善可归因于自我动作"	"自我动作实现.服务模块.ixx:773"	"1"	"inline const 语素入口节点类* 特征_硬门槛_改善可归因于自我动作() noexcept"	"按函数名执行对应处理。"	""	"ClCompile"	"自我动作实现.服务模块.ixx:2505:            return 特征_硬门槛_改善可归因于自我动作();"
"present"	"特征_硬门槛_非重复服务"	"特征_硬门槛_非重复服务"	"自我动作实现.服务模块.ixx:781"	"1"	"inline const 语素入口节点类* 特征_硬门槛_非重复服务() noexcept"	"按函数名执行对应处理。"	""	"ClCompile"	"自我动作实现.服务模块.ixx:2507:            return 特征_硬门槛_非重复服务();"
"present"	"特征_硬门槛_闭环回写成立"	"特征_硬门槛_闭环回写成立"	"自我动作实现.服务模块.ixx:789"	"1"	"inline const 语素入口节点类* 特征_硬门槛_闭环回写成立() noexcept"	"按函数名执行对应处理。"	""	"ClCompile"	"自我动作实现.服务模块.ixx:2509:            return 特征_硬门槛_闭环回写成立();"
"present"	"特征_服务字段缺口"	"特征_服务字段缺口"	"自我动作实现.服务模块.ixx:829"	"1"	"inline const 语素入口节点类* 特征_服务字段缺口() noexcept"	"按函数名执行对应处理。"	""	"ClCompile"	"自我动作实现.服务模块.ixx:1878:        auto* 缺口 = 世界树.取或创建子特征_按类型(回执宿主, 特征_服务字段缺口());"
"present"	"特征_缺口字段类型"	"特征_缺口字段类型"	"自我动作实现.服务模块.ixx:837"	"1"	"inline const 语素入口节点类* 特征_缺口字段类型() noexcept"	"按函数名执行对应处理。"	""	"ClCompile"	"自我动作实现.服务模块.ixx:1892:        ok = 世界树.写入特征_指针(宿主, 特征_缺口字段类型(), 字段类型, now) && ok;"
"present"	"类型_服务方法运行存在"	"类型_服务方法运行存在"	"自我动作实现.服务模块.ixx:845"	"1"	"inline const 语素入口节点类* 类型_服务方法运行存在() noexcept"	"执行对应模块、线程或方法的运行逻辑。"	""	"ClCompile"	"自我动作实现.服务模块.ixx:1913:            类型_服务方法运行存在(),"
"present"	"特征_归因特征集合"	"特征_归因特征集合"	"自我动作实现.服务模块.ixx:85"	"1"	"inline const 语素入口节点类* 特征_归因特征集合() noexcept"	"按函数名执行对应处理。"	""	"ClCompile"	"自我动作实现.服务模块.ixx:1797:            特征_归因特征集合(),"
"present"	"特征_字段来源方法虚拟存在"	"特征_字段来源方法虚拟存在"	"自我动作实现.服务模块.ixx:853"	"1"	"inline const 语素入口节点类* 特征_字段来源方法虚拟存在() noexcept"	"按函数名执行对应处理。"	""	"ClCompile"	"自我动作实现.服务模块.ixx:1339:                特征_字段来源方法虚拟存在(),"
"present"	"特征_字段来源方法版本"	"特征_字段来源方法版本"	"自我动作实现.服务模块.ixx:861"	"1"	"inline const 语素入口节点类* 特征_字段来源方法版本() noexcept"	"按函数名执行对应处理。"	""	"ClCompile"	"自我动作实现.服务模块.ixx:1352:                特征_字段来源方法版本(),"
"present"	"特征_字段角色"	"特征_字段角色"	"自我动作实现.服务模块.ixx:869"	"1"	"inline const 语素入口节点类* 特征_字段角色() noexcept"	"按函数名执行对应处理。"	""	"ClCompile"	"自我动作实现.服务模块.ixx:1369:            ok = 世界树.写入特征_指针(宿主, 特征_字段角色(), 字段角色, now) && ok;"
"present"	"特征_字段激活阶段"	"特征_字段激活阶段"	"自我动作实现.服务模块.ixx:885"	"1"	"inline const 语素入口节点类* 特征_字段激活阶段() noexcept"	"按函数名执行对应处理。"	""	"ClCompile"	"自我动作实现.服务模块.ixx:1374:        ok = 世界树.写入特征_I64(宿主, 特征_字段激活阶段(), 激活阶段, now) && ok;"
"present"	"特征_字段是否必需"	"特征_字段是否必需"	"自我动作实现.服务模块.ixx:893"	"1"	"inline const 语素入口节点类* 特征_字段是否必需() noexcept"	"按函数名执行对应处理。"	""	"ClCompile"	"自我动作实现.服务模块.ixx:1375:        ok = 世界树.写入特征_I64(宿主, 特征_字段是否必需(), 是否必需 ? 1 : 0, now) && ok;"
"present"	"特征_安全权限特征集合"	"特征_安全权限特征集合"	"自我动作实现.服务模块.ixx:93"	"1"	"inline const 语素入口节点类* 特征_安全权限特征集合() noexcept"	"按函数名执行对应处理。"	""	"ClCompile"	"自我动作实现.服务模块.ixx:1805:            特征_安全权限特征集合(),"
"present"	"值_服务字段未挂载"	"值_服务字段未挂载"	"自我动作实现.服务模块.ixx:941"	"1"	"inline const 语素入口节点类* 值_服务字段未挂载() noexcept"	"按函数名执行对应处理。"	""	"ClCompile"	"自我动作实现.服务模块.ixx:1857:            结果.失败原因 = 值_服务字段未挂载();"
"present"	"值_服务目标宿主缺失"	"值_服务目标宿主缺失"	"自我动作实现.服务模块.ixx:949"	"1"	"inline const 语素入口节点类* 值_服务目标宿主缺失() noexcept"	"按函数名执行对应处理。"	""	"ClCompile"	"自我动作实现.服务模块.ixx:2033:            结果.失败原因 = 值_服务目标宿主缺失();"
"present"	"值_服务目标特征类型缺失"	"值_服务目标特征类型缺失"	"自我动作实现.服务模块.ixx:957"	"1"	"inline const 语素入口节点类* 值_服务目标特征类型缺失() noexcept"	"按函数名执行对应处理。"	""	"ClCompile"	"自我动作实现.服务模块.ixx:2039:            结果.失败原因 = 值_服务目标特征类型缺失();"
"present"	"值_D0动作动态缺失"	"值_D0动作动态缺失"	"自我动作实现.服务模块.ixx:973"	"1"	"inline const 语素入口节点类* 值_D0动作动态缺失() noexcept"	"按函数名执行对应处理。"	""	"ClCompile"	"自我动作实现.服务模块.ixx:2286:        if (!结果.D0存在) return 值_D0动作动态缺失();"
"present"	"值_D0主信息缺失"	"值_D0主信息缺失"	"自我动作实现.服务模块.ixx:981"	"1"	"inline const 语素入口节点类* 值_D0主信息缺失() noexcept"	"按函数名执行对应处理。"	""	"ClCompile"	"自我动作实现.服务模块.ixx:2287:        if (!结果.D0主信息存在) return 值_D0主信息缺失();"
"present"	"值_D0动作主体缺失"	"值_D0动作主体缺失"	"自我动作实现.服务模块.ixx:989"	"1"	"inline const 语素入口节点类* 值_D0动作主体缺失() noexcept"	"按函数名执行对应处理。"	""	"ClCompile"	"自我动作实现.服务模块.ixx:2288:        if (!结果.动作主体存在) return 值_D0动作主体缺失();"
"present"	"值_D0动作主体非自我"	"值_D0动作主体非自我"	"自我动作实现.服务模块.ixx:997"	"1"	"inline const 语素入口节点类* 值_D0动作主体非自我() noexcept"	"按函数名执行对应处理。"	""	"ClCompile"	"自我动作实现.服务模块.ixx:2289:        if (!结果.动作主体为自我) return 值_D0动作主体非自我();"
"present"	"注册任务状态被动提交函数"	"注册任务状态被动提交函数"	"自我动作实现.内部模块.ixx:130"	"1"	"inline void 注册任务状态被动提交函数(任务状态被动提交函数 函数) noexcept"	"提交事实、动态、任务状态或运行回执。"	""	"ClCompile"	"自我动作实现模块.ixx:5732:        内部模块::注册任务状态被动提交函数(&提交任务状态被动动作);"
"present"	"注册内部本能函数执行闭环"	"注册内部本能函数执行闭环"	"自我动作实现.内部模块.ixx:144"	"1"	"inline bool 注册内部本能函数执行闭环(const 内部本能函数集& 函数集) noexcept"	"注册方法、模板、对象或运行入口。"	""	"ClCompile"	"自我动作实现模块.ixx:5731:        ok = 内部模块::注册内部本能函数执行闭环(内部函数) && ok;"
"present"	"记录数据项处理"	"记录数据项处理"	"自我动作实现.扫描.ixx:1093"	"1"	"inline void 记录数据项处理( 存在节点类* 运行存在, const 结构_已合法外设数据项& 数据项, const 结构_扫描判断结果& 判断, 时间戳 now) noexcept"	"记录日志、动态、证据或运行痕迹。"	""	"ClCompile"	"自我动作实现.扫描.ixx:1979:            记录数据项处理(运行存在, 数据项, 判断, now);"
"present"	"生成本轮扫描关注集合"	"生成本轮扫描关注集合"	"自我动作实现.扫描.ixx:1136"	"1"	"inline 结构_扫描关注集合 生成本轮扫描关注集合( 场景节点类* 当前场景, 存在节点类* 运行存在, I64& 缺口数量, 时间戳 now) noexcept"	"根据当前输入生成目标数据、场景、动态或回执。"	""	"ClCompile"	"自我动作实现.扫描.ixx:1826:        const auto 关注集合 = 生成本轮扫描关注集合(输入参数场景, 运行存在, 缺口数量, now);"
"present"	"判断外设数据项对应关系"	"判断外设数据项对应关系"	"自我动作实现.扫描.ixx:1189"	"1"	"inline 结构_扫描对应结果 判断外设数据项对应关系( const 结构_已合法外设数据项& 数据项, const 结构_扫描关注集合& 关注集合) noexcept"	"判断条件、状态或业务结果是否成立。"	""	"ClCompile"	"自我动作实现.扫描.ixx:1875:                    const auto 对应 = 判断外设数据项对应关系(数据项, 关注集合);"
"present"	"创建扫描I64状态"	"创建扫描I64状态"	"自我动作实现.扫描.ixx:1282"	"1"	"inline 状态节点类* 创建扫描I64状态( 场景节点类* 场景, 基础信息节点类* 主体, const 语素入口节点类* 特征类型, I64 值, bool 是否变化, 时间戳 now) noexcept"	"创建并返回或登记对应对象。"	""	"ClCompile"	"自我动作实现.扫描.ixx:1320:            return 创建扫描I64状态("
"present"	"写入场景当前特征值_空间位置"	"写入场景当前特征值_空间位置"	"自我动作实现.扫描.ixx:1438"	"1"	"inline 结构_扫描写入结果 写入场景当前特征值_空间位置( 方法类::节点类* 方法首节点, 场景节点类* 输入参数场景, 场景节点类* 输出结果场景, 存在节点类* 运行存在, I64 摘要序号, 存在节点类* 目标存在, const 结构_已合法外设数据项& 数据项, 时间戳 now) noexcept"	"把处理结果写入指定对象、场景或日志。"	""	"ClCompile"	"自我动作实现.扫描.ixx:1882:                        const auto 写入结果 = 写入场景当前特征值_空间位置("
"present"	"记录未覆盖解释"	"记录未覆盖解释"	"自我动作实现.扫描.ixx:1517"	"1"	"inline void 记录未覆盖解释( 存在节点类* 运行存在, I64 序号, 存在节点类* 目标存在, 枚举_扫描未覆盖解释状态 解释状态, 时间戳 now) noexcept"	"记录日志、动态、证据或运行痕迹。"	""	"ClCompile"	"自我动作实现.扫描.ixx:1989:                记录未覆盖解释("
"present"	"同步扫描输出结果场景"	"同步扫描输出结果场景"	"自我动作实现.扫描.ixx:1536"	"1"	"inline void 同步扫描输出结果场景( 场景节点类* 输出结果场景, 存在节点类* 运行存在, 动态节点类* 动作动态, 枚举_扫描治理输出状态 输出状态, 枚举_扫描场景维护结果 维护状态, I64 外设数据项总数, I64 已闭合计数, I64 缺口数量, I64 写入摘要数量, I64 临时证据数量, I64 覆盖冲突数量, I64 本轮异常未覆盖存在数量, I64 消失候选数量, I64 扫描入账状态, I64 外设扫描结果场景状态, I64 当前场景扫描组合状态, I64 状态变化动作动态数量, I64 主动因果信息数量, 时间戳 now) noexcept"	"同步线程、任务、场景或对象之间的状态。"	""	"ClCompile"	"自我动作实现.扫描.ixx:2141:        同步扫描输出结果场景("
"present"	"追加扫描子特征动作动态"	"追加扫描子特征动作动态"	"自我动作实现.扫描.ixx:1691"	"1"	"inline void 追加扫描子特征动作动态( 方法类::节点类* 方法首节点, 场景节点类* 输入参数场景, 场景节点类* 输出结果场景, 存在节点类* 运行存在, const 语素入口节点类* 特征类型, I64 初始值, I64 结果值, std::vector<动态节点类*>& 输出动态集合, I64& 输出动态数量, I64& 输出因果数量, 时间戳 now) noexcept"	"把扫描复合状态的直接子特征落成可查询动作动态和主动因果信息。"	""	"ClCompile"	"自我动作实现.扫描.ixx:2079:            追加扫描子特征动作动态("
"present"	"扫描特征绑定名称"	"扫描特征绑定名称"	"自我动作实现.扫描.ixx:403"	"1"	"inline const char* 扫描特征绑定名称(枚举_扫描特征绑定ID ID) noexcept"	"建立对象、任务、方法或因果之间的绑定关系。"	""	"ClCompile"	"自我动作实现.扫描.ixx:423:            return 语素集.添加信息入口词(扫描特征绑定名称(ID), 枚举_信息入口类型::特征模板入口);"
"present"	"扫描存在类型绑定名称"	"扫描存在类型绑定名称"	"自我动作实现.扫描.ixx:412"	"1"	"inline const char* 扫描存在类型绑定名称(枚举_扫描存在类型绑定ID ID) noexcept"	"建立对象、任务、方法或因果之间的绑定关系。"	""	"ClCompile"	"自我动作实现.扫描.ixx:429:            return 语素集.添加信息入口词(扫描存在类型绑定名称(ID), 枚举_信息入口类型::存在概念入口);"
"present"	"特征_扫描范围状态"	"特征_扫描范围状态"	"自我动作实现.扫描.ixx:451"	"1"	"inline const 语素入口节点类* 特征_扫描范围状态() noexcept"	"执行扫描相关材料获取、比较或提交逻辑。"	""	"ClCompile"	"自我动作实现.扫描.ixx:1782:        (void)写入I64(运行宿主, 特征_扫描范围状态(), 输入参数场景 ? 1 : 0, now);"
"present"	"特征_本轮可忽略存在集合"	"特征_本轮可忽略存在集合"	"自我动作实现.扫描.ixx:463"	"1"	"inline const 语素入口节点类* 特征_本轮可忽略存在集合() noexcept"	"按函数名执行对应处理。"	""	"ClCompile"	"自我动作实现.扫描.ixx:1834:        (void)写入I64(运行宿主, 特征_本轮可忽略存在集合(), 本轮可忽略存在数量 > 0 ? 1 : 0, now);"
"present"	"特征_本轮异常未覆盖存在集合"	"特征_本轮异常未覆盖存在集合"	"自我动作实现.扫描.ixx:469"	"1"	"inline const 语素入口节点类* 特征_本轮异常未覆盖存在集合() noexcept"	"按函数名执行对应处理。"	""	"ClCompile"	"自我动作实现.扫描.ixx:2062:        (void)写入I64(运行宿主, 特征_本轮异常未覆盖存在集合(), 本轮异常未覆盖存在数量 > 0 ? 1 : 0, now);"
"present"	"特征_已取出数据项计数"	"特征_已取出数据项计数"	"自我动作实现.扫描.ixx:487"	"1"	"inline const 语素入口节点类* 特征_已取出数据项计数() noexcept"	"按函数名执行对应处理。"	""	"ClCompile"	"自我动作实现.扫描.ixx:2030:        (void)写入I64(运行宿主, 特征_已取出数据项计数(), 已取出计数, now);"
"present"	"特征_已成功解析数据项计数"	"特征_已成功解析数据项计数"	"自我动作实现.扫描.ixx:490"	"1"	"inline const 语素入口节点类* 特征_已成功解析数据项计数() noexcept"	"解析输入文本、消息、场景或运行包。"	""	"ClCompile"	"自我动作实现.扫描.ixx:2031:        (void)写入I64(运行宿主, 特征_已成功解析数据项计数(), 已解析计数, now);"
"present"	"特征_本轮外设覆盖索引"	"特征_本轮外设覆盖索引"	"自我动作实现.扫描.ixx:496"	"1"	"inline const 语素入口节点类* 特征_本轮外设覆盖索引() noexcept"	"按函数名执行对应处理。"	""	"ClCompile"	"自我动作实现.扫描.ixx:2034:        (void)写入I64(运行宿主, 特征_本轮外设覆盖索引(), 覆盖计数 > 0 ? 1 : 0, now);"
"present"	"特征_本轮外设覆盖索引状态"	"特征_本轮外设覆盖索引状态"	"自我动作实现.扫描.ixx:499"	"1"	"inline const 语素入口节点类* 特征_本轮外设覆盖索引状态() noexcept"	"按函数名执行对应处理。"	""	"ClCompile"	"自我动作实现.扫描.ixx:2033:        (void)写入I64(运行宿主, 特征_本轮外设覆盖索引状态(), 覆盖计数 > 0 ? 1 : 0, now);"
"present"	"特征_已写入特征数量"	"特征_已写入特征数量"	"自我动作实现.扫描.ixx:511"	"1"	"inline const 语素入口节点类* 特征_已写入特征数量() noexcept"	"把处理结果写入指定对象、场景或日志。"	""	"ClCompile"	"自我动作实现.扫描.ixx:2037:        (void)写入I64(运行宿主, 特征_已写入特征数量(), 已写入特征数量, now);"
"present"	"特征_写入批次状态"	"特征_写入批次状态"	"自我动作实现.扫描.ixx:517"	"1"	"inline const 语素入口节点类* 特征_写入批次状态() noexcept"	"把处理结果写入指定对象、场景或日志。"	""	"ClCompile"	"自我动作实现.扫描.ixx:2039:        (void)写入I64(运行宿主, 特征_写入批次状态(), 写入摘要数量 > 0 ? 1 : 0, now);"
"present"	"特征_写入失败数量"	"特征_写入失败数量"	"自我动作实现.扫描.ixx:520"	"1"	"inline const 语素入口节点类* 特征_写入失败数量() noexcept"	"把处理结果写入指定对象、场景或日志。"	""	"ClCompile"	"自我动作实现.扫描.ixx:2040:        (void)写入I64(运行宿主, 特征_写入失败数量(), 写入失败数量, now);"
"present"	"特征_值域冲突数量"	"特征_值域冲突数量"	"自我动作实现.扫描.ixx:535"	"1"	"inline const 语素入口节点类* 特征_值域冲突数量() noexcept"	"按函数名执行对应处理。"	""	"ClCompile"	"自我动作实现.扫描.ixx:2054:        (void)写入I64(运行宿主, 特征_值域冲突数量(), 值域冲突数量, now);"
"present"	"特征_视野外证据数量"	"特征_视野外证据数量"	"自我动作实现.扫描.ixx:538"	"1"	"inline const 语素入口节点类* 特征_视野外证据数量() noexcept"	"按函数名执行对应处理。"	""	"ClCompile"	"自我动作实现.扫描.ixx:2055:        (void)写入I64(运行宿主, 特征_视野外证据数量(), 0, now);"
"present"	"特征_遮蔽覆盖证据数量"	"特征_遮蔽覆盖证据数量"	"自我动作实现.扫描.ixx:541"	"1"	"inline const 语素入口节点类* 特征_遮蔽覆盖证据数量() noexcept"	"按函数名执行对应处理。"	""	"ClCompile"	"自我动作实现.扫描.ixx:2056:        (void)写入I64(运行宿主, 特征_遮蔽覆盖证据数量(), 0, now);"
"present"	"特征_信息完备性状态"	"特征_信息完备性状态"	"自我动作实现.扫描.ixx:550"	"1"	"inline const 语素入口节点类* 特征_信息完备性状态() noexcept"	"按函数名执行对应处理。"	""	"ClCompile"	"自我动作实现.扫描.ixx:2064:        (void)写入I64(运行宿主, 特征_信息完备性状态(), 缺口数量 == 0 ? 1 : 0, now);"
"present"	"特征_内部信息一致性状态"	"特征_内部信息一致性状态"	"自我动作实现.扫描.ixx:553"	"1"	"inline const 语素入口节点类* 特征_内部信息一致性状态() noexcept"	"按函数名执行对应处理。"	""	"ClCompile"	"自我动作实现.扫描.ixx:2065:        (void)写入I64(运行宿主, 特征_内部信息一致性状态(), 覆盖冲突数量 == 0 ? 1 : 0, now);"
"present"	"特征_缺口类型"	"特征_缺口类型"	"自我动作实现.扫描.ixx:562"	"1"	"inline const 语素入口节点类* 特征_缺口类型() noexcept"	"按函数名执行对应处理。"	""	"ClCompile"	"自我动作实现.扫描.ixx:1086:            (void)写入I64(宿主, 特征_缺口类型(), static_cast<I64>(缺口类型), now);"
"present"	"特征_缺口目标宿主状态"	"特征_缺口目标宿主状态"	"自我动作实现.扫描.ixx:565"	"1"	"inline const 语素入口节点类* 特征_缺口目标宿主状态() noexcept"	"按函数名执行对应处理。"	""	"ClCompile"	"自我动作实现.扫描.ixx:1087:            (void)写入I64(宿主, 特征_缺口目标宿主状态(), 目标宿主状态, now);"
"present"	"特征_缺口特征类型状态"	"特征_缺口特征类型状态"	"自我动作实现.扫描.ixx:568"	"1"	"inline const 语素入口节点类* 特征_缺口特征类型状态() noexcept"	"按函数名执行对应处理。"	""	"ClCompile"	"自我动作实现.扫描.ixx:1088:            (void)写入I64(宿主, 特征_缺口特征类型状态(), 特征类型状态, now);"
"present"	"特征_建议后续路径状态"	"特征_建议后续路径状态"	"自我动作实现.扫描.ixx:571"	"1"	"inline const 语素入口节点类* 特征_建议后续路径状态() noexcept"	"按函数名执行对应处理。"	""	"ClCompile"	"自我动作实现.扫描.ixx:1089:            (void)写入I64(宿主, 特征_建议后续路径状态(), 后续路径状态, now);"
"present"	"特征_数据项类别"	"特征_数据项类别"	"自我动作实现.扫描.ixx:577"	"1"	"inline const 语素入口节点类* 特征_数据项类别() noexcept"	"按函数名执行对应处理。"	""	"ClCompile"	"自我动作实现.扫描.ixx:1106:            (void)写入I64(宿主, 特征_数据项类别(), static_cast<I64>(数据项.类别), now);"
"present"	"特征_外设特征类型ID"	"特征_外设特征类型ID"	"自我动作实现.扫描.ixx:580"	"1"	"inline const 语素入口节点类* 特征_外设特征类型ID() noexcept"	"按函数名执行对应处理。"	""	"ClCompile"	"自我动作实现.扫描.ixx:1107:            (void)写入I64(宿主, 特征_外设特征类型ID(), static_cast<I64>(数据项.外设特征类型), now);"
"present"	"特征_已确认存在ID"	"特征_已确认存在ID"	"自我动作实现.扫描.ixx:583"	"1"	"inline const 语素入口节点类* 特征_已确认存在ID() noexcept"	"确认候选事实、存在、状态或运行结果。"	""	"ClCompile"	"自我动作实现.扫描.ixx:1108:            (void)写入I64(宿主, 特征_已确认存在ID(), static_cast<I64>(数据项.已确认存在ID), now);"
"present"	"特征_关注存在指针"	"特征_关注存在指针"	"自我动作实现.扫描.ixx:595"	"1"	"inline const 语素入口节点类* 特征_关注存在指针() noexcept"	"按函数名执行对应处理。"	""	"ClCompile"	"自我动作实现.扫描.ixx:1130:            (void)写入指针(宿主, 特征_关注存在指针(), 目标存在, now);"
"present"	"特征_关注集合类别"	"特征_关注集合类别"	"自我动作实现.扫描.ixx:598"	"1"	"inline const 语素入口节点类* 特征_关注集合类别() noexcept"	"按函数名执行对应处理。"	""	"ClCompile"	"自我动作实现.扫描.ixx:1131:            (void)写入I64(宿主, 特征_关注集合类别(), static_cast<I64>(集合类别), now);"
"present"	"特征_关注原因状态"	"特征_关注原因状态"	"自我动作实现.扫描.ixx:601"	"1"	"inline const 语素入口节点类* 特征_关注原因状态() noexcept"	"按函数名执行对应处理。"	""	"ClCompile"	"自我动作实现.扫描.ixx:1132:            (void)写入I64(宿主, 特征_关注原因状态(), static_cast<I64>(原因状态), now);"
"present"	"特征_覆盖数据项ID"	"特征_覆盖数据项ID"	"自我动作实现.扫描.ixx:607"	"1"	"inline const 语素入口节点类* 特征_覆盖数据项ID() noexcept"	"按函数名执行对应处理。"	""	"ClCompile"	"自我动作实现.扫描.ixx:1245:            (void)写入I64(宿主, 特征_覆盖数据项ID(), static_cast<I64>(数据项.数据项ID), now);"
"present"	"特征_覆盖目标存在指针"	"特征_覆盖目标存在指针"	"自我动作实现.扫描.ixx:610"	"1"	"inline const 语素入口节点类* 特征_覆盖目标存在指针() noexcept"	"按函数名执行对应处理。"	""	"ClCompile"	"自我动作实现.扫描.ixx:1246:            (void)写入指针(宿主, 特征_覆盖目标存在指针(), 对应结果.目标存在, now);"
"present"	"特征_覆盖判断状态"	"特征_覆盖判断状态"	"自我动作实现.扫描.ixx:613"	"1"	"inline const 语素入口节点类* 特征_覆盖判断状态() noexcept"	"判断条件、状态或业务结果是否成立。"	""	"ClCompile"	"自我动作实现.扫描.ixx:1247:            (void)写入I64(宿主, 特征_覆盖判断状态(), static_cast<I64>(对应结果.状态), now);"
"present"	"特征_覆盖候选数量"	"特征_覆盖候选数量"	"自我动作实现.扫描.ixx:616"	"1"	"inline const 语素入口节点类* 特征_覆盖候选数量() noexcept"	"按函数名执行对应处理。"	""	"ClCompile"	"自我动作实现.扫描.ixx:1248:            (void)写入I64(宿主, 特征_覆盖候选数量(), 对应结果.候选数量, now);"
"present"	"特征_写入目标存在指针"	"特征_写入目标存在指针"	"自我动作实现.扫描.ixx:625"	"1"	"inline const 语素入口节点类* 特征_写入目标存在指针() noexcept"	"把处理结果写入指定对象、场景或日志。"	""	"ClCompile"	"自我动作实现.扫描.ixx:1480:            (void)写入指针(宿主, 特征_写入目标存在指针(), 目标存在, now);"
"present"	"特征_写入目标特征类型状态"	"特征_写入目标特征类型状态"	"自我动作实现.扫描.ixx:628"	"1"	"inline const 语素入口节点类* 特征_写入目标特征类型状态() noexcept"	"把处理结果写入指定对象、场景或日志。"	""	"ClCompile"	"自我动作实现.扫描.ixx:1481:            (void)写入I64(宿主, 特征_写入目标特征类型状态(), static_cast<I64>(枚举_扫描当前状态特征类型::空间位置), now);"
"present"	"特征_写入来源数据项ID"	"特征_写入来源数据项ID"	"自我动作实现.扫描.ixx:631"	"1"	"inline const 语素入口节点类* 特征_写入来源数据项ID() noexcept"	"把处理结果写入指定对象、场景或日志。"	""	"ClCompile"	"自我动作实现.扫描.ixx:1482:            (void)写入I64(宿主, 特征_写入来源数据项ID(), static_cast<I64>(数据项.数据项ID), now);"
"present"	"特征_写入结果状态"	"特征_写入结果状态"	"自我动作实现.扫描.ixx:634"	"1"	"inline const 语素入口节点类* 特征_写入结果状态() noexcept"	"把处理结果写入指定对象、场景或日志。"	""	"ClCompile"	"自我动作实现.扫描.ixx:1483:            (void)写入I64(宿主, 特征_写入结果状态(), 写入成功 ? 1 : 0, now);"
"present"	"特征_写入旧值状态"	"特征_写入旧值状态"	"自我动作实现.扫描.ixx:637"	"1"	"inline const 语素入口节点类* 特征_写入旧值状态() noexcept"	"把处理结果写入指定对象、场景或日志。"	""	"ClCompile"	"自我动作实现.扫描.ixx:1484:            (void)写入I64(宿主, 特征_写入旧值状态(), 旧值可读 ? 1 : 0, now);"
"present"	"特征_写入旧空间位置X"	"特征_写入旧空间位置X"	"自我动作实现.扫描.ixx:640"	"1"	"inline const 语素入口节点类* 特征_写入旧空间位置X() noexcept"	"把处理结果写入指定对象、场景或日志。"	""	"ClCompile"	"自我动作实现.扫描.ixx:1487:                (void)写入I64(宿主, 特征_写入旧空间位置X(), static_cast<I64>(旧坐标.x), now);"
"present"	"特征_写入旧空间位置Y"	"特征_写入旧空间位置Y"	"自我动作实现.扫描.ixx:643"	"1"	"inline const 语素入口节点类* 特征_写入旧空间位置Y() noexcept"	"把处理结果写入指定对象、场景或日志。"	""	"ClCompile"	"自我动作实现.扫描.ixx:1488:                (void)写入I64(宿主, 特征_写入旧空间位置Y(), static_cast<I64>(旧坐标.y), now);"
"present"	"特征_写入旧空间位置Z"	"特征_写入旧空间位置Z"	"自我动作实现.扫描.ixx:646"	"1"	"inline const 语素入口节点类* 特征_写入旧空间位置Z() noexcept"	"把处理结果写入指定对象、场景或日志。"	""	"ClCompile"	"自我动作实现.扫描.ixx:1489:                (void)写入I64(宿主, 特征_写入旧空间位置Z(), static_cast<I64>(旧坐标.z), now);"
"present"	"特征_写入新空间位置X"	"特征_写入新空间位置X"	"自我动作实现.扫描.ixx:649"	"1"	"inline const 语素入口节点类* 特征_写入新空间位置X() noexcept"	"把处理结果写入指定对象、场景或日志。"	""	"ClCompile"	"自我动作实现.扫描.ixx:1491:            (void)写入I64(宿主, 特征_写入新空间位置X(), 数据项.当前中心.X, now);"
"present"	"特征_写入新空间位置Y"	"特征_写入新空间位置Y"	"自我动作实现.扫描.ixx:652"	"1"	"inline const 语素入口节点类* 特征_写入新空间位置Y() noexcept"	"把处理结果写入指定对象、场景或日志。"	""	"ClCompile"	"自我动作实现.扫描.ixx:1492:            (void)写入I64(宿主, 特征_写入新空间位置Y(), 数据项.当前中心.Y, now);"
"present"	"特征_写入新空间位置Z"	"特征_写入新空间位置Z"	"自我动作实现.扫描.ixx:655"	"1"	"inline const 语素入口节点类* 特征_写入新空间位置Z() noexcept"	"把处理结果写入指定对象、场景或日志。"	""	"ClCompile"	"自我动作实现.扫描.ixx:1493:            (void)写入I64(宿主, 特征_写入新空间位置Z(), 数据项.当前中心.Z, now);"
"present"	"特征_未覆盖目标存在指针"	"特征_未覆盖目标存在指针"	"自我动作实现.扫描.ixx:661"	"1"	"inline const 语素入口节点类* 特征_未覆盖目标存在指针() noexcept"	"按函数名执行对应处理。"	""	"ClCompile"	"自我动作实现.扫描.ixx:1531:            (void)写入指针(宿主, 特征_未覆盖目标存在指针(), 目标存在, now);"
"present"	"特征_未覆盖解释状态"	"特征_未覆盖解释状态"	"自我动作实现.扫描.ixx:664"	"1"	"inline const 语素入口节点类* 特征_未覆盖解释状态() noexcept"	"按函数名执行对应处理。"	""	"ClCompile"	"自我动作实现.扫描.ixx:1532:            (void)写入I64(宿主, 特征_未覆盖解释状态(), static_cast<I64>(解释状态), now);"
"present"	"特征_输出场景同步状态"	"特征_输出场景同步状态"	"自我动作实现.扫描.ixx:676"	"1"	"inline const 语素入口节点类* 特征_输出场景同步状态() noexcept"	"同步线程、任务、场景或对象之间的状态。"	""	"ClCompile"	"自我动作实现.扫描.ixx:1588:            (void)写入I64(输出宿主, 特征_输出场景同步状态(), 1, now);"
"present"	"特征_扫描运行存在指针"	"特征_扫描运行存在指针"	"自我动作实现.扫描.ixx:679"	"1"	"inline const 语素入口节点类* 特征_扫描运行存在指针() noexcept"	"执行对应模块、线程或方法的运行逻辑。"	""	"ClCompile"	"自我动作实现.扫描.ixx:1561:            (void)写入指针(输出宿主, 特征_扫描运行存在指针(), 运行存在, now);"
"present"	"特征_目标宿主指针"	"特征_目标宿主指针"	"自我动作实现.扫描.ixx:682"	"1"	"inline const 语素入口节点类* 特征_目标宿主指针() noexcept"	"按函数名执行对应处理。"	""	"ClCompile"	"自我动作实现.扫描.ixx:1783:        (void)写入指针(运行宿主, 特征_目标宿主指针(), 运行存在, now);"
"present"	"特征_目标特征类型指针"	"特征_目标特征类型指针"	"自我动作实现.扫描.ixx:685"	"1"	"inline const 语素入口节点类* 特征_目标特征类型指针() noexcept"	"按函数名执行对应处理。"	""	"ClCompile"	"自我动作实现.扫描.ixx:1784:        (void)写入指针(运行宿主, 特征_目标特征类型指针(), 特征_已识别区域扫描入账状态(), now);"
"present"	"特征_当前状态值"	"特征_当前状态值"	"自我动作实现.扫描.ixx:688"	"1"	"inline const 语素入口节点类* 特征_当前状态值() noexcept"	"按函数名执行对应处理。"	""	"ClCompile"	"自我动作实现.扫描.ixx:1785:        (void)写入I64(运行宿主, 特征_当前状态值(), 0, now);"
"present"	"特征_目标状态值"	"特征_目标状态值"	"自我动作实现.扫描.ixx:691"	"1"	"inline const 语素入口节点类* 特征_目标状态值() noexcept"	"按函数名执行对应处理。"	""	"ClCompile"	"自我动作实现.扫描.ixx:1786:        (void)写入I64(运行宿主, 特征_目标状态值(), 1, now);"
"present"	"特征_实际结果状态值"	"特征_实际结果状态值"	"自我动作实现.扫描.ixx:694"	"1"	"inline const 语素入口节点类* 特征_实际结果状态值() noexcept"	"按函数名执行对应处理。"	""	"ClCompile"	"自我动作实现.扫描.ixx:2069:        (void)写入I64(运行宿主, 特征_实际结果状态值(), 扫描入账状态, now);"
"present"	"特征_扫描空间位置变化量"	"特征_扫描空间位置变化量"	"自我动作实现.扫描.ixx:730"	"1"	"inline const 语素入口节点类* 特征_扫描空间位置变化量() noexcept"	"记录日志、动态、证据或运行痕迹。"	""	"ClCompile"	"自我动作实现.扫描.ixx:1429:                特征_扫描空间位置变化量(),"
"present"	"类型_扫描方法运行虚拟存在"	"类型_扫描方法运行虚拟存在"	"自我动作实现.扫描.ixx:758"	"1"	"inline const 语素入口节点类* 类型_扫描方法运行虚拟存在() noexcept"	"执行对应模块、线程或方法的运行逻辑。"	""	"ClCompile"	"自我动作实现.扫描.ixx:857:                类型_扫描方法运行虚拟存在(),"
"present"	"类型_扫描信息缺口"	"类型_扫描信息缺口"	"自我动作实现.扫描.ixx:761"	"1"	"inline const 语素入口节点类* 类型_扫描信息缺口() noexcept"	"执行扫描相关材料获取、比较或提交逻辑。"	""	"ClCompile"	"自我动作实现.扫描.ixx:1083:            auto* 缺口 = 取或创建记录节点(运行存在, 类型_扫描信息缺口(), 特征_缺口序号(), 序号);"
"present"	"类型_扫描数据项处理记录"	"类型_扫描数据项处理记录"	"自我动作实现.扫描.ixx:764"	"1"	"inline const 语素入口节点类* 类型_扫描数据项处理记录() noexcept"	"记录日志、动态、证据或运行痕迹。"	""	"ClCompile"	"自我动作实现.扫描.ixx:1101:                类型_扫描数据项处理记录(),"
"present"	"类型_扫描关注存在记录"	"类型_扫描关注存在记录"	"自我动作实现.扫描.ixx:767"	"1"	"inline const 语素入口节点类* 类型_扫描关注存在记录() noexcept"	"记录日志、动态、证据或运行痕迹。"	""	"ClCompile"	"自我动作实现.扫描.ixx:1125:                类型_扫描关注存在记录(),"
"present"	"类型_扫描覆盖索引记录"	"类型_扫描覆盖索引记录"	"自我动作实现.扫描.ixx:770"	"1"	"inline const 语素入口节点类* 类型_扫描覆盖索引记录() noexcept"	"记录日志、动态、证据或运行痕迹。"	""	"ClCompile"	"自我动作实现.扫描.ixx:1240:                类型_扫描覆盖索引记录(),"
"present"	"类型_扫描场景写入摘要记录"	"类型_扫描场景写入摘要记录"	"自我动作实现.扫描.ixx:773"	"1"	"inline const 语素入口节点类* 类型_扫描场景写入摘要记录() noexcept"	"把处理结果写入指定对象、场景或日志。"	""	"ClCompile"	"自我动作实现.扫描.ixx:1475:                类型_扫描场景写入摘要记录(),"
"present"	"类型_扫描未覆盖解释记录"	"类型_扫描未覆盖解释记录"	"自我动作实现.扫描.ixx:776"	"1"	"inline const 语素入口节点类* 类型_扫描未覆盖解释记录() noexcept"	"记录日志、动态、证据或运行痕迹。"	""	"ClCompile"	"自我动作实现.扫描.ixx:1526:                类型_扫描未覆盖解释记录(),"
"present"	"外设空间中心有效"	"外设空间中心有效"	"自我动作实现.扫描.ixx:829"	"1"	"inline bool 外设空间中心有效(const 结构_外设空间中心& 中心) noexcept"	"按函数名执行对应处理。"	""	"ClCompile"	"自我动作实现.扫描.ixx:965:                数据项.空间中心有效 = 外设空间中心有效(项.当前中心);"
"present"	"外设空间范围有效"	"外设空间范围有效"	"自我动作实现.扫描.ixx:835"	"1"	"inline bool 外设空间范围有效(const 结构_外设空间范围AABB& 范围) noexcept"	"按函数名执行对应处理。"	""	"ClCompile"	"自我动作实现.扫描.ixx:966:                数据项.空间范围有效 = 外设空间范围有效(项.当前空间范围);"
"present"	"取或创建运行存在"	"取或创建运行存在"	"自我动作实现.扫描.ixx:846"	"1"	"inline 存在节点类* 取或创建运行存在( 方法类::节点类* 方法首节点, 场景节点类* 输出结果场景, 时间戳 now) noexcept"	"创建并返回或登记对应对象。"	""	"ClCompile"	"自我动作实现.扫描.ixx:1770:        auto* 运行存在 = 取或创建运行存在(方法首节点, 输出结果场景, now);"
"present"	"读取扫描报告"	"读取扫描报告"	"自我动作实现.扫描.ixx:870"	"1"	"inline std::optional<结构_外设观察报告队列项> 读取扫描报告( 场景节点类* 输入参数场景, 场景节点类* 输出结果场景, 存在节点类* 运行存在) noexcept"	"从指定来源读取数据或状态。"	""	"ClCompile"	"自我动作实现.扫描.ixx:1837:        const auto 报告可选 = 读取扫描报告(输入参数场景, 输出结果场景, 运行存在);"
"present"	"展开已合法外设数据项"	"展开已合法外设数据项"	"自我动作实现.扫描.ixx:895"	"1"	"inline std::vector<结构_已合法外设数据项> 展开已合法外设数据项( const 结构_外设观察报告队列项& 报告, const 结构_外设扫描提交包& 包)"	"按函数名执行对应处理。"	""	"ClCompile"	"自我动作实现.扫描.ixx:1849:                数据项队列 = 展开已合法外设数据项(*报告可选, *扫描包可选);"
"present"	"注册外部本能函数执行闭环"	"注册外部本能函数执行闭环"	"自我动作实现.外部模块.ixx:1178"	"1"	"inline bool 注册外部本能函数执行闭环() noexcept"	"注册方法、模板、对象或运行入口。"	""	"ClCompile"	"自我动作实现模块.ixx:5733:        ok = 外部模块::注册外部本能函数执行闭环() && ok;"
"present"	"外设观察存在聚合归属状态"	"外设观察存在聚合归属状态"	"自我动作实现.外设模块.ixx:10012"	"1"	"inline I64 外设观察存在聚合归属状态( const 结构_外设观察存在确认方案& 方案) noexcept"	"按函数名执行对应处理。"	""	"ClCompile"	"自我动作实现.外设模块.ixx:21528:        const I64 归属状态 = 外设观察存在聚合归属状态(方案);"
"present"	"空间候选最大范围跨度"	"空间候选最大范围跨度"	"自我动作实现.外设模块.ixx:10075"	"1"	"inline I64 空间候选最大范围跨度(const 双目相机本能适配器::空间候选摘要& 候选) noexcept"	"按函数名执行对应处理。"	""	"ClCompile"	"自我动作实现.外设模块.ixx:10141:            && 空间候选最大范围跨度(候选) > 350) {"
"present"	"空间候选存在待合并邻居"	"空间候选存在待合并邻居"	"自我动作实现.外设模块.ixx:10104"	"1"	"inline bool 空间候选存在待合并邻居( const std::vector<双目相机本能适配器::空间候选摘要>& 候选集, std::size_t 索引) noexcept"	"按函数名执行对应处理。"	""	"ClCompile"	"自我动作实现.外设模块.ixx:10133:        if (空间候选存在待合并邻居(候选集, 索引)) {"
"present"	"计算空间候选中心接近评分"	"计算空间候选中心接近评分"	"自我动作实现.外设模块.ixx:10189"	"1"	"inline I64 计算空间候选中心接近评分( const 双目相机本能适配器::空间候选摘要& 候选, int 宽度, int 高度) noexcept"	"计算权重、状态、差值或派生结果。"	""	"ClCompile"	"自我动作实现.外设模块.ixx:10267:            项.中心接近评分 = 计算空间候选中心接近评分(候选, 结果.宽度, 结果.高度);"
"present"	"特征_当前方法执行情况"	"特征_当前方法执行情况"	"自我动作实现.外设模块.ixx:1020"	"1"	"inline const 语素入口节点类* 特征_当前方法执行情况() noexcept"	"执行任务、方法或动作的主体逻辑。"	""	"ClCompile"	"自我动作实现模块.ixx:529:    inline const 语素入口节点类* 特征_当前方法执行情况() noexcept"
"present"	"空间候选独立状态惩罚"	"空间候选独立状态惩罚"	"自我动作实现.外设模块.ixx:10208"	"1"	"inline I64 空间候选独立状态惩罚(I64 状态) noexcept"	"按函数名执行对应处理。"	""	"ClCompile"	"自我动作实现.外设模块.ixx:10277:                基础分 - 空间候选独立状态惩罚(项.相对独立状态),"
"present"	"查找空间候选摘要"	"查找空间候选摘要"	"自我动作实现.外设模块.ixx:10304"	"1"	"inline const 双目相机本能适配器::空间候选摘要* 查找空间候选摘要( const std::vector<双目相机本能适配器::空间候选摘要>& 候选集, I64 候选编号) noexcept"	"按条件查找目标对象、方法或事实。"	""	"ClCompile"	"自我动作实现.外设模块.ixx:10434:        const auto* 候选 = 查找空间候选摘要("
"present"	"计算轮廓支持评分"	"计算轮廓支持评分"	"自我动作实现.外设模块.ixx:10326"	"1"	"inline I64 计算轮廓支持评分(const 双目相机本能适配器::空间候选摘要& 候选) noexcept"	"计算权重、状态、差值或派生结果。"	""	"ClCompile"	"自我动作实现.外设模块.ixx:10460:        输出.轮廓支持评分 = 计算轮廓支持评分(候选摘要);"
"present"	"合并相邻待合并空间候选"	"合并相邻待合并空间候选"	"自我动作实现.外设模块.ixx:10352"	"1"	"inline 双目相机本能适配器::空间候选摘要 合并相邻待合并空间候选( const std::vector<双目相机本能适配器::空间候选摘要>& 候选集, const 双目相机本能适配器::空间候选摘要& 基准, bool& 已合并) noexcept"	"按函数名执行对应处理。"	""	"ClCompile"	"自我动作实现.外设模块.ixx:10442:            ? 合并相邻待合并空间候选(结果.空间候选列表, *候选, 已合并)"
"present"	"观察存在空间证据通过"	"观察存在空间证据通过"	"自我动作实现.外设模块.ixx:10517"	"1"	"inline bool 观察存在空间证据通过( const 结构_观察存在假设结果& 假设) noexcept"	"按函数名执行对应处理。"	""	"ClCompile"	"自我动作实现.外设模块.ixx:10545:            && 观察存在空间证据通过(假设)"
"present"	"观察存在归属证据通过"	"观察存在归属证据通过"	"自我动作实现.外设模块.ixx:10526"	"1"	"inline bool 观察存在归属证据通过( const 结构_像素归属验证结果& 验证) noexcept"	"按函数名执行对应处理。"	""	"ClCompile"	"自我动作实现.外设模块.ixx:10546:            && 观察存在归属证据通过(验证);"
"present"	"统计已验证观察存在数量"	"统计已验证观察存在数量"	"自我动作实现.外设模块.ixx:10550"	"1"	"inline I64 统计已验证观察存在数量( const 结构_双目相机调用结果& 结果, const 结构_空间候选观察队列结果& 队列) noexcept"	"按函数名执行对应处理。"	""	"ClCompile"	"自我动作实现.外设模块.ixx:11393:        const I64 已验证数量 = 统计已验证观察存在数量(结果, 队列);"
"present"	"生成已验证观察存在项集合"	"生成已验证观察存在项集合"	"自我动作实现.外设模块.ixx:10572"	"1"	"inline std::vector<结构_已验证观察存在项> 生成已验证观察存在项集合( const 结构_双目相机调用结果& 结果, const 结构_空间候选观察队列结果& 队列, const 结构_观察存在假设结果& 主假设, const 结构_像素归属验证结果& 主验证) noexcept"	"根据当前输入生成目标数据、场景、动态或回执。"	""	"ClCompile"	"自我动作实现.外设模块.ixx:11348:        for (const auto& 项 : 生成已验证观察存在项集合(结果, 队列, 主假设, 主验证)) {"
"present"	"读取已确认观察存在投影ROI"	"读取已确认观察存在投影ROI"	"自我动作实现.外设模块.ixx:10675"	"1"	"inline bool 读取已确认观察存在投影ROI( 存在节点类* 已知存在, I64 帧宽度, I64 帧高度, I64 扩张像素, I64& 最小X, I64& 最大X, I64& 最小Y, I64& 最大Y) noexcept"	"从指定来源读取数据或状态。"	""	"ClCompile"	"自我动作实现.外设模块.ixx:11015:            if (!读取已确认观察存在投影ROI("
"present"	"分区簇与预测ROI匹配分数"	"分区簇与预测ROI匹配分数"	"自我动作实现.外设模块.ixx:10727"	"1"	"inline I64 分区簇与预测ROI匹配分数( const 结构_外设观察像素簇摘要& 簇, I64 最小X, I64 最大X, I64 最小Y, I64 最大Y, I64 已知Z) noexcept"	"按函数名执行对应处理。"	""	"ClCompile"	"自我动作实现.外设模块.ixx:11037:                const I64 基础分数 = 分区簇与预测ROI匹配分数("
"present"	"特征_当前值"	"特征_当前值"	"自我动作实现.外设模块.ixx:1076"	"1"	"inline const 语素入口节点类* 特征_当前值() noexcept"	"按函数名执行对应处理。"	""	"ClCompile"	"自我动作实现模块.ixx:585:    inline const 语素入口节点类* 特征_当前值() noexcept"
"present"	"指定存在跟踪预测区间有效"	"指定存在跟踪预测区间有效"	"自我动作实现.外设模块.ixx:10760"	"1"	"inline bool 指定存在跟踪预测区间有效(const 结构_指定存在跟踪正式结果& 结果) noexcept"	"执行跟踪相关定位、匹配或结果输出逻辑。"	""	"ClCompile"	"自我动作实现.外设模块.ixx:10783:        if (!有投影区间 || !指定存在跟踪预测区间有效(结果)) {"
"present"	"计算指定存在跟踪正式结果"	"计算指定存在跟踪正式结果"	"自我动作实现.外设模块.ixx:10767"	"1"	"inline 结构_指定存在跟踪正式结果 计算指定存在跟踪正式结果(存在节点类* 目标存在) noexcept"	"计算权重、状态、差值或派生结果。"	""	"ClCompile"	"自我动作实现.外设模块.ixx:21841:        auto 跟踪结果 = 计算指定存在跟踪正式结果(目标存在);"
"present"	"计算当前帧分区项区域归属状态"	"计算当前帧分区项区域归属状态"	"自我动作实现.外设模块.ixx:10835"	"1"	"inline I64 计算当前帧分区项区域归属状态(const 结构_当前帧轮廓分区项& 项) noexcept"	"计算权重、状态、差值或派生结果。"	""	"ClCompile"	"自我动作实现.外设模块.ixx:25005:                    计算当前帧分区项区域归属状态(项),"
"present"	"计算当前帧分区结果区域归属状态"	"计算当前帧分区结果区域归属状态"	"自我动作实现.外设模块.ixx:10871"	"1"	"inline I64 计算当前帧分区结果区域归属状态(const 结构_当前帧轮廓分区结果& 分区) noexcept"	"计算权重、状态、差值或派生结果。"	""	"ClCompile"	"自我动作实现.外设模块.ixx:24965:        const I64 区域归属状态 = 计算当前帧分区结果区域归属状态(分区);"
"present"	"特征_已绑定实参表"	"特征_已绑定实参表"	"自我动作实现.外设模块.ixx:1090"	"1"	"inline const 语素入口节点类* 特征_已绑定实参表() noexcept"	"建立对象、任务、方法或因果之间的绑定关系。"	""	"ClCompile"	"自我动作实现模块.ixx:599:    inline const 语素入口节点类* 特征_已绑定实参表() noexcept"
"present"	"计算当前帧分区结果区域归属原因掩码"	"计算当前帧分区结果区域归属原因掩码"	"自我动作实现.外设模块.ixx:10902"	"1"	"inline I64 计算当前帧分区结果区域归属原因掩码( const 结构_当前帧轮廓分区结果& 分区, bool 有报告, bool 有已确认观察存在) noexcept"	"计算权重、状态、差值或派生结果。"	""	"ClCompile"	"自我动作实现.外设模块.ixx:24966:        const I64 区域归属原因掩码 = 计算当前帧分区结果区域归属原因掩码("
"present"	"构造当前帧轮廓分区结果"	"构造当前帧轮廓分区结果"	"自我动作实现.外设模块.ixx:10934"	"1"	"inline 结构_当前帧轮廓分区结果 构造当前帧轮廓分区结果( const 结构_外设观察报告队列项& 报告, const std::vector<存在节点类*>& 已确认观察存在集) noexcept"	"按函数名执行对应处理。"	""	"ClCompile"	"自我动作实现.外设模块.ixx:24920:            ? 构造当前帧轮廓分区结果(*报告可选, 已知集合)"
"present"	"外设簇材料可交付观察方法"	"外设簇材料可交付观察方法"	"自我动作实现.外设模块.ixx:11151"	"1"	"inline bool 外设簇材料可交付观察方法( const 结构_外设观察报告队列项& 报告, const 结构_外设观察像素簇摘要& 簇) noexcept"	"按函数名执行对应处理。"	""	"ClCompile"	"自我动作实现.外设模块.ixx:11190:            const bool 簇材料可交付观察方法 = 外设簇材料可交付观察方法(报告, 簇);"
"present"	"计算全帧像素归属账本"	"计算全帧像素归属账本"	"自我动作实现.外设模块.ixx:11336"	"1"	"inline 结构_全帧像素归属账本结果 计算全帧像素归属账本( const 结构_双目相机调用结果& 结果, const 结构_空间候选观察队列结果& 队列, const 结构_观察存在假设结果& 主假设, const 结构_像素归属验证结果& 主验证) noexcept"	"计算权重、状态、差值或派生结果。"	""	"ClCompile"	"自我动作实现.外设模块.ixx:26776:        const auto 归属账本 = 计算全帧像素归属账本(结果, 队列, 假设, 验证);"
"present"	"确认观察存在结果"	"确认观察存在结果"	"自我动作实现.外设模块.ixx:11370"	"1"	"inline 结构_观察存在确认结果 确认观察存在结果( const 结构_双目相机调用结果& 结果, const 结构_观察存在假设结果& 假设, const 结构_像素归属验证结果& 验证, const 结构_空间候选观察队列结果& 队列) noexcept"	"确认候选事实、存在、状态或运行结果。"	""	"ClCompile"	"自我动作实现.外设模块.ixx:26775:        const auto 确认 = 确认观察存在结果(结果, 假设, 验证, 队列);"
"present"	"双目相机失败原因词"	"双目相机失败原因词"	"自我动作实现.外设模块.ixx:11436"	"1"	"inline const 语素入口节点类* 双目相机失败原因词( 双目相机本能适配器::失败原因 原因) noexcept"	"按函数名执行对应处理。"	""	"ClCompile"	"自我动作实现.外设模块.ixx:11463:        结果.失败原因 = 双目相机失败原因词(来源.原因);"
"present"	"打开双目相机适配器"	"打开双目相机适配器"	"自我动作实现.外设模块.ixx:11770"	"1"	"inline 结构_双目相机调用结果 打开双目相机适配器() noexcept"	"适配外部接口、模块协议或调用结果。"	""	"ClCompile"	"自我动作实现.外设模块.ixx:17636:        const auto 结果 = 打开双目相机适配器();"
"present"	"释放双目相机适配器"	"释放双目相机适配器"	"自我动作实现.外设模块.ixx:11778"	"1"	"inline 结构_双目相机调用结果 释放双目相机适配器() noexcept"	"适配外部接口、模块协议或调用结果。"	""	"ClCompile"	"自我动作实现.外设模块.ixx:17716:        const auto 结果 = 释放双目相机适配器();"
"present"	"检查双目相机适配器状态"	"检查双目相机适配器状态"	"自我动作实现.外设模块.ixx:11788"	"1"	"inline 结构_双目相机调用结果 检查双目相机适配器状态() noexcept"	"检查状态、条件、缺口或运行约束。"	""	"ClCompile"	"自我动作实现.外设模块.ixx:17787:        const auto 结果 = 检查双目相机适配器状态();"
"present"	"写入空间候选事实"	"写入空间候选事实"	"自我动作实现.外设模块.ixx:11820"	"1"	"inline void 写入空间候选事实( 基础信息节点类* 宿主, const 双目相机本能适配器::空间候选摘要& 候选, 时间戳 now) noexcept"	"把处理结果写入指定对象、场景或日志。"	""	"ClCompile"	"自我动作实现.外设模块.ixx:11887:            写入空间候选事实(宿主, 候选, now);"
"present"	"写入空间候选逐项账本"	"写入空间候选逐项账本"	"自我动作实现.外设模块.ixx:11880"	"1"	"inline void 写入空间候选逐项账本( 基础信息节点类* 宿主, const 结构_双目相机调用结果& 结果, 时间戳 now) noexcept"	"把处理结果写入指定对象、场景或日志。"	""	"ClCompile"	"自我动作实现.外设模块.ixx:12201:        写入空间候选逐项账本(宿主, 结果, now);"
"present"	"读取空间候选事实"	"读取空间候选事实"	"自我动作实现.外设模块.ixx:11892"	"1"	"inline bool 读取空间候选事实( 存在节点类* 候选存在, 双目相机本能适配器::空间候选摘要& 候选) noexcept"	"从指定来源读取数据或状态。"	""	"ClCompile"	"自我动作实现.外设模块.ixx:11966:            if (读取空间候选事实(子存在, 候选)) {"
"present"	"取或创建观察诊断区域事实"	"取或创建观察诊断区域事实"	"自我动作实现.外设模块.ixx:11980"	"1"	"inline 存在节点类* 取或创建观察诊断区域事实( 基础信息节点类* 宿主, I64 图层类型, I64 区域编号) noexcept"	"创建并返回或登记对应对象。"	""	"ClCompile"	"自我动作实现.外设模块.ixx:12009:        auto* 区域存在 = 取或创建观察诊断区域事实(宿主, 区域.图层类型, 区域.区域编号);"
"present"	"写入观察诊断区域事实"	"写入观察诊断区域事实"	"自我动作实现.外设模块.ixx:12004"	"1"	"inline void 写入观察诊断区域事实( 基础信息节点类* 宿主, const 双目相机本能适配器::诊断区域摘要& 区域, 时间戳 now) noexcept"	"把处理结果写入指定对象、场景或日志。"	""	"ClCompile"	"自我动作实现.外设模块.ixx:12032:            写入观察诊断区域事实(宿主, 区域, now);"
"present"	"写入观察诊断区域逐项账本"	"写入观察诊断区域逐项账本"	"自我动作实现.外设模块.ixx:12025"	"1"	"inline void 写入观察诊断区域逐项账本( 基础信息节点类* 宿主, const 结构_双目相机调用结果& 结果, 时间戳 now) noexcept"	"把处理结果写入指定对象、场景或日志。"	""	"ClCompile"	"自我动作实现.外设模块.ixx:12202:        写入观察诊断区域逐项账本(宿主, 结果, now);"
"present"	"读取观察诊断区域事实"	"读取观察诊断区域事实"	"自我动作实现.外设模块.ixx:12037"	"1"	"inline bool 读取观察诊断区域事实( 存在节点类* 区域存在, 双目相机本能适配器::诊断区域摘要& 区域) noexcept"	"从指定来源读取数据或状态。"	""	"ClCompile"	"自我动作实现.外设模块.ixx:12072:            if (读取观察诊断区域事实(子存在, 区域)) {"
"present"	"写入自我观察帧质量摘要"	"写入自我观察帧质量摘要"	"自我动作实现.外设模块.ixx:12276"	"1"	"inline void 写入自我观察帧质量摘要( 基础信息节点类* 宿主, const 结构_双目相机调用结果& 结果, 时间戳 now) noexcept"	"把处理结果写入指定对象、场景或日志。"	""	"ClCompile"	"自我动作实现.外设模块.ixx:18554:            写入自我观察帧质量摘要(宿主, 结果, now);"
"present"	"计算外设观察存在多帧派生状态"	"计算外设观察存在多帧派生状态"	"自我动作实现.外设模块.ixx:12339"	"1"	"inline 结构_外设观察存在多帧派生状态 计算外设观察存在多帧派生状态( const 结构_双目相机调用结果& 结果) noexcept"	"计算权重、状态、差值或派生结果。"	""	"ClCompile"	"自我动作实现.外设模块.ixx:12585:        const auto 派生状态 = 计算外设观察存在多帧派生状态(结果);"
"present"	"值_来源_输入现实场景包"	"值_来源_输入现实场景包"	"自我动作实现.外设模块.ixx:1237"	"1"	"inline const 语素入口节点类* 值_来源_输入现实场景包() noexcept"	"按函数名执行对应处理。"	""	"ClCompile"	"自我动作实现模块.ixx:753:    inline const 语素入口节点类* 值_来源_输入现实场景包() noexcept"
"present"	"构造正式逐簇报告缺口说明"	"构造正式逐簇报告缺口说明"	"自我动作实现.外设模块.ixx:12400"	"1"	"inline std::string 构造正式逐簇报告缺口说明( I64 报告ID, const std::optional<结构_外设观察报告队列项>& 报告可选, const 结构_观察材料质量判定& 质量判定)"	"按函数名执行对应处理。"	""	"ClCompile"	"自我动作实现.外设模块.ixx:23407:        const std::string 正式逐簇报告缺口说明 = 构造正式逐簇报告缺口说明("
"present"	"值_来源_输入任务参数包"	"值_来源_输入任务参数包"	"自我动作实现.外设模块.ixx:1244"	"1"	"inline const 语素入口节点类* 值_来源_输入任务参数包() noexcept"	"按函数名执行对应处理。"	""	"ClCompile"	"自我动作实现模块.ixx:760:    inline const 语素入口节点类* 值_来源_输入任务参数包() noexcept"
"present"	"计算外设逐簇报告候选验证状态"	"计算外设逐簇报告候选验证状态"	"自我动作实现.外设模块.ixx:12524"	"1"	"inline I64 计算外设逐簇报告候选验证状态( const 结构_外设观察报告队列项& 报告) noexcept"	"计算权重、状态、差值或派生结果。"	""	"ClCompile"	"自我动作实现.外设模块.ixx:21412:            const I64 报告验证状态 = 计算外设逐簇报告候选验证状态(*报告可选);"
"present"	"写入自我观察帧接口摘要"	"写入自我观察帧接口摘要"	"自我动作实现.外设模块.ixx:12606"	"1"	"inline void 写入自我观察帧接口摘要( 基础信息节点类* 宿主, const 结构_双目相机调用结果& 结果, 时间戳 now) noexcept"	"把处理结果写入指定对象、场景或日志。"	""	"ClCompile"	"自我动作实现.外设模块.ixx:18152:            写入自我观察帧接口摘要(宿主, 结果, now);"
"present"	"值_来源_目标现实场景"	"值_来源_目标现实场景"	"自我动作实现.外设模块.ixx:1265"	"1"	"inline const 语素入口节点类* 值_来源_目标现实场景() noexcept"	"按函数名执行对应处理。"	""	"ClCompile"	"自我动作实现模块.ixx:781:    inline const 语素入口节点类* 值_来源_目标现实场景() noexcept"
"present"	"已落账像素观察事实索引"	"已落账像素观察事实索引"	"自我动作实现.外设模块.ixx:12971"	"1"	"inline bool 已落账像素观察事实索引( 基础信息节点类* 目标宿主, 场景节点类* 输入参数场景, 场景节点类* 输出结果场景) noexcept"	"按函数名执行对应处理。"	""	"ClCompile"	"自我动作实现.外设模块.ixx:25538:            && 已落账像素观察事实索引(目标宿主, 输入参数场景, 实际输出场景);"
"present"	"写入空间候选观察队列逐项账本"	"写入空间候选观察队列逐项账本"	"自我动作实现.外设模块.ixx:12986"	"1"	"inline void 写入空间候选观察队列逐项账本( 基础信息节点类* 宿主, const 结构_空间候选观察队列结果& 队列, 时间戳 now) noexcept"	"把处理结果写入指定对象、场景或日志。"	""	"ClCompile"	"自我动作实现.外设模块.ixx:13230:        写入空间候选观察队列逐项账本(宿主, 队列, now);"
"present"	"计算场景坐标换算置信度"	"计算场景坐标换算置信度"	"自我动作实现.外设模块.ixx:13050"	"1"	"inline I64 计算场景坐标换算置信度( const 结构_外设观察存在确认方案项& 项) noexcept"	"计算权重、状态、差值或派生结果。"	""	"ClCompile"	"自我动作实现.外设模块.ixx:22961:                计算场景坐标换算置信度(项),"
"present"	"读取观察存在来源中心坐标"	"读取观察存在来源中心坐标"	"自我动作实现.外设模块.ixx:13060"	"1"	"inline bool 读取观察存在来源中心坐标( 存在节点类* 观察存在, I64& x, I64& y, I64& z) noexcept"	"从指定来源读取数据或状态。"	""	"ClCompile"	"自我动作实现.外设模块.ixx:13108:            if (!读取观察存在来源中心坐标("
"present"	"构造存在空间相对坐标表_同源观察"	"构造存在空间相对坐标表_同源观察"	"自我动作实现.外设模块.ixx:13077"	"1"	"inline std::vector<结构_存在空间相对坐标项> 构造存在空间相对坐标表_同源观察( 存在节点类* 目标存在, I64 目标中心X, I64 目标中心Y, I64 目标中心Z, I64 来源报告ID, const std::vector<存在节点类*>& 当前场景存在集合, I64 置信度) noexcept"	"按函数名执行对应处理。"	""	"ClCompile"	"自我动作实现.外设模块.ixx:23066:            const auto 相对坐标表 = 构造存在空间相对坐标表_同源观察("
"present"	"写入全帧像素归属账本摘要"	"写入全帧像素归属账本摘要"	"自我动作实现.外设模块.ixx:13152"	"1"	"inline void 写入全帧像素归属账本摘要( 基础信息节点类* 宿主, const 结构_全帧像素归属账本结果& 账本, 时间戳 now) noexcept"	"把处理结果写入指定对象、场景或日志。"	""	"ClCompile"	"自我动作实现.外设模块.ixx:13333:        写入全帧像素归属账本摘要(宿主, 归属账本, now);"
"present"	"写入双目相机观察存在确认摘要"	"写入双目相机观察存在确认摘要"	"自我动作实现.外设模块.ixx:13314"	"1"	"inline void 写入双目相机观察存在确认摘要( 基础信息节点类* 宿主, const 结构_双目相机调用结果& 结果, const 结构_空间候选独立性判断结果& 判断, const 结构_空间候选观察队列结果& 队列, const 结构_观察存在假设结果& 假设, const 结构_像素归属验证结果& 验证, const 结构_观察存在确认结果& 确认, const 结构_全帧像素归属账本结果& 归属账本, 时间戳 now) noexcept"	"把处理结果写入指定对象、场景或日志。"	""	"ClCompile"	"自我动作实现.外设模块.ixx:26793:            写入双目相机观察存在确认摘要(宿主, 结果, 判断, 队列, 假设, 验证, 确认, 归属账本, now);"
"present"	"值_任务回执_运行成功"	"值_任务回执_运行成功"	"自我动作实现.外设模块.ixx:1333"	"1"	"inline const 语素入口节点类* 值_任务回执_运行成功() noexcept"	"执行对应模块、线程或方法的运行逻辑。"	""	"ClCompile"	"自我动作实现模块.ixx:849:    inline const 语素入口节点类* 值_任务回执_运行成功() noexcept"
"present"	"值_任务回执_运行失败"	"值_任务回执_运行失败"	"自我动作实现.外设模块.ixx:1340"	"1"	"inline const 语素入口节点类* 值_任务回执_运行失败() noexcept"	"执行对应模块、线程或方法的运行逻辑。"	""	"ClCompile"	"自我动作实现模块.ixx:856:    inline const 语素入口节点类* 值_任务回执_运行失败() noexcept"
"present"	"值_任务回执_等待学习"	"值_任务回执_等待学习"	"自我动作实现.外设模块.ixx:1347"	"1"	"inline const 语素入口节点类* 值_任务回执_等待学习() noexcept"	"等待线程、任务、外设或条件变化。"	""	"ClCompile"	"自我动作实现模块.ixx:863:    inline const 语素入口节点类* 值_任务回执_等待学习() noexcept"
"present"	"评估当前场景特征值材料门项状态"	"评估当前场景特征值材料门项状态"	"自我动作实现.外设模块.ixx:13487"	"1"	"inline I64 评估当前场景特征值材料门项状态( I64 可读掩码, I64 缺失掩码, I64 过期掩码, I64 冲突掩码) noexcept"	"评估状态、风险、质量、权重或完成度。"	""	"ClCompile"	"自我动作实现.外设模块.ixx:13621:            项.状态 = 评估当前场景特征值材料门项状态("
"present"	"值_任务回执_等待补齐"	"值_任务回执_等待补齐"	"自我动作实现.外设模块.ixx:1354"	"1"	"inline const 语素入口节点类* 值_任务回执_等待补齐() noexcept"	"等待线程、任务、外设或条件变化。"	""	"ClCompile"	"自我动作实现模块.ixx:870:    inline const 语素入口节点类* 值_任务回执_等待补齐() noexcept"
"present"	"值_任务回执_不可推进"	"值_任务回执_不可推进"	"自我动作实现.外设模块.ixx:1361"	"1"	"inline const 语素入口节点类* 值_任务回执_不可推进() noexcept"	"按函数名执行对应处理。"	""	"ClCompile"	"自我动作实现模块.ixx:877:    inline const 语素入口节点类* 值_任务回执_不可推进() noexcept"
"present"	"追加安全因果候选条目"	"追加安全因果候选条目"	"自我动作实现.外设模块.ixx:13661"	"1"	"inline void 追加安全因果候选条目( 结构_安全因果候选构造结果& 结果, 存在节点类* 候选存在, const 语素入口节点类* 特征类型, I64 当前特征值, I64 时间窗口, I64 来源观察报告) noexcept"	"按函数名执行对应处理。"	""	"ClCompile"	"自我动作实现.外设模块.ixx:13696:            追加安全因果候选条目("
"present"	"值_任务回执_条件不满足"	"值_任务回执_条件不满足"	"自我动作实现.外设模块.ixx:1368"	"1"	"inline const 语素入口节点类* 值_任务回执_条件不满足() noexcept"	"按函数名执行对应处理。"	""	"ClCompile"	"自我动作实现模块.ixx:884:    inline const 语素入口节点类* 值_任务回执_条件不满足() noexcept"
"present"	"构造安全因果候选条目_由存在特征值"	"构造安全因果候选条目_由存在特征值"	"自我动作实现.外设模块.ixx:13713"	"1"	"inline 结构_安全因果候选构造结果 构造安全因果候选条目_由存在特征值( const 结构_当前场景特征值材料门结果& 材料门, I64 时间窗口) noexcept"	"按函数名执行对应处理。"	""	"ClCompile"	"自我动作实现.外设模块.ixx:20890:            ? 构造安全因果候选条目_由存在特征值(当前场景特征值材料门, 搜索时间窗口)"
"present"	"值_任务回执_运行未达成目标"	"值_任务回执_运行未达成目标"	"自我动作实现.外设模块.ixx:1375"	"1"	"inline const 语素入口节点类* 值_任务回执_运行未达成目标() noexcept"	"执行对应模块、线程或方法的运行逻辑。"	""	"ClCompile"	"自我动作实现模块.ixx:891:    inline const 语素入口节点类* 值_任务回执_运行未达成目标() noexcept"
"present"	"写入安全因果候选条目明细"	"写入安全因果候选条目明细"	"自我动作实现.外设模块.ixx:13767"	"1"	"inline void 写入安全因果候选条目明细( 场景节点类* 场景, const 结构_安全因果候选构造结果& 候选结果, 动态节点类* 来源动态, 时间戳 now, I64& 写入数量) noexcept"	"把处理结果写入指定对象、场景或日志。"	""	"ClCompile"	"自我动作实现.外设模块.ixx:20930:        写入安全因果候选条目明细("
"present"	"值_无筹办缺口"	"值_无筹办缺口"	"自我动作实现.外设模块.ixx:1382"	"1"	"inline const 语素入口节点类* 值_无筹办缺口() noexcept"	"推进任务筹办，形成候选、缺口或就绪回执。"	""	"ClCompile"	"自我动作实现模块.ixx:898:    inline const 语素入口节点类* 值_无筹办缺口() noexcept"
"present"	"值_筹办缺口_任务信息缺失"	"值_筹办缺口_任务信息缺失"	"自我动作实现.外设模块.ixx:1389"	"1"	"inline const 语素入口节点类* 值_筹办缺口_任务信息缺失() noexcept"	"推进任务筹办，形成候选、缺口或就绪回执。"	""	"ClCompile"	"自我动作实现模块.ixx:905:    inline const 语素入口节点类* 值_筹办缺口_任务信息缺失() noexcept"
"present"	"目标特征当前值类型代码"	"目标特征当前值类型代码"	"自我动作实现.外设模块.ixx:13900"	"1"	"inline I64 目标特征当前值类型代码(枚举_目标特征当前值类型 类型) noexcept"	"按函数名执行对应处理。"	""	"ClCompile"	"自我动作实现.外设模块.ixx:21237:        const I64 当前值类型 = 目标特征当前值类型代码(当前值快照.值类型);"
"present"	"目标特征当前值类型文本"	"目标特征当前值类型文本"	"自我动作实现.外设模块.ixx:13912"	"1"	"inline const char* 目标特征当前值类型文本(枚举_目标特征当前值类型 类型) noexcept"	"按函数名执行对应处理。"	""	"ClCompile"	"自我动作实现.外设模块.ixx:21281:                << "" | 目标特征当前值类型="" << 目标特征当前值类型文本(当前值快照.值类型)"
"present"	"读取目标特征当前值约束快照"	"读取目标特征当前值约束快照"	"自我动作实现.外设模块.ixx:13925"	"1"	"inline 结构_目标特征当前值约束快照 读取目标特征当前值约束快照( 存在节点类* 目标存在, const 语素入口节点类* 目标特征类型, 时间戳 now) noexcept"	"从指定来源读取数据或状态。"	""	"ClCompile"	"自我动作实现.外设模块.ixx:21097:        auto 当前值快照 = 读取目标特征当前值约束快照(目标存在, 目标特征类型, now);"
"present"	"值_筹办缺口_需求目标不可解析"	"值_筹办缺口_需求目标不可解析"	"自我动作实现.外设模块.ixx:1396"	"1"	"inline const 语素入口节点类* 值_筹办缺口_需求目标不可解析() noexcept"	"解析输入文本、消息、场景或运行包。"	""	"ClCompile"	"自我动作实现模块.ixx:912:    inline const 语素入口节点类* 值_筹办缺口_需求目标不可解析() noexcept"
"present"	"值_筹办缺口_无确定候选方法"	"值_筹办缺口_无确定候选方法"	"自我动作实现.外设模块.ixx:1403"	"1"	"inline const 语素入口节点类* 值_筹办缺口_无确定候选方法() noexcept"	"推进任务筹办，形成候选、缺口或就绪回执。"	""	"ClCompile"	"自我动作实现模块.ixx:919:    inline const 语素入口节点类* 值_筹办缺口_无确定候选方法() noexcept"
"present"	"写入内部世界基础摘要"	"写入内部世界基础摘要"	"自我动作实现.外设模块.ixx:14074"	"1"	"inline void 写入内部世界基础摘要( const 结构_内部世界上下文& 上下文, 时间戳 now) noexcept"	"把处理结果写入指定对象、场景或日志。"	""	"ClCompile"	"自我动作实现.外设模块.ixx:25642:            写入内部世界基础摘要(上下文, now);"
"present"	"值_筹办缺口_候选方法不可用"	"值_筹办缺口_候选方法不可用"	"自我动作实现.外设模块.ixx:1410"	"1"	"inline const 语素入口节点类* 值_筹办缺口_候选方法不可用() noexcept"	"推进任务筹办，形成候选、缺口或就绪回执。"	""	"ClCompile"	"自我动作实现模块.ixx:926:    inline const 语素入口节点类* 值_筹办缺口_候选方法不可用() noexcept"
"present"	"值_筹办缺口_候选方法缺执行入口"	"值_筹办缺口_候选方法缺执行入口"	"自我动作实现.外设模块.ixx:1417"	"1"	"inline const 语素入口节点类* 值_筹办缺口_候选方法缺执行入口() noexcept"	"执行任务、方法或动作的主体逻辑。"	""	"ClCompile"	"自我动作实现模块.ixx:933:    inline const 语素入口节点类* 值_筹办缺口_候选方法缺执行入口() noexcept"
"present"	"取或创建内部世界子存在"	"取或创建内部世界子存在"	"自我动作实现.外设模块.ixx:14200"	"1"	"inline 存在节点类* 取或创建内部世界子存在(结构_内部世界上下文& 上下文, 时间戳 now) noexcept"	"创建并返回或登记对应对象。"	""	"ClCompile"	"自我动作实现.外设模块.ixx:25907:            子存在 = 取或创建内部世界子存在(上下文, now);"
"present"	"值_筹办缺口_候选方法条件不满足"	"值_筹办缺口_候选方法条件不满足"	"自我动作实现.外设模块.ixx:1424"	"1"	"inline const 语素入口节点类* 值_筹办缺口_候选方法条件不满足() noexcept"	"推进任务筹办，形成候选、缺口或就绪回执。"	""	"ClCompile"	"自我动作实现模块.ixx:940:    inline const 语素入口节点类* 值_筹办缺口_候选方法条件不满足() noexcept"
"present"	"值_筹办缺口_参数配对失败"	"值_筹办缺口_参数配对失败"	"自我动作实现.外设模块.ixx:1431"	"1"	"inline const 语素入口节点类* 值_筹办缺口_参数配对失败() noexcept"	"推进任务筹办，形成候选、缺口或就绪回执。"	""	"ClCompile"	"自我动作实现模块.ixx:947:    inline const 语素入口节点类* 值_筹办缺口_参数配对失败() noexcept"
"present"	"解析历史观察存在"	"解析历史观察存在"	"自我动作实现.外设模块.ixx:14432"	"1"	"inline 存在节点类* 解析历史观察存在( 场景节点类* 输入参数场景, 基础信息节点类* 默认宿主, 场景节点类* 输出结果场景, 存在节点类* 当前存在) noexcept"	"解析输入文本、消息、场景或运行包。"	""	"ClCompile"	"自我动作实现.外设模块.ixx:26082:        上下文.历史存在 = 解析历史观察存在("
"present"	"值_执行缺口_任务状态不允许执行"	"值_执行缺口_任务状态不允许执行"	"自我动作实现.外设模块.ixx:1445"	"1"	"inline const 语素入口节点类* 值_执行缺口_任务状态不允许执行() noexcept"	"执行任务、方法或动作的主体逻辑。"	""	"ClCompile"	"自我动作实现模块.ixx:961:    inline const 语素入口节点类* 值_执行缺口_任务状态不允许执行() noexcept"
"present"	"计算范围坐标重叠率"	"计算范围坐标重叠率"	"自我动作实现.外设模块.ixx:14508"	"1"	"inline I64 计算范围坐标重叠率( const 结构_观察存在摘要& 当前, const 结构_观察存在摘要& 历史) noexcept"	"计算权重、状态、差值或派生结果。"	""	"ClCompile"	"自我动作实现.外设模块.ixx:14643:            上下文.范围坐标重叠率 = 计算范围坐标重叠率(当前, 历史);"
"present"	"计算存在中心坐标差"	"计算存在中心坐标差"	"自我动作实现.外设模块.ixx:14519"	"1"	"inline I64 计算存在中心坐标差( const 结构_观察存在摘要& 当前, const 结构_观察存在摘要& 历史) noexcept"	"计算权重、状态、差值或派生结果。"	""	"ClCompile"	"自我动作实现.外设模块.ixx:14642:            上下文.中心坐标差 = 计算存在中心坐标差(当前, 历史);"
"present"	"值_执行缺口_当前方法缺失"	"值_执行缺口_当前方法缺失"	"自我动作实现.外设模块.ixx:1452"	"1"	"inline const 语素入口节点类* 值_执行缺口_当前方法缺失() noexcept"	"执行任务、方法或动作的主体逻辑。"	""	"ClCompile"	"自我动作实现模块.ixx:968:    inline const 语素入口节点类* 值_执行缺口_当前方法缺失() noexcept"
"present"	"计算存在尺寸差"	"计算存在尺寸差"	"自我动作实现.外设模块.ixx:14530"	"1"	"inline I64 计算存在尺寸差( const 结构_观察存在摘要& 当前, const 结构_观察存在摘要& 历史) noexcept"	"计算权重、状态、差值或派生结果。"	""	"ClCompile"	"自我动作实现.外设模块.ixx:14644:            上下文.尺寸差 = 计算存在尺寸差(当前, 历史);"
"present"	"计算存在轮廓差"	"计算存在轮廓差"	"自我动作实现.外设模块.ixx:14541"	"1"	"inline I64 计算存在轮廓差( const 结构_观察存在摘要& 当前, const 结构_观察存在摘要& 历史) noexcept"	"计算权重、状态、差值或派生结果。"	""	"ClCompile"	"自我动作实现.外设模块.ixx:14659:                : 计算存在轮廓差(当前, 历史);"
"present"	"计算匹配置信度"	"计算匹配置信度"	"自我动作实现.外设模块.ixx:14561"	"1"	"inline I64 计算匹配置信度( const 结构_观察存在摘要& 当前, const 结构_观察存在摘要& 历史, I64 中心差, I64 重叠率, I64 尺寸差, I64 轮廓差) noexcept"	"计算权重、状态、差值或派生结果。"	""	"ClCompile"	"自我动作实现.外设模块.ixx:14660:            上下文.匹配置信度 = 计算匹配置信度("
"present"	"取或创建观察存在匹配关系"	"取或创建观察存在匹配关系"	"自我动作实现.外设模块.ixx:14582"	"1"	"inline 存在节点类* 取或创建观察存在匹配关系( 基础信息节点类* 宿主, I64 关系键) noexcept"	"创建并返回或登记对应对象。"	""	"ClCompile"	"自我动作实现.外设模块.ixx:14639:        上下文.匹配关系 = 取或创建观察存在匹配关系(上下文.宿主, 关系键);"
"present"	"取或创建观察存在变化结果"	"取或创建观察存在变化结果"	"自我动作实现.外设模块.ixx:14596"	"1"	"inline 存在节点类* 取或创建观察存在变化结果( 基础信息节点类* 宿主, I64 关系键) noexcept"	"创建并返回或登记对应对象。"	""	"ClCompile"	"自我动作实现.外设模块.ixx:14699:        上下文.变化结果 = 取或创建观察存在变化结果(上下文.宿主, 关系键);"
"present"	"取或创建观察变化事件"	"取或创建观察变化事件"	"自我动作实现.外设模块.ixx:14610"	"1"	"inline 存在节点类* 取或创建观察变化事件( 基础信息节点类* 宿主, I64 关系键) noexcept"	"创建并返回或登记对应对象。"	""	"ClCompile"	"自我动作实现.外设模块.ixx:14774:        上下文.变化事件 = 取或创建观察变化事件(上下文.宿主, 关系键);"
"present"	"值_执行缺口_当前方法无执行入口"	"值_执行缺口_当前方法无执行入口"	"自我动作实现.外设模块.ixx:1466"	"1"	"inline const 语素入口节点类* 值_执行缺口_当前方法无执行入口() noexcept"	"执行任务、方法或动作的主体逻辑。"	""	"ClCompile"	"自我动作实现模块.ixx:982:    inline const 语素入口节点类* 值_执行缺口_当前方法无执行入口() noexcept"
"present"	"计算观察变化事件"	"计算观察变化事件"	"自我动作实现.外设模块.ixx:14766"	"1"	"inline void 计算观察变化事件(结构_观察变化上下文& 上下文, 时间戳 now) noexcept"	"计算权重、状态、差值或派生结果。"	""	"ClCompile"	"自我动作实现.外设模块.ixx:26096:            计算观察变化事件(上下文, now);"
"present"	"写入观察变化方法结果"	"写入观察变化方法结果"	"自我动作实现.外设模块.ixx:14828"	"1"	"inline void 写入观察变化方法结果( 基础信息节点类* 宿主, bool 成功, const 结构_观察变化上下文& 上下文, 动态节点类* 动态, const 语素入口节点类* 失败原因, 时间戳 now) noexcept"	"把处理结果写入指定对象、场景或日志。"	""	"ClCompile"	"自我动作实现.外设模块.ixx:26129:            写入观察变化方法结果(宿主, 成功, 上下文, 动态, 失败原因, now);"
"present"	"值_执行缺口_输出结果缺失"	"值_执行缺口_输出结果缺失"	"自我动作实现.外设模块.ixx:1487"	"1"	"inline const 语素入口节点类* 值_执行缺口_输出结果缺失() noexcept"	"执行任务、方法或动作的主体逻辑。"	""	"ClCompile"	"自我动作实现模块.ixx:1003:    inline const 语素入口节点类* 值_执行缺口_输出结果缺失() noexcept"
"present"	"值_执行缺口_需求未满足"	"值_执行缺口_需求未满足"	"自我动作实现.外设模块.ixx:1494"	"1"	"inline const 语素入口节点类* 值_执行缺口_需求未满足() noexcept"	"执行任务、方法或动作的主体逻辑。"	""	"ClCompile"	"自我动作实现模块.ixx:1010:    inline const 语素入口节点类* 值_执行缺口_需求未满足() noexcept"
"present"	"场景复现候选范围有效"	"场景复现候选范围有效"	"自我动作实现.外设模块.ixx:14985"	"1"	"inline bool 场景复现候选范围有效(const 结构_场景复现上下文& 上下文) noexcept"	"按函数名执行对应处理。"	""	"ClCompile"	"自我动作实现.外设模块.ixx:15273:        const bool 候选范围有效 = 场景复现候选范围有效(上下文);"
"present"	"取或创建场景识别快照"	"取或创建场景识别快照"	"自我动作实现.外设模块.ixx:14993"	"1"	"inline 存在节点类* 取或创建场景识别快照(基础信息节点类* 宿主) noexcept"	"创建并返回或登记对应对象。"	""	"ClCompile"	"自我动作实现.外设模块.ixx:26252:            上下文.场景识别快照 = 取或创建场景识别快照(上下文.宿主);"
"present"	"取或创建OpenGL复现数据"	"取或创建OpenGL复现数据"	"自我动作实现.外设模块.ixx:14999"	"1"	"inline 存在节点类* 取或创建OpenGL复现数据(基础信息节点类* 宿主) noexcept"	"创建并返回或登记对应对象。"	""	"ClCompile"	"自我动作实现.外设模块.ixx:26261:            上下文.OpenGL复现数据 = 取或创建OpenGL复现数据(上下文.宿主);"
"present"	"读取场景复现上下文"	"读取场景复现上下文"	"自我动作实现.外设模块.ixx:15005"	"1"	"inline 结构_场景复现上下文 读取场景复现上下文(基础信息节点类* 宿主) noexcept"	"从指定来源读取数据或状态。"	""	"ClCompile"	"自我动作实现.外设模块.ixx:26248:        结构_场景复现上下文 上下文 = 读取场景复现上下文(目标宿主);"
"present"	"值_派生需求_重新筹办任务"	"值_派生需求_重新筹办任务"	"自我动作实现.外设模块.ixx:1501"	"1"	"inline const 语素入口节点类* 值_派生需求_重新筹办任务() noexcept"	"推进任务筹办，形成候选、缺口或就绪回执。"	""	"ClCompile"	"自我动作实现模块.ixx:1017:    inline const 语素入口节点类* 值_派生需求_重新筹办任务() noexcept"
"present"	"值_派生需求_检查当前方法执行入口"	"值_派生需求_检查当前方法执行入口"	"自我动作实现.外设模块.ixx:1508"	"1"	"inline const 语素入口节点类* 值_派生需求_检查当前方法执行入口() noexcept"	"检查状态、条件、缺口或运行约束。"	""	"ClCompile"	"自我动作实现模块.ixx:1024:    inline const 语素入口节点类* 值_派生需求_检查当前方法执行入口() noexcept"
"present"	"值_方法运行结果_筹办成功"	"值_方法运行结果_筹办成功"	"自我动作实现.外设模块.ixx:1515"	"1"	"inline const 语素入口节点类* 值_方法运行结果_筹办成功() noexcept"	"执行对应模块、线程或方法的运行逻辑。"	""	"ClCompile"	"自我动作实现模块.ixx:1031:    inline const 语素入口节点类* 值_方法运行结果_筹办成功() noexcept"
"present"	"值_方法运行结果_筹办未完成"	"值_方法运行结果_筹办未完成"	"自我动作实现.外设模块.ixx:1522"	"1"	"inline const 语素入口节点类* 值_方法运行结果_筹办未完成() noexcept"	"执行对应模块、线程或方法的运行逻辑。"	""	"ClCompile"	"自我动作实现模块.ixx:1038:    inline const 语素入口节点类* 值_方法运行结果_筹办未完成() noexcept"
"present"	"写入OpenGL复现数据摘要"	"写入OpenGL复现数据摘要"	"自我动作实现.外设模块.ixx:15267"	"1"	"inline void 写入OpenGL复现数据摘要( 基础信息节点类* 节点, const 结构_场景复现上下文& 上下文, 时间戳 now) noexcept"	"把处理结果写入指定对象、场景或日志。"	""	"ClCompile"	"自我动作实现.外设模块.ixx:26262:            写入OpenGL复现数据摘要("
"present"	"值_方法运行结果_筹办失败"	"值_方法运行结果_筹办失败"	"自我动作实现.外设模块.ixx:1529"	"1"	"inline const 语素入口节点类* 值_方法运行结果_筹办失败() noexcept"	"执行对应模块、线程或方法的运行逻辑。"	""	"ClCompile"	"自我动作实现模块.ixx:1045:    inline const 语素入口节点类* 值_方法运行结果_筹办失败() noexcept"
"present"	"写入场景复现方法结果"	"写入场景复现方法结果"	"自我动作实现.外设模块.ixx:15294"	"1"	"inline void 写入场景复现方法结果( 基础信息节点类* 宿主, bool 成功, const 结构_场景复现上下文& 上下文, 动态节点类* 动态, const 语素入口节点类* 失败原因, 时间戳 now) noexcept"	"把处理结果写入指定对象、场景或日志。"	""	"ClCompile"	"自我动作实现.外设模块.ixx:26293:            写入场景复现方法结果(宿主, 成功, 上下文, 动态, 失败原因, now);"
"present"	"特征_执行前值"	"特征_执行前值"	"自我动作实现.外设模块.ixx:1592"	"1"	"inline const 语素入口节点类* 特征_执行前值() noexcept"	"执行任务、方法或动作的主体逻辑。"	""	"ClCompile"	"自我动作实现模块.ixx:1108:    inline const 语素入口节点类* 特征_执行前值() noexcept"
"present"	"特征_执行后值"	"特征_执行后值"	"自我动作实现.外设模块.ixx:1599"	"1"	"inline const 语素入口节点类* 特征_执行后值() noexcept"	"执行任务、方法或动作的主体逻辑。"	""	"ClCompile"	"自我动作实现模块.ixx:1115:    inline const 语素入口节点类* 特征_执行后值() noexcept"
"present"	"特征_改变量"	"特征_改变量"	"自我动作实现.外设模块.ixx:1633"	"1"	"inline const 语素入口节点类* 特征_改变量() noexcept"	"按函数名执行对应处理。"	""	"ClCompile"	"自我动作实现模块.ixx:1149:    inline const 语素入口节点类* 特征_改变量() noexcept"
"present"	"特征_服务值"	"特征_服务值"	"自我动作实现.外设模块.ixx:1640"	"1"	"inline const 语素入口节点类* 特征_服务值() noexcept"	"按函数名执行对应处理。"	""	"ClCompile"	"自我动作实现模块.ixx:1156:    inline const 语素入口节点类* 特征_服务值() noexcept"
"present"	"特征_待处理方法数量"	"特征_待处理方法数量"	"自我动作实现.外设模块.ixx:1646"	"1"	"inline const 语素入口节点类* 特征_待处理方法数量() noexcept"	"按函数名执行对应处理。"	""	"ClCompile"	"自我动作实现模块.ixx:1162:    inline const 语素入口节点类* 特征_待处理方法数量() noexcept"
"present"	"特征_可用方法数量"	"特征_可用方法数量"	"自我动作实现.外设模块.ixx:1653"	"1"	"inline const 语素入口节点类* 特征_可用方法数量() noexcept"	"按函数名执行对应处理。"	""	"ClCompile"	"自我动作实现模块.ixx:1169:    inline const 语素入口节点类* 特征_可用方法数量() noexcept"
"present"	"特征_查找限制包"	"特征_查找限制包"	"自我动作实现.外设模块.ixx:1667"	"1"	"inline const 语素入口节点类* 特征_查找限制包() noexcept"	"按条件查找目标对象、方法或事实。"	""	"ClCompile"	"自我动作实现模块.ixx:1183:    inline const 语素入口节点类* 特征_查找限制包() noexcept"
"present"	"特征_方法搜索根"	"特征_方法搜索根"	"自我动作实现.外设模块.ixx:1681"	"1"	"inline const 语素入口节点类* 特征_方法搜索根() noexcept"	"在候选范围内搜索目标对象或路径。"	""	"ClCompile"	"自我动作实现模块.ixx:1197:    inline const 语素入口节点类* 特征_方法搜索根() noexcept"
"present"	"名称_双目相机外设"	"名称_双目相机外设"	"自我动作实现.外设模块.ixx:17422"	"1"	"inline const 语素入口节点类* 名称_双目相机外设() noexcept"	"按函数名执行对应处理。"	""	"ClCompile"	"自我动作实现.外设模块.ixx:17460:            名称_双目相机外设(),"
"present"	"类型_外设存在"	"类型_外设存在"	"自我动作实现.外设模块.ixx:17429"	"1"	"inline const 语素入口节点类* 类型_外设存在() noexcept"	"按函数名执行对应处理。"	""	"ClCompile"	"自我动作实现.外设模块.ixx:17461:            类型_外设存在());"
"present"	"取或创建双目相机外设存在"	"取或创建双目相机外设存在"	"自我动作实现.外设模块.ixx:17451"	"1"	"inline 存在节点类* 取或创建双目相机外设存在(场景节点类* 场景) noexcept"	"创建并返回或登记对应对象。"	""	"ClCompile"	"自我动作实现.外设模块.ixx:17481:        return 取或创建双目相机外设存在(输出场景);"
"present"	"特征_最高允许目标特征类型"	"特征_最高允许目标特征类型"	"自我动作实现.外设模块.ixx:1751"	"1"	"inline const 语素入口节点类* 特征_最高允许目标特征类型() noexcept"	"按函数名执行对应处理。"	""	"ClCompile"	"自我动作实现模块.ixx:1267:    inline const 语素入口节点类* 特征_最高允许目标特征类型() noexcept"
"present"	"写入输出结果I64状态"	"写入输出结果I64状态"	"自我动作实现.外设模块.ixx:17561"	"1"	"inline 状态节点类* 写入输出结果I64状态( 场景节点类* 结果场景, 基础信息节点类* 目标宿主, const 语素入口节点类* 特征类型, I64 值, 时间戳 now) noexcept"	"把处理结果写入指定对象、场景或日志。"	""	"ClCompile"	"自我动作实现.外设模块.ixx:19024:            if (写入输出结果I64状态("
"present"	"特征_最高允许宿主类型"	"特征_最高允许宿主类型"	"自我动作实现.外设模块.ixx:1758"	"1"	"inline const 语素入口节点类* 特征_最高允许宿主类型() noexcept"	"按函数名执行对应处理。"	""	"ClCompile"	"自我动作实现模块.ixx:1274:    inline const 语素入口节点类* 特征_最高允许宿主类型() noexcept"
"present"	"特征_允许值类型"	"特征_允许值类型"	"自我动作实现.外设模块.ixx:1765"	"1"	"inline const 语素入口节点类* 特征_允许值类型() noexcept"	"按函数名执行对应处理。"	""	"ClCompile"	"自我动作实现模块.ixx:1281:    inline const 语素入口节点类* 特征_允许值类型() noexcept"
"present"	"特征_最大类型抽象层数"	"特征_最大类型抽象层数"	"自我动作实现.外设模块.ixx:1779"	"1"	"inline const 语素入口节点类* 特征_最大类型抽象层数() noexcept"	"按函数名执行对应处理。"	""	"ClCompile"	"自我动作实现模块.ixx:1295:    inline const 语素入口节点类* 特征_最大类型抽象层数() noexcept"
"present"	"特征_最大值域抽象层数"	"特征_最大值域抽象层数"	"自我动作实现.外设模块.ixx:1786"	"1"	"inline const 语素入口节点类* 特征_最大值域抽象层数() noexcept"	"按函数名执行对应处理。"	""	"ClCompile"	"自我动作实现模块.ixx:1302:    inline const 语素入口节点类* 特征_最大值域抽象层数() noexcept"
"present"	"特征_最大查找递归深度"	"特征_最大查找递归深度"	"自我动作实现.外设模块.ixx:1800"	"1"	"inline const 语素入口节点类* 特征_最大查找递归深度() noexcept"	"按条件查找目标对象、方法或事实。"	""	"ClCompile"	"自我动作实现模块.ixx:1316:    inline const 语素入口节点类* 特征_最大查找递归深度() noexcept"
"present"	"特征_是否包含禁用方法"	"特征_是否包含禁用方法"	"自我动作实现.外设模块.ixx:1807"	"1"	"inline const 语素入口节点类* 特征_是否包含禁用方法() noexcept"	"按函数名执行对应处理。"	""	"ClCompile"	"自我动作实现模块.ixx:1323:    inline const 语素入口节点类* 特征_是否包含禁用方法() noexcept"
"present"	"特征_是否允许当前方法自身"	"特征_是否允许当前方法自身"	"自我动作实现.外设模块.ixx:1814"	"1"	"inline const 语素入口节点类* 特征_是否允许当前方法自身() noexcept"	"按函数名执行对应处理。"	""	"ClCompile"	"自我动作实现模块.ixx:1330:    inline const 语素入口节点类* 特征_是否允许当前方法自身() noexcept"
"present"	"特征_方法配对结果"	"特征_方法配对结果"	"自我动作实现.外设模块.ixx:1821"	"1"	"inline const 语素入口节点类* 特征_方法配对结果() noexcept"	"按函数名执行对应处理。"	""	"ClCompile"	"自我动作实现模块.ixx:1337:    inline const 语素入口节点类* 特征_方法配对结果() noexcept"
"present"	"特征_参数配对结果"	"特征_参数配对结果"	"自我动作实现.外设模块.ixx:1828"	"1"	"inline const 语素入口节点类* 特征_参数配对结果() noexcept"	"按函数名执行对应处理。"	""	"ClCompile"	"自我动作实现模块.ixx:1344:    inline const 语素入口节点类* 特征_参数配对结果() noexcept"
"present"	"类型_参数配对结果存在"	"类型_参数配对结果存在"	"自我动作实现.外设模块.ixx:1835"	"1"	"inline const 语素入口节点类* 类型_参数配对结果存在() noexcept"	"按函数名执行对应处理。"	""	"ClCompile"	"自我动作实现模块.ixx:1351:    inline const 语素入口节点类* 类型_参数配对结果存在() noexcept"
"present"	"特征_参数配对情况"	"特征_参数配对情况"	"自我动作实现.外设模块.ixx:1842"	"1"	"inline const 语素入口节点类* 特征_参数配对情况() noexcept"	"按函数名执行对应处理。"	""	"ClCompile"	"自我动作实现模块.ixx:1358:    inline const 语素入口节点类* 特征_参数配对情况() noexcept"
"present"	"类型_方法配对结果存在"	"类型_方法配对结果存在"	"自我动作实现.外设模块.ixx:1870"	"1"	"inline const 语素入口节点类* 类型_方法配对结果存在() noexcept"	"按函数名执行对应处理。"	""	"ClCompile"	"自我动作实现模块.ixx:1386:    inline const 语素入口节点类* 类型_方法配对结果存在() noexcept"
"present"	"特征_来源需求条件包"	"特征_来源需求条件包"	"自我动作实现.外设模块.ixx:1884"	"1"	"inline const 语素入口节点类* 特征_来源需求条件包() noexcept"	"按函数名执行对应处理。"	""	"ClCompile"	"自我动作实现模块.ixx:1400:    inline const 语素入口节点类* 特征_来源需求条件包() noexcept"
"present"	"特征_使用限制包"	"特征_使用限制包"	"自我动作实现.外设模块.ixx:1891"	"1"	"inline const 语素入口节点类* 特征_使用限制包() noexcept"	"按函数名执行对应处理。"	""	"ClCompile"	"自我动作实现模块.ixx:1407:    inline const 语素入口节点类* 特征_使用限制包() noexcept"
"present"	"特征_缓存方法虚拟存在"	"特征_缓存方法虚拟存在"	"自我动作实现.外设模块.ixx:1919"	"1"	"inline const 语素入口节点类* 特征_缓存方法虚拟存在() noexcept"	"按函数名执行对应处理。"	""	"ClCompile"	"自我动作实现模块.ixx:1435:    inline const 语素入口节点类* 特征_缓存方法虚拟存在() noexcept"
"present"	"特征_选中方法虚拟存在"	"特征_选中方法虚拟存在"	"自我动作实现.外设模块.ixx:1926"	"1"	"inline const 语素入口节点类* 特征_选中方法虚拟存在() noexcept"	"按函数名执行对应处理。"	""	"ClCompile"	"自我动作实现模块.ixx:1442:    inline const 语素入口节点类* 特征_选中方法虚拟存在() noexcept"
"present"	"特征_匹配方法能力包"	"特征_匹配方法能力包"	"自我动作实现.外设模块.ixx:1933"	"1"	"inline const 语素入口节点类* 特征_匹配方法能力包() noexcept"	"按函数名执行对应处理。"	""	"ClCompile"	"自我动作实现模块.ixx:1449:    inline const 语素入口节点类* 特征_匹配方法能力包() noexcept"
"present"	"特征_原始需求绑定包"	"特征_原始需求绑定包"	"自我动作实现.外设模块.ixx:1940"	"1"	"inline const 语素入口节点类* 特征_原始需求绑定包() noexcept"	"建立对象、任务、方法或因果之间的绑定关系。"	""	"ClCompile"	"自我动作实现模块.ixx:1456:    inline const 语素入口节点类* 特征_原始需求绑定包() noexcept"
"present"	"特征_匹配路径记录"	"特征_匹配路径记录"	"自我动作实现.外设模块.ixx:1947"	"1"	"inline const 语素入口节点类* 特征_匹配路径记录() noexcept"	"记录日志、动态、证据或运行痕迹。"	""	"ClCompile"	"自我动作实现模块.ixx:1463:    inline const 语素入口节点类* 特征_匹配路径记录() noexcept"
"present"	"特征_类型抽象距离"	"特征_类型抽象距离"	"自我动作实现.外设模块.ixx:1954"	"1"	"inline const 语素入口节点类* 特征_类型抽象距离() noexcept"	"按函数名执行对应处理。"	""	"ClCompile"	"自我动作实现模块.ixx:1470:    inline const 语素入口节点类* 特征_类型抽象距离() noexcept"
"present"	"特征_值域抽象距离"	"特征_值域抽象距离"	"自我动作实现.外设模块.ixx:1961"	"1"	"inline const 语素入口节点类* 特征_值域抽象距离() noexcept"	"按函数名执行对应处理。"	""	"ClCompile"	"自我动作实现模块.ixx:1477:    inline const 语素入口节点类* 特征_值域抽象距离() noexcept"
"present"	"特征_总匹配距离"	"特征_总匹配距离"	"自我动作实现.外设模块.ixx:1968"	"1"	"inline const 语素入口节点类* 特征_总匹配距离() noexcept"	"按函数名执行对应处理。"	""	"ClCompile"	"自我动作实现模块.ixx:1484:    inline const 语素入口节点类* 特征_总匹配距离() noexcept"
"present"	"特征_待配对形参表"	"特征_待配对形参表"	"自我动作实现.外设模块.ixx:1975"	"1"	"inline const 语素入口节点类* 特征_待配对形参表() noexcept"	"按函数名执行对应处理。"	""	"ClCompile"	"自我动作实现模块.ixx:1491:    inline const 语素入口节点类* 特征_待配对形参表() noexcept"
"present"	"特征_候选扫描数量"	"特征_候选扫描数量"	"自我动作实现.外设模块.ixx:1982"	"1"	"inline const 语素入口节点类* 特征_候选扫描数量() noexcept"	"执行扫描相关材料获取、比较或提交逻辑。"	""	"ClCompile"	"自我动作实现模块.ixx:1498:    inline const 语素入口节点类* 特征_候选扫描数量() noexcept"
"present"	"特征_成功匹配数量"	"特征_成功匹配数量"	"自我动作实现.外设模块.ixx:1989"	"1"	"inline const 语素入口节点类* 特征_成功匹配数量() noexcept"	"按函数名执行对应处理。"	""	"ClCompile"	"自我动作实现模块.ixx:1505:    inline const 语素入口节点类* 特征_成功匹配数量() noexcept"
"present"	"特征_使用默认方法搜索根"	"特征_使用默认方法搜索根"	"自我动作实现.外设模块.ixx:2003"	"1"	"inline const 语素入口节点类* 特征_使用默认方法搜索根() noexcept"	"在候选范围内搜索目标对象或路径。"	""	"ClCompile"	"自我动作实现模块.ixx:1519:    inline const 语素入口节点类* 特征_使用默认方法搜索根() noexcept"
"present"	"值_输入绑定失败"	"值_输入绑定失败"	"自我动作实现.外设模块.ixx:2010"	"1"	"inline const 语素入口节点类* 值_输入绑定失败() noexcept"	"建立对象、任务、方法或因果之间的绑定关系。"	""	"ClCompile"	"自我动作实现模块.ixx:1526:    inline const 语素入口节点类* 值_输入绑定失败() noexcept"
"present"	"值_超出限制"	"值_超出限制"	"自我动作实现.外设模块.ixx:2017"	"1"	"inline const 语素入口节点类* 值_超出限制() noexcept"	"按函数名执行对应处理。"	""	"ClCompile"	"自我动作实现模块.ixx:1533:    inline const 语素入口节点类* 值_超出限制() noexcept"
"present"	"值_没有匹配方法"	"值_没有匹配方法"	"自我动作实现.外设模块.ixx:2024"	"1"	"inline const 语素入口节点类* 值_没有匹配方法() noexcept"	"按函数名执行对应处理。"	""	"ClCompile"	"自我动作实现模块.ixx:1540:    inline const 语素入口节点类* 值_没有匹配方法() noexcept"
"present"	"值_不修改现实场景特征值"	"值_不修改现实场景特征值"	"自我动作实现.外设模块.ixx:2087"	"1"	"inline const 语素入口节点类* 值_不修改现实场景特征值() noexcept"	"按函数名执行对应处理。"	""	"ClCompile"	"自我动作实现模块.ixx:1603:    inline const 语素入口节点类* 值_不修改现实场景特征值() noexcept"
"present"	"值_不执行被查找到的方法"	"值_不执行被查找到的方法"	"自我动作实现.外设模块.ixx:2094"	"1"	"inline const 语素入口节点类* 值_不执行被查找到的方法() noexcept"	"按条件查找目标对象、方法或事实。"	""	"ClCompile"	"自我动作实现模块.ixx:1610:    inline const 语素入口节点类* 值_不执行被查找到的方法() noexcept"
"present"	"类型_安全因果候选条目"	"类型_安全因果候选条目"	"自我动作实现.外设模块.ixx:2213"	"1"	"inline const 语素入口节点类* 类型_安全因果候选条目() noexcept"	"按函数名执行对应处理。"	""	"ClCompile"	"自我动作实现.外设模块.ixx:13781:                类型_安全因果候选条目(),"
"present"	"类型_自我边界参照"	"类型_自我边界参照"	"自我动作实现.外设模块.ixx:2220"	"1"	"inline const 语素入口节点类* 类型_自我边界参照() noexcept"	"按函数名执行对应处理。"	""	"ClCompile"	"自我动作实现.外设模块.ixx:20475:            ? 世界树.取或创建子存在_按类型(自我宿主, 类型_自我边界参照())"
"present"	"名称_存在内部世界"	"名称_存在内部世界"	"自我动作实现.外设模块.ixx:2227"	"1"	"inline const 语素入口节点类* 名称_存在内部世界() noexcept"	"按函数名执行对应处理。"	""	"ClCompile"	"自我动作实现.外设模块.ixx:13992:            ? 世界树.取或创建存在内部世界(目标存在, 名称_存在内部世界())"
"present"	"类型_观察存在匹配关系"	"类型_观察存在匹配关系"	"自我动作实现.外设模块.ixx:2269"	"1"	"inline const 语素入口节点类* 类型_观察存在匹配关系() noexcept"	"按函数名执行对应处理。"	""	"ClCompile"	"自我动作实现.外设模块.ixx:14589:                类型_观察存在匹配关系(),"
"present"	"类型_观察存在变化结果"	"类型_观察存在变化结果"	"自我动作实现.外设模块.ixx:2276"	"1"	"inline const 语素入口节点类* 类型_观察存在变化结果() noexcept"	"按函数名执行对应处理。"	""	"ClCompile"	"自我动作实现.外设模块.ixx:14603:                类型_观察存在变化结果(),"
"present"	"类型_当前观察范围可观测单位存在对应事实"	"类型_当前观察范围可观测单位存在对应事实"	"自我动作实现.外设模块.ixx:2283"	"1"	"inline const 语素入口节点类* 类型_当前观察范围可观测单位存在对应事实() noexcept"	"按函数名执行对应处理。"	""	"ClCompile"	"自我动作实现.外设模块.ixx:23290:                类型_当前观察范围可观测单位存在对应事实(),"
"present"	"类型_可观测单位到存在映射表"	"类型_可观测单位到存在映射表"	"自我动作实现.外设模块.ixx:2290"	"1"	"inline const 语素入口节点类* 类型_可观测单位到存在映射表() noexcept"	"按函数名执行对应处理。"	""	"ClCompile"	"自我动作实现.外设模块.ixx:23304:                类型_可观测单位到存在映射表(),"
"present"	"类型_可观测单位到存在映射项"	"类型_可观测单位到存在映射项"	"自我动作实现.外设模块.ixx:2297"	"1"	"inline const 语素入口节点类* 类型_可观测单位到存在映射项() noexcept"	"按函数名执行对应处理。"	""	"ClCompile"	"自我动作实现.外设模块.ixx:23851:                    类型_可观测单位到存在映射项(),"
"present"	"类型_观察存在发现事实"	"类型_观察存在发现事实"	"自我动作实现.外设模块.ixx:2304"	"1"	"inline const 语素入口节点类* 类型_观察存在发现事实() noexcept"	"按函数名执行对应处理。"	""	"ClCompile"	"自我动作实现.外设模块.ixx:24373:                类型_观察存在发现事实(),"
"present"	"类型_观察变化事件"	"类型_观察变化事件"	"自我动作实现.外设模块.ixx:2311"	"1"	"inline const 语素入口节点类* 类型_观察变化事件() noexcept"	"按函数名执行对应处理。"	""	"ClCompile"	"自我动作实现.外设模块.ixx:14617:                类型_观察变化事件(),"
"present"	"类型_当前帧轮廓分区项"	"类型_当前帧轮廓分区项"	"自我动作实现.外设模块.ixx:2318"	"1"	"inline const 语素入口节点类* 类型_当前帧轮廓分区项() noexcept"	"按函数名执行对应处理。"	""	"ClCompile"	"自我动作实现.外设模块.ixx:24976:                    类型_当前帧轮廓分区项(),"
"present"	"类型_当前场景特征值可读材料门项"	"类型_当前场景特征值可读材料门项"	"自我动作实现.外设模块.ixx:2325"	"1"	"inline const 语素入口节点类* 类型_当前场景特征值可读材料门项() noexcept"	"按函数名执行对应处理。"	""	"ClCompile"	"自我动作实现.外设模块.ixx:13842:                类型_当前场景特征值可读材料门项(),"
"present"	"取或创建当前观察范围对应事实"	"取或创建当前观察范围对应事实"	"自我动作实现.外设模块.ixx:23281"	"1"	"inline 存在节点类* 取或创建当前观察范围对应事实( 基础信息节点类* 宿主, I64 报告ID) noexcept"	"创建并返回或登记对应对象。"	""	"ClCompile"	"自我动作实现.外设模块.ixx:23717:            : 取或创建当前观察范围对应事实(事实宿主, 报告ID);"
"present"	"取或创建可观测单位映射表"	"取或创建可观测单位映射表"	"自我动作实现.外设模块.ixx:23295"	"1"	"inline 存在节点类* 取或创建可观测单位映射表( 基础信息节点类* 宿主, I64 报告ID) noexcept"	"创建并返回或登记对应对象。"	""	"ClCompile"	"自我动作实现.外设模块.ixx:23723:            : 取或创建可观测单位映射表(映射表宿主, 报告ID);"
"present"	"类型_场景识别快照"	"类型_场景识别快照"	"自我动作实现.外设模块.ixx:2332"	"1"	"inline const 语素入口节点类* 类型_场景识别快照() noexcept"	"执行识别相关匹配、确认或结果输出逻辑。"	""	"ClCompile"	"自我动作实现.外设模块.ixx:14995:        return 宿主 ? 世界树.取或创建子存在_按类型(宿主, 类型_场景识别快照()) : nullptr;"
"present"	"类型_OpenGL复现数据"	"类型_OpenGL复现数据"	"自我动作实现.外设模块.ixx:2339"	"1"	"inline const 语素入口节点类* 类型_OpenGL复现数据() noexcept"	"按函数名执行对应处理。"	""	"ClCompile"	"自我动作实现.外设模块.ixx:15001:        return 宿主 ? 世界树.取或创建子存在_按类型(宿主, 类型_OpenGL复现数据()) : nullptr;"
"present"	"特征_内部世界场景类型"	"特征_内部世界场景类型"	"自我动作实现.外设模块.ixx:3389"	"1"	"inline const 语素入口节点类* 特征_内部世界场景类型() noexcept"	"按函数名执行对应处理。"	""	"ClCompile"	"自我动作实现.外设模块.ixx:14085:        (void)写入基础节点I64(内部节点, 特征_内部世界场景类型(), 1, now);"
"present"	"特征_父场景"	"特征_父场景"	"自我动作实现.外设模块.ixx:3403"	"1"	"inline const 语素入口节点类* 特征_父场景() noexcept"	"按函数名执行对应处理。"	""	"ClCompile"	"自我动作实现.外设模块.ixx:14101:            (void)写入基础节点指针(内部节点, 特征_父场景(), 上下文.外部场景, now);"
"present"	"特征_外部场景"	"特征_外部场景"	"自我动作实现.外设模块.ixx:3445"	"1"	"inline const 语素入口节点类* 特征_外部场景() noexcept"	"按函数名执行对应处理。"	""	"ClCompile"	"自我动作实现.外设模块.ixx:14120:            (void)写入基础节点指针(节点, 特征_外部场景(), 上下文.外部场景, now);"
"present"	"特征_内部场景"	"特征_内部场景"	"自我动作实现.外设模块.ixx:3452"	"1"	"inline const 语素入口节点类* 特征_内部场景() noexcept"	"按函数名执行对应处理。"	""	"ClCompile"	"自我动作实现.外设模块.ixx:14118:        (void)写入基础节点指针(节点, 特征_内部场景(), 上下文.内部世界, now);"
"present"	"特征_局部像素索引状态"	"特征_局部像素索引状态"	"自我动作实现.外设模块.ixx:3585"	"1"	"inline const 语素入口节点类* 特征_局部像素索引状态() noexcept"	"按函数名执行对应处理。"	""	"ClCompile"	"自我动作实现.外设模块.ixx:14148:        (void)写入基础节点I64(节点, 特征_局部像素索引状态(), 1, now);"
"present"	"特征_不再细分"	"特征_不再细分"	"自我动作实现.外设模块.ixx:3634"	"1"	"inline const 语素入口节点类* 特征_不再细分() noexcept"	"按函数名执行对应处理。"	""	"ClCompile"	"自我动作实现.外设模块.ixx:14217:        (void)写入基础节点I64(节点, 特征_不再细分(), 是叶子 ? 1 : 0, now);"
"present"	"特征_可绘制状态"	"特征_可绘制状态"	"自我动作实现.外设模块.ixx:3641"	"1"	"inline const 语素入口节点类* 特征_可绘制状态() noexcept"	"按函数名执行对应处理。"	""	"ClCompile"	"自我动作实现.外设模块.ixx:14098:        (void)写入基础节点I64(内部节点, 特征_可绘制状态(), 1, now);"
"present"	"计算场景评估安全值候选"	"计算场景评估安全值候选"	"自我动作实现.外设模块.ixx:394"	"1"	"inline constexpr I64 计算场景评估安全值候选( bool 可生成评估, bool 条件不足, I64 不足原因, bool 存在评估全部明确, I64 场景风险压力平均值) noexcept"	"评估状态、风险、质量、权重或完成度。"	""	"ClCompile"	"自我动作实现.外设模块.ixx:18872:        const I64 场景评估安全值候选 = 计算场景评估安全值候选("
"present"	"特征_观察队列排序位次"	"特征_观察队列排序位次"	"自我动作实现.外设模块.ixx:4152"	"1"	"inline const 语素入口节点类* 特征_观察队列排序位次() noexcept"	"按函数名执行对应处理。"	""	"ClCompile"	"自我动作实现.外设模块.ixx:12996:            (void)写入基础节点I64(节点, 特征_观察队列排序位次(), 队列项.排序位次, now);"
"present"	"特征_空间候选中心接近评分"	"特征_空间候选中心接近评分"	"自我动作实现.外设模块.ixx:4166"	"1"	"inline const 语素入口节点类* 特征_空间候选中心接近评分() noexcept"	"按函数名执行对应处理。"	""	"ClCompile"	"自我动作实现.外设模块.ixx:12999:            (void)写入基础节点I64(节点, 特征_空间候选中心接近评分(), 队列项.中心接近评分, now);"
"present"	"特征_空间候选范围大小评分"	"特征_空间候选范围大小评分"	"自我动作实现.外设模块.ixx:4173"	"1"	"inline const 语素入口节点类* 特征_空间候选范围大小评分() noexcept"	"按函数名执行对应处理。"	""	"ClCompile"	"自我动作实现.外设模块.ixx:13000:            (void)写入基础节点I64(节点, 特征_空间候选范围大小评分(), 队列项.范围大小评分, now);"
"present"	"特征_空间候选相对独立状态"	"特征_空间候选相对独立状态"	"自我动作实现.外设模块.ixx:4180"	"1"	"inline const 语素入口节点类* 特征_空间候选相对独立状态() noexcept"	"按函数名执行对应处理。"	""	"ClCompile"	"自我动作实现.外设模块.ixx:12998:            (void)写入基础节点I64(节点, 特征_空间候选相对独立状态(), 队列项.相对独立状态, now);"
"present"	"评估存在风险安全值"	"评估存在风险安全值"	"自我动作实现.外设模块.ixx:442"	"1"	"inline 结构_存在风险评估结果 评估存在风险安全值( 存在节点类* 存在, const 结构_安全评估证据视图& 证据) noexcept"	"评估状态、风险、质量、权重或完成度。"	""	"ClCompile"	"自我动作实现.外设模块.ixx:18858:            auto 结果 = 评估存在风险安全值(存在, 证据视图);"
"present"	"特征_已归属存在当前特征_基准特征差异状态"	"特征_已归属存在当前特征_基准特征差异状态"	"自我动作实现.外设模块.ixx:4565"	"1"	"inline const 语素入口节点类* 特征_已归属存在当前特征_基准特征差异状态() noexcept"	"按函数名执行对应处理。"	""	"ClCompile"	"自我动作实现.外设模块.ixx:14756:        (void)写入基础节点I64(节点, 特征_已归属存在当前特征_基准特征差异状态(), 上下文.基准差异状态, now);"
"present"	"特征_已归属存在当前特征_基准特征差异值"	"特征_已归属存在当前特征_基准特征差异值"	"自我动作实现.外设模块.ixx:4572"	"1"	"inline const 语素入口节点类* 特征_已归属存在当前特征_基准特征差异值() noexcept"	"按函数名执行对应处理。"	""	"ClCompile"	"自我动作实现.外设模块.ixx:14757:        (void)写入基础节点I64(节点, 特征_已归属存在当前特征_基准特征差异值(), 上下文.基准差异值, now);"
"present"	"特征_已归属存在特征值域冲突动态"	"特征_已归属存在特征值域冲突动态"	"自我动作实现.外设模块.ixx:4586"	"1"	"inline const 语素入口节点类* 特征_已归属存在特征值域冲突动态() noexcept"	"按函数名执行对应处理。"	""	"ClCompile"	"自我动作实现.外设模块.ixx:23227:        if (auto* 动态 = 读取提交入口动作动态_按特征(输入参数场景, 输出结果场景, 宿主, 特征_已归属存在特征值域冲突动态())) return 动态;"
"present"	"平均存在风险压力"	"平均存在风险压力"	"自我动作实现.外设模块.ixx:487"	"1"	"inline I64 平均存在风险压力( const std::vector<结构_存在风险评估结果>& 存在风险评估集) noexcept"	"按函数名执行对应处理。"	""	"ClCompile"	"自我动作实现.外设模块.ixx:18871:        const I64 场景风险压力平均值 = 平均存在风险压力(存在风险评估集);"
"present"	"特征_来源已确认观察存在"	"特征_来源已确认观察存在"	"自我动作实现.外设模块.ixx:5223"	"1"	"inline const 语素入口节点类* 特征_来源已确认观察存在() noexcept"	"确认候选事实、存在、状态或运行结果。"	""	"ClCompile"	"自我动作实现.外设模块.ixx:24982:                (void)写入基础节点指针(节点, 特征_来源已确认观察存在(), 项.已确认观察存在, now);"
"present"	"特征_匹配外设观察像素簇ID"	"特征_匹配外设观察像素簇ID"	"自我动作实现.外设模块.ixx:5230"	"1"	"inline const 语素入口节点类* 特征_匹配外设观察像素簇ID() noexcept"	"按函数名执行对应处理。"	""	"ClCompile"	"自我动作实现.外设模块.ixx:24988:                (void)写入基础节点I64(节点, 特征_匹配外设观察像素簇ID(), 项.匹配簇ID, now);"
"present"	"特征_执行前值快照"	"特征_执行前值快照"	"自我动作实现.外设模块.ixx:5370"	"1"	"inline const 语素入口节点类* 特征_执行前值快照() noexcept"	"执行任务、方法或动作的主体逻辑。"	""	"ClCompile"	"自我动作实现模块.ixx:1778:    inline const 语素入口节点类* 特征_执行前值快照() noexcept"
"present"	"特征_特征类型配对结果"	"特征_特征类型配对结果"	"自我动作实现.外设模块.ixx:5377"	"1"	"inline const 语素入口节点类* 特征_特征类型配对结果() noexcept"	"按函数名执行对应处理。"	""	"ClCompile"	"自我动作实现模块.ixx:1785:    inline const 语素入口节点类* 特征_特征类型配对结果() noexcept"
"present"	"特征_实例缺失策略"	"特征_实例缺失策略"	"自我动作实现.外设模块.ixx:5384"	"1"	"inline const 语素入口节点类* 特征_实例缺失策略() noexcept"	"按函数名执行对应处理。"	""	"ClCompile"	"自我动作实现模块.ixx:1792:    inline const 语素入口节点类* 特征_实例缺失策略() noexcept"
"present"	"特征_溢出策略"	"特征_溢出策略"	"自我动作实现.外设模块.ixx:5391"	"1"	"inline const 语素入口节点类* 特征_溢出策略() noexcept"	"按函数名执行对应处理。"	""	"ClCompile"	"自我动作实现模块.ixx:1799:    inline const 语素入口节点类* 特征_溢出策略() noexcept"
"present"	"特征_限制包"	"特征_限制包"	"自我动作实现.外设模块.ixx:5398"	"1"	"inline const 语素入口节点类* 特征_限制包() noexcept"	"按函数名执行对应处理。"	""	"ClCompile"	"自我动作实现模块.ixx:1806:    inline const 语素入口节点类* 特征_限制包() noexcept"
"present"	"特征_实际执行差值"	"特征_实际执行差值"	"自我动作实现.外设模块.ixx:5412"	"1"	"inline const 语素入口节点类* 特征_实际执行差值() noexcept"	"执行任务、方法或动作的主体逻辑。"	""	"ClCompile"	"自我动作实现模块.ixx:1820:    inline const 语素入口节点类* 特征_实际执行差值() noexcept"
"present"	"特征_差值命中状态"	"特征_差值命中状态"	"自我动作实现.外设模块.ixx:5419"	"1"	"inline const 语素入口节点类* 特征_差值命中状态() noexcept"	"按函数名执行对应处理。"	""	"ClCompile"	"自我动作实现模块.ixx:1827:    inline const 语素入口节点类* 特征_差值命中状态() noexcept"
"present"	"特征_是否发生溢出"	"特征_是否发生溢出"	"自我动作实现.外设模块.ixx:5426"	"1"	"inline const 语素入口节点类* 特征_是否发生溢出() noexcept"	"按函数名执行对应处理。"	""	"ClCompile"	"自我动作实现模块.ixx:1834:    inline const 语素入口节点类* 特征_是否发生溢出() noexcept"
"present"	"特征_当前命中抽象特征"	"特征_当前命中抽象特征"	"自我动作实现.外设模块.ixx:5433"	"1"	"inline const 语素入口节点类* 特征_当前命中抽象特征() noexcept"	"按函数名执行对应处理。"	""	"ClCompile"	"自我动作实现模块.ixx:1841:    inline const 语素入口节点类* 特征_当前命中抽象特征() noexcept"
"present"	"方法状态_待方法动作"	"方法状态_待方法动作"	"自我动作实现.外设模块.ixx:5700"	"1"	"inline constexpr I64 方法状态_待方法动作() noexcept"	"方法状态必须使用 枚举_方法状态 的连续取值；旧的 10/20/60 阶梯值会破坏需求目标满足判断。"	""	"ClCompile"	"自我动作实现模块.ixx:2129:    inline constexpr I64 方法状态_待方法动作() noexcept { return static_cast<I64>(枚举_方法状态::待方法动作); }"
"present"	"方法状态_有条件节点"	"方法状态_有条件节点"	"自我动作实现.外设模块.ixx:5709"	"1"	"inline constexpr I64 方法状态_有条件节点() noexcept"	"按函数名执行对应处理。"	""	"ClCompile"	"自我动作实现模块.ixx:2138:    inline constexpr I64 方法状态_有条件节点() noexcept { return static_cast<I64>(枚举_方法状态::待结果节点); }"
"present"	"方法状态_待运行账"	"方法状态_待运行账"	"自我动作实现.外设模块.ixx:5718"	"1"	"inline constexpr I64 方法状态_待运行账() noexcept"	"执行对应模块、线程或方法的运行逻辑。"	""	"ClCompile"	"自我动作实现模块.ixx:2147:    inline constexpr I64 方法状态_待运行账() noexcept { return 方法状态_有条件结果(); }"
"present"	"特征_当前交互者明确状态"	"特征_当前交互者明确状态"	"自我动作实现.外设模块.ixx:5741"	"1"	"inline const 语素入口节点类* 特征_当前交互者明确状态() noexcept"	"按函数名执行对应处理。"	""	"ClCompile"	"自我动作实现模块.ixx:2170:    inline const 语素入口节点类* 特征_当前交互者明确状态() noexcept"
"present"	"特征_当前人类服务对象明确状态"	"特征_当前人类服务对象明确状态"	"自我动作实现.外设模块.ixx:5748"	"1"	"inline const 语素入口节点类* 特征_当前人类服务对象明确状态() noexcept"	"按函数名执行对应处理。"	""	"ClCompile"	"自我动作实现模块.ixx:2177:    inline const 语素入口节点类* 特征_当前人类服务对象明确状态() noexcept"
"present"	"特征_当前权限者明确状态"	"特征_当前权限者明确状态"	"自我动作实现.外设模块.ixx:5755"	"1"	"inline const 语素入口节点类* 特征_当前权限者明确状态() noexcept"	"按函数名执行对应处理。"	""	"ClCompile"	"自我动作实现模块.ixx:2184:    inline const 语素入口节点类* 特征_当前权限者明确状态() noexcept"
"present"	"特征_当前服务目标明确状态"	"特征_当前服务目标明确状态"	"自我动作实现.外设模块.ixx:5762"	"1"	"inline const 语素入口节点类* 特征_当前服务目标明确状态() noexcept"	"按函数名执行对应处理。"	""	"ClCompile"	"自我动作实现模块.ixx:2191:    inline const 语素入口节点类* 特征_当前服务目标明确状态() noexcept"
"present"	"特征_沟通交流需求明确状态"	"特征_沟通交流需求明确状态"	"自我动作实现.外设模块.ixx:5769"	"1"	"inline const 语素入口节点类* 特征_沟通交流需求明确状态() noexcept"	"按函数名执行对应处理。"	""	"ClCompile"	"自我动作实现模块.ixx:2198:    inline const 语素入口节点类* 特征_沟通交流需求明确状态() noexcept"
"present"	"特征_服务对象反馈信息获取尝试状态"	"特征_服务对象反馈信息获取尝试状态"	"自我动作实现.外设模块.ixx:5776"	"1"	"inline const 语素入口节点类* 特征_服务对象反馈信息获取尝试状态() noexcept"	"读取并返回指定对象、状态或运行材料。"	""	"ClCompile"	"自我动作实现模块.ixx:2205:    inline const 语素入口节点类* 特征_服务对象反馈信息获取尝试状态() noexcept"
"present"	"特征_自我运行状态明确状态"	"特征_自我运行状态明确状态"	"自我动作实现.外设模块.ixx:5783"	"1"	"inline const 语素入口节点类* 特征_自我运行状态明确状态() noexcept"	"执行对应模块、线程或方法的运行逻辑。"	""	"ClCompile"	"自我动作实现模块.ixx:2212:    inline const 语素入口节点类* 特征_自我运行状态明确状态() noexcept"
"present"	"特征_自我运行状态正常状态"	"特征_自我运行状态正常状态"	"自我动作实现.外设模块.ixx:5790"	"1"	"inline const 语素入口节点类* 特征_自我运行状态正常状态() noexcept"	"执行对应模块、线程或方法的运行逻辑。"	""	"ClCompile"	"自我动作实现模块.ixx:2219:    inline const 语素入口节点类* 特征_自我运行状态正常状态() noexcept"
"present"	"特征_资源状态明确状态"	"特征_资源状态明确状态"	"自我动作实现.外设模块.ixx:5797"	"1"	"inline const 语素入口节点类* 特征_资源状态明确状态() noexcept"	"按函数名执行对应处理。"	""	"ClCompile"	"自我动作实现模块.ixx:2226:    inline const 语素入口节点类* 特征_资源状态明确状态() noexcept"
"present"	"特征_资源状态足够状态"	"特征_资源状态足够状态"	"自我动作实现.外设模块.ixx:5804"	"1"	"inline const 语素入口节点类* 特征_资源状态足够状态() noexcept"	"按函数名执行对应处理。"	""	"ClCompile"	"自我动作实现模块.ixx:2233:    inline const 语素入口节点类* 特征_资源状态足够状态() noexcept"
"present"	"特征_权限边界明确状态"	"特征_权限边界明确状态"	"自我动作实现.外设模块.ixx:5811"	"1"	"inline const 语素入口节点类* 特征_权限边界明确状态() noexcept"	"按函数名执行对应处理。"	""	"ClCompile"	"自我动作实现模块.ixx:2240:    inline const 语素入口节点类* 特征_权限边界明确状态() noexcept"
"present"	"特征_风险状态可控状态"	"特征_风险状态可控状态"	"自我动作实现.外设模块.ixx:5825"	"1"	"inline const 语素入口节点类* 特征_风险状态可控状态() noexcept"	"按函数名执行对应处理。"	""	"ClCompile"	"自我动作实现模块.ixx:2254:    inline const 语素入口节点类* 特征_风险状态可控状态() noexcept"
"present"	"特征_当前场景特征值材料缺失存在数量"	"特征_当前场景特征值材料缺失存在数量"	"自我动作实现.外设模块.ixx:5902"	"1"	"inline const 语素入口节点类* 特征_当前场景特征值材料缺失存在数量() noexcept"	"按函数名执行对应处理。"	""	"ClCompile"	"自我动作实现.外设模块.ixx:13822:        (void)写入基础节点I64(宿主, 特征_当前场景特征值材料缺失存在数量(), 结果.材料缺失存在数量, now);"
"present"	"特征_当前场景特征值材料过期存在数量"	"特征_当前场景特征值材料过期存在数量"	"自我动作实现.外设模块.ixx:5909"	"1"	"inline const 语素入口节点类* 特征_当前场景特征值材料过期存在数量() noexcept"	"按函数名执行对应处理。"	""	"ClCompile"	"自我动作实现.外设模块.ixx:13823:        (void)写入基础节点I64(宿主, 特征_当前场景特征值材料过期存在数量(), 结果.材料过期存在数量, now);"
"present"	"特征_当前场景特征值材料冲突存在数量"	"特征_当前场景特征值材料冲突存在数量"	"自我动作实现.外设模块.ixx:5916"	"1"	"inline const 语素入口节点类* 特征_当前场景特征值材料冲突存在数量() noexcept"	"按函数名执行对应处理。"	""	"ClCompile"	"自我动作实现.外设模块.ixx:13824:        (void)写入基础节点I64(宿主, 特征_当前场景特征值材料冲突存在数量(), 结果.材料冲突存在数量, now);"
"present"	"特征_来源报告时间戳毫秒"	"特征_来源报告时间戳毫秒"	"自我动作实现.外设模块.ixx:5958"	"1"	"inline const 语素入口节点类* 特征_来源报告时间戳毫秒() noexcept"	"按函数名执行对应处理。"	""	"ClCompile"	"自我动作实现.外设模块.ixx:13856:            (void)写入基础节点I64(节点, 特征_来源报告时间戳毫秒(), 项.来源报告时间戳毫秒, now);"
"present"	"特征_存在_场景绝对坐标X"	"特征_存在_场景绝对坐标X"	"自我动作实现.外设模块.ixx:5965"	"1"	"inline const 语素入口节点类* 特征_存在_场景绝对坐标X() noexcept"	"按函数名执行对应处理。"	""	"ClCompile"	"自我动作实现.外设模块.ixx:13564:                读取基础节点I64(节点, 特征_存在_场景绝对坐标X(), 场景绝对X)"
"present"	"特征_存在_场景绝对坐标Y"	"特征_存在_场景绝对坐标Y"	"自我动作实现.外设模块.ixx:5972"	"1"	"inline const 语素入口节点类* 特征_存在_场景绝对坐标Y() noexcept"	"按函数名执行对应处理。"	""	"ClCompile"	"自我动作实现.外设模块.ixx:13565:                && 读取基础节点I64(节点, 特征_存在_场景绝对坐标Y(), 场景绝对Y)"
"present"	"特征_存在_场景绝对坐标Z"	"特征_存在_场景绝对坐标Z"	"自我动作实现.外设模块.ixx:5979"	"1"	"inline const 语素入口节点类* 特征_存在_场景绝对坐标Z() noexcept"	"按函数名执行对应处理。"	""	"ClCompile"	"自我动作实现.外设模块.ixx:13566:                && 读取基础节点I64(节点, 特征_存在_场景绝对坐标Z(), 场景绝对Z);"
"present"	"自我边界坐标转I64三元"	"自我边界坐标转I64三元"	"自我动作实现.外设模块.ixx:6077"	"1"	"inline bool 自我边界坐标转I64三元(const Vector3D& 坐标, I64& x, I64& y, I64& z) noexcept"	"按函数名执行对应处理。"	""	"ClCompile"	"自我动作实现.外设模块.ixx:6101:        return 自我边界坐标转I64三元(坐标, x, y, z);"
"present"	"特征_安全因果候选存在"	"特征_安全因果候选存在"	"自我动作实现.外设模块.ixx:6251"	"1"	"inline const 语素入口节点类* 特征_安全因果候选存在() noexcept"	"按函数名执行对应处理。"	""	"ClCompile"	"自我动作实现.外设模块.ixx:13788:            (void)写入基础节点指针(节点, 特征_安全因果候选存在(), 条目.候选存在, now);"
"present"	"特征_安全因果候选特征类型"	"特征_安全因果候选特征类型"	"自我动作实现.外设模块.ixx:6258"	"1"	"inline const 语素入口节点类* 特征_安全因果候选特征类型() noexcept"	"按函数名执行对应处理。"	""	"ClCompile"	"自我动作实现.外设模块.ixx:13789:            (void)写入基础节点指针(节点, 特征_安全因果候选特征类型(), 条目.特征类型, now);"
"present"	"特征_安全因果候选当前特征值读取状态"	"特征_安全因果候选当前特征值读取状态"	"自我动作实现.外设模块.ixx:6265"	"1"	"inline const 语素入口节点类* 特征_安全因果候选当前特征值读取状态() noexcept"	"从指定来源读取数据或状态。"	""	"ClCompile"	"自我动作实现.外设模块.ixx:13790:            (void)写入基础节点I64(节点, 特征_安全因果候选当前特征值读取状态(), 条目.当前特征值读取状态, now);"
"present"	"特征_安全因果候选当前特征值"	"特征_安全因果候选当前特征值"	"自我动作实现.外设模块.ixx:6272"	"1"	"inline const 语素入口节点类* 特征_安全因果候选当前特征值() noexcept"	"按函数名执行对应处理。"	""	"ClCompile"	"自我动作实现.外设模块.ixx:13791:            (void)写入基础节点I64(节点, 特征_安全因果候选当前特征值(), 条目.当前特征值, now);"
"present"	"特征_安全因果候选前一特征值"	"特征_安全因果候选前一特征值"	"自我动作实现.外设模块.ixx:6279"	"1"	"inline const 语素入口节点类* 特征_安全因果候选前一特征值() noexcept"	"按函数名执行对应处理。"	""	"ClCompile"	"自我动作实现.外设模块.ixx:13792:            (void)写入基础节点I64(节点, 特征_安全因果候选前一特征值(), 条目.前一特征值, now);"
"present"	"特征_安全因果候选前一特征值缺口状态"	"特征_安全因果候选前一特征值缺口状态"	"自我动作实现.外设模块.ixx:6286"	"1"	"inline const 语素入口节点类* 特征_安全因果候选前一特征值缺口状态() noexcept"	"按函数名执行对应处理。"	""	"ClCompile"	"自我动作实现.外设模块.ixx:13793:            (void)写入基础节点I64(节点, 特征_安全因果候选前一特征值缺口状态(), 条目.前一特征值缺口状态, now);"
"present"	"特征_安全因果候选变化方向"	"特征_安全因果候选变化方向"	"自我动作实现.外设模块.ixx:6293"	"1"	"inline const 语素入口节点类* 特征_安全因果候选变化方向() noexcept"	"按函数名执行对应处理。"	""	"ClCompile"	"自我动作实现.外设模块.ixx:13794:            (void)写入基础节点I64(节点, 特征_安全因果候选变化方向(), 条目.变化方向, now);"
"present"	"特征_安全因果候选时间窗口"	"特征_安全因果候选时间窗口"	"自我动作实现.外设模块.ixx:6300"	"1"	"inline const 语素入口节点类* 特征_安全因果候选时间窗口() noexcept"	"按函数名执行对应处理。"	""	"ClCompile"	"自我动作实现.外设模块.ixx:13795:            (void)写入基础节点I64(节点, 特征_安全因果候选时间窗口(), 条目.时间窗口, now);"
"present"	"特征_安全因果候选来源观察报告"	"特征_安全因果候选来源观察报告"	"自我动作实现.外设模块.ixx:6307"	"1"	"inline const 语素入口节点类* 特征_安全因果候选来源观察报告() noexcept"	"按函数名执行对应处理。"	""	"ClCompile"	"自我动作实现.外设模块.ixx:13796:            (void)写入基础节点I64(节点, 特征_安全因果候选来源观察报告(), 条目.来源观察报告, now);"
"present"	"特征_安全因果候选相关自我关键特征"	"特征_安全因果候选相关自我关键特征"	"自我动作实现.外设模块.ixx:6314"	"1"	"inline const 语素入口节点类* 特征_安全因果候选相关自我关键特征() noexcept"	"按函数名执行对应处理。"	""	"ClCompile"	"自我动作实现.外设模块.ixx:13800:                特征_安全因果候选相关自我关键特征(),"
"present"	"特征_安全因果候选归因证据状态"	"特征_安全因果候选归因证据状态"	"自我动作实现.外设模块.ixx:6321"	"1"	"inline const 语素入口节点类* 特征_安全因果候选归因证据状态() noexcept"	"按函数名执行对应处理。"	""	"ClCompile"	"自我动作实现.外设模块.ixx:13803:            (void)写入基础节点I64(节点, 特征_安全因果候选归因证据状态(), 条目.归因证据状态, now);"
"present"	"特征_安全因果候选负向证据状态"	"特征_安全因果候选负向证据状态"	"自我动作实现.外设模块.ixx:6328"	"1"	"inline const 语素入口节点类* 特征_安全因果候选负向证据状态() noexcept"	"按函数名执行对应处理。"	""	"ClCompile"	"自我动作实现.外设模块.ixx:13804:            (void)写入基础节点I64(节点, 特征_安全因果候选负向证据状态(), 条目.负向证据状态, now);"
"present"	"特征_安全因果候选置信度"	"特征_安全因果候选置信度"	"自我动作实现.外设模块.ixx:6335"	"1"	"inline const 语素入口节点类* 特征_安全因果候选置信度() noexcept"	"按函数名执行对应处理。"	""	"ClCompile"	"自我动作实现.外设模块.ixx:13805:            (void)写入基础节点I64(节点, 特征_安全因果候选置信度(), 条目.候选置信度, now);"
"present"	"类型_安全评估存在结果"	"类型_安全评估存在结果"	"自我动作实现.外设模块.ixx:6797"	"1"	"inline const 语素入口节点类* 类型_安全评估存在结果() noexcept"	"评估状态、风险、质量、权重或完成度。"	""	"ClCompile"	"自我动作实现.外设模块.ixx:19054:                    类型_安全评估存在结果(),"
"present"	"类型_外设观察像素簇验证结果"	"类型_外设观察像素簇验证结果"	"自我动作实现.外设模块.ixx:6804"	"1"	"inline const 语素入口节点类* 类型_外设观察像素簇验证结果() noexcept"	"按函数名执行对应处理。"	""	"ClCompile"	"自我动作实现.外设模块.ixx:22417:                    类型_外设观察像素簇验证结果(),"
"present"	"特征_服务前状态场景"	"特征_服务前状态场景"	"自我动作实现.外设模块.ixx:6818"	"1"	"inline const 语素入口节点类* 特征_服务前状态场景() noexcept"	"按函数名执行对应处理。"	""	"ClCompile"	"自我动作实现模块.ixx:2261:    inline const 语素入口节点类* 特征_服务前状态场景() noexcept"
"present"	"特征_资源压力降低状态"	"特征_资源压力降低状态"	"自我动作实现.外设模块.ixx:6832"	"1"	"inline const 语素入口节点类* 特征_资源压力降低状态() noexcept"	"按函数名执行对应处理。"	""	"ClCompile"	"自我动作实现模块.ixx:2275:    inline const 语素入口节点类* 特征_资源压力降低状态() noexcept"
"present"	"特征_风险传播阻断状态"	"特征_风险传播阻断状态"	"自我动作实现.外设模块.ixx:6839"	"1"	"inline const 语素入口节点类* 特征_风险传播阻断状态() noexcept"	"按函数名执行对应处理。"	""	"ClCompile"	"自我动作实现模块.ixx:2282:    inline const 语素入口节点类* 特征_风险传播阻断状态() noexcept"
"present"	"特征_条件特征"	"特征_条件特征"	"自我动作实现.外设模块.ixx:684"	"1"	"inline const 语素入口节点类* 特征_条件特征() noexcept"	"按函数名执行对应处理。"	""	"ClCompile"	"自我动作实现模块.ixx:103:    inline const 语素入口节点类* 特征_条件特征() noexcept"
"present"	"特征_非必要任务暂停状态"	"特征_非必要任务暂停状态"	"自我动作实现.外设模块.ixx:6846"	"1"	"inline const 语素入口节点类* 特征_非必要任务暂停状态() noexcept"	"按函数名执行对应处理。"	""	"ClCompile"	"自我动作实现模块.ixx:2289:    inline const 语素入口节点类* 特征_非必要任务暂停状态() noexcept"
"present"	"值_目标实例特征缺失"	"值_目标实例特征缺失"	"自我动作实现.外设模块.ixx:6853"	"1"	"inline const 语素入口节点类* 值_目标实例特征缺失() noexcept"	"按函数名执行对应处理。"	""	"ClCompile"	"自我动作实现模块.ixx:2296:    inline const 语素入口节点类* 值_目标实例特征缺失() noexcept"
"present"	"值_执行前值缺失"	"值_执行前值缺失"	"自我动作实现.外设模块.ixx:6860"	"1"	"inline const 语素入口节点类* 值_执行前值缺失() noexcept"	"执行任务、方法或动作的主体逻辑。"	""	"ClCompile"	"自我动作实现模块.ixx:2303:    inline const 语素入口节点类* 值_执行前值缺失() noexcept"
"present"	"值_输入快照过期"	"值_输入快照过期"	"自我动作实现.外设模块.ixx:6867"	"1"	"inline const 语素入口节点类* 值_输入快照过期() noexcept"	"按函数名执行对应处理。"	""	"ClCompile"	"自我动作实现模块.ixx:2310:    inline const 语素入口节点类* 值_输入快照过期() noexcept"
"present"	"值_I64溢出"	"值_I64溢出"	"自我动作实现.外设模块.ixx:6874"	"1"	"inline const 语素入口节点类* 值_I64溢出() noexcept"	"按函数名执行对应处理。"	""	"ClCompile"	"自我动作实现模块.ixx:2317:    inline const 语素入口节点类* 值_I64溢出() noexcept"
"present"	"值_差值计算溢出"	"值_差值计算溢出"	"自我动作实现.外设模块.ixx:6881"	"1"	"inline const 语素入口节点类* 值_差值计算溢出() noexcept"	"计算权重、状态、差值或派生结果。"	""	"ClCompile"	"自我动作实现模块.ixx:2324:    inline const 语素入口节点类* 值_差值计算溢出() noexcept"
"present"	"值_缺少执行差值或目标值"	"值_缺少执行差值或目标值"	"自我动作实现.外设模块.ixx:6888"	"1"	"inline const 语素入口节点类* 值_缺少执行差值或目标值() noexcept"	"执行任务、方法或动作的主体逻辑。"	""	"ClCompile"	"自我动作实现模块.ixx:2331:    inline const 语素入口节点类* 值_缺少执行差值或目标值() noexcept"
"present"	"值_执行差值与目标值冲突"	"值_执行差值与目标值冲突"	"自我动作实现.外设模块.ixx:6895"	"1"	"inline const 语素入口节点类* 值_执行差值与目标值冲突() noexcept"	"执行任务、方法或动作的主体逻辑。"	""	"ClCompile"	"自我动作实现模块.ixx:2338:    inline const 语素入口节点类* 值_执行差值与目标值冲突() noexcept"
"present"	"值_实际差值未命中约束"	"值_实际差值未命中约束"	"自我动作实现.外设模块.ixx:6902"	"1"	"inline const 语素入口节点类* 值_实际差值未命中约束() noexcept"	"按函数名执行对应处理。"	""	"ClCompile"	"自我动作实现模块.ixx:2345:    inline const 语素入口节点类* 值_实际差值未命中约束() noexcept"
"present"	"值_目标特征写入失败"	"值_目标特征写入失败"	"自我动作实现.外设模块.ixx:6909"	"1"	"inline const 语素入口节点类* 值_目标特征写入失败() noexcept"	"把处理结果写入指定对象、场景或日志。"	""	"ClCompile"	"自我动作实现模块.ixx:2352:    inline const 语素入口节点类* 值_目标特征写入失败() noexcept"
"present"	"值_差值约束包缺失"	"值_差值约束包缺失"	"自我动作实现.外设模块.ixx:6916"	"1"	"inline const 语素入口节点类* 值_差值约束包缺失() noexcept"	"按函数名执行对应处理。"	""	"ClCompile"	"自我动作实现模块.ixx:2359:    inline const 语素入口节点类* 值_差值约束包缺失() noexcept"
"present"	"值_方法配对结果缺失"	"值_方法配对结果缺失"	"自我动作实现.外设模块.ixx:6923"	"1"	"inline const 语素入口节点类* 值_方法配对结果缺失() noexcept"	"按函数名执行对应处理。"	""	"ClCompile"	"自我动作实现模块.ixx:2366:    inline const 语素入口节点类* 值_方法配对结果缺失() noexcept"
"present"	"值_因果证据不足"	"值_因果证据不足"	"自我动作实现.外设模块.ixx:7014"	"1"	"inline const 语素入口节点类* 值_因果证据不足() noexcept"	"按函数名执行对应处理。"	""	"ClCompile"	"自我动作实现模块.ixx:2464:    inline const 语素入口节点类* 值_因果证据不足() noexcept"
"present"	"值_需求满足"	"值_需求满足"	"自我动作实现.外设模块.ixx:7077"	"1"	"inline const 语素入口节点类* 值_需求满足() noexcept"	"按函数名执行对应处理。"	""	"ClCompile"	"自我动作实现模块.ixx:2527:    inline const 语素入口节点类* 值_需求满足() noexcept"
"present"	"值_需求未满足"	"值_需求未满足"	"自我动作实现.外设模块.ixx:7084"	"1"	"inline const 语素入口节点类* 值_需求未满足() noexcept"	"按函数名执行对应处理。"	""	"ClCompile"	"自我动作实现模块.ixx:2534:    inline const 语素入口节点类* 值_需求未满足() noexcept"
"present"	"值_目标抽象特征无效"	"值_目标抽象特征无效"	"自我动作实现.外设模块.ixx:7091"	"1"	"inline const 语素入口节点类* 值_目标抽象特征无效() noexcept"	"按函数名执行对应处理。"	""	"ClCompile"	"自我动作实现模块.ixx:2541:    inline const 语素入口节点类* 值_目标抽象特征无效() noexcept"
"present"	"值_实例特征未命中抽象特征"	"值_实例特征未命中抽象特征"	"自我动作实现.外设模块.ixx:7098"	"1"	"inline const 语素入口节点类* 值_实例特征未命中抽象特征() noexcept"	"按函数名执行对应处理。"	""	"ClCompile"	"自我动作实现模块.ixx:2548:    inline const 语素入口节点类* 值_实例特征未命中抽象特征() noexcept"
"present"	"值_目标值类型不是I64"	"值_目标值类型不是I64"	"自我动作实现.外设模块.ixx:7105"	"1"	"inline const 语素入口节点类* 值_目标值类型不是I64() noexcept"	"按函数名执行对应处理。"	""	"ClCompile"	"自我动作实现模块.ixx:2555:    inline const 语素入口节点类* 值_目标值类型不是I64() noexcept"
"present"	"类型_需求_实例化特征"	"类型_需求_实例化特征"	"自我动作实现.外设模块.ixx:7112"	"1"	"inline const 语素入口节点类* 类型_需求_实例化特征() noexcept"	"按函数名执行对应处理。"	""	"ClCompile"	"自我动作实现模块.ixx:2562:    inline const 语素入口节点类* 类型_需求_实例化特征() noexcept"
"present"	"类型_需求_确定特征当前值"	"类型_需求_确定特征当前值"	"自我动作实现.外设模块.ixx:7119"	"1"	"inline const 语素入口节点类* 类型_需求_确定特征当前值() noexcept"	"按函数名执行对应处理。"	""	"ClCompile"	"自我动作实现模块.ixx:2569:    inline const 语素入口节点类* 类型_需求_确定特征当前值() noexcept"
"present"	"类型_需求_确定执行差值或目标值"	"类型_需求_确定执行差值或目标值"	"自我动作实现.外设模块.ixx:7126"	"1"	"inline const 语素入口节点类* 类型_需求_确定执行差值或目标值() noexcept"	"执行任务、方法或动作的主体逻辑。"	""	"ClCompile"	"自我动作实现模块.ixx:2576:    inline const 语素入口节点类* 类型_需求_确定执行差值或目标值() noexcept"
"present"	"类型_需求_重新配对参数或调整目标值"	"类型_需求_重新配对参数或调整目标值"	"自我动作实现.外设模块.ixx:7133"	"1"	"inline const 语素入口节点类* 类型_需求_重新配对参数或调整目标值() noexcept"	"按函数名执行对应处理。"	""	"ClCompile"	"自我动作实现模块.ixx:2583:    inline const 语素入口节点类* 类型_需求_重新配对参数或调整目标值() noexcept"
"present"	"类型_需求_修复实例特征写入能力"	"类型_需求_修复实例特征写入能力"	"自我动作实现.外设模块.ixx:7140"	"1"	"inline const 语素入口节点类* 类型_需求_修复实例特征写入能力() noexcept"	"把处理结果写入指定对象、场景或日志。"	""	"ClCompile"	"自我动作实现模块.ixx:2590:    inline const 语素入口节点类* 类型_需求_修复实例特征写入能力() noexcept"
"present"	"特征_效果表"	"特征_效果表"	"自我动作实现.外设模块.ixx:726"	"1"	"inline const 语素入口节点类* 特征_效果表() noexcept"	"按函数名执行对应处理。"	""	"ClCompile"	"自我动作实现模块.ixx:145:    inline const 语素入口节点类* 特征_效果表() noexcept"
"present"	"编码UTF8字符串为VecIU64"	"编码UTF8字符串为VecIU64"	"自我动作实现.外设模块.ixx:7281"	"1"	"inline VecIU64 编码UTF8字符串为VecIU64(const std::string& 文本)"	"按函数名执行对应处理。"	""	"ClCompile"	"自我动作实现.外设模块.ixx:7305:            编码UTF8字符串为VecIU64(句柄),"
"present"	"写入观察簇VecI64轮廓"	"写入观察簇VecI64轮廓"	"自我动作实现.外设模块.ixx:7383"	"1"	"inline bool 写入观察簇VecI64轮廓( 基础信息节点类* 宿主, const 结构_外设观察像素簇摘要& 簇, 时间戳 now)"	"把处理结果写入指定对象、场景或日志。"	""	"ClCompile"	"自我动作实现.外设模块.ixx:22435:                        if (写入观察簇VecI64轮廓(节点, 簇, now)) {"
"present"	"写入观察簇到存在节点允许轮廓"	"写入观察簇到存在节点允许轮廓"	"自我动作实现.外设模块.ixx:7433"	"1"	"inline bool 写入观察簇到存在节点允许轮廓( 基础信息节点类* 宿主, const 结构_外设观察像素簇摘要& 簇, 时间戳 now)"	"把处理结果写入指定对象、场景或日志。"	""	"ClCompile"	"自我动作实现.外设模块.ixx:13042:            (void)写入观察簇到存在节点允许轮廓(节点, *簇, now);"
"present"	"汇总轮廓比较评分"	"汇总轮廓比较评分"	"自我动作实现.外设模块.ixx:7536"	"1"	"inline void 汇总轮廓比较评分( 结构_存在轮廓比较接入结果& 汇总, const 语素入口节点类* 特征类型, const 结构_轮廓比较结果& 比较结果) noexcept"	"比较当前值、目标值或历史基准。"	""	"ClCompile"	"自我动作实现.外设模块.ixx:7582:                汇总轮廓比较评分(汇总, 特征类型, 比较结果);"
"present"	"特征_被需求当前状态"	"特征_被需求当前状态"	"自我动作实现.外设模块.ixx:761"	"1"	"inline const 语素入口节点类* 特征_被需求当前状态() noexcept"	"按函数名执行对应处理。"	""	"ClCompile"	"自我动作实现模块.ixx:257:    inline const 语素入口节点类* 特征_被需求当前状态() noexcept"
"present"	"比较观察簇轮廓与已知存在特征"	"比较观察簇轮廓与已知存在特征"	"自我动作实现.外设模块.ixx:7614"	"1"	"inline std::optional<结构_轮廓比较结果> 比较观察簇轮廓与已知存在特征( const 结构_外设观察像素簇摘要& 簇, 存在节点类* 已知存在, const 语素入口节点类* 特征类型) noexcept"	"比较当前值、目标值或历史基准。"	""	"ClCompile"	"自我动作实现.外设模块.ixx:7656:            const auto 比较结果 = 比较观察簇轮廓与已知存在特征(簇, 已知存在, 特征类型);"
"present"	"特征_需求有效截止"	"特征_需求有效截止"	"自我动作实现.外设模块.ixx:768"	"1"	"inline const 语素入口节点类* 特征_需求有效截止() noexcept"	"按函数名执行对应处理。"	""	"ClCompile"	"自我动作实现模块.ixx:264:    inline const 语素入口节点类* 特征_需求有效截止() noexcept"
"present"	"读取基础节点特征值"	"读取基础节点特征值"	"自我动作实现.外设模块.ixx:7700"	"1"	"inline bool 读取基础节点特征值( 基础信息节点类* 宿主, const 语素入口节点类* 特征类型, 特征值& 输出值) noexcept"	"从指定来源读取数据或状态。"	""	"ClCompile"	"自我动作实现模块.ixx:2717:    inline bool 读取基础节点特征值("
"present"	"特征_累计安全结算"	"特征_累计安全结算"	"自我动作实现.外设模块.ixx:775"	"1"	"inline const 语素入口节点类* 特征_累计安全结算() noexcept"	"结算任务、需求、价值或结果贡献。"	""	"ClCompile"	"自我动作实现模块.ixx:271:    inline const 语素入口节点类* 特征_累计安全结算() noexcept"
"present"	"镜像执行输出派生需求标记"	"镜像执行输出派生需求标记"	"自我动作实现.外设模块.ixx:7755"	"1"	"inline void 镜像执行输出派生需求标记( 基础信息节点类* 来源宿主, 基础信息节点类* 目标宿主, 时间戳 now, const char* 调用方) noexcept"	"执行任务、方法或动作的主体逻辑。"	""	"ClCompile"	"自我动作实现.外设模块.ixx:23666:            镜像执行输出派生需求标记("
"present"	"特征_累计服务结算"	"特征_累计服务结算"	"自我动作实现.外设模块.ixx:782"	"1"	"inline const 语素入口节点类* 特征_累计服务结算() noexcept"	"结算任务、需求、价值或结果贡献。"	""	"ClCompile"	"自我动作实现模块.ixx:278:    inline const 语素入口节点类* 特征_累计服务结算() noexcept"
"present"	"特征_最近结算时间"	"特征_最近结算时间"	"自我动作实现.外设模块.ixx:789"	"1"	"inline const 语素入口节点类* 特征_最近结算时间() noexcept"	"结算任务、需求、价值或结果贡献。"	""	"ClCompile"	"自我动作实现模块.ixx:285:    inline const 语素入口节点类* 特征_最近结算时间() noexcept"
"present"	"写入目标方法状态派生需求"	"写入目标方法状态派生需求"	"自我动作实现.外设模块.ixx:8043"	"1"	"inline void 写入目标方法状态派生需求( 方法类::节点类* 当前本能方法, 方法类::节点类* 目标方法, I64 当前状态值, I64 目标状态值, 场景节点类*& 输出结果场景, 时间戳 now) noexcept"	"把处理结果写入指定对象、场景或日志。"	""	"ClCompile"	"自我动作实现模块.ixx:2969:    inline void 写入目标方法状态派生需求("
"present"	"抽象条件集合根"	"抽象条件集合根"	"自我动作实现.外设模块.ixx:8294"	"1"	"inline 特征节点类* 抽象条件集合根( 方法类::节点类* 方法首节点, 时间戳 now) noexcept"	"按函数名执行对应处理。"	""	"ClCompile"	"自我动作实现模块.ixx:3126:    inline 特征节点类* 抽象条件集合根("
"present"	"增加场景I64特征"	"增加场景I64特征"	"自我动作实现.外设模块.ixx:8552"	"1"	"inline bool 增加场景I64特征( 场景节点类* 场景, const 语素入口节点类* 特征类型, I64 增量, 时间戳 now) noexcept"	"按函数名执行对应处理。"	""	"ClCompile"	"自我动作实现模块.ixx:3827:    inline bool 增加场景I64特征("
"present"	"写入参数绑定失败"	"写入参数绑定失败"	"自我动作实现.外设模块.ixx:8570"	"1"	"inline void 写入参数绑定失败( 存在节点类* 运行存在, 场景节点类* 输出结果场景, 时间戳 now) noexcept"	"把处理结果写入指定对象、场景或日志。"	""	"ClCompile"	"自我动作实现模块.ixx:3845:    inline void 写入参数绑定失败("
"present"	"声明运行参数"	"声明运行参数"	"自我动作实现.外设模块.ixx:8598"	"1"	"inline bool 声明运行参数( 方法类::节点类* 方法首节点, const 语素入口节点类* 参数类型, 时间戳 now) noexcept"	"执行对应模块、线程或方法的运行逻辑。"	""	"ClCompile"	"自我动作实现模块.ixx:3872:    inline bool 声明运行参数("
"present"	"运行参数已从输入场景匹配"	"运行参数已从输入场景匹配"	"自我动作实现.外设模块.ixx:8612"	"1"	"inline bool 运行参数已从输入场景匹配( 方法类::节点类* 方法首节点, 场景节点类* 输入参数场景, 时间戳 now) noexcept"	"执行对应模块、线程或方法的运行逻辑。"	""	"ClCompile"	"自我动作实现模块.ixx:3886:    inline bool 运行参数已从输入场景匹配("
"present"	"描述无条件本能"	"描述无条件本能"	"自我动作实现.外设模块.ixx:8639"	"1"	"inline bool 描述无条件本能( 方法类::节点类* 方法首节点, 时间戳 now) noexcept"	"按函数名执行对应处理。"	""	"ClCompile"	"自我动作实现模块.ixx:3913:    inline bool 描述无条件本能("
"present"	"方法首节点已有条件节点"	"方法首节点已有条件节点"	"自我动作实现.外设模块.ixx:8680"	"1"	"inline bool 方法首节点已有条件节点(方法类::节点类* 方法首节点) noexcept"	"按函数名执行对应处理。"	""	"ClCompile"	"自我动作实现.外设模块.ixx:8705:            && 方法首节点已有条件节点(方法首节点);"
"present"	"D455缺报告方法头可跳过补齐"	"D455缺报告方法头可跳过补齐"	"自我动作实现.外设模块.ixx:8697"	"1"	"inline bool D455缺报告方法头可跳过补齐( 方法类::节点类* 方法首节点, 枚举_本能方法ID 本能ID) noexcept"	"补齐条件、参数、证据或方法能力缺口。"	""	"ClCompile"	"自我动作实现.外设模块.ixx:8849:                || D455缺报告方法头可跳过补齐(方法首节点, 本能ID);"
"present"	"特征_任务层执行回执"	"特征_任务层执行回执"	"自我动作实现.外设模块.ixx:922"	"1"	"inline const 语素入口节点类* 特征_任务层执行回执() noexcept"	"执行任务、方法或动作的主体逻辑。"	""	"ClCompile"	"自我动作实现模块.ixx:424:    inline const 语素入口节点类* 特征_任务层执行回执() noexcept"
"present"	"补全当前观察新鲜度状态"	"补全当前观察新鲜度状态"	"自我动作实现.外设模块.ixx:9482"	"1"	"inline void 补全当前观察新鲜度状态( 结构_双目相机调用结果& 结果, 时间戳 判定时间) noexcept"	"按函数名执行对应处理。"	""	"ClCompile"	"自我动作实现.外设模块.ixx:9614:        补全当前观察新鲜度状态(结果, 判定时间);"
"present"	"选择基础观察事实首个缺口特征"	"选择基础观察事实首个缺口特征"	"自我动作实现.外设模块.ixx:9658"	"1"	"inline const 语素入口节点类* 选择基础观察事实首个缺口特征( const 结构_双目相机调用结果& 结果, I64& 当前状态值, I64& 目标状态值) noexcept"	"从候选集中选择当前使用对象或方法。"	""	"ClCompile"	"自我动作实现.外设模块.ixx:18653:            const auto* 派生特征 = 选择基础观察事实首个缺口特征("
"present"	"外设观察存在最高同一性评分"	"外设观察存在最高同一性评分"	"自我动作实现.外设模块.ixx:9978"	"1"	"inline I64 外设观察存在最高同一性评分( const 结构_外设观察存在确认方案& 方案) noexcept"	"按函数名执行对应处理。"	""	"ClCompile"	"自我动作实现.外设模块.ixx:21529:        const I64 同一性评分 = 外设观察存在最高同一性评分(方案);"
"present"	"外设观察存在聚合同一性状态"	"外设观察存在聚合同一性状态"	"自我动作实现.外设模块.ixx:9989"	"1"	"inline I64 外设观察存在聚合同一性状态( const 结构_外设观察存在确认方案& 方案) noexcept"	"按函数名执行对应处理。"	""	"ClCompile"	"自我动作实现.外设模块.ixx:21527:        const I64 同一性状态 = 外设观察存在聚合同一性状态(方案);"
"present"	"特征_方法运行结果"	"特征_方法运行结果"	"自我动作实现.外设模块.ixx:999"	"1"	"inline const 语素入口节点类* 特征_方法运行结果() noexcept"	"执行对应模块、线程或方法的运行逻辑。"	""	"ClCompile"	"自我动作实现模块.ixx:508:    inline const 语素入口节点类* 特征_方法运行结果() noexcept"
"present"	"值_执行缺口_输出结果缺失"	"值_执行缺口_输出结果缺失"	"自我动作实现模块.ixx:1003"	"1"	"inline const 语素入口节点类* 值_执行缺口_输出结果缺失() noexcept"	"执行任务、方法或动作的主体逻辑。"	""	"ClCompile"	"自我动作实现.外设模块.ixx:1487:    inline const 语素入口节点类* 值_执行缺口_输出结果缺失() noexcept"
"present"	"值_执行缺口_需求未满足"	"值_执行缺口_需求未满足"	"自我动作实现模块.ixx:1010"	"1"	"inline const 语素入口节点类* 值_执行缺口_需求未满足() noexcept"	"执行任务、方法或动作的主体逻辑。"	""	"ClCompile"	"自我动作实现.外设模块.ixx:1494:    inline const 语素入口节点类* 值_执行缺口_需求未满足() noexcept"
"present"	"值_派生需求_重新筹办任务"	"值_派生需求_重新筹办任务"	"自我动作实现模块.ixx:1017"	"1"	"inline const 语素入口节点类* 值_派生需求_重新筹办任务() noexcept"	"推进任务筹办，形成候选、缺口或就绪回执。"	""	"ClCompile"	"自我动作实现.外设模块.ixx:1501:    inline const 语素入口节点类* 值_派生需求_重新筹办任务() noexcept"
"present"	"值_派生需求_检查当前方法执行入口"	"值_派生需求_检查当前方法执行入口"	"自我动作实现模块.ixx:1024"	"1"	"inline const 语素入口节点类* 值_派生需求_检查当前方法执行入口() noexcept"	"检查状态、条件、缺口或运行约束。"	""	"ClCompile"	"自我动作实现.外设模块.ixx:1508:    inline const 语素入口节点类* 值_派生需求_检查当前方法执行入口() noexcept"
"present"	"任务状态动作动态失败原因文本"	"任务状态动作动态失败原因文本"	"自我动作实现模块.ixx:10251"	"1"	"inline const char* 任务状态动作动态失败原因文本( 枚举_任务状态动作动态失败原因 原因) noexcept"	"按函数名执行对应处理。"	""	"ClCompile"	"自我动作实现模块.ixx:10326:            << "" | 原因="" << 任务状态动作动态失败原因文本(原因)"
"present"	"任务状态动作动态失败原因词"	"任务状态动作动态失败原因词"	"自我动作实现模块.ixx:10277"	"1"	"inline const 语素入口节点类* 任务状态动作动态失败原因词( 枚举_任务状态动作动态失败原因 原因) noexcept"	"按函数名执行对应处理。"	""	"ClCompile"	"自我动作实现模块.ixx:10762:            结果.失败原因 = 任务状态动作动态失败原因词(原因);"
"present"	"特征_条件特征"	"特征_条件特征"	"自我动作实现模块.ixx:103"	"1"	"inline const 语素入口节点类* 特征_条件特征() noexcept"	"按函数名执行对应处理。"	""	"ClCompile"	"自我动作实现.外设模块.ixx:684:    inline const 语素入口节点类* 特征_条件特征() noexcept"
"present"	"值_方法运行结果_筹办成功"	"值_方法运行结果_筹办成功"	"自我动作实现模块.ixx:1031"	"1"	"inline const 语素入口节点类* 值_方法运行结果_筹办成功() noexcept"	"执行对应模块、线程或方法的运行逻辑。"	""	"ClCompile"	"自我动作实现.外设模块.ixx:1515:    inline const 语素入口节点类* 值_方法运行结果_筹办成功() noexcept"
"present"	"记录并提示任务状态动作动态逻辑错误"	"记录并提示任务状态动作动态逻辑错误"	"自我动作实现模块.ixx:10317"	"1"	"inline void 记录并提示任务状态动作动态逻辑错误( 枚举_任务状态动作动态失败原因 原因, const 方法类::节点类* 提交方法首节点, const 任务类::节点类* 任务, 场景节点类* 场景, 时间戳 now) noexcept"	"记录日志、动态、证据或运行痕迹。"	""	"ClCompile"	"自我动作实现模块.ixx:10763:            记录并提示任务状态动作动态逻辑错误("
"present"	"输出任务状态提交动作动态"	"输出任务状态提交动作动态"	"自我动作实现模块.ixx:10347"	"1"	"inline 结构_任务状态动作动态输出结果 输出任务状态提交动作动态( 方法类::节点类* 提交方法首节点, 任务类::节点类* 任务, 存在节点类* 已知任务存在, 枚举_任务状态 旧状态, 枚举_任务状态 新状态, 枚举_任务阶段 旧阶段, 枚举_任务阶段 新阶段, 场景节点类* 输入参数场景, 场景节点类* 输出结果场景, 时间戳 now) noexcept"	"提交事实、动态、任务状态或运行回执。"	""	"ClCompile"	"自我动作实现模块.ixx:10949:        auto 动态结果 = 输出任务状态提交动作动态("
"present"	"值_方法运行结果_筹办未完成"	"值_方法运行结果_筹办未完成"	"自我动作实现模块.ixx:1038"	"1"	"inline const 语素入口节点类* 值_方法运行结果_筹办未完成() noexcept"	"执行对应模块、线程或方法的运行逻辑。"	""	"ClCompile"	"自我动作实现.外设模块.ixx:1522:    inline const 语素入口节点类* 值_方法运行结果_筹办未完成() noexcept"
"present"	"值_方法运行结果_筹办失败"	"值_方法运行结果_筹办失败"	"自我动作实现模块.ixx:1045"	"1"	"inline const 语素入口节点类* 值_方法运行结果_筹办失败() noexcept"	"执行对应模块、线程或方法的运行逻辑。"	""	"ClCompile"	"自我动作实现.外设模块.ixx:1529:    inline const 语素入口节点类* 值_方法运行结果_筹办失败() noexcept"
"present"	"任务结果达到目标_提交前检查"	"任务结果达到目标_提交前检查"	"自我动作实现模块.ixx:10525"	"1"	"inline bool 任务结果达到目标_提交前检查( const 任务类::节点类* 任务, 时间戳 now) noexcept"	"提交事实、动态、任务状态或运行回执。"	""	"ClCompile"	"自我动作实现模块.ixx:10926:            完成目标通过 = 任务结果达到目标_提交前检查(任务, now);"
"present"	"任务提交前一结果状态"	"任务提交前一结果状态"	"自我动作实现模块.ixx:10580"	"1"	"inline 状态节点类* 任务提交前一结果状态( const 任务类::节点类* 任务) noexcept"	"提交事实、动态、任务状态或运行回执。"	""	"ClCompile"	"自我动作实现模块.ixx:10621:            任务提交前一结果状态(任务),"
"present"	"回执宿主已有推进特征_提交路径"	"回执宿主已有推进特征_提交路径"	"自我动作实现模块.ixx:10589"	"1"	"inline bool 回执宿主已有推进特征_提交路径( 基础信息节点类* 回执宿主) noexcept"	"提交事实、动态、任务状态或运行回执。"	""	"ClCompile"	"自我动作实现模块.ixx:10915:            && !回执宿主已有推进特征_提交路径("
"present"	"同步任务推进特征_提交路径"	"同步任务推进特征_提交路径"	"自我动作实现模块.ixx:10601"	"1"	"inline void 同步任务推进特征_提交路径( 任务类::节点类* 任务, 时间戳 now) noexcept"	"同步线程、任务、场景或对象之间的状态。"	""	"ClCompile"	"自我动作实现模块.ixx:10917:            同步任务推进特征_提交路径(任务, now);"
"present"	"确认任务状态被动提交来源规格"	"确认任务状态被动提交来源规格"	"自我动作实现模块.ixx:10663"	"1"	"inline const 语素入口节点类* 确认任务状态被动提交来源规格( 方法类::节点类* 方法首节点, 时间戳 now) noexcept"	"提交事实、动态、任务状态或运行回执。"	""	"ClCompile"	"自我动作实现模块.ixx:10894:        const auto* 规格失败 = 确认任务状态被动提交来源规格(方法首节点, now);"
"present"	"任务状态被动提交内部阶段采样序号"	"任务状态被动提交内部阶段采样序号"	"自我动作实现模块.ixx:10711"	"1"	"inline std::uint64_t 任务状态被动提交内部阶段采样序号( std::uint64_t 总耗时微秒) noexcept"	"提交事实、动态、任务状态或运行回执。"	""	"ClCompile"	"自我动作实现模块.ixx:10796:            const auto 采样序号 = 任务状态被动提交内部阶段采样序号(总耗时微秒);"
"present"	"特征_执行前值"	"特征_执行前值"	"自我动作实现模块.ixx:1108"	"1"	"inline const 语素入口节点类* 特征_执行前值() noexcept"	"执行任务、方法或动作的主体逻辑。"	""	"ClCompile"	"自我动作实现.外设模块.ixx:1592:    inline const 语素入口节点类* 特征_执行前值() noexcept"
"present"	"特征_执行后值"	"特征_执行后值"	"自我动作实现模块.ixx:1115"	"1"	"inline const 语素入口节点类* 特征_执行后值() noexcept"	"执行任务、方法或动作的主体逻辑。"	""	"ClCompile"	"自我动作实现.外设模块.ixx:1599:    inline const 语素入口节点类* 特征_执行后值() noexcept"
"present"	"特征_改变量"	"特征_改变量"	"自我动作实现模块.ixx:1149"	"1"	"inline const 语素入口节点类* 特征_改变量() noexcept"	"按函数名执行对应处理。"	""	"ClCompile"	"自我动作实现.外设模块.ixx:1633:    inline const 语素入口节点类* 特征_改变量() noexcept"
"present"	"特征_服务值"	"特征_服务值"	"自我动作实现模块.ixx:1156"	"1"	"inline const 语素入口节点类* 特征_服务值() noexcept"	"按函数名执行对应处理。"	""	"ClCompile"	"自我动作实现.外设模块.ixx:1640:    inline const 语素入口节点类* 特征_服务值() noexcept"
"present"	"特征_待处理方法数量"	"特征_待处理方法数量"	"自我动作实现模块.ixx:1162"	"1"	"inline const 语素入口节点类* 特征_待处理方法数量() noexcept"	"按函数名执行对应处理。"	""	"ClCompile"	"自我动作实现.外设模块.ixx:1646:    inline const 语素入口节点类* 特征_待处理方法数量() noexcept"
"present"	"特征_可用方法数量"	"特征_可用方法数量"	"自我动作实现模块.ixx:1169"	"1"	"inline const 语素入口节点类* 特征_可用方法数量() noexcept"	"按函数名执行对应处理。"	""	"ClCompile"	"自我动作实现.外设模块.ixx:1653:    inline const 语素入口节点类* 特征_可用方法数量() noexcept"
"present"	"特征_查找限制包"	"特征_查找限制包"	"自我动作实现模块.ixx:1183"	"1"	"inline const 语素入口节点类* 特征_查找限制包() noexcept"	"按条件查找目标对象、方法或事实。"	""	"ClCompile"	"自我动作实现.外设模块.ixx:1667:    inline const 语素入口节点类* 特征_查找限制包() noexcept"
"present"	"特征_方法搜索根"	"特征_方法搜索根"	"自我动作实现模块.ixx:1197"	"1"	"inline const 语素入口节点类* 特征_方法搜索根() noexcept"	"在候选范围内搜索目标对象或路径。"	""	"ClCompile"	"自我动作实现.外设模块.ixx:1681:    inline const 语素入口节点类* 特征_方法搜索根() noexcept"
"present"	"需求路径属于OR组_动作模块"	"需求路径属于OR组_动作模块"	"自我动作实现模块.ixx:12217"	"1"	"inline bool 需求路径属于OR组_动作模块( const 需求类::节点类* OR组, const 需求类::节点类* 路径) noexcept"	"按函数名执行对应处理。"	""	"ClCompile"	"自我动作实现模块.ixx:12716:            && 需求路径属于OR组_动作模块(OR组, 领取路径);"
"present"	"OR组令牌记录键_动作模块"	"OR组令牌记录键_动作模块"	"自我动作实现模块.ixx:12235"	"1"	"inline I64 OR组令牌记录键_动作模块(const 需求类::节点类* OR组) noexcept"	"记录日志、动态、证据或运行痕迹。"	""	"ClCompile"	"自我动作实现模块.ixx:12268:            OR组令牌记录键_动作模块(OR组));"
"present"	"取或创建OR组令牌记录_动作模块"	"取或创建OR组令牌记录_动作模块"	"自我动作实现模块.ixx:12252"	"1"	"inline 存在节点类* 取或创建OR组令牌记录_动作模块( 需求类::节点类* OR组, 时间戳 now) noexcept"	"创建并返回或登记对应对象。"	""	"ClCompile"	"自我动作实现模块.ixx:12709:        auto* 令牌记录 = 取或创建OR组令牌记录_动作模块(OR组, now);"
"present"	"输出OR组令牌动作动态"	"输出OR组令牌动作动态"	"自我动作实现模块.ixx:12277"	"1"	"inline 动态节点类* 输出OR组令牌动作动态( 方法类::节点类* 提交方法首节点, 存在节点类* 令牌记录, 需求类::节点类* OR组, 需求类::节点类* 领取路径, 动态节点类* 来源动作动态, 场景节点类* 输入参数场景, 场景节点类* 输出结果场景, 时间戳 now) noexcept"	"按函数名执行对应处理。"	""	"ClCompile"	"自我动作实现模块.ixx:12741:            令牌动态 = 输出OR组令牌动作动态("
"present"	"输出叶子任务价值结算动作动态"	"输出叶子任务价值结算动作动态"	"自我动作实现模块.ixx:12329"	"1"	"inline 动态节点类* 输出叶子任务价值结算动作动态( 方法类::节点类* 结算方法首节点, 自我类& 自我对象, const 语素入口节点类* 特征类型, I64 旧值, I64 新值, 动态节点类* 来源动作动态, 动态节点类* 满足证据动态, 场景节点类* 输入参数场景, 场景节点类* 输出结果场景, 时间戳 now) noexcept"	"结算任务、需求、价值或结果贡献。"	""	"ClCompile"	"自我动作实现模块.ixx:12537:                    安全动态 = 输出叶子任务价值结算动作动态("
"present"	"特征_最高允许目标特征类型"	"特征_最高允许目标特征类型"	"自我动作实现模块.ixx:1267"	"1"	"inline const 语素入口节点类* 特征_最高允许目标特征类型() noexcept"	"按函数名执行对应处理。"	""	"ClCompile"	"自我动作实现.外设模块.ixx:1751:    inline const 语素入口节点类* 特征_最高允许目标特征类型() noexcept"
"present"	"特征_最高允许宿主类型"	"特征_最高允许宿主类型"	"自我动作实现模块.ixx:1274"	"1"	"inline const 语素入口节点类* 特征_最高允许宿主类型() noexcept"	"按函数名执行对应处理。"	""	"ClCompile"	"自我动作实现.外设模块.ixx:1758:    inline const 语素入口节点类* 特征_最高允许宿主类型() noexcept"
"present"	"特征_允许值类型"	"特征_允许值类型"	"自我动作实现模块.ixx:1281"	"1"	"inline const 语素入口节点类* 特征_允许值类型() noexcept"	"按函数名执行对应处理。"	""	"ClCompile"	"自我动作实现.外设模块.ixx:1765:    inline const 语素入口节点类* 特征_允许值类型() noexcept"
"present"	"特征_最大类型抽象层数"	"特征_最大类型抽象层数"	"自我动作实现模块.ixx:1295"	"1"	"inline const 语素入口节点类* 特征_最大类型抽象层数() noexcept"	"按函数名执行对应处理。"	""	"ClCompile"	"自我动作实现.外设模块.ixx:1779:    inline const 语素入口节点类* 特征_最大类型抽象层数() noexcept"
"present"	"特征_最大值域抽象层数"	"特征_最大值域抽象层数"	"自我动作实现模块.ixx:1302"	"1"	"inline const 语素入口节点类* 特征_最大值域抽象层数() noexcept"	"按函数名执行对应处理。"	""	"ClCompile"	"自我动作实现.外设模块.ixx:1786:    inline const 语素入口节点类* 特征_最大值域抽象层数() noexcept"
"present"	"特征_最大查找递归深度"	"特征_最大查找递归深度"	"自我动作实现模块.ixx:1316"	"1"	"inline const 语素入口节点类* 特征_最大查找递归深度() noexcept"	"按条件查找目标对象、方法或事实。"	""	"ClCompile"	"自我动作实现.外设模块.ixx:1800:    inline const 语素入口节点类* 特征_最大查找递归深度() noexcept"
"present"	"特征_是否包含禁用方法"	"特征_是否包含禁用方法"	"自我动作实现模块.ixx:1323"	"1"	"inline const 语素入口节点类* 特征_是否包含禁用方法() noexcept"	"按函数名执行对应处理。"	""	"ClCompile"	"自我动作实现.外设模块.ixx:1807:    inline const 语素入口节点类* 特征_是否包含禁用方法() noexcept"
"present"	"特征_是否允许当前方法自身"	"特征_是否允许当前方法自身"	"自我动作实现模块.ixx:1330"	"1"	"inline const 语素入口节点类* 特征_是否允许当前方法自身() noexcept"	"按函数名执行对应处理。"	""	"ClCompile"	"自我动作实现.外设模块.ixx:1814:    inline const 语素入口节点类* 特征_是否允许当前方法自身() noexcept"
"present"	"特征_方法配对结果"	"特征_方法配对结果"	"自我动作实现模块.ixx:1337"	"1"	"inline const 语素入口节点类* 特征_方法配对结果() noexcept"	"按函数名执行对应处理。"	""	"ClCompile"	"自我动作实现.外设模块.ixx:1821:    inline const 语素入口节点类* 特征_方法配对结果() noexcept"
"present"	"特征_参数配对结果"	"特征_参数配对结果"	"自我动作实现模块.ixx:1344"	"1"	"inline const 语素入口节点类* 特征_参数配对结果() noexcept"	"按函数名执行对应处理。"	""	"ClCompile"	"自我动作实现.外设模块.ixx:1828:    inline const 语素入口节点类* 特征_参数配对结果() noexcept"
"present"	"类型_参数配对结果存在"	"类型_参数配对结果存在"	"自我动作实现模块.ixx:1351"	"1"	"inline const 语素入口节点类* 类型_参数配对结果存在() noexcept"	"按函数名执行对应处理。"	""	"ClCompile"	"自我动作实现.外设模块.ixx:1835:    inline const 语素入口节点类* 类型_参数配对结果存在() noexcept"
"present"	"特征_参数配对情况"	"特征_参数配对情况"	"自我动作实现模块.ixx:1358"	"1"	"inline const 语素入口节点类* 特征_参数配对情况() noexcept"	"按函数名执行对应处理。"	""	"ClCompile"	"自我动作实现.外设模块.ixx:1842:    inline const 语素入口节点类* 特征_参数配对情况() noexcept"
"present"	"类型_方法配对结果存在"	"类型_方法配对结果存在"	"自我动作实现模块.ixx:1386"	"1"	"inline const 语素入口节点类* 类型_方法配对结果存在() noexcept"	"按函数名执行对应处理。"	""	"ClCompile"	"自我动作实现.外设模块.ixx:1870:    inline const 语素入口节点类* 类型_方法配对结果存在() noexcept"
"present"	"特征_来源需求条件包"	"特征_来源需求条件包"	"自我动作实现模块.ixx:1400"	"1"	"inline const 语素入口节点类* 特征_来源需求条件包() noexcept"	"按函数名执行对应处理。"	""	"ClCompile"	"自我动作实现.外设模块.ixx:1884:    inline const 语素入口节点类* 特征_来源需求条件包() noexcept"
"present"	"特征_使用限制包"	"特征_使用限制包"	"自我动作实现模块.ixx:1407"	"1"	"inline const 语素入口节点类* 特征_使用限制包() noexcept"	"按函数名执行对应处理。"	""	"ClCompile"	"自我动作实现.外设模块.ixx:1891:    inline const 语素入口节点类* 特征_使用限制包() noexcept"
"present"	"特征_缓存方法虚拟存在"	"特征_缓存方法虚拟存在"	"自我动作实现模块.ixx:1435"	"1"	"inline const 语素入口节点类* 特征_缓存方法虚拟存在() noexcept"	"按函数名执行对应处理。"	""	"ClCompile"	"自我动作实现.外设模块.ixx:1919:    inline const 语素入口节点类* 特征_缓存方法虚拟存在() noexcept"
"present"	"特征_选中方法虚拟存在"	"特征_选中方法虚拟存在"	"自我动作实现模块.ixx:1442"	"1"	"inline const 语素入口节点类* 特征_选中方法虚拟存在() noexcept"	"按函数名执行对应处理。"	""	"ClCompile"	"自我动作实现.外设模块.ixx:1926:    inline const 语素入口节点类* 特征_选中方法虚拟存在() noexcept"
"present"	"特征_匹配方法能力包"	"特征_匹配方法能力包"	"自我动作实现模块.ixx:1449"	"1"	"inline const 语素入口节点类* 特征_匹配方法能力包() noexcept"	"按函数名执行对应处理。"	""	"ClCompile"	"自我动作实现.外设模块.ixx:1933:    inline const 语素入口节点类* 特征_匹配方法能力包() noexcept"
"present"	"特征_效果表"	"特征_效果表"	"自我动作实现模块.ixx:145"	"1"	"inline const 语素入口节点类* 特征_效果表() noexcept"	"按函数名执行对应处理。"	""	"ClCompile"	"自我动作实现.外设模块.ixx:726:    inline const 语素入口节点类* 特征_效果表() noexcept"
"present"	"特征_原始需求绑定包"	"特征_原始需求绑定包"	"自我动作实现模块.ixx:1456"	"1"	"inline const 语素入口节点类* 特征_原始需求绑定包() noexcept"	"建立对象、任务、方法或因果之间的绑定关系。"	""	"ClCompile"	"自我动作实现.外设模块.ixx:1940:    inline const 语素入口节点类* 特征_原始需求绑定包() noexcept"
"present"	"特征_匹配路径记录"	"特征_匹配路径记录"	"自我动作实现模块.ixx:1463"	"1"	"inline const 语素入口节点类* 特征_匹配路径记录() noexcept"	"记录日志、动态、证据或运行痕迹。"	""	"ClCompile"	"自我动作实现.外设模块.ixx:1947:    inline const 语素入口节点类* 特征_匹配路径记录() noexcept"
"present"	"特征_类型抽象距离"	"特征_类型抽象距离"	"自我动作实现模块.ixx:1470"	"1"	"inline const 语素入口节点类* 特征_类型抽象距离() noexcept"	"按函数名执行对应处理。"	""	"ClCompile"	"自我动作实现.外设模块.ixx:1954:    inline const 语素入口节点类* 特征_类型抽象距离() noexcept"
"present"	"特征_值域抽象距离"	"特征_值域抽象距离"	"自我动作实现模块.ixx:1477"	"1"	"inline const 语素入口节点类* 特征_值域抽象距离() noexcept"	"按函数名执行对应处理。"	""	"ClCompile"	"自我动作实现.外设模块.ixx:1961:    inline const 语素入口节点类* 特征_值域抽象距离() noexcept"
"present"	"特征_总匹配距离"	"特征_总匹配距离"	"自我动作实现模块.ixx:1484"	"1"	"inline const 语素入口节点类* 特征_总匹配距离() noexcept"	"按函数名执行对应处理。"	""	"ClCompile"	"自我动作实现.外设模块.ixx:1968:    inline const 语素入口节点类* 特征_总匹配距离() noexcept"
"present"	"特征_待配对形参表"	"特征_待配对形参表"	"自我动作实现模块.ixx:1491"	"1"	"inline const 语素入口节点类* 特征_待配对形参表() noexcept"	"按函数名执行对应处理。"	""	"ClCompile"	"自我动作实现.外设模块.ixx:1975:    inline const 语素入口节点类* 特征_待配对形参表() noexcept"
"present"	"特征_候选扫描数量"	"特征_候选扫描数量"	"自我动作实现模块.ixx:1498"	"1"	"inline const 语素入口节点类* 特征_候选扫描数量() noexcept"	"执行扫描相关材料获取、比较或提交逻辑。"	""	"ClCompile"	"自我动作实现.外设模块.ixx:1982:    inline const 语素入口节点类* 特征_候选扫描数量() noexcept"
"present"	"特征_成功匹配数量"	"特征_成功匹配数量"	"自我动作实现模块.ixx:1505"	"1"	"inline const 语素入口节点类* 特征_成功匹配数量() noexcept"	"按函数名执行对应处理。"	""	"ClCompile"	"自我动作实现.外设模块.ixx:1989:    inline const 语素入口节点类* 特征_成功匹配数量() noexcept"
"present"	"特征_使用默认方法搜索根"	"特征_使用默认方法搜索根"	"自我动作实现模块.ixx:1519"	"1"	"inline const 语素入口节点类* 特征_使用默认方法搜索根() noexcept"	"在候选范围内搜索目标对象或路径。"	""	"ClCompile"	"自我动作实现.外设模块.ixx:2003:    inline const 语素入口节点类* 特征_使用默认方法搜索根() noexcept"
"present"	"值_输入绑定失败"	"值_输入绑定失败"	"自我动作实现模块.ixx:1526"	"1"	"inline const 语素入口节点类* 值_输入绑定失败() noexcept"	"建立对象、任务、方法或因果之间的绑定关系。"	""	"ClCompile"	"自我动作实现.外设模块.ixx:2010:    inline const 语素入口节点类* 值_输入绑定失败() noexcept"
"present"	"值_超出限制"	"值_超出限制"	"自我动作实现模块.ixx:1533"	"1"	"inline const 语素入口节点类* 值_超出限制() noexcept"	"按函数名执行对应处理。"	""	"ClCompile"	"自我动作实现.外设模块.ixx:2017:    inline const 语素入口节点类* 值_超出限制() noexcept"
"present"	"值_没有匹配方法"	"值_没有匹配方法"	"自我动作实现模块.ixx:1540"	"1"	"inline const 语素入口节点类* 值_没有匹配方法() noexcept"	"按函数名执行对应处理。"	""	"ClCompile"	"自我动作实现.外设模块.ixx:2024:    inline const 语素入口节点类* 值_没有匹配方法() noexcept"
"present"	"值_不修改现实场景特征值"	"值_不修改现实场景特征值"	"自我动作实现模块.ixx:1603"	"1"	"inline const 语素入口节点类* 值_不修改现实场景特征值() noexcept"	"按函数名执行对应处理。"	""	"ClCompile"	"自我动作实现.外设模块.ixx:2087:    inline const 语素入口节点类* 值_不修改现实场景特征值() noexcept"
"present"	"值_不执行被查找到的方法"	"值_不执行被查找到的方法"	"自我动作实现模块.ixx:1610"	"1"	"inline const 语素入口节点类* 值_不执行被查找到的方法() noexcept"	"按条件查找目标对象、方法或事实。"	""	"ClCompile"	"自我动作实现.外设模块.ixx:2094:    inline const 语素入口节点类* 值_不执行被查找到的方法() noexcept"
"present"	"特征_执行前值快照"	"特征_执行前值快照"	"自我动作实现模块.ixx:1778"	"1"	"inline const 语素入口节点类* 特征_执行前值快照() noexcept"	"执行任务、方法或动作的主体逻辑。"	""	"ClCompile"	"自我动作实现.外设模块.ixx:5370:    inline const 语素入口节点类* 特征_执行前值快照() noexcept"
"present"	"特征_特征类型配对结果"	"特征_特征类型配对结果"	"自我动作实现模块.ixx:1785"	"1"	"inline const 语素入口节点类* 特征_特征类型配对结果() noexcept"	"按函数名执行对应处理。"	""	"ClCompile"	"自我动作实现.外设模块.ixx:5377:    inline const 语素入口节点类* 特征_特征类型配对结果() noexcept"
"present"	"特征_实例缺失策略"	"特征_实例缺失策略"	"自我动作实现模块.ixx:1792"	"1"	"inline const 语素入口节点类* 特征_实例缺失策略() noexcept"	"按函数名执行对应处理。"	""	"ClCompile"	"自我动作实现.外设模块.ixx:5384:    inline const 语素入口节点类* 特征_实例缺失策略() noexcept"
"present"	"特征_溢出策略"	"特征_溢出策略"	"自我动作实现模块.ixx:1799"	"1"	"inline const 语素入口节点类* 特征_溢出策略() noexcept"	"按函数名执行对应处理。"	""	"ClCompile"	"自我动作实现.外设模块.ixx:5391:    inline const 语素入口节点类* 特征_溢出策略() noexcept"
"present"	"特征_限制包"	"特征_限制包"	"自我动作实现模块.ixx:1806"	"1"	"inline const 语素入口节点类* 特征_限制包() noexcept"	"按函数名执行对应处理。"	""	"ClCompile"	"自我动作实现.外设模块.ixx:5398:    inline const 语素入口节点类* 特征_限制包() noexcept"
"present"	"特征_实际执行差值"	"特征_实际执行差值"	"自我动作实现模块.ixx:1820"	"1"	"inline const 语素入口节点类* 特征_实际执行差值() noexcept"	"执行任务、方法或动作的主体逻辑。"	""	"ClCompile"	"自我动作实现.外设模块.ixx:5412:    inline const 语素入口节点类* 特征_实际执行差值() noexcept"
"present"	"特征_差值命中状态"	"特征_差值命中状态"	"自我动作实现模块.ixx:1827"	"1"	"inline const 语素入口节点类* 特征_差值命中状态() noexcept"	"按函数名执行对应处理。"	""	"ClCompile"	"自我动作实现.外设模块.ixx:5419:    inline const 语素入口节点类* 特征_差值命中状态() noexcept"
"present"	"特征_是否发生溢出"	"特征_是否发生溢出"	"自我动作实现模块.ixx:1834"	"1"	"inline const 语素入口节点类* 特征_是否发生溢出() noexcept"	"按函数名执行对应处理。"	""	"ClCompile"	"自我动作实现.外设模块.ixx:5426:    inline const 语素入口节点类* 特征_是否发生溢出() noexcept"
"present"	"特征_当前命中抽象特征"	"特征_当前命中抽象特征"	"自我动作实现模块.ixx:1841"	"1"	"inline const 语素入口节点类* 特征_当前命中抽象特征() noexcept"	"按函数名执行对应处理。"	""	"ClCompile"	"自我动作实现.外设模块.ixx:5433:    inline const 语素入口节点类* 特征_当前命中抽象特征() noexcept"
"present"	"特征_OR组令牌记录键"	"特征_OR组令牌记录键"	"自我动作实现模块.ixx:201"	"1"	"inline const 语素入口节点类* 特征_OR组令牌记录键() noexcept"	"记录日志、动态、证据或运行痕迹。"	""	"ClCompile"	"自我动作实现模块.ixx:12267:            特征_OR组令牌记录键(),"
"present"	"方法状态_待方法动作"	"方法状态_待方法动作"	"自我动作实现模块.ixx:2129"	"1"	"inline constexpr I64 方法状态_待方法动作() noexcept"	"方法状态必须使用 枚举_方法状态 的连续取值；旧的 10/20/60 阶梯值会破坏需求目标满足判断。"	""	"ClCompile"	"自我动作实现.外设模块.ixx:5700:    inline constexpr I64 方法状态_待方法动作() noexcept { return static_cast<I64>(枚举_方法状态::待方法动作); }"
"present"	"方法状态_有条件节点"	"方法状态_有条件节点"	"自我动作实现模块.ixx:2138"	"1"	"inline constexpr I64 方法状态_有条件节点() noexcept"	"按函数名执行对应处理。"	""	"ClCompile"	"自我动作实现.外设模块.ixx:5709:    inline constexpr I64 方法状态_有条件节点() noexcept { return static_cast<I64>(枚举_方法状态::待结果节点); }"
"present"	"方法状态_待运行账"	"方法状态_待运行账"	"自我动作实现模块.ixx:2147"	"1"	"inline constexpr I64 方法状态_待运行账() noexcept"	"执行对应模块、线程或方法的运行逻辑。"	""	"ClCompile"	"自我动作实现.外设模块.ixx:5718:    inline constexpr I64 方法状态_待运行账() noexcept { return 方法状态_有条件结果(); }"
"present"	"特征_OR组令牌领取任务"	"特征_OR组令牌领取任务"	"自我动作实现模块.ixx:215"	"1"	"inline const 语素入口节点类* 特征_OR组令牌领取任务() noexcept"	"按函数名执行对应处理。"	""	"ClCompile"	"自我动作实现模块.ixx:12738:                (void)写入基础节点指针(记录宿主, 特征_OR组令牌领取任务(), 任务, now);"
"present"	"特征_当前交互者明确状态"	"特征_当前交互者明确状态"	"自我动作实现模块.ixx:2170"	"1"	"inline const 语素入口节点类* 特征_当前交互者明确状态() noexcept"	"按函数名执行对应处理。"	""	"ClCompile"	"自我动作实现.外设模块.ixx:5741:    inline const 语素入口节点类* 特征_当前交互者明确状态() noexcept"
"present"	"特征_当前人类服务对象明确状态"	"特征_当前人类服务对象明确状态"	"自我动作实现模块.ixx:2177"	"1"	"inline const 语素入口节点类* 特征_当前人类服务对象明确状态() noexcept"	"按函数名执行对应处理。"	""	"ClCompile"	"自我动作实现.外设模块.ixx:5748:    inline const 语素入口节点类* 特征_当前人类服务对象明确状态() noexcept"
"present"	"特征_当前权限者明确状态"	"特征_当前权限者明确状态"	"自我动作实现模块.ixx:2184"	"1"	"inline const 语素入口节点类* 特征_当前权限者明确状态() noexcept"	"按函数名执行对应处理。"	""	"ClCompile"	"自我动作实现.外设模块.ixx:5755:    inline const 语素入口节点类* 特征_当前权限者明确状态() noexcept"
"present"	"特征_当前服务目标明确状态"	"特征_当前服务目标明确状态"	"自我动作实现模块.ixx:2191"	"1"	"inline const 语素入口节点类* 特征_当前服务目标明确状态() noexcept"	"按函数名执行对应处理。"	""	"ClCompile"	"自我动作实现.外设模块.ixx:5762:    inline const 语素入口节点类* 特征_当前服务目标明确状态() noexcept"
"present"	"特征_沟通交流需求明确状态"	"特征_沟通交流需求明确状态"	"自我动作实现模块.ixx:2198"	"1"	"inline const 语素入口节点类* 特征_沟通交流需求明确状态() noexcept"	"按函数名执行对应处理。"	""	"ClCompile"	"自我动作实现.外设模块.ixx:5769:    inline const 语素入口节点类* 特征_沟通交流需求明确状态() noexcept"
"present"	"特征_服务对象反馈信息获取尝试状态"	"特征_服务对象反馈信息获取尝试状态"	"自我动作实现模块.ixx:2205"	"1"	"inline const 语素入口节点类* 特征_服务对象反馈信息获取尝试状态() noexcept"	"读取并返回指定对象、状态或运行材料。"	""	"ClCompile"	"自我动作实现.外设模块.ixx:5776:    inline const 语素入口节点类* 特征_服务对象反馈信息获取尝试状态() noexcept"
"present"	"特征_自我运行状态明确状态"	"特征_自我运行状态明确状态"	"自我动作实现模块.ixx:2212"	"1"	"inline const 语素入口节点类* 特征_自我运行状态明确状态() noexcept"	"执行对应模块、线程或方法的运行逻辑。"	""	"ClCompile"	"自我动作实现.外设模块.ixx:5783:    inline const 语素入口节点类* 特征_自我运行状态明确状态() noexcept"
"present"	"特征_自我运行状态正常状态"	"特征_自我运行状态正常状态"	"自我动作实现模块.ixx:2219"	"1"	"inline const 语素入口节点类* 特征_自我运行状态正常状态() noexcept"	"执行对应模块、线程或方法的运行逻辑。"	""	"ClCompile"	"自我动作实现.外设模块.ixx:5790:    inline const 语素入口节点类* 特征_自我运行状态正常状态() noexcept"
"present"	"特征_资源状态明确状态"	"特征_资源状态明确状态"	"自我动作实现模块.ixx:2226"	"1"	"inline const 语素入口节点类* 特征_资源状态明确状态() noexcept"	"按函数名执行对应处理。"	""	"ClCompile"	"自我动作实现.外设模块.ixx:5797:    inline const 语素入口节点类* 特征_资源状态明确状态() noexcept"
"present"	"特征_资源状态足够状态"	"特征_资源状态足够状态"	"自我动作实现模块.ixx:2233"	"1"	"inline const 语素入口节点类* 特征_资源状态足够状态() noexcept"	"按函数名执行对应处理。"	""	"ClCompile"	"自我动作实现.外设模块.ixx:5804:    inline const 语素入口节点类* 特征_资源状态足够状态() noexcept"
"present"	"特征_权限边界明确状态"	"特征_权限边界明确状态"	"自我动作实现模块.ixx:2240"	"1"	"inline const 语素入口节点类* 特征_权限边界明确状态() noexcept"	"按函数名执行对应处理。"	""	"ClCompile"	"自我动作实现.外设模块.ixx:5811:    inline const 语素入口节点类* 特征_权限边界明确状态() noexcept"
"present"	"特征_风险状态可控状态"	"特征_风险状态可控状态"	"自我动作实现模块.ixx:2254"	"1"	"inline const 语素入口节点类* 特征_风险状态可控状态() noexcept"	"按函数名执行对应处理。"	""	"ClCompile"	"自我动作实现.外设模块.ixx:5825:    inline const 语素入口节点类* 特征_风险状态可控状态() noexcept"
"present"	"特征_服务前状态场景"	"特征_服务前状态场景"	"自我动作实现模块.ixx:2261"	"1"	"inline const 语素入口节点类* 特征_服务前状态场景() noexcept"	"按函数名执行对应处理。"	""	"ClCompile"	"自我动作实现.外设模块.ixx:6818:    inline const 语素入口节点类* 特征_服务前状态场景() noexcept"
"present"	"特征_资源压力降低状态"	"特征_资源压力降低状态"	"自我动作实现模块.ixx:2275"	"1"	"inline const 语素入口节点类* 特征_资源压力降低状态() noexcept"	"按函数名执行对应处理。"	""	"ClCompile"	"自我动作实现.外设模块.ixx:6832:    inline const 语素入口节点类* 特征_资源压力降低状态() noexcept"
"present"	"特征_风险传播阻断状态"	"特征_风险传播阻断状态"	"自我动作实现模块.ixx:2282"	"1"	"inline const 语素入口节点类* 特征_风险传播阻断状态() noexcept"	"按函数名执行对应处理。"	""	"ClCompile"	"自我动作实现.外设模块.ixx:6839:    inline const 语素入口节点类* 特征_风险传播阻断状态() noexcept"
"present"	"特征_非必要任务暂停状态"	"特征_非必要任务暂停状态"	"自我动作实现模块.ixx:2289"	"1"	"inline const 语素入口节点类* 特征_非必要任务暂停状态() noexcept"	"按函数名执行对应处理。"	""	"ClCompile"	"自我动作实现.外设模块.ixx:6846:    inline const 语素入口节点类* 特征_非必要任务暂停状态() noexcept"
"present"	"特征_OR组令牌领取时间"	"特征_OR组令牌领取时间"	"自我动作实现模块.ixx:229"	"1"	"inline const 语素入口节点类* 特征_OR组令牌领取时间() noexcept"	"按函数名执行对应处理。"	""	"ClCompile"	"自我动作实现模块.ixx:12740:            (void)写入基础节点I64(记录宿主, 特征_OR组令牌领取时间(), static_cast<I64>(now), now);"
"present"	"值_目标实例特征缺失"	"值_目标实例特征缺失"	"自我动作实现模块.ixx:2296"	"1"	"inline const 语素入口节点类* 值_目标实例特征缺失() noexcept"	"按函数名执行对应处理。"	""	"ClCompile"	"自我动作实现.外设模块.ixx:6853:    inline const 语素入口节点类* 值_目标实例特征缺失() noexcept"
"present"	"值_执行前值缺失"	"值_执行前值缺失"	"自我动作实现模块.ixx:2303"	"1"	"inline const 语素入口节点类* 值_执行前值缺失() noexcept"	"执行任务、方法或动作的主体逻辑。"	""	"ClCompile"	"自我动作实现.外设模块.ixx:6860:    inline const 语素入口节点类* 值_执行前值缺失() noexcept"
"present"	"值_输入快照过期"	"值_输入快照过期"	"自我动作实现模块.ixx:2310"	"1"	"inline const 语素入口节点类* 值_输入快照过期() noexcept"	"按函数名执行对应处理。"	""	"ClCompile"	"自我动作实现.外设模块.ixx:6867:    inline const 语素入口节点类* 值_输入快照过期() noexcept"
"present"	"值_I64溢出"	"值_I64溢出"	"自我动作实现模块.ixx:2317"	"1"	"inline const 语素入口节点类* 值_I64溢出() noexcept"	"按函数名执行对应处理。"	""	"ClCompile"	"自我动作实现.外设模块.ixx:6874:    inline const 语素入口节点类* 值_I64溢出() noexcept"
"present"	"值_差值计算溢出"	"值_差值计算溢出"	"自我动作实现模块.ixx:2324"	"1"	"inline const 语素入口节点类* 值_差值计算溢出() noexcept"	"计算权重、状态、差值或派生结果。"	""	"ClCompile"	"自我动作实现.外设模块.ixx:6881:    inline const 语素入口节点类* 值_差值计算溢出() noexcept"
"present"	"值_缺少执行差值或目标值"	"值_缺少执行差值或目标值"	"自我动作实现模块.ixx:2331"	"1"	"inline const 语素入口节点类* 值_缺少执行差值或目标值() noexcept"	"执行任务、方法或动作的主体逻辑。"	""	"ClCompile"	"自我动作实现.外设模块.ixx:6888:    inline const 语素入口节点类* 值_缺少执行差值或目标值() noexcept"
"present"	"值_执行差值与目标值冲突"	"值_执行差值与目标值冲突"	"自我动作实现模块.ixx:2338"	"1"	"inline const 语素入口节点类* 值_执行差值与目标值冲突() noexcept"	"执行任务、方法或动作的主体逻辑。"	""	"ClCompile"	"自我动作实现.外设模块.ixx:6895:    inline const 语素入口节点类* 值_执行差值与目标值冲突() noexcept"
"present"	"值_实际差值未命中约束"	"值_实际差值未命中约束"	"自我动作实现模块.ixx:2345"	"1"	"inline const 语素入口节点类* 值_实际差值未命中约束() noexcept"	"按函数名执行对应处理。"	""	"ClCompile"	"自我动作实现.外设模块.ixx:6902:    inline const 语素入口节点类* 值_实际差值未命中约束() noexcept"
"present"	"值_目标特征写入失败"	"值_目标特征写入失败"	"自我动作实现模块.ixx:2352"	"1"	"inline const 语素入口节点类* 值_目标特征写入失败() noexcept"	"把处理结果写入指定对象、场景或日志。"	""	"ClCompile"	"自我动作实现.外设模块.ixx:6909:    inline const 语素入口节点类* 值_目标特征写入失败() noexcept"
"present"	"值_差值约束包缺失"	"值_差值约束包缺失"	"自我动作实现模块.ixx:2359"	"1"	"inline const 语素入口节点类* 值_差值约束包缺失() noexcept"	"按函数名执行对应处理。"	""	"ClCompile"	"自我动作实现.外设模块.ixx:6916:    inline const 语素入口节点类* 值_差值约束包缺失() noexcept"
"present"	"值_方法配对结果缺失"	"值_方法配对结果缺失"	"自我动作实现模块.ixx:2366"	"1"	"inline const 语素入口节点类* 值_方法配对结果缺失() noexcept"	"按函数名执行对应处理。"	""	"ClCompile"	"自我动作实现.外设模块.ixx:6923:    inline const 语素入口节点类* 值_方法配对结果缺失() noexcept"
"present"	"值_任务状态动作动态_建议任务状态缺失"	"值_任务状态动作动态_建议任务状态缺失"	"自我动作实现模块.ixx:2415"	"1"	"inline const 语素入口节点类* 值_任务状态动作动态_建议任务状态缺失() noexcept"	"按函数名执行对应处理。"	""	"ClCompile"	"自我动作实现模块.ixx:10286:            return 值_任务状态动作动态_建议任务状态缺失();"
"present"	"值_因果证据不足"	"值_因果证据不足"	"自我动作实现模块.ixx:2464"	"1"	"inline const 语素入口节点类* 值_因果证据不足() noexcept"	"按函数名执行对应处理。"	""	"ClCompile"	"自我动作实现.外设模块.ixx:7014:    inline const 语素入口节点类* 值_因果证据不足() noexcept"
"present"	"值_需求满足"	"值_需求满足"	"自我动作实现模块.ixx:2527"	"1"	"inline const 语素入口节点类* 值_需求满足() noexcept"	"按函数名执行对应处理。"	""	"ClCompile"	"自我动作实现.外设模块.ixx:7077:    inline const 语素入口节点类* 值_需求满足() noexcept"
"present"	"值_需求未满足"	"值_需求未满足"	"自我动作实现模块.ixx:2534"	"1"	"inline const 语素入口节点类* 值_需求未满足() noexcept"	"按函数名执行对应处理。"	""	"ClCompile"	"自我动作实现.外设模块.ixx:7084:    inline const 语素入口节点类* 值_需求未满足() noexcept"
"present"	"值_目标抽象特征无效"	"值_目标抽象特征无效"	"自我动作实现模块.ixx:2541"	"1"	"inline const 语素入口节点类* 值_目标抽象特征无效() noexcept"	"按函数名执行对应处理。"	""	"ClCompile"	"自我动作实现.外设模块.ixx:7091:    inline const 语素入口节点类* 值_目标抽象特征无效() noexcept"
"present"	"值_实例特征未命中抽象特征"	"值_实例特征未命中抽象特征"	"自我动作实现模块.ixx:2548"	"1"	"inline const 语素入口节点类* 值_实例特征未命中抽象特征() noexcept"	"按函数名执行对应处理。"	""	"ClCompile"	"自我动作实现.外设模块.ixx:7098:    inline const 语素入口节点类* 值_实例特征未命中抽象特征() noexcept"
"present"	"值_目标值类型不是I64"	"值_目标值类型不是I64"	"自我动作实现模块.ixx:2555"	"1"	"inline const 语素入口节点类* 值_目标值类型不是I64() noexcept"	"按函数名执行对应处理。"	""	"ClCompile"	"自我动作实现.外设模块.ixx:7105:    inline const 语素入口节点类* 值_目标值类型不是I64() noexcept"
"present"	"类型_需求_实例化特征"	"类型_需求_实例化特征"	"自我动作实现模块.ixx:2562"	"1"	"inline const 语素入口节点类* 类型_需求_实例化特征() noexcept"	"按函数名执行对应处理。"	""	"ClCompile"	"自我动作实现.外设模块.ixx:7112:    inline const 语素入口节点类* 类型_需求_实例化特征() noexcept"
"present"	"类型_需求_确定特征当前值"	"类型_需求_确定特征当前值"	"自我动作实现模块.ixx:2569"	"1"	"inline const 语素入口节点类* 类型_需求_确定特征当前值() noexcept"	"按函数名执行对应处理。"	""	"ClCompile"	"自我动作实现.外设模块.ixx:7119:    inline const 语素入口节点类* 类型_需求_确定特征当前值() noexcept"
"present"	"特征_被需求当前状态"	"特征_被需求当前状态"	"自我动作实现模块.ixx:257"	"1"	"inline const 语素入口节点类* 特征_被需求当前状态() noexcept"	"按函数名执行对应处理。"	""	"ClCompile"	"自我动作实现.外设模块.ixx:761:    inline const 语素入口节点类* 特征_被需求当前状态() noexcept"
"present"	"类型_需求_确定执行差值或目标值"	"类型_需求_确定执行差值或目标值"	"自我动作实现模块.ixx:2576"	"1"	"inline const 语素入口节点类* 类型_需求_确定执行差值或目标值() noexcept"	"执行任务、方法或动作的主体逻辑。"	""	"ClCompile"	"自我动作实现.外设模块.ixx:7126:    inline const 语素入口节点类* 类型_需求_确定执行差值或目标值() noexcept"
"present"	"类型_需求_重新配对参数或调整目标值"	"类型_需求_重新配对参数或调整目标值"	"自我动作实现模块.ixx:2583"	"1"	"inline const 语素入口节点类* 类型_需求_重新配对参数或调整目标值() noexcept"	"按函数名执行对应处理。"	""	"ClCompile"	"自我动作实现.外设模块.ixx:7133:    inline const 语素入口节点类* 类型_需求_重新配对参数或调整目标值() noexcept"
"present"	"类型_需求_修复实例特征写入能力"	"类型_需求_修复实例特征写入能力"	"自我动作实现模块.ixx:2590"	"1"	"inline const 语素入口节点类* 类型_需求_修复实例特征写入能力() noexcept"	"把处理结果写入指定对象、场景或日志。"	""	"ClCompile"	"自我动作实现.外设模块.ixx:7140:    inline const 语素入口节点类* 类型_需求_修复实例特征写入能力() noexcept"
"present"	"特征_需求有效截止"	"特征_需求有效截止"	"自我动作实现模块.ixx:264"	"1"	"inline const 语素入口节点类* 特征_需求有效截止() noexcept"	"按函数名执行对应处理。"	""	"ClCompile"	"自我动作实现.外设模块.ixx:768:    inline const 语素入口节点类* 特征_需求有效截止() noexcept"
"present"	"特征_累计安全结算"	"特征_累计安全结算"	"自我动作实现模块.ixx:271"	"1"	"inline const 语素入口节点类* 特征_累计安全结算() noexcept"	"结算任务、需求、价值或结果贡献。"	""	"ClCompile"	"自我动作实现.外设模块.ixx:775:    inline const 语素入口节点类* 特征_累计安全结算() noexcept"
"present"	"读取基础节点特征值"	"读取基础节点特征值"	"自我动作实现模块.ixx:2717"	"1"	"inline bool 读取基础节点特征值( 基础信息节点类* 宿主, const 语素入口节点类* 特征类型, 特征值& 输出值) noexcept"	"从指定来源读取数据或状态。"	""	"ClCompile"	"自我动作实现.外设模块.ixx:7700:    inline bool 读取基础节点特征值("
"present"	"特征_累计服务结算"	"特征_累计服务结算"	"自我动作实现模块.ixx:278"	"1"	"inline const 语素入口节点类* 特征_累计服务结算() noexcept"	"结算任务、需求、价值或结果贡献。"	""	"ClCompile"	"自我动作实现.外设模块.ixx:782:    inline const 语素入口节点类* 特征_累计服务结算() noexcept"
"present"	"特征_最近结算时间"	"特征_最近结算时间"	"自我动作实现模块.ixx:285"	"1"	"inline const 语素入口节点类* 特征_最近结算时间() noexcept"	"结算任务、需求、价值或结果贡献。"	""	"ClCompile"	"自我动作实现.外设模块.ixx:789:    inline const 语素入口节点类* 特征_最近结算时间() noexcept"
"present"	"写入目标方法状态派生需求"	"写入目标方法状态派生需求"	"自我动作实现模块.ixx:2969"	"1"	"inline void 写入目标方法状态派生需求( 方法类::节点类* 当前本能方法, 方法类::节点类* 目标方法, I64 当前状态值, I64 目标状态值, 场景节点类*& 输出结果场景, 时间戳 now) noexcept"	"把处理结果写入指定对象、场景或日志。"	""	"ClCompile"	"自我动作实现.外设模块.ixx:8043:    inline void 写入目标方法状态派生需求("
"present"	"抽象条件集合根"	"抽象条件集合根"	"自我动作实现模块.ixx:3126"	"1"	"inline 特征节点类* 抽象条件集合根( 方法类::节点类* 方法首节点, 时间戳 now) noexcept"	"按函数名执行对应处理。"	""	"ClCompile"	"自我动作实现.外设模块.ixx:8294:    inline 特征节点类* 抽象条件集合根("
"present"	"取或创建根下抽象特征"	"取或创建根下抽象特征"	"自我动作实现模块.ixx:3250"	"1"	"inline 抽象特征节点类* 取或创建根下抽象特征( const 语素入口节点类* 特征类型) noexcept"	"创建并返回或登记对应对象。"	""	"ClCompile"	"自我动作实现模块.ixx:3267:        auto* 抽象特征 = 取或创建根下抽象特征(实例抽象类型);"
"present"	"判定实际结果场景复现既有结果_条件结果对归并"	"判定实际结果场景复现既有结果_条件结果对归并"	"自我动作实现模块.ixx:3306"	"1"	"inline 结构_结果复现判定 判定实际结果场景复现既有结果_条件结果对归并( const 场景节点类* 既有结果场景, const 场景节点类* 实际结果场景) noexcept"	"按函数名执行对应处理。"	""	"ClCompile"	"自我动作实现模块.ixx:3572:                    const auto 判定 = 判定实际结果场景复现既有结果_条件结果对归并("
"present"	"归并方法条件结果对"	"归并方法条件结果对"	"自我动作实现模块.ixx:3598"	"1"	"inline 结构_方法条件结果节点 归并方法条件结果对( 方法类::节点类* 方法首节点, 场景节点类* 执行前条件场景, 场景节点类* 执行后实际结果场景, 时间戳 now) noexcept"	"按函数名执行对应处理。"	""	"ClCompile"	"自我动作实现模块.ixx:3724:        return 归并方法条件结果对("
"present"	"记录既有条件结果对练习样本"	"记录既有条件结果对练习样本"	"自我动作实现模块.ixx:3732"	"1"	"inline void 记录既有条件结果对练习样本( 方法类::节点类* 方法首节点, 场景节点类* 条件场景, 场景节点类* 实际结果场景, bool 目标执行成功, 时间戳 now) noexcept"	"记录日志、动态、证据或运行痕迹。"	""	"ClCompile"	"自我动作实现模块.ixx:9678:            记录既有条件结果对练习样本("
"present"	"增加场景I64特征"	"增加场景I64特征"	"自我动作实现模块.ixx:3827"	"1"	"inline bool 增加场景I64特征( 场景节点类* 场景, const 语素入口节点类* 特征类型, I64 增量, 时间戳 now) noexcept"	"按函数名执行对应处理。"	""	"ClCompile"	"自我动作实现.外设模块.ixx:8552:    inline bool 增加场景I64特征("
"present"	"写入参数绑定失败"	"写入参数绑定失败"	"自我动作实现模块.ixx:3845"	"1"	"inline void 写入参数绑定失败( 存在节点类* 运行存在, 场景节点类* 输出结果场景, 时间戳 now) noexcept"	"把处理结果写入指定对象、场景或日志。"	""	"ClCompile"	"自我动作实现.外设模块.ixx:8570:    inline void 写入参数绑定失败("
"present"	"声明运行参数"	"声明运行参数"	"自我动作实现模块.ixx:3872"	"1"	"inline bool 声明运行参数( 方法类::节点类* 方法首节点, const 语素入口节点类* 参数类型, 时间戳 now) noexcept"	"执行对应模块、线程或方法的运行逻辑。"	""	"ClCompile"	"自我动作实现.外设模块.ixx:8598:    inline bool 声明运行参数("
"present"	"运行参数已从输入场景匹配"	"运行参数已从输入场景匹配"	"自我动作实现模块.ixx:3886"	"1"	"inline bool 运行参数已从输入场景匹配( 方法类::节点类* 方法首节点, 场景节点类* 输入参数场景, 时间戳 now) noexcept"	"执行对应模块、线程或方法的运行逻辑。"	""	"ClCompile"	"自我动作实现.外设模块.ixx:8612:    inline bool 运行参数已从输入场景匹配("
"present"	"描述无条件本能"	"描述无条件本能"	"自我动作实现模块.ixx:3913"	"1"	"inline bool 描述无条件本能( 方法类::节点类* 方法首节点, 时间戳 now) noexcept"	"按函数名执行对应处理。"	""	"ClCompile"	"自我动作实现.外设模块.ixx:8639:    inline bool 描述无条件本能("
"present"	"特征_任务当前阶段"	"特征_任务当前阶段"	"自我动作实现模块.ixx:411"	"1"	"inline const 语素入口节点类* 特征_任务当前阶段() noexcept"	"按函数名执行对应处理。"	""	"ClCompile"	"自我动作实现模块.ixx:10448:            : (阶段变化 ? 特征_任务当前阶段() : 特征_任务状态());"
"present"	"特征_任务层执行回执"	"特征_任务层执行回执"	"自我动作实现模块.ixx:424"	"1"	"inline const 语素入口节点类* 特征_任务层执行回执() noexcept"	"执行任务、方法或动作的主体逻辑。"	""	"ClCompile"	"自我动作实现.外设模块.ixx:922:    inline const 语素入口节点类* 特征_任务层执行回执() noexcept"
"present"	"基础节点类型词"	"基础节点类型词"	"自我动作实现模块.ixx:4493"	"1"	"inline const 语素入口节点类* 基础节点类型词(const 基础信息节点类* 节点) noexcept"	"按函数名执行对应处理。"	""	"ClCompile"	"自我动作实现模块.ixx:4526:        return 基础节点类型词(节点);"
"present"	"特征值节点对应特征类型词"	"特征值节点对应特征类型词"	"自我动作实现模块.ixx:4508"	"1"	"inline const 语素入口节点类* 特征值节点对应特征类型词( const 基础信息节点类* 节点) noexcept"	"按函数名执行对应处理。"	""	"ClCompile"	"自我动作实现模块.ixx:4616:                return 特征值节点对应特征类型词(节点);"
"present"	"吸收条件项指针值"	"吸收条件项指针值"	"自我动作实现模块.ixx:4566"	"1"	"inline void 吸收条件项指针值(结构_条件项视图& 项, const void* 指针) noexcept"	"按函数名执行对应处理。"	""	"ClCompile"	"自我动作实现模块.ixx:4604:            吸收条件项指针值(项, reinterpret_cast<const void*>(指针->指针));"
"present"	"读取条件项特征类型"	"读取条件项特征类型"	"自我动作实现模块.ixx:4609"	"1"	"inline const 语素入口节点类* 读取条件项特征类型( 基础信息节点类* 条件项节点, const 语素入口节点类* 默认类型) noexcept"	"从指定来源读取数据或状态。"	""	"ClCompile"	"自我动作实现模块.ixx:4645:        项.条件特征类型 = 读取条件项特征类型(条件项宿主, 默认类型);"
"present"	"条件项有值约束"	"条件项有值约束"	"自我动作实现模块.ixx:4624"	"1"	"inline bool 条件项有值约束(const 结构_条件项视图& 项) noexcept"	"按函数名执行对应处理。"	""	"ClCompile"	"自我动作实现模块.ixx:4800:        if (!条件项有值约束(条件项)) {"
"present"	"解析条件项视图"	"解析条件项视图"	"自我动作实现模块.ixx:4636"	"1"	"inline 结构_条件项视图 解析条件项视图(特征节点类* 条件项节点) noexcept"	"解析输入文本、消息、场景或运行包。"	""	"ClCompile"	"自我动作实现模块.ixx:4707:            auto 项 = 解析条件项视图(子特征);"
"present"	"读取条件槽列表"	"读取条件槽列表"	"自我动作实现模块.ixx:4702"	"1"	"inline std::vector<结构_条件项视图> 读取条件槽列表(基础信息节点类* 条件包) noexcept"	"从指定来源读取数据或状态。"	""	"ClCompile"	"自我动作实现模块.ixx:4874:        const auto 条件项列表 = 读取条件槽列表("
"present"	"输入实参满足条件项"	"输入实参满足条件项"	"自我动作实现模块.ixx:4787"	"1"	"inline bool 输入实参满足条件项( 场景节点类* 输入参数场景, const 结构_条件项视图& 条件项) noexcept"	"按函数名执行对应处理。"	""	"ClCompile"	"自我动作实现模块.ixx:4882:            if (输入实参满足条件项(输入参数场景, 条件项)) {"
"present"	"方法条件节点匹配输入场景"	"方法条件节点匹配输入场景"	"自我动作实现模块.ixx:4842"	"1"	"inline 结构_方法条件节点匹配结果 方法条件节点匹配输入场景( 方法类::节点类* 方法首节点, 场景节点类* 输入参数场景, 时间戳 now) noexcept"	"按函数名执行对应处理。"	""	"ClCompile"	"自我动作实现模块.ixx:5157:        绑定.条件匹配 = 方法条件节点匹配输入场景("
"present"	"写入条件匹配结果"	"写入条件匹配结果"	"自我动作实现模块.ixx:4899"	"1"	"inline bool 写入条件匹配结果( 基础信息节点类* 宿主, const 结构_方法条件节点匹配结果& 匹配, 时间戳 now) noexcept"	"把处理结果写入指定对象、场景或日志。"	""	"ClCompile"	"自我动作实现模块.ixx:5209:        (void)写入条件匹配结果(宿主, 匹配, now);"
"present"	"特征_当前阻塞状态"	"特征_当前阻塞状态"	"自我动作实现模块.ixx:494"	"1"	"inline const 语素入口节点类* 特征_当前阻塞状态() noexcept"	"等待线程、任务、外设或条件变化。"	""	"ClCompile"	"自我动作实现模块.ixx:7407:            ok = 取或创建子特征(宿主, 特征_当前阻塞状态()) && ok;"
"present"	"读取条件绑定指针"	"读取条件绑定指针"	"自我动作实现模块.ixx:4971"	"1"	"inline bool 读取条件绑定指针( const 结构_方法条件绑定结果& 绑定, const 语素入口节点类* 特征类型, void*& 输出指针) noexcept"	"从指定来源读取数据或状态。"	""	"ClCompile"	"自我动作实现模块.ixx:5007:        if (读取条件绑定指针(绑定, 特征类型, 指针)) {"
"present"	"方法指针若属于自我方法树"	"方法指针若属于自我方法树"	"自我动作实现模块.ixx:5025"	"1"	"inline 方法类::节点类* 方法指针若属于自我方法树(void* 指针) noexcept"	"按函数名执行对应处理。"	""	"ClCompile"	"自我动作实现模块.ixx:5110:        if (auto* 方法 = 方法指针若属于自我方法树(指针)) {"
"present"	"按方法虚拟存在查找方法_动作模块"	"按方法虚拟存在查找方法_动作模块"	"自我动作实现模块.ixx:5072"	"1"	"inline 方法类::节点类* 按方法虚拟存在查找方法_动作模块( 基础信息节点类* 方法虚拟存在, 时间戳 now) noexcept"	"按条件查找目标对象、方法或事实。"	""	"ClCompile"	"自我动作实现模块.ixx:5113:        return 按方法虚拟存在查找方法_动作模块("
"present"	"特征_方法运行结果"	"特征_方法运行结果"	"自我动作实现模块.ixx:508"	"1"	"inline const 语素入口节点类* 特征_方法运行结果() noexcept"	"执行对应模块、线程或方法的运行逻辑。"	""	"ClCompile"	"自我动作实现.外设模块.ixx:999:    inline const 语素入口节点类* 特征_方法运行结果() noexcept"
"present"	"读取条件绑定目标方法头节点"	"读取条件绑定目标方法头节点"	"自我动作实现模块.ixx:5119"	"1"	"inline 方法类::节点类* 读取条件绑定目标方法头节点( const 结构_方法条件绑定结果& 绑定, 时间戳 now) noexcept"	"从指定来源读取数据或状态。"	""	"ClCompile"	"自我动作实现模块.ixx:5174:        绑定.目标方法头节点 = 读取条件绑定目标方法头节点(绑定, now);"
"present"	"读取条件绑定首个基础节点"	"读取条件绑定首个基础节点"	"自我动作实现模块.ixx:5137"	"1"	"inline 基础信息节点类* 读取条件绑定首个基础节点( const 结构_方法条件绑定结果& 绑定, std::initializer_list<const 语素入口节点类*> 特征集) noexcept"	"从指定来源读取数据或状态。"	""	"ClCompile"	"自我动作实现模块.ixx:5180:        绑定.目标特征节点 = 读取条件绑定首个基础节点("
"present"	"读取包区间"	"读取包区间"	"自我动作实现模块.ixx:5213"	"1"	"inline bool 读取包区间( 基础信息节点类* 包, const 语素入口节点类* 区间特征类型, I64& 输出下界, I64& 输出上界) noexcept"	"从指定来源读取数据或状态。"	""	"ClCompile"	"自我动作实现模块.ixx:5947:            if (读取包区间(形参节点, 特征_允许执行差值区间(), 直接下界, 直接上界)) {"
"present"	"读取包基础节点指针"	"读取包基础节点指针"	"自我动作实现模块.ixx:5241"	"1"	"inline bool 读取包基础节点指针( 基础信息节点类* 包, const 语素入口节点类* 子类型, 基础信息节点类*& 输出节点) noexcept"	"从指定来源读取数据或状态。"	""	"ClCompile"	"自我动作实现模块.ixx:5282:        if (读取包基础节点指针(包, 特征类型, 节点)) {"
"present"	"复制特征当前标量到宿主"	"复制特征当前标量到宿主"	"自我动作实现模块.ixx:5254"	"1"	"inline bool 复制特征当前标量到宿主( 特征节点类* 源特征, 基础信息节点类* 目标宿主, const 语素入口节点类* 目标特征类型, 时间戳 now) noexcept"	"按函数名执行对应处理。"	""	"ClCompile"	"自我动作实现模块.ixx:6651:                已复制 = 复制特征当前标量到宿主("
"present"	"创建子场景_按特征名"	"创建子场景_按特征名"	"自我动作实现模块.ixx:5289"	"1"	"inline 场景节点类* 创建子场景_按特征名( 基础信息节点类* 宿主, const 语素入口节点类* 场景名) noexcept"	"创建并返回或登记对应对象。"	""	"ClCompile"	"自我动作实现模块.ixx:6667:        auto* 可执行场景 = 创建子场景_按特征名(宿主, 特征_可执行输入参数场景());"
"present"	"特征_当前方法执行情况"	"特征_当前方法执行情况"	"自我动作实现模块.ixx:529"	"1"	"inline const 语素入口节点类* 特征_当前方法执行情况() noexcept"	"执行任务、方法或动作的主体逻辑。"	""	"ClCompile"	"自我动作实现.外设模块.ixx:1020:    inline const 语素入口节点类* 特征_当前方法执行情况() noexcept"
"present"	"读取方法自我能力值"	"读取方法自我能力值"	"自我动作实现模块.ixx:5312"	"1"	"inline I64 读取方法自我能力值(方法类::节点类* 方法首节点) noexcept"	"从指定来源读取数据或状态。"	""	"ClCompile"	"自我动作实现模块.ixx:9633:            const I64 能力值 = 读取方法自我能力值(目标方法);"
"present"	"注册本能函数执行闭环"	"注册本能函数执行闭环"	"自我动作实现模块.ixx:5653"	"1"	"inline bool 注册本能函数执行闭环() noexcept"	"注册方法、模板、对象或运行入口。"	""	"ClCompile"	"自我线程模块.impl.cpp:14649:        (void)自我动作实现模块::注册本能函数执行闭环();"
"present"	"确认练习规格"	"确认练习规格"	"自我动作实现模块.ixx:5738"	"1"	"inline bool 确认练习规格( 方法类::节点类* 方法首节点, 存在节点类* 方法存在, 时间戳 now) noexcept"	"确认候选事实、存在、状态或运行结果。"	""	"ClCompile"	"自我动作实现模块.ixx:8324:            return 确认练习规格(方法首节点, 方法存在, now);"
"present"	"练习输入具有目标特征"	"练习输入具有目标特征"	"自我动作实现模块.ixx:5824"	"1"	"inline bool 练习输入具有目标特征( 基础信息节点类* 输入包) noexcept"	"按函数名执行对应处理。"	""	"ClCompile"	"自我动作实现模块.ixx:5850:        return 练习输入具有目标特征(输入包)"
"present"	"练习输入具有方向或目标值"	"练习输入具有方向或目标值"	"自我动作实现模块.ixx:5835"	"1"	"inline bool 练习输入具有方向或目标值( 基础信息节点类* 输入包) noexcept"	"按函数名执行对应处理。"	""	"ClCompile"	"自我动作实现模块.ixx:5851:            || 练习输入具有方向或目标值(输入包);"
"present"	"练习输入具有指定参数"	"练习输入具有指定参数"	"自我动作实现模块.ixx:5847"	"1"	"inline bool 练习输入具有指定参数( 基础信息节点类* 输入包) noexcept"	"按函数名执行对应处理。"	""	"ClCompile"	"自我动作实现模块.ixx:6835:        const bool 任务指定参数 = 练习输入具有指定参数(输入包);"
"present"	"特征_当前值"	"特征_当前值"	"自我动作实现模块.ixx:585"	"1"	"inline const 语素入口节点类* 特征_当前值() noexcept"	"按函数名执行对应处理。"	""	"ClCompile"	"自我动作实现.外设模块.ixx:1076:    inline const 语素入口节点类* 特征_当前值() noexcept"
"present"	"练习方向转差值"	"练习方向转差值"	"自我动作实现模块.ixx:5855"	"1"	"inline I64 练习方向转差值(I64 方向) noexcept"	"按函数名执行对应处理。"	""	"ClCompile"	"自我动作实现模块.ixx:6995:                执行差值 = 练习方向转差值(方向);"
"present"	"生成无目的未出现I64参数"	"生成无目的未出现I64参数"	"自我动作实现模块.ixx:5863"	"1"	"inline I64 生成无目的未出现I64参数(I64 已生成数量) noexcept"	"根据当前输入生成目标数据、场景、动态或回执。"	""	"ClCompile"	"自我动作实现模块.ixx:6999:            执行差值 = 生成无目的未出现I64参数(已生成数量);"
"present"	"本能方法失败原因需异常承接"	"本能方法失败原因需异常承接"	"自我动作实现模块.ixx:5875"	"1"	"inline bool 本能方法失败原因需异常承接( const 语素入口节点类* 失败原因) noexcept"	"按函数名执行对应处理。"	""	"ClCompile"	"自我动作实现模块.ixx:5895:            && 本能方法失败原因需异常承接(失败原因);"
"present"	"参数值类型为I64"	"参数值类型为I64"	"自我动作实现模块.ixx:5909"	"1"	"inline bool 参数值类型为I64(基础信息节点类* 形参节点) noexcept"	"按函数名执行对应处理。"	""	"ClCompile"	"自我动作实现模块.ixx:6452:        if (参数值类型为I64(形参节点)) {"
"present"	"读取参数允许区间"	"读取参数允许区间"	"自我动作实现模块.ixx:5929"	"1"	"inline bool 读取参数允许区间( 基础信息节点类* 形参节点, const 语素入口节点类* 参数特征类型, I64& 下界, I64& 上界) noexcept"	"从指定来源读取数据或状态。"	""	"ClCompile"	"自我动作实现模块.ixx:6455:            (void)读取参数允许区间(形参节点, 参数特征类型, 下界, 上界);"
"present"	"区间中点"	"区间中点"	"自我动作实现模块.ixx:5963"	"1"	"inline I64 区间中点(I64 下界, I64 上界) noexcept"	"按函数名执行对应处理。"	""	"ClCompile"	"自我动作实现模块.ixx:6078:        const I64 中点 = 区间中点(下界, 上界);"
"present"	"有效候选预算"	"有效候选预算"	"自我动作实现模块.ixx:5981"	"1"	"inline std::uint64_t 有效候选预算(I64 最大候选数量) noexcept"	"按函数名执行对应处理。"	""	"ClCompile"	"自我动作实现模块.ixx:6019:        const auto 预算 = 有效候选预算(最大候选数量);"
"present"	"特征_已绑定实参表"	"特征_已绑定实参表"	"自我动作实现模块.ixx:599"	"1"	"inline const 语素入口节点类* 特征_已绑定实参表() noexcept"	"建立对象、任务、方法或因果之间的绑定关系。"	""	"ClCompile"	"自我动作实现.外设模块.ixx:1090:    inline const 语素入口节点类* 特征_已绑定实参表() noexcept"
"present"	"安全域大小"	"安全域大小"	"自我动作实现模块.ixx:5990"	"1"	"inline std::uint64_t 安全域大小(std::uint64_t 左侧数量, std::uint64_t 右侧数量) noexcept"	"按函数名执行对应处理。"	""	"ClCompile"	"自我动作实现模块.ixx:6018:        const auto 总数 = 安全域大小(左侧数量, 右侧数量);"
"present"	"生成区间扩展覆盖I64参数"	"生成区间扩展覆盖I64参数"	"自我动作实现模块.ixx:6000"	"1"	"inline I64 生成区间扩展覆盖I64参数( I64 已生成数量, I64 下界, I64 上界, I64 中点, I64 最大候选数量, I64& 输出策略) noexcept"	"根据当前输入生成目标数据、场景、动态或回执。"	""	"ClCompile"	"自我动作实现模块.ixx:6080:        return 生成区间扩展覆盖I64参数("
"present"	"生成区间内I64参数"	"生成区间内I64参数"	"自我动作实现模块.ixx:6059"	"1"	"inline I64 生成区间内I64参数( I64 已生成数量, I64 下界, I64 上界, bool 有历史值, I64 历史值, I64 最大候选数量, I64& 输出策略) noexcept"	"根据当前输入生成目标数据、场景、动态或回执。"	""	"ClCompile"	"自我动作实现模块.ixx:6460:            const I64 生成值 = 生成区间内I64参数("
"present"	"读取参数最大候选数量"	"读取参数最大候选数量"	"自我动作实现模块.ixx:6090"	"1"	"inline I64 读取参数最大候选数量(基础信息节点类* 形参节点) noexcept"	"从指定来源读取数据或状态。"	""	"ClCompile"	"自我动作实现模块.ixx:6458:            const I64 最大候选数量 = 读取参数最大候选数量(形参节点);"
"present"	"复制任务参数到候选实参"	"复制任务参数到候选实参"	"自我动作实现模块.ixx:6103"	"1"	"inline bool 复制任务参数到候选实参( 基础信息节点类* 输入包, const 语素入口节点类* 参数特征类型, 基础信息节点类* 候选参数, 时间戳 now) noexcept"	"按函数名执行对应处理。"	""	"ClCompile"	"自我动作实现模块.ixx:6441:        const bool 任务已提供 = 复制任务参数到候选实参("
"present"	"复制输入I64到候选实参"	"复制输入I64到候选实参"	"自我动作实现模块.ixx:6224"	"1"	"inline bool 复制输入I64到候选实参( 基础信息节点类* 输入包, 基础信息节点类* 实参表宿主, const 语素入口节点类* 参数特征类型, 时间戳 now) noexcept"	"按函数名执行对应处理。"	""	"ClCompile"	"自我动作实现模块.ixx:6976:            if (复制输入I64到候选实参("
"present"	"离散集合扩展索引"	"离散集合扩展索引"	"自我动作实现模块.ixx:6248"	"1"	"inline std::size_t 离散集合扩展索引(std::size_t 数量, I64 已生成数量) noexcept"	"按函数名执行对应处理。"	""	"ClCompile"	"自我动作实现模块.ixx:6281:        const auto 目标索引 = 离散集合扩展索引(数量, 已生成数量);"
"present"	"取离散候选节点"	"取离散候选节点"	"自我动作实现模块.ixx:6275"	"1"	"inline 基础信息节点类* 取离散候选节点( 基础信息节点类* 集合, I64 已生成数量) noexcept"	"按函数名执行对应处理。"	""	"ClCompile"	"自我动作实现模块.ixx:6385:            auto* 候选节点 = 取离散候选节点("
"present"	"读取特征当前指针实参"	"读取特征当前指针实参"	"自我动作实现模块.ixx:6303"	"1"	"inline bool 读取特征当前指针实参( 基础信息节点类* 节点, void*& 输出指针) noexcept"	"从指定来源读取数据或状态。"	""	"ClCompile"	"自我动作实现模块.ixx:6403:        if (读取特征当前指针实参(形参节点, 默认指针)) {"
"present"	"复制固定参数到候选实参"	"复制固定参数到候选实参"	"自我动作实现模块.ixx:6344"	"1"	"inline bool 复制固定参数到候选实参( 基础信息节点类* 固定参数表, const 语素入口节点类* 参数特征类型, const 语素入口节点类* 参数值类型, 基础信息节点类* 实参表宿主, 时间戳 now) noexcept"	"按函数名执行对应处理。"	""	"ClCompile"	"自我动作实现模块.ixx:6375:        if (复制固定参数到候选实参("
"present"	"生成非I64候选实参"	"生成非I64候选实参"	"自我动作实现模块.ixx:6366"	"1"	"inline bool 生成非I64候选实参( 基础信息节点类* 形参节点, 基础信息节点类* 固定参数表, 基础信息节点类* 实参表宿主, const 语素入口节点类* 参数特征类型, const 语素入口节点类* 参数值类型, I64 已生成数量, 时间戳 now) noexcept"	"根据当前输入生成目标数据、场景、动态或回执。"	""	"ClCompile"	"自我动作实现模块.ixx:6477:        if (生成非I64候选实参("
"present"	"生成单个候选实参"	"生成单个候选实参"	"自我动作实现模块.ixx:6417"	"1"	"inline bool 生成单个候选实参( 基础信息节点类* 输入包, 基础信息节点类* 形参节点, 基础信息节点类* 固定参数表, 基础信息节点类* 实参表宿主, I64 已生成数量, 时间戳 now, I64& 绑定参数数量, I64& 缺失参数数量) noexcept"	"根据当前输入生成目标数据、场景、动态或回执。"	""	"ClCompile"	"自我动作实现模块.ixx:6511:            (void)生成单个候选实参("
"present"	"生成形参表候选实参"	"生成形参表候选实参"	"自我动作实现模块.ixx:6497"	"1"	"inline bool 生成形参表候选实参( 基础信息节点类* 形参表, 基础信息节点类* 固定参数表, 基础信息节点类* 输入包, 基础信息节点类* 实参表宿主, I64 已生成数量, 时间戳 now, I64& 绑定参数数量, I64& 缺失参数数量) noexcept"	"根据当前输入生成目标数据、场景、动态或回执。"	""	"ClCompile"	"自我动作实现模块.ixx:6878:            if (生成形参表候选实参("
"present"	"候选实参已具备值"	"候选实参已具备值"	"自我动作实现模块.ixx:6525"	"1"	"inline bool 候选实参已具备值( 基础信息节点类* 实参表宿主, const 语素入口节点类* 参数特征类型) noexcept"	"按函数名执行对应处理。"	""	"ClCompile"	"自我动作实现模块.ixx:6552:            const bool 已绑定 = 候选实参已具备值(实参表宿主, 参数特征类型);"
"present"	"复制候选实参到输入包"	"复制候选实参到输入包"	"自我动作实现模块.ixx:6638"	"1"	"inline bool 复制候选实参到输入包( 基础信息节点类* 候选实参表, 基础信息节点类* 输入包, 时间戳 now) noexcept"	"按函数名执行对应处理。"	""	"ClCompile"	"自我动作实现模块.ixx:6673:        return 复制候选实参到输入包("
"present"	"读取目标方法形参值类型"	"读取目标方法形参值类型"	"自我动作实现模块.ixx:6703"	"1"	"inline const 语素入口节点类* 读取目标方法形参值类型( 基础信息节点类* 目标方法宿主, const 语素入口节点类* 参数特征类型) noexcept"	"从指定来源读取数据或状态。"	""	"ClCompile"	"自我动作实现模块.ixx:6744:            const auto* 参数值类型 = 读取目标方法形参值类型("
"present"	"复制条件实参特征到候选实参"	"复制条件实参特征到候选实参"	"自我动作实现模块.ixx:6723"	"1"	"inline bool 复制条件实参特征到候选实参( 基础信息节点类* 目标方法宿主, 特征节点类* 条件实参, 基础信息节点类* 实参表宿主, 时间戳 now) noexcept"	"按函数名执行对应处理。"	""	"ClCompile"	"自我动作实现模块.ixx:6773:                && 复制条件实参特征到候选实参("
"present"	"复制条件场景实参到候选实参表"	"复制条件场景实参到候选实参表"	"自我动作实现模块.ixx:6785"	"1"	"inline I64 复制条件场景实参到候选实参表( 基础信息节点类* 目标方法宿主, 场景节点类* 条件场景, 基础信息节点类* 实参表宿主, 时间戳 now) noexcept"	"按函数名执行对应处理。"	""	"ClCompile"	"自我动作实现模块.ixx:6847:                const I64 条件实参数量 = 复制条件场景实参到候选实参表("
"present"	"生成尝试学习探索实参表"	"生成尝试学习探索实参表"	"自我动作实现模块.ixx:7032"	"1"	"inline 特征节点类* 生成尝试学习探索实参表( 方法类::节点类* 目标方法, 基础信息节点类* 目标方法宿主, 基础信息节点类* 输入包, 时间戳 now, I64& 输出练习模式, I64& 输出候选实参数量, I64& 输出绑定参数数量, I64& 输出缺失参数数量) noexcept"	"根据当前输入生成目标数据、场景、动态或回执。"	""	"ClCompile"	"自我动作实现模块.ixx:8975:            ? 生成尝试学习探索实参表("
"present"	"生成练习候选实参表"	"生成练习候选实参表"	"自我动作实现模块.ixx:7057"	"1"	"inline 特征节点类* 生成练习候选实参表( 方法类::节点类* 目标方法, 基础信息节点类* 目标方法宿主, 基础信息节点类* 输入包, 时间戳 now, I64& 输出练习模式, I64& 输出候选实参数量, I64& 输出绑定参数数量, I64& 输出缺失参数数量) noexcept"	"根据当前输入生成目标数据、场景、动态或回执。"	""	"ClCompile"	"自我动作实现模块.ixx:9597:            候选实参表 = 生成练习候选实参表("
"present"	"构建目标方法结果能力场景"	"构建目标方法结果能力场景"	"自我动作实现模块.ixx:7082"	"1"	"inline 场景节点类* 构建目标方法结果能力场景( 方法类::节点类* 目标方法, 场景节点类* 备用结果场景, 时间戳 now) noexcept"	"构建运行所需的数据结构或中间结果。"	""	"ClCompile"	"自我动作实现模块.ixx:8992:            ? 构建目标方法结果能力场景("
"present"	"确认尝试学习规格"	"确认尝试学习规格"	"自我动作实现模块.ixx:7139"	"1"	"inline bool 确认尝试学习规格( 方法类::节点类* 方法首节点, 存在节点类* 方法存在, 时间戳 now) noexcept"	"确认候选事实、存在、状态或运行结果。"	""	"ClCompile"	"自我动作实现模块.ixx:8320:            return 确认尝试学习规格(方法首节点, 方法存在, now);"
"present"	"确认定向学习规格"	"确认定向学习规格"	"自我动作实现模块.ixx:7209"	"1"	"inline bool 确认定向学习规格( 方法类::节点类* 方法首节点, 存在节点类* 方法存在, 时间戳 now) noexcept"	"确认候选事实、存在、状态或运行结果。"	""	"ClCompile"	"自我动作实现模块.ixx:8322:            return 确认定向学习规格(方法首节点, 方法存在, now);"
"present"	"值_来源_输入现实场景包"	"值_来源_输入现实场景包"	"自我动作实现模块.ixx:753"	"1"	"inline const 语素入口节点类* 值_来源_输入现实场景包() noexcept"	"按函数名执行对应处理。"	""	"ClCompile"	"自我动作实现.外设模块.ixx:1237:    inline const 语素入口节点类* 值_来源_输入现实场景包() noexcept"
"present"	"值_来源_输入任务参数包"	"值_来源_输入任务参数包"	"自我动作实现模块.ixx:760"	"1"	"inline const 语素入口节点类* 值_来源_输入任务参数包() noexcept"	"按函数名执行对应处理。"	""	"ClCompile"	"自我动作实现.外设模块.ixx:1244:    inline const 语素入口节点类* 值_来源_输入任务参数包() noexcept"
"present"	"值_来源_目标现实场景"	"值_来源_目标现实场景"	"自我动作实现模块.ixx:781"	"1"	"inline const 语素入口节点类* 值_来源_目标现实场景() noexcept"	"按函数名执行对应处理。"	""	"ClCompile"	"自我动作实现.外设模块.ixx:1265:    inline const 语素入口节点类* 值_来源_目标现实场景() noexcept"
"present"	"值_任务回执_运行成功"	"值_任务回执_运行成功"	"自我动作实现模块.ixx:849"	"1"	"inline const 语素入口节点类* 值_任务回执_运行成功() noexcept"	"执行对应模块、线程或方法的运行逻辑。"	""	"ClCompile"	"自我动作实现.外设模块.ixx:1333:    inline const 语素入口节点类* 值_任务回执_运行成功() noexcept"
"present"	"值_任务回执_运行失败"	"值_任务回执_运行失败"	"自我动作实现模块.ixx:856"	"1"	"inline const 语素入口节点类* 值_任务回执_运行失败() noexcept"	"执行对应模块、线程或方法的运行逻辑。"	""	"ClCompile"	"自我动作实现.外设模块.ixx:1340:    inline const 语素入口节点类* 值_任务回执_运行失败() noexcept"
"present"	"确保方法域提交本能方法"	"确保方法域提交本能方法"	"自我动作实现模块.ixx:8574"	"1"	"inline 方法类::节点类* 确保方法域提交本能方法( 方法类::节点类* 方法树锚点, 枚举_本能方法ID 本能ID, 时间戳 now) noexcept"	"提交事实、动态、任务状态或运行回执。"	""	"ClCompile"	"自我动作实现模块.ixx:8998:            ? 确保方法域提交本能方法("
"present"	"确保方法域提交输出场景"	"确保方法域提交输出场景"	"自我动作实现模块.ixx:8592"	"1"	"inline 场景节点类* 确保方法域提交输出场景( 方法类::节点类* 提交方法首节点, 场景节点类*& 输出结果场景, 时间戳 now) noexcept"	"提交事实、动态、任务状态或运行回执。"	""	"ClCompile"	"自我动作实现模块.ixx:8678:            ? 确保方法域提交输出场景(提交方法首节点, 输出结果场景, now)"
"present"	"记录并提示方法域提交动态缺失"	"记录并提示方法域提交动态缺失"	"自我动作实现模块.ixx:8610"	"1"	"inline void 记录并提示方法域提交动态缺失( const char* 动作名, 方法类::节点类* 提交方法首节点, 方法类::节点类* 目标方法, const 语素入口节点类* 特征类型, I64 旧值, I64 新值) noexcept"	"提交事实、动态、任务状态或运行回执。"	""	"ClCompile"	"自我动作实现模块.ixx:8727:            记录并提示方法域提交动态缺失("
"present"	"值_任务回执_等待学习"	"值_任务回执_等待学习"	"自我动作实现模块.ixx:863"	"1"	"inline const 语素入口节点类* 值_任务回执_等待学习() noexcept"	"等待线程、任务、外设或条件变化。"	""	"ClCompile"	"自我动作实现.外设模块.ixx:1347:    inline const 语素入口节点类* 值_任务回执_等待学习() noexcept"
"present"	"值_任务回执_等待补齐"	"值_任务回执_等待补齐"	"自我动作实现模块.ixx:870"	"1"	"inline const 语素入口节点类* 值_任务回执_等待补齐() noexcept"	"等待线程、任务、外设或条件变化。"	""	"ClCompile"	"自我动作实现.外设模块.ixx:1354:    inline const 语素入口节点类* 值_任务回执_等待补齐() noexcept"
"present"	"值_任务回执_不可推进"	"值_任务回执_不可推进"	"自我动作实现模块.ixx:877"	"1"	"inline const 语素入口节点类* 值_任务回执_不可推进() noexcept"	"按函数名执行对应处理。"	""	"ClCompile"	"自我动作实现.外设模块.ixx:1361:    inline const 语素入口节点类* 值_任务回执_不可推进() noexcept"
"present"	"值_任务回执_条件不满足"	"值_任务回执_条件不满足"	"自我动作实现模块.ixx:884"	"1"	"inline const 语素入口节点类* 值_任务回执_条件不满足() noexcept"	"按函数名执行对应处理。"	""	"ClCompile"	"自我动作实现.外设模块.ixx:1368:    inline const 语素入口节点类* 值_任务回执_条件不满足() noexcept"
"present"	"值_任务回执_运行未达成目标"	"值_任务回执_运行未达成目标"	"自我动作实现模块.ixx:891"	"1"	"inline const 语素入口节点类* 值_任务回执_运行未达成目标() noexcept"	"执行对应模块、线程或方法的运行逻辑。"	""	"ClCompile"	"自我动作实现.外设模块.ixx:1375:    inline const 语素入口节点类* 值_任务回执_运行未达成目标() noexcept"
"present"	"值_无筹办缺口"	"值_无筹办缺口"	"自我动作实现模块.ixx:898"	"1"	"inline const 语素入口节点类* 值_无筹办缺口() noexcept"	"推进任务筹办，形成候选、缺口或就绪回执。"	""	"ClCompile"	"自我动作实现.外设模块.ixx:1382:    inline const 语素入口节点类* 值_无筹办缺口() noexcept"
"present"	"值_筹办缺口_任务信息缺失"	"值_筹办缺口_任务信息缺失"	"自我动作实现模块.ixx:905"	"1"	"inline const 语素入口节点类* 值_筹办缺口_任务信息缺失() noexcept"	"推进任务筹办，形成候选、缺口或就绪回执。"	""	"ClCompile"	"自我动作实现.外设模块.ixx:1389:    inline const 语素入口节点类* 值_筹办缺口_任务信息缺失() noexcept"
"present"	"值_筹办缺口_需求目标不可解析"	"值_筹办缺口_需求目标不可解析"	"自我动作实现模块.ixx:912"	"1"	"inline const 语素入口节点类* 值_筹办缺口_需求目标不可解析() noexcept"	"解析输入文本、消息、场景或运行包。"	""	"ClCompile"	"自我动作实现.外设模块.ixx:1396:    inline const 语素入口节点类* 值_筹办缺口_需求目标不可解析() noexcept"
"present"	"值_筹办缺口_无确定候选方法"	"值_筹办缺口_无确定候选方法"	"自我动作实现模块.ixx:919"	"1"	"inline const 语素入口节点类* 值_筹办缺口_无确定候选方法() noexcept"	"推进任务筹办，形成候选、缺口或就绪回执。"	""	"ClCompile"	"自我动作实现.外设模块.ixx:1403:    inline const 语素入口节点类* 值_筹办缺口_无确定候选方法() noexcept"
"present"	"值_筹办缺口_候选方法不可用"	"值_筹办缺口_候选方法不可用"	"自我动作实现模块.ixx:926"	"1"	"inline const 语素入口节点类* 值_筹办缺口_候选方法不可用() noexcept"	"推进任务筹办，形成候选、缺口或就绪回执。"	""	"ClCompile"	"自我动作实现.外设模块.ixx:1410:    inline const 语素入口节点类* 值_筹办缺口_候选方法不可用() noexcept"
"present"	"值_筹办缺口_候选方法缺执行入口"	"值_筹办缺口_候选方法缺执行入口"	"自我动作实现模块.ixx:933"	"1"	"inline const 语素入口节点类* 值_筹办缺口_候选方法缺执行入口() noexcept"	"执行任务、方法或动作的主体逻辑。"	""	"ClCompile"	"自我动作实现.外设模块.ixx:1417:    inline const 语素入口节点类* 值_筹办缺口_候选方法缺执行入口() noexcept"
"present"	"值_筹办缺口_候选方法条件不满足"	"值_筹办缺口_候选方法条件不满足"	"自我动作实现模块.ixx:940"	"1"	"inline const 语素入口节点类* 值_筹办缺口_候选方法条件不满足() noexcept"	"推进任务筹办，形成候选、缺口或就绪回执。"	""	"ClCompile"	"自我动作实现.外设模块.ixx:1424:    inline const 语素入口节点类* 值_筹办缺口_候选方法条件不满足() noexcept"
"present"	"值_筹办缺口_参数配对失败"	"值_筹办缺口_参数配对失败"	"自我动作实现模块.ixx:947"	"1"	"inline const 语素入口节点类* 值_筹办缺口_参数配对失败() noexcept"	"推进任务筹办，形成候选、缺口或就绪回执。"	""	"ClCompile"	"自我动作实现.外设模块.ixx:1431:    inline const 语素入口节点类* 值_筹办缺口_参数配对失败() noexcept"
"present"	"值_执行缺口_任务状态不允许执行"	"值_执行缺口_任务状态不允许执行"	"自我动作实现模块.ixx:961"	"1"	"inline const 语素入口节点类* 值_执行缺口_任务状态不允许执行() noexcept"	"执行任务、方法或动作的主体逻辑。"	""	"ClCompile"	"自我动作实现.外设模块.ixx:1445:    inline const 语素入口节点类* 值_执行缺口_任务状态不允许执行() noexcept"
"present"	"值_执行缺口_当前方法缺失"	"值_执行缺口_当前方法缺失"	"自我动作实现模块.ixx:968"	"1"	"inline const 语素入口节点类* 值_执行缺口_当前方法缺失() noexcept"	"执行任务、方法或动作的主体逻辑。"	""	"ClCompile"	"自我动作实现.外设模块.ixx:1452:    inline const 语素入口节点类* 值_执行缺口_当前方法缺失() noexcept"
"present"	"值_执行缺口_当前方法无执行入口"	"值_执行缺口_当前方法无执行入口"	"自我动作实现模块.ixx:982"	"1"	"inline const 语素入口节点类* 值_执行缺口_当前方法无执行入口() noexcept"	"执行任务、方法或动作的主体逻辑。"	""	"ClCompile"	"自我动作实现.外设模块.ixx:1466:    inline const 语素入口节点类* 值_执行缺口_当前方法无执行入口() noexcept"
"present"	"私有_绑定当前自我概念集"	"私有_绑定当前自我概念集"	"自我类.初始化.cpp:126"	"1"	"bool 私有_绑定当前自我概念集(自我类& 自我对象) noexcept"	"建立对象、任务、方法或因果之间的绑定关系。"	""	"ClCompile"	"自我类.初始化.cpp:294:                && 私有_绑定当前自我概念集(自我对象);"
"present"	"自我特征定义类::类型_自检_结构存在状态"	"类型_自检_结构存在状态"	"自我类.特征定义.cpp:469"	"1"	"const 语素入口节点类* 自我特征定义类::类型_自检_结构存在状态() noexcept"	"按函数名执行对应处理。"	""	"ClCompile"	"自我类.特征定义.ixx:80:    static const 语素入口节点类* 类型_自检_结构存在状态() noexcept;"
"present"	"自我特征定义类::类型_自检_需求根存在状态"	"类型_自检_需求根存在状态"	"自我类.特征定义.cpp:472"	"1"	"const 语素入口节点类* 自我特征定义类::类型_自检_需求根存在状态() noexcept"	"按函数名执行对应处理。"	""	"ClCompile"	"自我类.特征定义.ixx:81:    static const 语素入口节点类* 类型_自检_需求根存在状态() noexcept;"
"present"	"自我特征定义类::类型_自检_任务根存在状态"	"类型_自检_任务根存在状态"	"自我类.特征定义.cpp:475"	"1"	"const 语素入口节点类* 自我特征定义类::类型_自检_任务根存在状态() noexcept"	"按函数名执行对应处理。"	""	"ClCompile"	"自我类.特征定义.ixx:82:    static const 语素入口节点类* 类型_自检_任务根存在状态() noexcept;"
"present"	"自我特征定义类::类型_自检_方法根存在状态"	"类型_自检_方法根存在状态"	"自我类.特征定义.cpp:478"	"1"	"const 语素入口节点类* 自我特征定义类::类型_自检_方法根存在状态() noexcept"	"按函数名执行对应处理。"	""	"ClCompile"	"自我类.特征定义.ixx:83:    static const 语素入口节点类* 类型_自检_方法根存在状态() noexcept;"
"present"	"自我特征定义类::类型_自检_内部世界存在状态"	"类型_自检_内部世界存在状态"	"自我类.特征定义.cpp:481"	"1"	"const 语素入口节点类* 自我特征定义类::类型_自检_内部世界存在状态() noexcept"	"按函数名执行对应处理。"	""	"ClCompile"	"自我类.特征定义.ixx:84:    static const 语素入口节点类* 类型_自检_内部世界存在状态() noexcept;"
"present"	"自我特征定义类::类型_自检_核心状态可读写状态"	"类型_自检_核心状态可读写状态"	"自我类.特征定义.cpp:484"	"1"	"const 语素入口节点类* 自我特征定义类::类型_自检_核心状态可读写状态() noexcept"	"按函数名执行对应处理。"	""	"ClCompile"	"自我类.特征定义.ixx:85:    static const 语素入口节点类* 类型_自检_核心状态可读写状态() noexcept;"
"present"	"自我特征定义类::类型_自检_任务虚拟存在绑定状态"	"类型_自检_任务虚拟存在绑定状态"	"自我类.特征定义.cpp:487"	"1"	"const 语素入口节点类* 自我特征定义类::类型_自检_任务虚拟存在绑定状态() noexcept"	"建立对象、任务、方法或因果之间的绑定关系。"	""	"ClCompile"	"自我类.特征定义.ixx:86:    static const 语素入口节点类* 类型_自检_任务虚拟存在绑定状态() noexcept;"
"present"	"自我类::设置服务时序衰减步长"	"设置服务时序衰减步长"	"自我类.cpp:1011"	"1"	"void 自我类::设置服务时序衰减步长(I64 步长) noexcept"	"设置对象字段、状态或运行参数。"	""	"ClCompile"	"自我类.ixx:148:    void 设置服务时序衰减步长(I64 步长) noexcept;"
"present"	"自我类::获取当前主方法"	"获取当前主方法"	"自我类.cpp:1255"	"1"	"方法类::节点类* 自我类::获取当前主方法() const noexcept"	"读取并返回指定对象、状态或运行材料。"	""	"ClCompile"	"自我类.ixx:195:    方法类::节点类* 获取当前主方法() const noexcept;"
"present"	"自我类::设置当前主方法"	"设置当前主方法"	"自我类.cpp:1289"	"1"	"bool 自我类::设置当前主方法(方法类::节点类* 节点, 时间戳 now) noexcept"	"设置对象字段、状态或运行参数。"	""	"ClCompile"	"自我类.ixx:205:    bool 设置当前主方法("
"present"	"自我类::安全值增加"	"安全值增加"	"自我类.cpp:1301"	"1"	"void 自我类::安全值增加(I64 delta) noexcept"	"按函数名执行对应处理。"	""	"ClCompile"	"自我类.ixx:210:    void 安全值增加(I64 delta) noexcept;"
"present"	"自我类::安全值减少"	"安全值减少"	"自我类.cpp:1308"	"1"	"void 自我类::安全值减少(I64 delta) noexcept"	"按函数名执行对应处理。"	""	"ClCompile"	"自我类.ixx:211:    void 安全值减少(I64 delta) noexcept;"
"present"	"自我类::服务值增加"	"服务值增加"	"自我类.cpp:1315"	"1"	"void 自我类::服务值增加(I64 delta) noexcept"	"按函数名执行对应处理。"	""	"ClCompile"	"自我类.ixx:212:    void 服务值增加(I64 delta) noexcept;"
"present"	"自我类::服务值减少"	"服务值减少"	"自我类.cpp:1322"	"1"	"void 自我类::服务值减少(I64 delta) noexcept"	"按函数名执行对应处理。"	""	"ClCompile"	"自我类.ixx:213:    void 服务值减少(I64 delta) noexcept;"
"present"	"自我类::应用服务归零待机保护"	"应用服务归零待机保护"	"自我类.cpp:1329"	"1"	"bool 自我类::应用服务归零待机保护(时间戳 now) noexcept"	"按函数名执行对应处理。"	""	"ClCompile"	"自我类.ixx:215:    bool 应用服务归零待机保护("
"present"	"私有_抽象特征名词_自我类"	"私有_抽象特征名词_自我类"	"自我类.cpp:141"	"1"	"const 语素入口节点类* 私有_抽象特征名词_自我类(const char* 文本)"	"服务所在模块的内部辅助流程。"	""	"ClCompile"	"自我类.cpp:233:            私有_抽象特征名词_自我类(""高位""));"
"present"	"自我类::应用按服务值重算安全增加步长"	"应用按服务值重算安全增加步长"	"自我类.cpp:1477"	"1"	"bool 自我类::应用按服务值重算安全增加步长(时间戳 now) noexcept"	"按函数名执行对应处理。"	""	"ClCompile"	"自我类.ixx:225:    bool 应用按服务值重算安全增加步长("
"present"	"私有_自我根特征类型词_自我类"	"私有_自我根特征类型词_自我类"	"自我类.cpp:149"	"1"	"const 语素入口节点类* 私有_自我根特征类型词_自我类( const 枚举_自我根特征类型_自我类 类型) noexcept"	"服务所在模块的内部辅助流程。"	""	"ClCompile"	"自我类.cpp:219:        const auto* 自我特征类型 = 私有_自我根特征类型词_自我类(根特征类型);"
"present"	"自我类::应用按服务值重算安全减少步长"	"应用按服务值重算安全减少步长"	"自我类.cpp:1505"	"1"	"bool 自我类::应用按服务值重算安全减少步长(时间戳 now) noexcept"	"按函数名执行对应处理。"	""	"ClCompile"	"自我类.ixx:228:    bool 应用按服务值重算安全减少步长("
"present"	"自我类::应用安全低位回升"	"应用安全低位回升"	"自我类.cpp:1533"	"1"	"bool 自我类::应用安全低位回升(I64 delta, 时间戳 now) noexcept"	"按函数名执行对应处理。"	""	"ClCompile"	"自我类.ixx:231:    bool 应用安全低位回升("
"present"	"自我类::应用安全高位回落"	"应用安全高位回落"	"自我类.cpp:1571"	"1"	"bool 自我类::应用安全高位回落(I64 delta, 时间戳 now) noexcept"	"按函数名执行对应处理。"	""	"ClCompile"	"自我类.ixx:235:    bool 应用安全高位回落("
"present"	"自我类::应用风险安全回归"	"应用风险安全回归"	"自我类.cpp:1609"	"1"	"bool 自我类::应用风险安全回归(I64 delta, 时间戳 now) noexcept"	"按函数名执行对应处理。"	""	"ClCompile"	"自我类.ixx:239:    bool 应用风险安全回归("
"present"	"私有_读取抽象特征I64区间_自我类"	"私有_读取抽象特征I64区间_自我类"	"自我类.cpp:163"	"1"	"bool 私有_读取抽象特征I64区间_自我类( const 抽象特征主信息类* 主信息, I64区间& 输出) noexcept"	"从指定来源读取数据或状态。"	""	"ClCompile"	"自我类.cpp:236:        if (!私有_读取抽象特征I64区间_自我类(目标主信息, 目标区间)) {"
"present"	"自我类::增加可用方法数量"	"增加可用方法数量"	"自我类.cpp:1678"	"1"	"bool 自我类::增加可用方法数量(I64 增量, 时间戳 now) noexcept"	"按函数名执行对应处理。"	""	"ClCompile"	"自我类.ixx:247:    bool 增加可用方法数量("
"present"	"自我类::确保根任务_"	"确保根任务_"	"自我类.cpp:2272"	"1"	"任务类::节点类* 自我类::确保根任务_( 存在节点类* 自我存在, const 语素入口节点类* 任务名称, const 语素入口节点类* 任务类型, 需求类::节点类* 来源需求) noexcept"	"确保目标结构、状态或前置条件存在并可用。"	""	"ClCompile"	"自我类.ixx:303:    任务类::节点类* 确保根任务_("
"present"	"私有_确保存在指针特征已初始化"	"私有_确保存在指针特征已初始化"	"自我类.cpp:325"	"1"	"void 私有_确保存在指针特征已初始化( 存在节点类* 宿主存在, const 语素入口节点类* 特征类型, std::uintptr_t 默认值, const 时间戳 now) noexcept"	"初始化相关对象、状态或运行上下文。"	""	"ClCompile"	"自我类.cpp:390:            私有_确保存在指针特征已初始化("
"present"	"私有_初始化线程子存在标准特征"	"私有_初始化线程子存在标准特征"	"自我类.cpp:342"	"1"	"void 私有_初始化线程子存在标准特征( 存在节点类* 线程存在, const bool 是工作线程, const bool 是自我线程, const 时间戳 now) noexcept"	"初始化相关对象、状态或运行上下文。"	""	"ClCompile"	"自我类.cpp:911:    私有_初始化线程子存在标准特征("
"present"	"私有_方法镜像特征词"	"私有_方法镜像特征词"	"自我类.cpp:431"	"1"	"const 语素入口节点类* 私有_方法镜像特征词(const char* 名称) noexcept"	"服务所在模块的内部辅助流程。"	""	"ClCompile"	"自我类.cpp:499:            私有_方法镜像特征词(""方法最近连续成功次数""),"
"present"	"私有_统计方法条件结果对数量_镜像"	"私有_统计方法条件结果对数量_镜像"	"自我类.cpp:456"	"1"	"I64 私有_统计方法条件结果对数量_镜像(const 方法节点* 方法头) noexcept"	"服务所在模块的内部辅助流程。"	""	"ClCompile"	"自我类.cpp:505:        return 私有_统计方法条件结果对数量_镜像(方法头) > 0;"
"present"	"私有_方法达到可用镜像口径"	"私有_方法达到可用镜像口径"	"自我类.cpp:490"	"1"	"bool 私有_方法达到可用镜像口径(const 方法节点* 方法头) noexcept"	"服务所在模块的内部辅助流程。"	""	"ClCompile"	"自我类.cpp:1720:        if (私有_方法达到可用镜像口径(当前)) {"
"present"	"私有_创建本能动作动态"	"私有_创建本能动作动态"	"自我类.cpp:531"	"1"	"动态节点类* 私有_创建本能动作动态( 自我类& 自我对象, 特征节点类* 特征节点, 状态节点类* 条件状态, 状态节点类* 结果状态, 枚举_本能方法ID 本能ID, 时间戳 now) noexcept"	"创建并返回或登记对应对象。"	""	"ClCompile"	"自我类.cpp:611:        auto* 动态节点 = 私有_创建本能动作动态("
"present"	"私有_记录自我I64状态"	"私有_记录自我I64状态"	"自我类.cpp:731"	"1"	"bool 私有_记录自我I64状态( 自我类& 自我对象, const 语素入口节点类* 特征类型, I64 新值, const std::string& 因动作语义键, 时间戳 now) noexcept"	"记录日志、动态、证据或运行痕迹。"	""	"ClCompile"	"自我类.cpp:954:    return 私有_记录自我I64状态("
"present"	"自我类::~自我类"	"~自我类"	"自我类.cpp:814"	"1"	"自我类::~自我类()"	"释放或收束对象资源。"	"ctor_dtor"	"ClCompile"	"自我类.ixx:106:    ~自我类();"
"present"	"自我类::初始化自我"	"初始化自我"	"自我类.cpp:822"	"1"	"void 自我类::初始化自我()"	"初始化相关对象、状态或运行上下文。"	""	"ClCompile"	"自我类.ixx:113:    void 初始化自我();"
"present"	"自我类::确保自我现实场景"	"确保自我现实场景"	"自我类.cpp:852"	"1"	"场景节点类* 自我类::确保自我现实场景()"	"确保目标结构、状态或前置条件存在并可用。"	""	"ClCompile"	"自我类.ixx:120:    场景节点类* 确保自我现实场景();"
"present"	"需求节点是结构根"	"需求节点是结构根"	"自我线程模块.消息处理器.ixx:100"	"1"	"inline bool 需求节点是结构根(const 需求节点* 节点) noexcept"	"按函数名执行对应处理。"	""	"ClCompile"	"自我线程模块.消息处理器.ixx:490:            if (需求节点是结构根(父需求)) {"
"present"	"新增需求原子目标缺失项文本"	"新增需求原子目标缺失项文本"	"自我线程模块.消息处理器.ixx:120"	"1"	"inline const char* 新增需求原子目标缺失项文本( const 枚举_新增需求原子目标缺失项 缺失项) noexcept"	"把新增需求原子目标缺失项转换为弹错文本。"	""	"ClCompile"	"自我线程模块.消息处理器.ixx:499:                    + std::string(新增需求原子目标缺失项文本(原子目标缺失项))"
"present"	"按主键定位需求节点"	"按主键定位需求节点"	"自我线程模块.消息处理器.ixx:69"	"1"	"inline 需求节点* 按主键定位需求节点( 需求节点* 需求根节点, const std::string& 主键) noexcept"	"按函数名执行对应处理。"	""	"ClCompile"	"自我线程模块.消息处理器.ixx:96:    return 按主键定位需求节点(需求根节点, 主键);"
"present"	"根据主导需求创建任务根节点"	"根据主导需求创建任务根节点"	"自我线程模块.消息批次执行器.ixx:306"	"1"	"inline 结构_任务根节点 根据主导需求创建任务根节点( const 自我类& 自我对象, const 时间戳 now, const 枚举_任务管理根层重判结果 根层重判结果, const std::string& 上层反馈摘要) noexcept"	"创建并返回或登记对应对象。"	""	"ClCompile"	"自我线程模块.消息批次执行器.ixx:280:inline 结构_任务根节点 根据主导需求创建任务根节点("
"present"	"初始化任务控制态"	"初始化任务控制态"	"自我线程模块.消息批次执行器.ixx:330"	"1"	"inline 结构_任务控制态 初始化任务控制态( const 结构_任务根节点& 根节点, const 自我线程消息协议::结构_治理消息& 已消费消息, const 枚举_任务管理执行前门控结果 执行前门控结果) noexcept"	"初始化相关对象、状态或运行上下文。"	""	"ClCompile"	"自我线程模块.消息批次执行器.ixx:302:inline 结构_任务控制态 初始化任务控制态("
"present"	"从控制面板刷新请求构造治理消息"	"从控制面板刷新请求构造治理消息"	"自我线程模块.消息协议.ixx:1747"	"1"	"inline 结构_治理消息 从控制面板刷新请求构造治理消息( const 结构_控制面板刷新请求消息& 请求) noexcept"	"按函数名执行对应处理。"	""	"ClCompile"	"自我线程模块.消息协议.ixx:1752:inline 结构_治理消息 从控制面板刷新请求构造治理消息("
"present"	"同步治理消息语义槽"	"同步治理消息语义槽"	"自我线程模块.消息协议.ixx:515"	"1"	"inline void 同步治理消息语义槽(结构_存在动作语义& 语义) noexcept"	"同步线程、任务、场景或对象之间的状态。"	""	"ClCompile"	"自我线程模块.消息协议.ixx:723:    同步治理消息语义槽(消息.语义);"
"present"	"同步执行尝试汇总语义槽"	"同步执行尝试汇总语义槽"	"自我线程模块.消息协议.ixx:572"	"1"	"inline void 同步执行尝试汇总语义槽(结构_执行尝试汇总& 汇总) noexcept"	"同步线程、任务、场景或对象之间的状态。"	""	"ClCompile"	"自我线程模块.消息协议.ixx:591:        同步执行尝试汇总语义槽(*汇总);"
"present"	"是否存在已确认变化项"	"是否存在已确认变化项"	"自我线程模块.消息协议.ixx:786"	"1"	"inline bool 是否存在已确认变化项(const 结构_治理消息& 消息) noexcept"	"确认候选事实、存在、状态或运行结果。"	""	"ClCompile"	"自我线程模块.消息协议.ixx:797:inline bool 是否存在已确认变化项(const 结构_治理消息& 消息) noexcept"
"present"	"是否存在关键中间状态变化项"	"是否存在关键中间状态变化项"	"自我线程模块.消息协议.ixx:797"	"1"	"inline bool 是否存在关键中间状态变化项(const 结构_治理消息& 消息) noexcept"	"按函数名执行对应处理。"	""	"ClCompile"	"自我线程模块.消息协议.ixx:808:inline bool 是否存在关键中间状态变化项(const 结构_治理消息& 消息) noexcept"
"present"	"执行尝试汇总状态文本"	"执行尝试汇总状态文本"	"自我线程模块.消息协议.ixx:808"	"1"	"inline const char* 执行尝试汇总状态文本(const 枚举_执行尝试汇总状态 状态) noexcept"	"执行任务、方法或动作的主体逻辑。"	""	"ClCompile"	"自我线程模块.消息协议.ixx:819:inline const char* 执行尝试汇总状态文本(const 枚举_执行尝试汇总状态 状态) noexcept"
"present"	"执行尝试验证状态文本"	"执行尝试验证状态文本"	"自我线程模块.消息协议.ixx:825"	"1"	"inline const char* 执行尝试验证状态文本(const 枚举_执行尝试验证状态 状态) noexcept"	"执行任务、方法或动作的主体逻辑。"	""	"ClCompile"	"自我线程模块.消息协议.ixx:836:inline const char* 执行尝试验证状态文本(const 枚举_执行尝试验证状态 状态) noexcept"
"present"	"执行尝试对账结论文本"	"执行尝试对账结论文本"	"自我线程模块.消息协议.ixx:840"	"1"	"inline const char* 执行尝试对账结论文本(const 枚举_执行尝试对账结论 结论) noexcept"	"执行任务、方法或动作的主体逻辑。"	""	"ClCompile"	"自我线程模块.消息协议.ixx:851:inline const char* 执行尝试对账结论文本(const 枚举_执行尝试对账结论 结论) noexcept"
"present"	"推断任务管理动作主体类型"	"推断任务管理动作主体类型"	"自我线程模块.消息协议.ixx:895"	"1"	"inline 枚举_存在类型 推断任务管理动作主体类型( const std::string& 类型摘要) noexcept"	"按函数名执行对应处理。"	""	"ClCompile"	"自我线程模块.消息协议.ixx:906:inline 枚举_存在类型 推断任务管理动作主体类型("
"present"	"私有_落线程状态变化到自我内部世界"	"私有_落线程状态变化到自我内部世界"	"自我线程模块.impl.cpp:12512"	"1"	"bool 私有_落线程状态变化到自我内部世界( const 自我线程消息协议::结构_治理消息& 消息) noexcept"	"服务所在模块的内部辅助流程。"	""	"ClCompile"	"自我线程模块.impl.cpp:12751:bool 私有_落线程状态变化到自我内部世界("
"present"	"私有_切换线程状态并上报_"	"私有_切换线程状态并上报_"	"自我线程模块.impl.cpp:13681"	"1"	"bool 私有_切换线程状态并上报_( const 结构_线程状态切换上报参数& 参数) noexcept"	"服务所在模块的内部辅助流程。"	""	"ClCompile"	"自我线程模块.impl.cpp:13920:bool 私有_切换线程状态并上报_("
"present"	"私有_任务管理上行消息通知回调_线程侧"	"私有_任务管理上行消息通知回调_线程侧"	"自我线程模块.impl.cpp:14479"	"1"	"bool 私有_任务管理上行消息通知回调_线程侧( const 结构_任务管理上行消息& 消息) noexcept"	"服务所在模块的内部辅助流程。"	""	"ClCompile"	"自我线程模块.impl.cpp:14720:bool 私有_任务管理上行消息通知回调_线程侧("
"present"	"私有_任务管理调度让步回调_线程侧"	"私有_任务管理调度让步回调_线程侧"	"自我线程模块.impl.cpp:14497"	"1"	"bool 私有_任务管理调度让步回调_线程侧(const char* 来源) noexcept"	"服务所在模块的内部辅助流程。"	""	"ClCompile"	"自我线程模块.impl.cpp:14738:bool 私有_任务管理调度让步回调_线程侧(const char* 来源) noexcept"
"present"	"~结构_抢占执行前许可审批守卫"	"~结构_抢占执行前许可审批守卫"	"自我线程模块.impl.cpp:15671"	"1"	"~结构_抢占执行前许可审批守卫() noexcept"	"释放或收束对象资源。"	"ctor_dtor"	"ClCompile"	"自我线程模块.impl.cpp:15898:        ~结构_抢占执行前许可审批守卫() noexcept"
"present"	"~结构_抢占任务管理成功结果守卫"	"~结构_抢占任务管理成功结果守卫"	"自我线程模块.impl.cpp:15764"	"1"	"~结构_抢占任务管理成功结果守卫() noexcept"	"释放或收束对象资源。"	"ctor_dtor"	"ClCompile"	"自我线程模块.impl.cpp:15991:        ~结构_抢占任务管理成功结果守卫() noexcept"
"present"	"~结构_抢占任务管理派生需求守卫"	"~结构_抢占任务管理派生需求守卫"	"自我线程模块.impl.cpp:15862"	"1"	"~结构_抢占任务管理派生需求守卫() noexcept"	"释放或收束对象资源。"	"ctor_dtor"	"ClCompile"	"自我线程模块.impl.cpp:16089:        ~结构_抢占任务管理派生需求守卫() noexcept"
"present"	"~结构_抢占观察事实承接落账守卫"	"~结构_抢占观察事实承接落账守卫"	"自我线程模块.impl.cpp:15960"	"1"	"~结构_抢占观察事实承接落账守卫() noexcept"	"释放或收束对象资源。"	"ctor_dtor"	"ClCompile"	"自我线程模块.impl.cpp:16187:        ~结构_抢占观察事实承接落账守卫() noexcept"
"present"	"私有_目标特征是外设内部材料字段_线程侧"	"私有_目标特征是外设内部材料字段_线程侧"	"自我线程模块.impl.cpp:230"	"1"	"bool 私有_目标特征是外设内部材料字段_线程侧( const 语素入口节点类* 目标特征类型) noexcept"	"服务所在模块的内部辅助流程。"	""	"ClCompile"	"自我线程模块.impl.cpp:9741:    if (私有_目标特征是外设内部材料字段_线程侧(目标特征类型)) {"
"present"	"私有_确保安全风险树I64比较_线程侧"	"私有_确保安全风险树I64比较_线程侧"	"自我线程模块.impl.cpp:6161"	"1"	"二次特征节点类* 私有_确保安全风险树I64比较_线程侧( 自我类& 自我对象, 基础信息节点类* 主体, const char* 特征名, I64 当前值, I64 目标值, 时间戳 now) noexcept"	"确保目标结构、状态或前置条件存在并可用。"	""	"ClCompile"	"自我线程模块.impl.cpp:6376:二次特征节点类* 私有_确保安全风险树I64比较_线程侧("
"present"	"私有_追加安全风险树缺口消息_线程侧"	"私有_追加安全风险树缺口消息_线程侧"	"自我线程模块.impl.cpp:6705"	"1"	"void 私有_追加安全风险树缺口消息_线程侧( 结构_安全因果风险树线程维护结果& 结果, const 任务节点* 任务头, const 需求节点* 来源需求, 因果节点类* 来源因果, 基础信息节点类* 目标主体, const 语素入口节点类* 目标特征, 状态节点类* 当前状态, 状态节点类* 目标状态, 时间戳 now) noexcept"	"服务所在模块的内部辅助流程。"	""	"ClCompile"	"自我线程模块.impl.cpp:6920:void 私有_追加安全风险树缺口消息_线程侧("
"present"	"私有_按需求创建任务头_任务管理新链"	"私有_按需求创建任务头_任务管理新链"	"自我线程模块.impl.cpp:7959"	"1"	"任务节点* 私有_按需求创建任务头_任务管理新链( 自我类& 自我对象, 需求节点* 需求节点, 时间戳 now) noexcept"	"创建并返回或登记对应对象。"	""	"ClCompile"	"自我线程模块.impl.cpp:8197:任务节点* 私有_按需求创建任务头_任务管理新链("
"present"	"私有_按需求创建任务头_任务管理提交链"	"私有_按需求创建任务头_任务管理提交链"	"自我线程模块.impl.cpp:8599"	"1"	"任务节点* 私有_按需求创建任务头_任务管理提交链( 自我类& 自我对象, 需求节点* 需求节点, 时间戳 now) noexcept"	"创建并返回或登记对应对象。"	""	"ClCompile"	"自我线程模块.impl.cpp:8837:任务节点* 私有_按需求创建任务头_任务管理提交链("
"present"	"私有_刷新需求列表并确保需求相关任务_任务管理提交链"	"私有_刷新需求列表并确保需求相关任务_任务管理提交链"	"自我线程模块.impl.cpp:8611"	"1"	"void 私有_刷新需求列表并确保需求相关任务_任务管理提交链( 自我类& 自我对象, std::vector<自我线程类::结构_需求列表项>* 服务优先需求列表, std::vector<自我线程类::结构_需求列表项>* 安全优先需求列表, 时间戳 now)"	"提交事实、动态、任务状态或运行回执。"	""	"ClCompile"	"自我线程模块.impl.cpp:8849:void 私有_刷新需求列表并确保需求相关任务_任务管理提交链("
"present"	"私有_确保当前场景特征值路径宿主_线程侧"	"私有_确保当前场景特征值路径宿主_线程侧"	"自我线程模块.impl.cpp:9820"	"1"	"存在节点类* 私有_确保当前场景特征值路径宿主_线程侧( 自我类& 自我对象, const 需求节点* 来源需求, const char* 路径名, const bool 是OR组宿主) noexcept"	"确保目标结构、状态或前置条件存在并可用。"	""	"ClCompile"	"自我线程模块.impl.cpp:10055:存在节点类* 私有_确保当前场景特征值路径宿主_线程侧("
"present"	"私有_创建当前场景特征值逻辑组织子需求_线程侧"	"私有_创建当前场景特征值逻辑组织子需求_线程侧"	"自我线程模块.impl.cpp:9858"	"1"	"需求节点* 私有_创建当前场景特征值逻辑组织子需求_线程侧( 自我类& 自我对象, 需求节点* 父需求, 存在节点类* 目标宿主, const 需求类::枚举_需求获取途径 获取途径, const bool 激活路径, const std::string& 来源因果主键, const 时间戳 now) noexcept"	"创建并返回或登记对应对象。"	""	"ClCompile"	"自我线程模块.impl.cpp:10093:需求节点* 私有_创建当前场景特征值逻辑组织子需求_线程侧("
"present"	"转换时间域"	"转换时间域"	"D455相机类.cpp:310"	"1"	"static 枚举_时间域 转换时间域(rs2_timestamp_domain domain)"	"把输入数据转换为目标类型、语义或结构。"	""	"ClCompile"	"D455相机类.cpp:138:            输出.时间戳.域 = 转换时间域(rawDepth.get_frame_timestamp_domain());"
"present"	"读取对齐彩色"	"读取对齐彩色"	"D455相机类.cpp:404"	"1"	"void 读取对齐彩色(const rs2::video_frame& color, 结构体_原始场景帧& out)"	"从指定来源读取数据或状态。"	""	"ClCompile"	"D455相机类.cpp:164:            读取对齐彩色(color, 输出);"
"present"	"读取双目红外"	"读取双目红外"	"D455相机类.cpp:494"	"1"	"void 读取双目红外(const rs2::frameset& frames, 结构体_原始场景帧& out)"	"从指定来源读取数据或状态。"	""	"ClCompile"	"D455相机类.cpp:166:                读取双目红外(frames, 输出);"
"present"	"生成点云"	"生成点云"	"D455相机类.cpp:516"	"1"	"void 生成点云(结构体_原始场景帧& 帧)"	"根据当前输入生成目标数据、场景、动态或回执。"	""	"ClCompile"	"D455相机类.cpp:168:            生成点云(输出);"
"present"	"形态学_闭运算"	"形态学_闭运算"	"D455相机类.cpp:543"	"1"	"static void 形态学_闭运算(std::vector<std::uint8_t>& m, int w, int h, int r)"	"按函数名执行对应处理。"	""	"ClCompile"	"D455相机类.cpp:667:        形态学_闭运算(outMask, w, h, cfg.轮廓_形态学半径);"
"present"	"生成前景掩膜"	"生成前景掩膜"	"D455相机类.cpp:635"	"1"	"void 生成前景掩膜(const 结构体_原始场景帧& 帧, std::vector<std::uint8_t>& outMask)"	"根据当前输入生成目标数据、场景、动态或回执。"	""	"ClCompile"	"D455相机类.cpp:688:        生成前景掩膜(帧, mask);"
"present"	"本能动作返回参数信息特征词"	"本能动作返回参数信息特征词"	"本能动作管理类.ixx:124"	"2"	"const 语素入口节点类* 本能动作返回参数信息特征词() noexcept"	"按函数名执行对应处理。"	""	"ClCompile"	"本能动作管理类.ixx:104:const 语素入口节点类* 本能动作返回参数信息特征词() noexcept || 本能动作管理类.ixx:474:        && 本能动作读指针特征(宿主, 本能动作返回参数信息特征词(), 指针)) {"
"present"	"本能动作返回场景信息特征词"	"本能动作返回场景信息特征词"	"本能动作管理类.ixx:130"	"2"	"const 语素入口节点类* 本能动作返回场景信息特征词() noexcept"	"按函数名执行对应处理。"	""	"ClCompile"	"本能动作管理类.ixx:110:const 语素入口节点类* 本能动作返回场景信息特征词() noexcept || 本能动作管理类.ixx:482:        && 本能动作读指针特征(宿主, 本能动作返回场景信息特征词(), 指针)) {"
"present"	"本能动作执行缺口_当前方法缺失词"	"本能动作执行缺口_当前方法缺失词"	"本能动作管理类.ixx:154"	"2"	"const 语素入口节点类* 本能动作执行缺口_当前方法缺失词() noexcept"	"执行任务、方法或动作的主体逻辑。"	""	"ClCompile"	"本能动作管理类.ixx:134:const 语素入口节点类* 本能动作执行缺口_当前方法缺失词() noexcept || 本能动作管理类.ixx:195:        return 本能动作执行缺口_当前方法缺失词();"
"present"	"本能动作执行缺口_可执行输入参数场景缺失词"	"本能动作执行缺口_可执行输入参数场景缺失词"	"本能动作管理类.ixx:160"	"2"	"const 语素入口节点类* 本能动作执行缺口_可执行输入参数场景缺失词() noexcept"	"执行任务、方法或动作的主体逻辑。"	""	"ClCompile"	"本能动作管理类.ixx:140:const 语素入口节点类* 本能动作执行缺口_可执行输入参数场景缺失词() noexcept || 本能动作管理类.ixx:201:        return 本能动作执行缺口_可执行输入参数场景缺失词();"
"present"	"本能动作执行缺口_当前方法无执行入口词"	"本能动作执行缺口_当前方法无执行入口词"	"本能动作管理类.ixx:166"	"2"	"const 语素入口节点类* 本能动作执行缺口_当前方法无执行入口词() noexcept"	"执行任务、方法或动作的主体逻辑。"	""	"ClCompile"	"本能动作管理类.ixx:146:const 语素入口节点类* 本能动作执行缺口_当前方法无执行入口词() noexcept || 本能动作管理类.ixx:199:        return 本能动作执行缺口_当前方法无执行入口词();"
"present"	"本能动作执行缺口_当前方法条件不满足词"	"本能动作执行缺口_当前方法条件不满足词"	"本能动作管理类.ixx:172"	"2"	"const 语素入口节点类* 本能动作执行缺口_当前方法条件不满足词() noexcept"	"执行任务、方法或动作的主体逻辑。"	""	"ClCompile"	"本能动作管理类.ixx:152:const 语素入口节点类* 本能动作执行缺口_当前方法条件不满足词() noexcept || 本能动作管理类.ixx:204:        return 本能动作执行缺口_当前方法条件不满足词();"
"present"	"本能动作承接_派生需求词"	"本能动作承接_派生需求词"	"本能动作管理类.ixx:196"	"2"	"const 语素入口节点类* 本能动作承接_派生需求词() noexcept"	"按函数名执行对应处理。"	""	"ClCompile"	"本能动作管理类.ixx:176:const 语素入口节点类* 本能动作承接_派生需求词() noexcept || 自我动作实现模块.ixx:5902:                ? 本能动作承接_派生需求词()"
"present"	"本能动作语素入口是执行缺口"	"本能动作语素入口是执行缺口"	"本能动作管理类.ixx:411"	"2"	"inline bool 本能动作语素入口是执行缺口(const 语素入口节点类* 词) noexcept"	"执行任务、方法或动作的主体逻辑。"	""	"ClCompile"	"本能动作管理类.ixx:391:inline bool 本能动作语素入口是执行缺口(const 语素入口节点类* 词) noexcept || 本能动作管理类.ixx:518:    if (!视图.执行缺口类型 && 本能动作语素入口是执行缺口(视图.失败原因)) {"
"present"	"本能动作基础节点指针文本"	"本能动作基础节点指针文本"	"本能动作管理类.ixx:419"	"2"	"inline std::string 本能动作基础节点指针文本(const 基础信息节点类* 节点)"	"按函数名执行对应处理。"	""	"ClCompile"	"本能动作管理类.ixx:399:inline std::string 本能动作基础节点指针文本(const 基础信息节点类* 节点) || 本能动作管理类.ixx:423:        << "" | 宿主指针="" << 本能动作基础节点指针文本(宿主)"
"present"	"本能动作基础节点属于当前世界树"	"本能动作基础节点属于当前世界树"	"本能动作管理类.ixx:427"	"2"	"inline bool 本能动作基础节点属于当前世界树(const 基础信息节点类* 节点) noexcept"	"按函数名执行对应处理。"	""	"ClCompile"	"本能动作管理类.ixx:407:inline bool 本能动作基础节点属于当前世界树(const 基础信息节点类* 节点) noexcept || 本能动作管理类.ixx:447:    if (!本能动作基础节点属于当前世界树(宿主)) {"
"present"	"本能动作记录无效闭环宿主"	"本能动作记录无效闭环宿主"	"本能动作管理类.ixx:436"	"2"	"inline void 本能动作记录无效闭环宿主( const char* 阶段, const 基础信息节点类* 宿主) noexcept"	"记录日志、动态、证据或运行痕迹。"	""	"ClCompile"	"本能动作管理类.ixx:416:inline void 本能动作记录无效闭环宿主( || 本能动作管理类.ixx:448:        本能动作记录无效闭环宿主(""补读闭环指针事实"", 宿主);"
"present"	"本能动作运行成功"	"本能动作运行成功"	"本能动作管理类.ixx:589"	"2"	"bool 本能动作运行成功(const 存在节点类* 运行结果存在) noexcept"	"执行对应模块、线程或方法的运行逻辑。"	""	"ClCompile"	"本能动作管理类.ixx:569:bool 本能动作运行成功(const 存在节点类* 运行结果存在) noexcept || 鱼巢.cpp:1793:        return 本能动作运行成功(运行存在) ? ""1"" : ""0"";"
"present"	"枚举已注册ID"	"枚举已注册ID"	"本能动作管理类.ixx:671"	"2"	"std::vector<枚举_本能动作ID> 枚举已注册ID() const"	"注册方法、模板、对象或运行入口。"	""	"ClCompile"	"动作线程类.ixx:210:        const auto 待注册列表 = 动作ID列表.empty() ? 取本能动作集().枚举已注册ID() : 动作ID列表; || 本能动作管理类.ixx:623:    std::vector<枚举_本能动作ID> 枚举已注册ID() const"
"present"	"本能动作运行结果语义词"	"本能动作运行结果语义词"	"本能动作管理类.ixx:68"	"2"	"const 语素入口节点类* 本能动作运行结果语义词(const char* 文本) noexcept"	"执行对应模块、线程或方法的运行逻辑。"	""	"ClCompile"	"本能动作管理类.ixx:48:const 语素入口节点类* 本能动作运行结果语义词(const char* 文本) noexcept || 本能动作管理类.ixx:323:        : 本能动作运行结果语义词(语义);"
"present"	"本能动作运行开始时间特征词"	"本能动作运行开始时间特征词"	"本能动作管理类.ixx:82"	"2"	"const 语素入口节点类* 本能动作运行开始时间特征词() noexcept"	"执行对应模块、线程或方法的运行逻辑。"	""	"ClCompile"	"本能动作管理类.ixx:62:const 语素入口节点类* 本能动作运行开始时间特征词() noexcept || 本能动作管理类.ixx:311:        本能动作运行开始时间特征词(),"
"present"	"本能动作运行虚拟存在类型词"	"本能动作运行虚拟存在类型词"	"本能动作管理类.ixx:88"	"2"	"const 语素入口节点类* 本能动作运行虚拟存在类型词() noexcept"	"执行对应模块、线程或方法的运行逻辑。"	""	"ClCompile"	"本能动作管理类.ixx:68:const 语素入口节点类* 本能动作运行虚拟存在类型词() noexcept || 本能动作管理类.ixx:310:        本能动作运行虚拟存在类型词(),"
"present"	"由链键查找"	"由链键查找"	"度量模板注册表类.ixx:120"	"2"	"[[nodiscard]] const 模板基类* 由链键查找(std::string_view 链键) const"	"按条件查找目标对象、方法或事实。"	""	"ClCompile"	"度量模板注册表类.ixx:140:    [[nodiscard]] const 模板基类* 由链键查找(std::string_view 链键) const || 度量模板注册表类.ixx:155:        const auto* 模板 = 由链键查找(链键);"
"present"	"注册默认模板"	"注册默认模板"	"度量模板注册表类.ixx:148"	"2"	"void 注册默认模板()"	"注册方法、模板、对象或运行入口。"	""	"ClCompile"	"度量模板注册表桥接.cpp:60:    度量模板注册表类::实例().注册默认模板(); || 度量模板注册表类.ixx:168:    void 注册默认模板()"
"present"	"二次特征生成模块::读取场景二次特征标量"	"读取场景二次特征标量"	"二次特征应用模块.ixx:2556"	"2"	"std::optional<I64> 二次特征生成模块::读取场景二次特征标量( 场景节点类* 场景, const 基础信息节点类* 特征节点, 方向掩码 方向约束, const 基础信息节点类* 主体, const std::optional<枚举_二次特征域>& 域) const noexcept"	"从指定来源读取数据或状态。"	""	"ClCompile"	"二次特征应用模块.ixx:458:    std::optional<I64> 读取场景二次特征标量( || 二次特征应用模块.ixx:2547:std::optional<I64> 二次特征生成模块::读取场景二次特征标量("
"present"	"二次特征生成模块::取或创建场景条件二次特征_布尔"	"取或创建场景条件二次特征_布尔"	"二次特征应用模块.ixx:2576"	"2"	"二次特征节点类* 二次特征生成模块::取或创建场景条件二次特征_布尔( 场景节点类* 条件场景, const std::string& 度量签名_链键, const char* 概念文本)"	"创建并返回或登记对应对象。"	""	"ClCompile"	"二次特征应用模块.ixx:464:    二次特征节点类* 取或创建场景条件二次特征_布尔( || 二次特征应用模块.ixx:2567:二次特征节点类* 二次特征生成模块::取或创建场景条件二次特征_布尔("
"present"	"二次特征生成模块::由状态比较生成二次特征"	"由状态比较生成二次特征"	"二次特征应用模块.ixx:2667"	"2"	"二次特征节点类* 二次特征生成模块::由状态比较生成二次特征( 状态节点类* 左状态, 状态节点类* 右状态)"	"根据当前输入生成目标数据、场景、动态或回执。"	""	"ClCompile"	"二次特征应用模块.ixx:481:    二次特征节点类* 由状态比较生成二次特征( || 二次特征应用模块.ixx:2655:二次特征节点类* 二次特征生成模块::由状态比较生成二次特征("
"present"	"operator=="	"operator=="	"基础数据类型.h:232"	"2"	"inline bool operator==(const VecU句柄& a, const VecU句柄& b) noexcept"	"按函数名执行对应处理。"	"operator"	"未在vcxproj登记"	"基础数据类型.h:238:inline bool operator==(const 指针句柄& a, const 指针句柄& b) noexcept { || 基础数据类型.h:475:    friend bool operator==(const 结构体_空间坐标& a, const 结构体_空间坐标& b) {"
"present"	"operator=="	"operator=="	"基础数据类型.h:237"	"2"	"inline bool operator==(const 指针句柄& a, const 指针句柄& b) noexcept"	"按函数名执行对应处理。"	"operator"	"未在vcxproj登记"	"基础数据类型.h:233:inline bool operator==(const VecU句柄& a, const VecU句柄& b) noexcept { || 基础数据类型.h:475:    friend bool operator==(const 结构体_空间坐标& a, const 结构体_空间坐标& b) {"
"present"	"operator=="	"operator=="	"基础数据类型.h:474"	"2"	"friend bool operator==(const 结构体_空间坐标& a, const 结构体_空间坐标& b)"	"按函数名执行对应处理。"	"operator"	"未在vcxproj登记"	"基础数据类型.h:233:inline bool operator==(const VecU句柄& a, const VecU句柄& b) noexcept { || 基础数据类型.h:238:inline bool operator==(const 指针句柄& a, const 指针句柄& b) noexcept {"
"present"	"operator*"	"operator*"	"基础数据类型.h:828"	"2"	"constexpr Vector3D operator*(double scalar) const"	"===== 关键：标量乘法（成员函数）====="	"operator"	"未在vcxproj登记"	"基础数据类型.h:912:    Quaternion operator*(const Quaternion& r) const noexcept { || 基础数据类型.h:950:constexpr Vector3D operator*(double  scalar, const Vector3D& vec) {"
"present"	"operator*"	"operator*"	"基础数据类型.h:911"	"2"	"Quaternion operator*(const Quaternion& r) const noexcept"	"复合旋转：this ⊗ r"	"operator"	"未在vcxproj登记"	"基础数据类型.h:829:    constexpr Vector3D operator*(double  scalar) const { || 基础数据类型.h:950:constexpr Vector3D operator*(double  scalar, const Vector3D& vec) {"
"present"	"operator*"	"operator*"	"基础数据类型.h:949"	"2"	"constexpr Vector3D operator*(double scalar, const Vector3D& vec)"	"===== 额外：非成员函数版本，支持 double * Vector3D（如 0.5 * vec）====="	"operator"	"未在vcxproj登记"	"基础数据类型.h:829:    constexpr Vector3D operator*(double  scalar) const { || 基础数据类型.h:912:    Quaternion operator*(const Quaternion& r) const noexcept {"
"present"	"私有_动作句柄类型文本"	"私有_动作句柄类型文本"	"控制面板类.cpp:1005"	"2"	"const char* 私有_动作句柄类型文本(const 枚举_动作句柄类型 类型) noexcept"	"服务所在模块的内部辅助流程。"	""	"ClCompile"	"控制面板类.cpp:1136:    const char* 私有_动作句柄类型文本(const 枚举_动作句柄类型 类型) noexcept || 控制面板类.cpp:1298:        输出 << 私有_动作句柄类型文本(句柄.类型);"
"present"	"私有_特征_最近完成时间_控制面板"	"私有_特征_最近完成时间_控制面板"	"控制面板类.cpp:103"	"2"	"const 语素入口节点类* 私有_特征_最近完成时间_控制面板() noexcept"	"服务所在模块的内部辅助流程。"	""	"ClCompile"	"控制面板类.cpp:234:    const 语素入口节点类* 私有_特征_最近完成时间_控制面板() noexcept || 控制面板类.cpp:5770:                私有_特征_最近完成时间_控制面板())));"
"present"	"私有_动态聚合方式文本"	"私有_动态聚合方式文本"	"控制面板类.cpp:1031"	"2"	"const char* 私有_动态聚合方式文本(const 枚举_动态聚合方式 方式) noexcept"	"服务所在模块的内部辅助流程。"	""	"ClCompile"	"控制面板类.cpp:1162:    const char* 私有_动态聚合方式文本(const 枚举_动态聚合方式 方式) noexcept || 控制面板类.cpp:4955:        私有_追加叶字段(字段节点, ""聚合方式"", 私有_动态聚合方式文本(主信息.聚合方式));"
"present"	"私有_因果锚点类型文本"	"私有_因果锚点类型文本"	"控制面板类.cpp:1042"	"2"	"const char* 私有_因果锚点类型文本(const 枚举_因果锚点类型 类型) noexcept"	"服务所在模块的内部辅助流程。"	""	"ClCompile"	"控制面板类.cpp:1173:    const char* 私有_因果锚点类型文本(const 枚举_因果锚点类型 类型) noexcept || 控制面板类.cpp:5170:        私有_追加叶字段(字段节点, ""适用锚点类型"", 私有_因果锚点类型文本(主信息.适用锚点类型));"
"present"	"私有_信息存储树文本"	"私有_信息存储树文本"	"控制面板类.cpp:1084"	"2"	"const char* 私有_信息存储树文本(const 枚举_信息存储树 存储树) noexcept"	"服务所在模块的内部辅助流程。"	""	"ClCompile"	"控制面板类.cpp:1215:    const char* 私有_信息存储树文本(const 枚举_信息存储树 存储树) noexcept || 控制面板类.cpp:1287:            << "" | 存储树="" << 私有_信息存储树文本(语素类::读取信息入口存储树(信息入口类型))"
"present"	"私有_生成控制面板HTML"	"私有_生成控制面板HTML"	"控制面板类.cpp:11013"	"2"	"std::string 私有_生成控制面板HTML( const 结构_控制面板快照& 快照, std::size_t, 枚举_控制面板HTML用途 用途)"	"根据当前输入生成目标数据、场景、动态或回执。"	""	"ClCompile"	"控制面板类.cpp:11156:std::string 私有_生成控制面板HTML( || 控制面板类.cpp:14911:    return 私有_生成控制面板HTML("
"present"	"私有_解析方法虚拟存在_控制面板"	"私有_解析方法虚拟存在_控制面板"	"控制面板类.cpp:111"	"2"	"存在节点类* 私有_解析方法虚拟存在_控制面板(const 方法节点* 方法) noexcept"	"解析输入文本、消息、场景或运行包。"	""	"ClCompile"	"控制面板类.cpp:242:    存在节点类* 私有_解析方法虚拟存在_控制面板(const 方法节点* 方法) noexcept || 控制面板类.cpp:259:        auto* 方法虚拟存在 = 私有_解析方法虚拟存在_控制面板(方法);"
"present"	"私有_读取方法I64特征_控制面板"	"私有_读取方法I64特征_控制面板"	"控制面板类.cpp:123"	"2"	"bool 私有_读取方法I64特征_控制面板( const 方法节点* 方法, const 语素入口节点类* 特征类型, I64& 输出) noexcept"	"从指定来源读取数据或状态。"	""	"ClCompile"	"控制面板类.cpp:254:    bool 私有_读取方法I64特征_控制面板( || 控制面板类.cpp:277:        if (私有_读取方法I64特征_控制面板(方法, 特征类型, 值) && 值 > 0) {"
"present"	"私有_场景复现存在概念词"	"私有_场景复现存在概念词"	"控制面板类.cpp:1247"	"2"	"const 语素入口节点类* 私有_场景复现存在概念词(const char* 名称) noexcept"	"服务所在模块的内部辅助流程。"	""	"ClCompile"	"控制面板类.cpp:1378:    const 语素入口节点类* 私有_场景复现存在概念词(const char* 名称) noexcept || 控制面板类.cpp:1776:        const auto* 区域类型 = 私有_场景复现存在概念词(""观察诊断区域"");"
"present"	"私有_场景复现宿主评分"	"私有_场景复现宿主评分"	"控制面板类.cpp:1301"	"2"	"int 私有_场景复现宿主评分(const 基础信息节点类* 宿主) noexcept"	"服务所在模块的内部辅助流程。"	""	"ClCompile"	"控制面板类.cpp:1432:    int 私有_场景复现宿主评分(const 基础信息节点类* 宿主) noexcept || 控制面板类.cpp:1496:            const int 当前评分 = 私有_场景复现宿主评分(当前);"
"present"	"私有_选择自我场景复现宿主"	"私有_选择自我场景复现宿主"	"控制面板类.cpp:1343"	"2"	"基础信息节点类* 私有_选择自我场景复现宿主(场景节点类* 自我所在场景) noexcept"	"从候选集中选择当前使用对象或方法。"	""	"ClCompile"	"控制面板类.cpp:1474:    基础信息节点类* 私有_选择自我场景复现宿主(场景节点类* 自我所在场景) noexcept || 控制面板类.cpp:2167:        auto* 宿主 = 私有_选择自我场景复现宿主(自我所在场景);"
"present"	"私有_场景安全评估宿主评分"	"私有_场景安全评估宿主评分"	"控制面板类.cpp:1386"	"2"	"int 私有_场景安全评估宿主评分(const 基础信息节点类* 宿主) noexcept"	"评估状态、风险、质量、权重或完成度。"	""	"ClCompile"	"控制面板类.cpp:1517:    int 私有_场景安全评估宿主评分(const 基础信息节点类* 宿主) noexcept || 控制面板类.cpp:1584:            const int 当前评分 = 私有_场景安全评估宿主评分(当前);"
"present"	"私有_选择自我场景安全评估宿主"	"私有_选择自我场景安全评估宿主"	"控制面板类.cpp:1430"	"2"	"基础信息节点类* 私有_选择自我场景安全评估宿主(场景节点类* 自我所在场景) noexcept"	"从候选集中选择当前使用对象或方法。"	""	"ClCompile"	"控制面板类.cpp:1561:    基础信息节点类* 私有_选择自我场景安全评估宿主(场景节点类* 自我所在场景) noexcept || 控制面板类.cpp:2172:        auto* 安全宿主 = 私有_选择自我场景安全评估宿主(自我所在场景);"
"present"	"私有_读取自我场景内容统计"	"私有_读取自我场景内容统计"	"控制面板类.cpp:1592"	"2"	"void 私有_读取自我场景内容统计( 结构_控制面板快照& 快照, 场景节点类* 自我所在场景, 基础信息节点类* 复现宿主) noexcept"	"从指定来源读取数据或状态。"	""	"ClCompile"	"控制面板类.cpp:1723:    void 私有_读取自我场景内容统计( || 控制面板类.cpp:2177:        私有_读取自我场景内容统计(快照, 自我所在场景, 宿主);"
"present"	"私有_读取自我场景诊断区域列表"	"私有_读取自我场景诊断区域列表"	"控制面板类.cpp:1640"	"2"	"void 私有_读取自我场景诊断区域列表( 基础信息节点类* 宿主, 结构_控制面板快照& 快照) noexcept"	"从指定来源读取数据或状态。"	""	"ClCompile"	"控制面板类.cpp:1771:    void 私有_读取自我场景诊断区域列表( || 控制面板类.cpp:2267:        私有_读取自我场景诊断区域列表(宿主, 快照);"
"present"	"私有_读取自我场景存在AABB特征"	"私有_读取自我场景存在AABB特征"	"控制面板类.cpp:1736"	"2"	"bool 私有_读取自我场景存在AABB特征( const 基础信息节点类* 节点, 结构_控制面板自我场景存在复现项& 项) noexcept"	"从指定来源读取数据或状态。"	""	"ClCompile"	"控制面板类.cpp:1867:    bool 私有_读取自我场景存在AABB特征( || 控制面板类.cpp:1961:        bool AABB可用 = 私有_读取自我场景存在AABB特征(节点, 项);"
"present"	"私有_填充自我场景存在复现项"	"私有_填充自我场景存在复现项"	"控制面板类.cpp:1767"	"2"	"bool 私有_填充自我场景存在复现项( const 基础信息节点类* 节点, const std::int64_t 来源范围, 结构_控制面板自我场景存在复现项& 项) noexcept"	"服务所在模块的内部辅助流程。"	""	"ClCompile"	"控制面板类.cpp:1898:    bool 私有_填充自我场景存在复现项( || 控制面板类.cpp:2082:                if (私有_填充自我场景存在复现项(当前, 来源范围, 项)) {"
"present"	"私有_读取自我场景存在复现项列表"	"私有_读取自我场景存在复现项列表"	"控制面板类.cpp:1979"	"2"	"void 私有_读取自我场景存在复现项列表( 场景节点类* 自我所在场景, 基础信息节点类* 复现宿主, 结构_控制面板快照& 快照) noexcept"	"从指定来源读取数据或状态。"	""	"ClCompile"	"控制面板类.cpp:2110:    void 私有_读取自我场景存在复现项列表( || 控制面板类.cpp:2178:        私有_读取自我场景存在复现项列表(自我所在场景, 宿主, 快照);"
"present"	"私有_读取自我场景复现快照"	"私有_读取自我场景复现快照"	"控制面板类.cpp:2028"	"2"	"void 私有_读取自我场景复现快照(结构_控制面板快照& 快照) noexcept"	"从指定来源读取数据或状态。"	""	"ClCompile"	"控制面板类.cpp:2159:    void 私有_读取自我场景复现快照(结构_控制面板快照& 快照) noexcept || 控制面板类.cpp:9471:            私有_读取自我场景复现快照(快照);"
"present"	"私有_任务节点可在普通任务树显示"	"私有_任务节点可在普通任务树显示"	"控制面板类.cpp:233"	"2"	"bool 私有_任务节点可在普通任务树显示(const 任务节点* 节点) noexcept"	"服务所在模块的内部辅助流程。"	""	"ClCompile"	"控制面板类.cpp:364:    bool 私有_任务节点可在普通任务树显示(const 任务节点* 节点) noexcept || 控制面板类.cpp:2828:            if (私有_任务节点可在普通任务树显示(节点)) {"
"present"	"私有_基础信息子层摘要"	"私有_基础信息子层摘要"	"控制面板类.cpp:2827"	"2"	"std::string 私有_基础信息子层摘要(const 基础信息节点类* 节点)"	"服务所在模块的内部辅助流程。"	""	"ClCompile"	"控制面板类.cpp:2958:    std::string 私有_基础信息子层摘要(const 基础信息节点类* 节点) || 控制面板类.cpp:3025:        if (const auto 子层摘要 = 私有_基础信息子层摘要(节点); !子层摘要.empty()) {"
"present"	"私有_需求子层摘要"	"私有_需求子层摘要"	"控制面板类.cpp:2837"	"2"	"std::string 私有_需求子层摘要(const 需求节点* 节点)"	"服务所在模块的内部辅助流程。"	""	"ClCompile"	"控制面板类.cpp:2968:    std::string 私有_需求子层摘要(const 需求节点* 节点) || 控制面板类.cpp:4034:        if (const auto 子层摘要 = 私有_需求子层摘要(节点); !子层摘要.empty()) {"
"present"	"私有_任务子层摘要"	"私有_任务子层摘要"	"控制面板类.cpp:2851"	"2"	"std::string 私有_任务子层摘要(const 任务节点* 节点)"	"服务所在模块的内部辅助流程。"	""	"ClCompile"	"控制面板类.cpp:2982:    std::string 私有_任务子层摘要(const 任务节点* 节点) || 控制面板类.cpp:4164:        if (const auto 子层摘要 = 私有_任务子层摘要(节点); !子层摘要.empty()) {"
"present"	"私有_方法子层摘要"	"私有_方法子层摘要"	"控制面板类.cpp:2861"	"2"	"std::string 私有_方法子层摘要(const 方法节点* 节点)"	"服务所在模块的内部辅助流程。"	""	"ClCompile"	"控制面板类.cpp:2992:    std::string 私有_方法子层摘要(const 方法节点* 节点) || 控制面板类.cpp:4212:        if (const auto 子层摘要 = 私有_方法子层摘要(节点); !子层摘要.empty()) {"
"present"	"私有_OR组令牌记录键_控制面板"	"私有_OR组令牌记录键_控制面板"	"控制面板类.cpp:2993"	"2"	"I64 私有_OR组令牌记录键_控制面板(const 需求节点* OR组) noexcept"	"记录日志、动态、证据或运行痕迹。"	""	"ClCompile"	"控制面板类.cpp:3124:    I64 私有_OR组令牌记录键_控制面板(const 需求节点* OR组) noexcept || 控制面板类.cpp:3150:        const auto 目标键 = 私有_OR组令牌记录键_控制面板(OR组);"
"present"	"私有_查找人类词性入口_控制面板"	"私有_查找人类词性入口_控制面板"	"控制面板类.cpp:3105"	"2"	"const 语素入口节点类* 私有_查找人类词性入口_控制面板( const std::string& 词值, const std::string& 词性值) noexcept"	"按条件查找目标对象、方法或事实。"	""	"ClCompile"	"控制面板类.cpp:3236:    const 语素入口节点类* 私有_查找人类词性入口_控制面板( || 控制面板类.cpp:3249:        return 私有_查找人类词性入口_控制面板(""方法是否可用"", ""名词"");"
"present"	"私有_方法是否可用特征类型_控制面板"	"私有_方法是否可用特征类型_控制面板"	"控制面板类.cpp:3116"	"2"	"const 语素入口节点类* 私有_方法是否可用特征类型_控制面板() noexcept"	"服务所在模块的内部辅助流程。"	""	"ClCompile"	"控制面板类.cpp:3247:    const 语素入口节点类* 私有_方法是否可用特征类型_控制面板() noexcept || 控制面板类.cpp:3683:        const auto* 方法是否可用 = 私有_方法是否可用特征类型_控制面板();"
"present"	"私有_基础主键是存在_控制面板"	"私有_基础主键是存在_控制面板"	"控制面板类.cpp:3209"	"2"	"bool 私有_基础主键是存在_控制面板(const std::string& 主键) noexcept"	"服务所在模块的内部辅助流程。"	""	"ClCompile"	"控制面板类.cpp:3340:    bool 私有_基础主键是存在_控制面板(const std::string& 主键) noexcept || 控制面板类.cpp:9677:                && 私有_基础主键是存在_控制面板(目标状态宿主主键)) {"
"present"	"私有_解析任务引用_控制面板"	"私有_解析任务引用_控制面板"	"控制面板类.cpp:3218"	"2"	"const 任务节点* 私有_解析任务引用_控制面板( const 可解析引用<任务节点类>& 引用) noexcept"	"解析输入文本、消息、场景或运行包。"	""	"ClCompile"	"控制面板类.cpp:3349:    const 任务节点* 私有_解析任务引用_控制面板( || 控制面板类.cpp:3380:            const auto* 任务 = 私有_解析任务引用_控制面板(任务引用);"
"present"	"私有_解析需求引用_控制面板"	"私有_解析需求引用_控制面板"	"控制面板类.cpp:3227"	"2"	"const 需求节点* 私有_解析需求引用_控制面板( const 可解析引用<需求节点类>& 引用) noexcept"	"解析输入文本、消息、场景或运行包。"	""	"ClCompile"	"控制面板类.cpp:3358:    const 需求节点* 私有_解析需求引用_控制面板( || 控制面板类.cpp:9868:                    && !私有_解析需求引用_控制面板(节点->主信息.对应需求)) {"
"present"	"私有_检查需求父子权重_控制面板"	"私有_检查需求父子权重_控制面板"	"控制面板类.cpp:3276"	"2"	"void 私有_检查需求父子权重_控制面板( const 需求节点* 父需求, 结构_控制面板快照& 快照) noexcept"	"检查状态、条件、缺口或运行约束。"	""	"ClCompile"	"控制面板类.cpp:3407:    void 私有_检查需求父子权重_控制面板( || 控制面板类.cpp:9757:            私有_检查需求父子权重_控制面板(节点, 快照);"
"present"	"私有_查找需求候选方法_控制面板"	"私有_查找需求候选方法_控制面板"	"控制面板类.cpp:3445"	"2"	"std::vector<方法节点*> 私有_查找需求候选方法_控制面板( const 需求节点* 需求, const 语素入口节点类* 目标特征类型) noexcept"	"按条件查找目标对象、方法或事实。"	""	"ClCompile"	"控制面板类.cpp:3576:    std::vector<方法节点*> 私有_查找需求候选方法_控制面板( || 控制面板类.cpp:3762:        输出候选方法 = 私有_查找需求候选方法_控制面板(节点, 输出目标特征类型);"
"present"	"私有_允许方向_控制面板"	"私有_允许方向_控制面板"	"控制面板类.cpp:3477"	"2"	"std::optional<int> 私有_允许方向_控制面板(方向掩码 允许方向) noexcept"	"服务所在模块的内部辅助流程。"	""	"ClCompile"	"控制面板类.cpp:3608:    std::optional<int> 私有_允许方向_控制面板(方向掩码 允许方向) noexcept || 控制面板类.cpp:3639:            auto 方向 = 私有_允许方向_控制面板(结果项.关系允许方向());"
"present"	"私有_方法相对需求方向_控制面板"	"私有_方法相对需求方向_控制面板"	"控制面板类.cpp:3528"	"2"	"int 私有_方法相对需求方向_控制面板(const 方法节点* 方法, const int 需求方向) noexcept"	"服务所在模块的内部辅助流程。"	""	"ClCompile"	"控制面板类.cpp:3659:    int 私有_方法相对需求方向_控制面板(const 方法节点* 方法, const int 需求方向) noexcept || 控制面板类.cpp:3767:            const auto 方向关系 = 私有_方法相对需求方向_控制面板(方法, 输出需求方向);"
"present"	"私有_方法当前可用_控制面板"	"私有_方法当前可用_控制面板"	"控制面板类.cpp:3547"	"2"	"bool 私有_方法当前可用_控制面板(const 方法节点* 方法) noexcept"	"服务所在模块的内部辅助流程。"	""	"ClCompile"	"控制面板类.cpp:3678:    bool 私有_方法当前可用_控制面板(const 方法节点* 方法) noexcept || 控制面板类.cpp:3777:            if (私有_方法当前可用_控制面板(方法)) {"
"present"	"私有_需求满足情况说明_控制面板"	"私有_需求满足情况说明_控制面板"	"控制面板类.cpp:3854"	"2"	"std::string 私有_需求满足情况说明_控制面板( const 枚举_需求满足显示状态_控制面板 满足状态, const bool 当前已截止, const bool 自身状态可比较, const bool 自身状态已满足, const 枚举_三向关系 自身比较关系, const std::size_t 直接子总数, const std::size_t 活动阻塞子数, const std::size_t 全部满足子数, const std::size_t 部分满足子数, const std::size_t 未满足子数, const std::size_t 已截止子数)"	"服务所在模块的内部辅助流程。"	""	"ClCompile"	"控制面板类.cpp:3985:    std::string 私有_需求满足情况说明_控制面板( || 控制面板类.cpp:4614:            私有_需求满足情况说明_控制面板("
"present"	"私有_需求标题_核心"	"私有_需求标题_核心"	"控制面板类.cpp:3883"	"2"	"std::string 私有_需求标题_核心(const 需求节点* 节点)"	"服务所在模块的内部辅助流程。"	""	"ClCompile"	"控制面板类.cpp:4014:    std::string 私有_需求标题_核心(const 需求节点* 节点) || 控制面板类.cpp:4082:            return 私有_需求标题_核心(节点);"
"present"	"私有_需求结构标题_核心"	"私有_需求结构标题_核心"	"控制面板类.cpp:3972"	"2"	"std::string 私有_需求结构标题_核心(const 需求节点* 节点)"	"服务所在模块的内部辅助流程。"	""	"ClCompile"	"控制面板类.cpp:4103:    std::string 私有_需求结构标题_核心(const 需求节点* 节点) || 控制面板类.cpp:4130:            return 私有_需求结构标题_核心(节点);"
"present"	"私有_需求结构标题"	"私有_需求结构标题"	"控制面板类.cpp:3996"	"2"	"std::string 私有_需求结构标题(const 需求节点* 节点)"	"服务所在模块的内部辅助流程。"	""	"ClCompile"	"控制面板类.cpp:4127:    std::string 私有_需求结构标题(const 需求节点* 节点) || 控制面板类.cpp:4347:            私有_需求结构标题(节点),"
"present"	"私有_任务结构标题"	"私有_任务结构标题"	"控制面板类.cpp:4040"	"2"	"std::string 私有_任务结构标题(const 任务节点* 节点)"	"服务所在模块的内部辅助流程。"	""	"ClCompile"	"控制面板类.cpp:4171:    std::string 私有_任务结构标题(const 任务节点* 节点) || 控制面板类.cpp:4360:            私有_任务结构标题(节点),"
"present"	"私有_需求列表摘要文本"	"私有_需求列表摘要文本"	"控制面板类.cpp:4135"	"2"	"std::string 私有_需求列表摘要文本(需求节点* 节点)"	"服务所在模块的内部辅助流程。"	""	"ClCompile"	"控制面板类.cpp:4266:    std::string 私有_需求列表摘要文本(需求节点* 节点) || 控制面板类.cpp:4297:            私有_需求列表摘要文本(节点),"
"present"	"私有_时长文本_微秒"	"私有_时长文本_微秒"	"控制面板类.cpp:419"	"2"	"std::string 私有_时长文本_微秒(const 时间戳 时长)"	"服务所在模块的内部辅助流程。"	""	"ClCompile"	"控制面板类.cpp:550:    std::string 私有_时长文本_微秒(const 时间戳 时长) || 控制面板类.cpp:571:        return 私有_时长文本_微秒(终点 - 起点);"
"present"	"私有_三向关系掩码文本"	"私有_三向关系掩码文本"	"控制面板类.cpp:4377"	"2"	"std::string 私有_三向关系掩码文本(const 三向关系掩码 掩码)"	"服务所在模块的内部辅助流程。"	""	"ClCompile"	"控制面板类.cpp:4508:    std::string 私有_三向关系掩码文本(const 三向关系掩码 掩码) || 控制面板类.cpp:4578:        私有_追加等号字段(字段节点, ""满足关系"", 私有_三向关系掩码文本(节点->主信息.满足关系));"
"present"	"私有_追加基础信息通用字段"	"私有_追加基础信息通用字段"	"控制面板类.cpp:4550"	"2"	"void 私有_追加基础信息通用字段( 结构_控制面板树节点& 字段节点, 基础信息节点类* 节点, const 结构_构建上下文& 上下文, const std::size_t 剩余深度, const 路径集合& 路径)"	"服务所在模块的内部辅助流程。"	""	"ClCompile"	"控制面板类.cpp:4681:    void 私有_追加基础信息通用字段( || 控制面板类.cpp:5263:        私有_追加基础信息通用字段(字段节点, 节点, 上下文, 剩余深度, 路径);"
"present"	"私有_抽象特征形态文本"	"私有_抽象特征形态文本"	"控制面板类.cpp:456"	"2"	"const char* 私有_抽象特征形态文本(const 枚举_抽象特征形态 形态) noexcept"	"服务所在模块的内部辅助流程。"	""	"ClCompile"	"控制面板类.cpp:587:    const char* 私有_抽象特征形态文本(const 枚举_抽象特征形态 形态) noexcept || 控制面板类.cpp:4743:        私有_追加叶字段(字段节点, ""形态"", 私有_抽象特征形态文本(主信息.形态));"
"present"	"私有_追加特征节点字段"	"私有_追加特征节点字段"	"控制面板类.cpp:4584"	"2"	"void 私有_追加特征节点字段( 结构_控制面板树节点& 字段节点, const 特征节点主信息类& 主信息)"	"服务所在模块的内部辅助流程。"	""	"ClCompile"	"控制面板类.cpp:4715:    void 私有_追加特征节点字段( || 控制面板类.cpp:5270:                私有_追加特征节点字段(字段节点, *特征);"
"present"	"私有_追加抽象特征节点字段"	"私有_追加抽象特征节点字段"	"控制面板类.cpp:4608"	"2"	"void 私有_追加抽象特征节点字段( 结构_控制面板树节点& 字段节点, const 抽象特征主信息类& 主信息)"	"服务所在模块的内部辅助流程。"	""	"ClCompile"	"控制面板类.cpp:4739:    void 私有_追加抽象特征节点字段( || 控制面板类.cpp:5267:                私有_追加抽象特征节点字段(字段节点, *抽象特征);"
"present"	"私有_追加存在节点字段"	"私有_追加存在节点字段"	"控制面板类.cpp:4619"	"2"	"void 私有_追加存在节点字段( 结构_控制面板树节点& 字段节点, const 存在节点主信息类& 主信息, const 结构_构建上下文& 上下文, const std::size_t 剩余深度, const 路径集合& 路径)"	"服务所在模块的内部辅助流程。"	""	"ClCompile"	"控制面板类.cpp:4750:    void 私有_追加存在节点字段( || 控制面板类.cpp:5273:                私有_追加存在节点字段(字段节点, *存在, 上下文, 剩余深度, 路径);"
"present"	"私有_I64值域文本"	"私有_I64值域文本"	"控制面板类.cpp:466"	"2"	"std::string 私有_I64值域文本(const I64值域& 值域)"	"服务所在模块的内部辅助流程。"	""	"ClCompile"	"控制面板类.cpp:597:    std::string 私有_I64值域文本(const I64值域& 值域) || 控制面板类.cpp:635:            return ""I64{"" + 私有_I64值域文本(*i64) + ""}"";"
"present"	"私有_追加场景节点字段"	"私有_追加场景节点字段"	"控制面板类.cpp:4699"	"2"	"void 私有_追加场景节点字段( 结构_控制面板树节点& 字段节点, const 场景节点主信息类& 主信息, const 结构_构建上下文& 上下文, const std::size_t 剩余深度, const 路径集合& 路径)"	"服务所在模块的内部辅助流程。"	""	"ClCompile"	"控制面板类.cpp:4830:    void 私有_追加场景节点字段( || 控制面板类.cpp:5276:                私有_追加场景节点字段(字段节点, *场景, 上下文, 剩余深度, 路径);"
"present"	"私有_追加状态节点字段"	"私有_追加状态节点字段"	"控制面板类.cpp:4763"	"2"	"void 私有_追加状态节点字段( 结构_控制面板树节点& 字段节点, const 状态节点主信息类& 主信息, const 结构_构建上下文& 上下文, const std::size_t 剩余深度, const 路径集合& 路径)"	"服务所在模块的内部辅助流程。"	""	"ClCompile"	"控制面板类.cpp:4894:    void 私有_追加状态节点字段( || 控制面板类.cpp:5279:                私有_追加状态节点字段(字段节点, *状态, 上下文, 剩余深度, 路径);"
"present"	"私有_追加动态节点字段"	"私有_追加动态节点字段"	"控制面板类.cpp:4807"	"2"	"void 私有_追加动态节点字段( 结构_控制面板树节点& 字段节点, const 动态节点主信息类& 主信息, const 结构_构建上下文& 上下文, const std::size_t 剩余深度, const 路径集合& 路径)"	"服务所在模块的内部辅助流程。"	""	"ClCompile"	"控制面板类.cpp:4938:    void 私有_追加动态节点字段( || 控制面板类.cpp:5282:                私有_追加动态节点字段(字段节点, *动态, 上下文, 剩余深度, 路径);"
"present"	"私有_特征值域文本"	"私有_特征值域文本"	"控制面板类.cpp:490"	"2"	"std::string 私有_特征值域文本(const std::optional<特征值域>& 值域)"	"服务所在模块的内部辅助流程。"	""	"ClCompile"	"控制面板类.cpp:621:    std::string 私有_特征值域文本(const std::optional<特征值域>& 值域) || 控制面板类.cpp:4744:        私有_追加叶字段(字段节点, ""值域"", 私有_特征值域文本(主信息.值域));"
"present"	"私有_追加二次特征字段"	"私有_追加二次特征字段"	"控制面板类.cpp:4909"	"2"	"void 私有_追加二次特征字段( 结构_控制面板树节点& 字段节点, const 二次特征主信息类& 主信息, const 结构_构建上下文& 上下文, const std::size_t 剩余深度, const 路径集合& 路径)"	"服务所在模块的内部辅助流程。"	""	"ClCompile"	"控制面板类.cpp:5040:    void 私有_追加二次特征字段( || 控制面板类.cpp:5285:                私有_追加二次特征字段(字段节点, *二次特征, 上下文, 剩余深度, 路径);"
"present"	"私有_追加因果字段"	"私有_追加因果字段"	"控制面板类.cpp:5032"	"2"	"void 私有_追加因果字段( 结构_控制面板树节点& 字段节点, const 因果主信息类& 主信息, const 结构_构建上下文& 上下文, const std::size_t 剩余深度, const 路径集合& 路径)"	"服务所在模块的内部辅助流程。"	""	"ClCompile"	"控制面板类.cpp:5163:    void 私有_追加因果字段( || 控制面板类.cpp:5288:                私有_追加因果字段(字段节点, *因果, 上下文, 剩余深度, 路径);"
"present"	"私有_计入线程生命周期统计"	"私有_计入线程生命周期统计"	"控制面板类.cpp:5903"	"2"	"void 私有_计入线程生命周期统计( std::size_t& 已知逻辑线程数, std::size_t& 当前运行数, std::size_t& 未启动数, std::size_t& 已结束数, std::size_t& 故障数, const 枚举_线程生命周期状态 状态) noexcept"	"服务所在模块的内部辅助流程。"	""	"ClCompile"	"控制面板类.cpp:6038:    void 私有_计入线程生命周期统计( || 控制面板类.cpp:6131:        私有_计入线程生命周期统计("
"present"	"私有_计入摘要线程生命周期统计"	"私有_计入摘要线程生命周期统计"	"控制面板类.cpp:5935"	"2"	"void 私有_计入摘要线程生命周期统计( std::size_t& 已知逻辑线程数, std::size_t& 当前运行数, std::size_t& 未启动数, std::size_t& 已结束数, std::size_t& 故障数, const 枚举_控制面板摘要线程生命周期状态 状态) noexcept"	"服务所在模块的内部辅助流程。"	""	"ClCompile"	"控制面板类.cpp:6070:    void 私有_计入摘要线程生命周期统计( || 控制面板类.cpp:6154:        私有_计入摘要线程生命周期统计("
"present"	"私有_计入线程信息项统计"	"私有_计入线程信息项统计"	"控制面板类.cpp:6030"	"2"	"void 私有_计入线程信息项统计( std::size_t& 已知逻辑线程数, std::size_t& 当前运行数, std::size_t& 未启动数, std::size_t& 已结束数, std::size_t& 故障数, const 结构_控制面板线程信息项& 线程) noexcept"	"服务所在模块的内部辅助流程。"	""	"ClCompile"	"控制面板类.cpp:6165:    void 私有_计入线程信息项统计( || 控制面板类.cpp:6225:            私有_计入线程信息项统计("
"present"	"私有_计算线程信息表统计"	"私有_计算线程信息表统计"	"控制面板类.cpp:6057"	"2"	"void 私有_计算线程信息表统计( const std::vector<结构_控制面板线程信息项>& 线程信息项集, std::size_t& 已知逻辑线程数, std::size_t& 当前运行数, std::size_t& 未启动数, std::size_t& 已结束数, std::size_t& 故障数) noexcept"	"计算权重、状态、差值或派生结果。"	""	"ClCompile"	"控制面板类.cpp:6216:    void 私有_计算线程信息表统计( || 控制面板类.cpp:6451:            私有_计算线程信息表统计("
"present"	"私有_线程信息项系统线程ID文本"	"私有_线程信息项系统线程ID文本"	"控制面板类.cpp:6094"	"2"	"std::string 私有_线程信息项系统线程ID文本( const 结构_控制面板线程信息项& 线程)"	"服务所在模块的内部辅助流程。"	""	"ClCompile"	"控制面板类.cpp:6253:    std::string 私有_线程信息项系统线程ID文本( || 控制面板类.cpp:6376:            私有_线程信息项系统线程ID文本(线程),"
"present"	"私有_线程信息项状态文本"	"私有_线程信息项状态文本"	"控制面板类.cpp:6103"	"2"	"std::string 私有_线程信息项状态文本( const 结构_控制面板线程信息项& 线程)"	"服务所在模块的内部辅助流程。"	""	"ClCompile"	"控制面板类.cpp:6262:    std::string 私有_线程信息项状态文本( || 控制面板类.cpp:6353:        const auto 生命周期 = 私有_线程信息项状态文本(线程);"
"present"	"私有_线程信息项运行状态文本"	"私有_线程信息项运行状态文本"	"控制面板类.cpp:6113"	"2"	"std::string 私有_线程信息项运行状态文本( const 结构_控制面板线程信息项& 线程)"	"执行对应模块、线程或方法的运行逻辑。"	""	"ClCompile"	"控制面板类.cpp:6272:    std::string 私有_线程信息项运行状态文本( || 控制面板类.cpp:6354:        const auto 运行状态 = 私有_线程信息项运行状态文本(线程);"
"present"	"私有_线程信息项最近事件文本"	"私有_线程信息项最近事件文本"	"控制面板类.cpp:6155"	"2"	"std::string 私有_线程信息项最近事件文本( const 结构_控制面板线程信息项& 线程)"	"服务所在模块的内部辅助流程。"	""	"ClCompile"	"控制面板类.cpp:6314:    std::string 私有_线程信息项最近事件文本( || 控制面板类.cpp:6382:            私有_截断文本(私有_线程信息项最近事件文本(线程), 180),"
"present"	"私有_构建线程信息项节点"	"私有_构建线程信息项节点"	"控制面板类.cpp:6188"	"2"	"结构_控制面板树节点 私有_构建线程信息项节点( const 结构_控制面板线程信息项& 线程, const 时间戳 详情加载时间)"	"构建运行所需的数据结构或中间结果。"	""	"ClCompile"	"控制面板类.cpp:6347:    结构_控制面板树节点 私有_构建线程信息项节点( || 控制面板类.cpp:6497:                根节点.子项.push_back(私有_构建线程信息项节点(线程, 详情加载时间));"
"present"	"私有_需求状态已达"	"私有_需求状态已达"	"控制面板类.cpp:652"	"2"	"bool 私有_需求状态已达(const 需求节点* 节点) noexcept"	"服务所在模块的内部辅助流程。"	""	"ClCompile"	"控制面板类.cpp:783:    bool 私有_需求状态已达(const 需求节点* 节点) noexcept || 控制面板类.cpp:9564:            else if (私有_需求状态已达(节点)) {"
"present"	"私有_SQL控制面板因果信息刷新JSON"	"私有_SQL控制面板因果信息刷新JSON"	"控制面板类.cpp:6990"	"2"	"std::string 私有_SQL控制面板因果信息刷新JSON( std::string_view 区段ID, const 结构_SQL控制面板数据& 数据)"	"生成 SQL 控制面板因果信息区段刷新 JSON。"	""	"ClCompile"	"控制面板类.cpp:7149:    std::string 私有_SQL控制面板因果信息刷新JSON( || 控制面板类.cpp:7539:            return 私有_SQL控制面板因果信息刷新JSON(区段ID, 数据);"
"present"	"私有_SQL控制面板因果链刷新JSON"	"私有_SQL控制面板因果链刷新JSON"	"控制面板类.cpp:7006"	"2"	"std::string 私有_SQL控制面板因果链刷新JSON( std::string_view 区段ID, const 结构_SQL控制面板数据& 数据)"	"生成 SQL 控制面板因果链查询区段刷新 JSON。"	""	"ClCompile"	"控制面板类.cpp:7165:    std::string 私有_SQL控制面板因果链刷新JSON( || 控制面板类.cpp:7542:            return 私有_SQL控制面板因果链刷新JSON(区段ID, 数据);"
"present"	"私有_SQL控制面板世界树刷新JSON"	"私有_SQL控制面板世界树刷新JSON"	"控制面板类.cpp:7020"	"2"	"std::string 私有_SQL控制面板世界树刷新JSON( std::string_view 区段ID, const 结构_SQL控制面板数据& 数据)"	"生成 SQL 控制面板世界树区段刷新 JSON。"	""	"ClCompile"	"控制面板类.cpp:7179:    std::string 私有_SQL控制面板世界树刷新JSON( || 控制面板类.cpp:7569:            return 私有_SQL控制面板世界树刷新JSON(区段ID, 数据);"
"present"	"私有_SQL字符串IN列表"	"私有_SQL字符串IN列表"	"控制面板类.cpp:7093"	"2"	"std::string 私有_SQL字符串IN列表( const std::vector<std::string>& 键列表, const std::size_t 起点, const std::size_t 数量)"	"生成 SQL IN 条件中的字符串列表。"	""	"ClCompile"	"控制面板类.cpp:7252:    std::string 私有_SQL字符串IN列表( || 控制面板类.cpp:7311:            const auto IN列表 = 私有_SQL字符串IN列表(节点键集, 起点, 单批键数量);"
"present"	"私有_SQL控制面板子链JSON"	"私有_SQL控制面板子链JSON"	"控制面板类.cpp:7201"	"2"	"std::string 私有_SQL控制面板子链JSON( std::string_view 区段ID, std::string_view 节点键)"	"按 SQL 控制面板树节点读取一层直接子节点。"	""	"ClCompile"	"控制面板类.cpp:7360:    std::string 私有_SQL控制面板子链JSON( || 控制面板类.cpp:10330:    return 私有_SQL控制面板子链JSON(区段ID, 节点键);"
"present"	"私有_SQL控制面板区段刷新JSON"	"私有_SQL控制面板区段刷新JSON"	"控制面板类.cpp:7353"	"2"	"std::string 私有_SQL控制面板区段刷新JSON(std::string_view 区段ID)"	"按 SQL 控制面板菜单区段生成局部刷新 JSON。"	""	"ClCompile"	"控制面板类.cpp:7512:    std::string 私有_SQL控制面板区段刷新JSON(std::string_view 区段ID) || 控制面板类.cpp:10142:        return 私有_SQL控制面板区段刷新JSON(页面);"
"present"	"私有_是SQL控制面板区段"	"私有_是SQL控制面板区段"	"控制面板类.cpp:7433"	"2"	"bool 私有_是SQL控制面板区段(std::string_view 区段ID) noexcept"	"判断页面名是否对应 SQL 控制面板菜单区段。"	""	"ClCompile"	"控制面板类.cpp:7592:    bool 私有_是SQL控制面板区段(std::string_view 区段ID) noexcept || 控制面板类.cpp:10141:    if (私有_是SQL控制面板区段(页面)) {"
"present"	"私有_生成SQL控制面板HTML"	"私有_生成SQL控制面板HTML"	"控制面板类.cpp:7452"	"2"	"std::string 私有_生成SQL控制面板HTML(const 结构_SQL控制面板数据& 数据)"	"根据 SQL 控制面板数据生成静态 HTML。"	""	"ClCompile"	"控制面板类.cpp:7611:    std::string 私有_生成SQL控制面板HTML(const 结构_SQL控制面板数据& 数据) || 控制面板类.cpp:14932:    return 私有_生成SQL控制面板HTML(数据);"
"present"	"私有_读取自我待处理方法数量_控制面板"	"私有_读取自我待处理方法数量_控制面板"	"控制面板类.cpp:78"	"2"	"I64 私有_读取自我待处理方法数量_控制面板(const 自我类& 自我) noexcept"	"读取自我待处理方法数量特征。"	""	"ClCompile"	"控制面板类.cpp:209:    I64 私有_读取自我待处理方法数量_控制面板(const 自我类& 自我) noexcept || 控制面板类.cpp:9881:    快照.自我待处理方法数量 = 私有_读取自我待处理方法数量_控制面板(自我);"
"present"	"私有_累计任务状态"	"私有_累计任务状态"	"控制面板类.cpp:834"	"2"	"void 私有_累计任务状态(结构_控制面板快照& 快照, const 枚举_任务状态 状态) noexcept"	"服务所在模块的内部辅助流程。"	""	"ClCompile"	"控制面板类.cpp:965:    void 私有_累计任务状态(结构_控制面板快照& 快照, const 枚举_任务状态 状态) noexcept || 控制面板类.cpp:9864:                私有_累计任务状态(快照, 任务类::读取任务状态(节点));"
"present"	"私有_追加自我场景诊断区域数组JSON"	"私有_追加自我场景诊断区域数组JSON"	"控制面板类.cpp:8746"	"2"	"void 私有_追加自我场景诊断区域数组JSON( std::ostringstream& 输出, const std::vector<结构_控制面板诊断区域>& 区域列表)"	"服务所在模块的内部辅助流程。"	""	"ClCompile"	"控制面板类.cpp:8905:    void 私有_追加自我场景诊断区域数组JSON( || 控制面板类.cpp:9126:        私有_追加自我场景诊断区域数组JSON(输出, 快照.自我场景诊断区域列表);"
"present"	"私有_追加自我场景存在复现项数组JSON"	"私有_追加自我场景存在复现项数组JSON"	"控制面板类.cpp:8774"	"2"	"void 私有_追加自我场景存在复现项数组JSON( std::ostringstream& 输出, const std::vector<结构_控制面板自我场景存在复现项>& 存在列表)"	"服务所在模块的内部辅助流程。"	""	"ClCompile"	"控制面板类.cpp:8933:    void 私有_追加自我场景存在复现项数组JSON( || 控制面板类.cpp:9133:        私有_追加自我场景存在复现项数组JSON(输出, 快照.自我场景存在复现项列表);"
"present"	"私有_缺口恢复反馈摘要_控制面板"	"私有_缺口恢复反馈摘要_控制面板"	"控制面板类.cpp:88"	"2"	"std::string 私有_缺口恢复反馈摘要_控制面板( const 自我线程类::结构_缺口恢复接口快照& 恢复快照)"	"读取缺口恢复接口反馈摘要显示文本。"	""	"ClCompile"	"控制面板类.cpp:219:    std::string 私有_缺口恢复反馈摘要_控制面板( || 控制面板类.cpp:9895:    快照.缺口最近反馈摘要 = 私有_缺口恢复反馈摘要_控制面板(缺口恢复接口快照);"
"present"	"私有_自我场景复现JSON"	"私有_自我场景复现JSON"	"控制面板类.cpp:8829"	"2"	"std::string 私有_自我场景复现JSON(const 结构_控制面板快照& 快照)"	"服务所在模块的内部辅助流程。"	""	"ClCompile"	"控制面板类.cpp:8988:    std::string 私有_自我场景复现JSON(const 结构_控制面板快照& 快照) || 控制面板类.cpp:11169:    const auto 自我场景复现JSON = 私有_自我场景复现JSON(快照);"
"present"	"私有_特征_最近执行时间_控制面板"	"私有_特征_最近执行时间_控制面板"	"控制面板类.cpp:95"	"2"	"const 语素入口节点类* 私有_特征_最近执行时间_控制面板() noexcept"	"执行任务、方法或动作的主体逻辑。"	""	"ClCompile"	"控制面板类.cpp:226:    const 语素入口节点类* 私有_特征_最近执行时间_控制面板() noexcept || 控制面板类.cpp:5764:                私有_特征_最近执行时间_控制面板())));"
"present"	"路径总数"	"路径总数"	"任务模块.筹办.ixx:1054"	"2"	"std::size_t 路径总数() const noexcept"	"按函数名执行对应处理。"	""	"ClCompile"	"任务模块.筹办.ixx:1075:        std::size_t 路径总数() const noexcept || 任务模块.筹办.ixx:1676:        if (视图.路径总数() != 0) {"
"present"	"推导临时因果根分区_筹办查询"	"推导临时因果根分区_筹办查询"	"任务模块.筹办.ixx:1067"	"2"	"I64 推导临时因果根分区_筹办查询(const 需求节点* 需求) noexcept"	"推进任务筹办，形成候选、缺口或就绪回执。"	""	"ClCompile"	"任务模块.筹办.ixx:1088:    I64 推导临时因果根分区_筹办查询(const 需求节点* 需求) noexcept || 任务模块.筹办.ixx:1922:        视图.根分区 = 推导临时因果根分区_筹办查询(来源需求);"
"present"	"解析特征引用_筹办查询"	"解析特征引用_筹办查询"	"任务模块.筹办.ixx:1152"	"2"	"特征节点类* 解析特征引用_筹办查询( const 可解析引用<特征节点类>& 引用) noexcept"	"解析输入文本、消息、场景或运行包。"	""	"ClCompile"	"任务模块.筹办.ixx:1173:    特征节点类* 解析特征引用_筹办查询( || 任务模块.筹办.ixx:1395:            : 解析特征引用_筹办查询(目标状态信息->状态特征);"
"present"	"转换因果路径生成类型_筹办查询"	"转换因果路径生成类型_筹办查询"	"任务模块.筹办.ixx:1165"	"2"	"枚举_任务管理因果路径生成类型 转换因果路径生成类型_筹办查询( const 枚举_临时因果路径角色 角色) noexcept"	"根据当前输入生成目标数据、场景、动态或回执。"	""	"ClCompile"	"任务模块.筹办.ixx:1186:    枚举_任务管理因果路径生成类型 转换因果路径生成类型_筹办查询( || 任务模块.筹办.ixx:1289:        消息.因果路径生成类型 = 转换因果路径生成类型_筹办查询(项.角色);"
"present"	"转换派生需求类型_筹办查询"	"转换派生需求类型_筹办查询"	"任务模块.筹办.ixx:1190"	"2"	"枚举_任务管理派生需求类型 转换派生需求类型_筹办查询( const 枚举_临时因果路径角色 角色) noexcept"	"把输入数据转换为目标类型、语义或结构。"	""	"ClCompile"	"任务模块.筹办.ixx:1211:    枚举_任务管理派生需求类型 转换派生需求类型_筹办查询( || 任务模块.筹办.ixx:1288:        消息.派生需求类型 = 转换派生需求类型_筹办查询(项.角色);"
"present"	"转换阻塞级别_筹办查询"	"转换阻塞级别_筹办查询"	"任务模块.筹办.ixx:1213"	"2"	"枚举_任务管理阻塞级别 转换阻塞级别_筹办查询( const 枚举_临时因果路径角色 角色) noexcept"	"把输入数据转换为目标类型、语义或结构。"	""	"ClCompile"	"任务模块.筹办.ixx:1234:    枚举_任务管理阻塞级别 转换阻塞级别_筹办查询( || 任务模块.筹办.ixx:1290:        消息.阻塞级别 = 转换阻塞级别_筹办查询(项.角色);"
"present"	"派生消息字段完整_筹办查询"	"派生消息字段完整_筹办查询"	"任务模块.筹办.ixx:1234"	"2"	"bool 派生消息字段完整_筹办查询( const 结构_任务管理派生需求消息& 消息) noexcept"	"推进任务筹办，形成候选、缺口或就绪回执。"	""	"ClCompile"	"任务模块.筹办.ixx:1255:    bool 派生消息字段完整_筹办查询( || 任务模块.筹办.ixx:1837:                const bool 消息字段完整 = 派生消息字段完整_筹办查询(消息);"
"present"	"构造正式派生需求消息草案_筹办查询"	"构造正式派生需求消息草案_筹办查询"	"任务模块.筹办.ixx:1253"	"2"	"结构_任务管理派生需求消息 构造正式派生需求消息草案_筹办查询( const 任务节点* 任务头, const 需求节点* 来源需求, const 结构_临时因果路径项& 项, const 时间戳 now) noexcept"	"推进任务筹办，形成候选、缺口或就绪回执。"	""	"ClCompile"	"任务模块.筹办.ixx:1274:    结构_任务管理派生需求消息 构造正式派生需求消息草案_筹办查询( || 任务模块.筹办.ixx:1831:                const auto 消息 = 构造正式派生需求消息草案_筹办查询("
"present"	"因果证据足够_筹办查询"	"因果证据足够_筹办查询"	"任务模块.筹办.ixx:1301"	"2"	"bool 因果证据足够_筹办查询(const 因果节点类* 因果节点) noexcept"	"推进任务筹办，形成候选、缺口或就绪回执。"	""	"ClCompile"	"任务模块.筹办.ixx:1322:    bool 因果证据足够_筹办查询(const 因果节点类* 因果节点) noexcept || 任务模块.筹办.ixx:1608:        if (因果证据足够_筹办查询(因果节点)) {"
"present"	"目标化条件目标状态路径项_筹办查询"	"目标化条件目标状态路径项_筹办查询"	"任务模块.筹办.ixx:1360"	"2"	"bool 目标化条件目标状态路径项_筹办查询( ::自我类& 自我对象, 结构_临时因果路径项& 项, 状态节点类* 目标状态, const 时间戳 now) noexcept"	"比较当前值、目标值或历史基准。"	""	"ClCompile"	"任务模块.筹办.ixx:1381:    bool 目标化条件目标状态路径项_筹办查询( || 任务模块.筹办.ixx:1524:            if (!目标化条件目标状态路径项_筹办查询("
"present"	"因果条件缺口重复来源需求目标_筹办查询"	"因果条件缺口重复来源需求目标_筹办查询"	"任务模块.筹办.ixx:1420"	"2"	"bool 因果条件缺口重复来源需求目标_筹办查询( const 结构_临时因果视图& 视图, const 结构_临时因果路径项& 项) noexcept"	"判断因果条件缺口是否重复当前来源需求目标。"	""	"ClCompile"	"任务模块.筹办.ixx:1441:    bool 因果条件缺口重复来源需求目标_筹办查询( || 任务模块.筹办.ixx:1541:                if (因果条件缺口重复来源需求目标_筹办查询(视图, 项)) {"
"present"	"吸收因果方法就绪缺口_筹办查询"	"吸收因果方法就绪缺口_筹办查询"	"任务模块.筹办.ixx:1557"	"2"	"void 吸收因果方法就绪缺口_筹办查询( 结构_临时因果视图& 视图, 因果节点类* 因果节点)"	"推进任务筹办，形成候选、缺口或就绪回执。"	""	"ClCompile"	"任务模块.筹办.ixx:1578:    void 吸收因果方法就绪缺口_筹办查询( || 任务模块.筹办.ixx:1627:        吸收因果方法就绪缺口_筹办查询(视图, 因果节点);"
"present"	"吸收促成因果到临时视图_筹办查询"	"吸收促成因果到临时视图_筹办查询"	"任务模块.筹办.ixx:1599"	"2"	"void 吸收促成因果到临时视图_筹办查询( ::自我类& 自我对象, 结构_临时因果视图& 视图, 因果节点类* 因果节点, const 时间戳 now)"	"推进任务筹办，形成候选、缺口或就绪回执。"	""	"ClCompile"	"任务模块.筹办.ixx:1620:    void 吸收促成因果到临时视图_筹办查询( || 任务模块.筹办.ixx:1972:                吸收促成因果到临时视图_筹办查询("
"present"	"吸收避免因果到临时视图_筹办查询"	"吸收避免因果到临时视图_筹办查询"	"任务模块.筹办.ixx:1611"	"2"	"void 吸收避免因果到临时视图_筹办查询( ::自我类& 自我对象, 结构_临时因果视图& 视图, 因果节点类* 因果节点, const 时间戳 now)"	"推进任务筹办，形成候选、缺口或就绪回执。"	""	"ClCompile"	"任务模块.筹办.ixx:1632:    void 吸收避免因果到临时视图_筹办查询( || 任务模块.筹办.ixx:1978:                吸收避免因果到临时视图_筹办查询("
"present"	"确保临时视图学习缺口_筹办查询"	"确保临时视图学习缺口_筹办查询"	"任务模块.筹办.ixx:1650"	"2"	"void 确保临时视图学习缺口_筹办查询( ::自我类& 自我对象, 结构_临时因果视图& 视图, const 时间戳 now)"	"确保目标结构、状态或前置条件存在并可用。"	""	"ClCompile"	"任务模块.筹办.ixx:1671:    void 确保临时视图学习缺口_筹办查询( || 任务模块.筹办.ixx:1996:        确保临时视图学习缺口_筹办查询("
"present"	"记录临时因果视图统计_筹办查询"	"记录临时因果视图统计_筹办查询"	"任务模块.筹办.ixx:1723"	"2"	"void 记录临时因果视图统计_筹办查询( const 任务节点* 任务头, const 结构_临时因果视图& 视图)"	"记录日志、动态、证据或运行痕迹。"	""	"ClCompile"	"任务模块.筹办.ixx:1744:    void 记录临时因果视图统计_筹办查询( || 任务模块.筹办.ixx:2025:        记录临时因果视图统计_筹办查询(任务头, 视图);"
"present"	"尝试准备因果路径筹办入口壳"	"尝试准备因果路径筹办入口壳"	"任务模块.筹办.ixx:2053"	"2"	"结构_因果路径筹办入口壳结果 尝试准备因果路径筹办入口壳( ::自我类& 自我对象, const 任务节点* 任务头, const 结构_需求生命周期上下文_筹办& 需求上下文, const 时间戳 now) noexcept"	"推进任务筹办，形成候选、缺口或就绪回执。"	""	"ClCompile"	"任务模块.筹办.ixx:2074:    结构_因果路径筹办入口壳结果 尝试准备因果路径筹办入口壳( || 任务模块.筹办.ixx:2160:        auto 结果 = 尝试准备因果路径筹办入口壳("
"present"	"特征_安全值_筹办"	"特征_安全值_筹办"	"任务模块.筹办.ixx:2227"	"2"	"const 语素入口节点类* 特征_安全值_筹办() noexcept"	"推进任务筹办，形成候选、缺口或就绪回执。"	""	"ClCompile"	"任务模块.筹办.ixx:2248:    const 语素入口节点类* 特征_安全值_筹办() noexcept || 任务模块.筹办.ixx:2265:        return 语素入口同一(目标特征类型, 特征_安全值_筹办())"
"present"	"特征_服务值_筹办"	"特征_服务值_筹办"	"任务模块.筹办.ixx:2234"	"2"	"const 语素入口节点类* 特征_服务值_筹办() noexcept"	"推进任务筹办，形成候选、缺口或就绪回执。"	""	"ClCompile"	"任务模块.筹办.ixx:2255:    const 语素入口节点类* 特征_服务值_筹办() noexcept || 任务模块.筹办.ixx:2266:            || 语素入口同一(目标特征类型, 特征_服务值_筹办());"
"present"	"方法是运行时空占位方法头"	"方法是运行时空占位方法头"	"任务模块.筹办.ixx:2249"	"2"	"bool 方法是运行时空占位方法头(const 方法节点* 方法) noexcept"	"执行对应模块、线程或方法的运行逻辑。"	""	"ClCompile"	"任务模块.筹办.ixx:2270:    bool 方法是运行时空占位方法头(const 方法节点* 方法) noexcept || 任务模块.筹办.ixx:2289:            && 方法是运行时空占位方法头(方法);"
"present"	"任务应跳过价值目标空占位方法"	"任务应跳过价值目标空占位方法"	"任务模块.筹办.ixx:2264"	"2"	"bool 任务应跳过价值目标空占位方法(const 任务节点* 任务头, const 方法节点* 方法) noexcept"	"按函数名执行对应处理。"	""	"ClCompile"	"任务模块.筹办.ixx:2285:    bool 任务应跳过价值目标空占位方法(const 任务节点* 任务头, const 方法节点* 方法) noexcept || 任务模块.筹办.ixx:3516:        if (任务应跳过价值目标空占位方法(任务头, 方法)) {"
"present"	"结算叶子任务价值前提具备_筹办"	"结算叶子任务价值前提具备_筹办"	"任务模块.筹办.ixx:2272"	"2"	"bool 结算叶子任务价值前提具备_筹办(const 任务节点* 任务头) noexcept"	"推进任务筹办，形成候选、缺口或就绪回执。"	""	"ClCompile"	"任务模块.筹办.ixx:2293:    bool 结算叶子任务价值前提具备_筹办(const 任务节点* 任务头) noexcept || 任务模块.筹办.ixx:2876:            || 结算叶子任务价值前提具备_筹办(任务头);"
"present"	"本能方法ID可作为练习目标_筹办"	"本能方法ID可作为练习目标_筹办"	"任务模块.筹办.ixx:2352"	"2"	"bool 本能方法ID可作为练习目标_筹办(I64 本能方法ID) noexcept"	"推进任务筹办，形成候选、缺口或就绪回执。"	""	"ClCompile"	"任务模块.筹办.ixx:2373:    bool 本能方法ID可作为练习目标_筹办(I64 本能方法ID) noexcept || 任务模块.筹办.ixx:2471:        return 本能方法ID可作为练习目标_筹办(方法原始本能ID值(方法));"
"present"	"方法可作为练习目标_筹办"	"方法可作为练习目标_筹办"	"任务模块.筹办.ixx:2448"	"2"	"bool 方法可作为练习目标_筹办(const 方法节点* 方法) noexcept"	"推进任务筹办，形成候选、缺口或就绪回执。"	""	"ClCompile"	"任务模块.筹办.ixx:2469:    bool 方法可作为练习目标_筹办(const 方法节点* 方法) noexcept || 任务模块.筹办.ixx:4777:            && 方法可作为练习目标_筹办(输入目标方法)"
"present"	"方法动作状态已提交"	"方法动作状态已提交"	"任务模块.筹办.ixx:2454"	"2"	"bool 方法动作状态已提交(方法节点* 方法, 时间戳 now) noexcept"	"提交事实、动态、任务状态或运行回执。"	""	"ClCompile"	"任务模块.筹办.ixx:2475:    bool 方法动作状态已提交(方法节点* 方法, 时间戳 now) noexcept || 任务模块.筹办.ixx:2495:            || 方法动作状态已提交(方法, now)) {"
"present"	"方法结果项I64目标值"	"方法结果项I64目标值"	"任务模块.筹办.ixx:2593"	"2"	"bool 方法结果项I64目标值( const 结构_方法结果项& 结果项, I64& 输出值) noexcept"	"按函数名执行对应处理。"	""	"ClCompile"	"任务模块.筹办.ixx:2614:    bool 方法结果项I64目标值( || 任务模块.筹办.ixx:2784:        if (!方法结果项I64目标值(结果项, 结果目标值)"
"present"	"方法结果项方向适配需求"	"方法结果项方向适配需求"	"任务模块.筹办.ixx:2690"	"2"	"bool 方法结果项方向适配需求( const 结构_方法结果项& 结果项, const 需求节点* 来源需求) noexcept"	"适配外部接口、模块协议或调用结果。"	""	"ClCompile"	"任务模块.筹办.ixx:2711:    bool 方法结果项方向适配需求( || 任务模块.筹办.ixx:2749:        return 方法结果项方向适配需求(结果项, 来源需求);"
"present"	"方法结果能力命中精度"	"方法结果能力命中精度"	"任务模块.筹办.ixx:2780"	"2"	"I64 方法结果能力命中精度( 方法节点* 方法, const 语素入口节点类* 目标特征类型, const 需求节点* 来源需求) noexcept"	"按函数名执行对应处理。"	""	"ClCompile"	"任务模块.筹办.ixx:2801:    I64 方法结果能力命中精度( || 任务模块.筹办.ixx:2890:        评分.结果命中精度 = 方法结果能力命中精度(方法, 目标特征类型, 来源需求);"
"present"	"方法候选评分"	"方法候选评分"	"任务模块.筹办.ixx:2827"	"2"	"结构_方法选择评分 方法候选评分( 自我类& 自我对象, 任务节点* 任务头, 方法节点* 方法, 时间戳 now) noexcept"	"按函数名执行对应处理。"	""	"ClCompile"	"任务模块.筹办.ixx:2848:    结构_方法选择评分 方法候选评分( || 任务模块.筹办.ixx:2985:            const auto 分数 = 方法候选评分(自我对象, 任务头, 方法, now);"
"present"	"从筹办候选集中选择当前方法"	"从筹办候选集中选择当前方法"	"任务模块.筹办.ixx:2936"	"2"	"方法节点* 从筹办候选集中选择当前方法( 自我类& 自我对象, 任务节点* 任务头, const std::vector<方法节点*>& 候选方法集, 时间戳 now) noexcept"	"从候选集中选择当前使用对象或方法。"	""	"ClCompile"	"任务模块.筹办.ixx:2957:    方法节点* 从筹办候选集中选择当前方法( || 任务模块.筹办.ixx:5063:        if (auto* 候选选择方法 = 从筹办候选集中选择当前方法("
"present"	"特征_安全因果搜索时间窗口_筹办"	"特征_安全因果搜索时间窗口_筹办"	"任务模块.筹办.ixx:3118"	"2"	"const 语素入口节点类* 特征_安全因果搜索时间窗口_筹办() noexcept"	"在候选范围内搜索目标对象或路径。"	""	"ClCompile"	"任务模块.筹办.ixx:3139:    const 语素入口节点类* 特征_安全因果搜索时间窗口_筹办() noexcept || 任务模块.筹办.ixx:4308:        (void)复制(特征_安全因果搜索时间窗口_筹办());"
"present"	"特征_安全因果因素证据搜索状态_筹办"	"特征_安全因果因素证据搜索状态_筹办"	"任务模块.筹办.ixx:3125"	"2"	"const 语素入口节点类* 特征_安全因果因素证据搜索状态_筹办() noexcept"	"在候选范围内搜索目标对象或路径。"	""	"ClCompile"	"任务模块.筹办.ixx:3146:    const 语素入口节点类* 特征_安全因果因素证据搜索状态_筹办() noexcept || 任务模块.筹办.ixx:4346:            && 语素入口同一(目标特征类型, 特征_安全因果因素证据搜索状态_筹办())) {"
"present"	"特征_安全因果因素搜索范围完整状态_筹办"	"特征_安全因果因素搜索范围完整状态_筹办"	"任务模块.筹办.ixx:3132"	"2"	"const 语素入口节点类* 特征_安全因果因素搜索范围完整状态_筹办() noexcept"	"在候选范围内搜索目标对象或路径。"	""	"ClCompile"	"任务模块.筹办.ixx:3153:    const 语素入口节点类* 特征_安全因果因素搜索范围完整状态_筹办() noexcept || 任务模块.筹办.ixx:4309:        (void)复制(特征_安全因果因素搜索范围完整状态_筹办());"
"present"	"特征_安全因果因素负向证据数量_筹办"	"特征_安全因果因素负向证据数量_筹办"	"任务模块.筹办.ixx:3139"	"2"	"const 语素入口节点类* 特征_安全因果因素负向证据数量_筹办() noexcept"	"推进任务筹办，形成候选、缺口或就绪回执。"	""	"ClCompile"	"任务模块.筹办.ixx:3160:    const 语素入口节点类* 特征_安全因果因素负向证据数量_筹办() noexcept || 任务模块.筹办.ixx:4310:        (void)复制(特征_安全因果因素负向证据数量_筹办());"
"present"	"特征_安全因果因素正向证据数量_筹办"	"特征_安全因果因素正向证据数量_筹办"	"任务模块.筹办.ixx:3146"	"2"	"const 语素入口节点类* 特征_安全因果因素正向证据数量_筹办() noexcept"	"推进任务筹办，形成候选、缺口或就绪回执。"	""	"ClCompile"	"任务模块.筹办.ixx:3167:    const 语素入口节点类* 特征_安全因果因素正向证据数量_筹办() noexcept || 任务模块.筹办.ixx:4311:        (void)复制(特征_安全因果因素正向证据数量_筹办());"
"present"	"特征_安全因果因素稳定性证据数量_筹办"	"特征_安全因果因素稳定性证据数量_筹办"	"任务模块.筹办.ixx:3153"	"2"	"const 语素入口节点类* 特征_安全因果因素稳定性证据数量_筹办() noexcept"	"推进任务筹办，形成候选、缺口或就绪回执。"	""	"ClCompile"	"任务模块.筹办.ixx:3174:    const 语素入口节点类* 特征_安全因果因素稳定性证据数量_筹办() noexcept || 任务模块.筹办.ixx:4312:        (void)复制(特征_安全因果因素稳定性证据数量_筹办());"
"present"	"特征_安全因果因素归因证据数量_筹办"	"特征_安全因果因素归因证据数量_筹办"	"任务模块.筹办.ixx:3160"	"2"	"const 语素入口节点类* 特征_安全因果因素归因证据数量_筹办() noexcept"	"推进任务筹办，形成候选、缺口或就绪回执。"	""	"ClCompile"	"任务模块.筹办.ixx:3181:    const 语素入口节点类* 特征_安全因果因素归因证据数量_筹办() noexcept || 任务模块.筹办.ixx:4313:        (void)复制(特征_安全因果因素归因证据数量_筹办());"
"present"	"特征_安全因果因素材料缺失数量_筹办"	"特征_安全因果因素材料缺失数量_筹办"	"任务模块.筹办.ixx:3167"	"2"	"const 语素入口节点类* 特征_安全因果因素材料缺失数量_筹办() noexcept"	"推进任务筹办，形成候选、缺口或就绪回执。"	""	"ClCompile"	"任务模块.筹办.ixx:3188:    const 语素入口节点类* 特征_安全因果因素材料缺失数量_筹办() noexcept || 任务模块.筹办.ixx:4314:        (void)复制(特征_安全因果因素材料缺失数量_筹办());"
"present"	"特征_安全因果因素冲突数量_筹办"	"特征_安全因果因素冲突数量_筹办"	"任务模块.筹办.ixx:3174"	"2"	"const 语素入口节点类* 特征_安全因果因素冲突数量_筹办() noexcept"	"推进任务筹办，形成候选、缺口或就绪回执。"	""	"ClCompile"	"任务模块.筹办.ixx:3195:    const 语素入口节点类* 特征_安全因果因素冲突数量_筹办() noexcept || 任务模块.筹办.ixx:4315:        (void)复制(特征_安全因果因素冲突数量_筹办());"
"present"	"特征_安全因果因素搜索置信度_筹办"	"特征_安全因果因素搜索置信度_筹办"	"任务模块.筹办.ixx:3181"	"2"	"const 语素入口节点类* 特征_安全因果因素搜索置信度_筹办() noexcept"	"在候选范围内搜索目标对象或路径。"	""	"ClCompile"	"任务模块.筹办.ixx:3202:    const 语素入口节点类* 特征_安全因果因素搜索置信度_筹办() noexcept || 任务模块.筹办.ixx:4316:        (void)复制(特征_安全因果因素搜索置信度_筹办());"
"present"	"特征_安全因果因素评估值候选_筹办"	"特征_安全因果因素评估值候选_筹办"	"任务模块.筹办.ixx:3188"	"2"	"const 语素入口节点类* 特征_安全因果因素评估值候选_筹办() noexcept"	"评估状态、风险、质量、权重或完成度。"	""	"ClCompile"	"任务模块.筹办.ixx:3209:    const 语素入口节点类* 特征_安全因果因素评估值候选_筹办() noexcept || 任务模块.筹办.ixx:4317:        (void)复制(特征_安全因果因素评估值候选_筹办());"
"present"	"特征_任务参数包_筹办"	"特征_任务参数包_筹办"	"任务模块.筹办.ixx:3244"	"2"	"const 语素入口节点类* 特征_任务参数包_筹办() noexcept"	"推进任务筹办，形成候选、缺口或就绪回执。"	""	"ClCompile"	"任务模块.筹办.ixx:3265:    const 语素入口节点类* 特征_任务参数包_筹办() noexcept || 任务模块.筹办.ixx:3914:        for (const auto* 包类型 : { 特征_任务参数包_筹办(), 特征_现实场景包_筹办() }) {"
"present"	"特征_现实场景包_筹办"	"特征_现实场景包_筹办"	"任务模块.筹办.ixx:3251"	"2"	"const 语素入口节点类* 特征_现实场景包_筹办() noexcept"	"推进任务筹办，形成候选、缺口或就绪回执。"	""	"ClCompile"	"任务模块.筹办.ixx:3272:    const 语素入口节点类* 特征_现实场景包_筹办() noexcept || 任务模块.筹办.ixx:3914:        for (const auto* 包类型 : { 特征_任务参数包_筹办(), 特征_现实场景包_筹办() }) {"
"present"	"特征_形参表_筹办"	"特征_形参表_筹办"	"任务模块.筹办.ixx:3258"	"2"	"const 语素入口节点类* 特征_形参表_筹办() noexcept"	"推进任务筹办，形成候选、缺口或就绪回执。"	""	"ClCompile"	"任务模块.筹办.ixx:3279:    const 语素入口节点类* 特征_形参表_筹办() noexcept || 任务模块.筹办.ixx:3975:            特征_形参表_筹办());"
"present"	"特征_是否必需_筹办"	"特征_是否必需_筹办"	"任务模块.筹办.ixx:3265"	"2"	"const 语素入口节点类* 特征_是否必需_筹办() noexcept"	"推进任务筹办，形成候选、缺口或就绪回执。"	""	"ClCompile"	"任务模块.筹办.ixx:3286:    const 语素入口节点类* 特征_是否必需_筹办() noexcept || 任务模块.筹办.ixx:3931:            特征_是否必需_筹办(),"
"present"	"特征_参数值类型_筹办"	"特征_参数值类型_筹办"	"任务模块.筹办.ixx:3272"	"2"	"const 语素入口节点类* 特征_参数值类型_筹办() noexcept"	"推进任务筹办，形成候选、缺口或就绪回执。"	""	"ClCompile"	"任务模块.筹办.ixx:3293:    const 语素入口节点类* 特征_参数值类型_筹办() noexcept || 任务模块.筹办.ixx:3943:                特征_参数值类型_筹办(),"
"present"	"值类型_I64_筹办"	"值类型_I64_筹办"	"任务模块.筹办.ixx:3279"	"2"	"const 语素入口节点类* 值类型_I64_筹办() noexcept"	"推进任务筹办，形成候选、缺口或就绪回执。"	""	"ClCompile"	"任务模块.筹办.ixx:3300:    const 语素入口节点类* 值类型_I64_筹办() noexcept || 任务模块.筹办.ixx:3955:        return 语素入口同一(值类型, 值类型_I64_筹办())"
"present"	"值类型_类型I64_筹办"	"值类型_类型I64_筹办"	"任务模块.筹办.ixx:3286"	"2"	"const 语素入口节点类* 值类型_类型I64_筹办() noexcept"	"推进任务筹办，形成候选、缺口或就绪回执。"	""	"ClCompile"	"任务模块.筹办.ixx:3307:    const 语素入口节点类* 值类型_类型I64_筹办() noexcept || 任务模块.筹办.ixx:3956:            || 语素入口同一(值类型, 值类型_类型I64_筹办());"
"present"	"值类型_场景指针_筹办"	"值类型_场景指针_筹办"	"任务模块.筹办.ixx:3293"	"2"	"const 语素入口节点类* 值类型_场景指针_筹办() noexcept"	"推进任务筹办，形成候选、缺口或就绪回执。"	""	"ClCompile"	"任务模块.筹办.ixx:3314:    const 语素入口节点类* 值类型_场景指针_筹办() noexcept || 任务模块.筹办.ixx:3963:        return 语素入口同一(值类型, 值类型_场景指针_筹办())"
"present"	"值类型_特征类型指针_筹办"	"值类型_特征类型指针_筹办"	"任务模块.筹办.ixx:3300"	"2"	"const 语素入口节点类* 值类型_特征类型指针_筹办() noexcept"	"推进任务筹办，形成候选、缺口或就绪回执。"	""	"ClCompile"	"任务模块.筹办.ixx:3321:    const 语素入口节点类* 值类型_特征类型指针_筹办() noexcept || 任务模块.筹办.ixx:3964:            || 语素入口同一(值类型, 值类型_特征类型指针_筹办());"
"present"	"方法结果项命中目标特征"	"方法结果项命中目标特征"	"任务模块.筹办.ixx:3419"	"2"	"bool 方法结果项命中目标特征( const 结构_方法结果项& 结果项, const 语素入口节点类* 目标特征类型) noexcept"	"按函数名执行对应处理。"	""	"ClCompile"	"任务模块.筹办.ixx:2702:    bool 方法结果项命中目标特征( || 任务模块.筹办.ixx:3440:    bool 方法结果项命中目标特征("
"present"	"填充候选集_按结果能力"	"填充候选集_按结果能力"	"任务模块.筹办.ixx:3534"	"2"	"std::size_t 填充候选集_按结果能力( 自我类& 自我对象, 任务节点* 任务头, std::vector<方法节点*>& 候选方法集, 方法节点* 方法根节点, const 语素入口节点类* 目标特征类型, 时间戳 now) noexcept"	"按函数名执行对应处理。"	""	"ClCompile"	"任务模块.筹办.ixx:3555:    std::size_t 填充候选集_按结果能力( || 任务模块.筹办.ixx:3685:        (void)填充候选集_按结果能力("
"present"	"填充任务方法候选集"	"填充任务方法候选集"	"任务模块.筹办.ixx:3639"	"2"	"void 填充任务方法候选集( 自我类& 自我对象, 任务节点* 任务头, std::vector<方法节点*>& 候选方法集, 方法节点* 方法根节点, 时间戳 now) noexcept"	"按函数名执行对应处理。"	""	"ClCompile"	"任务模块.筹办.ixx:3660:    void 填充任务方法候选集( || 任务模块.筹办.ixx:5052:        填充任务方法候选集("
"present"	"方法结果能力需要目标执行值"	"方法结果能力需要目标执行值"	"任务模块.筹办.ixx:3754"	"2"	"bool 方法结果能力需要目标执行值( 方法节点* 方法, const 语素入口节点类* 目标特征类型) noexcept"	"执行任务、方法或动作的主体逻辑。"	""	"ClCompile"	"任务模块.筹办.ixx:3775:    bool 方法结果能力需要目标执行值( || 任务模块.筹办.ixx:4865:        const bool 需要目标执行值 = 方法结果能力需要目标执行值("
"present"	"评分_特征_输入条件包_筹办"	"评分_特征_输入条件包_筹办"	"任务模块.筹办.ixx:3781"	"2"	"const 语素入口节点类* 评分_特征_输入条件包_筹办() noexcept"	"推进任务筹办，形成候选、缺口或就绪回执。"	""	"ClCompile"	"任务模块.筹办.ixx:3802:    const 语素入口节点类* 评分_特征_输入条件包_筹办() noexcept || 任务模块.筹办.ixx:3824:            评分_特征_输入条件包_筹办());"
"present"	"评分_特征_目标方法头节点_筹办"	"评分_特征_目标方法头节点_筹办"	"任务模块.筹办.ixx:3788"	"2"	"const 语素入口节点类* 评分_特征_目标方法头节点_筹办() noexcept"	"推进任务筹办，形成候选、缺口或就绪回执。"	""	"ClCompile"	"任务模块.筹办.ixx:3809:    const 语素入口节点类* 评分_特征_目标方法头节点_筹办() noexcept || 任务模块.筹办.ixx:3829:                评分_特征_目标方法头节点_筹办(),"
"present"	"参数值类型为指针_筹办"	"参数值类型为指针_筹办"	"任务模块.筹办.ixx:3939"	"2"	"bool 参数值类型为指针_筹办(特征节点类* 形参节点) noexcept"	"推进任务筹办，形成候选、缺口或就绪回执。"	""	"ClCompile"	"任务模块.筹办.ixx:3960:    bool 参数值类型为指针_筹办(特征节点类* 形参节点) noexcept || 任务模块.筹办.ixx:4656:                if (!已绑定 && 参数值类型为指针_筹办(形参节点)) {"
"present"	"检查候选方法必需实参"	"检查候选方法必需实参"	"任务模块.筹办.ixx:3958"	"2"	"bool 检查候选方法必需实参( 方法节点* 目标方法, 场景节点类* 输入参数场景, 特征节点类* 输入条件包, 时间戳 now, I64& 必需参数数量, I64& 已绑定参数数量, I64& 缺失参数数量, const 语素入口节点类*& 首个缺失参数特征类型) noexcept"	"检查状态、条件、缺口或运行约束。"	""	"ClCompile"	"任务模块.筹办.ixx:3979:    bool 检查候选方法必需实参( || 任务模块.筹办.ixx:4736:        const bool 必需实参成功 = 检查候选方法必需实参("
"present"	"练习目标形参可由练习自动生成_筹办"	"练习目标形参可由练习自动生成_筹办"	"任务模块.筹办.ixx:4007"	"2"	"bool 练习目标形参可由练习自动生成_筹办(特征节点类* 形参节点) noexcept"	"根据当前输入生成目标数据、场景、动态或回执。"	""	"ClCompile"	"任务模块.筹办.ixx:4028:    bool 练习目标形参可由练习自动生成_筹办(特征节点类* 形参节点) noexcept || 任务模块.筹办.ixx:4077:            if (练习目标形参可由练习自动生成_筹办(形参节点)) {"
"present"	"检查练习目标方法必需实参_筹办"	"检查练习目标方法必需实参_筹办"	"任务模块.筹办.ixx:4015"	"2"	"bool 检查练习目标方法必需实参_筹办( 方法节点* 目标方法, 场景节点类* 输入参数场景, 特征节点类* 输入条件包, 时间戳 now, I64& 必需参数数量, I64& 已绑定参数数量, I64& 练习可生成参数数量, I64& 缺失参数数量, const 语素入口节点类*& 首个缺失参数特征类型) noexcept"	"检查状态、条件、缺口或运行约束。"	""	"ClCompile"	"任务模块.筹办.ixx:4036:    bool 检查练习目标方法必需实参_筹办( || 任务模块.筹办.ixx:4786:            const bool 练习目标实参成功 = 检查练习目标方法必需实参_筹办("
"present"	"从目标宿主复制I64实参_筹办"	"从目标宿主复制I64实参_筹办"	"任务模块.筹办.ixx:4131"	"2"	"bool 从目标宿主复制I64实参_筹办( 基础信息节点类* 目标宿主, 特征节点类* 输入条件包, const 语素入口节点类* 特征类型, 时间戳 now) noexcept"	"推进任务筹办，形成候选、缺口或就绪回执。"	""	"ClCompile"	"任务模块.筹办.ixx:4152:    bool 从目标宿主复制I64实参_筹办( || 任务模块.筹办.ixx:4300:            return 从目标宿主复制I64实参_筹办("
"present"	"补齐外设观察报告ID输入参数_筹办"	"补齐外设观察报告ID输入参数_筹办"	"任务模块.筹办.ixx:4149"	"2"	"bool 补齐外设观察报告ID输入参数_筹办( 任务节点* 任务头, 场景节点类* 输入参数场景, 特征节点类* 输入条件包, 时间戳 now) noexcept"	"推进任务筹办，形成候选、缺口或就绪回执。"	""	"ClCompile"	"任务模块.筹办.ixx:4170:    bool 补齐外设观察报告ID输入参数_筹办( || 任务模块.筹办.ixx:4592:        ok = 补齐外设观察报告ID输入参数_筹办("
"present"	"解析因果信息节点_筹办"	"解析因果信息节点_筹办"	"任务模块.筹办.ixx:4208"	"2"	"因果节点类* 解析因果信息节点_筹办(基础信息节点类* 节点) noexcept"	"解析输入文本、消息、场景或运行包。"	""	"ClCompile"	"任务模块.筹办.ixx:4229:    因果节点类* 解析因果信息节点_筹办(基础信息节点类* 节点) noexcept || 任务模块.筹办.ixx:4254:            if (auto* 因果 = 解析因果信息节点_筹办("
"present"	"安全因果搜索输入已绑定I64_筹办"	"安全因果搜索输入已绑定I64_筹办"	"任务模块.筹办.ixx:4242"	"2"	"bool 安全因果搜索输入已绑定I64_筹办( 场景节点类* 输入参数场景, 特征节点类* 输入条件包, const 语素入口节点类* 特征类型, I64& 输出值) noexcept"	"在候选范围内搜索目标对象或路径。"	""	"ClCompile"	"任务模块.筹办.ixx:4263:    bool 安全因果搜索输入已绑定I64_筹办( || 任务模块.筹办.ixx:4337:        const bool 方向已绑定 = 安全因果搜索输入已绑定I64_筹办("
"present"	"补齐安全因果搜索输入参数_筹办"	"补齐安全因果搜索输入参数_筹办"	"任务模块.筹办.ixx:4263"	"2"	"bool 补齐安全因果搜索输入参数_筹办( 任务节点* 任务头, 方法节点* 目标方法, 场景节点类* 输入参数场景, 特征节点类* 输入条件包, 基础信息节点类* 目标宿主, const 语素入口节点类* 目标特征类型, 时间戳 now) noexcept"	"在候选范围内搜索目标对象或路径。"	""	"ClCompile"	"任务模块.筹办.ixx:4284:    bool 补齐安全因果搜索输入参数_筹办( || 任务模块.筹办.ixx:4584:        ok = 补齐安全因果搜索输入参数_筹办("
"present"	"通用绑定候选方法输入参数_筹办"	"通用绑定候选方法输入参数_筹办"	"任务模块.筹办.ixx:4396"	"2"	"结构_候选方法输入闭合结果 通用绑定候选方法输入参数_筹办( const 结构_通用参数绑定上下文& 上下文) noexcept"	"建立对象、任务、方法或因果之间的绑定关系。"	""	"ClCompile"	"任务模块.筹办.ixx:4417:    结构_候选方法输入闭合结果 通用绑定候选方法输入参数_筹办( || 任务模块.筹办.ixx:4909:        const auto 参数绑定结果 = 通用绑定候选方法输入参数_筹办({"
"present"	"尝试构造候选方法输入参数场景"	"尝试构造候选方法输入参数场景"	"任务模块.筹办.ixx:4816"	"2"	"结构_候选方法输入闭合结果 尝试构造候选方法输入参数场景( 任务模块::筹办::结构_任务筹办结果& 结果, 任务节点* 任务头, 方法节点* 目标方法, 方法节点* 输入目标方法覆盖, 基础信息节点类* 目标宿主, const 语素入口节点类* 目标特征类型, const 状态节点类* 当前状态, const 状态节点类* 目标状态, 时间戳 now) noexcept"	"按函数名执行对应处理。"	""	"ClCompile"	"任务模块.筹办.ixx:4837:    结构_候选方法输入闭合结果 尝试构造候选方法输入参数场景( || 任务模块.筹办.ixx:5820:    const auto 候选方法输入闭合结果 = 尝试构造候选方法输入参数场景("
"present"	"解析任务目标方法"	"解析任务目标方法"	"任务模块.筹办.ixx:5011"	"2"	"方法节点* 解析任务目标方法( 自我类& 自我对象, 任务节点* 任务头, 时间戳 now, std::vector<方法节点*>* 输出候选方法集) noexcept"	"解析输入文本、消息、场景或运行包。"	""	"ClCompile"	"任务模块.筹办.ixx:5032:    方法节点* 解析任务目标方法( || 任务模块.筹办.ixx:5598:    auto* 目标方法 = 解析任务目标方法("
"present"	"筹办缺口特征类型"	"筹办缺口特征类型"	"任务模块.筹办.ixx:5069"	"2"	"const 语素入口节点类* 筹办缺口特征类型( 任务模块::筹办::枚举_任务推进状况 状况) noexcept"	"推进任务筹办，形成候选、缺口或就绪回执。"	""	"ClCompile"	"任务模块.筹办.ixx:5090:    const 语素入口节点类* 筹办缺口特征类型( || 任务模块.筹办.ixx:5193:            : 筹办缺口特征类型(状况);"
"present"	"候选方法不可就绪状况"	"候选方法不可就绪状况"	"任务模块.筹办.ixx:5292"	"2"	"任务模块::筹办::枚举_任务推进状况 候选方法不可就绪状况( 方法节点* 目标方法, 时间戳 now) noexcept"	"按函数名执行对应处理。"	""	"ClCompile"	"任务模块.筹办.ixx:5313:    任务模块::筹办::枚举_任务推进状况 候选方法不可就绪状况( || 任务模块.筹办.ixx:5730:    const auto 方法不可就绪状况 = 候选方法不可就绪状况(目标方法, now);"
"present"	"维护安全因果风险树常驻任务"	"维护安全因果风险树常驻任务"	"任务模块.筹办.ixx:5855"	"2"	"结构_安全因果风险树常驻维护结果 维护安全因果风险树常驻任务( ::自我类& 自我对象, 时间戳 now) noexcept"	"按函数名执行对应处理。"	""	"ClCompile"	"任务模块.筹办.ixx:141:结构_安全因果风险树常驻维护结果 维护安全因果风险树常驻任务( || 任务模块.筹办.ixx:5876:结构_安全因果风险树常驻维护结果 维护安全因果风险树常驻任务("
"present"	"生成安全因果风险树缺口派生需求消息集"	"生成安全因果风险树缺口派生需求消息集"	"任务模块.筹办.ixx:5879"	"2"	"std::vector<结构_任务管理派生需求消息> 生成安全因果风险树缺口派生需求消息集( ::自我类& 自我对象, 时间戳 now) noexcept"	"根据当前输入生成目标数据、场景、动态或回执。"	""	"ClCompile"	"任务模块.筹办.ixx:145:std::vector<结构_任务管理派生需求消息> 生成安全因果风险树缺口派生需求消息集( || 任务模块.筹办.ixx:5900:std::vector<结构_任务管理派生需求消息> 生成安全因果风险树缺口派生需求消息集("
"present"	"同步任务管理线程补充特征语义槽"	"同步任务管理线程补充特征语义槽"	"任务模块.工作线程消息协议.ixx:335"	"2"	"inline void 同步任务管理线程补充特征语义槽(结构_任务管理线程补充特征& 特征) noexcept"	"同步线程、任务、场景或对象之间的状态。"	""	"ClCompile"	"任务模块.工作线程消息协议.ixx:330:inline void 同步任务管理线程补充特征语义槽(结构_任务管理线程补充特征& 特征) noexcept || 任务模块.工作线程消息协议.ixx:353:        同步任务管理线程补充特征语义槽(特征);"
"present"	"任务管理结果状态文本"	"任务管理结果状态文本"	"任务模块.工作线程消息协议.ixx:441"	"2"	"inline const char* 任务管理结果状态文本(枚举_任务管理结果状态 状态) noexcept"	"按函数名执行对应处理。"	""	"ClCompile"	"任务模块.工作线程消息协议.ixx:436:inline const char* 任务管理结果状态文本(枚举_任务管理结果状态 状态) noexcept || 任务模块.工作线程消息协议.ixx:700:        << "" | 结果="" << 任务管理结果状态文本(消息.结果状态)"
"present"	"任务管理线程运行状态文本"	"任务管理线程运行状态文本"	"任务模块.工作线程消息协议.ixx:457"	"2"	"inline const char* 任务管理线程运行状态文本(枚举_任务管理线程运行状态 状态) noexcept"	"执行对应模块、线程或方法的运行逻辑。"	""	"ClCompile"	"任务模块.工作线程消息协议.ixx:452:inline const char* 任务管理线程运行状态文本(枚举_任务管理线程运行状态 状态) noexcept || 任务模块.工作线程消息协议.ixx:604:        << "" | 运行状态="" << 任务管理线程运行状态文本(消息.当前运行状态);"
"present"	"任务管理线程结束状态文本"	"任务管理线程结束状态文本"	"任务模块.工作线程消息协议.ixx:474"	"2"	"inline const char* 任务管理线程结束状态文本(枚举_任务管理线程结束状态 状态) noexcept"	"按函数名执行对应处理。"	""	"ClCompile"	"任务模块.工作线程消息协议.ixx:469:inline const char* 任务管理线程结束状态文本(枚举_任务管理线程结束状态 状态) noexcept || 任务模块.工作线程消息协议.ixx:609:        输出 << "" | 结束状态="" << 任务管理线程结束状态文本(消息.结束状态);"
"present"	"任务管理控制意图值文本"	"任务管理控制意图值文本"	"任务模块.工作线程消息协议.ixx:490"	"2"	"inline const char* 任务管理控制意图值文本(枚举_任务管理控制意图值 控制意图) noexcept"	"按函数名执行对应处理。"	""	"ClCompile"	"任务模块.工作线程消息协议.ixx:485:inline const char* 任务管理控制意图值文本(枚举_任务管理控制意图值 控制意图) noexcept || 任务模块.工作线程消息协议.ixx:616:            << "" | 控制意图="" << 任务管理控制意图值文本(消息.当前控制意图)"
"present"	"任务管理控制响应状态文本"	"任务管理控制响应状态文本"	"任务模块.工作线程消息协议.ixx:509"	"2"	"inline const char* 任务管理控制响应状态文本(枚举_任务管理控制响应状态 状态) noexcept"	"按函数名执行对应处理。"	""	"ClCompile"	"任务模块.工作线程消息协议.ixx:504:inline const char* 任务管理控制响应状态文本(枚举_任务管理控制响应状态 状态) noexcept || 任务模块.工作线程消息协议.ixx:617:            << "" | 响应="" << 任务管理控制响应状态文本(消息.当前控制响应状态)"
"present"	"任务管理派生需求类型文本"	"任务管理派生需求类型文本"	"任务模块.工作线程消息协议.ixx:525"	"2"	"inline const char* 任务管理派生需求类型文本(枚举_任务管理派生需求类型 类型) noexcept"	"按函数名执行对应处理。"	""	"ClCompile"	"任务模块.工作线程消息协议.ixx:520:inline const char* 任务管理派生需求类型文本(枚举_任务管理派生需求类型 类型) noexcept || 任务模块.工作线程消息协议.ixx:629:        << "" | 类型="" << 任务管理派生需求类型文本(消息.派生需求类型)"
"present"	"任务管理因果路径生成类型文本"	"任务管理因果路径生成类型文本"	"任务模块.工作线程消息协议.ixx:544"	"2"	"inline const char* 任务管理因果路径生成类型文本(枚举_任务管理因果路径生成类型 类型) noexcept"	"根据当前输入生成目标数据、场景、动态或回执。"	""	"ClCompile"	"任务模块.工作线程消息协议.ixx:539:inline const char* 任务管理因果路径生成类型文本(枚举_任务管理因果路径生成类型 类型) noexcept || 任务模块.工作线程消息协议.ixx:659:            << 任务管理因果路径生成类型文本(消息.因果路径生成类型);"
"present"	"任务管理阻塞级别文本"	"任务管理阻塞级别文本"	"任务模块.工作线程消息协议.ixx:562"	"2"	"inline const char* 任务管理阻塞级别文本(枚举_任务管理阻塞级别 级别) noexcept"	"按函数名执行对应处理。"	""	"ClCompile"	"任务模块.工作线程消息协议.ixx:557:inline const char* 任务管理阻塞级别文本(枚举_任务管理阻塞级别 级别) noexcept || 任务模块.工作线程消息协议.ixx:630:        << "" | 阻塞级别="" << 任务管理阻塞级别文本(消息.阻塞级别)"
"present"	"构造任务管理线程状态消息文本"	"构造任务管理线程状态消息文本"	"任务模块.工作线程消息协议.ixx:604"	"2"	"inline std::string 构造任务管理线程状态消息文本(const 结构_任务管理线程状态消息& 消息)"	"按函数名执行对应处理。"	""	"ClCompile"	"任务模块.工作线程消息协议.ixx:599:inline std::string 构造任务管理线程状态消息文本(const 结构_任务管理线程状态消息& 消息) || 自我线程模块.消息协议.ixx:1446:    治理消息.摘要 = 构造任务管理线程状态消息文本(任务管理消息);"
"present"	"构造任务管理结果状态消息文本"	"构造任务管理结果状态消息文本"	"任务模块.工作线程消息协议.ixx:700"	"2"	"inline std::string 构造任务管理结果状态消息文本(const 结构_任务管理结果状态消息& 消息)"	"按函数名执行对应处理。"	""	"ClCompile"	"任务模块.工作线程消息协议.ixx:695:inline std::string 构造任务管理结果状态消息文本(const 结构_任务管理结果状态消息& 消息) || 自我线程模块.消息协议.ixx:1601:    治理消息.摘要 = 构造任务管理结果状态消息文本(任务管理消息);"
"present"	"构造任务管理执行前许可请求文本"	"构造任务管理执行前许可请求文本"	"任务模块.工作线程消息协议.ixx:763"	"2"	"inline std::string 构造任务管理执行前许可请求文本( const 结构_任务管理执行前许可请求消息& 消息)"	"执行任务、方法或动作的主体逻辑。"	""	"ClCompile"	"任务模块.工作线程消息协议.ixx:758:inline std::string 构造任务管理执行前许可请求文本( || 自我线程模块.消息协议.ixx:1741:    治理消息.摘要 = 构造任务管理执行前许可请求文本(任务管理消息);"
"present"	"私有_派生需求来源方法头"	"私有_派生需求来源方法头"	"任务模块.管理工作线程.ixx:2380"	"2"	"方法节点* 私有_派生需求来源方法头( const 任务节点* 任务, const 结构_执行任务结果& 执行结果) noexcept"	"服务所在模块的内部辅助流程。"	""	"ClCompile"	"任务模块.管理工作线程.ixx:2362:方法节点* 私有_派生需求来源方法头( || 任务模块.管理工作线程.ixx:2447:    auto* 来源方法 = 私有_派生需求来源方法头(任务, 执行结果);"
"present"	"私有_提示执行桥派生需求逻辑错误"	"私有_提示执行桥派生需求逻辑错误"	"任务模块.管理工作线程.ixx:2397"	"2"	"void 私有_提示执行桥派生需求逻辑错误(const std::string& 文本) noexcept"	"执行任务、方法或动作的主体逻辑。"	""	"ClCompile"	"任务模块.管理工作线程.ixx:2379:void 私有_提示执行桥派生需求逻辑错误(const std::string& 文本) noexcept || 任务模块.管理工作线程.ixx:2595:            私有_提示执行桥派生需求逻辑错误(输出.str());"
"present"	"私有_构造结果状态上行消息"	"私有_构造结果状态上行消息"	"任务模块.管理工作线程.ixx:2625"	"2"	"结构_任务管理上行消息 私有_构造结果状态上行消息( const 任务节点* 任务, const 结构_执行任务结果& 执行结果, const 任务模块::筹办::结构_任务推进回执& 回执, const 时间戳 now) noexcept"	"服务所在模块的内部辅助流程。"	""	"ClCompile"	"任务模块.管理工作线程.ixx:2607:结构_任务管理上行消息 私有_构造结果状态上行消息( || 任务模块.管理工作线程.ixx:3266:        auto 上行消息 = 私有_构造结果状态上行消息(上行任务, 执行结果, 推进回执, now);"
"present"	"私有_工作线程执行当前任务方法"	"私有_工作线程执行当前任务方法"	"任务模块.管理工作线程.ixx:2737"	"2"	"任务管理工作线程::结构_工作线程一步响应 私有_工作线程执行当前任务方法( 自我类& 自我对象, bool 本轮执行筹办, bool 本轮执行方法, const 结构_任务根节点& 任务根节点, 结构_任务控制态* 任务控制态, 结构_任务局部运行态* 任务局部运行态, 时间戳 now) noexcept"	"执行任务、方法或动作的主体逻辑。"	""	"ClCompile"	"任务模块.管理工作线程.ixx:2718:任务管理工作线程::结构_工作线程一步响应 私有_工作线程执行当前任务方法( || 任务模块.管理工作线程.ixx:3573:    auto 响应 = 私有_工作线程执行当前任务方法("
"present"	"私有_刷新快照_已加锁"	"私有_刷新快照_已加锁"	"任务模块.管理工作线程.ixx:2924"	"2"	"void 私有_刷新快照_已加锁( 结构_工作线程壳状态& 状态, const 任务管理工作线程::结构_工作线程一步响应& 响应, const 任务节点* 任务, const 时间戳 now) noexcept"	"服务所在模块的内部辅助流程。"	""	"ClCompile"	"任务模块.管理工作线程.ixx:2905:void 私有_刷新快照_已加锁( || 任务模块.管理工作线程.ixx:3735:        私有_刷新快照_已加锁(状态, 响应, 管理任务, now);"
"present"	"私有_补齐工作线程一步结果"	"私有_补齐工作线程一步结果"	"任务模块.管理工作线程.ixx:2975"	"2"	"void 私有_补齐工作线程一步结果( 任务管理工作线程::结构_工作线程一步响应& 响应, 任务节点* 任务, 任务节点* 管理对象任务, 需求节点* 需求, const 结构_任务根节点& 任务根节点, const 时间戳 now) noexcept"	"补齐条件、参数、证据或方法能力缺口。"	""	"ClCompile"	"任务模块.管理工作线程.ixx:2956:void 私有_补齐工作线程一步结果( || 任务模块.管理工作线程.ixx:3581:    私有_补齐工作线程一步结果("
"present"	"取消全部"	"取消全部"	"任务模块.执行.ixx:1057"	"2"	"void 取消全部()"	"按函数名执行对应处理。"	""	"ClCompile"	"任务模块.执行.ixx:1053:    void 取消全部() || 任务模块.执行.ixx:1381:        取消全部();"
"present"	"私有_同步任务执行记录_最小_v0"	"私有_同步任务执行记录_最小_v0"	"任务模块.执行.ixx:1407"	"2"	"inline void 私有_同步任务执行记录_最小_v0( 任务类::节点类* 任务, 方法类::节点类* 方法, const 特征节点类* 方法运行结果, 枚举_任务执行记账结果 记账结果, 时间戳 开始时间, 时间戳 结束时间) noexcept"	"同步线程、任务、场景或对象之间的状态。"	""	"ClCompile"	"任务模块.执行.ixx:1403:inline void 私有_同步任务执行记录_最小_v0( || 任务模块.执行.ixx:1510:        私有_同步任务执行记录_最小_v0("
"present"	"私有_取任务执行方法_最小_v0"	"私有_取任务执行方法_最小_v0"	"任务模块.执行.ixx:1426"	"2"	"inline 方法类::节点类* 私有_取任务执行方法_最小_v0(任务类::节点类* 任务) noexcept"	"执行任务、方法或动作的主体逻辑。"	""	"ClCompile"	"任务模块.执行.ixx:1422:inline 方法类::节点类* 私有_取任务执行方法_最小_v0(任务类::节点类* 任务) noexcept || 任务模块.执行.ixx:1528:    auto* 当前方法 = 私有_取任务执行方法_最小_v0(主任务);"
"present"	"私有_按方法运行结果推导任务状态_最小_v0"	"私有_按方法运行结果推导任务状态_最小_v0"	"任务模块.执行.ixx:1443"	"2"	"inline 枚举_任务状态 私有_按方法运行结果推导任务状态_最小_v0( 方法类::节点类* 当前方法, const 特征节点类* 方法运行结果, 枚举_任务执行记账结果 记账结果) noexcept"	"执行对应模块、线程或方法的运行逻辑。"	""	"ClCompile"	"任务模块.执行.ixx:1439:inline 枚举_任务状态 私有_按方法运行结果推导任务状态_最小_v0( || 任务模块.执行.ixx:1587:    const auto 结束状态 = 私有_按方法运行结果推导任务状态_最小_v0("
"present"	"私有_方法状态_待运行账_执行桥_最小_v0"	"私有_方法状态_待运行账_执行桥_最小_v0"	"任务模块.执行.ixx:453"	"2"	"inline constexpr I64 私有_方法状态_待运行账_执行桥_最小_v0() noexcept"	"执行对应模块、线程或方法的运行逻辑。"	""	"ClCompile"	"任务模块.执行.ixx:449:inline constexpr I64 私有_方法状态_待运行账_执行桥_最小_v0() noexcept { return 私有_方法状态_可用_执行桥_最小_v0(); } || 任务模块.执行.ixx:496:        return 私有_方法状态_待运行账_执行桥_最小_v0();"
"present"	"私有_方法状态_待稳定_执行桥_最小_v0"	"私有_方法状态_待稳定_执行桥_最小_v0"	"任务模块.执行.ixx:456"	"2"	"inline constexpr I64 私有_方法状态_待稳定_执行桥_最小_v0() noexcept"	"执行任务、方法或动作的主体逻辑。"	""	"ClCompile"	"任务模块.执行.ixx:452:inline constexpr I64 私有_方法状态_待稳定_执行桥_最小_v0() noexcept { return 私有_方法状态_可用_执行桥_最小_v0(); } || 任务模块.执行.ixx:501:        return 私有_方法状态_待稳定_执行桥_最小_v0();"
"present"	"私有_方法当前可用_执行桥_最小_v0"	"私有_方法当前可用_执行桥_最小_v0"	"任务模块.执行.ixx:556"	"2"	"inline bool 私有_方法当前可用_执行桥_最小_v0( 方法类::节点类* 方法, 时间戳 now) noexcept"	"执行任务、方法或动作的主体逻辑。"	""	"ClCompile"	"任务模块.执行.ixx:552:inline bool 私有_方法当前可用_执行桥_最小_v0( || 任务模块.执行.ixx:1237:            && !私有_方法当前可用_执行桥_最小_v0(方法首节点, 当前时间)) {"
"present"	"私有_执行输出特征_派生需求_执行桥_最小_v0"	"私有_执行输出特征_派生需求_执行桥_最小_v0"	"任务模块.执行.ixx:637"	"2"	"inline const 语素入口节点类* 私有_执行输出特征_派生需求_执行桥_最小_v0() noexcept"	"执行任务、方法或动作的主体逻辑。"	""	"ClCompile"	"任务模块.执行.ixx:633:inline const 语素入口节点类* 私有_执行输出特征_派生需求_执行桥_最小_v0() noexcept || 任务模块.执行.ixx:704:        私有_执行输出特征_派生需求_执行桥_最小_v0(),"
"present"	"私有_填充参数配对缺口执行结果_执行桥_最小_v0"	"私有_填充参数配对缺口执行结果_执行桥_最小_v0"	"任务模块.执行.ixx:812"	"2"	"inline 特征节点类* 私有_填充参数配对缺口执行结果_执行桥_最小_v0( 方法类::节点类* 方法, 基础信息节点类* 参数目标主体, 场景节点类*& 结果场景, 时间戳 now) noexcept"	"执行任务、方法或动作的主体逻辑。"	""	"ClCompile"	"任务模块.执行.ixx:808:inline 特征节点类* 私有_填充参数配对缺口执行结果_执行桥_最小_v0( || 任务模块.筹办.ixx:5153:            运行结果 = 私有_填充参数配对缺口执行结果_执行桥_最小_v0("
"present"	"私有_填充方法运行账不足执行结果_执行桥_最小_v0"	"私有_填充方法运行账不足执行结果_执行桥_最小_v0"	"任务模块.执行.ixx:837"	"2"	"inline 特征节点类* 私有_填充方法运行账不足执行结果_执行桥_最小_v0( 方法类::节点类* 方法, 场景节点类*& 结果场景, 时间戳 now) noexcept"	"执行对应模块、线程或方法的运行逻辑。"	""	"ClCompile"	"任务模块.执行.ixx:833:inline 特征节点类* 私有_填充方法运行账不足执行结果_执行桥_最小_v0( || 任务模块.筹办.ixx:5172:            运行结果 = 私有_填充方法运行账不足执行结果_执行桥_最小_v0(目标方法, 结果场景, now);"
"present"	"私有_填充方法结果不稳定执行结果_执行桥_最小_v0"	"私有_填充方法结果不稳定执行结果_执行桥_最小_v0"	"任务模块.执行.ixx:857"	"2"	"inline 特征节点类* 私有_填充方法结果不稳定执行结果_执行桥_最小_v0( 方法类::节点类* 方法, 场景节点类*& 结果场景, 时间戳 now) noexcept"	"执行任务、方法或动作的主体逻辑。"	""	"ClCompile"	"任务模块.执行.ixx:853:inline 特征节点类* 私有_填充方法结果不稳定执行结果_执行桥_最小_v0( || 任务模块.筹办.ixx:5175:            运行结果 = 私有_填充方法结果不稳定执行结果_执行桥_最小_v0(目标方法, 结果场景, now);"
"present"	"私有_记录方法执行条件结果节点_执行桥_最小_v0"	"私有_记录方法执行条件结果节点_执行桥_最小_v0"	"任务模块.执行.ixx:977"	"2"	"inline void 私有_记录方法执行条件结果节点_执行桥_最小_v0( 方法类::节点类* 方法, 场景节点类* 输入场景, 场景节点类*& 输出场景, 时间戳 开始时间, 时间戳 结束时间) noexcept"	"记录日志、动态、证据或运行痕迹。"	""	"ClCompile"	"任务模块.执行.ixx:973:inline void 私有_记录方法执行条件结果节点_执行桥_最小_v0( || 任务模块.执行.ixx:1350:            私有_记录方法执行条件结果节点_执行桥_最小_v0("
"present"	"外设提交_扫描匹配状态_由簇"	"外设提交_扫描匹配状态_由簇"	"外设观察报告队列.ixx:1151"	"2"	"枚举_扫描匹配状态 外设提交_扫描匹配状态_由簇( const 结构_外设观察像素簇摘要& 簇) noexcept"	"提交事实、动态、任务状态或运行回执。"	""	"ClCompile"	"外设观察报告队列.ixx:1125:    枚举_扫描匹配状态 外设提交_扫描匹配状态_由簇( || 外设观察报告队列.ixx:2426:        const auto 匹配状态 = 外设提交_扫描匹配状态_由簇(簇);"
"present"	"外设提交_跟踪状态_由报告"	"外设提交_跟踪状态_由报告"	"外设观察报告队列.ixx:1164"	"2"	"枚举_跟踪状态 外设提交_跟踪状态_由报告( const 结构_外设观察报告队列项& 报告项) noexcept"	"提交事实、动态、任务状态或运行回执。"	""	"ClCompile"	"外设观察报告队列.ixx:1138:    枚举_跟踪状态 外设提交_跟踪状态_由报告( || 外设观察报告队列.ixx:2489:    包.跟踪状态 = 外设提交_跟踪状态_由报告(报告项);"
"present"	"外设观察报告_容量裁剪保护"	"外设观察报告_容量裁剪保护"	"外设观察报告队列.ixx:1222"	"2"	"bool 外设观察报告_容量裁剪保护( const 结构_外设观察报告队列项& 报告项, std::int64_t 当前时间毫秒) noexcept"	"按函数名执行对应处理。"	""	"ClCompile"	"外设观察报告队列.ixx:1196:    bool 外设观察报告_容量裁剪保护( || 外设观察报告队列.ixx:1218:                    return !外设观察报告_容量裁剪保护(报告项, 当前时间毫秒);"
"present"	"外设观察报告_裁剪容量已加锁"	"外设观察报告_裁剪容量已加锁"	"外设观察报告队列.ixx:1234"	"2"	"std::size_t 外设观察报告_裁剪容量已加锁( 结构_外设观察队列共享状态& 状态, std::int64_t 当前时间毫秒)"	"按函数名执行对应处理。"	""	"ClCompile"	"外设观察报告队列.ixx:1208:    std::size_t 外设观察报告_裁剪容量已加锁( || 外设观察报告队列.ixx:1244:        (void)外设观察报告_裁剪容量已加锁(状态, 当前时间毫秒);"
"present"	"D455_候选投影有效"	"D455_候选投影有效"	"外设观察报告队列.ixx:1466"	"2"	"bool D455_候选投影有效( const 结构_外设观察像素簇摘要& 簇, const 结构_D455短期观察材料页& 页) noexcept"	"按函数名执行对应处理。"	""	"ClCompile"	"外设观察报告队列.ixx:1433:    bool D455_候选投影有效( || 外设观察报告队列.ixx:1482:            const bool 投影有效 = D455_候选投影有效(簇, 页);"
"present"	"D455_控制面板分割颜色"	"D455_控制面板分割颜色"	"外设观察报告队列.ixx:1546"	"2"	"void D455_控制面板分割颜色( std::size_t 顺序, std::uint8_t& R, std::uint8_t& G, std::uint8_t& B) noexcept"	"按函数名执行对应处理。"	""	"ClCompile"	"外设观察报告队列.ixx:1512:    void D455_控制面板分割颜色( || 外设观察报告队列.ixx:1570:            D455_控制面板分割颜色(候选顺序++, 标记R, 标记G, 标记B);"
"present"	"D455_构造控制面板视频快照_已加锁"	"D455_构造控制面板视频快照_已加锁"	"外设观察报告队列.ixx:1565"	"2"	"结构_D455控制面板视频快照 D455_构造控制面板视频快照_已加锁( const 结构_D455短期观察材料页& 页)"	"按函数名执行对应处理。"	""	"ClCompile"	"外设观察报告队列.ixx:1531:    结构_D455控制面板视频快照 D455_构造控制面板视频快照_已加锁( || 外设观察报告队列.ixx:2880:        return D455_构造控制面板视频快照_已加锁(*迭代器);"
"present"	"外设观察_报告满足等待项"	"外设观察_报告满足等待项"	"外设观察报告队列.ixx:1679"	"2"	"bool 外设观察_报告满足等待项( const 结构_外设观察报告队列项& 报告项, const 结构_外设观察等待项& 等待项, std::int64_t 当前时间毫秒) noexcept"	"等待线程、任务、外设或条件变化。"	""	"ClCompile"	"外设观察报告队列.ixx:1645:    bool 外设观察_报告满足等待项( || 外设观察报告队列.ixx:3292:        if (外设观察_报告满足等待项(*迭代器, 等待项, 当前时间)) {"
"present"	"目标观察约束_有当前值"	"目标观察约束_有当前值"	"外设观察报告队列.ixx:1733"	"2"	"bool 目标观察约束_有当前值(const 结构_目标观察约束特征组& 约束) noexcept"	"按函数名执行对应处理。"	""	"ClCompile"	"外设观察报告队列.ixx:1699:    bool 目标观察约束_有当前值(const 结构_目标观察约束特征组& 约束) noexcept || 外设观察报告队列.ixx:2961:    if (!目标观察约束_有当前值(约束)) {"
"present"	"目标观察约束_二维范围有效"	"目标观察约束_二维范围有效"	"外设观察报告队列.ixx:1749"	"2"	"bool 目标观察约束_二维范围有效(const 结构_目标观察约束特征组& 约束) noexcept"	"按函数名执行对应处理。"	""	"ClCompile"	"外设观察报告队列.ixx:1715:    bool 目标观察约束_二维范围有效(const 结构_目标观察约束特征组& 约束) noexcept || 外设观察报告队列.ixx:1735:            || 目标观察约束_二维范围有效(约束)"
"present"	"目标观察约束_空间范围有效"	"目标观察约束_空间范围有效"	"外设观察报告队列.ixx:1756"	"2"	"bool 目标观察约束_空间范围有效(const 结构_目标观察约束特征组& 约束) noexcept"	"按函数名执行对应处理。"	""	"ClCompile"	"外设观察报告队列.ixx:1722:    bool 目标观察约束_空间范围有效(const 结构_目标观察约束特征组& 约束) noexcept || 外设观察报告队列.ixx:1736:            || 目标观察约束_空间范围有效(约束);"
"present"	"目标观察约束_有定位材料"	"目标观察约束_有定位材料"	"外设观察报告队列.ixx:1764"	"2"	"bool 目标观察约束_有定位材料(const 结构_目标观察约束特征组& 约束) noexcept"	"按函数名执行对应处理。"	""	"ClCompile"	"外设观察报告队列.ixx:1730:    bool 目标观察约束_有定位材料(const 结构_目标观察约束特征组& 约束) noexcept || 外设观察报告队列.ixx:2964:    if (!目标观察约束_有定位材料(约束)) {"
"present"	"目标观察约束_有精细材料"	"目标观察约束_有精细材料"	"外设观察报告队列.ixx:1774"	"2"	"bool 目标观察约束_有精细材料(const 结构_目标观察约束特征组& 约束) noexcept"	"按函数名执行对应处理。"	""	"ClCompile"	"外设观察报告队列.ixx:1740:    bool 目标观察约束_有精细材料(const 结构_目标观察约束特征组& 约束) noexcept || 外设观察报告队列.ixx:2981:    const bool 缺精细材料 = !目标观察约束_有精细材料(约束);"
"present"	"目标观察约束_匹配等待项"	"目标观察约束_匹配等待项"	"外设观察报告队列.ixx:1782"	"2"	"bool 目标观察约束_匹配等待项( const 结构_目标观察约束特征组& 约束, const 结构_外设观察等待项& 等待项) noexcept"	"等待线程、任务、外设或条件变化。"	""	"ClCompile"	"外设观察报告队列.ixx:1748:    bool 目标观察约束_匹配等待项( || 外设观察报告队列.ixx:3032:        if (!目标观察约束_匹配等待项(*迭代器, 等待项)) {"
"present"	"目标观察约束_修正提交默认值"	"目标观察约束_修正提交默认值"	"外设观察报告队列.ixx:1821"	"2"	"void 目标观察约束_修正提交默认值(结构_目标观察约束特征组& 约束)"	"提交事实、动态、任务状态或运行回执。"	""	"ClCompile"	"外设观察报告队列.ixx:1783:    void 目标观察约束_修正提交默认值(结构_目标观察约束特征组& 约束) || 外设观察报告队列.ixx:3000:    目标观察约束_修正提交默认值(约束);"
"present"	"目标观察约束_应清理"	"目标观察约束_应清理"	"外设观察报告队列.ixx:1841"	"2"	"bool 目标观察约束_应清理( const 结构_目标观察约束特征组& 约束, std::int64_t 当前时间毫秒) noexcept"	"清理缓存、临时状态或运行资源。"	""	"ClCompile"	"外设观察报告队列.ixx:1803:    bool 目标观察约束_应清理( || 外设观察报告队列.ixx:1826:                    return 目标观察约束_应清理(约束, 当前时间毫秒);"
"present"	"外设提交包类型文本"	"外设提交包类型文本"	"外设观察报告队列.ixx:1982"	"2"	"const char* 外设提交包类型文本(枚举_外设提交包类型 类型) noexcept"	"提交事实、动态、任务状态或运行回执。"	""	"ClCompile"	"外设观察报告队列.ixx:728:export const char* 外设提交包类型文本(枚举_外设提交包类型 类型) noexcept; || 外设观察报告队列.ixx:1944:const char* 外设提交包类型文本(枚举_外设提交包类型 类型) noexcept"
"present"	"构造观察材料质量判定摘要"	"构造观察材料质量判定摘要"	"外设观察报告队列.ixx:2266"	"2"	"std::string 构造观察材料质量判定摘要(const 结构_观察材料质量判定& 判定)"	"按函数名执行对应处理。"	""	"ClCompile"	"外设观察报告队列.ixx:755:export std::string 构造观察材料质量判定摘要(const 结构_观察材料质量判定& 判定); || 外设观察报告队列.ixx:2228:std::string 构造观察材料质量判定摘要(const 结构_观察材料质量判定& 判定)"
"present"	"构造外设跟踪提交包_由观察报告"	"构造外设跟踪提交包_由观察报告"	"外设观察报告队列.ixx:2519"	"2"	"std::optional<结构_外设跟踪提交包> 构造外设跟踪提交包_由观察报告( const 结构_外设观察报告队列项& 报告项)"	"提交事实、动态、任务状态或运行回执。"	""	"ClCompile"	"外设观察报告队列.ixx:735:export std::optional<结构_外设跟踪提交包> 构造外设跟踪提交包_由观察报告( || 外设观察报告队列.ixx:2476:std::optional<结构_外设跟踪提交包> 构造外设跟踪提交包_由观察报告("
"present"	"撤销目标观察约束特征组"	"撤销目标观察约束特征组"	"外设观察报告队列.ixx:3178"	"2"	"bool 撤销目标观察约束特征组(std::uint64_t 约束ID)"	"按函数名执行对应处理。"	""	"ClCompile"	"外设观察报告队列.ixx:775:export bool 撤销目标观察约束特征组(std::uint64_t 约束ID); || 外设观察报告队列.ixx:3133:bool 撤销目标观察约束特征组(std::uint64_t 约束ID)"
"present"	"清理目标观察约束特征组"	"清理目标观察约束特征组"	"外设观察报告队列.ixx:3196"	"2"	"std::size_t 清理目标观察约束特征组(std::int64_t 当前时间毫秒)"	"清理缓存、临时状态或运行资源。"	""	"ClCompile"	"外设观察报告队列.ixx:776:export std::size_t 清理目标观察约束特征组(std::int64_t 当前时间毫秒); || 外设观察报告队列.ixx:3151:std::size_t 清理目标观察约束特征组(std::int64_t 当前时间毫秒)"
"present"	"构造目标观察约束摘要"	"构造目标观察约束摘要"	"外设观察报告队列.ixx:3207"	"2"	"std::string 构造目标观察约束摘要(const 结构_目标观察约束特征组& 约束)"	"按函数名执行对应处理。"	""	"ClCompile"	"外设观察报告队列.ixx:777:export std::string 构造目标观察约束摘要(const 结构_目标观察约束特征组& 约束); || 外设观察报告队列.ixx:3162:std::string 构造目标观察约束摘要(const 结构_目标观察约束特征组& 约束)"
"present"	"清理外设观察报告队列"	"清理外设观察报告队列"	"外设观察报告队列.ixx:3371"	"2"	"std::size_t 清理外设观察报告队列(std::int64_t 当前时间毫秒)"	"清理缓存、临时状态或运行资源。"	""	"ClCompile"	"外设观察报告队列.ixx:795:export std::size_t 清理外设观察报告队列(std::int64_t 当前时间毫秒); || 外设观察报告队列.ixx:3325:std::size_t 清理外设观察报告队列(std::int64_t 当前时间毫秒)"
"present"	"清空外设观察报告队列"	"清空外设观察报告队列"	"外设观察报告队列.ixx:3399"	"2"	"void 清空外设观察报告队列()"	"按函数名执行对应处理。"	""	"ClCompile"	"外设观察报告队列.ixx:797:export void 清空外设观察报告队列(); || 外设观察报告队列.ixx:3353:void 清空外设观察报告队列()"
"present"	"外设观察报告ID计数器"	"外设观察报告ID计数器"	"外设观察报告队列.ixx:843"	"2"	"std::atomic<std::uint64_t>& 外设观察报告ID计数器() noexcept"	"按函数名执行对应处理。"	""	"ClCompile"	"外设观察报告队列.ixx:835:    std::atomic<std::uint64_t>& 外设观察报告ID计数器() noexcept || 外设观察报告队列.ixx:2566:        报告项.报告ID = ++外设观察报告ID计数器();"
"present"	"外设观察等待项ID计数器"	"外设观察等待项ID计数器"	"外设观察报告队列.ixx:850"	"2"	"std::atomic<std::uint64_t>& 外设观察等待项ID计数器() noexcept"	"等待线程、任务、外设或条件变化。"	""	"ClCompile"	"外设观察报告队列.ixx:842:    std::atomic<std::uint64_t>& 外设观察等待项ID计数器() noexcept || 外设观察报告队列.ixx:2901:        等待项.等待项ID = ++外设观察等待项ID计数器();"
"present"	"目标观察约束ID计数器"	"目标观察约束ID计数器"	"外设观察报告队列.ixx:857"	"2"	"std::atomic<std::uint64_t>& 目标观察约束ID计数器() noexcept"	"按函数名执行对应处理。"	""	"ClCompile"	"外设观察报告队列.ixx:849:    std::atomic<std::uint64_t>& 目标观察约束ID计数器() noexcept || 外设观察报告队列.ixx:1786:            约束.约束ID = ++目标观察约束ID计数器();"
"present"	"外设提交_帧ID"	"外设提交_帧ID"	"外设观察报告队列.ixx:916"	"2"	"std::uint64_t 外设提交_帧ID(const 结构_外设观察报告队列项& 报告项) noexcept"	"提交事实、动态、任务状态或运行回执。"	""	"ClCompile"	"外设观察报告队列.ixx:908:    std::uint64_t 外设提交_帧ID(const 结构_外设观察报告队列项& 报告项) noexcept || 外设观察报告队列.ixx:2273:    包头.帧ID = 外设提交_帧ID(报告项);"
"present"	"外设提交_材料页ID"	"外设提交_材料页ID"	"外设观察报告队列.ixx:931"	"2"	"std::string 外设提交_材料页ID(const 结构_外设观察报告队列项& 报告项)"	"提交事实、动态、任务状态或运行回执。"	""	"ClCompile"	"外设观察报告队列.ixx:923:    std::string 外设提交_材料页ID(const 结构_外设观察报告队列项& 报告项) || 外设观察报告队列.ixx:2287:    包头.材料页ID = 外设提交_材料页ID(报告项);"
"present"	"外设提交_generation"	"外设提交_generation"	"外设观察报告队列.ixx:958"	"2"	"std::string 外设提交_generation(const 结构_外设观察报告队列项& 报告项)"	"提交事实、动态、任务状态或运行回执。"	""	"ClCompile"	"外设观察报告队列.ixx:934:    std::string 外设提交_generation(const 结构_外设观察报告队列项& 报告项) || 外设观察报告队列.ixx:2289:    包头.generation = 外设提交_generation(报告项);"
"present"	"外设提交_汇总报告材料"	"外设提交_汇总报告材料"	"外设观察报告队列.ixx:981"	"2"	"void 外设提交_汇总报告材料( 结构_外设提交包头& 包头, const 结构_外设观察报告队列项& 报告项)"	"提交事实、动态、任务状态或运行回执。"	""	"ClCompile"	"外设观察报告队列.ixx:957:    void 外设提交_汇总报告材料( || 外设观察报告队列.ixx:2293:    外设提交_汇总报告材料(包头, 报告项);"
"present"	"外设提交_填充报告缺口"	"外设提交_填充报告缺口"	"外设观察报告队列.ixx:999"	"2"	"void 外设提交_填充报告缺口( 结构_外设提交包头& 包头, const 结构_外设观察报告队列项& 报告项)"	"提交事实、动态、任务状态或运行回执。"	""	"ClCompile"	"外设观察报告队列.ixx:975:    void 外设提交_填充报告缺口( || 外设观察报告队列.ixx:2294:    外设提交_填充报告缺口(包头, 报告项);"
"present"	"D455_把跨帧采集摘要写入样本"	"D455_把跨帧采集摘要写入样本"	"外设线程_D455深度相机.ixx:1368"	"2"	"void D455_把跨帧采集摘要写入样本( const 结构_外设观察报告队列项& 报告, 结构_D455深度相机观察样本* 样本) noexcept"	"把处理结果写入指定对象、场景或日志。"	""	"ClCompile"	"外设线程_D455深度相机.ixx:1359:    void D455_把跨帧采集摘要写入样本( || 外设线程_D455深度相机.ixx:3103:                    D455_把跨帧采集摘要写入样本(*本帧逐簇识别报告, &样本);"
"present"	"D455_外设帧ID_由报告"	"D455_外设帧ID_由报告"	"外设线程_D455深度相机.ixx:1598"	"2"	"std::uint64_t D455_外设帧ID_由报告( const 结构_外设观察报告队列项& 报告) noexcept"	"按函数名执行对应处理。"	""	"ClCompile"	"外设线程_D455深度相机.ixx:1587:    std::uint64_t D455_外设帧ID_由报告( || 外设线程_D455深度相机.ixx:1641:        报告.来源外设帧ID = D455_外设帧ID_由报告(原始报告);"
"present"	"D455_观察像素簇满足稳定子集发布门"	"D455_观察像素簇满足稳定子集发布门"	"外设线程_D455深度相机.ixx:1611"	"2"	"bool D455_观察像素簇满足稳定子集发布门( const 结构_外设观察像素簇摘要& 簇) noexcept"	"按函数名执行对应处理。"	""	"ClCompile"	"外设线程_D455深度相机.ixx:1600:    bool D455_观察像素簇满足稳定子集发布门( || 外设线程_D455深度相机.ixx:1653:            if (!D455_观察像素簇满足稳定子集发布门(簇)) {"
"present"	"D455_读取最新L1稳定子集报告"	"D455_读取最新L1稳定子集报告"	"外设线程_D455深度相机.ixx:1631"	"2"	"std::optional<结构_外设观察报告队列项> D455_读取最新L1稳定子集报告()"	"从指定来源读取数据或状态。"	""	"ClCompile"	"外设线程_D455深度相机.ixx:1620:    std::optional<结构_外设观察报告队列项> D455_读取最新L1稳定子集报告() || 外设线程_D455深度相机.ixx:3010:        const auto 上一稳定子集报告 = D455_读取最新L1稳定子集报告();"
"present"	"D455_观察像素簇存在明显变化"	"D455_观察像素簇存在明显变化"	"外设线程_D455深度相机.ixx:1859"	"2"	"bool D455_观察像素簇存在明显变化( const 结构_外设观察像素簇摘要& 当前, const 结构_外设观察像素簇摘要& 基准) noexcept"	"按函数名执行对应处理。"	""	"ClCompile"	"外设线程_D455深度相机.ixx:1826:    bool D455_观察像素簇存在明显变化( || 外设线程_D455深度相机.ixx:2204:            } else if (D455_观察像素簇存在明显变化(当前簇, *基准簇)) {"
"present"	"D455_目标观察约束二维范围有效"	"D455_目标观察约束二维范围有效"	"外设线程_D455深度相机.ixx:1884"	"2"	"bool D455_目标观察约束二维范围有效(const 结构_目标观察约束特征组& 约束) noexcept"	"按函数名执行对应处理。"	""	"ClCompile"	"外设线程_D455深度相机.ixx:1851:    bool D455_目标观察约束二维范围有效(const 结构_目标观察约束特征组& 约束) noexcept || 外设线程_D455深度相机.ixx:2015:        if (D455_目标观察约束二维范围有效(约束)) {"
"present"	"D455_目标观察约束空间范围有效"	"D455_目标观察约束空间范围有效"	"外设线程_D455深度相机.ixx:1891"	"2"	"bool D455_目标观察约束空间范围有效(const 结构_目标观察约束特征组& 约束) noexcept"	"按函数名执行对应处理。"	""	"ClCompile"	"外设线程_D455深度相机.ixx:1858:    bool D455_目标观察约束空间范围有效(const 结构_目标观察约束特征组& 约束) noexcept || 外设线程_D455深度相机.ixx:2044:        if (D455_目标观察约束空间范围有效(约束)) {"
"present"	"D455_按目标特征估算观察值"	"D455_按目标特征估算观察值"	"外设线程_D455深度相机.ixx:1916"	"2"	"std::optional<std::int64_t> D455_按目标特征估算观察值( const std::string& 目标特征类型ID, const 结构_外设观察像素簇摘要& 簇)"	"按函数名执行对应处理。"	""	"ClCompile"	"外设线程_D455深度相机.ixx:1883:    std::optional<std::int64_t> D455_按目标特征估算观察值( || 外设线程_D455深度相机.ixx:1982:        const auto 观察值 = D455_按目标特征估算观察值(等待项.目标特征类型ID, 命中簇);"
"present"	"D455_观察簇命中目标约束"	"D455_观察簇命中目标约束"	"外设线程_D455深度相机.ixx:2033"	"2"	"bool D455_观察簇命中目标约束( const 结构_外设观察像素簇摘要& 簇, const 结构_目标观察约束特征组& 约束, std::int64_t* 输出分值) noexcept"	"按函数名执行对应处理。"	""	"ClCompile"	"外设线程_D455深度相机.ixx:2000:    bool D455_观察簇命中目标约束( || 外设线程_D455深度相机.ixx:2098:            if (!D455_观察簇命中目标约束(簇, 约束, &分值)) {"
"present"	"D455_扫描变化等待项前置满足"	"D455_扫描变化等待项前置满足"	"外设线程_D455深度相机.ixx:2146"	"2"	"bool D455_扫描变化等待项前置满足(const 结构_外设观察等待项& 等待项) noexcept"	"等待线程、任务、外设或条件变化。"	""	"ClCompile"	"外设线程_D455深度相机.ixx:2113:    bool D455_扫描变化等待项前置满足(const 结构_外设观察等待项& 等待项) noexcept || 外设线程_D455深度相机.ixx:2873:            if (!D455_扫描变化等待项前置满足(等待项)) {"
"present"	"D455_目标跟踪等待项前置满足"	"D455_目标跟踪等待项前置满足"	"外设线程_D455深度相机.ixx:2160"	"2"	"bool D455_目标跟踪等待项前置满足(const 结构_外设观察等待项& 等待项) noexcept"	"等待线程、任务、外设或条件变化。"	""	"ClCompile"	"外设线程_D455深度相机.ixx:2128:    bool D455_目标跟踪等待项前置满足(const 结构_外设观察等待项& 等待项) noexcept || 外设线程_D455深度相机.ixx:2943:            if (!D455_目标跟踪等待项前置满足(等待项)) {"
"present"	"D455_从逐簇识别报告生成扫描变化报告"	"D455_从逐簇识别报告生成扫描变化报告"	"外设线程_D455深度相机.ixx:2271"	"2"	"结构_外设观察报告队列项 D455_从逐簇识别报告生成扫描变化报告( const 结构_外设观察报告队列项& 当前逐簇识别报告, const std::optional<结构_外设观察报告队列项>& 基准逐簇识别报告, const 结构_外设观察等待项& 等待项)"	"根据当前输入生成目标数据、场景、动态或回执。"	""	"ClCompile"	"外设线程_D455深度相机.ixx:2222:    结构_外设观察报告队列项 D455_从逐簇识别报告生成扫描变化报告( || 外设线程_D455深度相机.ixx:2905:            auto 扫描变化报告 = D455_从逐簇识别报告生成扫描变化报告("
"present"	"D455_从逐簇识别报告生成跟踪报告"	"D455_从逐簇识别报告生成跟踪报告"	"外设线程_D455深度相机.ixx:2408"	"2"	"结构_外设观察报告队列项 D455_从逐簇识别报告生成跟踪报告( const 结构_外设观察报告队列项& 逐簇识别报告, const 结构_外设观察等待项& 等待项)"	"根据当前输入生成目标数据、场景、动态或回执。"	""	"ClCompile"	"外设线程_D455深度相机.ixx:2323:    结构_外设观察报告队列项 D455_从逐簇识别报告生成跟踪报告( || 外设线程_D455深度相机.ixx:2988:            auto 跟踪报告 = D455_从逐簇识别报告生成跟踪报告(稳定子集报告, 等待项);"
"present"	"D455_读取结果"	"D455_读取结果"	"外设线程_D455深度相机.ixx:2664"	"2"	"结构_D455深度相机线程结果 D455_读取结果( const std::shared_ptr<结构_D455线程共享状态>& 状态)"	"从指定来源读取数据或状态。"	""	"ClCompile"	"外设线程_D455深度相机.ixx:2567:    结构_D455深度相机线程结果 D455_读取结果( || 外设线程_D455深度相机.ixx:3156:            const auto 最终结果 = D455_读取结果(状态);"
"present"	"D455_构造逐簇稳定性诊断摘要"	"D455_构造逐簇稳定性诊断摘要"	"外设线程_D455深度相机.ixx:2698"	"2"	"std::string D455_构造逐簇稳定性诊断摘要(const 结构_外设观察报告队列项& 报告项)"	"按函数名执行对应处理。"	""	"ClCompile"	"外设线程_D455深度相机.ixx:2601:    std::string D455_构造逐簇稳定性诊断摘要(const 结构_外设观察报告队列项& 报告项) || 外设线程_D455深度相机.ixx:2676:            输出 << "" | "" << D455_构造逐簇稳定性诊断摘要(报告项);"
"present"	"D455_读取并分组等待项"	"D455_读取并分组等待项"	"外设线程_D455深度相机.ixx:2863"	"2"	"结构_D455等待项分组 D455_读取并分组等待项()"	"从指定来源读取数据或状态。"	""	"ClCompile"	"外设线程_D455深度相机.ixx:2766:    结构_D455等待项分组 D455_读取并分组等待项() || 外设线程_D455深度相机.ixx:3011:        const auto 等待项分组 = D455_读取并分组等待项();"
"present"	"D455_发布本帧逐簇与稳定子集报告"	"D455_发布本帧逐簇与稳定子集报告"	"外设线程_D455深度相机.ixx:2882"	"2"	"结构_D455本帧报告组 D455_发布本帧逐簇与稳定子集报告( const 双目相机本能适配器::调用结果& 采集结果, const 结构_D455等待项分组& 等待项分组, std::uint64_t 序号, std::uint64_t& 逐簇识别报告入队日志抑制条数, std::uint64_t& 稳定子集报告跳过日志抑制条数)"	"按函数名执行对应处理。"	""	"ClCompile"	"外设线程_D455深度相机.ixx:2785:    结构_D455本帧报告组 D455_发布本帧逐簇与稳定子集报告( || 外设线程_D455深度相机.ixx:3012:        auto 报告组 = D455_发布本帧逐簇与稳定子集报告("
"present"	"D455_发布扫描变化报告"	"D455_发布扫描变化报告"	"外设线程_D455深度相机.ixx:2960"	"2"	"void D455_发布扫描变化报告( const 结构_外设观察报告队列项& 逐簇识别报告, const 结构_外设观察报告队列项& 稳定子集报告, const std::optional<结构_外设观察报告队列项>& 上一稳定子集报告, const std::vector<结构_外设观察等待项>& 扫描变化等待项集合, std::uint64_t 序号, std::uint64_t& 扫描跳过日志抑制条数, std::uint64_t& 扫描样本卡日志抑制条数)"	"执行扫描相关材料获取、比较或提交逻辑。"	""	"ClCompile"	"外设线程_D455深度相机.ixx:2863:    void D455_发布扫描变化报告( || 外设线程_D455深度相机.ixx:3021:        D455_发布扫描变化报告("
"present"	"D455_发布采集成功后的报告编排"	"D455_发布采集成功后的报告编排"	"外设线程_D455深度相机.ixx:3098"	"2"	"std::optional<结构_外设观察报告队列项> D455_发布采集成功后的报告编排( const 双目相机本能适配器::调用结果& 采集结果, std::uint64_t 序号, std::uint64_t& 逐簇识别报告入队日志抑制条数, std::uint64_t& 稳定子集报告跳过日志抑制条数, std::uint64_t& 扫描跳过日志抑制条数, std::uint64_t& 扫描样本卡日志抑制条数, std::uint64_t& 跟踪跳过日志抑制条数)"	"按函数名执行对应处理。"	""	"ClCompile"	"外设线程_D455深度相机.ixx:3001:    std::optional<结构_外设观察报告队列项> D455_发布采集成功后的报告编排( || 外设线程_D455深度相机.ixx:3092:                    本帧逐簇识别报告 = D455_发布采集成功后的报告编排("
"present"	"D455_线程主循环"	"D455_线程主循环"	"外设线程_D455深度相机.ixx:3136"	"2"	"void D455_线程主循环(std::shared_ptr<结构_D455线程共享状态> 状态) noexcept"	"按函数名执行对应处理。"	""	"ClCompile"	"外设线程_D455深度相机.ixx:3039:    void D455_线程主循环(std::shared_ptr<结构_D455线程共享状态> 状态) noexcept || 外设线程_D455深度相机.ixx:3314:        D455_线程主循环(共享状态);"
"present"	"构造D455深度相机观察样本摘要"	"构造D455深度相机观察样本摘要"	"外设线程_D455深度相机.ixx:3326"	"2"	"std::string 构造D455深度相机观察样本摘要(const 结构_D455深度相机观察样本& 样本)"	"按函数名执行对应处理。"	""	"ClCompile"	"外设线程_D455深度相机.ixx:104:export std::string 构造D455深度相机观察样本摘要(const 结构_D455深度相机观察样本& 样本); || 外设线程_D455深度相机.ixx:3228:std::string 构造D455深度相机观察样本摘要(const 结构_D455深度相机观察样本& 样本)"
"present"	"外设线程_D455深度相机类::~外设线程_D455深度相机类"	"~外设线程_D455深度相机类"	"外设线程_D455深度相机.ixx:3389"	"2"	"外设线程_D455深度相机类::~外设线程_D455深度相机类()"	"释放或收束对象资源。"	"ctor_dtor"	"ClCompile"	"外设线程_D455深度相机.ixx:114:    ~外设线程_D455深度相机类(); || 外设线程_D455深度相机.ixx:3291:外设线程_D455深度相机类::~外设线程_D455深度相机类()"
"present"	"外设线程_D455深度相机类::等待完成"	"等待完成"	"外设线程_D455深度相机.ixx:3443"	"2"	"结构_D455深度相机线程结果 外设线程_D455深度相机类::等待完成( std::chrono::milliseconds 等待上限)"	"等待线程、任务、外设或条件变化。"	""	"ClCompile"	"外设线程_D455深度相机.ixx:122:    结构_D455深度相机线程结果 等待完成(std::chrono::milliseconds 等待上限); || 外设线程_D455深度相机.ixx:3345:结构_D455深度相机线程结果 外设线程_D455深度相机类::等待完成("
"present"	"读取外设线程_D455深度相机结果"	"读取外设线程_D455深度相机结果"	"外设线程_D455深度相机.ixx:3524"	"2"	"结构_D455深度相机线程结果 读取外设线程_D455深度相机结果()"	"从指定来源读取数据或状态。"	""	"ClCompile"	"外设线程_D455深度相机.ixx:135:export 结构_D455深度相机线程结果 读取外设线程_D455深度相机结果(); || 外设线程_D455深度相机.ixx:3426:结构_D455深度相机线程结果 读取外设线程_D455深度相机结果()"
"present"	"读取控制面板线程信息表快照"	"读取控制面板线程信息表快照"	"线程生命周期消息模块.ixx:1077"	"2"	"export std::vector<结构_控制面板线程信息项> 读取控制面板线程信息表快照()"	"从指定来源读取数据或状态。"	""	"ClCompile"	"线程生命周期消息模块.ixx:1111:export std::vector<结构_控制面板线程信息项> 读取控制面板线程信息表快照() || 线程生命周期消息模块.ixx:1193:    return 读取控制面板线程信息表快照();"
"present"	"消费并读取控制面板线程信息表"	"消费并读取控制面板线程信息表"	"线程生命周期消息模块.ixx:1101"	"2"	"export std::vector<结构_控制面板线程信息项> 消费并读取控制面板线程信息表()"	"从指定来源读取数据或状态。"	""	"ClCompile"	"控制面板类.cpp:6443:        const auto 线程信息项集 = 消费并读取控制面板线程信息表(); || 线程生命周期消息模块.ixx:1135:export std::vector<结构_控制面板线程信息项> 消费并读取控制面板线程信息表()"
"present"	"私有_转义字段值"	"私有_转义字段值"	"线程生命周期消息模块.ixx:158"	"2"	"std::string 私有_转义字段值(std::string_view 文本)"	"服务所在模块的内部辅助流程。"	""	"ClCompile"	"线程生命周期消息模块.ixx:163:    std::string 私有_转义字段值(std::string_view 文本) || 线程生命周期消息模块.ixx:357:        输出 << 键 << '=' << 私有_转义字段值(值) << '\n';"
"present"	"私有_反转义字段值"	"私有_反转义字段值"	"线程生命周期消息模块.ixx:185"	"2"	"std::string 私有_反转义字段值(std::string_view 文本)"	"服务所在模块的内部辅助流程。"	""	"ClCompile"	"线程生命周期消息模块.ixx:190:    std::string 私有_反转义字段值(std::string_view 文本) || 线程生命周期消息模块.ixx:304:                私有_反转义字段值(std::string_view(行).substr(分隔 + 1)));"
"present"	"私有_解析事件类型"	"私有_解析事件类型"	"线程生命周期消息模块.ixx:265"	"2"	"枚举_线程生命周期消息事件 私有_解析事件类型( const std::string& 文本, const std::string& 代码文本) noexcept"	"解析输入文本、消息、场景或运行包。"	""	"ClCompile"	"线程生命周期消息模块.ixx:270:    bool 私有_解析事件类型( || 线程生命周期消息模块.ixx:316:        if (!私有_解析事件类型(私有_取字段(字段, ""事件类型代码""), 消息.事件类型)) {"
"present"	"私有_事件文件代码"	"私有_事件文件代码"	"线程生命周期消息模块.ixx:351"	"2"	"std::string 私有_事件文件代码(const 枚举_线程生命周期消息事件 事件)"	"服务所在模块的内部辅助流程。"	""	"ClCompile"	"线程生命周期消息模块.ixx:361:    std::string 私有_事件文件代码(const 枚举_线程生命周期消息事件 事件) || 线程生命周期消息模块.ixx:1069:            私有_写字段(输出, ""事件类型代码"", 私有_事件文件代码(消息.事件类型));"
"present"	"私有_从缓存字段构造线程信息项"	"私有_从缓存字段构造线程信息项"	"线程生命周期消息模块.ixx:367"	"2"	"结构_控制面板线程信息项 私有_从缓存字段构造线程信息项( const std::unordered_map<std::string, std::string>& 字段, const std::size_t 索引)"	"服务所在模块的内部辅助流程。"	""	"ClCompile"	"线程生命周期消息模块.ixx:377:    结构_控制面板线程信息项 私有_从缓存字段构造线程信息项( || 线程生命周期消息模块.ixx:438:                auto 缓存项 = 私有_从缓存字段构造线程信息项("
"present"	"私有_写线程信息表缓存_已持锁"	"私有_写线程信息表缓存_已持锁"	"线程生命周期消息模块.ixx:447"	"2"	"void 私有_写线程信息表缓存_已持锁() noexcept"	"服务所在模块的内部辅助流程。"	""	"ClCompile"	"线程生命周期消息模块.ixx:462:    void 私有_写线程信息表缓存_已持锁() noexcept || 线程生命周期消息模块.ixx:1185:            私有_写线程信息表缓存_已持锁();"
"present"	"私有_应用线程生命周期消息_已持锁"	"私有_应用线程生命周期消息_已持锁"	"线程生命周期消息模块.ixx:530"	"2"	"void 私有_应用线程生命周期消息_已持锁(const 结构_线程生命周期消息& 消息)"	"服务所在模块的内部辅助流程。"	""	"ClCompile"	"线程生命周期消息模块.ixx:546:    void 私有_应用线程生命周期消息_已持锁(const 结构_线程生命周期消息& 消息) || 线程生命周期消息模块.ixx:1182:            私有_应用线程生命周期消息_已持锁(项.消息);"
"present"	"私有_移动到已消费"	"私有_移动到已消费"	"线程生命周期消息模块.ixx:623"	"2"	"void 私有_移动到已消费(const std::filesystem::path& 源路径) noexcept"	"服务所在模块的内部辅助流程。"	""	"ClCompile"	"线程生命周期消息模块.ixx:648:    void 私有_移动到已消费(const std::filesystem::path& 源路径) noexcept || 线程生命周期消息模块.ixx:1189:        私有_移动到已消费(项.路径);"
"present"	"私有_归档日期文本"	"私有_归档日期文本"	"线程生命周期消息模块.ixx:682"	"2"	"std::string 私有_归档日期文本(const std::uint64_t 发生时间微秒) noexcept"	"服务所在模块的内部辅助流程。"	""	"ClCompile"	"线程生命周期消息模块.ixx:707:    std::string 私有_归档日期文本(const std::uint64_t 发生时间微秒) noexcept || 线程生命周期消息模块.ixx:749:            const auto 日期 = 私有_归档日期文本(消息.发生时间);"
"present"	"私有_消息值得归档"	"私有_消息值得归档"	"线程生命周期消息模块.ixx:704"	"2"	"bool 私有_消息值得归档(const 结构_线程生命周期消息& 消息) noexcept"	"服务所在模块的内部辅助流程。"	""	"ClCompile"	"线程生命周期消息模块.ixx:729:    bool 私有_消息值得归档(const 结构_线程生命周期消息& 消息) noexcept || 线程生命周期消息模块.ixx:864:            if (私有_消息值得归档(消息)) {"
"present"	"私有_归档已消费消息文件"	"私有_归档已消费消息文件"	"线程生命周期消息模块.ixx:717"	"2"	"bool 私有_归档已消费消息文件( const std::filesystem::path& 源路径, const 结构_线程生命周期消息& 消息) noexcept"	"服务所在模块的内部辅助流程。"	""	"ClCompile"	"线程生命周期消息模块.ixx:742:    bool 私有_归档已消费消息文件( || 线程生命周期消息模块.ixx:865:                if (私有_归档已消费消息文件(路径, 消息)) {"
"present"	"私有_维护消息中间件根目录"	"私有_维护消息中间件根目录"	"线程生命周期消息模块.ixx:759"	"2"	"void 私有_维护消息中间件根目录( std::size_t& 删除临时文件数, std::size_t& 删除无效消息数, std::size_t& 删除失败数)"	"服务所在模块的内部辅助流程。"	""	"ClCompile"	"线程生命周期消息模块.ixx:784:    void 私有_维护消息中间件根目录( || 线程生命周期消息模块.ixx:917:            私有_维护消息中间件根目录("
"present"	"私有_维护消息中间件已消费目录"	"私有_维护消息中间件已消费目录"	"线程生命周期消息模块.ixx:797"	"2"	"void 私有_维护消息中间件已消费目录( std::size_t& 归档消息数, std::size_t& 删除已消费普通消息数, std::size_t& 删除无效消息数, std::size_t& 删除临时文件数, std::size_t& 归档失败数, std::size_t& 删除失败数)"	"服务所在模块的内部辅助流程。"	""	"ClCompile"	"线程生命周期消息模块.ixx:823:    void 私有_维护消息中间件已消费目录( || 线程生命周期消息模块.ixx:921:            私有_维护消息中间件已消费目录("
"present"	"私有_维护消息中间件归档目录"	"私有_维护消息中间件归档目录"	"线程生命周期消息模块.ixx:856"	"2"	"void 私有_维护消息中间件归档目录( std::size_t& 删除过期归档数, std::size_t& 删除失败数)"	"服务所在模块的内部辅助流程。"	""	"ClCompile"	"线程生命周期消息模块.ixx:883:    void 私有_维护消息中间件归档目录( || 线程生命周期消息模块.ixx:928:            私有_维护消息中间件归档目录("
"present"	"私有_维护消息中间件文件"	"私有_维护消息中间件文件"	"线程生命周期消息模块.ixx:879"	"2"	"void 私有_维护消息中间件文件() noexcept"	"服务所在模块的内部辅助流程。"	""	"ClCompile"	"线程生命周期消息模块.ixx:906:    void 私有_维护消息中间件文件() noexcept || 线程生命周期消息模块.ixx:1191:    私有_维护消息中间件文件();"
"present"	"线程生命周期当前时间_微秒"	"线程生命周期当前时间_微秒"	"线程生命周期消息模块.ixx:959"	"2"	"export std::uint64_t 线程生命周期当前时间_微秒() noexcept"	"按函数名执行对应处理。"	""	"ClCompile"	"线程生命周期消息模块.ixx:986:export std::uint64_t 线程生命周期当前时间_微秒() noexcept || 线程生命周期消息模块.ixx:1011:        消息.发生时间 = 线程生命周期当前时间_微秒();"
"present"	"当前系统线程ID_控制面板线程消息"	"当前系统线程ID_控制面板线程消息"	"线程生命周期消息模块.ixx:965"	"2"	"export std::uint64_t 当前系统线程ID_控制面板线程消息() noexcept"	"按函数名执行对应处理。"	""	"ClCompile"	"线程生命周期消息模块.ixx:992:export std::uint64_t 当前系统线程ID_控制面板线程消息() noexcept || 线程生命周期消息模块.ixx:1018:        消息.系统线程ID = 当前系统线程ID_控制面板线程消息();"
"present"	"因果类::验收动作结果因果证据"	"验收动作结果因果证据"	"因果类.cpp:1245"	"2"	"void 因果类::验收动作结果因果证据( 动态节点类* 动作动态, 状态节点类* 预测结果状态, 状态节点类* 实际结果状态, bool& 命中预测, std::vector<因果模板节点类*>& 更新模板, std::vector<std::string>& 缺失证据)"	"验收动作动态的预测结果与实际结果，并更新命中因果模板计数。"	""	"ClCompile"	"因果类.cpp:1399:void 因果类::验收动作结果因果证据( || 因果类.h:111:    void 验收动作结果因果证据("
"present"	"私有_向量含动态"	"私有_向量含动态"	"因果类.cpp:148"	"2"	"static bool 私有_向量含动态( const std::vector<可解析引用<动态节点类>>& v, const 动态节点类* d, const std::string& 动态主键)"	"服务所在模块的内部辅助流程。"	""	"ClCompile"	"因果类.cpp:212:static bool 私有_向量含动态( || 因果类.cpp:246:    if (私有_向量含动态(v, d, 动态主键)) {"
"present"	"私有_制动态引用"	"私有_制动态引用"	"因果类.cpp:164"	"2"	"static 可解析引用<动态节点类> 私有_制动态引用(动态节点类* 节点, const std::string& 动态主键)"	"服务所在模块的内部辅助流程。"	""	"ClCompile"	"因果类.cpp:228:static 可解析引用<动态节点类> 私有_制动态引用(动态节点类* 节点, const std::string& 动态主键) || 因果类.cpp:256:        v.push_back(私有_制动态引用(d, 动态主键));"
"present"	"因果类::查询条件相关因果"	"查询条件相关因果"	"因果类.cpp:1667"	"2"	"std::vector<因果模板节点类*> 因果类::查询条件相关因果(特征节点类* 条件特征) const"	"按条件特征查询抽象因果模板，不创建或修改因果节点。"	""	"ClCompile"	"因果类.cpp:1869:std::vector<因果模板节点类*> 因果类::查询条件相关因果(特征节点类* 条件特征) const || 因果类.h:178:    std::vector<因果模板节点类*> 查询条件相关因果(特征节点类* 条件特征) const;"
"present"	"因果类::查询结果相关因果"	"查询结果相关因果"	"因果类.cpp:1686"	"2"	"std::vector<因果模板节点类*> 因果类::查询结果相关因果( 特征节点类* 结果特征, 状态节点类* 结果状态) const"	"按结果特征或结果状态查询抽象因果模板，不创建或修改因果节点。"	""	"ClCompile"	"因果类.h:181:    std::vector<因果模板节点类*> 查询结果相关因果( || 因果类.cpp:1888:std::vector<因果模板节点类*> 因果类::查询结果相关因果("
"present"	"因果类::查询动作相关因果"	"查询动作相关因果"	"因果类.cpp:1707"	"2"	"std::vector<因果模板节点类*> 因果类::查询动作相关因果( const 方法节点类* 因方法, const std::string& 动作语义键) const"	"按方法模板或动作语义键查询抽象因果模板，不创建或修改因果节点。"	""	"ClCompile"	"因果类.cpp:1909:std::vector<因果模板节点类*> 因果类::查询动作相关因果( || 因果类.h:186:    std::vector<因果模板节点类*> 查询动作相关因果("
"present"	"私有_登记证据动态样本_已加锁"	"私有_登记证据动态样本_已加锁"	"因果类.cpp:175"	"2"	"static bool 私有_登记证据动态样本_已加锁( std::vector<可解析引用<动态节点类>>& v, 动态节点类* d, const std::string& 动态主键)"	"登记方法、模板、对象或运行入口。"	""	"ClCompile"	"因果类.cpp:239:static bool 私有_登记证据动态样本_已加锁( || 因果类.cpp:269:    return 私有_登记证据动态样本_已加锁(v, d, 动态主键);"
"present"	"私有_登记证据动态样本"	"私有_登记证据动态样本"	"因果类.cpp:199"	"2"	"static bool 私有_登记证据动态样本(std::vector<可解析引用<动态节点类>>& v, 动态节点类* d)"	"登记方法、模板、对象或运行入口。"	""	"ClCompile"	"因果类.cpp:263:static bool 私有_登记证据动态样本(std::vector<可解析引用<动态节点类>>& v, 动态节点类* d) || 因果类.cpp:2643:    if (私有_登记证据动态样本(m->证据动态样本, 证据动态)) {"
"present"	"私有_查找动态果状态迁移模板"	"私有_查找动态果状态迁移模板"	"因果类.cpp:2037"	"2"	"static std::vector<二次特征节点类*> 私有_查找动态果状态迁移模板(基础信息类* base, 动态节点类* d)"	"按条件查找目标对象、方法或事实。"	""	"ClCompile"	"因果类.cpp:2224:static std::vector<二次特征节点类*> 私有_查找动态果状态迁移模板(基础信息类* base, 动态节点类* d) || 因果类.cpp:2375:            果状态迁移模板缓存 = 私有_查找动态果状态迁移模板(base, 动态节点);"
"present"	"私有_向量含特征"	"私有_向量含特征"	"因果类.cpp:209"	"2"	"static bool 私有_向量含特征(const std::vector<可解析引用<特征节点类>>& v, const 特征节点类* n)"	"服务所在模块的内部辅助流程。"	""	"ClCompile"	"因果类.cpp:273:static bool 私有_向量含特征(const std::vector<可解析引用<特征节点类>>& v, const 特征节点类* n) || 因果类.cpp:398:    if (!主信息 || !结果特征 || 私有_向量含特征(主信息->果比较模板, 结果特征)) {"
"present"	"私有_解析二次特征引用_因果"	"私有_解析二次特征引用_因果"	"因果类.cpp:234"	"2"	"static 二次特征节点类* 私有_解析二次特征引用_因果(基础信息类* 基础信息, const 可解析引用<二次特征节点类>& 引用) noexcept"	"解析二次特征引用对应的节点。"	""	"ClCompile"	"因果类.cpp:298:static 二次特征节点类* 私有_解析二次特征引用_因果(基础信息类* 基础信息, const 可解析引用<二次特征节点类>& 引用) noexcept || 因果类.cpp:1560:        auto* 主果 = 私有_解析二次特征引用_因果(base, 主信息->主果比较模板);"
"present"	"私有_解析动态引用_因果"	"私有_解析动态引用_因果"	"因果类.cpp:244"	"2"	"static 动态节点类* 私有_解析动态引用_因果(基础信息类* 基础信息, const 可解析引用<动态节点类>& 引用) noexcept"	"解析动态引用对应的节点。"	""	"ClCompile"	"因果类.cpp:308:static 动态节点类* 私有_解析动态引用_因果(基础信息类* 基础信息, const 可解析引用<动态节点类>& 引用) noexcept || 因果类.cpp:1653:            auto* 动态 = 私有_解析动态引用_因果(base, 动态引用);"
"present"	"私有_解析方法引用_因果"	"私有_解析方法引用_因果"	"因果类.cpp:254"	"2"	"static 方法节点类* 私有_解析方法引用_因果(基础信息类* 基础信息, const 可解析引用<方法节点类>& 引用) noexcept"	"解析方法引用对应的节点。"	""	"ClCompile"	"因果类.cpp:318:static 方法节点类* 私有_解析方法引用_因果(基础信息类* 基础信息, const 可解析引用<方法节点类>& 引用) noexcept || 因果类.cpp:1721:        因方法 = 私有_解析方法引用_因果(base, 主信息->因方法模板);"
"present"	"私有_动态结果命中状态"	"私有_动态结果命中状态"	"因果类.cpp:436"	"2"	"static bool 私有_动态结果命中状态( 基础信息类* 基础信息, const 动态节点类* 动态, const 状态节点类* 目标状态)"	"服务所在模块的内部辅助流程。"	""	"ClCompile"	"因果类.cpp:500:static bool 私有_动态结果命中状态( || 因果类.cpp:548:        if (私有_动态结果命中状态(基础信息, 证据.指针, 目标状态)) {"
"present"	"私有_状态迁移结果命中状态"	"私有_状态迁移结果命中状态"	"因果类.cpp:461"	"2"	"static bool 私有_状态迁移结果命中状态( 基础信息类* 基础信息, const 二次特征节点类* 迁移, const 状态节点类* 目标状态)"	"服务所在模块的内部辅助流程。"	""	"ClCompile"	"因果类.cpp:525:static bool 私有_状态迁移结果命中状态( || 因果类.cpp:553:    if (私有_状态迁移结果命中状态(基础信息, 模板->主果比较模板.指针, 目标状态)) {"
"present"	"私有_因果边结果命中查询"	"私有_因果边结果命中查询"	"因果类.cpp:530"	"2"	"static bool 私有_因果边结果命中查询( 基础信息类* 基础信息, const 私有_状态转换因果边& 边, const 状态节点类* 目标状态, const 特征节点类* 目标特征)"	"判断因果边结果侧是否命中查询目标。"	""	"ClCompile"	"因果类.cpp:594:static bool 私有_因果边结果命中查询( || 因果类.cpp:1995:            if (私有_因果边结果命中查询(base, 边, nullptr, 目标特征)) {"
"present"	"私有_状态迁移模板命中动态"	"私有_状态迁移模板命中动态"	"因果类.cpp:558"	"2"	"static bool 私有_状态迁移模板命中动态( 基础信息类* 基础信息, const 二次特征节点类* 迁移, const 动态节点类* 动态节点)"	"判断状态迁移二次特征是否来自指定动态的初始状态和结果状态。"	""	"ClCompile"	"因果类.cpp:622:static bool 私有_状态迁移模板命中动态( || 因果类.cpp:718:    return 私有_状态迁移模板命中动态("
"present"	"私有_状态迁移方向相同_因果"	"私有_状态迁移方向相同_因果"	"因果类.cpp:605"	"2"	"static bool 私有_状态迁移方向相同_因果( const 二次特征节点类* 左, const 二次特征节点类* 右) noexcept"	"判断两个状态迁移二次特征是否表达同一变化方向。"	""	"ClCompile"	"因果类.cpp:669:static bool 私有_状态迁移方向相同_因果( || 因果类.cpp:712:        if (私有_状态迁移方向相同_因果("
"present"	"私有_只读查找特征类型词"	"私有_只读查找特征类型词"	"因果类.cpp:743"	"2"	"static const 语素入口节点类* 私有_只读查找特征类型词(const char* 词) noexcept"	"按条件查找目标对象、方法或事实。"	""	"ClCompile"	"因果类.cpp:807:static const 语素入口节点类* 私有_只读查找特征类型词(const char* 词) noexcept || 因果类.cpp:836:    return 语素入口同一(特征类型, 私有_只读查找特征类型词(期望词));"
"present"	"私有_特征类型同一"	"私有_特征类型同一"	"因果类.cpp:762"	"2"	"static bool 私有_特征类型同一(const 特征节点类* 特征, const 语素入口节点类* 期望类型) noexcept"	"服务所在模块的内部辅助流程。"	""	"ClCompile"	"因果类.cpp:826:static bool 私有_特征类型同一(const 特征节点类* 特征, const 语素入口节点类* 期望类型) noexcept || 因果类.cpp:2176:            && !私有_特征类型同一(路径.目标特征类型, 目标特征类型词)) {"
"present"	"私有_目标特征是任务层状态"	"私有_目标特征是任务层状态"	"因果类.cpp:805"	"2"	"static bool 私有_目标特征是任务层状态(const 特征节点类* 特征) noexcept"	"服务所在模块的内部辅助流程。"	""	"ClCompile"	"因果类.cpp:771:static bool 私有_目标特征是任务层状态(const 特征节点类* 特征) noexcept; || 因果类.cpp:869:static bool 私有_目标特征是任务层状态(const 特征节点类* 特征) noexcept"
"present"	"私有_目标特征是方法层状态"	"私有_目标特征是方法层状态"	"因果类.cpp:826"	"2"	"static bool 私有_目标特征是方法层状态(const 特征节点类* 特征) noexcept"	"服务所在模块的内部辅助流程。"	""	"ClCompile"	"因果类.cpp:772:static bool 私有_目标特征是方法层状态(const 特征节点类* 特征) noexcept; || 因果类.cpp:890:static bool 私有_目标特征是方法层状态(const 特征节点类* 特征) noexcept"
"present"	"私有_目标特征是学习层状态"	"私有_目标特征是学习层状态"	"因果类.cpp:842"	"2"	"static bool 私有_目标特征是学习层状态(const 特征节点类* 特征) noexcept"	"服务所在模块的内部辅助流程。"	""	"ClCompile"	"因果类.cpp:773:static bool 私有_目标特征是学习层状态(const 特征节点类* 特征) noexcept; || 因果类.cpp:906:static bool 私有_目标特征是学习层状态(const 特征节点类* 特征) noexcept"
"present"	"私有_从状态转换边生成目标投影路径"	"私有_从状态转换边生成目标投影路径"	"因果类.cpp:978"	"2"	"static 私有_目标投影路径 私有_从状态转换边生成目标投影路径( const 私有_状态转换因果边& 边)"	"根据当前输入生成目标数据、场景、动态或回执。"	""	"ClCompile"	"因果类.cpp:1052:static 私有_目标投影路径 私有_从状态转换边生成目标投影路径( || 因果类.cpp:1105:        auto 路径 = 私有_从状态转换边生成目标投影路径(边);"
"present"	"私有_控制台刷新摘要文本"	"私有_控制台刷新摘要文本"	"鱼巢.cpp:1407"	"2"	"std::string 私有_控制台刷新摘要文本( const 结构_控制面板快照& 快照, std::string_view 来源)"	"生成默认控制台刷新摘要。"	""	"ClCompile"	"鱼巢.cpp:1401:    std::string 私有_控制台刷新摘要文本( || 鱼巢.cpp:1428:        输出 << 私有_控制台刷新摘要文本(快照, 场景)"
"present"	"私有_需求树生长离线摘要文本"	"私有_需求树生长离线摘要文本"	"鱼巢.cpp:1505"	"2"	"std::string 私有_需求树生长离线摘要文本( const 结构_控制面板摘要快照& 快照)"	"服务所在模块的内部辅助流程。"	""	"ClCompile"	"鱼巢.cpp:1499:    std::string 私有_需求树生长离线摘要文本( || 鱼巢.cpp:1937:            鱼巢_控制台输出(std::cout << 私有_需求树生长离线摘要文本(快照));"
"present"	"私有_语素入口显示文本_控制命令"	"私有_语素入口显示文本_控制命令"	"鱼巢.cpp:1590"	"2"	"std::string 私有_语素入口显示文本_控制命令(const 语素入口节点类* 入口) noexcept"	"服务所在模块的内部辅助流程。"	""	"ClCompile"	"鱼巢.cpp:1584:    std::string 私有_语素入口显示文本_控制命令(const 语素入口节点类* 入口) noexcept || 鱼巢.cpp:1665:        输出.特征类型文本 = 私有_语素入口显示文本_控制命令(特征类型);"
"present"	"私有_特征值跟踪文本"	"私有_特征值跟踪文本"	"鱼巢.cpp:1606"	"2"	"std::string 私有_特征值跟踪文本(const 特征值& 值)"	"执行跟踪相关定位、匹配或结果输出逻辑。"	""	"ClCompile"	"鱼巢.cpp:1600:    std::string 私有_特征值跟踪文本(const 特征值& 值) || 鱼巢.cpp:1666:        输出.特征值文本 = 私有_特征值跟踪文本(状态主信息->状态值);"
"present"	"私有_任务追踪特征_目标是否达成"	"私有_任务追踪特征_目标是否达成"	"鱼巢.cpp:1696"	"2"	"const 语素入口节点类* 私有_任务追踪特征_目标是否达成() noexcept"	"服务所在模块的内部辅助流程。"	""	"ClCompile"	"鱼巢.cpp:1690:    const 语素入口节点类* 私有_任务追踪特征_目标是否达成() noexcept || 鱼巢.cpp:1862:                << "" | 目标是否达成="" << 私有_任务虚拟存在I64特征文本(任务节点, 私有_任务追踪特征_目标是否达成())"
"present"	"私有_任务追踪特征_本轮是否有推进"	"私有_任务追踪特征_本轮是否有推进"	"鱼巢.cpp:1703"	"2"	"const 语素入口节点类* 私有_任务追踪特征_本轮是否有推进() noexcept"	"服务所在模块的内部辅助流程。"	""	"ClCompile"	"鱼巢.cpp:1697:    const 语素入口节点类* 私有_任务追踪特征_本轮是否有推进() noexcept || 鱼巢.cpp:1863:                << "" | 本轮是否有推进="" << 私有_任务虚拟存在I64特征文本(任务节点, 私有_任务追踪特征_本轮是否有推进())"
"present"	"私有_任务追踪特征_本轮推进量"	"私有_任务追踪特征_本轮推进量"	"鱼巢.cpp:1710"	"2"	"const 语素入口节点类* 私有_任务追踪特征_本轮推进量() noexcept"	"服务所在模块的内部辅助流程。"	""	"ClCompile"	"鱼巢.cpp:1704:    const 语素入口节点类* 私有_任务追踪特征_本轮推进量() noexcept || 鱼巢.cpp:1864:                << "" | 本轮推进量="" << 私有_任务虚拟存在I64特征文本(任务节点, 私有_任务追踪特征_本轮推进量())"
"present"	"私有_任务追踪特征_剩余差距"	"私有_任务追踪特征_剩余差距"	"鱼巢.cpp:1717"	"2"	"const 语素入口节点类* 私有_任务追踪特征_剩余差距() noexcept"	"服务所在模块的内部辅助流程。"	""	"ClCompile"	"鱼巢.cpp:1711:    const 语素入口节点类* 私有_任务追踪特征_剩余差距() noexcept || 鱼巢.cpp:1865:                << "" | 剩余差距="" << 私有_任务虚拟存在I64特征文本(任务节点, 私有_任务追踪特征_剩余差距())"
"present"	"私有_任务追踪特征_执行结果类型"	"私有_任务追踪特征_执行结果类型"	"鱼巢.cpp:1724"	"2"	"const 语素入口节点类* 私有_任务追踪特征_执行结果类型() noexcept"	"执行任务、方法或动作的主体逻辑。"	""	"ClCompile"	"鱼巢.cpp:1718:    const 语素入口节点类* 私有_任务追踪特征_执行结果类型() noexcept || 鱼巢.cpp:1866:                << "" | 执行结果类型="" << 私有_任务虚拟存在I64特征文本(任务节点, 私有_任务追踪特征_执行结果类型())"
"present"	"私有_任务虚拟存在指针特征主键文本"	"私有_任务虚拟存在指针特征主键文本"	"鱼巢.cpp:1781"	"2"	"std::string 私有_任务虚拟存在指针特征主键文本( const 任务类::节点类* 任务节点, const 语素入口节点类* 特征类型) noexcept"	"服务所在模块的内部辅助流程。"	""	"ClCompile"	"鱼巢.cpp:1775:    std::string 私有_任务虚拟存在指针特征主键文本( || 鱼巢.cpp:1867:                << "" | 当前方法运行存在="" << 私有_任务虚拟存在指针特征主键文本(任务节点, 私有_任务追踪特征_当前方法运行存在())"
"present"	"私有_任务虚拟存在当前方法运行成功文本"	"私有_任务虚拟存在当前方法运行成功文本"	"鱼巢.cpp:1790"	"2"	"std::string 私有_任务虚拟存在当前方法运行成功文本( const 任务类::节点类* 任务节点) noexcept"	"执行对应模块、线程或方法的运行逻辑。"	""	"ClCompile"	"鱼巢.cpp:1784:    std::string 私有_任务虚拟存在当前方法运行成功文本( || 鱼巢.cpp:1868:                << "" | 方法运行成功="" << 私有_任务虚拟存在当前方法运行成功文本(任务节点)"
"present"	"私有_任务虚拟存在主键文本"	"私有_任务虚拟存在主键文本"	"鱼巢.cpp:1803"	"2"	"std::string 私有_任务虚拟存在主键文本(const 任务类::节点类* 任务节点) noexcept"	"服务所在模块的内部辅助流程。"	""	"ClCompile"	"鱼巢.cpp:1797:    std::string 私有_任务虚拟存在主键文本(const 任务类::节点类* 任务节点) noexcept || 鱼巢.cpp:1861:                << "" | 任务虚拟存在="" << 私有_任务虚拟存在主键文本(任务节点)"
"present"	"私有_渲染完成任务变化跟踪"	"私有_渲染完成任务变化跟踪"	"鱼巢.cpp:1817"	"2"	"std::string 私有_渲染完成任务变化跟踪()"	"执行跟踪相关定位、匹配或结果输出逻辑。"	""	"ClCompile"	"鱼巢.cpp:1811:    std::string 私有_渲染完成任务变化跟踪() || 鱼巢.cpp:1952:            const auto 输出 = 私有_渲染完成任务变化跟踪();"
"present"	"私有_执行需求树生长摘要Live"	"私有_执行需求树生长摘要Live"	"鱼巢.cpp:1881"	"2"	"int 私有_执行需求树生长摘要Live()"	"执行任务、方法或动作的主体逻辑。"	""	"ClCompile"	"鱼巢.cpp:1875:    int 私有_执行需求树生长摘要Live() || 鱼巢.cpp:2154:            return 私有_执行需求树生长摘要Live();"
"present"	"私有_运行默认控制台数字菜单"	"私有_运行默认控制台数字菜单"	"鱼巢.cpp:2017"	"2"	"int 私有_运行默认控制台数字菜单()"	"运行默认控制台数字菜单。"	""	"ClCompile"	"鱼巢.cpp:2011:    int 私有_运行默认控制台数字菜单() || 鱼巢.cpp:2198:        return 私有_运行默认控制台数字菜单();"
"present"	"私有_二次特征主语名称"	"私有_二次特征主语名称"	"语言类_二次特征表达.cpp:133"	"2"	"std::string 私有_二次特征主语名称(const 二次特征主信息类* 主信息)"	"服务所在模块的内部辅助流程。"	""	"未在vcxproj登记"	"语言类_二次特征表达.cpp:100:    std::string 私有_二次特征主语名称(const 二次特征主信息类* 主信息) || 语言类_二次特征表达.cpp:348:    const auto 主语 = 私有_二次特征主语名称(主信息);"
"present"	"私有_二次特征粒度短语"	"私有_二次特征粒度短语"	"语言类_二次特征表达.cpp:151"	"2"	"std::string 私有_二次特征粒度短语(const 二次特征主信息类* 主信息)"	"服务所在模块的内部辅助流程。"	""	"未在vcxproj登记"	"语言类_二次特征表达.cpp:116:    std::string 私有_二次特征粒度短语(const 二次特征主信息类* 主信息) || 语言类_二次特征表达.cpp:237:        const auto 粒度短语 = 私有_二次特征粒度短语(主信息);"
"present"	"私有_二次特征基准短语"	"私有_二次特征基准短语"	"语言类_二次特征表达.cpp:165"	"2"	"std::string 私有_二次特征基准短语(const 二次特征主信息类* 主信息)"	"服务所在模块的内部辅助流程。"	""	"未在vcxproj登记"	"语言类_二次特征表达.cpp:130:    std::string 私有_二次特征基准短语(const 二次特征主信息类* 主信息) || 语言类_二次特征表达.cpp:241:        const auto 基准短语 = 私有_二次特征基准短语(主信息);"
"present"	"私有_二次特征时间归一短语"	"私有_二次特征时间归一短语"	"语言类_二次特征表达.cpp:180"	"2"	"std::string 私有_二次特征时间归一短语(const 二次特征主信息类* 主信息)"	"服务所在模块的内部辅助流程。"	""	"未在vcxproj登记"	"语言类_二次特征表达.cpp:145:    std::string 私有_二次特征时间归一短语(const 二次特征主信息类* 主信息) || 语言类_二次特征表达.cpp:245:        const auto 时间归一短语 = 私有_二次特征时间归一短语(主信息);"
"present"	"私有_连接限定短语"	"私有_连接限定短语"	"语言类_二次特征表达.cpp:192"	"2"	"std::string 私有_连接限定短语(const std::vector<std::string>& 短语列表)"	"服务所在模块的内部辅助流程。"	""	"未在vcxproj登记"	"语言类_二次特征表达.cpp:157:    std::string 私有_连接限定短语(const std::vector<std::string>& 短语列表) || 语言类_二次特征表达.cpp:260:        return ""（"" + 私有_连接限定短语(短语) + ""）"";"
"present"	"私有_二次特征单体方向结果"	"私有_二次特征单体方向结果"	"语言类_二次特征表达.cpp:206"	"2"	"std::string 私有_二次特征单体方向结果(std::string 结果)"	"服务所在模块的内部辅助流程。"	""	"未在vcxproj登记"	"语言类_二次特征表达.cpp:171:    std::string 私有_二次特征单体方向结果(std::string 结果) || 语言类_二次特征表达.cpp:195:        const auto 单体结果 = 私有_二次特征单体方向结果(结果);"
"present"	"私有_二次特征比较结果"	"私有_二次特征比较结果"	"语言类_二次特征表达.cpp:231"	"2"	"std::string 私有_二次特征比较结果( const std::string& 结果, const std::string& 比较对象, const std::string& 维度短语)"	"比较当前值、目标值或历史基准。"	""	"未在vcxproj登记"	"语言类_二次特征表达.cpp:182:    std::string 私有_二次特征比较结果( || 语言类_二次特征表达.cpp:365:        const auto 比较结果 = 私有_二次特征比较结果(反义词结果, 比较对象, 维度短语);"
"present"	"私有_二次特征反义词结果_按主信息"	"私有_二次特征反义词结果_按主信息"	"语言类_二次特征表达.cpp:252"	"2"	"std::string 私有_二次特征反义词结果_按主信息(const 二次特征主信息类* 主信息)"	"服务所在模块的内部辅助流程。"	""	"未在vcxproj登记"	"语言类_二次特征表达.cpp:203:    std::string 私有_二次特征反义词结果_按主信息(const 二次特征主信息类* 主信息) || 语言类_二次特征表达.cpp:352:    const auto 反义词结果 = 私有_二次特征反义词结果_按主信息(主信息);"
"present"	"私有_二次特征介词短语_按主信息"	"私有_二次特征介词短语_按主信息"	"语言类_二次特征表达.cpp:277"	"2"	"std::string 私有_二次特征介词短语_按主信息(const 二次特征主信息类* 主信息)"	"服务所在模块的内部辅助流程。"	""	"未在vcxproj登记"	"语言类_二次特征表达.cpp:221:    std::string 私有_二次特征介词短语_按主信息(const 二次特征主信息类* 主信息) || 语言类_二次特征表达.cpp:351:    const auto 介词短语 = 私有_二次特征介词短语_按主信息(主信息);"
"present"	"私有_统计方法直接结构_自检"	"私有_统计方法直接结构_自检"	"自检线程模块.impl.cpp:1030"	"2"	"void 私有_统计方法直接结构_自检( const 方法节点* 方法头, I64& 条件数, I64& 结果数) noexcept"	"统计方法首节点下的直接条件和结果数量。"	""	"ClCompile"	"自检线程模块.impl.cpp:1027:    void 私有_统计方法直接结构_自检( || 自检线程模块.impl.cpp:1772:            私有_统计方法直接结构_自检(方法, 条件数, 结果数);"
"present"	"私有_统计方法条件结果对_自检"	"私有_统计方法条件结果对_自检"	"自检线程模块.impl.cpp:1042"	"2"	"void 私有_统计方法条件结果对_自检( const 方法节点* 方法头, I64& 配对数量, I64& 命中次数总和, I64& 最大命中次数) noexcept"	"统计方法条件结果对数量和命中次数。"	""	"ClCompile"	"自检线程模块.impl.cpp:1039:    void 私有_统计方法条件结果对_自检( || 自检线程模块.impl.cpp:1776:            私有_统计方法条件结果对_自检("
"present"	"私有_推导方法自检当前状态值_自检"	"私有_推导方法自检当前状态值_自检"	"自检线程模块.impl.cpp:1084"	"2"	"I64 私有_推导方法自检当前状态值_自检( bool 有对应动作, const I64 条件数, const I64 结果数, const I64 条件结果对数量) noexcept"	"服务所在模块的内部辅助流程。"	""	"ClCompile"	"自检线程模块.impl.cpp:1081:    I64 私有_推导方法自检当前状态值_自检( || 自检线程模块.impl.cpp:1804:            const I64 方法状态当前值 = 私有_推导方法自检当前状态值_自检("
"present"	"私有_本能方法有对应动作_自检"	"私有_本能方法有对应动作_自检"	"自检线程模块.impl.cpp:1106"	"2"	"bool 私有_本能方法有对应动作_自检(const 方法节点* 方法) noexcept"	"服务所在模块的内部辅助流程。"	""	"ClCompile"	"自检线程模块.impl.cpp:1103:    bool 私有_本能方法有对应动作_自检(const 方法节点* 方法) noexcept || 自检线程模块.impl.cpp:1781:            const bool 有对应动作 = 私有_本能方法有对应动作_自检(方法);"
"present"	"私有_统计结构可用方法数量"	"私有_统计结构可用方法数量"	"自检线程模块.impl.cpp:1144"	"2"	"I64 私有_统计结构可用方法数量() noexcept"	"服务所在模块的内部辅助流程。"	""	"ClCompile"	"自检线程模块.impl.cpp:1141:    I64 私有_统计结构可用方法数量() noexcept || 自检线程模块.impl.cpp:2048:        const I64 统计可用方法数量 = 私有_统计结构可用方法数量();"
"present"	"私有_填充方法I64原子目标_自检"	"私有_填充方法I64原子目标_自检"	"自检线程模块.impl.cpp:1182"	"2"	"void 私有_填充方法I64原子目标_自检( 自我线程消息协议::结构_自检缺口候选消息& 候选, const 方法节点* 方法, const 语素入口节点类* 特征类型, I64 当前值, I64 目标值, 三向关系掩码 满足关系, 时间戳 now) noexcept"	"服务所在模块的内部辅助流程。"	""	"ClCompile"	"自检线程模块.impl.cpp:1179:    void 私有_填充方法I64原子目标_自检( || 自检线程模块.impl.cpp:1281:            私有_填充方法I64原子目标_自检("
"present"	"私有_自检候选原子目标完整_本地"	"私有_自检候选原子目标完整_本地"	"自检线程模块.impl.cpp:1233"	"2"	"bool 私有_自检候选原子目标完整_本地( const 自我线程消息协议::结构_自检缺口候选消息& 候选) noexcept"	"服务所在模块的内部辅助流程。"	""	"ClCompile"	"自检线程模块.impl.cpp:1230:    bool 私有_自检候选原子目标完整_本地( || 自检线程模块.impl.cpp:1290:        if (建议生成需求 && !私有_自检候选原子目标完整_本地(候选)) {"
"present"	"私有_自检候选是代码缺陷报告"	"私有_自检候选是代码缺陷报告"	"自检线程模块.impl.cpp:1327"	"2"	"bool 私有_自检候选是代码缺陷报告( const 自我线程消息协议::结构_自检缺口候选消息& 候选) noexcept"	"服务所在模块的内部辅助流程。"	""	"ClCompile"	"自检线程模块.impl.cpp:1318:    bool 私有_自检候选是代码缺陷报告( || 自检线程模块.impl.cpp:1345:        if (!私有_自检候选是代码缺陷报告(候选)) {"
"present"	"自检线程类::~自检线程类"	"~自检线程类"	"自检线程模块.impl.cpp:1429"	"2"	"自检线程类::~自检线程类()"	"释放或收束对象资源。"	"ctor_dtor"	"ClCompile"	"自检线程模块.ixx:90:    ~自检线程类(); || 自检线程模块.impl.cpp:1420:自检线程类::~自检线程类()"
"present"	"启动自检线程只读观察模式"	"启动自检线程只读观察模式"	"自检线程模块.impl.cpp:2199"	"2"	"bool 启动自检线程只读观察模式()"	"启动线程、模块或运行流程。"	""	"ClCompile"	"自检线程模块.ixx:142:export bool 启动自检线程只读观察模式(); || 自检线程模块.impl.cpp:2128:bool 启动自检线程只读观察模式()"
"present"	"特征_候选方法头节点"	"特征_候选方法头节点"	"自我动作实现.外设模块.ixx:1034"	"2"	"inline const 语素入口节点类* 特征_候选方法头节点() noexcept"	"按函数名执行对应处理。"	""	"ClCompile"	"任务模块.管理界面线程.impl.cpp:1132:const 语素入口节点类* 私有_特征_候选方法头节点() noexcept || 自我动作实现模块.ixx:543:    inline const 语素入口节点类* 特征_候选方法头节点() noexcept"
"present"	"特征_需求条件包"	"特征_需求条件包"	"自我动作实现.外设模块.ixx:1660"	"2"	"inline const 语素入口节点类* 特征_需求条件包() noexcept"	"按函数名执行对应处理。"	""	"ClCompile"	"任务模块.管理界面线程.impl.cpp:1107:const 语素入口节点类* 私有_特征_需求条件包() noexcept || 自我动作实现模块.ixx:1176:    inline const 语素入口节点类* 特征_需求条件包() noexcept"
"present"	"读取像素坐标参数"	"读取像素坐标参数"	"自我动作实现.外设模块.ixx:25436"	"2"	"inline bool 读取像素坐标参数( 场景节点类* 输入参数场景, I64& 像素X, I64& 像素Y) noexcept"	"从指定来源读取数据或状态。"	""	"ClCompile"	"自我动作实现.外设模块.ixx:25490:    inline bool 读取像素坐标参数( || 自我动作实现.外设模块.ixx:25533:        const bool 坐标闭合 = 读取像素坐标参数(输入参数场景, 像素X, 像素Y);"
"present"	"特征_需求条件包"	"特征_需求条件包"	"自我动作实现模块.ixx:1176"	"2"	"inline const 语素入口节点类* 特征_需求条件包() noexcept"	"按函数名执行对应处理。"	""	"ClCompile"	"任务模块.管理界面线程.impl.cpp:1107:const 语素入口节点类* 私有_特征_需求条件包() noexcept || 自我动作实现.外设模块.ixx:1660:    inline const 语素入口节点类* 特征_需求条件包() noexcept"
"present"	"特征_候选方法头节点"	"特征_候选方法头节点"	"自我动作实现模块.ixx:543"	"2"	"inline const 语素入口节点类* 特征_候选方法头节点() noexcept"	"按函数名执行对应处理。"	""	"ClCompile"	"任务模块.管理界面线程.impl.cpp:1132:const 语素入口节点类* 私有_特征_候选方法头节点() noexcept || 自我动作实现.外设模块.ixx:1034:    inline const 语素入口节点类* 特征_候选方法头节点() noexcept"
"present"	"任务管理结果消息语义相同"	"任务管理结果消息语义相同"	"自我线程模块.消息协议.ixx:1046"	"2"	"inline bool 任务管理结果消息语义相同( const 结构_任务管理结果状态消息& 左, const 结构_任务管理结果状态消息& 右) noexcept"	"按函数名执行对应处理。 功能：按函数名执行对应处理。"	""	"ClCompile"	"自我线程模块.消息协议.ixx:1057:inline bool 任务管理结果消息语义相同( || 自我线程模块.消息协议.ixx:1210:        && 任务管理结果消息语义相同(*汇总->最近结果消息, 消息)) {"
"present"	"私有_需求列表项排序在前"	"私有_需求列表项排序在前"	"自我线程模块.impl.cpp:10055"	"2"	"bool 私有_需求列表项排序在前( const 自我线程类::结构_需求列表项& 左, const 自我线程类::结构_需求列表项& 右, const 枚举_需求列表排序主轴 排序主轴) noexcept"	"服务所在模块的内部辅助流程。"	""	"ClCompile"	"自我线程模块.impl.cpp:10291:bool 私有_需求列表项排序在前( || 自我线程模块.impl.cpp:12126:            return 私有_需求列表项排序在前(左列表项, 右列表项, 排序主轴);"
"present"	"私有_是增量反馈_线程侧"	"私有_是增量反馈_线程侧"	"自我线程模块.impl.cpp:1016"	"2"	"bool 私有_是增量反馈_线程侧(const 结构_线程任务价值反馈段& 反馈) noexcept"	"服务所在模块的内部辅助流程。"	""	"ClCompile"	"自我线程模块.impl.cpp:1132:bool 私有_是增量反馈_线程侧(const 结构_线程任务价值反馈段& 反馈) noexcept || 自我线程模块.impl.cpp:2208:    if (私有_是增量反馈_线程侧(反馈)"
"present"	"私有_登记增量反馈事件_线程侧"	"私有_登记增量反馈事件_线程侧"	"自我线程模块.impl.cpp:1023"	"2"	"bool 私有_登记增量反馈事件_线程侧( const std::string& 任务主键, const std::string& 反馈事件主键, 结构_线程价值结算结果& 结果) noexcept"	"登记方法、模板、对象或运行入口。"	""	"ClCompile"	"自我线程模块.impl.cpp:1139:bool 私有_登记增量反馈事件_线程侧( || 自我线程模块.impl.cpp:2209:        && !私有_登记增量反馈事件_线程侧(任务主键, 反馈.反馈事件主键, 结果)) {"
"present"	"私有_服务因果链上下文条件集_线程侧"	"私有_服务因果链上下文条件集_线程侧"	"自我线程模块.impl.cpp:10411"	"2"	"std::vector<结构_根特征必要条件定义_线程侧> 私有_服务因果链上下文条件集_线程侧()"	"服务所在模块的内部辅助流程。"	""	"ClCompile"	"自我线程模块.impl.cpp:10643:std::vector<结构_根特征必要条件定义_线程侧> 私有_服务因果链上下文条件集_线程侧() || 自我线程模块.impl.cpp:10719:            ? 私有_服务因果链上下文条件集_线程侧()"
"present"	"私有_正式结算结果目标键_线程侧"	"私有_正式结算结果目标键_线程侧"	"自我线程模块.impl.cpp:1046"	"2"	"std::string 私有_正式结算结果目标键_线程侧( const 任务节点* 任务头, const 需求节点* 来源需求, const 结构_叶子任务正式结算证据& 证据)"	"结算任务、需求、价值或结果贡献。"	""	"ClCompile"	"自我线程模块.impl.cpp:1162:std::string 私有_正式结算结果目标键_线程侧( || 自我线程模块.impl.cpp:2192:    const auto 正式结算结果目标键 = 私有_正式结算结果目标键_线程侧("
"present"	"私有_间接服务维护条件集_线程侧"	"私有_间接服务维护条件集_线程侧"	"自我线程模块.impl.cpp:10460"	"2"	"std::vector<结构_根特征必要条件定义_线程侧> 私有_间接服务维护条件集_线程侧()"	"服务所在模块的内部辅助流程。"	""	"ClCompile"	"自我线程模块.impl.cpp:10691:std::vector<结构_根特征必要条件定义_线程侧> 私有_间接服务维护条件集_线程侧() || 自我线程模块.impl.cpp:10720:            : 私有_间接服务维护条件集_线程侧();"
"present"	"私有_存在概念词_线程侧"	"私有_存在概念词_线程侧"	"自我线程模块.impl.cpp:10498"	"2"	"const 语素入口节点类* 私有_存在概念词_线程侧( const 语素入口节点类* 入口, const bool 确保) noexcept"	"服务所在模块的内部辅助流程。"	""	"ClCompile"	"自我线程模块.impl.cpp:10729:const 语素入口节点类* 私有_存在概念词_线程侧( || 自我线程模块.impl.cpp:10753:    const auto* 宿主词 = 私有_存在概念词_线程侧(宿主语义入口, 确保);"
"present"	"私有_正式结算结果目标已处理_线程侧"	"私有_正式结算结果目标已处理_线程侧"	"自我线程模块.impl.cpp:1074"	"2"	"bool 私有_正式结算结果目标已处理_线程侧(const std::string& 去重键) noexcept"	"结算任务、需求、价值或结果贡献。"	""	"ClCompile"	"自我线程模块.impl.cpp:1190:bool 私有_正式结算结果目标已处理_线程侧(const std::string& 去重键) noexcept || 自我线程模块.impl.cpp:2196:    if (私有_正式结算结果目标已处理_线程侧(正式结算结果目标键)) {"
"present"	"私有_登记正式结算结果目标_线程侧"	"私有_登记正式结算结果目标_线程侧"	"自我线程模块.impl.cpp:1085"	"2"	"void 私有_登记正式结算结果目标_线程侧(const std::string& 去重键) noexcept"	"登记方法、模板、对象或运行入口。"	""	"ClCompile"	"自我线程模块.impl.cpp:1201:void 私有_登记正式结算结果目标_线程侧(const std::string& 去重键) noexcept || 自我线程模块.impl.cpp:2463:    私有_登记正式结算结果目标_线程侧(正式结算结果目标键);"
"present"	"私有_查找根闭环信息位_线程侧"	"私有_查找根闭环信息位_线程侧"	"自我线程模块.impl.cpp:10893"	"2"	"const 结构_根闭环信息位_线程侧* 私有_查找根闭环信息位_线程侧( const std::vector<结构_根闭环信息位_线程侧>& 信息位集, const 结构_根特征必要条件定义_线程侧& 条件) noexcept"	"按条件查找目标对象、方法或事实。"	""	"ClCompile"	"自我线程模块.impl.cpp:11122:const 结构_根闭环信息位_线程侧* 私有_查找根闭环信息位_线程侧( || 自我线程模块.impl.cpp:11659:        const auto* 闭环信息位 = 私有_查找根闭环信息位_线程侧("
"present"	"私有_清理遗留固定服务子需求_线程侧"	"私有_清理遗留固定服务子需求_线程侧"	"自我线程模块.impl.cpp:11045"	"2"	"std::size_t 私有_清理遗留固定服务子需求_线程侧( 自我类& 自我对象, 需求节点* 根需求, const 结构_抽象根特征定义_线程侧& 根定义, const 时间戳 now) noexcept"	"清理缓存、临时状态或运行资源。"	""	"ClCompile"	"自我线程模块.impl.cpp:11274:std::size_t 私有_清理遗留固定服务子需求_线程侧( || 自我线程模块.impl.cpp:11596:        已变更 += 私有_清理遗留固定服务子需求_线程侧("
"present"	"私有_服务G0百万分比转评分_线程侧"	"私有_服务G0百万分比转评分_线程侧"	"自我线程模块.impl.cpp:1106"	"2"	"I64 私有_服务G0百万分比转评分_线程侧(I64 百万分比) noexcept"	"服务所在模块的内部辅助流程。"	""	"ClCompile"	"自我线程模块.impl.cpp:1231:I64 私有_服务G0百万分比转评分_线程侧(I64 百万分比) noexcept || 自我线程模块.impl.cpp:1496:    输入.评分.完成度 = 私有_服务G0百万分比转评分_线程侧(服务完成度百万分比);"
"present"	"私有_服务G0有效性评分_线程侧"	"私有_服务G0有效性评分_线程侧"	"自我线程模块.impl.cpp:1113"	"2"	"I64 私有_服务G0有效性评分_线程侧( const 结构_线程服务价值结算证据摘要* 服务证据摘要, const 结构_叶子任务正式结算证据& 正式结算证据) noexcept"	"服务所在模块的内部辅助流程。"	""	"ClCompile"	"自我线程模块.impl.cpp:1238:I64 私有_服务G0有效性评分_线程侧( || 自我线程模块.impl.cpp:1497:    输入.评分.有效性 = 私有_服务G0有效性评分_线程侧(服务证据摘要, 正式结算证据);"
"present"	"私有_清理遗留固定安全子需求_线程侧"	"私有_清理遗留固定安全子需求_线程侧"	"自我线程模块.impl.cpp:11140"	"2"	"std::size_t 私有_清理遗留固定安全子需求_线程侧( 自我类& 自我对象, 需求节点* 根需求, const 结构_抽象根特征定义_线程侧& 根定义, const 时间戳 now) noexcept"	"清理缓存、临时状态或运行资源。"	""	"ClCompile"	"自我线程模块.impl.cpp:11369:std::size_t 私有_清理遗留固定安全子需求_线程侧( || 自我线程模块.impl.cpp:11589:        已变更 += 私有_清理遗留固定安全子需求_线程侧("
"present"	"私有_生成根特征必要条件子需求_线程侧"	"私有_生成根特征必要条件子需求_线程侧"	"自我线程模块.impl.cpp:11237"	"2"	"需求节点* 私有_生成根特征必要条件子需求_线程侧( 自我类& 自我对象, 需求节点* 根需求, 存在节点类* 目标宿主, const 结构_根特征必要条件定义_线程侧& 条件, const I64 当前值, const 时间戳 now) noexcept"	"根据当前输入生成目标数据、场景、动态或回执。"	""	"ClCompile"	"自我线程模块.impl.cpp:11466:需求节点* 私有_生成根特征必要条件子需求_线程侧( || 自我线程模块.impl.cpp:11782:            auto* 新子需求 = 私有_生成根特征必要条件子需求_线程侧("
"present"	"私有_服务G0证据强度评分_线程侧"	"私有_服务G0证据强度评分_线程侧"	"自我线程模块.impl.cpp:1133"	"2"	"I64 私有_服务G0证据强度评分_线程侧( const 结构_线程服务价值结算证据摘要* 服务证据摘要, const 结构_叶子任务正式结算证据& 正式结算证据, 动态节点类* D1任务状态动作动态) noexcept"	"服务所在模块的内部辅助流程。"	""	"ClCompile"	"自我线程模块.impl.cpp:1258:I64 私有_服务G0证据强度评分_线程侧( || 自我线程模块.impl.cpp:1499:        私有_服务G0证据强度评分_线程侧(服务证据摘要, 正式结算证据, D1任务状态动作动态);"
"present"	"私有_正式结算状态可比较_线程侧"	"私有_正式结算状态可比较_线程侧"	"自我线程模块.impl.cpp:1168"	"2"	"bool 私有_正式结算状态可比较_线程侧( const 结构_叶子任务正式结算证据& 正式结算证据) noexcept"	"比较当前值、目标值或历史基准。"	""	"ClCompile"	"自我线程模块.impl.cpp:1293:bool 私有_正式结算状态可比较_线程侧( || 自我线程模块.impl.cpp:1356:        私有_正式结算状态可比较_线程侧(正式结算证据) ? 1 : 0,"
"present"	"私有_正式结算状态发生变化_线程侧"	"私有_正式结算状态发生变化_线程侧"	"自我线程模块.impl.cpp:1180"	"2"	"bool 私有_正式结算状态发生变化_线程侧( const 结构_叶子任务正式结算证据& 正式结算证据) noexcept"	"比较当前值、目标值或历史基准。"	""	"ClCompile"	"自我线程模块.impl.cpp:1305:bool 私有_正式结算状态发生变化_线程侧( || 自我线程模块.impl.cpp:1403:        私有_正式结算状态发生变化_线程侧(正式结算证据);"
"present"	"私有_同步服务状态动态证据到任务_线程侧"	"私有_同步服务状态动态证据到任务_线程侧"	"自我线程模块.impl.cpp:1193"	"2"	"bool 私有_同步服务状态动态证据到任务_线程侧( 任务节点* 任务头, const 结构_叶子任务正式结算证据& 正式结算证据, 时间戳 now) noexcept"	"把服务结算所需的状态证据同步为任务虚拟存在上的门槛特征。"	""	"ClCompile"	"自我线程模块.impl.cpp:1318:bool 私有_同步服务状态动态证据到任务_线程侧( || 自我线程模块.impl.cpp:2251:        (void)私有_同步服务状态动态证据到任务_线程侧("
"present"	"私有_映射自我线程生命周期消息事件"	"私有_映射自我线程生命周期消息事件"	"自我线程模块.impl.cpp:12105"	"2"	"枚举_线程生命周期消息事件 私有_映射自我线程生命周期消息事件( const 枚举_线程生命周期状态 旧状态, const 枚举_线程生命周期状态 新状态) noexcept"	"服务所在模块的内部辅助流程。"	""	"ClCompile"	"自我线程模块.impl.cpp:12324:枚举_线程生命周期消息事件 私有_映射自我线程生命周期消息事件( || 自我线程模块.impl.cpp:12354:    消息.事件类型 = 私有_映射自我线程生命周期消息事件(旧状态, 新状态);"
"present"	"私有_发送自我线程生命周期控制面板消息"	"私有_发送自我线程生命周期控制面板消息"	"自我线程模块.impl.cpp:12126"	"2"	"void 私有_发送自我线程生命周期控制面板消息( const 枚举_线程生命周期状态 旧状态, const 枚举_线程生命周期状态 新状态, const 时间戳 now, const std::string& 原因键, const std::string& 摘要, const bool 是否故障触发) noexcept"	"服务所在模块的内部辅助流程。"	""	"ClCompile"	"自我线程模块.impl.cpp:12345:void 私有_发送自我线程生命周期控制面板消息( || 自我线程模块.impl.cpp:14005:    私有_发送自我线程生命周期控制面板消息("
"present"	"私有_映射批次执行去向到线程最终去向"	"私有_映射批次执行去向到线程最终去向"	"自我线程模块.impl.cpp:12218"	"2"	"枚举_自我线程最终去向 私有_映射批次执行去向到线程最终去向( const 自我线程消息批次执行器::枚举_批次执行去向 去向) noexcept"	"执行任务、方法或动作的主体逻辑。"	""	"ClCompile"	"自我线程模块.impl.cpp:12439:枚举_自我线程最终去向 私有_映射批次执行去向到线程最终去向( || 自我线程模块.impl.cpp:17284:    上下文->结果.当前最终去向 = 私有_映射批次执行去向到线程最终去向(批次去向);"
"present"	"私有_映射线程最终去向到当前去向文本"	"私有_映射线程最终去向到当前去向文本"	"自我线程模块.impl.cpp:12240"	"2"	"std::string 私有_映射线程最终去向到当前去向文本( const 枚举_自我线程最终去向 去向)"	"服务所在模块的内部辅助流程。"	""	"ClCompile"	"自我线程模块.impl.cpp:12461:std::string 私有_映射线程最终去向到当前去向文本( || 自我线程模块.impl.cpp:17290:            私有_映射线程最终去向到当前去向文本(上下文->结果.当前最终去向);"
"present"	"私有_确保自我线程存在"	"私有_确保自我线程存在"	"自我线程模块.impl.cpp:12263"	"2"	"存在节点类* 私有_确保自我线程存在() noexcept"	"确保目标结构、状态或前置条件存在并可用。"	""	"ClCompile"	"自我线程模块.impl.cpp:12484:存在节点类* 私有_确保自我线程存在() noexcept || 自我线程模块.impl.cpp:14788:    (void)私有_确保自我线程存在();"
"present"	"私有_从线程状态消息推断线程初始化参数"	"私有_从线程状态消息推断线程初始化参数"	"自我线程模块.impl.cpp:12336"	"2"	"结构_线程存在初始化参数 私有_从线程状态消息推断线程初始化参数( const 自我线程消息协议::结构_线程状态变化消息段& 消息段) noexcept"	"初始化相关对象、状态或运行上下文。"	""	"ClCompile"	"自我线程模块.impl.cpp:12577:结构_线程存在初始化参数 私有_从线程状态消息推断线程初始化参数( || 自我线程模块.impl.cpp:12648:    const auto 初始化参数 = 私有_从线程状态消息推断线程初始化参数(消息段);"
"present"	"私有_线程存在匹配线程状态消息"	"私有_线程存在匹配线程状态消息"	"自我线程模块.impl.cpp:12363"	"2"	"bool 私有_线程存在匹配线程状态消息( const 存在节点类* 线程存在, const 自我线程消息协议::结构_线程状态变化消息段& 消息段) noexcept"	"服务所在模块的内部辅助流程。"	""	"ClCompile"	"自我线程模块.impl.cpp:12608:bool 私有_线程存在匹配线程状态消息( || 自我线程模块.impl.cpp:12643:            && 私有_线程存在匹配线程状态消息(候选线程存在, 消息段)) {"
"present"	"私有_解析线程状态消息中的线程存在"	"私有_解析线程状态消息中的线程存在"	"自我线程模块.impl.cpp:12395"	"2"	"存在节点类* 私有_解析线程状态消息中的线程存在( const 自我线程消息协议::结构_线程状态变化消息段& 消息段) noexcept"	"解析输入文本、消息、场景或运行包。"	""	"ClCompile"	"自我线程模块.impl.cpp:12634:存在节点类* 私有_解析线程状态消息中的线程存在( || 自我线程模块.impl.cpp:12761:    auto* 线程存在 = 私有_解析线程状态消息中的线程存在("
"present"	"私有_任务管理结果存在未恢复关键中间状态_线程侧"	"私有_任务管理结果存在未恢复关键中间状态_线程侧"	"自我线程模块.impl.cpp:1242"	"2"	"bool 私有_任务管理结果存在未恢复关键中间状态_线程侧( const 结构_任务管理结果状态消息& 结果消息) noexcept"	"从任务结果状态判断关键中间状态是否仍未恢复。"	""	"ClCompile"	"自我线程模块.impl.cpp:1367:bool 私有_任务管理结果存在未恢复关键中间状态_线程侧( || 自我线程模块.impl.cpp:16539:                私有_任务管理结果存在未恢复关键中间状态_线程侧(结果消息);"
"present"	"私有_线程特征类型词"	"私有_线程特征类型词"	"自我线程模块.impl.cpp:12420"	"2"	"const 语素入口节点类* 私有_线程特征类型词( const 自我线程消息协议::枚举_特征类型 特征类型) noexcept"	"服务所在模块的内部辅助流程。"	""	"ClCompile"	"自我线程模块.impl.cpp:12659:const 语素入口节点类* 私有_线程特征类型词( || 自我线程模块.impl.cpp:12702:    const auto* 特征类型词 = 私有_线程特征类型词(特征类型);"
"present"	"私有_确保线程直属拥有者主键"	"私有_确保线程直属拥有者主键"	"自我线程模块.impl.cpp:12437"	"2"	"std::uint64_t 私有_确保线程直属拥有者主键( const 结构_线程存在初始化参数& 参数, 自我线程消息协议::枚举_存在类型* 输出拥有者类型) noexcept"	"确保目标结构、状态或前置条件存在并可用。"	""	"ClCompile"	"自我线程模块.impl.cpp:12676:std::uint64_t 私有_确保线程直属拥有者主键( || 自我线程模块.impl.cpp:13974:        消息段.直属拥有者主键 = 私有_确保线程直属拥有者主键("
"present"	"私有_确保线程特征节点"	"私有_确保线程特征节点"	"自我线程模块.impl.cpp:12459"	"2"	"特征节点类* 私有_确保线程特征节点( 存在节点类* 线程存在, const 自我线程消息协议::枚举_特征类型 特征类型) noexcept"	"确保目标结构、状态或前置条件存在并可用。"	""	"ClCompile"	"自我线程模块.impl.cpp:12698:特征节点类* 私有_确保线程特征节点( || 自我线程模块.impl.cpp:12767:    auto* 特征节点 = 私有_确保线程特征节点(线程存在, 消息段->状态特征类型);"
"present"	"私有_治理特征类型文本"	"私有_治理特征类型文本"	"自我线程模块.impl.cpp:12593"	"2"	"const char* 私有_治理特征类型文本( const 自我线程消息协议::枚举_特征类型 特征类型) noexcept"	"服务所在模块的内部辅助流程。"	""	"ClCompile"	"自我线程模块.impl.cpp:12832:const char* 私有_治理特征类型文本( || 自我线程模块.impl.cpp:12874:        私有_治理特征类型文本(特征类型),"
"present"	"私有_任务管理结果存在已恢复关键中间状态_线程侧"	"私有_任务管理结果存在已恢复关键中间状态_线程侧"	"自我线程模块.impl.cpp:1261"	"2"	"bool 私有_任务管理结果存在已恢复关键中间状态_线程侧( const 结构_任务管理结果状态消息& 结果消息) noexcept"	"从任务结果状态判断关键中间状态是否已经恢复。"	""	"ClCompile"	"自我线程模块.impl.cpp:1386:bool 私有_任务管理结果存在已恢复关键中间状态_线程侧( || 自我线程模块.impl.cpp:16541:                私有_任务管理结果存在已恢复关键中间状态_线程侧(结果消息);"
"present"	"私有_治理存在类型词"	"私有_治理存在类型词"	"自我线程模块.impl.cpp:12619"	"2"	"const 语素入口节点类* 私有_治理存在类型词( const 自我线程消息协议::枚举_存在类型 类型) noexcept"	"服务所在模块的内部辅助流程。"	""	"ClCompile"	"自我线程模块.impl.cpp:12858:const 语素入口节点类* 私有_治理存在类型词( || 自我线程模块.impl.cpp:12904:    const auto* 类型词 = 私有_治理存在类型词(主体类型);"
"present"	"私有_写入治理特征值"	"私有_写入治理特征值"	"自我线程模块.impl.cpp:12698"	"2"	"bool 私有_写入治理特征值( 特征节点类* 特征节点, const 特征值& 值, const 时间戳 now) noexcept"	"把处理结果写入指定对象、场景或日志。"	""	"ClCompile"	"自我线程模块.impl.cpp:12937:bool 私有_写入治理特征值( || 自我线程模块.impl.cpp:13075:    if (!私有_写入治理特征值(特征节点, 新值, now)) {"
"present"	"私有_输出自我治理动作动态"	"私有_输出自我治理动作动态"	"自我线程模块.impl.cpp:12758"	"2"	"动态节点类* 私有_输出自我治理动作动态( 场景节点类* 自我内部世界, 存在节点类* 主体存在, 特征节点类* 特征节点, 状态节点类* 旧状态节点, 状态节点类* 新状态节点, const std::string& 动作语义键, const bool 来源成功, const 时间戳 now) noexcept"	"需求 / 自我治理域动作动态生成点： 自我线程真实提交治理镜像特征后，用本函数把该特征的旧状态 -> 新状态 落成治理动作..."	""	"ClCompile"	"自我线程模块.impl.cpp:12997:动态节点类* 私有_输出自我治理动作动态( || 自我线程模块.impl.cpp:13110:    return 私有_输出自我治理动作动态("
"present"	"私有_评估服务价值结算证据_线程侧"	"私有_评估服务价值结算证据_线程侧"	"自我线程模块.impl.cpp:1285"	"2"	"结构_线程服务价值结算证据摘要 私有_评估服务价值结算证据_线程侧( const 结构_叶子任务正式结算证据& 正式结算证据)"	"评估状态、风险、质量、权重或完成度。"	""	"ClCompile"	"自我线程模块.impl.cpp:1398:结构_线程服务价值结算证据摘要 私有_评估服务价值结算证据_线程侧( || 自我线程模块.impl.cpp:2255:        服务证据摘要 = 私有_评估服务价值结算证据_线程侧("
"present"	"私有_落任务管理派生需求到自我内部世界"	"私有_落任务管理派生需求到自我内部世界"	"自我线程模块.impl.cpp:12918"	"2"	"bool 私有_落任务管理派生需求到自我内部世界( const 自我线程消息协议::结构_治理消息& 消息) noexcept"	"服务所在模块的内部辅助流程。"	""	"ClCompile"	"自我线程模块.impl.cpp:13157:bool 私有_落任务管理派生需求到自我内部世界( || 自我线程模块.impl.cpp:15752:            已落账 = 私有_落任务管理派生需求到自我内部世界("
"present"	"私有_目标存在跟踪状态特征_线程侧"	"私有_目标存在跟踪状态特征_线程侧"	"自我线程模块.impl.cpp:12954"	"2"	"const 语素入口节点类* 私有_目标存在跟踪状态特征_线程侧() noexcept"	"执行跟踪相关定位、匹配或结果输出逻辑。"	""	"ClCompile"	"自我线程模块.impl.cpp:13193:const 语素入口节点类* 私有_目标存在跟踪状态特征_线程侧() noexcept || 自我线程模块.impl.cpp:13445:    const auto* 目标特征 = 私有_目标存在跟踪状态特征_线程侧();"
"present"	"私有_确保扫描入账子需求_线程侧"	"私有_确保扫描入账子需求_线程侧"	"自我线程模块.impl.cpp:13067"	"2"	"需求节点* 私有_确保扫描入账子需求_线程侧( 自我类& 自我对象, 需求节点* 父需求, 存在节点类* 目标存在, const 语素入口节点类* 目标特征, I64 当前值, 时间戳 now) noexcept"	"确保目标结构、状态或前置条件存在并可用。"	""	"ClCompile"	"自我线程模块.impl.cpp:13306:需求节点* 私有_确保扫描入账子需求_线程侧( || 自我线程模块.impl.cpp:13398:    auto* 扫描需求 = 私有_确保扫描入账子需求_线程侧("
"present"	"私有_确保跟踪状态子需求_线程侧"	"私有_确保跟踪状态子需求_线程侧"	"自我线程模块.impl.cpp:13086"	"2"	"需求节点* 私有_确保跟踪状态子需求_线程侧( 自我类& 自我对象, 需求节点* 父需求, 存在节点类* 目标存在, const 语素入口节点类* 目标特征, I64 当前值, 时间戳 now) noexcept"	"确保目标结构、状态或前置条件存在并可用。"	""	"ClCompile"	"自我线程模块.impl.cpp:13325:需求节点* 私有_确保跟踪状态子需求_线程侧( || 自我线程模块.impl.cpp:13458:    auto* 跟踪需求 = 私有_确保跟踪状态子需求_线程侧("
"present"	"私有_扫描材料承接后确保6146任务主体_线程侧"	"私有_扫描材料承接后确保6146任务主体_线程侧"	"自我线程模块.impl.cpp:13105"	"2"	"bool 私有_扫描材料承接后确保6146任务主体_线程侧( const 结构_任务管理观察事实承接请求& 请求, const 结构_外设观察报告队列项* 报告, bool 承接成功, bool 报告可回查, 时间戳 now) noexcept"	"确保目标结构、状态或前置条件存在并可用。"	""	"ClCompile"	"自我线程模块.impl.cpp:13344:bool 私有_扫描材料承接后确保6146任务主体_线程侧( || 自我线程模块.impl.cpp:13819:    (void)私有_扫描材料承接后确保6146任务主体_线程侧("
"present"	"私有_扫描材料承接后确保6147任务主体_线程侧"	"私有_扫描材料承接后确保6147任务主体_线程侧"	"自我线程模块.impl.cpp:13186"	"2"	"bool 私有_扫描材料承接后确保6147任务主体_线程侧( const 结构_任务管理观察事实承接请求& 请求, const 结构_外设观察报告队列项* 报告, bool 承接成功, bool 报告可回查, 时间戳 now) noexcept"	"确保目标结构、状态或前置条件存在并可用。"	""	"ClCompile"	"自我线程模块.impl.cpp:13425:bool 私有_扫描材料承接后确保6147任务主体_线程侧( || 自我线程模块.impl.cpp:13825:    (void)私有_扫描材料承接后确保6147任务主体_线程侧("
"present"	"私有_审批任务执行前许可请求_线程侧"	"私有_审批任务执行前许可请求_线程侧"	"自我线程模块.impl.cpp:13243"	"2"	"bool 私有_审批任务执行前许可请求_线程侧( const 自我线程消息协议::结构_治理消息& 消息) noexcept"	"执行任务、方法或动作的主体逻辑。"	""	"ClCompile"	"自我线程模块.impl.cpp:13482:bool 私有_审批任务执行前许可请求_线程侧( || 自我线程模块.impl.cpp:15756:            已落账 = 私有_审批任务执行前许可请求_线程侧("
"present"	"私有_落任务管理观察事实承接请求到自我内部世界"	"私有_落任务管理观察事实承接请求到自我内部世界"	"自我线程模块.impl.cpp:13284"	"2"	"bool 私有_落任务管理观察事实承接请求到自我内部世界( const 自我线程消息协议::结构_治理消息& 消息) noexcept"	"服务所在模块的内部辅助流程。"	""	"ClCompile"	"自我线程模块.impl.cpp:13523:bool 私有_落任务管理观察事实承接请求到自我内部世界( || 自我线程模块.impl.cpp:15760:            已落账 = 私有_落任务管理观察事实承接请求到自我内部世界("
"present"	"私有_写入G0线程侧证据材料"	"私有_写入G0线程侧证据材料"	"自我线程模块.impl.cpp:1329"	"2"	"bool 私有_写入G0线程侧证据材料( 存在节点类* G0治理视图, const 结构_叶子任务正式结算证据& 正式结算证据, const 结构_线程服务价值结算证据摘要* 服务证据摘要, 时间戳 now) noexcept"	"把处理结果写入指定对象、场景或日志。"	""	"ClCompile"	"自我线程模块.impl.cpp:1417:bool 私有_写入G0线程侧证据材料( || 自我线程模块.impl.cpp:1526:        私有_写入G0线程侧证据材料("
"present"	"私有_落自检报告到自我内部世界"	"私有_落自检报告到自我内部世界"	"自我线程模块.impl.cpp:13614"	"2"	"bool 私有_落自检报告到自我内部世界( const 自我线程消息协议::结构_治理消息& 消息) noexcept"	"服务所在模块的内部辅助流程。"	""	"ClCompile"	"自我线程模块.impl.cpp:13853:bool 私有_落自检报告到自我内部世界( || 自我线程模块.impl.cpp:15765:            已落账 = 私有_落自检报告到自我内部世界(消息);"
"present"	"私有_落任务管理结果到自我内部世界"	"私有_落任务管理结果到自我内部世界"	"自我线程模块.impl.cpp:13651"	"2"	"bool 私有_落任务管理结果到自我内部世界( const 自我线程消息协议::结构_治理消息& 消息) noexcept"	"服务所在模块的内部辅助流程。"	""	"ClCompile"	"自我线程模块.impl.cpp:13890:bool 私有_落任务管理结果到自我内部世界( || 自我线程模块.impl.cpp:15768:            已落账 = 私有_落任务管理结果到自我内部世界("
"present"	"私有_治理消息处理类型文本"	"私有_治理消息处理类型文本"	"自我线程模块.impl.cpp:13779"	"2"	"const char* 私有_治理消息处理类型文本( 自我线程消息协议::枚举_消息处理类型 处理类型) noexcept"	"服务所在模块的内部辅助流程。"	""	"ClCompile"	"自我线程模块.impl.cpp:14016:const char* 私有_治理消息处理类型文本( || 自我线程模块.impl.cpp:15175:        输出 << 私有_治理消息处理类型文本(副本.头.处理类型) << ""入队"";"
"present"	"私有_任务管理去向文本"	"私有_任务管理去向文本"	"自我线程模块.impl.cpp:13802"	"2"	"const char* 私有_任务管理去向文本(枚举_任务管理下一步去向 去向) noexcept"	"服务所在模块的内部辅助流程。"	""	"ClCompile"	"自我线程模块.impl.cpp:14039:const char* 私有_任务管理去向文本(枚举_任务管理下一步去向 去向) noexcept || 自我线程模块.impl.cpp:17287:            私有_任务管理去向文本(承接结果.下一步去向);"
"present"	"私有_提取并上报任务管理上行消息_线程侧"	"私有_提取并上报任务管理上行消息_线程侧"	"自我线程模块.impl.cpp:13816"	"2"	"std::size_t 私有_提取并上报任务管理上行消息_线程侧(const char* 来源) noexcept"	"服务所在模块的内部辅助流程。"	""	"ClCompile"	"自我线程模块.impl.cpp:14053:std::size_t 私有_提取并上报任务管理上行消息_线程侧(const char* 来源) noexcept || 自我线程模块.impl.cpp:15649:        const auto 上行数 = 私有_提取并上报任务管理上行消息_线程侧(""任务管理后台巡检后"");"
"present"	"私有_生成成功服务G0候选_线程侧"	"私有_生成成功服务G0候选_线程侧"	"自我线程模块.impl.cpp:1383"	"2"	"结构_线程成功服务G0候选结果 私有_生成成功服务G0候选_线程侧( 任务节点* 任务头, 需求节点* 来源需求, const 结构_叶子任务正式结算证据& 正式结算证据, const 结构_线程服务价值结算证据摘要* 服务证据摘要, I64 服务完成度百万分比, I64 标准服务单位, 动态节点类* D1任务状态动作动态, const std::string& 非重复去重键, 时间戳 now) noexcept"	"根据当前输入生成目标数据、场景、动态或回执。"	""	"ClCompile"	"自我线程模块.impl.cpp:1471:结构_线程成功服务G0候选结果 私有_生成成功服务G0候选_线程侧( || 自我线程模块.impl.cpp:2365:        G0候选结果 = 私有_生成成功服务G0候选_线程侧("
"present"	"私有_归并治理消息并对账"	"私有_归并治理消息并对账"	"自我线程模块.impl.cpp:13837"	"2"	"bool 私有_归并治理消息并对账( std::unordered_map<std::string, 自我线程消息协议::结构_执行尝试汇总>* 执行尝试汇总表, 自我线程消息协议::结构_治理消息* 消息, bool& 命中执行尝试闭环)"	"服务所在模块的内部辅助流程。"	""	"ClCompile"	"自我线程模块.impl.cpp:14074:bool 私有_归并治理消息并对账( || 自我线程模块.impl.cpp:15737:        const bool 允许继续落账 = 私有_归并治理消息并对账("
"present"	"私有_是任务管理成功结果消息"	"私有_是任务管理成功结果消息"	"自我线程模块.impl.cpp:13927"	"2"	"bool 私有_是任务管理成功结果消息( const 自我线程消息协议::结构_治理消息& 消息) noexcept"	"服务所在模块的内部辅助流程。"	""	"ClCompile"	"自我线程模块.impl.cpp:14164:bool 私有_是任务管理成功结果消息( || 自我线程模块.impl.cpp:14232:        if (!私有_是任务管理成功结果消息(*it)) {"
"present"	"私有_冻结消息批次_限制观察承接"	"私有_冻结消息批次_限制观察承接"	"自我线程模块.impl.cpp:14032"	"2"	"bool 私有_冻结消息批次_限制观察承接( std::deque<自我线程消息协议::结构_治理消息>* 活邮箱, std::deque<自我线程消息协议::结构_治理消息>* 冻结批次, std::size_t 最大观察承接数量)"	"服务所在模块的内部辅助流程。"	""	"ClCompile"	"自我线程模块.impl.cpp:14269:bool 私有_冻结消息批次_限制观察承接( || 自我线程模块.impl.cpp:15683:            私有_冻结消息批次_限制观察承接("
"present"	"私有_读取场景最新动态V1摘要"	"私有_读取场景最新动态V1摘要"	"自我线程模块.impl.cpp:14170"	"2"	"结构_动态V1摘要 私有_读取场景最新动态V1摘要( 场景节点类* 场景, const 基础信息节点类* 主体) noexcept"	"从指定来源读取数据或状态。"	""	"ClCompile"	"自我线程模块.impl.cpp:14397:结构_动态V1摘要 私有_读取场景最新动态V1摘要( || 自我线程模块.impl.cpp:16542:            const auto V1摘要 = 私有_读取场景最新动态V1摘要(自我内部世界, 主体);"
"present"	"私有_运行摘要"	"私有_运行摘要"	"自我线程模块.impl.cpp:14373"	"2"	"std::string 私有_运行摘要(const 自我线程类::结构_循环结果& 结果)"	"执行对应模块、线程或方法的运行逻辑。"	""	"ClCompile"	"自我线程模块.impl.cpp:14616:std::string 私有_运行摘要(const 自我线程类::结构_循环结果& 结果) || 自我线程模块.impl.cpp:15462:            const auto 摘要 = 私有_运行摘要(结果);"
"present"	"自我线程类::~自我线程类"	"~自我线程类"	"自我线程模块.impl.cpp:14384"	"2"	"自我线程类::~自我线程类()"	"释放或收束对象资源。"	"ctor_dtor"	"ClCompile"	"自我线程模块.ixx:474:    ~自我线程类(); || 自我线程模块.impl.cpp:14627:自我线程类::~自我线程类()"
"present"	"自我线程类::尝试抢占落账观察事实承接"	"尝试抢占落账观察事实承接"	"自我线程模块.impl.cpp:15602"	"2"	"bool 自我线程类::尝试抢占落账观察事实承接( const char* 来源, 时间戳 now, std::size_t 最大承接数量)"	"按函数名执行对应处理。"	""	"ClCompile"	"自我线程模块.impl.cpp:15829:bool 自我线程类::尝试抢占落账观察事实承接( || 自我线程模块.ixx:525:    bool 尝试抢占落账观察事实承接("
"present"	"私有_读取成功服务候选标准服务单位_线程侧"	"私有_读取成功服务候选标准服务单位_线程侧"	"自我线程模块.impl.cpp:1687"	"2"	"I64 私有_读取成功服务候选标准服务单位_线程侧( 存在节点类* G0治理视图, 存在节点类* 候选记录) noexcept"	"从指定来源读取数据或状态。"	""	"ClCompile"	"自我线程模块.impl.cpp:1780:I64 私有_读取成功服务候选标准服务单位_线程侧( || 自我线程模块.impl.cpp:1912:                私有_读取成功服务候选标准服务单位_线程侧(G0治理视图, 候选记录);"
"present"	"私有_成功服务候选已结算_线程侧"	"私有_成功服务候选已结算_线程侧"	"自我线程模块.impl.cpp:1731"	"2"	"bool 私有_成功服务候选已结算_线程侧(存在节点类* 候选记录) noexcept"	"结算任务、需求、价值或结果贡献。"	""	"ClCompile"	"自我线程模块.impl.cpp:1824:bool 私有_成功服务候选已结算_线程侧(存在节点类* 候选记录) noexcept || 自我线程模块.impl.cpp:1904:            if (!候选记录 || 私有_成功服务候选已结算_线程侧(候选记录)) {"
"present"	"私有_读取任务成功服务候选池_线程侧"	"私有_读取任务成功服务候选池_线程侧"	"自我线程模块.impl.cpp:1745"	"2"	"存在节点类* 私有_读取任务成功服务候选池_线程侧(任务节点* 任务头) noexcept"	"从指定来源读取数据或状态。"	""	"ClCompile"	"自我线程模块.impl.cpp:1838:存在节点类* 私有_读取任务成功服务候选池_线程侧(任务节点* 任务头) noexcept || 自我线程模块.impl.cpp:1895:        auto* 候选池 = 私有_读取任务成功服务候选池_线程侧(任务头);"
"present"	"私有_收集当前任务树头任务_线程侧"	"私有_收集当前任务树头任务_线程侧"	"自我线程模块.impl.cpp:1762"	"2"	"std::vector<任务节点*> 私有_收集当前任务树头任务_线程侧( const 自我类& 自我对象, std::size_t 上限) noexcept"	"服务所在模块的内部辅助流程。"	""	"ClCompile"	"自我线程模块.impl.cpp:1855:std::vector<任务节点*> 私有_收集当前任务树头任务_线程侧( || 自我线程模块.impl.cpp:1889:    auto 任务集 = 私有_收集当前任务树头任务_线程侧(自我对象, 128);"
"present"	"私有_复核成功服务候选池_线程侧"	"私有_复核成功服务候选池_线程侧"	"自我线程模块.impl.cpp:1791"	"2"	"void 私有_复核成功服务候选池_线程侧( 自我类& 自我对象, 时间戳 now, 结构_线程服务治理维护结果& 结果) noexcept"	"服务所在模块的内部辅助流程。"	""	"ClCompile"	"自我线程模块.impl.cpp:1884:void 私有_复核成功服务候选池_线程侧( || 自我线程模块.impl.cpp:1965:        私有_复核成功服务候选池_线程侧(自我对象, now, 结果);"
"present"	"私有_执行服务治理周期维护_线程侧"	"私有_执行服务治理周期维护_线程侧"	"自我线程模块.impl.cpp:1860"	"2"	"结构_线程服务治理维护结果 私有_执行服务治理周期维护_线程侧( 自我类& 自我对象, 时间戳 now, std::uint64_t 当前Tick) noexcept"	"执行任务、方法或动作的主体逻辑。"	""	"ClCompile"	"自我线程模块.impl.cpp:1953:结构_线程服务治理维护结果 私有_执行服务治理周期维护_线程侧( || 自我线程模块.impl.cpp:15663:    (void)私有_执行服务治理周期维护_线程侧(自我, now, Tick计数_);"
"present"	"私有_根必要条件目标方法ID_线程侧"	"私有_根必要条件目标方法ID_线程侧"	"自我线程模块.impl.cpp:2553"	"2"	"枚举_本能方法ID 私有_根必要条件目标方法ID_线程侧( const 结构_根特征必要条件定义_线程侧& 条件) noexcept"	"服务所在模块的内部辅助流程。"	""	"ClCompile"	"自我线程模块.impl.cpp:2676:枚举_本能方法ID 私有_根必要条件目标方法ID_线程侧( || 自我线程模块.impl.cpp:11025:        const auto 方法ID = 私有_根必要条件目标方法ID_线程侧(条件);"
"present"	"私有_从状态引用解析状态节点"	"私有_从状态引用解析状态节点"	"自我线程模块.impl.cpp:2713"	"2"	"状态节点类* 私有_从状态引用解析状态节点( const 可解析引用<状态节点类>& 引用) noexcept"	"解析输入文本、消息、场景或运行包。"	""	"ClCompile"	"自我线程模块.impl.cpp:2836:状态节点类* 私有_从状态引用解析状态节点( || 自我线程模块.impl.cpp:3360:            ? 私有_从状态引用解析状态节点(D0主信息->结果状态)"
"present"	"私有_状态特征主信息_线程侧"	"私有_状态特征主信息_线程侧"	"自我线程模块.impl.cpp:2725"	"2"	"const 特征节点主信息类* 私有_状态特征主信息_线程侧(const 状态节点类* 状态节点) noexcept"	"服务所在模块的内部辅助流程。"	""	"ClCompile"	"自我线程模块.impl.cpp:2848:const 特征节点主信息类* 私有_状态特征主信息_线程侧(const 状态节点类* 状态节点) noexcept || 自我线程模块.impl.cpp:2882:    const auto* 特征主信息 = 私有_状态特征主信息_线程侧(状态节点);"
"present"	"私有_状态语义相同_线程侧"	"私有_状态语义相同_线程侧"	"自我线程模块.impl.cpp:2780"	"2"	"bool 私有_状态语义相同_线程侧( const 状态节点类* 左, const 状态节点类* 右) noexcept"	"服务所在模块的内部辅助流程。"	""	"ClCompile"	"自我线程模块.impl.cpp:2903:bool 私有_状态语义相同_线程侧( || 自我线程模块.impl.cpp:9853:            if (!私有_状态语义相同_线程侧(当前目标状态, 派生目标状态)) {"
"present"	"私有_从场景查找目标实际状态_线程侧"	"私有_从场景查找目标实际状态_线程侧"	"自我线程模块.impl.cpp:3046"	"2"	"状态节点类* 私有_从场景查找目标实际状态_线程侧( 场景节点类* 输出结果场景, 基础信息节点类* 目标宿主, 特征节点类* 目标特征类型) noexcept"	"按条件查找目标对象、方法或事实。"	""	"ClCompile"	"自我线程模块.impl.cpp:3201:状态节点类* 私有_从场景查找目标实际状态_线程侧( || 自我线程模块.impl.cpp:3375:        证据.actual状态 = 私有_从场景查找目标实际状态_线程侧("
"present"	"私有_获取当前主需求_线程侧"	"私有_获取当前主需求_线程侧"	"自我线程模块.impl.cpp:3358"	"2"	"需求节点* 私有_获取当前主需求_线程侧(const 自我类& 自我对象) noexcept"	"读取并返回指定对象、状态或运行材料。"	""	"ClCompile"	"自我线程模块.impl.cpp:3530:需求节点* 私有_获取当前主需求_线程侧(const 自我类& 自我对象) noexcept || 自我线程模块.impl.cpp:17040:        当前主需求 = 私有_获取当前主需求_线程侧(自我);"
"present"	"私有_校验需求节点属于当前需求树"	"私有_校验需求节点属于当前需求树"	"自我线程模块.impl.cpp:3365"	"2"	"需求节点* 私有_校验需求节点属于当前需求树( const 自我类& 自我对象, 需求节点* 候选节点) noexcept"	"服务所在模块的内部辅助流程。"	""	"ClCompile"	"自我线程模块.impl.cpp:3537:需求节点* 私有_校验需求节点属于当前需求树( || 自我线程模块.impl.cpp:12293:    if (!私有_校验需求节点属于当前需求树("
"present"	"私有_获取当前主任务_线程侧"	"私有_获取当前主任务_线程侧"	"自我线程模块.impl.cpp:3374"	"2"	"任务节点* 私有_获取当前主任务_线程侧(const 自我类& 自我对象) noexcept"	"读取并返回指定对象、状态或运行材料。"	""	"ClCompile"	"自我线程模块.impl.cpp:3546:任务节点* 私有_获取当前主任务_线程侧(const 自我类& 自我对象) noexcept || 自我线程模块.impl.cpp:14656:        if (!私有_获取当前主任务_线程侧(自我)) {"
"present"	"私有_确保任务承接权重已固化_线程侧"	"私有_确保任务承接权重已固化_线程侧"	"自我线程模块.impl.cpp:3623"	"2"	"bool 私有_确保任务承接权重已固化_线程侧( 需求节点* 来源需求, 任务节点* 任务头, 时间戳 now) noexcept"	"确保目标结构、状态或前置条件存在并可用。"	""	"ClCompile"	"自我线程模块.impl.cpp:3795:bool 私有_确保任务承接权重已固化_线程侧( || 自我线程模块.impl.cpp:4503:    (void)私有_确保任务承接权重已固化_线程侧(来源需求, 任务头, now);"
"present"	"私有_风险安全因素兄弟入账掩码_线程侧"	"私有_风险安全因素兄弟入账掩码_线程侧"	"自我线程模块.impl.cpp:4027"	"2"	"I64 私有_风险安全因素兄弟入账掩码_线程侧(基础信息节点类* 层宿主) noexcept"	"服务所在模块的内部辅助流程。"	""	"ClCompile"	"自我线程模块.impl.cpp:4196:I64 私有_风险安全因素兄弟入账掩码_线程侧(基础信息节点类* 层宿主) noexcept || 自我线程模块.impl.cpp:4250:            const I64 分数 = 私有_风险安全因素兄弟入账掩码_线程侧(层宿主)"
"present"	"私有_查找风险安全场景影响因素宿主_线程侧"	"私有_查找风险安全场景影响因素宿主_线程侧"	"自我线程模块.impl.cpp:4060"	"2"	"基础信息节点类* 私有_查找风险安全场景影响因素宿主_线程侧( 基础信息节点类* 搜索根) noexcept"	"按条件查找目标对象、方法或事实。"	""	"ClCompile"	"自我线程模块.impl.cpp:4229:基础信息节点类* 私有_查找风险安全场景影响因素宿主_线程侧( || 自我线程模块.impl.cpp:4291:    auto* 因素宿主 = 私有_查找风险安全场景影响因素宿主_线程侧(搜索根);"
"present"	"私有_根必要条件是间接服务维护字段_线程侧"	"私有_根必要条件是间接服务维护字段_线程侧"	"自我线程模块.impl.cpp:411"	"2"	"bool 私有_根必要条件是间接服务维护字段_线程侧( const 结构_根特征必要条件定义_线程侧& 条件) noexcept"	"服务所在模块的内部辅助流程。"	""	"ClCompile"	"自我线程模块.impl.cpp:407:bool 私有_根必要条件是间接服务维护字段_线程侧( || 自我线程模块.impl.cpp:10973:        信息位.间接服务维护字段 = 私有_根必要条件是间接服务维护字段_线程侧(条件);"
"present"	"私有_夹紧非负长双到I64_线程侧"	"私有_夹紧非负长双到I64_线程侧"	"自我线程模块.impl.cpp:4598"	"2"	"I64 私有_夹紧非负长双到I64_线程侧(const long double 值) noexcept"	"服务所在模块的内部辅助流程。"	""	"ClCompile"	"自我线程模块.impl.cpp:4795:I64 私有_夹紧非负长双到I64_线程侧(const long double 值) noexcept || 自我线程模块.impl.cpp:5167:    const I64 外溢量 = 私有_夹紧非负长双到I64_线程侧(-来源满足差);"
"present"	"私有_饱和加I64非负增量_线程侧"	"私有_饱和加I64非负增量_线程侧"	"自我线程模块.impl.cpp:4611"	"2"	"I64 私有_饱和加I64非负增量_线程侧(I64 左, I64 右) noexcept"	"服务所在模块的内部辅助流程。"	""	"ClCompile"	"自我线程模块.impl.cpp:4808:I64 私有_饱和加I64非负增量_线程侧(I64 左, I64 右) noexcept || 自我线程模块.impl.cpp:4993:    const I64 结果值 = 私有_饱和加I64非负增量_线程侧(当前值, 外溢量);"
"present"	"私有_按任务管理同口径计算完成度百万分比_线程侧"	"私有_按任务管理同口径计算完成度百万分比_线程侧"	"自我线程模块.impl.cpp:4628"	"2"	"I64 私有_按任务管理同口径计算完成度百万分比_线程侧( 状态节点类* 实际状态, 状态节点类* 目标状态, 状态节点类* 之前状态, 三向关系掩码 满足关系, bool 目标已达成) noexcept"	"计算权重、状态、差值或派生结果。"	""	"ClCompile"	"自我线程模块.impl.cpp:4825:I64 私有_按任务管理同口径计算完成度百万分比_线程侧( || 自我线程模块.impl.cpp:5297:            私有_按任务管理同口径计算完成度百万分比_线程侧("
"present"	"私有_抽象根特征定义读取状态文本_线程侧"	"私有_抽象根特征定义读取状态文本_线程侧"	"自我线程模块.impl.cpp:463"	"2"	"const char* 私有_抽象根特征定义读取状态文本_线程侧( const 枚举_抽象根特征定义读取状态_线程侧 状态) noexcept"	"从指定来源读取数据或状态。"	""	"ClCompile"	"自我线程模块.impl.cpp:459:const char* 私有_抽象根特征定义读取状态文本_线程侧( || 自我线程模块.impl.cpp:658:        << "" | 状态="" << 私有_抽象根特征定义读取状态文本_线程侧(定义.读取状态)"
"present"	"私有_横向候选任务排序评分_线程侧"	"私有_横向候选任务排序评分_线程侧"	"自我线程模块.impl.cpp:4699"	"2"	"I64 私有_横向候选任务排序评分_线程侧(const 任务节点* 任务头) noexcept"	"服务所在模块的内部辅助流程。"	""	"ClCompile"	"自我线程模块.impl.cpp:4901:I64 私有_横向候选任务排序评分_线程侧(const 任务节点* 任务头) noexcept || 自我线程模块.impl.cpp:5256:                候选.排序评分 = 私有_横向候选任务排序评分_线程侧(候选任务);"
"present"	"私有_任务状态可进入横向结算_线程侧"	"私有_任务状态可进入横向结算_线程侧"	"自我线程模块.impl.cpp:4709"	"2"	"bool 私有_任务状态可进入横向结算_线程侧(const 任务节点* 任务头) noexcept"	"结算任务、需求、价值或结果贡献。"	""	"ClCompile"	"自我线程模块.impl.cpp:4911:bool 私有_任务状态可进入横向结算_线程侧(const 任务节点* 任务头) noexcept || 自我线程模块.impl.cpp:5234:                if (!私有_任务状态可进入横向结算_线程侧(候选任务)) {"
"present"	"私有_来源实际结果可投向候选需求_线程侧"	"私有_来源实际结果可投向候选需求_线程侧"	"自我线程模块.impl.cpp:4717"	"2"	"bool 私有_来源实际结果可投向候选需求_线程侧( 需求节点* 候选需求, const 结构_叶子任务正式结算证据& 来源证据) noexcept"	"服务所在模块的内部辅助流程。"	""	"ClCompile"	"自我线程模块.impl.cpp:4919:bool 私有_来源实际结果可投向候选需求_线程侧( || 自我线程模块.impl.cpp:5198:                || !私有_来源实际结果可投向候选需求_线程侧(候选需求, 来源证据)) {"
"present"	"私有_横向候选数值拒绝原因文本_线程侧"	"私有_横向候选数值拒绝原因文本_线程侧"	"自我线程模块.impl.cpp:4751"	"2"	"const char* 私有_横向候选数值拒绝原因文本_线程侧( const 枚举_横向候选数值拒绝原因_线程侧 原因) noexcept"	"把横向候选数值拒绝原因转换为日志文本。"	""	"ClCompile"	"自我线程模块.impl.cpp:4953:const char* 私有_横向候选数值拒绝原因文本_线程侧( || 自我线程模块.impl.cpp:5216:                    + "" | 原因="" + 私有_横向候选数值拒绝原因文本_线程侧(数值拒绝原因));"
"present"	"私有_填充横向候选数值_线程侧"	"私有_填充横向候选数值_线程侧"	"自我线程模块.impl.cpp:4768"	"2"	"bool 私有_填充横向候选数值_线程侧( 需求节点* 候选需求, I64 外溢量, 结构_横向结算候选_线程侧& 候选, 枚举_横向候选数值拒绝原因_线程侧& 拒绝原因) noexcept"	"服务所在模块的内部辅助流程。"	""	"ClCompile"	"自我线程模块.impl.cpp:4970:bool 私有_填充横向候选数值_线程侧( || 自我线程模块.impl.cpp:5205:            if (!私有_填充横向候选数值_线程侧("
"present"	"私有_构造横向候选正式结算证据_线程侧"	"私有_构造横向候选正式结算证据_线程侧"	"自我线程模块.impl.cpp:4805"	"2"	"结构_叶子任务正式结算证据 私有_构造横向候选正式结算证据_线程侧( 自我类& 自我对象, const 结构_横向结算候选_线程侧& 候选, const 结构_叶子任务正式结算证据& 来源证据, 动态节点类* 来源任务动态, 时间戳 now) noexcept"	"结算任务、需求、价值或结果贡献。"	""	"ClCompile"	"自我线程模块.impl.cpp:5007:结构_叶子任务正式结算证据 私有_构造横向候选正式结算证据_线程侧( || 自我线程模块.impl.cpp:5281:        auto 候选证据 = 私有_构造横向候选正式结算证据_线程侧("
"present"	"私有_需求相关任务已终结_线程侧"	"私有_需求相关任务已终结_线程侧"	"自我线程模块.impl.cpp:5278"	"2"	"bool 私有_需求相关任务已终结_线程侧(const 需求节点* 需求节点) noexcept"	"服务所在模块的内部辅助流程。"	""	"ClCompile"	"自我线程模块.impl.cpp:5487:bool 私有_需求相关任务已终结_线程侧(const 需求节点* 需求节点) noexcept || 自我线程模块.impl.cpp:6014:    return 私有_需求相关任务已终结_线程侧(需求节点);"
"present"	"私有_收束已完成叶需求_线程侧"	"私有_收束已完成叶需求_线程侧"	"自我线程模块.impl.cpp:5304"	"2"	"std::size_t 私有_收束已完成叶需求_线程侧( 自我类& 自我对象, 需求节点* 需求根节点, const 时间戳 now) noexcept"	"服务所在模块的内部辅助流程。"	""	"ClCompile"	"自我线程模块.impl.cpp:5513:std::size_t 私有_收束已完成叶需求_线程侧( || 自我线程模块.impl.cpp:12085:    (void)私有_收束已完成叶需求_线程侧("
"present"	"私有_回查父需求目标_任务管理新链"	"私有_回查父需求目标_任务管理新链"	"自我线程模块.impl.cpp:5564"	"2"	"结构_父需求目标回查结果_任务管理新链 私有_回查父需求目标_任务管理新链( const 需求节点* 子需求, const 需求节点* 父需求) noexcept"	"服务所在模块的内部辅助流程。"	""	"ClCompile"	"自我线程模块.impl.cpp:5779:结构_父需求目标回查结果_任务管理新链 私有_回查父需求目标_任务管理新链( || 自我线程模块.impl.cpp:6036:    const auto 父需求回查 = 私有_回查父需求目标_任务管理新链(需求节点, 父需求);"
"present"	"私有_需求可提交活动任务化意图_线程侧"	"私有_需求可提交活动任务化意图_线程侧"	"自我线程模块.impl.cpp:5691"	"2"	"bool 私有_需求可提交活动任务化意图_线程侧( const 需求节点* 需求节点) noexcept"	"提交事实、动态、任务状态或运行回执。"	""	"ClCompile"	"自我线程模块.impl.cpp:5906:bool 私有_需求可提交活动任务化意图_线程侧( || 自我线程模块.impl.cpp:8225:            if (!私有_需求可提交活动任务化意图_线程侧(需求节点)) {"
"present"	"私有_选择活动叶子需求_任务管理新链"	"私有_选择活动叶子需求_任务管理新链"	"自我线程模块.impl.cpp:5736"	"2"	"需求节点* 私有_选择活动叶子需求_任务管理新链( 需求节点* 起点需求, const bool 服务优先) noexcept"	"从候选集中选择当前使用对象或方法。"	""	"ClCompile"	"自我线程模块.impl.cpp:5951:需求节点* 私有_选择活动叶子需求_任务管理新链( || 自我线程模块.impl.cpp:5989:        if (auto* 更深叶子需求 = 私有_选择活动叶子需求_任务管理新链("
"present"	"私有_派生需求已满足或已调度_任务管理新链"	"私有_派生需求已满足或已调度_任务管理新链"	"自我线程模块.impl.cpp:5788"	"2"	"bool 私有_派生需求已满足或已调度_任务管理新链(需求节点* 需求节点) noexcept"	"服务所在模块的内部辅助流程。"	""	"ClCompile"	"自我线程模块.impl.cpp:6003:bool 私有_派生需求已满足或已调度_任务管理新链(需求节点* 需求节点) noexcept || 自我线程模块.impl.cpp:6026:    if (!私有_派生需求已满足或已调度_任务管理新链(需求节点)) {"
"present"	"私有_安全风险树节点类型词_线程侧"	"私有_安全风险树节点类型词_线程侧"	"自我线程模块.impl.cpp:6000"	"2"	"const 语素入口节点类* 私有_安全风险树节点类型词_线程侧() noexcept"	"服务所在模块的内部辅助流程。"	""	"ClCompile"	"自我线程模块.impl.cpp:6215:const 语素入口节点类* 私有_安全风险树节点类型词_线程侧() noexcept || 自我线程模块.impl.cpp:6781:        私有_安全风险树节点类型词_线程侧(),"
"present"	"私有_基础主键_线程侧"	"私有_基础主键_线程侧"	"自我线程模块.impl.cpp:6008"	"2"	"std::string 私有_基础主键_线程侧(const 基础信息节点类* 节点)"	"服务所在模块的内部辅助流程。"	""	"ClCompile"	"自我线程模块.impl.cpp:6223:std::string 私有_基础主键_线程侧(const 基础信息节点类* 节点) || 自我线程模块.impl.cpp:6892:    消息.需求目标主体主键 = 私有_基础主键_线程侧(目标主体);"
"present"	"私有_入口主键_线程侧"	"私有_入口主键_线程侧"	"自我线程模块.impl.cpp:6014"	"2"	"std::string 私有_入口主键_线程侧(const 语素入口节点类* 入口)"	"服务所在模块的内部辅助流程。"	""	"ClCompile"	"自我线程模块.impl.cpp:6229:std::string 私有_入口主键_线程侧(const 语素入口节点类* 入口) || 自我线程模块.impl.cpp:6890:    消息.需求特征类型主键 = 私有_入口主键_线程侧(目标特征);"
"present"	"私有_计算安全因果风险树输入版本_线程侧"	"私有_计算安全因果风险树输入版本_线程侧"	"自我线程模块.impl.cpp:6026"	"2"	"I64 私有_计算安全因果风险树输入版本_线程侧(因果节点类* 来源因果) noexcept"	"计算权重、状态、差值或派生结果。"	""	"ClCompile"	"自我线程模块.impl.cpp:6241:I64 私有_计算安全因果风险树输入版本_线程侧(因果节点类* 来源因果) noexcept || 自我线程模块.impl.cpp:7019:    const I64 输入版本 = 私有_计算安全因果风险树输入版本_线程侧(来源因果);"
"present"	"私有_安全因果风险树节点键_线程侧"	"私有_安全因果风险树节点键_线程侧"	"自我线程模块.impl.cpp:6035"	"2"	"I64 私有_安全因果风险树节点键_线程侧(I64 层级, I64 因素ID) noexcept"	"服务所在模块的内部辅助流程。"	""	"ClCompile"	"自我线程模块.impl.cpp:6250:I64 私有_安全因果风险树节点键_线程侧(I64 层级, I64 因素ID) noexcept || 自我线程模块.impl.cpp:6778:    const I64 节点键 = 私有_安全因果风险树节点键_线程侧(层级, 因素ID);"
"present"	"私有_计算因果层级权重_百万分比_线程侧"	"私有_计算因果层级权重_百万分比_线程侧"	"自我线程模块.impl.cpp:6048"	"2"	"I64 私有_计算因果层级权重_百万分比_线程侧(std::uint32_t 层级) noexcept"	"计算权重、状态、差值或派生结果。"	""	"ClCompile"	"自我线程模块.impl.cpp:6263:I64 私有_计算因果层级权重_百万分比_线程侧(std::uint32_t 层级) noexcept || 自我线程模块.impl.cpp:6899:    消息.层级权重 = 私有_计算因果层级权重_百万分比_线程侧(消息.贡献层级);"
"present"	"私有_推导需求根分区_线程侧"	"私有_推导需求根分区_线程侧"	"自我线程模块.impl.cpp:6064"	"2"	"I64 私有_推导需求根分区_线程侧(const 需求节点* 需求) noexcept"	"服务所在模块的内部辅助流程。"	""	"ClCompile"	"自我线程模块.impl.cpp:6279:I64 私有_推导需求根分区_线程侧(const 需求节点* 需求) noexcept || 自我线程模块.impl.cpp:7048:    const I64 根分区 = 私有_推导需求根分区_线程侧(来源需求);"
"present"	"私有_取或创建安全因果风险树因素节点_线程侧"	"私有_取或创建安全因果风险树因素节点_线程侧"	"自我线程模块.impl.cpp:6553"	"2"	"存在节点类* 私有_取或创建安全因果风险树因素节点_线程侧( 基础信息节点类* 父宿主, 因果节点类* 来源因果, I64 层级, I64 因素ID, 时间戳 now) noexcept"	"创建并返回或登记对应对象。"	""	"ClCompile"	"自我线程模块.impl.cpp:6255:存在节点类* 私有_取或创建安全因果风险树因素节点_线程侧( || 自我线程模块.impl.cpp:6768:存在节点类* 私有_取或创建安全因果风险树因素节点_线程侧("
"present"	"私有_抽象根特征定义摘要_线程侧"	"私有_抽象根特征定义摘要_线程侧"	"自我线程模块.impl.cpp:657"	"2"	"std::string 私有_抽象根特征定义摘要_线程侧(const 结构_抽象根特征定义_线程侧& 定义)"	"服务所在模块的内部辅助流程。"	""	"ClCompile"	"自我线程模块.impl.cpp:653:std::string 私有_抽象根特征定义摘要_线程侧(const 结构_抽象根特征定义_线程侧& 定义) || 自我线程模块.impl.cpp:671:    const auto 摘要 = 私有_抽象根特征定义摘要_线程侧(定义);"
"present"	"私有_安全风险树派生消息字段完整_线程侧"	"私有_安全风险树派生消息字段完整_线程侧"	"自我线程模块.impl.cpp:6629"	"2"	"bool 私有_安全风险树派生消息字段完整_线程侧( const 结构_任务管理派生需求消息& 消息) noexcept"	"服务所在模块的内部辅助流程。"	""	"ClCompile"	"自我线程模块.impl.cpp:6844:bool 私有_安全风险树派生消息字段完整_线程侧( || 自我线程模块.impl.cpp:6940:    if (私有_安全风险树派生消息字段完整_线程侧(消息)) {"
"present"	"私有_构造安全风险树缺口派生消息_线程侧"	"私有_构造安全风险树缺口派生消息_线程侧"	"自我线程模块.impl.cpp:6648"	"2"	"结构_任务管理派生需求消息 私有_构造安全风险树缺口派生消息_线程侧( const 任务节点* 任务头, const 需求节点* 来源需求, 因果节点类* 来源因果, 基础信息节点类* 目标主体, const 语素入口节点类* 目标特征, 状态节点类* 当前状态, 状态节点类* 目标状态, 时间戳 now) noexcept"	"服务所在模块的内部辅助流程。"	""	"ClCompile"	"自我线程模块.impl.cpp:6863:结构_任务管理派生需求消息 私有_构造安全风险树缺口派生消息_线程侧( || 自我线程模块.impl.cpp:6931:    auto 消息 = 私有_构造安全风险树缺口派生消息_线程侧("
"present"	"私有_维护安全因果风险树_线程侧"	"私有_维护安全因果风险树_线程侧"	"自我线程模块.impl.cpp:6731"	"2"	"结构_安全因果风险树线程维护结果 私有_维护安全因果风险树_线程侧( 自我类& 自我对象, 时间戳 now) noexcept"	"服务所在模块的内部辅助流程。"	""	"ClCompile"	"自我线程模块.impl.cpp:6946:结构_安全因果风险树线程维护结果 私有_维护安全因果风险树_线程侧( || 自我线程模块.impl.cpp:16842:        风险树维护结果 = 私有_维护安全因果风险树_线程侧("
"present"	"私有_记录抽象根特征定义读取快照_线程侧"	"私有_记录抽象根特征定义读取快照_线程侧"	"自我线程模块.impl.cpp:693"	"2"	"void 私有_记录抽象根特征定义读取快照_线程侧() noexcept"	"从指定来源读取数据或状态。"	""	"ClCompile"	"自我线程模块.impl.cpp:689:void 私有_记录抽象根特征定义读取快照_线程侧() noexcept || 自我线程模块.impl.cpp:11951:    私有_记录抽象根特征定义读取快照_线程侧();"
"present"	"私有_写入结算叶子任务价值输入"	"私有_写入结算叶子任务价值输入"	"自我线程模块.impl.cpp:6957"	"2"	"bool 私有_写入结算叶子任务价值输入( 基础信息节点类* 输入包, 需求节点* 来源需求, 任务节点* 任务头, I64 安全结算增量, I64 服务结算增量, I64 任务完成度百万分比, 状态节点类* 实际结果状态, const 结构_线程服务价值结算证据摘要* 服务证据摘要, 动态节点类* 来源动作动态, 动态节点类* 满足证据动态, 时间戳 now) noexcept"	"把处理结果写入指定对象、场景或日志。"	""	"ClCompile"	"自我线程模块.impl.cpp:7175:bool 私有_写入结算叶子任务价值输入( || 自我线程模块.impl.cpp:7359:        || !私有_写入结算叶子任务价值输入("
"present"	"私有_处理共享任务挂接需求满足反馈_线程侧"	"私有_处理共享任务挂接需求满足反馈_线程侧"	"自我线程模块.impl.cpp:7222"	"2"	"std::size_t 私有_处理共享任务挂接需求满足反馈_线程侧( 自我类& 自我对象, 任务节点* 来源任务, 需求节点* 来源需求, I64 本次安全满足量, I64 本次服务满足量, I64 安全累计比例_百万分比, I64 服务累计比例_百万分比, bool 任务域已完成, 时间戳 now, const std::string& 反馈事件主键, 动态节点类* 来源任务动态, const 动作验证报告::结构_动作验证报告摘要* 源动作验证报告摘要) noexcept"	"服务所在模块的内部辅助流程。"	""	"ClCompile"	"自我线程模块.impl.cpp:7440:std::size_t 私有_处理共享任务挂接需求满足反馈_线程侧( || 自我线程模块.impl.cpp:8004:    (void)私有_处理共享任务挂接需求满足反馈_线程侧("
"present"	"私有_任务节点同一_线程侧"	"私有_任务节点同一_线程侧"	"自我线程模块.impl.cpp:7390"	"2"	"bool 私有_任务节点同一_线程侧(const 任务节点* 左, const 任务节点* 右) noexcept"	"服务所在模块的内部辅助流程。"	""	"ClCompile"	"自我线程模块.impl.cpp:7607:bool 私有_任务节点同一_线程侧(const 任务节点* 左, const 任务节点* 右) noexcept || 自我线程模块.impl.cpp:7699:        || (管理对象任务 && !私有_任务节点同一_线程侧(管理对象任务, 任务头));"
"present"	"私有_按成功结果满足来源需求并唤醒父任务_任务管理新链"	"私有_按成功结果满足来源需求并唤醒父任务_任务管理新链"	"自我线程模块.impl.cpp:7646"	"2"	"void 私有_按成功结果满足来源需求并唤醒父任务_任务管理新链( 自我类& 自我对象, const 结构_任务管理结果状态消息& 结果消息, 时间戳 now) noexcept"	"唤醒等待中的任务、线程或治理链。"	""	"ClCompile"	"自我线程模块.impl.cpp:7885:void 私有_按成功结果满足来源需求并唤醒父任务_任务管理新链( || 自我线程模块.impl.cpp:13901:    私有_按成功结果满足来源需求并唤醒父任务_任务管理新链("
"present"	"私有_按方法虚拟存在解析方法节点_任务管理新链"	"私有_按方法虚拟存在解析方法节点_任务管理新链"	"自我线程模块.impl.cpp:7821"	"2"	"方法节点* 私有_按方法虚拟存在解析方法节点_任务管理新链( 自我类& 自我对象, const 存在节点类* 方法虚拟存在, const std::string& 方法虚拟存在主键) noexcept"	"解析输入文本、消息、场景或运行包。"	""	"ClCompile"	"自我线程模块.impl.cpp:8059:方法节点* 私有_按方法虚拟存在解析方法节点_任务管理新链( || 自我线程模块.impl.cpp:9750:    auto* 虚拟存在反查方法 = 私有_按方法虚拟存在解析方法节点_任务管理新链("
"present"	"私有_解析存在引用_任务语义"	"私有_解析存在引用_任务语义"	"自我线程模块.impl.cpp:7852"	"2"	"存在节点类* 私有_解析存在引用_任务语义( const 可解析引用<存在节点类>& 引用) noexcept"	"解析输入文本、消息、场景或运行包。"	""	"ClCompile"	"自我线程模块.impl.cpp:2511:存在节点类* 私有_解析存在引用_任务语义( || 自我线程模块.impl.cpp:8090:存在节点类* 私有_解析存在引用_任务语义("
"present"	"私有_解析场景引用_任务语义"	"私有_解析场景引用_任务语义"	"自我线程模块.impl.cpp:7865"	"2"	"场景节点类* 私有_解析场景引用_任务语义( const 可解析引用<场景节点类>& 引用) noexcept"	"解析输入文本、消息、场景或运行包。"	""	"ClCompile"	"自我线程模块.impl.cpp:2513:场景节点类* 私有_解析场景引用_任务语义( || 自我线程模块.impl.cpp:8103:场景节点类* 私有_解析场景引用_任务语义("
"present"	"私有_按任务主键解析任务虚拟存在_任务管理新链"	"私有_按任务主键解析任务虚拟存在_任务管理新链"	"自我线程模块.impl.cpp:7885"	"2"	"存在节点类* 私有_按任务主键解析任务虚拟存在_任务管理新链( 自我类& 自我对象, const std::string& 任务主键, 时间戳 now) noexcept"	"解析输入文本、消息、场景或运行包。"	""	"ClCompile"	"自我线程模块.impl.cpp:8123:存在节点类* 私有_按任务主键解析任务虚拟存在_任务管理新链( || 自我线程模块.impl.cpp:12888:    return 私有_按任务主键解析任务虚拟存在_任务管理新链("
"present"	"私有_提交活动需求任务化意图_线程侧"	"私有_提交活动需求任务化意图_线程侧"	"自我线程模块.impl.cpp:7971"	"2"	"std::size_t 私有_提交活动需求任务化意图_线程侧( 自我类& 自我对象, const std::vector<自我线程类::结构_需求列表项>& 服务优先需求列表, const std::vector<自我线程类::结构_需求列表项>& 安全优先需求列表, 时间戳 now) noexcept"	"提交事实、动态、任务状态或运行回执。"	""	"ClCompile"	"自我线程模块.impl.cpp:8209:std::size_t 私有_提交活动需求任务化意图_线程侧( || 自我线程模块.impl.cpp:16880:    const auto 本轮补交任务化意图数 = 私有_提交活动需求任务化意图_线程侧("
"present"	"私有_提交任务到任务管理界面线程_任务管理新链"	"私有_提交任务到任务管理界面线程_任务管理新链"	"自我线程模块.impl.cpp:8077"	"2"	"bool 私有_提交任务到任务管理界面线程_任务管理新链( 自我类& 自我对象, 任务节点* 当前主任务, 需求节点* 当前主需求, 时间戳 当前时间, 任务管理线程协议::结构_任务界面承接结果* 输出) noexcept"	"提交事实、动态、任务状态或运行回执。"	""	"ClCompile"	"自我线程模块.impl.cpp:8315:bool 私有_提交任务到任务管理界面线程_任务管理新链( || 自我线程模块.impl.cpp:17231:    const bool 已提交界面线程 = 私有_提交任务到任务管理界面线程_任务管理新链("
"present"	"私有_观察事实更新后触发来源需求重筹办_线程侧"	"私有_观察事实更新后触发来源需求重筹办_线程侧"	"自我线程模块.impl.cpp:8147"	"2"	"std::size_t 私有_观察事实更新后触发来源需求重筹办_线程侧( const 结构_任务管理观察事实承接请求& 请求, const 结构_外设观察报告队列项* 报告, const bool 承接成功, const bool 报告可回查, 时间戳 now) noexcept"	"更新已有对象、状态、索引或缓存。"	""	"ClCompile"	"自我线程模块.impl.cpp:8385:std::size_t 私有_观察事实更新后触发来源需求重筹办_线程侧( || 自我线程模块.impl.cpp:13837:    (void)私有_观察事实更新后触发来源需求重筹办_线程侧("
"present"	"私有_观察事实更新后刷新来源需求材料子需求_线程侧"	"私有_观察事实更新后刷新来源需求材料子需求_线程侧"	"自我线程模块.impl.cpp:8305"	"2"	"std::size_t 私有_观察事实更新后刷新来源需求材料子需求_线程侧( const 结构_任务管理观察事实承接请求& 请求, const 结构_外设观察报告队列项* 报告, const bool 承接成功, const bool 报告可回查, 时间戳 now) noexcept"	"更新已有对象、状态、索引或缓存。"	""	"ClCompile"	"自我线程模块.impl.cpp:8543:std::size_t 私有_观察事实更新后刷新来源需求材料子需求_线程侧( || 自我线程模块.impl.cpp:13831:    (void)私有_观察事实更新后刷新来源需求材料子需求_线程侧("
"present"	"私有_观察事实更新后触发安全根需求重筹办_线程侧"	"私有_观察事实更新后触发安全根需求重筹办_线程侧"	"自我线程模块.impl.cpp:8431"	"2"	"std::size_t 私有_观察事实更新后触发安全根需求重筹办_线程侧( const 结构_任务管理观察事实承接请求& 请求, const 结构_外设观察报告队列项* 报告, const bool 承接成功, const bool 报告可回查, 时间戳 now) noexcept"	"更新已有对象、状态、索引或缓存。"	""	"ClCompile"	"自我线程模块.impl.cpp:8669:std::size_t 私有_观察事实更新后触发安全根需求重筹办_线程侧( || 自我线程模块.impl.cpp:13843:    (void)私有_观察事实更新后触发安全根需求重筹办_线程侧("
"present"	"私有_派生需求特征类型词"	"私有_派生需求特征类型词"	"自我线程模块.impl.cpp:8630"	"2"	"const 语素入口节点类* 私有_派生需求特征类型词( const 状态节点类* 派生目标状态, const 状态节点类* 派生当前状态) noexcept"	"服务所在模块的内部辅助流程。"	""	"ClCompile"	"自我线程模块.impl.cpp:8868:const 语素入口节点类* 私有_派生需求特征类型词( || 自我线程模块.impl.cpp:9723:    const auto* 状态特征类型 = 私有_派生需求特征类型词("
"present"	"私有_派生任务类型词"	"私有_派生任务类型词"	"自我线程模块.impl.cpp:8644"	"2"	"const 语素入口节点类* 私有_派生任务类型词(const bool 是否前置任务) noexcept"	"服务所在模块的内部辅助流程。"	""	"ClCompile"	"自我线程模块.impl.cpp:2507:const 语素入口节点类* 私有_派生任务类型词(const bool 是否前置任务) noexcept; || 自我线程模块.impl.cpp:8882:const 语素入口节点类* 私有_派生任务类型词(const bool 是否前置任务) noexcept"
"present"	"私有_自检候选类型文本"	"私有_自检候选类型文本"	"自我线程模块.impl.cpp:8659"	"2"	"const char* 私有_自检候选类型文本( const 自我线程消息协议::枚举_自检候选类型 类型) noexcept"	"服务所在模块的内部辅助流程。"	""	"ClCompile"	"自我线程模块.impl.cpp:8897:const char* 私有_自检候选类型文本( || 自我线程模块.impl.cpp:8973:        << "" | 类型="" << 私有_自检候选类型文本(私有_归一自检候选类型(候选))"
"present"	"私有_写入自检报告休眠处置"	"私有_写入自检报告休眠处置"	"自我线程模块.impl.cpp:8674"	"2"	"void 私有_写入自检报告休眠处置( const I64 缺口类型值, bool& 仅休眠期评估, bool& 需要映射确认, const char*& 处置类型, const char*& 休眠期候选动作) noexcept"	"服务所在模块的内部辅助流程。"	""	"ClCompile"	"自我线程模块.impl.cpp:8912:void 私有_写入自检报告休眠处置( || 自我线程模块.impl.cpp:15285:        私有_写入自检报告休眠处置("
"present"	"私有_自检候选原子目标完整"	"私有_自检候选原子目标完整"	"自我线程模块.impl.cpp:8750"	"2"	"bool 私有_自检候选原子目标完整( const 自我线程消息协议::结构_自检缺口候选消息& 候选, std::string* 错误) noexcept"	"服务所在模块的内部辅助流程。"	""	"ClCompile"	"自我线程模块.impl.cpp:8985:bool 私有_自检候选原子目标完整( || 自我线程模块.impl.cpp:9420:    if (!私有_自检候选原子目标完整(候选, &原子目标错误)) {"
"present"	"私有_解析自检原子目标宿主"	"私有_解析自检原子目标宿主"	"自我线程模块.impl.cpp:8783"	"2"	"存在节点类* 私有_解析自检原子目标宿主( const std::uintptr_t 节点指针, const std::string& 主键) noexcept"	"解析输入文本、消息、场景或运行包。"	""	"ClCompile"	"自我线程模块.impl.cpp:9018:存在节点类* 私有_解析自检原子目标宿主( || 自我线程模块.impl.cpp:9443:    auto* 目标宿主 = 私有_解析自检原子目标宿主("
"present"	"私有_自检维护管理目标特征名_线程侧"	"私有_自检维护管理目标特征名_线程侧"	"自我线程模块.impl.cpp:8857"	"2"	"const char* 私有_自检维护管理目标特征名_线程侧( const 枚举_自检候选父需求域_线程侧 域) noexcept"	"服务所在模块的内部辅助流程。"	""	"ClCompile"	"自我线程模块.impl.cpp:9092:const char* 私有_自检维护管理目标特征名_线程侧( || 自我线程模块.impl.cpp:9113:    const char* 名称 = 私有_自检维护管理目标特征名_线程侧(域);"
"present"	"私有_自检维护管理目标特征词_线程侧"	"私有_自检维护管理目标特征词_线程侧"	"自我线程模块.impl.cpp:8875"	"2"	"const 语素入口节点类* 私有_自检维护管理目标特征词_线程侧( const 枚举_自检候选父需求域_线程侧 域) noexcept"	"服务所在模块的内部辅助流程。"	""	"ClCompile"	"自我线程模块.impl.cpp:9110:const 语素入口节点类* 私有_自检维护管理目标特征词_线程侧( || 自我线程模块.impl.cpp:9130:    auto* 管理特征 = 私有_自检维护管理目标特征词_线程侧(域);"
"present"	"私有_确保自检维护管理父需求_线程侧"	"私有_确保自检维护管理父需求_线程侧"	"自我线程模块.impl.cpp:8883"	"2"	"需求节点* 私有_确保自检维护管理父需求_线程侧( 自我类& 自我对象, const 枚举_自检候选父需求域_线程侧 域, 需求节点* 承接父需求, const 时间戳 now, const std::string& 来源因果主键) noexcept"	"确保目标结构、状态或前置条件存在并可用。"	""	"ClCompile"	"自我线程模块.impl.cpp:9118:需求节点* 私有_确保自检维护管理父需求_线程侧( || 自我线程模块.impl.cpp:9281:        auto* 管理父需求 = 私有_确保自检维护管理父需求_线程侧("
"present"	"私有_查询自检候选局部来源线索_线程侧"	"私有_查询自检候选局部来源线索_线程侧"	"自我线程模块.impl.cpp:8994"	"2"	"结构_自检候选局部来源线索_线程侧 私有_查询自检候选局部来源线索_线程侧( 自我类& 自我对象, const 自我线程消息协议::结构_自检缺口候选消息& 候选) noexcept"	"服务所在模块的内部辅助流程。"	""	"ClCompile"	"自我线程模块.impl.cpp:9229:结构_自检候选局部来源线索_线程侧 私有_查询自检候选局部来源线索_线程侧( || 自我线程模块.impl.cpp:9304:    const auto 局部来源线索 = 私有_查询自检候选局部来源线索_线程侧(自我对象, 候选);"
"present"	"私有_裁决自检候选父需求_线程侧"	"私有_裁决自检候选父需求_线程侧"	"自我线程模块.impl.cpp:9010"	"2"	"结构_自检候选父需求裁决_线程侧 私有_裁决自检候选父需求_线程侧( 自我类& 自我对象, const 自我线程消息协议::结构_自检缺口候选消息& 候选, const 语素入口节点类* 目标特征类型, 基础信息节点类* 目标宿主, 状态节点类* 目标状态, 时间戳 now) noexcept"	"服务所在模块的内部辅助流程。"	""	"ClCompile"	"自我线程模块.impl.cpp:9245:结构_自检候选父需求裁决_线程侧 私有_裁决自检候选父需求_线程侧( || 自我线程模块.impl.cpp:9482:    const auto 父裁决 = 私有_裁决自检候选父需求_线程侧("
"present"	"私有_计算风险安全第二层投影候选_线程侧"	"私有_计算风险安全第二层投影候选_线程侧"	"自我线程模块.impl.cpp:907"	"2"	"I64 私有_计算风险安全第二层投影候选_线程侧(I64 风险安全层候选) noexcept"	"计算权重、状态、差值或派生结果。"	""	"ClCompile"	"自我线程模块.impl.cpp:1023:I64 私有_计算风险安全第二层投影候选_线程侧(I64 风险安全层候选) noexcept || 自我线程模块.impl.cpp:3925:        私有_计算风险安全第二层投影候选_线程侧(风险安全层候选);"
"present"	"私有_按自检候选生成正式需求节点"	"私有_按自检候选生成正式需求节点"	"自我线程模块.impl.cpp:9179"	"2"	"需求节点* 私有_按自检候选生成正式需求节点( 自我类& 自我对象, const 自我线程消息协议::结构_自检缺口候选消息& 候选, 时间戳 now) noexcept"	"根据当前输入生成目标数据、场景、动态或回执。"	""	"ClCompile"	"自我线程模块.impl.cpp:9414:需求节点* 私有_按自检候选生成正式需求节点( || 自我线程模块.impl.cpp:13870:                私有_按自检候选生成正式需求节点("
"present"	"私有_按百万分比计算目标值_线程侧"	"私有_按百万分比计算目标值_线程侧"	"自我线程模块.impl.cpp:989"	"2"	"I64 私有_按百万分比计算目标值_线程侧(I64 权重上限, I64 比例_百万分比) noexcept"	"计算权重、状态、差值或派生结果。"	""	"ClCompile"	"自我线程模块.impl.cpp:1105:I64 私有_按百万分比计算目标值_线程侧(I64 权重上限, I64 比例_百万分比) noexcept || 自我线程模块.impl.cpp:1125:        const I64 目标值 = 私有_按百万分比计算目标值_线程侧(权重上限, 累计比例_百万分比);"
"present"	"私有_确保当前场景特征值OR路径展开_线程侧"	"私有_确保当前场景特征值OR路径展开_线程侧"	"自我线程模块.impl.cpp:9938"	"2"	"bool 私有_确保当前场景特征值OR路径展开_线程侧( 自我类& 自我对象, 需求节点* 当前场景特征值需求, const 结构_任务管理派生需求消息& 派生需求, const 时间戳 now) noexcept"	"确保目标结构、状态或前置条件存在并可用。"	""	"ClCompile"	"自我线程模块.impl.cpp:10173:bool 私有_确保当前场景特征值OR路径展开_线程侧( || 自我线程模块.impl.cpp:10221:        私有_确保当前场景特征值OR路径展开_线程侧("
