函数名	未限定名	定义位置	功能	未限定名出现次数	定义文件出现次数	风险标记
D455_I64绝对差	D455_I64绝对差	外设线程_D455深度相机.ixx:292	按函数名执行对应处理。	35	35
D455_万分比	D455_万分比	外设线程_D455深度相机.ixx:360	按函数名执行对应处理。	6	6
D455_下一跨帧观察簇ID	D455_下一跨帧观察簇ID	外设线程_D455深度相机.ixx:277	按函数名执行对应处理。	3	3
D455_从调用结果生成样本	D455_从调用结果生成样本	外设线程_D455深度相机.ixx:1392	根据当前输入生成目标数据、场景、动态或回执。	3	3
D455_从调用结果生成逐簇识别报告	D455_从调用结果生成逐簇识别报告	外设线程_D455深度相机.ixx:1441	根据当前输入生成目标数据、场景、动态或回执。	3	3
D455_从迁移分割组件生成空间候选	D455_从迁移分割组件生成空间候选	外设线程_D455深度相机.ixx:503	根据当前输入生成目标数据、场景、动态或回执。	2	2
D455_从逐簇识别报告生成扫描变化报告	D455_从逐簇识别报告生成扫描变化报告	外设线程_D455深度相机.ixx:2222	根据当前输入生成目标数据、场景、动态或回执。	5	5
D455_从逐簇识别报告生成扫描变化报告_带上下文	D455_从逐簇识别报告生成扫描变化报告_带上下文	外设线程_D455深度相机.ixx:2143	根据当前输入生成目标数据、场景、动态或回执。	3	3
D455_从逐簇识别报告生成稳定观察子集报告	D455_从逐簇识别报告生成稳定观察子集报告	外设线程_D455深度相机.ixx:1632	根据当前输入生成目标数据、场景、动态或回执。	3	3
D455_从逐簇识别报告生成跟踪报告	D455_从逐簇识别报告生成跟踪报告	外设线程_D455深度相机.ixx:2323	根据当前输入生成目标数据、场景、动态或回执。	2	2
D455_候选投影有效	D455_候选投影有效	外设观察报告队列.ixx:1433	按函数名执行对应处理。	2	2
D455_写入报告Tracker轨迹状态	D455_写入报告Tracker轨迹状态	外设线程_D455深度相机.ixx:1156	把处理结果写入指定对象、场景或日志。	9	9
D455_写入报告目标观察约束字段	D455_写入报告目标观察约束字段	外设线程_D455深度相机.ixx:1950	把处理结果写入指定对象、场景或日志。	3	3
D455_写入状态结果	D455_写入状态结果	外设线程_D455深度相机.ixx:2543	把处理结果写入指定对象、场景或日志。	3	3
D455_写入目标特征观察值	D455_写入目标特征观察值	外设线程_D455深度相机.ixx:1973	把处理结果写入指定对象、场景或日志。	4	4
D455_写入簇Tracker轨迹状态	D455_写入簇Tracker轨迹状态	外设线程_D455深度相机.ixx:1138	把处理结果写入指定对象、场景或日志。	2	2
D455_写入跨帧簇缓存项	D455_写入跨帧簇缓存项	外设线程_D455深度相机.ixx:1088	把处理结果写入指定对象、场景或日志。	3	3
D455_写回迁移分割空间候选	D455_写回迁移分割空间候选	外设线程_D455深度相机.ixx:760	按函数名执行对应处理。	3	3
D455_区间重叠	D455_区间重叠	外设线程_D455深度相机.ixx:1866	按函数名执行对应处理。	6	6
D455_发布扫描变化报告	D455_发布扫描变化报告	外设线程_D455深度相机.ixx:2863	执行扫描相关材料获取、比较或提交逻辑。	2	2
D455_发布本帧逐簇与稳定子集报告	D455_发布本帧逐簇与稳定子集报告	外设线程_D455深度相机.ixx:2785	按函数名执行对应处理。	2	2
D455_发布目标跟踪报告	D455_发布目标跟踪报告	外设线程_D455深度相机.ixx:2934	执行跟踪相关定位、匹配或结果输出逻辑。	2	2
D455_发布采集成功后的报告编排	D455_发布采集成功后的报告编排	外设线程_D455深度相机.ixx:3001	按函数名执行对应处理。	2	2
D455_句柄前缀有效	D455_句柄前缀有效	外设观察报告队列.ixx:1251	按函数名执行对应处理。	3	3
D455_句柄资源类型	D455_句柄资源类型	外设观察报告队列.ixx:1257	按函数名执行对应处理。	3	3
D455_基础采样样本对稳定	D455_基础采样样本对稳定	外设线程_D455深度相机.ixx:2424	按函数名执行对应处理。	4	4
D455_填充材料页通用摘要	D455_填充材料页通用摘要	外设观察报告队列.ixx:1318	按函数名执行对应处理。	8	8
D455_复制观察报告帧摘要	D455_复制观察报告帧摘要	外设线程_D455深度相机.ixx:1746	按函数名执行对应处理。	3	3
D455_外设帧ID_由报告	D455_外设帧ID_由报告	外设线程_D455深度相机.ixx:1587	按函数名执行对应处理。	2	2
D455_尝试匹配帧句柄	D455_尝试匹配帧句柄	外设观察报告队列.ixx:1347	按函数名执行对应处理。	3	3
D455_尝试匹配簇句柄	D455_尝试匹配簇句柄	外设观察报告队列.ixx:1448	按函数名执行对应处理。	4	4
D455_带滞回容差	D455_带滞回容差	外设线程_D455深度相机.ixx:860	按函数名执行对应处理。	11	11
D455_帧像素数量有效	D455_帧像素数量有效	外设观察报告队列.ixx:1271	按函数名执行对应处理。	7	7
D455_平滑I64	D455_平滑I64	外设线程_D455深度相机.ixx:893	按函数名执行对应处理。	8	8
D455_当前时间毫秒	D455_当前时间毫秒	外设线程_D455深度相机.ixx:1844	按函数名执行对应处理。	5	5
D455_截断日志文本	D455_截断日志文本	外设线程_D455深度相机.ixx:2588	按函数名执行对应处理。	9	9
D455_扫描变化等待项前置满足	D455_扫描变化等待项前置满足	外设线程_D455深度相机.ixx:2113	等待线程、任务、外设或条件变化。	2	2
D455_把跨帧采集摘要写入样本	D455_把跨帧采集摘要写入样本	外设线程_D455深度相机.ixx:1359	把处理结果写入指定对象、场景或日志。	2	2
D455_投影中心X	D455_投影中心X	外设线程_D455深度相机.ixx:902	按函数名执行对应处理。	5	5
D455_投影中心Y	D455_投影中心Y	外设线程_D455深度相机.ixx:908	按函数名执行对应处理。	5	5
D455_报告满足L1稳定子集口径	D455_报告满足L1稳定子集口径	外设线程_D455深度相机.ixx:1609	按函数名执行对应处理。	4	4
D455_按目标特征估算观察值	D455_按目标特征估算观察值	外设线程_D455深度相机.ixx:1883	按函数名执行对应处理。	2	2
D455_按跨帧簇ID查找观察像素簇	D455_按跨帧簇ID查找观察像素簇	外设线程_D455深度相机.ixx:1809	按条件查找目标对象、方法或事实。	3	3
D455_控制面板分割颜色	D455_控制面板分割颜色	外设观察报告队列.ixx:1512	按函数名执行对应处理。	2	2
D455_提取迁移分割空间候选	D455_提取迁移分割空间候选	外设线程_D455深度相机.ixx:608	按函数名执行对应处理。	2	2
D455_更新逐簇识别报告跨帧采集状态	D455_更新逐簇识别报告跨帧采集状态	外设线程_D455深度相机.ixx:1173	更新已有对象、状态、索引或缓存。	3	3
D455_构造Tracker轨迹状态generation	D455_构造Tracker轨迹状态generation	外设线程_D455深度相机.ixx:1124	按函数名执行对应处理。	3	3
D455_构造控制面板视频快照_已加锁	D455_构造控制面板视频快照_已加锁	外设观察报告队列.ixx:1531	按函数名执行对应处理。	2	2
D455_构造观察帧资源句柄	D455_构造观察帧资源句柄	外设线程_D455深度相机.ixx:951	按函数名执行对应处理。	7	7
D455_构造观察簇资源句柄	D455_构造观察簇资源句柄	外设线程_D455深度相机.ixx:931	按函数名执行对应处理。	8	8
D455_构造逐簇稳定性诊断摘要	D455_构造逐簇稳定性诊断摘要	外设线程_D455深度相机.ixx:2601	按函数名执行对应处理。	2	2
D455_查找材料页空间候选	D455_查找材料页空间候选	外设观察报告队列.ixx:1305	按条件查找目标对象、方法或事实。	3	3
D455_标记材料摘要成功	D455_标记材料摘要成功	外设观察报告队列.ixx:1337	按函数名执行对应处理。	8	8
D455_正面积	D455_正面积	外设线程_D455深度相机.ixx:376	按函数名执行对应处理。	4	4
D455_深度帧材料有效	D455_深度帧材料有效	外设观察报告队列.ixx:1288	按函数名执行对应处理。	5	5
D455_清理短期材料页_已加锁	D455_清理短期材料页_已加锁	外设观察报告队列.ixx:1171	清理缓存、临时状态或运行资源。	6	6
D455_清空跟踪稳定缓存	D455_清空跟踪稳定缓存	外设线程_D455深度相机.ixx:237	执行跟踪相关定位、匹配或结果输出逻辑。	2	2
D455_清空跨帧观察簇缓存	D455_清空跨帧观察簇缓存	外设线程_D455深度相机.ixx:284	按函数名执行对应处理。	2	2
D455_目标约束使用状态_由判定	D455_目标约束使用状态_由判定	外设线程_D455深度相机.ixx:1928	按函数名执行对应处理。	3	3
D455_目标观察约束二维范围有效	D455_目标观察约束二维范围有效	外设线程_D455深度相机.ixx:1851	按函数名执行对应处理。	2	2
D455_目标观察约束空间范围有效	D455_目标观察约束空间范围有效	外设线程_D455深度相机.ixx:1858	按函数名执行对应处理。	2	2
D455_目标跟踪等待项前置满足	D455_目标跟踪等待项前置满足	外设线程_D455深度相机.ixx:2128	等待线程、任务、外设或条件变化。	2	2
D455_相机实现::D455_相机实现	D455_相机实现	D455相机类.cpp:861	初始化对象实例。	34	20	member_or_public_like
D455_相机实现::关闭	关闭	D455相机类.cpp:875	按函数名执行对应处理。	87	5	member_or_public_like
D455_相机实现::应用配置	应用配置	D455相机类.cpp:893	按函数名执行对应处理。	5	4	member_or_public_like
D455_相机实现::打开	打开	D455相机类.cpp:870	按函数名执行对应处理。	160	13	member_or_public_like
D455_相机实现::获取最近轮廓观测	获取最近轮廓观测	D455相机类.cpp:903	读取并返回指定对象、状态或运行材料。	4	3	member_or_public_like,contract_like
D455_相机实现::获取配置	获取配置	D455相机类.cpp:887	读取并返回指定对象、状态或运行材料。	4	3	member_or_public_like,contract_like
D455_相机实现::采集一帧	采集一帧	D455相机类.cpp:882	按函数名执行对应处理。	20	8	member_or_public_like
D455_相机实现::采集一帧并提取轮廓	采集一帧并提取轮廓	D455相机类.cpp:898	按函数名执行对应处理。	4	3	member_or_public_like
D455_确保跟踪稳定缓存项_已加锁	D455_确保跟踪稳定缓存项_已加锁	外设线程_D455深度相机.ixx:244	确保目标结构、状态或前置条件存在并可用。	3	3
D455_空间坐标材料有效	D455_空间坐标材料有效	外设观察报告队列.ixx:1298	按函数名执行对应处理。	3	3
D455_线程主循环	D455_线程主循环	外设线程_D455深度相机.ixx:3039	按函数名执行对应处理。	2	2
D455_范围端点最大差	D455_范围端点最大差	外设线程_D455深度相机.ixx:866	按函数名执行对应处理。	6	6
D455_范围跨度容差	D455_范围跨度容差	外设线程_D455深度相机.ixx:878	按函数名执行对应处理。	6	6
D455_观察候选样本对稳定	D455_观察候选样本对稳定	外设线程_D455深度相机.ixx:2452	按函数名执行对应处理。	3	3
D455_观察像素簇存在明显变化	D455_观察像素簇存在明显变化	外设线程_D455深度相机.ixx:1826	按函数名执行对应处理。	2	2
D455_观察像素簇满足稳定子集发布门	D455_观察像素簇满足稳定子集发布门	外设线程_D455深度相机.ixx:1600	按函数名执行对应处理。	2	2
D455_观察簇命中目标约束	D455_观察簇命中目标约束	外设线程_D455深度相机.ixx:2000	按函数名执行对应处理。	2	2
D455_观察簇投影有效	D455_观察簇投影有效	外设线程_D455深度相机.ixx:914	按函数名执行对应处理。	2	2
D455_计数容差	D455_计数容差	外设线程_D455深度相机.ixx:298	按函数名执行对应处理。	4	4
D455_记录跟踪失败到缓存	D455_记录跟踪失败到缓存	外设线程_D455深度相机.ixx:2242	记录日志、动态、证据或运行痕迹。	4	4
D455_记录跟踪成功到缓存	D455_记录跟踪成功到缓存	外设线程_D455深度相机.ixx:2267	记录日志、动态、证据或运行痕迹。	3	3
D455_设置结束	D455_设置结束	外设线程_D455深度相机.ixx:2553	设置对象字段、状态或运行参数。	5	5
D455_评估稳定性	D455_评估稳定性	外设线程_D455深度相机.ixx:2497	评估状态、风险、质量、权重或完成度。	5	5
D455_读取并分组等待项	D455_读取并分组等待项	外设线程_D455深度相机.ixx:2766	从指定来源读取数据或状态。	2	2
D455_读取最新L1稳定子集报告	D455_读取最新L1稳定子集报告	外设线程_D455深度相机.ixx:1620	从指定来源读取数据或状态。	2	2
D455_读取结果	D455_读取结果	外设线程_D455深度相机.ixx:2567	从指定来源读取数据或状态。	2	2
D455_调试日志输出启用	D455_调试日志输出启用	外设线程_D455深度相机.ixx:168	按函数名执行对应处理。	11	11
D455_跟踪稳定缓存	D455_跟踪稳定缓存	外设线程_D455深度相机.ixx:230	执行跟踪相关定位、匹配或结果输出逻辑。	7	7
D455_跟踪稳定缓存锁	D455_跟踪稳定缓存锁	外设线程_D455深度相机.ixx:223	执行跟踪相关定位、匹配或结果输出逻辑。	4	4
D455_跨帧簇可匹配	D455_跨帧簇可匹配	外设线程_D455深度相机.ixx:965	按函数名执行对应处理。	2	2
D455_跨帧观察簇缓存	D455_跨帧观察簇缓存	外设线程_D455深度相机.ixx:270	按函数名执行对应处理。	6	6
D455_跨帧观察簇缓存锁	D455_跨帧观察簇缓存锁	外设线程_D455深度相机.ixx:263	按函数名执行对应处理。	3	3
D455_迁移分割像素在深度切片	D455_迁移分割像素在深度切片	外设线程_D455深度相机.ixx:408	按函数名执行对应处理。	3	3
D455_迁移分割应拒绝触边组件	D455_迁移分割应拒绝触边组件	外设线程_D455深度相机.ixx:424	按函数名执行对应处理。	2	2
D455_迁移分割组件通过材料门	D455_迁移分割组件通过材料门	外设线程_D455深度相机.ixx:451	按函数名执行对应处理。	2	2
D455_选择目标约束命中簇	D455_选择目标约束命中簇	外设线程_D455深度相机.ixx:2089	从候选集中选择当前使用对象或方法。	3	3
D455_选择迁移分割深度源	D455_选择迁移分割深度源	外设线程_D455深度相机.ixx:385	从候选集中选择当前使用对象或方法。	2	2
D455_限制万分值	D455_限制万分值	外设线程_D455深度相机.ixx:370	按函数名执行对应处理。	5	5
D455_颜色帧材料有效	D455_颜色帧材料有效	外设观察报告队列.ixx:1281	按函数名执行对应处理。	7	7
D455深度相机线程生命周期文本	D455深度相机线程生命周期文本	外设线程_D455深度相机.ixx:138	按函数名执行对应处理。	3	3
D455缺报告方法头可跳过补齐	D455缺报告方法头可跳过补齐	自我动作实现.外设模块.ixx:8697	补齐条件、参数、证据或方法能力缺口。	2	2
D455缺报告规格确认缓存命中	D455缺报告规格确认缓存命中	自我动作实现.外设模块.ixx:8786	确认候选事实、存在、状态或运行结果。	4	4
D455观察材料句柄可回查	D455观察材料句柄可回查	自我动作实现.外设模块.ixx:13481	按函数名执行对应处理。	3	3
FNV1a64_混入64位值	FNV1a64_混入64位值	特征值类.h:224	按函数名执行对应处理。	3	3	header_or_inline
I64	I64	本能动作类.ixx:114	按函数名执行对应处理。	8693	39
I64有序编码	I64有序编码	自我动作实现模块.ixx:5969	按函数名执行对应处理。	4	4
I64由有序编码	I64由有序编码	自我动作实现模块.ixx:5975	按函数名执行对应处理。	5	5
IsWindow	IsWindow	控制面板WebView2.cpp:1929	按函数名执行对应处理。	12	12
IsWindow	IsWindow	控制面板WebView2.cpp:1941	按函数名执行对应处理。	12	12
IsWindow	IsWindow	控制面板WebView2.cpp:1967	按函数名执行对应处理。	12	12
IsWindow	IsWindow	控制面板WebView2.cpp:1980	按函数名执行对应处理。	12	12
IsWindow	IsWindow	控制面板WebView2.cpp:2024	按函数名执行对应处理。	12	12
IsWindow	IsWindow	控制面板WebView2.cpp:2095	按函数名执行对应处理。	12	12
IsWindow	IsWindow	控制面板WebView2.cpp:2105	按函数名执行对应处理。	12	12
IsWindow	IsWindow	控制面板WebView2.cpp:2141	按函数名执行对应处理。	12	12
OR组令牌记录键_动作模块	OR组令牌记录键_动作模块	自我动作实现模块.ixx:12235	记录日志、动态、证据或运行痕迹。	2	2
ROI重叠面积	ROI重叠面积	自我动作实现.外设模块.ixx:10709	按函数名执行对应处理。	3	3
ROI面积	ROI面积	自我动作实现.外设模块.ixx:10702	按函数名执行对应处理。	24	6
Vector3D	Vector3D	基础数据类型.h:824	按函数名执行对应处理。	106	36	header_or_inline
_写字符串	_写字符串	双向链表模板_序列化.inl:28	按函数名执行对应处理。	3	2	header_or_inline
_由索引取指针	_由索引取指针	双向链表模板_序列化.inl:61	按函数名执行对应处理。	9	8	header_or_inline
_索引或空	_索引或空	双向链表模板_序列化.inl:49	按函数名执行对应处理。	9	8	header_or_inline
_读字符串	_读字符串	双向链表模板_序列化.inl:37	按函数名执行对应处理。	3	2	header_or_inline
clamp_u8	clamp_u8	D455相机类.cpp:303	按函数名执行对应处理。	4	4
clear	clear	基础信息主信息类.h:179	按函数名执行对应处理。	101	1	header_or_inline
g_ex	g_ex	日志模块.ixx:412	按函数名执行对应处理。	4	4
g_init_mtx	g_init_mtx	日志模块.ixx:424	按函数名执行对应处理。	7	7
g_inited	g_inited	日志模块.ixx:430	按函数名执行对应处理。	10	10
g_param	g_param	日志模块.ixx:442	按函数名执行对应处理。	8	8
g_run	g_run	日志模块.ixx:406	按函数名执行对应处理。	4	4
g_selfcheck_orphan	g_selfcheck_orphan	日志模块.ixx:418	按函数名执行对应处理。	4	4
g_shutdown	g_shutdown	日志模块.ixx:436	按函数名执行对应处理。	7	7
get_from_latest	get_from_latest	基础信息主信息类.h:192	0 表示最新，1 表示前一项...	2	1	header_or_inline
main	main	鱼巢.cpp:2095	启动项目主流程。	68	14	entry_or_thread
operator T节点*	operator T节点*	基础数据类型.h:147	按函数名执行对应处理。	1	1	ctor_dtor_operator,header_or_inline
operator*	operator*	基础数据类型.h:829	===== 关键：标量乘法（成员函数）=====	4	4	ctor_dtor_operator,header_or_inline
operator*	operator*	基础数据类型.h:912	复合旋转：this ⊗ r	4	4	ctor_dtor_operator,header_or_inline
operator*	operator*	基础数据类型.h:950	===== 额外：非成员函数版本，支持 double * Vector3D（如 0.5 * vec）=====	4	4	ctor_dtor_operator,header_or_inline
operator*=	operator*=	基础数据类型.h:856	===== 推荐添加：复合赋值运算符 =====	1	1	ctor_dtor_operator,header_or_inline
operator+	operator+	基础数据类型.h:844	===== 推荐添加：向量加法/减法 =====	2	2	ctor_dtor_operator,header_or_inline
operator+=	operator+=	基础数据类型.h:870	按函数名执行对应处理。	1	1	ctor_dtor_operator,header_or_inline
operator-	operator-	基础数据类型.h:480	按函数名执行对应处理。	4	4	ctor_dtor_operator,header_or_inline
operator-	operator-	基础数据类型.h:849	按函数名执行对应处理。	4	4	ctor_dtor_operator,header_or_inline
operator-=	operator-=	基础数据类型.h:876	按函数名执行对应处理。	1	1	ctor_dtor_operator,header_or_inline
operator/	operator/	基础数据类型.h:836	===== 推荐同时添加：标量除法 =====	3	3	ctor_dtor_operator,header_or_inline
operator/	operator/	基础数据类型.h:955	按函数名执行对应处理。	3	3	ctor_dtor_operator,header_or_inline
operator/=	operator/=	基础数据类型.h:862	按函数名执行对应处理。	1	1	ctor_dtor_operator,header_or_inline
operator=	operator=	基础数据类型.h:150	按函数名执行对应处理。	25	4	ctor_dtor_operator,header_or_inline
operator==	operator==	基础数据类型.h:233	按函数名执行对应处理。	3	3	ctor_dtor_operator,header_or_inline
operator==	operator==	基础数据类型.h:238	按函数名执行对应处理。	3	3	ctor_dtor_operator,header_or_inline
operator==	operator==	基础数据类型.h:475	按函数名执行对应处理。	3	3	ctor_dtor_operator,header_or_inline
push	push	基础信息主信息类.h:182	按函数名执行对应处理。	609	2	header_or_inline
utf8_path	utf8_path	日志模块.ixx:181	按函数名执行对应处理。	2	2
utf8_to_wide_lossy	utf8_to_wide_lossy	日志模块.ixx:166	按函数名执行对应处理。	7	7
yuv_to_rgb	yuv_to_rgb	D455相机类.cpp:324	按函数名执行对应处理。	5	5
~动作线程类	~动作线程类	动作线程类.ixx:117	释放或收束对象资源。	1	1	ctor_dtor_operator
~实现	~实现	D455相机类.cpp:44	释放或收束对象资源。	1	1	ctor_dtor_operator
~私有_自我线程守卫	~私有_自我线程守卫	鱼巢.cpp:1020	释放或收束对象资源。	1	1	ctor_dtor_operator
~结构_COM初始化	~结构_COM初始化	数据库ADO模块.cpp:140	释放或收束对象资源。	1	1	ctor_dtor_operator
~结构_抢占任务管理成功结果守卫	~结构_抢占任务管理成功结果守卫	自我线程模块.impl.cpp:15267	释放或收束对象资源。	1	1	ctor_dtor_operator
~结构_抢占任务管理派生需求守卫	~结构_抢占任务管理派生需求守卫	自我线程模块.impl.cpp:15365	释放或收束对象资源。	1	1	ctor_dtor_operator
~结构_抢占执行前许可审批守卫	~结构_抢占执行前许可审批守卫	自我线程模块.impl.cpp:15174	释放或收束对象资源。	1	1	ctor_dtor_operator
~结构_抢占观察事实承接落账守卫	~结构_抢占观察事实承接落账守卫	自我线程模块.impl.cpp:15463	释放或收束对象资源。	1	1	ctor_dtor_operator
~结构_控制台自动刷新守卫	~结构_控制台自动刷新守卫	鱼巢.cpp:1492	释放或收束对象资源。	1	1	ctor_dtor_operator
~结构_窗口线程运行守卫	~结构_窗口线程运行守卫	控制面板WebView2.cpp:87	释放或收束对象资源。	1	1	ctor_dtor_operator
~链表模板	~链表模板	双向链表模板核心.h:160	释放或收束对象资源。	1	1	ctor_dtor_operator,header_or_inline
三向关系被接受	三向关系被接受	基础数据类型.h:71	按函数名执行对应处理。	23	1	header_or_inline
上报任务管理上行消息	上报任务管理上行消息	自我线程模块.impl.cpp:16718	按函数名执行对应处理。	12	10
上报线程状态变化	上报线程状态变化	自我线程模块.impl.cpp:16666	按函数名执行对应处理。	3	1
世界树_	世界树_	二次特征应用模块.ixx:2210	按函数名执行对应处理。	105	105
世界树类::世界树类	世界树类	世界树类.cpp:1104	初始化对象实例。	304	238	member_or_public_like
世界树类::世界根	世界根	世界树类.cpp:1210	按函数名执行对应处理。	54	10	member_or_public_like
世界树类::二次特征	二次特征	世界树类.cpp:1180	按函数名执行对应处理。	2266	185	member_or_public_like
世界树类::二次特征	二次特征	世界树类.cpp:1183	按函数名执行对应处理。	2266	185	member_or_public_like
世界树类::二次特征生成	二次特征生成	世界树类.cpp:1186	根据当前输入生成目标数据、场景、动态或回执。	71	24	member_or_public_like
世界树类::二次特征生成	二次特征生成	世界树类.cpp:1189	根据当前输入生成目标数据、场景、动态或回执。	71	24	member_or_public_like
世界树类::值池	值池	世界树类.cpp:1150	按函数名执行对应处理。	40	13	member_or_public_like
世界树类::值池	值池	世界树类.cpp:1153	按函数名执行对应处理。	40	13	member_or_public_like
世界树类::写入二次特征差值结果	写入二次特征差值结果	世界树类.cpp:2290	写入二次特征差值比较结果。	9	1	member_or_public_like
世界树类::写入二次特征标量值	写入二次特征标量值	世界树类.cpp:2296	写入二次特征标量值和满足状态。	14	4	member_or_public_like
世界树类::写入二次特征标量值_已取主信息	写入二次特征标量值_已取主信息	世界树类.cpp:2322	在已读取主信息时写入二次特征标量值和满足状态。	3	1	member_or_public_like
世界树类::写入二次特征离散值_已取主信息	写入二次特征离散值_已取主信息	世界树类.cpp:2342	在已读取主信息时写入二次特征离散值。	6	1	member_or_public_like
世界树类::写入存在场景绝对坐标	写入存在场景绝对坐标	世界树类.cpp:3280	把处理结果写入指定对象、场景或日志。	20	7	member_or_public_like
世界树类::写入存在场景绝对坐标_由参考存在相对坐标	写入存在场景绝对坐标_由参考存在相对坐标	世界树类.cpp:3309	把处理结果写入指定对象、场景或日志。	5	2	member_or_public_like
世界树类::写入存在场景绝对坐标_由相对坐标表	写入存在场景绝对坐标_由相对坐标表	世界树类.cpp:3339	把处理结果写入指定对象、场景或日志。	6	2	member_or_public_like
世界树类::写入存在观测位置	写入存在观测位置	世界树类.cpp:3355	把处理结果写入指定对象、场景或日志。	2	1	member_or_public_like
世界树类::写入治理二次特征	写入治理二次特征	世界树类.cpp:2412	把自我治理候选事实写入场景二次特征。	3	1	member_or_public_like
世界树类::写入特征_I64	写入特征_I64	世界树类.cpp:2977	把处理结果写入指定对象、场景或日志。	157	4	member_or_public_like
世界树类::写入特征_I64	写入特征_I64	世界树类.cpp:2989	把处理结果写入指定对象、场景或日志。	157	4	member_or_public_like
世界树类::写入特征_VecI64	写入特征_VecI64	世界树类.cpp:3038	把处理结果写入指定对象、场景或日志。	7	3	member_or_public_like
世界树类::写入特征_VecI64	写入特征_VecI64	世界树类.cpp:3048	把处理结果写入指定对象、场景或日志。	7	3	member_or_public_like
世界树类::写入特征_VecU	写入特征_VecU	世界树类.cpp:3015	把处理结果写入指定对象、场景或日志。	9	4	member_or_public_like
世界树类::写入特征_VecU	写入特征_VecU	世界树类.cpp:3026	把处理结果写入指定对象、场景或日志。	9	4	member_or_public_like
世界树类::写入特征_指针	写入特征_指针	世界树类.cpp:2996	把处理结果写入指定对象、场景或日志。	118	4	member_or_public_like
世界树类::写入特征_指针	写入特征_指针	世界树类.cpp:3004	把处理结果写入指定对象、场景或日志。	118	4	member_or_public_like
世界树类::写入特征值	写入特征值	世界树类.cpp:2983	把通用特征值写入指定特征节点。	26	5	member_or_public_like
世界树类::写入状态值	写入状态值	世界树类.cpp:2559	写入状态节点的状态值和可选时间戳。	6	2	member_or_public_like
世界树类::写入观察关系二次特征	写入观察关系二次特征	世界树类.cpp:2302	写入观察关系二次特征。	8	3	member_or_public_like
世界树类::写入轮廓比较二次特征	写入轮廓比较二次特征	世界树类.cpp:2478	把轮廓比较结果写入二次特征材料。	6	2	member_or_public_like
世界树类::创建二次特征	创建二次特征	世界树类.cpp:2189	创建并返回或登记对应对象。	19	5	member_or_public_like,contract_like
世界树类::创建二次特征_按度量	创建二次特征_按度量	世界树类.cpp:2195	按度量签名创建二次特征节点。	6	2	member_or_public_like,contract_like
世界树类::创建内部状态	创建内部状态	世界树类.cpp:2516	创建内部状态节点并登记到场景。	36	3	member_or_public_like,contract_like
世界树类::创建动态	创建动态	世界树类.cpp:2583	创建并返回或登记对应对象。	44	6	member_or_public_like,contract_like
世界树类::创建动态	创建动态	世界树类.cpp:2589	创建并返回或登记对应对象。	44	6	member_or_public_like,contract_like
世界树类::创建动态	创建动态	世界树类.cpp:2598	创建并返回或登记对应对象。	44	6	member_or_public_like,contract_like
世界树类::创建叶子抽象特征	创建叶子抽象特征	世界树类.cpp:1682	创建并返回或登记对应对象。	5	2	member_or_public_like,contract_like
世界树类::创建场景	创建场景	世界树类.cpp:2124	创建并返回或登记对应对象。	32	5	member_or_public_like,contract_like
世界树类::创建场景_按名称	创建场景_按名称	世界树类.cpp:2130	按名称创建场景节点，由世界树入口承接基础信息子节点创建。	15	2	member_or_public_like,contract_like
世界树类::创建复合抽象特征	创建复合抽象特征	世界树类.cpp:1696	创建并返回或登记对应对象。	5	2	member_or_public_like,contract_like
世界树类::创建存在	创建存在	世界树类.cpp:1905	创建并返回或登记对应对象。	38	11	member_or_public_like,contract_like
世界树类::创建存在实例	创建存在实例	世界树类.cpp:2037	创建并返回或登记对应对象。	5	2	member_or_public_like,contract_like
世界树类::创建抽象特征	创建抽象特征	世界树类.cpp:1676	创建并返回或登记对应对象。	34	12	member_or_public_like,contract_like
世界树类::创建方法动作动态	创建方法动作动态	世界树类.cpp:2609	创建方法动作动态并登记到场景。	16	3	member_or_public_like,contract_like
世界树类::创建特征	创建特征	世界树类.cpp:1773	创建并返回或登记对应对象。	18	5	member_or_public_like,contract_like
世界树类::创建特征_按类型	创建特征_按类型	世界树类.cpp:1779	按类型创建特征节点，由世界树入口承接基础信息子节点创建。	8	2	member_or_public_like,contract_like
世界树类::创建状态	创建状态	世界树类.cpp:2498	创建并返回或登记对应对象。	48	4	member_or_public_like,contract_like
世界树类::创建状态	创建状态	世界树类.cpp:2504	创建并返回或登记对应对象。	48	4	member_or_public_like,contract_like
世界树类::初始化	初始化	世界树类.cpp:1122	初始化相关对象、状态或运行上下文。	827	26	member_or_public_like
世界树类::初始化存在概念系统	初始化存在概念系统	世界树类.cpp:1630	初始化相关对象、状态或运行上下文。	6	2	member_or_public_like
世界树类::初始化常用抽象特征	初始化常用抽象特征	世界树类.cpp:1728	初始化常用抽象特征节点。	11	4	member_or_public_like
世界树类::初始化核心存在概念树	初始化核心存在概念树	世界树类.cpp:1462	初始化相关对象、状态或运行上下文。	5	4	member_or_public_like
世界树类::初始化核心概念默认特征槽	初始化核心概念默认特征槽	世界树类.cpp:1481	初始化相关对象、状态或运行上下文。	3	2	member_or_public_like
世界树类::初始化默认世界	初始化默认世界	世界树类.cpp:1132	初始化相关对象、状态或运行上下文。	7	2	member_or_public_like
世界树类::删除特征	删除特征	世界树类.cpp:1788	删除特征节点，由世界树入口承接基础信息节点删除。	8	3	member_or_public_like,contract_like
世界树类::刷新二次特征概念模板	刷新二次特征概念模板	世界树类.cpp:2364	根据二次特征当前主信息刷新概念模板引用。	3	1	member_or_public_like
世界树类::刷新存在比较二次特征	刷新存在比较二次特征	世界树类.cpp:3190	比较当前值、目标值或历史基准。	2	1	member_or_public_like
世界树类::动态	动态	世界树类.cpp:1198	按函数名执行对应处理。	4680	215	member_or_public_like
世界树类::动态	动态	世界树类.cpp:1201	按函数名执行对应处理。	4680	215	member_or_public_like
世界树类::动态聚合来源链相同	动态聚合来源链相同	世界树类.cpp:2689	比较聚合动态的来源低层动态链是否与输入动态列表一致。	6	2	member_or_public_like
世界树类::匹配抽象特征	匹配抽象特征	世界树类.cpp:1722	按函数名执行对应处理。	8	2	member_or_public_like
世界树类::升格实例稳态为抽象区间	升格实例稳态为抽象区间	世界树类.cpp:1758	按函数名执行对应处理。	2	1	member_or_public_like
世界树类::取VecU只读指针	取VecU只读指针	世界树类.cpp:1156	按 VecU 句柄读取值池中的只读向量指针。	10	6	member_or_public_like
世界树类::取二次特征主信息	取二次特征主信息	世界树类.cpp:2218	读取二次特征节点主信息，不创建或修改节点。	56	4	member_or_public_like
世界树类::取二次特征主信息	取二次特征主信息	世界树类.cpp:2224	读取二次特征节点主信息，不创建或修改节点。	56	4	member_or_public_like
世界树类::取动态主信息	取动态主信息	世界树类.cpp:2647	读取动态节点主信息，不创建或修改节点。	33	4	member_or_public_like
世界树类::取动态主信息	取动态主信息	世界树类.cpp:2653	读取动态节点主信息，不创建或修改节点。	33	4	member_or_public_like
世界树类::取因果主信息	取因果主信息	世界树类.cpp:2751	读取因果节点主信息，不创建或修改节点。	24	4	member_or_public_like
世界树类::取因果主信息	取因果主信息	世界树类.cpp:2757	读取因果节点主信息，不创建或修改节点。	24	4	member_or_public_like
世界树类::取因果模板主信息	取因果模板主信息	世界树类.cpp:2763	读取因果模板节点主信息，不创建或修改节点。	7	2	member_or_public_like
世界树类::取因果模板主信息	取因果模板主信息	世界树类.cpp:2769	读取因果模板节点主信息，不创建或修改节点。	7	2	member_or_public_like
世界树类::取存在主信息	取存在主信息	世界树类.cpp:1851	读取存在节点主信息，不创建或修改节点。	46	5	member_or_public_like
世界树类::取存在主信息	取存在主信息	世界树类.cpp:1857	读取存在节点主信息，不创建或修改节点。	46	5	member_or_public_like
世界树类::取存在内部世界	取存在内部世界	世界树类.cpp:3250	按函数名执行对应处理。	7	2	member_or_public_like
世界树类::取或创建子场景_按名称	取或创建子场景_按名称	世界树类.cpp:2139	创建并返回或登记对应对象。	13	5	member_or_public_like
世界树类::取或创建子存在_按名称类型	取或创建子存在_按名称类型	世界树类.cpp:1911	按名称和类型取或创建父节点下的直接子存在。	14	3	member_or_public_like
世界树类::取或创建子存在_按类型	取或创建子存在_按类型	世界树类.cpp:1920	创建并返回或登记对应对象。	40	2	member_or_public_like
世界树类::取或创建子存在_按类型并按特征I64	取或创建子存在_按类型并按特征I64	世界树类.cpp:1982	创建并返回或登记对应对象。	32	1	member_or_public_like
世界树类::取或创建子特征_按类型	取或创建子特征_按类型	世界树类.cpp:1800	创建并返回或登记对应对象。	49	3	member_or_public_like
世界树类::取或创建存在内部世界	取或创建存在内部世界	世界树类.cpp:3256	创建并返回或登记对应对象。	8	1	member_or_public_like
世界树类::取或创建存在概念根	取或创建存在概念根	世界树类.cpp:1371	创建并返回或登记对应对象。	9	4	member_or_public_like
世界树类::取或创建实例特征_按抽象特征	取或创建实例特征_按抽象特征	世界树类.cpp:1744	创建并返回或登记对应对象。	7	3	member_or_public_like
世界树类::取或创建抽象特征_按类型	取或创建抽象特征_按类型	世界树类.cpp:1734	创建并返回或登记对应对象。	8	1	member_or_public_like
世界树类::取或创建抽象特征根	取或创建抽象特征根	世界树类.cpp:1640	创建并返回或登记对应对象。	11	8	member_or_public_like
世界树类::取或创建自我存在	取或创建自我存在	世界树类.cpp:3229	创建并返回或登记对应对象。	5	1	member_or_public_like
世界树类::取或创建自我现实场景	取或创建自我现实场景	世界树类.cpp:3219	创建并返回或登记对应对象。	17	3	member_or_public_like
世界树类::取或创建默认世界	取或创建默认世界	世界树类.cpp:3212	创建并返回或登记对应对象。	8	7	member_or_public_like
世界树类::取抽象特征主信息	取抽象特征主信息	世界树类.cpp:1664	读取抽象特征节点主信息，不创建或修改节点。	61	4	member_or_public_like
世界树类::取抽象特征主信息	取抽象特征主信息	世界树类.cpp:1670	读取抽象特征节点主信息，不创建或修改节点。	61	4	member_or_public_like
世界树类::取特征主信息	取特征主信息	世界树类.cpp:1820	读取特征节点主信息，不创建或修改节点。	84	5	member_or_public_like
世界树类::取特征主信息	取特征主信息	世界树类.cpp:1826	读取特征节点主信息，不创建或修改节点。	84	5	member_or_public_like
世界树类::取状态主信息	取状态主信息	世界树类.cpp:2565	读取状态节点主信息，不创建或修改节点。	72	4	member_or_public_like
世界树类::取状态主信息	取状态主信息	世界树类.cpp:2571	读取状态节点主信息，不创建或修改节点。	72	4	member_or_public_like
世界树类::因果	因果	世界树类.cpp:1204	按函数名执行对应处理。	3086	149	member_or_public_like
世界树类::因果	因果	世界树类.cpp:1207	按函数名执行对应处理。	3086	149	member_or_public_like
世界树类::场景	场景	世界树类.cpp:1174	按函数名执行对应处理。	11523	297	member_or_public_like
世界树类::场景	场景	世界树类.cpp:1177	按函数名执行对应处理。	11523	297	member_or_public_like
世界树类::基础信息	基础信息	世界树类.cpp:1144	按函数名执行对应处理。	3474	211	member_or_public_like
世界树类::基础信息	基础信息	世界树类.cpp:1147	按函数名执行对应处理。	3474	211	member_or_public_like
世界树类::基础节点属于当前世界树	基础节点属于当前世界树	世界树类.cpp:1276	判断基础信息节点指针是否属于当前世界树。	11	1	member_or_public_like
世界树类::存在	存在	世界树类.cpp:1168	按函数名执行对应处理。	11203	420	member_or_public_like
世界树类::存在	存在	世界树类.cpp:1171	按函数名执行对应处理。	11203	420	member_or_public_like
世界树类::存在包含概念	存在包含概念	世界树类.cpp:2098	按函数名执行对应处理。	9	2	member_or_public_like
世界树类::存在因果条件模板	存在因果条件模板	世界树类.cpp:2850	判断因果节点是否登记了条件模板，不创建或修改节点。	6	2	member_or_public_like
世界树类::尝试生成同类事件段聚合动态	尝试生成同类事件段聚合动态	世界树类.cpp:2472	尝试按同类事件段规则生成聚合动态。	6	2	member_or_public_like
世界树类::尝试生成连续同向聚合动态	尝试生成连续同向聚合动态	世界树类.cpp:2466	尝试按连续同向规则生成聚合动态。	6	2	member_or_public_like
世界树类::按主键解析二次特征节点	按主键解析二次特征节点	世界树类.cpp:1252	按主键解析二次特征节点，不创建或修改节点。	9	3	member_or_public_like
世界树类::按主键解析动态节点	按主键解析动态节点	世界树类.cpp:1246	按主键解析动态节点，不创建或修改节点。	10	3	member_or_public_like
世界树类::按主键解析因果节点	按主键解析因果节点	世界树类.cpp:2787	按主键解析因果节点，不创建或修改节点。	12	6	member_or_public_like
世界树类::按主键解析因果节点	按主键解析因果节点	世界树类.cpp:2793	按主键解析因果节点，不创建或修改节点。	12	6	member_or_public_like
世界树类::按主键解析场景节点	按主键解析场景节点	世界树类.cpp:1228	按主键解析场景节点，不创建或修改节点。	11	3	member_or_public_like
世界树类::按主键解析存在节点	按主键解析存在节点	世界树类.cpp:1222	按主键解析存在节点，不创建或修改节点。	16	3	member_or_public_like
世界树类::按主键解析特征节点	按主键解析特征节点	世界树类.cpp:1234	按主键解析特征节点，不创建或修改节点。	19	3	member_or_public_like
世界树类::按主键解析状态节点	按主键解析状态节点	世界树类.cpp:1240	按主键解析状态节点，不创建或修改节点。	23	3	member_or_public_like
世界树类::按主键解析节点	按主键解析节点	世界树类.cpp:1216	按主键解析基础信息世界树节点，不创建或修改节点。	10	1	member_or_public_like
世界树类::是原子相邻动态	是原子相邻动态	世界树类.cpp:2669	判断动态是否为原子相邻动态，不创建或修改节点。	7	2	member_or_public_like
世界树类::是否当前活动状态	是否当前活动状态	世界树类.cpp:2535	判断指定状态是否仍是场景中同主体同特征口径的当前活动状态。	6	2	member_or_public_like
世界树类::是因果节点	是因果节点	世界树类.cpp:2799	判断基础信息节点是否承载因果主信息，不创建或修改节点。	8	2	member_or_public_like
世界树类::是场景节点	是场景节点	世界树类.cpp:1869	判断基础信息节点是否为场景节点，不创建或修改节点。	12	2	member_or_public_like
世界树类::是存在概念	是存在概念	世界树类.cpp:1378	按函数名执行对应处理。	6	2	member_or_public_like
世界树类::是存在节点	是存在节点	世界树类.cpp:1863	判断基础信息节点是否承载存在主信息。	14	2	member_or_public_like
世界树类::是实例存在	是实例存在	世界树类.cpp:1384	按函数名执行对应处理。	6	2	member_or_public_like
世界树类::枚举全部存在	枚举全部存在	世界树类.cpp:2110	枚举世界树中的全部存在节点，不创建或修改节点。	7	2	member_or_public_like,contract_like
世界树类::枚举因果条件目标状态	枚举因果条件目标状态	世界树类.cpp:2856	从因果条件模板和证据动态初始状态枚举条件目标状态，不创建或修改节点。	6	2	member_or_public_like,contract_like
世界树类::查找匹配因果模板	查找匹配因果模板	世界树类.cpp:2811	按二次特征条件和结果候选查找匹配的因果模板。	6	2	member_or_public_like,contract_like
世界树类::查找场景二次特征主信息	查找场景二次特征主信息	世界树类.cpp:2378	按场景、特征节点、方向、主体和领域查找二次特征主信息，不创建节点。	11	2	member_or_public_like,contract_like
世界树类::查找子存在_按名称	查找子存在_按名称	世界树类.cpp:1930	按名称查找父节点下的直接子存在，不创建或修改节点。	7	2	member_or_public_like,contract_like
世界树类::查找子存在_按类型	查找子存在_按类型	世界树类.cpp:1938	按类型查找父节点下的直接子存在，不创建或修改节点。	13	3	member_or_public_like,contract_like
世界树类::查找子抽象特征_按类型	查找子抽象特征_按类型	世界树类.cpp:1708	按类型查找抽象特征直接子节点，不创建或修改节点。	15	3	member_or_public_like,contract_like
世界树类::查找子特征_按类型	查找子特征_按类型	世界树类.cpp:1812	按类型查找宿主下的直接子特征，不创建或修改节点。	27	4	member_or_public_like,contract_like
世界树类::查找存在_按深度或彩图轮廓图	查找存在_按深度或彩图轮廓图	世界树类.cpp:2172	在场景直接子存在中按局部深度/彩图轮廓查找候选存在，只返回比较结果。	6	2	member_or_public_like,contract_like
世界树类::查找实例_按概念	查找实例_按概念	世界树类.cpp:2116	按条件查找目标对象、方法或事实。	5	2	member_or_public_like,contract_like
世界树类::查询主果方向命中因果	查询主果方向命中因果	世界树类.cpp:2865	按目标二次特征比较查询主果同向和反向命中的因果节点。	8	2	member_or_public_like
世界树类::查询叶子任务目标投影层级	查询叶子任务目标投影层级	世界树类.cpp:2927	查询叶子任务目标可能落入的结算贡献投影层级。	6	2	member_or_public_like
世界树类::查询因果动作来源	查询因果动作来源	世界树类.cpp:2821	读取因果动作来源的方法模板和动作语义，不创建或修改节点。	6	2	member_or_public_like
世界树类::查询因果链	查询因果链	世界树类.cpp:2907	从目标结果状态或目标结果特征回溯现有状态转换因果边。	6	2	member_or_public_like
世界树类::查询自检原子目标投影	查询自检原子目标投影	世界树类.cpp:2953	查询自检原子目标的状态转换因果投影、来源因果和缺失证据。	6	2	member_or_public_like
世界树类::标记状态变化	标记状态变化	世界树类.cpp:2577	仅写入状态节点显示缓存；权威变化关系由动态或二次特征比较生成。	6	1	member_or_public_like
世界树类::校验抽象特征子链	校验抽象特征子链	世界树类.cpp:1716	按函数名执行对应处理。	7	2	member_or_public_like
世界树类::根据概念扩充实例记忆	根据概念扩充实例记忆	世界树类.cpp:2062	按函数名执行对应处理。	4	3	member_or_public_like
世界树类::比较存在	比较存在	世界树类.cpp:3178	比较当前值、目标值或历史基准。	37	2	member_or_public_like
世界树类::比较状态	比较状态	世界树类.cpp:1832	比较当前值、目标值或历史基准。	57	3	member_or_public_like
世界树类::比较轮廓特征_按特征类型	比较轮廓特征_按特征类型	世界树类.cpp:3157	比较当前值、目标值或历史基准。	3	1	member_or_public_like
世界树类::求值组合抽象特征	求值组合抽象特征	世界树类.cpp:1764	按函数名执行对应处理。	5	2	member_or_public_like
世界树类::添加实例概念	添加实例概念	世界树类.cpp:2049	按函数名执行对应处理。	12	3	member_or_public_like
世界树类::清除最近清理问题快照	清除最近清理问题快照	世界树类.cpp:2547	清除状态清理最近问题快照。	6	2	member_or_public_like
世界树类::特征	特征	世界树类.cpp:1162	按函数名执行对应处理。	23235	693	member_or_public_like
世界树类::特征	特征	世界树类.cpp:1165	按函数名执行对应处理。	23235	693	member_or_public_like
世界树类::状态	状态	世界树类.cpp:1192	按函数名执行对应处理。	21410	230	member_or_public_like
世界树类::状态	状态	世界树类.cpp:1195	按函数名执行对应处理。	21410	230	member_or_public_like
世界树类::状态记录后刷新动态	状态记录后刷新动态	世界树类.cpp:2703	记录状态后刷新或创建相邻动态。	6	2	member_or_public_like
世界树类::生成因果信息	生成因果信息	世界树类.cpp:2733	按动态信息生成或命中因果信息。	36	2	member_or_public_like
世界树类::生成抽象因果自然语言	生成抽象因果自然语言	世界树类.cpp:2805	把因果模板转换为基础命名显示使用的自然语言。	6	2	member_or_public_like
世界树类::生成相邻动态协同二次特征	生成相邻动态协同二次特征	世界树类.cpp:2457	为相邻动态生成协同二次特征。	6	2	member_or_public_like
世界树类::确保二次特征列表具备默认值	确保二次特征列表具备默认值	世界树类.cpp:2370	确保二次特征引用列表中的条件节点具备默认值。	7	2	member_or_public_like
世界树类::确保存在三类根节点	确保存在三类根节点	世界树类.cpp:1899	确保目标结构、状态或前置条件存在并可用。	7	2	member_or_public_like
世界树类::确保存在概念	确保存在概念	世界树类.cpp:2012	确保目标结构、状态或前置条件存在并可用。	22	14	member_or_public_like
世界树类::确保核心概念_事件	确保核心概念_事件	世界树类.cpp:1450	确保目标结构、状态或前置条件存在并可用。	4	3	member_or_public_like
世界树类::确保核心概念_任务	确保核心概念_任务	世界树类.cpp:1432	确保目标结构、状态或前置条件存在并可用。	6	4	member_or_public_like
世界树类::确保核心概念_方法	确保核心概念_方法	世界树类.cpp:1438	确保目标结构、状态或前置条件存在并可用。	6	4	member_or_public_like
世界树类::确保核心概念_状态	确保核心概念_状态	世界树类.cpp:1444	确保目标结构、状态或前置条件存在并可用。	4	3	member_or_public_like
世界树类::确保核心概念_自我	确保核心概念_自我	世界树类.cpp:1420	确保目标结构、状态或前置条件存在并可用。	7	4	member_or_public_like
世界树类::确保核心概念_规则	确保核心概念_规则	世界树类.cpp:1456	确保目标结构、状态或前置条件存在并可用。	4	3	member_or_public_like
世界树类::确保核心概念_需求	确保核心概念_需求	世界树类.cpp:1426	确保目标结构、状态或前置条件存在并可用。	4	3	member_or_public_like
世界树类::确保根概念_信息存在	确保根概念_信息存在	世界树类.cpp:1408	确保目标结构、状态或前置条件存在并可用。	7	6	member_or_public_like
世界树类::确保根概念_存在	确保根概念_存在	世界树类.cpp:1390	确保目标结构、状态或前置条件存在并可用。	13	8	member_or_public_like
世界树类::确保根概念_实物存在	确保根概念_实物存在	世界树类.cpp:1396	确保目标结构、状态或前置条件存在并可用。	4	3	member_or_public_like
世界树类::确保根概念_数字生命	确保根概念_数字生命	世界树类.cpp:1414	确保目标结构、状态或前置条件存在并可用。	7	4	member_or_public_like
世界树类::确保根概念_虚拟存在	确保根概念_虚拟存在	世界树类.cpp:1402	确保目标结构、状态或前置条件存在并可用。	9	6	member_or_public_like
世界树类::确保特征	确保特征	世界树类.cpp:1794	确保目标结构、状态或前置条件存在并可用。	32	7	member_or_public_like
世界树类::确保被动触发初始因果模板	确保被动触发初始因果模板	世界树类.cpp:2885	确保被动触发初始因果模板存在，按结构签名命中后追加证据动态。	12	3	member_or_public_like
世界树类::绑定二次特征场景	绑定二次特征场景	世界树类.cpp:2230	绑定二次特征所属场景。	11	1	member_or_public_like
世界树类::绑定二次特征来源	绑定二次特征来源	世界树类.cpp:2248	绑定二次特征来源状态、动态和场景。	12	2	member_or_public_like
世界树类::绑定场景宿主	绑定场景宿主	世界树类.cpp:2148	建立场景与宿主存在之间的绑定关系。	4	1	member_or_public_like
世界树类::绑定来源场景	绑定来源场景	世界树类.cpp:2727	绑定动态来源输入和输出场景。	10	2	member_or_public_like
世界树类::绑定来源方法	绑定来源方法	世界树类.cpp:2718	绑定动态来源方法。	6	2	member_or_public_like
世界树类::绑定核心概念语素	绑定核心概念语素	世界树类.cpp:1595	建立对象、任务、方法或因果之间的绑定关系。	4	3	member_or_public_like
世界树类::绑定状态主体特征	绑定状态主体特征	世界树类.cpp:2553	绑定状态节点的主体和特征引用。	3	1	member_or_public_like
世界树类::统计全部节点	统计全部节点	世界树类.cpp:1270	统计当前世界树基础信息节点总数，不返回节点集合。	4	1	member_or_public_like
世界树类::获取任务根节点	获取任务根节点	世界树类.cpp:1958	读取任务根节点，不创建或修改节点。	33	4	member_or_public_like,contract_like
世界树类::获取任务根节点	获取任务根节点	世界树类.cpp:1964	读取任务根节点，不创建或修改节点。	33	4	member_or_public_like,contract_like
世界树类::获取动态二次特征	获取动态二次特征	世界树类.cpp:2451	读取或生成指定动态关联的二次特征集合。	8	2	member_or_public_like,contract_like
世界树类::获取名称	获取名称	世界树类.cpp:1289	读取并返回指定对象、状态或运行材料。	5	2	member_or_public_like,contract_like
世界树类::获取场景动态	获取场景动态	世界树类.cpp:2697	读取场景动态事实目录中的动态节点快照。	8	2	member_or_public_like,contract_like
世界树类::获取场景状态	获取场景状态	世界树类.cpp:2529	读取场景状态集合，不创建或修改节点。	11	2	member_or_public_like,contract_like
世界树类::获取子二次特征	获取子二次特征	世界树类.cpp:2204	读取父节点下的直接子二次特征，不创建或修改节点。	15	2	member_or_public_like,contract_like
世界树类::获取子存在	获取子存在	世界树类.cpp:2104	读取父节点下的直接子存在，不创建或修改节点。	24	3	member_or_public_like,contract_like
世界树类::获取子特征	获取子特征	世界树类.cpp:1806	读取宿主下的直接子特征，不创建或修改节点。	20	4	member_or_public_like,contract_like
世界树类::获取子节点	获取子节点	世界树类.cpp:1264	读取并返回指定对象、状态或运行材料。	25	1	member_or_public_like,contract_like
世界树类::获取或创建子二次特征_按签名	获取或创建子二次特征_按签名	世界树类.cpp:2210	按二次特征签名读取或显式创建父节点下的子二次特征。	14	2	member_or_public_like,contract_like
世界树类::获取方法根节点	获取方法根节点	世界树类.cpp:1970	读取方法根节点，不创建或修改节点。	34	4	member_or_public_like,contract_like
世界树类::获取方法根节点	获取方法根节点	世界树类.cpp:1976	读取方法根节点，不创建或修改节点。	34	4	member_or_public_like,contract_like
世界树类::获取概念集	获取概念集	世界树类.cpp:1887	读取并返回指定对象、状态或运行材料。	6	3	member_or_public_like,contract_like
世界树类::获取比较方法结果	获取比较方法结果	世界树类.cpp:1840	读取并返回特征值比较方法结果。	11	2	member_or_public_like,contract_like
世界树类::获取父节点	获取父节点	世界树类.cpp:1258	读取世界树节点的父节点，不创建或修改节点。	12	1	member_or_public_like,contract_like
世界树类::获取需求根节点	获取需求根节点	世界树类.cpp:1946	读取需求根节点，不创建或修改节点。	30	4	member_or_public_like,contract_like
世界树类::获取需求根节点	获取需求根节点	世界树类.cpp:1952	读取需求根节点，不创建或修改节点。	30	4	member_or_public_like,contract_like
世界树类::解析因果节点	解析因果节点	世界树类.cpp:2775	把基础信息节点解析为因果节点，不创建或修改节点。	29	10	member_or_public_like
世界树类::解析因果节点	解析因果节点	世界树类.cpp:2781	把基础信息节点解析为因果节点，不创建或修改节点。	29	10	member_or_public_like
世界树类::解析实例特征命中抽象特征	解析实例特征命中抽象特征	世界树类.cpp:1752	解析输入文本、消息、场景或运行包。	10	2	member_or_public_like
世界树类::计算动态列表路径签名	计算动态列表路径签名	世界树类.cpp:2683	按动态节点列表计算聚合路径签名，用于来源链快速过滤。	6	2	member_or_public_like
世界树类::计算场景绝对坐标_由参考存在相对坐标	计算场景绝对坐标_由参考存在相对坐标	世界树类.cpp:3297	计算权重、状态、差值或派生结果。	7	2	member_or_public_like
世界树类::计算场景绝对坐标_由相对坐标表	计算场景绝对坐标_由相对坐标表	世界树类.cpp:3332	计算权重、状态、差值或派生结果。	6	2	member_or_public_like
世界树类::设置主体特征	设置主体特征	世界树类.cpp:2712	设置动态主体和特征。	10	2	member_or_public_like,contract_like
世界树类::设置二次特征主体客体	设置二次特征主体客体	世界树类.cpp:2278	设置二次特征主体和客体。	9	1	member_or_public_like,contract_like
世界树类::设置二次特征左右对象	设置二次特征左右对象	世界树类.cpp:2284	设置二次特征左右比较对象。	9	1	member_or_public_like,contract_like
世界树类::设置二次特征生成语义	设置二次特征生成语义	世界树类.cpp:2236	设置二次特征生成语义。	12	2	member_or_public_like,contract_like
世界树类::读取动态来源低层动态	读取动态来源低层动态	世界树类.cpp:2675	读取动态来源低层动态引用链，不创建或修改节点。	10	3	member_or_public_like,contract_like
世界树类::读取动态聚合信息	读取动态聚合信息	世界树类.cpp:2659	读取动态聚合层级、聚合方式和路径签名，不创建或修改节点。	21	2	member_or_public_like,contract_like
世界树类::读取因果证据状态	读取因果证据状态	世界树类.cpp:2832	读取因果证据状态和基础计数判断，不创建或修改节点。	12	3	member_or_public_like,contract_like
世界树类::读取场景二次特征布尔	读取场景二次特征布尔	世界树类.cpp:2396	读取场景二次特征布尔值，不创建节点。	10	3	member_or_public_like,contract_like
世界树类::读取场景二次特征索引快照	读取场景二次特征索引快照	世界树类.cpp:2166	读取场景二次特征事实目录的引用快照，不解释二次特征业务含义。	7	2	member_or_public_like,contract_like
世界树类::读取场景宿主存在	读取场景宿主存在	世界树类.cpp:2154	读取场景宿主存在引用，优先返回缓存指针，缺指针时按主键只读解析。	8	3	member_or_public_like,contract_like
世界树类::读取场景状态索引快照	读取场景状态索引快照	世界树类.cpp:2160	读取场景状态事实目录的引用快照，不解释状态值业务含义。	15	2	member_or_public_like,contract_like
世界树类::读取存在名称	读取存在名称	世界树类.cpp:1875	读取存在名称入口，不创建或补齐任何结构。	7	3	member_or_public_like,contract_like
世界树类::读取存在场景绝对坐标	读取存在场景绝对坐标	世界树类.cpp:3274	从指定来源读取数据或状态。	15	3	member_or_public_like,contract_like
世界树类::读取存在类型	读取存在类型	世界树类.cpp:1881	读取存在类型入口，不创建或补齐任何结构。	8	4	member_or_public_like,contract_like
世界树类::读取最近清理问题快照	读取最近清理问题快照	世界树类.cpp:2541	读取状态清理最近问题快照，不修改状态索引。	6	2	member_or_public_like,contract_like
世界树类::读取最近观测位置缓存	读取最近观测位置缓存	世界树类.cpp:1893	读取最近观测位置缓存；缓存只作为特征化或显示输入。	9	3	member_or_public_like,contract_like
世界树类::读取特征VecI64	读取特征VecI64	世界树类.cpp:3131	从指定来源读取数据或状态。	8	4	member_or_public_like,contract_like
世界树类::读取特征VecI64	读取特征VecI64	世界树类.cpp:3141	从指定来源读取数据或状态。	8	4	member_or_public_like,contract_like
世界树类::读取特征VecU	读取特征VecU	世界树类.cpp:3121	从指定来源读取数据或状态。	4	2	member_or_public_like,contract_like
世界树类::读取特征_I64	读取特征_I64	世界树类.cpp:3072	从指定来源读取数据或状态。	84	3	member_or_public_like,contract_like
世界树类::读取特征_I64	读取特征_I64	世界树类.cpp:3083	从指定来源读取数据或状态。	84	3	member_or_public_like,contract_like
世界树类::读取特征_指针	读取特征_指针	世界树类.cpp:3094	从指定来源读取数据或状态。	41	2	member_or_public_like,contract_like
世界树类::读取特征_指针	读取特征_指针	世界树类.cpp:3106	从指定来源读取数据或状态。	41	2	member_or_public_like,contract_like
世界树类::读取特征快照	读取特征快照	世界树类.cpp:3060	从指定来源读取数据或状态。	19	8	member_or_public_like,contract_like
世界树类::读取特征快照	读取特征快照	世界树类.cpp:3066	从指定来源读取数据或状态。	19	8	member_or_public_like,contract_like
世界树类::追加来源低层动态	追加来源低层动态	世界树类.cpp:2641	向动态来源链追加低层动态引用。	15	2	member_or_public_like
世界树类::重写世界树SQL投影	重写世界树SQL投影	世界树类.cpp:1295	把当前世界树本体重写到 SQL Server 查询投影。	3	1	member_or_public_like
世界树类::默认特征差异度	默认特征差异度	世界树类.cpp:3373	按函数名执行对应处理。	3	2	member_or_public_like
丢弃已绑定方法时的泛化学习缺口	丢弃已绑定方法时的泛化学习缺口	任务模块.筹办.ixx:203	建立对象、任务、方法或因果之间的绑定关系。	2	2
串接提交入口来源动作动态	串接提交入口来源动作动态	自我动作实现.外设模块.ixx:23270	提交事实、动态、任务状态或运行回执。	5	5
主信息	主信息	二次特征应用模块.ixx:42	按函数名执行对应处理。	5824	476
主判断主体	主判断主体	自我线程模块.impl.cpp:13753	判断条件、状态或业务结果是否成立。	4	4
二次特征主信息_桥接	二次特征主信息_桥接	二次特征应用模块.ixx:168	按函数名执行对应处理。	9	6
二次特征主信息类	二次特征主信息类	基础信息主信息类.h:600	按函数名执行对应处理。	192	5	header_or_inline
二次特征生成模块::写入场景二次特征	写入场景二次特征	二次特征应用模块.ixx:2261	把处理结果写入指定对象、场景或日志。	11	9	member_or_public_like
二次特征生成模块::写入轮廓比较二次特征	写入轮廓比较二次特征	二次特征应用模块.ixx:2992	把处理结果写入指定对象、场景或日志。	6	2	member_or_public_like
二次特征生成模块::创建任务结果方向二次特征	创建任务结果方向二次特征	二次特征应用模块.ixx:2222	创建并返回或登记对应对象。	2	2	member_or_public_like,contract_like
二次特征生成模块::刷新场景存在型基础二次特征	刷新场景存在型基础二次特征	二次特征应用模块.ixx:3501	按函数名执行对应处理。	6	2	member_or_public_like
二次特征生成模块::取或创建场景条件二次特征_布尔	取或创建场景条件二次特征_布尔	二次特征应用模块.ixx:2567	创建并返回或登记对应对象。	2	2	member_or_public_like
二次特征生成模块::取或创建场景条件二次特征_枚举	取或创建场景条件二次特征_枚举	二次特征应用模块.ixx:2594	创建并返回或登记对应对象。	4	4	member_or_public_like
二次特征生成模块::取或创建场景条件二次特征_枚举	取或创建场景条件二次特征_枚举	二次特征应用模块.ixx:2624	创建并返回或登记对应对象。	4	4	member_or_public_like
二次特征生成模块::尝试生成同类事件段聚合动态	尝试生成同类事件段聚合动态	二次特征应用模块.ixx:3239	根据当前输入生成目标数据、场景、动态或回执。	6	2	member_or_public_like
二次特征生成模块::尝试生成连续同向聚合动态	尝试生成连续同向聚合动态	二次特征应用模块.ixx:3110	根据当前输入生成目标数据、场景、动态或回执。	6	2	member_or_public_like
二次特征生成模块::查找场景二次特征_按签名	查找场景二次特征_按签名	二次特征应用模块.ixx:2463	按条件查找目标对象、方法或事实。	3	3	member_or_public_like,contract_like
二次特征生成模块::查找场景二次特征主信息	查找场景二次特征主信息	二次特征应用模块.ixx:2482	按条件查找目标对象、方法或事实。	11	4	member_or_public_like,contract_like
二次特征生成模块::生成相邻动态协同二次特征	生成相邻动态协同二次特征	二次特征应用模块.ixx:2784	根据当前输入生成目标数据、场景、动态或回执。	6	2	member_or_public_like
二次特征生成模块::由存在比较结果生成二次特征	由存在比较结果生成二次特征	二次特征应用模块.ixx:2902	根据当前输入生成目标数据、场景、动态或回执。	3	2	member_or_public_like
二次特征生成模块::由状态比较生成二次特征	由状态比较生成二次特征	二次特征应用模块.ixx:2655	根据当前输入生成目标数据、场景、动态或回执。	2	2	member_or_public_like
二次特征生成模块::确保二次特征具备默认值	确保二次特征具备默认值	二次特征应用模块.ixx:2411	确保目标结构、状态或前置条件存在并可用。	3	3	member_or_public_like
二次特征生成模块::确保二次特征列表具备默认值	确保二次特征列表具备默认值	二次特征应用模块.ixx:2453	确保目标结构、状态或前置条件存在并可用。	7	2	member_or_public_like
二次特征生成模块::绑定世界树	绑定世界树	二次特征应用模块.ixx:2216	建立对象、任务、方法或因果之间的绑定关系。	2	2	member_or_public_like
二次特征生成模块::获取动态二次特征	获取动态二次特征	二次特征应用模块.ixx:2770	读取并返回指定对象、状态或运行材料。	8	4	member_or_public_like,contract_like
二次特征生成模块::读取场景二次特征布尔	读取场景二次特征布尔	二次特征应用模块.ixx:2527	从指定来源读取数据或状态。	10	2	member_or_public_like,contract_like
二次特征生成模块::读取场景二次特征标量	读取场景二次特征标量	二次特征应用模块.ixx:2547	从指定来源读取数据或状态。	2	2	member_or_public_like,contract_like
二次特征类::主信息引用概念入口_直接	主信息引用概念入口_直接	二次特征类.cpp:524	判断二次特征主信息是否引用指定概念入口。	3	1	member_or_public_like
二次特征类::二次特征模板匹配	二次特征模板匹配	二次特征类.cpp:580	判断二次特征是否命中二次特征模板。	3	1	member_or_public_like
二次特征类::写入差值结果	写入差值结果	二次特征类.cpp:1202	把处理结果写入指定对象、场景或日志。	3	1	member_or_public_like
二次特征类::写入标量值	写入标量值	二次特征类.cpp:1217	把处理结果写入指定对象、场景或日志。	11	6	member_or_public_like
二次特征类::写入标量值_已取主信息	写入标量值_已取主信息	二次特征类.cpp:1236	把处理结果写入指定对象、场景或日志。	7	4	member_or_public_like
二次特征类::写入离散值	写入离散值	二次特征类.cpp:1426	把处理结果写入指定对象、场景或日志。	9	5	member_or_public_like
二次特征类::写入离散值_已取主信息	写入离散值_已取主信息	二次特征类.cpp:1451	把处理结果写入指定对象、场景或日志。	7	4	member_or_public_like
二次特征类::写入观察关系二次特征	写入观察关系二次特征	二次特征类.cpp:1257	写入观察关系二次特征。	8	2	member_or_public_like
二次特征类::创建二次特征	创建二次特征	二次特征类.cpp:590	创建并返回或登记对应对象。	19	9	member_or_public_like,contract_like
二次特征类::创建二次特征_按度量	创建二次特征_按度量	二次特征类.cpp:604	创建并返回或登记对应对象。	6	1	member_or_public_like,contract_like
二次特征类::创建语素入口概念模板主信息_直接	创建语素入口概念模板主信息_直接	二次特征类.cpp:510	创建语素入口对应的二次特征概念模板主信息。	3	1	member_or_public_like,contract_like
二次特征类::删除二次特征	删除二次特征	二次特征类.cpp:955	删除指定对象、状态或登记项。	3	1	member_or_public_like,contract_like
二次特征类::刷新度量签名_链键	刷新度量签名_链键	二次特征类.cpp:1574	按函数名执行对应处理。	23	10	member_or_public_like
二次特征类::刷新概念模板	刷新概念模板	二次特征类.cpp:1583	按函数名执行对应处理。	24	21	member_or_public_like
二次特征类::取二次特征主信息	取二次特征主信息	二次特征类.cpp:274	按函数名执行对应处理。	56	36	member_or_public_like
二次特征类::取二次特征主信息	取二次特征主信息	二次特征类.cpp:280	按函数名执行对应处理。	56	36	member_or_public_like
二次特征类::按主键解析二次特征节点	按主键解析二次特征节点	二次特征类.cpp:286	按主键查找并解析二次特征节点，不创建或修改节点。	9	1	member_or_public_like
二次特征类::按差值命中概念节点	按差值命中概念节点	二次特征类.cpp:892	按函数名执行对应处理。	2	1	member_or_public_like
二次特征类::是状态迁移二次特征	是状态迁移二次特征	二次特征类.cpp:333	判断节点是否为状态迁移二次特征。	4	1	member_or_public_like
二次特征类::枚举全部二次特征	枚举全部二次特征	二次特征类.cpp:972	按函数名执行对应处理。	3	1	member_or_public_like,contract_like
二次特征类::注册概念小区间	注册概念小区间	二次特征类.cpp:844	注册方法、模板、对象或运行入口。	2	1	member_or_public_like,contract_like
二次特征类::用概念名称反查节点	用概念名称反查节点	二次特征类.cpp:928	按函数名执行对应处理。	2	1	member_or_public_like
二次特征类::私有_写入标量值_已取主信息	私有_写入标量值_已取主信息	二次特征类.cpp:1315	把处理结果写入指定对象、场景或日志。	4	3
二次特征类::私有_写入离散值_已取主信息	私有_写入离散值_已取主信息	二次特征类.cpp:1474	把处理结果写入指定对象、场景或日志。	4	3
二次特征类::私有_确保默认概念刻度	私有_确保默认概念刻度	二次特征类.cpp:1782	确保目标结构、状态或前置条件存在并可用。	7	6
二次特征类::绑定场景	绑定场景	二次特征类.cpp:996	建立对象、任务、方法或因果之间的绑定关系。	20	7	member_or_public_like
二次特征类::绑定基础信息	绑定基础信息	二次特征类.cpp:266	建立对象、任务、方法或因果之间的绑定关系。	34	1	member_or_public_like
二次特征类::绑定来源	绑定来源	二次特征类.cpp:1099	建立对象、任务、方法或因果之间的绑定关系。	22	2	member_or_public_like
二次特征类::统计状态引用数量	统计状态引用数量	二次特征类.cpp:442	统计二次特征中引用指定状态的次数。	6	1	member_or_public_like
二次特征类::获取子二次特征	获取子二次特征	二次特征类.cpp:984	读取并返回指定对象、状态或运行材料。	15	8	member_or_public_like,contract_like
二次特征类::获取或创建子二次特征_按签名	获取或创建子二次特征_按签名	二次特征类.cpp:619	创建并返回或登记对应对象。	14	1	member_or_public_like,contract_like
二次特征类::获取或创建度量链根	获取或创建度量链根	二次特征类.cpp:812	创建并返回或登记对应对象。	3	2	member_or_public_like,contract_like
二次特征类::获取或创建概念树根	获取或创建概念树根	二次特征类.cpp:789	创建并返回或登记对应对象。	3	2	member_or_public_like,contract_like
二次特征类::融合同向状态迁移可融合标量区间	融合同向状态迁移可融合标量区间	二次特征类.cpp:534	把同向状态迁移候选的可融合标量区间合并到目标二次特征。	3	1	member_or_public_like
二次特征类::设置主体客体	设置主体客体	二次特征类.cpp:1178	设置对象字段、状态或运行参数。	4	2	member_or_public_like,contract_like
二次特征类::设置左右对象	设置左右对象	二次特征类.cpp:1190	设置对象字段、状态或运行参数。	3	1	member_or_public_like,contract_like
二次特征类::设置生成语义	设置生成语义	二次特征类.cpp:1076	根据当前输入生成目标数据、场景、动态或回执。	4	2	member_or_public_like,contract_like
二次特征类::读取可融合标量区间	读取可融合标量区间	二次特征类.cpp:340	读取可用于因果融合的标量区间，不创建或修改节点。	4	3	member_or_public_like,contract_like
二次特征类::读取差值_直接	读取差值_直接	二次特征类.cpp:459	读取二次特征差值，不创建或修改节点。	6	3	member_or_public_like,contract_like
二次特征类::读取差值_直接	读取差值_直接	二次特征类.cpp:470	读取二次特征差值，不创建或修改节点。	6	3	member_or_public_like,contract_like
二次特征类::读取方向比较结果编码_直接	读取方向比较结果编码_直接	二次特征类.cpp:400	读取方向比较结果编码，不创建或修改节点。	7	3	member_or_public_like,contract_like
二次特征类::读取方向比较结果编码_直接	读取方向比较结果编码_直接	二次特征类.cpp:431	读取方向比较结果编码，不创建或修改节点。	7	3	member_or_public_like,contract_like
二次特征类::读取方向签名材料_直接	读取方向签名材料_直接	二次特征类.cpp:363	读取方向签名材料，不创建或修改节点。	8	3	member_or_public_like,contract_like
二次特征类::读取方向签名材料_直接	读取方向签名材料_直接	二次特征类.cpp:389	读取方向签名材料，不创建或修改节点。	8	3	member_or_public_like,contract_like
二次特征类::读取标量值_直接	读取标量值_直接	二次特征类.cpp:479	读取二次特征标量值，不创建或修改节点。	5	1	member_or_public_like,contract_like
二次特征类::读取状态迁移来源	读取状态迁移来源	二次特征类.cpp:296	读取状态迁移二次特征的来源状态和动态，不创建或修改节点。	7	1	member_or_public_like,contract_like
二次特征类::读取离散值_直接	读取离散值_直接	二次特征类.cpp:490	读取二次特征离散值，不创建或修改节点。	3	1	member_or_public_like,contract_like
人类词性是否兼容基础信息类型	人类词性是否兼容基础信息类型	语素主信息类.h:325	按函数名执行对应处理。	2	1	header_or_inline
从任务推进事件构造治理消息	从任务推进事件构造治理消息	自我线程模块.消息协议.ixx:1318	按函数名执行对应处理。	3	2
从任务管理上行消息构造治理消息	从任务管理上行消息构造治理消息	自我线程模块.消息协议.ixx:1779	按函数名执行对应处理。	3	2
从任务管理执行前许可请求构造治理消息	从任务管理执行前许可请求构造治理消息	自我线程模块.消息协议.ixx:1697	执行任务、方法或动作的主体逻辑。	3	3
从任务管理派生需求消息构造治理消息	从任务管理派生需求消息构造治理消息	自我线程模块.消息协议.ixx:1454	按函数名执行对应处理。	3	3
从任务管理线程状态消息构造治理消息	从任务管理线程状态消息构造治理消息	自我线程模块.消息协议.ixx:1399	按函数名执行对应处理。	3	3
从任务管理结果状态消息构造治理消息	从任务管理结果状态消息构造治理消息	自我线程模块.消息协议.ixx:1539	按函数名执行对应处理。	3	3
从任务管理观察事实承接请求构造治理消息	从任务管理观察事实承接请求构造治理消息	自我线程模块.消息协议.ixx:1645	按函数名执行对应处理。	3	3
从全链环摘除	从全链环摘除	双向链表模板核心.h:112	按函数名执行对应处理。	2	2	header_or_inline
从动作生成单消息处理结果	从动作生成单消息处理结果	自我线程模块.消息处理器.ixx:209	根据当前输入生成目标数据、场景、动态或回执。	10	10
从同层环摘除	从同层环摘除	双向链表模板核心.h:85	按函数名执行对应处理。	2	2	header_or_inline
从处理类型映射动作类型	从处理类型映射动作类型	自我线程模块.消息协议.ixx:468	按函数名执行对应处理。	4	4
从帧生成结果	从帧生成结果	双目相机本能适配器.cpp:1013	根据当前输入生成目标数据、场景、动态或回执。	2	2
从控制面板刷新请求构造治理消息	从控制面板刷新请求构造治理消息	自我线程模块.消息协议.ixx:1752	按函数名执行对应处理。	2	2
从本能动作管理器注册	从本能动作管理器注册	动作线程类.ixx:175	注册方法、模板、对象或运行入口。	2	2
从状态补齐目标主体和特征缓存_已加锁	从状态补齐目标主体和特征缓存_已加锁	需求类.h:1034	补齐条件、参数、证据或方法能力缺口。	5	5	header_or_inline
从目标宿主复制I64实参_筹办	从目标宿主复制I64实参_筹办	任务模块.筹办.ixx:4152	推进任务筹办，形成候选、缺口或就绪回执。	2	2
从筹办候选集中选择当前方法	从筹办候选集中选择当前方法	任务模块.筹办.ixx:2957	从候选集中选择当前使用对象或方法。	2	2
从线程状态消息构造执行尝试汇总	从线程状态消息构造执行尝试汇总	自我线程模块.消息协议.ixx:1240	执行任务、方法或动作的主体逻辑。	3	3
从结果消息构造执行尝试汇总	从结果消息构造执行尝试汇总	自我线程模块.消息协议.ixx:1249	执行任务、方法或动作的主体逻辑。	3	3
从自检报告消息构造治理消息	从自检报告消息构造治理消息	自我线程模块.消息协议.ixx:1609	按函数名执行对应处理。	3	2
任务主键_筹办日志	任务主键_筹办日志	任务模块.筹办.ixx:157	推进任务筹办，形成候选、缺口或就绪回执。	82	82
任务参数缺口目标主体	任务参数缺口目标主体	任务模块.筹办.ixx:3735	按函数名执行对应处理。	4	4
任务对应需求目标特征类型	任务对应需求目标特征类型	任务模块.筹办.ixx:502	按函数名执行对应处理。	9	9
任务已绑定非治理方法	任务已绑定非治理方法	任务模块.筹办.ixx:4967	建立对象、任务、方法或因果之间的绑定关系。	3	3
任务应跳过价值目标空占位方法	任务应跳过价值目标空占位方法	任务模块.筹办.ixx:2285	按函数名执行对应处理。	2	2
任务提交前一结果状态	任务提交前一结果状态	自我动作实现模块.ixx:10580	提交事实、动态、任务状态或运行回执。	2	2
任务方法结构补齐目标方法	任务方法结构补齐目标方法	任务模块.筹办.ixx:3022	补齐条件、参数、证据或方法能力缺口。	5	5
任务来源需求	任务来源需求	任务模块.筹办.ixx:419	按函数名执行对应处理。	69	17
任务状态动作动态创建阶段采样序号	任务状态动作动态创建阶段采样序号	自我动作实现模块.ixx:10726	创建并返回或登记对应对象。	3	3
任务状态动作动态失败原因文本	任务状态动作动态失败原因文本	自我动作实现模块.ixx:10251	按函数名执行对应处理。	2	2
任务状态动作动态失败原因词	任务状态动作动态失败原因词	自我动作实现模块.ixx:10277	按函数名执行对应处理。	2	2
任务状态提交来源方法可生成动作动态	任务状态提交来源方法可生成动作动态	自我动作实现模块.ixx:10303	根据当前输入生成目标数据、场景、动态或回执。	3	3
任务状态提交诊断日志启用	任务状态提交诊断日志启用	自我动作实现模块.ixx:4180	提交事实、动态、任务状态或运行回执。	5	5
任务状态被动提交内部阶段时间点	任务状态被动提交内部阶段时间点	自我动作实现模块.ixx:10696	提交事实、动态、任务状态或运行回执。	33	33
任务状态被动提交内部阶段耗时微秒	任务状态被动提交内部阶段耗时微秒	自我动作实现模块.ixx:10702	提交事实、动态、任务状态或运行回执。	18	18
任务状态被动提交内部阶段采样序号	任务状态被动提交内部阶段采样序号	自我动作实现模块.ixx:10711	提交事实、动态、任务状态或运行回执。	2	2
任务状态被动提交函数槽	任务状态被动提交函数槽	自我动作实现.内部模块.ixx:123	提交事实、动态、任务状态或运行回执。	3	3
任务目标是安全服务值	任务目标是安全服务值	任务模块.筹办.ixx:2262	按函数名执行对应处理。	3	3
任务目标是方法结构补齐需求	任务目标是方法结构补齐需求	任务模块.筹办.ixx:2508	补齐条件、参数、证据或方法能力缺口。	5	5
任务管理上行消息类型文本	任务管理上行消息类型文本	任务模块.工作线程消息协议.ixx:423	按函数名执行对应处理。	3	1
任务管理因果路径生成类型文本	任务管理因果路径生成类型文本	任务模块.工作线程消息协议.ixx:539	根据当前输入生成目标数据、场景、动态或回执。	2	2
任务管理外设消息承接_处理一次	任务管理外设消息承接_处理一次	任务模块.管理工作线程.ixx:3356	按函数名执行对应处理。	4	3
任务管理抽象特征指针	任务管理抽象特征指针	任务模块.工作线程消息协议.ixx:324	按函数名执行对应处理。	12	12
任务管理控制响应状态文本	任务管理控制响应状态文本	任务模块.工作线程消息协议.ixx:504	按函数名执行对应处理。	2	2
任务管理控制意图值文本	任务管理控制意图值文本	任务模块.工作线程消息协议.ixx:485	按函数名执行对应处理。	2	2
任务管理派生需求类型文本	任务管理派生需求类型文本	任务模块.工作线程消息协议.ixx:520	按函数名执行对应处理。	2	2
任务管理消息头执行尝试主键值	任务管理消息头执行尝试主键值	自我线程模块.消息协议.ixx:914	从任务管理消息头生成内部执行尝试数值键。	6	6
任务管理线程结束状态文本	任务管理线程结束状态文本	任务模块.工作线程消息协议.ixx:469	按函数名执行对应处理。	2	2
任务管理线程运行状态文本	任务管理线程运行状态文本	任务模块.工作线程消息协议.ixx:452	执行对应模块、线程或方法的运行逻辑。	2	2
任务管理结果消息语义相同	任务管理结果消息语义相同	自我线程模块.消息协议.ixx:1057	按函数名执行对应处理。 功能：按函数名执行对应处理。	2	2
任务管理结果状态文本	任务管理结果状态文本	任务模块.工作线程消息协议.ixx:436	按函数名执行对应处理。	2	2
任务管理阻塞级别文本	任务管理阻塞级别文本	任务模块.工作线程消息协议.ixx:557	按函数名执行对应处理。	2	2
任务类::任务允许派发	任务允许派发	任务类.cpp:1715	派发任务、消息或运行请求。	4	1	member_or_public_like
任务类::任务执行方法指向	任务执行方法指向	任务类.cpp:1837	执行任务、方法或动作的主体逻辑。	3	1	member_or_public_like
任务类::任务状态已终结	任务状态已终结	任务类.cpp:1462	按函数名执行对应处理。	17	2	member_or_public_like
任务类::任务管理对象指向	任务管理对象指向	任务类.cpp:1778	按函数名执行对应处理。	2	1	member_or_public_like
任务类::写入任务基准优先级	写入任务基准优先级	任务类.cpp:2075	把处理结果写入指定对象、场景或日志。	7	2	member_or_public_like
任务类::写入任务失败次数	写入任务失败次数	任务类.cpp:2207	把处理结果写入指定对象、场景或日志。	2	1	member_or_public_like
任务类::写入任务实际结果状态	写入任务实际结果状态	任务类.cpp:1565	把处理结果写入指定对象、场景或日志。	7	2	member_or_public_like
任务类::写入任务实际结果状态	写入任务实际结果状态	任务类.cpp:1578	把处理结果写入指定对象、场景或日志。	7	2	member_or_public_like
任务类::写入任务局部优先级偏移	写入任务局部优先级偏移	任务类.cpp:2087	把处理结果写入指定对象、场景或日志。	2	1	member_or_public_like
任务类::写入任务局部运行实体特征	写入任务局部运行实体特征	任务类.cpp:1438	把处理结果写入指定对象、场景或日志。	2	1	member_or_public_like
任务类::写入任务已折算安全值	写入任务已折算安全值	任务类.cpp:2159	把处理结果写入指定对象、场景或日志。	3	1	member_or_public_like
任务类::写入任务已折算服务值	写入任务已折算服务值	任务类.cpp:2171	把处理结果写入指定对象、场景或日志。	3	1	member_or_public_like
任务类::写入任务当前方法虚拟存在	写入任务当前方法虚拟存在	任务类.cpp:1871	把处理结果写入指定对象、场景或日志。	3	1	member_or_public_like
任务类::写入任务当前阶段	写入任务当前阶段	任务类.cpp:2029	把处理结果写入指定对象、场景或日志。	4	2	member_or_public_like
任务类::写入任务成功次数	写入任务成功次数	任务类.cpp:2195	把处理结果写入指定对象、场景或日志。	2	1	member_or_public_like
任务类::写入任务执行方法	写入任务执行方法	任务类.cpp:1853	把处理结果写入指定对象、场景或日志。	3	1	member_or_public_like
任务类::写入任务承接安全权重上限	写入任务承接安全权重上限	任务类.cpp:2111	把处理结果写入指定对象、场景或日志。	3	1	member_or_public_like
任务类::写入任务承接服务权重上限	写入任务承接服务权重上限	任务类.cpp:2123	把处理结果写入指定对象、场景或日志。	3	1	member_or_public_like
任务类::写入任务控制实体特征	写入任务控制实体特征	任务类.cpp:1398	把处理结果写入指定对象、场景或日志。	2	1	member_or_public_like
任务类::写入任务最近错误码	写入任务最近错误码	任务类.cpp:2243	把处理结果写入指定对象、场景或日志。	2	1	member_or_public_like
任务类::写入任务权重版本号	写入任务权重版本号	任务类.cpp:2147	把处理结果写入指定对象、场景或日志。	3	1	member_or_public_like
任务类::写入任务权重评分	写入任务权重评分	任务类.cpp:2135	把处理结果写入指定对象、场景或日志。	3	1	member_or_public_like
任务类::写入任务根实体特征	写入任务根实体特征	任务类.cpp:1370	把处理结果写入指定对象、场景或日志。	2	1	member_or_public_like
任务类::写入任务状态	写入任务状态	任务类.cpp:1649	把处理结果写入指定对象、场景或日志。	23	3	member_or_public_like
任务类::写入任务目标状态	写入任务目标状态	任务类.cpp:1536	写入指定任务的目标状态引用。	4	1	member_or_public_like
任务类::写入任务等待缺口唤醒	写入任务等待缺口唤醒	任务类.cpp:2054	把处理结果写入指定对象、场景或日志。	4	1	member_or_public_like
任务类::写入任务管理对象任务	写入任务管理对象任务	任务类.cpp:1795	把处理结果写入指定对象、场景或日志。	2	1	member_or_public_like
任务类::写入任务节点种类	写入任务节点种类	任务类.cpp:1693	把处理结果写入指定对象、场景或日志。	4	2	member_or_public_like
任务类::写入任务角色	写入任务角色	任务类.cpp:1995	把处理结果写入指定对象、场景或日志。	3	1	member_or_public_like
任务类::写入任务调度优先级	写入任务调度优先级	任务类.cpp:2099	把处理结果写入指定对象、场景或日志。	7	2	member_or_public_like
任务类::写入任务转入缺口需求次数	写入任务转入缺口需求次数	任务类.cpp:2231	把处理结果写入指定对象、场景或日志。	2	1	member_or_public_like
任务类::写入任务运行次数	写入任务运行次数	任务类.cpp:2183	把处理结果写入指定对象、场景或日志。	2	1	member_or_public_like
任务类::写入任务连续失败次数	写入任务连续失败次数	任务类.cpp:2219	把处理结果写入指定对象、场景或日志。	2	1	member_or_public_like
任务类::写入任务选中自我能力值	写入任务选中自我能力值	任务类.cpp:1966	把处理结果写入指定对象、场景或日志。	3	1	member_or_public_like
任务类::创建任务头结点	创建任务头结点	任务类.cpp:2288	创建并返回或登记对应对象。	3	1	member_or_public_like,contract_like
任务类::初始化任务虚拟存在信息	初始化任务虚拟存在信息	任务类.cpp:1264	初始化相关对象、状态或运行上下文。	6	5	member_or_public_like
任务类::取或创建_任务虚拟存在	取或创建_任务虚拟存在	任务类.cpp:1211	创建并返回或登记对应对象。	15	7	member_or_public_like
任务类::同步任务特征使用统计	同步任务特征使用统计	任务类.cpp:2249	同步线程、任务、场景或对象之间的状态。	2	1	member_or_public_like
任务类::同步任务节点到虚拟存在	同步任务节点到虚拟存在	任务类.cpp:1333	同步线程、任务、场景或对象之间的状态。	3	1	member_or_public_like
任务类::同步任务运行镜像特征	同步任务运行镜像特征	任务类.cpp:1349	同步线程、任务、场景或对象之间的状态。	8	2	member_or_public_like
任务类::确保任务初始状态	确保任务初始状态	任务类.cpp:1732	确保目标结构、状态或前置条件存在并可用。	4	1	member_or_public_like
任务类::绑定对应需求	绑定对应需求	任务类.cpp:1591	建立对象、任务、方法或因果之间的绑定关系。	4	2	member_or_public_like
任务类::补齐任务虚拟存在概念集	补齐任务虚拟存在概念集	任务类.cpp:1319	补齐条件、参数、证据或方法能力缺口。	7	6	member_or_public_like
任务类::解析任务场景	解析任务场景	任务类.cpp:1513	解析输入文本、消息、场景或运行包。	36	1	member_or_public_like
任务类::解析任务实际结果状态	解析任务实际结果状态	任务类.cpp:1558	解析输入文本、消息、场景或运行包。	10	1	member_or_public_like
任务类::解析任务对应需求	解析任务对应需求	任务类.cpp:1481	解析输入文本、消息、场景或运行包。	7	1	member_or_public_like
任务类::解析任务目标状态	解析任务目标状态	任务类.cpp:1529	解析输入文本、消息、场景或运行包。	6	1	member_or_public_like
任务类::解析任务虚拟存在	解析任务虚拟存在	任务类.cpp:1497	解析输入文本、消息、场景或运行包。	17	1	member_or_public_like
任务类::记录任务虚拟存在特征	记录任务虚拟存在特征	任务类.cpp:1228	记录日志、动态、证据或运行痕迹。	10	3	member_or_public_like
任务类::读取任务创建时间	读取任务创建时间	任务类.cpp:1604	从指定来源读取数据或状态。	2	1	member_or_public_like,contract_like
任务类::读取任务启动时间	读取任务启动时间	任务类.cpp:1613	从指定来源读取数据或状态。	4	1	member_or_public_like,contract_like
任务类::读取任务场景引用	读取任务场景引用	任务类.cpp:1504	从指定来源读取数据或状态。	3	2	member_or_public_like,contract_like
任务类::读取任务基准优先级	读取任务基准优先级	任务类.cpp:2069	从指定来源读取数据或状态。	9	2	member_or_public_like,contract_like
任务类::读取任务失败次数	读取任务失败次数	任务类.cpp:2201	从指定来源读取数据或状态。	3	1	member_or_public_like,contract_like
任务类::读取任务完成时间	读取任务完成时间	任务类.cpp:1622	从指定来源读取数据或状态。	4	1	member_or_public_like,contract_like
任务类::读取任务实际结果状态	读取任务实际结果状态	任务类.cpp:1549	从指定来源读取数据或状态。	5	2	member_or_public_like,contract_like
任务类::读取任务对应需求引用	读取任务对应需求引用	任务类.cpp:1472	从指定来源读取数据或状态。	7	2	member_or_public_like,contract_like
任务类::读取任务局部优先级偏移	读取任务局部优先级偏移	任务类.cpp:2081	从指定来源读取数据或状态。	6	1	member_or_public_like,contract_like
任务类::读取任务已折算安全值	读取任务已折算安全值	任务类.cpp:2153	从指定来源读取数据或状态。	4	1	member_or_public_like,contract_like
任务类::读取任务已折算服务值	读取任务已折算服务值	任务类.cpp:2165	从指定来源读取数据或状态。	4	1	member_or_public_like,contract_like
任务类::读取任务当前阶段	读取任务当前阶段	任务类.cpp:2010	从指定来源读取数据或状态。	17	1	member_or_public_like,contract_like
任务类::读取任务成功次数	读取任务成功次数	任务类.cpp:2189	从指定来源读取数据或状态。	3	1	member_or_public_like,contract_like
任务类::读取任务执行方法	读取任务执行方法	任务类.cpp:1817	从指定来源读取数据或状态。	17	4	member_or_public_like,contract_like
任务类::读取任务执行方法	读取任务执行方法	任务类.cpp:1831	从指定来源读取数据或状态。	17	4	member_or_public_like,contract_like
任务类::读取任务承接安全权重上限	读取任务承接安全权重上限	任务类.cpp:2105	从指定来源读取数据或状态。	7	1	member_or_public_like,contract_like
任务类::读取任务承接服务权重上限	读取任务承接服务权重上限	任务类.cpp:2117	从指定来源读取数据或状态。	7	1	member_or_public_like,contract_like
任务类::读取任务方法候选虚拟存在集	读取任务方法候选虚拟存在集	任务类.cpp:1920	从指定来源读取数据或状态。	3	1	member_or_public_like,contract_like
任务类::读取任务最近错误码	读取任务最近错误码	任务类.cpp:2237	从指定来源读取数据或状态。	3	1	member_or_public_like,contract_like
任务类::读取任务权重版本号	读取任务权重版本号	任务类.cpp:2141	从指定来源读取数据或状态。	4	1	member_or_public_like,contract_like
任务类::读取任务权重评分	读取任务权重评分	任务类.cpp:2129	从指定来源读取数据或状态。	3	1	member_or_public_like,contract_like
任务类::读取任务特征账本生命周期标准特征	读取任务特征账本生命周期标准特征	任务类.cpp:2268	从指定来源读取数据或状态。	2	1	member_or_public_like,contract_like
任务类::读取任务状态	读取任务状态	任务类.cpp:1631	从指定来源读取数据或状态。	93	9	member_or_public_like,contract_like
任务类::读取任务目标状态引用	读取任务目标状态引用	任务类.cpp:1520	从指定来源读取数据或状态。	5	2	member_or_public_like,contract_like
任务类::读取任务等待缺口唤醒	读取任务等待缺口唤醒	任务类.cpp:2044	从指定来源读取数据或状态。	12	1	member_or_public_like,contract_like
任务类::读取任务管理对象任务	读取任务管理对象任务	任务类.cpp:1740	从指定来源读取数据或状态。	9	5	member_or_public_like,contract_like
任务类::读取任务管理对象任务	读取任务管理对象任务	任务类.cpp:1759	从指定来源读取数据或状态。	9	5	member_or_public_like,contract_like
任务类::读取任务管理对象或自身	读取任务管理对象或自身	任务类.cpp:1765	从指定来源读取数据或状态。	2	1	member_or_public_like,contract_like
任务类::读取任务节点种类	读取任务节点种类	任务类.cpp:1675	从指定来源读取数据或状态。	32	6	member_or_public_like,contract_like
任务类::读取任务虚拟存在引用	读取任务虚拟存在引用	任务类.cpp:1488	从指定来源读取数据或状态。	9	2	member_or_public_like,contract_like
任务类::读取任务角色	读取任务角色	任务类.cpp:1981	从指定来源读取数据或状态。	7	2	member_or_public_like,contract_like
任务类::读取任务调度优先级	读取任务调度优先级	任务类.cpp:2093	从指定来源读取数据或状态。	9	1	member_or_public_like,contract_like
任务类::读取任务转入缺口需求次数	读取任务转入缺口需求次数	任务类.cpp:2225	从指定来源读取数据或状态。	3	1	member_or_public_like,contract_like
任务类::读取任务运行次数	读取任务运行次数	任务类.cpp:2177	从指定来源读取数据或状态。	4	1	member_or_public_like,contract_like
任务类::读取任务连续失败次数	读取任务连续失败次数	任务类.cpp:2213	从指定来源读取数据或状态。	3	1	member_or_public_like,contract_like
任务类::读取任务选中自我能力值	读取任务选中自我能力值	任务类.cpp:1956	从指定来源读取数据或状态。	7	1	member_or_public_like,contract_like
任务类::追加任务方法候选虚拟存在	追加任务方法候选虚拟存在	任务类.cpp:1889	按函数名执行对应处理。	4	1	member_or_public_like
任务类::重写任务树SQL投影	重写任务树SQL投影	任务类.cpp:1156	把当前任务树本体重写到 SQL Server 查询投影。	3	1	member_or_public_like
任务结果缺条件_最小_v0	任务结果缺条件_最小_v0	任务模块.执行.ixx:170	按函数名执行对应处理。	4	1
任务结果达到目标_提交前检查	任务结果达到目标_提交前检查	自我动作实现模块.ixx:10525	提交事实、动态、任务状态或运行回执。	2	2
使双目相机达到可用状态	使双目相机达到可用状态	自我动作实现.外设模块.ixx:17614	按函数名执行对应处理。	8	1
使双目相机达到可用状态	使双目相机达到可用状态	自我动作实现.外部模块.ixx:593	按函数名执行对应处理。	8	3
使双目相机达到可用状态	使双目相机达到可用状态	自我动作实现模块.ixx:11216	按函数名执行对应处理。	8	3
保存控制面板HTML	保存控制面板HTML	控制面板类.cpp:14936	从 SQL Server 读模型读取数据并保存控制面板 HTML。	3	1
保存数据	保存数据	双向链表模板_序列化.inl:144	按函数名执行对应处理。	8	4	header_or_inline
保存数据	保存数据	双向链表模板核心.h:679	按函数名执行对应处理。	8	4	header_or_inline
保存数据_已加锁	保存数据_已加锁	双向链表模板_序列化.inl:72	按函数名执行对应处理。	3	2	header_or_inline
信息入口类型已确定	信息入口类型已确定	语素主信息类.h:438	按函数名执行对应处理。	3	1	header_or_inline
信息入口裸词默认模板入口	信息入口裸词默认模板入口	语素主信息类.h:109	按函数名执行对应处理。	5	1	header_or_inline
信息入口需要上下文限定	信息入口需要上下文限定	语素主信息类.h:102	按函数名执行对应处理。	7	1	header_or_inline
修改节点信息	修改节点信息	双向链表模板核心.h:481	按函数名执行对应处理。	6	6	header_or_inline
修改节点信息	修改节点信息	双向链表模板核心.h:488	按函数名执行对应处理。	6	6	header_or_inline
修改节点信息_已加锁	修改节点信息_已加锁	双向链表模板核心.h:472	=============================================================...	3	3	header_or_inline
候选实参已具备值	候选实参已具备值	自我动作实现模块.ixx:6525	按函数名执行对应处理。	2	2
候选方法不可就绪状况	候选方法不可就绪状况	任务模块.筹办.ixx:5313	按函数名执行对应处理。	2	2
候选状态_由硬门槛汇总	候选状态_由硬门槛汇总	自我动作实现.服务模块.ixx:2516	按函数名执行对应处理。	2	2
候选状态_由硬门槛评分与证据	候选状态_由硬门槛评分与证据	自我动作实现.服务模块.ixx:2829	按函数名执行对应处理。	2	2
候选记录可结算	候选记录可结算	自我动作实现.服务模块.ixx:3520	记录日志、动态、证据或运行痕迹。	2	2
候选记录已过期	候选记录已过期	自我动作实现.服务模块.ixx:3339	记录日志、动态、证据或运行痕迹。	2	2
候选诊断投影有效	候选诊断投影有效	双目相机本能适配器.cpp:582	按函数名执行对应处理。	2	2
借用场景索引全局互斥	借用场景索引全局互斥	场景索引同步.h:10	场景主信息里的状态 / 动态 / 二次特征索引是事实目录缓存， 会被自我线程、自检线程和控制面板读取路径同时触达。 统一保...	11	1	header_or_inline
借用需求树全局互斥	借用需求树全局互斥	需求类.h:168	按函数名执行对应处理。	13	5	header_or_inline
值_D0主信息缺失	值_D0主信息缺失	自我动作实现.服务模块.ixx:981	按函数名执行对应处理。	2	2
值_D0初始状态缺失	值_D0初始状态缺失	自我动作实现.服务模块.ixx:1053	按函数名执行对应处理。	2	2
值_D0动作主体缺失	值_D0动作主体缺失	自我动作实现.服务模块.ixx:989	按函数名执行对应处理。	2	2
值_D0动作主体非自我	值_D0动作主体非自我	自我动作实现.服务模块.ixx:997	按函数名执行对应处理。	2	2
值_D0动作动态缺失	值_D0动作动态缺失	自我动作实现.服务模块.ixx:973	按函数名执行对应处理。	2	2
值_D0承受主体缺失	值_D0承受主体缺失	自我动作实现.服务模块.ixx:1005	按函数名执行对应处理。	2	2
值_D0方法运行存在缺失	值_D0方法运行存在缺失	自我动作实现.服务模块.ixx:1021	执行对应模块、线程或方法的运行逻辑。	2	2
值_D0来源动作缺失	值_D0来源动作缺失	自我动作实现.服务模块.ixx:1013	按函数名执行对应处理。	2	2
值_D0目标特征缺失	值_D0目标特征缺失	自我动作实现.服务模块.ixx:1045	按函数名执行对应处理。	2	2
值_D0结果状态缺失	值_D0结果状态缺失	自我动作实现.服务模块.ixx:1061	按函数名执行对应处理。	2	2
值_D0输入场景缺失	值_D0输入场景缺失	自我动作实现.服务模块.ixx:1029	按函数名执行对应处理。	2	2
值_D0输出场景缺失	值_D0输出场景缺失	自我动作实现.服务模块.ixx:1037	按函数名执行对应处理。	2	2
值_I64溢出	值_I64溢出	自我动作实现.外设模块.ixx:6874	按函数名执行对应处理。	2	1
值_I64溢出	值_I64溢出	自我动作实现模块.ixx:2317	按函数名执行对应处理。	2	1
值_不修改现实场景特征值	值_不修改现实场景特征值	自我动作实现.外设模块.ixx:2087	按函数名执行对应处理。	2	1
值_不修改现实场景特征值	值_不修改现实场景特征值	自我动作实现模块.ixx:1603	按函数名执行对应处理。	2	1
值_不执行被查找到的方法	值_不执行被查找到的方法	自我动作实现.外设模块.ixx:2094	按条件查找目标对象、方法或事实。	2	1
值_不执行被查找到的方法	值_不执行被查找到的方法	自我动作实现模块.ixx:1610	按条件查找目标对象、方法或事实。	2	1
值_任务回执_不可推进	值_任务回执_不可推进	自我动作实现.外设模块.ixx:1361	按函数名执行对应处理。	2	1
值_任务回执_不可推进	值_任务回执_不可推进	自我动作实现模块.ixx:877	按函数名执行对应处理。	2	1
值_任务回执_条件不满足	值_任务回执_条件不满足	自我动作实现.外设模块.ixx:1368	按函数名执行对应处理。	2	1
值_任务回执_条件不满足	值_任务回执_条件不满足	自我动作实现模块.ixx:884	按函数名执行对应处理。	2	1
值_任务回执_等待学习	值_任务回执_等待学习	自我动作实现.外设模块.ixx:1347	等待线程、任务、外设或条件变化。	2	1
值_任务回执_等待学习	值_任务回执_等待学习	自我动作实现模块.ixx:863	等待线程、任务、外设或条件变化。	2	1
值_任务回执_等待补齐	值_任务回执_等待补齐	自我动作实现.外设模块.ixx:1354	等待线程、任务、外设或条件变化。	2	1
值_任务回执_等待补齐	值_任务回执_等待补齐	自我动作实现模块.ixx:870	等待线程、任务、外设或条件变化。	2	1
值_任务回执_运行失败	值_任务回执_运行失败	自我动作实现.外设模块.ixx:1340	执行对应模块、线程或方法的运行逻辑。	2	1
值_任务回执_运行失败	值_任务回执_运行失败	自我动作实现模块.ixx:856	执行对应模块、线程或方法的运行逻辑。	2	1
值_任务回执_运行成功	值_任务回执_运行成功	自我动作实现.外设模块.ixx:1333	执行对应模块、线程或方法的运行逻辑。	2	1
值_任务回执_运行成功	值_任务回执_运行成功	自我动作实现模块.ixx:849	执行对应模块、线程或方法的运行逻辑。	2	1
值_任务回执_运行未达成目标	值_任务回执_运行未达成目标	自我动作实现.外设模块.ixx:1375	执行对应模块、线程或方法的运行逻辑。	2	1
值_任务回执_运行未达成目标	值_任务回执_运行未达成目标	自我动作实现模块.ixx:891	执行对应模块、线程或方法的运行逻辑。	2	1
值_任务状态动作动态_任务场景缺失	值_任务状态动作动态_任务场景缺失	自我动作实现.外设模块.ixx:6972	按函数名执行对应处理。	3	1
值_任务状态动作动态_任务场景缺失	值_任务状态动作动态_任务场景缺失	自我动作实现模块.ixx:2422	按函数名执行对应处理。	3	2
值_任务状态动作动态_任务状态特征缺失	值_任务状态动作动态_任务状态特征缺失	自我动作实现.外设模块.ixx:6986	按函数名执行对应处理。	3	1
值_任务状态动作动态_任务状态特征缺失	值_任务状态动作动态_任务状态特征缺失	自我动作实现模块.ixx:2436	按函数名执行对应处理。	3	2
值_任务状态动作动态_任务节点缺失	值_任务状态动作动态_任务节点缺失	自我动作实现.外设模块.ixx:6965	按函数名执行对应处理。	3	1
值_任务状态动作动态_任务节点缺失	值_任务状态动作动态_任务节点缺失	自我动作实现模块.ixx:2408	按函数名执行对应处理。	3	2
值_任务状态动作动态_任务虚拟存在缺失	值_任务状态动作动态_任务虚拟存在缺失	自我动作实现.外设模块.ixx:6979	按函数名执行对应处理。	3	1
值_任务状态动作动态_任务虚拟存在缺失	值_任务状态动作动态_任务虚拟存在缺失	自我动作实现模块.ixx:2429	按函数名执行对应处理。	3	2
值_任务状态动作动态_动态节点创建失败	值_任务状态动作动态_动态节点创建失败	自我动作实现.外设模块.ixx:7000	创建并返回或登记对应对象。	3	1
值_任务状态动作动态_动态节点创建失败	值_任务状态动作动态_动态节点创建失败	自我动作实现模块.ixx:2450	创建并返回或登记对应对象。	3	2
值_任务状态动作动态_建议任务状态缺失	值_任务状态动作动态_建议任务状态缺失	自我动作实现模块.ixx:2415	按函数名执行对应处理。	2	2
值_任务状态动作动态_提交方法首节点缺失	值_任务状态动作动态_提交方法首节点缺失	自我动作实现.外设模块.ixx:6958	提交事实、动态、任务状态或运行回执。	4	1
值_任务状态动作动态_提交方法首节点缺失	值_任务状态动作动态_提交方法首节点缺失	自我动作实现模块.ixx:2401	提交事实、动态、任务状态或运行回执。	4	3
值_任务状态动作动态_来源方法入口无效	值_任务状态动作动态_来源方法入口无效	自我动作实现.外设模块.ixx:6993	按函数名执行对应处理。	4	1
值_任务状态动作动态_来源方法入口无效	值_任务状态动作动态_来源方法入口无效	自我动作实现模块.ixx:2443	按函数名执行对应处理。	4	3
值_任务状态动作动态创建失败	值_任务状态动作动态创建失败	自我动作实现.外设模块.ixx:6951	创建并返回或登记对应对象。	3	1
值_任务状态动作动态创建失败	值_任务状态动作动态创建失败	自我动作实现模块.ixx:2394	创建并返回或登记对应对象。	3	2
值_候选动作未验证	值_候选动作未验证	自我动作实现.外设模块.ixx:7028	按函数名执行对应处理。	5	1
值_候选动作未验证	值_候选动作未验证	自我动作实现模块.ixx:2478	按函数名执行对应处理。	5	4
值_候选方法不可用	值_候选方法不可用	自我动作实现.外设模块.ixx:2031	按函数名执行对应处理。	3	1
值_候选方法不可用	值_候选方法不可用	自我动作实现模块.ixx:1547	按函数名执行对应处理。	3	2
值_参数条件缺口	值_参数条件缺口	自我动作实现.外设模块.ixx:7063	按函数名执行对应处理。	4	1
值_参数条件缺口	值_参数条件缺口	自我动作实现模块.ixx:2513	按函数名执行对应处理。	4	3
值_参数绑定失败	值_参数绑定失败	自我动作实现.外设模块.ixx:1313	建立对象、任务、方法或因果之间的绑定关系。	9	3
值_参数绑定失败	值_参数绑定失败	自我动作实现模块.ixx:829	建立对象、任务、方法或因果之间的绑定关系。	9	6
值_可执行输入参数场景创建失败	值_可执行输入参数场景创建失败	自我动作实现.外设模块.ixx:6930	创建并返回或登记对应对象。	4	1
值_可执行输入参数场景创建失败	值_可执行输入参数场景创建失败	自我动作实现模块.ixx:2373	创建并返回或登记对应对象。	4	3
值_因果证据不足	值_因果证据不足	自我动作实现.外设模块.ixx:7014	按函数名执行对应处理。	2	1
值_因果证据不足	值_因果证据不足	自我动作实现模块.ixx:2464	按函数名执行对应处理。	2	1
值_外设不可用	值_外设不可用	自我动作实现.外设模块.ixx:2115	按函数名执行对应处理。	4	3
值_外设不可用	值_外设不可用	自我动作实现模块.ixx:1631	按函数名执行对应处理。	4	1
值_外设打开失败	值_外设打开失败	自我动作实现.外设模块.ixx:2108	按函数名执行对应处理。	4	3
值_外设打开失败	值_外设打开失败	自我动作实现模块.ixx:1624	按函数名执行对应处理。	4	1
值_外设运行时缺失	值_外设运行时缺失	自我动作实现.外设模块.ixx:2101	执行对应模块、线程或方法的运行逻辑。	5	4
值_外设运行时缺失	值_外设运行时缺失	自我动作实现模块.ixx:1617	执行对应模块、线程或方法的运行逻辑。	5	1
值_外设采集失败	值_外设采集失败	自我动作实现.外设模块.ixx:2122	按函数名执行对应处理。	3	2
值_外设采集失败	值_外设采集失败	自我动作实现模块.ixx:1638	按函数名执行对应处理。	3	1
值_失败处理字段角色	值_失败处理字段角色	自我动作实现.服务模块.ixx:1133	按函数名执行对应处理。	2	2
值_安全权限字段角色	值_安全权限字段角色	自我动作实现.服务模块.ixx:1125	按函数名执行对应处理。	2	2
值_实例特征未命中抽象特征	值_实例特征未命中抽象特征	自我动作实现.外设模块.ixx:7098	按函数名执行对应处理。	2	1
值_实例特征未命中抽象特征	值_实例特征未命中抽象特征	自我动作实现模块.ixx:2548	按函数名执行对应处理。	2	1
值_实际差值未命中约束	值_实际差值未命中约束	自我动作实现.外设模块.ixx:6902	按函数名执行对应处理。	2	1
值_实际差值未命中约束	值_实际差值未命中约束	自我动作实现模块.ixx:2345	按函数名执行对应处理。	2	1
值_差值约束包缺失	值_差值约束包缺失	自我动作实现.外设模块.ixx:6916	按函数名执行对应处理。	2	1
值_差值约束包缺失	值_差值约束包缺失	自我动作实现模块.ixx:2359	按函数名执行对应处理。	2	1
值_差值计算溢出	值_差值计算溢出	自我动作实现.外设模块.ixx:6881	计算权重、状态、差值或派生结果。	2	1
值_差值计算溢出	值_差值计算溢出	自我动作实现模块.ixx:2324	计算权重、状态、差值或派生结果。	2	1
值_归因字段角色	值_归因字段角色	自我动作实现.服务模块.ixx:1117	按函数名执行对应处理。	2	2
值_必需参数缺失	值_必需参数缺失	自我动作实现.外设模块.ixx:6937	按函数名执行对应处理。	7	1
值_必需参数缺失	值_必需参数缺失	自我动作实现模块.ixx:2380	按函数名执行对应处理。	7	6
值_成功服务候选不可登记	值_成功服务候选不可登记	自我动作实现.服务模块.ixx:1085	登记方法、模板、对象或运行入口。	7	7
值_成功服务硬门槛待确认	值_成功服务硬门槛待确认	自我动作实现.服务模块.ixx:1069	确认候选事实、存在、状态或运行结果。	2	2
值_成功服务证据强度不足	值_成功服务证据强度不足	自我动作实现.服务模块.ixx:1077	按函数名执行对应处理。	3	3
值_执行前值缺失	值_执行前值缺失	自我动作实现.外设模块.ixx:6860	执行任务、方法或动作的主体逻辑。	2	1
值_执行前值缺失	值_执行前值缺失	自我动作实现模块.ixx:2303	执行任务、方法或动作的主体逻辑。	2	1
值_执行失败	值_执行失败	自我动作实现.外设模块.ixx:1326	执行任务、方法或动作的主体逻辑。	33	17
值_执行失败	值_执行失败	自我动作实现模块.ixx:842	执行任务、方法或动作的主体逻辑。	33	16
值_执行差值与目标值冲突	值_执行差值与目标值冲突	自我动作实现.外设模块.ixx:6895	执行任务、方法或动作的主体逻辑。	2	1
值_执行差值与目标值冲突	值_执行差值与目标值冲突	自我动作实现模块.ixx:2338	执行任务、方法或动作的主体逻辑。	2	1
值_执行成功	值_执行成功	自我动作实现.外设模块.ixx:1320	执行任务、方法或动作的主体逻辑。	23	12
值_执行成功	值_执行成功	自我动作实现模块.ixx:836	执行任务、方法或动作的主体逻辑。	23	11
值_执行缺口_任务状态不允许执行	值_执行缺口_任务状态不允许执行	自我动作实现.外设模块.ixx:1445	执行任务、方法或动作的主体逻辑。	2	1
值_执行缺口_任务状态不允许执行	值_执行缺口_任务状态不允许执行	自我动作实现模块.ixx:961	执行任务、方法或动作的主体逻辑。	2	1
值_执行缺口_可执行输入参数场景缺失	值_执行缺口_可执行输入参数场景缺失	自我动作实现.外设模块.ixx:1459	执行任务、方法或动作的主体逻辑。	3	2
值_执行缺口_可执行输入参数场景缺失	值_执行缺口_可执行输入参数场景缺失	自我动作实现模块.ixx:975	执行任务、方法或动作的主体逻辑。	3	1
值_执行缺口_当前方法执行失败	值_执行缺口_当前方法执行失败	自我动作实现.外设模块.ixx:1480	执行任务、方法或动作的主体逻辑。	7	2
值_执行缺口_当前方法执行失败	值_执行缺口_当前方法执行失败	自我动作实现模块.ixx:996	执行任务、方法或动作的主体逻辑。	7	3
值_执行缺口_当前方法无执行入口	值_执行缺口_当前方法无执行入口	自我动作实现.外设模块.ixx:1466	执行任务、方法或动作的主体逻辑。	2	1
值_执行缺口_当前方法无执行入口	值_执行缺口_当前方法无执行入口	自我动作实现模块.ixx:982	执行任务、方法或动作的主体逻辑。	2	1
值_执行缺口_当前方法条件不满足	值_执行缺口_当前方法条件不满足	自我动作实现.外设模块.ixx:1473	执行任务、方法或动作的主体逻辑。	67	61
值_执行缺口_当前方法条件不满足	值_执行缺口_当前方法条件不满足	自我动作实现模块.ixx:989	执行任务、方法或动作的主体逻辑。	67	6
值_执行缺口_当前方法缺失	值_执行缺口_当前方法缺失	自我动作实现.外设模块.ixx:1452	执行任务、方法或动作的主体逻辑。	2	1
值_执行缺口_当前方法缺失	值_执行缺口_当前方法缺失	自我动作实现模块.ixx:968	执行任务、方法或动作的主体逻辑。	2	1
值_执行缺口_输出结果缺失	值_执行缺口_输出结果缺失	自我动作实现.外设模块.ixx:1487	执行任务、方法或动作的主体逻辑。	2	1
值_执行缺口_输出结果缺失	值_执行缺口_输出结果缺失	自我动作实现模块.ixx:1003	执行任务、方法或动作的主体逻辑。	2	1
值_执行缺口_需求未满足	值_执行缺口_需求未满足	自我动作实现.外设模块.ixx:1494	执行任务、方法或动作的主体逻辑。	2	1
值_执行缺口_需求未满足	值_执行缺口_需求未满足	自我动作实现模块.ixx:1010	执行任务、方法或动作的主体逻辑。	2	1
值_方法域动作动态创建失败	值_方法域动作动态创建失败	自我动作实现.外设模块.ixx:7007	创建并返回或登记对应对象。	4	1
值_方法域动作动态创建失败	值_方法域动作动态创建失败	自我动作实现模块.ixx:2457	创建并返回或登记对应对象。	4	3
值_方法条件结果场景缺失	值_方法条件结果场景缺失	自我动作实现.外设模块.ixx:2066	按函数名执行对应处理。	8	3
值_方法条件结果场景缺失	值_方法条件结果场景缺失	自我动作实现模块.ixx:1582	按函数名执行对应处理。	8	5
值_方法虚拟存在缺失	值_方法虚拟存在缺失	自我动作实现.外设模块.ixx:2045	按函数名执行对应处理。	13	3
值_方法虚拟存在缺失	值_方法虚拟存在缺失	自我动作实现模块.ixx:1561	按函数名执行对应处理。	13	10
值_方法规格确认失败	值_方法规格确认失败	自我动作实现.外设模块.ixx:2073	确认候选事实、存在、状态或运行结果。	5	2
值_方法规格确认失败	值_方法规格确认失败	自我动作实现模块.ixx:1589	确认候选事实、存在、状态或运行结果。	5	3
值_方法运行结果_筹办失败	值_方法运行结果_筹办失败	自我动作实现.外设模块.ixx:1529	执行对应模块、线程或方法的运行逻辑。	2	1
值_方法运行结果_筹办失败	值_方法运行结果_筹办失败	自我动作实现模块.ixx:1045	执行对应模块、线程或方法的运行逻辑。	2	1
值_方法运行结果_筹办成功	值_方法运行结果_筹办成功	自我动作实现.外设模块.ixx:1515	执行对应模块、线程或方法的运行逻辑。	2	1
值_方法运行结果_筹办成功	值_方法运行结果_筹办成功	自我动作实现模块.ixx:1031	执行对应模块、线程或方法的运行逻辑。	2	1
值_方法运行结果_筹办未完成	值_方法运行结果_筹办未完成	自我动作实现.外设模块.ixx:1522	执行对应模块、线程或方法的运行逻辑。	2	1
值_方法运行结果_筹办未完成	值_方法运行结果_筹办未完成	自我动作实现模块.ixx:1038	执行对应模块、线程或方法的运行逻辑。	2	1
值_方法配对结果创建失败	值_方法配对结果创建失败	自我动作实现.外设模块.ixx:2080	创建并返回或登记对应对象。	7	1
值_方法配对结果创建失败	值_方法配对结果创建失败	自我动作实现模块.ixx:1596	创建并返回或登记对应对象。	7	6
值_方法配对结果缺失	值_方法配对结果缺失	自我动作实现.外设模块.ixx:6923	按函数名执行对应处理。	2	1
值_方法配对结果缺失	值_方法配对结果缺失	自我动作实现模块.ixx:2366	按函数名执行对应处理。	2	1
值_无执行缺口	值_无执行缺口	自我动作实现.外设模块.ixx:1438	执行任务、方法或动作的主体逻辑。	6	2
值_无执行缺口	值_无执行缺口	自我动作实现模块.ixx:954	执行任务、方法或动作的主体逻辑。	6	1
值_无筹办缺口	值_无筹办缺口	自我动作实现.外设模块.ixx:1382	推进任务筹办，形成候选、缺口或就绪回执。	2	1
值_无筹办缺口	值_无筹办缺口	自我动作实现模块.ixx:898	推进任务筹办，形成候选、缺口或就绪回执。	2	1
值_服务字段未挂载	值_服务字段未挂载	自我动作实现.服务模块.ixx:941	按函数名执行对应处理。	2	2
值_服务字段绑定任务缺失	值_服务字段绑定任务缺失	自我动作实现.服务模块.ixx:901	建立对象、任务、方法或因果之间的绑定关系。	9	9
值_服务字段绑定任务虚拟存在缺失	值_服务字段绑定任务虚拟存在缺失	自我动作实现.服务模块.ixx:909	建立对象、任务、方法或因果之间的绑定关系。	7	7
值_服务字段绑定写入失败	值_服务字段绑定写入失败	自我动作实现.服务模块.ixx:933	把处理结果写入指定对象、场景或日志。	13	12
值_服务字段绑定字段值缺失	值_服务字段绑定字段值缺失	自我动作实现.服务模块.ixx:925	建立对象、任务、方法或因果之间的绑定关系。	5	5
值_服务字段绑定字段类型缺失	值_服务字段绑定字段类型缺失	自我动作实现.服务模块.ixx:917	建立对象、任务、方法或因果之间的绑定关系。	5	5
值_服务治理支撑字段角色	值_服务治理支撑字段角色	自我动作实现.服务模块.ixx:1141	按函数名执行对应处理。	2	2
值_服务目标宿主缺失	值_服务目标宿主缺失	自我动作实现.服务模块.ixx:949	按函数名执行对应处理。	2	2
值_服务目标特征类型缺失	值_服务目标特征类型缺失	自我动作实现.服务模块.ixx:957	按函数名执行对应处理。	2	2
值_服务目标状态缺失	值_服务目标状态缺失	自我动作实现.服务模块.ixx:965	按函数名执行对应处理。	4	4
值_本轮运行虚拟存在缺失	值_本轮运行虚拟存在缺失	自我动作实现.外设模块.ixx:2059	执行对应模块、线程或方法的运行逻辑。	4	2
值_本轮运行虚拟存在缺失	值_本轮运行虚拟存在缺失	自我动作实现模块.ixx:1575	执行对应模块、线程或方法的运行逻辑。	4	2
值_来源_任务提供参数	值_来源_任务提供参数	自我动作实现.外设模块.ixx:7049	按函数名执行对应处理。	7	1
值_来源_任务提供参数	值_来源_任务提供参数	自我动作实现模块.ixx:2499	按函数名执行对应处理。	7	6
值_来源_方法固定参数	值_来源_方法固定参数	自我动作实现.外设模块.ixx:1258	按函数名执行对应处理。	3	1
值_来源_方法固定参数	值_来源_方法固定参数	自我动作实现模块.ixx:774	按函数名执行对应处理。	3	2
值_来源_目标现实场景	值_来源_目标现实场景	自我动作实现.外设模块.ixx:1265	按函数名执行对应处理。	2	1
值_来源_目标现实场景	值_来源_目标现实场景	自我动作实现模块.ixx:781	按函数名执行对应处理。	2	1
值_来源_练习自动生成	值_来源_练习自动生成	自我动作实现.外设模块.ixx:7056	根据当前输入生成目标数据、场景、动态或回执。	8	1
值_来源_练习自动生成	值_来源_练习自动生成	自我动作实现模块.ixx:2506	根据当前输入生成目标数据、场景、动态或回执。	8	7
值_来源_输入任务参数包	值_来源_输入任务参数包	自我动作实现.外设模块.ixx:1244	按函数名执行对应处理。	2	1
值_来源_输入任务参数包	值_来源_输入任务参数包	自我动作实现模块.ixx:760	按函数名执行对应处理。	2	1
值_来源_输入条件包	值_来源_输入条件包	自我动作实现.外设模块.ixx:1251	按函数名执行对应处理。	202	144
值_来源_输入条件包	值_来源_输入条件包	自我动作实现模块.ixx:767	按函数名执行对应处理。	202	58
值_来源_输入现实场景包	值_来源_输入现实场景包	自我动作实现.外设模块.ixx:1237	按函数名执行对应处理。	2	1
值_来源_输入现实场景包	值_来源_输入现实场景包	自我动作实现模块.ixx:753	按函数名执行对应处理。	2	1
值_没有匹配方法	值_没有匹配方法	自我动作实现.外设模块.ixx:2024	按函数名执行对应处理。	2	1
值_没有匹配方法	值_没有匹配方法	自我动作实现模块.ixx:1540	按函数名执行对应处理。	2	1
值_派生需求_检查当前方法执行入口	值_派生需求_检查当前方法执行入口	自我动作实现.外设模块.ixx:1508	检查状态、条件、缺口或运行约束。	2	1
值_派生需求_检查当前方法执行入口	值_派生需求_检查当前方法执行入口	自我动作实现模块.ixx:1024	检查状态、条件、缺口或运行约束。	2	1
值_派生需求_重新筹办任务	值_派生需求_重新筹办任务	自我动作实现.外设模块.ixx:1501	推进任务筹办，形成候选、缺口或就绪回执。	2	1
值_派生需求_重新筹办任务	值_派生需求_重新筹办任务	自我动作实现模块.ixx:1017	推进任务筹办，形成候选、缺口或就绪回执。	2	1
值_激活原因_方法声明	值_激活原因_方法声明	自我动作实现.服务模块.ixx:1149	按函数名执行对应处理。	2	2
值_目标值类型不是I64	值_目标值类型不是I64	自我动作实现.外设模块.ixx:7105	按函数名执行对应处理。	2	1
值_目标值类型不是I64	值_目标值类型不是I64	自我动作实现模块.ixx:2555	按函数名执行对应处理。	2	1
值_目标实例特征缺失	值_目标实例特征缺失	自我动作实现.外设模块.ixx:6853	按函数名执行对应处理。	2	1
值_目标实例特征缺失	值_目标实例特征缺失	自我动作实现模块.ixx:2296	按函数名执行对应处理。	2	1
值_目标抽象特征无效	值_目标抽象特征无效	自我动作实现.外设模块.ixx:7091	按函数名执行对应处理。	2	1
值_目标抽象特征无效	值_目标抽象特征无效	自我动作实现模块.ixx:2541	按函数名执行对应处理。	2	1
值_目标方法头节点缺失	值_目标方法头节点缺失	自我动作实现.外设模块.ixx:6944	按函数名执行对应处理。	8	1
值_目标方法头节点缺失	值_目标方法头节点缺失	自我动作实现模块.ixx:2387	按函数名执行对应处理。	8	7
值_目标方法尚未好用	值_目标方法尚未好用	自我动作实现.外设模块.ixx:7035	按函数名执行对应处理。	3	1
值_目标方法尚未好用	值_目标方法尚未好用	自我动作实现模块.ixx:2485	按函数名执行对应处理。	3	2
值_目标特征写入失败	值_目标特征写入失败	自我动作实现.外设模块.ixx:6909	把处理结果写入指定对象、场景或日志。	2	1
值_目标特征写入失败	值_目标特征写入失败	自我动作实现模块.ixx:2352	把处理结果写入指定对象、场景或日志。	2	1
值_目标特征缺失	值_目标特征缺失	自我动作实现.外设模块.ixx:7042	按函数名执行对应处理。	3	1
值_目标特征缺失	值_目标特征缺失	自我动作实现模块.ixx:2492	按函数名执行对应处理。	3	2
值_筹办缺口_任务信息缺失	值_筹办缺口_任务信息缺失	自我动作实现.外设模块.ixx:1389	推进任务筹办，形成候选、缺口或就绪回执。	2	1
值_筹办缺口_任务信息缺失	值_筹办缺口_任务信息缺失	自我动作实现模块.ixx:905	推进任务筹办，形成候选、缺口或就绪回执。	2	1
值_筹办缺口_候选方法不可用	值_筹办缺口_候选方法不可用	自我动作实现.外设模块.ixx:1410	推进任务筹办，形成候选、缺口或就绪回执。	2	1
值_筹办缺口_候选方法不可用	值_筹办缺口_候选方法不可用	自我动作实现模块.ixx:926	推进任务筹办，形成候选、缺口或就绪回执。	2	1
值_筹办缺口_候选方法条件不满足	值_筹办缺口_候选方法条件不满足	自我动作实现.外设模块.ixx:1424	推进任务筹办，形成候选、缺口或就绪回执。	2	1
值_筹办缺口_候选方法条件不满足	值_筹办缺口_候选方法条件不满足	自我动作实现模块.ixx:940	推进任务筹办，形成候选、缺口或就绪回执。	2	1
值_筹办缺口_候选方法缺执行入口	值_筹办缺口_候选方法缺执行入口	自我动作实现.外设模块.ixx:1417	执行任务、方法或动作的主体逻辑。	2	1
值_筹办缺口_候选方法缺执行入口	值_筹办缺口_候选方法缺执行入口	自我动作实现模块.ixx:933	执行任务、方法或动作的主体逻辑。	2	1
值_筹办缺口_参数配对失败	值_筹办缺口_参数配对失败	自我动作实现.外设模块.ixx:1431	推进任务筹办，形成候选、缺口或就绪回执。	2	1
值_筹办缺口_参数配对失败	值_筹办缺口_参数配对失败	自我动作实现模块.ixx:947	推进任务筹办，形成候选、缺口或就绪回执。	2	1
值_筹办缺口_无确定候选方法	值_筹办缺口_无确定候选方法	自我动作实现.外设模块.ixx:1403	推进任务筹办，形成候选、缺口或就绪回执。	2	1
值_筹办缺口_无确定候选方法	值_筹办缺口_无确定候选方法	自我动作实现模块.ixx:919	推进任务筹办，形成候选、缺口或就绪回执。	2	1
值_筹办缺口_需求目标不可解析	值_筹办缺口_需求目标不可解析	自我动作实现.外设模块.ixx:1396	解析输入文本、消息、场景或运行包。	2	1
值_筹办缺口_需求目标不可解析	值_筹办缺口_需求目标不可解析	自我动作实现模块.ixx:912	解析输入文本、消息、场景或运行包。	2	1
值_缺少执行入口	值_缺少执行入口	自我动作实现.外设模块.ixx:7070	执行任务、方法或动作的主体逻辑。	3	1
值_缺少执行入口	值_缺少执行入口	自我动作实现模块.ixx:2520	执行任务、方法或动作的主体逻辑。	3	2
值_缺少执行差值或目标值	值_缺少执行差值或目标值	自我动作实现.外设模块.ixx:6888	执行任务、方法或动作的主体逻辑。	2	1
值_缺少执行差值或目标值	值_缺少执行差值或目标值	自我动作实现模块.ixx:2331	执行任务、方法或动作的主体逻辑。	2	1
值_自我动作缺失	值_自我动作缺失	自我动作实现.外设模块.ixx:7021	按函数名执行对应处理。	5	1
值_自我动作缺失	值_自我动作缺失	自我动作实现模块.ixx:2471	按函数名执行对应处理。	5	4
值_自身方法头节点缺失	值_自身方法头节点缺失	自我动作实现.外设模块.ixx:2052	按函数名执行对应处理。	6	2
值_自身方法头节点缺失	值_自身方法头节点缺失	自我动作实现模块.ixx:1568	按函数名执行对应处理。	6	4
值_超出限制	值_超出限制	自我动作实现.外设模块.ixx:2017	按函数名执行对应处理。	2	1
值_超出限制	值_超出限制	自我动作实现模块.ixx:1533	按函数名执行对应处理。	2	1
值_输入字段角色	值_输入字段角色	自我动作实现.服务模块.ixx:1093	按函数名执行对应处理。	2	2
值_输入快照过期	值_输入快照过期	自我动作实现.外设模块.ixx:6867	按函数名执行对应处理。	2	1
值_输入快照过期	值_输入快照过期	自我动作实现模块.ixx:2310	按函数名执行对应处理。	2	1
值_输入条件包绑定失败	值_输入条件包绑定失败	自我动作实现.外设模块.ixx:2038	建立对象、任务、方法或因果之间的绑定关系。	10	1
值_输入条件包绑定失败	值_输入条件包绑定失败	自我动作实现模块.ixx:1554	建立对象、任务、方法或因果之间的绑定关系。	10	9
值_输入绑定失败	值_输入绑定失败	自我动作实现.外设模块.ixx:2010	建立对象、任务、方法或因果之间的绑定关系。	2	1
值_输入绑定失败	值_输入绑定失败	自我动作实现模块.ixx:1526	建立对象、任务、方法或因果之间的绑定关系。	2	1
值_输出字段角色	值_输出字段角色	自我动作实现.服务模块.ixx:1101	按函数名执行对应处理。	2	2
值_需求未满足	值_需求未满足	自我动作实现.外设模块.ixx:7084	按函数名执行对应处理。	2	1
值_需求未满足	值_需求未满足	自我动作实现模块.ixx:2534	按函数名执行对应处理。	2	1
值_需求满足	值_需求满足	自我动作实现.外设模块.ixx:7077	按函数名执行对应处理。	2	1
值_需求满足	值_需求满足	自我动作实现模块.ixx:2527	按函数名执行对应处理。	2	1
值_验证字段角色	值_验证字段角色	自我动作实现.服务模块.ixx:1109	按函数名执行对应处理。	2	2
值匹配分	值匹配分	本能动作类.ixx:237	按函数名执行对应处理。	2	2
值类型_I64	值类型_I64	自我动作实现.外设模块.ixx:1272	按函数名执行对应处理。	42	20
值类型_I64	值类型_I64	自我动作实现模块.ixx:788	按函数名执行对应处理。	42	19
值类型_I64_筹办	值类型_I64_筹办	任务模块.筹办.ixx:3300	推进任务筹办，形成候选、缺口或就绪回执。	2	2
值类型_场景指针	值类型_场景指针	自我动作实现.外设模块.ixx:1286	按函数名执行对应处理。	178	125
值类型_场景指针	值类型_场景指针	自我动作实现模块.ixx:802	按函数名执行对应处理。	178	50
值类型_场景指针_筹办	值类型_场景指针_筹办	任务模块.筹办.ixx:3314	推进任务筹办，形成候选、缺口或就绪回执。	2	2
值类型_特征值	值类型_特征值	自我动作实现.外设模块.ixx:1300	按函数名执行对应处理。	5	2
值类型_特征值	值类型_特征值	自我动作实现模块.ixx:816	按函数名执行对应处理。	5	3
值类型_特征类型指针	值类型_特征类型指针	自我动作实现.外设模块.ixx:1293	按函数名执行对应处理。	20	4
值类型_特征类型指针	值类型_特征类型指针	自我动作实现模块.ixx:809	按函数名执行对应处理。	20	13
值类型_特征类型指针_筹办	值类型_特征类型指针_筹办	任务模块.筹办.ixx:3321	推进任务筹办，形成候选、缺口或就绪回执。	2	2
值类型_类型I64	值类型_类型I64	自我动作实现.外设模块.ixx:1279	按函数名执行对应处理。	5	1
值类型_类型I64	值类型_类型I64	自我动作实现模块.ixx:795	按函数名执行对应处理。	5	2
值类型_类型I64_筹办	值类型_类型I64_筹办	任务模块.筹办.ixx:3307	推进任务筹办，形成候选、缺口或就绪回执。	2	2
值转文本	值转文本	动作验证报告类.h:178	按函数名执行对应处理。	5	5	header_or_inline
停止	停止	鱼巢.cpp:1482	停止控制台10秒自动刷新循环。	543	24
停止任务管理工作线程壳	停止任务管理工作线程壳	任务模块.管理工作线程.ixx:3753	停止线程、模块或运行流程。	3	2
停止外设线程_D455深度相机	停止外设线程_D455深度相机	外设线程_D455深度相机.ixx:3418	停止线程、模块或运行流程。	4	2
停止控制面板摘要线程	停止控制面板摘要线程	控制面板摘要线程模块.impl.cpp:705	停止线程、模块或运行流程。	2	1
停止自我线程	停止自我线程	自我线程模块.impl.cpp:16660	停止线程、模块或运行流程。	4	1
停止自检线程	停止自检线程	自检线程模块.impl.cpp:2134	停止线程、模块或运行流程。	4	1
入口主键_筹办日志	入口主键_筹办日志	任务模块.筹办.ixx:181	推进任务筹办，形成候选、缺口或就绪回执。	44	44
共轭	共轭	基础数据类型.h:907	按函数名执行对应处理。	2	2	header_or_inline
关系允许方向	关系允许方向	方法主信息类.h:162	按函数名执行对应处理。	7	2	header_or_inline
关系目标特征类型	关系目标特征类型	方法主信息类.h:144	按函数名执行对应处理。	43	5	header_or_inline
关系目标特征类型参数	关系目标特征类型参数	方法主信息类.h:156	按函数名执行对应处理。	9	1	header_or_inline
关系目标特征类型由参数决定	关系目标特征类型由参数决定	方法主信息类.h:150	按函数名执行对应处理。	17	1	header_or_inline
关闭	关闭	D455相机类.cpp:82	按函数名执行对应处理。	87	5
关闭	关闭	日志模块.ixx:382	按函数名执行对应处理。	87	17
关闭	关闭	日志模块.ixx:480	按函数名执行对应处理。	87	17
关闭项目日志	关闭项目日志	日志模块.ixx:561	按函数名执行对应处理。	4	2
写	写	日志模块.ixx:494	按函数名执行对应处理。	5210	23
写一行	写一行	日志模块.ixx:336	按函数名执行对应处理。	4	4
写入G0候选基础硬门槛	写入G0候选基础硬门槛	自我动作实现.服务模块.ixx:2963	把处理结果写入指定对象、场景或日志。	2	2
写入I64	写入I64	自我动作实现.外设模块.ixx:7147	把处理结果写入指定对象、场景或日志。	159	6
写入I64	写入I64	自我动作实现.扫描.ixx:785	把处理结果写入指定对象、场景或日志。	159	139
写入I64	写入I64	自我动作实现模块.ixx:2597	把处理结果写入指定对象、场景或日志。	159	6
写入OpenGL复现数据摘要	写入OpenGL复现数据摘要	自我动作实现.外设模块.ixx:15267	把处理结果写入指定对象、场景或日志。	2	2
写入任务节点引用	写入任务节点引用	任务模块.筹办.ixx:378	把处理结果写入指定对象、场景或日志。	4	2
写入候选复核状态	写入候选复核状态	自我动作实现.服务模块.ixx:3350	把处理结果写入指定对象、场景或日志。	7	7
写入候选实参I64	写入候选实参I64	自我动作实现模块.ixx:6157	把处理结果写入指定对象、场景或日志。	4	4
写入候选实参指针	写入候选实参指针	自我动作实现模块.ixx:6178	把处理结果写入指定对象、场景或日志。	4	4
写入候选记录基础引用	写入候选记录基础引用	自我动作实现.服务模块.ixx:3191	把处理结果写入指定对象、场景或日志。	2	2
写入全帧像素归属账本摘要	写入全帧像素归属账本摘要	自我动作实现.外设模块.ixx:13152	把处理结果写入指定对象、场景或日志。	2	2
写入内部世界基础摘要	写入内部世界基础摘要	自我动作实现.外设模块.ixx:14074	把处理结果写入指定对象、场景或日志。	2	2
写入参数绑定失败	写入参数绑定失败	自我动作实现.外设模块.ixx:8570	把处理结果写入指定对象、场景或日志。	2	1
写入参数绑定失败	写入参数绑定失败	自我动作实现模块.ixx:3845	把处理结果写入指定对象、场景或日志。	2	1
写入双目相机I64事实与动态	写入双目相机I64事实与动态	自我动作实现.外设模块.ixx:17504	把处理结果写入指定对象、场景或日志。	53	53
写入双目相机像素归属验证摘要	写入双目相机像素归属验证摘要	自我动作实现.外设模块.ixx:13283	把处理结果写入指定对象、场景或日志。	3	3
写入双目相机像素特征索引摘要	写入双目相机像素特征索引摘要	自我动作实现.外设模块.ixx:12206	把处理结果写入指定对象、场景或日志。	4	4
写入双目相机空间候选摘要	写入双目相机空间候选摘要	自我动作实现.外设模块.ixx:13167	把处理结果写入指定对象、场景或日志。	3	3
写入双目相机空间候选独立性摘要	写入双目相机空间候选独立性摘要	自我动作实现.外设模块.ixx:13200	把处理结果写入指定对象、场景或日志。	3	3
写入双目相机空间候选观察队列摘要	写入双目相机空间候选观察队列摘要	自我动作实现.外设模块.ixx:13219	把处理结果写入指定对象、场景或日志。	3	3
写入双目相机观察存在假设摘要	写入双目相机观察存在假设摘要	自我动作实现.外设模块.ixx:13243	把处理结果写入指定对象、场景或日志。	3	3
写入双目相机观察存在确认摘要	写入双目相机观察存在确认摘要	自我动作实现.外设模块.ixx:13314	把处理结果写入指定对象、场景或日志。	2	2
写入双目相机观察帧摘要	写入双目相机观察帧摘要	自我动作实现.外设模块.ixx:12089	把处理结果写入指定对象、场景或日志。	4	4
写入双目相机通用结果	写入双目相机通用结果	自我动作实现.外设模块.ixx:17587	把处理结果写入指定对象、场景或日志。	43	43
写入场景复现方法结果	写入场景复现方法结果	自我动作实现.外设模块.ixx:15294	把处理结果写入指定对象、场景或日志。	2	2
写入场景当前特征值_空间位置	写入场景当前特征值_空间位置	自我动作实现.扫描.ixx:1438	把处理结果写入指定对象、场景或日志。	2	2
写入场景节点引用	写入场景节点引用	任务模块.筹办.ixx:399	把处理结果写入指定对象、场景或日志。	2	2
写入场景识别快照摘要	写入场景识别快照摘要	自我动作实现.外设模块.ixx:15137	把处理结果写入指定对象、场景或日志。	3	3
写入基础节点I64	写入基础节点I64	自我动作实现.外设模块.ixx:7210	把处理结果写入指定对象、场景或日志。	1150	1028
写入基础节点I64	写入基础节点I64	自我动作实现模块.ixx:2660	把处理结果写入指定对象、场景或日志。	1150	122
写入基础节点UTF8句柄VecU	写入基础节点UTF8句柄VecU	自我动作实现.外设模块.ixx:7293	把处理结果写入指定对象、场景或日志。	3	3
写入基础节点VecI64允许特征	写入基础节点VecI64允许特征	自我动作实现.外设模块.ixx:7258	把处理结果写入指定对象、场景或日志。	3	3
写入基础节点VecI64轮廓	写入基础节点VecI64轮廓	自我动作实现.外设模块.ixx:7222	把处理结果写入指定对象、场景或日志。	3	3
写入基础节点引用	写入基础节点引用	任务模块.筹办.ixx:392	把处理结果写入指定对象、场景或日志。	6	6
写入基础节点指针	写入基础节点指针	自我动作实现.外设模块.ixx:7197	把处理结果写入指定对象、场景或日志。	246	132
写入基础节点指针	写入基础节点指针	自我动作实现模块.ixx:2647	把处理结果写入指定对象、场景或日志。	246	114
写入基础节点特征值	写入基础节点特征值	自我动作实现.外设模块.ixx:7484	把处理结果写入指定对象、场景或日志。	4	2
写入基础节点特征值	写入基础节点特征值	自我动作实现模块.ixx:2672	把处理结果写入指定对象、场景或日志。	4	2
写入存在I64	写入存在I64	自我动作实现.外设模块.ixx:7164	把处理结果写入指定对象、场景或日志。	8	4
写入存在I64	写入存在I64	自我动作实现模块.ixx:2614	把处理结果写入指定对象、场景或日志。	8	4
写入存在指针	写入存在指针	自我动作实现.外设模块.ixx:7180	把处理结果写入指定对象、场景或日志。	14	7
写入存在指针	写入存在指针	自我动作实现模块.ixx:2630	把处理结果写入指定对象、场景或日志。	14	7
写入安全因果候选条目明细	写入安全因果候选条目明细	自我动作实现.外设模块.ixx:13767	把处理结果写入指定对象、场景或日志。	2	2
写入宿主I64特征派生需求	写入宿主I64特征派生需求	自我动作实现.外设模块.ixx:8084	把处理结果写入指定对象、场景或日志。	10	10
写入已确认观察存在节点原始事实	写入已确认观察存在节点原始事实	自我动作实现.外设模块.ixx:13020	把处理结果写入指定对象、场景或日志。	3	3
写入当前场景特征值材料门摘要	写入当前场景特征值材料门摘要	自我动作实现.外设模块.ixx:13811	把处理结果写入指定对象、场景或日志。	3	3
写入当前场景特征值材料门明细	写入当前场景特征值材料门明细	自我动作实现.外设模块.ixx:13832	把处理结果写入指定对象、场景或日志。	3	3
写入扫描输出I64状态	写入扫描输出I64状态	自我动作实现.扫描.ixx:1306	创建并返回或登记对应对象。	7	7
写入指针	写入指针	自我动作实现.扫描.ixx:795	把处理结果写入指定对象、场景或日志。	24	15
写入提交入口来源动作动态	写入提交入口来源动作动态	自我动作实现.外设模块.ixx:23260	把处理结果写入指定对象、场景或日志。	9	9
写入方法候选引用	写入方法候选引用	任务模块.筹办.ixx:357	把处理结果写入指定对象、场景或日志。	2	2
写入方法执行情况	写入方法执行情况	自我动作实现.外设模块.ixx:8389	把处理结果写入指定对象、场景或日志。	30	16
写入方法执行情况	写入方法执行情况	自我动作实现模块.ixx:3221	把处理结果写入指定对象、场景或日志。	30	14
写入方法条件匹配失败回执	写入方法条件匹配失败回执	自我动作实现模块.ixx:5192	把处理结果写入指定对象、场景或日志。	7	7
写入方法节点引用	写入方法节点引用	任务模块.筹办.ixx:350	把处理结果写入指定对象、场景或日志。	5	3
写入方法虚拟存在节点实例特征	写入方法虚拟存在节点实例特征	自我动作实现模块.ixx:3260	把处理结果写入指定对象、场景或日志。	3	3
写入方法补齐任务输入目标方法	写入方法补齐任务输入目标方法	任务模块.筹办.ixx:3349	把处理结果写入指定对象、场景或日志。	4	4
写入方法补齐任务输入目标方法	写入方法补齐任务输入目标方法	任务模块.筹办.ixx:3426	把处理结果写入指定对象、场景或日志。	4	4
写入本能方法自身环境失败	写入本能方法自身环境失败	自我动作实现.外设模块.ixx:9086	把处理结果写入指定对象、场景或日志。	7	3
写入本能方法自身环境失败	写入本能方法自身环境失败	自我动作实现模块.ixx:4201	把处理结果写入指定对象、场景或日志。	7	4
写入条件匹配结果	写入条件匹配结果	自我动作实现模块.ixx:4899	把处理结果写入指定对象、场景或日志。	2	2
写入目标方法I64实际结果状态	写入目标方法I64实际结果状态	自我动作实现.外设模块.ixx:8178	把处理结果写入指定对象、场景或日志。	52	49
写入目标方法I64实际结果状态	写入目标方法I64实际结果状态	自我动作实现模块.ixx:3010	把处理结果写入指定对象、场景或日志。	52	3
写入目标方法I64特征	写入目标方法I64特征	自我动作实现.外设模块.ixx:7924	把处理结果写入指定对象、场景或日志。	17	2
写入目标方法I64特征	写入目标方法I64特征	自我动作实现模块.ixx:2859	把处理结果写入指定对象、场景或日志。	17	15
写入目标方法I64特征派生需求	写入目标方法I64特征派生需求	自我动作实现.外设模块.ixx:8064	把处理结果写入指定对象、场景或日志。	12	1
写入目标方法I64特征派生需求	写入目标方法I64特征派生需求	自我动作实现模块.ixx:2990	把处理结果写入指定对象、场景或日志。	12	11
写入目标方法特征派生需求	写入目标方法特征派生需求	自我动作实现.外设模块.ixx:7940	把处理结果写入指定对象、场景或日志。	6	3
写入目标方法特征派生需求	写入目标方法特征派生需求	自我动作实现模块.ixx:2875	把处理结果写入指定对象、场景或日志。	6	3
写入目标方法状态派生需求	写入目标方法状态派生需求	自我动作实现.外设模块.ixx:8043	把处理结果写入指定对象、场景或日志。	2	1
写入目标方法状态派生需求	写入目标方法状态派生需求	自我动作实现模块.ixx:2969	把处理结果写入指定对象、场景或日志。	2	1
写入空间候选事实	写入空间候选事实	自我动作实现.外设模块.ixx:11820	把处理结果写入指定对象、场景或日志。	2	2
写入空间候选观察队列逐项账本	写入空间候选观察队列逐项账本	自我动作实现.外设模块.ixx:12986	把处理结果写入指定对象、场景或日志。	2	2
写入空间候选逐项账本	写入空间候选逐项账本	自我动作实现.外设模块.ixx:11880	把处理结果写入指定对象、场景或日志。	2	2
写入筹办回执任务建议	写入筹办回执任务建议	任务模块.筹办.ixx:279	把处理结果写入指定对象、场景或日志。	21	21
写入自我像素特征值承接摘要	写入自我像素特征值承接摘要	自我动作实现.外设模块.ixx:12244	把处理结果写入指定对象、场景或日志。	3	3
写入自我像素观察事实索引摘要	写入自我像素观察事实索引摘要	自我动作实现.外设模块.ixx:12218	把处理结果写入指定对象、场景或日志。	3	3
写入自我场景绝对坐标摘要	写入自我场景绝对坐标摘要	自我动作实现.外设模块.ixx:7469	把处理结果写入指定对象、场景或日志。	6	6
写入自我基础观察事实可用摘要	写入自我基础观察事实可用摘要	自我动作实现.外设模块.ixx:12304	把处理结果写入指定对象、场景或日志。	3	3
写入自我观察事实完备摘要	写入自我观察事实完备摘要	自我动作实现.外设模块.ixx:12262	把处理结果写入指定对象、场景或日志。	3	3
写入自我观察帧存在摘要	写入自我观察帧存在摘要	自我动作实现.外设模块.ixx:12579	把处理结果写入指定对象、场景或日志。	3	3
写入自我观察帧接口摘要	写入自我观察帧接口摘要	自我动作实现.外设模块.ixx:12606	把处理结果写入指定对象、场景或日志。	2	2
写入自我观察帧质量摘要	写入自我观察帧质量摘要	自我动作实现.外设模块.ixx:12276	把处理结果写入指定对象、场景或日志。	2	2
写入观察变化方法结果	写入观察变化方法结果	自我动作实现.外设模块.ixx:14828	把处理结果写入指定对象、场景或日志。	2	2
写入观察存在提交关系二次特征	写入观察存在提交关系二次特征	自我动作实现.外设模块.ixx:13131	把处理结果写入指定对象、场景或日志。	7	7
写入观察簇VecI64轮廓	写入观察簇VecI64轮廓	自我动作实现.外设模块.ixx:7383	把处理结果写入指定对象、场景或日志。	2	2
写入观察簇到存在节点允许轮廓	写入观察簇到存在节点允许轮廓	自我动作实现.外设模块.ixx:7433	把处理结果写入指定对象、场景或日志。	2	2
写入观察诊断区域事实	写入观察诊断区域事实	自我动作实现.外设模块.ixx:12004	把处理结果写入指定对象、场景或日志。	2	2
写入观察诊断区域逐项账本	写入观察诊断区域逐项账本	自我动作实现.外设模块.ixx:12025	把处理结果写入指定对象、场景或日志。	2	2
写入输出结果I64状态	写入输出结果I64状态	自我动作实现.外设模块.ixx:17561	把处理结果写入指定对象、场景或日志。	2	2
写入需求节点引用	写入需求节点引用	任务模块.筹办.ixx:385	把处理结果写入指定对象、场景或日志。	5	2
写入非I64候选实参	写入非I64候选实参	自我动作实现模块.ixx:6315	把处理结果写入指定对象、场景或日志。	4	4
冻结消息批次	冻结消息批次	自我线程模块.消息批次执行器.ixx:42	按函数名执行对应处理。	5	2
分区簇与预测ROI匹配分数	分区簇与预测ROI匹配分数	自我动作实现.外设模块.ixx:10727	按函数名执行对应处理。	2	2
分层_取或创建路径_已加锁	分层_取或创建路径_已加锁	特征值类.h:364	创建并返回或登记对应对象。	2	2	header_or_inline
分层_登记叶子_已加锁	分层_登记叶子_已加锁	特征值类.h:388	登记方法、模板、对象或运行入口。	2	2	header_or_inline
切换线程状态并上报	切换线程状态并上报	自我线程模块.impl.cpp:16678	按函数名执行对应处理。	3	1
创建任务可执行输入参数场景	创建任务可执行输入参数场景	任务模块.筹办.ixx:3328	创建并返回或登记对应对象。	4	4	contract_like
创建子值节点	创建子值节点	特征值类.h:100	创建并返回或登记对应对象。	2	1	header_or_inline,contract_like
创建子场景_按特征名	创建子场景_按特征名	自我动作实现模块.ixx:5289	创建并返回或登记对应对象。	2	2	contract_like
创建扫描I64状态	创建扫描I64状态	自我动作实现.扫描.ixx:1282	创建并返回或登记对应对象。	2	2	contract_like
创建筹办I64状态节点	创建筹办I64状态节点	任务模块.筹办.ixx:1643	创建并返回或登记对应对象。	3	3	contract_like
初始化	初始化	日志模块.ixx:471	初始化相关对象、状态或运行上下文。	827	19
初始化	初始化	特征值类.h:27	初始化相关对象、状态或运行上下文。	827	2	header_or_inline
初始化为孤立节点	初始化为孤立节点	双向链表模板核心.h:75	初始化相关对象、状态或运行上下文。	4	3	header_or_inline
初始化任务控制态	初始化任务控制态	自我线程模块.消息批次执行器.ixx:302	初始化相关对象、状态或运行上下文。	2	2
初始化全链自环	初始化全链自环	双向链表模板核心.h:68	初始化相关对象、状态或运行上下文。	2	2	header_or_inline
初始化同层自环	初始化同层自环	双向链表模板核心.h:60	初始化相关对象、状态或运行上下文。	2	2	header_or_inline
初始化度量模板注册表	初始化度量模板注册表	度量模板注册表桥接.cpp:58	初始化相关对象、状态或运行上下文。	3	1
初始化新节点_已加锁	初始化新节点_已加锁	双向链表模板核心.h:197	初始化相关对象、状态或运行上下文。	3	3	header_or_inline
初始化自我环境	初始化自我环境	自我线程模块.impl.cpp:16648	初始化相关对象、状态或运行上下文。	5	1
初始化项目日志	初始化项目日志	日志模块.ixx:544	初始化相关对象、状态或运行上下文。	4	2
删除子链	删除子链	双向链表模板核心.h:562	删除指定对象、状态或登记项。	4	4	header_or_inline,contract_like
删除子链_已加锁	删除子链_已加锁	双向链表模板核心.h:542	删除指定对象、状态或登记项。	3	3	header_or_inline,contract_like
删除节点	删除节点	双向链表模板核心.h:535	删除指定对象、状态或登记项。	39	24	header_or_inline,contract_like
删除节点_已加锁	删除节点_已加锁	双向链表模板核心.h:500	=============================================================...	8	5	header_or_inline,contract_like
删除节点_已加锁	删除节点_已加锁	需求类.h:1148	删除指定对象、状态或登记项。	8	3	header_or_inline,contract_like
删除链表	删除链表	双向链表模板核心.h:582	删除指定对象、状态或登记项。	5	4	header_or_inline,contract_like
删除链表_已加锁	删除链表_已加锁	双向链表模板核心.h:569	删除指定对象、状态或登记项。	3	2	header_or_inline,contract_like
判定实际结果场景复现既有结果_条件结果对归并	判定实际结果场景复现既有结果_条件结果对归并	自我动作实现模块.ixx:3306	按函数名执行对应处理。	2	2
判定自我侧观察材料质量	判定自我侧观察材料质量	自我动作实现.外设模块.ixx:12379	按函数名执行对应处理。	9	9
判定首收件人	判定首收件人	自我线程模块.消息路由.ixx:19	按函数名执行对应处理。	4	4
判断二次特征方向	判断二次特征方向	二次特征应用模块.ixx:207	判断条件、状态或业务结果是否成立。	6	6
判断二次特征方向	判断二次特征方向	二次特征应用模块.ixx:277	判断条件、状态或业务结果是否成立。	6	6
判断单个空间候选独立状态	判断单个空间候选独立状态	自我动作实现.外设模块.ixx:10122	判断条件、状态或业务结果是否成立。	3	3
判断外设数据项可处理	判断外设数据项可处理	自我动作实现.扫描.ixx:1033	判断条件、状态或业务结果是否成立。	3	3
判断外设数据项对应关系	判断外设数据项对应关系	自我动作实现.扫描.ixx:1189	判断条件、状态或业务结果是否成立。	2	2
判断外设观察材料质量	判断外设观察材料质量	外设观察报告队列.ixx:1976	判断条件、状态或业务结果是否成立。	5	2
判断方向是否一致	判断方向是否一致	二次特征应用模块.ixx:285	判断条件、状态或业务结果是否成立。	3	3
判断方向是否一致	判断方向是否一致	二次特征应用模块.ixx:306	判断条件、状态或业务结果是否成立。	3	3
判断状态结果方向	判断状态结果方向	二次特征应用模块.ixx:318	判断条件、状态或业务结果是否成立。	2	2
判断目标观察约束可用性	判断目标观察约束可用性	外设观察报告队列.ixx:2929	判断条件、状态或业务结果是否成立。	12	6
刷新偏差	刷新偏差	动作验证报告类.h:133	按函数名执行对应处理。	4	1	header_or_inline
刷新子需求权重	刷新子需求权重	需求类.h:600	按函数名执行对应处理。	17	7	header_or_inline
刷新子需求权重_已加锁	刷新子需求权重_已加锁	需求类.h:1292	按函数名执行对应处理。	6	6	header_or_inline
刷新度量签名_链键	刷新度量签名_链键	基础信息主信息类.h:603	按函数名执行对应处理。	23	1	header_or_inline
刷新执行尝试汇总状态	刷新执行尝试汇总状态	自我线程模块.消息协议.ixx:1081	执行任务、方法或动作的主体逻辑。	6	6
刷新直接子需求权重_已加锁	刷新直接子需求权重_已加锁	需求类.h:1312	按函数名执行对应处理。	2	2	header_or_inline
动态类::允许生成场景动态	允许生成场景动态	动态类.cpp:1032	根据当前输入生成目标数据、场景、动态或回执。	3	2	member_or_public_like
动态类::允许生成存在动态	允许生成存在动态	动态类.cpp:1013	根据当前输入生成目标数据、场景、动态或回执。	3	2	member_or_public_like
动态类::允许生成方法动作动态	允许生成方法动作动态	动态类.cpp:1051	根据当前输入生成目标数据、场景、动态或回执。	4	3	member_or_public_like
动态类::允许生成状态动态	允许生成状态动态	动态类.cpp:1002	根据当前输入生成目标数据、场景、动态或回执。	6	5	member_or_public_like
动态类::创建动作动态	创建动作动态	动态类.cpp:829	创建并返回或登记对应对象。	2	1	member_or_public_like,contract_like
动态类::创建动态	创建动态	动态类.cpp:585	创建并返回或登记对应对象。	44	18	member_or_public_like,contract_like
动态类::创建动态	创建动态	动态类.cpp:774	创建并返回或登记对应对象。	44	18	member_or_public_like,contract_like
动态类::创建叶子动态	创建叶子动态	动态类.cpp:819	创建并返回或登记对应对象。	3	2	member_or_public_like,contract_like
动态类::创建场景动态	创建场景动态	动态类.cpp:954	创建并返回或登记对应对象。	2	1	member_or_public_like,contract_like
动态类::创建存在动态	创建存在动态	动态类.cpp:906	创建并返回或登记对应对象。	2	1	member_or_public_like,contract_like
动态类::创建方法动作动态	创建方法动作动态	动态类.cpp:858	创建并返回或登记对应对象。	16	1	member_or_public_like,contract_like
动态类::删除动态	删除动态	动态类.cpp:1057	删除指定对象、状态或登记项。	3	1	member_or_public_like,contract_like
动态类::动态聚合来源链相同	动态聚合来源链相同	动态类.cpp:567	比较聚合动态的来源低层动态链是否与输入动态列表一致。	6	1	member_or_public_like
动态类::取动态主信息	取动态主信息	动态类.cpp:393	按函数名执行对应处理。	33	14	member_or_public_like
动态类::取动态主信息	取动态主信息	动态类.cpp:399	按函数名执行对应处理。	33	14	member_or_public_like
动态类::按主键解析动态节点	按主键解析动态节点	动态类.cpp:417	按主键查找并解析动态节点，不创建或修改节点。	10	1	member_or_public_like
动态类::推导动态名称	推导动态名称	动态类.cpp:405	按动态结构字段推导名称语义入口。	7	6	member_or_public_like
动态类::推导动态类型	推导动态类型	动态类.cpp:411	按动态结构字段推导动态类别入口。	13	7	member_or_public_like
动态类::是原子相邻动态	是原子相邻动态	动态类.cpp:514	判断动态是否为原子相邻动态，不创建或修改节点。	7	1	member_or_public_like
动态类::枚举全部动态	枚举全部动态	动态类.cpp:1069	按函数名执行对应处理。	3	1	member_or_public_like,contract_like
动态类::查找相邻前状态	查找相邻前状态	动态类.cpp:1096	按条件查找目标对象、方法或事实。	3	2	member_or_public_like,contract_like
动态类::状态记录后刷新动态	状态记录后刷新动态	动态类.cpp:1225	记录日志、动态、证据或运行痕迹。	6	1	member_or_public_like
动态类::绑定基础信息	绑定基础信息	动态类.cpp:387	建立对象、任务、方法或因果之间的绑定关系。	34	1	member_or_public_like
动态类::绑定来源场景	绑定来源场景	动态类.cpp:1293	建立对象、任务、方法或因果之间的绑定关系。	10	1	member_or_public_like
动态类::绑定来源方法	绑定来源方法	动态类.cpp:1276	建立对象、任务、方法或因果之间的绑定关系。	6	1	member_or_public_like
动态类::获取场景动态	获取场景动态	动态类.cpp:1081	读取并返回指定对象、状态或运行材料。	8	1	member_or_public_like,contract_like
动态类::计算动态列表路径签名	计算动态列表路径签名	动态类.cpp:550	按动态节点列表计算聚合路径签名，用于来源链快速过滤。	6	1	member_or_public_like
动态类::设置主体特征	设置主体特征	动态类.cpp:1236	设置对象字段、状态或运行参数。	10	1	member_or_public_like,contract_like
动态类::设置聚合信息	设置聚合信息	动态类.cpp:1253	设置对象字段、状态或运行参数。	2	1	member_or_public_like,contract_like
动态类::读取动态因果生成输入	读取动态因果生成输入	动态类.cpp:427	读取动态生成因果所需输入，不创建或修改节点。	14	1	member_or_public_like,contract_like
动态类::读取动态排序时间	读取动态排序时间	动态类.cpp:485	读取动态排序时间，不创建或修改节点。	6	2	member_or_public_like,contract_like
动态类::读取动态来源低层动态	读取动态来源低层动态	动态类.cpp:525	读取动态来源低层动态引用链，不创建或修改节点。	10	2	member_or_public_like,contract_like
动态类::读取动态来源场景	读取动态来源场景	动态类.cpp:458	读取动态来源输入场景和输出场景，不创建或修改节点。	3	1	member_or_public_like,contract_like
动态类::读取动态聚合信息	读取动态聚合信息	动态类.cpp:492	读取动态聚合层级、聚合方式和路径签名，不创建或修改节点。	21	2	member_or_public_like,contract_like
动态类::追加来源低层动态	追加来源低层动态	动态类.cpp:1264	按函数名执行对应处理。	15	5	member_or_public_like
动态节点主信息类	动态节点主信息类	基础信息主信息类.h:518	按函数名执行对应处理。	60	3	header_or_inline
包含	包含	基础数据类型.h:36	按函数名执行对应处理。	121	2	header_or_inline
包已封口	包已封口	任务模块.运行包.impl.cpp:57	按函数名执行对应处理。	2	1
匹配链键	匹配链键	度量模板注册表类.ixx:201	按函数名执行对应处理。	13	13
匹配链键	匹配链键	度量模板注册表类.ixx:223	按函数名执行对应处理。	13	13
匹配链键	匹配链键	度量模板注册表类.ixx:245	按函数名执行对应处理。	13	13
匹配链键	匹配链键	度量模板注册表类.ixx:257	按函数名执行对应处理。	13	13
匹配链键	匹配链键	度量模板注册表类.ixx:269	按函数名执行对应处理。	13	13
匹配链键	匹配链键	度量模板注册表类.ixx:291	按函数名执行对应处理。	13	13
匹配链键	匹配链键	度量模板注册表类.ixx:303	按函数名执行对应处理。	13	13
匹配链键	匹配链键	度量模板注册表类.ixx:336	按函数名执行对应处理。	13	13
匹配链键	匹配链键	度量模板注册表类.ixx:372	按函数名执行对应处理。	13	13
匹配链键	匹配链键	度量模板注册表类.ixx:398	按函数名执行对应处理。	13	13
匹配链键	匹配链键	度量模板注册表类.ixx:435	按函数名执行对应处理。	13	13
区间中点	区间中点	自我动作实现模块.ixx:5963	按函数名执行对应处理。	3	3
区间有效	区间有效	二次特征应用模块.ixx:36	按函数名执行对应处理。	25	4
区间间隔I64	区间间隔I64	自我动作实现.外设模块.ixx:10047	按函数名执行对应处理。	4	4
单位	单位	基础数据类型.h:894	按函数名执行对应处理。	283	12	header_or_inline
参数值类型为I64	参数值类型为I64	自我动作实现模块.ixx:5909	按函数名执行对应处理。	5	2
参数值类型为I64_筹办	参数值类型为I64_筹办	任务模块.筹办.ixx:3952	推进任务筹办，形成候选、缺口或就绪回执。	3	3
参数值类型为指针_筹办	参数值类型为指针_筹办	任务模块.筹办.ixx:3960	推进任务筹办，形成候选、缺口或就绪回执。	2	2
双目相机失败原因词	双目相机失败原因词	自我动作实现.外设模块.ixx:11436	按函数名执行对应处理。	2	2
双目相机实际输出场景	双目相机实际输出场景	自我动作实现.外设模块.ixx:17436	按函数名执行对应处理。	53	53
反序列化	反序列化	特征值主信息类.h:108	把对象转换为可保存或可传输形式。	8	1	header_or_inline
发送线程生命周期消息	发送线程生命周期消息	线程生命周期消息模块.ixx:1003	按函数名执行对应处理。	4	1
取VecU只读指针	取VecU只读指针	特征值类.h:115	按函数名执行对应处理。	10	1	header_or_inline
取主键	取主键	本能动作类.ixx:58	按函数名执行对应处理。	1152	6
取信息入口主信息类型	取信息入口主信息类型	语素主信息类.h:74	按函数名执行对应处理。	8	4	header_or_inline
取信息入口存储树	取信息入口存储树	语素主信息类.h:81	按函数名执行对应处理。	7	1	header_or_inline
取信息入口默认人类词性	取信息入口默认人类词性	语素主信息类.h:88	按函数名执行对应处理。	5	2	header_or_inline
取信息入口默认根名	取信息入口默认根名	语素主信息类.h:95	按函数名执行对应处理。	5	1	header_or_inline
取值域	取值域	基础信息主信息类.h:286	按函数名执行对应处理。	2	1	header_or_inline
取动作函数_	取动作函数_	动作线程类.ixx:356	按函数名执行对应处理。	2	2
取存在所在场景	取存在所在场景	自我动作实现.外设模块.ixx:13414	按函数名执行对应处理。	14	2
取或创建OR组令牌记录_动作模块	取或创建OR组令牌记录_动作模块	自我动作实现模块.ixx:12252	创建并返回或登记对应对象。	2	2
取或创建OpenGL复现数据	取或创建OpenGL复现数据	自我动作实现.外设模块.ixx:14999	创建并返回或登记对应对象。	2	2
取或创建任务字段特征	取或创建任务字段特征	自我动作实现.服务模块.ixx:1277	创建并返回或登记对应对象。	4	4
取或创建内外接口	取或创建内外接口	自我动作实现.外设模块.ixx:14106	创建并返回或登记对应对象。	3	3
取或创建内部世界子候选	取或创建内部世界子候选	自我动作实现.外设模块.ixx:14165	创建并返回或登记对应对象。	3	3
取或创建内部世界子存在	取或创建内部世界子存在	自我动作实现.外设模块.ixx:14200	创建并返回或登记对应对象。	2	2
取或创建双目相机外设存在	取或创建双目相机外设存在	自我动作实现.外设模块.ixx:17451	创建并返回或登记对应对象。	2	2
取或创建可观测单位映射表	取或创建可观测单位映射表	自我动作实现.外设模块.ixx:23297	创建并返回或登记对应对象。	2	2
取或创建场景识别快照	取或创建场景识别快照	自我动作实现.外设模块.ixx:14993	创建并返回或登记对应对象。	2	2
取或创建子特征	取或创建子特征	自我动作实现.外设模块.ixx:7678	创建并返回或登记对应对象。	840	665
取或创建子特征	取或创建子特征	自我动作实现模块.ixx:2695	创建并返回或登记对应对象。	840	143
取或创建局部观察切片	取或创建局部观察切片	自我动作实现.外设模块.ixx:14129	创建并返回或登记对应对象。	3	3
取或创建已确认观察存在	取或创建已确认观察存在	自我动作实现.外设模块.ixx:13005	创建并返回或登记对应对象。	3	3
取或创建当前观察范围对应事实	取或创建当前观察范围对应事实	自我动作实现.外设模块.ixx:23283	创建并返回或登记对应对象。	2	2
取或创建根下抽象特征	取或创建根下抽象特征	自我动作实现模块.ixx:3250	创建并返回或登记对应对象。	2	2
取或创建空间候选观察事实	取或创建空间候选观察事实	自我动作实现.外设模块.ixx:11806	创建并返回或登记对应对象。	3	3
取或创建观察变化事件	取或创建观察变化事件	自我动作实现.外设模块.ixx:14610	创建并返回或登记对应对象。	2	2
取或创建观察存在匹配关系	取或创建观察存在匹配关系	自我动作实现.外设模块.ixx:14582	创建并返回或登记对应对象。	2	2
取或创建观察存在发现事实	取或创建观察存在发现事实	自我动作实现.外设模块.ixx:24366	创建并返回或登记对应对象。	3	3
取或创建观察存在变化结果	取或创建观察存在变化结果	自我动作实现.外设模块.ixx:14596	创建并返回或登记对应对象。	2	2
取或创建观察诊断区域事实	取或创建观察诊断区域事实	自我动作实现.外设模块.ixx:11980	创建并返回或登记对应对象。	2	2
取或创建记录节点	取或创建记录节点	自我动作实现.扫描.ixx:1062	创建并返回或登记对应对象。	7	7
取或创建运行存在	取或创建运行存在	自我动作实现.扫描.ixx:846	创建并返回或登记对应对象。	2	2
取日期_YYYYMMDD	取日期_YYYYMMDD	日志模块.ixx:237	按函数名执行对应处理。	2	2
取时间戳_YYYYMMDD_hhmmss_mmm	取时间戳_YYYYMMDD_hhmmss_mmm	日志模块.ixx:253	按函数名执行对应处理。	2	2
取本能动作集	取本能动作集	本能动作管理类.ixx:978	按函数名执行对应处理。	96	1
取条件节点信息	取条件节点信息	方法主信息类.h:304	按函数名执行对应处理。	26	3	header_or_inline
取条件节点信息	取条件节点信息	方法主信息类.h:310	按函数名执行对应处理。	26	3	header_or_inline
取消全部	取消全部	任务模块.执行.ixx:1053	按函数名执行对应处理。	2	2
取特征主信息	取特征主信息	本能动作类.ixx:26	按函数名执行对应处理。	84	4
取特征主信息	取特征主信息	本能动作类.ixx:32	按函数名执行对应处理。	84	4
取特征值	取特征值	本能动作类.ixx:45	按函数名执行对应处理。	8	3
取离散候选节点	取离散候选节点	自我动作实现模块.ixx:6275	按函数名执行对应处理。	2	2
取类型	取类型	本能动作类.ixx:52	按函数名执行对应处理。	5	3
取结果节点信息	取结果节点信息	方法主信息类.h:316	按函数名执行对应处理。	21	3	header_or_inline
取结果节点信息	取结果节点信息	方法主信息类.h:322	按函数名执行对应处理。	21	3	header_or_inline
取节点	取节点	特征值类.h:81	按函数名执行对应处理。	31	2	header_or_inline
取节点VecU只读指针	取节点VecU只读指针	特征值类.h:122	读取特征值节点中的 VecU 值，不创建或修改节点。	6	1	header_or_inline
取队列深度	取队列深度	动作线程类.ixx:124	按函数名执行对应处理。	2	2
取首个方法条件节点	取首个方法条件节点	自我动作实现.外设模块.ixx:9030	按函数名执行对应处理。	4	2
取首个方法条件节点	取首个方法条件节点	自我动作实现模块.ixx:4124	按函数名执行对应处理。	4	2
取首节点信息	取首节点信息	方法主信息类.h:292	按函数名执行对应处理。	30	9	header_or_inline
取首节点信息	取首节点信息	方法主信息类.h:298	按函数名执行对应处理。	30	9	header_or_inline
变更子节点数量	变更子节点数量	双向链表模板核心.h:51	按函数名执行对应处理。	4	4	header_or_inline
可比较	可比较	特征类.h:104	比较当前值、目标值或历史基准。	243	7	header_or_inline
可用任务头	可用任务头	自我线程模块.impl.cpp:5432	按函数名执行对应处理。	4	4
可用任务头	可用任务头	自我线程模块.impl.cpp:5441	按函数名执行对应处理。	4	4
可结算服务值	可结算服务值	自我线程模块.impl.cpp:712	结算任务、需求、价值或结果贡献。	4	4
可解析引用	可解析引用	基础数据类型.h:134	解析输入文本、消息、场景或运行包。	460	6	header_or_inline
可解析引用	可解析引用	基础数据类型.h:137	解析输入文本、消息、场景或运行包。	460	6	header_or_inline
合并基础匹配与VecI64轮廓评分	合并基础匹配与VecI64轮廓评分	自我动作实现.外设模块.ixx:7667	按函数名执行对应处理。	3	3
合并相邻待合并空间候选	合并相邻待合并空间候选	自我动作实现.外设模块.ixx:10352	按函数名执行对应处理。	2	2
合并线程状态消息到执行尝试汇总	合并线程状态消息到执行尝试汇总	自我线程模块.消息协议.ixx:1142	执行任务、方法或动作的主体逻辑。	4	3
合并结果消息到执行尝试汇总	合并结果消息到执行尝试汇总	自我线程模块.消息协议.ixx:1189	执行任务、方法或动作的主体逻辑。	4	3
合并需求主信息_已加锁	合并需求主信息_已加锁	需求类.h:1062	按函数名执行对应处理。	2	2	header_or_inline
合法叶子任务结算增量	合法叶子任务结算增量	自我动作实现模块.ixx:12403	结算任务、需求、价值或结果贡献。	3	3
同步任务推进特征_提交路径	同步任务推进特征_提交路径	自我动作实现模块.ixx:10601	同步线程、任务、场景或对象之间的状态。	2	2
同步任务管理上行消息语义槽	同步任务管理上行消息语义槽	任务模块.工作线程消息协议.ixx:399	同步线程、任务、场景或对象之间的状态。	9	1
同步任务管理执行前许可请求语义槽	同步任务管理执行前许可请求语义槽	任务模块.工作线程消息协议.ixx:392	同步线程、任务、场景或对象之间的状态。	4	2
同步任务管理派生需求消息语义槽	同步任务管理派生需求消息语义槽	任务模块.工作线程消息协议.ixx:358	同步线程、任务、场景或对象之间的状态。	5	2
同步任务管理线程状态消息语义槽	同步任务管理线程状态消息语义槽	任务模块.工作线程消息协议.ixx:338	同步线程、任务、场景或对象之间的状态。	3	2
同步任务管理线程补充特征语义槽	同步任务管理线程补充特征语义槽	任务模块.工作线程消息协议.ixx:330	同步线程、任务、场景或对象之间的状态。	2	2
同步任务管理结果状态消息语义槽	同步任务管理结果状态消息语义槽	任务模块.工作线程消息协议.ixx:377	同步线程、任务、场景或对象之间的状态。	3	2
同步任务管理观察事实承接请求语义槽	同步任务管理观察事实承接请求语义槽	任务模块.工作线程消息协议.ixx:385	同步线程、任务、场景或对象之间的状态。	5	2
同步后返回执行尝试对账结果	同步后返回执行尝试对账结果	自我线程模块.消息协议.ixx:579	同步线程、任务、场景或对象之间的状态。	6	6
同步后返回执行尝试汇总对账结果	同步后返回执行尝试汇总对账结果	自我线程模块.消息协议.ixx:586	同步线程、任务、场景或对象之间的状态。	12	12
同步工作线程事件语义槽	同步工作线程事件语义槽	任务模块.工作线程协议.ixx:30	同步线程、任务、场景或对象之间的状态。	3	1
同步执行尝试对账结果语义槽	同步执行尝试对账结果语义槽	自我线程模块.消息协议.ixx:563	同步线程、任务、场景或对象之间的状态。	3	3
同步执行尝试汇总语义槽	同步执行尝试汇总语义槽	自我线程模块.消息协议.ixx:570	同步线程、任务、场景或对象之间的状态。	2	2
同步执行桥语义槽	同步执行桥语义槽	任务模块.执行.ixx:61	同步线程、任务、场景或对象之间的状态。	6	5
同步执行桥语义槽	同步执行桥语义槽	任务模块.执行.ixx:69	同步线程、任务、场景或对象之间的状态。	6	5
同步扫描输出结果场景	同步扫描输出结果场景	自我动作实现.扫描.ixx:1536	同步线程、任务、场景或对象之间的状态。	2	2
同步治理消息头语义槽	同步治理消息头语义槽	自我线程模块.消息协议.ixx:502	同步线程、任务、场景或对象之间的状态。	4	4
同步治理消息语义槽	同步治理消息语义槽	自我线程模块.消息协议.ixx:513	同步线程、任务、场景或对象之间的状态。	2	2
同步特征变化项语义槽	同步特征变化项语义槽	自我线程模块.消息协议.ixx:554	同步线程、任务、场景或对象之间的状态。	3	3
同步自检报告消息语义槽	同步自检报告消息语义槽	自我线程模块.消息协议.ixx:545	同步线程、任务、场景或对象之间的状态。	3	2
同步自检缺口候选消息语义槽	同步自检缺口候选消息语义槽	自我线程模块.消息协议.ixx:520	同步线程、任务、场景或对象之间的状态。	5	2
同步运行包语义槽	同步运行包语义槽	任务模块.运行包.impl.cpp:132	同步线程、任务、场景或对象之间的状态。	19	13
同步运行包语义槽	同步运行包语义槽	任务模块.运行包.impl.cpp:139	同步线程、任务、场景或对象之间的状态。	19	13
同步运行包语义槽	同步运行包语义槽	任务模块.运行包.impl.cpp:150	同步线程、任务、场景或对象之间的状态。	19	13
同步运行包语义槽	同步运行包语义槽	任务模块.运行包.impl.cpp:161	同步线程、任务、场景或对象之间的状态。	19	13
同步运行包语义槽	同步运行包语义槽	任务模块.运行包.impl.cpp:168	同步线程、任务、场景或对象之间的状态。	19	13
同步运行包语义槽	同步运行包语义槽	任务模块.运行包.impl.cpp:181	同步线程、任务、场景或对象之间的状态。	19	13
名称_双目相机外设	名称_双目相机外设	自我动作实现.外设模块.ixx:17422	按函数名执行对应处理。	2	2
名称_存在内部世界	名称_存在内部世界	自我动作实现.外设模块.ixx:2227	按函数名执行对应处理。	2	2
向量转文本	向量转文本	动作验证报告类.h:197	按函数名执行对应处理。	7	7	header_or_inline
启动	启动	任务模块.执行.ixx:1034	启动线程、模块或运行流程。	754	2
启动	启动	动作线程类.ixx:223	启动线程、模块或运行流程。	754	6
启动	启动	鱼巢.cpp:1453	启动控制台10秒自动刷新循环；默认关闭，只在用户手动打开后输出。	754	178
启动外设线程_D455深度相机	启动外设线程_D455深度相机	外设线程_D455深度相机.ixx:3412	启动线程、模块或运行流程。	4	2
启动控制面板WebView2窗口	启动控制面板WebView2窗口	控制面板WebView2.cpp:2089	启动线程、模块或运行流程。	3	1
启动控制面板摘要线程	启动控制面板摘要线程	控制面板摘要线程模块.impl.cpp:699	启动线程、模块或运行流程。	3	1
启动控制面板相机播放窗口	启动控制面板相机播放窗口	控制面板WebView2.cpp:2131	启动控制面板相机播放独立窗口。	3	1
启动控制面板相机窗口	启动控制面板相机窗口	控制面板类.cpp:14961	启动控制面板相机播放独立窗口。	3	1
启动控制面板窗口	启动控制面板窗口	控制面板类.cpp:14955	启动线程、模块或运行流程。	3	1
启动自我线程	启动自我线程	自我线程模块.impl.cpp:16654	启动线程、模块或运行流程。	6	1
启动自检线程	启动自检线程	自检线程模块.impl.cpp:2122	启动线程、模块或运行流程。	5	2
启动自检线程只读观察模式	启动自检线程只读观察模式	自检线程模块.impl.cpp:2128	启动线程、模块或运行流程。	2	1
吸收促成因果到临时视图_筹办查询	吸收促成因果到临时视图_筹办查询	任务模块.筹办.ixx:1620	推进任务筹办，形成候选、缺口或就绪回执。	2	2
吸收因果方法就绪缺口_筹办查询	吸收因果方法就绪缺口_筹办查询	任务模块.筹办.ixx:1578	推进任务筹办，形成候选、缺口或就绪回执。	2	2
吸收因果条件缺口_筹办查询	吸收因果条件缺口_筹办查询	任务模块.筹办.ixx:1493	推进任务筹办，形成候选、缺口或就绪回执。	3	3
吸收因果证据缺口_筹办查询	吸收因果证据缺口_筹办查询	任务模块.筹办.ixx:1604	推进任务筹办，形成候选、缺口或就绪回执。	3	3
吸收条件项值	吸收条件项值	自我动作实现模块.ixx:4596	按函数名执行对应处理。	4	4
吸收条件项指针值	吸收条件项指针值	自我动作实现模块.ixx:4566	按函数名执行对应处理。	2	2
吸收避免因果到临时视图_筹办查询	吸收避免因果到临时视图_筹办查询	任务模块.筹办.ixx:1632	推进任务筹办，形成候选、缺口或就绪回执。	2	2
命中比较条件	命中比较条件	任务主信息类.h:107	比较当前值、目标值或历史基准。	19	3	header_or_inline
命中比较条件	命中比较条件	任务主信息类.h:112	比较当前值、目标值或历史基准。	19	3	header_or_inline
命中比较条件	命中比较条件	基础信息主信息类.h:125	比较当前值、目标值或历史基准。	19	1	header_or_inline
命中比较条件	命中比较条件	方法主信息类.h:419	比较当前值、目标值或历史基准。	19	3	header_or_inline
命中比较条件	命中比较条件	方法主信息类.h:424	比较当前值、目标值或历史基准。	19	3	header_or_inline
命中比较条件	命中比较条件	特征值主信息类.h:60	比较当前值、目标值或历史基准。	19	3	header_or_inline
命中比较条件	命中比较条件	特征值主信息类.h:65	比较当前值、目标值或历史基准。	19	3	header_or_inline
命中比较条件	命中比较条件	语素主信息类.h:359	比较当前值、目标值或历史基准。	19	1	header_or_inline
命中比较条件	命中比较条件	需求主信息类.h:78	比较当前值、目标值或历史基准。	19	3	header_or_inline
命中比较条件	命中比较条件	需求主信息类.h:83	比较当前值、目标值或历史基准。	19	3	header_or_inline
哈希VecIU64	哈希VecIU64	特征值类.h:234	按函数名执行对应处理。	9	9	header_or_inline
回执宿主已有推进特征_提交路径	回执宿主已有推进特征_提交路径	自我动作实现模块.ixx:10589	提交事实、动态、任务状态或运行回执。	2	2
因果主信息类	因果主信息类	基础信息主信息类.h:939	按函数名执行对应处理。	42	4	header_or_inline
因果条件缺口重复来源需求目标_筹办查询	因果条件缺口重复来源需求目标_筹办查询	任务模块.筹办.ixx:1441	判断因果条件缺口是否重复当前来源需求目标。	2	2
因果类::二次特征匹配模板	二次特征匹配模板	因果类.cpp:2656	按函数名执行对应处理。	3	2	member_or_public_like
因果类::创建因果模板	创建因果模板	因果类.cpp:1733	创建并返回或登记对应对象。	7	6	member_or_public_like,contract_like
因果类::取因果主信息	取因果主信息	因果类.cpp:1267	按函数名执行对应处理。	24	11	member_or_public_like
因果类::取因果主信息	取因果主信息	因果类.cpp:1273	按函数名执行对应处理。	24	11	member_or_public_like
因果类::取模板主信息	取模板主信息	因果类.cpp:1279	按函数名执行对应处理。	22	18	member_or_public_like
因果类::取模板主信息	取模板主信息	因果类.cpp:1285	按函数名执行对应处理。	22	18	member_or_public_like
因果类::因果模板匹配二次特征	因果模板匹配二次特征	因果类.cpp:2664	按函数名执行对应处理。	3	2	member_or_public_like
因果类::存在因果条件模板	存在因果条件模板	因果类.cpp:1582	判断因果节点是否登记了条件模板，不创建或修改节点。	6	1	member_or_public_like
因果类::按主键解析因果节点	按主键解析因果节点	因果类.cpp:1309	按主键查找并解析因果节点，不创建或修改节点。	12	2	member_or_public_like
因果类::按主键解析因果节点	按主键解析因果节点	因果类.cpp:1319	按主键查找并解析因果节点，不创建或修改节点。	12	2	member_or_public_like
因果类::是因果节点	是因果节点	因果类.cpp:1291	判断基础信息节点是否承载因果主信息，不创建或修改节点。	8	3	member_or_public_like
因果类::更新因果证据计数	更新因果证据计数	因果类.cpp:1370	更新因果模板基础证据计数，不保存失败动态样本。	4	3	member_or_public_like
因果类::枚举全部因果	枚举全部因果	因果类.cpp:2616	按函数名执行对应处理。	4	3	member_or_public_like,contract_like
因果类::枚举因果条件目标状态	枚举因果条件目标状态	因果类.cpp:1589	从因果条件模板和证据动态初始状态枚举条件目标状态，不创建或修改节点。	6	1	member_or_public_like,contract_like
因果类::枚举因果模板	枚举因果模板	因果类.cpp:2628	按函数名执行对应处理。	11	10	member_or_public_like,contract_like
因果类::查找匹配因果模板	查找匹配因果模板	因果类.cpp:2687	按条件查找目标对象、方法或事实。	6	1	member_or_public_like,contract_like
因果类::查询主果方向命中因果	查询主果方向命中因果	因果类.cpp:1502	按目标二次特征比较查询主果同向和反向命中的因果节点，不创建或修改节点。	8	1	member_or_public_like
因果类::查询动作相关因果	查询动作相关因果	因果类.cpp:1909	按方法模板或动作语义键查询抽象因果模板，不创建或修改因果节点。	2	1	member_or_public_like
因果类::查询叶子任务目标投影层级	查询叶子任务目标投影层级	因果类.cpp:2034	按函数名执行对应处理。	6	1	member_or_public_like
因果类::查询因果动作来源	查询因果动作来源	因果类.cpp:1701	读取因果动作来源的方法模板和动作语义，不创建或修改节点。	6	1	member_or_public_like
因果类::查询因果链	查询因果链	因果类.cpp:1926	从目标结果状态或目标结果特征回溯现有状态转换因果边。	6	1	member_or_public_like
因果类::查询条件相关因果	查询条件相关因果	因果类.cpp:1869	按条件特征查询抽象因果模板，不创建或修改因果节点。	2	1	member_or_public_like
因果类::查询结果相关因果	查询结果相关因果	因果类.cpp:1888	按结果特征或结果状态查询抽象因果模板，不创建或修改因果节点。	2	1	member_or_public_like
因果类::查询自检原子目标投影	查询自检原子目标投影	因果类.cpp:2120	按函数名执行对应处理。	6	1	member_or_public_like
因果类::生成因果信息	生成因果信息	因果类.cpp:2572	按动态信息生成或命中因果信息。	36	13	member_or_public_like
因果类::生成因果信息	生成因果信息	因果类.cpp:2598	按动态信息和指定场景生成或命中因果信息。	36	13	member_or_public_like
因果类::生成抽象因果自然语言	生成抽象因果自然语言	因果类.cpp:2705	把因果模板转换为基础命名显示使用的自然语言。	6	1	member_or_public_like
因果类::确保被动触发初始因果模板	确保被动触发初始因果模板	因果类.cpp:1763	确保被动触发初始因果模板存在，按结构签名命中后追加证据动态。	12	3	member_or_public_like
因果类::私有_生成因果信息并返回模板	私有_生成因果信息并返回模板	因果类.cpp:2267	内部生成或命中因果模板，并返回公开入口使用的首选模板。	3	2
因果类::绑定基础信息	绑定基础信息	因果类.cpp:1261	建立对象、任务、方法或因果之间的绑定关系。	34	1	member_or_public_like
因果类::解析因果节点	解析因果节点	因果类.cpp:1297	把基础信息节点解析为因果节点，不创建或修改节点。	29	8	member_or_public_like
因果类::解析因果节点	解析因果节点	因果类.cpp:1303	把基础信息节点解析为因果节点，不创建或修改节点。	29	8	member_or_public_like
因果类::读取因果证据状态	读取因果证据状态	因果类.cpp:1329	读取因果证据状态和基础计数判断，不创建或修改节点。	12	3	member_or_public_like,contract_like
因果类::追加证据动态样本	追加证据动态样本	因果类.cpp:2638	为生成因果信息命中的现有模板追加证据动态。	6	5	member_or_public_like
因果类::验收动作结果因果证据	验收动作结果因果证据	因果类.cpp:1399	验收动作动态的预测结果与实际结果，并更新命中因果模板计数。	2	1	member_or_public_like
因果缺失证据类型文本	因果缺失证据类型文本	因果类.cpp:1175	把结构化因果缺失证据类型转换为日志文本，不作为机器判断依据。	3	1
因果证据足够_筹办查询	因果证据足够_筹办查询	任务模块.筹办.ixx:1322	推进任务筹办，形成候选、缺口或就绪回执。	2	2
在范围内	在范围内	D455相机类.cpp:269	按函数名执行对应处理。	17	7
场景复现候选范围有效	场景复现候选范围有效	自我动作实现.外设模块.ixx:14985	按函数名执行对应处理。	2	2
场景类::创建场景	创建场景	场景类.cpp:131	创建并返回或登记对应对象。	32	4	member_or_public_like,contract_like
场景类::创建场景_按名称	创建场景_按名称	场景类.cpp:138	创建并返回或登记对应对象。	15	2	member_or_public_like,contract_like
场景类::删除场景	删除场景	场景类.cpp:165	删除指定对象、状态或登记项。	2	1	member_or_public_like,contract_like
场景类::取场景主信息	取场景主信息	场景类.cpp:101	按函数名执行对应处理。	19	16	member_or_public_like
场景类::取场景主信息	取场景主信息	场景类.cpp:107	按函数名执行对应处理。	19	16	member_or_public_like
场景类::取或创建子场景_按名称	取或创建子场景_按名称	场景类.cpp:150	创建并返回或登记对应对象。	13	1	member_or_public_like
场景类::按主键解析场景节点	按主键解析场景节点	场景类.cpp:119	按主键查找并解析场景节点，不创建或修改节点。	11	1	member_or_public_like
场景类::是场景节点	是场景节点	场景类.cpp:113	判断基础信息节点是否为场景节点，不创建或修改节点。	12	1	member_or_public_like
场景类::枚举全部场景	枚举全部场景	场景类.cpp:171	按函数名执行对应处理。	2	1	member_or_public_like,contract_like
场景类::查找子场景_按名称	查找子场景_按名称	场景类.cpp:225	按条件查找目标对象、方法或事实。	3	2	member_or_public_like,contract_like
场景类::查找存在_按深度或彩图轮廓图	查找存在_按深度或彩图轮廓图	场景类.cpp:239	在场景直接子存在中按局部深度/彩图轮廓查找候选存在，只返回比较结果。	6	1	member_or_public_like,contract_like
场景类::移除场景二次特征索引	移除场景二次特征索引	场景类.cpp:480	从场景二次特征事实目录移除指定二次特征引用，不删除二次特征节点。	3	1	member_or_public_like
场景类::移除场景动态索引	移除场景动态索引	场景类.cpp:443	从场景动态事实目录移除指定动态引用，不删除动态节点。	3	1	member_or_public_like
场景类::移除场景状态索引	移除场景状态索引	场景类.cpp:391	从场景状态事实目录移除指定状态引用，不删除状态节点。	8	3	member_or_public_like
场景类::移除场景状态索引引用	移除场景状态索引引用	场景类.cpp:402	按状态引用从场景状态事实目录移除状态引用，不删除状态节点。	5	2	member_or_public_like
场景类::绑定基础信息	绑定基础信息	场景类.cpp:95	建立对象、任务、方法或因果之间的绑定关系。	34	1	member_or_public_like
场景类::绑定宿主	绑定宿主	场景类.cpp:316	建立对象、任务、方法或因果之间的绑定关系。	4	1	member_or_public_like
场景类::绑定来源文章	绑定来源文章	场景类.cpp:362	建立对象、任务、方法或因果之间的绑定关系。	2	1	member_or_public_like
场景类::获取子场景	获取子场景	场景类.cpp:183	读取并返回指定对象、状态或运行材料。	3	2	member_or_public_like,contract_like
场景类::获取子存在	获取子存在	场景类.cpp:197	读取并返回指定对象、状态或运行材料。	24	2	member_or_public_like,contract_like
场景类::获取子特征	获取子特征	场景类.cpp:211	读取并返回指定对象、状态或运行材料。	20	1	member_or_public_like,contract_like
场景类::读取场景二次特征索引快照	读取场景二次特征索引快照	场景类.cpp:502	读取场景二次特征事实目录的引用快照，不解释二次特征业务含义。	7	1	member_or_public_like,contract_like
场景类::读取场景动态索引快照	读取场景动态索引快照	场景类.cpp:349	读取场景动态事实目录的引用快照，不解释动态语义。	5	1	member_or_public_like,contract_like
场景类::读取场景宿主存在	读取场景宿主存在	场景类.cpp:325	读取场景宿主存在引用，优先返回缓存指针，缺指针时按主键只读解析。	8	2	member_or_public_like,contract_like
场景类::读取场景状态索引快照	读取场景状态索引快照	场景类.cpp:336	读取场景状态事实目录的引用快照，不解释状态值业务含义。	15	1	member_or_public_like,contract_like
场景类::追加二次特征	追加二次特征	场景类.cpp:470	按函数名执行对应处理。	9	4	member_or_public_like
场景类::追加关系	追加关系	场景类.cpp:464	按函数名执行对应处理。	2	1	member_or_public_like
场景类::追加动态	追加动态	场景类.cpp:423	按函数名执行对应处理。	14	1	member_or_public_like
场景类::追加状态	追加状态	场景类.cpp:371	按函数名执行对应处理。	16	1	member_or_public_like
场景节点主信息类	场景节点主信息类	基础信息主信息类.h:445	按函数名执行对应处理。	35	4	header_or_inline
场景节点主信息类	场景节点主信息类	基础信息主信息类.h:448	按函数名执行对应处理。	35	4	header_or_inline
基础主键_筹办日志	基础主键_筹办日志	任务模块.筹办.ixx:175	推进任务筹办，形成候选、缺口或就绪回执。	30	30
基础信息_	基础信息_	二次特征类.cpp:260	按函数名执行对应处理。	324	38
基础信息_	基础信息_	动态类.cpp:381	按函数名执行对应处理。	324	57
基础信息_	基础信息_	因果类.cpp:1255	按函数名执行对应处理。	324	38
基础信息_	基础信息_	场景类.cpp:89	按函数名执行对应处理。	324	33
基础信息_	基础信息_	存在类.cpp:249	按函数名执行对应处理。	324	39
基础信息_	基础信息_	特征类.cpp:560	按函数名执行对应处理。	324	57
基础信息_	基础信息_	状态类.cpp:151	按函数名执行对应处理。	324	37
基础信息基类	基础信息基类	基础信息主信息类.h:105	按函数名执行对应处理。	76	52	header_or_inline
基础信息基类	基础信息基类	基础信息主信息类.h:108	按函数名执行对应处理。	76	52	header_or_inline
基础信息类::~基础信息类	~基础信息类	基础信息类.cpp:46	释放或收束对象资源。	2	1	ctor_dtor_operator,member_or_public_like
基础信息类::世界根	世界根	基础信息类.cpp:58	按函数名执行对应处理。	54	10	member_or_public_like
基础信息类::主信息类型是否可由语素入口模板创建	主信息类型是否可由语素入口模板创建	基础信息类.cpp:250	创建并返回或登记对应对象。	4	2	member_or_public_like
基础信息类::初始化	初始化	基础信息类.cpp:53	初始化相关对象、状态或运行上下文。	827	2	member_or_public_like
基础信息类::删除节点	删除节点	基础信息类.cpp:87	删除指定对象、状态或登记项。	39	4	member_or_public_like,contract_like
基础信息类::取或创建存在概念根	取或创建存在概念根	基础信息类.cpp:355	创建并返回或登记对应对象。	9	3	member_or_public_like
基础信息类::基础信息节点匹配类型	基础信息节点匹配类型	基础信息类.cpp:256	按函数名执行对应处理。	4	3	member_or_public_like
基础信息类::基础信息节点引用语素入口节点	基础信息节点引用语素入口节点	基础信息类.cpp:264	按函数名执行对应处理。	2	1	member_or_public_like
基础信息类::更新主信息	更新主信息	基础信息类.cpp:95	更新已有对象、状态、索引或缓存。	4	3	member_or_public_like
基础信息类::枚举全部节点	枚举全部节点	基础信息类.cpp:110	按函数名执行对应处理。	5	1	member_or_public_like,contract_like
基础信息类::查找引用语素入口节点的基础信息	查找引用语素入口节点的基础信息	基础信息类.cpp:228	按条件查找目标对象、方法或事实。	3	2	member_or_public_like,contract_like
基础信息类::查找语素入口模板	查找语素入口模板	基础信息类.cpp:123	按条件查找目标对象、方法或事实。	3	2	member_or_public_like,contract_like
基础信息类::添加子节点	添加子节点	基础信息类.cpp:72	按函数名执行对应处理。	48	5	member_or_public_like
基础信息类::添加节点	添加节点	基础信息类.cpp:64	按函数名执行对应处理。	15	3	member_or_public_like
基础信息类::确保语素入口模板	确保语素入口模板	基础信息类.cpp:141	确保目标结构、状态或前置条件存在并可用。	4	2	member_or_public_like
基础信息类::私有_主信息引用语素入口节点	私有_主信息引用语素入口节点	基础信息类.cpp:316	服务所在模块的内部辅助流程。	5	4
基础信息类::私有_创建语素入口模板主信息	私有_创建语素入口模板主信息	基础信息类.cpp:270	创建并返回或登记对应对象。	3	2
基础信息类::私有_清理主信息_已加锁	私有_清理主信息_已加锁	基础信息类.cpp:396	清理缓存、临时状态或运行资源。	9	2
基础信息类::私有_节点在范围内	私有_节点在范围内	基础信息类.cpp:339	服务所在模块的内部辅助流程。	6	2
基础信息类::获取名称	获取名称	基础信息类.cpp:349	读取并返回指定对象、状态或运行材料。	5	1	member_or_public_like,contract_like
基础信息类::选择信息入口默认根	选择信息入口默认根	基础信息类.cpp:187	从候选集中选择当前使用对象或方法。	3	2	member_or_public_like
基础信息类::释放节点主信息递归	释放节点主信息递归	基础信息类.cpp:80	递归释放节点及其子链主信息，不删除节点本身。	3	1	member_or_public_like
基础信息类型可由语素入口模板创建	基础信息类型可由语素入口模板创建	语素主信息类.h:305	创建并返回或登记对应对象。	5	1	header_or_inline
基础信息类型已确定	基础信息类型已确定	语素主信息类.h:435	按函数名执行对应处理。	5	1	header_or_inline
基础引用主键_已加锁	基础引用主键_已加锁	需求类.h:771	按函数名执行对应处理。	2	2	header_or_inline
基础节点	基础节点	自我动作实现.扫描.ixx:779	按函数名执行对应处理。	1961	21
基础节点属于当前世界树	基础节点属于当前世界树	自我动作实现.外设模块.ixx:11571	按函数名执行对应处理。	11	5
基础节点日志文本	基础节点日志文本	自我动作实现.外设模块.ixx:11580	按函数名执行对应处理。	76	76
基础节点类型词	基础节点类型词	自我动作实现模块.ixx:4493	按函数名执行对应处理。	2	2
基础观察事实失败条件摘要	基础观察事实失败条件摘要	自我动作实现.外设模块.ixx:9636	按函数名执行对应处理。	3	3
填充任务方法候选集	填充任务方法候选集	任务模块.筹办.ixx:3660	按函数名执行对应处理。	2	2
填充候选集_按结果能力	填充候选集_按结果能力	任务模块.筹办.ixx:3555	按函数名执行对应处理。	2	2
填充像素归属验证摘要	填充像素归属验证摘要	双目相机本能适配器.cpp:705	按函数名执行对应处理。	2	2
填充深度毫米结构	填充深度毫米结构	双目相机本能适配器.cpp:213	按函数名执行对应处理。	4	4
增加场景I64特征	增加场景I64特征	自我动作实现.外设模块.ixx:8552	按函数名执行对应处理。	2	1
增加场景I64特征	增加场景I64特征	自我动作实现模块.ixx:3827	按函数名执行对应处理。	2	1
增加基础节点I64	增加基础节点I64	自我动作实现模块.ixx:3285	按函数名执行对应处理。	11	11
声明了执行目标值约束	声明了执行目标值约束	方法主信息类.h:168	执行任务、方法或动作的主体逻辑。	2	1	header_or_inline
声明运行参数	声明运行参数	自我动作实现.外设模块.ixx:8598	执行对应模块、线程或方法的运行逻辑。	2	1
声明运行参数	声明运行参数	自我动作实现模块.ixx:3872	执行对应模块、线程或方法的运行逻辑。	2	1
处理业务域事实消息_	处理业务域事实消息_	自我线程模块.消息处理器.ixx:349	按函数名执行对应处理。	3	3
处理任务推进关键事件消息_	处理任务推进关键事件消息_	自我线程模块.消息处理器.ixx:370	按函数名执行对应处理。	3	3
处理工作线程状态消息_	处理工作线程状态消息_	自我线程模块.消息处理器.ixx:363	按函数名执行对应处理。	3	3
处理延迟事实消息_	处理延迟事实消息_	自我线程模块.消息处理器.ixx:356	按函数名执行对应处理。	3	3
处理控制域事实消息_	处理控制域事实消息_	自我线程模块.消息处理器.ixx:342	按函数名执行对应处理。	3	3
处理推进事件批次	处理推进事件批次	自我线程模块.消息处理器.ixx:448	按函数名执行对应处理。	2	2
处理治理消息	处理治理消息	自我线程模块.消息处理器.ixx:391	按函数名执行对应处理。	7	6
处理治理消息批次	处理治理消息批次	自我线程模块.消息处理器.ixx:421	按函数名执行对应处理。	4	3
处理派生需求上报消息_	处理派生需求上报消息_	自我线程模块.消息处理器.ixx:377	按函数名执行对应处理。	3	3
处理结果与关键中间状态回流消息_	处理结果与关键中间状态回流消息_	自我线程模块.消息处理器.ixx:384	按函数名执行对应处理。	3	3
复制任务参数到候选实参	复制任务参数到候选实参	自我动作实现模块.ixx:6103	按函数名执行对应处理。	2	2
复制候选实参到输入包	复制候选实参到输入包	自我动作实现模块.ixx:6638	按函数名执行对应处理。	2	2
复制固定参数到候选实参	复制固定参数到候选实参	自我动作实现模块.ixx:6344	按函数名执行对应处理。	2	2
复制条件包实参到候选实参表	复制条件包实参到候选实参表	自我动作实现模块.ixx:6759	按函数名执行对应处理。	3	3
复制条件场景实参到候选实参表	复制条件场景实参到候选实参表	自我动作实现模块.ixx:6785	按函数名执行对应处理。	2	2
复制条件实参特征到候选实参	复制条件实参特征到候选实参	自我动作实现模块.ixx:6723	按函数名执行对应处理。	2	2
复制深度帧毫米	复制深度帧毫米	D455相机类.cpp:274	按函数名执行对应处理。	4	4
复制特征当前标量到宿主	复制特征当前标量到宿主	自我动作实现模块.ixx:5254	按函数名执行对应处理。	2	2
复制红外Y8	复制红外Y8	D455相机类.cpp:475	按函数名执行对应处理。	3	3
复制输入I64到候选实参	复制输入I64到候选实参	自我动作实现模块.ixx:6224	按函数名执行对应处理。	2	2
复制输入指针到候选实参	复制输入指针到候选实参	自我动作实现模块.ixx:6204	按函数名执行对应处理。	9	9
复核形参候选实参完整性	复核形参候选实参完整性	自我动作实现模块.ixx:6538	按函数名执行对应处理。	3	3
外设Tracker轨迹状态文本	外设Tracker轨迹状态文本	外设观察报告队列.ixx:1866	按函数名执行对应处理。	5	4
外设分割处理模式文本	外设分割处理模式文本	外设观察报告队列.ixx:1851	按函数名执行对应处理。	6	4
外设动作调试日志输出启用	外设动作调试日志输出启用	自我动作实现.外设模块.ixx:84	按函数名执行对应处理。	4	4
外设坐标对齐状态文本	外设坐标对齐状态文本	外设观察报告队列.ixx:1919	按函数名执行对应处理。	6	6
外设坐标系一致性状态文本	外设坐标系一致性状态文本	外设观察报告队列.ixx:1932	按函数名执行对应处理。	6	5
外设提交_generation	外设提交_generation	外设观察报告队列.ixx:934	提交事实、动态、任务状态或运行回执。	2	2
外设提交_填充报告缺口	外设提交_填充报告缺口	外设观察报告队列.ixx:975	提交事实、动态、任务状态或运行回执。	2	2
外设提交_帧ID	外设提交_帧ID	外设观察报告队列.ixx:908	提交事实、动态、任务状态或运行回执。	2	2
外设提交_扫描匹配状态_由簇	外设提交_扫描匹配状态_由簇	外设观察报告队列.ixx:1125	提交事实、动态、任务状态或运行回执。	2	2
外设提交_材料页ID	外设提交_材料页ID	外设观察报告队列.ixx:923	提交事实、动态、任务状态或运行回执。	2	2
外设提交_正局部ID	外设提交_正局部ID	外设观察报告队列.ixx:866	提交事实、动态、任务状态或运行回执。	4	4
外设提交_汇总报告材料	外设提交_汇总报告材料	外设观察报告队列.ixx:957	提交事实、动态、任务状态或运行回执。	2	2
外设提交_百万分值	外设提交_百万分值	外设观察报告队列.ixx:876	提交事实、动态、任务状态或运行回执。	22	22
外设提交_簇中心	外设提交_簇中心	外设观察报告队列.ixx:1012	提交事实、动态、任务状态或运行回执。	3	3
外设提交_簇材料句柄集	外设提交_簇材料句柄集	外设观察报告队列.ixx:943	提交事实、动态、任务状态或运行回执。	5	5
外设提交_簇范围	外设提交_簇范围	外设观察报告队列.ixx:1018	提交事实、动态、任务状态或运行回执。	3	3
外设提交_跟踪状态_由报告	外设提交_跟踪状态_由报告	外设观察报告队列.ixx:1138	提交事实、动态、任务状态或运行回执。	2	2
外设提交_追加簇基础特征	外设提交_追加簇基础特征	外设观察报告队列.ixx:1063	提交事实、动态、任务状态或运行回执。	4	4
外设提交_追加缺口	外设提交_追加缺口	外设观察报告队列.ixx:882	提交事实、动态、任务状态或运行回执。	20	20
外设提交_追加非空句柄	外设提交_追加非空句柄	外设观察报告队列.ixx:895	提交事实、动态、任务状态或运行回执。	19	19
外设提交包类型_由报告类型	外设提交包类型_由报告类型	外设观察报告队列.ixx:2253	提交事实、动态、任务状态或运行回执。	3	3
外设提交包类型文本	外设提交包类型文本	外设观察报告队列.ixx:1944	提交事实、动态、任务状态或运行回执。	2	2
外设材料能力等级文本	外设材料能力等级文本	外设观察报告队列.ixx:1906	按函数名执行对应处理。	6	5
外设消息承接处理状态文本	外设消息承接处理状态文本	任务模块.管理工作线程.ixx:3316	按函数名执行对应处理。	3	3
外设空间中心有效	外设空间中心有效	自我动作实现.扫描.ixx:829	按函数名执行对应处理。	2	2
外设空间范围有效	外设空间范围有效	自我动作实现.扫描.ixx:835	按函数名执行对应处理。	2	2
外设簇与已确认观察存在VecI64轮廓匹配评分	外设簇与已确认观察存在VecI64轮廓匹配评分	自我动作实现.外设模块.ixx:7650	确认候选事实、存在、状态或运行结果。	3	3
外设簇与投影框重叠率	外设簇与投影框重叠率	自我动作实现.外设模块.ixx:10615	按函数名执行对应处理。	3	3
外设簇投影面积	外设簇投影面积	自我动作实现.外设模块.ixx:10607	按函数名执行对应处理。	3	3
外设簇材料可交付观察方法	外设簇材料可交付观察方法	自我动作实现.外设模块.ixx:11151	按函数名执行对应处理。	2	2
外设线程_D455深度相机类::~外设线程_D455深度相机类	~外设线程_D455深度相机类	外设线程_D455深度相机.ixx:3291	释放或收束对象资源。	2	2	ctor_dtor_operator,member_or_public_like
外设线程_D455深度相机类::启动	启动	外设线程_D455深度相机.ixx:3298	启动线程、模块或运行流程。	754	30	member_or_public_like
外设线程_D455深度相机类::外设线程_D455深度相机类	外设线程_D455深度相机类	外设线程_D455深度相机.ixx:3285	初始化对象实例。	21	21	member_or_public_like
外设线程_D455深度相机类::是否运行中	是否运行中	外设线程_D455深度相机.ixx:3386	执行对应模块、线程或方法的运行逻辑。	9	2	member_or_public_like
外设线程_D455深度相机类::等待停止	等待停止	外设线程_D455深度相机.ixx:3337	停止线程、模块或运行流程。	19	5	member_or_public_like
外设线程_D455深度相机类::等待完成	等待完成	外设线程_D455深度相机.ixx:3345	等待线程、任务、外设或条件变化。	3	2	member_or_public_like
外设线程_D455深度相机类::请求停止	请求停止	外设线程_D455深度相机.ixx:3320	停止线程、模块或运行流程。	39	5	member_or_public_like
外设线程_D455深度相机类::读取最新结果	读取最新结果	外设线程_D455深度相机.ixx:3395	从指定来源读取数据或状态。	4	4	member_or_public_like,contract_like
外设线程_D455深度相机类::读取生命周期状态	读取生命周期状态	外设线程_D455深度相机.ixx:3375	从指定来源读取数据或状态。	12	3	member_or_public_like,contract_like
外设观察_报告满足等待项	外设观察_报告满足等待项	外设观察报告队列.ixx:1645	等待线程、任务、外设或条件变化。	2	2
外设观察存在同一性状态_由确认方案项	外设观察存在同一性状态_由确认方案项	自我动作实现.外设模块.ixx:9940	确认候选事实、存在、状态或运行结果。	3	3
外设观察存在归属状态_由确认方案项	外设观察存在归属状态_由确认方案项	自我动作实现.外设模块.ixx:9959	确认候选事实、存在、状态或运行结果。	3	3
外设观察存在最高同一性评分	外设观察存在最高同一性评分	自我动作实现.外设模块.ixx:9978	按函数名执行对应处理。	2	2
外设观察存在聚合同一性状态	外设观察存在聚合同一性状态	自我动作实现.外设模块.ixx:9989	按函数名执行对应处理。	2	2
外设观察存在聚合归属状态	外设观察存在聚合归属状态	自我动作实现.外设模块.ixx:10012	按函数名执行对应处理。	2	2
外设观察当前时间毫秒	外设观察当前时间毫秒	外设观察报告队列.ixx:856	按函数名执行对应处理。	24	24
外设观察报告ID计数器	外设观察报告ID计数器	外设观察报告队列.ixx:835	按函数名执行对应处理。	2	2
外设观察报告_容量裁剪保护	外设观察报告_容量裁剪保护	外设观察报告队列.ixx:1196	按函数名执行对应处理。	2	2
外设观察报告_应清理	外设观察报告_应清理	外设观察报告队列.ixx:1187	清理缓存、临时状态或运行资源。	3	3
外设观察报告_清理已加锁	外设观察报告_清理已加锁	外设观察报告队列.ixx:1231	清理缓存、临时状态或运行资源。	9	9
外设观察报告_裁剪容量已加锁	外设观察报告_裁剪容量已加锁	外设观察报告队列.ixx:1208	按函数名执行对应处理。	2	2
外设观察报告匹配正式读取口径	外设观察报告匹配正式读取口径	自我动作实现.外设模块.ixx:12431	从指定来源读取数据或状态。	3	3
外设观察报告类型文本	外设观察报告类型文本	外设观察报告队列.ixx:1882	按函数名执行对应处理。	12	7
外设观察等待项ID计数器	外设观察等待项ID计数器	外设观察报告队列.ixx:842	等待线程、任务、外设或条件变化。	2	2
外设观察运行模式文本	外设观察运行模式文本	外设观察报告队列.ixx:1839	执行对应模块、线程或方法的运行逻辑。	8	4
外设观察队列状态	外设观察队列状态	外设观察报告队列.ixx:828	按函数名执行对应处理。	32	30
子节点数量	子节点数量	自我动作实现模块.ixx:6242	按函数名执行对应处理。	70	2
子需求权重采用OR关系	子需求权重采用OR关系	需求类.h:593	按函数名执行对应处理。	4	3	header_or_inline
存在引用主键_已加锁	存在引用主键_已加锁	需求类.h:780	按函数名执行对应处理。	2	2	header_or_inline
存在抢占消息	存在抢占消息	自我线程模块.消息批次执行器.ixx:227	按函数名执行对应处理。	2	2
存在活动直接子需求	存在活动直接子需求	任务模块.筹办.ixx:967	按函数名执行对应处理。	6	2
存在类::写入名称	写入名称	存在类.cpp:701	把处理结果写入指定对象、场景或日志。	2	1	member_or_public_like
存在类::写入存在场景绝对坐标	写入存在场景绝对坐标	存在类.cpp:790	把存在场景绝对坐标写入特征结构，并同步最近观测缓存。	20	5	member_or_public_like
存在类::写入存在场景绝对坐标_由参考存在相对坐标	写入存在场景绝对坐标_由参考存在相对坐标	存在类.cpp:827	按参考存在相对坐标写入目标存在场景绝对坐标和坐标来源。	5	1	member_or_public_like
存在类::写入存在场景绝对坐标_由相对坐标表	写入存在场景绝对坐标_由相对坐标表	存在类.cpp:861	按相对坐标表写入目标存在场景绝对坐标和坐标来源。	6	1	member_or_public_like
存在类::写入类型	写入类型	存在类.cpp:710	把处理结果写入指定对象、场景或日志。	2	1	member_or_public_like
存在类::写入观测位置	写入观测位置	存在类.cpp:762	把处理结果写入指定对象、场景或日志。	4	2	member_or_public_like
存在类::创建存在	创建存在	存在类.cpp:500	创建并返回或登记对应对象。	38	8	member_or_public_like,contract_like
存在类::创建存在_按名称类型	创建存在_按名称类型	存在类.cpp:508	创建并返回或登记对应对象。	8	5	member_or_public_like,contract_like
存在类::创建存在实例	创建存在实例	存在类.cpp:564	创建并返回或登记对应对象。	5	1	member_or_public_like,contract_like
存在类::删除存在	删除存在	存在类.cpp:584	删除指定对象、状态或登记项。	2	1	member_or_public_like,contract_like
存在类::取存在主信息	取存在主信息	存在类.cpp:261	按函数名执行对应处理。	46	28	member_or_public_like
存在类::取存在主信息	取存在主信息	存在类.cpp:267	按函数名执行对应处理。	46	28	member_or_public_like
存在类::取或创建子存在_按名称类型	取或创建子存在_按名称类型	存在类.cpp:520	创建并返回或登记对应对象。	14	1	member_or_public_like
存在类::取或创建子存在_按类型	取或创建子存在_按类型	存在类.cpp:540	创建并返回或登记对应对象。	40	1	member_or_public_like
存在类::存在包含概念	存在包含概念	存在类.cpp:665	按函数名执行对应处理。	9	2	member_or_public_like
存在类::按主键解析存在节点	按主键解析存在节点	存在类.cpp:279	按主键查找并解析存在节点，不创建或修改节点。	16	1	member_or_public_like
存在类::是存在概念	是存在概念	存在类.cpp:289	判断存在节点是否位于存在概念根子树内，不创建或修改节点。	6	2	member_or_public_like
存在类::是存在节点	是存在节点	存在类.cpp:273	判断基础信息节点是否承载存在主信息。	14	7	member_or_public_like
存在类::是实例存在	是实例存在	存在类.cpp:299	判断存在节点是否为实例存在，不创建或修改节点。	6	1	member_or_public_like
存在类::枚举全部存在	枚举全部存在	存在类.cpp:593	按函数名执行对应处理。	7	2	member_or_public_like,contract_like
存在类::查找子存在_按名称	查找子存在_按名称	存在类.cpp:617	按条件查找目标对象、方法或事实。	7	2	member_or_public_like,contract_like
存在类::查找子存在_按类型	查找子存在_按类型	存在类.cpp:631	按条件查找目标对象、方法或事实。	13	2	member_or_public_like,contract_like
存在类::查找实例_按概念	查找实例_按概念	存在类.cpp:683	按条件查找目标对象、方法或事实。	5	1	member_or_public_like,contract_like
存在类::标记观测未命中	标记观测未命中	存在类.cpp:891	按函数名执行对应处理。	2	1	member_or_public_like
存在类::添加实例概念	添加实例概念	存在类.cpp:731	按函数名执行对应处理。	12	2	member_or_public_like
存在类::确保存在三类根节点	确保存在三类根节点	存在类.cpp:451	确保目标结构、状态或前置条件存在并可用。	7	1	member_or_public_like
存在类::确保存在概念	确保存在概念	存在类.cpp:552	确保目标结构、状态或前置条件存在并可用。	22	1	member_or_public_like
存在类::绑定内部世界	绑定内部世界	存在类.cpp:753	建立对象、任务、方法或因果之间的绑定关系。	3	1	member_or_public_like
存在类::绑定基础信息	绑定基础信息	存在类.cpp:255	建立对象、任务、方法或因果之间的绑定关系。	34	1	member_or_public_like
存在类::绑定概念模板	绑定概念模板	存在类.cpp:719	建立对象、任务、方法或因果之间的绑定关系。	2	1	member_or_public_like
存在类::获取任务根节点	获取任务根节点	存在类.cpp:472	读取并返回指定对象、状态或运行材料。	33	2	member_or_public_like,contract_like
存在类::获取任务根节点	获取任务根节点	存在类.cpp:479	读取并返回指定对象、状态或运行材料。	33	2	member_or_public_like,contract_like
存在类::获取子存在	获取子存在	存在类.cpp:605	读取并返回指定对象、状态或运行材料。	24	4	member_or_public_like,contract_like
存在类::获取方法根节点	获取方法根节点	存在类.cpp:486	读取并返回指定对象、状态或运行材料。	34	2	member_or_public_like,contract_like
存在类::获取方法根节点	获取方法根节点	存在类.cpp:493	读取并返回指定对象、状态或运行材料。	34	2	member_or_public_like,contract_like
存在类::获取概念集	获取概念集	存在类.cpp:645	读取并返回指定对象、状态或运行材料。	6	1	member_or_public_like,contract_like
存在类::获取需求根节点	获取需求根节点	存在类.cpp:458	读取并返回指定对象、状态或运行材料。	30	2	member_or_public_like,contract_like
存在类::获取需求根节点	获取需求根节点	存在类.cpp:465	读取并返回指定对象、状态或运行材料。	30	2	member_or_public_like,contract_like
存在类::计算场景绝对坐标_由参考存在相对坐标	计算场景绝对坐标_由参考存在相对坐标	存在类.cpp:374	按参考存在绝对坐标和相对坐标计算同场景绝对坐标。	7	3	member_or_public_like
存在类::计算场景绝对坐标_由相对坐标表	计算场景绝对坐标_由相对坐标表	存在类.cpp:408	按相对坐标表选择第一条可用参考并换算场景绝对坐标。	6	2	member_or_public_like
存在类::读取上次观测位置缓存	读取上次观测位置缓存	存在类.cpp:442	读取上次观测位置缓存；缓存只作为特征化或显示输入。	3	2	member_or_public_like,contract_like
存在类::读取内部世界	读取内部世界	存在类.cpp:321	读取存在内部世界引用，不创建内部世界。	7	1	member_or_public_like,contract_like
存在类::读取存在名称	读取存在名称	存在类.cpp:307	读取存在名称入口，不创建或补齐任何结构。	7	2	member_or_public_like,contract_like
存在类::读取存在场景绝对坐标	读取存在场景绝对坐标	存在类.cpp:342	从存在特征结构读取场景绝对坐标，不创建特征节点。	15	2	member_or_public_like,contract_like
存在类::读取存在类型	读取存在类型	存在类.cpp:314	读取存在类型入口，不创建或补齐任何结构。	8	2	member_or_public_like,contract_like
存在类::读取最近观测位置缓存	读取最近观测位置缓存	存在类.cpp:433	读取最近观测位置缓存；缓存只作为特征化或显示输入。	9	2	member_or_public_like,contract_like
存在类::读取概念模板引用	读取概念模板引用	存在类.cpp:335	读取存在概念模板引用，不解析或扩充概念。	2	1	member_or_public_like,contract_like
存在类::读取概念集快照	读取概念集快照	存在类.cpp:328	读取存在概念集引用快照，不解析或扩充概念。	2	1	member_or_public_like,contract_like
存在类型是	存在类型是	自我动作实现.外设模块.ixx:13373	按函数名执行对应处理。	3	3
存在节点主信息类	存在节点主信息类	基础信息主信息类.h:401	按函数名执行对应处理。	43	5	header_or_inline
存在节点主信息类::~存在节点主信息类	~存在节点主信息类	基础信息主信息类.cpp:8	释放或收束对象资源。	2	1	ctor_dtor_operator,member_or_public_like
安全因果搜索输入已绑定I64_筹办	安全因果搜索输入已绑定I64_筹办	任务模块.筹办.ixx:4263	在候选范围内搜索目标对象或路径。	2	2
安全域大小	安全域大小	自我动作实现模块.ixx:5990	按函数名执行对应处理。	2	2
安全执行降级保护	安全执行降级保护	自我动作实现.外设模块.ixx:20168	执行任务、方法或动作的主体逻辑。	14	3
安全执行降级保护	安全执行降级保护	自我动作实现.外部模块.ixx:791	执行任务、方法或动作的主体逻辑。	14	4
安全执行降级保护	安全执行降级保护	自我动作实现模块.ixx:11432	执行任务、方法或动作的主体逻辑。	14	7
安全持续观察当前场景	安全持续观察当前场景	自我动作实现.外设模块.ixx:19943	按函数名执行对应处理。	14	3
安全持续观察当前场景	安全持续观察当前场景	自我动作实现.外部模块.ixx:773	按函数名执行对应处理。	14	4
安全持续观察当前场景	安全持续观察当前场景	自我动作实现模块.ixx:11414	按函数名执行对应处理。	14	7
安全搜索安全因果因素证据	安全搜索安全因果因素证据	自我动作实现.外设模块.ixx:19434	在候选范围内搜索目标对象或路径。	14	3
安全搜索安全因果因素证据	安全搜索安全因果因素证据	自我动作实现.外部模块.ixx:1097	在候选范围内搜索目标对象或路径。	14	4
安全搜索安全因果因素证据	安全搜索安全因果因素证据	自我动作实现模块.ixx:11549	在候选范围内搜索目标对象或路径。	14	7
安全构造场景影响因果候选	安全构造场景影响因果候选	自我动作实现.外设模块.ixx:20845	按函数名执行对应处理。	14	3
安全构造场景影响因果候选	安全构造场景影响因果候选	自我动作实现.外部模块.ixx:755	按函数名执行对应处理。	14	4
安全构造场景影响因果候选	安全构造场景影响因果候选	自我动作实现模块.ixx:11396	按函数名执行对应处理。	14	7
安全解析或散列任务管理主键	安全解析或散列任务管理主键	自我线程模块.消息协议.ixx:869	解析输入文本、消息、场景或运行包。	45	44
安全计算右减左	安全计算右减左	基础信息主信息类.h:647	计算权重、状态、差值或派生结果。	2	2	header_or_inline
安全评估当前场景安全性	安全评估当前场景安全性	自我动作实现.外设模块.ixx:18691	评估状态、风险、质量、权重或完成度。	18	3
安全评估当前场景安全性	安全评估当前场景安全性	自我动作实现.外部模块.ixx:737	评估状态、风险、质量、权重或完成度。	18	4
安全评估当前场景安全性	安全评估当前场景安全性	自我动作实现模块.ixx:11360	评估状态、风险、质量、权重或完成度。	18	8
完成外设观察等待项	完成外设观察等待项	外设观察报告队列.ixx:2908	等待线程、任务、外设或条件变化。	3	2
定位节点_已加锁	定位节点_已加锁	需求类.h:743	按函数名执行对应处理。	6	5	header_or_inline
定位需求节点	定位需求节点	自我线程模块.消息处理器.ixx:88	按函数名执行对应处理。	5	5
定向学习	定向学习	自我动作实现模块.ixx:9218	按函数名执行对应处理。	37	22
实例	实例	度量模板注册表类.ixx:93	按函数名执行对应处理。	428	3
对象约束匹配	对象约束匹配	二次特征应用模块.ixx:62	按函数名执行对应处理。	5	5
对账线程状态消息与结果消息	对账线程状态消息与结果消息	自我线程模块.消息协议.ixx:1020	按函数名执行对应处理。	3	3
封口任务包	封口任务包	任务模块.运行包.impl.cpp:192	按函数名执行对应处理。	3	1
封口结算包	封口结算包	任务模块.运行包.impl.cpp:198	结算任务、需求、价值或结果贡献。	2	1
尝试准备因果路径筹办入口壳	尝试准备因果路径筹办入口壳	任务模块.筹办.ixx:2074	推进任务筹办，形成候选、缺口或就绪回执。	2	2
尝试学习	尝试学习	自我动作实现模块.ixx:8858	按函数名执行对应处理。	62	44
尝试构造候选方法输入参数场景	尝试构造候选方法输入参数场景	任务模块.筹办.ixx:4837	按函数名执行对应处理。	2	2
尝试追加安全因果候选_正式I64特征	尝试追加安全因果候选_正式I64特征	自我动作实现.外设模块.ixx:13686	按函数名执行对应处理。	6	6
局部区域达到叶子阈值	局部区域达到叶子阈值	自我动作实现.外设模块.ixx:14068	按函数名执行对应处理。	5	5
展开已合法外设数据项	展开已合法外设数据项	自我动作实现.扫描.ixx:895	按函数名执行对应处理。	2	2
展开目标特征类型集合_筹办查询	展开目标特征类型集合_筹办查询	任务模块.筹办.ixx:2687	将复合目标特征展开为自身和全部子特征，供方法结果能力召回使用。	5	5
差值	差值	本能动作类.ixx:211	按函数名执行对应处理。	424	5
已合法外设数据项合同满足	已合法外设数据项合同满足	自我动作实现.扫描.ixx:986	按函数名执行对应处理。	3	3
已有单步本能入口待提交动作状态	已有单步本能入口待提交动作状态	任务模块.筹办.ixx:2491	提交事实、动态、任务状态或运行回执。	3	3
已注册	已注册	动作线程类.ixx:167	注册方法、模板、对象或运行入口。	118	9
已注册	已注册	度量模板注册表类.ixx:112	注册方法、模板、对象或运行入口。	118	4
已确认观察存在节点	已确认观察存在节点	自我动作实现.外设模块.ixx:13401	确认候选事实、存在、状态或运行结果。	17	17
已绑定基础信息	已绑定基础信息	语素主信息类.h:432	建立对象、任务、方法或因果之间的绑定关系。	11	1	header_or_inline
已落账像素观察事实索引	已落账像素观察事实索引	自我动作实现.外设模块.ixx:12971	按函数名执行对应处理。	2	2
已设置值	已设置值	动作验证报告类.h:74	设置对象字段、状态或运行参数。	4	1	header_or_inline
布尔文本_true或false	布尔文本_true或false	全局共享函数类.ixx:27	将布尔值格式化为英文调试文本。	4	1
布尔文本_一或零	布尔文本_一或零	全局共享函数类.ixx:21	将布尔值格式化为数字协议文本。	11	1
布尔文本_是或否	布尔文本_是或否	全局共享函数类.ixx:15	将布尔值格式化为中文显示文本。	130	1
帧像素有有效空间点	帧像素有有效空间点	双目相机本能适配器.cpp:140	按函数名执行对应处理。	6	6
帧像素深度有效	帧像素深度有效	双目相机本能适配器.cpp:186	按函数名执行对应处理。	6	6
平均存在风险压力	平均存在风险压力	自我动作实现.外设模块.ixx:487	按函数名执行对应处理。	2	2
序列化	序列化	特征值主信息类.h:92	把对象转换为可保存或可传输形式。	23	2	header_or_inline
应用配置	应用配置	D455相机类.cpp:197	按函数名执行对应处理。	5	4
应用需求树变更批次	应用需求树变更批次	自我线程模块.消息处理器.ixx:460	按函数名执行对应处理。	2	2
度量刻度语义显示文本	度量刻度语义显示文本	度量模板注册表桥接.cpp:34	把刻度语义代码渲染为日志、显示或语素入口名称种子。	3	1
建立执行尝试汇总基准	建立执行尝试汇总基准	自我线程模块.消息协议.ixx:950	把任务管理消息头同步为执行尝试汇总的数值基准。	4	4
建立条件结果对	建立条件结果对	自我动作实现模块.ixx:12017	按函数名执行对应处理。	33	22
建立深度三口径诊断	建立深度三口径诊断	双目相机本能适配器.cpp:244	按函数名执行对应处理。	2	2
建立静态多帧融合诊断	建立静态多帧融合诊断	双目相机本能适配器.cpp:369	按函数名执行对应处理。	2	2
异常	异常	日志模块.ixx:122	便捷：异常日志	406	29
异常_致命	异常_致命	日志模块.ixx:125	按函数名执行对应处理。	2	2
归一D0动作动态指针	归一D0动作动态指针	自我动作实现.服务模块.ixx:2181	按函数名执行对应处理。	6	6
归一到任务头结点	归一到任务头结点	任务模块.筹办.ixx:406	按函数名执行对应处理。	48	2
归一化	归一化	基础数据类型.h:900	按函数名执行对应处理。	21	3	header_or_inline
归并方法条件结果对	归并方法条件结果对	自我动作实现模块.ixx:3598	按函数名执行对应处理。	2	2
当前_微秒	当前_微秒	基础数据类型.h:534	当前时间戳（微秒）	391	1	header_or_inline
当前帧轮廓分区项ROI有效	当前帧轮廓分区项ROI有效	自我动作实现.外设模块.ixx:10753	按函数名执行对应处理。	5	5
当前系统线程ID_控制面板线程消息	当前系统线程ID_控制面板线程消息	线程生命周期消息模块.ixx:992	按函数名执行对应处理。	2	2
形参为必需	形参为必需	自我动作实现模块.ixx:5921	按函数名执行对应处理。	5	5
形参节点值类型_筹办	形参节点值类型_筹办	任务模块.筹办.ixx:3937	推进任务筹办，形成候选、缺口或就绪回执。	3	3
形参节点是必需_筹办	形参节点是必需_筹办	任务模块.筹办.ixx:3926	推进任务筹办，形成候选、缺口或就绪回执。	3	3
形态学_闭运算	形态学_闭运算	D455相机类.cpp:543	按函数名执行对应处理。	2	2
成功	成功	任务模块.筹办.ixx:4396	按函数名执行对应处理。	2035	10
成功	成功	自我线程模块.impl.cpp:325	按函数名执行对应处理。	2035	264
成功服务层级系数	成功服务层级系数	自我动作实现.服务模块.ixx:3492	按函数名执行对应处理。	2	2
打开	打开	D455相机类.cpp:49	按函数名执行对应处理。	160	13
打开	打开	双目相机本能适配器.cpp:1277	按函数名执行对应处理。	160	25
打开双目相机适配器	打开双目相机适配器	自我动作实现.外设模块.ixx:11770	适配外部接口、模块协议或调用结果。	2	2
执行ADO命令	执行ADO命令	数据库ADO模块.cpp:281	通过 ADO 执行不返回结果集的 SQL 命令。	7	1
执行ADO查询	执行ADO查询	数据库ADO模块.cpp:222	通过 ADO 执行 SQL 查询并返回文本化结果集。	3	1
执行删除需求指令_已加锁	执行删除需求指令_已加锁	需求类.h:1241	执行删除需求指令，删除目标需求并刷新原父需求权重。	2	2	header_or_inline
执行功能函数	执行功能函数	本能动作管理类.ixx:749	执行任务、方法或动作的主体逻辑。	8	2
执行尝试对账结论文本	执行尝试对账结论文本	自我线程模块.消息协议.ixx:851	执行任务、方法或动作的主体逻辑。	2	2
执行尝试汇总基准可对齐	执行尝试汇总基准可对齐	自我线程模块.消息协议.ixx:965	判断任务管理消息头是否可并入现有执行尝试汇总。	4	4
执行尝试汇总状态文本	执行尝试汇总状态文本	自我线程模块.消息协议.ixx:819	执行任务、方法或动作的主体逻辑。	2	2
执行尝试键字段可对齐	执行尝试键字段可对齐	自我线程模块.消息协议.ixx:920	判断两个可空数值键是否可用于同一次执行尝试对齐。	15	15
执行尝试验证状态文本	执行尝试验证状态文本	自我线程模块.消息协议.ixx:836	执行任务、方法或动作的主体逻辑。	2	2
执行新增需求指令_已加锁	执行新增需求指令_已加锁	需求类.h:1167	执行新增需求更新指令，新增或复用直接子需求并刷新父需求权重。	2	2	header_or_inline
执行方法_同步等待	执行方法_同步等待	任务模块.执行.ixx:1059	同步线程、任务、场景或对象之间的状态。	6	6
执行方法_同步等待	执行方法_同步等待	任务模块.执行.ixx:1075	同步线程、任务、场景或对象之间的状态。	6	6
执行方法_同步等待	执行方法_同步等待	任务模块.执行.ixx:1092	同步线程、任务、场景或对象之间的状态。	6	6
执行更新或满足需求指令_已加锁	执行更新或满足需求指令_已加锁	需求类.h:1185	执行更新或满足需求指令，更新目标需求字段并按需截止需求。	2	2	header_or_inline
执行更新指令	执行更新指令	需求类.h:657	更新已有对象、状态、索引或缓存。	17	3	header_or_inline
执行更新指令_已加锁	执行更新指令_已加锁	需求类.h:1259	更新已有对象、状态、索引或缓存。	2	2	header_or_inline
执行服务绑定任务字段动作	执行服务绑定任务字段动作	自我动作实现模块.ixx:11813	建立对象、任务、方法或因果之间的绑定关系。	9	9
执行自我内部世界动作	执行自我内部世界动作	自我动作实现.外设模块.ixx:25610	执行任务、方法或动作的主体逻辑。	7	7
执行自我变化发现动作	执行自我变化发现动作	自我动作实现.外设模块.ixx:26051	执行任务、方法或动作的主体逻辑。	4	4
执行自我场景复现导出动作	执行自我场景复现导出动作	自我动作实现.外设模块.ixx:26221	执行任务、方法或动作的主体逻辑。	3	3
扫描存在类型绑定名称	扫描存在类型绑定名称	自我动作实现.扫描.ixx:412	建立对象、任务、方法或因果之间的绑定关系。	2	2
扫描存在类型词	扫描存在类型词	自我动作实现.扫描.ixx:427	执行扫描相关材料获取、比较或提交逻辑。	8	8
扫描特征绑定名称	扫描特征绑定名称	自我动作实现.扫描.ixx:403	建立对象、任务、方法或因果之间的绑定关系。	2	2
扫描特征词	扫描特征词	自我动作实现.扫描.ixx:421	执行扫描相关材料获取、比较或提交逻辑。	93	93
投影尺寸	投影尺寸	自我动作实现.外设模块.ixx:13971	按函数名执行对应处理。	3	3
投递治理外部反馈事件	投递治理外部反馈事件	自我线程模块.impl.cpp:16688	按函数名执行对应处理。	3	1
投递自检报告消息	投递自检报告消息	自我线程模块.impl.cpp:16705	按函数名执行对应处理。	4	1
报告低级错误并终止_	报告低级错误并终止_	日志模块.ixx:186	按函数名执行对应处理。	9	9
抽象条件场景	抽象条件场景	自我动作实现.外设模块.ixx:8276	按函数名执行对应处理。	9	3
抽象条件场景	抽象条件场景	自我动作实现模块.ixx:3108	按函数名执行对应处理。	9	6
抽象条件集合根	抽象条件集合根	自我动作实现.外设模块.ixx:8294	按函数名执行对应处理。	2	1
抽象条件集合根	抽象条件集合根	自我动作实现模块.ixx:3126	按函数名执行对应处理。	2	1
抽象特征主信息类	抽象特征主信息类	基础信息主信息类.h:260	按函数名执行对应处理。	47	6	header_or_inline
抽象特征主信息类	抽象特征主信息类	基础信息主信息类.h:263	按函数名执行对应处理。	47	6	header_or_inline
抽象特征主信息类	抽象特征主信息类	基础信息主信息类.h:270	按函数名执行对应处理。	47	6	header_or_inline
抽象特征指针值	抽象特征指针值	自我线程模块.消息协议.ixx:496	按函数名执行对应处理。	21	21
抽象结果场景	抽象结果场景	自我动作实现.外设模块.ixx:8285	按函数名执行对应处理。	6	2
抽象结果场景	抽象结果场景	自我动作实现模块.ixx:3117	按函数名执行对应处理。	6	4
拆分冻结治理邮箱批次	拆分冻结治理邮箱批次	自我线程模块.消息批次执行器.ixx:205	按函数名执行对应处理。	7	2
指代节点主信息类	指代节点主信息类	基础信息主信息类.h:241	按函数名执行对应处理。	9	3	header_or_inline
指定存在跟踪预测区间有效	指定存在跟踪预测区间有效	自我动作实现.外设模块.ixx:10760	执行跟踪相关定位、匹配或结果输出逻辑。	2	2
指针值等于条件引用	指针值等于条件引用	自我动作实现模块.ixx:4772	按函数名执行对应处理。	3	3
指针日志文本	指针日志文本	自我动作实现.外设模块.ixx:9080	按函数名执行对应处理。	54	11
指针日志文本	指针日志文本	自我动作实现模块.ixx:4174	按函数名执行对应处理。	54	43
指针若为基础信息节点	指针若为基础信息节点	自我动作实现模块.ixx:4499	按函数名执行对应处理。	9	9
指针语素日志文本	指针语素日志文本	自我动作实现模块.ixx:6573	按函数名执行对应处理。	4	4
指针集合包含	指针集合包含	自我动作实现.扫描.ixx:1511	按函数名执行对应处理。	3	3
按主键定位节点_已加锁	按主键定位节点_已加锁	需求类.h:702	按函数名执行对应处理。	3	2	header_or_inline
按主键定位需求节点	按主键定位需求节点	自我线程模块.消息处理器.ixx:69	按函数名执行对应处理。	2	2
按方法条件节点绑定输入	按方法条件节点绑定输入	自我动作实现模块.ixx:5150	建立对象、任务、方法或因果之间的绑定关系。	4	4
按方法虚拟存在查找方法	按方法虚拟存在查找方法	任务模块.筹办.ixx:2525	按条件查找目标对象、方法或事实。	5	3
按方法虚拟存在查找方法_动作模块	按方法虚拟存在查找方法_动作模块	自我动作实现模块.ixx:5072	按条件查找目标对象、方法或事实。	2	2
按等待项匹配外设观察报告	按等待项匹配外设观察报告	外设观察报告队列.ixx:3281	等待线程、任务、外设或条件变化。	3	2
挑选绑定	挑选绑定	本能动作类.ixx:272	建立对象、任务、方法或因果之间的绑定关系。	3	3
控制面板摘要线程生命周期文本	控制面板摘要线程生命周期文本	控制面板摘要线程模块.impl.cpp:726	按函数名执行对应处理。	11	5
控制面板摘要线程类::~控制面板摘要线程类	~控制面板摘要线程类	控制面板摘要线程模块.impl.cpp:494	释放或收束对象资源。	2	1	ctor_dtor_operator,member_or_public_like
控制面板摘要线程类::主循环_	主循环_	控制面板摘要线程模块.impl.cpp:606	按函数名执行对应处理。	9	2	member_or_public_like
控制面板摘要线程类::写入快照_	写入快照_	控制面板摘要线程模块.impl.cpp:680	把处理结果写入指定对象、场景或日志。	3	2	member_or_public_like
控制面板摘要线程类::启动	启动	控制面板摘要线程模块.impl.cpp:501	启动线程、模块或运行流程。	754	27	member_or_public_like
控制面板摘要线程类::是否健康运行	是否健康运行	控制面板摘要线程模块.impl.cpp:585	执行对应模块、线程或方法的运行逻辑。	9	1	member_or_public_like
控制面板摘要线程类::等待停止	等待停止	控制面板摘要线程模块.impl.cpp:570	停止线程、模块或运行流程。	19	3	member_or_public_like
控制面板摘要线程类::请求停止	请求停止	控制面板摘要线程模块.impl.cpp:541	停止线程、模块或运行流程。	39	3	member_or_public_like
控制面板摘要线程类::请求刷新	请求刷新	控制面板摘要线程模块.impl.cpp:578	按函数名执行对应处理。	17	3	member_or_public_like
控制面板摘要线程类::读取最新快照	读取最新快照	控制面板摘要线程模块.impl.cpp:599	从指定来源读取数据或状态。	3	2	member_or_public_like,contract_like
控制面板摘要线程类::读取生命周期状态	读取生命周期状态	控制面板摘要线程模块.impl.cpp:592	从指定来源读取数据或状态。	12	1	member_or_public_like,contract_like
控制面板摘要线程类::采集快照_	采集快照_	控制面板摘要线程模块.impl.cpp:662	按函数名执行对应处理。	3	2	member_or_public_like
推导临时因果根分区_筹办查询	推导临时因果根分区_筹办查询	任务模块.筹办.ixx:1088	推进任务筹办，形成候选、缺口或就绪回执。	2	2
推导方法状态_结构与运行账	推导方法状态_结构与运行账	自我动作实现.外设模块.ixx:8518	执行对应模块、线程或方法的运行逻辑。	5	2
推导方法状态_结构与运行账	推导方法状态_结构与运行账	自我动作实现模块.ixx:3538	执行对应模块、线程或方法的运行逻辑。	5	3
推断D0承受主体	推断D0承受主体	自我动作实现.服务模块.ixx:2267	按函数名执行对应处理。	2	2
推断人类词性默认基础信息类型	推断人类词性默认基础信息类型	语素主信息类.h:216	按函数名执行对应处理。	12	5	header_or_inline
推断任务管理动作主体类型	推断任务管理动作主体类型	自我线程模块.消息协议.ixx:906	按函数名执行对应处理。	2	2
推断成功服务候选证据缺口	推断成功服务候选证据缺口	自我动作实现.服务模块.ixx:3176	按函数名执行对应处理。	2	2
描述无条件本能	描述无条件本能	自我动作实现.外设模块.ixx:8639	按函数名执行对应处理。	2	1
描述无条件本能	描述无条件本能	自我动作实现模块.ixx:3913	按函数名执行对应处理。	2	1
提交	提交	动作线程类.ixx:275	提交事实、动态、任务状态或运行回执。	2783	7	contract_like
提交	提交	动作线程类.ixx:282	提交事实、动态、任务状态或运行回执。	2783	7	contract_like
提交D455单帧材料包证据卡	提交D455单帧材料包证据卡	外设线程_D455深度相机.ixx:3169	提交事实、动态、任务状态或运行回执。	3	2	contract_like
提交D455短期观察材料页	提交D455短期观察材料页	外设观察报告队列.ixx:2581	提交事实、动态、任务状态或运行回执。	4	2	contract_like
提交任务工作项	提交任务工作项	任务模块.管理工作线程.ixx:3475	提交事实、动态、任务状态或运行回执。	7	4	contract_like
提交任务状态被动动作	提交任务状态被动动作	自我动作实现.内部模块.ixx:136	提交事实、动态、任务状态或运行回执。	9	1	contract_like
提交任务状态被动动作	提交任务状态被动动作	自我动作实现模块.ixx:10741	提交事实、动态、任务状态或运行回执。	9	3	contract_like
提交外设观察报告	提交外设观察报告	外设观察报告队列.ixx:2562	提交事实、动态、任务状态或运行回执。	8	2	contract_like
提交外设观察等待项	提交外设观察等待项	外设观察报告队列.ixx:2889	提交事实、动态、任务状态或运行回执。	4	2	contract_like
提交安全因果因素无负证据默认满足	提交安全因果因素无负证据默认满足	自我动作实现.外设模块.ixx:19616	提交事实、动态、任务状态或运行回执。	21	3	contract_like
提交安全因果因素无负证据默认满足	提交安全因果因素无负证据默认满足	自我动作实现.外部模块.ixx:1106	提交事实、动态、任务状态或运行回执。	21	4	contract_like
提交安全因果因素无负证据默认满足	提交安全因果因素无负证据默认满足	自我动作实现模块.ixx:11558	提交事实、动态、任务状态或运行回执。	21	8	contract_like
提交安全因果因素证据评估值	提交安全因果因素证据评估值	自我动作实现.外设模块.ixx:19728	提交事实、动态、任务状态或运行回执。	18	3	contract_like
提交安全因果因素证据评估值	提交安全因果因素证据评估值	自我动作实现.外部模块.ixx:1115	提交事实、动态、任务状态或运行回执。	18	4	contract_like
提交安全因果因素证据评估值	提交安全因果因素证据评估值	自我动作实现模块.ixx:11567	提交事实、动态、任务状态或运行回执。	18	8	contract_like
提交对应事实方法同步已就绪缓存	提交对应事实方法同步已就绪缓存	自我动作实现.外设模块.ixx:8722	同步线程、任务、场景或对象之间的状态。	3	3	contract_like
提交对应事实方法头已就绪缓存	提交对应事实方法头已就绪缓存	自我动作实现.外设模块.ixx:8715	提交事实、动态、任务状态或运行回执。	3	3	contract_like
提交对应事实规格已确认方法存在缓存	提交对应事实规格已确认方法存在缓存	自我动作实现.外设模块.ixx:8750	提交事实、动态、任务状态或运行回执。	3	3	contract_like
提交对应事实规格已确认方法首节点缓存	提交对应事实规格已确认方法首节点缓存	自我动作实现.外设模块.ixx:8743	提交事实、动态、任务状态或运行回执。	3	3	contract_like
提交当前观察范围可观测单位存在对应事实	提交当前观察范围可观测单位存在对应事实	自我动作实现.外设模块.ixx:23311	提交事实、动态、任务状态或运行回执。	18	3	contract_like
提交当前观察范围可观测单位存在对应事实	提交当前观察范围可观测单位存在对应事实	自我动作实现.外部模块.ixx:872	提交事实、动态、任务状态或运行回执。	18	4	contract_like
提交当前观察范围可观测单位存在对应事实	提交当前观察范围可观测单位存在对应事实	自我动作实现模块.ixx:11522	提交事实、动态、任务状态或运行回执。	18	8	contract_like
提交指定存在跟踪事实	提交指定存在跟踪事实	自我动作实现.外设模块.ixx:24731	提交事实、动态、任务状态或运行回执。	18	3	contract_like
提交指定存在跟踪事实	提交指定存在跟踪事实	自我动作实现.外部模块.ixx:863	提交事实、动态、任务状态或运行回执。	18	4	contract_like
提交指定存在跟踪事实	提交指定存在跟踪事实	自我动作实现模块.ixx:11513	提交事实、动态、任务状态或运行回执。	18	8	contract_like
提交方法可执行入口	提交方法可执行入口	自我动作实现模块.ixx:11000	提交方法可执行入口是方法域提交本能方法：它只把已选定的自我本能能力 写入目标方法的动作句柄，并输出可验收的“方法动作状态=...	28	15	contract_like
提交方法状态变化	提交方法状态变化	自我动作实现模块.ixx:12114	提交事实、动态、任务状态或运行回执。	22	12	contract_like
提交目标方法I64特征_方法域动作	提交目标方法I64特征_方法域动作	自我动作实现模块.ixx:8640	提交事实、动态、任务状态或运行回执。	3	3	contract_like
提交目标方法条件结果对_方法域动作	提交目标方法条件结果对_方法域动作	自我动作实现模块.ixx:8771	提交事实、动态、任务状态或运行回执。	3	3	contract_like
提交目标观察约束特征组	提交目标观察约束特征组	外设观察报告队列.ixx:2998	提交事实、动态、任务状态或运行回执。	35	2	contract_like
提交确认内部世界子存在事实	提交确认内部世界子存在事实	自我动作实现.外设模块.ixx:25862	提交事实、动态、任务状态或运行回执。	19	4	contract_like
提交确认内部世界子存在事实	提交确认内部世界子存在事实	自我动作实现.外部模块.ixx:1088	提交事实、动态、任务状态或运行回执。	19	4	contract_like
提交确认内部世界子存在事实	提交确认内部世界子存在事实	自我动作实现模块.ixx:11747	提交事实、动态、任务状态或运行回执。	19	8	contract_like
提交确认观察存在事实	提交确认观察存在事实	自我动作实现.外设模块.ixx:22873	提交事实、动态、任务状态或运行回执。	21	6	contract_like
提交确认观察存在事实	提交确认观察存在事实	自我动作实现.外部模块.ixx:845	提交事实、动态、任务状态或运行回执。	21	4	contract_like
提交确认观察存在事实	提交确认观察存在事实	自我动作实现模块.ixx:11495	提交事实、动态、任务状态或运行回执。	21	8	contract_like
提交观察存在发现事实	提交观察存在发现事实	自我动作实现.外设模块.ixx:24380	提交事实、动态、任务状态或运行回执。	18	3	contract_like
提交观察存在发现事实	提交观察存在发现事实	自我动作实现.外部模块.ixx:881	提交事实、动态、任务状态或运行回执。	18	4	contract_like
提交观察存在发现事实	提交观察存在发现事实	自我动作实现模块.ixx:11531	提交事实、动态、任务状态或运行回执。	18	8	contract_like
提交观察存在特征值变化事实	提交观察存在特征值变化事实	自我动作实现.外设模块.ixx:24546	提交事实、动态、任务状态或运行回执。	18	3	contract_like
提交观察存在特征值变化事实	提交观察存在特征值变化事实	自我动作实现.外部模块.ixx:854	提交事实、动态、任务状态或运行回执。	18	4	contract_like
提交观察存在特征值变化事实	提交观察存在特征值变化事实	自我动作实现模块.ixx:11504	提交事实、动态、任务状态或运行回执。	18	8	contract_like
提交领取OR组结算令牌	提交领取OR组结算令牌	自我动作实现模块.ixx:12661	提交事实、动态、任务状态或运行回执。	10	7	contract_like
提交风险安全场景影响部分状态变化	提交风险安全场景影响部分状态变化	自我动作实现.外设模块.ixx:19282	提交事实、动态、任务状态或运行回执。	18	3	contract_like
提交风险安全场景影响部分状态变化	提交风险安全场景影响部分状态变化	自我动作实现.外部模块.ixx:890	提交事实、动态、任务状态或运行回执。	18	4	contract_like
提交风险安全场景影响部分状态变化	提交风险安全场景影响部分状态变化	自我动作实现模块.ixx:11540	提交事实、动态、任务状态或运行回执。	18	8	contract_like
提取摘要	提取摘要	动作验证报告类.h:141	按函数名执行对应处理。	3	1	header_or_inline
提取空间候选摘要	提取空间候选摘要	双目相机本能适配器.cpp:853	按函数名执行对应处理。	2	2
提取轮廓	提取轮廓	D455相机类.cpp:680	按函数名执行对应处理。	6	5
提示派生需求逻辑错误	提示派生需求逻辑错误	自我线程模块.消息处理器.ixx:106	按函数名执行对应处理。	12	4
插入到全链尾	插入到全链尾	双向链表模板核心.h:124	按函数名执行对应处理。	3	3	header_or_inline,contract_like
插入到同层节点后	插入到同层节点后	双向链表模板核心.h:98	按函数名执行对应处理。	3	3	header_or_inline,contract_like
搜索安全因果因素证据	搜索安全因果因素证据	自我动作实现.外设模块.ixx:524	在候选范围内搜索目标对象或路径。	34	10
摘要语义相同	摘要语义相同	动作验证报告类.h:163	按函数名执行对应处理。	1	1	header_or_inline
摘要转日志文本	摘要转日志文本	动作验证报告类.h:216	按函数名执行对应处理。	2	1	header_or_inline
撤销目标观察约束特征组	撤销目标观察约束特征组	外设观察报告队列.ixx:3133	按函数名执行对应处理。	2	2
收集已确认观察存在	收集已确认观察存在	自我动作实现.外设模块.ixx:13454	确认候选事实、存在、状态或运行结果。	4	4
收集深度空洞诊断区域	收集深度空洞诊断区域	双目相机本能适配器.cpp:489	按函数名执行对应处理。	2	2
收集直接子需求目标视图	收集直接子需求目标视图	需求类.h:618	按函数名执行对应处理。	3	3	header_or_inline
收集直接子需求目标视图_已加锁	收集直接子需求目标视图_已加锁	需求类.h:994	按函数名执行对应处理。	2	2	header_or_inline
收集需求子树快照	收集需求子树快照	自我线程模块.消息处理器.ixx:178	按函数名执行对应处理。	4	4
新增需求原子目标缺失项文本	新增需求原子目标缺失项文本	自我线程模块.消息处理器.ixx:120	把新增需求原子目标缺失项转换为弹错文本。	2	2
方向区间文本	方向区间文本	基础信息主信息类.h:628	按函数名执行对应处理。	3	1	header_or_inline
方向区间编码	方向区间编码	基础信息主信息类.h:617	按函数名执行对应处理。	11	1	header_or_inline
方法主信息类	方法主信息类	方法主信息类.h:239	按函数名执行对应处理。	41	15	header_or_inline
方法主键_筹办日志	方法主键_筹办日志	任务模块.筹办.ixx:169	推进任务筹办，形成候选、缺口或就绪回执。	48	48
方法候选评分	方法候选评分	任务模块.筹办.ixx:2848	按函数名执行对应处理。	3	3
方法具有已注册本能执行入口	方法具有已注册本能执行入口	自我动作实现.外设模块.ixx:8479	注册方法、模板、对象或运行入口。	5	2
方法具有已注册本能执行入口	方法具有已注册本能执行入口	自我动作实现模块.ixx:3418	注册方法、模板、对象或运行入口。	5	3
方法具有本能执行入口	方法具有本能执行入口	自我动作实现.外设模块.ixx:8458	执行任务、方法或动作的主体逻辑。	5	2
方法具有本能执行入口	方法具有本能执行入口	自我动作实现模块.ixx:3397	按函数名执行对应处理。 功能：执行任务、方法或动作的主体逻辑。	5	3
方法动作名	方法动作名	自我动作实现.扫描.ixx:1276	记录日志、动态、证据或运行痕迹。	34	4
方法动作数量_动作模块	方法动作数量_动作模块	自我动作实现模块.ixx:3430	按函数名执行对应处理。	5	5
方法动作状态已提交	方法动作状态已提交	任务模块.筹办.ixx:2475	提交事实、动态、任务状态或运行回执。	2	2
方法原始本能ID值	方法原始本能ID值	任务模块.筹办.ixx:2199	按函数名执行对应处理。	9	9
方法可作为练习目标_筹办	方法可作为练习目标_筹办	任务模块.筹办.ixx:2469	推进任务筹办，形成候选、缺口或就绪回执。	2	2
方法可执行入口数量_动作模块	方法可执行入口数量_动作模块	自我动作实现模块.ixx:3436	执行任务、方法或动作的主体逻辑。	4	4
方法形参表_筹办	方法形参表_筹办	任务模块.筹办.ixx:3968	推进任务筹办，形成候选、缺口或就绪回执。	4	4
方法挂载非当前本能句柄	方法挂载非当前本能句柄	任务模块.筹办.ixx:2217	按函数名执行对应处理。	4	4
方法指针若属于自我方法树	方法指针若属于自我方法树	自我动作实现模块.ixx:5025	按函数名执行对应处理。	2	2
方法是专用提交入口方法	方法是专用提交入口方法	任务模块.筹办.ixx:2242	提交事实、动态、任务状态或运行回执。	4	4
方法是任务完成后处理方法	方法是任务完成后处理方法	任务模块.筹办.ixx:2236	按函数名执行对应处理。	5	5
方法是先天特征写入逻辑	方法是先天特征写入逻辑	任务模块.筹办.ixx:2351	把处理结果写入指定对象、场景或日志。	3	3
方法是学习补齐本能方法	方法是学习补齐本能方法	任务模块.筹办.ixx:2310	补齐条件、参数、证据或方法能力缺口。	6	6
方法是本能方法	方法是本能方法	任务模块.筹办.ixx:2224	按函数名执行对应处理。	6	6
方法是筹办过程或协作本能方法	方法是筹办过程或协作本能方法	任务模块.筹办.ixx:2319	推进任务筹办，形成候选、缺口或就绪回执。	4	4
方法是结算叶子任务价值方法	方法是结算叶子任务价值方法	任务模块.筹办.ixx:2230	结算任务、需求、价值或结果贡献。	4	4
方法是运行时空占位方法头	方法是运行时空占位方法头	任务模块.筹办.ixx:2270	执行对应模块、线程或方法的运行逻辑。	2	2
方法本能ID	方法本能ID	任务模块.筹办.ixx:2187	按函数名执行对应处理。	26	7
方法本能诊断文本	方法本能诊断文本	任务模块.筹办.ixx:2328	按函数名执行对应处理。	5	5
方法条件节点匹配输入场景	方法条件节点匹配输入场景	自我动作实现模块.ixx:4842	按函数名执行对应处理。	2	2
方法树根	方法树根	自我动作实现.外设模块.ixx:8657	按函数名执行对应处理。	13	2
方法树根	方法树根	自我动作实现模块.ixx:3931	按函数名执行对应处理。	13	2
方法状态_可用	方法状态_可用	自我动作实现.外设模块.ixx:5721	按函数名执行对应处理。	21	2
方法状态_可用	方法状态_可用	自我动作实现模块.ixx:2150	按函数名执行对应处理。	21	4
方法状态_好用	方法状态_好用	自我动作实现.外设模块.ixx:5724	按函数名执行对应处理。	11	3
方法状态_好用	方法状态_好用	自我动作实现模块.ixx:2153	按函数名执行对应处理。	11	6
方法状态_待可执行入口	方法状态_待可执行入口	自我动作实现.外设模块.ixx:5703	执行任务、方法或动作的主体逻辑。	11	2
方法状态_待可执行入口	方法状态_待可执行入口	自我动作实现模块.ixx:2132	执行任务、方法或动作的主体逻辑。	11	2
方法状态_待方法动作	方法状态_待方法动作	自我动作实现.外设模块.ixx:5700	方法状态必须使用 枚举_方法状态 的连续取值；旧的 10/20/60 阶梯值会破坏需求目标满足判断。	11	1
方法状态_待方法动作	方法状态_待方法动作	自我动作实现模块.ixx:2129	方法状态必须使用 枚举_方法状态 的连续取值；旧的 10/20/60 阶梯值会破坏需求目标满足判断。	11	1
方法状态_待条件结果对	方法状态_待条件结果对	自我动作实现.外设模块.ixx:5712	按函数名执行对应处理。	18	2
方法状态_待条件结果对	方法状态_待条件结果对	自我动作实现模块.ixx:2141	按函数名执行对应处理。	18	6
方法状态_待条件节点	方法状态_待条件节点	自我动作实现.外设模块.ixx:5706	按函数名执行对应处理。	14	2
方法状态_待条件节点	方法状态_待条件节点	自我动作实现模块.ixx:2135	按函数名执行对应处理。	14	3
方法状态_待运行账	方法状态_待运行账	自我动作实现.外设模块.ixx:5718	执行对应模块、线程或方法的运行逻辑。	4	1
方法状态_待运行账	方法状态_待运行账	自我动作实现模块.ixx:2147	执行对应模块、线程或方法的运行逻辑。	4	1
方法状态_有条件结果	方法状态_有条件结果	自我动作实现.外设模块.ixx:5715	按函数名执行对应处理。	4	2
方法状态_有条件结果	方法状态_有条件结果	自我动作实现模块.ixx:2144	按函数名执行对应处理。	4	2
方法状态_有条件节点	方法状态_有条件节点	自我动作实现.外设模块.ixx:5709	按函数名执行对应处理。	2	1
方法状态_有条件节点	方法状态_有条件节点	自我动作实现模块.ixx:2138	按函数名执行对应处理。	2	1
方法类::创建条件节点	创建条件节点	方法类.cpp:2560	创建并返回或登记对应对象。	6	3	member_or_public_like,contract_like
方法类::创建结果节点	创建结果节点	方法类.cpp:2658	创建并返回或登记对应对象。	6	2	member_or_public_like,contract_like
方法类::初始化方法虚拟存在信息	初始化方法虚拟存在信息	方法类.cpp:2550	初始化相关对象、状态或运行上下文。	4	1	member_or_public_like
方法类::取或创建_方法条件场景	取或创建_方法条件场景	方法类.cpp:2429	创建并返回或登记对应对象。	8	4	member_or_public_like
方法类::取或创建_方法结果场景	取或创建_方法结果场景	方法类.cpp:2473	创建并返回或登记对应对象。	18	2	member_or_public_like
方法类::取或创建_方法虚拟存在	取或创建_方法虚拟存在	方法类.cpp:2386	创建并返回或登记对应对象。	7	4	member_or_public_like
方法类::取或确保本能方法首节点_按能力值	取或确保本能方法首节点_按能力值	方法类.cpp:2298	确保目标结构、状态或前置条件存在并可用。	2	1	member_or_public_like
方法类::场景状态语义等价	场景状态语义等价	方法类.cpp:1920	比较两个场景的状态语义是否等价。	6	3	member_or_public_like
方法类::声明方法结果能力	声明方法结果能力	方法类.cpp:1653	向方法首节点声明一个结果能力项。	8	1	member_or_public_like
方法类::声明条件特征	声明条件特征	方法类.cpp:1948	在方法条件集合中声明条件特征并记录是否必需。	153	4	member_or_public_like
方法类::声明条件特征	声明条件特征	方法类.cpp:1976	在方法条件集合中声明必需条件特征。	153	4	member_or_public_like
方法类::按主键解析方法节点	按主键解析方法节点	方法类.cpp:1505	按主键查找并解析方法节点，不创建或修改节点。	11	3	member_or_public_like
方法类::按主键解析方法节点	按主键解析方法节点	方法类.cpp:1514	按主键查找并解析方法节点，不创建或修改节点。	11	3	member_or_public_like
方法类::按主键解析方法节点	按主键解析方法节点	方法类.cpp:1523	按基础信息主键查找并解析方法节点，不创建或修改节点。	11	3	member_or_public_like
方法类::方法允许自动查找	方法允许自动查找	方法类.cpp:1792	读取方法首节点是否允许自动查找。	8	1	member_or_public_like
方法类::方法前置方法引用	方法前置方法引用	控制面板类.cpp:5840	按函数名执行对应处理。	5	2	member_or_public_like
方法类::方法前置方法引用	方法前置方法引用	方法类.cpp:1778	读取方法首节点的前置方法引用。	5	1	member_or_public_like
方法类::方法动作句柄	方法动作句柄	方法类.cpp:1730	读取方法首节点的动作句柄。	37	3	member_or_public_like
方法类::方法动作名	方法动作名	方法类.cpp:1723	读取方法首节点的动作名入口。	34	1	member_or_public_like
方法类::方法动作数量	方法动作数量	方法类.cpp:1805	统计方法首节点的动作数量。	48	2	member_or_public_like
方法类::方法可执行入口数量	方法可执行入口数量	方法类.cpp:1812	统计方法首节点的结构化可执行入口数量。	61	2	member_or_public_like
方法类::方法后续方法引用	方法后续方法引用	控制面板类.cpp:5850	按函数名执行对应处理。	5	2	member_or_public_like
方法类::方法后续方法引用	方法后续方法引用	方法类.cpp:1785	读取方法首节点的后续方法引用。	5	1	member_or_public_like
方法类::方法成熟度阶段	方法成熟度阶段	方法类.cpp:1604	读取方法首节点成熟度阶段。	14	1	member_or_public_like
方法类::方法指定本能方法	方法指定本能方法	方法类.cpp:1799	判断方法首节点是否绑定了有效本能方法。	2	1	member_or_public_like
方法类::方法是首节点	方法是首节点	方法类.cpp:1578	判断节点是否为方法首节点。	24	1	member_or_public_like
方法类::方法最低结构状态值	方法最低结构状态值	方法类.cpp:1893	计算方法首节点当前最低结构状态值。	3	2	member_or_public_like
方法类::方法有动作	方法有动作	方法类.cpp:1591	判断方法首节点是否声明了动作入口。	18	1	member_or_public_like
方法类::方法本能ID	方法本能ID	方法类.cpp:1737	读取方法首节点绑定的本能方法 ID。	26	2	member_or_public_like
方法类::方法条件结果对数量	方法条件结果对数量	方法类.cpp:1862	统计方法首节点的条件结果对数量。	57	6	member_or_public_like
方法类::方法条件节点数量	方法条件节点数量	方法类.cpp:1819	统计方法首节点的条件节点数量。	33	2	member_or_public_like
方法类::方法来源	方法来源	方法类.cpp:1597	读取方法首节点来源枚举。	95	23	member_or_public_like
方法类::方法来源任务引用	方法来源任务引用	控制面板类.cpp:5820	按函数名执行对应处理。	4	2	member_or_public_like
方法类::方法来源任务引用	方法来源任务引用	方法类.cpp:1764	读取方法首节点的来源任务引用。	4	1	member_or_public_like
方法类::方法树存在生产目标特征	方法树存在生产目标特征	方法类.cpp:1560	判断方法树中是否存在明确生产目标特征类型的方法首节点。	3	1	member_or_public_like
方法类::方法满足可用最低判据	方法满足可用最低判据	方法类.cpp:1914	判断方法首节点是否满足可用最低结构判据。	2	1	member_or_public_like
方法类::方法父方法引用	方法父方法引用	控制面板类.cpp:5830	按函数名执行对应处理。	5	2	member_or_public_like
方法类::方法父方法引用	方法父方法引用	方法类.cpp:1771	读取方法首节点的父方法引用。	5	1	member_or_public_like
方法类::方法结果能力可被查找命中	方法结果能力可被查找命中	方法类.cpp:1624	判断方法首节点结果能力是否参与普通查找。	6	1	member_or_public_like
方法类::方法结果能力是根写入原语	方法结果能力是根写入原语	方法类.cpp:1631	判断方法首节点结果能力是否为根写入原语。	6	1	member_or_public_like
方法类::方法结果节点数量	方法结果节点数量	方法类.cpp:1827	统计方法首节点的结果节点数量。	21	2	member_or_public_like
方法类::方法结果项集	方法结果项集	方法类.cpp:1611	读取方法首节点声明的结果能力项集合。	12	1	member_or_public_like
方法类::方法节点种类	方法节点种类	方法类.cpp:1585	读取方法节点种类。	150	42	member_or_public_like
方法类::方法虚拟存在只读	方法虚拟存在只读	方法类.cpp:1751	只读解析方法首节点绑定的方法虚拟存在。	18	1	member_or_public_like
方法类::方法虚拟存在引用	方法虚拟存在引用	方法类.cpp:1744	读取方法首节点的方法虚拟存在引用。	15	3	member_or_public_like
方法类::方法首个条件场景	方法首个条件场景	方法类.cpp:1869	读取方法首节点的第一个条件场景。	3	1	member_or_public_like
方法类::方法首个结果能力特征类型	方法首个结果能力特征类型	方法类.cpp:1618	读取方法首节点的首个结果能力特征类型。	5	1	member_or_public_like
方法类::方法首节点生产目标特征	方法首节点生产目标特征	方法类.cpp:1532	判断方法首节点是否明确生产目标特征类型。	3	2	member_or_public_like
方法类::是有效本能方法能力值	是有效本能方法能力值	方法类.cpp:2286	按函数名执行对应处理。	15	5	member_or_public_like
方法类::查找或创建_本能方法首节点	查找或创建_本能方法首节点	方法类.cpp:2247	创建并返回或登记对应对象。	4	2	member_or_public_like,contract_like
方法类::查找方法首节点_按动作句柄	查找方法首节点_按动作句柄	方法类.cpp:2040	按条件查找目标对象、方法或事实。	8	4	member_or_public_like,contract_like
方法类::查找方法首节点_按动作句柄	查找方法首节点_按动作句柄	方法类.cpp:2055	按条件查找目标对象、方法或事实。	8	4	member_or_public_like,contract_like
方法类::查找方法首节点_按动作名	查找方法首节点_按动作名	方法类.cpp:2063	按条件查找目标对象、方法或事实。	6	4	member_or_public_like,contract_like
方法类::查找方法首节点_按动作名	查找方法首节点_按动作名	方法类.cpp:2078	按条件查找目标对象、方法或事实。	6	4	member_or_public_like,contract_like
方法类::注册方法首节点	注册方法首节点	方法类.cpp:2086	注册方法、模板、对象或运行入口。	6	3	member_or_public_like,contract_like
方法类::注册需求位方法首节点	注册需求位方法首节点	方法类.cpp:2159	注册方法、模板、对象或运行入口。	5	2	member_or_public_like,contract_like
方法类::注册需求方向方法首节点	注册需求方向方法首节点	方法类.cpp:2178	注册方法、模板、对象或运行入口。	2	1	member_or_public_like,contract_like
方法类::补齐本能方法首节点	补齐本能方法首节点	方法类.cpp:2313	补齐条件、参数、证据或方法能力缺口。	13	2	member_or_public_like
方法类::记录方法虚拟存在特征	记录方法虚拟存在特征	方法类.cpp:2517	记录日志、动态、证据或运行痕迹。	9	1	member_or_public_like
方法类::设置方法本能动作入口	设置方法本能动作入口	方法类.cpp:1678	设置方法首节点的本能动作入口。	5	1	member_or_public_like,contract_like
方法类::设置方法结果能力查找属性	设置方法结果能力查找属性	方法类.cpp:1638	设置方法首节点结果能力是否参与普通查找。	3	1	member_or_public_like,contract_like
方法类::重写方法树SQL投影	重写方法树SQL投影	方法类.cpp:1985	把当前方法树本体重写到 SQL Server 查询投影。	3	1	member_or_public_like
方法结果变化方向允许方向	方法结果变化方向允许方向	方法主信息类.h:80	按函数名执行对应处理。	10	1	header_or_inline
方法结果能力命中任务需求	方法结果能力命中任务需求	任务模块.筹办.ixx:2753	按函数名执行对应处理。	3	3
方法结果能力命中精度	方法结果能力命中精度	任务模块.筹办.ixx:2801	按函数名执行对应处理。	2	2
方法结果能力需要目标执行值	方法结果能力需要目标执行值	任务模块.筹办.ixx:3775	执行任务、方法或动作的主体逻辑。	2	2
方法结果项I64目标值	方法结果项I64目标值	任务模块.筹办.ixx:2614	按函数名执行对应处理。	2	2
方法结果项命中目标特征	方法结果项命中目标特征	任务模块.筹办.ixx:3440	按函数名执行对应处理。	6	6
方法结果项命中目标特征集合	方法结果项命中目标特征集合	任务模块.筹办.ixx:3449	按函数名执行对应处理。	4	4
方法结果项承接任务需求_按目标集合	方法结果项承接任务需求_按目标集合	任务模块.筹办.ixx:2741	按函数名执行对应处理。	3	3
方法结果项方向适配需求	方法结果项方向适配需求	任务模块.筹办.ixx:2711	适配外部接口、模块协议或调用结果。	2	2
方法结果项目标值一致分	方法结果项目标值一致分	任务模块.筹办.ixx:2774	按函数名执行对应处理。	4	4
方法自我能力值	方法自我能力值	任务模块.筹办.ixx:2180	按函数名执行对应处理。	21	11
方法虚拟存在	方法虚拟存在	自我动作实现.外设模块.ixx:7914	按函数名执行对应处理。	644	77
方法虚拟存在	方法虚拟存在	自我动作实现模块.ixx:2849	按函数名执行对应处理。	644	136
方法虚拟存在服务类::写入方法I64特征	写入方法I64特征	方法虚拟存在服务类.cpp:765	把处理结果写入指定对象、场景或日志。	19	17	member_or_public_like
方法虚拟存在服务类::写入方法指针特征	写入方法指针特征	方法虚拟存在服务类.cpp:781	把处理结果写入指定对象、场景或日志。	3	2	member_or_public_like
方法虚拟存在服务类::初始化方法统计特征	初始化方法统计特征	方法虚拟存在服务类.cpp:698	初始化相关对象、状态或运行上下文。	3	2	member_or_public_like
方法虚拟存在服务类::初始化方法虚拟存在信息	初始化方法虚拟存在信息	方法虚拟存在服务类.cpp:830	初始化相关对象、状态或运行上下文。	4	1	member_or_public_like
方法虚拟存在服务类::初始化方法虚拟存在基础信息	初始化方法虚拟存在基础信息	方法虚拟存在服务类.cpp:590	初始化相关对象、状态或运行上下文。	3	2	member_or_public_like
方法虚拟存在服务类::取或创建方法虚拟存在	取或创建方法虚拟存在	方法虚拟存在服务类.cpp:559	创建并返回或登记对应对象。	22	1	member_or_public_like
方法虚拟存在服务类::同步方法节点到虚拟存在	同步方法节点到虚拟存在	方法虚拟存在服务类.cpp:727	同步线程、任务、场景或对象之间的状态。	19	2	member_or_public_like
方法虚拟存在服务类::同步方法首节点结构特征	同步方法首节点结构特征	方法虚拟存在服务类.cpp:634	同步线程、任务、场景或对象之间的状态。	3	2	member_or_public_like
方法虚拟存在服务类::确保方法虚拟存在	确保方法虚拟存在	方法虚拟存在服务类.cpp:542	确保目标结构、状态或前置条件存在并可用。	10	8	member_or_public_like
方法虚拟存在服务类::补齐方法虚拟存在概念集	补齐方法虚拟存在概念集	方法虚拟存在服务类.cpp:568	补齐条件、参数、证据或方法能力缺口。	4	3	member_or_public_like
方法虚拟存在服务类::记录方法虚拟存在特征	记录方法虚拟存在特征	方法虚拟存在服务类.cpp:754	记录日志、动态、证据或运行痕迹。	9	4	member_or_public_like
方法虚拟存在服务类::记录方法运行统计	记录方法运行统计	方法虚拟存在服务类.cpp:800	记录日志、动态、证据或运行痕迹。	2	1	member_or_public_like
方法补齐类别值	方法补齐类别值	自我动作实现.外设模块.ixx:5573	补齐条件、参数、证据或方法能力缺口。	7	1
方法补齐类别值	方法补齐类别值	自我动作实现模块.ixx:1981	补齐条件、参数、证据或方法能力缺口。	7	6
方法规格根	方法规格根	自我动作实现.外设模块.ixx:8351	按函数名执行对应处理。	74	61
方法规格根	方法规格根	自我动作实现模块.ixx:3183	按函数名执行对应处理。	74	13
方法规格确认缓存命中	方法规格确认缓存命中	自我动作实现.外设模块.ixx:8757	确认候选事实、存在、状态或运行结果。	3	3
方法选择评分文本	方法选择评分文本	任务模块.筹办.ixx:2594	从候选集中选择当前使用对象或方法。	3	3
方法选择评分更优	方法选择评分更优	任务模块.筹办.ixx:2573	从候选集中选择当前使用对象或方法。	4	4
方法首节点已有条件节点	方法首节点已有条件节点	自我动作实现.外设模块.ixx:8680	按函数名执行对应处理。	2	2
方法首节点缓存键	方法首节点缓存键	自我动作实现.外设模块.ixx:8709	按函数名执行对应处理。	5	5
旋转	旋转	基础数据类型.h:924	旋转向量：v' = q ⊗ (0,v) ⊗ q* (注意：取决于你对 q 的语义约定；此处提供常用形式)	13	5	header_or_inline
日志输出已启用	日志输出已启用	日志模块.ixx:448	按函数名执行对应处理。	2	2
时间差_微秒	时间差_微秒	基础数据类型.h:545	计算时间差（微秒，返回无符号；如果担心顺序，提供一个有符号版本更安全）	1	1	header_or_inline
映射任务管理结果状态	映射任务管理结果状态	自我线程模块.消息协议.ixx:890	按函数名执行对应处理。	3	3
映射到任务管理触发事件类型	映射到任务管理触发事件类型	自我线程模块.消息协议.ixx:1258	按函数名执行对应处理。	3	2
映射到任务管理触发来源	映射到任务管理触发来源	自我线程模块.消息协议.ixx:1281	按函数名执行对应处理。	3	2
映射基础分到普通成功服务层级	映射基础分到普通成功服务层级	自我动作实现.服务模块.ixx:2807	按函数名执行对应处理。	3	3
是D455缺报告环境诊断本能方法	是D455缺报告环境诊断本能方法	自我动作实现.外设模块.ixx:8673	按函数名执行对应处理。	3	3
是OR组	是OR组	本能动作类.ixx:80	按函数名执行对应处理。	9	2
是叶子特征	是叶子特征	基础信息主信息类.h:280	按函数名执行对应处理。	10	3	header_or_inline
是否同一次执行尝试	是否同一次执行尝试	自我线程模块.消息协议.ixx:928	判断两个任务管理消息头是否属于同一次执行尝试。	6	6
是否存在关键中间状态变化项	是否存在关键中间状态变化项	自我线程模块.消息协议.ixx:808	按函数名执行对应处理。	2	2
是否存在已确认变化项	是否存在已确认变化项	自我线程模块.消息协议.ixx:797	确认候选事实、存在、状态或运行结果。	2	2
是否存在线程状态变化消息段	是否存在线程状态变化消息段	自我线程模块.消息协议.ixx:728	按函数名执行对应处理。	3	3
是否影响全局优先级	是否影响全局优先级	自我线程模块.消息路由.ixx:50	按函数名执行对应处理。	3	3
是否方法条件节点	是否方法条件节点	方法主信息类.h:282	按函数名执行对应处理。	3	3	header_or_inline
是否方法结果节点	是否方法结果节点	方法主信息类.h:287	按函数名执行对应处理。	3	3	header_or_inline
是否方法首节点	是否方法首节点	方法主信息类.h:277	按函数名执行对应处理。	3	3	header_or_inline
是否线程状态变化处理类型	是否线程状态变化处理类型	自我线程模块.消息协议.ixx:677	按函数名执行对应处理。	3	3
是否线程状态变化治理消息	是否线程状态变化治理消息	自我线程模块.消息协议.ixx:744	按函数名执行对应处理。	3	2
是否线程状态型特征	是否线程状态型特征	自我线程模块.消息协议.ixx:657	按函数名执行对应处理。	3	3
是否线程状态消息表示执行结束	是否线程状态消息表示执行结束	任务模块.工作线程消息协议.ixx:571	执行任务、方法或动作的主体逻辑。	4	2
是否触发二次特征重算	是否触发二次特征重算	自我线程模块.消息路由.ixx:66	按函数名执行对应处理。	3	3
是否触发需求队列刷新	是否触发需求队列刷新	自我线程模块.消息处理器.ixx:336	按函数名执行对应处理。	2	2
是否运行中	是否运行中	动作线程类.ixx:137	执行对应模块、线程或方法的运行逻辑。	9	2
是否需要上浮到自我线程	是否需要上浮到自我线程	自我线程模块.消息路由.ixx:35	按函数名执行对应处理。	3	3
是否需要路由回父任务	是否需要路由回父任务	自我线程模块.消息路由.ixx:41	按函数名执行对应处理。	4	3
是坐标链	是坐标链	特征类.h:80	按函数名执行对应处理。	2	1	header_or_inline
是复合特征	是复合特征	基础信息主信息类.h:283	按函数名执行对应处理。	6	2	header_or_inline
是提交对应事实本能方法	是提交对应事实本能方法	自我动作实现.外设模块.ixx:8667	提交事实、动态、任务状态或运行回执。	4	4
是泛化学习信息补齐派生消息	是泛化学习信息补齐派生消息	任务模块.筹办.ixx:189	补齐条件、参数、证据或方法能力缺口。	2	2
是特征节点	是特征节点	本能动作类.ixx:20	按函数名执行对应处理。	4	3
更新方法运行账	更新方法运行账	自我动作实现.外设模块.ixx:8960	更新已有对象、状态、索引或缓存。	70	55
更新方法运行账	更新方法运行账	自我动作实现模块.ixx:4054	更新已有对象、状态、索引或缓存。	70	15
更新背景模型	更新背景模型	D455相机类.cpp:593	更新已有对象、状态、索引或缓存。	3	3
最大3	最大3	自我动作实现.外设模块.ixx:14380	按函数名执行对应处理。	5	5
有	有	本能动作管理类.ixx:607	按函数名执行对应处理。	12622	12
有区间	有区间	基础信息主信息类.h:277	按函数名执行对应处理。	2	2	header_or_inline
有区间	有区间	基础信息主信息类.h:369	按函数名执行对应处理。	2	2	header_or_inline
有当前值	有当前值	基础信息主信息类.h:366	按函数名执行对应处理。	16	1	header_or_inline
有执行缺口	有执行缺口	本能动作管理类.ixx:383	执行任务、方法或动作的主体逻辑。	16	3
有效	有效	基础数据类型.h:30	按函数名执行对应处理。	1601	28	header_or_inline
有效	有效	基础数据类型.h:140	按函数名执行对应处理。	1601	28	header_or_inline
有效	有效	基础数据类型.h:222	按函数名执行对应处理。	1601	28	header_or_inline
有效	有效	基础数据类型.h:229	按函数名执行对应处理。	1601	28	header_or_inline
有效	有效	基础数据类型.h:1236	按函数名执行对应处理。	1601	28	header_or_inline
有效	有效	方法主信息类.h:113	按函数名执行对应处理。	1601	2	header_or_inline
有效	有效	特征类.h:77	按函数名执行对应处理。	1601	3	header_or_inline
有效	有效	自我线程模块.impl.cpp:342	按函数名执行对应处理。	1601	53
有效	有效	需求类.h:127	按函数名执行对应处理。	1601	40	header_or_inline
有效	有效	需求类.h:162	按函数名执行对应处理。	1601	40	header_or_inline
有效	有效	需求类.h:191	按函数名执行对应处理。	1601	40	header_or_inline
有效	有效	需求类.h:856	按函数名执行对应处理。	1601	40	header_or_inline
有效候选预算	有效候选预算	自我动作实现模块.ixx:5981	按函数名执行对应处理。	2	2
有效深度	有效深度	基础数据类型.h:1104	按函数名执行对应处理。	36	3	header_or_inline
有效深度掩膜	有效深度掩膜	基础数据类型.h:1116	按函数名执行对应处理。	3	1	header_or_inline
有效点云	有效点云	基础数据类型.h:1113	按函数名执行对应处理。	5	1	header_or_inline
有效颜色	有效颜色	基础数据类型.h:1110	按函数名执行对应处理。	4	2	header_or_inline
有方向信息	有方向信息	需求类.h:154	按函数名执行对应处理。	2	2	header_or_inline
有方法动作	有方法动作	方法主信息类.h:359	按函数名执行对应处理。	40	1	header_or_inline
有结果能力	有结果能力	方法主信息类.h:365	按函数名执行对应处理。	10	1	header_or_inline
有缺口	有缺口	自检线程模块.impl.cpp:580	按函数名执行对应处理。	20	2
服务任务字段特征类型	服务任务字段特征类型	自我动作实现.服务模块.ixx:1505	按函数名执行对应处理。	2	2
服务硬门槛特征类型	服务硬门槛特征类型	自我动作实现.服务模块.ixx:2481	按函数名执行对应处理。	3	3
服务绑定任务交互者	服务绑定任务交互者	自我动作实现模块.ixx:11889	建立对象、任务、方法或因果之间的绑定关系。	10	7
服务绑定任务服务对象	服务绑定任务服务对象	自我动作实现模块.ixx:11921	建立对象、任务、方法或因果之间的绑定关系。	10	7
服务绑定任务权限者	服务绑定任务权限者	自我动作实现模块.ixx:11905	建立对象、任务、方法或因果之间的绑定关系。	10	7
服务绑定任务权限边界	服务绑定任务权限边界	自我动作实现模块.ixx:11937	建立对象、任务、方法或因果之间的绑定关系。	10	7
服务绑定任务目标值	服务绑定任务目标值	自我动作实现模块.ixx:11985	建立对象、任务、方法或因果之间的绑定关系。	10	7
服务绑定任务目标宿主	服务绑定任务目标宿主	自我动作实现模块.ixx:11953	建立对象、任务、方法或因果之间的绑定关系。	10	7
服务绑定任务目标特征类型	服务绑定任务目标特征类型	自我动作实现模块.ixx:11969	建立对象、任务、方法或因果之间的绑定关系。	10	7
服务绑定任务输入场景	服务绑定任务输入场景	自我动作实现模块.ixx:12001	建立对象、任务、方法或因果之间的绑定关系。	10	7
服务评分最小值	服务评分最小值	自我动作实现.服务模块.ixx:2747	按函数名执行对应处理。	3	3
本能ID是当前默认自我本能	本能ID是当前默认自我本能	任务模块.筹办.ixx:2206	按函数名执行对应处理。	6	3
本能ID是当前默认自我本能_动作模块	本能ID是当前默认自我本能_动作模块	自我动作实现.外设模块.ixx:8472	按函数名执行对应处理。	3	1
本能ID是当前默认自我本能_动作模块	本能ID是当前默认自我本能_动作模块	自我动作实现模块.ixx:3411	按函数名执行对应处理。	3	2
本能动作可作为练习目标	本能动作可作为练习目标	自我动作实现.外设模块.ixx:8491	按函数名执行对应处理。	3	1
本能动作可作为练习目标	本能动作可作为练习目标	自我动作实现模块.ixx:3442	按函数名执行对应处理。	3	2
本能动作后续承接方式_按码	本能动作后续承接方式_按码	本能动作管理类.ixx:215	按函数名执行对应处理。	3	3
本能动作后续承接方式特征词	本能动作后续承接方式特征词	本能动作管理类.ixx:116	按函数名执行对应处理。	8	3
本能动作基础节点属于当前世界树	本能动作基础节点属于当前世界树	本能动作管理类.ixx:407	按函数名执行对应处理。	2	2
本能动作基础节点指针文本	本能动作基础节点指针文本	本能动作管理类.ixx:399	按函数名执行对应处理。	2	2
本能动作失败原因特征词	本能动作失败原因特征词	本能动作管理类.ixx:80	按函数名执行对应处理。	3	3
本能动作已注册_动作模块	本能动作已注册_动作模块	自我动作实现.外设模块.ixx:8464	注册方法、模板、对象或运行入口。	8	3
本能动作已注册_动作模块	本能动作已注册_动作模块	自我动作实现模块.ixx:3403	注册方法、模板、对象或运行入口。	8	5
本能动作执行成功词	本能动作执行成功词	本能动作管理类.ixx:122	执行任务、方法或动作的主体逻辑。	6	4
本能动作执行缺口_可执行输入参数场景缺失词	本能动作执行缺口_可执行输入参数场景缺失词	本能动作管理类.ixx:140	执行任务、方法或动作的主体逻辑。	2	2
本能动作执行缺口_当前方法执行失败词	本能动作执行缺口_当前方法执行失败词	本能动作管理类.ixx:158	执行任务、方法或动作的主体逻辑。	4	3
本能动作执行缺口_当前方法无执行入口词	本能动作执行缺口_当前方法无执行入口词	本能动作管理类.ixx:146	执行任务、方法或动作的主体逻辑。	2	2
本能动作执行缺口_当前方法条件不满足词	本能动作执行缺口_当前方法条件不满足词	本能动作管理类.ixx:152	执行任务、方法或动作的主体逻辑。	2	2
本能动作执行缺口_当前方法缺失词	本能动作执行缺口_当前方法缺失词	本能动作管理类.ixx:134	执行任务、方法或动作的主体逻辑。	2	2
本能动作执行缺口类型_按码	本能动作执行缺口类型_按码	本能动作管理类.ixx:188	执行任务、方法或动作的主体逻辑。	3	3
本能动作执行缺口类型特征词	本能动作执行缺口类型特征词	本能动作管理类.ixx:86	执行任务、方法或动作的主体逻辑。	3	3
本能动作承接_异常处理词	本能动作承接_异常处理词	本能动作管理类.ixx:182	按函数名执行对应处理。	6	2
本能动作承接_无缺口词	本能动作承接_无缺口词	本能动作管理类.ixx:164	按函数名执行对应处理。	5	3
本能动作承接_派生需求词	本能动作承接_派生需求词	本能动作管理类.ixx:176	按函数名执行对应处理。	2	1
本能动作承接_重筹办词	本能动作承接_重筹办词	本能动作管理类.ixx:170	推进任务筹办，形成候选、缺口或就绪回执。	7	2
本能动作方法执行情况特征词	本能动作方法执行情况特征词	本能动作管理类.ixx:74	执行任务、方法或动作的主体逻辑。	6	4
本能动作无执行缺口词	本能动作无执行缺口词	本能动作管理类.ixx:128	执行任务、方法或动作的主体逻辑。	6	5
本能动作补读闭环指针事实	本能动作补读闭环指针事实	本能动作管理类.ixx:442	按函数名执行对应处理。	3	3
本能动作记录无效闭环宿主	本能动作记录无效闭环宿主	本能动作管理类.ixx:416	记录日志、动态、证据或运行痕迹。	2	2
本能动作语素入口是执行缺口	本能动作语素入口是执行缺口	本能动作管理类.ixx:391	执行任务、方法或动作的主体逻辑。	2	2
本能动作读指针特征	本能动作读指针特征	本能动作管理类.ixx:429	按函数名执行对应处理。	9	9
本能动作输入参数场景特征词	本能动作输入参数场景特征词	本能动作管理类.ixx:92	按函数名执行对应处理。	3	3
本能动作输出结果场景特征词	本能动作输出结果场景特征词	本能动作管理类.ixx:98	按函数名执行对应处理。	3	3
本能动作运行开始时间特征词	本能动作运行开始时间特征词	本能动作管理类.ixx:62	执行对应模块、线程或方法的运行逻辑。	2	2
本能动作运行成功	本能动作运行成功	本能动作管理类.ixx:569	执行对应模块、线程或方法的运行逻辑。	2	1
本能动作运行结果值	本能动作运行结果值	本能动作管理类.ixx:540	执行对应模块、线程或方法的运行逻辑。	9	4
本能动作运行结果码特征词	本能动作运行结果码特征词	本能动作管理类.ixx:56	执行对应模块、线程或方法的运行逻辑。	5	5
本能动作运行结果语义_按码	本能动作运行结果语义_按码	本能动作管理类.ixx:235	执行对应模块、线程或方法的运行逻辑。	3	2
本能动作运行结果语义词	本能动作运行结果语义词	本能动作管理类.ixx:48	执行对应模块、线程或方法的运行逻辑。	2	2
本能动作运行虚拟存在类型词	本能动作运行虚拟存在类型词	本能动作管理类.ixx:68	执行对应模块、线程或方法的运行逻辑。	2	2
本能动作返回参数信息特征词	本能动作返回参数信息特征词	本能动作管理类.ixx:104	按函数名执行对应处理。	2	2
本能动作返回场景信息特征词	本能动作返回场景信息特征词	本能动作管理类.ixx:110	按函数名执行对应处理。	2	2
本能方法ID可作为可执行入口提交	本能方法ID可作为可执行入口提交	任务模块.筹办.ixx:2357	提交事实、动态、任务状态或运行回执。	3	3
本能方法ID可作为练习目标_筹办	本能方法ID可作为练习目标_筹办	任务模块.筹办.ixx:2373	推进任务筹办，形成候选、缺口或就绪回执。	2	2
本能方法失败原因需异常承接	本能方法失败原因需异常承接	自我动作实现模块.ixx:5875	按函数名执行对应处理。	2	2
本能方法类::是有效本能方法能力值	是有效本能方法能力值	本能方法类.cpp:400	按函数名执行对应处理。	15	2	member_or_public_like
本能方法类::是默认自我本能方法	是默认自我本能方法	本能方法类.cpp:375	按函数名执行对应处理。	17	3	member_or_public_like
本能方法类::枚举默认自我本能方法ID	枚举默认自我本能方法ID	本能方法类.cpp:426	按函数名执行对应处理。	6	1	member_or_public_like,contract_like
本能方法类::查找或创建本能方法首节点	查找或创建本能方法首节点	本能方法类.cpp:388	创建并返回或登记对应对象。	11	3	member_or_public_like,contract_like
本能方法类::查询默认动作名称	查询默认动作名称	本能方法类.cpp:381	按函数名执行对应处理。	13	1	member_or_public_like
本能方法类::注册默认自我本能方法集	注册默认自我本能方法集	本能方法类.cpp:471	注册方法、模板、对象或运行入口。	3	1	member_or_public_like,contract_like
本能方法类::补齐本能方法首节点	补齐本能方法首节点	本能方法类.cpp:411	补齐条件、参数、证据或方法能力缺口。	13	3	member_or_public_like
本能方法类::默认自我本能方法已注册	默认自我本能方法已注册	本能方法类.cpp:486	注册方法、模板、对象或运行入口。	5	1	member_or_public_like
本轮运行虚拟存在	本轮运行虚拟存在	自我动作实现.外设模块.ixx:8894	执行对应模块、线程或方法的运行逻辑。	221	181
本轮运行虚拟存在	本轮运行虚拟存在	自我动作实现模块.ixx:3988	执行对应模块、线程或方法的运行逻辑。	221	40
条件绑定声明了特征	条件绑定声明了特征	自我动作实现模块.ixx:4952	建立对象、任务、方法或因果之间的绑定关系。	4	4
条件统计宿主_条件结果对归并	条件统计宿主_条件结果对归并	自我动作实现模块.ixx:3388	按函数名执行对应处理。	3	3
条件节点信息	条件节点信息	方法主信息类.h:343	按函数名执行对应处理。	39	13	header_or_inline
条件节点已有结果子节点_条件结果对归并	条件节点已有结果子节点_条件结果对归并	自我动作实现.外设模块.ixx:8441	按函数名执行对应处理。	5	1
条件节点已有结果子节点_条件结果对归并	条件节点已有结果子节点_条件结果对归并	自我动作实现模块.ixx:3371	按函数名执行对应处理。	5	4
条件项有值约束	条件项有值约束	自我动作实现模块.ixx:4624	按函数名执行对应处理。	2	2
构建像素归属验证_外设簇	构建像素归属验证_外设簇	自我动作实现.外设模块.ixx:11318	构建运行所需的数据结构或中间结果。	3	3
构建方法条件和结果节点	构建方法条件和结果节点	自我动作实现模块.ixx:3718	构建运行所需的数据结构或中间结果。	3	3
构建目标方法结果能力场景	构建目标方法结果能力场景	自我动作实现模块.ixx:7082	构建运行所需的数据结构或中间结果。	2	2
构建练习可执行输入场景	构建练习可执行输入场景	自我动作实现模块.ixx:6662	构建运行所需的数据结构或中间结果。	3	3
构建观察存在假设	构建观察存在假设	自我动作实现.外设模块.ixx:10426	构建运行所需的数据结构或中间结果。	8	8
构建观察存在假设_外设簇	构建观察存在假设_外设簇	自我动作实现.外设模块.ixx:11265	构建运行所需的数据结构或中间结果。	3	3
构造D455扫描变化样本卡摘要	构造D455扫描变化样本卡摘要	外设观察报告队列.ixx:3689	执行扫描相关材料获取、比较或提交逻辑。	4	2
构造D455材料包证据卡摘要	构造D455材料包证据卡摘要	外设观察报告队列.ixx:3499	按函数名执行对应处理。	3	2
构造D455深度相机线程结果摘要	构造D455深度相机线程结果摘要	外设线程_D455深度相机.ixx:3266	按函数名执行对应处理。	3	3
构造D455深度相机观察样本摘要	构造D455深度相机观察样本摘要	外设线程_D455深度相机.ixx:3228	按函数名执行对应处理。	2	2
构造D455逐簇识别样本卡摘要	构造D455逐簇识别样本卡摘要	外设观察报告队列.ixx:3592	执行识别相关匹配、确认或结果输出逻辑。	3	2
构造临时因果路径项_筹办查询	构造临时因果路径项_筹办查询	任务模块.筹办.ixx:1340	推进任务筹办，形成候选、缺口或就绪回执。	4	4
构造任务管理外设消息承接结果摘要	构造任务管理外设消息承接结果摘要	任务模块.管理工作线程.ixx:3335	按函数名执行对应处理。	5	5
构造任务管理执行前许可请求文本	构造任务管理执行前许可请求文本	任务模块.工作线程消息协议.ixx:758	执行任务、方法或动作的主体逻辑。	2	1
构造任务管理执行尝试键	构造任务管理执行尝试键	任务模块.工作线程消息协议.ixx:582	执行任务、方法或动作的主体逻辑。	14	4
构造任务管理派生需求消息文本	构造任务管理派生需求消息文本	任务模块.工作线程消息协议.ixx:624	按函数名执行对应处理。	21	1
构造任务管理线程状态消息文本	构造任务管理线程状态消息文本	任务模块.工作线程消息协议.ixx:599	按函数名执行对应处理。	2	1
构造任务管理结果状态消息文本	构造任务管理结果状态消息文本	任务模块.工作线程消息协议.ixx:695	按函数名执行对应处理。	2	1
构造任务管理观察事实承接请求文本	构造任务管理观察事实承接请求文本	任务模块.工作线程消息协议.ixx:725	按函数名执行对应处理。	9	1
构造内部世界子存在确认方案	构造内部世界子存在确认方案	自我动作实现.外设模块.ixx:14245	确认候选事实、存在、状态或运行结果。	3	3
构造外设扫描提交包_由观察报告	构造外设扫描提交包_由观察报告	外设观察报告队列.ixx:2360	提交事实、动态、任务状态或运行回执。	4	3
构造外设提交包头_由观察报告	构造外设提交包头_由观察报告	外设观察报告队列.ixx:2269	提交事实、动态、任务状态或运行回执。	6	6
构造外设观察报告摘要	构造外设观察报告摘要	外设观察报告队列.ixx:3366	按函数名执行对应处理。	4	2
构造外设观察等待项摘要	构造外设观察等待项摘要	外设观察报告队列.ixx:3781	等待线程、任务、外设或条件变化。	3	2
构造外设识别提交包_由观察报告	构造外设识别提交包_由观察报告	外设观察报告队列.ixx:2299	提交事实、动态、任务状态或运行回执。	3	3
构造外设跟踪提交包_由观察报告	构造外设跟踪提交包_由观察报告	外设观察报告队列.ixx:2476	提交事实、动态、任务状态或运行回执。	2	2
构造存在空间相对坐标表_同源观察	构造存在空间相对坐标表_同源观察	自我动作实现.外设模块.ixx:13077	按函数名执行对应处理。	2	2
构造安全因果候选条目_由存在特征值	构造安全因果候选条目_由存在特征值	自我动作实现.外设模块.ixx:13713	按函数名执行对应处理。	2	2
构造当前帧轮廓分区结果	构造当前帧轮廓分区结果	自我动作实现.外设模块.ixx:10934	按函数名执行对应处理。	2	2
构造条件节点	构造条件节点	方法主信息类.h:256	按函数名执行对应处理。	2	1	header_or_inline
构造正式派生需求消息草案_筹办查询	构造正式派生需求消息草案_筹办查询	任务模块.筹办.ixx:1274	推进任务筹办，形成候选、缺口或就绪回执。	2	2
构造正式逐簇报告缺口说明	构造正式逐簇报告缺口说明	自我动作实现.外设模块.ixx:12400	按函数名执行对应处理。	2	2
构造目标观察约束摘要	构造目标观察约束摘要	外设观察报告队列.ixx:3162	按函数名执行对应处理。	2	2
构造结果节点	构造结果节点	方法主信息类.h:264	按函数名执行对应处理。	2	1	header_or_inline
构造观察材料质量判定摘要	构造观察材料质量判定摘要	外设观察报告队列.ixx:2228	按函数名执行对应处理。	2	2
构造观察簇平面轮廓VecI64	构造观察簇平面轮廓VecI64	自我动作实现.外设模块.ixx:7330	按函数名执行对应处理。	4	4
构造观察簇空间极值轮廓VecI64	构造观察簇空间极值轮廓VecI64	自我动作实现.外设模块.ixx:7348	按函数名执行对应处理。	4	4
枚举_词性_工厂::批量添加动态映射	批量添加动态映射	语素类.cpp:1537	按函数名执行对应处理。	2	1	member_or_public_like
枚举_词性_工厂::根据文本获取枚举值	根据文本获取枚举值	语素类.cpp:1523	读取并返回指定对象、状态或运行材料。	5	4	member_or_public_like
枚举_词性_工厂::根据枚举类型获取文本	根据枚举类型获取文本	语素类.cpp:1515	读取并返回指定对象、状态或运行材料。	6	4	member_or_public_like
枚举_词性_工厂::添加动态映射	添加动态映射	语素类.cpp:1531	按函数名执行对应处理。	5	3	member_or_public_like
枚举_词性_工厂::清除动态映射	清除动态映射	语素类.cpp:1545	按函数名执行对应处理。	2	1	member_or_public_like
枚举子节点	枚举子节点	本能动作类.ixx:64	按函数名执行对应处理。	26	6	contract_like
枚举子节点_只读	枚举子节点_只读	本能动作类.ixx:70	按函数名执行对应处理。	4	4	contract_like
枚举已注册ID	枚举已注册ID	本能动作管理类.ixx:623	注册方法、模板、对象或运行入口。	2	1	contract_like
查找	查找	度量模板注册表类.ixx:119	按条件查找目标对象、方法或事实。	806	6	contract_like
查找	查找	特征值类.h:33	按条件查找目标对象、方法或事实。	806	14	header_or_inline,contract_like
查找	查找	特征值类.h:44	按条件查找目标对象、方法或事实。	806	14	header_or_inline,contract_like
查找_已加锁	查找_已加锁	特征值类.h:127	按条件查找目标对象、方法或事实。	6	6	header_or_inline,contract_like
查找_已加锁	查找_已加锁	特征值类.h:141	按条件查找目标对象、方法或事实。	6	6	header_or_inline,contract_like
查找主键	查找主键	双向链表模板核心.h:365	按条件查找目标对象、方法或事实。	24	7	header_or_inline,contract_like
查找主键_已加锁	查找主键_已加锁	双向链表模板核心.h:354	=============================================================...	3	3	header_or_inline,contract_like
查找主键_当前链	查找主键_当前链	双向链表模板核心.h:398	按条件查找目标对象、方法或事实。	3	3	header_or_inline,contract_like
查找主键_当前链_已加锁	查找主键_当前链_已加锁	双向链表模板核心.h:372	按条件查找目标对象、方法或事实。	2	2	header_or_inline,contract_like
查找信息入口定义	查找信息入口定义	语素主信息类.h:63	按条件查找目标对象、方法或事实。	8	7	header_or_inline,contract_like
查找包子节点	查找包子节点	自我动作实现模块.ixx:4530	按条件查找目标对象、方法或事实。	3	3	contract_like
查找复现结果节点判定_条件结果对归并	查找复现结果节点判定_条件结果对归并	自我动作实现模块.ixx:3560	按条件查找目标对象、方法或事实。	3	3	contract_like
查找子存在_按类型并按特征I64	查找子存在_按类型并按特征I64	自我动作实现.外设模块.ixx:13380	按条件查找目标对象、方法或事实。	4	4	contract_like
查找子特征	查找子特征	自我动作实现.外设模块.ixx:7497	按条件查找目标对象、方法或事实。	93	17	contract_like
查找子特征	查找子特征	自我动作实现.服务模块.ixx:1157	按条件查找目标对象、方法或事实。	93	10	contract_like
查找子特征	查找子特征	自我动作实现模块.ixx:2685	按条件查找目标对象、方法或事实。	93	36	contract_like
查找子特征_筹办	查找子特征_筹办	任务模块.筹办.ixx:3837	按条件查找目标对象、方法或事实。	8	8	contract_like
查找最近OR组祖先_动作模块	查找最近OR组祖先_动作模块	自我动作实现模块.ixx:12201	按条件查找目标对象、方法或事实。	3	3	contract_like
查找直接子需求_按目标重叠	查找直接子需求_按目标重叠	需求类.h:608	按条件查找目标对象、方法或事实。	4	4	header_or_inline,contract_like
查找直接子需求_按目标重叠_已加锁	查找直接子需求_按目标重叠_已加锁	需求类.h:964	按条件查找目标对象、方法或事实。	3	3	header_or_inline,contract_like
查找空间候选摘要	查找空间候选摘要	自我动作实现.外设模块.ixx:10304	按条件查找目标对象、方法或事实。	2	2	contract_like
查找等价条件节点_条件结果对归并	查找等价条件节点_条件结果对归并	自我动作实现.外设模块.ixx:8419	按条件查找目标对象、方法或事实。	6	2	contract_like
查找等价条件节点_条件结果对归并	查找等价条件节点_条件结果对归并	自我动作实现模块.ixx:3349	按条件查找目标对象、方法或事实。	6	4	contract_like
查找节点_当前链	查找节点_当前链	双向链表模板核心.h:461	按条件查找目标对象、方法或事实。	4	4	header_or_inline,contract_like
查找节点_当前链_已加锁	查找节点_当前链_已加锁	双向链表模板核心.h:405	按条件查找目标对象、方法或事实。	2	2	header_or_inline,contract_like
查找首个已确认观察存在	查找首个已确认观察存在	自我动作实现.外设模块.ixx:13427	按条件查找目标对象、方法或事实。	4	4	contract_like
查找首个条件结果对条件场景	查找首个条件结果对条件场景	自我动作实现模块.ixx:6682	按条件查找目标对象、方法或事实。	4	4	contract_like
查询	查询	本能动作管理类.ixx:614	按函数名执行对应处理。	271	15
标记历史特征写入入口为先天逻辑	标记历史特征写入入口为先天逻辑	任务模块.筹办.ixx:3465	把处理结果写入指定对象、场景或日志。	3	3
标记外设观察报告已消费	标记外设观察报告已消费	外设观察报告队列.ixx:3302	按函数名执行对应处理。	3	2
标记指针	标记指针	控制面板WebView2.cpp:81	按函数名执行对应处理。	4	4
校验任务包	校验任务包	任务模块.运行包.impl.cpp:76	按函数名执行对应处理。	3	2
校验包头	校验包头	任务模块.运行包.impl.cpp:63	按函数名执行对应处理。	4	3
校验参数	校验参数	度量模板注册表类.ixx:85	按函数名执行对应处理。	5	5
校验参数	校验参数	度量模板注册表类.ixx:322	按函数名执行对应处理。	5	5
校验参数	校验参数	度量模板注册表类.ixx:358	按函数名执行对应处理。	5	5
校验参数	校验参数	度量模板注册表类.ixx:384	按函数名执行对应处理。	5	5
校验参数	校验参数	度量模板注册表类.ixx:421	按函数名执行对应处理。	5	5
校验结构	校验结构	双向链表模板核心.h:593	=============================================================...	8	3	header_or_inline
校验结构	校验结构	基础信息主信息类.h:307	按函数名执行对应处理。	8	1	header_or_inline
校验结构_已加锁	校验结构_已加锁	双向链表模板核心.h:600	按函数名执行对应处理。	2	2	header_or_inline
校验结算包	校验结算包	任务模块.运行包.impl.cpp:113	结算任务、需求、价值或结果贡献。	3	2
根据主导需求创建任务根节点	根据主导需求创建任务根节点	自我线程模块.消息批次执行器.ixx:280	创建并返回或登记对应对象。	2	2
检查	检查	双目相机本能适配器.cpp:1352	检查状态、条件、缺口或运行约束。	352	4
检查候选方法必需实参	检查候选方法必需实参	任务模块.筹办.ixx:3979	检查状态、条件、缺口或运行约束。	2	2
检查双目相机运行状态	检查双目相机运行状态	自我动作实现.外设模块.ixx:17767	检查状态、条件、缺口或运行约束。	8	1
检查双目相机运行状态	检查双目相机运行状态	自我动作实现.外部模块.ixx:611	检查状态、条件、缺口或运行约束。	8	3
检查双目相机运行状态	检查双目相机运行状态	自我动作实现模块.ixx:11234	检查状态、条件、缺口或运行约束。	8	3
检查双目相机适配器状态	检查双目相机适配器状态	自我动作实现.外设模块.ixx:11788	检查状态、条件、缺口或运行约束。	2	2
检查服务方法输入字段	检查服务方法输入字段	自我动作实现.服务模块.ixx:1832	检查状态、条件、缺口或运行约束。	2	2
检查练习目标方法必需实参_筹办	检查练习目标方法必需实参_筹办	任务模块.筹办.ixx:4036	检查状态、条件、缺口或运行约束。	2	2
概念模板_弱相等	概念模板_弱相等	二次特征应用模块.ixx:72	按函数名执行对应处理。	2	2
模块目录	模块目录	双目相机本能适配器.cpp:61	按函数名执行对应处理。	9	2
模板匹配	模板匹配	基础信息主信息类.h:728	按函数名执行对应处理。	20	3	header_or_inline
模板族	模板族	度量模板注册表类.ixx:195	按函数名执行对应处理。	62	62
模板族	模板族	度量模板注册表类.ixx:217	按函数名执行对应处理。	62	62
模板族	模板族	度量模板注册表类.ixx:239	按函数名执行对应处理。	62	62
模板族	模板族	度量模板注册表类.ixx:251	按函数名执行对应处理。	62	62
模板族	模板族	度量模板注册表类.ixx:263	按函数名执行对应处理。	62	62
模板族	模板族	度量模板注册表类.ixx:285	按函数名执行对应处理。	62	62
模板族	模板族	度量模板注册表类.ixx:297	按函数名执行对应处理。	62	62
模板族	模板族	度量模板注册表类.ixx:319	按函数名执行对应处理。	62	62
模板族	模板族	度量模板注册表类.ixx:355	按函数名执行对应处理。	62	62
模板族	模板族	度量模板注册表类.ixx:381	按函数名执行对应处理。	62	62
模板族	模板族	度量模板注册表类.ixx:418	按函数名执行对应处理。	62	62
正差I64	正差I64	自我动作实现.外设模块.ixx:10035	按函数名执行对应处理。	15	15
正范围	正范围	自我动作实现.外设模块.ixx:13965	按函数名执行对应处理。	9	9
比例万分比	比例万分比	双目相机本能适配器.cpp:175	按函数名执行对应处理。	14	11
比较	比较	任务主信息类.h:80	比较当前值、目标值或历史基准。	1729	28	header_or_inline
比较	比较	任务主信息类.h:85	比较当前值、目标值或历史基准。	1729	28	header_or_inline
比较	比较	基础信息主信息类.h:148	比较当前值、目标值或历史基准。	1729	138	header_or_inline
比较	比较	基础信息主信息类.h:244	比较当前值、目标值或历史基准。	1729	138	header_or_inline
比较	比较	基础信息主信息类.h:316	比较当前值、目标值或历史基准。	1729	138	header_or_inline
比较	比较	基础信息主信息类.h:375	比较当前值、目标值或历史基准。	1729	138	header_or_inline
比较	比较	基础信息主信息类.h:408	比较当前值、目标值或历史基准。	1729	138	header_or_inline
比较	比较	基础信息主信息类.h:454	比较当前值、目标值或历史基准。	1729	138	header_or_inline
比较	比较	基础信息主信息类.h:492	比较当前值、目标值或历史基准。	1729	138	header_or_inline
比较	比较	基础信息主信息类.h:521	比较当前值、目标值或历史基准。	1729	138	header_or_inline
比较	比较	基础信息主信息类.h:786	比较当前值、目标值或历史基准。	1729	138	header_or_inline
比较	比较	基础信息主信息类.h:949	比较当前值、目标值或历史基准。	1729	138	header_or_inline
比较	比较	方法主信息类.h:384	比较当前值、目标值或历史基准。	1729	27	header_or_inline
比较	比较	方法主信息类.h:389	比较当前值、目标值或历史基准。	1729	27	header_or_inline
比较	比较	特征值主信息类.h:30	比较当前值、目标值或历史基准。	1729	33	header_or_inline
比较	比较	特征值主信息类.h:35	比较当前值、目标值或历史基准。	1729	33	header_or_inline
比较	比较	语素主信息类.h:374	比较当前值、目标值或历史基准。	1729	31	header_or_inline
比较	比较	语素主信息类.h:441	比较当前值、目标值或历史基准。	1729	31	header_or_inline
比较	比较	需求主信息类.h:49	比较当前值、目标值或历史基准。	1729	33	header_or_inline
比较	比较	需求主信息类.h:54	比较当前值、目标值或历史基准。	1729	33	header_or_inline
比较I64_三态	比较I64_三态	基础数据类型.h:91	有符号比较量规则工具： 比较函数可返回任意负数、0、任意正数；基础逻辑只读取符号。	5	1	header_or_inline
比较存在轮廓特征	比较存在轮廓特征	自我动作实现.外设模块.ixx:7555	比较当前值、目标值或历史基准。	5	5
比较服务前后状态	比较服务前后状态	自我动作实现.服务模块.ixx:2086	比较当前值、目标值或历史基准。	2	2
比较观察簇轮廓与已知存在特征	比较观察簇轮廓与已知存在特征	自我动作实现.外设模块.ixx:7614	比较当前值、目标值或历史基准。	2	2
比较量命中方向	比较量命中方向	基础数据类型.h:111	比较当前值、目标值或历史基准。	6	1	header_or_inline
比较量方向掩码	比较量方向掩码	基础数据类型.h:105	比较当前值、目标值或历史基准。	3	2	header_or_inline
比较量转三向关系	比较量转三向关系	基础数据类型.h:97	比较当前值、目标值或历史基准。	2	1	header_or_inline
汇总G0硬门槛状态	汇总G0硬门槛状态	自我动作实现.服务模块.ixx:2653	按函数名执行对应处理。	6	6
汇总轮廓比较评分	汇总轮廓比较评分	自我动作实现.外设模块.ixx:7536	比较当前值、目标值或历史基准。	2	2
注册	注册	度量模板注册表类.ixx:100	注册方法、模板、对象或运行入口。	352	18	contract_like
注册任务状态被动提交函数	注册任务状态被动提交函数	自我动作实现.内部模块.ixx:130	提交事实、动态、任务状态或运行回执。	2	1	contract_like
注册内部本能函数执行闭环	注册内部本能函数执行闭环	自我动作实现.内部模块.ixx:144	注册方法、模板、对象或运行入口。	2	1	contract_like
注册外部本能函数执行闭环	注册外部本能函数执行闭环	自我动作实现.外部模块.ixx:1178	注册方法、模板、对象或运行入口。	2	1	contract_like
注册本能	注册本能	动作线程类.ixx:150	注册方法、模板、对象或运行入口。	19	2	contract_like
注册本能函数执行闭环	注册本能函数执行闭环	自我动作实现模块.ixx:5653	注册方法、模板、对象或运行入口。	2	1	contract_like
注册默认模板	注册默认模板	度量模板注册表类.ixx:168	注册方法、模板、对象或运行入口。	2	1	contract_like
派生消息字段完整_筹办查询	派生消息字段完整_筹办查询	任务模块.筹办.ixx:1255	推进任务筹办，形成候选、缺口或就绪回执。	2	2
消费并读取控制面板线程信息表	消费并读取控制面板线程信息表	线程生命周期消息模块.ixx:1135	从指定来源读取数据或状态。	2	1
深度_at	深度_at	基础数据类型.h:1124	按函数名执行对应处理。	1	1	header_or_inline
深度向量像素有效	深度向量像素有效	双目相机本能适配器.cpp:198	按函数名执行对应处理。	4	4
深度差异评分	深度差异评分	双目相机本能适配器.cpp:232	按函数名执行对应处理。	4	4
深拷贝树	深拷贝树	双向链表模板_深拷贝.inl:11	按函数名执行对应处理。	13	9	header_or_inline
深拷贝树_已加锁	深拷贝树_已加锁	双向链表模板_深拷贝.inl:20	按函数名执行对应处理。	2	1	header_or_inline
深拷贝树_独立	深拷贝树_独立	双向链表模板_深拷贝.inl:3	这是模板分片文件，不单独声明 module，供 双向链表模板核心.ixx 末尾 #include 使用。	9	7	header_or_inline
添加_分层_已加锁	添加_分层_已加锁	特征值类.h:397	按函数名执行对应处理。	4	4	header_or_inline
添加子节点	添加子节点	双向链表模板核心.h:328	按函数名执行对应处理。	48	8	header_or_inline
添加子节点	添加子节点	双向链表模板核心.h:343	按函数名执行对应处理。	48	8	header_or_inline
添加子节点_已加锁	添加子节点_已加锁	双向链表模板核心.h:303	=============================================================...	10	5	header_or_inline
添加子节点_已加锁	添加子节点_已加锁	双向链表模板核心.h:335	按函数名执行对应处理。	10	5	header_or_inline
添加子需求节点_已加锁	添加子需求节点_已加锁	需求类.h:1090	按函数名执行对应处理。	2	2	header_or_inline
添加节点	添加节点	双向链表模板核心.h:277	按函数名执行对应处理。	15	8	header_or_inline
添加节点	添加节点	双向链表模板核心.h:292	按函数名执行对应处理。	15	8	header_or_inline
添加节点_已加锁	添加节点_已加锁	双向链表模板核心.h:255	=============================================================...	7	5	header_or_inline
添加节点_已加锁	添加节点_已加锁	双向链表模板核心.h:284	按函数名执行对应处理。	7	5	header_or_inline
清理外设观察报告队列	清理外设观察报告队列	外设观察报告队列.ixx:3325	清理缓存、临时状态或运行资源。	2	2
清理执行输出派生需求标记	清理执行输出派生需求标记	自我动作实现.外设模块.ixx:7726	清理缓存、临时状态或运行资源。	17	13
清理执行输出派生需求标记	清理执行输出派生需求标记	自我动作实现模块.ixx:2743	清理缓存、临时状态或运行资源。	17	4
清理目标观察约束特征组	清理目标观察约束特征组	外设观察报告队列.ixx:3151	清理缓存、临时状态或运行资源。	2	2
清空	清空	基础数据类型.h:173	按函数名执行对应处理。	31	1	header_or_inline
清空外设观察报告队列	清空外设观察报告队列	外设观察报告队列.ixx:3353	按函数名执行对应处理。	2	2
渲染任务管理摘要	渲染任务管理摘要	控制面板类.cpp:10912	生成展示用文本、界面片段或可视化内容。	3	1
渲染控制面板摘要	渲染控制面板摘要	控制面板类.cpp:10807	生成展示用文本、界面片段或可视化内容。	4	1
渲染缺口摘要	渲染缺口摘要	控制面板类.cpp:10991	生成展示用文本、界面片段或可视化内容。	3	1
渲染需求树生长摘要	渲染需求树生长摘要	控制面板类.cpp:11012	生成展示用文本、界面片段或可视化内容。	3	1
满足来源文本_筹办	满足来源文本_筹办	任务模块.筹办.ixx:844	推进任务筹办，形成候选、缺口或就绪回执。	2	2
点	点	基础数据类型.h:39	按函数名执行对应处理。	35526	95	header_or_inline
点值	点值	二次特征应用模块.ixx:48	按函数名执行对应处理。	45	5
点值	点值	基础数据类型.h:33	按函数名执行对应处理。	45	1	header_or_inline
点在范围内	点在范围内	双目相机本能适配器.cpp:690	按函数名执行对应处理。	8	2
点索引	点索引	基础数据类型.h:1145	按函数名执行对应处理。	21	5	header_or_inline
点索引	点索引	基础数据类型.h:1148	按函数名执行对应处理。	21	5	header_or_inline
父需求继续策略允许继续_筹办	父需求继续策略允许继续_筹办	任务模块.筹办.ixx:1013	判断父需求在派生需求形成后是否仍可继续推进。	2	2
父需求继续策略文本_筹办日志	父需求继续策略文本_筹办日志	任务模块.筹办.ixx:1019	把父需求继续策略渲染为日志文本。	2	2
特征_AABB绘制状态	特征_AABB绘制状态	自我动作实现.外设模块.ixx:3893	按函数名执行对应处理。	3	3
特征_D0初始状态存在	特征_D0初始状态存在	自我动作实现.服务模块.ixx:373	按函数名执行对应处理。	2	2
特征_D0动作主体为自我	特征_D0动作主体为自我	自我动作实现.服务模块.ixx:317	按函数名执行对应处理。	2	2
特征_D0基础合法	特征_D0基础合法	自我动作实现.服务模块.ixx:301	按函数名执行对应处理。	2	2
特征_D0承受主体存在	特征_D0承受主体存在	自我动作实现.服务模块.ixx:325	按函数名执行对应处理。	2	2
特征_D0方法运行存在	特征_D0方法运行存在	自我动作实现.服务模块.ixx:341	执行对应模块、线程或方法的运行逻辑。	2	2
特征_D0服务业务动作动态	特征_D0服务业务动作动态	自我动作实现.服务模块.ixx:261	按函数名执行对应处理。	7	6
特征_D0来源动作存在	特征_D0来源动作存在	自我动作实现.服务模块.ixx:333	按函数名执行对应处理。	2	2
特征_D0目标特征存在	特征_D0目标特征存在	自我动作实现.服务模块.ixx:365	按函数名执行对应处理。	2	2
特征_D0结果状态存在	特征_D0结果状态存在	自我动作实现.服务模块.ixx:381	按函数名执行对应处理。	2	2
特征_D0缺口	特征_D0缺口	自我动作实现.服务模块.ixx:309	按函数名执行对应处理。	2	2
特征_D0输入场景存在	特征_D0输入场景存在	自我动作实现.服务模块.ixx:349	按函数名执行对应处理。	2	2
特征_D0输出场景存在	特征_D0输出场景存在	自我动作实现.服务模块.ixx:357	按函数名执行对应处理。	2	2
特征_D1任务状态动作动态	特征_D1任务状态动作动态	自我动作实现.服务模块.ixx:413	按函数名执行对应处理。	5	4
特征_L5高级治理确认	特征_L5高级治理确认	自我动作实现.服务模块.ixx:485	确认候选事实、存在、状态或运行结果。	2	2
特征_OR组令牌提交状态	特征_OR组令牌提交状态	自我动作实现模块.ixx:250	提交事实、动态、任务状态或运行回执。	3	3
特征_OR组令牌记录键	特征_OR组令牌记录键	自我动作实现模块.ixx:201	记录日志、动态、证据或运行痕迹。	2	2
特征_OR组令牌重复领取次数	特征_OR组令牌重复领取次数	自我动作实现模块.ixx:236	按函数名执行对应处理。	3	3
特征_OR组令牌重复领取状态	特征_OR组令牌重复领取状态	自我动作实现模块.ixx:243	按函数名执行对应处理。	4	4
特征_OR组令牌领取任务	特征_OR组令牌领取任务	自我动作实现模块.ixx:215	按函数名执行对应处理。	2	2
特征_OR组令牌领取动作动态	特征_OR组令牌领取动作动态	自我动作实现模块.ixx:222	按函数名执行对应处理。	3	3
特征_OR组令牌领取时间	特征_OR组令牌领取时间	自我动作实现模块.ixx:229	按函数名执行对应处理。	2	2
特征_OR组结算令牌状态	特征_OR组结算令牌状态	自我动作实现模块.ixx:208	结算任务、需求、价值或结果贡献。	9	7
特征_OR组结算令牌状态_筹办	特征_OR组结算令牌状态_筹办	任务模块.筹办.ixx:516	推进任务筹办，形成候选、缺口或就绪回执。	2	2
特征_OR组结算令牌记录	特征_OR组结算令牌记录	自我动作实现模块.ixx:194	记录日志、动态、证据或运行痕迹。	3	3
特征_OR组节点	特征_OR组节点	自我动作实现模块.ixx:180	按函数名执行对应处理。	8	8
特征_OR组领取路径	特征_OR组领取路径	自我动作实现模块.ixx:187	按函数名执行对应处理。	9	9
特征_OpenGL复现数据	特征_OpenGL复现数据	自我动作实现.外设模块.ixx:3795	按函数名执行对应处理。	7	7
特征_lambda使用	特征_lambda使用	自我动作实现.服务模块.ixx:613	按函数名执行对应处理。	2	2
特征_lambda候选	特征_lambda候选	自我动作实现.服务模块.ixx:605	按函数名执行对应处理。	2	2
特征_上一观察存在	特征_上一观察存在	自我动作实现.外设模块.ixx:3662	按函数名执行对应处理。	3	3
特征_下一步验证方法	特征_下一步验证方法	自我动作实现.服务模块.ixx:573	按函数名执行对应处理。	2	2
特征_下一轮扫描基准观察存在	特征_下一轮扫描基准观察存在	自我动作实现.外设模块.ixx:4579	执行扫描相关材料获取、比较或提交逻辑。	7	7
特征_不再细分	特征_不再细分	自我动作实现.外设模块.ixx:3634	按函数名执行对应处理。	2	2
特征_不独立空间候选数量	特征_不独立空间候选数量	自我动作实现.外设模块.ixx:4061	按函数名执行对应处理。	3	3
特征_不确定空间候选数量	特征_不确定空间候选数量	自我动作实现.外设模块.ixx:4082	按函数名执行对应处理。	3	3
特征_中心坐标差	特征_中心坐标差	自我动作实现.外设模块.ixx:3683	按函数名执行对应处理。	3	3
特征_中心空间坐标X	特征_中心空间坐标X	自我动作实现.外设模块.ixx:3921	按函数名执行对应处理。	12	12
特征_中心空间坐标Y	特征_中心空间坐标Y	自我动作实现.外设模块.ixx:3928	按函数名执行对应处理。	12	12
特征_中心空间坐标Z	特征_中心空间坐标Z	自我动作实现.外设模块.ixx:3935	按函数名执行对应处理。	14	14
特征_临时证据数量	特征_临时证据数量	自我动作实现.扫描.ixx:532	按函数名执行对应处理。	3	3
特征_临时证据集合	特征_临时证据集合	自我动作实现.扫描.ixx:529	按函数名执行对应处理。	3	3
特征_主空间候选像素数量	特征_主空间候选像素数量	自我动作实现.外设模块.ixx:3340	按函数名执行对应处理。	4	4
特征_主空间候选分离度评分	特征_主空间候选分离度评分	自我动作实现.外设模块.ixx:4096	按函数名执行对应处理。	3	3
特征_主空间候选相对独立状态	特征_主空间候选相对独立状态	自我动作实现.外设模块.ixx:4089	按函数名执行对应处理。	3	3
特征_主空间候选编号	特征_主空间候选编号	自我动作实现.外设模块.ixx:3333	按函数名执行对应处理。	4	4
特征_交互者	特征_交互者	自我动作实现.服务模块.ixx:141	按函数名执行对应处理。	5	4
特征_任务信息节点	特征_任务信息节点	自我动作实现.外设模块.ixx:747	按函数名执行对应处理。	30	4
特征_任务信息节点	特征_任务信息节点	自我动作实现.服务模块.ixx:117	按函数名执行对应处理。	30	9
特征_任务信息节点	特征_任务信息节点	自我动作实现模块.ixx:166	按函数名执行对应处理。	30	13
特征_任务信息节点_筹办	特征_任务信息节点_筹办	任务模块.筹办.ixx:3230	推进任务筹办，形成候选、缺口或就绪回执。	4	4
特征_任务参数包	特征_任务参数包	自我动作实现.外设模块.ixx:1048	按函数名执行对应处理。	11	6
特征_任务参数包	特征_任务参数包	自我动作实现模块.ixx:557	按函数名执行对应处理。	11	3
特征_任务参数包_筹办	特征_任务参数包_筹办	任务模块.筹办.ixx:3265	推进任务筹办，形成候选、缺口或就绪回执。	2	2
特征_任务完成度百万分比	特征_任务完成度百万分比	自我动作实现.外设模块.ixx:810	按函数名执行对应处理。	7	1
特征_任务完成度百万分比	特征_任务完成度百万分比	自我动作实现模块.ixx:306	按函数名执行对应处理。	7	6
特征_任务层执行回执	特征_任务层执行回执	自我动作实现.外设模块.ixx:922	执行任务、方法或动作的主体逻辑。	2	1
特征_任务层执行回执	特征_任务层执行回执	自我动作实现模块.ixx:424	执行任务、方法或动作的主体逻辑。	2	1
特征_任务当前阶段	特征_任务当前阶段	自我动作实现模块.ixx:411	按函数名执行对应处理。	2	2
特征_任务状态	特征_任务状态	自我动作实现.外设模块.ixx:908	按函数名执行对应处理。	25	2
特征_任务状态	特征_任务状态	自我动作实现模块.ixx:404	按函数名执行对应处理。	25	12
特征_任务状态_筹办	特征_任务状态_筹办	任务模块.筹办.ixx:3244	推进任务筹办，形成候选、缺口或就绪回执。	3	3
特征_任务状态动作动态	特征_任务状态动作动态	自我动作实现.外设模块.ixx:901	按函数名执行对应处理。	8	1
特征_任务状态动作动态	特征_任务状态动作动态	自我动作实现.服务模块.ixx:405	按函数名执行对应处理。	8	3
特征_任务状态动作动态	特征_任务状态动作动态	自我动作实现模块.ixx:397	按函数名执行对应处理。	8	3
特征_任务虚拟存在	特征_任务虚拟存在	自我动作实现.外设模块.ixx:740	按函数名执行对应处理。	22	3
特征_任务虚拟存在	特征_任务虚拟存在	自我动作实现.服务模块.ixx:125	按函数名执行对应处理。	22	6
特征_任务虚拟存在	特征_任务虚拟存在	自我动作实现模块.ixx:159	按函数名执行对应处理。	22	10
特征_任务虚拟存在_筹办	特征_任务虚拟存在_筹办	任务模块.筹办.ixx:3237	推进任务筹办，形成候选、缺口或就绪回执。	3	3
特征_伤害可能性下界候选	特征_伤害可能性下界候选	自我动作实现.外设模块.ixx:6706	按函数名执行对应处理。	3	3
特征_位置变化量	特征_位置变化量	自我动作实现.外设模块.ixx:3725	按函数名执行对应处理。	3	3
特征_低置信轮廓数量	特征_低置信轮廓数量	自我动作实现.外设模块.ixx:3270	按函数名执行对应处理。	7	7
特征_低置信轮廓状态	特征_低置信轮廓状态	自我动作实现.外设模块.ixx:5293	按函数名执行对应处理。	4	4
特征_使用限制包	特征_使用限制包	自我动作实现.外设模块.ixx:1891	按函数名执行对应处理。	2	1
特征_使用限制包	特征_使用限制包	自我动作实现模块.ixx:1407	按函数名执行对应处理。	2	1
特征_使用默认方法搜索根	特征_使用默认方法搜索根	自我动作实现.外设模块.ixx:2003	在候选范围内搜索目标对象或路径。	2	1
特征_使用默认方法搜索根	特征_使用默认方法搜索根	自我动作实现模块.ixx:1519	在候选范围内搜索目标对象或路径。	2	1
特征_依赖补全深度轮廓数量	特征_依赖补全深度轮廓数量	自我动作实现.外设模块.ixx:3207	按函数名执行对应处理。	6	6
特征_信息完备性状态	特征_信息完备性状态	自我动作实现.扫描.ixx:550	按函数名执行对应处理。	2	2
特征_信息缺口数量	特征_信息缺口数量	自我动作实现.扫描.ixx:526	按函数名执行对应处理。	3	3
特征_信息缺口集合	特征_信息缺口集合	自我动作实现.扫描.ixx:523	按函数名执行对应处理。	4	4
特征_候选像素掩码状态	特征_候选像素掩码状态	自我动作实现.外设模块.ixx:4208	按函数名执行对应处理。	4	4
特征_候选创建时间	特征_候选创建时间	自我动作实现.服务模块.ixx:533	创建并返回或登记对应对象。	3	3
特征_候选到期时间	特征_候选到期时间	自我动作实现.服务模块.ixx:549	按函数名执行对应处理。	3	3
特征_候选动作节点	特征_候选动作节点	自我动作实现.外设模块.ixx:5600	按函数名执行对应处理。	5	1
特征_候选动作节点	特征_候选动作节点	自我动作实现模块.ixx:2008	按函数名执行对应处理。	5	4
特征_候选可结算	特征_候选可结算	自我动作实现.服务模块.ixx:597	结算任务、需求、价值或结果贡献。	4	4
特征_候选复核时间	特征_候选复核时间	自我动作实现.服务模块.ixx:581	按函数名执行对应处理。	2	2
特征_候选复核结果	特征_候选复核结果	自我动作实现.服务模块.ixx:589	按函数名执行对应处理。	2	2
特征_候选存在数量	特征_候选存在数量	自我动作实现.外设模块.ixx:2185	按函数名执行对应处理。	4	3
特征_候选存在数量	特征_候选存在数量	自我动作实现模块.ixx:1701	按函数名执行对应处理。	4	1
特征_候选存在集合	特征_候选存在集合	自我动作实现.外设模块.ixx:2178	按函数名执行对应处理。	6	5
特征_候选存在集合	特征_候选存在集合	自我动作实现模块.ixx:1694	按函数名执行对应处理。	6	1
特征_候选存在验证通过率	特征_候选存在验证通过率	自我动作实现.外设模块.ixx:3228	按函数名执行对应处理。	7	7
特征_候选实参数量	特征_候选实参数量	自我动作实现.外设模块.ixx:5531	按函数名执行对应处理。	13	1
特征_候选实参数量	特征_候选实参数量	自我动作实现模块.ixx:1939	按函数名执行对应处理。	13	12
特征_候选实参表	特征_候选实参表	自我动作实现.外设模块.ixx:5524	按函数名执行对应处理。	7	1
特征_候选实参表	特征_候选实参表	自我动作实现模块.ixx:1932	按函数名执行对应处理。	7	6
特征_候选形参包	特征_候选形参包	自我动作实现.外设模块.ixx:5614	按函数名执行对应处理。	8	1
特征_候选形参包	特征_候选形参包	自我动作实现模块.ixx:2022	按函数名执行对应处理。	8	7
特征_候选扫描数量	特征_候选扫描数量	自我动作实现.外设模块.ixx:1982	执行扫描相关材料获取、比较或提交逻辑。	2	1
特征_候选扫描数量	特征_候选扫描数量	自我动作实现模块.ixx:1498	执行扫描相关材料获取、比较或提交逻辑。	2	1
特征_候选方法头节点	特征_候选方法头节点	自我动作实现.外设模块.ixx:1034	按函数名执行对应处理。	3	1
特征_候选方法头节点	特征_候选方法头节点	自我动作实现模块.ixx:543	按函数名执行对应处理。	3	1
特征_候选方法数量	特征_候选方法数量	自我动作实现.外设模块.ixx:1027	按函数名执行对应处理。	5	1
特征_候选方法数量	特征_候选方法数量	自我动作实现模块.ixx:536	按函数名执行对应处理。	5	2
特征_候选方法能力包	特征_候选方法能力包	自我动作实现.外设模块.ixx:5607	按函数名执行对应处理。	8	1
特征_候选方法能力包	特征_候选方法能力包	自我动作实现模块.ixx:2015	按函数名执行对应处理。	8	7
特征_候选有效期	特征_候选有效期	自我动作实现.服务模块.ixx:541	按函数名执行对应处理。	2	2
特征_候选来源G0	特征_候选来源G0	自我动作实现.服务模块.ixx:525	按函数名执行对应处理。	3	3
特征_候选结果包	特征_候选结果包	自我动作实现.外设模块.ixx:5621	按函数名执行对应处理。	8	1
特征_候选结果包	特征_候选结果包	自我动作实现模块.ixx:2029	按函数名执行对应处理。	8	7
特征_候选范围包	特征_候选范围包	自我动作实现.外设模块.ixx:1674	按函数名执行对应处理。	3	1
特征_候选范围包	特征_候选范围包	自我动作实现模块.ixx:1190	按函数名执行对应处理。	3	2
特征_值域冲突数量	特征_值域冲突数量	自我动作实现.扫描.ixx:535	按函数名执行对应处理。	2	2
特征_值域抽象距离	特征_值域抽象距离	自我动作实现.外设模块.ixx:1961	按函数名执行对应处理。	2	1
特征_值域抽象距离	特征_值域抽象距离	自我动作实现模块.ixx:1477	按函数名执行对应处理。	2	1
特征_假设尺寸X	特征_假设尺寸X	自我动作实现.外设模块.ixx:4271	按函数名执行对应处理。	6	6
特征_假设尺寸Y	特征_假设尺寸Y	自我动作实现.外设模块.ixx:4278	按函数名执行对应处理。	6	6
特征_假设尺寸Z	特征_假设尺寸Z	自我动作实现.外设模块.ixx:4285	按函数名执行对应处理。	6	6
特征_假设方位X	特征_假设方位X	自我动作实现.外设模块.ixx:4292	按函数名执行对应处理。	3	3
特征_假设方位Y	特征_假设方位Y	自我动作实现.外设模块.ixx:4299	按函数名执行对应处理。	3	3
特征_假设有效点比例	特征_假设有效点比例	自我动作实现.外设模块.ixx:4306	按函数名执行对应处理。	5	5
特征_假设距离	特征_假设距离	自我动作实现.外设模块.ixx:4264	按函数名执行对应处理。	7	7
特征_像素坐标X	特征_像素坐标X	自我动作实现.外设模块.ixx:2479	按函数名执行对应处理。	9	9
特征_像素坐标Y	特征_像素坐标Y	自我动作实现.外设模块.ixx:2486	按函数名执行对应处理。	9	9
特征_像素坐标对应像素观察事实	特征_像素坐标对应像素观察事实	自我动作实现.外设模块.ixx:2493	按函数名执行对应处理。	5	5
特征_像素归属更新	特征_像素归属更新	自我动作实现.外设模块.ixx:5321	更新已有对象、状态、索引或缓存。	3	3
特征_像素归属率	特征_像素归属率	自我动作实现.外设模块.ixx:4460	按函数名执行对应处理。	3	3
特征_像素归属验证状态	特征_像素归属验证状态	自我动作实现.外设模块.ixx:4474	按函数名执行对应处理。	9	9
特征_像素归属验证结果	特征_像素归属验证结果	自我动作实现.外设模块.ixx:4334	按函数名执行对应处理。	5	5
特征_像素残差	特征_像素残差	自我动作实现.外设模块.ixx:5244	按函数名执行对应处理。	3	3
特征_像素特征值承接状态	特征_像素特征值承接状态	自我动作实现.外设模块.ixx:2563	按函数名执行对应处理。	9	9
特征_像素特征数量	特征_像素特征数量	自我动作实现.外设模块.ixx:2507	按函数名执行对应处理。	8	8
特征_像素覆盖状态	特征_像素覆盖状态	自我动作实现.外设模块.ixx:2556	按函数名执行对应处理。	14	14
特征_像素观察事实索引	特征_像素观察事实索引	自我动作实现.外设模块.ixx:2472	按函数名执行对应处理。	6	6
特征_像素观察存在数量	特征_像素观察存在数量	自我动作实现.外设模块.ixx:2514	按函数名执行对应处理。	4	4
特征_像素颜色层	特征_像素颜色层	自我动作实现.外设模块.ixx:3809	按函数名执行对应处理。	3	3
特征_允许值类型	特征_允许值类型	自我动作实现.外设模块.ixx:1765	按函数名执行对应处理。	2	1
特征_允许值类型	特征_允许值类型	自我动作实现模块.ixx:1281	按函数名执行对应处理。	2	1
特征_允许执行差值区间	特征_允许执行差值区间	自我动作实现.外设模块.ixx:1772	执行任务、方法或动作的主体逻辑。	3	1
特征_允许执行差值区间	特征_允许执行差值区间	自我动作实现模块.ixx:1288	执行任务、方法或动作的主体逻辑。	3	2
特征_全帧像素归属账状态	特征_全帧像素归属账状态	自我动作实现.外设模块.ixx:4467	按函数名执行对应处理。	4	4
特征_关注原因状态	特征_关注原因状态	自我动作实现.扫描.ixx:601	按函数名执行对应处理。	2	2
特征_关注存在指针	特征_关注存在指针	自我动作实现.扫描.ixx:595	按函数名执行对应处理。	2	2
特征_关注记录序号	特征_关注记录序号	自我动作实现.扫描.ixx:592	记录日志、动态、证据或运行痕迹。	3	3
特征_关注集合类别	特征_关注集合类别	自我动作实现.扫描.ixx:598	按函数名执行对应处理。	2	2
特征_关键特征变化观察状态	特征_关键特征变化观察状态	自我动作实现.外设模块.ixx:6188	按函数名执行对应处理。	12	12
特征_关键特征观察样本数量	特征_关键特征观察样本数量	自我动作实现.外设模块.ixx:6209	按函数名执行对应处理。	5	5
特征_关键特征负向变化数量	特征_关键特征负向变化数量	自我动作实现.外设模块.ixx:6216	按函数名执行对应处理。	5	5
特征_内化状态	特征_内化状态	自我动作实现.外设模块.ixx:5635	按函数名执行对应处理。	4	1
特征_内化状态	特征_内化状态	自我动作实现模块.ixx:2043	按函数名执行对应处理。	4	3
特征_内部世界	特征_内部世界	自我动作实现.外设模块.ixx:3375	按函数名执行对应处理。	91	91
特征_内部世界场景类型	特征_内部世界场景类型	自我动作实现.外设模块.ixx:3389	按函数名执行对应处理。	2	2
特征_内部世界子候选集合	特征_内部世界子候选集合	自我动作实现.外设模块.ixx:3592	按函数名执行对应处理。	6	6
特征_内部世界子候选验证状态	特征_内部世界子候选验证状态	自我动作实现.外设模块.ixx:3480	按函数名执行对应处理。	9	9
特征_内部世界子存在与内部世界关联状态	特征_内部世界子存在与内部世界关联状态	自我动作实现.外设模块.ixx:3550	按函数名执行对应处理。	4	4
特征_内部世界子存在事实提交状态	特征_内部世界子存在事实提交状态	自我动作实现.外设模块.ixx:3536	提交事实、动态、任务状态或运行回执。	4	4
特征_内部世界子存在候选确认允许提交状态	特征_内部世界子存在候选确认允许提交状态	自我动作实现.外设模块.ixx:3508	提交事实、动态、任务状态或运行回执。	3	3
特征_内部世界子存在候选确认可提交数量	特征_内部世界子存在候选确认可提交数量	自我动作实现.外设模块.ixx:3529	提交事实、动态、任务状态或运行回执。	5	5
特征_内部世界子存在候选确认新建数量	特征_内部世界子存在候选确认新建数量	自我动作实现.外设模块.ixx:3515	确认候选事实、存在、状态或运行结果。	3	3
特征_内部世界子存在候选确认方案取得状态	特征_内部世界子存在候选确认方案取得状态	自我动作实现.外设模块.ixx:3494	取得指定对象、状态或运行材料。	6	6
特征_内部世界子存在候选确认方案类型	特征_内部世界子存在候选确认方案类型	自我动作实现.外设模块.ixx:3501	确认候选事实、存在、状态或运行结果。	3	3
特征_内部世界子存在候选确认状态	特征_内部世界子存在候选确认状态	自我动作实现.外设模块.ixx:3487	确认候选事实、存在、状态或运行结果。	3	3
特征_内部世界子存在候选确认证据不足数量	特征_内部世界子存在候选确认证据不足数量	自我动作实现.外设模块.ixx:3522	确认候选事实、存在、状态或运行结果。	3	3
特征_内部世界子存在原始事实写入状态	特征_内部世界子存在原始事实写入状态	自我动作实现.外设模块.ixx:3543	把处理结果写入指定对象、场景或日志。	4	4
特征_内部世界局部轮廓材料可回查状态	特征_内部世界局部轮廓材料可回查状态	自我动作实现.外设模块.ixx:3473	按函数名执行对应处理。	5	5
特征_内部世界当前观察材料	特征_内部世界当前观察材料	自我动作实现.外设模块.ixx:3459	按函数名执行对应处理。	6	6
特征_内部世界状态	特征_内部世界状态	自我动作实现.外设模块.ixx:3382	按函数名执行对应处理。	8	8
特征_内部世界细分状态	特征_内部世界细分状态	自我动作实现.外设模块.ixx:3620	按函数名执行对应处理。	7	7
特征_内部信息一致性状态	特征_内部信息一致性状态	自我动作实现.扫描.ixx:553	按函数名执行对应处理。	2	2
特征_内部场景	特征_内部场景	自我动作实现.外设模块.ixx:3452	按函数名执行对应处理。	2	2
特征_写入失败数量	特征_写入失败数量	自我动作实现.扫描.ixx:520	把处理结果写入指定对象、场景或日志。	2	2
特征_写入批次状态	特征_写入批次状态	自我动作实现.扫描.ixx:517	把处理结果写入指定对象、场景或日志。	2	2
特征_写入摘要序号	特征_写入摘要序号	自我动作实现.扫描.ixx:622	把处理结果写入指定对象、场景或日志。	3	3
特征_写入新空间位置X	特征_写入新空间位置X	自我动作实现.扫描.ixx:649	把处理结果写入指定对象、场景或日志。	2	2
特征_写入新空间位置Y	特征_写入新空间位置Y	自我动作实现.扫描.ixx:652	把处理结果写入指定对象、场景或日志。	2	2
特征_写入新空间位置Z	特征_写入新空间位置Z	自我动作实现.扫描.ixx:655	把处理结果写入指定对象、场景或日志。	2	2
特征_写入旧值状态	特征_写入旧值状态	自我动作实现.扫描.ixx:637	把处理结果写入指定对象、场景或日志。	2	2
特征_写入旧空间位置X	特征_写入旧空间位置X	自我动作实现.扫描.ixx:640	把处理结果写入指定对象、场景或日志。	2	2
特征_写入旧空间位置Y	特征_写入旧空间位置Y	自我动作实现.扫描.ixx:643	把处理结果写入指定对象、场景或日志。	2	2
特征_写入旧空间位置Z	特征_写入旧空间位置Z	自我动作实现.扫描.ixx:646	把处理结果写入指定对象、场景或日志。	2	2
特征_写入来源数据项ID	特征_写入来源数据项ID	自我动作实现.扫描.ixx:631	把处理结果写入指定对象、场景或日志。	2	2
特征_写入目标存在指针	特征_写入目标存在指针	自我动作实现.扫描.ixx:625	把处理结果写入指定对象、场景或日志。	2	2
特征_写入目标特征类型状态	特征_写入目标特征类型状态	自我动作实现.扫描.ixx:628	把处理结果写入指定对象、场景或日志。	2	2
特征_写入结果状态	特征_写入结果状态	自我动作实现.扫描.ixx:634	把处理结果写入指定对象、场景或日志。	2	2
特征_冲突区数量	特征_冲突区数量	自我动作实现.外设模块.ixx:5202	按函数名执行对应处理。	3	3
特征_剩余差距	特征_剩余差距	自我动作实现.外设模块.ixx:964	按函数名执行对应处理。	9	1
特征_剩余差距	特征_剩余差距	自我动作实现模块.ixx:466	按函数名执行对应处理。	9	3
特征_动作主体	特征_动作主体	自我动作实现.外设模块.ixx:5593	按函数名执行对应处理。	12	2
特征_动作主体	特征_动作主体	自我动作实现模块.ixx:2001	按函数名执行对应处理。	12	10
特征_动作主体替换状态	特征_动作主体替换状态	自我动作实现.外设模块.ixx:5642	按函数名执行对应处理。	4	1
特征_动作主体替换状态	特征_动作主体替换状态	自我动作实现模块.ixx:2050	按函数名执行对应处理。	4	3
特征_动作动态	特征_动作动态	自我动作实现.外设模块.ixx:1606	按函数名执行对应处理。	80	54
特征_动作动态	特征_动作动态	自我动作实现.服务模块.ixx:277	按函数名执行对应处理。	80	2
特征_动作动态	特征_动作动态	自我动作实现模块.ixx:1122	按函数名执行对应处理。	80	16
特征_动作动态创建状态	特征_动作动态创建状态	自我动作实现.扫描.ixx:700	创建并返回或登记对应对象。	4	4
特征_动作动态指针	特征_动作动态指针	自我动作实现.扫描.ixx:697	按函数名执行对应处理。	4	4
特征_动作执行失败次数	特征_动作执行失败次数	自我动作实现.外设模块.ixx:1174	执行任务、方法或动作的主体逻辑。	6	3
特征_动作执行失败次数	特征_动作执行失败次数	自我动作实现模块.ixx:690	执行任务、方法或动作的主体逻辑。	6	3
特征_动作执行成功次数	特征_动作执行成功次数	自我动作实现.外设模块.ixx:1167	执行任务、方法或动作的主体逻辑。	6	3
特征_动作执行成功次数	特征_动作执行成功次数	自我动作实现模块.ixx:683	执行任务、方法或动作的主体逻辑。	6	3
特征_匹配外设观察像素簇ID	特征_匹配外设观察像素簇ID	自我动作实现.外设模块.ixx:5230	按函数名执行对应处理。	2	2
特征_匹配方法能力包	特征_匹配方法能力包	自我动作实现.外设模块.ixx:1933	按函数名执行对应处理。	2	1
特征_匹配方法能力包	特征_匹配方法能力包	自我动作实现模块.ixx:1449	按函数名执行对应处理。	2	1
特征_匹配置信度	特征_匹配置信度	自我动作实现.外设模块.ixx:3704	按函数名执行对应处理。	4	4
特征_匹配路径记录	特征_匹配路径记录	自我动作实现.外设模块.ixx:1947	记录日志、动态、证据或运行痕迹。	2	1
特征_匹配路径记录	特征_匹配路径记录	自我动作实现模块.ixx:1463	记录日志、动态、证据或运行痕迹。	2	1
特征_区间上界	特征_区间上界	自我动作实现.外设模块.ixx:1723	按函数名执行对应处理。	6	1
特征_区间上界	特征_区间上界	自我动作实现模块.ixx:1239	按函数名执行对应处理。	6	5
特征_区间下界	特征_区间下界	自我动作实现.外设模块.ixx:1716	按函数名执行对应处理。	6	1
特征_区间下界	特征_区间下界	自我动作实现模块.ixx:1232	按函数名执行对应处理。	6	5
特征_占用状态	特征_占用状态	自我动作实现.外设模块.ixx:2164	按函数名执行对应处理。	6	5
特征_占用状态	特征_占用状态	自我动作实现模块.ixx:1680	按函数名执行对应处理。	6	1
特征_历史对应状态	特征_历史对应状态	自我动作实现.外设模块.ixx:3669	按函数名执行对应处理。	7	7
特征_历史直接伤害归因次数	特征_历史直接伤害归因次数	自我动作实现.外设模块.ixx:6685	按函数名执行对应处理。	3	3
特征_历史观察存在	特征_历史观察存在	自我动作实现.外设模块.ixx:3655	按函数名执行对应处理。	9	9
特征_原始深度来源像素数量	特征_原始深度来源像素数量	自我动作实现.外设模块.ixx:2752	按函数名执行对应处理。	6	6
特征_原始深度毫米结构状态	特征_原始深度毫米结构状态	自我动作实现.外设模块.ixx:2696	按函数名执行对应处理。	8	8
特征_原始需求绑定包	特征_原始需求绑定包	自我动作实现.外设模块.ixx:1940	建立对象、任务、方法或因果之间的绑定关系。	2	1
特征_原始需求绑定包	特征_原始需求绑定包	自我动作实现模块.ixx:1456	建立对象、任务、方法或因果之间的绑定关系。	2	1
特征_参数值类型	特征_参数值类型	自我动作实现.外设模块.ixx:1104	按函数名执行对应处理。	15	2
特征_参数值类型	特征_参数值类型	自我动作实现模块.ixx:613	按函数名执行对应处理。	15	11
特征_参数值类型_筹办	特征_参数值类型_筹办	任务模块.筹办.ixx:3293	推进任务筹办，形成候选、缺口或就绪回执。	2	2
特征_参数新颖性状态	特征_参数新颖性状态	自我动作实现.外设模块.ixx:5552	按函数名执行对应处理。	4	1
特征_参数新颖性状态	特征_参数新颖性状态	自我动作实现模块.ixx:1960	按函数名执行对应处理。	4	3
特征_参数来源	特征_参数来源	自我动作实现.外设模块.ixx:1097	按函数名执行对应处理。	11	2
特征_参数来源	特征_参数来源	自我动作实现模块.ixx:606	按函数名执行对应处理。	11	9
特征_参数生成序号	特征_参数生成序号	自我动作实现.外设模块.ixx:5538	根据当前输入生成目标数据、场景、动态或回执。	3	1
特征_参数生成序号	特征_参数生成序号	自我动作实现模块.ixx:1946	根据当前输入生成目标数据、场景、动态或回执。	3	2
特征_参数配对情况	特征_参数配对情况	自我动作实现.外设模块.ixx:1842	按函数名执行对应处理。	2	1
特征_参数配对情况	特征_参数配对情况	自我动作实现模块.ixx:1358	按函数名执行对应处理。	2	1
特征_参数配对状态	特征_参数配对状态	任务模块.筹办.ixx:3216	按函数名执行对应处理。	4	4
特征_参数配对结果	特征_参数配对结果	自我动作实现.外设模块.ixx:1828	按函数名执行对应处理。	2	1
特征_参数配对结果	特征_参数配对结果	自我动作实现模块.ixx:1344	按函数名执行对应处理。	2	1
特征_反馈窗口	特征_反馈窗口	自我动作实现.服务模块.ixx:557	按函数名执行对应处理。	2	2
特征_发现时间	特征_发现时间	自我动作实现.外设模块.ixx:5104	按函数名执行对应处理。	3	3
特征_发现来源扫描结果	特征_发现来源扫描结果	自我动作实现.外设模块.ixx:5097	执行扫描相关材料获取、比较或提交逻辑。	3	3
特征_变化事件层	特征_变化事件层	自我动作实现.外设模块.ixx:3851	按函数名执行对应处理。	3	3
特征_变化事件置信度	特征_变化事件置信度	自我动作实现.外设模块.ixx:3774	按函数名执行对应处理。	3	3
特征_变化状态	特征_变化状态	自我动作实现.外设模块.ixx:3718	按函数名执行对应处理。	9	9
特征_可执行输入参数场景	特征_可执行输入参数场景	自我动作实现.外设模块.ixx:1849	执行任务、方法或动作的主体逻辑。	11	1
特征_可执行输入参数场景	特征_可执行输入参数场景	自我动作实现模块.ixx:1365	执行任务、方法或动作的主体逻辑。	11	7
特征_可用方法数量	特征_可用方法数量	自我动作实现.外设模块.ixx:1653	按函数名执行对应处理。	2	1
特征_可用方法数量	特征_可用方法数量	自我动作实现模块.ixx:1169	按函数名执行对应处理。	2	1
特征_可绘制状态	特征_可绘制状态	自我动作实现.外设模块.ixx:3641	按函数名执行对应处理。	2	2
特征_可观测单位到存在映射表	特征_可观测单位到存在映射表	自我动作实现.外设模块.ixx:4999	按函数名执行对应处理。	3	3
特征_可选条件特征类型数量	特征_可选条件特征类型数量	自我动作实现.外设模块.ixx:670	按函数名执行对应处理。	4	2
特征_可选条件特征类型数量	特征_可选条件特征类型数量	自我动作实现模块.ixx:89	按函数名执行对应处理。	4	2
特征_后续承接入口状态	特征_后续承接入口状态	自我动作实现.扫描.ixx:706	按函数名执行对应处理。	3	3
特征_启停状态	特征_启停状态	自我动作实现.外设模块.ixx:2157	按函数名执行对应处理。	9	8
特征_启停状态	特征_启停状态	自我动作实现模块.ixx:1673	按函数名执行对应处理。	9	1
特征_固定参数表	特征_固定参数表	自我动作实现.外设模块.ixx:712	按函数名执行对应处理。	3	1
特征_固定参数表	特征_固定参数表	自我动作实现模块.ixx:131	按函数名执行对应处理。	3	2
特征_场景写入摘要数量	特征_场景写入摘要数量	自我动作实现.扫描.ixx:508	把处理结果写入指定对象、场景或日志。	3	3
特征_场景写入摘要集合	特征_场景写入摘要集合	自我动作实现.扫描.ixx:505	把处理结果写入指定对象、场景或日志。	3	3
特征_场景存在集合明确状态	特征_场景存在集合明确状态	自我动作实现.外设模块.ixx:5839	按函数名执行对应处理。	10	10
特征_场景引用	特征_场景引用	自我动作实现.外设模块.ixx:1744	按函数名执行对应处理。	3	1
特征_场景引用	特征_场景引用	自我动作实现模块.ixx:1260	按函数名执行对应处理。	3	2
特征_场景维护结果状态	特征_场景维护结果状态	自我动作实现.扫描.ixx:547	按函数名执行对应处理。	5	5
特征_场景识别快照	特征_场景识别快照	自我动作实现.外设模块.ixx:3781	执行识别相关匹配、确认或结果输出逻辑。	7	7
特征_坐标回查可用状态	特征_坐标回查可用状态	自我动作实现.外设模块.ixx:2570	按函数名执行对应处理。	7	7
特征_基础分	特征_基础分	自我动作实现.服务模块.ixx:469	按函数名执行对应处理。	2	2
特征_基础观察事实可用状态	特征_基础观察事实可用状态	自我动作实现.外设模块.ixx:2668	按函数名执行对应处理。	11	11
特征_基础观察事实失败条件数量	特征_基础观察事实失败条件数量	自我动作实现.外设模块.ixx:2675	按函数名执行对应处理。	4	4
特征_基础风险不确定度	特征_基础风险不确定度	自我动作实现.外设模块.ixx:6769	按函数名执行对应处理。	3	3
特征_基础风险值计算状态	特征_基础风险值计算状态	自我动作实现.外设模块.ixx:6776	计算权重、状态、差值或派生结果。	3	3
特征_基础风险判断状态	特征_基础风险判断状态	自我动作实现.外设模块.ixx:5832	判断条件、状态或业务结果是否成立。	6	6
特征_基础风险未判断因子数量	特征_基础风险未判断因子数量	自我动作实现.外设模块.ixx:6755	判断条件、状态或业务结果是否成立。	3	3
特征_基础风险证据完整度	特征_基础风险证据完整度	自我动作实现.外设模块.ixx:6762	按函数名执行对应处理。	3	3
特征_基础风险评估范围状态	特征_基础风险评估范围状态	自我动作实现.外设模块.ixx:6783	评估状态、风险、质量、权重或完成度。	3	3
特征_处理闭合证据状态	特征_处理闭合证据状态	自我动作实现.扫描.ixx:586	按函数名执行对应处理。	5	5
特征_复现数据状态	特征_复现数据状态	自我动作实现.外设模块.ixx:3802	按函数名执行对应处理。	6	6
特征_外设_D455到场景绝对坐标变换明确状态	特征_外设_D455到场景绝对坐标变换明确状态	自我动作实现.外设模块.ixx:6181	按函数名执行对应处理。	5	5
特征_外设像素簇候选验证状态	特征_外设像素簇候选验证状态	自我动作实现.外设模块.ixx:4726	按函数名执行对应处理。	16	16
特征_外设可用性	特征_外设可用性	自我动作实现.外设模块.ixx:2143	按函数名执行对应处理。	22	21
特征_外设可用性	特征_外设可用性	自我动作实现模块.ixx:1659	按函数名执行对应处理。	22	1
特征_外设扫描结果场景状态	特征_外设扫描结果场景状态	自我动作实现.扫描.ixx:723	执行扫描相关材料获取、比较或提交逻辑。	7	7
特征_外设数据项总数	特征_外设数据项总数	自我动作实现.扫描.ixx:484	按函数名执行对应处理。	3	3
特征_外设特征类型ID	特征_外设特征类型ID	自我动作实现.扫描.ixx:580	按函数名执行对应处理。	2	2
特征_外设观察像素簇ID	特征_外设观察像素簇ID	自我动作实现.外设模块.ixx:4712	按函数名执行对应处理。	15	15
特征_外设观察像素簇候选已验证状态	特征_外设观察像素簇候选已验证状态	自我动作实现.外设模块.ixx:4719	按函数名执行对应处理。	12	12
特征_外设观察存在_自我存在同一性状态	特征_外设观察存在_自我存在同一性状态	自我动作实现.外设模块.ixx:4873	按函数名执行对应处理。	9	9
特征_外设观察存在_自我存在同一性评分	特征_外设观察存在_自我存在同一性评分	自我动作实现.外设模块.ixx:4880	按函数名执行对应处理。	4	4
特征_外设观察存在事实提交状态	特征_外设观察存在事实提交状态	自我动作实现.外设模块.ixx:4943	提交事实、动态、任务状态或运行回执。	7	7
特征_外设观察存在候选确认允许提交状态	特征_外设观察存在候选确认允许提交状态	自我动作实现.外设模块.ixx:4824	提交事实、动态、任务状态或运行回执。	3	3
特征_外设观察存在候选确认冲突数量	特征_外设观察存在候选确认冲突数量	自我动作实现.外设模块.ixx:4845	确认候选事实、存在、状态或运行结果。	8	8
特征_外设观察存在候选确认可提交数量	特征_外设观察存在候选确认可提交数量	自我动作实现.外设模块.ixx:4859	提交事实、动态、任务状态或运行回执。	10	10
特征_外设观察存在候选确认合并数量	特征_外设观察存在候选确认合并数量	自我动作实现.外设模块.ixx:4838	确认候选事实、存在、状态或运行结果。	7	7
特征_外设观察存在候选确认新建数量	特征_外设观察存在候选确认新建数量	自我动作实现.外设模块.ixx:4831	确认候选事实、存在、状态或运行结果。	7	7
特征_外设观察存在候选确认方案取得状态	特征_外设观察存在候选确认方案取得状态	自我动作实现.外设模块.ixx:4810	取得指定对象、状态或运行材料。	19	19
特征_外设观察存在候选确认方案类型	特征_外设观察存在候选确认方案类型	自我动作实现.外设模块.ixx:4817	确认候选事实、存在、状态或运行结果。	3	3
特征_外设观察存在候选确认状态	特征_外设观察存在候选确认状态	自我动作实现.外设模块.ixx:4803	确认候选事实、存在、状态或运行结果。	8	8
特征_外设观察存在候选确认证据不足数量	特征_外设观察存在候选确认证据不足数量	自我动作实现.外设模块.ixx:4852	确认候选事实、存在、状态或运行结果。	8	8
特征_外设观察存在可复验状态	特征_外设观察存在可复验状态	自我动作实现.外设模块.ixx:2451	按函数名执行对应处理。	13	13
特征_外设观察存在同一性证据帧数	特征_外设观察存在同一性证据帧数	自我动作实现.外设模块.ixx:4887	按函数名执行对应处理。	4	4
特征_外设观察存在基准状态	特征_外设观察存在基准状态	自我动作实现.外设模块.ixx:2430	按函数名执行对应处理。	4	4
特征_外设观察存在归属冲突动态	特征_外设观察存在归属冲突动态	自我动作实现.外设模块.ixx:4936	按函数名执行对应处理。	5	5
特征_外设观察存在归属建立动态	特征_外设观察存在归属建立动态	自我动作实现.外设模块.ixx:4929	按函数名执行对应处理。	5	5
特征_外设观察存在归属目标	特征_外设观察存在归属目标	自我动作实现.外设模块.ixx:4922	按函数名执行对应处理。	3	3
特征_外设观察存在稳定复现状态	特征_外设观察存在稳定复现状态	自我动作实现.外设模块.ixx:2437	按函数名执行对应处理。	14	14
特征_外设观察存在自我归属状态	特征_外设观察存在自我归属状态	自我动作实现.外设模块.ixx:4915	按函数名执行对应处理。	18	18
特征_外设观察存在观察完成状态	特征_外设观察存在观察完成状态	自我动作实现.外设模块.ixx:2444	按函数名执行对应处理。	14	14
特征_外设观察存在跨帧匹配状态	特征_外设观察存在跨帧匹配状态	自我动作实现.外设模块.ixx:4894	按函数名执行对应处理。	4	4
特征_外设观察存在跨帧复现离散度	特征_外设观察存在跨帧复现离散度	自我动作实现.外设模块.ixx:4908	按函数名执行对应处理。	4	4
特征_外设观察存在跨帧连续命中次数	特征_外设观察存在跨帧连续命中次数	自我动作实现.外设模块.ixx:4901	按函数名执行对应处理。	4	4
特征_外设观察报告ID	特征_外设观察报告ID	自我动作实现.外设模块.ixx:4481	按函数名执行对应处理。	58	45
特征_外设观察报告ID	特征_外设观察报告ID	自我动作实现.扫描.ixx:445	按函数名执行对应处理。	58	6
特征_外设观察报告ID_筹办	特征_外设观察报告ID_筹办	任务模块.筹办.ixx:3097	推进任务筹办，形成候选、缺口或就绪回执。	5	5
特征_外设观察材料可回查状态	特征_外设观察材料可回查状态	自我动作实现.外设模块.ixx:4754	按函数名执行对应处理。	10	10
特征_外设观察验证候选簇数量	特征_外设观察验证候选簇数量	自我动作实现.外设模块.ixx:4761	按函数名执行对应处理。	7	7
特征_外设观察验证失败簇数量	特征_外设观察验证失败簇数量	自我动作实现.外设模块.ixx:4775	按函数名执行对应处理。	4	4
特征_外设观察验证材料明确状态	特征_外设观察验证材料明确状态	自我动作实现.外设模块.ixx:4747	按函数名执行对应处理。	5	5
特征_外设观察验证缺失材料原因	特征_外设观察验证缺失材料原因	自我动作实现.外设模块.ixx:4796	按函数名执行对应处理。	7	7
特征_外设观察验证缺失材料数量	特征_外设观察验证缺失材料数量	自我动作实现.外设模块.ixx:4789	按函数名执行对应处理。	4	4
特征_外设观察验证证据不足簇数量	特征_外设观察验证证据不足簇数量	自我动作实现.外设模块.ixx:4782	按函数名执行对应处理。	4	4
特征_外设观察验证通过簇数量	特征_外设观察验证通过簇数量	自我动作实现.外设模块.ixx:4768	按函数名执行对应处理。	4	4
特征_外部场景	特征_外部场景	自我动作实现.外设模块.ixx:3445	按函数名执行对应处理。	2	2
特征_多帧深度稳定性结构状态	特征_多帧深度稳定性结构状态	自我动作实现.外设模块.ixx:2836	按函数名执行对应处理。	6	6
特征_多重对应冲突可观测单位数量	特征_多重对应冲突可观测单位数量	自我动作实现.外设模块.ixx:4985	按函数名执行对应处理。	6	6
特征_失败原因	特征_失败原因	自我动作实现.外设模块.ixx:1996	按函数名执行对应处理。	72	49
特征_失败原因	特征_失败原因	自我动作实现模块.ixx:1512	按函数名执行对应处理。	72	21
特征_失败处理特征集合	特征_失败处理特征集合	自我动作实现.服务模块.ixx:101	按函数名执行对应处理。	2	2
特征_子候选类型	特征_子候选类型	自我动作实现.外设模块.ixx:3599	按函数名执行对应处理。	3	3
特征_子存在类型	特征_子存在类型	自我动作实现.外设模块.ixx:3613	按函数名执行对应处理。	3	3
特征_字段是否必需	特征_字段是否必需	自我动作实现.服务模块.ixx:893	按函数名执行对应处理。	2	2
特征_字段来源方法版本	特征_字段来源方法版本	自我动作实现.服务模块.ixx:861	按函数名执行对应处理。	2	2
特征_字段来源方法虚拟存在	特征_字段来源方法虚拟存在	自我动作实现.服务模块.ixx:853	按函数名执行对应处理。	2	2
特征_字段激活原因	特征_字段激活原因	自我动作实现.服务模块.ixx:877	按函数名执行对应处理。	3	3
特征_字段激活阶段	特征_字段激活阶段	自我动作实现.服务模块.ixx:885	按函数名执行对应处理。	2	2
特征_字段角色	特征_字段角色	自我动作实现.服务模块.ixx:869	按函数名执行对应处理。	2	2
特征_存在ID缓冲	特征_存在ID缓冲	自我动作实现.外设模块.ixx:3886	按函数名执行对应处理。	3	3
特征_存在_场景绝对坐标X	特征_存在_场景绝对坐标X	自我动作实现.外设模块.ixx:5965	按函数名执行对应处理。	2	2
特征_存在_场景绝对坐标Y	特征_存在_场景绝对坐标Y	自我动作实现.外设模块.ixx:5972	按函数名执行对应处理。	2	2
特征_存在_场景绝对坐标Z	特征_存在_场景绝对坐标Z	自我动作实现.外设模块.ixx:5979	按函数名执行对应处理。	2	2
特征_存在_场景绝对坐标明确状态	特征_存在_场景绝对坐标明确状态	自我动作实现.外设模块.ixx:5986	按函数名执行对应处理。	4	4
特征_存在_场景绝对空间范围明确状态	特征_存在_场景绝对空间范围明确状态	自我动作实现.外设模块.ixx:6174	按函数名执行对应处理。	3	3
特征_存在_接触自我边界候选状态	特征_存在_接触自我边界候选状态	自我动作实现.外设模块.ixx:6153	按函数名执行对应处理。	5	5
特征_存在_相对自我边界距离	特征_存在_相对自我边界距离	自我动作实现.外设模块.ixx:6139	按函数名执行对应处理。	4	4
特征_存在_自我相对安全特征明确状态	特征_存在_自我相对安全特征明确状态	自我动作实现.外设模块.ixx:6132	按函数名执行对应处理。	8	8
特征_存在_进入自我边界缓冲区候选状态	特征_存在_进入自我边界缓冲区候选状态	自我动作实现.外设模块.ixx:6146	按函数名执行对应处理。	5	5
特征_存在_遮挡关键观察区域候选状态	特征_存在_遮挡关键观察区域候选状态	自我动作实现.外设模块.ixx:6167	按函数名执行对应处理。	5	5
特征_存在_靠近自我候选状态	特征_存在_靠近自我候选状态	自我动作实现.外设模块.ixx:6160	按函数名执行对应处理。	5	5
特征_存在假设验证状态	特征_存在假设验证状态	自我动作实现.外设模块.ixx:4201	按函数名执行对应处理。	5	5
特征_存在内外场景接口	特征_存在内外场景接口	自我动作实现.外设模块.ixx:3431	按函数名执行对应处理。	7	7
特征_存在内部世界局部材料建立状态	特征_存在内部世界局部材料建立状态	自我动作实现.外设模块.ixx:3466	按函数名执行对应处理。	6	6
特征_存在内部世界展开层	特征_存在内部世界展开层	自我动作实现.外设模块.ixx:3844	按函数名执行对应处理。	3	3
特征_存在安全判定来源	特征_存在安全判定来源	自我动作实现.外设模块.ixx:6734	按函数名执行对应处理。	3	3
特征_存在安全判定状态	特征_存在安全判定状态	自我动作实现.外设模块.ixx:6727	按函数名执行对应处理。	3	3
特征_存在安全度候选	特征_存在安全度候选	自我动作实现.外设模块.ixx:6678	按函数名执行对应处理。	3	3
特征_存在安全评估置信度	特征_存在安全评估置信度	自我动作实现.外设模块.ixx:6713	评估状态、风险、质量、权重或完成度。	3	3
特征_存在安全评估证据不足原因	特征_存在安全评估证据不足原因	自我动作实现.外设模块.ixx:6720	评估状态、风险、质量、权重或完成度。	3	3
特征_存在引用	特征_存在引用	自我动作实现.外设模块.ixx:1737	按函数名执行对应处理。	3	1
特征_存在引用	特征_存在引用	自我动作实现模块.ixx:1253	按函数名执行对应处理。	3	2
特征_存在当前特征状态	特征_存在当前特征状态	自我动作实现.外设模块.ixx:4537	按函数名执行对应处理。	4	4
特征_存在当前状态快照	特征_存在当前状态快照	自我动作实现.外设模块.ixx:5090	按函数名执行对应处理。	3	3
特征_存在特征变化动态	特征_存在特征变化动态	自我动作实现.外设模块.ixx:4544	按函数名执行对应处理。	4	4
特征_存在直接伤害可能性候选	特征_存在直接伤害可能性候选	自我动作实现.外设模块.ixx:6664	按函数名执行对应处理。	3	3
特征_存在确认适用状态	特征_存在确认适用状态	自我动作实现.外设模块.ixx:2969	确认候选事实、存在、状态或运行结果。	3	3
特征_存在风险安全值候选	特征_存在风险安全值候选	自我动作实现.外设模块.ixx:6671	按函数名执行对应处理。	3	3
特征_安全值	特征_安全值	自我动作实现.外设模块.ixx:1627	按函数名执行对应处理。	7	1
特征_安全值	特征_安全值	自我动作实现模块.ixx:1143	按函数名执行对应处理。	7	4
特征_安全值_筹办	特征_安全值_筹办	任务模块.筹办.ixx:2248	推进任务筹办，形成候选、缺口或就绪回执。	2	2
特征_安全因果候选低置信数量	特征_安全因果候选低置信数量	自我动作实现.外设模块.ixx:6230	按函数名执行对应处理。	4	4
特征_安全因果候选前一特征值	特征_安全因果候选前一特征值	自我动作实现.外设模块.ixx:6279	按函数名执行对应处理。	4	4
特征_安全因果候选前一特征值缺口状态	特征_安全因果候选前一特征值缺口状态	自我动作实现.外设模块.ixx:6286	按函数名执行对应处理。	2	2
特征_安全因果候选变化方向	特征_安全因果候选变化方向	自我动作实现.外设模块.ixx:6293	按函数名执行对应处理。	2	2
特征_安全因果候选存在	特征_安全因果候选存在	自我动作实现.外设模块.ixx:6251	按函数名执行对应处理。	2	2
特征_安全因果候选序号	特征_安全因果候选序号	自我动作实现.外设模块.ixx:6244	按函数名执行对应处理。	3	3
特征_安全因果候选归因置信度	特征_安全因果候选归因置信度	自我动作实现.外设模块.ixx:6237	按函数名执行对应处理。	4	4
特征_安全因果候选归因证据状态	特征_安全因果候选归因证据状态	自我动作实现.外设模块.ixx:6321	按函数名执行对应处理。	2	2
特征_安全因果候选当前特征值	特征_安全因果候选当前特征值	自我动作实现.外设模块.ixx:6272	按函数名执行对应处理。	4	4
特征_安全因果候选当前特征值读取状态	特征_安全因果候选当前特征值读取状态	自我动作实现.外设模块.ixx:6265	从指定来源读取数据或状态。	2	2
特征_安全因果候选搜索未完成数量	特征_安全因果候选搜索未完成数量	自我动作实现.外设模块.ixx:6349	在候选范围内搜索目标对象或路径。	3	3
特征_安全因果候选数量	特征_安全因果候选数量	自我动作实现.外设模块.ixx:6223	按函数名执行对应处理。	4	4
特征_安全因果候选时间窗口	特征_安全因果候选时间窗口	自我动作实现.外设模块.ixx:6300	按函数名执行对应处理。	2	2
特征_安全因果候选材料缺口数量	特征_安全因果候选材料缺口数量	自我动作实现.外设模块.ixx:6342	按函数名执行对应处理。	4	4
特征_安全因果候选来源观察报告	特征_安全因果候选来源观察报告	自我动作实现.外设模块.ixx:6307	按函数名执行对应处理。	2	2
特征_安全因果候选构造状态	特征_安全因果候选构造状态	自我动作实现.外设模块.ixx:6195	按函数名执行对应处理。	9	9
特征_安全因果候选特征类型	特征_安全因果候选特征类型	自我动作实现.外设模块.ixx:6258	按函数名执行对应处理。	2	2
特征_安全因果候选相关自我关键特征	特征_安全因果候选相关自我关键特征	自我动作实现.外设模块.ixx:6314	按函数名执行对应处理。	2	2
特征_安全因果候选置信度	特征_安全因果候选置信度	自我动作实现.外设模块.ixx:6335	按函数名执行对应处理。	2	2
特征_安全因果候选负向证据状态	特征_安全因果候选负向证据状态	自我动作实现.外设模块.ixx:6328	按函数名执行对应处理。	2	2
特征_安全因果因素值	特征_安全因果因素值	自我动作实现.外设模块.ixx:6622	按函数名执行对应处理。	5	5
特征_安全因果因素冲突数量	特征_安全因果因素冲突数量	自我动作实现.外设模块.ixx:6580	按函数名执行对应处理。	8	6
特征_安全因果因素冲突数量_筹办	特征_安全因果因素冲突数量_筹办	任务模块.筹办.ixx:3195	推进任务筹办，形成候选、缺口或就绪回执。	2	2
特征_安全因果因素已入账状态	特征_安全因果因素已入账状态	自我动作实现.外设模块.ixx:6629	按函数名执行对应处理。	7	7
特征_安全因果因素归因证据数量	特征_安全因果因素归因证据数量	自我动作实现.外设模块.ixx:6566	按函数名执行对应处理。	6	4
特征_安全因果因素归因证据数量_筹办	特征_安全因果因素归因证据数量_筹办	任务模块.筹办.ixx:3181	推进任务筹办，形成候选、缺口或就绪回执。	2	2
特征_安全因果因素搜索置信度	特征_安全因果因素搜索置信度	自我动作实现.外设模块.ixx:6587	在候选范围内搜索目标对象或路径。	6	4
特征_安全因果因素搜索置信度_筹办	特征_安全因果因素搜索置信度_筹办	任务模块.筹办.ixx:3202	在候选范围内搜索目标对象或路径。	2	2
特征_安全因果因素搜索范围完整状态	特征_安全因果因素搜索范围完整状态	自我动作实现.外设模块.ixx:6538	在候选范围内搜索目标对象或路径。	6	4
特征_安全因果因素搜索范围完整状态_筹办	特征_安全因果因素搜索范围完整状态_筹办	任务模块.筹办.ixx:3153	在候选范围内搜索目标对象或路径。	2	2
特征_安全因果因素材料缺失数量	特征_安全因果因素材料缺失数量	自我动作实现.外设模块.ixx:6573	按函数名执行对应处理。	8	6
特征_安全因果因素材料缺失数量_筹办	特征_安全因果因素材料缺失数量_筹办	任务模块.筹办.ixx:3188	推进任务筹办，形成候选、缺口或就绪回执。	2	2
特征_安全因果因素正向证据数量	特征_安全因果因素正向证据数量	自我动作实现.外设模块.ixx:6552	按函数名执行对应处理。	6	4
特征_安全因果因素正向证据数量_筹办	特征_安全因果因素正向证据数量_筹办	任务模块.筹办.ixx:3167	推进任务筹办，形成候选、缺口或就绪回执。	2	2
特征_安全因果因素稳定性证据数量	特征_安全因果因素稳定性证据数量	自我动作实现.外设模块.ixx:6559	按函数名执行对应处理。	6	4
特征_安全因果因素稳定性证据数量_筹办	特征_安全因果因素稳定性证据数量_筹办	任务模块.筹办.ixx:3174	推进任务筹办，形成候选、缺口或就绪回执。	2	2
特征_安全因果因素证据搜索状态	特征_安全因果因素证据搜索状态	自我动作实现.外设模块.ixx:6531	在候选范围内搜索目标对象或路径。	14	12
特征_安全因果因素证据搜索状态_筹办	特征_安全因果因素证据搜索状态_筹办	任务模块.筹办.ixx:3146	在候选范围内搜索目标对象或路径。	2	2
特征_安全因果因素评估值候选	特征_安全因果因素评估值候选	自我动作实现.外设模块.ixx:6608	评估状态、风险、质量、权重或完成度。	8	6
特征_安全因果因素评估值候选_筹办	特征_安全因果因素评估值候选_筹办	任务模块.筹办.ixx:3209	评估状态、风险、质量、权重或完成度。	2	2
特征_安全因果因素评估值提交状态	特征_安全因果因素评估值提交状态	自我动作实现.外设模块.ixx:6615	提交事实、动态、任务状态或运行回执。	5	5
特征_安全因果因素负向证据数量	特征_安全因果因素负向证据数量	自我动作实现.外设模块.ixx:6545	按函数名执行对应处理。	7	5
特征_安全因果因素负向证据数量_筹办	特征_安全因果因素负向证据数量_筹办	任务模块.筹办.ixx:3160	推进任务筹办，形成候选、缺口或就绪回执。	2	2
特征_安全因果因素默认满足允许状态	特征_安全因果因素默认满足允许状态	自我动作实现.外设模块.ixx:6594	按函数名执行对应处理。	5	5
特征_安全因果因素默认满足提交状态	特征_安全因果因素默认满足提交状态	自我动作实现.外设模块.ixx:6601	提交事实、动态、任务状态或运行回执。	5	5
特征_安全因果搜索时间窗口	特征_安全因果搜索时间窗口	自我动作实现.外设模块.ixx:6524	在候选范围内搜索目标对象或路径。	5	3
特征_安全因果搜索时间窗口_筹办	特征_安全因果搜索时间窗口_筹办	任务模块.筹办.ixx:3139	在候选范围内搜索目标对象或路径。	2	2
特征_安全因果证据方向	特征_安全因果证据方向	自我动作实现.外设模块.ixx:6517	按函数名执行对应处理。	10	5
特征_安全因果证据方向_筹办	特征_安全因果证据方向_筹办	任务模块.筹办.ixx:3132	推进任务筹办，形成候选、缺口或就绪回执。	5	5
特征_安全影响因果明确状态	特征_安全影响因果明确状态	自我动作实现.外设模块.ixx:6202	按函数名执行对应处理。	3	3
特征_安全权限特征集合	特征_安全权限特征集合	自我动作实现.服务模块.ixx:93	按函数名执行对应处理。	2	2
特征_安全结算增量	特征_安全结算增量	自我动作实现.外设模块.ixx:796	结算任务、需求、价值或结果贡献。	7	1
特征_安全结算增量	特征_安全结算增量	自我动作实现模块.ixx:292	结算任务、需求、价值或结果贡献。	7	6
特征_安全评估存在序号	特征_安全评估存在序号	自我动作实现.外设模块.ixx:6741	评估状态、风险、质量、权重或完成度。	3	3
特征_安全评估证据不足原因	特征_安全评估证据不足原因	自我动作实现.外设模块.ixx:6790	评估状态、风险、质量、权重或完成度。	3	3
特征_安全调节	特征_安全调节	自我动作实现.服务模块.ixx:637	按函数名执行对应处理。	2	2
特征_完成度	特征_完成度	自我动作实现.服务模块.ixx:445	按函数名执行对应处理。	3	3
特征_实例缺失策略	特征_实例缺失策略	自我动作实现.外设模块.ixx:5384	按函数名执行对应处理。	2	1
特征_实例缺失策略	特征_实例缺失策略	自我动作实现模块.ixx:1792	按函数名执行对应处理。	2	1
特征_实参生成策略	特征_实参生成策略	自我动作实现.外设模块.ixx:5545	根据当前输入生成目标数据、场景、动态或回执。	6	1
特征_实参生成策略	特征_实参生成策略	自我动作实现模块.ixx:1953	根据当前输入生成目标数据、场景、动态或回执。	6	5
特征_实现方法虚拟存在	特征_实现方法虚拟存在	自我动作实现.服务模块.ixx:797	按函数名执行对应处理。	5	4
特征_实际执行差值	特征_实际执行差值	自我动作实现.外设模块.ixx:5412	执行任务、方法或动作的主体逻辑。	2	1
特征_实际执行差值	特征_实际执行差值	自我动作实现模块.ixx:1820	执行任务、方法或动作的主体逻辑。	2	1
特征_实际结果状态	特征_实际结果状态	自我动作实现.外设模块.ixx:817	按函数名执行对应处理。	12	1
特征_实际结果状态	特征_实际结果状态	自我动作实现模块.ixx:313	按函数名执行对应处理。	12	6
特征_实际结果状态_筹办	特征_实际结果状态_筹办	任务模块.筹办.ixx:3223	推进任务筹办，形成候选、缺口或就绪回执。	3	3
特征_实际结果状态值	特征_实际结果状态值	自我动作实现.扫描.ixx:694	按函数名执行对应处理。	2	2
特征_对齐目标	特征_对齐目标	自我动作实现.外设模块.ixx:2899	按函数名执行对应处理。	6	6
特征_尺寸变化量	特征_尺寸变化量	自我动作实现.外设模块.ixx:3739	按函数名执行对应处理。	3	3
特征_尺寸差	特征_尺寸差	自我动作实现.外设模块.ixx:3697	按函数名执行对应处理。	3	3
特征_局部像素索引状态	特征_局部像素索引状态	自我动作实现.外设模块.ixx:3585	按函数名执行对应处理。	2	2
特征_局部坐标原点X	特征_局部坐标原点X	自我动作实现.外设模块.ixx:3410	按函数名执行对应处理。	3	3
特征_局部坐标原点Y	特征_局部坐标原点Y	自我动作实现.外设模块.ixx:3417	按函数名执行对应处理。	3	3
特征_局部坐标原点Z	特征_局部坐标原点Z	自我动作实现.外设模块.ixx:3424	按函数名执行对应处理。	3	3
特征_局部观察切片	特征_局部观察切片	自我动作实现.外设模块.ixx:3557	按函数名执行对应处理。	4	4
特征_局部边界框宽度	特征_局部边界框宽度	自我动作实现.外设模块.ixx:3571	按函数名执行对应处理。	5	5
特征_局部边界框高度	特征_局部边界框高度	自我动作实现.外设模块.ixx:3578	按函数名执行对应处理。	5	5
特征_差值命中状态	特征_差值命中状态	自我动作实现.外设模块.ixx:5419	按函数名执行对应处理。	2	1
特征_差值命中状态	特征_差值命中状态	自我动作实现模块.ixx:1827	按函数名执行对应处理。	2	1
特征_差值约束包	特征_差值约束包	自我动作实现.外设模块.ixx:5349	按函数名执行对应处理。	3	1
特征_差值约束包	特征_差值约束包	自我动作实现模块.ixx:1757	按函数名执行对应处理。	3	2
特征_已写入特征数量	特征_已写入特征数量	自我动作实现.扫描.ixx:511	把处理结果写入指定对象、场景或日志。	2	2
特征_已写入状态动态数量	特征_已写入状态动态数量	自我动作实现.扫描.ixx:514	把处理结果写入指定对象、场景或日志。	3	3
特征_已取出数据项计数	特征_已取出数据项计数	自我动作实现.扫描.ixx:487	按函数名执行对应处理。	2	2
特征_已归属像素数	特征_已归属像素数	自我动作实现.外设模块.ixx:4446	按函数名执行对应处理。	3	3
特征_已归属存在当前特征_基准特征差异值	特征_已归属存在当前特征_基准特征差异值	自我动作实现.外设模块.ixx:4572	按函数名执行对应处理。	2	2
特征_已归属存在当前特征_基准特征差异状态	特征_已归属存在当前特征_基准特征差异状态	自我动作实现.外设模块.ixx:4565	按函数名执行对应处理。	2	2
特征_已归属存在特征值域冲突动态	特征_已归属存在特征值域冲突动态	自我动作实现.外设模块.ixx:4586	按函数名执行对应处理。	2	2
特征_已成功解析数据项计数	特征_已成功解析数据项计数	自我动作实现.扫描.ixx:490	解析输入文本、消息、场景或运行包。	2	2
特征_已知存在当前帧扫描状态	特征_已知存在当前帧扫描状态	自我动作实现.外设模块.ixx:5139	执行扫描相关材料获取、比较或提交逻辑。	4	4
特征_已知存在扫描区数量	特征_已知存在扫描区数量	自我动作实现.外设模块.ixx:5188	执行扫描相关材料获取、比较或提交逻辑。	3	3
特征_已确认存在ID	特征_已确认存在ID	自我动作实现.扫描.ixx:583	确认候选事实、存在、状态或运行结果。	2	2
特征_已确认观察存在层	特征_已确认观察存在层	自我动作实现.外设模块.ixx:3837	确认候选事实、存在、状态或运行结果。	3	3
特征_已确认观察存在提交入账状态	特征_已确认观察存在提交入账状态	自我动作实现.外设模块.ixx:5111	提交事实、动态、任务状态或运行回执。	3	3
特征_已确认观察存在生成条件明确状态	特征_已确认观察存在生成条件明确状态	自我动作实现.外设模块.ixx:4740	根据当前输入生成目标数据、场景、动态或回执。	4	4
特征_已稳定对应存在可观测单位数量	特征_已稳定对应存在可观测单位数量	自我动作实现.外设模块.ixx:4971	按函数名执行对应处理。	7	7
特征_已绑定实参表	特征_已绑定实参表	自我动作实现.外设模块.ixx:1090	建立对象、任务、方法或因果之间的绑定关系。	2	1
特征_已绑定实参表	特征_已绑定实参表	自我动作实现模块.ixx:599	建立对象、任务、方法或因果之间的绑定关系。	2	1
特征_已识别区域扫描入账状态	特征_已识别区域扫描入账状态	自我动作实现.外设模块.ixx:4551	执行扫描相关材料获取、比较或提交逻辑。	20	12
特征_已识别区域扫描入账状态	特征_已识别区域扫描入账状态	自我动作实现.扫描.ixx:709	执行扫描相关材料获取、比较或提交逻辑。	20	8
特征_已闭合处理数据项计数	特征_已闭合处理数据项计数	自我动作实现.扫描.ixx:493	按函数名执行对应处理。	3	3
特征_已验证观察存在	特征_已验证观察存在	自我动作实现.外设模块.ixx:5300	按函数名执行对应处理。	21	21
特征_已验证观察存在数量	特征_已验证观察存在数量	自我动作实现.外设模块.ixx:5314	按函数名执行对应处理。	13	13
特征_帧内编号回查可用状态	特征_帧内编号回查可用状态	自我动作实现.外设模块.ixx:2577	按函数名执行对应处理。	7	7
特征_帧解释状态	特征_帧解释状态	自我动作实现.外设模块.ixx:3305	按函数名执行对应处理。	9	9
特征_帧质量评分	特征_帧质量评分	自我动作实现.外设模块.ixx:2990	按函数名执行对应处理。	9	9
特征_平均深度	特征_平均深度	自我动作实现.外设模块.ixx:4012	按函数名执行对应处理。	7	7
特征_平均运行时长	特征_平均运行时长	自我动作实现.外设模块.ixx:1209	执行对应模块、线程或方法的运行逻辑。	4	2
特征_平均运行时长	特征_平均运行时长	自我动作实现模块.ixx:725	执行对应模块、线程或方法的运行逻辑。	4	2
特征_平面轮廓	特征_平面轮廓	自我动作实现.外设模块.ixx:4236	按函数名执行对应处理。	11	11
特征_平面轮廓状态	特征_平面轮廓状态	自我动作实现.外设模块.ixx:4243	按函数名执行对应处理。	4	4
特征_建议任务状态	特征_建议任务状态	自我动作实现.外设模块.ixx:929	按函数名执行对应处理。	5	1
特征_建议任务状态	特征_建议任务状态	自我动作实现模块.ixx:431	按函数名执行对应处理。	5	4
特征_建议任务阶段	特征_建议任务阶段	自我动作实现.外设模块.ixx:936	按函数名执行对应处理。	4	1
特征_建议任务阶段	特征_建议任务阶段	自我动作实现模块.ixx:438	按函数名执行对应处理。	4	3
特征_建议后续路径状态	特征_建议后续路径状态	自我动作实现.扫描.ixx:571	按函数名执行对应处理。	2	2
特征_开始时间	特征_开始时间	自我动作实现.外设模块.ixx:1578	按函数名执行对应处理。	15	4
特征_开始时间	特征_开始时间	自我动作实现.服务模块.ixx:813	按函数名执行对应处理。	15	7
特征_开始时间	特征_开始时间	自我动作实现模块.ixx:1094	按函数名执行对应处理。	15	4
特征_归因特征集合	特征_归因特征集合	自我动作实现.服务模块.ixx:85	按函数名执行对应处理。	2	2
特征_归属冲突像素数	特征_归属冲突像素数	自我动作实现.外设模块.ixx:4453	按函数名执行对应处理。	5	5
特征_当前交互者明确状态	特征_当前交互者明确状态	自我动作实现.外设模块.ixx:5741	按函数名执行对应处理。	2	1
特征_当前交互者明确状态	特征_当前交互者明确状态	自我动作实现模块.ixx:2170	按函数名执行对应处理。	2	1
特征_当前人类服务对象明确状态	特征_当前人类服务对象明确状态	自我动作实现.外设模块.ixx:5748	按函数名执行对应处理。	2	1
特征_当前人类服务对象明确状态	特征_当前人类服务对象明确状态	自我动作实现模块.ixx:2177	按函数名执行对应处理。	2	1
特征_当前值	特征_当前值	自我动作实现.外设模块.ixx:1076	按函数名执行对应处理。	2	1
特征_当前值	特征_当前值	自我动作实现模块.ixx:585	按函数名执行对应处理。	2	1
特征_当前命中抽象特征	特征_当前命中抽象特征	自我动作实现.外设模块.ixx:5433	按函数名执行对应处理。	2	1
特征_当前命中抽象特征	特征_当前命中抽象特征	自我动作实现模块.ixx:1841	按函数名执行对应处理。	2	1
特征_当前场景各存在安全评估明确状态	特征_当前场景各存在安全评估明确状态	自我动作实现.外设模块.ixx:6370	评估状态、风险、质量、权重或完成度。	5	5
特征_当前场景各存在特征值可读状态	特征_当前场景各存在特征值可读状态	自我动作实现.外设模块.ixx:5853	按函数名执行对应处理。	8	8
特征_当前场景存在集合明确状态	特征_当前场景存在集合明确状态	自我动作实现.外设模块.ixx:5846	按函数名执行对应处理。	3	3
特征_当前场景安全判定来源	特征_当前场景安全判定来源	自我动作实现.外设模块.ixx:6657	按函数名执行对应处理。	3	3
特征_当前场景安全判定状态	特征_当前场景安全判定状态	自我动作实现.外设模块.ixx:6650	按函数名执行对应处理。	6	6
特征_当前场景安全度候选	特征_当前场景安全度候选	自我动作实现.外设模块.ixx:6405	按函数名执行对应处理。	3	3
特征_当前场景安全度明确状态	特征_当前场景安全度明确状态	自我动作实现.外设模块.ixx:6356	按函数名执行对应处理。	5	5
特征_当前场景安全评估置信度	特征_当前场景安全评估置信度	自我动作实现.外设模块.ixx:6643	评估状态、风险、质量、权重或完成度。	3	3
特征_当前场景引用	特征_当前场景引用	自我动作实现.扫描.ixx:436	按函数名执行对应处理。	3	3
特征_当前场景扫描组合状态	特征_当前场景扫描组合状态	自我动作实现.扫描.ixx:716	执行扫描相关材料获取、比较或提交逻辑。	7	7
特征_当前场景持续观察样本数量	特征_当前场景持续观察样本数量	自我动作实现.外设模块.ixx:6391	按函数名执行对应处理。	4	4
特征_当前场景持续观察状态	特征_当前场景持续观察状态	自我动作实现.外设模块.ixx:6384	按函数名执行对应处理。	9	9
特征_当前场景持续观察需求明确状态	特征_当前场景持续观察需求明确状态	自我动作实现.外设模块.ixx:6377	按函数名执行对应处理。	14	14
特征_当前场景最低安全度存在	特征_当前场景最低安全度存在	自我动作实现.外设模块.ixx:6636	按函数名执行对应处理。	8	8
特征_当前场景最低安全度存在明确状态	特征_当前场景最低安全度存在明确状态	自我动作实现.外设模块.ixx:6363	按函数名执行对应处理。	5	5
特征_当前场景特征值冲突原因掩码	特征_当前场景特征值冲突原因掩码	自我动作实现.外设模块.ixx:5944	按函数名执行对应处理。	5	5
特征_当前场景特征值可读存在数量	特征_当前场景特征值可读存在数量	自我动作实现.外设模块.ixx:5881	按函数名执行对应处理。	4	4
特征_当前场景特征值可读材料门版本	特征_当前场景特征值可读材料门版本	自我动作实现.外设模块.ixx:5874	按函数名执行对应处理。	4	4
特征_当前场景特征值可读特征类型掩码	特征_当前场景特征值可读特征类型掩码	自我动作实现.外设模块.ixx:5923	按函数名执行对应处理。	3	3
特征_当前场景特征值明确状态	特征_当前场景特征值明确状态	自我动作实现.外设模块.ixx:5062	按函数名执行对应处理。	6	6
特征_当前场景特征值明确范围类型	特征_当前场景特征值明确范围类型	自我动作实现.外设模块.ixx:5860	按函数名执行对应处理。	3	3
特征_当前场景特征值材料冲突存在数量	特征_当前场景特征值材料冲突存在数量	自我动作实现.外设模块.ixx:5916	按函数名执行对应处理。	2	2
特征_当前场景特征值材料缺失存在数量	特征_当前场景特征值材料缺失存在数量	自我动作实现.外设模块.ixx:5902	按函数名执行对应处理。	2	2
特征_当前场景特征值材料过期存在数量	特征_当前场景特征值材料过期存在数量	自我动作实现.外设模块.ixx:5909	按函数名执行对应处理。	2	2
特征_当前场景特征值材料门序号	特征_当前场景特征值材料门序号	自我动作实现.外设模块.ixx:5951	按函数名执行对应处理。	3	3
特征_当前场景特征值缺口可解释状态	特征_当前场景特征值缺口可解释状态	自我动作实现.外设模块.ixx:5867	按函数名执行对应处理。	3	3
特征_当前场景特征值缺失原因掩码	特征_当前场景特征值缺失原因掩码	自我动作实现.外设模块.ixx:5930	按函数名执行对应处理。	5	5
特征_当前场景特征值证据不足存在数量	特征_当前场景特征值证据不足存在数量	自我动作实现.外设模块.ixx:5895	按函数名执行对应处理。	4	4
特征_当前场景特征值过期原因掩码	特征_当前场景特征值过期原因掩码	自我动作实现.外设模块.ixx:5937	按函数名执行对应处理。	5	5
特征_当前场景特征值部分可读存在数量	特征_当前场景特征值部分可读存在数量	自我动作实现.外设模块.ixx:5888	按函数名执行对应处理。	4	4
特征_当前场景直接伤害可能性候选	特征_当前场景直接伤害可能性候选	自我动作实现.外设模块.ixx:6419	按函数名执行对应处理。	3	3
特征_当前场景评估安全值候选	特征_当前场景评估安全值候选	自我动作实现.外设模块.ixx:6412	评估状态、风险、质量、权重或完成度。	3	3
特征_当前帧像素归属闭合状态	特征_当前帧像素归属闭合状态	自我动作实现.外设模块.ixx:5167	按函数名执行对应处理。	3	3
特征_当前帧像素特征索引	特征_当前帧像素特征索引	自我动作实现.外设模块.ixx:2465	按函数名执行对应处理。	9	9
特征_当前帧区域归属原因掩码	特征_当前帧区域归属原因掩码	自我动作实现.外设模块.ixx:5181	按函数名执行对应处理。	4	4
特征_当前帧区域归属状态	特征_当前帧区域归属状态	自我动作实现.外设模块.ixx:5174	按函数名执行对应处理。	5	5
特征_当前帧轮廓冲突区域明确状态	特征_当前帧轮廓冲突区域明确状态	自我动作实现.外设模块.ixx:5160	按函数名执行对应处理。	4	4
特征_当前帧轮廓分区状态	特征_当前帧轮廓分区状态	自我动作实现.外设模块.ixx:5132	按函数名执行对应处理。	6	6
特征_当前帧遮挡判断状态	特征_当前帧遮挡判断状态	自我动作实现.外设模块.ixx:5153	判断条件、状态或业务结果是否成立。	4	4
特征_当前方法执行情况	特征_当前方法执行情况	自我动作实现.外设模块.ixx:1020	执行任务、方法或动作的主体逻辑。	2	1
特征_当前方法执行情况	特征_当前方法执行情况	自我动作实现模块.ixx:529	执行任务、方法或动作的主体逻辑。	2	1
特征_当前方法运行存在	特征_当前方法运行存在	自我动作实现.外设模块.ixx:1013	执行对应模块、线程或方法的运行逻辑。	48	35
特征_当前方法运行存在	特征_当前方法运行存在	自我动作实现.服务模块.ixx:293	执行对应模块、线程或方法的运行逻辑。	48	2
特征_当前方法运行存在	特征_当前方法运行存在	自我动作实现模块.ixx:522	执行对应模块、线程或方法的运行逻辑。	48	5
特征_当前服务目标明确状态	特征_当前服务目标明确状态	自我动作实现.外设模块.ixx:5762	按函数名执行对应处理。	2	1
特征_当前服务目标明确状态	特征_当前服务目标明确状态	自我动作实现模块.ixx:2191	按函数名执行对应处理。	2	1
特征_当前权限者明确状态	特征_当前权限者明确状态	自我动作实现.外设模块.ixx:5755	按函数名执行对应处理。	2	1
特征_当前权限者明确状态	特征_当前权限者明确状态	自我动作实现模块.ixx:2184	按函数名执行对应处理。	2	1
特征_当前状态值	特征_当前状态值	自我动作实现.扫描.ixx:688	按函数名执行对应处理。	2	2
特征_当前观察候选存在验证状态	特征_当前观察候选存在验证状态	自我动作实现.外设模块.ixx:4733	按函数名执行对应处理。	4	4
特征_当前观察场景	特征_当前观察场景	自我动作实现.外设模块.ixx:2171	按函数名执行对应处理。	6	5
特征_当前观察场景	特征_当前观察场景	自我动作实现模块.ixx:1687	按函数名执行对应处理。	6	1
特征_当前观察存在	特征_当前观察存在	自我动作实现.外设模块.ixx:3648	按函数名执行对应处理。	14	14
特征_当前观察帧	特征_当前观察帧	自我动作实现.外设模块.ixx:2381	按函数名执行对应处理。	31	31
特征_当前观察帧存在	特征_当前观察帧存在	自我动作实现.外设模块.ixx:2409	按函数名执行对应处理。	8	8
特征_当前观察帧存在状态	特征_当前观察帧存在状态	自我动作实现.外设模块.ixx:2416	按函数名执行对应处理。	4	4
特征_当前观察帧观察年龄	特征_当前观察帧观察年龄	自我动作实现.外设模块.ixx:2626	按函数名执行对应处理。	5	5
特征_当前观察帧采集时间	特征_当前观察帧采集时间	自我动作实现.外设模块.ixx:2619	按函数名执行对应处理。	8	8
特征_当前观察新鲜度状态	特征_当前观察新鲜度状态	自我动作实现.外设模块.ixx:2612	按函数名执行对应处理。	6	6
特征_当前观察材料集取得状态	特征_当前观察材料集取得状态	自我动作实现.外设模块.ixx:2402	取得指定对象、状态或运行材料。	6	6
特征_当前观察特征帧	特征_当前观察特征帧	自我动作实现.外设模块.ixx:2388	按函数名执行对应处理。	12	12
特征_当前观察特征帧取得状态	特征_当前观察特征帧取得状态	自我动作实现.外设模块.ixx:2395	取得指定对象、状态或运行材料。	7	7
特征_当前观察范围可观测单位存在对应事实	特征_当前观察范围可观测单位存在对应事实	自我动作实现.外设模块.ixx:4950	按函数名执行对应处理。	10	10
特征_当前观察范围可观测单位存在对应事实提交状态	特征_当前观察范围可观测单位存在对应事实提交状态	自我动作实现.外设模块.ixx:4957	提交事实、动态、任务状态或运行回执。	7	7
特征_当前观察范围可观测单位存在对应缺口可解释状态	特征_当前观察范围可观测单位存在对应缺口可解释状态	自我动作实现.外设模块.ixx:5055	按函数名执行对应处理。	4	4
特征_当前观察范围可观测单位存在对应闭合状态	特征_当前观察范围可观测单位存在对应闭合状态	自我动作实现.外设模块.ixx:5041	按函数名执行对应处理。	6	6
特征_当前观察范围可观测单位存在稳定对应事实取得状态	特征_当前观察范围可观测单位存在稳定对应事实取得状态	自我动作实现.外设模块.ixx:5027	取得指定对象、状态或运行材料。	10	10
特征_当前观察范围有效可观测单位数量	特征_当前观察范围有效可观测单位数量	自我动作实现.外设模块.ixx:4964	按函数名执行对应处理。	6	6
特征_当前观察范围有效可观测单位计数事实取得状态	特征_当前观察范围有效可观测单位计数事实取得状态	自我动作实现.外设模块.ixx:5020	取得指定对象、状态或运行材料。	6	6
特征_当前阻塞状态	特征_当前阻塞状态	自我动作实现模块.ixx:494	等待线程、任务、外设或条件变化。	2	2
特征_形参表	特征_形参表	自我动作实现.外设模块.ixx:705	按函数名执行对应处理。	12	2
特征_形参表	特征_形参表	自我动作实现.服务模块.ixx:61	按函数名执行对应处理。	12	2
特征_形参表	特征_形参表	自我动作实现模块.ixx:124	按函数名执行对应处理。	12	6
特征_形参表_筹办	特征_形参表_筹办	任务模块.筹办.ixx:3279	推进任务筹办，形成候选、缺口或就绪回执。	2	2
特征_彩图	特征_彩图	自我动作实现.外设模块.ixx:4215	按函数名执行对应处理。	9	9
特征_彩图轮廓数量	特征_彩图轮廓数量	自我动作实现.外设模块.ixx:3130	按函数名执行对应处理。	6	6
特征_彩色帧号	特征_彩色帧号	自我动作实现.外设模块.ixx:2367	按函数名执行对应处理。	12	11
特征_彩色帧号	特征_彩色帧号	自我动作实现模块.ixx:1729	按函数名执行对应处理。	12	1
特征_彩色深度对齐状态	特征_彩色深度对齐状态	自我动作实现.外设模块.ixx:3109	按函数名执行对应处理。	6	6
特征_彩色深度已对齐	特征_彩色深度已对齐	自我动作实现.外设模块.ixx:2892	按函数名执行对应处理。	6	6
特征_待合并空间候选数量	特征_待合并空间候选数量	自我动作实现.外设模块.ixx:4075	按函数名执行对应处理。	3	3
特征_待处理方法数量	特征_待处理方法数量	自我动作实现.外设模块.ixx:1646	按函数名执行对应处理。	2	1
特征_待处理方法数量	特征_待处理方法数量	自我动作实现模块.ixx:1162	按函数名执行对应处理。	2	1
特征_待拆分空间候选数量	特征_待拆分空间候选数量	自我动作实现.外设模块.ixx:4068	按函数名执行对应处理。	3	3
特征_待补观察区域数量	特征_待补观察区域数量	自我动作实现.外设模块.ixx:3256	按函数名执行对应处理。	11	11
特征_待配对形参表	特征_待配对形参表	自我动作实现.外设模块.ixx:1975	按函数名执行对应处理。	2	1
特征_待配对形参表	特征_待配对形参表	自我动作实现模块.ixx:1491	按函数名执行对应处理。	2	1
特征_待重识别区数量	特征_待重识别区数量	自我动作实现.外设模块.ixx:5209	执行识别相关匹配、确认或结果输出逻辑。	3	3
特征_待验证候选数量	特征_待验证候选数量	自我动作实现.外设模块.ixx:3284	按函数名执行对应处理。	7	7
特征_必需条件特征类型数量	特征_必需条件特征类型数量	自我动作实现.外设模块.ixx:663	按函数名执行对应处理。	5	2
特征_必需条件特征类型数量	特征_必需条件特征类型数量	自我动作实现模块.ixx:82	按函数名执行对应处理。	5	3
特征_快照状态	特征_快照状态	自我动作实现.外设模块.ixx:3788	按函数名执行对应处理。	6	6
特征_总匹配距离	特征_总匹配距离	自我动作实现.外设模块.ixx:1968	按函数名执行对应处理。	2	1
特征_总匹配距离	特征_总匹配距离	自我动作实现模块.ixx:1484	按函数名执行对应处理。	2	1
特征_成功匹配数量	特征_成功匹配数量	自我动作实现.外设模块.ixx:1989	按函数名执行对应处理。	2	1
特征_成功匹配数量	特征_成功匹配数量	自我动作实现模块.ixx:1505	按函数名执行对应处理。	2	1
特征_成功服务候选池	特征_成功服务候选池	自我动作实现.服务模块.ixx:509	按函数名执行对应处理。	4	3
特征_成功服务候选状态	特征_成功服务候选状态	自我动作实现.服务模块.ixx:429	按函数名执行对应处理。	9	9
特征_成功服务候选记录	特征_成功服务候选记录	自我动作实现.服务模块.ixx:517	记录日志、动态、证据或运行痕迹。	3	3
特征_成功服务层级	特征_成功服务层级	自我动作实现.服务模块.ixx:437	按函数名执行对应处理。	6	6
特征_成功服务治理视图	特征_成功服务治理视图	自我动作实现.服务模块.ixx:397	按函数名执行对应处理。	6	6
特征_成员存在集合	特征_成员存在集合	自我动作实现.外设模块.ixx:3606	按函数名执行对应处理。	6	6
特征_所属父存在	特征_所属父存在	自我动作实现.外设模块.ixx:3396	按函数名执行对应处理。	5	5
特征_执行前值	特征_执行前值	自我动作实现.外设模块.ixx:1592	执行任务、方法或动作的主体逻辑。	4	2
特征_执行前值	特征_执行前值	自我动作实现模块.ixx:1108	执行任务、方法或动作的主体逻辑。	4	2
特征_执行前值快照	特征_执行前值快照	自我动作实现.外设模块.ixx:5370	执行任务、方法或动作的主体逻辑。	2	1
特征_执行前值快照	特征_执行前值快照	自我动作实现模块.ixx:1778	执行任务、方法或动作的主体逻辑。	2	1
特征_执行后值	特征_执行后值	自我动作实现.外设模块.ixx:1599	执行任务、方法或动作的主体逻辑。	2	1
特征_执行后值	特征_执行后值	自我动作实现模块.ixx:1115	执行任务、方法或动作的主体逻辑。	2	1
特征_执行回执表	特征_执行回执表	自我动作实现.外设模块.ixx:915	执行任务、方法或动作的主体逻辑。	6	1
特征_执行回执表	特征_执行回执表	自我动作实现模块.ixx:417	执行任务、方法或动作的主体逻辑。	6	5
特征_执行差值	特征_执行差值	任务模块.筹办.ixx:3111	执行任务、方法或动作的主体逻辑。	10	2
特征_执行差值	特征_执行差值	自我动作实现.外设模块.ixx:5356	执行任务、方法或动作的主体逻辑。	10	1
特征_执行差值	特征_执行差值	自我动作实现模块.ixx:1764	执行任务、方法或动作的主体逻辑。	10	7
特征_执行结果类型	特征_执行结果类型	自我动作实现.外设模块.ixx:971	执行任务、方法或动作的主体逻辑。	9	1
特征_执行结果类型	特征_执行结果类型	自我动作实现模块.ixx:473	执行任务、方法或动作的主体逻辑。	9	3
特征_执行缺口类型	特征_执行缺口类型	自我动作实现.外设模块.ixx:985	执行任务、方法或动作的主体逻辑。	10	2
特征_执行缺口类型	特征_执行缺口类型	自我动作实现模块.ixx:487	执行任务、方法或动作的主体逻辑。	10	5
特征_扫描主动因果信息数量	特征_扫描主动因果信息数量	自我动作实现.扫描.ixx:744	记录日志、动态、证据或运行痕迹。	7	7
特征_扫描主动因果信息状态	特征_扫描主动因果信息状态	自我动作实现.扫描.ixx:751	记录日志、动态、证据或运行痕迹。	9	9
特征_扫描可启动状态	特征_扫描可启动状态	自我动作实现.外设模块.ixx:5048	启动线程、模块或运行流程。	11	11
特征_扫描基准特征状态	特征_扫描基准特征状态	自我动作实现.外设模块.ixx:4558	执行扫描相关材料获取、比较或提交逻辑。	3	3
特征_扫描治理输出状态	特征_扫描治理输出状态	自我动作实现.扫描.ixx:556	执行扫描相关材料获取、比较或提交逻辑。	5	5
特征_扫描状态变化动作动态数量	特征_扫描状态变化动作动态数量	自我动作实现.扫描.ixx:737	记录日志、动态、证据或运行痕迹。	6	6
特征_扫描空间位置变化量	特征_扫描空间位置变化量	自我动作实现.扫描.ixx:730	记录日志、动态、证据或运行痕迹。	2	2
特征_扫描范围状态	特征_扫描范围状态	自我动作实现.扫描.ixx:451	执行扫描相关材料获取、比较或提交逻辑。	2	2
特征_扫描运行存在指针	特征_扫描运行存在指针	自我动作实现.扫描.ixx:679	执行对应模块、线程或方法的运行逻辑。	2	2
特征_扫描运行状态	特征_扫描运行状态	自我动作实现.扫描.ixx:454	执行对应模块、线程或方法的运行逻辑。	4	4
特征_扫描闭合状态	特征_扫描闭合状态	自我动作实现.扫描.ixx:457	执行扫描相关材料获取、比较或提交逻辑。	4	4
特征_投影范围最大X	特征_投影范围最大X	自我动作实现.外设模块.ixx:3991	按函数名执行对应处理。	9	9
特征_投影范围最大Y	特征_投影范围最大Y	自我动作实现.外设模块.ixx:4005	按函数名执行对应处理。	9	9
特征_投影范围最小X	特征_投影范围最小X	自我动作实现.外设模块.ixx:3984	按函数名执行对应处理。	9	9
特征_投影范围最小Y	特征_投影范围最小Y	自我动作实现.外设模块.ixx:3998	按函数名执行对应处理。	9	9
特征_投影覆盖率	特征_投影覆盖率	自我动作实现.外设模块.ixx:4390	按函数名执行对应处理。	7	7
特征_投影轮廓状态	特征_投影轮廓状态	自我动作实现.外设模块.ixx:4229	按函数名执行对应处理。	3	3
特征_抽象特征引用	特征_抽象特征引用	自我动作实现.外设模块.ixx:1730	按函数名执行对应处理。	4	1
特征_抽象特征引用	特征_抽象特征引用	自我动作实现模块.ixx:1246	按函数名执行对应处理。	4	3
特征_指定存在跟踪事实提交状态	特征_指定存在跟踪事实提交状态	自我动作实现.外设模块.ixx:4593	提交事实、动态、任务状态或运行回执。	6	6
特征_接口状态	特征_接口状态	自我动作实现.外设模块.ixx:3438	按函数名执行对应处理。	5	5
特征_改变方向	特征_改变方向	自我动作实现.外设模块.ixx:1083	按函数名执行对应处理。	5	1
特征_改变方向	特征_改变方向	自我动作实现模块.ixx:592	按函数名执行对应处理。	5	4
特征_改变量	特征_改变量	自我动作实现.外设模块.ixx:1633	按函数名执行对应处理。	2	1
特征_改变量	特征_改变量	自我动作实现模块.ixx:1149	按函数名执行对应处理。	2	1
特征_效果表	特征_效果表	自我动作实现.外设模块.ixx:726	按函数名执行对应处理。	2	1
特征_效果表	特征_效果表	自我动作实现模块.ixx:145	按函数名执行对应处理。	2	1
特征_数据项ID	特征_数据项ID	自我动作实现.扫描.ixx:574	按函数名执行对应处理。	3	3
特征_数据项类别	特征_数据项类别	自我动作实现.扫描.ixx:577	按函数名执行对应处理。	2	2
特征_新安全值	特征_新安全值	自我动作实现.外设模块.ixx:866	按函数名执行对应处理。	4	1
特征_新安全值	特征_新安全值	自我动作实现模块.ixx:362	按函数名执行对应处理。	4	3
特征_新服务值	特征_新服务值	自我动作实现.外设模块.ixx:880	按函数名执行对应处理。	4	1
特征_新服务值	特征_新服务值	自我动作实现模块.ixx:376	按函数名执行对应处理。	4	3
特征_新结果分支数量	特征_新结果分支数量	自我动作实现模块.ixx:676	按函数名执行对应处理。	6	6
特征_新识别区数量	特征_新识别区数量	自我动作实现.外设模块.ixx:5195	执行识别相关匹配、确认或结果输出逻辑。	3	3
特征_新鲜度判定时间	特征_新鲜度判定时间	自我动作实现.外设模块.ixx:2640	按函数名执行对应处理。	5	5
特征_新鲜度失败原因	特征_新鲜度失败原因	自我动作实现.外设模块.ixx:2661	按函数名执行对应处理。	5	5
特征_方法动作数量	特征_方法动作数量	自我动作实现模块.ixx:2078	按函数名执行对应处理。	10	10
特征_方法动作状态	特征_方法动作状态	自我动作实现.外设模块.ixx:5663	按函数名执行对应处理。	17	1
特征_方法动作状态	特征_方法动作状态	自我动作实现模块.ixx:2071	按函数名执行对应处理。	17	14
特征_方法可执行入口数量	特征_方法可执行入口数量	自我动作实现.外设模块.ixx:5670	执行任务、方法或动作的主体逻辑。	15	1
特征_方法可执行入口数量	特征_方法可执行入口数量	自我动作实现模块.ixx:2085	执行任务、方法或动作的主体逻辑。	15	14
特征_方法成功次数	特征_方法成功次数	自我动作实现.外设模块.ixx:1188	按函数名执行对应处理。	8	3
特征_方法成功次数	特征_方法成功次数	自我动作实现模块.ixx:704	按函数名执行对应处理。	8	5
特征_方法执行情况	特征_方法执行情况	自我动作实现.外设模块.ixx:1307	执行任务、方法或动作的主体逻辑。	9	2
特征_方法执行情况	特征_方法执行情况	自我动作实现模块.ixx:823	执行任务、方法或动作的主体逻辑。	9	4
特征_方法执行情况状态	特征_方法执行情况状态	自我动作实现.扫描.ixx:589	执行任务、方法或动作的主体逻辑。	3	3
特征_方法搜索根	特征_方法搜索根	自我动作实现.外设模块.ixx:1681	在候选范围内搜索目标对象或路径。	2	1
特征_方法搜索根	特征_方法搜索根	自我动作实现模块.ixx:1197	在候选范围内搜索目标对象或路径。	2	1
特征_方法最近连续成功次数	特征_方法最近连续成功次数	自我动作实现.外设模块.ixx:1195	按函数名执行对应处理。	15	3
特征_方法最近连续成功次数	特征_方法最近连续成功次数	自我动作实现模块.ixx:711	按函数名执行对应处理。	15	9
特征_方法条件结果对数量	特征_方法条件结果对数量	自我动作实现模块.ixx:2106	按函数名执行对应处理。	8	8
特征_方法条件结果配对状态	特征_方法条件结果配对状态	自我动作实现.外设模块.ixx:5677	按函数名执行对应处理。	8	1
特征_方法条件结果配对状态	特征_方法条件结果配对状态	自我动作实现模块.ixx:2099	按函数名执行对应处理。	8	7
特征_方法条件节点	特征_方法条件节点	自我动作实现.外设模块.ixx:1613	按函数名执行对应处理。	16	1
特征_方法条件节点	特征_方法条件节点	自我动作实现模块.ixx:1129	按函数名执行对应处理。	16	15
特征_方法条件节点数量	特征_方法条件节点数量	自我动作实现模块.ixx:2092	按函数名执行对应处理。	3	3
特征_方法状态	特征_方法状态	自我动作实现.外设模块.ixx:5656	按函数名执行对应处理。	31	5
特征_方法状态	特征_方法状态	自我动作实现.外设模块.ixx:8053	按函数名执行对应处理。	31	5
特征_方法状态	特征_方法状态	自我动作实现模块.ixx:2064	按函数名执行对应处理。	31	20
特征_方法状态	特征_方法状态	自我动作实现模块.ixx:2979	按函数名执行对应处理。	31	20
特征_方法稳定状态	特征_方法稳定状态	自我动作实现.外设模块.ixx:5691	按函数名执行对应处理。	6	2
特征_方法稳定状态	特征_方法稳定状态	自我动作实现模块.ixx:2120	按函数名执行对应处理。	6	4
特征_方法结果节点	特征_方法结果节点	自我动作实现.外设模块.ixx:1620	按函数名执行对应处理。	11	1
特征_方法结果节点	特征_方法结果节点	自我动作实现模块.ixx:1136	按函数名执行对应处理。	11	10
特征_方法能力包	特征_方法能力包	自我动作实现.外设模块.ixx:1688	按函数名执行对应处理。	3	1
特征_方法能力包	特征_方法能力包	自我动作实现模块.ixx:1204	按函数名执行对应处理。	3	2
特征_方法虚拟存在	特征_方法虚拟存在	自我动作实现.外设模块.ixx:1571	按函数名执行对应处理。	4	2
特征_方法虚拟存在	特征_方法虚拟存在	自我动作实现模块.ixx:1087	按函数名执行对应处理。	4	2
特征_方法补齐尝试结果	特征_方法补齐尝试结果	自我动作实现.外设模块.ixx:5475	补齐条件、参数、证据或方法能力缺口。	6	1
特征_方法补齐尝试结果	特征_方法补齐尝试结果	自我动作实现模块.ixx:1883	补齐条件、参数、证据或方法能力缺口。	6	5
特征_方法补齐状态	特征_方法补齐状态	自我动作实现.外设模块.ixx:5482	补齐条件、参数、证据或方法能力缺口。	8	1
特征_方法补齐状态	特征_方法补齐状态	自我动作实现模块.ixx:1890	补齐条件、参数、证据或方法能力缺口。	8	7
特征_方法补齐类别	特征_方法补齐类别	自我动作实现.外设模块.ixx:5559	补齐条件、参数、证据或方法能力缺口。	10	1
特征_方法补齐类别	特征_方法补齐类别	自我动作实现模块.ixx:1967	补齐条件、参数、证据或方法能力缺口。	10	9
特征_方法补齐结构状态	特征_方法补齐结构状态	自我动作实现.外设模块.ixx:5649	补齐条件、参数、证据或方法能力缺口。	11	1
特征_方法补齐结构状态	特征_方法补齐结构状态	自我动作实现模块.ixx:2057	补齐条件、参数、证据或方法能力缺口。	11	10
特征_方法调用动作动态	特征_方法调用动作动态	自我动作实现.服务模块.ixx:269	按函数名执行对应处理。	2	2
特征_方法运行存在	特征_方法运行存在	自我动作实现.服务模块.ixx:805	执行对应模块、线程或方法的运行逻辑。	6	6
特征_方法运行次数	特征_方法运行次数	自我动作实现.外设模块.ixx:1181	执行对应模块、线程或方法的运行逻辑。	8	3
特征_方法运行次数	特征_方法运行次数	自我动作实现模块.ixx:697	执行对应模块、线程或方法的运行逻辑。	8	5
特征_方法运行结果	特征_方法运行结果	自我动作实现.外设模块.ixx:999	执行对应模块、线程或方法的运行逻辑。	5	2
特征_方法运行结果	特征_方法运行结果	自我动作实现模块.ixx:508	执行对应模块、线程或方法的运行逻辑。	5	3
特征_方法运行结果状态	特征_方法运行结果状态	自我动作实现.外设模块.ixx:1006	执行对应模块、线程或方法的运行逻辑。	3	1
特征_方法运行结果状态	特征_方法运行结果状态	自我动作实现模块.ixx:515	执行对应模块、线程或方法的运行逻辑。	3	2
特征_方法运行账完整性	特征_方法运行账完整性	自我动作实现.外设模块.ixx:5684	执行对应模块、线程或方法的运行逻辑。	3	1
特征_方法运行账完整性	特征_方法运行账完整性	自我动作实现模块.ixx:2113	执行对应模块、线程或方法的运行逻辑。	3	2
特征_方法配对结果	特征_方法配对结果	自我动作实现.外设模块.ixx:1821	按函数名执行对应处理。	2	1
特征_方法配对结果	特征_方法配对结果	自我动作实现模块.ixx:1337	按函数名执行对应处理。	2	1
特征_无伤害共处时长	特征_无伤害共处时长	自我动作实现.外设模块.ixx:6699	按函数名执行对应处理。	3	3
特征_无有效深度来源像素数量	特征_无有效深度来源像素数量	自我动作实现.外设模块.ixx:2773	按函数名执行对应处理。	6	6
特征_旧安全值	特征_旧安全值	自我动作实现.外设模块.ixx:859	按函数名执行对应处理。	4	1
特征_旧安全值	特征_旧安全值	自我动作实现模块.ixx:355	按函数名执行对应处理。	4	3
特征_旧服务值	特征_旧服务值	自我动作实现.外设模块.ixx:873	按函数名执行对应处理。	4	1
特征_旧服务值	特征_旧服务值	自我动作实现模块.ixx:369	按函数名执行对应处理。	4	3
特征_映射稳定性状态	特征_映射稳定性状态	自我动作实现.外设模块.ixx:5006	按函数名执行对应处理。	4	4
特征_映射缺口原因掩码	特征_映射缺口原因掩码	自我动作实现.外设模块.ixx:5013	按函数名执行对应处理。	3	3
特征_是否允许当前方法自身	特征_是否允许当前方法自身	自我动作实现.外设模块.ixx:1814	按函数名执行对应处理。	2	1
特征_是否允许当前方法自身	特征_是否允许当前方法自身	自我动作实现模块.ixx:1330	按函数名执行对应处理。	2	1
特征_是否包含禁用方法	特征_是否包含禁用方法	自我动作实现.外设模块.ixx:1807	按函数名执行对应处理。	2	1
特征_是否包含禁用方法	特征_是否包含禁用方法	自我动作实现模块.ixx:1323	按函数名执行对应处理。	2	1
特征_是否发生溢出	特征_是否发生溢出	自我动作实现.外设模块.ixx:5426	按函数名执行对应处理。	2	1
特征_是否发生溢出	特征_是否发生溢出	自我动作实现模块.ixx:1834	按函数名执行对应处理。	2	1
特征_是否必需	特征_是否必需	自我动作实现.外设模块.ixx:1118	按函数名执行对应处理。	10	2
特征_是否必需	特征_是否必需	自我动作实现.服务模块.ixx:821	按函数名执行对应处理。	10	2
特征_是否必需	特征_是否必需	自我动作实现模块.ixx:627	按函数名执行对应处理。	10	4
特征_是否必需_筹办	特征_是否必需_筹办	任务模块.筹办.ixx:3286	推进任务筹办，形成候选、缺口或就绪回执。	2	2
特征_最大候选数量	特征_最大候选数量	自我动作实现.外设模块.ixx:1793	按函数名执行对应处理。	3	1
特征_最大候选数量	特征_最大候选数量	自我动作实现模块.ixx:1309	按函数名执行对应处理。	3	2
特征_最大值域抽象层数	特征_最大值域抽象层数	自我动作实现.外设模块.ixx:1786	按函数名执行对应处理。	2	1
特征_最大值域抽象层数	特征_最大值域抽象层数	自我动作实现模块.ixx:1302	按函数名执行对应处理。	2	1
特征_最大允许观察年龄	特征_最大允许观察年龄	自我动作实现.外设模块.ixx:2633	按函数名执行对应处理。	8	8
特征_最大查找递归深度	特征_最大查找递归深度	自我动作实现.外设模块.ixx:1800	按条件查找目标对象、方法或事实。	2	1
特征_最大查找递归深度	特征_最大查找递归深度	自我动作实现模块.ixx:1316	按条件查找目标对象、方法或事实。	2	1
特征_最大类型抽象层数	特征_最大类型抽象层数	自我动作实现.外设模块.ixx:1779	按函数名执行对应处理。	2	1
特征_最大类型抽象层数	特征_最大类型抽象层数	自我动作实现模块.ixx:1295	按函数名执行对应处理。	2	1
特征_最近完成时间	特征_最近完成时间	自我动作实现.外设模块.ixx:1230	按函数名执行对应处理。	10	2
特征_最近完成时间	特征_最近完成时间	自我动作实现模块.ixx:746	按函数名执行对应处理。	10	2
特征_最近执行时间	特征_最近执行时间	自我动作实现.外设模块.ixx:1223	执行任务、方法或动作的主体逻辑。	10	2
特征_最近执行时间	特征_最近执行时间	自我动作实现模块.ixx:739	执行任务、方法或动作的主体逻辑。	10	2
特征_最近样本时间	特征_最近样本时间	自我动作实现.外设模块.ixx:1146	按函数名执行对应处理。	6	1
特征_最近样本时间	特征_最近样本时间	自我动作实现模块.ixx:655	按函数名执行对应处理。	6	5
特征_最近深度	特征_最近深度	自我动作实现.外设模块.ixx:4019	按函数名执行对应处理。	4	4
特征_最近直接伤害归因时间	特征_最近直接伤害归因时间	自我动作实现.外设模块.ixx:6692	按函数名执行对应处理。	3	3
特征_最近结算时间	特征_最近结算时间	自我动作实现.外设模块.ixx:789	结算任务、需求、价值或结果贡献。	2	1
特征_最近结算时间	特征_最近结算时间	自我动作实现模块.ixx:285	结算任务、需求、价值或结果贡献。	2	1
特征_最近运行虚拟存在	特征_最近运行虚拟存在	自我动作实现.外设模块.ixx:1216	执行对应模块、线程或方法的运行逻辑。	8	2
特征_最近运行虚拟存在	特征_最近运行虚拟存在	自我动作实现模块.ixx:732	执行对应模块、线程或方法的运行逻辑。	8	4
特征_最远深度	特征_最远深度	自我动作实现.外设模块.ixx:4026	按函数名执行对应处理。	4	4
特征_最高允许宿主类型	特征_最高允许宿主类型	自我动作实现.外设模块.ixx:1758	按函数名执行对应处理。	2	1
特征_最高允许宿主类型	特征_最高允许宿主类型	自我动作实现模块.ixx:1274	按函数名执行对应处理。	2	1
特征_最高允许目标特征类型	特征_最高允许目标特征类型	自我动作实现.外设模块.ixx:1751	按函数名执行对应处理。	2	1
特征_最高允许目标特征类型	特征_最高允许目标特征类型	自我动作实现模块.ixx:1267	按函数名执行对应处理。	2	1
特征_有效性	特征_有效性	自我动作实现.服务模块.ixx:453	按函数名执行对应处理。	3	3
特征_服务业务动作动态	特征_服务业务动作动态	自我动作实现.服务模块.ixx:253	按函数名执行对应处理。	6	5
特征_服务值	特征_服务值	自我动作实现.外设模块.ixx:1640	按函数名执行对应处理。	14	1
特征_服务值	特征_服务值	自我动作实现模块.ixx:1156	按函数名执行对应处理。	14	1
特征_服务值_筹办	特征_服务值_筹办	任务模块.筹办.ixx:2255	推进任务筹办，形成候选、缺口或就绪回执。	2	2
特征_服务值上限	特征_服务值上限	自我动作实现.服务模块.ixx:645	按函数名执行对应处理。	2	2
特征_服务值入账增量	特征_服务值入账增量	自我动作实现.服务模块.ixx:661	按函数名执行对应处理。	3	3
特征_服务值结算动作动态	特征_服务值结算动作动态	自我动作实现.服务模块.ixx:677	结算任务、需求、价值或结果贡献。	5	2
特征_服务前后状态发生变化	特征_服务前后状态发生变化	自我动作实现.服务模块.ixx:245	按函数名执行对应处理。	4	3
特征_服务前后状态可比较	特征_服务前后状态可比较	自我动作实现.服务模块.ixx:237	比较当前值、目标值或历史基准。	4	3
特征_服务前状态	特征_服务前状态	自我动作实现.服务模块.ixx:221	按函数名执行对应处理。	6	3
特征_服务前状态场景	特征_服务前状态场景	自我动作实现.外设模块.ixx:6818	按函数名执行对应处理。	2	1
特征_服务前状态场景	特征_服务前状态场景	自我动作实现模块.ixx:2261	按函数名执行对应处理。	2	1
特征_服务后状态	特征_服务后状态	自我动作实现.服务模块.ixx:229	按函数名执行对应处理。	4	3
特征_服务字段缺口	特征_服务字段缺口	自我动作实现.服务模块.ixx:829	按函数名执行对应处理。	2	2
特征_服务定义规则版本	特征_服务定义规则版本	自我动作实现.服务模块.ixx:421	按函数名执行对应处理。	2	2
特征_服务对象	特征_服务对象	自我动作实现.服务模块.ixx:157	按函数名执行对应处理。	22	5
特征_服务对象反馈信息获取尝试状态	特征_服务对象反馈信息获取尝试状态	自我动作实现.外设模块.ixx:5776	读取并返回指定对象、状态或运行材料。	2	1
特征_服务对象反馈信息获取尝试状态	特征_服务对象反馈信息获取尝试状态	自我动作实现模块.ixx:2205	读取并返回指定对象、状态或运行材料。	2	1
特征_服务对象外在特征状态变化数	特征_服务对象外在特征状态变化数	自我动作实现.外设模块.ixx:824	按函数名执行对应处理。	7	1
特征_服务对象外在特征状态变化数	特征_服务对象外在特征状态变化数	自我动作实现模块.ixx:320	按函数名执行对应处理。	7	6
特征_服务对象外在特征状态改善证据	特征_服务对象外在特征状态改善证据	自我动作实现.外设模块.ixx:831	按函数名执行对应处理。	7	1
特征_服务对象外在特征状态改善证据	特征_服务对象外在特征状态改善证据	自我动作实现模块.ixx:327	按函数名执行对应处理。	7	6
特征_服务治理支撑特征集合	特征_服务治理支撑特征集合	自我动作实现.服务模块.ixx:109	按函数名执行对应处理。	2	2
特征_服务结果可归因于自我动作	特征_服务结果可归因于自我动作	自我动作实现.外设模块.ixx:845	按函数名执行对应处理。	7	1
特征_服务结果可归因于自我动作	特征_服务结果可归因于自我动作	自我动作实现模块.ixx:341	按函数名执行对应处理。	7	6
特征_服务结果可验证	特征_服务结果可验证	自我动作实现.外设模块.ixx:838	按函数名执行对应处理。	7	1
特征_服务结果可验证	特征_服务结果可验证	自我动作实现模块.ixx:334	按函数名执行对应处理。	7	6
特征_服务结算增量	特征_服务结算增量	自我动作实现.外设模块.ixx:803	结算任务、需求、价值或结果贡献。	6	1
特征_服务结算增量	特征_服务结算增量	自我动作实现模块.ixx:299	结算任务、需求、价值或结果贡献。	6	5
特征_服务结算证据通过	特征_服务结算证据通过	自我动作实现.外设模块.ixx:852	结算任务、需求、价值或结果贡献。	4	1
特征_服务结算证据通过	特征_服务结算证据通过	自我动作实现模块.ixx:348	结算任务、需求、价值或结果贡献。	4	3
特征_未知区域识别状态	特征_未知区域识别状态	自我动作实现.外设模块.ixx:5146	执行识别相关匹配、确认或结果输出逻辑。	3	3
特征_未稳定对应存在可观测单位数量	特征_未稳定对应存在可观测单位数量	自我动作实现.外设模块.ixx:4978	按函数名执行对应处理。	3	3
特征_未覆盖目标存在指针	特征_未覆盖目标存在指针	自我动作实现.扫描.ixx:661	按函数名执行对应处理。	2	2
特征_未覆盖解释状态	特征_未覆盖解释状态	自我动作实现.扫描.ixx:664	按函数名执行对应处理。	2	2
特征_未覆盖记录序号	特征_未覆盖记录序号	自我动作实现.扫描.ixx:658	记录日志、动态、证据或运行痕迹。	3	3
特征_未解释像素数	特征_未解释像素数	自我动作实现.外设模块.ixx:4439	按函数名执行对应处理。	7	7
特征_未解释区域更新	特征_未解释区域更新	自我动作实现.外设模块.ixx:5328	更新已有对象、状态、索引或缓存。	3	3
特征_未解释区域比例	特征_未解释区域比例	自我动作实现.外设模块.ixx:3235	按函数名执行对应处理。	9	9
特征_未解释区域状态	特征_未解释区域状态	自我动作实现.外设模块.ixx:5279	按函数名执行对应处理。	4	4
特征_本轮可忽略存在数量	特征_本轮可忽略存在数量	自我动作实现.扫描.ixx:475	按函数名执行对应处理。	3	3
特征_本轮可忽略存在集合	特征_本轮可忽略存在集合	自我动作实现.扫描.ixx:463	按函数名执行对应处理。	2	2
特征_本轮外设覆盖索引	特征_本轮外设覆盖索引	自我动作实现.扫描.ixx:496	按函数名执行对应处理。	4	4
特征_本轮外设覆盖索引状态	特征_本轮外设覆盖索引状态	自我动作实现.扫描.ixx:499	按函数名执行对应处理。	2	2
特征_本轮应覆盖存在数量	特征_本轮应覆盖存在数量	自我动作实现.扫描.ixx:472	按函数名执行对应处理。	3	3
特征_本轮应覆盖存在集合	特征_本轮应覆盖存在集合	自我动作实现.扫描.ixx:460	按函数名执行对应处理。	3	3
特征_本轮异常未覆盖存在数量	特征_本轮异常未覆盖存在数量	自我动作实现.扫描.ixx:481	按函数名执行对应处理。	3	3
特征_本轮异常未覆盖存在集合	特征_本轮异常未覆盖存在集合	自我动作实现.扫描.ixx:469	按函数名执行对应处理。	2	2
特征_本轮推进量	特征_本轮推进量	自我动作实现.外设模块.ixx:957	按函数名执行对应处理。	9	1
特征_本轮推进量	特征_本轮推进量	自我动作实现模块.ixx:459	按函数名执行对应处理。	9	3
特征_本轮是否有推进	特征_本轮是否有推进	自我动作实现.外设模块.ixx:950	按函数名执行对应处理。	9	1
特征_本轮是否有推进	特征_本轮是否有推进	自我动作实现模块.ixx:452	按函数名执行对应处理。	9	3
特征_本轮需补条件存在数量	特征_本轮需补条件存在数量	自我动作实现.扫描.ixx:478	按函数名执行对应处理。	3	3
特征_本轮需补条件存在集合	特征_本轮需补条件存在集合	自我动作实现.扫描.ixx:466	按函数名执行对应处理。	3	3
特征_权限者	特征_权限者	自我动作实现.服务模块.ixx:149	按函数名执行对应处理。	4	3
特征_权限边界	特征_权限边界	自我动作实现.服务模块.ixx:165	按函数名执行对应处理。	7	4
特征_权限边界明确状态	特征_权限边界明确状态	自我动作实现.外设模块.ixx:5811	按函数名执行对应处理。	2	1
特征_权限边界明确状态	特征_权限边界明确状态	自我动作实现模块.ixx:2240	按函数名执行对应处理。	2	1
特征_条件不足候选数量	特征_条件不足候选数量	自我动作实现.外设模块.ixx:3277	按函数名执行对应处理。	7	7
特征_条件描述时间	特征_条件描述时间	自我动作实现.外设模块.ixx:649	按函数名执行对应处理。	4	2
特征_条件描述时间	特征_条件描述时间	自我动作实现模块.ixx:68	按函数名执行对应处理。	4	2
特征_条件描述状态	特征_条件描述状态	自我动作实现.外设模块.ixx:642	按函数名执行对应处理。	4	2
特征_条件描述状态	特征_条件描述状态	自我动作实现模块.ixx:61	按函数名执行对应处理。	4	2
特征_条件特征	特征_条件特征	自我动作实现.外设模块.ixx:684	按函数名执行对应处理。	7	3
特征_条件特征	特征_条件特征	自我动作实现模块.ixx:103	按函数名执行对应处理。	7	4
特征_条件特征类型数量	特征_条件特征类型数量	自我动作实现.外设模块.ixx:656	按函数名执行对应处理。	5	2
特征_条件特征类型数量	特征_条件特征类型数量	自我动作实现模块.ixx:75	按函数名执行对应处理。	5	3
特征_条件结果对	特征_条件结果对	自我动作实现.外设模块.ixx:5496	按函数名执行对应处理。	20	1
特征_条件结果对	特征_条件结果对	自我动作实现模块.ixx:1904	按函数名执行对应处理。	20	13
特征_条件集合	特征_条件集合	自我动作实现.外设模块.ixx:691	按函数名执行对应处理。	9	3
特征_条件集合	特征_条件集合	自我动作实现.服务模块.ixx:45	按函数名执行对应处理。	9	2
特征_条件集合	特征_条件集合	自我动作实现模块.ixx:110	按函数名执行对应处理。	9	4
特征_来源动作动态	特征_来源动作动态	自我动作实现.外设模块.ixx:887	按函数名执行对应处理。	15	7
特征_来源动作动态	特征_来源动作动态	自我动作实现.服务模块.ixx:285	按函数名执行对应处理。	15	2
特征_来源动作动态	特征_来源动作动态	自我动作实现模块.ixx:383	按函数名执行对应处理。	15	6
特征_来源因果信息	特征_来源因果信息	自我动作实现.外设模块.ixx:5579	按函数名执行对应处理。	16	4
特征_来源因果信息	特征_来源因果信息	自我动作实现模块.ixx:1987	按函数名执行对应处理。	16	9
特征_来源因果信息_筹办	特征_来源因果信息_筹办	任务模块.筹办.ixx:3258	推进任务筹办，形成候选、缺口或就绪回执。	3	3
特征_来源局部观察切片	特征_来源局部观察切片	自我动作实现.外设模块.ixx:3564	按函数名执行对应处理。	3	3
特征_来源已确认观察存在	特征_来源已确认观察存在	自我动作实现.外设模块.ixx:5223	确认候选事实、存在、状态或运行结果。	2	2
特征_来源帧ID	特征_来源帧ID	自我动作实现.扫描.ixx:448	按函数名执行对应处理。	3	3
特征_来源报告时间戳毫秒	特征_来源报告时间戳毫秒	自我动作实现.外设模块.ixx:5958	按函数名执行对应处理。	2	2
特征_来源治理判断	特征_来源治理判断	自我动作实现.服务模块.ixx:685	判断条件、状态或业务结果是否成立。	3	3
特征_来源空间候选编号	特征_来源空间候选编号	自我动作实现.外设模块.ixx:4194	按函数名执行对应处理。	29	29
特征_来源缺口	特征_来源缺口	自我动作实现.外设模块.ixx:5468	按函数名执行对应处理。	5	1
特征_来源缺口	特征_来源缺口	自我动作实现模块.ixx:1876	按函数名执行对应处理。	5	4
特征_来源观察动态	特征_来源观察动态	自我动作实现.外设模块.ixx:5586	按函数名执行对应处理。	11	1
特征_来源观察动态	特征_来源观察动态	自我动作实现模块.ixx:1994	按函数名执行对应处理。	11	10
特征_来源需求	特征_来源需求	自我动作实现.外设模块.ixx:754	按函数名执行对应处理。	21	5
特征_来源需求	特征_来源需求	自我动作实现.服务模块.ixx:133	按函数名执行对应处理。	21	3
特征_来源需求	特征_来源需求	自我动作实现模块.ixx:173	按函数名执行对应处理。	21	9
特征_来源需求_筹办	特征_来源需求_筹办	任务模块.筹办.ixx:3251	推进任务筹办，形成候选、缺口或就绪回执。	4	4
特征_来源需求条件包	特征_来源需求条件包	自我动作实现.外设模块.ixx:1884	按函数名执行对应处理。	2	1
特征_来源需求条件包	特征_来源需求条件包	自我动作实现模块.ixx:1400	按函数名执行对应处理。	2	1
特征_查找限制包	特征_查找限制包	自我动作实现.外设模块.ixx:1667	按条件查找目标对象、方法或事实。	2	1
特征_查找限制包	特征_查找限制包	自我动作实现模块.ixx:1183	按条件查找目标对象、方法或事实。	2	1
特征_标准服务单位	特征_标准服务单位	自我动作实现.服务模块.ixx:621	按函数名执行对应处理。	6	2
特征_样本次数	特征_样本次数	自我动作实现.外设模块.ixx:1139	按函数名执行对应处理。	9	1
特征_样本次数	特征_样本次数	自我动作实现模块.ixx:648	按函数名执行对应处理。	9	8
特征_每像素深度方差结构状态	特征_每像素深度方差结构状态	自我动作实现.外设模块.ixx:2843	按函数名执行对应处理。	6	6
特征_沟通交流需求明确状态	特征_沟通交流需求明确状态	自我动作实现.外设模块.ixx:5769	按函数名执行对应处理。	2	1
特征_沟通交流需求明确状态	特征_沟通交流需求明确状态	自我动作实现模块.ixx:2198	按函数名执行对应处理。	2	1
特征_派生需求	特征_派生需求	自我动作实现.外设模块.ixx:5440	按函数名执行对应处理。	48	16
特征_派生需求	特征_派生需求	自我动作实现模块.ixx:1848	按函数名执行对应处理。	48	11
特征_派生需求当前状态	特征_派生需求当前状态	自我动作实现.外设模块.ixx:5447	按函数名执行对应处理。	15	5
特征_派生需求当前状态	特征_派生需求当前状态	自我动作实现模块.ixx:1855	按函数名执行对应处理。	15	3
特征_派生需求提示	特征_派生需求提示	自我动作实现.外设模块.ixx:992	按函数名执行对应处理。	6	1
特征_派生需求提示	特征_派生需求提示	自我动作实现模块.ixx:501	按函数名执行对应处理。	6	2
特征_派生需求目标状态	特征_派生需求目标状态	自我动作实现.外设模块.ixx:5454	按函数名执行对应处理。	15	5
特征_派生需求目标状态	特征_派生需求目标状态	自我动作实现模块.ixx:1862	按函数名执行对应处理。	15	3
特征_消失候选数量	特征_消失候选数量	自我动作实现.扫描.ixx:544	按函数名执行对应处理。	3	3
特征_深度一致率	特征_深度一致率	自我动作实现.外设模块.ixx:4376	按函数名执行对应处理。	7	7
特征_深度图	特征_深度图	自我动作实现.外设模块.ixx:4222	按函数名执行对应处理。	3	3
特征_深度层	特征_深度层	自我动作实现.外设模块.ixx:3816	按函数名执行对应处理。	3	3
特征_深度帧号	特征_深度帧号	自我动作实现.外设模块.ixx:2360	按函数名执行对应处理。	12	11
特征_深度帧号	特征_深度帧号	自我动作实现模块.ixx:1722	按函数名执行对应处理。	12	1
特征_深度有效像素数量	特征_深度有效像素数量	自我动作实现.外设模块.ixx:2542	按函数名执行对应处理。	8	8
特征_深度有效性Mask状态	特征_深度有效性Mask状态	自我动作实现.外设模块.ixx:2717	按函数名执行对应处理。	8	8
特征_深度有效率	特征_深度有效率	自我动作实现.外设模块.ixx:2906	按函数名执行对应处理。	14	14
特征_深度来源结构状态	特征_深度来源结构状态	自我动作实现.外设模块.ixx:2724	按函数名执行对应处理。	6	6
特征_深度残差	特征_深度残差	自我动作实现.外设模块.ixx:5251	按函数名执行对应处理。	3	3
特征_深度稳定性平均值	特征_深度稳定性平均值	自我动作实现.外设模块.ixx:2787	按函数名执行对应处理。	6	6
特征_深度稳定性结构状态	特征_深度稳定性结构状态	自我动作实现.外设模块.ixx:2731	按函数名执行对应处理。	6	6
特征_深度空洞区域数量	特征_深度空洞区域数量	自我动作实现.外设模块.ixx:3011	按函数名执行对应处理。	7	7
特征_深度空洞区域集合	特征_深度空洞区域集合	自我动作实现.外设模块.ixx:3018	按函数名执行对应处理。	6	6
特征_深度空洞数量	特征_深度空洞数量	自我动作实现.外设模块.ixx:3004	按函数名执行对应处理。	7	7
特征_深度缓冲	特征_深度缓冲	自我动作实现.外设模块.ixx:3879	按函数名执行对应处理。	3	3
特征_深度观察质量状态	特征_深度观察质量状态	自我动作实现.外设模块.ixx:2927	按函数名执行对应处理。	3	3
特征_深度轮廓数量	特征_深度轮廓数量	自我动作实现.外设模块.ixx:3137	按函数名执行对应处理。	6	6
特征_深度邻域一致性平均值	特征_深度邻域一致性平均值	自我动作实现.外设模块.ixx:2794	按函数名执行对应处理。	6	6
特征_深度邻域一致性结构状态	特征_深度邻域一致性结构状态	自我动作实现.外设模块.ixx:2738	按函数名执行对应处理。	6	6
特征_溢出策略	特征_溢出策略	自我动作实现.外设模块.ixx:5391	按函数名执行对应处理。	2	1
特征_溢出策略	特征_溢出策略	自我动作实现模块.ixx:1799	按函数名执行对应处理。	2	1
特征_满足证据	特征_满足证据	自我动作实现.外设模块.ixx:5734	按函数名执行对应处理。	4	1
特征_满足证据	特征_满足证据	自我动作实现模块.ixx:2163	按函数名执行对应处理。	4	3
特征_滤波深度来源像素数量	特征_滤波深度来源像素数量	自我动作实现.外设模块.ixx:2759	按函数名执行对应处理。	6	6
特征_滤波深度毫米结构状态	特征_滤波深度毫米结构状态	自我动作实现.外设模块.ixx:2703	按函数名执行对应处理。	6	6
特征_点云有效像素数量	特征_点云有效像素数量	自我动作实现.外设模块.ixx:2549	按函数名执行对应处理。	8	8
特征_父场景	特征_父场景	自我动作实现.外设模块.ixx:3403	按函数名执行对应处理。	2	2
特征_特征值	特征_特征值	自我动作实现.外设模块.ixx:1702	按函数名执行对应处理。	6	2
特征_特征值	特征_特征值	自我动作实现模块.ixx:1218	按函数名执行对应处理。	6	4
特征_特征值范围	特征_特征值范围	自我动作实现.外设模块.ixx:1709	按函数名执行对应处理。	3	1
特征_特征值范围	特征_特征值范围	自我动作实现模块.ixx:1225	按函数名执行对应处理。	3	2
特征_特征类型	特征_特征类型	自我动作实现.外设模块.ixx:1695	按函数名执行对应处理。	5	2
特征_特征类型	特征_特征类型	自我动作实现模块.ixx:1211	按函数名执行对应处理。	5	3
特征_特征类型配对结果	特征_特征类型配对结果	自我动作实现.外设模块.ixx:5377	按函数名执行对应处理。	2	1
特征_特征类型配对结果	特征_特征类型配对结果	自我动作实现模块.ixx:1785	按函数名执行对应处理。	2	1
特征_状态信息集合	特征_状态信息集合	自我动作实现.扫描.ixx:667	按函数名执行对应处理。	3	3
特征_现实场景包	特征_现实场景包	自我动作实现.外设模块.ixx:1041	按函数名执行对应处理。	7	3
特征_现实场景包	特征_现实场景包	自我动作实现模块.ixx:550	按函数名执行对应处理。	7	2
特征_现实场景包_筹办	特征_现实场景包_筹办	任务模块.筹办.ixx:3272	推进任务筹办，形成候选、缺口或就绪回执。	2	2
特征_目标值	特征_目标值	自我动作实现.服务模块.ixx:189	按函数名执行对应处理。	9	5
特征_目标值类型	特征_目标值类型	自我动作实现.外设模块.ixx:5342	按函数名执行对应处理。	3	1
特征_目标值类型	特征_目标值类型	自我动作实现模块.ixx:1750	按函数名执行对应处理。	3	2
特征_目标外设	特征_目标外设	自我动作实现.外设模块.ixx:2136	按函数名执行对应处理。	28	27
特征_目标外设	特征_目标外设	自我动作实现模块.ixx:1652	按函数名执行对应处理。	28	1
特征_目标存在	特征_目标存在	自我动作实现.外设模块.ixx:3368	按函数名执行对应处理。	77	77
特征_目标存在丢失动态	特征_目标存在丢失动态	自我动作实现.外设模块.ixx:4691	按函数名执行对应处理。	4	4
特征_目标存在丢失状态	特征_目标存在丢失状态	自我动作实现.外设模块.ixx:4663	按函数名执行对应处理。	8	8
特征_目标存在区间迁移动态	特征_目标存在区间迁移动态	自我动作实现.外设模块.ixx:4684	按函数名执行对应处理。	4	4
特征_目标存在特征变化动态	特征_目标存在特征变化动态	自我动作实现.外设模块.ixx:4607	按函数名执行对应处理。	6	6
特征_目标存在跟踪状态	特征_目标存在跟踪状态	自我动作实现.外设模块.ixx:4600	执行跟踪相关定位、匹配或结果输出逻辑。	13	13
特征_目标存在跟踪稳定动态	特征_目标存在跟踪稳定动态	自我动作实现.外设模块.ixx:4677	执行跟踪相关定位、匹配或结果输出逻辑。	4	4
特征_目标存在重捕获动态	特征_目标存在重捕获动态	自我动作实现.外设模块.ixx:4698	按函数名执行对应处理。	4	4
特征_目标存在重捕获状态	特征_目标存在重捕获状态	自我动作实现.外设模块.ixx:4670	按函数名执行对应处理。	6	6
特征_目标存在预测偏差超限动态	特征_目标存在预测偏差超限动态	自我动作实现.外设模块.ixx:4705	按函数名执行对应处理。	4	4
特征_目标安全因果信息	特征_目标安全因果信息	自我动作实现.外设模块.ixx:6510	按函数名执行对应处理。	9	5
特征_目标安全因果信息_筹办	特征_目标安全因果信息_筹办	任务模块.筹办.ixx:3125	推进任务筹办，形成候选、缺口或就绪回执。	4	4
特征_目标实例特征	特征_目标实例特征	自我动作实现.外设模块.ixx:5405	按函数名执行对应处理。	3	1
特征_目标实例特征	特征_目标实例特征	自我动作实现模块.ixx:1813	按函数名执行对应处理。	3	2
特征_目标宿主	特征_目标宿主	任务模块.筹办.ixx:3090	按函数名执行对应处理。	65	5
特征_目标宿主	特征_目标宿主	自我动作实现.外设模块.ixx:2129	按函数名执行对应处理。	65	49
特征_目标宿主	特征_目标宿主	自我动作实现.服务模块.ixx:173	按函数名执行对应处理。	65	6
特征_目标宿主	特征_目标宿主	自我动作实现模块.ixx:1645	按函数名执行对应处理。	65	3
特征_目标宿主指针	特征_目标宿主指针	自我动作实现.扫描.ixx:682	按函数名执行对应处理。	2	2
特征_目标已确认观察存在	特征_目标已确认观察存在	自我动作实现.外设模块.ixx:4866	确认候选事实、存在、状态或运行结果。	3	3
特征_目标执行后值	特征_目标执行后值	任务模块.筹办.ixx:3118	执行任务、方法或动作的主体逻辑。	9	3
特征_目标执行后值	特征_目标执行后值	自我动作实现.外设模块.ixx:5363	执行任务、方法或动作的主体逻辑。	9	1
特征_目标执行后值	特征_目标执行后值	自我动作实现模块.ixx:1771	执行任务、方法或动作的主体逻辑。	9	5
特征_目标抽象特征	特征_目标抽象特征	任务模块.筹办.ixx:3104	按函数名执行对应处理。	16	4
特征_目标抽象特征	特征_目标抽象特征	自我动作实现.外设模块.ixx:5335	按函数名执行对应处理。	16	1
特征_目标抽象特征	特征_目标抽象特征	自我动作实现模块.ixx:1743	按函数名执行对应处理。	16	11
特征_目标方法头节点	特征_目标方法头节点	任务模块.筹办.ixx:3069	按函数名执行对应处理。	43	10
特征_目标方法头节点	特征_目标方法头节点	自我动作实现.外设模块.ixx:5461	按函数名执行对应处理。	43	1
特征_目标方法头节点	特征_目标方法头节点	自我动作实现模块.ixx:1869	按函数名执行对应处理。	43	30
特征_目标是否达成	特征_目标是否达成	自我动作实现.外设模块.ixx:943	按函数名执行对应处理。	9	1
特征_目标是否达成	特征_目标是否达成	自我动作实现模块.ixx:445	按函数名执行对应处理。	9	3
特征_目标特征	特征_目标特征	自我动作实现.外设模块.ixx:1069	按函数名执行对应处理。	49	19
特征_目标特征	特征_目标特征	自我动作实现模块.ixx:578	按函数名执行对应处理。	49	18
特征_目标特征当前值	特征_目标特征当前值	自我动作实现.外设模块.ixx:4509	按函数名执行对应处理。	8	8
特征_目标特征当前值类型	特征_目标特征当前值类型	自我动作实现.外设模块.ixx:4516	按函数名执行对应处理。	3	3
特征_目标特征类型	特征_目标特征类型	任务模块.筹办.ixx:3083	按函数名执行对应处理。	33	5
特征_目标特征类型	特征_目标特征类型	自我动作实现.外设模块.ixx:1062	按函数名执行对应处理。	33	9
特征_目标特征类型	特征_目标特征类型	自我动作实现.服务模块.ixx:181	按函数名执行对应处理。	33	5
特征_目标特征类型	特征_目标特征类型	自我动作实现模块.ixx:571	按函数名执行对应处理。	33	12
特征_目标特征类型指针	特征_目标特征类型指针	自我动作实现.扫描.ixx:685	按函数名执行对应处理。	2	2
特征_目标状态值	特征_目标状态值	自我动作实现.扫描.ixx:691	按函数名执行对应处理。	2	2
特征_目标现实场景	特征_目标现实场景	自我动作实现.外设模块.ixx:1055	按函数名执行对应处理。	3	1
特征_目标现实场景	特征_目标现实场景	自我动作实现模块.ixx:564	按函数名执行对应处理。	3	2
特征_目标观察窗口状态	特征_目标观察窗口状态	自我动作实现.外设模块.ixx:4614	按函数名执行对应处理。	14	14
特征_目标观察约束ID	特征_目标观察约束ID	自我动作实现.外设模块.ixx:4495	按函数名执行对应处理。	6	6
特征_目标观察约束写入状态	特征_目标观察约束写入状态	自我动作实现.外设模块.ixx:4488	把处理结果写入指定对象、场景或日志。	8	8
特征_目标观察约束可用性状态	特征_目标观察约束可用性状态	自我动作实现.外设模块.ixx:4502	按函数名执行对应处理。	5	5
特征_目标观察约束有效截止时间毫秒	特征_目标观察约束有效截止时间毫秒	自我动作实现.外设模块.ixx:4523	按函数名执行对应处理。	3	3
特征_相对独立空间候选数量	特征_相对独立空间候选数量	自我动作实现.外设模块.ixx:4054	按函数名执行对应处理。	3	3
特征_相机帧宽度	特征_相机帧宽度	自我动作实现.外设模块.ixx:2346	按函数名执行对应处理。	12	11
特征_相机帧宽度	特征_相机帧宽度	自我动作实现模块.ixx:1708	按函数名执行对应处理。	12	1
特征_相机帧高度	特征_相机帧高度	自我动作实现.外设模块.ixx:2353	按函数名执行对应处理。	12	11
特征_相机帧高度	特征_相机帧高度	自我动作实现模块.ixx:1715	按函数名执行对应处理。	12	1
特征_硬门槛_D0自我服务业务动作存在	特征_硬门槛_D0自我服务业务动作存在	自我动作实现.服务模块.ixx:741	按函数名执行对应处理。	2	2
特征_硬门槛_人类对象成立	特征_硬门槛_人类对象成立	自我动作实现.服务模块.ixx:693	按函数名执行对应处理。	2	2
特征_硬门槛_安全通过	特征_硬门槛_安全通过	自我动作实现.服务模块.ixx:725	按函数名执行对应处理。	2	2
特征_硬门槛_改善可归因于自我动作	特征_硬门槛_改善可归因于自我动作	自我动作实现.服务模块.ixx:773	按函数名执行对应处理。	2	2
特征_硬门槛_改善结果可验证	特征_硬门槛_改善结果可验证	自我动作实现.服务模块.ixx:765	按函数名执行对应处理。	2	2
特征_硬门槛_明确服务目标	特征_硬门槛_明确服务目标	自我动作实现.服务模块.ixx:709	按函数名执行对应处理。	2	2
特征_硬门槛_明确需求或利益	特征_硬门槛_明确需求或利益	自我动作实现.服务模块.ixx:701	按函数名执行对应处理。	2	2
特征_硬门槛_服务前后状态可比较	特征_硬门槛_服务前后状态可比较	自我动作实现.服务模块.ixx:749	比较当前值、目标值或历史基准。	2	2
特征_硬门槛_服务已实际交付	特征_硬门槛_服务已实际交付	自我动作实现.服务模块.ixx:733	按函数名执行对应处理。	2	2
特征_硬门槛_权限边界成立	特征_硬门槛_权限边界成立	自我动作实现.服务模块.ixx:717	按函数名执行对应处理。	2	2
特征_硬门槛_目标特征改善成立	特征_硬门槛_目标特征改善成立	自我动作实现.服务模块.ixx:757	按函数名执行对应处理。	2	2
特征_硬门槛_闭环回写成立	特征_硬门槛_闭环回写成立	自我动作实现.服务模块.ixx:789	按函数名执行对应处理。	2	2
特征_硬门槛_非重复服务	特征_硬门槛_非重复服务	自我动作实现.服务模块.ixx:781	按函数名执行对应处理。	2	2
特征_稳定对应存在数量	特征_稳定对应存在数量	自我动作实现.外设模块.ixx:4992	按函数名执行对应处理。	15	15
特征_稳定对应存在数量明确状态	特征_稳定对应存在数量明确状态	自我动作实现.外设模块.ixx:5034	按函数名执行对应处理。	9	9
特征_空信息状态	特征_空信息状态	自我动作实现.扫描.ixx:670	按函数名执行对应处理。	3	3
特征_空间位置误差值	特征_空间位置误差值	自我动作实现.扫描.ixx:619	按函数名执行对应处理。	3	3
特征_空间候选中心接近评分	特征_空间候选中心接近评分	自我动作实现.外设模块.ixx:4166	按函数名执行对应处理。	2	2
特征_空间候选优先级评分	特征_空间候选优先级评分	自我动作实现.外设模块.ixx:4159	按函数名执行对应处理。	4	4
特征_空间候选像素数量	特征_空间候选像素数量	自我动作实现.外设模块.ixx:3354	按函数名执行对应处理。	4	4
特征_空间候选层	特征_空间候选层	自我动作实现.外设模块.ixx:3830	按函数名执行对应处理。	3	3
特征_空间候选数量	特征_空间候选数量	自我动作实现.外设模块.ixx:3319	按函数名执行对应处理。	6	6
特征_空间候选有效点数量	特征_空间候选有效点数量	自我动作实现.外设模块.ixx:3326	按函数名执行对应处理。	6	6
特征_空间候选有效点比例	特征_空间候选有效点比例	自我动作实现.外设模块.ixx:3361	按函数名执行对应处理。	3	3
特征_空间候选相对独立性判断	特征_空间候选相对独立性判断	自我动作实现.外设模块.ixx:4047	判断条件、状态或业务结果是否成立。	5	5
特征_空间候选相对独立状态	特征_空间候选相对独立状态	自我动作实现.外设模块.ixx:4180	按函数名执行对应处理。	2	2
特征_空间候选编号	特征_空间候选编号	自我动作实现.外设模块.ixx:3347	按函数名执行对应处理。	4	4
特征_空间候选范围大小评分	特征_空间候选范围大小评分	自我动作实现.外设模块.ixx:4173	按函数名执行对应处理。	2	2
特征_空间候选观察队列	特征_空间候选观察队列	自我动作实现.外设模块.ixx:4103	按函数名执行对应处理。	5	5
特征_空间候选集合	特征_空间候选集合	自我动作实现.外设模块.ixx:3312	按函数名执行对应处理。	6	6
特征_空间冲突像素数	特征_空间冲突像素数	自我动作实现.外设模块.ixx:4355	按函数名执行对应处理。	5	5
特征_空间匹配像素数	特征_空间匹配像素数	自我动作实现.外设模块.ixx:4348	按函数名执行对应处理。	6	6
特征_空间坐标单位毫米	特征_空间坐标单位毫米	自我动作实现.外设模块.ixx:2682	按函数名执行对应处理。	7	7
特征_空间坐标有效率	特征_空间坐标有效率	自我动作实现.外设模块.ixx:2913	按函数名执行对应处理。	14	14
特征_空间坐标毫米XYZ结构状态	特征_空间坐标毫米XYZ结构状态	自我动作实现.外设模块.ixx:2745	按函数名执行对应处理。	8	8
特征_空间坐标观察质量状态	特征_空间坐标观察质量状态	自我动作实现.外设模块.ixx:2934	按函数名执行对应处理。	3	3
特征_空间投影轮廓数量	特征_空间投影轮廓数量	自我动作实现.外设模块.ixx:3144	按函数名执行对应处理。	6	6
特征_空间极值轮廓	特征_空间极值轮廓	自我动作实现.外设模块.ixx:4250	按函数名执行对应处理。	11	11
特征_空间极值轮廓状态	特征_空间极值轮廓状态	自我动作实现.外设模块.ixx:4257	按函数名执行对应处理。	4	4
特征_空间点层	特征_空间点层	自我动作实现.外设模块.ixx:3823	按函数名执行对应处理。	3	3
特征_空间点有效率	特征_空间点有效率	自我动作实现.外设模块.ixx:3214	按函数名执行对应处理。	6	6
特征_空间类后续处理适用状态	特征_空间类后续处理适用状态	自我动作实现.外设模块.ixx:2955	按函数名执行对应处理。	3	3
特征_空间覆盖像素数	特征_空间覆盖像素数	自我动作实现.外设模块.ixx:4341	按函数名执行对应处理。	5	5
特征_空间连续性评分	特征_空间连续性评分	自我动作实现.外设模块.ixx:4033	按函数名执行对应处理。	9	9
特征_穿过深度无效区域轮廓数量	特征_穿过深度无效区域轮廓数量	自我动作实现.外设模块.ixx:3200	按函数名执行对应处理。	6	6
特征_筹办_观察质量改善路径验证状态	特征_筹办_观察质量改善路径验证状态	任务模块.筹办.ixx:273	推进任务筹办，形成候选、缺口或就绪回执。	2	2
特征_筹办缺口类型	特征_筹办缺口类型	自我动作实现.外设模块.ixx:978	推进任务筹办，形成候选、缺口或就绪回执。	5	1
特征_筹办缺口类型	特征_筹办缺口类型	自我动作实现模块.ixx:480	推进任务筹办，形成候选、缺口或就绪回执。	5	1
特征_类型抽象距离	特征_类型抽象距离	自我动作实现.外设模块.ixx:1954	按函数名执行对应处理。	2	1
特征_类型抽象距离	特征_类型抽象距离	自我动作实现模块.ixx:1470	按函数名执行对应处理。	2	1
特征_累计安全结算	特征_累计安全结算	自我动作实现.外设模块.ixx:775	结算任务、需求、价值或结果贡献。	2	1
特征_累计安全结算	特征_累计安全结算	自我动作实现模块.ixx:271	结算任务、需求、价值或结果贡献。	2	1
特征_累计服务结算	特征_累计服务结算	自我动作实现.外设模块.ixx:782	结算任务、需求、价值或结果贡献。	2	1
特征_累计服务结算	特征_累计服务结算	自我动作实现模块.ixx:278	结算任务、需求、价值或结果贡献。	2	1
特征_累计运行时长	特征_累计运行时长	自我动作实现.外设模块.ixx:1202	执行对应模块、线程或方法的运行逻辑。	6	3
特征_累计运行时长	特征_累计运行时长	自我动作实现模块.ixx:718	执行对应模块、线程或方法的运行逻辑。	6	3
特征_练习方向	特征_练习方向	自我动作实现.外设模块.ixx:5517	按函数名执行对应处理。	7	1
特征_练习方向	特征_练习方向	自我动作实现模块.ixx:1925	按函数名执行对应处理。	7	6
特征_练习模式	特征_练习模式	自我动作实现.外设模块.ixx:5510	按函数名执行对应处理。	8	1
特征_练习模式	特征_练习模式	自我动作实现模块.ixx:1918	按函数名执行对应处理。	8	7
特征_细分层级数	特征_细分层级数	自我动作实现.外设模块.ixx:3627	按函数名执行对应处理。	3	3
特征_绑定参数数量	特征_绑定参数数量	自我动作实现.外设模块.ixx:1856	建立对象、任务、方法或因果之间的绑定关系。	10	1
特征_绑定参数数量	特征_绑定参数数量	自我动作实现模块.ixx:1372	建立对象、任务、方法或因果之间的绑定关系。	10	9
特征_结束时间	特征_结束时间	自我动作实现.外设模块.ixx:1585	按函数名执行对应处理。	4	2
特征_结束时间	特征_结束时间	自我动作实现模块.ixx:1101	按函数名执行对应处理。	4	2
特征_结果不符合次数	特征_结果不符合次数	自我动作实现.外设模块.ixx:1160	按函数名执行对应处理。	6	1
特征_结果不符合次数	特征_结果不符合次数	自我动作实现模块.ixx:669	按函数名执行对应处理。	6	5
特征_结果符合次数	特征_结果符合次数	自我动作实现.外设模块.ixx:1153	按函数名执行对应处理。	6	1
特征_结果符合次数	特征_结果符合次数	自我动作实现模块.ixx:662	按函数名执行对应处理。	6	5
特征_结果表	特征_结果表	自我动作实现.外设模块.ixx:719	按函数名执行对应处理。	71	60
特征_结果表	特征_结果表	自我动作实现.服务模块.ixx:69	按函数名执行对应处理。	71	2
特征_结果表	特征_结果表	自我动作实现模块.ixx:138	按函数名执行对应处理。	71	9
特征_结算前服务值	特征_结算前服务值	自我动作实现.服务模块.ixx:653	结算任务、需求、价值或结果贡献。	3	3
特征_结算后服务值	特征_结算后服务值	自我动作实现.服务模块.ixx:669	结算任务、需求、价值或结果贡献。	3	3
特征_绘制点数量	特征_绘制点数量	自我动作实现.外设模块.ixx:3914	按函数名执行对应处理。	3	3
特征_绘制线段数量	特征_绘制线段数量	自我动作实现.外设模块.ixx:3907	按函数名执行对应处理。	3	3
特征_绘制顶点数量	特征_绘制顶点数量	自我动作实现.外设模块.ixx:3900	按函数名执行对应处理。	3	3
特征_缓存方法虚拟存在	特征_缓存方法虚拟存在	自我动作实现.外设模块.ixx:1919	按函数名执行对应处理。	2	1
特征_缓存方法虚拟存在	特征_缓存方法虚拟存在	自我动作实现模块.ixx:1435	按函数名执行对应处理。	2	1
特征_缓存方法首节点	特征_缓存方法首节点	自我动作实现.外设模块.ixx:1912	按函数名执行对应处理。	5	1
特征_缓存方法首节点	特征_缓存方法首节点	自我动作实现模块.ixx:1428	按函数名执行对应处理。	5	4
特征_缺口字段类型	特征_缺口字段类型	自我动作实现.服务模块.ixx:837	按函数名执行对应处理。	2	2
特征_缺口序号	特征_缺口序号	自我动作实现.扫描.ixx:559	按函数名执行对应处理。	3	3
特征_缺口特征类型状态	特征_缺口特征类型状态	自我动作实现.扫描.ixx:568	按函数名执行对应处理。	2	2
特征_缺口目标宿主状态	特征_缺口目标宿主状态	自我动作实现.扫描.ixx:565	按函数名执行对应处理。	2	2
特征_缺口类型	特征_缺口类型	自我动作实现.扫描.ixx:562	按函数名执行对应处理。	2	2
特征_缺失像素数量	特征_缺失像素数量	自我动作实现.外设模块.ixx:2521	按函数名执行对应处理。	4	4
特征_缺失原因	特征_缺失原因	自我动作实现.外设模块.ixx:5272	按函数名执行对应处理。	4	4
特征_缺失参数数量	特征_缺失参数数量	自我动作实现.外设模块.ixx:1863	按函数名执行对应处理。	16	1
特征_缺失参数数量	特征_缺失参数数量	自我动作实现模块.ixx:1379	按函数名执行对应处理。	16	10
特征_自我_场景绝对坐标X	特征_自我_场景绝对坐标X	自我动作实现.外设模块.ixx:6028	按函数名执行对应处理。	3	3
特征_自我_场景绝对坐标Y	特征_自我_场景绝对坐标Y	自我动作实现.外设模块.ixx:6035	按函数名执行对应处理。	3	3
特征_自我_场景绝对坐标Z	特征_自我_场景绝对坐标Z	自我动作实现.外设模块.ixx:6042	按函数名执行对应处理。	3	3
特征_自我_场景绝对坐标明确状态	特征_自我_场景绝对坐标明确状态	自我动作实现.外设模块.ixx:6021	按函数名执行对应处理。	7	7
特征_自我_场景绝对姿态明确状态	特征_自我_场景绝对姿态明确状态	自我动作实现.外设模块.ixx:6049	按函数名执行对应处理。	4	4
特征_自我_接触边界半径	特征_自我_接触边界半径	自我动作实现.外设模块.ixx:6118	按函数名执行对应处理。	4	4
特征_自我_边界完整性状态	特征_自我_边界完整性状态	自我动作实现.外设模块.ixx:6125	按函数名执行对应处理。	7	7
特征_自我_近身安全缓冲半径	特征_自我_近身安全缓冲半径	自我动作实现.外设模块.ixx:6111	按函数名执行对应处理。	4	4
特征_自我_风险安全_场景影响部分	特征_自我_风险安全_场景影响部分	自我动作实现.外设模块.ixx:6503	按函数名执行对应处理。	4	4
特征_自我相对视图坐标系状态	特征_自我相对视图坐标系状态	自我动作实现.外设模块.ixx:6014	按函数名执行对应处理。	4	4
特征_自我边界参照存在	特征_自我边界参照存在	自我动作实现.外设模块.ixx:5993	按函数名执行对应处理。	4	4
特征_自我边界参照状态	特征_自我边界参照状态	自我动作实现.外设模块.ixx:6000	按函数名执行对应处理。	8	8
特征_自我边界定义版本	特征_自我边界定义版本	自我动作实现.外设模块.ixx:6007	按函数名执行对应处理。	3	3
特征_自我运行状态明确状态	特征_自我运行状态明确状态	自我动作实现.外设模块.ixx:5783	执行对应模块、线程或方法的运行逻辑。	2	1
特征_自我运行状态明确状态	特征_自我运行状态明确状态	自我动作实现模块.ixx:2212	执行对应模块、线程或方法的运行逻辑。	2	1
特征_自我运行状态正常状态	特征_自我运行状态正常状态	自我动作实现.外设模块.ixx:5790	执行对应模块、线程或方法的运行逻辑。	2	1
特征_自我运行状态正常状态	特征_自我运行状态正常状态	自我动作实现模块.ixx:2219	执行对应模块、线程或方法的运行逻辑。	2	1
特征_范围内点比例	特征_范围内点比例	自我动作实现.外设模块.ixx:4383	按函数名执行对应处理。	7	7
特征_范围变化量	特征_范围变化量	自我动作实现.外设模块.ixx:3732	按函数名执行对应处理。	3	3
特征_范围坐标AABB最大X	特征_范围坐标AABB最大X	自我动作实现.外设模块.ixx:3949	按函数名执行对应处理。	15	15
特征_范围坐标AABB最大Y	特征_范围坐标AABB最大Y	自我动作实现.外设模块.ixx:3963	按函数名执行对应处理。	15	15
特征_范围坐标AABB最大Z	特征_范围坐标AABB最大Z	自我动作实现.外设模块.ixx:3977	按函数名执行对应处理。	15	15
特征_范围坐标AABB最小X	特征_范围坐标AABB最小X	自我动作实现.外设模块.ixx:3942	按函数名执行对应处理。	15	15
特征_范围坐标AABB最小Y	特征_范围坐标AABB最小Y	自我动作实现.外设模块.ixx:3956	按函数名执行对应处理。	15	15
特征_范围坐标AABB最小Z	特征_范围坐标AABB最小Z	自我动作实现.外设模块.ixx:3970	按函数名执行对应处理。	15	15
特征_范围坐标重叠率	特征_范围坐标重叠率	自我动作实现.外设模块.ixx:3690	按函数名执行对应处理。	3	3
特征_范围稳定性评分	特征_范围稳定性评分	自我动作实现.外设模块.ixx:4040	按函数名执行对应处理。	9	9
特征_融合低稳定像素数量	特征_融合低稳定像素数量	自我动作实现.外设模块.ixx:2871	按函数名执行对应处理。	6	6
特征_融合依据帧集合状态	特征_融合依据帧集合状态	自我动作实现.外设模块.ixx:2815	按函数名执行对应处理。	6	6
特征_融合深度平均方差	特征_融合深度平均方差	自我动作实现.外设模块.ixx:2885	按函数名执行对应处理。	6	6
特征_融合深度有效像素数量	特征_融合深度有效像素数量	自我动作实现.外设模块.ixx:2850	按函数名执行对应处理。	6	6
特征_融合深度有效性结构状态	特征_融合深度有效性结构状态	自我动作实现.外设模块.ixx:2829	按函数名执行对应处理。	6	6
特征_融合深度有效率	特征_融合深度有效率	自我动作实现.外设模块.ixx:2857	按函数名执行对应处理。	8	8
特征_融合深度毫米结构状态	特征_融合深度毫米结构状态	自我动作实现.外设模块.ixx:2822	按函数名执行对应处理。	7	7
特征_融合深度稳定性平均值	特征_融合深度稳定性平均值	自我动作实现.外设模块.ixx:2878	按函数名执行对应处理。	6	6
特征_融合补偿深度空洞像素数量	特征_融合补偿深度空洞像素数量	自我动作实现.外设模块.ixx:2864	按函数名执行对应处理。	6	6
特征_融合轮廓数量	特征_融合轮廓数量	自我动作实现.外设模块.ixx:3151	按函数名执行对应处理。	6	6
特征_融合轮廓置信度	特征_融合轮廓置信度	自我动作实现.外设模块.ixx:3186	按函数名执行对应处理。	6	6
特征_补全候选数量	特征_补全候选数量	自我动作实现.外设模块.ixx:3263	按函数名执行对应处理。	7	7
特征_补全候选状态	特征_补全候选状态	自我动作实现.外设模块.ixx:5286	按函数名执行对应处理。	4	4
特征_补全深度低置信像素数量	特征_补全深度低置信像素数量	自我动作实现.外设模块.ixx:2780	按函数名执行对应处理。	6	6
特征_补全深度来源像素数量	特征_补全深度来源像素数量	自我动作实现.外设模块.ixx:2766	按函数名执行对应处理。	6	6
特征_补全深度毫米结构状态	特征_补全深度毫米结构状态	自我动作实现.外设模块.ixx:2710	按函数名执行对应处理。	6	6
特征_补观察缺口状态	特征_补观察缺口状态	自我动作实现.外设模块.ixx:3242	按函数名执行对应处理。	15	15
特征_补观察缺失原因	特征_补观察缺失原因	自我动作实现.外设模块.ixx:3249	按函数名执行对应处理。	10	10
特征_补观察需求建议	特征_补观察需求建议	自我动作实现.外设模块.ixx:3298	按函数名执行对应处理。	12	12
特征_被评估存在	特征_被评估存在	自我动作实现.外设模块.ixx:6748	评估状态、风险、质量、权重或完成度。	3	3
特征_被需求当前状态	特征_被需求当前状态	自我动作实现.外设模块.ixx:761	按函数名执行对应处理。	2	1
特征_被需求当前状态	特征_被需求当前状态	自我动作实现模块.ixx:257	按函数名执行对应处理。	2	1
特征_覆盖候选数量	特征_覆盖候选数量	自我动作实现.扫描.ixx:616	按函数名执行对应处理。	2	2
特征_覆盖冲突数量	特征_覆盖冲突数量	自我动作实现.扫描.ixx:502	按函数名执行对应处理。	3	3
特征_覆盖判断状态	特征_覆盖判断状态	自我动作实现.扫描.ixx:613	判断条件、状态或业务结果是否成立。	2	2
特征_覆盖数据项ID	特征_覆盖数据项ID	自我动作实现.扫描.ixx:607	按函数名执行对应处理。	2	2
特征_覆盖目标存在指针	特征_覆盖目标存在指针	自我动作实现.扫描.ixx:610	按函数名执行对应处理。	2	2
特征_覆盖记录序号	特征_覆盖记录序号	自我动作实现.扫描.ixx:604	记录日志、动态、证据或运行痕迹。	3	3
特征_观察事实完备失败条件数量	特征_观察事实完备失败条件数量	自我动作实现.外设模块.ixx:2591	按函数名执行对应处理。	5	5
特征_观察事实完备状态	特征_观察事实完备状态	自我动作实现.外设模块.ixx:2584	按函数名执行对应处理。	9	9
特征_观察变化事件类型	特征_观察变化事件类型	自我动作实现.外设模块.ixx:3767	按函数名执行对应处理。	4	4
特征_观察变化事件集合	特征_观察变化事件集合	自我动作实现.外设模块.ixx:3760	按函数名执行对应处理。	9	9
特征_观察存在与当前场景关联状态	特征_观察存在与当前场景关联状态	自我动作实现.外设模块.ixx:5125	按函数名执行对应处理。	5	5
特征_观察存在假设	特征_观察存在假设	自我动作实现.外设模块.ixx:4187	按函数名执行对应处理。	7	7
特征_观察存在匹配关系	特征_观察存在匹配关系	自我动作实现.外设模块.ixx:3676	按函数名执行对应处理。	5	5
特征_观察存在原始事实写入状态	特征_观察存在原始事实写入状态	自我动作实现.外设模块.ixx:5118	把处理结果写入指定对象、场景或日志。	5	5
特征_观察存在发现事实提交状态	特征_观察存在发现事实提交状态	自我动作实现.外设模块.ixx:5069	提交事实、动态、任务状态或运行回执。	5	5
特征_观察存在发现来源动作动态	特征_观察存在发现来源动作动态	自我动作实现.外设模块.ixx:5083	按函数名执行对应处理。	4	4
特征_观察存在发现状态	特征_观察存在发现状态	自我动作实现.外设模块.ixx:5076	按函数名执行对应处理。	9	9
特征_观察存在变化结果	特征_观察存在变化结果	自我动作实现.外设模块.ixx:3711	按函数名执行对应处理。	14	14
特征_观察存在特征值变化事实提交状态	特征_观察存在特征值变化事实提交状态	自我动作实现.外设模块.ixx:4530	提交事实、动态、任务状态或运行回执。	6	6
特征_观察存在确认状态	特征_观察存在确认状态	自我动作实现.外设模块.ixx:5307	确认候选事实、存在、状态或运行结果。	6	6
特征_观察帧到自我场景接口	特征_观察帧到自我场景接口	自我动作实现.外设模块.ixx:2458	按函数名执行对应处理。	5	5
特征_观察帧失效状态	特征_观察帧失效状态	自我动作实现.外设模块.ixx:2647	按函数名执行对应处理。	8	8
特征_观察帧容器状态	特征_观察帧容器状态	自我动作实现.外设模块.ixx:2423	按函数名执行对应处理。	9	9
特征_观察帧来源外设状态	特征_观察帧来源外设状态	自我动作实现.外设模块.ixx:2654	按函数名执行对应处理。	8	8
特征_观察帧组帧数	特征_观察帧组帧数	自我动作实现.外设模块.ixx:2808	按函数名执行对应处理。	6	6
特征_观察帧组状态	特征_观察帧组状态	自我动作实现.外设模块.ixx:2801	按函数名执行对应处理。	7	7
特征_观察帧质量诊断摘要	特征_观察帧质量诊断摘要	自我动作实现.外设模块.ixx:2997	按函数名执行对应处理。	10	10
特征_观察确认补偿状态	特征_观察确认补偿状态	自我动作实现.外设模块.ixx:5265	确认候选事实、存在、状态或运行结果。	4	4
特征_观察质量改善候选线索	特征_观察质量改善候选线索	自我动作实现.外设模块.ixx:2983	按函数名执行对应处理。	3	3
特征_观察质量改善线索状态	特征_观察质量改善线索状态	自我动作实现.外设模块.ixx:2976	按函数名执行对应处理。	3	3
特征_观察队列候选数量	特征_观察队列候选数量	自我动作实现.外设模块.ixx:4110	按函数名执行对应处理。	3	3
特征_观察队列排序位次	特征_观察队列排序位次	自我动作实现.外设模块.ixx:4152	按函数名执行对应处理。	2	2
特征_视野外证据数量	特征_视野外证据数量	自我动作实现.扫描.ixx:538	按函数名执行对应处理。	2	2
特征_证据强度	特征_证据强度	自我动作实现.服务模块.ixx:461	按函数名执行对应处理。	5	5
特征_证据强度达到确认阈值	特征_证据强度达到确认阈值	自我动作实现.服务模块.ixx:477	确认候选事实、存在、状态或运行结果。	2	2
特征_证据缺口	特征_证据缺口	自我动作实现.服务模块.ixx:565	按函数名执行对应处理。	2	2
特征_诊断区域像素数量	特征_诊断区域像素数量	自我动作实现.外设模块.ixx:3095	按函数名执行对应处理。	3	3
特征_诊断区域图层类型	特征_诊断区域图层类型	自我动作实现.外设模块.ixx:3053	按函数名执行对应处理。	4	4
特征_诊断区域投影最大X	特征_诊断区域投影最大X	自我动作实现.外设模块.ixx:3074	按函数名执行对应处理。	3	3
特征_诊断区域投影最大Y	特征_诊断区域投影最大Y	自我动作实现.外设模块.ixx:3088	按函数名执行对应处理。	3	3
特征_诊断区域投影最小X	特征_诊断区域投影最小X	自我动作实现.外设模块.ixx:3067	按函数名执行对应处理。	3	3
特征_诊断区域投影最小Y	特征_诊断区域投影最小Y	自我动作实现.外设模块.ixx:3081	按函数名执行对应处理。	3	3
特征_诊断区域掩码状态	特征_诊断区域掩码状态	自我动作实现.外设模块.ixx:3039	按函数名执行对应处理。	6	6
特征_诊断区域数量	特征_诊断区域数量	自我动作实现.外设模块.ixx:3025	按函数名执行对应处理。	4	4
特征_诊断区域来源候选编号	特征_诊断区域来源候选编号	自我动作实现.外设模块.ixx:3060	按函数名执行对应处理。	3	3
特征_诊断区域编号	特征_诊断区域编号	自我动作实现.外设模块.ixx:3046	按函数名执行对应处理。	4	4
特征_诊断区域置信度	特征_诊断区域置信度	自我动作实现.外设模块.ixx:3102	按函数名执行对应处理。	3	3
特征_诊断区域集合状态	特征_诊断区域集合状态	自我动作实现.外设模块.ixx:3032	按函数名执行对应处理。	4	4
特征_诊断摘要状态	特征_诊断摘要状态	自我动作实现.外设模块.ixx:3858	按函数名执行对应处理。	3	3
特征_试运行次数	特征_试运行次数	自我动作实现.外设模块.ixx:5489	执行对应模块、线程或方法的运行逻辑。	4	1
特征_试运行次数	特征_试运行次数	自我动作实现模块.ixx:1897	执行对应模块、线程或方法的运行逻辑。	4	3
特征_试运行限制包	特征_试运行限制包	自我动作实现.外设模块.ixx:5503	执行对应模块、线程或方法的运行逻辑。	3	1
特征_试运行限制包	特征_试运行限制包	自我动作实现模块.ixx:1911	执行对应模块、线程或方法的运行逻辑。	3	2
特征_读取特征类型	特征_读取特征类型	自我动作实现.外设模块.ixx:1111	从指定来源读取数据或状态。	4	2
特征_读取特征类型	特征_读取特征类型	自我动作实现模块.ixx:620	从指定来源读取数据或状态。	4	2
特征_调用信息	特征_调用信息	自我动作实现.外设模块.ixx:733	按函数名执行对应处理。	8	3
特征_调用信息	特征_调用信息	自我动作实现.服务模块.ixx:29	按函数名执行对应处理。	8	3
特征_调用信息	特征_调用信息	自我动作实现模块.ixx:152	按函数名执行对应处理。	8	2
特征_负向影响处置需求明确状态	特征_负向影响处置需求明确状态	自我动作实现.外设模块.ixx:6398	按函数名执行对应处理。	14	14
特征_质量可用状态	特征_质量可用状态	自我动作实现.外设模块.ixx:2598	按函数名执行对应处理。	10	10
特征_质量失败条件数量	特征_质量失败条件数量	自我动作实现.外设模块.ixx:2605	按函数名执行对应处理。	7	7
特征_质量缺口原因集合	特征_质量缺口原因集合	自我动作实现.外设模块.ixx:2948	按函数名执行对应处理。	3	3
特征_质量缺口状态	特征_质量缺口状态	自我动作实现.外设模块.ixx:2941	按函数名执行对应处理。	3	3
特征_质量诊断状态	特征_质量诊断状态	自我动作实现.外设模块.ixx:2920	按函数名执行对应处理。	6	6
特征_资源压力降低状态	特征_资源压力降低状态	自我动作实现.外设模块.ixx:6832	按函数名执行对应处理。	2	1
特征_资源压力降低状态	特征_资源压力降低状态	自我动作实现模块.ixx:2275	按函数名执行对应处理。	2	1
特征_资源状态明确状态	特征_资源状态明确状态	自我动作实现.外设模块.ixx:5797	按函数名执行对应处理。	2	1
特征_资源状态明确状态	特征_资源状态明确状态	自我动作实现模块.ixx:2226	按函数名执行对应处理。	2	1
特征_资源状态足够状态	特征_资源状态足够状态	自我动作实现.外设模块.ixx:5804	按函数名执行对应处理。	2	1
特征_资源状态足够状态	特征_资源状态足够状态	自我动作实现模块.ixx:2233	按函数名执行对应处理。	2	1
特征_距离变化量	特征_距离变化量	自我动作实现.外设模块.ixx:3746	按函数名执行对应处理。	3	3
特征_跟踪区间迁移值	特征_跟踪区间迁移值	自我动作实现.外设模块.ixx:4656	执行跟踪相关定位、匹配或结果输出逻辑。	3	3
特征_跟踪区间迁移状态	特征_跟踪区间迁移状态	自我动作实现.外设模块.ixx:4649	执行跟踪相关定位、匹配或结果输出逻辑。	6	6
特征_跟踪基准特征状态	特征_跟踪基准特征状态	自我动作实现.外设模块.ixx:4621	执行跟踪相关定位、匹配或结果输出逻辑。	10	10
特征_跟踪预测区间状态	特征_跟踪预测区间状态	自我动作实现.外设模块.ixx:4628	执行跟踪相关定位、匹配或结果输出逻辑。	5	5
特征_跟踪预测误差值	特征_跟踪预测误差值	自我动作实现.外设模块.ixx:4642	执行跟踪相关定位、匹配或结果输出逻辑。	3	3
特征_跟踪预测误差状态	特征_跟踪预测误差状态	自我动作实现.外设模块.ixx:4635	执行跟踪相关定位、匹配或结果输出逻辑。	6	6
特征_跨越深度断裂轮廓数量	特征_跨越深度断裂轮廓数量	自我动作实现.外设模块.ixx:3193	按函数名执行对应处理。	6	6
特征_轮廓依赖补全深度	特征_轮廓依赖补全深度	自我动作实现.外设模块.ixx:4418	按函数名执行对应处理。	3	3
特征_轮廓冲突像素数	特征_轮廓冲突像素数	自我动作实现.外设模块.ixx:4369	按函数名执行对应处理。	5	5
特征_轮廓分区项序号	特征_轮廓分区项序号	自我动作实现.外设模块.ixx:5216	按函数名执行对应处理。	3	3
特征_轮廓匹配分数	特征_轮廓匹配分数	自我动作实现.外设模块.ixx:5237	按函数名执行对应处理。	5	5
特征_轮廓变化量	特征_轮廓变化量	自我动作实现.外设模块.ixx:3753	按函数名执行对应处理。	5	5
特征_轮廓吻合率	特征_轮廓吻合率	自我动作实现.外设模块.ixx:4397	按函数名执行对应处理。	8	8
特征_轮廓支持像素数	特征_轮廓支持像素数	自我动作实现.外设模块.ixx:4362	按函数名执行对应处理。	5	5
特征_轮廓支持评分	特征_轮廓支持评分	自我动作实现.外设模块.ixx:4313	按函数名执行对应处理。	3	3
特征_轮廓数量	特征_轮廓数量	自我动作实现.外设模块.ixx:2374	按函数名执行对应处理。	7	6
特征_轮廓数量	特征_轮廓数量	自我动作实现模块.ixx:1736	按函数名执行对应处理。	7	1
特征_轮廓断裂数量	特征_轮廓断裂数量	自我动作实现.外设模块.ixx:3123	按函数名执行对应处理。	6	6
特征_轮廓来源分层状态	特征_轮廓来源分层状态	自我动作实现.外设模块.ixx:3158	按函数名执行对应处理。	6	6
特征_轮廓来源类型	特征_轮廓来源类型	自我动作实现.外设模块.ixx:4320	按函数名执行对应处理。	3	3
特征_轮廓残差	特征_轮廓残差	自我动作实现.外设模块.ixx:5258	按函数名执行对应处理。	5	5
特征_轮廓深度支持率	特征_轮廓深度支持率	自我动作实现.外设模块.ixx:3165	按函数名执行对应处理。	8	8
特征_轮廓空间支持率	特征_轮廓空间支持率	自我动作实现.外设模块.ixx:3179	按函数名执行对应处理。	8	8
特征_轮廓穿过深度无效区域	特征_轮廓穿过深度无效区域	自我动作实现.外设模块.ixx:4411	按函数名执行对应处理。	3	3
特征_轮廓置信度	特征_轮廓置信度	自我动作实现.外设模块.ixx:4425	按函数名执行对应处理。	3	3
特征_轮廓跨越深度断裂	特征_轮廓跨越深度断裂	自我动作实现.外设模块.ixx:4404	按函数名执行对应处理。	3	3
特征_轮廓闭合度	特征_轮廓闭合度	自我动作实现.外设模块.ixx:4327	按函数名执行对应处理。	4	4
特征_轮廓闭合率	特征_轮廓闭合率	自我动作实现.外设模块.ixx:3116	按函数名执行对应处理。	7	7
特征_轮廓颜色支持率	特征_轮廓颜色支持率	自我动作实现.外设模块.ixx:3172	按函数名执行对应处理。	8	8
特征_输入参数场景	特征_输入参数场景	自我动作实现.外设模块.ixx:1543	按函数名执行对应处理。	7	3
特征_输入参数场景	特征_输入参数场景	自我动作实现.扫描.ixx:439	按函数名执行对应处理。	7	2
特征_输入参数场景	特征_输入参数场景	自我动作实现模块.ixx:1059	按函数名执行对应处理。	7	2
特征_输入场景	特征_输入场景	自我动作实现.服务模块.ixx:197	按函数名执行对应处理。	6	5
特征_输入条件包	特征_输入条件包	任务模块.筹办.ixx:3062	按函数名执行对应处理。	75	13
特征_输入条件包	特征_输入条件包	自我动作实现.外设模块.ixx:698	按函数名执行对应处理。	75	48
特征_输入条件包	特征_输入条件包	自我动作实现.服务模块.ixx:37	按函数名执行对应处理。	75	2
特征_输入条件包	特征_输入条件包	自我动作实现模块.ixx:117	按函数名执行对应处理。	75	12
特征_输出场景	特征_输出场景	自我动作实现.服务模块.ixx:205	按函数名执行对应处理。	7	5
特征_输出场景同步状态	特征_输出场景同步状态	自我动作实现.扫描.ixx:676	同步线程、任务、场景或对象之间的状态。	2	2
特征_输出结果场景	特征_输出结果场景	自我动作实现.外设模块.ixx:1550	按函数名执行对应处理。	16	3
特征_输出结果场景	特征_输出结果场景	自我动作实现.扫描.ixx:442	按函数名执行对应处理。	16	2
特征_输出结果场景	特征_输出结果场景	自我动作实现.服务模块.ixx:213	按函数名执行对应处理。	16	4
特征_输出结果场景	特征_输出结果场景	自我动作实现模块.ixx:1066	按函数名执行对应处理。	16	3
特征_边界深度稳定率	特征_边界深度稳定率	自我动作实现.外设模块.ixx:3221	按函数名执行对应处理。	7	7
特征_运行ID	特征_运行ID	自我动作实现.扫描.ixx:433	执行对应模块、线程或方法的运行逻辑。	3	3
特征_运行参数	特征_运行参数	自我动作实现.外设模块.ixx:677	执行对应模块、线程或方法的运行逻辑。	10	5
特征_运行参数	特征_运行参数	自我动作实现.服务模块.ixx:53	执行对应模块、线程或方法的运行逻辑。	10	2
特征_运行参数	特征_运行参数	自我动作实现模块.ixx:96	执行对应模块、线程或方法的运行逻辑。	10	3
特征_运行时长	特征_运行时长	自我动作实现.外设模块.ixx:1125	执行对应模块、线程或方法的运行逻辑。	8	4
特征_运行时长	特征_运行时长	自我动作实现模块.ixx:634	执行对应模块、线程或方法的运行逻辑。	8	4
特征_运行次数	特征_运行次数	自我动作实现.外设模块.ixx:1132	执行对应模块、线程或方法的运行逻辑。	6	3
特征_运行次数	特征_运行次数	自我动作实现模块.ixx:641	执行对应模块、线程或方法的运行逻辑。	6	3
特征_运行状态	特征_运行状态	自我动作实现.外设模块.ixx:2150	执行对应模块、线程或方法的运行逻辑。	21	20
特征_运行状态	特征_运行状态	自我动作实现模块.ixx:1666	执行对应模块、线程或方法的运行逻辑。	21	1
特征_返回参数信息	特征_返回参数信息	自我动作实现.外设模块.ixx:1557	按函数名执行对应处理。	4	2
特征_返回参数信息	特征_返回参数信息	自我动作实现模块.ixx:1073	按函数名执行对应处理。	4	2
特征_返回场景信息	特征_返回场景信息	自我动作实现.外设模块.ixx:1564	按函数名执行对应处理。	4	2
特征_返回场景信息	特征_返回场景信息	自我动作实现模块.ixx:1080	按函数名执行对应处理。	4	2
特征_选中方法虚拟存在	特征_选中方法虚拟存在	自我动作实现.外设模块.ixx:1926	按函数名执行对应处理。	2	1
特征_选中方法虚拟存在	特征_选中方法虚拟存在	自我动作实现模块.ixx:1442	按函数名执行对应处理。	2	1
特征_选中方法首节点	特征_选中方法首节点	自我动作实现.外设模块.ixx:1898	按函数名执行对应处理。	5	1
特征_选中方法首节点	特征_选中方法首节点	自我动作实现模块.ixx:1414	按函数名执行对应处理。	5	4
特征_选中自我能力值	特征_选中自我能力值	任务模块.筹办.ixx:3076	按函数名执行对应处理。	14	5
特征_选中自我能力值	特征_选中自我能力值	自我动作实现.外设模块.ixx:1905	按函数名执行对应处理。	14	1
特征_选中自我能力值	特征_选中自我能力值	自我动作实现模块.ixx:1421	按函数名执行对应处理。	14	7
特征_遮挡像素数	特征_遮挡像素数	自我动作实现.外设模块.ixx:4432	按函数名执行对应处理。	5	5
特征_遮蔽覆盖证据数量	特征_遮蔽覆盖证据数量	自我动作实现.扫描.ixx:541	按函数名执行对应处理。	2	2
特征_部分确认候选数量	特征_部分确认候选数量	自我动作实现.外设模块.ixx:3291	确认候选事实、存在、状态或运行结果。	7	7
特征_配对状态	特征_配对状态	自我动作实现.外设模块.ixx:1877	按函数名执行对应处理。	4	1
特征_配对状态	特征_配对状态	自我动作实现模块.ixx:1393	按函数名执行对应处理。	4	3
特征_重复映射数量	特征_重复映射数量	自我动作实现.外设模块.ixx:2528	按函数名执行对应处理。	4	4
特征_错误日志证据状态	特征_错误日志证据状态	自我动作实现.扫描.ixx:703	按函数名执行对应处理。	3	3
特征_降级保护状态	特征_降级保护状态	自我动作实现.外设模块.ixx:6825	按函数名执行对应处理。	7	6
特征_降级保护状态	特征_降级保护状态	自我动作实现模块.ixx:2268	按函数名执行对应处理。	7	1
特征_限制包	特征_限制包	自我动作实现.外设模块.ixx:5398	按函数名执行对应处理。	2	1
特征_限制包	特征_限制包	自我动作实现模块.ixx:1806	按函数名执行对应处理。	2	1
特征_需求有效截止	特征_需求有效截止	自我动作实现.外设模块.ixx:768	按函数名执行对应处理。	2	1
特征_需求有效截止	特征_需求有效截止	自我动作实现模块.ixx:264	按函数名执行对应处理。	2	1
特征_需求条件包	特征_需求条件包	自我动作实现.外设模块.ixx:1660	按函数名执行对应处理。	3	1
特征_需求条件包	特征_需求条件包	自我动作实现模块.ixx:1176	按函数名执行对应处理。	3	1
特征_需求来源状态	特征_需求来源状态	自我动作实现.扫描.ixx:673	按函数名执行对应处理。	3	3
特征_需求满足情况	特征_需求满足情况	自我动作实现.外设模块.ixx:5727	按函数名执行对应处理。	5	2
特征_需求满足情况	特征_需求满足情况	自我动作实现模块.ixx:2156	按函数名执行对应处理。	5	3
特征_需求状态动作动态	特征_需求状态动作动态	自我动作实现.外设模块.ixx:894	按函数名执行对应处理。	3	1
特征_需求状态动作动态	特征_需求状态动作动态	自我动作实现模块.ixx:390	按函数名执行对应处理。	3	2
特征_非必要任务暂停状态	特征_非必要任务暂停状态	自我动作实现.外设模块.ixx:6846	按函数名执行对应处理。	2	1
特征_非必要任务暂停状态	特征_非必要任务暂停状态	自我动作实现模块.ixx:2289	按函数名执行对应处理。	2	1
特征_非重复系数	特征_非重复系数	自我动作实现.服务模块.ixx:629	按函数名执行对应处理。	2	2
特征_顶点缓冲	特征_顶点缓冲	自我动作实现.外设模块.ixx:3865	按函数名执行对应处理。	3	3
特征_预期像素数量	特征_预期像素数量	自我动作实现.外设模块.ixx:2500	按函数名执行对应处理。	9	9
特征_预测状态	特征_预测状态	自我动作实现.外设模块.ixx:5628	按函数名执行对应处理。	5	1
特征_预测状态	特征_预测状态	自我动作实现模块.ixx:2036	按函数名执行对应处理。	5	4
特征_颜色RGB结构状态	特征_颜色RGB结构状态	自我动作实现.外设模块.ixx:2689	按函数名执行对应处理。	8	8
特征_颜色像素数量	特征_颜色像素数量	自我动作实现.外设模块.ixx:2535	按函数名执行对应处理。	7	7
特征_颜色缓冲	特征_颜色缓冲	自我动作实现.外设模块.ixx:3872	按函数名执行对应处理。	3	3
特征_风险传播阻断状态	特征_风险传播阻断状态	自我动作实现.外设模块.ixx:6839	按函数名执行对应处理。	2	1
特征_风险传播阻断状态	特征_风险传播阻断状态	自我动作实现模块.ixx:2282	按函数名执行对应处理。	2	1
特征_风险判断适用状态	特征_风险判断适用状态	自我动作实现.外设模块.ixx:2962	判断条件、状态或业务结果是否成立。	3	3
特征_风险安全_场景影响部分不可结算原因	特征_风险安全_场景影响部分不可结算原因	自我动作实现.外设模块.ixx:6440	结算任务、需求、价值或结果贡献。	7	7
特征_风险安全_场景影响部分候选	特征_风险安全_场景影响部分候选	自我动作实现.外设模块.ixx:6426	按函数名执行对应处理。	6	6
特征_风险安全_场景影响部分变化方向	特征_风险安全_场景影响部分变化方向	自我动作实现.外设模块.ixx:6482	按函数名执行对应处理。	5	5
特征_风险安全_场景影响部分可结算状态	特征_风险安全_场景影响部分可结算状态	自我动作实现.外设模块.ixx:6433	结算任务、需求、价值或结果贡献。	7	7
特征_风险安全_场景影响部分已入账状态	特征_风险安全_场景影响部分已入账状态	自我动作实现.外设模块.ixx:6447	按函数名执行对应处理。	8	8
特征_风险安全_场景影响部分提交拒绝原因	特征_风险安全_场景影响部分提交拒绝原因	自我动作实现.外设模块.ixx:6496	提交事实、动态、任务状态或运行回执。	3	3
特征_风险安全_场景影响部分提交状态	特征_风险安全_场景影响部分提交状态	自我动作实现.外设模块.ixx:6489	提交事实、动态、任务状态或运行回执。	5	5
特征_风险安全_未知影响部分证据搜索状态	特征_风险安全_未知影响部分证据搜索状态	自我动作实现.外设模块.ixx:6475	在候选范围内搜索目标对象或路径。	4	4
特征_风险安全_权限影响部分证据搜索状态	特征_风险安全_权限影响部分证据搜索状态	自我动作实现.外设模块.ixx:6468	在候选范围内搜索目标对象或路径。	4	4
特征_风险安全_资源影响部分证据搜索状态	特征_风险安全_资源影响部分证据搜索状态	自我动作实现.外设模块.ixx:6461	在候选范围内搜索目标对象或路径。	4	4
特征_风险安全_运行影响部分证据搜索状态	特征_风险安全_运行影响部分证据搜索状态	自我动作实现.外设模块.ixx:6454	在候选范围内搜索目标对象或路径。	4	4
特征_风险状态可控状态	特征_风险状态可控状态	自我动作实现.外设模块.ixx:5825	按函数名执行对应处理。	2	1
特征_风险状态可控状态	特征_风险状态可控状态	自我动作实现模块.ixx:2254	按函数名执行对应处理。	2	1
特征_风险状态明确状态	特征_风险状态明确状态	自我动作实现.外设模块.ixx:5818	按函数名执行对应处理。	6	5
特征_风险状态明确状态	特征_风险状态明确状态	自我动作实现模块.ixx:2247	按函数名执行对应处理。	6	1
特征_首选观察候选中心接近评分	特征_首选观察候选中心接近评分	自我动作实现.外设模块.ixx:4138	按函数名执行对应处理。	3	3
特征_首选观察候选优先级评分	特征_首选观察候选优先级评分	自我动作实现.外设模块.ixx:4124	按函数名执行对应处理。	3	3
特征_首选观察候选相对独立状态	特征_首选观察候选相对独立状态	自我动作实现.外设模块.ixx:4131	按函数名执行对应处理。	3	3
特征_首选观察候选编号	特征_首选观察候选编号	自我动作实现.外设模块.ixx:4117	按函数名执行对应处理。	3	3
特征_首选观察候选范围大小评分	特征_首选观察候选范围大小评分	自我动作实现.外设模块.ixx:4145	按函数名执行对应处理。	3	3
特征_验证特征集合	特征_验证特征集合	自我动作实现.服务模块.ixx:77	按函数名执行对应处理。	2	2
特征值主信息类	特征值主信息类	特征值主信息类.h:22	按函数名执行对应处理。	28	14	header_or_inline
特征值有效	特征值有效	基础数据类型.h:246	按函数名执行对应处理。	19	2	header_or_inline
特征值节点对应特征类型词	特征值节点对应特征类型词	自我动作实现模块.ixx:4508	按函数名执行对应处理。	2	2
特征已有真实值_筹办	特征已有真实值_筹办	任务模块.筹办.ixx:3854	推进任务筹办，形成候选、缺口或就绪回执。	6	6
特征快照有值	特征快照有值	基础数据类型.h:251	按函数名执行对应处理。	1	1	header_or_inline
特征是学习信息补齐状态	特征是学习信息补齐状态	任务模块.筹办.ixx:508	补齐条件、参数、证据或方法能力缺口。	4	4
特征有值	特征有值	本能动作类.ixx:38	按函数名执行对应处理。	3	3
特征生命周期仍在试用暴露期	特征生命周期仍在试用暴露期	基础数据类型.h:1244	按函数名执行对应处理。	3	3	header_or_inline
特征类::VecU解释规则_按特征类型	VecU解释规则_按特征类型	特征类.cpp:3152	按函数名执行对应处理。	3	2	member_or_public_like
特征类::三维体素包围立方体细分层数	三维体素包围立方体细分层数	特征类.cpp:3191	计算权重、状态、差值或派生结果。	3	2	member_or_public_like
特征类::三维体素占据位块数量	三维体素占据位块数量	特征类.cpp:3205	计算权重、状态、差值或派生结果。	4	3	member_or_public_like
特征类::三维体素最终边长	三维体素最终边长	特征类.cpp:3184	计算权重、状态、差值或派生结果。	9	8	member_or_public_like
特征类::三维体素长方体占据位块数量	三维体素长方体占据位块数量	特征类.cpp:3213	计算权重、状态、差值或派生结果。	4	3	member_or_public_like
特征类::从多视角轮廓图生成三维体素	从多视角轮廓图生成三维体素	特征类.cpp:3710	根据多视角已对齐轮廓图生成长方体体素占据位块和颜色体素数量。	4	2	member_or_public_like
特征类::写入三维体素二分层链	写入三维体素二分层链	特征类.cpp:3481	把处理结果写入指定对象、场景或日志。	7	5	member_or_public_like
特征类::写入三维体素二分层链	写入三维体素二分层链	特征类.cpp:3506	把处理结果写入指定对象、场景或日志。	7	5	member_or_public_like
特征类::写入三维体素占据位	写入三维体素占据位	特征类.cpp:3264	把处理结果写入指定对象、场景或日志。	3	2	member_or_public_like
特征类::写入三维体素特征值	写入三维体素特征值	特征类.cpp:2829	把处理结果写入指定对象、场景或日志。	3	2	member_or_public_like
特征类::写入三维体素长方体二分层链	写入三维体素长方体二分层链	特征类.cpp:3609	把长方体输入归一化后写入三维体素二分层链。	2	1	member_or_public_like
特征类::写入三维体素长方体占据位	写入三维体素长方体占据位	特征类.cpp:3313	把处理结果写入指定对象、场景或日志。	2	1	member_or_public_like
特征类::写入特征值	写入特征值	特征类.cpp:2803	把处理结果写入指定对象、场景或日志。	26	10	member_or_public_like
特征类::写入特征值_I64	写入特征值_I64	特征类.cpp:2811	把处理结果写入指定对象、场景或日志。	4	1	member_or_public_like
特征类::写入特征值_VecU句柄	写入特征值_VecU句柄	特征类.cpp:2817	把处理结果写入指定对象、场景或日志。	4	2	member_or_public_like
特征类::写入特征值_指针句柄	写入特征值_指针句柄	特征类.cpp:2823	把处理结果写入指定对象、场景或日志。	4	1	member_or_public_like
特征类::写入特征值_按参数	写入特征值_按参数	特征类.cpp:2659	把处理结果写入指定对象、场景或日志。	3	2	member_or_public_like
特征类::创建三维体素占据位块	创建三维体素占据位块	特征类.cpp:3223	创建并返回或登记对应对象。	3	2	member_or_public_like,contract_like
特征类::创建三维体素根节点VecU	创建三维体素根节点VecU	特征类.cpp:3376	创建并返回或登记对应对象。	3	2	member_or_public_like,contract_like
特征类::创建三维体素链节点VecU	创建三维体素链节点VecU	特征类.cpp:3411	创建并返回或登记对应对象。	3	2	member_or_public_like,contract_like
特征类::创建三维体素长方体占据位块	创建三维体素长方体占据位块	特征类.cpp:3233	创建并返回或登记对应对象。	3	2	member_or_public_like,contract_like
特征类::创建叶子抽象特征	创建叶子抽象特征	特征类.cpp:651	创建并返回或登记对应对象。	5	1	member_or_public_like,contract_like
特征类::创建复合抽象特征	创建复合抽象特征	特征类.cpp:679	创建并返回或登记对应对象。	5	1	member_or_public_like,contract_like
特征类::创建抽象特征	创建抽象特征	特征类.cpp:629	创建并返回或登记对应对象。	34	9	member_or_public_like,contract_like
特征类::创建抽象特征_按类型	创建抽象特征_按类型	特征类.cpp:694	创建并返回或登记对应对象。	12	3	member_or_public_like,contract_like
特征类::创建特征	创建特征	特征类.cpp:2301	创建并返回或登记对应对象。	18	6	member_or_public_like,contract_like
特征类::创建特征_按类型	创建特征_按类型	特征类.cpp:2308	创建并返回或登记对应对象。	8	3	member_or_public_like,contract_like
特征类::初始化常用抽象特征	初始化常用抽象特征	特征类.cpp:798	初始化相关对象、状态或运行上下文。	11	1	member_or_public_like
特征类::删除特征	删除特征	特征类.cpp:2332	删除指定对象、状态或登记项。	8	1	member_or_public_like,contract_like
特征类::匹配抽象特征	匹配抽象特征	特征类.cpp:2572	按函数名执行对应处理。	8	4	member_or_public_like
特征类::升格当前稳态为抽象区间	升格当前稳态为抽象区间	特征类.cpp:2951	按函数名执行对应处理。	3	1	member_or_public_like
特征类::取或创建子抽象特征_按类型	取或创建子抽象特征_按类型	特征类.cpp:787	创建并返回或登记对应对象。	3	1	member_or_public_like
特征类::取或创建子特征_按类型	取或创建子特征_按类型	特征类.cpp:2323	创建并返回或登记对应对象。	49	1	member_or_public_like
特征类::取或创建实例特征_按抽象特征	取或创建实例特征_按抽象特征	特征类.cpp:2639	创建并返回或登记对应对象。	7	1	member_or_public_like
特征类::取抽象特征主信息	取抽象特征主信息	特征类.cpp:617	按函数名执行对应处理。	61	35	member_or_public_like
特征类::取抽象特征主信息	取抽象特征主信息	特征类.cpp:623	按函数名执行对应处理。	61	35	member_or_public_like
特征类::取特征主信息	取特征主信息	特征类.cpp:578	按函数名执行对应处理。	84	24	member_or_public_like
特征类::取特征主信息	取特征主信息	特征类.cpp:584	按函数名执行对应处理。	84	24	member_or_public_like
特征类::合并抽象区间	合并抽象区间	特征类.cpp:2998	按函数名执行对应处理。	2	1	member_or_public_like
特征类::复制子特征到宿主	复制子特征到宿主	特征类.cpp:2425	把来源宿主的直接子特征复制到目标宿主，已存在同类型特征时不覆盖。	3	1	member_or_public_like
特征类::常用抽象特征已初始化	常用抽象特征已初始化	特征类.cpp:1965	初始化相关对象、状态或运行上下文。	2	1	member_or_public_like
特征类::归一化三维体素长方体占据位块	归一化三维体素长方体占据位块	特征类.cpp:3344	把长方体输入归一化到标准包围立方体，填充区保持为空体素。	3	2	member_or_public_like
特征类::抽象特征是离散点枚举	抽象特征是离散点枚举	特征类.cpp:2442	判断抽象特征是否由两个以上 I64 点值叶子状态组成。	3	1	member_or_public_like
特征类::按主键解析特征节点	按主键解析特征节点	特征类.cpp:590	按主键查找并解析特征节点，不创建或修改节点。	19	3	member_or_public_like
特征类::枚举全部特征	枚举全部特征	特征类.cpp:2338	按函数名执行对应处理。	2	1	member_or_public_like,contract_like
特征类::枚举命中抽象状态	枚举命中抽象状态	特征类.cpp:2866	按函数名执行对应处理。	3	2	member_or_public_like,contract_like
特征类::查找子抽象特征_按名称	查找子抽象特征_按名称	特征类.cpp:731	按条件查找目标对象、方法或事实。	2	1	member_or_public_like,contract_like
特征类::查找子抽象特征_按类型	查找子抽象特征_按类型	特征类.cpp:715	按条件查找目标对象、方法或事实。	15	4	member_or_public_like,contract_like
特征类::查找子特征_按名称	查找子特征_按名称	特征类.cpp:2383	按条件查找目标对象、方法或事实。	3	2	member_or_public_like,contract_like
特征类::查找子特征_按类型	查找子特征_按类型	特征类.cpp:2362	按条件查找目标对象、方法或事实。	27	3	member_or_public_like,contract_like
特征类::查找实例特征_按抽象特征	查找实例特征_按抽象特征	特征类.cpp:2615	按条件查找目标对象、方法或事实。	3	2	member_or_public_like,contract_like
特征类::查询三维体素二分层链	查询三维体素二分层链	特征类.cpp:3641	按条件查找目标对象、方法或事实。	3	2	member_or_public_like
特征类::校验坐标类VecI64_按特征类型	校验坐标类VecI64_按特征类型	特征类.cpp:4132	按函数名执行对应处理。	4	1	member_or_public_like
特征类::校验坐标链VecI64	校验坐标链VecI64	特征类.cpp:4112	按函数名执行对应处理。	7	6	member_or_public_like
特征类::校验平面轮廓VecI64	校验平面轮廓VecI64	特征类.cpp:4120	按函数名执行对应处理。	2	1	member_or_public_like
特征类::校验抽象特征子链	校验抽象特征子链	特征类.cpp:747	按函数名执行对应处理。	7	3	member_or_public_like
特征类::校验空间极值轮廓VecI64	校验空间极值轮廓VecI64	特征类.cpp:4126	按函数名执行对应处理。	2	1	member_or_public_like
特征类::比较同语义特征值	比较同语义特征值	特征类.cpp:3119	按特征引用读取类型和误差区间后比较特征值，不创建或修改节点。	3	1	member_or_public_like
特征类::比较坐标轮廓VecI64	比较坐标轮廓VecI64	特征类.cpp:4139	比较当前值、目标值或历史基准。	4	3	member_or_public_like
特征类::比较局部三维体素与三维体素链	比较局部三维体素与三维体素链	特征类.cpp:3938	根据已生成的局部三维体素，和已存存在体素链做只读相似度比较。	4	2	member_or_public_like
特征类::比较局部轮廓深度图与三维体素链	比较局部轮廓深度图与三维体素链	特征类.cpp:4086	根据局部深度轮廓生成的体素，和已存存在体素链做只读相似度比较。	2	1	member_or_public_like
特征类::比较平面轮廓VecI64	比较平面轮廓VecI64	特征类.cpp:4188	比较当前值、目标值或历史基准。	3	2	member_or_public_like
特征类::比较特征集合	比较特征集合	特征类.cpp:4276	比较当前值、目标值或历史基准。	3	1	member_or_public_like
特征类::比较状态	比较状态	特征类.cpp:4222	比较当前值、目标值或历史基准。	57	8	member_or_public_like
特征类::比较空间极值轮廓VecI64	比较空间极值轮廓VecI64	特征类.cpp:4194	比较当前值、目标值或历史基准。	3	2	member_or_public_like
特征类::比较轮廓VecI64_按特征类型	比较轮廓VecI64_按特征类型	特征类.cpp:4200	比较当前值、目标值或历史基准。	5	1	member_or_public_like
特征类::求值组合抽象特征	求值组合抽象特征	特征类.cpp:3017	按函数名执行对应处理。	5	1	member_or_public_like
特征类::清空三维体素特征值	清空三维体素特征值	特征类.cpp:2846	清理缓存、临时状态或运行资源。	2	1	member_or_public_like
特征类::清除实例特征局部区间覆盖	清除实例特征局部区间覆盖	特征类.cpp:2941	按函数名执行对应处理。	2	1	member_or_public_like
特征类::特征值命中值域	特征值命中值域	特征类.cpp:2509	按函数名执行对应处理。	7	6	member_or_public_like
特征类::特征值命中抽象特征值域	特征值命中抽象特征值域	特征类.cpp:2475	判断特征值是否命中抽象特征或其枚举子状态值域。	3	1	member_or_public_like
特征类::生成度量签名	生成度量签名	特征类.cpp:4358	根据当前输入生成目标数据、场景、动态或回执。	6	1	member_or_public_like
特征类::绑定基础信息	绑定基础信息	特征类.cpp:566	建立对象、任务、方法或因果之间的绑定关系。	34	1	member_or_public_like
特征类::获取子特征	获取子特征	特征类.cpp:2350	读取并返回指定对象、状态或运行材料。	20	3	member_or_public_like,contract_like
特征类::获取比较方式	获取比较方式	特征类.cpp:3030	读取并返回指定对象、状态或运行材料。	3	2	member_or_public_like,contract_like
特征类::获取比较方法结果	获取比较方法结果	特征类.cpp:3052	读取并返回指定对象、状态或运行材料。	11	3	member_or_public_like,contract_like
特征类::解析三维体素链节点VecU	解析三维体素链节点VecU	特征类.cpp:3438	从指定来源读取数据或状态。	7	6	member_or_public_like
特征类::解析实例特征命中抽象特征	解析实例特征命中抽象特征	特征类.cpp:2903	解析输入文本、消息、场景或运行包。	10	4	member_or_public_like
特征类::设置实例特征局部区间覆盖	设置实例特征局部区间覆盖	特征类.cpp:2931	设置对象字段、状态或运行参数。	2	1	member_or_public_like,contract_like
特征类::设置差异度函数	设置差异度函数	特征类.cpp:572	设置对象字段、状态或运行参数。	3	1	member_or_public_like,contract_like
特征类::读取三维体素占据位	读取三维体素占据位	特征类.cpp:3246	从指定来源读取数据或状态。	3	2	member_or_public_like,contract_like
特征类::读取三维体素特征值	读取三维体素特征值	特征类.cpp:2835	从指定来源读取数据或状态。	3	1	member_or_public_like,contract_like
特征类::读取三维体素长方体占据位	读取三维体素长方体占据位	特征类.cpp:3291	从指定来源读取数据或状态。	4	3	member_or_public_like,contract_like
特征类::读取子特征值_按类型	读取子特征值_按类型	特征类.cpp:2404	从指定来源读取数据或状态。	4	1	member_or_public_like,contract_like
特征类::读取特征值	读取特征值	特征类.cpp:2857	从指定来源读取数据或状态。	5	2	member_or_public_like,contract_like
特征类::读取特征语义类型	读取特征语义类型	特征类.cpp:600	读取特征语义类型，不创建或修改节点。	14	4	member_or_public_like,contract_like
特征类::读取特征语义类型_直接	读取特征语义类型_直接	特征类.cpp:607	读取特征语义类型，不创建或修改节点。	7	1	member_or_public_like,contract_like
特征类::轮廓坐标维度_按特征类型	轮廓坐标维度_按特征类型	特征类.cpp:4104	按函数名执行对应处理。	5	3	member_or_public_like
特征节点主信息类	特征节点主信息类	基础信息主信息类.h:353	按函数名执行对应处理。	63	7	header_or_inline
特征节点主信息类	特征节点主信息类	基础信息主信息类.h:356	按函数名执行对应处理。	63	7	header_or_inline
特征节点主信息类	特征节点主信息类	基础信息主信息类.h:361	按函数名执行对应处理。	63	7	header_or_inline
特征节点类型_筹办	特征节点类型_筹办	任务模块.筹办.ixx:3847	推进任务筹办，形成候选、缺口或就绪回执。	5	5
状态主信息	状态主信息	任务模块.筹办.ixx:441	按函数名执行对应处理。	367	6
状态主键_筹办日志	状态主键_筹办日志	任务模块.筹办.ixx:242	推进任务筹办，形成候选、缺口或就绪回执。	21	21
状态特征类型主键_已加锁	状态特征类型主键_已加锁	需求类.h:758	读取状态特征类型主键，不创建或修改节点。	2	2	header_or_inline
状态类::写入状态值	写入状态值	状态类.cpp:838	把处理结果写入指定对象、场景或日志。	6	1	member_or_public_like
状态类::创建世界状态	创建世界状态	状态类.cpp:494	创建并返回或登记对应对象。	3	2	member_or_public_like,contract_like
状态类::创建内部状态	创建内部状态	状态类.cpp:457	创建并返回或登记对应对象。	36	4	member_or_public_like,contract_like
状态类::创建状态	创建状态	状态类.cpp:317	创建并返回或登记对应对象。	48	4	member_or_public_like,contract_like
状态类::创建状态	创建状态	状态类.cpp:438	创建并返回或登记对应对象。	48	4	member_or_public_like,contract_like
状态类::删除状态	删除状态	状态类.cpp:533	删除指定对象、状态或登记项。	4	1	member_or_public_like,contract_like
状态类::取状态主信息	取状态主信息	状态类.cpp:163	按函数名执行对应处理。	72	19	member_or_public_like
状态类::取状态主信息	取状态主信息	状态类.cpp:169	按函数名执行对应处理。	72	19	member_or_public_like
状态类::可从活动状态链清理	可从活动状态链清理	状态类.cpp:623	清理缓存、临时状态或运行资源。	4	3	member_or_public_like
状态类::按主键解析状态节点	按主键解析状态节点	状态类.cpp:199	按主键查找并解析状态节点，不创建或修改节点。	23	1	member_or_public_like
状态类::按活动状态限量清理	按活动状态限量清理	状态类.cpp:738	清理缓存、临时状态或运行资源。	2	1	member_or_public_like
状态类::是否当前活动状态	是否当前活动状态	状态类.cpp:580	按函数名执行对应处理。	6	1	member_or_public_like
状态类::枚举全部状态	枚举全部状态	状态类.cpp:545	按函数名执行对应处理。	2	1	member_or_public_like,contract_like
状态类::标记变化	标记变化	状态类.cpp:851	按函数名执行对应处理。	3	1	member_or_public_like
状态类::清理已处理状态索引	清理已处理状态索引	状态类.cpp:651	清理缓存、临时状态或运行资源。	4	3	member_or_public_like
状态类::清理超过时间窗口的状态索引	清理超过时间窗口的状态索引	状态类.cpp:695	清理缓存、临时状态或运行资源。	2	1	member_or_public_like
状态类::清除最近清理问题快照	清除最近清理问题快照	状态类.cpp:817	清理缓存、临时状态或运行资源。	6	1	member_or_public_like
状态类::状态写入后整理	状态写入后整理	状态类.cpp:794	把处理结果写入指定对象、场景或日志。	11	10	member_or_public_like
状态类::状态有效检查	状态有效检查	状态类.cpp:292	检查状态、条件、缺口或运行约束。	13	12	member_or_public_like
状态类::生成状态	生成状态	状态类.cpp:270	根据当前输入生成目标数据、场景、动态或回执。	36	2	member_or_public_like
状态类::私有_取状态排序时间	私有_取状态排序时间	状态类.cpp:862	服务所在模块的内部辅助流程。	5	4
状态类::绑定主体特征	绑定主体特征	状态类.cpp:824	建立对象、任务、方法或因果之间的绑定关系。	3	1	member_or_public_like
状态类::绑定基础信息	绑定基础信息	状态类.cpp:157	建立对象、任务、方法或因果之间的绑定关系。	34	1	member_or_public_like
状态类::统计状态引用数量	统计状态引用数量	状态类.cpp:606	按函数名执行对应处理。	6	3	member_or_public_like
状态类::获取场景状态	获取场景状态	状态类.cpp:557	读取并返回指定对象、状态或运行材料。	11	1	member_or_public_like,contract_like
状态类::获取状态二次特征	获取状态二次特征	状态类.cpp:307	读取并返回指定对象、状态或运行材料。	2	1	member_or_public_like,contract_like
状态类::记录世界状态到场景	记录世界状态到场景	状态类.cpp:507	记录日志、动态、证据或运行痕迹。	2	1	member_or_public_like
状态类::记录内部特征状态	记录内部特征状态	状态类.cpp:520	记录日志、动态、证据或运行痕迹。	2	1	member_or_public_like
状态类::记录内部状态到场景	记录内部状态到场景	状态类.cpp:481	记录日志、动态、证据或运行痕迹。	2	1	member_or_public_like
状态类::读取最近清理问题快照	读取最近清理问题快照	状态类.cpp:810	从指定来源读取数据或状态。	6	1	member_or_public_like,contract_like
状态类::读取状态主体	读取状态主体	状态类.cpp:255	读取状态主体，不创建或修改节点。	29	8	member_or_public_like,contract_like
状态类::读取状态主体与特征	读取状态主体与特征	状态类.cpp:209	读取状态主体和状态特征，不创建或修改节点。	5	3	member_or_public_like,contract_like
状态类::读取状态主体特征和值引用	读取状态主体特征和值引用	状态类.cpp:175	读取状态主体、状态特征和值引用，不创建或修改节点。	13	1	member_or_public_like,contract_like
状态类::读取状态排序时间	读取状态排序时间	状态类.cpp:263	读取状态排序时间，不创建或修改节点。	8	2	member_or_public_like,contract_like
状态类::读取状态特征	读取状态特征	状态类.cpp:228	读取状态特征，不创建或修改节点。	13	4	member_or_public_like,contract_like
状态类::读取状态特征和值	读取状态特征和值	状态类.cpp:236	读取状态特征和值，不创建或修改节点。	6	2	member_or_public_like,contract_like
状态节点I64值	状态节点I64值	任务模块.筹办.ixx:468	按函数名执行对应处理。	7	7
状态节点主体	状态节点主体	任务模块.筹办.ixx:461	按函数名执行对应处理。	7	7
状态节点主信息类	状态节点主信息类	基础信息主信息类.h:489	按函数名执行对应处理。	93	3	header_or_inline
状态节点目标特征类型	状态节点目标特征类型	任务模块.筹办.ixx:449	按函数名执行对应处理。	2	2
生成SQLServerWindows认证ADO连接串	生成SQLServerWindows认证ADO连接串	数据库ADO模块.cpp:209	生成 SQL Server Windows 身份认证 ADO 连接串。	13	1
生成SQL控制面板HTML	生成SQL控制面板HTML	控制面板类.cpp:14918	从 SQL Server 读模型读取数据并生成控制面板 HTML。	6	4
生成三维轮廓金字塔	生成三维轮廓金字塔	特征值类.h:301	根据当前输入生成目标数据、场景、动态或回执。	2	2	header_or_inline
生成二维轮廓金字塔	生成二维轮廓金字塔	特征值类.h:247	根据当前输入生成目标数据、场景、动态或回执。	2	2	header_or_inline
生成冻结批次摘要	生成冻结批次摘要	自我线程模块.消息批次执行器.ixx:190	根据当前输入生成目标数据、场景、动态或回执。	2	2
生成前景掩膜	生成前景掩膜	D455相机类.cpp:635	根据当前输入生成目标数据、场景、动态或回执。	2	2
生成区间内I64参数	生成区间内I64参数	自我动作实现模块.ixx:6059	根据当前输入生成目标数据、场景、动态或回执。	2	2
生成区间扩展覆盖I64参数	生成区间扩展覆盖I64参数	自我动作实现模块.ixx:6000	根据当前输入生成目标数据、场景、动态或回执。	2	2
生成单个候选实参	生成单个候选实参	自我动作实现模块.ixx:6417	根据当前输入生成目标数据、场景、动态或回执。	2	2
生成句柄	生成句柄	特征值类.h:75	根据当前输入生成目标数据、场景、动态或回执。	4	1	header_or_inline
生成安全因果风险树缺口派生需求消息集	生成安全因果风险树缺口派生需求消息集	任务模块.筹办.ixx:5900	根据当前输入生成目标数据、场景、动态或回执。	2	2
生成尝试学习探索实参表	生成尝试学习探索实参表	自我动作实现模块.ixx:7032	根据当前输入生成目标数据、场景、动态或回执。	2	2
生成已验证观察存在项集合	生成已验证观察存在项集合	自我动作实现.外设模块.ixx:10572	根据当前输入生成目标数据、场景、动态或回执。	2	2
生成形参表候选实参	生成形参表候选实参	自我动作实现模块.ixx:6497	根据当前输入生成目标数据、场景、动态或回执。	2	2
生成文件路径	生成文件路径	日志模块.ixx:298	根据当前输入生成目标数据、场景、动态或回执。	2	2
生成无目的未出现I64参数	生成无目的未出现I64参数	自我动作实现模块.ixx:5863	根据当前输入生成目标数据、场景、动态或回执。	2	2
生成本轮扫描关注集合	生成本轮扫描关注集合	自我动作实现.扫描.ixx:1136	根据当前输入生成目标数据、场景、动态或回执。	2	2
生成比较量	生成比较量	任务主信息类.h:90	根据当前输入生成目标数据、场景、动态或回执。	26	6	header_or_inline
生成比较量	生成比较量	任务主信息类.h:95	根据当前输入生成目标数据、场景、动态或回执。	26	6	header_or_inline
生成比较量	生成比较量	基础信息主信息类.h:120	新比较协议入口：返回有符号比较量，命中判断只读取其符号。 旧 `比较(...)` 在迁移期仍保留；新查找和关系生成优先调用...	26	2	header_or_inline
生成比较量	生成比较量	方法主信息类.h:394	根据当前输入生成目标数据、场景、动态或回执。	26	6	header_or_inline
生成比较量	生成比较量	方法主信息类.h:399	根据当前输入生成目标数据、场景、动态或回执。	26	6	header_or_inline
生成比较量	生成比较量	特征值主信息类.h:50	根据当前输入生成目标数据、场景、动态或回执。	26	4	header_or_inline
生成比较量	生成比较量	特征值主信息类.h:55	根据当前输入生成目标数据、场景、动态或回执。	26	4	header_or_inline
生成比较量	生成比较量	语素主信息类.h:354	根据当前输入生成目标数据、场景、动态或回执。	26	2	header_or_inline
生成比较量	生成比较量	需求主信息类.h:59	根据当前输入生成目标数据、场景、动态或回执。	26	6	header_or_inline
生成比较量	生成比较量	需求主信息类.h:64	根据当前输入生成目标数据、场景、动态或回执。	26	6	header_or_inline
生成消息幂等键	生成消息幂等键	自我线程模块.消息批次执行器.ixx:84	根据当前输入生成目标数据、场景、动态或回执。	3	2
生成点云	生成点云	D455相机类.cpp:516	根据当前输入生成目标数据、场景、动态或回执。	2	2
生成目标方法候选实参表	生成目标方法候选实参表	自我动作实现模块.ixx:6811	根据当前输入生成目标数据、场景、动态或回执。	3	3
生成空间候选观察队列	生成空间候选观察队列	自我动作实现.外设模块.ixx:10246	根据当前输入生成目标数据、场景、动态或回执。	35	12
生成线程状态变化摘要	生成线程状态变化摘要	自我线程模块.消息协议.ixx:683	根据当前输入生成目标数据、场景、动态或回执。	3	3
生成练习候选实参表	生成练习候选实参表	自我动作实现模块.ixx:7057	根据当前输入生成目标数据、场景、动态或回执。	2	2
生成自我场景独立窗口HTML	生成自我场景独立窗口HTML	控制面板类.cpp:14908	根据当前输入生成目标数据、场景、动态或回执。	3	1
生成链键	生成链键	度量模板注册表类.ixx:198	根据当前输入生成目标数据、场景、动态或回执。	12	12
生成链键	生成链键	度量模板注册表类.ixx:220	根据当前输入生成目标数据、场景、动态或回执。	12	12
生成链键	生成链键	度量模板注册表类.ixx:242	根据当前输入生成目标数据、场景、动态或回执。	12	12
生成链键	生成链键	度量模板注册表类.ixx:254	根据当前输入生成目标数据、场景、动态或回执。	12	12
生成链键	生成链键	度量模板注册表类.ixx:266	根据当前输入生成目标数据、场景、动态或回执。	12	12
生成链键	生成链键	度量模板注册表类.ixx:288	根据当前输入生成目标数据、场景、动态或回执。	12	12
生成链键	生成链键	度量模板注册表类.ixx:300	根据当前输入生成目标数据、场景、动态或回执。	12	12
生成链键	生成链键	度量模板注册表类.ixx:330	根据当前输入生成目标数据、场景、动态或回执。	12	12
生成链键	生成链键	度量模板注册表类.ixx:366	根据当前输入生成目标数据、场景、动态或回执。	12	12
生成链键	生成链键	度量模板注册表类.ixx:392	根据当前输入生成目标数据、场景、动态或回执。	12	12
生成链键	生成链键	度量模板注册表类.ixx:429	根据当前输入生成目标数据、场景、动态或回执。	12	12
生成需求目标键_已加锁	生成需求目标键_已加锁	需求类.h:862	根据当前输入生成目标数据、场景、动态或回执。	6	6	header_or_inline
生成非I64候选实参	生成非I64候选实参	自我动作实现模块.ixx:6366	根据当前输入生成目标数据、场景、动态或回执。	2	2
用双目相机刷新当前观察场景	用双目相机刷新当前观察场景	自我动作实现.外设模块.ixx:17838	按函数名执行对应处理。	8	1
用双目相机刷新当前观察场景	用双目相机刷新当前观察场景	自我动作实现.外部模块.ixx:620	按函数名执行对应处理。	8	3
用双目相机刷新当前观察场景	用双目相机刷新当前观察场景	自我动作实现模块.ixx:11243	按函数名执行对应处理。	8	3
用双目相机发现候选存在	用双目相机发现候选存在	自我动作实现.外设模块.ixx:26844	按函数名执行对应处理。	8	1
用双目相机发现候选存在	用双目相机发现候选存在	自我动作实现.外部模块.ixx:629	按函数名执行对应处理。	8	3
用双目相机发现候选存在	用双目相机发现候选存在	自我动作实现模块.ixx:11252	按函数名执行对应处理。	8	3
用双目相机取得当前观察帧	用双目相机取得当前观察帧	自我动作实现.外设模块.ixx:17910	取得指定对象、状态或运行材料。	8	1
用双目相机取得当前观察帧	用双目相机取得当前观察帧	自我动作实现.外部模块.ixx:638	取得指定对象、状态或运行材料。	8	3
用双目相机取得当前观察帧	用双目相机取得当前观察帧	自我动作实现模块.ixx:11261	取得指定对象、状态或运行材料。	8	3
用双目相机取得当前观察特征帧	用双目相机取得当前观察特征帧	自我动作实现.外设模块.ixx:17974	取得指定对象、状态或运行材料。	8	1
用双目相机取得当前观察特征帧	用双目相机取得当前观察特征帧	自我动作实现.外部模块.ixx:647	取得指定对象、状态或运行材料。	8	3
用双目相机取得当前观察特征帧	用双目相机取得当前观察特征帧	自我动作实现模块.ixx:11270	取得指定对象、状态或运行材料。	8	3
用双目相机建立当前帧像素特征索引	用双目相机建立当前帧像素特征索引	自我动作实现.外设模块.ixx:18177	按函数名执行对应处理。	8	1
用双目相机建立当前帧像素特征索引	用双目相机建立当前帧像素特征索引	自我动作实现.外部模块.ixx:656	按函数名执行对应处理。	8	2
用双目相机建立当前帧像素特征索引	用双目相机建立当前帧像素特征索引	自我动作实现模块.ixx:11279	按函数名执行对应处理。	8	4
由差值判断方向区间	由差值判断方向区间	基础信息主信息类.h:609	判断条件、状态或业务结果是否成立。	10	2	header_or_inline
由比较量判断方向区间	由比较量判断方向区间	基础信息主信息类.h:639	判断条件、状态或业务结果是否成立。	2	2	header_or_inline
由链键查找	由链键查找	度量模板注册表类.ixx:140	按条件查找目标对象、方法或事实。	2	2
目标化条件目标状态路径项_筹办查询	目标化条件目标状态路径项_筹办查询	任务模块.筹办.ixx:1381	比较当前值、目标值或历史基准。	2	2
目标特征当前值类型代码	目标特征当前值类型代码	自我动作实现.外设模块.ixx:13900	按函数名执行对应处理。	2	2
目标特征当前值类型文本	目标特征当前值类型文本	自我动作实现.外设模块.ixx:13912	按函数名执行对应处理。	2	2
目标特征类型集合包含	目标特征类型集合包含	任务模块.筹办.ixx:2630	将复合目标特征展开为自身和全部子特征，供方法结果能力召回使用。	5	5
目标观察约束ID计数器	目标观察约束ID计数器	外设观察报告队列.ixx:849	按函数名执行对应处理。	2	2
目标观察约束_二维范围有效	目标观察约束_二维范围有效	外设观察报告队列.ixx:1715	按函数名执行对应处理。	2	2
目标观察约束_修正提交默认值	目标观察约束_修正提交默认值	外设观察报告队列.ixx:1783	提交事实、动态、任务状态或运行回执。	2	2
目标观察约束_匹配目标特征	目标观察约束_匹配目标特征	外设观察报告队列.ixx:1768	按函数名执行对应处理。	3	3
目标观察约束_匹配等待项	目标观察约束_匹配等待项	外设观察报告队列.ixx:1748	等待线程、任务、外设或条件变化。	2	2
目标观察约束_应清理	目标观察约束_应清理	外设观察报告队列.ixx:1803	清理缓存、临时状态或运行资源。	2	2
目标观察约束_有定位材料	目标观察约束_有定位材料	外设观察报告队列.ixx:1730	按函数名执行对应处理。	2	2
目标观察约束_有当前值	目标观察约束_有当前值	外设观察报告队列.ixx:1699	按函数名执行对应处理。	2	2
目标观察约束_有精细材料	目标观察约束_有精细材料	外设观察报告队列.ixx:1740	按函数名执行对应处理。	2	2
目标观察约束_清理已加锁	目标观察约束_清理已加锁	外设观察报告队列.ixx:1816	清理缓存、临时状态或运行资源。	8	8
目标观察约束_空间范围有效	目标观察约束_空间范围有效	外设观察报告队列.ixx:1722	按函数名执行对应处理。	2	2
目标观察约束可用性代码	目标观察约束可用性代码	自我动作实现.外设模块.ixx:13906	按函数名执行对应处理。	3	3
目标观察约束可用性文本	目标观察约束可用性文本	外设观察报告队列.ixx:1956	按函数名执行对应处理。	6	3
确保RealSense运行时	确保RealSense运行时	双目相机本能适配器.cpp:72	确保目标结构、状态或前置条件存在并可用。	3	3
确保临时视图学习缺口_筹办查询	确保临时视图学习缺口_筹办查询	任务模块.筹办.ixx:1671	确保目标结构、状态或前置条件存在并可用。	2	2
确保任务管理工作线程壳已启动	确保任务管理工作线程壳已启动	任务模块.管理工作线程.ixx:3306	确保目标结构、状态或前置条件存在并可用。	3	3
确保初始化_已加锁	确保初始化_已加锁	日志模块.ixx:459	初始化相关对象、状态或运行上下文。	4	4
确保打开_已加锁	确保打开_已加锁	日志模块.ixx:305	确保目标结构、状态或前置条件存在并可用。	6	6
确保方法域提交本能方法	确保方法域提交本能方法	自我动作实现模块.ixx:8574	提交事实、动态、任务状态或运行回执。	2	2
确保方法域提交输出场景	确保方法域提交输出场景	自我动作实现模块.ixx:8592	提交事实、动态、任务状态或运行回执。	2	2
确保方法结果能力方向	确保方法结果能力方向	自我动作实现.外设模块.ixx:8329	确保目标结构、状态或前置条件存在并可用。	10	7
确保方法结果能力方向	确保方法结果能力方向	自我动作实现模块.ixx:3161	确保目标结构、状态或前置条件存在并可用。	10	3
确保本能方法	确保本能方法	自我动作实现.外设模块.ixx:8832	确保目标结构、状态或前置条件存在并可用。	109	65
确保本能方法	确保本能方法	自我动作实现模块.ixx:3941	确保目标结构、状态或前置条件存在并可用。	109	42
确保本能方法抽象条件结果对	确保本能方法抽象条件结果对	自我动作实现模块.ixx:3793	确保目标结构、状态或前置条件存在并可用。	19	19
确保目标方法候选补齐结构	确保目标方法候选补齐结构	自我动作实现模块.ixx:8831	确保目标结构、状态或前置条件存在并可用。	4	4
确认任务状态被动提交来源规格	确认任务状态被动提交来源规格	自我动作实现模块.ixx:10663	提交事实、动态、任务状态或运行回执。	2	2
确认双目相机刷新当前观察场景规格	确认双目相机刷新当前观察场景规格	自我动作实现.外设模块.ixx:15389	确认候选事实、存在、状态或运行结果。	7	2
确认双目相机刷新当前观察场景规格	确认双目相机刷新当前观察场景规格	自我动作实现.外部模块.ixx:35	确认候选事实、存在、状态或运行结果。	7	2
确认双目相机刷新当前观察场景规格	确认双目相机刷新当前观察场景规格	自我动作实现模块.ixx:7527	确认候选事实、存在、状态或运行结果。	7	3
确认双目相机发现候选存在规格	确认双目相机发现候选存在规格	自我动作实现.外设模块.ixx:17389	确认候选事实、存在、状态或运行结果。	7	2
确认双目相机发现候选存在规格	确认双目相机发现候选存在规格	自我动作实现.外部模块.ixx:44	确认候选事实、存在、状态或运行结果。	7	2
确认双目相机发现候选存在规格	确认双目相机发现候选存在规格	自我动作实现模块.ixx:7536	确认候选事实、存在、状态或运行结果。	7	3
确认双目相机取得当前观察帧规格	确认双目相机取得当前观察帧规格	自我动作实现.外设模块.ixx:15424	取得指定对象、状态或运行材料。	9	4
确认双目相机取得当前观察帧规格	确认双目相机取得当前观察帧规格	自我动作实现.外部模块.ixx:53	取得指定对象、状态或运行材料。	9	2
确认双目相机取得当前观察帧规格	确认双目相机取得当前观察帧规格	自我动作实现模块.ixx:7545	取得指定对象、状态或运行材料。	9	3
确认双目相机取得当前观察特征帧规格	确认双目相机取得当前观察特征帧规格	自我动作实现.外设模块.ixx:15465	取得指定对象、状态或运行材料。	8	3
确认双目相机取得当前观察特征帧规格	确认双目相机取得当前观察特征帧规格	自我动作实现.外部模块.ixx:62	取得指定对象、状态或运行材料。	8	2
确认双目相机取得当前观察特征帧规格	确认双目相机取得当前观察特征帧规格	自我动作实现模块.ixx:7554	取得指定对象、状态或运行材料。	8	3
确认双目相机建立当前帧像素特征索引规格	确认双目相机建立当前帧像素特征索引规格	自我动作实现.外设模块.ixx:15557	确认候选事实、存在、状态或运行结果。	7	2
确认双目相机建立当前帧像素特征索引规格	确认双目相机建立当前帧像素特征索引规格	自我动作实现.外部模块.ixx:71	确认候选事实、存在、状态或运行结果。	7	2
确认双目相机建立当前帧像素特征索引规格	确认双目相机建立当前帧像素特征索引规格	自我动作实现模块.ixx:7563	确认候选事实、存在、状态或运行结果。	7	3
确认双目相机控制规格	确认双目相机控制规格	自我动作实现.外设模块.ixx:15326	确认候选事实、存在、状态或运行结果。	9	3
确认双目相机控制规格	确认双目相机控制规格	自我动作实现.外部模块.ixx:16	确认候选事实、存在、状态或运行结果。	9	2
确认双目相机控制规格	确认双目相机控制规格	自我动作实现模块.ixx:7508	确认候选事实、存在、状态或运行结果。	9	4
确认双目相机检查运行状态规格	确认双目相机检查运行状态规格	自我动作实现.外设模块.ixx:15361	检查状态、条件、缺口或运行约束。	7	2
确认双目相机检查运行状态规格	确认双目相机检查运行状态规格	自我动作实现.外部模块.ixx:26	检查状态、条件、缺口或运行约束。	7	2
确认双目相机检查运行状态规格	确认双目相机检查运行状态规格	自我动作实现模块.ixx:7518	检查状态、条件、缺口或运行约束。	7	3
确认安全执行降级保护规格	确认安全执行降级保护规格	自我动作实现.外设模块.ixx:16173	执行任务、方法或动作的主体逻辑。	7	2
确认安全执行降级保护规格	确认安全执行降级保护规格	自我动作实现.外部模块.ixx:206	执行任务、方法或动作的主体逻辑。	7	2
确认安全执行降级保护规格	确认安全执行降级保护规格	自我动作实现模块.ixx:7754	执行任务、方法或动作的主体逻辑。	7	3
确认安全持续观察当前场景规格	确认安全持续观察当前场景规格	自我动作实现.外设模块.ixx:16120	确认候选事实、存在、状态或运行结果。	7	2
确认安全持续观察当前场景规格	确认安全持续观察当前场景规格	自我动作实现.外部模块.ixx:188	确认候选事实、存在、状态或运行结果。	7	2
确认安全持续观察当前场景规格	确认安全持续观察当前场景规格	自我动作实现模块.ixx:7728	确认候选事实、存在、状态或运行结果。	7	3
确认安全搜索安全因果因素证据规格	确认安全搜索安全因果因素证据规格	自我动作实现.外设模块.ixx:15859	在候选范围内搜索目标对象或路径。	7	2
确认安全搜索安全因果因素证据规格	确认安全搜索安全因果因素证据规格	自我动作实现.外部模块.ixx:521	在候选范围内搜索目标对象或路径。	7	2
确认安全搜索安全因果因素证据规格	确认安全搜索安全因果因素证据规格	自我动作实现模块.ixx:7899	在候选范围内搜索目标对象或路径。	7	3
确认安全构造场景影响因果候选规格	确认安全构造场景影响因果候选规格	自我动作实现.外设模块.ixx:16064	确认候选事实、存在、状态或运行结果。	7	2
确认安全构造场景影响因果候选规格	确认安全构造场景影响因果候选规格	自我动作实现.外部模块.ixx:170	确认候选事实、存在、状态或运行结果。	7	2
确认安全构造场景影响因果候选规格	确认安全构造场景影响因果候选规格	自我动作实现模块.ixx:7702	确认候选事实、存在、状态或运行结果。	7	3
确认安全评估当前场景安全性规格	确认安全评估当前场景安全性规格	自我动作实现.外设模块.ixx:15754	评估状态、风险、质量、权重或完成度。	7	2
确认安全评估当前场景安全性规格	确认安全评估当前场景安全性规格	自我动作实现.外部模块.ixx:152	评估状态、风险、质量、权重或完成度。	7	2
确认安全评估当前场景安全性规格	确认安全评估当前场景安全性规格	自我动作实现模块.ixx:7650	评估状态、风险、质量、权重或完成度。	7	3
确认定向学习规格	确认定向学习规格	自我动作实现模块.ixx:7209	确认候选事实、存在、状态或运行结果。	2	2
确认尝试学习规格	确认尝试学习规格	自我动作实现模块.ixx:7139	确认候选事实、存在、状态或运行结果。	2	2
确认建立条件结果对规格	确认建立条件结果对规格	自我动作实现模块.ixx:7415	确认候选事实、存在、状态或运行结果。	3	3
确认提交任务状态变化规格	确认提交任务状态变化规格	自我动作实现模块.ixx:7251	提交事实、动态、任务状态或运行回执。	3	3
确认提交安全因果因素无负证据默认满足规格	确认提交安全因果因素无负证据默认满足规格	自我动作实现.外设模块.ixx:15919	提交事实、动态、任务状态或运行回执。	7	2
确认提交安全因果因素无负证据默认满足规格	确认提交安全因果因素无负证据默认满足规格	自我动作实现.外部模块.ixx:530	提交事实、动态、任务状态或运行回执。	7	2
确认提交安全因果因素无负证据默认满足规格	确认提交安全因果因素无负证据默认满足规格	自我动作实现模块.ixx:7912	提交事实、动态、任务状态或运行回执。	7	3
确认提交安全因果因素证据评估值规格	确认提交安全因果因素证据评估值规格	自我动作实现.外设模块.ixx:15942	提交事实、动态、任务状态或运行回执。	7	2
确认提交安全因果因素证据评估值规格	确认提交安全因果因素证据评估值规格	自我动作实现.外部模块.ixx:539	提交事实、动态、任务状态或运行回执。	7	2
确认提交安全因果因素证据评估值规格	确认提交安全因果因素证据评估值规格	自我动作实现模块.ixx:7921	提交事实、动态、任务状态或运行回执。	7	3
确认提交当前观察范围可观测单位存在对应事实规格	确认提交当前观察范围可观测单位存在对应事实规格	自我动作实现.外设模块.ixx:16400	提交事实、动态、任务状态或运行回执。	7	2
确认提交当前观察范围可观测单位存在对应事实规格	确认提交当前观察范围可观测单位存在对应事实规格	自我动作实现.外部模块.ixx:287	提交事实、动态、任务状态或运行回执。	7	2
确认提交当前观察范围可观测单位存在对应事实规格	确认提交当前观察范围可观测单位存在对应事实规格	自我动作实现模块.ixx:7872	提交事实、动态、任务状态或运行回执。	7	3
确认提交指定存在跟踪事实规格	确认提交指定存在跟踪事实规格	自我动作实现.外设模块.ixx:16530	提交事实、动态、任务状态或运行回执。	7	2
确认提交指定存在跟踪事实规格	确认提交指定存在跟踪事实规格	自我动作实现.外部模块.ixx:278	提交事实、动态、任务状态或运行回执。	7	2
确认提交指定存在跟踪事实规格	确认提交指定存在跟踪事实规格	自我动作实现模块.ixx:7863	提交事实、动态、任务状态或运行回执。	7	3
确认提交方法可执行入口规格	确认提交方法可执行入口规格	自我动作实现模块.ixx:7463	提交事实、动态、任务状态或运行回执。	3	3
确认提交方法状态变化规格	确认提交方法状态变化规格	自我动作实现模块.ixx:7440	提交事实、动态、任务状态或运行回执。	3	3
确认提交确认内部世界子存在事实规格	确认提交确认内部世界子存在事实规格	自我动作实现.外设模块.ixx:17202	提交事实、动态、任务状态或运行回执。	8	3
确认提交确认内部世界子存在事实规格	确认提交确认内部世界子存在事实规格	自我动作实现.外部模块.ixx:503	提交事实、动态、任务状态或运行回执。	8	2
确认提交确认内部世界子存在事实规格	确认提交确认内部世界子存在事实规格	自我动作实现模块.ixx:8105	提交事实、动态、任务状态或运行回执。	8	3
确认提交确认观察存在事实规格	确认提交确认观察存在事实规格	自我动作实现.外设模块.ixx:16682	提交事实、动态、任务状态或运行回执。	7	2
确认提交确认观察存在事实规格	确认提交确认观察存在事实规格	自我动作实现.外部模块.ixx:260	提交事实、动态、任务状态或运行回执。	7	2
确认提交确认观察存在事实规格	确认提交确认观察存在事实规格	自我动作实现模块.ixx:7845	提交事实、动态、任务状态或运行回执。	7	3
确认提交观察存在发现事实规格	确认提交观察存在发现事实规格	自我动作实现.外设模块.ixx:16461	提交事实、动态、任务状态或运行回执。	7	2
确认提交观察存在发现事实规格	确认提交观察存在发现事实规格	自我动作实现.外部模块.ixx:296	提交事实、动态、任务状态或运行回执。	7	2
确认提交观察存在发现事实规格	确认提交观察存在发现事实规格	自我动作实现模块.ixx:7881	提交事实、动态、任务状态或运行回执。	7	3
确认提交观察存在特征值变化事实规格	确认提交观察存在特征值变化事实规格	自我动作实现.外设模块.ixx:16495	提交事实、动态、任务状态或运行回执。	7	2
确认提交观察存在特征值变化事实规格	确认提交观察存在特征值变化事实规格	自我动作实现.外部模块.ixx:269	提交事实、动态、任务状态或运行回执。	7	2
确认提交观察存在特征值变化事实规格	确认提交观察存在特征值变化事实规格	自我动作实现模块.ixx:7854	提交事实、动态、任务状态或运行回执。	7	3
确认提交领取OR组结算令牌规格	确认提交领取OR组结算令牌规格	自我动作实现模块.ixx:7295	提交事实、动态、任务状态或运行回执。	3	3
确认提交风险安全场景影响部分状态变化规格	确认提交风险安全场景影响部分状态变化规格	自我动作实现.外设模块.ixx:15833	提交事实、动态、任务状态或运行回执。	7	2
确认提交风险安全场景影响部分状态变化规格	确认提交风险安全场景影响部分状态变化规格	自我动作实现.外部模块.ixx:305	提交事实、动态、任务状态或运行回执。	7	2
确认提交风险安全场景影响部分状态变化规格	确认提交风险安全场景影响部分状态变化规格	自我动作实现模块.ixx:7890	提交事实、动态、任务状态或运行回执。	7	3
确认服务绑定任务交互者规格	确认服务绑定任务交互者规格	自我动作实现模块.ixx:8198	建立对象、任务、方法或因果之间的绑定关系。	3	3
确认服务绑定任务字段规格	确认服务绑定任务字段规格	自我动作实现模块.ixx:8168	建立对象、任务、方法或因果之间的绑定关系。	9	9
确认服务绑定任务服务对象规格	确认服务绑定任务服务对象规格	自我动作实现模块.ixx:8226	建立对象、任务、方法或因果之间的绑定关系。	3	3
确认服务绑定任务权限者规格	确认服务绑定任务权限者规格	自我动作实现模块.ixx:8212	建立对象、任务、方法或因果之间的绑定关系。	3	3
确认服务绑定任务权限边界规格	确认服务绑定任务权限边界规格	自我动作实现模块.ixx:8240	建立对象、任务、方法或因果之间的绑定关系。	3	3
确认服务绑定任务目标值规格	确认服务绑定任务目标值规格	自我动作实现模块.ixx:8282	建立对象、任务、方法或因果之间的绑定关系。	3	3
确认服务绑定任务目标宿主规格	确认服务绑定任务目标宿主规格	自我动作实现模块.ixx:8254	建立对象、任务、方法或因果之间的绑定关系。	3	3
确认服务绑定任务目标特征类型规格	确认服务绑定任务目标特征类型规格	自我动作实现模块.ixx:8268	建立对象、任务、方法或因果之间的绑定关系。	3	3
确认服务绑定任务输入场景规格	确认服务绑定任务输入场景规格	自我动作实现模块.ixx:8296	建立对象、任务、方法或因果之间的绑定关系。	3	3
确认本能方法专属规格	确认本能方法专属规格	自我动作实现模块.ixx:8312	差异点集中到专属规格分发，避免每个本能函数手写规格确认链。	6	6
确认筹办协作回执槽	确认筹办协作回执槽	自我动作实现模块.ixx:7392	推进任务筹办，形成候选、缺口或就绪回执。	5	5
确认练习规格	确认练习规格	自我动作实现模块.ixx:5738	确认候选事实、存在、状态或运行结果。	2	2
确认结算叶子任务价值规格	确认结算叶子任务价值规格	自我动作实现模块.ixx:7329	结算任务、需求、价值或结果贡献。	3	3
确认自我内部世界基础规格	确认自我内部世界基础规格	自我动作实现.外设模块.ixx:17088	确认候选事实、存在、状态或运行结果。	3	3
确认自我判断基础观察事实可用性规格	确认自我判断基础观察事实可用性规格	自我动作实现.外设模块.ixx:15723	判断条件、状态或业务结果是否成立。	7	2
确认自我判断基础观察事实可用性规格	确认自我判断基础观察事实可用性规格	自我动作实现.外部模块.ixx:143	判断条件、状态或业务结果是否成立。	7	2
确认自我判断基础观察事实可用性规格	确认自我判断基础观察事实可用性规格	自我动作实现模块.ixx:7635	判断条件、状态或业务结果是否成立。	7	3
确认自我判断空间候选相对独立性规格	确认自我判断空间候选相对独立性规格	自我动作实现.外设模块.ixx:16952	判断条件、状态或业务结果是否成立。	8	3
确认自我判断空间候选相对独立性规格	确认自我判断空间候选相对独立性规格	自我动作实现.外部模块.ixx:413	判断条件、状态或业务结果是否成立。	8	2
确认自我判断空间候选相对独立性规格	确认自我判断空间候选相对独立性规格	自我动作实现模块.ixx:8015	判断条件、状态或业务结果是否成立。	8	3
确认自我匹配当前观察存在与历史观察存在规格	确认自我匹配当前观察存在与历史观察存在规格	自我动作实现.外设模块.ixx:17239	确认候选事实、存在、状态或运行结果。	8	3
确认自我匹配当前观察存在与历史观察存在规格	确认自我匹配当前观察存在与历史观察存在规格	自我动作实现.外部模块.ixx:548	确认候选事实、存在、状态或运行结果。	8	2
确认自我匹配当前观察存在与历史观察存在规格	确认自我匹配当前观察存在与历史观察存在规格	自我动作实现模块.ixx:8123	确认候选事实、存在、状态或运行结果。	8	3
确认自我在内部世界提取子候选规格	确认自我在内部世界提取子候选规格	自我动作实现.外设模块.ixx:17163	确认候选事实、存在、状态或运行结果。	8	3
确认自我在内部世界提取子候选规格	确认自我在内部世界提取子候选规格	自我动作实现.外部模块.ixx:485	确认候选事实、存在、状态或运行结果。	8	2
确认自我在内部世界提取子候选规格	确认自我在内部世界提取子候选规格	自我动作实现模块.ixx:8087	确认候选事实、存在、状态或运行结果。	8	3
确认自我导出OpenGL复现数据规格	确认自我导出OpenGL复现数据规格	自我动作实现.外设模块.ixx:17364	确认候选事实、存在、状态或运行结果。	7	2
确认自我导出OpenGL复现数据规格	确认自我导出OpenGL复现数据规格	自我动作实现.外部模块.ixx:584	确认候选事实、存在、状态或运行结果。	7	2
确认自我导出OpenGL复现数据规格	确认自我导出OpenGL复现数据规格	自我动作实现模块.ixx:8159	确认候选事实、存在、状态或运行结果。	7	3
确认自我导出当前场景识别快照规格	确认自我导出当前场景识别快照规格	自我动作实现.外设模块.ixx:17312	执行识别相关匹配、确认或结果输出逻辑。	8	3
确认自我导出当前场景识别快照规格	确认自我导出当前场景识别快照规格	自我动作实现.外部模块.ixx:575	执行识别相关匹配、确认或结果输出逻辑。	8	2
确认自我导出当前场景识别快照规格	确认自我导出当前场景识别快照规格	自我动作实现模块.ixx:8150	执行识别相关匹配、确认或结果输出逻辑。	8	3
确认自我将存在局部观察切片映射到内部世界规格	确认自我将存在局部观察切片映射到内部世界规格	自我动作实现.外设模块.ixx:17142	确认候选事实、存在、状态或运行结果。	8	3
确认自我将存在局部观察切片映射到内部世界规格	确认自我将存在局部观察切片映射到内部世界规格	自我动作实现.外部模块.ixx:476	确认候选事实、存在、状态或运行结果。	8	2
确认自我将存在局部观察切片映射到内部世界规格	确认自我将存在局部观察切片映射到内部世界规格	自我动作实现模块.ixx:8078	确认候选事实、存在、状态或运行结果。	8	3
确认自我建立像素观察事实索引规格	确认自我建立像素观察事实索引规格	自我动作实现.外设模块.ixx:15631	确认候选事实、存在、状态或运行结果。	9	4
确认自我建立像素观察事实索引规格	确认自我建立像素观察事实索引规格	自我动作实现.外部模块.ixx:98	确认候选事实、存在、状态或运行结果。	9	2
确认自我建立像素观察事实索引规格	确认自我建立像素观察事实索引规格	自我动作实现模块.ixx:7590	确认候选事实、存在、状态或运行结果。	9	3
确认自我建立存在内外场景接口规格	确认自我建立存在内外场景接口规格	自我动作实现.外设模块.ixx:17125	确认候选事实、存在、状态或运行结果。	8	3
确认自我建立存在内外场景接口规格	确认自我建立存在内外场景接口规格	自我动作实现.外部模块.ixx:467	确认候选事实、存在、状态或运行结果。	8	2
确认自我建立存在内外场景接口规格	确认自我建立存在内外场景接口规格	自我动作实现模块.ixx:8069	确认候选事实、存在、状态或运行结果。	8	3
确认自我建立最小自我边界参照规格	确认自我建立最小自我边界参照规格	自我动作实现.外设模块.ixx:15992	确认候选事实、存在、状态或运行结果。	7	2
确认自我建立最小自我边界参照规格	确认自我建立最小自我边界参照规格	自我动作实现.外部模块.ixx:323	确认候选事实、存在、状态或运行结果。	7	2
确认自我建立最小自我边界参照规格	确认自我建立最小自我边界参照规格	自我动作实现模块.ixx:7676	确认候选事实、存在、状态或运行结果。	7	3
确认自我建立观察帧到自我场景接口规格	确认自我建立观察帧到自我场景接口规格	自我动作实现.外设模块.ixx:15615	确认候选事实、存在、状态或运行结果。	7	2
确认自我建立观察帧到自我场景接口规格	确认自我建立观察帧到自我场景接口规格	自我动作实现.外部模块.ixx:89	确认候选事实、存在、状态或运行结果。	7	2
确认自我建立观察帧到自我场景接口规格	确认自我建立观察帧到自我场景接口规格	自我动作实现模块.ixx:7581	确认候选事实、存在、状态或运行结果。	7	3
确认自我建立观察帧存在规格	确认自我建立观察帧存在规格	自我动作实现.外设模块.ixx:15576	确认候选事实、存在、状态或运行结果。	9	4
确认自我建立观察帧存在规格	确认自我建立观察帧存在规格	自我动作实现.外部模块.ixx:80	确认候选事实、存在、状态或运行结果。	9	2
确认自我建立观察帧存在规格	确认自我建立观察帧存在规格	自我动作实现模块.ixx:7572	确认候选事实、存在、状态或运行结果。	9	3
确认自我执行多帧重采样并择优规格	确认自我执行多帧重采样并择优规格	自我动作实现.外设模块.ixx:16848	执行任务、方法或动作的主体逻辑。	6	1
确认自我执行多帧重采样并择优规格	确认自我执行多帧重采样并择优规格	自我动作实现.外部模块.ixx:359	执行任务、方法或动作的主体逻辑。	6	2
确认自我执行多帧重采样并择优规格	确认自我执行多帧重采样并择优规格	自我动作实现模块.ixx:7961	执行任务、方法或动作的主体逻辑。	6	3
确认自我扫描当前场景规格	确认自我扫描当前场景规格	自我动作实现.扫描.ixx:1733	执行扫描相关材料获取、比较或提交逻辑。	4	1
确认自我扫描当前场景规格	确认自我扫描当前场景规格	自我动作实现模块.ixx:7793	执行扫描相关材料获取、比较或提交逻辑。	4	3
确认自我承接像素特征值规格	确认自我承接像素特征值规格	自我动作实现.外设模块.ixx:15658	确认候选事实、存在、状态或运行结果。	8	3
确认自我承接像素特征值规格	确认自我承接像素特征值规格	自我动作实现.外部模块.ixx:107	确认候选事实、存在、状态或运行结果。	8	2
确认自我承接像素特征值规格	确认自我承接像素特征值规格	自我动作实现模块.ixx:7599	确认候选事实、存在、状态或运行结果。	8	3
确认自我按ROI重算观察质量规格	确认自我按ROI重算观察质量规格	自我动作实现.外设模块.ixx:16839	确认候选事实、存在、状态或运行结果。	6	1
确认自我按ROI重算观察质量规格	确认自我按ROI重算观察质量规格	自我动作实现.外部模块.ixx:350	确认候选事实、存在、状态或运行结果。	6	2
确认自我按ROI重算观察质量规格	确认自我按ROI重算观察质量规格	自我动作实现模块.ixx:7952	确认候选事实、存在、状态或运行结果。	6	3
确认自我按像素坐标回查观察事实规格	确认自我按像素坐标回查观察事实规格	自我动作实现.外设模块.ixx:16884	确认候选事实、存在、状态或运行结果。	7	2
确认自我按像素坐标回查观察事实规格	确认自我按像素坐标回查观察事实规格	自我动作实现.外部模块.ixx:395	确认候选事实、存在、状态或运行结果。	7	2
确认自我按像素坐标回查观察事实规格	确认自我按像素坐标回查观察事实规格	自我动作实现模块.ixx:7997	确认候选事实、存在、状态或运行结果。	7	3
确认自我按已确认轮廓分区当前帧规格	确认自我按已确认轮廓分区当前帧规格	自我动作实现.外设模块.ixx:16721	确认候选事实、存在、状态或运行结果。	7	2
确认自我按已确认轮廓分区当前帧规格	确认自我按已确认轮廓分区当前帧规格	自我动作实现.外部模块.ixx:314	确认候选事实、存在、状态或运行结果。	7	2
确认自我按已确认轮廓分区当前帧规格	确认自我按已确认轮廓分区当前帧规格	自我动作实现模块.ixx:7930	确认候选事实、存在、状态或运行结果。	7	3
确认自我提交目标观察约束特征组规格	确认自我提交目标观察约束特征组规格	自我动作实现.外设模块.ixx:16199	提交事实、动态、任务状态或运行回执。	7	2
确认自我提交目标观察约束特征组规格	确认自我提交目标观察约束特征组规格	自我动作实现.外部模块.ixx:242	提交事实、动态、任务状态或运行回执。	7	2
确认自我提交目标观察约束特征组规格	确认自我提交目标观察约束特征组规格	自我动作实现模块.ixx:7819	提交事实、动态、任务状态或运行回执。	7	3
确认自我提取空间候选规格	确认自我提取空间候选规格	自我动作实现.外设模块.ixx:16906	确认候选事实、存在、状态或运行结果。	8	3
确认自我提取空间候选规格	确认自我提取空间候选规格	自我动作实现.外部模块.ixx:404	确认候选事实、存在、状态或运行结果。	8	2
确认自我提取空间候选规格	确认自我提取空间候选规格	自我动作实现模块.ixx:8006	确认候选事实、存在、状态或运行结果。	8	3
确认自我明确当前场景持续观察需求规格	确认自我明确当前场景持续观察需求规格	自我动作实现.外设模块.ixx:16095	确认候选事实、存在、状态或运行结果。	7	2
确认自我明确当前场景持续观察需求规格	确认自我明确当前场景持续观察需求规格	自我动作实现.外部模块.ixx:179	确认候选事实、存在、状态或运行结果。	7	2
确认自我明确当前场景持续观察需求规格	确认自我明确当前场景持续观察需求规格	自我动作实现模块.ixx:7715	确认候选事实、存在、状态或运行结果。	7	3
确认自我明确负向影响处置需求规格	确认自我明确负向影响处置需求规格	自我动作实现.外设模块.ixx:16147	确认候选事实、存在、状态或运行结果。	7	2
确认自我明确负向影响处置需求规格	确认自我明确负向影响处置需求规格	自我动作实现.外部模块.ixx:197	确认候选事实、存在、状态或运行结果。	7	2
确认自我明确负向影响处置需求规格	确认自我明确负向影响处置需求规格	自我动作实现模块.ixx:7741	确认候选事实、存在、状态或运行结果。	7	3
确认自我校验观察事实完备性规格	确认自我校验观察事实完备性规格	自我动作实现.外设模块.ixx:15681	确认候选事实、存在、状态或运行结果。	8	3
确认自我校验观察事实完备性规格	确认自我校验观察事实完备性规格	自我动作实现.外部模块.ixx:116	确认候选事实、存在、状态或运行结果。	8	2
确认自我校验观察事实完备性规格	确认自我校验观察事实完备性规格	自我动作实现模块.ixx:7608	确认候选事实、存在、状态或运行结果。	8	3
确认自我比较存在特征变化规格	确认自我比较存在特征变化规格	自我动作实现.外设模块.ixx:17274	比较当前值、目标值或历史基准。	8	3
确认自我比较存在特征变化规格	确认自我比较存在特征变化规格	自我动作实现.外部模块.ixx:557	比较当前值、目标值或历史基准。	8	2
确认自我比较存在特征变化规格	确认自我比较存在特征变化规格	自我动作实现模块.ixx:8132	比较当前值、目标值或历史基准。	8	3
确认自我生成低置信补偿观察候选规格	确认自我生成低置信补偿观察候选规格	自我动作实现.外设模块.ixx:16857	根据当前输入生成目标数据、场景、动态或回执。	6	1
确认自我生成低置信补偿观察候选规格	确认自我生成低置信补偿观察候选规格	自我动作实现.外部模块.ixx:368	根据当前输入生成目标数据、场景、动态或回执。	6	2
确认自我生成低置信补偿观察候选规格	确认自我生成低置信补偿观察候选规格	自我动作实现模块.ixx:7970	根据当前输入生成目标数据、场景、动态或回执。	6	3
确认自我生成存在自我相对安全特征规格	确认自我生成存在自我相对安全特征规格	自我动作实现.外设模块.ixx:16032	根据当前输入生成目标数据、场景、动态或回执。	7	2
确认自我生成存在自我相对安全特征规格	确认自我生成存在自我相对安全特征规格	自我动作实现.外部模块.ixx:332	根据当前输入生成目标数据、场景、动态或回执。	7	2
确认自我生成存在自我相对安全特征规格	确认自我生成存在自我相对安全特征规格	自我动作实现模块.ixx:7689	根据当前输入生成目标数据、场景、动态或回执。	7	3
确认自我生成空间候选观察队列规格	确认自我生成空间候选观察队列规格	自我动作实现.外设模块.ixx:16975	根据当前输入生成目标数据、场景、动态或回执。	8	3
确认自我生成空间候选观察队列规格	确认自我生成空间候选观察队列规格	自我动作实现.外部模块.ixx:422	根据当前输入生成目标数据、场景、动态或回执。	8	2
确认自我生成空间候选观察队列规格	确认自我生成空间候选观察队列规格	自我动作实现模块.ixx:8024	根据当前输入生成目标数据、场景、动态或回执。	8	3
确认自我生成观察变化事件规格	确认自我生成观察变化事件规格	自我动作实现.外设模块.ixx:17295	根据当前输入生成目标数据、场景、动态或回执。	7	2
确认自我生成观察变化事件规格	确认自我生成观察变化事件规格	自我动作实现.外部模块.ixx:566	根据当前输入生成目标数据、场景、动态或回执。	7	2
确认自我生成观察变化事件规格	确认自我生成观察变化事件规格	自我动作实现模块.ixx:8141	根据当前输入生成目标数据、场景、动态或回执。	7	3
确认自我用空间范围投影覆盖原帧验证像素归属规格	确认自我用空间范围投影覆盖原帧验证像素归属规格	自我动作实现.外设模块.ixx:17025	确认候选事实、存在、状态或运行结果。	8	3
确认自我用空间范围投影覆盖原帧验证像素归属规格	确认自我用空间范围投影覆盖原帧验证像素归属规格	自我动作实现.外部模块.ixx:440	确认候选事实、存在、状态或运行结果。	8	2
确认自我用空间范围投影覆盖原帧验证像素归属规格	确认自我用空间范围投影覆盖原帧验证像素归属规格	自我动作实现模块.ixx:8042	确认候选事实、存在、状态或运行结果。	8	3
确认自我确保存在内部世界规格	确认自我确保存在内部世界规格	自我动作实现.外设模块.ixx:17116	确保目标结构、状态或前置条件存在并可用。	7	2
确认自我确保存在内部世界规格	确认自我确保存在内部世界规格	自我动作实现.外部模块.ixx:458	确保目标结构、状态或前置条件存在并可用。	7	2
确认自我确保存在内部世界规格	确认自我确保存在内部世界规格	自我动作实现模块.ixx:8060	确保目标结构、状态或前置条件存在并可用。	7	3
确认自我确认内部世界子存在规格	确认自我确认内部世界子存在规格	自我动作实现.外设模块.ixx:17181	确认候选事实、存在、状态或运行结果。	8	3
确认自我确认内部世界子存在规格	确认自我确认内部世界子存在规格	自我动作实现.外部模块.ixx:494	确认候选事实、存在、状态或运行结果。	8	2
确认自我确认内部世界子存在规格	确认自我确认内部世界子存在规格	自我动作实现模块.ixx:8096	确认候选事实、存在、状态或运行结果。	8	3
确认自我确认外设观察存在候选规格	确认自我确认外设观察存在候选规格	自我动作实现.外设模块.ixx:16647	确认候选事实、存在、状态或运行结果。	7	2
确认自我确认外设观察存在候选规格	确认自我确认外设观察存在候选规格	自我动作实现.外部模块.ixx:251	确认候选事实、存在、状态或运行结果。	7	2
确认自我确认外设观察存在候选规格	确认自我确认外设观察存在候选规格	自我动作实现模块.ixx:7832	确认候选事实、存在、状态或运行结果。	7	3
确认自我确认观察存在并更新帧解释状态规格	确认自我确认观察存在并更新帧解释状态规格	自我动作实现.外设模块.ixx:17060	更新已有对象、状态、索引或缓存。	6	2
确认自我确认观察存在并更新帧解释状态规格	确认自我确认观察存在并更新帧解释状态规格	自我动作实现.外部模块.ixx:449	更新已有对象、状态、索引或缓存。	6	2
确认自我确认观察存在并更新帧解释状态规格	确认自我确认观察存在并更新帧解释状态规格	自我动作实现模块.ixx:8051	更新已有对象、状态、索引或缓存。	6	2
确认自我补观察质量占位规格	确认自我补观察质量占位规格	自我动作实现.外设模块.ixx:16763	确认候选事实、存在、状态或运行结果。	8	8
确认自我观察单个空间候选并组合存在假设规格	确认自我观察单个空间候选并组合存在假设规格	自我动作实现.外设模块.ixx:16997	确认候选事实、存在、状态或运行结果。	8	3
确认自我观察单个空间候选并组合存在假设规格	确认自我观察单个空间候选并组合存在假设规格	自我动作实现.外部模块.ixx:431	确认候选事实、存在、状态或运行结果。	8	2
确认自我观察单个空间候选并组合存在假设规格	确认自我观察单个空间候选并组合存在假设规格	自我动作实现模块.ixx:8033	确认候选事实、存在、状态或运行结果。	8	3
确认自我评估观察帧质量规格	确认自我评估观察帧质量规格	自我动作实现.外设模块.ixx:15698	评估状态、风险、质量、权重或完成度。	8	3
确认自我评估观察帧质量规格	确认自我评估观察帧质量规格	自我动作实现.外部模块.ixx:125	评估状态、风险、质量、权重或完成度。	8	2
确认自我评估观察帧质量规格	确认自我评估观察帧质量规格	自我动作实现模块.ixx:7617	评估状态、风险、质量、权重或完成度。	8	3
确认自我识别外设观察材料规格	确认自我识别外设观察材料规格	自我动作实现.外设模块.ixx:16235	执行识别相关匹配、确认或结果输出逻辑。	7	2
确认自我识别外设观察材料规格	确认自我识别外设观察材料规格	自我动作实现.外部模块.ixx:224	执行识别相关匹配、确认或结果输出逻辑。	7	2
确认自我识别外设观察材料规格	确认自我识别外设观察材料规格	自我动作实现模块.ixx:7780	执行识别相关匹配、确认或结果输出逻辑。	7	3
确认自我诊断观察质量缺口并派生补观察需求规格	确认自我诊断观察质量缺口并派生补观察需求规格	自我动作实现.外设模块.ixx:16792	确认候选事实、存在、状态或运行结果。	7	2
确认自我诊断观察质量缺口并派生补观察需求规格	确认自我诊断观察质量缺口并派生补观察需求规格	自我动作实现.外部模块.ixx:134	确认候选事实、存在、状态或运行结果。	7	2
确认自我诊断观察质量缺口并派生补观察需求规格	确认自我诊断观察质量缺口并派生补观察需求规格	自我动作实现模块.ixx:7626	确认候选事实、存在、状态或运行结果。	7	3
确认自我读取自我关键特征变化规格	确认自我读取自我关键特征变化规格	自我动作实现.外设模块.ixx:15965	从指定来源读取数据或状态。	7	2
确认自我读取自我关键特征变化规格	确认自我读取自我关键特征变化规格	自我动作实现.外部模块.ixx:161	从指定来源读取数据或状态。	7	2
确认自我读取自我关键特征变化规格	确认自我读取自我关键特征变化规格	自我动作实现模块.ixx:7663	从指定来源读取数据或状态。	7	3
确认自我调整外设观察姿态规格	确认自我调整外设观察姿态规格	自我动作实现.外设模块.ixx:16866	确认候选事实、存在、状态或运行结果。	6	1
确认自我调整外设观察姿态规格	确认自我调整外设观察姿态规格	自我动作实现.外部模块.ixx:377	确认候选事实、存在、状态或运行结果。	6	2
确认自我调整外设观察姿态规格	确认自我调整外设观察姿态规格	自我动作实现模块.ixx:7979	确认候选事实、存在、状态或运行结果。	6	3
确认自我调整相机参数并重采样规格	确认自我调整相机参数并重采样规格	自我动作实现.外设模块.ixx:16830	确认候选事实、存在、状态或运行结果。	6	1
确认自我调整相机参数并重采样规格	确认自我调整相机参数并重采样规格	自我动作实现.外部模块.ixx:341	确认候选事实、存在、状态或运行结果。	6	2
确认自我调整相机参数并重采样规格	确认自我调整相机参数并重采样规格	自我动作实现模块.ixx:7943	确认候选事实、存在、状态或运行结果。	6	3
确认自我调整观察位置规格	确认自我调整观察位置规格	自我动作实现.外设模块.ixx:16875	确认候选事实、存在、状态或运行结果。	6	1
确认自我调整观察位置规格	确认自我调整观察位置规格	自我动作实现.外部模块.ixx:386	确认候选事实、存在、状态或运行结果。	6	2
确认自我调整观察位置规格	确认自我调整观察位置规格	自我动作实现模块.ixx:7988	确认候选事实、存在、状态或运行结果。	6	3
确认自我跟踪指定存在规格	确认自我跟踪指定存在规格	自我动作实现.外设模块.ixx:16345	执行跟踪相关定位、匹配或结果输出逻辑。	7	2
确认自我跟踪指定存在规格	确认自我跟踪指定存在规格	自我动作实现.外部模块.ixx:233	执行跟踪相关定位、匹配或结果输出逻辑。	7	2
确认自我跟踪指定存在规格	确认自我跟踪指定存在规格	自我动作实现模块.ixx:7806	执行跟踪相关定位、匹配或结果输出逻辑。	7	3
确认自我递归细分存在内部世界规格	确认自我递归细分存在内部世界规格	自我动作实现.外设模块.ixx:17220	确认候选事实、存在、状态或运行结果。	7	2
确认自我递归细分存在内部世界规格	确认自我递归细分存在内部世界规格	自我动作实现.外部模块.ixx:512	确认候选事实、存在、状态或运行结果。	7	2
确认自我递归细分存在内部世界规格	确认自我递归细分存在内部世界规格	自我动作实现模块.ixx:8114	确认候选事实、存在、状态或运行结果。	7	3
确认自我验证外设观察像素簇候选规格	确认自我验证外设观察像素簇候选规格	自我动作实现.外设模块.ixx:16562	确认候选事实、存在、状态或运行结果。	7	2
确认自我验证外设观察像素簇候选规格	确认自我验证外设观察像素簇候选规格	自我动作实现.外部模块.ixx:215	确认候选事实、存在、状态或运行结果。	7	2
确认自我验证外设观察像素簇候选规格	确认自我验证外设观察像素簇候选规格	自我动作实现模块.ixx:7767	确认候选事实、存在、状态或运行结果。	7	3
确认观察存在结果	确认观察存在结果	自我动作实现.外设模块.ixx:11370	确认候选事实、存在、状态或运行结果。	2	2
离散集合扩展索引	离散集合扩展索引	自我动作实现模块.ixx:6248	按函数名执行对应处理。	2	2
私有_ADO值转UTF8	私有_ADO值转UTF8	数据库ADO模块.cpp:177	把 ADO 字段值转换为 UTF-8 文本。	2	2
私有_BSTR转UTF8	私有_BSTR转UTF8	数据库ADO模块.cpp:83	把 BSTR 转换为 UTF-8 文本。	4	4
私有_Base64编码	私有_Base64编码	控制面板WebView2.cpp:598	服务所在模块的内部辅助流程。	3	3
私有_COM错误文本	私有_COM错误文本	数据库ADO模块.cpp:105	把 COM 异常转换为项目错误文本。	4	4
私有_HRESULT文本	私有_HRESULT文本	控制面板WebView2.cpp:121	服务所在模块的内部辅助流程。	7	2
私有_HRESULT文本	私有_HRESULT文本	数据库ADO模块.cpp:92	把 HRESULT 转换为固定宽度十六进制文本。	7	5
私有_I64值域文本	私有_I64值域文本	控制面板类.cpp:597	服务所在模块的内部辅助流程。	2	2
私有_I64值域项包含	私有_I64值域项包含	特征类.cpp:474	服务所在模块的内部辅助流程。	2	2
私有_I64值域项宽度	私有_I64值域项宽度	特征类.cpp:515	服务所在模块的内部辅助流程。	2	2
私有_I64区间文本_线程侧	私有_I64区间文本_线程侧	自我线程模块.impl.cpp:508	服务所在模块的内部辅助流程。	3	3
私有_I64区间文本_自检	私有_I64区间文本_自检	自检线程模块.impl.cpp:642	服务所在模块的内部辅助流程。	4	4
私有_I64符号_需求方向	私有_I64符号_需求方向	需求类.cpp:789	服务所在模块的内部辅助流程。	5	5
私有_OR组令牌当前激活路径文本_控制面板	私有_OR组令牌当前激活路径文本_控制面板	控制面板类.cpp:3206	读取 OR 组令牌当前激活路径显示文本。	4	4
私有_OR组令牌状态文本_控制面板	私有_OR组令牌状态文本_控制面板	控制面板类.cpp:3170	读取 OR 组令牌状态显示文本。	4	4
私有_OR组令牌记录键_控制面板	私有_OR组令牌记录键_控制面板	控制面板类.cpp:3124	记录日志、动态、证据或运行痕迹。	2	2
私有_SQL可空整数	私有_SQL可空整数	语素类.cpp:343	服务所在模块的内部辅助流程。	4	4
私有_SQL字段	私有_SQL字段	控制面板类.cpp:7023	读取 SQL 控制面板结果行中的指定字段。	44	44
私有_SQL字符串IN列表	私有_SQL字符串IN列表	控制面板类.cpp:7252	生成 SQL IN 条件中的字符串列表。	2	2
私有_SQL字符串字面量	私有_SQL字符串字面量	控制面板类.cpp:7031	生成 SQL Server Unicode 字符串字面量。	3	3
私有_SQL布尔	私有_SQL布尔	语素类.cpp:338	服务所在模块的内部辅助流程。	5	2
私有_SQL布尔	私有_SQL布尔	需求类.cpp:90	服务所在模块的内部辅助流程。	5	3
私有_SQL控制面板ADO连接串	私有_SQL控制面板ADO连接串	控制面板类.cpp:6667	生成控制面板 SQL 读模型 ADO 连接串。	3	3
私有_SQL控制面板世界树刷新JSON	私有_SQL控制面板世界树刷新JSON	控制面板类.cpp:7179	生成 SQL 控制面板世界树区段刷新 JSON。	2	2
私有_SQL控制面板世界树子链JSON	私有_SQL控制面板世界树子链JSON	控制面板类.cpp:7340	生成 SQL 控制面板世界树子链刷新 JSON。	3	3
私有_SQL控制面板区段刷新JSON	私有_SQL控制面板区段刷新JSON	控制面板类.cpp:7512	按 SQL 控制面板菜单区段生成局部刷新 JSON。	2	2
私有_SQL控制面板因果信息刷新JSON	私有_SQL控制面板因果信息刷新JSON	控制面板类.cpp:7149	生成 SQL 控制面板因果信息区段刷新 JSON。	2	2
私有_SQL控制面板因果链刷新JSON	私有_SQL控制面板因果链刷新JSON	控制面板类.cpp:7165	生成 SQL 控制面板因果链查询区段刷新 JSON。	2	2
私有_SQL控制面板子链JSON	私有_SQL控制面板子链JSON	控制面板类.cpp:7360	按 SQL 控制面板树节点读取一层直接子节点。	2	2
私有_SQL控制面板子链错误JSON	私有_SQL控制面板子链错误JSON	控制面板类.cpp:7197	生成 SQL 控制面板子链读取失败 JSON。	11	11
私有_SQL控制面板普通树子链JSON	私有_SQL控制面板普通树子链JSON	控制面板类.cpp:7234	生成 SQL 控制面板普通树页子链刷新 JSON。	5	5
私有_SQL控制面板表格区段刷新JSON	私有_SQL控制面板表格区段刷新JSON	控制面板类.cpp:7129	生成 SQL 控制面板普通表格区段刷新 JSON。	12	12
私有_U64转I64	私有_U64转I64	自检线程模块.impl.cpp:432	服务所在模块的内部辅助流程。	6	6
私有_URI百分号解码	私有_URI百分号解码	控制面板WebView2.cpp:405	解析 URI 百分号编码文本。	2	2
私有_UTF8转宽字串	私有_UTF8转宽字串	控制面板WebView2.cpp:169	服务所在模块的内部辅助流程。	13	9
私有_UTF8转宽字串	私有_UTF8转宽字串	数据库ADO模块.cpp:25	把 UTF-8 文本转换为 Windows 宽字串。	13	4
私有_VecU差异率Q10000	私有_VecU差异率Q10000	世界树类.cpp:179	服务所在模块的内部辅助流程。	2	2
私有_worker名称	私有_worker名称	任务模块.管理界面线程.impl.cpp:104	服务所在模块的内部辅助流程。	4	4
私有_worker逻辑ID	私有_worker逻辑ID	任务模块.管理界面线程.impl.cpp:98	服务所在模块的内部辅助流程。	4	4
私有_三向关系掩码文本	私有_三向关系掩码文本	控制面板类.cpp:4508	服务所在模块的内部辅助流程。	2	2
私有_三维体素总数	私有_三维体素总数	特征类.cpp:303	计算权重、状态、差值或派生结果。	4	4
私有_三维体素长方体总数	私有_三维体素长方体总数	特征类.cpp:312	计算权重、状态、差值或派生结果。	5	5
私有_三维体素隐式空查询结果	私有_三维体素隐式空查询结果	特征类.cpp:392	按条件查找目标对象、方法或事实。	3	3
私有_世界树SQL世界类型文本	私有_世界树SQL世界类型文本	世界树类.cpp:329	服务所在模块的内部辅助流程。	2	2
私有_世界树SQL主信息类型文本	私有_世界树SQL主信息类型文本	世界树类.cpp:310	服务所在模块的内部辅助流程。	3	3
私有_世界树SQL入口主键	私有_世界树SQL入口主键	世界树类.cpp:296	服务所在模块的内部辅助流程。	3	3
私有_世界树SQL入口文本	私有_世界树SQL入口文本	世界树类.cpp:301	服务所在模块的内部辅助流程。	5	5
私有_世界树SQL可空整数	私有_世界树SQL可空整数	世界树类.cpp:291	服务所在模块的内部辅助流程。	3	3
私有_世界树SQL填充节点主信息	私有_世界树SQL填充节点主信息	世界树类.cpp:531	服务所在模块的内部辅助流程。	2	2
私有_世界树SQL建库脚本	私有_世界树SQL建库脚本	世界树类.cpp:691	服务所在模块的内部辅助流程。	2	2
私有_世界树SQL建表脚本	私有_世界树SQL建表脚本	世界树类.cpp:699	服务所在模块的内部辅助流程。	2	2
私有_世界树SQL投影互斥	私有_世界树SQL投影互斥	世界树类.cpp:267	服务所在模块的内部辅助流程。	2	2
私有_世界树SQL收集关系	私有_世界树SQL收集关系	世界树类.cpp:456	服务所在模块的内部辅助流程。	2	2
私有_世界树SQL特征值文本	私有_世界树SQL特征值文本	世界树类.cpp:351	服务所在模块的内部辅助流程。	5	5
私有_世界树SQL特征值类别	私有_世界树SQL特征值类别	世界树类.cpp:343	服务所在模块的内部辅助流程。	3	3
私有_世界树SQL节点短标题	私有_世界树SQL节点短标题	世界树类.cpp:365	服务所在模块的内部辅助流程。	3	3
私有_世界树SQL视图脚本	私有_世界树SQL视图脚本	世界树类.cpp:859	服务所在模块的内部辅助流程。	2	2
私有_世界类型文本	私有_世界类型文本	控制面板类.cpp:1147	服务所在模块的内部辅助流程。	9	2
私有_世界类型文本	私有_世界类型文本	语言类_二次特征表达.cpp:22	服务所在模块的内部辅助流程。	9	2
私有_世界类型文本	私有_世界类型文本	语言类_基础信息命名.cpp:20	服务所在模块的内部辅助流程。	9	2
私有_主信息类型文本	私有_主信息类型文本	控制面板类.cpp:1198	服务所在模块的内部辅助流程。	10	4
私有_主信息类型文本	私有_主信息类型文本	语素类.cpp:151	服务所在模块的内部辅助流程。	10	6
私有_事件文件代码	私有_事件文件代码	线程生命周期消息模块.ixx:361	服务所在模块的内部辅助流程。	2	2
私有_二次特征主体匹配	私有_二次特征主体匹配	二次特征应用模块.ixx:701	服务所在模块的内部辅助流程。	2	2
私有_二次特征主语名称	私有_二次特征主语名称	语言类_二次特征表达.cpp:100	服务所在模块的内部辅助流程。	2	2
私有_二次特征介词短语_按主信息	私有_二次特征介词短语_按主信息	语言类_二次特征表达.cpp:221	服务所在模块的内部辅助流程。	2	2
私有_二次特征值写入采样序号	私有_二次特征值写入采样序号	二次特征类.cpp:164	把处理结果写入指定对象、场景或日志。	3	3
私有_二次特征单体方向结果	私有_二次特征单体方向结果	语言类_二次特征表达.cpp:171	服务所在模块的内部辅助流程。	2	2
私有_二次特征反义词结果_按主信息	私有_二次特征反义词结果_按主信息	语言类_二次特征表达.cpp:203	服务所在模块的内部辅助流程。	2	2
私有_二次特征基准短语	私有_二次特征基准短语	语言类_二次特征表达.cpp:130	服务所在模块的内部辅助流程。	2	2
私有_二次特征基础节点短名	私有_二次特征基础节点短名	语言类_二次特征表达.cpp:264	服务所在模块的内部辅助流程。	10	10
私有_二次特征已绑定场景	私有_二次特征已绑定场景	二次特征应用模块.ixx:673	建立对象、任务、方法或因果之间的绑定关系。	3	3
私有_二次特征引用相等	私有_二次特征引用相等	方法类.cpp:924	服务所在模块的内部辅助流程。	2	2
私有_二次特征引用集合相等	私有_二次特征引用集合相等	方法类.cpp:937	服务所在模块的内部辅助流程。	2	2
私有_二次特征方向命中	私有_二次特征方向命中	二次特征应用模块.ixx:716	按二次特征事实值判断是否命中指定方向约束。	2	2
私有_二次特征方向枚举	私有_二次特征方向枚举	方法类.cpp:368	服务所在模块的内部辅助流程。	5	5
私有_二次特征方向编码	私有_二次特征方向编码	语言类_二次特征表达.cpp:71	服务所在模块的内部辅助流程。	2	2
私有_二次特征时间归一短语	私有_二次特征时间归一短语	语言类_二次特征表达.cpp:145	服务所在模块的内部辅助流程。	2	2
私有_二次特征概念模板刷新采样序号	私有_二次特征概念模板刷新采样序号	二次特征类.cpp:178	服务所在模块的内部辅助流程。	2	2
私有_二次特征比较对象名称	私有_二次特征比较对象名称	语言类_二次特征表达.cpp:91	比较当前值、目标值或历史基准。	3	3
私有_二次特征比较结果	私有_二次特征比较结果	语言类_二次特征表达.cpp:182	比较当前值、目标值或历史基准。	6	2
私有_二次特征比较结果编码	私有_二次特征比较结果编码	方法类.cpp:629	比较当前值、目标值或历史基准。	4	4
私有_二次特征比较语义	私有_二次特征比较语义	方法类.cpp:636	比较当前值、目标值或历史基准。	5	5
私有_二次特征比较语义相同	私有_二次特征比较语义相同	方法类.cpp:648	比较当前值、目标值或历史基准。	2	2
私有_二次特征特征类型	私有_二次特征特征类型	方法类.cpp:604	服务所在模块的内部辅助流程。	2	2
私有_二次特征生成语义已满足	私有_二次特征生成语义已满足	二次特征应用模块.ixx:679	根据当前输入生成目标数据、场景、动态或回执。	3	3
私有_二次特征种类文本	私有_二次特征种类文本	语言类_二次特征表达.cpp:37	服务所在模块的内部辅助流程。	9	4
私有_二次特征种类文本	私有_二次特征种类文本	语言类_基础信息命名.cpp:78	服务所在模块的内部辅助流程。	9	2
私有_二次特征签名查找创建采样序号	私有_二次特征签名查找创建采样序号	二次特征类.cpp:192	创建并返回或登记对应对象。	2	2
私有_二次特征签名索引键	私有_二次特征签名索引键	二次特征类.cpp:79	服务所在模块的内部辅助流程。	5	5
私有_二次特征类阶段时间点	私有_二次特征类阶段时间点	二次特征类.cpp:108	服务所在模块的内部辅助流程。	62	62
私有_二次特征类阶段耗时微秒	私有_二次特征类阶段耗时微秒	二次特征类.cpp:114	服务所在模块的内部辅助流程。	31	31
私有_二次特征粒度短语	私有_二次特征粒度短语	语言类_二次特征表达.cpp:116	服务所在模块的内部辅助流程。	2	2
私有_二次特征绑定场景采样序号	私有_二次特征绑定场景采样序号	二次特征类.cpp:133	建立对象、任务、方法或因果之间的绑定关系。	2	2
私有_二次特征维度短语	私有_二次特征维度短语	语言类_二次特征表达.cpp:109	服务所在模块的内部辅助流程。	3	3
私有_二次特征阶段时间点	私有_二次特征阶段时间点	二次特征应用模块.ixx:522	服务所在模块的内部辅助流程。	88	88
私有_二次特征阶段耗时微秒	私有_二次特征阶段耗时微秒	二次特征应用模块.ixx:528	服务所在模块的内部辅助流程。	31	31
私有_从任务引用解析任务节点	私有_从任务引用解析任务节点	自我线程模块.impl.cpp:3445	解析输入文本、消息、场景或运行包。	13	13
私有_从任务引用解析任务节点	私有_从任务引用解析任务节点	自我线程模块.impl.cpp:3461	解析输入文本、消息、场景或运行包。	13	13
私有_从任务推进回执推导界面任务状态	私有_从任务推进回执推导界面任务状态	任务模块.管理工作线程.ixx:523	服务所在模块的内部辅助流程。	2	2
私有_从场景查找目标实际状态_线程侧	私有_从场景查找目标实际状态_线程侧	自我线程模块.impl.cpp:3201	按条件查找目标对象、方法或事实。	2	2
私有_从字段构造消息	私有_从字段构造消息	线程生命周期消息模块.ixx:310	服务所在模块的内部辅助流程。	4	4
私有_从执行结果推导界面任务状态	私有_从执行结果推导界面任务状态	任务模块.管理工作线程.ixx:403	执行任务、方法或动作的主体逻辑。	2	2
私有_从派生需求特征推导推进状况	私有_从派生需求特征推导推进状况	任务模块.管理工作线程.ixx:1235	服务所在模块的内部辅助流程。	3	3
私有_从状态引用解析状态节点	私有_从状态引用解析状态节点	自我线程模块.impl.cpp:2836	解析输入文本、消息、场景或运行包。	2	2
私有_从状态转换边生成目标投影路径	私有_从状态转换边生成目标投影路径	因果类.cpp:1052	根据当前输入生成目标数据、场景、动态或回执。	2	2
私有_从缓存字段构造线程信息项	私有_从缓存字段构造线程信息项	线程生命周期消息模块.ixx:377	服务所在模块的内部辅助流程。	2	2
私有_从需求列表项解析需求节点	私有_从需求列表项解析需求节点	自我线程模块.impl.cpp:3676	解析输入文本、消息、场景或运行包。	4	4
私有_从需求引用解析需求节点	私有_从需求引用解析需求节点	自我线程模块.impl.cpp:3493	解析输入文本、消息、场景或运行包。	3	3
私有_从需求引用解析需求节点	私有_从需求引用解析需求节点	自我线程模块.impl.cpp:3514	解析输入文本、消息、场景或运行包。	3	3
私有_从需求树构建需求列表	私有_从需求树构建需求列表	自我线程模块.impl.cpp:11595	构建运行所需的数据结构或中间结果。	8	8
私有_任务SQL入口文本	私有_任务SQL入口文本	任务类.cpp:829	服务所在模块的内部辅助流程。	3	3
私有_任务SQL状态文本	私有_任务SQL状态文本	任务类.cpp:856	服务所在模块的内部辅助流程。	2	2
私有_任务SQL节点种类文本	私有_任务SQL节点种类文本	任务类.cpp:847	服务所在模块的内部辅助流程。	2	2
私有_任务主键	私有_任务主键	任务模块.管理工作线程.ixx:171	服务所在模块的内部辅助流程。	41	41
私有_任务之前结果状态	私有_任务之前结果状态	任务模块.管理工作线程.ixx:1660	服务所在模块的内部辅助流程。	3	3
私有_任务头绑定需求	私有_任务头绑定需求	控制面板摘要线程模块.impl.cpp:160	建立对象、任务、方法或因果之间的绑定关系。	6	2
私有_任务头绑定需求	私有_任务头绑定需求	控制面板类.cpp:338	建立对象、任务、方法或因果之间的绑定关系。	6	2
私有_任务头绑定需求	私有_任务头绑定需求	鱼巢.cpp:618	建立对象、任务、方法或因果之间的绑定关系。	6	2
私有_任务子层摘要	私有_任务子层摘要	控制面板类.cpp:2982	服务所在模块的内部辅助流程。	2	2
私有_任务工作线程池参数保存状态文本	私有_任务工作线程池参数保存状态文本	控制面板类.cpp:85	把任务工作线程池参数保存状态转换为控制面板显示文本。	3	3
私有_任务工作线程池参数应用状态文本	私有_任务工作线程池参数应用状态文本	控制面板类.cpp:128	把任务工作线程池参数应用状态转换为控制面板显示文本。	3	3
私有_任务工作线程池参数错误状态文本	私有_任务工作线程池参数错误状态文本	控制面板类.cpp:103	把任务工作线程池参数错误状态转换为控制面板显示文本。	3	3
私有_任务工作线程池最近参数保存文本	私有_任务工作线程池最近参数保存文本	控制面板类.cpp:153	服务所在模块的内部辅助流程。	7	7
私有_任务工作线程池最近参数保存文本	私有_任务工作线程池最近参数保存文本	控制面板类.cpp:179	服务所在模块的内部辅助流程。	7	7
私有_任务工作线程池最近参数应用文本	私有_任务工作线程池最近参数应用文本	控制面板类.cpp:171	服务所在模块的内部辅助流程。	8	8
私有_任务工作线程池最近参数应用文本	私有_任务工作线程池最近参数应用文本	控制面板类.cpp:199	服务所在模块的内部辅助流程。	8	8
私有_任务工作线程池最近参数错误文本	私有_任务工作线程池最近参数错误文本	控制面板类.cpp:161	服务所在模块的内部辅助流程。	8	8
私有_任务工作线程池最近参数错误文本	私有_任务工作线程池最近参数错误文本	控制面板类.cpp:188	服务所在模块的内部辅助流程。	8	8
私有_任务已有等待承接证据	私有_任务已有等待承接证据	任务模块.管理工作线程.ixx:305	等待线程、任务、外设或条件变化。	3	3
私有_任务引用匹配_线程侧	私有_任务引用匹配_线程侧	自我线程模块.impl.cpp:3573	服务所在模块的内部辅助流程。	3	3
私有_任务推进回执是通用部分推进	私有_任务推进回执是通用部分推进	任务模块.管理工作线程.ixx:510	服务所在模块的内部辅助流程。	2	2
私有_任务推进回执目标失败	私有_任务推进回执目标失败	任务模块.管理工作线程.ixx:501	服务所在模块的内部辅助流程。	2	2
私有_任务推进回执目标成功	私有_任务推进回执目标成功	任务模块.管理工作线程.ixx:492	服务所在模块的内部辅助流程。	6	6
私有_任务推进状况文本	私有_任务推进状况文本	任务模块.管理工作线程.ixx:423	服务所在模块的内部辅助流程。	11	11
私有_任务推进状况是学习承接缺口	私有_任务推进状况是学习承接缺口	任务模块.管理工作线程.ixx:1786	服务所在模块的内部辅助流程。	2	2
私有_任务推进阶段文本	私有_任务推进阶段文本	任务模块.管理工作线程.ixx:478	服务所在模块的内部辅助流程。	2	2
私有_任务方法候选已存在	私有_任务方法候选已存在	任务类.cpp:62	服务所在模块的内部辅助流程。	2	2
私有_任务权重评分_线程侧	私有_任务权重评分_线程侧	自我线程模块.impl.cpp:3731	服务所在模块的内部辅助流程。	5	5
私有_任务来源需求_线程侧	私有_任务来源需求_线程侧	自我线程模块.impl.cpp:3555	服务所在模块的内部辅助流程。	11	11
私有_任务标题	私有_任务标题	控制面板类.cpp:4151	服务所在模块的内部辅助流程。	3	3
私有_任务树SQL建库脚本	私有_任务树SQL建库脚本	任务类.cpp:942	服务所在模块的内部辅助流程。	2	2
私有_任务树SQL建表脚本	私有_任务树SQL建表脚本	任务类.cpp:950	服务所在模块的内部辅助流程。	2	2
私有_任务树SQL投影互斥	私有_任务树SQL投影互斥	任务类.cpp:805	服务所在模块的内部辅助流程。	2	2
私有_任务树SQL视图脚本	私有_任务树SQL视图脚本	任务类.cpp:1013	服务所在模块的内部辅助流程。	2	2
私有_任务根节点取任务	私有_任务根节点取任务	任务模块.管理工作线程.ixx:183	服务所在模块的内部辅助流程。	2	2
私有_任务根节点取管理对象任务	私有_任务根节点取管理对象任务	任务模块.管理工作线程.ixx:195	服务所在模块的内部辅助流程。	2	2
私有_任务特征词_工作线程	私有_任务特征词_工作线程	任务模块.管理工作线程.ixx:1094	服务所在模块的内部辅助流程。	2	2
私有_任务状态可进入横向结算_线程侧	私有_任务状态可进入横向结算_线程侧	自我线程模块.impl.cpp:4911	结算任务、需求、价值或结果贡献。	2	2
私有_任务状态已终结_任务管理新链	私有_任务状态已终结_任务管理新链	自我线程模块.impl.cpp:5471	服务所在模块的内部辅助流程。	6	6
私有_任务状态数量摘要	私有_任务状态数量摘要	控制面板类.cpp:1014	服务所在模块的内部辅助流程。	4	4
私有_任务状态文本	私有_任务状态文本	控制面板类.cpp:760	服务所在模块的内部辅助流程。	45	4
私有_任务目标特征类型	私有_任务目标特征类型	任务模块.管理工作线程.ixx:1632	服务所在模块的内部辅助流程。	2	2
私有_任务目标状态	私有_任务目标状态	任务模块.管理工作线程.ixx:1649	服务所在模块的内部辅助流程。	4	4
私有_任务管理上行消息通知回调_线程侧	私有_任务管理上行消息通知回调_线程侧	自我线程模块.impl.cpp:13996	服务所在模块的内部辅助流程。	2	2
私有_任务管理去向文本	私有_任务管理去向文本	自我线程模块.impl.cpp:13315	服务所在模块的内部辅助流程。	2	2
私有_任务管理反馈类型文本	私有_任务管理反馈类型文本	鱼巢.cpp:548	服务所在模块的内部辅助流程。	2	2
私有_任务管理总控结果文本	私有_任务管理总控结果文本	控制面板类.cpp:1183	服务所在模块的内部辅助流程。	3	1
私有_任务管理总控结果文本	私有_任务管理总控结果文本	鱼巢.cpp:533	服务所在模块的内部辅助流程。	3	2
私有_任务管理结果存在已恢复关键中间状态_线程侧	私有_任务管理结果存在已恢复关键中间状态_线程侧	自我线程模块.impl.cpp:1386	从任务结果状态判断关键中间状态是否已经恢复。	2	2
私有_任务管理结果存在未恢复关键中间状态_线程侧	私有_任务管理结果存在未恢复关键中间状态_线程侧	自我线程模块.impl.cpp:1367	从任务结果状态判断关键中间状态是否仍未恢复。	2	2
私有_任务管理调度让步回调_线程侧	私有_任务管理调度让步回调_线程侧	自我线程模块.impl.cpp:14014	服务所在模块的内部辅助流程。	2	2
私有_任务结构标题	私有_任务结构标题	控制面板类.cpp:4171	服务所在模块的内部辅助流程。	2	2
私有_任务结果方向语义键	私有_任务结果方向语义键	二次特征应用模块.ixx:741	服务所在模块的内部辅助流程。	2	2
私有_任务结算域文本_线程侧	私有_任务结算域文本_线程侧	自我线程模块.impl.cpp:7429	结算任务、需求、价值或结果贡献。	10	10
私有_任务节点主键_控制面板	私有_任务节点主键_控制面板	控制面板类.cpp:959	服务所在模块的内部辅助流程。	4	4
私有_任务节点可在普通任务树显示	私有_任务节点可在普通任务树显示	控制面板类.cpp:364	服务所在模块的内部辅助流程。	2	2
私有_任务节点同一_线程侧	私有_任务节点同一_线程侧	自我线程模块.impl.cpp:7441	服务所在模块的内部辅助流程。	2	2
私有_任务节点属于需求任务链	私有_任务节点属于需求任务链	控制面板摘要线程模块.impl.cpp:169	服务所在模块的内部辅助流程。	8	3
私有_任务节点属于需求任务链	私有_任务节点属于需求任务链	控制面板类.cpp:347	服务所在模块的内部辅助流程。	8	3
私有_任务节点属于需求任务链	私有_任务节点属于需求任务链	鱼巢.cpp:627	服务所在模块的内部辅助流程。	8	2
私有_任务节点种类文本	私有_任务节点种类文本	控制面板类.cpp:750	服务所在模块的内部辅助流程。	5	5
私有_任务虚拟存在I64特征文本	私有_任务虚拟存在I64特征文本	鱼巢.cpp:1744	服务所在模块的内部辅助流程。	6	6
私有_任务虚拟存在_控制命令	私有_任务虚拟存在_控制命令	鱼巢.cpp:1732	服务所在模块的内部辅助流程。	4	4
私有_任务虚拟存在主键文本	私有_任务虚拟存在主键文本	鱼巢.cpp:1797	服务所在模块的内部辅助流程。	2	2
私有_任务虚拟存在内部世界名称词	私有_任务虚拟存在内部世界名称词	任务类.cpp:334	服务所在模块的内部辅助流程。	2	2
私有_任务虚拟存在名称词	私有_任务虚拟存在名称词	任务类.cpp:323	服务所在模块的内部辅助流程。	2	2
私有_任务虚拟存在基础节点_线程侧	私有_任务虚拟存在基础节点_线程侧	自我线程模块.impl.cpp:3148	服务所在模块的内部辅助流程。	4	4
私有_任务虚拟存在当前方法运行成功文本	私有_任务虚拟存在当前方法运行成功文本	鱼巢.cpp:1784	执行对应模块、线程或方法的运行逻辑。	2	2
私有_任务虚拟存在指针特征	私有_任务虚拟存在指针特征	鱼巢.cpp:1759	服务所在模块的内部辅助流程。	9	5
私有_任务虚拟存在指针特征主键文本	私有_任务虚拟存在指针特征主键文本	鱼巢.cpp:1775	服务所在模块的内部辅助流程。	2	2
私有_任务虚拟存在类型词	私有_任务虚拟存在类型词	任务类.cpp:314	服务所在模块的内部辅助流程。	2	2
私有_任务语义特征词	私有_任务语义特征词	任务模块.管理工作线程.ixx:239	服务所在模块的内部辅助流程。	37	14
私有_任务语义状态词	私有_任务语义状态词	任务模块.管理工作线程.ixx:245	服务所在模块的内部辅助流程。	4	4
私有_任务追踪特征_剩余差距	私有_任务追踪特征_剩余差距	鱼巢.cpp:1711	服务所在模块的内部辅助流程。	2	2
私有_任务追踪特征_当前方法运行存在	私有_任务追踪特征_当前方法运行存在	鱼巢.cpp:1725	执行对应模块、线程或方法的运行逻辑。	3	3
私有_任务追踪特征_执行结果类型	私有_任务追踪特征_执行结果类型	鱼巢.cpp:1718	执行任务、方法或动作的主体逻辑。	2	2
私有_任务追踪特征_本轮推进量	私有_任务追踪特征_本轮推进量	鱼巢.cpp:1704	服务所在模块的内部辅助流程。	2	2
私有_任务追踪特征_本轮是否有推进	私有_任务追踪特征_本轮是否有推进	鱼巢.cpp:1697	服务所在模块的内部辅助流程。	2	2
私有_任务追踪特征_目标是否达成	私有_任务追踪特征_目标是否达成	鱼巢.cpp:1690	服务所在模块的内部辅助流程。	2	2
私有_信息入口类型文本	私有_信息入口类型文本	控制面板类.cpp:1231	服务所在模块的内部辅助流程。	5	2
私有_信息入口类型文本	私有_信息入口类型文本	语素类.cpp:172	服务所在模块的内部辅助流程。	5	3
私有_信息存储树文本	私有_信息存储树文本	控制面板类.cpp:1215	服务所在模块的内部辅助流程。	2	2
私有_值_执行缺口_当前方法执行失败	私有_值_执行缺口_当前方法执行失败	任务模块.管理工作线程.ixx:293	执行任务、方法或动作的主体逻辑。	2	2
私有_值_执行缺口_方法运行回执未闭环	私有_值_执行缺口_方法运行回执未闭环	任务模块.管理工作线程.ixx:296	执行对应模块、线程或方法的运行逻辑。	2	2
私有_值_无执行缺口	私有_值_无执行缺口	任务模块.管理工作线程.ixx:290	执行任务、方法或动作的主体逻辑。	3	3
私有_值形态不适合同类事件段聚合	私有_值形态不适合同类事件段聚合	二次特征应用模块.ixx:2150	服务所在模块的内部辅助流程。	5	5
私有_停止任务管理工作线程池	私有_停止任务管理工作线程池	任务模块.管理界面线程.impl.cpp:6185	停止线程、模块或运行流程。	6	6
私有_停止相机播放	私有_停止相机播放	控制面板WebView2.cpp:804	停止线程、模块或运行流程。	3	3
私有_停用根需求差距执行子需求_线程侧	私有_停用根需求差距执行子需求_线程侧	自我线程模块.impl.cpp:11512	根需求差距不再生成同目标子需求；历史上已生成的差距子需求只保留复盘痕迹， 进入本轮需求整理时统一退出活动集，避免复制根目标...	3	3
私有_允许方向_控制面板	私有_允许方向_控制面板	控制面板类.cpp:3608	服务所在模块的内部辅助流程。	2	2
私有_关闭ADO连接	私有_关闭ADO连接	数据库ADO模块.cpp:196	关闭 ADO 连接并吞掉关闭异常。	6	6
私有_写入G0线程侧证据材料	私有_写入G0线程侧证据材料	自我线程模块.impl.cpp:1417	把处理结果写入指定对象、场景或日志。	2	2
私有_写入I64特征	私有_写入I64特征	方法类.cpp:852	把处理结果写入指定对象、场景或日志。	2	2
私有_写入任务I64特征	私有_写入任务I64特征	任务类.cpp:612	把处理结果写入指定对象、场景或日志。	40	40
私有_写入任务指针特征	私有_写入任务指针特征	任务类.cpp:634	把处理结果写入指定对象、场景或日志。	10	10
私有_写入任务特征使用统计	私有_写入任务特征使用统计	任务类.cpp:523	把处理结果写入指定对象、场景或日志。	2	2
私有_写入任务节点引用	私有_写入任务节点引用	任务模块.管理工作线程.ixx:203	把处理结果写入指定对象、场景或日志。	2	2
私有_写入任务运行镜像特征	私有_写入任务运行镜像特征	任务类.cpp:566	把处理结果写入指定对象、场景或日志。	3	3
私有_写入动作验证报告摘要_执行桥_最小_v0	私有_写入动作验证报告摘要_执行桥_最小_v0	任务模块.执行.ixx:397	把处理结果写入指定对象、场景或日志。	3	3
私有_写入子特征I64	私有_写入子特征I64	存在类.cpp:121	把处理结果写入指定对象、场景或日志。	7	7
私有_写入子特征指针	私有_写入子特征指针	存在类.cpp:133	把处理结果写入指定对象、场景或日志。	3	3
私有_写入指针特征	私有_写入指针特征	方法虚拟存在服务类.cpp:247	把处理结果写入指定对象、场景或日志。	6	6
私有_写入控制面板HTML临时文件	私有_写入控制面板HTML临时文件	控制面板WebView2.cpp:218	把 UTF-8 HTML 写入 WebView2 临时文件。	2	2
私有_写入方法类型特征	私有_写入方法类型特征	方法类.cpp:908	把处理结果写入指定对象、场景或日志。	4	2
私有_写入方法类型特征	私有_写入方法类型特征	本能方法类.cpp:218	把处理结果写入指定对象、场景或日志。	4	2
私有_写入方法节点引用	私有_写入方法节点引用	任务模块.管理工作线程.ixx:221	把处理结果写入指定对象、场景或日志。	2	2
私有_写入本能方法分类特征	私有_写入本能方法分类特征	本能方法类.cpp:242	把处理结果写入指定对象、场景或日志。	2	2
私有_写入治理特征值	私有_写入治理特征值	自我线程模块.impl.cpp:12288	把处理结果写入指定对象、场景或日志。	2	2
私有_写入状态节点引用	私有_写入状态节点引用	任务模块.管理工作线程.ixx:230	把处理结果写入指定对象、场景或日志。	5	3
私有_写入状态节点引用	私有_写入状态节点引用	自我线程模块.impl.cpp:2635	把处理结果写入指定对象、场景或日志。	5	2
私有_写入结算叶子任务价值输入	私有_写入结算叶子任务价值输入	自我线程模块.impl.cpp:7009	把处理结果写入指定对象、场景或日志。	2	2
私有_写入自检报告休眠处置	私有_写入自检报告休眠处置	自我线程模块.impl.cpp:8688	服务所在模块的内部辅助流程。	2	2
私有_写入需求节点引用	私有_写入需求节点引用	任务模块.管理工作线程.ixx:212	把处理结果写入指定对象、场景或日志。	3	2
私有_写入需求节点引用	私有_写入需求节点引用	自我线程模块.impl.cpp:2628	把处理结果写入指定对象、场景或日志。	3	1
私有_写多行运行日志	私有_写多行运行日志	鱼巢.cpp:578	执行对应模块、线程或方法的运行逻辑。	3	3
私有_写字段	私有_写字段	线程生命周期消息模块.ixx:355	服务所在模块的内部辅助流程。	37	37
私有_写线程信息表缓存_已持锁	私有_写线程信息表缓存_已持锁	线程生命周期消息模块.ixx:462	服务所在模块的内部辅助流程。	2	2
私有_写错误	私有_写错误	任务模块.运行包.impl.cpp:12	服务所在模块的内部辅助流程。	12	12
私有_写项字段	私有_写项字段	线程生命周期消息模块.ixx:367	服务所在模块的内部辅助流程。	32	32
私有_冻结消息批次_限制观察承接	私有_冻结消息批次_限制观察承接	自我线程模块.impl.cpp:13545	服务所在模块的内部辅助流程。	2	2
私有_切换自我线程生命周期并上报	私有_切换自我线程生命周期并上报	自我线程模块.impl.cpp:13271	服务所在模块的内部辅助流程。	9	9
私有_创建动态采样序号	私有_创建动态采样序号	动态类.cpp:60	创建并返回或登记对应对象。	2	2
私有_创建安全风险树I64状态节点_线程侧	私有_创建安全风险树I64状态节点_线程侧	自我线程模块.impl.cpp:6557	创建并返回或登记对应对象。	8	8
私有_创建安全风险树状态比较_线程侧	私有_创建安全风险树状态比较_线程侧	自我线程模块.impl.cpp:6585	创建并返回或登记对应对象。	3	3
私有_创建并初始化任务虚拟存在	私有_创建并初始化任务虚拟存在	任务类.cpp:742	初始化相关对象、状态或运行上下文。	5	5
私有_创建方法调用动作动态_执行桥_最小_v0	私有_创建方法调用动作动态_执行桥_最小_v0	任务模块.执行.ixx:114	创建并返回或登记对应对象。	2	2
私有_创建本能动作动态	私有_创建本能动作动态	自我类.cpp:531	创建并返回或登记对应对象。	2	2
私有_创建构建上下文	私有_创建构建上下文	控制面板类.cpp:9296	创建并返回或登记对应对象。	4	4
私有_创建治理状态节点	私有_创建治理状态节点	自我线程模块.impl.cpp:12309	创建并返回或登记对应对象。	3	3
私有_创建状态节点	私有_创建状态节点	自我类.cpp:509	创建并返回或登记对应对象。	12	12
私有_创建结构省略节点	私有_创建结构省略节点	控制面板类.cpp:2893	创建并返回或登记对应对象。	13	13
私有_创建需求列表加载更多节点	私有_创建需求列表加载更多节点	控制面板类.cpp:9349	创建并返回或登记对应对象。	4	4
私有_初始化WebView2	私有_初始化WebView2	控制面板WebView2.cpp:1397	初始化相关对象、状态或运行上下文。	2	2
私有_初始化日志	私有_初始化日志	鱼巢.cpp:677	初始化相关对象、状态或运行上下文。	2	2
私有_初始化线程子存在标准特征	私有_初始化线程子存在标准特征	自我类.cpp:342	初始化相关对象、状态或运行上下文。	2	2
私有_删除文件	私有_删除文件	线程生命周期消息模块.ixx:685	删除指定对象、状态或登记项。	8	8
私有_删除遗留根子需求_线程侧	私有_删除遗留根子需求_线程侧	自我线程模块.impl.cpp:10876	删除指定对象、状态或登记项。	3	3
私有_判定任务结算域_线程侧	私有_判定任务结算域_线程侧	自我线程模块.impl.cpp:7503	结算任务、需求、价值或结果贡献。	5	5
私有_到期	私有_到期	自检线程模块.impl.cpp:1374	服务所在模块的内部辅助流程。	5	5
私有_制动态引用	私有_制动态引用	因果类.cpp:228	服务所在模块的内部辅助流程。	2	2
私有_刷新世界树SQL投影	私有_刷新世界树SQL投影	鱼巢.cpp:1114	把当前世界树写入 SQL Server 查询投影。	4	4
私有_刷新任务树SQL投影	私有_刷新任务树SQL投影	鱼巢.cpp:1140	把当前任务树写入 SQL Server 查询投影。	4	4
私有_刷新启动需求树SQL投影	私有_刷新启动需求树SQL投影	鱼巢.cpp:1055	初始化相关对象、状态或运行上下文。	4	4
私有_刷新快照_已加锁	私有_刷新快照_已加锁	任务模块.管理工作线程.ixx:2905	服务所在模块的内部辅助流程。	2	2
私有_刷新方法树SQL投影	私有_刷新方法树SQL投影	鱼巢.cpp:1173	把当前方法树写入 SQL Server 查询投影。	4	4
私有_刷新根特征必要条件子需求_线程侧	私有_刷新根特征必要条件子需求_线程侧	自我线程模块.impl.cpp:11220	服务所在模块的内部辅助流程。	3	3
私有_刷新根需求状态引用_线程侧	私有_刷新根需求状态引用_线程侧	自我线程模块.impl.cpp:10017	服务所在模块的内部辅助流程。	5	5
私有_刷新根需求状态镜像_线程侧	私有_刷新根需求状态镜像_线程侧	自我线程模块.impl.cpp:10064	服务所在模块的内部辅助流程。	3	3
私有_刷新治理SQL投影集	私有_刷新治理SQL投影集	鱼巢.cpp:1206	刷新控制面板 SQL 查询所需的治理读模型投影。	4	4
私有_刷新父级需求结算摘要_需求类	私有_刷新父级需求结算摘要_需求类	需求类.cpp:933	刷新父级需求结算摘要，不修改需求树结构。	2	2
私有_刷新语素SQL投影	私有_刷新语素SQL投影	鱼巢.cpp:1088	把当前语素树写入 SQL Server 查询投影。	4	4
私有_刷新需求列表并确保需求相关任务_任务管理新链	私有_刷新需求列表并确保需求相关任务_任务管理新链	自我线程模块.impl.cpp:8103	确保目标结构、状态或前置条件存在并可用。	3	3
私有_刷新页面	私有_刷新页面	控制面板WebView2.cpp:1356	服务所在模块的内部辅助流程。	2	2
私有_前序遍历任务树	私有_前序遍历任务树	鱼巢.cpp:607	服务所在模块的内部辅助流程。	4	4
私有_加载创建函数	私有_加载创建函数	控制面板WebView2.cpp:544	创建并返回或登记对应对象。	2	2
私有_加载器候选路径	私有_加载器候选路径	控制面板WebView2.cpp:511	服务所在模块的内部辅助流程。	2	2
私有_加载线程信息表缓存_已持锁	私有_加载线程信息表缓存_已持锁	线程生命周期消息模块.ixx:422	服务所在模块的内部辅助流程。	3	3
私有_动作句柄文本	私有_动作句柄文本	控制面板类.cpp:1295	服务所在模块的内部辅助流程。	3	3
私有_动作句柄相等	私有_动作句柄相等	方法主信息类.h:430	服务所在模块的内部辅助流程。	4	2	header_or_inline
私有_动作句柄相等	私有_动作句柄相等	方法类.cpp:30	服务所在模块的内部辅助流程。	4	2
私有_动作句柄类型文本	私有_动作句柄类型文本	控制面板类.cpp:1136	服务所在模块的内部辅助流程。	2	2
私有_动作名称词	私有_动作名称词	本能方法类.cpp:168	服务所在模块的内部辅助流程。	4	4
私有_动作名转方法概念词	私有_动作名转方法概念词	方法虚拟存在服务类.cpp:45	服务所在模块的内部辅助流程。	2	2
私有_动作名键	私有_动作名键	因果类.cpp:206	服务所在模块的内部辅助流程。	3	3
私有_动作验证摘要允许普通价值结算_线程侧	私有_动作验证摘要允许普通价值结算_线程侧	自我线程模块.impl.cpp:7453	结算任务、需求、价值或结果贡献。	4	4
私有_动作验证摘要日志文本_线程侧	私有_动作验证摘要日志文本_线程侧	自我线程模块.impl.cpp:7471	服务所在模块的内部辅助流程。	7	7
私有_动态二次特征分步结果采样序号	私有_动态二次特征分步结果采样序号	二次特征应用模块.ixx:561	服务所在模块的内部辅助流程。	2	2
私有_动态二次特征命中回写因果证据动态采样序号	私有_动态二次特征命中回写因果证据动态采样序号	二次特征应用模块.ixx:589	服务所在模块的内部辅助流程。	2	2
私有_动态二次特征条件候选收集采样序号	私有_动态二次特征条件候选收集采样序号	二次特征应用模块.ixx:575	服务所在模块的内部辅助流程。	2	2
私有_动态二次特征生成采样序号	私有_动态二次特征生成采样序号	二次特征应用模块.ixx:547	根据当前输入生成目标数据、场景、动态或回执。	2	2
私有_动态二次特征类型文本	私有_动态二次特征类型文本	二次特征应用模块.ixx:912	服务所在模块的内部辅助流程。	3	3
私有_动态支持方向	私有_动态支持方向	二次特征应用模块.ixx:929	服务所在模块的内部辅助流程。	3	3
私有_动态条件特征_因果	私有_动态条件特征_因果	因果类.cpp:358	读取动态初始状态携带的条件特征。	3	3
私有_动态标量概念名称	私有_动态标量概念名称	二次特征应用模块.ixx:923	服务所在模块的内部辅助流程。	3	3
私有_动态结果命中状态	私有_动态结果命中状态	因果类.cpp:500	服务所在模块的内部辅助流程。	2	2
私有_动态结果特征_因果	私有_动态结果特征_因果	因果类.cpp:334	读取动态结果状态携带的结果特征。	4	4
私有_动态聚合方式文本	私有_动态聚合方式文本	控制面板类.cpp:1162	服务所在模块的内部辅助流程。	2	2
私有_动态阶段时间点	私有_动态阶段时间点	动态类.cpp:31	服务所在模块的内部辅助流程。	36	36
私有_动态阶段耗时微秒	私有_动态阶段耗时微秒	动态类.cpp:37	服务所在模块的内部辅助流程。	19	19
私有_包含片段_忽略大小写	私有_包含片段_忽略大小写	二次特征类.cpp:157	服务所在模块的内部辅助流程。	17	17
私有_区间外有符号差值	私有_区间外有符号差值	特征类.cpp:241	服务所在模块的内部辅助流程。	4	4
私有_区间宽度	私有_区间宽度	特征类.cpp:133	服务所在模块的内部辅助流程。	2	2
私有_区间文本	私有_区间文本	控制面板类.cpp:575	服务所在模块的内部辅助流程。	4	4
私有_区间相同	私有_区间相同	特征类.cpp:127	服务所在模块的内部辅助流程。	8	8
私有_十六进制指针	私有_十六进制指针	控制面板类.cpp:536	服务所在模块的内部辅助流程。	38	38
私有_参数配对状态特征类型_执行桥_最小_v0	私有_参数配对状态特征类型_执行桥_最小_v0	任务模块.执行.ixx:527	执行任务、方法或动作的主体逻辑。	4	2
私有_反转义字段值	私有_反转义字段值	线程生命周期消息模块.ixx:190	服务所在模块的内部辅助流程。	2	2
私有_发送执行前许可请求并重排	私有_发送执行前许可请求并重排	任务模块.管理界面线程.impl.cpp:5786	执行任务、方法或动作的主体逻辑。	2	2
私有_发送摘要线程生命周期消息	私有_发送摘要线程生命周期消息	控制面板摘要线程模块.impl.cpp:54	服务所在模块的内部辅助流程。	7	7
私有_发送相机帧到页面	私有_发送相机帧到页面	控制面板WebView2.cpp:856	服务所在模块的内部辅助流程。	3	3
私有_发送相机窗口状态到页面	私有_发送相机窗口状态到页面	控制面板WebView2.cpp:872	服务所在模块的内部辅助流程。	2	2
私有_发送自我场景窗口状态到页面	私有_发送自我场景窗口状态到页面	控制面板WebView2.cpp:893	服务所在模块的内部辅助流程。	2	2
私有_发送自我线程生命周期控制面板消息	私有_发送自我线程生命周期控制面板消息	自我线程模块.impl.cpp:11993	服务所在模块的内部辅助流程。	2	2
私有_发送页面刷新到页面	私有_发送页面刷新到页面	控制面板WebView2.cpp:914	服务所在模块的内部辅助流程。	4	4
私有_取任务执行方法_最小_v0	私有_取任务执行方法_最小_v0	任务模块.执行.ixx:1422	执行任务、方法或动作的主体逻辑。	2	2
私有_取任务虚拟存在_任务管理新链	私有_取任务虚拟存在_任务管理新链	自我线程模块.impl.cpp:7950	服务所在模块的内部辅助流程。	4	4
私有_取动态时间	私有_取动态时间	动态类.cpp:185	服务所在模块的内部辅助流程。	2	2
私有_取基础信息类型	私有_取基础信息类型	语素类.cpp:143	服务所在模块的内部辅助流程。	4	4
私有_取字段	私有_取字段	线程生命周期消息模块.ixx:243	服务所在模块的内部辅助流程。	29	29
私有_取存在所在场景	私有_取存在所在场景	世界树类.cpp:221	服务所在模块的内部辅助流程。	12	6
私有_取存在所在场景	私有_取存在所在场景	存在类.cpp:95	服务所在模块的内部辅助流程。	12	6
私有_取或创建安全因果风险树因素节点_线程侧	私有_取或创建安全因果风险树因素节点_线程侧	自我线程模块.impl.cpp:6704	创建并返回或登记对应对象。	2	2
私有_取所属场景	私有_取所属场景	二次特征应用模块.ixx:835	服务所在模块的内部辅助流程。	6	3
私有_取所属场景	私有_取所属场景	需求类.cpp:700	服务所在模块的内部辅助流程。	6	3
私有_取方法节点	私有_取方法节点	任务类.cpp:56	服务所在模块的内部辅助流程。	2	2
私有_取方法节点	私有_取方法节点	任务类.cpp:175	服务所在模块的内部辅助流程。	2	2
私有_取概念名称词	私有_取概念名称词	二次特征应用模块.ixx:695	服务所在模块的内部辅助流程。	14	14
私有_取状态时间	私有_取状态时间	动态类.cpp:179	服务所在模块的内部辅助流程。	11	11
私有_取状态特征类型	私有_取状态特征类型	二次特征应用模块.ixx:845	服务所在模块的内部辅助流程。	3	3
私有_取独立树根	私有_取独立树根	任务类.cpp:247	服务所在模块的内部辅助流程。	9	2
私有_取窗口上下文	私有_取窗口上下文	控制面板WebView2.cpp:588	服务所在模块的内部辅助流程。	14	14
私有_取节点键	私有_取节点键	二次特征应用模块.ixx:626	服务所在模块的内部辅助流程。	10	10
私有_取词键	私有_取词键	二次特征应用模块.ixx:2115	服务所在模块的内部辅助流程。	2	2
私有_取需求当前状态	私有_取需求当前状态	任务类.cpp:241	服务所在模块的内部辅助流程。	2	2
私有_取需求目标状态	私有_取需求目标状态	任务类.cpp:235	服务所在模块的内部辅助流程。	2	2
私有_取项字段	私有_取项字段	线程生命周期消息模块.ixx:259	服务所在模块的内部辅助流程。	32	32
私有_取首个条件下结果子节点	私有_取首个条件下结果子节点	方法类.cpp:223	服务所在模块的内部辅助流程。	2	2
私有_取首个条件场景	私有_取首个条件场景	方法虚拟存在服务类.cpp:499	服务所在模块的内部辅助流程。	2	2
私有_取首个条件子节点	私有_取首个条件子节点	方法类.cpp:203	服务所在模块的内部辅助流程。	6	6
私有_取首个直接结果子节点	私有_取首个直接结果子节点	方法类.cpp:213	服务所在模块的内部辅助流程。	2	2
私有_取首个结果场景	私有_取首个结果场景	方法虚拟存在服务类.cpp:520	服务所在模块的内部辅助流程。	2	2
私有_取首个结果子节点	私有_取首个结果子节点	方法类.cpp:233	服务所在模块的内部辅助流程。	3	3
私有_只读查找特征类型词	私有_只读查找特征类型词	因果类.cpp:807	按条件查找目标对象、方法或事实。	2	2
私有_可形成基础动态	私有_可形成基础动态	动态类.cpp:191	服务所在模块的内部辅助流程。	4	4
私有_可执行输入参数场景特征_执行桥_最小_v0	私有_可执行输入参数场景特征_执行桥_最小_v0	任务模块.执行.ixx:82	执行任务、方法或动作的主体逻辑。	2	2
私有_可选区间文本	私有_可选区间文本	控制面板类.cpp:581	服务所在模块的内部辅助流程。	5	5
私有_叶子任务正式结算证据日志文本_线程侧	私有_叶子任务正式结算证据日志文本_线程侧	自我线程模块.impl.cpp:3297	把叶子任务正式结算证据即时渲染为日志文本，不写回机器判断结构。	5	5
私有_同一主体特征流	私有_同一主体特征流	二次特征应用模块.ixx:2108	服务所在模块的内部辅助流程。	3	3
私有_同步任务回执方法到任务虚拟存在	私有_同步任务回执方法到任务虚拟存在	任务模块.管理工作线程.ixx:618	同步线程、任务、场景或对象之间的状态。	2	2
私有_同步任务执行记录_最小_v0	私有_同步任务执行记录_最小_v0	任务模块.执行.ixx:1403	同步线程、任务、场景或对象之间的状态。	2	2
私有_同步摘要快照数值槽	私有_同步摘要快照数值槽	控制面板摘要线程模块.impl.cpp:121	同步线程、任务、场景或对象之间的状态。	3	3
私有_同步方法状态特征	私有_同步方法状态特征	方法类.cpp:866	同步线程、任务、场景或对象之间的状态。	4	2
私有_同步方法状态特征	私有_同步方法状态特征	方法虚拟存在服务类.cpp:423	同步线程、任务、场景或对象之间的状态。	4	2
私有_同步方法身份与默认特征	私有_同步方法身份与默认特征	方法虚拟存在服务类.cpp:266	同步线程、任务、场景或对象之间的状态。	2	2
私有_同步服务状态动态证据到任务_线程侧	私有_同步服务状态动态证据到任务_线程侧	自我线程模块.impl.cpp:1318	把服务结算所需的状态证据同步为任务虚拟存在上的门槛特征。	2	2
私有_同类事件来源流	私有_同类事件来源流	二次特征应用模块.ixx:2134	服务所在模块的内部辅助流程。	2	2
私有_同类事件段聚合采样序号	私有_同类事件段聚合采样序号	二次特征应用模块.ixx:603	服务所在模块的内部辅助流程。	2	2
私有_后台worker循环	私有_后台worker循环	任务模块.管理界面线程.impl.cpp:5949	服务所在模块的内部辅助流程。	2	2	entry_or_thread
私有_向上取整平方边长	私有_向上取整平方边长	特征值类.h:182	服务所在模块的内部辅助流程。	2	2	header_or_inline
私有_向上取整立方边长	私有_向上取整立方边长	特征值类.h:191	服务所在模块的内部辅助流程。	2	2	header_or_inline
私有_向量含动态	私有_向量含动态	因果类.cpp:212	服务所在模块的内部辅助流程。	2	2
私有_向量含特征	私有_向量含特征	因果类.cpp:273	服务所在模块的内部辅助流程。	2	2
私有_向量文本	私有_向量文本	控制面板类.cpp:653	服务所在模块的内部辅助流程。	3	3
私有_吸收筹办派生需求消息	私有_吸收筹办派生需求消息	任务模块.管理工作线程.ixx:922	推进任务筹办，形成候选、缺口或就绪回执。	2	2
私有_吸收结果节点方向索引	私有_吸收结果节点方向索引	方法类.cpp:483	服务所在模块的内部辅助流程。	3	3
私有_命令行包含参数	私有_命令行包含参数	鱼巢.cpp:151	服务所在模块的内部辅助流程。	6	6
私有_哈希层	私有_哈希层	特征值类.h:242	服务所在模块的内部辅助流程。	3	3	header_or_inline
私有_响应已包含派生需求稳定键	私有_响应已包含派生需求稳定键	任务模块.管理工作线程.ixx:903	服务所在模块的内部辅助流程。	2	2
私有_唤醒派生需求来源任务_任务管理新链	私有_唤醒派生需求来源任务_任务管理新链	自我线程模块.impl.cpp:6018	唤醒等待中的任务、线程或治理链。	8	8
私有_回写因果模板命中	私有_回写因果模板命中	二次特征应用模块.ixx:1253	服务所在模块的内部辅助流程。	2	2
私有_回报包含派生需求消息	私有_回报包含派生需求消息	任务模块.管理工作线程.ixx:649	服务所在模块的内部辅助流程。	3	3
私有_回查父需求目标_任务管理新链	私有_回查父需求目标_任务管理新链	自我线程模块.impl.cpp:5779	服务所在模块的内部辅助流程。	2	2
私有_因果模板动作命中动态	私有_因果模板动作命中动态	因果类.cpp:725	判断动作因果模板是否命中指定动态动作来源。	3	3
私有_因果模板有动作	私有_因果模板有动作	因果类.cpp:279	服务所在模块的内部辅助流程。	5	5
私有_因果模板条件命中特征	私有_因果模板条件命中特征	因果类.cpp:459	判断因果模板条件侧是否与动态条件特征相同。	4	4
私有_因果模板果侧可用	私有_因果模板果侧可用	因果类.cpp:425	服务所在模块的内部辅助流程。	7	7
私有_因果模板状态迁移命中动态	私有_因果模板状态迁移命中动态	因果类.cpp:693	判断因果模板结果侧是否命中指定动态的状态迁移。	3	3
私有_因果模板结果命中特征	私有_因果模板结果命中特征	因果类.cpp:567	判断因果模板结果侧是否命中目标特征。	3	3
私有_因果模板结果命中状态	私有_因果模板结果命中状态	因果类.cpp:540	服务所在模块的内部辅助流程。	4	4
私有_因果缺失证据相同	私有_因果缺失证据相同	因果类.cpp:124	判断两个结构化缺失证据项是否指向同一缺失事实。	2	2
私有_因果边结果命中查询	私有_因果边结果命中查询	因果类.cpp:594	判断因果边结果侧是否命中查询目标。	2	2
私有_因果锚点类型文本	私有_因果锚点类型文本	控制面板类.cpp:1173	服务所在模块的内部辅助流程。	2	2
私有_因果阶段当前时间点	私有_因果阶段当前时间点	因果类.cpp:56	服务所在模块的内部辅助流程。	12	12
私有_因果阶段耗时微秒	私有_因果阶段耗时微秒	因果类.cpp:62	服务所在模块的内部辅助流程。	3	3
私有_场景二次特征索引	私有_场景二次特征索引	方法类.cpp:954	服务所在模块的内部辅助流程。	4	4
私有_场景复现存在概念词	私有_场景复现存在概念词	控制面板类.cpp:1378	服务所在模块的内部辅助流程。	2	2
私有_场景复现宿主评分	私有_场景复现宿主评分	控制面板类.cpp:1432	服务所在模块的内部辅助流程。	2	2
私有_场景复现特征词	私有_场景复现特征词	控制面板类.cpp:1364	服务所在模块的内部辅助流程。	3	3
私有_场景安全评估宿主评分	私有_场景安全评估宿主评分	控制面板类.cpp:1517	评估状态、风险、质量、权重或完成度。	2	2
私有_场景索引包含	私有_场景索引包含	语素类.cpp:227	服务所在模块的内部辅助流程。	2	2
私有_坐标分量转I64	私有_坐标分量转I64	世界树类.cpp:201	服务所在模块的内部辅助流程。	12	4
私有_坐标分量转I64	私有_坐标分量转I64	场景类.cpp:67	服务所在模块的内部辅助流程。	12	4
私有_坐标分量转I64	私有_坐标分量转I64	存在类.cpp:75	服务所在模块的内部辅助流程。	12	4
私有_坐标点L1误差	私有_坐标点L1误差	特征类.cpp:169	服务所在模块的内部辅助流程。	3	3
私有_坐标转I64三元	私有_坐标转I64三元	世界树类.cpp:213	服务所在模块的内部辅助流程。	6	1
私有_坐标转I64三元	私有_坐标转I64三元	场景类.cpp:79	服务所在模块的内部辅助流程。	6	2
私有_坐标转I64三元	私有_坐标转I64三元	存在类.cpp:87	服务所在模块的内部辅助流程。	6	3
私有_基础主键是存在_控制面板	私有_基础主键是存在_控制面板	控制面板类.cpp:3340	服务所在模块的内部辅助流程。	2	2
私有_基础信息子层摘要	私有_基础信息子层摘要	控制面板类.cpp:2958	服务所在模块的内部辅助流程。	2	2
私有_基础信息标题	私有_基础信息标题	控制面板类.cpp:3002	服务所在模块的内部辅助流程。	4	4
私有_基础信息类别文本	私有_基础信息类别文本	控制面板类.cpp:2940	服务所在模块的内部辅助流程。	4	4
私有_基础引用匹配状态_二次特征类	私有_基础引用匹配状态_二次特征类	二次特征类.cpp:58	服务所在模块的内部辅助流程。	3	3
私有_基础节点短名	私有_基础节点短名	语言类_基础信息命名.cpp:59	服务所在模块的内部辅助流程。	5	5
私有_基础节点语义相同_线程侧	私有_基础节点语义相同_线程侧	自我线程模块.impl.cpp:3101	服务所在模块的内部辅助流程。	4	4
私有_填充主体特征需求状态_执行桥_最小_v0	私有_填充主体特征需求状态_执行桥_最小_v0	任务模块.执行.ixx:654	执行任务、方法或动作的主体逻辑。	5	4
私有_填充任务层回执到治理结果	私有_填充任务层回执到治理结果	任务模块.管理工作线程.ixx:580	服务所在模块的内部辅助流程。	2	2
私有_填充参数配对缺口执行结果_执行桥_最小_v0	私有_填充参数配对缺口执行结果_执行桥_最小_v0	任务模块.执行.ixx:808	执行任务、方法或动作的主体逻辑。	2	1
私有_填充方法I64原子目标_自检	私有_填充方法I64原子目标_自检	自检线程模块.impl.cpp:1179	服务所在模块的内部辅助流程。	2	2
私有_填充方法不可用执行结果_执行桥_最小_v0	私有_填充方法不可用执行结果_执行桥_最小_v0	任务模块.执行.ixx:770	执行任务、方法或动作的主体逻辑。	3	2
私有_填充方法树SQL角色字段	私有_填充方法树SQL角色字段	方法类.cpp:1194	服务所在模块的内部辅助流程。	2	2
私有_填充方法特征需求状态_执行桥_最小_v0	私有_填充方法特征需求状态_执行桥_最小_v0	任务模块.执行.ixx:724	执行任务、方法或动作的主体逻辑。	8	8
私有_填充方法结果不稳定执行结果_执行桥_最小_v0	私有_填充方法结果不稳定执行结果_执行桥_最小_v0	任务模块.执行.ixx:853	执行任务、方法或动作的主体逻辑。	2	1
私有_填充方法缺可执行入口执行结果_执行桥_最小_v0	私有_填充方法缺可执行入口执行结果_执行桥_最小_v0	任务模块.执行.ixx:893	执行任务、方法或动作的主体逻辑。	4	3
私有_填充方法缺条件结果对执行结果_执行桥_最小_v0	私有_填充方法缺条件结果对执行结果_执行桥_最小_v0	任务模块.执行.ixx:953	执行任务、方法或动作的主体逻辑。	3	2
私有_填充方法缺条件节点执行结果_执行桥_最小_v0	私有_填充方法缺条件节点执行结果_执行桥_最小_v0	任务模块.执行.ixx:913	执行任务、方法或动作的主体逻辑。	4	3
私有_填充方法缺结果节点执行结果_执行桥_最小_v0	私有_填充方法缺结果节点执行结果_执行桥_最小_v0	任务模块.执行.ixx:933	执行任务、方法或动作的主体逻辑。	3	2
私有_填充方法运行账不足执行结果_执行桥_最小_v0	私有_填充方法运行账不足执行结果_执行桥_最小_v0	任务模块.执行.ixx:833	执行对应模块、线程或方法的运行逻辑。	2	1
私有_填充根特征原子目标_自检	私有_填充根特征原子目标_自检	自检线程模块.impl.cpp:840	服务所在模块的内部辅助流程。	2	2
私有_填充横向候选数值_线程侧	私有_填充横向候选数值_线程侧	自我线程模块.impl.cpp:4970	服务所在模块的内部辅助流程。	2	2
私有_填充派生需求父需求字段	私有_填充派生需求父需求字段	任务模块.管理工作线程.ixx:661	服务所在模块的内部辅助流程。	3	3
私有_填充缺方法动作执行结果_执行桥_最小_v0	私有_填充缺方法动作执行结果_执行桥_最小_v0	任务模块.执行.ixx:873	执行任务、方法或动作的主体逻辑。	3	2
私有_填充自我场景存在复现项	私有_填充自我场景存在复现项	控制面板类.cpp:1898	服务所在模块的内部辅助流程。	2	2
私有_填充语素SQL主信息	私有_填充语素SQL主信息	语素类.cpp:357	服务所在模块的内部辅助流程。	2	2
私有_增强任务结算被动因果_线程侧	私有_增强任务结算被动因果_线程侧	自我线程模块.impl.cpp:6436	结算任务、需求、价值或结果贡献。	3	3
私有_增强父任务重筹办被动因果_线程侧	私有_增强父任务重筹办被动因果_线程侧	自我线程模块.impl.cpp:6466	推进任务筹办，形成候选、缺口或就绪回执。	3	3
私有_壳状态	私有_壳状态	任务模块.管理工作线程.ixx:158	服务所在模块的内部辅助流程。	9	9
私有_处理共享任务挂接需求满足反馈_线程侧	私有_处理共享任务挂接需求满足反馈_线程侧	自我线程模块.impl.cpp:7274	服务所在模块的内部辅助流程。	2	2
私有_处理执行前许可门控	私有_处理执行前许可门控	任务模块.管理界面线程.impl.cpp:5863	执行任务、方法或动作的主体逻辑。	2	2
私有_处理横向任务满足反馈_线程侧	私有_处理横向任务满足反馈_线程侧	自我线程模块.impl.cpp:5124	服务所在模块的内部辅助流程。	3	3
私有_处理非核心结算闭账_任务管理新链	私有_处理非核心结算闭账_任务管理新链	自我线程模块.impl.cpp:7569	结算任务、需求、价值或结果贡献。	5	5
私有_复核成功服务候选池_线程侧	私有_复核成功服务候选池_线程侧	自我线程模块.impl.cpp:1884	服务所在模块的内部辅助流程。	2	2
私有_外设内部材料字段词_工作线程	私有_外设内部材料字段词_工作线程	任务模块.管理工作线程.ixx:1102	服务所在模块的内部辅助流程。	2	2
私有_夹紧非负上限_线程侧	私有_夹紧非负上限_线程侧	自我线程模块.impl.cpp:1014	服务所在模块的内部辅助流程。	4	4
私有_夹紧非负长双到I64_线程侧	私有_夹紧非负长双到I64_线程侧	自我线程模块.impl.cpp:4795	服务所在模块的内部辅助流程。	2	2
私有_字段显示文本	私有_字段显示文本	控制面板类.cpp:2478	服务所在模块的内部辅助流程。	7	7
私有_存在I64特征	私有_存在I64特征	自我类.初始化.cpp:94	服务所在模块的内部辅助流程。	16	16
私有_存在指针特征	私有_存在指针特征	自我类.初始化.cpp:101	服务所在模块的内部辅助流程。	4	4
私有_存在概念入口性	私有_存在概念入口性	世界树类.cpp:25	服务所在模块的内部辅助流程。	10	10
私有_存在概念词_线程侧	私有_存在概念词_线程侧	自我线程模块.impl.cpp:10377	服务所在模块的内部辅助流程。	2	2
私有_存在活动直接子需求_任务管理新链	私有_存在活动直接子需求_任务管理新链	自我线程模块.impl.cpp:5729	服务所在模块的内部辅助流程。	4	4
私有_存在节点相同	私有_存在节点相同	任务类.cpp:90	服务所在模块的内部辅助流程。	2	2
私有_安全乘除_I64_线程侧	私有_安全乘除_I64_线程侧	自我线程模块.impl.cpp:1033	服务所在模块的内部辅助流程。	3	3
私有_安全因果风险树节点键_线程侧	私有_安全因果风险树节点键_线程侧	自我线程模块.impl.cpp:6235	服务所在模块的内部辅助流程。	2	2
私有_安全因果默认满足提交状态文本_线程侧	私有_安全因果默认满足提交状态文本_线程侧	自我线程模块.impl.cpp:901	渲染结构化状态供日志显示。	3	3
私有_安全文本	私有_安全文本	语言类_二次特征表达.cpp:16	服务所在模块的内部辅助流程。	16	4
私有_安全文本	私有_安全文本	语言类_基础信息命名.cpp:14	服务所在模块的内部辅助流程。	16	9
私有_安全词	私有_安全词	自我线程模块.impl.cpp:76	服务所在模块的内部辅助流程。	10	5
私有_安全词_自检	私有_安全词_自检	自检线程模块.impl.cpp:533	服务所在模块的内部辅助流程。	2	2
私有_安全风险树节点类型词_线程侧	私有_安全风险树节点类型词_线程侧	自我线程模块.impl.cpp:6215	服务所在模块的内部辅助流程。	2	2
私有_审批任务执行前许可请求_线程侧	私有_审批任务执行前许可请求_线程侧	自我线程模块.impl.cpp:12833	执行任务、方法或动作的主体逻辑。	2	2
私有_宽字串转UTF8	私有_宽字串转UTF8	控制面板WebView2.cpp:286	服务所在模块的内部辅助流程。	8	5
私有_宽字串转UTF8	私有_宽字串转UTF8	数据库ADO模块.cpp:52	把 Windows 宽字串转换为 UTF-8 文本。	8	3
私有_尝试G0服务值饱和入账_线程侧	私有_尝试G0服务值饱和入账_线程侧	自我线程模块.impl.cpp:1584	服务所在模块的内部辅助流程。	3	3
私有_尝试提交安全因果因素无负证据默认满足_线程侧	私有_尝试提交安全因果因素无负证据默认满足_线程侧	自我线程模块.impl.cpp:3969	提交事实、动态、任务状态或运行回执。	3	3
私有_尝试提交风险安全场景影响部分_线程侧	私有_尝试提交风险安全场景影响部分_线程侧	自我线程模块.impl.cpp:4268	提交事实、动态、任务状态或运行回执。	3	3
私有_尝试更新风险安全层聚合候选_线程侧	私有_尝试更新风险安全层聚合候选_线程侧	自我线程模块.impl.cpp:3843	更新已有对象、状态、索引或缓存。	5	5
私有_尺寸转I64	私有_尺寸转I64	特征类.cpp:162	服务所在模块的内部辅助流程。	3	3
私有_巡检全部任务状态并入队	私有_巡检全部任务状态并入队	任务模块.管理界面线程.impl.cpp:6393	服务所在模块的内部辅助流程。	2	2
私有_工作线程执行当前任务方法	私有_工作线程执行当前任务方法	任务模块.管理工作线程.ixx:2718	执行任务、方法或动作的主体逻辑。	2	2
私有_已消费目录	私有_已消费目录	线程生命周期消息模块.ixx:123	服务所在模块的内部辅助流程。	5	5
私有_已识别区域扫描入账状态特征_线程侧	私有_已识别区域扫描入账状态特征_线程侧	自我线程模块.impl.cpp:12535	执行扫描相关材料获取、比较或提交逻辑。	3	3
私有_平面轮廓特征类型	私有_平面轮廓特征类型	特征类.cpp:276	服务所在模块的内部辅助流程。	2	2
私有_应用线程生命周期消息_已持锁	私有_应用线程生命周期消息_已持锁	线程生命周期消息模块.ixx:546	服务所在模块的内部辅助流程。	2	2
私有_引用主键	私有_引用主键	需求类.cpp:104	服务所在模块的内部辅助流程。	28	11
私有_引用指向	私有_引用指向	语素类.cpp:207	服务所在模块的内部辅助流程。	10	2
私有_引用指向需求_自检	私有_引用指向需求_自检	自检线程模块.impl.cpp:115	服务所在模块的内部辅助流程。	2	2
私有_引用键	私有_引用键	因果类.cpp:197	服务所在模块的内部辅助流程。	33	8
私有_弹出完成队列项	私有_弹出完成队列项	任务模块.管理界面线程.impl.cpp:6276	服务所在模块的内部辅助流程。	2	2
私有_归一到任务头_执行桥_最小_v0	私有_归一到任务头_执行桥_最小_v0	任务模块.执行.ixx:178	执行任务、方法或动作的主体逻辑。	2	2
私有_归一到任务头结点	私有_归一到任务头结点	任务类.cpp:256	服务所在模块的内部辅助流程。	46	36
私有_归一到任务头结点	私有_归一到任务头结点	自我类.cpp:267	服务所在模块的内部辅助流程。	46	1
私有_归一到任务头结点	私有_归一到任务头结点	自我线程模块.impl.cpp:3686	服务所在模块的内部辅助流程。	46	9
私有_归一到方法首节点	私有_归一到方法首节点	方法类.cpp:106	服务所在模块的内部辅助流程。	23	9
私有_归一到方法首节点	私有_归一到方法首节点	方法虚拟存在服务类.cpp:15	服务所在模块的内部辅助流程。	23	14
私有_归一自检候选类型	私有_归一自检候选类型	自我线程模块.impl.cpp:8732	服务所在模块的内部辅助流程。	4	4
私有_归并完成队列项	私有_归并完成队列项	任务模块.管理界面线程.impl.cpp:6295	服务所在模块的内部辅助流程。	2	2
私有_归并治理消息并对账	私有_归并治理消息并对账	自我线程模块.impl.cpp:13350	服务所在模块的内部辅助流程。	2	2
私有_归档已消费消息文件	私有_归档已消费消息文件	线程生命周期消息模块.ixx:742	服务所在模块的内部辅助流程。	2	2
私有_归档日期文本	私有_归档日期文本	线程生命周期消息模块.ixx:707	服务所在模块的内部辅助流程。	2	2
私有_归档目录	私有_归档目录	线程生命周期消息模块.ixx:129	服务所在模块的内部辅助流程。	3	3
私有_当前时间_微秒	私有_当前时间_微秒	线程生命周期消息模块.ixx:155	服务所在模块的内部辅助流程。	4	4
私有_当前自我概念集已就绪	私有_当前自我概念集已就绪	自我类.初始化.cpp:108	服务所在模块的内部辅助流程。	3	3
私有_成功服务G0候选生成状态文本_线程侧	私有_成功服务G0候选生成状态文本_线程侧	自我线程模块.impl.cpp:728	渲染结构化状态供日志显示。	2	2
私有_成功服务候选已结算_线程侧	私有_成功服务候选已结算_线程侧	自我线程模块.impl.cpp:1824	结算任务、需求、价值或结果贡献。	2	2
私有_打开ADO连接	私有_打开ADO连接	数据库ADO模块.cpp:149	打开 ADO 数据库连接。	3	3
私有_打开相机播放窗口	私有_打开相机播放窗口	控制面板WebView2.cpp:1924	服务所在模块的内部辅助流程。	4	4
私有_打开自我场景窗口	私有_打开自我场景窗口	控制面板WebView2.cpp:1962	服务所在模块的内部辅助流程。	3	3
私有_执行ADO控制面板查询	私有_执行ADO控制面板查询	控制面板类.cpp:6673	通过 ADO 执行控制面板 SQL 查询。	4	4
私有_执行任务树ADO命令	私有_执行任务树ADO命令	任务类.cpp:1140	执行任务、方法或动作的主体逻辑。	5	5
私有_执行前门控结果文本	私有_执行前门控结果文本	自我线程模块.impl.cpp:12075	执行任务、方法或动作的主体逻辑。	3	1
私有_执行前门控结果文本	私有_执行前门控结果文本	鱼巢.cpp:521	执行任务、方法或动作的主体逻辑。	3	2
私有_执行命令行相机命令	私有_执行命令行相机命令	鱼巢.cpp:396	执行任务、方法或动作的主体逻辑。	2	2
私有_执行尝试对账结果允许继续落账	私有_执行尝试对账结果允许继续落账	自我线程模块.impl.cpp:13343	执行任务、方法或动作的主体逻辑。	3	3
私有_执行方法树ADO命令	私有_执行方法树ADO命令	方法类.cpp:1489	执行任务、方法或动作的主体逻辑。	5	5
私有_执行服务治理周期维护_线程侧	私有_执行服务治理周期维护_线程侧	自我线程模块.impl.cpp:1953	执行任务、方法或动作的主体逻辑。	2	2
私有_执行桥任务主键_最小_v0	私有_执行桥任务主键_最小_v0	任务模块.执行.ixx:354	执行任务、方法或动作的主体逻辑。	4	4
私有_执行桥方法主键_最小_v0	私有_执行桥方法主键_最小_v0	任务模块.执行.ixx:360	执行任务、方法或动作的主体逻辑。	4	4
私有_执行缺口表示动作失败	私有_执行缺口表示动作失败	任务模块.管理工作线程.ixx:299	执行任务、方法或动作的主体逻辑。	2	2
私有_执行语素ADO命令	私有_执行语素ADO命令	语素类.cpp:667	执行任务、方法或动作的主体逻辑。	5	5
私有_执行输出失败原因词	私有_执行输出失败原因词	任务模块.管理工作线程.ixx:1535	执行任务、方法或动作的主体逻辑。	6	6
私有_执行输出派生需求词	私有_执行输出派生需求词	任务模块.管理工作线程.ixx:1520	执行任务、方法或动作的主体逻辑。	7	7
私有_执行输出特征_失败原因	私有_执行输出特征_失败原因	任务模块.管理工作线程.ixx:1046	执行任务、方法或动作的主体逻辑。	2	2
私有_执行输出特征_方法最近连续成功次数	私有_执行输出特征_方法最近连续成功次数	任务模块.管理工作线程.ixx:1067	执行任务、方法或动作的主体逻辑。	3	3
私有_执行输出特征_派生需求	私有_执行输出特征_派生需求	任务模块.管理工作线程.ixx:1039	执行任务、方法或动作的主体逻辑。	18	10
私有_执行输出特征_派生需求_执行桥_最小_v0	私有_执行输出特征_派生需求_执行桥_最小_v0	任务模块.执行.ixx:633	执行任务、方法或动作的主体逻辑。	2	2
私有_执行输出特征_派生需求当前状态	私有_执行输出特征_派生需求当前状态	任务模块.管理工作线程.ixx:1053	执行任务、方法或动作的主体逻辑。	7	4
私有_执行输出特征_派生需求当前状态_执行桥_最小_v0	私有_执行输出特征_派生需求当前状态_执行桥_最小_v0	任务模块.执行.ixx:640	执行任务、方法或动作的主体逻辑。	3	2
私有_执行输出特征_派生需求目标状态	私有_执行输出特征_派生需求目标状态	任务模块.管理工作线程.ixx:1060	执行任务、方法或动作的主体逻辑。	7	4
私有_执行输出特征_派生需求目标状态_执行桥_最小_v0	私有_执行输出特征_派生需求目标状态_执行桥_最小_v0	任务模块.执行.ixx:647	执行任务、方法或动作的主体逻辑。	3	2
私有_执行输出特征_缺失参数数量	私有_执行输出特征_缺失参数数量	任务模块.管理工作线程.ixx:1074	执行任务、方法或动作的主体逻辑。	5	5
私有_执行输出需要派生原子需求	私有_执行输出需要派生原子需求	任务模块.管理工作线程.ixx:1551	执行任务、方法或动作的主体逻辑。	3	3
私有_执行需求树ADO命令	私有_执行需求树ADO命令	需求类.cpp:601	执行任务、方法或动作的主体逻辑。	5	5
私有_执行需求树生长摘要Live	私有_执行需求树生长摘要Live	鱼巢.cpp:1875	执行任务、方法或动作的主体逻辑。	2	2
私有_扫描材料承接后确保6146任务主体_线程侧	私有_扫描材料承接后确保6146任务主体_线程侧	自我线程模块.impl.cpp:12695	确保目标结构、状态或前置条件存在并可用。	2	2
私有_扫描材料承接后确保6147任务主体_线程侧	私有_扫描材料承接后确保6147任务主体_线程侧	自我线程模块.impl.cpp:12776	确保目标结构、状态或前置条件存在并可用。	2	2
私有_把基础信息挂入场景索引	私有_把基础信息挂入场景索引	语素类.cpp:248	服务所在模块的内部辅助流程。	2	2
私有_折叠主键	私有_折叠主键	自检线程模块.impl.cpp:1168	服务所在模块的内部辅助流程。	8	8
私有_报告自我结构根创建失败	私有_报告自我结构根创建失败	自我类.cpp:64	创建并返回或登记对应对象。	3	3
私有_抽象值域包含区间	私有_抽象值域包含区间	特征类.cpp:449	服务所在模块的内部辅助流程。	5	5
私有_抽象值域宽度	私有_抽象值域宽度	特征类.cpp:527	服务所在模块的内部辅助流程。	2	2
私有_抽象区间符合	私有_抽象区间符合	特征类.cpp:420	服务所在模块的内部辅助流程。	6	6
私有_抽象子节点类型词_线程侧	私有_抽象子节点类型词_线程侧	自我线程模块.impl.cpp:10140	服务所在模块的内部辅助流程。	5	5
私有_抽象根特征定义摘要_线程侧	私有_抽象根特征定义摘要_线程侧	自我线程模块.impl.cpp:653	服务所在模块的内部辅助流程。	2	2
私有_抽象根特征定义读取状态文本_线程侧	私有_抽象根特征定义读取状态文本_线程侧	自我线程模块.impl.cpp:459	从指定来源读取数据或状态。	2	2
私有_抽象特征名词	私有_抽象特征名词	特征类.cpp:270	服务所在模块的内部辅助流程。	8	6
私有_抽象特征名词_自我类	私有_抽象特征名词_自我类	自我类.cpp:141	服务所在模块的内部辅助流程。	2	2
私有_抽象特征形态文本	私有_抽象特征形态文本	控制面板类.cpp:587	服务所在模块的内部辅助流程。	2	2
私有_拼接片段	私有_拼接片段	鱼巢.cpp:560	服务所在模块的内部辅助流程。	3	2
私有_指针句柄文本	私有_指针句柄文本	语言类_基础信息命名.cpp:35	服务所在模块的内部辅助流程。	2	2
私有_指针键	私有_指针键	因果类.cpp:188	服务所在模块的内部辅助流程。	5	5
私有_按主键解析任务节点	私有_按主键解析任务节点	自我线程模块.impl.cpp:3425	解析输入文本、消息、场景或运行包。	7	7
私有_按主键解析方法节点_任务管理新链	私有_按主键解析方法节点_任务管理新链	自我线程模块.impl.cpp:7868	解析输入文本、消息、场景或运行包。	4	4
私有_按主键解析正式目标存在_线程侧	私有_按主键解析正式目标存在_线程侧	自我线程模块.impl.cpp:12553	解析输入文本、消息、场景或运行包。	3	3
私有_按主键解析状态节点	私有_按主键解析状态节点	自我线程模块.impl.cpp:2826	解析输入文本、消息、场景或运行包。	7	7
私有_按主键解析需求节点	私有_按主键解析需求节点	自我线程模块.impl.cpp:3472	解析输入文本、消息、场景或运行包。	9	9
私有_按任务主键解析任务虚拟存在_任务管理新链	私有_按任务主键解析任务虚拟存在_任务管理新链	自我线程模块.impl.cpp:7957	解析输入文本、消息、场景或运行包。	2	2
私有_按任务收集非根需求集_线程侧	私有_按任务收集非根需求集_线程侧	自我线程模块.impl.cpp:3587	服务所在模块的内部辅助流程。	4	4
私有_按任务查找非根需求_线程侧	私有_按任务查找非根需求_线程侧	自我线程模块.impl.cpp:3634	按条件查找目标对象、方法或事实。	5	5
私有_按任务管理同口径计算完成度百万分比_线程侧	私有_按任务管理同口径计算完成度百万分比_线程侧	自我线程模块.impl.cpp:4825	计算权重、状态、差值或派生结果。	2	2
私有_按动态生成被动触发因果信息_线程侧	私有_按动态生成被动触发因果信息_线程侧	自我线程模块.impl.cpp:6380	按被动触发证据动态生成或命中因果信息。	3	3
私有_按成功结果满足来源需求并唤醒父任务_任务管理新链	私有_按成功结果满足来源需求并唤醒父任务_任务管理新链	自我线程模块.impl.cpp:7719	唤醒等待中的任务、线程或治理链。	2	2
私有_按方法虚拟存在解析方法节点_任务管理新链	私有_按方法虚拟存在解析方法节点_任务管理新链	自我线程模块.impl.cpp:7893	解析输入文本、消息、场景或运行包。	2	2
私有_按方法运行结果推导任务状态_最小_v0	私有_按方法运行结果推导任务状态_最小_v0	任务模块.执行.ixx:1439	执行对应模块、线程或方法的运行逻辑。	2	2
私有_按治理主体解析任务虚拟存在_任务管理新链	私有_按治理主体解析任务虚拟存在_任务管理新链	自我线程模块.impl.cpp:12230	解析输入文本、消息、场景或运行包。	3	3
私有_按特征语义推断结算贡献层级	私有_按特征语义推断结算贡献层级	因果类.cpp:912	结算任务、需求、价值或结果贡献。	5	5
私有_按特征语义推断结算贡献层级	私有_按特征语义推断结算贡献层级	因果类.cpp:935	结算任务、需求、价值或结果贡献。	5	5
私有_按百万分比计算目标值_线程侧	私有_按百万分比计算目标值_线程侧	自我线程模块.impl.cpp:1105	计算权重、状态、差值或派生结果。	2	2
私有_按目标特征生成规则投影路径	私有_按目标特征生成规则投影路径	因果类.cpp:977	根据当前输入生成目标数据、场景、动态或回执。	3	3
私有_按目标特征类型生成规则投影路径	私有_按目标特征类型生成规则投影路径	因果类.cpp:990	根据当前输入生成目标数据、场景、动态或回执。	4	4
私有_按自检候选生成正式需求节点	私有_按自检候选生成正式需求节点	自我线程模块.impl.cpp:9190	根据当前输入生成目标数据、场景、动态或回执。	2	2
私有_控制台刷新摘要文本	私有_控制台刷新摘要文本	鱼巢.cpp:1401	生成默认控制台刷新摘要。	2	2
私有_控制台输出文本	私有_控制台输出文本	鱼巢.cpp:112	向默认控制台菜单输出一段文本。	8	8
私有_控制面板HTML临时路径	私有_控制面板HTML临时路径	控制面板WebView2.cpp:200	生成当前 WebView2 窗口复用的临时 HTML 文件路径。	2	2
私有_控制面板任务工作线程显示文本	私有_控制面板任务工作线程显示文本	控制面板类.cpp:6294	服务所在模块的内部辅助流程。	10	10
私有_推导任务场景	私有_推导任务场景	任务类.cpp:679	服务所在模块的内部辅助流程。	4	4
私有_推导任务结果方向编码	私有_推导任务结果方向编码	二次特征应用模块.ixx:752	服务所在模块的内部辅助流程。	2	2
私有_推导任务虚拟存在承载世界	私有_推导任务虚拟存在承载世界	任务类.cpp:699	服务所在模块的内部辅助流程。	3	3
私有_推导任务阶段	私有_推导任务阶段	任务类.cpp:471	服务所在模块的内部辅助流程。	4	4
私有_推导动态名称	私有_推导动态名称	动态类.cpp:81	按动态结构字段推导名称语义入口。	5	5
私有_推导动态类型	私有_推导动态类型	动态类.cpp:101	按动态结构字段推导动态类别入口。	5	5
私有_推导基准优先级	私有_推导基准优先级	任务类.cpp:726	服务所在模块的内部辅助流程。	2	2
私有_推导方法类型	私有_推导方法类型	方法类.cpp:743	服务所在模块的内部辅助流程。	5	2
私有_推导方法类型	私有_推导方法类型	方法虚拟存在服务类.cpp:80	服务所在模块的内部辅助流程。	5	3
私有_推导方法自检当前状态值_自检	私有_推导方法自检当前状态值_自检	自检线程模块.impl.cpp:1081	服务所在模块的内部辅助流程。	2	2
私有_推导本能方法类型	私有_推导本能方法类型	本能方法类.cpp:210	服务所在模块的内部辅助流程。	2	2
私有_推导需求根分区_线程侧	私有_推导需求根分区_线程侧	自我线程模块.impl.cpp:6249	服务所在模块的内部辅助流程。	2	2
私有_推断动态二次特征类型	私有_推断动态二次特征类型	二次特征应用模块.ixx:896	服务所在模块的内部辅助流程。	3	3
私有_推断动态粒度	私有_推断动态粒度	二次特征应用模块.ixx:796	服务所在模块的内部辅助流程。	8	8
私有_推断宿主存在	私有_推断宿主存在	方法类.cpp:838	服务所在模块的内部辅助流程。	2	2
私有_推断时长语义	私有_推断时长语义	二次特征应用模块.ixx:1128	服务所在模块的内部辅助流程。	3	3
私有_推断状态二次特征类型	私有_推断状态二次特征类型	二次特征应用模块.ixx:862	服务所在模块的内部辅助流程。	2	2
私有_推断默认刻度	私有_推断默认刻度	二次特征类.cpp:206	服务所在模块的内部辅助流程。	2	2
私有_提交任务到任务管理界面线程_任务管理新链	私有_提交任务到任务管理界面线程_任务管理新链	自我线程模块.impl.cpp:8122	提交事实、动态、任务状态或运行回执。	2	2
私有_提交任务已结算状态_线程侧	私有_提交任务已结算状态_线程侧	自我线程模块.impl.cpp:2054	提交事实、动态、任务状态或运行回执。	6	6
私有_提交活动需求任务化意图_线程侧	私有_提交活动需求任务化意图_线程侧	自我线程模块.impl.cpp:8016	提交事实、动态、任务状态或运行回执。	2	2
私有_提取主键	私有_提取主键	基础数据类型.h:189	服务所在模块的内部辅助流程。	6	6	header_or_inline
私有_提取并上报任务管理上行消息_线程侧	私有_提取并上报任务管理上行消息_线程侧	自我线程模块.impl.cpp:13329	服务所在模块的内部辅助流程。	2	2
私有_提取片段动态列表	私有_提取片段动态列表	二次特征应用模块.ixx:2157	服务所在模块的内部辅助流程。	3	3
私有_提取节点字段详情	私有_提取节点字段详情	控制面板类.cpp:9270	服务所在模块的内部辅助流程。	4	4
私有_提示外设内部材料字段需求化_工作线程	私有_提示外设内部材料字段需求化_工作线程	任务模块.管理工作线程.ixx:1209	服务所在模块的内部辅助流程。	3	3
私有_提示执行桥派生需求逻辑错误	私有_提示执行桥派生需求逻辑错误	任务模块.管理工作线程.ixx:2379	执行任务、方法或动作的主体逻辑。	2	2
私有_提示派生需求逻辑错误	私有_提示派生需求逻辑错误	自我线程模块.impl.cpp:8666	服务所在模块的内部辅助流程。	8	8
私有_提示自检代码缺陷报告	私有_提示自检代码缺陷报告	自检线程模块.impl.cpp:1342	服务所在模块的内部辅助流程。	5	5
私有_提示自检需求入树逻辑错误	私有_提示自检需求入树逻辑错误	自我线程模块.impl.cpp:8807	服务所在模块的内部辅助流程。	5	5
私有_摘要快照状态行	私有_摘要快照状态行	鱼巢.cpp:1382	服务所在模块的内部辅助流程。	4	4
私有_摘要线程消息事件	私有_摘要线程消息事件	控制面板摘要线程模块.impl.cpp:33	服务所在模块的内部辅助流程。	2	2
私有_收到派生需求消息时完善需求树	私有_收到派生需求消息时完善需求树	自我线程模块.impl.cpp:9861	服务所在模块的内部辅助流程。	3	3
私有_收束已完成叶需求_线程侧	私有_收束已完成叶需求_线程侧	自我线程模块.impl.cpp:5513	服务所在模块的内部辅助流程。	2	2
私有_收束来源需求_任务价值反馈后处理_线程侧	私有_收束来源需求_任务价值反馈后处理_线程侧	自我线程模块.impl.cpp:6961	服务所在模块的内部辅助流程。	5	5
私有_收束根特征必要条件子需求_线程侧	私有_收束根特征必要条件子需求_线程侧	自我线程模块.impl.cpp:10833	服务所在模块的内部辅助流程。	4	4
私有_收集世界树SQL同层	私有_收集世界树SQL同层	世界树类.cpp:594	服务所在模块的内部辅助流程。	3	3
私有_收集世界树SQL节点	私有_收集世界树SQL节点	世界树类.cpp:629	服务所在模块的内部辅助流程。	3	3
私有_收集任务树SQL行	私有_收集任务树SQL行	任务类.cpp:878	服务所在模块的内部辅助流程。	3	3
私有_收集候选方法_按结果特征_控制面板	私有_收集候选方法_按结果特征_控制面板	控制面板类.cpp:3533	服务所在模块的内部辅助流程。	3	3
私有_收集叶子任务正式结算证据_线程侧	私有_收集叶子任务正式结算证据_线程侧	自我线程模块.impl.cpp:3321	结算任务、需求、价值或结果贡献。	7	7
私有_收集当前任务树头任务_线程侧	私有_收集当前任务树头任务_线程侧	自我线程模块.impl.cpp:1855	服务所在模块的内部辅助流程。	2	2
私有_收集方法树SQL行	私有_收集方法树SQL行	方法类.cpp:1230	服务所在模块的内部辅助流程。	3	3
私有_收集方法结果方向_控制面板	私有_收集方法结果方向_控制面板	控制面板类.cpp:3617	服务所在模块的内部辅助流程。	3	3
私有_收集条件候选	私有_收集条件候选	二次特征应用模块.ixx:1136	服务所在模块的内部辅助流程。	2	2
私有_收集根特征自检缺口候选_自检	私有_收集根特征自检缺口候选_自检	自检线程模块.impl.cpp:945	服务所在模块的内部辅助流程。	3	3
私有_收集自我场景存在复现项	私有_收集自我场景存在复现项	控制面板类.cpp:2053	服务所在模块的内部辅助流程。	3	3
私有_收集语素SQL同层	私有_收集语素SQL同层	语素类.cpp:411	服务所在模块的内部辅助流程。	3	3
私有_收集语素SQL节点	私有_收集语素SQL节点	语素类.cpp:442	服务所在模块的内部辅助流程。	3	3
私有_收集需求承接任务头_线程侧	私有_收集需求承接任务头_线程侧	自我线程模块.impl.cpp:3699	服务所在模块的内部辅助流程。	6	6
私有_收集需求树SQL行	私有_收集需求树SQL行	需求类.cpp:130	服务所在模块的内部辅助流程。	3	3
私有_文件路径转URI	私有_文件路径转URI	控制面板WebView2.cpp:189	把本地 HTML 文件路径转换为 WebView2 可导航的 file URI。	2	2
私有_文本到枚举映射表	私有_文本到枚举映射表	语素类.cpp:19	服务所在模块的内部辅助流程。	3	3
私有_方向区间反向_需求方向	私有_方向区间反向_需求方向	需求类.cpp:779	服务所在模块的内部辅助流程。	2	2
私有_方向掩码反向_需求方向	私有_方向掩码反向_需求方向	需求类.cpp:767	服务所在模块的内部辅助流程。	2	2
私有_方向文本_控制面板	私有_方向文本_控制面板	控制面板类.cpp:3070	服务所在模块的内部辅助流程。	3	3
私有_方法SQL入口文本	私有_方法SQL入口文本	方法类.cpp:1123	服务所在模块的内部辅助流程。	2	2
私有_方法SQL动作句柄文本	私有_方法SQL动作句柄文本	方法类.cpp:1174	服务所在模块的内部辅助流程。	2	2
私有_方法SQL动作句柄类型文本	私有_方法SQL动作句柄类型文本	方法类.cpp:1164	服务所在模块的内部辅助流程。	2	2
私有_方法SQL布尔	私有_方法SQL布尔	方法类.cpp:1118	服务所在模块的内部辅助流程。	4	4
私有_方法SQL来源文本	私有_方法SQL来源文本	方法类.cpp:1151	服务所在模块的内部辅助流程。	2	2
私有_方法SQL节点种类文本	私有_方法SQL节点种类文本	方法类.cpp:1141	服务所在模块的内部辅助流程。	2	2
私有_方法允许引导执行_执行桥_最小_v0	私有_方法允许引导执行_执行桥_最小_v0	任务模块.执行.ixx:534	执行任务、方法或动作的主体逻辑。	3	3
私有_方法动作名_执行桥_最小_v0	私有_方法动作名_执行桥_最小_v0	任务模块.执行.ixx:105	执行任务、方法或动作的主体逻辑。	2	2
私有_方法动作数量_执行桥_最小_v0	私有_方法动作数量_执行桥_最小_v0	任务模块.执行.ixx:588	执行任务、方法或动作的主体逻辑。	6	6
私有_方法动作数量特征类型_执行桥_最小_v0	私有_方法动作数量特征类型_执行桥_最小_v0	任务模块.执行.ixx:306	执行任务、方法或动作的主体逻辑。	6	2
私有_方法动作状态特征类型_执行桥_最小_v0	私有_方法动作状态特征类型_执行桥_最小_v0	任务模块.执行.ixx:313	执行任务、方法或动作的主体逻辑。	6	2
私有_方法匹配自我能力值_执行桥_最小_v0	私有_方法匹配自我能力值_执行桥_最小_v0	任务模块.执行.ixx:199	执行任务、方法或动作的主体逻辑。	2	2
私有_方法匹配自我能力值_执行桥_最小_v0	私有_方法匹配自我能力值_执行桥_最小_v0	任务模块.执行.ixx:220	执行任务、方法或动作的主体逻辑。	2	2
私有_方法可作为练习目标_自检	私有_方法可作为练习目标_自检	自检线程模块.impl.cpp:370	服务所在模块的内部辅助流程。	2	2
私有_方法可执行入口数量_执行桥_最小_v0	私有_方法可执行入口数量_执行桥_最小_v0	任务模块.执行.ixx:619	执行任务、方法或动作的主体逻辑。	6	6
私有_方法可执行入口数量特征类型_执行桥_最小_v0	私有_方法可执行入口数量特征类型_执行桥_最小_v0	任务模块.执行.ixx:327	执行任务、方法或动作的主体逻辑。	11	3
私有_方法子层摘要	私有_方法子层摘要	控制面板类.cpp:2992	服务所在模块的内部辅助流程。	2	2
私有_方法引用命中目标	私有_方法引用命中目标	因果类.cpp:610	判断方法引用是否命中目标方法。	3	3
私有_方法当前可用_执行桥_最小_v0	私有_方法当前可用_执行桥_最小_v0	任务模块.执行.ixx:552	执行任务、方法或动作的主体逻辑。	2	2
私有_方法当前可用_控制面板	私有_方法当前可用_控制面板	控制面板类.cpp:3678	服务所在模块的内部辅助流程。	2	2
私有_方法必需条件特征类型数量_执行桥_最小_v0	私有_方法必需条件特征类型数量_执行桥_最小_v0	任务模块.执行.ixx:278	执行任务、方法或动作的主体逻辑。	2	2
私有_方法是否可用特征类型_控制面板	私有_方法是否可用特征类型_控制面板	控制面板类.cpp:3247	服务所在模块的内部辅助流程。	2	2
私有_方法是学习承接本能	私有_方法是学习承接本能	任务模块.管理工作线程.ixx:1768	服务所在模块的内部辅助流程。	5	5
私有_方法最近连续成功次数特征类型_执行桥_最小_v0	私有_方法最近连续成功次数特征类型_执行桥_最小_v0	任务模块.执行.ixx:257	执行任务、方法或动作的主体逻辑。	2	1
私有_方法有可执行动作入口	私有_方法有可执行动作入口	动态类.cpp:232	执行任务、方法或动作的主体逻辑。	2	2
私有_方法有已注册本能入口_执行桥_最小_v0	私有_方法有已注册本能入口_执行桥_最小_v0	任务模块.执行.ixx:606	注册方法、模板、对象或运行入口。	5	2
私有_方法条件场景名称词	私有_方法条件场景名称词	方法类.cpp:305	服务所在模块的内部辅助流程。	2	2
私有_方法条件是否必需特征词	私有_方法条件是否必需特征词	方法类.cpp:327	服务所在模块的内部辅助流程。	2	2
私有_方法条件特征类型数量_执行桥_最小_v0	私有_方法条件特征类型数量_执行桥_最小_v0	任务模块.执行.ixx:271	执行任务、方法或动作的主体逻辑。	2	2
私有_方法条件类型描述为无输入_执行桥_最小_v0	私有_方法条件类型描述为无输入_执行桥_最小_v0	任务模块.执行.ixx:285	执行任务、方法或动作的主体逻辑。	2	2
私有_方法条件结果对数量	私有_方法条件结果对数量	方法类.cpp:807	服务所在模块的内部辅助流程。	21	4
私有_方法条件结果对数量	私有_方法条件结果对数量	方法虚拟存在服务类.cpp:154	服务所在模块的内部辅助流程。	21	3
私有_方法条件结果对数量_执行桥_最小_v0	私有_方法条件结果对数量_执行桥_最小_v0	任务模块.执行.ixx:627	执行任务、方法或动作的主体逻辑。	7	7
私有_方法条件结果对数量特征类型_执行桥_最小_v0	私有_方法条件结果对数量特征类型_执行桥_最小_v0	任务模块.执行.ixx:334	执行任务、方法或动作的主体逻辑。	7	3
私有_方法条件结果配对状态特征类型_执行桥_最小_v0	私有_方法条件结果配对状态特征类型_执行桥_最小_v0	任务模块.执行.ixx:341	执行任务、方法或动作的主体逻辑。	5	2
私有_方法条件节点数量_执行桥_最小_v0	私有_方法条件节点数量_执行桥_最小_v0	任务模块.执行.ixx:582	执行任务、方法或动作的主体逻辑。	6	6
私有_方法条件节点数量特征类型_执行桥_最小_v0	私有_方法条件节点数量特征类型_执行桥_最小_v0	任务模块.执行.ixx:264	执行任务、方法或动作的主体逻辑。	7	3
私有_方法条件集合特征词	私有_方法条件集合特征词	方法类.cpp:319	服务所在模块的内部辅助流程。	2	2
私有_方法来源文本	私有_方法来源文本	控制面板类.cpp:1122	服务所在模块的内部辅助流程。	4	4
私有_方法来源概念名	私有_方法来源概念名	方法虚拟存在服务类.cpp:66	服务所在模块的内部辅助流程。	2	2
私有_方法标题	私有_方法标题	控制面板类.cpp:4192	服务所在模块的内部辅助流程。	5	4
私有_方法标题	私有_方法标题	自检线程模块.impl.cpp:1126	服务所在模块的内部辅助流程。	5	1
私有_方法树SQL建库脚本	私有_方法树SQL建库脚本	方法类.cpp:1281	服务所在模块的内部辅助流程。	2	2
私有_方法树SQL建表脚本	私有_方法树SQL建表脚本	方法类.cpp:1289	服务所在模块的内部辅助流程。	2	2
私有_方法树SQL投影互斥	私有_方法树SQL投影互斥	方法类.cpp:1094	服务所在模块的内部辅助流程。	2	2
私有_方法树SQL视图脚本	私有_方法树SQL视图脚本	方法类.cpp:1352	服务所在模块的内部辅助流程。	2	2
私有_方法树存在生产者	私有_方法树存在生产者	需求类.cpp:801	服务所在模块的内部辅助流程。	2	2
私有_方法特征_方法类型	私有_方法特征_方法类型	本能方法类.cpp:196	服务所在模块的内部辅助流程。	2	2
私有_方法特征_本能方法分类	私有_方法特征_本能方法分类	本能方法类.cpp:203	服务所在模块的内部辅助流程。	2	2
私有_方法状态_可用_执行桥_最小_v0	私有_方法状态_可用_执行桥_最小_v0	任务模块.执行.ixx:446	执行任务、方法或动作的主体逻辑。	9	9
私有_方法状态_可用值	私有_方法状态_可用值	方法类.cpp:766	服务所在模块的内部辅助流程。	6	2
私有_方法状态_可用值	私有_方法状态_可用值	方法虚拟存在服务类.cpp:116	服务所在模块的内部辅助流程。	6	2
私有_方法状态_可用值_自检	私有_方法状态_可用值_自检	自检线程模块.impl.cpp:494	服务所在模块的内部辅助流程。	2	2
私有_方法状态_好用值_自检	私有_方法状态_好用值_自检	自检线程模块.impl.cpp:500	服务所在模块的内部辅助流程。	2	2
私有_方法状态_待可执行入口_执行桥_最小_v0	私有_方法状态_待可执行入口_执行桥_最小_v0	任务模块.执行.ixx:434	执行任务、方法或动作的主体逻辑。	3	3
私有_方法状态_待可执行入口值	私有_方法状态_待可执行入口值	方法类.cpp:775	执行任务、方法或动作的主体逻辑。	4	2
私有_方法状态_待可执行入口值	私有_方法状态_待可执行入口值	方法虚拟存在服务类.cpp:122	执行任务、方法或动作的主体逻辑。	4	2
私有_方法状态_待方法动作_执行桥_最小_v0	私有_方法状态_待方法动作_执行桥_最小_v0	任务模块.执行.ixx:431	执行任务、方法或动作的主体逻辑。	3	3
私有_方法状态_待方法动作值	私有_方法状态_待方法动作值	方法类.cpp:772	服务所在模块的内部辅助流程。	6	2
私有_方法状态_待方法动作值	私有_方法状态_待方法动作值	方法虚拟存在服务类.cpp:119	服务所在模块的内部辅助流程。	6	2
私有_方法状态_待方法动作值_自检	私有_方法状态_待方法动作值_自检	自检线程模块.impl.cpp:470	服务所在模块的内部辅助流程。	2	2
私有_方法状态_待条件结果对_执行桥_最小_v0	私有_方法状态_待条件结果对_执行桥_最小_v0	任务模块.执行.ixx:443	执行任务、方法或动作的主体逻辑。	4	4
私有_方法状态_待条件结果对值	私有_方法状态_待条件结果对值	方法类.cpp:784	服务所在模块的内部辅助流程。	6	2
私有_方法状态_待条件结果对值	私有_方法状态_待条件结果对值	方法虚拟存在服务类.cpp:131	服务所在模块的内部辅助流程。	6	2
私有_方法状态_待条件结果对值_自检	私有_方法状态_待条件结果对值_自检	自检线程模块.impl.cpp:488	服务所在模块的内部辅助流程。	2	2
私有_方法状态_待条件节点_执行桥_最小_v0	私有_方法状态_待条件节点_执行桥_最小_v0	任务模块.执行.ixx:437	执行任务、方法或动作的主体逻辑。	3	3
私有_方法状态_待条件节点值	私有_方法状态_待条件节点值	方法类.cpp:778	服务所在模块的内部辅助流程。	6	2
私有_方法状态_待条件节点值	私有_方法状态_待条件节点值	方法虚拟存在服务类.cpp:125	服务所在模块的内部辅助流程。	6	2
私有_方法状态_待条件节点值_自检	私有_方法状态_待条件节点值_自检	自检线程模块.impl.cpp:476	服务所在模块的内部辅助流程。	2	2
私有_方法状态_待稳定_执行桥_最小_v0	私有_方法状态_待稳定_执行桥_最小_v0	任务模块.执行.ixx:452	执行任务、方法或动作的主体逻辑。	2	2
私有_方法状态_待结果节点_执行桥_最小_v0	私有_方法状态_待结果节点_执行桥_最小_v0	任务模块.执行.ixx:440	执行任务、方法或动作的主体逻辑。	3	3
私有_方法状态_待结果节点值	私有_方法状态_待结果节点值	方法类.cpp:781	服务所在模块的内部辅助流程。	6	2
私有_方法状态_待结果节点值	私有_方法状态_待结果节点值	方法虚拟存在服务类.cpp:128	服务所在模块的内部辅助流程。	6	2
私有_方法状态_待结果节点值_自检	私有_方法状态_待结果节点值_自检	自检线程模块.impl.cpp:482	服务所在模块的内部辅助流程。	2	2
私有_方法状态_待运行账_执行桥_最小_v0	私有_方法状态_待运行账_执行桥_最小_v0	任务模块.执行.ixx:449	执行对应模块、线程或方法的运行逻辑。	2	2
私有_方法状态特征类型_执行桥_最小_v0	私有_方法状态特征类型_执行桥_最小_v0	任务模块.执行.ixx:236	执行任务、方法或动作的主体逻辑。	12	7
私有_方法状态集合当前值_执行桥_最小_v0	私有_方法状态集合当前值_执行桥_最小_v0	任务模块.执行.ixx:455	执行任务、方法或动作的主体逻辑。	4	4
私有_方法直接子节点数量	私有_方法直接子节点数量	方法类.cpp:787	服务所在模块的内部辅助流程。	7	4
私有_方法直接子节点数量	私有_方法直接子节点数量	方法虚拟存在服务类.cpp:134	服务所在模块的内部辅助流程。	7	3
私有_方法相对需求方向_控制面板	私有_方法相对需求方向_控制面板	控制面板类.cpp:3659	服务所在模块的内部辅助流程。	2	2
私有_方法稳定状态特征类型_执行桥_最小_v0	私有_方法稳定状态特征类型_执行桥_最小_v0	任务模块.执行.ixx:243	执行任务、方法或动作的主体逻辑。	7	3
私有_方法类型概念名	私有_方法类型概念名	方法虚拟存在服务类.cpp:56	服务所在模块的内部辅助流程。	2	2
私有_方法结构诊断摘要	私有_方法结构诊断摘要	控制面板类.cpp:1100	服务所在模块的内部辅助流程。	4	4
私有_方法结果场景名称词	私有_方法结果场景名称词	方法类.cpp:312	服务所在模块的内部辅助流程。	2	2
私有_方法结果节点数量_执行桥_最小_v0	私有_方法结果节点数量_执行桥_最小_v0	任务模块.执行.ixx:613	执行任务、方法或动作的主体逻辑。	6	6
私有_方法结果节点数量特征类型_执行桥_最小_v0	私有_方法结果节点数量特征类型_执行桥_最小_v0	任务模块.执行.ixx:320	执行任务、方法或动作的主体逻辑。	7	3
私有_方法统计特征词	私有_方法统计特征词	方法虚拟存在服务类.cpp:36	服务所在模块的内部辅助流程。	11	11
私有_方法自我能力值	私有_方法自我能力值	任务模块.管理工作线程.ixx:607	服务所在模块的内部辅助流程。	8	2
私有_方法自我能力值_执行桥_最小_v0	私有_方法自我能力值_执行桥_最小_v0	任务模块.执行.ixx:191	执行任务、方法或动作的主体逻辑。	2	2
私有_方法节点名称	私有_方法节点名称	语言类_二次特征表达.cpp:64	服务所在模块的内部辅助流程。	7	2
私有_方法节点名称	私有_方法节点名称	语言类_基础信息命名.cpp:69	服务所在模块的内部辅助流程。	7	2
私有_方法节点种类文本	私有_方法节点种类文本	控制面板类.cpp:1111	服务所在模块的内部辅助流程。	5	5
私有_方法虚拟存在名称词	私有_方法虚拟存在名称词	方法类.cpp:296	服务所在模块的内部辅助流程。	3	2
私有_方法虚拟存在名称词	私有_方法虚拟存在名称词	本能方法类.cpp:177	服务所在模块的内部辅助流程。	3	1
私有_方法虚拟存在引用_控制面板	私有_方法虚拟存在引用_控制面板	控制面板类.cpp:248	构造方法虚拟存在的显示引用，不创建新结构。	3	3
私有_方法虚拟存在引用_控制面板	私有_方法虚拟存在引用_控制面板	控制面板类.cpp:5790	服务所在模块的内部辅助流程。	3	3
私有_方法虚拟存在概念集	私有_方法虚拟存在概念集	方法虚拟存在服务类.cpp:185	服务所在模块的内部辅助流程。	3	3
私有_方法虚拟存在类型词	私有_方法虚拟存在类型词	方法类.cpp:287	服务所在模块的内部辅助流程。	3	2
私有_方法虚拟存在类型词	私有_方法虚拟存在类型词	本能方法类.cpp:187	服务所在模块的内部辅助流程。	3	1
私有_方法语义特征词	私有_方法语义特征词	方法虚拟存在服务类.cpp:28	服务所在模块的内部辅助流程。	21	21
私有_方法调用动作动态特征类型_执行桥_最小_v0	私有_方法调用动作动态特征类型_执行桥_最小_v0	任务模块.执行.ixx:75	执行任务、方法或动作的主体逻辑。	2	2
私有_方法达到可用镜像口径	私有_方法达到可用镜像口径	自我类.cpp:490	服务所在模块的内部辅助流程。	2	2
私有_方法运行账完整性特征类型_执行桥_最小_v0	私有_方法运行账完整性特征类型_执行桥_最小_v0	任务模块.执行.ixx:250	执行对应模块、线程或方法的运行逻辑。	7	3
私有_方法镜像特征词	私有_方法镜像特征词	自我类.cpp:431	服务所在模块的内部辅助流程。	2	2
私有_方法首节点具备可执行动作条件	私有_方法首节点具备可执行动作条件	方法类.cpp:1048	执行任务、方法或动作的主体逻辑。	2	2
私有_旧比较接口命中	私有_旧比较接口命中	双向链表模板核心.h:235	比较当前值、目标值或历史基准。	3	3	header_or_inline
私有_时长文本_微秒	私有_时长文本_微秒	控制面板类.cpp:550	服务所在模块的内部辅助流程。	2	2
私有_时间	私有_时间	任务模块.管理工作线程.ixx:165	服务所在模块的内部辅助流程。	222	3
私有_时间文本	私有_时间文本	控制面板类.cpp:544	服务所在模块的内部辅助流程。	37	37
私有_时间段文本	私有_时间段文本	控制面板类.cpp:647	服务所在模块的内部辅助流程。	3	3
私有_映射批次执行去向到线程最终去向	私有_映射批次执行去向到线程最终去向	自我线程模块.impl.cpp:12087	执行任务、方法或动作的主体逻辑。	2	2
私有_映射线程最终去向到当前去向文本	私有_映射线程最终去向到当前去向文本	自我线程模块.impl.cpp:12109	服务所在模块的内部辅助流程。	2	2
私有_映射自我线程生命周期消息事件	私有_映射自我线程生命周期消息事件	自我线程模块.impl.cpp:11972	服务所在模块的内部辅助流程。	2	2
私有_是SQL控制面板区段	私有_是SQL控制面板区段	控制面板类.cpp:7592	判断页面名是否对应 SQL 控制面板菜单区段。	2	2
私有_是任务管理成功结果消息	私有_是任务管理成功结果消息	自我线程模块.impl.cpp:13440	服务所在模块的内部辅助流程。	2	2
私有_是否三维体素特征类型	私有_是否三维体素特征类型	特征类.cpp:288	服务所在模块的内部辅助流程。	2	2
私有_是否去重抑制中	私有_是否去重抑制中	自检线程模块.impl.cpp:1147	服务所在模块的内部辅助流程。	8	8
私有_是增量反馈_线程侧	私有_是增量反馈_线程侧	自我线程模块.impl.cpp:1132	服务所在模块的内部辅助流程。	2	2
私有_是正式线程生命周期消息文件	私有_是正式线程生命周期消息文件	线程生命周期消息模块.ixx:634	服务所在模块的内部辅助流程。	4	4
私有_是终态事件	私有_是终态事件	线程生命周期消息模块.ixx:147	服务所在模块的内部辅助流程。	3	3
私有_普通筹办不可用原因_控制面板	私有_普通筹办不可用原因_控制面板	控制面板类.cpp:3115	推进任务筹办，形成候选、缺口或就绪回执。	3	3
私有_最近已上报筹办派生需求稳定键	私有_最近已上报筹办派生需求稳定键	任务模块.管理工作线程.ixx:833	推进任务筹办，形成候选、缺口或就绪回执。	2	2
私有_服务G0有效性评分_线程侧	私有_服务G0有效性评分_线程侧	自我线程模块.impl.cpp:1238	服务所在模块的内部辅助流程。	2	2
私有_服务G0百万分比转评分_线程侧	私有_服务G0百万分比转评分_线程侧	自我线程模块.impl.cpp:1231	服务所在模块的内部辅助流程。	2	2
私有_服务G0证据强度评分_线程侧	私有_服务G0证据强度评分_线程侧	自我线程模块.impl.cpp:1258	服务所在模块的内部辅助流程。	2	2
私有_服务G0门槛_待确认或成立_线程侧	私有_服务G0门槛_待确认或成立_线程侧	自我线程模块.impl.cpp:1285	确认候选事实、存在、状态或运行结果。	5	5
私有_服务因果链上下文条件集_线程侧	私有_服务因果链上下文条件集_线程侧	自我线程模块.impl.cpp:10291	服务所在模块的内部辅助流程。	2	2
私有_服务根闭环触发事实存在_线程侧	私有_服务根闭环触发事实存在_线程侧	自我线程模块.impl.cpp:10573	服务所在模块的内部辅助流程。	3	3
私有_本能ID可作为练习目标_自检	私有_本能ID可作为练习目标_自检	自检线程模块.impl.cpp:267	服务所在模块的内部辅助流程。	2	2
私有_本能动作名称词	私有_本能动作名称词	自我类.cpp:257	服务所在模块的内部辅助流程。	4	4
私有_本能动作运行时已注册_执行桥_最小_v0	私有_本能动作运行时已注册_执行桥_最小_v0	任务模块.执行.ixx:594	注册方法、模板、对象或运行入口。	3	2
私有_本能方法有对应动作_自检	私有_本能方法有对应动作_自检	自检线程模块.impl.cpp:1103	服务所在模块的内部辅助流程。	2	2
私有_本能方法首节点已可执行	私有_本能方法首节点已可执行	本能方法类.cpp:307	执行任务、方法或动作的主体逻辑。	3	3
私有_条件场景名称词	私有_条件场景名称词	本能方法类.cpp:266	服务所在模块的内部辅助流程。	2	2
私有_来源实际结果可投向候选需求_线程侧	私有_来源实际结果可投向候选需求_线程侧	自我线程模块.impl.cpp:4919	服务所在模块的内部辅助流程。	2	2
私有_来源方法动作名	私有_来源方法动作名	动态类.cpp:74	从来源方法读取动作名入口。	2	2
私有_来源需求是根目标需求	私有_来源需求是根目标需求	任务类.cpp:36	服务所在模块的内部辅助流程。	5	5
私有_构建任务主信息详情	私有_构建任务主信息详情	控制面板类.cpp:4481	构建运行所需的数据结构或中间结果。	4	4
私有_构建任务树节点	私有_构建任务树节点	控制面板类.cpp:5561	构建运行所需的数据结构或中间结果。	7	7
私有_构建任务根链骨架	私有_构建任务根链骨架	控制面板类.cpp:5967	构建任务树根层骨架，只预置一层直接子节点。	4	4
私有_构建任务虚拟存在概念集	私有_构建任务虚拟存在概念集	任务类.cpp:117	构建运行所需的数据结构或中间结果。	2	2
私有_构建因果信息树	私有_构建因果信息树	控制面板类.cpp:5311	构建运行所需的数据结构或中间结果。	3	3
私有_构建基础信息树节点	私有_构建基础信息树节点	控制面板类.cpp:5239	构建运行所需的数据结构或中间结果。	51	51
私有_构建基础信息根链骨架	私有_构建基础信息根链骨架	控制面板类.cpp:5901	构建基础信息树根层骨架，只预置一层直接子节点。	4	4
私有_构建方法主信息详情	私有_构建方法主信息详情	控制面板类.cpp:4403	构建运行所需的数据结构或中间结果。	4	4
私有_构建方法树节点	私有_构建方法树节点	控制面板类.cpp:5707	构建运行所需的数据结构或中间结果。	12	12
私有_构建方法根链骨架	私有_构建方法根链骨架	控制面板类.cpp:6006	构建方法树根层骨架，只预置一层直接子节点。	4	4
私有_构建相机帧JSON数据	私有_构建相机帧JSON数据	控制面板WebView2.cpp:741	构建运行所需的数据结构或中间结果。	2	2
私有_构建线程信息项节点	私有_构建线程信息项节点	控制面板类.cpp:6347	构建运行所需的数据结构或中间结果。	2	2
私有_构建线程状态树	私有_构建线程状态树	控制面板类.cpp:6437	构建运行所需的数据结构或中间结果。	3	3
私有_构建需求主信息详情	私有_构建需求主信息详情	控制面板类.cpp:4558	构建运行所需的数据结构或中间结果。	6	6
私有_构建需求树节点	私有_构建需求树节点	控制面板类.cpp:5362	构建运行所需的数据结构或中间结果。	6	6
私有_构建需求根链骨架	私有_构建需求根链骨架	控制面板类.cpp:5935	构建需求树根层骨架，只预置一层直接子节点。	4	4
私有_构造世界树SQL重写脚本	私有_构造世界树SQL重写脚本	世界树类.cpp:933	服务所在模块的内部辅助流程。	2	2
私有_构造任务局部运行态	私有_构造任务局部运行态	任务模块.管理工作线程.ixx:387	执行对应模块、线程或方法的运行逻辑。	5	2
私有_构造任务控制态	私有_构造任务控制态	任务模块.管理工作线程.ixx:370	服务所在模块的内部辅助流程。	5	2
私有_构造任务树SQL重写脚本	私有_构造任务树SQL重写脚本	任务类.cpp:1055	服务所在模块的内部辅助流程。	2	2
私有_构造动作验证报告占位_执行桥_最小_v0	私有_构造动作验证报告占位_执行桥_最小_v0	任务模块.执行.ixx:366	执行任务、方法或动作的主体逻辑。	2	2
私有_构造动态状态转换边	私有_构造动态状态转换边	因果类.cpp:777	把输入数据转换为目标类型、语义或结构。 功能：把输入数据转换为目标类型、语义或结构。	3	3
私有_构造布尔二次特征候选	私有_构造布尔二次特征候选	自我线程模块.impl.cpp:13829	服务所在模块的内部辅助流程。	23	23
私有_构造执行前许可阻断结果	私有_构造执行前许可阻断结果	任务模块.管理界面线程.impl.cpp:5827	执行任务、方法或动作的主体逻辑。	2	2
私有_构造执行推进回执	私有_构造执行推进回执	任务模块.管理工作线程.ixx:1948	执行任务、方法或动作的主体逻辑。	4	4
私有_构造方法树SQL重写脚本	私有_构造方法树SQL重写脚本	方法类.cpp:1400	服务所在模块的内部辅助流程。	2	2
私有_构造服务因果链上下文条件_线程侧	私有_构造服务因果链上下文条件_线程侧	自我线程模块.impl.cpp:10268	服务所在模块的内部辅助流程。	5	5
私有_构造枚举目标校验摘要	私有_构造枚举目标校验摘要	需求类.cpp:881	服务所在模块的内部辅助流程。	2	2
私有_构造标量二次特征候选	私有_构造标量二次特征候选	自我线程模块.impl.cpp:13862	服务所在模块的内部辅助流程。	4	4
私有_构造根特征自检缺口候选_自检	私有_构造根特征自检缺口候选_自检	自检线程模块.impl.cpp:898	服务所在模块的内部辅助流程。	2	2
私有_构造横向候选正式结算证据_线程侧	私有_构造横向候选正式结算证据_线程侧	自我线程模块.impl.cpp:5007	结算任务、需求、价值或结果贡献。	2	2
私有_构造治理对象组	私有_构造治理对象组	自我线程模块.impl.cpp:13760	服务所在模块的内部辅助流程。	4	4
私有_构造线程状态上行消息	私有_构造线程状态上行消息	任务模块.管理工作线程.ixx:2678	服务所在模块的内部辅助流程。	4	4
私有_构造结果状态上行消息	私有_构造结果状态上行消息	任务模块.管理工作线程.ixx:2607	服务所在模块的内部辅助流程。	2	2
私有_构造结算域判定消息_线程侧	私有_构造结算域判定消息_线程侧	自我线程模块.impl.cpp:7488	结算任务、需求、价值或结果贡献。	4	4
私有_构造自检候选门控文本	私有_构造自检候选门控文本	自我线程模块.impl.cpp:8744	服务所在模块的内部辅助流程。	8	8
私有_构造自检缺口候选文本	私有_构造自检缺口候选文本	自检线程模块.impl.cpp:1302	服务所在模块的内部辅助流程。	9	9
私有_构造规则投影路径	私有_构造规则投影路径	因果类.cpp:943	服务所在模块的内部辅助流程。	4	4
私有_构造语素SQL重写脚本	私有_构造语素SQL重写脚本	语素类.cpp:589	服务所在模块的内部辅助流程。	2	2
私有_构造间接服务维护条件_线程侧	私有_构造间接服务维护条件_线程侧	自我线程模块.impl.cpp:10316	服务所在模块的内部辅助流程。	4	4
私有_构造需求树SQL重写脚本	私有_构造需求树SQL重写脚本	需求类.cpp:520	服务所在模块的内部辅助流程。	2	2
私有_枚举任务子节点	私有_枚举任务子节点	鱼巢.cpp:590	服务所在模块的内部辅助流程。	3	3
私有_枚举到文本动态映射表	私有_枚举到文本动态映射表	语素类.cpp:81	服务所在模块的内部辅助流程。	4	4
私有_枚举方法首节点	私有_枚举方法首节点	自检线程模块.impl.cpp:989	服务所在模块的内部辅助流程。	4	4
私有_枚举目标允许有序比较	私有_枚举目标允许有序比较	需求类.cpp:856	比较当前值、目标值或历史基准。	3	3
私有_枚举目标比较符合法	私有_枚举目标比较符合法	需求类.cpp:864	比较当前值、目标值或历史基准。	2	2
私有_查找OR组令牌记录_控制面板	私有_查找OR组令牌记录_控制面板	控制面板类.cpp:3141	记录日志、动态、证据或运行痕迹。	4	4
私有_查找三维体素子节点	私有_查找三维体素子节点	特征类.cpp:364	按条件查找目标对象、方法或事实。	3	3
私有_查找人类词性入口_控制面板	私有_查找人类词性入口_控制面板	控制面板类.cpp:3236	按条件查找目标对象、方法或事实。	2	2
私有_查找动态果状态迁移模板	私有_查找动态果状态迁移模板	因果类.cpp:2224	按条件查找目标对象、方法或事实。	2	2
私有_查找可执行结果能力方法首节点_按主结果特征类型	私有_查找可执行结果能力方法首节点_按主结果特征类型	方法类.cpp:705	按条件查找目标对象、方法或事实。	2	2
私有_查找场景状态_按主体特征	私有_查找场景状态_按主体特征	方法类.cpp:967	按条件查找目标对象、方法或事实。	2	2
私有_查找子抽象特征_按语素入口_线程侧	私有_查找子抽象特征_按语素入口_线程侧	自我线程模块.impl.cpp:565	按条件查找目标对象、方法或事实。	10	10
私有_查找子抽象特征_按语素入口_自检	私有_查找子抽象特征_按语素入口_自检	自检线程模块.impl.cpp:699	按条件查找目标对象、方法或事实。	4	4
私有_查找已有状态动态	私有_查找已有状态动态	动态类.cpp:321	按条件查找目标对象、方法或事实。	5	5
私有_查找或创建本能方法首节点	私有_查找或创建本能方法首节点	本能方法类.cpp:439	创建并返回或登记对应对象。	2	2
私有_查找本能方法首节点	私有_查找本能方法首节点	本能方法类.cpp:280	按条件查找目标对象、方法或事实。	5	3
私有_查找本能方法首节点	私有_查找本能方法首节点	自我类.cpp:409	按条件查找目标对象、方法或事实。	5	2
私有_查找根特征必要条件子需求_线程侧	私有_查找根特征必要条件子需求_线程侧	自我线程模块.impl.cpp:10463	按条件查找目标对象、方法或事实。	7	7
私有_查找根闭环信息位_线程侧	私有_查找根闭环信息位_线程侧	自我线程模块.impl.cpp:10770	按条件查找目标对象、方法或事实。	2	2
私有_查找治理特征节点	私有_查找治理特征节点	自我线程模块.impl.cpp:13631	按治理特征标签读取已存在的特征节点，不创建语素或特征结构。	6	6
私有_查找特征模板入口_控制面板	私有_查找特征模板入口_控制面板	控制面板类.cpp:3085	按条件查找目标对象、方法或事实。	5	5
私有_查找线程补充特征	私有_查找线程补充特征	自我线程模块.impl.cpp:13580	按条件查找目标对象、方法或事实。	4	4
私有_查找需求位方法首节点_按主结果特征类型	私有_查找需求位方法首节点_按主结果特征类型	方法类.cpp:502	按条件查找目标对象、方法或事实。	2	2
私有_查找需求候选方法_控制面板	私有_查找需求候选方法_控制面板	控制面板类.cpp:3576	按条件查找目标对象、方法或事实。	2	2
私有_查找需求方向方法首节点	私有_查找需求方向方法首节点	方法类.cpp:675	按条件查找目标对象、方法或事实。	2	2
私有_查找风险安全场景影响因素宿主_线程侧	私有_查找风险安全场景影响因素宿主_线程侧	自我线程模块.impl.cpp:4229	按条件查找目标对象、方法或事实。	2	2
私有_查询叶子任务结算前因果投影_线程侧	私有_查询叶子任务结算前因果投影_线程侧	自我线程模块.impl.cpp:3074	结算前只读查询叶子任务目标投影，用于把任务 / 需求父链接回世界状态转换因果树。 本函数不写任务、需求、方法或世界事实；缺...	7	7
私有_查询枚举目标生产者分级	私有_查询枚举目标生产者分级	需求类.cpp:823	服务所在模块的内部辅助流程。	2	2
私有_查询自检候选局部来源线索_线程侧	私有_查询自检候选局部来源线索_线程侧	自我线程模块.impl.cpp:9005	服务所在模块的内部辅助流程。	2	2
私有_查询默认种子	私有_查询默认种子	本能方法类.cpp:157	服务所在模块的内部辅助流程。	5	5
私有_标准化动态单元列表	私有_标准化动态单元列表	二次特征应用模块.ixx:1078	服务所在模块的内部辅助流程。	2	2
私有_标记详情默认展开	私有_标记详情默认展开	控制面板类.cpp:4255	服务所在模块的内部辅助流程。	3	3
私有_树节点JSON	私有_树节点JSON	控制面板类.cpp:8870	服务所在模块的内部辅助流程。	9	9
私有_树节点列表JSON	私有_树节点列表JSON	控制面板类.cpp:9237	服务所在模块的内部辅助流程。	15	15
私有_树节点子项JSON	私有_树节点子项JSON	控制面板类.cpp:9222	服务所在模块的内部辅助流程。	10	10
私有_校验封口时间	私有_校验封口时间	任务模块.运行包.impl.cpp:20	服务所在模块的内部辅助流程。	2	2
私有_校验需求节点属于当前需求树	私有_校验需求节点属于当前需求树	自我线程模块.impl.cpp:3537	服务所在模块的内部辅助流程。	2	2
私有_根层重判结果文本	私有_根层重判结果文本	自我线程模块.impl.cpp:12063	服务所在模块的内部辅助流程。	3	1
私有_根层重判结果文本	私有_根层重判结果文本	鱼巢.cpp:509	服务所在模块的内部辅助流程。	3	2
私有_根必要条件是固定安全字段_线程侧	私有_根必要条件是固定安全字段_线程侧	自我线程模块.impl.cpp:425	服务所在模块的内部辅助流程。	3	3
私有_根必要条件是服务上下文字段_线程侧	私有_根必要条件是服务上下文字段_线程侧	自我线程模块.impl.cpp:388	服务所在模块的内部辅助流程。	5	5
私有_根必要条件是间接服务维护字段_线程侧	私有_根必要条件是间接服务维护字段_线程侧	自我线程模块.impl.cpp:407	服务所在模块的内部辅助流程。	2	2
私有_根必要条件目标方法ID_线程侧	私有_根必要条件目标方法ID_线程侧	自我线程模块.impl.cpp:2676	服务所在模块的内部辅助流程。	2	2
私有_根特征暂无活动需求缺口	私有_根特征暂无活动需求缺口	自我类.初始化.cpp:54	服务所在模块的内部辅助流程。	3	3
私有_根特征类型文本_线程侧	私有_根特征类型文本_线程侧	自我线程模块.impl.cpp:449	服务所在模块的内部辅助流程。	10	10
私有_根特征类型文本_自检	私有_根特征类型文本_自检	自检线程模块.impl.cpp:587	服务所在模块的内部辅助流程。	3	3
私有_根特征缺口类型文本_自检	私有_根特征缺口类型文本_自检	自检线程模块.impl.cpp:597	服务所在模块的内部辅助流程。	2	2
私有_根特征缺失结构值_自检	私有_根特征缺失结构值_自检	自检线程模块.impl.cpp:624	服务所在模块的内部辅助流程。	2	2
私有_根特征自检结果摘要_自检	私有_根特征自检结果摘要_自检	自检线程模块.impl.cpp:820	服务所在模块的内部辅助流程。	2	2
私有_根闭环可刷新条件集_线程侧	私有_根闭环可刷新条件集_线程侧	自我线程模块.impl.cpp:10360	服务所在模块的内部辅助流程。	3	3
私有_根闭环闭合状态文本_线程侧	私有_根闭环闭合状态文本_线程侧	自我线程模块.impl.cpp:474	服务所在模块的内部辅助流程。	3	3
私有_桥接刻度语义	私有_桥接刻度语义	度量模板注册表桥接.cpp:7	把模块内部刻度语义转为跨翻译单元桥接代码。	2	2
私有_检查自检基础信息_自检	私有_检查自检基础信息_自检	自检线程模块.impl.cpp:153	检查状态、条件、缺口或运行约束。	3	3
私有_检查需求父子权重_控制面板	私有_检查需求父子权重_控制面板	控制面板类.cpp:3407	检查状态、条件、缺口或运行约束。	2	2
私有_模块目录	私有_模块目录	控制面板WebView2.cpp:500	服务所在模块的内部辅助流程。	3	3
私有_横向候选任务排序评分_线程侧	私有_横向候选任务排序评分_线程侧	自我线程模块.impl.cpp:4901	服务所在模块的内部辅助流程。	2	2
私有_横向候选数值拒绝原因文本_线程侧	私有_横向候选数值拒绝原因文本_线程侧	自我线程模块.impl.cpp:4953	把横向候选数值拒绝原因转换为日志文本。	2	2
私有_正式结算状态发生变化_线程侧	私有_正式结算状态发生变化_线程侧	自我线程模块.impl.cpp:1305	比较当前值、目标值或历史基准。	2	2
私有_正式结算状态可比较_线程侧	私有_正式结算状态可比较_线程侧	自我线程模块.impl.cpp:1293	比较当前值、目标值或历史基准。	2	2
私有_正式结算结果目标已处理_线程侧	私有_正式结算结果目标已处理_线程侧	自我线程模块.impl.cpp:1190	结算任务、需求、价值或结果贡献。	2	2
私有_正式结算结果目标键_线程侧	私有_正式结算结果目标键_线程侧	自我线程模块.impl.cpp:1162	结算任务、需求、价值或结果贡献。	2	2
私有_比较入口指针	私有_比较入口指针	任务主信息类.h:118	比较当前值、目标值或历史基准。	16	3	header_or_inline
私有_比较入口指针	私有_比较入口指针	基础信息主信息类.h:165	比较当前值、目标值或历史基准。	16	10	header_or_inline
私有_比较入口指针	私有_比较入口指针	基础信息主信息类.h:426	比较当前值、目标值或历史基准。	16	10	header_or_inline
私有_比较入口指针	私有_比较入口指针	基础信息主信息类.h:471	比较当前值、目标值或历史基准。	16	10	header_or_inline
私有_比较入口指针	私有_比较入口指针	方法主信息类.h:438	比较当前值、目标值或历史基准。	16	2	header_or_inline
私有_比较入口指针	私有_比较入口指针	需求主信息类.h:99	比较当前值、目标值或历史基准。	16	1	header_or_inline
私有_比较关系表示推进_线程侧	私有_比较关系表示推进_线程侧	自我线程模块.impl.cpp:3246	比较当前值、目标值或历史基准。	3	3
私有_比较可选I64	私有_比较可选I64	基础信息主信息类.h:853	比较当前值、目标值或历史基准。	4	4	header_or_inline
私有_比较向量	私有_比较向量	特征值主信息类.h:71	比较当前值、目标值或历史基准。	2	2	header_or_inline
私有_比较基础信息引用	私有_比较基础信息引用	语素主信息类.h:459	比较当前值、目标值或历史基准。	2	2	header_or_inline
私有_比较整数	私有_比较整数	特征值主信息类.h:85	比较当前值、目标值或历史基准。	3	3	header_or_inline
私有_治理存在类型文本	私有_治理存在类型文本	自我线程模块.impl.cpp:12157	服务所在模块的内部辅助流程。 功能：服务所在模块的内部辅助流程。	3	3
私有_治理存在类型词	私有_治理存在类型词	自我线程模块.impl.cpp:12209	服务所在模块的内部辅助流程。	2	2
私有_治理消息优先级值	私有_治理消息优先级值	自我线程模块.impl.cpp:13308	服务所在模块的内部辅助流程。	5	5
私有_治理消息处理类型文本	私有_治理消息处理类型文本	自我线程模块.impl.cpp:13292	服务所在模块的内部辅助流程。	2	2
私有_治理特征类型文本	私有_治理特征类型文本	自我线程模块.impl.cpp:12183	服务所在模块的内部辅助流程。	2	2
私有_派生任务类型词	私有_派生任务类型词	自我线程模块.impl.cpp:8658	服务所在模块的内部辅助流程。	2	2
私有_派生需求入树原因分类文本	私有_派生需求入树原因分类文本	自我线程模块.impl.cpp:9358	服务所在模块的内部辅助流程。	3	3
私有_派生需求已满足或已调度_任务管理新链	私有_派生需求已满足或已调度_任务管理新链	自我线程模块.impl.cpp:6003	服务所在模块的内部辅助流程。	2	2
私有_派生需求执行输出完整	私有_派生需求执行输出完整	任务模块.管理工作线程.ixx:2407	执行任务、方法或动作的主体逻辑。	3	3
私有_派生需求来源方法头	私有_派生需求来源方法头	任务模块.管理工作线程.ixx:2362	服务所在模块的内部辅助流程。	2	2
私有_派生需求特征类型词	私有_派生需求特征类型词	自我线程模块.impl.cpp:8644	服务所在模块的内部辅助流程。	2	2
私有_消息值得归档	私有_消息值得归档	线程生命周期消息模块.ixx:729	服务所在模块的内部辅助流程。	2	2
私有_消息排在前面	私有_消息排在前面	自我线程模块.impl.cpp:13392	服务所在模块的内部辅助流程。	3	3
私有_消息目录	私有_消息目录	线程生命周期消息模块.ixx:117	服务所在模块的内部辅助流程。	8	8
私有_深拷贝主信息	私有_深拷贝主信息	双向链表模板_深拷贝.inl:37	服务所在模块的内部辅助流程。	3	2	header_or_inline
私有_深拷贝树_独立_递归	私有_深拷贝树_独立_递归	双向链表模板_深拷贝.inl:53	服务所在模块的内部辅助流程。	4	3	header_or_inline
私有_混合世界版本	私有_混合世界版本	控制面板摘要线程模块.impl.cpp:143	服务所在模块的内部辅助流程。	6	6
私有_清理遗留固定安全子需求_线程侧	私有_清理遗留固定安全子需求_线程侧	自我线程模块.impl.cpp:11017	清理缓存、临时状态或运行资源。	2	2
私有_清理遗留固定服务子需求_线程侧	私有_清理遗留固定服务子需求_线程侧	自我线程模块.impl.cpp:10922	清理缓存、临时状态或运行资源。	2	2
私有_渲染完成任务变化跟踪	私有_渲染完成任务变化跟踪	鱼巢.cpp:1811	执行跟踪相关定位、匹配或结果输出逻辑。	2	2
私有_渲染自检线程摘要	私有_渲染自检线程摘要	鱼巢.cpp:448	生成展示用文本、界面片段或可视化内容。	3	3
私有_点到区间距离	私有_点到区间距离	特征类.cpp:232	服务所在模块的内部辅助流程。	2	2
私有_特征_任务基准优先级	私有_特征_任务基准优先级	任务类.cpp:366	服务所在模块的内部辅助流程。	3	3
私有_特征_任务失败次数	私有_特征_任务失败次数	任务类.cpp:443	服务所在模块的内部辅助流程。	3	3
私有_特征_任务局部优先级偏移	私有_特征_任务局部优先级偏移	任务类.cpp:373	服务所在模块的内部辅助流程。	3	3
私有_特征_任务已折算安全值	私有_特征_任务已折算安全值	任务类.cpp:415	服务所在模块的内部辅助流程。	3	3
私有_特征_任务已折算服务值	私有_特征_任务已折算服务值	任务类.cpp:422	服务所在模块的内部辅助流程。	3	3
私有_特征_任务成功次数	私有_特征_任务成功次数	任务类.cpp:436	服务所在模块的内部辅助流程。	3	3
私有_特征_任务承接安全权重上限	私有_特征_任务承接安全权重上限	任务类.cpp:387	服务所在模块的内部辅助流程。	3	3
私有_特征_任务承接服务权重上限	私有_特征_任务承接服务权重上限	任务类.cpp:394	服务所在模块的内部辅助流程。	3	3
私有_特征_任务最近错误码	私有_特征_任务最近错误码	任务类.cpp:464	服务所在模块的内部辅助流程。	3	3
私有_特征_任务权重版本号	私有_特征_任务权重版本号	任务类.cpp:408	服务所在模块的内部辅助流程。	3	3
私有_特征_任务权重评分	私有_特征_任务权重评分	任务类.cpp:401	服务所在模块的内部辅助流程。	3	3
私有_特征_任务特征使用统计	私有_特征_任务特征使用统计	任务类.cpp:499	服务所在模块的内部辅助流程。	18	18
私有_特征_任务特征账本生命周期	私有_特征_任务特征账本生命周期	任务类.cpp:341	服务所在模块的内部辅助流程。	4	4
私有_特征_任务状态	私有_特征_任务状态	任务模块.管理工作线程.ixx:251	服务所在模块的内部辅助流程。	4	1
私有_特征_任务状态	私有_特征_任务状态	任务类.cpp:354	服务所在模块的内部辅助流程。	4	3
私有_特征_任务节点种类	私有_特征_任务节点种类	任务类.cpp:360	服务所在模块的内部辅助流程。	3	3
私有_特征_任务调度优先级	私有_特征_任务调度优先级	任务类.cpp:380	服务所在模块的内部辅助流程。	3	3
私有_特征_任务转入缺口需求次数	私有_特征_任务转入缺口需求次数	任务类.cpp:457	服务所在模块的内部辅助流程。	3	3
私有_特征_任务运行次数	私有_特征_任务运行次数	任务类.cpp:429	执行对应模块、线程或方法的运行逻辑。	3	3
私有_特征_任务连续失败次数	私有_特征_任务连续失败次数	任务类.cpp:450	服务所在模块的内部辅助流程。	3	3
私有_特征_剩余差距	私有_特征_剩余差距	任务模块.管理工作线程.ixx:269	服务所在模块的内部辅助流程。	3	1
私有_特征_可执行输入参数场景	私有_特征_可执行输入参数场景	任务模块.管理工作线程.ixx:257	执行任务、方法或动作的主体逻辑。	3	1
私有_特征_存在场景绝对坐标X	私有_特征_存在场景绝对坐标X	世界树类.cpp:41	服务所在模块的内部辅助流程。	4	1
私有_特征_存在场景绝对坐标X	私有_特征_存在场景绝对坐标X	存在类.cpp:33	服务所在模块的内部辅助流程。	4	3
私有_特征_存在场景绝对坐标Y	私有_特征_存在场景绝对坐标Y	世界树类.cpp:47	服务所在模块的内部辅助流程。	4	1
私有_特征_存在场景绝对坐标Y	私有_特征_存在场景绝对坐标Y	存在类.cpp:39	服务所在模块的内部辅助流程。	4	3
私有_特征_存在场景绝对坐标Z	私有_特征_存在场景绝对坐标Z	世界树类.cpp:53	服务所在模块的内部辅助流程。	4	1
私有_特征_存在场景绝对坐标Z	私有_特征_存在场景绝对坐标Z	存在类.cpp:45	服务所在模块的内部辅助流程。	4	3
私有_特征_存在场景绝对坐标明确状态	私有_特征_存在场景绝对坐标明确状态	世界树类.cpp:59	服务所在模块的内部辅助流程。	4	1
私有_特征_存在场景绝对坐标明确状态	私有_特征_存在场景绝对坐标明确状态	存在类.cpp:51	服务所在模块的内部辅助流程。	4	3
私有_特征_存在坐标时间戳	私有_特征_存在坐标时间戳	世界树类.cpp:71	服务所在模块的内部辅助流程。	3	1
私有_特征_存在坐标时间戳	私有_特征_存在坐标时间戳	存在类.cpp:63	服务所在模块的内部辅助流程。	3	2
私有_特征_存在坐标来源	私有_特征_存在坐标来源	世界树类.cpp:65	服务所在模块的内部辅助流程。	5	2
私有_特征_存在坐标来源	私有_特征_存在坐标来源	存在类.cpp:57	服务所在模块的内部辅助流程。	5	3
私有_特征_存在坐标置信度	私有_特征_存在坐标置信度	世界树类.cpp:77	服务所在模块的内部辅助流程。	3	1
私有_特征_存在坐标置信度	私有_特征_存在坐标置信度	存在类.cpp:69	服务所在模块的内部辅助流程。	3	2
私有_特征_当前方法运行存在	私有_特征_当前方法运行存在	任务模块.管理工作线程.ixx:284	执行对应模块、线程或方法的运行逻辑。	3	1
私有_特征_当前阶段	私有_特征_当前阶段	任务类.cpp:348	服务所在模块的内部辅助流程。	3	3
私有_特征_执行结果类型	私有_特征_执行结果类型	任务模块.管理工作线程.ixx:272	执行任务、方法或动作的主体逻辑。	3	1
私有_特征_执行缺口类型	私有_特征_执行缺口类型	任务模块.管理工作线程.ixx:278	执行任务、方法或动作的主体逻辑。	3	1
私有_特征_方法动作状态_自检	私有_特征_方法动作状态_自检	自检线程模块.impl.cpp:62	服务所在模块的内部辅助流程。	2	2
私有_特征_方法状态	私有_特征_方法状态	方法类.cpp:736	服务所在模块的内部辅助流程。	6	2
私有_特征_方法状态_自检	私有_特征_方法状态_自检	自检线程模块.impl.cpp:70	服务所在模块的内部辅助流程。	2	2
私有_特征_方法状态_需求校验	私有_特征_方法状态_需求校验	需求类.cpp:848	服务所在模块的内部辅助流程。	2	2
私有_特征_方法类型	私有_特征_方法类型	方法类.cpp:729	服务所在模块的内部辅助流程。	2	2
私有_特征_方法结果初始状态	私有_特征_方法结果初始状态	方法类.cpp:960	服务所在模块的内部辅助流程。	2	2
私有_特征_最近完成时间_控制面板	私有_特征_最近完成时间_控制面板	控制面板类.cpp:234	服务所在模块的内部辅助流程。	2	2
私有_特征_最近完成时间_摘要	私有_特征_最近完成时间_摘要	控制面板摘要线程模块.impl.cpp:92	服务所在模块的内部辅助流程。	2	2
私有_特征_最近完成时间_自检	私有_特征_最近完成时间_自检	自检线程模块.impl.cpp:54	服务所在模块的内部辅助流程。	2	2
私有_特征_最近执行时间_控制面板	私有_特征_最近执行时间_控制面板	控制面板类.cpp:226	执行任务、方法或动作的主体逻辑。	2	2
私有_特征_最近执行时间_摘要	私有_特征_最近执行时间_摘要	控制面板摘要线程模块.impl.cpp:84	执行任务、方法或动作的主体逻辑。	2	2
私有_特征_最近执行时间_自检	私有_特征_最近执行时间_自检	自检线程模块.impl.cpp:46	执行任务、方法或动作的主体逻辑。	2	2
私有_特征_本轮推进量	私有_特征_本轮推进量	任务模块.管理工作线程.ixx:266	服务所在模块的内部辅助流程。	3	1
私有_特征_本轮是否有推进	私有_特征_本轮是否有推进	任务模块.管理工作线程.ixx:263	服务所在模块的内部辅助流程。	3	1
私有_特征_条件结果对命中次数_自检	私有_特征_条件结果对命中次数_自检	自检线程模块.impl.cpp:86	服务所在模块的内部辅助流程。	3	3
私有_特征_条件结果对数量_自检	私有_特征_条件结果对数量_自检	自检线程模块.impl.cpp:78	服务所在模块的内部辅助流程。	3	3
私有_特征_派生需求提示	私有_特征_派生需求提示	任务模块.管理工作线程.ixx:281	服务所在模块的内部辅助流程。	3	1
私有_特征_目标方法头节点	私有_特征_目标方法头节点	任务模块.管理工作线程.ixx:254	服务所在模块的内部辅助流程。	2	1
私有_特征_目标是否达成	私有_特征_目标是否达成	任务模块.管理工作线程.ixx:260	服务所在模块的内部辅助流程。	3	1
私有_特征_筹办缺口类型	私有_特征_筹办缺口类型	任务模块.管理工作线程.ixx:275	推进任务筹办，形成候选、缺口或就绪回执。	3	1
私有_特征_输出结果场景	私有_特征_输出结果场景	任务模块.管理工作线程.ixx:287	服务所在模块的内部辅助流程。	4	2
私有_特征值严格相等	私有_特征值严格相等	特征类.cpp:250	服务所在模块的内部辅助流程。	5	5
私有_特征值域文本	私有_特征值域文本	控制面板类.cpp:621	服务所在模块的内部辅助流程。	2	2
私有_特征值文本	私有_特征值文本	控制面板类.cpp:681	服务所在模块的内部辅助流程。	7	4
私有_特征值文本	私有_特征值文本	语言类_基础信息命名.cpp:44	服务所在模块的内部辅助流程。	7	3
私有_特征值相等	私有_特征值相等	动态类.cpp:163	服务所在模块的内部辅助流程。	4	4
私有_特征值跟踪文本	私有_特征值跟踪文本	鱼巢.cpp:1600	执行跟踪相关定位、匹配或结果输出逻辑。	2	2
私有_特征值非空_线程侧	私有_特征值非空_线程侧	自我线程模块.impl.cpp:1225	服务所在模块的内部辅助流程。	3	3
私有_特征值非空_线程侧	私有_特征值非空_线程侧	自我线程模块.impl.cpp:1334	服务所在模块的内部辅助流程。	3	3
私有_特征值非空_线程侧	私有_特征值非空_线程侧	自我线程模块.impl.cpp:1345	服务所在模块的内部辅助流程。	3	3
私有_特征引用命中目标	私有_特征引用命中目标	因果类.cpp:446	判断特征引用是否指向目标特征。	4	4
私有_特征模板入口性	私有_特征模板入口性	世界树类.cpp:33	服务所在模块的内部辅助流程。	17	9
私有_特征模板入口性	私有_特征模板入口性	存在类.cpp:25	服务所在模块的内部辅助流程。	17	8
私有_特征模板词_线程侧	私有_特征模板词_线程侧	自我线程模块.impl.cpp:97	服务所在模块的内部辅助流程。	59	59
私有_特征模板词_自检	私有_特征模板词_自检	自检线程模块.impl.cpp:109	服务所在模块的内部辅助流程。	4	4
私有_特征类型同一	私有_特征类型同一	因果类.cpp:826	服务所在模块的内部辅助流程。	2	2
私有_特征类型词同一_只读词	私有_特征类型词同一_只读词	因果类.cpp:832	服务所在模块的内部辅助流程。	11	11
私有_特征节点命中目标	私有_特征节点命中目标	因果类.cpp:437	判断两个特征节点是否指向同一特征。	6	6
私有_特征节点语义相同_线程侧	私有_特征节点语义相同_线程侧	自我线程模块.impl.cpp:3117	服务所在模块的内部辅助流程。	5	5
私有_特征语义类型	私有_特征语义类型	因果类.cpp:818	服务所在模块的内部辅助流程。	10	10
私有_状态I64值_控制面板	私有_状态I64值_控制面板	控制面板类.cpp:3477	服务所在模块的内部辅助流程。	3	3
私有_状态主体主键_控制面板	私有_状态主体主键_控制面板	控制面板类.cpp:3309	服务所在模块的内部辅助流程。	4	4
私有_状态主体主键_线程侧	私有_状态主体主键_线程侧	自我线程模块.impl.cpp:2887	服务所在模块的内部辅助流程。	9	9
私有_状态主体主键_需求方向	私有_状态主体主键_需求方向	需求类.cpp:689	服务所在模块的内部辅助流程。	2	2
私有_状态主体匹配节点	私有_状态主体匹配节点	动态类.cpp:221	服务所在模块的内部辅助流程。	5	5
私有_状态主体同一_工作线程	私有_状态主体同一_工作线程	任务模块.管理工作线程.ixx:1671	服务所在模块的内部辅助流程。	2	2
私有_状态主体基础节点_线程侧	私有_状态主体基础节点_线程侧	自我线程模块.impl.cpp:2952	服务所在模块的内部辅助流程。	10	10
私有_状态主体存在_线程侧	私有_状态主体存在_线程侧	自我线程模块.impl.cpp:2939	服务所在模块的内部辅助流程。	3	3
私有_状态主体节点	私有_状态主体节点	任务模块.管理工作线程.ixx:1623	服务所在模块的内部辅助流程。	5	5
私有_状态二次特征类型文本	私有_状态二次特征类型文本	二次特征应用模块.ixx:878	服务所在模块的内部辅助流程。	2	2
私有_状态值文本_控制面板	私有_状态值文本_控制面板	控制面板类.cpp:3825	服务所在模块的内部辅助流程。	4	4
私有_状态创建阶段时间点	私有_状态创建阶段时间点	状态类.cpp:21	创建并返回或登记对应对象。	19	19
私有_状态创建阶段耗时微秒	私有_状态创建阶段耗时微秒	状态类.cpp:27	创建并返回或登记对应对象。	10	10
私有_状态创建阶段采样序号	私有_状态创建阶段采样序号	状态类.cpp:36	创建并返回或登记对应对象。	2	2
私有_状态变化跟踪行	私有_状态变化跟踪行	鱼巢.cpp:1671	执行跟踪相关定位、匹配或结果输出逻辑。	5	5
私有_状态同主体特征	私有_状态同主体特征	状态类.cpp:101	服务所在模块的内部辅助流程。	3	3
私有_状态在范围内	私有_状态在范围内	状态类.cpp:118	服务所在模块的内部辅助流程。	2	2
私有_状态引用匹配	私有_状态引用匹配	状态类.cpp:93	服务所在模块的内部辅助流程。	6	3
私有_状态引用匹配_二次特征类	私有_状态引用匹配_二次特征类	二次特征类.cpp:48	服务所在模块的内部辅助流程。	3	3
私有_状态排序时间	私有_状态排序时间	状态类.cpp:130	服务所在模块的内部辅助流程。	4	4
私有_状态排序晚于	私有_状态排序晚于	状态类.cpp:136	服务所在模块的内部辅助流程。	3	3
私有_状态特征主信息_线程侧	私有_状态特征主信息_线程侧	自我线程模块.impl.cpp:2848	服务所在模块的内部辅助流程。	2	2
私有_状态特征类型	私有_状态特征类型	任务模块.管理工作线程.ixx:1611	服务所在模块的内部辅助流程。	25	6
私有_状态特征类型	私有_状态特征类型	方法类.cpp:584	服务所在模块的内部辅助流程。	25	5
私有_状态特征类型_控制面板	私有_状态特征类型_控制面板	控制面板类.cpp:3265	服务所在模块的内部辅助流程。	3	3
私有_状态特征类型_需求校验	私有_状态特征类型_需求校验	需求类.cpp:752	服务所在模块的内部辅助流程。	6	6
私有_状态特征类型主键_需求方向	私有_状态特征类型主键_需求方向	需求类.cpp:760	服务所在模块的内部辅助流程。	3	3
私有_状态特征节点_线程侧	私有_状态特征节点_线程侧	自我线程模块.impl.cpp:2864	服务所在模块的内部辅助流程。	9	9
私有_状态目标同一_工作线程	私有_状态目标同一_工作线程	任务模块.管理工作线程.ixx:1689	服务所在模块的内部辅助流程。	2	2
私有_状态结果特征_因果	私有_状态结果特征_因果	因果类.cpp:326	读取状态节点携带的结果特征。	8	8
私有_状态结果特征命中目标	私有_状态结果特征命中目标	因果类.cpp:489	判断状态节点的结果特征是否命中目标特征。	3	3
私有_状态节点命中目标	私有_状态节点命中目标	因果类.cpp:475	判断状态节点是否命中目标状态。	16	16
私有_状态节点在场景下	私有_状态节点在场景下	动态类.cpp:215	服务所在模块的内部辅助流程。	3	3
私有_状态节点特征类型_线程侧	私有_状态节点特征类型_线程侧	自我线程模块.impl.cpp:2880	服务所在模块的内部辅助流程。	16	16
私有_状态语义相同_线程侧	私有_状态语义相同_线程侧	自我线程模块.impl.cpp:2903	服务所在模块的内部辅助流程。	2	2
私有_状态迁移方向相同_因果	私有_状态迁移方向相同_因果	因果类.cpp:669	判断两个状态迁移二次特征是否表达同一变化方向。	2	2
私有_状态迁移模板命中动态	私有_状态迁移模板命中动态	因果类.cpp:622	判断状态迁移二次特征是否来自指定动态的初始状态和结果状态。	2	2
私有_状态迁移结果命中状态	私有_状态迁移结果命中状态	因果类.cpp:525	服务所在模块的内部辅助流程。	2	2
私有_状态迁移结果特征_因果	私有_状态迁移结果特征_因果	因果类.cpp:382	读取状态迁移二次特征的结果特征。	4	4
私有_独立树添加子节点	私有_独立树添加子节点	任务类.cpp:269	服务所在模块的内部辅助流程。	5	2
私有_独立树添加方法子节点	私有_独立树添加方法子节点	方法类.cpp:269	服务所在模块的内部辅助流程。	7	5
私有_独立树添加方法子节点	私有_独立树添加方法子节点	本能方法类.cpp:139	服务所在模块的内部辅助流程。	7	2
私有_独立窗口线程主体	私有_独立窗口线程主体	控制面板WebView2.cpp:1846	服务所在模块的内部辅助流程。	3	3	entry_or_thread
私有_独立窗口诊断码	私有_独立窗口诊断码	控制面板WebView2.cpp:1822	服务所在模块的内部辅助流程。	5	5
私有_生产者分级已有生产者	私有_生产者分级已有生产者	需求类.cpp:839	服务所在模块的内部辅助流程。	2	2
私有_生成SQL控制面板HTML	私有_生成SQL控制面板HTML	控制面板类.cpp:7611	根据 SQL 控制面板数据生成静态 HTML。	2	2
私有_生成VX0动作验证报告摘要_工作线程	私有_生成VX0动作验证报告摘要_工作线程	任务模块.管理工作线程.ixx:1827	根据当前输入生成目标数据、场景、动态或回执。	6	6
私有_生成因果信息采样序号	私有_生成因果信息采样序号	因果类.cpp:79	服务所在模块的内部辅助流程。	2	2
私有_生成度量签名_链键	私有_生成度量签名_链键	基础信息主信息类.h:866	根据当前输入生成目标数据、场景、动态或回执。	4	4	header_or_inline
私有_生成成功服务G0候选_线程侧	私有_生成成功服务G0候选_线程侧	自我线程模块.impl.cpp:1471	根据当前输入生成目标数据、场景、动态或回执。	2	2
私有_生成控制面板HTML	私有_生成控制面板HTML	控制面板类.cpp:11156	根据当前输入生成目标数据、场景、动态或回执。	2	2
私有_生成根特征必要条件子需求_线程侧	私有_生成根特征必要条件子需求_线程侧	自我线程模块.impl.cpp:11114	根据当前输入生成目标数据、场景、动态或回执。	2	2
私有_生成根闭环信息位_线程侧	私有_生成根闭环信息位_线程侧	自我线程模块.impl.cpp:10585	根据当前输入生成目标数据、场景、动态或回执。	4	4
私有_生成状态转换因果投影_内部	私有_生成状态转换因果投影_内部	因果类.cpp:1081	生成内部状态转换因果投影，供因果类内部链路查询使用。	4	4
私有_生成相机播放HTML	私有_生成相机播放HTML	控制面板WebView2.cpp:945	根据当前输入生成目标数据、场景、动态或回执。	2	2
私有_生成需求方向签名_从材料	私有_生成需求方向签名_从材料	需求类.cpp:897	根据二次特征方向签名材料生成需求方向签名。	2	2
私有_生成页面HTML	私有_生成页面HTML	控制面板WebView2.cpp:1339	根据当前输入生成目标数据、场景、动态或回执。	2	2
私有_用临时HTML文件导航	私有_用临时HTML文件导航	控制面板WebView2.cpp:236	在 HTML 过大或内存导航失败时改用临时文件导航。	3	3
私有_登记增量反馈事件_线程侧	私有_登记增量反馈事件_线程侧	自我线程模块.impl.cpp:1139	登记方法、模板、对象或运行入口。	2	2
私有_登记正式结算结果目标_线程侧	私有_登记正式结算结果目标_线程侧	自我线程模块.impl.cpp:1201	登记方法、模板、对象或运行入口。	2	2
私有_登记证据动态样本	私有_登记证据动态样本	因果类.cpp:263	登记方法、模板、对象或运行入口。	4	4
私有_登记证据动态样本_已加锁	私有_登记证据动态样本_已加锁	因果类.cpp:239	登记方法、模板、对象或运行入口。	2	2
私有_登记需求相关任务_任务管理新链	私有_登记需求相关任务_任务管理新链	自我线程模块.impl.cpp:5457	登记方法、模板、对象或运行入口。	3	3
私有_百分比值	私有_百分比值	自我类.cpp:130	服务所在模块的内部辅助流程。	5	5
私有_目标存在跟踪状态特征_线程侧	私有_目标存在跟踪状态特征_线程侧	自我线程模块.impl.cpp:12544	执行跟踪相关定位、匹配或结果输出逻辑。	2	2
私有_目标特征是任务层状态	私有_目标特征是任务层状态	因果类.cpp:869	服务所在模块的内部辅助流程。	2	2
私有_目标特征是固定安全字段_线程侧	私有_目标特征是固定安全字段_线程侧	自我线程模块.impl.cpp:10535	服务所在模块的内部辅助流程。	4	4
私有_目标特征是外设内部材料字段_线程侧	私有_目标特征是外设内部材料字段_线程侧	自我线程模块.impl.cpp:230	服务所在模块的内部辅助流程。	2	2
私有_目标特征是学习层状态	私有_目标特征是学习层状态	因果类.cpp:906	服务所在模块的内部辅助流程。	2	2
私有_目标特征是学习承接缺口	私有_目标特征是学习承接缺口	任务模块.管理工作线程.ixx:1720	服务所在模块的内部辅助流程。	4	4
私有_目标特征是方法层状态	私有_目标特征是方法层状态	因果类.cpp:890	服务所在模块的内部辅助流程。	2	2
私有_目标特征是方法维护字段_线程侧	私有_目标特征是方法维护字段_线程侧	自我线程模块.impl.cpp:10564	判断自检候选目标是否属于方法维护父域。	3	3
私有_目标特征是服务上下文字段_线程侧	私有_目标特征是服务上下文字段_线程侧	自我线程模块.impl.cpp:10520	服务所在模块的内部辅助流程。	4	4
私有_目标特征是根层遗留学习字段_线程侧	私有_目标特征是根层遗留学习字段_线程侧	自我线程模块.impl.cpp:10555	服务所在模块的内部辅助流程。	5	5
私有_目标特征是自检维护管理状态	私有_目标特征是自检维护管理状态	需求类.cpp:660	服务所在模块的内部辅助流程。	2	2
私有_目标特征是逻辑流程产物	私有_目标特征是逻辑流程产物	需求类.cpp:813	服务所在模块的内部辅助流程。	2	2
私有_目标特征类型命中任一_线程侧	私有_目标特征类型命中任一_线程侧	自我线程模块.impl.cpp:214	服务所在模块的内部辅助流程。	13	13
私有_目标特征类型是任务层状态	私有_目标特征类型是任务层状态	因果类.cpp:859	服务所在模块的内部辅助流程。	4	4
私有_目标特征类型是学习层状态	私有_目标特征类型是学习层状态	因果类.cpp:896	服务所在模块的内部辅助流程。	4	4
私有_目标特征类型是安全账务值	私有_目标特征类型是安全账务值	因果类.cpp:840	服务所在模块的内部辅助流程。	3	3
私有_目标特征类型是方法层状态	私有_目标特征类型是方法层状态	因果类.cpp:875	服务所在模块的内部辅助流程。	4	4
私有_目标特征类型是服务账务值	私有_目标特征类型是服务账务值	因果类.cpp:846	服务所在模块的内部辅助流程。	3	3
私有_目标特征类型是直接安全目标	私有_目标特征类型是直接安全目标	因果类.cpp:852	服务所在模块的内部辅助流程。	3	3
私有_直接基础信息子节点	私有_直接基础信息子节点	世界树类.cpp:83	服务所在模块的内部辅助流程。	16	4
私有_直接基础信息子节点	私有_直接基础信息子节点	场景类.cpp:37	服务所在模块的内部辅助流程。	16	4
私有_直接基础信息子节点	私有_直接基础信息子节点	特征类.cpp:66	服务所在模块的内部辅助流程。	16	2
私有_直接存在子节点	私有_直接存在子节点	存在类.cpp:178	服务所在模块的内部辅助流程。	2	2
私有_直接抽象特征子节点	私有_直接抽象特征子节点	特征类.cpp:106	枚举父节点下直接挂载的抽象特征子节点。	12	12
私有_直接特征子节点	私有_直接特征子节点	特征类.cpp:85	枚举父节点下直接挂载的特征子节点。	2	2
私有_相机失败原因文本	私有_相机失败原因文本	鱼巢.cpp:264	服务所在模块的内部辅助流程。	2	2
私有_相机帧JSON文本	私有_相机帧JSON文本	控制面板WebView2.cpp:823	服务所在模块的内部辅助流程。	2	2
私有_相机调用结果摘要	私有_相机调用结果摘要	鱼巢.cpp:278	服务所在模块的内部辅助流程。	2	2
私有_相邻前状态查找采样序号	私有_相邻前状态查找采样序号	动态类.cpp:46	按条件查找目标对象、方法或事实。	2	2
私有_真实执行条件场景_执行桥_最小_v0	私有_真实执行条件场景_执行桥_最小_v0	任务模块.执行.ixx:228	执行任务、方法或动作的主体逻辑。	3	3
私有_确保I64特征已初始化	私有_确保I64特征已初始化	任务类.cpp:505	初始化相关对象、状态或运行上下文。	28	18
私有_确保I64特征已初始化	私有_确保I64特征已初始化	方法虚拟存在服务类.cpp:225	初始化相关对象、状态或运行上下文。	28	10
私有_确保任务承接权重已固化_线程侧	私有_确保任务承接权重已固化_线程侧	自我线程模块.impl.cpp:3795	确保目标结构、状态或前置条件存在并可用。	2	2
私有_确保存在I64特征已初始化	私有_确保存在I64特征已初始化	自我类.cpp:308	初始化相关对象、状态或运行上下文。	10	10
私有_确保存在具备三类信息根节点	私有_确保存在具备三类信息根节点	存在类.cpp:223	确保目标结构、状态或前置条件存在并可用。	3	3
私有_确保存在指针特征已初始化	私有_确保存在指针特征已初始化	自我类.cpp:325	初始化相关对象、状态或运行上下文。	2	2
私有_确保存在特征节点	私有_确保存在特征节点	自我类.cpp:292	确保目标结构、状态或前置条件存在并可用。	4	4
私有_确保当前场景特征值OR路径展开_线程侧	私有_确保当前场景特征值OR路径展开_线程侧	自我线程模块.impl.cpp:9831	确保目标结构、状态或前置条件存在并可用。	2	2
私有_确保扫描入账子需求_线程侧	私有_确保扫描入账子需求_线程侧	自我线程模块.impl.cpp:12657	确保目标结构、状态或前置条件存在并可用。	2	2
私有_确保方法结果初始状态	私有_确保方法结果初始状态	方法类.cpp:998	确保目标结构、状态或前置条件存在并可用。	2	2
私有_确保概念特征槽	私有_确保概念特征槽	世界树类.cpp:123	确保目标结构、状态或前置条件存在并可用。	7	7
私有_确保概念特征槽集合	私有_确保概念特征槽集合	世界树类.cpp:149	确保目标结构、状态或前置条件存在并可用。	5	5
私有_确保治理主体存在	私有_确保治理主体存在	自我线程模块.impl.cpp:12246	确保目标结构、状态或前置条件存在并可用。	3	3
私有_确保治理存在节点	私有_确保治理存在节点	自我线程模块.impl.cpp:13611	确保目标结构、状态或前置条件存在并可用。	5	5
私有_确保治理特征节点	私有_确保治理特征节点	自我线程模块.impl.cpp:12263	确保目标结构、状态或前置条件存在并可用。	2	2
私有_确保目标I64子需求_线程侧	私有_确保目标I64子需求_线程侧	自我线程模块.impl.cpp:12575	确保目标结构、状态或前置条件存在并可用。	3	3
私有_确保相机播放外设线程	私有_确保相机播放外设线程	控制面板WebView2.cpp:709	确保目标结构、状态或前置条件存在并可用。	2	2
私有_确保窗口类已注册	私有_确保窗口类已注册	控制面板WebView2.cpp:1729	注册方法、模板、对象或运行入口。	4	4
私有_确保线程I64状态比较_线程侧	私有_确保线程I64状态比较_线程侧	自我线程模块.impl.cpp:6346	确保目标结构、状态或前置条件存在并可用。	3	3
私有_确保结果父条件节点	私有_确保结果父条件节点	方法类.cpp:247	确保目标结构、状态或前置条件存在并可用。	2	2
私有_确保缓存_已加锁	私有_确保缓存_已加锁	特征值类.h:200	确保目标结构、状态或前置条件存在并可用。	10	10	header_or_inline
私有_确保自我根需求特征节点_线程侧	私有_确保自我根需求特征节点_线程侧	自我线程模块.impl.cpp:9996	确保目标结构、状态或前置条件存在并可用。	3	3
私有_确保自我环境已初始化	私有_确保自我环境已初始化	鱼巢.cpp:1215	初始化相关对象、状态或运行上下文。	10	10
私有_确保自我线程存在	私有_确保自我线程存在	自我线程模块.impl.cpp:12132	确保目标结构、状态或前置条件存在并可用。	2	2
私有_确保自我线程已启动	私有_确保自我线程已启动	鱼巢.cpp:1251	确保目标结构、状态或前置条件存在并可用。	5	5
私有_确保自检线程已启动	私有_确保自检线程已启动	鱼巢.cpp:1308	确保目标结构、状态或前置条件存在并可用。	4	4
私有_确保自检维护管理父需求_线程侧	私有_确保自检维护管理父需求_线程侧	自我线程模块.impl.cpp:8894	确保目标结构、状态或前置条件存在并可用。	2	2
私有_确保跟踪状态子需求_线程侧	私有_确保跟踪状态子需求_线程侧	自我线程模块.impl.cpp:12676	确保目标结构、状态或前置条件存在并可用。	2	2
私有_移动到已消费	私有_移动到已消费	线程生命周期消息模块.ixx:648	服务所在模块的内部辅助流程。	2	2
私有_移除正式结算缺失证据_线程侧	私有_移除正式结算缺失证据_线程侧	自我线程模块.impl.cpp:4886	结算任务、需求、价值或结果贡献。	9	9
私有_移除节点字段子项	私有_移除节点字段子项	控制面板类.cpp:9257	服务所在模块的内部辅助流程。	5	5
私有_空间极值轮廓特征类型	私有_空间极值轮廓特征类型	特征类.cpp:282	服务所在模块的内部辅助流程。	2	2
私有_窗口句柄槽	私有_窗口句柄槽	控制面板WebView2.cpp:1757	服务所在模块的内部辅助流程。	2	2
私有_窗口启动中槽	私有_窗口启动中槽	控制面板WebView2.cpp:1769	启动线程、模块或运行流程。	5	5
私有_窗口尺寸	私有_窗口尺寸	控制面板WebView2.cpp:1802	服务所在模块的内部辅助流程。	2	2
私有_窗口标题	私有_窗口标题	控制面板WebView2.cpp:1790	服务所在模块的内部辅助流程。	2	2
私有_窗口用途文本	私有_窗口用途文本	控制面板WebView2.cpp:1834	服务所在模块的内部辅助流程。	5	5
私有_窗口线程主体	私有_窗口线程主体	控制面板WebView2.cpp:2002	服务所在模块的内部辅助流程。	2	2	entry_or_thread
私有_窗口线程运行中槽	私有_窗口线程运行中槽	控制面板WebView2.cpp:1778	读取指定窗口用途对应的线程运行标记。	2	2
私有_窗口过程	私有_窗口过程	控制面板WebView2.cpp:1641	服务所在模块的内部辅助流程。	2	2	entry_or_thread
私有_等号字段显示文本	私有_等号字段显示文本	控制面板类.cpp:2487	服务所在模块的内部辅助流程。	8	8
私有_等号字段显示文本	私有_等号字段显示文本	控制面板类.cpp:2496	服务所在模块的内部辅助流程。	8	8
私有_筛选需求任务链节点	私有_筛选需求任务链节点	控制面板类.cpp:2823	服务所在模块的内部辅助流程。	4	4
私有_筹办派生需求消息字段完整	私有_筹办派生需求消息字段完整	任务模块.管理工作线程.ixx:713	推进任务筹办，形成候选、缺口或就绪回执。	2	2
私有_筹办派生需求消息稳定键	私有_筹办派生需求消息稳定键	任务模块.管理工作线程.ixx:808	推进任务筹办，形成候选、缺口或就绪回执。	7	7
私有_筹办派生需求消息缺失槽位文本	私有_筹办派生需求消息缺失槽位文本	任务模块.管理工作线程.ixx:732	推进任务筹办，形成候选、缺口或就绪回执。	2	2
私有_累加二次特征类阶段耗时	私有_累加二次特征类阶段耗时	二次特征类.cpp:123	服务所在模块的内部辅助流程。	5	5
私有_累加二次特征阶段耗时	私有_累加二次特征阶段耗时	二次特征应用模块.ixx:537	服务所在模块的内部辅助流程。	33	33
私有_累加因果阶段耗时	私有_累加因果阶段耗时	因果类.cpp:71	服务所在模块的内部辅助流程。	9	9
私有_累计任务状态	私有_累计任务状态	控制面板类.cpp:965	服务所在模块的内部辅助流程。	2	2
私有_累计文本计数	私有_累计文本计数	控制面板类.cpp:2836	服务所在模块的内部辅助流程。	5	5
私有_累计自我场景内容节点	私有_累计自我场景内容节点	控制面板类.cpp:1624	服务所在模块的内部辅助流程。	3	3
私有_线程侧特征入口集	私有_线程侧特征入口集	自我线程模块.impl.cpp:155	集中注册线程侧机器判断使用的特征入口。	15	15
私有_线程信息表缓存路径	私有_线程信息表缓存路径	线程生命周期消息模块.ixx:135	服务所在模块的内部辅助流程。	3	3
私有_线程信息项最近事件文本	私有_线程信息项最近事件文本	控制面板类.cpp:6314	服务所在模块的内部辅助流程。	2	2
私有_线程信息项状态文本	私有_线程信息项状态文本	控制面板类.cpp:6262	服务所在模块的内部辅助流程。	2	2
私有_线程信息项系统线程ID文本	私有_线程信息项系统线程ID文本	控制面板类.cpp:6253	服务所在模块的内部辅助流程。	2	2
私有_线程信息项运行状态文本	私有_线程信息项运行状态文本	控制面板类.cpp:6272	执行对应模块、线程或方法的运行逻辑。	2	2
私有_线程名称词	私有_线程名称词	自我类.cpp:280	服务所在模块的内部辅助流程。	3	3
私有_线程最终去向文本	私有_线程最终去向文本	控制面板类.cpp:736	服务所在模块的内部辅助流程。	7	2
私有_线程最终去向文本	私有_线程最终去向文本	自我线程模块.impl.cpp:12049	服务所在模块的内部辅助流程。	7	1
私有_线程最终去向文本	私有_线程最终去向文本	鱼巢.cpp:495	服务所在模块的内部辅助流程。	7	4
私有_线程状态统计文本	私有_线程状态统计文本	控制面板类.cpp:6236	服务所在模块的内部辅助流程。	3	3
私有_线程生命周期文本	私有_线程生命周期文本	控制面板类.cpp:699	服务所在模块的内部辅助流程。	18	8
私有_线程生命周期文本	私有_线程生命周期文本	自我线程模块.impl.cpp:11957	服务所在模块的内部辅助流程。	18	6
私有_线程生命周期文本	私有_线程生命周期文本	鱼巢.cpp:168	服务所在模块的内部辅助流程。	18	4
私有_线程类型词	私有_线程类型词	自我类.cpp:286	服务所在模块的内部辅助流程。	4	4
私有_线程运行阶段文本	私有_线程运行阶段文本	控制面板类.cpp:714	执行对应模块、线程或方法的运行逻辑。	6	2
私有_线程运行阶段文本	私有_线程运行阶段文本	自我线程模块.impl.cpp:12027	执行对应模块、线程或方法的运行逻辑。	6	1
私有_线程运行阶段文本	私有_线程运行阶段文本	鱼巢.cpp:473	执行对应模块、线程或方法的运行逻辑。	6	3
私有_绑定当前自我概念集	私有_绑定当前自我概念集	自我类.初始化.cpp:126	建立对象、任务、方法或因果之间的绑定关系。	2	2
私有_绑定自检摘要特征槽	私有_绑定自检摘要特征槽	自检线程模块.impl.cpp:442	建立对象、任务、方法或因果之间的绑定关系。	2	2
私有_结果变化方向编码	私有_结果变化方向编码	方法类.cpp:342	服务所在模块的内部辅助流程。	2	2
私有_结果场景名称词	私有_结果场景名称词	本能方法类.cpp:273	服务所在模块的内部辅助流程。	2	2
私有_结果项已存在	私有_结果项已存在	方法类.cpp:427	服务所在模块的内部辅助流程。	3	3
私有_结算因果投影预判日志文本_线程侧	私有_结算因果投影预判日志文本_线程侧	自我线程模块.impl.cpp:3047	把结算前因果投影预判即时渲染为日志文本，不写回机器判断结构。	4	4
私有_绝对值饱和	私有_绝对值饱和	世界树类.cpp:172	服务所在模块的内部辅助流程。	7	2
私有_绝对值饱和	私有_绝对值饱和	特征类.cpp:155	服务所在模块的内部辅助流程。	7	5
私有_统计三维体素占据数	私有_统计三维体素占据数	特征类.cpp:325	计算权重、状态、差值或派生结果。	2	2
私有_统计三维体素块状态	私有_统计三维体素块状态	特征类.cpp:335	计算权重、状态、差值或派生结果。	2	2
私有_统计任务节点	私有_统计任务节点	鱼巢.cpp:644	统计需求任务链中的任务头节点和步骤节点数量。	2	2
私有_统计方法条件结果对_自检	私有_统计方法条件结果对_自检	自检线程模块.impl.cpp:1039	统计方法条件结果对数量和命中次数。	2	2
私有_统计方法条件结果对数量_镜像	私有_统计方法条件结果对数量_镜像	自我类.cpp:456	服务所在模块的内部辅助流程。	2	2
私有_统计方法直接条件结果_控制面板	私有_统计方法直接条件结果_控制面板	控制面板类.cpp:1053	统计方法首节点下的直接条件和结果结构。	4	4
私有_统计方法直接结构_控制面板摘要	私有_统计方法直接结构_控制面板摘要	控制面板摘要线程模块.impl.cpp:207	统计方法首节点下的直接条件和结果结构。	2	2
私有_统计方法直接结构_自检	私有_统计方法直接结构_自检	自检线程模块.impl.cpp:1027	统计方法首节点下的直接条件和结果数量。	2	2
私有_统计结构可用方法数量	私有_统计结构可用方法数量	自检线程模块.impl.cpp:1141	服务所在模块的内部辅助流程。	2	2
私有_统计自我场景子树内容	私有_统计自我场景子树内容	控制面板类.cpp:1658	服务所在模块的内部辅助流程。	3	3
私有_维护安全因果风险树_线程侧	私有_维护安全因果风险树_线程侧	自我线程模块.impl.cpp:6780	服务所在模块的内部辅助流程。	2	2
私有_维护消息中间件已消费目录	私有_维护消息中间件已消费目录	线程生命周期消息模块.ixx:823	服务所在模块的内部辅助流程。	2	2
私有_维护消息中间件归档目录	私有_维护消息中间件归档目录	线程生命周期消息模块.ixx:883	服务所在模块的内部辅助流程。	2	2
私有_维护消息中间件文件	私有_维护消息中间件文件	线程生命周期消息模块.ixx:906	服务所在模块的内部辅助流程。	2	2
私有_维护消息中间件根目录	私有_维护消息中间件根目录	线程生命周期消息模块.ixx:784	服务所在模块的内部辅助流程。	2	2
私有_缩放RGB	私有_缩放RGB	控制面板WebView2.cpp:674	服务所在模块的内部辅助流程。	3	3
私有_缺口恢复反馈摘要_控制面板	私有_缺口恢复反馈摘要_控制面板	控制面板类.cpp:219	读取缺口恢复接口反馈摘要显示文本。	2	2
私有_聚合来源链相同	私有_聚合来源链相同	二次特征应用模块.ixx:2178	服务所在模块的内部辅助流程。	3	3
私有_自动补齐动态主体基础特征	私有_自动补齐动态主体基础特征	动态类.cpp:348	补齐条件、参数、证据或方法能力缺口。	2	2
私有_自我初始化阶段文本	私有_自我初始化阶段文本	自我类.初始化.cpp:20	初始化相关对象、状态或运行上下文。	4	4
私有_自我场景内容类型摘要	私有_自我场景内容类型摘要	控制面板类.cpp:1699	服务所在模块的内部辅助流程。	3	3
私有_自我场景复现JSON	私有_自我场景复现JSON	控制面板类.cpp:8988	服务所在模块的内部辅助流程。	2	2
私有_自我根特征目标差值_自我类	私有_自我根特征目标差值_自我类	自我类.cpp:245	服务所在模块的内部辅助流程。	3	3
私有_自我根特征类型词_线程侧	私有_自我根特征类型词_线程侧	自我线程模块.impl.cpp:494	服务所在模块的内部辅助流程。	4	4
私有_自我根特征类型词_自我类	私有_自我根特征类型词_自我类	自我类.cpp:149	服务所在模块的内部辅助流程。	2	2
私有_自我根特征类型词_自检	私有_自我根特征类型词_自检	自检线程模块.impl.cpp:610	服务所在模块的内部辅助流程。	2	2
私有_自检候选原子目标完整	私有_自检候选原子目标完整	自我线程模块.impl.cpp:8761	服务所在模块的内部辅助流程。	4	2
私有_自检候选原子目标完整_本地	私有_自检候选原子目标完整_本地	自检线程模块.impl.cpp:1230	服务所在模块的内部辅助流程。	2	2
私有_自检候选是代码缺陷报告	私有_自检候选是代码缺陷报告	自检线程模块.impl.cpp:1318	服务所在模块的内部辅助流程。	2	2
私有_自检候选父需求域文本_线程侧	私有_自检候选父需求域文本_线程侧	自我线程模块.impl.cpp:8834	服务所在模块的内部辅助流程。	10	10
私有_自检候选类型文本	私有_自检候选类型文本	自我线程模块.impl.cpp:8673	服务所在模块的内部辅助流程。	2	2
私有_自检停止请求中_自检	私有_自检停止请求中_自检	自检线程模块.impl.cpp:40	停止线程、模块或运行流程。	7	7
私有_自检基础信息预检日志文本_自检	私有_自检基础信息预检日志文本_自检	自检线程模块.impl.cpp:228	把自检基础信息预检结构化结果转换为日志文本。	3	3
私有_自检父需求域可建维护管理分支_线程侧	私有_自检父需求域可建维护管理分支_线程侧	自我线程模块.impl.cpp:8858	服务所在模块的内部辅助流程。	3	3
私有_自检维护管理状态词	私有_自检维护管理状态词	需求类.cpp:652	服务所在模块的内部辅助流程。	5	5
私有_自检维护管理目标特征名_线程侧	私有_自检维护管理目标特征名_线程侧	自我线程模块.impl.cpp:8868	服务所在模块的内部辅助流程。	2	2
私有_自检维护管理目标特征词_线程侧	私有_自检维护管理目标特征词_线程侧	自我线程模块.impl.cpp:8886	服务所在模块的内部辅助流程。	2	2
私有_自检自我根特征_自检	私有_自检自我根特征_自检	自检线程模块.impl.cpp:773	服务所在模块的内部辅助流程。	2	2
私有_自然句文本	私有_自然句文本	控制面板类.cpp:671	服务所在模块的内部辅助流程。	5	5
私有_节点主键_控制面板	私有_节点主键_控制面板	控制面板类.cpp:943	服务所在模块的内部辅助流程。	24	24
私有_节点主键_控制面板	私有_节点主键_控制面板	控制面板类.cpp:953	服务所在模块的内部辅助流程。	24	24
私有_节点在范围内	私有_节点在范围内	存在类.cpp:199	服务所在模块的内部辅助流程。	6	3
私有_节点引用相同	私有_节点引用相同	特征类.cpp:58	服务所在模块的内部辅助流程。	2	2
私有_节点父子直连	私有_节点父子直连	动态类.cpp:209	服务所在模块的内部辅助流程。	3	3
私有_节点缓存键	私有_节点缓存键	二次特征类.cpp:68	服务所在模块的内部辅助流程。	3	3
私有_节点键相等	私有_节点键相等	二次特征应用模块.ixx:632	服务所在模块的内部辅助流程。	3	3
私有_获取动态二次特征	私有_获取动态二次特征	二次特征应用模块.ixx:1320	读取并返回指定对象、状态或运行材料。	2	2
私有_获取当前主任务_线程侧	私有_获取当前主任务_线程侧	自我线程模块.impl.cpp:3546	读取并返回指定对象、状态或运行材料。	2	2
私有_获取当前主需求_线程侧	私有_获取当前主需求_线程侧	自我线程模块.impl.cpp:3530	读取并返回指定对象、状态或运行材料。	2	2
私有_获取语素节点显示词	私有_获取语素节点显示词	语素类.cpp:274	读取并返回指定对象、状态或运行材料。	7	7
私有_落任务管理派生需求到自我内部世界	私有_落任务管理派生需求到自我内部世界	自我线程模块.impl.cpp:12508	服务所在模块的内部辅助流程。	2	2
私有_落任务管理结果到自我内部世界	私有_落任务管理结果到自我内部世界	自我线程模块.impl.cpp:13241	服务所在模块的内部辅助流程。	2	2
私有_落任务管理观察事实承接请求到自我内部世界	私有_落任务管理观察事实承接请求到自我内部世界	自我线程模块.impl.cpp:12874	服务所在模块的内部辅助流程。	2	2
私有_落单个治理变化到自我内部世界	私有_落单个治理变化到自我内部世界	自我线程模块.impl.cpp:12390	服务所在模块的内部辅助流程。	13	13
私有_落治理变化项集到自我内部世界	私有_落治理变化项集到自我内部世界	自我线程模块.impl.cpp:12473	服务所在模块的内部辅助流程。	4	4
私有_落自检报告到自我内部世界	私有_落自检报告到自我内部世界	自我线程模块.impl.cpp:13204	服务所在模块的内部辅助流程。	2	2
私有_融合主果状态迁移区间_因果	私有_融合主果状态迁移区间_因果	因果类.cpp:679	把同方向状态迁移的标量区间融合到现有主果比较模板。	3	3
私有_补入因果果侧模板_因果	私有_补入因果果侧模板_因果	因果类.cpp:406	向因果主信息补入结果特征和主果迁移方向。	4	4
私有_补入因果结果特征_因果	私有_补入因果结果特征_因果	因果类.cpp:396	向因果果比较模板补入结果特征。	3	3
私有_补写运行场景事实_执行桥_最小_v0	私有_补写运行场景事实_执行桥_最小_v0	任务模块.执行.ixx:1017	执行对应模块、线程或方法的运行逻辑。	15	15
私有_补齐任务虚拟存在概念集	私有_补齐任务虚拟存在概念集	任务类.cpp:159	补齐条件、参数、证据或方法能力缺口。	4	4
私有_补齐动态名称类型	私有_补齐动态名称类型	动态类.cpp:115	补齐动态名称语义和动态类别入口。	2	2
私有_补齐工作线程一步结果	私有_补齐工作线程一步结果	任务模块.管理工作线程.ixx:2956	补齐条件、参数、证据或方法能力缺口。	2	2
私有_补齐本能方法结构	私有_补齐本能方法结构	本能方法类.cpp:330	补齐条件、参数、证据或方法能力缺口。	2	2
私有_补齐筹办派生需求消息主键槽	私有_补齐筹办派生需求消息主键槽	任务模块.管理工作线程.ixx:679	推进任务筹办，形成候选、缺口或就绪回执。	2	2
私有_裁决自检候选父需求_线程侧	私有_裁决自检候选父需求_线程侧	自我线程模块.impl.cpp:9021	服务所在模块的内部辅助流程。	2	2
私有_观察事实更新后刷新来源需求材料子需求_线程侧	私有_观察事实更新后刷新来源需求材料子需求_线程侧	自我线程模块.impl.cpp:8350	更新已有对象、状态、索引或缓存。	2	2
私有_观察事实更新后触发安全根需求重筹办_线程侧	私有_观察事实更新后触发安全根需求重筹办_线程侧	自我线程模块.impl.cpp:8476	更新已有对象、状态、索引或缓存。	2	2
私有_观察事实更新后触发来源需求重筹办_线程侧	私有_观察事实更新后触发来源需求重筹办_线程侧	自我线程模块.impl.cpp:8192	更新已有对象、状态、索引或缓存。	2	2
私有_规范化左右对象	私有_规范化左右对象	二次特征应用模块.ixx:2199	服务所在模块的内部辅助流程。	4	4
私有_规范化抽象特征主信息	私有_规范化抽象特征主信息	特征类.cpp:545	服务所在模块的内部辅助流程。	2	2
私有_规范化筹办派生需求消息	私有_规范化筹办派生需求消息	任务模块.管理工作线程.ixx:862	推进任务筹办，形成候选、缺口或就绪回执。	2	2
私有_解析SQL子链消息	私有_解析SQL子链消息	控制面板WebView2.cpp:438	解析 SQL 控制面板树子链读取消息。	2	2
私有_解析U64	私有_解析U64	控制面板WebView2.cpp:306	解析输入文本、消息、场景或运行包。	27	6
私有_解析U64	私有_解析U64	线程生命周期消息模块.ixx:224	解析输入文本、消息、场景或运行包。	27	21
私有_解析世界树SQL关系序号	私有_解析世界树SQL关系序号	世界树类.cpp:671	解析输入文本、消息、场景或运行包。	2	2
私有_解析事件类型	私有_解析事件类型	线程生命周期消息模块.ixx:270	解析输入文本、消息、场景或运行包。	2	2
私有_解析二次特征引用	私有_解析二次特征引用	方法类.cpp:528	解析输入文本、消息、场景或运行包。	6	4
私有_解析二次特征引用_因果	私有_解析二次特征引用_因果	因果类.cpp:298	解析二次特征引用对应的节点。	2	2
私有_解析任务引用_控制面板	私有_解析任务引用_控制面板	控制面板类.cpp:3349	解析输入文本、消息、场景或运行包。	2	2
私有_解析任务选中自我能力方法_执行桥_最小_v0	私有_解析任务选中自我能力方法_执行桥_最小_v0	任务模块.执行.ixx:208	解析输入文本、消息、场景或运行包。	3	3
私有_解析入口节点引用	私有_解析入口节点引用	自我线程模块.impl.cpp:2769	解析输入文本、消息、场景或运行包。	3	3
私有_解析动态引用	私有_解析动态引用	二次特征应用模块.ixx:1056	解析输入文本、消息、场景或运行包。	7	1
私有_解析动态引用	私有_解析动态引用	动态类.cpp:259	解析输入文本、消息、场景或运行包。	7	4
私有_解析动态引用_因果	私有_解析动态引用_因果	因果类.cpp:308	解析动态引用对应的节点。	2	2
私有_解析命令行相机命令	私有_解析命令行相机命令	鱼巢.cpp:245	解析输入文本、消息、场景或运行包。	2	2
私有_解析场景引用	私有_解析场景引用	任务类.cpp:222	解析输入文本、消息、场景或运行包。	6	2
私有_解析场景引用	私有_解析场景引用	需求类.cpp:640	解析输入文本、消息、场景或运行包。	6	2
私有_解析场景引用_任务语义	私有_解析场景引用_任务语义	自我线程模块.impl.cpp:7937	解析输入文本、消息、场景或运行包。	2	2
私有_解析基础信息引用	私有_解析基础信息引用	方法类.cpp:565	解析输入文本、消息、场景或运行包。	17	3
私有_解析基础信息节点引用_线程侧	私有_解析基础信息节点引用_线程侧	自我线程模块.impl.cpp:2782	解析输入文本、消息、场景或运行包。	3	3
私有_解析存在引用	私有_解析存在引用	任务类.cpp:209	解析输入文本、消息、场景或运行包。	8	2
私有_解析存在引用	私有_解析存在引用	需求类.cpp:628	解析输入文本、消息、场景或运行包。	8	3
私有_解析存在引用_任务语义	私有_解析存在引用_任务语义	自我线程模块.impl.cpp:7924	解析输入文本、消息、场景或运行包。	2	2
私有_解析布尔	私有_解析布尔	线程生命周期消息模块.ixx:237	解析输入文本、消息、场景或运行包。	11	11
私有_解析方法引用	私有_解析方法引用	方法虚拟存在服务类.cpp:481	解析输入文本、消息、场景或运行包。	6	4
私有_解析方法引用_因果	私有_解析方法引用_因果	因果类.cpp:318	解析方法引用对应的节点。	2	2
私有_解析方法虚拟存在_只读	私有_解析方法虚拟存在_只读	自检线程模块.impl.cpp:380	解析输入文本、消息、场景或运行包。	2	2
私有_解析方法虚拟存在_控制面板	私有_解析方法虚拟存在_控制面板	控制面板类.cpp:242	解析输入文本、消息、场景或运行包。	2	2
私有_解析方法虚拟存在引用	私有_解析方法虚拟存在引用	方法虚拟存在服务类.cpp:487	解析输入文本、消息、场景或运行包。	4	4
私有_解析根特征必要条件宿主_线程侧	私有_解析根特征必要条件宿主_线程侧	自我线程模块.impl.cpp:10393	解析输入文本、消息、场景或运行包。	9	9
私有_解析派生需求父需求_线程侧	私有_解析派生需求父需求_线程侧	自我线程模块.impl.cpp:3641	解析输入文本、消息、场景或运行包。	4	4
私有_解析特征引用	私有_解析特征引用	方法类.cpp:541	解析输入文本、消息、场景或运行包。	5	2
私有_解析特征引用_因果	私有_解析特征引用_因果	因果类.cpp:288	解析特征引用对应的节点。	3	3
私有_解析状态引用	私有_解析状态引用	任务类.cpp:189	解析输入文本、消息、场景或运行包。	32	3
私有_解析状态引用	私有_解析状态引用	动态类.cpp:290	解析输入文本、消息、场景或运行包。	32	6
私有_解析状态引用	私有_解析状态引用	方法类.cpp:553	解析输入文本、消息、场景或运行包。	32	3
私有_解析状态引用	私有_解析状态引用	状态类.cpp:77	解析输入文本、消息、场景或运行包。	32	6
私有_解析状态引用	私有_解析状态引用	需求类.cpp:616	解析输入文本、消息、场景或运行包。	32	9
私有_解析状态引用_控制命令	私有_解析状态引用_控制命令	鱼巢.cpp:1622	解析输入文本、消息、场景或运行包。	3	3
私有_解析状态特征节点_需求校验	私有_解析状态特征节点_需求校验	需求类.cpp:735	解析输入文本、消息、场景或运行包。	2	2
私有_解析状态节点_需求校验	私有_解析状态节点_需求校验	需求类.cpp:709	解析输入文本、消息、场景或运行包。	3	3
私有_解析线程池大小设置消息	私有_解析线程池大小设置消息	控制面板WebView2.cpp:480	设置对象字段、状态或运行参数。	2	2
私有_解析自检原子目标宿主	私有_解析自检原子目标宿主	自我线程模块.impl.cpp:8794	解析输入文本、消息、场景或运行包。	2	2
私有_解析自检日志等待毫秒	私有_解析自检日志等待毫秒	鱼巢.cpp:212	解析输入文本、消息、场景或运行包。	2	2
私有_解析详情消息	私有_解析详情消息	控制面板WebView2.cpp:395	解析输入文本、消息、场景或运行包。	2	2
私有_解析需求引用	私有_解析需求引用	任务类.cpp:202	解析输入文本、消息、场景或运行包。	4	2
私有_解析需求引用_控制面板	私有_解析需求引用_控制面板	控制面板类.cpp:3358	解析输入文本、消息、场景或运行包。	2	2
私有_解析非负毫秒参数	私有_解析非负毫秒参数	鱼巢.cpp:191	解析输入文本、消息、场景或运行包。	2	2
私有_计入布尔线程统计	私有_计入布尔线程统计	控制面板类.cpp:6101	服务所在模块的内部辅助流程。	3	3
私有_计入摘要线程生命周期统计	私有_计入摘要线程生命周期统计	控制面板类.cpp:6070	服务所在模块的内部辅助流程。	2	2
私有_计入线程信息项统计	私有_计入线程信息项统计	控制面板类.cpp:6165	服务所在模块的内部辅助流程。	2	2
私有_计入线程生命周期统计	私有_计入线程生命周期统计	控制面板类.cpp:6038	服务所在模块的内部辅助流程。	2	2
私有_计数执行前许可请求消息	私有_计数执行前许可请求消息	自我线程模块.impl.cpp:13421	执行任务、方法或动作的主体逻辑。	3	3
私有_计数观察事实承接消息	私有_计数观察事实承接消息	自我线程模块.impl.cpp:13408	服务所在模块的内部辅助流程。	3	3
私有_计数转I64	私有_计数转I64	自我线程模块.impl.cpp:1004	服务所在模块的内部辅助流程。	3	3
私有_计算任务完成度百万分比_工作线程	私有_计算任务完成度百万分比_工作线程	任务模块.管理工作线程.ixx:1887	计算权重、状态、差值或派生结果。	3	3
私有_计算任务承接权重上限_线程侧	私有_计算任务承接权重上限_线程侧	自我线程模块.impl.cpp:3742	计算权重、状态、差值或派生结果。	3	3
私有_计算动态路径签名	私有_计算动态路径签名	动态类.cpp:240	计算权重、状态、差值或派生结果。	4	4
私有_计算反馈增量_线程侧	私有_计算反馈增量_线程侧	自我线程模块.impl.cpp:1114	计算权重、状态、差值或派生结果。	3	3
私有_计算安全因果风险树输入版本_线程侧	私有_计算安全因果风险树输入版本_线程侧	自我线程模块.impl.cpp:6226	计算权重、状态、差值或派生结果。	2	2
私有_计算点链平均最大误差	私有_计算点链平均最大误差	特征类.cpp:189	计算权重、状态、差值或派生结果。	2	2
私有_计算相机显示尺寸	私有_计算相机显示尺寸	控制面板WebView2.cpp:655	计算权重、状态、差值或派生结果。	2	2
私有_计算线程信息表统计	私有_计算线程信息表统计	控制面板类.cpp:6216	计算权重、状态、差值或派生结果。	2	2
私有_计算线程状态页统计	私有_计算线程状态页统计	控制面板类.cpp:6123	计算权重、状态、差值或派生结果。	3	3
私有_计算聚合路径签名	私有_计算聚合路径签名	二次特征应用模块.ixx:2168	计算权重、状态、差值或派生结果。	3	3
私有_计算自我初始化结果	私有_计算自我初始化结果	自我类.初始化.cpp:147	初始化相关对象、状态或运行上下文。	4	4
私有_计算距离_mm	私有_计算距离_mm	二次特征应用模块.ixx:2190	计算权重、状态、差值或派生结果。	4	2
私有_计算距离_mm	私有_计算距离_mm	存在类.cpp:16	计算权重、状态、差值或派生结果。	4	2
私有_计算轮廓匹配评分Q10000	私有_计算轮廓匹配评分Q10000	特征类.cpp:218	计算权重、状态、差值或派生结果。	2	2
私有_计算风险安全第二层投影候选_线程侧	私有_计算风险安全第二层投影候选_线程侧	自我线程模块.impl.cpp:1023	计算权重、状态、差值或派生结果。	2	2
私有_记录任务管理摘要即时状态	私有_记录任务管理摘要即时状态	鱼巢.cpp:1315	记录日志、动态、证据或运行痕迹。	6	6
私有_记录初始化步骤	私有_记录初始化步骤	自我类.初始化.cpp:40	初始化相关对象、状态或运行上下文。	5	5
私有_记录动作成功无可比较目标结果	私有_记录动作成功无可比较目标结果	任务模块.管理工作线程.ixx:1806	记录日志、动态、证据或运行痕迹。	4	4
私有_记录动作验证报告结构日志	私有_记录动作验证报告结构日志	鱼巢.cpp:123	记录日志、动态、证据或运行痕迹。	2	2
私有_记录异常需求节点链路_控制面板	私有_记录异常需求节点链路_控制面板	控制面板类.cpp:861	记录日志、动态、证据或运行痕迹。	4	4
私有_记录执行桥方法缺口_最小_v0	私有_记录执行桥方法缺口_最小_v0	任务模块.执行.ixx:409	记录日志、动态、证据或运行痕迹。	7	7
私有_记录执行目标状态比较	私有_记录执行目标状态比较	任务模块.管理工作线程.ixx:1485	记录日志、动态、证据或运行痕迹。	2	2
私有_记录执行目标状态读取	私有_记录执行目标状态读取	任务模块.管理工作线程.ixx:1443	从指定来源读取数据或状态。	2	2
私有_记录抽象根特征定义读取_线程侧	私有_记录抽象根特征定义读取_线程侧	自我线程模块.impl.cpp:669	从指定来源读取数据或状态。	3	3
私有_记录抽象根特征定义读取快照_线程侧	私有_记录抽象根特征定义读取快照_线程侧	自我线程模块.impl.cpp:689	从指定来源读取数据或状态。	2	2
私有_记录方法执行条件结果节点_执行桥_最小_v0	私有_记录方法执行条件结果节点_执行桥_最小_v0	任务模块.执行.ixx:973	记录日志、动态、证据或运行痕迹。	2	2
私有_记录最近筹办派生需求稳定键	私有_记录最近筹办派生需求稳定键	任务模块.管理工作线程.ixx:844	记录日志、动态、证据或运行痕迹。	2	2
私有_记录本能动作_I64	私有_记录本能动作_I64	自我类.cpp:570	记录日志、动态、证据或运行痕迹。	12	12
私有_记录根闭环信息位挂载_线程侧	私有_记录根闭环信息位挂载_线程侧	自我线程模块.impl.cpp:10690	记录日志、动态、证据或运行痕迹。	3	3
私有_记录根闭环缺口准入_线程侧	私有_记录根闭环缺口准入_线程侧	自我线程模块.impl.cpp:10785	记录日志、动态、证据或运行痕迹。	4	4
私有_记录自我I64状态	私有_记录自我I64状态	自我类.cpp:731	记录日志、动态、证据或运行痕迹。	2	2
私有_记录自我实现检查日志	私有_记录自我实现检查日志	鱼巢.cpp:683	记录日志、动态、证据或运行痕迹。	4	4
私有_记录自我指针状态	私有_记录自我指针状态	自我类.cpp:643	记录日志、动态、证据或运行痕迹。	4	4
私有_记录需求节点子链数量不一致_控制面板	私有_记录需求节点子链数量不一致_控制面板	控制面板类.cpp:831	记录日志、动态、证据或运行痕迹。	4	4
私有_设置同层环头	私有_设置同层环头	双向链表模板核心.h:204	设置对象字段、状态或运行参数。	3	2	header_or_inline
私有_评估服务价值结算证据_线程侧	私有_评估服务价值结算证据_线程侧	自我线程模块.impl.cpp:1398	评估状态、风险、质量、权重或完成度。	2	2
私有_评估需求方法可用性_控制面板	私有_评估需求方法可用性_控制面板	控制面板类.cpp:3699	评估状态、风险、质量、权重或完成度。	3	3
私有_词文本	私有_词文本	控制面板类.cpp:661	服务所在模块的内部辅助流程。	26	26
私有_语素SQL建库脚本	私有_语素SQL建库脚本	语素类.cpp:481	服务所在模块的内部辅助流程。	2	2
私有_语素SQL建表脚本	私有_语素SQL建表脚本	语素类.cpp:489	服务所在模块的内部辅助流程。	2	2
私有_语素SQL投影互斥	私有_语素SQL投影互斥	语素类.cpp:315	服务所在模块的内部辅助流程。	2	2
私有_语素SQL视图脚本	私有_语素SQL视图脚本	语素类.cpp:550	服务所在模块的内部辅助流程。	2	2
私有_语素入口主键	私有_语素入口主键	方法类.cpp:578	服务所在模块的内部辅助流程。	2	2
私有_语素入口显示文本_控制命令	私有_语素入口显示文本_控制命令	鱼巢.cpp:1584	服务所在模块的内部辅助流程。	2	2
私有_语素入口诊断文本	私有_语素入口诊断文本	控制面板类.cpp:1265	服务所在模块的内部辅助流程。	3	3
私有_语素父词面	私有_语素父词面	语素类.cpp:348	服务所在模块的内部辅助流程。	2	2
私有_读取SQL世界树关系行集	私有_读取SQL世界树关系行集	控制面板类.cpp:7294	按世界树节点键集合读取关系行。	3	3
私有_读取SQL控制面板子链行集	私有_读取SQL控制面板子链行集	控制面板类.cpp:7214	执行 SQL 控制面板子链查询。	3	3
私有_读取SQL控制面板数据	私有_读取SQL控制面板数据	控制面板类.cpp:6689	从 SQL Server 最新投影视图读取控制面板数据。	3	3
私有_读取SQL树直接子层	私有_读取SQL树直接子层	控制面板类.cpp:7269	按父节点键读取 SQL 树直接子节点层。	7	7
私有_读取世界观测版本	私有_读取世界观测版本	控制面板摘要线程模块.impl.cpp:186	从指定来源读取数据或状态。	2	2
私有_读取任务I64特征	私有_读取任务I64特征	任务类.cpp:589	从指定来源读取数据或状态。	21	21
私有_读取任务可执行输入参数场景_执行桥_最小_v0	私有_读取任务可执行输入参数场景_执行桥_最小_v0	任务模块.执行.ixx:89	从指定来源读取数据或状态。	2	2
私有_读取任务成功服务候选池_线程侧	私有_读取任务成功服务候选池_线程侧	自我线程模块.impl.cpp:1838	从指定来源读取数据或状态。	2	2
私有_读取任务指针特征	私有_读取任务指针特征	任务类.cpp:656	从指定来源读取数据或状态。	2	2
私有_读取任务状态动作动态_线程侧	私有_读取任务状态动作动态_线程侧	自我线程模块.impl.cpp:2037	从指定来源读取数据或状态。	6	6
私有_读取动作动态_线程侧	私有_读取动作动态_线程侧	自我线程模块.impl.cpp:3171	从指定来源读取数据或状态。	6	6
私有_读取动态聚合信息	私有_读取动态聚合信息	二次特征应用模块.ixx:768	从动态类读取聚合层级、方式和路径签名，不直接解释动态主信息字段。	14	14
私有_读取场景复现I64	私有_读取场景复现I64	控制面板类.cpp:1392	从指定来源读取数据或状态。	29	29
私有_读取场景复现I64_保留默认	私有_读取场景复现I64_保留默认	控制面板类.cpp:1405	从指定来源读取数据或状态。	5	5
私有_读取场景复现VecI64	私有_读取场景复现VecI64	控制面板类.cpp:1419	从指定来源读取数据或状态。	3	3
私有_读取场景最新动态V1摘要	私有_读取场景最新动态V1摘要	自我线程模块.impl.cpp:13673	从指定来源读取数据或状态。	2	2
私有_读取基础节点指针特征_线程侧	私有_读取基础节点指针特征_线程侧	自我线程模块.impl.cpp:3154	从指定来源读取数据或状态。	3	3
私有_读取子特征I64	私有_读取子特征I64	存在类.cpp:106	从指定来源读取数据或状态。	5	5
私有_读取字段文件	私有_读取字段文件	线程生命周期消息模块.ixx:284	从指定来源读取数据或状态。	5	5
私有_读取成功服务候选标准服务单位_线程侧	私有_读取成功服务候选标准服务单位_线程侧	自我线程模块.impl.cpp:1780	从指定来源读取数据或状态。	2	2
私有_读取执行输出状态指针	私有_读取执行输出状态指针	任务模块.管理工作线程.ixx:1413	从指定来源读取数据或状态。	9	9
私有_读取执行输出缺失参数数量_工作线程	私有_读取执行输出缺失参数数量_工作线程	任务模块.管理工作线程.ixx:1155	从指定来源读取数据或状态。	3	3
私有_读取执行输出语素入口指针	私有_读取执行输出语素入口指针	任务模块.管理工作线程.ixx:1387	从指定来源读取数据或状态。	3	3
私有_读取抽象根特征定义_线程侧	私有_读取抽象根特征定义_线程侧	自我线程模块.impl.cpp:587	从指定来源读取数据或状态。	5	5
私有_读取抽象根特征定义_自检	私有_读取抽象根特征定义_自检	自检线程模块.impl.cpp:722	从指定来源读取数据或状态。	2	2
私有_读取抽象特征I64区间_线程侧	私有_读取抽象特征I64区间_线程侧	自我线程模块.impl.cpp:514	从指定来源读取数据或状态。	4	4
私有_读取抽象特征I64区间_自我类	私有_读取抽象特征I64区间_自我类	自我类.cpp:163	从指定来源读取数据或状态。	2	2
私有_读取抽象特征I64区间_自检	私有_读取抽象特征I64区间_自检	自检线程模块.impl.cpp:648	从指定来源读取数据或状态。	3	3
私有_读取控制面板快照	私有_读取控制面板快照	控制面板类.cpp:9362	从指定来源读取数据或状态。	9	3
私有_读取方法I64特征_控制面板	私有_读取方法I64特征_控制面板	控制面板类.cpp:254	从指定来源读取数据或状态。	2	2
私有_读取方法运行账时间_控制面板	私有_读取方法运行账时间_控制面板	控制面板类.cpp:269	从指定来源读取数据或状态。	3	3
私有_读取方法运行账时间_摘要	私有_读取方法运行账时间_摘要	控制面板摘要线程模块.impl.cpp:100	从指定来源读取数据或状态。	3	3
私有_读取方法运行账时间_自检	私有_读取方法运行账时间_自检	自检线程模块.impl.cpp:407	从指定来源读取数据或状态。	3	3
私有_读取来源低层动态数量	私有_读取来源低层动态数量	二次特征应用模块.ixx:787	从动态类读取聚合来源链数量，用于日志显示。	2	2
私有_读取状态I64	私有_读取状态I64	二次特征应用模块.ixx:817	从指定来源读取数据或状态。	25	3
私有_读取状态I64值_工作线程	私有_读取状态I64值_工作线程	任务模块.管理工作线程.ixx:1467	从指定来源读取数据或状态。	13	13
私有_读取状态I64值_线程侧	私有_读取状态I64值_线程侧	自我线程模块.impl.cpp:4781	从指定来源读取数据或状态。	9	9
私有_读取状态变化跟踪项	私有_读取状态变化跟踪项	鱼巢.cpp:1641	从指定来源读取数据或状态。	5	5
私有_读取状态时间	私有_读取状态时间	二次特征应用模块.ixx:828	从指定来源读取数据或状态。	5	5
私有_读取相机帧	私有_读取相机帧	控制面板WebView2.cpp:770	从指定来源读取数据或状态。	2	2
私有_读取自我场景内容统计	私有_读取自我场景内容统计	控制面板类.cpp:1723	从指定来源读取数据或状态。	2	2
私有_读取自我场景复现快照	私有_读取自我场景复现快照	控制面板类.cpp:2159	从指定来源读取数据或状态。	2	2
私有_读取自我场景存在AABB特征	私有_读取自我场景存在AABB特征	控制面板类.cpp:1867	从指定来源读取数据或状态。	2	2
私有_读取自我场景存在三元特征	私有_读取自我场景存在三元特征	控制面板类.cpp:1843	从指定来源读取数据或状态。	5	5
私有_读取自我场景存在复现项列表	私有_读取自我场景存在复现项列表	控制面板类.cpp:2110	从指定来源读取数据或状态。	2	2
私有_读取自我场景诊断区域列表	私有_读取自我场景诊断区域列表	控制面板类.cpp:1771	从指定来源读取数据或状态。	2	2
私有_读取自我待处理方法数量_控制面板	私有_读取自我待处理方法数量_控制面板	控制面板类.cpp:209	读取自我待处理方法数量特征。	2	2
私有_读取自我根特征抽象目标值_自我类	私有_读取自我根特征抽象目标值_自我类	自我类.cpp:214	从指定来源读取数据或状态。	3	3
私有_读取输出场景内状态指针	私有_读取输出场景内状态指针	任务模块.管理工作线程.ixx:1370	从指定来源读取数据或状态。	3	3
私有_读取输出状态指针	私有_读取输出状态指针	任务模块.管理工作线程.ixx:1331	从指定来源读取数据或状态。	4	4
私有_读取输出结果场景_线程侧	私有_读取输出结果场景_线程侧	自我线程模块.impl.cpp:3186	从指定来源读取数据或状态。	3	3
私有_读取输出语素入口指针	私有_读取输出语素入口指针	任务模块.管理工作线程.ixx:1316	从指定来源读取数据或状态。	3	3
私有_读取需求列表分页	私有_读取需求列表分页	控制面板类.cpp:9307	从指定来源读取数据或状态。	4	4
私有_读基础节点I64特征	私有_读基础节点I64特征	任务模块.管理工作线程.ixx:315	服务所在模块的内部辅助流程。	2	2
私有_调整WebView尺寸	私有_调整WebView尺寸	控制面板WebView2.cpp:932	服务所在模块的内部辅助流程。	3	3
私有_调用任务执行普通函数	私有_调用任务执行普通函数	任务模块.管理工作线程.ixx:345	执行任务、方法或动作的主体逻辑。	2	2
私有_调用任务筹办普通函数	私有_调用任务筹办普通函数	任务模块.管理工作线程.ixx:332	推进任务筹办，形成候选、缺口或就绪回执。	2	2
私有_调用结算叶子任务价值本能方法_线程侧	私有_调用结算叶子任务价值本能方法_线程侧	自我线程模块.impl.cpp:7120	自我线程只负责决定调用“结算叶子任务价值”本能方法，并读取运行存在中的 实际安全结算结果；服务值增加由 G0 已确认成功服...	3	3
私有_调试日志输出启用	私有_调试日志输出启用	任务模块.管理界面线程.impl.cpp:50	服务所在模块的内部辅助流程。	9	9
私有_起点时长文本	私有_起点时长文本	控制面板类.cpp:566	服务所在模块的内部辅助流程。	3	3
私有_路径UTF8	私有_路径UTF8	控制面板WebView2.cpp:134	服务所在模块的内部辅助流程。	6	6
私有_转义HTML	私有_转义HTML	控制面板类.cpp:6629	服务所在模块的内部辅助流程。	41	41
私有_转义字段值	私有_转义字段值	线程生命周期消息模块.ixx:163	服务所在模块的内部辅助流程。	2	2
私有_转小写ASCII	私有_转小写ASCII	二次特征类.cpp:147	服务所在模块的内部辅助流程。	3	3
私有_转换词序列	私有_转换词序列	语言类.cpp:12	把输入数据转换为目标类型、语义或结构。	2	2
私有_轮廓比较状态文本	私有_轮廓比较状态文本	二次特征应用模块.ixx:2121	比较当前值、目标值或历史基准。	2	2
私有_输出启动说明	私有_输出启动说明	鱼巢.cpp:68	输出控制台启动说明并追加启动项间隔和累计用时。	3	3
私有_输出并记录相机结果	私有_输出并记录相机结果	鱼巢.cpp:386	记录日志、动态、证据或运行痕迹。	7	7
私有_输出控制台刷新摘要	私有_输出控制台刷新摘要	鱼巢.cpp:1422	刷新并输出默认控制台摘要。	4	4
私有_输出控制台数字菜单	私有_输出控制台数字菜单	鱼巢.cpp:1434	输出默认控制台数字菜单。	7	7
私有_输出方法状态动作动态	私有_输出方法状态动作动态	方法虚拟存在服务类.cpp:350	方法域动作动态生成点： 方法虚拟存在服务层在同步“方法状态”特征时调用本函数， 把目标方法虚拟存在上的方法状态旧值 -&gt; ...	2	2
私有_输出自我治理动作动态	私有_输出自我治理动作动态	自我线程模块.impl.cpp:12348	需求 / 自我治理域动作动态生成点： 自我线程真实提交治理镜像特征后，用本函数把该特征的旧状态 -&gt; 新状态 落成治理动作...	2	2
私有_运行摘要	私有_运行摘要	自我线程模块.impl.cpp:13892	执行对应模块、线程或方法的运行逻辑。	2	2
私有_运行默认控制台数字菜单	私有_运行默认控制台数字菜单	鱼巢.cpp:2011	运行默认控制台数字菜单。	2	2
私有_连接限定短语	私有_连接限定短语	语言类_二次特征表达.cpp:157	服务所在模块的内部辅助流程。	2	2
私有_追加JSON_I64数组3	私有_追加JSON_I64数组3	控制面板类.cpp:8899	服务所在模块的内部辅助流程。	9	9
私有_追加JSON字符串	私有_追加JSON字符串	控制面板WebView2.cpp:625	服务所在模块的内部辅助流程。	21	7
私有_追加JSON字符串	私有_追加JSON字符串	控制面板类.cpp:8808	服务所在模块的内部辅助流程。	21	14
私有_追加SQL控制面板JSON字符串	私有_追加SQL控制面板JSON字符串	控制面板类.cpp:7073	向 SQL 控制面板 HTML 追加 JSON 字符串。	48	48
私有_追加SQL控制面板行集JSON	私有_追加SQL控制面板行集JSON	控制面板类.cpp:7106	把 SQL 控制面板行集输出为 JSON 二维数组。	10	10
私有_追加SQL控制面板表	私有_追加SQL控制面板表	控制面板类.cpp:7047	向 SQL 控制面板 HTML 追加一个数据表区段。	14	14
私有_追加SQL控制面板表头JSON	私有_追加SQL控制面板表头JSON	控制面板类.cpp:7090	把 SQL 控制面板表头输出为 JSON 字符串数组。	3	3
私有_追加二次特征字段	私有_追加二次特征字段	控制面板类.cpp:5040	服务所在模块的内部辅助流程。	2	2
私有_追加二次特征引用	私有_追加二次特征引用	场景类.cpp:56	服务所在模块的内部辅助流程。	2	2
私有_追加动态节点字段	私有_追加动态节点字段	控制面板类.cpp:4938	服务所在模块的内部辅助流程。	2	2
私有_追加去重二次特征	私有_追加去重二次特征	二次特征应用模块.ixx:1117	服务所在模块的内部辅助流程。	4	4
私有_追加叶字段	私有_追加叶字段	控制面板类.cpp:2522	服务所在模块的内部辅助流程。	286	286
私有_追加叶字段	私有_追加叶字段	控制面板类.cpp:2531	服务所在模块的内部辅助流程。	286	286
私有_追加叶字段	私有_追加叶字段	控制面板类.cpp:2540	服务所在模块的内部辅助流程。	286	286
私有_追加叶字段	私有_追加叶字段	控制面板类.cpp:2549	服务所在模块的内部辅助流程。	286	286
私有_追加叶字段	私有_追加叶字段	控制面板类.cpp:2558	服务所在模块的内部辅助流程。	286	286
私有_追加唯一存在节点	私有_追加唯一存在节点	任务类.cpp:102	服务所在模块的内部辅助流程。	7	7
私有_追加唯一方法_控制面板	私有_追加唯一方法_控制面板	控制面板类.cpp:3522	服务所在模块的内部辅助流程。	4	4
私有_追加因果字段	私有_追加因果字段	控制面板类.cpp:5163	服务所在模块的内部辅助流程。	2	2
私有_追加因果缺失证据	私有_追加因果缺失证据	因果类.cpp:141	向缺失证据集合追加去重后的结构化证据项。	50	50
私有_追加场景节点字段	私有_追加场景节点字段	控制面板类.cpp:4830	服务所在模块的内部辅助流程。	2	2
私有_追加基础信息通用字段	私有_追加基础信息通用字段	控制面板类.cpp:4681	服务所在模块的内部辅助流程。	2	2
私有_追加存在节点字段	私有_追加存在节点字段	控制面板类.cpp:4750	服务所在模块的内部辅助流程。	2	2
私有_追加抽象特征节点字段	私有_追加抽象特征节点字段	控制面板类.cpp:4739	服务所在模块的内部辅助流程。	2	2
私有_追加树节点JSON	私有_追加树节点JSON	控制面板类.cpp:8834	服务所在模块的内部辅助流程。	7	7
私有_追加正式结算缺失证据_线程侧	私有_追加正式结算缺失证据_线程侧	自我线程模块.impl.cpp:3267	结算任务、需求、价值或结果贡献。	8	8
私有_追加特征节点字段	私有_追加特征节点字段	控制面板类.cpp:4715	服务所在模块的内部辅助流程。	2	2
私有_追加状态节点字段	私有_追加状态节点字段	控制面板类.cpp:4894	服务所在模块的内部辅助流程。	2	2
私有_追加等号字段	私有_追加等号字段	控制面板类.cpp:2665	服务所在模块的内部辅助流程。	61	61
私有_追加等号字段	私有_追加等号字段	控制面板类.cpp:2674	服务所在模块的内部辅助流程。	61	61
私有_追加等号字段	私有_追加等号字段	控制面板类.cpp:2683	服务所在模块的内部辅助流程。	61	61
私有_追加线程显示详情	私有_追加线程显示详情	控制面板类.cpp:6405	服务所在模块的内部辅助流程。	8	8
私有_追加结果节点结果项	私有_追加结果节点结果项	方法类.cpp:469	服务所在模块的内部辅助流程。	2	2
私有_追加统计字段	私有_追加统计字段	控制面板类.cpp:2577	服务所在模块的内部辅助流程。	4	4
私有_追加自我场景存在复现项数组JSON	私有_追加自我场景存在复现项数组JSON	控制面板类.cpp:8933	服务所在模块的内部辅助流程。	2	2
私有_追加自我场景诊断区域数组JSON	私有_追加自我场景诊断区域数组JSON	控制面板类.cpp:8905	服务所在模块的内部辅助流程。	2	2
私有_追加计数	私有_追加计数	控制面板类.cpp:1004	服务所在模块的内部辅助流程。	3	3
私有_追加非零计数	私有_追加非零计数	控制面板类.cpp:991	服务所在模块的内部辅助流程。	16	16
私有_追加首节点结果项	私有_追加首节点结果项	方法类.cpp:448	服务所在模块的内部辅助流程。	6	6
私有_选择一致特征类型	私有_选择一致特征类型	方法类.cpp:593	从候选集中选择当前使用对象或方法。	3	3
私有_选择当前主任务候选_按任务优先级	私有_选择当前主任务候选_按任务优先级	自我线程模块.impl.cpp:11811	从候选集中选择当前使用对象或方法。	5	5
私有_选择当前主需求候选_按根权重	私有_选择当前主需求候选_按根权重	自我线程模块.impl.cpp:11800	从候选集中选择当前使用对象或方法。	3	3
私有_选择活动叶子需求_任务管理新链	私有_选择活动叶子需求_任务管理新链	自我线程模块.impl.cpp:5951	从候选集中选择当前使用对象或方法。	2	2
私有_选择自我场景复现宿主	私有_选择自我场景复现宿主	控制面板类.cpp:1474	从候选集中选择当前使用对象或方法。	2	2
私有_选择自我场景安全评估宿主	私有_选择自我场景安全评估宿主	控制面板类.cpp:1561	从候选集中选择当前使用对象或方法。	2	2
私有_递归释放_独立	私有_递归释放_独立	双向链表模板_深拷贝.inl:112	服务所在模块的内部辅助流程。	4	3	header_or_inline
私有_递归释放节点主信息	私有_递归释放节点主信息	基础信息类.cpp:26	递归释放节点及其子链主信息，不删除节点本身。	3	3
私有_采集任务树摘要	私有_采集任务树摘要	控制面板摘要线程模块.impl.cpp:305	服务所在模块的内部辅助流程。	2	2
私有_采集方法树摘要	私有_采集方法树摘要	控制面板摘要线程模块.impl.cpp:348	服务所在模块的内部辅助流程。	2	2
私有_采集自我线程状态槽	私有_采集自我线程状态槽	控制面板摘要线程模块.impl.cpp:463	服务所在模块的内部辅助流程。	2	2
私有_采集自检状态槽	私有_采集自检状态槽	控制面板摘要线程模块.impl.cpp:474	服务所在模块的内部辅助流程。	2	2
私有_采集运行事实状态槽	私有_采集运行事实状态槽	控制面板摘要线程模块.impl.cpp:398	执行对应模块、线程或方法的运行逻辑。	2	2
私有_采集需求树摘要	私有_采集需求树摘要	控制面板摘要线程模块.impl.cpp:254	服务所在模块的内部辅助流程。	2	2
私有_重建缓存_已加锁	私有_重建缓存_已加锁	特征值类.h:205	服务所在模块的内部辅助流程。	3	3	header_or_inline
私有_重排同任务执行前许可占用工作项	私有_重排同任务执行前许可占用工作项	任务模块.管理界面线程.impl.cpp:3446	执行任务、方法或动作的主体逻辑。	3	3
私有_间接服务维护条件集_线程侧	私有_间接服务维护条件集_线程侧	自我线程模块.impl.cpp:10339	服务所在模块的内部辅助流程。	2	2
私有_需求主键	私有_需求主键	任务模块.管理工作线程.ixx:177	服务所在模块的内部辅助流程。	13	13
私有_需求列表摘要文本	私有_需求列表摘要文本	控制面板类.cpp:4266	服务所在模块的内部辅助流程。	2	2
私有_需求列表详情节点	私有_需求列表详情节点	控制面板类.cpp:4280	服务所在模块的内部辅助流程。	4	4
私有_需求列表项排序在前	私有_需求列表项排序在前	自我线程模块.impl.cpp:9949	服务所在模块的内部辅助流程。	2	2
私有_需求动作动态特征词	私有_需求动作动态特征词	自我线程模块.impl.cpp:6209	服务所在模块的内部辅助流程。	105	105
私有_需求可作为当前候选_任务管理新链	私有_需求可作为当前候选_任务管理新链	自我线程模块.impl.cpp:5899	服务所在模块的内部辅助流程。	3	3
私有_需求可提交活动任务化意图_线程侧	私有_需求可提交活动任务化意图_线程侧	自我线程模块.impl.cpp:5906	提交事实、动态、任务状态或运行回执。	2	2
私有_需求子层摘要	私有_需求子层摘要	控制面板类.cpp:2968	服务所在模块的内部辅助流程。	2	2
私有_需求已有非终结任务_线程侧	私有_需求已有非终结任务_线程侧	自我线程模块.impl.cpp:12563	服务所在模块的内部辅助流程。	3	3
私有_需求方向_控制面板	私有_需求方向_控制面板	控制面板类.cpp:3491	服务所在模块的内部辅助流程。	3	3
私有_需求方法可用性状态文本	私有_需求方法可用性状态文本	控制面板类.cpp:3053	服务所在模块的内部辅助流程。	3	3
私有_需求是根层节点_控制面板	私有_需求是根层节点_控制面板	控制面板类.cpp:3287	服务所在模块的内部辅助流程。	3	3
私有_需求显示名_控制面板	私有_需求显示名_控制面板	控制面板类.cpp:3293	服务所在模块的内部辅助流程。	6	6
私有_需求标题	私有_需求标题	控制面板类.cpp:4079	服务所在模块的内部辅助流程。	6	6
私有_需求标题_核心	私有_需求标题_核心	控制面板类.cpp:4014	服务所在模块的内部辅助流程。	2	2
私有_需求树SQL建库脚本	私有_需求树SQL建库脚本	需求类.cpp:231	服务所在模块的内部辅助流程。	2	2
私有_需求树SQL建表脚本	私有_需求树SQL建表脚本	需求类.cpp:239	服务所在模块的内部辅助流程。	2	2
私有_需求树SQL投影互斥	私有_需求树SQL投影互斥	需求类.cpp:66	服务所在模块的内部辅助流程。	2	2
私有_需求树SQL视图脚本	私有_需求树SQL视图脚本	需求类.cpp:368	服务所在模块的内部辅助流程。	2	2
私有_需求树根_线程侧	私有_需求树根_线程侧	自我线程模块.impl.cpp:9807	服务所在模块的内部辅助流程。	2	2
私有_需求树生长离线摘要文本	私有_需求树生长离线摘要文本	鱼巢.cpp:1499	服务所在模块的内部辅助流程。	2	2
私有_需求满足情况说明_控制面板	私有_需求满足情况说明_控制面板	控制面板类.cpp:3985	服务所在模块的内部辅助流程。	2	2
私有_需求满足数量摘要	私有_需求满足数量摘要	控制面板类.cpp:1043	服务所在模块的内部辅助流程。	4	4
私有_需求满足显示状态文本_控制面板	私有_需求满足显示状态文本_控制面板	控制面板类.cpp:3811	服务所在模块的内部辅助流程。	3	3
私有_需求状态已满足_任务管理新链	私有_需求状态已满足_任务管理新链	自我线程模块.impl.cpp:5673	服务所在模块的内部辅助流程。	14	14
私有_需求状态已达	私有_需求状态已达	控制面板类.cpp:783	服务所在模块的内部辅助流程。	2	2
私有_需求目标宿主主键_控制面板	私有_需求目标宿主主键_控制面板	控制面板类.cpp:3319	服务所在模块的内部辅助流程。	4	4
私有_需求目标宿主基础节点_线程侧	私有_需求目标宿主基础节点_线程侧	自我线程模块.impl.cpp:2968	服务所在模块的内部辅助流程。	7	7
私有_需求目标特征匹配_线程侧	私有_需求目标特征匹配_线程侧	自我线程模块.impl.cpp:11486	判定需求目标是否落在指定特征类型上。用于停用历史根差距子需求时只处理 原先自动派生出的同目标子需求，避免误截止其他筹办或学...	4	4
私有_需求目标特征同名_线程侧	私有_需求目标特征同名_线程侧	自我线程模块.impl.cpp:9817	服务所在模块的内部辅助流程。	3	3
私有_需求目标特征相同	私有_需求目标特征相同	自我类.cpp:44	服务所在模块的内部辅助流程。	4	4
私有_需求目标特征类型_控制面板	私有_需求目标特征类型_控制面板	控制面板类.cpp:3281	服务所在模块的内部辅助流程。	10	10
私有_需求目标特征类型_线程侧	私有_需求目标特征类型_线程侧	自我线程模块.impl.cpp:10499	服务所在模块的内部辅助流程。	4	4
私有_需求目标特征节点_线程侧	私有_需求目标特征节点_线程侧	自我线程模块.impl.cpp:2990	服务所在模块的内部辅助流程。	7	7
私有_需求目标语义可由直接子需求聚合_线程侧	私有_需求目标语义可由直接子需求聚合_线程侧	自我线程模块.impl.cpp:5753	服务所在模块的内部辅助流程。	3	3
私有_需求目标语义视图_控制面板	私有_需求目标语义视图_控制面板	控制面板类.cpp:3102	服务所在模块的内部辅助流程。	5	5
私有_需求直接子数量	私有_需求直接子数量	需求类.cpp:113	服务所在模块的内部辅助流程。	2	2
私有_需求相关任务已终结_线程侧	私有_需求相关任务已终结_线程侧	自我线程模块.impl.cpp:5487	服务所在模块的内部辅助流程。	2	2
私有_需求类型标题	私有_需求类型标题	自我线程模块.impl.cpp:90	服务所在模块的内部辅助流程。	16	16
私有_需求结构形态文本_控制面板	私有_需求结构形态文本_控制面板	控制面板类.cpp:3109	服务所在模块的内部辅助流程。	4	4
私有_需求结构标题	私有_需求结构标题	控制面板类.cpp:4127	服务所在模块的内部辅助流程。	4	4
私有_需求结构标题_核心	私有_需求结构标题_核心	控制面板类.cpp:4103	服务所在模块的内部辅助流程。	2	2
私有_需求节点主键探测_无日志	私有_需求节点主键探测_无日志	控制面板类.cpp:812	服务所在模块的内部辅助流程。	8	8
私有_需求节点属于当前需求树_线程侧	私有_需求节点属于当前需求树_线程侧	自我线程模块.impl.cpp:2727	服务所在模块的内部辅助流程。	13	13
私有_需求节点是结构根_线程侧	私有_需求节点是结构根_线程侧	自我线程模块.impl.cpp:2502	服务所在模块的内部辅助流程。	14	14
私有_需求节点角色文本	私有_需求节点角色文本	自我线程模块.impl.cpp:11934	服务所在模块的内部辅助流程。	3	3
私有_页面摘要	私有_页面摘要	控制面板类.cpp:9282	服务所在模块的内部辅助流程。	56	56
私有_项字段键	私有_项字段键	线程生命周期消息模块.ixx:253	服务所在模块的内部辅助流程。	5	5
私有_风险安全因素兄弟入账掩码_线程侧	私有_风险安全因素兄弟入账掩码_线程侧	自我线程模块.impl.cpp:4196	服务所在模块的内部辅助流程。	2	2
私有_风险安全场景影响提交状态文本_线程侧	私有_风险安全场景影响提交状态文本_线程侧	自我线程模块.impl.cpp:920	渲染结构化状态供日志显示。	3	3
私有_饱和减	私有_饱和减	世界树类.cpp:163	服务所在模块的内部辅助流程。	21	2
私有_饱和减	私有_饱和减	特征类.cpp:148	服务所在模块的内部辅助流程。	21	11
私有_饱和减	私有_饱和减	自我类.cpp:37	服务所在模块的内部辅助流程。	21	8
私有_饱和加	私有_饱和加	特征类.cpp:140	服务所在模块的内部辅助流程。	20	9
私有_饱和加	私有_饱和加	自我类.cpp:29	服务所在模块的内部辅助流程。	20	9
私有_饱和加I64非负增量_线程侧	私有_饱和加I64非负增量_线程侧	自我线程模块.impl.cpp:4808	服务所在模块的内部辅助流程。	2	2
私有_默认任务名称词	私有_默认任务名称词	任务类.cpp:287	服务所在模块的内部辅助流程。	2	2
私有_默认任务类型词	私有_默认任务类型词	任务类.cpp:303	服务所在模块的内部辅助流程。	2	2
私有_默认允许自动召回	私有_默认允许自动召回	方法虚拟存在服务类.cpp:104	服务所在模块的内部辅助流程。	2	2
私有_默认允许默认执行	私有_默认允许默认执行	方法虚拟存在服务类.cpp:110	执行任务、方法或动作的主体逻辑。	2	2
私有_默认成熟度阶段	私有_默认成熟度阶段	方法类.cpp:757	服务所在模块的内部辅助流程。	4	2
私有_默认成熟度阶段	私有_默认成熟度阶段	方法虚拟存在服务类.cpp:94	服务所在模块的内部辅助流程。	4	2
空间候选AABB间隔	空间候选AABB间隔	自我动作实现.外设模块.ixx:10064	按函数名执行对应处理。	4	4
空间候选存在待合并邻居	空间候选存在待合并邻居	自我动作实现.外设模块.ixx:10104	按函数名执行对应处理。	2	2
空间候选最大范围跨度	空间候选最大范围跨度	自我动作实现.外设模块.ixx:10075	按函数名执行对应处理。	2	2
空间候选独立状态惩罚	空间候选独立状态惩罚	自我动作实现.外设模块.ixx:10208	按函数名执行对应处理。	2	2
空间候选范围有效	空间候选范围有效	自我动作实现.外设模块.ixx:10055	按函数名执行对应处理。	4	4
空间候选观察状态排序优先级	空间候选观察状态排序优先级	自我动作实现.外设模块.ixx:10227	按函数名执行对应处理。	3	3
空间邻近	空间邻近	双目相机本能适配器.cpp:158	按函数名执行对应处理。	2	2
立即返回失败_	立即返回失败_	动作线程类.ixx:333	按函数名执行对应处理。	3	3
等待停止	等待停止	任务模块.执行.ixx:1048	停止线程、模块或运行流程。	19	1
等待控制面板WebView2窗口关闭	等待控制面板WebView2窗口关闭	控制面板WebView2.cpp:2185	等待线程、任务、外设或条件变化。	3	1
等待控制面板窗口关闭	等待控制面板窗口关闭	控制面板类.cpp:14973	等待线程、任务、外设或条件变化。	3	1
等待线程结束	等待线程结束	动作线程类.ixx:246	等待线程、任务、外设或条件变化。	3	3
筹办_判定需求满足状态	筹办_判定需求满足状态	任务模块.筹办.ixx:797	推进任务筹办，形成候选、缺口或就绪回执。	4	4
筹办_按因果反推必要状态	筹办_按因果反推必要状态	任务模块.筹办.ixx:2154	推进任务筹办，形成候选、缺口或就绪回执。	3	3
筹办_构造需求生命周期上下文	筹办_构造需求生命周期上下文	任务模块.筹办.ixx:743	推进任务筹办，形成候选、缺口或就绪回执。	7	7
筹办_构造需求生命周期上下文	筹办_构造需求生命周期上下文	任务模块.筹办.ixx:788	推进任务筹办，形成候选、缺口或就绪回执。	7	7
筹办任务	筹办任务	任务模块.筹办.ixx:5360	推进任务筹办，形成候选、缺口或就绪回执。	12	1
筹办特征词	筹办特征词	任务模块.筹办.ixx:265	推进任务筹办，形成候选、缺口或就绪回执。	3	3
筹办缺口特征类型	筹办缺口特征类型	任务模块.筹办.ixx:5090	推进任务筹办，形成候选、缺口或就绪回执。	2	2
类型_OpenGL复现数据	类型_OpenGL复现数据	自我动作实现.外设模块.ixx:2339	按函数名执行对应处理。	2	2
类型_内部世界子候选	类型_内部世界子候选	自我动作实现.外设模块.ixx:2248	按函数名执行对应处理。	3	3
类型_内部世界子存在	类型_内部世界子存在	自我动作实现.外设模块.ixx:2255	按函数名执行对应处理。	3	3
类型_参数配对结果存在	类型_参数配对结果存在	自我动作实现.外设模块.ixx:1835	按函数名执行对应处理。	2	1
类型_参数配对结果存在	类型_参数配对结果存在	自我动作实现模块.ixx:1351	按函数名执行对应处理。	2	1
类型_可观测单位到存在映射表	类型_可观测单位到存在映射表	自我动作实现.外设模块.ixx:2290	按函数名执行对应处理。	2	2
类型_可观测单位到存在映射项	类型_可观测单位到存在映射项	自我动作实现.外设模块.ixx:2297	按函数名执行对应处理。	2	2
类型_叶子特征块存在	类型_叶子特征块存在	自我动作实现.外设模块.ixx:2262	按函数名执行对应处理。	5	5
类型_场景识别快照	类型_场景识别快照	自我动作实现.外设模块.ixx:2332	执行识别相关匹配、确认或结果输出逻辑。	2	2
类型_外设存在	类型_外设存在	自我动作实现.外设模块.ixx:17429	按函数名执行对应处理。	2	2
类型_外设观察像素簇验证结果	类型_外设观察像素簇验证结果	自我动作实现.外设模块.ixx:6804	按函数名执行对应处理。	2	2
类型_外设观察存在候选确认方案	类型_外设观察存在候选确认方案	自我动作实现.外设模块.ixx:6811	确认候选事实、存在、状态或运行结果。	3	3
类型_存在内外接口	类型_存在内外接口	自我动作实现.外设模块.ixx:2234	按函数名执行对应处理。	3	3
类型_存在局部观察切片	类型_存在局部观察切片	自我动作实现.外设模块.ixx:2241	按函数名执行对应处理。	3	3
类型_安全因果候选条目	类型_安全因果候选条目	自我动作实现.外设模块.ixx:2213	按函数名执行对应处理。	2	2
类型_安全评估存在结果	类型_安全评估存在结果	自我动作实现.外设模块.ixx:6797	评估状态、风险、质量、权重或完成度。	2	2
类型_已确认观察存在	类型_已确认观察存在	自我动作实现.外设模块.ixx:2206	确认候选事实、存在、状态或运行结果。	3	3
类型_当前场景特征值可读材料门项	类型_当前场景特征值可读材料门项	自我动作实现.外设模块.ixx:2325	按函数名执行对应处理。	2	2
类型_当前帧轮廓分区项	类型_当前帧轮廓分区项	自我动作实现.外设模块.ixx:2318	按函数名执行对应处理。	2	2
类型_当前观察范围可观测单位存在对应事实	类型_当前观察范围可观测单位存在对应事实	自我动作实现.外设模块.ixx:2283	按函数名执行对应处理。	2	2
类型_成功服务候选池	类型_成功服务候选池	自我动作实现.服务模块.ixx:493	按函数名执行对应处理。	2	2
类型_成功服务候选记录	类型_成功服务候选记录	自我动作实现.服务模块.ixx:501	记录日志、动态、证据或运行痕迹。	2	2
类型_成功服务治理视图	类型_成功服务治理视图	自我动作实现.服务模块.ixx:389	按函数名执行对应处理。	2	2
类型_扫描信息缺口	类型_扫描信息缺口	自我动作实现.扫描.ixx:761	执行扫描相关材料获取、比较或提交逻辑。	2	2
类型_扫描关注存在记录	类型_扫描关注存在记录	自我动作实现.扫描.ixx:767	记录日志、动态、证据或运行痕迹。	2	2
类型_扫描场景写入摘要记录	类型_扫描场景写入摘要记录	自我动作实现.扫描.ixx:773	把处理结果写入指定对象、场景或日志。	2	2
类型_扫描数据项处理记录	类型_扫描数据项处理记录	自我动作实现.扫描.ixx:764	记录日志、动态、证据或运行痕迹。	2	2
类型_扫描方法运行虚拟存在	类型_扫描方法运行虚拟存在	自我动作实现.扫描.ixx:758	执行对应模块、线程或方法的运行逻辑。	2	2
类型_扫描未覆盖解释记录	类型_扫描未覆盖解释记录	自我动作实现.扫描.ixx:776	记录日志、动态、证据或运行痕迹。	2	2
类型_扫描覆盖索引记录	类型_扫描覆盖索引记录	自我动作实现.扫描.ixx:770	记录日志、动态、证据或运行痕迹。	2	2
类型_方法配对结果存在	类型_方法配对结果存在	自我动作实现.外设模块.ixx:1870	按函数名执行对应处理。	2	1
类型_方法配对结果存在	类型_方法配对结果存在	自我动作实现模块.ixx:1386	按函数名执行对应处理。	2	1
类型_服务方法运行存在	类型_服务方法运行存在	自我动作实现.服务模块.ixx:845	执行对应模块、线程或方法的运行逻辑。	2	2
类型_空间候选观察事实	类型_空间候选观察事实	自我动作实现.外设模块.ixx:2192	按函数名执行对应处理。	3	3
类型_自我边界参照	类型_自我边界参照	自我动作实现.外设模块.ixx:2220	按函数名执行对应处理。	2	2
类型_观察变化事件	类型_观察变化事件	自我动作实现.外设模块.ixx:2311	按函数名执行对应处理。	2	2
类型_观察存在匹配关系	类型_观察存在匹配关系	自我动作实现.外设模块.ixx:2269	按函数名执行对应处理。	2	2
类型_观察存在发现事实	类型_观察存在发现事实	自我动作实现.外设模块.ixx:2304	按函数名执行对应处理。	2	2
类型_观察存在变化结果	类型_观察存在变化结果	自我动作实现.外设模块.ixx:2276	按函数名执行对应处理。	2	2
类型_观察诊断区域	类型_观察诊断区域	自我动作实现.外设模块.ixx:2199	按函数名执行对应处理。	3	3
类型_运行虚拟存在	类型_运行虚拟存在	自我动作实现.外设模块.ixx:1536	执行对应模块、线程或方法的运行逻辑。	4	2
类型_运行虚拟存在	类型_运行虚拟存在	自我动作实现模块.ixx:1052	执行对应模块、线程或方法的运行逻辑。	4	2
类型_需求_修复实例特征写入能力	类型_需求_修复实例特征写入能力	自我动作实现.外设模块.ixx:7140	把处理结果写入指定对象、场景或日志。	2	1
类型_需求_修复实例特征写入能力	类型_需求_修复实例特征写入能力	自我动作实现模块.ixx:2590	把处理结果写入指定对象、场景或日志。	2	1
类型_需求_实例化特征	类型_需求_实例化特征	自我动作实现.外设模块.ixx:7112	按函数名执行对应处理。	2	1
类型_需求_实例化特征	类型_需求_实例化特征	自我动作实现模块.ixx:2562	按函数名执行对应处理。	2	1
类型_需求_确定执行差值或目标值	类型_需求_确定执行差值或目标值	自我动作实现.外设模块.ixx:7126	执行任务、方法或动作的主体逻辑。	2	1
类型_需求_确定执行差值或目标值	类型_需求_确定执行差值或目标值	自我动作实现模块.ixx:2576	执行任务、方法或动作的主体逻辑。	2	1
类型_需求_确定特征当前值	类型_需求_确定特征当前值	自我动作实现.外设模块.ixx:7119	按函数名执行对应处理。	2	1
类型_需求_确定特征当前值	类型_需求_确定特征当前值	自我动作实现模块.ixx:2569	按函数名执行对应处理。	2	1
类型_需求_重新配对参数或调整目标值	类型_需求_重新配对参数或调整目标值	自我动作实现.外设模块.ixx:7133	按函数名执行对应处理。	2	1
类型_需求_重新配对参数或调整目标值	类型_需求_重新配对参数或调整目标值	自我动作实现模块.ixx:2583	按函数名执行对应处理。	2	1
索引	索引	D455相机类.cpp:264	按函数名执行对应处理。	1011	4
索引	索引	基础数据类型.h:1119	按函数名执行对应处理。	1011	8	header_or_inline
累加非负I64	累加非负I64	自我动作实现.外设模块.ixx:10344	按函数名执行对应处理。	4	4
约束服务评分	约束服务评分	自我动作实现.服务模块.ixx:2728	按函数名执行对应处理。	12	12
级别字符串	级别字符串	日志模块.ixx:274	按函数名执行对应处理。	2	2
线程函数_	线程函数_	动作线程类.ixx:369	按函数名执行对应处理。	4	4
线程状态与结果状态一致	线程状态与结果状态一致	自我线程模块.消息协议.ixx:987	按函数名执行对应处理。	3	3
线程状态特征文本	线程状态特征文本	自我线程模块.消息协议.ixx:646	按函数名执行对应处理。	3	3
线程生命周期当前时间_微秒	线程生命周期当前时间_微秒	线程生命周期消息模块.ixx:986	按函数名执行对应处理。	2	2
线程生命周期消息事件文本	线程生命周期消息事件文本	线程生命周期消息模块.ixx:971	按函数名执行对应处理。	4	4
练习	练习	自我动作实现模块.ixx:9479	按函数名执行对应处理。	232	152
练习方向转差值	练习方向转差值	自我动作实现模块.ixx:5855	按函数名执行对应处理。	2	2
练习目标形参可由练习自动生成_筹办	练习目标形参可由练习自动生成_筹办	任务模块.筹办.ixx:4028	根据当前输入生成目标数据、场景、动态或回执。	2	2
练习输入具有指定参数	练习输入具有指定参数	自我动作实现模块.ixx:5847	按函数名执行对应处理。	2	2
练习输入具有方向或目标值	练习输入具有方向或目标值	自我动作实现模块.ixx:5835	按函数名执行对应处理。	2	2
练习输入具有目标特征	练习输入具有目标特征	自我动作实现模块.ixx:5824	按函数名执行对应处理。	2	2
组合像素归属验证结果	组合像素归属验证结果	自我动作实现.外设模块.ixx:10489	按函数名执行对应处理。	5	5
组合观察存在假设	组合观察存在假设	自我动作实现.外设模块.ixx:10466	按函数名执行对应处理。	4	4
绑定	绑定	基础数据类型.h:157	建立对象、任务、方法或因果之间的绑定关系。	1340	7	header_or_inline
绑定	绑定	基础数据类型.h:164	建立对象、任务、方法或因果之间的绑定关系。	1340	7	header_or_inline
结构_COM初始化	结构_COM初始化	数据库ADO模块.cpp:128	初始化当前线程 COM 环境，兼容已用其他模型初始化的线程。	5	5
结构体_分词	结构体_分词	基础数据类型.h:465	保存分词词面和已枚举化的人类词性。	9	3	header_or_inline
结果节点信息	结果节点信息	方法主信息类.h:351	按函数名执行对应处理。	31	13	header_or_inline
结算叶子任务价值	结算叶子任务价值	自我动作实现模块.ixx:12409	结算任务、需求、价值或结果贡献。	62	15
结算叶子任务价值前提具备_筹办	结算叶子任务价值前提具备_筹办	任务模块.筹办.ixx:2293	推进任务筹办，形成候选、缺口或就绪回执。	2	2
绝对差F64I64	绝对差F64I64	自我动作实现.扫描.ixx:822	按函数名执行对应处理。	7	7
绝对差I64	绝对差I64	自我动作实现.外设模块.ixx:10041	按函数名执行对应处理。	24	23
绝对差I64	绝对差I64	自我动作实现.扫描.ixx:816	按函数名执行对应处理。	24	1
绝对差毫米	绝对差毫米	双目相机本能适配器.cpp:226	按函数名执行对应处理。	4	4
绝对相同	绝对相同	特征值主信息类.h:25	按函数名执行对应处理。	2	1	header_or_inline
统计已验证观察存在数量	统计已验证观察存在数量	自我动作实现.外设模块.ixx:10550	按函数名执行对应处理。	2	2
维护安全因果风险树常驻任务	维护安全因果风险树常驻任务	任务模块.筹办.ixx:5876	按函数名执行对应处理。	2	2
编码I64为U64	编码I64为U64	基础数据类型.h:651	按函数名执行对应处理。	11	11	header_or_inline
编码I64为U64_ZigZag	编码I64为U64_ZigZag	基础数据类型.h:634	按函数名执行对应处理。	10	10	header_or_inline
编码UTF8字符串为VecIU64	编码UTF8字符串为VecIU64	自我动作实现.外设模块.ixx:7281	按函数名执行对应处理。	2	2
编码VecI64为VecIU64	编码VecI64为VecIU64	基础数据类型.h:685	按函数名执行对应处理。	6	3	header_or_inline
编码VecI64为VecIU64_ZigZag	编码VecI64为VecIU64_ZigZag	基础数据类型.h:663	按函数名执行对应处理。	2	2	header_or_inline
自我初始化模块::执行自我初始化	执行自我初始化	自我类.初始化.cpp:247	初始化相关对象、状态或运行上下文。	6	1	member_or_public_like
自我初始化模块::读取自我初始化结果	读取自我初始化结果	自我类.初始化.cpp:373	初始化相关对象、状态或运行上下文。	9	1	member_or_public_like,contract_like
自我判断基础观察事实可用性	自我判断基础观察事实可用性	自我动作实现.外设模块.ixx:18583	判断条件、状态或业务结果是否成立。	14	3
自我判断基础观察事实可用性	自我判断基础观察事实可用性	自我动作实现.外部模块.ixx:728	判断条件、状态或业务结果是否成立。	14	4
自我判断基础观察事实可用性	自我判断基础观察事实可用性	自我动作实现模块.ixx:11351	判断条件、状态或业务结果是否成立。	14	7
自我判断空间候选相对独立性	自我判断空间候选相对独立性	自我动作实现.外设模块.ixx:26426	判断条件、状态或业务结果是否成立。	15	4
自我判断空间候选相对独立性	自我判断空间候选相对独立性	自我动作实现.外部模块.ixx:998	判断条件、状态或业务结果是否成立。	15	4
自我判断空间候选相对独立性	自我判断空间候选相对独立性	自我动作实现模块.ixx:11657	判断条件、状态或业务结果是否成立。	15	7
自我动作调试日志输出启用	自我动作调试日志输出启用	自我动作实现模块.ixx:47	按函数名执行对应处理。	4	4
自我匹配当前观察存在与历史观察存在	自我匹配当前观察存在与历史观察存在	自我动作实现.外设模块.ixx:26162	按函数名执行对应处理。	15	4
自我匹配当前观察存在与历史观察存在	自我匹配当前观察存在与历史观察存在	自我动作实现.外部模块.ixx:1133	按函数名执行对应处理。	15	4
自我匹配当前观察存在与历史观察存在	自我匹配当前观察存在与历史观察存在	自我动作实现模块.ixx:11765	按函数名执行对应处理。	15	7
自我在内部世界提取子候选	自我在内部世界提取子候选	自我动作实现.外设模块.ixx:25826	按函数名执行对应处理。	15	4
自我在内部世界提取子候选	自我在内部世界提取子候选	自我动作实现.外部模块.ixx:1070	按函数名执行对应处理。	15	4
自我在内部世界提取子候选	自我在内部世界提取子候选	自我动作实现模块.ixx:11729	按函数名执行对应处理。	15	7
自我导出OpenGL复现数据	自我导出OpenGL复现数据	自我动作实现.外设模块.ixx:26343	导出数据、文档、状态或可视化内容。	14	3
自我导出OpenGL复现数据	自我导出OpenGL复现数据	自我动作实现.外部模块.ixx:1169	导出数据、文档、状态或可视化内容。	14	4
自我导出OpenGL复现数据	自我导出OpenGL复现数据	自我动作实现模块.ixx:11801	导出数据、文档、状态或可视化内容。	14	7
自我导出当前场景识别快照	自我导出当前场景识别快照	自我动作实现.外设模块.ixx:26325	执行识别相关匹配、确认或结果输出逻辑。	15	4
自我导出当前场景识别快照	自我导出当前场景识别快照	自我动作实现.外部模块.ixx:1160	执行识别相关匹配、确认或结果输出逻辑。	15	4
自我导出当前场景识别快照	自我导出当前场景识别快照	自我动作实现模块.ixx:11792	执行识别相关匹配、确认或结果输出逻辑。	15	7
自我将存在局部观察切片映射到内部世界	自我将存在局部观察切片映射到内部世界	自我动作实现.外设模块.ixx:25808	按函数名执行对应处理。	15	4
自我将存在局部观察切片映射到内部世界	自我将存在局部观察切片映射到内部世界	自我动作实现.外部模块.ixx:1061	按函数名执行对应处理。	15	4
自我将存在局部观察切片映射到内部世界	自我将存在局部观察切片映射到内部世界	自我动作实现模块.ixx:11720	按函数名执行对应处理。	15	7
自我建立像素观察事实索引	自我建立像素观察事实索引	自我动作实现.外设模块.ixx:18248	按函数名执行对应处理。	16	5
自我建立像素观察事实索引	自我建立像素观察事实索引	自我动作实现.外部模块.ixx:683	按函数名执行对应处理。	16	4
自我建立像素观察事实索引	自我建立像素观察事实索引	自我动作实现模块.ixx:11306	按函数名执行对应处理。	16	7
自我建立存在内外场景接口	自我建立存在内外场景接口	自我动作实现.外设模块.ixx:25790	按函数名执行对应处理。	15	4
自我建立存在内外场景接口	自我建立存在内外场景接口	自我动作实现.外部模块.ixx:1052	按函数名执行对应处理。	15	4
自我建立存在内外场景接口	自我建立存在内外场景接口	自我动作实现模块.ixx:11711	按函数名执行对应处理。	15	7
自我建立最小自我边界参照	自我建立最小自我边界参照	自我动作实现.外设模块.ixx:20450	按函数名执行对应处理。	14	3
自我建立最小自我边界参照	自我建立最小自我边界参照	自我动作实现.外部模块.ixx:971	按函数名执行对应处理。	14	4
自我建立最小自我边界参照	自我建立最小自我边界参照	自我动作实现模块.ixx:11378	按函数名执行对应处理。	14	7
自我建立观察帧到自我场景接口	自我建立观察帧到自我场景接口	自我动作实现.外设模块.ixx:18112	按函数名执行对应处理。	14	3
自我建立观察帧到自我场景接口	自我建立观察帧到自我场景接口	自我动作实现.外部模块.ixx:674	按函数名执行对应处理。	14	4
自我建立观察帧到自我场景接口	自我建立观察帧到自我场景接口	自我动作实现模块.ixx:11297	按函数名执行对应处理。	14	7
自我建立观察帧存在	自我建立观察帧存在	自我动作实现.外设模块.ixx:18040	按函数名执行对应处理。	16	5
自我建立观察帧存在	自我建立观察帧存在	自我动作实现.外部模块.ixx:665	按函数名执行对应处理。	16	4
自我建立观察帧存在	自我建立观察帧存在	自我动作实现模块.ixx:11288	按函数名执行对应处理。	16	7
自我执行多帧重采样并择优	自我执行多帧重采样并择优	自我动作实现.外设模块.ixx:25430	执行任务、方法或动作的主体逻辑。	13	2
自我执行多帧重采样并择优	自我执行多帧重采样并择优	自我动作实现.外部模块.ixx:926	执行任务、方法或动作的主体逻辑。	13	4
自我执行多帧重采样并择优	自我执行多帧重采样并择优	自我动作实现模块.ixx:11603	执行任务、方法或动作的主体逻辑。	13	7
自我扫描当前场景	自我扫描当前场景	自我动作实现.扫描.ixx:1764	执行扫描相关材料获取、比较或提交逻辑。	9	2
自我扫描当前场景	自我扫描当前场景	自我动作实现模块.ixx:11459	执行扫描相关材料获取、比较或提交逻辑。	9	7
自我承接像素特征值	自我承接像素特征值	自我动作实现.外设模块.ixx:18331	按函数名执行对应处理。	15	4
自我承接像素特征值	自我承接像素特征值	自我动作实现.外部模块.ixx:692	按函数名执行对应处理。	15	4
自我承接像素特征值	自我承接像素特征值	自我动作实现模块.ixx:11315	按函数名执行对应处理。	15	7
自我按ROI重算观察质量	自我按ROI重算观察质量	自我动作实现.外设模块.ixx:25415	按函数名执行对应处理。	13	2
自我按ROI重算观察质量	自我按ROI重算观察质量	自我动作实现.外部模块.ixx:917	按函数名执行对应处理。	13	4
自我按ROI重算观察质量	自我按ROI重算观察质量	自我动作实现模块.ixx:11594	按函数名执行对应处理。	13	7
自我按像素坐标回查观察事实	自我按像素坐标回查观察事实	自我动作实现.外设模块.ixx:25509	按函数名执行对应处理。	14	3
自我按像素坐标回查观察事实	自我按像素坐标回查观察事实	自我动作实现.外部模块.ixx:962	按函数名执行对应处理。	14	4
自我按像素坐标回查观察事实	自我按像素坐标回查观察事实	自我动作实现模块.ixx:11639	按函数名执行对应处理。	14	7
自我按已确认轮廓分区当前帧	自我按已确认轮廓分区当前帧	自我动作实现.外设模块.ixx:24887	确认候选事实、存在、状态或运行结果。	14	3
自我按已确认轮廓分区当前帧	自我按已确认轮廓分区当前帧	自我动作实现.外部模块.ixx:899	确认候选事实、存在、状态或运行结果。	14	4
自我按已确认轮廓分区当前帧	自我按已确认轮廓分区当前帧	自我动作实现模块.ixx:11576	确认候选事实、存在、状态或运行结果。	14	7
自我提交目标观察约束特征组	自我提交目标观察约束特征组	自我动作实现.外设模块.ixx:21043	提交事实、动态、任务状态或运行回执。	14	3
自我提交目标观察约束特征组	自我提交目标观察约束特征组	自我动作实现.外部模块.ixx:827	提交事实、动态、任务状态或运行回执。	14	4
自我提交目标观察约束特征组	自我提交目标观察约束特征组	自我动作实现模块.ixx:11477	提交事实、动态、任务状态或运行回执。	14	7
自我提取空间候选	自我提取空间候选	自我动作实现.外设模块.ixx:26361	按函数名执行对应处理。	15	4
自我提取空间候选	自我提取空间候选	自我动作实现.外部模块.ixx:989	按函数名执行对应处理。	15	4
自我提取空间候选	自我提取空间候选	自我动作实现模块.ixx:11648	按函数名执行对应处理。	15	7
自我方法根节点_动作模块	自我方法根节点_动作模块	自我动作实现模块.ixx:5018	按函数名执行对应处理。	3	3
自我明确当前场景持续观察需求	自我明确当前场景持续观察需求	自我动作实现.外设模块.ixx:19840	按函数名执行对应处理。	14	3
自我明确当前场景持续观察需求	自我明确当前场景持续观察需求	自我动作实现.外部模块.ixx:764	按函数名执行对应处理。	14	4
自我明确当前场景持续观察需求	自我明确当前场景持续观察需求	自我动作实现模块.ixx:11405	按函数名执行对应处理。	14	7
自我明确负向影响处置需求	自我明确负向影响处置需求	自我动作实现.外设模块.ixx:20054	按函数名执行对应处理。	14	3
自我明确负向影响处置需求	自我明确负向影响处置需求	自我动作实现.外部模块.ixx:782	按函数名执行对应处理。	14	4
自我明确负向影响处置需求	自我明确负向影响处置需求	自我动作实现模块.ixx:11423	按函数名执行对应处理。	14	7
自我校验观察事实完备性	自我校验观察事实完备性	自我动作实现.外设模块.ixx:18415	按函数名执行对应处理。	15	4
自我校验观察事实完备性	自我校验观察事实完备性	自我动作实现.外部模块.ixx:701	按函数名执行对应处理。	15	4
自我校验观察事实完备性	自我校验观察事实完备性	自我动作实现模块.ixx:11324	按函数名执行对应处理。	15	7
自我比较存在特征变化	自我比较存在特征变化	自我动作实现.外设模块.ixx:26180	比较当前值、目标值或历史基准。	15	4
自我比较存在特征变化	自我比较存在特征变化	自我动作实现.外部模块.ixx:1142	比较当前值、目标值或历史基准。	15	4
自我比较存在特征变化	自我比较存在特征变化	自我动作实现模块.ixx:11774	比较当前值、目标值或历史基准。	15	7
自我特征定义类::初始化依赖语素	初始化依赖语素	自我类.特征定义.cpp:168	初始化相关对象、状态或运行上下文。	152	150	member_or_public_like
自我特征定义类::类型_任务_世界任务根	类型_任务_世界任务根	自我类.特征定义.cpp:532	按函数名执行对应处理。	7	5	member_or_public_like
自我特征定义类::类型_任务_全局优先级	类型_任务_全局优先级	自我类.特征定义.cpp:556	按函数名执行对应处理。	7	5	member_or_public_like
自我特征定义类::类型_任务_初始授权等级	类型_任务_初始授权等级	自我类.特征定义.cpp:550	按函数名执行对应处理。	7	5	member_or_public_like
自我特征定义类::类型_任务_只读状态	类型_任务_只读状态	自我类.特征定义.cpp:553	按函数名执行对应处理。	7	5	member_or_public_like
自我特征定义类::类型_任务_局部完成度	类型_任务_局部完成度	自我类.特征定义.cpp:595	按函数名执行对应处理。	8	5	member_or_public_like
自我特征定义类::类型_任务_局部运行状态	类型_任务_局部运行状态	自我类.特征定义.cpp:523	执行对应模块、线程或方法的运行逻辑。	9	5	member_or_public_like
自我特征定义类::类型_任务_已响应控制意图	类型_任务_已响应控制意图	自我类.特征定义.cpp:583	按函数名执行对应处理。	7	5	member_or_public_like
自我特征定义类::类型_任务_已派发	类型_任务_已派发	自我类.特征定义.cpp:571	派发任务、消息或运行请求。	7	5	member_or_public_like
自我特征定义类::类型_任务_当前方法	类型_任务_当前方法	自我类.特征定义.cpp:544	按函数名执行对应处理。	8	5	member_or_public_like
自我特征定义类::类型_任务_当前步骤前沿	类型_任务_当前步骤前沿	自我类.特征定义.cpp:589	按函数名执行对应处理。	7	5	member_or_public_like
自我特征定义类::类型_任务_当前阶段	类型_任务_当前阶段	自我类.特征定义.cpp:505	按函数名执行对应处理。	11	5	member_or_public_like
自我特征定义类::类型_任务_执行方法	类型_任务_执行方法	自我类.特征定义.cpp:541	执行任务、方法或动作的主体逻辑。	8	5	member_or_public_like
自我特征定义类::类型_任务_控制请求待确认	类型_任务_控制请求待确认	自我类.特征定义.cpp:586	确认候选事实、存在、状态或运行结果。	7	5	member_or_public_like
自我特征定义类::类型_任务_方法候选集	类型_任务_方法候选集	自我类.特征定义.cpp:547	按函数名执行对应处理。	9	5	member_or_public_like
自我特征定义类::类型_任务_时间预算	类型_任务_时间预算	自我类.特征定义.cpp:562	按函数名执行对应处理。	7	5	member_or_public_like
自我特征定义类::类型_任务_最近局部结果	类型_任务_最近局部结果	自我类.特征定义.cpp:592	按函数名执行对应处理。	7	5	member_or_public_like
自我特征定义类::类型_任务_来源需求	类型_任务_来源需求	自我类.特征定义.cpp:529	按函数名执行对应处理。	7	5	member_or_public_like
自我特征定义类::类型_任务_根ID	类型_任务_根ID	自我类.特征定义.cpp:526	按函数名执行对应处理。	9	5	member_or_public_like
自我特征定义类::类型_任务_父任务	类型_任务_父任务	自我类.特征定义.cpp:535	按函数名执行对应处理。	7	5	member_or_public_like
自我特征定义类::类型_任务_状态	类型_任务_状态	自我类.特征定义.cpp:511	按函数名执行对应处理。	11	5	member_or_public_like
自我特征定义类::类型_任务_等待子结果	类型_任务_等待子结果	自我类.特征定义.cpp:574	等待线程、任务、外设或条件变化。	7	5	member_or_public_like
自我特征定义类::类型_任务_等待缺口唤醒	类型_任务_等待缺口唤醒	自我类.特征定义.cpp:598	等待线程、任务、外设或条件变化。	8	5	member_or_public_like
自我特征定义类::类型_任务_管理对象任务	类型_任务_管理对象任务	自我类.特征定义.cpp:538	按函数名执行对应处理。	9	5	member_or_public_like
自我特征定义类::类型_任务_绑定工作线程	类型_任务_绑定工作线程	自我类.特征定义.cpp:568	建立对象、任务、方法或因果之间的绑定关系。	7	5	member_or_public_like
自我特征定义类::类型_任务_节点种类	类型_任务_节点种类	自我类.特征定义.cpp:517	按函数名执行对应处理。	10	5	member_or_public_like
自我特征定义类::类型_任务_角色	类型_任务_角色	自我类.特征定义.cpp:514	按函数名执行对应处理。	9	5	member_or_public_like
自我特征定义类::类型_任务_解阻加权	类型_任务_解阻加权	自我类.特征定义.cpp:559	按函数名执行对应处理。	7	5	member_or_public_like
自我特征定义类::类型_任务_请求停止	类型_任务_请求停止	自我类.特征定义.cpp:580	停止线程、模块或运行流程。	7	5	member_or_public_like
自我特征定义类::类型_任务_请求收束	类型_任务_请求收束	自我类.特征定义.cpp:577	按函数名执行对应处理。	7	5	member_or_public_like
自我特征定义类::类型_任务_资源预算	类型_任务_资源预算	自我类.特征定义.cpp:565	按函数名执行对应处理。	7	5	member_or_public_like
自我特征定义类::类型_任务_选中自我能力	类型_任务_选中自我能力	自我类.特征定义.cpp:508	按函数名执行对应处理。	9	5	member_or_public_like
自我特征定义类::类型_任务_队列状态	类型_任务_队列状态	自我类.特征定义.cpp:520	按函数名执行对应处理。	8	5	member_or_public_like
自我特征定义类::类型_任务管理_上行消息类型	类型_任务管理_上行消息类型	自我类.特征定义.cpp:685	按函数名执行对应处理。	8	5	member_or_public_like
自我特征定义类::类型_任务管理_下一步去向	类型_任务管理_下一步去向	自我类.特征定义.cpp:610	按函数名执行对应处理。	7	5	member_or_public_like
自我特征定义类::类型_任务管理_主体汇总策略	类型_任务管理_主体汇总策略	自我类.特征定义.cpp:661	按函数名执行对应处理。	7	5	member_or_public_like
自我特征定义类::类型_任务管理_任务执行记账结果	类型_任务管理_任务执行记账结果	自我类.特征定义.cpp:691	执行任务、方法或动作的主体逻辑。	9	5	member_or_public_like
自我特征定义类::类型_任务管理_分身状态	类型_任务管理_分身状态	自我类.特征定义.cpp:658	按函数名执行对应处理。	7	5	member_or_public_like
自我特征定义类::类型_任务管理_功能域	类型_任务管理_功能域	自我类.特征定义.cpp:607	按函数名执行对应处理。	7	5	member_or_public_like
自我特征定义类::类型_任务管理_原语候选来源锚点类型	类型_任务管理_原语候选来源锚点类型	自我类.特征定义.cpp:718	按函数名执行对应处理。	7	5	member_or_public_like
自我特征定义类::类型_任务管理_原语候选比较基准类型	类型_任务管理_原语候选比较基准类型	自我类.特征定义.cpp:715	比较当前值、目标值或历史基准。	7	5	member_or_public_like
自我特征定义类::类型_任务管理_原语类型	类型_任务管理_原语类型	自我类.特征定义.cpp:712	按函数名执行对应处理。	7	5	member_or_public_like
自我特征定义类::类型_任务管理_双面比较结果	类型_任务管理_双面比较结果	自我类.特征定义.cpp:652	比较当前值、目标值或历史基准。	7	5	member_or_public_like
自我特征定义类::类型_任务管理_反馈类型	类型_任务管理_反馈类型	自我类.特征定义.cpp:640	按函数名执行对应处理。	7	5	member_or_public_like
自我特征定义类::类型_任务管理_后果治理	类型_任务管理_后果治理	自我类.特征定义.cpp:655	按函数名执行对应处理。	7	5	member_or_public_like
自我特征定义类::类型_任务管理_总控结果	类型_任务管理_总控结果	自我类.特征定义.cpp:619	按函数名执行对应处理。	7	5	member_or_public_like
自我特征定义类::类型_任务管理_执行前门控结果	类型_任务管理_执行前门控结果	自我类.特征定义.cpp:637	执行任务、方法或动作的主体逻辑。	7	5	member_or_public_like
自我特征定义类::类型_任务管理_控制响应状态	类型_任务管理_控制响应状态	自我类.特征定义.cpp:700	按函数名执行对应处理。	8	5	member_or_public_like
自我特征定义类::类型_任务管理_控制意图	类型_任务管理_控制意图	自我类.特征定义.cpp:682	按函数名执行对应处理。	9	5	member_or_public_like
自我特征定义类::类型_任务管理_方法来源	类型_任务管理_方法来源	自我类.特征定义.cpp:643	按函数名执行对应处理。	7	5	member_or_public_like
自我特征定义类::类型_任务管理_方法需求位	类型_任务管理_方法需求位	自我类.特征定义.cpp:616	按函数名执行对应处理。	8	5	member_or_public_like
自我特征定义类::类型_任务管理_最小原语ID	类型_任务管理_最小原语ID	自我类.特征定义.cpp:664	按函数名执行对应处理。	7	5	member_or_public_like
自我特征定义类::类型_任务管理_本能能力缺口类型	类型_任务管理_本能能力缺口类型	自我类.特征定义.cpp:604	按函数名执行对应处理。	8	5	member_or_public_like
自我特征定义类::类型_任务管理_根层禁止原因类型	类型_任务管理_根层禁止原因类型	自我类.特征定义.cpp:634	按函数名执行对应处理。	7	5	member_or_public_like
自我特征定义类::类型_任务管理_根层结果来源类型	类型_任务管理_根层结果来源类型	自我类.特征定义.cpp:628	按函数名执行对应处理。	7	5	member_or_public_like
自我特征定义类::类型_任务管理_根层重判时机	类型_任务管理_根层重判时机	自我类.特征定义.cpp:625	按函数名执行对应处理。	7	5	member_or_public_like
自我特征定义类::类型_任务管理_根层重判结果	类型_任务管理_根层重判结果	自我类.特征定义.cpp:622	按函数名执行对应处理。	7	5	member_or_public_like
自我特征定义类::类型_任务管理_步骤位类型	类型_任务管理_步骤位类型	自我类.特征定义.cpp:646	按函数名执行对应处理。	7	5	member_or_public_like
自我特征定义类::类型_任务管理_步骤语义类型	类型_任务管理_步骤语义类型	自我类.特征定义.cpp:649	按函数名执行对应处理。	7	5	member_or_public_like
自我特征定义类::类型_任务管理_治理恢复事件处理方式	类型_任务管理_治理恢复事件处理方式	自我类.特征定义.cpp:679	按函数名执行对应处理。	7	5	member_or_public_like
自我特征定义类::类型_任务管理_治理状态迁移	类型_任务管理_治理状态迁移	自我类.特征定义.cpp:613	按函数名执行对应处理。	7	5	member_or_public_like
自我特征定义类::类型_任务管理_派生需求类型	类型_任务管理_派生需求类型	自我类.特征定义.cpp:703	按函数名执行对应处理。	8	5	member_or_public_like
自我特征定义类::类型_任务管理_目标对齐结论	类型_任务管理_目标对齐结论	自我类.特征定义.cpp:631	按函数名执行对应处理。	7	5	member_or_public_like
自我特征定义类::类型_任务管理_线程结束状态	类型_任务管理_线程结束状态	自我类.特征定义.cpp:697	按函数名执行对应处理。	8	5	member_or_public_like
自我特征定义类::类型_任务管理_线程补充特征类型	类型_任务管理_线程补充特征类型	自我类.特征定义.cpp:709	按函数名执行对应处理。	8	5	member_or_public_like
自我特征定义类::类型_任务管理_线程运行状态	类型_任务管理_线程运行状态	自我类.特征定义.cpp:694	执行对应模块、线程或方法的运行逻辑。	8	5	member_or_public_like
自我特征定义类::类型_任务管理_结果状态	类型_任务管理_结果状态	自我类.特征定义.cpp:688	按函数名执行对应处理。	9	5	member_or_public_like
自我特征定义类::类型_任务管理_缺口反馈消费策略	类型_任务管理_缺口反馈消费策略	自我类.特征定义.cpp:676	按函数名执行对应处理。	7	5	member_or_public_like
自我特征定义类::类型_任务管理_缺口承接类型	类型_任务管理_缺口承接类型	自我类.特征定义.cpp:673	按函数名执行对应处理。	7	5	member_or_public_like
自我特征定义类::类型_任务管理_缺口类型	类型_任务管理_缺口类型	自我类.特征定义.cpp:601	按函数名执行对应处理。	7	5	member_or_public_like
自我特征定义类::类型_任务管理_触发事件类型	类型_任务管理_触发事件类型	自我类.特征定义.cpp:667	按函数名执行对应处理。	7	5	member_or_public_like
自我特征定义类::类型_任务管理_触发来源	类型_任务管理_触发来源	自我类.特征定义.cpp:670	按函数名执行对应处理。	7	5	member_or_public_like
自我特征定义类::类型_任务管理_阻塞级别	类型_任务管理_阻塞级别	自我类.特征定义.cpp:706	按函数名执行对应处理。	8	5	member_or_public_like
自我特征定义类::类型_学习_信息补齐状态	类型_学习_信息补齐状态	自我类.特征定义.cpp:493	补齐条件、参数、证据或方法能力缺口。	9	5	member_or_public_like
自我特征定义类::类型_学习_因果验证状态	类型_学习_因果验证状态	自我类.特征定义.cpp:496	按函数名执行对应处理。	7	5	member_or_public_like
自我特征定义类::类型_学习_方法可靠度状态	类型_学习_方法可靠度状态	自我类.特征定义.cpp:499	按函数名执行对应处理。	7	5	member_or_public_like
自我特征定义类::类型_学习_目标状态	类型_学习_目标状态	自我类.特征定义.cpp:490	按函数名执行对应处理。	7	5	member_or_public_like
自我特征定义类::类型_学习_风险评估状态	类型_学习_风险评估状态	自我类.特征定义.cpp:502	评估状态、风险、质量、权重或完成度。	7	5	member_or_public_like
自我特征定义类::类型_工作线程_推进事件类型	类型_工作线程_推进事件类型	自我类.特征定义.cpp:742	按函数名执行对应处理。	8	5	member_or_public_like
自我特征定义类::类型_消息_优先级	类型_消息_优先级	自我类.特征定义.cpp:751	按函数名执行对应处理。	8	5	member_or_public_like
自我特征定义类::类型_消息_动作类型	类型_消息_动作类型	自我类.特征定义.cpp:754	按函数名执行对应处理。	8	5	member_or_public_like
自我特征定义类::类型_消息_处理类型	类型_消息_处理类型	自我类.特征定义.cpp:748	按函数名执行对应处理。	8	5	member_or_public_like
自我特征定义类::类型_消息_存在类型	类型_消息_存在类型	自我类.特征定义.cpp:757	按函数名执行对应处理。	8	5	member_or_public_like
自我特征定义类::类型_消息_执行尝试对账结论	类型_消息_执行尝试对账结论	自我类.特征定义.cpp:772	执行任务、方法或动作的主体逻辑。	8	5	member_or_public_like
自我特征定义类::类型_消息_执行尝试汇总状态	类型_消息_执行尝试汇总状态	自我类.特征定义.cpp:766	执行任务、方法或动作的主体逻辑。	8	5	member_or_public_like
自我特征定义类::类型_消息_执行尝试验证状态	类型_消息_执行尝试验证状态	自我类.特征定义.cpp:769	执行任务、方法或动作的主体逻辑。	8	5	member_or_public_like
自我特征定义类::类型_消息_来源链	类型_消息_来源链	自我类.特征定义.cpp:745	按函数名执行对应处理。	8	5	member_or_public_like
自我特征定义类::类型_消息_特征类型	类型_消息_特征类型	自我类.特征定义.cpp:760	按函数名执行对应处理。	8	5	member_or_public_like
自我特征定义类::类型_消息_结果状态	类型_消息_结果状态	自我类.特征定义.cpp:763	按函数名执行对应处理。	7	5	member_or_public_like
自我特征定义类::类型_线程_Tick计数	类型_线程_Tick计数	自我类.特征定义.cpp:418	按函数名执行对应处理。	9	5	member_or_public_like
自我特征定义类::类型_线程_健康状态	类型_线程_健康状态	自我类.特征定义.cpp:397	按函数名执行对应处理。	9	5	member_or_public_like
自我特征定义类::类型_线程_实际运行状态	类型_线程_实际运行状态	自我类.特征定义.cpp:394	执行对应模块、线程或方法的运行逻辑。	8	5	member_or_public_like
自我特征定义类::类型_线程_当前预算	类型_线程_当前预算	自我类.特征定义.cpp:400	按函数名执行对应处理。	7	5	member_or_public_like
自我特征定义类::类型_线程_心跳健康	类型_线程_心跳健康	自我类.特征定义.cpp:415	按函数名执行对应处理。	7	5	member_or_public_like
自我特征定义类::类型_线程_控制意图	类型_线程_控制意图	自我类.特征定义.cpp:391	按函数名执行对应处理。	8	5	member_or_public_like
自我特征定义类::类型_线程_最近Tick时间	类型_线程_最近Tick时间	自我类.特征定义.cpp:421	按函数名执行对应处理。	8	5	member_or_public_like
自我特征定义类::类型_线程_生命周期状态	类型_线程_生命周期状态	自我类.特征定义.cpp:388	按函数名执行对应处理。	10	5	member_or_public_like
自我特征定义类::类型_线程_绑定任务	类型_线程_绑定任务	自我类.特征定义.cpp:403	建立对象、任务、方法或因果之间的绑定关系。	7	5	member_or_public_like
自我特征定义类::类型_线程_运行模式	类型_线程_运行模式	自我类.特征定义.cpp:409	执行对应模块、线程或方法的运行逻辑。	8	5	member_or_public_like
自我特征定义类::类型_线程_邮箱深度	类型_线程_邮箱深度	自我类.特征定义.cpp:412	按函数名执行对应处理。	8	5	member_or_public_like
自我特征定义类::类型_线程_阻塞状态	类型_线程_阻塞状态	自我类.特征定义.cpp:406	按函数名执行对应处理。	7	5	member_or_public_like
自我特征定义类::类型_自我_可用方法数量	类型_自我_可用方法数量	自我类.特征定义.cpp:355	按函数名执行对应处理。	15	5	member_or_public_like
自我特征定义类::类型_自我_外显情绪ID	类型_自我_外显情绪ID	自我类.特征定义.cpp:346	按函数名执行对应处理。	8	5	member_or_public_like
自我特征定义类::类型_自我_外显情绪强度	类型_自我_外显情绪强度	自我类.特征定义.cpp:349	按函数名执行对应处理。	8	5	member_or_public_like
自我特征定义类::类型_自我_外设可用性	类型_自我_外设可用性	自我类.特征定义.cpp:367	按函数名执行对应处理。	8	5	member_or_public_like
自我特征定义类::类型_自我_安全值	类型_自我_安全值	自我类.特征定义.cpp:328	按函数名执行对应处理。	37	5	member_or_public_like
自我特征定义类::类型_自我_当前主任务	类型_自我_当前主任务	自我类.特征定义.cpp:361	按函数名执行对应处理。	11	5	member_or_public_like
自我特征定义类::类型_自我_当前主方法	类型_自我_当前主方法	自我类.特征定义.cpp:364	按函数名执行对应处理。	10	5	member_or_public_like
自我特征定义类::类型_自我_当前主需求	类型_自我_当前主需求	自我类.特征定义.cpp:358	按函数名执行对应处理。	13	5	member_or_public_like
自我特征定义类::类型_自我_待处理方法数量	类型_自我_待处理方法数量	自我类.特征定义.cpp:352	按函数名执行对应处理。	12	5	member_or_public_like
自我特征定义类::类型_自我_待机状态	类型_自我_待机状态	自我类.特征定义.cpp:376	按函数名执行对应处理。	12	5	member_or_public_like
自我特征定义类::类型_自我_情绪ID	类型_自我_情绪ID	自我类.特征定义.cpp:340	按函数名执行对应处理。	8	5	member_or_public_like
自我特征定义类::类型_自我_情绪强度	类型_自我_情绪强度	自我类.特征定义.cpp:343	按函数名执行对应处理。	8	5	member_or_public_like
自我特征定义类::类型_自我_方法补齐状态	类型_自我_方法补齐状态	自我类.特征定义.cpp:370	补齐条件、参数、证据或方法能力缺口。	11	5	member_or_public_like
自我特征定义类::类型_自我_时序反向步长	类型_自我_时序反向步长	自我类.特征定义.cpp:382	按函数名执行对应处理。	12	5	member_or_public_like
自我特征定义类::类型_自我_时序正向步长	类型_自我_时序正向步长	自我类.特征定义.cpp:379	按函数名执行对应处理。	12	5	member_or_public_like
自我特征定义类::类型_自我_服务值	类型_自我_服务值	自我类.特征定义.cpp:331	按函数名执行对应处理。	32	5	member_or_public_like
自我特征定义类::类型_自我_服务时序衰减步长	类型_自我_服务时序衰减步长	自我类.特征定义.cpp:385	按函数名执行对应处理。	13	5	member_or_public_like
自我特征定义类::类型_自我_物理安全	类型_自我_物理安全	自我类.特征定义.cpp:334	按函数名执行对应处理。	11	5	member_or_public_like
自我特征定义类::类型_自我_自我能力	类型_自我_自我能力	自我类.特征定义.cpp:373	按函数名执行对应处理。	8	5	member_or_public_like
自我特征定义类::类型_自我_风险安全	类型_自我_风险安全	自我类.特征定义.cpp:337	按函数名执行对应处理。	12	5	member_or_public_like
自我特征定义类::类型_自检_严重程度	类型_自检_严重程度	自我类.特征定义.cpp:463	按函数名执行对应处理。	7	5	member_or_public_like
自我特征定义类::类型_自检_任务根存在状态	类型_自检_任务根存在状态	自我类.特征定义.cpp:475	按函数名执行对应处理。	6	5	member_or_public_like
自我特征定义类::类型_自检_任务虚拟存在绑定状态	类型_自检_任务虚拟存在绑定状态	自我类.特征定义.cpp:487	建立对象、任务、方法或因果之间的绑定关系。	6	5	member_or_public_like
自我特征定义类::类型_自检_内部世界存在状态	类型_自检_内部世界存在状态	自我类.特征定义.cpp:481	按函数名执行对应处理。	6	5	member_or_public_like
自我特征定义类::类型_自检_建议需求类型	类型_自检_建议需求类型	自我类.特征定义.cpp:457	按函数名执行对应处理。	7	5	member_or_public_like
自我特征定义类::类型_自检_方法根存在状态	类型_自检_方法根存在状态	自我类.特征定义.cpp:478	按函数名执行对应处理。	6	5	member_or_public_like
自我特征定义类::类型_自检_是否建议生成需求	类型_自检_是否建议生成需求	自我类.特征定义.cpp:466	根据当前输入生成目标数据、场景、动态或回执。	7	5	member_or_public_like
自我特征定义类::类型_自检_最近提交时间	类型_自检_最近提交时间	自我类.特征定义.cpp:433	提交事实、动态、任务状态或运行回执。	8	5	member_or_public_like
自我特征定义类::类型_自检_最近检查时间	类型_自检_最近检查时间	自我类.特征定义.cpp:430	检查状态、条件、缺口或运行约束。	8	5	member_or_public_like
自我特征定义类::类型_自检_来源对象类型	类型_自检_来源对象类型	自我类.特征定义.cpp:442	按函数名执行对应处理。	7	5	member_or_public_like
自我特征定义类::类型_自检_来源方法头节点	类型_自检_来源方法头节点	自我类.特征定义.cpp:448	按函数名执行对应处理。	7	5	member_or_public_like
自我特征定义类::类型_自检_来源方法能力	类型_自检_来源方法能力	自我类.特征定义.cpp:445	按函数名执行对应处理。	7	5	member_or_public_like
自我特征定义类::类型_自检_核心状态可读写状态	类型_自检_核心状态可读写状态	自我类.特征定义.cpp:484	按函数名执行对应处理。	6	5	member_or_public_like
自我特征定义类::类型_自检_目标特征类型	类型_自检_目标特征类型	自我类.特征定义.cpp:451	按函数名执行对应处理。	7	5	member_or_public_like
自我特征定义类::类型_自检_累计发现问题数	类型_自检_累计发现问题数	自我类.特征定义.cpp:427	按函数名执行对应处理。	8	5	member_or_public_like
自我特征定义类::类型_自检_累计提交需求数	类型_自检_累计提交需求数	自我类.特征定义.cpp:424	提交事实、动态、任务状态或运行回执。	8	5	member_or_public_like
自我特征定义类::类型_自检_结构存在状态	类型_自检_结构存在状态	自我类.特征定义.cpp:469	按函数名执行对应处理。	6	5	member_or_public_like
自我特征定义类::类型_自检_缺口类型	类型_自检_缺口类型	自我类.特征定义.cpp:439	按函数名执行对应处理。	7	5	member_or_public_like
自我特征定义类::类型_自检_缺失结构类型	类型_自检_缺失结构类型	自我类.特征定义.cpp:454	按函数名执行对应处理。	7	5	member_or_public_like
自我特征定义类::类型_自检_范围	类型_自检_范围	自我类.特征定义.cpp:436	按函数名执行对应处理。	7	5	member_or_public_like
自我特征定义类::类型_自检_证据类型	类型_自检_证据类型	自我类.特征定义.cpp:460	按函数名执行对应处理。	7	5	member_or_public_like
自我特征定义类::类型_自检_需求根存在状态	类型_自检_需求根存在状态	自我类.特征定义.cpp:472	按函数名执行对应处理。	6	5	member_or_public_like
自我特征定义类::类型_运行包_动作类型	类型_运行包_动作类型	自我类.特征定义.cpp:733	执行对应模块、线程或方法的运行逻辑。	9	5	member_or_public_like
自我特征定义类::类型_运行包_包状态	类型_运行包_包状态	自我类.特征定义.cpp:721	执行对应模块、线程或方法的运行逻辑。	8	5	member_or_public_like
自我特征定义类::类型_运行包_安全子类	类型_运行包_安全子类	自我类.特征定义.cpp:730	执行对应模块、线程或方法的运行逻辑。	8	5	member_or_public_like
自我特征定义类::类型_运行包_方法沉淀样本类别	类型_运行包_方法沉淀样本类别	自我类.特征定义.cpp:739	执行对应模块、线程或方法的运行逻辑。	8	5	member_or_public_like
自我特征定义类::类型_运行包_服务子类	类型_运行包_服务子类	自我类.特征定义.cpp:727	执行对应模块、线程或方法的运行逻辑。	8	5	member_or_public_like
自我特征定义类::类型_运行包_结算结论	类型_运行包_结算结论	自我类.特征定义.cpp:736	执行对应模块、线程或方法的运行逻辑。	8	5	member_or_public_like
自我特征定义类::类型_运行包_需求大类	类型_运行包_需求大类	自我类.特征定义.cpp:724	执行对应模块、线程或方法的运行逻辑。	9	5	member_or_public_like
自我生成低置信补偿观察候选	自我生成低置信补偿观察候选	自我动作实现.外设模块.ixx:25445	根据当前输入生成目标数据、场景、动态或回执。	13	2
自我生成低置信补偿观察候选	自我生成低置信补偿观察候选	自我动作实现.外部模块.ixx:935	根据当前输入生成目标数据、场景、动态或回执。	13	4
自我生成低置信补偿观察候选	自我生成低置信补偿观察候选	自我动作实现模块.ixx:11612	根据当前输入生成目标数据、场景、动态或回执。	13	7
自我生成存在自我相对安全特征	自我生成存在自我相对安全特征	自我动作实现.外设模块.ixx:20623	根据当前输入生成目标数据、场景、动态或回执。	14	3
自我生成存在自我相对安全特征	自我生成存在自我相对安全特征	自我动作实现.外部模块.ixx:980	根据当前输入生成目标数据、场景、动态或回执。	14	4
自我生成存在自我相对安全特征	自我生成存在自我相对安全特征	自我动作实现模块.ixx:11387	根据当前输入生成目标数据、场景、动态或回执。	14	7
自我生成空间候选观察队列	自我生成空间候选观察队列	自我动作实现.外设模块.ixx:26503	根据当前输入生成目标数据、场景、动态或回执。	15	4
自我生成空间候选观察队列	自我生成空间候选观察队列	自我动作实现.外部模块.ixx:1007	根据当前输入生成目标数据、场景、动态或回执。	15	4
自我生成空间候选观察队列	自我生成空间候选观察队列	自我动作实现模块.ixx:11666	根据当前输入生成目标数据、场景、动态或回执。	15	7
自我生成观察变化事件	自我生成观察变化事件	自我动作实现.外设模块.ixx:26198	根据当前输入生成目标数据、场景、动态或回执。	14	3
自我生成观察变化事件	自我生成观察变化事件	自我动作实现.外部模块.ixx:1151	根据当前输入生成目标数据、场景、动态或回执。	14	4
自我生成观察变化事件	自我生成观察变化事件	自我动作实现模块.ixx:11783	根据当前输入生成目标数据、场景、动态或回执。	14	7
自我用空间范围投影覆盖原帧验证像素归属	自我用空间范围投影覆盖原帧验证像素归属	自我动作实现.外设模块.ixx:26663	按函数名执行对应处理。	15	4
自我用空间范围投影覆盖原帧验证像素归属	自我用空间范围投影覆盖原帧验证像素归属	自我动作实现.外部模块.ixx:1025	按函数名执行对应处理。	15	4
自我用空间范围投影覆盖原帧验证像素归属	自我用空间范围投影覆盖原帧验证像素归属	自我动作实现模块.ixx:11684	按函数名执行对应处理。	15	7
自我确保存在内部世界	自我确保存在内部世界	自我动作实现.外设模块.ixx:25772	确保目标结构、状态或前置条件存在并可用。	14	3
自我确保存在内部世界	自我确保存在内部世界	自我动作实现.外部模块.ixx:1043	确保目标结构、状态或前置条件存在并可用。	14	4
自我确保存在内部世界	自我确保存在内部世界	自我动作实现模块.ixx:11702	确保目标结构、状态或前置条件存在并可用。	14	7
自我确认内部世界子存在	自我确认内部世界子存在	自我动作实现.外设模块.ixx:25844	确认候选事实、存在、状态或运行结果。	15	4
自我确认内部世界子存在	自我确认内部世界子存在	自我动作实现.外部模块.ixx:1079	确认候选事实、存在、状态或运行结果。	15	4
自我确认内部世界子存在	自我确认内部世界子存在	自我动作实现模块.ixx:11738	确认候选事实、存在、状态或运行结果。	15	7
自我确认外设观察存在候选	自我确认外设观察存在候选	自我动作实现.外设模块.ixx:22692	确认候选事实、存在、状态或运行结果。	14	3
自我确认外设观察存在候选	自我确认外设观察存在候选	自我动作实现.外部模块.ixx:836	确认候选事实、存在、状态或运行结果。	14	4
自我确认外设观察存在候选	自我确认外设观察存在候选	自我动作实现模块.ixx:11486	确认候选事实、存在、状态或运行结果。	14	7
自我确认观察存在并更新帧解释状态	自我确认观察存在并更新帧解释状态	自我动作实现.外设模块.ixx:26747	更新已有对象、状态、索引或缓存。	12	3
自我确认观察存在并更新帧解释状态	自我确认观察存在并更新帧解释状态	自我动作实现.外部模块.ixx:1034	更新已有对象、状态、索引或缓存。	12	4
自我确认观察存在并更新帧解释状态	自我确认观察存在并更新帧解释状态	自我动作实现模块.ixx:11693	更新已有对象、状态、索引或缓存。	12	5
自我类::~自我类	~自我类	自我类.cpp:814	释放或收束对象资源。	2	1	ctor_dtor_operator,member_or_public_like
自我类::从特征恢复运行态_	从特征恢复运行态_	自我类.cpp:2095	执行对应模块、线程或方法的运行逻辑。	3	1	member_or_public_like
自我类::写入自我I64特征当前值	写入自我I64特征当前值	自我类.cpp:1038	把处理结果写入指定对象、场景或日志。	26	23	member_or_public_like
自我类::写入自我指针特征当前值	写入自我指针特征当前值	自我类.cpp:1070	把处理结果写入指定对象、场景或日志。	3	2	member_or_public_like
自我类::创建学习I64原子状态	创建学习I64原子状态	自我类.cpp:1132	创建并返回或登记对应对象。	4	1	member_or_public_like,contract_like
自我类::创建自检I64原子状态	创建自检I64原子状态	自我类.cpp:1081	创建并返回或登记对应对象。	6	1	member_or_public_like,contract_like
自我类::初始化常用抽象特征_	初始化常用抽象特征_	自我类.cpp:1998	初始化相关对象、状态或运行上下文。	3	1	member_or_public_like
自我类::初始化自我	初始化自我	自我类.cpp:822	初始化相关对象、状态或运行上下文。	15	2	member_or_public_like
自我类::初始化自我特征与默认值_	初始化自我特征与默认值_	自我类.cpp:1961	初始化相关对象、状态或运行上下文。	3	1	member_or_public_like
自我类::同步可用方法数量镜像	同步可用方法数量镜像	自我类.cpp:1729	同步线程、任务、场景或对象之间的状态。	6	2	member_or_public_like
自我类::同步运行态特征_	同步运行态特征_	自我类.cpp:2346	同步线程、任务、场景或对象之间的状态。	5	3	member_or_public_like
自我类::增加可用方法数量	增加可用方法数量	自我类.cpp:1678	按函数名执行对应处理。	7	1	member_or_public_like
自我类::安全值_上升_	安全值_上升_	自我类.cpp:2438	按函数名执行对应处理。	4	3	member_or_public_like
自我类::安全值_下降_	安全值_下降_	自我类.cpp:2449	按函数名执行对应处理。	4	3	member_or_public_like
自我类::安全值减少	安全值减少	自我类.cpp:1308	按函数名执行对应处理。	2	1	member_or_public_like
自我类::安全值增加	安全值增加	自我类.cpp:1301	按函数名执行对应处理。	2	1	member_or_public_like
自我类::安全根方向差值	安全根方向差值	自我类.cpp:987	按函数名执行对应处理。	3	1	member_or_public_like
自我类::安全稳定带上限值_	安全稳定带上限值_	自我类.cpp:1880	按函数名执行对应处理。	3	2	member_or_public_like
自我类::安全稳定带下限值_	安全稳定带下限值_	自我类.cpp:1874	按函数名执行对应处理。	4	3	member_or_public_like
自我类::已初始化	已初始化	自我类.cpp:828	初始化相关对象、状态或运行上下文。	166	36	member_or_public_like
自我类::应用安全低位回升	应用安全低位回升	自我类.cpp:1533	按函数名执行对应处理。	2	1	member_or_public_like
自我类::应用安全高位回落	应用安全高位回落	自我类.cpp:1571	按函数名执行对应处理。	2	1	member_or_public_like
自我类::应用定时衰减服务值	应用定时衰减服务值	自我类.cpp:1415	按函数名执行对应处理。	3	1	member_or_public_like
自我类::应用按双值重算服务衰减步长	应用按双值重算服务衰减步长	自我类.cpp:1449	按函数名执行对应处理。	3	1	member_or_public_like
自我类::应用按服务值重算安全减少步长	应用按服务值重算安全减少步长	自我类.cpp:1505	按函数名执行对应处理。	2	1	member_or_public_like
自我类::应用按服务值重算安全增加步长	应用按服务值重算安全增加步长	自我类.cpp:1477	按函数名执行对应处理。	2	1	member_or_public_like
自我类::应用服务归零待机保护	应用服务归零待机保护	自我类.cpp:1329	按函数名执行对应处理。	2	1	member_or_public_like
自我类::应用风险安全回归	应用风险安全回归	自我类.cpp:1609	按函数名执行对应处理。	2	1	member_or_public_like
自我类::当前活动自我	当前活动自我	自我类.cpp:1850	按函数名执行对应处理。	13	4	member_or_public_like
自我类::时序反向步长	时序反向步长	自我类.cpp:999	按函数名执行对应处理。	20	8	member_or_public_like
自我类::时序正向步长	时序正向步长	自我类.cpp:993	按函数名执行对应处理。	20	8	member_or_public_like
自我类::是否已消亡	是否已消亡	自我类.cpp:963	按函数名执行对应处理。	4	1	member_or_public_like
自我类::是否待机状态	是否待机状态	自我类.cpp:969	按函数名执行对应处理。	6	1	member_or_public_like
自我类::更新待处理方法数量	更新待处理方法数量	自我类.cpp:1646	更新已有对象、状态、索引或缓存。	5	3	member_or_public_like
自我类::更新方法补齐状态	更新方法补齐状态	自我类.cpp:1758	更新已有对象、状态、索引或缓存。	5	3	member_or_public_like
自我类::服务低位阈值_	服务低位阈值_	自我类.cpp:1862	按函数名执行对应处理。	6	5	member_or_public_like
自我类::服务值_上升_	服务值_上升_	自我类.cpp:2460	按函数名执行对应处理。	4	3	member_or_public_like
自我类::服务值_下降_	服务值_下降_	自我类.cpp:2471	按函数名执行对应处理。	4	3	member_or_public_like
自我类::服务值减少	服务值减少	自我类.cpp:1322	按函数名执行对应处理。	2	1	member_or_public_like
自我类::服务值增加	服务值增加	自我类.cpp:1315	按函数名执行对应处理。	5	1	member_or_public_like
自我类::服务时序衰减步长	服务时序衰减步长	自我类.cpp:1005	按函数名执行对应处理。	23	10	member_or_public_like
自我类::服务高位阈值_	服务高位阈值_	自我类.cpp:1868	按函数名执行对应处理。	6	5	member_or_public_like
自我类::根任务权重	根任务权重	自我类.cpp:1787	按函数名执行对应处理。	10	4	member_or_public_like
自我类::根任务权重	根任务权重	自我类.cpp:1793	按函数名执行对应处理。	10	4	member_or_public_like
自我类::根目标安全值	根目标安全值	自我类.cpp:975	按函数名执行对应处理。	6	2	member_or_public_like
自我类::根目标服务值	根目标服务值	自我类.cpp:981	按函数名执行对应处理。	3	1	member_or_public_like
自我类::生命值上限_	生命值上限_	自我类.cpp:1856	按函数名执行对应处理。	17	16	member_or_public_like
自我类::确保主链镜像已初始化_	确保主链镜像已初始化_	自我类.cpp:2181	初始化相关对象、状态或运行上下文。	3	1	member_or_public_like
自我类::确保根任务_	确保根任务_	自我类.cpp:2272	确保目标结构、状态或前置条件存在并可用。	2	1	member_or_public_like
自我类::确保根需求_	确保根需求_	自我类.cpp:2196	确保目标结构、状态或前置条件存在并可用。	4	3	member_or_public_like
自我类::确保线程子存在	确保线程子存在	自我类.cpp:884	确保目标结构、状态或前置条件存在并可用。	4	1	member_or_public_like
自我类::确保线程池存在	确保线程池存在	自我类.cpp:870	确保目标结构、状态或前置条件存在并可用。	3	2	member_or_public_like
自我类::确保自我I64特征已初始化_	确保自我I64特征已初始化_	自我类.cpp:1930	初始化相关对象、状态或运行上下文。	17	16	member_or_public_like
自我类::确保自我内部世界	确保自我内部世界	自我类.cpp:858	确保目标结构、状态或前置条件存在并可用。	30	11	member_or_public_like
自我类::确保自我内部世界_	确保自我内部世界_	自我类.cpp:1898	确保目标结构、状态或前置条件存在并可用。	7	5	member_or_public_like
自我类::确保自我存在	确保自我存在	自我类.cpp:864	确保目标结构、状态或前置条件存在并可用。	28	12	member_or_public_like
自我类::确保自我存在_	确保自我存在_	自我类.cpp:1907	确保目标结构、状态或前置条件存在并可用。	8	6	member_or_public_like
自我类::确保自我指针特征已初始化_	确保自我指针特征已初始化_	自我类.cpp:1944	初始化相关对象、状态或运行上下文。	5	4	member_or_public_like
自我类::确保自我根需求与根任务已初始化_	确保自我根需求与根任务已初始化_	自我类.cpp:2129	初始化相关对象、状态或运行上下文。	3	1	member_or_public_like
自我类::确保自我特征_	确保自我特征_	自我类.cpp:1913	确保目标结构、状态或前置条件存在并可用。	4	3	member_or_public_like
自我类::确保自我现实场景	确保自我现实场景	自我类.cpp:852	确保目标结构、状态或前置条件存在并可用。	6	3	member_or_public_like
自我类::确保自我现实场景_	确保自我现实场景_	自我类.cpp:1892	确保目标结构、状态或前置条件存在并可用。	4	2	member_or_public_like
自我类::统计结构可用方法数量	统计结构可用方法数量	自我类.cpp:1702	按函数名执行对应处理。	6	1	member_or_public_like
自我类::获取安全值	获取安全值	自我类.cpp:920	读取并返回指定对象、状态或运行材料。	17	12	member_or_public_like,contract_like
自我类::获取安全根任务	获取安全根任务	自我类.cpp:1209	读取并返回指定对象、状态或运行材料。	6	1	member_or_public_like,contract_like
自我类::获取安全根需求	获取安全根需求	自我类.cpp:1183	读取并返回指定对象、状态或运行材料。	14	2	member_or_public_like,contract_like
自我类::获取当前主任务	获取当前主任务	自我类.cpp:1245	读取并返回指定对象、状态或运行材料。	8	1	member_or_public_like,contract_like
自我类::获取当前主方法	获取当前主方法	自我类.cpp:1255	读取并返回指定对象、状态或运行材料。	2	1	member_or_public_like,contract_like
自我类::获取当前主需求	获取当前主需求	自我类.cpp:1235	读取并返回指定对象、状态或运行材料。	11	2	member_or_public_like,contract_like
自我类::获取服务值	获取服务值	自我类.cpp:928	读取并返回指定对象、状态或运行材料。	23	11	member_or_public_like,contract_like
自我类::获取服务根任务	获取服务根任务	自我类.cpp:1222	读取并返回指定对象、状态或运行材料。	3	1	member_or_public_like,contract_like
自我类::获取服务根需求	获取服务根需求	自我类.cpp:1196	读取并返回指定对象、状态或运行材料。	9	2	member_or_public_like,contract_like
自我类::获取物理安全值	获取物理安全值	自我类.cpp:936	读取并返回指定对象、状态或运行材料。	3	1	member_or_public_like,contract_like
自我类::获取自我内部世界	获取自我内部世界	自我类.cpp:840	读取并返回指定对象、状态或运行材料。	15	1	member_or_public_like,contract_like
自我类::获取自我存在	获取自我存在	自我类.cpp:846	读取并返回指定对象、状态或运行材料。	64	3	member_or_public_like,contract_like
自我类::获取自我现实场景	获取自我现实场景	自我类.cpp:834	读取并返回指定对象、状态或运行材料。	14	1	member_or_public_like,contract_like
自我类::获取风险安全值	获取风险安全值	自我类.cpp:944	读取并返回指定对象、状态或运行材料。	5	2	member_or_public_like,contract_like
自我类::计算安全减少步长_按服务值_	计算安全减少步长_按服务值_	自我类.cpp:2412	计算权重、状态、差值或派生结果。	4	3	member_or_public_like
自我类::计算安全增加步长_按服务值_	计算安全增加步长_按服务值_	自我类.cpp:2397	计算权重、状态、差值或派生结果。	4	3	member_or_public_like
自我类::计算服务衰减步长_按双值_	计算服务衰减步长_按双值_	自我类.cpp:2379	计算权重、状态、差值或派生结果。	4	3	member_or_public_like
自我类::设置当前主任务	设置当前主任务	自我类.cpp:1277	设置对象字段、状态或运行参数。	5	1	member_or_public_like,contract_like
自我类::设置当前主方法	设置当前主方法	自我类.cpp:1289	设置对象字段、状态或运行参数。	2	1	member_or_public_like,contract_like
自我类::设置当前主需求	设置当前主需求	自我类.cpp:1265	设置对象字段、状态或运行参数。	6	2	member_or_public_like,contract_like
自我类::设置服务时序衰减步长	设置服务时序衰减步长	自我类.cpp:1011	设置对象字段、状态或运行参数。	2	1	member_or_public_like,contract_like
自我类::设置物理安全值	设置物理安全值	自我类.cpp:952	设置对象字段、状态或运行参数。	3	2	member_or_public_like,contract_like
自我类::评估根需求压力	评估根需求压力	自我类.cpp:1799	评估状态、风险、质量、权重或完成度。	6	2	member_or_public_like
自我类::读取自我I64特征当前值	读取自我I64特征当前值	自我类.cpp:1022	从指定来源读取数据或状态。	25	17	member_or_public_like,contract_like
自我类::读取自我I64特征当前值_	读取自我I64特征当前值_	自我类.cpp:2426	从指定来源读取数据或状态。	6	5	member_or_public_like,contract_like
自我类::读取自我指针特征当前值	读取自我指针特征当前值	自我类.cpp:1049	从指定来源读取数据或状态。	7	5	member_or_public_like,contract_like
自我类::选择当前主需求候选_	选择当前主需求候选_	自我类.cpp:2336	从候选集中选择当前使用对象或方法。	6	2	member_or_public_like
自我类::重算时序回归步长_按当前双值_	重算时序回归步长_按当前双值_	自我类.cpp:2368	按函数名执行对应处理。	7	5	member_or_public_like
自我类::风险安全回归目标值_	风险安全回归目标值_	自我类.cpp:1886	按函数名执行对应处理。	3	2	member_or_public_like
自我线程类::~自我线程类	~自我线程类	自我线程模块.impl.cpp:13903	释放或收束对象资源。	2	1	ctor_dtor_operator,member_or_public_like
自我线程类::主循环_	主循环_	自我线程模块.impl.cpp:14712	按函数名执行对应处理。	9	2	member_or_public_like
自我线程类::停止	停止	自我线程模块.impl.cpp:14140	停止线程、模块或运行流程。	543	139	member_or_public_like
自我线程类::刷新初始化标记_已加锁	刷新初始化标记_已加锁	自我线程模块.impl.cpp:16596	初始化相关对象、状态或运行上下文。	3	2	member_or_public_like
自我线程类::刷新治理恢复事件镜像_已加锁	刷新治理恢复事件镜像_已加锁	自我线程模块.impl.cpp:16603	按函数名执行对应处理。	10	9	member_or_public_like
自我线程类::启动	启动	自我线程模块.impl.cpp:14033	启动线程、模块或运行流程。	754	42	member_or_public_like
自我线程类::处理任务满足反馈	处理任务满足反馈	自我线程模块.impl.cpp:14323	按函数名执行对应处理。	9	7	member_or_public_like
自我线程类::处理任务满足反馈	处理任务满足反馈	自我线程模块.impl.cpp:14355	按函数名执行对应处理。	9	7	member_or_public_like
自我线程类::尝试抢占落账观察事实承接	尝试抢占落账观察事实承接	自我线程模块.impl.cpp:15105	按函数名执行对应处理。	2	1	member_or_public_like
自我线程类::执行主循环一轮_	执行主循环一轮_	自我线程模块.impl.cpp:14823	执行任务、方法或动作的主体逻辑。	3	2	member_or_public_like
自我线程类::执行休眠期自检报告修复门控_	执行休眠期自检报告修复门控_	自我线程模块.impl.cpp:14654	执行任务、方法或动作的主体逻辑。	3	2	member_or_public_like
自我线程类::投递治理消息	投递治理消息	自我线程模块.impl.cpp:14419	按函数名执行对应处理。	5	4	member_or_public_like
自我线程类::抢占审批执行前许可_	抢占审批执行前许可_	自我线程模块.impl.cpp:15145	执行任务、方法或动作的主体逻辑。	10	9	member_or_public_like
自我线程类::抢占落账任务管理成功结果_	抢占落账任务管理成功结果_	自我线程模块.impl.cpp:15238	按函数名执行对应处理。	10	9	member_or_public_like
自我线程类::抢占落账任务管理派生需求_	抢占落账任务管理派生需求_	自我线程模块.impl.cpp:15336	按函数名执行对应处理。	10	9	member_or_public_like
自我线程类::抢占落账观察事实承接_	抢占落账观察事实承接_	自我线程模块.impl.cpp:15434	按函数名执行对应处理。	10	9	member_or_public_like
自我线程类::故障收口_已加锁	故障收口_已加锁	自我线程模块.impl.cpp:16629	按函数名执行对应处理。	6	5	member_or_public_like
自我线程类::是否健康运行	是否健康运行	自我线程模块.impl.cpp:14173	执行对应模块、线程或方法的运行逻辑。	9	1	member_or_public_like
自我线程类::是否初始化完成	是否初始化完成	自我线程模块.impl.cpp:14166	初始化相关对象、状态或运行上下文。	4	1	member_or_public_like
自我线程类::是否本次启动来自故障恢复	是否本次启动来自故障恢复	自我线程模块.impl.cpp:14187	启动线程、模块或运行流程。	4	1	member_or_public_like
自我线程类::是否运行中	是否运行中	自我线程模块.impl.cpp:14160	执行对应模块、线程或方法的运行逻辑。	9	1	member_or_public_like
自我线程类::是否首轮运行已完成	是否首轮运行已完成	自我线程模块.impl.cpp:14180	执行对应模块、线程或方法的运行逻辑。	4	1	member_or_public_like
自我线程类::步骤_冻结本轮消息批次_	步骤_冻结本轮消息批次_	自我线程模块.impl.cpp:14950	按函数名执行对应处理。	3	2	member_or_public_like
自我线程类::步骤_刷新线程上下文并生成治理帧_	步骤_刷新线程上下文并生成治理帧_	自我线程模块.impl.cpp:15936	根据当前输入生成目标数据、场景、动态或回执。	3	2	member_or_public_like
自我线程类::步骤_整理需求并做根层重判_	步骤_整理需求并做根层重判_	自我线程模块.impl.cpp:16020	按函数名执行对应处理。	3	2	member_or_public_like
自我线程类::步骤_生成并执行主派发决议_	步骤_生成并执行主派发决议_	自我线程模块.impl.cpp:16266	根据当前输入生成目标数据、场景、动态或回执。	3	2	member_or_public_like
自我线程类::步骤_规范化消息并落一次特征账_	步骤_规范化消息并落一次特征账_	自我线程模块.impl.cpp:14974	按函数名执行对应处理。	7	6	member_or_public_like
自我线程类::步骤_重算受影响二次特征_	步骤_重算受影响二次特征_	自我线程模块.impl.cpp:15525	按函数名执行对应处理。	3	2	member_or_public_like
自我线程类::等待停止	等待停止	自我线程模块.impl.cpp:14128	停止线程、模块或运行流程。	19	2	member_or_public_like
自我线程类::自我初始化	自我初始化	自我线程模块.impl.cpp:13909	初始化相关对象、状态或运行上下文。	109	11	member_or_public_like
自我线程类::记录自检报告待处理_	记录自检报告待处理_	自我线程模块.impl.cpp:14529	记录日志、动态、证据或运行痕迹。	3	2	member_or_public_like
自我线程类::请求停止	请求停止	自我线程模块.impl.cpp:14099	停止线程、模块或运行流程。	39	6	member_or_public_like
自我线程类::请求观察事实承接轻量唤醒	请求观察事实承接轻量唤醒	自我线程模块.impl.cpp:15126	唤醒等待中的任务、线程或治理链。	3	2	member_or_public_like
自我线程类::读取Tick计数	读取Tick计数	自我线程模块.impl.cpp:14218	从指定来源读取数据或状态。	3	1	member_or_public_like,contract_like
自我线程类::读取最近主派发输出快照	读取最近主派发输出快照	自我线程模块.impl.cpp:14302	从指定来源读取数据或状态。	3	1	member_or_public_like,contract_like
自我线程类::读取最近关键中间状态分组快照	读取最近关键中间状态分组快照	自我线程模块.impl.cpp:14405	从指定来源读取数据或状态。	3	1	member_or_public_like,contract_like
自我线程类::读取最近双值结算账快照	读取最近双值结算账快照	自我线程模块.impl.cpp:14376	从指定来源读取数据或状态。	3	1	member_or_public_like,contract_like
自我线程类::读取最近回流结算列表快照	读取最近回流结算列表快照	自我线程模块.impl.cpp:14398	从指定来源读取数据或状态。	3	1	member_or_public_like,contract_like
自我线程类::读取最近恢复请求分组快照	读取最近恢复请求分组快照	自我线程模块.impl.cpp:14390	从指定来源读取数据或状态。	3	1	member_or_public_like,contract_like
自我线程类::读取最近最终去向	读取最近最终去向	自我线程模块.impl.cpp:14211	从指定来源读取数据或状态。	3	1	member_or_public_like,contract_like
自我线程类::读取最近结算治理输出快照	读取最近结算治理输出快照	自我线程模块.impl.cpp:14316	从指定来源读取数据或状态。	3	1	member_or_public_like,contract_like
自我线程类::读取最近缺口恢复接口快照	读取最近缺口恢复接口快照	自我线程模块.impl.cpp:14383	从指定来源读取数据或状态。	4	1	member_or_public_like,contract_like
自我线程类::读取最近自检报告修复治理快照	读取最近自检报告修复治理快照	自我线程模块.impl.cpp:14412	从指定来源读取数据或状态。	3	1	member_or_public_like,contract_like
自我线程类::读取最近运行阶段	读取最近运行阶段	自我线程模块.impl.cpp:14201	从指定来源读取数据或状态。	3	1	member_or_public_like,contract_like
自我线程类::读取最近队列治理输出快照	读取最近队列治理输出快照	自我线程模块.impl.cpp:14309	从指定来源读取数据或状态。	3	1	member_or_public_like,contract_like
自我线程类::读取最近需求与权重治理输出快照	读取最近需求与权重治理输出快照	自我线程模块.impl.cpp:14295	从指定来源读取数据或状态。	3	1	member_or_public_like,contract_like
自我线程类::读取生命周期状态	读取生命周期状态	自我线程模块.impl.cpp:14194	从指定来源读取数据或状态。	12	1	member_or_public_like,contract_like
自我线程类::读取累计恢复次数	读取累计恢复次数	自我线程模块.impl.cpp:14232	从指定来源读取数据或状态。	4	1	member_or_public_like,contract_like
自我线程类::读取累计故障次数	读取累计故障次数	自我线程模块.impl.cpp:14225	从指定来源读取数据或状态。	4	1	member_or_public_like,contract_like
自我线程类::读取自我线程最小状态快照	读取自我线程最小状态快照	自我线程模块.impl.cpp:14239	从指定来源读取数据或状态。	8	3	member_or_public_like,contract_like
自我线程类::配置	配置	自我线程模块.impl.cpp:14517	按函数名执行对应处理。	165	7	member_or_public_like
自我线程类::配置	配置	自我线程模块.impl.cpp:14523	按函数名执行对应处理。	165	7	member_or_public_like
自我补观察质量占位方法	自我补观察质量占位方法	自我动作实现.外设模块.ixx:25083	按函数名执行对应处理。	9	9
自我观察单个空间候选并组合存在假设	自我观察单个空间候选并组合存在假设	自我动作实现.外设模块.ixx:26581	按函数名执行对应处理。	15	4
自我观察单个空间候选并组合存在假设	自我观察单个空间候选并组合存在假设	自我动作实现.外部模块.ixx:1016	按函数名执行对应处理。	15	4
自我观察单个空间候选并组合存在假设	自我观察单个空间候选并组合存在假设	自我动作实现模块.ixx:11675	按函数名执行对应处理。	15	7
自我评估观察帧质量	自我评估观察帧质量	自我动作实现.外设模块.ixx:18499	评估状态、风险、质量、权重或完成度。	15	4
自我评估观察帧质量	自我评估观察帧质量	自我动作实现.外部模块.ixx:710	评估状态、风险、质量、权重或完成度。	15	4
自我评估观察帧质量	自我评估观察帧质量	自我动作实现模块.ixx:11333	评估状态、风险、质量、权重或完成度。	15	7
自我识别外设观察材料	自我识别外设观察材料	自我动作实现.外设模块.ixx:21311	执行识别相关匹配、确认或结果输出逻辑。	14	3
自我识别外设观察材料	自我识别外设观察材料	自我动作实现.外部模块.ixx:809	执行识别相关匹配、确认或结果输出逻辑。	14	4
自我识别外设观察材料	自我识别外设观察材料	自我动作实现模块.ixx:11450	执行识别相关匹配、确认或结果输出逻辑。	14	7
自我诊断观察质量缺口并派生补观察需求	自我诊断观察质量缺口并派生补观察需求	自我动作实现.外设模块.ixx:25163	按函数名执行对应处理。	14	3
自我诊断观察质量缺口并派生补观察需求	自我诊断观察质量缺口并派生补观察需求	自我动作实现.外部模块.ixx:719	按函数名执行对应处理。	14	4
自我诊断观察质量缺口并派生补观察需求	自我诊断观察质量缺口并派生补观察需求	自我动作实现模块.ixx:11342	按函数名执行对应处理。	14	7
自我读取自我关键特征变化	自我读取自我关键特征变化	自我动作实现.外设模块.ixx:20283	从指定来源读取数据或状态。	14	3
自我读取自我关键特征变化	自我读取自我关键特征变化	自我动作实现.外部模块.ixx:746	从指定来源读取数据或状态。	14	4
自我读取自我关键特征变化	自我读取自我关键特征变化	自我动作实现模块.ixx:11369	从指定来源读取数据或状态。	14	7
自我调整外设观察姿态	自我调整外设观察姿态	自我动作实现.外设模块.ixx:25460	按函数名执行对应处理。	13	2
自我调整外设观察姿态	自我调整外设观察姿态	自我动作实现.外部模块.ixx:944	按函数名执行对应处理。	13	4
自我调整外设观察姿态	自我调整外设观察姿态	自我动作实现模块.ixx:11621	按函数名执行对应处理。	13	7
自我调整相机参数并重采样	自我调整相机参数并重采样	自我动作实现.外设模块.ixx:25400	按函数名执行对应处理。	13	2
自我调整相机参数并重采样	自我调整相机参数并重采样	自我动作实现.外部模块.ixx:908	按函数名执行对应处理。	13	4
自我调整相机参数并重采样	自我调整相机参数并重采样	自我动作实现模块.ixx:11585	按函数名执行对应处理。	13	7
自我调整观察位置	自我调整观察位置	自我动作实现.外设模块.ixx:25475	按函数名执行对应处理。	13	2
自我调整观察位置	自我调整观察位置	自我动作实现.外部模块.ixx:953	按函数名执行对应处理。	13	4
自我调整观察位置	自我调整观察位置	自我动作实现模块.ixx:11630	按函数名执行对应处理。	13	7
自我跟踪指定存在	自我跟踪指定存在	自我动作实现.外设模块.ixx:21808	执行跟踪相关定位、匹配或结果输出逻辑。	14	3
自我跟踪指定存在	自我跟踪指定存在	自我动作实现.外部模块.ixx:818	执行跟踪相关定位、匹配或结果输出逻辑。	14	4
自我跟踪指定存在	自我跟踪指定存在	自我动作实现模块.ixx:11468	执行跟踪相关定位、匹配或结果输出逻辑。	14	7
自我边界坐标分量转I64	自我边界坐标分量转I64	自我动作实现.外设模块.ixx:6056	按函数名执行对应处理。	4	4
自我边界坐标转I64三元	自我边界坐标转I64三元	自我动作实现.外设模块.ixx:6077	按函数名执行对应处理。	2	2
自我递归细分存在内部世界	自我递归细分存在内部世界	自我动作实现.外设模块.ixx:26027	按函数名执行对应处理。	14	3
自我递归细分存在内部世界	自我递归细分存在内部世界	自我动作实现.外部模块.ixx:1124	按函数名执行对应处理。	14	4
自我递归细分存在内部世界	自我递归细分存在内部世界	自我动作实现模块.ixx:11756	按函数名执行对应处理。	14	7
自我验证外设观察像素簇候选	自我验证外设观察像素簇候选	自我动作实现.外设模块.ixx:22261	按函数名执行对应处理。	14	3
自我验证外设观察像素簇候选	自我验证外设观察像素簇候选	自我动作实现.外部模块.ixx:800	按函数名执行对应处理。	14	4
自我验证外设观察像素簇候选	自我验证外设观察像素簇候选	自我动作实现模块.ixx:11441	按函数名执行对应处理。	14	7
自检线程模式文本	自检线程模式文本	自检线程模块.impl.cpp:1404	按函数名执行对应处理。	3	1
自检线程生命周期文本	自检线程生命周期文本	自检线程模块.impl.cpp:1390	按函数名执行对应处理。	3	1
自检线程类::~自检线程类	~自检线程类	自检线程模块.impl.cpp:1420	释放或收束对象资源。	2	1	ctor_dtor_operator,member_or_public_like
自检线程类::主循环_	主循环_	自检线程模块.impl.cpp:1581	按函数名执行对应处理。	9	2	member_or_public_like
自检线程类::启动	启动	自检线程模块.impl.cpp:1427	启动线程、模块或运行流程。	754	21	member_or_public_like
自检线程类::执行休眠期自检_	执行休眠期自检_	自检线程模块.impl.cpp:1977	执行任务、方法或动作的主体逻辑。	3	2	member_or_public_like
自检线程类::执行运行中自检_	执行运行中自检_	自检线程模块.impl.cpp:1708	执行对应模块、线程或方法的运行逻辑。	3	2	member_or_public_like
自检线程类::是否健康运行	是否健康运行	自检线程模块.impl.cpp:1526	执行对应模块、线程或方法的运行逻辑。	9	2	member_or_public_like
自检线程类::等待停止	等待停止	自检线程模块.impl.cpp:1507	停止线程、模块或运行流程。	19	3	member_or_public_like
自检线程类::记录事件_已加锁	记录事件_已加锁	自检线程模块.impl.cpp:1570	记录日志、动态、证据或运行痕迹。	24	23	member_or_public_like
自检线程类::请求休眠期自检	请求休眠期自检	自检线程模块.impl.cpp:1515	按函数名执行对应处理。	7	3	member_or_public_like
自检线程类::请求停止	请求停止	自检线程模块.impl.cpp:1491	停止线程、模块或运行流程。	39	3	member_or_public_like
自检线程类::读取摘要	读取摘要	自检线程模块.impl.cpp:1540	从指定来源读取数据或状态。	3	2	member_or_public_like,contract_like
自检线程类::读取生命周期状态	读取生命周期状态	自检线程模块.impl.cpp:1533	从指定来源读取数据或状态。	12	2	member_or_public_like,contract_like
节点属于独立树_已加锁	节点属于独立树_已加锁	需求类.h:721	按函数名执行对应处理。	2	2	header_or_inline
节点种类	节点种类	方法主信息类.h:272	按函数名执行对应处理。	367	23	header_or_inline
范围轴重叠率	范围轴重叠率	自我动作实现.外设模块.ixx:14499	按函数名执行对应处理。	4	4
范数	范数	基础数据类型.h:897	按函数名执行对应处理。	2	2	header_or_inline
获取	获取	基础数据类型.h:143	读取并返回指定对象、状态或运行材料。	2001	3	header_or_inline,contract_like
获取主键	获取主键	双向链表模板核心.h:54	读取并返回指定对象、状态或运行材料。	1142	3	header_or_inline,contract_like
获取主键	获取主键	双向链表模板核心.h:244	读取并返回指定对象、状态或运行材料。	1142	3	header_or_inline,contract_like
获取全局外设线程_D455深度相机	获取全局外设线程_D455深度相机	外设线程_D455深度相机.ixx:3405	读取并返回指定对象、状态或运行材料。	7	5	contract_like
获取全局控制面板摘要线程	获取全局控制面板摘要线程	控制面板摘要线程模块.impl.cpp:692	读取并返回指定对象、状态或运行材料。	8	5	contract_like
获取全局自我线程	获取全局自我线程	自我线程模块.impl.cpp:16641	读取并返回指定对象、状态或运行材料。	14	9	contract_like
获取全局自检线程	获取全局自检线程	自检线程模块.impl.cpp:2115	读取并返回指定对象、状态或运行材料。	7	6	contract_like
获取基础信息集	获取基础信息集	基础信息类.cpp:408	读取并返回指定对象、状态或运行材料。	42	1	contract_like
获取度量默认刻度_由链键	获取度量默认刻度_由链键	度量模板注册表桥接.cpp:64	读取并返回指定对象、状态或运行材料。	3	1	contract_like
获取或创建_已加锁	获取或创建_已加锁	特征值类.h:133	创建并返回或登记对应对象。	4	4	header_or_inline,contract_like
获取或创建_已加锁	获取或创建_已加锁	特征值类.h:156	创建并返回或登记对应对象。	4	4	header_or_inline,contract_like
获取或抛	获取或抛	度量模板注册表类.ixx:127	读取并返回指定对象、状态或运行材料。	1	1	contract_like
获取控制面板WebView2启动诊断码	获取控制面板WebView2启动诊断码	控制面板WebView2.cpp:2197	读取并返回指定对象、状态或运行材料。	3	1	contract_like
获取控制面板启动诊断码	获取控制面板启动诊断码	控制面板类.cpp:14979	读取并返回指定对象、状态或运行材料。	3	1	contract_like
获取新主键	获取新主键	双向链表模板核心.h:173	读取并返回指定对象、状态或运行材料。	3	3	header_or_inline,contract_like
获取最近轮廓观测	获取最近轮廓观测	D455相机类.cpp:232	读取并返回指定对象、状态或运行材料。	4	3	contract_like
获取独立树根_已加锁	获取独立树根_已加锁	需求类.h:693	读取并返回指定对象、状态或运行材料。	4	3	header_or_inline,contract_like
获取线程状态变化消息段	获取线程状态变化消息段	自我线程模块.消息协议.ixx:734	读取并返回指定对象、状态或运行材料。	3	2	contract_like
获取读锁	获取读锁	双向链表模板核心.h:169	读取并返回指定对象、状态或运行材料。	19	1	header_or_inline,contract_like
获取配置	获取配置	D455相机类.cpp:192	读取并返回指定对象、状态或运行材料。	4	3	contract_like
获取锁	获取锁	双向链表模板核心.h:166	读取并返回指定对象、状态或运行材料。	11	1	header_or_inline,contract_like
补全当前观察新鲜度状态	补全当前观察新鲜度状态	自我动作实现.外设模块.ixx:9482	按函数名执行对应处理。	2	2
补齐外设观察报告ID输入参数_筹办	补齐外设观察报告ID输入参数_筹办	任务模块.筹办.ixx:4170	推进任务筹办，形成候选、缺口或就绪回执。	2	2
补齐安全因果搜索输入参数_筹办	补齐安全因果搜索输入参数_筹办	任务模块.筹办.ixx:4284	在候选范围内搜索目标对象或路径。	2	2
裁决批次执行去向	裁决批次执行去向	自我线程模块.消息批次执行器.ixx:323	执行任务、方法或动作的主体逻辑。	3	2
观察事实布尔状态	观察事实布尔状态	自我动作实现.外设模块.ixx:9476	按函数名执行对应处理。	10	10
观察变化关系键	观察变化关系键	自我动作实现.外设模块.ixx:14624	按函数名执行对应处理。	4	4
观察存在候选已验证	观察存在候选已验证	自我动作实现.外设模块.ixx:10536	按函数名执行对应处理。	5	5
观察存在归属证据通过	观察存在归属证据通过	自我动作实现.外设模块.ixx:10526	按函数名执行对应处理。	2	2
观察存在空间证据通过	观察存在空间证据通过	自我动作实现.外设模块.ixx:10517	按函数名执行对应处理。	2	2
观察材料等级文本	观察材料等级文本	外设观察报告队列.ixx:1894	按函数名执行对应处理。	11	3
观察簇投影可形成平面轮廓	观察簇投影可形成平面轮廓	自我动作实现.外设模块.ixx:7311	按函数名执行对应处理。	4	4
观察簇空间范围可形成极值轮廓	观察簇空间范围可形成极值轮廓	自我动作实现.外设模块.ixx:7320	按函数名执行对应处理。	4	4
解析D455观察材料句柄	解析D455观察材料句柄	外设观察报告队列.ixx:2613	解析输入文本、消息、场景或运行包。	16	2
解析任务来源因果信息_筹办	解析任务来源因果信息_筹办	任务模块.筹办.ixx:4235	解析输入文本、消息、场景或运行包。	3	3
解析任务目标方法	解析任务目标方法	任务模块.筹办.ixx:5032	解析输入文本、消息、场景或运行包。	2	2
解析历史观察存在	解析历史观察存在	自我动作实现.外设模块.ixx:14432	解析输入文本、消息、场景或运行包。	2	2
解析双目相机目标外设	解析双目相机目标外设	自我动作实现.外设模块.ixx:17465	解析输入文本、消息、场景或运行包。	33	33
解析双目相机目标宿主	解析双目相机目标宿主	自我动作实现.外设模块.ixx:17485	解析输入文本、消息、场景或运行包。	50	50
解析因果信息节点_筹办	解析因果信息节点_筹办	任务模块.筹办.ixx:4229	解析输入文本、消息、场景或运行包。	2	2
解析实例特征命中抽象特征	解析实例特征命中抽象特征	自我动作实现模块.ixx:5302	解析输入文本、消息、场景或运行包。	10	2
解析当前观察存在	解析当前观察存在	自我动作实现.外设模块.ixx:14414	解析输入文本、消息、场景或运行包。	5	5
解析控制面板命令行	解析控制面板命令行	控制面板类.cpp:14991	解析输入文本、消息、场景或运行包。	3	1
解析方法执行条件节点	解析方法执行条件节点	自我动作实现.外设模块.ixx:9045	解析输入文本、消息、场景或运行包。	5	2
解析方法执行条件节点	解析方法执行条件节点	自我动作实现模块.ixx:4139	解析输入文本、消息、场景或运行包。	5	3
解析条件项视图	解析条件项视图	自我动作实现模块.ixx:4636	解析输入文本、消息、场景或运行包。	2	2
解析特征引用_筹办查询	解析特征引用_筹办查询	任务模块.筹办.ixx:1173	解析输入文本、消息、场景或运行包。	2	2
解析目标方法指针_动作模块	解析目标方法指针_动作模块	自我动作实现模块.ixx:5105	解析输入文本、消息、场景或运行包。	7	7
解析目标观察存在	解析目标观察存在	自我动作实现.外设模块.ixx:13865	解析输入文本、消息、场景或运行包。	5	5
解码U64为I64	解码U64为I64	基础数据类型.h:657	按函数名执行对应处理。	6	6	header_or_inline
解码U64为I64_ZigZag	解码U64为I64_ZigZag	基础数据类型.h:642	按函数名执行对应处理。	5	5	header_or_inline
解码VecIU64为VecI64	解码VecIU64为VecI64	基础数据类型.h:691	按函数名执行对应处理。	5	3	header_or_inline
解码VecIU64为VecI64_ZigZag	解码VecIU64为VecI64_ZigZag	基础数据类型.h:674	按函数名执行对应处理。	2	2	header_or_inline
计算TTL毫秒	计算TTL毫秒	自我动作实现.扫描.ixx:887	计算权重、状态、差值或派生结果。	3	3
计算临时因果层级权重_百万分比	计算临时因果层级权重_百万分比	任务模块.筹办.ixx:1117	计算权重、状态、差值或派生结果。	3	3
计算偏差_实际减基准	计算偏差_实际减基准	动作验证报告类.h:116	计算权重、状态、差值或派生结果。	4	4	header_or_inline
计算全帧像素归属账本	计算全帧像素归属账本	自我动作实现.外设模块.ixx:11336	计算权重、状态、差值或派生结果。	2	2
计算匹配置信度	计算匹配置信度	自我动作实现.外设模块.ixx:14561	计算权重、状态、差值或派生结果。	2	2
计算场景坐标换算置信度	计算场景坐标换算置信度	自我动作实现.外设模块.ixx:13050	计算权重、状态、差值或派生结果。	2	2
计算场景评估安全值候选	计算场景评估安全值候选	自我动作实现.外设模块.ixx:394	评估状态、风险、质量、权重或完成度。	2	2
计算外设观察存在多帧派生状态	计算外设观察存在多帧派生状态	自我动作实现.外设模块.ixx:12339	计算权重、状态、差值或派生结果。	2	2
计算外设观察存在报告派生状态	计算外设观察存在报告派生状态	自我动作实现.外设模块.ixx:12481	计算权重、状态、差值或派生结果。	3	3
计算外设逐簇报告候选验证状态	计算外设逐簇报告候选验证状态	自我动作实现.外设模块.ixx:12524	计算权重、状态、差值或派生结果。	2	2
计算子需求平分权重	计算子需求平分权重	需求类.h:565	计算权重、状态、差值或派生结果。	2	2	header_or_inline
计算子需求平分权重	计算子需求平分权重	需求类.h:579	计算权重、状态、差值或派生结果。	2	2	header_or_inline
计算子需求权重	计算子需求权重	需求类.h:534	计算权重、状态、差值或派生结果。	5	4	header_or_inline
计算存在中心坐标差	计算存在中心坐标差	自我动作实现.外设模块.ixx:14519	计算权重、状态、差值或派生结果。	2	2
计算存在尺寸差	计算存在尺寸差	自我动作实现.外设模块.ixx:14530	计算权重、状态、差值或派生结果。	2	2
计算存在轮廓差	计算存在轮廓差	自我动作实现.外设模块.ixx:14541	计算权重、状态、差值或派生结果。	2	2
计算当前帧分区结果区域归属原因掩码	计算当前帧分区结果区域归属原因掩码	自我动作实现.外设模块.ixx:10902	计算权重、状态、差值或派生结果。	2	2
计算当前帧分区结果区域归属状态	计算当前帧分区结果区域归属状态	自我动作实现.外设模块.ixx:10871	计算权重、状态、差值或派生结果。	2	2
计算当前帧分区项区域归属原因掩码	计算当前帧分区项区域归属原因掩码	自我动作实现.外设模块.ixx:10853	计算权重、状态、差值或派生结果。	3	3
计算当前帧分区项区域归属状态	计算当前帧分区项区域归属状态	自我动作实现.外设模块.ixx:10835	计算权重、状态、差值或派生结果。	2	2
计算恢复事件处理方式	计算恢复事件处理方式	自我线程模块.消息协议.ixx:1291	计算权重、状态、差值或派生结果。	3	2
计算成功服务lambda候选	计算成功服务lambda候选	自我动作实现.服务模块.ixx:3528	计算权重、状态、差值或派生结果。	2	2
计算成功服务值饱和入账	计算成功服务值饱和入账	自我动作实现.服务模块.ixx:3550	计算权重、状态、差值或派生结果。	2	1
计算执行前门控结果	计算执行前门控结果	自我线程模块.消息批次执行器.ixx:254	计算权重、状态、差值或派生结果。	3	3
计算投影轮廓状态	计算投影轮廓状态	自我动作实现.外设模块.ixx:10317	计算权重、状态、差值或派生结果。	3	3
计算指定存在跟踪正式结果	计算指定存在跟踪正式结果	自我动作实现.外设模块.ixx:10767	计算权重、状态、差值或派生结果。	2	2
计算服务三评分	计算服务三评分	自我动作实现.服务模块.ixx:2759	计算权重、状态、差值或派生结果。	3	3
计算根层重判结果	计算根层重判结果	自我线程模块.消息批次执行器.ixx:233	计算权重、状态、差值或派生结果。	3	3
计算比例万分比I64	计算比例万分比I64	自我动作实现.外设模块.ixx:10337	计算权重、状态、差值或派生结果。	3	3
计算消息处理动作	计算消息处理动作	自我线程模块.消息处理器.ixx:228	计算权重、状态、差值或派生结果。	11	11
计算稳定度	计算稳定度	基础信息主信息类.h:943	计算权重、状态、差值或派生结果。	3	1	header_or_inline
计算空间候选中心接近评分	计算空间候选中心接近评分	自我动作实现.外设模块.ixx:10189	计算权重、状态、差值或派生结果。	2	2
计算空间候选分离度评分	计算空间候选分离度评分	自我动作实现.外设模块.ixx:10084	计算权重、状态、差值或派生结果。	3	3
计算空间候选独立性判断	计算空间候选独立性判断	自我动作实现.外设模块.ixx:10156	判断条件、状态或业务结果是否成立。	6	6
计算线程裁决结果	计算线程裁决结果	自我线程模块.消息批次执行器.ixx:271	计算权重、状态、差值或派生结果。	3	2
计算范围坐标重叠率	计算范围坐标重叠率	自我动作实现.外设模块.ixx:14508	计算权重、状态、差值或派生结果。	2	2
计算观察变化事件	计算观察变化事件	自我动作实现.外设模块.ixx:14766	计算权重、状态、差值或派生结果。	2	2
计算观察存在匹配关系	计算观察存在匹配关系	自我动作实现.外设模块.ixx:14634	计算权重、状态、差值或派生结果。	3	3
计算观察存在变化结果	计算观察存在变化结果	自我动作实现.外设模块.ixx:14691	计算权重、状态、差值或派生结果。	3	3
计算轮廓支持评分	计算轮廓支持评分	自我动作实现.外设模块.ixx:10326	计算权重、状态、差值或派生结果。	2	2
记录D455缺报告规格已确认	记录D455缺报告规格已确认	自我动作实现.外设模块.ixx:8809	记录日志、动态、证据或运行痕迹。	3	3
记录临时因果视图统计_筹办查询	记录临时因果视图统计_筹办查询	任务模块.筹办.ixx:1744	记录日志、动态、证据或运行痕迹。	2	2
记录任务虚拟存在I64特征	记录任务虚拟存在I64特征	自我动作实现模块.ixx:10215	记录日志、动态、证据或运行痕迹。	6	6
记录任务虚拟存在指针特征	记录任务虚拟存在指针特征	自我动作实现模块.ixx:10196	记录日志、动态、证据或运行痕迹。	3	3
记录关注存在	记录关注存在	自我动作实现.扫描.ixx:1115	记录日志、动态、证据或运行痕迹。	3	3
记录双目相机适配器失败	记录双目相机适配器失败	自我动作实现.外设模块.ixx:11563	记录日志、动态、证据或运行痕迹。	3	3
记录并提示任务状态动作动态逻辑错误	记录并提示任务状态动作动态逻辑错误	自我动作实现模块.ixx:10317	记录日志、动态、证据或运行痕迹。	2	2
记录并提示方法域提交动态缺失	记录并提示方法域提交动态缺失	自我动作实现模块.ixx:8610	提交事实、动态、任务状态或运行回执。	2	2
记录异常	记录异常	日志模块.ixx:533	记录日志、动态、证据或运行痕迹。	16	6
记录扫描动作动态创建失败	记录扫描动作动态创建失败	自我动作实现.扫描.ixx:1668	创建并返回或登记对应对象。	4	4
记录数据项处理	记录数据项处理	自我动作实现.扫描.ixx:1093	记录日志、动态、证据或运行痕迹。	2	2
记录方法规格确认缓存	记录方法规格确认缓存	自我动作实现.外设模块.ixx:8772	记录日志、动态、证据或运行痕迹。	3	3
记录无效基础节点引用	记录无效基础节点引用	自我动作实现.外设模块.ixx:11592	记录日志、动态、证据或运行痕迹。	3	3
记录既有条件结果对练习样本	记录既有条件结果对练习样本	自我动作实现模块.ixx:3732	记录日志、动态、证据或运行痕迹。	2	2
记录未覆盖解释	记录未覆盖解释	自我动作实现.扫描.ixx:1517	记录日志、动态、证据或运行痕迹。	2	2
记录本能方法自身环境错误	记录本能方法自身环境错误	自我动作实现.外设模块.ixx:9100	记录日志、动态、证据或运行痕迹。	4	2
记录本能方法自身环境错误	记录本能方法自身环境错误	自我动作实现模块.ixx:4224	记录日志、动态、证据或运行痕迹。	4	2
记录筹办日志	记录筹办日志	任务模块.筹办.ixx:291	记录日志、动态、证据或运行痕迹。	90	90
记录练习候选实参明细	记录练习候选实参明细	自我动作实现模块.ixx:6581	记录日志、动态、证据或运行痕迹。	4	4
记录缺口	记录缺口	自我动作实现.扫描.ixx:1074	记录日志、动态、证据或运行痕迹。	15	12
记录缺口派生目标状态	记录缺口派生目标状态	任务模块.筹办.ixx:315	记录日志、动态、证据或运行痕迹。	3	3
记录覆盖索引	记录覆盖索引	自我动作实现.扫描.ixx:1231	记录日志、动态、证据或运行痕迹。	3	3
记录观测	记录观测	基础数据类型.h:202	std::int64_t 可信度 = 10000; // Q10000 //不需要	55	1	header_or_inline
记录需求满足项追踪_筹办	记录需求满足项追踪_筹办	任务模块.筹办.ixx:861	记录日志、动态、证据或运行痕迹。	2	2
设为叶子特征	设为叶子特征	基础信息主信息类.h:293	按函数名执行对应处理。	11	1	header_or_inline
设为复合特征	设为复合特征	基础信息主信息类.h:300	按函数名执行对应处理。	7	2	header_or_inline
设置主键	设置主键	双向链表模板核心.h:57	设置对象字段、状态或运行参数。	2	1	header_or_inline,contract_like
设置差值结果	设置差值结果	基础信息主信息类.h:659	设置对象字段、状态或运行参数。	2	1	header_or_inline,contract_like
设置当前值	设置当前值	基础信息主信息类.h:372	设置对象字段、状态或运行参数。	1	1	header_or_inline,contract_like
证据强度达到确认阈值	证据强度达到确认阈值	自我动作实现.服务模块.ixx:2753	确认候选事实、存在、状态或运行结果。	8	8
评估存在风险安全值	评估存在风险安全值	自我动作实现.外设模块.ixx:442	评估状态、风险、质量、权重或完成度。	2	2
评估当前场景特征值材料门	评估当前场景特征值材料门	自我动作实现.外设模块.ixx:13510	评估状态、风险、质量、权重或完成度。	6	6
评估当前场景特征值材料门项状态	评估当前场景特征值材料门项状态	自我动作实现.外设模块.ixx:13487	评估状态、风险、质量、权重或完成度。	2	2
评分_特征_目标方法头节点_筹办	评分_特征_目标方法头节点_筹办	任务模块.筹办.ixx:3809	推进任务筹办，形成候选、缺口或就绪回执。	2	2
评分_特征_输入条件包_筹办	评分_特征_输入条件包_筹办	任务模块.筹办.ixx:3802	推进任务筹办，形成候选、缺口或就绪回执。	2	2
评分_读取任务输入目标方法_筹办	评分_读取任务输入目标方法_筹办	任务模块.筹办.ixx:3816	从指定来源读取数据或状态。	3	3
识别材料规格已确认方法存在缓存	识别材料规格已确认方法存在缓存	自我动作实现.外设模块.ixx:8736	执行识别相关匹配、确认或结果输出逻辑。	3	3
识别材料规格已确认方法首节点缓存	识别材料规格已确认方法首节点缓存	自我动作实现.外设模块.ixx:8729	执行识别相关匹配、确认或结果输出逻辑。	3	3
词_被动动作	词_被动动作	自我动作实现.外设模块.ixx:634	按函数名执行对应处理。	5	1
词_被动动作	词_被动动作	自我动作实现模块.ixx:53	按函数名执行对应处理。	5	4
语义相同	语义相同	基础信息主信息类.h:672	按函数名执行对应处理。	19	3	header_or_inline
语素入口主信息类	语素入口主信息类	语素主信息类.h:399	按函数名执行对应处理。	26	6	header_or_inline
语素入口主信息类	语素入口主信息类	语素主信息类.h:405	按函数名执行对应处理。	26	6	header_or_inline
语素入口主信息类	语素入口主信息类	语素主信息类.h:413	按函数名执行对应处理。	26	6	header_or_inline
语素入口同一	语素入口同一	语素类.h:10	比较两个语素入口节点是否指向同一入口；先比较指针，指针不同再比较非空主键。	212	1	header_or_inline
语素入口指针相同	语素入口指针相同	语素类.h:23	只比较两个语素入口节点指针是否完全相同，不读取主键或父词节点。	8	1	header_or_inline
语素日志文本	语素日志文本	自我动作实现模块.ixx:6562	按函数名执行对应处理。	7	7
语素类::~语素类	~语素类	语素类.cpp:688	释放或收束对象资源。	2	1	ctor_dtor_operator,member_or_public_like
语素类::信息入口裸词默认模板入口	信息入口裸词默认模板入口	语素类.cpp:1215	判断指定信息入口类型是否允许裸词默认模板入口。	5	2	member_or_public_like
语素类::信息入口需要上下文限定	信息入口需要上下文限定	语素类.cpp:1209	判断指定信息入口类型是否需要上下文限定。	7	2	member_or_public_like
语素类::初始化	初始化	语素类.cpp:695	初始化相关对象、状态或运行上下文。	827	2	member_or_public_like
语素类::取或创建同词信息入口	取或创建同词信息入口	语素类.cpp:1039	根据已有语素入口所属词，取或创建同词下指定信息入口类型。	4	1	member_or_public_like
语素类::基础信息类型可由语素入口模板创建	基础信息类型可由语素入口模板创建	语素类.cpp:1227	判断基础信息主信息类型是否可由语素入口模板创建。	5	2	member_or_public_like
语素类::安全获取词	安全获取词	语素类.cpp:1393	安全读取语素入口词面；入口为空或读取异常时返回空文本。	50	1	member_or_public_like
语素类::按主键查找语素入口节点	按主键查找语素入口节点	语素类.cpp:857	按主键只读查找语素入口节点，不隐式创建节点。	3	1	member_or_public_like
语素类::推断人类词性默认基础信息类型	推断人类词性默认基础信息类型	语素类.cpp:1221	按函数名执行对应处理。	12	6	member_or_public_like
语素类::是语素入口节点	是语素入口节点	语素类.cpp:1132	判断节点主信息是否为语素入口主信息。	4	2	member_or_public_like
语素类::查找人类词性入口节点	查找人类词性入口节点	语素类.cpp:877	按条件查找目标对象、方法或事实。	19	12	member_or_public_like,contract_like
语素类::查找人类词性入口节点	查找人类词性入口节点	语素类.cpp:884	按词值和人类词性只读查找语素入口节点，不隐式创建词或入口。	19	12	member_or_public_like,contract_like
语素类::查找人类词性入口节点	查找人类词性入口节点	语素类.cpp:893	按词值和人类词性文本只读查找语素入口节点，不隐式创建词或入口。	19	12	member_or_public_like,contract_like
语素类::查找人类词性入口节点	查找人类词性入口节点	语素类.cpp:899	按条件查找目标对象、方法或事实。	19	12	member_or_public_like,contract_like
语素类::查找人类词性入口节点	查找人类词性入口节点	语素类.cpp:905	按条件查找目标对象、方法或事实。	19	12	member_or_public_like,contract_like
语素类::查找人类词性入口节点_已加锁	查找人类词性入口节点_已加锁	语素类.cpp:1467	按条件查找目标对象、方法或事实。	5	4	member_or_public_like,contract_like
语素类::查找信息入口节点	查找信息入口节点	语素类.cpp:913	按条件查找目标对象、方法或事实。	16	7	member_or_public_like,contract_like
语素类::查找信息入口节点	查找信息入口节点	语素类.cpp:920	按词值和信息入口类型只读查找语素入口节点，不隐式创建词或入口。	16	7	member_or_public_like,contract_like
语素类::查找信息入口节点_已加锁	查找信息入口节点_已加锁	语素类.cpp:1486	按条件查找目标对象、方法或事实。	6	5	member_or_public_like,contract_like
语素类::查找同词信息入口	查找同词信息入口	语素类.cpp:1018	根据已有语素入口所属词，只读查找同词下指定信息入口类型。	4	2	member_or_public_like,contract_like
语素类::查找词_已加锁	查找词_已加锁	语素类.cpp:1418	按条件查找目标对象、方法或事实。	8	7	member_or_public_like,contract_like
语素类::查找词节点	查找词节点	语素类.cpp:812	按条件查找目标对象、方法或事实。	4	3	member_or_public_like,contract_like
语素类::查找语素入口对应基础信息	查找语素入口对应基础信息	语素类.cpp:1123	按条件查找目标对象、方法或事实。	2	1	member_or_public_like,contract_like
语素类::添加二次特征词	添加二次特征词	语素类.cpp:1289	按函数名执行对应处理。	2	1	member_or_public_like
语素类::添加信息入口词	添加信息入口词	语素类.cpp:981	按函数名执行对应处理。	1822	8	member_or_public_like
语素类::添加信息入口词	添加信息入口词	语素类.cpp:1011	按函数名执行对应处理。	1822	8	member_or_public_like
语素类::添加对应基础信息	添加对应基础信息	语素类.cpp:1315	按函数名执行对应处理。	13	10	member_or_public_like
语素类::添加词	添加词	语素类.cpp:767	按函数名执行对应处理。	26	21	member_or_public_like
语素类::添加词性词	添加词性词	语素类.cpp:929	按函数名执行对应处理。	18	14	member_or_public_like
语素类::添加词性词	添加词性词	语素类.cpp:961	按函数名执行对应处理。	18	14	member_or_public_like
语素类::添加词性词	添加词性词	语素类.cpp:968	按函数名执行对应处理。	18	14	member_or_public_like
语素类::添加词性词	添加词性词	语素类.cpp:975	按函数名执行对应处理。	18	14	member_or_public_like
语素类::生成语素节点	生成语素节点	语素类.cpp:761	根据当前输入生成目标数据、场景、动态或回执。	2	1	member_or_public_like
语素类::确保信息入口对应基础信息	确保信息入口对应基础信息	语素类.cpp:1116	确保目标结构、状态或前置条件存在并可用。	2	1	member_or_public_like
语素类::确保语素入口对应基础信息	确保语素入口对应基础信息	语素类.cpp:1066	确保目标结构、状态或前置条件存在并可用。	13	10	member_or_public_like
语素类::确保语素入口对应基础信息	确保语素入口对应基础信息	语素类.cpp:1109	确保目标结构、状态或前置条件存在并可用。	13	10	member_or_public_like
语素类::私有_UTF8字符长度	私有_UTF8字符长度	语素类.cpp:1505	服务所在模块的内部辅助流程。	4	3
语素类::私有_清理主信息_已加锁	私有_清理主信息_已加锁	语素类.cpp:1407	清理缓存、临时状态或运行资源。	9	2
语素类::绑定人类词性入口到场景基础信息	绑定人类词性入口到场景基础信息	语素类.cpp:1233	建立对象、任务、方法或因果之间的绑定关系。	3	2	member_or_public_like
语素类::节点属于语素树	节点属于语素树	语素类.cpp:839	判断指定节点是否属于当前语素树。	6	2	member_or_public_like
语素类::获取词	获取词	语素类.cpp:1374	读取并返回指定对象、状态或运行材料。	59	8	member_or_public_like,contract_like
语素类::获取词节点指针	获取词节点指针	语素类.cpp:823	读取并返回指定对象、状态或运行材料。	2	1	member_or_public_like,contract_like
语素类::获取语素入口人类词性	获取语素入口人类词性	语素类.cpp:1140	读取语素入口节点的人类词性。	3	1	member_or_public_like,contract_like
语素类::获取语素入口信息入口类型	获取语素入口信息入口类型	语素类.cpp:1170	读取并返回指定对象、状态或运行材料。	5	1	member_or_public_like,contract_like
语素类::获取语素入口对应基础信息类型	获取语素入口对应基础信息类型	语素类.cpp:1149	读取并返回指定对象、状态或运行材料。	3	1	member_or_public_like,contract_like
语素类::获取语素入口显式对应基础信息类型	获取语素入口显式对应基础信息类型	语素类.cpp:1161	读取语素入口节点显式绑定的基础信息类型，不做词性默认推断。	3	1	member_or_public_like,contract_like
语素类::获取语素树根节点	获取语素树根节点	语素类.cpp:832	只读返回语素树根节点。	3	1	member_or_public_like,contract_like
语素类::读取信息入口主信息类型	读取信息入口主信息类型	语素类.cpp:1185	读取指定信息入口类型对应的主信息类型。	3	1	member_or_public_like,contract_like
语素类::读取信息入口存储树	读取信息入口存储树	语素类.cpp:1191	读取指定信息入口类型对应的默认存储树。	5	1	member_or_public_like,contract_like
语素类::读取信息入口定义	读取信息入口定义	语素类.cpp:1179	读取指定信息入口类型的定义项。	2	1	member_or_public_like,contract_like
语素类::读取信息入口默认人类词性	读取信息入口默认人类词性	语素类.cpp:1197	读取指定信息入口类型默认映射的人类词性。	2	1	member_or_public_like,contract_like
语素类::读取信息入口默认根名	读取信息入口默认根名	语素类.cpp:1203	读取指定信息入口类型的默认根名称。	3	1	member_or_public_like,contract_like
语素类::通过词和场景查找基础信息	通过词和场景查找基础信息	语素类.cpp:1254	按条件查找目标对象、方法或事实。	2	1	member_or_public_like
语素类::重写语素SQL投影	重写语素SQL投影	语素类.cpp:712	把当前语素树本体重写到 SQL Server 查询投影。	3	1	member_or_public_like
语言类::~语言类	~语言类	语言类.cpp:27	释放或收束对象资源。	2	1	ctor_dtor_operator,member_or_public_like
语言类::初始化	初始化	语言类.cpp:34	初始化相关对象、状态或运行上下文。	827	2	member_or_public_like
语言类::新建文章	新建文章	语言类.cpp:39	按函数名执行对应处理。	2	1	member_or_public_like
语言类::添加子句	添加子句	语言类.cpp:94	按函数名执行对应处理。	4	3	member_or_public_like
语言类::添加段落	添加段落	语言类.cpp:56	按函数名执行对应处理。	3	2	member_or_public_like
语言类::添加自然句	添加自然句	语言类.cpp:72	按函数名执行对应处理。	3	2	member_or_public_like
语言类::生成二次特征自然语言	生成二次特征自然语言	语言类_二次特征表达.cpp:343	根据当前输入生成目标数据、场景、动态或回执。	3	1	member_or_public_like
语言类::私有_清理主信息_已加锁	私有_清理主信息_已加锁	语言类.cpp:119	清理缓存、临时状态或运行资源。	9	2
语言类::获取基础信息名称	获取基础信息名称	语言类_基础信息命名.cpp:93	读取并返回指定对象、状态或运行材料。	4	2	member_or_public_like,contract_like
语言记录主信息类	语言记录主信息类	基础信息主信息类.h:138	记录日志、动态、证据或运行痕迹。	6	4	header_or_inline
语言记录主信息类	语言记录主信息类	基础信息主信息类.h:143	记录日志、动态、证据或运行痕迹。	6	4	header_or_inline
请求休眠期自检	请求休眠期自检	自检线程模块.impl.cpp:2142	按函数名执行对应处理。	7	3
请求停止	请求停止	任务模块.执行.ixx:1042	停止线程、模块或运行流程。	39	1
请求关闭控制面板WebView2窗口	请求关闭控制面板WebView2窗口	控制面板WebView2.cpp:2137	请求控制面板相关窗口关闭并等待窗口线程收束。	3	1
请求关闭控制面板窗口	请求关闭控制面板窗口	控制面板类.cpp:14967	请求控制面板相关窗口关闭并等待窗口线程收束。	3	1
请求刷新控制面板摘要	请求刷新控制面板摘要	控制面板摘要线程模块.impl.cpp:713	按函数名执行对应处理。	3	1
请求退出	请求退出	动作线程类.ixx:239	按函数名执行对应处理。	2	2
读取D455簇三维体素轮廓视角	读取D455簇三维体素轮廓视角	外设观察报告队列.ixx:2659	从 D455 簇句柄对应短期材料页只读重建三维体素轮廓图视角。	3	2	contract_like
读取G0三评分	读取G0三评分	自我动作实现.服务模块.ixx:2790	从指定来源读取数据或状态。	6	6	contract_like
读取G0候选状态	读取G0候选状态	自我动作实现.服务模块.ixx:3154	从指定来源读取数据或状态。	4	3	contract_like
读取G0服务层级	读取G0服务层级	自我动作实现.服务模块.ixx:3165	从指定来源读取数据或状态。	5	4	contract_like
读取G0硬门槛状态	读取G0硬门槛状态	自我动作实现.服务模块.ixx:2637	从指定来源读取数据或状态。	2	2	contract_like
读取I64	读取I64	自我动作实现.扫描.ixx:805	从指定来源读取数据或状态。	145	4	contract_like
读取I64或0	读取I64或0	自我动作实现.外设模块.ixx:13884	从指定来源读取数据或状态。	141	141	contract_like
读取SQL控制面板子链JSON	读取SQL控制面板子链JSON	控制面板类.cpp:10326	读取 SQL 控制面板树节点的一层直接子节点 JSON。	3	1	contract_like
读取世界树存在场景绝对坐标I64	读取世界树存在场景绝对坐标I64	自我动作实现.外设模块.ixx:6088	从指定来源读取数据或状态。	3	3	contract_like
读取世界树自我存在场景绝对坐标I64	读取世界树自我存在场景绝对坐标I64	自我动作实现.外设模块.ixx:6105	从指定来源读取数据或状态。	3	3	contract_like
读取任务D0动作动态	读取任务D0动作动态	自我动作实现.服务模块.ixx:2223	从指定来源读取数据或状态。	2	2	contract_like
读取任务G0治理视图	读取任务G0治理视图	自我动作实现.服务模块.ixx:2525	从指定来源读取数据或状态。	2	2	contract_like
读取任务I64字段	读取任务I64字段	自我动作实现.服务模块.ixx:1979	从指定来源读取数据或状态。	2	2	contract_like
读取任务指针字段	读取任务指针字段	自我动作实现.服务模块.ixx:1965	从指定来源读取数据或状态。	12	12	contract_like
读取任务方法运行存在	读取任务方法运行存在	自我动作实现.服务模块.ixx:2212	从指定来源读取数据或状态。	4	4	contract_like
读取任务来源需求	读取任务来源需求	自我动作实现.服务模块.ixx:1258	从指定来源读取数据或状态。	5	4	contract_like
读取任务目标宿主	读取任务目标宿主	自我动作实现.服务模块.ixx:1992	从指定来源读取数据或状态。	2	2	contract_like
读取任务目标当前状态	读取任务目标当前状态	自我动作实现.服务模块.ixx:2023	从指定来源读取数据或状态。	3	3	contract_like
读取任务目标特征类型	读取任务目标特征类型	自我动作实现.服务模块.ixx:2001	从指定来源读取数据或状态。	2	2	contract_like
读取任务管理工作线程快照	读取任务管理工作线程快照	任务模块.管理工作线程.ixx:3741	从指定来源读取数据或状态。	7	2	contract_like
读取任务虚拟存在	读取任务虚拟存在	自我动作实现.服务模块.ixx:1264	从指定来源读取数据或状态。	29	18	contract_like
读取任务虚拟存在宿主	读取任务虚拟存在宿主	自我动作实现.服务模块.ixx:1270	从指定来源读取数据或状态。	10	9	contract_like
读取候选记录G0	读取候选记录G0	自我动作实现.服务模块.ixx:3327	从指定来源读取数据或状态。	3	2	contract_like
读取像素坐标参数	读取像素坐标参数	自我动作实现.外设模块.ixx:25490	从指定来源读取数据或状态。	2	2	contract_like
读取内部世界上下文	读取内部世界上下文	自我动作实现.外设模块.ixx:13980	从指定来源读取数据或状态。	4	4	contract_like
读取包区间	读取包区间	自我动作实现模块.ixx:5213	从指定来源读取数据或状态。	2	2	contract_like
读取包基础引用或自身	读取包基础引用或自身	自我动作实现模块.ixx:5277	从指定来源读取数据或状态。	3	3	contract_like
读取包基础节点指针	读取包基础节点指针	自我动作实现模块.ixx:5241	从指定来源读取数据或状态。	2	2	contract_like
读取包指针	读取包指针	自我动作实现.服务模块.ixx:1202	从指定来源读取数据或状态。	44	4	contract_like
读取包指针	读取包指针	自我动作实现模块.ixx:4547	从指定来源读取数据或状态。	44	40	contract_like
读取参数允许区间	读取参数允许区间	自我动作实现模块.ixx:5929	从指定来源读取数据或状态。	2	2	contract_like
读取参数最大候选数量	读取参数最大候选数量	自我动作实现模块.ixx:6090	从指定来源读取数据或状态。	2	2	contract_like
读取双目红外	读取双目红外	D455相机类.cpp:494	从指定来源读取数据或状态。	2	2	contract_like
读取可用目标观察约束集合_按目标特征	读取可用目标观察约束集合_按目标特征	外设观察报告队列.ixx:3089	从指定来源读取数据或状态。	3	2	contract_like
读取场景I64特征	读取场景I64特征	自我动作实现.外设模块.ixx:7787	从指定来源读取数据或状态。	6	5	contract_like
读取场景I64特征	读取场景I64特征	自我动作实现模块.ixx:2772	从指定来源读取数据或状态。	6	1	contract_like
读取场景复现上下文	读取场景复现上下文	自我动作实现.外设模块.ixx:15005	从指定来源读取数据或状态。	2	2	contract_like
读取基础节点I64	读取基础节点I64	自我动作实现.外设模块.ixx:7688	从指定来源读取数据或状态。	264	186	contract_like
读取基础节点I64	读取基础节点I64	自我动作实现.服务模块.ixx:1530	从指定来源读取数据或状态。	264	15	contract_like
读取基础节点I64	读取基础节点I64	自我动作实现模块.ixx:2705	从指定来源读取数据或状态。	264	56	contract_like
读取基础节点I64_筹办	读取基础节点I64_筹办	任务模块.筹办.ixx:4093	从指定来源读取数据或状态。	7	7	contract_like
读取基础节点UTF8句柄VecU	读取基础节点UTF8句柄VecU	自我动作实现.外设模块.ixx:7507	从指定来源读取数据或状态。	3	3	contract_like
读取基础节点指针	读取基础节点指针	自我动作实现.外设模块.ixx:7714	从指定来源读取数据或状态。	43	9	contract_like
读取基础节点指针	读取基础节点指针	自我动作实现.服务模块.ixx:1167	从指定来源读取数据或状态。	43	18	contract_like
读取基础节点指针	读取基础节点指针	自我动作实现模块.ixx:2731	从指定来源读取数据或状态。	43	10	contract_like
读取基础节点指针_筹办	读取基础节点指针_筹办	任务模块.筹办.ixx:4105	从指定来源读取数据或状态。	3	3	contract_like
读取基础节点特征值	读取基础节点特征值	自我动作实现.外设模块.ixx:7700	从指定来源读取数据或状态。	2	1	contract_like
读取基础节点特征值	读取基础节点特征值	自我动作实现模块.ixx:2717	从指定来源读取数据或状态。	2	1	contract_like
读取声明字段是否必需	读取声明字段是否必需	自我动作实现.服务模块.ixx:1689	从指定来源读取数据或状态。	2	2	contract_like
读取声明字段类型	读取声明字段类型	自我动作实现.服务模块.ixx:1682	从指定来源读取数据或状态。	2	2	contract_like
读取外设线程_D455深度相机结果	读取外设线程_D455深度相机结果	外设线程_D455深度相机.ixx:3426	从指定来源读取数据或状态。	2	2	contract_like
读取外设观察报告_按ID	读取外设观察报告_按ID	外设观察报告队列.ixx:3212	从指定来源读取数据或状态。	8	2	contract_like
读取外设观察报告队列视图	读取外设观察报告队列视图	外设观察报告队列.ixx:3231	从指定来源读取数据或状态。	3	2	contract_like
读取外设观察等待项集合	读取外设观察等待项集合	外设观察报告队列.ixx:3259	从指定来源读取数据或状态。	4	2	contract_like
读取外设观察队列状态	读取外设观察队列状态	外设观察报告队列.ixx:3336	从指定来源读取数据或状态。	4	2	contract_like
读取对齐彩色	读取对齐彩色	D455相机类.cpp:404	从指定来源读取数据或状态。	2	2	contract_like
读取已确认观察存在投影ROI	读取已确认观察存在投影ROI	自我动作实现.外设模块.ixx:10675	从指定来源读取数据或状态。	2	2	contract_like
读取已落账空间候选集合	读取已落账空间候选集合	自我动作实现.外设模块.ixx:12924	从指定来源读取数据或状态。	7	7	contract_like
读取已落账观察特征帧摘要	读取已落账观察特征帧摘要	自我动作实现.外设模块.ixx:12630	从指定来源读取数据或状态。	15	15	contract_like
读取当前场景已确认存在集合	读取当前场景已确认存在集合	自我动作实现.外设模块.ixx:13468	从指定来源读取数据或状态。	13	13	contract_like
读取扫描报告	读取扫描报告	自我动作实现.扫描.ixx:870	从指定来源读取数据或状态。	2	2	contract_like
读取指定或最新正式外设观察报告	读取指定或最新正式外设观察报告	自我动作实现.外设模块.ixx:12450	从指定来源读取数据或状态。	7	7	contract_like
读取控制面板快照	读取控制面板快照	控制面板类.cpp:10122	从指定来源读取数据或状态。	18	6	contract_like
读取控制面板线程信息表快照	读取控制面板线程信息表快照	线程生命周期消息模块.ixx:1111	从指定来源读取数据或状态。	2	2	contract_like
读取控制面板节点子项JSON	读取控制面板节点子项JSON	控制面板类.cpp:10334	从指定来源读取数据或状态。	3	1	contract_like
读取控制面板节点详情JSON	读取控制面板节点详情JSON	控制面板类.cpp:10561	从指定来源读取数据或状态。	3	1	contract_like
读取控制面板轻量摘要快照	读取控制面板轻量摘要快照	控制面板类.cpp:10133	从指定来源读取数据或状态。	3	1	contract_like
读取控制面板页面刷新JSON	读取控制面板页面刷新JSON	控制面板类.cpp:10139	从指定来源读取数据或状态。	3	1	contract_like
读取提交入口I64	读取提交入口I64	自我动作实现.外设模块.ixx:23180	从指定来源读取数据或状态。	27	27	contract_like
读取提交入口上游动作动态	读取提交入口上游动作动态	自我动作实现.外设模块.ixx:23220	从指定来源读取数据或状态。	10	10	contract_like
读取提交入口上游动作动态	读取提交入口上游动作动态	自我动作实现.外设模块.ixx:23240	从指定来源读取数据或状态。	10	10	contract_like
读取提交入口动作动态_按特征	读取提交入口动作动态_按特征	自我动作实现.外设模块.ixx:23206	从指定来源读取数据或状态。	13	13	contract_like
读取提交入口指针	读取提交入口指针	自我动作实现.外设模块.ixx:23193	从指定来源读取数据或状态。	13	13	contract_like
读取提交来源报告	读取提交来源报告	自我动作实现.外设模块.ixx:12391	从指定来源读取数据或状态。	5	5	contract_like
读取数据	读取数据	双向链表模板_序列化.inl:242	从指定来源读取数据或状态。	280	6	header_or_inline,contract_like
读取数据	读取数据	双向链表模板核心.h:685	从指定来源读取数据或状态。	280	5	header_or_inline,contract_like
读取数据_已加锁	读取数据_已加锁	双向链表模板_序列化.inl:152	从指定来源读取数据或状态。	3	2	header_or_inline,contract_like
读取方法自我能力值	读取方法自我能力值	自我动作实现模块.ixx:5312	从指定来源读取数据或状态。	2	2	contract_like
读取方法运行D0动作动态	读取方法运行D0动作动态	自我动作实现.服务模块.ixx:2229	从指定来源读取数据或状态。	2	2	contract_like
读取方法运行场景字段	读取方法运行场景字段	自我动作实现.服务模块.ixx:2255	从指定来源读取数据或状态。	4	4	contract_like
读取最新D455控制面板视频快照	读取最新D455控制面板视频快照	外设观察报告队列.ixx:2868	从指定来源读取数据或状态。	3	2	contract_like
读取最新外设观察报告	读取最新外设观察报告	外设观察报告队列.ixx:3191	从指定来源读取数据或状态。	5	2	contract_like
读取最新控制面板摘要快照	读取最新控制面板摘要快照	控制面板摘要线程模块.impl.cpp:720	从指定来源读取数据或状态。	5	1	contract_like
读取服务字段输入I64	读取服务字段输入I64	自我动作实现.服务模块.ixx:1586	从指定来源读取数据或状态。	2	2	contract_like
读取服务字段输入指针	读取服务字段输入指针	自我动作实现.服务模块.ixx:1570	从指定来源读取数据或状态。	3	3	contract_like
读取服务输入任务	读取服务输入任务	自我动作实现.服务模块.ixx:1241	从指定来源读取数据或状态。	2	2	contract_like
读取条件槽列表	读取条件槽列表	自我动作实现模块.ixx:4702	从指定来源读取数据或状态。	2	2	contract_like
读取条件绑定基础节点	读取条件绑定基础节点	自我动作实现模块.ixx:5002	从指定来源读取数据或状态。	7	7	contract_like
读取条件绑定指针	读取条件绑定指针	自我动作实现模块.ixx:4971	从指定来源读取数据或状态。	2	2	contract_like
读取条件绑定目标方法头节点	读取条件绑定目标方法头节点	自我动作实现模块.ixx:5119	从指定来源读取数据或状态。	2	2	contract_like
读取条件绑定首个基础节点	读取条件绑定首个基础节点	自我动作实现模块.ixx:5137	从指定来源读取数据或状态。	2	2	contract_like
读取条件项特征类型	读取条件项特征类型	自我动作实现模块.ixx:4609	从指定来源读取数据或状态。	2	2	contract_like
读取派生需求状态_从结果场景	读取派生需求状态_从结果场景	任务模块.筹办.ixx:297	从指定来源读取数据或状态。	3	3	contract_like
读取特征当前值	读取特征当前值	自我动作实现模块.ixx:4558	从指定来源读取数据或状态。	6	6	contract_like
读取特征当前指针实参	读取特征当前指针实参	自我动作实现模块.ixx:6303	从指定来源读取数据或状态。	2	2	contract_like
读取状态I64值_任务提交	读取状态I64值_任务提交	自我动作实现模块.ixx:10566	从指定来源读取数据或状态。	4	4	contract_like
读取状态主体	读取状态主体	自我动作实现.服务模块.ixx:2248	从指定来源读取数据或状态。	29	3	contract_like
读取目标方法头节点	读取目标方法头节点	自我动作实现模块.ixx:5801	从指定来源读取数据或状态。	6	6	contract_like
读取目标方法头节点	读取目标方法头节点	自我动作实现模块.ixx:5815	从指定来源读取数据或状态。	6	6	contract_like
读取目标方法形参值类型	读取目标方法形参值类型	自我动作实现模块.ixx:6703	从指定来源读取数据或状态。	2	2	contract_like
读取目标特征当前值约束快照	读取目标特征当前值约束快照	自我动作实现.外设模块.ixx:13925	从指定来源读取数据或状态。	2	2	contract_like
读取目标观察约束_按目标特征	读取目标观察约束_按目标特征	外设观察报告队列.ixx:3044	从指定来源读取数据或状态。	4	2	contract_like
读取目标观察约束_按等待项	读取目标观察约束_按等待项	外设观察报告队列.ixx:3022	从指定来源读取数据或状态。	6	2	contract_like
读取空间候选事实	读取空间候选事实	自我动作实现.外设模块.ixx:11892	从指定来源读取数据或状态。	2	2	contract_like
读取空间候选逐项账本	读取空间候选逐项账本	自我动作实现.外设模块.ixx:11954	从指定来源读取数据或状态。	4	4	contract_like
读取自我线程最小状态快照	读取自我线程最小状态快照	自我线程模块.impl.cpp:16712	从指定来源读取数据或状态。	8	3	contract_like
读取自检线程摘要	读取自检线程摘要	自检线程模块.impl.cpp:2148	从指定来源读取数据或状态。	4	1	contract_like
读取节点指针实参	读取节点指针实参	自我动作实现模块.ixx:6287	从指定来源读取数据或状态。	3	3	contract_like
读取观察存在摘要	读取观察存在摘要	自我动作实现.外设模块.ixx:14386	从指定来源读取数据或状态。	7	7	contract_like
读取观察存在来源中心坐标	读取观察存在来源中心坐标	自我动作实现.外设模块.ixx:13060	从指定来源读取数据或状态。	2	2	contract_like
读取观察摘要I64	读取观察摘要I64	自我动作实现.外设模块.ixx:12617	从指定来源读取数据或状态。	94	94	contract_like
读取观察诊断区域事实	读取观察诊断区域事实	自我动作实现.外设模块.ixx:12037	从指定来源读取数据或状态。	2	2	contract_like
读取观察诊断区域逐项账本	读取观察诊断区域逐项账本	自我动作实现.外设模块.ixx:12060	从指定来源读取数据或状态。	4	4	contract_like
读取调用信息I64	读取调用信息I64	自我动作实现.服务模块.ixx:1557	从指定来源读取数据或状态。	2	2	contract_like
读取调用信息指针	读取调用信息指针	自我动作实现.外设模块.ixx:7851	从指定来源读取数据或状态。	8	3	contract_like
读取调用信息指针	读取调用信息指针	自我动作实现.服务模块.ixx:1228	从指定来源读取数据或状态。	8	3	contract_like
读取调用信息指针	读取调用信息指针	自我动作实现模块.ixx:2836	从指定来源读取数据或状态。	8	2	contract_like
读取输入包I64	读取输入包I64	自我动作实现.外设模块.ixx:7811	从指定来源读取数据或状态。	13	10	contract_like
读取输入包I64	读取输入包I64	自我动作实现.服务模块.ixx:1542	从指定来源读取数据或状态。	13	2	contract_like
读取输入包I64	读取输入包I64	自我动作实现模块.ixx:2796	从指定来源读取数据或状态。	13	1	contract_like
读取输入包指针	读取输入包指针	自我动作实现.外设模块.ixx:7826	从指定来源读取数据或状态。	8	4	contract_like
读取输入包指针	读取输入包指针	自我动作实现.服务模块.ixx:1213	从指定来源读取数据或状态。	8	2	contract_like
读取输入包指针	读取输入包指针	自我动作实现模块.ixx:2811	从指定来源读取数据或状态。	8	2	contract_like
读取输入参数I64	读取输入参数I64	自我动作实现.外设模块.ixx:7889	从指定来源读取数据或状态。	15	15	contract_like
读取输入参数指针	读取输入参数指针	自我动作实现.外设模块.ixx:7864	从指定来源读取数据或状态。	15	15	contract_like
路径UTF8	路径UTF8	双目相机本能适配器.cpp:52	按函数名执行对应处理。	10	4
路径总数	路径总数	任务模块.筹办.ixx:1075	按函数名执行对应处理。	2	2
转换像素计数	转换像素计数	双目相机本能适配器.cpp:116	把输入数据转换为目标类型、语义或结构。	27	27
转换双目相机调用结果	转换双目相机调用结果	自我动作实现.外设模块.ixx:11457	把输入数据转换为目标类型、语义或结构。	5	5
转换因果路径生成类型_筹办查询	转换因果路径生成类型_筹办查询	任务模块.筹办.ixx:1186	根据当前输入生成目标数据、场景、动态或回执。	2	2
转换时间域	转换时间域	D455相机类.cpp:310	把输入数据转换为目标类型、语义或结构。	2	2
转换毫米	转换毫米	双目相机本能适配器.cpp:123	把输入数据转换为目标类型、语义或结构。	17	17
转换派生需求类型_筹办查询	转换派生需求类型_筹办查询	任务模块.筹办.ixx:1211	把输入数据转换为目标类型、语义或结构。	2	2
转换阻塞级别_筹办查询	转换阻塞级别_筹办查询	任务模块.筹办.ixx:1234	把输入数据转换为目标类型、语义或结构。	2	2
转文本	转文本	动作验证报告类.h:80	按函数名执行对应处理。	22	18	header_or_inline
转文本	转文本	动作验证报告类.h:103	按函数名执行对应处理。	22	18	header_or_inline
转日志文本	转日志文本	动作验证报告类.h:235	按函数名执行对应处理。	4	2	header_or_inline
输入包写入I64_若缺失_筹办	输入包写入I64_若缺失_筹办	任务模块.筹办.ixx:4118	把处理结果写入指定对象、场景或日志。	6	6
输入包写入指针_若缺失_筹办	输入包写入指针_若缺失_筹办	任务模块.筹办.ixx:4135	把处理结果写入指定对象、场景或日志。	3	3
输入包根	输入包根	自我动作实现.外设模块.ixx:7799	按函数名执行对应处理。	13	4
输入包根	输入包根	自我动作实现.服务模块.ixx:1180	按函数名执行对应处理。	13	3
输入包根	输入包根	自我动作实现模块.ixx:2784	按函数名执行对应处理。	13	6
输入场景包含实参值_筹办	输入场景包含实参值_筹办	任务模块.筹办.ixx:3892	推进任务筹办，形成候选、缺口或就绪回执。	4	4
输入实参满足条件项	输入实参满足条件项	自我动作实现模块.ixx:4787	按函数名执行对应处理。	2	2
输入宿主包含实参值_筹办	输入宿主包含实参值_筹办	任务模块.筹办.ixx:3883	推进任务筹办，形成候选、缺口或就绪回执。	7	7
输入条件包根	输入条件包根	自我动作实现.外设模块.ixx:7841	按函数名执行对应处理。	17	3
输入条件包根	输入条件包根	自我动作实现.服务模块.ixx:1192	按函数名执行对应处理。	17	4
输入条件包根	输入条件包根	自我动作实现模块.ixx:2826	按函数名执行对应处理。	17	10
输出OR组令牌动作动态	输出OR组令牌动作动态	自我动作实现模块.ixx:12277	按函数名执行对应处理。	2	2
输出任务状态提交动作动态	输出任务状态提交动作动态	自我动作实现模块.ixx:10347	提交事实、动态、任务状态或运行回执。	2	2
输出叶子任务价值结算动作动态	输出叶子任务价值结算动作动态	自我动作实现模块.ixx:12329	结算任务、需求、价值或结果贡献。	2	2
输出本能方法自身环境失败	输出本能方法自身环境失败	自我动作实现.外设模块.ixx:9340	自身环境失败属于非正常逻辑错误，必须留下运行回执和日志。	63	53
输出本能方法自身环境失败	输出本能方法自身环境失败	自我动作实现模块.ixx:4441	自身环境失败属于非正常逻辑错误，必须留下运行回执和日志。	63	10
输出运行虚拟存在	输出运行虚拟存在	自我动作实现.外设模块.ixx:8923	执行对应模块、线程或方法的运行逻辑。	70	55
输出运行虚拟存在	输出运行虚拟存在	自我动作实现模块.ixx:4017	执行对应模块、线程或方法的运行逻辑。	70	15
运行	运行	日志模块.ixx:111	便捷：运行日志	4851	38
运行_警告	运行_警告	日志模块.ixx:114	执行对应模块、线程或方法的运行逻辑。	3	3
运行_错误	运行_错误	日志模块.ixx:117	执行对应模块、线程或方法的运行逻辑。	4	4
运行中	运行中	动作线程类.ixx:143	执行对应模块、线程或方法的运行逻辑。	150	11
运行参数已从输入场景匹配	运行参数已从输入场景匹配	自我动作实现.外设模块.ixx:8612	执行对应模块、线程或方法的运行逻辑。	2	1
运行参数已从输入场景匹配	运行参数已从输入场景匹配	自我动作实现模块.ixx:3886	执行对应模块、线程或方法的运行逻辑。	2	1
运行参数根	运行参数根	自我动作实现.外设模块.ixx:8263	执行对应模块、线程或方法的运行逻辑。	6	3
运行参数根	运行参数根	自我动作实现模块.ixx:3095	执行对应模块、线程或方法的运行逻辑。	6	3
返回方法状态可用性缺口	返回方法状态可用性缺口	任务模块.筹办.ixx:5242	按函数名执行对应处理。	3	3
返回目标语义非普通筹办等待	返回目标语义非普通筹办等待	任务模块.筹办.ixx:654	等待线程、任务、外设或条件变化。	2	2
返回直接子需求聚合筹办结果	返回直接子需求聚合筹办结果	任务模块.筹办.ixx:579	推进任务筹办，形成候选、缺口或就绪回执。	4	4
追加候选诊断区域	追加候选诊断区域	双目相机本能适配器.cpp:594	按函数名执行对应处理。	4	4
追加安全因果候选条目	追加安全因果候选条目	自我动作实现.外设模块.ixx:13661	按函数名执行对应处理。	2	2
追加已确认观察存在	追加已确认观察存在	自我动作实现.外设模块.ixx:13443	确认候选事实、存在、状态或运行结果。	3	3
追加扫描子特征动作动态	追加扫描子特征动作动态	自我动作实现.扫描.ixx:1691	把扫描复合状态的直接子特征落成可查询动作动态和主动因果信息。	2	2
追加方法到筹办候选集	追加方法到筹办候选集	任务模块.筹办.ixx:3473	推进任务筹办，形成候选、缺口或就绪回执。	3	3
追加特征值幂等摘要	追加特征值幂等摘要	自我线程模块.消息批次执行器.ixx:57	按函数名执行对应处理。	3	3
追加目标特征类型	追加目标特征类型	任务模块.筹办.ixx:2646	将复合目标特征展开为自身和全部子特征，供方法结果能力召回使用。	3	3
追加空间候选诊断区域	追加空间候选诊断区域	双目相机本能适配器.cpp:632	按函数名执行对应处理。	2	2
选择D0第一缺口	选择D0第一缺口	自我动作实现.服务模块.ixx:2284	从候选集中选择当前使用对象或方法。	2	2
选择基础观察事实首个缺口特征	选择基础观察事实首个缺口特征	自我动作实现.外设模块.ixx:9658	从候选集中选择当前使用对象或方法。	2	2
选择最新可用目标观察约束	选择最新可用目标观察约束	外设观察报告队列.ixx:3063	从候选集中选择当前使用对象或方法。	3	2
选择默认信息入口类型	选择默认信息入口类型	语素主信息类.h:201	从候选集中选择当前使用对象或方法。	2	2	header_or_inline
递归匹配子节点	递归匹配子节点	本能动作类.ixx:364	按函数名执行对应处理。	2	2
递归匹配节点	递归匹配节点	本能动作类.ixx:333	按函数名执行对应处理。	4	4
通用绑定候选方法输入参数_筹办	通用绑定候选方法输入参数_筹办	任务模块.筹办.ixx:4417	建立对象、任务、方法或因果之间的绑定关系。	2	2
配置	配置	日志模块.ixx:286	按函数名执行对应处理。	165	4
配置传感器	配置传感器	D455相机类.cpp:339	按函数名执行对应处理。	3	3
配置滤波链	配置滤波链	D455相机类.cpp:384	按函数名执行对应处理。	3	3
采集一帧	采集一帧	D455相机类.cpp:95	按函数名执行对应处理。	20	8
采集一帧	采集一帧	双目相机本能适配器.cpp:1371	按函数名执行对应处理。	20	5
采集一帧并提取轮廓	采集一帧并提取轮廓	D455相机类.cpp:185	按函数名执行对应处理。	4	3
采集双目相机帧	采集双目相机帧	自我动作实现.外设模块.ixx:11798	按函数名执行对应处理。	5	5
释放	释放	双目相机本能适配器.cpp:1328	按函数名执行对应处理。	76	3
释放双目相机	释放双目相机	自我动作实现.外设模块.ixx:17694	按函数名执行对应处理。	10	3
释放双目相机	释放双目相机	自我动作实现.外部模块.ixx:602	按函数名执行对应处理。	10	3
释放双目相机	释放双目相机	自我动作实现模块.ixx:11225	按函数名执行对应处理。	10	3
释放双目相机适配器	释放双目相机适配器	自我动作实现.外设模块.ixx:11778	适配外部接口、模块协议或调用结果。	2	2
释放树_独立	释放树_独立	双向链表模板_深拷贝.inl:28	按函数名执行对应处理。	5	1	header_or_inline
量化为服务离散评分	量化为服务离散评分	自我动作实现.服务模块.ixx:2736	按函数名执行对应处理。	4	4
链表模板	链表模板	双向链表模板核心.h:150	按函数名执行对应处理。	71	13	header_or_inline
镜像执行输出派生需求标记	镜像执行输出派生需求标记	自我动作实现.外设模块.ixx:7755	执行任务、方法或动作的主体逻辑。	2	2
长双非负转I64	长双非负转I64	自我动作实现.服务模块.ixx:3512	按函数名执行对应处理。	3	3
门槛状态_D0校验	门槛状态_D0校验	自我动作实现.服务模块.ixx:2949	按函数名执行对应处理。	2	2
门槛状态_任务I64字段	门槛状态_任务I64字段	自我动作实现.服务模块.ixx:2935	按函数名执行对应处理。	3	3
门槛状态_任务字段有值	门槛状态_任务字段有值	自我动作实现.服务模块.ixx:2924	按函数名执行对应处理。	2	2
门槛状态_指针字段存在	门槛状态_指针字段存在	自我动作实现.服务模块.ixx:2913	按函数名执行对应处理。	6	6
队列深度	队列深度	动作线程类.ixx:131	按函数名执行对应处理。	3	3
限制I64	限制I64	自我动作实现.外设模块.ixx:413	按函数名执行对应处理。	7	7
需求主键_筹办日志	需求主键_筹办日志	任务模块.筹办.ixx:163	推进任务筹办，形成候选、缺口或就绪回执。	43	43
需求已满足	需求已满足	任务模块.筹办.ixx:837	按函数名执行对应处理。	42	10
需求目标方向编码	需求目标方向编码	任务模块.筹办.ixx:483	按函数名执行对应处理。	2	2
需求目标特征类型	需求目标特征类型	任务模块.筹办.ixx:496	按函数名执行对应处理。	63	16
需求目标语义视图_筹办	需求目标语义视图_筹办	任务模块.筹办.ixx:526	推进任务筹办，形成候选、缺口或就绪回执。	6	6
需求目标重叠_已加锁	需求目标重叠_已加锁	需求类.h:924	按函数名执行对应处理。	5	5	header_or_inline
需求目标重叠_已加锁	需求目标重叠_已加锁	需求类.h:954	按函数名执行对应处理。	5	5	header_or_inline
需求类::OR组结算令牌目标特征类型	OR组结算令牌目标特征类型	需求类.cpp:1001	结算任务、需求、价值或结果贡献。	5	4	member_or_public_like
需求类::按主键解析需求节点	按主键解析需求节点	需求类.cpp:2185	按主键解析给定需求树根下的需求节点，不创建或修改节点。	13	1	member_or_public_like
需求类::提交需求结算收束	提交需求结算收束	需求类.cpp:1463	提交需求结算摘要和可选目标状态收束，不直接修改需求树结构。	4	1	member_or_public_like,contract_like
需求类::普通候选方法筹办禁止原因	普通候选方法筹办禁止原因	需求类.cpp:1654	推进任务筹办，形成候选、缺口或就绪回执。	6	3	member_or_public_like
需求类::普通候选方法筹办禁止原因	普通候选方法筹办禁止原因	需求类.cpp:1675	推进任务筹办，形成候选、缺口或就绪回执。	6	3	member_or_public_like
需求类::来源需求有安全方向	来源需求有安全方向	需求类.cpp:1527	判断来源需求是否携带安全方向，不修改需求树。	9	1	member_or_public_like
需求类::来源需求有服务方向	来源需求有服务方向	需求类.cpp:1533	判断来源需求是否携带服务方向，不修改需求树。	9	1	member_or_public_like
需求类::构造AND组需求更新指令	构造AND组需求更新指令	需求类.cpp:2004	更新已有对象、状态、索引或缓存。	2	1	member_or_public_like
需求类::构造OR组需求更新指令	构造OR组需求更新指令	需求类.cpp:2013	更新已有对象、状态、索引或缓存。	2	1	member_or_public_like
需求类::构造删除需求指令	构造删除需求指令	需求类.cpp:1738	构造删除需求更新指令，不直接修改需求树。	3	1	member_or_public_like
需求类::构造因果子链支撑需求更新指令	构造因果子链支撑需求更新指令	需求类.cpp:2031	更新已有对象、状态、索引或缓存。	2	1	member_or_public_like
需求类::构造新增原子需求指令	构造新增原子需求指令	需求类.cpp:1836	构造新增原子需求指令，不直接修改需求树。	9	2	member_or_public_like
需求类::构造方法路径组需求更新指令	构造方法路径组需求更新指令	需求类.cpp:2022	更新已有对象、状态、索引或缓存。	2	1	member_or_public_like
需求类::构造满足需求指令	构造满足需求指令	需求类.cpp:1692	构造满足需求更新指令，不直接修改需求树。	4	1	member_or_public_like
需求类::构造获取途径逻辑组织需求更新指令	构造获取途径逻辑组织需求更新指令	需求类.cpp:1982	读取并返回指定对象、状态或运行材料。	2	1	member_or_public_like
需求类::构造逻辑组织需求更新指令	构造逻辑组织需求更新指令	需求类.cpp:1906	更新已有对象、状态、索引或缓存。	7	6	member_or_public_like
需求类::构造需求权重阻塞更新指令	构造需求权重阻塞更新指令	需求类.cpp:1758	构造需求权重和阻塞状态更新指令，不直接修改需求树。	5	1	member_or_public_like
需求类::构造需求目标关系更新指令	构造需求目标关系更新指令	需求类.cpp:1794	构造需求目标关系更新指令，不直接修改需求树。	6	2	member_or_public_like
需求类::枚举目标校验结论文本	枚举目标校验结论文本	需求类.cpp:2056	把枚举目标校验结论转换为日志文本。	5	2	member_or_public_like,contract_like
需求类::枚举目标生产者分级文本	枚举目标生产者分级文本	需求类.cpp:2040	按函数名执行对应处理。	5	2	member_or_public_like,contract_like
需求类::校验更新指令枚举目标	校验更新指令枚举目标	需求类.cpp:2158	更新已有对象、状态、索引或缓存。	4	1	member_or_public_like
需求类::校验枚举目标合法性	校验枚举目标合法性	需求类.cpp:2085	按函数名执行对应处理。	4	2	member_or_public_like
需求类::比较需求方向	比较需求方向	需求类.cpp:1621	比较当前值、目标值或历史基准。	10	5	member_or_public_like
需求类::比较需求方向签名	比较需求方向签名	需求类.cpp:1557	比较当前值、目标值或历史基准。	3	2	member_or_public_like
需求类::生成任务初始化上下文	生成任务初始化上下文	需求类.cpp:2292	初始化相关对象、状态或运行上下文。	2	1	member_or_public_like
需求类::生成需求方向签名	生成需求方向签名	需求类.cpp:1546	根据当前输入生成目标数据、场景、动态或回执。	7	6	member_or_public_like
需求类::目标特征类型可进入普通候选方法筹办	目标特征类型可进入普通候选方法筹办	需求类.cpp:1647	推进任务筹办，形成候选、缺口或就绪回执。	2	1	member_or_public_like
需求类::目标特征类型是逻辑组织目标	目标特征类型是逻辑组织目标	需求类.cpp:1040	按函数名执行对应处理。	3	2	member_or_public_like
需求类::绑定对应任务	绑定对应任务	需求类.cpp:2262	建立对象、任务、方法或因果之间的绑定关系。	7	1	member_or_public_like
需求类::获取需求方向	获取需求方向	需求类.cpp:2337	读取并返回指定对象、状态或运行材料。	6	1	member_or_public_like,contract_like
需求类::解析需求主体	解析需求主体	需求类.cpp:1303	解析需求主体，不创建或修改节点。	12	2	member_or_public_like
需求类::解析需求场景	解析需求场景	需求类.cpp:1378	解析需求场景，不创建或修改节点。	13	2	member_or_public_like
需求类::解析需求当前状态	解析需求当前状态	需求类.cpp:1347	解析需求当前状态，不创建或修改节点。	25	2	member_or_public_like
需求类::解析需求目标宿主	解析需求目标宿主	需求类.cpp:1312	解析需求目标宿主，不创建或修改节点。	15	2	member_or_public_like
需求类::解析需求目标状态	解析需求目标状态	需求类.cpp:1356	解析需求目标状态，不创建或修改节点。	31	2	member_or_public_like
需求类::读取需求主体引用	读取需求主体引用	需求类.cpp:1277	读取需求主体引用，不修改需求树。	6	3	member_or_public_like,contract_like
需求类::读取需求任务列表引用	读取需求任务列表引用	需求类.cpp:1400	读取需求关联任务列表引用视图，不修改需求树。	9	1	member_or_public_like,contract_like
需求类::读取需求场景引用	读取需求场景引用	需求类.cpp:1365	读取需求场景引用，不修改需求树。	7	3	member_or_public_like,contract_like
需求类::读取需求安全权重	读取需求安全权重	需求类.cpp:1437	读取需求安全权重，不修改需求树。	12	2	member_or_public_like,contract_like
需求类::读取需求对应任务引用	读取需求对应任务引用	需求类.cpp:1387	读取需求当前对应任务引用，不修改需求树。	9	1	member_or_public_like,contract_like
需求类::读取需求当前状态引用	读取需求当前状态引用	需求类.cpp:1321	读取需求当前状态引用，不修改需求树。	12	4	member_or_public_like,contract_like
需求类::读取需求有效截止	读取需求有效截止	需求类.cpp:1417	读取需求有效截止时间，不修改需求树。	8	3	member_or_public_like,contract_like
需求类::读取需求服务权重	读取需求服务权重	需求类.cpp:1445	读取需求服务权重，不修改需求树。	12	2	member_or_public_like,contract_like
需求类::读取需求满足关系	读取需求满足关系	需求类.cpp:1407	读取需求满足关系，不修改需求树。	24	3	member_or_public_like,contract_like
需求类::读取需求目标宿主引用	读取需求目标宿主引用	需求类.cpp:1290	读取需求目标宿主引用，不修改需求树。	9	3	member_or_public_like,contract_like
需求类::读取需求目标特征类型	读取需求目标特征类型	需求类.cpp:1259	从指定来源读取数据或状态。	32	3	member_or_public_like,contract_like
需求类::读取需求目标状态引用	读取需求目标状态引用	需求类.cpp:1334	读取需求目标状态引用，不修改需求树。	15	4	member_or_public_like,contract_like
需求类::读取需求综合权重	读取需求综合权重	需求类.cpp:1453	读取需求综合权重，不修改需求树。	9	2	member_or_public_like,contract_like
需求类::逻辑组织目标特征类型	逻辑组织目标特征类型	需求类.cpp:976	按函数名执行对应处理。	9	7	member_or_public_like
需求类::逻辑组织目标语义文本	逻辑组织目标语义文本	需求类.cpp:1048	按函数名执行对应处理。	2	1	member_or_public_like
需求类::逻辑组织需求类型_按目标特征类型	逻辑组织需求类型_按目标特征类型	需求类.cpp:1007	按函数名执行对应处理。	6	5	member_or_public_like
需求类::逻辑组织需求类型_按获取途径	逻辑组织需求类型_按获取途径	需求类.cpp:1198	读取并返回指定对象、状态或运行材料。	4	3	member_or_public_like
需求类::逻辑组织需求类型文本	逻辑组织需求类型文本	需求类.cpp:961	按函数名执行对应处理。	4	3	member_or_public_like
需求类::重写需求树SQL投影	重写需求树SQL投影	需求类.cpp:2202	建立对象、任务、方法或因果之间的绑定关系。	4	1	member_or_public_like
需求类::需求已截止	需求已截止	需求类.cpp:1425	判断需求是否已经截止，不修改需求树。	47	1	member_or_public_like
需求类::需求方向反向	需求方向反向	需求类.cpp:1639	按函数名执行对应处理。	2	1	member_or_public_like
需求类::需求方向同向	需求方向同向	需求类.cpp:1631	按函数名执行对应处理。	2	1	member_or_public_like
需求类::需求目标语义_按目标特征类型	需求目标语义_按目标特征类型	需求类.cpp:1067	按函数名执行对应处理。	3	2	member_or_public_like
需求类::需求目标语义_按获取途径	需求目标语义_按获取途径	需求类.cpp:1169	读取并返回指定对象、状态或运行材料。	3	2	member_or_public_like
需求类::需求目标语义文本	需求目标语义文本	需求类.cpp:1094	按函数名执行对应处理。	4	3	member_or_public_like
需求类::需求目标语义视图	需求目标语义视图	需求类.cpp:1152	按函数名执行对应处理。	40	10	member_or_public_like
需求类::需求目标语义视图	需求目标语义视图	需求类.cpp:1539	按函数名执行对应处理。	40	10	member_or_public_like
需求类::需求结构形态文本	需求结构形态文本	需求类.cpp:1682	按函数名执行对应处理。	7	1	member_or_public_like
需求类::需求获取途径文本	需求获取途径文本	需求类.cpp:1117	读取并返回指定对象、状态或运行材料。	3	2	member_or_public_like
需求类::需求获取途径语义视图	需求获取途径语义视图	需求类.cpp:1239	读取并返回指定对象、状态或运行材料。	7	4	member_or_public_like
需求类::需求获取途径默认目标特征类型	需求获取途径默认目标特征类型	需求类.cpp:1225	读取并返回指定对象、状态或运行材料。	3	2	member_or_public_like
需求类::需求阻塞父任务执行	需求阻塞父任务执行	需求类.cpp:1431	判断需求是否阻塞父任务执行，不修改需求树。	11	1	member_or_public_like
需求节点是结构根	需求节点是结构根	自我线程模块.消息处理器.ixx:100	按函数名执行对应处理。	16	2
需求节点目标是OR组_动作模块	需求节点目标是OR组_动作模块	自我动作实现模块.ixx:12192	按函数名执行对应处理。	3	3
需求路径属于OR组_动作模块	需求路径属于OR组_动作模块	自我动作实现模块.ixx:12217	按函数名执行对应处理。	2	2
项目弹窗错误提示	项目弹窗错误提示	日志模块.ixx:601	按函数名执行对应处理。	21	3
项目提示不允许空指	项目提示不允许空指	日志模块.ixx:626	按函数名执行对应处理。	4	2
项目自检无上级需求日志	项目自检无上级需求日志	日志模块.ixx:660	按函数名执行对应处理。	3	2
项目致命日志	项目致命日志	日志模块.ixx:699	按函数名执行对应处理。	6	2
项目记录异常日志	项目记录异常日志	日志模块.ixx:689	记录日志、动态、证据或运行痕迹。	8	2
项目运行日志	项目运行日志	日志模块.ixx:571	执行对应模块、线程或方法的运行逻辑。	513	2
项目运行警告日志	项目运行警告日志	日志模块.ixx:581	执行对应模块、线程或方法的运行逻辑。	50	2
项目运行错误日志	项目运行错误日志	日志模块.ixx:591	执行对应模块、线程或方法的运行逻辑。	222	3
颜色_at	颜色_at	基础数据类型.h:1127	按函数名执行对应处理。	1	1	header_or_inline
饱和增加	饱和增加	自我动作实现.外设模块.ixx:8540	按函数名执行对应处理。	18	9
饱和增加	饱和增加	自我动作实现模块.ixx:3815	按函数名执行对应处理。	18	9
饱和绝对差	饱和绝对差	本能动作类.ixx:88	按函数名执行对应处理。	3	3
首个结果能力特征类型	首个结果能力特征类型	方法主信息类.h:372	按函数名执行对应处理。	15	1	header_or_inline
首节点信息	首节点信息	方法主信息类.h:328	按函数名执行对应处理。	83	21	header_or_inline
首节点信息	首节点信息	方法主信息类.h:335	按函数名执行对应处理。	83	21	header_or_inline
默认仅局部有效	默认仅局部有效	自我线程模块.消息协议.ixx:462	按函数名执行对应处理。	3	3
默认刻度	默认刻度	度量模板注册表类.ixx:78	按函数名执行对应处理。	15	9
默认刻度	默认刻度	度量模板注册表类.ixx:204	按函数名执行对应处理。	15	9
默认刻度	默认刻度	度量模板注册表类.ixx:226	按函数名执行对应处理。	15	9
默认刻度	默认刻度	度量模板注册表类.ixx:272	按函数名执行对应处理。	15	9
默认刻度	默认刻度	度量模板注册表类.ixx:306	按函数名执行对应处理。	15	9
默认刻度	默认刻度	度量模板注册表类.ixx:342	按函数名执行对应处理。	15	9
默认刻度	默认刻度	度量模板注册表类.ixx:404	按函数名执行对应处理。	15	9
默认动作语义键	默认动作语义键	自我线程模块.消息协议.ixx:413	按函数名执行对应处理。	3	3
默认可抢占	默认可抢占	自我线程模块.消息协议.ixx:456	按函数名执行对应处理。	4	3
默认控制面板HTML路径	默认控制面板HTML路径	控制面板类.cpp:14985	按函数名执行对应处理。	3	1
默认消息优先级	默认消息优先级	自我线程模块.消息协议.ixx:432	按函数名执行对应处理。	4	3
